method,scope,repeat,fold,auc,bce,f1,balanced_accuracy,selected_encoder_epoch,selected_classifier_epoch,selected_dsls_epoch,selected_csda_epoch,selected_icdm_epoch,threshold_hc,dsls_singular1,dsls_singular2,dsls_singular3,dsls_shared_energy_fraction,dsls_asd_score_mean,dsls_asd_score_std,dsls_hc_score_mean,dsls_hc_score_std,dsls_std_floor,dsls_parameter_l2,dsls_mean_abs_delta,csda_num_sites,csda_cross_site_positive_pairs,csda_cross_site_same_y_cos,csda_same_site_same_y_cos,csda_opposite_y_cos,csda_site_retrieval_accuracy,csda_profile_std_floor,csda_projection_l2,csda_head_l2,csda_mean_abs_delta,icdm_mean_abs_roi_prompt,icdm_mean_abs_edge_log_gate,icdm_mean_edge_factor,icdm_std_edge_factor,icdm_factor_min,icdm_factor_max,icdm_fraction_gt1,icdm_mean_abs_fc_change,icdm_down_l2,icdm_up_l2,task_seconds,n_test,status
baseline,internal_fold,0,0,0.734549138804458,0.5941130806215061,0.5882352941176471,0.6111955420466059,31.0,24.0,nan,nan,nan,0.4486645460128784,nan,nan,nan,nan,nan,nan,nan,nan,nan,nan,nan,nan,nan,nan,nan,nan,nan,nan,nan,nan,nan,nan,nan,nan,nan,nan,nan,nan,nan,nan,nan,445.4786846637726,89,PASS
dsls,internal_fold,0,0,0.734549138804458,0.5941130835240487,0.5882352941176471,0.6111955420466059,31.0,24.0,0.0,nan,nan,0.4486645758152008,758.784423828125,643.7777709960938,623.591552734375,0.048504844307899475,0.32681673765182495,1.239944338798523,6.668700507361791e-07,0.999983549118042,0.019524775445461273,1.7249441146850586,0.0,nan,nan,nan,nan,nan,nan,nan,nan,nan,nan,nan,nan,nan,nan,nan,nan,nan,nan,nan,nan,445.4786846637726,89,PASS
csda,internal_fold,0,0,0.7350557244174265,0.5910089977077402,0.5641025641025641,0.6268996960486322,31.0,24.0,nan,102.0,nan,0.4037686884403229,nan,nan,nan,nan,nan,nan,nan,nan,nan,nan,nan,18.0,206596.0,0.059168554842472076,0.0687834769487381,-0.04728540778160095,0.3516320586204529,0.0013118281029164793,8.07473373413086,0.7062992453575134,0.19351239502429962,nan,nan,nan,nan,nan,nan,nan,nan,nan,nan,445.4786846637726,89,PASS
icdm,internal_fold,0,0,0.7350557244174266,0.5936890256471061,0.5882352941176471,0.6111955420466059,31.0,24.0,nan,nan,9.0,0.4484468400478363,nan,nan,nan,nan,nan,nan,nan,nan,nan,nan,nan,nan,nan,nan,nan,nan,nan,nan,nan,nan,nan,0.005434999242424965,0.0053638131357729435,1.00538170337677,0.006620526313781738,0.9662628173828125,1.0579348802566528,0.9852083921432495,0.0009910681983456016,5.670693397521973,0.7045197486877441,445.4786846637726,89,PASS
baseline,internal_fold,0,1,0.7391084093211753,0.6161327791642486,0.6444444444444444,0.6418439716312057,17.0,11.0,nan,nan,nan,0.4324162006378174,nan,nan,nan,nan,nan,nan,nan,nan,nan,nan,nan,nan,nan,nan,nan,nan,nan,nan,nan,nan,nan,nan,nan,nan,nan,nan,nan,nan,nan,nan,nan,763.2885224819183,89,PASS
dsls,internal_fold,0,1,0.7350557244174266,0.6191887511593319,0.6590909090909092,0.6656534954407295,17.0,11.0,95.0,nan,nan,0.4194194972515106,752.6788940429688,673.611083984375,592.2329711914062,0.04700338467955589,0.13642668724060059,1.4036812782287598,-5.014060633357076e-08,0.9999831914901733,0.020295214653015137,2.2722039222717285,0.20044982433319092,nan,nan,nan,nan,nan,nan,nan,nan,nan,nan,nan,nan,nan,nan,nan,nan,nan,nan,nan,nan,763.2885224819183,89,PASS
csda,internal_fold,0,1,0.7416413373860181,0.6125912567251486,0.6956521739130436,0.6856636271529888,17.0,11.0,nan,70.0,nan,0.449541300535202,nan,nan,nan,nan,nan,nan,nan,nan,nan,nan,nan,18.0,206354.0,0.040014442056417465,0.05451864376664162,-0.02578015811741352,0.24777448177337646,0.0014414343982934953,7.964777946472168,0.4283299744129181,0.10748757421970367,nan,nan,nan,nan,nan,nan,nan,nan,nan,nan,763.2885224819183,89,PASS
icdm,internal_fold,0,1,0.7411347517730497,0.6128889713642423,0.651685393258427,0.6537487335359675,17.0,11.0,nan,nan,149.0,0.428266316652298,nan,nan,nan,nan,nan,nan,nan,nan,nan,nan,nan,nan,nan,nan,nan,nan,nan,nan,nan,nan,nan,0.09236294031143188,0.08805976808071136,1.0914517641067505,0.027780283242464066,0.904837429523468,1.1051709651947021,0.985878586769104,0.01646394655108452,9.57083511352539,6.765853404998779,763.2885224819183,89,PASS
baseline,internal_fold,0,2,0.7701863354037267,0.5918909066778909,0.7450980392156864,0.6987577639751552,40.0,64.0,nan,nan,nan,0.5139911770820618,nan,nan,nan,nan,nan,nan,nan,nan,nan,nan,nan,nan,nan,nan,nan,nan,nan,nan,nan,nan,nan,nan,nan,nan,nan,nan,nan,nan,nan,nan,nan,320.0783762931824,88,PASS
dsls,internal_fold,0,2,0.7712215320910973,0.5972350665502991,0.7346938775510203,0.7008281573498965,40.0,64.0,33.0,nan,nan,0.4769997298717499,771.2427368164062,696.181884765625,581.2947998046875,0.046463094651699066,-0.5398047566413879,1.4082978963851929,4.873666625826445e-07,0.9999833703041077,0.018636341392993926,2.206857204437256,0.053031038492918015,nan,nan,nan,nan,nan,nan,nan,nan,nan,nan,nan,nan,nan,nan,nan,nan,nan,nan,nan,nan,320.0783762931824,88,PASS
csda,internal_fold,0,2,0.7701863354037267,0.5922988217851226,0.7378640776699029,0.6868530020703933,40.0,64.0,nan,16.0,nan,0.5263058543205261,nan,nan,nan,nan,nan,nan,nan,nan,nan,nan,nan,18.0,206532.0,0.008480711840093136,0.035199329257011414,0.0015613364521414042,0.1913946568965912,0.0013338455930352211,7.776587009429932,0.07920365780591965,0.01833353377878666,nan,nan,nan,nan,nan,nan,nan,nan,nan,nan,320.0783762931824,88,PASS
icdm,internal_fold,0,2,0.7701863354037267,0.591890904053781,0.7450980392156864,0.6987577639751552,40.0,64.0,nan,nan,0.0,0.5139911770820618,nan,nan,nan,nan,nan,nan,nan,nan,nan,nan,nan,nan,nan,nan,nan,nan,nan,nan,nan,nan,nan,0.0,0.0,1.0,0.0,1.0,1.0,0.0,0.0,5.520564079284668,0.0,320.0783762931824,88,PASS
baseline,internal_fold,0,3,0.753623188405797,0.5893095780548155,0.5507246376811594,0.6589026915113871,36.0,48.0,nan,nan,nan,0.34202542901039124,nan,nan,nan,nan,nan,nan,nan,nan,nan,nan,nan,nan,nan,nan,nan,nan,nan,nan,nan,nan,nan,nan,nan,nan,nan,nan,nan,nan,nan,nan,nan,935.5693798065186,88,PASS
dsls,internal_fold,0,3,0.7536231884057971,0.594181351719564,0.5373134328358209,0.6599378881987578,36.0,48.0,149.0,nan,nan,0.3119029104709625,797.6866455078125,669.0133666992188,573.747802734375,0.04691094532608986,-0.226920485496521,1.397346019744873,5.204594799579354e-07,0.9999834895133972,0.020038121938705446,2.4875972270965576,0.15139426290988922,nan,nan,nan,nan,nan,nan,nan,nan,nan,nan,nan,nan,nan,nan,nan,nan,nan,nan,nan,nan,935.5693798065186,88,PASS
csda,internal_fold,0,3,0.7510351966873706,0.5939431670378895,0.5915492957746479,0.6806418219461697,36.0,48.0,nan,102.0,nan,0.3356114327907562,nan,nan,nan,nan,nan,nan,nan,nan,nan,nan,nan,18.0,206808.0,0.05966156721115112,0.06949693709611893,-0.047524865716695786,0.33086052536964417,0.0013522572815418245,8.094597816467285,0.6820810437202454,0.17630533874034882,nan,nan,nan,nan,nan,nan,nan,nan,nan,nan,935.5693798065186,88,PASS
icdm,internal_fold,0,3,0.753623188405797,0.5905189797327458,0.5507246376811594,0.6589026915113871,36.0,48.0,nan,nan,149.0,0.32782337069511414,nan,nan,nan,nan,nan,nan,nan,nan,nan,nan,nan,nan,nan,nan,nan,nan,nan,nan,nan,nan,nan,0.09852968901395798,0.09819462150335312,1.103193998336792,0.007577740587294102,0.9048560857772827,1.1051709651947021,0.9998790621757507,0.017962215468287468,8.821024894714355,6.2472124099731445,935.5693798065186,88,PASS
baseline,internal_fold,0,4,0.634575569358178,0.6829235282253937,0.6538461538461539,0.5838509316770186,23.0,50.0,nan,nan,nan,0.5456370711326599,nan,nan,nan,nan,nan,nan,nan,nan,nan,nan,nan,nan,nan,nan,nan,nan,nan,nan,nan,nan,nan,nan,nan,nan,nan,nan,nan,nan,nan,nan,nan,479.2962646484375,88,PASS
dsls,internal_fold,0,4,0.634575569358178,0.6829235299930582,0.6538461538461539,0.5838509316770186,23.0,50.0,0.0,nan,nan,0.5456370711326599,730.1148681640625,651.4312744140625,489.94464111328125,0.04182404279708862,-0.029395123943686485,1.4759453535079956,-8.403565630032972e-07,0.999984622001648,0.01966879516839981,1.6614550352096558,0.0,nan,nan,nan,nan,nan,nan,nan,nan,nan,nan,nan,nan,nan,nan,nan,nan,nan,nan,nan,nan,479.2962646484375,88,PASS
csda,internal_fold,0,4,0.634575569358178,0.6829235299930582,0.6538461538461539,0.5838509316770186,23.0,50.0,nan,0.0,nan,0.5456370711326599,nan,nan,nan,nan,nan,nan,nan,nan,nan,nan,nan,18.0,206690.0,0.030400805175304413,0.08917582780122757,0.032460395246744156,0.18991097807884216,0.0013630121015012265,7.636967182159424,0.0,0.0,nan,nan,nan,nan,nan,nan,nan,nan,nan,nan,479.2962646484375,88,PASS
icdm,internal_fold,0,4,0.6340579710144928,0.6941687879875013,0.6538461538461539,0.5838509316770186,23.0,50.0,nan,nan,149.0,0.5504416227340698,nan,nan,nan,nan,nan,nan,nan,nan,nan,nan,nan,nan,nan,nan,nan,nan,nan,nan,nan,nan,nan,0.09873969852924347,0.09852640330791473,1.1035563945770264,0.006164202932268381,0.9048444032669067,1.1051709651947021,0.9999138116836548,0.017735878005623817,8.842402458190918,6.4471964836120605,479.2962646484375,88,PASS
baseline,internal_fold,0,5,0.7140633108458744,0.6247700021451998,0.6666666666666666,0.6743642968344576,42.0,44.0,nan,nan,nan,0.38616251945495605,nan,nan,nan,nan,nan,nan,nan,nan,nan,nan,nan,nan,nan,nan,nan,nan,nan,nan,nan,nan,nan,nan,nan,nan,nan,nan,nan,nan,nan,nan,nan,876.3393898010254,88,PASS
dsls,internal_fold,0,5,0.7130254281266217,0.6266198977985272,0.6521739130434782,0.63622210690192,42.0,44.0,149.0,nan,nan,0.42006269097328186,793.6499633789062,654.8175659179688,604.7117919921875,0.0489664152264595,0.4828982353210449,1.2870579957962036,-8.413593377554207e-07,0.9999828338623047,0.01918158829212189,2.2903568744659424,0.22507555782794952,nan,nan,nan,nan,nan,nan,nan,nan,nan,nan,nan,nan,nan,nan,nan,nan,nan,nan,nan,nan,876.3393898010254,88,PASS
csda,internal_fold,0,5,0.7145822522055008,0.6245240086709398,0.6666666666666666,0.6743642968344576,42.0,44.0,nan,9.0,nan,0.38622790575027466,nan,nan,nan,nan,nan,nan,nan,nan,nan,nan,nan,18.0,206578.0,0.00525914691388607,0.03856614604592323,0.003199163358658552,0.179525226354599,0.001315181888639927,7.756898403167725,0.048182591795921326,0.008479919284582138,nan,nan,nan,nan,nan,nan,nan,nan,nan,nan,876.3393898010254,88,PASS
icdm,internal_fold,0,5,0.7145822522055008,0.6283210726672842,0.6666666666666666,0.6743642968344576,42.0,44.0,nan,nan,147.0,0.3745965361595154,nan,nan,nan,nan,nan,nan,nan,nan,nan,nan,nan,nan,nan,nan,nan,nan,nan,nan,nan,nan,nan,0.09832244366407394,0.0980726107954979,1.1030616760253906,0.007313393522053957,0.9048506021499634,1.1051709651947021,0.9998785257339478,0.017150159925222397,8.853696823120117,6.416518211364746,876.3393898010254,88,PASS
baseline,internal_fold,0,6,0.7353399065905553,0.6044277518339268,0.6666666666666666,0.6606123508043591,34.0,26.0,nan,nan,nan,0.40790143609046936,nan,nan,nan,nan,nan,nan,nan,nan,nan,nan,nan,nan,nan,nan,nan,nan,nan,nan,nan,nan,nan,nan,nan,nan,nan,nan,nan,nan,nan,nan,nan,394.9088785648346,88,PASS
dsls,internal_fold,0,6,0.7353399065905553,0.604427748237499,0.6666666666666666,0.6606123508043591,34.0,26.0,0.0,nan,nan,0.40790143609046936,813.2258911132812,698.15869140625,614.0791015625,0.05069316178560257,0.5252833366394043,1.330324649810791,-6.054478376427141e-07,0.9999827742576599,0.01940242350101471,1.920084834098816,0.0,nan,nan,nan,nan,nan,nan,nan,nan,nan,nan,nan,nan,nan,nan,nan,nan,nan,nan,nan,nan,394.9088785648346,88,PASS
csda,internal_fold,0,6,0.7343020238713026,0.5997591855802734,0.6153846153846153,0.6699532952776336,34.0,26.0,nan,84.0,nan,0.3413473963737488,nan,nan,nan,nan,nan,nan,nan,nan,nan,nan,nan,17.0,206628.0,0.04558973014354706,0.06321316212415695,-0.0356045626103878,0.30563798546791077,0.0013863861560821534,8.045323371887207,0.5475035905838013,0.13105639815330505,nan,nan,nan,nan,nan,nan,nan,nan,nan,nan,394.9088785648346,88,PASS
icdm,internal_fold,0,6,0.7353399065905553,0.604427748237499,0.6666666666666666,0.6606123508043591,34.0,26.0,nan,nan,0.0,0.40790143609046936,nan,nan,nan,nan,nan,nan,nan,nan,nan,nan,nan,nan,nan,nan,nan,nan,nan,nan,nan,nan,nan,0.0,0.0,1.0,0.0,1.0,1.0,0.0,0.0,5.631853103637695,0.0,394.9088785648346,88,PASS
baseline,internal_fold,0,7,0.7254800207576544,0.6174539957666454,0.6981132075471698,0.6253243383497665,44.0,44.0,nan,nan,nan,0.6024791598320007,nan,nan,nan,nan,nan,nan,nan,nan,nan,nan,nan,nan,nan,nan,nan,nan,nan,nan,nan,nan,nan,nan,nan,nan,nan,nan,nan,nan,nan,nan,nan,271.47386503219604,88,PASS
dsls,internal_fold,0,7,0.7254800207576544,0.617453996640516,0.6981132075471698,0.6253243383497665,44.0,44.0,0.0,nan,nan,0.6024791598320007,794.147705078125,680.3322143554688,629.5960083007812,0.051242895424366,0.235273540019989,1.306644320487976,6.397941092473047e-07,0.9999833703041077,0.018999901413917542,2.1976778507232666,0.0,nan,nan,nan,nan,nan,nan,nan,nan,nan,nan,nan,nan,nan,nan,nan,nan,nan,nan,nan,nan,271.47386503219604,88,PASS
csda,internal_fold,0,7,0.7270368448365334,0.6182410430269318,0.6744186046511628,0.6865594187856772,44.0,44.0,nan,40.0,nan,0.4546501338481903,nan,nan,nan,nan,nan,nan,nan,nan,nan,nan,nan,18.0,207134.0,0.01732005923986435,0.03520023822784424,-0.008233661763370037,0.2181008905172348,0.0012578024528920651,7.928552150726318,0.22130239009857178,0.042002998292446136,nan,nan,nan,nan,nan,nan,nan,nan,nan,nan,271.47386503219604,88,PASS
icdm,internal_fold,0,7,0.7254800207576544,0.617453996640516,0.6981132075471698,0.6253243383497665,44.0,44.0,nan,nan,0.0,0.6024791598320007,nan,nan,nan,nan,nan,nan,nan,nan,nan,nan,nan,nan,nan,nan,nan,nan,nan,nan,nan,nan,nan,0.0,0.0,1.0,0.0,1.0,1.0,0.0,0.0,5.6158447265625,0.0,271.47386503219604,88,PASS
baseline,internal_fold,0,8,0.772184743124027,0.5792942082378414,0.7422680412371133,0.7122470160871821,47.0,35.0,nan,nan,nan,0.4799896478652954,nan,nan,nan,nan,nan,nan,nan,nan,nan,nan,nan,nan,nan,nan,nan,nan,nan,nan,nan,nan,nan,nan,nan,nan,nan,nan,nan,nan,nan,nan,nan,584.2171545028687,88,PASS
dsls,internal_fold,0,8,0.7773741567202906,0.5682550998677374,0.7529411764705882,0.7672548002075765,47.0,35.0,149.0,nan,nan,0.40540218353271484,762.0501098632812,657.2147827148438,522.2664794921875,0.04353059455752373,0.09587886929512024,1.3523014783859253,-8.533930895282538e-07,0.9999839067459106,0.020286138355731967,2.333747386932373,0.1918410062789917,nan,nan,nan,nan,nan,nan,nan,nan,nan,nan,nan,nan,nan,nan,nan,nan,nan,nan,nan,nan,584.2171545028687,88,PASS
csda,internal_fold,0,8,0.7612869745718733,0.5843902518982445,0.7326732673267328,0.686299948105864,47.0,35.0,nan,76.0,nan,0.5055144429206848,nan,nan,nan,nan,nan,nan,nan,nan,nan,nan,nan,18.0,206246.0,0.040945541113615036,0.05966025963425636,-0.029898324981331825,0.33086052536964417,0.001380770280957222,8.019558906555176,0.4693397879600525,0.10759986191987991,nan,nan,nan,nan,nan,nan,nan,nan,nan,nan,584.2171545028687,88,PASS
icdm,internal_fold,0,8,0.7716658017644007,0.5761515746082282,0.7422680412371133,0.7122470160871821,47.0,35.0,nan,nan,88.0,0.4779973030090332,nan,nan,nan,nan,nan,nan,nan,nan,nan,nan,nan,nan,nan,nan,nan,nan,nan,nan,nan,nan,nan,0.09572272002696991,0.09547153860330582,1.1002247333526611,0.010837814770638943,0.9048376083374023,1.1051709651947021,0.9998570084571838,0.01757695898413658,8.15510082244873,5.621574401855469,584.2171545028687,88,PASS
baseline,internal_fold,0,9,0.6616502335236119,0.6658834522000805,0.5977011494252874,0.6058640373637779,21.0,52.0,nan,nan,nan,0.43633076548576355,nan,nan,nan,nan,nan,nan,nan,nan,nan,nan,nan,nan,nan,nan,nan,nan,nan,nan,nan,nan,nan,nan,nan,nan,nan,nan,nan,nan,nan,nan,nan,186.11208081245422,88,PASS
dsls,internal_fold,0,9,0.6616502335236119,0.6658834499994174,0.5977011494252874,0.6058640373637779,21.0,52.0,0.0,nan,nan,0.43633076548576355,777.8400268554688,668.0712280273438,606.0104370117188,0.048159871250391006,0.2492532730102539,1.3066647052764893,6.26256166924577e-07,0.9999832510948181,0.019168102741241456,2.3129241466522217,0.0,nan,nan,nan,nan,nan,nan,nan,nan,nan,nan,nan,nan,nan,nan,nan,nan,nan,nan,nan,nan,186.11208081245422,88,PASS
csda,internal_fold,0,9,0.6616502335236119,0.6658834499994174,0.5977011494252874,0.6058640373637779,21.0,52.0,nan,0.0,nan,0.43633076548576355,nan,nan,nan,nan,nan,nan,nan,nan,nan,nan,nan,18.0,207066.0,0.021867385134100914,0.08340639621019363,0.021489271894097328,0.19436201453208923,0.0013254914432764054,7.724218368530273,0.0,0.0,nan,nan,nan,nan,nan,nan,nan,nan,nan,nan,186.11208081245422,88,PASS
icdm,internal_fold,0,9,0.6616502335236119,0.6658834499994174,0.5977011494252874,0.6058640373637779,21.0,52.0,nan,nan,0.0,0.43633076548576355,nan,nan,nan,nan,nan,nan,nan,nan,nan,nan,nan,nan,nan,nan,nan,nan,nan,nan,nan,nan,nan,0.0,0.0,1.0,0.0,1.0,1.0,0.0,0.0,5.504055500030518,0.0,186.11208081245422,88,PASS
baseline,internal_oof,0,all,0.7210753076546013,0.6165938580015988,0.6608505997818975,0.6473027011687005,33.5,39.8,nan,nan,nan,nan,nan,nan,nan,nan,nan,nan,nan,nan,nan,nan,nan,nan,nan,nan,nan,nan,nan,nan,nan,nan,nan,nan,nan,nan,nan,nan,nan,nan,nan,nan,nan,525.6762596607208,882,PASS
dsls,internal_oof,0,all,0.7224581409148372,0.6170046663013643,0.6585365853658537,0.6517220917932973,33.5,39.8,57.5,nan,nan,nan,775.1421264648437,669.260986328125,583.74755859375,0.04732992500066757,0.12557103130966424,1.3508208036422729,-2.4995096481461588e-08,0.9999834358692169,0.019520140290260314,2.1407848596572876,0.08217916898429393,nan,nan,nan,nan,nan,nan,nan,nan,nan,nan,nan,nan,nan,nan,nan,nan,nan,nan,nan,nan,525.6762596607208,882,PASS
csda,internal_oof,0,all,0.7214571347488455,0.6165229103716693,0.6583990980834271,0.6584169655065659,33.5,39.8,nan,49.9,nan,nan,nan,nan,nan,nan,nan,nan,nan,nan,nan,nan,nan,17.9,206663.2,0.03287079436704517,0.059722041711211205,-0.013561681401915849,0.25400593429803847,0.0013468009699136021,7.9022214889526365,0.31822422817349433,0.0784778019413352,nan,nan,nan,nan,nan,nan,nan,nan,nan,nan,525.6762596607208,882,PASS
icdm,internal_oof,0,all,0.7209979102706328,0.6175071371423851,0.6615720524017468,0.648507520445809,33.5,39.8,nan,nan,69.1,nan,nan,nan,nan,nan,nan,nan,nan,nan,nan,nan,nan,nan,nan,nan,nan,nan,nan,nan,nan,nan,nan,0.04891124907881021,0.048368875542655586,1.050687026977539,0.006629396136850119,0.9490488946437836,1.0583789706230164,0.5970615386962891,0.008788022713270038,7.218607091903687,3.2202874660491942,525.6762596607208,882,PASS
baseline,caltech,0,external,0.7485380116959064,0.5869685901253101,0.6060606060606061,0.652046783625731,1.0,37.0,nan,nan,nan,0.37137913703918457,nan,nan,nan,nan,nan,nan,nan,nan,nan,nan,nan,nan,nan,nan,nan,nan,nan,nan,nan,nan,nan,nan,nan,nan,nan,nan,nan,nan,nan,nan,nan,283.91574883461,37,PASS
dsls,caltech,0,external,0.7485380116959064,0.586968595794183,0.6060606060606061,0.652046783625731,1.0,37.0,0.0,nan,nan,0.37137913703918457,968.0253295898438,756.7232666015625,682.7659912109375,0.060000766068696976,0.27392521500587463,1.2622098922729492,-1.214464646182023e-06,0.9999745488166809,0.019288587570190432,2.4779303073883057,0.0,nan,nan,nan,nan,nan,nan,nan,nan,nan,nan,nan,nan,nan,nan,nan,nan,nan,nan,nan,nan,283.91574883461,37,PASS
csda,caltech,0,external,0.7456140350877194,0.5915872459705186,0.7111111111111111,0.6432748538011696,1.0,37.0,nan,98.0,nan,0.5757260322570801,nan,nan,nan,nan,nan,nan,nan,nan,nan,nan,nan,18.0,286408.0,0.03308193385601044,0.05309944972395897,-0.016922343522310257,0.2736443877220154,0.0013977906666696072,8.007067680358887,0.5737799406051636,0.12439721822738647,nan,nan,nan,nan,nan,nan,nan,nan,nan,nan,283.91574883461,37,PASS
icdm,caltech,0,external,0.7485380116959064,0.5838997352289752,0.6842105263157895,0.6754385964912281,1.0,37.0,nan,nan,113.0,0.46100619435310364,nan,nan,nan,nan,nan,nan,nan,nan,nan,nan,nan,nan,nan,nan,nan,nan,nan,nan,nan,nan,nan,0.09310609847307205,0.09059391170740128,1.0947059392929077,0.022273438051342964,0.904837429523468,1.1051709651947021,0.9948112964630127,0.01760069653391838,8.434457778930664,5.93029260635376,283.91574883461,37,PASS
baseline,abide2,0,external,0.7198326167076168,0.6129359034440222,0.5937031484257872,0.6463682432432433,1.0,37.0,nan,nan,nan,0.37137913703918457,nan,nan,nan,nan,nan,nan,nan,nan,nan,nan,nan,nan,nan,nan,nan,nan,nan,nan,nan,nan,nan,nan,nan,nan,nan,nan,nan,nan,nan,nan,nan,283.91574883461,727,PASS
dsls,abide2,0,external,0.7198326167076168,0.6129359051634008,0.5937031484257872,0.6463682432432433,1.0,37.0,0.0,nan,nan,0.37137913703918457,968.0253295898438,756.7232666015625,682.7659912109375,0.060000766068696976,0.27392521500587463,1.2622098922729492,-1.214464646182023e-06,0.9999745488166809,0.019288587570190432,2.4779303073883057,0.0,nan,nan,nan,nan,nan,nan,nan,nan,nan,nan,nan,nan,nan,nan,nan,nan,nan,nan,nan,nan,283.91574883461,727,PASS
csda,abide2,0,external,0.7242782555282556,0.6124536274153416,0.7315968289920725,0.6577433968058968,1.0,37.0,nan,98.0,nan,0.5757260322570801,nan,nan,nan,nan,nan,nan,nan,nan,nan,nan,nan,18.0,286408.0,0.03308193385601044,0.05309944972395897,-0.016922343522310257,0.2736443877220154,0.0013977906666696072,8.007067680358887,0.5737799406051636,0.12439721822738647,nan,nan,nan,nan,nan,nan,nan,nan,nan,nan,283.91574883461,727,PASS
icdm,abide2,0,external,0.7201704545454545,0.6149638776802925,0.6854942233632862,0.663947328009828,1.0,37.0,nan,nan,113.0,0.46100619435310364,nan,nan,nan,nan,nan,nan,nan,nan,nan,nan,nan,nan,nan,nan,nan,nan,nan,nan,nan,nan,nan,0.09310609847307205,0.09059391170740128,1.0947059392929077,0.022273438051342964,0.904837429523468,1.1051709651947021,0.9948112964630127,0.01760069653391838,8.434457778930664,5.93029260635376,283.91574883461,727,PASS
baseline,internal_fold,1,0,0.7684903748733537,0.585303295653662,0.6511627906976744,0.666919959473151,30.0,17.0,nan,nan,nan,0.45911455154418945,nan,nan,nan,nan,nan,nan,nan,nan,nan,nan,nan,nan,nan,nan,nan,nan,nan,nan,nan,nan,nan,nan,nan,nan,nan,nan,nan,nan,nan,nan,nan,726.810525894165,89,PASS
dsls,internal_fold,1,0,0.7684903748733537,0.5853032932911172,0.6511627906976744,0.666919959473151,30.0,17.0,0.0,nan,nan,0.45911452174186707,788.2230224609375,657.0958862304688,513.8223266601562,0.0445106141269207,-0.0016507059335708618,1.4261232614517212,7.982384317983815e-07,0.9999840259552002,0.019282111525535585,2.2389936447143555,0.0,nan,nan,nan,nan,nan,nan,nan,nan,nan,nan,nan,nan,nan,nan,nan,nan,nan,nan,nan,nan,726.810525894165,89,PASS
csda,internal_fold,1,0,0.7613981762917933,0.5814954857487347,0.6578947368421053,0.718338399189463,30.0,17.0,nan,93.0,nan,0.41415709257125854,nan,nan,nan,nan,nan,nan,nan,nan,nan,nan,nan,18.0,205982.0,0.04908173903822899,0.058360107243061066,-0.036853838711977005,0.3145400583744049,0.0013468223623931408,8.140158653259277,0.6483263373374939,0.1672692596912384,nan,nan,nan,nan,nan,nan,nan,nan,nan,nan,726.810525894165,89,PASS
icdm,internal_fold,1,0,0.7664640324214793,0.5809407801220525,0.6436781609195402,0.6550151975683891,30.0,17.0,nan,nan,149.0,0.4546494483947754,nan,nan,nan,nan,nan,nan,nan,nan,nan,nan,nan,nan,nan,nan,nan,nan,nan,nan,nan,nan,nan,0.09457878768444061,0.09208595752716064,1.0960854291915894,0.02297167107462883,0.904837429523468,1.1051709651947021,0.99065762758255,0.016159145161509514,9.405769348144531,6.849311351776123,726.810525894165,89,PASS
baseline,internal_fold,1,1,0.8252279635258359,0.5548592652019648,0.6111111111111112,0.6983282674772037,49.0,22.0,nan,nan,nan,0.3672303557395935,nan,nan,nan,nan,nan,nan,nan,nan,nan,nan,nan,nan,nan,nan,nan,nan,nan,nan,nan,nan,nan,nan,nan,nan,nan,nan,nan,nan,nan,nan,nan,263.53466176986694,89,PASS
dsls,internal_fold,1,1,0.8247213779128674,0.5542626350144154,0.6027397260273972,0.6864235055724417,49.0,22.0,5.0,nan,nan,0.36707794666290283,756.880615234375,664.1300048828125,529.4667358398438,0.04353020712733269,-0.1380157619714737,1.3559356927871704,2.4869740400390583e-07,0.9999837279319763,0.019444051384925845,2.2761857509613037,0.008551896549761295,nan,nan,nan,nan,nan,nan,nan,nan,nan,nan,nan,nan,nan,nan,nan,nan,nan,nan,nan,nan,263.53466176986694,89,PASS
csda,internal_fold,1,1,0.8252279635258359,0.5548592661635517,0.6111111111111112,0.6983282674772037,49.0,22.0,nan,0.0,nan,0.3672303557395935,nan,nan,nan,nan,nan,nan,nan,nan,nan,nan,nan,17.0,206888.0,0.027934979647397995,0.09021072834730148,0.03078290820121765,0.17062313854694366,0.0014244414865970613,7.700355052947998,0.0,0.0,nan,nan,nan,nan,nan,nan,nan,nan,nan,nan,263.53466176986694,89,PASS
icdm,internal_fold,1,1,0.8252279635258359,0.5548592661635517,0.6111111111111112,0.6983282674772037,49.0,22.0,nan,nan,0.0,0.3672303557395935,nan,nan,nan,nan,nan,nan,nan,nan,nan,nan,nan,nan,nan,nan,nan,nan,nan,nan,nan,nan,nan,0.0,0.0,1.0,0.0,1.0,1.0,0.0,0.0,5.550296783447266,0.0,263.53466176986694,89,PASS
baseline,internal_fold,1,2,0.7650103519668737,0.583008450505396,0.6966292134831461,0.6940993788819876,10.0,89.0,nan,nan,nan,0.46575647592544556,nan,nan,nan,nan,nan,nan,nan,nan,nan,nan,nan,nan,nan,nan,nan,nan,nan,nan,nan,nan,nan,nan,nan,nan,nan,nan,nan,nan,nan,nan,nan,382.1737518310547,88,PASS
dsls,internal_fold,1,2,0.7691511387163561,0.580277915851511,0.5945945945945946,0.6677018633540373,10.0,89.0,35.0,nan,nan,0.31506380438804626,763.0804443359375,685.736572265625,612.3985595703125,0.0504017248749733,0.2623156011104584,1.2355750799179077,-9.225871622220438e-08,0.9999826550483704,0.0187419593334198,2.042572021484375,0.06492558121681213,nan,nan,nan,nan,nan,nan,nan,nan,nan,nan,nan,nan,nan,nan,nan,nan,nan,nan,nan,nan,382.1737518310547,88,PASS
csda,internal_fold,1,2,0.7675983436853002,0.5799176403227725,0.7157894736842104,0.6909937888198758,10.0,89.0,nan,71.0,nan,0.511870265007019,nan,nan,nan,nan,nan,nan,nan,nan,nan,nan,nan,18.0,206918.0,0.03134017437696457,0.05091257020831108,-0.01735827326774597,0.25370919704437256,0.0012681908905506135,7.977065086364746,0.4218362867832184,0.08978010714054108,nan,nan,nan,nan,nan,nan,nan,nan,nan,nan,382.1737518310547,88,PASS
icdm,internal_fold,1,2,0.7650103519668737,0.5830084490669478,0.6966292134831461,0.6940993788819876,10.0,89.0,nan,nan,0.0,0.46575650572776794,nan,nan,nan,nan,nan,nan,nan,nan,nan,nan,nan,nan,nan,nan,nan,nan,nan,nan,nan,nan,nan,0.0,0.0,1.0,0.0,1.0,1.0,0.0,0.0,5.562704563140869,0.0,382.1737518310547,88,PASS
baseline,internal_fold,1,3,0.7142857142857142,0.6184014984252468,0.7102803738317758,0.6392339544513458,48.0,36.0,nan,nan,nan,0.51128089427948,nan,nan,nan,nan,nan,nan,nan,nan,nan,nan,nan,nan,nan,nan,nan,nan,nan,nan,nan,nan,nan,nan,nan,nan,nan,nan,nan,nan,nan,nan,nan,256.3245358467102,88,PASS
dsls,internal_fold,1,3,0.7142857142857142,0.618401500235542,0.7102803738317758,0.6392339544513458,48.0,36.0,0.0,nan,nan,0.51128089427948,789.7388305664062,676.2197875976562,620.9747314453125,0.05083681643009186,0.3398464620113373,1.3020399808883667,5.234679179011437e-07,0.9999833703041077,0.01917625218629837,2.135047197341919,0.0,nan,nan,nan,nan,nan,nan,nan,nan,nan,nan,nan,nan,nan,nan,nan,nan,nan,nan,nan,nan,256.3245358467102,88,PASS
csda,internal_fold,1,3,0.7142857142857142,0.618401500235542,0.7102803738317758,0.6392339544513458,48.0,36.0,nan,0.0,nan,0.51128089427948,nan,nan,nan,nan,nan,nan,nan,nan,nan,nan,nan,18.0,207042.0,0.0271347276866436,0.0791441947221756,0.029413199052214622,0.17804154753684998,0.0013156223110854627,7.710864543914795,0.0,0.0,nan,nan,nan,nan,nan,nan,nan,nan,nan,nan,256.3245358467102,88,PASS
icdm,internal_fold,1,3,0.7142857142857142,0.618401500235542,0.7102803738317758,0.6392339544513458,48.0,36.0,nan,nan,0.0,0.51128089427948,nan,nan,nan,nan,nan,nan,nan,nan,nan,nan,nan,nan,nan,nan,nan,nan,nan,nan,nan,nan,nan,0.0,0.0,1.0,0.0,1.0,1.0,0.0,0.0,5.550759792327881,0.0,256.3245358467102,88,PASS
baseline,internal_fold,1,4,0.6433747412008282,0.6821578458375939,0.6607142857142857,0.556935817805383,42.0,31.0,nan,nan,nan,0.6304325461387634,nan,nan,nan,nan,nan,nan,nan,nan,nan,nan,nan,nan,nan,nan,nan,nan,nan,nan,nan,nan,nan,nan,nan,nan,nan,nan,nan,nan,nan,nan,nan,256.3460648059845,88,PASS
dsls,internal_fold,1,4,0.6433747412008282,0.6821578471687495,0.6607142857142857,0.556935817805383,42.0,31.0,0.0,nan,nan,0.6304325461387634,780.4117431640625,711.4029541015625,615.1339721679688,0.050992704927921295,0.16184069216251373,1.2771748304367065,7.190162705228431e-07,0.9999833106994629,0.019144849479198457,2.2499067783355713,0.0,nan,nan,nan,nan,nan,nan,nan,nan,nan,nan,nan,nan,nan,nan,nan,nan,nan,nan,nan,nan,256.3460648059845,88,PASS
csda,internal_fold,1,4,0.6423395445134575,0.6819681505914217,0.6607142857142857,0.556935817805383,42.0,31.0,nan,8.0,nan,0.6303686499595642,nan,nan,nan,nan,nan,nan,nan,nan,nan,nan,nan,18.0,206172.0,0.0086892144754529,0.046589985489845276,0.0045625255443155766,0.17804154753684998,0.0014585756696760656,7.7106757164001465,0.04263773560523987,0.0071310317143797874,nan,nan,nan,nan,nan,nan,nan,nan,nan,nan,256.3460648059845,88,PASS
icdm,internal_fold,1,4,0.6433747412008282,0.6821578471687495,0.6607142857142857,0.556935817805383,42.0,31.0,nan,nan,0.0,0.6304325461387634,nan,nan,nan,nan,nan,nan,nan,nan,nan,nan,nan,nan,nan,nan,nan,nan,nan,nan,nan,nan,nan,0.0,0.0,1.0,0.0,1.0,1.0,0.0,0.0,5.511848449707031,0.0,256.3460648059845,88,PASS
baseline,internal_fold,1,5,0.7036844836533471,0.6281127368157047,0.6938775510204082,0.6543850544888428,43.0,48.0,nan,nan,nan,0.4937298595905304,nan,nan,nan,nan,nan,nan,nan,nan,nan,nan,nan,nan,nan,nan,nan,nan,nan,nan,nan,nan,nan,nan,nan,nan,nan,nan,nan,nan,nan,nan,nan,449.89379239082336,88,PASS
dsls,internal_fold,1,5,0.706279190451479,0.6365907492521145,0.651685393258427,0.6499740529320187,43.0,48.0,101.0,nan,nan,0.4446193277835846,737.4307250976562,678.6556396484375,520.7977905273438,0.04375380277633667,-0.22875620424747467,1.3664394617080688,-4.412373399986791e-08,0.9999839663505554,0.01919054239988327,2.1159706115722656,0.1314053237438202,nan,nan,nan,nan,nan,nan,nan,nan,nan,nan,nan,nan,nan,nan,nan,nan,nan,nan,nan,nan,449.89379239082336,88,PASS
csda,internal_fold,1,5,0.7036844836533471,0.6281127475175692,0.6938775510204082,0.6543850544888428,43.0,48.0,nan,0.0,nan,0.4937298893928528,nan,nan,nan,nan,nan,nan,nan,nan,nan,nan,nan,18.0,207102.0,0.030312957242131233,0.08522610366344452,0.03126096352934837,0.1721068173646927,0.0013545753434300424,7.69626522064209,0.0,0.0,nan,nan,nan,nan,nan,nan,nan,nan,nan,nan,449.89379239082336,88,PASS
icdm,internal_fold,1,5,0.7036844836533471,0.6281127475175692,0.6938775510204082,0.6543850544888428,43.0,48.0,nan,nan,0.0,0.4937298893928528,nan,nan,nan,nan,nan,nan,nan,nan,nan,nan,nan,nan,nan,nan,nan,nan,nan,nan,nan,nan,nan,0.0,0.0,1.0,0.0,1.0,1.0,0.0,0.0,5.515393257141113,0.0,449.89379239082336,88,PASS
baseline,internal_fold,1,6,0.6927867151011936,0.6213812255140024,0.7238095238095238,0.660352880124546,46.0,51.0,nan,nan,nan,0.5562014579772949,nan,nan,nan,nan,nan,nan,nan,nan,nan,nan,nan,nan,nan,nan,nan,nan,nan,nan,nan,nan,nan,nan,nan,nan,nan,nan,nan,nan,nan,nan,nan,242.2677538394928,88,PASS
dsls,internal_fold,1,6,0.6927867151011936,0.6213812242571906,0.7238095238095238,0.660352880124546,46.0,51.0,0.0,nan,nan,0.5562014579772949,792.6954956054688,693.1056518554688,603.6016845703125,0.05000179260969162,-0.21935856342315674,1.3311065435409546,6.42802547190513e-07,0.9999837279319763,0.019742618501186374,2.069258689880371,0.0,nan,nan,nan,nan,nan,nan,nan,nan,nan,nan,nan,nan,nan,nan,nan,nan,nan,nan,nan,nan,242.2677538394928,88,PASS
csda,internal_fold,1,6,0.69330565646082,0.6212500187652681,0.7238095238095238,0.660352880124546,46.0,51.0,nan,6.0,nan,0.5580527782440186,nan,nan,nan,nan,nan,nan,nan,nan,nan,nan,nan,18.0,206508.0,0.003981729969382286,0.0394456684589386,0.002363978885114193,0.1913946568965912,0.0013096383772790432,7.643400192260742,0.034218981862068176,0.007008853834122419,nan,nan,nan,nan,nan,nan,nan,nan,nan,nan,242.2677538394928,88,PASS
icdm,internal_fold,1,6,0.6922677737415672,0.6226506758883459,0.7238095238095238,0.660352880124546,46.0,51.0,nan,nan,13.0,0.5564815998077393,nan,nan,nan,nan,nan,nan,nan,nan,nan,nan,nan,nan,nan,nan,nan,nan,nan,nan,nan,nan,nan,0.010328054428100586,0.010307809337973595,1.0103724002838135,0.013516020029783249,0.9772790670394897,1.0955835580825806,0.9492790699005127,0.0019551634322851896,5.807643413543701,1.029068112373352,242.2677538394928,88,PASS
baseline,internal_fold,1,7,0.6772184743124027,0.6419932821838743,0.380952380952381,0.5788790866632071,13.0,8.0,nan,nan,nan,0.3691495656967163,nan,nan,nan,nan,nan,nan,nan,nan,nan,nan,nan,nan,nan,nan,nan,nan,nan,nan,nan,nan,nan,nan,nan,nan,nan,nan,nan,nan,nan,nan,nan,287.31751251220703,88,PASS
dsls,internal_fold,1,7,0.6772184743124027,0.6419932780599392,0.380952380952381,0.5788790866632071,13.0,8.0,0.0,nan,nan,0.3691495656967163,749.6221313476562,663.653564453125,557.7529296875,0.04601992294192314,0.3514062166213989,1.3699359893798828,-8.584071906625468e-07,0.999983549118042,0.02102102637290955,1.9442873001098633,0.0,nan,nan,nan,nan,nan,nan,nan,nan,nan,nan,nan,nan,nan,nan,nan,nan,nan,nan,nan,nan,287.31751251220703,88,PASS
csda,internal_fold,1,7,0.6813700051894137,0.6393804227135104,0.40624999999999994,0.5895173845355475,13.0,8.0,nan,48.0,nan,0.366864413022995,nan,nan,nan,nan,nan,nan,nan,nan,nan,nan,nan,18.0,206808.0,0.029719438403844833,0.051984965801239014,-0.01321997307240963,0.24183976650238037,0.0015105701051652432,7.949237823486328,0.2729766070842743,0.06496965140104294,nan,nan,nan,nan,nan,nan,nan,nan,nan,nan,287.31751251220703,88,PASS
icdm,internal_fold,1,7,0.6772184743124027,0.6417646547815508,0.380952380952381,0.5788790866632071,13.0,8.0,nan,nan,12.0,0.3632378876209259,nan,nan,nan,nan,nan,nan,nan,nan,nan,nan,nan,nan,nan,nan,nan,nan,nan,nan,nan,nan,nan,0.007140660658478737,0.006500347517430782,1.0062774419784546,0.012519851326942444,0.9292661547660828,1.096301794052124,0.8612582087516785,0.0013437049929052591,5.762702941894531,0.9241970181465149,287.31751251220703,88,PASS
baseline,internal_fold,1,8,0.7208095485210171,0.6170711733086834,0.7254901960784313,0.6741048261546445,47.0,50.0,nan,nan,nan,0.4982900023460388,nan,nan,nan,nan,nan,nan,nan,nan,nan,nan,nan,nan,nan,nan,nan,nan,nan,nan,nan,nan,nan,nan,nan,nan,nan,nan,nan,nan,nan,nan,nan,550.0031054019928,88,PASS
dsls,internal_fold,1,8,0.7073170731707317,0.6352782577058798,0.6666666666666667,0.6468604047742605,47.0,50.0,149.0,nan,nan,0.46656253933906555,771.2683715820312,688.6112670898438,587.7642211914062,0.04789618030190468,-0.11595617979764938,1.3668779134750366,-6.337772333608882e-07,0.9999839067459106,0.01949317753314972,2.4178457260131836,0.20799069106578827,nan,nan,nan,nan,nan,nan,nan,nan,nan,nan,nan,nan,nan,nan,nan,nan,nan,nan,nan,nan,550.0031054019928,88,PASS
csda,internal_fold,1,8,0.7187337830825117,0.6170039726004439,0.737864077669903,0.684743124026985,47.0,50.0,nan,7.0,nan,0.5003401041030884,nan,nan,nan,nan,nan,nan,nan,nan,nan,nan,nan,18.0,206562.0,0.006785259582102299,0.038140151649713516,0.007369427476078272,0.21513353288173676,0.001392427459359169,7.707427024841309,0.03847567364573479,0.007896327413618565,nan,nan,nan,nan,nan,nan,nan,nan,nan,nan,550.0031054019928,88,PASS
icdm,internal_fold,1,8,0.7208095485210171,0.6170711749995506,0.7254901960784313,0.6741048261546445,47.0,50.0,nan,nan,0.0,0.49828997254371643,nan,nan,nan,nan,nan,nan,nan,nan,nan,nan,nan,nan,nan,nan,nan,nan,nan,nan,nan,nan,nan,0.0,0.0,1.0,0.0,1.0,1.0,0.0,0.0,5.521960258483887,0.0,550.0031054019928,88,PASS
baseline,internal_fold,1,9,0.7913855734302024,0.5717314419028561,0.7422680412371133,0.7122470160871821,34.0,17.0,nan,nan,nan,0.5149380564689636,nan,nan,nan,nan,nan,nan,nan,nan,nan,nan,nan,nan,nan,nan,nan,nan,nan,nan,nan,nan,nan,nan,nan,nan,nan,nan,nan,nan,nan,nan,nan,498.62537240982056,88,PASS
dsls,internal_fold,1,9,0.7913855734302024,0.5717314473153396,0.7422680412371133,0.7122470160871821,34.0,17.0,0.0,nan,nan,0.5149380564689636,815.2572631835938,692.7509765625,616.8180541992188,0.05135653167963028,-0.49585428833961487,1.3380337953567505,3.49981434055735e-07,0.999983012676239,0.019208344817161563,2.1414449214935303,0.0,nan,nan,nan,nan,nan,nan,nan,nan,nan,nan,nan,nan,nan,nan,nan,nan,nan,nan,nan,nan,498.62537240982056,88,PASS
csda,internal_fold,1,9,0.8064348728593668,0.5565650398540215,0.7294117647058823,0.7444213803840165,34.0,17.0,nan,123.0,nan,0.4417547285556793,nan,nan,nan,nan,nan,nan,nan,nan,nan,nan,nan,18.0,206950.0,0.08346918225288391,0.09551003575325012,-0.07465121150016785,0.36201781034469604,0.0013396490365266802,8.1861572265625,0.8846058249473572,0.27729666233062744,nan,nan,nan,nan,nan,nan,nan,nan,nan,nan,498.62537240982056,88,PASS
icdm,internal_fold,1,9,0.7913855734302024,0.5717314473153396,0.7422680412371133,0.7122470160871821,34.0,17.0,nan,nan,0.0,0.5149380564689636,nan,nan,nan,nan,nan,nan,nan,nan,nan,nan,nan,nan,nan,nan,nan,nan,nan,nan,nan,nan,nan,0.0,0.0,1.0,0.0,1.0,1.0,0.0,0.0,5.538541316986084,0.0,498.62537240982056,88,PASS
baseline,internal_oof,1,all,0.7250999716209593,0.610310591282955,0.6723952738990332,0.6531900621758984,36.2,36.9,nan,nan,nan,nan,nan,nan,nan,nan,nan,nan,nan,nan,nan,nan,nan,nan,nan,nan,nan,nan,nan,nan,nan,nan,nan,nan,nan,nan,nan,nan,nan,nan,nan,nan,nan,391.3297076702118,882,PASS
dsls,internal_oof,1,all,0.7242640798741002,0.6126404115256959,0.6518353726362625,0.6462346172699363,36.2,36.9,29.0,nan,nan,nan,774.4608642578125,681.13623046875,577.8531005859375,0.047930029779672624,-0.00841827318072319,1.3369242548942566,1.6536371312270147e-07,0.9999835252761841,0.019444493353366853,2.163151264190674,0.04128734925761819,nan,nan,nan,nan,nan,nan,nan,nan,nan,nan,nan,nan,nan,nan,nan,nan,nan,nan,nan,nan,391.3297076702118,882,PASS
csda,internal_oof,1,all,0.7281803875029024,0.6078053608492539,0.6761177753544166,0.6632310827894017,36.2,36.9,nan,35.6,nan,nan,nan,nan,nan,nan,nan,nan,nan,nan,nan,nan,nan,17.9,206693.2,0.029844940267503263,0.06355245113372802,-0.0036330293864011765,0.22774480730295182,0.0013720513042062524,7.842160654067993,0.23430774472653865,0.06213518935255706,nan,nan,nan,nan,nan,nan,nan,nan,nan,nan,391.3297076702118,882,PASS
icdm,internal_oof,1,all,0.7251360904001445,0.6099742311259582,0.6716738197424892,0.65198524289879,36.2,36.9,nan,nan,17.4,nan,nan,nan,nan,nan,nan,nan,nan,nan,nan,nan,nan,nan,nan,nan,nan,nan,nan,nan,nan,nan,nan,0.011204750277101994,0.010889411438256502,1.0112735271453857,0.004900754243135452,0.981138265132904,1.0297056317329407,0.28011949062347413,0.0019458013586699963,5.97276201248169,0.880257648229599,391.3297076702118,882,PASS
baseline,caltech,1,external,0.5847953216374269,0.6767779012946911,0.5,0.5146198830409356,29.0,22.0,nan,nan,nan,0.5055777430534363,nan,nan,nan,nan,nan,nan,nan,nan,nan,nan,nan,nan,nan,nan,nan,nan,nan,nan,nan,nan,nan,nan,nan,nan,nan,nan,nan,nan,nan,nan,nan,360.6504361629486,37,PASS
dsls,caltech,1,external,0.5964912280701754,0.6716589508198266,0.45714285714285713,0.48830409356725146,29.0,22.0,17.0,nan,nan,0.49036067724227905,898.367919921875,774.2935791015625,674.2705688476562,0.05255931243300438,0.14974497258663177,1.313156008720398,5.437392474050284e-07,0.9999764561653137,0.018922609090805054,2.431516170501709,0.020766764879226685,nan,nan,nan,nan,nan,nan,nan,nan,nan,nan,nan,nan,nan,nan,nan,nan,nan,nan,nan,nan,360.6504361629486,37,PASS
csda,caltech,1,external,0.5760233918128655,0.6812073994527739,0.45714285714285713,0.48830409356725146,29.0,22.0,nan,38.0,nan,0.49965083599090576,nan,nan,nan,nan,nan,nan,nan,nan,nan,nan,nan,18.0,285968.0,0.011937785893678665,0.032776959240436554,-0.00489285821095109,0.22572509944438934,0.0012870589271187782,7.837793827056885,0.20867498219013214,0.039148151874542236,nan,nan,nan,nan,nan,nan,nan,nan,nan,nan,360.6504361629486,37,PASS
icdm,caltech,1,external,0.5847953216374269,0.6782779110796403,0.5,0.5146198830409356,29.0,22.0,nan,nan,12.0,0.5057470202445984,nan,nan,nan,nan,nan,nan,nan,nan,nan,nan,nan,nan,nan,nan,nan,nan,nan,nan,nan,nan,nan,0.008945761248469353,0.008876945823431015,1.0089082717895508,0.01309584453701973,0.9586755633354187,1.0912706851959229,0.952860414981842,0.001664923969656229,5.726222991943359,0.9392382502555847,360.6504361629486,37,PASS
baseline,abide2,1,external,0.7402948402948403,0.6046236708163206,0.7431952662721892,0.6919993857493858,29.0,22.0,nan,nan,nan,0.5055777430534363,nan,nan,nan,nan,nan,nan,nan,nan,nan,nan,nan,nan,nan,nan,nan,nan,nan,nan,nan,nan,nan,nan,nan,nan,nan,nan,nan,nan,nan,nan,nan,360.6504361629486,727,PASS
dsls,abide2,1,external,0.739987714987715,0.6047253844336278,0.7365853658536585,0.697569871007371,29.0,22.0,17.0,nan,nan,0.49036067724227905,898.367919921875,774.2935791015625,674.2705688476562,0.05255931243300438,0.14974497258663177,1.313156008720398,5.437392474050284e-07,0.9999764561653137,0.018922609090805054,2.431516170501709,0.020766764879226685,nan,nan,nan,nan,nan,nan,nan,nan,nan,nan,nan,nan,nan,nan,nan,nan,nan,nan,nan,nan,360.6504361629486,727,PASS
csda,abide2,1,external,0.7382754914004914,0.6054095237786908,0.7367149758454106,0.6934428746928747,29.0,22.0,nan,38.0,nan,0.49965083599090576,nan,nan,nan,nan,nan,nan,nan,nan,nan,nan,nan,18.0,285968.0,0.011937785893678665,0.032776959240436554,-0.00489285821095109,0.22572509944438934,0.0012870589271187782,7.837793827056885,0.20867498219013214,0.039148151874542236,nan,nan,nan,nan,nan,nan,nan,nan,nan,nan,360.6504361629486,727,PASS
icdm,abide2,1,external,0.7403101965601965,0.6044199061454792,0.7431952662721892,0.6919993857493858,29.0,22.0,nan,nan,12.0,0.5057470202445984,nan,nan,nan,nan,nan,nan,nan,nan,nan,nan,nan,nan,nan,nan,nan,nan,nan,nan,nan,nan,nan,0.008945761248469353,0.008876945823431015,1.0089082717895508,0.01309584453701973,0.9586755633354187,1.0912706851959229,0.952860414981842,0.001664923969656229,5.726222991943359,0.9392382502555847,360.6504361629486,727,PASS
baseline,internal_fold,2,0,0.7304964539007093,0.6016399174638206,0.68,0.6355116514690984,33.0,34.0,nan,nan,nan,0.5149522423744202,nan,nan,nan,nan,nan,nan,nan,nan,nan,nan,nan,nan,nan,nan,nan,nan,nan,nan,nan,nan,nan,nan,nan,nan,nan,nan,nan,nan,nan,nan,nan,689.0558967590332,89,PASS
dsls,internal_fold,2,0,0.7304964539007093,0.6016399136454695,0.68,0.6355116514690984,33.0,34.0,0.0,nan,nan,0.5149522423744202,796.101318359375,688.401611328125,605.9827880859375,0.05024285614490509,0.31541216373443604,1.3158864974975586,6.906868179612502e-07,0.9999831914901733,0.018897472321987154,2.4762821197509766,0.0,nan,nan,nan,nan,nan,nan,nan,nan,nan,nan,nan,nan,nan,nan,nan,nan,nan,nan,nan,nan,689.0558967590332,89,PASS
csda,internal_fold,2,0,0.745694022289767,0.5896228980170203,0.7289719626168223,0.6648936170212766,33.0,34.0,nan,149.0,nan,0.5876573920249939,nan,nan,nan,nan,nan,nan,nan,nan,nan,nan,nan,18.0,206706.0,0.09424391388893127,0.10457698255777359,-0.08249115198850632,0.39317506551742554,0.0013077925890684129,8.194502830505371,1.061658501625061,0.33679962158203125,nan,nan,nan,nan,nan,nan,nan,nan,nan,nan,689.0558967590332,89,PASS
icdm,internal_fold,2,0,0.7304964539007093,0.6016399136454695,0.68,0.6355116514690984,33.0,34.0,nan,nan,0.0,0.5149522423744202,nan,nan,nan,nan,nan,nan,nan,nan,nan,nan,nan,nan,nan,nan,nan,nan,nan,nan,nan,nan,nan,0.0,0.0,1.0,0.0,1.0,1.0,0.0,0.0,5.5385823249816895,0.0,689.0558967590332,89,PASS
baseline,internal_fold,2,1,0.8145896656534954,0.5386510521832074,0.7252747252747254,0.7201114488348531,21.0,53.0,nan,nan,nan,0.4311443567276001,nan,nan,nan,nan,nan,nan,nan,nan,nan,nan,nan,nan,nan,nan,nan,nan,nan,nan,nan,nan,nan,nan,nan,nan,nan,nan,nan,nan,nan,nan,nan,454.71521043777466,89,PASS
dsls,internal_fold,2,1,0.8135764944275583,0.5359950428563126,0.7333333333333334,0.732016210739615,21.0,53.0,149.0,nan,nan,0.4389101564884186,794.8306274414062,686.3576049804688,620.7323608398438,0.049935802817344666,0.14415070414543152,1.3486871719360352,-4.828540340895415e-07,0.9999830722808838,0.019239993393421174,2.3060355186462402,0.14623399078845978,nan,nan,nan,nan,nan,nan,nan,nan,nan,nan,nan,nan,nan,nan,nan,nan,nan,nan,nan,nan,454.71521043777466,89,PASS
csda,internal_fold,2,1,0.8145896656534954,0.5386510445614859,0.7252747252747254,0.7201114488348531,21.0,53.0,nan,0.0,nan,0.4311443269252777,nan,nan,nan,nan,nan,nan,nan,nan,nan,nan,nan,18.0,206936.0,0.01981264352798462,0.06501226127147675,0.023785486817359924,0.18397626280784607,0.0013099545612931252,7.626429080963135,0.0,0.0,nan,nan,nan,nan,nan,nan,nan,nan,nan,nan,454.71521043777466,89,PASS
icdm,internal_fold,2,1,0.8125633232016211,0.5345392539367078,0.7252747252747254,0.7201114488348531,21.0,53.0,nan,nan,110.0,0.42411088943481445,nan,nan,nan,nan,nan,nan,nan,nan,nan,nan,nan,nan,nan,nan,nan,nan,nan,nan,nan,nan,nan,0.09767250716686249,0.09759163856506348,1.1025320291519165,0.006517450325191021,0.9050584435462952,1.1051709651947021,0.999988853931427,0.01733132265508175,8.343850135803223,5.95731258392334,454.71521043777466,89,PASS
baseline,internal_fold,2,2,0.6992753623188407,0.6530421604924295,0.6603773584905662,0.5828157349896481,36.0,34.0,nan,nan,nan,0.5168123841285706,nan,nan,nan,nan,nan,nan,nan,nan,nan,nan,nan,nan,nan,nan,nan,nan,nan,nan,nan,nan,nan,nan,nan,nan,nan,nan,nan,nan,nan,nan,nan,231.4714982509613,88,PASS
dsls,internal_fold,2,2,0.6992753623188407,0.6530421582555124,0.6603773584905662,0.5828157349896481,36.0,34.0,0.0,nan,nan,0.5168123841285706,731.64990234375,632.2071533203125,572.9242553710938,0.043978482484817505,0.3129088878631592,1.4423600435256958,1.0128402294640182e-07,0.9999840259552002,0.021792867779731752,2.3352057933807373,0.0,nan,nan,nan,nan,nan,nan,nan,nan,nan,nan,nan,nan,nan,nan,nan,nan,nan,nan,nan,nan,231.4714982509613,88,PASS
csda,internal_fold,2,2,0.6992753623188407,0.6530421582555124,0.6603773584905662,0.5828157349896481,36.0,34.0,nan,0.0,nan,0.5168123841285706,nan,nan,nan,nan,nan,nan,nan,nan,nan,nan,nan,18.0,207086.0,0.035167496651411057,0.08759214729070663,0.036176491528749466,0.17804154753684998,0.0015206840820610524,7.668203830718994,0.0,0.0,nan,nan,nan,nan,nan,nan,nan,nan,nan,nan,231.4714982509613,88,PASS
icdm,internal_fold,2,2,0.6992753623188407,0.6530421582555124,0.6603773584905662,0.5828157349896481,36.0,34.0,nan,nan,0.0,0.5168123841285706,nan,nan,nan,nan,nan,nan,nan,nan,nan,nan,nan,nan,nan,nan,nan,nan,nan,nan,nan,nan,nan,0.0,0.0,1.0,0.0,1.0,1.0,0.0,0.0,5.502408504486084,0.0,231.4714982509613,88,PASS
baseline,internal_fold,2,3,0.7805383022774327,0.5869295636155215,0.6493506493506493,0.7003105590062111,37.0,21.0,nan,nan,nan,0.4237718880176544,nan,nan,nan,nan,nan,nan,nan,nan,nan,nan,nan,nan,nan,nan,nan,nan,nan,nan,nan,nan,nan,nan,nan,nan,nan,nan,nan,nan,nan,nan,nan,623.3126182556152,88,PASS
dsls,internal_fold,2,3,0.7805383022774327,0.5869295658918602,0.6493506493506493,0.7003105590062111,37.0,21.0,0.0,nan,nan,0.4237718880176544,789.9989013671875,698.2981567382812,578.8375854492188,0.048516154289245605,0.19270116090774536,1.3785481452941895,3.6351937637846277e-07,0.9999833703041077,0.019486430287361148,2.1306867599487305,0.0,nan,nan,nan,nan,nan,nan,nan,nan,nan,nan,nan,nan,nan,nan,nan,nan,nan,nan,nan,nan,623.3126182556152,88,PASS
csda,internal_fold,2,3,0.7934782608695653,0.585317977410289,0.7692307692307693,0.7613871635610766,37.0,21.0,nan,72.0,nan,0.4457402229309082,nan,nan,nan,nan,nan,nan,nan,nan,nan,nan,nan,17.0,206824.0,0.04141465201973915,0.058609817177057266,-0.032917570322752,0.3323442041873932,0.001343787182122469,8.001569747924805,0.459347665309906,0.11523265391588211,nan,nan,nan,nan,nan,nan,nan,nan,nan,nan,623.3126182556152,88,PASS
icdm,internal_fold,2,3,0.7789855072463768,0.5834038922404913,0.6493506493506493,0.7003105590062111,37.0,21.0,nan,nan,149.0,0.41575273871421814,nan,nan,nan,nan,nan,nan,nan,nan,nan,nan,nan,nan,nan,nan,nan,nan,nan,nan,nan,nan,nan,0.09644873440265656,0.09514763206243515,1.0997796058654785,0.01637076959013939,0.904837429523468,1.1051709651947021,0.9964181780815125,0.01688845455646515,9.03914737701416,6.625926971435547,623.3126182556152,88,PASS
baseline,internal_fold,2,4,0.7148033126293996,0.6056961196546934,0.6315789473684211,0.6894409937888198,12.0,17.0,nan,nan,nan,0.3991920053958893,nan,nan,nan,nan,nan,nan,nan,nan,nan,nan,nan,nan,nan,nan,nan,nan,nan,nan,nan,nan,nan,nan,nan,nan,nan,nan,nan,nan,nan,nan,nan,541.279057264328,88,PASS
dsls,internal_fold,2,4,0.7070393374741201,0.6049493946837411,0.625,0.6645962732919255,12.0,17.0,41.0,nan,nan,0.4226514399051666,795.8667602539062,685.1088256835938,619.1328125,0.050577618181705475,0.5197084546089172,1.3800686597824097,3.259139447209236e-08,0.9999828338623047,0.018800614774227144,2.1571149826049805,0.0677657425403595,nan,nan,nan,nan,nan,nan,nan,nan,nan,nan,nan,nan,nan,nan,nan,nan,nan,nan,nan,nan,541.279057264328,88,PASS
csda,internal_fold,2,4,0.7148033126293996,0.6056961186748264,0.6315789473684211,0.6894409937888198,12.0,17.0,nan,0.0,nan,0.3991919755935669,nan,nan,nan,nan,nan,nan,nan,nan,nan,nan,nan,18.0,206582.0,0.03400776535272598,0.08623288571834564,0.03423551842570305,0.19436201453208923,0.0013609043322503568,7.771060943603516,0.0,0.0,nan,nan,nan,nan,nan,nan,nan,nan,nan,nan,541.279057264328,88,PASS
icdm,internal_fold,2,4,0.7153209109730849,0.602921090014969,0.605263157894737,0.6666666666666667,12.0,17.0,nan,nan,92.0,0.3897262513637543,nan,nan,nan,nan,nan,nan,nan,nan,nan,nan,nan,nan,nan,nan,nan,nan,nan,nan,nan,nan,nan,0.09202364832162857,0.08990161865949631,1.0938851833343506,0.021992698311805725,0.904837429523468,1.1051709651947021,0.9932520985603333,0.015922648832201958,8.411970138549805,5.685940265655518,541.279057264328,88,PASS
baseline,internal_fold,2,5,0.753502854177478,0.5943385903182027,0.6868686868686869,0.6421899325376232,14.0,21.0,nan,nan,nan,0.500386118888855,nan,nan,nan,nan,nan,nan,nan,nan,nan,nan,nan,nan,nan,nan,nan,nan,nan,nan,nan,nan,nan,nan,nan,nan,nan,nan,nan,nan,nan,nan,nan,589.7816317081451,88,PASS
dsls,internal_fold,2,5,0.7571354436948625,0.5902231606360263,0.6597938144329897,0.6209133367929425,14.0,21.0,26.0,nan,nan,0.494772344827652,743.901611328125,660.0103149414062,588.536376953125,0.04605236276984215,-0.14593146741390228,1.4180864095687866,9.652066523813119e-08,0.9999839067459106,0.021569769084453586,2.2825241088867188,0.06472145766019821,nan,nan,nan,nan,nan,nan,nan,nan,nan,nan,nan,nan,nan,nan,nan,nan,nan,nan,nan,nan,589.7816317081451,88,PASS
csda,internal_fold,2,5,0.755059678256357,0.5909165796471209,0.7254901960784313,0.6741048261546445,14.0,21.0,nan,109.0,nan,0.5317673087120056,nan,nan,nan,nan,nan,nan,nan,nan,nan,nan,nan,18.0,206264.0,0.06741351634263992,0.07676126807928085,-0.055160459131002426,0.2744807004928589,0.0015429981984198095,8.092355728149414,0.7649625539779663,0.21468627452850342,nan,nan,nan,nan,nan,nan,nan,nan,nan,nan,589.7816317081451,88,PASS
icdm,internal_fold,2,5,0.753502854177478,0.5943385900425007,0.6868686868686869,0.6421899325376232,14.0,21.0,nan,nan,0.0,0.500386118888855,nan,nan,nan,nan,nan,nan,nan,nan,nan,nan,nan,nan,nan,nan,nan,nan,nan,nan,nan,nan,nan,0.0,0.0,1.0,0.0,1.0,1.0,0.0,0.0,5.525384902954102,0.0,589.7816317081451,88,PASS
baseline,internal_fold,2,6,0.7052413077322262,0.6222763864162624,0.7,0.6528282304099637,40.0,23.0,nan,nan,nan,0.502839982509613,nan,nan,nan,nan,nan,nan,nan,nan,nan,nan,nan,nan,nan,nan,nan,nan,nan,nan,nan,nan,nan,nan,nan,nan,nan,nan,nan,nan,nan,nan,nan,776.9368855953217,88,PASS
dsls,internal_fold,2,6,0.7114686040477426,0.6174543043972703,0.6666666666666666,0.6193565127140633,40.0,23.0,96.0,nan,nan,0.5154179334640503,743.7503662109375,657.1555786132812,566.4334716796875,0.04353868216276169,0.09785980731248856,1.3618026971817017,7.160078325796349e-07,0.9999834895133972,0.020492763817310335,2.1445260047912598,0.12766027450561523,nan,nan,nan,nan,nan,nan,nan,nan,nan,nan,nan,nan,nan,nan,nan,nan,nan,nan,nan,nan,776.9368855953217,88,PASS
csda,internal_fold,2,6,0.7052413077322263,0.6228813076301477,0.6593406593406593,0.6484172288531396,40.0,23.0,nan,15.0,nan,0.4754102826118469,nan,nan,nan,nan,nan,nan,nan,nan,nan,nan,nan,18.0,206258.0,0.010240264236927032,0.03571721911430359,0.0031104059889912605,0.17804154753684998,0.0014350865967571735,7.740413665771484,0.08285316824913025,0.01698986627161503,nan,nan,nan,nan,nan,nan,nan,nan,nan,nan,776.9368855953217,88,PASS
icdm,internal_fold,2,6,0.7057602490918526,0.6215093676565074,0.674698795180723,0.7003113648157758,40.0,23.0,nan,nan,149.0,0.4075799584388733,nan,nan,nan,nan,nan,nan,nan,nan,nan,nan,nan,nan,nan,nan,nan,nan,nan,nan,nan,nan,nan,0.09713448584079742,0.09609466046094894,1.100841999053955,0.013870414346456528,0.904837429523468,1.1051709651947021,0.9982315301895142,0.017964893952012062,9.134303092956543,6.77272367477417,776.9368855953217,88,PASS
baseline,internal_fold,2,7,0.6990140114167099,0.621737770668,0.6666666666666666,0.6743642968344576,32.0,26.0,nan,nan,nan,0.43852025270462036,nan,nan,nan,nan,nan,nan,nan,nan,nan,nan,nan,nan,nan,nan,nan,nan,nan,nan,nan,nan,nan,nan,nan,nan,nan,nan,nan,nan,nan,nan,nan,210.8266680240631,88,PASS
dsls,internal_fold,2,7,0.6990140114167099,0.621737768940196,0.6666666666666666,0.6743642968344576,32.0,26.0,0.0,nan,nan,0.43852025270462036,773.94873046875,707.593994140625,616.084716796875,0.05061999708414078,-0.18784572184085846,1.2933257818222046,4.552767052246054e-07,0.9999832510948181,0.01872378885746002,2.026808977127075,0.0,nan,nan,nan,nan,nan,nan,nan,nan,nan,nan,nan,nan,nan,nan,nan,nan,nan,nan,nan,nan,210.8266680240631,88,PASS
csda,internal_fold,2,7,0.6990140114167099,0.621737768940196,0.6666666666666666,0.6743642968344576,32.0,26.0,nan,0.0,nan,0.43852025270462036,nan,nan,nan,nan,nan,nan,nan,nan,nan,nan,nan,18.0,206554.0,0.028162671253085136,0.08458174765110016,0.03104664944112301,0.2047477662563324,0.0013725739903748036,7.668054580688477,0.0,0.0,nan,nan,nan,nan,nan,nan,nan,nan,nan,nan,210.8266680240631,88,PASS
icdm,internal_fold,2,7,0.6990140114167099,0.621737768940196,0.6666666666666666,0.6743642968344576,32.0,26.0,nan,nan,0.0,0.43852025270462036,nan,nan,nan,nan,nan,nan,nan,nan,nan,nan,nan,nan,nan,nan,nan,nan,nan,nan,nan,nan,nan,0.0,0.0,1.0,0.0,1.0,1.0,0.0,0.0,5.563349723815918,0.0,210.8266680240631,88,PASS
baseline,internal_fold,2,8,0.700570835495589,0.619802377316291,0.6363636363636364,0.6393357550596783,27.0,21.0,nan,nan,nan,0.44120311737060547,nan,nan,nan,nan,nan,nan,nan,nan,nan,nan,nan,nan,nan,nan,nan,nan,nan,nan,nan,nan,nan,nan,nan,nan,nan,nan,nan,nan,nan,nan,nan,379.58690881729126,88,PASS
dsls,internal_fold,2,8,0.6995329527763363,0.6201189740361699,0.651685393258427,0.6499740529320187,27.0,21.0,28.0,nan,nan,0.4499894082546234,790.7616577148438,698.6593017578125,611.859619140625,0.05169437453150749,0.3455970287322998,1.2865551710128784,5.035370236328163e-07,0.9999828338623047,0.018520790338516235,1.716505527496338,0.025386827066540718,nan,nan,nan,nan,nan,nan,nan,nan,nan,nan,nan,nan,nan,nan,nan,nan,nan,nan,nan,nan,379.58690881729126,88,PASS
csda,internal_fold,2,8,0.7109496626881162,0.6163643370147711,0.611764705882353,0.6302542812662169,27.0,21.0,nan,52.0,nan,0.4240742623806,nan,nan,nan,nan,nan,nan,nan,nan,nan,nan,nan,18.0,206902.0,0.028232835233211517,0.05127071216702461,-0.019170911982655525,0.2626112699508667,0.0012643971480429173,7.931434154510498,0.3276229500770569,0.071039117872715,nan,nan,nan,nan,nan,nan,nan,nan,nan,nan,379.58690881729126,88,PASS
icdm,internal_fold,2,8,0.6995329527763363,0.6196381233094018,0.6292134831460674,0.6271406331084588,27.0,21.0,nan,nan,11.0,0.4470108449459076,nan,nan,nan,nan,nan,nan,nan,nan,nan,nan,nan,nan,nan,nan,nan,nan,nan,nan,nan,nan,nan,0.0068061319179832935,0.006636633072048426,1.0066192150115967,0.010518443770706654,0.9458766579627991,1.0853098630905151,0.9250694513320923,0.001201509847305715,5.7645978927612305,0.8562443256378174,379.58690881729126,88,PASS
baseline,internal_fold,2,9,0.6486766995329528,0.652534440433316,0.6153846153846154,0.6027503892060198,30.0,19.0,nan,nan,nan,0.48584339022636414,nan,nan,nan,nan,nan,nan,nan,nan,nan,nan,nan,nan,nan,nan,nan,nan,nan,nan,nan,nan,nan,nan,nan,nan,nan,nan,nan,nan,nan,nan,nan,542.6319000720978,88,PASS
dsls,internal_fold,2,9,0.6486766995329528,0.652534446126531,0.6153846153846154,0.6027503892060198,30.0,19.0,0.0,nan,nan,0.48584339022636414,771.8687744140625,710.037109375,597.3698120117188,0.04969363659620285,0.2135126143693924,1.3222932815551758,6.127182246018492e-07,0.9999834895133972,0.018949440121650698,1.9694318771362305,0.0,nan,nan,nan,nan,nan,nan,nan,nan,nan,nan,nan,nan,nan,nan,nan,nan,nan,nan,nan,nan,542.6319000720978,88,PASS
csda,internal_fold,2,9,0.6611312921639854,0.6520555100398943,0.6304347826086957,0.6133886870783601,30.0,19.0,nan,92.0,nan,0.501182496547699,nan,nan,nan,nan,nan,nan,nan,nan,nan,nan,nan,18.0,206660.0,0.06654965877532959,0.07690615952014923,-0.05401318892836571,0.27151334285736084,0.001325638219714165,8.069952964782715,0.639512836933136,0.18537834286689758,nan,nan,nan,nan,nan,nan,nan,nan,nan,nan,542.6319000720978,88,PASS
icdm,internal_fold,2,9,0.6486766995329528,0.6550056963569562,0.6153846153846154,0.6027503892060198,30.0,19.0,nan,nan,109.0,0.4845491051673889,nan,nan,nan,nan,nan,nan,nan,nan,nan,nan,nan,nan,nan,nan,nan,nan,nan,nan,nan,nan,nan,0.0948798730969429,0.09327717125415802,1.09770929813385,0.018304744735360146,0.904837429523468,1.1051709651947021,0.996405839920044,0.01611337624490261,8.642171859741211,5.994012355804443,542.6319000720978,88,PASS
baseline,internal_oof,2,all,0.7262867315084751,0.6095752248107488,0.6666666666666667,0.6542633059002606,28.2,26.9,nan,nan,nan,nan,nan,nan,nan,nan,nan,nan,nan,nan,nan,nan,nan,nan,nan,nan,nan,nan,nan,nan,nan,nan,nan,nan,nan,nan,nan,nan,nan,nan,nan,nan,nan,503.95982751846316,882,PASS
dsls,internal_oof,2,all,0.7257243105183044,0.6083725749997524,0.6615720524017468,0.648507520445809,28.2,26.9,34.0,nan,nan,nan,773.2678649902343,682.3829650878906,597.7893798828125,0.04848499670624733,0.18080736324191093,1.3547613859176635,3.0892880289457023e-07,0.9999833464622497,0.019647393077611923,2.1545121669769287,0.04317682925611734,nan,nan,nan,nan,nan,nan,nan,nan,nan,nan,nan,nan,nan,nan,nan,nan,nan,nan,nan,nan,503.95982751846316,882,PASS
csda,internal_oof,2,all,0.729423905471995,0.6075299496138433,0.6831896551724138,0.6659064523619102,28.2,26.9,nan,48.9,nan,nan,nan,nan,nan,nan,nan,nan,nan,nan,nan,nan,nan,17.9,206677.2,0.04252454172819853,0.07272612005472183,-0.011539873015135527,0.24732937216758727,0.0013783816900104287,7.876397752761841,0.33359576761722565,0.09401258770376444,nan,nan,nan,nan,nan,nan,nan,nan,nan,nan,503.95982751846316,882,PASS
icdm,internal_oof,2,all,0.7262557725548876,0.6086853223975837,0.660734149054505,0.6553365496246226,28.2,26.9,nan,nan,62.0,nan,nan,nan,nan,nan,nan,nan,nan,nan,nan,nan,nan,nan,nan,nan,nan,nan,nan,nan,nan,nan,nan,0.04849653807468712,0.04786493540741503,1.0501367330551148,0.008757452107965946,0.9470284819602967,1.0611164689064025,0.5909365952014923,0.008542220608796924,7.146576595306397,3.1892160177230835,503.95982751846316,882,PASS
baseline,caltech,2,external,0.6900584795321637,0.6222385016150522,0.6111111111111113,0.6228070175438596,24.0,41.0,nan,nan,nan,0.4722820520401001,nan,nan,nan,nan,nan,nan,nan,nan,nan,nan,nan,nan,nan,nan,nan,nan,nan,nan,nan,nan,nan,nan,nan,nan,nan,nan,nan,nan,nan,nan,nan,242.72937393188477,37,PASS
dsls,caltech,2,external,0.6900584795321637,0.6222385002626745,0.6111111111111113,0.6228070175438596,24.0,41.0,0.0,nan,nan,0.4722820818424225,805.0875244140625,723.6813354492188,616.2183837890625,0.04520673304796219,-0.1669885367155075,1.3219218254089355,3.2982302400341723e-07,0.9999780654907227,0.019257332384586337,1.9256118535995483,0.0,nan,nan,nan,nan,nan,nan,nan,nan,nan,nan,nan,nan,nan,nan,nan,nan,nan,nan,nan,nan,242.72937393188477,37,PASS
csda,caltech,2,external,0.6871345029239766,0.6198593013328388,0.5882352941176471,0.6242690058479532,24.0,41.0,nan,40.0,nan,0.4452837407588959,nan,nan,nan,nan,nan,nan,nan,nan,nan,nan,nan,18.0,286136.0,0.014440787956118584,0.03450332581996918,-0.003960979171097279,0.20933164656162262,0.0013426500372588634,7.902215003967285,0.21639414131641388,0.03755000978708267,nan,nan,nan,nan,nan,nan,nan,nan,nan,nan,242.72937393188477,37,PASS
icdm,caltech,2,external,0.6900584795321637,0.6222385002626745,0.6111111111111113,0.6228070175438596,24.0,41.0,nan,nan,0.0,0.4722820818424225,nan,nan,nan,nan,nan,nan,nan,nan,nan,nan,nan,nan,nan,nan,nan,nan,nan,nan,nan,nan,nan,0.0,0.0,1.0,0.0,1.0,1.0,0.0,0.0,5.5660200119018555,0.0,242.72937393188477,37,PASS
baseline,abide2,2,external,0.7277641277641278,0.6082324073131515,0.6820512820512821,0.6595938267813268,24.0,41.0,nan,nan,nan,0.4722820520401001,nan,nan,nan,nan,nan,nan,nan,nan,nan,nan,nan,nan,nan,nan,nan,nan,nan,nan,nan,nan,nan,nan,nan,nan,nan,nan,nan,nan,nan,nan,nan,242.72937393188477,727,PASS
dsls,abide2,2,external,0.7277641277641278,0.6082324073023369,0.6820512820512821,0.6595938267813268,24.0,41.0,0.0,nan,nan,0.4722820818424225,805.0875244140625,723.6813354492188,616.2183837890625,0.04520673304796219,-0.1669885367155075,1.3219218254089355,3.2982302400341723e-07,0.9999780654907227,0.019257332384586337,1.9256118535995483,0.0,nan,nan,nan,nan,nan,nan,nan,nan,nan,nan,nan,nan,nan,nan,nan,nan,nan,nan,nan,nan,242.72937393188477,727,PASS
csda,abide2,2,external,0.7284167690417689,0.6079090198632622,0.6746347941567067,0.6682893120393121,24.0,41.0,nan,40.0,nan,0.4452837407588959,nan,nan,nan,nan,nan,nan,nan,nan,nan,nan,nan,18.0,286136.0,0.014440787956118584,0.03450332581996918,-0.003960979171097279,0.20933164656162262,0.0013426500372588634,7.902215003967285,0.21639414131641388,0.03755000978708267,nan,nan,nan,nan,nan,nan,nan,nan,nan,nan,242.72937393188477,727,PASS
icdm,abide2,2,external,0.7277641277641278,0.6082324073023369,0.6820512820512821,0.6595938267813268,24.0,41.0,nan,nan,0.0,0.4722820818424225,nan,nan,nan,nan,nan,nan,nan,nan,nan,nan,nan,nan,nan,nan,nan,nan,nan,nan,nan,nan,nan,0.0,0.0,1.0,0.0,1.0,1.0,0.0,0.0,5.5660200119018555,0.0,242.72937393188477,727,PASS
baseline,internal_fold,3,0,0.8034447821681864,0.5232898238599012,0.711111111111111,0.7094731509625127,44.0,75.0,nan,nan,nan,0.3913281261920929,nan,nan,nan,nan,nan,nan,nan,nan,nan,nan,nan,nan,nan,nan,nan,nan,nan,nan,nan,nan,nan,nan,nan,nan,nan,nan,nan,nan,nan,nan,nan,758.6680386066437,89,PASS
dsls,internal_fold,3,0,0.7958459979736575,0.5391366048653174,0.7358490566037736,0.6767983789260386,44.0,75.0,149.0,nan,nan,0.5835821032524109,793.3394165039062,657.2698364257812,616.6624755859375,0.04836566746234894,0.06640961021184921,1.3032326698303223,6.417997724383895e-07,0.9999836087226868,0.01928112655878067,2.4524996280670166,0.18898756802082062,nan,nan,nan,nan,nan,nan,nan,nan,nan,nan,nan,nan,nan,nan,nan,nan,nan,nan,nan,nan,758.6680386066437,89,PASS
csda,internal_fold,3,0,0.8074974670719351,0.5210404166891778,0.723404255319149,0.7069402228976698,44.0,75.0,nan,49.0,nan,0.42584508657455444,nan,nan,nan,nan,nan,nan,nan,nan,nan,nan,nan,18.0,206850.0,0.02260519564151764,0.04247508943080902,-0.012683942914009094,0.22848664224147797,0.0012571973726153375,7.967626571655273,0.28613513708114624,0.05581149831414223,nan,nan,nan,nan,nan,nan,nan,nan,nan,nan,758.6680386066437,89,PASS
icdm,internal_fold,3,0,0.8034447821681864,0.5232898259801628,0.711111111111111,0.7094731509625127,44.0,75.0,nan,nan,0.0,0.39132818579673767,nan,nan,nan,nan,nan,nan,nan,nan,nan,nan,nan,nan,nan,nan,nan,nan,nan,nan,nan,nan,nan,0.0,0.0,1.0,0.0,1.0,1.0,0.0,0.0,5.519432544708252,0.0,758.6680386066437,89,PASS
baseline,internal_fold,3,1,0.6666666666666666,0.6373590648623316,0.6067415730337079,0.608662613981763,40.0,34.0,nan,nan,nan,0.47667625546455383,nan,nan,nan,nan,nan,nan,nan,nan,nan,nan,nan,nan,nan,nan,nan,nan,nan,nan,nan,nan,nan,nan,nan,nan,nan,nan,nan,nan,nan,nan,nan,280.9886951446533,89,PASS
dsls,internal_fold,3,1,0.6666666666666666,0.6373590662648867,0.6067415730337079,0.608662613981763,40.0,34.0,0.0,nan,nan,0.47667625546455383,797.5509643554688,677.443359375,531.6978759765625,0.04615498334169388,0.30665257573127747,1.3680721521377563,-5.395129392127274e-07,0.9999839067459106,0.01861533969640732,2.184292793273926,0.0,nan,nan,nan,nan,nan,nan,nan,nan,nan,nan,nan,nan,nan,nan,nan,nan,nan,nan,nan,nan,280.9886951446533,89,PASS
csda,internal_fold,3,1,0.6671732522796353,0.6371782918693544,0.6067415730337079,0.608662613981763,40.0,34.0,nan,5.0,nan,0.4780063033103943,nan,nan,nan,nan,nan,nan,nan,nan,nan,nan,nan,18.0,206898.0,0.0047117117792367935,0.035820942372083664,0.003005230100825429,0.17655786871910095,0.0013068892061710359,7.663724899291992,0.02797791175544262,0.005739250686019659,nan,nan,nan,nan,nan,nan,nan,nan,nan,nan,280.9886951446533,89,PASS
icdm,internal_fold,3,1,0.6666666666666666,0.6373590662648867,0.6067415730337079,0.608662613981763,40.0,34.0,nan,nan,0.0,0.47667625546455383,nan,nan,nan,nan,nan,nan,nan,nan,nan,nan,nan,nan,nan,nan,nan,nan,nan,nan,nan,nan,nan,0.0,0.0,1.0,0.0,1.0,1.0,0.0,0.0,5.535877227783203,0.0,280.9886951446533,89,PASS
baseline,internal_fold,3,2,0.7148033126293996,0.6180647814772194,0.6153846153846153,0.665631469979296,50.0,46.0,nan,nan,nan,0.39752718806266785,nan,nan,nan,nan,nan,nan,nan,nan,nan,nan,nan,nan,nan,nan,nan,nan,nan,nan,nan,nan,nan,nan,nan,nan,nan,nan,nan,nan,nan,nan,nan,321.8297646045685,88,PASS
dsls,internal_fold,3,2,0.7148033126293996,0.6180647807370047,0.6153846153846153,0.665631469979296,50.0,46.0,0.0,nan,nan,0.39752715826034546,746.697998046875,684.6597900390625,557.4341430664062,0.04579990357160568,0.2851109504699707,1.3265221118927002,6.47816648324806e-07,0.9999834895133972,0.01896177977323532,1.878138542175293,0.0,nan,nan,nan,nan,nan,nan,nan,nan,nan,nan,nan,nan,nan,nan,nan,nan,nan,nan,nan,nan,321.8297646045685,88,PASS
csda,internal_fold,3,2,0.7137681159420289,0.6234254439732859,0.6097560975609756,0.6407867494824017,50.0,46.0,nan,62.0,nan,0.4178730845451355,nan,nan,nan,nan,nan,nan,nan,nan,nan,nan,nan,18.0,207026.0,0.02837134711444378,0.049754995852708817,-0.017485804855823517,0.2759643793106079,0.001250488217920065,7.995488166809082,0.380424827337265,0.07843320071697235,nan,nan,nan,nan,nan,nan,nan,nan,nan,nan,321.8297646045685,88,PASS
icdm,internal_fold,3,2,0.7148033126293996,0.6180647807370047,0.6153846153846153,0.665631469979296,50.0,46.0,nan,nan,0.0,0.39752715826034546,nan,nan,nan,nan,nan,nan,nan,nan,nan,nan,nan,nan,nan,nan,nan,nan,nan,nan,nan,nan,nan,0.0,0.0,1.0,0.0,1.0,1.0,0.0,0.0,5.513151168823242,0.0,321.8297646045685,88,PASS
baseline,internal_fold,3,3,0.6832298136645962,0.6643428996222389,0.5882352941176471,0.605072463768116,31.0,55.0,nan,nan,nan,0.3963213562965393,nan,nan,nan,nan,nan,nan,nan,nan,nan,nan,nan,nan,nan,nan,nan,nan,nan,nan,nan,nan,nan,nan,nan,nan,nan,nan,nan,nan,nan,nan,nan,570.5979650020599,88,PASS
dsls,internal_fold,3,3,0.6842650103519669,0.6664435852226194,0.5882352941176471,0.605072463768116,31.0,55.0,34.0,nan,nan,0.39965590834617615,737.861328125,660.9563598632812,603.4483642578125,0.0466926284134388,-0.2378494292497635,1.3143473863601685,7.235289558593649e-07,0.9999840259552002,0.02004610598087311,1.9520188570022583,0.05426407977938652,nan,nan,nan,nan,nan,nan,nan,nan,nan,nan,nan,nan,nan,nan,nan,nan,nan,nan,nan,nan,570.5979650020599,88,PASS
csda,internal_fold,3,3,0.6832298136645962,0.6640823608368792,0.5882352941176471,0.605072463768116,31.0,55.0,nan,17.0,nan,0.4011096656322479,nan,nan,nan,nan,nan,nan,nan,nan,nan,nan,nan,18.0,206674.0,0.00833961647003889,0.03173999860882759,7.236007513711229e-05,0.1468842774629593,0.0013667073100805283,7.813266754150391,0.08799422532320023,0.01651741750538349,nan,nan,nan,nan,nan,nan,nan,nan,nan,nan,570.5979650020599,88,PASS
icdm,internal_fold,3,3,0.6837474120082816,0.6756926587430209,0.5952380952380952,0.6169772256728778,31.0,55.0,nan,nan,105.0,0.3845657706260681,nan,nan,nan,nan,nan,nan,nan,nan,nan,nan,nan,nan,nan,nan,nan,nan,nan,nan,nan,nan,nan,0.09724457561969757,0.09700355678796768,1.1018911600112915,0.008371459320187569,0.9049003720283508,1.1051709651947021,0.9998887181282043,0.017747029662132263,8.42302417755127,6.062183856964111,570.5979650020599,88,PASS
baseline,internal_fold,3,4,0.8317805383022774,0.5399795593728874,0.7608695652173914,0.7494824016563147,30.0,40.0,nan,nan,nan,0.4674680829048157,nan,nan,nan,nan,nan,nan,nan,nan,nan,nan,nan,nan,nan,nan,nan,nan,nan,nan,nan,nan,nan,nan,nan,nan,nan,nan,nan,nan,nan,nan,nan,599.4230484962463,88,PASS
dsls,internal_fold,3,4,0.8317805383022774,0.5399795592055721,0.7608695652173914,0.7494824016563147,30.0,40.0,0.0,nan,nan,0.4674680829048157,776.9234008789062,675.5700073242188,597.9829711914062,0.04826749488711357,-0.20454321801662445,1.3456940650939941,7.285430001502391e-07,0.9999834895133972,0.01924114525318146,1.9193999767303467,0.0,nan,nan,nan,nan,nan,nan,nan,nan,nan,nan,nan,nan,nan,nan,nan,nan,nan,nan,nan,nan,599.4230484962463,88,PASS
csda,internal_fold,3,4,0.8152173913043478,0.5421604137119559,0.6027397260273973,0.6796066252587991,30.0,40.0,nan,144.0,nan,0.38865095376968384,nan,nan,nan,nan,nan,nan,nan,nan,nan,nan,nan,18.0,206460.0,0.09239102900028229,0.10163800418376923,-0.0808587297797203,0.43916913866996765,0.0012975089251995088,8.373231887817383,1.0564324855804443,0.34071922302246094,nan,nan,nan,nan,nan,nan,nan,nan,nan,nan,599.4230484962463,88,PASS
icdm,internal_fold,3,4,0.8317805383022774,0.5399795592055721,0.7608695652173914,0.7494824016563147,30.0,40.0,nan,nan,0.0,0.4674680829048157,nan,nan,nan,nan,nan,nan,nan,nan,nan,nan,nan,nan,nan,nan,nan,nan,nan,nan,nan,nan,nan,0.0,0.0,1.0,0.0,1.0,1.0,0.0,0.0,5.505564212799072,0.0,599.4230484962463,88,PASS
baseline,internal_fold,3,5,0.7815256875973016,0.5679184739458738,0.6835443037974684,0.726258432797094,30.0,45.0,nan,nan,nan,0.3853459358215332,nan,nan,nan,nan,nan,nan,nan,nan,nan,nan,nan,nan,nan,nan,nan,nan,nan,nan,nan,nan,nan,nan,nan,nan,nan,nan,nan,nan,nan,nan,nan,580.7573232650757,88,PASS
dsls,internal_fold,3,5,0.7815256875973016,0.5679184766274172,0.6835443037974684,0.726258432797094,30.0,45.0,0.0,nan,nan,0.3853459358215332,770.251708984375,677.72705078125,618.8244018554688,0.04908956587314606,0.22146821022033691,1.3079628944396973,-4.808484277418756e-07,0.9999831914901733,0.018361084163188934,2.137131452560425,0.0,nan,nan,nan,nan,nan,nan,nan,nan,nan,nan,nan,nan,nan,nan,nan,nan,nan,nan,nan,nan,580.7573232650757,88,PASS
csda,internal_fold,3,5,0.764919564089258,0.5799716777766007,0.6666666666666666,0.7156201349247535,30.0,45.0,nan,119.0,nan,0.411013126373291,nan,nan,nan,nan,nan,nan,nan,nan,nan,nan,nan,18.0,206734.0,0.07249289005994797,0.09265874326229095,-0.06112350896000862,0.3724035620689392,0.0012803462333977223,8.134369850158691,0.8197966814041138,0.24061284959316254,nan,nan,nan,nan,nan,nan,nan,nan,nan,nan,580.7573232650757,88,PASS
icdm,internal_fold,3,5,0.7810067462376752,0.567794989526611,0.6835443037974684,0.726258432797094,30.0,45.0,nan,nan,9.0,0.3851131200790405,nan,nan,nan,nan,nan,nan,nan,nan,nan,nan,nan,nan,nan,nan,nan,nan,nan,nan,nan,nan,nan,0.006311545614153147,0.006267224438488483,1.006310224533081,0.009857096709311008,0.9661601781845093,1.067590594291687,0.9693477153778076,0.0011314908042550087,5.650200366973877,0.7052301168441772,580.7573232650757,88,PASS
baseline,internal_fold,3,6,0.7597301504929943,0.5888549228272306,0.6521739130434782,0.63622210690192,28.0,23.0,nan,nan,nan,0.4714936316013336,nan,nan,nan,nan,nan,nan,nan,nan,nan,nan,nan,nan,nan,nan,nan,nan,nan,nan,nan,nan,nan,nan,nan,nan,nan,nan,nan,nan,nan,nan,nan,1119.800096988678,88,PASS
dsls,internal_fold,3,6,0.7586922677737415,0.5857530577852542,0.6881720430107526,0.6696938245978205,28.0,23.0,149.0,nan,nan,0.48567551374435425,862.598388671875,733.8992309570312,638.98095703125,0.05581028386950493,0.1901601105928421,1.2470940351486206,6.608531748497626e-07,0.999981701374054,0.01856506019830704,2.4435904026031494,0.13238295912742615,nan,nan,nan,nan,nan,nan,nan,nan,nan,nan,nan,nan,nan,nan,nan,nan,nan,nan,nan,nan,1119.800096988678,88,PASS
csda,internal_fold,3,6,0.7669953295277633,0.5841124719878857,0.6595744680851063,0.634665282823041,28.0,23.0,nan,63.0,nan,0.46951422095298767,nan,nan,nan,nan,nan,nan,nan,nan,nan,nan,nan,18.0,206596.0,0.026284176856279373,0.043932124972343445,-0.017837246879935265,0.25964391231536865,0.0012819719500839712,7.945003986358643,0.3525007665157318,0.0731029361486435,nan,nan,nan,nan,nan,nan,nan,nan,nan,nan,1119.800096988678,88,PASS
icdm,internal_fold,3,6,0.7602490918526207,0.5847264496426752,0.6521739130434782,0.63622210690192,28.0,23.0,nan,nan,149.0,0.4686310291290283,nan,nan,nan,nan,nan,nan,nan,nan,nan,nan,nan,nan,nan,nan,nan,nan,nan,nan,nan,nan,nan,0.09720385819673538,0.09639954566955566,1.1012307405471802,0.012423229403793812,0.9048380255699158,1.1051709651947021,0.9992973804473877,0.016498226672410965,8.816082954406738,6.260176658630371,1119.800096988678,88,PASS
baseline,internal_fold,3,7,0.7457187337830825,0.5833738322969955,0.6966292134831461,0.6956408925791385,25.0,46.0,nan,nan,nan,0.45753178000450134,nan,nan,nan,nan,nan,nan,nan,nan,nan,nan,nan,nan,nan,nan,nan,nan,nan,nan,nan,nan,nan,nan,nan,nan,nan,nan,nan,nan,nan,nan,nan,402.1156008243561,88,PASS
dsls,internal_fold,3,7,0.7457187337830825,0.5833738295636248,0.6966292134831461,0.6956408925791385,25.0,46.0,0.0,nan,nan,0.45753180980682373,781.8546752929688,667.6241455078125,576.086181640625,0.047117047011852264,0.3365596830844879,1.3487167358398438,4.051360917856073e-07,0.9999834895133972,0.019115714728832247,1.7438338994979858,0.0,nan,nan,nan,nan,nan,nan,nan,nan,nan,nan,nan,nan,nan,nan,nan,nan,nan,nan,nan,nan,402.1156008243561,88,PASS
csda,internal_fold,3,7,0.7394914374675663,0.5934311855306545,0.6881720430107526,0.6696938245978205,25.0,46.0,nan,94.0,nan,0.4756961762905121,nan,nan,nan,nan,nan,nan,nan,nan,nan,nan,nan,17.0,206768.0,0.05516143888235092,0.06612514704465866,-0.04460602253675461,0.31750741600990295,0.0013613165356218815,8.012627601623535,0.6038367748260498,0.15453675389289856,nan,nan,nan,nan,nan,nan,nan,nan,nan,nan,402.1156008243561,88,PASS
icdm,internal_fold,3,7,0.7457187337830825,0.5833738295636248,0.6966292134831461,0.6956408925791385,25.0,46.0,nan,nan,0.0,0.45753180980682373,nan,nan,nan,nan,nan,nan,nan,nan,nan,nan,nan,nan,nan,nan,nan,nan,nan,nan,nan,nan,nan,0.0,0.0,1.0,0.0,1.0,1.0,0.0,0.0,5.564017295837402,0.0,402.1156008243561,88,PASS
baseline,internal_fold,3,8,0.7758173326414115,0.5884709298917863,0.7216494845360825,0.6894135962636222,34.0,26.0,nan,nan,nan,0.451941579580307,nan,nan,nan,nan,nan,nan,nan,nan,nan,nan,nan,nan,nan,nan,nan,nan,nan,nan,nan,nan,nan,nan,nan,nan,nan,nan,nan,nan,nan,nan,nan,478.3368282318115,88,PASS
dsls,internal_fold,3,8,0.7758173326414115,0.5884709271836659,0.7216494845360825,0.6894135962636222,34.0,26.0,0.0,nan,nan,0.4519415497779846,762.450439453125,704.9065551757812,551.7953491210938,0.04561331495642662,-0.22498635947704315,1.399092674255371,2.607311557767389e-07,0.9999837279319763,0.01919599771499634,2.0742712020874023,0.0,nan,nan,nan,nan,nan,nan,nan,nan,nan,nan,nan,nan,nan,nan,nan,nan,nan,nan,nan,nan,478.3368282318115,88,PASS
csda,internal_fold,3,8,0.7597301504929943,0.6025912866288963,0.7142857142857144,0.6772184743124027,34.0,26.0,nan,134.0,nan,0.44025227427482605,nan,nan,nan,nan,nan,nan,nan,nan,nan,nan,nan,18.0,206330.0,0.11054333299398422,0.13231343030929565,-0.09110536426305771,0.38872402906417847,0.0013928738422691823,8.310832023620605,0.9694312214851379,0.3290712237358093,nan,nan,nan,nan,nan,nan,nan,nan,nan,nan,478.3368282318115,88,PASS
icdm,internal_fold,3,8,0.7758173326414115,0.5884709271836659,0.7216494845360825,0.6894135962636222,34.0,26.0,nan,nan,0.0,0.4519415497779846,nan,nan,nan,nan,nan,nan,nan,nan,nan,nan,nan,nan,nan,nan,nan,nan,nan,nan,nan,nan,nan,0.0,0.0,1.0,0.0,1.0,1.0,0.0,0.0,5.555638313293457,0.0,478.3368282318115,88,PASS
baseline,internal_fold,3,9,0.64193046185781,0.6723937750789701,0.6021505376344086,0.5783601453035807,11.0,32.0,nan,nan,nan,0.4746273458003998,nan,nan,nan,nan,nan,nan,nan,nan,nan,nan,nan,nan,nan,nan,nan,nan,nan,nan,nan,nan,nan,nan,nan,nan,nan,nan,nan,nan,nan,nan,nan,380.81762742996216,88,PASS
dsls,internal_fold,3,9,0.6440062272963154,0.6759828022124845,0.679245283018868,0.6024909185262065,11.0,32.0,38.0,nan,nan,0.5610138773918152,755.689453125,662.9404296875,565.8314819335938,0.045504093170166016,0.543755829334259,1.3577442169189453,4.011248222468566e-09,0.9999833703041077,0.020313395559787752,1.9253714084625244,0.0626038983464241,nan,nan,nan,nan,nan,nan,nan,nan,nan,nan,nan,nan,nan,nan,nan,nan,nan,nan,nan,nan,380.81762742996216,88,PASS
csda,internal_fold,3,9,0.65905552672548,0.6718530539805879,0.5,0.5542293720809549,11.0,32.0,nan,134.0,nan,0.3651154637336731,nan,nan,nan,nan,nan,nan,nan,nan,nan,nan,nan,18.0,206732.0,0.08766871690750122,0.0964076817035675,-0.07093213498592377,0.33086052536964417,0.001427939161658287,8.1670503616333,0.943829357624054,0.2938661277294159,nan,nan,nan,nan,nan,nan,nan,nan,nan,nan,380.81762742996216,88,PASS
icdm,internal_fold,3,9,0.64193046185781,0.6800275053531226,0.6021505376344086,0.5783601453035807,11.0,32.0,nan,nan,127.0,0.47186148166656494,nan,nan,nan,nan,nan,nan,nan,nan,nan,nan,nan,nan,nan,nan,nan,nan,nan,nan,nan,nan,nan,0.09744330495595932,0.09664083272218704,1.1014823913574219,0.012020222842693329,0.9048416018486023,1.1051709651947021,0.9991520643234253,0.01822461374104023,8.71094036102295,6.326263427734375,380.81762742996216,88,PASS
baseline,internal_oof,3,all,0.7393514099223446,0.5983638077703407,0.665158371040724,0.6665823895152343,32.3,42.2,nan,nan,nan,nan,nan,nan,nan,nan,nan,nan,nan,nan,nan,nan,nan,nan,nan,nan,nan,nan,nan,nan,nan,nan,nan,nan,nan,nan,nan,nan,nan,nan,nan,nan,nan,549.3334988594055,882,PASS
dsls,internal_oof,3,all,0.7379634168365108,0.6002210570996607,0.6805251641137856,0.6691210237093986,32.3,42.2,37.0,nan,nan,nan,778.52177734375,680.2996765136719,585.8744201660156,0.04784149825572968,0.12827379629015923,1.331847894191742,3.0520586804527736e-07,0.99998340010643,0.01916967496275902,2.0710548162460327,0.04382385052740574,nan,nan,nan,nan,nan,nan,nan,nan,nan,nan,nan,nan,nan,nan,nan,nan,nan,nan,nan,nan,549.3334988594055,882,PASS
csda,internal_oof,3,all,0.7359098062485487,0.6019327888563073,0.6397228637413395,0.649585923995769,32.3,42.2,nan,82.1,nan,nan,nan,nan,nan,nan,nan,nan,nan,nan,nan,nan,nan,17.9,206706.8,0.05085694557055831,0.06928661577403546,-0.03935551649992704,0.2936201751232147,0.001322323875501752,8.03832221031189,0.5528359388932585,0.15884104813449085,nan,nan,nan,nan,nan,nan,nan,nan,nan,nan,549.3334988594055,882,PASS
icdm,internal_oof,3,all,0.7384536002683109,0.5998336201880676,0.665911664779162,0.6677872087923429,32.3,42.2,nan,nan,39.0,nan,nan,nan,nan,nan,nan,nan,nan,nan,nan,nan,nan,nan,nan,nan,nan,nan,nan,nan,nan,nan,nan,0.029820328438654543,0.029631115961819887,1.0310914516448975,0.004267200827598572,0.9680740177631378,1.0383103489875793,0.3967685878276825,0.0053601360879838465,6.479392862319946,1.9353854060173035,549.3334988594055,882,PASS
baseline,caltech,3,external,0.6228070175438596,0.6756437480978903,0.5714285714285715,0.5102339181286549,8.0,61.0,nan,nan,nan,0.558918833732605,nan,nan,nan,nan,nan,nan,nan,nan,nan,nan,nan,nan,nan,nan,nan,nan,nan,nan,nan,nan,nan,nan,nan,nan,nan,nan,nan,nan,nan,nan,nan,195.07025289535522,37,PASS
dsls,caltech,3,external,0.6228070175438596,0.6756437486994518,0.5714285714285715,0.5102339181286549,8.0,61.0,0.0,nan,nan,0.558918833732605,849.5966796875,686.4591674804688,654.9813232421875,0.04847133532166481,0.4506620466709137,1.31159245967865,-2.0709818215891573e-07,0.999976634979248,0.018377329409122466,1.9893752336502075,0.0,nan,nan,nan,nan,nan,nan,nan,nan,nan,nan,nan,nan,nan,nan,nan,nan,nan,nan,nan,nan,195.07025289535522,37,PASS
csda,caltech,3,external,0.6169590643274854,0.694731210963673,0.5714285714285714,0.5964912280701754,8.0,61.0,nan,149.0,nan,0.49746641516685486,nan,nan,nan,nan,nan,nan,nan,nan,nan,nan,nan,18.0,285604.0,0.07273587584495544,0.08055443316698074,-0.05348772183060646,0.43001261353492737,0.0012690586969256402,8.091629028320312,1.0294829607009888,0.2954409122467041,nan,nan,nan,nan,nan,nan,nan,nan,nan,nan,195.07025289535522,37,PASS
icdm,caltech,3,external,0.6198830409356726,0.6805160279650192,0.5714285714285715,0.5102339181286549,8.0,61.0,nan,nan,20.0,0.5571013689041138,nan,nan,nan,nan,nan,nan,nan,nan,nan,nan,nan,nan,nan,nan,nan,nan,nan,nan,nan,nan,nan,0.02006904035806656,0.019811607897281647,1.020167589187622,0.0211082324385643,0.9089539051055908,1.1049484014511108,0.9844421744346619,0.0035686353221535683,5.884162902832031,1.5729304552078247,195.07025289535522,37,PASS
baseline,abide2,3,external,0.7389281326781327,0.5983975114891102,0.7393258426966292,0.6635519041769042,8.0,61.0,nan,nan,nan,0.558918833732605,nan,nan,nan,nan,nan,nan,nan,nan,nan,nan,nan,nan,nan,nan,nan,nan,nan,nan,nan,nan,nan,nan,nan,nan,nan,nan,nan,nan,nan,nan,nan,195.07025289535522,727,PASS
dsls,abide2,3,external,0.7389281326781327,0.5983975112805432,0.7393258426966292,0.6635519041769042,8.0,61.0,0.0,nan,nan,0.558918833732605,849.5966796875,686.4591674804688,654.9813232421875,0.04847133532166481,0.4506620466709137,1.31159245967865,-2.0709818215891573e-07,0.999976634979248,0.018377329409122466,1.9893752336502075,0.0,nan,nan,nan,nan,nan,nan,nan,nan,nan,nan,nan,nan,nan,nan,nan,nan,nan,nan,nan,nan,195.07025289535522,727,PASS
csda,abide2,3,external,0.7431664619164619,0.6011185741878357,0.7120291616038883,0.6677633599508599,8.0,61.0,nan,149.0,nan,0.49746641516685486,nan,nan,nan,nan,nan,nan,nan,nan,nan,nan,nan,18.0,285604.0,0.07273587584495544,0.08055443316698074,-0.05348772183060646,0.43001261353492737,0.0012690586969256402,8.091629028320312,1.0294829607009888,0.2954409122467041,nan,nan,nan,nan,nan,nan,nan,nan,nan,nan,195.07025289535522,727,PASS
icdm,abide2,3,external,0.738951167076167,0.5992417499413907,0.7404063205417607,0.6670109029484029,8.0,61.0,nan,nan,20.0,0.5571013689041138,nan,nan,nan,nan,nan,nan,nan,nan,nan,nan,nan,nan,nan,nan,nan,nan,nan,nan,nan,nan,nan,0.02006904035806656,0.019811607897281647,1.020167589187622,0.0211082324385643,0.9089539051055908,1.1049484014511108,0.9844421744346619,0.0035686353221535683,5.884162902832031,1.5729304552078247,195.07025289535522,727,PASS
baseline,internal_fold,4,0,0.6889564336372846,0.6407324624652482,0.5853658536585366,0.6243667679837892,41.0,48.0,nan,nan,nan,0.3530566692352295,nan,nan,nan,nan,nan,nan,nan,nan,nan,nan,nan,nan,nan,nan,nan,nan,nan,nan,nan,nan,nan,nan,nan,nan,nan,nan,nan,nan,nan,nan,nan,437.6880536079407,89,PASS
dsls,internal_fold,4,0,0.6889564336372846,0.6407324556348415,0.5853658536585366,0.6243667679837892,41.0,48.0,0.0,nan,nan,0.3530566990375519,829.0810546875,725.562255859375,625.2978515625,0.05417490005493164,0.3123456537723541,1.289803147315979,6.162280214994098e-07,0.9999828934669495,0.01891155689954758,2.0928633213043213,0.0,nan,nan,nan,nan,nan,nan,nan,nan,nan,nan,nan,nan,nan,nan,nan,nan,nan,nan,nan,nan,437.6880536079407,89,PASS
csda,internal_fold,4,0,0.6788247213779128,0.6484823855599404,0.5853658536585366,0.6243667679837892,41.0,48.0,nan,49.0,nan,0.35931360721588135,nan,nan,nan,nan,nan,nan,nan,nan,nan,nan,nan,18.0,206852.0,0.024881934747099876,0.04032750055193901,-0.01624528504908085,0.231453999876976,0.0012766719795763493,7.921286106109619,0.28613945841789246,0.059345345944166183,nan,nan,nan,nan,nan,nan,nan,nan,nan,nan,437.6880536079407,89,PASS
icdm,internal_fold,4,0,0.6889564336372846,0.6407324556348415,0.5853658536585366,0.6243667679837892,41.0,48.0,nan,nan,0.0,0.3530566990375519,nan,nan,nan,nan,nan,nan,nan,nan,nan,nan,nan,nan,nan,nan,nan,nan,nan,nan,nan,nan,nan,0.0,0.0,1.0,0.0,1.0,1.0,0.0,0.0,5.513881206512451,0.0,437.6880536079407,89,PASS
baseline,internal_fold,4,1,0.7112462006079028,0.6191331001118637,0.575,0.6256332320162107,37.0,48.0,nan,nan,nan,0.3445179760456085,nan,nan,nan,nan,nan,nan,nan,nan,nan,nan,nan,nan,nan,nan,nan,nan,nan,nan,nan,nan,nan,nan,nan,nan,nan,nan,nan,nan,nan,nan,nan,295.9145770072937,89,PASS
dsls,internal_fold,4,1,0.7112462006079028,0.6191330986667772,0.575,0.6256332320162107,37.0,48.0,0.0,nan,nan,0.3445180058479309,781.3843383789062,688.37109375,586.334228515625,0.048593953251838684,0.28374776244163513,1.3278580904006958,4.1616701196289796e-07,0.9999836087226868,0.018311871588230135,2.0983593463897705,0.0,nan,nan,nan,nan,nan,nan,nan,nan,nan,nan,nan,nan,nan,nan,nan,nan,nan,nan,nan,nan,295.9145770072937,89,PASS
csda,internal_fold,4,1,0.7122593718338399,0.6184541177394055,0.575,0.6256332320162107,37.0,48.0,nan,15.0,nan,0.34616026282310486,nan,nan,nan,nan,nan,nan,nan,nan,nan,nan,nan,18.0,206608.0,0.007682138588279486,0.03188520297408104,0.002187939127907157,0.20178040862083435,0.0012931717559695245,7.78596830368042,0.0783749520778656,0.012632522732019424,nan,nan,nan,nan,nan,nan,nan,nan,nan,nan,295.9145770072937,89,PASS
icdm,internal_fold,4,1,0.7112462006079028,0.6191330986667772,0.575,0.6256332320162107,37.0,48.0,nan,nan,0.0,0.3445180058479309,nan,nan,nan,nan,nan,nan,nan,nan,nan,nan,nan,nan,nan,nan,nan,nan,nan,nan,nan,nan,nan,0.0,0.0,1.0,0.0,1.0,1.0,0.0,0.0,5.504956245422363,0.0,295.9145770072937,89,PASS
baseline,internal_fold,4,2,0.7261904761904763,0.6006903890679252,0.7000000000000001,0.6542443064182195,46.0,47.0,nan,nan,nan,0.4929578900337219,nan,nan,nan,nan,nan,nan,nan,nan,nan,nan,nan,nan,nan,nan,nan,nan,nan,nan,nan,nan,nan,nan,nan,nan,nan,nan,nan,nan,nan,nan,nan,527.7570977210999,88,PASS
dsls,internal_fold,4,2,0.7080745341614907,0.6140452089507948,0.651685393258427,0.6485507246376812,46.0,47.0,149.0,nan,nan,0.42006075382232666,779.1405029296875,654.4876708984375,596.2273559570312,0.04707169905304909,0.2277621179819107,1.338465690612793,6.252533353290346e-07,0.9999830722808838,0.019997754693031312,2.435802459716797,0.22930166125297546,nan,nan,nan,nan,nan,nan,nan,nan,nan,nan,nan,nan,nan,nan,nan,nan,nan,nan,nan,nan,527.7570977210999,88,PASS
csda,internal_fold,4,2,0.703416149068323,0.6196168679494557,0.7000000000000001,0.6542443064182195,46.0,47.0,nan,93.0,nan,0.48176446557044983,nan,nan,nan,nan,nan,nan,nan,nan,nan,nan,nan,18.0,206498.0,0.058719903230667114,0.07310865074396133,-0.04830126836895943,0.34272995591163635,0.0013958766125142575,8.011882781982422,0.6164150238037109,0.16359452903270721,nan,nan,nan,nan,nan,nan,nan,nan,nan,nan,527.7570977210999,88,PASS
icdm,internal_fold,4,2,0.7256728778467909,0.6007537194213923,0.7000000000000001,0.6542443064182195,46.0,47.0,nan,nan,13.0,0.49303606152534485,nan,nan,nan,nan,nan,nan,nan,nan,nan,nan,nan,nan,nan,nan,nan,nan,nan,nan,nan,nan,nan,0.00984368845820427,0.009819014929234982,1.0099016427993774,0.012133552692830563,0.9606842994689941,1.0854371786117554,0.9724641442298889,0.0018652348080649972,5.787929534912109,1.0293062925338745,527.7570977210999,88,PASS
baseline,internal_fold,4,3,0.7380952380952381,0.6168689581668128,0.6024096385542168,0.6288819875776397,45.0,28.0,nan,nan,nan,0.351807177066803,nan,nan,nan,nan,nan,nan,nan,nan,nan,nan,nan,nan,nan,nan,nan,nan,nan,nan,nan,nan,nan,nan,nan,nan,nan,nan,nan,nan,nan,nan,nan,684.5140051841736,88,PASS
dsls,internal_fold,4,3,0.7365424430641823,0.6160332734576616,0.5925925925925927,0.6299171842650104,45.0,28.0,62.0,nan,nan,0.3313538432121277,712.5869750976562,651.5360717773438,563.748779296875,0.04269801080226898,-0.552559494972229,1.3598076105117798,4.3371622382437636e-07,0.999984085559845,0.021443428099155427,2.358386993408203,0.09292404353618622,nan,nan,nan,nan,nan,nan,nan,nan,nan,nan,nan,nan,nan,nan,nan,nan,nan,nan,nan,nan,684.5140051841736,88,PASS
csda,internal_fold,4,3,0.7241200828157349,0.628167429165093,0.6593406593406593,0.6475155279503106,45.0,28.0,nan,121.0,nan,0.4010111689567566,nan,nan,nan,nan,nan,nan,nan,nan,nan,nan,nan,18.0,206906.0,0.08565536886453629,0.09342928975820541,-0.072135791182518,0.38872402906417847,0.0014826095663011075,8.179228782653809,0.8654357194900513,0.2674279808998108,nan,nan,nan,nan,nan,nan,nan,nan,nan,nan,684.5140051841736,88,PASS
icdm,internal_fold,4,3,0.7375776397515528,0.6191182810217943,0.6190476190476191,0.639751552795031,45.0,28.0,nan,nan,23.0,0.34976932406425476,nan,nan,nan,nan,nan,nan,nan,nan,nan,nan,nan,nan,nan,nan,nan,nan,nan,nan,nan,nan,nan,0.022406738251447678,0.02226385846734047,1.0227396488189697,0.023414371535182,0.9090492129325867,1.1050336360931396,0.9887406229972839,0.004470128566026688,6.048996925354004,1.8136019706726074,684.5140051841736,88,PASS
baseline,internal_fold,4,4,0.7484472049689441,0.6067790828749946,0.43750000000000006,0.6045548654244306,43.0,29.0,nan,nan,nan,0.3054954707622528,nan,nan,nan,nan,nan,nan,nan,nan,nan,nan,nan,nan,nan,nan,nan,nan,nan,nan,nan,nan,nan,nan,nan,nan,nan,nan,nan,nan,nan,nan,nan,231.04663610458374,88,PASS
dsls,internal_fold,4,4,0.7484472049689441,0.6067790828869106,0.43750000000000006,0.6045548654244306,43.0,29.0,0.0,nan,nan,0.3054954707622528,761.369384765625,677.1720581054688,630.2349853515625,0.04935349524021149,-0.09518754482269287,1.320572853088379,2.0043707138484024e-07,0.9999831318855286,0.019904433190822603,2.1018686294555664,0.0,nan,nan,nan,nan,nan,nan,nan,nan,nan,nan,nan,nan,nan,nan,nan,nan,nan,nan,nan,nan,231.04663610458374,88,PASS
csda,internal_fold,4,4,0.75,0.6064663742237619,0.43750000000000006,0.6045548654244306,43.0,29.0,nan,10.0,nan,0.30190420150756836,nan,nan,nan,nan,nan,nan,nan,nan,nan,nan,nan,17.0,206232.0,0.008538568392395973,0.04146812483668327,0.004160849377512932,0.18397626280784607,0.0012698180973529816,7.78524923324585,0.05705800652503967,0.011734741739928722,nan,nan,nan,nan,nan,nan,nan,nan,nan,nan,231.04663610458374,88,PASS
icdm,internal_fold,4,4,0.7484472049689441,0.6067790828869106,0.43750000000000006,0.6045548654244306,43.0,29.0,nan,nan,0.0,0.3054954707622528,nan,nan,nan,nan,nan,nan,nan,nan,nan,nan,nan,nan,nan,nan,nan,nan,nan,nan,nan,nan,nan,0.0,0.0,1.0,0.0,1.0,1.0,0.0,0.0,5.537039756774902,0.0,231.04663610458374,88,PASS
baseline,internal_fold,4,5,0.6569797612869746,0.6544179319894976,0.608695652173913,0.5905552672548002,44.0,38.0,nan,nan,nan,0.4816226661205292,nan,nan,nan,nan,nan,nan,nan,nan,nan,nan,nan,nan,nan,nan,nan,nan,nan,nan,nan,nan,nan,nan,nan,nan,nan,nan,nan,nan,nan,nan,nan,602.2045383453369,88,PASS
dsls,internal_fold,4,5,0.6559418785677219,0.6683173079507481,0.6236559139784946,0.6011935651271406,44.0,38.0,134.0,nan,nan,0.5008987784385681,757.462646484375,669.7855224609375,503.827392578125,0.04359498620033264,0.300115168094635,1.4235506057739258,-1.3838807433330658e-07,0.9999838471412659,0.019457124173641205,2.379823923110962,0.1735415756702423,nan,nan,nan,nan,nan,nan,nan,nan,nan,nan,nan,nan,nan,nan,nan,nan,nan,nan,nan,nan,602.2045383453369,88,PASS
csda,internal_fold,4,5,0.6585365853658537,0.6547121067033032,0.608695652173913,0.5905552672548002,44.0,38.0,nan,29.0,nan,0.46714746952056885,nan,nan,nan,nan,nan,nan,nan,nan,nan,nan,nan,18.0,206592.0,0.012723581865429878,0.028858857229351997,-0.0036668700631707907,0.20178040862083435,0.0013313333503901959,7.827986717224121,0.15705369412899017,0.02773718349635601,nan,nan,nan,nan,nan,nan,nan,nan,nan,nan,602.2045383453369,88,PASS
icdm,internal_fold,4,5,0.6569797612869746,0.6583321098529565,0.608695652173913,0.5905552672548002,44.0,38.0,nan,nan,46.0,0.48023244738578796,nan,nan,nan,nan,nan,nan,nan,nan,nan,nan,nan,nan,nan,nan,nan,nan,nan,nan,nan,nan,nan,0.08083004504442215,0.08075862377882004,1.0843411684036255,0.02398676984012127,0.9278011322021484,1.1051700115203857,0.994259774684906,0.014212865382432938,6.974979877471924,3.811150074005127,602.2045383453369,88,PASS
baseline,internal_fold,4,6,0.7654385054488844,0.5763607844200421,0.7070707070707072,0.6650233523611832,47.0,23.0,nan,nan,nan,0.4866681396961212,nan,nan,nan,nan,nan,nan,nan,nan,nan,nan,nan,nan,nan,nan,nan,nan,nan,nan,nan,nan,nan,nan,nan,nan,nan,nan,nan,nan,nan,nan,nan,450.51395988464355,88,PASS
dsls,internal_fold,4,6,0.7654385054488844,0.576360781248427,0.7070707070707072,0.6650233523611832,47.0,23.0,0.0,nan,nan,0.4866681396961212,775.8289794921875,676.3877563476562,612.2894897460938,0.047824207693338394,-0.14513039588928223,1.3357244729995728,3.6000955105919275e-07,0.9999833106994629,0.019447711110115052,2.059356689453125,0.0,nan,nan,nan,nan,nan,nan,nan,nan,nan,nan,nan,nan,nan,nan,nan,nan,nan,nan,nan,nan,450.51395988464355,88,PASS
csda,internal_fold,4,6,0.736377789309808,0.5901796129548793,0.6881720430107526,0.6696938245978205,47.0,23.0,nan,141.0,nan,0.4642358422279358,nan,nan,nan,nan,nan,nan,nan,nan,nan,nan,nan,18.0,206580.0,0.10168592631816864,0.1121230348944664,-0.09025617688894272,0.3902077078819275,0.0013814770616590978,8.182268142700195,1.0240890979766846,0.34684380888938904,nan,nan,nan,nan,nan,nan,nan,nan,nan,nan,450.51395988464355,88,PASS
icdm,internal_fold,4,6,0.7649195640892579,0.5718596092229044,0.7070707070707072,0.6650233523611832,47.0,23.0,nan,nan,149.0,0.48522427678108215,nan,nan,nan,nan,nan,nan,nan,nan,nan,nan,nan,nan,nan,nan,nan,nan,nan,nan,nan,nan,nan,0.09675527364015579,0.09587463736534119,1.1006062030792236,0.013915925286710262,0.9048395156860352,1.1051709651947021,0.998129665851593,0.01695559173822403,8.95150375366211,6.520491600036621,450.51395988464355,88,PASS
baseline,internal_fold,4,7,0.737934613388687,0.6044186330236931,0.6666666666666666,0.6331084587441619,50.0,16.0,nan,nan,nan,0.5013367533683777,nan,nan,nan,nan,nan,nan,nan,nan,nan,nan,nan,nan,nan,nan,nan,nan,nan,nan,nan,nan,nan,nan,nan,nan,nan,nan,nan,nan,nan,nan,nan,533.2784440517426,88,PASS
dsls,internal_fold,4,7,0.737934613388687,0.6044186355973621,0.6666666666666666,0.6331084587441619,50.0,16.0,0.0,nan,nan,0.5013367533683777,804.4039306640625,657.895263671875,612.9259033203125,0.05069355666637421,-0.009677370078861713,1.3216323852539062,5.204594799579354e-07,0.9999832510948181,0.01939380764961243,2.289127826690674,0.0,nan,nan,nan,nan,nan,nan,nan,nan,nan,nan,nan,nan,nan,nan,nan,nan,nan,nan,nan,nan,533.2784440517426,88,PASS
csda,internal_fold,4,7,0.7337830825116762,0.6060077629244813,0.611764705882353,0.6302542812662169,50.0,16.0,nan,101.0,nan,0.4208894670009613,nan,nan,nan,nan,nan,nan,nan,nan,nan,nan,nan,18.0,206584.0,0.07040255516767502,0.08159129321575165,-0.059995442628860474,0.3456973135471344,0.001288080494850874,8.08964729309082,0.7063442468643188,0.21111440658569336,nan,nan,nan,nan,nan,nan,nan,nan,nan,nan,533.2784440517426,88,PASS
icdm,internal_fold,4,7,0.7400103788271926,0.6011389497032374,0.6666666666666666,0.6331084587441619,50.0,16.0,nan,nan,149.0,0.5013589262962341,nan,nan,nan,nan,nan,nan,nan,nan,nan,nan,nan,nan,nan,nan,nan,nan,nan,nan,nan,nan,nan,0.09622988849878311,0.09459886699914932,1.0991400480270386,0.01764065958559513,0.9048374891281128,1.1051709651947021,0.995401918888092,0.016647817566990852,9.004167556762695,6.445859909057617,533.2784440517426,88,PASS
baseline,internal_fold,4,8,0.724961079398028,0.6171609667707638,0.7272727272727273,0.6450441100155683,16.0,15.0,nan,nan,nan,0.5337708592414856,nan,nan,nan,nan,nan,nan,nan,nan,nan,nan,nan,nan,nan,nan,nan,nan,nan,nan,nan,nan,nan,nan,nan,nan,nan,nan,nan,nan,nan,nan,nan,240.93563199043274,88,PASS
dsls,internal_fold,4,8,0.724961079398028,0.6171609639002822,0.7272727272727273,0.6450441100155683,16.0,15.0,0.0,nan,nan,0.5337708592414856,775.6229248046875,692.1934814453125,613.8131713867188,0.050074100494384766,-0.21613596379756927,1.3470205068588257,4.422401502779394e-07,0.9999834299087524,0.018934819102287295,2.242055654525757,0.0,nan,nan,nan,nan,nan,nan,nan,nan,nan,nan,nan,nan,nan,nan,nan,nan,nan,nan,nan,nan,240.93563199043274,88,PASS
csda,internal_fold,4,8,0.7296315516346653,0.6146137410779301,0.7387387387387387,0.6556824078879087,16.0,15.0,nan,15.0,nan,0.5416181683540344,nan,nan,nan,nan,nan,nan,nan,nan,nan,nan,nan,18.0,206946.0,0.007678567431867123,0.03649287298321724,0.001887653605081141,0.1721068173646927,0.0013604716397821904,7.849202632904053,0.07729166001081467,0.012876595370471478,nan,nan,nan,nan,nan,nan,nan,nan,nan,nan,240.93563199043274,88,PASS
icdm,internal_fold,4,8,0.7244421380384016,0.6173685584107358,0.7272727272727273,0.6450441100155683,16.0,15.0,nan,nan,7.0,0.5340781807899475,nan,nan,nan,nan,nan,nan,nan,nan,nan,nan,nan,nan,nan,nan,nan,nan,nan,nan,nan,nan,nan,0.003681191010400653,0.0035925956908613443,1.0035804510116577,0.005011391825973988,0.969489336013794,1.050549030303955,0.9672907590866089,0.000655097421258688,5.666386127471924,0.5444139838218689,240.93563199043274,88,PASS
baseline,internal_fold,4,9,0.7145822522055008,0.6068709638150459,0.6909090909090909,0.5993772703684483,33.0,46.0,nan,nan,nan,0.5614554286003113,nan,nan,nan,nan,nan,nan,nan,nan,nan,nan,nan,nan,nan,nan,nan,nan,nan,nan,nan,nan,nan,nan,nan,nan,nan,nan,nan,nan,nan,nan,nan,589.0431566238403,88,PASS
dsls,internal_fold,4,9,0.7275557861961599,0.6005275675382613,0.7207207207207208,0.6328489880643487,33.0,46.0,149.0,nan,nan,0.5914287567138672,751.1719360351562,668.7007446289062,634.4237670898438,0.049201324582099915,0.042714476585388184,1.2579749822616577,-3.9987133959584753e-07,0.9999831318855286,0.020250797271728516,2.3549280166625977,0.16105081140995026,nan,nan,nan,nan,nan,nan,nan,nan,nan,nan,nan,nan,nan,nan,nan,nan,nan,nan,nan,nan,589.0431566238403,88,PASS
csda,internal_fold,4,9,0.7109496626881162,0.6075767444964751,0.6909090909090909,0.5993772703684483,33.0,46.0,nan,8.0,nan,0.5631920099258423,nan,nan,nan,nan,nan,nan,nan,nan,nan,nan,nan,18.0,206546.0,0.00541616789996624,0.038819048553705215,0.004243145231157541,0.19436201453208923,0.001385150570422411,7.742196559906006,0.04441636800765991,0.009761526249349117,nan,nan,nan,nan,nan,nan,nan,nan,nan,nan,589.0431566238403,88,PASS
icdm,internal_fold,4,9,0.7145822522055008,0.6073169040917374,0.6909090909090909,0.5993772703684483,33.0,46.0,nan,nan,149.0,0.5677840709686279,nan,nan,nan,nan,nan,nan,nan,nan,nan,nan,nan,nan,nan,nan,nan,nan,nan,nan,nan,nan,nan,0.09849277883768082,0.0982857272028923,1.1032943725585938,0.006472331937402487,0.9048574566841125,1.1051709651947021,0.999927282333374,0.017972296103835106,8.947351455688477,6.444070816040039,589.0431566238403,88,PASS
baseline,internal_oof,4,all,0.721426175795258,0.6143786775064571,0.6419213973799127,0.6280281726477646,40.2,33.8,nan,nan,nan,nan,nan,nan,nan,nan,nan,nan,nan,nan,nan,nan,nan,nan,nan,nan,nan,nan,nan,nan,nan,nan,nan,nan,nan,nan,nan,nan,nan,nan,nan,nan,nan,459.28961005210874,882,PASS
dsls,internal_oof,4,all,0.7198008307319214,0.6163816356321128,0.6408839779005526,0.6321792523412708,40.2,33.8,49.4,nan,nan,nan,772.8052673339844,676.2091918945313,597.9122924804688,0.04832802340388298,0.014799440931528806,1.3322410345077516,3.0762514313664724e-07,0.9999833762645721,0.019605330377817153,2.2412572860717774,0.06568180918693542,nan,nan,nan,nan,nan,nan,nan,nan,nan,nan,nan,nan,nan,nan,nan,nan,nan,nan,nan,nan,459.28961005210874,882,PASS
csda,internal_oof,4,all,0.7122468460566033,0.6194595522326931,0.6409691629955947,0.6308402775986172,40.2,33.8,nan,58.2,nan,nan,nan,nan,nan,nan,nan,nan,nan,nan,nan,nan,nan,17.9,206634.4,0.03833847125060856,0.05781038757413626,-0.02781212468398735,0.2652818918228149,0.001346466112881899,7.9374916553497314,0.3912618227303028,0.11230686409398913,nan,nan,nan,nan,nan,nan,nan,nan,nan,nan,459.28961005210874,882,PASS
icdm,internal_oof,4,all,0.7211475452129719,0.6142888313136858,0.64340239912759,0.6290988364593277,40.2,33.8,nan,nan,53.6,nan,nan,nan,nan,nan,nan,nan,nan,nan,nan,nan,nan,nan,nan,nan,nan,nan,nan,nan,nan,nan,nan,0.040823960374109444,0.04051933244336396,1.0423603534698487,0.01025750027038157,0.9481558442115784,1.0661702752113342,0.6916214168071747,0.00727790315868333,6.793719244003296,2.6608894646167753,459.28961005210874,882,PASS
baseline,caltech,4,external,0.6783625730994153,0.6401954454661033,0.5517241379310345,0.6549707602339181,17.0,34.0,nan,nan,nan,0.33254387974739075,nan,nan,nan,nan,nan,nan,nan,nan,nan,nan,nan,nan,nan,nan,nan,nan,nan,nan,nan,nan,nan,nan,nan,nan,nan,nan,nan,nan,nan,nan,nan,407.79855251312256,37,PASS
dsls,caltech,4,external,0.6783625730994153,0.6401954363573226,0.5517241379310345,0.6549707602339181,17.0,34.0,0.0,nan,nan,0.33254387974739075,786.492431640625,723.3360595703125,614.8697509765625,0.04495714604854584,-0.4872171878814697,1.2657121419906616,3.409023463518679e-07,0.999977707862854,0.019028359651565553,1.8725625276565552,0.0,nan,nan,nan,nan,nan,nan,nan,nan,nan,nan,nan,nan,nan,nan,nan,nan,nan,nan,nan,nan,407.79855251312256,37,PASS
csda,caltech,4,external,0.6754385964912281,0.6382372573390755,0.39999999999999997,0.6038011695906432,17.0,34.0,nan,77.0,nan,0.31839269399642944,nan,nan,nan,nan,nan,nan,nan,nan,nan,nan,nan,18.0,286070.0,0.03169860318303108,0.04869901016354561,-0.019491620361804962,0.2736443877220154,0.0013137934729456902,8.001708984375,0.469722181558609,0.10266534984111786,nan,nan,nan,nan,nan,nan,nan,nan,nan,nan,407.79855251312256,37,PASS
icdm,caltech,4,external,0.6812865497076024,0.6397018524861581,0.6,0.6812865497076023,17.0,34.0,nan,nan,18.0,0.3305927515029907,nan,nan,nan,nan,nan,nan,nan,nan,nan,nan,nan,nan,nan,nan,nan,nan,nan,nan,nan,nan,nan,0.018433980643749237,0.01832846738398075,1.018578290939331,0.016559304669499397,0.9397343993186951,1.0990244150161743,0.9824040532112122,0.0032445178367197514,5.907819747924805,1.4397568702697754,407.79855251312256,37,PASS
baseline,abide2,4,external,0.7470899877149877,0.5948200969172368,0.5050505050505051,0.6264626842751843,17.0,34.0,nan,nan,nan,0.33254387974739075,nan,nan,nan,nan,nan,nan,nan,nan,nan,nan,nan,nan,nan,nan,nan,nan,nan,nan,nan,nan,nan,nan,nan,nan,nan,nan,nan,nan,nan,nan,nan,407.79855251312256,727,PASS
dsls,abide2,4,external,0.7470899877149877,0.5948200969448599,0.5050505050505051,0.6264626842751843,17.0,34.0,0.0,nan,nan,0.33254387974739075,786.492431640625,723.3360595703125,614.8697509765625,0.04495714604854584,-0.4872171878814697,1.2657121419906616,3.409023463518679e-07,0.999977707862854,0.019028359651565553,1.8725625276565552,0.0,nan,nan,nan,nan,nan,nan,nan,nan,nan,nan,nan,nan,nan,nan,nan,nan,nan,nan,nan,nan,407.79855251312256,727,PASS
csda,abide2,4,external,0.7490632678132678,0.5936730026092323,0.4888888888888889,0.6209881756756757,17.0,34.0,nan,77.0,nan,0.31839269399642944,nan,nan,nan,nan,nan,nan,nan,nan,nan,nan,nan,18.0,286070.0,0.03169860318303108,0.04869901016354561,-0.019491620361804962,0.2736443877220154,0.0013137934729456902,8.001708984375,0.469722181558609,0.10266534984111786,nan,nan,nan,nan,nan,nan,nan,nan,nan,nan,407.79855251312256,727,PASS
icdm,abide2,4,external,0.7468289312039312,0.5944078034495389,0.5100671140939597,0.6289196867321867,17.0,34.0,nan,nan,18.0,0.3305927515029907,nan,nan,nan,nan,nan,nan,nan,nan,nan,nan,nan,nan,nan,nan,nan,nan,nan,nan,nan,nan,nan,0.018433980643749237,0.01832846738398075,1.018578290939331,0.016559304669499397,0.9397343993186951,1.0990244150161743,0.9824040532112122,0.0032445178367197514,5.907819747924805,1.4397568702697754,407.79855251312256,727,PASS
baseline,internal_fold,5,0,0.7765957446808511,0.5732734348884496,0.7572815533980581,0.7125126646403241,44.0,32.0,nan,nan,nan,0.5486955642700195,nan,nan,nan,nan,nan,nan,nan,nan,nan,nan,nan,nan,nan,nan,nan,nan,nan,nan,nan,nan,nan,nan,nan,nan,nan,nan,nan,nan,nan,nan,nan,704.3342831134796,89,PASS
dsls,internal_fold,5,0,0.7765957446808511,0.5732734395373951,0.7572815533980581,0.7125126646403241,44.0,32.0,0.0,nan,nan,0.5486955642700195,759.385009765625,666.5250244140625,641.3561401367188,0.04942488670349121,-0.17340302467346191,1.3128671646118164,5.28983377989789e-07,0.9999829530715942,0.019633710384368896,2.304447889328003,0.0,nan,nan,nan,nan,nan,nan,nan,nan,nan,nan,nan,nan,nan,nan,nan,nan,nan,nan,nan,nan,704.3342831134796,89,PASS
csda,internal_fold,5,0,0.7791286727456941,0.566302722758645,0.7291666666666666,0.7056737588652482,44.0,32.0,nan,129.0,nan,0.505342423915863,nan,nan,nan,nan,nan,nan,nan,nan,nan,nan,nan,18.0,206352.0,0.09060574322938919,0.10429034382104874,-0.07909299433231354,0.38724035024642944,0.0013092417269945146,8.114729881286621,0.9516613483428955,0.3043908476829529,nan,nan,nan,nan,nan,nan,nan,nan,nan,nan,704.3342831134796,89,PASS
icdm,internal_fold,5,0,0.7765957446808511,0.5732734395373951,0.7572815533980581,0.7125126646403241,44.0,32.0,nan,nan,0.0,0.5486955642700195,nan,nan,nan,nan,nan,nan,nan,nan,nan,nan,nan,nan,nan,nan,nan,nan,nan,nan,nan,nan,nan,0.0,0.0,1.0,0.0,1.0,1.0,0.0,0.0,5.558492660522461,0.0,704.3342831134796,89,PASS
baseline,internal_fold,5,1,0.7315096251266464,0.6164771519208391,0.6206896551724138,0.6324721377912867,34.0,39.0,nan,nan,nan,0.3955601751804352,nan,nan,nan,nan,nan,nan,nan,nan,nan,nan,nan,nan,nan,nan,nan,nan,nan,nan,nan,nan,nan,nan,nan,nan,nan,nan,nan,nan,nan,nan,nan,235.09890151023865,89,PASS
dsls,internal_fold,5,1,0.7315096251266464,0.616477154908518,0.6206896551724138,0.6324721377912867,34.0,39.0,0.0,nan,nan,0.3955601751804352,814.7628784179688,710.7092895507812,601.4065551757812,0.05191480368375778,0.29512593150138855,1.3545600175857544,5.044145154897706e-07,0.9999833106994629,0.0185287281870842,1.9667149782180786,0.0,nan,nan,nan,nan,nan,nan,nan,nan,nan,nan,nan,nan,nan,nan,nan,nan,nan,nan,nan,nan,235.09890151023865,89,PASS
csda,internal_fold,5,1,0.7315096251266464,0.616477154908518,0.6206896551724138,0.6324721377912867,34.0,39.0,nan,0.0,nan,0.3955601751804352,nan,nan,nan,nan,nan,nan,nan,nan,nan,nan,nan,18.0,207036.0,0.028396081179380417,0.09776899963617325,0.0347612127661705,0.2240356057882309,0.001333850808441639,7.699678421020508,0.0,0.0,nan,nan,nan,nan,nan,nan,nan,nan,nan,nan,235.09890151023865,89,PASS
icdm,internal_fold,5,1,0.7315096251266464,0.616477154908518,0.6206896551724138,0.6324721377912867,34.0,39.0,nan,nan,0.0,0.3955601751804352,nan,nan,nan,nan,nan,nan,nan,nan,nan,nan,nan,nan,nan,nan,nan,nan,nan,nan,nan,nan,nan,0.0,0.0,1.0,0.0,1.0,1.0,0.0,0.0,5.591207027435303,0.0,235.09890151023865,89,PASS
baseline,internal_fold,5,2,0.8141821946169773,0.5225295698138588,0.675,0.7101449275362319,44.0,42.0,nan,nan,nan,0.403703898191452,nan,nan,nan,nan,nan,nan,nan,nan,nan,nan,nan,nan,nan,nan,nan,nan,nan,nan,nan,nan,nan,nan,nan,nan,nan,nan,nan,nan,nan,nan,nan,469.3081932067871,88,PASS
dsls,internal_fold,5,2,0.8245341614906833,0.5069734448646674,0.717391304347826,0.7039337474120082,44.0,42.0,149.0,nan,nan,0.5134516954421997,747.9502563476562,680.6112670898438,582.7066040039062,0.04609459638595581,0.1989092081785202,1.380330204963684,7.019684833409201e-09,0.9999834895133972,0.018174906075000764,2.004977226257324,0.16424058377742767,nan,nan,nan,nan,nan,nan,nan,nan,nan,nan,nan,nan,nan,nan,nan,nan,nan,nan,nan,nan,469.3081932067871,88,PASS
csda,internal_fold,5,2,0.8141821946169773,0.522529572955644,0.675,0.7101449275362319,44.0,42.0,nan,0.0,nan,0.40370386838912964,nan,nan,nan,nan,nan,nan,nan,nan,nan,nan,nan,18.0,207104.0,0.02984338067471981,0.09343372285366058,0.03519371896982193,0.21661721169948578,0.0012684961780905725,7.752310752868652,0.0,0.0,nan,nan,nan,nan,nan,nan,nan,nan,nan,nan,469.3081932067871,88,PASS
icdm,internal_fold,5,2,0.8141821946169773,0.522529572955644,0.675,0.7101449275362319,44.0,42.0,nan,nan,0.0,0.40370386838912964,nan,nan,nan,nan,nan,nan,nan,nan,nan,nan,nan,nan,nan,nan,nan,nan,nan,nan,nan,nan,nan,0.0,0.0,1.0,0.0,1.0,1.0,0.0,0.0,5.540002346038818,0.0,469.3081932067871,88,PASS
baseline,internal_fold,5,3,0.7122153209109731,0.6178784578268638,0.7070707070707071,0.6661490683229814,45.0,48.0,nan,nan,nan,0.5154843926429749,nan,nan,nan,nan,nan,nan,nan,nan,nan,nan,nan,nan,nan,nan,nan,nan,nan,nan,nan,nan,nan,nan,nan,nan,nan,nan,nan,nan,nan,nan,nan,492.53197717666626,88,PASS
dsls,internal_fold,5,3,0.7122153209109731,0.6178784619597288,0.7070707070707071,0.6661490683229814,45.0,48.0,0.0,nan,nan,0.5154843926429749,818.0675659179688,695.9769897460938,569.2537231445312,0.04841725155711174,0.21277523040771484,1.4431242942810059,3.088661344463617e-07,0.9999831318855286,0.019357684254646304,1.7864364385604858,0.0,nan,nan,nan,nan,nan,nan,nan,nan,nan,nan,nan,nan,nan,nan,nan,nan,nan,nan,nan,nan,492.53197717666626,88,PASS
csda,internal_fold,5,3,0.7028985507246377,0.6275480037023361,0.4411764705882353,0.5797101449275363,45.0,48.0,nan,115.0,nan,0.32606446743011475,nan,nan,nan,nan,nan,nan,nan,nan,nan,nan,nan,18.0,206352.0,0.07373136281967163,0.0849769189953804,-0.061652760952711105,0.36943620443344116,0.0013201643712818624,8.083024978637695,0.7816112041473389,0.22480656206607819,nan,nan,nan,nan,nan,nan,nan,nan,nan,nan,492.53197717666626,88,PASS
icdm,internal_fold,5,3,0.7101449275362319,0.6199064820998592,0.7070707070707071,0.6661490683229814,45.0,48.0,nan,nan,20.0,0.5159319639205933,nan,nan,nan,nan,nan,nan,nan,nan,nan,nan,nan,nan,nan,nan,nan,nan,nan,nan,nan,nan,nan,0.021332181990146637,0.021272776648402214,1.0216768980026245,0.020647186785936356,0.9202618598937988,1.1043936014175415,0.9879778027534485,0.003884925739839673,5.9579997062683105,1.601780652999878,492.53197717666626,88,PASS
baseline,internal_fold,5,4,0.6961697722567288,0.6259126965136342,0.6206896551724138,0.6268115942028986,16.0,42.0,nan,nan,nan,0.36197420954704285,nan,nan,nan,nan,nan,nan,nan,nan,nan,nan,nan,nan,nan,nan,nan,nan,nan,nan,nan,nan,nan,nan,nan,nan,nan,nan,nan,nan,nan,nan,nan,259.0294020175934,88,PASS
dsls,internal_fold,5,4,0.6961697722567288,0.6259126971551251,0.6206896551724138,0.6268115942028986,16.0,42.0,0.0,nan,nan,0.36197423934936523,728.1012573242188,634.4129028320312,519.7788696289062,0.04454833269119263,0.04213685914874077,1.395310878753662,5.459058343149081e-07,0.9999842047691345,0.020785421133041382,2.226985454559326,0.0,nan,nan,nan,nan,nan,nan,nan,nan,nan,nan,nan,nan,nan,nan,nan,nan,nan,nan,nan,nan,259.0294020175934,88,PASS
csda,internal_fold,5,4,0.6972049689440994,0.6256841494567317,0.6206896551724138,0.6268115942028986,16.0,42.0,nan,2.0,nan,0.3619435429573059,nan,nan,nan,nan,nan,nan,nan,nan,nan,nan,nan,18.0,207050.0,0.020860278978943825,0.06220799684524536,0.0196386631578207,0.1854599416255951,0.001401204336434603,7.6680097579956055,0.011464749462902546,0.0022756895050406456,nan,nan,nan,nan,nan,nan,nan,nan,nan,nan,259.0294020175934,88,PASS
icdm,internal_fold,5,4,0.6961697722567288,0.6259126971551251,0.6206896551724138,0.6268115942028986,16.0,42.0,nan,nan,0.0,0.36197423934936523,nan,nan,nan,nan,nan,nan,nan,nan,nan,nan,nan,nan,nan,nan,nan,nan,nan,nan,nan,nan,nan,0.0,0.0,1.0,0.0,1.0,1.0,0.0,0.0,5.519941806793213,0.0,259.0294020175934,88,PASS
baseline,internal_fold,5,5,0.6652828230409964,0.6594203523131934,0.6190476190476191,0.6424494032174364,1.0,12.0,nan,nan,nan,0.4491979777812958,nan,nan,nan,nan,nan,nan,nan,nan,nan,nan,nan,nan,nan,nan,nan,nan,nan,nan,nan,nan,nan,nan,nan,nan,nan,nan,nan,nan,nan,nan,nan,484.7166438102722,88,PASS
dsls,internal_fold,5,5,0.663207057602491,0.6590967609099944,0.6206896551724138,0.6286974571873378,1.0,12.0,11.0,nan,nan,0.453098863363266,867.1355590820312,723.52392578125,662.9612426757812,0.06422937661409378,0.39271339774131775,1.2613518238067627,-9.005252650240436e-07,0.999981701374054,0.0219246044754982,2.3728368282318115,0.03288492560386658,nan,nan,nan,nan,nan,nan,nan,nan,nan,nan,nan,nan,nan,nan,nan,nan,nan,nan,nan,nan,484.7166438102722,88,PASS
csda,internal_fold,5,5,0.6652828230409964,0.6594203503241641,0.6190476190476191,0.6424494032174364,1.0,12.0,nan,0.0,nan,0.4491979777812958,nan,nan,nan,nan,nan,nan,nan,nan,nan,nan,nan,18.0,207192.0,0.024807944893836975,0.06329076737165451,0.015979362651705742,0.17804154753684998,0.001597479172050953,7.64561653137207,0.0,0.0,nan,nan,nan,nan,nan,nan,nan,nan,nan,nan,484.7166438102722,88,PASS
icdm,internal_fold,5,5,0.67047223663726,0.6596558688445879,0.6265060240963856,0.6546445251686559,1.0,12.0,nan,nan,149.0,0.4376108646392822,nan,nan,nan,nan,nan,nan,nan,nan,nan,nan,nan,nan,nan,nan,nan,nan,nan,nan,nan,nan,nan,0.08307798951864243,0.0714978352189064,1.070698618888855,0.041898101568222046,0.904837429523468,1.1051709651947021,0.9387273192405701,0.015410305000841618,9.840895652770996,7.150111198425293,484.7166438102722,88,PASS
baseline,internal_fold,5,6,0.6959003632589518,0.6218149375014133,0.627906976744186,0.6408925791385574,23.0,37.0,nan,nan,nan,0.4201487600803375,nan,nan,nan,nan,nan,nan,nan,nan,nan,nan,nan,nan,nan,nan,nan,nan,nan,nan,nan,nan,nan,nan,nan,nan,nan,nan,nan,nan,nan,nan,nan,412.72131514549255,88,PASS
dsls,internal_fold,5,6,0.6959003632589518,0.6218149359068991,0.627906976744186,0.6408925791385574,23.0,37.0,0.0,nan,nan,0.4201487600803375,789.7147216796875,684.1150512695312,619.3218994140625,0.05043627321720123,-0.11132293194532394,1.3328198194503784,5.094285597806447e-07,0.9999837875366211,0.019091862440109256,2.22059965133667,0.0,nan,nan,nan,nan,nan,nan,nan,nan,nan,nan,nan,nan,nan,nan,nan,nan,nan,nan,nan,nan,412.72131514549255,88,PASS
csda,internal_fold,5,6,0.7140633108458745,0.6152019116895776,0.6881720430107526,0.6696938245978205,23.0,37.0,nan,79.0,nan,0.4602912366390228,nan,nan,nan,nan,nan,nan,nan,nan,nan,nan,nan,18.0,206598.0,0.04464227706193924,0.06174164265394211,-0.034060318022966385,0.32195845246315,0.0012609234079718592,8.00175666809082,0.5053857564926147,0.1213168129324913,nan,nan,nan,nan,nan,nan,nan,nan,nan,nan,412.72131514549255,88,PASS
icdm,internal_fold,5,6,0.6953814218993254,0.6219810158778158,0.627906976744186,0.6408925791385574,23.0,37.0,nan,nan,9.0,0.4199865758419037,nan,nan,nan,nan,nan,nan,nan,nan,nan,nan,nan,nan,nan,nan,nan,nan,nan,nan,nan,nan,nan,0.00554851908236742,0.005532997194677591,1.0055580139160156,0.005036802031099796,0.9846388697624207,1.0434612035751343,0.995694100856781,0.0009815264493227005,5.687333583831787,0.7078654170036316,412.72131514549255,88,PASS
baseline,internal_fold,5,7,0.6917488323819408,0.6288378217896853,0.673469387755102,0.6315516346652829,19.0,24.0,nan,nan,nan,0.4769759774208069,nan,nan,nan,nan,nan,nan,nan,nan,nan,nan,nan,nan,nan,nan,nan,nan,nan,nan,nan,nan,nan,nan,nan,nan,nan,nan,nan,nan,nan,nan,nan,449.4010200500488,88,PASS
dsls,internal_fold,5,7,0.6917488323819408,0.6288378207190941,0.673469387755102,0.6315516346652829,19.0,24.0,0.0,nan,nan,0.47697603702545166,738.855224609375,659.2938232421875,583.2327270507812,0.04429349675774574,0.1710469275712967,1.3541889190673828,5.846394515174325e-07,0.999983549118042,0.02048376649618149,2.076218366622925,0.0,nan,nan,nan,nan,nan,nan,nan,nan,nan,nan,nan,nan,nan,nan,nan,nan,nan,nan,nan,nan,449.4010200500488,88,PASS
csda,internal_fold,5,7,0.6917488323819408,0.6288378207190941,0.673469387755102,0.6315516346652829,19.0,24.0,nan,0.0,nan,0.47697603702545166,nan,nan,nan,nan,nan,nan,nan,nan,nan,nan,nan,18.0,206380.0,0.03277691453695297,0.08856990188360214,0.03394026309251785,0.18249258399009705,0.0014642812311649323,7.693987846374512,0.0,0.0,nan,nan,nan,nan,nan,nan,nan,nan,nan,nan,449.4010200500488,88,PASS
icdm,internal_fold,5,7,0.6938245978204463,0.6297035531101876,0.673469387755102,0.6315516346652829,19.0,24.0,nan,nan,93.0,0.4745190143585205,nan,nan,nan,nan,nan,nan,nan,nan,nan,nan,nan,nan,nan,nan,nan,nan,nan,nan,nan,nan,nan,0.09566926956176758,0.09517721086740494,1.0998972654342651,0.012310496531426907,0.9048636555671692,1.1051709651947021,0.9993938207626343,0.017863599583506584,8.375762939453125,5.738880634307861,449.4010200500488,88,PASS
baseline,internal_fold,5,8,0.5376232485729112,0.7194562551544412,0.5434782608695652,0.5220550077841204,10.0,12.0,nan,nan,nan,0.4762715697288513,nan,nan,nan,nan,nan,nan,nan,nan,nan,nan,nan,nan,nan,nan,nan,nan,nan,nan,nan,nan,nan,nan,nan,nan,nan,nan,nan,nan,nan,nan,nan,650.1398024559021,88,PASS
dsls,internal_fold,5,8,0.5376232485729112,0.7194562574075364,0.5434782608695652,0.5220550077841204,10.0,12.0,0.0,nan,nan,0.47627153992652893,796.3375244140625,664.7073974609375,579.5388793945312,0.04925065487623215,0.4627600610256195,1.4536070823669434,-1.079527237379807e-06,0.9999836087226868,0.020585113763809205,1.9958513975143433,0.0,nan,nan,nan,nan,nan,nan,nan,nan,nan,nan,nan,nan,nan,nan,nan,nan,nan,nan,nan,nan,650.1398024559021,88,PASS
csda,internal_fold,5,8,0.5230928905033732,0.7213717895470985,0.5238095238095238,0.5511157239231967,10.0,12.0,nan,74.0,nan,0.4595949649810791,nan,nan,nan,nan,nan,nan,nan,nan,nan,nan,nan,18.0,205980.0,0.04201412573456764,0.059387046843767166,-0.030196361243724823,0.2937685549259186,0.0014632873237133027,7.97183084487915,0.47303256392478943,0.11220268905162811,nan,nan,nan,nan,nan,nan,nan,nan,nan,nan,650.1398024559021,88,PASS
icdm,internal_fold,5,8,0.5422937208095484,0.7257202282731905,0.5454545454545454,0.5480020757654385,10.0,12.0,nan,nan,149.0,0.4607715606689453,nan,nan,nan,nan,nan,nan,nan,nan,nan,nan,nan,nan,nan,nan,nan,nan,nan,nan,nan,nan,nan,0.0888972356915474,0.08037154376506805,1.0815421342849731,0.03737547621130943,0.904837429523468,1.1051709651947021,0.9622357487678528,0.015365619212388992,9.915204048156738,7.470263957977295,650.1398024559021,88,PASS
baseline,internal_fold,5,9,0.7405293201868189,0.6016692051424527,0.6595744680851063,0.634665282823041,29.0,41.0,nan,nan,nan,0.4131303131580353,nan,nan,nan,nan,nan,nan,nan,nan,nan,nan,nan,nan,nan,nan,nan,nan,nan,nan,nan,nan,nan,nan,nan,nan,nan,nan,nan,nan,nan,nan,nan,506.1993911266327,88,PASS
dsls,internal_fold,5,9,0.7462376751427089,0.5948187926479075,0.6804123711340208,0.6437467566165023,29.0,41.0,146.0,nan,nan,0.43289124965667725,803.3020629882812,646.447265625,459.08447265625,0.04266383498907089,-0.40329721570014954,1.3591474294662476,7.340584602388844e-07,0.9999836087226868,0.01977369785308838,2.5151243209838867,0.17358189821243286,nan,nan,nan,nan,nan,nan,nan,nan,nan,nan,nan,nan,nan,nan,nan,nan,nan,nan,nan,nan,506.1993911266327,88,PASS
csda,internal_fold,5,9,0.7405293201868189,0.5988701819062302,0.6595744680851063,0.634665282823041,29.0,41.0,nan,29.0,nan,0.42339369654655457,nan,nan,nan,nan,nan,nan,nan,nan,nan,nan,nan,17.0,207210.0,0.008316933177411556,0.02871098183095455,-0.0018548668595030904,0.1913946568965912,0.0012985126115381718,7.879854202270508,0.16167810559272766,0.027628397569060326,nan,nan,nan,nan,nan,nan,nan,nan,nan,nan,506.1993911266327,88,PASS
icdm,internal_fold,5,9,0.7405293201868189,0.6016692032530192,0.6595744680851063,0.634665282823041,29.0,41.0,nan,nan,0.0,0.4131303131580353,nan,nan,nan,nan,nan,nan,nan,nan,nan,nan,nan,nan,nan,nan,nan,nan,nan,nan,nan,nan,nan,0.0,0.0,1.0,0.0,1.0,1.0,0.0,0.0,5.492631435394287,0.0,506.1993911266327,88,PASS
baseline,internal_oof,5,all,0.7075875235417043,0.6186729028105606,0.6527472527472529,0.64208353757643,26.5,32.9,nan,nan,nan,nan,nan,nan,nan,nan,nan,nan,nan,nan,nan,nan,nan,nan,nan,nan,nan,nan,nan,nan,nan,nan,nan,nan,nan,nan,nan,nan,nan,nan,nan,nan,nan,466.34809296131135,882,PASS
dsls,internal_oof,5,all,0.7094037821521633,0.6164050453559298,0.6594827586206897,0.6408761383865225,26.5,32.9,30.6,nan,nan,nan,786.3612060546875,676.6322937011719,581.864111328125,0.0491273507475853,0.10874444432556629,1.3647307634353638,1.7432635162073496e-07,0.9999833345413208,0.019833949506282804,2.1470192551612852,0.03707074075937271,nan,nan,nan,nan,nan,nan,nan,nan,nan,nan,nan,nan,nan,nan,nan,nan,nan,nan,nan,nan,466.34809296131135,882,PASS
csda,internal_oof,5,all,0.7079332318567632,0.618163516756071,0.6314580941446614,0.6390108614328835,26.5,32.9,nan,42.8,nan,nan,nan,nan,nan,nan,nan,nan,nan,nan,nan,nan,nan,17.9,206725.4,0.039599504228681325,0.07443783227354288,-0.006734408077318221,0.2550445109605789,0.0013717441167682412,7.851079988479614,0.28848337279632685,0.07926209988072515,nan,nan,nan,nan,nan,nan,nan,nan,nan,nan,466.34809296131135,882,PASS
icdm,internal_oof,5,all,0.7077732772632285,0.6196266684850297,0.6541436464088397,0.6458321508733005,26.5,32.9,nan,nan,42.0,nan,nan,nan,nan,nan,nan,nan,nan,nan,nan,nan,nan,nan,nan,nan,nan,nan,nan,nan,nan,nan,nan,0.029452519584447147,0.02738523636944592,1.0279372930526733,0.011726806312799454,0.9619439244270325,1.0463367700576782,0.48840287923812864,0.005350597598589957,6.747947120666504,2.2668901860713957,466.34809296131135,882,PASS
baseline,caltech,5,external,0.6315789473684211,0.6973521172857113,0.6500000000000001,0.6198830409356726,21.0,75.0,nan,nan,nan,0.5240899324417114,nan,nan,nan,nan,nan,nan,nan,nan,nan,nan,nan,nan,nan,nan,nan,nan,nan,nan,nan,nan,nan,nan,nan,nan,nan,nan,nan,nan,nan,nan,nan,427.5989887714386,37,PASS
dsls,caltech,5,external,0.6345029239766082,0.6948800768415364,0.6666666666666667,0.6769005847953216,21.0,75.0,67.0,nan,nan,0.3644299805164337,834.9263916015625,738.4779663085938,631.3300170898438,0.04710051044821739,-0.07396642118692398,1.3033475875854492,-1.0158889836020535e-06,0.9999777674674988,0.019026614725589752,2.2939136028289795,0.10090988129377365,nan,nan,nan,nan,nan,nan,nan,nan,nan,nan,nan,nan,nan,nan,nan,nan,nan,nan,nan,nan,427.5989887714386,37,PASS
csda,caltech,5,external,0.6228070175438596,0.6992570885897285,0.6111111111111113,0.6228070175438596,21.0,75.0,nan,39.0,nan,0.36613011360168457,nan,nan,nan,nan,nan,nan,nan,nan,nan,nan,nan,18.0,285302.0,0.014985634945333004,0.02871127240359783,-0.004745606333017349,0.21311475336551666,0.0013243701308965684,7.884803771972656,0.21601353585720062,0.03926867991685867,nan,nan,nan,nan,nan,nan,nan,nan,nan,nan,427.5989887714386,37,PASS
icdm,caltech,5,external,0.6315789473684211,0.6973521118425295,0.6500000000000001,0.6198830409356726,21.0,75.0,nan,nan,0.0,0.5240899324417114,nan,nan,nan,nan,nan,nan,nan,nan,nan,nan,nan,nan,nan,nan,nan,nan,nan,nan,nan,nan,nan,0.0,0.0,1.0,0.0,1.0,1.0,0.0,0.0,5.554601192474365,0.0,427.5989887714386,37,PASS
baseline,abide2,5,external,0.7526105651105651,0.5886846446078237,0.731764705882353,0.6758138820638822,21.0,75.0,nan,nan,nan,0.5240899324417114,nan,nan,nan,nan,nan,nan,nan,nan,nan,nan,nan,nan,nan,nan,nan,nan,nan,nan,nan,nan,nan,nan,nan,nan,nan,nan,nan,nan,nan,nan,nan,427.5989887714386,727,PASS
dsls,abide2,5,external,0.7516584766584766,0.59137550140126,0.6398852223816355,0.669268273955774,21.0,75.0,67.0,nan,nan,0.3644299805164337,834.9263916015625,738.4779663085938,631.3300170898438,0.04710051044821739,-0.07396642118692398,1.3033475875854492,-1.0158889836020535e-06,0.9999777674674988,0.019026614725589752,2.2939136028289795,0.10090988129377365,nan,nan,nan,nan,nan,nan,nan,nan,nan,nan,nan,nan,nan,nan,nan,nan,nan,nan,nan,nan,427.5989887714386,727,PASS
csda,abide2,5,external,0.7523648648648649,0.5897981262780733,0.6408045977011494,0.670830773955774,21.0,75.0,nan,39.0,nan,0.36613011360168457,nan,nan,nan,nan,nan,nan,nan,nan,nan,nan,nan,18.0,285302.0,0.014985634945333004,0.02871127240359783,-0.004745606333017349,0.21311475336551666,0.0013243701308965684,7.884803771972656,0.21601353585720062,0.03926867991685867,nan,nan,nan,nan,nan,nan,nan,nan,nan,nan,427.5989887714386,727,PASS
icdm,abide2,5,external,0.7526105651105651,0.5886846471795639,0.731764705882353,0.6758138820638822,21.0,75.0,nan,nan,0.0,0.5240899324417114,nan,nan,nan,nan,nan,nan,nan,nan,nan,nan,nan,nan,nan,nan,nan,nan,nan,nan,nan,nan,nan,0.0,0.0,1.0,0.0,1.0,1.0,0.0,0.0,5.554601192474365,0.0,427.5989887714386,727,PASS
baseline,internal_fold,6,0,0.6950354609929078,0.6121013360825109,0.48484848484848486,0.6344984802431611,46.0,31.0,nan,nan,nan,0.3411695659160614,nan,nan,nan,nan,nan,nan,nan,nan,nan,nan,nan,nan,nan,nan,nan,nan,nan,nan,nan,nan,nan,nan,nan,nan,nan,nan,nan,nan,nan,nan,nan,403.7203378677368,89,PASS
dsls,internal_fold,6,0,0.6950354609929078,0.6121013382246203,0.48484848484848486,0.6344984802431611,46.0,31.0,0.0,nan,nan,0.3411695659160614,779.9539794921875,661.0814208984375,564.6173706054688,0.04761229082942009,0.17647135257720947,1.255459189414978,3.76054543949067e-07,0.9999836087226868,0.019255493581295014,1.8894634246826172,0.0,nan,nan,nan,nan,nan,nan,nan,nan,nan,nan,nan,nan,nan,nan,nan,nan,nan,nan,nan,nan,403.7203378677368,89,PASS
csda,internal_fold,6,0,0.7016210739614995,0.6092858599127662,0.5428571428571428,0.6545086119554204,46.0,31.0,nan,28.0,nan,0.37326309084892273,nan,nan,nan,nan,nan,nan,nan,nan,nan,nan,nan,18.0,206944.0,0.012111557647585869,0.033514805138111115,-0.005272150970995426,0.17655786871910095,0.0013132204301655294,7.895820140838623,0.14595311880111694,0.028551260009407997,nan,nan,nan,nan,nan,nan,nan,nan,nan,nan,403.7203378677368,89,PASS
icdm,internal_fold,6,0,0.6950354609929078,0.6121013382246203,0.48484848484848486,0.6344984802431611,46.0,31.0,nan,nan,0.0,0.3411695659160614,nan,nan,nan,nan,nan,nan,nan,nan,nan,nan,nan,nan,nan,nan,nan,nan,nan,nan,nan,nan,nan,0.0,0.0,1.0,0.0,1.0,1.0,0.0,0.0,5.5115132331848145,0.0,403.7203378677368,89,PASS
baseline,internal_fold,6,1,0.7137791286727457,0.6575229852101179,0.7358490566037736,0.6767983789260386,10.0,80.0,nan,nan,nan,0.5807763338088989,nan,nan,nan,nan,nan,nan,nan,nan,nan,nan,nan,nan,nan,nan,nan,nan,nan,nan,nan,nan,nan,nan,nan,nan,nan,nan,nan,nan,nan,nan,nan,473.88036608695984,89,PASS
dsls,internal_fold,6,1,0.7173252279635258,0.6580547754283194,0.7083333333333333,0.6831306990881459,10.0,80.0,149.0,nan,nan,0.47845107316970825,766.9879150390625,687.3541870117188,596.8112182617188,0.04805352911353111,-0.5115166902542114,1.3693772554397583,-5.515466749983489e-09,0.9999831914901733,0.019502469897270204,2.288785219192505,0.15166334807872772,nan,nan,nan,nan,nan,nan,nan,nan,nan,nan,nan,nan,nan,nan,nan,nan,nan,nan,nan,nan,473.88036608695984,89,PASS
csda,internal_fold,6,1,0.7163120567375887,0.6547874589384535,0.7115384615384615,0.6555217831813577,10.0,80.0,nan,53.0,nan,0.5794158577919006,nan,nan,nan,nan,nan,nan,nan,nan,nan,nan,nan,18.0,207232.0,0.022368550300598145,0.04329429194331169,-0.006941124796867371,0.22106824815273285,0.0014352088794112206,7.881473064422607,0.2860218286514282,0.05365105718374252,nan,nan,nan,nan,nan,nan,nan,nan,nan,nan,473.88036608695984,89,PASS
icdm,internal_fold,6,1,0.7137791286727457,0.6575229878450202,0.7358490566037736,0.6767983789260386,10.0,80.0,nan,nan,0.0,0.5807763338088989,nan,nan,nan,nan,nan,nan,nan,nan,nan,nan,nan,nan,nan,nan,nan,nan,nan,nan,nan,nan,nan,0.0,0.0,1.0,0.0,1.0,1.0,0.0,0.0,5.5261054039001465,0.0,473.88036608695984,89,PASS
baseline,internal_fold,6,2,0.7256728778467909,0.593158927227153,0.6,0.6418219461697723,32.0,42.0,nan,nan,nan,0.3670346736907959,nan,nan,nan,nan,nan,nan,nan,nan,nan,nan,nan,nan,nan,nan,nan,nan,nan,nan,nan,nan,nan,nan,nan,nan,nan,nan,nan,nan,nan,nan,nan,330.42936086654663,88,PASS
dsls,internal_fold,6,2,0.7256728778467909,0.5931589278442804,0.6,0.6418219461697723,32.0,42.0,0.0,nan,nan,0.3670346736907959,784.0745239257812,705.3196411132812,578.6415405273438,0.04945880174636841,-0.46445903182029724,1.3058518171310425,9.927840238788121e-08,0.9999833703041077,0.01839578151702881,2.0727322101593018,0.0,nan,nan,nan,nan,nan,nan,nan,nan,nan,nan,nan,nan,nan,nan,nan,nan,nan,nan,nan,nan,330.42936086654663,88,PASS
csda,internal_fold,6,2,0.734472049689441,0.5871719002375456,0.7663551401869158,0.7075569358178053,32.0,42.0,nan,46.0,nan,0.5615946650505066,nan,nan,nan,nan,nan,nan,nan,nan,nan,nan,nan,18.0,206502.0,0.018448257818818092,0.03786453604698181,-0.005936102941632271,0.24480712413787842,0.0012921687215566636,7.902432441711426,0.25758063793182373,0.04678432643413544,nan,nan,nan,nan,nan,nan,nan,nan,nan,nan,330.42936086654663,88,PASS
icdm,internal_fold,6,2,0.7256728778467909,0.5931589278442804,0.6,0.6418219461697723,32.0,42.0,nan,nan,0.0,0.3670346736907959,nan,nan,nan,nan,nan,nan,nan,nan,nan,nan,nan,nan,nan,nan,nan,nan,nan,nan,nan,nan,nan,0.0,0.0,1.0,0.0,1.0,1.0,0.0,0.0,5.567923545837402,0.0,330.42936086654663,88,PASS
baseline,internal_fold,6,3,0.6873706004140787,0.6295858440624901,0.6265060240963856,0.6516563146997929,36.0,17.0,nan,nan,nan,0.4389318525791168,nan,nan,nan,nan,nan,nan,nan,nan,nan,nan,nan,nan,nan,nan,nan,nan,nan,nan,nan,nan,nan,nan,nan,nan,nan,nan,nan,nan,nan,nan,nan,373.2531785964966,88,PASS
dsls,internal_fold,6,3,0.6873706004140787,0.6295858506612872,0.6265060240963856,0.6516563146997929,36.0,17.0,0.0,nan,nan,0.43893182277679443,755.4575805664062,684.0740356445312,583.093017578125,0.04631010442972183,0.20036661624908447,1.365425705909729,5.034116838942282e-07,0.9999836087226868,0.019343119859695435,2.1650443077087402,0.0,nan,nan,nan,nan,nan,nan,nan,nan,nan,nan,nan,nan,nan,nan,nan,nan,nan,nan,nan,nan,373.2531785964966,88,PASS
csda,internal_fold,6,3,0.6909937888198757,0.6313716528967257,0.6595744680851064,0.634575569358178,36.0,17.0,nan,74.0,nan,0.48890143632888794,nan,nan,nan,nan,nan,nan,nan,nan,nan,nan,nan,18.0,206632.0,0.04591831564903259,0.06360946595668793,-0.03398912772536278,0.3516320586204529,0.0013738032430410385,7.953464031219482,0.48406270146369934,0.12431850284337997,nan,nan,nan,nan,nan,nan,nan,nan,nan,nan,373.2531785964966,88,PASS
icdm,internal_fold,6,3,0.6873706004140787,0.6295858506612872,0.6265060240963856,0.6516563146997929,36.0,17.0,nan,nan,0.0,0.43893182277679443,nan,nan,nan,nan,nan,nan,nan,nan,nan,nan,nan,nan,nan,nan,nan,nan,nan,nan,nan,nan,nan,0.0,0.0,1.0,0.0,1.0,1.0,0.0,0.0,5.534338474273682,0.0,373.2531785964966,88,PASS
baseline,internal_fold,6,4,0.7981366459627329,0.5693286387059942,0.6829268292682927,0.7091097308488613,6.0,14.0,nan,nan,nan,0.4430806040763855,nan,nan,nan,nan,nan,nan,nan,nan,nan,nan,nan,nan,nan,nan,nan,nan,nan,nan,nan,nan,nan,nan,nan,nan,nan,nan,nan,nan,nan,nan,nan,652.162924528122,88,PASS
dsls,internal_fold,6,4,0.7981366459627329,0.5693286370384372,0.6829268292682927,0.7091097308488613,6.0,14.0,0.0,nan,nan,0.4430806338787079,835.2134399414062,673.5266723632812,623.0714111328125,0.0571155846118927,0.35280290246009827,1.2873338460922241,-8.814718626126705e-07,0.9999820590019226,0.021832931041717532,2.0681099891662598,0.0,nan,nan,nan,nan,nan,nan,nan,nan,nan,nan,nan,nan,nan,nan,nan,nan,nan,nan,nan,nan,652.162924528122,88,PASS
csda,internal_fold,6,4,0.796583850931677,0.5628251316084832,0.5833333333333333,0.6687370600414079,6.0,14.0,nan,67.0,nan,0.38028037548065186,nan,nan,nan,nan,nan,nan,nan,nan,nan,nan,nan,18.0,206540.0,0.023951418697834015,0.048959534615278244,-0.013473233208060265,0.25964391231536865,0.0015247300267219545,7.982178211212158,0.41601330041885376,0.09380091726779938,nan,nan,nan,nan,nan,nan,nan,nan,nan,nan,652.162924528122,88,PASS
icdm,internal_fold,6,4,0.8002070393374742,0.5623693396258002,0.675,0.7101449275362319,6.0,14.0,nan,nan,149.0,0.41665780544281006,nan,nan,nan,nan,nan,nan,nan,nan,nan,nan,nan,nan,nan,nan,nan,nan,nan,nan,nan,nan,nan,0.08697193115949631,0.0769820362329483,1.0777508020401,0.03889919072389603,0.904837429523468,1.1051709651947021,0.9562349915504456,0.01625010371208191,9.759255409240723,7.188918113708496,652.162924528122,88,PASS
baseline,internal_fold,6,5,0.7929423975090815,0.5703350976216897,0.7551020408163265,0.7228853139595226,28.0,16.0,nan,nan,nan,0.50944983959198,nan,nan,nan,nan,nan,nan,nan,nan,nan,nan,nan,nan,nan,nan,nan,nan,nan,nan,nan,nan,nan,nan,nan,nan,nan,nan,nan,nan,nan,nan,nan,219.64625716209412,88,PASS
dsls,internal_fold,6,5,0.7929423975090815,0.5703350963271963,0.7551020408163265,0.7228853139595226,28.0,16.0,0.0,nan,nan,0.50944983959198,766.6591186523438,664.6273193359375,634.6729736328125,0.04912964254617691,0.19960051774978638,1.2984875440597534,3.128773755634029e-07,0.9999831914901733,0.02025635540485382,2.0340285301208496,0.0,nan,nan,nan,nan,nan,nan,nan,nan,nan,nan,nan,nan,nan,nan,nan,nan,nan,nan,nan,nan,219.64625716209412,88,PASS
csda,internal_fold,6,5,0.7929423975090815,0.5703350963271963,0.7551020408163265,0.7228853139595226,28.0,16.0,nan,0.0,nan,0.50944983959198,nan,nan,nan,nan,nan,nan,nan,nan,nan,nan,nan,18.0,206680.0,0.01858951896429062,0.07500619441270828,0.023427197709679604,0.18249258399009705,0.0013282205909490585,7.655467987060547,0.0,0.0,nan,nan,nan,nan,nan,nan,nan,nan,nan,nan,219.64625716209412,88,PASS
icdm,internal_fold,6,5,0.7929423975090815,0.5703350963271963,0.7551020408163265,0.7228853139595226,28.0,16.0,nan,nan,0.0,0.50944983959198,nan,nan,nan,nan,nan,nan,nan,nan,nan,nan,nan,nan,nan,nan,nan,nan,nan,nan,nan,nan,nan,0.0,0.0,1.0,0.0,1.0,1.0,0.0,0.0,5.556264877319336,0.0,219.64625716209412,88,PASS
baseline,internal_fold,6,6,0.6632070576024909,0.6931480088987443,0.673076923076923,0.6040477426050856,25.0,51.0,nan,nan,nan,0.5855438113212585,nan,nan,nan,nan,nan,nan,nan,nan,nan,nan,nan,nan,nan,nan,nan,nan,nan,nan,nan,nan,nan,nan,nan,nan,nan,nan,nan,nan,nan,nan,nan,257.59108805656433,88,PASS
dsls,internal_fold,6,6,0.6632070576024909,0.6931480084667251,0.673076923076923,0.6040477426050856,25.0,51.0,0.0,nan,nan,0.5855438113212585,749.4345092773438,657.6961059570312,532.504150390625,0.04270413890480995,0.5702736377716064,1.4280900955200195,-5.69346582324215e-07,0.999984085559845,0.020198772847652438,1.965240240097046,0.0,nan,nan,nan,nan,nan,nan,nan,nan,nan,nan,nan,nan,nan,nan,nan,nan,nan,nan,nan,nan,257.59108805656433,88,PASS
csda,internal_fold,6,6,0.6652828230409964,0.6934638030466612,0.6601941747572816,0.5934094447327453,25.0,51.0,nan,32.0,nan,0.5809176564216614,nan,nan,nan,nan,nan,nan,nan,nan,nan,nan,nan,17.0,206160.0,0.017240384593605995,0.04023071750998497,-0.004201909527182579,0.21364985406398773,0.0014305002056062223,7.834590435028076,0.17596128582954407,0.031288739293813705,nan,nan,nan,nan,nan,nan,nan,nan,nan,nan,257.59108805656433,88,PASS
icdm,internal_fold,6,6,0.6632070576024909,0.6931480084667251,0.673076923076923,0.6040477426050856,25.0,51.0,nan,nan,0.0,0.5855438113212585,nan,nan,nan,nan,nan,nan,nan,nan,nan,nan,nan,nan,nan,nan,nan,nan,nan,nan,nan,nan,nan,0.0,0.0,1.0,0.0,1.0,1.0,0.0,0.0,5.546140193939209,0.0,257.59108805656433,88,PASS
baseline,internal_fold,6,7,0.6274001037882719,0.6658942624578266,0.6666666666666665,0.5918526206538661,41.0,26.0,nan,nan,nan,0.5467422008514404,nan,nan,nan,nan,nan,nan,nan,nan,nan,nan,nan,nan,nan,nan,nan,nan,nan,nan,nan,nan,nan,nan,nan,nan,nan,nan,nan,nan,nan,nan,nan,668.8593792915344,88,PASS
dsls,internal_fold,6,7,0.6222106901920083,0.6733797529164979,0.6346153846153846,0.5583809029579657,41.0,26.0,72.0,nan,nan,0.5389657616615295,824.8295288085938,692.4082641601562,542.9761352539062,0.04751116409897804,0.1570703238248825,1.3409934043884277,3.148830103327782e-07,0.9999834299087524,0.019148470461368562,1.9496906995773315,0.1175285130739212,nan,nan,nan,nan,nan,nan,nan,nan,nan,nan,nan,nan,nan,nan,nan,nan,nan,nan,nan,nan,668.8593792915344,88,PASS
csda,internal_fold,6,7,0.6320705760249092,0.6609139685334982,0.6788990825688074,0.588738972496108,41.0,26.0,nan,67.0,nan,0.5536623001098633,nan,nan,nan,nan,nan,nan,nan,nan,nan,nan,nan,18.0,206326.0,0.03489217534661293,0.05204636976122856,-0.025844834744930267,0.28486645221710205,0.001310829073190689,7.966334342956543,0.4233248829841614,0.09631519764661789,nan,nan,nan,nan,nan,nan,nan,nan,nan,nan,668.8593792915344,88,PASS
icdm,internal_fold,6,7,0.6279190451478983,0.6703920358766058,0.6666666666666665,0.5918526206538661,41.0,26.0,nan,nan,76.0,0.5515120625495911,nan,nan,nan,nan,nan,nan,nan,nan,nan,nan,nan,nan,nan,nan,nan,nan,nan,nan,nan,nan,nan,0.09396028518676758,0.093706876039505,1.0983072519302368,0.013129510916769505,0.9054616689682007,1.1051709651947021,0.9997820258140564,0.016389142721891403,7.925559997558594,5.221582412719727,668.8593792915344,88,PASS
baseline,internal_fold,6,8,0.6995329527763363,0.6366014177155095,0.7272727272727273,0.6878567721847431,9.0,15.0,nan,nan,nan,0.494772344827652,nan,nan,nan,nan,nan,nan,nan,nan,nan,nan,nan,nan,nan,nan,nan,nan,nan,nan,nan,nan,nan,nan,nan,nan,nan,nan,nan,nan,nan,nan,nan,955.833122253418,88,PASS
dsls,internal_fold,6,8,0.6959003632589518,0.6343035765785247,0.627906976744186,0.6408925791385574,9.0,15.0,149.0,nan,nan,0.4229220747947693,773.534912109375,648.7862548828125,523.9849853515625,0.04460940137505531,-0.11607570201158524,1.4759712219238281,6.387913344951812e-07,0.9999836087226868,0.019494092464447024,2.47440767288208,0.18922965228557587,nan,nan,nan,nan,nan,nan,nan,nan,nan,nan,nan,nan,nan,nan,nan,nan,nan,nan,nan,nan,955.833122253418,88,PASS
csda,internal_fold,6,8,0.6756616502335235,0.6598053960708969,0.6666666666666666,0.6193565127140633,9.0,15.0,nan,133.0,nan,0.4836907386779785,nan,nan,nan,nan,nan,nan,nan,nan,nan,nan,nan,18.0,206690.0,0.12147403508424759,0.12998396158218384,-0.10312632471323013,0.34272995591163635,0.0013471984304487706,8.265192985534668,1.0025582313537598,0.3689626455307007,nan,nan,nan,nan,nan,nan,nan,nan,nan,nan,955.833122253418,88,PASS
icdm,internal_fold,6,8,0.6974571873378308,0.6368740157753355,0.7272727272727273,0.6878567721847431,9.0,15.0,nan,nan,77.0,0.4931778609752655,nan,nan,nan,nan,nan,nan,nan,nan,nan,nan,nan,nan,nan,nan,nan,nan,nan,nan,nan,nan,nan,0.08919855952262878,0.08781594783067703,1.091742753982544,0.02128797024488449,0.9048393964767456,1.1051709651947021,0.9947416186332703,0.016016749665141106,7.977240085601807,5.11208438873291,955.833122253418,88,PASS
baseline,internal_fold,6,9,0.6959003632589518,0.6371814288450763,0.6666666666666666,0.6331084587441619,40.0,56.0,nan,nan,nan,0.4778556227684021,nan,nan,nan,nan,nan,nan,nan,nan,nan,nan,nan,nan,nan,nan,nan,nan,nan,nan,nan,nan,nan,nan,nan,nan,nan,nan,nan,nan,nan,nan,nan,468.1410357952118,88,PASS
dsls,internal_fold,6,9,0.6907109496626882,0.651147325203701,0.6526315789473683,0.6224701608718215,40.0,56.0,62.0,nan,nan,0.44469863176345825,783.6265258789062,671.1007690429688,601.5478515625,0.049196090549230576,0.2759721577167511,1.3127604722976685,4.823526182917703e-07,0.9999833703041077,0.019448985159397126,1.9661182165145874,0.0940772145986557,nan,nan,nan,nan,nan,nan,nan,nan,nan,nan,nan,nan,nan,nan,nan,nan,nan,nan,nan,nan,468.1410357952118,88,PASS
csda,internal_fold,6,9,0.6933056564608199,0.6468219894522591,0.6981132075471698,0.6253243383497665,40.0,56.0,nan,137.0,nan,0.5721831321716309,nan,nan,nan,nan,nan,nan,nan,nan,nan,nan,nan,18.0,207306.0,0.07323092967271805,0.09043487906455994,-0.05910355597734451,0.4169139564037323,0.0013893796131014824,8.169182777404785,0.9599478840827942,0.27242311835289,nan,nan,nan,nan,nan,nan,nan,nan,nan,nan,468.1410357952118,88,PASS
icdm,internal_fold,6,9,0.6959003632589518,0.6371814285218438,0.6666666666666666,0.6331084587441619,40.0,56.0,nan,nan,0.0,0.4778555929660797,nan,nan,nan,nan,nan,nan,nan,nan,nan,nan,nan,nan,nan,nan,nan,nan,nan,nan,nan,nan,nan,0.0,0.0,1.0,0.0,1.0,1.0,0.0,0.0,5.4865312576293945,0.0,468.1410357952118,88,PASS
baseline,internal_oof,6,all,0.7096566136064602,0.6265046753311547,0.6702937976060935,0.6562704780578417,27.3,34.8,nan,nan,nan,nan,nan,nan,nan,nan,nan,nan,nan,nan,nan,nan,nan,nan,nan,nan,nan,nan,nan,nan,nan,nan,nan,nan,nan,nan,nan,nan,nan,nan,nan,nan,nan,480.35170505046847,882,PASS
dsls,internal_oof,6,all,0.7088000825572096,0.6284693486602457,0.651006711409396,0.6477077474781352,27.3,34.8,43.2,nan,nan,nan,781.9772033691406,674.5974670410156,578.1920654296875,0.048170074820518494,0.08405060842633247,1.343975055217743,1.27131505722744e-07,0.9999833524227142,0.019687647223472597,2.087362051010132,0.05524987280368805,nan,nan,nan,nan,nan,nan,nan,nan,nan,nan,nan,nan,nan,nan,nan,nan,nan,nan,nan,nan,480.35170505046847,882,PASS
csda,internal_oof,6,all,0.7094244214545549,0.6276881087721157,0.6798336798336798,0.6476974278269394,27.3,34.8,nan,63.7,nan,nan,nan,nan,nan,nan,nan,nan,nan,nan,nan,nan,nan,17.9,206701.2,0.03882251437753439,0.061494475603103636,-0.0234461166895926,0.2694362014532089,0.001374525921419263,7.950613641738892,0.41514238715171814,0.11160957645624876,nan,nan,nan,nan,nan,nan,nan,nan,nan,nan,480.35170505046847,882,PASS
icdm,internal_oof,6,all,0.7098733262815717,0.6262862799239417,0.6695747001090512,0.6564046335233868,27.3,34.8,nan,nan,30.2,nan,nan,nan,nan,nan,nan,nan,nan,nan,nan,nan,nan,nan,nan,nan,nan,nan,nan,nan,nan,nan,nan,0.027013077586889266,0.025850486010313034,1.026780080795288,0.007331667188555002,0.9715138494968414,1.0315512895584107,0.2950758635997772,0.004865599609911442,6.43908724784851,1.7522584915161132,480.35170505046847,882,PASS
baseline,caltech,6,external,0.6842105263157895,0.6367215438130015,0.6500000000000001,0.6198830409356726,31.0,28.0,nan,nan,nan,0.5157293081283569,nan,nan,nan,nan,nan,nan,nan,nan,nan,nan,nan,nan,nan,nan,nan,nan,nan,nan,nan,nan,nan,nan,nan,nan,nan,nan,nan,nan,nan,nan,nan,621.8586690425873,37,PASS
dsls,caltech,6,external,0.6871345029239766,0.6399142109731359,0.5714285714285714,0.5964912280701754,31.0,28.0,149.0,nan,nan,0.48759976029396057,784.90087890625,742.823974609375,628.4527587890625,0.04738215357065201,0.4658275842666626,1.2695797681808472,-1.568150764796883e-07,0.9999775290489197,0.01876828521490097,2.4857497215270996,0.1865953654050827,nan,nan,nan,nan,nan,nan,nan,nan,nan,nan,nan,nan,nan,nan,nan,nan,nan,nan,nan,nan,621.8586690425873,37,PASS
csda,caltech,6,external,0.6257309941520468,0.6675016930133775,0.5555555555555555,0.5687134502923976,31.0,28.0,nan,106.0,nan,0.4940691292285919,nan,nan,nan,nan,nan,nan,nan,nan,nan,nan,nan,18.0,286122.0,0.06579644232988358,0.07616875320672989,-0.04870835319161415,0.3203026354312897,0.001337932050228119,8.085580825805664,0.7456603646278381,0.20843765139579773,nan,nan,nan,nan,nan,nan,nan,nan,nan,nan,621.8586690425873,37,PASS
icdm,caltech,6,external,0.6812865497076024,0.6373077344474259,0.6153846153846154,0.5935672514619883,31.0,28.0,nan,nan,144.0,0.5136073231697083,nan,nan,nan,nan,nan,nan,nan,nan,nan,nan,nan,nan,nan,nan,nan,nan,nan,nan,nan,nan,nan,0.09735193103551865,0.09648825973272324,1.1012991666793823,0.012850696220993996,0.904837429523468,1.1051709651947021,0.9986708164215088,0.016603268682956696,8.903435707092285,6.578278064727783,621.8586690425873,37,PASS
baseline,abide2,6,external,0.7334229115479116,0.6089118431679335,0.7342657342657344,0.6744778869778869,31.0,28.0,nan,nan,nan,0.5157293081283569,nan,nan,nan,nan,nan,nan,nan,nan,nan,nan,nan,nan,nan,nan,nan,nan,nan,nan,nan,nan,nan,nan,nan,nan,nan,nan,nan,nan,nan,nan,nan,621.8586690425873,727,PASS
dsls,abide2,6,external,0.7303977272727273,0.611101606659995,0.7031847133757961,0.679691339066339,31.0,28.0,149.0,nan,nan,0.48759976029396057,784.90087890625,742.823974609375,628.4527587890625,0.04738215357065201,0.4658275842666626,1.2695797681808472,-1.568150764796883e-07,0.9999775290489197,0.01876828521490097,2.4857497215270996,0.1865953654050827,nan,nan,nan,nan,nan,nan,nan,nan,nan,nan,nan,nan,nan,nan,nan,nan,nan,nan,nan,nan,621.8586690425873,727,PASS
csda,abide2,6,external,0.7402794840294841,0.6028385170620117,0.7272727272727273,0.6901988636363636,31.0,28.0,nan,106.0,nan,0.4940691292285919,nan,nan,nan,nan,nan,nan,nan,nan,nan,nan,nan,18.0,286122.0,0.06579644232988358,0.07616875320672989,-0.04870835319161415,0.3203026354312897,0.001337932050228119,8.085580825805664,0.7456603646278381,0.20843765139579773,nan,nan,nan,nan,nan,nan,nan,nan,nan,nan,621.8586690425873,727,PASS
icdm,abide2,6,external,0.7338068181818183,0.6066970584761388,0.7332549941245594,0.6770423832923833,31.0,28.0,nan,nan,144.0,0.5136073231697083,nan,nan,nan,nan,nan,nan,nan,nan,nan,nan,nan,nan,nan,nan,nan,nan,nan,nan,nan,nan,nan,0.09735193103551865,0.09648825973272324,1.1012991666793823,0.012850696220993996,0.904837429523468,1.1051709651947021,0.9986708164215088,0.016603268682956696,8.903435707092285,6.578278064727783,621.8586690425873,727,PASS
baseline,internal_fold,7,0,0.7152988855116515,0.6282875691701966,0.6436781609195402,0.6550151975683891,40.0,38.0,nan,nan,nan,0.4140382409095764,nan,nan,nan,nan,nan,nan,nan,nan,nan,nan,nan,nan,nan,nan,nan,nan,nan,nan,nan,nan,nan,nan,nan,nan,nan,nan,nan,nan,nan,nan,nan,754.0211901664734,89,PASS
dsls,internal_fold,7,0,0.7152988855116515,0.6282875716955523,0.6436781609195402,0.6550151975683891,40.0,38.0,0.0,nan,nan,0.41403821110725403,767.6142578125,675.38037109375,566.3115844726562,0.046727750450372696,0.2152770757675171,1.3478952646255493,-3.091168423452473e-07,0.9999834895133972,0.019068805873394015,1.9231643676757812,0.0,nan,nan,nan,nan,nan,nan,nan,nan,nan,nan,nan,nan,nan,nan,nan,nan,nan,nan,nan,nan,754.0211901664734,89,PASS
csda,internal_fold,7,0,0.6727456940222898,0.6568659939094272,0.6136363636363638,0.6205673758865249,40.0,38.0,nan,110.0,nan,0.3863874673843384,nan,nan,nan,nan,nan,nan,nan,nan,nan,nan,nan,18.0,206686.0,0.07256679236888885,0.08504395186901093,-0.057468481361866,0.34866470098495483,0.0013720042072236538,8.049911499023438,0.7640882134437561,0.22259485721588135,nan,nan,nan,nan,nan,nan,nan,nan,nan,nan,754.0211901664734,89,PASS
icdm,internal_fold,7,0,0.7152988855116515,0.6307557659193335,0.6436781609195402,0.6550151975683891,40.0,38.0,nan,nan,149.0,0.4050217568874359,nan,nan,nan,nan,nan,nan,nan,nan,nan,nan,nan,nan,nan,nan,nan,nan,nan,nan,nan,nan,nan,0.09842832386493683,0.09798983484506607,1.102970838546753,0.008653214201331139,0.9048380255699158,1.1051709651947021,0.9996886253356934,0.01716364175081253,8.865955352783203,6.609778881072998,754.0211901664734,89,PASS
baseline,internal_fold,7,1,0.8196555217831815,0.5257167963519438,0.6818181818181819,0.6881965552178319,35.0,42.0,nan,nan,nan,0.4245867133140564,nan,nan,nan,nan,nan,nan,nan,nan,nan,nan,nan,nan,nan,nan,nan,nan,nan,nan,nan,nan,nan,nan,nan,nan,nan,nan,nan,nan,nan,nan,nan,595.841183423996,89,PASS
dsls,internal_fold,7,1,0.8196555217831815,0.5257167989290439,0.6818181818181819,0.6881965552178319,35.0,42.0,0.0,nan,nan,0.4245867133140564,757.2352294921875,680.702880859375,568.8399047851562,0.045946523547172546,0.2581884264945984,1.306559681892395,5.946675969425996e-07,0.9999830722808838,0.020111651718616487,1.9371165037155151,0.0,nan,nan,nan,nan,nan,nan,nan,nan,nan,nan,nan,nan,nan,nan,nan,nan,nan,nan,nan,nan,595.841183423996,89,PASS
csda,internal_fold,7,1,0.797872340425532,0.5418301941126845,0.7407407407407407,0.675531914893617,35.0,42.0,nan,149.0,nan,0.5380728840827942,nan,nan,nan,nan,nan,nan,nan,nan,nan,nan,nan,17.0,206846.0,0.1007586121559143,0.1143207922577858,-0.08889472484588623,0.48367953300476074,0.0014492712914943697,8.125030517578125,1.0605217218399048,0.3475464880466461,nan,nan,nan,nan,nan,nan,nan,nan,nan,nan,595.841183423996,89,PASS
icdm,internal_fold,7,1,0.8196555217831815,0.5257167989290439,0.6818181818181819,0.6881965552178319,35.0,42.0,nan,nan,0.0,0.4245867133140564,nan,nan,nan,nan,nan,nan,nan,nan,nan,nan,nan,nan,nan,nan,nan,nan,nan,nan,nan,nan,nan,0.0,0.0,1.0,0.0,1.0,1.0,0.0,0.0,5.574660778045654,0.0,595.841183423996,89,PASS
baseline,internal_fold,7,2,0.7106625258799172,0.6220452460537647,0.702127659574468,0.6801242236024845,42.0,36.0,nan,nan,nan,0.47985413670539856,nan,nan,nan,nan,nan,nan,nan,nan,nan,nan,nan,nan,nan,nan,nan,nan,nan,nan,nan,nan,nan,nan,nan,nan,nan,nan,nan,nan,nan,nan,nan,504.8948006629944,88,PASS
dsls,internal_fold,7,2,0.7153209109730849,0.6205068274850958,0.6436781609195402,0.6495859213250518,42.0,36.0,55.0,nan,nan,0.45420530438423157,771.037841796875,668.1114501953125,570.4009399414062,0.046522099524736404,0.20162366330623627,1.3395920991897583,-1.991835603121217e-07,0.9999834895133972,0.0193181112408638,2.258822441101074,0.09646853059530258,nan,nan,nan,nan,nan,nan,nan,nan,nan,nan,nan,nan,nan,nan,nan,nan,nan,nan,nan,nan,504.8948006629944,88,PASS
csda,internal_fold,7,2,0.7091097308488613,0.6219799754631532,0.651685393258427,0.6485507246376812,42.0,36.0,nan,49.0,nan,0.469267338514328,nan,nan,nan,nan,nan,nan,nan,nan,nan,nan,nan,18.0,206666.0,0.024115262553095818,0.04117772728204727,-0.012433831579983234,0.231453999876976,0.0013602797873318196,7.885158538818359,0.2774975597858429,0.05428048595786095,nan,nan,nan,nan,nan,nan,nan,nan,nan,nan,504.8948006629944,88,PASS
icdm,internal_fold,7,2,0.7106625258799172,0.6220452489805606,0.702127659574468,0.6801242236024845,42.0,36.0,nan,nan,0.0,0.47985416650772095,nan,nan,nan,nan,nan,nan,nan,nan,nan,nan,nan,nan,nan,nan,nan,nan,nan,nan,nan,nan,nan,0.0,0.0,1.0,0.0,1.0,1.0,0.0,0.0,5.537796497344971,0.0,504.8948006629944,88,PASS
baseline,internal_fold,7,3,0.734472049689441,0.6270652104549742,0.693069306930693,0.6423395445134576,48.0,86.0,nan,nan,nan,0.5504940152168274,nan,nan,nan,nan,nan,nan,nan,nan,nan,nan,nan,nan,nan,nan,nan,nan,nan,nan,nan,nan,nan,nan,nan,nan,nan,nan,nan,nan,nan,nan,nan,230.35033655166626,88,PASS
dsls,internal_fold,7,3,0.734472049689441,0.6270652115161998,0.693069306930693,0.6423395445134576,48.0,86.0,0.0,nan,nan,0.5504940152168274,789.7938232421875,725.0867309570312,591.2783203125,0.05089506134390831,-0.12803132832050323,1.3121696710586548,7.170106641751772e-07,0.9999832510948181,0.01925204545259476,2.2917985916137695,0.0,nan,nan,nan,nan,nan,nan,nan,nan,nan,nan,nan,nan,nan,nan,nan,nan,nan,nan,nan,nan,230.35033655166626,88,PASS
csda,internal_fold,7,3,0.734472049689441,0.6270652115161998,0.693069306930693,0.6423395445134576,48.0,86.0,nan,0.0,nan,0.5504940152168274,nan,nan,nan,nan,nan,nan,nan,nan,nan,nan,nan,18.0,207438.0,0.02294750325381756,0.08519017696380615,0.02589186280965805,0.17507418990135193,0.0013375516980886461,7.736453056335449,0.0,0.0,nan,nan,nan,nan,nan,nan,nan,nan,nan,nan,230.35033655166626,88,PASS
icdm,internal_fold,7,3,0.734472049689441,0.6270652115161998,0.693069306930693,0.6423395445134576,48.0,86.0,nan,nan,0.0,0.5504940152168274,nan,nan,nan,nan,nan,nan,nan,nan,nan,nan,nan,nan,nan,nan,nan,nan,nan,nan,nan,nan,nan,0.0,0.0,1.0,0.0,1.0,1.0,0.0,0.0,5.542389392852783,0.0,230.35033655166626,88,PASS
baseline,internal_fold,7,4,0.6909937888198758,0.6327782061006181,0.5476190476190477,0.5714285714285714,28.0,41.0,nan,nan,nan,0.39320671558380127,nan,nan,nan,nan,nan,nan,nan,nan,nan,nan,nan,nan,nan,nan,nan,nan,nan,nan,nan,nan,nan,nan,nan,nan,nan,nan,nan,nan,nan,nan,nan,467.43765020370483,88,PASS
dsls,internal_fold,7,4,0.6909937888198758,0.632778205557733,0.5476190476190477,0.5714285714285714,28.0,41.0,0.0,nan,nan,0.39320674538612366,773.9943237304688,708.9398803710938,606.6774291992188,0.05075392872095108,-0.08027827739715576,1.315907597541809,-9.306096444561263e-07,0.9999831318855286,0.018582306802272797,2.1385653018951416,0.0,nan,nan,nan,nan,nan,nan,nan,nan,nan,nan,nan,nan,nan,nan,nan,nan,nan,nan,nan,nan,467.43765020370483,88,PASS
csda,internal_fold,7,4,0.693064182194617,0.6308707127462977,0.6666666666666667,0.6464803312629399,28.0,41.0,nan,13.0,nan,0.42287856340408325,nan,nan,nan,nan,nan,nan,nan,nan,nan,nan,nan,18.0,206968.0,0.006844859104603529,0.03747966140508652,0.002810032106935978,0.179525226354599,0.0013416126370429994,7.76159143447876,0.07109726965427399,0.015672827139496803,nan,nan,nan,nan,nan,nan,nan,nan,nan,nan,467.43765020370483,88,PASS
icdm,internal_fold,7,4,0.6904761904761906,0.6361694872308196,0.5813953488372093,0.5931677018633541,28.0,41.0,nan,nan,149.0,0.38975268602371216,nan,nan,nan,nan,nan,nan,nan,nan,nan,nan,nan,nan,nan,nan,nan,nan,nan,nan,nan,nan,nan,0.09770385921001434,0.09677015990018845,1.1016100645065308,0.012710408307611942,0.9048400521278381,1.1051709651947021,0.9988600015640259,0.016606397926807404,8.905296325683594,6.56714391708374,467.43765020370483,88,PASS
baseline,internal_fold,7,5,0.6953814218993254,0.6476763921268188,0.6585365853658536,0.6896730669434354,33.0,30.0,nan,nan,nan,0.42029082775115967,nan,nan,nan,nan,nan,nan,nan,nan,nan,nan,nan,nan,nan,nan,nan,nan,nan,nan,nan,nan,nan,nan,nan,nan,nan,nan,nan,nan,nan,nan,nan,751.5215041637421,88,PASS
dsls,internal_fold,7,5,0.6953814218993254,0.6476763899719611,0.6585365853658536,0.6896730669434354,33.0,30.0,0.0,nan,nan,0.42029082775115967,783.6713256835938,674.404052734375,516.1487426757812,0.04256628453731537,0.17746107280254364,1.5353789329528809,3.279195652794442e-07,0.9999837279319763,0.0182431697845459,2.0355265140533447,0.0,nan,nan,nan,nan,nan,nan,nan,nan,nan,nan,nan,nan,nan,nan,nan,nan,nan,nan,nan,nan,751.5215041637421,88,PASS
csda,internal_fold,7,5,0.6798131811105345,0.6600731306335599,0.6444444444444444,0.6377789309807992,33.0,30.0,nan,142.0,nan,0.4959552586078644,nan,nan,nan,nan,nan,nan,nan,nan,nan,nan,nan,18.0,206306.0,0.10590234398841858,0.1166849210858345,-0.08876262605190277,0.38724035024642944,0.001320271659642458,8.205052375793457,1.034253478050232,0.35754022002220154,nan,nan,nan,nan,nan,nan,nan,nan,nan,nan,751.5215041637421,88,PASS
icdm,internal_fold,7,5,0.6953814218993254,0.6519354246505256,0.6585365853658536,0.6896730669434354,33.0,30.0,nan,nan,91.0,0.4122594892978668,nan,nan,nan,nan,nan,nan,nan,nan,nan,nan,nan,nan,nan,nan,nan,nan,nan,nan,nan,nan,nan,0.09561941772699356,0.09493321925401688,1.0996193885803223,0.013126000761985779,0.9048900604248047,1.1051709651947021,0.9992126822471619,0.016020439565181732,8.248941421508789,5.5832695960998535,751.5215041637421,88,PASS
baseline,internal_fold,7,6,0.8297872340425532,0.536261122776088,0.6666666666666666,0.701868188894655,27.0,25.0,nan,nan,nan,0.40482038259506226,nan,nan,nan,nan,nan,nan,nan,nan,nan,nan,nan,nan,nan,nan,nan,nan,nan,nan,nan,nan,nan,nan,nan,nan,nan,nan,nan,nan,nan,nan,nan,324.77104353904724,88,PASS
dsls,internal_fold,7,6,0.8297872340425532,0.536261123846388,0.6666666666666666,0.701868188894655,27.0,25.0,0.0,nan,nan,0.40482035279273987,747.5392456054688,665.8318481445312,545.8311767578125,0.043275974690914154,-0.13197149336338043,1.4452733993530273,2.188637466815635e-07,0.9999839663505554,0.02090498059988022,1.8767255544662476,0.0,nan,nan,nan,nan,nan,nan,nan,nan,nan,nan,nan,nan,nan,nan,nan,nan,nan,nan,nan,nan,324.77104353904724,88,PASS
csda,internal_fold,7,6,0.832381940840685,0.5332934022268982,0.7294117647058823,0.7444213803840165,27.0,25.0,nan,41.0,nan,0.44419845938682556,nan,nan,nan,nan,nan,nan,nan,nan,nan,nan,nan,18.0,206304.0,0.019302062690258026,0.03670934587717056,-0.009061075747013092,0.229970321059227,0.0015107500366866589,7.922641277313232,0.2393328994512558,0.045458972454071045,nan,nan,nan,nan,nan,nan,nan,nan,nan,nan,324.77104353904724,88,PASS
icdm,internal_fold,7,6,0.8297872340425532,0.536261123846388,0.6666666666666666,0.701868188894655,27.0,25.0,nan,nan,0.0,0.40482035279273987,nan,nan,nan,nan,nan,nan,nan,nan,nan,nan,nan,nan,nan,nan,nan,nan,nan,nan,nan,nan,nan,0.0,0.0,1.0,0.0,1.0,1.0,0.0,0.0,5.501527786254883,0.0,324.77104353904724,88,PASS
baseline,internal_fold,7,7,0.726517903476907,0.5916833234058831,0.5714285714285715,0.5967825635703166,46.0,52.0,nan,nan,nan,0.3905033469200134,nan,nan,nan,nan,nan,nan,nan,nan,nan,nan,nan,nan,nan,nan,nan,nan,nan,nan,nan,nan,nan,nan,nan,nan,nan,nan,nan,nan,nan,nan,nan,227.5793297290802,88,PASS
dsls,internal_fold,7,7,0.726517903476907,0.5916833266048368,0.5714285714285715,0.5967825635703166,46.0,52.0,0.0,nan,nan,0.3905033469200134,715.5050048828125,668.658935546875,612.55615234375,0.04675111547112465,0.493975967168808,1.2985817193984985,-1.1432057789306782e-07,0.999983549118042,0.02043505758047104,2.1277458667755127,0.0,nan,nan,nan,nan,nan,nan,nan,nan,nan,nan,nan,nan,nan,nan,nan,nan,nan,nan,nan,nan,227.5793297290802,88,PASS
csda,internal_fold,7,7,0.7270368448365334,0.591612344978668,0.5783132530120482,0.6089776855215361,46.0,52.0,nan,1.0,nan,0.39048004150390625,nan,nan,nan,nan,nan,nan,nan,nan,nan,nan,nan,18.0,206816.0,0.013598683290183544,0.06741836667060852,0.01421161275357008,0.1721068173646927,0.001303722243756056,7.677021503448486,0.005742027424275875,0.0014266697689890862,nan,nan,nan,nan,nan,nan,nan,nan,nan,nan,227.5793297290802,88,PASS
icdm,internal_fold,7,7,0.726517903476907,0.5916833266048368,0.5714285714285715,0.5967825635703166,46.0,52.0,nan,nan,0.0,0.3905033469200134,nan,nan,nan,nan,nan,nan,nan,nan,nan,nan,nan,nan,nan,nan,nan,nan,nan,nan,nan,nan,nan,0.0,0.0,1.0,0.0,1.0,1.0,0.0,0.0,5.522780895233154,0.0,227.5793297290802,88,PASS
baseline,internal_fold,7,8,0.7145822522055009,0.6223320298957251,0.5925925925925926,0.6333679294239751,26.0,45.0,nan,nan,nan,0.41655442118644714,nan,nan,nan,nan,nan,nan,nan,nan,nan,nan,nan,nan,nan,nan,nan,nan,nan,nan,nan,nan,nan,nan,nan,nan,nan,nan,nan,nan,nan,nan,nan,341.26206612586975,88,PASS
dsls,internal_fold,7,8,0.7145822522055009,0.6223320286379433,0.5925925925925926,0.6333679294239751,26.0,45.0,0.0,nan,nan,0.41655442118644714,796.033203125,678.55517578125,593.8593139648438,0.04776141420006752,-0.06951755285263062,1.3506053686141968,4.833554498873127e-07,0.9999830722808838,0.019248637557029727,1.8325777053833008,0.0,nan,nan,nan,nan,nan,nan,nan,nan,nan,nan,nan,nan,nan,nan,nan,nan,nan,nan,nan,nan,341.26206612586975,88,PASS
csda,internal_fold,7,8,0.7166580176440063,0.6206928749195805,0.5641025641025641,0.6242864556305138,26.0,45.0,nan,35.0,nan,0.39410457015037537,nan,nan,nan,nan,nan,nan,nan,nan,nan,nan,nan,18.0,206430.0,0.017066581174731255,0.037010565400123596,-0.0031869818922132254,0.22848664224147797,0.0014192688278853894,7.910864353179932,0.18831947445869446,0.033685799688100815,nan,nan,nan,nan,nan,nan,nan,nan,nan,nan,341.26206612586975,88,PASS
icdm,internal_fold,7,8,0.7145822522055009,0.6224099657837194,0.5925925925925926,0.6333679294239751,26.0,45.0,nan,nan,10.0,0.4165560007095337,nan,nan,nan,nan,nan,nan,nan,nan,nan,nan,nan,nan,nan,nan,nan,nan,nan,nan,nan,nan,nan,0.006546252407133579,0.006527063436806202,1.006518840789795,0.011049174703657627,0.967008113861084,1.0761666297912598,0.9203835725784302,0.0012368533061817288,5.684405326843262,0.7862895131111145,341.26206612586975,88,PASS
baseline,internal_fold,7,9,0.7197716658017643,0.6124259330257533,0.7090909090909091,0.6222106901920083,30.0,49.0,nan,nan,nan,0.5305851101875305,nan,nan,nan,nan,nan,nan,nan,nan,nan,nan,nan,nan,nan,nan,nan,nan,nan,nan,nan,nan,nan,nan,nan,nan,nan,nan,nan,nan,nan,nan,nan,355.74046564102173,88,PASS
dsls,internal_fold,7,9,0.7197716658017643,0.6124259351694398,0.7090909090909091,0.6222106901920083,30.0,49.0,0.0,nan,nan,0.5305851101875305,770.6510620117188,655.843994140625,584.1724243164062,0.047391023486852646,0.39249858260154724,1.3848419189453125,-9.08547747258126e-07,0.9999834895133972,0.01839631199836731,1.9255900382995605,0.0,nan,nan,nan,nan,nan,nan,nan,nan,nan,nan,nan,nan,nan,nan,nan,nan,nan,nan,nan,nan,355.74046564102173,88,PASS
csda,internal_fold,7,9,0.7197716658017643,0.6123578684639317,0.7090909090909091,0.6222106901920083,30.0,49.0,nan,2.0,nan,0.5303943753242493,nan,nan,nan,nan,nan,nan,nan,nan,nan,nan,nan,18.0,206282.0,0.01323464885354042,0.05611763894557953,0.013411074876785278,0.1721068173646927,0.001293086726218462,7.726344108581543,0.011380482465028763,0.002335804048925638,nan,nan,nan,nan,nan,nan,nan,nan,nan,nan,355.74046564102173,88,PASS
icdm,internal_fold,7,9,0.7192527244421381,0.6154487041303837,0.7090909090909091,0.6222106901920083,30.0,49.0,nan,nan,149.0,0.5336906909942627,nan,nan,nan,nan,nan,nan,nan,nan,nan,nan,nan,nan,nan,nan,nan,nan,nan,nan,nan,nan,nan,0.0984911322593689,0.09792481362819672,1.1028975248336792,0.00950672384351492,0.9048402309417725,1.1051709651947021,0.9997217655181885,0.016739550977945328,8.82097339630127,6.448636054992676,355.74046564102173,88,PASS
baseline,internal_oof,7,all,0.7336652821134646,0.6045645412124235,0.6502242152466368,0.6478419029436805,35.5,44.4,nan,nan,nan,nan,nan,nan,nan,nan,nan,nan,nan,nan,nan,nan,nan,nan,nan,nan,nan,nan,nan,nan,nan,nan,nan,nan,nan,nan,nan,nan,nan,nan,nan,nan,nan,455.3419570207596,882,PASS
dsls,internal_oof,7,all,0.7342173834524393,0.6044110490692446,0.6440677966101696,0.6448982224400815,35.5,44.4,5.5,nan,nan,nan,767.3075317382812,680.1515319824218,575.6075988769531,0.046859117597341536,0.13292261362075805,1.3636805653572082,-1.199613492985918e-08,0.999983423948288,0.019356107860803603,2.034763288497925,0.009646853059530258,nan,nan,nan,nan,nan,nan,nan,nan,nan,nan,nan,nan,nan,nan,nan,nan,nan,nan,nan,nan,455.3419570207596,882,PASS
csda,internal_oof,7,all,0.7285364154691572,0.609640778432446,0.6637837837837838,0.6467660793065194,35.5,44.4,nan,54.2,nan,nan,nan,nan,nan,nan,nan,nan,nan,nan,nan,nan,nan,17.9,206674.2,0.03963373494334519,0.06771531477570533,-0.020348313893191517,0.2608308598399162,0.0013707819115370513,7.900006866455078,0.36522331265732644,0.10805421243421734,nan,nan,nan,nan,nan,nan,nan,nan,nan,nan,455.3419570207596,882,PASS
icdm,internal_oof,7,all,0.7330306235649235,0.6058862648899407,0.6532438478747203,0.6499832305668067,35.5,44.4,nan,nan,54.8,nan,nan,nan,nan,nan,nan,nan,nan,nan,nan,nan,nan,nan,nan,nan,nan,nan,nan,nan,nan,nan,nan,0.03967889854684472,0.03941450910642743,1.041361665725708,0.005504552181810141,0.9586416482925415,1.0496850490570069,0.49178666472434995,0.006776688352692873,6.820472717285156,2.599511796236038,455.3419570207596,882,PASS
baseline,caltech,7,external,0.6345029239766082,0.7203324976700892,0.6363636363636364,0.5628654970760234,30.0,81.0,nan,nan,nan,0.6075054407119751,nan,nan,nan,nan,nan,nan,nan,nan,nan,nan,nan,nan,nan,nan,nan,nan,nan,nan,nan,nan,nan,nan,nan,nan,nan,nan,nan,nan,nan,nan,nan,284.6156930923462,37,PASS
dsls,caltech,7,external,0.6345029239766082,0.7203325008263961,0.6363636363636364,0.5628654970760234,30.0,81.0,0.0,nan,nan,0.6075054407119751,803.231689453125,734.9949340820312,607.4756469726562,0.044852565973997116,-0.12433291226625443,1.2978795766830444,6.796740308345761e-07,0.9999778866767883,0.019226260483264923,1.9910117387771606,0.0,nan,nan,nan,nan,nan,nan,nan,nan,nan,nan,nan,nan,nan,nan,nan,nan,nan,nan,nan,nan,284.6156930923462,37,PASS
csda,caltech,7,external,0.6345029239766082,0.7203325008263961,0.6363636363636364,0.5628654970760234,30.0,81.0,nan,0.0,nan,0.6075054407119751,nan,nan,nan,nan,nan,nan,nan,nan,nan,nan,nan,18.0,285310.0,0.03342791274189949,0.10396208614110947,0.03564007207751274,0.20807062089443207,0.0013420499861240389,7.708683490753174,0.0,0.0,nan,nan,nan,nan,nan,nan,nan,nan,nan,nan,284.6156930923462,37,PASS
icdm,caltech,7,external,0.631578947368421,0.7262444432807865,0.6363636363636364,0.5628654970760234,30.0,81.0,nan,nan,18.0,0.6107772588729858,nan,nan,nan,nan,nan,nan,nan,nan,nan,nan,nan,nan,nan,nan,nan,nan,nan,nan,nan,nan,nan,0.019958151504397392,0.019910072907805443,1.0201932191848755,0.013848955743014812,0.9527088403701782,1.0959466695785522,0.9940874576568604,0.003492670366540551,5.903895854949951,1.4461429119110107,284.6156930923462,37,PASS
baseline,abide2,7,external,0.7402718058968059,0.6026907087947516,0.7433439829605964,0.6428094287469288,30.0,81.0,nan,nan,nan,0.6075054407119751,nan,nan,nan,nan,nan,nan,nan,nan,nan,nan,nan,nan,nan,nan,nan,nan,nan,nan,nan,nan,nan,nan,nan,nan,nan,nan,nan,nan,nan,nan,nan,284.6156930923462,727,PASS
dsls,abide2,7,external,0.7402718058968059,0.6026907078709627,0.7433439829605964,0.6428094287469288,30.0,81.0,0.0,nan,nan,0.6075054407119751,803.231689453125,734.9949340820312,607.4756469726562,0.044852565973997116,-0.12433291226625443,1.2978795766830444,6.796740308345761e-07,0.9999778866767883,0.019226260483264923,1.9910117387771606,0.0,nan,nan,nan,nan,nan,nan,nan,nan,nan,nan,nan,nan,nan,nan,nan,nan,nan,nan,nan,nan,284.6156930923462,727,PASS
csda,abide2,7,external,0.7402718058968059,0.6026907078709627,0.7433439829605964,0.6428094287469288,30.0,81.0,nan,0.0,nan,0.6075054407119751,nan,nan,nan,nan,nan,nan,nan,nan,nan,nan,nan,18.0,285310.0,0.03342791274189949,0.10396208614110947,0.03564007207751274,0.20807062089443207,0.0013420499861240389,7.708683490753174,0.0,0.0,nan,nan,nan,nan,nan,nan,nan,nan,nan,nan,284.6156930923462,727,PASS
icdm,abide2,7,external,0.7401489557739558,0.6037296476867829,0.7425531914893617,0.6412469287469288,30.0,81.0,nan,nan,18.0,0.6107772588729858,nan,nan,nan,nan,nan,nan,nan,nan,nan,nan,nan,nan,nan,nan,nan,nan,nan,nan,nan,nan,nan,0.019958151504397392,0.019910072907805443,1.0201932191848755,0.013848955743014812,0.9527088403701782,1.0959466695785522,0.9940874576568604,0.003492670366540551,5.903895854949951,1.4461429119110107,284.6156930923462,727,PASS
baseline,internal_fold,8,0,0.7907801418439716,0.5922624620802969,0.7422680412371133,0.7163120567375887,46.0,23.0,nan,nan,nan,0.47289472818374634,nan,nan,nan,nan,nan,nan,nan,nan,nan,nan,nan,nan,nan,nan,nan,nan,nan,nan,nan,nan,nan,nan,nan,nan,nan,nan,nan,nan,nan,nan,nan,839.3814606666565,89,PASS
dsls,internal_fold,8,0,0.790273556231003,0.5973464171939328,0.7,0.7383485309017224,46.0,23.0,105.0,nan,nan,0.4032983183860779,841.8389282226562,697.7643432617188,506.5852966308594,0.04590316861867905,-0.1897139549255371,1.4152660369873047,5.064201218374365e-07,0.9999833106994629,0.019434584677219393,2.1262056827545166,0.12879899144172668,nan,nan,nan,nan,nan,nan,nan,nan,nan,nan,nan,nan,nan,nan,nan,nan,nan,nan,nan,nan,839.3814606666565,89,PASS
csda,internal_fold,8,0,0.7897669706180344,0.5908231815209474,0.7499999999999999,0.7282168186423505,46.0,23.0,nan,30.0,nan,0.4759124517440796,nan,nan,nan,nan,nan,nan,nan,nan,nan,nan,nan,18.0,206958.0,0.008661989122629166,0.029481079429388046,-0.003989329095929861,0.18991097807884216,0.0013084150850772858,7.846810340881348,0.16276274621486664,0.027202030643820763,nan,nan,nan,nan,nan,nan,nan,nan,nan,nan,839.3814606666565,89,PASS
icdm,internal_fold,8,0,0.7907801418439716,0.5884062887597442,0.7422680412371133,0.7163120567375887,46.0,23.0,nan,nan,149.0,0.46994897723197937,nan,nan,nan,nan,nan,nan,nan,nan,nan,nan,nan,nan,nan,nan,nan,nan,nan,nan,nan,nan,nan,0.0977768525481224,0.09740044921636581,1.1023352146148682,0.009789799340069294,0.9048557877540588,1.1051709651947021,0.9997456073760986,0.017312821000814438,8.791662216186523,6.394982814788818,839.3814606666565,89,PASS
baseline,internal_fold,8,1,0.6757852077001014,0.6635192921878026,0.631578947368421,0.6048632218844985,20.0,59.0,nan,nan,nan,0.4946523904800415,nan,nan,nan,nan,nan,nan,nan,nan,nan,nan,nan,nan,nan,nan,nan,nan,nan,nan,nan,nan,nan,nan,nan,nan,nan,nan,nan,nan,nan,nan,nan,384.71827244758606,89,PASS
dsls,internal_fold,8,1,0.6757852077001014,0.6635192891927025,0.631578947368421,0.6048632218844985,20.0,59.0,0.0,nan,nan,0.4946523904800415,741.6172485351562,677.3495483398438,580.7222290039062,0.047402508556842804,0.36901214718818665,1.3648567199707031,-6.919403290339687e-07,0.9999840259552002,0.019050909578800203,2.167689800262451,0.0,nan,nan,nan,nan,nan,nan,nan,nan,nan,nan,nan,nan,nan,nan,nan,nan,nan,nan,nan,nan,384.71827244758606,89,PASS
csda,internal_fold,8,1,0.6783181357649443,0.6696518261006109,0.5348837209302325,0.5542046605876393,20.0,59.0,nan,149.0,nan,0.4411579668521881,nan,nan,nan,nan,nan,nan,nan,nan,nan,nan,nan,18.0,207260.0,0.09188811480998993,0.10564614087343216,-0.07391127198934555,0.45103856921195984,0.0013496529310941697,8.240856170654297,1.048671007156372,0.32661932706832886,nan,nan,nan,nan,nan,nan,nan,nan,nan,nan,384.71827244758606,89,PASS
icdm,internal_fold,8,1,0.6757852077001014,0.6635192891927025,0.631578947368421,0.6048632218844985,20.0,59.0,nan,nan,0.0,0.4946523904800415,nan,nan,nan,nan,nan,nan,nan,nan,nan,nan,nan,nan,nan,nan,nan,nan,nan,nan,nan,nan,nan,0.0,0.0,1.0,0.0,1.0,1.0,0.0,0.0,5.495486736297607,0.0,384.71827244758606,89,PASS
baseline,internal_fold,8,2,0.7406832298136645,0.6056039711687963,0.7083333333333334,0.6790890269151139,48.0,46.0,nan,nan,nan,0.44463422894477844,nan,nan,nan,nan,nan,nan,nan,nan,nan,nan,nan,nan,nan,nan,nan,nan,nan,nan,nan,nan,nan,nan,nan,nan,nan,nan,nan,nan,nan,nan,nan,582.5830411911011,88,PASS
dsls,internal_fold,8,2,0.7505175983436853,0.6003295881476407,0.7142857142857143,0.6780538302277432,48.0,46.0,149.0,nan,nan,0.46008002758026123,788.2271728515625,720.450927734375,587.2632446289062,0.05032847821712494,0.3385261297225952,1.3463997840881348,3.36944879109069e-07,0.999983012676239,0.018420960009098052,2.381178140640259,0.1906375139951706,nan,nan,nan,nan,nan,nan,nan,nan,nan,nan,nan,nan,nan,nan,nan,nan,nan,nan,nan,nan,582.5830411911011,88,PASS
csda,internal_fold,8,2,0.7417184265010351,0.608152782414826,0.7010309278350515,0.6671842650103519,48.0,46.0,nan,32.0,nan,0.47638845443725586,nan,nan,nan,nan,nan,nan,nan,nan,nan,nan,nan,18.0,206870.0,0.015563500113785267,0.03951852396130562,-0.005836112424731255,0.21958456933498383,0.0013521522283554078,7.9033331871032715,0.1653251051902771,0.030352870002388954,nan,nan,nan,nan,nan,nan,nan,nan,nan,nan,582.5830411911011,88,PASS
icdm,internal_fold,8,2,0.7412008281573498,0.6055837748079906,0.7083333333333334,0.6790890269151139,48.0,46.0,nan,nan,5.0,0.4446108341217041,nan,nan,nan,nan,nan,nan,nan,nan,nan,nan,nan,nan,nan,nan,nan,nan,nan,nan,nan,nan,nan,0.002650914480909705,0.002638069447129965,1.0026366710662842,0.0035186016466468573,0.992793619632721,1.0312654972076416,0.9756229519844055,0.0004673977382481098,5.575076103210449,0.39128780364990234,582.5830411911011,88,PASS
baseline,internal_fold,8,3,0.6661490683229814,0.6892169586671014,0.5925925925925927,0.6299171842650104,43.0,60.0,nan,nan,nan,0.41292116045951843,nan,nan,nan,nan,nan,nan,nan,nan,nan,nan,nan,nan,nan,nan,nan,nan,nan,nan,nan,nan,nan,nan,nan,nan,nan,nan,nan,nan,nan,nan,nan,543.2637596130371,88,PASS
dsls,internal_fold,8,3,0.6609730848861283,0.6941154851859991,0.5853658536585366,0.6180124223602484,43.0,60.0,26.0,nan,nan,0.40739256143569946,780.4033203125,668.1024780273438,613.3563842773438,0.04812010005116463,-0.1167387068271637,1.390687346458435,-7.160078325796349e-07,0.9999836087226868,0.02041342556476593,2.2202110290527344,0.04426942393183708,nan,nan,nan,nan,nan,nan,nan,nan,nan,nan,nan,nan,nan,nan,nan,nan,nan,nan,nan,nan,543.2637596130371,88,PASS
csda,internal_fold,8,3,0.6780538302277432,0.6872893934291847,0.5679012345679013,0.6071428571428572,43.0,60.0,nan,137.0,nan,0.36423689126968384,nan,nan,nan,nan,nan,nan,nan,nan,nan,nan,nan,18.0,206508.0,0.07915642112493515,0.0889974907040596,-0.06840819120407104,0.41394659876823425,0.001369616761803627,8.082584381103516,0.953099250793457,0.2777351140975952,nan,nan,nan,nan,nan,nan,nan,nan,nan,nan,543.2637596130371,88,PASS
icdm,internal_fold,8,3,0.6645962732919255,0.6911738596428765,0.5925925925925927,0.6299171842650104,43.0,60.0,nan,nan,11.0,0.4121272563934326,nan,nan,nan,nan,nan,nan,nan,nan,nan,nan,nan,nan,nan,nan,nan,nan,nan,nan,nan,nan,nan,0.008098033256828785,0.00809471309185028,1.008131980895996,0.006537800654768944,0.9948946237564087,1.0446056127548218,0.9854928255081177,0.0015025440370664,5.715542793273926,0.8696695566177368,543.2637596130371,88,PASS
baseline,internal_fold,8,4,0.7686335403726708,0.5879392422790466,0.6813186813186812,0.6702898550724637,15.0,23.0,nan,nan,nan,0.4561921954154968,nan,nan,nan,nan,nan,nan,nan,nan,nan,nan,nan,nan,nan,nan,nan,nan,nan,nan,nan,nan,nan,nan,nan,nan,nan,nan,nan,nan,nan,nan,nan,609.2110209465027,88,PASS
dsls,internal_fold,8,4,0.7670807453416149,0.5789213771039902,0.688888888888889,0.6821946169772257,15.0,23.0,54.0,nan,nan,0.4492434561252594,771.4771728515625,679.653564453125,606.4449462890625,0.0485985167324543,-0.10012274980545044,1.3651844263076782,1.1757971662973432e-07,0.999983012676239,0.018960759043693542,2.395376205444336,0.0983198955655098,nan,nan,nan,nan,nan,nan,nan,nan,nan,nan,nan,nan,nan,nan,nan,nan,nan,nan,nan,nan,609.2110209465027,88,PASS
csda,internal_fold,8,4,0.7701863354037266,0.5883875389424653,0.7216494845360826,0.6899585921325052,15.0,23.0,nan,37.0,nan,0.4977594017982483,nan,nan,nan,nan,nan,nan,nan,nan,nan,nan,nan,17.0,206838.0,0.016971971839666367,0.04604480043053627,-0.0019572677556425333,0.24777448177337646,0.0013706057332456114,7.905123233795166,0.20019440352916718,0.038832470774650574,nan,nan,nan,nan,nan,nan,nan,nan,nan,nan,609.2110209465027,88,PASS
icdm,internal_fold,8,4,0.7686335403726708,0.5849476916456154,0.5833333333333333,0.6687370600414079,15.0,23.0,nan,nan,149.0,0.34729260206222534,nan,nan,nan,nan,nan,nan,nan,nan,nan,nan,nan,nan,nan,nan,nan,nan,nan,nan,nan,nan,nan,0.09578093886375427,0.09366384148597717,1.098070740699768,0.019484175369143486,0.904837429523468,1.1051709651947021,0.9949966073036194,0.016708459705114365,9.123139381408691,6.6809539794921875,609.2110209465027,88,PASS
baseline,internal_fold,8,5,0.7431240269849508,0.5917693300977818,0.5333333333333333,0.6152049818370524,12.0,24.0,nan,nan,nan,0.3977539539337158,nan,nan,nan,nan,nan,nan,nan,nan,nan,nan,nan,nan,nan,nan,nan,nan,nan,nan,nan,nan,nan,nan,nan,nan,nan,nan,nan,nan,nan,nan,nan,655.1412699222565,88,PASS
dsls,internal_fold,8,5,0.7353399065905553,0.5893680025687332,0.5714285714285714,0.6364815775817333,12.0,24.0,149.0,nan,nan,0.39238253235816956,738.1856689453125,636.6703491210938,582.1146850585938,0.044768501073122025,-0.010604183189570904,1.3761687278747559,-7.498527452298731e-07,0.999983549118042,0.02186408191919327,2.5526726245880127,0.2019626647233963,nan,nan,nan,nan,nan,nan,nan,nan,nan,nan,nan,nan,nan,nan,nan,nan,nan,nan,nan,nan,655.1412699222565,88,PASS
csda,internal_fold,8,5,0.7431240269849508,0.5917693331559285,0.5333333333333333,0.6152049818370524,12.0,24.0,nan,0.0,nan,0.3977539539337158,nan,nan,nan,nan,nan,nan,nan,nan,nan,nan,nan,18.0,206386.0,0.03040742129087448,0.08326486498117447,0.031430743634700775,0.1854599416255951,0.001558771636337042,7.703731060028076,0.0,0.0,nan,nan,nan,nan,nan,nan,nan,nan,nan,nan,655.1412699222565,88,PASS
icdm,internal_fold,8,5,0.7431240269849506,0.5898151357571763,0.5333333333333333,0.6152049818370524,12.0,24.0,nan,nan,149.0,0.3830621838569641,nan,nan,nan,nan,nan,nan,nan,nan,nan,nan,nan,nan,nan,nan,nan,nan,nan,nan,nan,nan,nan,0.09652715921401978,0.09470334649085999,1.0992549657821655,0.017768407240509987,0.904837429523468,1.1051709651947021,0.9957813024520874,0.01924826391041279,9.001276016235352,6.505710124969482,655.1412699222565,88,PASS
baseline,internal_fold,8,6,0.7042034250129735,0.615234317427871,0.6391752577319586,0.5980799169693825,13.0,38.0,nan,nan,nan,0.4753643274307251,nan,nan,nan,nan,nan,nan,nan,nan,nan,nan,nan,nan,nan,nan,nan,nan,nan,nan,nan,nan,nan,nan,nan,nan,nan,nan,nan,nan,nan,nan,nan,525.8122625350952,88,PASS
dsls,internal_fold,8,6,0.6990140114167099,0.6160256529737421,0.631578947368421,0.5996367410482616,13.0,38.0,77.0,nan,nan,0.4630720317363739,754.6422119140625,681.8544311523438,591.9913940429688,0.048387035727500916,-0.4720480144023895,1.3291670083999634,1.6044992889874266e-08,0.9999836087226868,0.019080990552902223,2.359509229660034,0.07817570120096207,nan,nan,nan,nan,nan,nan,nan,nan,nan,nan,nan,nan,nan,nan,nan,nan,nan,nan,nan,nan,525.8122625350952,88,PASS
csda,internal_fold,8,6,0.7026466009340944,0.6139227095525398,0.6964285714285714,0.5978204462895693,13.0,38.0,nan,76.0,nan,0.6307397484779358,nan,nan,nan,nan,nan,nan,nan,nan,nan,nan,nan,18.0,207306.0,0.04189794138073921,0.05570961534976959,-0.02790248952805996,0.27151334285736084,0.0013976621441543103,7.981027126312256,0.4526551067829132,0.10089749842882156,nan,nan,nan,nan,nan,nan,nan,nan,nan,nan,525.8122625350952,88,PASS
icdm,internal_fold,8,6,0.7042034250129735,0.6152343215653504,0.6391752577319586,0.5980799169693825,13.0,38.0,nan,nan,0.0,0.4753643274307251,nan,nan,nan,nan,nan,nan,nan,nan,nan,nan,nan,nan,nan,nan,nan,nan,nan,nan,nan,nan,nan,0.0,0.0,1.0,0.0,1.0,1.0,0.0,0.0,5.565875053405762,0.0,525.8122625350952,88,PASS
baseline,internal_fold,8,7,0.7555786196159834,0.5857863080193894,0.6428571428571429,0.6652828230409964,13.0,26.0,nan,nan,nan,0.42140957713127136,nan,nan,nan,nan,nan,nan,nan,nan,nan,nan,nan,nan,nan,nan,nan,nan,nan,nan,nan,nan,nan,nan,nan,nan,nan,nan,nan,nan,nan,nan,nan,231.69068002700806,88,PASS
dsls,internal_fold,8,7,0.7555786196159834,0.5857863128986665,0.6428571428571429,0.6652828230409964,13.0,26.0,0.0,nan,nan,0.42140960693359375,791.429443359375,707.6717529296875,679.11279296875,0.05444733425974846,0.1264023631811142,1.284813404083252,5.618254590444849e-07,0.9999827742576599,0.01886306554079056,2.0276777744293213,0.0,nan,nan,nan,nan,nan,nan,nan,nan,nan,nan,nan,nan,nan,nan,nan,nan,nan,nan,nan,nan,231.69068002700806,88,PASS
csda,internal_fold,8,7,0.7560975609756098,0.5850632796081329,0.6818181818181819,0.6850025947067981,13.0,26.0,nan,25.0,nan,0.436208039522171,nan,nan,nan,nan,nan,nan,nan,nan,nan,nan,nan,18.0,206034.0,0.01185452938079834,0.0357741117477417,-0.00047789880773052573,0.16468842327594757,0.0012260881252586842,7.874830722808838,0.13305291533470154,0.024498965591192245,nan,nan,nan,nan,nan,nan,nan,nan,nan,nan,231.69068002700806,88,PASS
icdm,internal_fold,8,7,0.7555786196159834,0.5857863128986665,0.6428571428571429,0.6652828230409964,13.0,26.0,nan,nan,0.0,0.42140960693359375,nan,nan,nan,nan,nan,nan,nan,nan,nan,nan,nan,nan,nan,nan,nan,nan,nan,nan,nan,nan,nan,0.0,0.0,1.0,0.0,1.0,1.0,0.0,0.0,5.494210243225098,0.0,231.69068002700806,88,PASS
baseline,internal_fold,8,8,0.743642968344577,0.6013520323040594,0.6206896551724138,0.6286974571873378,17.0,31.0,nan,nan,nan,0.5011283755302429,nan,nan,nan,nan,nan,nan,nan,nan,nan,nan,nan,nan,nan,nan,nan,nan,nan,nan,nan,nan,nan,nan,nan,nan,nan,nan,nan,nan,nan,nan,nan,230.0308074951172,88,PASS
dsls,internal_fold,8,8,0.743642968344577,0.6013520293479382,0.6206896551724138,0.6286974571873378,17.0,31.0,0.0,nan,nan,0.5011283755302429,747.60302734375,647.4489135742188,544.2343139648438,0.04421352967619896,0.19060617685317993,1.3451889753341675,-1.4139651227651484e-07,0.999983549118042,0.020842823386192325,2.043748617172241,0.0,nan,nan,nan,nan,nan,nan,nan,nan,nan,nan,nan,nan,nan,nan,nan,nan,nan,nan,nan,nan,230.0308074951172,88,PASS
csda,internal_fold,8,8,0.747794499221588,0.6010353355548783,0.7010309278350516,0.6665801764400623,17.0,31.0,nan,82.0,nan,0.5404682159423828,nan,nan,nan,nan,nan,nan,nan,nan,nan,nan,nan,18.0,205836.0,0.04653208330273628,0.06492789089679718,-0.03602598235011101,0.359050452709198,0.0013891070149838925,7.979952812194824,0.5177178382873535,0.1254570186138153,nan,nan,nan,nan,nan,nan,nan,nan,nan,nan,230.0308074951172,88,PASS
icdm,internal_fold,8,8,0.743642968344577,0.6013520293479382,0.6206896551724138,0.6286974571873378,17.0,31.0,nan,nan,0.0,0.5011283755302429,nan,nan,nan,nan,nan,nan,nan,nan,nan,nan,nan,nan,nan,nan,nan,nan,nan,nan,nan,nan,nan,0.0,0.0,1.0,0.0,1.0,1.0,0.0,0.0,5.540045738220215,0.0,230.0308074951172,88,PASS
baseline,internal_fold,8,9,0.7498702646600934,0.5890820249272832,0.575,0.6227296315516346,39.0,29.0,nan,nan,nan,0.3626788258552551,nan,nan,nan,nan,nan,nan,nan,nan,nan,nan,nan,nan,nan,nan,nan,nan,nan,nan,nan,nan,nan,nan,nan,nan,nan,nan,nan,nan,nan,nan,nan,344.7914972305298,88,PASS
dsls,internal_fold,8,9,0.7498702646600934,0.5890820241443898,0.575,0.6227296315516346,39.0,29.0,0.0,nan,nan,0.36267879605293274,809.64306640625,687.7391357421875,634.7530517578125,0.05212879925966263,0.35365819931030273,1.3067747354507446,5.357523491511529e-07,0.999983012676239,0.018759404122829438,1.9686665534973145,0.0,nan,nan,nan,nan,nan,nan,nan,nan,nan,nan,nan,nan,nan,nan,nan,nan,nan,nan,nan,nan,344.7914972305298,88,PASS
csda,internal_fold,8,9,0.7187337830825117,0.615272798253962,0.6875000000000001,0.6559418785677218,39.0,29.0,nan,118.0,nan,0.4327756464481354,nan,nan,nan,nan,nan,nan,nan,nan,nan,nan,nan,18.0,207204.0,0.09454745054244995,0.09986695647239685,-0.08480054140090942,0.38130563497543335,0.0012864357791841031,8.169071197509766,0.830621600151062,0.2707342207431793,nan,nan,nan,nan,nan,nan,nan,nan,nan,nan,344.7914972305298,88,PASS
icdm,internal_fold,8,9,0.7498702646600934,0.5890820241443898,0.575,0.6227296315516346,39.0,29.0,nan,nan,0.0,0.36267879605293274,nan,nan,nan,nan,nan,nan,nan,nan,nan,nan,nan,nan,nan,nan,nan,nan,nan,nan,nan,nan,nan,0.0,0.0,1.0,0.0,1.0,1.0,0.0,0.0,5.56113338470459,0.0,344.7914972305298,88,PASS
baseline,internal_oof,8,all,0.7240680065013803,0.6122122272112219,0.6409966024915063,0.6427568948169552,26.6,35.9,nan,nan,nan,nan,nan,nan,nan,nan,nan,nan,nan,nan,nan,nan,nan,nan,nan,nan,nan,nan,nan,nan,nan,nan,nan,nan,nan,nan,nan,nan,nan,nan,nan,nan,nan,494.662407207489,882,PASS
dsls,internal_oof,8,all,0.7247852222594876,0.6116273576383984,0.6382488479262673,0.6471762854415521,26.6,35.9,56.0,nan,nan,nan,776.5067260742187,680.4705444335938,592.6578338623046,0.04842979721724987,0.0488977407105267,1.352450716495514,-2.246299004582397e-08,0.9999833464622497,0.019569100439548494,2.224293565750122,0.07421641908586026,nan,nan,nan,nan,nan,nan,nan,nan,nan,nan,nan,nan,nan,nan,nan,nan,nan,nan,nan,nan,494.662407207489,882,PASS
csda,internal_oof,8,all,0.7212043032945487,0.6151710597716185,0.6637837837837838,0.6467660793065194,26.6,35.9,nan,68.6,nan,nan,nan,nan,nan,nan,nan,nan,nan,nan,nan,nan,nan,17.9,206720.0,0.043748142290860416,0.06492314748466015,-0.02718783409218304,0.2884272992610931,0.0013608507439494134,7.968732023239136,0.44640999734401704,0.12223295159637929,nan,nan,nan,nan,nan,nan,nan,nan,nan,nan,494.662407207489,882,PASS
icdm,internal_oof,8,all,0.7251876886561234,0.6115228907268119,0.6319444444444444,0.6428936301952994,26.6,35.9,nan,nan,46.3,nan,nan,nan,nan,nan,nan,nan,nan,nan,nan,nan,nan,nan,nan,nan,nan,nan,nan,nan,nan,nan,nan,0.030083389836363494,0.02965004197321832,1.0310429573059081,0.005709878425113857,0.9702218890190124,1.039138400554657,0.4951639294624329,0.00552394863916561,6.586344766616821,2.0842604279518127,494.662407207489,882,PASS
baseline,caltech,8,external,0.6403508771929824,0.6705047253767001,0.6857142857142857,0.7046783625730995,25.0,47.0,nan,nan,nan,0.4384893476963043,nan,nan,nan,nan,nan,nan,nan,nan,nan,nan,nan,nan,nan,nan,nan,nan,nan,nan,nan,nan,nan,nan,nan,nan,nan,nan,nan,nan,nan,nan,nan,209.1522250175476,37,PASS
dsls,caltech,8,external,0.6403508771929824,0.6668650204088087,0.6857142857142857,0.7046783625730995,25.0,47.0,9.0,nan,nan,0.4406062960624695,788.2155151367188,725.5372314453125,631.3209228515625,0.04498211294412613,-0.1933094710111618,1.3203638792037964,1.0738423839029565e-07,0.9999781847000122,0.019192202389240267,2.355527877807617,0.017033949494361877,nan,nan,nan,nan,nan,nan,nan,nan,nan,nan,nan,nan,nan,nan,nan,nan,nan,nan,nan,nan,209.1522250175476,37,PASS
csda,caltech,8,external,0.6403508771929824,0.6705061988854895,0.6857142857142857,0.7046783625730995,25.0,47.0,nan,15.0,nan,0.4376313090324402,nan,nan,nan,nan,nan,nan,nan,nan,nan,nan,nan,18.0,286220.0,0.006840824149549007,0.03806578367948532,0.0024378905072808266,0.1488020122051239,0.0012890599668025971,7.787240505218506,0.07731125503778458,0.017010299488902092,nan,nan,nan,nan,nan,nan,nan,nan,nan,nan,209.1522250175476,37,PASS
icdm,caltech,8,external,0.6403508771929824,0.6705047303137787,0.6857142857142857,0.7046783625730995,25.0,47.0,nan,nan,0.0,0.4384893774986267,nan,nan,nan,nan,nan,nan,nan,nan,nan,nan,nan,nan,nan,nan,nan,nan,nan,nan,nan,nan,nan,0.0,0.0,1.0,0.0,1.0,1.0,0.0,0.0,5.529630661010742,0.0,209.1522250175476,37,PASS
baseline,abide2,8,external,0.7331695331695331,0.605677468721749,0.6905710491367861,0.6850353194103194,25.0,47.0,nan,nan,nan,0.4384893476963043,nan,nan,nan,nan,nan,nan,nan,nan,nan,nan,nan,nan,nan,nan,nan,nan,nan,nan,nan,nan,nan,nan,nan,nan,nan,nan,nan,nan,nan,nan,nan,209.1522250175476,727,PASS
dsls,abide2,8,external,0.7331234643734644,0.6059524870947518,0.6973684210526316,0.6880528255528255,25.0,47.0,9.0,nan,nan,0.4406062960624695,788.2155151367188,725.5372314453125,631.3209228515625,0.04498211294412613,-0.1933094710111618,1.3203638792037964,1.0738423839029565e-07,0.9999781847000122,0.019192202389240267,2.355527877807617,0.017033949494361877,nan,nan,nan,nan,nan,nan,nan,nan,nan,nan,nan,nan,nan,nan,nan,nan,nan,nan,nan,nan,209.1522250175476,727,PASS
csda,abide2,8,external,0.7333768427518428,0.6057947540369031,0.6889185580774365,0.685703316953317,25.0,47.0,nan,15.0,nan,0.4376313090324402,nan,nan,nan,nan,nan,nan,nan,nan,nan,nan,nan,18.0,286220.0,0.006840824149549007,0.03806578367948532,0.0024378905072808266,0.1488020122051239,0.0012890599668025971,7.787240505218506,0.07731125503778458,0.017010299488902092,nan,nan,nan,nan,nan,nan,nan,nan,nan,nan,209.1522250175476,727,PASS
icdm,abide2,8,external,0.7331695331695331,0.605677468092433,0.6905710491367861,0.6850353194103194,25.0,47.0,nan,nan,0.0,0.4384893774986267,nan,nan,nan,nan,nan,nan,nan,nan,nan,nan,nan,nan,nan,nan,nan,nan,nan,nan,nan,nan,nan,0.0,0.0,1.0,0.0,1.0,1.0,0.0,0.0,5.529630661010742,0.0,209.1522250175476,727,PASS
baseline,internal_fold,9,0,0.6732522796352584,0.6441513244551887,0.55,0.6030901722391084,29.0,52.0,nan,nan,nan,0.3924989402294159,nan,nan,nan,nan,nan,nan,nan,nan,nan,nan,nan,nan,nan,nan,nan,nan,nan,nan,nan,nan,nan,nan,nan,nan,nan,nan,nan,nan,nan,nan,nan,432.62182331085205,89,PASS
dsls,internal_fold,9,0,0.6732522796352584,0.644151324319932,0.55,0.6030901722391084,29.0,52.0,0.0,nan,nan,0.3924989402294159,878.3157958984375,719.5118408203125,613.6018676757812,0.054250456392765045,-0.046454280614852905,1.3353077173233032,4.793441803485621e-07,0.9999825358390808,0.018206541240215302,2.152615785598755,0.0,nan,nan,nan,nan,nan,nan,nan,nan,nan,nan,nan,nan,nan,nan,nan,nan,nan,nan,nan,nan,432.62182331085205,89,PASS
csda,internal_fold,9,0,0.682370820668693,0.6421865642334517,0.5128205128205128,0.5818135764944276,29.0,52.0,nan,65.0,nan,0.38728898763656616,nan,nan,nan,nan,nan,nan,nan,nan,nan,nan,nan,18.0,206050.0,0.027727337554097176,0.051924340426921844,-0.018389107659459114,0.2967359125614166,0.0012842469848692419,7.995967864990234,0.39081069827079773,0.08302021026611328,nan,nan,nan,nan,nan,nan,nan,nan,nan,nan,432.62182331085205,89,PASS
icdm,internal_fold,9,0,0.6732522796352584,0.644151324319932,0.55,0.6030901722391084,29.0,52.0,nan,nan,0.0,0.3924989402294159,nan,nan,nan,nan,nan,nan,nan,nan,nan,nan,nan,nan,nan,nan,nan,nan,nan,nan,nan,nan,nan,0.0,0.0,1.0,0.0,1.0,1.0,0.0,0.0,5.4860711097717285,0.0,432.62182331085205,89,PASS
baseline,internal_fold,9,1,0.7669706180344478,0.5724761328163681,0.7021276595744681,0.6843971631205674,45.0,59.0,nan,nan,nan,0.4312674403190613,nan,nan,nan,nan,nan,nan,nan,nan,nan,nan,nan,nan,nan,nan,nan,nan,nan,nan,nan,nan,nan,nan,nan,nan,nan,nan,nan,nan,nan,nan,nan,377.05570220947266,89,PASS
dsls,internal_fold,9,1,0.7669706180344478,0.5724761360126819,0.7021276595744681,0.6843971631205674,45.0,59.0,0.0,nan,nan,0.4312674105167389,758.376708984375,683.5604248046875,575.9019165039062,0.0466596782207489,-0.48133039474487305,1.3498997688293457,2.888099004394462e-07,0.9999837279319763,0.019530735909938812,2.143704414367676,0.0,nan,nan,nan,nan,nan,nan,nan,nan,nan,nan,nan,nan,nan,nan,nan,nan,nan,nan,nan,nan,377.05570220947266,89,PASS
csda,internal_fold,9,1,0.7695035460992908,0.567825611912425,0.547945205479452,0.6413373860182371,45.0,59.0,nan,89.0,nan,0.2737976014614105,nan,nan,nan,nan,nan,nan,nan,nan,nan,nan,nan,18.0,207076.0,0.0454866960644722,0.05712025985121727,-0.035054054111242294,0.28635016083717346,0.00136479614302516,8.049901008605957,0.5716660022735596,0.13431864976882935,nan,nan,nan,nan,nan,nan,nan,nan,nan,nan,377.05570220947266,89,PASS
icdm,internal_fold,9,1,0.7669706180344478,0.5724761360126819,0.7021276595744681,0.6843971631205674,45.0,59.0,nan,nan,0.0,0.4312674105167389,nan,nan,nan,nan,nan,nan,nan,nan,nan,nan,nan,nan,nan,nan,nan,nan,nan,nan,nan,nan,nan,0.0,0.0,1.0,0.0,1.0,1.0,0.0,0.0,5.527050018310547,0.0,377.05570220947266,89,PASS
baseline,internal_fold,9,2,0.7065217391304348,0.6099653508638478,0.5194805194805194,0.5864389233954451,22.0,36.0,nan,nan,nan,0.3775777220726013,nan,nan,nan,nan,nan,nan,nan,nan,nan,nan,nan,nan,nan,nan,nan,nan,nan,nan,nan,nan,nan,nan,nan,nan,nan,nan,nan,nan,nan,nan,nan,848.9996037483215,88,PASS
dsls,internal_fold,9,2,0.6961697722567288,0.6200336759931757,0.5333333333333333,0.610248447204969,22.0,36.0,133.0,nan,nan,0.3474136292934418,791.9475708007812,694.5029907226562,660.3330078125,0.05333289876580238,0.15646658837795258,1.3090486526489258,7.641428396709671e-07,0.9999827146530151,0.018697825074195863,2.430164337158203,0.1779554933309555,nan,nan,nan,nan,nan,nan,nan,nan,nan,nan,nan,nan,nan,nan,nan,nan,nan,nan,nan,nan,848.9996037483215,88,PASS
csda,internal_fold,9,2,0.7013457556935818,0.6178526709633154,0.5714285714285714,0.6319875776397516,22.0,36.0,nan,71.0,nan,0.3839276134967804,nan,nan,nan,nan,nan,nan,nan,nan,nan,nan,nan,18.0,206914.0,0.0369565412402153,0.052366454154253006,-0.026552090421319008,0.29228487610816956,0.0012511938810348512,7.904670238494873,0.4327579140663147,0.09874758869409561,nan,nan,nan,nan,nan,nan,nan,nan,nan,nan,848.9996037483215,88,PASS
icdm,internal_fold,9,2,0.7070393374741201,0.6109989515190827,0.5194805194805194,0.5864389233954451,22.0,36.0,nan,nan,149.0,0.3652466833591461,nan,nan,nan,nan,nan,nan,nan,nan,nan,nan,nan,nan,nan,nan,nan,nan,nan,nan,nan,nan,nan,0.09862548857927322,0.09847257286310196,1.1034977436065674,0.005933091975748539,0.9048855304718018,1.1051709651947021,0.9999465346336365,0.017025234177708626,8.726102828979492,6.53158712387085,848.9996037483215,88,PASS
baseline,internal_fold,9,3,0.7127329192546584,0.6366683953337291,0.702127659574468,0.6801242236024845,19.0,45.0,nan,nan,nan,0.46081358194351196,nan,nan,nan,nan,nan,nan,nan,nan,nan,nan,nan,nan,nan,nan,nan,nan,nan,nan,nan,nan,nan,nan,nan,nan,nan,nan,nan,nan,nan,nan,nan,535.1957004070282,88,PASS
dsls,internal_fold,9,3,0.7127329192546584,0.6366683942192913,0.702127659574468,0.6801242236024845,19.0,45.0,0.0,nan,nan,0.46081358194351196,786.7379150390625,653.594482421875,537.3485107421875,0.04430500790476799,0.013584624044597149,1.4990520477294922,4.181726467322733e-07,0.9999842047691345,0.019755649566650393,2.0230884552001953,0.0,nan,nan,nan,nan,nan,nan,nan,nan,nan,nan,nan,nan,nan,nan,nan,nan,nan,nan,nan,nan,535.1957004070282,88,PASS
csda,internal_fold,9,3,0.7142857142857143,0.6572762725362759,0.6804123711340206,0.6444099378881987,19.0,45.0,nan,149.0,nan,0.485981822013855,nan,nan,nan,nan,nan,nan,nan,nan,nan,nan,nan,18.0,206576.0,0.09276998788118362,0.10728729516267776,-0.07999230921268463,0.42136499285697937,0.0012776654213666916,8.221888542175293,1.0403040647506714,0.32298949360847473,nan,nan,nan,nan,nan,nan,nan,nan,nan,nan,535.1957004070282,88,PASS
icdm,internal_fold,9,3,0.7127329192546584,0.6366683942192913,0.702127659574468,0.6801242236024845,19.0,45.0,nan,nan,0.0,0.46081358194351196,nan,nan,nan,nan,nan,nan,nan,nan,nan,nan,nan,nan,nan,nan,nan,nan,nan,nan,nan,nan,nan,0.0,0.0,1.0,0.0,1.0,1.0,0.0,0.0,5.543515682220459,0.0,535.1957004070282,88,PASS
baseline,internal_fold,9,4,0.7080745341614907,0.6164989888085338,0.6,0.6418219461697723,21.0,41.0,nan,nan,nan,0.39624345302581787,nan,nan,nan,nan,nan,nan,nan,nan,nan,nan,nan,nan,nan,nan,nan,nan,nan,nan,nan,nan,nan,nan,nan,nan,nan,nan,nan,nan,nan,nan,nan,824.4498031139374,88,PASS
dsls,internal_fold,9,4,0.694616977225673,0.6236361737181281,0.6739130434782609,0.6583850931677019,21.0,41.0,149.0,nan,nan,0.5034226775169373,783.9766235351562,693.3278198242188,576.072998046875,0.047414593398571014,-0.06765547394752502,1.3565524816513062,4.833554498873127e-07,0.999983012676239,0.018713586032390594,1.900139331817627,0.175479456782341,nan,nan,nan,nan,nan,nan,nan,nan,nan,nan,nan,nan,nan,nan,nan,nan,nan,nan,nan,nan,824.4498031139374,88,PASS
csda,internal_fold,9,4,0.6889233954451346,0.6370799948253377,0.6444444444444444,0.6366459627329193,21.0,41.0,nan,134.0,nan,0.44593650102615356,nan,nan,nan,nan,nan,nan,nan,nan,nan,nan,nan,18.0,206466.0,0.0925287976861,0.10482478886842728,-0.07717492431402206,0.42136499285697937,0.0013082786463201046,8.133474349975586,0.9555731415748596,0.3010639250278473,nan,nan,nan,nan,nan,nan,nan,nan,nan,nan,824.4498031139374,88,PASS
icdm,internal_fold,9,4,0.7080745341614907,0.6165322160125929,0.6,0.6418219461697723,21.0,41.0,nan,nan,3.0,0.3962092399597168,nan,nan,nan,nan,nan,nan,nan,nan,nan,nan,nan,nan,nan,nan,nan,nan,nan,nan,nan,nan,nan,0.001367986318655312,0.00135930220130831,1.0013494491577148,0.0013338279677554965,0.9930689334869385,1.0105987787246704,0.9691625237464905,0.00023732440604362637,5.570636749267578,0.23479855060577393,824.4498031139374,88,PASS
baseline,internal_fold,9,5,0.68188894654904,0.6234835731308495,0.7068965517241379,0.5947067981318112,2.0,41.0,nan,nan,nan,0.6057026982307434,nan,nan,nan,nan,nan,nan,nan,nan,nan,nan,nan,nan,nan,nan,nan,nan,nan,nan,nan,nan,nan,nan,nan,nan,nan,nan,nan,nan,nan,nan,nan,583.71906042099,88,PASS
dsls,internal_fold,9,5,0.6818889465490399,0.6227196473383384,0.7068965517241379,0.5947067981318112,2.0,41.0,4.0,nan,nan,0.6042690277099609,839.41455078125,761.2778930664062,637.5523071289062,0.0604374036192894,0.27511873841285706,1.2649264335632324,-3.3569133961464104e-07,0.9999814629554749,0.01756316274404526,2.3553335666656494,0.008417642675340176,nan,nan,nan,nan,nan,nan,nan,nan,nan,nan,nan,nan,nan,nan,nan,nan,nan,nan,nan,nan,583.71906042099,88,PASS
csda,internal_fold,9,5,0.683445770627919,0.6237924524215633,0.6902654867256637,0.5856253243383498,2.0,41.0,nan,19.0,nan,0.6002110838890076,nan,nan,nan,nan,nan,nan,nan,nan,nan,nan,nan,18.0,207056.0,0.008783012628555298,0.038972578942775726,0.003433907637372613,0.14540059864521027,0.001204453781247139,7.811328887939453,0.09083440154790878,0.02191096916794777,nan,nan,nan,nan,nan,nan,nan,nan,nan,nan,583.71906042099,88,PASS
icdm,internal_fold,9,5,0.685002594706798,0.6236339886466987,0.6956521739130435,0.5840685002594707,2.0,41.0,nan,nan,149.0,0.6139430999755859,nan,nan,nan,nan,nan,nan,nan,nan,nan,nan,nan,nan,nan,nan,nan,nan,nan,nan,nan,nan,nan,0.09524772316217422,0.09222394973039627,1.0963417291641235,0.022635294124484062,0.904837429523468,1.1051709651947021,0.9924353957176208,0.016543855890631676,9.000691413879395,6.446213245391846,583.71906042099,88,PASS
baseline,internal_fold,9,6,0.7524649714582252,0.5824519743076068,0.7010309278350516,0.6665801764400623,32.0,30.0,nan,nan,nan,0.4679992198944092,nan,nan,nan,nan,nan,nan,nan,nan,nan,nan,nan,nan,nan,nan,nan,nan,nan,nan,nan,nan,nan,nan,nan,nan,nan,nan,nan,nan,nan,nan,nan,228.56354880332947,88,PASS
dsls,internal_fold,9,6,0.7524649714582252,0.58245197578414,0.7010309278350516,0.6665801764400623,32.0,30.0,0.0,nan,nan,0.4679992198944092,716.5224609375,629.5062255859375,569.5419311523438,0.04451313242316246,-0.20267902314662933,1.3656960725784302,-1.4239931545034779e-07,0.9999839663505554,0.02122829705476761,1.8206037282943726,0.0,nan,nan,nan,nan,nan,nan,nan,nan,nan,nan,nan,nan,nan,nan,nan,nan,nan,nan,nan,nan,228.56354880332947,88,PASS
csda,internal_fold,9,6,0.7524649714582252,0.58245197578414,0.7010309278350516,0.6665801764400623,32.0,30.0,nan,0.0,nan,0.4679992198944092,nan,nan,nan,nan,nan,nan,nan,nan,nan,nan,nan,18.0,207036.0,0.03284476324915886,0.09181792289018631,0.03555845469236374,0.1602373868227005,0.0014752255752682687,7.659226417541504,0.0,0.0,nan,nan,nan,nan,nan,nan,nan,nan,nan,nan,228.56354880332947,88,PASS
icdm,internal_fold,9,6,0.7524649714582252,0.58245197578414,0.7010309278350516,0.6665801764400623,32.0,30.0,nan,nan,0.0,0.4679992198944092,nan,nan,nan,nan,nan,nan,nan,nan,nan,nan,nan,nan,nan,nan,nan,nan,nan,nan,nan,nan,nan,0.0,0.0,1.0,0.0,1.0,1.0,0.0,0.0,5.58059024810791,0.0,228.56354880332947,88,PASS
baseline,internal_fold,9,7,0.7073170731707317,0.6242328861579157,0.6736842105263158,0.6453035806953814,41.0,23.0,nan,nan,nan,0.42322367429733276,nan,nan,nan,nan,nan,nan,nan,nan,nan,nan,nan,nan,nan,nan,nan,nan,nan,nan,nan,nan,nan,nan,nan,nan,nan,nan,nan,nan,nan,nan,nan,227.8772988319397,88,PASS
dsls,internal_fold,9,7,0.7073170731707317,0.6242328841664645,0.6736842105263158,0.6453035806953814,41.0,23.0,0.0,nan,nan,0.42322367429733276,777.47265625,660.5574340820312,601.60107421875,0.04896200820803642,0.010964970104396343,1.304856777191162,5.50543859390018e-07,0.9999834299087524,0.01943260282278061,1.9250588417053223,0.0,nan,nan,nan,nan,nan,nan,nan,nan,nan,nan,nan,nan,nan,nan,nan,nan,nan,nan,nan,nan,227.8772988319397,88,PASS
csda,internal_fold,9,7,0.7073170731707317,0.6242328841664645,0.6736842105263158,0.6453035806953814,41.0,23.0,nan,0.0,nan,0.42322367429733276,nan,nan,nan,nan,nan,nan,nan,nan,nan,nan,nan,17.0,206390.0,0.02197646163403988,0.0842151939868927,0.02383316308259964,0.2047477662563324,0.0013358035124838353,7.709029674530029,0.0,0.0,nan,nan,nan,nan,nan,nan,nan,nan,nan,nan,227.8772988319397,88,PASS
icdm,internal_fold,9,7,0.7073170731707317,0.6242328841664645,0.6736842105263158,0.6453035806953814,41.0,23.0,nan,nan,0.0,0.42322367429733276,nan,nan,nan,nan,nan,nan,nan,nan,nan,nan,nan,nan,nan,nan,nan,nan,nan,nan,nan,nan,nan,0.0,0.0,1.0,0.0,1.0,1.0,0.0,0.0,5.518794536590576,0.0,227.8772988319397,88,PASS
baseline,internal_fold,9,8,0.7436429683445771,0.5834110334713613,0.674698795180723,0.7003113648157758,18.0,31.0,nan,nan,nan,0.4390520453453064,nan,nan,nan,nan,nan,nan,nan,nan,nan,nan,nan,nan,nan,nan,nan,nan,nan,nan,nan,nan,nan,nan,nan,nan,nan,nan,nan,nan,nan,nan,nan,284.95791602134705,88,PASS
dsls,internal_fold,9,8,0.7436429683445771,0.5834110365829532,0.674698795180723,0.7003113648157758,18.0,31.0,0.0,nan,nan,0.4390520751476288,725.3539428710938,654.6719360351562,549.1661987304688,0.04403805732727051,0.33975282311439514,1.325790524482727,-8.624184033578786e-07,0.9999837279319763,0.01977289915084839,1.8656988143920898,0.0,nan,nan,nan,nan,nan,nan,nan,nan,nan,nan,nan,nan,nan,nan,nan,nan,nan,nan,nan,nan,284.95791602134705,88,PASS
csda,internal_fold,9,8,0.7524649714582252,0.5797465174651304,0.6666666666666666,0.6881162428645563,18.0,31.0,nan,64.0,nan,0.4436233937740326,nan,nan,nan,nan,nan,nan,nan,nan,nan,nan,nan,18.0,206540.0,0.0382145419716835,0.05026395618915558,-0.025709068402647972,0.25964391231536865,0.0013636810705065729,7.971877098083496,0.3781276047229767,0.08494079858064651,nan,nan,nan,nan,nan,nan,nan,nan,nan,nan,284.95791602134705,88,PASS
icdm,internal_fold,9,8,0.7436429683445771,0.5834110365829532,0.674698795180723,0.7003113648157758,18.0,31.0,nan,nan,0.0,0.4390520751476288,nan,nan,nan,nan,nan,nan,nan,nan,nan,nan,nan,nan,nan,nan,nan,nan,nan,nan,nan,nan,nan,0.0,0.0,1.0,0.0,1.0,1.0,0.0,0.0,5.506878852844238,0.0,284.95791602134705,88,PASS
baseline,internal_fold,9,9,0.7130254281266217,0.620454495989977,0.6990291262135921,0.6390762843798651,46.0,44.0,nan,nan,nan,0.544315755367279,nan,nan,nan,nan,nan,nan,nan,nan,nan,nan,nan,nan,nan,nan,nan,nan,nan,nan,nan,nan,nan,nan,nan,nan,nan,nan,nan,nan,nan,nan,nan,270.9912679195404,88,PASS
dsls,internal_fold,9,9,0.7130254281266217,0.6204544940087744,0.6990291262135921,0.6390762843798651,46.0,44.0,0.0,nan,nan,0.544315755367279,750.6534423828125,677.6161499023438,593.8695068359375,0.04761606827378273,-0.17954115569591522,1.3157202005386353,-7.270387527569255e-07,0.9999836087226868,0.01974991410970688,2.302734375,0.0,nan,nan,nan,nan,nan,nan,nan,nan,nan,nan,nan,nan,nan,nan,nan,nan,nan,nan,nan,nan,270.9912679195404,88,PASS
csda,internal_fold,9,9,0.7156201349247535,0.6213937119673166,0.6990291262135921,0.6390762843798651,46.0,44.0,nan,37.0,nan,0.5514683127403259,nan,nan,nan,nan,nan,nan,nan,nan,nan,nan,nan,18.0,206280.0,0.01264725811779499,0.03636126220226288,-0.003838060423731804,0.21068249642848969,0.0013633740134537222,7.869887828826904,0.20133310556411743,0.036060310900211334,nan,nan,nan,nan,nan,nan,nan,nan,nan,nan,270.9912679195404,88,PASS
icdm,internal_fold,9,9,0.7130254281266217,0.6204544940087744,0.6990291262135921,0.6390762843798651,46.0,44.0,nan,nan,0.0,0.544315755367279,nan,nan,nan,nan,nan,nan,nan,nan,nan,nan,nan,nan,nan,nan,nan,nan,nan,nan,nan,nan,nan,0.0,0.0,1.0,0.0,1.0,1.0,0.0,0.0,5.489837169647217,0.0,270.9912679195404,88,PASS
baseline,internal_oof,9,all,0.7191403730553908,0.6113724638625678,0.6594124047878128,0.6448930626144836,27.5,40.2,nan,nan,nan,nan,nan,nan,nan,nan,nan,nan,nan,nan,nan,nan,nan,nan,nan,nan,nan,nan,nan,nan,nan,nan,nan,nan,nan,nan,nan,nan,nan,nan,nan,nan,nan,461.4431724786758,882,PASS
dsls,internal_oof,9,all,0.7176182245040118,0.6130128942959115,0.6673842841765338,0.6487732514641005,27.5,40.2,28.6,nan,nan,nan,780.8771667480469,682.8127197265625,591.4989318847656,0.04915293045341969,-0.018177258409559728,1.342685067653656,9.168210652887865e-08,0.9999832391738892,0.019265121370553973,2.091914165019989,0.036185259278863666,nan,nan,nan,nan,nan,nan,nan,nan,nan,nan,nan,nan,nan,nan,nan,nan,nan,nan,nan,nan,461.4431724786758,882,PASS
csda,internal_oof,9,all,0.716818451536338,0.6153603332521347,0.6460859977949283,0.6365960630530687,27.5,40.2,nan,62.8,nan,nan,nan,nan,nan,nan,nan,nan,nan,nan,nan,nan,nan,17.9,206638.4,0.040993539802730086,0.06751540526747704,-0.02038840891327709,0.269881309568882,0.0013228719029575588,7.932725191116333,0.4061406932771206,0.10830519460141659,nan,nan,nan,nan,nan,nan,nan,nan,nan,nan,461.4431724786758,882,PASS
icdm,internal_oof,9,all,0.7189494595082687,0.6114939124402748,0.6579520697167756,0.6438223988029205,27.5,40.2,nan,nan,30.1,nan,nan,nan,nan,nan,nan,nan,nan,nan,nan,nan,nan,nan,nan,nan,nan,nan,nan,nan,nan,nan,nan,0.019524119806010275,0.019205582479480655,1.0201188921928406,0.00299022140679881,0.9802791893482208,1.0220940709114075,0.29615444540977476,0.003380641447438393,6.195016860961914,1.321259891986847,461.4431724786758,882,PASS
baseline,caltech,9,external,0.6608187134502924,0.648437065325307,0.631578947368421,0.6213450292397661,25.0,33.0,nan,nan,nan,0.4885779917240143,nan,nan,nan,nan,nan,nan,nan,nan,nan,nan,nan,nan,nan,nan,nan,nan,nan,nan,nan,nan,nan,nan,nan,nan,nan,nan,nan,nan,nan,nan,nan,707.3879635334015,37,PASS
dsls,caltech,9,external,0.6432748538011697,0.6593469619377874,0.631578947368421,0.6213450292397661,25.0,33.0,149.0,nan,nan,0.5378248691558838,787.041748046875,720.7991943359375,614.6965942382812,0.04376727342605591,-0.1176181435585022,1.2656426429748535,6.016926477059314e-07,0.9999778270721436,0.019434411823749543,2.221409559249878,0.22521312534809113,nan,nan,nan,nan,nan,nan,nan,nan,nan,nan,nan,nan,nan,nan,nan,nan,nan,nan,nan,nan,707.3879635334015,37,PASS
csda,caltech,9,external,0.6754385964912281,0.6479841296760387,0.6666666666666667,0.6769005847953216,25.0,33.0,nan,62.0,nan,0.4616534113883972,nan,nan,nan,nan,nan,nan,nan,nan,nan,nan,nan,18.0,285466.0,0.029093610122799873,0.04776791110634804,-0.014056514017283916,0.25220680236816406,0.0013653766363859177,7.954319477081299,0.38538745045661926,0.08070436120033264,nan,nan,nan,nan,nan,nan,nan,nan,nan,nan,707.3879635334015,37,PASS
icdm,caltech,9,external,0.6608187134502924,0.6492786133781123,0.631578947368421,0.6213450292397661,25.0,33.0,nan,nan,149.0,0.4870350658893585,nan,nan,nan,nan,nan,nan,nan,nan,nan,nan,nan,nan,nan,nan,nan,nan,nan,nan,nan,nan,nan,0.09832367300987244,0.09790729731321335,1.1028825044631958,0.00856495089828968,0.9048386216163635,1.1051709651947021,0.9997666478157043,0.01739555411040783,8.868973731994629,6.541859149932861,707.3879635334015,37,PASS
baseline,abide2,9,external,0.7373925061425062,0.5998470903234305,0.7268232385661311,0.6924293611793612,25.0,33.0,nan,nan,nan,0.4885779917240143,nan,nan,nan,nan,nan,nan,nan,nan,nan,nan,nan,nan,nan,nan,nan,nan,nan,nan,nan,nan,nan,nan,nan,nan,nan,nan,nan,nan,nan,nan,nan,707.3879635334015,727,PASS
dsls,abide2,9,external,0.7360181203931203,0.6037164520251486,0.7452830188679246,0.6928938882063882,25.0,33.0,149.0,nan,nan,0.5378248691558838,787.041748046875,720.7991943359375,614.6965942382812,0.04376727342605591,-0.1176181435585022,1.2656426429748535,6.016926477059314e-07,0.9999778270721436,0.019434411823749543,2.221409559249878,0.22521312534809113,nan,nan,nan,nan,nan,nan,nan,nan,nan,nan,nan,nan,nan,nan,nan,nan,nan,nan,nan,nan,707.3879635334015,727,PASS
csda,abide2,9,external,0.7367628992628993,0.6008272666766382,0.6918075422626787,0.6767813267813267,25.0,33.0,nan,62.0,nan,0.4616534113883972,nan,nan,nan,nan,nan,nan,nan,nan,nan,nan,nan,18.0,285466.0,0.029093610122799873,0.04776791110634804,-0.014056514017283916,0.25220680236816406,0.0013653766363859177,7.954319477081299,0.38538745045661926,0.08070436120033264,nan,nan,nan,nan,nan,nan,nan,nan,nan,nan,707.3879635334015,727,PASS
icdm,abide2,9,external,0.7372389434889435,0.5991022638645498,0.7252475247524751,0.6912008599508599,25.0,33.0,nan,nan,149.0,0.4870350658893585,nan,nan,nan,nan,nan,nan,nan,nan,nan,nan,nan,nan,nan,nan,nan,nan,nan,nan,nan,nan,nan,0.09832367300987244,0.09790729731321335,1.1028825044631958,0.00856495089828968,0.9048386216163635,1.1051709651947021,0.9997666478157043,0.01739555411040783,8.868973731994629,6.541859149932861,707.3879635334015,727,PASS
