WORKER_LAUNCH_UTC=2026-09-14T14:50:22Z repeat=6 physical_gpu=0 cpu_threads=6 full_precision=Y
Traceback (most recent call last):
  File "/data/adodas/VarCoNet-V2-main/xiaolunwen/experiment1c/run_experiment1c.py", line 2062, in <module>
    main()
  File "/data/adodas/VarCoNet-V2-main/xiaolunwen/experiment1c/run_experiment1c.py", line 2056, in main
    worker_main(args.repeat, args.device)
  File "/data/adodas/VarCoNet-V2-main/xiaolunwen/experiment1c/run_experiment1c.py", line 2023, in worker_main
    torch.cuda.reset_peak_memory_stats(device)
  File "/usr/local/lib/python3.12/site-packages/torch/cuda/memory.py", line 376, in reset_peak_memory_stats
    return torch._C._cuda_resetPeakMemoryStats(device)
           ^^^^^^^^^^^^^^^^^^^^^^^^^^^^^^^^^^^^^^^^^^^
RuntimeError: Invalid device argument 
WORKER_LAUNCH_UTC=2026-09-14T14:51:37Z repeat=6 physical_gpu=0 cpu_threads=6 full_precision=Y
REPEAT_START repeat=6 device=cuda:0 tasks=11 methods=3
TASK_START repeat=6 scope=internal_cv fold=0 seed=100600 device=cuda:0 methods=baseline,crsm_corrected,selective_normative_deviation_experts shared_encoder=Y reference_unique_n=674 train_n=750 val_n=119
/usr/local/lib/python3.12/site-packages/torch/autograd/graph.py:841: UserWarning: Memory Efficient attention defaults to a non-deterministic algorithm. To explicitly enable determinism call torch.use_deterministic_algorithms(True, warn_only=False). (Triggered internally at /job_4065109/source/pytorch/aten/src/ATen/native/transformers/cuda/ppu/xformers/xformers/csrc/attention/cuda/fmha/attention_backward_generic.cu:487.)
  return Variable._execution_engine.run_backward(  # Calls into the C++ engine to run the backward pass
/usr/local/lib/python3.12/site-packages/torch/nn/modules/transformer.py:515: UserWarning: The PyTorch API of nested tensors is in prototype stage and will change in the near future. We recommend specifying layout=torch.jagged when constructing a nested tensor, as this layout receives active development, has better operator coverage, and works with torch.compile. (Triggered internally at ../aten/src/ATen/NestedTensorImpl.cpp:178.)
  output = torch._nested_tensor_from_mask(
CHECKPOINT_BEST repeat=6 scope=internal_cv fold=0 phase=ssl epoch=1 path=/data/adodas/VarCoNet-V2-main/xiaolunwen/experiment1c/checkpoints/worker_r6_best.pt
[SSL] repeat=6 scope=internal_cv fold=0 epoch=1/50 ssl_loss=0.112976 lr=0.000024107 base_val_bce=0.658988 base_best=Y base_cls_epoch=24 epoch_seconds=9.7 task_elapsed_minutes=0.2 gpu_alloc_gb=0.318 gpu_reserved_gb=1.939
[SSL] repeat=6 scope=internal_cv fold=0 epoch=2/50 ssl_loss=0.119889 lr=0.000038214 base_val_bce=0.672086 base_best=N base_cls_epoch=20 epoch_seconds=3.8 task_elapsed_minutes=0.3 gpu_alloc_gb=0.318 gpu_reserved_gb=1.793
[SSL] repeat=6 scope=internal_cv fold=0 epoch=3/50 ssl_loss=0.084640 lr=0.000052321 base_val_bce=0.669166 base_best=N base_cls_epoch=24 epoch_seconds=3.9 task_elapsed_minutes=0.3 gpu_alloc_gb=0.318 gpu_reserved_gb=1.793
[SSL] repeat=6 scope=internal_cv fold=0 epoch=4/50 ssl_loss=0.079972 lr=0.000066427 base_val_bce=0.659358 base_best=N base_cls_epoch=24 epoch_seconds=3.8 task_elapsed_minutes=0.4 gpu_alloc_gb=0.318 gpu_reserved_gb=1.793
[SSL] repeat=6 scope=internal_cv fold=0 epoch=5/50 ssl_loss=0.077929 lr=0.000080534 base_val_bce=0.664209 base_best=N base_cls_epoch=26 epoch_seconds=3.9 task_elapsed_minutes=0.5 gpu_alloc_gb=0.318 gpu_reserved_gb=1.793
[SSL] repeat=6 scope=internal_cv fold=0 epoch=6/50 ssl_loss=0.065565 lr=0.000094641 base_val_bce=0.665002 base_best=N base_cls_epoch=26 epoch_seconds=3.8 task_elapsed_minutes=0.5 gpu_alloc_gb=0.318 gpu_reserved_gb=1.793
[SSL] repeat=6 scope=internal_cv fold=0 epoch=7/50 ssl_loss=0.056603 lr=0.000108748 base_val_bce=0.664568 base_best=N base_cls_epoch=21 epoch_seconds=3.9 task_elapsed_minutes=0.6 gpu_alloc_gb=0.318 gpu_reserved_gb=1.793
[SSL] repeat=6 scope=internal_cv fold=0 epoch=8/50 ssl_loss=0.070091 lr=0.000122855 base_val_bce=0.669897 base_best=N base_cls_epoch=25 epoch_seconds=3.6 task_elapsed_minutes=0.6 gpu_alloc_gb=0.318 gpu_reserved_gb=1.793
[SSL] repeat=6 scope=internal_cv fold=0 epoch=9/50 ssl_loss=0.055287 lr=0.000136962 base_val_bce=0.663775 base_best=N base_cls_epoch=20 epoch_seconds=3.9 task_elapsed_minutes=0.7 gpu_alloc_gb=0.318 gpu_reserved_gb=1.793
CHECKPOINT_BEST repeat=6 scope=internal_cv fold=0 phase=ssl epoch=10 path=/data/adodas/VarCoNet-V2-main/xiaolunwen/experiment1c/checkpoints/worker_r6_best.pt
CHECKPOINT_LATEST repeat=6 scope=internal_cv fold=0 phase=ssl epoch=10 path=/data/adodas/VarCoNet-V2-main/xiaolunwen/experiment1c/checkpoints/worker_r6_latest.pt
[SSL] repeat=6 scope=internal_cv fold=0 epoch=10/50 ssl_loss=0.060069 lr=0.000136962 base_val_bce=0.646915 base_best=Y base_cls_epoch=20 epoch_seconds=4.3 task_elapsed_minutes=0.8 gpu_alloc_gb=0.318 gpu_reserved_gb=1.793
[SSL] repeat=6 scope=internal_cv fold=0 epoch=11/50 ssl_loss=0.062584 lr=0.000136751 base_val_bce=0.662525 base_best=N base_cls_epoch=28 epoch_seconds=3.8 task_elapsed_minutes=0.8 gpu_alloc_gb=0.318 gpu_reserved_gb=1.793
[SSL] repeat=6 scope=internal_cv fold=0 epoch=12/50 ssl_loss=0.057254 lr=0.000136119 base_val_bce=0.656413 base_best=N base_cls_epoch=28 epoch_seconds=3.9 task_elapsed_minutes=0.9 gpu_alloc_gb=0.318 gpu_reserved_gb=1.793
[SSL] repeat=6 scope=internal_cv fold=0 epoch=13/50 ssl_loss=0.056604 lr=0.000135070 base_val_bce=0.654136 base_best=N base_cls_epoch=25 epoch_seconds=3.9 task_elapsed_minutes=1.0 gpu_alloc_gb=0.318 gpu_reserved_gb=1.793
[SSL] repeat=6 scope=internal_cv fold=0 epoch=14/50 ssl_loss=0.064822 lr=0.000133610 base_val_bce=0.647792 base_best=N base_cls_epoch=25 epoch_seconds=4.0 task_elapsed_minutes=1.0 gpu_alloc_gb=0.318 gpu_reserved_gb=1.793
[SSL] repeat=6 scope=internal_cv fold=0 epoch=15/50 ssl_loss=0.061413 lr=0.000131749 base_val_bce=0.655302 base_best=N base_cls_epoch=30 epoch_seconds=3.9 task_elapsed_minutes=1.1 gpu_alloc_gb=0.318 gpu_reserved_gb=1.793
CHECKPOINT_BEST repeat=6 scope=internal_cv fold=0 phase=ssl epoch=16 path=/data/adodas/VarCoNet-V2-main/xiaolunwen/experiment1c/checkpoints/worker_r6_best.pt
[SSL] repeat=6 scope=internal_cv fold=0 epoch=16/50 ssl_loss=0.040178 lr=0.000129498 base_val_bce=0.641982 base_best=Y base_cls_epoch=26 epoch_seconds=4.4 task_elapsed_minutes=1.2 gpu_alloc_gb=0.318 gpu_reserved_gb=1.793
[SSL] repeat=6 scope=internal_cv fold=0 epoch=17/50 ssl_loss=0.040006 lr=0.000126870 base_val_bce=0.660282 base_best=N base_cls_epoch=27 epoch_seconds=3.8 task_elapsed_minutes=1.2 gpu_alloc_gb=0.318 gpu_reserved_gb=1.793
[SSL] repeat=6 scope=internal_cv fold=0 epoch=18/50 ssl_loss=0.038690 lr=0.000123883 base_val_bce=0.656211 base_best=N base_cls_epoch=30 epoch_seconds=3.9 task_elapsed_minutes=1.3 gpu_alloc_gb=0.318 gpu_reserved_gb=1.793
[SSL] repeat=6 scope=internal_cv fold=0 epoch=19/50 ssl_loss=0.047209 lr=0.000120554 base_val_bce=0.657773 base_best=N base_cls_epoch=27 epoch_seconds=3.9 task_elapsed_minutes=1.4 gpu_alloc_gb=0.318 gpu_reserved_gb=1.793
CHECKPOINT_LATEST repeat=6 scope=internal_cv fold=0 phase=ssl epoch=20 path=/data/adodas/VarCoNet-V2-main/xiaolunwen/experiment1c/checkpoints/worker_r6_latest.pt
[SSL] repeat=6 scope=internal_cv fold=0 epoch=20/50 ssl_loss=0.046557 lr=0.000116904 base_val_bce=0.657597 base_best=N base_cls_epoch=26 epoch_seconds=4.2 task_elapsed_minutes=1.4 gpu_alloc_gb=0.318 gpu_reserved_gb=1.793
[SSL] repeat=6 scope=internal_cv fold=0 epoch=21/50 ssl_loss=0.041076 lr=0.000112956 base_val_bce=0.651853 base_best=N base_cls_epoch=31 epoch_seconds=4.2 task_elapsed_minutes=1.5 gpu_alloc_gb=0.318 gpu_reserved_gb=1.793
[SSL] repeat=6 scope=internal_cv fold=0 epoch=22/50 ssl_loss=0.042467 lr=0.000108733 base_val_bce=0.656462 base_best=N base_cls_epoch=29 epoch_seconds=3.3 task_elapsed_minutes=1.6 gpu_alloc_gb=0.318 gpu_reserved_gb=1.793
[SSL] repeat=6 scope=internal_cv fold=0 epoch=23/50 ssl_loss=0.042465 lr=0.000104262 base_val_bce=0.654938 base_best=N base_cls_epoch=25 epoch_seconds=5.0 task_elapsed_minutes=1.7 gpu_alloc_gb=0.318 gpu_reserved_gb=1.793
[SSL] repeat=6 scope=internal_cv fold=0 epoch=24/50 ssl_loss=0.039282 lr=0.000099570 base_val_bce=0.652869 base_best=N base_cls_epoch=29 epoch_seconds=6.3 task_elapsed_minutes=1.8 gpu_alloc_gb=0.318 gpu_reserved_gb=1.793
[SSL] repeat=6 scope=internal_cv fold=0 epoch=25/50 ssl_loss=0.039515 lr=0.000094687 base_val_bce=0.659184 base_best=N base_cls_epoch=30 epoch_seconds=6.2 task_elapsed_minutes=1.9 gpu_alloc_gb=0.318 gpu_reserved_gb=1.793
[SSL] repeat=6 scope=internal_cv fold=0 epoch=26/50 ssl_loss=0.039244 lr=0.000089643 base_val_bce=0.649466 base_best=N base_cls_epoch=32 epoch_seconds=6.3 task_elapsed_minutes=2.0 gpu_alloc_gb=0.318 gpu_reserved_gb=1.793
[SSL] repeat=6 scope=internal_cv fold=0 epoch=27/50 ssl_loss=0.035044 lr=0.000084467 base_val_bce=0.647231 base_best=N base_cls_epoch=28 epoch_seconds=6.1 task_elapsed_minutes=2.1 gpu_alloc_gb=0.318 gpu_reserved_gb=1.793
[SSL] repeat=6 scope=internal_cv fold=0 epoch=28/50 ssl_loss=0.041349 lr=0.000079194 base_val_bce=0.649711 base_best=N base_cls_epoch=26 epoch_seconds=7.5 task_elapsed_minutes=2.2 gpu_alloc_gb=0.318 gpu_reserved_gb=1.793
[SSL] repeat=6 scope=internal_cv fold=0 epoch=29/50 ssl_loss=0.033995 lr=0.000073854 base_val_bce=0.645410 base_best=N base_cls_epoch=25 epoch_seconds=6.7 task_elapsed_minutes=2.4 gpu_alloc_gb=0.318 gpu_reserved_gb=1.793
CHECKPOINT_LATEST repeat=6 scope=internal_cv fold=0 phase=ssl epoch=30 path=/data/adodas/VarCoNet-V2-main/xiaolunwen/experiment1c/checkpoints/worker_r6_latest.pt
[SSL] repeat=6 scope=internal_cv fold=0 epoch=30/50 ssl_loss=0.046733 lr=0.000068481 base_val_bce=0.657143 base_best=N base_cls_epoch=29 epoch_seconds=6.2 task_elapsed_minutes=2.5 gpu_alloc_gb=0.318 gpu_reserved_gb=1.793
[SSL] repeat=6 scope=internal_cv fold=0 epoch=31/50 ssl_loss=0.044469 lr=0.000063108 base_val_bce=0.646002 base_best=N base_cls_epoch=27 epoch_seconds=6.1 task_elapsed_minutes=2.6 gpu_alloc_gb=0.318 gpu_reserved_gb=1.793
[SSL] repeat=6 scope=internal_cv fold=0 epoch=32/50 ssl_loss=0.053678 lr=0.000057768 base_val_bce=0.643658 base_best=N base_cls_epoch=25 epoch_seconds=6.3 task_elapsed_minutes=2.7 gpu_alloc_gb=0.318 gpu_reserved_gb=1.793
[SSL] repeat=6 scope=internal_cv fold=0 epoch=33/50 ssl_loss=0.037456 lr=0.000052494 base_val_bce=0.649620 base_best=N base_cls_epoch=25 epoch_seconds=6.1 task_elapsed_minutes=2.8 gpu_alloc_gb=0.318 gpu_reserved_gb=1.793
[SSL] repeat=6 scope=internal_cv fold=0 epoch=34/50 ssl_loss=0.036186 lr=0.000047319 base_val_bce=0.651629 base_best=N base_cls_epoch=29 epoch_seconds=4.7 task_elapsed_minutes=2.8 gpu_alloc_gb=0.318 gpu_reserved_gb=1.793
[SSL] repeat=6 scope=internal_cv fold=0 epoch=35/50 ssl_loss=0.038652 lr=0.000042274 base_val_bce=0.653917 base_best=N base_cls_epoch=25 epoch_seconds=3.8 task_elapsed_minutes=2.9 gpu_alloc_gb=0.318 gpu_reserved_gb=1.793
[SSL] repeat=6 scope=internal_cv fold=0 epoch=36/50 ssl_loss=0.040575 lr=0.000037391 base_val_bce=0.649375 base_best=N base_cls_epoch=28 epoch_seconds=3.8 task_elapsed_minutes=3.0 gpu_alloc_gb=0.318 gpu_reserved_gb=1.793
CHECKPOINT_BEST repeat=6 scope=internal_cv fold=0 phase=ssl epoch=37 path=/data/adodas/VarCoNet-V2-main/xiaolunwen/experiment1c/checkpoints/worker_r6_best.pt
[SSL] repeat=6 scope=internal_cv fold=0 epoch=37/50 ssl_loss=0.031091 lr=0.000032700 base_val_bce=0.640216 base_best=Y base_cls_epoch=25 epoch_seconds=6.0 task_elapsed_minutes=3.1 gpu_alloc_gb=0.318 gpu_reserved_gb=1.793
[SSL] repeat=6 scope=internal_cv fold=0 epoch=38/50 ssl_loss=0.072311 lr=0.000028229 base_val_bce=0.650844 base_best=N base_cls_epoch=27 epoch_seconds=3.8 task_elapsed_minutes=3.1 gpu_alloc_gb=0.318 gpu_reserved_gb=1.793
[SSL] repeat=6 scope=internal_cv fold=0 epoch=39/50 ssl_loss=0.043622 lr=0.000024006 base_val_bce=0.656369 base_best=N base_cls_epoch=27 epoch_seconds=3.9 task_elapsed_minutes=3.2 gpu_alloc_gb=0.318 gpu_reserved_gb=1.793
CHECKPOINT_LATEST repeat=6 scope=internal_cv fold=0 phase=ssl epoch=40 path=/data/adodas/VarCoNet-V2-main/xiaolunwen/experiment1c/checkpoints/worker_r6_latest.pt
[SSL] repeat=6 scope=internal_cv fold=0 epoch=40/50 ssl_loss=0.035097 lr=0.000020058 base_val_bce=0.649946 base_best=N base_cls_epoch=30 epoch_seconds=4.1 task_elapsed_minutes=3.3 gpu_alloc_gb=0.318 gpu_reserved_gb=1.793
[SSL] repeat=6 scope=internal_cv fold=0 epoch=41/50 ssl_loss=0.027249 lr=0.000016408 base_val_bce=0.653807 base_best=N base_cls_epoch=28 epoch_seconds=3.9 task_elapsed_minutes=3.3 gpu_alloc_gb=0.318 gpu_reserved_gb=1.793
[SSL] repeat=6 scope=internal_cv fold=0 epoch=42/50 ssl_loss=0.031646 lr=0.000013079 base_val_bce=0.641130 base_best=N base_cls_epoch=28 epoch_seconds=3.9 task_elapsed_minutes=3.4 gpu_alloc_gb=0.318 gpu_reserved_gb=1.793
[SSL] repeat=6 scope=internal_cv fold=0 epoch=43/50 ssl_loss=0.034813 lr=0.000010091 base_val_bce=0.657154 base_best=N base_cls_epoch=31 epoch_seconds=3.9 task_elapsed_minutes=3.5 gpu_alloc_gb=0.318 gpu_reserved_gb=1.793
[SSL] repeat=6 scope=internal_cv fold=0 epoch=44/50 ssl_loss=0.033717 lr=0.000007464 base_val_bce=0.648428 base_best=N base_cls_epoch=34 epoch_seconds=3.8 task_elapsed_minutes=3.5 gpu_alloc_gb=0.318 gpu_reserved_gb=1.793
[SSL] repeat=6 scope=internal_cv fold=0 epoch=45/50 ssl_loss=0.056708 lr=0.000005213 base_val_bce=0.659218 base_best=N base_cls_epoch=28 epoch_seconds=3.8 task_elapsed_minutes=3.6 gpu_alloc_gb=0.318 gpu_reserved_gb=1.793
CHECKPOINT_BEST repeat=6 scope=internal_cv fold=0 phase=ssl epoch=46 path=/data/adodas/VarCoNet-V2-main/xiaolunwen/experiment1c/checkpoints/worker_r6_best.pt
[SSL] repeat=6 scope=internal_cv fold=0 epoch=46/50 ssl_loss=0.030595 lr=0.000003352 base_val_bce=0.638721 base_best=Y base_cls_epoch=31 epoch_seconds=4.1 task_elapsed_minutes=3.7 gpu_alloc_gb=0.318 gpu_reserved_gb=1.793
[SSL] repeat=6 scope=internal_cv fold=0 epoch=47/50 ssl_loss=0.034403 lr=0.000001892 base_val_bce=0.647591 base_best=N base_cls_epoch=29 epoch_seconds=3.7 task_elapsed_minutes=3.7 gpu_alloc_gb=0.318 gpu_reserved_gb=1.793
[SSL] repeat=6 scope=internal_cv fold=0 epoch=48/50 ssl_loss=0.042212 lr=0.000000843 base_val_bce=0.649568 base_best=N base_cls_epoch=26 epoch_seconds=3.9 task_elapsed_minutes=3.8 gpu_alloc_gb=0.318 gpu_reserved_gb=1.793
[SSL] repeat=6 scope=internal_cv fold=0 epoch=49/50 ssl_loss=0.039781 lr=0.000000211 base_val_bce=0.660969 base_best=N base_cls_epoch=28 epoch_seconds=2.8 task_elapsed_minutes=3.8 gpu_alloc_gb=0.318 gpu_reserved_gb=1.793
CHECKPOINT_LATEST repeat=6 scope=internal_cv fold=0 phase=ssl epoch=50 path=/data/adodas/VarCoNet-V2-main/xiaolunwen/experiment1c/checkpoints/worker_r6_latest.pt
[SSL] repeat=6 scope=internal_cv fold=0 epoch=50/50 ssl_loss=0.039542 lr=0.000000000 base_val_bce=0.655756 base_best=N base_cls_epoch=30 epoch_seconds=3.8 task_elapsed_minutes=3.9 gpu_alloc_gb=0.318 gpu_reserved_gb=1.793
[CRSM_ZERO_BASELINE] repeat=6 scope=internal_cv fold=0 epoch=0 exact_zero=Y val_bce=0.638721 probability_max_abs=1.19e-07
CHECKPOINT_LATEST repeat=6 scope=internal_cv fold=0 phase=crsm_corrected epoch=0 path=/data/adodas/VarCoNet-V2-main/xiaolunwen/experiment1c/checkpoints/worker_r6_latest.pt
CHECKPOINT_BEST repeat=6 scope=internal_cv fold=0 phase=crsm_corrected epoch=0 path=/data/adodas/VarCoNet-V2-main/xiaolunwen/experiment1c/checkpoints/worker_r6_best.pt
CHECKPOINT_BEST repeat=6 scope=internal_cv fold=0 phase=crsm_corrected epoch=0 path=/data/adodas/VarCoNet-V2-main/xiaolunwen/experiment1c/checkpoints/worker_r6_best.pt
CHECKPOINT_LATEST repeat=6 scope=internal_cv fold=0 phase=crsm_corrected epoch=0 path=/data/adodas/VarCoNet-V2-main/xiaolunwen/experiment1c/checkpoints/worker_r6_latest.pt
[CRSM_SYMMETRY_START] repeat=6 scope=internal_cv fold=0 after_exact_zero=Y pca_unit_norm=1.00000000 pca_singular=153.540619 symmetry_scale=0.00179436582
CHECKPOINT_LATEST repeat=6 scope=internal_cv fold=0 phase=crsm_corrected epoch=10 path=/data/adodas/VarCoNet-V2-main/xiaolunwen/experiment1c/checkpoints/worker_r6_latest.pt
[CRSM_CORRECTED] repeat=6 scope=internal_cv fold=0 epoch=10/149 train_loss=0.243986 val_bce=0.649964 best=N best_epoch=0 asd_mass=(0.5044,0.4956) hc_mass=(0.5000,0.5000) delta_l2=(0.130840,0.130041) epoch_seconds=1.58
CHECKPOINT_LATEST repeat=6 scope=internal_cv fold=0 phase=crsm_corrected epoch=20 path=/data/adodas/VarCoNet-V2-main/xiaolunwen/experiment1c/checkpoints/worker_r6_latest.pt
[CRSM_CORRECTED] repeat=6 scope=internal_cv fold=0 epoch=20/149 train_loss=0.212816 val_bce=0.661114 best=N best_epoch=0 asd_mass=(0.5069,0.4931) hc_mass=(0.5000,0.5000) delta_l2=(0.250070,0.249285) epoch_seconds=1.41
CHECKPOINT_LATEST repeat=6 scope=internal_cv fold=0 phase=crsm_corrected epoch=30 path=/data/adodas/VarCoNet-V2-main/xiaolunwen/experiment1c/checkpoints/worker_r6_latest.pt
[CRSM_CORRECTED] repeat=6 scope=internal_cv fold=0 epoch=30/149 train_loss=0.190651 val_bce=0.674957 best=N best_epoch=0 asd_mass=(0.5107,0.4893) hc_mass=(0.5000,0.5000) delta_l2=(0.357783,0.356937) epoch_seconds=1.38
CHECKPOINT_LATEST repeat=6 scope=internal_cv fold=0 phase=crsm_corrected epoch=40 path=/data/adodas/VarCoNet-V2-main/xiaolunwen/experiment1c/checkpoints/worker_r6_latest.pt
[CRSM_CORRECTED] repeat=6 scope=internal_cv fold=0 epoch=40/149 train_loss=0.174689 val_bce=0.691539 best=N best_epoch=0 asd_mass=(0.5164,0.4836) hc_mass=(0.5000,0.5000) delta_l2=(0.454219,0.453183) epoch_seconds=1.74
CHECKPOINT_LATEST repeat=6 scope=internal_cv fold=0 phase=crsm_corrected epoch=50 path=/data/adodas/VarCoNet-V2-main/xiaolunwen/experiment1c/checkpoints/worker_r6_latest.pt
[CRSM_CORRECTED] repeat=6 scope=internal_cv fold=0 epoch=50/149 train_loss=0.163024 val_bce=0.708070 best=N best_epoch=0 asd_mass=(0.5239,0.4761) hc_mass=(0.5000,0.5000) delta_l2=(0.540511,0.539106) epoch_seconds=1.87
CHECKPOINT_LATEST repeat=6 scope=internal_cv fold=0 phase=crsm_corrected epoch=60 path=/data/adodas/VarCoNet-V2-main/xiaolunwen/experiment1c/checkpoints/worker_r6_latest.pt
[CRSM_CORRECTED] repeat=6 scope=internal_cv fold=0 epoch=60/149 train_loss=0.154315 val_bce=0.724909 best=N best_epoch=0 asd_mass=(0.5325,0.4675) hc_mass=(0.5000,0.5000) delta_l2=(0.617852,0.615965) epoch_seconds=1.23
CHECKPOINT_LATEST repeat=6 scope=internal_cv fold=0 phase=crsm_corrected epoch=70 path=/data/adodas/VarCoNet-V2-main/xiaolunwen/experiment1c/checkpoints/worker_r6_latest.pt
[CRSM_CORRECTED] repeat=6 scope=internal_cv fold=0 epoch=70/149 train_loss=0.147641 val_bce=0.742373 best=N best_epoch=0 asd_mass=(0.5406,0.4594) hc_mass=(0.5000,0.5000) delta_l2=(0.687402,0.685174) epoch_seconds=1.71
CHECKPOINT_LATEST repeat=6 scope=internal_cv fold=0 phase=crsm_corrected epoch=80 path=/data/adodas/VarCoNet-V2-main/xiaolunwen/experiment1c/checkpoints/worker_r6_latest.pt
[CRSM_CORRECTED] repeat=6 scope=internal_cv fold=0 epoch=80/149 train_loss=0.142404 val_bce=0.759910 best=N best_epoch=0 asd_mass=(0.5469,0.4531) hc_mass=(0.5000,0.5000) delta_l2=(0.750198,0.748155) epoch_seconds=1.80
CHECKPOINT_LATEST repeat=6 scope=internal_cv fold=0 phase=crsm_corrected epoch=90 path=/data/adodas/VarCoNet-V2-main/xiaolunwen/experiment1c/checkpoints/worker_r6_latest.pt
[CRSM_CORRECTED] repeat=6 scope=internal_cv fold=0 epoch=90/149 train_loss=0.138225 val_bce=0.777325 best=N best_epoch=0 asd_mass=(0.5512,0.4488) hc_mass=(0.5000,0.5000) delta_l2=(0.807109,0.806059) epoch_seconds=2.04
CHECKPOINT_LATEST repeat=6 scope=internal_cv fold=0 phase=crsm_corrected epoch=100 path=/data/adodas/VarCoNet-V2-main/xiaolunwen/experiment1c/checkpoints/worker_r6_latest.pt
[CRSM_CORRECTED] repeat=6 scope=internal_cv fold=0 epoch=100/149 train_loss=0.134858 val_bce=0.794347 best=N best_epoch=0 asd_mass=(0.5543,0.4457) hc_mass=(0.5000,0.5000) delta_l2=(0.858880,0.859653) epoch_seconds=1.32
CHECKPOINT_LATEST repeat=6 scope=internal_cv fold=0 phase=crsm_corrected epoch=110 path=/data/adodas/VarCoNet-V2-main/xiaolunwen/experiment1c/checkpoints/worker_r6_latest.pt
[CRSM_CORRECTED] repeat=6 scope=internal_cv fold=0 epoch=110/149 train_loss=0.132128 val_bce=0.810763 best=N best_epoch=0 asd_mass=(0.5566,0.4434) hc_mass=(0.5000,0.5000) delta_l2=(0.906172,0.909406) epoch_seconds=1.89
CHECKPOINT_LATEST repeat=6 scope=internal_cv fold=0 phase=crsm_corrected epoch=120 path=/data/adodas/VarCoNet-V2-main/xiaolunwen/experiment1c/checkpoints/worker_r6_latest.pt
[CRSM_CORRECTED] repeat=6 scope=internal_cv fold=0 epoch=120/149 train_loss=0.129900 val_bce=0.826471 best=N best_epoch=0 asd_mass=(0.5584,0.4416) hc_mass=(0.5000,0.5000) delta_l2=(0.949570,0.955630) epoch_seconds=1.98
CHECKPOINT_LATEST repeat=6 scope=internal_cv fold=0 phase=crsm_corrected epoch=130 path=/data/adodas/VarCoNet-V2-main/xiaolunwen/experiment1c/checkpoints/worker_r6_latest.pt
[CRSM_CORRECTED] repeat=6 scope=internal_cv fold=0 epoch=130/149 train_loss=0.128069 val_bce=0.841433 best=N best_epoch=0 asd_mass=(0.5600,0.4400) hc_mass=(0.5000,0.5000) delta_l2=(0.989580,0.998583) epoch_seconds=1.47
CHECKPOINT_LATEST repeat=6 scope=internal_cv fold=0 phase=crsm_corrected epoch=140 path=/data/adodas/VarCoNet-V2-main/xiaolunwen/experiment1c/checkpoints/worker_r6_latest.pt
[CRSM_CORRECTED] repeat=6 scope=internal_cv fold=0 epoch=140/149 train_loss=0.126553 val_bce=0.855649 best=N best_epoch=0 asd_mass=(0.5613,0.4387) hc_mass=(0.5000,0.5000) delta_l2=(1.026628,1.038518) epoch_seconds=1.96
CHECKPOINT_LATEST repeat=6 scope=internal_cv fold=0 phase=crsm_corrected epoch=149 path=/data/adodas/VarCoNet-V2-main/xiaolunwen/experiment1c/checkpoints/worker_r6_latest.pt
[CRSM_CORRECTED] repeat=6 scope=internal_cv fold=0 epoch=149/149 train_loss=0.125405 val_bce=0.867815 best=N best_epoch=0 asd_mass=(0.5623,0.4377) hc_mass=(0.5000,0.5000) delta_l2=(1.057732,1.072093) epoch_seconds=1.52
[SNDE_NORMATIVE] repeat=6 scope=internal_cv fold=0 n_unique_asd=357 n_unique_hc=317 roi_dim=384 std_floor=0.0012817191 pc1_explained_fraction=0.206336 hc_score_mean_before_norm=8.42362e-08 hc_score_std_before_norm=7.94866 asd_positive_fraction=0.0000 asd_negative_fraction=0.1232 asd_generalist_fraction=0.8768 hc_positive_fraction=0.0032 hc_negative_fraction=0.0978 hc_generalist_fraction=0.8991
[SNDE_ZERO_BASELINE] repeat=6 scope=internal_cv fold=0 epoch=0 exact_zero=Y val_bce=0.638721 probability_max_abs=5.96e-08
CHECKPOINT_BEST repeat=6 scope=internal_cv fold=0 phase=snde epoch=0 path=/data/adodas/VarCoNet-V2-main/xiaolunwen/experiment1c/checkpoints/worker_r6_best.pt
CHECKPOINT_LATEST repeat=6 scope=internal_cv fold=0 phase=snde epoch=0 path=/data/adodas/VarCoNet-V2-main/xiaolunwen/experiment1c/checkpoints/worker_r6_latest.pt
CHECKPOINT_BEST repeat=6 scope=internal_cv fold=0 phase=snde epoch=2 path=/data/adodas/VarCoNet-V2-main/xiaolunwen/experiment1c/checkpoints/worker_r6_best.pt
CHECKPOINT_LATEST repeat=6 scope=internal_cv fold=0 phase=snde epoch=2 path=/data/adodas/VarCoNet-V2-main/xiaolunwen/experiment1c/checkpoints/worker_r6_latest.pt
[SNDE] repeat=6 scope=internal_cv fold=0 epoch=2/149 train_bce=0.281786 val_bce=0.633461 best=Y best_epoch=2 asd_gate=(+0.000,-0.123,g0.877) hc_gate=(+0.003,-0.098,g0.899) pos_weight_l2=0.038955 neg_weight_l2=0.028653 mean_abs_pos_correction=0.000057 mean_abs_neg_correction=0.043730 elapsed_seconds=3.27
CHECKPOINT_LATEST repeat=6 scope=internal_cv fold=0 phase=snde epoch=10 path=/data/adodas/VarCoNet-V2-main/xiaolunwen/experiment1c/checkpoints/worker_r6_latest.pt
[SNDE] repeat=6 scope=internal_cv fold=0 epoch=10/149 train_bce=0.275635 val_bce=0.650912 best=N best_epoch=2 asd_gate=(+0.000,-0.123,g0.877) hc_gate=(+0.003,-0.098,g0.899) pos_weight_l2=0.193681 neg_weight_l2=0.090339 mean_abs_pos_correction=0.000283 mean_abs_neg_correction=0.097595 elapsed_seconds=1.81
CHECKPOINT_LATEST repeat=6 scope=internal_cv fold=0 phase=snde epoch=20 path=/data/adodas/VarCoNet-V2-main/xiaolunwen/experiment1c/checkpoints/worker_r6_latest.pt
[SNDE] repeat=6 scope=internal_cv fold=0 epoch=20/149 train_bce=0.272516 val_bce=0.667155 best=N best_epoch=2 asd_gate=(+0.000,-0.123,g0.877) hc_gate=(+0.003,-0.098,g0.899) pos_weight_l2=0.381380 neg_weight_l2=0.147976 mean_abs_pos_correction=0.000556 mean_abs_neg_correction=0.150458 elapsed_seconds=1.62
CHECKPOINT_LATEST repeat=6 scope=internal_cv fold=0 phase=snde epoch=30 path=/data/adodas/VarCoNet-V2-main/xiaolunwen/experiment1c/checkpoints/worker_r6_latest.pt
[SNDE] repeat=6 scope=internal_cv fold=0 epoch=30/149 train_bce=0.270659 val_bce=0.705911 best=N best_epoch=2 asd_gate=(+0.000,-0.123,g0.877) hc_gate=(+0.003,-0.098,g0.899) pos_weight_l2=0.558892 neg_weight_l2=0.195480 mean_abs_pos_correction=0.000815 mean_abs_neg_correction=0.169997 elapsed_seconds=1.36
CHECKPOINT_LATEST repeat=6 scope=internal_cv fold=0 phase=snde epoch=40 path=/data/adodas/VarCoNet-V2-main/xiaolunwen/experiment1c/checkpoints/worker_r6_latest.pt
[SNDE] repeat=6 scope=internal_cv fold=0 epoch=40/149 train_bce=0.269403 val_bce=0.722509 best=N best_epoch=2 asd_gate=(+0.000,-0.123,g0.877) hc_gate=(+0.003,-0.098,g0.899) pos_weight_l2=0.724094 neg_weight_l2=0.237518 mean_abs_pos_correction=0.001057 mean_abs_neg_correction=0.192147 elapsed_seconds=1.59
CHECKPOINT_LATEST repeat=6 scope=internal_cv fold=0 phase=snde epoch=50 path=/data/adodas/VarCoNet-V2-main/xiaolunwen/experiment1c/checkpoints/worker_r6_latest.pt
[SNDE] repeat=6 scope=internal_cv fold=0 epoch=50/149 train_bce=0.268483 val_bce=0.742561 best=N best_epoch=2 asd_gate=(+0.000,-0.123,g0.877) hc_gate=(+0.003,-0.098,g0.899) pos_weight_l2=0.876645 neg_weight_l2=0.275415 mean_abs_pos_correction=0.001279 mean_abs_neg_correction=0.205967 elapsed_seconds=1.83
CHECKPOINT_LATEST repeat=6 scope=internal_cv fold=0 phase=snde epoch=60 path=/data/adodas/VarCoNet-V2-main/xiaolunwen/experiment1c/checkpoints/worker_r6_latest.pt
[SNDE] repeat=6 scope=internal_cv fold=0 epoch=60/149 train_bce=0.267756 val_bce=0.752960 best=N best_epoch=2 asd_gate=(+0.000,-0.123,g0.877) hc_gate=(+0.003,-0.098,g0.899) pos_weight_l2=1.017283 neg_weight_l2=0.310587 mean_abs_pos_correction=0.001485 mean_abs_neg_correction=0.222887 elapsed_seconds=1.65
CHECKPOINT_LATEST repeat=6 scope=internal_cv fold=0 phase=snde epoch=70 path=/data/adodas/VarCoNet-V2-main/xiaolunwen/experiment1c/checkpoints/worker_r6_latest.pt
[SNDE] repeat=6 scope=internal_cv fold=0 epoch=70/149 train_bce=0.267163 val_bce=1.462033 best=N best_epoch=2 asd_gate=(+0.000,-0.123,g0.877) hc_gate=(+0.003,-0.098,g0.899) pos_weight_l2=1.147202 neg_weight_l2=0.343579 mean_abs_pos_correction=0.001675 mean_abs_neg_correction=0.235758 elapsed_seconds=1.26
CHECKPOINT_LATEST repeat=6 scope=internal_cv fold=0 phase=snde epoch=80 path=/data/adodas/VarCoNet-V2-main/xiaolunwen/experiment1c/checkpoints/worker_r6_latest.pt
[SNDE] repeat=6 scope=internal_cv fold=0 epoch=80/149 train_bce=0.266661 val_bce=1.459888 best=N best_epoch=2 asd_gate=(+0.000,-0.123,g0.877) hc_gate=(+0.003,-0.098,g0.899) pos_weight_l2=1.267675 neg_weight_l2=0.374947 mean_abs_pos_correction=0.001851 mean_abs_neg_correction=0.248537 elapsed_seconds=0.97
CHECKPOINT_LATEST repeat=6 scope=internal_cv fold=0 phase=snde epoch=90 path=/data/adodas/VarCoNet-V2-main/xiaolunwen/experiment1c/checkpoints/worker_r6_latest.pt
[SNDE] repeat=6 scope=internal_cv fold=0 epoch=90/149 train_bce=0.266227 val_bce=1.457965 best=N best_epoch=2 asd_gate=(+0.000,-0.123,g0.877) hc_gate=(+0.003,-0.098,g0.899) pos_weight_l2=1.379879 neg_weight_l2=0.404963 mean_abs_pos_correction=0.002015 mean_abs_neg_correction=0.260133 elapsed_seconds=2.09
CHECKPOINT_LATEST repeat=6 scope=internal_cv fold=0 phase=snde epoch=100 path=/data/adodas/VarCoNet-V2-main/xiaolunwen/experiment1c/checkpoints/worker_r6_latest.pt
[SNDE] repeat=6 scope=internal_cv fold=0 epoch=100/149 train_bce=0.265843 val_bce=1.456460 best=N best_epoch=2 asd_gate=(+0.000,-0.123,g0.877) hc_gate=(+0.003,-0.098,g0.899) pos_weight_l2=1.484834 neg_weight_l2=0.433873 mean_abs_pos_correction=0.002168 mean_abs_neg_correction=0.271322 elapsed_seconds=1.20
CHECKPOINT_LATEST repeat=6 scope=internal_cv fold=0 phase=snde epoch=110 path=/data/adodas/VarCoNet-V2-main/xiaolunwen/experiment1c/checkpoints/worker_r6_latest.pt
[SNDE] repeat=6 scope=internal_cv fold=0 epoch=110/149 train_bce=0.265497 val_bce=1.455375 best=N best_epoch=2 asd_gate=(+0.000,-0.123,g0.877) hc_gate=(+0.003,-0.098,g0.899) pos_weight_l2=1.583410 neg_weight_l2=0.461883 mean_abs_pos_correction=0.002312 mean_abs_neg_correction=0.282415 elapsed_seconds=1.07
CHECKPOINT_LATEST repeat=6 scope=internal_cv fold=0 phase=snde epoch=120 path=/data/adodas/VarCoNet-V2-main/xiaolunwen/experiment1c/checkpoints/worker_r6_latest.pt
[SNDE] repeat=6 scope=internal_cv fold=0 epoch=120/149 train_bce=0.265182 val_bce=1.454589 best=N best_epoch=2 asd_gate=(+0.000,-0.123,g0.877) hc_gate=(+0.003,-0.098,g0.899) pos_weight_l2=1.676334 neg_weight_l2=0.489152 mean_abs_pos_correction=0.002448 mean_abs_neg_correction=0.292892 elapsed_seconds=1.17
CHECKPOINT_LATEST repeat=6 scope=internal_cv fold=0 phase=snde epoch=130 path=/data/adodas/VarCoNet-V2-main/xiaolunwen/experiment1c/checkpoints/worker_r6_latest.pt
[SNDE] repeat=6 scope=internal_cv fold=0 epoch=130/149 train_bce=0.264893 val_bce=1.454044 best=N best_epoch=2 asd_gate=(+0.000,-0.123,g0.877) hc_gate=(+0.003,-0.098,g0.899) pos_weight_l2=1.764223 neg_weight_l2=0.515818 mean_abs_pos_correction=0.002577 mean_abs_neg_correction=0.303044 elapsed_seconds=0.86
CHECKPOINT_LATEST repeat=6 scope=internal_cv fold=0 phase=snde epoch=140 path=/data/adodas/VarCoNet-V2-main/xiaolunwen/experiment1c/checkpoints/worker_r6_latest.pt
[SNDE] repeat=6 scope=internal_cv fold=0 epoch=140/149 train_bce=0.264624 val_bce=1.453660 best=N best_epoch=2 asd_gate=(+0.000,-0.123,g0.877) hc_gate=(+0.003,-0.098,g0.899) pos_weight_l2=1.847595 neg_weight_l2=0.541983 mean_abs_pos_correction=0.002698 mean_abs_neg_correction=0.312797 elapsed_seconds=1.67
CHECKPOINT_LATEST repeat=6 scope=internal_cv fold=0 phase=snde epoch=149 path=/data/adodas/VarCoNet-V2-main/xiaolunwen/experiment1c/checkpoints/worker_r6_latest.pt
[SNDE] repeat=6 scope=internal_cv fold=0 epoch=149/149 train_bce=0.264398 val_bce=1.453408 best=N best_epoch=2 asd_gate=(+0.000,-0.123,g0.877) hc_gate=(+0.003,-0.098,g0.899) pos_weight_l2=1.919139 neg_weight_l2=0.565168 mean_abs_pos_correction=0.002803 mean_abs_neg_correction=0.321228 elapsed_seconds=1.07
TASK_TRAINING_DONE repeat=6 scope=internal_cv fold=0 base_encoder_epoch=46 base_classifier_epoch=31 base_val_bce=0.638721 crsm_epoch=0 crsm_val_bce=0.638721 snde_epoch=2 snde_val_bce=0.633461 elapsed_minutes=5.1
TASK_DONE repeat=6 scope=internal_fold fold=0 method=baseline selected_encoder_epoch=46 test_auc=0.697062 test_bce=0.612375 elapsed_minutes=5.1
TASK_DONE repeat=6 scope=internal_fold fold=0 method=crsm_corrected selected_encoder_epoch=46 test_auc=0.697062 test_bce=0.612375 elapsed_minutes=5.1
TASK_DONE repeat=6 scope=internal_fold fold=0 method=selective_normative_deviation_experts selected_encoder_epoch=46 test_auc=0.712259 test_bce=0.609277 elapsed_minutes=5.1
TASK_START repeat=6 scope=internal_cv fold=1 seed=100601 device=cuda:0 methods=baseline,crsm_corrected,selective_normative_deviation_experts shared_encoder=Y reference_unique_n=674 train_n=750 val_n=119
CHECKPOINT_BEST repeat=6 scope=internal_cv fold=1 phase=ssl epoch=1 path=/data/adodas/VarCoNet-V2-main/xiaolunwen/experiment1c/checkpoints/worker_r6_best.pt
[SSL] repeat=6 scope=internal_cv fold=1 epoch=1/50 ssl_loss=0.100850 lr=0.000024107 base_val_bce=0.570872 base_best=Y base_cls_epoch=70 epoch_seconds=5.1 task_elapsed_minutes=0.1 gpu_alloc_gb=0.318 gpu_reserved_gb=1.744
[SSL] repeat=6 scope=internal_cv fold=1 epoch=2/50 ssl_loss=0.113709 lr=0.000038214 base_val_bce=0.579359 base_best=N base_cls_epoch=76 epoch_seconds=2.9 task_elapsed_minutes=0.1 gpu_alloc_gb=0.317 gpu_reserved_gb=2.008
CHECKPOINT_BEST repeat=6 scope=internal_cv fold=1 phase=ssl epoch=3 path=/data/adodas/VarCoNet-V2-main/xiaolunwen/experiment1c/checkpoints/worker_r6_best.pt
[SSL] repeat=6 scope=internal_cv fold=1 epoch=3/50 ssl_loss=0.088354 lr=0.000052321 base_val_bce=0.565122 base_best=Y base_cls_epoch=60 epoch_seconds=4.5 task_elapsed_minutes=0.2 gpu_alloc_gb=0.318 gpu_reserved_gb=1.744
CHECKPOINT_BEST repeat=6 scope=internal_cv fold=1 phase=ssl epoch=4 path=/data/adodas/VarCoNet-V2-main/xiaolunwen/experiment1c/checkpoints/worker_r6_best.pt
[SSL] repeat=6 scope=internal_cv fold=1 epoch=4/50 ssl_loss=0.092966 lr=0.000066427 base_val_bce=0.557168 base_best=Y base_cls_epoch=58 epoch_seconds=4.7 task_elapsed_minutes=0.3 gpu_alloc_gb=0.317 gpu_reserved_gb=2.008
[SSL] repeat=6 scope=internal_cv fold=1 epoch=5/50 ssl_loss=0.089304 lr=0.000080534 base_val_bce=0.574231 base_best=N base_cls_epoch=72 epoch_seconds=3.5 task_elapsed_minutes=0.4 gpu_alloc_gb=0.318 gpu_reserved_gb=1.744
[SSL] repeat=6 scope=internal_cv fold=1 epoch=6/50 ssl_loss=0.069855 lr=0.000094641 base_val_bce=0.573545 base_best=N base_cls_epoch=73 epoch_seconds=3.4 task_elapsed_minutes=0.4 gpu_alloc_gb=0.317 gpu_reserved_gb=2.008
CHECKPOINT_BEST repeat=6 scope=internal_cv fold=1 phase=ssl epoch=7 path=/data/adodas/VarCoNet-V2-main/xiaolunwen/experiment1c/checkpoints/worker_r6_best.pt
[SSL] repeat=6 scope=internal_cv fold=1 epoch=7/50 ssl_loss=0.066201 lr=0.000108748 base_val_bce=0.548236 base_best=Y base_cls_epoch=61 epoch_seconds=4.4 task_elapsed_minutes=0.5 gpu_alloc_gb=0.318 gpu_reserved_gb=1.744
[SSL] repeat=6 scope=internal_cv fold=1 epoch=8/50 ssl_loss=0.062515 lr=0.000122855 base_val_bce=0.561153 base_best=N base_cls_epoch=79 epoch_seconds=3.4 task_elapsed_minutes=0.5 gpu_alloc_gb=0.317 gpu_reserved_gb=2.008
[SSL] repeat=6 scope=internal_cv fold=1 epoch=9/50 ssl_loss=0.072827 lr=0.000136962 base_val_bce=0.557815 base_best=N base_cls_epoch=79 epoch_seconds=3.6 task_elapsed_minutes=0.6 gpu_alloc_gb=0.318 gpu_reserved_gb=1.744
CHECKPOINT_BEST repeat=6 scope=internal_cv fold=1 phase=ssl epoch=10 path=/data/adodas/VarCoNet-V2-main/xiaolunwen/experiment1c/checkpoints/worker_r6_best.pt
CHECKPOINT_LATEST repeat=6 scope=internal_cv fold=1 phase=ssl epoch=10 path=/data/adodas/VarCoNet-V2-main/xiaolunwen/experiment1c/checkpoints/worker_r6_latest.pt
[SSL] repeat=6 scope=internal_cv fold=1 epoch=10/50 ssl_loss=0.060944 lr=0.000136962 base_val_bce=0.544813 base_best=Y base_cls_epoch=80 epoch_seconds=4.7 task_elapsed_minutes=0.7 gpu_alloc_gb=0.317 gpu_reserved_gb=2.008
[SSL] repeat=6 scope=internal_cv fold=1 epoch=11/50 ssl_loss=0.057391 lr=0.000136751 base_val_bce=0.558741 base_best=N base_cls_epoch=88 epoch_seconds=3.4 task_elapsed_minutes=0.7 gpu_alloc_gb=0.318 gpu_reserved_gb=1.744
[SSL] repeat=6 scope=internal_cv fold=1 epoch=12/50 ssl_loss=0.067475 lr=0.000136119 base_val_bce=0.547033 base_best=N base_cls_epoch=93 epoch_seconds=3.6 task_elapsed_minutes=0.8 gpu_alloc_gb=0.317 gpu_reserved_gb=2.008
[SSL] repeat=6 scope=internal_cv fold=1 epoch=13/50 ssl_loss=0.056256 lr=0.000135070 base_val_bce=0.547516 base_best=N base_cls_epoch=86 epoch_seconds=3.6 task_elapsed_minutes=0.9 gpu_alloc_gb=0.318 gpu_reserved_gb=1.744
[SSL] repeat=6 scope=internal_cv fold=1 epoch=14/50 ssl_loss=0.045788 lr=0.000133610 base_val_bce=0.560340 base_best=N base_cls_epoch=80 epoch_seconds=3.5 task_elapsed_minutes=0.9 gpu_alloc_gb=0.317 gpu_reserved_gb=2.008
[SSL] repeat=6 scope=internal_cv fold=1 epoch=15/50 ssl_loss=0.051102 lr=0.000131749 base_val_bce=0.550249 base_best=N base_cls_epoch=86 epoch_seconds=3.6 task_elapsed_minutes=1.0 gpu_alloc_gb=0.318 gpu_reserved_gb=1.744
[SSL] repeat=6 scope=internal_cv fold=1 epoch=16/50 ssl_loss=0.062498 lr=0.000129498 base_val_bce=0.554407 base_best=N base_cls_epoch=92 epoch_seconds=3.4 task_elapsed_minutes=1.0 gpu_alloc_gb=0.317 gpu_reserved_gb=2.008
[SSL] repeat=6 scope=internal_cv fold=1 epoch=17/50 ssl_loss=0.048526 lr=0.000126870 base_val_bce=0.547608 base_best=N base_cls_epoch=90 epoch_seconds=3.3 task_elapsed_minutes=1.1 gpu_alloc_gb=0.318 gpu_reserved_gb=1.744
[SSL] repeat=6 scope=internal_cv fold=1 epoch=18/50 ssl_loss=0.048927 lr=0.000123883 base_val_bce=0.561314 base_best=N base_cls_epoch=96 epoch_seconds=3.3 task_elapsed_minutes=1.2 gpu_alloc_gb=0.317 gpu_reserved_gb=2.008
[SSL] repeat=6 scope=internal_cv fold=1 epoch=19/50 ssl_loss=0.045083 lr=0.000120554 base_val_bce=0.550837 base_best=N base_cls_epoch=83 epoch_seconds=3.6 task_elapsed_minutes=1.2 gpu_alloc_gb=0.318 gpu_reserved_gb=1.744
CHECKPOINT_LATEST repeat=6 scope=internal_cv fold=1 phase=ssl epoch=20 path=/data/adodas/VarCoNet-V2-main/xiaolunwen/experiment1c/checkpoints/worker_r6_latest.pt
[SSL] repeat=6 scope=internal_cv fold=1 epoch=20/50 ssl_loss=0.051816 lr=0.000116904 base_val_bce=0.548137 base_best=N base_cls_epoch=95 epoch_seconds=4.3 task_elapsed_minutes=1.3 gpu_alloc_gb=0.317 gpu_reserved_gb=2.008
[SSL] repeat=6 scope=internal_cv fold=1 epoch=21/50 ssl_loss=0.036946 lr=0.000112956 base_val_bce=0.553418 base_best=N base_cls_epoch=92 epoch_seconds=3.5 task_elapsed_minutes=1.3 gpu_alloc_gb=0.318 gpu_reserved_gb=1.744
[SSL] repeat=6 scope=internal_cv fold=1 epoch=22/50 ssl_loss=0.042407 lr=0.000108733 base_val_bce=0.553237 base_best=N base_cls_epoch=91 epoch_seconds=3.6 task_elapsed_minutes=1.4 gpu_alloc_gb=0.317 gpu_reserved_gb=2.008
[SSL] repeat=6 scope=internal_cv fold=1 epoch=23/50 ssl_loss=0.034865 lr=0.000104262 base_val_bce=0.554935 base_best=N base_cls_epoch=94 epoch_seconds=3.5 task_elapsed_minutes=1.5 gpu_alloc_gb=0.318 gpu_reserved_gb=1.744
[SSL] repeat=6 scope=internal_cv fold=1 epoch=24/50 ssl_loss=0.045809 lr=0.000099570 base_val_bce=0.550672 base_best=N base_cls_epoch=93 epoch_seconds=3.6 task_elapsed_minutes=1.5 gpu_alloc_gb=0.317 gpu_reserved_gb=2.008
[SSL] repeat=6 scope=internal_cv fold=1 epoch=25/50 ssl_loss=0.047061 lr=0.000094687 base_val_bce=0.558132 base_best=N base_cls_epoch=91 epoch_seconds=3.6 task_elapsed_minutes=1.6 gpu_alloc_gb=0.318 gpu_reserved_gb=1.744
[SSL] repeat=6 scope=internal_cv fold=1 epoch=26/50 ssl_loss=0.043134 lr=0.000089643 base_val_bce=0.553665 base_best=N base_cls_epoch=98 epoch_seconds=3.6 task_elapsed_minutes=1.6 gpu_alloc_gb=0.317 gpu_reserved_gb=2.008
[SSL] repeat=6 scope=internal_cv fold=1 epoch=27/50 ssl_loss=0.033167 lr=0.000084467 base_val_bce=0.564800 base_best=N base_cls_epoch=86 epoch_seconds=3.6 task_elapsed_minutes=1.7 gpu_alloc_gb=0.318 gpu_reserved_gb=1.744
[SSL] repeat=6 scope=internal_cv fold=1 epoch=28/50 ssl_loss=0.036479 lr=0.000079194 base_val_bce=0.564575 base_best=N base_cls_epoch=79 epoch_seconds=3.4 task_elapsed_minutes=1.8 gpu_alloc_gb=0.317 gpu_reserved_gb=2.008
[SSL] repeat=6 scope=internal_cv fold=1 epoch=29/50 ssl_loss=0.037479 lr=0.000073854 base_val_bce=0.555863 base_best=N base_cls_epoch=87 epoch_seconds=3.7 task_elapsed_minutes=1.8 gpu_alloc_gb=0.318 gpu_reserved_gb=1.744
CHECKPOINT_LATEST repeat=6 scope=internal_cv fold=1 phase=ssl epoch=30 path=/data/adodas/VarCoNet-V2-main/xiaolunwen/experiment1c/checkpoints/worker_r6_latest.pt
[SSL] repeat=6 scope=internal_cv fold=1 epoch=30/50 ssl_loss=0.036009 lr=0.000068481 base_val_bce=0.559791 base_best=N base_cls_epoch=86 epoch_seconds=4.1 task_elapsed_minutes=1.9 gpu_alloc_gb=0.317 gpu_reserved_gb=2.008
[SSL] repeat=6 scope=internal_cv fold=1 epoch=31/50 ssl_loss=0.031314 lr=0.000063108 base_val_bce=0.556223 base_best=N base_cls_epoch=95 epoch_seconds=3.9 task_elapsed_minutes=2.0 gpu_alloc_gb=0.318 gpu_reserved_gb=1.744
[SSL] repeat=6 scope=internal_cv fold=1 epoch=32/50 ssl_loss=0.038839 lr=0.000057768 base_val_bce=0.561800 base_best=N base_cls_epoch=80 epoch_seconds=3.6 task_elapsed_minutes=2.0 gpu_alloc_gb=0.317 gpu_reserved_gb=2.008
[SSL] repeat=6 scope=internal_cv fold=1 epoch=33/50 ssl_loss=0.041519 lr=0.000052494 base_val_bce=0.569259 base_best=N base_cls_epoch=93 epoch_seconds=3.8 task_elapsed_minutes=2.1 gpu_alloc_gb=0.318 gpu_reserved_gb=1.744
[SSL] repeat=6 scope=internal_cv fold=1 epoch=34/50 ssl_loss=0.036234 lr=0.000047319 base_val_bce=0.562235 base_best=N base_cls_epoch=90 epoch_seconds=3.8 task_elapsed_minutes=2.2 gpu_alloc_gb=0.317 gpu_reserved_gb=2.008
[SSL] repeat=6 scope=internal_cv fold=1 epoch=35/50 ssl_loss=0.037463 lr=0.000042274 base_val_bce=0.557345 base_best=N base_cls_epoch=87 epoch_seconds=3.7 task_elapsed_minutes=2.2 gpu_alloc_gb=0.318 gpu_reserved_gb=1.744
[SSL] repeat=6 scope=internal_cv fold=1 epoch=36/50 ssl_loss=0.037490 lr=0.000037391 base_val_bce=0.567803 base_best=N base_cls_epoch=88 epoch_seconds=3.9 task_elapsed_minutes=2.3 gpu_alloc_gb=0.317 gpu_reserved_gb=2.008
[SSL] repeat=6 scope=internal_cv fold=1 epoch=37/50 ssl_loss=0.045935 lr=0.000032700 base_val_bce=0.560807 base_best=N base_cls_epoch=90 epoch_seconds=3.8 task_elapsed_minutes=2.3 gpu_alloc_gb=0.318 gpu_reserved_gb=1.744
[SSL] repeat=6 scope=internal_cv fold=1 epoch=38/50 ssl_loss=0.033612 lr=0.000028229 base_val_bce=0.551010 base_best=N base_cls_epoch=92 epoch_seconds=3.8 task_elapsed_minutes=2.4 gpu_alloc_gb=0.317 gpu_reserved_gb=2.008
[SSL] repeat=6 scope=internal_cv fold=1 epoch=39/50 ssl_loss=0.051974 lr=0.000024006 base_val_bce=0.573339 base_best=N base_cls_epoch=100 epoch_seconds=3.6 task_elapsed_minutes=2.5 gpu_alloc_gb=0.318 gpu_reserved_gb=1.744
CHECKPOINT_LATEST repeat=6 scope=internal_cv fold=1 phase=ssl epoch=40 path=/data/adodas/VarCoNet-V2-main/xiaolunwen/experiment1c/checkpoints/worker_r6_latest.pt
[SSL] repeat=6 scope=internal_cv fold=1 epoch=40/50 ssl_loss=0.032566 lr=0.000020058 base_val_bce=0.562852 base_best=N base_cls_epoch=100 epoch_seconds=4.0 task_elapsed_minutes=2.5 gpu_alloc_gb=0.317 gpu_reserved_gb=2.008
[SSL] repeat=6 scope=internal_cv fold=1 epoch=41/50 ssl_loss=0.043790 lr=0.000016408 base_val_bce=0.562839 base_best=N base_cls_epoch=91 epoch_seconds=3.7 task_elapsed_minutes=2.6 gpu_alloc_gb=0.318 gpu_reserved_gb=1.744
[SSL] repeat=6 scope=internal_cv fold=1 epoch=42/50 ssl_loss=0.039528 lr=0.000013079 base_val_bce=0.560615 base_best=N base_cls_epoch=94 epoch_seconds=3.7 task_elapsed_minutes=2.7 gpu_alloc_gb=0.317 gpu_reserved_gb=2.008
[SSL] repeat=6 scope=internal_cv fold=1 epoch=43/50 ssl_loss=0.042546 lr=0.000010091 base_val_bce=0.562778 base_best=N base_cls_epoch=102 epoch_seconds=4.0 task_elapsed_minutes=2.7 gpu_alloc_gb=0.318 gpu_reserved_gb=1.744
[SSL] repeat=6 scope=internal_cv fold=1 epoch=44/50 ssl_loss=0.036886 lr=0.000007464 base_val_bce=0.554519 base_best=N base_cls_epoch=90 epoch_seconds=3.8 task_elapsed_minutes=2.8 gpu_alloc_gb=0.317 gpu_reserved_gb=2.008
[SSL] repeat=6 scope=internal_cv fold=1 epoch=45/50 ssl_loss=0.050064 lr=0.000005213 base_val_bce=0.553689 base_best=N base_cls_epoch=91 epoch_seconds=3.9 task_elapsed_minutes=2.9 gpu_alloc_gb=0.318 gpu_reserved_gb=1.744
[SSL] repeat=6 scope=internal_cv fold=1 epoch=46/50 ssl_loss=0.035674 lr=0.000003352 base_val_bce=0.573475 base_best=N base_cls_epoch=86 epoch_seconds=3.8 task_elapsed_minutes=2.9 gpu_alloc_gb=0.317 gpu_reserved_gb=2.008
[SSL] repeat=6 scope=internal_cv fold=1 epoch=47/50 ssl_loss=0.050670 lr=0.000001892 base_val_bce=0.563087 base_best=N base_cls_epoch=89 epoch_seconds=3.9 task_elapsed_minutes=3.0 gpu_alloc_gb=0.318 gpu_reserved_gb=1.744
[SSL] repeat=6 scope=internal_cv fold=1 epoch=48/50 ssl_loss=0.038500 lr=0.000000843 base_val_bce=0.559667 base_best=N base_cls_epoch=94 epoch_seconds=3.8 task_elapsed_minutes=3.0 gpu_alloc_gb=0.317 gpu_reserved_gb=2.008
[SSL] repeat=6 scope=internal_cv fold=1 epoch=49/50 ssl_loss=0.030537 lr=0.000000211 base_val_bce=0.557505 base_best=N base_cls_epoch=90 epoch_seconds=3.0 task_elapsed_minutes=3.1 gpu_alloc_gb=0.318 gpu_reserved_gb=1.744
CHECKPOINT_LATEST repeat=6 scope=internal_cv fold=1 phase=ssl epoch=50 path=/data/adodas/VarCoNet-V2-main/xiaolunwen/experiment1c/checkpoints/worker_r6_latest.pt
[SSL] repeat=6 scope=internal_cv fold=1 epoch=50/50 ssl_loss=0.049970 lr=0.000000000 base_val_bce=0.547328 base_best=N base_cls_epoch=99 epoch_seconds=3.6 task_elapsed_minutes=3.2 gpu_alloc_gb=0.317 gpu_reserved_gb=2.008
[CRSM_ZERO_BASELINE] repeat=6 scope=internal_cv fold=1 epoch=0 exact_zero=Y val_bce=0.544813 probability_max_abs=5.96e-08
CHECKPOINT_LATEST repeat=6 scope=internal_cv fold=1 phase=crsm_corrected epoch=0 path=/data/adodas/VarCoNet-V2-main/xiaolunwen/experiment1c/checkpoints/worker_r6_latest.pt
CHECKPOINT_BEST repeat=6 scope=internal_cv fold=1 phase=crsm_corrected epoch=0 path=/data/adodas/VarCoNet-V2-main/xiaolunwen/experiment1c/checkpoints/worker_r6_best.pt
CHECKPOINT_BEST repeat=6 scope=internal_cv fold=1 phase=crsm_corrected epoch=0 path=/data/adodas/VarCoNet-V2-main/xiaolunwen/experiment1c/checkpoints/worker_r6_best.pt
CHECKPOINT_LATEST repeat=6 scope=internal_cv fold=1 phase=crsm_corrected epoch=0 path=/data/adodas/VarCoNet-V2-main/xiaolunwen/experiment1c/checkpoints/worker_r6_latest.pt
[CRSM_SYMMETRY_START] repeat=6 scope=internal_cv fold=1 after_exact_zero=Y pca_unit_norm=1.00000000 pca_singular=142.181046 symmetry_scale=0.00327869295
CHECKPOINT_BEST repeat=6 scope=internal_cv fold=1 phase=crsm_corrected epoch=1 path=/data/adodas/VarCoNet-V2-main/xiaolunwen/experiment1c/checkpoints/worker_r6_best.pt
CHECKPOINT_LATEST repeat=6 scope=internal_cv fold=1 phase=crsm_corrected epoch=1 path=/data/adodas/VarCoNet-V2-main/xiaolunwen/experiment1c/checkpoints/worker_r6_latest.pt
[CRSM_CORRECTED] repeat=6 scope=internal_cv fold=1 epoch=1/149 train_loss=0.095094 val_bce=0.544231 best=Y best_epoch=1 asd_mass=(0.5007,0.4993) hc_mass=(0.5000,0.5000) delta_l2=(0.014007,0.013944) epoch_seconds=1.86
CHECKPOINT_BEST repeat=6 scope=internal_cv fold=1 phase=crsm_corrected epoch=2 path=/data/adodas/VarCoNet-V2-main/xiaolunwen/experiment1c/checkpoints/worker_r6_best.pt
CHECKPOINT_LATEST repeat=6 scope=internal_cv fold=1 phase=crsm_corrected epoch=2 path=/data/adodas/VarCoNet-V2-main/xiaolunwen/experiment1c/checkpoints/worker_r6_latest.pt
[CRSM_CORRECTED] repeat=6 scope=internal_cv fold=1 epoch=2/149 train_loss=0.093292 val_bce=0.543778 best=Y best_epoch=2 asd_mass=(0.5008,0.4992) hc_mass=(0.5000,0.5000) delta_l2=(0.027210,0.027140) epoch_seconds=2.27
CHECKPOINT_BEST repeat=6 scope=internal_cv fold=1 phase=crsm_corrected epoch=3 path=/data/adodas/VarCoNet-V2-main/xiaolunwen/experiment1c/checkpoints/worker_r6_best.pt
CHECKPOINT_LATEST repeat=6 scope=internal_cv fold=1 phase=crsm_corrected epoch=3 path=/data/adodas/VarCoNet-V2-main/xiaolunwen/experiment1c/checkpoints/worker_r6_latest.pt
[CRSM_CORRECTED] repeat=6 scope=internal_cv fold=1 epoch=3/149 train_loss=0.091567 val_bce=0.543458 best=Y best_epoch=3 asd_mass=(0.5009,0.4991) hc_mass=(0.5000,0.5000) delta_l2=(0.040431,0.040353) epoch_seconds=2.31
CHECKPOINT_BEST repeat=6 scope=internal_cv fold=1 phase=crsm_corrected epoch=4 path=/data/adodas/VarCoNet-V2-main/xiaolunwen/experiment1c/checkpoints/worker_r6_best.pt
CHECKPOINT_LATEST repeat=6 scope=internal_cv fold=1 phase=crsm_corrected epoch=4 path=/data/adodas/VarCoNet-V2-main/xiaolunwen/experiment1c/checkpoints/worker_r6_latest.pt
[CRSM_CORRECTED] repeat=6 scope=internal_cv fold=1 epoch=4/149 train_loss=0.089915 val_bce=0.543264 best=Y best_epoch=4 asd_mass=(0.5010,0.4990) hc_mass=(0.5000,0.5000) delta_l2=(0.053569,0.053485) epoch_seconds=1.74
CHECKPOINT_BEST repeat=6 scope=internal_cv fold=1 phase=crsm_corrected epoch=5 path=/data/adodas/VarCoNet-V2-main/xiaolunwen/experiment1c/checkpoints/worker_r6_best.pt
CHECKPOINT_LATEST repeat=6 scope=internal_cv fold=1 phase=crsm_corrected epoch=5 path=/data/adodas/VarCoNet-V2-main/xiaolunwen/experiment1c/checkpoints/worker_r6_latest.pt
[CRSM_CORRECTED] repeat=6 scope=internal_cv fold=1 epoch=5/149 train_loss=0.088333 val_bce=0.543188 best=Y best_epoch=5 asd_mass=(0.5011,0.4989) hc_mass=(0.5000,0.5000) delta_l2=(0.066599,0.066513) epoch_seconds=2.06
CHECKPOINT_LATEST repeat=6 scope=internal_cv fold=1 phase=crsm_corrected epoch=10 path=/data/adodas/VarCoNet-V2-main/xiaolunwen/experiment1c/checkpoints/worker_r6_latest.pt
[CRSM_CORRECTED] repeat=6 scope=internal_cv fold=1 epoch=10/149 train_loss=0.081328 val_bce=0.544192 best=N best_epoch=5 asd_mass=(0.5015,0.4985) hc_mass=(0.5000,0.5000) delta_l2=(0.129955,0.129883) epoch_seconds=1.00
CHECKPOINT_LATEST repeat=6 scope=internal_cv fold=1 phase=crsm_corrected epoch=20 path=/data/adodas/VarCoNet-V2-main/xiaolunwen/experiment1c/checkpoints/worker_r6_latest.pt
[CRSM_CORRECTED] repeat=6 scope=internal_cv fold=1 epoch=20/149 train_loss=0.070784 val_bce=0.549890 best=N best_epoch=5 asd_mass=(0.5027,0.4973) hc_mass=(0.5000,0.5000) delta_l2=(0.247406,0.247376) epoch_seconds=1.11
CHECKPOINT_LATEST repeat=6 scope=internal_cv fold=1 phase=crsm_corrected epoch=30 path=/data/adodas/VarCoNet-V2-main/xiaolunwen/experiment1c/checkpoints/worker_r6_latest.pt
[CRSM_CORRECTED] repeat=6 scope=internal_cv fold=1 epoch=30/149 train_loss=0.063421 val_bce=0.557182 best=N best_epoch=5 asd_mass=(0.5044,0.4956) hc_mass=(0.5000,0.5000) delta_l2=(0.352694,0.352734) epoch_seconds=0.48
CHECKPOINT_LATEST repeat=6 scope=internal_cv fold=1 phase=crsm_corrected epoch=40 path=/data/adodas/VarCoNet-V2-main/xiaolunwen/experiment1c/checkpoints/worker_r6_latest.pt
[CRSM_CORRECTED] repeat=6 scope=internal_cv fold=1 epoch=40/149 train_loss=0.058167 val_bce=0.565403 best=N best_epoch=5 asd_mass=(0.5071,0.4929) hc_mass=(0.5000,0.5000) delta_l2=(0.446642,0.446836) epoch_seconds=1.01
CHECKPOINT_LATEST repeat=6 scope=internal_cv fold=1 phase=crsm_corrected epoch=50 path=/data/adodas/VarCoNet-V2-main/xiaolunwen/experiment1c/checkpoints/worker_r6_latest.pt
[CRSM_CORRECTED] repeat=6 scope=internal_cv fold=1 epoch=50/149 train_loss=0.054336 val_bce=0.574089 best=N best_epoch=5 asd_mass=(0.5108,0.4892) hc_mass=(0.5000,0.5000) delta_l2=(0.530446,0.530928) epoch_seconds=7.83
CHECKPOINT_LATEST repeat=6 scope=internal_cv fold=1 phase=crsm_corrected epoch=60 path=/data/adodas/VarCoNet-V2-main/xiaolunwen/experiment1c/checkpoints/worker_r6_latest.pt
[CRSM_CORRECTED] repeat=6 scope=internal_cv fold=1 epoch=60/149 train_loss=0.051477 val_bce=0.582987 best=N best_epoch=5 asd_mass=(0.5155,0.4845) hc_mass=(0.5000,0.5000) delta_l2=(0.605347,0.606339) epoch_seconds=5.14
CHECKPOINT_LATEST repeat=6 scope=internal_cv fold=1 phase=crsm_corrected epoch=70 path=/data/adodas/VarCoNet-V2-main/xiaolunwen/experiment1c/checkpoints/worker_r6_latest.pt
[CRSM_CORRECTED] repeat=6 scope=internal_cv fold=1 epoch=70/149 train_loss=0.049284 val_bce=0.592323 best=N best_epoch=5 asd_mass=(0.5211,0.4789) hc_mass=(0.5000,0.5000) delta_l2=(0.672504,0.674340) epoch_seconds=1.34
CHECKPOINT_LATEST repeat=6 scope=internal_cv fold=1 phase=crsm_corrected epoch=80 path=/data/adodas/VarCoNet-V2-main/xiaolunwen/experiment1c/checkpoints/worker_r6_latest.pt
[CRSM_CORRECTED] repeat=6 scope=internal_cv fold=1 epoch=80/149 train_loss=0.047555 val_bce=0.602240 best=N best_epoch=5 asd_mass=(0.5269,0.4731) hc_mass=(0.5000,0.5000) delta_l2=(0.733068,0.736117) epoch_seconds=1.01
CHECKPOINT_LATEST repeat=6 scope=internal_cv fold=1 phase=crsm_corrected epoch=90 path=/data/adodas/VarCoNet-V2-main/xiaolunwen/experiment1c/checkpoints/worker_r6_latest.pt
[CRSM_CORRECTED] repeat=6 scope=internal_cv fold=1 epoch=90/149 train_loss=0.046165 val_bce=0.612547 best=N best_epoch=5 asd_mass=(0.5324,0.4676) hc_mass=(0.5000,0.5000) delta_l2=(0.788128,0.792700) epoch_seconds=1.26
CHECKPOINT_LATEST repeat=6 scope=internal_cv fold=1 phase=crsm_corrected epoch=100 path=/data/adodas/VarCoNet-V2-main/xiaolunwen/experiment1c/checkpoints/worker_r6_latest.pt
[CRSM_CORRECTED] repeat=6 scope=internal_cv fold=1 epoch=100/149 train_loss=0.045036 val_bce=0.623022 best=N best_epoch=5 asd_mass=(0.5373,0.4627) hc_mass=(0.5000,0.5000) delta_l2=(0.838557,0.844856) epoch_seconds=0.91
CHECKPOINT_LATEST repeat=6 scope=internal_cv fold=1 phase=crsm_corrected epoch=110 path=/data/adodas/VarCoNet-V2-main/xiaolunwen/experiment1c/checkpoints/worker_r6_latest.pt
[CRSM_CORRECTED] repeat=6 scope=internal_cv fold=1 epoch=110/149 train_loss=0.044115 val_bce=0.633496 best=N best_epoch=5 asd_mass=(0.5413,0.4587) hc_mass=(0.5000,0.5000) delta_l2=(0.884984,0.893119) epoch_seconds=1.12
CHECKPOINT_LATEST repeat=6 scope=internal_cv fold=1 phase=crsm_corrected epoch=120 path=/data/adodas/VarCoNet-V2-main/xiaolunwen/experiment1c/checkpoints/worker_r6_latest.pt
[CRSM_CORRECTED] repeat=6 scope=internal_cv fold=1 epoch=120/149 train_loss=0.043362 val_bce=0.643831 best=N best_epoch=5 asd_mass=(0.5445,0.4555) hc_mass=(0.5000,0.5000) delta_l2=(0.927856,0.937869) epoch_seconds=1.56
CHECKPOINT_LATEST repeat=6 scope=internal_cv fold=1 phase=crsm_corrected epoch=130 path=/data/adodas/VarCoNet-V2-main/xiaolunwen/experiment1c/checkpoints/worker_r6_latest.pt
[CRSM_CORRECTED] repeat=6 scope=internal_cv fold=1 epoch=130/149 train_loss=0.042745 val_bce=0.653928 best=N best_epoch=5 asd_mass=(0.5470,0.4530) hc_mass=(0.5000,0.5000) delta_l2=(0.967520,0.979407) epoch_seconds=1.17
CHECKPOINT_LATEST repeat=6 scope=internal_cv fold=1 phase=crsm_corrected epoch=140 path=/data/adodas/VarCoNet-V2-main/xiaolunwen/experiment1c/checkpoints/worker_r6_latest.pt
[CRSM_CORRECTED] repeat=6 scope=internal_cv fold=1 epoch=140/149 train_loss=0.042235 val_bce=0.663749 best=N best_epoch=5 asd_mass=(0.5489,0.4511) hc_mass=(0.5000,0.5000) delta_l2=(1.004281,1.018005) epoch_seconds=1.12
CHECKPOINT_LATEST repeat=6 scope=internal_cv fold=1 phase=crsm_corrected epoch=149 path=/data/adodas/VarCoNet-V2-main/xiaolunwen/experiment1c/checkpoints/worker_r6_latest.pt
[CRSM_CORRECTED] repeat=6 scope=internal_cv fold=1 epoch=149/149 train_loss=0.041851 val_bce=0.672341 best=N best_epoch=5 asd_mass=(0.5503,0.4497) hc_mass=(0.5000,0.5000) delta_l2=(1.035125,1.050447) epoch_seconds=1.33
[SNDE_NORMATIVE] repeat=6 scope=internal_cv fold=1 n_unique_asd=357 n_unique_hc=317 roi_dim=384 std_floor=0.0013274875 pc1_explained_fraction=0.138229 hc_score_mean_before_norm=6.01687e-08 hc_score_std_before_norm=6.01958 asd_positive_fraction=0.0588 asd_negative_fraction=0.1541 asd_generalist_fraction=0.7871 hc_positive_fraction=0.0568 hc_negative_fraction=0.0694 hc_generalist_fraction=0.8738
[SNDE_ZERO_BASELINE] repeat=6 scope=internal_cv fold=1 epoch=0 exact_zero=Y val_bce=0.544813 probability_max_abs=5.96e-08
CHECKPOINT_BEST repeat=6 scope=internal_cv fold=1 phase=snde epoch=0 path=/data/adodas/VarCoNet-V2-main/xiaolunwen/experiment1c/checkpoints/worker_r6_best.pt
CHECKPOINT_LATEST repeat=6 scope=internal_cv fold=1 phase=snde epoch=0 path=/data/adodas/VarCoNet-V2-main/xiaolunwen/experiment1c/checkpoints/worker_r6_latest.pt
CHECKPOINT_BEST repeat=6 scope=internal_cv fold=1 phase=snde epoch=1 path=/data/adodas/VarCoNet-V2-main/xiaolunwen/experiment1c/checkpoints/worker_r6_best.pt
CHECKPOINT_LATEST repeat=6 scope=internal_cv fold=1 phase=snde epoch=1 path=/data/adodas/VarCoNet-V2-main/xiaolunwen/experiment1c/checkpoints/worker_r6_latest.pt
[SNDE] repeat=6 scope=internal_cv fold=1 epoch=1/149 train_bce=0.095097 val_bce=0.542117 best=Y best_epoch=1 asd_gate=(+0.059,-0.154,g0.787) hc_gate=(+0.057,-0.069,g0.874) pos_weight_l2=0.019595 neg_weight_l2=0.019596 mean_abs_pos_correction=0.008011 mean_abs_neg_correction=0.045375 elapsed_seconds=2.42
CHECKPOINT_BEST repeat=6 scope=internal_cv fold=1 phase=snde epoch=5 path=/data/adodas/VarCoNet-V2-main/xiaolunwen/experiment1c/checkpoints/worker_r6_best.pt
CHECKPOINT_LATEST repeat=6 scope=internal_cv fold=1 phase=snde epoch=5 path=/data/adodas/VarCoNet-V2-main/xiaolunwen/experiment1c/checkpoints/worker_r6_latest.pt
[SNDE] repeat=6 scope=internal_cv fold=1 epoch=5/149 train_bce=0.092452 val_bce=0.541300 best=Y best_epoch=5 asd_gate=(+0.059,-0.154,g0.787) hc_gate=(+0.057,-0.069,g0.874) pos_weight_l2=0.071953 neg_weight_l2=0.054977 mean_abs_pos_correction=0.030227 mean_abs_neg_correction=0.079855 elapsed_seconds=2.30
CHECKPOINT_BEST repeat=6 scope=internal_cv fold=1 phase=snde epoch=6 path=/data/adodas/VarCoNet-V2-main/xiaolunwen/experiment1c/checkpoints/worker_r6_best.pt
CHECKPOINT_LATEST repeat=6 scope=internal_cv fold=1 phase=snde epoch=6 path=/data/adodas/VarCoNet-V2-main/xiaolunwen/experiment1c/checkpoints/worker_r6_latest.pt
[SNDE] repeat=6 scope=internal_cv fold=1 epoch=6/149 train_bce=0.092043 val_bce=0.540873 best=Y best_epoch=6 asd_gate=(+0.059,-0.154,g0.787) hc_gate=(+0.057,-0.069,g0.874) pos_weight_l2=0.083761 neg_weight_l2=0.063027 mean_abs_pos_correction=0.034951 mean_abs_neg_correction=0.094615 elapsed_seconds=1.38
CHECKPOINT_LATEST repeat=6 scope=internal_cv fold=1 phase=snde epoch=10 path=/data/adodas/VarCoNet-V2-main/xiaolunwen/experiment1c/checkpoints/worker_r6_latest.pt
[SNDE] repeat=6 scope=internal_cv fold=1 epoch=10/149 train_bce=0.090964 val_bce=0.541405 best=N best_epoch=6 asd_gate=(+0.059,-0.154,g0.787) hc_gate=(+0.057,-0.069,g0.874) pos_weight_l2=0.127719 neg_weight_l2=0.093203 mean_abs_pos_correction=0.051303 mean_abs_neg_correction=0.121675 elapsed_seconds=1.21
CHECKPOINT_LATEST repeat=6 scope=internal_cv fold=1 phase=snde epoch=20 path=/data/adodas/VarCoNet-V2-main/xiaolunwen/experiment1c/checkpoints/worker_r6_latest.pt
[SNDE] repeat=6 scope=internal_cv fold=1 epoch=20/149 train_bce=0.089414 val_bce=0.543523 best=N best_epoch=6 asd_gate=(+0.059,-0.154,g0.787) hc_gate=(+0.057,-0.069,g0.874) pos_weight_l2=0.220478 neg_weight_l2=0.156874 mean_abs_pos_correction=0.077672 mean_abs_neg_correction=0.155470 elapsed_seconds=0.97
CHECKPOINT_LATEST repeat=6 scope=internal_cv fold=1 phase=snde epoch=30 path=/data/adodas/VarCoNet-V2-main/xiaolunwen/experiment1c/checkpoints/worker_r6_latest.pt
[SNDE] repeat=6 scope=internal_cv fold=1 epoch=30/149 train_bce=0.088461 val_bce=0.548334 best=N best_epoch=6 asd_gate=(+0.059,-0.154,g0.787) hc_gate=(+0.057,-0.069,g0.874) pos_weight_l2=0.293726 neg_weight_l2=0.211959 mean_abs_pos_correction=0.095968 mean_abs_neg_correction=0.194012 elapsed_seconds=1.33
CHECKPOINT_LATEST repeat=6 scope=internal_cv fold=1 phase=snde epoch=40 path=/data/adodas/VarCoNet-V2-main/xiaolunwen/experiment1c/checkpoints/worker_r6_latest.pt
[SNDE] repeat=6 scope=internal_cv fold=1 epoch=40/149 train_bce=0.087805 val_bce=0.551242 best=N best_epoch=6 asd_gate=(+0.059,-0.154,g0.787) hc_gate=(+0.057,-0.069,g0.874) pos_weight_l2=0.354923 neg_weight_l2=0.262463 mean_abs_pos_correction=0.108602 mean_abs_neg_correction=0.216376 elapsed_seconds=0.71
CHECKPOINT_LATEST repeat=6 scope=internal_cv fold=1 phase=snde epoch=50 path=/data/adodas/VarCoNet-V2-main/xiaolunwen/experiment1c/checkpoints/worker_r6_latest.pt
[SNDE] repeat=6 scope=internal_cv fold=1 epoch=50/149 train_bce=0.087320 val_bce=0.553233 best=N best_epoch=6 asd_gate=(+0.059,-0.154,g0.787) hc_gate=(+0.057,-0.069,g0.874) pos_weight_l2=0.408375 neg_weight_l2=0.309320 mean_abs_pos_correction=0.118331 mean_abs_neg_correction=0.235468 elapsed_seconds=1.08
CHECKPOINT_LATEST repeat=6 scope=internal_cv fold=1 phase=snde epoch=60 path=/data/adodas/VarCoNet-V2-main/xiaolunwen/experiment1c/checkpoints/worker_r6_latest.pt
[SNDE] repeat=6 scope=internal_cv fold=1 epoch=60/149 train_bce=0.086938 val_bce=0.554989 best=N best_epoch=6 asd_gate=(+0.059,-0.154,g0.787) hc_gate=(+0.057,-0.069,g0.874) pos_weight_l2=0.456331 neg_weight_l2=0.353442 mean_abs_pos_correction=0.126622 mean_abs_neg_correction=0.255994 elapsed_seconds=0.87
CHECKPOINT_LATEST repeat=6 scope=internal_cv fold=1 phase=snde epoch=70 path=/data/adodas/VarCoNet-V2-main/xiaolunwen/experiment1c/checkpoints/worker_r6_latest.pt
[SNDE] repeat=6 scope=internal_cv fold=1 epoch=70/149 train_bce=0.086623 val_bce=0.556474 best=N best_epoch=6 asd_gate=(+0.059,-0.154,g0.787) hc_gate=(+0.057,-0.069,g0.874) pos_weight_l2=0.500170 neg_weight_l2=0.395623 mean_abs_pos_correction=0.133890 mean_abs_neg_correction=0.273657 elapsed_seconds=0.76
CHECKPOINT_LATEST repeat=6 scope=internal_cv fold=1 phase=snde epoch=80 path=/data/adodas/VarCoNet-V2-main/xiaolunwen/experiment1c/checkpoints/worker_r6_latest.pt
[SNDE] repeat=6 scope=internal_cv fold=1 epoch=80/149 train_bce=0.086356 val_bce=0.557956 best=N best_epoch=6 asd_gate=(+0.059,-0.154,g0.787) hc_gate=(+0.057,-0.069,g0.874) pos_weight_l2=0.540810 neg_weight_l2=0.436284 mean_abs_pos_correction=0.140605 mean_abs_neg_correction=0.289010 elapsed_seconds=0.59
CHECKPOINT_LATEST repeat=6 scope=internal_cv fold=1 phase=snde epoch=90 path=/data/adodas/VarCoNet-V2-main/xiaolunwen/experiment1c/checkpoints/worker_r6_latest.pt
[SNDE] repeat=6 scope=internal_cv fold=1 epoch=90/149 train_bce=0.086125 val_bce=0.559586 best=N best_epoch=6 asd_gate=(+0.059,-0.154,g0.787) hc_gate=(+0.057,-0.069,g0.874) pos_weight_l2=0.578918 neg_weight_l2=0.475656 mean_abs_pos_correction=0.147044 mean_abs_neg_correction=0.303696 elapsed_seconds=0.98
CHECKPOINT_LATEST repeat=6 scope=internal_cv fold=1 phase=snde epoch=100 path=/data/adodas/VarCoNet-V2-main/xiaolunwen/experiment1c/checkpoints/worker_r6_latest.pt
[SNDE] repeat=6 scope=internal_cv fold=1 epoch=100/149 train_bce=0.085922 val_bce=0.561461 best=N best_epoch=6 asd_gate=(+0.059,-0.154,g0.787) hc_gate=(+0.057,-0.069,g0.874) pos_weight_l2=0.614981 neg_weight_l2=0.513896 mean_abs_pos_correction=0.153058 mean_abs_neg_correction=0.317827 elapsed_seconds=0.89
CHECKPOINT_LATEST repeat=6 scope=internal_cv fold=1 phase=snde epoch=110 path=/data/adodas/VarCoNet-V2-main/xiaolunwen/experiment1c/checkpoints/worker_r6_latest.pt
[SNDE] repeat=6 scope=internal_cv fold=1 epoch=110/149 train_bce=0.085741 val_bce=0.563647 best=N best_epoch=6 asd_gate=(+0.059,-0.154,g0.787) hc_gate=(+0.057,-0.069,g0.874) pos_weight_l2=0.649362 neg_weight_l2=0.551122 mean_abs_pos_correction=0.158753 mean_abs_neg_correction=0.331718 elapsed_seconds=0.63
CHECKPOINT_LATEST repeat=6 scope=internal_cv fold=1 phase=snde epoch=120 path=/data/adodas/VarCoNet-V2-main/xiaolunwen/experiment1c/checkpoints/worker_r6_latest.pt
[SNDE] repeat=6 scope=internal_cv fold=1 epoch=120/149 train_bce=0.085578 val_bce=0.566117 best=N best_epoch=6 asd_gate=(+0.059,-0.154,g0.787) hc_gate=(+0.057,-0.069,g0.874) pos_weight_l2=0.682334 neg_weight_l2=0.587428 mean_abs_pos_correction=0.164134 mean_abs_neg_correction=0.345009 elapsed_seconds=0.79
CHECKPOINT_LATEST repeat=6 scope=internal_cv fold=1 phase=snde epoch=130 path=/data/adodas/VarCoNet-V2-main/xiaolunwen/experiment1c/checkpoints/worker_r6_latest.pt
[SNDE] repeat=6 scope=internal_cv fold=1 epoch=130/149 train_bce=0.085430 val_bce=0.568899 best=N best_epoch=6 asd_gate=(+0.059,-0.154,g0.787) hc_gate=(+0.057,-0.069,g0.874) pos_weight_l2=0.714107 neg_weight_l2=0.622888 mean_abs_pos_correction=0.169259 mean_abs_neg_correction=0.358027 elapsed_seconds=2.45
CHECKPOINT_LATEST repeat=6 scope=internal_cv fold=1 phase=snde epoch=140 path=/data/adodas/VarCoNet-V2-main/xiaolunwen/experiment1c/checkpoints/worker_r6_latest.pt
[SNDE] repeat=6 scope=internal_cv fold=1 epoch=140/149 train_bce=0.085294 val_bce=0.571968 best=N best_epoch=6 asd_gate=(+0.059,-0.154,g0.787) hc_gate=(+0.057,-0.069,g0.874) pos_weight_l2=0.744850 neg_weight_l2=0.657571 mean_abs_pos_correction=0.174142 mean_abs_neg_correction=0.370622 elapsed_seconds=0.85
CHECKPOINT_LATEST repeat=6 scope=internal_cv fold=1 phase=snde epoch=149 path=/data/adodas/VarCoNet-V2-main/xiaolunwen/experiment1c/checkpoints/worker_r6_latest.pt
[SNDE] repeat=6 scope=internal_cv fold=1 epoch=149/149 train_bce=0.085181 val_bce=0.574945 best=N best_epoch=6 asd_gate=(+0.059,-0.154,g0.787) hc_gate=(+0.057,-0.069,g0.874) pos_weight_l2=0.771752 neg_weight_l2=0.688169 mean_abs_pos_correction=0.178354 mean_abs_neg_correction=0.381710 elapsed_seconds=0.73
TASK_TRAINING_DONE repeat=6 scope=internal_cv fold=1 base_encoder_epoch=10 base_classifier_epoch=80 base_val_bce=0.544813 crsm_epoch=5 crsm_val_bce=0.543188 snde_epoch=6 snde_val_bce=0.540873 elapsed_minutes=4.5
TASK_DONE repeat=6 scope=internal_fold fold=1 method=baseline selected_encoder_epoch=10 test_auc=0.711753 test_bce=0.657964 elapsed_minutes=4.5
TASK_DONE repeat=6 scope=internal_fold fold=1 method=crsm_corrected selected_encoder_epoch=10 test_auc=0.714792 test_bce=0.665353 elapsed_minutes=4.5
TASK_DONE repeat=6 scope=internal_fold fold=1 method=selective_normative_deviation_experts selected_encoder_epoch=10 test_auc=0.708713 test_bce=0.697135 elapsed_minutes=4.5
TASK_START repeat=6 scope=internal_cv fold=2 seed=100602 device=cuda:0 methods=baseline,crsm_corrected,selective_normative_deviation_experts shared_encoder=Y reference_unique_n=674 train_n=750 val_n=120
CHECKPOINT_BEST repeat=6 scope=internal_cv fold=2 phase=ssl epoch=1 path=/data/adodas/VarCoNet-V2-main/xiaolunwen/experiment1c/checkpoints/worker_r6_best.pt
[SSL] repeat=6 scope=internal_cv fold=2 epoch=1/50 ssl_loss=1.809486 lr=0.000024107 base_val_bce=0.655051 base_best=Y base_cls_epoch=101 epoch_seconds=7.6 task_elapsed_minutes=0.1 gpu_alloc_gb=0.318 gpu_reserved_gb=1.744
CHECKPOINT_BEST repeat=6 scope=internal_cv fold=2 phase=ssl epoch=2 path=/data/adodas/VarCoNet-V2-main/xiaolunwen/experiment1c/checkpoints/worker_r6_best.pt
[SSL] repeat=6 scope=internal_cv fold=2 epoch=2/50 ssl_loss=0.737019 lr=0.000038214 base_val_bce=0.653695 base_best=Y base_cls_epoch=52 epoch_seconds=8.4 task_elapsed_minutes=0.3 gpu_alloc_gb=0.317 gpu_reserved_gb=2.008
CHECKPOINT_BEST repeat=6 scope=internal_cv fold=2 phase=ssl epoch=3 path=/data/adodas/VarCoNet-V2-main/xiaolunwen/experiment1c/checkpoints/worker_r6_best.pt
[SSL] repeat=6 scope=internal_cv fold=2 epoch=3/50 ssl_loss=0.217324 lr=0.000052321 base_val_bce=0.640189 base_best=Y base_cls_epoch=51 epoch_seconds=10.3 task_elapsed_minutes=0.4 gpu_alloc_gb=0.318 gpu_reserved_gb=1.744
[SSL] repeat=6 scope=internal_cv fold=2 epoch=4/50 ssl_loss=0.163505 lr=0.000066427 base_val_bce=0.641581 base_best=N base_cls_epoch=47 epoch_seconds=3.8 task_elapsed_minutes=0.5 gpu_alloc_gb=0.317 gpu_reserved_gb=2.008
[SSL] repeat=6 scope=internal_cv fold=2 epoch=5/50 ssl_loss=0.110203 lr=0.000080534 base_val_bce=0.645648 base_best=N base_cls_epoch=53 epoch_seconds=3.6 task_elapsed_minutes=0.6 gpu_alloc_gb=0.318 gpu_reserved_gb=1.744
CHECKPOINT_BEST repeat=6 scope=internal_cv fold=2 phase=ssl epoch=6 path=/data/adodas/VarCoNet-V2-main/xiaolunwen/experiment1c/checkpoints/worker_r6_best.pt
[SSL] repeat=6 scope=internal_cv fold=2 epoch=6/50 ssl_loss=0.087124 lr=0.000094641 base_val_bce=0.632515 base_best=Y base_cls_epoch=37 epoch_seconds=4.1 task_elapsed_minutes=0.6 gpu_alloc_gb=0.317 gpu_reserved_gb=2.008
[SSL] repeat=6 scope=internal_cv fold=2 epoch=7/50 ssl_loss=0.100476 lr=0.000108748 base_val_bce=0.638076 base_best=N base_cls_epoch=42 epoch_seconds=3.8 task_elapsed_minutes=0.7 gpu_alloc_gb=0.318 gpu_reserved_gb=1.744
CHECKPOINT_BEST repeat=6 scope=internal_cv fold=2 phase=ssl epoch=8 path=/data/adodas/VarCoNet-V2-main/xiaolunwen/experiment1c/checkpoints/worker_r6_best.pt
[SSL] repeat=6 scope=internal_cv fold=2 epoch=8/50 ssl_loss=0.135105 lr=0.000122855 base_val_bce=0.628007 base_best=Y base_cls_epoch=39 epoch_seconds=4.3 task_elapsed_minutes=0.8 gpu_alloc_gb=0.317 gpu_reserved_gb=2.008
[SSL] repeat=6 scope=internal_cv fold=2 epoch=9/50 ssl_loss=0.094902 lr=0.000136962 base_val_bce=0.632487 base_best=N base_cls_epoch=39 epoch_seconds=3.6 task_elapsed_minutes=0.8 gpu_alloc_gb=0.318 gpu_reserved_gb=1.744
CHECKPOINT_LATEST repeat=6 scope=internal_cv fold=2 phase=ssl epoch=10 path=/data/adodas/VarCoNet-V2-main/xiaolunwen/experiment1c/checkpoints/worker_r6_latest.pt
[SSL] repeat=6 scope=internal_cv fold=2 epoch=10/50 ssl_loss=0.096677 lr=0.000136962 base_val_bce=0.635026 base_best=N base_cls_epoch=47 epoch_seconds=4.1 task_elapsed_minutes=0.9 gpu_alloc_gb=0.317 gpu_reserved_gb=2.008
[SSL] repeat=6 scope=internal_cv fold=2 epoch=11/50 ssl_loss=0.089622 lr=0.000136751 base_val_bce=0.631725 base_best=N base_cls_epoch=46 epoch_seconds=3.3 task_elapsed_minutes=1.0 gpu_alloc_gb=0.318 gpu_reserved_gb=1.744
CHECKPOINT_BEST repeat=6 scope=internal_cv fold=2 phase=ssl epoch=12 path=/data/adodas/VarCoNet-V2-main/xiaolunwen/experiment1c/checkpoints/worker_r6_best.pt
[SSL] repeat=6 scope=internal_cv fold=2 epoch=12/50 ssl_loss=0.083477 lr=0.000136119 base_val_bce=0.620110 base_best=Y base_cls_epoch=44 epoch_seconds=4.4 task_elapsed_minutes=1.0 gpu_alloc_gb=0.317 gpu_reserved_gb=2.008
CHECKPOINT_BEST repeat=6 scope=internal_cv fold=2 phase=ssl epoch=13 path=/data/adodas/VarCoNet-V2-main/xiaolunwen/experiment1c/checkpoints/worker_r6_best.pt
[SSL] repeat=6 scope=internal_cv fold=2 epoch=13/50 ssl_loss=0.069637 lr=0.000135070 base_val_bce=0.619162 base_best=Y base_cls_epoch=43 epoch_seconds=3.8 task_elapsed_minutes=1.1 gpu_alloc_gb=0.318 gpu_reserved_gb=1.744
[SSL] repeat=6 scope=internal_cv fold=2 epoch=14/50 ssl_loss=0.086268 lr=0.000133610 base_val_bce=0.631937 base_best=N base_cls_epoch=49 epoch_seconds=3.6 task_elapsed_minutes=1.2 gpu_alloc_gb=0.317 gpu_reserved_gb=2.008
[SSL] repeat=6 scope=internal_cv fold=2 epoch=15/50 ssl_loss=0.090538 lr=0.000131749 base_val_bce=0.635611 base_best=N base_cls_epoch=43 epoch_seconds=4.6 task_elapsed_minutes=1.2 gpu_alloc_gb=0.318 gpu_reserved_gb=1.744
[SSL] repeat=6 scope=internal_cv fold=2 epoch=16/50 ssl_loss=0.072409 lr=0.000129498 base_val_bce=0.622162 base_best=N base_cls_epoch=44 epoch_seconds=5.9 task_elapsed_minutes=1.3 gpu_alloc_gb=0.317 gpu_reserved_gb=2.008
[SSL] repeat=6 scope=internal_cv fold=2 epoch=17/50 ssl_loss=0.068866 lr=0.000126870 base_val_bce=0.629402 base_best=N base_cls_epoch=44 epoch_seconds=5.0 task_elapsed_minutes=1.4 gpu_alloc_gb=0.318 gpu_reserved_gb=1.744
[SSL] repeat=6 scope=internal_cv fold=2 epoch=18/50 ssl_loss=0.069165 lr=0.000123883 base_val_bce=0.629020 base_best=N base_cls_epoch=44 epoch_seconds=3.7 task_elapsed_minutes=1.5 gpu_alloc_gb=0.317 gpu_reserved_gb=2.008
[SSL] repeat=6 scope=internal_cv fold=2 epoch=19/50 ssl_loss=0.074293 lr=0.000120554 base_val_bce=0.623943 base_best=N base_cls_epoch=41 epoch_seconds=3.7 task_elapsed_minutes=1.5 gpu_alloc_gb=0.318 gpu_reserved_gb=1.744
CHECKPOINT_LATEST repeat=6 scope=internal_cv fold=2 phase=ssl epoch=20 path=/data/adodas/VarCoNet-V2-main/xiaolunwen/experiment1c/checkpoints/worker_r6_latest.pt
[SSL] repeat=6 scope=internal_cv fold=2 epoch=20/50 ssl_loss=0.060024 lr=0.000116904 base_val_bce=0.632516 base_best=N base_cls_epoch=48 epoch_seconds=4.5 task_elapsed_minutes=1.6 gpu_alloc_gb=0.317 gpu_reserved_gb=2.008
[SSL] repeat=6 scope=internal_cv fold=2 epoch=21/50 ssl_loss=0.058138 lr=0.000112956 base_val_bce=0.632150 base_best=N base_cls_epoch=46 epoch_seconds=3.8 task_elapsed_minutes=1.7 gpu_alloc_gb=0.318 gpu_reserved_gb=1.744
[SSL] repeat=6 scope=internal_cv fold=2 epoch=22/50 ssl_loss=0.064785 lr=0.000108733 base_val_bce=0.628003 base_best=N base_cls_epoch=43 epoch_seconds=3.7 task_elapsed_minutes=1.7 gpu_alloc_gb=0.317 gpu_reserved_gb=2.008
[SSL] repeat=6 scope=internal_cv fold=2 epoch=23/50 ssl_loss=0.057048 lr=0.000104262 base_val_bce=0.623966 base_best=N base_cls_epoch=43 epoch_seconds=3.8 task_elapsed_minutes=1.8 gpu_alloc_gb=0.318 gpu_reserved_gb=1.744
[SSL] repeat=6 scope=internal_cv fold=2 epoch=24/50 ssl_loss=0.056024 lr=0.000099570 base_val_bce=0.637044 base_best=N base_cls_epoch=48 epoch_seconds=3.6 task_elapsed_minutes=1.9 gpu_alloc_gb=0.317 gpu_reserved_gb=2.008
[SSL] repeat=6 scope=internal_cv fold=2 epoch=25/50 ssl_loss=0.069046 lr=0.000094687 base_val_bce=0.634167 base_best=N base_cls_epoch=52 epoch_seconds=3.8 task_elapsed_minutes=1.9 gpu_alloc_gb=0.318 gpu_reserved_gb=1.744
[SSL] repeat=6 scope=internal_cv fold=2 epoch=26/50 ssl_loss=0.059402 lr=0.000089643 base_val_bce=0.626421 base_best=N base_cls_epoch=44 epoch_seconds=3.9 task_elapsed_minutes=2.0 gpu_alloc_gb=0.317 gpu_reserved_gb=2.008
[SSL] repeat=6 scope=internal_cv fold=2 epoch=27/50 ssl_loss=0.065412 lr=0.000084467 base_val_bce=0.637220 base_best=N base_cls_epoch=44 epoch_seconds=3.8 task_elapsed_minutes=2.1 gpu_alloc_gb=0.318 gpu_reserved_gb=1.744
[SSL] repeat=6 scope=internal_cv fold=2 epoch=28/50 ssl_loss=0.048526 lr=0.000079194 base_val_bce=0.625766 base_best=N base_cls_epoch=41 epoch_seconds=3.7 task_elapsed_minutes=2.1 gpu_alloc_gb=0.317 gpu_reserved_gb=2.008
[SSL] repeat=6 scope=internal_cv fold=2 epoch=29/50 ssl_loss=0.064083 lr=0.000073854 base_val_bce=0.623552 base_best=N base_cls_epoch=46 epoch_seconds=3.7 task_elapsed_minutes=2.2 gpu_alloc_gb=0.318 gpu_reserved_gb=1.744
CHECKPOINT_LATEST repeat=6 scope=internal_cv fold=2 phase=ssl epoch=30 path=/data/adodas/VarCoNet-V2-main/xiaolunwen/experiment1c/checkpoints/worker_r6_latest.pt
[SSL] repeat=6 scope=internal_cv fold=2 epoch=30/50 ssl_loss=0.051568 lr=0.000068481 base_val_bce=0.633895 base_best=N base_cls_epoch=43 epoch_seconds=4.2 task_elapsed_minutes=2.2 gpu_alloc_gb=0.317 gpu_reserved_gb=2.008
[SSL] repeat=6 scope=internal_cv fold=2 epoch=31/50 ssl_loss=0.057123 lr=0.000063108 base_val_bce=0.626137 base_best=N base_cls_epoch=40 epoch_seconds=3.8 task_elapsed_minutes=2.3 gpu_alloc_gb=0.318 gpu_reserved_gb=1.744
CHECKPOINT_BEST repeat=6 scope=internal_cv fold=2 phase=ssl epoch=32 path=/data/adodas/VarCoNet-V2-main/xiaolunwen/experiment1c/checkpoints/worker_r6_best.pt
[SSL] repeat=6 scope=internal_cv fold=2 epoch=32/50 ssl_loss=0.052515 lr=0.000057768 base_val_bce=0.615291 base_best=Y base_cls_epoch=42 epoch_seconds=4.2 task_elapsed_minutes=2.4 gpu_alloc_gb=0.317 gpu_reserved_gb=2.008
[SSL] repeat=6 scope=internal_cv fold=2 epoch=33/50 ssl_loss=0.054458 lr=0.000052494 base_val_bce=0.627662 base_best=N base_cls_epoch=47 epoch_seconds=3.8 task_elapsed_minutes=2.4 gpu_alloc_gb=0.318 gpu_reserved_gb=1.744
[SSL] repeat=6 scope=internal_cv fold=2 epoch=34/50 ssl_loss=0.051240 lr=0.000047319 base_val_bce=0.630845 base_best=N base_cls_epoch=40 epoch_seconds=3.7 task_elapsed_minutes=2.5 gpu_alloc_gb=0.317 gpu_reserved_gb=2.008
[SSL] repeat=6 scope=internal_cv fold=2 epoch=35/50 ssl_loss=0.043699 lr=0.000042274 base_val_bce=0.628851 base_best=N base_cls_epoch=46 epoch_seconds=3.7 task_elapsed_minutes=2.6 gpu_alloc_gb=0.318 gpu_reserved_gb=1.744
[SSL] repeat=6 scope=internal_cv fold=2 epoch=36/50 ssl_loss=0.046855 lr=0.000037391 base_val_bce=0.630892 base_best=N base_cls_epoch=40 epoch_seconds=3.8 task_elapsed_minutes=2.6 gpu_alloc_gb=0.317 gpu_reserved_gb=2.008
[SSL] repeat=6 scope=internal_cv fold=2 epoch=37/50 ssl_loss=0.048032 lr=0.000032700 base_val_bce=0.625962 base_best=N base_cls_epoch=45 epoch_seconds=3.7 task_elapsed_minutes=2.7 gpu_alloc_gb=0.318 gpu_reserved_gb=1.744
[SSL] repeat=6 scope=internal_cv fold=2 epoch=38/50 ssl_loss=0.061159 lr=0.000028229 base_val_bce=0.621231 base_best=N base_cls_epoch=43 epoch_seconds=3.7 task_elapsed_minutes=2.8 gpu_alloc_gb=0.317 gpu_reserved_gb=2.008
[SSL] repeat=6 scope=internal_cv fold=2 epoch=39/50 ssl_loss=0.056133 lr=0.000024006 base_val_bce=0.637004 base_best=N base_cls_epoch=45 epoch_seconds=3.7 task_elapsed_minutes=2.8 gpu_alloc_gb=0.318 gpu_reserved_gb=1.744
CHECKPOINT_LATEST repeat=6 scope=internal_cv fold=2 phase=ssl epoch=40 path=/data/adodas/VarCoNet-V2-main/xiaolunwen/experiment1c/checkpoints/worker_r6_latest.pt
[SSL] repeat=6 scope=internal_cv fold=2 epoch=40/50 ssl_loss=0.067040 lr=0.000020058 base_val_bce=0.625710 base_best=N base_cls_epoch=41 epoch_seconds=4.1 task_elapsed_minutes=2.9 gpu_alloc_gb=0.317 gpu_reserved_gb=2.008
[SSL] repeat=6 scope=internal_cv fold=2 epoch=41/50 ssl_loss=0.064597 lr=0.000016408 base_val_bce=0.625390 base_best=N base_cls_epoch=42 epoch_seconds=3.8 task_elapsed_minutes=3.0 gpu_alloc_gb=0.318 gpu_reserved_gb=1.744
[SSL] repeat=6 scope=internal_cv fold=2 epoch=42/50 ssl_loss=0.066563 lr=0.000013079 base_val_bce=0.625793 base_best=N base_cls_epoch=41 epoch_seconds=3.7 task_elapsed_minutes=3.0 gpu_alloc_gb=0.317 gpu_reserved_gb=2.008
[SSL] repeat=6 scope=internal_cv fold=2 epoch=43/50 ssl_loss=0.062960 lr=0.000010091 base_val_bce=0.628346 base_best=N base_cls_epoch=46 epoch_seconds=6.1 task_elapsed_minutes=3.1 gpu_alloc_gb=0.318 gpu_reserved_gb=1.744
[SSL] repeat=6 scope=internal_cv fold=2 epoch=44/50 ssl_loss=0.062392 lr=0.000007464 base_val_bce=0.624551 base_best=N base_cls_epoch=43 epoch_seconds=4.2 task_elapsed_minutes=3.2 gpu_alloc_gb=0.317 gpu_reserved_gb=2.008
[SSL] repeat=6 scope=internal_cv fold=2 epoch=45/50 ssl_loss=0.050151 lr=0.000005213 base_val_bce=0.634645 base_best=N base_cls_epoch=41 epoch_seconds=3.7 task_elapsed_minutes=3.3 gpu_alloc_gb=0.318 gpu_reserved_gb=1.744
[SSL] repeat=6 scope=internal_cv fold=2 epoch=46/50 ssl_loss=0.053505 lr=0.000003352 base_val_bce=0.638848 base_best=N base_cls_epoch=46 epoch_seconds=3.8 task_elapsed_minutes=3.3 gpu_alloc_gb=0.317 gpu_reserved_gb=2.008
[SSL] repeat=6 scope=internal_cv fold=2 epoch=47/50 ssl_loss=0.070116 lr=0.000001892 base_val_bce=0.630481 base_best=N base_cls_epoch=42 epoch_seconds=3.7 task_elapsed_minutes=3.4 gpu_alloc_gb=0.318 gpu_reserved_gb=1.744
[SSL] repeat=6 scope=internal_cv fold=2 epoch=48/50 ssl_loss=0.047221 lr=0.000000843 base_val_bce=0.635341 base_best=N base_cls_epoch=44 epoch_seconds=3.7 task_elapsed_minutes=3.5 gpu_alloc_gb=0.317 gpu_reserved_gb=2.008
[SSL] repeat=6 scope=internal_cv fold=2 epoch=49/50 ssl_loss=0.051173 lr=0.000000211 base_val_bce=0.626982 base_best=N base_cls_epoch=42 epoch_seconds=3.0 task_elapsed_minutes=3.5 gpu_alloc_gb=0.318 gpu_reserved_gb=1.744
CHECKPOINT_LATEST repeat=6 scope=internal_cv fold=2 phase=ssl epoch=50 path=/data/adodas/VarCoNet-V2-main/xiaolunwen/experiment1c/checkpoints/worker_r6_latest.pt
[SSL] repeat=6 scope=internal_cv fold=2 epoch=50/50 ssl_loss=0.053592 lr=0.000000000 base_val_bce=0.631995 base_best=N base_cls_epoch=43 epoch_seconds=3.9 task_elapsed_minutes=3.6 gpu_alloc_gb=0.317 gpu_reserved_gb=2.008
[CRSM_ZERO_BASELINE] repeat=6 scope=internal_cv fold=2 epoch=0 exact_zero=Y val_bce=0.615291 probability_max_abs=1.19e-07
CHECKPOINT_LATEST repeat=6 scope=internal_cv fold=2 phase=crsm_corrected epoch=0 path=/data/adodas/VarCoNet-V2-main/xiaolunwen/experiment1c/checkpoints/worker_r6_latest.pt
CHECKPOINT_BEST repeat=6 scope=internal_cv fold=2 phase=crsm_corrected epoch=0 path=/data/adodas/VarCoNet-V2-main/xiaolunwen/experiment1c/checkpoints/worker_r6_best.pt
CHECKPOINT_BEST repeat=6 scope=internal_cv fold=2 phase=crsm_corrected epoch=0 path=/data/adodas/VarCoNet-V2-main/xiaolunwen/experiment1c/checkpoints/worker_r6_best.pt
CHECKPOINT_LATEST repeat=6 scope=internal_cv fold=2 phase=crsm_corrected epoch=0 path=/data/adodas/VarCoNet-V2-main/xiaolunwen/experiment1c/checkpoints/worker_r6_latest.pt
[CRSM_SYMMETRY_START] repeat=6 scope=internal_cv fold=2 after_exact_zero=Y pca_unit_norm=1.00000000 pca_singular=132.082565 symmetry_scale=0.0025120459
CHECKPOINT_LATEST repeat=6 scope=internal_cv fold=2 phase=crsm_corrected epoch=10 path=/data/adodas/VarCoNet-V2-main/xiaolunwen/experiment1c/checkpoints/worker_r6_latest.pt
[CRSM_CORRECTED] repeat=6 scope=internal_cv fold=2 epoch=10/149 train_loss=0.188897 val_bce=0.625047 best=N best_epoch=0 asd_mass=(0.5042,0.4958) hc_mass=(0.5000,0.5000) delta_l2=(0.130722,0.129833) epoch_seconds=0.42
CHECKPOINT_LATEST repeat=6 scope=internal_cv fold=2 phase=crsm_corrected epoch=20 path=/data/adodas/VarCoNet-V2-main/xiaolunwen/experiment1c/checkpoints/worker_r6_latest.pt
[CRSM_CORRECTED] repeat=6 scope=internal_cv fold=2 epoch=20/149 train_loss=0.166120 val_bce=0.636805 best=N best_epoch=0 asd_mass=(0.5056,0.4944) hc_mass=(0.5000,0.5000) delta_l2=(0.250115,0.249286) epoch_seconds=0.59
CHECKPOINT_LATEST repeat=6 scope=internal_cv fold=2 phase=crsm_corrected epoch=30 path=/data/adodas/VarCoNet-V2-main/xiaolunwen/experiment1c/checkpoints/worker_r6_latest.pt
[CRSM_CORRECTED] repeat=6 scope=internal_cv fold=2 epoch=30/149 train_loss=0.149584 val_bce=0.649863 best=N best_epoch=0 asd_mass=(0.5076,0.4924) hc_mass=(0.5000,0.5000) delta_l2=(0.358813,0.357821) epoch_seconds=0.43
CHECKPOINT_LATEST repeat=6 scope=internal_cv fold=2 phase=crsm_corrected epoch=40 path=/data/adodas/VarCoNet-V2-main/xiaolunwen/experiment1c/checkpoints/worker_r6_latest.pt
[CRSM_CORRECTED] repeat=6 scope=internal_cv fold=2 epoch=40/149 train_loss=0.137449 val_bce=0.664218 best=N best_epoch=0 asd_mass=(0.5109,0.4891) hc_mass=(0.5000,0.5000) delta_l2=(0.457031,0.455566) epoch_seconds=0.30
CHECKPOINT_LATEST repeat=6 scope=internal_cv fold=2 phase=crsm_corrected epoch=50 path=/data/adodas/VarCoNet-V2-main/xiaolunwen/experiment1c/checkpoints/worker_r6_latest.pt
[CRSM_CORRECTED] repeat=6 scope=internal_cv fold=2 epoch=50/149 train_loss=0.128415 val_bce=0.679476 best=N best_epoch=0 asd_mass=(0.5153,0.4847) hc_mass=(0.5000,0.5000) delta_l2=(0.545629,0.543304) epoch_seconds=0.52
CHECKPOINT_LATEST repeat=6 scope=internal_cv fold=2 phase=crsm_corrected epoch=60 path=/data/adodas/VarCoNet-V2-main/xiaolunwen/experiment1c/checkpoints/worker_r6_latest.pt
[CRSM_CORRECTED] repeat=6 scope=internal_cv fold=2 epoch=60/149 train_loss=0.121558 val_bce=0.695415 best=N best_epoch=0 asd_mass=(0.5202,0.4798) hc_mass=(0.5000,0.5000) delta_l2=(0.625662,0.622157) epoch_seconds=0.52
CHECKPOINT_LATEST repeat=6 scope=internal_cv fold=2 phase=crsm_corrected epoch=70 path=/data/adodas/VarCoNet-V2-main/xiaolunwen/experiment1c/checkpoints/worker_r6_latest.pt
[CRSM_CORRECTED] repeat=6 scope=internal_cv fold=2 epoch=70/149 train_loss=0.116226 val_bce=0.711638 best=N best_epoch=0 asd_mass=(0.5243,0.4757) hc_mass=(0.5000,0.5000) delta_l2=(0.698132,0.693457) epoch_seconds=0.66
CHECKPOINT_LATEST repeat=6 scope=internal_cv fold=2 phase=crsm_corrected epoch=80 path=/data/adodas/VarCoNet-V2-main/xiaolunwen/experiment1c/checkpoints/worker_r6_latest.pt
[CRSM_CORRECTED] repeat=6 scope=internal_cv fold=2 epoch=80/149 train_loss=0.111979 val_bce=0.728251 best=N best_epoch=0 asd_mass=(0.5266,0.4734) hc_mass=(0.5000,0.5000) delta_l2=(0.763912,0.758615) epoch_seconds=0.41
CHECKPOINT_LATEST repeat=6 scope=internal_cv fold=2 phase=crsm_corrected epoch=90 path=/data/adodas/VarCoNet-V2-main/xiaolunwen/experiment1c/checkpoints/worker_r6_latest.pt
[CRSM_CORRECTED] repeat=6 scope=internal_cv fold=2 epoch=90/149 train_loss=0.108536 val_bce=0.745082 best=N best_epoch=0 asd_mass=(0.5271,0.4729) hc_mass=(0.5000,0.5000) delta_l2=(0.823764,0.818889) epoch_seconds=0.81
CHECKPOINT_LATEST repeat=6 scope=internal_cv fold=2 phase=crsm_corrected epoch=100 path=/data/adodas/VarCoNet-V2-main/xiaolunwen/experiment1c/checkpoints/worker_r6_latest.pt
[CRSM_CORRECTED] repeat=6 scope=internal_cv fold=2 epoch=100/149 train_loss=0.105721 val_bce=0.761776 best=N best_epoch=0 asd_mass=(0.5263,0.4737) hc_mass=(0.5000,0.5000) delta_l2=(0.878372,0.875128) epoch_seconds=0.68
CHECKPOINT_LATEST repeat=6 scope=internal_cv fold=2 phase=crsm_corrected epoch=110 path=/data/adodas/VarCoNet-V2-main/xiaolunwen/experiment1c/checkpoints/worker_r6_latest.pt
[CRSM_CORRECTED] repeat=6 scope=internal_cv fold=2 epoch=110/149 train_loss=0.103411 val_bce=0.778132 best=N best_epoch=0 asd_mass=(0.5250,0.4750) hc_mass=(0.5000,0.5000) delta_l2=(0.928342,0.927786) epoch_seconds=0.65
CHECKPOINT_LATEST repeat=6 scope=internal_cv fold=2 phase=crsm_corrected epoch=120 path=/data/adodas/VarCoNet-V2-main/xiaolunwen/experiment1c/checkpoints/worker_r6_latest.pt
[CRSM_CORRECTED] repeat=6 scope=internal_cv fold=2 epoch=120/149 train_loss=0.101512 val_bce=0.794031 best=N best_epoch=0 asd_mass=(0.5235,0.4765) hc_mass=(0.5000,0.5000) delta_l2=(0.974200,0.977104) epoch_seconds=0.31
CHECKPOINT_LATEST repeat=6 scope=internal_cv fold=2 phase=crsm_corrected epoch=130 path=/data/adodas/VarCoNet-V2-main/xiaolunwen/experiment1c/checkpoints/worker_r6_latest.pt
[CRSM_CORRECTED] repeat=6 scope=internal_cv fold=2 epoch=130/149 train_loss=0.099947 val_bce=0.809414 best=N best_epoch=0 asd_mass=(0.5220,0.4780) hc_mass=(0.5000,0.5000) delta_l2=(1.016405,1.023245) epoch_seconds=0.77
CHECKPOINT_LATEST repeat=6 scope=internal_cv fold=2 phase=crsm_corrected epoch=140 path=/data/adodas/VarCoNet-V2-main/xiaolunwen/experiment1c/checkpoints/worker_r6_latest.pt
[CRSM_CORRECTED] repeat=6 scope=internal_cv fold=2 epoch=140/149 train_loss=0.098652 val_bce=0.824199 best=N best_epoch=0 asd_mass=(0.5206,0.4794) hc_mass=(0.5000,0.5000) delta_l2=(1.055367,1.066373) epoch_seconds=0.86
CHECKPOINT_LATEST repeat=6 scope=internal_cv fold=2 phase=crsm_corrected epoch=149 path=/data/adodas/VarCoNet-V2-main/xiaolunwen/experiment1c/checkpoints/worker_r6_latest.pt
[CRSM_CORRECTED] repeat=6 scope=internal_cv fold=2 epoch=149/149 train_loss=0.097673 val_bce=0.836951 best=N best_epoch=0 asd_mass=(0.5195,0.4805) hc_mass=(0.5000,0.5000) delta_l2=(1.087969,1.102770) epoch_seconds=0.45
[SNDE_NORMATIVE] repeat=6 scope=internal_cv fold=2 n_unique_asd=357 n_unique_hc=317 roi_dim=384 std_floor=0.0012536313 pc1_explained_fraction=0.220894 hc_score_mean_before_norm=-6.61856e-08 hc_score_std_before_norm=7.62938 asd_positive_fraction=0.1204 asd_negative_fraction=0.0028 asd_generalist_fraction=0.8768 hc_positive_fraction=0.0789 hc_negative_fraction=0.0000 hc_generalist_fraction=0.9211
[SNDE_ZERO_BASELINE] repeat=6 scope=internal_cv fold=2 epoch=0 exact_zero=Y val_bce=0.615291 probability_max_abs=5.96e-08
CHECKPOINT_BEST repeat=6 scope=internal_cv fold=2 phase=snde epoch=0 path=/data/adodas/VarCoNet-V2-main/xiaolunwen/experiment1c/checkpoints/worker_r6_best.pt
CHECKPOINT_LATEST repeat=6 scope=internal_cv fold=2 phase=snde epoch=0 path=/data/adodas/VarCoNet-V2-main/xiaolunwen/experiment1c/checkpoints/worker_r6_latest.pt
CHECKPOINT_BEST repeat=6 scope=internal_cv fold=2 phase=snde epoch=2 path=/data/adodas/VarCoNet-V2-main/xiaolunwen/experiment1c/checkpoints/worker_r6_best.pt
CHECKPOINT_LATEST repeat=6 scope=internal_cv fold=2 phase=snde epoch=2 path=/data/adodas/VarCoNet-V2-main/xiaolunwen/experiment1c/checkpoints/worker_r6_latest.pt
[SNDE] repeat=6 scope=internal_cv fold=2 epoch=2/149 train_bce=0.220666 val_bce=0.611894 best=Y best_epoch=2 asd_gate=(+0.120,-0.003,g0.877) hc_gate=(+0.079,-0.000,g0.921) pos_weight_l2=0.023474 neg_weight_l2=0.038040 mean_abs_pos_correction=0.032326 mean_abs_neg_correction=0.000003 elapsed_seconds=1.52
CHECKPOINT_BEST repeat=6 scope=internal_cv fold=2 phase=snde epoch=7 path=/data/adodas/VarCoNet-V2-main/xiaolunwen/experiment1c/checkpoints/worker_r6_best.pt
CHECKPOINT_LATEST repeat=6 scope=internal_cv fold=2 phase=snde epoch=7 path=/data/adodas/VarCoNet-V2-main/xiaolunwen/experiment1c/checkpoints/worker_r6_latest.pt
[SNDE] repeat=6 scope=internal_cv fold=2 epoch=7/149 train_bce=0.213194 val_bce=0.609153 best=Y best_epoch=7 asd_gate=(+0.120,-0.003,g0.877) hc_gate=(+0.079,-0.000,g0.921) pos_weight_l2=0.051463 neg_weight_l2=0.133117 mean_abs_pos_correction=0.064672 mean_abs_neg_correction=0.000012 elapsed_seconds=1.27
CHECKPOINT_BEST repeat=6 scope=internal_cv fold=2 phase=snde epoch=8 path=/data/adodas/VarCoNet-V2-main/xiaolunwen/experiment1c/checkpoints/worker_r6_best.pt
CHECKPOINT_LATEST repeat=6 scope=internal_cv fold=2 phase=snde epoch=8 path=/data/adodas/VarCoNet-V2-main/xiaolunwen/experiment1c/checkpoints/worker_r6_latest.pt
[SNDE] repeat=6 scope=internal_cv fold=2 epoch=8/149 train_bce=0.212875 val_bce=0.607468 best=Y best_epoch=8 asd_gate=(+0.120,-0.003,g0.877) hc_gate=(+0.079,-0.000,g0.921) pos_weight_l2=0.056700 neg_weight_l2=0.152126 mean_abs_pos_correction=0.066643 mean_abs_neg_correction=0.000014 elapsed_seconds=1.53
CHECKPOINT_BEST repeat=6 scope=internal_cv fold=2 phase=snde epoch=9 path=/data/adodas/VarCoNet-V2-main/xiaolunwen/experiment1c/checkpoints/worker_r6_best.pt
CHECKPOINT_LATEST repeat=6 scope=internal_cv fold=2 phase=snde epoch=9 path=/data/adodas/VarCoNet-V2-main/xiaolunwen/experiment1c/checkpoints/worker_r6_latest.pt
[SNDE] repeat=6 scope=internal_cv fold=2 epoch=9/149 train_bce=0.212868 val_bce=0.607028 best=Y best_epoch=9 asd_gate=(+0.120,-0.003,g0.877) hc_gate=(+0.079,-0.000,g0.921) pos_weight_l2=0.061782 neg_weight_l2=0.171133 mean_abs_pos_correction=0.069997 mean_abs_neg_correction=0.000016 elapsed_seconds=1.36
CHECKPOINT_BEST repeat=6 scope=internal_cv fold=2 phase=snde epoch=10 path=/data/adodas/VarCoNet-V2-main/xiaolunwen/experiment1c/checkpoints/worker_r6_best.pt
CHECKPOINT_LATEST repeat=6 scope=internal_cv fold=2 phase=snde epoch=10 path=/data/adodas/VarCoNet-V2-main/xiaolunwen/experiment1c/checkpoints/worker_r6_latest.pt
[SNDE] repeat=6 scope=internal_cv fold=2 epoch=10/149 train_bce=0.212888 val_bce=0.606995 best=Y best_epoch=10 asd_gate=(+0.120,-0.003,g0.877) hc_gate=(+0.079,-0.000,g0.921) pos_weight_l2=0.066648 neg_weight_l2=0.190137 mean_abs_pos_correction=0.074737 mean_abs_neg_correction=0.000017 elapsed_seconds=1.74
CHECKPOINT_BEST repeat=6 scope=internal_cv fold=2 phase=snde epoch=11 path=/data/adodas/VarCoNet-V2-main/xiaolunwen/experiment1c/checkpoints/worker_r6_best.pt
CHECKPOINT_LATEST repeat=6 scope=internal_cv fold=2 phase=snde epoch=11 path=/data/adodas/VarCoNet-V2-main/xiaolunwen/experiment1c/checkpoints/worker_r6_latest.pt
[SNDE] repeat=6 scope=internal_cv fold=2 epoch=11/149 train_bce=0.212723 val_bce=0.606969 best=Y best_epoch=11 asd_gate=(+0.120,-0.003,g0.877) hc_gate=(+0.079,-0.000,g0.921) pos_weight_l2=0.071312 neg_weight_l2=0.209137 mean_abs_pos_correction=0.080198 mean_abs_neg_correction=0.000019 elapsed_seconds=1.08
CHECKPOINT_LATEST repeat=6 scope=internal_cv fold=2 phase=snde epoch=20 path=/data/adodas/VarCoNet-V2-main/xiaolunwen/experiment1c/checkpoints/worker_r6_latest.pt
[SNDE] repeat=6 scope=internal_cv fold=2 epoch=20/149 train_bce=0.210516 val_bce=0.614820 best=N best_epoch=11 asd_gate=(+0.120,-0.003,g0.877) hc_gate=(+0.079,-0.000,g0.921) pos_weight_l2=0.107818 neg_weight_l2=0.379950 mean_abs_pos_correction=0.136050 mean_abs_neg_correction=0.000035 elapsed_seconds=0.85
CHECKPOINT_BEST repeat=6 scope=internal_cv fold=2 phase=snde epoch=29 path=/data/adodas/VarCoNet-V2-main/xiaolunwen/experiment1c/checkpoints/worker_r6_best.pt
CHECKPOINT_LATEST repeat=6 scope=internal_cv fold=2 phase=snde epoch=29 path=/data/adodas/VarCoNet-V2-main/xiaolunwen/experiment1c/checkpoints/worker_r6_latest.pt
[SNDE] repeat=6 scope=internal_cv fold=2 epoch=29/149 train_bce=0.209165 val_bce=0.606768 best=Y best_epoch=29 asd_gate=(+0.120,-0.003,g0.877) hc_gate=(+0.079,-0.000,g0.921) pos_weight_l2=0.136567 neg_weight_l2=0.550313 mean_abs_pos_correction=0.142001 mean_abs_neg_correction=0.000050 elapsed_seconds=0.90
CHECKPOINT_BEST repeat=6 scope=internal_cv fold=2 phase=snde epoch=30 path=/data/adodas/VarCoNet-V2-main/xiaolunwen/experiment1c/checkpoints/worker_r6_best.pt
CHECKPOINT_LATEST repeat=6 scope=internal_cv fold=2 phase=snde epoch=30 path=/data/adodas/VarCoNet-V2-main/xiaolunwen/experiment1c/checkpoints/worker_r6_latest.pt
[SNDE] repeat=6 scope=internal_cv fold=2 epoch=30/149 train_bce=0.209059 val_bce=0.606349 best=Y best_epoch=30 asd_gate=(+0.120,-0.003,g0.877) hc_gate=(+0.079,-0.000,g0.921) pos_weight_l2=0.139565 neg_weight_l2=0.569209 mean_abs_pos_correction=0.142639 mean_abs_neg_correction=0.000052 elapsed_seconds=1.20
CHECKPOINT_BEST repeat=6 scope=internal_cv fold=2 phase=snde epoch=31 path=/data/adodas/VarCoNet-V2-main/xiaolunwen/experiment1c/checkpoints/worker_r6_best.pt
CHECKPOINT_LATEST repeat=6 scope=internal_cv fold=2 phase=snde epoch=31 path=/data/adodas/VarCoNet-V2-main/xiaolunwen/experiment1c/checkpoints/worker_r6_latest.pt
[SNDE] repeat=6 scope=internal_cv fold=2 epoch=31/149 train_bce=0.208960 val_bce=0.606119 best=Y best_epoch=31 asd_gate=(+0.120,-0.003,g0.877) hc_gate=(+0.079,-0.000,g0.921) pos_weight_l2=0.142538 neg_weight_l2=0.588097 mean_abs_pos_correction=0.143572 mean_abs_neg_correction=0.000054 elapsed_seconds=1.26
CHECKPOINT_BEST repeat=6 scope=internal_cv fold=2 phase=snde epoch=32 path=/data/adodas/VarCoNet-V2-main/xiaolunwen/experiment1c/checkpoints/worker_r6_best.pt
CHECKPOINT_LATEST repeat=6 scope=internal_cv fold=2 phase=snde epoch=32 path=/data/adodas/VarCoNet-V2-main/xiaolunwen/experiment1c/checkpoints/worker_r6_latest.pt
[SNDE] repeat=6 scope=internal_cv fold=2 epoch=32/149 train_bce=0.208864 val_bce=0.606039 best=Y best_epoch=32 asd_gate=(+0.120,-0.003,g0.877) hc_gate=(+0.079,-0.000,g0.921) pos_weight_l2=0.145486 neg_weight_l2=0.606979 mean_abs_pos_correction=0.144826 mean_abs_neg_correction=0.000056 elapsed_seconds=1.26
CHECKPOINT_LATEST repeat=6 scope=internal_cv fold=2 phase=snde epoch=40 path=/data/adodas/VarCoNet-V2-main/xiaolunwen/experiment1c/checkpoints/worker_r6_latest.pt
[SNDE] repeat=6 scope=internal_cv fold=2 epoch=40/149 train_bce=0.208148 val_bce=0.606700 best=N best_epoch=32 asd_gate=(+0.120,-0.003,g0.877) hc_gate=(+0.079,-0.000,g0.921) pos_weight_l2=0.168137 neg_weight_l2=0.757758 mean_abs_pos_correction=0.162860 mean_abs_neg_correction=0.000069 elapsed_seconds=0.46
CHECKPOINT_LATEST repeat=6 scope=internal_cv fold=2 phase=snde epoch=50 path=/data/adodas/VarCoNet-V2-main/xiaolunwen/experiment1c/checkpoints/worker_r6_latest.pt
[SNDE] repeat=6 scope=internal_cv fold=2 epoch=50/149 train_bce=0.207487 val_bce=0.609389 best=N best_epoch=32 asd_gate=(+0.120,-0.003,g0.877) hc_gate=(+0.079,-0.000,g0.921) pos_weight_l2=0.193554 neg_weight_l2=0.945511 mean_abs_pos_correction=0.177893 mean_abs_neg_correction=0.000086 elapsed_seconds=0.50
CHECKPOINT_LATEST repeat=6 scope=internal_cv fold=2 phase=snde epoch=60 path=/data/adodas/VarCoNet-V2-main/xiaolunwen/experiment1c/checkpoints/worker_r6_latest.pt
[SNDE] repeat=6 scope=internal_cv fold=2 epoch=60/149 train_bce=0.206982 val_bce=0.616538 best=N best_epoch=32 asd_gate=(+0.120,-0.003,g0.877) hc_gate=(+0.079,-0.000,g0.921) pos_weight_l2=0.216520 neg_weight_l2=1.132427 mean_abs_pos_correction=0.187840 mean_abs_neg_correction=0.000104 elapsed_seconds=0.45
CHECKPOINT_LATEST repeat=6 scope=internal_cv fold=2 phase=snde epoch=70 path=/data/adodas/VarCoNet-V2-main/xiaolunwen/experiment1c/checkpoints/worker_r6_latest.pt
[SNDE] repeat=6 scope=internal_cv fold=2 epoch=70/149 train_bce=0.206571 val_bce=0.623456 best=N best_epoch=32 asd_gate=(+0.120,-0.003,g0.877) hc_gate=(+0.079,-0.000,g0.921) pos_weight_l2=0.237981 neg_weight_l2=1.318489 mean_abs_pos_correction=0.198306 mean_abs_neg_correction=0.000121 elapsed_seconds=0.83
CHECKPOINT_LATEST repeat=6 scope=internal_cv fold=2 phase=snde epoch=80 path=/data/adodas/VarCoNet-V2-main/xiaolunwen/experiment1c/checkpoints/worker_r6_latest.pt
[SNDE] repeat=6 scope=internal_cv fold=2 epoch=80/149 train_bce=0.206222 val_bce=0.632713 best=N best_epoch=32 asd_gate=(+0.120,-0.003,g0.877) hc_gate=(+0.079,-0.000,g0.921) pos_weight_l2=0.258421 neg_weight_l2=1.503694 mean_abs_pos_correction=0.205823 mean_abs_neg_correction=0.000138 elapsed_seconds=0.40
CHECKPOINT_LATEST repeat=6 scope=internal_cv fold=2 phase=snde epoch=90 path=/data/adodas/VarCoNet-V2-main/xiaolunwen/experiment1c/checkpoints/worker_r6_latest.pt
[SNDE] repeat=6 scope=internal_cv fold=2 epoch=90/149 train_bce=0.205919 val_bce=0.641107 best=N best_epoch=32 asd_gate=(+0.120,-0.003,g0.877) hc_gate=(+0.079,-0.000,g0.921) pos_weight_l2=0.278105 neg_weight_l2=1.688045 mean_abs_pos_correction=0.214471 mean_abs_neg_correction=0.000154 elapsed_seconds=0.65
CHECKPOINT_LATEST repeat=6 scope=internal_cv fold=2 phase=snde epoch=100 path=/data/adodas/VarCoNet-V2-main/xiaolunwen/experiment1c/checkpoints/worker_r6_latest.pt
[SNDE] repeat=6 scope=internal_cv fold=2 epoch=100/149 train_bce=0.205650 val_bce=0.650251 best=N best_epoch=32 asd_gate=(+0.120,-0.003,g0.877) hc_gate=(+0.079,-0.000,g0.921) pos_weight_l2=0.297185 neg_weight_l2=1.871547 mean_abs_pos_correction=0.222546 mean_abs_neg_correction=0.000171 elapsed_seconds=0.69
CHECKPOINT_LATEST repeat=6 scope=internal_cv fold=2 phase=snde epoch=110 path=/data/adodas/VarCoNet-V2-main/xiaolunwen/experiment1c/checkpoints/worker_r6_latest.pt
[SNDE] repeat=6 scope=internal_cv fold=2 epoch=110/149 train_bce=0.205409 val_bce=0.659044 best=N best_epoch=32 asd_gate=(+0.120,-0.003,g0.877) hc_gate=(+0.079,-0.000,g0.921) pos_weight_l2=0.315808 neg_weight_l2=2.054205 mean_abs_pos_correction=0.230278 mean_abs_neg_correction=0.000188 elapsed_seconds=0.45
CHECKPOINT_LATEST repeat=6 scope=internal_cv fold=2 phase=snde epoch=120 path=/data/adodas/VarCoNet-V2-main/xiaolunwen/experiment1c/checkpoints/worker_r6_latest.pt
[SNDE] repeat=6 scope=internal_cv fold=2 epoch=120/149 train_bce=0.205190 val_bce=0.667420 best=N best_epoch=32 asd_gate=(+0.120,-0.003,g0.877) hc_gate=(+0.079,-0.000,g0.921) pos_weight_l2=0.334040 neg_weight_l2=2.236027 mean_abs_pos_correction=0.237759 mean_abs_neg_correction=0.000205 elapsed_seconds=0.48
CHECKPOINT_LATEST repeat=6 scope=internal_cv fold=2 phase=snde epoch=130 path=/data/adodas/VarCoNet-V2-main/xiaolunwen/experiment1c/checkpoints/worker_r6_latest.pt
[SNDE] repeat=6 scope=internal_cv fold=2 epoch=130/149 train_bce=0.204992 val_bce=0.675762 best=N best_epoch=32 asd_gate=(+0.120,-0.003,g0.877) hc_gate=(+0.079,-0.000,g0.921) pos_weight_l2=0.351915 neg_weight_l2=2.417018 mean_abs_pos_correction=0.244811 mean_abs_neg_correction=0.000221 elapsed_seconds=0.44
CHECKPOINT_LATEST repeat=6 scope=internal_cv fold=2 phase=snde epoch=140 path=/data/adodas/VarCoNet-V2-main/xiaolunwen/experiment1c/checkpoints/worker_r6_latest.pt
[SNDE] repeat=6 scope=internal_cv fold=2 epoch=140/149 train_bce=0.204810 val_bce=0.683764 best=N best_epoch=32 asd_gate=(+0.120,-0.003,g0.877) hc_gate=(+0.079,-0.000,g0.921) pos_weight_l2=0.369469 neg_weight_l2=2.597186 mean_abs_pos_correction=0.251753 mean_abs_neg_correction=0.000238 elapsed_seconds=0.46
CHECKPOINT_LATEST repeat=6 scope=internal_cv fold=2 phase=snde epoch=149 path=/data/adodas/VarCoNet-V2-main/xiaolunwen/experiment1c/checkpoints/worker_r6_latest.pt
[SNDE] repeat=6 scope=internal_cv fold=2 epoch=149/149 train_bce=0.204659 val_bce=0.690788 best=N best_epoch=32 asd_gate=(+0.120,-0.003,g0.877) hc_gate=(+0.079,-0.000,g0.921) pos_weight_l2=0.385009 neg_weight_l2=2.758638 mean_abs_pos_correction=0.257824 mean_abs_neg_correction=0.000252 elapsed_seconds=0.35
TASK_TRAINING_DONE repeat=6 scope=internal_cv fold=2 base_encoder_epoch=32 base_classifier_epoch=42 base_val_bce=0.615291 crsm_epoch=0 crsm_val_bce=0.615291 snde_epoch=32 snde_val_bce=0.606039 elapsed_minutes=4.4
TASK_DONE repeat=6 scope=internal_fold fold=2 method=baseline selected_encoder_epoch=32 test_auc=0.725673 test_bce=0.593121 elapsed_minutes=4.4
TASK_DONE repeat=6 scope=internal_fold fold=2 method=crsm_corrected selected_encoder_epoch=32 test_auc=0.725673 test_bce=0.593121 elapsed_minutes=4.4
TASK_DONE repeat=6 scope=internal_fold fold=2 method=selective_normative_deviation_experts selected_encoder_epoch=32 test_auc=0.758799 test_bce=0.570766 elapsed_minutes=4.4
TASK_START repeat=6 scope=internal_cv fold=3 seed=100603 device=cuda:0 methods=baseline,crsm_corrected,selective_normative_deviation_experts shared_encoder=Y reference_unique_n=674 train_n=750 val_n=120
CHECKPOINT_BEST repeat=6 scope=internal_cv fold=3 phase=ssl epoch=1 path=/data/adodas/VarCoNet-V2-main/xiaolunwen/experiment1c/checkpoints/worker_r6_best.pt
[SSL] repeat=6 scope=internal_cv fold=3 epoch=1/50 ssl_loss=0.152340 lr=0.000024107 base_val_bce=0.664717 base_best=Y base_cls_epoch=11 epoch_seconds=4.5 task_elapsed_minutes=0.1 gpu_alloc_gb=0.318 gpu_reserved_gb=1.744
CHECKPOINT_BEST repeat=6 scope=internal_cv fold=3 phase=ssl epoch=2 path=/data/adodas/VarCoNet-V2-main/xiaolunwen/experiment1c/checkpoints/worker_r6_best.pt
[SSL] repeat=6 scope=internal_cv fold=3 epoch=2/50 ssl_loss=0.121911 lr=0.000038214 base_val_bce=0.657613 base_best=Y base_cls_epoch=9 epoch_seconds=4.1 task_elapsed_minutes=0.1 gpu_alloc_gb=0.317 gpu_reserved_gb=2.008
[SSL] repeat=6 scope=internal_cv fold=3 epoch=3/50 ssl_loss=0.127674 lr=0.000052321 base_val_bce=0.663558 base_best=N base_cls_epoch=8 epoch_seconds=3.8 task_elapsed_minutes=0.2 gpu_alloc_gb=0.318 gpu_reserved_gb=1.744
[SSL] repeat=6 scope=internal_cv fold=3 epoch=4/50 ssl_loss=0.085755 lr=0.000066427 base_val_bce=0.677822 base_best=N base_cls_epoch=7 epoch_seconds=3.8 task_elapsed_minutes=0.3 gpu_alloc_gb=0.317 gpu_reserved_gb=2.008
[SSL] repeat=6 scope=internal_cv fold=3 epoch=5/50 ssl_loss=0.098985 lr=0.000080534 base_val_bce=0.665603 base_best=N base_cls_epoch=10 epoch_seconds=3.6 task_elapsed_minutes=0.3 gpu_alloc_gb=0.318 gpu_reserved_gb=1.744
[SSL] repeat=6 scope=internal_cv fold=3 epoch=6/50 ssl_loss=0.088286 lr=0.000094641 base_val_bce=0.661139 base_best=N base_cls_epoch=8 epoch_seconds=3.7 task_elapsed_minutes=0.4 gpu_alloc_gb=0.317 gpu_reserved_gb=2.008
[SSL] repeat=6 scope=internal_cv fold=3 epoch=7/50 ssl_loss=0.066763 lr=0.000108748 base_val_bce=0.669955 base_best=N base_cls_epoch=7 epoch_seconds=3.6 task_elapsed_minutes=0.5 gpu_alloc_gb=0.318 gpu_reserved_gb=1.744
[SSL] repeat=6 scope=internal_cv fold=3 epoch=8/50 ssl_loss=0.075684 lr=0.000122855 base_val_bce=0.676478 base_best=N base_cls_epoch=12 epoch_seconds=2.9 task_elapsed_minutes=0.5 gpu_alloc_gb=0.317 gpu_reserved_gb=2.008
[SSL] repeat=6 scope=internal_cv fold=3 epoch=9/50 ssl_loss=0.072124 lr=0.000136962 base_val_bce=0.664518 base_best=N base_cls_epoch=8 epoch_seconds=2.9 task_elapsed_minutes=0.6 gpu_alloc_gb=0.318 gpu_reserved_gb=1.744
CHECKPOINT_LATEST repeat=6 scope=internal_cv fold=3 phase=ssl epoch=10 path=/data/adodas/VarCoNet-V2-main/xiaolunwen/experiment1c/checkpoints/worker_r6_latest.pt
[SSL] repeat=6 scope=internal_cv fold=3 epoch=10/50 ssl_loss=0.065358 lr=0.000136962 base_val_bce=0.662847 base_best=N base_cls_epoch=13 epoch_seconds=3.7 task_elapsed_minutes=0.6 gpu_alloc_gb=0.317 gpu_reserved_gb=2.008
[SSL] repeat=6 scope=internal_cv fold=3 epoch=11/50 ssl_loss=0.064111 lr=0.000136751 base_val_bce=0.671518 base_best=N base_cls_epoch=15 epoch_seconds=3.4 task_elapsed_minutes=0.7 gpu_alloc_gb=0.318 gpu_reserved_gb=1.744
[SSL] repeat=6 scope=internal_cv fold=3 epoch=12/50 ssl_loss=0.053773 lr=0.000136119 base_val_bce=0.668820 base_best=N base_cls_epoch=12 epoch_seconds=3.5 task_elapsed_minutes=0.7 gpu_alloc_gb=0.317 gpu_reserved_gb=2.008
[SSL] repeat=6 scope=internal_cv fold=3 epoch=13/50 ssl_loss=0.054902 lr=0.000135070 base_val_bce=0.660393 base_best=N base_cls_epoch=14 epoch_seconds=3.2 task_elapsed_minutes=0.8 gpu_alloc_gb=0.318 gpu_reserved_gb=1.744
[SSL] repeat=6 scope=internal_cv fold=3 epoch=14/50 ssl_loss=0.061603 lr=0.000133610 base_val_bce=0.667693 base_best=N base_cls_epoch=12 epoch_seconds=3.4 task_elapsed_minutes=0.8 gpu_alloc_gb=0.317 gpu_reserved_gb=2.008
[SSL] repeat=6 scope=internal_cv fold=3 epoch=15/50 ssl_loss=0.057102 lr=0.000131749 base_val_bce=0.672695 base_best=N base_cls_epoch=17 epoch_seconds=3.4 task_elapsed_minutes=0.9 gpu_alloc_gb=0.318 gpu_reserved_gb=1.744
[SSL] repeat=6 scope=internal_cv fold=3 epoch=16/50 ssl_loss=0.051685 lr=0.000129498 base_val_bce=0.671734 base_best=N base_cls_epoch=15 epoch_seconds=5.8 task_elapsed_minutes=1.0 gpu_alloc_gb=0.317 gpu_reserved_gb=2.008
[SSL] repeat=6 scope=internal_cv fold=3 epoch=17/50 ssl_loss=0.045077 lr=0.000126870 base_val_bce=0.675646 base_best=N base_cls_epoch=15 epoch_seconds=4.8 task_elapsed_minutes=1.1 gpu_alloc_gb=0.318 gpu_reserved_gb=1.744
[SSL] repeat=6 scope=internal_cv fold=3 epoch=18/50 ssl_loss=0.062839 lr=0.000123883 base_val_bce=0.664790 base_best=N base_cls_epoch=13 epoch_seconds=4.9 task_elapsed_minutes=1.2 gpu_alloc_gb=0.317 gpu_reserved_gb=2.008
CHECKPOINT_BEST repeat=6 scope=internal_cv fold=3 phase=ssl epoch=19 path=/data/adodas/VarCoNet-V2-main/xiaolunwen/experiment1c/checkpoints/worker_r6_best.pt
[SSL] repeat=6 scope=internal_cv fold=3 epoch=19/50 ssl_loss=0.045532 lr=0.000120554 base_val_bce=0.657154 base_best=Y base_cls_epoch=15 epoch_seconds=4.5 task_elapsed_minutes=1.2 gpu_alloc_gb=0.318 gpu_reserved_gb=1.744
CHECKPOINT_LATEST repeat=6 scope=internal_cv fold=3 phase=ssl epoch=20 path=/data/adodas/VarCoNet-V2-main/xiaolunwen/experiment1c/checkpoints/worker_r6_latest.pt
[SSL] repeat=6 scope=internal_cv fold=3 epoch=20/50 ssl_loss=0.050732 lr=0.000116904 base_val_bce=0.669489 base_best=N base_cls_epoch=15 epoch_seconds=4.2 task_elapsed_minutes=1.3 gpu_alloc_gb=0.317 gpu_reserved_gb=2.008
[SSL] repeat=6 scope=internal_cv fold=3 epoch=21/50 ssl_loss=0.054497 lr=0.000112956 base_val_bce=0.662701 base_best=N base_cls_epoch=17 epoch_seconds=3.6 task_elapsed_minutes=1.4 gpu_alloc_gb=0.318 gpu_reserved_gb=1.744
[SSL] repeat=6 scope=internal_cv fold=3 epoch=22/50 ssl_loss=0.059907 lr=0.000108733 base_val_bce=0.661424 base_best=N base_cls_epoch=17 epoch_seconds=3.5 task_elapsed_minutes=1.4 gpu_alloc_gb=0.317 gpu_reserved_gb=2.008
CHECKPOINT_BEST repeat=6 scope=internal_cv fold=3 phase=ssl epoch=23 path=/data/adodas/VarCoNet-V2-main/xiaolunwen/experiment1c/checkpoints/worker_r6_best.pt
[SSL] repeat=6 scope=internal_cv fold=3 epoch=23/50 ssl_loss=0.056331 lr=0.000104262 base_val_bce=0.654560 base_best=Y base_cls_epoch=15 epoch_seconds=3.9 task_elapsed_minutes=1.5 gpu_alloc_gb=0.318 gpu_reserved_gb=1.744
[SSL] repeat=6 scope=internal_cv fold=3 epoch=24/50 ssl_loss=0.056214 lr=0.000099570 base_val_bce=0.654798 base_best=N base_cls_epoch=14 epoch_seconds=3.7 task_elapsed_minutes=1.6 gpu_alloc_gb=0.317 gpu_reserved_gb=2.008
[SSL] repeat=6 scope=internal_cv fold=3 epoch=25/50 ssl_loss=0.040171 lr=0.000094687 base_val_bce=0.670946 base_best=N base_cls_epoch=18 epoch_seconds=3.4 task_elapsed_minutes=1.6 gpu_alloc_gb=0.318 gpu_reserved_gb=1.744
[SSL] repeat=6 scope=internal_cv fold=3 epoch=26/50 ssl_loss=0.042463 lr=0.000089643 base_val_bce=0.657119 base_best=N base_cls_epoch=16 epoch_seconds=3.6 task_elapsed_minutes=1.7 gpu_alloc_gb=0.317 gpu_reserved_gb=2.008
[SSL] repeat=6 scope=internal_cv fold=3 epoch=27/50 ssl_loss=0.048204 lr=0.000084467 base_val_bce=0.670243 base_best=N base_cls_epoch=16 epoch_seconds=3.7 task_elapsed_minutes=1.7 gpu_alloc_gb=0.318 gpu_reserved_gb=1.744
[SSL] repeat=6 scope=internal_cv fold=3 epoch=28/50 ssl_loss=0.072660 lr=0.000079194 base_val_bce=0.661280 base_best=N base_cls_epoch=16 epoch_seconds=3.8 task_elapsed_minutes=1.8 gpu_alloc_gb=0.317 gpu_reserved_gb=2.008
[SSL] repeat=6 scope=internal_cv fold=3 epoch=29/50 ssl_loss=0.049270 lr=0.000073854 base_val_bce=0.655664 base_best=N base_cls_epoch=17 epoch_seconds=3.7 task_elapsed_minutes=1.9 gpu_alloc_gb=0.318 gpu_reserved_gb=1.744
CHECKPOINT_LATEST repeat=6 scope=internal_cv fold=3 phase=ssl epoch=30 path=/data/adodas/VarCoNet-V2-main/xiaolunwen/experiment1c/checkpoints/worker_r6_latest.pt
[SSL] repeat=6 scope=internal_cv fold=3 epoch=30/50 ssl_loss=0.051019 lr=0.000068481 base_val_bce=0.663383 base_best=N base_cls_epoch=19 epoch_seconds=4.1 task_elapsed_minutes=1.9 gpu_alloc_gb=0.317 gpu_reserved_gb=2.008
[SSL] repeat=6 scope=internal_cv fold=3 epoch=31/50 ssl_loss=0.045677 lr=0.000063108 base_val_bce=0.664295 base_best=N base_cls_epoch=22 epoch_seconds=3.7 task_elapsed_minutes=2.0 gpu_alloc_gb=0.318 gpu_reserved_gb=1.744
[SSL] repeat=6 scope=internal_cv fold=3 epoch=32/50 ssl_loss=0.047280 lr=0.000057768 base_val_bce=0.665598 base_best=N base_cls_epoch=18 epoch_seconds=3.8 task_elapsed_minutes=2.1 gpu_alloc_gb=0.317 gpu_reserved_gb=2.008
[SSL] repeat=6 scope=internal_cv fold=3 epoch=33/50 ssl_loss=0.028949 lr=0.000052494 base_val_bce=0.665247 base_best=N base_cls_epoch=17 epoch_seconds=3.8 task_elapsed_minutes=2.1 gpu_alloc_gb=0.318 gpu_reserved_gb=1.744
[SSL] repeat=6 scope=internal_cv fold=3 epoch=34/50 ssl_loss=0.043539 lr=0.000047319 base_val_bce=0.656162 base_best=N base_cls_epoch=16 epoch_seconds=3.4 task_elapsed_minutes=2.2 gpu_alloc_gb=0.317 gpu_reserved_gb=2.008
[SSL] repeat=6 scope=internal_cv fold=3 epoch=35/50 ssl_loss=0.044036 lr=0.000042274 base_val_bce=0.655130 base_best=N base_cls_epoch=29 epoch_seconds=3.6 task_elapsed_minutes=2.2 gpu_alloc_gb=0.318 gpu_reserved_gb=1.744
CHECKPOINT_BEST repeat=6 scope=internal_cv fold=3 phase=ssl epoch=36 path=/data/adodas/VarCoNet-V2-main/xiaolunwen/experiment1c/checkpoints/worker_r6_best.pt
[SSL] repeat=6 scope=internal_cv fold=3 epoch=36/50 ssl_loss=0.048601 lr=0.000037391 base_val_bce=0.651086 base_best=Y base_cls_epoch=17 epoch_seconds=4.3 task_elapsed_minutes=2.3 gpu_alloc_gb=0.317 gpu_reserved_gb=2.008
[SSL] repeat=6 scope=internal_cv fold=3 epoch=37/50 ssl_loss=0.045007 lr=0.000032700 base_val_bce=0.653502 base_best=N base_cls_epoch=17 epoch_seconds=3.8 task_elapsed_minutes=2.4 gpu_alloc_gb=0.318 gpu_reserved_gb=1.744
[SSL] repeat=6 scope=internal_cv fold=3 epoch=38/50 ssl_loss=0.045025 lr=0.000028229 base_val_bce=0.665186 base_best=N base_cls_epoch=19 epoch_seconds=3.5 task_elapsed_minutes=2.4 gpu_alloc_gb=0.317 gpu_reserved_gb=2.008
[SSL] repeat=6 scope=internal_cv fold=3 epoch=39/50 ssl_loss=0.041997 lr=0.000024006 base_val_bce=0.671279 base_best=N base_cls_epoch=18 epoch_seconds=3.7 task_elapsed_minutes=2.5 gpu_alloc_gb=0.318 gpu_reserved_gb=1.744
CHECKPOINT_LATEST repeat=6 scope=internal_cv fold=3 phase=ssl epoch=40 path=/data/adodas/VarCoNet-V2-main/xiaolunwen/experiment1c/checkpoints/worker_r6_latest.pt
[SSL] repeat=6 scope=internal_cv fold=3 epoch=40/50 ssl_loss=0.044895 lr=0.000020058 base_val_bce=0.653739 base_best=N base_cls_epoch=18 epoch_seconds=3.9 task_elapsed_minutes=2.6 gpu_alloc_gb=0.317 gpu_reserved_gb=2.008
[SSL] repeat=6 scope=internal_cv fold=3 epoch=41/50 ssl_loss=0.042590 lr=0.000016408 base_val_bce=0.661675 base_best=N base_cls_epoch=18 epoch_seconds=3.4 task_elapsed_minutes=2.6 gpu_alloc_gb=0.318 gpu_reserved_gb=1.744
[SSL] repeat=6 scope=internal_cv fold=3 epoch=42/50 ssl_loss=0.037687 lr=0.000013079 base_val_bce=0.651229 base_best=N base_cls_epoch=19 epoch_seconds=3.7 task_elapsed_minutes=2.7 gpu_alloc_gb=0.317 gpu_reserved_gb=2.008
[SSL] repeat=6 scope=internal_cv fold=3 epoch=43/50 ssl_loss=0.052734 lr=0.000010091 base_val_bce=0.656034 base_best=N base_cls_epoch=16 epoch_seconds=3.6 task_elapsed_minutes=2.8 gpu_alloc_gb=0.318 gpu_reserved_gb=1.744
[SSL] repeat=6 scope=internal_cv fold=3 epoch=44/50 ssl_loss=0.043758 lr=0.000007464 base_val_bce=0.660289 base_best=N base_cls_epoch=16 epoch_seconds=4.2 task_elapsed_minutes=2.8 gpu_alloc_gb=0.317 gpu_reserved_gb=2.008
[SSL] repeat=6 scope=internal_cv fold=3 epoch=45/50 ssl_loss=0.042290 lr=0.000005213 base_val_bce=0.657081 base_best=N base_cls_epoch=19 epoch_seconds=7.6 task_elapsed_minutes=3.0 gpu_alloc_gb=0.318 gpu_reserved_gb=1.744
[SSL] repeat=6 scope=internal_cv fold=3 epoch=46/50 ssl_loss=0.045656 lr=0.000003352 base_val_bce=0.666457 base_best=N base_cls_epoch=18 epoch_seconds=5.9 task_elapsed_minutes=3.1 gpu_alloc_gb=0.317 gpu_reserved_gb=2.008
[SSL] repeat=6 scope=internal_cv fold=3 epoch=47/50 ssl_loss=0.038460 lr=0.000001892 base_val_bce=0.655366 base_best=N base_cls_epoch=23 epoch_seconds=5.9 task_elapsed_minutes=3.2 gpu_alloc_gb=0.318 gpu_reserved_gb=1.744
[SSL] repeat=6 scope=internal_cv fold=3 epoch=48/50 ssl_loss=0.042464 lr=0.000000843 base_val_bce=0.653485 base_best=N base_cls_epoch=16 epoch_seconds=6.0 task_elapsed_minutes=3.3 gpu_alloc_gb=0.317 gpu_reserved_gb=2.008
[SSL] repeat=6 scope=internal_cv fold=3 epoch=49/50 ssl_loss=0.048367 lr=0.000000211 base_val_bce=0.660642 base_best=N base_cls_epoch=19 epoch_seconds=6.0 task_elapsed_minutes=3.4 gpu_alloc_gb=0.318 gpu_reserved_gb=1.744
CHECKPOINT_LATEST repeat=6 scope=internal_cv fold=3 phase=ssl epoch=50 path=/data/adodas/VarCoNet-V2-main/xiaolunwen/experiment1c/checkpoints/worker_r6_latest.pt
[SSL] repeat=6 scope=internal_cv fold=3 epoch=50/50 ssl_loss=0.052925 lr=0.000000000 base_val_bce=0.673937 base_best=N base_cls_epoch=19 epoch_seconds=6.1 task_elapsed_minutes=3.5 gpu_alloc_gb=0.317 gpu_reserved_gb=2.008
[CRSM_ZERO_BASELINE] repeat=6 scope=internal_cv fold=3 epoch=0 exact_zero=Y val_bce=0.651086 probability_max_abs=5.96e-08
CHECKPOINT_LATEST repeat=6 scope=internal_cv fold=3 phase=crsm_corrected epoch=0 path=/data/adodas/VarCoNet-V2-main/xiaolunwen/experiment1c/checkpoints/worker_r6_latest.pt
CHECKPOINT_BEST repeat=6 scope=internal_cv fold=3 phase=crsm_corrected epoch=0 path=/data/adodas/VarCoNet-V2-main/xiaolunwen/experiment1c/checkpoints/worker_r6_best.pt
CHECKPOINT_BEST repeat=6 scope=internal_cv fold=3 phase=crsm_corrected epoch=0 path=/data/adodas/VarCoNet-V2-main/xiaolunwen/experiment1c/checkpoints/worker_r6_best.pt
CHECKPOINT_LATEST repeat=6 scope=internal_cv fold=3 phase=crsm_corrected epoch=0 path=/data/adodas/VarCoNet-V2-main/xiaolunwen/experiment1c/checkpoints/worker_r6_latest.pt
[CRSM_SYMMETRY_START] repeat=6 scope=internal_cv fold=3 after_exact_zero=Y pca_unit_norm=1.00000000 pca_singular=149.530640 symmetry_scale=0.00129564817
CHECKPOINT_LATEST repeat=6 scope=internal_cv fold=3 phase=crsm_corrected epoch=10 path=/data/adodas/VarCoNet-V2-main/xiaolunwen/experiment1c/checkpoints/worker_r6_latest.pt
[CRSM_CORRECTED] repeat=6 scope=internal_cv fold=3 epoch=10/149 train_loss=0.342671 val_bce=0.659787 best=N best_epoch=0 asd_mass=(0.5026,0.4974) hc_mass=(0.5000,0.5000) delta_l2=(0.131473,0.131111) epoch_seconds=0.54
CHECKPOINT_LATEST repeat=6 scope=internal_cv fold=3 phase=crsm_corrected epoch=20 path=/data/adodas/VarCoNet-V2-main/xiaolunwen/experiment1c/checkpoints/worker_r6_latest.pt
[CRSM_CORRECTED] repeat=6 scope=internal_cv fold=3 epoch=20/149 train_loss=0.298254 val_bce=0.676869 best=N best_epoch=0 asd_mass=(0.5042,0.4958) hc_mass=(0.5000,0.5000) delta_l2=(0.251548,0.251150) epoch_seconds=0.84
CHECKPOINT_LATEST repeat=6 scope=internal_cv fold=3 phase=crsm_corrected epoch=30 path=/data/adodas/VarCoNet-V2-main/xiaolunwen/experiment1c/checkpoints/worker_r6_latest.pt
[CRSM_CORRECTED] repeat=6 scope=internal_cv fold=3 epoch=30/149 train_loss=0.267157 val_bce=0.697379 best=N best_epoch=0 asd_mass=(0.5068,0.4932) hc_mass=(0.5000,0.5000) delta_l2=(0.359077,0.358633) epoch_seconds=0.84
CHECKPOINT_LATEST repeat=6 scope=internal_cv fold=3 phase=crsm_corrected epoch=40 path=/data/adodas/VarCoNet-V2-main/xiaolunwen/experiment1c/checkpoints/worker_r6_latest.pt
[CRSM_CORRECTED] repeat=6 scope=internal_cv fold=3 epoch=40/149 train_loss=0.245091 val_bce=0.719554 best=N best_epoch=0 asd_mass=(0.5107,0.4893) hc_mass=(0.5000,0.5000) delta_l2=(0.454572,0.454094) epoch_seconds=0.63
CHECKPOINT_LATEST repeat=6 scope=internal_cv fold=3 phase=crsm_corrected epoch=50 path=/data/adodas/VarCoNet-V2-main/xiaolunwen/experiment1c/checkpoints/worker_r6_latest.pt
[CRSM_CORRECTED] repeat=6 scope=internal_cv fold=3 epoch=50/149 train_loss=0.229135 val_bce=0.742360 best=N best_epoch=0 asd_mass=(0.5165,0.4835) hc_mass=(0.5000,0.5000) delta_l2=(0.539471,0.538889) epoch_seconds=0.63
CHECKPOINT_LATEST repeat=6 scope=internal_cv fold=3 phase=crsm_corrected epoch=60 path=/data/adodas/VarCoNet-V2-main/xiaolunwen/experiment1c/checkpoints/worker_r6_latest.pt
[CRSM_CORRECTED] repeat=6 scope=internal_cv fold=3 epoch=60/149 train_loss=0.217315 val_bce=0.765092 best=N best_epoch=0 asd_mass=(0.5239,0.4761) hc_mass=(0.5000,0.5000) delta_l2=(0.615349,0.614508) epoch_seconds=0.66
CHECKPOINT_LATEST repeat=6 scope=internal_cv fold=3 phase=crsm_corrected epoch=70 path=/data/adodas/VarCoNet-V2-main/xiaolunwen/experiment1c/checkpoints/worker_r6_latest.pt
[CRSM_CORRECTED] repeat=6 scope=internal_cv fold=3 epoch=70/149 train_loss=0.208309 val_bce=0.787364 best=N best_epoch=0 asd_mass=(0.5323,0.4677) hc_mass=(0.5000,0.5000) delta_l2=(0.683634,0.682415) epoch_seconds=0.31
CHECKPOINT_LATEST repeat=6 scope=internal_cv fold=3 phase=crsm_corrected epoch=80 path=/data/adodas/VarCoNet-V2-main/xiaolunwen/experiment1c/checkpoints/worker_r6_latest.pt
[CRSM_CORRECTED] repeat=6 scope=internal_cv fold=3 epoch=80/149 train_loss=0.201244 val_bce=0.809120 best=N best_epoch=0 asd_mass=(0.5406,0.4594) hc_mass=(0.5000,0.5000) delta_l2=(0.745542,0.743975) epoch_seconds=0.38
CHECKPOINT_LATEST repeat=6 scope=internal_cv fold=3 phase=crsm_corrected epoch=90 path=/data/adodas/VarCoNet-V2-main/xiaolunwen/experiment1c/checkpoints/worker_r6_latest.pt
[CRSM_CORRECTED] repeat=6 scope=internal_cv fold=3 epoch=90/149 train_loss=0.195571 val_bce=0.830494 best=N best_epoch=0 asd_mass=(0.5477,0.4523) hc_mass=(0.5000,0.5000) delta_l2=(0.802049,0.800352) epoch_seconds=0.50
CHECKPOINT_LATEST repeat=6 scope=internal_cv fold=3 phase=crsm_corrected epoch=100 path=/data/adodas/VarCoNet-V2-main/xiaolunwen/experiment1c/checkpoints/worker_r6_latest.pt
[CRSM_CORRECTED] repeat=6 scope=internal_cv fold=3 epoch=100/149 train_loss=0.190955 val_bce=0.851402 best=N best_epoch=0 asd_mass=(0.5535,0.4465) hc_mass=(0.5000,0.5000) delta_l2=(0.853891,0.852422) epoch_seconds=0.40
CHECKPOINT_LATEST repeat=6 scope=internal_cv fold=3 phase=crsm_corrected epoch=110 path=/data/adodas/VarCoNet-V2-main/xiaolunwen/experiment1c/checkpoints/worker_r6_latest.pt
[CRSM_CORRECTED] repeat=6 scope=internal_cv fold=3 epoch=110/149 train_loss=0.187178 val_bce=0.871640 best=N best_epoch=0 asd_mass=(0.5579,0.4421) hc_mass=(0.5000,0.5000) delta_l2=(0.901617,0.900763) epoch_seconds=0.70
CHECKPOINT_LATEST repeat=6 scope=internal_cv fold=3 phase=crsm_corrected epoch=120 path=/data/adodas/VarCoNet-V2-main/xiaolunwen/experiment1c/checkpoints/worker_r6_latest.pt
[CRSM_CORRECTED] repeat=6 scope=internal_cv fold=3 epoch=120/149 train_loss=0.184078 val_bce=0.891102 best=N best_epoch=0 asd_mass=(0.5614,0.4386) hc_mass=(0.5000,0.5000) delta_l2=(0.945650,0.945749) epoch_seconds=0.51
CHECKPOINT_LATEST repeat=6 scope=internal_cv fold=3 phase=crsm_corrected epoch=130 path=/data/adodas/VarCoNet-V2-main/xiaolunwen/experiment1c/checkpoints/worker_r6_latest.pt
[CRSM_CORRECTED] repeat=6 scope=internal_cv fold=3 epoch=130/149 train_loss=0.181524 val_bce=0.909740 best=N best_epoch=0 asd_mass=(0.5641,0.4359) hc_mass=(0.5000,0.5000) delta_l2=(0.986350,0.987652) epoch_seconds=0.55
CHECKPOINT_LATEST repeat=6 scope=internal_cv fold=3 phase=crsm_corrected epoch=140 path=/data/adodas/VarCoNet-V2-main/xiaolunwen/experiment1c/checkpoints/worker_r6_latest.pt
[CRSM_CORRECTED] repeat=6 scope=internal_cv fold=3 epoch=140/149 train_loss=0.179410 val_bce=0.927545 best=N best_epoch=0 asd_mass=(0.5661,0.4339) hc_mass=(0.5000,0.5000) delta_l2=(1.024045,1.026713) epoch_seconds=0.52
CHECKPOINT_LATEST repeat=6 scope=internal_cv fold=3 phase=crsm_corrected epoch=149 path=/data/adodas/VarCoNet-V2-main/xiaolunwen/experiment1c/checkpoints/worker_r6_latest.pt
[CRSM_CORRECTED] repeat=6 scope=internal_cv fold=3 epoch=149/149 train_loss=0.177810 val_bce=0.942873 best=N best_epoch=0 asd_mass=(0.5676,0.4324) hc_mass=(0.5000,0.5000) delta_l2=(1.055651,1.059631) epoch_seconds=0.57
[SNDE_NORMATIVE] repeat=6 scope=internal_cv fold=3 n_unique_asd=357 n_unique_hc=317 roi_dim=384 std_floor=0.0012587649 pc1_explained_fraction=0.190063 hc_score_mean_before_norm=1.20337e-07 hc_score_std_before_norm=6.96031 asd_positive_fraction=0.0028 asd_negative_fraction=0.1653 asd_generalist_fraction=0.8319 hc_positive_fraction=0.0032 hc_negative_fraction=0.0852 hc_generalist_fraction=0.9117
[SNDE_ZERO_BASELINE] repeat=6 scope=internal_cv fold=3 epoch=0 exact_zero=Y val_bce=0.651086 probability_max_abs=5.96e-08
CHECKPOINT_BEST repeat=6 scope=internal_cv fold=3 phase=snde epoch=0 path=/data/adodas/VarCoNet-V2-main/xiaolunwen/experiment1c/checkpoints/worker_r6_best.pt
CHECKPOINT_LATEST repeat=6 scope=internal_cv fold=3 phase=snde epoch=0 path=/data/adodas/VarCoNet-V2-main/xiaolunwen/experiment1c/checkpoints/worker_r6_latest.pt
CHECKPOINT_LATEST repeat=6 scope=internal_cv fold=3 phase=snde epoch=10 path=/data/adodas/VarCoNet-V2-main/xiaolunwen/experiment1c/checkpoints/worker_r6_latest.pt
[SNDE] repeat=6 scope=internal_cv fold=3 epoch=10/149 train_bce=0.385387 val_bce=0.655009 best=N best_epoch=0 asd_gate=(+0.003,-0.165,g0.832) hc_gate=(+0.003,-0.085,g0.912) pos_weight_l2=0.194401 neg_weight_l2=0.090066 mean_abs_pos_correction=0.000330 mean_abs_neg_correction=0.147347 elapsed_seconds=0.94
CHECKPOINT_LATEST repeat=6 scope=internal_cv fold=3 phase=snde epoch=20 path=/data/adodas/VarCoNet-V2-main/xiaolunwen/experiment1c/checkpoints/worker_r6_latest.pt
[SNDE] repeat=6 scope=internal_cv fold=3 epoch=20/149 train_bce=0.380645 val_bce=0.654119 best=N best_epoch=0 asd_gate=(+0.003,-0.165,g0.832) hc_gate=(+0.003,-0.085,g0.912) pos_weight_l2=0.384045 neg_weight_l2=0.146905 mean_abs_pos_correction=0.000666 mean_abs_neg_correction=0.202653 elapsed_seconds=0.44
CHECKPOINT_LATEST repeat=6 scope=internal_cv fold=3 phase=snde epoch=30 path=/data/adodas/VarCoNet-V2-main/xiaolunwen/experiment1c/checkpoints/worker_r6_latest.pt
[SNDE] repeat=6 scope=internal_cv fold=3 epoch=30/149 train_bce=0.377774 val_bce=0.656022 best=N best_epoch=0 asd_gate=(+0.003,-0.165,g0.832) hc_gate=(+0.003,-0.085,g0.912) pos_weight_l2=0.566909 neg_weight_l2=0.192648 mean_abs_pos_correction=0.001003 mean_abs_neg_correction=0.243200 elapsed_seconds=0.44
CHECKPOINT_LATEST repeat=6 scope=internal_cv fold=3 phase=snde epoch=40 path=/data/adodas/VarCoNet-V2-main/xiaolunwen/experiment1c/checkpoints/worker_r6_latest.pt
[SNDE] repeat=6 scope=internal_cv fold=3 epoch=40/149 train_bce=0.375735 val_bce=0.659230 best=N best_epoch=0 asd_gate=(+0.003,-0.165,g0.832) hc_gate=(+0.003,-0.085,g0.912) pos_weight_l2=0.742637 neg_weight_l2=0.232283 mean_abs_pos_correction=0.001335 mean_abs_neg_correction=0.264059 elapsed_seconds=0.96
CHECKPOINT_LATEST repeat=6 scope=internal_cv fold=3 phase=snde epoch=50 path=/data/adodas/VarCoNet-V2-main/xiaolunwen/experiment1c/checkpoints/worker_r6_latest.pt
[SNDE] repeat=6 scope=internal_cv fold=3 epoch=50/149 train_bce=0.374160 val_bce=0.664006 best=N best_epoch=0 asd_gate=(+0.003,-0.165,g0.832) hc_gate=(+0.003,-0.085,g0.912) pos_weight_l2=0.911093 neg_weight_l2=0.268492 mean_abs_pos_correction=0.001655 mean_abs_neg_correction=0.283062 elapsed_seconds=0.86
CHECKPOINT_LATEST repeat=6 scope=internal_cv fold=3 phase=snde epoch=60 path=/data/adodas/VarCoNet-V2-main/xiaolunwen/experiment1c/checkpoints/worker_r6_latest.pt
[SNDE] repeat=6 scope=internal_cv fold=3 epoch=60/149 train_bce=0.372871 val_bce=0.668914 best=N best_epoch=0 asd_gate=(+0.003,-0.165,g0.832) hc_gate=(+0.003,-0.085,g0.912) pos_weight_l2=1.072306 neg_weight_l2=0.302943 mean_abs_pos_correction=0.001962 mean_abs_neg_correction=0.298421 elapsed_seconds=1.05
CHECKPOINT_LATEST repeat=6 scope=internal_cv fold=3 phase=snde epoch=70 path=/data/adodas/VarCoNet-V2-main/xiaolunwen/experiment1c/checkpoints/worker_r6_latest.pt
[SNDE] repeat=6 scope=internal_cv fold=3 epoch=70/149 train_bce=0.371782 val_bce=0.673794 best=N best_epoch=0 asd_gate=(+0.003,-0.165,g0.832) hc_gate=(+0.003,-0.085,g0.912) pos_weight_l2=1.226489 neg_weight_l2=0.336294 mean_abs_pos_correction=0.002255 mean_abs_neg_correction=0.311431 elapsed_seconds=1.05
CHECKPOINT_LATEST repeat=6 scope=internal_cv fold=3 phase=snde epoch=80 path=/data/adodas/VarCoNet-V2-main/xiaolunwen/experiment1c/checkpoints/worker_r6_latest.pt
[SNDE] repeat=6 scope=internal_cv fold=3 epoch=80/149 train_bce=0.370839 val_bce=0.679032 best=N best_epoch=0 asd_gate=(+0.003,-0.165,g0.832) hc_gate=(+0.003,-0.085,g0.912) pos_weight_l2=1.373970 neg_weight_l2=0.368833 mean_abs_pos_correction=0.002533 mean_abs_neg_correction=0.326078 elapsed_seconds=0.85
CHECKPOINT_LATEST repeat=6 scope=internal_cv fold=3 phase=snde epoch=90 path=/data/adodas/VarCoNet-V2-main/xiaolunwen/experiment1c/checkpoints/worker_r6_latest.pt
[SNDE] repeat=6 scope=internal_cv fold=3 epoch=90/149 train_bce=0.370010 val_bce=0.683879 best=N best_epoch=0 asd_gate=(+0.003,-0.165,g0.832) hc_gate=(+0.003,-0.085,g0.912) pos_weight_l2=1.515132 neg_weight_l2=0.400712 mean_abs_pos_correction=0.002799 mean_abs_neg_correction=0.339406 elapsed_seconds=0.49
CHECKPOINT_LATEST repeat=6 scope=internal_cv fold=3 phase=snde epoch=100 path=/data/adodas/VarCoNet-V2-main/xiaolunwen/experiment1c/checkpoints/worker_r6_latest.pt
[SNDE] repeat=6 scope=internal_cv fold=3 epoch=100/149 train_bce=0.369273 val_bce=0.688636 best=N best_epoch=0 asd_gate=(+0.003,-0.165,g0.832) hc_gate=(+0.003,-0.085,g0.912) pos_weight_l2=1.650364 neg_weight_l2=0.431945 mean_abs_pos_correction=0.003052 mean_abs_neg_correction=0.353294 elapsed_seconds=0.78
CHECKPOINT_LATEST repeat=6 scope=internal_cv fold=3 phase=snde epoch=110 path=/data/adodas/VarCoNet-V2-main/xiaolunwen/experiment1c/checkpoints/worker_r6_latest.pt
[SNDE] repeat=6 scope=internal_cv fold=3 epoch=110/149 train_bce=0.368614 val_bce=0.693190 best=N best_epoch=0 asd_gate=(+0.003,-0.165,g0.832) hc_gate=(+0.003,-0.085,g0.912) pos_weight_l2=1.780041 neg_weight_l2=0.462521 mean_abs_pos_correction=0.003294 mean_abs_neg_correction=0.366593 elapsed_seconds=1.35
CHECKPOINT_LATEST repeat=6 scope=internal_cv fold=3 phase=snde epoch=120 path=/data/adodas/VarCoNet-V2-main/xiaolunwen/experiment1c/checkpoints/worker_r6_latest.pt
[SNDE] repeat=6 scope=internal_cv fold=3 epoch=120/149 train_bce=0.368019 val_bce=0.697854 best=N best_epoch=0 asd_gate=(+0.003,-0.165,g0.832) hc_gate=(+0.003,-0.085,g0.912) pos_weight_l2=1.904517 neg_weight_l2=0.492438 mean_abs_pos_correction=0.003526 mean_abs_neg_correction=0.379605 elapsed_seconds=0.88
CHECKPOINT_LATEST repeat=6 scope=internal_cv fold=3 phase=snde epoch=130 path=/data/adodas/VarCoNet-V2-main/xiaolunwen/experiment1c/checkpoints/worker_r6_latest.pt
[SNDE] repeat=6 scope=internal_cv fold=3 epoch=130/149 train_bce=0.367478 val_bce=0.702503 best=N best_epoch=0 asd_gate=(+0.003,-0.165,g0.832) hc_gate=(+0.003,-0.085,g0.912) pos_weight_l2=2.024129 neg_weight_l2=0.521705 mean_abs_pos_correction=0.003749 mean_abs_neg_correction=0.392176 elapsed_seconds=0.79
CHECKPOINT_LATEST repeat=6 scope=internal_cv fold=3 phase=snde epoch=140 path=/data/adodas/VarCoNet-V2-main/xiaolunwen/experiment1c/checkpoints/worker_r6_latest.pt
[SNDE] repeat=6 scope=internal_cv fold=3 epoch=140/149 train_bce=0.366985 val_bce=0.707177 best=N best_epoch=0 asd_gate=(+0.003,-0.165,g0.832) hc_gate=(+0.003,-0.085,g0.912) pos_weight_l2=2.139187 neg_weight_l2=0.550348 mean_abs_pos_correction=0.003962 mean_abs_neg_correction=0.404684 elapsed_seconds=0.82
CHECKPOINT_LATEST repeat=6 scope=internal_cv fold=3 phase=snde epoch=149 path=/data/adodas/VarCoNet-V2-main/xiaolunwen/experiment1c/checkpoints/worker_r6_latest.pt
[SNDE] repeat=6 scope=internal_cv fold=3 epoch=149/149 train_bce=0.366575 val_bce=0.711337 best=N best_epoch=0 asd_gate=(+0.003,-0.165,g0.832) hc_gate=(+0.003,-0.085,g0.912) pos_weight_l2=2.239087 neg_weight_l2=0.575619 mean_abs_pos_correction=0.004147 mean_abs_neg_correction=0.415659 elapsed_seconds=1.84
TASK_TRAINING_DONE repeat=6 scope=internal_cv fold=3 base_encoder_epoch=36 base_classifier_epoch=17 base_val_bce=0.651086 crsm_epoch=0 crsm_val_bce=0.651086 snde_epoch=0 snde_val_bce=0.651086 elapsed_minutes=4.2
TASK_DONE repeat=6 scope=internal_fold fold=3 method=baseline selected_encoder_epoch=36 test_auc=0.687371 test_bce=0.629669 elapsed_minutes=4.2
TASK_DONE repeat=6 scope=internal_fold fold=3 method=crsm_corrected selected_encoder_epoch=36 test_auc=0.687371 test_bce=0.629669 elapsed_minutes=4.2
TASK_DONE repeat=6 scope=internal_fold fold=3 method=selective_normative_deviation_experts selected_encoder_epoch=36 test_auc=0.687371 test_bce=0.629669 elapsed_minutes=4.2
TASK_START repeat=6 scope=internal_cv fold=4 seed=100604 device=cuda:0 methods=baseline,crsm_corrected,selective_normative_deviation_experts shared_encoder=Y reference_unique_n=674 train_n=750 val_n=120
CHECKPOINT_BEST repeat=6 scope=internal_cv fold=4 phase=ssl epoch=1 path=/data/adodas/VarCoNet-V2-main/xiaolunwen/experiment1c/checkpoints/worker_r6_best.pt
[SSL] repeat=6 scope=internal_cv fold=4 epoch=1/50 ssl_loss=0.429150 lr=0.000024107 base_val_bce=0.662772 base_best=Y base_cls_epoch=26 epoch_seconds=4.2 task_elapsed_minutes=0.1 gpu_alloc_gb=0.318 gpu_reserved_gb=1.744
CHECKPOINT_BEST repeat=6 scope=internal_cv fold=4 phase=ssl epoch=2 path=/data/adodas/VarCoNet-V2-main/xiaolunwen/experiment1c/checkpoints/worker_r6_best.pt
[SSL] repeat=6 scope=internal_cv fold=4 epoch=2/50 ssl_loss=0.242953 lr=0.000038214 base_val_bce=0.650199 base_best=Y base_cls_epoch=20 epoch_seconds=5.0 task_elapsed_minutes=0.2 gpu_alloc_gb=0.317 gpu_reserved_gb=2.008
[SSL] repeat=6 scope=internal_cv fold=4 epoch=3/50 ssl_loss=0.170648 lr=0.000052321 base_val_bce=0.653998 base_best=N base_cls_epoch=16 epoch_seconds=5.4 task_elapsed_minutes=0.3 gpu_alloc_gb=0.318 gpu_reserved_gb=1.744
[SSL] repeat=6 scope=internal_cv fold=4 epoch=4/50 ssl_loss=0.103901 lr=0.000066427 base_val_bce=0.655826 base_best=N base_cls_epoch=15 epoch_seconds=6.4 task_elapsed_minutes=0.4 gpu_alloc_gb=0.317 gpu_reserved_gb=2.008
[SSL] repeat=6 scope=internal_cv fold=4 epoch=5/50 ssl_loss=0.103076 lr=0.000080534 base_val_bce=0.672657 base_best=N base_cls_epoch=11 epoch_seconds=3.3 task_elapsed_minutes=0.4 gpu_alloc_gb=0.318 gpu_reserved_gb=1.744
CHECKPOINT_BEST repeat=6 scope=internal_cv fold=4 phase=ssl epoch=6 path=/data/adodas/VarCoNet-V2-main/xiaolunwen/experiment1c/checkpoints/worker_r6_best.pt
[SSL] repeat=6 scope=internal_cv fold=4 epoch=6/50 ssl_loss=0.094326 lr=0.000094641 base_val_bce=0.644138 base_best=Y base_cls_epoch=14 epoch_seconds=4.5 task_elapsed_minutes=0.5 gpu_alloc_gb=0.317 gpu_reserved_gb=2.008
[SSL] repeat=6 scope=internal_cv fold=4 epoch=7/50 ssl_loss=0.112040 lr=0.000108748 base_val_bce=0.667112 base_best=N base_cls_epoch=13 epoch_seconds=3.7 task_elapsed_minutes=0.6 gpu_alloc_gb=0.318 gpu_reserved_gb=1.744
[SSL] repeat=6 scope=internal_cv fold=4 epoch=8/50 ssl_loss=0.087417 lr=0.000122855 base_val_bce=0.663534 base_best=N base_cls_epoch=11 epoch_seconds=3.5 task_elapsed_minutes=0.6 gpu_alloc_gb=0.317 gpu_reserved_gb=2.008
[SSL] repeat=6 scope=internal_cv fold=4 epoch=9/50 ssl_loss=0.108911 lr=0.000136962 base_val_bce=0.675102 base_best=N base_cls_epoch=14 epoch_seconds=3.8 task_elapsed_minutes=0.7 gpu_alloc_gb=0.318 gpu_reserved_gb=1.744
CHECKPOINT_LATEST repeat=6 scope=internal_cv fold=4 phase=ssl epoch=10 path=/data/adodas/VarCoNet-V2-main/xiaolunwen/experiment1c/checkpoints/worker_r6_latest.pt
[SSL] repeat=6 scope=internal_cv fold=4 epoch=10/50 ssl_loss=0.075812 lr=0.000136962 base_val_bce=0.659329 base_best=N base_cls_epoch=14 epoch_seconds=4.0 task_elapsed_minutes=0.8 gpu_alloc_gb=0.317 gpu_reserved_gb=2.008
[SSL] repeat=6 scope=internal_cv fold=4 epoch=11/50 ssl_loss=0.080486 lr=0.000136751 base_val_bce=0.652844 base_best=N base_cls_epoch=14 epoch_seconds=3.7 task_elapsed_minutes=0.8 gpu_alloc_gb=0.318 gpu_reserved_gb=1.744
[SSL] repeat=6 scope=internal_cv fold=4 epoch=12/50 ssl_loss=0.087037 lr=0.000136119 base_val_bce=0.648974 base_best=N base_cls_epoch=14 epoch_seconds=3.0 task_elapsed_minutes=0.9 gpu_alloc_gb=0.317 gpu_reserved_gb=2.008
[SSL] repeat=6 scope=internal_cv fold=4 epoch=13/50 ssl_loss=0.067004 lr=0.000135070 base_val_bce=0.660520 base_best=N base_cls_epoch=16 epoch_seconds=3.2 task_elapsed_minutes=0.9 gpu_alloc_gb=0.318 gpu_reserved_gb=1.744
[SSL] repeat=6 scope=internal_cv fold=4 epoch=14/50 ssl_loss=0.068175 lr=0.000133610 base_val_bce=0.658032 base_best=N base_cls_epoch=15 epoch_seconds=3.3 task_elapsed_minutes=1.0 gpu_alloc_gb=0.317 gpu_reserved_gb=2.008
[SSL] repeat=6 scope=internal_cv fold=4 epoch=15/50 ssl_loss=0.080354 lr=0.000131749 base_val_bce=0.664457 base_best=N base_cls_epoch=13 epoch_seconds=3.5 task_elapsed_minutes=1.0 gpu_alloc_gb=0.318 gpu_reserved_gb=1.744
[SSL] repeat=6 scope=internal_cv fold=4 epoch=16/50 ssl_loss=0.081796 lr=0.000129498 base_val_bce=0.648293 base_best=N base_cls_epoch=15 epoch_seconds=3.6 task_elapsed_minutes=1.1 gpu_alloc_gb=0.317 gpu_reserved_gb=2.008
[SSL] repeat=6 scope=internal_cv fold=4 epoch=17/50 ssl_loss=0.058537 lr=0.000126870 base_val_bce=0.651077 base_best=N base_cls_epoch=14 epoch_seconds=2.8 task_elapsed_minutes=1.2 gpu_alloc_gb=0.318 gpu_reserved_gb=1.744
[SSL] repeat=6 scope=internal_cv fold=4 epoch=18/50 ssl_loss=0.062653 lr=0.000123883 base_val_bce=0.660092 base_best=N base_cls_epoch=14 epoch_seconds=3.8 task_elapsed_minutes=1.2 gpu_alloc_gb=0.317 gpu_reserved_gb=2.008
[SSL] repeat=6 scope=internal_cv fold=4 epoch=19/50 ssl_loss=0.064724 lr=0.000120554 base_val_bce=0.658549 base_best=N base_cls_epoch=17 epoch_seconds=3.1 task_elapsed_minutes=1.3 gpu_alloc_gb=0.318 gpu_reserved_gb=1.744
CHECKPOINT_LATEST repeat=6 scope=internal_cv fold=4 phase=ssl epoch=20 path=/data/adodas/VarCoNet-V2-main/xiaolunwen/experiment1c/checkpoints/worker_r6_latest.pt
[SSL] repeat=6 scope=internal_cv fold=4 epoch=20/50 ssl_loss=0.060967 lr=0.000116904 base_val_bce=0.657215 base_best=N base_cls_epoch=15 epoch_seconds=3.9 task_elapsed_minutes=1.3 gpu_alloc_gb=0.317 gpu_reserved_gb=2.008
[SSL] repeat=6 scope=internal_cv fold=4 epoch=21/50 ssl_loss=0.059991 lr=0.000112956 base_val_bce=0.661998 base_best=N base_cls_epoch=14 epoch_seconds=5.8 task_elapsed_minutes=1.4 gpu_alloc_gb=0.318 gpu_reserved_gb=1.744
[SSL] repeat=6 scope=internal_cv fold=4 epoch=22/50 ssl_loss=0.066411 lr=0.000108733 base_val_bce=0.655119 base_best=N base_cls_epoch=14 epoch_seconds=5.6 task_elapsed_minutes=1.5 gpu_alloc_gb=0.317 gpu_reserved_gb=2.008
[SSL] repeat=6 scope=internal_cv fold=4 epoch=23/50 ssl_loss=0.073442 lr=0.000104262 base_val_bce=0.656246 base_best=N base_cls_epoch=15 epoch_seconds=4.1 task_elapsed_minutes=1.6 gpu_alloc_gb=0.318 gpu_reserved_gb=1.744
[SSL] repeat=6 scope=internal_cv fold=4 epoch=24/50 ssl_loss=0.069527 lr=0.000099570 base_val_bce=0.653491 base_best=N base_cls_epoch=18 epoch_seconds=3.8 task_elapsed_minutes=1.7 gpu_alloc_gb=0.317 gpu_reserved_gb=2.008
[SSL] repeat=6 scope=internal_cv fold=4 epoch=25/50 ssl_loss=0.053263 lr=0.000094687 base_val_bce=0.665292 base_best=N base_cls_epoch=15 epoch_seconds=3.9 task_elapsed_minutes=1.7 gpu_alloc_gb=0.318 gpu_reserved_gb=1.744
[SSL] repeat=6 scope=internal_cv fold=4 epoch=26/50 ssl_loss=0.059179 lr=0.000089643 base_val_bce=0.656983 base_best=N base_cls_epoch=15 epoch_seconds=3.8 task_elapsed_minutes=1.8 gpu_alloc_gb=0.317 gpu_reserved_gb=2.008
[SSL] repeat=6 scope=internal_cv fold=4 epoch=27/50 ssl_loss=0.060860 lr=0.000084467 base_val_bce=0.658832 base_best=N base_cls_epoch=15 epoch_seconds=3.7 task_elapsed_minutes=1.8 gpu_alloc_gb=0.318 gpu_reserved_gb=1.744
[SSL] repeat=6 scope=internal_cv fold=4 epoch=28/50 ssl_loss=0.066715 lr=0.000079194 base_val_bce=0.652044 base_best=N base_cls_epoch=17 epoch_seconds=3.8 task_elapsed_minutes=1.9 gpu_alloc_gb=0.317 gpu_reserved_gb=2.008
[SSL] repeat=6 scope=internal_cv fold=4 epoch=29/50 ssl_loss=0.057009 lr=0.000073854 base_val_bce=0.652843 base_best=N base_cls_epoch=14 epoch_seconds=3.8 task_elapsed_minutes=2.0 gpu_alloc_gb=0.318 gpu_reserved_gb=1.744
CHECKPOINT_LATEST repeat=6 scope=internal_cv fold=4 phase=ssl epoch=30 path=/data/adodas/VarCoNet-V2-main/xiaolunwen/experiment1c/checkpoints/worker_r6_latest.pt
[SSL] repeat=6 scope=internal_cv fold=4 epoch=30/50 ssl_loss=0.059504 lr=0.000068481 base_val_bce=0.647394 base_best=N base_cls_epoch=14 epoch_seconds=4.1 task_elapsed_minutes=2.0 gpu_alloc_gb=0.317 gpu_reserved_gb=2.008
[SSL] repeat=6 scope=internal_cv fold=4 epoch=31/50 ssl_loss=0.043020 lr=0.000063108 base_val_bce=0.650992 base_best=N base_cls_epoch=14 epoch_seconds=3.9 task_elapsed_minutes=2.1 gpu_alloc_gb=0.318 gpu_reserved_gb=1.744
[SSL] repeat=6 scope=internal_cv fold=4 epoch=32/50 ssl_loss=0.062053 lr=0.000057768 base_val_bce=0.660854 base_best=N base_cls_epoch=16 epoch_seconds=3.9 task_elapsed_minutes=2.2 gpu_alloc_gb=0.317 gpu_reserved_gb=2.008
[SSL] repeat=6 scope=internal_cv fold=4 epoch=33/50 ssl_loss=0.064451 lr=0.000052494 base_val_bce=0.660718 base_best=N base_cls_epoch=13 epoch_seconds=3.5 task_elapsed_minutes=2.2 gpu_alloc_gb=0.318 gpu_reserved_gb=1.744
[SSL] repeat=6 scope=internal_cv fold=4 epoch=34/50 ssl_loss=0.057902 lr=0.000047319 base_val_bce=0.666368 base_best=N base_cls_epoch=14 epoch_seconds=3.9 task_elapsed_minutes=2.3 gpu_alloc_gb=0.317 gpu_reserved_gb=2.008
[SSL] repeat=6 scope=internal_cv fold=4 epoch=35/50 ssl_loss=0.045947 lr=0.000042274 base_val_bce=0.663027 base_best=N base_cls_epoch=14 epoch_seconds=3.4 task_elapsed_minutes=2.4 gpu_alloc_gb=0.318 gpu_reserved_gb=1.744
[SSL] repeat=6 scope=internal_cv fold=4 epoch=36/50 ssl_loss=0.070852 lr=0.000037391 base_val_bce=0.676170 base_best=N base_cls_epoch=14 epoch_seconds=3.3 task_elapsed_minutes=2.4 gpu_alloc_gb=0.317 gpu_reserved_gb=2.008
[SSL] repeat=6 scope=internal_cv fold=4 epoch=37/50 ssl_loss=0.049773 lr=0.000032700 base_val_bce=0.653434 base_best=N base_cls_epoch=15 epoch_seconds=3.9 task_elapsed_minutes=2.5 gpu_alloc_gb=0.318 gpu_reserved_gb=1.744
[SSL] repeat=6 scope=internal_cv fold=4 epoch=38/50 ssl_loss=0.058344 lr=0.000028229 base_val_bce=0.666224 base_best=N base_cls_epoch=17 epoch_seconds=3.6 task_elapsed_minutes=2.6 gpu_alloc_gb=0.317 gpu_reserved_gb=2.008
[SSL] repeat=6 scope=internal_cv fold=4 epoch=39/50 ssl_loss=0.053221 lr=0.000024006 base_val_bce=0.656453 base_best=N base_cls_epoch=14 epoch_seconds=3.7 task_elapsed_minutes=2.6 gpu_alloc_gb=0.318 gpu_reserved_gb=1.744
CHECKPOINT_LATEST repeat=6 scope=internal_cv fold=4 phase=ssl epoch=40 path=/data/adodas/VarCoNet-V2-main/xiaolunwen/experiment1c/checkpoints/worker_r6_latest.pt
[SSL] repeat=6 scope=internal_cv fold=4 epoch=40/50 ssl_loss=0.051348 lr=0.000020058 base_val_bce=0.653440 base_best=N base_cls_epoch=15 epoch_seconds=4.1 task_elapsed_minutes=2.7 gpu_alloc_gb=0.317 gpu_reserved_gb=2.008
[SSL] repeat=6 scope=internal_cv fold=4 epoch=41/50 ssl_loss=0.047669 lr=0.000016408 base_val_bce=0.651759 base_best=N base_cls_epoch=17 epoch_seconds=3.8 task_elapsed_minutes=2.7 gpu_alloc_gb=0.318 gpu_reserved_gb=1.744
[SSL] repeat=6 scope=internal_cv fold=4 epoch=42/50 ssl_loss=0.066677 lr=0.000013079 base_val_bce=0.651164 base_best=N base_cls_epoch=19 epoch_seconds=3.7 task_elapsed_minutes=2.8 gpu_alloc_gb=0.317 gpu_reserved_gb=2.008
[SSL] repeat=6 scope=internal_cv fold=4 epoch=43/50 ssl_loss=0.060363 lr=0.000010091 base_val_bce=0.659571 base_best=N base_cls_epoch=17 epoch_seconds=3.9 task_elapsed_minutes=2.9 gpu_alloc_gb=0.318 gpu_reserved_gb=1.744
[SSL] repeat=6 scope=internal_cv fold=4 epoch=44/50 ssl_loss=0.048889 lr=0.000007464 base_val_bce=0.654213 base_best=N base_cls_epoch=17 epoch_seconds=3.7 task_elapsed_minutes=2.9 gpu_alloc_gb=0.317 gpu_reserved_gb=2.008
[SSL] repeat=6 scope=internal_cv fold=4 epoch=45/50 ssl_loss=0.067649 lr=0.000005213 base_val_bce=0.665495 base_best=N base_cls_epoch=15 epoch_seconds=3.7 task_elapsed_minutes=3.0 gpu_alloc_gb=0.318 gpu_reserved_gb=1.744
[SSL] repeat=6 scope=internal_cv fold=4 epoch=46/50 ssl_loss=0.063639 lr=0.000003352 base_val_bce=0.655355 base_best=N base_cls_epoch=14 epoch_seconds=3.7 task_elapsed_minutes=3.1 gpu_alloc_gb=0.317 gpu_reserved_gb=2.008
[SSL] repeat=6 scope=internal_cv fold=4 epoch=47/50 ssl_loss=0.051947 lr=0.000001892 base_val_bce=0.655187 base_best=N base_cls_epoch=15 epoch_seconds=3.6 task_elapsed_minutes=3.1 gpu_alloc_gb=0.318 gpu_reserved_gb=1.744
[SSL] repeat=6 scope=internal_cv fold=4 epoch=48/50 ssl_loss=0.051066 lr=0.000000843 base_val_bce=0.670895 base_best=N base_cls_epoch=18 epoch_seconds=3.7 task_elapsed_minutes=3.2 gpu_alloc_gb=0.317 gpu_reserved_gb=2.008
[SSL] repeat=6 scope=internal_cv fold=4 epoch=49/50 ssl_loss=0.058597 lr=0.000000211 base_val_bce=0.649050 base_best=N base_cls_epoch=17 epoch_seconds=3.8 task_elapsed_minutes=3.2 gpu_alloc_gb=0.318 gpu_reserved_gb=1.744
CHECKPOINT_LATEST repeat=6 scope=internal_cv fold=4 phase=ssl epoch=50 path=/data/adodas/VarCoNet-V2-main/xiaolunwen/experiment1c/checkpoints/worker_r6_latest.pt
[SSL] repeat=6 scope=internal_cv fold=4 epoch=50/50 ssl_loss=0.048380 lr=0.000000000 base_val_bce=0.663346 base_best=N base_cls_epoch=15 epoch_seconds=4.1 task_elapsed_minutes=3.3 gpu_alloc_gb=0.317 gpu_reserved_gb=2.008
[CRSM_ZERO_BASELINE] repeat=6 scope=internal_cv fold=4 epoch=0 exact_zero=Y val_bce=0.644138 probability_max_abs=5.96e-08
CHECKPOINT_LATEST repeat=6 scope=internal_cv fold=4 phase=crsm_corrected epoch=0 path=/data/adodas/VarCoNet-V2-main/xiaolunwen/experiment1c/checkpoints/worker_r6_latest.pt
CHECKPOINT_BEST repeat=6 scope=internal_cv fold=4 phase=crsm_corrected epoch=0 path=/data/adodas/VarCoNet-V2-main/xiaolunwen/experiment1c/checkpoints/worker_r6_best.pt
CHECKPOINT_BEST repeat=6 scope=internal_cv fold=4 phase=crsm_corrected epoch=0 path=/data/adodas/VarCoNet-V2-main/xiaolunwen/experiment1c/checkpoints/worker_r6_best.pt
CHECKPOINT_LATEST repeat=6 scope=internal_cv fold=4 phase=crsm_corrected epoch=0 path=/data/adodas/VarCoNet-V2-main/xiaolunwen/experiment1c/checkpoints/worker_r6_latest.pt
[CRSM_SYMMETRY_START] repeat=6 scope=internal_cv fold=4 after_exact_zero=Y pca_unit_norm=1.00000000 pca_singular=156.913208 symmetry_scale=0.00119227904
CHECKPOINT_BEST repeat=6 scope=internal_cv fold=4 phase=crsm_corrected epoch=1 path=/data/adodas/VarCoNet-V2-main/xiaolunwen/experiment1c/checkpoints/worker_r6_best.pt
CHECKPOINT_LATEST repeat=6 scope=internal_cv fold=4 phase=crsm_corrected epoch=1 path=/data/adodas/VarCoNet-V2-main/xiaolunwen/experiment1c/checkpoints/worker_r6_latest.pt
[CRSM_CORRECTED] repeat=6 scope=internal_cv fold=4 epoch=1/149 train_loss=0.464257 val_bce=0.643949 best=Y best_epoch=1 asd_mass=(0.4972,0.5028) hc_mass=(0.5000,0.5000) delta_l2=(0.013331,0.013898) epoch_seconds=0.71
CHECKPOINT_LATEST repeat=6 scope=internal_cv fold=4 phase=crsm_corrected epoch=10 path=/data/adodas/VarCoNet-V2-main/xiaolunwen/experiment1c/checkpoints/worker_r6_latest.pt
[CRSM_CORRECTED] repeat=6 scope=internal_cv fold=4 epoch=10/149 train_loss=0.396257 val_bce=0.653233 best=N best_epoch=1 asd_mass=(0.4957,0.5043) hc_mass=(0.5000,0.5000) delta_l2=(0.129554,0.130088) epoch_seconds=0.26
CHECKPOINT_LATEST repeat=6 scope=internal_cv fold=4 phase=crsm_corrected epoch=20 path=/data/adodas/VarCoNet-V2-main/xiaolunwen/experiment1c/checkpoints/worker_r6_latest.pt
[CRSM_CORRECTED] repeat=6 scope=internal_cv fold=4 epoch=20/149 train_loss=0.343795 val_bce=0.675666 best=N best_epoch=1 asd_mass=(0.4927,0.5073) hc_mass=(0.5000,0.5000) delta_l2=(0.247026,0.247593) epoch_seconds=0.24
CHECKPOINT_LATEST repeat=6 scope=internal_cv fold=4 phase=crsm_corrected epoch=30 path=/data/adodas/VarCoNet-V2-main/xiaolunwen/experiment1c/checkpoints/worker_r6_latest.pt
[CRSM_CORRECTED] repeat=6 scope=internal_cv fold=4 epoch=30/149 train_loss=0.307648 val_bce=0.701379 best=N best_epoch=1 asd_mass=(0.4877,0.5123) hc_mass=(0.5000,0.5000) delta_l2=(0.351409,0.352195) epoch_seconds=0.30
CHECKPOINT_LATEST repeat=6 scope=internal_cv fold=4 phase=crsm_corrected epoch=40 path=/data/adodas/VarCoNet-V2-main/xiaolunwen/experiment1c/checkpoints/worker_r6_latest.pt
[CRSM_CORRECTED] repeat=6 scope=internal_cv fold=4 epoch=40/149 train_loss=0.282157 val_bce=0.727707 best=N best_epoch=1 asd_mass=(0.4798,0.5202) hc_mass=(0.5000,0.5000) delta_l2=(0.443464,0.444844) epoch_seconds=0.26
CHECKPOINT_LATEST repeat=6 scope=internal_cv fold=4 phase=crsm_corrected epoch=50 path=/data/adodas/VarCoNet-V2-main/xiaolunwen/experiment1c/checkpoints/worker_r6_latest.pt
[CRSM_CORRECTED] repeat=6 scope=internal_cv fold=4 epoch=50/149 train_loss=0.263615 val_bce=0.753937 best=N best_epoch=1 asd_mass=(0.4680,0.5320) hc_mass=(0.5000,0.5000) delta_l2=(0.524819,0.527410) epoch_seconds=0.24
CHECKPOINT_LATEST repeat=6 scope=internal_cv fold=4 phase=crsm_corrected epoch=60 path=/data/adodas/VarCoNet-V2-main/xiaolunwen/experiment1c/checkpoints/worker_r6_latest.pt
[CRSM_CORRECTED] repeat=6 scope=internal_cv fold=4 epoch=60/149 train_loss=0.249644 val_bce=0.780101 best=N best_epoch=1 asd_mass=(0.4529,0.5471) hc_mass=(0.5000,0.5000) delta_l2=(0.597108,0.601850) epoch_seconds=0.26
CHECKPOINT_LATEST repeat=6 scope=internal_cv fold=4 phase=crsm_corrected epoch=70 path=/data/adodas/VarCoNet-V2-main/xiaolunwen/experiment1c/checkpoints/worker_r6_latest.pt
[CRSM_CORRECTED] repeat=6 scope=internal_cv fold=4 epoch=70/149 train_loss=0.238778 val_bce=0.806447 best=N best_epoch=1 asd_mass=(0.4375,0.5625) hc_mass=(0.5000,0.5000) delta_l2=(0.661709,0.669739) epoch_seconds=0.42
CHECKPOINT_LATEST repeat=6 scope=internal_cv fold=4 phase=crsm_corrected epoch=80 path=/data/adodas/VarCoNet-V2-main/xiaolunwen/experiment1c/checkpoints/worker_r6_latest.pt
[CRSM_CORRECTED] repeat=6 scope=internal_cv fold=4 epoch=80/149 train_loss=0.230169 val_bce=0.832755 best=N best_epoch=1 asd_mass=(0.4245,0.5755) hc_mass=(0.5000,0.5000) delta_l2=(0.719796,0.732107) epoch_seconds=0.24
CHECKPOINT_LATEST repeat=6 scope=internal_cv fold=4 phase=crsm_corrected epoch=90 path=/data/adodas/VarCoNet-V2-main/xiaolunwen/experiment1c/checkpoints/worker_r6_latest.pt
[CRSM_CORRECTED] repeat=6 scope=internal_cv fold=4 epoch=90/149 train_loss=0.223305 val_bce=0.858522 best=N best_epoch=1 asd_mass=(0.4145,0.5855) hc_mass=(0.5000,0.5000) delta_l2=(0.772410,0.789508) epoch_seconds=0.26
CHECKPOINT_LATEST repeat=6 scope=internal_cv fold=4 phase=crsm_corrected epoch=100 path=/data/adodas/VarCoNet-V2-main/xiaolunwen/experiment1c/checkpoints/worker_r6_latest.pt
[CRSM_CORRECTED] repeat=6 scope=internal_cv fold=4 epoch=100/149 train_loss=0.217828 val_bce=0.883479 best=N best_epoch=1 asd_mass=(0.4069,0.5931) hc_mass=(0.5000,0.5000) delta_l2=(0.820381,0.842288) epoch_seconds=0.45
CHECKPOINT_LATEST repeat=6 scope=internal_cv fold=4 phase=crsm_corrected epoch=110 path=/data/adodas/VarCoNet-V2-main/xiaolunwen/experiment1c/checkpoints/worker_r6_latest.pt
[CRSM_CORRECTED] repeat=6 scope=internal_cv fold=4 epoch=110/149 train_loss=0.213452 val_bce=0.907428 best=N best_epoch=1 asd_mass=(0.4011,0.5989) hc_mass=(0.5000,0.5000) delta_l2=(0.864326,0.890750) epoch_seconds=0.23
CHECKPOINT_LATEST repeat=6 scope=internal_cv fold=4 phase=crsm_corrected epoch=120 path=/data/adodas/VarCoNet-V2-main/xiaolunwen/experiment1c/checkpoints/worker_r6_latest.pt
[CRSM_CORRECTED] repeat=6 scope=internal_cv fold=4 epoch=120/149 train_loss=0.209940 val_bce=0.930274 best=N best_epoch=1 asd_mass=(0.3968,0.6032) hc_mass=(0.5000,0.5000) delta_l2=(0.904720,0.935230) epoch_seconds=0.42
CHECKPOINT_LATEST repeat=6 scope=internal_cv fold=4 phase=crsm_corrected epoch=130 path=/data/adodas/VarCoNet-V2-main/xiaolunwen/experiment1c/checkpoints/worker_r6_latest.pt
[CRSM_CORRECTED] repeat=6 scope=internal_cv fold=4 epoch=130/149 train_loss=0.207101 val_bce=0.952005 best=N best_epoch=1 asd_mass=(0.3934,0.6066) hc_mass=(0.5000,0.5000) delta_l2=(0.941958,0.976099) epoch_seconds=0.34
CHECKPOINT_LATEST repeat=6 scope=internal_cv fold=4 phase=crsm_corrected epoch=140 path=/data/adodas/VarCoNet-V2-main/xiaolunwen/experiment1c/checkpoints/worker_r6_latest.pt
[CRSM_CORRECTED] repeat=6 scope=internal_cv fold=4 epoch=140/149 train_loss=0.204786 val_bce=0.972625 best=N best_epoch=1 asd_mass=(0.3907,0.6093) hc_mass=(0.5000,0.5000) delta_l2=(0.976382,1.013737) epoch_seconds=0.24
CHECKPOINT_LATEST repeat=6 scope=internal_cv fold=4 phase=crsm_corrected epoch=149 path=/data/adodas/VarCoNet-V2-main/xiaolunwen/experiment1c/checkpoints/worker_r6_latest.pt
[CRSM_CORRECTED] repeat=6 scope=internal_cv fold=4 epoch=149/149 train_loss=0.203056 val_bce=0.990258 best=N best_epoch=1 asd_mass=(0.3887,0.6113) hc_mass=(0.5000,0.5000) delta_l2=(1.005205,1.045146) epoch_seconds=0.29
[SNDE_NORMATIVE] repeat=6 scope=internal_cv fold=4 n_unique_asd=357 n_unique_hc=317 roi_dim=384 std_floor=0.0014738189 pc1_explained_fraction=0.212019 hc_score_mean_before_norm=0 hc_score_std_before_norm=6.95579 asd_positive_fraction=0.0168 asd_negative_fraction=0.1737 asd_generalist_fraction=0.8095 hc_positive_fraction=0.0442 hc_negative_fraction=0.1041 hc_generalist_fraction=0.8517
[SNDE_ZERO_BASELINE] repeat=6 scope=internal_cv fold=4 epoch=0 exact_zero=Y val_bce=0.644138 probability_max_abs=5.96e-08
CHECKPOINT_BEST repeat=6 scope=internal_cv fold=4 phase=snde epoch=0 path=/data/adodas/VarCoNet-V2-main/xiaolunwen/experiment1c/checkpoints/worker_r6_best.pt
CHECKPOINT_LATEST repeat=6 scope=internal_cv fold=4 phase=snde epoch=0 path=/data/adodas/VarCoNet-V2-main/xiaolunwen/experiment1c/checkpoints/worker_r6_latest.pt
CHECKPOINT_LATEST repeat=6 scope=internal_cv fold=4 phase=snde epoch=10 path=/data/adodas/VarCoNet-V2-main/xiaolunwen/experiment1c/checkpoints/worker_r6_latest.pt
[SNDE] repeat=6 scope=internal_cv fold=4 epoch=10/149 train_bce=0.448453 val_bce=0.649051 best=N best_epoch=0 asd_gate=(+0.017,-0.174,g0.810) hc_gate=(+0.044,-0.104,g0.852) pos_weight_l2=0.168111 neg_weight_l2=0.087109 mean_abs_pos_correction=0.016417 mean_abs_neg_correction=0.121179 elapsed_seconds=0.54
CHECKPOINT_LATEST repeat=6 scope=internal_cv fold=4 phase=snde epoch=20 path=/data/adodas/VarCoNet-V2-main/xiaolunwen/experiment1c/checkpoints/worker_r6_latest.pt
[SNDE] repeat=6 scope=internal_cv fold=4 epoch=20/149 train_bce=0.441900 val_bce=0.644684 best=N best_epoch=0 asd_gate=(+0.017,-0.174,g0.810) hc_gate=(+0.044,-0.104,g0.852) pos_weight_l2=0.282364 neg_weight_l2=0.152510 mean_abs_pos_correction=0.025806 mean_abs_neg_correction=0.147401 elapsed_seconds=0.51
CHECKPOINT_BEST repeat=6 scope=internal_cv fold=4 phase=snde epoch=21 path=/data/adodas/VarCoNet-V2-main/xiaolunwen/experiment1c/checkpoints/worker_r6_best.pt
CHECKPOINT_LATEST repeat=6 scope=internal_cv fold=4 phase=snde epoch=21 path=/data/adodas/VarCoNet-V2-main/xiaolunwen/experiment1c/checkpoints/worker_r6_latest.pt
[SNDE] repeat=6 scope=internal_cv fold=4 epoch=21/149 train_bce=0.441446 val_bce=0.643985 best=Y best_epoch=21 asd_gate=(+0.017,-0.174,g0.810) hc_gate=(+0.044,-0.104,g0.852) pos_weight_l2=0.292091 neg_weight_l2=0.158328 mean_abs_pos_correction=0.026351 mean_abs_neg_correction=0.150437 elapsed_seconds=0.94
CHECKPOINT_BEST repeat=6 scope=internal_cv fold=4 phase=snde epoch=22 path=/data/adodas/VarCoNet-V2-main/xiaolunwen/experiment1c/checkpoints/worker_r6_best.pt
CHECKPOINT_LATEST repeat=6 scope=internal_cv fold=4 phase=snde epoch=22 path=/data/adodas/VarCoNet-V2-main/xiaolunwen/experiment1c/checkpoints/worker_r6_latest.pt
[SNDE] repeat=6 scope=internal_cv fold=4 epoch=22/149 train_bce=0.441010 val_bce=0.643633 best=Y best_epoch=22 asd_gate=(+0.017,-0.174,g0.810) hc_gate=(+0.044,-0.104,g0.852) pos_weight_l2=0.301649 neg_weight_l2=0.164004 mean_abs_pos_correction=0.026845 mean_abs_neg_correction=0.155263 elapsed_seconds=0.86
CHECKPOINT_BEST repeat=6 scope=internal_cv fold=4 phase=snde epoch=23 path=/data/adodas/VarCoNet-V2-main/xiaolunwen/experiment1c/checkpoints/worker_r6_best.pt
CHECKPOINT_LATEST repeat=6 scope=internal_cv fold=4 phase=snde epoch=23 path=/data/adodas/VarCoNet-V2-main/xiaolunwen/experiment1c/checkpoints/worker_r6_latest.pt
[SNDE] repeat=6 scope=internal_cv fold=4 epoch=23/149 train_bce=0.440564 val_bce=0.643604 best=Y best_epoch=23 asd_gate=(+0.017,-0.174,g0.810) hc_gate=(+0.044,-0.104,g0.852) pos_weight_l2=0.311064 neg_weight_l2=0.169548 mean_abs_pos_correction=0.027292 mean_abs_neg_correction=0.161610 elapsed_seconds=0.82
CHECKPOINT_LATEST repeat=6 scope=internal_cv fold=4 phase=snde epoch=30 path=/data/adodas/VarCoNet-V2-main/xiaolunwen/experiment1c/checkpoints/worker_r6_latest.pt
[SNDE] repeat=6 scope=internal_cv fold=4 epoch=30/149 train_bce=0.437882 val_bce=0.643822 best=N best_epoch=23 asd_gate=(+0.017,-0.174,g0.810) hc_gate=(+0.044,-0.104,g0.852) pos_weight_l2=0.374201 neg_weight_l2=0.205783 mean_abs_pos_correction=0.030350 mean_abs_neg_correction=0.198885 elapsed_seconds=0.45
CHECKPOINT_BEST repeat=6 scope=internal_cv fold=4 phase=snde epoch=31 path=/data/adodas/VarCoNet-V2-main/xiaolunwen/experiment1c/checkpoints/worker_r6_best.pt
CHECKPOINT_LATEST repeat=6 scope=internal_cv fold=4 phase=snde epoch=31 path=/data/adodas/VarCoNet-V2-main/xiaolunwen/experiment1c/checkpoints/worker_r6_latest.pt
[SNDE] repeat=6 scope=internal_cv fold=4 epoch=31/149 train_bce=0.437546 val_bce=0.643170 best=Y best_epoch=31 asd_gate=(+0.017,-0.174,g0.810) hc_gate=(+0.044,-0.104,g0.852) pos_weight_l2=0.382939 neg_weight_l2=0.210667 mean_abs_pos_correction=0.030753 mean_abs_neg_correction=0.200166 elapsed_seconds=0.79
CHECKPOINT_BEST repeat=6 scope=internal_cv fold=4 phase=snde epoch=32 path=/data/adodas/VarCoNet-V2-main/xiaolunwen/experiment1c/checkpoints/worker_r6_best.pt
CHECKPOINT_LATEST repeat=6 scope=internal_cv fold=4 phase=snde epoch=32 path=/data/adodas/VarCoNet-V2-main/xiaolunwen/experiment1c/checkpoints/worker_r6_latest.pt
[SNDE] repeat=6 scope=internal_cv fold=4 epoch=32/149 train_bce=0.437218 val_bce=0.642452 best=Y best_epoch=32 asd_gate=(+0.017,-0.174,g0.810) hc_gate=(+0.044,-0.104,g0.852) pos_weight_l2=0.391623 neg_weight_l2=0.215489 mean_abs_pos_correction=0.031136 mean_abs_neg_correction=0.201001 elapsed_seconds=0.85
CHECKPOINT_BEST repeat=6 scope=internal_cv fold=4 phase=snde epoch=33 path=/data/adodas/VarCoNet-V2-main/xiaolunwen/experiment1c/checkpoints/worker_r6_best.pt
CHECKPOINT_LATEST repeat=6 scope=internal_cv fold=4 phase=snde epoch=33 path=/data/adodas/VarCoNet-V2-main/xiaolunwen/experiment1c/checkpoints/worker_r6_latest.pt
[SNDE] repeat=6 scope=internal_cv fold=4 epoch=33/149 train_bce=0.436901 val_bce=0.641735 best=Y best_epoch=33 asd_gate=(+0.017,-0.174,g0.810) hc_gate=(+0.044,-0.104,g0.852) pos_weight_l2=0.400257 neg_weight_l2=0.220254 mean_abs_pos_correction=0.031502 mean_abs_neg_correction=0.201595 elapsed_seconds=0.79
CHECKPOINT_BEST repeat=6 scope=internal_cv fold=4 phase=snde epoch=34 path=/data/adodas/VarCoNet-V2-main/xiaolunwen/experiment1c/checkpoints/worker_r6_best.pt
CHECKPOINT_LATEST repeat=6 scope=internal_cv fold=4 phase=snde epoch=34 path=/data/adodas/VarCoNet-V2-main/xiaolunwen/experiment1c/checkpoints/worker_r6_latest.pt
[SNDE] repeat=6 scope=internal_cv fold=4 epoch=34/149 train_bce=0.436594 val_bce=0.641072 best=Y best_epoch=34 asd_gate=(+0.017,-0.174,g0.810) hc_gate=(+0.044,-0.104,g0.852) pos_weight_l2=0.408843 neg_weight_l2=0.224966 mean_abs_pos_correction=0.031853 mean_abs_neg_correction=0.202193 elapsed_seconds=0.92
CHECKPOINT_BEST repeat=6 scope=internal_cv fold=4 phase=snde epoch=35 path=/data/adodas/VarCoNet-V2-main/xiaolunwen/experiment1c/checkpoints/worker_r6_best.pt
CHECKPOINT_LATEST repeat=6 scope=internal_cv fold=4 phase=snde epoch=35 path=/data/adodas/VarCoNet-V2-main/xiaolunwen/experiment1c/checkpoints/worker_r6_latest.pt
[SNDE] repeat=6 scope=internal_cv fold=4 epoch=35/149 train_bce=0.436297 val_bce=0.640499 best=Y best_epoch=35 asd_gate=(+0.017,-0.174,g0.810) hc_gate=(+0.044,-0.104,g0.852) pos_weight_l2=0.417384 neg_weight_l2=0.229629 mean_abs_pos_correction=0.032189 mean_abs_neg_correction=0.202986 elapsed_seconds=0.78
CHECKPOINT_BEST repeat=6 scope=internal_cv fold=4 phase=snde epoch=36 path=/data/adodas/VarCoNet-V2-main/xiaolunwen/experiment1c/checkpoints/worker_r6_best.pt
CHECKPOINT_LATEST repeat=6 scope=internal_cv fold=4 phase=snde epoch=36 path=/data/adodas/VarCoNet-V2-main/xiaolunwen/experiment1c/checkpoints/worker_r6_latest.pt
[SNDE] repeat=6 scope=internal_cv fold=4 epoch=36/149 train_bce=0.436007 val_bce=0.640041 best=Y best_epoch=36 asd_gate=(+0.017,-0.174,g0.810) hc_gate=(+0.044,-0.104,g0.852) pos_weight_l2=0.425881 neg_weight_l2=0.234248 mean_abs_pos_correction=0.032614 mean_abs_neg_correction=0.204104 elapsed_seconds=1.16
CHECKPOINT_BEST repeat=6 scope=internal_cv fold=4 phase=snde epoch=37 path=/data/adodas/VarCoNet-V2-main/xiaolunwen/experiment1c/checkpoints/worker_r6_best.pt
CHECKPOINT_LATEST repeat=6 scope=internal_cv fold=4 phase=snde epoch=37 path=/data/adodas/VarCoNet-V2-main/xiaolunwen/experiment1c/checkpoints/worker_r6_latest.pt
[SNDE] repeat=6 scope=internal_cv fold=4 epoch=37/149 train_bce=0.435723 val_bce=0.639705 best=Y best_epoch=37 asd_gate=(+0.017,-0.174,g0.810) hc_gate=(+0.044,-0.104,g0.852) pos_weight_l2=0.434335 neg_weight_l2=0.238828 mean_abs_pos_correction=0.033037 mean_abs_neg_correction=0.205617 elapsed_seconds=0.98
CHECKPOINT_BEST repeat=6 scope=internal_cv fold=4 phase=snde epoch=38 path=/data/adodas/VarCoNet-V2-main/xiaolunwen/experiment1c/checkpoints/worker_r6_best.pt
CHECKPOINT_LATEST repeat=6 scope=internal_cv fold=4 phase=snde epoch=38 path=/data/adodas/VarCoNet-V2-main/xiaolunwen/experiment1c/checkpoints/worker_r6_latest.pt
[SNDE] repeat=6 scope=internal_cv fold=4 epoch=38/149 train_bce=0.435443 val_bce=0.639489 best=Y best_epoch=38 asd_gate=(+0.017,-0.174,g0.810) hc_gate=(+0.044,-0.104,g0.852) pos_weight_l2=0.442748 neg_weight_l2=0.243372 mean_abs_pos_correction=0.033448 mean_abs_neg_correction=0.207531 elapsed_seconds=1.28
CHECKPOINT_BEST repeat=6 scope=internal_cv fold=4 phase=snde epoch=39 path=/data/adodas/VarCoNet-V2-main/xiaolunwen/experiment1c/checkpoints/worker_r6_best.pt
CHECKPOINT_LATEST repeat=6 scope=internal_cv fold=4 phase=snde epoch=39 path=/data/adodas/VarCoNet-V2-main/xiaolunwen/experiment1c/checkpoints/worker_r6_latest.pt
[SNDE] repeat=6 scope=internal_cv fold=4 epoch=39/149 train_bce=0.435167 val_bce=0.639377 best=Y best_epoch=39 asd_gate=(+0.017,-0.174,g0.810) hc_gate=(+0.044,-0.104,g0.852) pos_weight_l2=0.451120 neg_weight_l2=0.247886 mean_abs_pos_correction=0.033848 mean_abs_neg_correction=0.209794 elapsed_seconds=0.91
CHECKPOINT_BEST repeat=6 scope=internal_cv fold=4 phase=snde epoch=40 path=/data/adodas/VarCoNet-V2-main/xiaolunwen/experiment1c/checkpoints/worker_r6_best.pt
CHECKPOINT_LATEST repeat=6 scope=internal_cv fold=4 phase=snde epoch=40 path=/data/adodas/VarCoNet-V2-main/xiaolunwen/experiment1c/checkpoints/worker_r6_latest.pt
[SNDE] repeat=6 scope=internal_cv fold=4 epoch=40/149 train_bce=0.434895 val_bce=0.639347 best=Y best_epoch=40 asd_gate=(+0.017,-0.174,g0.810) hc_gate=(+0.044,-0.104,g0.852) pos_weight_l2=0.459452 neg_weight_l2=0.252372 mean_abs_pos_correction=0.034239 mean_abs_neg_correction=0.212288 elapsed_seconds=0.93
CHECKPOINT_BEST repeat=6 scope=internal_cv fold=4 phase=snde epoch=46 path=/data/adodas/VarCoNet-V2-main/xiaolunwen/experiment1c/checkpoints/worker_r6_best.pt
CHECKPOINT_LATEST repeat=6 scope=internal_cv fold=4 phase=snde epoch=46 path=/data/adodas/VarCoNet-V2-main/xiaolunwen/experiment1c/checkpoints/worker_r6_latest.pt
[SNDE] repeat=6 scope=internal_cv fold=4 epoch=46/149 train_bce=0.433376 val_bce=0.639313 best=Y best_epoch=46 asd_gate=(+0.017,-0.174,g0.810) hc_gate=(+0.044,-0.104,g0.852) pos_weight_l2=0.508615 neg_weight_l2=0.278893 mean_abs_pos_correction=0.036442 mean_abs_neg_correction=0.225733 elapsed_seconds=1.34
CHECKPOINT_BEST repeat=6 scope=internal_cv fold=4 phase=snde epoch=47 path=/data/adodas/VarCoNet-V2-main/xiaolunwen/experiment1c/checkpoints/worker_r6_best.pt
CHECKPOINT_LATEST repeat=6 scope=internal_cv fold=4 phase=snde epoch=47 path=/data/adodas/VarCoNet-V2-main/xiaolunwen/experiment1c/checkpoints/worker_r6_latest.pt
[SNDE] repeat=6 scope=internal_cv fold=4 epoch=47/149 train_bce=0.433139 val_bce=0.639152 best=Y best_epoch=47 asd_gate=(+0.017,-0.174,g0.810) hc_gate=(+0.044,-0.104,g0.852) pos_weight_l2=0.516672 neg_weight_l2=0.283265 mean_abs_pos_correction=0.036791 mean_abs_neg_correction=0.227060 elapsed_seconds=1.25
CHECKPOINT_BEST repeat=6 scope=internal_cv fold=4 phase=snde epoch=48 path=/data/adodas/VarCoNet-V2-main/xiaolunwen/experiment1c/checkpoints/worker_r6_best.pt
CHECKPOINT_LATEST repeat=6 scope=internal_cv fold=4 phase=snde epoch=48 path=/data/adodas/VarCoNet-V2-main/xiaolunwen/experiment1c/checkpoints/worker_r6_latest.pt
[SNDE] repeat=6 scope=internal_cv fold=4 epoch=48/149 train_bce=0.432905 val_bce=0.638942 best=Y best_epoch=48 asd_gate=(+0.017,-0.174,g0.810) hc_gate=(+0.044,-0.104,g0.852) pos_weight_l2=0.524690 neg_weight_l2=0.287627 mean_abs_pos_correction=0.037135 mean_abs_neg_correction=0.228115 elapsed_seconds=1.10
CHECKPOINT_BEST repeat=6 scope=internal_cv fold=4 phase=snde epoch=49 path=/data/adodas/VarCoNet-V2-main/xiaolunwen/experiment1c/checkpoints/worker_r6_best.pt
CHECKPOINT_LATEST repeat=6 scope=internal_cv fold=4 phase=snde epoch=49 path=/data/adodas/VarCoNet-V2-main/xiaolunwen/experiment1c/checkpoints/worker_r6_latest.pt
[SNDE] repeat=6 scope=internal_cv fold=4 epoch=49/149 train_bce=0.432676 val_bce=0.638697 best=Y best_epoch=49 asd_gate=(+0.017,-0.174,g0.810) hc_gate=(+0.044,-0.104,g0.852) pos_weight_l2=0.532669 neg_weight_l2=0.291979 mean_abs_pos_correction=0.037475 mean_abs_neg_correction=0.229006 elapsed_seconds=1.15
CHECKPOINT_BEST repeat=6 scope=internal_cv fold=4 phase=snde epoch=50 path=/data/adodas/VarCoNet-V2-main/xiaolunwen/experiment1c/checkpoints/worker_r6_best.pt
CHECKPOINT_LATEST repeat=6 scope=internal_cv fold=4 phase=snde epoch=50 path=/data/adodas/VarCoNet-V2-main/xiaolunwen/experiment1c/checkpoints/worker_r6_latest.pt
[SNDE] repeat=6 scope=internal_cv fold=4 epoch=50/149 train_bce=0.432451 val_bce=0.638437 best=Y best_epoch=50 asd_gate=(+0.017,-0.174,g0.810) hc_gate=(+0.044,-0.104,g0.852) pos_weight_l2=0.540609 neg_weight_l2=0.296324 mean_abs_pos_correction=0.037812 mean_abs_neg_correction=0.229802 elapsed_seconds=1.34
CHECKPOINT_BEST repeat=6 scope=internal_cv fold=4 phase=snde epoch=51 path=/data/adodas/VarCoNet-V2-main/xiaolunwen/experiment1c/checkpoints/worker_r6_best.pt
CHECKPOINT_LATEST repeat=6 scope=internal_cv fold=4 phase=snde epoch=51 path=/data/adodas/VarCoNet-V2-main/xiaolunwen/experiment1c/checkpoints/worker_r6_latest.pt
[SNDE] repeat=6 scope=internal_cv fold=4 epoch=51/149 train_bce=0.432229 val_bce=0.638180 best=Y best_epoch=51 asd_gate=(+0.017,-0.174,g0.810) hc_gate=(+0.044,-0.104,g0.852) pos_weight_l2=0.548510 neg_weight_l2=0.300662 mean_abs_pos_correction=0.038145 mean_abs_neg_correction=0.230576 elapsed_seconds=1.40
CHECKPOINT_BEST repeat=6 scope=internal_cv fold=4 phase=snde epoch=52 path=/data/adodas/VarCoNet-V2-main/xiaolunwen/experiment1c/checkpoints/worker_r6_best.pt
CHECKPOINT_LATEST repeat=6 scope=internal_cv fold=4 phase=snde epoch=52 path=/data/adodas/VarCoNet-V2-main/xiaolunwen/experiment1c/checkpoints/worker_r6_latest.pt
[SNDE] repeat=6 scope=internal_cv fold=4 epoch=52/149 train_bce=0.432012 val_bce=0.637945 best=Y best_epoch=52 asd_gate=(+0.017,-0.174,g0.810) hc_gate=(+0.044,-0.104,g0.852) pos_weight_l2=0.556372 neg_weight_l2=0.304994 mean_abs_pos_correction=0.038474 mean_abs_neg_correction=0.231422 elapsed_seconds=1.24
CHECKPOINT_BEST repeat=6 scope=internal_cv fold=4 phase=snde epoch=53 path=/data/adodas/VarCoNet-V2-main/xiaolunwen/experiment1c/checkpoints/worker_r6_best.pt
CHECKPOINT_LATEST repeat=6 scope=internal_cv fold=4 phase=snde epoch=53 path=/data/adodas/VarCoNet-V2-main/xiaolunwen/experiment1c/checkpoints/worker_r6_latest.pt
[SNDE] repeat=6 scope=internal_cv fold=4 epoch=53/149 train_bce=0.431799 val_bce=0.637745 best=Y best_epoch=53 asd_gate=(+0.017,-0.174,g0.810) hc_gate=(+0.044,-0.104,g0.852) pos_weight_l2=0.564195 neg_weight_l2=0.309319 mean_abs_pos_correction=0.038800 mean_abs_neg_correction=0.232403 elapsed_seconds=1.18
CHECKPOINT_BEST repeat=6 scope=internal_cv fold=4 phase=snde epoch=54 path=/data/adodas/VarCoNet-V2-main/xiaolunwen/experiment1c/checkpoints/worker_r6_best.pt
CHECKPOINT_LATEST repeat=6 scope=internal_cv fold=4 phase=snde epoch=54 path=/data/adodas/VarCoNet-V2-main/xiaolunwen/experiment1c/checkpoints/worker_r6_latest.pt
[SNDE] repeat=6 scope=internal_cv fold=4 epoch=54/149 train_bce=0.431590 val_bce=0.637589 best=Y best_epoch=54 asd_gate=(+0.017,-0.174,g0.810) hc_gate=(+0.044,-0.104,g0.852) pos_weight_l2=0.571979 neg_weight_l2=0.313639 mean_abs_pos_correction=0.039123 mean_abs_neg_correction=0.233561 elapsed_seconds=0.71
CHECKPOINT_BEST repeat=6 scope=internal_cv fold=4 phase=snde epoch=55 path=/data/adodas/VarCoNet-V2-main/xiaolunwen/experiment1c/checkpoints/worker_r6_best.pt
CHECKPOINT_LATEST repeat=6 scope=internal_cv fold=4 phase=snde epoch=55 path=/data/adodas/VarCoNet-V2-main/xiaolunwen/experiment1c/checkpoints/worker_r6_latest.pt
[SNDE] repeat=6 scope=internal_cv fold=4 epoch=55/149 train_bce=0.431384 val_bce=0.637481 best=Y best_epoch=55 asd_gate=(+0.017,-0.174,g0.810) hc_gate=(+0.044,-0.104,g0.852) pos_weight_l2=0.579724 neg_weight_l2=0.317954 mean_abs_pos_correction=0.039443 mean_abs_neg_correction=0.234916 elapsed_seconds=1.26
CHECKPOINT_BEST repeat=6 scope=internal_cv fold=4 phase=snde epoch=56 path=/data/adodas/VarCoNet-V2-main/xiaolunwen/experiment1c/checkpoints/worker_r6_best.pt
CHECKPOINT_LATEST repeat=6 scope=internal_cv fold=4 phase=snde epoch=56 path=/data/adodas/VarCoNet-V2-main/xiaolunwen/experiment1c/checkpoints/worker_r6_latest.pt
[SNDE] repeat=6 scope=internal_cv fold=4 epoch=56/149 train_bce=0.431181 val_bce=0.637419 best=Y best_epoch=56 asd_gate=(+0.017,-0.174,g0.810) hc_gate=(+0.044,-0.104,g0.852) pos_weight_l2=0.587431 neg_weight_l2=0.322263 mean_abs_pos_correction=0.039761 mean_abs_neg_correction=0.236464 elapsed_seconds=1.76
CHECKPOINT_BEST repeat=6 scope=internal_cv fold=4 phase=snde epoch=57 path=/data/adodas/VarCoNet-V2-main/xiaolunwen/experiment1c/checkpoints/worker_r6_best.pt
CHECKPOINT_LATEST repeat=6 scope=internal_cv fold=4 phase=snde epoch=57 path=/data/adodas/VarCoNet-V2-main/xiaolunwen/experiment1c/checkpoints/worker_r6_latest.pt
[SNDE] repeat=6 scope=internal_cv fold=4 epoch=57/149 train_bce=0.430982 val_bce=0.637395 best=Y best_epoch=57 asd_gate=(+0.017,-0.174,g0.810) hc_gate=(+0.044,-0.104,g0.852) pos_weight_l2=0.595100 neg_weight_l2=0.326567 mean_abs_pos_correction=0.040075 mean_abs_neg_correction=0.238176 elapsed_seconds=1.60
CHECKPOINT_LATEST repeat=6 scope=internal_cv fold=4 phase=snde epoch=60 path=/data/adodas/VarCoNet-V2-main/xiaolunwen/experiment1c/checkpoints/worker_r6_latest.pt
[SNDE] repeat=6 scope=internal_cv fold=4 epoch=60/149 train_bce=0.430402 val_bce=0.637440 best=N best_epoch=57 asd_gate=(+0.017,-0.174,g0.810) hc_gate=(+0.044,-0.104,g0.852) pos_weight_l2=0.617878 neg_weight_l2=0.339449 mean_abs_pos_correction=0.041003 mean_abs_neg_correction=0.243796 elapsed_seconds=1.01
CHECKPOINT_BEST repeat=6 scope=internal_cv fold=4 phase=snde epoch=64 path=/data/adodas/VarCoNet-V2-main/xiaolunwen/experiment1c/checkpoints/worker_r6_best.pt
CHECKPOINT_LATEST repeat=6 scope=internal_cv fold=4 phase=snde epoch=64 path=/data/adodas/VarCoNet-V2-main/xiaolunwen/experiment1c/checkpoints/worker_r6_latest.pt
[SNDE] repeat=6 scope=internal_cv fold=4 epoch=64/149 train_bce=0.429672 val_bce=0.637330 best=Y best_epoch=64 asd_gate=(+0.017,-0.174,g0.810) hc_gate=(+0.044,-0.104,g0.852) pos_weight_l2=0.647735 neg_weight_l2=0.356549 mean_abs_pos_correction=0.042211 mean_abs_neg_correction=0.250557 elapsed_seconds=1.43
CHECKPOINT_BEST repeat=6 scope=internal_cv fold=4 phase=snde epoch=65 path=/data/adodas/VarCoNet-V2-main/xiaolunwen/experiment1c/checkpoints/worker_r6_best.pt
CHECKPOINT_LATEST repeat=6 scope=internal_cv fold=4 phase=snde epoch=65 path=/data/adodas/VarCoNet-V2-main/xiaolunwen/experiment1c/checkpoints/worker_r6_latest.pt
[SNDE] repeat=6 scope=internal_cv fold=4 epoch=65/149 train_bce=0.429496 val_bce=0.637234 best=Y best_epoch=65 asd_gate=(+0.017,-0.174,g0.810) hc_gate=(+0.044,-0.104,g0.852) pos_weight_l2=0.655110 neg_weight_l2=0.360810 mean_abs_pos_correction=0.042508 mean_abs_neg_correction=0.251962 elapsed_seconds=1.50
CHECKPOINT_BEST repeat=6 scope=internal_cv fold=4 phase=snde epoch=66 path=/data/adodas/VarCoNet-V2-main/xiaolunwen/experiment1c/checkpoints/worker_r6_best.pt
CHECKPOINT_LATEST repeat=6 scope=internal_cv fold=4 phase=snde epoch=66 path=/data/adodas/VarCoNet-V2-main/xiaolunwen/experiment1c/checkpoints/worker_r6_latest.pt
[SNDE] repeat=6 scope=internal_cv fold=4 epoch=66/149 train_bce=0.429322 val_bce=0.637118 best=Y best_epoch=66 asd_gate=(+0.017,-0.174,g0.810) hc_gate=(+0.044,-0.104,g0.852) pos_weight_l2=0.662451 neg_weight_l2=0.365064 mean_abs_pos_correction=0.042803 mean_abs_neg_correction=0.253281 elapsed_seconds=0.91
CHECKPOINT_BEST repeat=6 scope=internal_cv fold=4 phase=snde epoch=67 path=/data/adodas/VarCoNet-V2-main/xiaolunwen/experiment1c/checkpoints/worker_r6_best.pt
CHECKPOINT_LATEST repeat=6 scope=internal_cv fold=4 phase=snde epoch=67 path=/data/adodas/VarCoNet-V2-main/xiaolunwen/experiment1c/checkpoints/worker_r6_latest.pt
[SNDE] repeat=6 scope=internal_cv fold=4 epoch=67/149 train_bce=0.429151 val_bce=0.636988 best=Y best_epoch=67 asd_gate=(+0.017,-0.174,g0.810) hc_gate=(+0.044,-0.104,g0.852) pos_weight_l2=0.669758 neg_weight_l2=0.369313 mean_abs_pos_correction=0.043096 mean_abs_neg_correction=0.254548 elapsed_seconds=0.99
CHECKPOINT_BEST repeat=6 scope=internal_cv fold=4 phase=snde epoch=68 path=/data/adodas/VarCoNet-V2-main/xiaolunwen/experiment1c/checkpoints/worker_r6_best.pt
CHECKPOINT_LATEST repeat=6 scope=internal_cv fold=4 phase=snde epoch=68 path=/data/adodas/VarCoNet-V2-main/xiaolunwen/experiment1c/checkpoints/worker_r6_latest.pt
[SNDE] repeat=6 scope=internal_cv fold=4 epoch=68/149 train_bce=0.428982 val_bce=0.636855 best=Y best_epoch=68 asd_gate=(+0.017,-0.174,g0.810) hc_gate=(+0.044,-0.104,g0.852) pos_weight_l2=0.677031 neg_weight_l2=0.373556 mean_abs_pos_correction=0.043387 mean_abs_neg_correction=0.255804 elapsed_seconds=1.19
CHECKPOINT_BEST repeat=6 scope=internal_cv fold=4 phase=snde epoch=69 path=/data/adodas/VarCoNet-V2-main/xiaolunwen/experiment1c/checkpoints/worker_r6_best.pt
CHECKPOINT_LATEST repeat=6 scope=internal_cv fold=4 phase=snde epoch=69 path=/data/adodas/VarCoNet-V2-main/xiaolunwen/experiment1c/checkpoints/worker_r6_latest.pt
[SNDE] repeat=6 scope=internal_cv fold=4 epoch=69/149 train_bce=0.428816 val_bce=0.636727 best=Y best_epoch=69 asd_gate=(+0.017,-0.174,g0.810) hc_gate=(+0.044,-0.104,g0.852) pos_weight_l2=0.684272 neg_weight_l2=0.377793 mean_abs_pos_correction=0.043676 mean_abs_neg_correction=0.257088 elapsed_seconds=1.94
CHECKPOINT_BEST repeat=6 scope=internal_cv fold=4 phase=snde epoch=70 path=/data/adodas/VarCoNet-V2-main/xiaolunwen/experiment1c/checkpoints/worker_r6_best.pt
CHECKPOINT_LATEST repeat=6 scope=internal_cv fold=4 phase=snde epoch=70 path=/data/adodas/VarCoNet-V2-main/xiaolunwen/experiment1c/checkpoints/worker_r6_latest.pt
[SNDE] repeat=6 scope=internal_cv fold=4 epoch=70/149 train_bce=0.428652 val_bce=0.636612 best=Y best_epoch=70 asd_gate=(+0.017,-0.174,g0.810) hc_gate=(+0.044,-0.104,g0.852) pos_weight_l2=0.691480 neg_weight_l2=0.382024 mean_abs_pos_correction=0.043964 mean_abs_neg_correction=0.258435 elapsed_seconds=0.89
CHECKPOINT_BEST repeat=6 scope=internal_cv fold=4 phase=snde epoch=71 path=/data/adodas/VarCoNet-V2-main/xiaolunwen/experiment1c/checkpoints/worker_r6_best.pt
CHECKPOINT_LATEST repeat=6 scope=internal_cv fold=4 phase=snde epoch=71 path=/data/adodas/VarCoNet-V2-main/xiaolunwen/experiment1c/checkpoints/worker_r6_latest.pt
[SNDE] repeat=6 scope=internal_cv fold=4 epoch=71/149 train_bce=0.428491 val_bce=0.636515 best=Y best_epoch=71 asd_gate=(+0.017,-0.174,g0.810) hc_gate=(+0.044,-0.104,g0.852) pos_weight_l2=0.698657 neg_weight_l2=0.386249 mean_abs_pos_correction=0.044250 mean_abs_neg_correction=0.259865 elapsed_seconds=0.95
CHECKPOINT_BEST repeat=6 scope=internal_cv fold=4 phase=snde epoch=72 path=/data/adodas/VarCoNet-V2-main/xiaolunwen/experiment1c/checkpoints/worker_r6_best.pt
CHECKPOINT_LATEST repeat=6 scope=internal_cv fold=4 phase=snde epoch=72 path=/data/adodas/VarCoNet-V2-main/xiaolunwen/experiment1c/checkpoints/worker_r6_latest.pt
[SNDE] repeat=6 scope=internal_cv fold=4 epoch=72/149 train_bce=0.428331 val_bce=0.636438 best=Y best_epoch=72 asd_gate=(+0.017,-0.174,g0.810) hc_gate=(+0.044,-0.104,g0.852) pos_weight_l2=0.705803 neg_weight_l2=0.390468 mean_abs_pos_correction=0.044534 mean_abs_neg_correction=0.261391 elapsed_seconds=1.21
CHECKPOINT_BEST repeat=6 scope=internal_cv fold=4 phase=snde epoch=73 path=/data/adodas/VarCoNet-V2-main/xiaolunwen/experiment1c/checkpoints/worker_r6_best.pt
CHECKPOINT_LATEST repeat=6 scope=internal_cv fold=4 phase=snde epoch=73 path=/data/adodas/VarCoNet-V2-main/xiaolunwen/experiment1c/checkpoints/worker_r6_latest.pt
[SNDE] repeat=6 scope=internal_cv fold=4 epoch=73/149 train_bce=0.428174 val_bce=0.636379 best=Y best_epoch=73 asd_gate=(+0.017,-0.174,g0.810) hc_gate=(+0.044,-0.104,g0.852) pos_weight_l2=0.712918 neg_weight_l2=0.394681 mean_abs_pos_correction=0.044815 mean_abs_neg_correction=0.263006 elapsed_seconds=0.69
CHECKPOINT_BEST repeat=6 scope=internal_cv fold=4 phase=snde epoch=74 path=/data/adodas/VarCoNet-V2-main/xiaolunwen/experiment1c/checkpoints/worker_r6_best.pt
CHECKPOINT_LATEST repeat=6 scope=internal_cv fold=4 phase=snde epoch=74 path=/data/adodas/VarCoNet-V2-main/xiaolunwen/experiment1c/checkpoints/worker_r6_latest.pt
[SNDE] repeat=6 scope=internal_cv fold=4 epoch=74/149 train_bce=0.428018 val_bce=0.636335 best=Y best_epoch=74 asd_gate=(+0.017,-0.174,g0.810) hc_gate=(+0.044,-0.104,g0.852) pos_weight_l2=0.720004 neg_weight_l2=0.398889 mean_abs_pos_correction=0.045096 mean_abs_neg_correction=0.264696 elapsed_seconds=1.27
CHECKPOINT_BEST repeat=6 scope=internal_cv fold=4 phase=snde epoch=75 path=/data/adodas/VarCoNet-V2-main/xiaolunwen/experiment1c/checkpoints/worker_r6_best.pt
CHECKPOINT_LATEST repeat=6 scope=internal_cv fold=4 phase=snde epoch=75 path=/data/adodas/VarCoNet-V2-main/xiaolunwen/experiment1c/checkpoints/worker_r6_latest.pt
[SNDE] repeat=6 scope=internal_cv fold=4 epoch=75/149 train_bce=0.427864 val_bce=0.636302 best=Y best_epoch=75 asd_gate=(+0.017,-0.174,g0.810) hc_gate=(+0.044,-0.104,g0.852) pos_weight_l2=0.727060 neg_weight_l2=0.403090 mean_abs_pos_correction=0.045374 mean_abs_neg_correction=0.266435 elapsed_seconds=0.97
CHECKPOINT_BEST repeat=6 scope=internal_cv fold=4 phase=snde epoch=76 path=/data/adodas/VarCoNet-V2-main/xiaolunwen/experiment1c/checkpoints/worker_r6_best.pt
CHECKPOINT_LATEST repeat=6 scope=internal_cv fold=4 phase=snde epoch=76 path=/data/adodas/VarCoNet-V2-main/xiaolunwen/experiment1c/checkpoints/worker_r6_latest.pt
[SNDE] repeat=6 scope=internal_cv fold=4 epoch=76/149 train_bce=0.427713 val_bce=0.636271 best=Y best_epoch=76 asd_gate=(+0.017,-0.174,g0.810) hc_gate=(+0.044,-0.104,g0.852) pos_weight_l2=0.734089 neg_weight_l2=0.407284 mean_abs_pos_correction=0.045650 mean_abs_neg_correction=0.268193 elapsed_seconds=0.81
CHECKPOINT_BEST repeat=6 scope=internal_cv fold=4 phase=snde epoch=77 path=/data/adodas/VarCoNet-V2-main/xiaolunwen/experiment1c/checkpoints/worker_r6_best.pt
CHECKPOINT_LATEST repeat=6 scope=internal_cv fold=4 phase=snde epoch=77 path=/data/adodas/VarCoNet-V2-main/xiaolunwen/experiment1c/checkpoints/worker_r6_latest.pt
[SNDE] repeat=6 scope=internal_cv fold=4 epoch=77/149 train_bce=0.427563 val_bce=0.636238 best=Y best_epoch=77 asd_gate=(+0.017,-0.174,g0.810) hc_gate=(+0.044,-0.104,g0.852) pos_weight_l2=0.741089 neg_weight_l2=0.411473 mean_abs_pos_correction=0.045924 mean_abs_neg_correction=0.269941 elapsed_seconds=1.14
CHECKPOINT_BEST repeat=6 scope=internal_cv fold=4 phase=snde epoch=78 path=/data/adodas/VarCoNet-V2-main/xiaolunwen/experiment1c/checkpoints/worker_r6_best.pt
CHECKPOINT_LATEST repeat=6 scope=internal_cv fold=4 phase=snde epoch=78 path=/data/adodas/VarCoNet-V2-main/xiaolunwen/experiment1c/checkpoints/worker_r6_latest.pt
[SNDE] repeat=6 scope=internal_cv fold=4 epoch=78/149 train_bce=0.427415 val_bce=0.636195 best=Y best_epoch=78 asd_gate=(+0.017,-0.174,g0.810) hc_gate=(+0.044,-0.104,g0.852) pos_weight_l2=0.748062 neg_weight_l2=0.415655 mean_abs_pos_correction=0.046197 mean_abs_neg_correction=0.271654 elapsed_seconds=0.79
CHECKPOINT_BEST repeat=6 scope=internal_cv fold=4 phase=snde epoch=79 path=/data/adodas/VarCoNet-V2-main/xiaolunwen/experiment1c/checkpoints/worker_r6_best.pt
CHECKPOINT_LATEST repeat=6 scope=internal_cv fold=4 phase=snde epoch=79 path=/data/adodas/VarCoNet-V2-main/xiaolunwen/experiment1c/checkpoints/worker_r6_latest.pt
[SNDE] repeat=6 scope=internal_cv fold=4 epoch=79/149 train_bce=0.427269 val_bce=0.636141 best=Y best_epoch=79 asd_gate=(+0.017,-0.174,g0.810) hc_gate=(+0.044,-0.104,g0.852) pos_weight_l2=0.755008 neg_weight_l2=0.419831 mean_abs_pos_correction=0.046467 mean_abs_neg_correction=0.273328 elapsed_seconds=0.77
CHECKPOINT_BEST repeat=6 scope=internal_cv fold=4 phase=snde epoch=80 path=/data/adodas/VarCoNet-V2-main/xiaolunwen/experiment1c/checkpoints/worker_r6_best.pt
CHECKPOINT_LATEST repeat=6 scope=internal_cv fold=4 phase=snde epoch=80 path=/data/adodas/VarCoNet-V2-main/xiaolunwen/experiment1c/checkpoints/worker_r6_latest.pt
[SNDE] repeat=6 scope=internal_cv fold=4 epoch=80/149 train_bce=0.427125 val_bce=0.636072 best=Y best_epoch=80 asd_gate=(+0.017,-0.174,g0.810) hc_gate=(+0.044,-0.104,g0.852) pos_weight_l2=0.761928 neg_weight_l2=0.423999 mean_abs_pos_correction=0.046736 mean_abs_neg_correction=0.274936 elapsed_seconds=0.77
CHECKPOINT_BEST repeat=6 scope=internal_cv fold=4 phase=snde epoch=81 path=/data/adodas/VarCoNet-V2-main/xiaolunwen/experiment1c/checkpoints/worker_r6_best.pt
CHECKPOINT_LATEST repeat=6 scope=internal_cv fold=4 phase=snde epoch=81 path=/data/adodas/VarCoNet-V2-main/xiaolunwen/experiment1c/checkpoints/worker_r6_latest.pt
[SNDE] repeat=6 scope=internal_cv fold=4 epoch=81/149 train_bce=0.426982 val_bce=0.635989 best=Y best_epoch=81 asd_gate=(+0.017,-0.174,g0.810) hc_gate=(+0.044,-0.104,g0.852) pos_weight_l2=0.768822 neg_weight_l2=0.428162 mean_abs_pos_correction=0.047003 mean_abs_neg_correction=0.276478 elapsed_seconds=0.96
CHECKPOINT_BEST repeat=6 scope=internal_cv fold=4 phase=snde epoch=82 path=/data/adodas/VarCoNet-V2-main/xiaolunwen/experiment1c/checkpoints/worker_r6_best.pt
CHECKPOINT_LATEST repeat=6 scope=internal_cv fold=4 phase=snde epoch=82 path=/data/adodas/VarCoNet-V2-main/xiaolunwen/experiment1c/checkpoints/worker_r6_latest.pt
[SNDE] repeat=6 scope=internal_cv fold=4 epoch=82/149 train_bce=0.426841 val_bce=0.635894 best=Y best_epoch=82 asd_gate=(+0.017,-0.174,g0.810) hc_gate=(+0.044,-0.104,g0.852) pos_weight_l2=0.775691 neg_weight_l2=0.432317 mean_abs_pos_correction=0.047268 mean_abs_neg_correction=0.277961 elapsed_seconds=0.94
CHECKPOINT_BEST repeat=6 scope=internal_cv fold=4 phase=snde epoch=83 path=/data/adodas/VarCoNet-V2-main/xiaolunwen/experiment1c/checkpoints/worker_r6_best.pt
CHECKPOINT_LATEST repeat=6 scope=internal_cv fold=4 phase=snde epoch=83 path=/data/adodas/VarCoNet-V2-main/xiaolunwen/experiment1c/checkpoints/worker_r6_latest.pt
[SNDE] repeat=6 scope=internal_cv fold=4 epoch=83/149 train_bce=0.426701 val_bce=0.635790 best=Y best_epoch=83 asd_gate=(+0.017,-0.174,g0.810) hc_gate=(+0.044,-0.104,g0.852) pos_weight_l2=0.782535 neg_weight_l2=0.436466 mean_abs_pos_correction=0.047531 mean_abs_neg_correction=0.279405 elapsed_seconds=0.74
CHECKPOINT_BEST repeat=6 scope=internal_cv fold=4 phase=snde epoch=84 path=/data/adodas/VarCoNet-V2-main/xiaolunwen/experiment1c/checkpoints/worker_r6_best.pt
CHECKPOINT_LATEST repeat=6 scope=internal_cv fold=4 phase=snde epoch=84 path=/data/adodas/VarCoNet-V2-main/xiaolunwen/experiment1c/checkpoints/worker_r6_latest.pt
[SNDE] repeat=6 scope=internal_cv fold=4 epoch=84/149 train_bce=0.426564 val_bce=0.635683 best=Y best_epoch=84 asd_gate=(+0.017,-0.174,g0.810) hc_gate=(+0.044,-0.104,g0.852) pos_weight_l2=0.789355 neg_weight_l2=0.440608 mean_abs_pos_correction=0.047793 mean_abs_neg_correction=0.280832 elapsed_seconds=1.02
CHECKPOINT_BEST repeat=6 scope=internal_cv fold=4 phase=snde epoch=85 path=/data/adodas/VarCoNet-V2-main/xiaolunwen/experiment1c/checkpoints/worker_r6_best.pt
CHECKPOINT_LATEST repeat=6 scope=internal_cv fold=4 phase=snde epoch=85 path=/data/adodas/VarCoNet-V2-main/xiaolunwen/experiment1c/checkpoints/worker_r6_latest.pt
[SNDE] repeat=6 scope=internal_cv fold=4 epoch=85/149 train_bce=0.426427 val_bce=0.635575 best=Y best_epoch=85 asd_gate=(+0.017,-0.174,g0.810) hc_gate=(+0.044,-0.104,g0.852) pos_weight_l2=0.796151 neg_weight_l2=0.444743 mean_abs_pos_correction=0.048052 mean_abs_neg_correction=0.282250 elapsed_seconds=0.89
CHECKPOINT_BEST repeat=6 scope=internal_cv fold=4 phase=snde epoch=86 path=/data/adodas/VarCoNet-V2-main/xiaolunwen/experiment1c/checkpoints/worker_r6_best.pt
CHECKPOINT_LATEST repeat=6 scope=internal_cv fold=4 phase=snde epoch=86 path=/data/adodas/VarCoNet-V2-main/xiaolunwen/experiment1c/checkpoints/worker_r6_latest.pt
[SNDE] repeat=6 scope=internal_cv fold=4 epoch=86/149 train_bce=0.426292 val_bce=0.635471 best=Y best_epoch=86 asd_gate=(+0.017,-0.174,g0.810) hc_gate=(+0.044,-0.104,g0.852) pos_weight_l2=0.802923 neg_weight_l2=0.448872 mean_abs_pos_correction=0.048311 mean_abs_neg_correction=0.283677 elapsed_seconds=0.89
CHECKPOINT_BEST repeat=6 scope=internal_cv fold=4 phase=snde epoch=87 path=/data/adodas/VarCoNet-V2-main/xiaolunwen/experiment1c/checkpoints/worker_r6_best.pt
CHECKPOINT_LATEST repeat=6 scope=internal_cv fold=4 phase=snde epoch=87 path=/data/adodas/VarCoNet-V2-main/xiaolunwen/experiment1c/checkpoints/worker_r6_latest.pt
[SNDE] repeat=6 scope=internal_cv fold=4 epoch=87/149 train_bce=0.426159 val_bce=0.635374 best=Y best_epoch=87 asd_gate=(+0.017,-0.174,g0.810) hc_gate=(+0.044,-0.104,g0.852) pos_weight_l2=0.809673 neg_weight_l2=0.452994 mean_abs_pos_correction=0.048567 mean_abs_neg_correction=0.285128 elapsed_seconds=0.66
CHECKPOINT_BEST repeat=6 scope=internal_cv fold=4 phase=snde epoch=88 path=/data/adodas/VarCoNet-V2-main/xiaolunwen/experiment1c/checkpoints/worker_r6_best.pt
CHECKPOINT_LATEST repeat=6 scope=internal_cv fold=4 phase=snde epoch=88 path=/data/adodas/VarCoNet-V2-main/xiaolunwen/experiment1c/checkpoints/worker_r6_latest.pt
[SNDE] repeat=6 scope=internal_cv fold=4 epoch=88/149 train_bce=0.426027 val_bce=0.635287 best=Y best_epoch=88 asd_gate=(+0.017,-0.174,g0.810) hc_gate=(+0.044,-0.104,g0.852) pos_weight_l2=0.816400 neg_weight_l2=0.457109 mean_abs_pos_correction=0.048822 mean_abs_neg_correction=0.286611 elapsed_seconds=0.88
CHECKPOINT_BEST repeat=6 scope=internal_cv fold=4 phase=snde epoch=89 path=/data/adodas/VarCoNet-V2-main/xiaolunwen/experiment1c/checkpoints/worker_r6_best.pt
CHECKPOINT_LATEST repeat=6 scope=internal_cv fold=4 phase=snde epoch=89 path=/data/adodas/VarCoNet-V2-main/xiaolunwen/experiment1c/checkpoints/worker_r6_latest.pt
[SNDE] repeat=6 scope=internal_cv fold=4 epoch=89/149 train_bce=0.425896 val_bce=0.635208 best=Y best_epoch=89 asd_gate=(+0.017,-0.174,g0.810) hc_gate=(+0.044,-0.104,g0.852) pos_weight_l2=0.823105 neg_weight_l2=0.461217 mean_abs_pos_correction=0.049085 mean_abs_neg_correction=0.288129 elapsed_seconds=0.90
CHECKPOINT_BEST repeat=6 scope=internal_cv fold=4 phase=snde epoch=90 path=/data/adodas/VarCoNet-V2-main/xiaolunwen/experiment1c/checkpoints/worker_r6_best.pt
CHECKPOINT_LATEST repeat=6 scope=internal_cv fold=4 phase=snde epoch=90 path=/data/adodas/VarCoNet-V2-main/xiaolunwen/experiment1c/checkpoints/worker_r6_latest.pt
[SNDE] repeat=6 scope=internal_cv fold=4 epoch=90/149 train_bce=0.425767 val_bce=0.635139 best=Y best_epoch=90 asd_gate=(+0.017,-0.174,g0.810) hc_gate=(+0.044,-0.104,g0.852) pos_weight_l2=0.829788 neg_weight_l2=0.465318 mean_abs_pos_correction=0.049351 mean_abs_neg_correction=0.289680 elapsed_seconds=0.89
CHECKPOINT_BEST repeat=6 scope=internal_cv fold=4 phase=snde epoch=91 path=/data/adodas/VarCoNet-V2-main/xiaolunwen/experiment1c/checkpoints/worker_r6_best.pt
CHECKPOINT_LATEST repeat=6 scope=internal_cv fold=4 phase=snde epoch=91 path=/data/adodas/VarCoNet-V2-main/xiaolunwen/experiment1c/checkpoints/worker_r6_latest.pt
[SNDE] repeat=6 scope=internal_cv fold=4 epoch=91/149 train_bce=0.425639 val_bce=0.635078 best=Y best_epoch=91 asd_gate=(+0.017,-0.174,g0.810) hc_gate=(+0.044,-0.104,g0.852) pos_weight_l2=0.836449 neg_weight_l2=0.469412 mean_abs_pos_correction=0.049616 mean_abs_neg_correction=0.291262 elapsed_seconds=0.84
CHECKPOINT_BEST repeat=6 scope=internal_cv fold=4 phase=snde epoch=92 path=/data/adodas/VarCoNet-V2-main/xiaolunwen/experiment1c/checkpoints/worker_r6_best.pt
CHECKPOINT_LATEST repeat=6 scope=internal_cv fold=4 phase=snde epoch=92 path=/data/adodas/VarCoNet-V2-main/xiaolunwen/experiment1c/checkpoints/worker_r6_latest.pt
[SNDE] repeat=6 scope=internal_cv fold=4 epoch=92/149 train_bce=0.425512 val_bce=0.635022 best=Y best_epoch=92 asd_gate=(+0.017,-0.174,g0.810) hc_gate=(+0.044,-0.104,g0.852) pos_weight_l2=0.843090 neg_weight_l2=0.473500 mean_abs_pos_correction=0.049879 mean_abs_neg_correction=0.292858 elapsed_seconds=0.67
CHECKPOINT_BEST repeat=6 scope=internal_cv fold=4 phase=snde epoch=93 path=/data/adodas/VarCoNet-V2-main/xiaolunwen/experiment1c/checkpoints/worker_r6_best.pt
CHECKPOINT_LATEST repeat=6 scope=internal_cv fold=4 phase=snde epoch=93 path=/data/adodas/VarCoNet-V2-main/xiaolunwen/experiment1c/checkpoints/worker_r6_latest.pt
[SNDE] repeat=6 scope=internal_cv fold=4 epoch=93/149 train_bce=0.425387 val_bce=0.634969 best=Y best_epoch=93 asd_gate=(+0.017,-0.174,g0.810) hc_gate=(+0.044,-0.104,g0.852) pos_weight_l2=0.849710 neg_weight_l2=0.477580 mean_abs_pos_correction=0.050141 mean_abs_neg_correction=0.294456 elapsed_seconds=0.69
CHECKPOINT_BEST repeat=6 scope=internal_cv fold=4 phase=snde epoch=94 path=/data/adodas/VarCoNet-V2-main/xiaolunwen/experiment1c/checkpoints/worker_r6_best.pt
CHECKPOINT_LATEST repeat=6 scope=internal_cv fold=4 phase=snde epoch=94 path=/data/adodas/VarCoNet-V2-main/xiaolunwen/experiment1c/checkpoints/worker_r6_latest.pt
[SNDE] repeat=6 scope=internal_cv fold=4 epoch=94/149 train_bce=0.425262 val_bce=0.634918 best=Y best_epoch=94 asd_gate=(+0.017,-0.174,g0.810) hc_gate=(+0.044,-0.104,g0.852) pos_weight_l2=0.856309 neg_weight_l2=0.481653 mean_abs_pos_correction=0.050402 mean_abs_neg_correction=0.296043 elapsed_seconds=0.81
CHECKPOINT_BEST repeat=6 scope=internal_cv fold=4 phase=snde epoch=95 path=/data/adodas/VarCoNet-V2-main/xiaolunwen/experiment1c/checkpoints/worker_r6_best.pt
CHECKPOINT_LATEST repeat=6 scope=internal_cv fold=4 phase=snde epoch=95 path=/data/adodas/VarCoNet-V2-main/xiaolunwen/experiment1c/checkpoints/worker_r6_latest.pt
[SNDE] repeat=6 scope=internal_cv fold=4 epoch=95/149 train_bce=0.425139 val_bce=0.634866 best=Y best_epoch=95 asd_gate=(+0.017,-0.174,g0.810) hc_gate=(+0.044,-0.104,g0.852) pos_weight_l2=0.862888 neg_weight_l2=0.485719 mean_abs_pos_correction=0.050661 mean_abs_neg_correction=0.297612 elapsed_seconds=0.86
CHECKPOINT_BEST repeat=6 scope=internal_cv fold=4 phase=snde epoch=96 path=/data/adodas/VarCoNet-V2-main/xiaolunwen/experiment1c/checkpoints/worker_r6_best.pt
CHECKPOINT_LATEST repeat=6 scope=internal_cv fold=4 phase=snde epoch=96 path=/data/adodas/VarCoNet-V2-main/xiaolunwen/experiment1c/checkpoints/worker_r6_latest.pt
[SNDE] repeat=6 scope=internal_cv fold=4 epoch=96/149 train_bce=0.425018 val_bce=0.634813 best=Y best_epoch=96 asd_gate=(+0.017,-0.174,g0.810) hc_gate=(+0.044,-0.104,g0.852) pos_weight_l2=0.869447 neg_weight_l2=0.489777 mean_abs_pos_correction=0.050918 mean_abs_neg_correction=0.299174 elapsed_seconds=1.52
CHECKPOINT_BEST repeat=6 scope=internal_cv fold=4 phase=snde epoch=97 path=/data/adodas/VarCoNet-V2-main/xiaolunwen/experiment1c/checkpoints/worker_r6_best.pt
CHECKPOINT_LATEST repeat=6 scope=internal_cv fold=4 phase=snde epoch=97 path=/data/adodas/VarCoNet-V2-main/xiaolunwen/experiment1c/checkpoints/worker_r6_latest.pt
[SNDE] repeat=6 scope=internal_cv fold=4 epoch=97/149 train_bce=0.424897 val_bce=0.634757 best=Y best_epoch=97 asd_gate=(+0.017,-0.174,g0.810) hc_gate=(+0.044,-0.104,g0.852) pos_weight_l2=0.875987 neg_weight_l2=0.493828 mean_abs_pos_correction=0.051175 mean_abs_neg_correction=0.300720 elapsed_seconds=1.14
CHECKPOINT_BEST repeat=6 scope=internal_cv fold=4 phase=snde epoch=98 path=/data/adodas/VarCoNet-V2-main/xiaolunwen/experiment1c/checkpoints/worker_r6_best.pt
CHECKPOINT_LATEST repeat=6 scope=internal_cv fold=4 phase=snde epoch=98 path=/data/adodas/VarCoNet-V2-main/xiaolunwen/experiment1c/checkpoints/worker_r6_latest.pt
[SNDE] repeat=6 scope=internal_cv fold=4 epoch=98/149 train_bce=0.424778 val_bce=0.634700 best=Y best_epoch=98 asd_gate=(+0.017,-0.174,g0.810) hc_gate=(+0.044,-0.104,g0.852) pos_weight_l2=0.882507 neg_weight_l2=0.497872 mean_abs_pos_correction=0.051430 mean_abs_neg_correction=0.302236 elapsed_seconds=0.80
CHECKPOINT_BEST repeat=6 scope=internal_cv fold=4 phase=snde epoch=99 path=/data/adodas/VarCoNet-V2-main/xiaolunwen/experiment1c/checkpoints/worker_r6_best.pt
CHECKPOINT_LATEST repeat=6 scope=internal_cv fold=4 phase=snde epoch=99 path=/data/adodas/VarCoNet-V2-main/xiaolunwen/experiment1c/checkpoints/worker_r6_latest.pt
[SNDE] repeat=6 scope=internal_cv fold=4 epoch=99/149 train_bce=0.424659 val_bce=0.634642 best=Y best_epoch=99 asd_gate=(+0.017,-0.174,g0.810) hc_gate=(+0.044,-0.104,g0.852) pos_weight_l2=0.889008 neg_weight_l2=0.501909 mean_abs_pos_correction=0.051683 mean_abs_neg_correction=0.303726 elapsed_seconds=0.68
CHECKPOINT_BEST repeat=6 scope=internal_cv fold=4 phase=snde epoch=100 path=/data/adodas/VarCoNet-V2-main/xiaolunwen/experiment1c/checkpoints/worker_r6_best.pt
CHECKPOINT_LATEST repeat=6 scope=internal_cv fold=4 phase=snde epoch=100 path=/data/adodas/VarCoNet-V2-main/xiaolunwen/experiment1c/checkpoints/worker_r6_latest.pt
[SNDE] repeat=6 scope=internal_cv fold=4 epoch=100/149 train_bce=0.424542 val_bce=0.634584 best=Y best_epoch=100 asd_gate=(+0.017,-0.174,g0.810) hc_gate=(+0.044,-0.104,g0.852) pos_weight_l2=0.895490 neg_weight_l2=0.505938 mean_abs_pos_correction=0.051936 mean_abs_neg_correction=0.305196 elapsed_seconds=1.19
CHECKPOINT_BEST repeat=6 scope=internal_cv fold=4 phase=snde epoch=101 path=/data/adodas/VarCoNet-V2-main/xiaolunwen/experiment1c/checkpoints/worker_r6_best.pt
CHECKPOINT_LATEST repeat=6 scope=internal_cv fold=4 phase=snde epoch=101 path=/data/adodas/VarCoNet-V2-main/xiaolunwen/experiment1c/checkpoints/worker_r6_latest.pt
[SNDE] repeat=6 scope=internal_cv fold=4 epoch=101/149 train_bce=0.424426 val_bce=0.634528 best=Y best_epoch=101 asd_gate=(+0.017,-0.174,g0.810) hc_gate=(+0.044,-0.104,g0.852) pos_weight_l2=0.901954 neg_weight_l2=0.509960 mean_abs_pos_correction=0.052186 mean_abs_neg_correction=0.306653 elapsed_seconds=0.83
CHECKPOINT_BEST repeat=6 scope=internal_cv fold=4 phase=snde epoch=102 path=/data/adodas/VarCoNet-V2-main/xiaolunwen/experiment1c/checkpoints/worker_r6_best.pt
CHECKPOINT_LATEST repeat=6 scope=internal_cv fold=4 phase=snde epoch=102 path=/data/adodas/VarCoNet-V2-main/xiaolunwen/experiment1c/checkpoints/worker_r6_latest.pt
[SNDE] repeat=6 scope=internal_cv fold=4 epoch=102/149 train_bce=0.424311 val_bce=0.634476 best=Y best_epoch=102 asd_gate=(+0.017,-0.174,g0.810) hc_gate=(+0.044,-0.104,g0.852) pos_weight_l2=0.908399 neg_weight_l2=0.513975 mean_abs_pos_correction=0.052436 mean_abs_neg_correction=0.308117 elapsed_seconds=1.23
CHECKPOINT_BEST repeat=6 scope=internal_cv fold=4 phase=snde epoch=103 path=/data/adodas/VarCoNet-V2-main/xiaolunwen/experiment1c/checkpoints/worker_r6_best.pt
CHECKPOINT_LATEST repeat=6 scope=internal_cv fold=4 phase=snde epoch=103 path=/data/adodas/VarCoNet-V2-main/xiaolunwen/experiment1c/checkpoints/worker_r6_latest.pt
[SNDE] repeat=6 scope=internal_cv fold=4 epoch=103/149 train_bce=0.424197 val_bce=0.634428 best=Y best_epoch=103 asd_gate=(+0.017,-0.174,g0.810) hc_gate=(+0.044,-0.104,g0.852) pos_weight_l2=0.914827 neg_weight_l2=0.517982 mean_abs_pos_correction=0.052684 mean_abs_neg_correction=0.309583 elapsed_seconds=1.81
CHECKPOINT_BEST repeat=6 scope=internal_cv fold=4 phase=snde epoch=104 path=/data/adodas/VarCoNet-V2-main/xiaolunwen/experiment1c/checkpoints/worker_r6_best.pt
CHECKPOINT_LATEST repeat=6 scope=internal_cv fold=4 phase=snde epoch=104 path=/data/adodas/VarCoNet-V2-main/xiaolunwen/experiment1c/checkpoints/worker_r6_latest.pt
[SNDE] repeat=6 scope=internal_cv fold=4 epoch=104/149 train_bce=0.424085 val_bce=0.634386 best=Y best_epoch=104 asd_gate=(+0.017,-0.174,g0.810) hc_gate=(+0.044,-0.104,g0.852) pos_weight_l2=0.921236 neg_weight_l2=0.521982 mean_abs_pos_correction=0.052931 mean_abs_neg_correction=0.311055 elapsed_seconds=1.35
CHECKPOINT_BEST repeat=6 scope=internal_cv fold=4 phase=snde epoch=105 path=/data/adodas/VarCoNet-V2-main/xiaolunwen/experiment1c/checkpoints/worker_r6_best.pt
CHECKPOINT_LATEST repeat=6 scope=internal_cv fold=4 phase=snde epoch=105 path=/data/adodas/VarCoNet-V2-main/xiaolunwen/experiment1c/checkpoints/worker_r6_latest.pt
[SNDE] repeat=6 scope=internal_cv fold=4 epoch=105/149 train_bce=0.423973 val_bce=0.634349 best=Y best_epoch=105 asd_gate=(+0.017,-0.174,g0.810) hc_gate=(+0.044,-0.104,g0.852) pos_weight_l2=0.927627 neg_weight_l2=0.525975 mean_abs_pos_correction=0.053176 mean_abs_neg_correction=0.312538 elapsed_seconds=1.72
CHECKPOINT_BEST repeat=6 scope=internal_cv fold=4 phase=snde epoch=106 path=/data/adodas/VarCoNet-V2-main/xiaolunwen/experiment1c/checkpoints/worker_r6_best.pt
CHECKPOINT_LATEST repeat=6 scope=internal_cv fold=4 phase=snde epoch=106 path=/data/adodas/VarCoNet-V2-main/xiaolunwen/experiment1c/checkpoints/worker_r6_latest.pt
[SNDE] repeat=6 scope=internal_cv fold=4 epoch=106/149 train_bce=0.423862 val_bce=0.634319 best=Y best_epoch=106 asd_gate=(+0.017,-0.174,g0.810) hc_gate=(+0.044,-0.104,g0.852) pos_weight_l2=0.934001 neg_weight_l2=0.529960 mean_abs_pos_correction=0.053420 mean_abs_neg_correction=0.314033 elapsed_seconds=1.63
CHECKPOINT_BEST repeat=6 scope=internal_cv fold=4 phase=snde epoch=107 path=/data/adodas/VarCoNet-V2-main/xiaolunwen/experiment1c/checkpoints/worker_r6_best.pt
CHECKPOINT_LATEST repeat=6 scope=internal_cv fold=4 phase=snde epoch=107 path=/data/adodas/VarCoNet-V2-main/xiaolunwen/experiment1c/checkpoints/worker_r6_latest.pt
[SNDE] repeat=6 scope=internal_cv fold=4 epoch=107/149 train_bce=0.423752 val_bce=0.634295 best=Y best_epoch=107 asd_gate=(+0.017,-0.174,g0.810) hc_gate=(+0.044,-0.104,g0.852) pos_weight_l2=0.940357 neg_weight_l2=0.533939 mean_abs_pos_correction=0.053663 mean_abs_neg_correction=0.315539 elapsed_seconds=1.37
CHECKPOINT_BEST repeat=6 scope=internal_cv fold=4 phase=snde epoch=108 path=/data/adodas/VarCoNet-V2-main/xiaolunwen/experiment1c/checkpoints/worker_r6_best.pt
CHECKPOINT_LATEST repeat=6 scope=internal_cv fold=4 phase=snde epoch=108 path=/data/adodas/VarCoNet-V2-main/xiaolunwen/experiment1c/checkpoints/worker_r6_latest.pt
[SNDE] repeat=6 scope=internal_cv fold=4 epoch=108/149 train_bce=0.423643 val_bce=0.634276 best=Y best_epoch=108 asd_gate=(+0.017,-0.174,g0.810) hc_gate=(+0.044,-0.104,g0.852) pos_weight_l2=0.946697 neg_weight_l2=0.537910 mean_abs_pos_correction=0.053904 mean_abs_neg_correction=0.317053 elapsed_seconds=1.95
CHECKPOINT_BEST repeat=6 scope=internal_cv fold=4 phase=snde epoch=109 path=/data/adodas/VarCoNet-V2-main/xiaolunwen/experiment1c/checkpoints/worker_r6_best.pt
CHECKPOINT_LATEST repeat=6 scope=internal_cv fold=4 phase=snde epoch=109 path=/data/adodas/VarCoNet-V2-main/xiaolunwen/experiment1c/checkpoints/worker_r6_latest.pt
[SNDE] repeat=6 scope=internal_cv fold=4 epoch=109/149 train_bce=0.423535 val_bce=0.634262 best=Y best_epoch=109 asd_gate=(+0.017,-0.174,g0.810) hc_gate=(+0.044,-0.104,g0.852) pos_weight_l2=0.953019 neg_weight_l2=0.541874 mean_abs_pos_correction=0.054144 mean_abs_neg_correction=0.318571 elapsed_seconds=1.17
CHECKPOINT_BEST repeat=6 scope=internal_cv fold=4 phase=snde epoch=110 path=/data/adodas/VarCoNet-V2-main/xiaolunwen/experiment1c/checkpoints/worker_r6_best.pt
CHECKPOINT_LATEST repeat=6 scope=internal_cv fold=4 phase=snde epoch=110 path=/data/adodas/VarCoNet-V2-main/xiaolunwen/experiment1c/checkpoints/worker_r6_latest.pt
[SNDE] repeat=6 scope=internal_cv fold=4 epoch=110/149 train_bce=0.423428 val_bce=0.634252 best=Y best_epoch=110 asd_gate=(+0.017,-0.174,g0.810) hc_gate=(+0.044,-0.104,g0.852) pos_weight_l2=0.959324 neg_weight_l2=0.545830 mean_abs_pos_correction=0.054383 mean_abs_neg_correction=0.320089 elapsed_seconds=1.22
CHECKPOINT_BEST repeat=6 scope=internal_cv fold=4 phase=snde epoch=111 path=/data/adodas/VarCoNet-V2-main/xiaolunwen/experiment1c/checkpoints/worker_r6_best.pt
CHECKPOINT_LATEST repeat=6 scope=internal_cv fold=4 phase=snde epoch=111 path=/data/adodas/VarCoNet-V2-main/xiaolunwen/experiment1c/checkpoints/worker_r6_latest.pt
[SNDE] repeat=6 scope=internal_cv fold=4 epoch=111/149 train_bce=0.423322 val_bce=0.634245 best=Y best_epoch=111 asd_gate=(+0.017,-0.174,g0.810) hc_gate=(+0.044,-0.104,g0.852) pos_weight_l2=0.965612 neg_weight_l2=0.549780 mean_abs_pos_correction=0.054620 mean_abs_neg_correction=0.321602 elapsed_seconds=1.40
CHECKPOINT_BEST repeat=6 scope=internal_cv fold=4 phase=snde epoch=112 path=/data/adodas/VarCoNet-V2-main/xiaolunwen/experiment1c/checkpoints/worker_r6_best.pt
CHECKPOINT_LATEST repeat=6 scope=internal_cv fold=4 phase=snde epoch=112 path=/data/adodas/VarCoNet-V2-main/xiaolunwen/experiment1c/checkpoints/worker_r6_latest.pt
[SNDE] repeat=6 scope=internal_cv fold=4 epoch=112/149 train_bce=0.423217 val_bce=0.634241 best=Y best_epoch=112 asd_gate=(+0.017,-0.174,g0.810) hc_gate=(+0.044,-0.104,g0.852) pos_weight_l2=0.971884 neg_weight_l2=0.553722 mean_abs_pos_correction=0.054856 mean_abs_neg_correction=0.323106 elapsed_seconds=1.40
CHECKPOINT_BEST repeat=6 scope=internal_cv fold=4 phase=snde epoch=113 path=/data/adodas/VarCoNet-V2-main/xiaolunwen/experiment1c/checkpoints/worker_r6_best.pt
CHECKPOINT_LATEST repeat=6 scope=internal_cv fold=4 phase=snde epoch=113 path=/data/adodas/VarCoNet-V2-main/xiaolunwen/experiment1c/checkpoints/worker_r6_latest.pt
[SNDE] repeat=6 scope=internal_cv fold=4 epoch=113/149 train_bce=0.423113 val_bce=0.634238 best=Y best_epoch=113 asd_gate=(+0.017,-0.174,g0.810) hc_gate=(+0.044,-0.104,g0.852) pos_weight_l2=0.978140 neg_weight_l2=0.557657 mean_abs_pos_correction=0.055091 mean_abs_neg_correction=0.324598 elapsed_seconds=0.71
CHECKPOINT_BEST repeat=6 scope=internal_cv fold=4 phase=snde epoch=114 path=/data/adodas/VarCoNet-V2-main/xiaolunwen/experiment1c/checkpoints/worker_r6_best.pt
CHECKPOINT_LATEST repeat=6 scope=internal_cv fold=4 phase=snde epoch=114 path=/data/adodas/VarCoNet-V2-main/xiaolunwen/experiment1c/checkpoints/worker_r6_latest.pt
[SNDE] repeat=6 scope=internal_cv fold=4 epoch=114/149 train_bce=0.423010 val_bce=0.634237 best=Y best_epoch=114 asd_gate=(+0.017,-0.174,g0.810) hc_gate=(+0.044,-0.104,g0.852) pos_weight_l2=0.984379 neg_weight_l2=0.561585 mean_abs_pos_correction=0.055324 mean_abs_neg_correction=0.326076 elapsed_seconds=1.20
CHECKPOINT_LATEST repeat=6 scope=internal_cv fold=4 phase=snde epoch=120 path=/data/adodas/VarCoNet-V2-main/xiaolunwen/experiment1c/checkpoints/worker_r6_latest.pt
[SNDE] repeat=6 scope=internal_cv fold=4 epoch=120/149 train_bce=0.422408 val_bce=0.634266 best=N best_epoch=114 asd_gate=(+0.017,-0.174,g0.810) hc_gate=(+0.044,-0.104,g0.852) pos_weight_l2=1.021480 neg_weight_l2=0.585005 mean_abs_pos_correction=0.056697 mean_abs_neg_correction=0.334692 elapsed_seconds=1.06
CHECKPOINT_LATEST repeat=6 scope=internal_cv fold=4 phase=snde epoch=130 path=/data/adodas/VarCoNet-V2-main/xiaolunwen/experiment1c/checkpoints/worker_r6_latest.pt
[SNDE] repeat=6 scope=internal_cv fold=4 epoch=130/149 train_bce=0.421469 val_bce=0.634543 best=N best_epoch=114 asd_gate=(+0.017,-0.174,g0.810) hc_gate=(+0.044,-0.104,g0.852) pos_weight_l2=1.082089 neg_weight_l2=0.623495 mean_abs_pos_correction=0.058888 mean_abs_neg_correction=0.348880 elapsed_seconds=0.82
CHECKPOINT_LATEST repeat=6 scope=internal_cv fold=4 phase=snde epoch=140 path=/data/adodas/VarCoNet-V2-main/xiaolunwen/experiment1c/checkpoints/worker_r6_latest.pt
[SNDE] repeat=6 scope=internal_cv fold=4 epoch=140/149 train_bce=0.420601 val_bce=0.635008 best=N best_epoch=114 asd_gate=(+0.017,-0.174,g0.810) hc_gate=(+0.044,-0.104,g0.852) pos_weight_l2=1.141248 neg_weight_l2=0.661334 mean_abs_pos_correction=0.060967 mean_abs_neg_correction=0.362634 elapsed_seconds=0.83
CHECKPOINT_LATEST repeat=6 scope=internal_cv fold=4 phase=snde epoch=149 path=/data/adodas/VarCoNet-V2-main/xiaolunwen/experiment1c/checkpoints/worker_r6_latest.pt
[SNDE] repeat=6 scope=internal_cv fold=4 epoch=149/149 train_bce=0.419875 val_bce=0.635553 best=N best_epoch=114 asd_gate=(+0.017,-0.174,g0.810) hc_gate=(+0.044,-0.104,g0.852) pos_weight_l2=1.193309 neg_weight_l2=0.694860 mean_abs_pos_correction=0.062750 mean_abs_neg_correction=0.374643 elapsed_seconds=0.62
TASK_TRAINING_DONE repeat=6 scope=internal_cv fold=4 base_encoder_epoch=6 base_classifier_epoch=14 base_val_bce=0.644138 crsm_epoch=1 crsm_val_bce=0.643949 snde_epoch=114 snde_val_bce=0.634237 elapsed_minutes=5.1
TASK_DONE repeat=6 scope=internal_fold fold=4 method=baseline selected_encoder_epoch=6 test_auc=0.798137 test_bce=0.569227 elapsed_minutes=5.1
TASK_DONE repeat=6 scope=internal_fold fold=4 method=crsm_corrected selected_encoder_epoch=6 test_auc=0.798654 test_bce=0.567497 elapsed_minutes=5.1
TASK_DONE repeat=6 scope=internal_fold fold=4 method=selective_normative_deviation_experts selected_encoder_epoch=6 test_auc=0.778468 test_bce=0.602413 elapsed_minutes=5.1
TASK_START repeat=6 scope=internal_cv fold=5 seed=100605 device=cuda:0 methods=baseline,crsm_corrected,selective_normative_deviation_experts shared_encoder=Y reference_unique_n=674 train_n=750 val_n=120
CHECKPOINT_BEST repeat=6 scope=internal_cv fold=5 phase=ssl epoch=1 path=/data/adodas/VarCoNet-V2-main/xiaolunwen/experiment1c/checkpoints/worker_r6_best.pt
[SSL] repeat=6 scope=internal_cv fold=5 epoch=1/50 ssl_loss=0.100872 lr=0.000024107 base_val_bce=0.670750 base_best=Y base_cls_epoch=5 epoch_seconds=5.7 task_elapsed_minutes=0.1 gpu_alloc_gb=0.318 gpu_reserved_gb=1.744
[SSL] repeat=6 scope=internal_cv fold=5 epoch=2/50 ssl_loss=0.105142 lr=0.000038214 base_val_bce=0.678160 base_best=N base_cls_epoch=7 epoch_seconds=5.2 task_elapsed_minutes=0.2 gpu_alloc_gb=0.317 gpu_reserved_gb=2.008
[SSL] repeat=6 scope=internal_cv fold=5 epoch=3/50 ssl_loss=0.080135 lr=0.000052321 base_val_bce=0.681198 base_best=N base_cls_epoch=7 epoch_seconds=5.0 task_elapsed_minutes=0.3 gpu_alloc_gb=0.318 gpu_reserved_gb=1.744
[SSL] repeat=6 scope=internal_cv fold=5 epoch=4/50 ssl_loss=0.089333 lr=0.000066427 base_val_bce=0.678822 base_best=N base_cls_epoch=6 epoch_seconds=3.8 task_elapsed_minutes=0.3 gpu_alloc_gb=0.317 gpu_reserved_gb=2.008
CHECKPOINT_BEST repeat=6 scope=internal_cv fold=5 phase=ssl epoch=5 path=/data/adodas/VarCoNet-V2-main/xiaolunwen/experiment1c/checkpoints/worker_r6_best.pt
[SSL] repeat=6 scope=internal_cv fold=5 epoch=5/50 ssl_loss=0.093957 lr=0.000080534 base_val_bce=0.658139 base_best=Y base_cls_epoch=6 epoch_seconds=3.5 task_elapsed_minutes=0.4 gpu_alloc_gb=0.318 gpu_reserved_gb=1.744
[SSL] repeat=6 scope=internal_cv fold=5 epoch=6/50 ssl_loss=0.073403 lr=0.000094641 base_val_bce=0.662348 base_best=N base_cls_epoch=7 epoch_seconds=3.3 task_elapsed_minutes=0.4 gpu_alloc_gb=0.317 gpu_reserved_gb=2.008
[SSL] repeat=6 scope=internal_cv fold=5 epoch=7/50 ssl_loss=0.068500 lr=0.000108748 base_val_bce=0.661499 base_best=N base_cls_epoch=12 epoch_seconds=3.6 task_elapsed_minutes=0.5 gpu_alloc_gb=0.318 gpu_reserved_gb=1.744
[SSL] repeat=6 scope=internal_cv fold=5 epoch=8/50 ssl_loss=0.057517 lr=0.000122855 base_val_bce=0.668389 base_best=N base_cls_epoch=11 epoch_seconds=3.7 task_elapsed_minutes=0.6 gpu_alloc_gb=0.317 gpu_reserved_gb=2.008
[SSL] repeat=6 scope=internal_cv fold=5 epoch=9/50 ssl_loss=0.075307 lr=0.000136962 base_val_bce=0.662243 base_best=N base_cls_epoch=14 epoch_seconds=3.7 task_elapsed_minutes=0.6 gpu_alloc_gb=0.318 gpu_reserved_gb=1.744
CHECKPOINT_LATEST repeat=6 scope=internal_cv fold=5 phase=ssl epoch=10 path=/data/adodas/VarCoNet-V2-main/xiaolunwen/experiment1c/checkpoints/worker_r6_latest.pt
[SSL] repeat=6 scope=internal_cv fold=5 epoch=10/50 ssl_loss=0.046696 lr=0.000136962 base_val_bce=0.661940 base_best=N base_cls_epoch=13 epoch_seconds=4.1 task_elapsed_minutes=0.7 gpu_alloc_gb=0.317 gpu_reserved_gb=2.008
CHECKPOINT_BEST repeat=6 scope=internal_cv fold=5 phase=ssl epoch=11 path=/data/adodas/VarCoNet-V2-main/xiaolunwen/experiment1c/checkpoints/worker_r6_best.pt
[SSL] repeat=6 scope=internal_cv fold=5 epoch=11/50 ssl_loss=0.049531 lr=0.000136751 base_val_bce=0.639955 base_best=Y base_cls_epoch=11 epoch_seconds=3.8 task_elapsed_minutes=0.8 gpu_alloc_gb=0.318 gpu_reserved_gb=1.744
[SSL] repeat=6 scope=internal_cv fold=5 epoch=12/50 ssl_loss=0.053888 lr=0.000136119 base_val_bce=0.661935 base_best=N base_cls_epoch=13 epoch_seconds=4.4 task_elapsed_minutes=0.8 gpu_alloc_gb=0.317 gpu_reserved_gb=2.008
[SSL] repeat=6 scope=internal_cv fold=5 epoch=13/50 ssl_loss=0.047449 lr=0.000135070 base_val_bce=0.650993 base_best=N base_cls_epoch=12 epoch_seconds=3.8 task_elapsed_minutes=0.9 gpu_alloc_gb=0.318 gpu_reserved_gb=1.744
[SSL] repeat=6 scope=internal_cv fold=5 epoch=14/50 ssl_loss=0.054902 lr=0.000133610 base_val_bce=0.649863 base_best=N base_cls_epoch=14 epoch_seconds=3.9 task_elapsed_minutes=1.0 gpu_alloc_gb=0.317 gpu_reserved_gb=2.008
[SSL] repeat=6 scope=internal_cv fold=5 epoch=15/50 ssl_loss=0.053336 lr=0.000131749 base_val_bce=0.651539 base_best=N base_cls_epoch=14 epoch_seconds=3.9 task_elapsed_minutes=1.0 gpu_alloc_gb=0.318 gpu_reserved_gb=1.744
[SSL] repeat=6 scope=internal_cv fold=5 epoch=16/50 ssl_loss=0.046963 lr=0.000129498 base_val_bce=0.657826 base_best=N base_cls_epoch=14 epoch_seconds=3.9 task_elapsed_minutes=1.1 gpu_alloc_gb=0.317 gpu_reserved_gb=2.008
[SSL] repeat=6 scope=internal_cv fold=5 epoch=17/50 ssl_loss=0.048795 lr=0.000126870 base_val_bce=0.647922 base_best=N base_cls_epoch=13 epoch_seconds=3.8 task_elapsed_minutes=1.2 gpu_alloc_gb=0.318 gpu_reserved_gb=1.744
[SSL] repeat=6 scope=internal_cv fold=5 epoch=18/50 ssl_loss=0.037680 lr=0.000123883 base_val_bce=0.649509 base_best=N base_cls_epoch=13 epoch_seconds=3.8 task_elapsed_minutes=1.2 gpu_alloc_gb=0.317 gpu_reserved_gb=2.008
[SSL] repeat=6 scope=internal_cv fold=5 epoch=19/50 ssl_loss=0.043232 lr=0.000120554 base_val_bce=0.654422 base_best=N base_cls_epoch=14 epoch_seconds=3.8 task_elapsed_minutes=1.3 gpu_alloc_gb=0.318 gpu_reserved_gb=1.744
CHECKPOINT_LATEST repeat=6 scope=internal_cv fold=5 phase=ssl epoch=20 path=/data/adodas/VarCoNet-V2-main/xiaolunwen/experiment1c/checkpoints/worker_r6_latest.pt
[SSL] repeat=6 scope=internal_cv fold=5 epoch=20/50 ssl_loss=0.047817 lr=0.000116904 base_val_bce=0.654922 base_best=N base_cls_epoch=14 epoch_seconds=4.2 task_elapsed_minutes=1.4 gpu_alloc_gb=0.317 gpu_reserved_gb=2.008
[SSL] repeat=6 scope=internal_cv fold=5 epoch=21/50 ssl_loss=0.037276 lr=0.000112956 base_val_bce=0.652272 base_best=N base_cls_epoch=17 epoch_seconds=3.8 task_elapsed_minutes=1.4 gpu_alloc_gb=0.318 gpu_reserved_gb=1.744
[SSL] repeat=6 scope=internal_cv fold=5 epoch=22/50 ssl_loss=0.033804 lr=0.000108733 base_val_bce=0.661624 base_best=N base_cls_epoch=14 epoch_seconds=3.8 task_elapsed_minutes=1.5 gpu_alloc_gb=0.317 gpu_reserved_gb=2.008
[SSL] repeat=6 scope=internal_cv fold=5 epoch=23/50 ssl_loss=0.049589 lr=0.000104262 base_val_bce=0.645330 base_best=N base_cls_epoch=13 epoch_seconds=3.9 task_elapsed_minutes=1.5 gpu_alloc_gb=0.318 gpu_reserved_gb=1.744
[SSL] repeat=6 scope=internal_cv fold=5 epoch=24/50 ssl_loss=0.041752 lr=0.000099570 base_val_bce=0.654374 base_best=N base_cls_epoch=14 epoch_seconds=3.8 task_elapsed_minutes=1.6 gpu_alloc_gb=0.317 gpu_reserved_gb=2.008
[SSL] repeat=6 scope=internal_cv fold=5 epoch=25/50 ssl_loss=0.041426 lr=0.000094687 base_val_bce=0.652011 base_best=N base_cls_epoch=17 epoch_seconds=3.8 task_elapsed_minutes=1.7 gpu_alloc_gb=0.318 gpu_reserved_gb=1.744
[SSL] repeat=6 scope=internal_cv fold=5 epoch=26/50 ssl_loss=0.036779 lr=0.000089643 base_val_bce=0.651715 base_best=N base_cls_epoch=15 epoch_seconds=3.6 task_elapsed_minutes=1.7 gpu_alloc_gb=0.317 gpu_reserved_gb=2.008
[SSL] repeat=6 scope=internal_cv fold=5 epoch=27/50 ssl_loss=0.045129 lr=0.000084467 base_val_bce=0.647555 base_best=N base_cls_epoch=15 epoch_seconds=4.5 task_elapsed_minutes=1.8 gpu_alloc_gb=0.318 gpu_reserved_gb=1.744
CHECKPOINT_BEST repeat=6 scope=internal_cv fold=5 phase=ssl epoch=28 path=/data/adodas/VarCoNet-V2-main/xiaolunwen/experiment1c/checkpoints/worker_r6_best.pt
[SSL] repeat=6 scope=internal_cv fold=5 epoch=28/50 ssl_loss=0.029838 lr=0.000079194 base_val_bce=0.639002 base_best=Y base_cls_epoch=15 epoch_seconds=5.0 task_elapsed_minutes=1.9 gpu_alloc_gb=0.317 gpu_reserved_gb=2.008
[SSL] repeat=6 scope=internal_cv fold=5 epoch=29/50 ssl_loss=0.043443 lr=0.000073854 base_val_bce=0.646768 base_best=N base_cls_epoch=16 epoch_seconds=7.8 task_elapsed_minutes=2.0 gpu_alloc_gb=0.318 gpu_reserved_gb=1.744
CHECKPOINT_LATEST repeat=6 scope=internal_cv fold=5 phase=ssl epoch=30 path=/data/adodas/VarCoNet-V2-main/xiaolunwen/experiment1c/checkpoints/worker_r6_latest.pt
[SSL] repeat=6 scope=internal_cv fold=5 epoch=30/50 ssl_loss=0.041101 lr=0.000068481 base_val_bce=0.651228 base_best=N base_cls_epoch=15 epoch_seconds=8.5 task_elapsed_minutes=2.2 gpu_alloc_gb=0.317 gpu_reserved_gb=2.008
[SSL] repeat=6 scope=internal_cv fold=5 epoch=31/50 ssl_loss=0.046697 lr=0.000063108 base_val_bce=0.643468 base_best=N base_cls_epoch=16 epoch_seconds=8.2 task_elapsed_minutes=2.3 gpu_alloc_gb=0.318 gpu_reserved_gb=1.744
[SSL] repeat=6 scope=internal_cv fold=5 epoch=32/50 ssl_loss=0.037052 lr=0.000057768 base_val_bce=0.654516 base_best=N base_cls_epoch=14 epoch_seconds=8.4 task_elapsed_minutes=2.4 gpu_alloc_gb=0.317 gpu_reserved_gb=2.008
[SSL] repeat=6 scope=internal_cv fold=5 epoch=33/50 ssl_loss=0.038429 lr=0.000052494 base_val_bce=0.648158 base_best=N base_cls_epoch=19 epoch_seconds=6.4 task_elapsed_minutes=2.6 gpu_alloc_gb=0.318 gpu_reserved_gb=1.744
[SSL] repeat=6 scope=internal_cv fold=5 epoch=34/50 ssl_loss=0.030592 lr=0.000047319 base_val_bce=0.644894 base_best=N base_cls_epoch=16 epoch_seconds=8.0 task_elapsed_minutes=2.7 gpu_alloc_gb=0.317 gpu_reserved_gb=2.008
[SSL] repeat=6 scope=internal_cv fold=5 epoch=35/50 ssl_loss=0.038294 lr=0.000042274 base_val_bce=0.665209 base_best=N base_cls_epoch=13 epoch_seconds=6.9 task_elapsed_minutes=2.8 gpu_alloc_gb=0.318 gpu_reserved_gb=1.744
[SSL] repeat=6 scope=internal_cv fold=5 epoch=36/50 ssl_loss=0.040364 lr=0.000037391 base_val_bce=0.643238 base_best=N base_cls_epoch=16 epoch_seconds=3.9 task_elapsed_minutes=2.9 gpu_alloc_gb=0.317 gpu_reserved_gb=2.008
[SSL] repeat=6 scope=internal_cv fold=5 epoch=37/50 ssl_loss=0.040495 lr=0.000032700 base_val_bce=0.647251 base_best=N base_cls_epoch=17 epoch_seconds=3.4 task_elapsed_minutes=2.9 gpu_alloc_gb=0.318 gpu_reserved_gb=1.744
[SSL] repeat=6 scope=internal_cv fold=5 epoch=38/50 ssl_loss=0.040739 lr=0.000028229 base_val_bce=0.653693 base_best=N base_cls_epoch=16 epoch_seconds=3.3 task_elapsed_minutes=3.0 gpu_alloc_gb=0.317 gpu_reserved_gb=2.008
[SSL] repeat=6 scope=internal_cv fold=5 epoch=39/50 ssl_loss=0.038426 lr=0.000024006 base_val_bce=0.640723 base_best=N base_cls_epoch=14 epoch_seconds=3.1 task_elapsed_minutes=3.0 gpu_alloc_gb=0.318 gpu_reserved_gb=1.744
CHECKPOINT_LATEST repeat=6 scope=internal_cv fold=5 phase=ssl epoch=40 path=/data/adodas/VarCoNet-V2-main/xiaolunwen/experiment1c/checkpoints/worker_r6_latest.pt
[SSL] repeat=6 scope=internal_cv fold=5 epoch=40/50 ssl_loss=0.035562 lr=0.000020058 base_val_bce=0.648366 base_best=N base_cls_epoch=16 epoch_seconds=3.1 task_elapsed_minutes=3.1 gpu_alloc_gb=0.317 gpu_reserved_gb=2.008
[SSL] repeat=6 scope=internal_cv fold=5 epoch=41/50 ssl_loss=0.042101 lr=0.000016408 base_val_bce=0.655084 base_best=N base_cls_epoch=22 epoch_seconds=8.3 task_elapsed_minutes=3.2 gpu_alloc_gb=0.318 gpu_reserved_gb=1.744
[SSL] repeat=6 scope=internal_cv fold=5 epoch=42/50 ssl_loss=0.041643 lr=0.000013079 base_val_bce=0.653349 base_best=N base_cls_epoch=18 epoch_seconds=7.2 task_elapsed_minutes=3.3 gpu_alloc_gb=0.317 gpu_reserved_gb=2.008
[SSL] repeat=6 scope=internal_cv fold=5 epoch=43/50 ssl_loss=0.029070 lr=0.000010091 base_val_bce=0.647493 base_best=N base_cls_epoch=17 epoch_seconds=7.7 task_elapsed_minutes=3.5 gpu_alloc_gb=0.318 gpu_reserved_gb=1.744
[SSL] repeat=6 scope=internal_cv fold=5 epoch=44/50 ssl_loss=0.031050 lr=0.000007464 base_val_bce=0.643796 base_best=N base_cls_epoch=17 epoch_seconds=10.4 task_elapsed_minutes=3.7 gpu_alloc_gb=0.317 gpu_reserved_gb=2.008
[SSL] repeat=6 scope=internal_cv fold=5 epoch=45/50 ssl_loss=0.031347 lr=0.000005213 base_val_bce=0.658679 base_best=N base_cls_epoch=16 epoch_seconds=12.0 task_elapsed_minutes=3.9 gpu_alloc_gb=0.318 gpu_reserved_gb=1.744
[SSL] repeat=6 scope=internal_cv fold=5 epoch=46/50 ssl_loss=0.034229 lr=0.000003352 base_val_bce=0.643676 base_best=N base_cls_epoch=15 epoch_seconds=9.9 task_elapsed_minutes=4.0 gpu_alloc_gb=0.317 gpu_reserved_gb=2.008
[SSL] repeat=6 scope=internal_cv fold=5 epoch=47/50 ssl_loss=0.031069 lr=0.000001892 base_val_bce=0.639739 base_best=N base_cls_epoch=15 epoch_seconds=6.7 task_elapsed_minutes=4.1 gpu_alloc_gb=0.318 gpu_reserved_gb=1.744
[SSL] repeat=6 scope=internal_cv fold=5 epoch=48/50 ssl_loss=0.033571 lr=0.000000843 base_val_bce=0.644519 base_best=N base_cls_epoch=18 epoch_seconds=3.0 task_elapsed_minutes=4.2 gpu_alloc_gb=0.317 gpu_reserved_gb=2.008
[SSL] repeat=6 scope=internal_cv fold=5 epoch=49/50 ssl_loss=0.037091 lr=0.000000211 base_val_bce=0.657517 base_best=N base_cls_epoch=16 epoch_seconds=3.4 task_elapsed_minutes=4.2 gpu_alloc_gb=0.318 gpu_reserved_gb=1.744
CHECKPOINT_LATEST repeat=6 scope=internal_cv fold=5 phase=ssl epoch=50 path=/data/adodas/VarCoNet-V2-main/xiaolunwen/experiment1c/checkpoints/worker_r6_latest.pt
[SSL] repeat=6 scope=internal_cv fold=5 epoch=50/50 ssl_loss=0.043676 lr=0.000000000 base_val_bce=0.653162 base_best=N base_cls_epoch=20 epoch_seconds=4.6 task_elapsed_minutes=4.3 gpu_alloc_gb=0.317 gpu_reserved_gb=2.008
[CRSM_ZERO_BASELINE] repeat=6 scope=internal_cv fold=5 epoch=0 exact_zero=Y val_bce=0.639002 probability_max_abs=5.96e-08
CHECKPOINT_LATEST repeat=6 scope=internal_cv fold=5 phase=crsm_corrected epoch=0 path=/data/adodas/VarCoNet-V2-main/xiaolunwen/experiment1c/checkpoints/worker_r6_latest.pt
CHECKPOINT_BEST repeat=6 scope=internal_cv fold=5 phase=crsm_corrected epoch=0 path=/data/adodas/VarCoNet-V2-main/xiaolunwen/experiment1c/checkpoints/worker_r6_best.pt
CHECKPOINT_BEST repeat=6 scope=internal_cv fold=5 phase=crsm_corrected epoch=0 path=/data/adodas/VarCoNet-V2-main/xiaolunwen/experiment1c/checkpoints/worker_r6_best.pt
CHECKPOINT_LATEST repeat=6 scope=internal_cv fold=5 phase=crsm_corrected epoch=0 path=/data/adodas/VarCoNet-V2-main/xiaolunwen/experiment1c/checkpoints/worker_r6_latest.pt
[CRSM_SYMMETRY_START] repeat=6 scope=internal_cv fold=5 after_exact_zero=Y pca_unit_norm=1.00000000 pca_singular=149.816498 symmetry_scale=0.00123814179
CHECKPOINT_BEST repeat=6 scope=internal_cv fold=5 phase=crsm_corrected epoch=1 path=/data/adodas/VarCoNet-V2-main/xiaolunwen/experiment1c/checkpoints/worker_r6_best.pt
CHECKPOINT_LATEST repeat=6 scope=internal_cv fold=5 phase=crsm_corrected epoch=1 path=/data/adodas/VarCoNet-V2-main/xiaolunwen/experiment1c/checkpoints/worker_r6_latest.pt
[CRSM_CORRECTED] repeat=6 scope=internal_cv fold=5 epoch=1/149 train_loss=0.409152 val_bce=0.638841 best=Y best_epoch=1 asd_mass=(0.5018,0.4982) hc_mass=(0.5000,0.5000) delta_l2=(0.013796,0.013444) epoch_seconds=1.24
CHECKPOINT_BEST repeat=6 scope=internal_cv fold=5 phase=crsm_corrected epoch=2 path=/data/adodas/VarCoNet-V2-main/xiaolunwen/experiment1c/checkpoints/worker_r6_best.pt
CHECKPOINT_LATEST repeat=6 scope=internal_cv fold=5 phase=crsm_corrected epoch=2 path=/data/adodas/VarCoNet-V2-main/xiaolunwen/experiment1c/checkpoints/worker_r6_latest.pt
[CRSM_CORRECTED] repeat=6 scope=internal_cv fold=5 epoch=2/149 train_loss=0.401921 val_bce=0.638834 best=Y best_epoch=2 asd_mass=(0.5019,0.4981) hc_mass=(0.5000,0.5000) delta_l2=(0.027217,0.026868) epoch_seconds=10.24
CHECKPOINT_LATEST repeat=6 scope=internal_cv fold=5 phase=crsm_corrected epoch=10 path=/data/adodas/VarCoNet-V2-main/xiaolunwen/experiment1c/checkpoints/worker_r6_latest.pt
[CRSM_CORRECTED] repeat=6 scope=internal_cv fold=5 epoch=10/149 train_loss=0.352610 val_bce=0.643535 best=N best_epoch=2 asd_mass=(0.5026,0.4974) hc_mass=(0.5000,0.5000) delta_l2=(0.131390,0.131080) epoch_seconds=1.10
CHECKPOINT_LATEST repeat=6 scope=internal_cv fold=5 phase=crsm_corrected epoch=20 path=/data/adodas/VarCoNet-V2-main/xiaolunwen/experiment1c/checkpoints/worker_r6_latest.pt
[CRSM_CORRECTED] repeat=6 scope=internal_cv fold=5 epoch=20/149 train_loss=0.308309 val_bce=0.657553 best=N best_epoch=2 asd_mass=(0.5040,0.4960) hc_mass=(0.5000,0.5000) delta_l2=(0.251128,0.250813) epoch_seconds=0.60
CHECKPOINT_LATEST repeat=6 scope=internal_cv fold=5 phase=crsm_corrected epoch=30 path=/data/adodas/VarCoNet-V2-main/xiaolunwen/experiment1c/checkpoints/worker_r6_latest.pt
[CRSM_CORRECTED] repeat=6 scope=internal_cv fold=5 epoch=30/149 train_loss=0.277545 val_bce=0.675620 best=N best_epoch=2 asd_mass=(0.5061,0.4939) hc_mass=(0.5000,0.5000) delta_l2=(0.358004,0.357632) epoch_seconds=0.57
CHECKPOINT_LATEST repeat=6 scope=internal_cv fold=5 phase=crsm_corrected epoch=40 path=/data/adodas/VarCoNet-V2-main/xiaolunwen/experiment1c/checkpoints/worker_r6_latest.pt
[CRSM_CORRECTED] repeat=6 scope=internal_cv fold=5 epoch=40/149 train_loss=0.255826 val_bce=0.695022 best=N best_epoch=2 asd_mass=(0.5094,0.4906) hc_mass=(0.5000,0.5000) delta_l2=(0.452693,0.452201) epoch_seconds=0.90
CHECKPOINT_LATEST repeat=6 scope=internal_cv fold=5 phase=crsm_corrected epoch=50 path=/data/adodas/VarCoNet-V2-main/xiaolunwen/experiment1c/checkpoints/worker_r6_latest.pt
[CRSM_CORRECTED] repeat=6 scope=internal_cv fold=5 epoch=50/149 train_loss=0.240182 val_bce=0.714919 best=N best_epoch=2 asd_mass=(0.5139,0.4861) hc_mass=(0.5000,0.5000) delta_l2=(0.536776,0.536054) epoch_seconds=0.70
CHECKPOINT_LATEST repeat=6 scope=internal_cv fold=5 phase=crsm_corrected epoch=60 path=/data/adodas/VarCoNet-V2-main/xiaolunwen/experiment1c/checkpoints/worker_r6_latest.pt
[CRSM_CORRECTED] repeat=6 scope=internal_cv fold=5 epoch=60/149 train_loss=0.228614 val_bce=0.734894 best=N best_epoch=2 asd_mass=(0.5186,0.4814) hc_mass=(0.5000,0.5000) delta_l2=(0.611752,0.610767) epoch_seconds=0.61
CHECKPOINT_LATEST repeat=6 scope=internal_cv fold=5 phase=crsm_corrected epoch=70 path=/data/adodas/VarCoNet-V2-main/xiaolunwen/experiment1c/checkpoints/worker_r6_latest.pt
[CRSM_CORRECTED] repeat=6 scope=internal_cv fold=5 epoch=70/149 train_loss=0.219792 val_bce=0.754461 best=N best_epoch=2 asd_mass=(0.5224,0.4776) hc_mass=(0.4999,0.5001) delta_l2=(0.678937,0.677906) epoch_seconds=0.54
CHECKPOINT_LATEST repeat=6 scope=internal_cv fold=5 phase=crsm_corrected epoch=80 path=/data/adodas/VarCoNet-V2-main/xiaolunwen/experiment1c/checkpoints/worker_r6_latest.pt
[CRSM_CORRECTED] repeat=6 scope=internal_cv fold=5 epoch=80/149 train_loss=0.212874 val_bce=0.773470 best=N best_epoch=2 asd_mass=(0.5242,0.4758) hc_mass=(0.4999,0.5001) delta_l2=(0.739462,0.738979) epoch_seconds=0.43
CHECKPOINT_LATEST repeat=6 scope=internal_cv fold=5 phase=crsm_corrected epoch=90 path=/data/adodas/VarCoNet-V2-main/xiaolunwen/experiment1c/checkpoints/worker_r6_latest.pt
[CRSM_CORRECTED] repeat=6 scope=internal_cv fold=5 epoch=90/149 train_loss=0.207343 val_bce=0.791887 best=N best_epoch=2 asd_mass=(0.5242,0.4758) hc_mass=(0.4999,0.5001) delta_l2=(0.794265,0.795202) epoch_seconds=0.46
CHECKPOINT_LATEST repeat=6 scope=internal_cv fold=5 phase=crsm_corrected epoch=100 path=/data/adodas/VarCoNet-V2-main/xiaolunwen/experiment1c/checkpoints/worker_r6_latest.pt
[CRSM_CORRECTED] repeat=6 scope=internal_cv fold=5 epoch=100/149 train_loss=0.202877 val_bce=0.809581 best=N best_epoch=2 asd_mass=(0.5232,0.4768) hc_mass=(0.4999,0.5001) delta_l2=(0.844119,0.847360) epoch_seconds=0.43
CHECKPOINT_LATEST repeat=6 scope=internal_cv fold=5 phase=crsm_corrected epoch=110 path=/data/adodas/VarCoNet-V2-main/xiaolunwen/experiment1c/checkpoints/worker_r6_latest.pt
[CRSM_CORRECTED] repeat=6 scope=internal_cv fold=5 epoch=110/149 train_loss=0.199252 val_bce=0.826453 best=N best_epoch=2 asd_mass=(0.5216,0.4784) hc_mass=(0.5000,0.5000) delta_l2=(0.889657,0.895899) epoch_seconds=0.51
CHECKPOINT_LATEST repeat=6 scope=internal_cv fold=5 phase=crsm_corrected epoch=120 path=/data/adodas/VarCoNet-V2-main/xiaolunwen/experiment1c/checkpoints/worker_r6_latest.pt
[CRSM_CORRECTED] repeat=6 scope=internal_cv fold=5 epoch=120/149 train_loss=0.196301 val_bce=0.842484 best=N best_epoch=2 asd_mass=(0.5197,0.4803) hc_mass=(0.5000,0.5000) delta_l2=(0.931404,0.941092) epoch_seconds=0.52
CHECKPOINT_LATEST repeat=6 scope=internal_cv fold=5 phase=crsm_corrected epoch=130 path=/data/adodas/VarCoNet-V2-main/xiaolunwen/experiment1c/checkpoints/worker_r6_latest.pt
[CRSM_CORRECTED] repeat=6 scope=internal_cv fold=5 epoch=130/149 train_loss=0.193885 val_bce=0.857688 best=N best_epoch=2 asd_mass=(0.5179,0.4821) hc_mass=(0.5000,0.5000) delta_l2=(0.969813,0.983157) epoch_seconds=0.86
CHECKPOINT_LATEST repeat=6 scope=internal_cv fold=5 phase=crsm_corrected epoch=140 path=/data/adodas/VarCoNet-V2-main/xiaolunwen/experiment1c/checkpoints/worker_r6_latest.pt
[CRSM_CORRECTED] repeat=6 scope=internal_cv fold=5 epoch=140/149 train_loss=0.191894 val_bce=0.872093 best=N best_epoch=2 asd_mass=(0.5162,0.4838) hc_mass=(0.5000,0.5000) delta_l2=(1.005280,1.022317) epoch_seconds=0.43
CHECKPOINT_LATEST repeat=6 scope=internal_cv fold=5 phase=crsm_corrected epoch=149 path=/data/adodas/VarCoNet-V2-main/xiaolunwen/experiment1c/checkpoints/worker_r6_latest.pt
[CRSM_CORRECTED] repeat=6 scope=internal_cv fold=5 epoch=149/149 train_loss=0.190391 val_bce=0.884406 best=N best_epoch=2 asd_mass=(0.5147,0.4853) hc_mass=(0.5000,0.5000) delta_l2=(1.034973,1.055270) epoch_seconds=0.56
[SNDE_NORMATIVE] repeat=6 scope=internal_cv fold=5 n_unique_asd=357 n_unique_hc=317 roi_dim=384 std_floor=0.0013144516 pc1_explained_fraction=0.183237 hc_score_mean_before_norm=-2.40675e-08 hc_score_std_before_norm=6.36604 asd_positive_fraction=0.1681 asd_negative_fraction=0.0056 asd_generalist_fraction=0.8263 hc_positive_fraction=0.1073 hc_negative_fraction=0.0126 hc_generalist_fraction=0.8801
[SNDE_ZERO_BASELINE] repeat=6 scope=internal_cv fold=5 epoch=0 exact_zero=Y val_bce=0.639002 probability_max_abs=5.96e-08
CHECKPOINT_BEST repeat=6 scope=internal_cv fold=5 phase=snde epoch=0 path=/data/adodas/VarCoNet-V2-main/xiaolunwen/experiment1c/checkpoints/worker_r6_best.pt
CHECKPOINT_LATEST repeat=6 scope=internal_cv fold=5 phase=snde epoch=0 path=/data/adodas/VarCoNet-V2-main/xiaolunwen/experiment1c/checkpoints/worker_r6_latest.pt
CHECKPOINT_LATEST repeat=6 scope=internal_cv fold=5 phase=snde epoch=10 path=/data/adodas/VarCoNet-V2-main/xiaolunwen/experiment1c/checkpoints/worker_r6_latest.pt
[SNDE] repeat=6 scope=internal_cv fold=5 epoch=10/149 train_bce=0.396317 val_bce=0.644417 best=N best_epoch=0 asd_gate=(+0.168,-0.006,g0.826) hc_gate=(+0.107,-0.013,g0.880) pos_weight_l2=0.086090 neg_weight_l2=0.142041 mean_abs_pos_correction=0.125077 mean_abs_neg_correction=0.017965 elapsed_seconds=1.18
CHECKPOINT_LATEST repeat=6 scope=internal_cv fold=5 phase=snde epoch=20 path=/data/adodas/VarCoNet-V2-main/xiaolunwen/experiment1c/checkpoints/worker_r6_latest.pt
[SNDE] repeat=6 scope=internal_cv fold=5 epoch=20/149 train_bce=0.390887 val_bce=0.642132 best=N best_epoch=0 asd_gate=(+0.168,-0.006,g0.826) hc_gate=(+0.107,-0.013,g0.880) pos_weight_l2=0.145701 neg_weight_l2=0.230270 mean_abs_pos_correction=0.166341 mean_abs_neg_correction=0.028025 elapsed_seconds=0.75
CHECKPOINT_LATEST repeat=6 scope=internal_cv fold=5 phase=snde epoch=30 path=/data/adodas/VarCoNet-V2-main/xiaolunwen/experiment1c/checkpoints/worker_r6_latest.pt
[SNDE] repeat=6 scope=internal_cv fold=5 epoch=30/149 train_bce=0.387489 val_bce=0.647987 best=N best_epoch=0 asd_gate=(+0.168,-0.006,g0.826) hc_gate=(+0.107,-0.013,g0.880) pos_weight_l2=0.193664 neg_weight_l2=0.288882 mean_abs_pos_correction=0.210334 mean_abs_neg_correction=0.033536 elapsed_seconds=1.01
CHECKPOINT_LATEST repeat=6 scope=internal_cv fold=5 phase=snde epoch=40 path=/data/adodas/VarCoNet-V2-main/xiaolunwen/experiment1c/checkpoints/worker_r6_latest.pt
[SNDE] repeat=6 scope=internal_cv fold=5 epoch=40/149 train_bce=0.385120 val_bce=0.649573 best=N best_epoch=0 asd_gate=(+0.168,-0.006,g0.826) hc_gate=(+0.107,-0.013,g0.880) pos_weight_l2=0.237147 neg_weight_l2=0.333596 mean_abs_pos_correction=0.228195 mean_abs_neg_correction=0.036732 elapsed_seconds=1.10
CHECKPOINT_LATEST repeat=6 scope=internal_cv fold=5 phase=snde epoch=50 path=/data/adodas/VarCoNet-V2-main/xiaolunwen/experiment1c/checkpoints/worker_r6_latest.pt
[SNDE] repeat=6 scope=internal_cv fold=5 epoch=50/149 train_bce=0.383255 val_bce=0.651297 best=N best_epoch=0 asd_gate=(+0.168,-0.006,g0.826) hc_gate=(+0.107,-0.013,g0.880) pos_weight_l2=0.277761 neg_weight_l2=0.372806 mean_abs_pos_correction=0.241612 mean_abs_neg_correction=0.038796 elapsed_seconds=0.84
CHECKPOINT_LATEST repeat=6 scope=internal_cv fold=5 phase=snde epoch=60 path=/data/adodas/VarCoNet-V2-main/xiaolunwen/experiment1c/checkpoints/worker_r6_latest.pt
[SNDE] repeat=6 scope=internal_cv fold=5 epoch=60/149 train_bce=0.381675 val_bce=0.654513 best=N best_epoch=0 asd_gate=(+0.168,-0.006,g0.826) hc_gate=(+0.107,-0.013,g0.880) pos_weight_l2=0.316765 neg_weight_l2=0.409907 mean_abs_pos_correction=0.259683 mean_abs_neg_correction=0.040312 elapsed_seconds=0.72
CHECKPOINT_LATEST repeat=6 scope=internal_cv fold=5 phase=snde epoch=70 path=/data/adodas/VarCoNet-V2-main/xiaolunwen/experiment1c/checkpoints/worker_r6_latest.pt
[SNDE] repeat=6 scope=internal_cv fold=5 epoch=70/149 train_bce=0.380312 val_bce=0.656176 best=N best_epoch=0 asd_gate=(+0.168,-0.006,g0.826) hc_gate=(+0.107,-0.013,g0.880) pos_weight_l2=0.355029 neg_weight_l2=0.445935 mean_abs_pos_correction=0.272438 mean_abs_neg_correction=0.041557 elapsed_seconds=0.77
CHECKPOINT_LATEST repeat=6 scope=internal_cv fold=5 phase=snde epoch=80 path=/data/adodas/VarCoNet-V2-main/xiaolunwen/experiment1c/checkpoints/worker_r6_latest.pt
[SNDE] repeat=6 scope=internal_cv fold=5 epoch=80/149 train_bce=0.379113 val_bce=0.658216 best=N best_epoch=0 asd_gate=(+0.168,-0.006,g0.826) hc_gate=(+0.107,-0.013,g0.880) pos_weight_l2=0.392571 neg_weight_l2=0.481095 mean_abs_pos_correction=0.286209 mean_abs_neg_correction=0.042660 elapsed_seconds=0.73
CHECKPOINT_LATEST repeat=6 scope=internal_cv fold=5 phase=snde epoch=90 path=/data/adodas/VarCoNet-V2-main/xiaolunwen/experiment1c/checkpoints/worker_r6_latest.pt
[SNDE] repeat=6 scope=internal_cv fold=5 epoch=90/149 train_bce=0.378044 val_bce=0.660490 best=N best_epoch=0 asd_gate=(+0.168,-0.006,g0.826) hc_gate=(+0.107,-0.013,g0.880) pos_weight_l2=0.429457 neg_weight_l2=0.515404 mean_abs_pos_correction=0.301136 mean_abs_neg_correction=0.043680 elapsed_seconds=0.76
CHECKPOINT_LATEST repeat=6 scope=internal_cv fold=5 phase=snde epoch=100 path=/data/adodas/VarCoNet-V2-main/xiaolunwen/experiment1c/checkpoints/worker_r6_latest.pt
[SNDE] repeat=6 scope=internal_cv fold=5 epoch=100/149 train_bce=0.377081 val_bce=0.662126 best=N best_epoch=0 asd_gate=(+0.168,-0.006,g0.826) hc_gate=(+0.107,-0.013,g0.880) pos_weight_l2=0.465714 neg_weight_l2=0.548895 mean_abs_pos_correction=0.313802 mean_abs_neg_correction=0.044644 elapsed_seconds=0.82
CHECKPOINT_LATEST repeat=6 scope=internal_cv fold=5 phase=snde epoch=110 path=/data/adodas/VarCoNet-V2-main/xiaolunwen/experiment1c/checkpoints/worker_r6_latest.pt
[SNDE] repeat=6 scope=internal_cv fold=5 epoch=110/149 train_bce=0.376209 val_bce=0.663825 best=N best_epoch=0 asd_gate=(+0.168,-0.006,g0.826) hc_gate=(+0.107,-0.013,g0.880) pos_weight_l2=0.501268 neg_weight_l2=0.581649 mean_abs_pos_correction=0.326497 mean_abs_neg_correction=0.045568 elapsed_seconds=1.00
CHECKPOINT_LATEST repeat=6 scope=internal_cv fold=5 phase=snde epoch=120 path=/data/adodas/VarCoNet-V2-main/xiaolunwen/experiment1c/checkpoints/worker_r6_latest.pt
[SNDE] repeat=6 scope=internal_cv fold=5 epoch=120/149 train_bce=0.375415 val_bce=0.665600 best=N best_epoch=0 asd_gate=(+0.168,-0.006,g0.826) hc_gate=(+0.107,-0.013,g0.880) pos_weight_l2=0.536104 neg_weight_l2=0.613782 mean_abs_pos_correction=0.339050 mean_abs_neg_correction=0.046458 elapsed_seconds=0.75
CHECKPOINT_LATEST repeat=6 scope=internal_cv fold=5 phase=snde epoch=130 path=/data/adodas/VarCoNet-V2-main/xiaolunwen/experiment1c/checkpoints/worker_r6_latest.pt
[SNDE] repeat=6 scope=internal_cv fold=5 epoch=130/149 train_bce=0.374688 val_bce=0.667299 best=N best_epoch=0 asd_gate=(+0.168,-0.006,g0.826) hc_gate=(+0.107,-0.013,g0.880) pos_weight_l2=0.570231 neg_weight_l2=0.645423 mean_abs_pos_correction=0.351111 mean_abs_neg_correction=0.047321 elapsed_seconds=0.93
CHECKPOINT_LATEST repeat=6 scope=internal_cv fold=5 phase=snde epoch=140 path=/data/adodas/VarCoNet-V2-main/xiaolunwen/experiment1c/checkpoints/worker_r6_latest.pt
[SNDE] repeat=6 scope=internal_cv fold=5 epoch=140/149 train_bce=0.374021 val_bce=0.668999 best=N best_epoch=0 asd_gate=(+0.168,-0.006,g0.826) hc_gate=(+0.107,-0.013,g0.880) pos_weight_l2=0.603646 neg_weight_l2=0.676700 mean_abs_pos_correction=0.362902 mean_abs_neg_correction=0.048160 elapsed_seconds=0.92
CHECKPOINT_LATEST repeat=6 scope=internal_cv fold=5 phase=snde epoch=149 path=/data/adodas/VarCoNet-V2-main/xiaolunwen/experiment1c/checkpoints/worker_r6_latest.pt
[SNDE] repeat=6 scope=internal_cv fold=5 epoch=149/149 train_bce=0.373465 val_bce=0.670543 best=N best_epoch=0 asd_gate=(+0.168,-0.006,g0.826) hc_gate=(+0.107,-0.013,g0.880) pos_weight_l2=0.633117 neg_weight_l2=0.704632 mean_abs_pos_correction=0.373248 mean_abs_neg_correction=0.048897 elapsed_seconds=0.66
TASK_TRAINING_DONE repeat=6 scope=internal_cv fold=5 base_encoder_epoch=28 base_classifier_epoch=15 base_val_bce=0.639002 crsm_epoch=2 crsm_val_bce=0.638834 snde_epoch=0 snde_val_bce=0.639002 elapsed_minutes=5.3
TASK_DONE repeat=6 scope=internal_fold fold=5 method=baseline selected_encoder_epoch=28 test_auc=0.792942 test_bce=0.573314 elapsed_minutes=5.3
TASK_DONE repeat=6 scope=internal_fold fold=5 method=crsm_corrected selected_encoder_epoch=28 test_auc=0.792423 test_bce=0.569841 elapsed_minutes=5.3
TASK_DONE repeat=6 scope=internal_fold fold=5 method=selective_normative_deviation_experts selected_encoder_epoch=28 test_auc=0.792942 test_bce=0.573314 elapsed_minutes=5.3
TASK_START repeat=6 scope=internal_cv fold=6 seed=100606 device=cuda:0 methods=baseline,crsm_corrected,selective_normative_deviation_experts shared_encoder=Y reference_unique_n=674 train_n=750 val_n=120
CHECKPOINT_BEST repeat=6 scope=internal_cv fold=6 phase=ssl epoch=1 path=/data/adodas/VarCoNet-V2-main/xiaolunwen/experiment1c/checkpoints/worker_r6_best.pt
[SSL] repeat=6 scope=internal_cv fold=6 epoch=1/50 ssl_loss=0.178767 lr=0.000024107 base_val_bce=0.638319 base_best=Y base_cls_epoch=19 epoch_seconds=8.8 task_elapsed_minutes=0.2 gpu_alloc_gb=0.318 gpu_reserved_gb=1.744
[SSL] repeat=6 scope=internal_cv fold=6 epoch=2/50 ssl_loss=0.148118 lr=0.000038214 base_val_bce=0.641817 base_best=N base_cls_epoch=17 epoch_seconds=5.6 task_elapsed_minutes=0.2 gpu_alloc_gb=0.317 gpu_reserved_gb=2.008
[SSL] repeat=6 scope=internal_cv fold=6 epoch=3/50 ssl_loss=0.113801 lr=0.000052321 base_val_bce=0.642649 base_best=N base_cls_epoch=50 epoch_seconds=5.9 task_elapsed_minutes=0.4 gpu_alloc_gb=0.318 gpu_reserved_gb=1.744
CHECKPOINT_BEST repeat=6 scope=internal_cv fold=6 phase=ssl epoch=4 path=/data/adodas/VarCoNet-V2-main/xiaolunwen/experiment1c/checkpoints/worker_r6_best.pt
[SSL] repeat=6 scope=internal_cv fold=6 epoch=4/50 ssl_loss=0.115419 lr=0.000066427 base_val_bce=0.635468 base_best=Y base_cls_epoch=39 epoch_seconds=5.1 task_elapsed_minutes=0.4 gpu_alloc_gb=0.317 gpu_reserved_gb=2.008
[SSL] repeat=6 scope=internal_cv fold=6 epoch=5/50 ssl_loss=0.083644 lr=0.000080534 base_val_bce=0.644708 base_best=N base_cls_epoch=45 epoch_seconds=3.5 task_elapsed_minutes=0.5 gpu_alloc_gb=0.318 gpu_reserved_gb=1.744
[SSL] repeat=6 scope=internal_cv fold=6 epoch=6/50 ssl_loss=0.083390 lr=0.000094641 base_val_bce=0.642572 base_best=N base_cls_epoch=41 epoch_seconds=3.7 task_elapsed_minutes=0.6 gpu_alloc_gb=0.317 gpu_reserved_gb=2.008
CHECKPOINT_BEST repeat=6 scope=internal_cv fold=6 phase=ssl epoch=7 path=/data/adodas/VarCoNet-V2-main/xiaolunwen/experiment1c/checkpoints/worker_r6_best.pt
[SSL] repeat=6 scope=internal_cv fold=6 epoch=7/50 ssl_loss=0.084591 lr=0.000108748 base_val_bce=0.632469 base_best=Y base_cls_epoch=43 epoch_seconds=3.9 task_elapsed_minutes=0.6 gpu_alloc_gb=0.318 gpu_reserved_gb=1.744
[SSL] repeat=6 scope=internal_cv fold=6 epoch=8/50 ssl_loss=0.089151 lr=0.000122855 base_val_bce=0.635470 base_best=N base_cls_epoch=48 epoch_seconds=3.6 task_elapsed_minutes=0.7 gpu_alloc_gb=0.317 gpu_reserved_gb=2.008
CHECKPOINT_BEST repeat=6 scope=internal_cv fold=6 phase=ssl epoch=9 path=/data/adodas/VarCoNet-V2-main/xiaolunwen/experiment1c/checkpoints/worker_r6_best.pt
[SSL] repeat=6 scope=internal_cv fold=6 epoch=9/50 ssl_loss=0.063006 lr=0.000136962 base_val_bce=0.628202 base_best=Y base_cls_epoch=47 epoch_seconds=4.2 task_elapsed_minutes=0.8 gpu_alloc_gb=0.318 gpu_reserved_gb=1.744
CHECKPOINT_BEST repeat=6 scope=internal_cv fold=6 phase=ssl epoch=10 path=/data/adodas/VarCoNet-V2-main/xiaolunwen/experiment1c/checkpoints/worker_r6_best.pt
CHECKPOINT_LATEST repeat=6 scope=internal_cv fold=6 phase=ssl epoch=10 path=/data/adodas/VarCoNet-V2-main/xiaolunwen/experiment1c/checkpoints/worker_r6_latest.pt
[SSL] repeat=6 scope=internal_cv fold=6 epoch=10/50 ssl_loss=0.056881 lr=0.000136962 base_val_bce=0.628025 base_best=Y base_cls_epoch=47 epoch_seconds=4.5 task_elapsed_minutes=0.8 gpu_alloc_gb=0.317 gpu_reserved_gb=2.008
CHECKPOINT_BEST repeat=6 scope=internal_cv fold=6 phase=ssl epoch=11 path=/data/adodas/VarCoNet-V2-main/xiaolunwen/experiment1c/checkpoints/worker_r6_best.pt
[SSL] repeat=6 scope=internal_cv fold=6 epoch=11/50 ssl_loss=0.063445 lr=0.000136751 base_val_bce=0.617233 base_best=Y base_cls_epoch=44 epoch_seconds=4.4 task_elapsed_minutes=0.9 gpu_alloc_gb=0.318 gpu_reserved_gb=1.744
[SSL] repeat=6 scope=internal_cv fold=6 epoch=12/50 ssl_loss=0.069450 lr=0.000136119 base_val_bce=0.627003 base_best=N base_cls_epoch=45 epoch_seconds=3.8 task_elapsed_minutes=1.0 gpu_alloc_gb=0.317 gpu_reserved_gb=2.008
[SSL] repeat=6 scope=internal_cv fold=6 epoch=13/50 ssl_loss=0.053023 lr=0.000135070 base_val_bce=0.624342 base_best=N base_cls_epoch=40 epoch_seconds=3.9 task_elapsed_minutes=1.0 gpu_alloc_gb=0.318 gpu_reserved_gb=1.744
[SSL] repeat=6 scope=internal_cv fold=6 epoch=14/50 ssl_loss=0.057542 lr=0.000133610 base_val_bce=0.624238 base_best=N base_cls_epoch=45 epoch_seconds=3.6 task_elapsed_minutes=1.1 gpu_alloc_gb=0.317 gpu_reserved_gb=2.008
[SSL] repeat=6 scope=internal_cv fold=6 epoch=15/50 ssl_loss=0.047690 lr=0.000131749 base_val_bce=0.631823 base_best=N base_cls_epoch=45 epoch_seconds=3.8 task_elapsed_minutes=1.2 gpu_alloc_gb=0.318 gpu_reserved_gb=1.744
[SSL] repeat=6 scope=internal_cv fold=6 epoch=16/50 ssl_loss=0.061308 lr=0.000129498 base_val_bce=0.618064 base_best=N base_cls_epoch=43 epoch_seconds=3.6 task_elapsed_minutes=1.2 gpu_alloc_gb=0.317 gpu_reserved_gb=2.008
[SSL] repeat=6 scope=internal_cv fold=6 epoch=17/50 ssl_loss=0.059992 lr=0.000126870 base_val_bce=0.632980 base_best=N base_cls_epoch=44 epoch_seconds=3.6 task_elapsed_minutes=1.3 gpu_alloc_gb=0.318 gpu_reserved_gb=1.744
[SSL] repeat=6 scope=internal_cv fold=6 epoch=18/50 ssl_loss=0.054557 lr=0.000123883 base_val_bce=0.620860 base_best=N base_cls_epoch=46 epoch_seconds=3.7 task_elapsed_minutes=1.3 gpu_alloc_gb=0.317 gpu_reserved_gb=2.008
[SSL] repeat=6 scope=internal_cv fold=6 epoch=19/50 ssl_loss=0.059566 lr=0.000120554 base_val_bce=0.623233 base_best=N base_cls_epoch=46 epoch_seconds=3.8 task_elapsed_minutes=1.4 gpu_alloc_gb=0.318 gpu_reserved_gb=1.744
CHECKPOINT_BEST repeat=6 scope=internal_cv fold=6 phase=ssl epoch=20 path=/data/adodas/VarCoNet-V2-main/xiaolunwen/experiment1c/checkpoints/worker_r6_best.pt
CHECKPOINT_LATEST repeat=6 scope=internal_cv fold=6 phase=ssl epoch=20 path=/data/adodas/VarCoNet-V2-main/xiaolunwen/experiment1c/checkpoints/worker_r6_latest.pt
[SSL] repeat=6 scope=internal_cv fold=6 epoch=20/50 ssl_loss=0.053122 lr=0.000116904 base_val_bce=0.613274 base_best=Y base_cls_epoch=49 epoch_seconds=4.4 task_elapsed_minutes=1.5 gpu_alloc_gb=0.317 gpu_reserved_gb=2.008
CHECKPOINT_BEST repeat=6 scope=internal_cv fold=6 phase=ssl epoch=21 path=/data/adodas/VarCoNet-V2-main/xiaolunwen/experiment1c/checkpoints/worker_r6_best.pt
[SSL] repeat=6 scope=internal_cv fold=6 epoch=21/50 ssl_loss=0.049957 lr=0.000112956 base_val_bce=0.609630 base_best=Y base_cls_epoch=52 epoch_seconds=4.1 task_elapsed_minutes=1.5 gpu_alloc_gb=0.318 gpu_reserved_gb=1.744
CHECKPOINT_BEST repeat=6 scope=internal_cv fold=6 phase=ssl epoch=22 path=/data/adodas/VarCoNet-V2-main/xiaolunwen/experiment1c/checkpoints/worker_r6_best.pt
[SSL] repeat=6 scope=internal_cv fold=6 epoch=22/50 ssl_loss=0.044283 lr=0.000108733 base_val_bce=0.604900 base_best=Y base_cls_epoch=49 epoch_seconds=8.4 task_elapsed_minutes=1.7 gpu_alloc_gb=0.317 gpu_reserved_gb=2.008
[SSL] repeat=6 scope=internal_cv fold=6 epoch=23/50 ssl_loss=0.045845 lr=0.000104262 base_val_bce=0.612479 base_best=N base_cls_epoch=51 epoch_seconds=4.0 task_elapsed_minutes=1.8 gpu_alloc_gb=0.318 gpu_reserved_gb=1.744
[SSL] repeat=6 scope=internal_cv fold=6 epoch=24/50 ssl_loss=0.050431 lr=0.000099570 base_val_bce=0.613248 base_best=N base_cls_epoch=52 epoch_seconds=3.5 task_elapsed_minutes=1.8 gpu_alloc_gb=0.317 gpu_reserved_gb=2.008
CHECKPOINT_BEST repeat=6 scope=internal_cv fold=6 phase=ssl epoch=25 path=/data/adodas/VarCoNet-V2-main/xiaolunwen/experiment1c/checkpoints/worker_r6_best.pt
[SSL] repeat=6 scope=internal_cv fold=6 epoch=25/50 ssl_loss=0.044514 lr=0.000094687 base_val_bce=0.596731 base_best=Y base_cls_epoch=51 epoch_seconds=4.3 task_elapsed_minutes=1.9 gpu_alloc_gb=0.318 gpu_reserved_gb=1.744
[SSL] repeat=6 scope=internal_cv fold=6 epoch=26/50 ssl_loss=0.047855 lr=0.000089643 base_val_bce=0.610917 base_best=N base_cls_epoch=48 epoch_seconds=3.7 task_elapsed_minutes=2.0 gpu_alloc_gb=0.317 gpu_reserved_gb=2.008
[SSL] repeat=6 scope=internal_cv fold=6 epoch=27/50 ssl_loss=0.053637 lr=0.000084467 base_val_bce=0.604009 base_best=N base_cls_epoch=52 epoch_seconds=3.8 task_elapsed_minutes=2.0 gpu_alloc_gb=0.318 gpu_reserved_gb=1.744
[SSL] repeat=6 scope=internal_cv fold=6 epoch=28/50 ssl_loss=0.042208 lr=0.000079194 base_val_bce=0.604862 base_best=N base_cls_epoch=50 epoch_seconds=3.8 task_elapsed_minutes=2.1 gpu_alloc_gb=0.317 gpu_reserved_gb=2.008
[SSL] repeat=6 scope=internal_cv fold=6 epoch=29/50 ssl_loss=0.050584 lr=0.000073854 base_val_bce=0.597224 base_best=N base_cls_epoch=46 epoch_seconds=3.8 task_elapsed_minutes=2.1 gpu_alloc_gb=0.318 gpu_reserved_gb=1.744
CHECKPOINT_LATEST repeat=6 scope=internal_cv fold=6 phase=ssl epoch=30 path=/data/adodas/VarCoNet-V2-main/xiaolunwen/experiment1c/checkpoints/worker_r6_latest.pt
[SSL] repeat=6 scope=internal_cv fold=6 epoch=30/50 ssl_loss=0.039203 lr=0.000068481 base_val_bce=0.609112 base_best=N base_cls_epoch=48 epoch_seconds=4.2 task_elapsed_minutes=2.2 gpu_alloc_gb=0.317 gpu_reserved_gb=2.008
[SSL] repeat=6 scope=internal_cv fold=6 epoch=31/50 ssl_loss=0.046649 lr=0.000063108 base_val_bce=0.608748 base_best=N base_cls_epoch=53 epoch_seconds=3.8 task_elapsed_minutes=2.3 gpu_alloc_gb=0.318 gpu_reserved_gb=1.744
[SSL] repeat=6 scope=internal_cv fold=6 epoch=32/50 ssl_loss=0.054604 lr=0.000057768 base_val_bce=0.608402 base_best=N base_cls_epoch=50 epoch_seconds=3.9 task_elapsed_minutes=2.3 gpu_alloc_gb=0.317 gpu_reserved_gb=2.008
[SSL] repeat=6 scope=internal_cv fold=6 epoch=33/50 ssl_loss=0.051539 lr=0.000052494 base_val_bce=0.602948 base_best=N base_cls_epoch=51 epoch_seconds=3.8 task_elapsed_minutes=2.4 gpu_alloc_gb=0.318 gpu_reserved_gb=1.744
[SSL] repeat=6 scope=internal_cv fold=6 epoch=34/50 ssl_loss=0.047941 lr=0.000047319 base_val_bce=0.606386 base_best=N base_cls_epoch=49 epoch_seconds=3.9 task_elapsed_minutes=2.5 gpu_alloc_gb=0.317 gpu_reserved_gb=2.008
[SSL] repeat=6 scope=internal_cv fold=6 epoch=35/50 ssl_loss=0.049106 lr=0.000042274 base_val_bce=0.615440 base_best=N base_cls_epoch=50 epoch_seconds=3.4 task_elapsed_minutes=2.5 gpu_alloc_gb=0.318 gpu_reserved_gb=1.744
[SSL] repeat=6 scope=internal_cv fold=6 epoch=36/50 ssl_loss=0.050358 lr=0.000037391 base_val_bce=0.607091 base_best=N base_cls_epoch=51 epoch_seconds=3.3 task_elapsed_minutes=2.6 gpu_alloc_gb=0.317 gpu_reserved_gb=2.008
[SSL] repeat=6 scope=internal_cv fold=6 epoch=37/50 ssl_loss=0.047883 lr=0.000032700 base_val_bce=0.609080 base_best=N base_cls_epoch=56 epoch_seconds=3.0 task_elapsed_minutes=2.6 gpu_alloc_gb=0.318 gpu_reserved_gb=1.744
[SSL] repeat=6 scope=internal_cv fold=6 epoch=38/50 ssl_loss=0.043672 lr=0.000028229 base_val_bce=0.604280 base_best=N base_cls_epoch=48 epoch_seconds=2.9 task_elapsed_minutes=2.7 gpu_alloc_gb=0.317 gpu_reserved_gb=2.008
[SSL] repeat=6 scope=internal_cv fold=6 epoch=39/50 ssl_loss=0.039217 lr=0.000024006 base_val_bce=0.602477 base_best=N base_cls_epoch=52 epoch_seconds=3.0 task_elapsed_minutes=2.7 gpu_alloc_gb=0.318 gpu_reserved_gb=1.744
CHECKPOINT_LATEST repeat=6 scope=internal_cv fold=6 phase=ssl epoch=40 path=/data/adodas/VarCoNet-V2-main/xiaolunwen/experiment1c/checkpoints/worker_r6_latest.pt
[SSL] repeat=6 scope=internal_cv fold=6 epoch=40/50 ssl_loss=0.055262 lr=0.000020058 base_val_bce=0.603083 base_best=N base_cls_epoch=55 epoch_seconds=3.3 task_elapsed_minutes=2.8 gpu_alloc_gb=0.317 gpu_reserved_gb=2.008
[SSL] repeat=6 scope=internal_cv fold=6 epoch=41/50 ssl_loss=0.055456 lr=0.000016408 base_val_bce=0.607737 base_best=N base_cls_epoch=57 epoch_seconds=4.4 task_elapsed_minutes=2.9 gpu_alloc_gb=0.318 gpu_reserved_gb=1.744
[SSL] repeat=6 scope=internal_cv fold=6 epoch=42/50 ssl_loss=0.046752 lr=0.000013079 base_val_bce=0.601179 base_best=N base_cls_epoch=52 epoch_seconds=8.4 task_elapsed_minutes=3.0 gpu_alloc_gb=0.317 gpu_reserved_gb=2.008
[SSL] repeat=6 scope=internal_cv fold=6 epoch=43/50 ssl_loss=0.037879 lr=0.000010091 base_val_bce=0.605636 base_best=N base_cls_epoch=53 epoch_seconds=6.9 task_elapsed_minutes=3.1 gpu_alloc_gb=0.318 gpu_reserved_gb=1.744
[SSL] repeat=6 scope=internal_cv fold=6 epoch=44/50 ssl_loss=0.043677 lr=0.000007464 base_val_bce=0.608120 base_best=N base_cls_epoch=53 epoch_seconds=4.6 task_elapsed_minutes=3.2 gpu_alloc_gb=0.317 gpu_reserved_gb=2.008
[SSL] repeat=6 scope=internal_cv fold=6 epoch=45/50 ssl_loss=0.053574 lr=0.000005213 base_val_bce=0.599789 base_best=N base_cls_epoch=54 epoch_seconds=3.8 task_elapsed_minutes=3.3 gpu_alloc_gb=0.318 gpu_reserved_gb=1.744
[SSL] repeat=6 scope=internal_cv fold=6 epoch=46/50 ssl_loss=0.058429 lr=0.000003352 base_val_bce=0.598493 base_best=N base_cls_epoch=50 epoch_seconds=3.3 task_elapsed_minutes=3.3 gpu_alloc_gb=0.317 gpu_reserved_gb=2.008
[SSL] repeat=6 scope=internal_cv fold=6 epoch=47/50 ssl_loss=0.041395 lr=0.000001892 base_val_bce=0.606875 base_best=N base_cls_epoch=58 epoch_seconds=3.8 task_elapsed_minutes=3.4 gpu_alloc_gb=0.318 gpu_reserved_gb=1.744
[SSL] repeat=6 scope=internal_cv fold=6 epoch=48/50 ssl_loss=0.039891 lr=0.000000843 base_val_bce=0.604274 base_best=N base_cls_epoch=56 epoch_seconds=3.5 task_elapsed_minutes=3.4 gpu_alloc_gb=0.317 gpu_reserved_gb=2.008
[SSL] repeat=6 scope=internal_cv fold=6 epoch=49/50 ssl_loss=0.044218 lr=0.000000211 base_val_bce=0.610847 base_best=N base_cls_epoch=52 epoch_seconds=3.8 task_elapsed_minutes=3.5 gpu_alloc_gb=0.318 gpu_reserved_gb=1.744
CHECKPOINT_LATEST repeat=6 scope=internal_cv fold=6 phase=ssl epoch=50 path=/data/adodas/VarCoNet-V2-main/xiaolunwen/experiment1c/checkpoints/worker_r6_latest.pt
[SSL] repeat=6 scope=internal_cv fold=6 epoch=50/50 ssl_loss=0.039855 lr=0.000000000 base_val_bce=0.599806 base_best=N base_cls_epoch=56 epoch_seconds=3.7 task_elapsed_minutes=3.6 gpu_alloc_gb=0.317 gpu_reserved_gb=2.008
[CRSM_ZERO_BASELINE] repeat=6 scope=internal_cv fold=6 epoch=0 exact_zero=Y val_bce=0.596731 probability_max_abs=5.96e-08
CHECKPOINT_LATEST repeat=6 scope=internal_cv fold=6 phase=crsm_corrected epoch=0 path=/data/adodas/VarCoNet-V2-main/xiaolunwen/experiment1c/checkpoints/worker_r6_latest.pt
CHECKPOINT_BEST repeat=6 scope=internal_cv fold=6 phase=crsm_corrected epoch=0 path=/data/adodas/VarCoNet-V2-main/xiaolunwen/experiment1c/checkpoints/worker_r6_best.pt
CHECKPOINT_BEST repeat=6 scope=internal_cv fold=6 phase=crsm_corrected epoch=0 path=/data/adodas/VarCoNet-V2-main/xiaolunwen/experiment1c/checkpoints/worker_r6_best.pt
CHECKPOINT_LATEST repeat=6 scope=internal_cv fold=6 phase=crsm_corrected epoch=0 path=/data/adodas/VarCoNet-V2-main/xiaolunwen/experiment1c/checkpoints/worker_r6_latest.pt
[CRSM_SYMMETRY_START] repeat=6 scope=internal_cv fold=6 after_exact_zero=Y pca_unit_norm=1.00000000 pca_singular=152.109894 symmetry_scale=0.00262754504
CHECKPOINT_LATEST repeat=6 scope=internal_cv fold=6 phase=crsm_corrected epoch=10 path=/data/adodas/VarCoNet-V2-main/xiaolunwen/experiment1c/checkpoints/worker_r6_latest.pt
[CRSM_CORRECTED] repeat=6 scope=internal_cv fold=6 epoch=10/149 train_loss=0.140367 val_bce=0.605010 best=N best_epoch=0 asd_mass=(0.5066,0.4934) hc_mass=(0.5000,0.5000) delta_l2=(0.130557,0.129434) epoch_seconds=0.64
CHECKPOINT_LATEST repeat=6 scope=internal_cv fold=6 phase=crsm_corrected epoch=20 path=/data/adodas/VarCoNet-V2-main/xiaolunwen/experiment1c/checkpoints/worker_r6_latest.pt
[CRSM_CORRECTED] repeat=6 scope=internal_cv fold=6 epoch=20/149 train_loss=0.121617 val_bce=0.618835 best=N best_epoch=0 asd_mass=(0.5096,0.4904) hc_mass=(0.5000,0.5000) delta_l2=(0.248130,0.247004) epoch_seconds=0.50
CHECKPOINT_LATEST repeat=6 scope=internal_cv fold=6 phase=crsm_corrected epoch=30 path=/data/adodas/VarCoNet-V2-main/xiaolunwen/experiment1c/checkpoints/worker_r6_latest.pt
[CRSM_CORRECTED] repeat=6 scope=internal_cv fold=6 epoch=30/149 train_loss=0.108559 val_bce=0.634021 best=N best_epoch=0 asd_mass=(0.5140,0.4860) hc_mass=(0.5000,0.5000) delta_l2=(0.353629,0.352426) epoch_seconds=0.53
CHECKPOINT_LATEST repeat=6 scope=internal_cv fold=6 phase=crsm_corrected epoch=40 path=/data/adodas/VarCoNet-V2-main/xiaolunwen/experiment1c/checkpoints/worker_r6_latest.pt
[CRSM_CORRECTED] repeat=6 scope=internal_cv fold=6 epoch=40/149 train_loss=0.099335 val_bce=0.650531 best=N best_epoch=0 asd_mass=(0.5203,0.4797) hc_mass=(0.5000,0.5000) delta_l2=(0.447553,0.446330) epoch_seconds=0.52
CHECKPOINT_LATEST repeat=6 scope=internal_cv fold=6 phase=crsm_corrected epoch=50 path=/data/adodas/VarCoNet-V2-main/xiaolunwen/experiment1c/checkpoints/worker_r6_latest.pt
[CRSM_CORRECTED] repeat=6 scope=internal_cv fold=6 epoch=50/149 train_loss=0.092697 val_bce=0.668502 best=N best_epoch=0 asd_mass=(0.5279,0.4721) hc_mass=(0.5000,0.5000) delta_l2=(0.530807,0.529742) epoch_seconds=0.51
CHECKPOINT_LATEST repeat=6 scope=internal_cv fold=6 phase=crsm_corrected epoch=60 path=/data/adodas/VarCoNet-V2-main/xiaolunwen/experiment1c/checkpoints/worker_r6_latest.pt
[CRSM_CORRECTED] repeat=6 scope=internal_cv fold=6 epoch=60/149 train_loss=0.087797 val_bce=0.687252 best=N best_epoch=0 asd_mass=(0.5352,0.4648) hc_mass=(0.5000,0.5000) delta_l2=(0.604564,0.604120) epoch_seconds=0.52
CHECKPOINT_LATEST repeat=6 scope=internal_cv fold=6 phase=crsm_corrected epoch=70 path=/data/adodas/VarCoNet-V2-main/xiaolunwen/experiment1c/checkpoints/worker_r6_latest.pt
[CRSM_CORRECTED] repeat=6 scope=internal_cv fold=6 epoch=70/149 train_loss=0.084078 val_bce=0.705823 best=N best_epoch=0 asd_mass=(0.5412,0.4588) hc_mass=(0.5000,0.5000) delta_l2=(0.670084,0.671097) epoch_seconds=0.65
CHECKPOINT_LATEST repeat=6 scope=internal_cv fold=6 phase=crsm_corrected epoch=80 path=/data/adodas/VarCoNet-V2-main/xiaolunwen/experiment1c/checkpoints/worker_r6_latest.pt
[CRSM_CORRECTED] repeat=6 scope=internal_cv fold=6 epoch=80/149 train_loss=0.081193 val_bce=0.723778 best=N best_epoch=0 asd_mass=(0.5453,0.4547) hc_mass=(0.5000,0.5000) delta_l2=(0.728544,0.732118) epoch_seconds=0.95
CHECKPOINT_LATEST repeat=6 scope=internal_cv fold=6 phase=crsm_corrected epoch=90 path=/data/adodas/VarCoNet-V2-main/xiaolunwen/experiment1c/checkpoints/worker_r6_latest.pt
[CRSM_CORRECTED] repeat=6 scope=internal_cv fold=6 epoch=90/149 train_loss=0.078919 val_bce=0.741067 best=N best_epoch=0 asd_mass=(0.5478,0.4522) hc_mass=(0.5000,0.5000) delta_l2=(0.780978,0.788239) epoch_seconds=0.40
CHECKPOINT_LATEST repeat=6 scope=internal_cv fold=6 phase=crsm_corrected epoch=100 path=/data/adodas/VarCoNet-V2-main/xiaolunwen/experiment1c/checkpoints/worker_r6_latest.pt
[CRSM_CORRECTED] repeat=6 scope=internal_cv fold=6 epoch=100/149 train_loss=0.077108 val_bce=0.757637 best=N best_epoch=0 asd_mass=(0.5494,0.4506) hc_mass=(0.5000,0.5000) delta_l2=(0.828285,0.840128) epoch_seconds=0.72
CHECKPOINT_LATEST repeat=6 scope=internal_cv fold=6 phase=crsm_corrected epoch=110 path=/data/adodas/VarCoNet-V2-main/xiaolunwen/experiment1c/checkpoints/worker_r6_latest.pt
[CRSM_CORRECTED] repeat=6 scope=internal_cv fold=6 epoch=110/149 train_loss=0.075654 val_bce=0.773514 best=N best_epoch=0 asd_mass=(0.5504,0.4496) hc_mass=(0.5000,0.5000) delta_l2=(0.871231,0.888185) epoch_seconds=0.34
CHECKPOINT_LATEST repeat=6 scope=internal_cv fold=6 phase=crsm_corrected epoch=120 path=/data/adodas/VarCoNet-V2-main/xiaolunwen/experiment1c/checkpoints/worker_r6_latest.pt
[CRSM_CORRECTED] repeat=6 scope=internal_cv fold=6 epoch=120/149 train_loss=0.074476 val_bce=0.788736 best=N best_epoch=0 asd_mass=(0.5510,0.4490) hc_mass=(0.5000,0.5000) delta_l2=(0.910457,0.932710) epoch_seconds=0.56
CHECKPOINT_LATEST repeat=6 scope=internal_cv fold=6 phase=crsm_corrected epoch=130 path=/data/adodas/VarCoNet-V2-main/xiaolunwen/experiment1c/checkpoints/worker_r6_latest.pt
[CRSM_CORRECTED] repeat=6 scope=internal_cv fold=6 epoch=130/149 train_loss=0.073514 val_bce=0.803317 best=N best_epoch=0 asd_mass=(0.5514,0.4486) hc_mass=(0.5000,0.5000) delta_l2=(0.946490,0.973992) epoch_seconds=0.33
CHECKPOINT_LATEST repeat=6 scope=internal_cv fold=6 phase=crsm_corrected epoch=140 path=/data/adodas/VarCoNet-V2-main/xiaolunwen/experiment1c/checkpoints/worker_r6_latest.pt
[CRSM_CORRECTED] repeat=6 scope=internal_cv fold=6 epoch=140/149 train_loss=0.072721 val_bce=0.817247 best=N best_epoch=0 asd_mass=(0.5516,0.4484) hc_mass=(0.5000,0.5000) delta_l2=(0.979759,1.012328) epoch_seconds=0.57
CHECKPOINT_LATEST repeat=6 scope=internal_cv fold=6 phase=crsm_corrected epoch=149 path=/data/adodas/VarCoNet-V2-main/xiaolunwen/experiment1c/checkpoints/worker_r6_latest.pt
[CRSM_CORRECTED] repeat=6 scope=internal_cv fold=6 epoch=149/149 train_loss=0.072122 val_bce=0.829223 best=N best_epoch=0 asd_mass=(0.5516,0.4484) hc_mass=(0.5000,0.5000) delta_l2=(1.007628,1.044555) epoch_seconds=0.82
[SNDE_NORMATIVE] repeat=6 scope=internal_cv fold=6 n_unique_asd=357 n_unique_hc=317 roi_dim=384 std_floor=0.00136098 pc1_explained_fraction=0.207131 hc_score_mean_before_norm=-1.20337e-07 hc_score_std_before_norm=7.49399 asd_positive_fraction=0.1120 asd_negative_fraction=0.0000 asd_generalist_fraction=0.8880 hc_positive_fraction=0.0852 hc_negative_fraction=0.0063 hc_generalist_fraction=0.9085
[SNDE_ZERO_BASELINE] repeat=6 scope=internal_cv fold=6 epoch=0 exact_zero=Y val_bce=0.596731 probability_max_abs=5.96e-08
CHECKPOINT_BEST repeat=6 scope=internal_cv fold=6 phase=snde epoch=0 path=/data/adodas/VarCoNet-V2-main/xiaolunwen/experiment1c/checkpoints/worker_r6_best.pt
CHECKPOINT_LATEST repeat=6 scope=internal_cv fold=6 phase=snde epoch=0 path=/data/adodas/VarCoNet-V2-main/xiaolunwen/experiment1c/checkpoints/worker_r6_latest.pt
CHECKPOINT_LATEST repeat=6 scope=internal_cv fold=6 phase=snde epoch=10 path=/data/adodas/VarCoNet-V2-main/xiaolunwen/experiment1c/checkpoints/worker_r6_latest.pt
[SNDE] repeat=6 scope=internal_cv fold=6 epoch=10/149 train_bce=0.160413 val_bce=0.621048 best=N best_epoch=0 asd_gate=(+0.112,-0.000,g0.888) hc_gate=(+0.085,-0.006,g0.909) pos_weight_l2=0.083609 neg_weight_l2=0.190871 mean_abs_pos_correction=0.116123 mean_abs_neg_correction=0.000381 elapsed_seconds=0.57
CHECKPOINT_LATEST repeat=6 scope=internal_cv fold=6 phase=snde epoch=20 path=/data/adodas/VarCoNet-V2-main/xiaolunwen/experiment1c/checkpoints/worker_r6_latest.pt
[SNDE] repeat=6 scope=internal_cv fold=6 epoch=20/149 train_bce=0.158701 val_bce=0.609786 best=N best_epoch=0 asd_gate=(+0.112,-0.000,g0.888) hc_gate=(+0.085,-0.006,g0.909) pos_weight_l2=0.133593 neg_weight_l2=0.371916 mean_abs_pos_correction=0.143191 mean_abs_neg_correction=0.000738 elapsed_seconds=0.73
CHECKPOINT_LATEST repeat=6 scope=internal_cv fold=6 phase=snde epoch=30 path=/data/adodas/VarCoNet-V2-main/xiaolunwen/experiment1c/checkpoints/worker_r6_latest.pt
[SNDE] repeat=6 scope=internal_cv fold=6 epoch=30/149 train_bce=0.157770 val_bce=0.603139 best=N best_epoch=0 asd_gate=(+0.112,-0.000,g0.888) hc_gate=(+0.085,-0.006,g0.909) pos_weight_l2=0.174166 neg_weight_l2=0.539705 mean_abs_pos_correction=0.172469 mean_abs_neg_correction=0.001061 elapsed_seconds=0.74
CHECKPOINT_LATEST repeat=6 scope=internal_cv fold=6 phase=snde epoch=40 path=/data/adodas/VarCoNet-V2-main/xiaolunwen/experiment1c/checkpoints/worker_r6_latest.pt
[SNDE] repeat=6 scope=internal_cv fold=6 epoch=40/149 train_bce=0.157182 val_bce=0.598919 best=N best_epoch=0 asd_gate=(+0.112,-0.000,g0.888) hc_gate=(+0.085,-0.006,g0.909) pos_weight_l2=0.208505 neg_weight_l2=0.695235 mean_abs_pos_correction=0.188031 mean_abs_neg_correction=0.001346 elapsed_seconds=0.81
CHECKPOINT_LATEST repeat=6 scope=internal_cv fold=6 phase=snde epoch=50 path=/data/adodas/VarCoNet-V2-main/xiaolunwen/experiment1c/checkpoints/worker_r6_latest.pt
[SNDE] repeat=6 scope=internal_cv fold=6 epoch=50/149 train_bce=0.156767 val_bce=0.598513 best=N best_epoch=0 asd_gate=(+0.112,-0.000,g0.888) hc_gate=(+0.085,-0.006,g0.909) pos_weight_l2=0.238757 neg_weight_l2=0.841632 mean_abs_pos_correction=0.206187 mean_abs_neg_correction=0.001598 elapsed_seconds=0.96
CHECKPOINT_LATEST repeat=6 scope=internal_cv fold=6 phase=snde epoch=60 path=/data/adodas/VarCoNet-V2-main/xiaolunwen/experiment1c/checkpoints/worker_r6_latest.pt
[SNDE] repeat=6 scope=internal_cv fold=6 epoch=60/149 train_bce=0.156451 val_bce=0.599429 best=N best_epoch=0 asd_gate=(+0.112,-0.000,g0.888) hc_gate=(+0.085,-0.006,g0.909) pos_weight_l2=0.266103 neg_weight_l2=0.981958 mean_abs_pos_correction=0.220094 mean_abs_neg_correction=0.001823 elapsed_seconds=0.57
CHECKPOINT_LATEST repeat=6 scope=internal_cv fold=6 phase=snde epoch=70 path=/data/adodas/VarCoNet-V2-main/xiaolunwen/experiment1c/checkpoints/worker_r6_latest.pt
[SNDE] repeat=6 scope=internal_cv fold=6 epoch=70/149 train_bce=0.156200 val_bce=0.600773 best=N best_epoch=0 asd_gate=(+0.112,-0.000,g0.888) hc_gate=(+0.085,-0.006,g0.909) pos_weight_l2=0.291338 neg_weight_l2=1.118444 mean_abs_pos_correction=0.233810 mean_abs_neg_correction=0.002026 elapsed_seconds=0.64
CHECKPOINT_LATEST repeat=6 scope=internal_cv fold=6 phase=snde epoch=80 path=/data/adodas/VarCoNet-V2-main/xiaolunwen/experiment1c/checkpoints/worker_r6_latest.pt
[SNDE] repeat=6 scope=internal_cv fold=6 epoch=80/149 train_bce=0.155993 val_bce=0.602499 best=N best_epoch=0 asd_gate=(+0.112,-0.000,g0.888) hc_gate=(+0.085,-0.006,g0.909) pos_weight_l2=0.315119 neg_weight_l2=1.252488 mean_abs_pos_correction=0.244861 mean_abs_neg_correction=0.002211 elapsed_seconds=3.12
CHECKPOINT_LATEST repeat=6 scope=internal_cv fold=6 phase=snde epoch=90 path=/data/adodas/VarCoNet-V2-main/xiaolunwen/experiment1c/checkpoints/worker_r6_latest.pt
[SNDE] repeat=6 scope=internal_cv fold=6 epoch=90/149 train_bce=0.155818 val_bce=0.604000 best=N best_epoch=0 asd_gate=(+0.112,-0.000,g0.888) hc_gate=(+0.085,-0.006,g0.909) pos_weight_l2=0.337730 neg_weight_l2=1.384905 mean_abs_pos_correction=0.256176 mean_abs_neg_correction=0.002383 elapsed_seconds=1.97
CHECKPOINT_LATEST repeat=6 scope=internal_cv fold=6 phase=snde epoch=100 path=/data/adodas/VarCoNet-V2-main/xiaolunwen/experiment1c/checkpoints/worker_r6_latest.pt
[SNDE] repeat=6 scope=internal_cv fold=6 epoch=100/149 train_bce=0.155667 val_bce=0.605769 best=N best_epoch=0 asd_gate=(+0.112,-0.000,g0.888) hc_gate=(+0.085,-0.006,g0.909) pos_weight_l2=0.359352 neg_weight_l2=1.516156 mean_abs_pos_correction=0.265906 mean_abs_neg_correction=0.002543 elapsed_seconds=0.66
CHECKPOINT_LATEST repeat=6 scope=internal_cv fold=6 phase=snde epoch=110 path=/data/adodas/VarCoNet-V2-main/xiaolunwen/experiment1c/checkpoints/worker_r6_latest.pt
[SNDE] repeat=6 scope=internal_cv fold=6 epoch=110/149 train_bce=0.155534 val_bce=0.607444 best=N best_epoch=0 asd_gate=(+0.112,-0.000,g0.888) hc_gate=(+0.085,-0.006,g0.909) pos_weight_l2=0.380128 neg_weight_l2=1.646498 mean_abs_pos_correction=0.275424 mean_abs_neg_correction=0.002694 elapsed_seconds=0.77
CHECKPOINT_LATEST repeat=6 scope=internal_cv fold=6 phase=snde epoch=120 path=/data/adodas/VarCoNet-V2-main/xiaolunwen/experiment1c/checkpoints/worker_r6_latest.pt
[SNDE] repeat=6 scope=internal_cv fold=6 epoch=120/149 train_bce=0.155416 val_bce=0.609176 best=N best_epoch=0 asd_gate=(+0.112,-0.000,g0.888) hc_gate=(+0.085,-0.006,g0.909) pos_weight_l2=0.400148 neg_weight_l2=1.776069 mean_abs_pos_correction=0.284266 mean_abs_neg_correction=0.002837 elapsed_seconds=0.54
CHECKPOINT_LATEST repeat=6 scope=internal_cv fold=6 phase=snde epoch=130 path=/data/adodas/VarCoNet-V2-main/xiaolunwen/experiment1c/checkpoints/worker_r6_latest.pt
[SNDE] repeat=6 scope=internal_cv fold=6 epoch=130/149 train_bce=0.155310 val_bce=0.610926 best=N best_epoch=0 asd_gate=(+0.112,-0.000,g0.888) hc_gate=(+0.085,-0.006,g0.909) pos_weight_l2=0.419504 neg_weight_l2=1.904943 mean_abs_pos_correction=0.292657 mean_abs_neg_correction=0.002972 elapsed_seconds=0.46
CHECKPOINT_LATEST repeat=6 scope=internal_cv fold=6 phase=snde epoch=140 path=/data/adodas/VarCoNet-V2-main/xiaolunwen/experiment1c/checkpoints/worker_r6_latest.pt
[SNDE] repeat=6 scope=internal_cv fold=6 epoch=140/149 train_bce=0.155213 val_bce=0.612637 best=N best_epoch=0 asd_gate=(+0.112,-0.000,g0.888) hc_gate=(+0.085,-0.006,g0.909) pos_weight_l2=0.438284 neg_weight_l2=2.033155 mean_abs_pos_correction=0.300840 mean_abs_neg_correction=0.003101 elapsed_seconds=0.54
CHECKPOINT_LATEST repeat=6 scope=internal_cv fold=6 phase=snde epoch=149 path=/data/adodas/VarCoNet-V2-main/xiaolunwen/experiment1c/checkpoints/worker_r6_latest.pt
[SNDE] repeat=6 scope=internal_cv fold=6 epoch=149/149 train_bce=0.155132 val_bce=0.614201 best=N best_epoch=0 asd_gate=(+0.112,-0.000,g0.888) hc_gate=(+0.085,-0.006,g0.909) pos_weight_l2=0.454753 neg_weight_l2=2.147990 mean_abs_pos_correction=0.307914 mean_abs_neg_correction=0.003213 elapsed_seconds=0.57
TASK_TRAINING_DONE repeat=6 scope=internal_cv fold=6 base_encoder_epoch=25 base_classifier_epoch=51 base_val_bce=0.596731 crsm_epoch=0 crsm_val_bce=0.596731 snde_epoch=0 snde_val_bce=0.596731 elapsed_minutes=4.2
TASK_DONE repeat=6 scope=internal_fold fold=6 method=baseline selected_encoder_epoch=25 test_auc=0.663726 test_bce=0.693263 elapsed_minutes=4.2
TASK_DONE repeat=6 scope=internal_fold fold=6 method=crsm_corrected selected_encoder_epoch=25 test_auc=0.663726 test_bce=0.693263 elapsed_minutes=4.2
TASK_DONE repeat=6 scope=internal_fold fold=6 method=selective_normative_deviation_experts selected_encoder_epoch=25 test_auc=0.663726 test_bce=0.693263 elapsed_minutes=4.2
TASK_START repeat=6 scope=internal_cv fold=7 seed=100607 device=cuda:0 methods=baseline,crsm_corrected,selective_normative_deviation_experts shared_encoder=Y reference_unique_n=674 train_n=750 val_n=120
CHECKPOINT_BEST repeat=6 scope=internal_cv fold=7 phase=ssl epoch=1 path=/data/adodas/VarCoNet-V2-main/xiaolunwen/experiment1c/checkpoints/worker_r6_best.pt
[SSL] repeat=6 scope=internal_cv fold=7 epoch=1/50 ssl_loss=0.102959 lr=0.000024107 base_val_bce=0.639215 base_best=Y base_cls_epoch=22 epoch_seconds=4.8 task_elapsed_minutes=0.1 gpu_alloc_gb=0.318 gpu_reserved_gb=1.744
[SSL] repeat=6 scope=internal_cv fold=7 epoch=2/50 ssl_loss=0.104043 lr=0.000038214 base_val_bce=0.644658 base_best=N base_cls_epoch=25 epoch_seconds=3.1 task_elapsed_minutes=0.1 gpu_alloc_gb=0.317 gpu_reserved_gb=2.008
[SSL] repeat=6 scope=internal_cv fold=7 epoch=3/50 ssl_loss=0.087449 lr=0.000052321 base_val_bce=0.642135 base_best=N base_cls_epoch=23 epoch_seconds=3.0 task_elapsed_minutes=0.2 gpu_alloc_gb=0.318 gpu_reserved_gb=1.744
CHECKPOINT_BEST repeat=6 scope=internal_cv fold=7 phase=ssl epoch=4 path=/data/adodas/VarCoNet-V2-main/xiaolunwen/experiment1c/checkpoints/worker_r6_best.pt
[SSL] repeat=6 scope=internal_cv fold=7 epoch=4/50 ssl_loss=0.091927 lr=0.000066427 base_val_bce=0.628166 base_best=Y base_cls_epoch=19 epoch_seconds=4.0 task_elapsed_minutes=0.3 gpu_alloc_gb=0.317 gpu_reserved_gb=2.008
[SSL] repeat=6 scope=internal_cv fold=7 epoch=5/50 ssl_loss=0.087100 lr=0.000080534 base_val_bce=0.651156 base_best=N base_cls_epoch=21 epoch_seconds=3.5 task_elapsed_minutes=0.3 gpu_alloc_gb=0.318 gpu_reserved_gb=1.744
[SSL] repeat=6 scope=internal_cv fold=7 epoch=6/50 ssl_loss=0.075428 lr=0.000094641 base_val_bce=0.635731 base_best=N base_cls_epoch=21 epoch_seconds=3.5 task_elapsed_minutes=0.4 gpu_alloc_gb=0.317 gpu_reserved_gb=2.008
[SSL] repeat=6 scope=internal_cv fold=7 epoch=7/50 ssl_loss=0.079569 lr=0.000108748 base_val_bce=0.638081 base_best=N base_cls_epoch=24 epoch_seconds=3.6 task_elapsed_minutes=0.4 gpu_alloc_gb=0.318 gpu_reserved_gb=1.744
CHECKPOINT_BEST repeat=6 scope=internal_cv fold=7 phase=ssl epoch=8 path=/data/adodas/VarCoNet-V2-main/xiaolunwen/experiment1c/checkpoints/worker_r6_best.pt
[SSL] repeat=6 scope=internal_cv fold=7 epoch=8/50 ssl_loss=0.080950 lr=0.000122855 base_val_bce=0.625758 base_best=Y base_cls_epoch=26 epoch_seconds=4.0 task_elapsed_minutes=0.5 gpu_alloc_gb=0.317 gpu_reserved_gb=2.008
CHECKPOINT_BEST repeat=6 scope=internal_cv fold=7 phase=ssl epoch=9 path=/data/adodas/VarCoNet-V2-main/xiaolunwen/experiment1c/checkpoints/worker_r6_best.pt
[SSL] repeat=6 scope=internal_cv fold=7 epoch=9/50 ssl_loss=0.084291 lr=0.000136962 base_val_bce=0.623773 base_best=Y base_cls_epoch=29 epoch_seconds=3.9 task_elapsed_minutes=0.6 gpu_alloc_gb=0.318 gpu_reserved_gb=1.744
CHECKPOINT_BEST repeat=6 scope=internal_cv fold=7 phase=ssl epoch=10 path=/data/adodas/VarCoNet-V2-main/xiaolunwen/experiment1c/checkpoints/worker_r6_best.pt
CHECKPOINT_LATEST repeat=6 scope=internal_cv fold=7 phase=ssl epoch=10 path=/data/adodas/VarCoNet-V2-main/xiaolunwen/experiment1c/checkpoints/worker_r6_latest.pt
[SSL] repeat=6 scope=internal_cv fold=7 epoch=10/50 ssl_loss=0.064626 lr=0.000136962 base_val_bce=0.616729 base_best=Y base_cls_epoch=27 epoch_seconds=4.7 task_elapsed_minutes=0.6 gpu_alloc_gb=0.317 gpu_reserved_gb=2.008
[SSL] repeat=6 scope=internal_cv fold=7 epoch=11/50 ssl_loss=0.061821 lr=0.000136751 base_val_bce=0.630147 base_best=N base_cls_epoch=30 epoch_seconds=6.0 task_elapsed_minutes=0.7 gpu_alloc_gb=0.318 gpu_reserved_gb=1.744
CHECKPOINT_BEST repeat=6 scope=internal_cv fold=7 phase=ssl epoch=12 path=/data/adodas/VarCoNet-V2-main/xiaolunwen/experiment1c/checkpoints/worker_r6_best.pt
[SSL] repeat=6 scope=internal_cv fold=7 epoch=12/50 ssl_loss=0.056363 lr=0.000136119 base_val_bce=0.614035 base_best=Y base_cls_epoch=28 epoch_seconds=5.2 task_elapsed_minutes=0.8 gpu_alloc_gb=0.317 gpu_reserved_gb=2.008
[SSL] repeat=6 scope=internal_cv fold=7 epoch=13/50 ssl_loss=0.064362 lr=0.000135070 base_val_bce=0.620377 base_best=N base_cls_epoch=32 epoch_seconds=3.9 task_elapsed_minutes=0.9 gpu_alloc_gb=0.318 gpu_reserved_gb=1.744
[SSL] repeat=6 scope=internal_cv fold=7 epoch=14/50 ssl_loss=0.043804 lr=0.000133610 base_val_bce=0.616769 base_best=N base_cls_epoch=34 epoch_seconds=3.0 task_elapsed_minutes=1.0 gpu_alloc_gb=0.317 gpu_reserved_gb=2.008
[SSL] repeat=6 scope=internal_cv fold=7 epoch=15/50 ssl_loss=0.060148 lr=0.000131749 base_val_bce=0.625963 base_best=N base_cls_epoch=31 epoch_seconds=4.0 task_elapsed_minutes=1.0 gpu_alloc_gb=0.318 gpu_reserved_gb=1.744
[SSL] repeat=6 scope=internal_cv fold=7 epoch=16/50 ssl_loss=0.041049 lr=0.000129498 base_val_bce=0.623903 base_best=N base_cls_epoch=31 epoch_seconds=6.0 task_elapsed_minutes=1.1 gpu_alloc_gb=0.317 gpu_reserved_gb=2.008
[SSL] repeat=6 scope=internal_cv fold=7 epoch=17/50 ssl_loss=0.041490 lr=0.000126870 base_val_bce=0.619739 base_best=N base_cls_epoch=34 epoch_seconds=8.0 task_elapsed_minutes=1.3 gpu_alloc_gb=0.318 gpu_reserved_gb=1.744
[SSL] repeat=6 scope=internal_cv fold=7 epoch=18/50 ssl_loss=0.052257 lr=0.000123883 base_val_bce=0.617143 base_best=N base_cls_epoch=29 epoch_seconds=6.1 task_elapsed_minutes=1.4 gpu_alloc_gb=0.317 gpu_reserved_gb=2.008
CHECKPOINT_BEST repeat=6 scope=internal_cv fold=7 phase=ssl epoch=19 path=/data/adodas/VarCoNet-V2-main/xiaolunwen/experiment1c/checkpoints/worker_r6_best.pt
[SSL] repeat=6 scope=internal_cv fold=7 epoch=19/50 ssl_loss=0.048136 lr=0.000120554 base_val_bce=0.612710 base_best=Y base_cls_epoch=30 epoch_seconds=6.4 task_elapsed_minutes=1.5 gpu_alloc_gb=0.318 gpu_reserved_gb=1.744
CHECKPOINT_LATEST repeat=6 scope=internal_cv fold=7 phase=ssl epoch=20 path=/data/adodas/VarCoNet-V2-main/xiaolunwen/experiment1c/checkpoints/worker_r6_latest.pt
[SSL] repeat=6 scope=internal_cv fold=7 epoch=20/50 ssl_loss=0.045971 lr=0.000116904 base_val_bce=0.615189 base_best=N base_cls_epoch=34 epoch_seconds=6.4 task_elapsed_minutes=1.6 gpu_alloc_gb=0.317 gpu_reserved_gb=2.008
[SSL] repeat=6 scope=internal_cv fold=7 epoch=21/50 ssl_loss=0.046979 lr=0.000112956 base_val_bce=0.621739 base_best=N base_cls_epoch=24 epoch_seconds=6.8 task_elapsed_minutes=1.7 gpu_alloc_gb=0.318 gpu_reserved_gb=1.744
[SSL] repeat=6 scope=internal_cv fold=7 epoch=22/50 ssl_loss=0.043122 lr=0.000108733 base_val_bce=0.617752 base_best=N base_cls_epoch=29 epoch_seconds=7.8 task_elapsed_minutes=1.8 gpu_alloc_gb=0.317 gpu_reserved_gb=2.008
[SSL] repeat=6 scope=internal_cv fold=7 epoch=23/50 ssl_loss=0.038439 lr=0.000104262 base_val_bce=0.618793 base_best=N base_cls_epoch=33 epoch_seconds=5.9 task_elapsed_minutes=1.9 gpu_alloc_gb=0.318 gpu_reserved_gb=1.744
[SSL] repeat=6 scope=internal_cv fold=7 epoch=24/50 ssl_loss=0.045708 lr=0.000099570 base_val_bce=0.618163 base_best=N base_cls_epoch=27 epoch_seconds=6.0 task_elapsed_minutes=2.0 gpu_alloc_gb=0.317 gpu_reserved_gb=2.008
[SSL] repeat=6 scope=internal_cv fold=7 epoch=25/50 ssl_loss=0.057794 lr=0.000094687 base_val_bce=0.626207 base_best=N base_cls_epoch=30 epoch_seconds=6.0 task_elapsed_minutes=2.1 gpu_alloc_gb=0.318 gpu_reserved_gb=1.744
[SSL] repeat=6 scope=internal_cv fold=7 epoch=26/50 ssl_loss=0.048333 lr=0.000089643 base_val_bce=0.618501 base_best=N base_cls_epoch=31 epoch_seconds=4.6 task_elapsed_minutes=2.2 gpu_alloc_gb=0.317 gpu_reserved_gb=2.008
[SSL] repeat=6 scope=internal_cv fold=7 epoch=27/50 ssl_loss=0.045318 lr=0.000084467 base_val_bce=0.624219 base_best=N base_cls_epoch=30 epoch_seconds=3.7 task_elapsed_minutes=2.3 gpu_alloc_gb=0.318 gpu_reserved_gb=1.744
[SSL] repeat=6 scope=internal_cv fold=7 epoch=28/50 ssl_loss=0.043867 lr=0.000079194 base_val_bce=0.624067 base_best=N base_cls_epoch=33 epoch_seconds=3.8 task_elapsed_minutes=2.3 gpu_alloc_gb=0.317 gpu_reserved_gb=2.008
CHECKPOINT_BEST repeat=6 scope=internal_cv fold=7 phase=ssl epoch=29 path=/data/adodas/VarCoNet-V2-main/xiaolunwen/experiment1c/checkpoints/worker_r6_best.pt
[SSL] repeat=6 scope=internal_cv fold=7 epoch=29/50 ssl_loss=0.049445 lr=0.000073854 base_val_bce=0.611706 base_best=Y base_cls_epoch=31 epoch_seconds=13.6 task_elapsed_minutes=2.6 gpu_alloc_gb=0.318 gpu_reserved_gb=1.744
CHECKPOINT_LATEST repeat=6 scope=internal_cv fold=7 phase=ssl epoch=30 path=/data/adodas/VarCoNet-V2-main/xiaolunwen/experiment1c/checkpoints/worker_r6_latest.pt
[SSL] repeat=6 scope=internal_cv fold=7 epoch=30/50 ssl_loss=0.038941 lr=0.000068481 base_val_bce=0.628328 base_best=N base_cls_epoch=30 epoch_seconds=4.2 task_elapsed_minutes=2.6 gpu_alloc_gb=0.317 gpu_reserved_gb=2.008
[SSL] repeat=6 scope=internal_cv fold=7 epoch=31/50 ssl_loss=0.034870 lr=0.000063108 base_val_bce=0.625828 base_best=N base_cls_epoch=31 epoch_seconds=3.4 task_elapsed_minutes=2.7 gpu_alloc_gb=0.318 gpu_reserved_gb=1.744
[SSL] repeat=6 scope=internal_cv fold=7 epoch=32/50 ssl_loss=0.037925 lr=0.000057768 base_val_bce=0.622968 base_best=N base_cls_epoch=29 epoch_seconds=3.4 task_elapsed_minutes=2.7 gpu_alloc_gb=0.317 gpu_reserved_gb=2.008
[SSL] repeat=6 scope=internal_cv fold=7 epoch=33/50 ssl_loss=0.049133 lr=0.000052494 base_val_bce=0.626533 base_best=N base_cls_epoch=28 epoch_seconds=3.6 task_elapsed_minutes=2.8 gpu_alloc_gb=0.318 gpu_reserved_gb=1.744
[SSL] repeat=6 scope=internal_cv fold=7 epoch=34/50 ssl_loss=0.043774 lr=0.000047319 base_val_bce=0.636554 base_best=N base_cls_epoch=29 epoch_seconds=5.3 task_elapsed_minutes=2.9 gpu_alloc_gb=0.317 gpu_reserved_gb=2.008
[SSL] repeat=6 scope=internal_cv fold=7 epoch=35/50 ssl_loss=0.048840 lr=0.000042274 base_val_bce=0.618186 base_best=N base_cls_epoch=31 epoch_seconds=5.1 task_elapsed_minutes=3.0 gpu_alloc_gb=0.318 gpu_reserved_gb=1.744
[SSL] repeat=6 scope=internal_cv fold=7 epoch=36/50 ssl_loss=0.038484 lr=0.000037391 base_val_bce=0.627668 base_best=N base_cls_epoch=32 epoch_seconds=4.5 task_elapsed_minutes=3.1 gpu_alloc_gb=0.317 gpu_reserved_gb=2.008
[SSL] repeat=6 scope=internal_cv fold=7 epoch=37/50 ssl_loss=0.037048 lr=0.000032700 base_val_bce=0.624731 base_best=N base_cls_epoch=29 epoch_seconds=5.1 task_elapsed_minutes=3.1 gpu_alloc_gb=0.318 gpu_reserved_gb=1.744
[SSL] repeat=6 scope=internal_cv fold=7 epoch=38/50 ssl_loss=0.037389 lr=0.000028229 base_val_bce=0.629029 base_best=N base_cls_epoch=29 epoch_seconds=5.7 task_elapsed_minutes=3.2 gpu_alloc_gb=0.317 gpu_reserved_gb=2.008
[SSL] repeat=6 scope=internal_cv fold=7 epoch=39/50 ssl_loss=0.041213 lr=0.000024006 base_val_bce=0.621345 base_best=N base_cls_epoch=30 epoch_seconds=5.5 task_elapsed_minutes=3.3 gpu_alloc_gb=0.318 gpu_reserved_gb=1.744
CHECKPOINT_LATEST repeat=6 scope=internal_cv fold=7 phase=ssl epoch=40 path=/data/adodas/VarCoNet-V2-main/xiaolunwen/experiment1c/checkpoints/worker_r6_latest.pt
[SSL] repeat=6 scope=internal_cv fold=7 epoch=40/50 ssl_loss=0.032968 lr=0.000020058 base_val_bce=0.627708 base_best=N base_cls_epoch=32 epoch_seconds=4.0 task_elapsed_minutes=3.4 gpu_alloc_gb=0.317 gpu_reserved_gb=2.008
CHECKPOINT_BEST repeat=6 scope=internal_cv fold=7 phase=ssl epoch=41 path=/data/adodas/VarCoNet-V2-main/xiaolunwen/experiment1c/checkpoints/worker_r6_best.pt
[SSL] repeat=6 scope=internal_cv fold=7 epoch=41/50 ssl_loss=0.037745 lr=0.000016408 base_val_bce=0.610247 base_best=Y base_cls_epoch=27 epoch_seconds=4.1 task_elapsed_minutes=3.5 gpu_alloc_gb=0.318 gpu_reserved_gb=1.744
[SSL] repeat=6 scope=internal_cv fold=7 epoch=42/50 ssl_loss=0.029969 lr=0.000013079 base_val_bce=0.625643 base_best=N base_cls_epoch=29 epoch_seconds=3.6 task_elapsed_minutes=3.5 gpu_alloc_gb=0.317 gpu_reserved_gb=2.008
[SSL] repeat=6 scope=internal_cv fold=7 epoch=43/50 ssl_loss=0.039134 lr=0.000010091 base_val_bce=0.633867 base_best=N base_cls_epoch=31 epoch_seconds=3.7 task_elapsed_minutes=3.6 gpu_alloc_gb=0.318 gpu_reserved_gb=1.744
[SSL] repeat=6 scope=internal_cv fold=7 epoch=44/50 ssl_loss=0.042648 lr=0.000007464 base_val_bce=0.624850 base_best=N base_cls_epoch=29 epoch_seconds=3.8 task_elapsed_minutes=3.7 gpu_alloc_gb=0.317 gpu_reserved_gb=2.008
[SSL] repeat=6 scope=internal_cv fold=7 epoch=45/50 ssl_loss=0.041559 lr=0.000005213 base_val_bce=0.623701 base_best=N base_cls_epoch=27 epoch_seconds=3.9 task_elapsed_minutes=3.7 gpu_alloc_gb=0.318 gpu_reserved_gb=1.744
[SSL] repeat=6 scope=internal_cv fold=7 epoch=46/50 ssl_loss=0.045907 lr=0.000003352 base_val_bce=0.631830 base_best=N base_cls_epoch=31 epoch_seconds=3.8 task_elapsed_minutes=3.8 gpu_alloc_gb=0.317 gpu_reserved_gb=2.008
[SSL] repeat=6 scope=internal_cv fold=7 epoch=47/50 ssl_loss=0.043811 lr=0.000001892 base_val_bce=0.623123 base_best=N base_cls_epoch=30 epoch_seconds=3.6 task_elapsed_minutes=3.8 gpu_alloc_gb=0.318 gpu_reserved_gb=1.744
[SSL] repeat=6 scope=internal_cv fold=7 epoch=48/50 ssl_loss=0.049105 lr=0.000000843 base_val_bce=0.625964 base_best=N base_cls_epoch=27 epoch_seconds=3.8 task_elapsed_minutes=3.9 gpu_alloc_gb=0.317 gpu_reserved_gb=2.008
[SSL] repeat=6 scope=internal_cv fold=7 epoch=49/50 ssl_loss=0.034482 lr=0.000000211 base_val_bce=0.619919 base_best=N base_cls_epoch=30 epoch_seconds=3.8 task_elapsed_minutes=4.0 gpu_alloc_gb=0.318 gpu_reserved_gb=1.744
CHECKPOINT_LATEST repeat=6 scope=internal_cv fold=7 phase=ssl epoch=50 path=/data/adodas/VarCoNet-V2-main/xiaolunwen/experiment1c/checkpoints/worker_r6_latest.pt
[SSL] repeat=6 scope=internal_cv fold=7 epoch=50/50 ssl_loss=0.048543 lr=0.000000000 base_val_bce=0.619618 base_best=N base_cls_epoch=29 epoch_seconds=4.2 task_elapsed_minutes=4.0 gpu_alloc_gb=0.317 gpu_reserved_gb=2.008
[CRSM_ZERO_BASELINE] repeat=6 scope=internal_cv fold=7 epoch=0 exact_zero=Y val_bce=0.610247 probability_max_abs=1.19e-07
CHECKPOINT_LATEST repeat=6 scope=internal_cv fold=7 phase=crsm_corrected epoch=0 path=/data/adodas/VarCoNet-V2-main/xiaolunwen/experiment1c/checkpoints/worker_r6_latest.pt
CHECKPOINT_BEST repeat=6 scope=internal_cv fold=7 phase=crsm_corrected epoch=0 path=/data/adodas/VarCoNet-V2-main/xiaolunwen/experiment1c/checkpoints/worker_r6_best.pt
CHECKPOINT_BEST repeat=6 scope=internal_cv fold=7 phase=crsm_corrected epoch=0 path=/data/adodas/VarCoNet-V2-main/xiaolunwen/experiment1c/checkpoints/worker_r6_best.pt
CHECKPOINT_LATEST repeat=6 scope=internal_cv fold=7 phase=crsm_corrected epoch=0 path=/data/adodas/VarCoNet-V2-main/xiaolunwen/experiment1c/checkpoints/worker_r6_latest.pt
[CRSM_SYMMETRY_START] repeat=6 scope=internal_cv fold=7 after_exact_zero=Y pca_unit_norm=1.00000000 pca_singular=140.269638 symmetry_scale=0.00175612001
CHECKPOINT_LATEST repeat=6 scope=internal_cv fold=7 phase=crsm_corrected epoch=10 path=/data/adodas/VarCoNet-V2-main/xiaolunwen/experiment1c/checkpoints/worker_r6_latest.pt
[CRSM_CORRECTED] repeat=6 scope=internal_cv fold=7 epoch=10/149 train_loss=0.255758 val_bce=0.615368 best=N best_epoch=0 asd_mass=(0.4997,0.5003) hc_mass=(0.5000,0.5000) delta_l2=(0.131012,0.130874) epoch_seconds=0.84
CHECKPOINT_LATEST repeat=6 scope=internal_cv fold=7 phase=crsm_corrected epoch=20 path=/data/adodas/VarCoNet-V2-main/xiaolunwen/experiment1c/checkpoints/worker_r6_latest.pt
[CRSM_CORRECTED] repeat=6 scope=internal_cv fold=7 epoch=20/149 train_loss=0.224078 val_bce=0.627776 best=N best_epoch=0 asd_mass=(0.4987,0.5013) hc_mass=(0.5000,0.5000) delta_l2=(0.251088,0.251025) epoch_seconds=0.59
CHECKPOINT_LATEST repeat=6 scope=internal_cv fold=7 phase=crsm_corrected epoch=30 path=/data/adodas/VarCoNet-V2-main/xiaolunwen/experiment1c/checkpoints/worker_r6_latest.pt
[CRSM_CORRECTED] repeat=6 scope=internal_cv fold=7 epoch=30/149 train_loss=0.201537 val_bce=0.643782 best=N best_epoch=0 asd_mass=(0.4967,0.5033) hc_mass=(0.5000,0.5000) delta_l2=(0.359575,0.359458) epoch_seconds=1.14
CHECKPOINT_LATEST repeat=6 scope=internal_cv fold=7 phase=crsm_corrected epoch=40 path=/data/adodas/VarCoNet-V2-main/xiaolunwen/experiment1c/checkpoints/worker_r6_latest.pt
[CRSM_CORRECTED] repeat=6 scope=internal_cv fold=7 epoch=40/149 train_loss=0.185333 val_bce=0.661248 best=N best_epoch=0 asd_mass=(0.4932,0.5068) hc_mass=(0.5000,0.5000) delta_l2=(0.456581,0.456212) epoch_seconds=0.65
CHECKPOINT_LATEST repeat=6 scope=internal_cv fold=7 phase=crsm_corrected epoch=50 path=/data/adodas/VarCoNet-V2-main/xiaolunwen/experiment1c/checkpoints/worker_r6_latest.pt
[CRSM_CORRECTED] repeat=6 scope=internal_cv fold=7 epoch=50/149 train_loss=0.173500 val_bce=0.679357 best=N best_epoch=0 asd_mass=(0.4883,0.5117) hc_mass=(0.5000,0.5000) delta_l2=(0.543263,0.542375) epoch_seconds=0.67
CHECKPOINT_LATEST repeat=6 scope=internal_cv fold=7 phase=crsm_corrected epoch=60 path=/data/adodas/VarCoNet-V2-main/xiaolunwen/experiment1c/checkpoints/worker_r6_latest.pt
[CRSM_CORRECTED] repeat=6 scope=internal_cv fold=7 epoch=60/149 train_loss=0.164663 val_bce=0.697834 best=N best_epoch=0 asd_mass=(0.4827,0.5173) hc_mass=(0.5000,0.5000) delta_l2=(0.621036,0.619235) epoch_seconds=0.55
CHECKPOINT_LATEST repeat=6 scope=internal_cv fold=7 phase=crsm_corrected epoch=70 path=/data/adodas/VarCoNet-V2-main/xiaolunwen/experiment1c/checkpoints/worker_r6_latest.pt
[CRSM_CORRECTED] repeat=6 scope=internal_cv fold=7 epoch=70/149 train_loss=0.157872 val_bce=0.716424 best=N best_epoch=0 asd_mass=(0.4776,0.5224) hc_mass=(0.5000,0.5000) delta_l2=(0.691328,0.688058) epoch_seconds=0.36
CHECKPOINT_LATEST repeat=6 scope=internal_cv fold=7 phase=crsm_corrected epoch=80 path=/data/adodas/VarCoNet-V2-main/xiaolunwen/experiment1c/checkpoints/worker_r6_latest.pt
[CRSM_CORRECTED] repeat=6 scope=internal_cv fold=7 epoch=80/149 train_loss=0.152514 val_bce=0.735230 best=N best_epoch=0 asd_mass=(0.4740,0.5260) hc_mass=(0.5000,0.5000) delta_l2=(0.755495,0.750056) epoch_seconds=0.76
CHECKPOINT_LATEST repeat=6 scope=internal_cv fold=7 phase=crsm_corrected epoch=90 path=/data/adodas/VarCoNet-V2-main/xiaolunwen/experiment1c/checkpoints/worker_r6_latest.pt
[CRSM_CORRECTED] repeat=6 scope=internal_cv fold=7 epoch=90/149 train_loss=0.148215 val_bce=0.754108 best=N best_epoch=0 asd_mass=(0.4721,0.5279) hc_mass=(0.5000,0.5000) delta_l2=(0.814599,0.806283) epoch_seconds=0.37
CHECKPOINT_LATEST repeat=6 scope=internal_cv fold=7 phase=crsm_corrected epoch=100 path=/data/adodas/VarCoNet-V2-main/xiaolunwen/experiment1c/checkpoints/worker_r6_latest.pt
[CRSM_CORRECTED] repeat=6 scope=internal_cv fold=7 epoch=100/149 train_loss=0.144742 val_bce=0.772664 best=N best_epoch=0 asd_mass=(0.4714,0.5286) hc_mass=(0.5000,0.5000) delta_l2=(0.869319,0.857579) epoch_seconds=0.49
CHECKPOINT_LATEST repeat=6 scope=internal_cv fold=7 phase=crsm_corrected epoch=110 path=/data/adodas/VarCoNet-V2-main/xiaolunwen/experiment1c/checkpoints/worker_r6_latest.pt
[CRSM_CORRECTED] repeat=6 scope=internal_cv fold=7 epoch=110/149 train_loss=0.141927 val_bce=0.790640 best=N best_epoch=0 asd_mass=(0.4715,0.5285) hc_mass=(0.5000,0.5000) delta_l2=(0.920062,0.904585) epoch_seconds=0.36
CHECKPOINT_LATEST repeat=6 scope=internal_cv fold=7 phase=crsm_corrected epoch=120 path=/data/adodas/VarCoNet-V2-main/xiaolunwen/experiment1c/checkpoints/worker_r6_latest.pt
[CRSM_CORRECTED] repeat=6 scope=internal_cv fold=7 epoch=120/149 train_loss=0.139639 val_bce=0.807891 best=N best_epoch=0 asd_mass=(0.4720,0.5280) hc_mass=(0.5000,0.5000) delta_l2=(0.967107,0.947810) epoch_seconds=0.44
CHECKPOINT_LATEST repeat=6 scope=internal_cv fold=7 phase=crsm_corrected epoch=130 path=/data/adodas/VarCoNet-V2-main/xiaolunwen/experiment1c/checkpoints/worker_r6_latest.pt
[CRSM_CORRECTED] repeat=6 scope=internal_cv fold=7 epoch=130/149 train_loss=0.137771 val_bce=0.824336 best=N best_epoch=0 asd_mass=(0.4726,0.5274) hc_mass=(0.5000,0.5000) delta_l2=(1.010716,0.987691) epoch_seconds=0.63
CHECKPOINT_LATEST repeat=6 scope=internal_cv fold=7 phase=crsm_corrected epoch=140 path=/data/adodas/VarCoNet-V2-main/xiaolunwen/experiment1c/checkpoints/worker_r6_latest.pt
[CRSM_CORRECTED] repeat=6 scope=internal_cv fold=7 epoch=140/149 train_loss=0.136234 val_bce=0.839951 best=N best_epoch=0 asd_mass=(0.4731,0.5269) hc_mass=(0.5000,0.5000) delta_l2=(1.051158,1.024612) epoch_seconds=0.60
CHECKPOINT_LATEST repeat=6 scope=internal_cv fold=7 phase=crsm_corrected epoch=149 path=/data/adodas/VarCoNet-V2-main/xiaolunwen/experiment1c/checkpoints/worker_r6_latest.pt
[CRSM_CORRECTED] repeat=6 scope=internal_cv fold=7 epoch=149/149 train_loss=0.135076 val_bce=0.853306 best=N best_epoch=0 asd_mass=(0.4735,0.5265) hc_mass=(0.5000,0.5000) delta_l2=(1.085081,1.055595) epoch_seconds=0.34
[SNDE_NORMATIVE] repeat=6 scope=internal_cv fold=7 n_unique_asd=357 n_unique_hc=317 roi_dim=384 std_floor=0.0012445536 pc1_explained_fraction=0.215706 hc_score_mean_before_norm=-1.20337e-07 hc_score_std_before_norm=7.45638 asd_positive_fraction=0.1204 asd_negative_fraction=0.0000 asd_generalist_fraction=0.8796 hc_positive_fraction=0.0915 hc_negative_fraction=0.0000 hc_generalist_fraction=0.9085
[SNDE_ZERO_BASELINE] repeat=6 scope=internal_cv fold=7 epoch=0 exact_zero=Y val_bce=0.610247 probability_max_abs=5.96e-08
CHECKPOINT_BEST repeat=6 scope=internal_cv fold=7 phase=snde epoch=0 path=/data/adodas/VarCoNet-V2-main/xiaolunwen/experiment1c/checkpoints/worker_r6_best.pt
CHECKPOINT_LATEST repeat=6 scope=internal_cv fold=7 phase=snde epoch=0 path=/data/adodas/VarCoNet-V2-main/xiaolunwen/experiment1c/checkpoints/worker_r6_latest.pt
CHECKPOINT_BEST repeat=6 scope=internal_cv fold=7 phase=snde epoch=2 path=/data/adodas/VarCoNet-V2-main/xiaolunwen/experiment1c/checkpoints/worker_r6_best.pt
CHECKPOINT_LATEST repeat=6 scope=internal_cv fold=7 phase=snde epoch=2 path=/data/adodas/VarCoNet-V2-main/xiaolunwen/experiment1c/checkpoints/worker_r6_latest.pt
[SNDE] repeat=6 scope=internal_cv fold=7 epoch=2/149 train_bce=0.293949 val_bce=0.607185 best=Y best_epoch=2 asd_gate=(+0.120,-0.000,g0.880) hc_gate=(+0.091,-0.000,g0.909) pos_weight_l2=0.027959 neg_weight_l2=0.039070 mean_abs_pos_correction=0.028927 mean_abs_neg_correction=0.000000 elapsed_seconds=1.02
CHECKPOINT_BEST repeat=6 scope=internal_cv fold=7 phase=snde epoch=3 path=/data/adodas/VarCoNet-V2-main/xiaolunwen/experiment1c/checkpoints/worker_r6_best.pt
CHECKPOINT_LATEST repeat=6 scope=internal_cv fold=7 phase=snde epoch=3 path=/data/adodas/VarCoNet-V2-main/xiaolunwen/experiment1c/checkpoints/worker_r6_latest.pt
[SNDE] repeat=6 scope=internal_cv fold=7 epoch=3/149 train_bce=0.292956 val_bce=0.605521 best=Y best_epoch=3 asd_gate=(+0.120,-0.000,g0.880) hc_gate=(+0.091,-0.000,g0.909) pos_weight_l2=0.035462 neg_weight_l2=0.058480 mean_abs_pos_correction=0.033315 mean_abs_neg_correction=0.000000 elapsed_seconds=1.51
CHECKPOINT_LATEST repeat=6 scope=internal_cv fold=7 phase=snde epoch=10 path=/data/adodas/VarCoNet-V2-main/xiaolunwen/experiment1c/checkpoints/worker_r6_latest.pt
[SNDE] repeat=6 scope=internal_cv fold=7 epoch=10/149 train_bce=0.287867 val_bce=0.610133 best=N best_epoch=3 asd_gate=(+0.120,-0.000,g0.880) hc_gate=(+0.091,-0.000,g0.909) pos_weight_l2=0.081390 neg_weight_l2=0.188794 mean_abs_pos_correction=0.082989 mean_abs_neg_correction=0.000000 elapsed_seconds=0.69
CHECKPOINT_LATEST repeat=6 scope=internal_cv fold=7 phase=snde epoch=20 path=/data/adodas/VarCoNet-V2-main/xiaolunwen/experiment1c/checkpoints/worker_r6_latest.pt
[SNDE] repeat=6 scope=internal_cv fold=7 epoch=20/149 train_bce=0.285172 val_bce=0.621269 best=N best_epoch=3 asd_gate=(+0.120,-0.000,g0.880) hc_gate=(+0.091,-0.000,g0.909) pos_weight_l2=0.133623 neg_weight_l2=0.346342 mean_abs_pos_correction=0.134346 mean_abs_neg_correction=0.000000 elapsed_seconds=0.76
CHECKPOINT_LATEST repeat=6 scope=internal_cv fold=7 phase=snde epoch=30 path=/data/adodas/VarCoNet-V2-main/xiaolunwen/experiment1c/checkpoints/worker_r6_latest.pt
[SNDE] repeat=6 scope=internal_cv fold=7 epoch=30/149 train_bce=0.283565 val_bce=0.643292 best=N best_epoch=3 asd_gate=(+0.120,-0.000,g0.880) hc_gate=(+0.091,-0.000,g0.909) pos_weight_l2=0.175464 neg_weight_l2=0.464642 mean_abs_pos_correction=0.152007 mean_abs_neg_correction=0.000000 elapsed_seconds=0.66
CHECKPOINT_LATEST repeat=6 scope=internal_cv fold=7 phase=snde epoch=40 path=/data/adodas/VarCoNet-V2-main/xiaolunwen/experiment1c/checkpoints/worker_r6_latest.pt
[SNDE] repeat=6 scope=internal_cv fold=7 epoch=40/149 train_bce=0.282507 val_bce=0.655284 best=N best_epoch=3 asd_gate=(+0.120,-0.000,g0.880) hc_gate=(+0.091,-0.000,g0.909) pos_weight_l2=0.210862 neg_weight_l2=0.550787 mean_abs_pos_correction=0.178474 mean_abs_neg_correction=0.000000 elapsed_seconds=0.83
CHECKPOINT_LATEST repeat=6 scope=internal_cv fold=7 phase=snde epoch=50 path=/data/adodas/VarCoNet-V2-main/xiaolunwen/experiment1c/checkpoints/worker_r6_latest.pt
[SNDE] repeat=6 scope=internal_cv fold=7 epoch=50/149 train_bce=0.281736 val_bce=0.672695 best=N best_epoch=3 asd_gate=(+0.120,-0.000,g0.880) hc_gate=(+0.091,-0.000,g0.909) pos_weight_l2=0.242066 neg_weight_l2=0.614940 mean_abs_pos_correction=0.190340 mean_abs_neg_correction=0.000000 elapsed_seconds=0.83
CHECKPOINT_LATEST repeat=6 scope=internal_cv fold=7 phase=snde epoch=60 path=/data/adodas/VarCoNet-V2-main/xiaolunwen/experiment1c/checkpoints/worker_r6_latest.pt
[SNDE] repeat=6 scope=internal_cv fold=7 epoch=60/149 train_bce=0.281143 val_bce=0.683135 best=N best_epoch=3 asd_gate=(+0.120,-0.000,g0.880) hc_gate=(+0.091,-0.000,g0.909) pos_weight_l2=0.270683 neg_weight_l2=0.665101 mean_abs_pos_correction=0.204676 mean_abs_neg_correction=0.000000 elapsed_seconds=0.49
CHECKPOINT_LATEST repeat=6 scope=internal_cv fold=7 phase=snde epoch=70 path=/data/adodas/VarCoNet-V2-main/xiaolunwen/experiment1c/checkpoints/worker_r6_latest.pt
[SNDE] repeat=6 scope=internal_cv fold=7 epoch=70/149 train_bce=0.280670 val_bce=0.694472 best=N best_epoch=3 asd_gate=(+0.120,-0.000,g0.880) hc_gate=(+0.091,-0.000,g0.909) pos_weight_l2=0.297405 neg_weight_l2=0.706428 mean_abs_pos_correction=0.215069 mean_abs_neg_correction=0.000000 elapsed_seconds=0.74
CHECKPOINT_LATEST repeat=6 scope=internal_cv fold=7 phase=snde epoch=80 path=/data/adodas/VarCoNet-V2-main/xiaolunwen/experiment1c/checkpoints/worker_r6_latest.pt
[SNDE] repeat=6 scope=internal_cv fold=7 epoch=80/149 train_bce=0.280281 val_bce=0.704027 best=N best_epoch=3 asd_gate=(+0.120,-0.000,g0.880) hc_gate=(+0.091,-0.000,g0.909) pos_weight_l2=0.322698 neg_weight_l2=0.741975 mean_abs_pos_correction=0.226470 mean_abs_neg_correction=0.000000 elapsed_seconds=0.48
CHECKPOINT_LATEST repeat=6 scope=internal_cv fold=7 phase=snde epoch=90 path=/data/adodas/VarCoNet-V2-main/xiaolunwen/experiment1c/checkpoints/worker_r6_latest.pt
[SNDE] repeat=6 scope=internal_cv fold=7 epoch=90/149 train_bce=0.279951 val_bce=0.713407 best=N best_epoch=3 asd_gate=(+0.120,-0.000,g0.880) hc_gate=(+0.091,-0.000,g0.909) pos_weight_l2=0.346805 neg_weight_l2=0.773507 mean_abs_pos_correction=0.237306 mean_abs_neg_correction=0.000000 elapsed_seconds=0.64
CHECKPOINT_LATEST repeat=6 scope=internal_cv fold=7 phase=snde epoch=100 path=/data/adodas/VarCoNet-V2-main/xiaolunwen/experiment1c/checkpoints/worker_r6_latest.pt
[SNDE] repeat=6 scope=internal_cv fold=7 epoch=100/149 train_bce=0.279665 val_bce=0.723040 best=N best_epoch=3 asd_gate=(+0.120,-0.000,g0.880) hc_gate=(+0.091,-0.000,g0.909) pos_weight_l2=0.369920 neg_weight_l2=0.802063 mean_abs_pos_correction=0.247204 mean_abs_neg_correction=0.000000 elapsed_seconds=0.69
CHECKPOINT_LATEST repeat=6 scope=internal_cv fold=7 phase=snde epoch=110 path=/data/adodas/VarCoNet-V2-main/xiaolunwen/experiment1c/checkpoints/worker_r6_latest.pt
[SNDE] repeat=6 scope=internal_cv fold=7 epoch=110/149 train_bce=0.279411 val_bce=0.732506 best=N best_epoch=3 asd_gate=(+0.120,-0.000,g0.880) hc_gate=(+0.091,-0.000,g0.909) pos_weight_l2=0.392214 neg_weight_l2=0.828282 mean_abs_pos_correction=0.257079 mean_abs_neg_correction=0.000000 elapsed_seconds=0.63
CHECKPOINT_LATEST repeat=6 scope=internal_cv fold=7 phase=snde epoch=120 path=/data/adodas/VarCoNet-V2-main/xiaolunwen/experiment1c/checkpoints/worker_r6_latest.pt
[SNDE] repeat=6 scope=internal_cv fold=7 epoch=120/149 train_bce=0.279182 val_bce=0.742824 best=N best_epoch=3 asd_gate=(+0.120,-0.000,g0.880) hc_gate=(+0.091,-0.000,g0.909) pos_weight_l2=0.413814 neg_weight_l2=0.852586 mean_abs_pos_correction=0.266229 mean_abs_neg_correction=0.000000 elapsed_seconds=0.43
CHECKPOINT_LATEST repeat=6 scope=internal_cv fold=7 phase=snde epoch=130 path=/data/adodas/VarCoNet-V2-main/xiaolunwen/experiment1c/checkpoints/worker_r6_latest.pt
[SNDE] repeat=6 scope=internal_cv fold=7 epoch=130/149 train_bce=0.278974 val_bce=0.752470 best=N best_epoch=3 asd_gate=(+0.120,-0.000,g0.880) hc_gate=(+0.091,-0.000,g0.909) pos_weight_l2=0.434835 neg_weight_l2=0.875270 mean_abs_pos_correction=0.275198 mean_abs_neg_correction=0.000000 elapsed_seconds=0.71
CHECKPOINT_LATEST repeat=6 scope=internal_cv fold=7 phase=snde epoch=140 path=/data/adodas/VarCoNet-V2-main/xiaolunwen/experiment1c/checkpoints/worker_r6_latest.pt
[SNDE] repeat=6 scope=internal_cv fold=7 epoch=140/149 train_bce=0.278784 val_bce=1.453459 best=N best_epoch=3 asd_gate=(+0.120,-0.000,g0.880) hc_gate=(+0.091,-0.000,g0.909) pos_weight_l2=0.455357 neg_weight_l2=0.896556 mean_abs_pos_correction=0.283770 mean_abs_neg_correction=0.000000 elapsed_seconds=0.68
CHECKPOINT_LATEST repeat=6 scope=internal_cv fold=7 phase=snde epoch=149 path=/data/adodas/VarCoNet-V2-main/xiaolunwen/experiment1c/checkpoints/worker_r6_latest.pt
[SNDE] repeat=6 scope=internal_cv fold=7 epoch=149/149 train_bce=0.278624 val_bce=1.453954 best=N best_epoch=3 asd_gate=(+0.120,-0.000,g0.880) hc_gate=(+0.091,-0.000,g0.909) pos_weight_l2=0.473458 neg_weight_l2=0.914661 mean_abs_pos_correction=0.291191 mean_abs_neg_correction=0.000000 elapsed_seconds=0.63
TASK_TRAINING_DONE repeat=6 scope=internal_cv fold=7 base_encoder_epoch=41 base_classifier_epoch=27 base_val_bce=0.610247 crsm_epoch=0 crsm_val_bce=0.610247 snde_epoch=3 snde_val_bce=0.605521 elapsed_minutes=4.7
TASK_DONE repeat=6 scope=internal_fold fold=7 method=baseline selected_encoder_epoch=41 test_auc=0.626881 test_bce=0.665360 elapsed_minutes=4.7
TASK_DONE repeat=6 scope=internal_fold fold=7 method=crsm_corrected selected_encoder_epoch=41 test_auc=0.626881 test_bce=0.665360 elapsed_minutes=4.7
TASK_DONE repeat=6 scope=internal_fold fold=7 method=selective_normative_deviation_experts selected_encoder_epoch=41 test_auc=0.629476 test_bce=0.664020 elapsed_minutes=4.7
TASK_START repeat=6 scope=internal_cv fold=8 seed=100608 device=cuda:0 methods=baseline,crsm_corrected,selective_normative_deviation_experts shared_encoder=Y reference_unique_n=674 train_n=750 val_n=120
CHECKPOINT_BEST repeat=6 scope=internal_cv fold=8 phase=ssl epoch=1 path=/data/adodas/VarCoNet-V2-main/xiaolunwen/experiment1c/checkpoints/worker_r6_best.pt
[SSL] repeat=6 scope=internal_cv fold=8 epoch=1/50 ssl_loss=0.114323 lr=0.000024107 base_val_bce=0.622340 base_best=Y base_cls_epoch=17 epoch_seconds=4.1 task_elapsed_minutes=0.1 gpu_alloc_gb=0.318 gpu_reserved_gb=1.744
[SSL] repeat=6 scope=internal_cv fold=8 epoch=2/50 ssl_loss=0.100793 lr=0.000038214 base_val_bce=0.627254 base_best=N base_cls_epoch=16 epoch_seconds=3.7 task_elapsed_minutes=0.1 gpu_alloc_gb=0.317 gpu_reserved_gb=2.008
[SSL] repeat=6 scope=internal_cv fold=8 epoch=3/50 ssl_loss=0.102708 lr=0.000052321 base_val_bce=0.629590 base_best=N base_cls_epoch=14 epoch_seconds=3.6 task_elapsed_minutes=0.2 gpu_alloc_gb=0.318 gpu_reserved_gb=1.744
CHECKPOINT_BEST repeat=6 scope=internal_cv fold=8 phase=ssl epoch=4 path=/data/adodas/VarCoNet-V2-main/xiaolunwen/experiment1c/checkpoints/worker_r6_best.pt
[SSL] repeat=6 scope=internal_cv fold=8 epoch=4/50 ssl_loss=0.082340 lr=0.000066427 base_val_bce=0.621498 base_best=Y base_cls_epoch=15 epoch_seconds=5.5 task_elapsed_minutes=0.3 gpu_alloc_gb=0.317 gpu_reserved_gb=2.008
CHECKPOINT_BEST repeat=6 scope=internal_cv fold=8 phase=ssl epoch=5 path=/data/adodas/VarCoNet-V2-main/xiaolunwen/experiment1c/checkpoints/worker_r6_best.pt
[SSL] repeat=6 scope=internal_cv fold=8 epoch=5/50 ssl_loss=0.073880 lr=0.000080534 base_val_bce=0.617224 base_best=Y base_cls_epoch=16 epoch_seconds=3.5 task_elapsed_minutes=0.3 gpu_alloc_gb=0.318 gpu_reserved_gb=1.744
CHECKPOINT_BEST repeat=6 scope=internal_cv fold=8 phase=ssl epoch=6 path=/data/adodas/VarCoNet-V2-main/xiaolunwen/experiment1c/checkpoints/worker_r6_best.pt
[SSL] repeat=6 scope=internal_cv fold=8 epoch=6/50 ssl_loss=0.067829 lr=0.000094641 base_val_bce=0.616572 base_best=Y base_cls_epoch=12 epoch_seconds=3.8 task_elapsed_minutes=0.4 gpu_alloc_gb=0.317 gpu_reserved_gb=2.008
[SSL] repeat=6 scope=internal_cv fold=8 epoch=7/50 ssl_loss=0.080729 lr=0.000108748 base_val_bce=0.630742 base_best=N base_cls_epoch=18 epoch_seconds=3.3 task_elapsed_minutes=0.5 gpu_alloc_gb=0.318 gpu_reserved_gb=1.744
[SSL] repeat=6 scope=internal_cv fold=8 epoch=8/50 ssl_loss=0.076199 lr=0.000122855 base_val_bce=0.621692 base_best=N base_cls_epoch=17 epoch_seconds=3.5 task_elapsed_minutes=0.5 gpu_alloc_gb=0.317 gpu_reserved_gb=2.008
CHECKPOINT_BEST repeat=6 scope=internal_cv fold=8 phase=ssl epoch=9 path=/data/adodas/VarCoNet-V2-main/xiaolunwen/experiment1c/checkpoints/worker_r6_best.pt
[SSL] repeat=6 scope=internal_cv fold=8 epoch=9/50 ssl_loss=0.073237 lr=0.000136962 base_val_bce=0.609460 base_best=Y base_cls_epoch=15 epoch_seconds=4.0 task_elapsed_minutes=0.6 gpu_alloc_gb=0.318 gpu_reserved_gb=1.744
CHECKPOINT_LATEST repeat=6 scope=internal_cv fold=8 phase=ssl epoch=10 path=/data/adodas/VarCoNet-V2-main/xiaolunwen/experiment1c/checkpoints/worker_r6_latest.pt
[SSL] repeat=6 scope=internal_cv fold=8 epoch=10/50 ssl_loss=0.058580 lr=0.000136962 base_val_bce=0.622128 base_best=N base_cls_epoch=16 epoch_seconds=4.0 task_elapsed_minutes=0.7 gpu_alloc_gb=0.317 gpu_reserved_gb=2.008
[SSL] repeat=6 scope=internal_cv fold=8 epoch=11/50 ssl_loss=0.058002 lr=0.000136751 base_val_bce=0.626624 base_best=N base_cls_epoch=18 epoch_seconds=4.1 task_elapsed_minutes=0.7 gpu_alloc_gb=0.318 gpu_reserved_gb=1.744
[SSL] repeat=6 scope=internal_cv fold=8 epoch=12/50 ssl_loss=0.057195 lr=0.000136119 base_val_bce=0.629079 base_best=N base_cls_epoch=17 epoch_seconds=4.1 task_elapsed_minutes=0.8 gpu_alloc_gb=0.317 gpu_reserved_gb=2.008
[SSL] repeat=6 scope=internal_cv fold=8 epoch=13/50 ssl_loss=0.053711 lr=0.000135070 base_val_bce=0.616435 base_best=N base_cls_epoch=15 epoch_seconds=5.4 task_elapsed_minutes=0.9 gpu_alloc_gb=0.318 gpu_reserved_gb=1.744
[SSL] repeat=6 scope=internal_cv fold=8 epoch=14/50 ssl_loss=0.041267 lr=0.000133610 base_val_bce=0.625386 base_best=N base_cls_epoch=17 epoch_seconds=5.0 task_elapsed_minutes=1.0 gpu_alloc_gb=0.317 gpu_reserved_gb=2.008
[SSL] repeat=6 scope=internal_cv fold=8 epoch=15/50 ssl_loss=0.050251 lr=0.000131749 base_val_bce=0.613650 base_best=N base_cls_epoch=17 epoch_seconds=3.8 task_elapsed_minutes=1.0 gpu_alloc_gb=0.318 gpu_reserved_gb=1.744
[SSL] repeat=6 scope=internal_cv fold=8 epoch=16/50 ssl_loss=0.040283 lr=0.000129498 base_val_bce=0.629466 base_best=N base_cls_epoch=16 epoch_seconds=3.7 task_elapsed_minutes=1.1 gpu_alloc_gb=0.317 gpu_reserved_gb=2.008
[SSL] repeat=6 scope=internal_cv fold=8 epoch=17/50 ssl_loss=0.045372 lr=0.000126870 base_val_bce=0.634053 base_best=N base_cls_epoch=19 epoch_seconds=3.7 task_elapsed_minutes=1.2 gpu_alloc_gb=0.318 gpu_reserved_gb=1.744
[SSL] repeat=6 scope=internal_cv fold=8 epoch=18/50 ssl_loss=0.066991 lr=0.000123883 base_val_bce=0.624344 base_best=N base_cls_epoch=19 epoch_seconds=3.5 task_elapsed_minutes=1.2 gpu_alloc_gb=0.317 gpu_reserved_gb=2.008
[SSL] repeat=6 scope=internal_cv fold=8 epoch=19/50 ssl_loss=0.035212 lr=0.000120554 base_val_bce=0.626120 base_best=N base_cls_epoch=17 epoch_seconds=3.6 task_elapsed_minutes=1.3 gpu_alloc_gb=0.318 gpu_reserved_gb=1.744
CHECKPOINT_LATEST repeat=6 scope=internal_cv fold=8 phase=ssl epoch=20 path=/data/adodas/VarCoNet-V2-main/xiaolunwen/experiment1c/checkpoints/worker_r6_latest.pt
[SSL] repeat=6 scope=internal_cv fold=8 epoch=20/50 ssl_loss=0.047081 lr=0.000116904 base_val_bce=0.628941 base_best=N base_cls_epoch=17 epoch_seconds=4.3 task_elapsed_minutes=1.3 gpu_alloc_gb=0.317 gpu_reserved_gb=2.008
[SSL] repeat=6 scope=internal_cv fold=8 epoch=21/50 ssl_loss=0.032858 lr=0.000112956 base_val_bce=0.634744 base_best=N base_cls_epoch=19 epoch_seconds=3.6 task_elapsed_minutes=1.4 gpu_alloc_gb=0.318 gpu_reserved_gb=1.744
[SSL] repeat=6 scope=internal_cv fold=8 epoch=22/50 ssl_loss=0.046497 lr=0.000108733 base_val_bce=0.625814 base_best=N base_cls_epoch=20 epoch_seconds=3.7 task_elapsed_minutes=1.5 gpu_alloc_gb=0.317 gpu_reserved_gb=2.008
[SSL] repeat=6 scope=internal_cv fold=8 epoch=23/50 ssl_loss=0.039965 lr=0.000104262 base_val_bce=0.628733 base_best=N base_cls_epoch=19 epoch_seconds=3.8 task_elapsed_minutes=1.5 gpu_alloc_gb=0.318 gpu_reserved_gb=1.744
[SSL] repeat=6 scope=internal_cv fold=8 epoch=24/50 ssl_loss=0.053451 lr=0.000099570 base_val_bce=0.636920 base_best=N base_cls_epoch=17 epoch_seconds=3.7 task_elapsed_minutes=1.6 gpu_alloc_gb=0.317 gpu_reserved_gb=2.008
[SSL] repeat=6 scope=internal_cv fold=8 epoch=25/50 ssl_loss=0.050039 lr=0.000094687 base_val_bce=0.629072 base_best=N base_cls_epoch=18 epoch_seconds=3.7 task_elapsed_minutes=1.7 gpu_alloc_gb=0.318 gpu_reserved_gb=1.744
[SSL] repeat=6 scope=internal_cv fold=8 epoch=26/50 ssl_loss=0.039361 lr=0.000089643 base_val_bce=0.625943 base_best=N base_cls_epoch=19 epoch_seconds=3.8 task_elapsed_minutes=1.7 gpu_alloc_gb=0.317 gpu_reserved_gb=2.008
[SSL] repeat=6 scope=internal_cv fold=8 epoch=27/50 ssl_loss=0.043038 lr=0.000084467 base_val_bce=0.625794 base_best=N base_cls_epoch=18 epoch_seconds=3.8 task_elapsed_minutes=1.8 gpu_alloc_gb=0.318 gpu_reserved_gb=1.744
[SSL] repeat=6 scope=internal_cv fold=8 epoch=28/50 ssl_loss=0.032675 lr=0.000079194 base_val_bce=0.636465 base_best=N base_cls_epoch=19 epoch_seconds=3.4 task_elapsed_minutes=1.8 gpu_alloc_gb=0.317 gpu_reserved_gb=2.008
[SSL] repeat=6 scope=internal_cv fold=8 epoch=29/50 ssl_loss=0.053196 lr=0.000073854 base_val_bce=0.628082 base_best=N base_cls_epoch=20 epoch_seconds=3.3 task_elapsed_minutes=1.9 gpu_alloc_gb=0.318 gpu_reserved_gb=1.744
CHECKPOINT_LATEST repeat=6 scope=internal_cv fold=8 phase=ssl epoch=30 path=/data/adodas/VarCoNet-V2-main/xiaolunwen/experiment1c/checkpoints/worker_r6_latest.pt
[SSL] repeat=6 scope=internal_cv fold=8 epoch=30/50 ssl_loss=0.049967 lr=0.000068481 base_val_bce=0.629356 base_best=N base_cls_epoch=19 epoch_seconds=4.1 task_elapsed_minutes=2.0 gpu_alloc_gb=0.317 gpu_reserved_gb=2.008
[SSL] repeat=6 scope=internal_cv fold=8 epoch=31/50 ssl_loss=0.044810 lr=0.000063108 base_val_bce=0.630121 base_best=N base_cls_epoch=18 epoch_seconds=4.8 task_elapsed_minutes=2.0 gpu_alloc_gb=0.318 gpu_reserved_gb=1.744
[SSL] repeat=6 scope=internal_cv fold=8 epoch=32/50 ssl_loss=0.042945 lr=0.000057768 base_val_bce=0.629114 base_best=N base_cls_epoch=19 epoch_seconds=6.1 task_elapsed_minutes=2.1 gpu_alloc_gb=0.317 gpu_reserved_gb=2.008
[SSL] repeat=6 scope=internal_cv fold=8 epoch=33/50 ssl_loss=0.035635 lr=0.000052494 base_val_bce=0.620962 base_best=N base_cls_epoch=18 epoch_seconds=4.9 task_elapsed_minutes=2.2 gpu_alloc_gb=0.318 gpu_reserved_gb=1.744
[SSL] repeat=6 scope=internal_cv fold=8 epoch=34/50 ssl_loss=0.051692 lr=0.000047319 base_val_bce=0.626015 base_best=N base_cls_epoch=20 epoch_seconds=3.2 task_elapsed_minutes=2.3 gpu_alloc_gb=0.317 gpu_reserved_gb=2.008
[SSL] repeat=6 scope=internal_cv fold=8 epoch=35/50 ssl_loss=0.036966 lr=0.000042274 base_val_bce=0.624644 base_best=N base_cls_epoch=19 epoch_seconds=3.3 task_elapsed_minutes=2.3 gpu_alloc_gb=0.318 gpu_reserved_gb=1.744
[SSL] repeat=6 scope=internal_cv fold=8 epoch=36/50 ssl_loss=0.033230 lr=0.000037391 base_val_bce=0.641346 base_best=N base_cls_epoch=21 epoch_seconds=5.3 task_elapsed_minutes=2.4 gpu_alloc_gb=0.317 gpu_reserved_gb=2.008
[SSL] repeat=6 scope=internal_cv fold=8 epoch=37/50 ssl_loss=0.039191 lr=0.000032700 base_val_bce=0.622462 base_best=N base_cls_epoch=20 epoch_seconds=5.1 task_elapsed_minutes=2.5 gpu_alloc_gb=0.318 gpu_reserved_gb=1.744
[SSL] repeat=6 scope=internal_cv fold=8 epoch=38/50 ssl_loss=0.045079 lr=0.000028229 base_val_bce=0.619163 base_best=N base_cls_epoch=21 epoch_seconds=5.2 task_elapsed_minutes=2.6 gpu_alloc_gb=0.317 gpu_reserved_gb=2.008
[SSL] repeat=6 scope=internal_cv fold=8 epoch=39/50 ssl_loss=0.038087 lr=0.000024006 base_val_bce=0.624149 base_best=N base_cls_epoch=20 epoch_seconds=4.0 task_elapsed_minutes=2.7 gpu_alloc_gb=0.318 gpu_reserved_gb=1.744
CHECKPOINT_LATEST repeat=6 scope=internal_cv fold=8 phase=ssl epoch=40 path=/data/adodas/VarCoNet-V2-main/xiaolunwen/experiment1c/checkpoints/worker_r6_latest.pt
[SSL] repeat=6 scope=internal_cv fold=8 epoch=40/50 ssl_loss=0.035129 lr=0.000020058 base_val_bce=0.613712 base_best=N base_cls_epoch=22 epoch_seconds=9.6 task_elapsed_minutes=2.8 gpu_alloc_gb=0.317 gpu_reserved_gb=2.008
[SSL] repeat=6 scope=internal_cv fold=8 epoch=41/50 ssl_loss=0.044378 lr=0.000016408 base_val_bce=0.643436 base_best=N base_cls_epoch=19 epoch_seconds=3.7 task_elapsed_minutes=2.9 gpu_alloc_gb=0.318 gpu_reserved_gb=1.744
[SSL] repeat=6 scope=internal_cv fold=8 epoch=42/50 ssl_loss=0.040923 lr=0.000013079 base_val_bce=0.637423 base_best=N base_cls_epoch=20 epoch_seconds=3.7 task_elapsed_minutes=3.0 gpu_alloc_gb=0.317 gpu_reserved_gb=2.008
[SSL] repeat=6 scope=internal_cv fold=8 epoch=43/50 ssl_loss=0.047936 lr=0.000010091 base_val_bce=0.618091 base_best=N base_cls_epoch=18 epoch_seconds=3.9 task_elapsed_minutes=3.0 gpu_alloc_gb=0.318 gpu_reserved_gb=1.744
[SSL] repeat=6 scope=internal_cv fold=8 epoch=44/50 ssl_loss=0.035807 lr=0.000007464 base_val_bce=0.627257 base_best=N base_cls_epoch=18 epoch_seconds=3.5 task_elapsed_minutes=3.1 gpu_alloc_gb=0.317 gpu_reserved_gb=2.008
[SSL] repeat=6 scope=internal_cv fold=8 epoch=45/50 ssl_loss=0.045352 lr=0.000005213 base_val_bce=0.630518 base_best=N base_cls_epoch=18 epoch_seconds=3.8 task_elapsed_minutes=3.1 gpu_alloc_gb=0.318 gpu_reserved_gb=1.744
[SSL] repeat=6 scope=internal_cv fold=8 epoch=46/50 ssl_loss=0.030820 lr=0.000003352 base_val_bce=0.636244 base_best=N base_cls_epoch=20 epoch_seconds=4.1 task_elapsed_minutes=3.2 gpu_alloc_gb=0.317 gpu_reserved_gb=2.008
[SSL] repeat=6 scope=internal_cv fold=8 epoch=47/50 ssl_loss=0.040602 lr=0.000001892 base_val_bce=0.625996 base_best=N base_cls_epoch=20 epoch_seconds=4.3 task_elapsed_minutes=3.3 gpu_alloc_gb=0.318 gpu_reserved_gb=1.744
[SSL] repeat=6 scope=internal_cv fold=8 epoch=48/50 ssl_loss=0.068283 lr=0.000000843 base_val_bce=0.636608 base_best=N base_cls_epoch=23 epoch_seconds=7.2 task_elapsed_minutes=3.4 gpu_alloc_gb=0.317 gpu_reserved_gb=2.008
[SSL] repeat=6 scope=internal_cv fold=8 epoch=49/50 ssl_loss=0.041628 lr=0.000000211 base_val_bce=0.616867 base_best=N base_cls_epoch=19 epoch_seconds=8.3 task_elapsed_minutes=3.6 gpu_alloc_gb=0.318 gpu_reserved_gb=1.744
CHECKPOINT_LATEST repeat=6 scope=internal_cv fold=8 phase=ssl epoch=50 path=/data/adodas/VarCoNet-V2-main/xiaolunwen/experiment1c/checkpoints/worker_r6_latest.pt
[SSL] repeat=6 scope=internal_cv fold=8 epoch=50/50 ssl_loss=0.039048 lr=0.000000000 base_val_bce=0.631135 base_best=N base_cls_epoch=20 epoch_seconds=8.8 task_elapsed_minutes=3.7 gpu_alloc_gb=0.317 gpu_reserved_gb=2.008
[CRSM_ZERO_BASELINE] repeat=6 scope=internal_cv fold=8 epoch=0 exact_zero=Y val_bce=0.609460 probability_max_abs=5.96e-08
CHECKPOINT_LATEST repeat=6 scope=internal_cv fold=8 phase=crsm_corrected epoch=0 path=/data/adodas/VarCoNet-V2-main/xiaolunwen/experiment1c/checkpoints/worker_r6_latest.pt
CHECKPOINT_BEST repeat=6 scope=internal_cv fold=8 phase=crsm_corrected epoch=0 path=/data/adodas/VarCoNet-V2-main/xiaolunwen/experiment1c/checkpoints/worker_r6_best.pt
CHECKPOINT_BEST repeat=6 scope=internal_cv fold=8 phase=crsm_corrected epoch=0 path=/data/adodas/VarCoNet-V2-main/xiaolunwen/experiment1c/checkpoints/worker_r6_best.pt
CHECKPOINT_LATEST repeat=6 scope=internal_cv fold=8 phase=crsm_corrected epoch=0 path=/data/adodas/VarCoNet-V2-main/xiaolunwen/experiment1c/checkpoints/worker_r6_latest.pt
[CRSM_SYMMETRY_START] repeat=6 scope=internal_cv fold=8 after_exact_zero=Y pca_unit_norm=1.00000000 pca_singular=133.035263 symmetry_scale=0.00128860259
CHECKPOINT_LATEST repeat=6 scope=internal_cv fold=8 phase=crsm_corrected epoch=10 path=/data/adodas/VarCoNet-V2-main/xiaolunwen/experiment1c/checkpoints/worker_r6_latest.pt
[CRSM_CORRECTED] repeat=6 scope=internal_cv fold=8 epoch=10/149 train_loss=0.377398 val_bce=0.622115 best=N best_epoch=0 asd_mass=(0.5015,0.4985) hc_mass=(0.5000,0.5000) delta_l2=(0.131391,0.131243) epoch_seconds=0.64
CHECKPOINT_LATEST repeat=6 scope=internal_cv fold=8 phase=crsm_corrected epoch=20 path=/data/adodas/VarCoNet-V2-main/xiaolunwen/experiment1c/checkpoints/worker_r6_latest.pt
[CRSM_CORRECTED] repeat=6 scope=internal_cv fold=8 epoch=20/149 train_loss=0.330827 val_bce=0.645642 best=N best_epoch=0 asd_mass=(0.5026,0.4974) hc_mass=(0.5000,0.5000) delta_l2=(0.251314,0.251150) epoch_seconds=0.55
CHECKPOINT_LATEST repeat=6 scope=internal_cv fold=8 phase=crsm_corrected epoch=30 path=/data/adodas/VarCoNet-V2-main/xiaolunwen/experiment1c/checkpoints/worker_r6_latest.pt
[CRSM_CORRECTED] repeat=6 scope=internal_cv fold=8 epoch=30/149 train_loss=0.297955 val_bce=0.669805 best=N best_epoch=0 asd_mass=(0.5042,0.4958) hc_mass=(0.5000,0.5000) delta_l2=(0.358575,0.358381) epoch_seconds=0.58
CHECKPOINT_LATEST repeat=6 scope=internal_cv fold=8 phase=crsm_corrected epoch=40 path=/data/adodas/VarCoNet-V2-main/xiaolunwen/experiment1c/checkpoints/worker_r6_latest.pt
[CRSM_CORRECTED] repeat=6 scope=internal_cv fold=8 epoch=40/149 train_loss=0.274354 val_bce=0.691691 best=N best_epoch=0 asd_mass=(0.5069,0.4931) hc_mass=(0.5000,0.5000) delta_l2=(0.454171,0.453932) epoch_seconds=0.44
CHECKPOINT_LATEST repeat=6 scope=internal_cv fold=8 phase=crsm_corrected epoch=50 path=/data/adodas/VarCoNet-V2-main/xiaolunwen/experiment1c/checkpoints/worker_r6_latest.pt
[CRSM_CORRECTED] repeat=6 scope=internal_cv fold=8 epoch=50/149 train_loss=0.257082 val_bce=0.711980 best=N best_epoch=0 asd_mass=(0.5108,0.4892) hc_mass=(0.5000,0.5000) delta_l2=(0.539632,0.539343) epoch_seconds=0.29
CHECKPOINT_LATEST repeat=6 scope=internal_cv fold=8 phase=crsm_corrected epoch=60 path=/data/adodas/VarCoNet-V2-main/xiaolunwen/experiment1c/checkpoints/worker_r6_latest.pt
[CRSM_CORRECTED] repeat=6 scope=internal_cv fold=8 epoch=60/149 train_loss=0.244151 val_bce=0.731432 best=N best_epoch=0 asd_mass=(0.5165,0.4835) hc_mass=(0.5000,0.5000) delta_l2=(0.616422,0.616079) epoch_seconds=0.37
CHECKPOINT_LATEST repeat=6 scope=internal_cv fold=8 phase=crsm_corrected epoch=70 path=/data/adodas/VarCoNet-V2-main/xiaolunwen/experiment1c/checkpoints/worker_r6_latest.pt
[CRSM_CORRECTED] repeat=6 scope=internal_cv fold=8 epoch=70/149 train_loss=0.234221 val_bce=0.750439 best=N best_epoch=0 asd_mass=(0.5241,0.4759) hc_mass=(0.5000,0.5000) delta_l2=(0.685849,0.685448) epoch_seconds=0.45
CHECKPOINT_LATEST repeat=6 scope=internal_cv fold=8 phase=crsm_corrected epoch=80 path=/data/adodas/VarCoNet-V2-main/xiaolunwen/experiment1c/checkpoints/worker_r6_latest.pt
[CRSM_CORRECTED] repeat=6 scope=internal_cv fold=8 epoch=80/149 train_loss=0.226376 val_bce=0.769059 best=N best_epoch=0 asd_mass=(0.5333,0.4667) hc_mass=(0.5000,0.5000) delta_l2=(0.749069,0.748590) epoch_seconds=0.67
CHECKPOINT_LATEST repeat=6 scope=internal_cv fold=8 phase=crsm_corrected epoch=90 path=/data/adodas/VarCoNet-V2-main/xiaolunwen/experiment1c/checkpoints/worker_r6_latest.pt
[CRSM_CORRECTED] repeat=6 scope=internal_cv fold=8 epoch=90/149 train_loss=0.220015 val_bce=0.787230 best=N best_epoch=0 asd_mass=(0.5436,0.4564) hc_mass=(0.5000,0.5000) delta_l2=(0.807120,0.806465) epoch_seconds=0.35
CHECKPOINT_LATEST repeat=6 scope=internal_cv fold=8 phase=crsm_corrected epoch=100 path=/data/adodas/VarCoNet-V2-main/xiaolunwen/experiment1c/checkpoints/worker_r6_latest.pt
[CRSM_CORRECTED] repeat=6 scope=internal_cv fold=8 epoch=100/149 train_loss=0.214766 val_bce=0.804913 best=N best_epoch=0 asd_mass=(0.5540,0.4460) hc_mass=(0.5000,0.5000) delta_l2=(0.860880,0.859802) epoch_seconds=4.26
CHECKPOINT_LATEST repeat=6 scope=internal_cv fold=8 phase=crsm_corrected epoch=110 path=/data/adodas/VarCoNet-V2-main/xiaolunwen/experiment1c/checkpoints/worker_r6_latest.pt
[CRSM_CORRECTED] repeat=6 scope=internal_cv fold=8 epoch=110/149 train_loss=0.210398 val_bce=0.822032 best=N best_epoch=0 asd_mass=(0.5638,0.4362) hc_mass=(0.5000,0.5000) delta_l2=(0.910995,0.909115) epoch_seconds=3.53
CHECKPOINT_LATEST repeat=6 scope=internal_cv fold=8 phase=crsm_corrected epoch=120 path=/data/adodas/VarCoNet-V2-main/xiaolunwen/experiment1c/checkpoints/worker_r6_latest.pt
[CRSM_CORRECTED] repeat=6 scope=internal_cv fold=8 epoch=120/149 train_loss=0.206759 val_bce=0.838525 best=N best_epoch=0 asd_mass=(0.5722,0.4278) hc_mass=(0.5000,0.5000) delta_l2=(0.957879,0.954775) epoch_seconds=0.31
CHECKPOINT_LATEST repeat=6 scope=internal_cv fold=8 phase=crsm_corrected epoch=130 path=/data/adodas/VarCoNet-V2-main/xiaolunwen/experiment1c/checkpoints/worker_r6_latest.pt
[CRSM_CORRECTED] repeat=6 scope=internal_cv fold=8 epoch=130/149 train_loss=0.203730 val_bce=0.854381 best=N best_epoch=0 asd_mass=(0.5794,0.4206) hc_mass=(0.5000,0.5000) delta_l2=(1.001774,0.997091) epoch_seconds=0.26
CHECKPOINT_LATEST repeat=6 scope=internal_cv fold=8 phase=crsm_corrected epoch=140 path=/data/adodas/VarCoNet-V2-main/xiaolunwen/experiment1c/checkpoints/worker_r6_latest.pt
[CRSM_CORRECTED] repeat=6 scope=internal_cv fold=8 epoch=140/149 train_loss=0.201209 val_bce=0.869616 best=N best_epoch=0 asd_mass=(0.5854,0.4146) hc_mass=(0.5000,0.5000) delta_l2=(1.042845,1.036350) epoch_seconds=0.79
CHECKPOINT_LATEST repeat=6 scope=internal_cv fold=8 phase=crsm_corrected epoch=149 path=/data/adodas/VarCoNet-V2-main/xiaolunwen/experiment1c/checkpoints/worker_r6_latest.pt
[CRSM_CORRECTED] repeat=6 scope=internal_cv fold=8 epoch=149/149 train_loss=0.199299 val_bce=0.882811 best=N best_epoch=0 asd_mass=(0.5898,0.4102) hc_mass=(0.5000,0.5000) delta_l2=(1.077521,1.069300) epoch_seconds=0.58
[SNDE_NORMATIVE] repeat=6 scope=internal_cv fold=8 n_unique_asd=357 n_unique_hc=317 roi_dim=384 std_floor=0.0012370486 pc1_explained_fraction=0.193872 hc_score_mean_before_norm=1.80506e-08 hc_score_std_before_norm=7.27211 asd_positive_fraction=0.1289 asd_negative_fraction=0.0056 asd_generalist_fraction=0.8655 hc_positive_fraction=0.0915 hc_negative_fraction=0.0000 hc_generalist_fraction=0.9085
[SNDE_ZERO_BASELINE] repeat=6 scope=internal_cv fold=8 epoch=0 exact_zero=Y val_bce=0.609460 probability_max_abs=5.96e-08
CHECKPOINT_BEST repeat=6 scope=internal_cv fold=8 phase=snde epoch=0 path=/data/adodas/VarCoNet-V2-main/xiaolunwen/experiment1c/checkpoints/worker_r6_best.pt
CHECKPOINT_LATEST repeat=6 scope=internal_cv fold=8 phase=snde epoch=0 path=/data/adodas/VarCoNet-V2-main/xiaolunwen/experiment1c/checkpoints/worker_r6_latest.pt
CHECKPOINT_BEST repeat=6 scope=internal_cv fold=8 phase=snde epoch=1 path=/data/adodas/VarCoNet-V2-main/xiaolunwen/experiment1c/checkpoints/worker_r6_best.pt
CHECKPOINT_LATEST repeat=6 scope=internal_cv fold=8 phase=snde epoch=1 path=/data/adodas/VarCoNet-V2-main/xiaolunwen/experiment1c/checkpoints/worker_r6_latest.pt
[SNDE] repeat=6 scope=internal_cv fold=8 epoch=1/149 train_bce=0.436189 val_bce=0.606908 best=Y best_epoch=1 asd_gate=(+0.129,-0.006,g0.866) hc_gate=(+0.091,-0.000,g0.909) pos_weight_l2=0.019596 neg_weight_l2=0.019587 mean_abs_pos_correction=0.027562 mean_abs_neg_correction=0.000090 elapsed_seconds=1.33
CHECKPOINT_BEST repeat=6 scope=internal_cv fold=8 phase=snde epoch=4 path=/data/adodas/VarCoNet-V2-main/xiaolunwen/experiment1c/checkpoints/worker_r6_best.pt
CHECKPOINT_LATEST repeat=6 scope=internal_cv fold=8 phase=snde epoch=4 path=/data/adodas/VarCoNet-V2-main/xiaolunwen/experiment1c/checkpoints/worker_r6_latest.pt
[SNDE] repeat=6 scope=internal_cv fold=8 epoch=4/149 train_bce=0.427309 val_bce=0.605913 best=Y best_epoch=4 asd_gate=(+0.129,-0.006,g0.866) hc_gate=(+0.091,-0.000,g0.909) pos_weight_l2=0.049763 neg_weight_l2=0.078131 mean_abs_pos_correction=0.080927 mean_abs_neg_correction=0.000361 elapsed_seconds=1.48
CHECKPOINT_BEST repeat=6 scope=internal_cv fold=8 phase=snde epoch=5 path=/data/adodas/VarCoNet-V2-main/xiaolunwen/experiment1c/checkpoints/worker_r6_best.pt
CHECKPOINT_LATEST repeat=6 scope=internal_cv fold=8 phase=snde epoch=5 path=/data/adodas/VarCoNet-V2-main/xiaolunwen/experiment1c/checkpoints/worker_r6_latest.pt
[SNDE] repeat=6 scope=internal_cv fold=8 epoch=5/149 train_bce=0.426225 val_bce=0.605497 best=Y best_epoch=5 asd_gate=(+0.129,-0.006,g0.866) hc_gate=(+0.091,-0.000,g0.909) pos_weight_l2=0.058369 neg_weight_l2=0.097539 mean_abs_pos_correction=0.092068 mean_abs_neg_correction=0.000451 elapsed_seconds=1.25
CHECKPOINT_LATEST repeat=6 scope=internal_cv fold=8 phase=snde epoch=10 path=/data/adodas/VarCoNet-V2-main/xiaolunwen/experiment1c/checkpoints/worker_r6_latest.pt
[SNDE] repeat=6 scope=internal_cv fold=8 epoch=10/149 train_bce=0.422304 val_bce=0.613643 best=N best_epoch=5 asd_gate=(+0.129,-0.006,g0.866) hc_gate=(+0.091,-0.000,g0.909) pos_weight_l2=0.095311 neg_weight_l2=0.193777 mean_abs_pos_correction=0.168236 mean_abs_neg_correction=0.000898 elapsed_seconds=0.86
CHECKPOINT_BEST repeat=6 scope=internal_cv fold=8 phase=snde epoch=18 path=/data/adodas/VarCoNet-V2-main/xiaolunwen/experiment1c/checkpoints/worker_r6_best.pt
CHECKPOINT_LATEST repeat=6 scope=internal_cv fold=8 phase=snde epoch=18 path=/data/adodas/VarCoNet-V2-main/xiaolunwen/experiment1c/checkpoints/worker_r6_latest.pt
[SNDE] repeat=6 scope=internal_cv fold=8 epoch=18/149 train_bce=0.418531 val_bce=0.605197 best=Y best_epoch=18 asd_gate=(+0.129,-0.006,g0.866) hc_gate=(+0.091,-0.000,g0.909) pos_weight_l2=0.141123 neg_weight_l2=0.343764 mean_abs_pos_correction=0.185918 mean_abs_neg_correction=0.001595 elapsed_seconds=0.95
CHECKPOINT_BEST repeat=6 scope=internal_cv fold=8 phase=snde epoch=19 path=/data/adodas/VarCoNet-V2-main/xiaolunwen/experiment1c/checkpoints/worker_r6_best.pt
CHECKPOINT_LATEST repeat=6 scope=internal_cv fold=8 phase=snde epoch=19 path=/data/adodas/VarCoNet-V2-main/xiaolunwen/experiment1c/checkpoints/worker_r6_latest.pt
[SNDE] repeat=6 scope=internal_cv fold=8 epoch=19/149 train_bce=0.418160 val_bce=0.604849 best=Y best_epoch=19 asd_gate=(+0.129,-0.006,g0.866) hc_gate=(+0.091,-0.000,g0.909) pos_weight_l2=0.146320 neg_weight_l2=0.362043 mean_abs_pos_correction=0.187456 mean_abs_neg_correction=0.001680 elapsed_seconds=1.07
CHECKPOINT_BEST repeat=6 scope=internal_cv fold=8 phase=snde epoch=20 path=/data/adodas/VarCoNet-V2-main/xiaolunwen/experiment1c/checkpoints/worker_r6_best.pt
CHECKPOINT_LATEST repeat=6 scope=internal_cv fold=8 phase=snde epoch=20 path=/data/adodas/VarCoNet-V2-main/xiaolunwen/experiment1c/checkpoints/worker_r6_latest.pt
[SNDE] repeat=6 scope=internal_cv fold=8 epoch=20/149 train_bce=0.417800 val_bce=0.604667 best=Y best_epoch=20 asd_gate=(+0.129,-0.006,g0.866) hc_gate=(+0.091,-0.000,g0.909) pos_weight_l2=0.151453 neg_weight_l2=0.380203 mean_abs_pos_correction=0.189669 mean_abs_neg_correction=0.001764 elapsed_seconds=1.30
CHECKPOINT_BEST repeat=6 scope=internal_cv fold=8 phase=snde epoch=21 path=/data/adodas/VarCoNet-V2-main/xiaolunwen/experiment1c/checkpoints/worker_r6_best.pt
CHECKPOINT_LATEST repeat=6 scope=internal_cv fold=8 phase=snde epoch=21 path=/data/adodas/VarCoNet-V2-main/xiaolunwen/experiment1c/checkpoints/worker_r6_latest.pt
[SNDE] repeat=6 scope=internal_cv fold=8 epoch=21/149 train_bce=0.417448 val_bce=0.604656 best=Y best_epoch=21 asd_gate=(+0.129,-0.006,g0.866) hc_gate=(+0.091,-0.000,g0.909) pos_weight_l2=0.156530 neg_weight_l2=0.398242 mean_abs_pos_correction=0.192596 mean_abs_neg_correction=0.001848 elapsed_seconds=1.14
CHECKPOINT_LATEST repeat=6 scope=internal_cv fold=8 phase=snde epoch=30 path=/data/adodas/VarCoNet-V2-main/xiaolunwen/experiment1c/checkpoints/worker_r6_latest.pt
[SNDE] repeat=6 scope=internal_cv fold=8 epoch=30/149 train_bce=0.414877 val_bce=0.609392 best=N best_epoch=21 asd_gate=(+0.129,-0.006,g0.866) hc_gate=(+0.091,-0.000,g0.909) pos_weight_l2=0.199950 neg_weight_l2=0.554631 mean_abs_pos_correction=0.225402 mean_abs_neg_correction=0.002569 elapsed_seconds=0.46
CHECKPOINT_LATEST repeat=6 scope=internal_cv fold=8 phase=snde epoch=40 path=/data/adodas/VarCoNet-V2-main/xiaolunwen/experiment1c/checkpoints/worker_r6_latest.pt
[SNDE] repeat=6 scope=internal_cv fold=8 epoch=40/149 train_bce=0.412771 val_bce=0.605169 best=N best_epoch=21 asd_gate=(+0.129,-0.006,g0.866) hc_gate=(+0.091,-0.000,g0.909) pos_weight_l2=0.243631 neg_weight_l2=0.714868 mean_abs_pos_correction=0.245423 mean_abs_neg_correction=0.003299 elapsed_seconds=2.74
CHECKPOINT_LATEST repeat=6 scope=internal_cv fold=8 phase=snde epoch=50 path=/data/adodas/VarCoNet-V2-main/xiaolunwen/experiment1c/checkpoints/worker_r6_latest.pt
[SNDE] repeat=6 scope=internal_cv fold=8 epoch=50/149 train_bce=0.411248 val_bce=0.605727 best=N best_epoch=21 asd_gate=(+0.129,-0.006,g0.866) hc_gate=(+0.091,-0.000,g0.909) pos_weight_l2=0.283589 neg_weight_l2=0.860966 mean_abs_pos_correction=0.270947 mean_abs_neg_correction=0.003951 elapsed_seconds=0.56
CHECKPOINT_LATEST repeat=6 scope=internal_cv fold=8 phase=snde epoch=60 path=/data/adodas/VarCoNet-V2-main/xiaolunwen/experiment1c/checkpoints/worker_r6_latest.pt
[SNDE] repeat=6 scope=internal_cv fold=8 epoch=60/149 train_bce=0.410091 val_bce=0.606626 best=N best_epoch=21 asd_gate=(+0.129,-0.006,g0.866) hc_gate=(+0.091,-0.000,g0.909) pos_weight_l2=0.320262 neg_weight_l2=0.994285 mean_abs_pos_correction=0.287032 mean_abs_neg_correction=0.004532 elapsed_seconds=0.66
CHECKPOINT_LATEST repeat=6 scope=internal_cv fold=8 phase=snde epoch=70 path=/data/adodas/VarCoNet-V2-main/xiaolunwen/experiment1c/checkpoints/worker_r6_latest.pt
[SNDE] repeat=6 scope=internal_cv fold=8 epoch=70/149 train_bce=0.409172 val_bce=0.608119 best=N best_epoch=21 asd_gate=(+0.129,-0.006,g0.866) hc_gate=(+0.091,-0.000,g0.909) pos_weight_l2=0.354305 neg_weight_l2=1.116651 mean_abs_pos_correction=0.304298 mean_abs_neg_correction=0.005053 elapsed_seconds=0.51
CHECKPOINT_LATEST repeat=6 scope=internal_cv fold=8 phase=snde epoch=80 path=/data/adodas/VarCoNet-V2-main/xiaolunwen/experiment1c/checkpoints/worker_r6_latest.pt
[SNDE] repeat=6 scope=internal_cv fold=8 epoch=80/149 train_bce=0.408417 val_bce=0.609874 best=N best_epoch=21 asd_gate=(+0.129,-0.006,g0.866) hc_gate=(+0.091,-0.000,g0.909) pos_weight_l2=0.386283 neg_weight_l2=1.229819 mean_abs_pos_correction=0.321525 mean_abs_neg_correction=0.005523 elapsed_seconds=0.43
CHECKPOINT_LATEST repeat=6 scope=internal_cv fold=8 phase=snde epoch=90 path=/data/adodas/VarCoNet-V2-main/xiaolunwen/experiment1c/checkpoints/worker_r6_latest.pt
[SNDE] repeat=6 scope=internal_cv fold=8 epoch=90/149 train_bce=0.407782 val_bce=0.611581 best=N best_epoch=21 asd_gate=(+0.129,-0.006,g0.866) hc_gate=(+0.091,-0.000,g0.909) pos_weight_l2=0.416587 neg_weight_l2=1.335286 mean_abs_pos_correction=0.335050 mean_abs_neg_correction=0.005950 elapsed_seconds=0.48
CHECKPOINT_LATEST repeat=6 scope=internal_cv fold=8 phase=snde epoch=100 path=/data/adodas/VarCoNet-V2-main/xiaolunwen/experiment1c/checkpoints/worker_r6_latest.pt
[SNDE] repeat=6 scope=internal_cv fold=8 epoch=100/149 train_bce=0.407238 val_bce=0.613392 best=N best_epoch=21 asd_gate=(+0.129,-0.006,g0.866) hc_gate=(+0.091,-0.000,g0.909) pos_weight_l2=0.445509 neg_weight_l2=1.434261 mean_abs_pos_correction=0.348667 mean_abs_neg_correction=0.006342 elapsed_seconds=0.48
CHECKPOINT_LATEST repeat=6 scope=internal_cv fold=8 phase=snde epoch=110 path=/data/adodas/VarCoNet-V2-main/xiaolunwen/experiment1c/checkpoints/worker_r6_latest.pt
[SNDE] repeat=6 scope=internal_cv fold=8 epoch=110/149 train_bce=0.406765 val_bce=0.615301 best=N best_epoch=21 asd_gate=(+0.129,-0.006,g0.866) hc_gate=(+0.091,-0.000,g0.909) pos_weight_l2=0.473248 neg_weight_l2=1.527702 mean_abs_pos_correction=0.361540 mean_abs_neg_correction=0.006704 elapsed_seconds=0.48
CHECKPOINT_LATEST repeat=6 scope=internal_cv fold=8 phase=snde epoch=120 path=/data/adodas/VarCoNet-V2-main/xiaolunwen/experiment1c/checkpoints/worker_r6_latest.pt
[SNDE] repeat=6 scope=internal_cv fold=8 epoch=120/149 train_bce=0.406350 val_bce=0.617283 best=N best_epoch=21 asd_gate=(+0.129,-0.006,g0.866) hc_gate=(+0.091,-0.000,g0.909) pos_weight_l2=0.499956 neg_weight_l2=1.616369 mean_abs_pos_correction=0.374114 mean_abs_neg_correction=0.007040 elapsed_seconds=0.58
CHECKPOINT_LATEST repeat=6 scope=internal_cv fold=8 phase=snde epoch=130 path=/data/adodas/VarCoNet-V2-main/xiaolunwen/experiment1c/checkpoints/worker_r6_latest.pt
[SNDE] repeat=6 scope=internal_cv fold=8 epoch=130/149 train_bce=0.405981 val_bce=0.619310 best=N best_epoch=21 asd_gate=(+0.129,-0.006,g0.866) hc_gate=(+0.091,-0.000,g0.909) pos_weight_l2=0.525737 neg_weight_l2=1.700865 mean_abs_pos_correction=0.385934 mean_abs_neg_correction=0.007354 elapsed_seconds=0.81
CHECKPOINT_LATEST repeat=6 scope=internal_cv fold=8 phase=snde epoch=140 path=/data/adodas/VarCoNet-V2-main/xiaolunwen/experiment1c/checkpoints/worker_r6_latest.pt
[SNDE] repeat=6 scope=internal_cv fold=8 epoch=140/149 train_bce=0.405651 val_bce=0.621363 best=N best_epoch=21 asd_gate=(+0.129,-0.006,g0.866) hc_gate=(+0.091,-0.000,g0.909) pos_weight_l2=0.550675 neg_weight_l2=1.781677 mean_abs_pos_correction=0.397479 mean_abs_neg_correction=0.007649 elapsed_seconds=0.43
CHECKPOINT_LATEST repeat=6 scope=internal_cv fold=8 phase=snde epoch=149 path=/data/adodas/VarCoNet-V2-main/xiaolunwen/experiment1c/checkpoints/worker_r6_latest.pt
[SNDE] repeat=6 scope=internal_cv fold=8 epoch=149/149 train_bce=0.405383 val_bce=0.623228 best=N best_epoch=21 asd_gate=(+0.129,-0.006,g0.866) hc_gate=(+0.091,-0.000,g0.909) pos_weight_l2=0.572457 neg_weight_l2=1.851586 mean_abs_pos_correction=0.407575 mean_abs_neg_correction=0.007900 elapsed_seconds=0.42
TASK_TRAINING_DONE repeat=6 scope=internal_cv fold=8 base_encoder_epoch=9 base_classifier_epoch=15 base_val_bce=0.609460 crsm_epoch=0 crsm_val_bce=0.609460 snde_epoch=21 snde_val_bce=0.604656 elapsed_minutes=4.7
TASK_DONE repeat=6 scope=internal_fold fold=8 method=baseline selected_encoder_epoch=9 test_auc=0.699014 test_bce=0.636967 elapsed_minutes=4.7
TASK_DONE repeat=6 scope=internal_fold fold=8 method=crsm_corrected selected_encoder_epoch=9 test_auc=0.699014 test_bce=0.636967 elapsed_minutes=4.7
TASK_DONE repeat=6 scope=internal_fold fold=8 method=selective_normative_deviation_experts selected_encoder_epoch=9 test_auc=0.668915 test_bce=0.796393 elapsed_minutes=4.7
TASK_START repeat=6 scope=internal_cv fold=9 seed=100609 device=cuda:0 methods=baseline,crsm_corrected,selective_normative_deviation_experts shared_encoder=Y reference_unique_n=674 train_n=750 val_n=120
CHECKPOINT_BEST repeat=6 scope=internal_cv fold=9 phase=ssl epoch=1 path=/data/adodas/VarCoNet-V2-main/xiaolunwen/experiment1c/checkpoints/worker_r6_best.pt
[SSL] repeat=6 scope=internal_cv fold=9 epoch=1/50 ssl_loss=0.112818 lr=0.000024107 base_val_bce=0.629172 base_best=Y base_cls_epoch=48 epoch_seconds=8.1 task_elapsed_minutes=0.1 gpu_alloc_gb=0.318 gpu_reserved_gb=1.744
CHECKPOINT_BEST repeat=6 scope=internal_cv fold=9 phase=ssl epoch=2 path=/data/adodas/VarCoNet-V2-main/xiaolunwen/experiment1c/checkpoints/worker_r6_best.pt
[SSL] repeat=6 scope=internal_cv fold=9 epoch=2/50 ssl_loss=0.094005 lr=0.000038214 base_val_bce=0.621162 base_best=Y base_cls_epoch=42 epoch_seconds=8.7 task_elapsed_minutes=0.3 gpu_alloc_gb=0.317 gpu_reserved_gb=2.008
CHECKPOINT_BEST repeat=6 scope=internal_cv fold=9 phase=ssl epoch=3 path=/data/adodas/VarCoNet-V2-main/xiaolunwen/experiment1c/checkpoints/worker_r6_best.pt
[SSL] repeat=6 scope=internal_cv fold=9 epoch=3/50 ssl_loss=0.093400 lr=0.000052321 base_val_bce=0.616251 base_best=Y base_cls_epoch=40 epoch_seconds=8.9 task_elapsed_minutes=0.4 gpu_alloc_gb=0.318 gpu_reserved_gb=1.744
[SSL] repeat=6 scope=internal_cv fold=9 epoch=4/50 ssl_loss=0.078484 lr=0.000066427 base_val_bce=0.630607 base_best=N base_cls_epoch=44 epoch_seconds=11.1 task_elapsed_minutes=0.6 gpu_alloc_gb=0.317 gpu_reserved_gb=2.008
[SSL] repeat=6 scope=internal_cv fold=9 epoch=5/50 ssl_loss=0.079202 lr=0.000080534 base_val_bce=0.621608 base_best=N base_cls_epoch=49 epoch_seconds=6.4 task_elapsed_minutes=0.7 gpu_alloc_gb=0.318 gpu_reserved_gb=1.744
[SSL] repeat=6 scope=internal_cv fold=9 epoch=6/50 ssl_loss=0.108169 lr=0.000094641 base_val_bce=0.623413 base_best=N base_cls_epoch=46 epoch_seconds=3.3 task_elapsed_minutes=0.8 gpu_alloc_gb=0.317 gpu_reserved_gb=2.008
[SSL] repeat=6 scope=internal_cv fold=9 epoch=7/50 ssl_loss=0.063840 lr=0.000108748 base_val_bce=0.619561 base_best=N base_cls_epoch=49 epoch_seconds=3.3 task_elapsed_minutes=0.8 gpu_alloc_gb=0.318 gpu_reserved_gb=1.744
[SSL] repeat=6 scope=internal_cv fold=9 epoch=8/50 ssl_loss=0.061468 lr=0.000122855 base_val_bce=0.618493 base_best=N base_cls_epoch=47 epoch_seconds=3.9 task_elapsed_minutes=0.9 gpu_alloc_gb=0.317 gpu_reserved_gb=2.008
CHECKPOINT_BEST repeat=6 scope=internal_cv fold=9 phase=ssl epoch=9 path=/data/adodas/VarCoNet-V2-main/xiaolunwen/experiment1c/checkpoints/worker_r6_best.pt
[SSL] repeat=6 scope=internal_cv fold=9 epoch=9/50 ssl_loss=0.063429 lr=0.000136962 base_val_bce=0.608249 base_best=Y base_cls_epoch=47 epoch_seconds=8.1 task_elapsed_minutes=1.0 gpu_alloc_gb=0.318 gpu_reserved_gb=1.744
CHECKPOINT_BEST repeat=6 scope=internal_cv fold=9 phase=ssl epoch=10 path=/data/adodas/VarCoNet-V2-main/xiaolunwen/experiment1c/checkpoints/worker_r6_best.pt
CHECKPOINT_LATEST repeat=6 scope=internal_cv fold=9 phase=ssl epoch=10 path=/data/adodas/VarCoNet-V2-main/xiaolunwen/experiment1c/checkpoints/worker_r6_latest.pt
[SSL] repeat=6 scope=internal_cv fold=9 epoch=10/50 ssl_loss=0.066451 lr=0.000136962 base_val_bce=0.606249 base_best=Y base_cls_epoch=49 epoch_seconds=9.6 task_elapsed_minutes=1.2 gpu_alloc_gb=0.317 gpu_reserved_gb=2.008
CHECKPOINT_BEST repeat=6 scope=internal_cv fold=9 phase=ssl epoch=11 path=/data/adodas/VarCoNet-V2-main/xiaolunwen/experiment1c/checkpoints/worker_r6_best.pt
[SSL] repeat=6 scope=internal_cv fold=9 epoch=11/50 ssl_loss=0.056952 lr=0.000136751 base_val_bce=0.601390 base_best=Y base_cls_epoch=53 epoch_seconds=10.7 task_elapsed_minutes=1.4 gpu_alloc_gb=0.318 gpu_reserved_gb=1.744
CHECKPOINT_BEST repeat=6 scope=internal_cv fold=9 phase=ssl epoch=12 path=/data/adodas/VarCoNet-V2-main/xiaolunwen/experiment1c/checkpoints/worker_r6_best.pt
[SSL] repeat=6 scope=internal_cv fold=9 epoch=12/50 ssl_loss=0.051680 lr=0.000136119 base_val_bce=0.596385 base_best=Y base_cls_epoch=50 epoch_seconds=9.0 task_elapsed_minutes=1.5 gpu_alloc_gb=0.317 gpu_reserved_gb=2.008
[SSL] repeat=6 scope=internal_cv fold=9 epoch=13/50 ssl_loss=0.055570 lr=0.000135070 base_val_bce=0.601321 base_best=N base_cls_epoch=54 epoch_seconds=8.2 task_elapsed_minutes=1.7 gpu_alloc_gb=0.318 gpu_reserved_gb=1.744
[SSL] repeat=6 scope=internal_cv fold=9 epoch=14/50 ssl_loss=0.034093 lr=0.000133610 base_val_bce=0.610832 base_best=N base_cls_epoch=56 epoch_seconds=8.3 task_elapsed_minutes=1.8 gpu_alloc_gb=0.317 gpu_reserved_gb=2.008
[SSL] repeat=6 scope=internal_cv fold=9 epoch=15/50 ssl_loss=0.041519 lr=0.000131749 base_val_bce=0.607410 base_best=N base_cls_epoch=53 epoch_seconds=7.8 task_elapsed_minutes=1.9 gpu_alloc_gb=0.318 gpu_reserved_gb=1.744
[SSL] repeat=6 scope=internal_cv fold=9 epoch=16/50 ssl_loss=0.046664 lr=0.000129498 base_val_bce=0.599300 base_best=N base_cls_epoch=55 epoch_seconds=5.2 task_elapsed_minutes=2.0 gpu_alloc_gb=0.317 gpu_reserved_gb=2.008
CHECKPOINT_BEST repeat=6 scope=internal_cv fold=9 phase=ssl epoch=17 path=/data/adodas/VarCoNet-V2-main/xiaolunwen/experiment1c/checkpoints/worker_r6_best.pt
[SSL] repeat=6 scope=internal_cv fold=9 epoch=17/50 ssl_loss=0.049224 lr=0.000126870 base_val_bce=0.593512 base_best=Y base_cls_epoch=52 epoch_seconds=4.1 task_elapsed_minutes=2.1 gpu_alloc_gb=0.318 gpu_reserved_gb=1.744
[SSL] repeat=6 scope=internal_cv fold=9 epoch=18/50 ssl_loss=0.050300 lr=0.000123883 base_val_bce=0.599297 base_best=N base_cls_epoch=53 epoch_seconds=3.7 task_elapsed_minutes=2.2 gpu_alloc_gb=0.317 gpu_reserved_gb=2.008
[SSL] repeat=6 scope=internal_cv fold=9 epoch=19/50 ssl_loss=0.040981 lr=0.000120554 base_val_bce=0.594639 base_best=N base_cls_epoch=59 epoch_seconds=3.1 task_elapsed_minutes=2.2 gpu_alloc_gb=0.318 gpu_reserved_gb=1.744
CHECKPOINT_BEST repeat=6 scope=internal_cv fold=9 phase=ssl epoch=20 path=/data/adodas/VarCoNet-V2-main/xiaolunwen/experiment1c/checkpoints/worker_r6_best.pt
CHECKPOINT_LATEST repeat=6 scope=internal_cv fold=9 phase=ssl epoch=20 path=/data/adodas/VarCoNet-V2-main/xiaolunwen/experiment1c/checkpoints/worker_r6_latest.pt
[SSL] repeat=6 scope=internal_cv fold=9 epoch=20/50 ssl_loss=0.055948 lr=0.000116904 base_val_bce=0.583897 base_best=Y base_cls_epoch=57 epoch_seconds=5.5 task_elapsed_minutes=2.3 gpu_alloc_gb=0.317 gpu_reserved_gb=2.008
[SSL] repeat=6 scope=internal_cv fold=9 epoch=21/50 ssl_loss=0.042393 lr=0.000112956 base_val_bce=0.587645 base_best=N base_cls_epoch=54 epoch_seconds=8.3 task_elapsed_minutes=2.4 gpu_alloc_gb=0.318 gpu_reserved_gb=1.744
[SSL] repeat=6 scope=internal_cv fold=9 epoch=22/50 ssl_loss=0.042982 lr=0.000108733 base_val_bce=0.589596 base_best=N base_cls_epoch=55 epoch_seconds=7.7 task_elapsed_minutes=2.6 gpu_alloc_gb=0.317 gpu_reserved_gb=2.008
[SSL] repeat=6 scope=internal_cv fold=9 epoch=23/50 ssl_loss=0.038868 lr=0.000104262 base_val_bce=0.597236 base_best=N base_cls_epoch=57 epoch_seconds=6.6 task_elapsed_minutes=2.7 gpu_alloc_gb=0.318 gpu_reserved_gb=1.744
[SSL] repeat=6 scope=internal_cv fold=9 epoch=24/50 ssl_loss=0.040388 lr=0.000099570 base_val_bce=0.595951 base_best=N base_cls_epoch=55 epoch_seconds=8.2 task_elapsed_minutes=2.8 gpu_alloc_gb=0.317 gpu_reserved_gb=2.008
[SSL] repeat=6 scope=internal_cv fold=9 epoch=25/50 ssl_loss=0.039879 lr=0.000094687 base_val_bce=0.590050 base_best=N base_cls_epoch=54 epoch_seconds=7.8 task_elapsed_minutes=2.9 gpu_alloc_gb=0.318 gpu_reserved_gb=1.744
[SSL] repeat=6 scope=internal_cv fold=9 epoch=26/50 ssl_loss=0.052092 lr=0.000089643 base_val_bce=0.586810 base_best=N base_cls_epoch=57 epoch_seconds=5.7 task_elapsed_minutes=3.0 gpu_alloc_gb=0.317 gpu_reserved_gb=2.008
[SSL] repeat=6 scope=internal_cv fold=9 epoch=27/50 ssl_loss=0.037502 lr=0.000084467 base_val_bce=0.596758 base_best=N base_cls_epoch=54 epoch_seconds=7.6 task_elapsed_minutes=3.2 gpu_alloc_gb=0.318 gpu_reserved_gb=1.744
[SSL] repeat=6 scope=internal_cv fold=9 epoch=28/50 ssl_loss=0.039981 lr=0.000079194 base_val_bce=0.589715 base_best=N base_cls_epoch=55 epoch_seconds=6.3 task_elapsed_minutes=3.3 gpu_alloc_gb=0.317 gpu_reserved_gb=2.008
[SSL] repeat=6 scope=internal_cv fold=9 epoch=29/50 ssl_loss=0.038201 lr=0.000073854 base_val_bce=0.600308 base_best=N base_cls_epoch=63 epoch_seconds=5.4 task_elapsed_minutes=3.4 gpu_alloc_gb=0.318 gpu_reserved_gb=1.744
CHECKPOINT_LATEST repeat=6 scope=internal_cv fold=9 phase=ssl epoch=30 path=/data/adodas/VarCoNet-V2-main/xiaolunwen/experiment1c/checkpoints/worker_r6_latest.pt
[SSL] repeat=6 scope=internal_cv fold=9 epoch=30/50 ssl_loss=0.039545 lr=0.000068481 base_val_bce=0.594764 base_best=N base_cls_epoch=58 epoch_seconds=7.5 task_elapsed_minutes=3.5 gpu_alloc_gb=0.317 gpu_reserved_gb=2.008
[SSL] repeat=6 scope=internal_cv fold=9 epoch=31/50 ssl_loss=0.036384 lr=0.000063108 base_val_bce=0.589410 base_best=N base_cls_epoch=55 epoch_seconds=6.6 task_elapsed_minutes=3.6 gpu_alloc_gb=0.318 gpu_reserved_gb=1.744
[SSL] repeat=6 scope=internal_cv fold=9 epoch=32/50 ssl_loss=0.035069 lr=0.000057768 base_val_bce=0.594693 base_best=N base_cls_epoch=59 epoch_seconds=6.4 task_elapsed_minutes=3.7 gpu_alloc_gb=0.317 gpu_reserved_gb=2.008
[SSL] repeat=6 scope=internal_cv fold=9 epoch=33/50 ssl_loss=0.040998 lr=0.000052494 base_val_bce=0.591342 base_best=N base_cls_epoch=57 epoch_seconds=7.3 task_elapsed_minutes=3.8 gpu_alloc_gb=0.318 gpu_reserved_gb=1.744
[SSL] repeat=6 scope=internal_cv fold=9 epoch=34/50 ssl_loss=0.034408 lr=0.000047319 base_val_bce=0.591898 base_best=N base_cls_epoch=56 epoch_seconds=10.0 task_elapsed_minutes=4.0 gpu_alloc_gb=0.317 gpu_reserved_gb=2.008
[SSL] repeat=6 scope=internal_cv fold=9 epoch=35/50 ssl_loss=0.035861 lr=0.000042274 base_val_bce=0.588664 base_best=N base_cls_epoch=62 epoch_seconds=8.9 task_elapsed_minutes=4.2 gpu_alloc_gb=0.318 gpu_reserved_gb=1.744
[SSL] repeat=6 scope=internal_cv fold=9 epoch=36/50 ssl_loss=0.045133 lr=0.000037391 base_val_bce=0.593651 base_best=N base_cls_epoch=59 epoch_seconds=7.8 task_elapsed_minutes=4.3 gpu_alloc_gb=0.317 gpu_reserved_gb=2.008
[SSL] repeat=6 scope=internal_cv fold=9 epoch=37/50 ssl_loss=0.034791 lr=0.000032700 base_val_bce=0.593552 base_best=N base_cls_epoch=59 epoch_seconds=6.7 task_elapsed_minutes=4.4 gpu_alloc_gb=0.318 gpu_reserved_gb=1.744
[SSL] repeat=6 scope=internal_cv fold=9 epoch=38/50 ssl_loss=0.034360 lr=0.000028229 base_val_bce=0.587922 base_best=N base_cls_epoch=53 epoch_seconds=7.1 task_elapsed_minutes=4.5 gpu_alloc_gb=0.317 gpu_reserved_gb=2.008
[SSL] repeat=6 scope=internal_cv fold=9 epoch=39/50 ssl_loss=0.031854 lr=0.000024006 base_val_bce=0.597618 base_best=N base_cls_epoch=62 epoch_seconds=3.7 task_elapsed_minutes=4.6 gpu_alloc_gb=0.318 gpu_reserved_gb=1.744
CHECKPOINT_BEST repeat=6 scope=internal_cv fold=9 phase=ssl epoch=40 path=/data/adodas/VarCoNet-V2-main/xiaolunwen/experiment1c/checkpoints/worker_r6_best.pt
CHECKPOINT_LATEST repeat=6 scope=internal_cv fold=9 phase=ssl epoch=40 path=/data/adodas/VarCoNet-V2-main/xiaolunwen/experiment1c/checkpoints/worker_r6_latest.pt
[SSL] repeat=6 scope=internal_cv fold=9 epoch=40/50 ssl_loss=0.033876 lr=0.000020058 base_val_bce=0.574139 base_best=Y base_cls_epoch=56 epoch_seconds=4.6 task_elapsed_minutes=4.7 gpu_alloc_gb=0.317 gpu_reserved_gb=2.008
[SSL] repeat=6 scope=internal_cv fold=9 epoch=41/50 ssl_loss=0.031691 lr=0.000016408 base_val_bce=0.584547 base_best=N base_cls_epoch=57 epoch_seconds=4.0 task_elapsed_minutes=4.7 gpu_alloc_gb=0.318 gpu_reserved_gb=1.744
[SSL] repeat=6 scope=internal_cv fold=9 epoch=42/50 ssl_loss=0.038453 lr=0.000013079 base_val_bce=0.595834 base_best=N base_cls_epoch=56 epoch_seconds=3.8 task_elapsed_minutes=4.8 gpu_alloc_gb=0.317 gpu_reserved_gb=2.008
[SSL] repeat=6 scope=internal_cv fold=9 epoch=43/50 ssl_loss=0.035614 lr=0.000010091 base_val_bce=0.580654 base_best=N base_cls_epoch=56 epoch_seconds=3.5 task_elapsed_minutes=4.8 gpu_alloc_gb=0.318 gpu_reserved_gb=1.744
[SSL] repeat=6 scope=internal_cv fold=9 epoch=44/50 ssl_loss=0.031939 lr=0.000007464 base_val_bce=0.590427 base_best=N base_cls_epoch=56 epoch_seconds=4.0 task_elapsed_minutes=4.9 gpu_alloc_gb=0.317 gpu_reserved_gb=2.008
[SSL] repeat=6 scope=internal_cv fold=9 epoch=45/50 ssl_loss=0.033185 lr=0.000005213 base_val_bce=0.587187 base_best=N base_cls_epoch=56 epoch_seconds=3.8 task_elapsed_minutes=5.0 gpu_alloc_gb=0.318 gpu_reserved_gb=1.744
[SSL] repeat=6 scope=internal_cv fold=9 epoch=46/50 ssl_loss=0.037135 lr=0.000003352 base_val_bce=0.576631 base_best=N base_cls_epoch=60 epoch_seconds=3.8 task_elapsed_minutes=5.0 gpu_alloc_gb=0.317 gpu_reserved_gb=2.008
[SSL] repeat=6 scope=internal_cv fold=9 epoch=47/50 ssl_loss=0.035693 lr=0.000001892 base_val_bce=0.593420 base_best=N base_cls_epoch=57 epoch_seconds=3.9 task_elapsed_minutes=5.1 gpu_alloc_gb=0.318 gpu_reserved_gb=1.744
[SSL] repeat=6 scope=internal_cv fold=9 epoch=48/50 ssl_loss=0.031924 lr=0.000000843 base_val_bce=0.586120 base_best=N base_cls_epoch=59 epoch_seconds=3.9 task_elapsed_minutes=5.2 gpu_alloc_gb=0.317 gpu_reserved_gb=2.008
[SSL] repeat=6 scope=internal_cv fold=9 epoch=49/50 ssl_loss=0.035778 lr=0.000000211 base_val_bce=0.590877 base_best=N base_cls_epoch=59 epoch_seconds=3.8 task_elapsed_minutes=5.2 gpu_alloc_gb=0.318 gpu_reserved_gb=1.744
CHECKPOINT_LATEST repeat=6 scope=internal_cv fold=9 phase=ssl epoch=50 path=/data/adodas/VarCoNet-V2-main/xiaolunwen/experiment1c/checkpoints/worker_r6_latest.pt
[SSL] repeat=6 scope=internal_cv fold=9 epoch=50/50 ssl_loss=0.027090 lr=0.000000000 base_val_bce=0.576628 base_best=N base_cls_epoch=54 epoch_seconds=4.1 task_elapsed_minutes=5.3 gpu_alloc_gb=0.317 gpu_reserved_gb=2.008
[CRSM_ZERO_BASELINE] repeat=6 scope=internal_cv fold=9 epoch=0 exact_zero=Y val_bce=0.574139 probability_max_abs=5.96e-08
CHECKPOINT_LATEST repeat=6 scope=internal_cv fold=9 phase=crsm_corrected epoch=0 path=/data/adodas/VarCoNet-V2-main/xiaolunwen/experiment1c/checkpoints/worker_r6_latest.pt
CHECKPOINT_BEST repeat=6 scope=internal_cv fold=9 phase=crsm_corrected epoch=0 path=/data/adodas/VarCoNet-V2-main/xiaolunwen/experiment1c/checkpoints/worker_r6_best.pt
CHECKPOINT_BEST repeat=6 scope=internal_cv fold=9 phase=crsm_corrected epoch=0 path=/data/adodas/VarCoNet-V2-main/xiaolunwen/experiment1c/checkpoints/worker_r6_best.pt
CHECKPOINT_LATEST repeat=6 scope=internal_cv fold=9 phase=crsm_corrected epoch=0 path=/data/adodas/VarCoNet-V2-main/xiaolunwen/experiment1c/checkpoints/worker_r6_latest.pt
[CRSM_SYMMETRY_START] repeat=6 scope=internal_cv fold=9 after_exact_zero=Y pca_unit_norm=1.00000000 pca_singular=146.214417 symmetry_scale=0.0026086336
CHECKPOINT_LATEST repeat=6 scope=internal_cv fold=9 phase=crsm_corrected epoch=10 path=/data/adodas/VarCoNet-V2-main/xiaolunwen/experiment1c/checkpoints/worker_r6_latest.pt
[CRSM_CORRECTED] repeat=6 scope=internal_cv fold=9 epoch=10/149 train_loss=0.123095 val_bce=0.581773 best=N best_epoch=0 asd_mass=(0.4990,0.5010) hc_mass=(0.5000,0.5000) delta_l2=(0.130334,0.130403) epoch_seconds=0.53
CHECKPOINT_LATEST repeat=6 scope=internal_cv fold=9 phase=crsm_corrected epoch=20 path=/data/adodas/VarCoNet-V2-main/xiaolunwen/experiment1c/checkpoints/worker_r6_latest.pt
[CRSM_CORRECTED] repeat=6 scope=internal_cv fold=9 epoch=20/149 train_loss=0.107174 val_bce=0.593863 best=N best_epoch=0 asd_mass=(0.4980,0.5020) hc_mass=(0.5000,0.5000) delta_l2=(0.248896,0.248904) epoch_seconds=0.46
CHECKPOINT_LATEST repeat=6 scope=internal_cv fold=9 phase=crsm_corrected epoch=30 path=/data/adodas/VarCoNet-V2-main/xiaolunwen/experiment1c/checkpoints/worker_r6_latest.pt
[CRSM_CORRECTED] repeat=6 scope=internal_cv fold=9 epoch=30/149 train_loss=0.096095 val_bce=0.606650 best=N best_epoch=0 asd_mass=(0.4964,0.5036) hc_mass=(0.5000,0.5000) delta_l2=(0.355237,0.355205) epoch_seconds=0.40
CHECKPOINT_LATEST repeat=6 scope=internal_cv fold=9 phase=crsm_corrected epoch=40 path=/data/adodas/VarCoNet-V2-main/xiaolunwen/experiment1c/checkpoints/worker_r6_latest.pt
[CRSM_CORRECTED] repeat=6 scope=internal_cv fold=9 epoch=40/149 train_loss=0.088268 val_bce=0.620025 best=N best_epoch=0 asd_mass=(0.4941,0.5059) hc_mass=(0.5000,0.5000) delta_l2=(0.449919,0.449779) epoch_seconds=0.41
CHECKPOINT_LATEST repeat=6 scope=internal_cv fold=9 phase=crsm_corrected epoch=50 path=/data/adodas/VarCoNet-V2-main/xiaolunwen/experiment1c/checkpoints/worker_r6_latest.pt
[CRSM_CORRECTED] repeat=6 scope=internal_cv fold=9 epoch=50/149 train_loss=0.082646 val_bce=0.633652 best=N best_epoch=0 asd_mass=(0.4907,0.5093) hc_mass=(0.5000,0.5000) delta_l2=(0.534044,0.533712) epoch_seconds=0.53
CHECKPOINT_LATEST repeat=6 scope=internal_cv fold=9 phase=crsm_corrected epoch=60 path=/data/adodas/VarCoNet-V2-main/xiaolunwen/experiment1c/checkpoints/worker_r6_latest.pt
[CRSM_CORRECTED] repeat=6 scope=internal_cv fold=9 epoch=60/149 train_loss=0.078517 val_bce=0.647291 best=N best_epoch=0 asd_mass=(0.4862,0.5138) hc_mass=(0.5000,0.5000) delta_l2=(0.608891,0.608260) epoch_seconds=0.41
CHECKPOINT_LATEST repeat=6 scope=internal_cv fold=9 phase=crsm_corrected epoch=70 path=/data/adodas/VarCoNet-V2-main/xiaolunwen/experiment1c/checkpoints/worker_r6_latest.pt
[CRSM_CORRECTED] repeat=6 scope=internal_cv fold=9 epoch=70/149 train_loss=0.075390 val_bce=0.660976 best=N best_epoch=0 asd_mass=(0.4809,0.5191) hc_mass=(0.5000,0.5000) delta_l2=(0.675880,0.674725) epoch_seconds=0.63
CHECKPOINT_LATEST repeat=6 scope=internal_cv fold=9 phase=crsm_corrected epoch=80 path=/data/adodas/VarCoNet-V2-main/xiaolunwen/experiment1c/checkpoints/worker_r6_latest.pt
[CRSM_CORRECTED] repeat=6 scope=internal_cv fold=9 epoch=80/149 train_loss=0.072938 val_bce=0.674813 best=N best_epoch=0 asd_mass=(0.4752,0.5248) hc_mass=(0.5000,0.5000) delta_l2=(0.736511,0.734483) epoch_seconds=0.40
CHECKPOINT_LATEST repeat=6 scope=internal_cv fold=9 phase=crsm_corrected epoch=90 path=/data/adodas/VarCoNet-V2-main/xiaolunwen/experiment1c/checkpoints/worker_r6_latest.pt
[CRSM_CORRECTED] repeat=6 scope=internal_cv fold=9 epoch=90/149 train_loss=0.070961 val_bce=0.688730 best=N best_epoch=0 asd_mass=(0.4697,0.5303) hc_mass=(0.5000,0.5000) delta_l2=(0.792122,0.788829) epoch_seconds=0.30
CHECKPOINT_LATEST repeat=6 scope=internal_cv fold=9 phase=crsm_corrected epoch=100 path=/data/adodas/VarCoNet-V2-main/xiaolunwen/experiment1c/checkpoints/worker_r6_latest.pt
[CRSM_CORRECTED] repeat=6 scope=internal_cv fold=9 epoch=100/149 train_loss=0.069344 val_bce=0.702567 best=N best_epoch=0 asd_mass=(0.4649,0.5351) hc_mass=(0.5000,0.5000) delta_l2=(0.843663,0.838734) epoch_seconds=0.36
CHECKPOINT_LATEST repeat=6 scope=internal_cv fold=9 phase=crsm_corrected epoch=110 path=/data/adodas/VarCoNet-V2-main/xiaolunwen/experiment1c/checkpoints/worker_r6_latest.pt
[CRSM_CORRECTED] repeat=6 scope=internal_cv fold=9 epoch=110/149 train_loss=0.068012 val_bce=0.716195 best=N best_epoch=0 asd_mass=(0.4611,0.5389) hc_mass=(0.5000,0.5000) delta_l2=(0.891708,0.884814) epoch_seconds=0.59
CHECKPOINT_LATEST repeat=6 scope=internal_cv fold=9 phase=crsm_corrected epoch=120 path=/data/adodas/VarCoNet-V2-main/xiaolunwen/experiment1c/checkpoints/worker_r6_latest.pt
[CRSM_CORRECTED] repeat=6 scope=internal_cv fold=9 epoch=120/149 train_loss=0.066913 val_bce=0.729527 best=N best_epoch=0 asd_mass=(0.4581,0.5419) hc_mass=(0.5000,0.5000) delta_l2=(0.936595,0.927458) epoch_seconds=0.55
CHECKPOINT_LATEST repeat=6 scope=internal_cv fold=9 phase=crsm_corrected epoch=130 path=/data/adodas/VarCoNet-V2-main/xiaolunwen/experiment1c/checkpoints/worker_r6_latest.pt
[CRSM_CORRECTED] repeat=6 scope=internal_cv fold=9 epoch=130/149 train_loss=0.066005 val_bce=0.742490 best=N best_epoch=0 asd_mass=(0.4560,0.5440) hc_mass=(0.5000,0.5000) delta_l2=(0.978555,0.966952) epoch_seconds=0.34
CHECKPOINT_LATEST repeat=6 scope=internal_cv fold=9 phase=crsm_corrected epoch=140 path=/data/adodas/VarCoNet-V2-main/xiaolunwen/experiment1c/checkpoints/worker_r6_latest.pt
[CRSM_CORRECTED] repeat=6 scope=internal_cv fold=9 epoch=140/149 train_loss=0.065252 val_bce=0.755028 best=N best_epoch=0 asd_mass=(0.4544,0.5456) hc_mass=(0.5000,0.5000) delta_l2=(1.017787,1.003554) epoch_seconds=0.41
CHECKPOINT_LATEST repeat=6 scope=internal_cv fold=9 phase=crsm_corrected epoch=149 path=/data/adodas/VarCoNet-V2-main/xiaolunwen/experiment1c/checkpoints/worker_r6_latest.pt
[CRSM_CORRECTED] repeat=6 scope=internal_cv fold=9 epoch=149/149 train_loss=0.064682 val_bce=0.765922 best=N best_epoch=0 asd_mass=(0.4534,0.5466) hc_mass=(0.5000,0.5000) delta_l2=(1.050927,1.034235) epoch_seconds=0.48
[SNDE_NORMATIVE] repeat=6 scope=internal_cv fold=9 n_unique_asd=357 n_unique_hc=317 roi_dim=384 std_floor=0.0013334773 pc1_explained_fraction=0.216032 hc_score_mean_before_norm=-7.22025e-08 hc_score_std_before_norm=7.7428 asd_positive_fraction=0.1317 asd_negative_fraction=0.0000 asd_generalist_fraction=0.8683 hc_positive_fraction=0.0915 hc_negative_fraction=0.0000 hc_generalist_fraction=0.9085
[SNDE_ZERO_BASELINE] repeat=6 scope=internal_cv fold=9 epoch=0 exact_zero=Y val_bce=0.574139 probability_max_abs=5.96e-08
CHECKPOINT_BEST repeat=6 scope=internal_cv fold=9 phase=snde epoch=0 path=/data/adodas/VarCoNet-V2-main/xiaolunwen/experiment1c/checkpoints/worker_r6_best.pt
CHECKPOINT_LATEST repeat=6 scope=internal_cv fold=9 phase=snde epoch=0 path=/data/adodas/VarCoNet-V2-main/xiaolunwen/experiment1c/checkpoints/worker_r6_latest.pt
CHECKPOINT_BEST repeat=6 scope=internal_cv fold=9 phase=snde epoch=2 path=/data/adodas/VarCoNet-V2-main/xiaolunwen/experiment1c/checkpoints/worker_r6_best.pt
CHECKPOINT_LATEST repeat=6 scope=internal_cv fold=9 phase=snde epoch=2 path=/data/adodas/VarCoNet-V2-main/xiaolunwen/experiment1c/checkpoints/worker_r6_latest.pt
[SNDE] repeat=6 scope=internal_cv fold=9 epoch=2/149 train_bce=0.142215 val_bce=0.572749 best=Y best_epoch=2 asd_gate=(+0.132,-0.000,g0.868) hc_gate=(+0.091,-0.000,g0.909) pos_weight_l2=0.032445 neg_weight_l2=0.000000 mean_abs_pos_correction=0.033492 mean_abs_neg_correction=0.000000 elapsed_seconds=1.28
CHECKPOINT_LATEST repeat=6 scope=internal_cv fold=9 phase=snde epoch=10 path=/data/adodas/VarCoNet-V2-main/xiaolunwen/experiment1c/checkpoints/worker_r6_latest.pt
[SNDE] repeat=6 scope=internal_cv fold=9 epoch=10/149 train_bce=0.138896 val_bce=0.578030 best=N best_epoch=2 asd_gate=(+0.132,-0.000,g0.868) hc_gate=(+0.091,-0.000,g0.909) pos_weight_l2=0.105666 neg_weight_l2=0.000000 mean_abs_pos_correction=0.120711 mean_abs_neg_correction=0.000000 elapsed_seconds=0.58
CHECKPOINT_LATEST repeat=6 scope=internal_cv fold=9 phase=snde epoch=20 path=/data/adodas/VarCoNet-V2-main/xiaolunwen/experiment1c/checkpoints/worker_r6_latest.pt
[SNDE] repeat=6 scope=internal_cv fold=9 epoch=20/149 train_bce=0.137478 val_bce=0.578983 best=N best_epoch=2 asd_gate=(+0.132,-0.000,g0.868) hc_gate=(+0.091,-0.000,g0.909) pos_weight_l2=0.173969 neg_weight_l2=0.000000 mean_abs_pos_correction=0.181270 mean_abs_neg_correction=0.000000 elapsed_seconds=0.66
CHECKPOINT_LATEST repeat=6 scope=internal_cv fold=9 phase=snde epoch=30 path=/data/adodas/VarCoNet-V2-main/xiaolunwen/experiment1c/checkpoints/worker_r6_latest.pt
[SNDE] repeat=6 scope=internal_cv fold=9 epoch=30/149 train_bce=0.136700 val_bce=0.575723 best=N best_epoch=2 asd_gate=(+0.132,-0.000,g0.868) hc_gate=(+0.091,-0.000,g0.909) pos_weight_l2=0.225911 neg_weight_l2=0.000000 mean_abs_pos_correction=0.216466 mean_abs_neg_correction=0.000000 elapsed_seconds=0.61
CHECKPOINT_BEST repeat=6 scope=internal_cv fold=9 phase=snde epoch=36 path=/data/adodas/VarCoNet-V2-main/xiaolunwen/experiment1c/checkpoints/worker_r6_best.pt
CHECKPOINT_LATEST repeat=6 scope=internal_cv fold=9 phase=snde epoch=36 path=/data/adodas/VarCoNet-V2-main/xiaolunwen/experiment1c/checkpoints/worker_r6_latest.pt
[SNDE] repeat=6 scope=internal_cv fold=9 epoch=36/149 train_bce=0.136373 val_bce=0.572536 best=Y best_epoch=36 asd_gate=(+0.132,-0.000,g0.868) hc_gate=(+0.091,-0.000,g0.909) pos_weight_l2=0.252534 neg_weight_l2=0.000000 mean_abs_pos_correction=0.227661 mean_abs_neg_correction=0.000000 elapsed_seconds=1.44
CHECKPOINT_BEST repeat=6 scope=internal_cv fold=9 phase=snde epoch=37 path=/data/adodas/VarCoNet-V2-main/xiaolunwen/experiment1c/checkpoints/worker_r6_best.pt
CHECKPOINT_LATEST repeat=6 scope=internal_cv fold=9 phase=snde epoch=37 path=/data/adodas/VarCoNet-V2-main/xiaolunwen/experiment1c/checkpoints/worker_r6_latest.pt
[SNDE] repeat=6 scope=internal_cv fold=9 epoch=37/149 train_bce=0.136326 val_bce=0.572095 best=Y best_epoch=37 asd_gate=(+0.132,-0.000,g0.868) hc_gate=(+0.091,-0.000,g0.909) pos_weight_l2=0.256734 neg_weight_l2=0.000000 mean_abs_pos_correction=0.229282 mean_abs_neg_correction=0.000000 elapsed_seconds=1.31
CHECKPOINT_BEST repeat=6 scope=internal_cv fold=9 phase=snde epoch=38 path=/data/adodas/VarCoNet-V2-main/xiaolunwen/experiment1c/checkpoints/worker_r6_best.pt
CHECKPOINT_LATEST repeat=6 scope=internal_cv fold=9 phase=snde epoch=38 path=/data/adodas/VarCoNet-V2-main/xiaolunwen/experiment1c/checkpoints/worker_r6_latest.pt
[SNDE] repeat=6 scope=internal_cv fold=9 epoch=38/149 train_bce=0.136280 val_bce=0.571714 best=Y best_epoch=38 asd_gate=(+0.132,-0.000,g0.868) hc_gate=(+0.091,-0.000,g0.909) pos_weight_l2=0.260878 neg_weight_l2=0.000000 mean_abs_pos_correction=0.230942 mean_abs_neg_correction=0.000000 elapsed_seconds=1.71
CHECKPOINT_BEST repeat=6 scope=internal_cv fold=9 phase=snde epoch=39 path=/data/adodas/VarCoNet-V2-main/xiaolunwen/experiment1c/checkpoints/worker_r6_best.pt
CHECKPOINT_LATEST repeat=6 scope=internal_cv fold=9 phase=snde epoch=39 path=/data/adodas/VarCoNet-V2-main/xiaolunwen/experiment1c/checkpoints/worker_r6_latest.pt
[SNDE] repeat=6 scope=internal_cv fold=9 epoch=39/149 train_bce=0.136235 val_bce=0.571396 best=Y best_epoch=39 asd_gate=(+0.132,-0.000,g0.868) hc_gate=(+0.091,-0.000,g0.909) pos_weight_l2=0.264967 neg_weight_l2=0.000000 mean_abs_pos_correction=0.232656 mean_abs_neg_correction=0.000000 elapsed_seconds=1.74
CHECKPOINT_BEST repeat=6 scope=internal_cv fold=9 phase=snde epoch=40 path=/data/adodas/VarCoNet-V2-main/xiaolunwen/experiment1c/checkpoints/worker_r6_best.pt
CHECKPOINT_LATEST repeat=6 scope=internal_cv fold=9 phase=snde epoch=40 path=/data/adodas/VarCoNet-V2-main/xiaolunwen/experiment1c/checkpoints/worker_r6_latest.pt
[SNDE] repeat=6 scope=internal_cv fold=9 epoch=40/149 train_bce=0.136192 val_bce=0.571138 best=Y best_epoch=40 asd_gate=(+0.132,-0.000,g0.868) hc_gate=(+0.091,-0.000,g0.909) pos_weight_l2=0.269005 neg_weight_l2=0.000000 mean_abs_pos_correction=0.234427 mean_abs_neg_correction=0.000000 elapsed_seconds=1.22
CHECKPOINT_BEST repeat=6 scope=internal_cv fold=9 phase=snde epoch=41 path=/data/adodas/VarCoNet-V2-main/xiaolunwen/experiment1c/checkpoints/worker_r6_best.pt
CHECKPOINT_LATEST repeat=6 scope=internal_cv fold=9 phase=snde epoch=41 path=/data/adodas/VarCoNet-V2-main/xiaolunwen/experiment1c/checkpoints/worker_r6_latest.pt
[SNDE] repeat=6 scope=internal_cv fold=9 epoch=41/149 train_bce=0.136149 val_bce=0.570934 best=Y best_epoch=41 asd_gate=(+0.132,-0.000,g0.868) hc_gate=(+0.091,-0.000,g0.909) pos_weight_l2=0.272993 neg_weight_l2=0.000000 mean_abs_pos_correction=0.236246 mean_abs_neg_correction=0.000000 elapsed_seconds=1.89
CHECKPOINT_BEST repeat=6 scope=internal_cv fold=9 phase=snde epoch=42 path=/data/adodas/VarCoNet-V2-main/xiaolunwen/experiment1c/checkpoints/worker_r6_best.pt
CHECKPOINT_LATEST repeat=6 scope=internal_cv fold=9 phase=snde epoch=42 path=/data/adodas/VarCoNet-V2-main/xiaolunwen/experiment1c/checkpoints/worker_r6_latest.pt
[SNDE] repeat=6 scope=internal_cv fold=9 epoch=42/149 train_bce=0.136108 val_bce=0.570774 best=Y best_epoch=42 asd_gate=(+0.132,-0.000,g0.868) hc_gate=(+0.091,-0.000,g0.909) pos_weight_l2=0.276935 neg_weight_l2=0.000000 mean_abs_pos_correction=0.238095 mean_abs_neg_correction=0.000000 elapsed_seconds=1.60
CHECKPOINT_BEST repeat=6 scope=internal_cv fold=9 phase=snde epoch=43 path=/data/adodas/VarCoNet-V2-main/xiaolunwen/experiment1c/checkpoints/worker_r6_best.pt
CHECKPOINT_LATEST repeat=6 scope=internal_cv fold=9 phase=snde epoch=43 path=/data/adodas/VarCoNet-V2-main/xiaolunwen/experiment1c/checkpoints/worker_r6_latest.pt
[SNDE] repeat=6 scope=internal_cv fold=9 epoch=43/149 train_bce=0.136068 val_bce=0.570647 best=Y best_epoch=43 asd_gate=(+0.132,-0.000,g0.868) hc_gate=(+0.091,-0.000,g0.909) pos_weight_l2=0.280831 neg_weight_l2=0.000000 mean_abs_pos_correction=0.239950 mean_abs_neg_correction=0.000000 elapsed_seconds=1.89
CHECKPOINT_BEST repeat=6 scope=internal_cv fold=9 phase=snde epoch=44 path=/data/adodas/VarCoNet-V2-main/xiaolunwen/experiment1c/checkpoints/worker_r6_best.pt
CHECKPOINT_LATEST repeat=6 scope=internal_cv fold=9 phase=snde epoch=44 path=/data/adodas/VarCoNet-V2-main/xiaolunwen/experiment1c/checkpoints/worker_r6_latest.pt
[SNDE] repeat=6 scope=internal_cv fold=9 epoch=44/149 train_bce=0.136030 val_bce=0.570540 best=Y best_epoch=44 asd_gate=(+0.132,-0.000,g0.868) hc_gate=(+0.091,-0.000,g0.909) pos_weight_l2=0.284683 neg_weight_l2=0.000000 mean_abs_pos_correction=0.241782 mean_abs_neg_correction=0.000000 elapsed_seconds=2.71
CHECKPOINT_BEST repeat=6 scope=internal_cv fold=9 phase=snde epoch=45 path=/data/adodas/VarCoNet-V2-main/xiaolunwen/experiment1c/checkpoints/worker_r6_best.pt
CHECKPOINT_LATEST repeat=6 scope=internal_cv fold=9 phase=snde epoch=45 path=/data/adodas/VarCoNet-V2-main/xiaolunwen/experiment1c/checkpoints/worker_r6_latest.pt
[SNDE] repeat=6 scope=internal_cv fold=9 epoch=45/149 train_bce=0.135992 val_bce=0.570441 best=Y best_epoch=45 asd_gate=(+0.132,-0.000,g0.868) hc_gate=(+0.091,-0.000,g0.909) pos_weight_l2=0.288494 neg_weight_l2=0.000000 mean_abs_pos_correction=0.243566 mean_abs_neg_correction=0.000000 elapsed_seconds=5.32
CHECKPOINT_BEST repeat=6 scope=internal_cv fold=9 phase=snde epoch=46 path=/data/adodas/VarCoNet-V2-main/xiaolunwen/experiment1c/checkpoints/worker_r6_best.pt
CHECKPOINT_LATEST repeat=6 scope=internal_cv fold=9 phase=snde epoch=46 path=/data/adodas/VarCoNet-V2-main/xiaolunwen/experiment1c/checkpoints/worker_r6_latest.pt
[SNDE] repeat=6 scope=internal_cv fold=9 epoch=46/149 train_bce=0.135955 val_bce=0.570339 best=Y best_epoch=46 asd_gate=(+0.132,-0.000,g0.868) hc_gate=(+0.091,-0.000,g0.909) pos_weight_l2=0.292264 neg_weight_l2=0.000000 mean_abs_pos_correction=0.245295 mean_abs_neg_correction=0.000000 elapsed_seconds=1.11
CHECKPOINT_BEST repeat=6 scope=internal_cv fold=9 phase=snde epoch=47 path=/data/adodas/VarCoNet-V2-main/xiaolunwen/experiment1c/checkpoints/worker_r6_best.pt
CHECKPOINT_LATEST repeat=6 scope=internal_cv fold=9 phase=snde epoch=47 path=/data/adodas/VarCoNet-V2-main/xiaolunwen/experiment1c/checkpoints/worker_r6_latest.pt
[SNDE] repeat=6 scope=internal_cv fold=9 epoch=47/149 train_bce=0.135919 val_bce=0.570226 best=Y best_epoch=47 asd_gate=(+0.132,-0.000,g0.868) hc_gate=(+0.091,-0.000,g0.909) pos_weight_l2=0.295996 neg_weight_l2=0.000000 mean_abs_pos_correction=0.246944 mean_abs_neg_correction=0.000000 elapsed_seconds=1.07
CHECKPOINT_BEST repeat=6 scope=internal_cv fold=9 phase=snde epoch=48 path=/data/adodas/VarCoNet-V2-main/xiaolunwen/experiment1c/checkpoints/worker_r6_best.pt
CHECKPOINT_LATEST repeat=6 scope=internal_cv fold=9 phase=snde epoch=48 path=/data/adodas/VarCoNet-V2-main/xiaolunwen/experiment1c/checkpoints/worker_r6_latest.pt
[SNDE] repeat=6 scope=internal_cv fold=9 epoch=48/149 train_bce=0.135884 val_bce=0.570095 best=Y best_epoch=48 asd_gate=(+0.132,-0.000,g0.868) hc_gate=(+0.091,-0.000,g0.909) pos_weight_l2=0.299691 neg_weight_l2=0.000000 mean_abs_pos_correction=0.248494 mean_abs_neg_correction=0.000000 elapsed_seconds=1.39
CHECKPOINT_BEST repeat=6 scope=internal_cv fold=9 phase=snde epoch=49 path=/data/adodas/VarCoNet-V2-main/xiaolunwen/experiment1c/checkpoints/worker_r6_best.pt
CHECKPOINT_LATEST repeat=6 scope=internal_cv fold=9 phase=snde epoch=49 path=/data/adodas/VarCoNet-V2-main/xiaolunwen/experiment1c/checkpoints/worker_r6_latest.pt
[SNDE] repeat=6 scope=internal_cv fold=9 epoch=49/149 train_bce=0.135850 val_bce=0.569942 best=Y best_epoch=49 asd_gate=(+0.132,-0.000,g0.868) hc_gate=(+0.091,-0.000,g0.909) pos_weight_l2=0.303352 neg_weight_l2=0.000000 mean_abs_pos_correction=0.249949 mean_abs_neg_correction=0.000000 elapsed_seconds=1.92
CHECKPOINT_BEST repeat=6 scope=internal_cv fold=9 phase=snde epoch=50 path=/data/adodas/VarCoNet-V2-main/xiaolunwen/experiment1c/checkpoints/worker_r6_best.pt
CHECKPOINT_LATEST repeat=6 scope=internal_cv fold=9 phase=snde epoch=50 path=/data/adodas/VarCoNet-V2-main/xiaolunwen/experiment1c/checkpoints/worker_r6_latest.pt
[SNDE] repeat=6 scope=internal_cv fold=9 epoch=50/149 train_bce=0.135817 val_bce=0.569770 best=Y best_epoch=50 asd_gate=(+0.132,-0.000,g0.868) hc_gate=(+0.091,-0.000,g0.909) pos_weight_l2=0.306980 neg_weight_l2=0.000000 mean_abs_pos_correction=0.251339 mean_abs_neg_correction=0.000000 elapsed_seconds=2.14
CHECKPOINT_BEST repeat=6 scope=internal_cv fold=9 phase=snde epoch=51 path=/data/adodas/VarCoNet-V2-main/xiaolunwen/experiment1c/checkpoints/worker_r6_best.pt
CHECKPOINT_LATEST repeat=6 scope=internal_cv fold=9 phase=snde epoch=51 path=/data/adodas/VarCoNet-V2-main/xiaolunwen/experiment1c/checkpoints/worker_r6_latest.pt
[SNDE] repeat=6 scope=internal_cv fold=9 epoch=51/149 train_bce=0.135784 val_bce=0.569578 best=Y best_epoch=51 asd_gate=(+0.132,-0.000,g0.868) hc_gate=(+0.091,-0.000,g0.909) pos_weight_l2=0.310577 neg_weight_l2=0.000000 mean_abs_pos_correction=0.252648 mean_abs_neg_correction=0.000000 elapsed_seconds=2.25
CHECKPOINT_BEST repeat=6 scope=internal_cv fold=9 phase=snde epoch=52 path=/data/adodas/VarCoNet-V2-main/xiaolunwen/experiment1c/checkpoints/worker_r6_best.pt
CHECKPOINT_LATEST repeat=6 scope=internal_cv fold=9 phase=snde epoch=52 path=/data/adodas/VarCoNet-V2-main/xiaolunwen/experiment1c/checkpoints/worker_r6_latest.pt
[SNDE] repeat=6 scope=internal_cv fold=9 epoch=52/149 train_bce=0.135752 val_bce=0.569373 best=Y best_epoch=52 asd_gate=(+0.132,-0.000,g0.868) hc_gate=(+0.091,-0.000,g0.909) pos_weight_l2=0.314146 neg_weight_l2=0.000000 mean_abs_pos_correction=0.253895 mean_abs_neg_correction=0.000000 elapsed_seconds=2.06
CHECKPOINT_BEST repeat=6 scope=internal_cv fold=9 phase=snde epoch=53 path=/data/adodas/VarCoNet-V2-main/xiaolunwen/experiment1c/checkpoints/worker_r6_best.pt
CHECKPOINT_LATEST repeat=6 scope=internal_cv fold=9 phase=snde epoch=53 path=/data/adodas/VarCoNet-V2-main/xiaolunwen/experiment1c/checkpoints/worker_r6_latest.pt
[SNDE] repeat=6 scope=internal_cv fold=9 epoch=53/149 train_bce=0.135720 val_bce=0.569158 best=Y best_epoch=53 asd_gate=(+0.132,-0.000,g0.868) hc_gate=(+0.091,-0.000,g0.909) pos_weight_l2=0.317688 neg_weight_l2=0.000000 mean_abs_pos_correction=0.255099 mean_abs_neg_correction=0.000000 elapsed_seconds=2.33
CHECKPOINT_BEST repeat=6 scope=internal_cv fold=9 phase=snde epoch=54 path=/data/adodas/VarCoNet-V2-main/xiaolunwen/experiment1c/checkpoints/worker_r6_best.pt
CHECKPOINT_LATEST repeat=6 scope=internal_cv fold=9 phase=snde epoch=54 path=/data/adodas/VarCoNet-V2-main/xiaolunwen/experiment1c/checkpoints/worker_r6_latest.pt
[SNDE] repeat=6 scope=internal_cv fold=9 epoch=54/149 train_bce=0.135690 val_bce=0.568942 best=Y best_epoch=54 asd_gate=(+0.132,-0.000,g0.868) hc_gate=(+0.091,-0.000,g0.909) pos_weight_l2=0.321205 neg_weight_l2=0.000000 mean_abs_pos_correction=0.256282 mean_abs_neg_correction=0.000000 elapsed_seconds=1.84
CHECKPOINT_BEST repeat=6 scope=internal_cv fold=9 phase=snde epoch=55 path=/data/adodas/VarCoNet-V2-main/xiaolunwen/experiment1c/checkpoints/worker_r6_best.pt
CHECKPOINT_LATEST repeat=6 scope=internal_cv fold=9 phase=snde epoch=55 path=/data/adodas/VarCoNet-V2-main/xiaolunwen/experiment1c/checkpoints/worker_r6_latest.pt
[SNDE] repeat=6 scope=internal_cv fold=9 epoch=55/149 train_bce=0.135660 val_bce=0.568728 best=Y best_epoch=55 asd_gate=(+0.132,-0.000,g0.868) hc_gate=(+0.091,-0.000,g0.909) pos_weight_l2=0.324699 neg_weight_l2=0.000000 mean_abs_pos_correction=0.257464 mean_abs_neg_correction=0.000000 elapsed_seconds=2.06
CHECKPOINT_BEST repeat=6 scope=internal_cv fold=9 phase=snde epoch=56 path=/data/adodas/VarCoNet-V2-main/xiaolunwen/experiment1c/checkpoints/worker_r6_best.pt
CHECKPOINT_LATEST repeat=6 scope=internal_cv fold=9 phase=snde epoch=56 path=/data/adodas/VarCoNet-V2-main/xiaolunwen/experiment1c/checkpoints/worker_r6_latest.pt
[SNDE] repeat=6 scope=internal_cv fold=9 epoch=56/149 train_bce=0.135630 val_bce=0.568521 best=Y best_epoch=56 asd_gate=(+0.132,-0.000,g0.868) hc_gate=(+0.091,-0.000,g0.909) pos_weight_l2=0.328172 neg_weight_l2=0.000000 mean_abs_pos_correction=0.258659 mean_abs_neg_correction=0.000000 elapsed_seconds=8.68
CHECKPOINT_BEST repeat=6 scope=internal_cv fold=9 phase=snde epoch=57 path=/data/adodas/VarCoNet-V2-main/xiaolunwen/experiment1c/checkpoints/worker_r6_best.pt
CHECKPOINT_LATEST repeat=6 scope=internal_cv fold=9 phase=snde epoch=57 path=/data/adodas/VarCoNet-V2-main/xiaolunwen/experiment1c/checkpoints/worker_r6_latest.pt
[SNDE] repeat=6 scope=internal_cv fold=9 epoch=57/149 train_bce=0.135601 val_bce=0.568325 best=Y best_epoch=57 asd_gate=(+0.132,-0.000,g0.868) hc_gate=(+0.091,-0.000,g0.909) pos_weight_l2=0.331626 neg_weight_l2=0.000000 mean_abs_pos_correction=0.259880 mean_abs_neg_correction=0.000000 elapsed_seconds=1.31
CHECKPOINT_BEST repeat=6 scope=internal_cv fold=9 phase=snde epoch=58 path=/data/adodas/VarCoNet-V2-main/xiaolunwen/experiment1c/checkpoints/worker_r6_best.pt
CHECKPOINT_LATEST repeat=6 scope=internal_cv fold=9 phase=snde epoch=58 path=/data/adodas/VarCoNet-V2-main/xiaolunwen/experiment1c/checkpoints/worker_r6_latest.pt
[SNDE] repeat=6 scope=internal_cv fold=9 epoch=58/149 train_bce=0.135573 val_bce=0.568139 best=Y best_epoch=58 asd_gate=(+0.132,-0.000,g0.868) hc_gate=(+0.091,-0.000,g0.909) pos_weight_l2=0.335061 neg_weight_l2=0.000000 mean_abs_pos_correction=0.261128 mean_abs_neg_correction=0.000000 elapsed_seconds=0.93
CHECKPOINT_BEST repeat=6 scope=internal_cv fold=9 phase=snde epoch=59 path=/data/adodas/VarCoNet-V2-main/xiaolunwen/experiment1c/checkpoints/worker_r6_best.pt
CHECKPOINT_LATEST repeat=6 scope=internal_cv fold=9 phase=snde epoch=59 path=/data/adodas/VarCoNet-V2-main/xiaolunwen/experiment1c/checkpoints/worker_r6_latest.pt
[SNDE] repeat=6 scope=internal_cv fold=9 epoch=59/149 train_bce=0.135545 val_bce=0.567963 best=Y best_epoch=59 asd_gate=(+0.132,-0.000,g0.868) hc_gate=(+0.091,-0.000,g0.909) pos_weight_l2=0.338479 neg_weight_l2=0.000000 mean_abs_pos_correction=0.262399 mean_abs_neg_correction=0.000000 elapsed_seconds=1.21
CHECKPOINT_BEST repeat=6 scope=internal_cv fold=9 phase=snde epoch=60 path=/data/adodas/VarCoNet-V2-main/xiaolunwen/experiment1c/checkpoints/worker_r6_best.pt
CHECKPOINT_LATEST repeat=6 scope=internal_cv fold=9 phase=snde epoch=60 path=/data/adodas/VarCoNet-V2-main/xiaolunwen/experiment1c/checkpoints/worker_r6_latest.pt
[SNDE] repeat=6 scope=internal_cv fold=9 epoch=60/149 train_bce=0.135517 val_bce=0.567795 best=Y best_epoch=60 asd_gate=(+0.132,-0.000,g0.868) hc_gate=(+0.091,-0.000,g0.909) pos_weight_l2=0.341881 neg_weight_l2=0.000000 mean_abs_pos_correction=0.263685 mean_abs_neg_correction=0.000000 elapsed_seconds=1.61
CHECKPOINT_BEST repeat=6 scope=internal_cv fold=9 phase=snde epoch=61 path=/data/adodas/VarCoNet-V2-main/xiaolunwen/experiment1c/checkpoints/worker_r6_best.pt
CHECKPOINT_LATEST repeat=6 scope=internal_cv fold=9 phase=snde epoch=61 path=/data/adodas/VarCoNet-V2-main/xiaolunwen/experiment1c/checkpoints/worker_r6_latest.pt
[SNDE] repeat=6 scope=internal_cv fold=9 epoch=61/149 train_bce=0.135490 val_bce=0.567632 best=Y best_epoch=61 asd_gate=(+0.132,-0.000,g0.868) hc_gate=(+0.091,-0.000,g0.909) pos_weight_l2=0.345268 neg_weight_l2=0.000000 mean_abs_pos_correction=0.264980 mean_abs_neg_correction=0.000000 elapsed_seconds=1.29
CHECKPOINT_BEST repeat=6 scope=internal_cv fold=9 phase=snde epoch=62 path=/data/adodas/VarCoNet-V2-main/xiaolunwen/experiment1c/checkpoints/worker_r6_best.pt
CHECKPOINT_LATEST repeat=6 scope=internal_cv fold=9 phase=snde epoch=62 path=/data/adodas/VarCoNet-V2-main/xiaolunwen/experiment1c/checkpoints/worker_r6_latest.pt
[SNDE] repeat=6 scope=internal_cv fold=9 epoch=62/149 train_bce=0.135463 val_bce=0.567470 best=Y best_epoch=62 asd_gate=(+0.132,-0.000,g0.868) hc_gate=(+0.091,-0.000,g0.909) pos_weight_l2=0.348641 neg_weight_l2=0.000000 mean_abs_pos_correction=0.266270 mean_abs_neg_correction=0.000000 elapsed_seconds=1.55
CHECKPOINT_BEST repeat=6 scope=internal_cv fold=9 phase=snde epoch=63 path=/data/adodas/VarCoNet-V2-main/xiaolunwen/experiment1c/checkpoints/worker_r6_best.pt
CHECKPOINT_LATEST repeat=6 scope=internal_cv fold=9 phase=snde epoch=63 path=/data/adodas/VarCoNet-V2-main/xiaolunwen/experiment1c/checkpoints/worker_r6_latest.pt
[SNDE] repeat=6 scope=internal_cv fold=9 epoch=63/149 train_bce=0.135437 val_bce=0.567306 best=Y best_epoch=63 asd_gate=(+0.132,-0.000,g0.868) hc_gate=(+0.091,-0.000,g0.909) pos_weight_l2=0.352000 neg_weight_l2=0.000000 mean_abs_pos_correction=0.267541 mean_abs_neg_correction=0.000000 elapsed_seconds=1.07
CHECKPOINT_BEST repeat=6 scope=internal_cv fold=9 phase=snde epoch=64 path=/data/adodas/VarCoNet-V2-main/xiaolunwen/experiment1c/checkpoints/worker_r6_best.pt
CHECKPOINT_LATEST repeat=6 scope=internal_cv fold=9 phase=snde epoch=64 path=/data/adodas/VarCoNet-V2-main/xiaolunwen/experiment1c/checkpoints/worker_r6_latest.pt
[SNDE] repeat=6 scope=internal_cv fold=9 epoch=64/149 train_bce=0.135411 val_bce=0.567138 best=Y best_epoch=64 asd_gate=(+0.132,-0.000,g0.868) hc_gate=(+0.091,-0.000,g0.909) pos_weight_l2=0.355347 neg_weight_l2=0.000000 mean_abs_pos_correction=0.268792 mean_abs_neg_correction=0.000000 elapsed_seconds=1.23
CHECKPOINT_BEST repeat=6 scope=internal_cv fold=9 phase=snde epoch=65 path=/data/adodas/VarCoNet-V2-main/xiaolunwen/experiment1c/checkpoints/worker_r6_best.pt
CHECKPOINT_LATEST repeat=6 scope=internal_cv fold=9 phase=snde epoch=65 path=/data/adodas/VarCoNet-V2-main/xiaolunwen/experiment1c/checkpoints/worker_r6_latest.pt
[SNDE] repeat=6 scope=internal_cv fold=9 epoch=65/149 train_bce=0.135386 val_bce=0.566963 best=Y best_epoch=65 asd_gate=(+0.132,-0.000,g0.868) hc_gate=(+0.091,-0.000,g0.909) pos_weight_l2=0.358681 neg_weight_l2=0.000000 mean_abs_pos_correction=0.270006 mean_abs_neg_correction=0.000000 elapsed_seconds=1.68
CHECKPOINT_BEST repeat=6 scope=internal_cv fold=9 phase=snde epoch=66 path=/data/adodas/VarCoNet-V2-main/xiaolunwen/experiment1c/checkpoints/worker_r6_best.pt
CHECKPOINT_LATEST repeat=6 scope=internal_cv fold=9 phase=snde epoch=66 path=/data/adodas/VarCoNet-V2-main/xiaolunwen/experiment1c/checkpoints/worker_r6_latest.pt
[SNDE] repeat=6 scope=internal_cv fold=9 epoch=66/149 train_bce=0.135361 val_bce=0.566783 best=Y best_epoch=66 asd_gate=(+0.132,-0.000,g0.868) hc_gate=(+0.091,-0.000,g0.909) pos_weight_l2=0.362004 neg_weight_l2=0.000000 mean_abs_pos_correction=0.271180 mean_abs_neg_correction=0.000000 elapsed_seconds=0.86
CHECKPOINT_BEST repeat=6 scope=internal_cv fold=9 phase=snde epoch=67 path=/data/adodas/VarCoNet-V2-main/xiaolunwen/experiment1c/checkpoints/worker_r6_best.pt
CHECKPOINT_LATEST repeat=6 scope=internal_cv fold=9 phase=snde epoch=67 path=/data/adodas/VarCoNet-V2-main/xiaolunwen/experiment1c/checkpoints/worker_r6_latest.pt
[SNDE] repeat=6 scope=internal_cv fold=9 epoch=67/149 train_bce=0.135336 val_bce=0.566596 best=Y best_epoch=67 asd_gate=(+0.132,-0.000,g0.868) hc_gate=(+0.091,-0.000,g0.909) pos_weight_l2=0.365316 neg_weight_l2=0.000000 mean_abs_pos_correction=0.272314 mean_abs_neg_correction=0.000000 elapsed_seconds=1.38
CHECKPOINT_BEST repeat=6 scope=internal_cv fold=9 phase=snde epoch=68 path=/data/adodas/VarCoNet-V2-main/xiaolunwen/experiment1c/checkpoints/worker_r6_best.pt
CHECKPOINT_LATEST repeat=6 scope=internal_cv fold=9 phase=snde epoch=68 path=/data/adodas/VarCoNet-V2-main/xiaolunwen/experiment1c/checkpoints/worker_r6_latest.pt
[SNDE] repeat=6 scope=internal_cv fold=9 epoch=68/149 train_bce=0.135312 val_bce=0.566405 best=Y best_epoch=68 asd_gate=(+0.132,-0.000,g0.868) hc_gate=(+0.091,-0.000,g0.909) pos_weight_l2=0.368617 neg_weight_l2=0.000000 mean_abs_pos_correction=0.273409 mean_abs_neg_correction=0.000000 elapsed_seconds=1.17
CHECKPOINT_BEST repeat=6 scope=internal_cv fold=9 phase=snde epoch=69 path=/data/adodas/VarCoNet-V2-main/xiaolunwen/experiment1c/checkpoints/worker_r6_best.pt
CHECKPOINT_LATEST repeat=6 scope=internal_cv fold=9 phase=snde epoch=69 path=/data/adodas/VarCoNet-V2-main/xiaolunwen/experiment1c/checkpoints/worker_r6_latest.pt
[SNDE] repeat=6 scope=internal_cv fold=9 epoch=69/149 train_bce=0.135288 val_bce=0.566211 best=Y best_epoch=69 asd_gate=(+0.132,-0.000,g0.868) hc_gate=(+0.091,-0.000,g0.909) pos_weight_l2=0.371909 neg_weight_l2=0.000000 mean_abs_pos_correction=0.274472 mean_abs_neg_correction=0.000000 elapsed_seconds=1.48
CHECKPOINT_BEST repeat=6 scope=internal_cv fold=9 phase=snde epoch=70 path=/data/adodas/VarCoNet-V2-main/xiaolunwen/experiment1c/checkpoints/worker_r6_best.pt
CHECKPOINT_LATEST repeat=6 scope=internal_cv fold=9 phase=snde epoch=70 path=/data/adodas/VarCoNet-V2-main/xiaolunwen/experiment1c/checkpoints/worker_r6_latest.pt
[SNDE] repeat=6 scope=internal_cv fold=9 epoch=70/149 train_bce=0.135265 val_bce=0.566017 best=Y best_epoch=70 asd_gate=(+0.132,-0.000,g0.868) hc_gate=(+0.091,-0.000,g0.909) pos_weight_l2=0.375191 neg_weight_l2=0.000000 mean_abs_pos_correction=0.275509 mean_abs_neg_correction=0.000000 elapsed_seconds=1.06
CHECKPOINT_BEST repeat=6 scope=internal_cv fold=9 phase=snde epoch=71 path=/data/adodas/VarCoNet-V2-main/xiaolunwen/experiment1c/checkpoints/worker_r6_best.pt
CHECKPOINT_LATEST repeat=6 scope=internal_cv fold=9 phase=snde epoch=71 path=/data/adodas/VarCoNet-V2-main/xiaolunwen/experiment1c/checkpoints/worker_r6_latest.pt
[SNDE] repeat=6 scope=internal_cv fold=9 epoch=71/149 train_bce=0.135241 val_bce=0.565825 best=Y best_epoch=71 asd_gate=(+0.132,-0.000,g0.868) hc_gate=(+0.091,-0.000,g0.909) pos_weight_l2=0.378465 neg_weight_l2=0.000000 mean_abs_pos_correction=0.276528 mean_abs_neg_correction=0.000000 elapsed_seconds=1.36
CHECKPOINT_BEST repeat=6 scope=internal_cv fold=9 phase=snde epoch=72 path=/data/adodas/VarCoNet-V2-main/xiaolunwen/experiment1c/checkpoints/worker_r6_best.pt
CHECKPOINT_LATEST repeat=6 scope=internal_cv fold=9 phase=snde epoch=72 path=/data/adodas/VarCoNet-V2-main/xiaolunwen/experiment1c/checkpoints/worker_r6_latest.pt
[SNDE] repeat=6 scope=internal_cv fold=9 epoch=72/149 train_bce=0.135218 val_bce=0.565637 best=Y best_epoch=72 asd_gate=(+0.132,-0.000,g0.868) hc_gate=(+0.091,-0.000,g0.909) pos_weight_l2=0.381731 neg_weight_l2=0.000000 mean_abs_pos_correction=0.277536 mean_abs_neg_correction=0.000000 elapsed_seconds=1.15
CHECKPOINT_BEST repeat=6 scope=internal_cv fold=9 phase=snde epoch=73 path=/data/adodas/VarCoNet-V2-main/xiaolunwen/experiment1c/checkpoints/worker_r6_best.pt
CHECKPOINT_LATEST repeat=6 scope=internal_cv fold=9 phase=snde epoch=73 path=/data/adodas/VarCoNet-V2-main/xiaolunwen/experiment1c/checkpoints/worker_r6_latest.pt
[SNDE] repeat=6 scope=internal_cv fold=9 epoch=73/149 train_bce=0.135196 val_bce=0.565456 best=Y best_epoch=73 asd_gate=(+0.132,-0.000,g0.868) hc_gate=(+0.091,-0.000,g0.909) pos_weight_l2=0.384989 neg_weight_l2=0.000000 mean_abs_pos_correction=0.278540 mean_abs_neg_correction=0.000000 elapsed_seconds=1.23
CHECKPOINT_BEST repeat=6 scope=internal_cv fold=9 phase=snde epoch=74 path=/data/adodas/VarCoNet-V2-main/xiaolunwen/experiment1c/checkpoints/worker_r6_best.pt
CHECKPOINT_LATEST repeat=6 scope=internal_cv fold=9 phase=snde epoch=74 path=/data/adodas/VarCoNet-V2-main/xiaolunwen/experiment1c/checkpoints/worker_r6_latest.pt
[SNDE] repeat=6 scope=internal_cv fold=9 epoch=74/149 train_bce=0.135174 val_bce=0.565281 best=Y best_epoch=74 asd_gate=(+0.132,-0.000,g0.868) hc_gate=(+0.091,-0.000,g0.909) pos_weight_l2=0.388239 neg_weight_l2=0.000000 mean_abs_pos_correction=0.279545 mean_abs_neg_correction=0.000000 elapsed_seconds=1.47
CHECKPOINT_BEST repeat=6 scope=internal_cv fold=9 phase=snde epoch=75 path=/data/adodas/VarCoNet-V2-main/xiaolunwen/experiment1c/checkpoints/worker_r6_best.pt
CHECKPOINT_LATEST repeat=6 scope=internal_cv fold=9 phase=snde epoch=75 path=/data/adodas/VarCoNet-V2-main/xiaolunwen/experiment1c/checkpoints/worker_r6_latest.pt
[SNDE] repeat=6 scope=internal_cv fold=9 epoch=75/149 train_bce=0.135152 val_bce=0.565114 best=Y best_epoch=75 asd_gate=(+0.132,-0.000,g0.868) hc_gate=(+0.091,-0.000,g0.909) pos_weight_l2=0.391482 neg_weight_l2=0.000000 mean_abs_pos_correction=0.280554 mean_abs_neg_correction=0.000000 elapsed_seconds=1.89
CHECKPOINT_BEST repeat=6 scope=internal_cv fold=9 phase=snde epoch=76 path=/data/adodas/VarCoNet-V2-main/xiaolunwen/experiment1c/checkpoints/worker_r6_best.pt
CHECKPOINT_LATEST repeat=6 scope=internal_cv fold=9 phase=snde epoch=76 path=/data/adodas/VarCoNet-V2-main/xiaolunwen/experiment1c/checkpoints/worker_r6_latest.pt
[SNDE] repeat=6 scope=internal_cv fold=9 epoch=76/149 train_bce=0.135130 val_bce=0.564956 best=Y best_epoch=76 asd_gate=(+0.132,-0.000,g0.868) hc_gate=(+0.091,-0.000,g0.909) pos_weight_l2=0.394718 neg_weight_l2=0.000000 mean_abs_pos_correction=0.281569 mean_abs_neg_correction=0.000000 elapsed_seconds=0.92
CHECKPOINT_BEST repeat=6 scope=internal_cv fold=9 phase=snde epoch=77 path=/data/adodas/VarCoNet-V2-main/xiaolunwen/experiment1c/checkpoints/worker_r6_best.pt
CHECKPOINT_LATEST repeat=6 scope=internal_cv fold=9 phase=snde epoch=77 path=/data/adodas/VarCoNet-V2-main/xiaolunwen/experiment1c/checkpoints/worker_r6_latest.pt
[SNDE] repeat=6 scope=internal_cv fold=9 epoch=77/149 train_bce=0.135109 val_bce=0.564804 best=Y best_epoch=77 asd_gate=(+0.132,-0.000,g0.868) hc_gate=(+0.091,-0.000,g0.909) pos_weight_l2=0.397947 neg_weight_l2=0.000000 mean_abs_pos_correction=0.282590 mean_abs_neg_correction=0.000000 elapsed_seconds=1.28
CHECKPOINT_BEST repeat=6 scope=internal_cv fold=9 phase=snde epoch=78 path=/data/adodas/VarCoNet-V2-main/xiaolunwen/experiment1c/checkpoints/worker_r6_best.pt
CHECKPOINT_LATEST repeat=6 scope=internal_cv fold=9 phase=snde epoch=78 path=/data/adodas/VarCoNet-V2-main/xiaolunwen/experiment1c/checkpoints/worker_r6_latest.pt
[SNDE] repeat=6 scope=internal_cv fold=9 epoch=78/149 train_bce=0.135087 val_bce=0.564659 best=Y best_epoch=78 asd_gate=(+0.132,-0.000,g0.868) hc_gate=(+0.091,-0.000,g0.909) pos_weight_l2=0.401170 neg_weight_l2=0.000000 mean_abs_pos_correction=0.283614 mean_abs_neg_correction=0.000000 elapsed_seconds=0.85
CHECKPOINT_BEST repeat=6 scope=internal_cv fold=9 phase=snde epoch=79 path=/data/adodas/VarCoNet-V2-main/xiaolunwen/experiment1c/checkpoints/worker_r6_best.pt
CHECKPOINT_LATEST repeat=6 scope=internal_cv fold=9 phase=snde epoch=79 path=/data/adodas/VarCoNet-V2-main/xiaolunwen/experiment1c/checkpoints/worker_r6_latest.pt
[SNDE] repeat=6 scope=internal_cv fold=9 epoch=79/149 train_bce=0.135067 val_bce=0.564519 best=Y best_epoch=79 asd_gate=(+0.132,-0.000,g0.868) hc_gate=(+0.091,-0.000,g0.909) pos_weight_l2=0.404385 neg_weight_l2=0.000000 mean_abs_pos_correction=0.284640 mean_abs_neg_correction=0.000000 elapsed_seconds=1.22
CHECKPOINT_BEST repeat=6 scope=internal_cv fold=9 phase=snde epoch=80 path=/data/adodas/VarCoNet-V2-main/xiaolunwen/experiment1c/checkpoints/worker_r6_best.pt
CHECKPOINT_LATEST repeat=6 scope=internal_cv fold=9 phase=snde epoch=80 path=/data/adodas/VarCoNet-V2-main/xiaolunwen/experiment1c/checkpoints/worker_r6_latest.pt
[SNDE] repeat=6 scope=internal_cv fold=9 epoch=80/149 train_bce=0.135046 val_bce=0.564382 best=Y best_epoch=80 asd_gate=(+0.132,-0.000,g0.868) hc_gate=(+0.091,-0.000,g0.909) pos_weight_l2=0.407594 neg_weight_l2=0.000000 mean_abs_pos_correction=0.285663 mean_abs_neg_correction=0.000000 elapsed_seconds=1.45
CHECKPOINT_BEST repeat=6 scope=internal_cv fold=9 phase=snde epoch=81 path=/data/adodas/VarCoNet-V2-main/xiaolunwen/experiment1c/checkpoints/worker_r6_best.pt
CHECKPOINT_LATEST repeat=6 scope=internal_cv fold=9 phase=snde epoch=81 path=/data/adodas/VarCoNet-V2-main/xiaolunwen/experiment1c/checkpoints/worker_r6_latest.pt
[SNDE] repeat=6 scope=internal_cv fold=9 epoch=81/149 train_bce=0.135026 val_bce=0.564248 best=Y best_epoch=81 asd_gate=(+0.132,-0.000,g0.868) hc_gate=(+0.091,-0.000,g0.909) pos_weight_l2=0.410797 neg_weight_l2=0.000000 mean_abs_pos_correction=0.286684 mean_abs_neg_correction=0.000000 elapsed_seconds=0.85
CHECKPOINT_BEST repeat=6 scope=internal_cv fold=9 phase=snde epoch=82 path=/data/adodas/VarCoNet-V2-main/xiaolunwen/experiment1c/checkpoints/worker_r6_best.pt
CHECKPOINT_LATEST repeat=6 scope=internal_cv fold=9 phase=snde epoch=82 path=/data/adodas/VarCoNet-V2-main/xiaolunwen/experiment1c/checkpoints/worker_r6_latest.pt
[SNDE] repeat=6 scope=internal_cv fold=9 epoch=82/149 train_bce=0.135006 val_bce=0.564114 best=Y best_epoch=82 asd_gate=(+0.132,-0.000,g0.868) hc_gate=(+0.091,-0.000,g0.909) pos_weight_l2=0.413993 neg_weight_l2=0.000000 mean_abs_pos_correction=0.287697 mean_abs_neg_correction=0.000000 elapsed_seconds=0.71
CHECKPOINT_BEST repeat=6 scope=internal_cv fold=9 phase=snde epoch=83 path=/data/adodas/VarCoNet-V2-main/xiaolunwen/experiment1c/checkpoints/worker_r6_best.pt
CHECKPOINT_LATEST repeat=6 scope=internal_cv fold=9 phase=snde epoch=83 path=/data/adodas/VarCoNet-V2-main/xiaolunwen/experiment1c/checkpoints/worker_r6_latest.pt
[SNDE] repeat=6 scope=internal_cv fold=9 epoch=83/149 train_bce=0.134986 val_bce=0.563980 best=Y best_epoch=83 asd_gate=(+0.132,-0.000,g0.868) hc_gate=(+0.091,-0.000,g0.909) pos_weight_l2=0.417182 neg_weight_l2=0.000000 mean_abs_pos_correction=0.288698 mean_abs_neg_correction=0.000000 elapsed_seconds=0.95
CHECKPOINT_BEST repeat=6 scope=internal_cv fold=9 phase=snde epoch=84 path=/data/adodas/VarCoNet-V2-main/xiaolunwen/experiment1c/checkpoints/worker_r6_best.pt
CHECKPOINT_LATEST repeat=6 scope=internal_cv fold=9 phase=snde epoch=84 path=/data/adodas/VarCoNet-V2-main/xiaolunwen/experiment1c/checkpoints/worker_r6_latest.pt
[SNDE] repeat=6 scope=internal_cv fold=9 epoch=84/149 train_bce=0.134966 val_bce=0.563845 best=Y best_epoch=84 asd_gate=(+0.132,-0.000,g0.868) hc_gate=(+0.091,-0.000,g0.909) pos_weight_l2=0.420364 neg_weight_l2=0.000000 mean_abs_pos_correction=0.289687 mean_abs_neg_correction=0.000000 elapsed_seconds=1.53
CHECKPOINT_BEST repeat=6 scope=internal_cv fold=9 phase=snde epoch=85 path=/data/adodas/VarCoNet-V2-main/xiaolunwen/experiment1c/checkpoints/worker_r6_best.pt
CHECKPOINT_LATEST repeat=6 scope=internal_cv fold=9 phase=snde epoch=85 path=/data/adodas/VarCoNet-V2-main/xiaolunwen/experiment1c/checkpoints/worker_r6_latest.pt
[SNDE] repeat=6 scope=internal_cv fold=9 epoch=85/149 train_bce=0.134947 val_bce=0.563709 best=Y best_epoch=85 asd_gate=(+0.132,-0.000,g0.868) hc_gate=(+0.091,-0.000,g0.909) pos_weight_l2=0.423540 neg_weight_l2=0.000000 mean_abs_pos_correction=0.290661 mean_abs_neg_correction=0.000000 elapsed_seconds=1.64
CHECKPOINT_BEST repeat=6 scope=internal_cv fold=9 phase=snde epoch=86 path=/data/adodas/VarCoNet-V2-main/xiaolunwen/experiment1c/checkpoints/worker_r6_best.pt
CHECKPOINT_LATEST repeat=6 scope=internal_cv fold=9 phase=snde epoch=86 path=/data/adodas/VarCoNet-V2-main/xiaolunwen/experiment1c/checkpoints/worker_r6_latest.pt
[SNDE] repeat=6 scope=internal_cv fold=9 epoch=86/149 train_bce=0.134928 val_bce=0.563571 best=Y best_epoch=86 asd_gate=(+0.132,-0.000,g0.868) hc_gate=(+0.091,-0.000,g0.909) pos_weight_l2=0.426710 neg_weight_l2=0.000000 mean_abs_pos_correction=0.291622 mean_abs_neg_correction=0.000000 elapsed_seconds=1.38
CHECKPOINT_BEST repeat=6 scope=internal_cv fold=9 phase=snde epoch=87 path=/data/adodas/VarCoNet-V2-main/xiaolunwen/experiment1c/checkpoints/worker_r6_best.pt
CHECKPOINT_LATEST repeat=6 scope=internal_cv fold=9 phase=snde epoch=87 path=/data/adodas/VarCoNet-V2-main/xiaolunwen/experiment1c/checkpoints/worker_r6_latest.pt
[SNDE] repeat=6 scope=internal_cv fold=9 epoch=87/149 train_bce=0.134909 val_bce=0.563432 best=Y best_epoch=87 asd_gate=(+0.132,-0.000,g0.868) hc_gate=(+0.091,-0.000,g0.909) pos_weight_l2=0.429873 neg_weight_l2=0.000000 mean_abs_pos_correction=0.292572 mean_abs_neg_correction=0.000000 elapsed_seconds=1.00
CHECKPOINT_BEST repeat=6 scope=internal_cv fold=9 phase=snde epoch=88 path=/data/adodas/VarCoNet-V2-main/xiaolunwen/experiment1c/checkpoints/worker_r6_best.pt
CHECKPOINT_LATEST repeat=6 scope=internal_cv fold=9 phase=snde epoch=88 path=/data/adodas/VarCoNet-V2-main/xiaolunwen/experiment1c/checkpoints/worker_r6_latest.pt
[SNDE] repeat=6 scope=internal_cv fold=9 epoch=88/149 train_bce=0.134890 val_bce=0.563292 best=Y best_epoch=88 asd_gate=(+0.132,-0.000,g0.868) hc_gate=(+0.091,-0.000,g0.909) pos_weight_l2=0.433030 neg_weight_l2=0.000000 mean_abs_pos_correction=0.293512 mean_abs_neg_correction=0.000000 elapsed_seconds=0.66
CHECKPOINT_BEST repeat=6 scope=internal_cv fold=9 phase=snde epoch=89 path=/data/adodas/VarCoNet-V2-main/xiaolunwen/experiment1c/checkpoints/worker_r6_best.pt
CHECKPOINT_LATEST repeat=6 scope=internal_cv fold=9 phase=snde epoch=89 path=/data/adodas/VarCoNet-V2-main/xiaolunwen/experiment1c/checkpoints/worker_r6_latest.pt
[SNDE] repeat=6 scope=internal_cv fold=9 epoch=89/149 train_bce=0.134872 val_bce=0.563152 best=Y best_epoch=89 asd_gate=(+0.132,-0.000,g0.868) hc_gate=(+0.091,-0.000,g0.909) pos_weight_l2=0.436181 neg_weight_l2=0.000000 mean_abs_pos_correction=0.294445 mean_abs_neg_correction=0.000000 elapsed_seconds=0.67
CHECKPOINT_BEST repeat=6 scope=internal_cv fold=9 phase=snde epoch=90 path=/data/adodas/VarCoNet-V2-main/xiaolunwen/experiment1c/checkpoints/worker_r6_best.pt
CHECKPOINT_LATEST repeat=6 scope=internal_cv fold=9 phase=snde epoch=90 path=/data/adodas/VarCoNet-V2-main/xiaolunwen/experiment1c/checkpoints/worker_r6_latest.pt
[SNDE] repeat=6 scope=internal_cv fold=9 epoch=90/149 train_bce=0.134854 val_bce=0.563013 best=Y best_epoch=90 asd_gate=(+0.132,-0.000,g0.868) hc_gate=(+0.091,-0.000,g0.909) pos_weight_l2=0.439326 neg_weight_l2=0.000000 mean_abs_pos_correction=0.295373 mean_abs_neg_correction=0.000000 elapsed_seconds=1.02
CHECKPOINT_BEST repeat=6 scope=internal_cv fold=9 phase=snde epoch=91 path=/data/adodas/VarCoNet-V2-main/xiaolunwen/experiment1c/checkpoints/worker_r6_best.pt
CHECKPOINT_LATEST repeat=6 scope=internal_cv fold=9 phase=snde epoch=91 path=/data/adodas/VarCoNet-V2-main/xiaolunwen/experiment1c/checkpoints/worker_r6_latest.pt
[SNDE] repeat=6 scope=internal_cv fold=9 epoch=91/149 train_bce=0.134836 val_bce=0.562875 best=Y best_epoch=91 asd_gate=(+0.132,-0.000,g0.868) hc_gate=(+0.091,-0.000,g0.909) pos_weight_l2=0.442465 neg_weight_l2=0.000000 mean_abs_pos_correction=0.296301 mean_abs_neg_correction=0.000000 elapsed_seconds=0.90
CHECKPOINT_BEST repeat=6 scope=internal_cv fold=9 phase=snde epoch=92 path=/data/adodas/VarCoNet-V2-main/xiaolunwen/experiment1c/checkpoints/worker_r6_best.pt
CHECKPOINT_LATEST repeat=6 scope=internal_cv fold=9 phase=snde epoch=92 path=/data/adodas/VarCoNet-V2-main/xiaolunwen/experiment1c/checkpoints/worker_r6_latest.pt
[SNDE] repeat=6 scope=internal_cv fold=9 epoch=92/149 train_bce=0.134818 val_bce=0.562739 best=Y best_epoch=92 asd_gate=(+0.132,-0.000,g0.868) hc_gate=(+0.091,-0.000,g0.909) pos_weight_l2=0.445597 neg_weight_l2=0.000000 mean_abs_pos_correction=0.297229 mean_abs_neg_correction=0.000000 elapsed_seconds=0.73
CHECKPOINT_BEST repeat=6 scope=internal_cv fold=9 phase=snde epoch=93 path=/data/adodas/VarCoNet-V2-main/xiaolunwen/experiment1c/checkpoints/worker_r6_best.pt
CHECKPOINT_LATEST repeat=6 scope=internal_cv fold=9 phase=snde epoch=93 path=/data/adodas/VarCoNet-V2-main/xiaolunwen/experiment1c/checkpoints/worker_r6_latest.pt
[SNDE] repeat=6 scope=internal_cv fold=9 epoch=93/149 train_bce=0.134801 val_bce=0.562605 best=Y best_epoch=93 asd_gate=(+0.132,-0.000,g0.868) hc_gate=(+0.091,-0.000,g0.909) pos_weight_l2=0.448724 neg_weight_l2=0.000000 mean_abs_pos_correction=0.298160 mean_abs_neg_correction=0.000000 elapsed_seconds=0.68
CHECKPOINT_BEST repeat=6 scope=internal_cv fold=9 phase=snde epoch=94 path=/data/adodas/VarCoNet-V2-main/xiaolunwen/experiment1c/checkpoints/worker_r6_best.pt
CHECKPOINT_LATEST repeat=6 scope=internal_cv fold=9 phase=snde epoch=94 path=/data/adodas/VarCoNet-V2-main/xiaolunwen/experiment1c/checkpoints/worker_r6_latest.pt
[SNDE] repeat=6 scope=internal_cv fold=9 epoch=94/149 train_bce=0.134783 val_bce=0.562474 best=Y best_epoch=94 asd_gate=(+0.132,-0.000,g0.868) hc_gate=(+0.091,-0.000,g0.909) pos_weight_l2=0.451846 neg_weight_l2=0.000000 mean_abs_pos_correction=0.299094 mean_abs_neg_correction=0.000000 elapsed_seconds=1.10
CHECKPOINT_BEST repeat=6 scope=internal_cv fold=9 phase=snde epoch=95 path=/data/adodas/VarCoNet-V2-main/xiaolunwen/experiment1c/checkpoints/worker_r6_best.pt
CHECKPOINT_LATEST repeat=6 scope=internal_cv fold=9 phase=snde epoch=95 path=/data/adodas/VarCoNet-V2-main/xiaolunwen/experiment1c/checkpoints/worker_r6_latest.pt
[SNDE] repeat=6 scope=internal_cv fold=9 epoch=95/149 train_bce=0.134766 val_bce=0.562346 best=Y best_epoch=95 asd_gate=(+0.132,-0.000,g0.868) hc_gate=(+0.091,-0.000,g0.909) pos_weight_l2=0.454961 neg_weight_l2=0.000000 mean_abs_pos_correction=0.300032 mean_abs_neg_correction=0.000000 elapsed_seconds=0.80
CHECKPOINT_BEST repeat=6 scope=internal_cv fold=9 phase=snde epoch=96 path=/data/adodas/VarCoNet-V2-main/xiaolunwen/experiment1c/checkpoints/worker_r6_best.pt
CHECKPOINT_LATEST repeat=6 scope=internal_cv fold=9 phase=snde epoch=96 path=/data/adodas/VarCoNet-V2-main/xiaolunwen/experiment1c/checkpoints/worker_r6_latest.pt
[SNDE] repeat=6 scope=internal_cv fold=9 epoch=96/149 train_bce=0.134749 val_bce=0.562220 best=Y best_epoch=96 asd_gate=(+0.132,-0.000,g0.868) hc_gate=(+0.091,-0.000,g0.909) pos_weight_l2=0.458071 neg_weight_l2=0.000000 mean_abs_pos_correction=0.300974 mean_abs_neg_correction=0.000000 elapsed_seconds=1.02
CHECKPOINT_BEST repeat=6 scope=internal_cv fold=9 phase=snde epoch=97 path=/data/adodas/VarCoNet-V2-main/xiaolunwen/experiment1c/checkpoints/worker_r6_best.pt
CHECKPOINT_LATEST repeat=6 scope=internal_cv fold=9 phase=snde epoch=97 path=/data/adodas/VarCoNet-V2-main/xiaolunwen/experiment1c/checkpoints/worker_r6_latest.pt
[SNDE] repeat=6 scope=internal_cv fold=9 epoch=97/149 train_bce=0.134732 val_bce=0.562096 best=Y best_epoch=97 asd_gate=(+0.132,-0.000,g0.868) hc_gate=(+0.091,-0.000,g0.909) pos_weight_l2=0.461175 neg_weight_l2=0.000000 mean_abs_pos_correction=0.301918 mean_abs_neg_correction=0.000000 elapsed_seconds=0.90
CHECKPOINT_BEST repeat=6 scope=internal_cv fold=9 phase=snde epoch=98 path=/data/adodas/VarCoNet-V2-main/xiaolunwen/experiment1c/checkpoints/worker_r6_best.pt
CHECKPOINT_LATEST repeat=6 scope=internal_cv fold=9 phase=snde epoch=98 path=/data/adodas/VarCoNet-V2-main/xiaolunwen/experiment1c/checkpoints/worker_r6_latest.pt
[SNDE] repeat=6 scope=internal_cv fold=9 epoch=98/149 train_bce=0.134716 val_bce=0.561975 best=Y best_epoch=98 asd_gate=(+0.132,-0.000,g0.868) hc_gate=(+0.091,-0.000,g0.909) pos_weight_l2=0.464274 neg_weight_l2=0.000000 mean_abs_pos_correction=0.302863 mean_abs_neg_correction=0.000000 elapsed_seconds=1.00
CHECKPOINT_BEST repeat=6 scope=internal_cv fold=9 phase=snde epoch=99 path=/data/adodas/VarCoNet-V2-main/xiaolunwen/experiment1c/checkpoints/worker_r6_best.pt
CHECKPOINT_LATEST repeat=6 scope=internal_cv fold=9 phase=snde epoch=99 path=/data/adodas/VarCoNet-V2-main/xiaolunwen/experiment1c/checkpoints/worker_r6_latest.pt
[SNDE] repeat=6 scope=internal_cv fold=9 epoch=99/149 train_bce=0.134699 val_bce=0.561855 best=Y best_epoch=99 asd_gate=(+0.132,-0.000,g0.868) hc_gate=(+0.091,-0.000,g0.909) pos_weight_l2=0.467367 neg_weight_l2=0.000000 mean_abs_pos_correction=0.303808 mean_abs_neg_correction=0.000000 elapsed_seconds=1.08
CHECKPOINT_BEST repeat=6 scope=internal_cv fold=9 phase=snde epoch=100 path=/data/adodas/VarCoNet-V2-main/xiaolunwen/experiment1c/checkpoints/worker_r6_best.pt
CHECKPOINT_LATEST repeat=6 scope=internal_cv fold=9 phase=snde epoch=100 path=/data/adodas/VarCoNet-V2-main/xiaolunwen/experiment1c/checkpoints/worker_r6_latest.pt
[SNDE] repeat=6 scope=internal_cv fold=9 epoch=100/149 train_bce=0.134683 val_bce=0.561736 best=Y best_epoch=100 asd_gate=(+0.132,-0.000,g0.868) hc_gate=(+0.091,-0.000,g0.909) pos_weight_l2=0.470454 neg_weight_l2=0.000000 mean_abs_pos_correction=0.304751 mean_abs_neg_correction=0.000000 elapsed_seconds=0.64
CHECKPOINT_BEST repeat=6 scope=internal_cv fold=9 phase=snde epoch=101 path=/data/adodas/VarCoNet-V2-main/xiaolunwen/experiment1c/checkpoints/worker_r6_best.pt
CHECKPOINT_LATEST repeat=6 scope=internal_cv fold=9 phase=snde epoch=101 path=/data/adodas/VarCoNet-V2-main/xiaolunwen/experiment1c/checkpoints/worker_r6_latest.pt
[SNDE] repeat=6 scope=internal_cv fold=9 epoch=101/149 train_bce=0.134667 val_bce=0.561618 best=Y best_epoch=101 asd_gate=(+0.132,-0.000,g0.868) hc_gate=(+0.091,-0.000,g0.909) pos_weight_l2=0.473536 neg_weight_l2=0.000000 mean_abs_pos_correction=0.305690 mean_abs_neg_correction=0.000000 elapsed_seconds=1.14
CHECKPOINT_BEST repeat=6 scope=internal_cv fold=9 phase=snde epoch=102 path=/data/adodas/VarCoNet-V2-main/xiaolunwen/experiment1c/checkpoints/worker_r6_best.pt
CHECKPOINT_LATEST repeat=6 scope=internal_cv fold=9 phase=snde epoch=102 path=/data/adodas/VarCoNet-V2-main/xiaolunwen/experiment1c/checkpoints/worker_r6_latest.pt
[SNDE] repeat=6 scope=internal_cv fold=9 epoch=102/149 train_bce=0.134651 val_bce=0.561501 best=Y best_epoch=102 asd_gate=(+0.132,-0.000,g0.868) hc_gate=(+0.091,-0.000,g0.909) pos_weight_l2=0.476613 neg_weight_l2=0.000000 mean_abs_pos_correction=0.306624 mean_abs_neg_correction=0.000000 elapsed_seconds=0.82
CHECKPOINT_BEST repeat=6 scope=internal_cv fold=9 phase=snde epoch=103 path=/data/adodas/VarCoNet-V2-main/xiaolunwen/experiment1c/checkpoints/worker_r6_best.pt
CHECKPOINT_LATEST repeat=6 scope=internal_cv fold=9 phase=snde epoch=103 path=/data/adodas/VarCoNet-V2-main/xiaolunwen/experiment1c/checkpoints/worker_r6_latest.pt
[SNDE] repeat=6 scope=internal_cv fold=9 epoch=103/149 train_bce=0.134635 val_bce=0.561384 best=Y best_epoch=103 asd_gate=(+0.132,-0.000,g0.868) hc_gate=(+0.091,-0.000,g0.909) pos_weight_l2=0.479684 neg_weight_l2=0.000000 mean_abs_pos_correction=0.307552 mean_abs_neg_correction=0.000000 elapsed_seconds=0.83
CHECKPOINT_BEST repeat=6 scope=internal_cv fold=9 phase=snde epoch=104 path=/data/adodas/VarCoNet-V2-main/xiaolunwen/experiment1c/checkpoints/worker_r6_best.pt
CHECKPOINT_LATEST repeat=6 scope=internal_cv fold=9 phase=snde epoch=104 path=/data/adodas/VarCoNet-V2-main/xiaolunwen/experiment1c/checkpoints/worker_r6_latest.pt
[SNDE] repeat=6 scope=internal_cv fold=9 epoch=104/149 train_bce=0.134619 val_bce=0.561268 best=Y best_epoch=104 asd_gate=(+0.132,-0.000,g0.868) hc_gate=(+0.091,-0.000,g0.909) pos_weight_l2=0.482749 neg_weight_l2=0.000000 mean_abs_pos_correction=0.308473 mean_abs_neg_correction=0.000000 elapsed_seconds=1.09
CHECKPOINT_BEST repeat=6 scope=internal_cv fold=9 phase=snde epoch=105 path=/data/adodas/VarCoNet-V2-main/xiaolunwen/experiment1c/checkpoints/worker_r6_best.pt
CHECKPOINT_LATEST repeat=6 scope=internal_cv fold=9 phase=snde epoch=105 path=/data/adodas/VarCoNet-V2-main/xiaolunwen/experiment1c/checkpoints/worker_r6_latest.pt
[SNDE] repeat=6 scope=internal_cv fold=9 epoch=105/149 train_bce=0.134604 val_bce=0.561152 best=Y best_epoch=105 asd_gate=(+0.132,-0.000,g0.868) hc_gate=(+0.091,-0.000,g0.909) pos_weight_l2=0.485809 neg_weight_l2=0.000000 mean_abs_pos_correction=0.309389 mean_abs_neg_correction=0.000000 elapsed_seconds=1.02
CHECKPOINT_BEST repeat=6 scope=internal_cv fold=9 phase=snde epoch=106 path=/data/adodas/VarCoNet-V2-main/xiaolunwen/experiment1c/checkpoints/worker_r6_best.pt
CHECKPOINT_LATEST repeat=6 scope=internal_cv fold=9 phase=snde epoch=106 path=/data/adodas/VarCoNet-V2-main/xiaolunwen/experiment1c/checkpoints/worker_r6_latest.pt
[SNDE] repeat=6 scope=internal_cv fold=9 epoch=106/149 train_bce=0.134589 val_bce=0.561036 best=Y best_epoch=106 asd_gate=(+0.132,-0.000,g0.868) hc_gate=(+0.091,-0.000,g0.909) pos_weight_l2=0.488863 neg_weight_l2=0.000000 mean_abs_pos_correction=0.310298 mean_abs_neg_correction=0.000000 elapsed_seconds=1.29
CHECKPOINT_BEST repeat=6 scope=internal_cv fold=9 phase=snde epoch=107 path=/data/adodas/VarCoNet-V2-main/xiaolunwen/experiment1c/checkpoints/worker_r6_best.pt
CHECKPOINT_LATEST repeat=6 scope=internal_cv fold=9 phase=snde epoch=107 path=/data/adodas/VarCoNet-V2-main/xiaolunwen/experiment1c/checkpoints/worker_r6_latest.pt
[SNDE] repeat=6 scope=internal_cv fold=9 epoch=107/149 train_bce=0.134574 val_bce=0.560921 best=Y best_epoch=107 asd_gate=(+0.132,-0.000,g0.868) hc_gate=(+0.091,-0.000,g0.909) pos_weight_l2=0.491912 neg_weight_l2=0.000000 mean_abs_pos_correction=0.311202 mean_abs_neg_correction=0.000000 elapsed_seconds=0.85
CHECKPOINT_BEST repeat=6 scope=internal_cv fold=9 phase=snde epoch=108 path=/data/adodas/VarCoNet-V2-main/xiaolunwen/experiment1c/checkpoints/worker_r6_best.pt
CHECKPOINT_LATEST repeat=6 scope=internal_cv fold=9 phase=snde epoch=108 path=/data/adodas/VarCoNet-V2-main/xiaolunwen/experiment1c/checkpoints/worker_r6_latest.pt
[SNDE] repeat=6 scope=internal_cv fold=9 epoch=108/149 train_bce=0.134559 val_bce=0.560807 best=Y best_epoch=108 asd_gate=(+0.132,-0.000,g0.868) hc_gate=(+0.091,-0.000,g0.909) pos_weight_l2=0.494956 neg_weight_l2=0.000000 mean_abs_pos_correction=0.312101 mean_abs_neg_correction=0.000000 elapsed_seconds=0.88
CHECKPOINT_BEST repeat=6 scope=internal_cv fold=9 phase=snde epoch=109 path=/data/adodas/VarCoNet-V2-main/xiaolunwen/experiment1c/checkpoints/worker_r6_best.pt
CHECKPOINT_LATEST repeat=6 scope=internal_cv fold=9 phase=snde epoch=109 path=/data/adodas/VarCoNet-V2-main/xiaolunwen/experiment1c/checkpoints/worker_r6_latest.pt
[SNDE] repeat=6 scope=internal_cv fold=9 epoch=109/149 train_bce=0.134544 val_bce=0.560694 best=Y best_epoch=109 asd_gate=(+0.132,-0.000,g0.868) hc_gate=(+0.091,-0.000,g0.909) pos_weight_l2=0.497994 neg_weight_l2=0.000000 mean_abs_pos_correction=0.312997 mean_abs_neg_correction=0.000000 elapsed_seconds=0.81
CHECKPOINT_BEST repeat=6 scope=internal_cv fold=9 phase=snde epoch=110 path=/data/adodas/VarCoNet-V2-main/xiaolunwen/experiment1c/checkpoints/worker_r6_best.pt
CHECKPOINT_LATEST repeat=6 scope=internal_cv fold=9 phase=snde epoch=110 path=/data/adodas/VarCoNet-V2-main/xiaolunwen/experiment1c/checkpoints/worker_r6_latest.pt
[SNDE] repeat=6 scope=internal_cv fold=9 epoch=110/149 train_bce=0.134529 val_bce=0.560583 best=Y best_epoch=110 asd_gate=(+0.132,-0.000,g0.868) hc_gate=(+0.091,-0.000,g0.909) pos_weight_l2=0.501027 neg_weight_l2=0.000000 mean_abs_pos_correction=0.313890 mean_abs_neg_correction=0.000000 elapsed_seconds=1.26
CHECKPOINT_BEST repeat=6 scope=internal_cv fold=9 phase=snde epoch=111 path=/data/adodas/VarCoNet-V2-main/xiaolunwen/experiment1c/checkpoints/worker_r6_best.pt
CHECKPOINT_LATEST repeat=6 scope=internal_cv fold=9 phase=snde epoch=111 path=/data/adodas/VarCoNet-V2-main/xiaolunwen/experiment1c/checkpoints/worker_r6_latest.pt
[SNDE] repeat=6 scope=internal_cv fold=9 epoch=111/149 train_bce=0.134515 val_bce=0.560473 best=Y best_epoch=111 asd_gate=(+0.132,-0.000,g0.868) hc_gate=(+0.091,-0.000,g0.909) pos_weight_l2=0.504054 neg_weight_l2=0.000000 mean_abs_pos_correction=0.314781 mean_abs_neg_correction=0.000000 elapsed_seconds=0.83
CHECKPOINT_BEST repeat=6 scope=internal_cv fold=9 phase=snde epoch=112 path=/data/adodas/VarCoNet-V2-main/xiaolunwen/experiment1c/checkpoints/worker_r6_best.pt
CHECKPOINT_LATEST repeat=6 scope=internal_cv fold=9 phase=snde epoch=112 path=/data/adodas/VarCoNet-V2-main/xiaolunwen/experiment1c/checkpoints/worker_r6_latest.pt
[SNDE] repeat=6 scope=internal_cv fold=9 epoch=112/149 train_bce=0.134500 val_bce=0.560365 best=Y best_epoch=112 asd_gate=(+0.132,-0.000,g0.868) hc_gate=(+0.091,-0.000,g0.909) pos_weight_l2=0.507076 neg_weight_l2=0.000000 mean_abs_pos_correction=0.315672 mean_abs_neg_correction=0.000000 elapsed_seconds=1.08
CHECKPOINT_BEST repeat=6 scope=internal_cv fold=9 phase=snde epoch=113 path=/data/adodas/VarCoNet-V2-main/xiaolunwen/experiment1c/checkpoints/worker_r6_best.pt
CHECKPOINT_LATEST repeat=6 scope=internal_cv fold=9 phase=snde epoch=113 path=/data/adodas/VarCoNet-V2-main/xiaolunwen/experiment1c/checkpoints/worker_r6_latest.pt
[SNDE] repeat=6 scope=internal_cv fold=9 epoch=113/149 train_bce=0.134486 val_bce=0.560259 best=Y best_epoch=113 asd_gate=(+0.132,-0.000,g0.868) hc_gate=(+0.091,-0.000,g0.909) pos_weight_l2=0.510093 neg_weight_l2=0.000000 mean_abs_pos_correction=0.316562 mean_abs_neg_correction=0.000000 elapsed_seconds=1.31
CHECKPOINT_BEST repeat=6 scope=internal_cv fold=9 phase=snde epoch=114 path=/data/adodas/VarCoNet-V2-main/xiaolunwen/experiment1c/checkpoints/worker_r6_best.pt
CHECKPOINT_LATEST repeat=6 scope=internal_cv fold=9 phase=snde epoch=114 path=/data/adodas/VarCoNet-V2-main/xiaolunwen/experiment1c/checkpoints/worker_r6_latest.pt
[SNDE] repeat=6 scope=internal_cv fold=9 epoch=114/149 train_bce=0.134472 val_bce=0.560154 best=Y best_epoch=114 asd_gate=(+0.132,-0.000,g0.868) hc_gate=(+0.091,-0.000,g0.909) pos_weight_l2=0.513105 neg_weight_l2=0.000000 mean_abs_pos_correction=0.317453 mean_abs_neg_correction=0.000000 elapsed_seconds=1.08
CHECKPOINT_BEST repeat=6 scope=internal_cv fold=9 phase=snde epoch=115 path=/data/adodas/VarCoNet-V2-main/xiaolunwen/experiment1c/checkpoints/worker_r6_best.pt
CHECKPOINT_LATEST repeat=6 scope=internal_cv fold=9 phase=snde epoch=115 path=/data/adodas/VarCoNet-V2-main/xiaolunwen/experiment1c/checkpoints/worker_r6_latest.pt
[SNDE] repeat=6 scope=internal_cv fold=9 epoch=115/149 train_bce=0.134458 val_bce=0.560051 best=Y best_epoch=115 asd_gate=(+0.132,-0.000,g0.868) hc_gate=(+0.091,-0.000,g0.909) pos_weight_l2=0.516111 neg_weight_l2=0.000000 mean_abs_pos_correction=0.318343 mean_abs_neg_correction=0.000000 elapsed_seconds=1.13
CHECKPOINT_BEST repeat=6 scope=internal_cv fold=9 phase=snde epoch=116 path=/data/adodas/VarCoNet-V2-main/xiaolunwen/experiment1c/checkpoints/worker_r6_best.pt
CHECKPOINT_LATEST repeat=6 scope=internal_cv fold=9 phase=snde epoch=116 path=/data/adodas/VarCoNet-V2-main/xiaolunwen/experiment1c/checkpoints/worker_r6_latest.pt
[SNDE] repeat=6 scope=internal_cv fold=9 epoch=116/149 train_bce=0.134444 val_bce=0.559950 best=Y best_epoch=116 asd_gate=(+0.132,-0.000,g0.868) hc_gate=(+0.091,-0.000,g0.909) pos_weight_l2=0.519112 neg_weight_l2=0.000000 mean_abs_pos_correction=0.319234 mean_abs_neg_correction=0.000000 elapsed_seconds=1.07
CHECKPOINT_BEST repeat=6 scope=internal_cv fold=9 phase=snde epoch=117 path=/data/adodas/VarCoNet-V2-main/xiaolunwen/experiment1c/checkpoints/worker_r6_best.pt
CHECKPOINT_LATEST repeat=6 scope=internal_cv fold=9 phase=snde epoch=117 path=/data/adodas/VarCoNet-V2-main/xiaolunwen/experiment1c/checkpoints/worker_r6_latest.pt
[SNDE] repeat=6 scope=internal_cv fold=9 epoch=117/149 train_bce=0.134431 val_bce=0.559851 best=Y best_epoch=117 asd_gate=(+0.132,-0.000,g0.868) hc_gate=(+0.091,-0.000,g0.909) pos_weight_l2=0.522108 neg_weight_l2=0.000000 mean_abs_pos_correction=0.320124 mean_abs_neg_correction=0.000000 elapsed_seconds=0.83
CHECKPOINT_BEST repeat=6 scope=internal_cv fold=9 phase=snde epoch=118 path=/data/adodas/VarCoNet-V2-main/xiaolunwen/experiment1c/checkpoints/worker_r6_best.pt
CHECKPOINT_LATEST repeat=6 scope=internal_cv fold=9 phase=snde epoch=118 path=/data/adodas/VarCoNet-V2-main/xiaolunwen/experiment1c/checkpoints/worker_r6_latest.pt
[SNDE] repeat=6 scope=internal_cv fold=9 epoch=118/149 train_bce=0.134417 val_bce=0.559753 best=Y best_epoch=118 asd_gate=(+0.132,-0.000,g0.868) hc_gate=(+0.091,-0.000,g0.909) pos_weight_l2=0.525098 neg_weight_l2=0.000000 mean_abs_pos_correction=0.321013 mean_abs_neg_correction=0.000000 elapsed_seconds=1.06
CHECKPOINT_BEST repeat=6 scope=internal_cv fold=9 phase=snde epoch=119 path=/data/adodas/VarCoNet-V2-main/xiaolunwen/experiment1c/checkpoints/worker_r6_best.pt
CHECKPOINT_LATEST repeat=6 scope=internal_cv fold=9 phase=snde epoch=119 path=/data/adodas/VarCoNet-V2-main/xiaolunwen/experiment1c/checkpoints/worker_r6_latest.pt
[SNDE] repeat=6 scope=internal_cv fold=9 epoch=119/149 train_bce=0.134404 val_bce=0.559656 best=Y best_epoch=119 asd_gate=(+0.132,-0.000,g0.868) hc_gate=(+0.091,-0.000,g0.909) pos_weight_l2=0.528083 neg_weight_l2=0.000000 mean_abs_pos_correction=0.321901 mean_abs_neg_correction=0.000000 elapsed_seconds=0.85
CHECKPOINT_BEST repeat=6 scope=internal_cv fold=9 phase=snde epoch=120 path=/data/adodas/VarCoNet-V2-main/xiaolunwen/experiment1c/checkpoints/worker_r6_best.pt
CHECKPOINT_LATEST repeat=6 scope=internal_cv fold=9 phase=snde epoch=120 path=/data/adodas/VarCoNet-V2-main/xiaolunwen/experiment1c/checkpoints/worker_r6_latest.pt
[SNDE] repeat=6 scope=internal_cv fold=9 epoch=120/149 train_bce=0.134390 val_bce=0.559561 best=Y best_epoch=120 asd_gate=(+0.132,-0.000,g0.868) hc_gate=(+0.091,-0.000,g0.909) pos_weight_l2=0.531062 neg_weight_l2=0.000000 mean_abs_pos_correction=0.322788 mean_abs_neg_correction=0.000000 elapsed_seconds=1.06
CHECKPOINT_BEST repeat=6 scope=internal_cv fold=9 phase=snde epoch=121 path=/data/adodas/VarCoNet-V2-main/xiaolunwen/experiment1c/checkpoints/worker_r6_best.pt
CHECKPOINT_LATEST repeat=6 scope=internal_cv fold=9 phase=snde epoch=121 path=/data/adodas/VarCoNet-V2-main/xiaolunwen/experiment1c/checkpoints/worker_r6_latest.pt
[SNDE] repeat=6 scope=internal_cv fold=9 epoch=121/149 train_bce=0.134377 val_bce=0.559467 best=Y best_epoch=121 asd_gate=(+0.132,-0.000,g0.868) hc_gate=(+0.091,-0.000,g0.909) pos_weight_l2=0.534037 neg_weight_l2=0.000000 mean_abs_pos_correction=0.323673 mean_abs_neg_correction=0.000000 elapsed_seconds=1.20
CHECKPOINT_BEST repeat=6 scope=internal_cv fold=9 phase=snde epoch=122 path=/data/adodas/VarCoNet-V2-main/xiaolunwen/experiment1c/checkpoints/worker_r6_best.pt
CHECKPOINT_LATEST repeat=6 scope=internal_cv fold=9 phase=snde epoch=122 path=/data/adodas/VarCoNet-V2-main/xiaolunwen/experiment1c/checkpoints/worker_r6_latest.pt
[SNDE] repeat=6 scope=internal_cv fold=9 epoch=122/149 train_bce=0.134364 val_bce=0.559374 best=Y best_epoch=122 asd_gate=(+0.132,-0.000,g0.868) hc_gate=(+0.091,-0.000,g0.909) pos_weight_l2=0.537005 neg_weight_l2=0.000000 mean_abs_pos_correction=0.324556 mean_abs_neg_correction=0.000000 elapsed_seconds=0.85
CHECKPOINT_BEST repeat=6 scope=internal_cv fold=9 phase=snde epoch=123 path=/data/adodas/VarCoNet-V2-main/xiaolunwen/experiment1c/checkpoints/worker_r6_best.pt
CHECKPOINT_LATEST repeat=6 scope=internal_cv fold=9 phase=snde epoch=123 path=/data/adodas/VarCoNet-V2-main/xiaolunwen/experiment1c/checkpoints/worker_r6_latest.pt
[SNDE] repeat=6 scope=internal_cv fold=9 epoch=123/149 train_bce=0.134351 val_bce=0.559281 best=Y best_epoch=123 asd_gate=(+0.132,-0.000,g0.868) hc_gate=(+0.091,-0.000,g0.909) pos_weight_l2=0.539969 neg_weight_l2=0.000000 mean_abs_pos_correction=0.325436 mean_abs_neg_correction=0.000000 elapsed_seconds=1.08
CHECKPOINT_BEST repeat=6 scope=internal_cv fold=9 phase=snde epoch=124 path=/data/adodas/VarCoNet-V2-main/xiaolunwen/experiment1c/checkpoints/worker_r6_best.pt
CHECKPOINT_LATEST repeat=6 scope=internal_cv fold=9 phase=snde epoch=124 path=/data/adodas/VarCoNet-V2-main/xiaolunwen/experiment1c/checkpoints/worker_r6_latest.pt
[SNDE] repeat=6 scope=internal_cv fold=9 epoch=124/149 train_bce=0.134338 val_bce=0.559190 best=Y best_epoch=124 asd_gate=(+0.132,-0.000,g0.868) hc_gate=(+0.091,-0.000,g0.909) pos_weight_l2=0.542927 neg_weight_l2=0.000000 mean_abs_pos_correction=0.326314 mean_abs_neg_correction=0.000000 elapsed_seconds=1.09
CHECKPOINT_BEST repeat=6 scope=internal_cv fold=9 phase=snde epoch=125 path=/data/adodas/VarCoNet-V2-main/xiaolunwen/experiment1c/checkpoints/worker_r6_best.pt
CHECKPOINT_LATEST repeat=6 scope=internal_cv fold=9 phase=snde epoch=125 path=/data/adodas/VarCoNet-V2-main/xiaolunwen/experiment1c/checkpoints/worker_r6_latest.pt
[SNDE] repeat=6 scope=internal_cv fold=9 epoch=125/149 train_bce=0.134326 val_bce=0.559100 best=Y best_epoch=125 asd_gate=(+0.132,-0.000,g0.868) hc_gate=(+0.091,-0.000,g0.909) pos_weight_l2=0.545879 neg_weight_l2=0.000000 mean_abs_pos_correction=0.327190 mean_abs_neg_correction=0.000000 elapsed_seconds=1.10
CHECKPOINT_BEST repeat=6 scope=internal_cv fold=9 phase=snde epoch=126 path=/data/adodas/VarCoNet-V2-main/xiaolunwen/experiment1c/checkpoints/worker_r6_best.pt
CHECKPOINT_LATEST repeat=6 scope=internal_cv fold=9 phase=snde epoch=126 path=/data/adodas/VarCoNet-V2-main/xiaolunwen/experiment1c/checkpoints/worker_r6_latest.pt
[SNDE] repeat=6 scope=internal_cv fold=9 epoch=126/149 train_bce=0.134313 val_bce=0.559010 best=Y best_epoch=126 asd_gate=(+0.132,-0.000,g0.868) hc_gate=(+0.091,-0.000,g0.909) pos_weight_l2=0.548827 neg_weight_l2=0.000000 mean_abs_pos_correction=0.328063 mean_abs_neg_correction=0.000000 elapsed_seconds=0.85
CHECKPOINT_BEST repeat=6 scope=internal_cv fold=9 phase=snde epoch=127 path=/data/adodas/VarCoNet-V2-main/xiaolunwen/experiment1c/checkpoints/worker_r6_best.pt
CHECKPOINT_LATEST repeat=6 scope=internal_cv fold=9 phase=snde epoch=127 path=/data/adodas/VarCoNet-V2-main/xiaolunwen/experiment1c/checkpoints/worker_r6_latest.pt
[SNDE] repeat=6 scope=internal_cv fold=9 epoch=127/149 train_bce=0.134301 val_bce=0.558922 best=Y best_epoch=127 asd_gate=(+0.132,-0.000,g0.868) hc_gate=(+0.091,-0.000,g0.909) pos_weight_l2=0.551768 neg_weight_l2=0.000000 mean_abs_pos_correction=0.328935 mean_abs_neg_correction=0.000000 elapsed_seconds=0.69
CHECKPOINT_BEST repeat=6 scope=internal_cv fold=9 phase=snde epoch=128 path=/data/adodas/VarCoNet-V2-main/xiaolunwen/experiment1c/checkpoints/worker_r6_best.pt
CHECKPOINT_LATEST repeat=6 scope=internal_cv fold=9 phase=snde epoch=128 path=/data/adodas/VarCoNet-V2-main/xiaolunwen/experiment1c/checkpoints/worker_r6_latest.pt
[SNDE] repeat=6 scope=internal_cv fold=9 epoch=128/149 train_bce=0.134288 val_bce=0.558834 best=Y best_epoch=128 asd_gate=(+0.132,-0.000,g0.868) hc_gate=(+0.091,-0.000,g0.909) pos_weight_l2=0.554705 neg_weight_l2=0.000000 mean_abs_pos_correction=0.329805 mean_abs_neg_correction=0.000000 elapsed_seconds=0.63
CHECKPOINT_BEST repeat=6 scope=internal_cv fold=9 phase=snde epoch=129 path=/data/adodas/VarCoNet-V2-main/xiaolunwen/experiment1c/checkpoints/worker_r6_best.pt
CHECKPOINT_LATEST repeat=6 scope=internal_cv fold=9 phase=snde epoch=129 path=/data/adodas/VarCoNet-V2-main/xiaolunwen/experiment1c/checkpoints/worker_r6_latest.pt
[SNDE] repeat=6 scope=internal_cv fold=9 epoch=129/149 train_bce=0.134276 val_bce=0.558748 best=Y best_epoch=129 asd_gate=(+0.132,-0.000,g0.868) hc_gate=(+0.091,-0.000,g0.909) pos_weight_l2=0.557636 neg_weight_l2=0.000000 mean_abs_pos_correction=0.330675 mean_abs_neg_correction=0.000000 elapsed_seconds=0.76
CHECKPOINT_BEST repeat=6 scope=internal_cv fold=9 phase=snde epoch=130 path=/data/adodas/VarCoNet-V2-main/xiaolunwen/experiment1c/checkpoints/worker_r6_best.pt
CHECKPOINT_LATEST repeat=6 scope=internal_cv fold=9 phase=snde epoch=130 path=/data/adodas/VarCoNet-V2-main/xiaolunwen/experiment1c/checkpoints/worker_r6_latest.pt
[SNDE] repeat=6 scope=internal_cv fold=9 epoch=130/149 train_bce=0.134264 val_bce=0.558663 best=Y best_epoch=130 asd_gate=(+0.132,-0.000,g0.868) hc_gate=(+0.091,-0.000,g0.909) pos_weight_l2=0.560561 neg_weight_l2=0.000000 mean_abs_pos_correction=0.331543 mean_abs_neg_correction=0.000000 elapsed_seconds=0.88
CHECKPOINT_BEST repeat=6 scope=internal_cv fold=9 phase=snde epoch=131 path=/data/adodas/VarCoNet-V2-main/xiaolunwen/experiment1c/checkpoints/worker_r6_best.pt
CHECKPOINT_LATEST repeat=6 scope=internal_cv fold=9 phase=snde epoch=131 path=/data/adodas/VarCoNet-V2-main/xiaolunwen/experiment1c/checkpoints/worker_r6_latest.pt
[SNDE] repeat=6 scope=internal_cv fold=9 epoch=131/149 train_bce=0.134252 val_bce=0.558579 best=Y best_epoch=131 asd_gate=(+0.132,-0.000,g0.868) hc_gate=(+0.091,-0.000,g0.909) pos_weight_l2=0.563481 neg_weight_l2=0.000000 mean_abs_pos_correction=0.332412 mean_abs_neg_correction=0.000000 elapsed_seconds=0.61
CHECKPOINT_BEST repeat=6 scope=internal_cv fold=9 phase=snde epoch=132 path=/data/adodas/VarCoNet-V2-main/xiaolunwen/experiment1c/checkpoints/worker_r6_best.pt
CHECKPOINT_LATEST repeat=6 scope=internal_cv fold=9 phase=snde epoch=132 path=/data/adodas/VarCoNet-V2-main/xiaolunwen/experiment1c/checkpoints/worker_r6_latest.pt
[SNDE] repeat=6 scope=internal_cv fold=9 epoch=132/149 train_bce=0.134240 val_bce=0.558496 best=Y best_epoch=132 asd_gate=(+0.132,-0.000,g0.868) hc_gate=(+0.091,-0.000,g0.909) pos_weight_l2=0.566396 neg_weight_l2=0.000000 mean_abs_pos_correction=0.333280 mean_abs_neg_correction=0.000000 elapsed_seconds=0.72
CHECKPOINT_BEST repeat=6 scope=internal_cv fold=9 phase=snde epoch=133 path=/data/adodas/VarCoNet-V2-main/xiaolunwen/experiment1c/checkpoints/worker_r6_best.pt
CHECKPOINT_LATEST repeat=6 scope=internal_cv fold=9 phase=snde epoch=133 path=/data/adodas/VarCoNet-V2-main/xiaolunwen/experiment1c/checkpoints/worker_r6_latest.pt
[SNDE] repeat=6 scope=internal_cv fold=9 epoch=133/149 train_bce=0.134228 val_bce=0.558414 best=Y best_epoch=133 asd_gate=(+0.132,-0.000,g0.868) hc_gate=(+0.091,-0.000,g0.909) pos_weight_l2=0.569306 neg_weight_l2=0.000000 mean_abs_pos_correction=0.334148 mean_abs_neg_correction=0.000000 elapsed_seconds=3.05
CHECKPOINT_BEST repeat=6 scope=internal_cv fold=9 phase=snde epoch=134 path=/data/adodas/VarCoNet-V2-main/xiaolunwen/experiment1c/checkpoints/worker_r6_best.pt
CHECKPOINT_LATEST repeat=6 scope=internal_cv fold=9 phase=snde epoch=134 path=/data/adodas/VarCoNet-V2-main/xiaolunwen/experiment1c/checkpoints/worker_r6_latest.pt
[SNDE] repeat=6 scope=internal_cv fold=9 epoch=134/149 train_bce=0.134217 val_bce=0.558334 best=Y best_epoch=134 asd_gate=(+0.132,-0.000,g0.868) hc_gate=(+0.091,-0.000,g0.909) pos_weight_l2=0.572210 neg_weight_l2=0.000000 mean_abs_pos_correction=0.335016 mean_abs_neg_correction=0.000000 elapsed_seconds=0.66
CHECKPOINT_BEST repeat=6 scope=internal_cv fold=9 phase=snde epoch=135 path=/data/adodas/VarCoNet-V2-main/xiaolunwen/experiment1c/checkpoints/worker_r6_best.pt
CHECKPOINT_LATEST repeat=6 scope=internal_cv fold=9 phase=snde epoch=135 path=/data/adodas/VarCoNet-V2-main/xiaolunwen/experiment1c/checkpoints/worker_r6_latest.pt
[SNDE] repeat=6 scope=internal_cv fold=9 epoch=135/149 train_bce=0.134205 val_bce=0.558255 best=Y best_epoch=135 asd_gate=(+0.132,-0.000,g0.868) hc_gate=(+0.091,-0.000,g0.909) pos_weight_l2=0.575108 neg_weight_l2=0.000000 mean_abs_pos_correction=0.335885 mean_abs_neg_correction=0.000000 elapsed_seconds=0.87
CHECKPOINT_BEST repeat=6 scope=internal_cv fold=9 phase=snde epoch=136 path=/data/adodas/VarCoNet-V2-main/xiaolunwen/experiment1c/checkpoints/worker_r6_best.pt
CHECKPOINT_LATEST repeat=6 scope=internal_cv fold=9 phase=snde epoch=136 path=/data/adodas/VarCoNet-V2-main/xiaolunwen/experiment1c/checkpoints/worker_r6_latest.pt
[SNDE] repeat=6 scope=internal_cv fold=9 epoch=136/149 train_bce=0.134193 val_bce=0.558176 best=Y best_epoch=136 asd_gate=(+0.132,-0.000,g0.868) hc_gate=(+0.091,-0.000,g0.909) pos_weight_l2=0.578002 neg_weight_l2=0.000000 mean_abs_pos_correction=0.336754 mean_abs_neg_correction=0.000000 elapsed_seconds=0.65
CHECKPOINT_BEST repeat=6 scope=internal_cv fold=9 phase=snde epoch=137 path=/data/adodas/VarCoNet-V2-main/xiaolunwen/experiment1c/checkpoints/worker_r6_best.pt
CHECKPOINT_LATEST repeat=6 scope=internal_cv fold=9 phase=snde epoch=137 path=/data/adodas/VarCoNet-V2-main/xiaolunwen/experiment1c/checkpoints/worker_r6_latest.pt
[SNDE] repeat=6 scope=internal_cv fold=9 epoch=137/149 train_bce=0.134182 val_bce=0.558099 best=Y best_epoch=137 asd_gate=(+0.132,-0.000,g0.868) hc_gate=(+0.091,-0.000,g0.909) pos_weight_l2=0.580890 neg_weight_l2=0.000000 mean_abs_pos_correction=0.337622 mean_abs_neg_correction=0.000000 elapsed_seconds=0.67
CHECKPOINT_BEST repeat=6 scope=internal_cv fold=9 phase=snde epoch=138 path=/data/adodas/VarCoNet-V2-main/xiaolunwen/experiment1c/checkpoints/worker_r6_best.pt
CHECKPOINT_LATEST repeat=6 scope=internal_cv fold=9 phase=snde epoch=138 path=/data/adodas/VarCoNet-V2-main/xiaolunwen/experiment1c/checkpoints/worker_r6_latest.pt
[SNDE] repeat=6 scope=internal_cv fold=9 epoch=138/149 train_bce=0.134171 val_bce=0.558023 best=Y best_epoch=138 asd_gate=(+0.132,-0.000,g0.868) hc_gate=(+0.091,-0.000,g0.909) pos_weight_l2=0.583773 neg_weight_l2=0.000000 mean_abs_pos_correction=0.338490 mean_abs_neg_correction=0.000000 elapsed_seconds=4.08
CHECKPOINT_BEST repeat=6 scope=internal_cv fold=9 phase=snde epoch=139 path=/data/adodas/VarCoNet-V2-main/xiaolunwen/experiment1c/checkpoints/worker_r6_best.pt
CHECKPOINT_LATEST repeat=6 scope=internal_cv fold=9 phase=snde epoch=139 path=/data/adodas/VarCoNet-V2-main/xiaolunwen/experiment1c/checkpoints/worker_r6_latest.pt
[SNDE] repeat=6 scope=internal_cv fold=9 epoch=139/149 train_bce=0.134159 val_bce=0.557948 best=Y best_epoch=139 asd_gate=(+0.132,-0.000,g0.868) hc_gate=(+0.091,-0.000,g0.909) pos_weight_l2=0.586650 neg_weight_l2=0.000000 mean_abs_pos_correction=0.339358 mean_abs_neg_correction=0.000000 elapsed_seconds=0.73
CHECKPOINT_BEST repeat=6 scope=internal_cv fold=9 phase=snde epoch=140 path=/data/adodas/VarCoNet-V2-main/xiaolunwen/experiment1c/checkpoints/worker_r6_best.pt
CHECKPOINT_LATEST repeat=6 scope=internal_cv fold=9 phase=snde epoch=140 path=/data/adodas/VarCoNet-V2-main/xiaolunwen/experiment1c/checkpoints/worker_r6_latest.pt
[SNDE] repeat=6 scope=internal_cv fold=9 epoch=140/149 train_bce=0.134148 val_bce=0.557874 best=Y best_epoch=140 asd_gate=(+0.132,-0.000,g0.868) hc_gate=(+0.091,-0.000,g0.909) pos_weight_l2=0.589522 neg_weight_l2=0.000000 mean_abs_pos_correction=0.340225 mean_abs_neg_correction=0.000000 elapsed_seconds=0.69
CHECKPOINT_BEST repeat=6 scope=internal_cv fold=9 phase=snde epoch=141 path=/data/adodas/VarCoNet-V2-main/xiaolunwen/experiment1c/checkpoints/worker_r6_best.pt
CHECKPOINT_LATEST repeat=6 scope=internal_cv fold=9 phase=snde epoch=141 path=/data/adodas/VarCoNet-V2-main/xiaolunwen/experiment1c/checkpoints/worker_r6_latest.pt
[SNDE] repeat=6 scope=internal_cv fold=9 epoch=141/149 train_bce=0.134137 val_bce=0.557800 best=Y best_epoch=141 asd_gate=(+0.132,-0.000,g0.868) hc_gate=(+0.091,-0.000,g0.909) pos_weight_l2=0.592389 neg_weight_l2=0.000000 mean_abs_pos_correction=0.341091 mean_abs_neg_correction=0.000000 elapsed_seconds=0.65
CHECKPOINT_BEST repeat=6 scope=internal_cv fold=9 phase=snde epoch=142 path=/data/adodas/VarCoNet-V2-main/xiaolunwen/experiment1c/checkpoints/worker_r6_best.pt
CHECKPOINT_LATEST repeat=6 scope=internal_cv fold=9 phase=snde epoch=142 path=/data/adodas/VarCoNet-V2-main/xiaolunwen/experiment1c/checkpoints/worker_r6_latest.pt
[SNDE] repeat=6 scope=internal_cv fold=9 epoch=142/149 train_bce=0.134126 val_bce=0.557728 best=Y best_epoch=142 asd_gate=(+0.132,-0.000,g0.868) hc_gate=(+0.091,-0.000,g0.909) pos_weight_l2=0.595251 neg_weight_l2=0.000000 mean_abs_pos_correction=0.341956 mean_abs_neg_correction=0.000000 elapsed_seconds=0.69
CHECKPOINT_BEST repeat=6 scope=internal_cv fold=9 phase=snde epoch=143 path=/data/adodas/VarCoNet-V2-main/xiaolunwen/experiment1c/checkpoints/worker_r6_best.pt
CHECKPOINT_LATEST repeat=6 scope=internal_cv fold=9 phase=snde epoch=143 path=/data/adodas/VarCoNet-V2-main/xiaolunwen/experiment1c/checkpoints/worker_r6_latest.pt
[SNDE] repeat=6 scope=internal_cv fold=9 epoch=143/149 train_bce=0.134115 val_bce=0.557656 best=Y best_epoch=143 asd_gate=(+0.132,-0.000,g0.868) hc_gate=(+0.091,-0.000,g0.909) pos_weight_l2=0.598107 neg_weight_l2=0.000000 mean_abs_pos_correction=0.342819 mean_abs_neg_correction=0.000000 elapsed_seconds=0.65
CHECKPOINT_BEST repeat=6 scope=internal_cv fold=9 phase=snde epoch=144 path=/data/adodas/VarCoNet-V2-main/xiaolunwen/experiment1c/checkpoints/worker_r6_best.pt
CHECKPOINT_LATEST repeat=6 scope=internal_cv fold=9 phase=snde epoch=144 path=/data/adodas/VarCoNet-V2-main/xiaolunwen/experiment1c/checkpoints/worker_r6_latest.pt
[SNDE] repeat=6 scope=internal_cv fold=9 epoch=144/149 train_bce=0.134105 val_bce=0.557584 best=Y best_epoch=144 asd_gate=(+0.132,-0.000,g0.868) hc_gate=(+0.091,-0.000,g0.909) pos_weight_l2=0.600958 neg_weight_l2=0.000000 mean_abs_pos_correction=0.343681 mean_abs_neg_correction=0.000000 elapsed_seconds=0.67
CHECKPOINT_BEST repeat=6 scope=internal_cv fold=9 phase=snde epoch=145 path=/data/adodas/VarCoNet-V2-main/xiaolunwen/experiment1c/checkpoints/worker_r6_best.pt
CHECKPOINT_LATEST repeat=6 scope=internal_cv fold=9 phase=snde epoch=145 path=/data/adodas/VarCoNet-V2-main/xiaolunwen/experiment1c/checkpoints/worker_r6_latest.pt
[SNDE] repeat=6 scope=internal_cv fold=9 epoch=145/149 train_bce=0.134094 val_bce=0.557514 best=Y best_epoch=145 asd_gate=(+0.132,-0.000,g0.868) hc_gate=(+0.091,-0.000,g0.909) pos_weight_l2=0.603804 neg_weight_l2=0.000000 mean_abs_pos_correction=0.344542 mean_abs_neg_correction=0.000000 elapsed_seconds=0.68
CHECKPOINT_BEST repeat=6 scope=internal_cv fold=9 phase=snde epoch=146 path=/data/adodas/VarCoNet-V2-main/xiaolunwen/experiment1c/checkpoints/worker_r6_best.pt
CHECKPOINT_LATEST repeat=6 scope=internal_cv fold=9 phase=snde epoch=146 path=/data/adodas/VarCoNet-V2-main/xiaolunwen/experiment1c/checkpoints/worker_r6_latest.pt
[SNDE] repeat=6 scope=internal_cv fold=9 epoch=146/149 train_bce=0.134083 val_bce=0.557444 best=Y best_epoch=146 asd_gate=(+0.132,-0.000,g0.868) hc_gate=(+0.091,-0.000,g0.909) pos_weight_l2=0.606645 neg_weight_l2=0.000000 mean_abs_pos_correction=0.345401 mean_abs_neg_correction=0.000000 elapsed_seconds=0.73
CHECKPOINT_BEST repeat=6 scope=internal_cv fold=9 phase=snde epoch=147 path=/data/adodas/VarCoNet-V2-main/xiaolunwen/experiment1c/checkpoints/worker_r6_best.pt
CHECKPOINT_LATEST repeat=6 scope=internal_cv fold=9 phase=snde epoch=147 path=/data/adodas/VarCoNet-V2-main/xiaolunwen/experiment1c/checkpoints/worker_r6_latest.pt
[SNDE] repeat=6 scope=internal_cv fold=9 epoch=147/149 train_bce=0.134073 val_bce=0.557374 best=Y best_epoch=147 asd_gate=(+0.132,-0.000,g0.868) hc_gate=(+0.091,-0.000,g0.909) pos_weight_l2=0.609481 neg_weight_l2=0.000000 mean_abs_pos_correction=0.346259 mean_abs_neg_correction=0.000000 elapsed_seconds=0.64
CHECKPOINT_BEST repeat=6 scope=internal_cv fold=9 phase=snde epoch=148 path=/data/adodas/VarCoNet-V2-main/xiaolunwen/experiment1c/checkpoints/worker_r6_best.pt
CHECKPOINT_LATEST repeat=6 scope=internal_cv fold=9 phase=snde epoch=148 path=/data/adodas/VarCoNet-V2-main/xiaolunwen/experiment1c/checkpoints/worker_r6_latest.pt
[SNDE] repeat=6 scope=internal_cv fold=9 epoch=148/149 train_bce=0.134062 val_bce=0.557305 best=Y best_epoch=148 asd_gate=(+0.132,-0.000,g0.868) hc_gate=(+0.091,-0.000,g0.909) pos_weight_l2=0.612311 neg_weight_l2=0.000000 mean_abs_pos_correction=0.347115 mean_abs_neg_correction=0.000000 elapsed_seconds=0.63
CHECKPOINT_BEST repeat=6 scope=internal_cv fold=9 phase=snde epoch=149 path=/data/adodas/VarCoNet-V2-main/xiaolunwen/experiment1c/checkpoints/worker_r6_best.pt
CHECKPOINT_LATEST repeat=6 scope=internal_cv fold=9 phase=snde epoch=149 path=/data/adodas/VarCoNet-V2-main/xiaolunwen/experiment1c/checkpoints/worker_r6_latest.pt
[SNDE] repeat=6 scope=internal_cv fold=9 epoch=149/149 train_bce=0.134052 val_bce=0.557237 best=Y best_epoch=149 asd_gate=(+0.132,-0.000,g0.868) hc_gate=(+0.091,-0.000,g0.909) pos_weight_l2=0.615137 neg_weight_l2=0.000000 mean_abs_pos_correction=0.347969 mean_abs_neg_correction=0.000000 elapsed_seconds=0.84
TASK_TRAINING_DONE repeat=6 scope=internal_cv fold=9 base_encoder_epoch=40 base_classifier_epoch=56 base_val_bce=0.574139 crsm_epoch=0 crsm_val_bce=0.574139 snde_epoch=149 snde_val_bce=0.557237 elapsed_minutes=8.1
TASK_DONE repeat=6 scope=internal_fold fold=9 method=baseline selected_encoder_epoch=40 test_auc=0.695900 test_bce=0.637818 elapsed_minutes=8.1
TASK_DONE repeat=6 scope=internal_fold fold=9 method=crsm_corrected selected_encoder_epoch=40 test_auc=0.695900 test_bce=0.637818 elapsed_minutes=8.1
TASK_DONE repeat=6 scope=internal_fold fold=9 method=selective_normative_deviation_experts selected_encoder_epoch=40 test_auc=0.711469 test_bce=0.627694 elapsed_minutes=8.1
TASK_START repeat=6 scope=external fold=external seed=200006 device=cuda:0 methods=baseline,crsm_corrected,selective_normative_deviation_experts shared_encoder=Y reference_unique_n=793 train_n=869 val_n=89
CHECKPOINT_BEST repeat=6 scope=external fold=external phase=ssl epoch=1 path=/data/adodas/VarCoNet-V2-main/xiaolunwen/experiment1c/checkpoints/worker_r6_best.pt
[SSL] repeat=6 scope=external fold=external epoch=1/50 ssl_loss=0.282363 lr=0.000024107 base_val_bce=0.609890 base_best=Y base_cls_epoch=44 epoch_seconds=4.4 task_elapsed_minutes=0.1 gpu_alloc_gb=0.342 gpu_reserved_gb=1.744
CHECKPOINT_BEST repeat=6 scope=external fold=external phase=ssl epoch=2 path=/data/adodas/VarCoNet-V2-main/xiaolunwen/experiment1c/checkpoints/worker_r6_best.pt
[SSL] repeat=6 scope=external fold=external epoch=2/50 ssl_loss=0.176454 lr=0.000038214 base_val_bce=0.608925 base_best=Y base_cls_epoch=23 epoch_seconds=7.8 task_elapsed_minutes=0.2 gpu_alloc_gb=0.342 gpu_reserved_gb=1.744
[SSL] repeat=6 scope=external fold=external epoch=3/50 ssl_loss=0.125205 lr=0.000052321 base_val_bce=0.618330 base_best=N base_cls_epoch=26 epoch_seconds=8.9 task_elapsed_minutes=0.4 gpu_alloc_gb=0.342 gpu_reserved_gb=1.744
[SSL] repeat=6 scope=external fold=external epoch=4/50 ssl_loss=0.121060 lr=0.000066427 base_val_bce=0.618563 base_best=N base_cls_epoch=27 epoch_seconds=11.8 task_elapsed_minutes=0.6 gpu_alloc_gb=0.342 gpu_reserved_gb=1.744
[SSL] repeat=6 scope=external fold=external epoch=5/50 ssl_loss=0.110980 lr=0.000080534 base_val_bce=0.609956 base_best=N base_cls_epoch=21 epoch_seconds=9.8 task_elapsed_minutes=0.7 gpu_alloc_gb=0.342 gpu_reserved_gb=1.744
[SSL] repeat=6 scope=external fold=external epoch=6/50 ssl_loss=0.122104 lr=0.000094641 base_val_bce=0.616775 base_best=N base_cls_epoch=23 epoch_seconds=12.0 task_elapsed_minutes=0.9 gpu_alloc_gb=0.342 gpu_reserved_gb=1.744
[SSL] repeat=6 scope=external fold=external epoch=7/50 ssl_loss=0.093553 lr=0.000108748 base_val_bce=0.615509 base_best=N base_cls_epoch=19 epoch_seconds=9.0 task_elapsed_minutes=1.1 gpu_alloc_gb=0.342 gpu_reserved_gb=1.744
CHECKPOINT_BEST repeat=6 scope=external fold=external phase=ssl epoch=8 path=/data/adodas/VarCoNet-V2-main/xiaolunwen/experiment1c/checkpoints/worker_r6_best.pt
[SSL] repeat=6 scope=external fold=external epoch=8/50 ssl_loss=0.092578 lr=0.000122855 base_val_bce=0.608005 base_best=Y base_cls_epoch=26 epoch_seconds=12.9 task_elapsed_minutes=1.3 gpu_alloc_gb=0.342 gpu_reserved_gb=1.744
[SSL] repeat=6 scope=external fold=external epoch=9/50 ssl_loss=0.082194 lr=0.000136962 base_val_bce=0.614268 base_best=N base_cls_epoch=25 epoch_seconds=3.1 task_elapsed_minutes=1.3 gpu_alloc_gb=0.342 gpu_reserved_gb=1.744
CHECKPOINT_LATEST repeat=6 scope=external fold=external phase=ssl epoch=10 path=/data/adodas/VarCoNet-V2-main/xiaolunwen/experiment1c/checkpoints/worker_r6_latest.pt
[SSL] repeat=6 scope=external fold=external epoch=10/50 ssl_loss=0.084873 lr=0.000136962 base_val_bce=0.617625 base_best=N base_cls_epoch=26 epoch_seconds=3.5 task_elapsed_minutes=1.4 gpu_alloc_gb=0.342 gpu_reserved_gb=1.744
[SSL] repeat=6 scope=external fold=external epoch=11/50 ssl_loss=0.077410 lr=0.000136751 base_val_bce=0.615918 base_best=N base_cls_epoch=19 epoch_seconds=3.0 task_elapsed_minutes=1.4 gpu_alloc_gb=0.342 gpu_reserved_gb=1.744
[SSL] repeat=6 scope=external fold=external epoch=12/50 ssl_loss=0.061977 lr=0.000136119 base_val_bce=0.615558 base_best=N base_cls_epoch=23 epoch_seconds=2.9 task_elapsed_minutes=1.5 gpu_alloc_gb=0.342 gpu_reserved_gb=1.744
[SSL] repeat=6 scope=external fold=external epoch=13/50 ssl_loss=0.068223 lr=0.000135070 base_val_bce=0.609472 base_best=N base_cls_epoch=21 epoch_seconds=3.0 task_elapsed_minutes=1.5 gpu_alloc_gb=0.342 gpu_reserved_gb=1.744
[SSL] repeat=6 scope=external fold=external epoch=14/50 ssl_loss=0.071951 lr=0.000133610 base_val_bce=0.609669 base_best=N base_cls_epoch=23 epoch_seconds=3.1 task_elapsed_minutes=1.6 gpu_alloc_gb=0.342 gpu_reserved_gb=1.744
[SSL] repeat=6 scope=external fold=external epoch=15/50 ssl_loss=0.065459 lr=0.000131749 base_val_bce=0.623455 base_best=N base_cls_epoch=25 epoch_seconds=3.0 task_elapsed_minutes=1.6 gpu_alloc_gb=0.342 gpu_reserved_gb=1.744
[SSL] repeat=6 scope=external fold=external epoch=16/50 ssl_loss=0.055325 lr=0.000129498 base_val_bce=0.613931 base_best=N base_cls_epoch=22 epoch_seconds=3.0 task_elapsed_minutes=1.7 gpu_alloc_gb=0.342 gpu_reserved_gb=1.744
CHECKPOINT_BEST repeat=6 scope=external fold=external phase=ssl epoch=17 path=/data/adodas/VarCoNet-V2-main/xiaolunwen/experiment1c/checkpoints/worker_r6_best.pt
[SSL] repeat=6 scope=external fold=external epoch=17/50 ssl_loss=0.045293 lr=0.000126870 base_val_bce=0.603240 base_best=Y base_cls_epoch=20 epoch_seconds=3.3 task_elapsed_minutes=1.8 gpu_alloc_gb=0.342 gpu_reserved_gb=1.744
CHECKPOINT_BEST repeat=6 scope=external fold=external phase=ssl epoch=18 path=/data/adodas/VarCoNet-V2-main/xiaolunwen/experiment1c/checkpoints/worker_r6_best.pt
[SSL] repeat=6 scope=external fold=external epoch=18/50 ssl_loss=0.054586 lr=0.000123883 base_val_bce=0.601955 base_best=Y base_cls_epoch=26 epoch_seconds=3.4 task_elapsed_minutes=1.8 gpu_alloc_gb=0.342 gpu_reserved_gb=1.744
[SSL] repeat=6 scope=external fold=external epoch=19/50 ssl_loss=0.059454 lr=0.000120554 base_val_bce=0.620023 base_best=N base_cls_epoch=25 epoch_seconds=3.0 task_elapsed_minutes=1.9 gpu_alloc_gb=0.342 gpu_reserved_gb=1.744
CHECKPOINT_LATEST repeat=6 scope=external fold=external phase=ssl epoch=20 path=/data/adodas/VarCoNet-V2-main/xiaolunwen/experiment1c/checkpoints/worker_r6_latest.pt
[SSL] repeat=6 scope=external fold=external epoch=20/50 ssl_loss=0.051214 lr=0.000116904 base_val_bce=0.608620 base_best=N base_cls_epoch=22 epoch_seconds=3.3 task_elapsed_minutes=1.9 gpu_alloc_gb=0.342 gpu_reserved_gb=1.744
[SSL] repeat=6 scope=external fold=external epoch=21/50 ssl_loss=0.053215 lr=0.000112956 base_val_bce=0.609716 base_best=N base_cls_epoch=25 epoch_seconds=3.0 task_elapsed_minutes=2.0 gpu_alloc_gb=0.342 gpu_reserved_gb=1.744
[SSL] repeat=6 scope=external fold=external epoch=22/50 ssl_loss=0.048152 lr=0.000108733 base_val_bce=0.605705 base_best=N base_cls_epoch=24 epoch_seconds=2.9 task_elapsed_minutes=2.0 gpu_alloc_gb=0.342 gpu_reserved_gb=1.744
[SSL] repeat=6 scope=external fold=external epoch=23/50 ssl_loss=0.051634 lr=0.000104262 base_val_bce=0.609404 base_best=N base_cls_epoch=23 epoch_seconds=3.0 task_elapsed_minutes=2.1 gpu_alloc_gb=0.342 gpu_reserved_gb=1.744
[SSL] repeat=6 scope=external fold=external epoch=24/50 ssl_loss=0.050455 lr=0.000099570 base_val_bce=0.618483 base_best=N base_cls_epoch=25 epoch_seconds=3.0 task_elapsed_minutes=2.1 gpu_alloc_gb=0.342 gpu_reserved_gb=1.744
[SSL] repeat=6 scope=external fold=external epoch=25/50 ssl_loss=0.049987 lr=0.000094687 base_val_bce=0.627618 base_best=N base_cls_epoch=23 epoch_seconds=3.0 task_elapsed_minutes=2.2 gpu_alloc_gb=0.342 gpu_reserved_gb=1.744
[SSL] repeat=6 scope=external fold=external epoch=26/50 ssl_loss=0.043167 lr=0.000089643 base_val_bce=0.613704 base_best=N base_cls_epoch=23 epoch_seconds=3.0 task_elapsed_minutes=2.2 gpu_alloc_gb=0.342 gpu_reserved_gb=1.744
[SSL] repeat=6 scope=external fold=external epoch=27/50 ssl_loss=0.057762 lr=0.000084467 base_val_bce=0.615297 base_best=N base_cls_epoch=47 epoch_seconds=3.0 task_elapsed_minutes=2.3 gpu_alloc_gb=0.342 gpu_reserved_gb=1.744
[SSL] repeat=6 scope=external fold=external epoch=28/50 ssl_loss=0.041007 lr=0.000079194 base_val_bce=0.604404 base_best=N base_cls_epoch=24 epoch_seconds=2.6 task_elapsed_minutes=2.3 gpu_alloc_gb=0.342 gpu_reserved_gb=1.744
[SSL] repeat=6 scope=external fold=external epoch=29/50 ssl_loss=0.050442 lr=0.000073854 base_val_bce=0.607441 base_best=N base_cls_epoch=27 epoch_seconds=2.5 task_elapsed_minutes=2.3 gpu_alloc_gb=0.342 gpu_reserved_gb=1.744
CHECKPOINT_LATEST repeat=6 scope=external fold=external phase=ssl epoch=30 path=/data/adodas/VarCoNet-V2-main/xiaolunwen/experiment1c/checkpoints/worker_r6_latest.pt
[SSL] repeat=6 scope=external fold=external epoch=30/50 ssl_loss=0.047621 lr=0.000068481 base_val_bce=0.604583 base_best=N base_cls_epoch=24 epoch_seconds=3.1 task_elapsed_minutes=2.4 gpu_alloc_gb=0.342 gpu_reserved_gb=1.744
CHECKPOINT_BEST repeat=6 scope=external fold=external phase=ssl epoch=31 path=/data/adodas/VarCoNet-V2-main/xiaolunwen/experiment1c/checkpoints/worker_r6_best.pt
[SSL] repeat=6 scope=external fold=external epoch=31/50 ssl_loss=0.047253 lr=0.000063108 base_val_bce=0.593223 base_best=Y base_cls_epoch=28 epoch_seconds=5.5 task_elapsed_minutes=2.5 gpu_alloc_gb=0.342 gpu_reserved_gb=1.744
[SSL] repeat=6 scope=external fold=external epoch=32/50 ssl_loss=0.036141 lr=0.000057768 base_val_bce=0.611624 base_best=N base_cls_epoch=24 epoch_seconds=8.2 task_elapsed_minutes=2.6 gpu_alloc_gb=0.342 gpu_reserved_gb=1.744
[SSL] repeat=6 scope=external fold=external epoch=33/50 ssl_loss=0.047273 lr=0.000052494 base_val_bce=0.594705 base_best=N base_cls_epoch=23 epoch_seconds=7.7 task_elapsed_minutes=2.8 gpu_alloc_gb=0.342 gpu_reserved_gb=1.744
[SSL] repeat=6 scope=external fold=external epoch=34/50 ssl_loss=0.043041 lr=0.000047319 base_val_bce=0.615492 base_best=N base_cls_epoch=45 epoch_seconds=8.7 task_elapsed_minutes=2.9 gpu_alloc_gb=0.342 gpu_reserved_gb=1.744
[SSL] repeat=6 scope=external fold=external epoch=35/50 ssl_loss=0.045803 lr=0.000042274 base_val_bce=0.605250 base_best=N base_cls_epoch=23 epoch_seconds=8.0 task_elapsed_minutes=3.0 gpu_alloc_gb=0.342 gpu_reserved_gb=1.744
[SSL] repeat=6 scope=external fold=external epoch=36/50 ssl_loss=0.041372 lr=0.000037391 base_val_bce=0.599129 base_best=N base_cls_epoch=42 epoch_seconds=8.4 task_elapsed_minutes=3.2 gpu_alloc_gb=0.342 gpu_reserved_gb=1.744
[SSL] repeat=6 scope=external fold=external epoch=37/50 ssl_loss=0.041143 lr=0.000032700 base_val_bce=0.609758 base_best=N base_cls_epoch=24 epoch_seconds=6.2 task_elapsed_minutes=3.3 gpu_alloc_gb=0.342 gpu_reserved_gb=1.744
[SSL] repeat=6 scope=external fold=external epoch=38/50 ssl_loss=0.045771 lr=0.000028229 base_val_bce=0.602819 base_best=N base_cls_epoch=27 epoch_seconds=3.6 task_elapsed_minutes=3.3 gpu_alloc_gb=0.342 gpu_reserved_gb=1.744
[SSL] repeat=6 scope=external fold=external epoch=39/50 ssl_loss=0.043226 lr=0.000024006 base_val_bce=0.605980 base_best=N base_cls_epoch=26 epoch_seconds=2.2 task_elapsed_minutes=3.4 gpu_alloc_gb=0.342 gpu_reserved_gb=1.744
CHECKPOINT_LATEST repeat=6 scope=external fold=external phase=ssl epoch=40 path=/data/adodas/VarCoNet-V2-main/xiaolunwen/experiment1c/checkpoints/worker_r6_latest.pt
[SSL] repeat=6 scope=external fold=external epoch=40/50 ssl_loss=0.049372 lr=0.000020058 base_val_bce=0.607896 base_best=N base_cls_epoch=27 epoch_seconds=2.7 task_elapsed_minutes=3.4 gpu_alloc_gb=0.342 gpu_reserved_gb=1.744
[SSL] repeat=6 scope=external fold=external epoch=41/50 ssl_loss=0.040635 lr=0.000016408 base_val_bce=0.615620 base_best=N base_cls_epoch=42 epoch_seconds=2.4 task_elapsed_minutes=3.5 gpu_alloc_gb=0.342 gpu_reserved_gb=1.744
[SSL] repeat=6 scope=external fold=external epoch=42/50 ssl_loss=0.041072 lr=0.000013079 base_val_bce=0.599862 base_best=N base_cls_epoch=26 epoch_seconds=2.3 task_elapsed_minutes=3.5 gpu_alloc_gb=0.342 gpu_reserved_gb=1.744
[SSL] repeat=6 scope=external fold=external epoch=43/50 ssl_loss=0.044351 lr=0.000010091 base_val_bce=0.603178 base_best=N base_cls_epoch=27 epoch_seconds=2.2 task_elapsed_minutes=3.5 gpu_alloc_gb=0.342 gpu_reserved_gb=1.744
[SSL] repeat=6 scope=external fold=external epoch=44/50 ssl_loss=0.036331 lr=0.000007464 base_val_bce=0.620596 base_best=N base_cls_epoch=24 epoch_seconds=2.2 task_elapsed_minutes=3.6 gpu_alloc_gb=0.342 gpu_reserved_gb=1.744
[SSL] repeat=6 scope=external fold=external epoch=45/50 ssl_loss=0.045120 lr=0.000005213 base_val_bce=0.603769 base_best=N base_cls_epoch=28 epoch_seconds=2.2 task_elapsed_minutes=3.6 gpu_alloc_gb=0.342 gpu_reserved_gb=1.744
[SSL] repeat=6 scope=external fold=external epoch=46/50 ssl_loss=0.040902 lr=0.000003352 base_val_bce=0.613563 base_best=N base_cls_epoch=41 epoch_seconds=2.1 task_elapsed_minutes=3.7 gpu_alloc_gb=0.342 gpu_reserved_gb=1.744
[SSL] repeat=6 scope=external fold=external epoch=47/50 ssl_loss=0.044614 lr=0.000001892 base_val_bce=0.601850 base_best=N base_cls_epoch=23 epoch_seconds=2.3 task_elapsed_minutes=3.7 gpu_alloc_gb=0.342 gpu_reserved_gb=1.744
[SSL] repeat=6 scope=external fold=external epoch=48/50 ssl_loss=0.038960 lr=0.000000843 base_val_bce=0.598058 base_best=N base_cls_epoch=26 epoch_seconds=2.2 task_elapsed_minutes=3.7 gpu_alloc_gb=0.342 gpu_reserved_gb=1.744
[SSL] repeat=6 scope=external fold=external epoch=49/50 ssl_loss=0.046721 lr=0.000000211 base_val_bce=0.608120 base_best=N base_cls_epoch=46 epoch_seconds=2.3 task_elapsed_minutes=3.8 gpu_alloc_gb=0.342 gpu_reserved_gb=1.744
CHECKPOINT_LATEST repeat=6 scope=external fold=external phase=ssl epoch=50 path=/data/adodas/VarCoNet-V2-main/xiaolunwen/experiment1c/checkpoints/worker_r6_latest.pt
[SSL] repeat=6 scope=external fold=external epoch=50/50 ssl_loss=0.044243 lr=0.000000000 base_val_bce=0.598785 base_best=N base_cls_epoch=47 epoch_seconds=2.8 task_elapsed_minutes=3.8 gpu_alloc_gb=0.342 gpu_reserved_gb=1.744
[CRSM_ZERO_BASELINE] repeat=6 scope=external fold=external epoch=0 exact_zero=Y val_bce=0.593223 probability_max_abs=5.96e-08
CHECKPOINT_LATEST repeat=6 scope=external fold=external phase=crsm_corrected epoch=0 path=/data/adodas/VarCoNet-V2-main/xiaolunwen/experiment1c/checkpoints/worker_r6_latest.pt
CHECKPOINT_BEST repeat=6 scope=external fold=external phase=crsm_corrected epoch=0 path=/data/adodas/VarCoNet-V2-main/xiaolunwen/experiment1c/checkpoints/worker_r6_best.pt
CHECKPOINT_BEST repeat=6 scope=external fold=external phase=crsm_corrected epoch=0 path=/data/adodas/VarCoNet-V2-main/xiaolunwen/experiment1c/checkpoints/worker_r6_best.pt
CHECKPOINT_LATEST repeat=6 scope=external fold=external phase=crsm_corrected epoch=0 path=/data/adodas/VarCoNet-V2-main/xiaolunwen/experiment1c/checkpoints/worker_r6_latest.pt
[CRSM_SYMMETRY_START] repeat=6 scope=external fold=external after_exact_zero=Y pca_unit_norm=1.00000000 pca_singular=145.202927 symmetry_scale=0.00186813308
CHECKPOINT_LATEST repeat=6 scope=external fold=external phase=crsm_corrected epoch=10 path=/data/adodas/VarCoNet-V2-main/xiaolunwen/experiment1c/checkpoints/worker_r6_latest.pt
[CRSM_CORRECTED] repeat=6 scope=external fold=external epoch=10/149 train_loss=0.299375 val_bce=0.600188 best=N best_epoch=0 asd_mass=(0.5048,0.4952) hc_mass=(0.5000,0.5000) delta_l2=(0.131846,0.131109) epoch_seconds=0.41
CHECKPOINT_LATEST repeat=6 scope=external fold=external phase=crsm_corrected epoch=20 path=/data/adodas/VarCoNet-V2-main/xiaolunwen/experiment1c/checkpoints/worker_r6_latest.pt
[CRSM_CORRECTED] repeat=6 scope=external fold=external epoch=20/149 train_loss=0.265119 val_bce=0.615851 best=N best_epoch=0 asd_mass=(0.5071,0.4929) hc_mass=(0.5000,0.5000) delta_l2=(0.253190,0.252422) epoch_seconds=0.44
CHECKPOINT_LATEST repeat=6 scope=external fold=external phase=crsm_corrected epoch=30 path=/data/adodas/VarCoNet-V2-main/xiaolunwen/experiment1c/checkpoints/worker_r6_latest.pt
[CRSM_CORRECTED] repeat=6 scope=external fold=external epoch=30/149 train_loss=0.240160 val_bce=0.633177 best=N best_epoch=0 asd_mass=(0.5109,0.4891) hc_mass=(0.5000,0.5000) delta_l2=(0.363365,0.362452) epoch_seconds=0.40
CHECKPOINT_LATEST repeat=6 scope=external fold=external phase=crsm_corrected epoch=40 path=/data/adodas/VarCoNet-V2-main/xiaolunwen/experiment1c/checkpoints/worker_r6_latest.pt
[CRSM_CORRECTED] repeat=6 scope=external fold=external epoch=40/149 train_loss=0.221752 val_bce=0.649629 best=N best_epoch=0 asd_mass=(0.5166,0.4834) hc_mass=(0.5000,0.5000) delta_l2=(0.462754,0.461412) epoch_seconds=0.45
CHECKPOINT_LATEST repeat=6 scope=external fold=external phase=crsm_corrected epoch=50 path=/data/adodas/VarCoNet-V2-main/xiaolunwen/experiment1c/checkpoints/worker_r6_latest.pt
[CRSM_CORRECTED] repeat=6 scope=external fold=external epoch=50/149 train_loss=0.207933 val_bce=0.665651 best=N best_epoch=0 asd_mass=(0.5238,0.4762) hc_mass=(0.5000,0.5000) delta_l2=(0.552581,0.550344) epoch_seconds=0.25
CHECKPOINT_LATEST repeat=6 scope=external fold=external phase=crsm_corrected epoch=60 path=/data/adodas/VarCoNet-V2-main/xiaolunwen/experiment1c/checkpoints/worker_r6_latest.pt
[CRSM_CORRECTED] repeat=6 scope=external fold=external epoch=60/149 train_loss=0.197329 val_bce=0.681359 best=N best_epoch=0 asd_mass=(0.5310,0.4690) hc_mass=(0.4999,0.5001) delta_l2=(0.634074,0.630541) epoch_seconds=0.42
CHECKPOINT_LATEST repeat=6 scope=external fold=external phase=crsm_corrected epoch=70 path=/data/adodas/VarCoNet-V2-main/xiaolunwen/experiment1c/checkpoints/worker_r6_latest.pt
[CRSM_CORRECTED] repeat=6 scope=external fold=external epoch=70/149 train_loss=0.188999 val_bce=0.697144 best=N best_epoch=0 asd_mass=(0.5360,0.4640) hc_mass=(0.4999,0.5001) delta_l2=(0.708221,0.703429) epoch_seconds=0.44
CHECKPOINT_LATEST repeat=6 scope=external fold=external phase=crsm_corrected epoch=80 path=/data/adodas/VarCoNet-V2-main/xiaolunwen/experiment1c/checkpoints/worker_r6_latest.pt
[CRSM_CORRECTED] repeat=6 scope=external fold=external epoch=80/149 train_loss=0.182329 val_bce=0.713109 best=N best_epoch=0 asd_mass=(0.5380,0.4620) hc_mass=(0.4999,0.5001) delta_l2=(0.775772,0.770418) epoch_seconds=0.39
CHECKPOINT_LATEST repeat=6 scope=external fold=external phase=crsm_corrected epoch=90 path=/data/adodas/VarCoNet-V2-main/xiaolunwen/experiment1c/checkpoints/worker_r6_latest.pt
[CRSM_CORRECTED] repeat=6 scope=external fold=external epoch=90/149 train_loss=0.176921 val_bce=0.729012 best=N best_epoch=0 asd_mass=(0.5374,0.4626) hc_mass=(0.4999,0.5001) delta_l2=(0.837321,0.832660) epoch_seconds=5.14
CHECKPOINT_LATEST repeat=6 scope=external fold=external phase=crsm_corrected epoch=100 path=/data/adodas/VarCoNet-V2-main/xiaolunwen/experiment1c/checkpoints/worker_r6_latest.pt
[CRSM_CORRECTED] repeat=6 scope=external fold=external epoch=100/149 train_loss=0.172511 val_bce=0.744722 best=N best_epoch=0 asd_mass=(0.5351,0.4649) hc_mass=(0.4999,0.5001) delta_l2=(0.893397,0.890918) epoch_seconds=4.53
CHECKPOINT_LATEST repeat=6 scope=external fold=external phase=crsm_corrected epoch=110 path=/data/adodas/VarCoNet-V2-main/xiaolunwen/experiment1c/checkpoints/worker_r6_latest.pt
[CRSM_CORRECTED] repeat=6 scope=external fold=external epoch=110/149 train_loss=0.168904 val_bce=0.760085 best=N best_epoch=0 asd_mass=(0.5320,0.4680) hc_mass=(0.4999,0.5001) delta_l2=(0.944521,0.945616) epoch_seconds=0.43
CHECKPOINT_LATEST repeat=6 scope=external fold=external phase=crsm_corrected epoch=120 path=/data/adodas/VarCoNet-V2-main/xiaolunwen/experiment1c/checkpoints/worker_r6_latest.pt
[CRSM_CORRECTED] repeat=6 scope=external fold=external epoch=120/149 train_loss=0.165943 val_bce=0.775017 best=N best_epoch=0 asd_mass=(0.5286,0.4714) hc_mass=(0.4999,0.5001) delta_l2=(0.991218,0.996987) epoch_seconds=0.26
CHECKPOINT_LATEST repeat=6 scope=external fold=external phase=crsm_corrected epoch=130 path=/data/adodas/VarCoNet-V2-main/xiaolunwen/experiment1c/checkpoints/worker_r6_latest.pt
[CRSM_CORRECTED] repeat=6 scope=external fold=external epoch=130/149 train_loss=0.163502 val_bce=0.789480 best=N best_epoch=0 asd_mass=(0.5251,0.4749) hc_mass=(0.5000,0.5000) delta_l2=(1.034004,1.045194) epoch_seconds=0.43
CHECKPOINT_LATEST repeat=6 scope=external fold=external phase=crsm_corrected epoch=140 path=/data/adodas/VarCoNet-V2-main/xiaolunwen/experiment1c/checkpoints/worker_r6_latest.pt
[CRSM_CORRECTED] repeat=6 scope=external fold=external epoch=140/149 train_loss=0.161478 val_bce=0.803434 best=N best_epoch=0 asd_mass=(0.5219,0.4781) hc_mass=(0.5000,0.5000) delta_l2=(1.073365,1.090400) epoch_seconds=0.25
CHECKPOINT_LATEST repeat=6 scope=external fold=external phase=crsm_corrected epoch=149 path=/data/adodas/VarCoNet-V2-main/xiaolunwen/experiment1c/checkpoints/worker_r6_latest.pt
[CRSM_CORRECTED] repeat=6 scope=external fold=external epoch=149/149 train_loss=0.159943 val_bce=0.815537 best=N best_epoch=0 asd_mass=(0.5191,0.4809) hc_mass=(0.5000,0.5000) delta_l2=(1.106225,1.128667) epoch_seconds=0.45
[SNDE_NORMATIVE] repeat=6 scope=external fold=external n_unique_asd=420 n_unique_hc=373 roi_dim=384 std_floor=0.0012997068 pc1_explained_fraction=0.197853 hc_score_mean_before_norm=1.63633e-07 hc_score_std_before_norm=7.53137 asd_positive_fraction=0.0000 asd_negative_fraction=0.1310 asd_generalist_fraction=0.8690 hc_positive_fraction=0.0054 hc_negative_fraction=0.0912 hc_generalist_fraction=0.9035
[SNDE_ZERO_BASELINE] repeat=6 scope=external fold=external epoch=0 exact_zero=Y val_bce=0.593223 probability_max_abs=5.96e-08
CHECKPOINT_BEST repeat=6 scope=external fold=external phase=snde epoch=0 path=/data/adodas/VarCoNet-V2-main/xiaolunwen/experiment1c/checkpoints/worker_r6_best.pt
CHECKPOINT_LATEST repeat=6 scope=external fold=external phase=snde epoch=0 path=/data/adodas/VarCoNet-V2-main/xiaolunwen/experiment1c/checkpoints/worker_r6_latest.pt
CHECKPOINT_BEST repeat=6 scope=external fold=external phase=snde epoch=2 path=/data/adodas/VarCoNet-V2-main/xiaolunwen/experiment1c/checkpoints/worker_r6_best.pt
CHECKPOINT_LATEST repeat=6 scope=external fold=external phase=snde epoch=2 path=/data/adodas/VarCoNet-V2-main/xiaolunwen/experiment1c/checkpoints/worker_r6_latest.pt
[SNDE] repeat=6 scope=external fold=external epoch=2/149 train_bce=0.342009 val_bce=0.582942 best=Y best_epoch=2 asd_gate=(+0.000,-0.131,g0.869) hc_gate=(+0.005,-0.091,g0.903) pos_weight_l2=0.038996 neg_weight_l2=0.026000 mean_abs_pos_correction=0.000183 mean_abs_neg_correction=0.033704 elapsed_seconds=1.29
CHECKPOINT_BEST repeat=6 scope=external fold=external phase=snde epoch=3 path=/data/adodas/VarCoNet-V2-main/xiaolunwen/experiment1c/checkpoints/worker_r6_best.pt
CHECKPOINT_LATEST repeat=6 scope=external fold=external phase=snde epoch=3 path=/data/adodas/VarCoNet-V2-main/xiaolunwen/experiment1c/checkpoints/worker_r6_latest.pt
[SNDE] repeat=6 scope=external fold=external epoch=3/149 train_bce=0.337436 val_bce=0.573874 best=Y best_epoch=3 asd_gate=(+0.000,-0.131,g0.869) hc_gate=(+0.005,-0.091,g0.903) pos_weight_l2=0.058227 neg_weight_l2=0.034346 mean_abs_pos_correction=0.000274 mean_abs_neg_correction=0.064900 elapsed_seconds=5.30
CHECKPOINT_LATEST repeat=6 scope=external fold=external phase=snde epoch=10 path=/data/adodas/VarCoNet-V2-main/xiaolunwen/experiment1c/checkpoints/worker_r6_latest.pt
[SNDE] repeat=6 scope=external fold=external epoch=10/149 train_bce=0.332952 val_bce=0.636108 best=N best_epoch=3 asd_gate=(+0.000,-0.131,g0.869) hc_gate=(+0.005,-0.091,g0.903) pos_weight_l2=0.187858 neg_weight_l2=0.080242 mean_abs_pos_correction=0.000874 mean_abs_neg_correction=0.100073 elapsed_seconds=1.37
CHECKPOINT_LATEST repeat=6 scope=external fold=external phase=snde epoch=20 path=/data/adodas/VarCoNet-V2-main/xiaolunwen/experiment1c/checkpoints/worker_r6_latest.pt
[SNDE] repeat=6 scope=external fold=external epoch=20/149 train_bce=0.328791 val_bce=0.584592 best=N best_epoch=3 asd_gate=(+0.000,-0.131,g0.869) hc_gate=(+0.005,-0.091,g0.903) pos_weight_l2=0.358982 neg_weight_l2=0.129920 mean_abs_pos_correction=0.001620 mean_abs_neg_correction=0.155817 elapsed_seconds=1.34
CHECKPOINT_LATEST repeat=6 scope=external fold=external phase=snde epoch=30 path=/data/adodas/VarCoNet-V2-main/xiaolunwen/experiment1c/checkpoints/worker_r6_latest.pt
[SNDE] repeat=6 scope=external fold=external epoch=30/149 train_bce=0.326422 val_bce=0.636708 best=N best_epoch=3 asd_gate=(+0.000,-0.131,g0.869) hc_gate=(+0.005,-0.091,g0.903) pos_weight_l2=0.513989 neg_weight_l2=0.171025 mean_abs_pos_correction=0.002228 mean_abs_neg_correction=0.175300 elapsed_seconds=0.68
CHECKPOINT_LATEST repeat=6 scope=external fold=external phase=snde epoch=40 path=/data/adodas/VarCoNet-V2-main/xiaolunwen/experiment1c/checkpoints/worker_r6_latest.pt
[SNDE] repeat=6 scope=external fold=external epoch=40/149 train_bce=0.324810 val_bce=0.629326 best=N best_epoch=3 asd_gate=(+0.000,-0.131,g0.869) hc_gate=(+0.005,-0.091,g0.903) pos_weight_l2=0.656568 neg_weight_l2=0.206720 mean_abs_pos_correction=0.002724 mean_abs_neg_correction=0.198066 elapsed_seconds=0.45
CHECKPOINT_LATEST repeat=6 scope=external fold=external phase=snde epoch=50 path=/data/adodas/VarCoNet-V2-main/xiaolunwen/experiment1c/checkpoints/worker_r6_latest.pt
[SNDE] repeat=6 scope=external fold=external epoch=50/149 train_bce=0.323635 val_bce=0.640865 best=N best_epoch=3 asd_gate=(+0.000,-0.131,g0.869) hc_gate=(+0.005,-0.091,g0.903) pos_weight_l2=0.789666 neg_weight_l2=0.238780 mean_abs_pos_correction=0.003141 mean_abs_neg_correction=0.212668 elapsed_seconds=0.57
CHECKPOINT_LATEST repeat=6 scope=external fold=external phase=snde epoch=60 path=/data/adodas/VarCoNet-V2-main/xiaolunwen/experiment1c/checkpoints/worker_r6_latest.pt
[SNDE] repeat=6 scope=external fold=external epoch=60/149 train_bce=0.322723 val_bce=0.663218 best=N best_epoch=3 asd_gate=(+0.000,-0.131,g0.869) hc_gate=(+0.005,-0.091,g0.903) pos_weight_l2=0.914806 neg_weight_l2=0.268141 mean_abs_pos_correction=0.003503 mean_abs_neg_correction=0.225260 elapsed_seconds=0.39
CHECKPOINT_LATEST repeat=6 scope=external fold=external phase=snde epoch=70 path=/data/adodas/VarCoNet-V2-main/xiaolunwen/experiment1c/checkpoints/worker_r6_latest.pt
[SNDE] repeat=6 scope=external fold=external epoch=70/149 train_bce=0.321984 val_bce=0.669503 best=N best_epoch=3 asd_gate=(+0.000,-0.131,g0.869) hc_gate=(+0.005,-0.091,g0.903) pos_weight_l2=1.032796 neg_weight_l2=0.295714 mean_abs_pos_correction=0.003827 mean_abs_neg_correction=0.236700 elapsed_seconds=0.59
CHECKPOINT_LATEST repeat=6 scope=external fold=external phase=snde epoch=80 path=/data/adodas/VarCoNet-V2-main/xiaolunwen/experiment1c/checkpoints/worker_r6_latest.pt
[SNDE] repeat=6 scope=external fold=external epoch=80/149 train_bce=0.321366 val_bce=0.683736 best=N best_epoch=3 asd_gate=(+0.000,-0.131,g0.869) hc_gate=(+0.005,-0.091,g0.903) pos_weight_l2=1.144210 neg_weight_l2=0.321828 mean_abs_pos_correction=0.004123 mean_abs_neg_correction=0.247894 elapsed_seconds=0.63
CHECKPOINT_LATEST repeat=6 scope=external fold=external phase=snde epoch=90 path=/data/adodas/VarCoNet-V2-main/xiaolunwen/experiment1c/checkpoints/worker_r6_latest.pt
[SNDE] repeat=6 scope=external fold=external epoch=90/149 train_bce=0.320833 val_bce=0.697230 best=N best_epoch=3 asd_gate=(+0.000,-0.131,g0.869) hc_gate=(+0.005,-0.091,g0.903) pos_weight_l2=1.249558 neg_weight_l2=0.346867 mean_abs_pos_correction=0.004397 mean_abs_neg_correction=0.259378 elapsed_seconds=0.75
CHECKPOINT_LATEST repeat=6 scope=external fold=external phase=snde epoch=100 path=/data/adodas/VarCoNet-V2-main/xiaolunwen/experiment1c/checkpoints/worker_r6_latest.pt
[SNDE] repeat=6 scope=external fold=external epoch=100/149 train_bce=0.320366 val_bce=0.707464 best=N best_epoch=3 asd_gate=(+0.000,-0.131,g0.869) hc_gate=(+0.005,-0.091,g0.903) pos_weight_l2=1.349331 neg_weight_l2=0.371043 mean_abs_pos_correction=0.004654 mean_abs_neg_correction=0.270253 elapsed_seconds=0.75
CHECKPOINT_LATEST repeat=6 scope=external fold=external phase=snde epoch=110 path=/data/adodas/VarCoNet-V2-main/xiaolunwen/experiment1c/checkpoints/worker_r6_latest.pt
[SNDE] repeat=6 scope=external fold=external epoch=110/149 train_bce=0.319950 val_bce=0.719079 best=N best_epoch=3 asd_gate=(+0.000,-0.131,g0.869) hc_gate=(+0.005,-0.091,g0.903) pos_weight_l2=1.443995 neg_weight_l2=0.394452 mean_abs_pos_correction=0.004895 mean_abs_neg_correction=0.280427 elapsed_seconds=0.85
CHECKPOINT_LATEST repeat=6 scope=external fold=external phase=snde epoch=120 path=/data/adodas/VarCoNet-V2-main/xiaolunwen/experiment1c/checkpoints/worker_r6_latest.pt
[SNDE] repeat=6 scope=external fold=external epoch=120/149 train_bce=0.319575 val_bce=0.729799 best=N best_epoch=3 asd_gate=(+0.000,-0.131,g0.869) hc_gate=(+0.005,-0.091,g0.903) pos_weight_l2=1.533985 neg_weight_l2=0.417218 mean_abs_pos_correction=0.005122 mean_abs_neg_correction=0.290153 elapsed_seconds=0.87
CHECKPOINT_LATEST repeat=6 scope=external fold=external phase=snde epoch=130 path=/data/adodas/VarCoNet-V2-main/xiaolunwen/experiment1c/checkpoints/worker_r6_latest.pt
[SNDE] repeat=6 scope=external fold=external epoch=130/149 train_bce=0.319234 val_bce=0.739478 best=N best_epoch=3 asd_gate=(+0.000,-0.131,g0.869) hc_gate=(+0.005,-0.091,g0.903) pos_weight_l2=1.619697 neg_weight_l2=0.439434 mean_abs_pos_correction=0.005338 mean_abs_neg_correction=0.299419 elapsed_seconds=0.60
CHECKPOINT_LATEST repeat=6 scope=external fold=external phase=snde epoch=140 path=/data/adodas/VarCoNet-V2-main/xiaolunwen/experiment1c/checkpoints/worker_r6_latest.pt
[SNDE] repeat=6 scope=external fold=external epoch=140/149 train_bce=0.318919 val_bce=0.749098 best=N best_epoch=3 asd_gate=(+0.000,-0.131,g0.869) hc_gate=(+0.005,-0.091,g0.903) pos_weight_l2=1.701492 neg_weight_l2=0.461170 mean_abs_pos_correction=0.005543 mean_abs_neg_correction=0.308396 elapsed_seconds=0.40
CHECKPOINT_LATEST repeat=6 scope=external fold=external phase=snde epoch=149 path=/data/adodas/VarCoNet-V2-main/xiaolunwen/experiment1c/checkpoints/worker_r6_latest.pt
[SNDE] repeat=6 scope=external fold=external epoch=149/149 train_bce=0.318656 val_bce=0.757567 best=N best_epoch=3 asd_gate=(+0.000,-0.131,g0.869) hc_gate=(+0.005,-0.091,g0.903) pos_weight_l2=1.772025 neg_weight_l2=0.480375 mean_abs_pos_correction=0.005719 mean_abs_neg_correction=0.316280 elapsed_seconds=0.84
TASK_TRAINING_DONE repeat=6 scope=external fold=external base_encoder_epoch=31 base_classifier_epoch=28 base_val_bce=0.593223 crsm_epoch=0 crsm_val_bce=0.593223 snde_epoch=3 snde_val_bce=0.573874 elapsed_minutes=4.6
TASK_DONE repeat=6 scope=caltech fold=external method=baseline selected_encoder_epoch=31 test_auc=0.687135 test_bce=0.636181 elapsed_minutes=4.6
TASK_DONE repeat=6 scope=caltech fold=external method=crsm_corrected selected_encoder_epoch=31 test_auc=0.687135 test_bce=0.636181 elapsed_minutes=4.6
TASK_DONE repeat=6 scope=caltech fold=external method=selective_normative_deviation_experts selected_encoder_epoch=31 test_auc=0.748538 test_bce=0.591600 elapsed_minutes=4.6
TASK_DONE repeat=6 scope=abide2 fold=external method=baseline selected_encoder_epoch=31 test_auc=0.733231 test_bce=0.609038 elapsed_minutes=4.6
TASK_DONE repeat=6 scope=abide2 fold=external method=crsm_corrected selected_encoder_epoch=31 test_auc=0.733231 test_bce=0.609038 elapsed_minutes=4.6
TASK_DONE repeat=6 scope=abide2 fold=external method=selective_normative_deviation_experts selected_encoder_epoch=31 test_auc=0.727488 test_bce=0.611210 elapsed_minutes=4.6
REPEAT_DONE repeat=6 status=PASS rows=39
