WORKER_LAUNCH_UTC=2026-09-14T14:50:22Z repeat=1 physical_gpu=1 cpu_threads=6 full_precision=Y
Traceback (most recent call last):
  File "/data/adodas/VarCoNet-V2-main/xiaolunwen/experiment1c/run_experiment1c.py", line 2062, in <module>
    main()
  File "/data/adodas/VarCoNet-V2-main/xiaolunwen/experiment1c/run_experiment1c.py", line 2056, in main
    worker_main(args.repeat, args.device)
  File "/data/adodas/VarCoNet-V2-main/xiaolunwen/experiment1c/run_experiment1c.py", line 2023, in worker_main
    torch.cuda.reset_peak_memory_stats(device)
  File "/usr/local/lib/python3.12/site-packages/torch/cuda/memory.py", line 376, in reset_peak_memory_stats
    return torch._C._cuda_resetPeakMemoryStats(device)
           ^^^^^^^^^^^^^^^^^^^^^^^^^^^^^^^^^^^^^^^^^^^
RuntimeError: Invalid device argument 
WORKER_LAUNCH_UTC=2026-09-14T14:51:36Z repeat=1 physical_gpu=1 cpu_threads=6 full_precision=Y
REPEAT_START repeat=1 device=cuda:0 tasks=11 methods=3
TASK_START repeat=1 scope=internal_cv fold=0 seed=100100 device=cuda:0 methods=baseline,crsm_corrected,selective_normative_deviation_experts shared_encoder=Y reference_unique_n=674 train_n=750 val_n=119
/usr/local/lib/python3.12/site-packages/torch/autograd/graph.py:841: UserWarning: Memory Efficient attention defaults to a non-deterministic algorithm. To explicitly enable determinism call torch.use_deterministic_algorithms(True, warn_only=False). (Triggered internally at /job_4065109/source/pytorch/aten/src/ATen/native/transformers/cuda/ppu/xformers/xformers/csrc/attention/cuda/fmha/attention_backward_generic.cu:487.)
  return Variable._execution_engine.run_backward(  # Calls into the C++ engine to run the backward pass
/usr/local/lib/python3.12/site-packages/torch/nn/modules/transformer.py:515: UserWarning: The PyTorch API of nested tensors is in prototype stage and will change in the near future. We recommend specifying layout=torch.jagged when constructing a nested tensor, as this layout receives active development, has better operator coverage, and works with torch.compile. (Triggered internally at ../aten/src/ATen/NestedTensorImpl.cpp:178.)
  output = torch._nested_tensor_from_mask(
CHECKPOINT_BEST repeat=1 scope=internal_cv fold=0 phase=ssl epoch=1 path=/data/adodas/VarCoNet-V2-main/xiaolunwen/experiment1c/checkpoints/worker_r1_best.pt
[SSL] repeat=1 scope=internal_cv fold=0 epoch=1/50 ssl_loss=0.117930 lr=0.000024107 base_val_bce=0.663970 base_best=Y base_cls_epoch=11 epoch_seconds=9.2 task_elapsed_minutes=0.2 gpu_alloc_gb=0.318 gpu_reserved_gb=1.939
CHECKPOINT_BEST repeat=1 scope=internal_cv fold=0 phase=ssl epoch=2 path=/data/adodas/VarCoNet-V2-main/xiaolunwen/experiment1c/checkpoints/worker_r1_best.pt
[SSL] repeat=1 scope=internal_cv fold=0 epoch=2/50 ssl_loss=0.102808 lr=0.000038214 base_val_bce=0.657322 base_best=Y base_cls_epoch=7 epoch_seconds=4.1 task_elapsed_minutes=0.3 gpu_alloc_gb=0.318 gpu_reserved_gb=1.793
[SSL] repeat=1 scope=internal_cv fold=0 epoch=3/50 ssl_loss=0.121993 lr=0.000052321 base_val_bce=0.669677 base_best=N base_cls_epoch=11 epoch_seconds=3.9 task_elapsed_minutes=0.3 gpu_alloc_gb=0.318 gpu_reserved_gb=1.793
[SSL] repeat=1 scope=internal_cv fold=0 epoch=4/50 ssl_loss=0.100996 lr=0.000066427 base_val_bce=0.663814 base_best=N base_cls_epoch=9 epoch_seconds=4.0 task_elapsed_minutes=0.4 gpu_alloc_gb=0.318 gpu_reserved_gb=1.793
[SSL] repeat=1 scope=internal_cv fold=0 epoch=5/50 ssl_loss=0.102339 lr=0.000080534 base_val_bce=0.668626 base_best=N base_cls_epoch=8 epoch_seconds=3.8 task_elapsed_minutes=0.5 gpu_alloc_gb=0.318 gpu_reserved_gb=1.793
[SSL] repeat=1 scope=internal_cv fold=0 epoch=6/50 ssl_loss=0.080853 lr=0.000094641 base_val_bce=0.676074 base_best=N base_cls_epoch=11 epoch_seconds=3.8 task_elapsed_minutes=0.5 gpu_alloc_gb=0.318 gpu_reserved_gb=1.793
[SSL] repeat=1 scope=internal_cv fold=0 epoch=7/50 ssl_loss=0.078160 lr=0.000108748 base_val_bce=0.671873 base_best=N base_cls_epoch=14 epoch_seconds=3.8 task_elapsed_minutes=0.6 gpu_alloc_gb=0.318 gpu_reserved_gb=1.793
[SSL] repeat=1 scope=internal_cv fold=0 epoch=8/50 ssl_loss=0.074445 lr=0.000122855 base_val_bce=0.664076 base_best=N base_cls_epoch=12 epoch_seconds=4.0 task_elapsed_minutes=0.6 gpu_alloc_gb=0.318 gpu_reserved_gb=1.793
[SSL] repeat=1 scope=internal_cv fold=0 epoch=9/50 ssl_loss=0.057101 lr=0.000136962 base_val_bce=0.664773 base_best=N base_cls_epoch=13 epoch_seconds=3.8 task_elapsed_minutes=0.7 gpu_alloc_gb=0.318 gpu_reserved_gb=1.793
CHECKPOINT_LATEST repeat=1 scope=internal_cv fold=0 phase=ssl epoch=10 path=/data/adodas/VarCoNet-V2-main/xiaolunwen/experiment1c/checkpoints/worker_r1_latest.pt
[SSL] repeat=1 scope=internal_cv fold=0 epoch=10/50 ssl_loss=0.076448 lr=0.000136962 base_val_bce=0.663064 base_best=N base_cls_epoch=12 epoch_seconds=4.0 task_elapsed_minutes=0.8 gpu_alloc_gb=0.318 gpu_reserved_gb=1.793
[SSL] repeat=1 scope=internal_cv fold=0 epoch=11/50 ssl_loss=0.050867 lr=0.000136751 base_val_bce=0.660720 base_best=N base_cls_epoch=18 epoch_seconds=3.9 task_elapsed_minutes=0.8 gpu_alloc_gb=0.318 gpu_reserved_gb=1.793
CHECKPOINT_BEST repeat=1 scope=internal_cv fold=0 phase=ssl epoch=12 path=/data/adodas/VarCoNet-V2-main/xiaolunwen/experiment1c/checkpoints/worker_r1_best.pt
[SSL] repeat=1 scope=internal_cv fold=0 epoch=12/50 ssl_loss=0.051707 lr=0.000136119 base_val_bce=0.653611 base_best=Y base_cls_epoch=13 epoch_seconds=4.4 task_elapsed_minutes=0.9 gpu_alloc_gb=0.318 gpu_reserved_gb=1.793
[SSL] repeat=1 scope=internal_cv fold=0 epoch=13/50 ssl_loss=0.059520 lr=0.000135070 base_val_bce=0.662156 base_best=N base_cls_epoch=20 epoch_seconds=3.8 task_elapsed_minutes=1.0 gpu_alloc_gb=0.318 gpu_reserved_gb=1.793
[SSL] repeat=1 scope=internal_cv fold=0 epoch=14/50 ssl_loss=0.050479 lr=0.000133610 base_val_bce=0.657273 base_best=N base_cls_epoch=20 epoch_seconds=3.8 task_elapsed_minutes=1.0 gpu_alloc_gb=0.318 gpu_reserved_gb=1.793
[SSL] repeat=1 scope=internal_cv fold=0 epoch=15/50 ssl_loss=0.040579 lr=0.000131749 base_val_bce=0.659902 base_best=N base_cls_epoch=21 epoch_seconds=3.9 task_elapsed_minutes=1.1 gpu_alloc_gb=0.318 gpu_reserved_gb=1.793
[SSL] repeat=1 scope=internal_cv fold=0 epoch=16/50 ssl_loss=0.044953 lr=0.000129498 base_val_bce=0.672221 base_best=N base_cls_epoch=23 epoch_seconds=3.6 task_elapsed_minutes=1.2 gpu_alloc_gb=0.318 gpu_reserved_gb=1.793
[SSL] repeat=1 scope=internal_cv fold=0 epoch=17/50 ssl_loss=0.054907 lr=0.000126870 base_val_bce=0.661855 base_best=N base_cls_epoch=19 epoch_seconds=3.8 task_elapsed_minutes=1.2 gpu_alloc_gb=0.318 gpu_reserved_gb=1.793
[SSL] repeat=1 scope=internal_cv fold=0 epoch=18/50 ssl_loss=0.047838 lr=0.000123883 base_val_bce=0.658576 base_best=N base_cls_epoch=19 epoch_seconds=3.7 task_elapsed_minutes=1.3 gpu_alloc_gb=0.318 gpu_reserved_gb=1.793
[SSL] repeat=1 scope=internal_cv fold=0 epoch=19/50 ssl_loss=0.045552 lr=0.000120554 base_val_bce=0.654015 base_best=N base_cls_epoch=27 epoch_seconds=3.6 task_elapsed_minutes=1.3 gpu_alloc_gb=0.318 gpu_reserved_gb=1.793
CHECKPOINT_LATEST repeat=1 scope=internal_cv fold=0 phase=ssl epoch=20 path=/data/adodas/VarCoNet-V2-main/xiaolunwen/experiment1c/checkpoints/worker_r1_latest.pt
[SSL] repeat=1 scope=internal_cv fold=0 epoch=20/50 ssl_loss=0.052218 lr=0.000116904 base_val_bce=0.662432 base_best=N base_cls_epoch=19 epoch_seconds=4.0 task_elapsed_minutes=1.4 gpu_alloc_gb=0.318 gpu_reserved_gb=1.793
[SSL] repeat=1 scope=internal_cv fold=0 epoch=21/50 ssl_loss=0.037063 lr=0.000112956 base_val_bce=0.663615 base_best=N base_cls_epoch=20 epoch_seconds=3.7 task_elapsed_minutes=1.5 gpu_alloc_gb=0.318 gpu_reserved_gb=1.793
[SSL] repeat=1 scope=internal_cv fold=0 epoch=22/50 ssl_loss=0.041933 lr=0.000108733 base_val_bce=0.664470 base_best=N base_cls_epoch=18 epoch_seconds=3.1 task_elapsed_minutes=1.5 gpu_alloc_gb=0.318 gpu_reserved_gb=1.793
[SSL] repeat=1 scope=internal_cv fold=0 epoch=23/50 ssl_loss=0.044316 lr=0.000104262 base_val_bce=0.656737 base_best=N base_cls_epoch=23 epoch_seconds=4.8 task_elapsed_minutes=1.7 gpu_alloc_gb=0.318 gpu_reserved_gb=1.793
[SSL] repeat=1 scope=internal_cv fold=0 epoch=24/50 ssl_loss=0.035815 lr=0.000099570 base_val_bce=0.661331 base_best=N base_cls_epoch=19 epoch_seconds=3.8 task_elapsed_minutes=1.7 gpu_alloc_gb=0.318 gpu_reserved_gb=1.793
[SSL] repeat=1 scope=internal_cv fold=0 epoch=25/50 ssl_loss=0.044905 lr=0.000094687 base_val_bce=0.659577 base_best=N base_cls_epoch=24 epoch_seconds=3.9 task_elapsed_minutes=1.8 gpu_alloc_gb=0.318 gpu_reserved_gb=1.793
[SSL] repeat=1 scope=internal_cv fold=0 epoch=26/50 ssl_loss=0.032549 lr=0.000089643 base_val_bce=0.662969 base_best=N base_cls_epoch=18 epoch_seconds=3.7 task_elapsed_minutes=1.8 gpu_alloc_gb=0.318 gpu_reserved_gb=1.793
[SSL] repeat=1 scope=internal_cv fold=0 epoch=27/50 ssl_loss=0.032808 lr=0.000084467 base_val_bce=0.668360 base_best=N base_cls_epoch=27 epoch_seconds=3.8 task_elapsed_minutes=1.9 gpu_alloc_gb=0.318 gpu_reserved_gb=1.793
[SSL] repeat=1 scope=internal_cv fold=0 epoch=28/50 ssl_loss=0.031619 lr=0.000079194 base_val_bce=0.654916 base_best=N base_cls_epoch=18 epoch_seconds=3.9 task_elapsed_minutes=2.0 gpu_alloc_gb=0.318 gpu_reserved_gb=1.793
[SSL] repeat=1 scope=internal_cv fold=0 epoch=29/50 ssl_loss=0.045781 lr=0.000073854 base_val_bce=0.663072 base_best=N base_cls_epoch=18 epoch_seconds=3.6 task_elapsed_minutes=2.0 gpu_alloc_gb=0.318 gpu_reserved_gb=1.793
CHECKPOINT_BEST repeat=1 scope=internal_cv fold=0 phase=ssl epoch=30 path=/data/adodas/VarCoNet-V2-main/xiaolunwen/experiment1c/checkpoints/worker_r1_best.pt
CHECKPOINT_LATEST repeat=1 scope=internal_cv fold=0 phase=ssl epoch=30 path=/data/adodas/VarCoNet-V2-main/xiaolunwen/experiment1c/checkpoints/worker_r1_latest.pt
[SSL] repeat=1 scope=internal_cv fold=0 epoch=30/50 ssl_loss=0.044286 lr=0.000068481 base_val_bce=0.652169 base_best=Y base_cls_epoch=17 epoch_seconds=4.7 task_elapsed_minutes=2.1 gpu_alloc_gb=0.318 gpu_reserved_gb=1.793
[SSL] repeat=1 scope=internal_cv fold=0 epoch=31/50 ssl_loss=0.033313 lr=0.000063108 base_val_bce=0.669208 base_best=N base_cls_epoch=18 epoch_seconds=3.7 task_elapsed_minutes=2.2 gpu_alloc_gb=0.318 gpu_reserved_gb=1.793
[SSL] repeat=1 scope=internal_cv fold=0 epoch=32/50 ssl_loss=0.034369 lr=0.000057768 base_val_bce=0.659947 base_best=N base_cls_epoch=17 epoch_seconds=3.7 task_elapsed_minutes=2.2 gpu_alloc_gb=0.318 gpu_reserved_gb=1.793
[SSL] repeat=1 scope=internal_cv fold=0 epoch=33/50 ssl_loss=0.037738 lr=0.000052494 base_val_bce=0.659092 base_best=N base_cls_epoch=18 epoch_seconds=3.8 task_elapsed_minutes=2.3 gpu_alloc_gb=0.318 gpu_reserved_gb=1.793
[SSL] repeat=1 scope=internal_cv fold=0 epoch=34/50 ssl_loss=0.045592 lr=0.000047319 base_val_bce=0.656226 base_best=N base_cls_epoch=23 epoch_seconds=3.9 task_elapsed_minutes=2.4 gpu_alloc_gb=0.318 gpu_reserved_gb=1.793
[SSL] repeat=1 scope=internal_cv fold=0 epoch=35/50 ssl_loss=0.032082 lr=0.000042274 base_val_bce=0.660976 base_best=N base_cls_epoch=26 epoch_seconds=3.9 task_elapsed_minutes=2.4 gpu_alloc_gb=0.318 gpu_reserved_gb=1.793
[SSL] repeat=1 scope=internal_cv fold=0 epoch=36/50 ssl_loss=0.039024 lr=0.000037391 base_val_bce=0.660650 base_best=N base_cls_epoch=17 epoch_seconds=3.8 task_elapsed_minutes=2.5 gpu_alloc_gb=0.318 gpu_reserved_gb=1.793
[SSL] repeat=1 scope=internal_cv fold=0 epoch=37/50 ssl_loss=0.039106 lr=0.000032700 base_val_bce=0.653083 base_best=N base_cls_epoch=27 epoch_seconds=3.8 task_elapsed_minutes=2.5 gpu_alloc_gb=0.318 gpu_reserved_gb=1.793
[SSL] repeat=1 scope=internal_cv fold=0 epoch=38/50 ssl_loss=0.043661 lr=0.000028229 base_val_bce=0.671185 base_best=N base_cls_epoch=19 epoch_seconds=3.9 task_elapsed_minutes=2.6 gpu_alloc_gb=0.318 gpu_reserved_gb=1.793
[SSL] repeat=1 scope=internal_cv fold=0 epoch=39/50 ssl_loss=0.041275 lr=0.000024006 base_val_bce=0.658063 base_best=N base_cls_epoch=19 epoch_seconds=3.7 task_elapsed_minutes=2.7 gpu_alloc_gb=0.318 gpu_reserved_gb=1.793
CHECKPOINT_LATEST repeat=1 scope=internal_cv fold=0 phase=ssl epoch=40 path=/data/adodas/VarCoNet-V2-main/xiaolunwen/experiment1c/checkpoints/worker_r1_latest.pt
[SSL] repeat=1 scope=internal_cv fold=0 epoch=40/50 ssl_loss=0.030677 lr=0.000020058 base_val_bce=0.654087 base_best=N base_cls_epoch=20 epoch_seconds=4.1 task_elapsed_minutes=2.7 gpu_alloc_gb=0.318 gpu_reserved_gb=1.793
[SSL] repeat=1 scope=internal_cv fold=0 epoch=41/50 ssl_loss=0.032734 lr=0.000016408 base_val_bce=0.662752 base_best=N base_cls_epoch=19 epoch_seconds=3.7 task_elapsed_minutes=2.8 gpu_alloc_gb=0.318 gpu_reserved_gb=1.793
[SSL] repeat=1 scope=internal_cv fold=0 epoch=42/50 ssl_loss=0.039134 lr=0.000013079 base_val_bce=0.664286 base_best=N base_cls_epoch=25 epoch_seconds=3.9 task_elapsed_minutes=2.9 gpu_alloc_gb=0.318 gpu_reserved_gb=1.793
[SSL] repeat=1 scope=internal_cv fold=0 epoch=43/50 ssl_loss=0.034871 lr=0.000010091 base_val_bce=0.660012 base_best=N base_cls_epoch=20 epoch_seconds=3.8 task_elapsed_minutes=2.9 gpu_alloc_gb=0.318 gpu_reserved_gb=1.793
[SSL] repeat=1 scope=internal_cv fold=0 epoch=44/50 ssl_loss=0.037978 lr=0.000007464 base_val_bce=0.663423 base_best=N base_cls_epoch=19 epoch_seconds=3.7 task_elapsed_minutes=3.0 gpu_alloc_gb=0.318 gpu_reserved_gb=1.793
[SSL] repeat=1 scope=internal_cv fold=0 epoch=45/50 ssl_loss=0.042088 lr=0.000005213 base_val_bce=0.664870 base_best=N base_cls_epoch=19 epoch_seconds=4.2 task_elapsed_minutes=3.1 gpu_alloc_gb=0.318 gpu_reserved_gb=1.793
[SSL] repeat=1 scope=internal_cv fold=0 epoch=46/50 ssl_loss=0.030830 lr=0.000003352 base_val_bce=0.658754 base_best=N base_cls_epoch=22 epoch_seconds=5.6 task_elapsed_minutes=3.2 gpu_alloc_gb=0.318 gpu_reserved_gb=1.793
[SSL] repeat=1 scope=internal_cv fold=0 epoch=47/50 ssl_loss=0.043710 lr=0.000001892 base_val_bce=0.656039 base_best=N base_cls_epoch=26 epoch_seconds=6.1 task_elapsed_minutes=3.3 gpu_alloc_gb=0.318 gpu_reserved_gb=1.793
[SSL] repeat=1 scope=internal_cv fold=0 epoch=48/50 ssl_loss=0.040024 lr=0.000000843 base_val_bce=0.654718 base_best=N base_cls_epoch=20 epoch_seconds=6.2 task_elapsed_minutes=3.4 gpu_alloc_gb=0.318 gpu_reserved_gb=1.793
[SSL] repeat=1 scope=internal_cv fold=0 epoch=49/50 ssl_loss=0.043683 lr=0.000000211 base_val_bce=0.654844 base_best=N base_cls_epoch=28 epoch_seconds=6.1 task_elapsed_minutes=3.5 gpu_alloc_gb=0.318 gpu_reserved_gb=1.793
CHECKPOINT_LATEST repeat=1 scope=internal_cv fold=0 phase=ssl epoch=50 path=/data/adodas/VarCoNet-V2-main/xiaolunwen/experiment1c/checkpoints/worker_r1_latest.pt
[SSL] repeat=1 scope=internal_cv fold=0 epoch=50/50 ssl_loss=0.034816 lr=0.000000000 base_val_bce=0.658880 base_best=N base_cls_epoch=21 epoch_seconds=5.8 task_elapsed_minutes=3.6 gpu_alloc_gb=0.318 gpu_reserved_gb=1.793
[CRSM_ZERO_BASELINE] repeat=1 scope=internal_cv fold=0 epoch=0 exact_zero=Y val_bce=0.652169 probability_max_abs=5.96e-08
CHECKPOINT_LATEST repeat=1 scope=internal_cv fold=0 phase=crsm_corrected epoch=0 path=/data/adodas/VarCoNet-V2-main/xiaolunwen/experiment1c/checkpoints/worker_r1_latest.pt
CHECKPOINT_BEST repeat=1 scope=internal_cv fold=0 phase=crsm_corrected epoch=0 path=/data/adodas/VarCoNet-V2-main/xiaolunwen/experiment1c/checkpoints/worker_r1_best.pt
CHECKPOINT_BEST repeat=1 scope=internal_cv fold=0 phase=crsm_corrected epoch=0 path=/data/adodas/VarCoNet-V2-main/xiaolunwen/experiment1c/checkpoints/worker_r1_best.pt
CHECKPOINT_LATEST repeat=1 scope=internal_cv fold=0 phase=crsm_corrected epoch=0 path=/data/adodas/VarCoNet-V2-main/xiaolunwen/experiment1c/checkpoints/worker_r1_latest.pt
[CRSM_SYMMETRY_START] repeat=1 scope=internal_cv fold=0 after_exact_zero=Y pca_unit_norm=1.00000000 pca_singular=132.741440 symmetry_scale=0.00169925869
CHECKPOINT_LATEST repeat=1 scope=internal_cv fold=0 phase=crsm_corrected epoch=10 path=/data/adodas/VarCoNet-V2-main/xiaolunwen/experiment1c/checkpoints/worker_r1_latest.pt
[CRSM_CORRECTED] repeat=1 scope=internal_cv fold=0 epoch=10/149 train_loss=0.352876 val_bce=0.658196 best=N best_epoch=0 asd_mass=(0.5054,0.4946) hc_mass=(0.5000,0.5000) delta_l2=(0.132097,0.131022) epoch_seconds=0.38
CHECKPOINT_LATEST repeat=1 scope=internal_cv fold=0 phase=crsm_corrected epoch=20 path=/data/adodas/VarCoNet-V2-main/xiaolunwen/experiment1c/checkpoints/worker_r1_latest.pt
[CRSM_CORRECTED] repeat=1 scope=internal_cv fold=0 epoch=20/149 train_loss=0.308260 val_bce=0.672835 best=N best_epoch=0 asd_mass=(0.5081,0.4919) hc_mass=(0.5000,0.5000) delta_l2=(0.252752,0.251667) epoch_seconds=0.64
CHECKPOINT_LATEST repeat=1 scope=internal_cv fold=0 phase=crsm_corrected epoch=30 path=/data/adodas/VarCoNet-V2-main/xiaolunwen/experiment1c/checkpoints/worker_r1_latest.pt
[CRSM_CORRECTED] repeat=1 scope=internal_cv fold=0 epoch=30/149 train_loss=0.276983 val_bce=0.691844 best=N best_epoch=0 asd_mass=(0.5122,0.4878) hc_mass=(0.5000,0.5000) delta_l2=(0.360909,0.359670) epoch_seconds=0.35
CHECKPOINT_LATEST repeat=1 scope=internal_cv fold=0 phase=crsm_corrected epoch=40 path=/data/adodas/VarCoNet-V2-main/xiaolunwen/experiment1c/checkpoints/worker_r1_latest.pt
[CRSM_CORRECTED] repeat=1 scope=internal_cv fold=0 epoch=40/149 train_loss=0.254735 val_bce=0.712933 best=N best_epoch=0 asd_mass=(0.5185,0.4815) hc_mass=(0.5000,0.5000) delta_l2=(0.457047,0.455449) epoch_seconds=0.70
CHECKPOINT_LATEST repeat=1 scope=internal_cv fold=0 phase=crsm_corrected epoch=50 path=/data/adodas/VarCoNet-V2-main/xiaolunwen/experiment1c/checkpoints/worker_r1_latest.pt
[CRSM_CORRECTED] repeat=1 scope=internal_cv fold=0 epoch=50/149 train_loss=0.238564 val_bce=0.734602 best=N best_epoch=0 asd_mass=(0.5275,0.4725) hc_mass=(0.5000,0.5000) delta_l2=(0.542752,0.540477) epoch_seconds=0.58
CHECKPOINT_LATEST repeat=1 scope=internal_cv fold=0 phase=crsm_corrected epoch=60 path=/data/adodas/VarCoNet-V2-main/xiaolunwen/experiment1c/checkpoints/worker_r1_latest.pt
[CRSM_CORRECTED] repeat=1 scope=internal_cv fold=0 epoch=60/149 train_loss=0.226484 val_bce=0.756173 best=N best_epoch=0 asd_mass=(0.5394,0.4606) hc_mass=(0.5000,0.5000) delta_l2=(0.619691,0.616307) epoch_seconds=0.64
CHECKPOINT_LATEST repeat=1 scope=internal_cv fold=0 phase=crsm_corrected epoch=70 path=/data/adodas/VarCoNet-V2-main/xiaolunwen/experiment1c/checkpoints/worker_r1_latest.pt
[CRSM_CORRECTED] repeat=1 scope=internal_cv fold=0 epoch=70/149 train_loss=0.217165 val_bce=0.777633 best=N best_epoch=0 asd_mass=(0.5530,0.4470) hc_mass=(0.5000,0.5000) delta_l2=(0.689349,0.684386) epoch_seconds=0.46
CHECKPOINT_LATEST repeat=1 scope=internal_cv fold=0 phase=crsm_corrected epoch=80 path=/data/adodas/VarCoNet-V2-main/xiaolunwen/experiment1c/checkpoints/worker_r1_latest.pt
[CRSM_CORRECTED] repeat=1 scope=internal_cv fold=0 epoch=80/149 train_loss=0.209767 val_bce=0.799143 best=N best_epoch=0 asd_mass=(0.5666,0.4334) hc_mass=(0.5000,0.5000) delta_l2=(0.752983,0.746035) epoch_seconds=1.08
CHECKPOINT_LATEST repeat=1 scope=internal_cv fold=0 phase=crsm_corrected epoch=90 path=/data/adodas/VarCoNet-V2-main/xiaolunwen/experiment1c/checkpoints/worker_r1_latest.pt
[CRSM_CORRECTED] repeat=1 scope=internal_cv fold=0 epoch=90/149 train_loss=0.203801 val_bce=0.820656 best=N best_epoch=0 asd_mass=(0.5785,0.4215) hc_mass=(0.5000,0.5000) delta_l2=(0.811548,0.802303) epoch_seconds=1.35
CHECKPOINT_LATEST repeat=1 scope=internal_cv fold=0 phase=crsm_corrected epoch=100 path=/data/adodas/VarCoNet-V2-main/xiaolunwen/experiment1c/checkpoints/worker_r1_latest.pt
[CRSM_CORRECTED] repeat=1 scope=internal_cv fold=0 epoch=100/149 train_loss=0.198966 val_bce=0.841828 best=N best_epoch=0 asd_mass=(0.5884,0.4116) hc_mass=(0.5000,0.5000) delta_l2=(0.865660,0.853942) epoch_seconds=1.49
CHECKPOINT_LATEST repeat=1 scope=internal_cv fold=0 phase=crsm_corrected epoch=110 path=/data/adodas/VarCoNet-V2-main/xiaolunwen/experiment1c/checkpoints/worker_r1_latest.pt
[CRSM_CORRECTED] repeat=1 scope=internal_cv fold=0 epoch=110/149 train_loss=0.195045 val_bce=0.862353 best=N best_epoch=0 asd_mass=(0.5964,0.4036) hc_mass=(0.5000,0.5000) delta_l2=(0.915701,0.901494) epoch_seconds=1.78
CHECKPOINT_LATEST repeat=1 scope=internal_cv fold=0 phase=crsm_corrected epoch=120 path=/data/adodas/VarCoNet-V2-main/xiaolunwen/experiment1c/checkpoints/worker_r1_latest.pt
[CRSM_CORRECTED] repeat=1 scope=internal_cv fold=0 epoch=120/149 train_loss=0.191861 val_bce=0.882105 best=N best_epoch=0 asd_mass=(0.6028,0.3972) hc_mass=(0.5000,0.5000) delta_l2=(0.961958,0.945386) epoch_seconds=1.37
CHECKPOINT_LATEST repeat=1 scope=internal_cv fold=0 phase=crsm_corrected epoch=130 path=/data/adodas/VarCoNet-V2-main/xiaolunwen/experiment1c/checkpoints/worker_r1_latest.pt
[CRSM_CORRECTED] repeat=1 scope=internal_cv fold=0 epoch=130/149 train_loss=0.189265 val_bce=0.901044 best=N best_epoch=0 asd_mass=(0.6080,0.3920) hc_mass=(0.5000,0.5000) delta_l2=(1.004709,0.985980) epoch_seconds=1.40
CHECKPOINT_LATEST repeat=1 scope=internal_cv fold=0 phase=crsm_corrected epoch=140 path=/data/adodas/VarCoNet-V2-main/xiaolunwen/experiment1c/checkpoints/worker_r1_latest.pt
[CRSM_CORRECTED] repeat=1 scope=internal_cv fold=0 epoch=140/149 train_loss=0.187135 val_bce=0.919150 best=N best_epoch=0 asd_mass=(0.6121,0.3879) hc_mass=(0.5000,0.5000) delta_l2=(1.044248,1.023603) epoch_seconds=1.46
CHECKPOINT_LATEST repeat=1 scope=internal_cv fold=0 phase=crsm_corrected epoch=149 path=/data/adodas/VarCoNet-V2-main/xiaolunwen/experiment1c/checkpoints/worker_r1_latest.pt
[CRSM_CORRECTED] repeat=1 scope=internal_cv fold=0 epoch=149/149 train_loss=0.185535 val_bce=0.934734 best=N best_epoch=0 asd_mass=(0.6152,0.3848) hc_mass=(0.5000,0.5000) delta_l2=(1.077344,1.055174) epoch_seconds=2.09
[SNDE_NORMATIVE] repeat=1 scope=internal_cv fold=0 n_unique_asd=357 n_unique_hc=317 roi_dim=384 std_floor=0.0012835927 pc1_explained_fraction=0.219581 hc_score_mean_before_norm=3.61012e-08 hc_score_std_before_norm=7.88703 asd_positive_fraction=0.0000 asd_negative_fraction=0.1176 asd_generalist_fraction=0.8824 hc_positive_fraction=0.0032 hc_negative_fraction=0.0820 hc_generalist_fraction=0.9148
[SNDE_ZERO_BASELINE] repeat=1 scope=internal_cv fold=0 epoch=0 exact_zero=Y val_bce=0.652169 probability_max_abs=5.96e-08
CHECKPOINT_BEST repeat=1 scope=internal_cv fold=0 phase=snde epoch=0 path=/data/adodas/VarCoNet-V2-main/xiaolunwen/experiment1c/checkpoints/worker_r1_best.pt
CHECKPOINT_LATEST repeat=1 scope=internal_cv fold=0 phase=snde epoch=0 path=/data/adodas/VarCoNet-V2-main/xiaolunwen/experiment1c/checkpoints/worker_r1_latest.pt
CHECKPOINT_BEST repeat=1 scope=internal_cv fold=0 phase=snde epoch=1 path=/data/adodas/VarCoNet-V2-main/xiaolunwen/experiment1c/checkpoints/worker_r1_best.pt
CHECKPOINT_LATEST repeat=1 scope=internal_cv fold=0 phase=snde epoch=1 path=/data/adodas/VarCoNet-V2-main/xiaolunwen/experiment1c/checkpoints/worker_r1_latest.pt
[SNDE] repeat=1 scope=internal_cv fold=0 epoch=1/149 train_bce=0.409016 val_bce=0.651097 best=Y best_epoch=1 asd_gate=(+0.000,-0.118,g0.882) hc_gate=(+0.003,-0.082,g0.915) pos_weight_l2=0.019540 neg_weight_l2=0.019596 mean_abs_pos_correction=0.000026 mean_abs_neg_correction=0.024458 elapsed_seconds=3.29
CHECKPOINT_BEST repeat=1 scope=internal_cv fold=0 phase=snde epoch=3 path=/data/adodas/VarCoNet-V2-main/xiaolunwen/experiment1c/checkpoints/worker_r1_best.pt
CHECKPOINT_LATEST repeat=1 scope=internal_cv fold=0 phase=snde epoch=3 path=/data/adodas/VarCoNet-V2-main/xiaolunwen/experiment1c/checkpoints/worker_r1_latest.pt
[SNDE] repeat=1 scope=internal_cv fold=0 epoch=3/149 train_bce=0.403474 val_bce=0.650195 best=Y best_epoch=3 asd_gate=(+0.000,-0.118,g0.882) hc_gate=(+0.003,-0.082,g0.915) pos_weight_l2=0.058542 neg_weight_l2=0.043878 mean_abs_pos_correction=0.000078 mean_abs_neg_correction=0.057106 elapsed_seconds=2.92
CHECKPOINT_BEST repeat=1 scope=internal_cv fold=0 phase=snde epoch=4 path=/data/adodas/VarCoNet-V2-main/xiaolunwen/experiment1c/checkpoints/worker_r1_best.pt
CHECKPOINT_LATEST repeat=1 scope=internal_cv fold=0 phase=snde epoch=4 path=/data/adodas/VarCoNet-V2-main/xiaolunwen/experiment1c/checkpoints/worker_r1_latest.pt
[SNDE] repeat=1 scope=internal_cv fold=0 epoch=4/149 train_bce=0.401881 val_bce=0.648944 best=Y best_epoch=4 asd_gate=(+0.000,-0.118,g0.882) hc_gate=(+0.003,-0.082,g0.915) pos_weight_l2=0.077973 neg_weight_l2=0.053991 mean_abs_pos_correction=0.000104 mean_abs_neg_correction=0.067010 elapsed_seconds=4.08
CHECKPOINT_BEST repeat=1 scope=internal_cv fold=0 phase=snde epoch=10 path=/data/adodas/VarCoNet-V2-main/xiaolunwen/experiment1c/checkpoints/worker_r1_best.pt
CHECKPOINT_LATEST repeat=1 scope=internal_cv fold=0 phase=snde epoch=10 path=/data/adodas/VarCoNet-V2-main/xiaolunwen/experiment1c/checkpoints/worker_r1_latest.pt
[SNDE] repeat=1 scope=internal_cv fold=0 epoch=10/149 train_bce=0.397056 val_bce=0.648230 best=Y best_epoch=10 asd_gate=(+0.000,-0.118,g0.882) hc_gate=(+0.003,-0.082,g0.915) pos_weight_l2=0.193106 neg_weight_l2=0.106280 mean_abs_pos_correction=0.000258 mean_abs_neg_correction=0.128701 elapsed_seconds=3.72
CHECKPOINT_BEST repeat=1 scope=internal_cv fold=0 phase=snde epoch=11 path=/data/adodas/VarCoNet-V2-main/xiaolunwen/experiment1c/checkpoints/worker_r1_best.pt
CHECKPOINT_LATEST repeat=1 scope=internal_cv fold=0 phase=snde epoch=11 path=/data/adodas/VarCoNet-V2-main/xiaolunwen/experiment1c/checkpoints/worker_r1_latest.pt
[SNDE] repeat=1 scope=internal_cv fold=0 epoch=11/149 train_bce=0.396484 val_bce=0.647496 best=Y best_epoch=11 asd_gate=(+0.000,-0.118,g0.882) hc_gate=(+0.003,-0.082,g0.915) pos_weight_l2=0.212002 neg_weight_l2=0.114011 mean_abs_pos_correction=0.000283 mean_abs_neg_correction=0.132931 elapsed_seconds=4.03
CHECKPOINT_BEST repeat=1 scope=internal_cv fold=0 phase=snde epoch=12 path=/data/adodas/VarCoNet-V2-main/xiaolunwen/experiment1c/checkpoints/worker_r1_best.pt
CHECKPOINT_LATEST repeat=1 scope=internal_cv fold=0 phase=snde epoch=12 path=/data/adodas/VarCoNet-V2-main/xiaolunwen/experiment1c/checkpoints/worker_r1_latest.pt
[SNDE] repeat=1 scope=internal_cv fold=0 epoch=12/149 train_bce=0.395971 val_bce=0.647027 best=Y best_epoch=12 asd_gate=(+0.000,-0.118,g0.882) hc_gate=(+0.003,-0.082,g0.915) pos_weight_l2=0.230820 neg_weight_l2=0.121554 mean_abs_pos_correction=0.000308 mean_abs_neg_correction=0.137036 elapsed_seconds=3.80
CHECKPOINT_BEST repeat=1 scope=internal_cv fold=0 phase=snde epoch=13 path=/data/adodas/VarCoNet-V2-main/xiaolunwen/experiment1c/checkpoints/worker_r1_best.pt
CHECKPOINT_LATEST repeat=1 scope=internal_cv fold=0 phase=snde epoch=13 path=/data/adodas/VarCoNet-V2-main/xiaolunwen/experiment1c/checkpoints/worker_r1_latest.pt
[SNDE] repeat=1 scope=internal_cv fold=0 epoch=13/149 train_bce=0.395509 val_bce=0.646779 best=Y best_epoch=13 asd_gate=(+0.000,-0.118,g0.882) hc_gate=(+0.003,-0.082,g0.915) pos_weight_l2=0.249564 neg_weight_l2=0.128919 mean_abs_pos_correction=0.000332 mean_abs_neg_correction=0.141407 elapsed_seconds=3.42
CHECKPOINT_BEST repeat=1 scope=internal_cv fold=0 phase=snde epoch=14 path=/data/adodas/VarCoNet-V2-main/xiaolunwen/experiment1c/checkpoints/worker_r1_best.pt
CHECKPOINT_LATEST repeat=1 scope=internal_cv fold=0 phase=snde epoch=14 path=/data/adodas/VarCoNet-V2-main/xiaolunwen/experiment1c/checkpoints/worker_r1_latest.pt
[SNDE] repeat=1 scope=internal_cv fold=0 epoch=14/149 train_bce=0.395085 val_bce=0.646657 best=Y best_epoch=14 asd_gate=(+0.000,-0.118,g0.882) hc_gate=(+0.003,-0.082,g0.915) pos_weight_l2=0.268239 neg_weight_l2=0.136112 mean_abs_pos_correction=0.000357 mean_abs_neg_correction=0.146296 elapsed_seconds=3.42
CHECKPOINT_BEST repeat=1 scope=internal_cv fold=0 phase=snde epoch=15 path=/data/adodas/VarCoNet-V2-main/xiaolunwen/experiment1c/checkpoints/worker_r1_best.pt
CHECKPOINT_LATEST repeat=1 scope=internal_cv fold=0 phase=snde epoch=15 path=/data/adodas/VarCoNet-V2-main/xiaolunwen/experiment1c/checkpoints/worker_r1_latest.pt
[SNDE] repeat=1 scope=internal_cv fold=0 epoch=15/149 train_bce=0.394684 val_bce=0.646588 best=Y best_epoch=15 asd_gate=(+0.000,-0.118,g0.882) hc_gate=(+0.003,-0.082,g0.915) pos_weight_l2=0.286849 neg_weight_l2=0.143135 mean_abs_pos_correction=0.000381 mean_abs_neg_correction=0.151700 elapsed_seconds=2.28
CHECKPOINT_BEST repeat=1 scope=internal_cv fold=0 phase=snde epoch=16 path=/data/adodas/VarCoNet-V2-main/xiaolunwen/experiment1c/checkpoints/worker_r1_best.pt
CHECKPOINT_LATEST repeat=1 scope=internal_cv fold=0 phase=snde epoch=16 path=/data/adodas/VarCoNet-V2-main/xiaolunwen/experiment1c/checkpoints/worker_r1_latest.pt
[SNDE] repeat=1 scope=internal_cv fold=0 epoch=16/149 train_bce=0.394304 val_bce=0.646536 best=Y best_epoch=16 asd_gate=(+0.000,-0.118,g0.882) hc_gate=(+0.003,-0.082,g0.915) pos_weight_l2=0.305393 neg_weight_l2=0.149994 mean_abs_pos_correction=0.000406 mean_abs_neg_correction=0.157443 elapsed_seconds=2.62
CHECKPOINT_BEST repeat=1 scope=internal_cv fold=0 phase=snde epoch=17 path=/data/adodas/VarCoNet-V2-main/xiaolunwen/experiment1c/checkpoints/worker_r1_best.pt
CHECKPOINT_LATEST repeat=1 scope=internal_cv fold=0 phase=snde epoch=17 path=/data/adodas/VarCoNet-V2-main/xiaolunwen/experiment1c/checkpoints/worker_r1_latest.pt
[SNDE] repeat=1 scope=internal_cv fold=0 epoch=17/149 train_bce=0.393946 val_bce=0.646488 best=Y best_epoch=17 asd_gate=(+0.000,-0.118,g0.882) hc_gate=(+0.003,-0.082,g0.915) pos_weight_l2=0.323872 neg_weight_l2=0.156695 mean_abs_pos_correction=0.000430 mean_abs_neg_correction=0.163253 elapsed_seconds=3.20
CHECKPOINT_BEST repeat=1 scope=internal_cv fold=0 phase=snde epoch=18 path=/data/adodas/VarCoNet-V2-main/xiaolunwen/experiment1c/checkpoints/worker_r1_best.pt
CHECKPOINT_LATEST repeat=1 scope=internal_cv fold=0 phase=snde epoch=18 path=/data/adodas/VarCoNet-V2-main/xiaolunwen/experiment1c/checkpoints/worker_r1_latest.pt
[SNDE] repeat=1 scope=internal_cv fold=0 epoch=18/149 train_bce=0.393613 val_bce=0.646443 best=Y best_epoch=18 asd_gate=(+0.000,-0.118,g0.882) hc_gate=(+0.003,-0.082,g0.915) pos_weight_l2=0.342286 neg_weight_l2=0.163241 mean_abs_pos_correction=0.000454 mean_abs_neg_correction=0.168784 elapsed_seconds=2.61
CHECKPOINT_BEST repeat=1 scope=internal_cv fold=0 phase=snde epoch=19 path=/data/adodas/VarCoNet-V2-main/xiaolunwen/experiment1c/checkpoints/worker_r1_best.pt
CHECKPOINT_LATEST repeat=1 scope=internal_cv fold=0 phase=snde epoch=19 path=/data/adodas/VarCoNet-V2-main/xiaolunwen/experiment1c/checkpoints/worker_r1_latest.pt
[SNDE] repeat=1 scope=internal_cv fold=0 epoch=19/149 train_bce=0.393303 val_bce=0.646399 best=Y best_epoch=19 asd_gate=(+0.000,-0.118,g0.882) hc_gate=(+0.003,-0.082,g0.915) pos_weight_l2=0.360633 neg_weight_l2=0.169635 mean_abs_pos_correction=0.000477 mean_abs_neg_correction=0.173793 elapsed_seconds=3.14
CHECKPOINT_BEST repeat=1 scope=internal_cv fold=0 phase=snde epoch=20 path=/data/adodas/VarCoNet-V2-main/xiaolunwen/experiment1c/checkpoints/worker_r1_best.pt
CHECKPOINT_LATEST repeat=1 scope=internal_cv fold=0 phase=snde epoch=20 path=/data/adodas/VarCoNet-V2-main/xiaolunwen/experiment1c/checkpoints/worker_r1_latest.pt
[SNDE] repeat=1 scope=internal_cv fold=0 epoch=20/149 train_bce=0.393014 val_bce=0.646357 best=Y best_epoch=20 asd_gate=(+0.000,-0.118,g0.882) hc_gate=(+0.003,-0.082,g0.915) pos_weight_l2=0.378909 neg_weight_l2=0.175880 mean_abs_pos_correction=0.000501 mean_abs_neg_correction=0.178200 elapsed_seconds=2.36
CHECKPOINT_BEST repeat=1 scope=internal_cv fold=0 phase=snde epoch=21 path=/data/adodas/VarCoNet-V2-main/xiaolunwen/experiment1c/checkpoints/worker_r1_best.pt
CHECKPOINT_LATEST repeat=1 scope=internal_cv fold=0 phase=snde epoch=21 path=/data/adodas/VarCoNet-V2-main/xiaolunwen/experiment1c/checkpoints/worker_r1_latest.pt
[SNDE] repeat=1 scope=internal_cv fold=0 epoch=21/149 train_bce=0.392741 val_bce=0.646321 best=Y best_epoch=21 asd_gate=(+0.000,-0.118,g0.882) hc_gate=(+0.003,-0.082,g0.915) pos_weight_l2=0.397114 neg_weight_l2=0.181981 mean_abs_pos_correction=0.000524 mean_abs_neg_correction=0.181899 elapsed_seconds=1.83
CHECKPOINT_BEST repeat=1 scope=internal_cv fold=0 phase=snde epoch=22 path=/data/adodas/VarCoNet-V2-main/xiaolunwen/experiment1c/checkpoints/worker_r1_best.pt
CHECKPOINT_LATEST repeat=1 scope=internal_cv fold=0 phase=snde epoch=22 path=/data/adodas/VarCoNet-V2-main/xiaolunwen/experiment1c/checkpoints/worker_r1_latest.pt
[SNDE] repeat=1 scope=internal_cv fold=0 epoch=22/149 train_bce=0.392482 val_bce=0.646305 best=Y best_epoch=22 asd_gate=(+0.000,-0.118,g0.882) hc_gate=(+0.003,-0.082,g0.915) pos_weight_l2=0.415245 neg_weight_l2=0.187943 mean_abs_pos_correction=0.000548 mean_abs_neg_correction=0.184904 elapsed_seconds=2.35
CHECKPOINT_LATEST repeat=1 scope=internal_cv fold=0 phase=snde epoch=30 path=/data/adodas/VarCoNet-V2-main/xiaolunwen/experiment1c/checkpoints/worker_r1_latest.pt
[SNDE] repeat=1 scope=internal_cv fold=0 epoch=30/149 train_bce=0.390785 val_bce=0.646766 best=N best_epoch=22 asd_gate=(+0.000,-0.118,g0.882) hc_gate=(+0.003,-0.082,g0.915) pos_weight_l2=0.557373 neg_weight_l2=0.231464 mean_abs_pos_correction=0.000727 mean_abs_neg_correction=0.202533 elapsed_seconds=1.15
CHECKPOINT_LATEST repeat=1 scope=internal_cv fold=0 phase=snde epoch=40 path=/data/adodas/VarCoNet-V2-main/xiaolunwen/experiment1c/checkpoints/worker_r1_latest.pt
[SNDE] repeat=1 scope=internal_cv fold=0 epoch=40/149 train_bce=0.389267 val_bce=0.646807 best=N best_epoch=22 asd_gate=(+0.000,-0.118,g0.882) hc_gate=(+0.003,-0.082,g0.915) pos_weight_l2=0.727214 neg_weight_l2=0.278234 mean_abs_pos_correction=0.000933 mean_abs_neg_correction=0.226272 elapsed_seconds=1.18
CHECKPOINT_LATEST repeat=1 scope=internal_cv fold=0 phase=snde epoch=50 path=/data/adodas/VarCoNet-V2-main/xiaolunwen/experiment1c/checkpoints/worker_r1_latest.pt
[SNDE] repeat=1 scope=internal_cv fold=0 epoch=50/149 train_bce=0.388125 val_bce=0.647318 best=N best_epoch=22 asd_gate=(+0.000,-0.118,g0.882) hc_gate=(+0.003,-0.082,g0.915) pos_weight_l2=0.888574 neg_weight_l2=0.319766 mean_abs_pos_correction=0.001119 mean_abs_neg_correction=0.245062 elapsed_seconds=0.91
CHECKPOINT_LATEST repeat=1 scope=internal_cv fold=0 phase=snde epoch=60 path=/data/adodas/VarCoNet-V2-main/xiaolunwen/experiment1c/checkpoints/worker_r1_latest.pt
[SNDE] repeat=1 scope=internal_cv fold=0 epoch=60/149 train_bce=0.387223 val_bce=0.648420 best=N best_epoch=22 asd_gate=(+0.000,-0.118,g0.882) hc_gate=(+0.003,-0.082,g0.915) pos_weight_l2=1.042356 neg_weight_l2=0.358176 mean_abs_pos_correction=0.001287 mean_abs_neg_correction=0.259226 elapsed_seconds=0.99
CHECKPOINT_LATEST repeat=1 scope=internal_cv fold=0 phase=snde epoch=70 path=/data/adodas/VarCoNet-V2-main/xiaolunwen/experiment1c/checkpoints/worker_r1_latest.pt
[SNDE] repeat=1 scope=internal_cv fold=0 epoch=70/149 train_bce=0.386486 val_bce=0.649506 best=N best_epoch=22 asd_gate=(+0.000,-0.118,g0.882) hc_gate=(+0.003,-0.082,g0.915) pos_weight_l2=1.189564 neg_weight_l2=0.394617 mean_abs_pos_correction=0.001441 mean_abs_neg_correction=0.273526 elapsed_seconds=1.51
CHECKPOINT_LATEST repeat=1 scope=internal_cv fold=0 phase=snde epoch=80 path=/data/adodas/VarCoNet-V2-main/xiaolunwen/experiment1c/checkpoints/worker_r1_latest.pt
[SNDE] repeat=1 scope=internal_cv fold=0 epoch=80/149 train_bce=0.385866 val_bce=0.650984 best=N best_epoch=22 asd_gate=(+0.000,-0.118,g0.882) hc_gate=(+0.003,-0.082,g0.915) pos_weight_l2=1.331052 neg_weight_l2=0.429619 mean_abs_pos_correction=0.001582 mean_abs_neg_correction=0.285910 elapsed_seconds=0.98
CHECKPOINT_LATEST repeat=1 scope=internal_cv fold=0 phase=snde epoch=90 path=/data/adodas/VarCoNet-V2-main/xiaolunwen/experiment1c/checkpoints/worker_r1_latest.pt
[SNDE] repeat=1 scope=internal_cv fold=0 epoch=90/149 train_bce=0.385335 val_bce=0.652692 best=N best_epoch=22 asd_gate=(+0.000,-0.118,g0.882) hc_gate=(+0.003,-0.082,g0.915) pos_weight_l2=1.467483 neg_weight_l2=0.463417 mean_abs_pos_correction=0.001713 mean_abs_neg_correction=0.297834 elapsed_seconds=1.26
CHECKPOINT_LATEST repeat=1 scope=internal_cv fold=0 phase=snde epoch=100 path=/data/adodas/VarCoNet-V2-main/xiaolunwen/experiment1c/checkpoints/worker_r1_latest.pt
[SNDE] repeat=1 scope=internal_cv fold=0 epoch=100/149 train_bce=0.384869 val_bce=0.654444 best=N best_epoch=22 asd_gate=(+0.000,-0.118,g0.882) hc_gate=(+0.003,-0.082,g0.915) pos_weight_l2=1.599353 neg_weight_l2=0.496139 mean_abs_pos_correction=0.001834 mean_abs_neg_correction=0.309751 elapsed_seconds=1.08
CHECKPOINT_LATEST repeat=1 scope=internal_cv fold=0 phase=snde epoch=110 path=/data/adodas/VarCoNet-V2-main/xiaolunwen/experiment1c/checkpoints/worker_r1_latest.pt
[SNDE] repeat=1 scope=internal_cv fold=0 epoch=110/149 train_bce=0.384457 val_bce=0.656273 best=N best_epoch=22 asd_gate=(+0.000,-0.118,g0.882) hc_gate=(+0.003,-0.082,g0.915) pos_weight_l2=1.727042 neg_weight_l2=0.527887 mean_abs_pos_correction=0.001949 mean_abs_neg_correction=0.320958 elapsed_seconds=0.98
CHECKPOINT_LATEST repeat=1 scope=internal_cv fold=0 phase=snde epoch=120 path=/data/adodas/VarCoNet-V2-main/xiaolunwen/experiment1c/checkpoints/worker_r1_latest.pt
[SNDE] repeat=1 scope=internal_cv fold=0 epoch=120/149 train_bce=0.384087 val_bce=0.658100 best=N best_epoch=22 asd_gate=(+0.000,-0.118,g0.882) hc_gate=(+0.003,-0.082,g0.915) pos_weight_l2=1.850853 neg_weight_l2=0.558750 mean_abs_pos_correction=0.002057 mean_abs_neg_correction=0.331830 elapsed_seconds=0.73
CHECKPOINT_LATEST repeat=1 scope=internal_cv fold=0 phase=snde epoch=130 path=/data/adodas/VarCoNet-V2-main/xiaolunwen/experiment1c/checkpoints/worker_r1_latest.pt
[SNDE] repeat=1 scope=internal_cv fold=0 epoch=130/149 train_bce=0.383752 val_bce=0.659948 best=N best_epoch=22 asd_gate=(+0.000,-0.118,g0.882) hc_gate=(+0.003,-0.082,g0.915) pos_weight_l2=1.971034 neg_weight_l2=0.588811 mean_abs_pos_correction=0.002159 mean_abs_neg_correction=0.342349 elapsed_seconds=1.32
CHECKPOINT_LATEST repeat=1 scope=internal_cv fold=0 phase=snde epoch=140 path=/data/adodas/VarCoNet-V2-main/xiaolunwen/experiment1c/checkpoints/worker_r1_latest.pt
[SNDE] repeat=1 scope=internal_cv fold=0 epoch=140/149 train_bce=0.383447 val_bce=0.661808 best=N best_epoch=22 asd_gate=(+0.000,-0.118,g0.882) hc_gate=(+0.003,-0.082,g0.915) pos_weight_l2=2.087797 neg_weight_l2=0.618150 mean_abs_pos_correction=0.002256 mean_abs_neg_correction=0.352643 elapsed_seconds=1.01
CHECKPOINT_LATEST repeat=1 scope=internal_cv fold=0 phase=snde epoch=149 path=/data/adodas/VarCoNet-V2-main/xiaolunwen/experiment1c/checkpoints/worker_r1_latest.pt
[SNDE] repeat=1 scope=internal_cv fold=0 epoch=149/149 train_bce=0.383193 val_bce=0.663471 best=N best_epoch=22 asd_gate=(+0.000,-0.118,g0.882) hc_gate=(+0.003,-0.082,g0.915) pos_weight_l2=2.190118 neg_weight_l2=0.643997 mean_abs_pos_correction=0.002340 mean_abs_neg_correction=0.361749 elapsed_seconds=1.16
TASK_TRAINING_DONE repeat=1 scope=internal_cv fold=0 base_encoder_epoch=30 base_classifier_epoch=17 base_val_bce=0.652169 crsm_epoch=0 crsm_val_bce=0.652169 snde_epoch=22 snde_val_bce=0.646305 elapsed_minutes=5.3
TASK_DONE repeat=1 scope=internal_fold fold=0 method=baseline selected_encoder_epoch=30 test_auc=0.768490 test_bce=0.585138 elapsed_minutes=5.3
TASK_DONE repeat=1 scope=internal_fold fold=0 method=crsm_corrected selected_encoder_epoch=30 test_auc=0.768490 test_bce=0.585138 elapsed_minutes=5.3
TASK_DONE repeat=1 scope=internal_fold fold=0 method=selective_normative_deviation_experts selected_encoder_epoch=30 test_auc=0.770010 test_bce=0.588376 elapsed_minutes=5.3
TASK_START repeat=1 scope=internal_cv fold=1 seed=100101 device=cuda:0 methods=baseline,crsm_corrected,selective_normative_deviation_experts shared_encoder=Y reference_unique_n=674 train_n=750 val_n=119
CHECKPOINT_BEST repeat=1 scope=internal_cv fold=1 phase=ssl epoch=1 path=/data/adodas/VarCoNet-V2-main/xiaolunwen/experiment1c/checkpoints/worker_r1_best.pt
[SSL] repeat=1 scope=internal_cv fold=1 epoch=1/50 ssl_loss=0.157133 lr=0.000024107 base_val_bce=0.671760 base_best=Y base_cls_epoch=16 epoch_seconds=4.2 task_elapsed_minutes=0.1 gpu_alloc_gb=0.318 gpu_reserved_gb=1.744
[SSL] repeat=1 scope=internal_cv fold=1 epoch=2/50 ssl_loss=0.118327 lr=0.000038214 base_val_bce=0.679240 base_best=N base_cls_epoch=12 epoch_seconds=4.5 task_elapsed_minutes=0.2 gpu_alloc_gb=0.317 gpu_reserved_gb=2.008
[SSL] repeat=1 scope=internal_cv fold=1 epoch=3/50 ssl_loss=0.103924 lr=0.000052321 base_val_bce=0.680962 base_best=N base_cls_epoch=8 epoch_seconds=5.2 task_elapsed_minutes=0.2 gpu_alloc_gb=0.318 gpu_reserved_gb=1.744
[SSL] repeat=1 scope=internal_cv fold=1 epoch=4/50 ssl_loss=0.094856 lr=0.000066427 base_val_bce=0.681214 base_best=N base_cls_epoch=9 epoch_seconds=3.9 task_elapsed_minutes=0.3 gpu_alloc_gb=0.317 gpu_reserved_gb=2.008
[SSL] repeat=1 scope=internal_cv fold=1 epoch=5/50 ssl_loss=0.096005 lr=0.000080534 base_val_bce=0.679207 base_best=N base_cls_epoch=11 epoch_seconds=3.8 task_elapsed_minutes=0.4 gpu_alloc_gb=0.318 gpu_reserved_gb=1.744
CHECKPOINT_BEST repeat=1 scope=internal_cv fold=1 phase=ssl epoch=6 path=/data/adodas/VarCoNet-V2-main/xiaolunwen/experiment1c/checkpoints/worker_r1_best.pt
[SSL] repeat=1 scope=internal_cv fold=1 epoch=6/50 ssl_loss=0.075229 lr=0.000094641 base_val_bce=0.670680 base_best=Y base_cls_epoch=9 epoch_seconds=4.1 task_elapsed_minutes=0.4 gpu_alloc_gb=0.317 gpu_reserved_gb=2.008
CHECKPOINT_BEST repeat=1 scope=internal_cv fold=1 phase=ssl epoch=7 path=/data/adodas/VarCoNet-V2-main/xiaolunwen/experiment1c/checkpoints/worker_r1_best.pt
[SSL] repeat=1 scope=internal_cv fold=1 epoch=7/50 ssl_loss=0.073120 lr=0.000108748 base_val_bce=0.669362 base_best=Y base_cls_epoch=11 epoch_seconds=4.2 task_elapsed_minutes=0.5 gpu_alloc_gb=0.318 gpu_reserved_gb=1.744
CHECKPOINT_BEST repeat=1 scope=internal_cv fold=1 phase=ssl epoch=8 path=/data/adodas/VarCoNet-V2-main/xiaolunwen/experiment1c/checkpoints/worker_r1_best.pt
[SSL] repeat=1 scope=internal_cv fold=1 epoch=8/50 ssl_loss=0.046162 lr=0.000122855 base_val_bce=0.669099 base_best=Y base_cls_epoch=10 epoch_seconds=4.2 task_elapsed_minutes=0.6 gpu_alloc_gb=0.317 gpu_reserved_gb=2.008
CHECKPOINT_BEST repeat=1 scope=internal_cv fold=1 phase=ssl epoch=9 path=/data/adodas/VarCoNet-V2-main/xiaolunwen/experiment1c/checkpoints/worker_r1_best.pt
[SSL] repeat=1 scope=internal_cv fold=1 epoch=9/50 ssl_loss=0.052847 lr=0.000136962 base_val_bce=0.661316 base_best=Y base_cls_epoch=12 epoch_seconds=4.2 task_elapsed_minutes=0.7 gpu_alloc_gb=0.318 gpu_reserved_gb=1.744
CHECKPOINT_LATEST repeat=1 scope=internal_cv fold=1 phase=ssl epoch=10 path=/data/adodas/VarCoNet-V2-main/xiaolunwen/experiment1c/checkpoints/worker_r1_latest.pt
[SSL] repeat=1 scope=internal_cv fold=1 epoch=10/50 ssl_loss=0.066042 lr=0.000136962 base_val_bce=0.674113 base_best=N base_cls_epoch=16 epoch_seconds=4.3 task_elapsed_minutes=0.7 gpu_alloc_gb=0.317 gpu_reserved_gb=2.008
[SSL] repeat=1 scope=internal_cv fold=1 epoch=11/50 ssl_loss=0.053775 lr=0.000136751 base_val_bce=0.661854 base_best=N base_cls_epoch=18 epoch_seconds=3.9 task_elapsed_minutes=0.8 gpu_alloc_gb=0.318 gpu_reserved_gb=1.744
[SSL] repeat=1 scope=internal_cv fold=1 epoch=12/50 ssl_loss=0.064824 lr=0.000136119 base_val_bce=0.662109 base_best=N base_cls_epoch=12 epoch_seconds=3.7 task_elapsed_minutes=0.9 gpu_alloc_gb=0.317 gpu_reserved_gb=2.008
CHECKPOINT_BEST repeat=1 scope=internal_cv fold=1 phase=ssl epoch=13 path=/data/adodas/VarCoNet-V2-main/xiaolunwen/experiment1c/checkpoints/worker_r1_best.pt
[SSL] repeat=1 scope=internal_cv fold=1 epoch=13/50 ssl_loss=0.045224 lr=0.000135070 base_val_bce=0.653937 base_best=Y base_cls_epoch=18 epoch_seconds=4.4 task_elapsed_minutes=0.9 gpu_alloc_gb=0.318 gpu_reserved_gb=1.744
[SSL] repeat=1 scope=internal_cv fold=1 epoch=14/50 ssl_loss=0.053658 lr=0.000133610 base_val_bce=0.677844 base_best=N base_cls_epoch=19 epoch_seconds=3.9 task_elapsed_minutes=1.0 gpu_alloc_gb=0.317 gpu_reserved_gb=2.008
[SSL] repeat=1 scope=internal_cv fold=1 epoch=15/50 ssl_loss=0.053145 lr=0.000131749 base_val_bce=0.673482 base_best=N base_cls_epoch=20 epoch_seconds=3.6 task_elapsed_minutes=1.1 gpu_alloc_gb=0.318 gpu_reserved_gb=1.744
CHECKPOINT_BEST repeat=1 scope=internal_cv fold=1 phase=ssl epoch=16 path=/data/adodas/VarCoNet-V2-main/xiaolunwen/experiment1c/checkpoints/worker_r1_best.pt
[SSL] repeat=1 scope=internal_cv fold=1 epoch=16/50 ssl_loss=0.047613 lr=0.000129498 base_val_bce=0.653131 base_best=Y base_cls_epoch=25 epoch_seconds=4.5 task_elapsed_minutes=1.1 gpu_alloc_gb=0.317 gpu_reserved_gb=2.008
[SSL] repeat=1 scope=internal_cv fold=1 epoch=17/50 ssl_loss=0.050237 lr=0.000126870 base_val_bce=0.665562 base_best=N base_cls_epoch=26 epoch_seconds=3.8 task_elapsed_minutes=1.2 gpu_alloc_gb=0.318 gpu_reserved_gb=1.744
[SSL] repeat=1 scope=internal_cv fold=1 epoch=18/50 ssl_loss=0.049618 lr=0.000123883 base_val_bce=0.670625 base_best=N base_cls_epoch=24 epoch_seconds=3.9 task_elapsed_minutes=1.3 gpu_alloc_gb=0.317 gpu_reserved_gb=2.008
[SSL] repeat=1 scope=internal_cv fold=1 epoch=19/50 ssl_loss=0.040990 lr=0.000120554 base_val_bce=0.658066 base_best=N base_cls_epoch=22 epoch_seconds=3.9 task_elapsed_minutes=1.3 gpu_alloc_gb=0.318 gpu_reserved_gb=1.744
CHECKPOINT_LATEST repeat=1 scope=internal_cv fold=1 phase=ssl epoch=20 path=/data/adodas/VarCoNet-V2-main/xiaolunwen/experiment1c/checkpoints/worker_r1_latest.pt
[SSL] repeat=1 scope=internal_cv fold=1 epoch=20/50 ssl_loss=0.050634 lr=0.000116904 base_val_bce=0.664423 base_best=N base_cls_epoch=21 epoch_seconds=3.9 task_elapsed_minutes=1.4 gpu_alloc_gb=0.317 gpu_reserved_gb=2.008
[SSL] repeat=1 scope=internal_cv fold=1 epoch=21/50 ssl_loss=0.038301 lr=0.000112956 base_val_bce=0.659572 base_best=N base_cls_epoch=17 epoch_seconds=3.8 task_elapsed_minutes=1.5 gpu_alloc_gb=0.318 gpu_reserved_gb=1.744
[SSL] repeat=1 scope=internal_cv fold=1 epoch=22/50 ssl_loss=0.044647 lr=0.000108733 base_val_bce=0.666272 base_best=N base_cls_epoch=27 epoch_seconds=3.8 task_elapsed_minutes=1.5 gpu_alloc_gb=0.317 gpu_reserved_gb=2.008
[SSL] repeat=1 scope=internal_cv fold=1 epoch=23/50 ssl_loss=0.049490 lr=0.000104262 base_val_bce=0.653196 base_best=N base_cls_epoch=23 epoch_seconds=3.8 task_elapsed_minutes=1.6 gpu_alloc_gb=0.318 gpu_reserved_gb=1.744
[SSL] repeat=1 scope=internal_cv fold=1 epoch=24/50 ssl_loss=0.053259 lr=0.000099570 base_val_bce=0.660090 base_best=N base_cls_epoch=21 epoch_seconds=3.8 task_elapsed_minutes=1.6 gpu_alloc_gb=0.317 gpu_reserved_gb=2.008
[SSL] repeat=1 scope=internal_cv fold=1 epoch=25/50 ssl_loss=0.046282 lr=0.000094687 base_val_bce=0.654883 base_best=N base_cls_epoch=25 epoch_seconds=3.8 task_elapsed_minutes=1.7 gpu_alloc_gb=0.318 gpu_reserved_gb=1.744
[SSL] repeat=1 scope=internal_cv fold=1 epoch=26/50 ssl_loss=0.043508 lr=0.000089643 base_val_bce=0.667806 base_best=N base_cls_epoch=25 epoch_seconds=3.9 task_elapsed_minutes=1.8 gpu_alloc_gb=0.317 gpu_reserved_gb=2.008
[SSL] repeat=1 scope=internal_cv fold=1 epoch=27/50 ssl_loss=0.031045 lr=0.000084467 base_val_bce=0.661019 base_best=N base_cls_epoch=25 epoch_seconds=3.8 task_elapsed_minutes=1.8 gpu_alloc_gb=0.318 gpu_reserved_gb=1.744
[SSL] repeat=1 scope=internal_cv fold=1 epoch=28/50 ssl_loss=0.040721 lr=0.000079194 base_val_bce=0.668217 base_best=N base_cls_epoch=27 epoch_seconds=3.8 task_elapsed_minutes=1.9 gpu_alloc_gb=0.317 gpu_reserved_gb=2.008
[SSL] repeat=1 scope=internal_cv fold=1 epoch=29/50 ssl_loss=0.036487 lr=0.000073854 base_val_bce=0.662345 base_best=N base_cls_epoch=27 epoch_seconds=3.8 task_elapsed_minutes=2.0 gpu_alloc_gb=0.318 gpu_reserved_gb=1.744
CHECKPOINT_LATEST repeat=1 scope=internal_cv fold=1 phase=ssl epoch=30 path=/data/adodas/VarCoNet-V2-main/xiaolunwen/experiment1c/checkpoints/worker_r1_latest.pt
[SSL] repeat=1 scope=internal_cv fold=1 epoch=30/50 ssl_loss=0.049561 lr=0.000068481 base_val_bce=0.668130 base_best=N base_cls_epoch=28 epoch_seconds=4.2 task_elapsed_minutes=2.0 gpu_alloc_gb=0.317 gpu_reserved_gb=2.008
[SSL] repeat=1 scope=internal_cv fold=1 epoch=31/50 ssl_loss=0.038549 lr=0.000063108 base_val_bce=0.658088 base_best=N base_cls_epoch=29 epoch_seconds=3.9 task_elapsed_minutes=2.1 gpu_alloc_gb=0.318 gpu_reserved_gb=1.744
[SSL] repeat=1 scope=internal_cv fold=1 epoch=32/50 ssl_loss=0.037267 lr=0.000057768 base_val_bce=0.654964 base_best=N base_cls_epoch=25 epoch_seconds=3.8 task_elapsed_minutes=2.2 gpu_alloc_gb=0.317 gpu_reserved_gb=2.008
[SSL] repeat=1 scope=internal_cv fold=1 epoch=33/50 ssl_loss=0.030902 lr=0.000052494 base_val_bce=0.658827 base_best=N base_cls_epoch=25 epoch_seconds=3.8 task_elapsed_minutes=2.2 gpu_alloc_gb=0.318 gpu_reserved_gb=1.744
[SSL] repeat=1 scope=internal_cv fold=1 epoch=34/50 ssl_loss=0.042052 lr=0.000047319 base_val_bce=0.660020 base_best=N base_cls_epoch=26 epoch_seconds=3.8 task_elapsed_minutes=2.3 gpu_alloc_gb=0.317 gpu_reserved_gb=2.008
[SSL] repeat=1 scope=internal_cv fold=1 epoch=35/50 ssl_loss=0.033765 lr=0.000042274 base_val_bce=0.665701 base_best=N base_cls_epoch=25 epoch_seconds=3.9 task_elapsed_minutes=2.4 gpu_alloc_gb=0.318 gpu_reserved_gb=1.744
[SSL] repeat=1 scope=internal_cv fold=1 epoch=36/50 ssl_loss=0.033411 lr=0.000037391 base_val_bce=0.659046 base_best=N base_cls_epoch=26 epoch_seconds=3.3 task_elapsed_minutes=2.4 gpu_alloc_gb=0.317 gpu_reserved_gb=2.008
[SSL] repeat=1 scope=internal_cv fold=1 epoch=37/50 ssl_loss=0.033370 lr=0.000032700 base_val_bce=0.665971 base_best=N base_cls_epoch=26 epoch_seconds=3.2 task_elapsed_minutes=2.5 gpu_alloc_gb=0.318 gpu_reserved_gb=1.744
[SSL] repeat=1 scope=internal_cv fold=1 epoch=38/50 ssl_loss=0.044881 lr=0.000028229 base_val_bce=0.662862 base_best=N base_cls_epoch=26 epoch_seconds=2.9 task_elapsed_minutes=2.5 gpu_alloc_gb=0.317 gpu_reserved_gb=2.008
[SSL] repeat=1 scope=internal_cv fold=1 epoch=39/50 ssl_loss=0.044207 lr=0.000024006 base_val_bce=0.662901 base_best=N base_cls_epoch=25 epoch_seconds=4.6 task_elapsed_minutes=2.6 gpu_alloc_gb=0.318 gpu_reserved_gb=1.744
CHECKPOINT_LATEST repeat=1 scope=internal_cv fold=1 phase=ssl epoch=40 path=/data/adodas/VarCoNet-V2-main/xiaolunwen/experiment1c/checkpoints/worker_r1_latest.pt
[SSL] repeat=1 scope=internal_cv fold=1 epoch=40/50 ssl_loss=0.039010 lr=0.000020058 base_val_bce=0.660452 base_best=N base_cls_epoch=23 epoch_seconds=5.3 task_elapsed_minutes=2.7 gpu_alloc_gb=0.317 gpu_reserved_gb=2.008
[SSL] repeat=1 scope=internal_cv fold=1 epoch=41/50 ssl_loss=0.044060 lr=0.000016408 base_val_bce=0.662820 base_best=N base_cls_epoch=26 epoch_seconds=6.5 task_elapsed_minutes=2.8 gpu_alloc_gb=0.318 gpu_reserved_gb=1.744
[SSL] repeat=1 scope=internal_cv fold=1 epoch=42/50 ssl_loss=0.033031 lr=0.000013079 base_val_bce=0.657048 base_best=N base_cls_epoch=29 epoch_seconds=3.8 task_elapsed_minutes=2.9 gpu_alloc_gb=0.317 gpu_reserved_gb=2.008
[SSL] repeat=1 scope=internal_cv fold=1 epoch=43/50 ssl_loss=0.036833 lr=0.000010091 base_val_bce=0.657689 base_best=N base_cls_epoch=28 epoch_seconds=3.2 task_elapsed_minutes=2.9 gpu_alloc_gb=0.318 gpu_reserved_gb=1.744
[SSL] repeat=1 scope=internal_cv fold=1 epoch=44/50 ssl_loss=0.037296 lr=0.000007464 base_val_bce=0.661102 base_best=N base_cls_epoch=30 epoch_seconds=3.4 task_elapsed_minutes=3.0 gpu_alloc_gb=0.317 gpu_reserved_gb=2.008
[SSL] repeat=1 scope=internal_cv fold=1 epoch=45/50 ssl_loss=0.039086 lr=0.000005213 base_val_bce=0.658375 base_best=N base_cls_epoch=26 epoch_seconds=3.1 task_elapsed_minutes=3.0 gpu_alloc_gb=0.318 gpu_reserved_gb=1.744
[SSL] repeat=1 scope=internal_cv fold=1 epoch=46/50 ssl_loss=0.045808 lr=0.000003352 base_val_bce=0.662079 base_best=N base_cls_epoch=27 epoch_seconds=2.7 task_elapsed_minutes=3.1 gpu_alloc_gb=0.317 gpu_reserved_gb=2.008
[SSL] repeat=1 scope=internal_cv fold=1 epoch=47/50 ssl_loss=0.033385 lr=0.000001892 base_val_bce=0.658207 base_best=N base_cls_epoch=25 epoch_seconds=2.8 task_elapsed_minutes=3.1 gpu_alloc_gb=0.318 gpu_reserved_gb=1.744
[SSL] repeat=1 scope=internal_cv fold=1 epoch=48/50 ssl_loss=0.032482 lr=0.000000843 base_val_bce=0.663156 base_best=N base_cls_epoch=27 epoch_seconds=2.8 task_elapsed_minutes=3.2 gpu_alloc_gb=0.317 gpu_reserved_gb=2.008
CHECKPOINT_BEST repeat=1 scope=internal_cv fold=1 phase=ssl epoch=49 path=/data/adodas/VarCoNet-V2-main/xiaolunwen/experiment1c/checkpoints/worker_r1_best.pt
[SSL] repeat=1 scope=internal_cv fold=1 epoch=49/50 ssl_loss=0.039546 lr=0.000000211 base_val_bce=0.650242 base_best=Y base_cls_epoch=22 epoch_seconds=3.8 task_elapsed_minutes=3.2 gpu_alloc_gb=0.318 gpu_reserved_gb=1.744
CHECKPOINT_LATEST repeat=1 scope=internal_cv fold=1 phase=ssl epoch=50 path=/data/adodas/VarCoNet-V2-main/xiaolunwen/experiment1c/checkpoints/worker_r1_latest.pt
[SSL] repeat=1 scope=internal_cv fold=1 epoch=50/50 ssl_loss=0.054563 lr=0.000000000 base_val_bce=0.667982 base_best=N base_cls_epoch=26 epoch_seconds=14.5 task_elapsed_minutes=3.5 gpu_alloc_gb=0.317 gpu_reserved_gb=2.008
[CRSM_ZERO_BASELINE] repeat=1 scope=internal_cv fold=1 epoch=0 exact_zero=Y val_bce=0.650242 probability_max_abs=5.96e-08
CHECKPOINT_LATEST repeat=1 scope=internal_cv fold=1 phase=crsm_corrected epoch=0 path=/data/adodas/VarCoNet-V2-main/xiaolunwen/experiment1c/checkpoints/worker_r1_latest.pt
CHECKPOINT_BEST repeat=1 scope=internal_cv fold=1 phase=crsm_corrected epoch=0 path=/data/adodas/VarCoNet-V2-main/xiaolunwen/experiment1c/checkpoints/worker_r1_best.pt
CHECKPOINT_BEST repeat=1 scope=internal_cv fold=1 phase=crsm_corrected epoch=0 path=/data/adodas/VarCoNet-V2-main/xiaolunwen/experiment1c/checkpoints/worker_r1_best.pt
CHECKPOINT_LATEST repeat=1 scope=internal_cv fold=1 phase=crsm_corrected epoch=0 path=/data/adodas/VarCoNet-V2-main/xiaolunwen/experiment1c/checkpoints/worker_r1_latest.pt
[CRSM_SYMMETRY_START] repeat=1 scope=internal_cv fold=1 after_exact_zero=Y pca_unit_norm=1.00000000 pca_singular=149.880615 symmetry_scale=0.00162612984
CHECKPOINT_LATEST repeat=1 scope=internal_cv fold=1 phase=crsm_corrected epoch=10 path=/data/adodas/VarCoNet-V2-main/xiaolunwen/experiment1c/checkpoints/worker_r1_latest.pt
[CRSM_CORRECTED] repeat=1 scope=internal_cv fold=1 epoch=10/149 train_loss=0.290625 val_bce=0.659986 best=N best_epoch=0 asd_mass=(0.5046,0.4954) hc_mass=(0.5000,0.5000) delta_l2=(0.131673,0.130994) epoch_seconds=0.92
CHECKPOINT_LATEST repeat=1 scope=internal_cv fold=1 phase=crsm_corrected epoch=20 path=/data/adodas/VarCoNet-V2-main/xiaolunwen/experiment1c/checkpoints/worker_r1_latest.pt
[CRSM_CORRECTED] repeat=1 scope=internal_cv fold=1 epoch=20/149 train_loss=0.254112 val_bce=0.676449 best=N best_epoch=0 asd_mass=(0.5072,0.4928) hc_mass=(0.5000,0.5000) delta_l2=(0.252216,0.251535) epoch_seconds=1.04
CHECKPOINT_LATEST repeat=1 scope=internal_cv fold=1 phase=crsm_corrected epoch=30 path=/data/adodas/VarCoNet-V2-main/xiaolunwen/experiment1c/checkpoints/worker_r1_latest.pt
[CRSM_CORRECTED] repeat=1 scope=internal_cv fold=1 epoch=30/149 train_loss=0.228351 val_bce=0.695808 best=N best_epoch=0 asd_mass=(0.5113,0.4887) hc_mass=(0.5000,0.5000) delta_l2=(0.360577,0.359841) epoch_seconds=0.89
CHECKPOINT_LATEST repeat=1 scope=internal_cv fold=1 phase=crsm_corrected epoch=40 path=/data/adodas/VarCoNet-V2-main/xiaolunwen/experiment1c/checkpoints/worker_r1_latest.pt
[CRSM_CORRECTED] repeat=1 scope=internal_cv fold=1 epoch=40/149 train_loss=0.209941 val_bce=0.716103 best=N best_epoch=0 asd_mass=(0.5177,0.4823) hc_mass=(0.5000,0.5000) delta_l2=(0.457203,0.456278) epoch_seconds=1.25
CHECKPOINT_LATEST repeat=1 scope=internal_cv fold=1 phase=crsm_corrected epoch=50 path=/data/adodas/VarCoNet-V2-main/xiaolunwen/experiment1c/checkpoints/worker_r1_latest.pt
[CRSM_CORRECTED] repeat=1 scope=internal_cv fold=1 epoch=50/149 train_loss=0.196546 val_bce=0.736494 best=N best_epoch=0 asd_mass=(0.5269,0.4731) hc_mass=(0.5000,0.5000) delta_l2=(0.543448,0.542068) epoch_seconds=1.07
CHECKPOINT_LATEST repeat=1 scope=internal_cv fold=1 phase=crsm_corrected epoch=60 path=/data/adodas/VarCoNet-V2-main/xiaolunwen/experiment1c/checkpoints/worker_r1_latest.pt
[CRSM_CORRECTED] repeat=1 scope=internal_cv fold=1 epoch=60/149 train_loss=0.186551 val_bce=0.757199 best=N best_epoch=0 asd_mass=(0.5384,0.4616) hc_mass=(0.5000,0.5000) delta_l2=(0.620745,0.618562) epoch_seconds=1.08
CHECKPOINT_LATEST repeat=1 scope=internal_cv fold=1 phase=crsm_corrected epoch=70 path=/data/adodas/VarCoNet-V2-main/xiaolunwen/experiment1c/checkpoints/worker_r1_latest.pt
[CRSM_CORRECTED] repeat=1 scope=internal_cv fold=1 epoch=70/149 train_loss=0.178857 val_bce=0.778234 best=N best_epoch=0 asd_mass=(0.5505,0.4495) hc_mass=(0.5000,0.5000) delta_l2=(0.690483,0.687202) epoch_seconds=0.42
CHECKPOINT_LATEST repeat=1 scope=internal_cv fold=1 phase=crsm_corrected epoch=80 path=/data/adodas/VarCoNet-V2-main/xiaolunwen/experiment1c/checkpoints/worker_r1_latest.pt
[CRSM_CORRECTED] repeat=1 scope=internal_cv fold=1 epoch=80/149 train_loss=0.172775 val_bce=0.799391 best=N best_epoch=0 asd_mass=(0.5615,0.4385) hc_mass=(0.5000,0.5000) delta_l2=(0.753870,0.749401) epoch_seconds=0.89
CHECKPOINT_LATEST repeat=1 scope=internal_cv fold=1 phase=crsm_corrected epoch=90 path=/data/adodas/VarCoNet-V2-main/xiaolunwen/experiment1c/checkpoints/worker_r1_latest.pt
[CRSM_CORRECTED] repeat=1 scope=internal_cv fold=1 epoch=90/149 train_loss=0.167897 val_bce=0.820477 best=N best_epoch=0 asd_mass=(0.5703,0.4297) hc_mass=(0.5000,0.5000) delta_l2=(0.811833,0.806272) epoch_seconds=0.73
CHECKPOINT_LATEST repeat=1 scope=internal_cv fold=1 phase=crsm_corrected epoch=100 path=/data/adodas/VarCoNet-V2-main/xiaolunwen/experiment1c/checkpoints/worker_r1_latest.pt
[CRSM_CORRECTED] repeat=1 scope=internal_cv fold=1 epoch=100/149 train_loss=0.163965 val_bce=0.841166 best=N best_epoch=0 asd_mass=(0.5774,0.4226) hc_mass=(0.5000,0.5000) delta_l2=(0.865046,0.858555) epoch_seconds=1.36
CHECKPOINT_LATEST repeat=1 scope=internal_cv fold=1 phase=crsm_corrected epoch=110 path=/data/adodas/VarCoNet-V2-main/xiaolunwen/experiment1c/checkpoints/worker_r1_latest.pt
[CRSM_CORRECTED] repeat=1 scope=internal_cv fold=1 epoch=110/149 train_loss=0.160788 val_bce=0.861202 best=N best_epoch=0 asd_mass=(0.5830,0.4170) hc_mass=(0.5000,0.5000) delta_l2=(0.914021,0.906743) epoch_seconds=1.09
CHECKPOINT_LATEST repeat=1 scope=internal_cv fold=1 phase=crsm_corrected epoch=120 path=/data/adodas/VarCoNet-V2-main/xiaolunwen/experiment1c/checkpoints/worker_r1_latest.pt
[CRSM_CORRECTED] repeat=1 scope=internal_cv fold=1 epoch=120/149 train_loss=0.158211 val_bce=0.880431 best=N best_epoch=0 asd_mass=(0.5874,0.4126) hc_mass=(0.5000,0.5000) delta_l2=(0.959177,0.951223) epoch_seconds=0.83
CHECKPOINT_LATEST repeat=1 scope=internal_cv fold=1 phase=crsm_corrected epoch=130 path=/data/adodas/VarCoNet-V2-main/xiaolunwen/experiment1c/checkpoints/worker_r1_latest.pt
[CRSM_CORRECTED] repeat=1 scope=internal_cv fold=1 epoch=130/149 train_loss=0.156110 val_bce=0.898755 best=N best_epoch=0 asd_mass=(0.5910,0.4090) hc_mass=(0.5000,0.5000) delta_l2=(1.000889,0.992339) epoch_seconds=0.63
CHECKPOINT_LATEST repeat=1 scope=internal_cv fold=1 phase=crsm_corrected epoch=140 path=/data/adodas/VarCoNet-V2-main/xiaolunwen/experiment1c/checkpoints/worker_r1_latest.pt
[CRSM_CORRECTED] repeat=1 scope=internal_cv fold=1 epoch=140/149 train_loss=0.154385 val_bce=0.916148 best=N best_epoch=0 asd_mass=(0.5939,0.4061) hc_mass=(0.5000,0.5000) delta_l2=(1.039500,1.030418) epoch_seconds=1.05
CHECKPOINT_LATEST repeat=1 scope=internal_cv fold=1 phase=crsm_corrected epoch=149 path=/data/adodas/VarCoNet-V2-main/xiaolunwen/experiment1c/checkpoints/worker_r1_latest.pt
[CRSM_CORRECTED] repeat=1 scope=internal_cv fold=1 epoch=149/149 train_loss=0.153088 val_bce=0.931017 best=N best_epoch=0 asd_mass=(0.5960,0.4040) hc_mass=(0.5000,0.5000) delta_l2=(1.071861,1.062351) epoch_seconds=1.00
[SNDE_NORMATIVE] repeat=1 scope=internal_cv fold=1 n_unique_asd=357 n_unique_hc=317 roi_dim=384 std_floor=0.0013556384 pc1_explained_fraction=0.209220 hc_score_mean_before_norm=4.8135e-08 hc_score_std_before_norm=7.43441 asd_positive_fraction=0.0000 asd_negative_fraction=0.1261 asd_generalist_fraction=0.8739 hc_positive_fraction=0.0032 hc_negative_fraction=0.0883 hc_generalist_fraction=0.9085
[SNDE_ZERO_BASELINE] repeat=1 scope=internal_cv fold=1 epoch=0 exact_zero=Y val_bce=0.650242 probability_max_abs=5.96e-08
CHECKPOINT_BEST repeat=1 scope=internal_cv fold=1 phase=snde epoch=0 path=/data/adodas/VarCoNet-V2-main/xiaolunwen/experiment1c/checkpoints/worker_r1_best.pt
CHECKPOINT_LATEST repeat=1 scope=internal_cv fold=1 phase=snde epoch=0 path=/data/adodas/VarCoNet-V2-main/xiaolunwen/experiment1c/checkpoints/worker_r1_latest.pt
CHECKPOINT_LATEST repeat=1 scope=internal_cv fold=1 phase=snde epoch=10 path=/data/adodas/VarCoNet-V2-main/xiaolunwen/experiment1c/checkpoints/worker_r1_latest.pt
[SNDE] repeat=1 scope=internal_cv fold=1 epoch=10/149 train_bce=0.325076 val_bce=0.652067 best=N best_epoch=0 asd_gate=(+0.000,-0.126,g0.874) hc_gate=(+0.003,-0.088,g0.909) pos_weight_l2=0.194287 neg_weight_l2=0.112114 mean_abs_pos_correction=0.000287 mean_abs_neg_correction=0.150273 elapsed_seconds=1.03
CHECKPOINT_LATEST repeat=1 scope=internal_cv fold=1 phase=snde epoch=20 path=/data/adodas/VarCoNet-V2-main/xiaolunwen/experiment1c/checkpoints/worker_r1_latest.pt
[SNDE] repeat=1 scope=internal_cv fold=1 epoch=20/149 train_bce=0.321516 val_bce=0.651560 best=N best_epoch=0 asd_gate=(+0.000,-0.126,g0.874) hc_gate=(+0.003,-0.088,g0.909) pos_weight_l2=0.382799 neg_weight_l2=0.184988 mean_abs_pos_correction=0.000565 mean_abs_neg_correction=0.215718 elapsed_seconds=0.86
CHECKPOINT_LATEST repeat=1 scope=internal_cv fold=1 phase=snde epoch=30 path=/data/adodas/VarCoNet-V2-main/xiaolunwen/experiment1c/checkpoints/worker_r1_latest.pt
[SNDE] repeat=1 scope=internal_cv fold=1 epoch=30/149 train_bce=0.319534 val_bce=0.651818 best=N best_epoch=0 asd_gate=(+0.000,-0.126,g0.874) hc_gate=(+0.003,-0.088,g0.909) pos_weight_l2=0.561383 neg_weight_l2=0.242121 mean_abs_pos_correction=0.000828 mean_abs_neg_correction=0.245357 elapsed_seconds=1.08
CHECKPOINT_LATEST repeat=1 scope=internal_cv fold=1 phase=snde epoch=40 path=/data/adodas/VarCoNet-V2-main/xiaolunwen/experiment1c/checkpoints/worker_r1_latest.pt
[SNDE] repeat=1 scope=internal_cv fold=1 epoch=40/149 train_bce=0.318222 val_bce=0.652161 best=N best_epoch=0 asd_gate=(+0.000,-0.126,g0.874) hc_gate=(+0.003,-0.088,g0.909) pos_weight_l2=0.727857 neg_weight_l2=0.289658 mean_abs_pos_correction=0.001074 mean_abs_neg_correction=0.268906 elapsed_seconds=0.90
CHECKPOINT_LATEST repeat=1 scope=internal_cv fold=1 phase=snde epoch=50 path=/data/adodas/VarCoNet-V2-main/xiaolunwen/experiment1c/checkpoints/worker_r1_latest.pt
[SNDE] repeat=1 scope=internal_cv fold=1 epoch=50/149 train_bce=0.317259 val_bce=0.652454 best=N best_epoch=0 asd_gate=(+0.000,-0.126,g0.874) hc_gate=(+0.003,-0.088,g0.909) pos_weight_l2=0.881782 neg_weight_l2=0.331466 mean_abs_pos_correction=0.001301 mean_abs_neg_correction=0.283053 elapsed_seconds=0.73
CHECKPOINT_LATEST repeat=1 scope=internal_cv fold=1 phase=snde epoch=60 path=/data/adodas/VarCoNet-V2-main/xiaolunwen/experiment1c/checkpoints/worker_r1_latest.pt
[SNDE] repeat=1 scope=internal_cv fold=1 epoch=60/149 train_bce=0.316518 val_bce=0.652662 best=N best_epoch=0 asd_gate=(+0.000,-0.126,g0.874) hc_gate=(+0.003,-0.088,g0.909) pos_weight_l2=1.023802 neg_weight_l2=0.369815 mean_abs_pos_correction=0.001511 mean_abs_neg_correction=0.297123 elapsed_seconds=0.91
CHECKPOINT_LATEST repeat=1 scope=internal_cv fold=1 phase=snde epoch=70 path=/data/adodas/VarCoNet-V2-main/xiaolunwen/experiment1c/checkpoints/worker_r1_latest.pt
[SNDE] repeat=1 scope=internal_cv fold=1 epoch=70/149 train_bce=0.315934 val_bce=0.652926 best=N best_epoch=0 asd_gate=(+0.000,-0.126,g0.874) hc_gate=(+0.003,-0.088,g0.909) pos_weight_l2=1.155045 neg_weight_l2=0.405753 mean_abs_pos_correction=0.001704 mean_abs_neg_correction=0.309769 elapsed_seconds=0.58
CHECKPOINT_LATEST repeat=1 scope=internal_cv fold=1 phase=snde epoch=80 path=/data/adodas/VarCoNet-V2-main/xiaolunwen/experiment1c/checkpoints/worker_r1_latest.pt
[SNDE] repeat=1 scope=internal_cv fold=1 epoch=80/149 train_bce=0.315461 val_bce=0.653418 best=N best_epoch=0 asd_gate=(+0.000,-0.126,g0.874) hc_gate=(+0.003,-0.088,g0.909) pos_weight_l2=1.276745 neg_weight_l2=0.439710 mean_abs_pos_correction=0.001884 mean_abs_neg_correction=0.323395 elapsed_seconds=1.10
CHECKPOINT_LATEST repeat=1 scope=internal_cv fold=1 phase=snde epoch=90 path=/data/adodas/VarCoNet-V2-main/xiaolunwen/experiment1c/checkpoints/worker_r1_latest.pt
[SNDE] repeat=1 scope=internal_cv fold=1 epoch=90/149 train_bce=0.315066 val_bce=0.654026 best=N best_epoch=0 asd_gate=(+0.000,-0.126,g0.874) hc_gate=(+0.003,-0.088,g0.909) pos_weight_l2=1.390062 neg_weight_l2=0.471976 mean_abs_pos_correction=0.002051 mean_abs_neg_correction=0.336769 elapsed_seconds=0.93
CHECKPOINT_LATEST repeat=1 scope=internal_cv fold=1 phase=snde epoch=100 path=/data/adodas/VarCoNet-V2-main/xiaolunwen/experiment1c/checkpoints/worker_r1_latest.pt
[SNDE] repeat=1 scope=internal_cv fold=1 epoch=100/149 train_bce=0.314729 val_bce=0.654686 best=N best_epoch=0 asd_gate=(+0.000,-0.126,g0.874) hc_gate=(+0.003,-0.088,g0.909) pos_weight_l2=1.496016 neg_weight_l2=0.502784 mean_abs_pos_correction=0.002208 mean_abs_neg_correction=0.349315 elapsed_seconds=0.90
CHECKPOINT_LATEST repeat=1 scope=internal_cv fold=1 phase=snde epoch=110 path=/data/adodas/VarCoNet-V2-main/xiaolunwen/experiment1c/checkpoints/worker_r1_latest.pt
[SNDE] repeat=1 scope=internal_cv fold=1 epoch=110/149 train_bce=0.314436 val_bce=0.655371 best=N best_epoch=0 asd_gate=(+0.000,-0.126,g0.874) hc_gate=(+0.003,-0.088,g0.909) pos_weight_l2=1.595479 neg_weight_l2=0.532323 mean_abs_pos_correction=0.002355 mean_abs_neg_correction=0.361147 elapsed_seconds=1.02
CHECKPOINT_LATEST repeat=1 scope=internal_cv fold=1 phase=snde epoch=120 path=/data/adodas/VarCoNet-V2-main/xiaolunwen/experiment1c/checkpoints/worker_r1_latest.pt
[SNDE] repeat=1 scope=internal_cv fold=1 epoch=120/149 train_bce=0.314177 val_bce=0.656050 best=N best_epoch=0 asd_gate=(+0.000,-0.126,g0.874) hc_gate=(+0.003,-0.088,g0.909) pos_weight_l2=1.689187 neg_weight_l2=0.560757 mean_abs_pos_correction=0.002493 mean_abs_neg_correction=0.372096 elapsed_seconds=0.72
CHECKPOINT_LATEST repeat=1 scope=internal_cv fold=1 phase=snde epoch=130 path=/data/adodas/VarCoNet-V2-main/xiaolunwen/experiment1c/checkpoints/worker_r1_latest.pt
[SNDE] repeat=1 scope=internal_cv fold=1 epoch=130/149 train_bce=0.313946 val_bce=0.656705 best=N best_epoch=0 asd_gate=(+0.000,-0.126,g0.874) hc_gate=(+0.003,-0.088,g0.909) pos_weight_l2=1.777765 neg_weight_l2=0.588228 mean_abs_pos_correction=0.002624 mean_abs_neg_correction=0.382509 elapsed_seconds=0.81
CHECKPOINT_LATEST repeat=1 scope=internal_cv fold=1 phase=snde epoch=140 path=/data/adodas/VarCoNet-V2-main/xiaolunwen/experiment1c/checkpoints/worker_r1_latest.pt
[SNDE] repeat=1 scope=internal_cv fold=1 epoch=140/149 train_bce=0.313737 val_bce=0.657344 best=N best_epoch=0 asd_gate=(+0.000,-0.126,g0.874) hc_gate=(+0.003,-0.088,g0.909) pos_weight_l2=1.861745 neg_weight_l2=0.614855 mean_abs_pos_correction=0.002748 mean_abs_neg_correction=0.392416 elapsed_seconds=0.90
CHECKPOINT_LATEST repeat=1 scope=internal_cv fold=1 phase=snde epoch=149 path=/data/adodas/VarCoNet-V2-main/xiaolunwen/experiment1c/checkpoints/worker_r1_latest.pt
[SNDE] repeat=1 scope=internal_cv fold=1 epoch=149/149 train_bce=0.313565 val_bce=0.657898 best=N best_epoch=0 asd_gate=(+0.000,-0.126,g0.874) hc_gate=(+0.003,-0.088,g0.909) pos_weight_l2=1.933770 neg_weight_l2=0.638181 mean_abs_pos_correction=0.002854 mean_abs_neg_correction=0.400969 elapsed_seconds=0.61
TASK_TRAINING_DONE repeat=1 scope=internal_cv fold=1 base_encoder_epoch=49 base_classifier_epoch=22 base_val_bce=0.650242 crsm_epoch=0 crsm_val_bce=0.650242 snde_epoch=0 snde_val_bce=0.650242 elapsed_minutes=4.3
TASK_DONE repeat=1 scope=internal_fold fold=1 method=baseline selected_encoder_epoch=49 test_auc=0.824215 test_bce=0.554881 elapsed_minutes=4.3
TASK_DONE repeat=1 scope=internal_fold fold=1 method=crsm_corrected selected_encoder_epoch=49 test_auc=0.824215 test_bce=0.554881 elapsed_minutes=4.3
TASK_DONE repeat=1 scope=internal_fold fold=1 method=selective_normative_deviation_experts selected_encoder_epoch=49 test_auc=0.824215 test_bce=0.554881 elapsed_minutes=4.3
TASK_START repeat=1 scope=internal_cv fold=2 seed=100102 device=cuda:0 methods=baseline,crsm_corrected,selective_normative_deviation_experts shared_encoder=Y reference_unique_n=674 train_n=750 val_n=120
CHECKPOINT_BEST repeat=1 scope=internal_cv fold=2 phase=ssl epoch=1 path=/data/adodas/VarCoNet-V2-main/xiaolunwen/experiment1c/checkpoints/worker_r1_best.pt
[SSL] repeat=1 scope=internal_cv fold=2 epoch=1/50 ssl_loss=0.099385 lr=0.000024107 base_val_bce=0.566603 base_best=Y base_cls_epoch=67 epoch_seconds=3.7 task_elapsed_minutes=0.1 gpu_alloc_gb=0.318 gpu_reserved_gb=1.744
[SSL] repeat=1 scope=internal_cv fold=2 epoch=2/50 ssl_loss=0.087229 lr=0.000038214 base_val_bce=0.579933 base_best=N base_cls_epoch=80 epoch_seconds=3.2 task_elapsed_minutes=0.1 gpu_alloc_gb=0.317 gpu_reserved_gb=2.008
[SSL] repeat=1 scope=internal_cv fold=2 epoch=3/50 ssl_loss=0.102405 lr=0.000052321 base_val_bce=0.572786 base_best=N base_cls_epoch=65 epoch_seconds=3.1 task_elapsed_minutes=0.2 gpu_alloc_gb=0.318 gpu_reserved_gb=1.744
[SSL] repeat=1 scope=internal_cv fold=2 epoch=4/50 ssl_loss=0.082462 lr=0.000066427 base_val_bce=0.567510 base_best=N base_cls_epoch=63 epoch_seconds=2.9 task_elapsed_minutes=0.2 gpu_alloc_gb=0.317 gpu_reserved_gb=2.008
CHECKPOINT_BEST repeat=1 scope=internal_cv fold=2 phase=ssl epoch=5 path=/data/adodas/VarCoNet-V2-main/xiaolunwen/experiment1c/checkpoints/worker_r1_best.pt
[SSL] repeat=1 scope=internal_cv fold=2 epoch=5/50 ssl_loss=0.102270 lr=0.000080534 base_val_bce=0.564322 base_best=Y base_cls_epoch=67 epoch_seconds=3.7 task_elapsed_minutes=0.3 gpu_alloc_gb=0.318 gpu_reserved_gb=1.744
CHECKPOINT_BEST repeat=1 scope=internal_cv fold=2 phase=ssl epoch=6 path=/data/adodas/VarCoNet-V2-main/xiaolunwen/experiment1c/checkpoints/worker_r1_best.pt
[SSL] repeat=1 scope=internal_cv fold=2 epoch=6/50 ssl_loss=0.085476 lr=0.000094641 base_val_bce=0.563453 base_best=Y base_cls_epoch=68 epoch_seconds=13.4 task_elapsed_minutes=0.5 gpu_alloc_gb=0.317 gpu_reserved_gb=2.008
CHECKPOINT_BEST repeat=1 scope=internal_cv fold=2 phase=ssl epoch=7 path=/data/adodas/VarCoNet-V2-main/xiaolunwen/experiment1c/checkpoints/worker_r1_best.pt
[SSL] repeat=1 scope=internal_cv fold=2 epoch=7/50 ssl_loss=0.075683 lr=0.000108748 base_val_bce=0.554372 base_best=Y base_cls_epoch=69 epoch_seconds=10.7 task_elapsed_minutes=0.7 gpu_alloc_gb=0.318 gpu_reserved_gb=1.744
[SSL] repeat=1 scope=internal_cv fold=2 epoch=8/50 ssl_loss=0.068389 lr=0.000122855 base_val_bce=0.563899 base_best=N base_cls_epoch=76 epoch_seconds=8.5 task_elapsed_minutes=0.8 gpu_alloc_gb=0.317 gpu_reserved_gb=2.008
[SSL] repeat=1 scope=internal_cv fold=2 epoch=9/50 ssl_loss=0.053449 lr=0.000136962 base_val_bce=0.561495 base_best=N base_cls_epoch=85 epoch_seconds=8.2 task_elapsed_minutes=1.0 gpu_alloc_gb=0.318 gpu_reserved_gb=1.744
CHECKPOINT_BEST repeat=1 scope=internal_cv fold=2 phase=ssl epoch=10 path=/data/adodas/VarCoNet-V2-main/xiaolunwen/experiment1c/checkpoints/worker_r1_best.pt
CHECKPOINT_LATEST repeat=1 scope=internal_cv fold=2 phase=ssl epoch=10 path=/data/adodas/VarCoNet-V2-main/xiaolunwen/experiment1c/checkpoints/worker_r1_latest.pt
[SSL] repeat=1 scope=internal_cv fold=2 epoch=10/50 ssl_loss=0.065347 lr=0.000136962 base_val_bce=0.543571 base_best=Y base_cls_epoch=93 epoch_seconds=8.0 task_elapsed_minutes=1.1 gpu_alloc_gb=0.317 gpu_reserved_gb=2.008
[SSL] repeat=1 scope=internal_cv fold=2 epoch=11/50 ssl_loss=0.061776 lr=0.000136751 base_val_bce=0.552462 base_best=N base_cls_epoch=68 epoch_seconds=6.9 task_elapsed_minutes=1.2 gpu_alloc_gb=0.318 gpu_reserved_gb=1.744
[SSL] repeat=1 scope=internal_cv fold=2 epoch=12/50 ssl_loss=0.041236 lr=0.000136119 base_val_bce=0.571213 base_best=N base_cls_epoch=74 epoch_seconds=8.2 task_elapsed_minutes=1.4 gpu_alloc_gb=0.317 gpu_reserved_gb=2.008
[SSL] repeat=1 scope=internal_cv fold=2 epoch=13/50 ssl_loss=0.042317 lr=0.000135070 base_val_bce=0.564648 base_best=N base_cls_epoch=83 epoch_seconds=7.0 task_elapsed_minutes=1.5 gpu_alloc_gb=0.318 gpu_reserved_gb=1.744
[SSL] repeat=1 scope=internal_cv fold=2 epoch=14/50 ssl_loss=0.059188 lr=0.000133610 base_val_bce=0.563478 base_best=N base_cls_epoch=59 epoch_seconds=3.9 task_elapsed_minutes=1.5 gpu_alloc_gb=0.317 gpu_reserved_gb=2.008
[SSL] repeat=1 scope=internal_cv fold=2 epoch=15/50 ssl_loss=0.039616 lr=0.000131749 base_val_bce=0.569938 base_best=N base_cls_epoch=67 epoch_seconds=3.9 task_elapsed_minutes=1.6 gpu_alloc_gb=0.318 gpu_reserved_gb=1.744
[SSL] repeat=1 scope=internal_cv fold=2 epoch=16/50 ssl_loss=0.050607 lr=0.000129498 base_val_bce=0.568058 base_best=N base_cls_epoch=72 epoch_seconds=3.9 task_elapsed_minutes=1.7 gpu_alloc_gb=0.317 gpu_reserved_gb=2.008
[SSL] repeat=1 scope=internal_cv fold=2 epoch=17/50 ssl_loss=0.042492 lr=0.000126870 base_val_bce=0.556293 base_best=N base_cls_epoch=67 epoch_seconds=4.0 task_elapsed_minutes=1.7 gpu_alloc_gb=0.318 gpu_reserved_gb=1.744
[SSL] repeat=1 scope=internal_cv fold=2 epoch=18/50 ssl_loss=0.047177 lr=0.000123883 base_val_bce=0.551657 base_best=N base_cls_epoch=79 epoch_seconds=4.1 task_elapsed_minutes=1.8 gpu_alloc_gb=0.317 gpu_reserved_gb=2.008
[SSL] repeat=1 scope=internal_cv fold=2 epoch=19/50 ssl_loss=0.047164 lr=0.000120554 base_val_bce=0.564443 base_best=N base_cls_epoch=73 epoch_seconds=7.5 task_elapsed_minutes=1.9 gpu_alloc_gb=0.318 gpu_reserved_gb=1.744
CHECKPOINT_LATEST repeat=1 scope=internal_cv fold=2 phase=ssl epoch=20 path=/data/adodas/VarCoNet-V2-main/xiaolunwen/experiment1c/checkpoints/worker_r1_latest.pt
[SSL] repeat=1 scope=internal_cv fold=2 epoch=20/50 ssl_loss=0.039729 lr=0.000116904 base_val_bce=0.566234 base_best=N base_cls_epoch=72 epoch_seconds=8.5 task_elapsed_minutes=2.1 gpu_alloc_gb=0.317 gpu_reserved_gb=2.008
[SSL] repeat=1 scope=internal_cv fold=2 epoch=21/50 ssl_loss=0.052811 lr=0.000112956 base_val_bce=0.563540 base_best=N base_cls_epoch=67 epoch_seconds=8.5 task_elapsed_minutes=2.2 gpu_alloc_gb=0.318 gpu_reserved_gb=1.744
[SSL] repeat=1 scope=internal_cv fold=2 epoch=22/50 ssl_loss=0.035476 lr=0.000108733 base_val_bce=0.565880 base_best=N base_cls_epoch=65 epoch_seconds=5.6 task_elapsed_minutes=2.3 gpu_alloc_gb=0.317 gpu_reserved_gb=2.008
[SSL] repeat=1 scope=internal_cv fold=2 epoch=23/50 ssl_loss=0.034630 lr=0.000104262 base_val_bce=0.559969 base_best=N base_cls_epoch=76 epoch_seconds=7.7 task_elapsed_minutes=2.4 gpu_alloc_gb=0.318 gpu_reserved_gb=1.744
[SSL] repeat=1 scope=internal_cv fold=2 epoch=24/50 ssl_loss=0.041024 lr=0.000099570 base_val_bce=0.561269 base_best=N base_cls_epoch=73 epoch_seconds=11.4 task_elapsed_minutes=2.6 gpu_alloc_gb=0.317 gpu_reserved_gb=2.008
[SSL] repeat=1 scope=internal_cv fold=2 epoch=25/50 ssl_loss=0.035584 lr=0.000094687 base_val_bce=0.554842 base_best=N base_cls_epoch=79 epoch_seconds=8.8 task_elapsed_minutes=2.8 gpu_alloc_gb=0.318 gpu_reserved_gb=1.744
[SSL] repeat=1 scope=internal_cv fold=2 epoch=26/50 ssl_loss=0.044964 lr=0.000089643 base_val_bce=0.568971 base_best=N base_cls_epoch=77 epoch_seconds=4.7 task_elapsed_minutes=2.9 gpu_alloc_gb=0.317 gpu_reserved_gb=2.008
[SSL] repeat=1 scope=internal_cv fold=2 epoch=27/50 ssl_loss=0.039018 lr=0.000084467 base_val_bce=0.559157 base_best=N base_cls_epoch=70 epoch_seconds=3.9 task_elapsed_minutes=2.9 gpu_alloc_gb=0.318 gpu_reserved_gb=1.744
[SSL] repeat=1 scope=internal_cv fold=2 epoch=28/50 ssl_loss=0.043493 lr=0.000079194 base_val_bce=0.562869 base_best=N base_cls_epoch=65 epoch_seconds=3.7 task_elapsed_minutes=3.0 gpu_alloc_gb=0.317 gpu_reserved_gb=2.008
[SSL] repeat=1 scope=internal_cv fold=2 epoch=29/50 ssl_loss=0.047107 lr=0.000073854 base_val_bce=0.566525 base_best=N base_cls_epoch=76 epoch_seconds=3.8 task_elapsed_minutes=3.0 gpu_alloc_gb=0.318 gpu_reserved_gb=1.744
CHECKPOINT_LATEST repeat=1 scope=internal_cv fold=2 phase=ssl epoch=30 path=/data/adodas/VarCoNet-V2-main/xiaolunwen/experiment1c/checkpoints/worker_r1_latest.pt
[SSL] repeat=1 scope=internal_cv fold=2 epoch=30/50 ssl_loss=0.035201 lr=0.000068481 base_val_bce=0.565421 base_best=N base_cls_epoch=63 epoch_seconds=10.1 task_elapsed_minutes=3.2 gpu_alloc_gb=0.317 gpu_reserved_gb=2.008
[SSL] repeat=1 scope=internal_cv fold=2 epoch=31/50 ssl_loss=0.043457 lr=0.000063108 base_val_bce=0.565090 base_best=N base_cls_epoch=68 epoch_seconds=3.4 task_elapsed_minutes=3.3 gpu_alloc_gb=0.318 gpu_reserved_gb=1.744
[SSL] repeat=1 scope=internal_cv fold=2 epoch=32/50 ssl_loss=0.040405 lr=0.000057768 base_val_bce=0.558877 base_best=N base_cls_epoch=73 epoch_seconds=6.2 task_elapsed_minutes=3.4 gpu_alloc_gb=0.317 gpu_reserved_gb=2.008
[SSL] repeat=1 scope=internal_cv fold=2 epoch=33/50 ssl_loss=0.040186 lr=0.000052494 base_val_bce=0.565009 base_best=N base_cls_epoch=71 epoch_seconds=7.4 task_elapsed_minutes=3.5 gpu_alloc_gb=0.318 gpu_reserved_gb=1.744
[SSL] repeat=1 scope=internal_cv fold=2 epoch=34/50 ssl_loss=0.031908 lr=0.000047319 base_val_bce=0.569524 base_best=N base_cls_epoch=66 epoch_seconds=7.1 task_elapsed_minutes=3.6 gpu_alloc_gb=0.317 gpu_reserved_gb=2.008
[SSL] repeat=1 scope=internal_cv fold=2 epoch=35/50 ssl_loss=0.041445 lr=0.000042274 base_val_bce=0.577279 base_best=N base_cls_epoch=67 epoch_seconds=6.1 task_elapsed_minutes=3.7 gpu_alloc_gb=0.318 gpu_reserved_gb=1.744
[SSL] repeat=1 scope=internal_cv fold=2 epoch=36/50 ssl_loss=0.040879 lr=0.000037391 base_val_bce=0.562785 base_best=N base_cls_epoch=74 epoch_seconds=6.1 task_elapsed_minutes=3.8 gpu_alloc_gb=0.317 gpu_reserved_gb=2.008
[SSL] repeat=1 scope=internal_cv fold=2 epoch=37/50 ssl_loss=0.027831 lr=0.000032700 base_val_bce=0.573854 base_best=N base_cls_epoch=81 epoch_seconds=5.9 task_elapsed_minutes=3.9 gpu_alloc_gb=0.318 gpu_reserved_gb=1.744
[SSL] repeat=1 scope=internal_cv fold=2 epoch=38/50 ssl_loss=0.035884 lr=0.000028229 base_val_bce=0.570052 base_best=N base_cls_epoch=77 epoch_seconds=6.1 task_elapsed_minutes=4.0 gpu_alloc_gb=0.317 gpu_reserved_gb=2.008
[SSL] repeat=1 scope=internal_cv fold=2 epoch=39/50 ssl_loss=0.041344 lr=0.000024006 base_val_bce=0.567311 base_best=N base_cls_epoch=65 epoch_seconds=6.0 task_elapsed_minutes=4.1 gpu_alloc_gb=0.318 gpu_reserved_gb=1.744
CHECKPOINT_LATEST repeat=1 scope=internal_cv fold=2 phase=ssl epoch=40 path=/data/adodas/VarCoNet-V2-main/xiaolunwen/experiment1c/checkpoints/worker_r1_latest.pt
[SSL] repeat=1 scope=internal_cv fold=2 epoch=40/50 ssl_loss=0.034741 lr=0.000020058 base_val_bce=0.564271 base_best=N base_cls_epoch=67 epoch_seconds=6.3 task_elapsed_minutes=4.2 gpu_alloc_gb=0.317 gpu_reserved_gb=2.008
[SSL] repeat=1 scope=internal_cv fold=2 epoch=41/50 ssl_loss=0.043847 lr=0.000016408 base_val_bce=0.565327 base_best=N base_cls_epoch=64 epoch_seconds=6.2 task_elapsed_minutes=4.3 gpu_alloc_gb=0.318 gpu_reserved_gb=1.744
[SSL] repeat=1 scope=internal_cv fold=2 epoch=42/50 ssl_loss=0.031111 lr=0.000013079 base_val_bce=0.571645 base_best=N base_cls_epoch=66 epoch_seconds=6.2 task_elapsed_minutes=4.4 gpu_alloc_gb=0.317 gpu_reserved_gb=2.008
[SSL] repeat=1 scope=internal_cv fold=2 epoch=43/50 ssl_loss=0.041989 lr=0.000010091 base_val_bce=0.562074 base_best=N base_cls_epoch=67 epoch_seconds=4.8 task_elapsed_minutes=4.5 gpu_alloc_gb=0.318 gpu_reserved_gb=1.744
[SSL] repeat=1 scope=internal_cv fold=2 epoch=44/50 ssl_loss=0.043177 lr=0.000007464 base_val_bce=0.565472 base_best=N base_cls_epoch=62 epoch_seconds=3.8 task_elapsed_minutes=4.6 gpu_alloc_gb=0.317 gpu_reserved_gb=2.008
[SSL] repeat=1 scope=internal_cv fold=2 epoch=45/50 ssl_loss=0.025807 lr=0.000005213 base_val_bce=0.563993 base_best=N base_cls_epoch=76 epoch_seconds=3.7 task_elapsed_minutes=4.6 gpu_alloc_gb=0.318 gpu_reserved_gb=1.744
[SSL] repeat=1 scope=internal_cv fold=2 epoch=46/50 ssl_loss=0.037159 lr=0.000003352 base_val_bce=0.569840 base_best=N base_cls_epoch=66 epoch_seconds=3.9 task_elapsed_minutes=4.7 gpu_alloc_gb=0.317 gpu_reserved_gb=2.008
[SSL] repeat=1 scope=internal_cv fold=2 epoch=47/50 ssl_loss=0.043754 lr=0.000001892 base_val_bce=0.571099 base_best=N base_cls_epoch=66 epoch_seconds=3.8 task_elapsed_minutes=4.8 gpu_alloc_gb=0.318 gpu_reserved_gb=1.744
[SSL] repeat=1 scope=internal_cv fold=2 epoch=48/50 ssl_loss=0.035952 lr=0.000000843 base_val_bce=0.567369 base_best=N base_cls_epoch=68 epoch_seconds=3.4 task_elapsed_minutes=4.8 gpu_alloc_gb=0.317 gpu_reserved_gb=2.008
[SSL] repeat=1 scope=internal_cv fold=2 epoch=49/50 ssl_loss=0.036701 lr=0.000000211 base_val_bce=0.568322 base_best=N base_cls_epoch=80 epoch_seconds=3.3 task_elapsed_minutes=4.9 gpu_alloc_gb=0.318 gpu_reserved_gb=1.744
CHECKPOINT_LATEST repeat=1 scope=internal_cv fold=2 phase=ssl epoch=50 path=/data/adodas/VarCoNet-V2-main/xiaolunwen/experiment1c/checkpoints/worker_r1_latest.pt
[SSL] repeat=1 scope=internal_cv fold=2 epoch=50/50 ssl_loss=0.040075 lr=0.000000000 base_val_bce=0.564610 base_best=N base_cls_epoch=67 epoch_seconds=4.1 task_elapsed_minutes=5.0 gpu_alloc_gb=0.317 gpu_reserved_gb=2.008
[CRSM_ZERO_BASELINE] repeat=1 scope=internal_cv fold=2 epoch=0 exact_zero=Y val_bce=0.543571 probability_max_abs=5.96e-08
CHECKPOINT_LATEST repeat=1 scope=internal_cv fold=2 phase=crsm_corrected epoch=0 path=/data/adodas/VarCoNet-V2-main/xiaolunwen/experiment1c/checkpoints/worker_r1_latest.pt
CHECKPOINT_BEST repeat=1 scope=internal_cv fold=2 phase=crsm_corrected epoch=0 path=/data/adodas/VarCoNet-V2-main/xiaolunwen/experiment1c/checkpoints/worker_r1_best.pt
CHECKPOINT_BEST repeat=1 scope=internal_cv fold=2 phase=crsm_corrected epoch=0 path=/data/adodas/VarCoNet-V2-main/xiaolunwen/experiment1c/checkpoints/worker_r1_best.pt
CHECKPOINT_LATEST repeat=1 scope=internal_cv fold=2 phase=crsm_corrected epoch=0 path=/data/adodas/VarCoNet-V2-main/xiaolunwen/experiment1c/checkpoints/worker_r1_latest.pt
[CRSM_SYMMETRY_START] repeat=1 scope=internal_cv fold=2 after_exact_zero=Y pca_unit_norm=1.00000000 pca_singular=128.736755 symmetry_scale=0.00380829209
CHECKPOINT_LATEST repeat=1 scope=internal_cv fold=2 phase=crsm_corrected epoch=10 path=/data/adodas/VarCoNet-V2-main/xiaolunwen/experiment1c/checkpoints/worker_r1_latest.pt
[CRSM_CORRECTED] repeat=1 scope=internal_cv fold=2 epoch=10/149 train_loss=0.093069 val_bce=0.550624 best=N best_epoch=0 asd_mass=(0.5064,0.4936) hc_mass=(0.5000,0.5000) delta_l2=(0.130708,0.129300) epoch_seconds=0.61
CHECKPOINT_LATEST repeat=1 scope=internal_cv fold=2 phase=crsm_corrected epoch=20 path=/data/adodas/VarCoNet-V2-main/xiaolunwen/experiment1c/checkpoints/worker_r1_latest.pt
[CRSM_CORRECTED] repeat=1 scope=internal_cv fold=2 epoch=20/149 train_loss=0.081534 val_bce=0.564011 best=N best_epoch=0 asd_mass=(0.5078,0.4922) hc_mass=(0.5000,0.5000) delta_l2=(0.249158,0.247905) epoch_seconds=0.74
CHECKPOINT_LATEST repeat=1 scope=internal_cv fold=2 phase=crsm_corrected epoch=30 path=/data/adodas/VarCoNet-V2-main/xiaolunwen/experiment1c/checkpoints/worker_r1_latest.pt
[CRSM_CORRECTED] repeat=1 scope=internal_cv fold=2 epoch=30/149 train_loss=0.073235 val_bce=0.578149 best=N best_epoch=0 asd_mass=(0.5099,0.4901) hc_mass=(0.5000,0.5000) delta_l2=(0.356652,0.355368) epoch_seconds=0.69
CHECKPOINT_LATEST repeat=1 scope=internal_cv fold=2 phase=crsm_corrected epoch=40 path=/data/adodas/VarCoNet-V2-main/xiaolunwen/experiment1c/checkpoints/worker_r1_latest.pt
[CRSM_CORRECTED] repeat=1 scope=internal_cv fold=2 epoch=40/149 train_loss=0.067157 val_bce=0.591929 best=N best_epoch=0 asd_mass=(0.5128,0.4872) hc_mass=(0.5000,0.5000) delta_l2=(0.453600,0.452072) epoch_seconds=0.35
CHECKPOINT_LATEST repeat=1 scope=internal_cv fold=2 phase=crsm_corrected epoch=50 path=/data/adodas/VarCoNet-V2-main/xiaolunwen/experiment1c/checkpoints/worker_r1_latest.pt
[CRSM_CORRECTED] repeat=1 scope=internal_cv fold=2 epoch=50/149 train_loss=0.062626 val_bce=0.605836 best=N best_epoch=0 asd_mass=(0.5170,0.4830) hc_mass=(0.5000,0.5000) delta_l2=(0.541056,0.538967) epoch_seconds=0.50
CHECKPOINT_LATEST repeat=1 scope=internal_cv fold=2 phase=crsm_corrected epoch=60 path=/data/adodas/VarCoNet-V2-main/xiaolunwen/experiment1c/checkpoints/worker_r1_latest.pt
[CRSM_CORRECTED] repeat=1 scope=internal_cv fold=2 epoch=60/149 train_loss=0.059177 val_bce=0.619412 best=N best_epoch=0 asd_mass=(0.5227,0.4773) hc_mass=(0.5000,0.5000) delta_l2=(0.620259,0.617102) epoch_seconds=0.49
CHECKPOINT_LATEST repeat=1 scope=internal_cv fold=2 phase=crsm_corrected epoch=70 path=/data/adodas/VarCoNet-V2-main/xiaolunwen/experiment1c/checkpoints/worker_r1_latest.pt
[CRSM_CORRECTED] repeat=1 scope=internal_cv fold=2 epoch=70/149 train_loss=0.056490 val_bce=0.632778 best=N best_epoch=0 asd_mass=(0.5296,0.4704) hc_mass=(0.5000,0.5000) delta_l2=(0.692428,0.687483) epoch_seconds=0.36
CHECKPOINT_LATEST repeat=1 scope=internal_cv fold=2 phase=crsm_corrected epoch=80 path=/data/adodas/VarCoNet-V2-main/xiaolunwen/experiment1c/checkpoints/worker_r1_latest.pt
[CRSM_CORRECTED] repeat=1 scope=internal_cv fold=2 epoch=80/149 train_loss=0.054349 val_bce=0.646023 best=N best_epoch=0 asd_mass=(0.5372,0.4628) hc_mass=(0.5000,0.5000) delta_l2=(0.758689,0.751093) epoch_seconds=0.80
CHECKPOINT_LATEST repeat=1 scope=internal_cv fold=2 phase=crsm_corrected epoch=90 path=/data/adodas/VarCoNet-V2-main/xiaolunwen/experiment1c/checkpoints/worker_r1_latest.pt
[CRSM_CORRECTED] repeat=1 scope=internal_cv fold=2 epoch=90/149 train_loss=0.052617 val_bce=0.659022 best=N best_epoch=0 asd_mass=(0.5448,0.4552) hc_mass=(0.5000,0.5000) delta_l2=(0.819964,0.808886) epoch_seconds=0.52
CHECKPOINT_LATEST repeat=1 scope=internal_cv fold=2 phase=crsm_corrected epoch=100 path=/data/adodas/VarCoNet-V2-main/xiaolunwen/experiment1c/checkpoints/worker_r1_latest.pt
[CRSM_CORRECTED] repeat=1 scope=internal_cv fold=2 epoch=100/149 train_loss=0.051206 val_bce=0.671643 best=N best_epoch=0 asd_mass=(0.5519,0.4481) hc_mass=(0.5000,0.5000) delta_l2=(0.876902,0.861700) epoch_seconds=0.31
CHECKPOINT_LATEST repeat=1 scope=internal_cv fold=2 phase=crsm_corrected epoch=110 path=/data/adodas/VarCoNet-V2-main/xiaolunwen/experiment1c/checkpoints/worker_r1_latest.pt
[CRSM_CORRECTED] repeat=1 scope=internal_cv fold=2 epoch=110/149 train_loss=0.050053 val_bce=0.683755 best=N best_epoch=0 asd_mass=(0.5583,0.4417) hc_mass=(0.5000,0.5000) delta_l2=(0.929911,0.910177) epoch_seconds=0.79
CHECKPOINT_LATEST repeat=1 scope=internal_cv fold=2 phase=crsm_corrected epoch=120 path=/data/adodas/VarCoNet-V2-main/xiaolunwen/experiment1c/checkpoints/worker_r1_latest.pt
[CRSM_CORRECTED] repeat=1 scope=internal_cv fold=2 epoch=120/149 train_loss=0.049109 val_bce=0.695301 best=N best_epoch=0 asd_mass=(0.5639,0.4361) hc_mass=(0.5000,0.5000) delta_l2=(0.979262,0.954812) epoch_seconds=0.92
CHECKPOINT_LATEST repeat=1 scope=internal_cv fold=2 phase=crsm_corrected epoch=130 path=/data/adodas/VarCoNet-V2-main/xiaolunwen/experiment1c/checkpoints/worker_r1_latest.pt
[CRSM_CORRECTED] repeat=1 scope=internal_cv fold=2 epoch=130/149 train_loss=0.048334 val_bce=0.706278 best=N best_epoch=0 asd_mass=(0.5687,0.4313) hc_mass=(0.5000,0.5000) delta_l2=(1.025185,0.996025) epoch_seconds=0.62
CHECKPOINT_LATEST repeat=1 scope=internal_cv fold=2 phase=crsm_corrected epoch=140 path=/data/adodas/VarCoNet-V2-main/xiaolunwen/experiment1c/checkpoints/worker_r1_latest.pt
[CRSM_CORRECTED] repeat=1 scope=internal_cv fold=2 epoch=140/149 train_loss=0.047693 val_bce=0.716688 best=N best_epoch=0 asd_mass=(0.5729,0.4271) hc_mass=(0.5000,0.5000) delta_l2=(1.067914,1.034190) epoch_seconds=0.51
CHECKPOINT_LATEST repeat=1 scope=internal_cv fold=2 phase=crsm_corrected epoch=149 path=/data/adodas/VarCoNet-V2-main/xiaolunwen/experiment1c/checkpoints/worker_r1_latest.pt
[CRSM_CORRECTED] repeat=1 scope=internal_cv fold=2 epoch=149/149 train_loss=0.047210 val_bce=0.725598 best=N best_epoch=0 asd_mass=(0.5761,0.4239) hc_mass=(0.5000,0.5000) delta_l2=(1.103850,1.066213) epoch_seconds=0.44
[SNDE_NORMATIVE] repeat=1 scope=internal_cv fold=2 n_unique_asd=357 n_unique_hc=317 roi_dim=384 std_floor=0.0012657876 pc1_explained_fraction=0.205750 hc_score_mean_before_norm=-9.627e-08 hc_score_std_before_norm=7.66442 asd_positive_fraction=0.1373 asd_negative_fraction=0.0056 asd_generalist_fraction=0.8571 hc_positive_fraction=0.1136 hc_negative_fraction=0.0063 hc_generalist_fraction=0.8801
[SNDE_ZERO_BASELINE] repeat=1 scope=internal_cv fold=2 epoch=0 exact_zero=Y val_bce=0.543571 probability_max_abs=2.98e-08
CHECKPOINT_BEST repeat=1 scope=internal_cv fold=2 phase=snde epoch=0 path=/data/adodas/VarCoNet-V2-main/xiaolunwen/experiment1c/checkpoints/worker_r1_best.pt
CHECKPOINT_LATEST repeat=1 scope=internal_cv fold=2 phase=snde epoch=0 path=/data/adodas/VarCoNet-V2-main/xiaolunwen/experiment1c/checkpoints/worker_r1_latest.pt
CHECKPOINT_BEST repeat=1 scope=internal_cv fold=2 phase=snde epoch=1 path=/data/adodas/VarCoNet-V2-main/xiaolunwen/experiment1c/checkpoints/worker_r1_best.pt
CHECKPOINT_LATEST repeat=1 scope=internal_cv fold=2 phase=snde epoch=1 path=/data/adodas/VarCoNet-V2-main/xiaolunwen/experiment1c/checkpoints/worker_r1_latest.pt
[SNDE] repeat=1 scope=internal_cv fold=2 epoch=1/149 train_bce=0.107615 val_bce=0.542643 best=Y best_epoch=1 asd_gate=(+0.137,-0.006,g0.857) hc_gate=(+0.114,-0.006,g0.880) pos_weight_l2=0.019596 neg_weight_l2=0.019587 mean_abs_pos_correction=0.020777 mean_abs_neg_correction=0.000514 elapsed_seconds=1.41
CHECKPOINT_BEST repeat=1 scope=internal_cv fold=2 phase=snde epoch=2 path=/data/adodas/VarCoNet-V2-main/xiaolunwen/experiment1c/checkpoints/worker_r1_best.pt
CHECKPOINT_LATEST repeat=1 scope=internal_cv fold=2 phase=snde epoch=2 path=/data/adodas/VarCoNet-V2-main/xiaolunwen/experiment1c/checkpoints/worker_r1_latest.pt
[SNDE] repeat=1 scope=internal_cv fold=2 epoch=2/149 train_bce=0.106556 val_bce=0.539900 best=Y best_epoch=2 asd_gate=(+0.137,-0.006,g0.857) hc_gate=(+0.114,-0.006,g0.880) pos_weight_l2=0.033935 neg_weight_l2=0.038600 mean_abs_pos_correction=0.041791 mean_abs_neg_correction=0.001014 elapsed_seconds=1.53
CHECKPOINT_LATEST repeat=1 scope=internal_cv fold=2 phase=snde epoch=10 path=/data/adodas/VarCoNet-V2-main/xiaolunwen/experiment1c/checkpoints/worker_r1_latest.pt
[SNDE] repeat=1 scope=internal_cv fold=2 epoch=10/149 train_bce=0.103870 val_bce=0.552439 best=N best_epoch=2 asd_gate=(+0.137,-0.006,g0.857) hc_gate=(+0.114,-0.006,g0.880) pos_weight_l2=0.122205 neg_weight_l2=0.163733 mean_abs_pos_correction=0.112974 mean_abs_neg_correction=0.003999 elapsed_seconds=0.66
CHECKPOINT_LATEST repeat=1 scope=internal_cv fold=2 phase=snde epoch=20 path=/data/adodas/VarCoNet-V2-main/xiaolunwen/experiment1c/checkpoints/worker_r1_latest.pt
[SNDE] repeat=1 scope=internal_cv fold=2 epoch=20/149 train_bce=0.102692 val_bce=0.575570 best=N best_epoch=2 asd_gate=(+0.137,-0.006,g0.857) hc_gate=(+0.114,-0.006,g0.880) pos_weight_l2=0.207258 neg_weight_l2=0.268678 mean_abs_pos_correction=0.172280 mean_abs_neg_correction=0.006076 elapsed_seconds=0.63
CHECKPOINT_LATEST repeat=1 scope=internal_cv fold=2 phase=snde epoch=30 path=/data/adodas/VarCoNet-V2-main/xiaolunwen/experiment1c/checkpoints/worker_r1_latest.pt
[SNDE] repeat=1 scope=internal_cv fold=2 epoch=30/149 train_bce=0.101994 val_bce=0.597490 best=N best_epoch=2 asd_gate=(+0.137,-0.006,g0.857) hc_gate=(+0.114,-0.006,g0.880) pos_weight_l2=0.274546 neg_weight_l2=0.353793 mean_abs_pos_correction=0.212834 mean_abs_neg_correction=0.007185 elapsed_seconds=0.50
CHECKPOINT_LATEST repeat=1 scope=internal_cv fold=2 phase=snde epoch=40 path=/data/adodas/VarCoNet-V2-main/xiaolunwen/experiment1c/checkpoints/worker_r1_latest.pt
[SNDE] repeat=1 scope=internal_cv fold=2 epoch=40/149 train_bce=0.101512 val_bce=0.609627 best=N best_epoch=2 asd_gate=(+0.137,-0.006,g0.857) hc_gate=(+0.114,-0.006,g0.880) pos_weight_l2=0.332447 neg_weight_l2=0.430839 mean_abs_pos_correction=0.237880 mean_abs_neg_correction=0.007916 elapsed_seconds=0.38
CHECKPOINT_LATEST repeat=1 scope=internal_cv fold=2 phase=snde epoch=50 path=/data/adodas/VarCoNet-V2-main/xiaolunwen/experiment1c/checkpoints/worker_r1_latest.pt
[SNDE] repeat=1 scope=internal_cv fold=2 epoch=50/149 train_bce=0.101152 val_bce=0.619985 best=N best_epoch=2 asd_gate=(+0.137,-0.006,g0.857) hc_gate=(+0.114,-0.006,g0.880) pos_weight_l2=0.384868 neg_weight_l2=0.500993 mean_abs_pos_correction=0.256949 mean_abs_neg_correction=0.008549 elapsed_seconds=0.41
CHECKPOINT_LATEST repeat=1 scope=internal_cv fold=2 phase=snde epoch=60 path=/data/adodas/VarCoNet-V2-main/xiaolunwen/experiment1c/checkpoints/worker_r1_latest.pt
[SNDE] repeat=1 scope=internal_cv fold=2 epoch=60/149 train_bce=0.100864 val_bce=0.629061 best=N best_epoch=2 asd_gate=(+0.137,-0.006,g0.857) hc_gate=(+0.114,-0.006,g0.880) pos_weight_l2=0.433809 neg_weight_l2=0.565363 mean_abs_pos_correction=0.274293 mean_abs_neg_correction=0.009174 elapsed_seconds=0.38
CHECKPOINT_LATEST repeat=1 scope=internal_cv fold=2 phase=snde epoch=70 path=/data/adodas/VarCoNet-V2-main/xiaolunwen/experiment1c/checkpoints/worker_r1_latest.pt
[SNDE] repeat=1 scope=internal_cv fold=2 epoch=70/149 train_bce=0.100623 val_bce=0.636132 best=N best_epoch=2 asd_gate=(+0.137,-0.006,g0.857) hc_gate=(+0.114,-0.006,g0.880) pos_weight_l2=0.480448 neg_weight_l2=0.625771 mean_abs_pos_correction=0.289681 mean_abs_neg_correction=0.009794 elapsed_seconds=0.40
CHECKPOINT_LATEST repeat=1 scope=internal_cv fold=2 phase=snde epoch=80 path=/data/adodas/VarCoNet-V2-main/xiaolunwen/experiment1c/checkpoints/worker_r1_latest.pt
[SNDE] repeat=1 scope=internal_cv fold=2 epoch=80/149 train_bce=0.100415 val_bce=0.642707 best=N best_epoch=2 asd_gate=(+0.137,-0.006,g0.857) hc_gate=(+0.114,-0.006,g0.880) pos_weight_l2=0.525441 neg_weight_l2=0.683853 mean_abs_pos_correction=0.303660 mean_abs_neg_correction=0.010389 elapsed_seconds=0.36
CHECKPOINT_LATEST repeat=1 scope=internal_cv fold=2 phase=snde epoch=90 path=/data/adodas/VarCoNet-V2-main/xiaolunwen/experiment1c/checkpoints/worker_r1_latest.pt
[SNDE] repeat=1 scope=internal_cv fold=2 epoch=90/149 train_bce=0.100234 val_bce=0.647967 best=N best_epoch=2 asd_gate=(+0.137,-0.006,g0.857) hc_gate=(+0.114,-0.006,g0.880) pos_weight_l2=0.569120 neg_weight_l2=0.740703 mean_abs_pos_correction=0.316894 mean_abs_neg_correction=0.010945 elapsed_seconds=0.35
CHECKPOINT_LATEST repeat=1 scope=internal_cv fold=2 phase=snde epoch=100 path=/data/adodas/VarCoNet-V2-main/xiaolunwen/experiment1c/checkpoints/worker_r1_latest.pt
[SNDE] repeat=1 scope=internal_cv fold=2 epoch=100/149 train_bce=0.100075 val_bce=0.652983 best=N best_epoch=2 asd_gate=(+0.137,-0.006,g0.857) hc_gate=(+0.114,-0.006,g0.880) pos_weight_l2=0.611643 neg_weight_l2=0.796943 mean_abs_pos_correction=0.329626 mean_abs_neg_correction=0.011459 elapsed_seconds=0.39
CHECKPOINT_LATEST repeat=1 scope=internal_cv fold=2 phase=snde epoch=110 path=/data/adodas/VarCoNet-V2-main/xiaolunwen/experiment1c/checkpoints/worker_r1_latest.pt
[SNDE] repeat=1 scope=internal_cv fold=2 epoch=110/149 train_bce=0.099932 val_bce=0.657298 best=N best_epoch=2 asd_gate=(+0.137,-0.006,g0.857) hc_gate=(+0.114,-0.006,g0.880) pos_weight_l2=0.653092 neg_weight_l2=0.852879 mean_abs_pos_correction=0.341720 mean_abs_neg_correction=0.011931 elapsed_seconds=0.47
CHECKPOINT_LATEST repeat=1 scope=internal_cv fold=2 phase=snde epoch=120 path=/data/adodas/VarCoNet-V2-main/xiaolunwen/experiment1c/checkpoints/worker_r1_latest.pt
[SNDE] repeat=1 scope=internal_cv fold=2 epoch=120/149 train_bce=0.099803 val_bce=0.661343 best=N best_epoch=2 asd_gate=(+0.137,-0.006,g0.857) hc_gate=(+0.114,-0.006,g0.880) pos_weight_l2=0.693520 neg_weight_l2=0.908635 mean_abs_pos_correction=0.353207 mean_abs_neg_correction=0.012367 elapsed_seconds=0.51
CHECKPOINT_LATEST repeat=1 scope=internal_cv fold=2 phase=snde epoch=130 path=/data/adodas/VarCoNet-V2-main/xiaolunwen/experiment1c/checkpoints/worker_r1_latest.pt
[SNDE] repeat=1 scope=internal_cv fold=2 epoch=130/149 train_bce=0.099687 val_bce=0.665008 best=N best_epoch=2 asd_gate=(+0.137,-0.006,g0.857) hc_gate=(+0.114,-0.006,g0.880) pos_weight_l2=0.732972 neg_weight_l2=0.964235 mean_abs_pos_correction=0.364169 mean_abs_neg_correction=0.012771 elapsed_seconds=0.39
CHECKPOINT_LATEST repeat=1 scope=internal_cv fold=2 phase=snde epoch=140 path=/data/adodas/VarCoNet-V2-main/xiaolunwen/experiment1c/checkpoints/worker_r1_latest.pt
[SNDE] repeat=1 scope=internal_cv fold=2 epoch=140/149 train_bce=0.099581 val_bce=0.668366 best=N best_epoch=2 asd_gate=(+0.137,-0.006,g0.857) hc_gate=(+0.114,-0.006,g0.880) pos_weight_l2=0.771499 neg_weight_l2=1.019654 mean_abs_pos_correction=0.374719 mean_abs_neg_correction=0.013150 elapsed_seconds=0.56
CHECKPOINT_LATEST repeat=1 scope=internal_cv fold=2 phase=snde epoch=149 path=/data/adodas/VarCoNet-V2-main/xiaolunwen/experiment1c/checkpoints/worker_r1_latest.pt
[SNDE] repeat=1 scope=internal_cv fold=2 epoch=149/149 train_bce=0.099493 val_bce=0.671126 best=N best_epoch=2 asd_gate=(+0.137,-0.006,g0.857) hc_gate=(+0.114,-0.006,g0.880) pos_weight_l2=0.805422 neg_weight_l2=1.069335 mean_abs_pos_correction=0.383875 mean_abs_neg_correction=0.013471 elapsed_seconds=0.63
TASK_TRAINING_DONE repeat=1 scope=internal_cv fold=2 base_encoder_epoch=10 base_classifier_epoch=93 base_val_bce=0.543571 crsm_epoch=0 crsm_val_bce=0.543571 snde_epoch=2 snde_val_bce=0.539900 elapsed_minutes=5.6
TASK_DONE repeat=1 scope=internal_fold fold=2 method=baseline selected_encoder_epoch=10 test_auc=0.768116 test_bce=0.582437 elapsed_minutes=5.6
TASK_DONE repeat=1 scope=internal_fold fold=2 method=crsm_corrected selected_encoder_epoch=10 test_auc=0.768116 test_bce=0.582437 elapsed_minutes=5.6
TASK_DONE repeat=1 scope=internal_fold fold=2 method=selective_normative_deviation_experts selected_encoder_epoch=10 test_auc=0.776915 test_bce=0.573912 elapsed_minutes=5.6
TASK_START repeat=1 scope=internal_cv fold=3 seed=100103 device=cuda:0 methods=baseline,crsm_corrected,selective_normative_deviation_experts shared_encoder=Y reference_unique_n=674 train_n=750 val_n=120
CHECKPOINT_BEST repeat=1 scope=internal_cv fold=3 phase=ssl epoch=1 path=/data/adodas/VarCoNet-V2-main/xiaolunwen/experiment1c/checkpoints/worker_r1_best.pt
[SSL] repeat=1 scope=internal_cv fold=3 epoch=1/50 ssl_loss=0.156329 lr=0.000024107 base_val_bce=0.661939 base_best=Y base_cls_epoch=31 epoch_seconds=3.7 task_elapsed_minutes=0.1 gpu_alloc_gb=0.318 gpu_reserved_gb=1.744
CHECKPOINT_BEST repeat=1 scope=internal_cv fold=3 phase=ssl epoch=2 path=/data/adodas/VarCoNet-V2-main/xiaolunwen/experiment1c/checkpoints/worker_r1_best.pt
[SSL] repeat=1 scope=internal_cv fold=3 epoch=2/50 ssl_loss=0.123998 lr=0.000038214 base_val_bce=0.658281 base_best=Y base_cls_epoch=26 epoch_seconds=4.8 task_elapsed_minutes=0.1 gpu_alloc_gb=0.317 gpu_reserved_gb=2.008
[SSL] repeat=1 scope=internal_cv fold=3 epoch=3/50 ssl_loss=0.140693 lr=0.000052321 base_val_bce=0.658915 base_best=N base_cls_epoch=30 epoch_seconds=2.9 task_elapsed_minutes=0.2 gpu_alloc_gb=0.318 gpu_reserved_gb=1.744
[SSL] repeat=1 scope=internal_cv fold=3 epoch=4/50 ssl_loss=0.115896 lr=0.000066427 base_val_bce=0.658658 base_best=N base_cls_epoch=33 epoch_seconds=3.0 task_elapsed_minutes=0.2 gpu_alloc_gb=0.317 gpu_reserved_gb=2.008
CHECKPOINT_BEST repeat=1 scope=internal_cv fold=3 phase=ssl epoch=5 path=/data/adodas/VarCoNet-V2-main/xiaolunwen/experiment1c/checkpoints/worker_r1_best.pt
[SSL] repeat=1 scope=internal_cv fold=3 epoch=5/50 ssl_loss=0.116084 lr=0.000080534 base_val_bce=0.654979 base_best=Y base_cls_epoch=30 epoch_seconds=3.7 task_elapsed_minutes=0.3 gpu_alloc_gb=0.318 gpu_reserved_gb=1.744
[SSL] repeat=1 scope=internal_cv fold=3 epoch=6/50 ssl_loss=0.094374 lr=0.000094641 base_val_bce=0.655596 base_best=N base_cls_epoch=34 epoch_seconds=3.8 task_elapsed_minutes=0.4 gpu_alloc_gb=0.317 gpu_reserved_gb=2.008
CHECKPOINT_BEST repeat=1 scope=internal_cv fold=3 phase=ssl epoch=7 path=/data/adodas/VarCoNet-V2-main/xiaolunwen/experiment1c/checkpoints/worker_r1_best.pt
[SSL] repeat=1 scope=internal_cv fold=3 epoch=7/50 ssl_loss=0.100172 lr=0.000108748 base_val_bce=0.643367 base_best=Y base_cls_epoch=26 epoch_seconds=5.7 task_elapsed_minutes=0.5 gpu_alloc_gb=0.318 gpu_reserved_gb=1.744
[SSL] repeat=1 scope=internal_cv fold=3 epoch=8/50 ssl_loss=0.095188 lr=0.000122855 base_val_bce=0.656904 base_best=N base_cls_epoch=32 epoch_seconds=4.9 task_elapsed_minutes=0.6 gpu_alloc_gb=0.317 gpu_reserved_gb=2.008
[SSL] repeat=1 scope=internal_cv fold=3 epoch=9/50 ssl_loss=0.064719 lr=0.000136962 base_val_bce=0.650941 base_best=N base_cls_epoch=35 epoch_seconds=5.0 task_elapsed_minutes=0.6 gpu_alloc_gb=0.318 gpu_reserved_gb=1.744
CHECKPOINT_BEST repeat=1 scope=internal_cv fold=3 phase=ssl epoch=10 path=/data/adodas/VarCoNet-V2-main/xiaolunwen/experiment1c/checkpoints/worker_r1_best.pt
CHECKPOINT_LATEST repeat=1 scope=internal_cv fold=3 phase=ssl epoch=10 path=/data/adodas/VarCoNet-V2-main/xiaolunwen/experiment1c/checkpoints/worker_r1_latest.pt
[SSL] repeat=1 scope=internal_cv fold=3 epoch=10/50 ssl_loss=0.062654 lr=0.000136962 base_val_bce=0.640441 base_best=Y base_cls_epoch=36 epoch_seconds=4.3 task_elapsed_minutes=0.7 gpu_alloc_gb=0.317 gpu_reserved_gb=2.008
[SSL] repeat=1 scope=internal_cv fold=3 epoch=11/50 ssl_loss=0.067681 lr=0.000136751 base_val_bce=0.646992 base_best=N base_cls_epoch=34 epoch_seconds=3.7 task_elapsed_minutes=0.8 gpu_alloc_gb=0.318 gpu_reserved_gb=1.744
CHECKPOINT_BEST repeat=1 scope=internal_cv fold=3 phase=ssl epoch=12 path=/data/adodas/VarCoNet-V2-main/xiaolunwen/experiment1c/checkpoints/worker_r1_best.pt
[SSL] repeat=1 scope=internal_cv fold=3 epoch=12/50 ssl_loss=0.044776 lr=0.000136119 base_val_bce=0.630207 base_best=Y base_cls_epoch=36 epoch_seconds=4.1 task_elapsed_minutes=0.8 gpu_alloc_gb=0.317 gpu_reserved_gb=2.008
[SSL] repeat=1 scope=internal_cv fold=3 epoch=13/50 ssl_loss=0.060584 lr=0.000135070 base_val_bce=0.633033 base_best=N base_cls_epoch=35 epoch_seconds=3.3 task_elapsed_minutes=0.9 gpu_alloc_gb=0.318 gpu_reserved_gb=1.744
[SSL] repeat=1 scope=internal_cv fold=3 epoch=14/50 ssl_loss=0.048709 lr=0.000133610 base_val_bce=0.635707 base_best=N base_cls_epoch=37 epoch_seconds=3.6 task_elapsed_minutes=1.0 gpu_alloc_gb=0.317 gpu_reserved_gb=2.008
CHECKPOINT_BEST repeat=1 scope=internal_cv fold=3 phase=ssl epoch=15 path=/data/adodas/VarCoNet-V2-main/xiaolunwen/experiment1c/checkpoints/worker_r1_best.pt
[SSL] repeat=1 scope=internal_cv fold=3 epoch=15/50 ssl_loss=0.048330 lr=0.000131749 base_val_bce=0.627714 base_best=Y base_cls_epoch=40 epoch_seconds=4.0 task_elapsed_minutes=1.0 gpu_alloc_gb=0.318 gpu_reserved_gb=1.744
[SSL] repeat=1 scope=internal_cv fold=3 epoch=16/50 ssl_loss=0.050021 lr=0.000129498 base_val_bce=0.629437 base_best=N base_cls_epoch=40 epoch_seconds=3.0 task_elapsed_minutes=1.1 gpu_alloc_gb=0.317 gpu_reserved_gb=2.008
[SSL] repeat=1 scope=internal_cv fold=3 epoch=17/50 ssl_loss=0.047521 lr=0.000126870 base_val_bce=0.630715 base_best=N base_cls_epoch=41 epoch_seconds=2.9 task_elapsed_minutes=1.1 gpu_alloc_gb=0.318 gpu_reserved_gb=1.744
[SSL] repeat=1 scope=internal_cv fold=3 epoch=18/50 ssl_loss=0.041099 lr=0.000123883 base_val_bce=0.629560 base_best=N base_cls_epoch=41 epoch_seconds=2.7 task_elapsed_minutes=1.2 gpu_alloc_gb=0.317 gpu_reserved_gb=2.008
[SSL] repeat=1 scope=internal_cv fold=3 epoch=19/50 ssl_loss=0.046727 lr=0.000120554 base_val_bce=0.634707 base_best=N base_cls_epoch=42 epoch_seconds=2.7 task_elapsed_minutes=1.2 gpu_alloc_gb=0.318 gpu_reserved_gb=1.744
CHECKPOINT_LATEST repeat=1 scope=internal_cv fold=3 phase=ssl epoch=20 path=/data/adodas/VarCoNet-V2-main/xiaolunwen/experiment1c/checkpoints/worker_r1_latest.pt
[SSL] repeat=1 scope=internal_cv fold=3 epoch=20/50 ssl_loss=0.041870 lr=0.000116904 base_val_bce=0.635987 base_best=N base_cls_epoch=39 epoch_seconds=3.8 task_elapsed_minutes=1.3 gpu_alloc_gb=0.317 gpu_reserved_gb=2.008
[SSL] repeat=1 scope=internal_cv fold=3 epoch=21/50 ssl_loss=0.042939 lr=0.000112956 base_val_bce=0.630185 base_best=N base_cls_epoch=40 epoch_seconds=3.4 task_elapsed_minutes=1.3 gpu_alloc_gb=0.318 gpu_reserved_gb=1.744
CHECKPOINT_BEST repeat=1 scope=internal_cv fold=3 phase=ssl epoch=22 path=/data/adodas/VarCoNet-V2-main/xiaolunwen/experiment1c/checkpoints/worker_r1_best.pt
[SSL] repeat=1 scope=internal_cv fold=3 epoch=22/50 ssl_loss=0.046885 lr=0.000108733 base_val_bce=0.621246 base_best=Y base_cls_epoch=37 epoch_seconds=4.4 task_elapsed_minutes=1.4 gpu_alloc_gb=0.317 gpu_reserved_gb=2.008
[SSL] repeat=1 scope=internal_cv fold=3 epoch=23/50 ssl_loss=0.042331 lr=0.000104262 base_val_bce=0.632251 base_best=N base_cls_epoch=40 epoch_seconds=4.2 task_elapsed_minutes=1.5 gpu_alloc_gb=0.318 gpu_reserved_gb=1.744
[SSL] repeat=1 scope=internal_cv fold=3 epoch=24/50 ssl_loss=0.050898 lr=0.000099570 base_val_bce=0.627120 base_best=N base_cls_epoch=38 epoch_seconds=5.4 task_elapsed_minutes=1.6 gpu_alloc_gb=0.317 gpu_reserved_gb=2.008
[SSL] repeat=1 scope=internal_cv fold=3 epoch=25/50 ssl_loss=0.040638 lr=0.000094687 base_val_bce=0.631506 base_best=N base_cls_epoch=39 epoch_seconds=5.1 task_elapsed_minutes=1.7 gpu_alloc_gb=0.318 gpu_reserved_gb=1.744
[SSL] repeat=1 scope=internal_cv fold=3 epoch=26/50 ssl_loss=0.039278 lr=0.000089643 base_val_bce=0.629658 base_best=N base_cls_epoch=38 epoch_seconds=3.0 task_elapsed_minutes=1.7 gpu_alloc_gb=0.317 gpu_reserved_gb=2.008
[SSL] repeat=1 scope=internal_cv fold=3 epoch=27/50 ssl_loss=0.034282 lr=0.000084467 base_val_bce=0.625155 base_best=N base_cls_epoch=40 epoch_seconds=3.5 task_elapsed_minutes=1.8 gpu_alloc_gb=0.318 gpu_reserved_gb=1.744
[SSL] repeat=1 scope=internal_cv fold=3 epoch=28/50 ssl_loss=0.040549 lr=0.000079194 base_val_bce=0.625963 base_best=N base_cls_epoch=40 epoch_seconds=3.5 task_elapsed_minutes=1.8 gpu_alloc_gb=0.317 gpu_reserved_gb=2.008
[SSL] repeat=1 scope=internal_cv fold=3 epoch=29/50 ssl_loss=0.047540 lr=0.000073854 base_val_bce=0.640792 base_best=N base_cls_epoch=43 epoch_seconds=3.5 task_elapsed_minutes=1.9 gpu_alloc_gb=0.318 gpu_reserved_gb=1.744
CHECKPOINT_LATEST repeat=1 scope=internal_cv fold=3 phase=ssl epoch=30 path=/data/adodas/VarCoNet-V2-main/xiaolunwen/experiment1c/checkpoints/worker_r1_latest.pt
[SSL] repeat=1 scope=internal_cv fold=3 epoch=30/50 ssl_loss=0.042325 lr=0.000068481 base_val_bce=0.629948 base_best=N base_cls_epoch=48 epoch_seconds=4.0 task_elapsed_minutes=2.0 gpu_alloc_gb=0.317 gpu_reserved_gb=2.008
[SSL] repeat=1 scope=internal_cv fold=3 epoch=31/50 ssl_loss=0.040269 lr=0.000063108 base_val_bce=0.628950 base_best=N base_cls_epoch=38 epoch_seconds=3.4 task_elapsed_minutes=2.0 gpu_alloc_gb=0.318 gpu_reserved_gb=1.744
[SSL] repeat=1 scope=internal_cv fold=3 epoch=32/50 ssl_loss=0.030613 lr=0.000057768 base_val_bce=0.629039 base_best=N base_cls_epoch=38 epoch_seconds=3.5 task_elapsed_minutes=2.1 gpu_alloc_gb=0.317 gpu_reserved_gb=2.008
CHECKPOINT_BEST repeat=1 scope=internal_cv fold=3 phase=ssl epoch=33 path=/data/adodas/VarCoNet-V2-main/xiaolunwen/experiment1c/checkpoints/worker_r1_best.pt
[SSL] repeat=1 scope=internal_cv fold=3 epoch=33/50 ssl_loss=0.044229 lr=0.000052494 base_val_bce=0.621242 base_best=Y base_cls_epoch=37 epoch_seconds=4.1 task_elapsed_minutes=2.1 gpu_alloc_gb=0.318 gpu_reserved_gb=1.744
[SSL] repeat=1 scope=internal_cv fold=3 epoch=34/50 ssl_loss=0.037955 lr=0.000047319 base_val_bce=0.630431 base_best=N base_cls_epoch=40 epoch_seconds=3.8 task_elapsed_minutes=2.2 gpu_alloc_gb=0.317 gpu_reserved_gb=2.008
[SSL] repeat=1 scope=internal_cv fold=3 epoch=35/50 ssl_loss=0.045919 lr=0.000042274 base_val_bce=0.635737 base_best=N base_cls_epoch=37 epoch_seconds=3.8 task_elapsed_minutes=2.3 gpu_alloc_gb=0.318 gpu_reserved_gb=1.744
[SSL] repeat=1 scope=internal_cv fold=3 epoch=36/50 ssl_loss=0.036469 lr=0.000037391 base_val_bce=0.632733 base_best=N base_cls_epoch=38 epoch_seconds=3.8 task_elapsed_minutes=2.3 gpu_alloc_gb=0.317 gpu_reserved_gb=2.008
[SSL] repeat=1 scope=internal_cv fold=3 epoch=37/50 ssl_loss=0.038775 lr=0.000032700 base_val_bce=0.637681 base_best=N base_cls_epoch=38 epoch_seconds=3.7 task_elapsed_minutes=2.4 gpu_alloc_gb=0.318 gpu_reserved_gb=1.744
[SSL] repeat=1 scope=internal_cv fold=3 epoch=38/50 ssl_loss=0.036369 lr=0.000028229 base_val_bce=0.632557 base_best=N base_cls_epoch=37 epoch_seconds=3.7 task_elapsed_minutes=2.5 gpu_alloc_gb=0.317 gpu_reserved_gb=2.008
[SSL] repeat=1 scope=internal_cv fold=3 epoch=39/50 ssl_loss=0.045335 lr=0.000024006 base_val_bce=0.622100 base_best=N base_cls_epoch=38 epoch_seconds=3.6 task_elapsed_minutes=2.5 gpu_alloc_gb=0.318 gpu_reserved_gb=1.744
CHECKPOINT_LATEST repeat=1 scope=internal_cv fold=3 phase=ssl epoch=40 path=/data/adodas/VarCoNet-V2-main/xiaolunwen/experiment1c/checkpoints/worker_r1_latest.pt
[SSL] repeat=1 scope=internal_cv fold=3 epoch=40/50 ssl_loss=0.031517 lr=0.000020058 base_val_bce=0.638644 base_best=N base_cls_epoch=40 epoch_seconds=4.2 task_elapsed_minutes=2.6 gpu_alloc_gb=0.317 gpu_reserved_gb=2.008
[SSL] repeat=1 scope=internal_cv fold=3 epoch=41/50 ssl_loss=0.040689 lr=0.000016408 base_val_bce=0.640624 base_best=N base_cls_epoch=41 epoch_seconds=3.8 task_elapsed_minutes=2.7 gpu_alloc_gb=0.318 gpu_reserved_gb=1.744
[SSL] repeat=1 scope=internal_cv fold=3 epoch=42/50 ssl_loss=0.046534 lr=0.000013079 base_val_bce=0.628867 base_best=N base_cls_epoch=38 epoch_seconds=3.4 task_elapsed_minutes=2.7 gpu_alloc_gb=0.317 gpu_reserved_gb=2.008
[SSL] repeat=1 scope=internal_cv fold=3 epoch=43/50 ssl_loss=0.038502 lr=0.000010091 base_val_bce=0.639944 base_best=N base_cls_epoch=38 epoch_seconds=3.5 task_elapsed_minutes=2.8 gpu_alloc_gb=0.318 gpu_reserved_gb=1.744
[SSL] repeat=1 scope=internal_cv fold=3 epoch=44/50 ssl_loss=0.032668 lr=0.000007464 base_val_bce=0.628437 base_best=N base_cls_epoch=39 epoch_seconds=3.7 task_elapsed_minutes=2.8 gpu_alloc_gb=0.317 gpu_reserved_gb=2.008
[SSL] repeat=1 scope=internal_cv fold=3 epoch=45/50 ssl_loss=0.039618 lr=0.000005213 base_val_bce=0.632288 base_best=N base_cls_epoch=40 epoch_seconds=3.8 task_elapsed_minutes=2.9 gpu_alloc_gb=0.318 gpu_reserved_gb=1.744
[SSL] repeat=1 scope=internal_cv fold=3 epoch=46/50 ssl_loss=0.038255 lr=0.000003352 base_val_bce=0.632119 base_best=N base_cls_epoch=41 epoch_seconds=3.6 task_elapsed_minutes=3.0 gpu_alloc_gb=0.317 gpu_reserved_gb=2.008
[SSL] repeat=1 scope=internal_cv fold=3 epoch=47/50 ssl_loss=0.035257 lr=0.000001892 base_val_bce=0.634748 base_best=N base_cls_epoch=39 epoch_seconds=3.2 task_elapsed_minutes=3.0 gpu_alloc_gb=0.318 gpu_reserved_gb=1.744
CHECKPOINT_BEST repeat=1 scope=internal_cv fold=3 phase=ssl epoch=48 path=/data/adodas/VarCoNet-V2-main/xiaolunwen/experiment1c/checkpoints/worker_r1_best.pt
[SSL] repeat=1 scope=internal_cv fold=3 epoch=48/50 ssl_loss=0.038557 lr=0.000000843 base_val_bce=0.620719 base_best=Y base_cls_epoch=36 epoch_seconds=4.2 task_elapsed_minutes=3.1 gpu_alloc_gb=0.317 gpu_reserved_gb=2.008
[SSL] repeat=1 scope=internal_cv fold=3 epoch=49/50 ssl_loss=0.036405 lr=0.000000211 base_val_bce=0.636732 base_best=N base_cls_epoch=37 epoch_seconds=3.4 task_elapsed_minutes=3.1 gpu_alloc_gb=0.318 gpu_reserved_gb=1.744
CHECKPOINT_LATEST repeat=1 scope=internal_cv fold=3 phase=ssl epoch=50 path=/data/adodas/VarCoNet-V2-main/xiaolunwen/experiment1c/checkpoints/worker_r1_latest.pt
[SSL] repeat=1 scope=internal_cv fold=3 epoch=50/50 ssl_loss=0.040671 lr=0.000000000 base_val_bce=0.633793 base_best=N base_cls_epoch=39 epoch_seconds=3.8 task_elapsed_minutes=3.2 gpu_alloc_gb=0.317 gpu_reserved_gb=2.008
[CRSM_ZERO_BASELINE] repeat=1 scope=internal_cv fold=3 epoch=0 exact_zero=Y val_bce=0.620719 probability_max_abs=5.96e-08
CHECKPOINT_LATEST repeat=1 scope=internal_cv fold=3 phase=crsm_corrected epoch=0 path=/data/adodas/VarCoNet-V2-main/xiaolunwen/experiment1c/checkpoints/worker_r1_latest.pt
CHECKPOINT_BEST repeat=1 scope=internal_cv fold=3 phase=crsm_corrected epoch=0 path=/data/adodas/VarCoNet-V2-main/xiaolunwen/experiment1c/checkpoints/worker_r1_best.pt
CHECKPOINT_BEST repeat=1 scope=internal_cv fold=3 phase=crsm_corrected epoch=0 path=/data/adodas/VarCoNet-V2-main/xiaolunwen/experiment1c/checkpoints/worker_r1_best.pt
CHECKPOINT_LATEST repeat=1 scope=internal_cv fold=3 phase=crsm_corrected epoch=0 path=/data/adodas/VarCoNet-V2-main/xiaolunwen/experiment1c/checkpoints/worker_r1_latest.pt
[CRSM_SYMMETRY_START] repeat=1 scope=internal_cv fold=3 after_exact_zero=Y pca_unit_norm=1.00000000 pca_singular=140.479233 symmetry_scale=0.00212579663
CHECKPOINT_LATEST repeat=1 scope=internal_cv fold=3 phase=crsm_corrected epoch=10 path=/data/adodas/VarCoNet-V2-main/xiaolunwen/experiment1c/checkpoints/worker_r1_latest.pt
[CRSM_CORRECTED] repeat=1 scope=internal_cv fold=3 epoch=10/149 train_loss=0.206367 val_bce=0.632510 best=N best_epoch=0 asd_mass=(0.5027,0.4973) hc_mass=(0.5000,0.5000) delta_l2=(0.130490,0.129768) epoch_seconds=0.82
CHECKPOINT_LATEST repeat=1 scope=internal_cv fold=3 phase=crsm_corrected epoch=20 path=/data/adodas/VarCoNet-V2-main/xiaolunwen/experiment1c/checkpoints/worker_r1_latest.pt
[CRSM_CORRECTED] repeat=1 scope=internal_cv fold=3 epoch=20/149 train_loss=0.180587 val_bce=0.647411 best=N best_epoch=0 asd_mass=(0.5029,0.4971) hc_mass=(0.5000,0.5000) delta_l2=(0.249250,0.248535) epoch_seconds=0.57
CHECKPOINT_LATEST repeat=1 scope=internal_cv fold=3 phase=crsm_corrected epoch=30 path=/data/adodas/VarCoNet-V2-main/xiaolunwen/experiment1c/checkpoints/worker_r1_latest.pt
[CRSM_CORRECTED] repeat=1 scope=internal_cv fold=3 epoch=30/149 train_loss=0.162239 val_bce=0.664518 best=N best_epoch=0 asd_mass=(0.5032,0.4968) hc_mass=(0.5000,0.5000) delta_l2=(0.356888,0.355986) epoch_seconds=0.48
CHECKPOINT_LATEST repeat=1 scope=internal_cv fold=3 phase=crsm_corrected epoch=40 path=/data/adodas/VarCoNet-V2-main/xiaolunwen/experiment1c/checkpoints/worker_r1_latest.pt
[CRSM_CORRECTED] repeat=1 scope=internal_cv fold=3 epoch=40/149 train_loss=0.149052 val_bce=0.683316 best=N best_epoch=0 asd_mass=(0.5034,0.4966) hc_mass=(0.5000,0.5000) delta_l2=(0.453513,0.452090) epoch_seconds=0.80
CHECKPOINT_LATEST repeat=1 scope=internal_cv fold=3 phase=crsm_corrected epoch=50 path=/data/adodas/VarCoNet-V2-main/xiaolunwen/experiment1c/checkpoints/worker_r1_latest.pt
[CRSM_CORRECTED] repeat=1 scope=internal_cv fold=3 epoch=50/149 train_loss=0.139464 val_bce=0.702481 best=N best_epoch=0 asd_mass=(0.5036,0.4964) hc_mass=(0.5000,0.5000) delta_l2=(0.540030,0.537672) epoch_seconds=0.39
CHECKPOINT_LATEST repeat=1 scope=internal_cv fold=3 phase=crsm_corrected epoch=60 path=/data/adodas/VarCoNet-V2-main/xiaolunwen/experiment1c/checkpoints/worker_r1_latest.pt
[CRSM_CORRECTED] repeat=1 scope=internal_cv fold=3 epoch=60/149 train_loss=0.132366 val_bce=0.721838 best=N best_epoch=0 asd_mass=(0.5039,0.4961) hc_mass=(0.5000,0.5000) delta_l2=(0.617607,0.613828) epoch_seconds=0.44
CHECKPOINT_LATEST repeat=1 scope=internal_cv fold=3 phase=crsm_corrected epoch=70 path=/data/adodas/VarCoNet-V2-main/xiaolunwen/experiment1c/checkpoints/worker_r1_latest.pt
[CRSM_CORRECTED] repeat=1 scope=internal_cv fold=3 epoch=70/149 train_loss=0.126983 val_bce=0.741060 best=N best_epoch=0 asd_mass=(0.5046,0.4954) hc_mass=(0.5000,0.5000) delta_l2=(0.687521,0.681763) epoch_seconds=0.48
CHECKPOINT_LATEST repeat=1 scope=internal_cv fold=3 phase=crsm_corrected epoch=80 path=/data/adodas/VarCoNet-V2-main/xiaolunwen/experiment1c/checkpoints/worker_r1_latest.pt
[CRSM_CORRECTED] repeat=1 scope=internal_cv fold=3 epoch=80/149 train_loss=0.122787 val_bce=0.759976 best=N best_epoch=0 asd_mass=(0.5057,0.4943) hc_mass=(0.5000,0.5000) delta_l2=(0.751049,0.742721) epoch_seconds=0.69
CHECKPOINT_LATEST repeat=1 scope=internal_cv fold=3 phase=crsm_corrected epoch=90 path=/data/adodas/VarCoNet-V2-main/xiaolunwen/experiment1c/checkpoints/worker_r1_latest.pt
[CRSM_CORRECTED] repeat=1 scope=internal_cv fold=3 epoch=90/149 train_loss=0.119427 val_bce=0.778547 best=N best_epoch=0 asd_mass=(0.5070,0.4930) hc_mass=(0.5000,0.5000) delta_l2=(0.809328,0.797904) epoch_seconds=0.90
CHECKPOINT_LATEST repeat=1 scope=internal_cv fold=3 phase=crsm_corrected epoch=100 path=/data/adodas/VarCoNet-V2-main/xiaolunwen/experiment1c/checkpoints/worker_r1_latest.pt
[CRSM_CORRECTED] repeat=1 scope=internal_cv fold=3 epoch=100/149 train_loss=0.116677 val_bce=0.796730 best=N best_epoch=0 asd_mass=(0.5085,0.4915) hc_mass=(0.5000,0.5000) delta_l2=(0.863263,0.848369) epoch_seconds=0.43
CHECKPOINT_LATEST repeat=1 scope=internal_cv fold=3 phase=crsm_corrected epoch=110 path=/data/adodas/VarCoNet-V2-main/xiaolunwen/experiment1c/checkpoints/worker_r1_latest.pt
[CRSM_CORRECTED] repeat=1 scope=internal_cv fold=3 epoch=110/149 train_loss=0.114396 val_bce=0.814497 best=N best_epoch=0 asd_mass=(0.5103,0.4897) hc_mass=(0.5000,0.5000) delta_l2=(0.913508,0.894934) epoch_seconds=0.40
CHECKPOINT_LATEST repeat=1 scope=internal_cv fold=3 phase=crsm_corrected epoch=120 path=/data/adodas/VarCoNet-V2-main/xiaolunwen/experiment1c/checkpoints/worker_r1_latest.pt
[CRSM_CORRECTED] repeat=1 scope=internal_cv fold=3 epoch=120/149 train_loss=0.112490 val_bce=0.831794 best=N best_epoch=0 asd_mass=(0.5125,0.4875) hc_mass=(0.5000,0.5000) delta_l2=(0.960527,0.938139) epoch_seconds=0.62
CHECKPOINT_LATEST repeat=1 scope=internal_cv fold=3 phase=crsm_corrected epoch=130 path=/data/adodas/VarCoNet-V2-main/xiaolunwen/experiment1c/checkpoints/worker_r1_latest.pt
[CRSM_CORRECTED] repeat=1 scope=internal_cv fold=3 epoch=130/149 train_loss=0.110892 val_bce=0.848592 best=N best_epoch=0 asd_mass=(0.5151,0.4849) hc_mass=(0.5000,0.5000) delta_l2=(1.004660,0.978313) epoch_seconds=0.42
CHECKPOINT_LATEST repeat=1 scope=internal_cv fold=3 phase=crsm_corrected epoch=140 path=/data/adodas/VarCoNet-V2-main/xiaolunwen/experiment1c/checkpoints/worker_r1_latest.pt
[CRSM_CORRECTED] repeat=1 scope=internal_cv fold=3 epoch=140/149 train_loss=0.109548 val_bce=0.864836 best=N best_epoch=0 asd_mass=(0.5178,0.4822) hc_mass=(0.5000,0.5000) delta_l2=(1.046174,1.015679) epoch_seconds=0.30
CHECKPOINT_LATEST repeat=1 scope=internal_cv fold=3 phase=crsm_corrected epoch=149 path=/data/adodas/VarCoNet-V2-main/xiaolunwen/experiment1c/checkpoints/worker_r1_latest.pt
[CRSM_CORRECTED] repeat=1 scope=internal_cv fold=3 epoch=149/149 train_loss=0.108521 val_bce=0.878952 best=N best_epoch=0 asd_mass=(0.5204,0.4796) hc_mass=(0.5000,0.5000) delta_l2=(1.081473,1.047066) epoch_seconds=0.41
[SNDE_NORMATIVE] repeat=1 scope=internal_cv fold=3 n_unique_asd=357 n_unique_hc=317 roi_dim=384 std_floor=0.0012608848 pc1_explained_fraction=0.228492 hc_score_mean_before_norm=1.20337e-07 hc_score_std_before_norm=7.57381 asd_positive_fraction=0.0028 asd_negative_fraction=0.1232 asd_generalist_fraction=0.8739 hc_positive_fraction=0.0032 hc_negative_fraction=0.1009 hc_generalist_fraction=0.8959
[SNDE_ZERO_BASELINE] repeat=1 scope=internal_cv fold=3 epoch=0 exact_zero=Y val_bce=0.620719 probability_max_abs=5.96e-08
CHECKPOINT_BEST repeat=1 scope=internal_cv fold=3 phase=snde epoch=0 path=/data/adodas/VarCoNet-V2-main/xiaolunwen/experiment1c/checkpoints/worker_r1_best.pt
CHECKPOINT_LATEST repeat=1 scope=internal_cv fold=3 phase=snde epoch=0 path=/data/adodas/VarCoNet-V2-main/xiaolunwen/experiment1c/checkpoints/worker_r1_latest.pt
CHECKPOINT_BEST repeat=1 scope=internal_cv fold=3 phase=snde epoch=2 path=/data/adodas/VarCoNet-V2-main/xiaolunwen/experiment1c/checkpoints/worker_r1_best.pt
CHECKPOINT_LATEST repeat=1 scope=internal_cv fold=3 phase=snde epoch=2 path=/data/adodas/VarCoNet-V2-main/xiaolunwen/experiment1c/checkpoints/worker_r1_latest.pt
[SNDE] repeat=1 scope=internal_cv fold=3 epoch=2/149 train_bce=0.244251 val_bce=0.619514 best=Y best_epoch=2 asd_gate=(+0.003,-0.123,g0.874) hc_gate=(+0.003,-0.101,g0.896) pos_weight_l2=0.038964 neg_weight_l2=0.023415 mean_abs_pos_correction=0.000113 mean_abs_neg_correction=0.038267 elapsed_seconds=1.20
CHECKPOINT_BEST repeat=1 scope=internal_cv fold=3 phase=snde epoch=6 path=/data/adodas/VarCoNet-V2-main/xiaolunwen/experiment1c/checkpoints/worker_r1_best.pt
CHECKPOINT_LATEST repeat=1 scope=internal_cv fold=3 phase=snde epoch=6 path=/data/adodas/VarCoNet-V2-main/xiaolunwen/experiment1c/checkpoints/worker_r1_latest.pt
[SNDE] repeat=1 scope=internal_cv fold=3 epoch=6/149 train_bce=0.235788 val_bce=0.619132 best=Y best_epoch=6 asd_gate=(+0.003,-0.123,g0.874) hc_gate=(+0.003,-0.101,g0.896) pos_weight_l2=0.115634 neg_weight_l2=0.050980 mean_abs_pos_correction=0.000335 mean_abs_neg_correction=0.052755 elapsed_seconds=1.24
CHECKPOINT_LATEST repeat=1 scope=internal_cv fold=3 phase=snde epoch=10 path=/data/adodas/VarCoNet-V2-main/xiaolunwen/experiment1c/checkpoints/worker_r1_latest.pt
[SNDE] repeat=1 scope=internal_cv fold=3 epoch=10/149 train_bce=0.234048 val_bce=0.620714 best=N best_epoch=6 asd_gate=(+0.003,-0.123,g0.874) hc_gate=(+0.003,-0.101,g0.896) pos_weight_l2=0.189506 neg_weight_l2=0.074287 mean_abs_pos_correction=0.000546 mean_abs_neg_correction=0.109269 elapsed_seconds=0.62
CHECKPOINT_LATEST repeat=1 scope=internal_cv fold=3 phase=snde epoch=20 path=/data/adodas/VarCoNet-V2-main/xiaolunwen/experiment1c/checkpoints/worker_r1_latest.pt
[SNDE] repeat=1 scope=internal_cv fold=3 epoch=20/149 train_bce=0.231453 val_bce=0.620772 best=N best_epoch=6 asd_gate=(+0.003,-0.123,g0.874) hc_gate=(+0.003,-0.101,g0.896) pos_weight_l2=0.360300 neg_weight_l2=0.113373 mean_abs_pos_correction=0.001007 mean_abs_neg_correction=0.115119 elapsed_seconds=2.18
CHECKPOINT_LATEST repeat=1 scope=internal_cv fold=3 phase=snde epoch=30 path=/data/adodas/VarCoNet-V2-main/xiaolunwen/experiment1c/checkpoints/worker_r1_latest.pt
[SNDE] repeat=1 scope=internal_cv fold=3 epoch=30/149 train_bce=0.230049 val_bce=0.623374 best=N best_epoch=6 asd_gate=(+0.003,-0.123,g0.874) hc_gate=(+0.003,-0.101,g0.896) pos_weight_l2=0.517082 neg_weight_l2=0.144398 mean_abs_pos_correction=0.001377 mean_abs_neg_correction=0.153760 elapsed_seconds=1.08
CHECKPOINT_LATEST repeat=1 scope=internal_cv fold=3 phase=snde epoch=40 path=/data/adodas/VarCoNet-V2-main/xiaolunwen/experiment1c/checkpoints/worker_r1_latest.pt
[SNDE] repeat=1 scope=internal_cv fold=3 epoch=40/149 train_bce=0.229076 val_bce=0.625963 best=N best_epoch=6 asd_gate=(+0.003,-0.123,g0.874) hc_gate=(+0.003,-0.101,g0.896) pos_weight_l2=0.664731 neg_weight_l2=0.170715 mean_abs_pos_correction=0.001676 mean_abs_neg_correction=0.178283 elapsed_seconds=0.57
CHECKPOINT_LATEST repeat=1 scope=internal_cv fold=3 phase=snde epoch=50 path=/data/adodas/VarCoNet-V2-main/xiaolunwen/experiment1c/checkpoints/worker_r1_latest.pt
[SNDE] repeat=1 scope=internal_cv fold=3 epoch=50/149 train_bce=0.228319 val_bce=0.627592 best=N best_epoch=6 asd_gate=(+0.003,-0.123,g0.874) hc_gate=(+0.003,-0.101,g0.896) pos_weight_l2=0.806155 neg_weight_l2=0.194485 mean_abs_pos_correction=0.001930 mean_abs_neg_correction=0.186015 elapsed_seconds=0.59
CHECKPOINT_LATEST repeat=1 scope=internal_cv fold=3 phase=snde epoch=60 path=/data/adodas/VarCoNet-V2-main/xiaolunwen/experiment1c/checkpoints/worker_r1_latest.pt
[SNDE] repeat=1 scope=internal_cv fold=3 epoch=60/149 train_bce=0.227735 val_bce=0.630219 best=N best_epoch=6 asd_gate=(+0.003,-0.123,g0.874) hc_gate=(+0.003,-0.101,g0.896) pos_weight_l2=0.942787 neg_weight_l2=0.217578 mean_abs_pos_correction=0.002158 mean_abs_neg_correction=0.203598 elapsed_seconds=0.53
CHECKPOINT_LATEST repeat=1 scope=internal_cv fold=3 phase=snde epoch=70 path=/data/adodas/VarCoNet-V2-main/xiaolunwen/experiment1c/checkpoints/worker_r1_latest.pt
[SNDE] repeat=1 scope=internal_cv fold=3 epoch=70/149 train_bce=0.227267 val_bce=0.632586 best=N best_epoch=6 asd_gate=(+0.003,-0.123,g0.874) hc_gate=(+0.003,-0.101,g0.896) pos_weight_l2=1.075150 neg_weight_l2=0.239523 mean_abs_pos_correction=0.002371 mean_abs_neg_correction=0.217305 elapsed_seconds=0.67
CHECKPOINT_LATEST repeat=1 scope=internal_cv fold=3 phase=snde epoch=80 path=/data/adodas/VarCoNet-V2-main/xiaolunwen/experiment1c/checkpoints/worker_r1_latest.pt
[SNDE] repeat=1 scope=internal_cv fold=3 epoch=80/149 train_bce=0.226880 val_bce=0.634616 best=N best_epoch=6 asd_gate=(+0.003,-0.123,g0.874) hc_gate=(+0.003,-0.101,g0.896) pos_weight_l2=1.203434 neg_weight_l2=0.260380 mean_abs_pos_correction=0.002575 mean_abs_neg_correction=0.227392 elapsed_seconds=0.40
CHECKPOINT_LATEST repeat=1 scope=internal_cv fold=3 phase=snde epoch=90 path=/data/adodas/VarCoNet-V2-main/xiaolunwen/experiment1c/checkpoints/worker_r1_latest.pt
[SNDE] repeat=1 scope=internal_cv fold=3 epoch=90/149 train_bce=0.226553 val_bce=0.636822 best=N best_epoch=6 asd_gate=(+0.003,-0.123,g0.874) hc_gate=(+0.003,-0.101,g0.896) pos_weight_l2=1.327790 neg_weight_l2=0.280413 mean_abs_pos_correction=0.002773 mean_abs_neg_correction=0.239533 elapsed_seconds=0.45
CHECKPOINT_LATEST repeat=1 scope=internal_cv fold=3 phase=snde epoch=100 path=/data/adodas/VarCoNet-V2-main/xiaolunwen/experiment1c/checkpoints/worker_r1_latest.pt
[SNDE] repeat=1 scope=internal_cv fold=3 epoch=100/149 train_bce=0.226274 val_bce=0.638938 best=N best_epoch=6 asd_gate=(+0.003,-0.123,g0.874) hc_gate=(+0.003,-0.101,g0.896) pos_weight_l2=1.448394 neg_weight_l2=0.299566 mean_abs_pos_correction=0.002965 mean_abs_neg_correction=0.250577 elapsed_seconds=1.04
CHECKPOINT_LATEST repeat=1 scope=internal_cv fold=3 phase=snde epoch=110 path=/data/adodas/VarCoNet-V2-main/xiaolunwen/experiment1c/checkpoints/worker_r1_latest.pt
[SNDE] repeat=1 scope=internal_cv fold=3 epoch=110/149 train_bce=0.226031 val_bce=0.640923 best=N best_epoch=6 asd_gate=(+0.003,-0.123,g0.874) hc_gate=(+0.003,-0.101,g0.896) pos_weight_l2=1.565439 neg_weight_l2=0.317903 mean_abs_pos_correction=0.003150 mean_abs_neg_correction=0.260355 elapsed_seconds=0.41
CHECKPOINT_LATEST repeat=1 scope=internal_cv fold=3 phase=snde epoch=120 path=/data/adodas/VarCoNet-V2-main/xiaolunwen/experiment1c/checkpoints/worker_r1_latest.pt
[SNDE] repeat=1 scope=internal_cv fold=3 epoch=120/149 train_bce=0.225819 val_bce=0.642874 best=N best_epoch=6 asd_gate=(+0.003,-0.123,g0.874) hc_gate=(+0.003,-0.101,g0.896) pos_weight_l2=1.679122 neg_weight_l2=0.335536 mean_abs_pos_correction=0.003329 mean_abs_neg_correction=0.270149 elapsed_seconds=0.74
CHECKPOINT_LATEST repeat=1 scope=internal_cv fold=3 phase=snde epoch=130 path=/data/adodas/VarCoNet-V2-main/xiaolunwen/experiment1c/checkpoints/worker_r1_latest.pt
[SNDE] repeat=1 scope=internal_cv fold=3 epoch=130/149 train_bce=0.225630 val_bce=0.644749 best=N best_epoch=6 asd_gate=(+0.003,-0.123,g0.874) hc_gate=(+0.003,-0.101,g0.896) pos_weight_l2=1.789623 neg_weight_l2=0.352513 mean_abs_pos_correction=0.003502 mean_abs_neg_correction=0.279489 elapsed_seconds=0.81
CHECKPOINT_LATEST repeat=1 scope=internal_cv fold=3 phase=snde epoch=140 path=/data/adodas/VarCoNet-V2-main/xiaolunwen/experiment1c/checkpoints/worker_r1_latest.pt
[SNDE] repeat=1 scope=internal_cv fold=3 epoch=140/149 train_bce=0.225461 val_bce=0.646532 best=N best_epoch=6 asd_gate=(+0.003,-0.123,g0.874) hc_gate=(+0.003,-0.101,g0.896) pos_weight_l2=1.897108 neg_weight_l2=0.368885 mean_abs_pos_correction=0.003669 mean_abs_neg_correction=0.288194 elapsed_seconds=0.50
CHECKPOINT_LATEST repeat=1 scope=internal_cv fold=3 phase=snde epoch=149 path=/data/adodas/VarCoNet-V2-main/xiaolunwen/experiment1c/checkpoints/worker_r1_latest.pt
[SNDE] repeat=1 scope=internal_cv fold=3 epoch=149/149 train_bce=0.225323 val_bce=0.648076 best=N best_epoch=6 asd_gate=(+0.003,-0.123,g0.874) hc_gate=(+0.003,-0.101,g0.896) pos_weight_l2=1.991391 neg_weight_l2=0.383156 mean_abs_pos_correction=0.003816 mean_abs_neg_correction=0.295739 elapsed_seconds=0.43
TASK_TRAINING_DONE repeat=1 scope=internal_cv fold=3 base_encoder_epoch=48 base_classifier_epoch=36 base_val_bce=0.620719 crsm_epoch=0 crsm_val_bce=0.620719 snde_epoch=6 snde_val_bce=0.619132 elapsed_minutes=3.8
TASK_DONE repeat=1 scope=internal_fold fold=3 method=baseline selected_encoder_epoch=48 test_auc=0.713251 test_bce=0.618134 elapsed_minutes=3.8
TASK_DONE repeat=1 scope=internal_fold fold=3 method=crsm_corrected selected_encoder_epoch=48 test_auc=0.713251 test_bce=0.618134 elapsed_minutes=3.8
TASK_DONE repeat=1 scope=internal_fold fold=3 method=selective_normative_deviation_experts selected_encoder_epoch=48 test_auc=0.710145 test_bce=0.622454 elapsed_minutes=3.8
TASK_START repeat=1 scope=internal_cv fold=4 seed=100104 device=cuda:0 methods=baseline,crsm_corrected,selective_normative_deviation_experts shared_encoder=Y reference_unique_n=674 train_n=750 val_n=120
CHECKPOINT_BEST repeat=1 scope=internal_cv fold=4 phase=ssl epoch=1 path=/data/adodas/VarCoNet-V2-main/xiaolunwen/experiment1c/checkpoints/worker_r1_best.pt
[SSL] repeat=1 scope=internal_cv fold=4 epoch=1/50 ssl_loss=3.639171 lr=0.000024107 base_val_bce=0.686039 base_best=Y base_cls_epoch=31 epoch_seconds=4.8 task_elapsed_minutes=0.1 gpu_alloc_gb=0.318 gpu_reserved_gb=1.744
CHECKPOINT_BEST repeat=1 scope=internal_cv fold=4 phase=ssl epoch=2 path=/data/adodas/VarCoNet-V2-main/xiaolunwen/experiment1c/checkpoints/worker_r1_best.pt
[SSL] repeat=1 scope=internal_cv fold=4 epoch=2/50 ssl_loss=2.901708 lr=0.000038214 base_val_bce=0.673850 base_best=Y base_cls_epoch=11 epoch_seconds=6.1 task_elapsed_minutes=0.2 gpu_alloc_gb=0.317 gpu_reserved_gb=2.008
[SSL] repeat=1 scope=internal_cv fold=4 epoch=3/50 ssl_loss=1.245794 lr=0.000052321 base_val_bce=0.685823 base_best=N base_cls_epoch=11 epoch_seconds=3.2 task_elapsed_minutes=0.2 gpu_alloc_gb=0.318 gpu_reserved_gb=1.744
[SSL] repeat=1 scope=internal_cv fold=4 epoch=4/50 ssl_loss=0.440435 lr=0.000066427 base_val_bce=0.678231 base_best=N base_cls_epoch=7 epoch_seconds=3.0 task_elapsed_minutes=0.3 gpu_alloc_gb=0.317 gpu_reserved_gb=2.008
[SSL] repeat=1 scope=internal_cv fold=4 epoch=5/50 ssl_loss=0.215636 lr=0.000080534 base_val_bce=0.686955 base_best=N base_cls_epoch=7 epoch_seconds=3.1 task_elapsed_minutes=0.3 gpu_alloc_gb=0.318 gpu_reserved_gb=1.744
[SSL] repeat=1 scope=internal_cv fold=4 epoch=6/50 ssl_loss=0.170801 lr=0.000094641 base_val_bce=0.683025 base_best=N base_cls_epoch=20 epoch_seconds=3.6 task_elapsed_minutes=0.4 gpu_alloc_gb=0.317 gpu_reserved_gb=2.008
[SSL] repeat=1 scope=internal_cv fold=4 epoch=7/50 ssl_loss=0.133348 lr=0.000108748 base_val_bce=0.688090 base_best=N base_cls_epoch=5 epoch_seconds=3.4 task_elapsed_minutes=0.5 gpu_alloc_gb=0.318 gpu_reserved_gb=1.744
[SSL] repeat=1 scope=internal_cv fold=4 epoch=8/50 ssl_loss=0.121196 lr=0.000122855 base_val_bce=0.679709 base_best=N base_cls_epoch=5 epoch_seconds=3.5 task_elapsed_minutes=0.5 gpu_alloc_gb=0.317 gpu_reserved_gb=2.008
[SSL] repeat=1 scope=internal_cv fold=4 epoch=9/50 ssl_loss=0.097745 lr=0.000136962 base_val_bce=0.683397 base_best=N base_cls_epoch=26 epoch_seconds=3.5 task_elapsed_minutes=0.6 gpu_alloc_gb=0.318 gpu_reserved_gb=1.744
CHECKPOINT_LATEST repeat=1 scope=internal_cv fold=4 phase=ssl epoch=10 path=/data/adodas/VarCoNet-V2-main/xiaolunwen/experiment1c/checkpoints/worker_r1_latest.pt
[SSL] repeat=1 scope=internal_cv fold=4 epoch=10/50 ssl_loss=0.124011 lr=0.000136962 base_val_bce=0.679346 base_best=N base_cls_epoch=10 epoch_seconds=4.7 task_elapsed_minutes=0.7 gpu_alloc_gb=0.317 gpu_reserved_gb=2.008
CHECKPOINT_BEST repeat=1 scope=internal_cv fold=4 phase=ssl epoch=11 path=/data/adodas/VarCoNet-V2-main/xiaolunwen/experiment1c/checkpoints/worker_r1_best.pt
[SSL] repeat=1 scope=internal_cv fold=4 epoch=11/50 ssl_loss=0.102257 lr=0.000136751 base_val_bce=0.668767 base_best=Y base_cls_epoch=8 epoch_seconds=6.2 task_elapsed_minutes=0.8 gpu_alloc_gb=0.318 gpu_reserved_gb=1.744
[SSL] repeat=1 scope=internal_cv fold=4 epoch=12/50 ssl_loss=0.089381 lr=0.000136119 base_val_bce=0.675682 base_best=N base_cls_epoch=13 epoch_seconds=4.9 task_elapsed_minutes=0.8 gpu_alloc_gb=0.317 gpu_reserved_gb=2.008
[SSL] repeat=1 scope=internal_cv fold=4 epoch=13/50 ssl_loss=0.094971 lr=0.000135070 base_val_bce=0.673223 base_best=N base_cls_epoch=22 epoch_seconds=3.8 task_elapsed_minutes=0.9 gpu_alloc_gb=0.318 gpu_reserved_gb=1.744
[SSL] repeat=1 scope=internal_cv fold=4 epoch=14/50 ssl_loss=0.089152 lr=0.000133610 base_val_bce=0.689434 base_best=N base_cls_epoch=20 epoch_seconds=3.6 task_elapsed_minutes=1.0 gpu_alloc_gb=0.317 gpu_reserved_gb=2.008
CHECKPOINT_BEST repeat=1 scope=internal_cv fold=4 phase=ssl epoch=15 path=/data/adodas/VarCoNet-V2-main/xiaolunwen/experiment1c/checkpoints/worker_r1_best.pt
[SSL] repeat=1 scope=internal_cv fold=4 epoch=15/50 ssl_loss=0.083896 lr=0.000131749 base_val_bce=0.667486 base_best=Y base_cls_epoch=15 epoch_seconds=4.3 task_elapsed_minutes=1.0 gpu_alloc_gb=0.318 gpu_reserved_gb=1.744
CHECKPOINT_BEST repeat=1 scope=internal_cv fold=4 phase=ssl epoch=16 path=/data/adodas/VarCoNet-V2-main/xiaolunwen/experiment1c/checkpoints/worker_r1_best.pt
[SSL] repeat=1 scope=internal_cv fold=4 epoch=16/50 ssl_loss=0.079754 lr=0.000129498 base_val_bce=0.664795 base_best=Y base_cls_epoch=26 epoch_seconds=4.2 task_elapsed_minutes=1.1 gpu_alloc_gb=0.317 gpu_reserved_gb=2.008
[SSL] repeat=1 scope=internal_cv fold=4 epoch=17/50 ssl_loss=0.070087 lr=0.000126870 base_val_bce=0.664834 base_best=N base_cls_epoch=27 epoch_seconds=3.8 task_elapsed_minutes=1.2 gpu_alloc_gb=0.318 gpu_reserved_gb=1.744
CHECKPOINT_BEST repeat=1 scope=internal_cv fold=4 phase=ssl epoch=18 path=/data/adodas/VarCoNet-V2-main/xiaolunwen/experiment1c/checkpoints/worker_r1_best.pt
[SSL] repeat=1 scope=internal_cv fold=4 epoch=18/50 ssl_loss=0.073784 lr=0.000123883 base_val_bce=0.660992 base_best=Y base_cls_epoch=28 epoch_seconds=4.2 task_elapsed_minutes=1.2 gpu_alloc_gb=0.317 gpu_reserved_gb=2.008
CHECKPOINT_BEST repeat=1 scope=internal_cv fold=4 phase=ssl epoch=19 path=/data/adodas/VarCoNet-V2-main/xiaolunwen/experiment1c/checkpoints/worker_r1_best.pt
[SSL] repeat=1 scope=internal_cv fold=4 epoch=19/50 ssl_loss=0.057632 lr=0.000120554 base_val_bce=0.658708 base_best=Y base_cls_epoch=27 epoch_seconds=4.2 task_elapsed_minutes=1.3 gpu_alloc_gb=0.318 gpu_reserved_gb=1.744
CHECKPOINT_BEST repeat=1 scope=internal_cv fold=4 phase=ssl epoch=20 path=/data/adodas/VarCoNet-V2-main/xiaolunwen/experiment1c/checkpoints/worker_r1_best.pt
CHECKPOINT_LATEST repeat=1 scope=internal_cv fold=4 phase=ssl epoch=20 path=/data/adodas/VarCoNet-V2-main/xiaolunwen/experiment1c/checkpoints/worker_r1_latest.pt
[SSL] repeat=1 scope=internal_cv fold=4 epoch=20/50 ssl_loss=0.054879 lr=0.000116904 base_val_bce=0.653382 base_best=Y base_cls_epoch=26 epoch_seconds=3.9 task_elapsed_minutes=1.4 gpu_alloc_gb=0.317 gpu_reserved_gb=2.008
[SSL] repeat=1 scope=internal_cv fold=4 epoch=21/50 ssl_loss=0.063756 lr=0.000112956 base_val_bce=0.670226 base_best=N base_cls_epoch=25 epoch_seconds=3.3 task_elapsed_minutes=1.4 gpu_alloc_gb=0.318 gpu_reserved_gb=1.744
[SSL] repeat=1 scope=internal_cv fold=4 epoch=22/50 ssl_loss=0.063936 lr=0.000108733 base_val_bce=0.655125 base_best=N base_cls_epoch=28 epoch_seconds=3.6 task_elapsed_minutes=1.5 gpu_alloc_gb=0.317 gpu_reserved_gb=2.008
[SSL] repeat=1 scope=internal_cv fold=4 epoch=23/50 ssl_loss=0.065218 lr=0.000104262 base_val_bce=0.660776 base_best=N base_cls_epoch=28 epoch_seconds=3.4 task_elapsed_minutes=1.5 gpu_alloc_gb=0.318 gpu_reserved_gb=1.744
[SSL] repeat=1 scope=internal_cv fold=4 epoch=24/50 ssl_loss=0.067756 lr=0.000099570 base_val_bce=0.654366 base_best=N base_cls_epoch=28 epoch_seconds=2.8 task_elapsed_minutes=1.6 gpu_alloc_gb=0.317 gpu_reserved_gb=2.008
[SSL] repeat=1 scope=internal_cv fold=4 epoch=25/50 ssl_loss=0.052916 lr=0.000094687 base_val_bce=0.658327 base_best=N base_cls_epoch=29 epoch_seconds=2.4 task_elapsed_minutes=1.6 gpu_alloc_gb=0.318 gpu_reserved_gb=1.744
[SSL] repeat=1 scope=internal_cv fold=4 epoch=26/50 ssl_loss=0.063083 lr=0.000089643 base_val_bce=0.660085 base_best=N base_cls_epoch=31 epoch_seconds=2.4 task_elapsed_minutes=1.7 gpu_alloc_gb=0.317 gpu_reserved_gb=2.008
[SSL] repeat=1 scope=internal_cv fold=4 epoch=27/50 ssl_loss=0.056010 lr=0.000084467 base_val_bce=0.660884 base_best=N base_cls_epoch=28 epoch_seconds=2.6 task_elapsed_minutes=1.7 gpu_alloc_gb=0.318 gpu_reserved_gb=1.744
[SSL] repeat=1 scope=internal_cv fold=4 epoch=28/50 ssl_loss=0.064698 lr=0.000079194 base_val_bce=0.662944 base_best=N base_cls_epoch=33 epoch_seconds=5.4 task_elapsed_minutes=1.8 gpu_alloc_gb=0.317 gpu_reserved_gb=2.008
CHECKPOINT_BEST repeat=1 scope=internal_cv fold=4 phase=ssl epoch=29 path=/data/adodas/VarCoNet-V2-main/xiaolunwen/experiment1c/checkpoints/worker_r1_best.pt
[SSL] repeat=1 scope=internal_cv fold=4 epoch=29/50 ssl_loss=0.055638 lr=0.000073854 base_val_bce=0.648368 base_best=Y base_cls_epoch=29 epoch_seconds=6.6 task_elapsed_minutes=1.9 gpu_alloc_gb=0.318 gpu_reserved_gb=1.744
CHECKPOINT_LATEST repeat=1 scope=internal_cv fold=4 phase=ssl epoch=30 path=/data/adodas/VarCoNet-V2-main/xiaolunwen/experiment1c/checkpoints/worker_r1_latest.pt
[SSL] repeat=1 scope=internal_cv fold=4 epoch=30/50 ssl_loss=0.050061 lr=0.000068481 base_val_bce=0.661427 base_best=N base_cls_epoch=31 epoch_seconds=11.3 task_elapsed_minutes=2.1 gpu_alloc_gb=0.317 gpu_reserved_gb=2.008
[SSL] repeat=1 scope=internal_cv fold=4 epoch=31/50 ssl_loss=0.053340 lr=0.000063108 base_val_bce=0.653571 base_best=N base_cls_epoch=28 epoch_seconds=11.0 task_elapsed_minutes=2.3 gpu_alloc_gb=0.318 gpu_reserved_gb=1.744
[SSL] repeat=1 scope=internal_cv fold=4 epoch=32/50 ssl_loss=0.058361 lr=0.000057768 base_val_bce=0.657036 base_best=N base_cls_epoch=31 epoch_seconds=6.7 task_elapsed_minutes=2.4 gpu_alloc_gb=0.317 gpu_reserved_gb=2.008
[SSL] repeat=1 scope=internal_cv fold=4 epoch=33/50 ssl_loss=0.050280 lr=0.000052494 base_val_bce=0.650348 base_best=N base_cls_epoch=32 epoch_seconds=6.0 task_elapsed_minutes=2.5 gpu_alloc_gb=0.318 gpu_reserved_gb=1.744
[SSL] repeat=1 scope=internal_cv fold=4 epoch=34/50 ssl_loss=0.053863 lr=0.000047319 base_val_bce=0.656591 base_best=N base_cls_epoch=30 epoch_seconds=6.5 task_elapsed_minutes=2.6 gpu_alloc_gb=0.317 gpu_reserved_gb=2.008
CHECKPOINT_BEST repeat=1 scope=internal_cv fold=4 phase=ssl epoch=35 path=/data/adodas/VarCoNet-V2-main/xiaolunwen/experiment1c/checkpoints/worker_r1_best.pt
[SSL] repeat=1 scope=internal_cv fold=4 epoch=35/50 ssl_loss=0.050637 lr=0.000042274 base_val_bce=0.647642 base_best=Y base_cls_epoch=32 epoch_seconds=6.2 task_elapsed_minutes=2.7 gpu_alloc_gb=0.318 gpu_reserved_gb=1.744
[SSL] repeat=1 scope=internal_cv fold=4 epoch=36/50 ssl_loss=0.052652 lr=0.000037391 base_val_bce=0.671422 base_best=N base_cls_epoch=32 epoch_seconds=6.7 task_elapsed_minutes=2.8 gpu_alloc_gb=0.317 gpu_reserved_gb=2.008
[SSL] repeat=1 scope=internal_cv fold=4 epoch=37/50 ssl_loss=0.046740 lr=0.000032700 base_val_bce=0.658128 base_best=N base_cls_epoch=31 epoch_seconds=5.6 task_elapsed_minutes=2.9 gpu_alloc_gb=0.318 gpu_reserved_gb=1.744
[SSL] repeat=1 scope=internal_cv fold=4 epoch=38/50 ssl_loss=0.059211 lr=0.000028229 base_val_bce=0.654872 base_best=N base_cls_epoch=30 epoch_seconds=6.0 task_elapsed_minutes=3.0 gpu_alloc_gb=0.317 gpu_reserved_gb=2.008
[SSL] repeat=1 scope=internal_cv fold=4 epoch=39/50 ssl_loss=0.049515 lr=0.000024006 base_val_bce=0.658769 base_best=N base_cls_epoch=30 epoch_seconds=5.4 task_elapsed_minutes=3.1 gpu_alloc_gb=0.318 gpu_reserved_gb=1.744
CHECKPOINT_LATEST repeat=1 scope=internal_cv fold=4 phase=ssl epoch=40 path=/data/adodas/VarCoNet-V2-main/xiaolunwen/experiment1c/checkpoints/worker_r1_latest.pt
[SSL] repeat=1 scope=internal_cv fold=4 epoch=40/50 ssl_loss=0.060171 lr=0.000020058 base_val_bce=0.654682 base_best=N base_cls_epoch=34 epoch_seconds=4.9 task_elapsed_minutes=3.2 gpu_alloc_gb=0.317 gpu_reserved_gb=2.008
[SSL] repeat=1 scope=internal_cv fold=4 epoch=41/50 ssl_loss=0.052667 lr=0.000016408 base_val_bce=0.653669 base_best=N base_cls_epoch=31 epoch_seconds=3.6 task_elapsed_minutes=3.3 gpu_alloc_gb=0.318 gpu_reserved_gb=1.744
CHECKPOINT_BEST repeat=1 scope=internal_cv fold=4 phase=ssl epoch=42 path=/data/adodas/VarCoNet-V2-main/xiaolunwen/experiment1c/checkpoints/worker_r1_best.pt
[SSL] repeat=1 scope=internal_cv fold=4 epoch=42/50 ssl_loss=0.045880 lr=0.000013079 base_val_bce=0.640059 base_best=Y base_cls_epoch=31 epoch_seconds=4.6 task_elapsed_minutes=3.3 gpu_alloc_gb=0.317 gpu_reserved_gb=2.008
[SSL] repeat=1 scope=internal_cv fold=4 epoch=43/50 ssl_loss=0.042243 lr=0.000010091 base_val_bce=0.658086 base_best=N base_cls_epoch=30 epoch_seconds=3.7 task_elapsed_minutes=3.4 gpu_alloc_gb=0.318 gpu_reserved_gb=1.744
[SSL] repeat=1 scope=internal_cv fold=4 epoch=44/50 ssl_loss=0.048594 lr=0.000007464 base_val_bce=0.663580 base_best=N base_cls_epoch=31 epoch_seconds=3.5 task_elapsed_minutes=3.5 gpu_alloc_gb=0.317 gpu_reserved_gb=2.008
[SSL] repeat=1 scope=internal_cv fold=4 epoch=45/50 ssl_loss=0.051111 lr=0.000005213 base_val_bce=0.647890 base_best=N base_cls_epoch=33 epoch_seconds=3.8 task_elapsed_minutes=3.5 gpu_alloc_gb=0.318 gpu_reserved_gb=1.744
[SSL] repeat=1 scope=internal_cv fold=4 epoch=46/50 ssl_loss=0.054765 lr=0.000003352 base_val_bce=0.647866 base_best=N base_cls_epoch=34 epoch_seconds=3.8 task_elapsed_minutes=3.6 gpu_alloc_gb=0.317 gpu_reserved_gb=2.008
[SSL] repeat=1 scope=internal_cv fold=4 epoch=47/50 ssl_loss=0.058207 lr=0.000001892 base_val_bce=0.656556 base_best=N base_cls_epoch=31 epoch_seconds=3.7 task_elapsed_minutes=3.7 gpu_alloc_gb=0.318 gpu_reserved_gb=1.744
[SSL] repeat=1 scope=internal_cv fold=4 epoch=48/50 ssl_loss=0.054105 lr=0.000000843 base_val_bce=0.658833 base_best=N base_cls_epoch=35 epoch_seconds=3.7 task_elapsed_minutes=3.7 gpu_alloc_gb=0.317 gpu_reserved_gb=2.008
[SSL] repeat=1 scope=internal_cv fold=4 epoch=49/50 ssl_loss=0.053633 lr=0.000000211 base_val_bce=0.661812 base_best=N base_cls_epoch=32 epoch_seconds=3.6 task_elapsed_minutes=3.8 gpu_alloc_gb=0.318 gpu_reserved_gb=1.744
CHECKPOINT_LATEST repeat=1 scope=internal_cv fold=4 phase=ssl epoch=50 path=/data/adodas/VarCoNet-V2-main/xiaolunwen/experiment1c/checkpoints/worker_r1_latest.pt
[SSL] repeat=1 scope=internal_cv fold=4 epoch=50/50 ssl_loss=0.047119 lr=0.000000000 base_val_bce=0.655128 base_best=N base_cls_epoch=34 epoch_seconds=4.4 task_elapsed_minutes=3.9 gpu_alloc_gb=0.317 gpu_reserved_gb=2.008
[CRSM_ZERO_BASELINE] repeat=1 scope=internal_cv fold=4 epoch=0 exact_zero=Y val_bce=0.640059 probability_max_abs=5.96e-08
CHECKPOINT_LATEST repeat=1 scope=internal_cv fold=4 phase=crsm_corrected epoch=0 path=/data/adodas/VarCoNet-V2-main/xiaolunwen/experiment1c/checkpoints/worker_r1_latest.pt
CHECKPOINT_BEST repeat=1 scope=internal_cv fold=4 phase=crsm_corrected epoch=0 path=/data/adodas/VarCoNet-V2-main/xiaolunwen/experiment1c/checkpoints/worker_r1_best.pt
CHECKPOINT_BEST repeat=1 scope=internal_cv fold=4 phase=crsm_corrected epoch=0 path=/data/adodas/VarCoNet-V2-main/xiaolunwen/experiment1c/checkpoints/worker_r1_best.pt
CHECKPOINT_LATEST repeat=1 scope=internal_cv fold=4 phase=crsm_corrected epoch=0 path=/data/adodas/VarCoNet-V2-main/xiaolunwen/experiment1c/checkpoints/worker_r1_latest.pt
[CRSM_SYMMETRY_START] repeat=1 scope=internal_cv fold=4 after_exact_zero=Y pca_unit_norm=1.00000000 pca_singular=149.620346 symmetry_scale=0.00182945293
CHECKPOINT_LATEST repeat=1 scope=internal_cv fold=4 phase=crsm_corrected epoch=10 path=/data/adodas/VarCoNet-V2-main/xiaolunwen/experiment1c/checkpoints/worker_r1_latest.pt
[CRSM_CORRECTED] repeat=1 scope=internal_cv fold=4 epoch=10/149 train_loss=0.234807 val_bce=0.647477 best=N best_epoch=0 asd_mass=(0.5029,0.4971) hc_mass=(0.5000,0.5000) delta_l2=(0.130442,0.129990) epoch_seconds=0.88
CHECKPOINT_LATEST repeat=1 scope=internal_cv fold=4 phase=crsm_corrected epoch=20 path=/data/adodas/VarCoNet-V2-main/xiaolunwen/experiment1c/checkpoints/worker_r1_latest.pt
[CRSM_CORRECTED] repeat=1 scope=internal_cv fold=4 epoch=20/149 train_loss=0.205341 val_bce=0.655877 best=N best_epoch=0 asd_mass=(0.5049,0.4951) hc_mass=(0.5000,0.5000) delta_l2=(0.249881,0.249417) epoch_seconds=0.48
CHECKPOINT_LATEST repeat=1 scope=internal_cv fold=4 phase=crsm_corrected epoch=30 path=/data/adodas/VarCoNet-V2-main/xiaolunwen/experiment1c/checkpoints/worker_r1_latest.pt
[CRSM_CORRECTED] repeat=1 scope=internal_cv fold=4 epoch=30/149 train_loss=0.184208 val_bce=0.667598 best=N best_epoch=0 asd_mass=(0.5080,0.4920) hc_mass=(0.5000,0.5000) delta_l2=(0.358179,0.357796) epoch_seconds=0.92
CHECKPOINT_LATEST repeat=1 scope=internal_cv fold=4 phase=crsm_corrected epoch=40 path=/data/adodas/VarCoNet-V2-main/xiaolunwen/experiment1c/checkpoints/worker_r1_latest.pt
[CRSM_CORRECTED] repeat=1 scope=internal_cv fold=4 epoch=40/149 train_loss=0.168884 val_bce=0.682148 best=N best_epoch=0 asd_mass=(0.5129,0.4871) hc_mass=(0.5000,0.5000) delta_l2=(0.455338,0.455117) epoch_seconds=0.51
CHECKPOINT_LATEST repeat=1 scope=internal_cv fold=4 phase=crsm_corrected epoch=50 path=/data/adodas/VarCoNet-V2-main/xiaolunwen/experiment1c/checkpoints/worker_r1_latest.pt
[CRSM_CORRECTED] repeat=1 scope=internal_cv fold=4 epoch=50/149 train_loss=0.157606 val_bce=0.697345 best=N best_epoch=0 asd_mass=(0.5196,0.4804) hc_mass=(0.5000,0.5000) delta_l2=(0.542361,0.542338) epoch_seconds=0.49
CHECKPOINT_LATEST repeat=1 scope=internal_cv fold=4 phase=crsm_corrected epoch=60 path=/data/adodas/VarCoNet-V2-main/xiaolunwen/experiment1c/checkpoints/worker_r1_latest.pt
[CRSM_CORRECTED] repeat=1 scope=internal_cv fold=4 epoch=60/149 train_loss=0.149140 val_bce=0.713369 best=N best_epoch=0 asd_mass=(0.5276,0.4724) hc_mass=(0.5000,0.5000) delta_l2=(0.620450,0.620659) epoch_seconds=0.58
CHECKPOINT_LATEST repeat=1 scope=internal_cv fold=4 phase=crsm_corrected epoch=70 path=/data/adodas/VarCoNet-V2-main/xiaolunwen/experiment1c/checkpoints/worker_r1_latest.pt
[CRSM_CORRECTED] repeat=1 scope=internal_cv fold=4 epoch=70/149 train_loss=0.142628 val_bce=0.729929 best=N best_epoch=0 asd_mass=(0.5357,0.4643) hc_mass=(0.5000,0.5000) delta_l2=(0.690750,0.691382) epoch_seconds=0.95
CHECKPOINT_LATEST repeat=1 scope=internal_cv fold=4 phase=crsm_corrected epoch=80 path=/data/adodas/VarCoNet-V2-main/xiaolunwen/experiment1c/checkpoints/worker_r1_latest.pt
[CRSM_CORRECTED] repeat=1 scope=internal_cv fold=4 epoch=80/149 train_loss=0.137498 val_bce=0.746730 best=N best_epoch=0 asd_mass=(0.5425,0.4575) hc_mass=(0.5000,0.5000) delta_l2=(0.754272,0.755819) epoch_seconds=0.28
CHECKPOINT_LATEST repeat=1 scope=internal_cv fold=4 phase=crsm_corrected epoch=90 path=/data/adodas/VarCoNet-V2-main/xiaolunwen/experiment1c/checkpoints/worker_r1_latest.pt
[CRSM_CORRECTED] repeat=1 scope=internal_cv fold=4 epoch=90/149 train_loss=0.133381 val_bce=0.763585 best=N best_epoch=0 asd_mass=(0.5473,0.4527) hc_mass=(0.5000,0.5000) delta_l2=(0.811918,0.815113) epoch_seconds=0.63
CHECKPOINT_LATEST repeat=1 scope=internal_cv fold=4 phase=crsm_corrected epoch=100 path=/data/adodas/VarCoNet-V2-main/xiaolunwen/experiment1c/checkpoints/worker_r1_latest.pt
[CRSM_CORRECTED] repeat=1 scope=internal_cv fold=4 epoch=100/149 train_loss=0.130042 val_bce=0.780159 best=N best_epoch=0 asd_mass=(0.5505,0.4495) hc_mass=(0.5000,0.5000) delta_l2=(0.864483,0.870093) epoch_seconds=0.52
CHECKPOINT_LATEST repeat=1 scope=internal_cv fold=4 phase=crsm_corrected epoch=110 path=/data/adodas/VarCoNet-V2-main/xiaolunwen/experiment1c/checkpoints/worker_r1_latest.pt
[CRSM_CORRECTED] repeat=1 scope=internal_cv fold=4 epoch=110/149 train_loss=0.127314 val_bce=0.796304 best=N best_epoch=0 asd_mass=(0.5525,0.4475) hc_mass=(0.5000,0.5000) delta_l2=(0.912625,0.921288) epoch_seconds=0.73
CHECKPOINT_LATEST repeat=1 scope=internal_cv fold=4 phase=crsm_corrected epoch=120 path=/data/adodas/VarCoNet-V2-main/xiaolunwen/experiment1c/checkpoints/worker_r1_latest.pt
[CRSM_CORRECTED] repeat=1 scope=internal_cv fold=4 epoch=120/149 train_loss=0.125072 val_bce=0.811848 best=N best_epoch=0 asd_mass=(0.5537,0.4463) hc_mass=(0.5000,0.5000) delta_l2=(0.956882,0.969047) epoch_seconds=0.55
CHECKPOINT_LATEST repeat=1 scope=internal_cv fold=4 phase=crsm_corrected epoch=130 path=/data/adodas/VarCoNet-V2-main/xiaolunwen/experiment1c/checkpoints/worker_r1_latest.pt
[CRSM_CORRECTED] repeat=1 scope=internal_cv fold=4 epoch=130/149 train_loss=0.123221 val_bce=0.826742 best=N best_epoch=0 asd_mass=(0.5543,0.4457) hc_mass=(0.5000,0.5000) delta_l2=(0.997711,1.013637) epoch_seconds=0.59
CHECKPOINT_LATEST repeat=1 scope=internal_cv fold=4 phase=crsm_corrected epoch=140 path=/data/adodas/VarCoNet-V2-main/xiaolunwen/experiment1c/checkpoints/worker_r1_latest.pt
[CRSM_CORRECTED] repeat=1 scope=internal_cv fold=4 epoch=140/149 train_loss=0.121683 val_bce=0.840961 best=N best_epoch=0 asd_mass=(0.5546,0.4454) hc_mass=(0.5000,0.5000) delta_l2=(1.035501,1.055300) epoch_seconds=0.76
CHECKPOINT_LATEST repeat=1 scope=internal_cv fold=4 phase=crsm_corrected epoch=149 path=/data/adodas/VarCoNet-V2-main/xiaolunwen/experiment1c/checkpoints/worker_r1_latest.pt
[CRSM_CORRECTED] repeat=1 scope=internal_cv fold=4 epoch=149/149 train_loss=0.120515 val_bce=0.853164 best=N best_epoch=0 asd_mass=(0.5547,0.4453) hc_mass=(0.5000,0.5000) delta_l2=(1.067200,1.090487) epoch_seconds=0.75
[SNDE_NORMATIVE] repeat=1 scope=internal_cv fold=4 n_unique_asd=357 n_unique_hc=317 roi_dim=384 std_floor=0.0013696982 pc1_explained_fraction=0.220925 hc_score_mean_before_norm=2.40675e-08 hc_score_std_before_norm=7.77751 asd_positive_fraction=0.1204 asd_negative_fraction=0.0000 asd_generalist_fraction=0.8796 hc_positive_fraction=0.0915 hc_negative_fraction=0.0000 hc_generalist_fraction=0.9085
[SNDE_ZERO_BASELINE] repeat=1 scope=internal_cv fold=4 epoch=0 exact_zero=Y val_bce=0.640059 probability_max_abs=5.96e-08
CHECKPOINT_BEST repeat=1 scope=internal_cv fold=4 phase=snde epoch=0 path=/data/adodas/VarCoNet-V2-main/xiaolunwen/experiment1c/checkpoints/worker_r1_best.pt
CHECKPOINT_LATEST repeat=1 scope=internal_cv fold=4 phase=snde epoch=0 path=/data/adodas/VarCoNet-V2-main/xiaolunwen/experiment1c/checkpoints/worker_r1_latest.pt
CHECKPOINT_BEST repeat=1 scope=internal_cv fold=4 phase=snde epoch=1 path=/data/adodas/VarCoNet-V2-main/xiaolunwen/experiment1c/checkpoints/worker_r1_best.pt
CHECKPOINT_LATEST repeat=1 scope=internal_cv fold=4 phase=snde epoch=1 path=/data/adodas/VarCoNet-V2-main/xiaolunwen/experiment1c/checkpoints/worker_r1_latest.pt
[SNDE] repeat=1 scope=internal_cv fold=4 epoch=1/149 train_bce=0.271455 val_bce=0.639997 best=Y best_epoch=1 asd_gate=(+0.120,-0.000,g0.880) hc_gate=(+0.091,-0.000,g0.909) pos_weight_l2=0.019596 neg_weight_l2=0.019429 mean_abs_pos_correction=0.070039 mean_abs_neg_correction=0.000000 elapsed_seconds=1.23
CHECKPOINT_LATEST repeat=1 scope=internal_cv fold=4 phase=snde epoch=10 path=/data/adodas/VarCoNet-V2-main/xiaolunwen/experiment1c/checkpoints/worker_r1_latest.pt
[SNDE] repeat=1 scope=internal_cv fold=4 epoch=10/149 train_bce=0.265029 val_bce=0.645410 best=N best_epoch=1 asd_gate=(+0.120,-0.000,g0.880) hc_gate=(+0.091,-0.000,g0.909) pos_weight_l2=0.080775 neg_weight_l2=0.192144 mean_abs_pos_correction=0.121175 mean_abs_neg_correction=0.000000 elapsed_seconds=1.60
CHECKPOINT_LATEST repeat=1 scope=internal_cv fold=4 phase=snde epoch=20 path=/data/adodas/VarCoNet-V2-main/xiaolunwen/experiment1c/checkpoints/worker_r1_latest.pt
[SNDE] repeat=1 scope=internal_cv fold=4 epoch=20/149 train_bce=0.262245 val_bce=0.659190 best=N best_epoch=1 asd_gate=(+0.120,-0.000,g0.880) hc_gate=(+0.091,-0.000,g0.909) pos_weight_l2=0.125672 neg_weight_l2=0.373511 mean_abs_pos_correction=0.140536 mean_abs_neg_correction=0.000000 elapsed_seconds=0.54
CHECKPOINT_LATEST repeat=1 scope=internal_cv fold=4 phase=snde epoch=30 path=/data/adodas/VarCoNet-V2-main/xiaolunwen/experiment1c/checkpoints/worker_r1_latest.pt
[SNDE] repeat=1 scope=internal_cv fold=4 epoch=30/149 train_bce=0.260778 val_bce=0.661165 best=N best_epoch=1 asd_gate=(+0.120,-0.000,g0.880) hc_gate=(+0.091,-0.000,g0.909) pos_weight_l2=0.160006 neg_weight_l2=0.537680 mean_abs_pos_correction=0.186993 mean_abs_neg_correction=0.000000 elapsed_seconds=1.07
CHECKPOINT_LATEST repeat=1 scope=internal_cv fold=4 phase=snde epoch=40 path=/data/adodas/VarCoNet-V2-main/xiaolunwen/experiment1c/checkpoints/worker_r1_latest.pt
[SNDE] repeat=1 scope=internal_cv fold=4 epoch=40/149 train_bce=0.259816 val_bce=0.668552 best=N best_epoch=1 asd_gate=(+0.120,-0.000,g0.880) hc_gate=(+0.091,-0.000,g0.909) pos_weight_l2=0.187956 neg_weight_l2=0.682770 mean_abs_pos_correction=0.204576 mean_abs_neg_correction=0.000000 elapsed_seconds=1.00
CHECKPOINT_LATEST repeat=1 scope=internal_cv fold=4 phase=snde epoch=50 path=/data/adodas/VarCoNet-V2-main/xiaolunwen/experiment1c/checkpoints/worker_r1_latest.pt
[SNDE] repeat=1 scope=internal_cv fold=4 epoch=50/149 train_bce=0.259120 val_bce=0.674372 best=N best_epoch=1 asd_gate=(+0.120,-0.000,g0.880) hc_gate=(+0.091,-0.000,g0.909) pos_weight_l2=0.212684 neg_weight_l2=0.810083 mean_abs_pos_correction=0.223384 mean_abs_neg_correction=0.000000 elapsed_seconds=0.88
CHECKPOINT_LATEST repeat=1 scope=internal_cv fold=4 phase=snde epoch=60 path=/data/adodas/VarCoNet-V2-main/xiaolunwen/experiment1c/checkpoints/worker_r1_latest.pt
[SNDE] repeat=1 scope=internal_cv fold=4 epoch=60/149 train_bce=0.258588 val_bce=0.680063 best=N best_epoch=1 asd_gate=(+0.120,-0.000,g0.880) hc_gate=(+0.091,-0.000,g0.909) pos_weight_l2=0.235636 neg_weight_l2=0.922278 mean_abs_pos_correction=0.238369 mean_abs_neg_correction=0.000000 elapsed_seconds=0.84
CHECKPOINT_LATEST repeat=1 scope=internal_cv fold=4 phase=snde epoch=70 path=/data/adodas/VarCoNet-V2-main/xiaolunwen/experiment1c/checkpoints/worker_r1_latest.pt
[SNDE] repeat=1 scope=internal_cv fold=4 epoch=70/149 train_bce=0.258158 val_bce=0.685709 best=N best_epoch=1 asd_gate=(+0.120,-0.000,g0.880) hc_gate=(+0.091,-0.000,g0.909) pos_weight_l2=0.257377 neg_weight_l2=1.022136 mean_abs_pos_correction=0.249893 mean_abs_neg_correction=0.000000 elapsed_seconds=0.59
CHECKPOINT_LATEST repeat=1 scope=internal_cv fold=4 phase=snde epoch=80 path=/data/adodas/VarCoNet-V2-main/xiaolunwen/experiment1c/checkpoints/worker_r1_latest.pt
[SNDE] repeat=1 scope=internal_cv fold=4 epoch=80/149 train_bce=0.257795 val_bce=0.689894 best=N best_epoch=1 asd_gate=(+0.120,-0.000,g0.880) hc_gate=(+0.091,-0.000,g0.909) pos_weight_l2=0.278189 neg_weight_l2=1.112039 mean_abs_pos_correction=0.262847 mean_abs_neg_correction=0.000000 elapsed_seconds=1.23
CHECKPOINT_LATEST repeat=1 scope=internal_cv fold=4 phase=snde epoch=90 path=/data/adodas/VarCoNet-V2-main/xiaolunwen/experiment1c/checkpoints/worker_r1_latest.pt
[SNDE] repeat=1 scope=internal_cv fold=4 epoch=90/149 train_bce=0.257477 val_bce=0.694692 best=N best_epoch=1 asd_gate=(+0.120,-0.000,g0.880) hc_gate=(+0.091,-0.000,g0.909) pos_weight_l2=0.298319 neg_weight_l2=1.193858 mean_abs_pos_correction=0.273549 mean_abs_neg_correction=0.000000 elapsed_seconds=0.60
CHECKPOINT_LATEST repeat=1 scope=internal_cv fold=4 phase=snde epoch=100 path=/data/adodas/VarCoNet-V2-main/xiaolunwen/experiment1c/checkpoints/worker_r1_latest.pt
[SNDE] repeat=1 scope=internal_cv fold=4 epoch=100/149 train_bce=0.257194 val_bce=0.699063 best=N best_epoch=1 asd_gate=(+0.120,-0.000,g0.880) hc_gate=(+0.091,-0.000,g0.909) pos_weight_l2=0.317998 neg_weight_l2=1.269018 mean_abs_pos_correction=0.284364 mean_abs_neg_correction=0.000000 elapsed_seconds=0.69
CHECKPOINT_LATEST repeat=1 scope=internal_cv fold=4 phase=snde epoch=110 path=/data/adodas/VarCoNet-V2-main/xiaolunwen/experiment1c/checkpoints/worker_r1_latest.pt
[SNDE] repeat=1 scope=internal_cv fold=4 epoch=110/149 train_bce=0.256937 val_bce=0.703523 best=N best_epoch=1 asd_gate=(+0.120,-0.000,g0.880) hc_gate=(+0.091,-0.000,g0.909) pos_weight_l2=0.337343 neg_weight_l2=1.338601 mean_abs_pos_correction=0.294391 mean_abs_neg_correction=0.000000 elapsed_seconds=0.71
CHECKPOINT_LATEST repeat=1 scope=internal_cv fold=4 phase=snde epoch=120 path=/data/adodas/VarCoNet-V2-main/xiaolunwen/experiment1c/checkpoints/worker_r1_latest.pt
[SNDE] repeat=1 scope=internal_cv fold=4 epoch=120/149 train_bce=0.256703 val_bce=0.708041 best=N best_epoch=1 asd_gate=(+0.120,-0.000,g0.880) hc_gate=(+0.091,-0.000,g0.909) pos_weight_l2=0.356417 neg_weight_l2=1.403437 mean_abs_pos_correction=0.303886 mean_abs_neg_correction=0.000000 elapsed_seconds=0.67
CHECKPOINT_LATEST repeat=1 scope=internal_cv fold=4 phase=snde epoch=130 path=/data/adodas/VarCoNet-V2-main/xiaolunwen/experiment1c/checkpoints/worker_r1_latest.pt
[SNDE] repeat=1 scope=internal_cv fold=4 epoch=130/149 train_bce=0.256486 val_bce=0.712474 best=N best_epoch=1 asd_gate=(+0.120,-0.000,g0.880) hc_gate=(+0.091,-0.000,g0.909) pos_weight_l2=0.375263 neg_weight_l2=1.464175 mean_abs_pos_correction=0.313201 mean_abs_neg_correction=0.000000 elapsed_seconds=0.61
CHECKPOINT_LATEST repeat=1 scope=internal_cv fold=4 phase=snde epoch=140 path=/data/adodas/VarCoNet-V2-main/xiaolunwen/experiment1c/checkpoints/worker_r1_latest.pt
[SNDE] repeat=1 scope=internal_cv fold=4 epoch=140/149 train_bce=0.256285 val_bce=0.716937 best=N best_epoch=1 asd_gate=(+0.120,-0.000,g0.880) hc_gate=(+0.091,-0.000,g0.909) pos_weight_l2=0.393913 neg_weight_l2=1.521331 mean_abs_pos_correction=0.322097 mean_abs_neg_correction=0.000000 elapsed_seconds=0.56
CHECKPOINT_LATEST repeat=1 scope=internal_cv fold=4 phase=snde epoch=149 path=/data/adodas/VarCoNet-V2-main/xiaolunwen/experiment1c/checkpoints/worker_r1_latest.pt
[SNDE] repeat=1 scope=internal_cv fold=4 epoch=149/149 train_bce=0.256115 val_bce=0.720901 best=N best_epoch=1 asd_gate=(+0.120,-0.000,g0.880) hc_gate=(+0.091,-0.000,g0.909) pos_weight_l2=0.410543 neg_weight_l2=1.570060 mean_abs_pos_correction=0.329948 mean_abs_neg_correction=0.000000 elapsed_seconds=0.51
TASK_TRAINING_DONE repeat=1 scope=internal_cv fold=4 base_encoder_epoch=42 base_classifier_epoch=31 base_val_bce=0.640059 crsm_epoch=0 crsm_val_bce=0.640059 snde_epoch=1 snde_val_bce=0.639997 elapsed_minutes=4.5
TASK_DONE repeat=1 scope=internal_fold fold=4 method=baseline selected_encoder_epoch=42 test_auc=0.643375 test_bce=0.682168 elapsed_minutes=4.5
TASK_DONE repeat=1 scope=internal_fold fold=4 method=crsm_corrected selected_encoder_epoch=42 test_auc=0.643375 test_bce=0.682168 elapsed_minutes=4.5
TASK_DONE repeat=1 scope=internal_fold fold=4 method=selective_normative_deviation_experts selected_encoder_epoch=42 test_auc=0.642340 test_bce=0.685491 elapsed_minutes=4.5
TASK_START repeat=1 scope=internal_cv fold=5 seed=100105 device=cuda:0 methods=baseline,crsm_corrected,selective_normative_deviation_experts shared_encoder=Y reference_unique_n=674 train_n=750 val_n=120
CHECKPOINT_BEST repeat=1 scope=internal_cv fold=5 phase=ssl epoch=1 path=/data/adodas/VarCoNet-V2-main/xiaolunwen/experiment1c/checkpoints/worker_r1_best.pt
[SSL] repeat=1 scope=internal_cv fold=5 epoch=1/50 ssl_loss=0.172603 lr=0.000024107 base_val_bce=0.619100 base_best=Y base_cls_epoch=23 epoch_seconds=6.5 task_elapsed_minutes=0.1 gpu_alloc_gb=0.318 gpu_reserved_gb=1.744
CHECKPOINT_BEST repeat=1 scope=internal_cv fold=5 phase=ssl epoch=2 path=/data/adodas/VarCoNet-V2-main/xiaolunwen/experiment1c/checkpoints/worker_r1_best.pt
[SSL] repeat=1 scope=internal_cv fold=5 epoch=2/50 ssl_loss=0.128769 lr=0.000038214 base_val_bce=0.613726 base_best=Y base_cls_epoch=15 epoch_seconds=5.6 task_elapsed_minutes=0.2 gpu_alloc_gb=0.317 gpu_reserved_gb=2.008
CHECKPOINT_BEST repeat=1 scope=internal_cv fold=5 phase=ssl epoch=3 path=/data/adodas/VarCoNet-V2-main/xiaolunwen/experiment1c/checkpoints/worker_r1_best.pt
[SSL] repeat=1 scope=internal_cv fold=5 epoch=3/50 ssl_loss=0.107800 lr=0.000052321 base_val_bce=0.600622 base_best=Y base_cls_epoch=21 epoch_seconds=4.6 task_elapsed_minutes=0.3 gpu_alloc_gb=0.318 gpu_reserved_gb=1.744
[SSL] repeat=1 scope=internal_cv fold=5 epoch=4/50 ssl_loss=0.095509 lr=0.000066427 base_val_bce=0.613272 base_best=N base_cls_epoch=18 epoch_seconds=3.2 task_elapsed_minutes=0.3 gpu_alloc_gb=0.317 gpu_reserved_gb=2.008
[SSL] repeat=1 scope=internal_cv fold=5 epoch=5/50 ssl_loss=0.088520 lr=0.000080534 base_val_bce=0.611996 base_best=N base_cls_epoch=19 epoch_seconds=3.2 task_elapsed_minutes=0.4 gpu_alloc_gb=0.318 gpu_reserved_gb=1.744
[SSL] repeat=1 scope=internal_cv fold=5 epoch=6/50 ssl_loss=0.083629 lr=0.000094641 base_val_bce=0.617059 base_best=N base_cls_epoch=18 epoch_seconds=3.4 task_elapsed_minutes=0.5 gpu_alloc_gb=0.317 gpu_reserved_gb=2.008
[SSL] repeat=1 scope=internal_cv fold=5 epoch=7/50 ssl_loss=0.076337 lr=0.000108748 base_val_bce=0.619714 base_best=N base_cls_epoch=19 epoch_seconds=5.1 task_elapsed_minutes=0.5 gpu_alloc_gb=0.318 gpu_reserved_gb=1.744
[SSL] repeat=1 scope=internal_cv fold=5 epoch=8/50 ssl_loss=0.053294 lr=0.000122855 base_val_bce=0.617174 base_best=N base_cls_epoch=20 epoch_seconds=5.9 task_elapsed_minutes=0.6 gpu_alloc_gb=0.317 gpu_reserved_gb=2.008
[SSL] repeat=1 scope=internal_cv fold=5 epoch=9/50 ssl_loss=0.053357 lr=0.000136962 base_val_bce=0.608362 base_best=N base_cls_epoch=20 epoch_seconds=5.7 task_elapsed_minutes=0.7 gpu_alloc_gb=0.318 gpu_reserved_gb=1.744
CHECKPOINT_LATEST repeat=1 scope=internal_cv fold=5 phase=ssl epoch=10 path=/data/adodas/VarCoNet-V2-main/xiaolunwen/experiment1c/checkpoints/worker_r1_latest.pt
[SSL] repeat=1 scope=internal_cv fold=5 epoch=10/50 ssl_loss=0.069055 lr=0.000136962 base_val_bce=0.607780 base_best=N base_cls_epoch=19 epoch_seconds=3.6 task_elapsed_minutes=0.8 gpu_alloc_gb=0.317 gpu_reserved_gb=2.008
[SSL] repeat=1 scope=internal_cv fold=5 epoch=11/50 ssl_loss=0.069031 lr=0.000136751 base_val_bce=0.601159 base_best=N base_cls_epoch=20 epoch_seconds=3.6 task_elapsed_minutes=0.9 gpu_alloc_gb=0.318 gpu_reserved_gb=1.744
[SSL] repeat=1 scope=internal_cv fold=5 epoch=12/50 ssl_loss=0.056812 lr=0.000136119 base_val_bce=0.614269 base_best=N base_cls_epoch=19 epoch_seconds=3.8 task_elapsed_minutes=0.9 gpu_alloc_gb=0.317 gpu_reserved_gb=2.008
[SSL] repeat=1 scope=internal_cv fold=5 epoch=13/50 ssl_loss=0.054502 lr=0.000135070 base_val_bce=0.616203 base_best=N base_cls_epoch=21 epoch_seconds=3.8 task_elapsed_minutes=1.0 gpu_alloc_gb=0.318 gpu_reserved_gb=1.744
[SSL] repeat=1 scope=internal_cv fold=5 epoch=14/50 ssl_loss=0.057683 lr=0.000133610 base_val_bce=0.603181 base_best=N base_cls_epoch=21 epoch_seconds=3.8 task_elapsed_minutes=1.0 gpu_alloc_gb=0.317 gpu_reserved_gb=2.008
[SSL] repeat=1 scope=internal_cv fold=5 epoch=15/50 ssl_loss=0.053249 lr=0.000131749 base_val_bce=0.605988 base_best=N base_cls_epoch=21 epoch_seconds=3.9 task_elapsed_minutes=1.1 gpu_alloc_gb=0.318 gpu_reserved_gb=1.744
[SSL] repeat=1 scope=internal_cv fold=5 epoch=16/50 ssl_loss=0.053480 lr=0.000129498 base_val_bce=0.614354 base_best=N base_cls_epoch=21 epoch_seconds=3.9 task_elapsed_minutes=1.2 gpu_alloc_gb=0.317 gpu_reserved_gb=2.008
[SSL] repeat=1 scope=internal_cv fold=5 epoch=17/50 ssl_loss=0.056975 lr=0.000126870 base_val_bce=0.602005 base_best=N base_cls_epoch=22 epoch_seconds=3.8 task_elapsed_minutes=1.2 gpu_alloc_gb=0.318 gpu_reserved_gb=1.744
[SSL] repeat=1 scope=internal_cv fold=5 epoch=18/50 ssl_loss=0.050249 lr=0.000123883 base_val_bce=0.613477 base_best=N base_cls_epoch=22 epoch_seconds=3.8 task_elapsed_minutes=1.3 gpu_alloc_gb=0.317 gpu_reserved_gb=2.008
[SSL] repeat=1 scope=internal_cv fold=5 epoch=19/50 ssl_loss=0.044631 lr=0.000120554 base_val_bce=0.608683 base_best=N base_cls_epoch=20 epoch_seconds=3.9 task_elapsed_minutes=1.4 gpu_alloc_gb=0.318 gpu_reserved_gb=1.744
CHECKPOINT_LATEST repeat=1 scope=internal_cv fold=5 phase=ssl epoch=20 path=/data/adodas/VarCoNet-V2-main/xiaolunwen/experiment1c/checkpoints/worker_r1_latest.pt
[SSL] repeat=1 scope=internal_cv fold=5 epoch=20/50 ssl_loss=0.034897 lr=0.000116904 base_val_bce=0.626424 base_best=N base_cls_epoch=24 epoch_seconds=4.6 task_elapsed_minutes=1.4 gpu_alloc_gb=0.317 gpu_reserved_gb=2.008
[SSL] repeat=1 scope=internal_cv fold=5 epoch=21/50 ssl_loss=0.059368 lr=0.000112956 base_val_bce=0.602655 base_best=N base_cls_epoch=21 epoch_seconds=3.8 task_elapsed_minutes=1.5 gpu_alloc_gb=0.318 gpu_reserved_gb=1.744
[SSL] repeat=1 scope=internal_cv fold=5 epoch=22/50 ssl_loss=0.050191 lr=0.000108733 base_val_bce=0.610776 base_best=N base_cls_epoch=24 epoch_seconds=2.8 task_elapsed_minutes=1.6 gpu_alloc_gb=0.317 gpu_reserved_gb=2.008
[SSL] repeat=1 scope=internal_cv fold=5 epoch=23/50 ssl_loss=0.058015 lr=0.000104262 base_val_bce=0.605788 base_best=N base_cls_epoch=49 epoch_seconds=2.7 task_elapsed_minutes=1.6 gpu_alloc_gb=0.318 gpu_reserved_gb=1.744
[SSL] repeat=1 scope=internal_cv fold=5 epoch=24/50 ssl_loss=0.047028 lr=0.000099570 base_val_bce=0.610022 base_best=N base_cls_epoch=21 epoch_seconds=2.8 task_elapsed_minutes=1.6 gpu_alloc_gb=0.317 gpu_reserved_gb=2.008
[SSL] repeat=1 scope=internal_cv fold=5 epoch=25/50 ssl_loss=0.041201 lr=0.000094687 base_val_bce=0.615300 base_best=N base_cls_epoch=22 epoch_seconds=4.2 task_elapsed_minutes=1.7 gpu_alloc_gb=0.318 gpu_reserved_gb=1.744
[SSL] repeat=1 scope=internal_cv fold=5 epoch=26/50 ssl_loss=0.044504 lr=0.000089643 base_val_bce=0.611505 base_best=N base_cls_epoch=51 epoch_seconds=4.7 task_elapsed_minutes=1.8 gpu_alloc_gb=0.317 gpu_reserved_gb=2.008
[SSL] repeat=1 scope=internal_cv fold=5 epoch=27/50 ssl_loss=0.052569 lr=0.000084467 base_val_bce=0.611743 base_best=N base_cls_epoch=23 epoch_seconds=6.7 task_elapsed_minutes=1.9 gpu_alloc_gb=0.318 gpu_reserved_gb=1.744
[SSL] repeat=1 scope=internal_cv fold=5 epoch=28/50 ssl_loss=0.042138 lr=0.000079194 base_val_bce=0.610512 base_best=N base_cls_epoch=23 epoch_seconds=11.5 task_elapsed_minutes=2.1 gpu_alloc_gb=0.317 gpu_reserved_gb=2.008
CHECKPOINT_BEST repeat=1 scope=internal_cv fold=5 phase=ssl epoch=29 path=/data/adodas/VarCoNet-V2-main/xiaolunwen/experiment1c/checkpoints/worker_r1_best.pt
[SSL] repeat=1 scope=internal_cv fold=5 epoch=29/50 ssl_loss=0.046352 lr=0.000073854 base_val_bce=0.600354 base_best=Y base_cls_epoch=55 epoch_seconds=4.1 task_elapsed_minutes=2.2 gpu_alloc_gb=0.318 gpu_reserved_gb=1.744
CHECKPOINT_BEST repeat=1 scope=internal_cv fold=5 phase=ssl epoch=30 path=/data/adodas/VarCoNet-V2-main/xiaolunwen/experiment1c/checkpoints/worker_r1_best.pt
CHECKPOINT_LATEST repeat=1 scope=internal_cv fold=5 phase=ssl epoch=30 path=/data/adodas/VarCoNet-V2-main/xiaolunwen/experiment1c/checkpoints/worker_r1_latest.pt
[SSL] repeat=1 scope=internal_cv fold=5 epoch=30/50 ssl_loss=0.037697 lr=0.000068481 base_val_bce=0.600301 base_best=Y base_cls_epoch=45 epoch_seconds=4.2 task_elapsed_minutes=2.3 gpu_alloc_gb=0.317 gpu_reserved_gb=2.008
[SSL] repeat=1 scope=internal_cv fold=5 epoch=31/50 ssl_loss=0.036053 lr=0.000063108 base_val_bce=0.607407 base_best=N base_cls_epoch=20 epoch_seconds=3.8 task_elapsed_minutes=2.3 gpu_alloc_gb=0.318 gpu_reserved_gb=1.744
[SSL] repeat=1 scope=internal_cv fold=5 epoch=32/50 ssl_loss=0.043738 lr=0.000057768 base_val_bce=0.604079 base_best=N base_cls_epoch=51 epoch_seconds=3.8 task_elapsed_minutes=2.4 gpu_alloc_gb=0.317 gpu_reserved_gb=2.008
[SSL] repeat=1 scope=internal_cv fold=5 epoch=33/50 ssl_loss=0.031832 lr=0.000052494 base_val_bce=0.614613 base_best=N base_cls_epoch=21 epoch_seconds=3.8 task_elapsed_minutes=2.5 gpu_alloc_gb=0.318 gpu_reserved_gb=1.744
[SSL] repeat=1 scope=internal_cv fold=5 epoch=34/50 ssl_loss=0.040287 lr=0.000047319 base_val_bce=0.605954 base_best=N base_cls_epoch=50 epoch_seconds=3.8 task_elapsed_minutes=2.5 gpu_alloc_gb=0.317 gpu_reserved_gb=2.008
[SSL] repeat=1 scope=internal_cv fold=5 epoch=35/50 ssl_loss=0.041979 lr=0.000042274 base_val_bce=0.601951 base_best=N base_cls_epoch=48 epoch_seconds=3.9 task_elapsed_minutes=2.6 gpu_alloc_gb=0.318 gpu_reserved_gb=1.744
[SSL] repeat=1 scope=internal_cv fold=5 epoch=36/50 ssl_loss=0.048264 lr=0.000037391 base_val_bce=0.607544 base_best=N base_cls_epoch=48 epoch_seconds=3.9 task_elapsed_minutes=2.6 gpu_alloc_gb=0.317 gpu_reserved_gb=2.008
[SSL] repeat=1 scope=internal_cv fold=5 epoch=37/50 ssl_loss=0.036799 lr=0.000032700 base_val_bce=0.608381 base_best=N base_cls_epoch=50 epoch_seconds=3.7 task_elapsed_minutes=2.7 gpu_alloc_gb=0.318 gpu_reserved_gb=1.744
[SSL] repeat=1 scope=internal_cv fold=5 epoch=38/50 ssl_loss=0.043093 lr=0.000028229 base_val_bce=0.600784 base_best=N base_cls_epoch=45 epoch_seconds=3.9 task_elapsed_minutes=2.8 gpu_alloc_gb=0.317 gpu_reserved_gb=2.008
[SSL] repeat=1 scope=internal_cv fold=5 epoch=39/50 ssl_loss=0.042325 lr=0.000024006 base_val_bce=0.613178 base_best=N base_cls_epoch=50 epoch_seconds=3.6 task_elapsed_minutes=2.8 gpu_alloc_gb=0.318 gpu_reserved_gb=1.744
CHECKPOINT_LATEST repeat=1 scope=internal_cv fold=5 phase=ssl epoch=40 path=/data/adodas/VarCoNet-V2-main/xiaolunwen/experiment1c/checkpoints/worker_r1_latest.pt
[SSL] repeat=1 scope=internal_cv fold=5 epoch=40/50 ssl_loss=0.050522 lr=0.000020058 base_val_bce=0.607933 base_best=N base_cls_epoch=54 epoch_seconds=4.0 task_elapsed_minutes=2.9 gpu_alloc_gb=0.317 gpu_reserved_gb=2.008
[SSL] repeat=1 scope=internal_cv fold=5 epoch=41/50 ssl_loss=0.045864 lr=0.000016408 base_val_bce=0.600853 base_best=N base_cls_epoch=51 epoch_seconds=3.8 task_elapsed_minutes=3.0 gpu_alloc_gb=0.318 gpu_reserved_gb=1.744
[SSL] repeat=1 scope=internal_cv fold=5 epoch=42/50 ssl_loss=0.038886 lr=0.000013079 base_val_bce=0.615709 base_best=N base_cls_epoch=50 epoch_seconds=3.3 task_elapsed_minutes=3.0 gpu_alloc_gb=0.317 gpu_reserved_gb=2.008
CHECKPOINT_BEST repeat=1 scope=internal_cv fold=5 phase=ssl epoch=43 path=/data/adodas/VarCoNet-V2-main/xiaolunwen/experiment1c/checkpoints/worker_r1_best.pt
[SSL] repeat=1 scope=internal_cv fold=5 epoch=43/50 ssl_loss=0.048632 lr=0.000010091 base_val_bce=0.592958 base_best=Y base_cls_epoch=49 epoch_seconds=4.6 task_elapsed_minutes=3.1 gpu_alloc_gb=0.318 gpu_reserved_gb=1.744
[SSL] repeat=1 scope=internal_cv fold=5 epoch=44/50 ssl_loss=0.044191 lr=0.000007464 base_val_bce=0.605826 base_best=N base_cls_epoch=50 epoch_seconds=3.8 task_elapsed_minutes=3.2 gpu_alloc_gb=0.317 gpu_reserved_gb=2.008
[SSL] repeat=1 scope=internal_cv fold=5 epoch=45/50 ssl_loss=0.044803 lr=0.000005213 base_val_bce=0.611056 base_best=N base_cls_epoch=44 epoch_seconds=3.8 task_elapsed_minutes=3.2 gpu_alloc_gb=0.318 gpu_reserved_gb=1.744
[SSL] repeat=1 scope=internal_cv fold=5 epoch=46/50 ssl_loss=0.043455 lr=0.000003352 base_val_bce=0.599207 base_best=N base_cls_epoch=49 epoch_seconds=3.9 task_elapsed_minutes=3.3 gpu_alloc_gb=0.317 gpu_reserved_gb=2.008
[SSL] repeat=1 scope=internal_cv fold=5 epoch=47/50 ssl_loss=0.039059 lr=0.000001892 base_val_bce=0.601555 base_best=N base_cls_epoch=44 epoch_seconds=3.8 task_elapsed_minutes=3.4 gpu_alloc_gb=0.318 gpu_reserved_gb=1.744
[SSL] repeat=1 scope=internal_cv fold=5 epoch=48/50 ssl_loss=0.039799 lr=0.000000843 base_val_bce=0.594459 base_best=N base_cls_epoch=49 epoch_seconds=3.7 task_elapsed_minutes=3.4 gpu_alloc_gb=0.317 gpu_reserved_gb=2.008
[SSL] repeat=1 scope=internal_cv fold=5 epoch=49/50 ssl_loss=0.042389 lr=0.000000211 base_val_bce=0.600792 base_best=N base_cls_epoch=22 epoch_seconds=3.6 task_elapsed_minutes=3.5 gpu_alloc_gb=0.318 gpu_reserved_gb=1.744
CHECKPOINT_LATEST repeat=1 scope=internal_cv fold=5 phase=ssl epoch=50 path=/data/adodas/VarCoNet-V2-main/xiaolunwen/experiment1c/checkpoints/worker_r1_latest.pt
[SSL] repeat=1 scope=internal_cv fold=5 epoch=50/50 ssl_loss=0.045535 lr=0.000000000 base_val_bce=0.601066 base_best=N base_cls_epoch=48 epoch_seconds=3.9 task_elapsed_minutes=3.6 gpu_alloc_gb=0.317 gpu_reserved_gb=2.008
[CRSM_ZERO_BASELINE] repeat=1 scope=internal_cv fold=5 epoch=0 exact_zero=Y val_bce=0.592958 probability_max_abs=1.19e-07
CHECKPOINT_LATEST repeat=1 scope=internal_cv fold=5 phase=crsm_corrected epoch=0 path=/data/adodas/VarCoNet-V2-main/xiaolunwen/experiment1c/checkpoints/worker_r1_latest.pt
CHECKPOINT_BEST repeat=1 scope=internal_cv fold=5 phase=crsm_corrected epoch=0 path=/data/adodas/VarCoNet-V2-main/xiaolunwen/experiment1c/checkpoints/worker_r1_best.pt
CHECKPOINT_BEST repeat=1 scope=internal_cv fold=5 phase=crsm_corrected epoch=0 path=/data/adodas/VarCoNet-V2-main/xiaolunwen/experiment1c/checkpoints/worker_r1_best.pt
CHECKPOINT_LATEST repeat=1 scope=internal_cv fold=5 phase=crsm_corrected epoch=0 path=/data/adodas/VarCoNet-V2-main/xiaolunwen/experiment1c/checkpoints/worker_r1_latest.pt
[CRSM_SYMMETRY_START] repeat=1 scope=internal_cv fold=5 after_exact_zero=Y pca_unit_norm=1.00000000 pca_singular=134.327820 symmetry_scale=0.00274814107
CHECKPOINT_LATEST repeat=1 scope=internal_cv fold=5 phase=crsm_corrected epoch=10 path=/data/adodas/VarCoNet-V2-main/xiaolunwen/experiment1c/checkpoints/worker_r1_latest.pt
[CRSM_CORRECTED] repeat=1 scope=internal_cv fold=5 epoch=10/149 train_loss=0.150176 val_bce=0.599910 best=N best_epoch=0 asd_mass=(0.5040,0.4960) hc_mass=(0.5000,0.5000) delta_l2=(0.130745,0.129788) epoch_seconds=0.61
CHECKPOINT_LATEST repeat=1 scope=internal_cv fold=5 phase=crsm_corrected epoch=20 path=/data/adodas/VarCoNet-V2-main/xiaolunwen/experiment1c/checkpoints/worker_r1_latest.pt
[CRSM_CORRECTED] repeat=1 scope=internal_cv fold=5 epoch=20/149 train_loss=0.130778 val_bce=0.614536 best=N best_epoch=0 asd_mass=(0.5046,0.4954) hc_mass=(0.5000,0.5000) delta_l2=(0.249068,0.248217) epoch_seconds=0.44
CHECKPOINT_LATEST repeat=1 scope=internal_cv fold=5 phase=crsm_corrected epoch=30 path=/data/adodas/VarCoNet-V2-main/xiaolunwen/experiment1c/checkpoints/worker_r1_latest.pt
[CRSM_CORRECTED] repeat=1 scope=internal_cv fold=5 epoch=30/149 train_loss=0.117139 val_bce=0.628953 best=N best_epoch=0 asd_mass=(0.5055,0.4945) hc_mass=(0.5000,0.5000) delta_l2=(0.355585,0.354666) epoch_seconds=0.51
CHECKPOINT_LATEST repeat=1 scope=internal_cv fold=5 phase=crsm_corrected epoch=40 path=/data/adodas/VarCoNet-V2-main/xiaolunwen/experiment1c/checkpoints/worker_r1_latest.pt
[CRSM_CORRECTED] repeat=1 scope=internal_cv fold=5 epoch=40/149 train_loss=0.107435 val_bce=0.642781 best=N best_epoch=0 asd_mass=(0.5069,0.4931) hc_mass=(0.5000,0.5000) delta_l2=(0.450895,0.449711) epoch_seconds=0.77
CHECKPOINT_LATEST repeat=1 scope=internal_cv fold=5 phase=crsm_corrected epoch=50 path=/data/adodas/VarCoNet-V2-main/xiaolunwen/experiment1c/checkpoints/worker_r1_latest.pt
[CRSM_CORRECTED] repeat=1 scope=internal_cv fold=5 epoch=50/149 train_loss=0.100442 val_bce=0.656779 best=N best_epoch=0 asd_mass=(0.5090,0.4910) hc_mass=(0.5000,0.5000) delta_l2=(0.535874,0.534165) epoch_seconds=0.38
CHECKPOINT_LATEST repeat=1 scope=internal_cv fold=5 phase=crsm_corrected epoch=60 path=/data/adodas/VarCoNet-V2-main/xiaolunwen/experiment1c/checkpoints/worker_r1_latest.pt
[CRSM_CORRECTED] repeat=1 scope=internal_cv fold=5 epoch=60/149 train_loss=0.095305 val_bce=0.670722 best=N best_epoch=0 asd_mass=(0.5119,0.4881) hc_mass=(0.5000,0.5000) delta_l2=(0.611649,0.609115) epoch_seconds=0.39
CHECKPOINT_LATEST repeat=1 scope=internal_cv fold=5 phase=crsm_corrected epoch=70 path=/data/adodas/VarCoNet-V2-main/xiaolunwen/experiment1c/checkpoints/worker_r1_latest.pt
[CRSM_CORRECTED] repeat=1 scope=internal_cv fold=5 epoch=70/149 train_loss=0.091433 val_bce=0.684767 best=N best_epoch=0 asd_mass=(0.5153,0.4847) hc_mass=(0.5000,0.5000) delta_l2=(0.679464,0.675887) epoch_seconds=0.52
CHECKPOINT_LATEST repeat=1 scope=internal_cv fold=5 phase=crsm_corrected epoch=80 path=/data/adodas/VarCoNet-V2-main/xiaolunwen/experiment1c/checkpoints/worker_r1_latest.pt
[CRSM_CORRECTED] repeat=1 scope=internal_cv fold=5 epoch=80/149 train_loss=0.088427 val_bce=0.698897 best=N best_epoch=0 asd_mass=(0.5186,0.4814) hc_mass=(0.5000,0.5000) delta_l2=(0.740512,0.735937) epoch_seconds=0.62
CHECKPOINT_LATEST repeat=1 scope=internal_cv fold=5 phase=crsm_corrected epoch=90 path=/data/adodas/VarCoNet-V2-main/xiaolunwen/experiment1c/checkpoints/worker_r1_latest.pt
[CRSM_CORRECTED] repeat=1 scope=internal_cv fold=5 epoch=90/149 train_loss=0.086025 val_bce=0.713006 best=N best_epoch=0 asd_mass=(0.5211,0.4789) hc_mass=(0.5000,0.5000) delta_l2=(0.795868,0.790689) epoch_seconds=0.53
CHECKPOINT_LATEST repeat=1 scope=internal_cv fold=5 phase=crsm_corrected epoch=100 path=/data/adodas/VarCoNet-V2-main/xiaolunwen/experiment1c/checkpoints/worker_r1_latest.pt
[CRSM_CORRECTED] repeat=1 scope=internal_cv fold=5 epoch=100/149 train_loss=0.084062 val_bce=0.727002 best=N best_epoch=0 asd_mass=(0.5228,0.4772) hc_mass=(0.5000,0.5000) delta_l2=(0.846455,0.841330) epoch_seconds=0.37
CHECKPOINT_LATEST repeat=1 scope=internal_cv fold=5 phase=crsm_corrected epoch=110 path=/data/adodas/VarCoNet-V2-main/xiaolunwen/experiment1c/checkpoints/worker_r1_latest.pt
[CRSM_CORRECTED] repeat=1 scope=internal_cv fold=5 epoch=110/149 train_loss=0.082434 val_bce=0.740743 best=N best_epoch=0 asd_mass=(0.5238,0.4762) hc_mass=(0.5000,0.5000) delta_l2=(0.893018,0.888666) epoch_seconds=0.37
CHECKPOINT_LATEST repeat=1 scope=internal_cv fold=5 phase=crsm_corrected epoch=120 path=/data/adodas/VarCoNet-V2-main/xiaolunwen/experiment1c/checkpoints/worker_r1_latest.pt
[CRSM_CORRECTED] repeat=1 scope=internal_cv fold=5 epoch=120/149 train_loss=0.081073 val_bce=0.754170 best=N best_epoch=0 asd_mass=(0.5243,0.4757) hc_mass=(0.5000,0.5000) delta_l2=(0.936136,0.933150) epoch_seconds=0.45
CHECKPOINT_LATEST repeat=1 scope=internal_cv fold=5 phase=crsm_corrected epoch=130 path=/data/adodas/VarCoNet-V2-main/xiaolunwen/experiment1c/checkpoints/worker_r1_latest.pt
[CRSM_CORRECTED] repeat=1 scope=internal_cv fold=5 epoch=130/149 train_loss=0.079931 val_bce=0.767214 best=N best_epoch=0 asd_mass=(0.5246,0.4754) hc_mass=(0.5000,0.5000) delta_l2=(0.976257,0.974997) epoch_seconds=0.49
CHECKPOINT_LATEST repeat=1 scope=internal_cv fold=5 phase=crsm_corrected epoch=140 path=/data/adodas/VarCoNet-V2-main/xiaolunwen/experiment1c/checkpoints/worker_r1_latest.pt
[CRSM_CORRECTED] repeat=1 scope=internal_cv fold=5 epoch=140/149 train_loss=0.078970 val_bce=0.779819 best=N best_epoch=0 asd_mass=(0.5248,0.4752) hc_mass=(0.5000,0.5000) delta_l2=(1.013738,1.014325) epoch_seconds=0.66
CHECKPOINT_LATEST repeat=1 scope=internal_cv fold=5 phase=crsm_corrected epoch=149 path=/data/adodas/VarCoNet-V2-main/xiaolunwen/experiment1c/checkpoints/worker_r1_latest.pt
[CRSM_CORRECTED] repeat=1 scope=internal_cv fold=5 epoch=149/149 train_loss=0.078234 val_bce=0.790757 best=N best_epoch=0 asd_mass=(0.5250,0.4750) hc_mass=(0.5000,0.5000) delta_l2=(1.045454,1.047651) epoch_seconds=0.41
[SNDE_NORMATIVE] repeat=1 scope=internal_cv fold=5 n_unique_asd=357 n_unique_hc=317 roi_dim=384 std_floor=0.0012677307 pc1_explained_fraction=0.194867 hc_score_mean_before_norm=-8.42362e-08 hc_score_std_before_norm=7.52399 asd_positive_fraction=0.1261 asd_negative_fraction=0.0028 asd_generalist_fraction=0.8711 hc_positive_fraction=0.0757 hc_negative_fraction=0.0032 hc_generalist_fraction=0.9211
[SNDE_ZERO_BASELINE] repeat=1 scope=internal_cv fold=5 epoch=0 exact_zero=Y val_bce=0.592958 probability_max_abs=5.96e-08
CHECKPOINT_BEST repeat=1 scope=internal_cv fold=5 phase=snde epoch=0 path=/data/adodas/VarCoNet-V2-main/xiaolunwen/experiment1c/checkpoints/worker_r1_best.pt
CHECKPOINT_LATEST repeat=1 scope=internal_cv fold=5 phase=snde epoch=0 path=/data/adodas/VarCoNet-V2-main/xiaolunwen/experiment1c/checkpoints/worker_r1_latest.pt
CHECKPOINT_BEST repeat=1 scope=internal_cv fold=5 phase=snde epoch=2 path=/data/adodas/VarCoNet-V2-main/xiaolunwen/experiment1c/checkpoints/worker_r1_best.pt
CHECKPOINT_LATEST repeat=1 scope=internal_cv fold=5 phase=snde epoch=2 path=/data/adodas/VarCoNet-V2-main/xiaolunwen/experiment1c/checkpoints/worker_r1_latest.pt
[SNDE] repeat=1 scope=internal_cv fold=5 epoch=2/149 train_bce=0.173850 val_bce=0.589550 best=Y best_epoch=2 asd_gate=(+0.126,-0.003,g0.871) hc_gate=(+0.076,-0.003,g0.921) pos_weight_l2=0.028332 neg_weight_l2=0.039047 mean_abs_pos_correction=0.034089 mean_abs_neg_correction=0.000092 elapsed_seconds=1.15
CHECKPOINT_BEST repeat=1 scope=internal_cv fold=5 phase=snde epoch=3 path=/data/adodas/VarCoNet-V2-main/xiaolunwen/experiment1c/checkpoints/worker_r1_best.pt
CHECKPOINT_LATEST repeat=1 scope=internal_cv fold=5 phase=snde epoch=3 path=/data/adodas/VarCoNet-V2-main/xiaolunwen/experiment1c/checkpoints/worker_r1_latest.pt
[SNDE] repeat=1 scope=internal_cv fold=5 epoch=3/149 train_bce=0.173050 val_bce=0.589310 best=Y best_epoch=3 asd_gate=(+0.126,-0.003,g0.871) hc_gate=(+0.076,-0.003,g0.921) pos_weight_l2=0.036770 neg_weight_l2=0.058526 mean_abs_pos_correction=0.046336 mean_abs_neg_correction=0.000138 elapsed_seconds=1.08
CHECKPOINT_LATEST repeat=1 scope=internal_cv fold=5 phase=snde epoch=10 path=/data/adodas/VarCoNet-V2-main/xiaolunwen/experiment1c/checkpoints/worker_r1_latest.pt
[SNDE] repeat=1 scope=internal_cv fold=5 epoch=10/149 train_bce=0.169809 val_bce=0.591031 best=N best_epoch=3 asd_gate=(+0.126,-0.003,g0.871) hc_gate=(+0.076,-0.003,g0.921) pos_weight_l2=0.085899 neg_weight_l2=0.193042 mean_abs_pos_correction=0.117579 mean_abs_neg_correction=0.000454 elapsed_seconds=0.54
CHECKPOINT_BEST repeat=1 scope=internal_cv fold=5 phase=snde epoch=12 path=/data/adodas/VarCoNet-V2-main/xiaolunwen/experiment1c/checkpoints/worker_r1_best.pt
CHECKPOINT_LATEST repeat=1 scope=internal_cv fold=5 phase=snde epoch=12 path=/data/adodas/VarCoNet-V2-main/xiaolunwen/experiment1c/checkpoints/worker_r1_latest.pt
[SNDE] repeat=1 scope=internal_cv fold=5 epoch=12/149 train_bce=0.169306 val_bce=0.589006 best=Y best_epoch=12 asd_gate=(+0.126,-0.003,g0.871) hc_gate=(+0.076,-0.003,g0.921) pos_weight_l2=0.098163 neg_weight_l2=0.230643 mean_abs_pos_correction=0.124003 mean_abs_neg_correction=0.000542 elapsed_seconds=2.02
CHECKPOINT_BEST repeat=1 scope=internal_cv fold=5 phase=snde epoch=13 path=/data/adodas/VarCoNet-V2-main/xiaolunwen/experiment1c/checkpoints/worker_r1_best.pt
CHECKPOINT_LATEST repeat=1 scope=internal_cv fold=5 phase=snde epoch=13 path=/data/adodas/VarCoNet-V2-main/xiaolunwen/experiment1c/checkpoints/worker_r1_latest.pt
[SNDE] repeat=1 scope=internal_cv fold=5 epoch=13/149 train_bce=0.169106 val_bce=0.588393 best=Y best_epoch=13 asd_gate=(+0.126,-0.003,g0.871) hc_gate=(+0.076,-0.003,g0.921) pos_weight_l2=0.104090 neg_weight_l2=0.249269 mean_abs_pos_correction=0.127871 mean_abs_neg_correction=0.000585 elapsed_seconds=1.49
CHECKPOINT_BEST repeat=1 scope=internal_cv fold=5 phase=snde epoch=14 path=/data/adodas/VarCoNet-V2-main/xiaolunwen/experiment1c/checkpoints/worker_r1_best.pt
CHECKPOINT_LATEST repeat=1 scope=internal_cv fold=5 phase=snde epoch=14 path=/data/adodas/VarCoNet-V2-main/xiaolunwen/experiment1c/checkpoints/worker_r1_latest.pt
[SNDE] repeat=1 scope=internal_cv fold=5 epoch=14/149 train_bce=0.168920 val_bce=0.587993 best=Y best_epoch=14 asd_gate=(+0.126,-0.003,g0.871) hc_gate=(+0.076,-0.003,g0.921) pos_weight_l2=0.109879 neg_weight_l2=0.267768 mean_abs_pos_correction=0.132291 mean_abs_neg_correction=0.000627 elapsed_seconds=1.02
CHECKPOINT_BEST repeat=1 scope=internal_cv fold=5 phase=snde epoch=15 path=/data/adodas/VarCoNet-V2-main/xiaolunwen/experiment1c/checkpoints/worker_r1_best.pt
CHECKPOINT_LATEST repeat=1 scope=internal_cv fold=5 phase=snde epoch=15 path=/data/adodas/VarCoNet-V2-main/xiaolunwen/experiment1c/checkpoints/worker_r1_latest.pt
[SNDE] repeat=1 scope=internal_cv fold=5 epoch=15/149 train_bce=0.168739 val_bce=0.587757 best=Y best_epoch=15 asd_gate=(+0.126,-0.003,g0.871) hc_gate=(+0.076,-0.003,g0.921) pos_weight_l2=0.115533 neg_weight_l2=0.286131 mean_abs_pos_correction=0.137401 mean_abs_neg_correction=0.000670 elapsed_seconds=1.19
CHECKPOINT_BEST repeat=1 scope=internal_cv fold=5 phase=snde epoch=16 path=/data/adodas/VarCoNet-V2-main/xiaolunwen/experiment1c/checkpoints/worker_r1_best.pt
CHECKPOINT_LATEST repeat=1 scope=internal_cv fold=5 phase=snde epoch=16 path=/data/adodas/VarCoNet-V2-main/xiaolunwen/experiment1c/checkpoints/worker_r1_latest.pt
[SNDE] repeat=1 scope=internal_cv fold=5 epoch=16/149 train_bce=0.168562 val_bce=0.587643 best=Y best_epoch=16 asd_gate=(+0.126,-0.003,g0.871) hc_gate=(+0.076,-0.003,g0.921) pos_weight_l2=0.121058 neg_weight_l2=0.304352 mean_abs_pos_correction=0.142933 mean_abs_neg_correction=0.000711 elapsed_seconds=1.06
CHECKPOINT_BEST repeat=1 scope=internal_cv fold=5 phase=snde epoch=17 path=/data/adodas/VarCoNet-V2-main/xiaolunwen/experiment1c/checkpoints/worker_r1_best.pt
CHECKPOINT_LATEST repeat=1 scope=internal_cv fold=5 phase=snde epoch=17 path=/data/adodas/VarCoNet-V2-main/xiaolunwen/experiment1c/checkpoints/worker_r1_latest.pt
[SNDE] repeat=1 scope=internal_cv fold=5 epoch=17/149 train_bce=0.168390 val_bce=0.587621 best=Y best_epoch=17 asd_gate=(+0.126,-0.003,g0.871) hc_gate=(+0.076,-0.003,g0.921) pos_weight_l2=0.126460 neg_weight_l2=0.322421 mean_abs_pos_correction=0.148655 mean_abs_neg_correction=0.000752 elapsed_seconds=1.22
CHECKPOINT_LATEST repeat=1 scope=internal_cv fold=5 phase=snde epoch=20 path=/data/adodas/VarCoNet-V2-main/xiaolunwen/experiment1c/checkpoints/worker_r1_latest.pt
[SNDE] repeat=1 scope=internal_cv fold=5 epoch=20/149 train_bce=0.167946 val_bce=0.587832 best=N best_epoch=17 asd_gate=(+0.126,-0.003,g0.871) hc_gate=(+0.076,-0.003,g0.921) pos_weight_l2=0.141949 neg_weight_l2=0.375658 mean_abs_pos_correction=0.165169 mean_abs_neg_correction=0.000872 elapsed_seconds=0.62
CHECKPOINT_BEST repeat=1 scope=internal_cv fold=5 phase=snde epoch=26 path=/data/adodas/VarCoNet-V2-main/xiaolunwen/experiment1c/checkpoints/worker_r1_best.pt
CHECKPOINT_LATEST repeat=1 scope=internal_cv fold=5 phase=snde epoch=26 path=/data/adodas/VarCoNet-V2-main/xiaolunwen/experiment1c/checkpoints/worker_r1_latest.pt
[SNDE] repeat=1 scope=internal_cv fold=5 epoch=26/149 train_bce=0.167316 val_bce=0.587570 best=Y best_epoch=26 asd_gate=(+0.126,-0.003,g0.871) hc_gate=(+0.076,-0.003,g0.921) pos_weight_l2=0.169791 neg_weight_l2=0.477367 mean_abs_pos_correction=0.186339 mean_abs_neg_correction=0.001096 elapsed_seconds=1.32
CHECKPOINT_BEST repeat=1 scope=internal_cv fold=5 phase=snde epoch=27 path=/data/adodas/VarCoNet-V2-main/xiaolunwen/experiment1c/checkpoints/worker_r1_best.pt
CHECKPOINT_LATEST repeat=1 scope=internal_cv fold=5 phase=snde epoch=27 path=/data/adodas/VarCoNet-V2-main/xiaolunwen/experiment1c/checkpoints/worker_r1_latest.pt
[SNDE] repeat=1 scope=internal_cv fold=5 epoch=27/149 train_bce=0.167228 val_bce=0.587416 best=Y best_epoch=27 asd_gate=(+0.126,-0.003,g0.871) hc_gate=(+0.076,-0.003,g0.921) pos_weight_l2=0.174054 neg_weight_l2=0.493674 mean_abs_pos_correction=0.188323 mean_abs_neg_correction=0.001131 elapsed_seconds=1.57
CHECKPOINT_BEST repeat=1 scope=internal_cv fold=5 phase=snde epoch=28 path=/data/adodas/VarCoNet-V2-main/xiaolunwen/experiment1c/checkpoints/worker_r1_best.pt
CHECKPOINT_LATEST repeat=1 scope=internal_cv fold=5 phase=snde epoch=28 path=/data/adodas/VarCoNet-V2-main/xiaolunwen/experiment1c/checkpoints/worker_r1_latest.pt
[SNDE] repeat=1 scope=internal_cv fold=5 epoch=28/149 train_bce=0.167144 val_bce=0.587273 best=Y best_epoch=28 asd_gate=(+0.126,-0.003,g0.871) hc_gate=(+0.076,-0.003,g0.921) pos_weight_l2=0.178221 neg_weight_l2=0.509797 mean_abs_pos_correction=0.190027 mean_abs_neg_correction=0.001166 elapsed_seconds=1.64
CHECKPOINT_BEST repeat=1 scope=internal_cv fold=5 phase=snde epoch=29 path=/data/adodas/VarCoNet-V2-main/xiaolunwen/experiment1c/checkpoints/worker_r1_best.pt
CHECKPOINT_LATEST repeat=1 scope=internal_cv fold=5 phase=snde epoch=29 path=/data/adodas/VarCoNet-V2-main/xiaolunwen/experiment1c/checkpoints/worker_r1_latest.pt
[SNDE] repeat=1 scope=internal_cv fold=5 epoch=29/149 train_bce=0.167064 val_bce=0.587158 best=Y best_epoch=29 asd_gate=(+0.126,-0.003,g0.871) hc_gate=(+0.076,-0.003,g0.921) pos_weight_l2=0.182295 neg_weight_l2=0.525734 mean_abs_pos_correction=0.191527 mean_abs_neg_correction=0.001200 elapsed_seconds=1.05
CHECKPOINT_BEST repeat=1 scope=internal_cv fold=5 phase=snde epoch=30 path=/data/adodas/VarCoNet-V2-main/xiaolunwen/experiment1c/checkpoints/worker_r1_best.pt
CHECKPOINT_LATEST repeat=1 scope=internal_cv fold=5 phase=snde epoch=30 path=/data/adodas/VarCoNet-V2-main/xiaolunwen/experiment1c/checkpoints/worker_r1_latest.pt
[SNDE] repeat=1 scope=internal_cv fold=5 epoch=30/149 train_bce=0.166989 val_bce=0.587082 best=Y best_epoch=30 asd_gate=(+0.126,-0.003,g0.871) hc_gate=(+0.076,-0.003,g0.921) pos_weight_l2=0.186282 neg_weight_l2=0.541488 mean_abs_pos_correction=0.192901 mean_abs_neg_correction=0.001233 elapsed_seconds=1.04
CHECKPOINT_BEST repeat=1 scope=internal_cv fold=5 phase=snde epoch=31 path=/data/adodas/VarCoNet-V2-main/xiaolunwen/experiment1c/checkpoints/worker_r1_best.pt
CHECKPOINT_LATEST repeat=1 scope=internal_cv fold=5 phase=snde epoch=31 path=/data/adodas/VarCoNet-V2-main/xiaolunwen/experiment1c/checkpoints/worker_r1_latest.pt
[SNDE] repeat=1 scope=internal_cv fold=5 epoch=31/149 train_bce=0.166918 val_bce=0.587053 best=Y best_epoch=31 asd_gate=(+0.126,-0.003,g0.871) hc_gate=(+0.076,-0.003,g0.921) pos_weight_l2=0.190184 neg_weight_l2=0.557060 mean_abs_pos_correction=0.194219 mean_abs_neg_correction=0.001265 elapsed_seconds=2.17
CHECKPOINT_LATEST repeat=1 scope=internal_cv fold=5 phase=snde epoch=40 path=/data/adodas/VarCoNet-V2-main/xiaolunwen/experiment1c/checkpoints/worker_r1_latest.pt
[SNDE] repeat=1 scope=internal_cv fold=5 epoch=40/149 train_bce=0.166411 val_bce=0.588044 best=N best_epoch=31 asd_gate=(+0.126,-0.003,g0.871) hc_gate=(+0.076,-0.003,g0.921) pos_weight_l2=0.222129 neg_weight_l2=0.689386 mean_abs_pos_correction=0.212050 mean_abs_neg_correction=0.001527 elapsed_seconds=0.63
CHECKPOINT_LATEST repeat=1 scope=internal_cv fold=5 phase=snde epoch=50 path=/data/adodas/VarCoNet-V2-main/xiaolunwen/experiment1c/checkpoints/worker_r1_latest.pt
[SNDE] repeat=1 scope=internal_cv fold=5 epoch=50/149 train_bce=0.166023 val_bce=0.589978 best=N best_epoch=31 asd_gate=(+0.126,-0.003,g0.871) hc_gate=(+0.076,-0.003,g0.921) pos_weight_l2=0.252585 neg_weight_l2=0.821986 mean_abs_pos_correction=0.231718 mean_abs_neg_correction=0.001760 elapsed_seconds=0.45
CHECKPOINT_LATEST repeat=1 scope=internal_cv fold=5 phase=snde epoch=60 path=/data/adodas/VarCoNet-V2-main/xiaolunwen/experiment1c/checkpoints/worker_r1_latest.pt
[SNDE] repeat=1 scope=internal_cv fold=5 epoch=60/149 train_bce=0.165737 val_bce=0.592563 best=N best_epoch=31 asd_gate=(+0.126,-0.003,g0.871) hc_gate=(+0.076,-0.003,g0.921) pos_weight_l2=0.279550 neg_weight_l2=0.943130 mean_abs_pos_correction=0.244138 mean_abs_neg_correction=0.001942 elapsed_seconds=0.82
CHECKPOINT_LATEST repeat=1 scope=internal_cv fold=5 phase=snde epoch=70 path=/data/adodas/VarCoNet-V2-main/xiaolunwen/experiment1c/checkpoints/worker_r1_latest.pt
[SNDE] repeat=1 scope=internal_cv fold=5 epoch=70/149 train_bce=0.165510 val_bce=0.594744 best=N best_epoch=31 asd_gate=(+0.126,-0.003,g0.871) hc_gate=(+0.076,-0.003,g0.921) pos_weight_l2=0.304251 neg_weight_l2=1.056370 mean_abs_pos_correction=0.257648 mean_abs_neg_correction=0.002131 elapsed_seconds=0.62
CHECKPOINT_LATEST repeat=1 scope=internal_cv fold=5 phase=snde epoch=80 path=/data/adodas/VarCoNet-V2-main/xiaolunwen/experiment1c/checkpoints/worker_r1_latest.pt
[SNDE] repeat=1 scope=internal_cv fold=5 epoch=80/149 train_bce=0.165323 val_bce=0.597331 best=N best_epoch=31 asd_gate=(+0.126,-0.003,g0.871) hc_gate=(+0.076,-0.003,g0.921) pos_weight_l2=0.327435 neg_weight_l2=1.164354 mean_abs_pos_correction=0.268527 mean_abs_neg_correction=0.002331 elapsed_seconds=1.03
CHECKPOINT_LATEST repeat=1 scope=internal_cv fold=5 phase=snde epoch=90 path=/data/adodas/VarCoNet-V2-main/xiaolunwen/experiment1c/checkpoints/worker_r1_latest.pt
[SNDE] repeat=1 scope=internal_cv fold=5 epoch=90/149 train_bce=0.165165 val_bce=0.599695 best=N best_epoch=31 asd_gate=(+0.126,-0.003,g0.871) hc_gate=(+0.076,-0.003,g0.921) pos_weight_l2=0.349492 neg_weight_l2=1.268825 mean_abs_pos_correction=0.280220 mean_abs_neg_correction=0.002515 elapsed_seconds=0.55
CHECKPOINT_LATEST repeat=1 scope=internal_cv fold=5 phase=snde epoch=100 path=/data/adodas/VarCoNet-V2-main/xiaolunwen/experiment1c/checkpoints/worker_r1_latest.pt
[SNDE] repeat=1 scope=internal_cv fold=5 epoch=100/149 train_bce=0.165027 val_bce=0.602136 best=N best_epoch=31 asd_gate=(+0.126,-0.003,g0.871) hc_gate=(+0.076,-0.003,g0.921) pos_weight_l2=0.370641 neg_weight_l2=1.370853 mean_abs_pos_correction=0.290975 mean_abs_neg_correction=0.002687 elapsed_seconds=0.88
CHECKPOINT_LATEST repeat=1 scope=internal_cv fold=5 phase=snde epoch=110 path=/data/adodas/VarCoNet-V2-main/xiaolunwen/experiment1c/checkpoints/worker_r1_latest.pt
[SNDE] repeat=1 scope=internal_cv fold=5 epoch=110/149 train_bce=0.164906 val_bce=0.604538 best=N best_epoch=31 asd_gate=(+0.126,-0.003,g0.871) hc_gate=(+0.076,-0.003,g0.921) pos_weight_l2=0.391035 neg_weight_l2=1.471061 mean_abs_pos_correction=0.301361 mean_abs_neg_correction=0.002850 elapsed_seconds=0.81
CHECKPOINT_LATEST repeat=1 scope=internal_cv fold=5 phase=snde epoch=120 path=/data/adodas/VarCoNet-V2-main/xiaolunwen/experiment1c/checkpoints/worker_r1_latest.pt
[SNDE] repeat=1 scope=internal_cv fold=5 epoch=120/149 train_bce=0.164797 val_bce=0.606920 best=N best_epoch=31 asd_gate=(+0.126,-0.003,g0.871) hc_gate=(+0.076,-0.003,g0.921) pos_weight_l2=0.410767 neg_weight_l2=1.569795 mean_abs_pos_correction=0.311419 mean_abs_neg_correction=0.003004 elapsed_seconds=5.33
CHECKPOINT_LATEST repeat=1 scope=internal_cv fold=5 phase=snde epoch=130 path=/data/adodas/VarCoNet-V2-main/xiaolunwen/experiment1c/checkpoints/worker_r1_latest.pt
[SNDE] repeat=1 scope=internal_cv fold=5 epoch=130/149 train_bce=0.164699 val_bce=0.609331 best=N best_epoch=31 asd_gate=(+0.126,-0.003,g0.871) hc_gate=(+0.076,-0.003,g0.921) pos_weight_l2=0.429913 neg_weight_l2=1.667235 mean_abs_pos_correction=0.320990 mean_abs_neg_correction=0.003151 elapsed_seconds=4.44
CHECKPOINT_LATEST repeat=1 scope=internal_cv fold=5 phase=snde epoch=140 path=/data/adodas/VarCoNet-V2-main/xiaolunwen/experiment1c/checkpoints/worker_r1_latest.pt
[SNDE] repeat=1 scope=internal_cv fold=5 epoch=140/149 train_bce=0.164610 val_bce=0.611693 best=N best_epoch=31 asd_gate=(+0.126,-0.003,g0.871) hc_gate=(+0.076,-0.003,g0.921) pos_weight_l2=0.448538 neg_weight_l2=1.763471 mean_abs_pos_correction=0.330304 mean_abs_neg_correction=0.003292 elapsed_seconds=0.43
CHECKPOINT_LATEST repeat=1 scope=internal_cv fold=5 phase=snde epoch=149 path=/data/adodas/VarCoNet-V2-main/xiaolunwen/experiment1c/checkpoints/worker_r1_latest.pt
[SNDE] repeat=1 scope=internal_cv fold=5 epoch=149/149 train_bce=0.164536 val_bce=0.613800 best=N best_epoch=31 asd_gate=(+0.126,-0.003,g0.871) hc_gate=(+0.076,-0.003,g0.921) pos_weight_l2=0.464903 neg_weight_l2=1.849085 mean_abs_pos_correction=0.338379 mean_abs_neg_correction=0.003415 elapsed_seconds=0.54
TASK_TRAINING_DONE repeat=1 scope=internal_cv fold=5 base_encoder_epoch=43 base_classifier_epoch=49 base_val_bce=0.592958 crsm_epoch=0 crsm_val_bce=0.592958 snde_epoch=31 snde_val_bce=0.587053 elapsed_minutes=4.6
TASK_DONE repeat=1 scope=internal_fold fold=5 method=baseline selected_encoder_epoch=43 test_auc=0.700052 test_bce=0.629173 elapsed_minutes=4.6
TASK_DONE repeat=1 scope=internal_fold fold=5 method=crsm_corrected selected_encoder_epoch=43 test_auc=0.700052 test_bce=0.629173 elapsed_minutes=4.6
TASK_DONE repeat=1 scope=internal_fold fold=5 method=selective_normative_deviation_experts selected_encoder_epoch=43 test_auc=0.699533 test_bce=0.653203 elapsed_minutes=4.6
TASK_START repeat=1 scope=internal_cv fold=6 seed=100106 device=cuda:0 methods=baseline,crsm_corrected,selective_normative_deviation_experts shared_encoder=Y reference_unique_n=674 train_n=750 val_n=120
CHECKPOINT_BEST repeat=1 scope=internal_cv fold=6 phase=ssl epoch=1 path=/data/adodas/VarCoNet-V2-main/xiaolunwen/experiment1c/checkpoints/worker_r1_best.pt
[SSL] repeat=1 scope=internal_cv fold=6 epoch=1/50 ssl_loss=0.095244 lr=0.000024107 base_val_bce=0.636552 base_best=Y base_cls_epoch=32 epoch_seconds=6.3 task_elapsed_minutes=0.1 gpu_alloc_gb=0.318 gpu_reserved_gb=1.744
[SSL] repeat=1 scope=internal_cv fold=6 epoch=2/50 ssl_loss=0.104389 lr=0.000038214 base_val_bce=0.646365 base_best=N base_cls_epoch=38 epoch_seconds=4.8 task_elapsed_minutes=0.2 gpu_alloc_gb=0.317 gpu_reserved_gb=2.008
[SSL] repeat=1 scope=internal_cv fold=6 epoch=3/50 ssl_loss=0.090035 lr=0.000052321 base_val_bce=0.647521 base_best=N base_cls_epoch=38 epoch_seconds=4.9 task_elapsed_minutes=0.3 gpu_alloc_gb=0.318 gpu_reserved_gb=1.744
[SSL] repeat=1 scope=internal_cv fold=6 epoch=4/50 ssl_loss=0.075288 lr=0.000066427 base_val_bce=0.641857 base_best=N base_cls_epoch=38 epoch_seconds=3.4 task_elapsed_minutes=0.3 gpu_alloc_gb=0.317 gpu_reserved_gb=2.008
CHECKPOINT_BEST repeat=1 scope=internal_cv fold=6 phase=ssl epoch=5 path=/data/adodas/VarCoNet-V2-main/xiaolunwen/experiment1c/checkpoints/worker_r1_best.pt
[SSL] repeat=1 scope=internal_cv fold=6 epoch=5/50 ssl_loss=0.077439 lr=0.000080534 base_val_bce=0.634666 base_best=Y base_cls_epoch=28 epoch_seconds=4.3 task_elapsed_minutes=0.4 gpu_alloc_gb=0.318 gpu_reserved_gb=1.744
[SSL] repeat=1 scope=internal_cv fold=6 epoch=6/50 ssl_loss=0.071756 lr=0.000094641 base_val_bce=0.650142 base_best=N base_cls_epoch=33 epoch_seconds=3.8 task_elapsed_minutes=0.5 gpu_alloc_gb=0.317 gpu_reserved_gb=2.008
[SSL] repeat=1 scope=internal_cv fold=6 epoch=7/50 ssl_loss=0.061161 lr=0.000108748 base_val_bce=0.646403 base_best=N base_cls_epoch=31 epoch_seconds=3.8 task_elapsed_minutes=0.5 gpu_alloc_gb=0.318 gpu_reserved_gb=1.744
[SSL] repeat=1 scope=internal_cv fold=6 epoch=8/50 ssl_loss=0.064428 lr=0.000122855 base_val_bce=0.639874 base_best=N base_cls_epoch=38 epoch_seconds=3.7 task_elapsed_minutes=0.6 gpu_alloc_gb=0.317 gpu_reserved_gb=2.008
CHECKPOINT_BEST repeat=1 scope=internal_cv fold=6 phase=ssl epoch=9 path=/data/adodas/VarCoNet-V2-main/xiaolunwen/experiment1c/checkpoints/worker_r1_best.pt
[SSL] repeat=1 scope=internal_cv fold=6 epoch=9/50 ssl_loss=0.051158 lr=0.000136962 base_val_bce=0.629888 base_best=Y base_cls_epoch=30 epoch_seconds=4.3 task_elapsed_minutes=0.7 gpu_alloc_gb=0.318 gpu_reserved_gb=1.744
CHECKPOINT_LATEST repeat=1 scope=internal_cv fold=6 phase=ssl epoch=10 path=/data/adodas/VarCoNet-V2-main/xiaolunwen/experiment1c/checkpoints/worker_r1_latest.pt
[SSL] repeat=1 scope=internal_cv fold=6 epoch=10/50 ssl_loss=0.037787 lr=0.000136962 base_val_bce=0.630553 base_best=N base_cls_epoch=31 epoch_seconds=4.5 task_elapsed_minutes=0.7 gpu_alloc_gb=0.317 gpu_reserved_gb=2.008
CHECKPOINT_BEST repeat=1 scope=internal_cv fold=6 phase=ssl epoch=11 path=/data/adodas/VarCoNet-V2-main/xiaolunwen/experiment1c/checkpoints/worker_r1_best.pt
[SSL] repeat=1 scope=internal_cv fold=6 epoch=11/50 ssl_loss=0.065501 lr=0.000136751 base_val_bce=0.627710 base_best=Y base_cls_epoch=40 epoch_seconds=4.2 task_elapsed_minutes=0.8 gpu_alloc_gb=0.318 gpu_reserved_gb=1.744
CHECKPOINT_BEST repeat=1 scope=internal_cv fold=6 phase=ssl epoch=12 path=/data/adodas/VarCoNet-V2-main/xiaolunwen/experiment1c/checkpoints/worker_r1_best.pt
[SSL] repeat=1 scope=internal_cv fold=6 epoch=12/50 ssl_loss=0.058504 lr=0.000136119 base_val_bce=0.623260 base_best=Y base_cls_epoch=37 epoch_seconds=3.9 task_elapsed_minutes=0.9 gpu_alloc_gb=0.317 gpu_reserved_gb=2.008
[SSL] repeat=1 scope=internal_cv fold=6 epoch=13/50 ssl_loss=0.063866 lr=0.000135070 base_val_bce=0.636066 base_best=N base_cls_epoch=37 epoch_seconds=2.8 task_elapsed_minutes=0.9 gpu_alloc_gb=0.318 gpu_reserved_gb=1.744
CHECKPOINT_BEST repeat=1 scope=internal_cv fold=6 phase=ssl epoch=14 path=/data/adodas/VarCoNet-V2-main/xiaolunwen/experiment1c/checkpoints/worker_r1_best.pt
[SSL] repeat=1 scope=internal_cv fold=6 epoch=14/50 ssl_loss=0.057373 lr=0.000133610 base_val_bce=0.611129 base_best=Y base_cls_epoch=41 epoch_seconds=3.7 task_elapsed_minutes=1.0 gpu_alloc_gb=0.317 gpu_reserved_gb=2.008
CHECKPOINT_BEST repeat=1 scope=internal_cv fold=6 phase=ssl epoch=15 path=/data/adodas/VarCoNet-V2-main/xiaolunwen/experiment1c/checkpoints/worker_r1_best.pt
[SSL] repeat=1 scope=internal_cv fold=6 epoch=15/50 ssl_loss=0.050773 lr=0.000131749 base_val_bce=0.610362 base_best=Y base_cls_epoch=41 epoch_seconds=3.2 task_elapsed_minutes=1.0 gpu_alloc_gb=0.318 gpu_reserved_gb=1.744
CHECKPOINT_BEST repeat=1 scope=internal_cv fold=6 phase=ssl epoch=16 path=/data/adodas/VarCoNet-V2-main/xiaolunwen/experiment1c/checkpoints/worker_r1_best.pt
[SSL] repeat=1 scope=internal_cv fold=6 epoch=16/50 ssl_loss=0.054075 lr=0.000129498 base_val_bce=0.608122 base_best=Y base_cls_epoch=44 epoch_seconds=4.1 task_elapsed_minutes=1.1 gpu_alloc_gb=0.317 gpu_reserved_gb=2.008
[SSL] repeat=1 scope=internal_cv fold=6 epoch=17/50 ssl_loss=0.059837 lr=0.000126870 base_val_bce=0.612467 base_best=N base_cls_epoch=47 epoch_seconds=4.9 task_elapsed_minutes=1.2 gpu_alloc_gb=0.318 gpu_reserved_gb=1.744
CHECKPOINT_BEST repeat=1 scope=internal_cv fold=6 phase=ssl epoch=18 path=/data/adodas/VarCoNet-V2-main/xiaolunwen/experiment1c/checkpoints/worker_r1_best.pt
[SSL] repeat=1 scope=internal_cv fold=6 epoch=18/50 ssl_loss=0.047220 lr=0.000123883 base_val_bce=0.602970 base_best=Y base_cls_epoch=50 epoch_seconds=3.9 task_elapsed_minutes=1.3 gpu_alloc_gb=0.317 gpu_reserved_gb=2.008
[SSL] repeat=1 scope=internal_cv fold=6 epoch=19/50 ssl_loss=0.041996 lr=0.000120554 base_val_bce=0.618539 base_best=N base_cls_epoch=44 epoch_seconds=3.1 task_elapsed_minutes=1.3 gpu_alloc_gb=0.318 gpu_reserved_gb=1.744
CHECKPOINT_LATEST repeat=1 scope=internal_cv fold=6 phase=ssl epoch=20 path=/data/adodas/VarCoNet-V2-main/xiaolunwen/experiment1c/checkpoints/worker_r1_latest.pt
[SSL] repeat=1 scope=internal_cv fold=6 epoch=20/50 ssl_loss=0.051437 lr=0.000116904 base_val_bce=0.621607 base_best=N base_cls_epoch=43 epoch_seconds=4.7 task_elapsed_minutes=1.4 gpu_alloc_gb=0.317 gpu_reserved_gb=2.008
[SSL] repeat=1 scope=internal_cv fold=6 epoch=21/50 ssl_loss=0.061633 lr=0.000112956 base_val_bce=0.615305 base_best=N base_cls_epoch=47 epoch_seconds=5.2 task_elapsed_minutes=1.5 gpu_alloc_gb=0.318 gpu_reserved_gb=1.744
[SSL] repeat=1 scope=internal_cv fold=6 epoch=22/50 ssl_loss=0.044080 lr=0.000108733 base_val_bce=0.611008 base_best=N base_cls_epoch=43 epoch_seconds=4.9 task_elapsed_minutes=1.6 gpu_alloc_gb=0.317 gpu_reserved_gb=2.008
[SSL] repeat=1 scope=internal_cv fold=6 epoch=23/50 ssl_loss=0.042772 lr=0.000104262 base_val_bce=0.615726 base_best=N base_cls_epoch=46 epoch_seconds=4.2 task_elapsed_minutes=1.6 gpu_alloc_gb=0.318 gpu_reserved_gb=1.744
[SSL] repeat=1 scope=internal_cv fold=6 epoch=24/50 ssl_loss=0.042010 lr=0.000099570 base_val_bce=0.629086 base_best=N base_cls_epoch=47 epoch_seconds=3.8 task_elapsed_minutes=1.7 gpu_alloc_gb=0.317 gpu_reserved_gb=2.008
[SSL] repeat=1 scope=internal_cv fold=6 epoch=25/50 ssl_loss=0.053386 lr=0.000094687 base_val_bce=0.622095 base_best=N base_cls_epoch=44 epoch_seconds=3.6 task_elapsed_minutes=1.8 gpu_alloc_gb=0.318 gpu_reserved_gb=1.744
[SSL] repeat=1 scope=internal_cv fold=6 epoch=26/50 ssl_loss=0.044358 lr=0.000089643 base_val_bce=0.622733 base_best=N base_cls_epoch=45 epoch_seconds=3.2 task_elapsed_minutes=1.8 gpu_alloc_gb=0.317 gpu_reserved_gb=2.008
[SSL] repeat=1 scope=internal_cv fold=6 epoch=27/50 ssl_loss=0.037760 lr=0.000084467 base_val_bce=0.613313 base_best=N base_cls_epoch=47 epoch_seconds=3.6 task_elapsed_minutes=1.9 gpu_alloc_gb=0.318 gpu_reserved_gb=1.744
[SSL] repeat=1 scope=internal_cv fold=6 epoch=28/50 ssl_loss=0.040606 lr=0.000079194 base_val_bce=0.618890 base_best=N base_cls_epoch=49 epoch_seconds=3.5 task_elapsed_minutes=1.9 gpu_alloc_gb=0.317 gpu_reserved_gb=2.008
[SSL] repeat=1 scope=internal_cv fold=6 epoch=29/50 ssl_loss=0.052356 lr=0.000073854 base_val_bce=0.616433 base_best=N base_cls_epoch=47 epoch_seconds=3.7 task_elapsed_minutes=2.0 gpu_alloc_gb=0.318 gpu_reserved_gb=1.744
CHECKPOINT_LATEST repeat=1 scope=internal_cv fold=6 phase=ssl epoch=30 path=/data/adodas/VarCoNet-V2-main/xiaolunwen/experiment1c/checkpoints/worker_r1_latest.pt
[SSL] repeat=1 scope=internal_cv fold=6 epoch=30/50 ssl_loss=0.051003 lr=0.000068481 base_val_bce=0.613072 base_best=N base_cls_epoch=50 epoch_seconds=3.8 task_elapsed_minutes=2.1 gpu_alloc_gb=0.317 gpu_reserved_gb=2.008
[SSL] repeat=1 scope=internal_cv fold=6 epoch=31/50 ssl_loss=0.034258 lr=0.000063108 base_val_bce=0.607404 base_best=N base_cls_epoch=46 epoch_seconds=3.6 task_elapsed_minutes=2.1 gpu_alloc_gb=0.318 gpu_reserved_gb=1.744
[SSL] repeat=1 scope=internal_cv fold=6 epoch=32/50 ssl_loss=0.038560 lr=0.000057768 base_val_bce=0.611339 base_best=N base_cls_epoch=48 epoch_seconds=3.9 task_elapsed_minutes=2.2 gpu_alloc_gb=0.317 gpu_reserved_gb=2.008
[SSL] repeat=1 scope=internal_cv fold=6 epoch=33/50 ssl_loss=0.037700 lr=0.000052494 base_val_bce=0.607014 base_best=N base_cls_epoch=46 epoch_seconds=3.5 task_elapsed_minutes=2.2 gpu_alloc_gb=0.318 gpu_reserved_gb=1.744
[SSL] repeat=1 scope=internal_cv fold=6 epoch=34/50 ssl_loss=0.041120 lr=0.000047319 base_val_bce=0.604983 base_best=N base_cls_epoch=48 epoch_seconds=3.5 task_elapsed_minutes=2.3 gpu_alloc_gb=0.317 gpu_reserved_gb=2.008
[SSL] repeat=1 scope=internal_cv fold=6 epoch=35/50 ssl_loss=0.040055 lr=0.000042274 base_val_bce=0.613864 base_best=N base_cls_epoch=53 epoch_seconds=2.7 task_elapsed_minutes=2.4 gpu_alloc_gb=0.318 gpu_reserved_gb=1.744
[SSL] repeat=1 scope=internal_cv fold=6 epoch=36/50 ssl_loss=0.040493 lr=0.000037391 base_val_bce=0.617633 base_best=N base_cls_epoch=52 epoch_seconds=5.3 task_elapsed_minutes=2.5 gpu_alloc_gb=0.317 gpu_reserved_gb=2.008
[SSL] repeat=1 scope=internal_cv fold=6 epoch=37/50 ssl_loss=0.040988 lr=0.000032700 base_val_bce=0.617316 base_best=N base_cls_epoch=44 epoch_seconds=6.2 task_elapsed_minutes=2.6 gpu_alloc_gb=0.318 gpu_reserved_gb=1.744
[SSL] repeat=1 scope=internal_cv fold=6 epoch=38/50 ssl_loss=0.035663 lr=0.000028229 base_val_bce=0.608660 base_best=N base_cls_epoch=46 epoch_seconds=8.2 task_elapsed_minutes=2.7 gpu_alloc_gb=0.317 gpu_reserved_gb=2.008
[SSL] repeat=1 scope=internal_cv fold=6 epoch=39/50 ssl_loss=0.031527 lr=0.000024006 base_val_bce=0.617333 base_best=N base_cls_epoch=50 epoch_seconds=6.2 task_elapsed_minutes=2.8 gpu_alloc_gb=0.318 gpu_reserved_gb=1.744
CHECKPOINT_LATEST repeat=1 scope=internal_cv fold=6 phase=ssl epoch=40 path=/data/adodas/VarCoNet-V2-main/xiaolunwen/experiment1c/checkpoints/worker_r1_latest.pt
[SSL] repeat=1 scope=internal_cv fold=6 epoch=40/50 ssl_loss=0.037928 lr=0.000020058 base_val_bce=0.613168 base_best=N base_cls_epoch=49 epoch_seconds=8.5 task_elapsed_minutes=2.9 gpu_alloc_gb=0.317 gpu_reserved_gb=2.008
[SSL] repeat=1 scope=internal_cv fold=6 epoch=41/50 ssl_loss=0.036463 lr=0.000016408 base_val_bce=0.610205 base_best=N base_cls_epoch=46 epoch_seconds=6.1 task_elapsed_minutes=3.0 gpu_alloc_gb=0.318 gpu_reserved_gb=1.744
[SSL] repeat=1 scope=internal_cv fold=6 epoch=42/50 ssl_loss=0.048461 lr=0.000013079 base_val_bce=0.618758 base_best=N base_cls_epoch=47 epoch_seconds=8.1 task_elapsed_minutes=3.2 gpu_alloc_gb=0.317 gpu_reserved_gb=2.008
[SSL] repeat=1 scope=internal_cv fold=6 epoch=43/50 ssl_loss=0.034734 lr=0.000010091 base_val_bce=0.604106 base_best=N base_cls_epoch=52 epoch_seconds=6.2 task_elapsed_minutes=3.3 gpu_alloc_gb=0.318 gpu_reserved_gb=1.744
[SSL] repeat=1 scope=internal_cv fold=6 epoch=44/50 ssl_loss=0.035340 lr=0.000007464 base_val_bce=0.612128 base_best=N base_cls_epoch=48 epoch_seconds=6.9 task_elapsed_minutes=3.4 gpu_alloc_gb=0.317 gpu_reserved_gb=2.008
[SSL] repeat=1 scope=internal_cv fold=6 epoch=45/50 ssl_loss=0.034756 lr=0.000005213 base_val_bce=0.611840 base_best=N base_cls_epoch=53 epoch_seconds=3.7 task_elapsed_minutes=3.5 gpu_alloc_gb=0.318 gpu_reserved_gb=1.744
CHECKPOINT_BEST repeat=1 scope=internal_cv fold=6 phase=ssl epoch=46 path=/data/adodas/VarCoNet-V2-main/xiaolunwen/experiment1c/checkpoints/worker_r1_best.pt
[SSL] repeat=1 scope=internal_cv fold=6 epoch=46/50 ssl_loss=0.030755 lr=0.000003352 base_val_bce=0.601949 base_best=Y base_cls_epoch=51 epoch_seconds=4.7 task_elapsed_minutes=3.5 gpu_alloc_gb=0.317 gpu_reserved_gb=2.008
[SSL] repeat=1 scope=internal_cv fold=6 epoch=47/50 ssl_loss=0.036079 lr=0.000001892 base_val_bce=0.620257 base_best=N base_cls_epoch=53 epoch_seconds=3.8 task_elapsed_minutes=3.6 gpu_alloc_gb=0.318 gpu_reserved_gb=1.744
[SSL] repeat=1 scope=internal_cv fold=6 epoch=48/50 ssl_loss=0.036638 lr=0.000000843 base_val_bce=0.606445 base_best=N base_cls_epoch=46 epoch_seconds=3.4 task_elapsed_minutes=3.7 gpu_alloc_gb=0.317 gpu_reserved_gb=2.008
[SSL] repeat=1 scope=internal_cv fold=6 epoch=49/50 ssl_loss=0.031790 lr=0.000000211 base_val_bce=0.611606 base_best=N base_cls_epoch=48 epoch_seconds=3.1 task_elapsed_minutes=3.7 gpu_alloc_gb=0.318 gpu_reserved_gb=1.744
CHECKPOINT_LATEST repeat=1 scope=internal_cv fold=6 phase=ssl epoch=50 path=/data/adodas/VarCoNet-V2-main/xiaolunwen/experiment1c/checkpoints/worker_r1_latest.pt
[SSL] repeat=1 scope=internal_cv fold=6 epoch=50/50 ssl_loss=0.041551 lr=0.000000000 base_val_bce=0.604654 base_best=N base_cls_epoch=46 epoch_seconds=4.0 task_elapsed_minutes=3.8 gpu_alloc_gb=0.317 gpu_reserved_gb=2.008
[CRSM_ZERO_BASELINE] repeat=1 scope=internal_cv fold=6 epoch=0 exact_zero=Y val_bce=0.601949 probability_max_abs=5.96e-08
CHECKPOINT_LATEST repeat=1 scope=internal_cv fold=6 phase=crsm_corrected epoch=0 path=/data/adodas/VarCoNet-V2-main/xiaolunwen/experiment1c/checkpoints/worker_r1_latest.pt
CHECKPOINT_BEST repeat=1 scope=internal_cv fold=6 phase=crsm_corrected epoch=0 path=/data/adodas/VarCoNet-V2-main/xiaolunwen/experiment1c/checkpoints/worker_r1_best.pt
CHECKPOINT_BEST repeat=1 scope=internal_cv fold=6 phase=crsm_corrected epoch=0 path=/data/adodas/VarCoNet-V2-main/xiaolunwen/experiment1c/checkpoints/worker_r1_best.pt
CHECKPOINT_LATEST repeat=1 scope=internal_cv fold=6 phase=crsm_corrected epoch=0 path=/data/adodas/VarCoNet-V2-main/xiaolunwen/experiment1c/checkpoints/worker_r1_latest.pt
[CRSM_SYMMETRY_START] repeat=1 scope=internal_cv fold=6 after_exact_zero=Y pca_unit_norm=1.00000000 pca_singular=150.222015 symmetry_scale=0.00233706343
CHECKPOINT_LATEST repeat=1 scope=internal_cv fold=6 phase=crsm_corrected epoch=10 path=/data/adodas/VarCoNet-V2-main/xiaolunwen/experiment1c/checkpoints/worker_r1_latest.pt
[CRSM_CORRECTED] repeat=1 scope=internal_cv fold=6 epoch=10/149 train_loss=0.148172 val_bce=0.608573 best=N best_epoch=0 asd_mass=(0.4995,0.5005) hc_mass=(0.5000,0.5000) delta_l2=(0.130207,0.130043) epoch_seconds=0.46
CHECKPOINT_LATEST repeat=1 scope=internal_cv fold=6 phase=crsm_corrected epoch=20 path=/data/adodas/VarCoNet-V2-main/xiaolunwen/experiment1c/checkpoints/worker_r1_latest.pt
[CRSM_CORRECTED] repeat=1 scope=internal_cv fold=6 epoch=20/149 train_loss=0.128865 val_bce=0.619428 best=N best_epoch=0 asd_mass=(0.4984,0.5016) hc_mass=(0.5000,0.5000) delta_l2=(0.248510,0.248374) epoch_seconds=0.42
CHECKPOINT_LATEST repeat=1 scope=internal_cv fold=6 phase=crsm_corrected epoch=30 path=/data/adodas/VarCoNet-V2-main/xiaolunwen/experiment1c/checkpoints/worker_r1_latest.pt
[CRSM_CORRECTED] repeat=1 scope=internal_cv fold=6 epoch=30/149 train_loss=0.115308 val_bce=0.633832 best=N best_epoch=0 asd_mass=(0.4969,0.5031) hc_mass=(0.5000,0.5000) delta_l2=(0.355029,0.354861) epoch_seconds=0.49
CHECKPOINT_LATEST repeat=1 scope=internal_cv fold=6 phase=crsm_corrected epoch=40 path=/data/adodas/VarCoNet-V2-main/xiaolunwen/experiment1c/checkpoints/worker_r1_latest.pt
[CRSM_CORRECTED] repeat=1 scope=internal_cv fold=6 epoch=40/149 train_loss=0.105680 val_bce=0.650268 best=N best_epoch=0 asd_mass=(0.4946,0.5054) hc_mass=(0.5000,0.5000) delta_l2=(0.450180,0.449874) epoch_seconds=0.33
CHECKPOINT_LATEST repeat=1 scope=internal_cv fold=6 phase=crsm_corrected epoch=50 path=/data/adodas/VarCoNet-V2-main/xiaolunwen/experiment1c/checkpoints/worker_r1_latest.pt
[CRSM_CORRECTED] repeat=1 scope=internal_cv fold=6 epoch=50/149 train_loss=0.098758 val_bce=0.666736 best=N best_epoch=0 asd_mass=(0.4912,0.5088) hc_mass=(0.5000,0.5000) delta_l2=(0.534819,0.534300) epoch_seconds=0.29
CHECKPOINT_LATEST repeat=1 scope=internal_cv fold=6 phase=crsm_corrected epoch=60 path=/data/adodas/VarCoNet-V2-main/xiaolunwen/experiment1c/checkpoints/worker_r1_latest.pt
[CRSM_CORRECTED] repeat=1 scope=internal_cv fold=6 epoch=60/149 train_loss=0.093685 val_bce=0.682828 best=N best_epoch=0 asd_mass=(0.4867,0.5133) hc_mass=(0.5000,0.5000) delta_l2=(0.610079,0.609244) epoch_seconds=0.73
CHECKPOINT_LATEST repeat=1 scope=internal_cv fold=6 phase=crsm_corrected epoch=70 path=/data/adodas/VarCoNet-V2-main/xiaolunwen/experiment1c/checkpoints/worker_r1_latest.pt
[CRSM_CORRECTED] repeat=1 scope=internal_cv fold=6 epoch=70/149 train_loss=0.089868 val_bce=0.698420 best=N best_epoch=0 asd_mass=(0.4813,0.5187) hc_mass=(0.5000,0.5000) delta_l2=(0.677341,0.675968) epoch_seconds=0.43
CHECKPOINT_LATEST repeat=1 scope=internal_cv fold=6 phase=crsm_corrected epoch=80 path=/data/adodas/VarCoNet-V2-main/xiaolunwen/experiment1c/checkpoints/worker_r1_latest.pt
[CRSM_CORRECTED] repeat=1 scope=internal_cv fold=6 epoch=80/149 train_loss=0.086905 val_bce=0.713688 best=N best_epoch=0 asd_mass=(0.4753,0.5247) hc_mass=(0.5000,0.5000) delta_l2=(0.738061,0.735776) epoch_seconds=0.26
CHECKPOINT_LATEST repeat=1 scope=internal_cv fold=6 phase=crsm_corrected epoch=90 path=/data/adodas/VarCoNet-V2-main/xiaolunwen/experiment1c/checkpoints/worker_r1_latest.pt
[CRSM_CORRECTED] repeat=1 scope=internal_cv fold=6 epoch=90/149 train_loss=0.084534 val_bce=0.728712 best=N best_epoch=0 asd_mass=(0.4695,0.5305) hc_mass=(0.5000,0.5000) delta_l2=(0.793565,0.789915) epoch_seconds=0.36
CHECKPOINT_LATEST repeat=1 scope=internal_cv fold=6 phase=crsm_corrected epoch=100 path=/data/adodas/VarCoNet-V2-main/xiaolunwen/experiment1c/checkpoints/worker_r1_latest.pt
[CRSM_CORRECTED] repeat=1 scope=internal_cv fold=6 epoch=100/149 train_loss=0.082590 val_bce=0.743504 best=N best_epoch=0 asd_mass=(0.4643,0.5357) hc_mass=(0.5000,0.5000) delta_l2=(0.844904,0.839442) epoch_seconds=0.42
CHECKPOINT_LATEST repeat=1 scope=internal_cv fold=6 phase=crsm_corrected epoch=110 path=/data/adodas/VarCoNet-V2-main/xiaolunwen/experiment1c/checkpoints/worker_r1_latest.pt
[CRSM_CORRECTED] repeat=1 scope=internal_cv fold=6 epoch=110/149 train_loss=0.080975 val_bce=0.758022 best=N best_epoch=0 asd_mass=(0.4602,0.5398) hc_mass=(0.5000,0.5000) delta_l2=(0.892807,0.885134) epoch_seconds=0.45
CHECKPOINT_LATEST repeat=1 scope=internal_cv fold=6 phase=crsm_corrected epoch=120 path=/data/adodas/VarCoNet-V2-main/xiaolunwen/experiment1c/checkpoints/worker_r1_latest.pt
[CRSM_CORRECTED] repeat=1 scope=internal_cv fold=6 epoch=120/149 train_loss=0.079625 val_bce=0.772183 best=N best_epoch=0 asd_mass=(0.4572,0.5428) hc_mass=(0.5000,0.5000) delta_l2=(0.937722,0.927495) epoch_seconds=0.62
CHECKPOINT_LATEST repeat=1 scope=internal_cv fold=6 phase=crsm_corrected epoch=130 path=/data/adodas/VarCoNet-V2-main/xiaolunwen/experiment1c/checkpoints/worker_r1_latest.pt
[CRSM_CORRECTED] repeat=1 scope=internal_cv fold=6 epoch=130/149 train_loss=0.078497 val_bce=0.785931 best=N best_epoch=0 asd_mass=(0.4551,0.5449) hc_mass=(0.5000,0.5000) delta_l2=(0.979916,0.966849) epoch_seconds=0.71
CHECKPOINT_LATEST repeat=1 scope=internal_cv fold=6 phase=crsm_corrected epoch=140 path=/data/adodas/VarCoNet-V2-main/xiaolunwen/experiment1c/checkpoints/worker_r1_latest.pt
[CRSM_CORRECTED] repeat=1 scope=internal_cv fold=6 epoch=140/149 train_loss=0.077554 val_bce=0.799204 best=N best_epoch=0 asd_mass=(0.4538,0.5462) hc_mass=(0.5000,0.5000) delta_l2=(1.019566,1.003434) epoch_seconds=0.30
CHECKPOINT_LATEST repeat=1 scope=internal_cv fold=6 phase=crsm_corrected epoch=149 path=/data/adodas/VarCoNet-V2-main/xiaolunwen/experiment1c/checkpoints/worker_r1_latest.pt
[CRSM_CORRECTED] repeat=1 scope=internal_cv fold=6 epoch=149/149 train_loss=0.076835 val_bce=0.810724 best=N best_epoch=0 asd_mass=(0.4531,0.5469) hc_mass=(0.5000,0.5000) delta_l2=(1.053199,1.034177) epoch_seconds=0.80
[SNDE_NORMATIVE] repeat=1 scope=internal_cv fold=6 n_unique_asd=357 n_unique_hc=317 roi_dim=384 std_floor=0.001240765 pc1_explained_fraction=0.199122 hc_score_mean_before_norm=-7.22025e-08 hc_score_std_before_norm=7.17168 asd_positive_fraction=0.1513 asd_negative_fraction=0.0028 asd_generalist_fraction=0.8459 hc_positive_fraction=0.1009 hc_negative_fraction=0.0000 hc_generalist_fraction=0.8991
[SNDE_ZERO_BASELINE] repeat=1 scope=internal_cv fold=6 epoch=0 exact_zero=Y val_bce=0.601949 probability_max_abs=5.96e-08
CHECKPOINT_BEST repeat=1 scope=internal_cv fold=6 phase=snde epoch=0 path=/data/adodas/VarCoNet-V2-main/xiaolunwen/experiment1c/checkpoints/worker_r1_best.pt
CHECKPOINT_LATEST repeat=1 scope=internal_cv fold=6 phase=snde epoch=0 path=/data/adodas/VarCoNet-V2-main/xiaolunwen/experiment1c/checkpoints/worker_r1_latest.pt
CHECKPOINT_BEST repeat=1 scope=internal_cv fold=6 phase=snde epoch=2 path=/data/adodas/VarCoNet-V2-main/xiaolunwen/experiment1c/checkpoints/worker_r1_best.pt
CHECKPOINT_LATEST repeat=1 scope=internal_cv fold=6 phase=snde epoch=2 path=/data/adodas/VarCoNet-V2-main/xiaolunwen/experiment1c/checkpoints/worker_r1_latest.pt
[SNDE] repeat=1 scope=internal_cv fold=6 epoch=2/149 train_bce=0.172107 val_bce=0.597478 best=Y best_epoch=2 asd_gate=(+0.151,-0.003,g0.846) hc_gate=(+0.101,-0.000,g0.899) pos_weight_l2=0.027688 neg_weight_l2=0.039038 mean_abs_pos_correction=0.035911 mean_abs_neg_correction=0.000046 elapsed_seconds=1.12
CHECKPOINT_BEST repeat=1 scope=internal_cv fold=6 phase=snde epoch=3 path=/data/adodas/VarCoNet-V2-main/xiaolunwen/experiment1c/checkpoints/worker_r1_best.pt
CHECKPOINT_LATEST repeat=1 scope=internal_cv fold=6 phase=snde epoch=3 path=/data/adodas/VarCoNet-V2-main/xiaolunwen/experiment1c/checkpoints/worker_r1_latest.pt
[SNDE] repeat=1 scope=internal_cv fold=6 epoch=3/149 train_bce=0.170777 val_bce=0.595718 best=Y best_epoch=3 asd_gate=(+0.151,-0.003,g0.846) hc_gate=(+0.101,-0.000,g0.899) pos_weight_l2=0.037046 neg_weight_l2=0.058535 mean_abs_pos_correction=0.045591 mean_abs_neg_correction=0.000068 elapsed_seconds=1.08
CHECKPOINT_LATEST repeat=1 scope=internal_cv fold=6 phase=snde epoch=10 path=/data/adodas/VarCoNet-V2-main/xiaolunwen/experiment1c/checkpoints/worker_r1_latest.pt
[SNDE] repeat=1 scope=internal_cv fold=6 epoch=10/149 train_bce=0.168089 val_bce=0.610672 best=N best_epoch=3 asd_gate=(+0.151,-0.003,g0.846) hc_gate=(+0.101,-0.000,g0.899) pos_weight_l2=0.088961 neg_weight_l2=0.194108 mean_abs_pos_correction=0.145380 mean_abs_neg_correction=0.000227 elapsed_seconds=0.41
CHECKPOINT_LATEST repeat=1 scope=internal_cv fold=6 phase=snde epoch=20 path=/data/adodas/VarCoNet-V2-main/xiaolunwen/experiment1c/checkpoints/worker_r1_latest.pt
[SNDE] repeat=1 scope=internal_cv fold=6 epoch=20/149 train_bce=0.165974 val_bce=0.603485 best=N best_epoch=3 asd_gate=(+0.151,-0.003,g0.846) hc_gate=(+0.101,-0.000,g0.899) pos_weight_l2=0.145222 neg_weight_l2=0.383368 mean_abs_pos_correction=0.173958 mean_abs_neg_correction=0.000448 elapsed_seconds=0.45
CHECKPOINT_LATEST repeat=1 scope=internal_cv fold=6 phase=snde epoch=30 path=/data/adodas/VarCoNet-V2-main/xiaolunwen/experiment1c/checkpoints/worker_r1_latest.pt
[SNDE] repeat=1 scope=internal_cv fold=6 epoch=30/149 train_bce=0.164831 val_bce=0.614345 best=N best_epoch=3 asd_gate=(+0.151,-0.003,g0.846) hc_gate=(+0.101,-0.000,g0.899) pos_weight_l2=0.191543 neg_weight_l2=0.564796 mean_abs_pos_correction=0.218494 mean_abs_neg_correction=0.000659 elapsed_seconds=0.36
CHECKPOINT_LATEST repeat=1 scope=internal_cv fold=6 phase=snde epoch=40 path=/data/adodas/VarCoNet-V2-main/xiaolunwen/experiment1c/checkpoints/worker_r1_latest.pt
[SNDE] repeat=1 scope=internal_cv fold=6 epoch=40/149 train_bce=0.164115 val_bce=0.615041 best=N best_epoch=3 asd_gate=(+0.151,-0.003,g0.846) hc_gate=(+0.101,-0.000,g0.899) pos_weight_l2=0.229965 neg_weight_l2=0.736870 mean_abs_pos_correction=0.231644 mean_abs_neg_correction=0.000856 elapsed_seconds=0.52
CHECKPOINT_LATEST repeat=1 scope=internal_cv fold=6 phase=snde epoch=50 path=/data/adodas/VarCoNet-V2-main/xiaolunwen/experiment1c/checkpoints/worker_r1_latest.pt
[SNDE] repeat=1 scope=internal_cv fold=6 epoch=50/149 train_bce=0.163597 val_bce=0.617626 best=N best_epoch=3 asd_gate=(+0.151,-0.003,g0.846) hc_gate=(+0.101,-0.000,g0.899) pos_weight_l2=0.263730 neg_weight_l2=0.899289 mean_abs_pos_correction=0.254739 mean_abs_neg_correction=0.001041 elapsed_seconds=0.37
CHECKPOINT_LATEST repeat=1 scope=internal_cv fold=6 phase=snde epoch=60 path=/data/adodas/VarCoNet-V2-main/xiaolunwen/experiment1c/checkpoints/worker_r1_latest.pt
[SNDE] repeat=1 scope=internal_cv fold=6 epoch=60/149 train_bce=0.163182 val_bce=0.619950 best=N best_epoch=3 asd_gate=(+0.151,-0.003,g0.846) hc_gate=(+0.101,-0.000,g0.899) pos_weight_l2=0.294433 neg_weight_l2=1.052411 mean_abs_pos_correction=0.268528 mean_abs_neg_correction=0.001214 elapsed_seconds=0.38
CHECKPOINT_LATEST repeat=1 scope=internal_cv fold=6 phase=snde epoch=70 path=/data/adodas/VarCoNet-V2-main/xiaolunwen/experiment1c/checkpoints/worker_r1_latest.pt
[SNDE] repeat=1 scope=internal_cv fold=6 epoch=70/149 train_bce=0.162832 val_bce=0.622569 best=N best_epoch=3 asd_gate=(+0.151,-0.003,g0.846) hc_gate=(+0.101,-0.000,g0.899) pos_weight_l2=0.323682 neg_weight_l2=1.196924 mean_abs_pos_correction=0.282554 mean_abs_neg_correction=0.001375 elapsed_seconds=0.60
CHECKPOINT_LATEST repeat=1 scope=internal_cv fold=6 phase=snde epoch=80 path=/data/adodas/VarCoNet-V2-main/xiaolunwen/experiment1c/checkpoints/worker_r1_latest.pt
[SNDE] repeat=1 scope=internal_cv fold=6 epoch=80/149 train_bce=0.162523 val_bce=0.625437 best=N best_epoch=3 asd_gate=(+0.151,-0.003,g0.846) hc_gate=(+0.101,-0.000,g0.899) pos_weight_l2=0.352115 neg_weight_l2=1.333603 mean_abs_pos_correction=0.296028 mean_abs_neg_correction=0.001526 elapsed_seconds=0.73
CHECKPOINT_LATEST repeat=1 scope=internal_cv fold=6 phase=snde epoch=90 path=/data/adodas/VarCoNet-V2-main/xiaolunwen/experiment1c/checkpoints/worker_r1_latest.pt
[SNDE] repeat=1 scope=internal_cv fold=6 epoch=90/149 train_bce=0.162247 val_bce=0.628553 best=N best_epoch=3 asd_gate=(+0.151,-0.003,g0.846) hc_gate=(+0.101,-0.000,g0.899) pos_weight_l2=0.380020 neg_weight_l2=1.463197 mean_abs_pos_correction=0.307373 mean_abs_neg_correction=0.001668 elapsed_seconds=0.55
CHECKPOINT_LATEST repeat=1 scope=internal_cv fold=6 phase=snde epoch=100 path=/data/adodas/VarCoNet-V2-main/xiaolunwen/experiment1c/checkpoints/worker_r1_latest.pt
[SNDE] repeat=1 scope=internal_cv fold=6 epoch=100/149 train_bce=0.161996 val_bce=0.631572 best=N best_epoch=3 asd_gate=(+0.151,-0.003,g0.846) hc_gate=(+0.101,-0.000,g0.899) pos_weight_l2=0.407601 neg_weight_l2=1.586377 mean_abs_pos_correction=0.319766 mean_abs_neg_correction=0.001803 elapsed_seconds=0.84
CHECKPOINT_LATEST repeat=1 scope=internal_cv fold=6 phase=snde epoch=110 path=/data/adodas/VarCoNet-V2-main/xiaolunwen/experiment1c/checkpoints/worker_r1_latest.pt
[SNDE] repeat=1 scope=internal_cv fold=6 epoch=110/149 train_bce=0.161767 val_bce=0.634641 best=N best_epoch=3 asd_gate=(+0.151,-0.003,g0.846) hc_gate=(+0.101,-0.000,g0.899) pos_weight_l2=0.434899 neg_weight_l2=1.703737 mean_abs_pos_correction=0.331276 mean_abs_neg_correction=0.001930 elapsed_seconds=0.69
CHECKPOINT_LATEST repeat=1 scope=internal_cv fold=6 phase=snde epoch=120 path=/data/adodas/VarCoNet-V2-main/xiaolunwen/experiment1c/checkpoints/worker_r1_latest.pt
[SNDE] repeat=1 scope=internal_cv fold=6 epoch=120/149 train_bce=0.161555 val_bce=0.637769 best=N best_epoch=3 asd_gate=(+0.151,-0.003,g0.846) hc_gate=(+0.101,-0.000,g0.899) pos_weight_l2=0.461940 neg_weight_l2=1.815796 mean_abs_pos_correction=0.342622 mean_abs_neg_correction=0.002051 elapsed_seconds=0.70
CHECKPOINT_LATEST repeat=1 scope=internal_cv fold=6 phase=snde epoch=130 path=/data/adodas/VarCoNet-V2-main/xiaolunwen/experiment1c/checkpoints/worker_r1_latest.pt
[SNDE] repeat=1 scope=internal_cv fold=6 epoch=130/149 train_bce=0.161358 val_bce=0.640885 best=N best_epoch=3 asd_gate=(+0.151,-0.003,g0.846) hc_gate=(+0.101,-0.000,g0.899) pos_weight_l2=0.488744 neg_weight_l2=1.923006 mean_abs_pos_correction=0.353804 mean_abs_neg_correction=0.002166 elapsed_seconds=0.75
CHECKPOINT_LATEST repeat=1 scope=internal_cv fold=6 phase=snde epoch=140 path=/data/adodas/VarCoNet-V2-main/xiaolunwen/experiment1c/checkpoints/worker_r1_latest.pt
[SNDE] repeat=1 scope=internal_cv fold=6 epoch=140/149 train_bce=0.161176 val_bce=0.643986 best=N best_epoch=3 asd_gate=(+0.151,-0.003,g0.846) hc_gate=(+0.101,-0.000,g0.899) pos_weight_l2=0.515311 neg_weight_l2=2.025767 mean_abs_pos_correction=0.364581 mean_abs_neg_correction=0.002276 elapsed_seconds=0.58
CHECKPOINT_LATEST repeat=1 scope=internal_cv fold=6 phase=snde epoch=149 path=/data/adodas/VarCoNet-V2-main/xiaolunwen/experiment1c/checkpoints/worker_r1_latest.pt
[SNDE] repeat=1 scope=internal_cv fold=6 epoch=149/149 train_bce=0.161021 val_bce=0.646740 best=N best_epoch=3 asd_gate=(+0.151,-0.003,g0.846) hc_gate=(+0.101,-0.000,g0.899) pos_weight_l2=0.539012 neg_weight_l2=2.114739 mean_abs_pos_correction=0.374130 mean_abs_neg_correction=0.002370 elapsed_seconds=0.69
TASK_TRAINING_DONE repeat=1 scope=internal_cv fold=6 base_encoder_epoch=46 base_classifier_epoch=51 base_val_bce=0.601949 crsm_epoch=0 crsm_val_bce=0.601949 snde_epoch=3 snde_val_bce=0.595718 elapsed_minutes=4.4
TASK_DONE repeat=1 scope=internal_fold fold=6 method=baseline selected_encoder_epoch=46 test_auc=0.695381 test_bce=0.617672 elapsed_minutes=4.4
TASK_DONE repeat=1 scope=internal_fold fold=6 method=crsm_corrected selected_encoder_epoch=46 test_auc=0.695381 test_bce=0.617672 elapsed_minutes=4.4
TASK_DONE repeat=1 scope=internal_fold fold=6 method=selective_normative_deviation_experts selected_encoder_epoch=46 test_auc=0.660612 test_bce=0.644094 elapsed_minutes=4.4
TASK_START repeat=1 scope=internal_cv fold=7 seed=100107 device=cuda:0 methods=baseline,crsm_corrected,selective_normative_deviation_experts shared_encoder=Y reference_unique_n=674 train_n=750 val_n=120
CHECKPOINT_BEST repeat=1 scope=internal_cv fold=7 phase=ssl epoch=1 path=/data/adodas/VarCoNet-V2-main/xiaolunwen/experiment1c/checkpoints/worker_r1_best.pt
[SSL] repeat=1 scope=internal_cv fold=7 epoch=1/50 ssl_loss=0.186003 lr=0.000024107 base_val_bce=0.667171 base_best=Y base_cls_epoch=10 epoch_seconds=4.7 task_elapsed_minutes=0.1 gpu_alloc_gb=0.318 gpu_reserved_gb=1.744
CHECKPOINT_BEST repeat=1 scope=internal_cv fold=7 phase=ssl epoch=2 path=/data/adodas/VarCoNet-V2-main/xiaolunwen/experiment1c/checkpoints/worker_r1_best.pt
[SSL] repeat=1 scope=internal_cv fold=7 epoch=2/50 ssl_loss=0.154483 lr=0.000038214 base_val_bce=0.667121 base_best=Y base_cls_epoch=6 epoch_seconds=5.2 task_elapsed_minutes=0.2 gpu_alloc_gb=0.317 gpu_reserved_gb=2.008
[SSL] repeat=1 scope=internal_cv fold=7 epoch=3/50 ssl_loss=0.115268 lr=0.000052321 base_val_bce=0.683867 base_best=N base_cls_epoch=5 epoch_seconds=4.2 task_elapsed_minutes=0.2 gpu_alloc_gb=0.318 gpu_reserved_gb=1.744
[SSL] repeat=1 scope=internal_cv fold=7 epoch=4/50 ssl_loss=0.097777 lr=0.000066427 base_val_bce=0.669301 base_best=N base_cls_epoch=7 epoch_seconds=4.0 task_elapsed_minutes=0.3 gpu_alloc_gb=0.317 gpu_reserved_gb=2.008
CHECKPOINT_BEST repeat=1 scope=internal_cv fold=7 phase=ssl epoch=5 path=/data/adodas/VarCoNet-V2-main/xiaolunwen/experiment1c/checkpoints/worker_r1_best.pt
[SSL] repeat=1 scope=internal_cv fold=7 epoch=5/50 ssl_loss=0.094418 lr=0.000080534 base_val_bce=0.663696 base_best=Y base_cls_epoch=6 epoch_seconds=7.2 task_elapsed_minutes=0.4 gpu_alloc_gb=0.318 gpu_reserved_gb=1.744
[SSL] repeat=1 scope=internal_cv fold=7 epoch=6/50 ssl_loss=0.081217 lr=0.000094641 base_val_bce=0.668608 base_best=N base_cls_epoch=9 epoch_seconds=8.1 task_elapsed_minutes=0.6 gpu_alloc_gb=0.317 gpu_reserved_gb=2.008
[SSL] repeat=1 scope=internal_cv fold=7 epoch=7/50 ssl_loss=0.086723 lr=0.000108748 base_val_bce=0.675023 base_best=N base_cls_epoch=6 epoch_seconds=5.9 task_elapsed_minutes=0.7 gpu_alloc_gb=0.318 gpu_reserved_gb=1.744
[SSL] repeat=1 scope=internal_cv fold=7 epoch=8/50 ssl_loss=0.066057 lr=0.000122855 base_val_bce=0.668639 base_best=N base_cls_epoch=7 epoch_seconds=8.1 task_elapsed_minutes=0.8 gpu_alloc_gb=0.317 gpu_reserved_gb=2.008
[SSL] repeat=1 scope=internal_cv fold=7 epoch=9/50 ssl_loss=0.067846 lr=0.000136962 base_val_bce=0.665758 base_best=N base_cls_epoch=6 epoch_seconds=6.1 task_elapsed_minutes=0.9 gpu_alloc_gb=0.318 gpu_reserved_gb=1.744
CHECKPOINT_BEST repeat=1 scope=internal_cv fold=7 phase=ssl epoch=10 path=/data/adodas/VarCoNet-V2-main/xiaolunwen/experiment1c/checkpoints/worker_r1_best.pt
CHECKPOINT_LATEST repeat=1 scope=internal_cv fold=7 phase=ssl epoch=10 path=/data/adodas/VarCoNet-V2-main/xiaolunwen/experiment1c/checkpoints/worker_r1_latest.pt
[SSL] repeat=1 scope=internal_cv fold=7 epoch=10/50 ssl_loss=0.074270 lr=0.000136962 base_val_bce=0.661076 base_best=Y base_cls_epoch=7 epoch_seconds=9.2 task_elapsed_minutes=1.1 gpu_alloc_gb=0.317 gpu_reserved_gb=2.008
[SSL] repeat=1 scope=internal_cv fold=7 epoch=11/50 ssl_loss=0.072263 lr=0.000136751 base_val_bce=0.672854 base_best=N base_cls_epoch=7 epoch_seconds=8.2 task_elapsed_minutes=1.2 gpu_alloc_gb=0.318 gpu_reserved_gb=1.744
[SSL] repeat=1 scope=internal_cv fold=7 epoch=12/50 ssl_loss=0.070674 lr=0.000136119 base_val_bce=0.674646 base_best=N base_cls_epoch=7 epoch_seconds=6.2 task_elapsed_minutes=1.3 gpu_alloc_gb=0.317 gpu_reserved_gb=2.008
CHECKPOINT_BEST repeat=1 scope=internal_cv fold=7 phase=ssl epoch=13 path=/data/adodas/VarCoNet-V2-main/xiaolunwen/experiment1c/checkpoints/worker_r1_best.pt
[SSL] repeat=1 scope=internal_cv fold=7 epoch=13/50 ssl_loss=0.057682 lr=0.000135070 base_val_bce=0.658846 base_best=Y base_cls_epoch=8 epoch_seconds=11.6 task_elapsed_minutes=1.5 gpu_alloc_gb=0.318 gpu_reserved_gb=1.744
[SSL] repeat=1 scope=internal_cv fold=7 epoch=14/50 ssl_loss=0.067312 lr=0.000133610 base_val_bce=0.671493 base_best=N base_cls_epoch=8 epoch_seconds=3.5 task_elapsed_minutes=1.6 gpu_alloc_gb=0.317 gpu_reserved_gb=2.008
[SSL] repeat=1 scope=internal_cv fold=7 epoch=15/50 ssl_loss=0.059745 lr=0.000131749 base_val_bce=0.667742 base_best=N base_cls_epoch=8 epoch_seconds=3.4 task_elapsed_minutes=1.6 gpu_alloc_gb=0.318 gpu_reserved_gb=1.744
[SSL] repeat=1 scope=internal_cv fold=7 epoch=16/50 ssl_loss=0.054482 lr=0.000129498 base_val_bce=0.667304 base_best=N base_cls_epoch=9 epoch_seconds=3.2 task_elapsed_minutes=1.7 gpu_alloc_gb=0.317 gpu_reserved_gb=2.008
[SSL] repeat=1 scope=internal_cv fold=7 epoch=17/50 ssl_loss=0.046680 lr=0.000126870 base_val_bce=0.665058 base_best=N base_cls_epoch=8 epoch_seconds=3.5 task_elapsed_minutes=1.7 gpu_alloc_gb=0.318 gpu_reserved_gb=1.744
[SSL] repeat=1 scope=internal_cv fold=7 epoch=18/50 ssl_loss=0.052735 lr=0.000123883 base_val_bce=0.667552 base_best=N base_cls_epoch=7 epoch_seconds=5.9 task_elapsed_minutes=1.8 gpu_alloc_gb=0.317 gpu_reserved_gb=2.008
[SSL] repeat=1 scope=internal_cv fold=7 epoch=19/50 ssl_loss=0.063822 lr=0.000120554 base_val_bce=0.676689 base_best=N base_cls_epoch=9 epoch_seconds=5.9 task_elapsed_minutes=1.9 gpu_alloc_gb=0.318 gpu_reserved_gb=1.744
CHECKPOINT_LATEST repeat=1 scope=internal_cv fold=7 phase=ssl epoch=20 path=/data/adodas/VarCoNet-V2-main/xiaolunwen/experiment1c/checkpoints/worker_r1_latest.pt
[SSL] repeat=1 scope=internal_cv fold=7 epoch=20/50 ssl_loss=0.046223 lr=0.000116904 base_val_bce=0.660969 base_best=N base_cls_epoch=7 epoch_seconds=5.0 task_elapsed_minutes=2.0 gpu_alloc_gb=0.317 gpu_reserved_gb=2.008
[SSL] repeat=1 scope=internal_cv fold=7 epoch=21/50 ssl_loss=0.048151 lr=0.000112956 base_val_bce=0.661281 base_best=N base_cls_epoch=8 epoch_seconds=3.8 task_elapsed_minutes=2.1 gpu_alloc_gb=0.318 gpu_reserved_gb=1.744
[SSL] repeat=1 scope=internal_cv fold=7 epoch=22/50 ssl_loss=0.048908 lr=0.000108733 base_val_bce=0.671895 base_best=N base_cls_epoch=8 epoch_seconds=3.8 task_elapsed_minutes=2.1 gpu_alloc_gb=0.317 gpu_reserved_gb=2.008
[SSL] repeat=1 scope=internal_cv fold=7 epoch=23/50 ssl_loss=0.063946 lr=0.000104262 base_val_bce=0.663708 base_best=N base_cls_epoch=7 epoch_seconds=3.8 task_elapsed_minutes=2.2 gpu_alloc_gb=0.318 gpu_reserved_gb=1.744
[SSL] repeat=1 scope=internal_cv fold=7 epoch=24/50 ssl_loss=0.046388 lr=0.000099570 base_val_bce=0.673521 base_best=N base_cls_epoch=8 epoch_seconds=3.7 task_elapsed_minutes=2.3 gpu_alloc_gb=0.317 gpu_reserved_gb=2.008
[SSL] repeat=1 scope=internal_cv fold=7 epoch=25/50 ssl_loss=0.049615 lr=0.000094687 base_val_bce=0.673980 base_best=N base_cls_epoch=8 epoch_seconds=3.8 task_elapsed_minutes=2.3 gpu_alloc_gb=0.318 gpu_reserved_gb=1.744
[SSL] repeat=1 scope=internal_cv fold=7 epoch=26/50 ssl_loss=0.054192 lr=0.000089643 base_val_bce=0.670398 base_best=N base_cls_epoch=8 epoch_seconds=3.7 task_elapsed_minutes=2.4 gpu_alloc_gb=0.317 gpu_reserved_gb=2.008
[SSL] repeat=1 scope=internal_cv fold=7 epoch=27/50 ssl_loss=0.047409 lr=0.000084467 base_val_bce=0.664386 base_best=N base_cls_epoch=9 epoch_seconds=3.9 task_elapsed_minutes=2.5 gpu_alloc_gb=0.318 gpu_reserved_gb=1.744
[SSL] repeat=1 scope=internal_cv fold=7 epoch=28/50 ssl_loss=0.047727 lr=0.000079194 base_val_bce=0.663007 base_best=N base_cls_epoch=10 epoch_seconds=3.8 task_elapsed_minutes=2.5 gpu_alloc_gb=0.317 gpu_reserved_gb=2.008
[SSL] repeat=1 scope=internal_cv fold=7 epoch=29/50 ssl_loss=0.051279 lr=0.000073854 base_val_bce=0.668534 base_best=N base_cls_epoch=9 epoch_seconds=3.2 task_elapsed_minutes=2.6 gpu_alloc_gb=0.318 gpu_reserved_gb=1.744
CHECKPOINT_LATEST repeat=1 scope=internal_cv fold=7 phase=ssl epoch=30 path=/data/adodas/VarCoNet-V2-main/xiaolunwen/experiment1c/checkpoints/worker_r1_latest.pt
[SSL] repeat=1 scope=internal_cv fold=7 epoch=30/50 ssl_loss=0.065225 lr=0.000068481 base_val_bce=0.659186 base_best=N base_cls_epoch=7 epoch_seconds=3.8 task_elapsed_minutes=2.6 gpu_alloc_gb=0.317 gpu_reserved_gb=2.008
[SSL] repeat=1 scope=internal_cv fold=7 epoch=31/50 ssl_loss=0.050142 lr=0.000063108 base_val_bce=0.672558 base_best=N base_cls_epoch=8 epoch_seconds=3.8 task_elapsed_minutes=2.7 gpu_alloc_gb=0.318 gpu_reserved_gb=1.744
[SSL] repeat=1 scope=internal_cv fold=7 epoch=32/50 ssl_loss=0.049994 lr=0.000057768 base_val_bce=0.675641 base_best=N base_cls_epoch=8 epoch_seconds=5.6 task_elapsed_minutes=2.8 gpu_alloc_gb=0.317 gpu_reserved_gb=2.008
[SSL] repeat=1 scope=internal_cv fold=7 epoch=33/50 ssl_loss=0.039895 lr=0.000052494 base_val_bce=0.671866 base_best=N base_cls_epoch=8 epoch_seconds=5.4 task_elapsed_minutes=2.9 gpu_alloc_gb=0.318 gpu_reserved_gb=1.744
[SSL] repeat=1 scope=internal_cv fold=7 epoch=34/50 ssl_loss=0.039205 lr=0.000047319 base_val_bce=0.668124 base_best=N base_cls_epoch=12 epoch_seconds=5.1 task_elapsed_minutes=3.0 gpu_alloc_gb=0.317 gpu_reserved_gb=2.008
[SSL] repeat=1 scope=internal_cv fold=7 epoch=35/50 ssl_loss=0.047944 lr=0.000042274 base_val_bce=0.677017 base_best=N base_cls_epoch=8 epoch_seconds=3.3 task_elapsed_minutes=3.0 gpu_alloc_gb=0.318 gpu_reserved_gb=1.744
[SSL] repeat=1 scope=internal_cv fold=7 epoch=36/50 ssl_loss=0.036924 lr=0.000037391 base_val_bce=0.686773 base_best=N base_cls_epoch=8 epoch_seconds=9.1 task_elapsed_minutes=3.2 gpu_alloc_gb=0.317 gpu_reserved_gb=2.008
[SSL] repeat=1 scope=internal_cv fold=7 epoch=37/50 ssl_loss=0.041495 lr=0.000032700 base_val_bce=0.662544 base_best=N base_cls_epoch=7 epoch_seconds=6.1 task_elapsed_minutes=3.3 gpu_alloc_gb=0.318 gpu_reserved_gb=1.744
[SSL] repeat=1 scope=internal_cv fold=7 epoch=38/50 ssl_loss=0.039898 lr=0.000028229 base_val_bce=0.670603 base_best=N base_cls_epoch=9 epoch_seconds=8.2 task_elapsed_minutes=3.4 gpu_alloc_gb=0.317 gpu_reserved_gb=2.008
[SSL] repeat=1 scope=internal_cv fold=7 epoch=39/50 ssl_loss=0.039734 lr=0.000024006 base_val_bce=0.663770 base_best=N base_cls_epoch=8 epoch_seconds=6.1 task_elapsed_minutes=3.6 gpu_alloc_gb=0.318 gpu_reserved_gb=1.744
CHECKPOINT_LATEST repeat=1 scope=internal_cv fold=7 phase=ssl epoch=40 path=/data/adodas/VarCoNet-V2-main/xiaolunwen/experiment1c/checkpoints/worker_r1_latest.pt
[SSL] repeat=1 scope=internal_cv fold=7 epoch=40/50 ssl_loss=0.039501 lr=0.000020058 base_val_bce=0.680879 base_best=N base_cls_epoch=8 epoch_seconds=8.7 task_elapsed_minutes=3.7 gpu_alloc_gb=0.317 gpu_reserved_gb=2.008
[SSL] repeat=1 scope=internal_cv fold=7 epoch=41/50 ssl_loss=0.041074 lr=0.000016408 base_val_bce=0.676634 base_best=N base_cls_epoch=9 epoch_seconds=6.4 task_elapsed_minutes=3.8 gpu_alloc_gb=0.318 gpu_reserved_gb=1.744
[SSL] repeat=1 scope=internal_cv fold=7 epoch=42/50 ssl_loss=0.045248 lr=0.000013079 base_val_bce=0.667108 base_best=N base_cls_epoch=7 epoch_seconds=8.1 task_elapsed_minutes=3.9 gpu_alloc_gb=0.317 gpu_reserved_gb=2.008
[SSL] repeat=1 scope=internal_cv fold=7 epoch=43/50 ssl_loss=0.045787 lr=0.000010091 base_val_bce=0.673308 base_best=N base_cls_epoch=8 epoch_seconds=6.3 task_elapsed_minutes=4.0 gpu_alloc_gb=0.318 gpu_reserved_gb=1.744
[SSL] repeat=1 scope=internal_cv fold=7 epoch=44/50 ssl_loss=0.048444 lr=0.000007464 base_val_bce=0.688830 base_best=N base_cls_epoch=12 epoch_seconds=4.6 task_elapsed_minutes=4.1 gpu_alloc_gb=0.317 gpu_reserved_gb=2.008
[SSL] repeat=1 scope=internal_cv fold=7 epoch=45/50 ssl_loss=0.035898 lr=0.000005213 base_val_bce=0.678823 base_best=N base_cls_epoch=7 epoch_seconds=3.7 task_elapsed_minutes=4.2 gpu_alloc_gb=0.318 gpu_reserved_gb=1.744
[SSL] repeat=1 scope=internal_cv fold=7 epoch=46/50 ssl_loss=0.041064 lr=0.000003352 base_val_bce=0.671813 base_best=N base_cls_epoch=9 epoch_seconds=3.1 task_elapsed_minutes=4.2 gpu_alloc_gb=0.317 gpu_reserved_gb=2.008
[SSL] repeat=1 scope=internal_cv fold=7 epoch=47/50 ssl_loss=0.042445 lr=0.000001892 base_val_bce=0.676048 base_best=N base_cls_epoch=8 epoch_seconds=3.1 task_elapsed_minutes=4.3 gpu_alloc_gb=0.318 gpu_reserved_gb=1.744
[SSL] repeat=1 scope=internal_cv fold=7 epoch=48/50 ssl_loss=0.043065 lr=0.000000843 base_val_bce=0.668479 base_best=N base_cls_epoch=8 epoch_seconds=3.9 task_elapsed_minutes=4.4 gpu_alloc_gb=0.317 gpu_reserved_gb=2.008
[SSL] repeat=1 scope=internal_cv fold=7 epoch=49/50 ssl_loss=0.041879 lr=0.000000211 base_val_bce=0.678420 base_best=N base_cls_epoch=8 epoch_seconds=4.9 task_elapsed_minutes=4.4 gpu_alloc_gb=0.318 gpu_reserved_gb=1.744
CHECKPOINT_LATEST repeat=1 scope=internal_cv fold=7 phase=ssl epoch=50 path=/data/adodas/VarCoNet-V2-main/xiaolunwen/experiment1c/checkpoints/worker_r1_latest.pt
[SSL] repeat=1 scope=internal_cv fold=7 epoch=50/50 ssl_loss=0.039755 lr=0.000000000 base_val_bce=0.665112 base_best=N base_cls_epoch=8 epoch_seconds=6.2 task_elapsed_minutes=4.5 gpu_alloc_gb=0.317 gpu_reserved_gb=2.008
[CRSM_ZERO_BASELINE] repeat=1 scope=internal_cv fold=7 epoch=0 exact_zero=Y val_bce=0.658846 probability_max_abs=5.96e-08
CHECKPOINT_LATEST repeat=1 scope=internal_cv fold=7 phase=crsm_corrected epoch=0 path=/data/adodas/VarCoNet-V2-main/xiaolunwen/experiment1c/checkpoints/worker_r1_latest.pt
CHECKPOINT_BEST repeat=1 scope=internal_cv fold=7 phase=crsm_corrected epoch=0 path=/data/adodas/VarCoNet-V2-main/xiaolunwen/experiment1c/checkpoints/worker_r1_best.pt
CHECKPOINT_BEST repeat=1 scope=internal_cv fold=7 phase=crsm_corrected epoch=0 path=/data/adodas/VarCoNet-V2-main/xiaolunwen/experiment1c/checkpoints/worker_r1_best.pt
CHECKPOINT_LATEST repeat=1 scope=internal_cv fold=7 phase=crsm_corrected epoch=0 path=/data/adodas/VarCoNet-V2-main/xiaolunwen/experiment1c/checkpoints/worker_r1_latest.pt
[CRSM_SYMMETRY_START] repeat=1 scope=internal_cv fold=7 after_exact_zero=Y pca_unit_norm=1.00000000 pca_singular=147.068314 symmetry_scale=0.000904285582
CHECKPOINT_LATEST repeat=1 scope=internal_cv fold=7 phase=crsm_corrected epoch=10 path=/data/adodas/VarCoNet-V2-main/xiaolunwen/experiment1c/checkpoints/worker_r1_latest.pt
[CRSM_CORRECTED] repeat=1 scope=internal_cv fold=7 epoch=10/149 train_loss=0.442610 val_bce=0.672779 best=N best_epoch=0 asd_mass=(0.5027,0.4973) hc_mass=(0.5000,0.5000) delta_l2=(0.130138,0.129484) epoch_seconds=1.31
CHECKPOINT_LATEST repeat=1 scope=internal_cv fold=7 phase=crsm_corrected epoch=20 path=/data/adodas/VarCoNet-V2-main/xiaolunwen/experiment1c/checkpoints/worker_r1_latest.pt
[CRSM_CORRECTED] repeat=1 scope=internal_cv fold=7 epoch=20/149 train_loss=0.384658 val_bce=0.694951 best=N best_epoch=0 asd_mass=(0.5040,0.4960) hc_mass=(0.5000,0.5000) delta_l2=(0.245851,0.245216) epoch_seconds=0.40
CHECKPOINT_LATEST repeat=1 scope=internal_cv fold=7 phase=crsm_corrected epoch=30 path=/data/adodas/VarCoNet-V2-main/xiaolunwen/experiment1c/checkpoints/worker_r1_latest.pt
[CRSM_CORRECTED] repeat=1 scope=internal_cv fold=7 epoch=30/149 train_loss=0.345859 val_bce=0.716785 best=N best_epoch=0 asd_mass=(0.5059,0.4941) hc_mass=(0.5000,0.5000) delta_l2=(0.347611,0.346933) epoch_seconds=0.51
CHECKPOINT_LATEST repeat=1 scope=internal_cv fold=7 phase=crsm_corrected epoch=40 path=/data/adodas/VarCoNet-V2-main/xiaolunwen/experiment1c/checkpoints/worker_r1_latest.pt
[CRSM_CORRECTED] repeat=1 scope=internal_cv fold=7 epoch=40/149 train_loss=0.319027 val_bce=0.738797 best=N best_epoch=0 asd_mass=(0.5087,0.4913) hc_mass=(0.5000,0.5000) delta_l2=(0.437026,0.436117) epoch_seconds=0.38
CHECKPOINT_LATEST repeat=1 scope=internal_cv fold=7 phase=crsm_corrected epoch=50 path=/data/adodas/VarCoNet-V2-main/xiaolunwen/experiment1c/checkpoints/worker_r1_latest.pt
[CRSM_CORRECTED] repeat=1 scope=internal_cv fold=7 epoch=50/149 train_loss=0.299902 val_bce=0.761071 best=N best_epoch=0 asd_mass=(0.5127,0.4873) hc_mass=(0.5000,0.5000) delta_l2=(0.516184,0.514772) epoch_seconds=0.50
CHECKPOINT_LATEST repeat=1 scope=internal_cv fold=7 phase=crsm_corrected epoch=60 path=/data/adodas/VarCoNet-V2-main/xiaolunwen/experiment1c/checkpoints/worker_r1_latest.pt
[CRSM_CORRECTED] repeat=1 scope=internal_cv fold=7 epoch=60/149 train_loss=0.285859 val_bce=0.782908 best=N best_epoch=0 asd_mass=(0.5179,0.4821) hc_mass=(0.5000,0.5000) delta_l2=(0.586930,0.584706) epoch_seconds=0.75
CHECKPOINT_LATEST repeat=1 scope=internal_cv fold=7 phase=crsm_corrected epoch=70 path=/data/adodas/VarCoNet-V2-main/xiaolunwen/experiment1c/checkpoints/worker_r1_latest.pt
[CRSM_CORRECTED] repeat=1 scope=internal_cv fold=7 epoch=70/149 train_loss=0.275247 val_bce=0.804031 best=N best_epoch=0 asd_mass=(0.5242,0.4758) hc_mass=(0.5000,0.5000) delta_l2=(0.650753,0.647370) epoch_seconds=0.49
CHECKPOINT_LATEST repeat=1 scope=internal_cv fold=7 phase=crsm_corrected epoch=80 path=/data/adodas/VarCoNet-V2-main/xiaolunwen/experiment1c/checkpoints/worker_r1_latest.pt
[CRSM_CORRECTED] repeat=1 scope=internal_cv fold=7 epoch=80/149 train_loss=0.267007 val_bce=0.824178 best=N best_epoch=0 asd_mass=(0.5309,0.4691) hc_mass=(0.5000,0.5000) delta_l2=(0.708813,0.703940) epoch_seconds=0.50
CHECKPOINT_LATEST repeat=1 scope=internal_cv fold=7 phase=crsm_corrected epoch=90 path=/data/adodas/VarCoNet-V2-main/xiaolunwen/experiment1c/checkpoints/worker_r1_latest.pt
[CRSM_CORRECTED] repeat=1 scope=internal_cv fold=7 epoch=90/149 train_loss=0.260450 val_bce=0.843433 best=N best_epoch=0 asd_mass=(0.5372,0.4628) hc_mass=(0.5000,0.5000) delta_l2=(0.761965,0.755430) epoch_seconds=0.29
CHECKPOINT_LATEST repeat=1 scope=internal_cv fold=7 phase=crsm_corrected epoch=100 path=/data/adodas/VarCoNet-V2-main/xiaolunwen/experiment1c/checkpoints/worker_r1_latest.pt
[CRSM_CORRECTED] repeat=1 scope=internal_cv fold=7 epoch=100/149 train_loss=0.255124 val_bce=0.862069 best=N best_epoch=0 asd_mass=(0.5426,0.4574) hc_mass=(0.5000,0.5000) delta_l2=(0.810846,0.802703) epoch_seconds=0.68
CHECKPOINT_LATEST repeat=1 scope=internal_cv fold=7 phase=crsm_corrected epoch=110 path=/data/adodas/VarCoNet-V2-main/xiaolunwen/experiment1c/checkpoints/worker_r1_latest.pt
[CRSM_CORRECTED] repeat=1 scope=internal_cv fold=7 epoch=110/149 train_loss=0.250728 val_bce=0.880041 best=N best_epoch=0 asd_mass=(0.5469,0.4531) hc_mass=(0.5000,0.5000) delta_l2=(0.855969,0.846462) epoch_seconds=0.61
CHECKPOINT_LATEST repeat=1 scope=internal_cv fold=7 phase=crsm_corrected epoch=120 path=/data/adodas/VarCoNet-V2-main/xiaolunwen/experiment1c/checkpoints/worker_r1_latest.pt
[CRSM_CORRECTED] repeat=1 scope=internal_cv fold=7 epoch=120/149 train_loss=0.247060 val_bce=0.897269 best=N best_epoch=0 asd_mass=(0.5502,0.4498) hc_mass=(0.5000,0.5000) delta_l2=(0.897763,0.887236) epoch_seconds=0.61
CHECKPOINT_LATEST repeat=1 scope=internal_cv fold=7 phase=crsm_corrected epoch=130 path=/data/adodas/VarCoNet-V2-main/xiaolunwen/experiment1c/checkpoints/worker_r1_latest.pt
[CRSM_CORRECTED] repeat=1 scope=internal_cv fold=7 epoch=130/149 train_loss=0.243975 val_bce=0.913784 best=N best_epoch=0 asd_mass=(0.5526,0.4474) hc_mass=(0.5000,0.5000) delta_l2=(0.936577,0.925408) epoch_seconds=0.35
CHECKPOINT_LATEST repeat=1 scope=internal_cv fold=7 phase=crsm_corrected epoch=140 path=/data/adodas/VarCoNet-V2-main/xiaolunwen/experiment1c/checkpoints/worker_r1_latest.pt
[CRSM_CORRECTED] repeat=1 scope=internal_cv fold=7 epoch=140/149 train_loss=0.241366 val_bce=0.929599 best=N best_epoch=0 asd_mass=(0.5544,0.4456) hc_mass=(0.5000,0.5000) delta_l2=(0.972711,0.961258) epoch_seconds=0.26
CHECKPOINT_LATEST repeat=1 scope=internal_cv fold=7 phase=crsm_corrected epoch=149 path=/data/adodas/VarCoNet-V2-main/xiaolunwen/experiment1c/checkpoints/worker_r1_latest.pt
[CRSM_CORRECTED] repeat=1 scope=internal_cv fold=7 epoch=149/149 train_loss=0.239354 val_bce=0.943249 best=N best_epoch=0 asd_mass=(0.5556,0.4444) hc_mass=(0.5000,0.5000) delta_l2=(1.003157,0.991712) epoch_seconds=0.66
[SNDE_NORMATIVE] repeat=1 scope=internal_cv fold=7 n_unique_asd=357 n_unique_hc=317 roi_dim=384 std_floor=0.0014536765 pc1_explained_fraction=0.207821 hc_score_mean_before_norm=9.627e-08 hc_score_std_before_norm=7.44425 asd_positive_fraction=0.0056 asd_negative_fraction=0.1345 asd_generalist_fraction=0.8599 hc_positive_fraction=0.0000 hc_negative_fraction=0.0946 hc_generalist_fraction=0.9054
[SNDE_ZERO_BASELINE] repeat=1 scope=internal_cv fold=7 epoch=0 exact_zero=Y val_bce=0.658846 probability_max_abs=5.96e-08
CHECKPOINT_BEST repeat=1 scope=internal_cv fold=7 phase=snde epoch=0 path=/data/adodas/VarCoNet-V2-main/xiaolunwen/experiment1c/checkpoints/worker_r1_best.pt
CHECKPOINT_LATEST repeat=1 scope=internal_cv fold=7 phase=snde epoch=0 path=/data/adodas/VarCoNet-V2-main/xiaolunwen/experiment1c/checkpoints/worker_r1_latest.pt
CHECKPOINT_BEST repeat=1 scope=internal_cv fold=7 phase=snde epoch=1 path=/data/adodas/VarCoNet-V2-main/xiaolunwen/experiment1c/checkpoints/worker_r1_best.pt
CHECKPOINT_LATEST repeat=1 scope=internal_cv fold=7 phase=snde epoch=1 path=/data/adodas/VarCoNet-V2-main/xiaolunwen/experiment1c/checkpoints/worker_r1_latest.pt
[SNDE] repeat=1 scope=internal_cv fold=7 epoch=1/149 train_bce=0.521219 val_bce=0.657964 best=Y best_epoch=1 asd_gate=(+0.006,-0.134,g0.860) hc_gate=(+0.000,-0.095,g0.905) pos_weight_l2=0.019566 neg_weight_l2=0.019596 mean_abs_pos_correction=0.000048 mean_abs_neg_correction=0.032537 elapsed_seconds=0.83
CHECKPOINT_BEST repeat=1 scope=internal_cv fold=7 phase=snde epoch=2 path=/data/adodas/VarCoNet-V2-main/xiaolunwen/experiment1c/checkpoints/worker_r1_best.pt
CHECKPOINT_LATEST repeat=1 scope=internal_cv fold=7 phase=snde epoch=2 path=/data/adodas/VarCoNet-V2-main/xiaolunwen/experiment1c/checkpoints/worker_r1_latest.pt
[SNDE] repeat=1 scope=internal_cv fold=7 epoch=2/149 train_bce=0.515677 val_bce=0.655144 best=Y best_epoch=2 asd_gate=(+0.006,-0.134,g0.860) hc_gate=(+0.000,-0.095,g0.905) pos_weight_l2=0.039087 neg_weight_l2=0.032630 mean_abs_pos_correction=0.000097 mean_abs_neg_correction=0.043812 elapsed_seconds=1.57
CHECKPOINT_BEST repeat=1 scope=internal_cv fold=7 phase=snde epoch=3 path=/data/adodas/VarCoNet-V2-main/xiaolunwen/experiment1c/checkpoints/worker_r1_best.pt
CHECKPOINT_LATEST repeat=1 scope=internal_cv fold=7 phase=snde epoch=3 path=/data/adodas/VarCoNet-V2-main/xiaolunwen/experiment1c/checkpoints/worker_r1_latest.pt
[SNDE] repeat=1 scope=internal_cv fold=7 epoch=3/149 train_bce=0.512897 val_bce=0.654964 best=Y best_epoch=3 asd_gate=(+0.006,-0.134,g0.860) hc_gate=(+0.000,-0.095,g0.905) pos_weight_l2=0.058549 neg_weight_l2=0.043451 mean_abs_pos_correction=0.000145 mean_abs_neg_correction=0.065583 elapsed_seconds=1.04
CHECKPOINT_BEST repeat=1 scope=internal_cv fold=7 phase=snde epoch=5 path=/data/adodas/VarCoNet-V2-main/xiaolunwen/experiment1c/checkpoints/worker_r1_best.pt
CHECKPOINT_LATEST repeat=1 scope=internal_cv fold=7 phase=snde epoch=5 path=/data/adodas/VarCoNet-V2-main/xiaolunwen/experiment1c/checkpoints/worker_r1_latest.pt
[SNDE] repeat=1 scope=internal_cv fold=7 epoch=5/149 train_bce=0.508519 val_bce=0.654891 best=Y best_epoch=5 asd_gate=(+0.006,-0.134,g0.860) hc_gate=(+0.000,-0.095,g0.905) pos_weight_l2=0.097354 neg_weight_l2=0.064377 mean_abs_pos_correction=0.000241 mean_abs_neg_correction=0.103287 elapsed_seconds=1.21
CHECKPOINT_BEST repeat=1 scope=internal_cv fold=7 phase=snde epoch=6 path=/data/adodas/VarCoNet-V2-main/xiaolunwen/experiment1c/checkpoints/worker_r1_best.pt
CHECKPOINT_LATEST repeat=1 scope=internal_cv fold=7 phase=snde epoch=6 path=/data/adodas/VarCoNet-V2-main/xiaolunwen/experiment1c/checkpoints/worker_r1_latest.pt
[SNDE] repeat=1 scope=internal_cv fold=7 epoch=6/149 train_bce=0.507039 val_bce=0.654376 best=Y best_epoch=6 asd_gate=(+0.006,-0.134,g0.860) hc_gate=(+0.000,-0.095,g0.905) pos_weight_l2=0.116679 neg_weight_l2=0.074244 mean_abs_pos_correction=0.000289 mean_abs_neg_correction=0.115203 elapsed_seconds=1.34
CHECKPOINT_BEST repeat=1 scope=internal_cv fold=7 phase=snde epoch=7 path=/data/adodas/VarCoNet-V2-main/xiaolunwen/experiment1c/checkpoints/worker_r1_best.pt
CHECKPOINT_LATEST repeat=1 scope=internal_cv fold=7 phase=snde epoch=7 path=/data/adodas/VarCoNet-V2-main/xiaolunwen/experiment1c/checkpoints/worker_r1_latest.pt
[SNDE] repeat=1 scope=internal_cv fold=7 epoch=7/149 train_bce=0.505760 val_bce=0.653960 best=Y best_epoch=7 asd_gate=(+0.006,-0.134,g0.860) hc_gate=(+0.000,-0.095,g0.905) pos_weight_l2=0.135938 neg_weight_l2=0.083748 mean_abs_pos_correction=0.000337 mean_abs_neg_correction=0.125400 elapsed_seconds=1.42
CHECKPOINT_BEST repeat=1 scope=internal_cv fold=7 phase=snde epoch=8 path=/data/adodas/VarCoNet-V2-main/xiaolunwen/experiment1c/checkpoints/worker_r1_best.pt
CHECKPOINT_LATEST repeat=1 scope=internal_cv fold=7 phase=snde epoch=8 path=/data/adodas/VarCoNet-V2-main/xiaolunwen/experiment1c/checkpoints/worker_r1_latest.pt
[SNDE] repeat=1 scope=internal_cv fold=7 epoch=8/149 train_bce=0.504752 val_bce=0.653859 best=Y best_epoch=8 asd_gate=(+0.006,-0.134,g0.860) hc_gate=(+0.000,-0.095,g0.905) pos_weight_l2=0.155132 neg_weight_l2=0.092873 mean_abs_pos_correction=0.000385 mean_abs_neg_correction=0.135331 elapsed_seconds=1.10
CHECKPOINT_LATEST repeat=1 scope=internal_cv fold=7 phase=snde epoch=10 path=/data/adodas/VarCoNet-V2-main/xiaolunwen/experiment1c/checkpoints/worker_r1_latest.pt
[SNDE] repeat=1 scope=internal_cv fold=7 epoch=10/149 train_bce=0.503134 val_bce=0.654744 best=N best_epoch=8 asd_gate=(+0.006,-0.134,g0.860) hc_gate=(+0.000,-0.095,g0.905) pos_weight_l2=0.193334 neg_weight_l2=0.109996 mean_abs_pos_correction=0.000481 mean_abs_neg_correction=0.155998 elapsed_seconds=0.69
CHECKPOINT_LATEST repeat=1 scope=internal_cv fold=7 phase=snde epoch=20 path=/data/adodas/VarCoNet-V2-main/xiaolunwen/experiment1c/checkpoints/worker_r1_latest.pt
[SNDE] repeat=1 scope=internal_cv fold=7 epoch=20/149 train_bce=0.497695 val_bce=0.661048 best=N best_epoch=8 asd_gate=(+0.006,-0.134,g0.860) hc_gate=(+0.000,-0.095,g0.905) pos_weight_l2=0.380335 neg_weight_l2=0.180152 mean_abs_pos_correction=0.000947 mean_abs_neg_correction=0.213129 elapsed_seconds=0.95
CHECKPOINT_LATEST repeat=1 scope=internal_cv fold=7 phase=snde epoch=30 path=/data/adodas/VarCoNet-V2-main/xiaolunwen/experiment1c/checkpoints/worker_r1_latest.pt
[SNDE] repeat=1 scope=internal_cv fold=7 epoch=30/149 train_bce=0.494275 val_bce=0.670489 best=N best_epoch=8 asd_gate=(+0.006,-0.134,g0.860) hc_gate=(+0.000,-0.095,g0.905) pos_weight_l2=0.558603 neg_weight_l2=0.237142 mean_abs_pos_correction=0.001390 mean_abs_neg_correction=0.244804 elapsed_seconds=0.50
CHECKPOINT_LATEST repeat=1 scope=internal_cv fold=7 phase=snde epoch=40 path=/data/adodas/VarCoNet-V2-main/xiaolunwen/experiment1c/checkpoints/worker_r1_latest.pt
[SNDE] repeat=1 scope=internal_cv fold=7 epoch=40/149 train_bce=0.491928 val_bce=0.678494 best=N best_epoch=8 asd_gate=(+0.006,-0.134,g0.860) hc_gate=(+0.000,-0.095,g0.905) pos_weight_l2=0.726669 neg_weight_l2=0.287319 mean_abs_pos_correction=0.001802 mean_abs_neg_correction=0.266262 elapsed_seconds=0.53
CHECKPOINT_LATEST repeat=1 scope=internal_cv fold=7 phase=snde epoch=50 path=/data/adodas/VarCoNet-V2-main/xiaolunwen/experiment1c/checkpoints/worker_r1_latest.pt
[SNDE] repeat=1 scope=internal_cv fold=7 epoch=50/149 train_bce=0.490234 val_bce=0.686136 best=N best_epoch=8 asd_gate=(+0.006,-0.134,g0.860) hc_gate=(+0.000,-0.095,g0.905) pos_weight_l2=0.884837 neg_weight_l2=0.332218 mean_abs_pos_correction=0.002182 mean_abs_neg_correction=0.288024 elapsed_seconds=0.59
CHECKPOINT_LATEST repeat=1 scope=internal_cv fold=7 phase=snde epoch=60 path=/data/adodas/VarCoNet-V2-main/xiaolunwen/experiment1c/checkpoints/worker_r1_latest.pt
[SNDE] repeat=1 scope=internal_cv fold=7 epoch=60/149 train_bce=0.488966 val_bce=0.693097 best=N best_epoch=8 asd_gate=(+0.006,-0.134,g0.860) hc_gate=(+0.000,-0.095,g0.905) pos_weight_l2=1.034145 neg_weight_l2=0.372830 mean_abs_pos_correction=0.002532 mean_abs_neg_correction=0.306709 elapsed_seconds=0.40
CHECKPOINT_LATEST repeat=1 scope=internal_cv fold=7 phase=snde epoch=70 path=/data/adodas/VarCoNet-V2-main/xiaolunwen/experiment1c/checkpoints/worker_r1_latest.pt
[SNDE] repeat=1 scope=internal_cv fold=7 epoch=70/149 train_bce=0.487960 val_bce=0.698029 best=N best_epoch=8 asd_gate=(+0.006,-0.134,g0.860) hc_gate=(+0.000,-0.095,g0.905) pos_weight_l2=1.175881 neg_weight_l2=0.409977 mean_abs_pos_correction=0.002855 mean_abs_neg_correction=0.320585 elapsed_seconds=0.56
CHECKPOINT_LATEST repeat=1 scope=internal_cv fold=7 phase=snde epoch=80 path=/data/adodas/VarCoNet-V2-main/xiaolunwen/experiment1c/checkpoints/worker_r1_latest.pt
[SNDE] repeat=1 scope=internal_cv fold=7 epoch=80/149 train_bce=0.487126 val_bce=0.702191 best=N best_epoch=8 asd_gate=(+0.006,-0.134,g0.860) hc_gate=(+0.000,-0.095,g0.905) pos_weight_l2=1.311301 neg_weight_l2=0.444528 mean_abs_pos_correction=0.003154 mean_abs_neg_correction=0.334732 elapsed_seconds=0.52
CHECKPOINT_LATEST repeat=1 scope=internal_cv fold=7 phase=snde epoch=90 path=/data/adodas/VarCoNet-V2-main/xiaolunwen/experiment1c/checkpoints/worker_r1_latest.pt
[SNDE] repeat=1 scope=internal_cv fold=7 epoch=90/149 train_bce=0.486411 val_bce=0.705181 best=N best_epoch=8 asd_gate=(+0.006,-0.134,g0.860) hc_gate=(+0.000,-0.095,g0.905) pos_weight_l2=1.441459 neg_weight_l2=0.477126 mean_abs_pos_correction=0.003433 mean_abs_neg_correction=0.347797 elapsed_seconds=0.55
CHECKPOINT_LATEST repeat=1 scope=internal_cv fold=7 phase=snde epoch=100 path=/data/adodas/VarCoNet-V2-main/xiaolunwen/experiment1c/checkpoints/worker_r1_latest.pt
[SNDE] repeat=1 scope=internal_cv fold=7 epoch=100/149 train_bce=0.485786 val_bce=0.707772 best=N best_epoch=8 asd_gate=(+0.006,-0.134,g0.860) hc_gate=(+0.000,-0.095,g0.905) pos_weight_l2=1.567170 neg_weight_l2=0.508275 mean_abs_pos_correction=0.003695 mean_abs_neg_correction=0.360780 elapsed_seconds=0.60
CHECKPOINT_LATEST repeat=1 scope=internal_cv fold=7 phase=snde epoch=110 path=/data/adodas/VarCoNet-V2-main/xiaolunwen/experiment1c/checkpoints/worker_r1_latest.pt
[SNDE] repeat=1 scope=internal_cv fold=7 epoch=110/149 train_bce=0.485230 val_bce=0.710029 best=N best_epoch=8 asd_gate=(+0.006,-0.134,g0.860) hc_gate=(+0.000,-0.095,g0.905) pos_weight_l2=1.689032 neg_weight_l2=0.538292 mean_abs_pos_correction=0.003941 mean_abs_neg_correction=0.373004 elapsed_seconds=0.51
CHECKPOINT_LATEST repeat=1 scope=internal_cv fold=7 phase=snde epoch=120 path=/data/adodas/VarCoNet-V2-main/xiaolunwen/experiment1c/checkpoints/worker_r1_latest.pt
[SNDE] repeat=1 scope=internal_cv fold=7 epoch=120/149 train_bce=0.484729 val_bce=0.712148 best=N best_epoch=8 asd_gate=(+0.006,-0.134,g0.860) hc_gate=(+0.000,-0.095,g0.905) pos_weight_l2=1.807477 neg_weight_l2=0.567392 mean_abs_pos_correction=0.004175 mean_abs_neg_correction=0.384736 elapsed_seconds=0.58
CHECKPOINT_LATEST repeat=1 scope=internal_cv fold=7 phase=snde epoch=130 path=/data/adodas/VarCoNet-V2-main/xiaolunwen/experiment1c/checkpoints/worker_r1_latest.pt
[SNDE] repeat=1 scope=internal_cv fold=7 epoch=130/149 train_bce=0.484275 val_bce=0.714107 best=N best_epoch=8 asd_gate=(+0.006,-0.134,g0.860) hc_gate=(+0.000,-0.095,g0.905) pos_weight_l2=1.922817 neg_weight_l2=0.595719 mean_abs_pos_correction=0.004398 mean_abs_neg_correction=0.395927 elapsed_seconds=0.68
CHECKPOINT_LATEST repeat=1 scope=internal_cv fold=7 phase=snde epoch=140 path=/data/adodas/VarCoNet-V2-main/xiaolunwen/experiment1c/checkpoints/worker_r1_latest.pt
[SNDE] repeat=1 scope=internal_cv fold=7 epoch=140/149 train_bce=0.483859 val_bce=0.715961 best=N best_epoch=8 asd_gate=(+0.006,-0.134,g0.860) hc_gate=(+0.000,-0.095,g0.905) pos_weight_l2=2.035279 neg_weight_l2=0.623380 mean_abs_pos_correction=0.004610 mean_abs_neg_correction=0.406787 elapsed_seconds=0.42
CHECKPOINT_LATEST repeat=1 scope=internal_cv fold=7 phase=snde epoch=149 path=/data/adodas/VarCoNet-V2-main/xiaolunwen/experiment1c/checkpoints/worker_r1_latest.pt
[SNDE] repeat=1 scope=internal_cv fold=7 epoch=149/149 train_bce=0.483513 val_bce=0.717522 best=N best_epoch=8 asd_gate=(+0.006,-0.134,g0.860) hc_gate=(+0.000,-0.095,g0.905) pos_weight_l2=2.134180 neg_weight_l2=0.647772 mean_abs_pos_correction=0.004793 mean_abs_neg_correction=0.416247 elapsed_seconds=0.51
TASK_TRAINING_DONE repeat=1 scope=internal_cv fold=7 base_encoder_epoch=13 base_classifier_epoch=8 base_val_bce=0.658846 crsm_epoch=0 crsm_val_bce=0.658846 snde_epoch=8 snde_val_bce=0.653859 elapsed_minutes=5.2
TASK_DONE repeat=1 scope=internal_fold fold=7 method=baseline selected_encoder_epoch=13 test_auc=0.678256 test_bce=0.641942 elapsed_minutes=5.2
TASK_DONE repeat=1 scope=internal_fold fold=7 method=crsm_corrected selected_encoder_epoch=13 test_auc=0.678256 test_bce=0.641942 elapsed_minutes=5.2
TASK_DONE repeat=1 scope=internal_fold fold=7 method=selective_normative_deviation_experts selected_encoder_epoch=13 test_auc=0.672029 test_bce=0.643664 elapsed_minutes=5.2
TASK_START repeat=1 scope=internal_cv fold=8 seed=100108 device=cuda:0 methods=baseline,crsm_corrected,selective_normative_deviation_experts shared_encoder=Y reference_unique_n=674 train_n=750 val_n=120
CHECKPOINT_BEST repeat=1 scope=internal_cv fold=8 phase=ssl epoch=1 path=/data/adodas/VarCoNet-V2-main/xiaolunwen/experiment1c/checkpoints/worker_r1_best.pt
[SSL] repeat=1 scope=internal_cv fold=8 epoch=1/50 ssl_loss=0.155861 lr=0.000024107 base_val_bce=0.642720 base_best=Y base_cls_epoch=21 epoch_seconds=4.0 task_elapsed_minutes=0.1 gpu_alloc_gb=0.318 gpu_reserved_gb=1.744
[SSL] repeat=1 scope=internal_cv fold=8 epoch=2/50 ssl_loss=0.132226 lr=0.000038214 base_val_bce=0.643255 base_best=N base_cls_epoch=13 epoch_seconds=2.9 task_elapsed_minutes=0.1 gpu_alloc_gb=0.317 gpu_reserved_gb=2.008
CHECKPOINT_BEST repeat=1 scope=internal_cv fold=8 phase=ssl epoch=3 path=/data/adodas/VarCoNet-V2-main/xiaolunwen/experiment1c/checkpoints/worker_r1_best.pt
[SSL] repeat=1 scope=internal_cv fold=8 epoch=3/50 ssl_loss=0.130492 lr=0.000052321 base_val_bce=0.626331 base_best=Y base_cls_epoch=15 epoch_seconds=5.3 task_elapsed_minutes=0.2 gpu_alloc_gb=0.318 gpu_reserved_gb=1.744
[SSL] repeat=1 scope=internal_cv fold=8 epoch=4/50 ssl_loss=0.128001 lr=0.000066427 base_val_bce=0.638155 base_best=N base_cls_epoch=14 epoch_seconds=8.1 task_elapsed_minutes=0.3 gpu_alloc_gb=0.317 gpu_reserved_gb=2.008
[SSL] repeat=1 scope=internal_cv fold=8 epoch=5/50 ssl_loss=0.102297 lr=0.000080534 base_val_bce=0.650365 base_best=N base_cls_epoch=12 epoch_seconds=7.7 task_elapsed_minutes=0.5 gpu_alloc_gb=0.318 gpu_reserved_gb=1.744
[SSL] repeat=1 scope=internal_cv fold=8 epoch=6/50 ssl_loss=0.096648 lr=0.000094641 base_val_bce=0.653334 base_best=N base_cls_epoch=11 epoch_seconds=7.1 task_elapsed_minutes=0.6 gpu_alloc_gb=0.317 gpu_reserved_gb=2.008
[SSL] repeat=1 scope=internal_cv fold=8 epoch=7/50 ssl_loss=0.096788 lr=0.000108748 base_val_bce=0.636384 base_best=N base_cls_epoch=16 epoch_seconds=8.0 task_elapsed_minutes=0.7 gpu_alloc_gb=0.318 gpu_reserved_gb=1.744
[SSL] repeat=1 scope=internal_cv fold=8 epoch=8/50 ssl_loss=0.068038 lr=0.000122855 base_val_bce=0.639586 base_best=N base_cls_epoch=12 epoch_seconds=8.6 task_elapsed_minutes=0.9 gpu_alloc_gb=0.317 gpu_reserved_gb=2.008
[SSL] repeat=1 scope=internal_cv fold=8 epoch=9/50 ssl_loss=0.067313 lr=0.000136962 base_val_bce=0.643992 base_best=N base_cls_epoch=15 epoch_seconds=5.7 task_elapsed_minutes=1.0 gpu_alloc_gb=0.318 gpu_reserved_gb=1.744
CHECKPOINT_LATEST repeat=1 scope=internal_cv fold=8 phase=ssl epoch=10 path=/data/adodas/VarCoNet-V2-main/xiaolunwen/experiment1c/checkpoints/worker_r1_latest.pt
[SSL] repeat=1 scope=internal_cv fold=8 epoch=10/50 ssl_loss=0.077189 lr=0.000136962 base_val_bce=0.638480 base_best=N base_cls_epoch=16 epoch_seconds=8.6 task_elapsed_minutes=1.1 gpu_alloc_gb=0.317 gpu_reserved_gb=2.008
CHECKPOINT_BEST repeat=1 scope=internal_cv fold=8 phase=ssl epoch=11 path=/data/adodas/VarCoNet-V2-main/xiaolunwen/experiment1c/checkpoints/worker_r1_best.pt
[SSL] repeat=1 scope=internal_cv fold=8 epoch=11/50 ssl_loss=0.088350 lr=0.000136751 base_val_bce=0.624448 base_best=Y base_cls_epoch=15 epoch_seconds=6.8 task_elapsed_minutes=1.2 gpu_alloc_gb=0.318 gpu_reserved_gb=1.744
[SSL] repeat=1 scope=internal_cv fold=8 epoch=12/50 ssl_loss=0.070603 lr=0.000136119 base_val_bce=0.653317 base_best=N base_cls_epoch=20 epoch_seconds=4.5 task_elapsed_minutes=1.3 gpu_alloc_gb=0.317 gpu_reserved_gb=2.008
[SSL] repeat=1 scope=internal_cv fold=8 epoch=13/50 ssl_loss=0.070044 lr=0.000135070 base_val_bce=0.627885 base_best=N base_cls_epoch=17 epoch_seconds=3.5 task_elapsed_minutes=1.4 gpu_alloc_gb=0.318 gpu_reserved_gb=1.744
[SSL] repeat=1 scope=internal_cv fold=8 epoch=14/50 ssl_loss=0.061225 lr=0.000133610 base_val_bce=0.626469 base_best=N base_cls_epoch=17 epoch_seconds=5.6 task_elapsed_minutes=1.5 gpu_alloc_gb=0.317 gpu_reserved_gb=2.008
[SSL] repeat=1 scope=internal_cv fold=8 epoch=15/50 ssl_loss=0.053925 lr=0.000131749 base_val_bce=0.638262 base_best=N base_cls_epoch=19 epoch_seconds=5.9 task_elapsed_minutes=1.6 gpu_alloc_gb=0.318 gpu_reserved_gb=1.744
[SSL] repeat=1 scope=internal_cv fold=8 epoch=16/50 ssl_loss=0.065737 lr=0.000129498 base_val_bce=0.627359 base_best=N base_cls_epoch=19 epoch_seconds=3.6 task_elapsed_minutes=1.6 gpu_alloc_gb=0.317 gpu_reserved_gb=2.008
[SSL] repeat=1 scope=internal_cv fold=8 epoch=17/50 ssl_loss=0.033482 lr=0.000126870 base_val_bce=0.632254 base_best=N base_cls_epoch=28 epoch_seconds=3.7 task_elapsed_minutes=1.7 gpu_alloc_gb=0.318 gpu_reserved_gb=1.744
[SSL] repeat=1 scope=internal_cv fold=8 epoch=18/50 ssl_loss=0.062728 lr=0.000123883 base_val_bce=0.631464 base_best=N base_cls_epoch=18 epoch_seconds=3.7 task_elapsed_minutes=1.7 gpu_alloc_gb=0.317 gpu_reserved_gb=2.008
[SSL] repeat=1 scope=internal_cv fold=8 epoch=19/50 ssl_loss=0.052395 lr=0.000120554 base_val_bce=0.635598 base_best=N base_cls_epoch=26 epoch_seconds=3.9 task_elapsed_minutes=1.8 gpu_alloc_gb=0.318 gpu_reserved_gb=1.744
CHECKPOINT_BEST repeat=1 scope=internal_cv fold=8 phase=ssl epoch=20 path=/data/adodas/VarCoNet-V2-main/xiaolunwen/experiment1c/checkpoints/worker_r1_best.pt
CHECKPOINT_LATEST repeat=1 scope=internal_cv fold=8 phase=ssl epoch=20 path=/data/adodas/VarCoNet-V2-main/xiaolunwen/experiment1c/checkpoints/worker_r1_latest.pt
[SSL] repeat=1 scope=internal_cv fold=8 epoch=20/50 ssl_loss=0.057012 lr=0.000116904 base_val_bce=0.622049 base_best=Y base_cls_epoch=29 epoch_seconds=4.6 task_elapsed_minutes=1.9 gpu_alloc_gb=0.317 gpu_reserved_gb=2.008
[SSL] repeat=1 scope=internal_cv fold=8 epoch=21/50 ssl_loss=0.054556 lr=0.000112956 base_val_bce=0.624493 base_best=N base_cls_epoch=27 epoch_seconds=3.9 task_elapsed_minutes=1.9 gpu_alloc_gb=0.318 gpu_reserved_gb=1.744
CHECKPOINT_BEST repeat=1 scope=internal_cv fold=8 phase=ssl epoch=22 path=/data/adodas/VarCoNet-V2-main/xiaolunwen/experiment1c/checkpoints/worker_r1_best.pt
[SSL] repeat=1 scope=internal_cv fold=8 epoch=22/50 ssl_loss=0.057292 lr=0.000108733 base_val_bce=0.616555 base_best=Y base_cls_epoch=27 epoch_seconds=4.2 task_elapsed_minutes=2.0 gpu_alloc_gb=0.317 gpu_reserved_gb=2.008
[SSL] repeat=1 scope=internal_cv fold=8 epoch=23/50 ssl_loss=0.048588 lr=0.000104262 base_val_bce=0.618104 base_best=N base_cls_epoch=41 epoch_seconds=3.9 task_elapsed_minutes=2.1 gpu_alloc_gb=0.318 gpu_reserved_gb=1.744
[SSL] repeat=1 scope=internal_cv fold=8 epoch=24/50 ssl_loss=0.054262 lr=0.000099570 base_val_bce=0.620010 base_best=N base_cls_epoch=46 epoch_seconds=3.8 task_elapsed_minutes=2.1 gpu_alloc_gb=0.317 gpu_reserved_gb=2.008
[SSL] repeat=1 scope=internal_cv fold=8 epoch=25/50 ssl_loss=0.038753 lr=0.000094687 base_val_bce=0.625986 base_best=N base_cls_epoch=44 epoch_seconds=3.9 task_elapsed_minutes=2.2 gpu_alloc_gb=0.318 gpu_reserved_gb=1.744
[SSL] repeat=1 scope=internal_cv fold=8 epoch=26/50 ssl_loss=0.054545 lr=0.000089643 base_val_bce=0.623966 base_best=N base_cls_epoch=42 epoch_seconds=3.9 task_elapsed_minutes=2.3 gpu_alloc_gb=0.317 gpu_reserved_gb=2.008
[SSL] repeat=1 scope=internal_cv fold=8 epoch=27/50 ssl_loss=0.035989 lr=0.000084467 base_val_bce=0.622819 base_best=N base_cls_epoch=50 epoch_seconds=3.7 task_elapsed_minutes=2.3 gpu_alloc_gb=0.318 gpu_reserved_gb=1.744
[SSL] repeat=1 scope=internal_cv fold=8 epoch=28/50 ssl_loss=0.047114 lr=0.000079194 base_val_bce=0.618533 base_best=N base_cls_epoch=51 epoch_seconds=3.2 task_elapsed_minutes=2.4 gpu_alloc_gb=0.317 gpu_reserved_gb=2.008
[SSL] repeat=1 scope=internal_cv fold=8 epoch=29/50 ssl_loss=0.039089 lr=0.000073854 base_val_bce=0.621188 base_best=N base_cls_epoch=48 epoch_seconds=3.3 task_elapsed_minutes=2.4 gpu_alloc_gb=0.318 gpu_reserved_gb=1.744
CHECKPOINT_BEST repeat=1 scope=internal_cv fold=8 phase=ssl epoch=30 path=/data/adodas/VarCoNet-V2-main/xiaolunwen/experiment1c/checkpoints/worker_r1_best.pt
CHECKPOINT_LATEST repeat=1 scope=internal_cv fold=8 phase=ssl epoch=30 path=/data/adodas/VarCoNet-V2-main/xiaolunwen/experiment1c/checkpoints/worker_r1_latest.pt
[SSL] repeat=1 scope=internal_cv fold=8 epoch=30/50 ssl_loss=0.038917 lr=0.000068481 base_val_bce=0.615043 base_best=Y base_cls_epoch=50 epoch_seconds=4.4 task_elapsed_minutes=2.5 gpu_alloc_gb=0.317 gpu_reserved_gb=2.008
CHECKPOINT_BEST repeat=1 scope=internal_cv fold=8 phase=ssl epoch=31 path=/data/adodas/VarCoNet-V2-main/xiaolunwen/experiment1c/checkpoints/worker_r1_best.pt
[SSL] repeat=1 scope=internal_cv fold=8 epoch=31/50 ssl_loss=0.042498 lr=0.000063108 base_val_bce=0.611615 base_best=Y base_cls_epoch=48 epoch_seconds=4.8 task_elapsed_minutes=2.6 gpu_alloc_gb=0.318 gpu_reserved_gb=1.744
[SSL] repeat=1 scope=internal_cv fold=8 epoch=32/50 ssl_loss=0.047843 lr=0.000057768 base_val_bce=0.622895 base_best=N base_cls_epoch=47 epoch_seconds=3.0 task_elapsed_minutes=2.6 gpu_alloc_gb=0.317 gpu_reserved_gb=2.008
CHECKPOINT_BEST repeat=1 scope=internal_cv fold=8 phase=ssl epoch=33 path=/data/adodas/VarCoNet-V2-main/xiaolunwen/experiment1c/checkpoints/worker_r1_best.pt
[SSL] repeat=1 scope=internal_cv fold=8 epoch=33/50 ssl_loss=0.039986 lr=0.000052494 base_val_bce=0.609879 base_best=Y base_cls_epoch=51 epoch_seconds=6.5 task_elapsed_minutes=2.8 gpu_alloc_gb=0.318 gpu_reserved_gb=1.744
[SSL] repeat=1 scope=internal_cv fold=8 epoch=34/50 ssl_loss=0.039660 lr=0.000047319 base_val_bce=0.631746 base_best=N base_cls_epoch=48 epoch_seconds=7.7 task_elapsed_minutes=2.9 gpu_alloc_gb=0.317 gpu_reserved_gb=2.008
[SSL] repeat=1 scope=internal_cv fold=8 epoch=35/50 ssl_loss=0.040323 lr=0.000042274 base_val_bce=0.620640 base_best=N base_cls_epoch=51 epoch_seconds=8.6 task_elapsed_minutes=3.0 gpu_alloc_gb=0.318 gpu_reserved_gb=1.744
[SSL] repeat=1 scope=internal_cv fold=8 epoch=36/50 ssl_loss=0.036309 lr=0.000037391 base_val_bce=0.619736 base_best=N base_cls_epoch=45 epoch_seconds=8.1 task_elapsed_minutes=3.2 gpu_alloc_gb=0.317 gpu_reserved_gb=2.008
[SSL] repeat=1 scope=internal_cv fold=8 epoch=37/50 ssl_loss=0.045596 lr=0.000032700 base_val_bce=0.612249 base_best=N base_cls_epoch=49 epoch_seconds=8.2 task_elapsed_minutes=3.3 gpu_alloc_gb=0.318 gpu_reserved_gb=1.744
[SSL] repeat=1 scope=internal_cv fold=8 epoch=38/50 ssl_loss=0.047440 lr=0.000028229 base_val_bce=0.630972 base_best=N base_cls_epoch=48 epoch_seconds=8.3 task_elapsed_minutes=3.5 gpu_alloc_gb=0.317 gpu_reserved_gb=2.008
[SSL] repeat=1 scope=internal_cv fold=8 epoch=39/50 ssl_loss=0.040764 lr=0.000024006 base_val_bce=0.625574 base_best=N base_cls_epoch=50 epoch_seconds=8.6 task_elapsed_minutes=3.6 gpu_alloc_gb=0.318 gpu_reserved_gb=1.744
CHECKPOINT_LATEST repeat=1 scope=internal_cv fold=8 phase=ssl epoch=40 path=/data/adodas/VarCoNet-V2-main/xiaolunwen/experiment1c/checkpoints/worker_r1_latest.pt
[SSL] repeat=1 scope=internal_cv fold=8 epoch=40/50 ssl_loss=0.034778 lr=0.000020058 base_val_bce=0.612889 base_best=N base_cls_epoch=47 epoch_seconds=5.2 task_elapsed_minutes=3.7 gpu_alloc_gb=0.317 gpu_reserved_gb=2.008
[SSL] repeat=1 scope=internal_cv fold=8 epoch=41/50 ssl_loss=0.048255 lr=0.000016408 base_val_bce=0.615022 base_best=N base_cls_epoch=48 epoch_seconds=3.5 task_elapsed_minutes=3.7 gpu_alloc_gb=0.318 gpu_reserved_gb=1.744
[SSL] repeat=1 scope=internal_cv fold=8 epoch=42/50 ssl_loss=0.046839 lr=0.000013079 base_val_bce=0.618118 base_best=N base_cls_epoch=52 epoch_seconds=3.6 task_elapsed_minutes=3.8 gpu_alloc_gb=0.317 gpu_reserved_gb=2.008
[SSL] repeat=1 scope=internal_cv fold=8 epoch=43/50 ssl_loss=0.040061 lr=0.000010091 base_val_bce=0.618741 base_best=N base_cls_epoch=50 epoch_seconds=3.6 task_elapsed_minutes=3.9 gpu_alloc_gb=0.318 gpu_reserved_gb=1.744
[SSL] repeat=1 scope=internal_cv fold=8 epoch=44/50 ssl_loss=0.032378 lr=0.000007464 base_val_bce=0.610147 base_best=N base_cls_epoch=53 epoch_seconds=3.7 task_elapsed_minutes=3.9 gpu_alloc_gb=0.317 gpu_reserved_gb=2.008
[SSL] repeat=1 scope=internal_cv fold=8 epoch=45/50 ssl_loss=0.041957 lr=0.000005213 base_val_bce=0.621479 base_best=N base_cls_epoch=50 epoch_seconds=7.7 task_elapsed_minutes=4.1 gpu_alloc_gb=0.318 gpu_reserved_gb=1.744
[SSL] repeat=1 scope=internal_cv fold=8 epoch=46/50 ssl_loss=0.038584 lr=0.000003352 base_val_bce=0.617865 base_best=N base_cls_epoch=47 epoch_seconds=7.7 task_elapsed_minutes=4.2 gpu_alloc_gb=0.317 gpu_reserved_gb=2.008
CHECKPOINT_BEST repeat=1 scope=internal_cv fold=8 phase=ssl epoch=47 path=/data/adodas/VarCoNet-V2-main/xiaolunwen/experiment1c/checkpoints/worker_r1_best.pt
[SSL] repeat=1 scope=internal_cv fold=8 epoch=47/50 ssl_loss=0.033497 lr=0.000001892 base_val_bce=0.603122 base_best=Y base_cls_epoch=50 epoch_seconds=7.0 task_elapsed_minutes=4.3 gpu_alloc_gb=0.318 gpu_reserved_gb=1.744
[SSL] repeat=1 scope=internal_cv fold=8 epoch=48/50 ssl_loss=0.039852 lr=0.000000843 base_val_bce=0.603549 base_best=N base_cls_epoch=49 epoch_seconds=9.7 task_elapsed_minutes=4.5 gpu_alloc_gb=0.317 gpu_reserved_gb=2.008
[SSL] repeat=1 scope=internal_cv fold=8 epoch=49/50 ssl_loss=0.041398 lr=0.000000211 base_val_bce=0.610227 base_best=N base_cls_epoch=45 epoch_seconds=11.2 task_elapsed_minutes=4.7 gpu_alloc_gb=0.318 gpu_reserved_gb=1.744
CHECKPOINT_LATEST repeat=1 scope=internal_cv fold=8 phase=ssl epoch=50 path=/data/adodas/VarCoNet-V2-main/xiaolunwen/experiment1c/checkpoints/worker_r1_latest.pt
[SSL] repeat=1 scope=internal_cv fold=8 epoch=50/50 ssl_loss=0.038961 lr=0.000000000 base_val_bce=0.609080 base_best=N base_cls_epoch=51 epoch_seconds=9.4 task_elapsed_minutes=4.8 gpu_alloc_gb=0.317 gpu_reserved_gb=2.008
[CRSM_ZERO_BASELINE] repeat=1 scope=internal_cv fold=8 epoch=0 exact_zero=Y val_bce=0.603122 probability_max_abs=5.96e-08
CHECKPOINT_LATEST repeat=1 scope=internal_cv fold=8 phase=crsm_corrected epoch=0 path=/data/adodas/VarCoNet-V2-main/xiaolunwen/experiment1c/checkpoints/worker_r1_latest.pt
CHECKPOINT_BEST repeat=1 scope=internal_cv fold=8 phase=crsm_corrected epoch=0 path=/data/adodas/VarCoNet-V2-main/xiaolunwen/experiment1c/checkpoints/worker_r1_best.pt
CHECKPOINT_BEST repeat=1 scope=internal_cv fold=8 phase=crsm_corrected epoch=0 path=/data/adodas/VarCoNet-V2-main/xiaolunwen/experiment1c/checkpoints/worker_r1_best.pt
CHECKPOINT_LATEST repeat=1 scope=internal_cv fold=8 phase=crsm_corrected epoch=0 path=/data/adodas/VarCoNet-V2-main/xiaolunwen/experiment1c/checkpoints/worker_r1_latest.pt
[CRSM_SYMMETRY_START] repeat=1 scope=internal_cv fold=8 after_exact_zero=Y pca_unit_norm=0.99999994 pca_singular=153.259064 symmetry_scale=0.00235302094
CHECKPOINT_LATEST repeat=1 scope=internal_cv fold=8 phase=crsm_corrected epoch=10 path=/data/adodas/VarCoNet-V2-main/xiaolunwen/experiment1c/checkpoints/worker_r1_latest.pt
[CRSM_CORRECTED] repeat=1 scope=internal_cv fold=8 epoch=10/149 train_loss=0.152062 val_bce=0.613275 best=N best_epoch=0 asd_mass=(0.5045,0.4955) hc_mass=(0.5000,0.5000) delta_l2=(0.130328,0.129623) epoch_seconds=0.38
CHECKPOINT_LATEST repeat=1 scope=internal_cv fold=8 phase=crsm_corrected epoch=20 path=/data/adodas/VarCoNet-V2-main/xiaolunwen/experiment1c/checkpoints/worker_r1_latest.pt
[CRSM_CORRECTED] repeat=1 scope=internal_cv fold=8 epoch=20/149 train_loss=0.132480 val_bce=0.626101 best=N best_epoch=0 asd_mass=(0.5069,0.4931) hc_mass=(0.5000,0.5000) delta_l2=(0.248530,0.247850) epoch_seconds=0.25
CHECKPOINT_LATEST repeat=1 scope=internal_cv fold=8 phase=crsm_corrected epoch=30 path=/data/adodas/VarCoNet-V2-main/xiaolunwen/experiment1c/checkpoints/worker_r1_latest.pt
[CRSM_CORRECTED] repeat=1 scope=internal_cv fold=8 epoch=30/149 train_loss=0.118684 val_bce=0.640110 best=N best_epoch=0 asd_mass=(0.5105,0.4895) hc_mass=(0.5000,0.5000) delta_l2=(0.355115,0.354408) epoch_seconds=0.27
CHECKPOINT_LATEST repeat=1 scope=internal_cv fold=8 phase=crsm_corrected epoch=40 path=/data/adodas/VarCoNet-V2-main/xiaolunwen/experiment1c/checkpoints/worker_r1_latest.pt
[CRSM_CORRECTED] repeat=1 scope=internal_cv fold=8 epoch=40/149 train_loss=0.108834 val_bce=0.655310 best=N best_epoch=0 asd_mass=(0.5159,0.4841) hc_mass=(0.5000,0.5000) delta_l2=(0.450367,0.449674) epoch_seconds=0.26
CHECKPOINT_LATEST repeat=1 scope=internal_cv fold=8 phase=crsm_corrected epoch=50 path=/data/adodas/VarCoNet-V2-main/xiaolunwen/experiment1c/checkpoints/worker_r1_latest.pt
[CRSM_CORRECTED] repeat=1 scope=internal_cv fold=8 epoch=50/149 train_loss=0.101683 val_bce=0.671540 best=N best_epoch=0 asd_mass=(0.5228,0.4772) hc_mass=(0.5000,0.5000) delta_l2=(0.535176,0.534587) epoch_seconds=0.26
CHECKPOINT_LATEST repeat=1 scope=internal_cv fold=8 phase=crsm_corrected epoch=60 path=/data/adodas/VarCoNet-V2-main/xiaolunwen/experiment1c/checkpoints/worker_r1_latest.pt
[CRSM_CORRECTED] repeat=1 scope=internal_cv fold=8 epoch=60/149 train_loss=0.096367 val_bce=0.688803 best=N best_epoch=0 asd_mass=(0.5296,0.4704) hc_mass=(0.5000,0.5000) delta_l2=(0.610670,0.610470) epoch_seconds=0.32
CHECKPOINT_LATEST repeat=1 scope=internal_cv fold=8 phase=crsm_corrected epoch=70 path=/data/adodas/VarCoNet-V2-main/xiaolunwen/experiment1c/checkpoints/worker_r1_latest.pt
[CRSM_CORRECTED] repeat=1 scope=internal_cv fold=8 epoch=70/149 train_loss=0.092301 val_bce=0.706546 best=N best_epoch=0 asd_mass=(0.5350,0.4650) hc_mass=(0.5000,0.5000) delta_l2=(0.678016,0.678885) epoch_seconds=0.27
CHECKPOINT_LATEST repeat=1 scope=internal_cv fold=8 phase=crsm_corrected epoch=80 path=/data/adodas/VarCoNet-V2-main/xiaolunwen/experiment1c/checkpoints/worker_r1_latest.pt
[CRSM_CORRECTED] repeat=1 scope=internal_cv fold=8 epoch=80/149 train_loss=0.089110 val_bce=0.724654 best=N best_epoch=0 asd_mass=(0.5382,0.4618) hc_mass=(0.5000,0.5000) delta_l2=(0.738343,0.741357) epoch_seconds=0.26
CHECKPOINT_LATEST repeat=1 scope=internal_cv fold=8 phase=crsm_corrected epoch=90 path=/data/adodas/VarCoNet-V2-main/xiaolunwen/experiment1c/checkpoints/worker_r1_latest.pt
[CRSM_CORRECTED] repeat=1 scope=internal_cv fold=8 epoch=90/149 train_loss=0.086566 val_bce=0.742975 best=N best_epoch=0 asd_mass=(0.5396,0.4604) hc_mass=(0.5000,0.5000) delta_l2=(0.792696,0.799039) epoch_seconds=0.24
CHECKPOINT_LATEST repeat=1 scope=internal_cv fold=8 phase=crsm_corrected epoch=100 path=/data/adodas/VarCoNet-V2-main/xiaolunwen/experiment1c/checkpoints/worker_r1_latest.pt
[CRSM_CORRECTED] repeat=1 scope=internal_cv fold=8 epoch=100/149 train_loss=0.084521 val_bce=0.761216 best=N best_epoch=0 asd_mass=(0.5401,0.4599) hc_mass=(0.5000,0.5000) delta_l2=(0.841988,0.852590) epoch_seconds=0.39
CHECKPOINT_LATEST repeat=1 scope=internal_cv fold=8 phase=crsm_corrected epoch=110 path=/data/adodas/VarCoNet-V2-main/xiaolunwen/experiment1c/checkpoints/worker_r1_latest.pt
[CRSM_CORRECTED] repeat=1 scope=internal_cv fold=8 epoch=110/149 train_loss=0.082869 val_bce=0.779232 best=N best_epoch=0 asd_mass=(0.5400,0.4600) hc_mass=(0.5000,0.5000) delta_l2=(0.886953,0.902330) epoch_seconds=0.24
CHECKPOINT_LATEST repeat=1 scope=internal_cv fold=8 phase=crsm_corrected epoch=120 path=/data/adodas/VarCoNet-V2-main/xiaolunwen/experiment1c/checkpoints/worker_r1_latest.pt
[CRSM_CORRECTED] repeat=1 scope=internal_cv fold=8 epoch=120/149 train_loss=0.081529 val_bce=0.796861 best=N best_epoch=0 asd_mass=(0.5399,0.4601) hc_mass=(0.5000,0.5000) delta_l2=(0.928177,0.948475) epoch_seconds=0.25
CHECKPOINT_LATEST repeat=1 scope=internal_cv fold=8 phase=crsm_corrected epoch=130 path=/data/adodas/VarCoNet-V2-main/xiaolunwen/experiment1c/checkpoints/worker_r1_latest.pt
[CRSM_CORRECTED] repeat=1 scope=internal_cv fold=8 epoch=130/149 train_loss=0.080436 val_bce=0.813972 best=N best_epoch=0 asd_mass=(0.5397,0.4603) hc_mass=(0.5000,0.5000) delta_l2=(0.966139,0.991249) epoch_seconds=0.24
CHECKPOINT_LATEST repeat=1 scope=internal_cv fold=8 phase=crsm_corrected epoch=140 path=/data/adodas/VarCoNet-V2-main/xiaolunwen/experiment1c/checkpoints/worker_r1_latest.pt
[CRSM_CORRECTED] repeat=1 scope=internal_cv fold=8 epoch=140/149 train_loss=0.079536 val_bce=0.830461 best=N best_epoch=0 asd_mass=(0.5395,0.4605) hc_mass=(0.5000,0.5000) delta_l2=(1.001249,1.030913) epoch_seconds=0.25
CHECKPOINT_LATEST repeat=1 scope=internal_cv fold=8 phase=crsm_corrected epoch=149 path=/data/adodas/VarCoNet-V2-main/xiaolunwen/experiment1c/checkpoints/worker_r1_latest.pt
[CRSM_CORRECTED] repeat=1 scope=internal_cv fold=8 epoch=149/149 train_loss=0.078858 val_bce=0.844715 best=N best_epoch=0 asd_mass=(0.5394,0.4606) hc_mass=(0.5000,0.5000) delta_l2=(1.030700,1.064188) epoch_seconds=0.26
[SNDE_NORMATIVE] repeat=1 scope=internal_cv fold=8 n_unique_asd=357 n_unique_hc=317 roi_dim=384 std_floor=0.0013167903 pc1_explained_fraction=0.198091 hc_score_mean_before_norm=-9.627e-08 hc_score_std_before_norm=7.33233 asd_positive_fraction=0.1373 asd_negative_fraction=0.0000 asd_generalist_fraction=0.8627 hc_positive_fraction=0.0946 hc_negative_fraction=0.0063 hc_generalist_fraction=0.8991
[SNDE_ZERO_BASELINE] repeat=1 scope=internal_cv fold=8 epoch=0 exact_zero=Y val_bce=0.603122 probability_max_abs=5.96e-08
CHECKPOINT_BEST repeat=1 scope=internal_cv fold=8 phase=snde epoch=0 path=/data/adodas/VarCoNet-V2-main/xiaolunwen/experiment1c/checkpoints/worker_r1_best.pt
CHECKPOINT_LATEST repeat=1 scope=internal_cv fold=8 phase=snde epoch=0 path=/data/adodas/VarCoNet-V2-main/xiaolunwen/experiment1c/checkpoints/worker_r1_latest.pt
CHECKPOINT_BEST repeat=1 scope=internal_cv fold=8 phase=snde epoch=1 path=/data/adodas/VarCoNet-V2-main/xiaolunwen/experiment1c/checkpoints/worker_r1_best.pt
CHECKPOINT_LATEST repeat=1 scope=internal_cv fold=8 phase=snde epoch=1 path=/data/adodas/VarCoNet-V2-main/xiaolunwen/experiment1c/checkpoints/worker_r1_latest.pt
[SNDE] repeat=1 scope=internal_cv fold=8 epoch=1/149 train_bce=0.177124 val_bce=0.597582 best=Y best_epoch=1 asd_gate=(+0.137,-0.000,g0.863) hc_gate=(+0.095,-0.006,g0.899) pos_weight_l2=0.019596 neg_weight_l2=0.019325 mean_abs_pos_correction=0.033336 mean_abs_neg_correction=0.000045 elapsed_seconds=0.68
CHECKPOINT_BEST repeat=1 scope=internal_cv fold=8 phase=snde epoch=3 path=/data/adodas/VarCoNet-V2-main/xiaolunwen/experiment1c/checkpoints/worker_r1_best.pt
CHECKPOINT_LATEST repeat=1 scope=internal_cv fold=8 phase=snde epoch=3 path=/data/adodas/VarCoNet-V2-main/xiaolunwen/experiment1c/checkpoints/worker_r1_latest.pt
[SNDE] repeat=1 scope=internal_cv fold=8 epoch=3/149 train_bce=0.174152 val_bce=0.596415 best=Y best_epoch=3 asd_gate=(+0.137,-0.000,g0.863) hc_gate=(+0.095,-0.006,g0.899) pos_weight_l2=0.042017 neg_weight_l2=0.057878 mean_abs_pos_correction=0.064468 mean_abs_neg_correction=0.000135 elapsed_seconds=1.30
CHECKPOINT_BEST repeat=1 scope=internal_cv fold=8 phase=snde epoch=4 path=/data/adodas/VarCoNet-V2-main/xiaolunwen/experiment1c/checkpoints/worker_r1_best.pt
CHECKPOINT_LATEST repeat=1 scope=internal_cv fold=8 phase=snde epoch=4 path=/data/adodas/VarCoNet-V2-main/xiaolunwen/experiment1c/checkpoints/worker_r1_latest.pt
[SNDE] repeat=1 scope=internal_cv fold=8 epoch=4/149 train_bce=0.173194 val_bce=0.594558 best=Y best_epoch=4 asd_gate=(+0.137,-0.000,g0.863) hc_gate=(+0.095,-0.006,g0.899) pos_weight_l2=0.052132 neg_weight_l2=0.077062 mean_abs_pos_correction=0.086468 mean_abs_neg_correction=0.000179 elapsed_seconds=0.67
CHECKPOINT_BEST repeat=1 scope=internal_cv fold=8 phase=snde epoch=5 path=/data/adodas/VarCoNet-V2-main/xiaolunwen/experiment1c/checkpoints/worker_r1_best.pt
CHECKPOINT_LATEST repeat=1 scope=internal_cv fold=8 phase=snde epoch=5 path=/data/adodas/VarCoNet-V2-main/xiaolunwen/experiment1c/checkpoints/worker_r1_latest.pt
[SNDE] repeat=1 scope=internal_cv fold=8 epoch=5/149 train_bce=0.172715 val_bce=0.594193 best=Y best_epoch=5 asd_gate=(+0.137,-0.000,g0.863) hc_gate=(+0.095,-0.006,g0.899) pos_weight_l2=0.061635 neg_weight_l2=0.096165 mean_abs_pos_correction=0.101312 mean_abs_neg_correction=0.000223 elapsed_seconds=0.66
CHECKPOINT_LATEST repeat=1 scope=internal_cv fold=8 phase=snde epoch=10 path=/data/adodas/VarCoNet-V2-main/xiaolunwen/experiment1c/checkpoints/worker_r1_latest.pt
[SNDE] repeat=1 scope=internal_cv fold=8 epoch=10/149 train_bce=0.170858 val_bce=0.606128 best=N best_epoch=5 asd_gate=(+0.137,-0.000,g0.863) hc_gate=(+0.095,-0.006,g0.899) pos_weight_l2=0.103234 neg_weight_l2=0.189948 mean_abs_pos_correction=0.140058 mean_abs_neg_correction=0.000438 elapsed_seconds=0.39
CHECKPOINT_LATEST repeat=1 scope=internal_cv fold=8 phase=snde epoch=20 path=/data/adodas/VarCoNet-V2-main/xiaolunwen/experiment1c/checkpoints/worker_r1_latest.pt
[SNDE] repeat=1 scope=internal_cv fold=8 epoch=20/149 train_bce=0.169003 val_bce=0.626074 best=N best_epoch=5 asd_gate=(+0.137,-0.000,g0.863) hc_gate=(+0.095,-0.006,g0.899) pos_weight_l2=0.169519 neg_weight_l2=0.367293 mean_abs_pos_correction=0.199281 mean_abs_neg_correction=0.000829 elapsed_seconds=0.60
CHECKPOINT_LATEST repeat=1 scope=internal_cv fold=8 phase=snde epoch=30 path=/data/adodas/VarCoNet-V2-main/xiaolunwen/experiment1c/checkpoints/worker_r1_latest.pt
[SNDE] repeat=1 scope=internal_cv fold=8 epoch=30/149 train_bce=0.168024 val_bce=0.646587 best=N best_epoch=5 asd_gate=(+0.137,-0.000,g0.863) hc_gate=(+0.095,-0.006,g0.899) pos_weight_l2=0.221341 neg_weight_l2=0.533451 mean_abs_pos_correction=0.240122 mean_abs_neg_correction=0.001163 elapsed_seconds=0.62
CHECKPOINT_LATEST repeat=1 scope=internal_cv fold=8 phase=snde epoch=40 path=/data/adodas/VarCoNet-V2-main/xiaolunwen/experiment1c/checkpoints/worker_r1_latest.pt
[SNDE] repeat=1 scope=internal_cv fold=8 epoch=40/149 train_bce=0.167402 val_bce=0.669000 best=N best_epoch=5 asd_gate=(+0.137,-0.000,g0.863) hc_gate=(+0.095,-0.006,g0.899) pos_weight_l2=0.264028 neg_weight_l2=0.692524 mean_abs_pos_correction=0.264274 mean_abs_neg_correction=0.001449 elapsed_seconds=9.04
CHECKPOINT_LATEST repeat=1 scope=internal_cv fold=8 phase=snde epoch=50 path=/data/adodas/VarCoNet-V2-main/xiaolunwen/experiment1c/checkpoints/worker_r1_latest.pt
[SNDE] repeat=1 scope=internal_cv fold=8 epoch=50/149 train_bce=0.166965 val_bce=0.679479 best=N best_epoch=5 asd_gate=(+0.137,-0.000,g0.863) hc_gate=(+0.095,-0.006,g0.899) pos_weight_l2=0.301082 neg_weight_l2=0.847387 mean_abs_pos_correction=0.287237 mean_abs_neg_correction=0.001696 elapsed_seconds=0.51
CHECKPOINT_LATEST repeat=1 scope=internal_cv fold=8 phase=snde epoch=60 path=/data/adodas/VarCoNet-V2-main/xiaolunwen/experiment1c/checkpoints/worker_r1_latest.pt
[SNDE] repeat=1 scope=internal_cv fold=8 epoch=60/149 train_bce=0.166634 val_bce=0.693321 best=N best_epoch=5 asd_gate=(+0.137,-0.000,g0.863) hc_gate=(+0.095,-0.006,g0.899) pos_weight_l2=0.334647 neg_weight_l2=0.999595 mean_abs_pos_correction=0.305518 mean_abs_neg_correction=0.001915 elapsed_seconds=0.79
CHECKPOINT_LATEST repeat=1 scope=internal_cv fold=8 phase=snde epoch=70 path=/data/adodas/VarCoNet-V2-main/xiaolunwen/experiment1c/checkpoints/worker_r1_latest.pt
[SNDE] repeat=1 scope=internal_cv fold=8 epoch=70/149 train_bce=0.166368 val_bce=0.702135 best=N best_epoch=5 asd_gate=(+0.137,-0.000,g0.863) hc_gate=(+0.095,-0.006,g0.899) pos_weight_l2=0.365783 neg_weight_l2=1.149907 mean_abs_pos_correction=0.325050 mean_abs_neg_correction=0.002113 elapsed_seconds=0.41
CHECKPOINT_LATEST repeat=1 scope=internal_cv fold=8 phase=snde epoch=80 path=/data/adodas/VarCoNet-V2-main/xiaolunwen/experiment1c/checkpoints/worker_r1_latest.pt
[SNDE] repeat=1 scope=internal_cv fold=8 epoch=80/149 train_bce=0.166145 val_bce=0.711739 best=N best_epoch=5 asd_gate=(+0.137,-0.000,g0.863) hc_gate=(+0.095,-0.006,g0.899) pos_weight_l2=0.395204 neg_weight_l2=1.298648 mean_abs_pos_correction=0.341450 mean_abs_neg_correction=0.002295 elapsed_seconds=0.38
CHECKPOINT_LATEST repeat=1 scope=internal_cv fold=8 phase=snde epoch=90 path=/data/adodas/VarCoNet-V2-main/xiaolunwen/experiment1c/checkpoints/worker_r1_latest.pt
[SNDE] repeat=1 scope=internal_cv fold=8 epoch=90/149 train_bce=0.165955 val_bce=0.719095 best=N best_epoch=5 asd_gate=(+0.137,-0.000,g0.863) hc_gate=(+0.095,-0.006,g0.899) pos_weight_l2=0.423277 neg_weight_l2=1.445928 mean_abs_pos_correction=0.357135 mean_abs_neg_correction=0.002464 elapsed_seconds=0.45
CHECKPOINT_LATEST repeat=1 scope=internal_cv fold=8 phase=snde epoch=100 path=/data/adodas/VarCoNet-V2-main/xiaolunwen/experiment1c/checkpoints/worker_r1_latest.pt
[SNDE] repeat=1 scope=internal_cv fold=8 epoch=100/149 train_bce=0.165787 val_bce=0.726117 best=N best_epoch=5 asd_gate=(+0.137,-0.000,g0.863) hc_gate=(+0.095,-0.006,g0.899) pos_weight_l2=0.450259 neg_weight_l2=1.591757 mean_abs_pos_correction=0.371817 mean_abs_neg_correction=0.002623 elapsed_seconds=0.59
CHECKPOINT_LATEST repeat=1 scope=internal_cv fold=8 phase=snde epoch=110 path=/data/adodas/VarCoNet-V2-main/xiaolunwen/experiment1c/checkpoints/worker_r1_latest.pt
[SNDE] repeat=1 scope=internal_cv fold=8 epoch=110/149 train_bce=0.165639 val_bce=0.731516 best=N best_epoch=5 asd_gate=(+0.137,-0.000,g0.863) hc_gate=(+0.095,-0.006,g0.899) pos_weight_l2=0.476298 neg_weight_l2=1.736104 mean_abs_pos_correction=0.386292 mean_abs_neg_correction=0.002774 elapsed_seconds=0.74
CHECKPOINT_LATEST repeat=1 scope=internal_cv fold=8 phase=snde epoch=120 path=/data/adodas/VarCoNet-V2-main/xiaolunwen/experiment1c/checkpoints/worker_r1_latest.pt
[SNDE] repeat=1 scope=internal_cv fold=8 epoch=120/149 train_bce=0.165506 val_bce=0.737440 best=N best_epoch=5 asd_gate=(+0.137,-0.000,g0.863) hc_gate=(+0.095,-0.006,g0.899) pos_weight_l2=0.501518 neg_weight_l2=1.878932 mean_abs_pos_correction=0.400015 mean_abs_neg_correction=0.002918 elapsed_seconds=1.04
CHECKPOINT_LATEST repeat=1 scope=internal_cv fold=8 phase=snde epoch=130 path=/data/adodas/VarCoNet-V2-main/xiaolunwen/experiment1c/checkpoints/worker_r1_latest.pt
[SNDE] repeat=1 scope=internal_cv fold=8 epoch=130/149 train_bce=0.165386 val_bce=0.742526 best=N best_epoch=5 asd_gate=(+0.137,-0.000,g0.863) hc_gate=(+0.095,-0.006,g0.899) pos_weight_l2=0.526008 neg_weight_l2=2.020206 mean_abs_pos_correction=0.413248 mean_abs_neg_correction=0.003056 elapsed_seconds=1.04
CHECKPOINT_LATEST repeat=1 scope=internal_cv fold=8 phase=snde epoch=140 path=/data/adodas/VarCoNet-V2-main/xiaolunwen/experiment1c/checkpoints/worker_r1_latest.pt
[SNDE] repeat=1 scope=internal_cv fold=8 epoch=140/149 train_bce=0.165276 val_bce=0.747913 best=N best_epoch=5 asd_gate=(+0.137,-0.000,g0.863) hc_gate=(+0.095,-0.006,g0.899) pos_weight_l2=0.549847 neg_weight_l2=2.159902 mean_abs_pos_correction=0.425880 mean_abs_neg_correction=0.003189 elapsed_seconds=4.95
CHECKPOINT_LATEST repeat=1 scope=internal_cv fold=8 phase=snde epoch=149 path=/data/adodas/VarCoNet-V2-main/xiaolunwen/experiment1c/checkpoints/worker_r1_latest.pt
[SNDE] repeat=1 scope=internal_cv fold=8 epoch=149/149 train_bce=0.165184 val_bce=0.748870 best=N best_epoch=5 asd_gate=(+0.137,-0.000,g0.863) hc_gate=(+0.095,-0.006,g0.899) pos_weight_l2=0.570798 neg_weight_l2=2.284265 mean_abs_pos_correction=0.436966 mean_abs_neg_correction=0.003305 elapsed_seconds=0.98
TASK_TRAINING_DONE repeat=1 scope=internal_cv fold=8 base_encoder_epoch=47 base_classifier_epoch=50 base_val_bce=0.603122 crsm_epoch=0 crsm_val_bce=0.603122 snde_epoch=5 snde_val_bce=0.594193 elapsed_minutes=5.7
TASK_DONE repeat=1 scope=internal_fold fold=8 method=baseline selected_encoder_epoch=47 test_auc=0.721328 test_bce=0.617682 elapsed_minutes=5.7
TASK_DONE repeat=1 scope=internal_fold fold=8 method=crsm_corrected selected_encoder_epoch=47 test_auc=0.721328 test_bce=0.617682 elapsed_minutes=5.7
TASK_DONE repeat=1 scope=internal_fold fold=8 method=selective_normative_deviation_experts selected_encoder_epoch=47 test_auc=0.716658 test_bce=0.676105 elapsed_minutes=5.7
TASK_START repeat=1 scope=internal_cv fold=9 seed=100109 device=cuda:0 methods=baseline,crsm_corrected,selective_normative_deviation_experts shared_encoder=Y reference_unique_n=674 train_n=750 val_n=120
CHECKPOINT_BEST repeat=1 scope=internal_cv fold=9 phase=ssl epoch=1 path=/data/adodas/VarCoNet-V2-main/xiaolunwen/experiment1c/checkpoints/worker_r1_best.pt
[SSL] repeat=1 scope=internal_cv fold=9 epoch=1/50 ssl_loss=0.110247 lr=0.000024107 base_val_bce=0.673020 base_best=Y base_cls_epoch=12 epoch_seconds=8.5 task_elapsed_minutes=0.2 gpu_alloc_gb=0.318 gpu_reserved_gb=1.744
[SSL] repeat=1 scope=internal_cv fold=9 epoch=2/50 ssl_loss=0.098714 lr=0.000038214 base_val_bce=0.676075 base_best=N base_cls_epoch=8 epoch_seconds=5.9 task_elapsed_minutes=0.3 gpu_alloc_gb=0.317 gpu_reserved_gb=2.008
[SSL] repeat=1 scope=internal_cv fold=9 epoch=3/50 ssl_loss=0.098489 lr=0.000052321 base_val_bce=0.673230 base_best=N base_cls_epoch=7 epoch_seconds=6.9 task_elapsed_minutes=0.4 gpu_alloc_gb=0.318 gpu_reserved_gb=1.744
CHECKPOINT_BEST repeat=1 scope=internal_cv fold=9 phase=ssl epoch=4 path=/data/adodas/VarCoNet-V2-main/xiaolunwen/experiment1c/checkpoints/worker_r1_best.pt
[SSL] repeat=1 scope=internal_cv fold=9 epoch=4/50 ssl_loss=0.113594 lr=0.000066427 base_val_bce=0.664537 base_best=Y base_cls_epoch=8 epoch_seconds=8.2 task_elapsed_minutes=0.5 gpu_alloc_gb=0.317 gpu_reserved_gb=2.008
[SSL] repeat=1 scope=internal_cv fold=9 epoch=5/50 ssl_loss=0.093011 lr=0.000080534 base_val_bce=0.676437 base_best=N base_cls_epoch=11 epoch_seconds=8.7 task_elapsed_minutes=0.6 gpu_alloc_gb=0.318 gpu_reserved_gb=1.744
[SSL] repeat=1 scope=internal_cv fold=9 epoch=6/50 ssl_loss=0.070368 lr=0.000094641 base_val_bce=0.668683 base_best=N base_cls_epoch=13 epoch_seconds=4.8 task_elapsed_minutes=0.7 gpu_alloc_gb=0.317 gpu_reserved_gb=2.008
[SSL] repeat=1 scope=internal_cv fold=9 epoch=7/50 ssl_loss=0.067767 lr=0.000108748 base_val_bce=0.667467 base_best=N base_cls_epoch=14 epoch_seconds=3.7 task_elapsed_minutes=0.8 gpu_alloc_gb=0.318 gpu_reserved_gb=1.744
[SSL] repeat=1 scope=internal_cv fold=9 epoch=8/50 ssl_loss=0.058680 lr=0.000122855 base_val_bce=0.668885 base_best=N base_cls_epoch=12 epoch_seconds=3.3 task_elapsed_minutes=0.8 gpu_alloc_gb=0.317 gpu_reserved_gb=2.008
CHECKPOINT_BEST repeat=1 scope=internal_cv fold=9 phase=ssl epoch=9 path=/data/adodas/VarCoNet-V2-main/xiaolunwen/experiment1c/checkpoints/worker_r1_best.pt
[SSL] repeat=1 scope=internal_cv fold=9 epoch=9/50 ssl_loss=0.070513 lr=0.000136962 base_val_bce=0.656885 base_best=Y base_cls_epoch=14 epoch_seconds=3.6 task_elapsed_minutes=0.9 gpu_alloc_gb=0.318 gpu_reserved_gb=1.744
CHECKPOINT_LATEST repeat=1 scope=internal_cv fold=9 phase=ssl epoch=10 path=/data/adodas/VarCoNet-V2-main/xiaolunwen/experiment1c/checkpoints/worker_r1_latest.pt
[SSL] repeat=1 scope=internal_cv fold=9 epoch=10/50 ssl_loss=0.051374 lr=0.000136962 base_val_bce=0.658257 base_best=N base_cls_epoch=11 epoch_seconds=4.6 task_elapsed_minutes=1.0 gpu_alloc_gb=0.317 gpu_reserved_gb=2.008
[SSL] repeat=1 scope=internal_cv fold=9 epoch=11/50 ssl_loss=0.062436 lr=0.000136751 base_val_bce=0.660078 base_best=N base_cls_epoch=16 epoch_seconds=6.1 task_elapsed_minutes=1.1 gpu_alloc_gb=0.318 gpu_reserved_gb=1.744
[SSL] repeat=1 scope=internal_cv fold=9 epoch=12/50 ssl_loss=0.049404 lr=0.000136119 base_val_bce=0.662109 base_best=N base_cls_epoch=18 epoch_seconds=3.0 task_elapsed_minutes=1.1 gpu_alloc_gb=0.317 gpu_reserved_gb=2.008
[SSL] repeat=1 scope=internal_cv fold=9 epoch=13/50 ssl_loss=0.064537 lr=0.000135070 base_val_bce=0.657963 base_best=N base_cls_epoch=16 epoch_seconds=5.9 task_elapsed_minutes=1.2 gpu_alloc_gb=0.318 gpu_reserved_gb=1.744
[SSL] repeat=1 scope=internal_cv fold=9 epoch=14/50 ssl_loss=0.054960 lr=0.000133610 base_val_bce=0.659066 base_best=N base_cls_epoch=16 epoch_seconds=3.9 task_elapsed_minutes=1.3 gpu_alloc_gb=0.317 gpu_reserved_gb=2.008
[SSL] repeat=1 scope=internal_cv fold=9 epoch=15/50 ssl_loss=0.044320 lr=0.000131749 base_val_bce=0.664503 base_best=N base_cls_epoch=19 epoch_seconds=3.8 task_elapsed_minutes=1.4 gpu_alloc_gb=0.318 gpu_reserved_gb=1.744
[SSL] repeat=1 scope=internal_cv fold=9 epoch=16/50 ssl_loss=0.052128 lr=0.000129498 base_val_bce=0.658294 base_best=N base_cls_epoch=18 epoch_seconds=3.7 task_elapsed_minutes=1.4 gpu_alloc_gb=0.317 gpu_reserved_gb=2.008
[SSL] repeat=1 scope=internal_cv fold=9 epoch=17/50 ssl_loss=0.037008 lr=0.000126870 base_val_bce=0.665518 base_best=N base_cls_epoch=15 epoch_seconds=3.7 task_elapsed_minutes=1.5 gpu_alloc_gb=0.318 gpu_reserved_gb=1.744
[SSL] repeat=1 scope=internal_cv fold=9 epoch=18/50 ssl_loss=0.046042 lr=0.000123883 base_val_bce=0.659321 base_best=N base_cls_epoch=18 epoch_seconds=3.8 task_elapsed_minutes=1.6 gpu_alloc_gb=0.317 gpu_reserved_gb=2.008
[SSL] repeat=1 scope=internal_cv fold=9 epoch=19/50 ssl_loss=0.044856 lr=0.000120554 base_val_bce=0.660259 base_best=N base_cls_epoch=15 epoch_seconds=3.9 task_elapsed_minutes=1.6 gpu_alloc_gb=0.318 gpu_reserved_gb=1.744
CHECKPOINT_LATEST repeat=1 scope=internal_cv fold=9 phase=ssl epoch=20 path=/data/adodas/VarCoNet-V2-main/xiaolunwen/experiment1c/checkpoints/worker_r1_latest.pt
[SSL] repeat=1 scope=internal_cv fold=9 epoch=20/50 ssl_loss=0.044653 lr=0.000116904 base_val_bce=0.671632 base_best=N base_cls_epoch=17 epoch_seconds=4.1 task_elapsed_minutes=1.7 gpu_alloc_gb=0.317 gpu_reserved_gb=2.008
[SSL] repeat=1 scope=internal_cv fold=9 epoch=21/50 ssl_loss=0.049664 lr=0.000112956 base_val_bce=0.660585 base_best=N base_cls_epoch=16 epoch_seconds=3.6 task_elapsed_minutes=1.8 gpu_alloc_gb=0.318 gpu_reserved_gb=1.744
[SSL] repeat=1 scope=internal_cv fold=9 epoch=22/50 ssl_loss=0.046594 lr=0.000108733 base_val_bce=0.658365 base_best=N base_cls_epoch=18 epoch_seconds=3.8 task_elapsed_minutes=1.8 gpu_alloc_gb=0.317 gpu_reserved_gb=2.008
[SSL] repeat=1 scope=internal_cv fold=9 epoch=23/50 ssl_loss=0.058165 lr=0.000104262 base_val_bce=0.665710 base_best=N base_cls_epoch=16 epoch_seconds=3.8 task_elapsed_minutes=1.9 gpu_alloc_gb=0.318 gpu_reserved_gb=1.744
[SSL] repeat=1 scope=internal_cv fold=9 epoch=24/50 ssl_loss=0.042428 lr=0.000099570 base_val_bce=0.659972 base_best=N base_cls_epoch=17 epoch_seconds=3.5 task_elapsed_minutes=1.9 gpu_alloc_gb=0.317 gpu_reserved_gb=2.008
[SSL] repeat=1 scope=internal_cv fold=9 epoch=25/50 ssl_loss=0.043327 lr=0.000094687 base_val_bce=0.662399 base_best=N base_cls_epoch=18 epoch_seconds=3.7 task_elapsed_minutes=2.0 gpu_alloc_gb=0.318 gpu_reserved_gb=1.744
[SSL] repeat=1 scope=internal_cv fold=9 epoch=26/50 ssl_loss=0.047576 lr=0.000089643 base_val_bce=0.663550 base_best=N base_cls_epoch=20 epoch_seconds=3.7 task_elapsed_minutes=2.1 gpu_alloc_gb=0.317 gpu_reserved_gb=2.008
[SSL] repeat=1 scope=internal_cv fold=9 epoch=27/50 ssl_loss=0.045768 lr=0.000084467 base_val_bce=0.663302 base_best=N base_cls_epoch=20 epoch_seconds=4.0 task_elapsed_minutes=2.1 gpu_alloc_gb=0.318 gpu_reserved_gb=1.744
[SSL] repeat=1 scope=internal_cv fold=9 epoch=28/50 ssl_loss=0.045255 lr=0.000079194 base_val_bce=0.668772 base_best=N base_cls_epoch=17 epoch_seconds=3.8 task_elapsed_minutes=2.2 gpu_alloc_gb=0.317 gpu_reserved_gb=2.008
[SSL] repeat=1 scope=internal_cv fold=9 epoch=29/50 ssl_loss=0.045105 lr=0.000073854 base_val_bce=0.662294 base_best=N base_cls_epoch=17 epoch_seconds=3.8 task_elapsed_minutes=2.3 gpu_alloc_gb=0.318 gpu_reserved_gb=1.744
CHECKPOINT_LATEST repeat=1 scope=internal_cv fold=9 phase=ssl epoch=30 path=/data/adodas/VarCoNet-V2-main/xiaolunwen/experiment1c/checkpoints/worker_r1_latest.pt
[SSL] repeat=1 scope=internal_cv fold=9 epoch=30/50 ssl_loss=0.053149 lr=0.000068481 base_val_bce=0.658330 base_best=N base_cls_epoch=17 epoch_seconds=9.2 task_elapsed_minutes=2.4 gpu_alloc_gb=0.317 gpu_reserved_gb=2.008
CHECKPOINT_BEST repeat=1 scope=internal_cv fold=9 phase=ssl epoch=31 path=/data/adodas/VarCoNet-V2-main/xiaolunwen/experiment1c/checkpoints/worker_r1_best.pt
[SSL] repeat=1 scope=internal_cv fold=9 epoch=31/50 ssl_loss=0.043819 lr=0.000063108 base_val_bce=0.655763 base_best=Y base_cls_epoch=17 epoch_seconds=3.9 task_elapsed_minutes=2.5 gpu_alloc_gb=0.318 gpu_reserved_gb=1.744
[SSL] repeat=1 scope=internal_cv fold=9 epoch=32/50 ssl_loss=0.035195 lr=0.000057768 base_val_bce=0.673324 base_best=N base_cls_epoch=17 epoch_seconds=3.8 task_elapsed_minutes=2.5 gpu_alloc_gb=0.317 gpu_reserved_gb=2.008
[SSL] repeat=1 scope=internal_cv fold=9 epoch=33/50 ssl_loss=0.044719 lr=0.000052494 base_val_bce=0.670512 base_best=N base_cls_epoch=18 epoch_seconds=3.1 task_elapsed_minutes=2.6 gpu_alloc_gb=0.318 gpu_reserved_gb=1.744
CHECKPOINT_BEST repeat=1 scope=internal_cv fold=9 phase=ssl epoch=34 path=/data/adodas/VarCoNet-V2-main/xiaolunwen/experiment1c/checkpoints/worker_r1_best.pt
[SSL] repeat=1 scope=internal_cv fold=9 epoch=34/50 ssl_loss=0.041222 lr=0.000047319 base_val_bce=0.647492 base_best=Y base_cls_epoch=17 epoch_seconds=6.1 task_elapsed_minutes=2.7 gpu_alloc_gb=0.317 gpu_reserved_gb=2.008
[SSL] repeat=1 scope=internal_cv fold=9 epoch=35/50 ssl_loss=0.038196 lr=0.000042274 base_val_bce=0.673394 base_best=N base_cls_epoch=15 epoch_seconds=8.1 task_elapsed_minutes=2.8 gpu_alloc_gb=0.318 gpu_reserved_gb=1.744
[SSL] repeat=1 scope=internal_cv fold=9 epoch=36/50 ssl_loss=0.051014 lr=0.000037391 base_val_bce=0.661110 base_best=N base_cls_epoch=15 epoch_seconds=8.2 task_elapsed_minutes=3.0 gpu_alloc_gb=0.317 gpu_reserved_gb=2.008
[SSL] repeat=1 scope=internal_cv fold=9 epoch=37/50 ssl_loss=0.042580 lr=0.000032700 base_val_bce=0.663875 base_best=N base_cls_epoch=17 epoch_seconds=6.0 task_elapsed_minutes=3.1 gpu_alloc_gb=0.318 gpu_reserved_gb=1.744
[SSL] repeat=1 scope=internal_cv fold=9 epoch=38/50 ssl_loss=0.039798 lr=0.000028229 base_val_bce=0.658664 base_best=N base_cls_epoch=18 epoch_seconds=8.3 task_elapsed_minutes=3.2 gpu_alloc_gb=0.317 gpu_reserved_gb=2.008
[SSL] repeat=1 scope=internal_cv fold=9 epoch=39/50 ssl_loss=0.045763 lr=0.000024006 base_val_bce=0.661010 base_best=N base_cls_epoch=18 epoch_seconds=6.1 task_elapsed_minutes=3.3 gpu_alloc_gb=0.318 gpu_reserved_gb=1.744
CHECKPOINT_LATEST repeat=1 scope=internal_cv fold=9 phase=ssl epoch=40 path=/data/adodas/VarCoNet-V2-main/xiaolunwen/experiment1c/checkpoints/worker_r1_latest.pt
[SSL] repeat=1 scope=internal_cv fold=9 epoch=40/50 ssl_loss=0.046178 lr=0.000020058 base_val_bce=0.671364 base_best=N base_cls_epoch=17 epoch_seconds=6.4 task_elapsed_minutes=3.4 gpu_alloc_gb=0.317 gpu_reserved_gb=2.008
[SSL] repeat=1 scope=internal_cv fold=9 epoch=41/50 ssl_loss=0.037442 lr=0.000016408 base_val_bce=0.656832 base_best=N base_cls_epoch=16 epoch_seconds=7.7 task_elapsed_minutes=3.5 gpu_alloc_gb=0.318 gpu_reserved_gb=1.744
[SSL] repeat=1 scope=internal_cv fold=9 epoch=42/50 ssl_loss=0.035759 lr=0.000013079 base_val_bce=0.669761 base_best=N base_cls_epoch=18 epoch_seconds=3.7 task_elapsed_minutes=3.6 gpu_alloc_gb=0.317 gpu_reserved_gb=2.008
[SSL] repeat=1 scope=internal_cv fold=9 epoch=43/50 ssl_loss=0.043044 lr=0.000010091 base_val_bce=0.668490 base_best=N base_cls_epoch=14 epoch_seconds=2.8 task_elapsed_minutes=3.7 gpu_alloc_gb=0.318 gpu_reserved_gb=1.744
[SSL] repeat=1 scope=internal_cv fold=9 epoch=44/50 ssl_loss=0.052209 lr=0.000007464 base_val_bce=0.658692 base_best=N base_cls_epoch=18 epoch_seconds=3.5 task_elapsed_minutes=3.7 gpu_alloc_gb=0.317 gpu_reserved_gb=2.008
[SSL] repeat=1 scope=internal_cv fold=9 epoch=45/50 ssl_loss=0.063097 lr=0.000005213 base_val_bce=0.665378 base_best=N base_cls_epoch=14 epoch_seconds=9.6 task_elapsed_minutes=3.9 gpu_alloc_gb=0.318 gpu_reserved_gb=1.744
[SSL] repeat=1 scope=internal_cv fold=9 epoch=46/50 ssl_loss=0.043730 lr=0.000003352 base_val_bce=0.662422 base_best=N base_cls_epoch=16 epoch_seconds=8.6 task_elapsed_minutes=4.0 gpu_alloc_gb=0.317 gpu_reserved_gb=2.008
[SSL] repeat=1 scope=internal_cv fold=9 epoch=47/50 ssl_loss=0.035798 lr=0.000001892 base_val_bce=0.662222 base_best=N base_cls_epoch=15 epoch_seconds=3.8 task_elapsed_minutes=4.1 gpu_alloc_gb=0.318 gpu_reserved_gb=1.744
[SSL] repeat=1 scope=internal_cv fold=9 epoch=48/50 ssl_loss=0.045648 lr=0.000000843 base_val_bce=0.656292 base_best=N base_cls_epoch=17 epoch_seconds=3.6 task_elapsed_minutes=4.1 gpu_alloc_gb=0.317 gpu_reserved_gb=2.008
[SSL] repeat=1 scope=internal_cv fold=9 epoch=49/50 ssl_loss=0.032913 lr=0.000000211 base_val_bce=0.664226 base_best=N base_cls_epoch=16 epoch_seconds=3.9 task_elapsed_minutes=4.2 gpu_alloc_gb=0.318 gpu_reserved_gb=1.744
CHECKPOINT_LATEST repeat=1 scope=internal_cv fold=9 phase=ssl epoch=50 path=/data/adodas/VarCoNet-V2-main/xiaolunwen/experiment1c/checkpoints/worker_r1_latest.pt
[SSL] repeat=1 scope=internal_cv fold=9 epoch=50/50 ssl_loss=0.040829 lr=0.000000000 base_val_bce=0.664083 base_best=N base_cls_epoch=18 epoch_seconds=4.1 task_elapsed_minutes=4.3 gpu_alloc_gb=0.317 gpu_reserved_gb=2.008
[CRSM_ZERO_BASELINE] repeat=1 scope=internal_cv fold=9 epoch=0 exact_zero=Y val_bce=0.647492 probability_max_abs=5.96e-08
CHECKPOINT_LATEST repeat=1 scope=internal_cv fold=9 phase=crsm_corrected epoch=0 path=/data/adodas/VarCoNet-V2-main/xiaolunwen/experiment1c/checkpoints/worker_r1_latest.pt
CHECKPOINT_BEST repeat=1 scope=internal_cv fold=9 phase=crsm_corrected epoch=0 path=/data/adodas/VarCoNet-V2-main/xiaolunwen/experiment1c/checkpoints/worker_r1_best.pt
CHECKPOINT_BEST repeat=1 scope=internal_cv fold=9 phase=crsm_corrected epoch=0 path=/data/adodas/VarCoNet-V2-main/xiaolunwen/experiment1c/checkpoints/worker_r1_best.pt
CHECKPOINT_LATEST repeat=1 scope=internal_cv fold=9 phase=crsm_corrected epoch=0 path=/data/adodas/VarCoNet-V2-main/xiaolunwen/experiment1c/checkpoints/worker_r1_latest.pt
[CRSM_SYMMETRY_START] repeat=1 scope=internal_cv fold=9 after_exact_zero=Y pca_unit_norm=1.00000000 pca_singular=124.667603 symmetry_scale=0.00145332282
CHECKPOINT_LATEST repeat=1 scope=internal_cv fold=9 phase=crsm_corrected epoch=10 path=/data/adodas/VarCoNet-V2-main/xiaolunwen/experiment1c/checkpoints/worker_r1_latest.pt
[CRSM_CORRECTED] repeat=1 scope=internal_cv fold=9 epoch=10/149 train_loss=0.352531 val_bce=0.655565 best=N best_epoch=0 asd_mass=(0.5009,0.4991) hc_mass=(0.5000,0.5000) delta_l2=(0.131412,0.130958) epoch_seconds=0.30
CHECKPOINT_LATEST repeat=1 scope=internal_cv fold=9 phase=crsm_corrected epoch=20 path=/data/adodas/VarCoNet-V2-main/xiaolunwen/experiment1c/checkpoints/worker_r1_latest.pt
[CRSM_CORRECTED] repeat=1 scope=internal_cv fold=9 epoch=20/149 train_loss=0.308302 val_bce=0.668887 best=N best_epoch=0 asd_mass=(0.5010,0.4990) hc_mass=(0.5000,0.5000) delta_l2=(0.251244,0.250763) epoch_seconds=0.53
CHECKPOINT_LATEST repeat=1 scope=internal_cv fold=9 phase=crsm_corrected epoch=30 path=/data/adodas/VarCoNet-V2-main/xiaolunwen/experiment1c/checkpoints/worker_r1_latest.pt
[CRSM_CORRECTED] repeat=1 scope=internal_cv fold=9 epoch=30/149 train_loss=0.277204 val_bce=0.684289 best=N best_epoch=0 asd_mass=(0.5008,0.4992) hc_mass=(0.5000,0.5000) delta_l2=(0.358697,0.358148) epoch_seconds=0.40
CHECKPOINT_LATEST repeat=1 scope=internal_cv fold=9 phase=crsm_corrected epoch=40 path=/data/adodas/VarCoNet-V2-main/xiaolunwen/experiment1c/checkpoints/worker_r1_latest.pt
[CRSM_CORRECTED] repeat=1 scope=internal_cv fold=9 epoch=40/149 train_loss=0.254996 val_bce=0.700835 best=N best_epoch=0 asd_mass=(0.5003,0.4997) hc_mass=(0.5000,0.5000) delta_l2=(0.454303,0.453677) epoch_seconds=0.43
CHECKPOINT_LATEST repeat=1 scope=internal_cv fold=9 phase=crsm_corrected epoch=50 path=/data/adodas/VarCoNet-V2-main/xiaolunwen/experiment1c/checkpoints/worker_r1_latest.pt
[CRSM_CORRECTED] repeat=1 scope=internal_cv fold=9 epoch=50/149 train_loss=0.238790 val_bce=0.717606 best=N best_epoch=0 asd_mass=(0.4995,0.5005) hc_mass=(0.5000,0.5000) delta_l2=(0.539488,0.538869) epoch_seconds=0.47
CHECKPOINT_LATEST repeat=1 scope=internal_cv fold=9 phase=crsm_corrected epoch=60 path=/data/adodas/VarCoNet-V2-main/xiaolunwen/experiment1c/checkpoints/worker_r1_latest.pt
[CRSM_CORRECTED] repeat=1 scope=internal_cv fold=9 epoch=60/149 train_loss=0.226692 val_bce=0.734479 best=N best_epoch=0 asd_mass=(0.4986,0.5014) hc_mass=(0.5000,0.5000) delta_l2=(0.615819,0.615340) epoch_seconds=0.46
CHECKPOINT_LATEST repeat=1 scope=internal_cv fold=9 phase=crsm_corrected epoch=70 path=/data/adodas/VarCoNet-V2-main/xiaolunwen/experiment1c/checkpoints/worker_r1_latest.pt
[CRSM_CORRECTED] repeat=1 scope=internal_cv fold=9 epoch=70/149 train_loss=0.217437 val_bce=0.751389 best=N best_epoch=0 asd_mass=(0.4976,0.5024) hc_mass=(0.5000,0.5000) delta_l2=(0.684643,0.684460) epoch_seconds=0.34
CHECKPOINT_LATEST repeat=1 scope=internal_cv fold=9 phase=crsm_corrected epoch=80 path=/data/adodas/VarCoNet-V2-main/xiaolunwen/experiment1c/checkpoints/worker_r1_latest.pt
[CRSM_CORRECTED] repeat=1 scope=internal_cv fold=9 epoch=80/149 train_loss=0.210167 val_bce=0.768181 best=N best_epoch=0 asd_mass=(0.4972,0.5028) hc_mass=(0.5000,0.5000) delta_l2=(0.747120,0.747353) epoch_seconds=0.59
CHECKPOINT_LATEST repeat=1 scope=internal_cv fold=9 phase=crsm_corrected epoch=90 path=/data/adodas/VarCoNet-V2-main/xiaolunwen/experiment1c/checkpoints/worker_r1_latest.pt
[CRSM_CORRECTED] repeat=1 scope=internal_cv fold=9 epoch=90/149 train_loss=0.204316 val_bce=0.784979 best=N best_epoch=0 asd_mass=(0.4977,0.5023) hc_mass=(0.5000,0.5000) delta_l2=(0.804319,0.804918) epoch_seconds=0.63
CHECKPOINT_LATEST repeat=1 scope=internal_cv fold=9 phase=crsm_corrected epoch=100 path=/data/adodas/VarCoNet-V2-main/xiaolunwen/experiment1c/checkpoints/worker_r1_latest.pt
[CRSM_CORRECTED] repeat=1 scope=internal_cv fold=9 epoch=100/149 train_loss=0.199521 val_bce=0.801803 best=N best_epoch=0 asd_mass=(0.4992,0.5008) hc_mass=(0.5000,0.5000) delta_l2=(0.857167,0.857849) epoch_seconds=0.27
CHECKPOINT_LATEST repeat=1 scope=internal_cv fold=9 phase=crsm_corrected epoch=110 path=/data/adodas/VarCoNet-V2-main/xiaolunwen/experiment1c/checkpoints/worker_r1_latest.pt
[CRSM_CORRECTED] repeat=1 scope=internal_cv fold=9 epoch=110/149 train_loss=0.195553 val_bce=0.818510 best=N best_epoch=0 asd_mass=(0.5012,0.4988) hc_mass=(0.5000,0.5000) delta_l2=(0.906364,0.906685) epoch_seconds=0.43
CHECKPOINT_LATEST repeat=1 scope=internal_cv fold=9 phase=crsm_corrected epoch=120 path=/data/adodas/VarCoNet-V2-main/xiaolunwen/experiment1c/checkpoints/worker_r1_latest.pt
[CRSM_CORRECTED] repeat=1 scope=internal_cv fold=9 epoch=120/149 train_loss=0.192252 val_bce=0.834966 best=N best_epoch=0 asd_mass=(0.5035,0.4965) hc_mass=(0.5000,0.5000) delta_l2=(0.952381,0.951850) epoch_seconds=0.28
CHECKPOINT_LATEST repeat=1 scope=internal_cv fold=9 phase=crsm_corrected epoch=130 path=/data/adodas/VarCoNet-V2-main/xiaolunwen/experiment1c/checkpoints/worker_r1_latest.pt
[CRSM_CORRECTED] repeat=1 scope=internal_cv fold=9 epoch=130/149 train_loss=0.189498 val_bce=0.851062 best=N best_epoch=0 asd_mass=(0.5059,0.4941) hc_mass=(0.5000,0.5000) delta_l2=(0.995517,0.993705) epoch_seconds=0.62
CHECKPOINT_LATEST repeat=1 scope=internal_cv fold=9 phase=crsm_corrected epoch=140 path=/data/adodas/VarCoNet-V2-main/xiaolunwen/experiment1c/checkpoints/worker_r1_latest.pt
[CRSM_CORRECTED] repeat=1 scope=internal_cv fold=9 epoch=140/149 train_loss=0.187194 val_bce=0.866731 best=N best_epoch=0 asd_mass=(0.5083,0.4917) hc_mass=(0.5000,0.5000) delta_l2=(1.035986,1.032570) epoch_seconds=0.52
CHECKPOINT_LATEST repeat=1 scope=internal_cv fold=9 phase=crsm_corrected epoch=149 path=/data/adodas/VarCoNet-V2-main/xiaolunwen/experiment1c/checkpoints/worker_r1_latest.pt
[CRSM_CORRECTED] repeat=1 scope=internal_cv fold=9 epoch=149/149 train_loss=0.185438 val_bce=0.880423 best=N best_epoch=0 asd_mass=(0.5104,0.4896) hc_mass=(0.5000,0.5000) delta_l2=(1.070281,1.065228) epoch_seconds=0.36
[SNDE_NORMATIVE] repeat=1 scope=internal_cv fold=9 n_unique_asd=357 n_unique_hc=317 roi_dim=384 std_floor=0.0012759657 pc1_explained_fraction=0.229247 hc_score_mean_before_norm=-9.627e-08 hc_score_std_before_norm=7.68514 asd_positive_fraction=0.1541 asd_negative_fraction=0.0028 asd_generalist_fraction=0.8431 hc_positive_fraction=0.1009 hc_negative_fraction=0.0032 hc_generalist_fraction=0.8959
[SNDE_ZERO_BASELINE] repeat=1 scope=internal_cv fold=9 epoch=0 exact_zero=Y val_bce=0.647492 probability_max_abs=5.96e-08
CHECKPOINT_BEST repeat=1 scope=internal_cv fold=9 phase=snde epoch=0 path=/data/adodas/VarCoNet-V2-main/xiaolunwen/experiment1c/checkpoints/worker_r1_best.pt
CHECKPOINT_LATEST repeat=1 scope=internal_cv fold=9 phase=snde epoch=0 path=/data/adodas/VarCoNet-V2-main/xiaolunwen/experiment1c/checkpoints/worker_r1_latest.pt
CHECKPOINT_BEST repeat=1 scope=internal_cv fold=9 phase=snde epoch=1 path=/data/adodas/VarCoNet-V2-main/xiaolunwen/experiment1c/checkpoints/worker_r1_best.pt
CHECKPOINT_LATEST repeat=1 scope=internal_cv fold=9 phase=snde epoch=1 path=/data/adodas/VarCoNet-V2-main/xiaolunwen/experiment1c/checkpoints/worker_r1_latest.pt
[SNDE] repeat=1 scope=internal_cv fold=9 epoch=1/149 train_bce=0.408335 val_bce=0.642747 best=Y best_epoch=1 asd_gate=(+0.154,-0.003,g0.843) hc_gate=(+0.101,-0.003,g0.896) pos_weight_l2=0.019596 neg_weight_l2=0.019544 mean_abs_pos_correction=0.017517 mean_abs_neg_correction=0.000012 elapsed_seconds=0.85
CHECKPOINT_BEST repeat=1 scope=internal_cv fold=9 phase=snde epoch=4 path=/data/adodas/VarCoNet-V2-main/xiaolunwen/experiment1c/checkpoints/worker_r1_best.pt
CHECKPOINT_LATEST repeat=1 scope=internal_cv fold=9 phase=snde epoch=4 path=/data/adodas/VarCoNet-V2-main/xiaolunwen/experiment1c/checkpoints/worker_r1_latest.pt
[SNDE] repeat=1 scope=internal_cv fold=9 epoch=4/149 train_bce=0.400872 val_bce=0.639758 best=Y best_epoch=4 asd_gate=(+0.154,-0.003,g0.843) hc_gate=(+0.101,-0.003,g0.896) pos_weight_l2=0.049116 neg_weight_l2=0.077693 mean_abs_pos_correction=0.053905 mean_abs_neg_correction=0.000049 elapsed_seconds=1.10
CHECKPOINT_BEST repeat=1 scope=internal_cv fold=9 phase=snde epoch=5 path=/data/adodas/VarCoNet-V2-main/xiaolunwen/experiment1c/checkpoints/worker_r1_best.pt
CHECKPOINT_LATEST repeat=1 scope=internal_cv fold=9 phase=snde epoch=5 path=/data/adodas/VarCoNet-V2-main/xiaolunwen/experiment1c/checkpoints/worker_r1_latest.pt
[SNDE] repeat=1 scope=internal_cv fold=9 epoch=5/149 train_bce=0.399743 val_bce=0.637606 best=Y best_epoch=5 asd_gate=(+0.154,-0.003,g0.843) hc_gate=(+0.101,-0.003,g0.896) pos_weight_l2=0.057715 neg_weight_l2=0.096973 mean_abs_pos_correction=0.061248 mean_abs_neg_correction=0.000061 elapsed_seconds=1.23
CHECKPOINT_BEST repeat=1 scope=internal_cv fold=9 phase=snde epoch=6 path=/data/adodas/VarCoNet-V2-main/xiaolunwen/experiment1c/checkpoints/worker_r1_best.pt
CHECKPOINT_LATEST repeat=1 scope=internal_cv fold=9 phase=snde epoch=6 path=/data/adodas/VarCoNet-V2-main/xiaolunwen/experiment1c/checkpoints/worker_r1_latest.pt
[SNDE] repeat=1 scope=internal_cv fold=9 epoch=6/149 train_bce=0.399000 val_bce=0.637390 best=Y best_epoch=6 asd_gate=(+0.154,-0.003,g0.843) hc_gate=(+0.101,-0.003,g0.896) pos_weight_l2=0.065884 neg_weight_l2=0.116176 mean_abs_pos_correction=0.074190 mean_abs_neg_correction=0.000073 elapsed_seconds=1.75
CHECKPOINT_LATEST repeat=1 scope=internal_cv fold=9 phase=snde epoch=10 path=/data/adodas/VarCoNet-V2-main/xiaolunwen/experiment1c/checkpoints/worker_r1_latest.pt
[SNDE] repeat=1 scope=internal_cv fold=9 epoch=10/149 train_bce=0.395732 val_bce=0.639411 best=N best_epoch=6 asd_gate=(+0.154,-0.003,g0.843) hc_gate=(+0.101,-0.003,g0.896) pos_weight_l2=0.095855 neg_weight_l2=0.192020 mean_abs_pos_correction=0.126747 mean_abs_neg_correction=0.000125 elapsed_seconds=0.68
CHECKPOINT_BEST repeat=1 scope=internal_cv fold=9 phase=snde epoch=12 path=/data/adodas/VarCoNet-V2-main/xiaolunwen/experiment1c/checkpoints/worker_r1_best.pt
CHECKPOINT_LATEST repeat=1 scope=internal_cv fold=9 phase=snde epoch=12 path=/data/adodas/VarCoNet-V2-main/xiaolunwen/experiment1c/checkpoints/worker_r1_latest.pt
[SNDE] repeat=1 scope=internal_cv fold=9 epoch=12/149 train_bce=0.394509 val_bce=0.635977 best=Y best_epoch=12 asd_gate=(+0.154,-0.003,g0.843) hc_gate=(+0.101,-0.003,g0.896) pos_weight_l2=0.109379 neg_weight_l2=0.229312 mean_abs_pos_correction=0.136609 mean_abs_neg_correction=0.000153 elapsed_seconds=1.61
CHECKPOINT_BEST repeat=1 scope=internal_cv fold=9 phase=snde epoch=13 path=/data/adodas/VarCoNet-V2-main/xiaolunwen/experiment1c/checkpoints/worker_r1_best.pt
CHECKPOINT_LATEST repeat=1 scope=internal_cv fold=9 phase=snde epoch=13 path=/data/adodas/VarCoNet-V2-main/xiaolunwen/experiment1c/checkpoints/worker_r1_latest.pt
[SNDE] repeat=1 scope=internal_cv fold=9 epoch=13/149 train_bce=0.393908 val_bce=0.633709 best=Y best_epoch=13 asd_gate=(+0.154,-0.003,g0.843) hc_gate=(+0.101,-0.003,g0.896) pos_weight_l2=0.115884 neg_weight_l2=0.247811 mean_abs_pos_correction=0.138988 mean_abs_neg_correction=0.000166 elapsed_seconds=1.63
CHECKPOINT_BEST repeat=1 scope=internal_cv fold=9 phase=snde epoch=14 path=/data/adodas/VarCoNet-V2-main/xiaolunwen/experiment1c/checkpoints/worker_r1_best.pt
CHECKPOINT_LATEST repeat=1 scope=internal_cv fold=9 phase=snde epoch=14 path=/data/adodas/VarCoNet-V2-main/xiaolunwen/experiment1c/checkpoints/worker_r1_latest.pt
[SNDE] repeat=1 scope=internal_cv fold=9 epoch=14/149 train_bce=0.393358 val_bce=0.631523 best=Y best_epoch=14 asd_gate=(+0.154,-0.003,g0.843) hc_gate=(+0.101,-0.003,g0.896) pos_weight_l2=0.122258 neg_weight_l2=0.266219 mean_abs_pos_correction=0.140878 mean_abs_neg_correction=0.000181 elapsed_seconds=1.57
CHECKPOINT_BEST repeat=1 scope=internal_cv fold=9 phase=snde epoch=15 path=/data/adodas/VarCoNet-V2-main/xiaolunwen/experiment1c/checkpoints/worker_r1_best.pt
CHECKPOINT_LATEST repeat=1 scope=internal_cv fold=9 phase=snde epoch=15 path=/data/adodas/VarCoNet-V2-main/xiaolunwen/experiment1c/checkpoints/worker_r1_latest.pt
[SNDE] repeat=1 scope=internal_cv fold=9 epoch=15/149 train_bce=0.392869 val_bce=0.629624 best=Y best_epoch=15 asd_gate=(+0.154,-0.003,g0.843) hc_gate=(+0.101,-0.003,g0.896) pos_weight_l2=0.128513 neg_weight_l2=0.284543 mean_abs_pos_correction=0.143048 mean_abs_neg_correction=0.000195 elapsed_seconds=1.28
CHECKPOINT_BEST repeat=1 scope=internal_cv fold=9 phase=snde epoch=16 path=/data/adodas/VarCoNet-V2-main/xiaolunwen/experiment1c/checkpoints/worker_r1_best.pt
CHECKPOINT_LATEST repeat=1 scope=internal_cv fold=9 phase=snde epoch=16 path=/data/adodas/VarCoNet-V2-main/xiaolunwen/experiment1c/checkpoints/worker_r1_latest.pt
[SNDE] repeat=1 scope=internal_cv fold=9 epoch=16/149 train_bce=0.392430 val_bce=0.628100 best=Y best_epoch=16 asd_gate=(+0.154,-0.003,g0.843) hc_gate=(+0.101,-0.003,g0.896) pos_weight_l2=0.134654 neg_weight_l2=0.302785 mean_abs_pos_correction=0.145828 mean_abs_neg_correction=0.000209 elapsed_seconds=6.67
CHECKPOINT_BEST repeat=1 scope=internal_cv fold=9 phase=snde epoch=17 path=/data/adodas/VarCoNet-V2-main/xiaolunwen/experiment1c/checkpoints/worker_r1_best.pt
CHECKPOINT_LATEST repeat=1 scope=internal_cv fold=9 phase=snde epoch=17 path=/data/adodas/VarCoNet-V2-main/xiaolunwen/experiment1c/checkpoints/worker_r1_latest.pt
[SNDE] repeat=1 scope=internal_cv fold=9 epoch=17/149 train_bce=0.392022 val_bce=0.626956 best=Y best_epoch=17 asd_gate=(+0.154,-0.003,g0.843) hc_gate=(+0.101,-0.003,g0.896) pos_weight_l2=0.140684 neg_weight_l2=0.320952 mean_abs_pos_correction=0.149437 mean_abs_neg_correction=0.000224 elapsed_seconds=1.24
CHECKPOINT_BEST repeat=1 scope=internal_cv fold=9 phase=snde epoch=18 path=/data/adodas/VarCoNet-V2-main/xiaolunwen/experiment1c/checkpoints/worker_r1_best.pt
CHECKPOINT_LATEST repeat=1 scope=internal_cv fold=9 phase=snde epoch=18 path=/data/adodas/VarCoNet-V2-main/xiaolunwen/experiment1c/checkpoints/worker_r1_latest.pt
[SNDE] repeat=1 scope=internal_cv fold=9 epoch=18/149 train_bce=0.391631 val_bce=0.626153 best=Y best_epoch=18 asd_gate=(+0.154,-0.003,g0.843) hc_gate=(+0.101,-0.003,g0.896) pos_weight_l2=0.146604 neg_weight_l2=0.339045 mean_abs_pos_correction=0.153918 mean_abs_neg_correction=0.000239 elapsed_seconds=1.24
CHECKPOINT_BEST repeat=1 scope=internal_cv fold=9 phase=snde epoch=19 path=/data/adodas/VarCoNet-V2-main/xiaolunwen/experiment1c/checkpoints/worker_r1_best.pt
CHECKPOINT_LATEST repeat=1 scope=internal_cv fold=9 phase=snde epoch=19 path=/data/adodas/VarCoNet-V2-main/xiaolunwen/experiment1c/checkpoints/worker_r1_latest.pt
[SNDE] repeat=1 scope=internal_cv fold=9 epoch=19/149 train_bce=0.391248 val_bce=0.625632 best=Y best_epoch=19 asd_gate=(+0.154,-0.003,g0.843) hc_gate=(+0.101,-0.003,g0.896) pos_weight_l2=0.152419 neg_weight_l2=0.357068 mean_abs_pos_correction=0.159168 mean_abs_neg_correction=0.000254 elapsed_seconds=1.49
CHECKPOINT_BEST repeat=1 scope=internal_cv fold=9 phase=snde epoch=20 path=/data/adodas/VarCoNet-V2-main/xiaolunwen/experiment1c/checkpoints/worker_r1_best.pt
CHECKPOINT_LATEST repeat=1 scope=internal_cv fold=9 phase=snde epoch=20 path=/data/adodas/VarCoNet-V2-main/xiaolunwen/experiment1c/checkpoints/worker_r1_latest.pt
[SNDE] repeat=1 scope=internal_cv fold=9 epoch=20/149 train_bce=0.390875 val_bce=0.625325 best=Y best_epoch=20 asd_gate=(+0.154,-0.003,g0.843) hc_gate=(+0.101,-0.003,g0.896) pos_weight_l2=0.158132 neg_weight_l2=0.375021 mean_abs_pos_correction=0.164933 mean_abs_neg_correction=0.000269 elapsed_seconds=1.25
CHECKPOINT_BEST repeat=1 scope=internal_cv fold=9 phase=snde epoch=21 path=/data/adodas/VarCoNet-V2-main/xiaolunwen/experiment1c/checkpoints/worker_r1_best.pt
CHECKPOINT_LATEST repeat=1 scope=internal_cv fold=9 phase=snde epoch=21 path=/data/adodas/VarCoNet-V2-main/xiaolunwen/experiment1c/checkpoints/worker_r1_latest.pt
[SNDE] repeat=1 scope=internal_cv fold=9 epoch=21/149 train_bce=0.390518 val_bce=0.625154 best=Y best_epoch=21 asd_gate=(+0.154,-0.003,g0.843) hc_gate=(+0.101,-0.003,g0.896) pos_weight_l2=0.163747 neg_weight_l2=0.392908 mean_abs_pos_correction=0.170890 mean_abs_neg_correction=0.000284 elapsed_seconds=2.46
CHECKPOINT_BEST repeat=1 scope=internal_cv fold=9 phase=snde epoch=22 path=/data/adodas/VarCoNet-V2-main/xiaolunwen/experiment1c/checkpoints/worker_r1_best.pt
CHECKPOINT_LATEST repeat=1 scope=internal_cv fold=9 phase=snde epoch=22 path=/data/adodas/VarCoNet-V2-main/xiaolunwen/experiment1c/checkpoints/worker_r1_latest.pt
[SNDE] repeat=1 scope=internal_cv fold=9 epoch=22/149 train_bce=0.390182 val_bce=0.625041 best=Y best_epoch=22 asd_gate=(+0.154,-0.003,g0.843) hc_gate=(+0.101,-0.003,g0.896) pos_weight_l2=0.169267 neg_weight_l2=0.410731 mean_abs_pos_correction=0.176725 mean_abs_neg_correction=0.000299 elapsed_seconds=2.65
CHECKPOINT_BEST repeat=1 scope=internal_cv fold=9 phase=snde epoch=23 path=/data/adodas/VarCoNet-V2-main/xiaolunwen/experiment1c/checkpoints/worker_r1_best.pt
CHECKPOINT_LATEST repeat=1 scope=internal_cv fold=9 phase=snde epoch=23 path=/data/adodas/VarCoNet-V2-main/xiaolunwen/experiment1c/checkpoints/worker_r1_latest.pt
[SNDE] repeat=1 scope=internal_cv fold=9 epoch=23/149 train_bce=0.389870 val_bce=0.624907 best=Y best_epoch=23 asd_gate=(+0.154,-0.003,g0.843) hc_gate=(+0.101,-0.003,g0.896) pos_weight_l2=0.174692 neg_weight_l2=0.428490 mean_abs_pos_correction=0.182187 mean_abs_neg_correction=0.000315 elapsed_seconds=1.72
CHECKPOINT_BEST repeat=1 scope=internal_cv fold=9 phase=snde epoch=24 path=/data/adodas/VarCoNet-V2-main/xiaolunwen/experiment1c/checkpoints/worker_r1_best.pt
CHECKPOINT_LATEST repeat=1 scope=internal_cv fold=9 phase=snde epoch=24 path=/data/adodas/VarCoNet-V2-main/xiaolunwen/experiment1c/checkpoints/worker_r1_latest.pt
[SNDE] repeat=1 scope=internal_cv fold=9 epoch=24/149 train_bce=0.389578 val_bce=0.624683 best=Y best_epoch=24 asd_gate=(+0.154,-0.003,g0.843) hc_gate=(+0.101,-0.003,g0.896) pos_weight_l2=0.180023 neg_weight_l2=0.446187 mean_abs_pos_correction=0.187016 mean_abs_neg_correction=0.000331 elapsed_seconds=2.15
CHECKPOINT_BEST repeat=1 scope=internal_cv fold=9 phase=snde epoch=25 path=/data/adodas/VarCoNet-V2-main/xiaolunwen/experiment1c/checkpoints/worker_r1_best.pt
CHECKPOINT_LATEST repeat=1 scope=internal_cv fold=9 phase=snde epoch=25 path=/data/adodas/VarCoNet-V2-main/xiaolunwen/experiment1c/checkpoints/worker_r1_latest.pt
[SNDE] repeat=1 scope=internal_cv fold=9 epoch=25/149 train_bce=0.389303 val_bce=0.624326 best=Y best_epoch=25 asd_gate=(+0.154,-0.003,g0.843) hc_gate=(+0.101,-0.003,g0.896) pos_weight_l2=0.185260 neg_weight_l2=0.463826 mean_abs_pos_correction=0.191066 mean_abs_neg_correction=0.000346 elapsed_seconds=1.83
CHECKPOINT_BEST repeat=1 scope=internal_cv fold=9 phase=snde epoch=26 path=/data/adodas/VarCoNet-V2-main/xiaolunwen/experiment1c/checkpoints/worker_r1_best.pt
CHECKPOINT_LATEST repeat=1 scope=internal_cv fold=9 phase=snde epoch=26 path=/data/adodas/VarCoNet-V2-main/xiaolunwen/experiment1c/checkpoints/worker_r1_latest.pt
[SNDE] repeat=1 scope=internal_cv fold=9 epoch=26/149 train_bce=0.389038 val_bce=0.623821 best=Y best_epoch=26 asd_gate=(+0.154,-0.003,g0.843) hc_gate=(+0.101,-0.003,g0.896) pos_weight_l2=0.190405 neg_weight_l2=0.481406 mean_abs_pos_correction=0.194280 mean_abs_neg_correction=0.000362 elapsed_seconds=2.38
CHECKPOINT_BEST repeat=1 scope=internal_cv fold=9 phase=snde epoch=27 path=/data/adodas/VarCoNet-V2-main/xiaolunwen/experiment1c/checkpoints/worker_r1_best.pt
CHECKPOINT_LATEST repeat=1 scope=internal_cv fold=9 phase=snde epoch=27 path=/data/adodas/VarCoNet-V2-main/xiaolunwen/experiment1c/checkpoints/worker_r1_latest.pt
[SNDE] repeat=1 scope=internal_cv fold=9 epoch=27/149 train_bce=0.388781 val_bce=0.623184 best=Y best_epoch=27 asd_gate=(+0.154,-0.003,g0.843) hc_gate=(+0.101,-0.003,g0.896) pos_weight_l2=0.195461 neg_weight_l2=0.498931 mean_abs_pos_correction=0.196696 mean_abs_neg_correction=0.000378 elapsed_seconds=7.96
CHECKPOINT_BEST repeat=1 scope=internal_cv fold=9 phase=snde epoch=28 path=/data/adodas/VarCoNet-V2-main/xiaolunwen/experiment1c/checkpoints/worker_r1_best.pt
CHECKPOINT_LATEST repeat=1 scope=internal_cv fold=9 phase=snde epoch=28 path=/data/adodas/VarCoNet-V2-main/xiaolunwen/experiment1c/checkpoints/worker_r1_latest.pt
[SNDE] repeat=1 scope=internal_cv fold=9 epoch=28/149 train_bce=0.388528 val_bce=0.622459 best=Y best_epoch=28 asd_gate=(+0.154,-0.003,g0.843) hc_gate=(+0.101,-0.003,g0.896) pos_weight_l2=0.200433 neg_weight_l2=0.516403 mean_abs_pos_correction=0.198428 mean_abs_neg_correction=0.000395 elapsed_seconds=1.95
CHECKPOINT_BEST repeat=1 scope=internal_cv fold=9 phase=snde epoch=29 path=/data/adodas/VarCoNet-V2-main/xiaolunwen/experiment1c/checkpoints/worker_r1_best.pt
CHECKPOINT_LATEST repeat=1 scope=internal_cv fold=9 phase=snde epoch=29 path=/data/adodas/VarCoNet-V2-main/xiaolunwen/experiment1c/checkpoints/worker_r1_latest.pt
[SNDE] repeat=1 scope=internal_cv fold=9 epoch=29/149 train_bce=0.388281 val_bce=0.621701 best=Y best_epoch=29 asd_gate=(+0.154,-0.003,g0.843) hc_gate=(+0.101,-0.003,g0.896) pos_weight_l2=0.205327 neg_weight_l2=0.533822 mean_abs_pos_correction=0.199656 mean_abs_neg_correction=0.000411 elapsed_seconds=1.30
CHECKPOINT_BEST repeat=1 scope=internal_cv fold=9 phase=snde epoch=30 path=/data/adodas/VarCoNet-V2-main/xiaolunwen/experiment1c/checkpoints/worker_r1_best.pt
CHECKPOINT_LATEST repeat=1 scope=internal_cv fold=9 phase=snde epoch=30 path=/data/adodas/VarCoNet-V2-main/xiaolunwen/experiment1c/checkpoints/worker_r1_latest.pt
[SNDE] repeat=1 scope=internal_cv fold=9 epoch=30/149 train_bce=0.388043 val_bce=0.620964 best=Y best_epoch=30 asd_gate=(+0.154,-0.003,g0.843) hc_gate=(+0.101,-0.003,g0.896) pos_weight_l2=0.210148 neg_weight_l2=0.551192 mean_abs_pos_correction=0.200700 mean_abs_neg_correction=0.000427 elapsed_seconds=1.38
CHECKPOINT_BEST repeat=1 scope=internal_cv fold=9 phase=snde epoch=31 path=/data/adodas/VarCoNet-V2-main/xiaolunwen/experiment1c/checkpoints/worker_r1_best.pt
CHECKPOINT_LATEST repeat=1 scope=internal_cv fold=9 phase=snde epoch=31 path=/data/adodas/VarCoNet-V2-main/xiaolunwen/experiment1c/checkpoints/worker_r1_latest.pt
[SNDE] repeat=1 scope=internal_cv fold=9 epoch=31/149 train_bce=0.387813 val_bce=0.620291 best=Y best_epoch=31 asd_gate=(+0.154,-0.003,g0.843) hc_gate=(+0.101,-0.003,g0.896) pos_weight_l2=0.214901 neg_weight_l2=0.568513 mean_abs_pos_correction=0.201670 mean_abs_neg_correction=0.000444 elapsed_seconds=1.28
CHECKPOINT_BEST repeat=1 scope=internal_cv fold=9 phase=snde epoch=32 path=/data/adodas/VarCoNet-V2-main/xiaolunwen/experiment1c/checkpoints/worker_r1_best.pt
CHECKPOINT_LATEST repeat=1 scope=internal_cv fold=9 phase=snde epoch=32 path=/data/adodas/VarCoNet-V2-main/xiaolunwen/experiment1c/checkpoints/worker_r1_latest.pt
[SNDE] repeat=1 scope=internal_cv fold=9 epoch=32/149 train_bce=0.387594 val_bce=0.619709 best=Y best_epoch=32 asd_gate=(+0.154,-0.003,g0.843) hc_gate=(+0.101,-0.003,g0.896) pos_weight_l2=0.219593 neg_weight_l2=0.585789 mean_abs_pos_correction=0.202745 mean_abs_neg_correction=0.000461 elapsed_seconds=1.36
CHECKPOINT_BEST repeat=1 scope=internal_cv fold=9 phase=snde epoch=33 path=/data/adodas/VarCoNet-V2-main/xiaolunwen/experiment1c/checkpoints/worker_r1_best.pt
CHECKPOINT_LATEST repeat=1 scope=internal_cv fold=9 phase=snde epoch=33 path=/data/adodas/VarCoNet-V2-main/xiaolunwen/experiment1c/checkpoints/worker_r1_latest.pt
[SNDE] repeat=1 scope=internal_cv fold=9 epoch=33/149 train_bce=0.387383 val_bce=0.619229 best=Y best_epoch=33 asd_gate=(+0.154,-0.003,g0.843) hc_gate=(+0.101,-0.003,g0.896) pos_weight_l2=0.224227 neg_weight_l2=0.603020 mean_abs_pos_correction=0.204074 mean_abs_neg_correction=0.000477 elapsed_seconds=1.75
CHECKPOINT_BEST repeat=1 scope=internal_cv fold=9 phase=snde epoch=34 path=/data/adodas/VarCoNet-V2-main/xiaolunwen/experiment1c/checkpoints/worker_r1_best.pt
CHECKPOINT_LATEST repeat=1 scope=internal_cv fold=9 phase=snde epoch=34 path=/data/adodas/VarCoNet-V2-main/xiaolunwen/experiment1c/checkpoints/worker_r1_latest.pt
[SNDE] repeat=1 scope=internal_cv fold=9 epoch=34/149 train_bce=0.387179 val_bce=0.618848 best=Y best_epoch=34 asd_gate=(+0.154,-0.003,g0.843) hc_gate=(+0.101,-0.003,g0.896) pos_weight_l2=0.228807 neg_weight_l2=0.620208 mean_abs_pos_correction=0.205755 mean_abs_neg_correction=0.000494 elapsed_seconds=1.36
CHECKPOINT_BEST repeat=1 scope=internal_cv fold=9 phase=snde epoch=35 path=/data/adodas/VarCoNet-V2-main/xiaolunwen/experiment1c/checkpoints/worker_r1_best.pt
CHECKPOINT_LATEST repeat=1 scope=internal_cv fold=9 phase=snde epoch=35 path=/data/adodas/VarCoNet-V2-main/xiaolunwen/experiment1c/checkpoints/worker_r1_latest.pt
[SNDE] repeat=1 scope=internal_cv fold=9 epoch=35/149 train_bce=0.386980 val_bce=0.618557 best=Y best_epoch=35 asd_gate=(+0.154,-0.003,g0.843) hc_gate=(+0.101,-0.003,g0.896) pos_weight_l2=0.233336 neg_weight_l2=0.637356 mean_abs_pos_correction=0.207826 mean_abs_neg_correction=0.000511 elapsed_seconds=1.45
CHECKPOINT_BEST repeat=1 scope=internal_cv fold=9 phase=snde epoch=36 path=/data/adodas/VarCoNet-V2-main/xiaolunwen/experiment1c/checkpoints/worker_r1_best.pt
CHECKPOINT_LATEST repeat=1 scope=internal_cv fold=9 phase=snde epoch=36 path=/data/adodas/VarCoNet-V2-main/xiaolunwen/experiment1c/checkpoints/worker_r1_latest.pt
[SNDE] repeat=1 scope=internal_cv fold=9 epoch=36/149 train_bce=0.386784 val_bce=0.618341 best=Y best_epoch=36 asd_gate=(+0.154,-0.003,g0.843) hc_gate=(+0.101,-0.003,g0.896) pos_weight_l2=0.237817 neg_weight_l2=0.654464 mean_abs_pos_correction=0.210264 mean_abs_neg_correction=0.000528 elapsed_seconds=1.74
CHECKPOINT_BEST repeat=1 scope=internal_cv fold=9 phase=snde epoch=37 path=/data/adodas/VarCoNet-V2-main/xiaolunwen/experiment1c/checkpoints/worker_r1_best.pt
CHECKPOINT_LATEST repeat=1 scope=internal_cv fold=9 phase=snde epoch=37 path=/data/adodas/VarCoNet-V2-main/xiaolunwen/experiment1c/checkpoints/worker_r1_latest.pt
[SNDE] repeat=1 scope=internal_cv fold=9 epoch=37/149 train_bce=0.386592 val_bce=0.618182 best=Y best_epoch=37 asd_gate=(+0.154,-0.003,g0.843) hc_gate=(+0.101,-0.003,g0.896) pos_weight_l2=0.242253 neg_weight_l2=0.671535 mean_abs_pos_correction=0.213001 mean_abs_neg_correction=0.000545 elapsed_seconds=1.33
CHECKPOINT_BEST repeat=1 scope=internal_cv fold=9 phase=snde epoch=38 path=/data/adodas/VarCoNet-V2-main/xiaolunwen/experiment1c/checkpoints/worker_r1_best.pt
CHECKPOINT_LATEST repeat=1 scope=internal_cv fold=9 phase=snde epoch=38 path=/data/adodas/VarCoNet-V2-main/xiaolunwen/experiment1c/checkpoints/worker_r1_latest.pt
[SNDE] repeat=1 scope=internal_cv fold=9 epoch=38/149 train_bce=0.386403 val_bce=0.618062 best=Y best_epoch=38 asd_gate=(+0.154,-0.003,g0.843) hc_gate=(+0.101,-0.003,g0.896) pos_weight_l2=0.246644 neg_weight_l2=0.688569 mean_abs_pos_correction=0.215952 mean_abs_neg_correction=0.000562 elapsed_seconds=1.07
CHECKPOINT_BEST repeat=1 scope=internal_cv fold=9 phase=snde epoch=39 path=/data/adodas/VarCoNet-V2-main/xiaolunwen/experiment1c/checkpoints/worker_r1_best.pt
CHECKPOINT_LATEST repeat=1 scope=internal_cv fold=9 phase=snde epoch=39 path=/data/adodas/VarCoNet-V2-main/xiaolunwen/experiment1c/checkpoints/worker_r1_latest.pt
[SNDE] repeat=1 scope=internal_cv fold=9 epoch=39/149 train_bce=0.386219 val_bce=0.617963 best=Y best_epoch=39 asd_gate=(+0.154,-0.003,g0.843) hc_gate=(+0.101,-0.003,g0.896) pos_weight_l2=0.250994 neg_weight_l2=0.705568 mean_abs_pos_correction=0.218956 mean_abs_neg_correction=0.000579 elapsed_seconds=1.35
CHECKPOINT_BEST repeat=1 scope=internal_cv fold=9 phase=snde epoch=40 path=/data/adodas/VarCoNet-V2-main/xiaolunwen/experiment1c/checkpoints/worker_r1_best.pt
CHECKPOINT_LATEST repeat=1 scope=internal_cv fold=9 phase=snde epoch=40 path=/data/adodas/VarCoNet-V2-main/xiaolunwen/experiment1c/checkpoints/worker_r1_latest.pt
[SNDE] repeat=1 scope=internal_cv fold=9 epoch=40/149 train_bce=0.386040 val_bce=0.617867 best=Y best_epoch=40 asd_gate=(+0.154,-0.003,g0.843) hc_gate=(+0.101,-0.003,g0.896) pos_weight_l2=0.255303 neg_weight_l2=0.722534 mean_abs_pos_correction=0.221885 mean_abs_neg_correction=0.000596 elapsed_seconds=1.20
CHECKPOINT_BEST repeat=1 scope=internal_cv fold=9 phase=snde epoch=41 path=/data/adodas/VarCoNet-V2-main/xiaolunwen/experiment1c/checkpoints/worker_r1_best.pt
CHECKPOINT_LATEST repeat=1 scope=internal_cv fold=9 phase=snde epoch=41 path=/data/adodas/VarCoNet-V2-main/xiaolunwen/experiment1c/checkpoints/worker_r1_latest.pt
[SNDE] repeat=1 scope=internal_cv fold=9 epoch=41/149 train_bce=0.385866 val_bce=0.617759 best=Y best_epoch=41 asd_gate=(+0.154,-0.003,g0.843) hc_gate=(+0.101,-0.003,g0.896) pos_weight_l2=0.259572 neg_weight_l2=0.739468 mean_abs_pos_correction=0.224627 mean_abs_neg_correction=0.000614 elapsed_seconds=1.31
CHECKPOINT_BEST repeat=1 scope=internal_cv fold=9 phase=snde epoch=42 path=/data/adodas/VarCoNet-V2-main/xiaolunwen/experiment1c/checkpoints/worker_r1_best.pt
CHECKPOINT_LATEST repeat=1 scope=internal_cv fold=9 phase=snde epoch=42 path=/data/adodas/VarCoNet-V2-main/xiaolunwen/experiment1c/checkpoints/worker_r1_latest.pt
[SNDE] repeat=1 scope=internal_cv fold=9 epoch=42/149 train_bce=0.385696 val_bce=0.617627 best=Y best_epoch=42 asd_gate=(+0.154,-0.003,g0.843) hc_gate=(+0.101,-0.003,g0.896) pos_weight_l2=0.263805 neg_weight_l2=0.756370 mean_abs_pos_correction=0.227097 mean_abs_neg_correction=0.000631 elapsed_seconds=0.93
CHECKPOINT_BEST repeat=1 scope=internal_cv fold=9 phase=snde epoch=43 path=/data/adodas/VarCoNet-V2-main/xiaolunwen/experiment1c/checkpoints/worker_r1_best.pt
CHECKPOINT_LATEST repeat=1 scope=internal_cv fold=9 phase=snde epoch=43 path=/data/adodas/VarCoNet-V2-main/xiaolunwen/experiment1c/checkpoints/worker_r1_latest.pt
[SNDE] repeat=1 scope=internal_cv fold=9 epoch=43/149 train_bce=0.385530 val_bce=0.617466 best=Y best_epoch=43 asd_gate=(+0.154,-0.003,g0.843) hc_gate=(+0.101,-0.003,g0.896) pos_weight_l2=0.268002 neg_weight_l2=0.773241 mean_abs_pos_correction=0.229244 mean_abs_neg_correction=0.000648 elapsed_seconds=0.92
CHECKPOINT_BEST repeat=1 scope=internal_cv fold=9 phase=snde epoch=44 path=/data/adodas/VarCoNet-V2-main/xiaolunwen/experiment1c/checkpoints/worker_r1_best.pt
CHECKPOINT_LATEST repeat=1 scope=internal_cv fold=9 phase=snde epoch=44 path=/data/adodas/VarCoNet-V2-main/xiaolunwen/experiment1c/checkpoints/worker_r1_latest.pt
[SNDE] repeat=1 scope=internal_cv fold=9 epoch=44/149 train_bce=0.385368 val_bce=0.617275 best=Y best_epoch=44 asd_gate=(+0.154,-0.003,g0.843) hc_gate=(+0.101,-0.003,g0.896) pos_weight_l2=0.272165 neg_weight_l2=0.790083 mean_abs_pos_correction=0.231050 mean_abs_neg_correction=0.000665 elapsed_seconds=1.35
CHECKPOINT_BEST repeat=1 scope=internal_cv fold=9 phase=snde epoch=45 path=/data/adodas/VarCoNet-V2-main/xiaolunwen/experiment1c/checkpoints/worker_r1_best.pt
CHECKPOINT_LATEST repeat=1 scope=internal_cv fold=9 phase=snde epoch=45 path=/data/adodas/VarCoNet-V2-main/xiaolunwen/experiment1c/checkpoints/worker_r1_latest.pt
[SNDE] repeat=1 scope=internal_cv fold=9 epoch=45/149 train_bce=0.385208 val_bce=0.617060 best=Y best_epoch=45 asd_gate=(+0.154,-0.003,g0.843) hc_gate=(+0.101,-0.003,g0.896) pos_weight_l2=0.276297 neg_weight_l2=0.806897 mean_abs_pos_correction=0.232532 mean_abs_neg_correction=0.000683 elapsed_seconds=0.90
CHECKPOINT_BEST repeat=1 scope=internal_cv fold=9 phase=snde epoch=46 path=/data/adodas/VarCoNet-V2-main/xiaolunwen/experiment1c/checkpoints/worker_r1_best.pt
CHECKPOINT_LATEST repeat=1 scope=internal_cv fold=9 phase=snde epoch=46 path=/data/adodas/VarCoNet-V2-main/xiaolunwen/experiment1c/checkpoints/worker_r1_latest.pt
[SNDE] repeat=1 scope=internal_cv fold=9 epoch=46/149 train_bce=0.385051 val_bce=0.616830 best=Y best_epoch=46 asd_gate=(+0.154,-0.003,g0.843) hc_gate=(+0.101,-0.003,g0.896) pos_weight_l2=0.280401 neg_weight_l2=0.823682 mean_abs_pos_correction=0.233734 mean_abs_neg_correction=0.000700 elapsed_seconds=1.87
CHECKPOINT_BEST repeat=1 scope=internal_cv fold=9 phase=snde epoch=47 path=/data/adodas/VarCoNet-V2-main/xiaolunwen/experiment1c/checkpoints/worker_r1_best.pt
CHECKPOINT_LATEST repeat=1 scope=internal_cv fold=9 phase=snde epoch=47 path=/data/adodas/VarCoNet-V2-main/xiaolunwen/experiment1c/checkpoints/worker_r1_latest.pt
[SNDE] repeat=1 scope=internal_cv fold=9 epoch=47/149 train_bce=0.384897 val_bce=0.616595 best=Y best_epoch=47 asd_gate=(+0.154,-0.003,g0.843) hc_gate=(+0.101,-0.003,g0.896) pos_weight_l2=0.284479 neg_weight_l2=0.840440 mean_abs_pos_correction=0.234733 mean_abs_neg_correction=0.000718 elapsed_seconds=1.22
CHECKPOINT_BEST repeat=1 scope=internal_cv fold=9 phase=snde epoch=48 path=/data/adodas/VarCoNet-V2-main/xiaolunwen/experiment1c/checkpoints/worker_r1_best.pt
CHECKPOINT_LATEST repeat=1 scope=internal_cv fold=9 phase=snde epoch=48 path=/data/adodas/VarCoNet-V2-main/xiaolunwen/experiment1c/checkpoints/worker_r1_latest.pt
[SNDE] repeat=1 scope=internal_cv fold=9 epoch=48/149 train_bce=0.384745 val_bce=0.616365 best=Y best_epoch=48 asd_gate=(+0.154,-0.003,g0.843) hc_gate=(+0.101,-0.003,g0.896) pos_weight_l2=0.288533 neg_weight_l2=0.857172 mean_abs_pos_correction=0.235605 mean_abs_neg_correction=0.000735 elapsed_seconds=1.01
CHECKPOINT_BEST repeat=1 scope=internal_cv fold=9 phase=snde epoch=49 path=/data/adodas/VarCoNet-V2-main/xiaolunwen/experiment1c/checkpoints/worker_r1_best.pt
CHECKPOINT_LATEST repeat=1 scope=internal_cv fold=9 phase=snde epoch=49 path=/data/adodas/VarCoNet-V2-main/xiaolunwen/experiment1c/checkpoints/worker_r1_latest.pt
[SNDE] repeat=1 scope=internal_cv fold=9 epoch=49/149 train_bce=0.384597 val_bce=0.616149 best=Y best_epoch=49 asd_gate=(+0.154,-0.003,g0.843) hc_gate=(+0.101,-0.003,g0.896) pos_weight_l2=0.292567 neg_weight_l2=0.873877 mean_abs_pos_correction=0.236418 mean_abs_neg_correction=0.000752 elapsed_seconds=1.14
CHECKPOINT_BEST repeat=1 scope=internal_cv fold=9 phase=snde epoch=50 path=/data/adodas/VarCoNet-V2-main/xiaolunwen/experiment1c/checkpoints/worker_r1_best.pt
CHECKPOINT_LATEST repeat=1 scope=internal_cv fold=9 phase=snde epoch=50 path=/data/adodas/VarCoNet-V2-main/xiaolunwen/experiment1c/checkpoints/worker_r1_latest.pt
[SNDE] repeat=1 scope=internal_cv fold=9 epoch=50/149 train_bce=0.384451 val_bce=0.615951 best=Y best_epoch=50 asd_gate=(+0.154,-0.003,g0.843) hc_gate=(+0.101,-0.003,g0.896) pos_weight_l2=0.296583 neg_weight_l2=0.890556 mean_abs_pos_correction=0.237247 mean_abs_neg_correction=0.000770 elapsed_seconds=1.56
CHECKPOINT_BEST repeat=1 scope=internal_cv fold=9 phase=snde epoch=51 path=/data/adodas/VarCoNet-V2-main/xiaolunwen/experiment1c/checkpoints/worker_r1_best.pt
CHECKPOINT_LATEST repeat=1 scope=internal_cv fold=9 phase=snde epoch=51 path=/data/adodas/VarCoNet-V2-main/xiaolunwen/experiment1c/checkpoints/worker_r1_latest.pt
[SNDE] repeat=1 scope=internal_cv fold=9 epoch=51/149 train_bce=0.384309 val_bce=0.615775 best=Y best_epoch=51 asd_gate=(+0.154,-0.003,g0.843) hc_gate=(+0.101,-0.003,g0.896) pos_weight_l2=0.300582 neg_weight_l2=0.907210 mean_abs_pos_correction=0.238153 mean_abs_neg_correction=0.000787 elapsed_seconds=1.02
CHECKPOINT_BEST repeat=1 scope=internal_cv fold=9 phase=snde epoch=52 path=/data/adodas/VarCoNet-V2-main/xiaolunwen/experiment1c/checkpoints/worker_r1_best.pt
CHECKPOINT_LATEST repeat=1 scope=internal_cv fold=9 phase=snde epoch=52 path=/data/adodas/VarCoNet-V2-main/xiaolunwen/experiment1c/checkpoints/worker_r1_latest.pt
[SNDE] repeat=1 scope=internal_cv fold=9 epoch=52/149 train_bce=0.384168 val_bce=0.615621 best=Y best_epoch=52 asd_gate=(+0.154,-0.003,g0.843) hc_gate=(+0.101,-0.003,g0.896) pos_weight_l2=0.304566 neg_weight_l2=0.923839 mean_abs_pos_correction=0.239180 mean_abs_neg_correction=0.000804 elapsed_seconds=1.27
CHECKPOINT_BEST repeat=1 scope=internal_cv fold=9 phase=snde epoch=53 path=/data/adodas/VarCoNet-V2-main/xiaolunwen/experiment1c/checkpoints/worker_r1_best.pt
CHECKPOINT_LATEST repeat=1 scope=internal_cv fold=9 phase=snde epoch=53 path=/data/adodas/VarCoNet-V2-main/xiaolunwen/experiment1c/checkpoints/worker_r1_latest.pt
[SNDE] repeat=1 scope=internal_cv fold=9 epoch=53/149 train_bce=0.384031 val_bce=0.615486 best=Y best_epoch=53 asd_gate=(+0.154,-0.003,g0.843) hc_gate=(+0.101,-0.003,g0.896) pos_weight_l2=0.308536 neg_weight_l2=0.940442 mean_abs_pos_correction=0.240351 mean_abs_neg_correction=0.000822 elapsed_seconds=1.46
CHECKPOINT_BEST repeat=1 scope=internal_cv fold=9 phase=snde epoch=54 path=/data/adodas/VarCoNet-V2-main/xiaolunwen/experiment1c/checkpoints/worker_r1_best.pt
CHECKPOINT_LATEST repeat=1 scope=internal_cv fold=9 phase=snde epoch=54 path=/data/adodas/VarCoNet-V2-main/xiaolunwen/experiment1c/checkpoints/worker_r1_latest.pt
[SNDE] repeat=1 scope=internal_cv fold=9 epoch=54/149 train_bce=0.383895 val_bce=0.615368 best=Y best_epoch=54 asd_gate=(+0.154,-0.003,g0.843) hc_gate=(+0.101,-0.003,g0.896) pos_weight_l2=0.312494 neg_weight_l2=0.957021 mean_abs_pos_correction=0.241665 mean_abs_neg_correction=0.000839 elapsed_seconds=1.15
CHECKPOINT_BEST repeat=1 scope=internal_cv fold=9 phase=snde epoch=55 path=/data/adodas/VarCoNet-V2-main/xiaolunwen/experiment1c/checkpoints/worker_r1_best.pt
CHECKPOINT_LATEST repeat=1 scope=internal_cv fold=9 phase=snde epoch=55 path=/data/adodas/VarCoNet-V2-main/xiaolunwen/experiment1c/checkpoints/worker_r1_latest.pt
[SNDE] repeat=1 scope=internal_cv fold=9 epoch=55/149 train_bce=0.383761 val_bce=0.615264 best=Y best_epoch=55 asd_gate=(+0.154,-0.003,g0.843) hc_gate=(+0.101,-0.003,g0.896) pos_weight_l2=0.316440 neg_weight_l2=0.973576 mean_abs_pos_correction=0.243102 mean_abs_neg_correction=0.000856 elapsed_seconds=0.87
CHECKPOINT_BEST repeat=1 scope=internal_cv fold=9 phase=snde epoch=56 path=/data/adodas/VarCoNet-V2-main/xiaolunwen/experiment1c/checkpoints/worker_r1_best.pt
CHECKPOINT_LATEST repeat=1 scope=internal_cv fold=9 phase=snde epoch=56 path=/data/adodas/VarCoNet-V2-main/xiaolunwen/experiment1c/checkpoints/worker_r1_latest.pt
[SNDE] repeat=1 scope=internal_cv fold=9 epoch=56/149 train_bce=0.383629 val_bce=0.615170 best=Y best_epoch=56 asd_gate=(+0.154,-0.003,g0.843) hc_gate=(+0.101,-0.003,g0.896) pos_weight_l2=0.320374 neg_weight_l2=0.990106 mean_abs_pos_correction=0.244628 mean_abs_neg_correction=0.000874 elapsed_seconds=1.34
CHECKPOINT_BEST repeat=1 scope=internal_cv fold=9 phase=snde epoch=57 path=/data/adodas/VarCoNet-V2-main/xiaolunwen/experiment1c/checkpoints/worker_r1_best.pt
CHECKPOINT_LATEST repeat=1 scope=internal_cv fold=9 phase=snde epoch=57 path=/data/adodas/VarCoNet-V2-main/xiaolunwen/experiment1c/checkpoints/worker_r1_latest.pt
[SNDE] repeat=1 scope=internal_cv fold=9 epoch=57/149 train_bce=0.383500 val_bce=0.615083 best=Y best_epoch=57 asd_gate=(+0.154,-0.003,g0.843) hc_gate=(+0.101,-0.003,g0.896) pos_weight_l2=0.324297 neg_weight_l2=1.006611 mean_abs_pos_correction=0.246196 mean_abs_neg_correction=0.000891 elapsed_seconds=1.04
CHECKPOINT_BEST repeat=1 scope=internal_cv fold=9 phase=snde epoch=58 path=/data/adodas/VarCoNet-V2-main/xiaolunwen/experiment1c/checkpoints/worker_r1_best.pt
CHECKPOINT_LATEST repeat=1 scope=internal_cv fold=9 phase=snde epoch=58 path=/data/adodas/VarCoNet-V2-main/xiaolunwen/experiment1c/checkpoints/worker_r1_latest.pt
[SNDE] repeat=1 scope=internal_cv fold=9 epoch=58/149 train_bce=0.383372 val_bce=0.615000 best=Y best_epoch=58 asd_gate=(+0.154,-0.003,g0.843) hc_gate=(+0.101,-0.003,g0.896) pos_weight_l2=0.328209 neg_weight_l2=1.023093 mean_abs_pos_correction=0.247761 mean_abs_neg_correction=0.000908 elapsed_seconds=0.94
CHECKPOINT_BEST repeat=1 scope=internal_cv fold=9 phase=snde epoch=59 path=/data/adodas/VarCoNet-V2-main/xiaolunwen/experiment1c/checkpoints/worker_r1_best.pt
CHECKPOINT_LATEST repeat=1 scope=internal_cv fold=9 phase=snde epoch=59 path=/data/adodas/VarCoNet-V2-main/xiaolunwen/experiment1c/checkpoints/worker_r1_latest.pt
[SNDE] repeat=1 scope=internal_cv fold=9 epoch=59/149 train_bce=0.383246 val_bce=0.614920 best=Y best_epoch=59 asd_gate=(+0.154,-0.003,g0.843) hc_gate=(+0.101,-0.003,g0.896) pos_weight_l2=0.332110 neg_weight_l2=1.039550 mean_abs_pos_correction=0.249285 mean_abs_neg_correction=0.000925 elapsed_seconds=1.16
CHECKPOINT_BEST repeat=1 scope=internal_cv fold=9 phase=snde epoch=60 path=/data/adodas/VarCoNet-V2-main/xiaolunwen/experiment1c/checkpoints/worker_r1_best.pt
CHECKPOINT_LATEST repeat=1 scope=internal_cv fold=9 phase=snde epoch=60 path=/data/adodas/VarCoNet-V2-main/xiaolunwen/experiment1c/checkpoints/worker_r1_latest.pt
[SNDE] repeat=1 scope=internal_cv fold=9 epoch=60/149 train_bce=0.383123 val_bce=0.614840 best=Y best_epoch=60 asd_gate=(+0.154,-0.003,g0.843) hc_gate=(+0.101,-0.003,g0.896) pos_weight_l2=0.336000 neg_weight_l2=1.055982 mean_abs_pos_correction=0.250741 mean_abs_neg_correction=0.000943 elapsed_seconds=1.42
CHECKPOINT_BEST repeat=1 scope=internal_cv fold=9 phase=snde epoch=61 path=/data/adodas/VarCoNet-V2-main/xiaolunwen/experiment1c/checkpoints/worker_r1_best.pt
CHECKPOINT_LATEST repeat=1 scope=internal_cv fold=9 phase=snde epoch=61 path=/data/adodas/VarCoNet-V2-main/xiaolunwen/experiment1c/checkpoints/worker_r1_latest.pt
[SNDE] repeat=1 scope=internal_cv fold=9 epoch=61/149 train_bce=0.383001 val_bce=0.614760 best=Y best_epoch=61 asd_gate=(+0.154,-0.003,g0.843) hc_gate=(+0.101,-0.003,g0.896) pos_weight_l2=0.339880 neg_weight_l2=1.072391 mean_abs_pos_correction=0.252093 mean_abs_neg_correction=0.000960 elapsed_seconds=0.93
CHECKPOINT_BEST repeat=1 scope=internal_cv fold=9 phase=snde epoch=62 path=/data/adodas/VarCoNet-V2-main/xiaolunwen/experiment1c/checkpoints/worker_r1_best.pt
CHECKPOINT_LATEST repeat=1 scope=internal_cv fold=9 phase=snde epoch=62 path=/data/adodas/VarCoNet-V2-main/xiaolunwen/experiment1c/checkpoints/worker_r1_latest.pt
[SNDE] repeat=1 scope=internal_cv fold=9 epoch=62/149 train_bce=0.382881 val_bce=0.614679 best=Y best_epoch=62 asd_gate=(+0.154,-0.003,g0.843) hc_gate=(+0.101,-0.003,g0.896) pos_weight_l2=0.343750 neg_weight_l2=1.088774 mean_abs_pos_correction=0.253334 mean_abs_neg_correction=0.000977 elapsed_seconds=1.23
CHECKPOINT_BEST repeat=1 scope=internal_cv fold=9 phase=snde epoch=63 path=/data/adodas/VarCoNet-V2-main/xiaolunwen/experiment1c/checkpoints/worker_r1_best.pt
CHECKPOINT_LATEST repeat=1 scope=internal_cv fold=9 phase=snde epoch=63 path=/data/adodas/VarCoNet-V2-main/xiaolunwen/experiment1c/checkpoints/worker_r1_latest.pt
[SNDE] repeat=1 scope=internal_cv fold=9 epoch=63/149 train_bce=0.382763 val_bce=0.614600 best=Y best_epoch=63 asd_gate=(+0.154,-0.003,g0.843) hc_gate=(+0.101,-0.003,g0.896) pos_weight_l2=0.347611 neg_weight_l2=1.105134 mean_abs_pos_correction=0.254482 mean_abs_neg_correction=0.000994 elapsed_seconds=1.14
CHECKPOINT_BEST repeat=1 scope=internal_cv fold=9 phase=snde epoch=64 path=/data/adodas/VarCoNet-V2-main/xiaolunwen/experiment1c/checkpoints/worker_r1_best.pt
CHECKPOINT_LATEST repeat=1 scope=internal_cv fold=9 phase=snde epoch=64 path=/data/adodas/VarCoNet-V2-main/xiaolunwen/experiment1c/checkpoints/worker_r1_latest.pt
[SNDE] repeat=1 scope=internal_cv fold=9 epoch=64/149 train_bce=0.382647 val_bce=0.614521 best=Y best_epoch=64 asd_gate=(+0.154,-0.003,g0.843) hc_gate=(+0.101,-0.003,g0.896) pos_weight_l2=0.351462 neg_weight_l2=1.121469 mean_abs_pos_correction=0.255534 mean_abs_neg_correction=0.001011 elapsed_seconds=1.25
CHECKPOINT_BEST repeat=1 scope=internal_cv fold=9 phase=snde epoch=65 path=/data/adodas/VarCoNet-V2-main/xiaolunwen/experiment1c/checkpoints/worker_r1_best.pt
CHECKPOINT_LATEST repeat=1 scope=internal_cv fold=9 phase=snde epoch=65 path=/data/adodas/VarCoNet-V2-main/xiaolunwen/experiment1c/checkpoints/worker_r1_latest.pt
[SNDE] repeat=1 scope=internal_cv fold=9 epoch=65/149 train_bce=0.382532 val_bce=0.614446 best=Y best_epoch=65 asd_gate=(+0.154,-0.003,g0.843) hc_gate=(+0.101,-0.003,g0.896) pos_weight_l2=0.355305 neg_weight_l2=1.137779 mean_abs_pos_correction=0.256514 mean_abs_neg_correction=0.001028 elapsed_seconds=0.97
CHECKPOINT_BEST repeat=1 scope=internal_cv fold=9 phase=snde epoch=66 path=/data/adodas/VarCoNet-V2-main/xiaolunwen/experiment1c/checkpoints/worker_r1_best.pt
CHECKPOINT_LATEST repeat=1 scope=internal_cv fold=9 phase=snde epoch=66 path=/data/adodas/VarCoNet-V2-main/xiaolunwen/experiment1c/checkpoints/worker_r1_latest.pt
[SNDE] repeat=1 scope=internal_cv fold=9 epoch=66/149 train_bce=0.382419 val_bce=0.614373 best=Y best_epoch=66 asd_gate=(+0.154,-0.003,g0.843) hc_gate=(+0.101,-0.003,g0.896) pos_weight_l2=0.359139 neg_weight_l2=1.154064 mean_abs_pos_correction=0.257452 mean_abs_neg_correction=0.001045 elapsed_seconds=1.54
CHECKPOINT_BEST repeat=1 scope=internal_cv fold=9 phase=snde epoch=67 path=/data/adodas/VarCoNet-V2-main/xiaolunwen/experiment1c/checkpoints/worker_r1_best.pt
CHECKPOINT_LATEST repeat=1 scope=internal_cv fold=9 phase=snde epoch=67 path=/data/adodas/VarCoNet-V2-main/xiaolunwen/experiment1c/checkpoints/worker_r1_latest.pt
[SNDE] repeat=1 scope=internal_cv fold=9 epoch=67/149 train_bce=0.382308 val_bce=0.614305 best=Y best_epoch=67 asd_gate=(+0.154,-0.003,g0.843) hc_gate=(+0.101,-0.003,g0.896) pos_weight_l2=0.362966 neg_weight_l2=1.170324 mean_abs_pos_correction=0.258381 mean_abs_neg_correction=0.001062 elapsed_seconds=0.85
CHECKPOINT_BEST repeat=1 scope=internal_cv fold=9 phase=snde epoch=68 path=/data/adodas/VarCoNet-V2-main/xiaolunwen/experiment1c/checkpoints/worker_r1_best.pt
CHECKPOINT_LATEST repeat=1 scope=internal_cv fold=9 phase=snde epoch=68 path=/data/adodas/VarCoNet-V2-main/xiaolunwen/experiment1c/checkpoints/worker_r1_latest.pt
[SNDE] repeat=1 scope=internal_cv fold=9 epoch=68/149 train_bce=0.382198 val_bce=0.614241 best=Y best_epoch=68 asd_gate=(+0.154,-0.003,g0.843) hc_gate=(+0.101,-0.003,g0.896) pos_weight_l2=0.366785 neg_weight_l2=1.186559 mean_abs_pos_correction=0.259333 mean_abs_neg_correction=0.001079 elapsed_seconds=1.23
CHECKPOINT_BEST repeat=1 scope=internal_cv fold=9 phase=snde epoch=69 path=/data/adodas/VarCoNet-V2-main/xiaolunwen/experiment1c/checkpoints/worker_r1_best.pt
CHECKPOINT_LATEST repeat=1 scope=internal_cv fold=9 phase=snde epoch=69 path=/data/adodas/VarCoNet-V2-main/xiaolunwen/experiment1c/checkpoints/worker_r1_latest.pt
[SNDE] repeat=1 scope=internal_cv fold=9 epoch=69/149 train_bce=0.382090 val_bce=0.614182 best=Y best_epoch=69 asd_gate=(+0.154,-0.003,g0.843) hc_gate=(+0.101,-0.003,g0.896) pos_weight_l2=0.370597 neg_weight_l2=1.202770 mean_abs_pos_correction=0.260336 mean_abs_neg_correction=0.001095 elapsed_seconds=1.13
CHECKPOINT_BEST repeat=1 scope=internal_cv fold=9 phase=snde epoch=70 path=/data/adodas/VarCoNet-V2-main/xiaolunwen/experiment1c/checkpoints/worker_r1_best.pt
CHECKPOINT_LATEST repeat=1 scope=internal_cv fold=9 phase=snde epoch=70 path=/data/adodas/VarCoNet-V2-main/xiaolunwen/experiment1c/checkpoints/worker_r1_latest.pt
[SNDE] repeat=1 scope=internal_cv fold=9 epoch=70/149 train_bce=0.381984 val_bce=0.614127 best=Y best_epoch=70 asd_gate=(+0.154,-0.003,g0.843) hc_gate=(+0.101,-0.003,g0.896) pos_weight_l2=0.374402 neg_weight_l2=1.218954 mean_abs_pos_correction=0.261409 mean_abs_neg_correction=0.001112 elapsed_seconds=1.15
CHECKPOINT_BEST repeat=1 scope=internal_cv fold=9 phase=snde epoch=71 path=/data/adodas/VarCoNet-V2-main/xiaolunwen/experiment1c/checkpoints/worker_r1_best.pt
CHECKPOINT_LATEST repeat=1 scope=internal_cv fold=9 phase=snde epoch=71 path=/data/adodas/VarCoNet-V2-main/xiaolunwen/experiment1c/checkpoints/worker_r1_latest.pt
[SNDE] repeat=1 scope=internal_cv fold=9 epoch=71/149 train_bce=0.381879 val_bce=0.614077 best=Y best_epoch=71 asd_gate=(+0.154,-0.003,g0.843) hc_gate=(+0.101,-0.003,g0.896) pos_weight_l2=0.378201 neg_weight_l2=1.235114 mean_abs_pos_correction=0.262564 mean_abs_neg_correction=0.001129 elapsed_seconds=0.83
CHECKPOINT_BEST repeat=1 scope=internal_cv fold=9 phase=snde epoch=72 path=/data/adodas/VarCoNet-V2-main/xiaolunwen/experiment1c/checkpoints/worker_r1_best.pt
CHECKPOINT_LATEST repeat=1 scope=internal_cv fold=9 phase=snde epoch=72 path=/data/adodas/VarCoNet-V2-main/xiaolunwen/experiment1c/checkpoints/worker_r1_latest.pt
[SNDE] repeat=1 scope=internal_cv fold=9 epoch=72/149 train_bce=0.381775 val_bce=0.614030 best=Y best_epoch=72 asd_gate=(+0.154,-0.003,g0.843) hc_gate=(+0.101,-0.003,g0.896) pos_weight_l2=0.381992 neg_weight_l2=1.251248 mean_abs_pos_correction=0.263803 mean_abs_neg_correction=0.001146 elapsed_seconds=1.10
CHECKPOINT_BEST repeat=1 scope=internal_cv fold=9 phase=snde epoch=73 path=/data/adodas/VarCoNet-V2-main/xiaolunwen/experiment1c/checkpoints/worker_r1_best.pt
CHECKPOINT_LATEST repeat=1 scope=internal_cv fold=9 phase=snde epoch=73 path=/data/adodas/VarCoNet-V2-main/xiaolunwen/experiment1c/checkpoints/worker_r1_latest.pt
[SNDE] repeat=1 scope=internal_cv fold=9 epoch=73/149 train_bce=0.381673 val_bce=0.613987 best=Y best_epoch=73 asd_gate=(+0.154,-0.003,g0.843) hc_gate=(+0.101,-0.003,g0.896) pos_weight_l2=0.385777 neg_weight_l2=1.267356 mean_abs_pos_correction=0.265119 mean_abs_neg_correction=0.001162 elapsed_seconds=1.38
CHECKPOINT_BEST repeat=1 scope=internal_cv fold=9 phase=snde epoch=74 path=/data/adodas/VarCoNet-V2-main/xiaolunwen/experiment1c/checkpoints/worker_r1_best.pt
CHECKPOINT_LATEST repeat=1 scope=internal_cv fold=9 phase=snde epoch=74 path=/data/adodas/VarCoNet-V2-main/xiaolunwen/experiment1c/checkpoints/worker_r1_latest.pt
[SNDE] repeat=1 scope=internal_cv fold=9 epoch=74/149 train_bce=0.381573 val_bce=0.613946 best=Y best_epoch=74 asd_gate=(+0.154,-0.003,g0.843) hc_gate=(+0.101,-0.003,g0.896) pos_weight_l2=0.389554 neg_weight_l2=1.283439 mean_abs_pos_correction=0.266496 mean_abs_neg_correction=0.001179 elapsed_seconds=0.88
CHECKPOINT_BEST repeat=1 scope=internal_cv fold=9 phase=snde epoch=75 path=/data/adodas/VarCoNet-V2-main/xiaolunwen/experiment1c/checkpoints/worker_r1_best.pt
CHECKPOINT_LATEST repeat=1 scope=internal_cv fold=9 phase=snde epoch=75 path=/data/adodas/VarCoNet-V2-main/xiaolunwen/experiment1c/checkpoints/worker_r1_latest.pt
[SNDE] repeat=1 scope=internal_cv fold=9 epoch=75/149 train_bce=0.381473 val_bce=0.613909 best=Y best_epoch=75 asd_gate=(+0.154,-0.003,g0.843) hc_gate=(+0.101,-0.003,g0.896) pos_weight_l2=0.393324 neg_weight_l2=1.299495 mean_abs_pos_correction=0.267915 mean_abs_neg_correction=0.001195 elapsed_seconds=1.11
CHECKPOINT_BEST repeat=1 scope=internal_cv fold=9 phase=snde epoch=76 path=/data/adodas/VarCoNet-V2-main/xiaolunwen/experiment1c/checkpoints/worker_r1_best.pt
CHECKPOINT_LATEST repeat=1 scope=internal_cv fold=9 phase=snde epoch=76 path=/data/adodas/VarCoNet-V2-main/xiaolunwen/experiment1c/checkpoints/worker_r1_latest.pt
[SNDE] repeat=1 scope=internal_cv fold=9 epoch=76/149 train_bce=0.381375 val_bce=0.613875 best=Y best_epoch=76 asd_gate=(+0.154,-0.003,g0.843) hc_gate=(+0.101,-0.003,g0.896) pos_weight_l2=0.397087 neg_weight_l2=1.315526 mean_abs_pos_correction=0.269353 mean_abs_neg_correction=0.001212 elapsed_seconds=0.90
CHECKPOINT_BEST repeat=1 scope=internal_cv fold=9 phase=snde epoch=77 path=/data/adodas/VarCoNet-V2-main/xiaolunwen/experiment1c/checkpoints/worker_r1_best.pt
CHECKPOINT_LATEST repeat=1 scope=internal_cv fold=9 phase=snde epoch=77 path=/data/adodas/VarCoNet-V2-main/xiaolunwen/experiment1c/checkpoints/worker_r1_latest.pt
[SNDE] repeat=1 scope=internal_cv fold=9 epoch=77/149 train_bce=0.381279 val_bce=0.613843 best=Y best_epoch=77 asd_gate=(+0.154,-0.003,g0.843) hc_gate=(+0.101,-0.003,g0.896) pos_weight_l2=0.400843 neg_weight_l2=1.331531 mean_abs_pos_correction=0.270789 mean_abs_neg_correction=0.001228 elapsed_seconds=1.01
CHECKPOINT_BEST repeat=1 scope=internal_cv fold=9 phase=snde epoch=78 path=/data/adodas/VarCoNet-V2-main/xiaolunwen/experiment1c/checkpoints/worker_r1_best.pt
CHECKPOINT_LATEST repeat=1 scope=internal_cv fold=9 phase=snde epoch=78 path=/data/adodas/VarCoNet-V2-main/xiaolunwen/experiment1c/checkpoints/worker_r1_latest.pt
[SNDE] repeat=1 scope=internal_cv fold=9 epoch=78/149 train_bce=0.381183 val_bce=0.613814 best=Y best_epoch=78 asd_gate=(+0.154,-0.003,g0.843) hc_gate=(+0.101,-0.003,g0.896) pos_weight_l2=0.404591 neg_weight_l2=1.347509 mean_abs_pos_correction=0.272205 mean_abs_neg_correction=0.001244 elapsed_seconds=1.32
CHECKPOINT_BEST repeat=1 scope=internal_cv fold=9 phase=snde epoch=79 path=/data/adodas/VarCoNet-V2-main/xiaolunwen/experiment1c/checkpoints/worker_r1_best.pt
CHECKPOINT_LATEST repeat=1 scope=internal_cv fold=9 phase=snde epoch=79 path=/data/adodas/VarCoNet-V2-main/xiaolunwen/experiment1c/checkpoints/worker_r1_latest.pt
[SNDE] repeat=1 scope=internal_cv fold=9 epoch=79/149 train_bce=0.381089 val_bce=0.613788 best=Y best_epoch=79 asd_gate=(+0.154,-0.003,g0.843) hc_gate=(+0.101,-0.003,g0.896) pos_weight_l2=0.408332 neg_weight_l2=1.363461 mean_abs_pos_correction=0.273586 mean_abs_neg_correction=0.001261 elapsed_seconds=1.06
CHECKPOINT_BEST repeat=1 scope=internal_cv fold=9 phase=snde epoch=80 path=/data/adodas/VarCoNet-V2-main/xiaolunwen/experiment1c/checkpoints/worker_r1_best.pt
CHECKPOINT_LATEST repeat=1 scope=internal_cv fold=9 phase=snde epoch=80 path=/data/adodas/VarCoNet-V2-main/xiaolunwen/experiment1c/checkpoints/worker_r1_latest.pt
[SNDE] repeat=1 scope=internal_cv fold=9 epoch=80/149 train_bce=0.380996 val_bce=0.613764 best=Y best_epoch=80 asd_gate=(+0.154,-0.003,g0.843) hc_gate=(+0.101,-0.003,g0.896) pos_weight_l2=0.412065 neg_weight_l2=1.379387 mean_abs_pos_correction=0.274925 mean_abs_neg_correction=0.001277 elapsed_seconds=1.13
CHECKPOINT_BEST repeat=1 scope=internal_cv fold=9 phase=snde epoch=81 path=/data/adodas/VarCoNet-V2-main/xiaolunwen/experiment1c/checkpoints/worker_r1_best.pt
CHECKPOINT_LATEST repeat=1 scope=internal_cv fold=9 phase=snde epoch=81 path=/data/adodas/VarCoNet-V2-main/xiaolunwen/experiment1c/checkpoints/worker_r1_latest.pt
[SNDE] repeat=1 scope=internal_cv fold=9 epoch=81/149 train_bce=0.380904 val_bce=0.613744 best=Y best_epoch=81 asd_gate=(+0.154,-0.003,g0.843) hc_gate=(+0.101,-0.003,g0.896) pos_weight_l2=0.415790 neg_weight_l2=1.395286 mean_abs_pos_correction=0.276220 mean_abs_neg_correction=0.001293 elapsed_seconds=1.07
CHECKPOINT_BEST repeat=1 scope=internal_cv fold=9 phase=snde epoch=82 path=/data/adodas/VarCoNet-V2-main/xiaolunwen/experiment1c/checkpoints/worker_r1_best.pt
CHECKPOINT_LATEST repeat=1 scope=internal_cv fold=9 phase=snde epoch=82 path=/data/adodas/VarCoNet-V2-main/xiaolunwen/experiment1c/checkpoints/worker_r1_latest.pt
[SNDE] repeat=1 scope=internal_cv fold=9 epoch=82/149 train_bce=0.380814 val_bce=0.613726 best=Y best_epoch=82 asd_gate=(+0.154,-0.003,g0.843) hc_gate=(+0.101,-0.003,g0.896) pos_weight_l2=0.419508 neg_weight_l2=1.411159 mean_abs_pos_correction=0.277476 mean_abs_neg_correction=0.001309 elapsed_seconds=1.47
CHECKPOINT_BEST repeat=1 scope=internal_cv fold=9 phase=snde epoch=83 path=/data/adodas/VarCoNet-V2-main/xiaolunwen/experiment1c/checkpoints/worker_r1_best.pt
CHECKPOINT_LATEST repeat=1 scope=internal_cv fold=9 phase=snde epoch=83 path=/data/adodas/VarCoNet-V2-main/xiaolunwen/experiment1c/checkpoints/worker_r1_latest.pt
[SNDE] repeat=1 scope=internal_cv fold=9 epoch=83/149 train_bce=0.380724 val_bce=0.613711 best=Y best_epoch=83 asd_gate=(+0.154,-0.003,g0.843) hc_gate=(+0.101,-0.003,g0.896) pos_weight_l2=0.423218 neg_weight_l2=1.427005 mean_abs_pos_correction=0.278699 mean_abs_neg_correction=0.001325 elapsed_seconds=0.89
CHECKPOINT_BEST repeat=1 scope=internal_cv fold=9 phase=snde epoch=84 path=/data/adodas/VarCoNet-V2-main/xiaolunwen/experiment1c/checkpoints/worker_r1_best.pt
CHECKPOINT_LATEST repeat=1 scope=internal_cv fold=9 phase=snde epoch=84 path=/data/adodas/VarCoNet-V2-main/xiaolunwen/experiment1c/checkpoints/worker_r1_latest.pt
[SNDE] repeat=1 scope=internal_cv fold=9 epoch=84/149 train_bce=0.380636 val_bce=0.613699 best=Y best_epoch=84 asd_gate=(+0.154,-0.003,g0.843) hc_gate=(+0.101,-0.003,g0.896) pos_weight_l2=0.426921 neg_weight_l2=1.442824 mean_abs_pos_correction=0.279903 mean_abs_neg_correction=0.001341 elapsed_seconds=1.07
CHECKPOINT_BEST repeat=1 scope=internal_cv fold=9 phase=snde epoch=85 path=/data/adodas/VarCoNet-V2-main/xiaolunwen/experiment1c/checkpoints/worker_r1_best.pt
CHECKPOINT_LATEST repeat=1 scope=internal_cv fold=9 phase=snde epoch=85 path=/data/adodas/VarCoNet-V2-main/xiaolunwen/experiment1c/checkpoints/worker_r1_latest.pt
[SNDE] repeat=1 scope=internal_cv fold=9 epoch=85/149 train_bce=0.380549 val_bce=0.613689 best=Y best_epoch=85 asd_gate=(+0.154,-0.003,g0.843) hc_gate=(+0.101,-0.003,g0.896) pos_weight_l2=0.430616 neg_weight_l2=1.458616 mean_abs_pos_correction=0.281100 mean_abs_neg_correction=0.001357 elapsed_seconds=1.26
CHECKPOINT_BEST repeat=1 scope=internal_cv fold=9 phase=snde epoch=86 path=/data/adodas/VarCoNet-V2-main/xiaolunwen/experiment1c/checkpoints/worker_r1_best.pt
CHECKPOINT_LATEST repeat=1 scope=internal_cv fold=9 phase=snde epoch=86 path=/data/adodas/VarCoNet-V2-main/xiaolunwen/experiment1c/checkpoints/worker_r1_latest.pt
[SNDE] repeat=1 scope=internal_cv fold=9 epoch=86/149 train_bce=0.380462 val_bce=0.613682 best=Y best_epoch=86 asd_gate=(+0.154,-0.003,g0.843) hc_gate=(+0.101,-0.003,g0.896) pos_weight_l2=0.434304 neg_weight_l2=1.474381 mean_abs_pos_correction=0.282302 mean_abs_neg_correction=0.001373 elapsed_seconds=1.08
CHECKPOINT_BEST repeat=1 scope=internal_cv fold=9 phase=snde epoch=87 path=/data/adodas/VarCoNet-V2-main/xiaolunwen/experiment1c/checkpoints/worker_r1_best.pt
CHECKPOINT_LATEST repeat=1 scope=internal_cv fold=9 phase=snde epoch=87 path=/data/adodas/VarCoNet-V2-main/xiaolunwen/experiment1c/checkpoints/worker_r1_latest.pt
[SNDE] repeat=1 scope=internal_cv fold=9 epoch=87/149 train_bce=0.380377 val_bce=0.613677 best=Y best_epoch=87 asd_gate=(+0.154,-0.003,g0.843) hc_gate=(+0.101,-0.003,g0.896) pos_weight_l2=0.437984 neg_weight_l2=1.490120 mean_abs_pos_correction=0.283520 mean_abs_neg_correction=0.001389 elapsed_seconds=0.77
CHECKPOINT_BEST repeat=1 scope=internal_cv fold=9 phase=snde epoch=88 path=/data/adodas/VarCoNet-V2-main/xiaolunwen/experiment1c/checkpoints/worker_r1_best.pt
CHECKPOINT_LATEST repeat=1 scope=internal_cv fold=9 phase=snde epoch=88 path=/data/adodas/VarCoNet-V2-main/xiaolunwen/experiment1c/checkpoints/worker_r1_latest.pt
[SNDE] repeat=1 scope=internal_cv fold=9 epoch=88/149 train_bce=0.380293 val_bce=0.613675 best=Y best_epoch=88 asd_gate=(+0.154,-0.003,g0.843) hc_gate=(+0.101,-0.003,g0.896) pos_weight_l2=0.441657 neg_weight_l2=1.505831 mean_abs_pos_correction=0.284761 mean_abs_neg_correction=0.001405 elapsed_seconds=0.85
CHECKPOINT_BEST repeat=1 scope=internal_cv fold=9 phase=snde epoch=89 path=/data/adodas/VarCoNet-V2-main/xiaolunwen/experiment1c/checkpoints/worker_r1_best.pt
CHECKPOINT_LATEST repeat=1 scope=internal_cv fold=9 phase=snde epoch=89 path=/data/adodas/VarCoNet-V2-main/xiaolunwen/experiment1c/checkpoints/worker_r1_latest.pt
[SNDE] repeat=1 scope=internal_cv fold=9 epoch=89/149 train_bce=0.380210 val_bce=0.613674 best=Y best_epoch=89 asd_gate=(+0.154,-0.003,g0.843) hc_gate=(+0.101,-0.003,g0.896) pos_weight_l2=0.445323 neg_weight_l2=1.521516 mean_abs_pos_correction=0.286029 mean_abs_neg_correction=0.001421 elapsed_seconds=0.76
CHECKPOINT_LATEST repeat=1 scope=internal_cv fold=9 phase=snde epoch=90 path=/data/adodas/VarCoNet-V2-main/xiaolunwen/experiment1c/checkpoints/worker_r1_latest.pt
[SNDE] repeat=1 scope=internal_cv fold=9 epoch=90/149 train_bce=0.380128 val_bce=0.613675 best=N best_epoch=89 asd_gate=(+0.154,-0.003,g0.843) hc_gate=(+0.101,-0.003,g0.896) pos_weight_l2=0.448981 neg_weight_l2=1.537173 mean_abs_pos_correction=0.287324 mean_abs_neg_correction=0.001436 elapsed_seconds=0.54
CHECKPOINT_LATEST repeat=1 scope=internal_cv fold=9 phase=snde epoch=100 path=/data/adodas/VarCoNet-V2-main/xiaolunwen/experiment1c/checkpoints/worker_r1_latest.pt
[SNDE] repeat=1 scope=internal_cv fold=9 epoch=100/149 train_bce=0.379359 val_bce=0.613784 best=N best_epoch=89 asd_gate=(+0.154,-0.003,g0.843) hc_gate=(+0.101,-0.003,g0.896) pos_weight_l2=0.485149 neg_weight_l2=1.692250 mean_abs_pos_correction=0.300413 mean_abs_neg_correction=0.001591 elapsed_seconds=0.59
CHECKPOINT_LATEST repeat=1 scope=internal_cv fold=9 phase=snde epoch=110 path=/data/adodas/VarCoNet-V2-main/xiaolunwen/experiment1c/checkpoints/worker_r1_latest.pt
[SNDE] repeat=1 scope=internal_cv fold=9 epoch=110/149 train_bce=0.378673 val_bce=0.614059 best=N best_epoch=89 asd_gate=(+0.154,-0.003,g0.843) hc_gate=(+0.101,-0.003,g0.896) pos_weight_l2=0.520542 neg_weight_l2=1.844597 mean_abs_pos_correction=0.312454 mean_abs_neg_correction=0.001741 elapsed_seconds=0.50
CHECKPOINT_LATEST repeat=1 scope=internal_cv fold=9 phase=snde epoch=120 path=/data/adodas/VarCoNet-V2-main/xiaolunwen/experiment1c/checkpoints/worker_r1_latest.pt
[SNDE] repeat=1 scope=internal_cv fold=9 epoch=120/149 train_bce=0.378057 val_bce=0.614434 best=N best_epoch=89 asd_gate=(+0.154,-0.003,g0.843) hc_gate=(+0.101,-0.003,g0.896) pos_weight_l2=0.555120 neg_weight_l2=1.994230 mean_abs_pos_correction=0.324384 mean_abs_neg_correction=0.001886 elapsed_seconds=0.48
CHECKPOINT_LATEST repeat=1 scope=internal_cv fold=9 phase=snde epoch=130 path=/data/adodas/VarCoNet-V2-main/xiaolunwen/experiment1c/checkpoints/worker_r1_latest.pt
[SNDE] repeat=1 scope=internal_cv fold=9 epoch=130/149 train_bce=0.377501 val_bce=0.614879 best=N best_epoch=89 asd_gate=(+0.154,-0.003,g0.843) hc_gate=(+0.101,-0.003,g0.896) pos_weight_l2=0.588864 neg_weight_l2=2.141183 mean_abs_pos_correction=0.335834 mean_abs_neg_correction=0.002027 elapsed_seconds=0.38
CHECKPOINT_LATEST repeat=1 scope=internal_cv fold=9 phase=snde epoch=140 path=/data/adodas/VarCoNet-V2-main/xiaolunwen/experiment1c/checkpoints/worker_r1_latest.pt
[SNDE] repeat=1 scope=internal_cv fold=9 epoch=140/149 train_bce=0.376996 val_bce=0.615373 best=N best_epoch=89 asd_gate=(+0.154,-0.003,g0.843) hc_gate=(+0.101,-0.003,g0.896) pos_weight_l2=0.621781 neg_weight_l2=2.285501 mean_abs_pos_correction=0.347090 mean_abs_neg_correction=0.002165 elapsed_seconds=0.61
CHECKPOINT_LATEST repeat=1 scope=internal_cv fold=9 phase=snde epoch=149 path=/data/adodas/VarCoNet-V2-main/xiaolunwen/experiment1c/checkpoints/worker_r1_latest.pt
[SNDE] repeat=1 scope=internal_cv fold=9 epoch=149/149 train_bce=0.376579 val_bce=0.615850 best=N best_epoch=89 asd_gate=(+0.154,-0.003,g0.843) hc_gate=(+0.101,-0.003,g0.896) pos_weight_l2=0.650721 neg_weight_l2=2.413178 mean_abs_pos_correction=0.356877 mean_abs_neg_correction=0.002286 elapsed_seconds=0.58
TASK_TRAINING_DONE repeat=1 scope=internal_cv fold=9 base_encoder_epoch=34 base_classifier_epoch=17 base_val_bce=0.647492 crsm_epoch=0 crsm_val_bce=0.647492 snde_epoch=89 snde_val_bce=0.613674 elapsed_minutes=6.7
TASK_DONE repeat=1 scope=internal_fold fold=9 method=baseline selected_encoder_epoch=34 test_auc=0.792423 test_bce=0.571475 elapsed_minutes=6.7
TASK_DONE repeat=1 scope=internal_fold fold=9 method=crsm_corrected selected_encoder_epoch=34 test_auc=0.792423 test_bce=0.571475 elapsed_minutes=6.7
TASK_DONE repeat=1 scope=internal_fold fold=9 method=selective_normative_deviation_experts selected_encoder_epoch=34 test_auc=0.773223 test_bce=0.702205 elapsed_minutes=6.7
TASK_START repeat=1 scope=external fold=external seed=200001 device=cuda:0 methods=baseline,crsm_corrected,selective_normative_deviation_experts shared_encoder=Y reference_unique_n=793 train_n=869 val_n=89
CHECKPOINT_BEST repeat=1 scope=external fold=external phase=ssl epoch=1 path=/data/adodas/VarCoNet-V2-main/xiaolunwen/experiment1c/checkpoints/worker_r1_best.pt
[SSL] repeat=1 scope=external fold=external epoch=1/50 ssl_loss=0.100567 lr=0.000024107 base_val_bce=0.635613 base_best=Y base_cls_epoch=27 epoch_seconds=5.6 task_elapsed_minutes=0.1 gpu_alloc_gb=0.342 gpu_reserved_gb=1.744
CHECKPOINT_BEST repeat=1 scope=external fold=external phase=ssl epoch=2 path=/data/adodas/VarCoNet-V2-main/xiaolunwen/experiment1c/checkpoints/worker_r1_best.pt
[SSL] repeat=1 scope=external fold=external epoch=2/50 ssl_loss=0.085171 lr=0.000038214 base_val_bce=0.632421 base_best=Y base_cls_epoch=32 epoch_seconds=9.6 task_elapsed_minutes=0.3 gpu_alloc_gb=0.342 gpu_reserved_gb=1.744
[SSL] repeat=1 scope=external fold=external epoch=3/50 ssl_loss=0.092403 lr=0.000052321 base_val_bce=0.641028 base_best=N base_cls_epoch=23 epoch_seconds=10.8 task_elapsed_minutes=0.4 gpu_alloc_gb=0.342 gpu_reserved_gb=1.744
[SSL] repeat=1 scope=external fold=external epoch=4/50 ssl_loss=0.078983 lr=0.000066427 base_val_bce=0.642611 base_best=N base_cls_epoch=26 epoch_seconds=8.9 task_elapsed_minutes=0.6 gpu_alloc_gb=0.342 gpu_reserved_gb=1.744
[SSL] repeat=1 scope=external fold=external epoch=5/50 ssl_loss=0.082277 lr=0.000080534 base_val_bce=0.645279 base_best=N base_cls_epoch=21 epoch_seconds=8.6 task_elapsed_minutes=0.7 gpu_alloc_gb=0.342 gpu_reserved_gb=1.744
[SSL] repeat=1 scope=external fold=external epoch=6/50 ssl_loss=0.070732 lr=0.000094641 base_val_bce=0.637144 base_best=N base_cls_epoch=19 epoch_seconds=8.2 task_elapsed_minutes=0.9 gpu_alloc_gb=0.342 gpu_reserved_gb=1.744
[SSL] repeat=1 scope=external fold=external epoch=7/50 ssl_loss=0.067643 lr=0.000108748 base_val_bce=0.653541 base_best=N base_cls_epoch=21 epoch_seconds=7.9 task_elapsed_minutes=1.0 gpu_alloc_gb=0.342 gpu_reserved_gb=1.744
[SSL] repeat=1 scope=external fold=external epoch=8/50 ssl_loss=0.054442 lr=0.000122855 base_val_bce=0.641887 base_best=N base_cls_epoch=20 epoch_seconds=4.7 task_elapsed_minutes=1.1 gpu_alloc_gb=0.342 gpu_reserved_gb=1.744
[SSL] repeat=1 scope=external fold=external epoch=9/50 ssl_loss=0.053753 lr=0.000136962 base_val_bce=0.636307 base_best=N base_cls_epoch=24 epoch_seconds=4.3 task_elapsed_minutes=1.2 gpu_alloc_gb=0.342 gpu_reserved_gb=1.744
CHECKPOINT_LATEST repeat=1 scope=external fold=external phase=ssl epoch=10 path=/data/adodas/VarCoNet-V2-main/xiaolunwen/experiment1c/checkpoints/worker_r1_latest.pt
[SSL] repeat=1 scope=external fold=external epoch=10/50 ssl_loss=0.049589 lr=0.000136962 base_val_bce=0.640501 base_best=N base_cls_epoch=23 epoch_seconds=4.6 task_elapsed_minutes=1.2 gpu_alloc_gb=0.342 gpu_reserved_gb=1.744
[SSL] repeat=1 scope=external fold=external epoch=11/50 ssl_loss=0.060686 lr=0.000136751 base_val_bce=0.639048 base_best=N base_cls_epoch=22 epoch_seconds=4.3 task_elapsed_minutes=1.3 gpu_alloc_gb=0.342 gpu_reserved_gb=1.744
CHECKPOINT_BEST repeat=1 scope=external fold=external phase=ssl epoch=12 path=/data/adodas/VarCoNet-V2-main/xiaolunwen/experiment1c/checkpoints/worker_r1_best.pt
[SSL] repeat=1 scope=external fold=external epoch=12/50 ssl_loss=0.053369 lr=0.000136119 base_val_bce=0.617693 base_best=Y base_cls_epoch=26 epoch_seconds=5.0 task_elapsed_minutes=1.4 gpu_alloc_gb=0.342 gpu_reserved_gb=1.744
[SSL] repeat=1 scope=external fold=external epoch=13/50 ssl_loss=0.058493 lr=0.000135070 base_val_bce=0.641947 base_best=N base_cls_epoch=23 epoch_seconds=4.4 task_elapsed_minutes=1.5 gpu_alloc_gb=0.342 gpu_reserved_gb=1.744
[SSL] repeat=1 scope=external fold=external epoch=14/50 ssl_loss=0.045334 lr=0.000133610 base_val_bce=0.633616 base_best=N base_cls_epoch=31 epoch_seconds=4.2 task_elapsed_minutes=1.5 gpu_alloc_gb=0.342 gpu_reserved_gb=1.744
[SSL] repeat=1 scope=external fold=external epoch=15/50 ssl_loss=0.061375 lr=0.000131749 base_val_bce=0.634175 base_best=N base_cls_epoch=25 epoch_seconds=9.0 task_elapsed_minutes=1.7 gpu_alloc_gb=0.342 gpu_reserved_gb=1.744
[SSL] repeat=1 scope=external fold=external epoch=16/50 ssl_loss=0.051000 lr=0.000129498 base_val_bce=0.620166 base_best=N base_cls_epoch=23 epoch_seconds=8.8 task_elapsed_minutes=1.8 gpu_alloc_gb=0.342 gpu_reserved_gb=1.744
[SSL] repeat=1 scope=external fold=external epoch=17/50 ssl_loss=0.046560 lr=0.000126870 base_val_bce=0.629818 base_best=N base_cls_epoch=29 epoch_seconds=8.8 task_elapsed_minutes=2.0 gpu_alloc_gb=0.342 gpu_reserved_gb=1.744
[SSL] repeat=1 scope=external fold=external epoch=18/50 ssl_loss=0.049689 lr=0.000123883 base_val_bce=0.633159 base_best=N base_cls_epoch=27 epoch_seconds=8.3 task_elapsed_minutes=2.1 gpu_alloc_gb=0.342 gpu_reserved_gb=1.744
[SSL] repeat=1 scope=external fold=external epoch=19/50 ssl_loss=0.043772 lr=0.000120554 base_val_bce=0.629122 base_best=N base_cls_epoch=24 epoch_seconds=9.5 task_elapsed_minutes=2.3 gpu_alloc_gb=0.342 gpu_reserved_gb=1.744
CHECKPOINT_LATEST repeat=1 scope=external fold=external phase=ssl epoch=20 path=/data/adodas/VarCoNet-V2-main/xiaolunwen/experiment1c/checkpoints/worker_r1_latest.pt
[SSL] repeat=1 scope=external fold=external epoch=20/50 ssl_loss=0.051426 lr=0.000116904 base_val_bce=0.630971 base_best=N base_cls_epoch=24 epoch_seconds=13.1 task_elapsed_minutes=2.5 gpu_alloc_gb=0.342 gpu_reserved_gb=1.744
[SSL] repeat=1 scope=external fold=external epoch=21/50 ssl_loss=0.045410 lr=0.000112956 base_val_bce=0.632391 base_best=N base_cls_epoch=25 epoch_seconds=6.3 task_elapsed_minutes=2.6 gpu_alloc_gb=0.342 gpu_reserved_gb=1.744
[SSL] repeat=1 scope=external fold=external epoch=22/50 ssl_loss=0.041983 lr=0.000108733 base_val_bce=0.632553 base_best=N base_cls_epoch=22 epoch_seconds=3.2 task_elapsed_minutes=2.7 gpu_alloc_gb=0.342 gpu_reserved_gb=1.744
[SSL] repeat=1 scope=external fold=external epoch=23/50 ssl_loss=0.042930 lr=0.000104262 base_val_bce=0.623139 base_best=N base_cls_epoch=27 epoch_seconds=3.2 task_elapsed_minutes=2.7 gpu_alloc_gb=0.342 gpu_reserved_gb=1.744
[SSL] repeat=1 scope=external fold=external epoch=24/50 ssl_loss=0.032499 lr=0.000099570 base_val_bce=0.632986 base_best=N base_cls_epoch=27 epoch_seconds=3.0 task_elapsed_minutes=2.8 gpu_alloc_gb=0.342 gpu_reserved_gb=1.744
CHECKPOINT_BEST repeat=1 scope=external fold=external phase=ssl epoch=25 path=/data/adodas/VarCoNet-V2-main/xiaolunwen/experiment1c/checkpoints/worker_r1_best.pt
[SSL] repeat=1 scope=external fold=external epoch=25/50 ssl_loss=0.049367 lr=0.000094687 base_val_bce=0.615131 base_best=Y base_cls_epoch=24 epoch_seconds=3.6 task_elapsed_minutes=2.8 gpu_alloc_gb=0.342 gpu_reserved_gb=1.744
[SSL] repeat=1 scope=external fold=external epoch=26/50 ssl_loss=0.041497 lr=0.000089643 base_val_bce=0.630596 base_best=N base_cls_epoch=26 epoch_seconds=3.2 task_elapsed_minutes=2.9 gpu_alloc_gb=0.342 gpu_reserved_gb=1.744
[SSL] repeat=1 scope=external fold=external epoch=27/50 ssl_loss=0.037086 lr=0.000084467 base_val_bce=0.621243 base_best=N base_cls_epoch=28 epoch_seconds=3.5 task_elapsed_minutes=2.9 gpu_alloc_gb=0.342 gpu_reserved_gb=1.744
[SSL] repeat=1 scope=external fold=external epoch=28/50 ssl_loss=0.039532 lr=0.000079194 base_val_bce=0.633641 base_best=N base_cls_epoch=26 epoch_seconds=3.1 task_elapsed_minutes=3.0 gpu_alloc_gb=0.342 gpu_reserved_gb=1.744
CHECKPOINT_BEST repeat=1 scope=external fold=external phase=ssl epoch=29 path=/data/adodas/VarCoNet-V2-main/xiaolunwen/experiment1c/checkpoints/worker_r1_best.pt
[SSL] repeat=1 scope=external fold=external epoch=29/50 ssl_loss=0.045256 lr=0.000073854 base_val_bce=0.610259 base_best=Y base_cls_epoch=22 epoch_seconds=9.1 task_elapsed_minutes=3.2 gpu_alloc_gb=0.342 gpu_reserved_gb=1.744
CHECKPOINT_LATEST repeat=1 scope=external fold=external phase=ssl epoch=30 path=/data/adodas/VarCoNet-V2-main/xiaolunwen/experiment1c/checkpoints/worker_r1_latest.pt
[SSL] repeat=1 scope=external fold=external epoch=30/50 ssl_loss=0.029602 lr=0.000068481 base_val_bce=0.618230 base_best=N base_cls_epoch=26 epoch_seconds=8.7 task_elapsed_minutes=3.3 gpu_alloc_gb=0.342 gpu_reserved_gb=1.744
[SSL] repeat=1 scope=external fold=external epoch=31/50 ssl_loss=0.036155 lr=0.000063108 base_val_bce=0.623332 base_best=N base_cls_epoch=23 epoch_seconds=8.1 task_elapsed_minutes=3.4 gpu_alloc_gb=0.342 gpu_reserved_gb=1.744
[SSL] repeat=1 scope=external fold=external epoch=32/50 ssl_loss=0.034474 lr=0.000057768 base_val_bce=0.622086 base_best=N base_cls_epoch=22 epoch_seconds=8.3 task_elapsed_minutes=3.6 gpu_alloc_gb=0.342 gpu_reserved_gb=1.744
[SSL] repeat=1 scope=external fold=external epoch=33/50 ssl_loss=0.037621 lr=0.000052494 base_val_bce=0.618060 base_best=N base_cls_epoch=26 epoch_seconds=11.1 task_elapsed_minutes=3.8 gpu_alloc_gb=0.342 gpu_reserved_gb=1.744
[SSL] repeat=1 scope=external fold=external epoch=34/50 ssl_loss=0.034003 lr=0.000047319 base_val_bce=0.633815 base_best=N base_cls_epoch=27 epoch_seconds=9.2 task_elapsed_minutes=3.9 gpu_alloc_gb=0.342 gpu_reserved_gb=1.744
[SSL] repeat=1 scope=external fold=external epoch=35/50 ssl_loss=0.037080 lr=0.000042274 base_val_bce=0.622938 base_best=N base_cls_epoch=23 epoch_seconds=3.8 task_elapsed_minutes=4.0 gpu_alloc_gb=0.342 gpu_reserved_gb=1.744
[SSL] repeat=1 scope=external fold=external epoch=36/50 ssl_loss=0.033394 lr=0.000037391 base_val_bce=0.644900 base_best=N base_cls_epoch=24 epoch_seconds=3.1 task_elapsed_minutes=4.0 gpu_alloc_gb=0.342 gpu_reserved_gb=1.744
[SSL] repeat=1 scope=external fold=external epoch=37/50 ssl_loss=0.037883 lr=0.000032700 base_val_bce=0.622850 base_best=N base_cls_epoch=27 epoch_seconds=3.1 task_elapsed_minutes=4.1 gpu_alloc_gb=0.342 gpu_reserved_gb=1.744
[SSL] repeat=1 scope=external fold=external epoch=38/50 ssl_loss=0.032787 lr=0.000028229 base_val_bce=0.624451 base_best=N base_cls_epoch=22 epoch_seconds=3.2 task_elapsed_minutes=4.1 gpu_alloc_gb=0.342 gpu_reserved_gb=1.744
[SSL] repeat=1 scope=external fold=external epoch=39/50 ssl_loss=0.035922 lr=0.000024006 base_val_bce=0.634173 base_best=N base_cls_epoch=24 epoch_seconds=3.1 task_elapsed_minutes=4.2 gpu_alloc_gb=0.342 gpu_reserved_gb=1.744
CHECKPOINT_LATEST repeat=1 scope=external fold=external phase=ssl epoch=40 path=/data/adodas/VarCoNet-V2-main/xiaolunwen/experiment1c/checkpoints/worker_r1_latest.pt
[SSL] repeat=1 scope=external fold=external epoch=40/50 ssl_loss=0.031925 lr=0.000020058 base_val_bce=0.623446 base_best=N base_cls_epoch=29 epoch_seconds=10.0 task_elapsed_minutes=4.4 gpu_alloc_gb=0.342 gpu_reserved_gb=1.744
[SSL] repeat=1 scope=external fold=external epoch=41/50 ssl_loss=0.027889 lr=0.000016408 base_val_bce=0.621112 base_best=N base_cls_epoch=23 epoch_seconds=9.3 task_elapsed_minutes=4.5 gpu_alloc_gb=0.342 gpu_reserved_gb=1.744
[SSL] repeat=1 scope=external fold=external epoch=42/50 ssl_loss=0.030888 lr=0.000013079 base_val_bce=0.623663 base_best=N base_cls_epoch=22 epoch_seconds=7.1 task_elapsed_minutes=4.7 gpu_alloc_gb=0.342 gpu_reserved_gb=1.744
[SSL] repeat=1 scope=external fold=external epoch=43/50 ssl_loss=0.034298 lr=0.000010091 base_val_bce=0.620821 base_best=N base_cls_epoch=23 epoch_seconds=5.9 task_elapsed_minutes=4.8 gpu_alloc_gb=0.342 gpu_reserved_gb=1.744
[SSL] repeat=1 scope=external fold=external epoch=44/50 ssl_loss=0.040950 lr=0.000007464 base_val_bce=0.622953 base_best=N base_cls_epoch=22 epoch_seconds=8.4 task_elapsed_minutes=4.9 gpu_alloc_gb=0.342 gpu_reserved_gb=1.744
[SSL] repeat=1 scope=external fold=external epoch=45/50 ssl_loss=0.034395 lr=0.000005213 base_val_bce=0.623080 base_best=N base_cls_epoch=23 epoch_seconds=13.0 task_elapsed_minutes=5.1 gpu_alloc_gb=0.342 gpu_reserved_gb=1.744
[SSL] repeat=1 scope=external fold=external epoch=46/50 ssl_loss=0.035613 lr=0.000003352 base_val_bce=0.624343 base_best=N base_cls_epoch=22 epoch_seconds=5.3 task_elapsed_minutes=5.2 gpu_alloc_gb=0.342 gpu_reserved_gb=1.744
[SSL] repeat=1 scope=external fold=external epoch=47/50 ssl_loss=0.033589 lr=0.000001892 base_val_bce=0.620010 base_best=N base_cls_epoch=25 epoch_seconds=2.5 task_elapsed_minutes=5.2 gpu_alloc_gb=0.342 gpu_reserved_gb=1.744
[SSL] repeat=1 scope=external fold=external epoch=48/50 ssl_loss=0.032738 lr=0.000000843 base_val_bce=0.631810 base_best=N base_cls_epoch=26 epoch_seconds=2.3 task_elapsed_minutes=5.3 gpu_alloc_gb=0.342 gpu_reserved_gb=1.744
[SSL] repeat=1 scope=external fold=external epoch=49/50 ssl_loss=0.037491 lr=0.000000211 base_val_bce=0.636839 base_best=N base_cls_epoch=25 epoch_seconds=2.3 task_elapsed_minutes=5.3 gpu_alloc_gb=0.342 gpu_reserved_gb=1.744
CHECKPOINT_LATEST repeat=1 scope=external fold=external phase=ssl epoch=50 path=/data/adodas/VarCoNet-V2-main/xiaolunwen/experiment1c/checkpoints/worker_r1_latest.pt
[SSL] repeat=1 scope=external fold=external epoch=50/50 ssl_loss=0.031536 lr=0.000000000 base_val_bce=0.639482 base_best=N base_cls_epoch=26 epoch_seconds=2.6 task_elapsed_minutes=5.4 gpu_alloc_gb=0.342 gpu_reserved_gb=1.744
[CRSM_ZERO_BASELINE] repeat=1 scope=external fold=external epoch=0 exact_zero=Y val_bce=0.610259 probability_max_abs=5.96e-08
CHECKPOINT_LATEST repeat=1 scope=external fold=external phase=crsm_corrected epoch=0 path=/data/adodas/VarCoNet-V2-main/xiaolunwen/experiment1c/checkpoints/worker_r1_latest.pt
CHECKPOINT_BEST repeat=1 scope=external fold=external phase=crsm_corrected epoch=0 path=/data/adodas/VarCoNet-V2-main/xiaolunwen/experiment1c/checkpoints/worker_r1_best.pt
CHECKPOINT_BEST repeat=1 scope=external fold=external phase=crsm_corrected epoch=0 path=/data/adodas/VarCoNet-V2-main/xiaolunwen/experiment1c/checkpoints/worker_r1_best.pt
CHECKPOINT_LATEST repeat=1 scope=external fold=external phase=crsm_corrected epoch=0 path=/data/adodas/VarCoNet-V2-main/xiaolunwen/experiment1c/checkpoints/worker_r1_latest.pt
[CRSM_SYMMETRY_START] repeat=1 scope=external fold=external after_exact_zero=Y pca_unit_norm=1.00000000 pca_singular=174.734528 symmetry_scale=0.0013041168
CHECKPOINT_LATEST repeat=1 scope=external fold=external phase=crsm_corrected epoch=10 path=/data/adodas/VarCoNet-V2-main/xiaolunwen/experiment1c/checkpoints/worker_r1_latest.pt
[CRSM_CORRECTED] repeat=1 scope=external fold=external epoch=10/149 train_loss=0.311416 val_bce=0.616890 best=N best_epoch=0 asd_mass=(0.5013,0.4987) hc_mass=(0.5000,0.5000) delta_l2=(0.131557,0.131458) epoch_seconds=0.38
CHECKPOINT_LATEST repeat=1 scope=external fold=external phase=crsm_corrected epoch=20 path=/data/adodas/VarCoNet-V2-main/xiaolunwen/experiment1c/checkpoints/worker_r1_latest.pt
[CRSM_CORRECTED] repeat=1 scope=external fold=external epoch=20/149 train_loss=0.275605 val_bce=0.628482 best=N best_epoch=0 asd_mass=(0.5027,0.4973) hc_mass=(0.5000,0.5000) delta_l2=(0.252717,0.252590) epoch_seconds=0.71
CHECKPOINT_LATEST repeat=1 scope=external fold=external phase=crsm_corrected epoch=30 path=/data/adodas/VarCoNet-V2-main/xiaolunwen/experiment1c/checkpoints/worker_r1_latest.pt
[CRSM_CORRECTED] repeat=1 scope=external fold=external epoch=30/149 train_loss=0.249644 val_bce=0.642071 best=N best_epoch=0 asd_mass=(0.5053,0.4947) hc_mass=(0.5000,0.5000) delta_l2=(0.362396,0.362304) epoch_seconds=0.50
CHECKPOINT_LATEST repeat=1 scope=external fold=external phase=crsm_corrected epoch=40 path=/data/adodas/VarCoNet-V2-main/xiaolunwen/experiment1c/checkpoints/worker_r1_latest.pt
[CRSM_CORRECTED] repeat=1 scope=external fold=external epoch=40/149 train_loss=0.230546 val_bce=0.656576 best=N best_epoch=0 asd_mass=(0.5096,0.4904) hc_mass=(0.5000,0.5000) delta_l2=(0.461004,0.461019) epoch_seconds=0.53
CHECKPOINT_LATEST repeat=1 scope=external fold=external phase=crsm_corrected epoch=50 path=/data/adodas/VarCoNet-V2-main/xiaolunwen/experiment1c/checkpoints/worker_r1_latest.pt
[CRSM_CORRECTED] repeat=1 scope=external fold=external epoch=50/149 train_loss=0.216230 val_bce=0.671147 best=N best_epoch=0 asd_mass=(0.5154,0.4846) hc_mass=(0.5000,0.5000) delta_l2=(0.549808,0.550019) epoch_seconds=0.51
CHECKPOINT_LATEST repeat=1 scope=external fold=external phase=crsm_corrected epoch=60 path=/data/adodas/VarCoNet-V2-main/xiaolunwen/experiment1c/checkpoints/worker_r1_latest.pt
[CRSM_CORRECTED] repeat=1 scope=external fold=external epoch=60/149 train_loss=0.205261 val_bce=0.685687 best=N best_epoch=0 asd_mass=(0.5218,0.4782) hc_mass=(0.4999,0.5001) delta_l2=(0.630059,0.630708) epoch_seconds=0.45
CHECKPOINT_LATEST repeat=1 scope=external fold=external phase=crsm_corrected epoch=70 path=/data/adodas/VarCoNet-V2-main/xiaolunwen/experiment1c/checkpoints/worker_r1_latest.pt
[CRSM_CORRECTED] repeat=1 scope=external fold=external epoch=70/149 train_loss=0.196661 val_bce=0.700335 best=N best_epoch=0 asd_mass=(0.5272,0.4728) hc_mass=(0.4999,0.5001) delta_l2=(0.702798,0.704413) epoch_seconds=0.70
CHECKPOINT_LATEST repeat=1 scope=external fold=external phase=crsm_corrected epoch=80 path=/data/adodas/VarCoNet-V2-main/xiaolunwen/experiment1c/checkpoints/worker_r1_latest.pt
[CRSM_CORRECTED] repeat=1 scope=external fold=external epoch=80/149 train_loss=0.189786 val_bce=0.715004 best=N best_epoch=0 asd_mass=(0.5306,0.4694) hc_mass=(0.4999,0.5001) delta_l2=(0.768885,0.772342) epoch_seconds=0.50
CHECKPOINT_LATEST repeat=1 scope=external fold=external phase=crsm_corrected epoch=90 path=/data/adodas/VarCoNet-V2-main/xiaolunwen/experiment1c/checkpoints/worker_r1_latest.pt
[CRSM_CORRECTED] repeat=1 scope=external fold=external epoch=90/149 train_loss=0.184219 val_bce=0.729530 best=N best_epoch=0 asd_mass=(0.5319,0.4681) hc_mass=(0.4999,0.5001) delta_l2=(0.829056,0.835437) epoch_seconds=0.43
CHECKPOINT_LATEST repeat=1 scope=external fold=external phase=crsm_corrected epoch=100 path=/data/adodas/VarCoNet-V2-main/xiaolunwen/experiment1c/checkpoints/worker_r1_latest.pt
[CRSM_CORRECTED] repeat=1 scope=external fold=external epoch=100/149 train_loss=0.179682 val_bce=0.743841 best=N best_epoch=0 asd_mass=(0.5318,0.4682) hc_mass=(0.4999,0.5001) delta_l2=(0.883971,0.894317) epoch_seconds=0.46
CHECKPOINT_LATEST repeat=1 scope=external fold=external phase=crsm_corrected epoch=110 path=/data/adodas/VarCoNet-V2-main/xiaolunwen/experiment1c/checkpoints/worker_r1_latest.pt
[CRSM_CORRECTED] repeat=1 scope=external fold=external epoch=110/149 train_loss=0.175969 val_bce=0.757835 best=N best_epoch=0 asd_mass=(0.5309,0.4691) hc_mass=(0.5000,0.5000) delta_l2=(0.934220,0.949370) epoch_seconds=0.70
CHECKPOINT_LATEST repeat=1 scope=external fold=external phase=crsm_corrected epoch=120 path=/data/adodas/VarCoNet-V2-main/xiaolunwen/experiment1c/checkpoints/worker_r1_latest.pt
[CRSM_CORRECTED] repeat=1 scope=external fold=external epoch=120/149 train_loss=0.172919 val_bce=0.771405 best=N best_epoch=0 asd_mass=(0.5296,0.4704) hc_mass=(0.5000,0.5000) delta_l2=(0.980337,1.000862) epoch_seconds=0.34
CHECKPOINT_LATEST repeat=1 scope=external fold=external phase=crsm_corrected epoch=130 path=/data/adodas/VarCoNet-V2-main/xiaolunwen/experiment1c/checkpoints/worker_r1_latest.pt
[CRSM_CORRECTED] repeat=1 scope=external fold=external epoch=130/149 train_loss=0.170400 val_bce=0.784507 best=N best_epoch=0 asd_mass=(0.5282,0.4718) hc_mass=(0.5000,0.5000) delta_l2=(1.022797,1.049022) epoch_seconds=0.46
CHECKPOINT_LATEST repeat=1 scope=external fold=external phase=crsm_corrected epoch=140 path=/data/adodas/VarCoNet-V2-main/xiaolunwen/experiment1c/checkpoints/worker_r1_latest.pt
[CRSM_CORRECTED] repeat=1 scope=external fold=external epoch=140/149 train_loss=0.168307 val_bce=0.797122 best=N best_epoch=0 asd_mass=(0.5267,0.4733) hc_mass=(0.5000,0.5000) delta_l2=(1.062025,1.094078) epoch_seconds=0.30
CHECKPOINT_LATEST repeat=1 scope=external fold=external phase=crsm_corrected epoch=149 path=/data/adodas/VarCoNet-V2-main/xiaolunwen/experiment1c/checkpoints/worker_r1_latest.pt
[CRSM_CORRECTED] repeat=1 scope=external fold=external epoch=149/149 train_loss=0.166717 val_bce=0.808056 best=N best_epoch=0 asd_mass=(0.5255,0.4745) hc_mass=(0.5000,0.5000) delta_l2=(1.094876,1.132167) epoch_seconds=0.70
[SNDE_NORMATIVE] repeat=1 scope=external fold=external n_unique_asd=420 n_unique_hc=373 roi_dim=384 std_floor=0.001234081 pc1_explained_fraction=0.206437 hc_score_mean_before_norm=-1.02271e-07 hc_score_std_before_norm=7.87761 asd_positive_fraction=0.1476 asd_negative_fraction=0.0024 asd_generalist_fraction=0.8500 hc_positive_fraction=0.1046 hc_negative_fraction=0.0027 hc_generalist_fraction=0.8928
[SNDE_ZERO_BASELINE] repeat=1 scope=external fold=external epoch=0 exact_zero=Y val_bce=0.610259 probability_max_abs=5.96e-08
CHECKPOINT_BEST repeat=1 scope=external fold=external phase=snde epoch=0 path=/data/adodas/VarCoNet-V2-main/xiaolunwen/experiment1c/checkpoints/worker_r1_best.pt
CHECKPOINT_LATEST repeat=1 scope=external fold=external phase=snde epoch=0 path=/data/adodas/VarCoNet-V2-main/xiaolunwen/experiment1c/checkpoints/worker_r1_latest.pt
CHECKPOINT_BEST repeat=1 scope=external fold=external phase=snde epoch=1 path=/data/adodas/VarCoNet-V2-main/xiaolunwen/experiment1c/checkpoints/worker_r1_best.pt
CHECKPOINT_LATEST repeat=1 scope=external fold=external phase=snde epoch=1 path=/data/adodas/VarCoNet-V2-main/xiaolunwen/experiment1c/checkpoints/worker_r1_latest.pt
[SNDE] repeat=1 scope=external fold=external epoch=1/149 train_bce=0.355310 val_bce=0.607436 best=Y best_epoch=1 asd_gate=(+0.148,-0.002,g0.850) hc_gate=(+0.105,-0.003,g0.893) pos_weight_l2=0.019596 neg_weight_l2=0.019535 mean_abs_pos_correction=0.022478 mean_abs_neg_correction=0.000026 elapsed_seconds=1.33
CHECKPOINT_BEST repeat=1 scope=external fold=external phase=snde epoch=3 path=/data/adodas/VarCoNet-V2-main/xiaolunwen/experiment1c/checkpoints/worker_r1_best.pt
CHECKPOINT_LATEST repeat=1 scope=external fold=external phase=snde epoch=3 path=/data/adodas/VarCoNet-V2-main/xiaolunwen/experiment1c/checkpoints/worker_r1_latest.pt
[SNDE] repeat=1 scope=external fold=external epoch=3/149 train_bce=0.350948 val_bce=0.607392 best=Y best_epoch=3 asd_gate=(+0.148,-0.002,g0.850) hc_gate=(+0.105,-0.003,g0.893) pos_weight_l2=0.042305 neg_weight_l2=0.058509 mean_abs_pos_correction=0.048726 mean_abs_neg_correction=0.000078 elapsed_seconds=1.02
CHECKPOINT_BEST repeat=1 scope=external fold=external phase=snde epoch=4 path=/data/adodas/VarCoNet-V2-main/xiaolunwen/experiment1c/checkpoints/worker_r1_best.pt
CHECKPOINT_LATEST repeat=1 scope=external fold=external phase=snde epoch=4 path=/data/adodas/VarCoNet-V2-main/xiaolunwen/experiment1c/checkpoints/worker_r1_latest.pt
[SNDE] repeat=1 scope=external fold=external epoch=4/149 train_bce=0.349348 val_bce=0.607055 best=Y best_epoch=4 asd_gate=(+0.148,-0.002,g0.850) hc_gate=(+0.105,-0.003,g0.893) pos_weight_l2=0.052131 neg_weight_l2=0.077908 mean_abs_pos_correction=0.064885 mean_abs_neg_correction=0.000104 elapsed_seconds=0.80
CHECKPOINT_LATEST repeat=1 scope=external fold=external phase=snde epoch=10 path=/data/adodas/VarCoNet-V2-main/xiaolunwen/experiment1c/checkpoints/worker_r1_latest.pt
[SNDE] repeat=1 scope=external fold=external epoch=10/149 train_bce=0.344883 val_bce=0.613517 best=N best_epoch=4 asd_gate=(+0.148,-0.002,g0.850) hc_gate=(+0.105,-0.003,g0.893) pos_weight_l2=0.103884 neg_weight_l2=0.193143 mean_abs_pos_correction=0.103786 mean_abs_neg_correction=0.000262 elapsed_seconds=0.83
CHECKPOINT_LATEST repeat=1 scope=external fold=external phase=snde epoch=20 path=/data/adodas/VarCoNet-V2-main/xiaolunwen/experiment1c/checkpoints/worker_r1_latest.pt
[SNDE] repeat=1 scope=external fold=external epoch=20/149 train_bce=0.340814 val_bce=0.622833 best=N best_epoch=4 asd_gate=(+0.148,-0.002,g0.850) hc_gate=(+0.105,-0.003,g0.893) pos_weight_l2=0.174093 neg_weight_l2=0.381313 mean_abs_pos_correction=0.148160 mean_abs_neg_correction=0.000530 elapsed_seconds=0.43
CHECKPOINT_LATEST repeat=1 scope=external fold=external phase=snde epoch=30 path=/data/adodas/VarCoNet-V2-main/xiaolunwen/experiment1c/checkpoints/worker_r1_latest.pt
[SNDE] repeat=1 scope=external fold=external epoch=30/149 train_bce=0.338315 val_bce=0.628175 best=N best_epoch=4 asd_gate=(+0.148,-0.002,g0.850) hc_gate=(+0.105,-0.003,g0.893) pos_weight_l2=0.232576 neg_weight_l2=0.562578 mean_abs_pos_correction=0.182332 mean_abs_neg_correction=0.000796 elapsed_seconds=1.24
CHECKPOINT_LATEST repeat=1 scope=external fold=external phase=snde epoch=40 path=/data/adodas/VarCoNet-V2-main/xiaolunwen/experiment1c/checkpoints/worker_r1_latest.pt
[SNDE] repeat=1 scope=external fold=external epoch=40/149 train_bce=0.336555 val_bce=0.639711 best=N best_epoch=4 asd_gate=(+0.148,-0.002,g0.850) hc_gate=(+0.105,-0.003,g0.893) pos_weight_l2=0.284401 neg_weight_l2=0.736734 mean_abs_pos_correction=0.204974 mean_abs_neg_correction=0.001053 elapsed_seconds=0.45
CHECKPOINT_LATEST repeat=1 scope=external fold=external phase=snde epoch=50 path=/data/adodas/VarCoNet-V2-main/xiaolunwen/experiment1c/checkpoints/worker_r1_latest.pt
[SNDE] repeat=1 scope=external fold=external epoch=50/149 train_bce=0.335226 val_bce=0.649854 best=N best_epoch=4 asd_gate=(+0.148,-0.002,g0.850) hc_gate=(+0.105,-0.003,g0.893) pos_weight_l2=0.331977 neg_weight_l2=0.904164 mean_abs_pos_correction=0.224014 mean_abs_neg_correction=0.001299 elapsed_seconds=0.53
CHECKPOINT_LATEST repeat=1 scope=external fold=external phase=snde epoch=60 path=/data/adodas/VarCoNet-V2-main/xiaolunwen/experiment1c/checkpoints/worker_r1_latest.pt
[SNDE] repeat=1 scope=external fold=external epoch=60/149 train_bce=0.334151 val_bce=0.657430 best=N best_epoch=4 asd_gate=(+0.148,-0.002,g0.850) hc_gate=(+0.105,-0.003,g0.893) pos_weight_l2=0.376685 neg_weight_l2=1.065109 mean_abs_pos_correction=0.242774 mean_abs_neg_correction=0.001530 elapsed_seconds=0.50
CHECKPOINT_LATEST repeat=1 scope=external fold=external phase=snde epoch=70 path=/data/adodas/VarCoNet-V2-main/xiaolunwen/experiment1c/checkpoints/worker_r1_latest.pt
[SNDE] repeat=1 scope=external fold=external epoch=70/149 train_bce=0.333243 val_bce=0.665718 best=N best_epoch=4 asd_gate=(+0.148,-0.002,g0.850) hc_gate=(+0.105,-0.003,g0.893) pos_weight_l2=0.419496 neg_weight_l2=1.220122 mean_abs_pos_correction=0.257302 mean_abs_neg_correction=0.001747 elapsed_seconds=0.43
CHECKPOINT_LATEST repeat=1 scope=external fold=external phase=snde epoch=80 path=/data/adodas/VarCoNet-V2-main/xiaolunwen/experiment1c/checkpoints/worker_r1_latest.pt
[SNDE] repeat=1 scope=external fold=external epoch=80/149 train_bce=0.332456 val_bce=0.671745 best=N best_epoch=4 asd_gate=(+0.148,-0.002,g0.850) hc_gate=(+0.105,-0.003,g0.893) pos_weight_l2=0.461020 neg_weight_l2=1.369846 mean_abs_pos_correction=0.271471 mean_abs_neg_correction=0.001953 elapsed_seconds=0.44
CHECKPOINT_LATEST repeat=1 scope=external fold=external phase=snde epoch=90 path=/data/adodas/VarCoNet-V2-main/xiaolunwen/experiment1c/checkpoints/worker_r1_latest.pt
[SNDE] repeat=1 scope=external fold=external epoch=90/149 train_bce=0.331763 val_bce=0.677116 best=N best_epoch=4 asd_gate=(+0.148,-0.002,g0.850) hc_gate=(+0.105,-0.003,g0.893) pos_weight_l2=0.501544 neg_weight_l2=1.514882 mean_abs_pos_correction=0.284563 mean_abs_neg_correction=0.002149 elapsed_seconds=0.78
CHECKPOINT_LATEST repeat=1 scope=external fold=external phase=snde epoch=100 path=/data/adodas/VarCoNet-V2-main/xiaolunwen/experiment1c/checkpoints/worker_r1_latest.pt
[SNDE] repeat=1 scope=external fold=external epoch=100/149 train_bce=0.331146 val_bce=0.681546 best=N best_epoch=4 asd_gate=(+0.148,-0.002,g0.850) hc_gate=(+0.105,-0.003,g0.893) pos_weight_l2=0.541167 neg_weight_l2=1.655758 mean_abs_pos_correction=0.297165 mean_abs_neg_correction=0.002334 elapsed_seconds=0.46
CHECKPOINT_LATEST repeat=1 scope=external fold=external phase=snde epoch=110 path=/data/adodas/VarCoNet-V2-main/xiaolunwen/experiment1c/checkpoints/worker_r1_latest.pt
[SNDE] repeat=1 scope=external fold=external epoch=110/149 train_bce=0.330592 val_bce=0.685223 best=N best_epoch=4 asd_gate=(+0.148,-0.002,g0.850) hc_gate=(+0.105,-0.003,g0.893) pos_weight_l2=0.579916 neg_weight_l2=1.792920 mean_abs_pos_correction=0.309473 mean_abs_neg_correction=0.002511 elapsed_seconds=0.48
CHECKPOINT_LATEST repeat=1 scope=external fold=external phase=snde epoch=120 path=/data/adodas/VarCoNet-V2-main/xiaolunwen/experiment1c/checkpoints/worker_r1_latest.pt
[SNDE] repeat=1 scope=external fold=external epoch=120/149 train_bce=0.330089 val_bce=0.688618 best=N best_epoch=4 asd_gate=(+0.148,-0.002,g0.850) hc_gate=(+0.105,-0.003,g0.893) pos_weight_l2=0.617827 neg_weight_l2=1.926739 mean_abs_pos_correction=0.321169 mean_abs_neg_correction=0.002680 elapsed_seconds=0.50
CHECKPOINT_LATEST repeat=1 scope=external fold=external phase=snde epoch=130 path=/data/adodas/VarCoNet-V2-main/xiaolunwen/experiment1c/checkpoints/worker_r1_latest.pt
[SNDE] repeat=1 scope=external fold=external epoch=130/149 train_bce=0.329631 val_bce=0.691560 best=N best_epoch=4 asd_gate=(+0.148,-0.002,g0.850) hc_gate=(+0.105,-0.003,g0.893) pos_weight_l2=0.654952 neg_weight_l2=2.057528 mean_abs_pos_correction=0.332492 mean_abs_neg_correction=0.002841 elapsed_seconds=0.59
CHECKPOINT_LATEST repeat=1 scope=external fold=external phase=snde epoch=140 path=/data/adodas/VarCoNet-V2-main/xiaolunwen/experiment1c/checkpoints/worker_r1_latest.pt
[SNDE] repeat=1 scope=external fold=external epoch=140/149 train_bce=0.329211 val_bce=0.694262 best=N best_epoch=4 asd_gate=(+0.148,-0.002,g0.850) hc_gate=(+0.105,-0.003,g0.893) pos_weight_l2=0.691336 neg_weight_l2=2.185546 mean_abs_pos_correction=0.343310 mean_abs_neg_correction=0.002996 elapsed_seconds=0.64
CHECKPOINT_LATEST repeat=1 scope=external fold=external phase=snde epoch=149 path=/data/adodas/VarCoNet-V2-main/xiaolunwen/experiment1c/checkpoints/worker_r1_latest.pt
[SNDE] repeat=1 scope=external fold=external epoch=149/149 train_bce=0.328861 val_bce=0.696471 best=N best_epoch=4 asd_gate=(+0.148,-0.002,g0.850) hc_gate=(+0.105,-0.003,g0.893) pos_weight_l2=0.723475 neg_weight_l2=2.298576 mean_abs_pos_correction=0.352758 mean_abs_neg_correction=0.003129 elapsed_seconds=0.60
TASK_TRAINING_DONE repeat=1 scope=external fold=external base_encoder_epoch=29 base_classifier_epoch=22 base_val_bce=0.610259 crsm_epoch=0 crsm_val_bce=0.610259 snde_epoch=4 snde_val_bce=0.607055 elapsed_minutes=6.2
TASK_DONE repeat=1 scope=caltech fold=external method=baseline selected_encoder_epoch=29 test_auc=0.590643 test_bce=0.673969 elapsed_minutes=6.2
TASK_DONE repeat=1 scope=caltech fold=external method=crsm_corrected selected_encoder_epoch=29 test_auc=0.590643 test_bce=0.673969 elapsed_minutes=6.2
TASK_DONE repeat=1 scope=caltech fold=external method=selective_normative_deviation_experts selected_encoder_epoch=29 test_auc=0.684211 test_bce=0.617704 elapsed_minutes=6.2
TASK_DONE repeat=1 scope=abide2 fold=external method=baseline selected_encoder_epoch=29 test_auc=0.741377 test_bce=0.604173 elapsed_minutes=6.2
TASK_DONE repeat=1 scope=abide2 fold=external method=crsm_corrected selected_encoder_epoch=29 test_auc=0.741377 test_bce=0.604173 elapsed_minutes=6.2
TASK_DONE repeat=1 scope=abide2 fold=external method=selective_normative_deviation_experts selected_encoder_epoch=29 test_auc=0.739788 test_bce=0.603823 elapsed_minutes=6.2
REPEAT_DONE repeat=1 status=PASS rows=39
