WORKER_LAUNCH_UTC=2026-09-14T14:50:22Z repeat=4 physical_gpu=0 cpu_threads=6 full_precision=Y
Traceback (most recent call last):
  File "/data/adodas/VarCoNet-V2-main/xiaolunwen/experiment1c/run_experiment1c.py", line 2062, in <module>
    main()
  File "/data/adodas/VarCoNet-V2-main/xiaolunwen/experiment1c/run_experiment1c.py", line 2056, in main
    worker_main(args.repeat, args.device)
  File "/data/adodas/VarCoNet-V2-main/xiaolunwen/experiment1c/run_experiment1c.py", line 2023, in worker_main
    torch.cuda.reset_peak_memory_stats(device)
  File "/usr/local/lib/python3.12/site-packages/torch/cuda/memory.py", line 376, in reset_peak_memory_stats
    return torch._C._cuda_resetPeakMemoryStats(device)
           ^^^^^^^^^^^^^^^^^^^^^^^^^^^^^^^^^^^^^^^^^^^
RuntimeError: Invalid device argument 
WORKER_LAUNCH_UTC=2026-09-14T14:51:37Z repeat=4 physical_gpu=0 cpu_threads=6 full_precision=Y
REPEAT_START repeat=4 device=cuda:0 tasks=11 methods=3
TASK_START repeat=4 scope=internal_cv fold=0 seed=100400 device=cuda:0 methods=baseline,crsm_corrected,selective_normative_deviation_experts shared_encoder=Y reference_unique_n=674 train_n=750 val_n=119
/usr/local/lib/python3.12/site-packages/torch/autograd/graph.py:841: UserWarning: Memory Efficient attention defaults to a non-deterministic algorithm. To explicitly enable determinism call torch.use_deterministic_algorithms(True, warn_only=False). (Triggered internally at /job_4065109/source/pytorch/aten/src/ATen/native/transformers/cuda/ppu/xformers/xformers/csrc/attention/cuda/fmha/attention_backward_generic.cu:487.)
  return Variable._execution_engine.run_backward(  # Calls into the C++ engine to run the backward pass
/usr/local/lib/python3.12/site-packages/torch/nn/modules/transformer.py:515: UserWarning: The PyTorch API of nested tensors is in prototype stage and will change in the near future. We recommend specifying layout=torch.jagged when constructing a nested tensor, as this layout receives active development, has better operator coverage, and works with torch.compile. (Triggered internally at ../aten/src/ATen/NestedTensorImpl.cpp:178.)
  output = torch._nested_tensor_from_mask(
CHECKPOINT_BEST repeat=4 scope=internal_cv fold=0 phase=ssl epoch=1 path=/data/adodas/VarCoNet-V2-main/xiaolunwen/experiment1c/checkpoints/worker_r4_best.pt
[SSL] repeat=4 scope=internal_cv fold=0 epoch=1/50 ssl_loss=0.144757 lr=0.000024107 base_val_bce=0.612487 base_best=Y base_cls_epoch=46 epoch_seconds=8.0 task_elapsed_minutes=0.2 gpu_alloc_gb=0.318 gpu_reserved_gb=1.939
[SSL] repeat=4 scope=internal_cv fold=0 epoch=2/50 ssl_loss=0.127077 lr=0.000038214 base_val_bce=0.627730 base_best=N base_cls_epoch=53 epoch_seconds=2.7 task_elapsed_minutes=0.2 gpu_alloc_gb=0.318 gpu_reserved_gb=1.793
[SSL] repeat=4 scope=internal_cv fold=0 epoch=3/50 ssl_loss=0.101287 lr=0.000052321 base_val_bce=0.625462 base_best=N base_cls_epoch=48 epoch_seconds=3.7 task_elapsed_minutes=0.3 gpu_alloc_gb=0.318 gpu_reserved_gb=1.793
[SSL] repeat=4 scope=internal_cv fold=0 epoch=4/50 ssl_loss=0.138368 lr=0.000066427 base_val_bce=0.619491 base_best=N base_cls_epoch=42 epoch_seconds=4.1 task_elapsed_minutes=0.3 gpu_alloc_gb=0.318 gpu_reserved_gb=1.793
[SSL] repeat=4 scope=internal_cv fold=0 epoch=5/50 ssl_loss=0.123510 lr=0.000080534 base_val_bce=0.620537 base_best=N base_cls_epoch=52 epoch_seconds=3.8 task_elapsed_minutes=0.4 gpu_alloc_gb=0.318 gpu_reserved_gb=1.793
[SSL] repeat=4 scope=internal_cv fold=0 epoch=6/50 ssl_loss=0.093973 lr=0.000094641 base_val_bce=0.617920 base_best=N base_cls_epoch=50 epoch_seconds=3.8 task_elapsed_minutes=0.5 gpu_alloc_gb=0.318 gpu_reserved_gb=1.793
[SSL] repeat=4 scope=internal_cv fold=0 epoch=7/50 ssl_loss=0.104128 lr=0.000108748 base_val_bce=0.615928 base_best=N base_cls_epoch=46 epoch_seconds=3.9 task_elapsed_minutes=0.5 gpu_alloc_gb=0.318 gpu_reserved_gb=1.793
[SSL] repeat=4 scope=internal_cv fold=0 epoch=8/50 ssl_loss=0.074357 lr=0.000122855 base_val_bce=0.620517 base_best=N base_cls_epoch=47 epoch_seconds=3.8 task_elapsed_minutes=0.6 gpu_alloc_gb=0.318 gpu_reserved_gb=1.793
CHECKPOINT_BEST repeat=4 scope=internal_cv fold=0 phase=ssl epoch=9 path=/data/adodas/VarCoNet-V2-main/xiaolunwen/experiment1c/checkpoints/worker_r4_best.pt
[SSL] repeat=4 scope=internal_cv fold=0 epoch=9/50 ssl_loss=0.079180 lr=0.000136962 base_val_bce=0.606362 base_best=Y base_cls_epoch=48 epoch_seconds=4.2 task_elapsed_minutes=0.7 gpu_alloc_gb=0.318 gpu_reserved_gb=1.793
CHECKPOINT_BEST repeat=4 scope=internal_cv fold=0 phase=ssl epoch=10 path=/data/adodas/VarCoNet-V2-main/xiaolunwen/experiment1c/checkpoints/worker_r4_best.pt
CHECKPOINT_LATEST repeat=4 scope=internal_cv fold=0 phase=ssl epoch=10 path=/data/adodas/VarCoNet-V2-main/xiaolunwen/experiment1c/checkpoints/worker_r4_latest.pt
[SSL] repeat=4 scope=internal_cv fold=0 epoch=10/50 ssl_loss=0.074714 lr=0.000136962 base_val_bce=0.606096 base_best=Y base_cls_epoch=49 epoch_seconds=4.6 task_elapsed_minutes=0.7 gpu_alloc_gb=0.318 gpu_reserved_gb=1.793
[SSL] repeat=4 scope=internal_cv fold=0 epoch=11/50 ssl_loss=0.067332 lr=0.000136751 base_val_bce=0.618975 base_best=N base_cls_epoch=50 epoch_seconds=3.5 task_elapsed_minutes=0.8 gpu_alloc_gb=0.318 gpu_reserved_gb=1.793
[SSL] repeat=4 scope=internal_cv fold=0 epoch=12/50 ssl_loss=0.073975 lr=0.000136119 base_val_bce=0.614780 base_best=N base_cls_epoch=50 epoch_seconds=4.0 task_elapsed_minutes=0.9 gpu_alloc_gb=0.318 gpu_reserved_gb=1.793
[SSL] repeat=4 scope=internal_cv fold=0 epoch=13/50 ssl_loss=0.059175 lr=0.000135070 base_val_bce=0.615267 base_best=N base_cls_epoch=45 epoch_seconds=3.9 task_elapsed_minutes=0.9 gpu_alloc_gb=0.318 gpu_reserved_gb=1.793
[SSL] repeat=4 scope=internal_cv fold=0 epoch=14/50 ssl_loss=0.060158 lr=0.000133610 base_val_bce=0.622903 base_best=N base_cls_epoch=41 epoch_seconds=3.7 task_elapsed_minutes=1.0 gpu_alloc_gb=0.318 gpu_reserved_gb=1.793
[SSL] repeat=4 scope=internal_cv fold=0 epoch=15/50 ssl_loss=0.063732 lr=0.000131749 base_val_bce=0.619201 base_best=N base_cls_epoch=49 epoch_seconds=3.9 task_elapsed_minutes=1.1 gpu_alloc_gb=0.318 gpu_reserved_gb=1.793
[SSL] repeat=4 scope=internal_cv fold=0 epoch=16/50 ssl_loss=0.065098 lr=0.000129498 base_val_bce=0.617811 base_best=N base_cls_epoch=45 epoch_seconds=3.7 task_elapsed_minutes=1.1 gpu_alloc_gb=0.318 gpu_reserved_gb=1.793
[SSL] repeat=4 scope=internal_cv fold=0 epoch=17/50 ssl_loss=0.052291 lr=0.000126870 base_val_bce=0.619587 base_best=N base_cls_epoch=40 epoch_seconds=3.7 task_elapsed_minutes=1.2 gpu_alloc_gb=0.318 gpu_reserved_gb=1.793
[SSL] repeat=4 scope=internal_cv fold=0 epoch=18/50 ssl_loss=0.049072 lr=0.000123883 base_val_bce=0.611587 base_best=N base_cls_epoch=44 epoch_seconds=3.7 task_elapsed_minutes=1.2 gpu_alloc_gb=0.318 gpu_reserved_gb=1.793
[SSL] repeat=4 scope=internal_cv fold=0 epoch=19/50 ssl_loss=0.047274 lr=0.000120554 base_val_bce=0.622135 base_best=N base_cls_epoch=43 epoch_seconds=3.8 task_elapsed_minutes=1.3 gpu_alloc_gb=0.318 gpu_reserved_gb=1.793
CHECKPOINT_LATEST repeat=4 scope=internal_cv fold=0 phase=ssl epoch=20 path=/data/adodas/VarCoNet-V2-main/xiaolunwen/experiment1c/checkpoints/worker_r4_latest.pt
[SSL] repeat=4 scope=internal_cv fold=0 epoch=20/50 ssl_loss=0.051653 lr=0.000116904 base_val_bce=0.615635 base_best=N base_cls_epoch=42 epoch_seconds=4.0 task_elapsed_minutes=1.4 gpu_alloc_gb=0.318 gpu_reserved_gb=1.793
[SSL] repeat=4 scope=internal_cv fold=0 epoch=21/50 ssl_loss=0.062681 lr=0.000112956 base_val_bce=0.616274 base_best=N base_cls_epoch=43 epoch_seconds=3.8 task_elapsed_minutes=1.4 gpu_alloc_gb=0.318 gpu_reserved_gb=1.793
[SSL] repeat=4 scope=internal_cv fold=0 epoch=22/50 ssl_loss=0.039781 lr=0.000108733 base_val_bce=0.616266 base_best=N base_cls_epoch=43 epoch_seconds=3.7 task_elapsed_minutes=1.5 gpu_alloc_gb=0.318 gpu_reserved_gb=1.793
[SSL] repeat=4 scope=internal_cv fold=0 epoch=23/50 ssl_loss=0.038885 lr=0.000104262 base_val_bce=0.620719 base_best=N base_cls_epoch=46 epoch_seconds=2.6 task_elapsed_minutes=1.6 gpu_alloc_gb=0.318 gpu_reserved_gb=1.793
[SSL] repeat=4 scope=internal_cv fold=0 epoch=24/50 ssl_loss=0.049699 lr=0.000099570 base_val_bce=0.617787 base_best=N base_cls_epoch=46 epoch_seconds=6.3 task_elapsed_minutes=1.7 gpu_alloc_gb=0.318 gpu_reserved_gb=1.793
[SSL] repeat=4 scope=internal_cv fold=0 epoch=25/50 ssl_loss=0.044502 lr=0.000094687 base_val_bce=0.610237 base_best=N base_cls_epoch=46 epoch_seconds=7.0 task_elapsed_minutes=1.8 gpu_alloc_gb=0.318 gpu_reserved_gb=1.793
[SSL] repeat=4 scope=internal_cv fold=0 epoch=26/50 ssl_loss=0.046047 lr=0.000089643 base_val_bce=0.616302 base_best=N base_cls_epoch=46 epoch_seconds=6.0 task_elapsed_minutes=1.9 gpu_alloc_gb=0.318 gpu_reserved_gb=1.793
[SSL] repeat=4 scope=internal_cv fold=0 epoch=27/50 ssl_loss=0.052797 lr=0.000084467 base_val_bce=0.618905 base_best=N base_cls_epoch=44 epoch_seconds=6.2 task_elapsed_minutes=2.0 gpu_alloc_gb=0.318 gpu_reserved_gb=1.793
[SSL] repeat=4 scope=internal_cv fold=0 epoch=28/50 ssl_loss=0.044083 lr=0.000079194 base_val_bce=0.622589 base_best=N base_cls_epoch=45 epoch_seconds=6.4 task_elapsed_minutes=2.1 gpu_alloc_gb=0.318 gpu_reserved_gb=1.793
[SSL] repeat=4 scope=internal_cv fold=0 epoch=29/50 ssl_loss=0.044340 lr=0.000073854 base_val_bce=0.609441 base_best=N base_cls_epoch=46 epoch_seconds=6.2 task_elapsed_minutes=2.2 gpu_alloc_gb=0.318 gpu_reserved_gb=1.793
CHECKPOINT_LATEST repeat=4 scope=internal_cv fold=0 phase=ssl epoch=30 path=/data/adodas/VarCoNet-V2-main/xiaolunwen/experiment1c/checkpoints/worker_r4_latest.pt
[SSL] repeat=4 scope=internal_cv fold=0 epoch=30/50 ssl_loss=0.036200 lr=0.000068481 base_val_bce=0.607373 base_best=N base_cls_epoch=45 epoch_seconds=6.2 task_elapsed_minutes=2.3 gpu_alloc_gb=0.318 gpu_reserved_gb=1.793
[SSL] repeat=4 scope=internal_cv fold=0 epoch=31/50 ssl_loss=0.049963 lr=0.000063108 base_val_bce=0.620675 base_best=N base_cls_epoch=49 epoch_seconds=8.2 task_elapsed_minutes=2.5 gpu_alloc_gb=0.318 gpu_reserved_gb=1.793
[SSL] repeat=4 scope=internal_cv fold=0 epoch=32/50 ssl_loss=0.050189 lr=0.000057768 base_val_bce=0.609727 base_best=N base_cls_epoch=43 epoch_seconds=6.1 task_elapsed_minutes=2.6 gpu_alloc_gb=0.318 gpu_reserved_gb=1.793
[SSL] repeat=4 scope=internal_cv fold=0 epoch=33/50 ssl_loss=0.046512 lr=0.000052494 base_val_bce=0.613873 base_best=N base_cls_epoch=43 epoch_seconds=6.0 task_elapsed_minutes=2.7 gpu_alloc_gb=0.318 gpu_reserved_gb=1.793
[SSL] repeat=4 scope=internal_cv fold=0 epoch=34/50 ssl_loss=0.038620 lr=0.000047319 base_val_bce=0.611888 base_best=N base_cls_epoch=45 epoch_seconds=6.0 task_elapsed_minutes=2.8 gpu_alloc_gb=0.318 gpu_reserved_gb=1.793
[SSL] repeat=4 scope=internal_cv fold=0 epoch=35/50 ssl_loss=0.046488 lr=0.000042274 base_val_bce=0.618139 base_best=N base_cls_epoch=47 epoch_seconds=4.7 task_elapsed_minutes=2.8 gpu_alloc_gb=0.318 gpu_reserved_gb=1.793
[SSL] repeat=4 scope=internal_cv fold=0 epoch=36/50 ssl_loss=0.043662 lr=0.000037391 base_val_bce=0.619534 base_best=N base_cls_epoch=43 epoch_seconds=3.8 task_elapsed_minutes=2.9 gpu_alloc_gb=0.318 gpu_reserved_gb=1.793
[SSL] repeat=4 scope=internal_cv fold=0 epoch=37/50 ssl_loss=0.043192 lr=0.000032700 base_val_bce=0.621342 base_best=N base_cls_epoch=46 epoch_seconds=3.8 task_elapsed_minutes=3.0 gpu_alloc_gb=0.318 gpu_reserved_gb=1.793
[SSL] repeat=4 scope=internal_cv fold=0 epoch=38/50 ssl_loss=0.034129 lr=0.000028229 base_val_bce=0.620233 base_best=N base_cls_epoch=48 epoch_seconds=3.8 task_elapsed_minutes=3.0 gpu_alloc_gb=0.318 gpu_reserved_gb=1.793
[SSL] repeat=4 scope=internal_cv fold=0 epoch=39/50 ssl_loss=0.028860 lr=0.000024006 base_val_bce=0.615042 base_best=N base_cls_epoch=42 epoch_seconds=3.2 task_elapsed_minutes=3.1 gpu_alloc_gb=0.318 gpu_reserved_gb=1.793
CHECKPOINT_LATEST repeat=4 scope=internal_cv fold=0 phase=ssl epoch=40 path=/data/adodas/VarCoNet-V2-main/xiaolunwen/experiment1c/checkpoints/worker_r4_latest.pt
[SSL] repeat=4 scope=internal_cv fold=0 epoch=40/50 ssl_loss=0.042275 lr=0.000020058 base_val_bce=0.627010 base_best=N base_cls_epoch=41 epoch_seconds=4.1 task_elapsed_minutes=3.2 gpu_alloc_gb=0.318 gpu_reserved_gb=1.793
CHECKPOINT_BEST repeat=4 scope=internal_cv fold=0 phase=ssl epoch=41 path=/data/adodas/VarCoNet-V2-main/xiaolunwen/experiment1c/checkpoints/worker_r4_best.pt
[SSL] repeat=4 scope=internal_cv fold=0 epoch=41/50 ssl_loss=0.043005 lr=0.000016408 base_val_bce=0.603026 base_best=Y base_cls_epoch=49 epoch_seconds=4.1 task_elapsed_minutes=3.2 gpu_alloc_gb=0.318 gpu_reserved_gb=1.793
[SSL] repeat=4 scope=internal_cv fold=0 epoch=42/50 ssl_loss=0.050664 lr=0.000013079 base_val_bce=0.608300 base_best=N base_cls_epoch=43 epoch_seconds=3.7 task_elapsed_minutes=3.3 gpu_alloc_gb=0.318 gpu_reserved_gb=1.793
[SSL] repeat=4 scope=internal_cv fold=0 epoch=43/50 ssl_loss=0.043252 lr=0.000010091 base_val_bce=0.603609 base_best=N base_cls_epoch=45 epoch_seconds=3.8 task_elapsed_minutes=3.3 gpu_alloc_gb=0.318 gpu_reserved_gb=1.793
[SSL] repeat=4 scope=internal_cv fold=0 epoch=44/50 ssl_loss=0.039004 lr=0.000007464 base_val_bce=0.610716 base_best=N base_cls_epoch=45 epoch_seconds=3.9 task_elapsed_minutes=3.4 gpu_alloc_gb=0.318 gpu_reserved_gb=1.793
[SSL] repeat=4 scope=internal_cv fold=0 epoch=45/50 ssl_loss=0.048600 lr=0.000005213 base_val_bce=0.606684 base_best=N base_cls_epoch=45 epoch_seconds=3.9 task_elapsed_minutes=3.5 gpu_alloc_gb=0.318 gpu_reserved_gb=1.793
[SSL] repeat=4 scope=internal_cv fold=0 epoch=46/50 ssl_loss=0.039222 lr=0.000003352 base_val_bce=0.609495 base_best=N base_cls_epoch=41 epoch_seconds=3.8 task_elapsed_minutes=3.5 gpu_alloc_gb=0.318 gpu_reserved_gb=1.793
[SSL] repeat=4 scope=internal_cv fold=0 epoch=47/50 ssl_loss=0.045456 lr=0.000001892 base_val_bce=0.615245 base_best=N base_cls_epoch=45 epoch_seconds=3.8 task_elapsed_minutes=3.6 gpu_alloc_gb=0.318 gpu_reserved_gb=1.793
[SSL] repeat=4 scope=internal_cv fold=0 epoch=48/50 ssl_loss=0.027225 lr=0.000000843 base_val_bce=0.608572 base_best=N base_cls_epoch=46 epoch_seconds=3.8 task_elapsed_minutes=3.7 gpu_alloc_gb=0.318 gpu_reserved_gb=1.793
[SSL] repeat=4 scope=internal_cv fold=0 epoch=49/50 ssl_loss=0.040098 lr=0.000000211 base_val_bce=0.614622 base_best=N base_cls_epoch=43 epoch_seconds=3.7 task_elapsed_minutes=3.7 gpu_alloc_gb=0.318 gpu_reserved_gb=1.793
CHECKPOINT_LATEST repeat=4 scope=internal_cv fold=0 phase=ssl epoch=50 path=/data/adodas/VarCoNet-V2-main/xiaolunwen/experiment1c/checkpoints/worker_r4_latest.pt
[SSL] repeat=4 scope=internal_cv fold=0 epoch=50/50 ssl_loss=0.040422 lr=0.000000000 base_val_bce=0.619132 base_best=N base_cls_epoch=43 epoch_seconds=4.1 task_elapsed_minutes=3.8 gpu_alloc_gb=0.318 gpu_reserved_gb=1.793
[CRSM_ZERO_BASELINE] repeat=4 scope=internal_cv fold=0 epoch=0 exact_zero=Y val_bce=0.603026 probability_max_abs=5.96e-08
CHECKPOINT_LATEST repeat=4 scope=internal_cv fold=0 phase=crsm_corrected epoch=0 path=/data/adodas/VarCoNet-V2-main/xiaolunwen/experiment1c/checkpoints/worker_r4_latest.pt
CHECKPOINT_BEST repeat=4 scope=internal_cv fold=0 phase=crsm_corrected epoch=0 path=/data/adodas/VarCoNet-V2-main/xiaolunwen/experiment1c/checkpoints/worker_r4_best.pt
CHECKPOINT_BEST repeat=4 scope=internal_cv fold=0 phase=crsm_corrected epoch=0 path=/data/adodas/VarCoNet-V2-main/xiaolunwen/experiment1c/checkpoints/worker_r4_best.pt
CHECKPOINT_LATEST repeat=4 scope=internal_cv fold=0 phase=crsm_corrected epoch=0 path=/data/adodas/VarCoNet-V2-main/xiaolunwen/experiment1c/checkpoints/worker_r4_latest.pt
[CRSM_SYMMETRY_START] repeat=4 scope=internal_cv fold=0 after_exact_zero=Y pca_unit_norm=1.00000000 pca_singular=161.215698 symmetry_scale=0.00215202407
CHECKPOINT_LATEST repeat=4 scope=internal_cv fold=0 phase=crsm_corrected epoch=10 path=/data/adodas/VarCoNet-V2-main/xiaolunwen/experiment1c/checkpoints/worker_r4_latest.pt
[CRSM_CORRECTED] repeat=4 scope=internal_cv fold=0 epoch=10/149 train_loss=0.159984 val_bce=0.607631 best=N best_epoch=0 asd_mass=(0.5038,0.4962) hc_mass=(0.5000,0.5000) delta_l2=(0.130525,0.129868) epoch_seconds=0.38
CHECKPOINT_LATEST repeat=4 scope=internal_cv fold=0 phase=crsm_corrected epoch=20 path=/data/adodas/VarCoNet-V2-main/xiaolunwen/experiment1c/checkpoints/worker_r4_latest.pt
[CRSM_CORRECTED] repeat=4 scope=internal_cv fold=0 epoch=20/149 train_loss=0.139707 val_bce=0.615672 best=N best_epoch=0 asd_mass=(0.5060,0.4940) hc_mass=(0.5000,0.5000) delta_l2=(0.249262,0.248630) epoch_seconds=0.51
CHECKPOINT_LATEST repeat=4 scope=internal_cv fold=0 phase=crsm_corrected epoch=30 path=/data/adodas/VarCoNet-V2-main/xiaolunwen/experiment1c/checkpoints/worker_r4_latest.pt
[CRSM_CORRECTED] repeat=4 scope=internal_cv fold=0 epoch=30/149 train_loss=0.125344 val_bce=0.625685 best=N best_epoch=0 asd_mass=(0.5094,0.4906) hc_mass=(0.5000,0.5000) delta_l2=(0.356382,0.355771) epoch_seconds=1.87
CHECKPOINT_LATEST repeat=4 scope=internal_cv fold=0 phase=crsm_corrected epoch=40 path=/data/adodas/VarCoNet-V2-main/xiaolunwen/experiment1c/checkpoints/worker_r4_latest.pt
[CRSM_CORRECTED] repeat=4 scope=internal_cv fold=0 epoch=40/149 train_loss=0.115033 val_bce=0.637601 best=N best_epoch=0 asd_mass=(0.5145,0.4855) hc_mass=(0.5000,0.5000) delta_l2=(0.452150,0.451689) epoch_seconds=1.41
CHECKPOINT_LATEST repeat=4 scope=internal_cv fold=0 phase=crsm_corrected epoch=50 path=/data/adodas/VarCoNet-V2-main/xiaolunwen/experiment1c/checkpoints/worker_r4_latest.pt
[CRSM_CORRECTED] repeat=4 scope=internal_cv fold=0 epoch=50/149 train_loss=0.107514 val_bce=0.650247 best=N best_epoch=0 asd_mass=(0.5212,0.4788) hc_mass=(0.5000,0.5000) delta_l2=(0.537560,0.537415) epoch_seconds=1.70
CHECKPOINT_LATEST repeat=4 scope=internal_cv fold=0 phase=crsm_corrected epoch=60 path=/data/adodas/VarCoNet-V2-main/xiaolunwen/experiment1c/checkpoints/worker_r4_latest.pt
[CRSM_CORRECTED] repeat=4 scope=internal_cv fold=0 epoch=60/149 train_loss=0.101910 val_bce=0.663410 best=N best_epoch=0 asd_mass=(0.5286,0.4714) hc_mass=(0.5000,0.5000) delta_l2=(0.613760,0.614216) epoch_seconds=1.35
CHECKPOINT_LATEST repeat=4 scope=internal_cv fold=0 phase=crsm_corrected epoch=70 path=/data/adodas/VarCoNet-V2-main/xiaolunwen/experiment1c/checkpoints/worker_r4_latest.pt
[CRSM_CORRECTED] repeat=4 scope=internal_cv fold=0 epoch=70/149 train_loss=0.097622 val_bce=0.677101 best=N best_epoch=0 asd_mass=(0.5356,0.4644) hc_mass=(0.5000,0.5000) delta_l2=(0.681940,0.683523) epoch_seconds=1.30
CHECKPOINT_LATEST repeat=4 scope=internal_cv fold=0 phase=crsm_corrected epoch=80 path=/data/adodas/VarCoNet-V2-main/xiaolunwen/experiment1c/checkpoints/worker_r4_latest.pt
[CRSM_CORRECTED] repeat=4 scope=internal_cv fold=0 epoch=80/149 train_loss=0.094259 val_bce=0.691051 best=N best_epoch=0 asd_mass=(0.5412,0.4588) hc_mass=(0.5000,0.5000) delta_l2=(0.743224,0.746726) epoch_seconds=1.35
CHECKPOINT_LATEST repeat=4 scope=internal_cv fold=0 phase=crsm_corrected epoch=90 path=/data/adodas/VarCoNet-V2-main/xiaolunwen/experiment1c/checkpoints/worker_r4_latest.pt
[CRSM_CORRECTED] repeat=4 scope=internal_cv fold=0 epoch=90/149 train_loss=0.091574 val_bce=0.705068 best=N best_epoch=0 asd_mass=(0.5450,0.4550) hc_mass=(0.5000,0.5000) delta_l2=(0.798620,0.804941) epoch_seconds=1.36
CHECKPOINT_LATEST repeat=4 scope=internal_cv fold=0 phase=crsm_corrected epoch=100 path=/data/adodas/VarCoNet-V2-main/xiaolunwen/experiment1c/checkpoints/worker_r4_latest.pt
[CRSM_CORRECTED] repeat=4 scope=internal_cv fold=0 epoch=100/149 train_loss=0.089406 val_bce=0.719006 best=N best_epoch=0 asd_mass=(0.5473,0.4527) hc_mass=(0.5000,0.5000) delta_l2=(0.848981,0.858931) epoch_seconds=1.72
CHECKPOINT_LATEST repeat=4 scope=internal_cv fold=0 phase=crsm_corrected epoch=110 path=/data/adodas/VarCoNet-V2-main/xiaolunwen/experiment1c/checkpoints/worker_r4_latest.pt
[CRSM_CORRECTED] repeat=4 scope=internal_cv fold=0 epoch=110/149 train_loss=0.087644 val_bce=0.732671 best=N best_epoch=0 asd_mass=(0.5484,0.4516) hc_mass=(0.5000,0.5000) delta_l2=(0.894988,0.909192) epoch_seconds=1.55
CHECKPOINT_LATEST repeat=4 scope=internal_cv fold=0 phase=crsm_corrected epoch=120 path=/data/adodas/VarCoNet-V2-main/xiaolunwen/experiment1c/checkpoints/worker_r4_latest.pt
[CRSM_CORRECTED] repeat=4 scope=internal_cv fold=0 epoch=120/149 train_loss=0.086203 val_bce=0.745953 best=N best_epoch=0 asd_mass=(0.5488,0.4512) hc_mass=(0.5000,0.5000) delta_l2=(0.937195,0.956054) epoch_seconds=1.52
CHECKPOINT_LATEST repeat=4 scope=internal_cv fold=0 phase=crsm_corrected epoch=130 path=/data/adodas/VarCoNet-V2-main/xiaolunwen/experiment1c/checkpoints/worker_r4_latest.pt
[CRSM_CORRECTED] repeat=4 scope=internal_cv fold=0 epoch=130/149 train_loss=0.085017 val_bce=0.758801 best=N best_epoch=0 asd_mass=(0.5488,0.4512) hc_mass=(0.5000,0.5000) delta_l2=(0.976068,0.999776) epoch_seconds=1.25
CHECKPOINT_LATEST repeat=4 scope=internal_cv fold=0 phase=crsm_corrected epoch=140 path=/data/adodas/VarCoNet-V2-main/xiaolunwen/experiment1c/checkpoints/worker_r4_latest.pt
[CRSM_CORRECTED] repeat=4 scope=internal_cv fold=0 epoch=140/149 train_loss=0.084033 val_bce=0.771160 best=N best_epoch=0 asd_mass=(0.5485,0.4515) hc_mass=(0.5000,0.5000) delta_l2=(1.012019,1.040591) epoch_seconds=1.68
CHECKPOINT_LATEST repeat=4 scope=internal_cv fold=0 phase=crsm_corrected epoch=149 path=/data/adodas/VarCoNet-V2-main/xiaolunwen/experiment1c/checkpoints/worker_r4_latest.pt
[CRSM_CORRECTED] repeat=4 scope=internal_cv fold=0 epoch=149/149 train_loss=0.083287 val_bce=0.781851 best=N best_epoch=0 asd_mass=(0.5482,0.4518) hc_mass=(0.5000,0.5000) delta_l2=(1.042171,1.075029) epoch_seconds=1.52
[SNDE_NORMATIVE] repeat=4 scope=internal_cv fold=0 n_unique_asd=357 n_unique_hc=317 roi_dim=384 std_floor=0.0012181316 pc1_explained_fraction=0.222558 hc_score_mean_before_norm=-8.42362e-08 hc_score_std_before_norm=8.18419 asd_positive_fraction=0.1345 asd_negative_fraction=0.0028 asd_generalist_fraction=0.8627 hc_positive_fraction=0.1041 hc_negative_fraction=0.0032 hc_generalist_fraction=0.8927
[SNDE_ZERO_BASELINE] repeat=4 scope=internal_cv fold=0 epoch=0 exact_zero=Y val_bce=0.603026 probability_max_abs=5.96e-08
CHECKPOINT_BEST repeat=4 scope=internal_cv fold=0 phase=snde epoch=0 path=/data/adodas/VarCoNet-V2-main/xiaolunwen/experiment1c/checkpoints/worker_r4_best.pt
CHECKPOINT_LATEST repeat=4 scope=internal_cv fold=0 phase=snde epoch=0 path=/data/adodas/VarCoNet-V2-main/xiaolunwen/experiment1c/checkpoints/worker_r4_latest.pt
CHECKPOINT_BEST repeat=4 scope=internal_cv fold=0 phase=snde epoch=4 path=/data/adodas/VarCoNet-V2-main/xiaolunwen/experiment1c/checkpoints/worker_r4_best.pt
CHECKPOINT_LATEST repeat=4 scope=internal_cv fold=0 phase=snde epoch=4 path=/data/adodas/VarCoNet-V2-main/xiaolunwen/experiment1c/checkpoints/worker_r4_latest.pt
[SNDE] repeat=4 scope=internal_cv fold=0 epoch=4/149 train_bce=0.182486 val_bce=0.602775 best=Y best_epoch=4 asd_gate=(+0.134,-0.003,g0.863) hc_gate=(+0.104,-0.003,g0.893) pos_weight_l2=0.047857 neg_weight_l2=0.077760 mean_abs_pos_correction=0.048737 mean_abs_neg_correction=0.000133 elapsed_seconds=3.62
CHECKPOINT_BEST repeat=4 scope=internal_cv fold=0 phase=snde epoch=5 path=/data/adodas/VarCoNet-V2-main/xiaolunwen/experiment1c/checkpoints/worker_r4_best.pt
CHECKPOINT_LATEST repeat=4 scope=internal_cv fold=0 phase=snde epoch=5 path=/data/adodas/VarCoNet-V2-main/xiaolunwen/experiment1c/checkpoints/worker_r4_latest.pt
[SNDE] repeat=4 scope=internal_cv fold=0 epoch=5/149 train_bce=0.182188 val_bce=0.601717 best=Y best_epoch=5 asd_gate=(+0.134,-0.003,g0.863) hc_gate=(+0.104,-0.003,g0.893) pos_weight_l2=0.056076 neg_weight_l2=0.096906 mean_abs_pos_correction=0.057178 mean_abs_neg_correction=0.000166 elapsed_seconds=3.55
CHECKPOINT_LATEST repeat=4 scope=internal_cv fold=0 phase=snde epoch=10 path=/data/adodas/VarCoNet-V2-main/xiaolunwen/experiment1c/checkpoints/worker_r4_latest.pt
[SNDE] repeat=4 scope=internal_cv fold=0 epoch=10/149 train_bce=0.180296 val_bce=0.616182 best=N best_epoch=5 asd_gate=(+0.134,-0.003,g0.863) hc_gate=(+0.104,-0.003,g0.893) pos_weight_l2=0.093357 neg_weight_l2=0.189879 mean_abs_pos_correction=0.108227 mean_abs_neg_correction=0.000319 elapsed_seconds=1.24
CHECKPOINT_LATEST repeat=4 scope=internal_cv fold=0 phase=snde epoch=20 path=/data/adodas/VarCoNet-V2-main/xiaolunwen/experiment1c/checkpoints/worker_r4_latest.pt
[SNDE] repeat=4 scope=internal_cv fold=0 epoch=20/149 train_bce=0.178040 val_bce=0.608482 best=N best_epoch=5 asd_gate=(+0.134,-0.003,g0.863) hc_gate=(+0.104,-0.003,g0.893) pos_weight_l2=0.156220 neg_weight_l2=0.361494 mean_abs_pos_correction=0.144533 mean_abs_neg_correction=0.000558 elapsed_seconds=1.81
CHECKPOINT_LATEST repeat=4 scope=internal_cv fold=0 phase=snde epoch=30 path=/data/adodas/VarCoNet-V2-main/xiaolunwen/experiment1c/checkpoints/worker_r4_latest.pt
[SNDE] repeat=4 scope=internal_cv fold=0 epoch=30/149 train_bce=0.176767 val_bce=0.609746 best=N best_epoch=5 asd_gate=(+0.134,-0.003,g0.863) hc_gate=(+0.104,-0.003,g0.893) pos_weight_l2=0.208403 neg_weight_l2=0.517347 mean_abs_pos_correction=0.174634 mean_abs_neg_correction=0.000773 elapsed_seconds=0.65
CHECKPOINT_LATEST repeat=4 scope=internal_cv fold=0 phase=snde epoch=40 path=/data/adodas/VarCoNet-V2-main/xiaolunwen/experiment1c/checkpoints/worker_r4_latest.pt
[SNDE] repeat=4 scope=internal_cv fold=0 epoch=40/149 train_bce=0.175950 val_bce=0.615397 best=N best_epoch=5 asd_gate=(+0.134,-0.003,g0.863) hc_gate=(+0.104,-0.003,g0.893) pos_weight_l2=0.253088 neg_weight_l2=0.663215 mean_abs_pos_correction=0.203037 mean_abs_neg_correction=0.001047 elapsed_seconds=2.30
CHECKPOINT_LATEST repeat=4 scope=internal_cv fold=0 phase=snde epoch=50 path=/data/adodas/VarCoNet-V2-main/xiaolunwen/experiment1c/checkpoints/worker_r4_latest.pt
[SNDE] repeat=4 scope=internal_cv fold=0 epoch=50/149 train_bce=0.175371 val_bce=0.615505 best=N best_epoch=5 asd_gate=(+0.134,-0.003,g0.863) hc_gate=(+0.104,-0.003,g0.893) pos_weight_l2=0.291985 neg_weight_l2=0.802925 mean_abs_pos_correction=0.221266 mean_abs_neg_correction=0.001314 elapsed_seconds=2.19
CHECKPOINT_LATEST repeat=4 scope=internal_cv fold=0 phase=snde epoch=60 path=/data/adodas/VarCoNet-V2-main/xiaolunwen/experiment1c/checkpoints/worker_r4_latest.pt
[SNDE] repeat=4 scope=internal_cv fold=0 epoch=60/149 train_bce=0.174936 val_bce=0.619161 best=N best_epoch=5 asd_gate=(+0.134,-0.003,g0.863) hc_gate=(+0.104,-0.003,g0.893) pos_weight_l2=0.326814 neg_weight_l2=0.938125 mean_abs_pos_correction=0.240706 mean_abs_neg_correction=0.001571 elapsed_seconds=1.45
CHECKPOINT_LATEST repeat=4 scope=internal_cv fold=0 phase=snde epoch=70 path=/data/adodas/VarCoNet-V2-main/xiaolunwen/experiment1c/checkpoints/worker_r4_latest.pt
[SNDE] repeat=4 scope=internal_cv fold=0 epoch=70/149 train_bce=0.174589 val_bce=0.620890 best=N best_epoch=5 asd_gate=(+0.134,-0.003,g0.863) hc_gate=(+0.104,-0.003,g0.893) pos_weight_l2=0.358638 neg_weight_l2=1.069204 mean_abs_pos_correction=0.254484 mean_abs_neg_correction=0.001817 elapsed_seconds=1.47
CHECKPOINT_LATEST repeat=4 scope=internal_cv fold=0 phase=snde epoch=80 path=/data/adodas/VarCoNet-V2-main/xiaolunwen/experiment1c/checkpoints/worker_r4_latest.pt
[SNDE] repeat=4 scope=internal_cv fold=0 epoch=80/149 train_bce=0.174299 val_bce=0.624173 best=N best_epoch=5 asd_gate=(+0.134,-0.003,g0.863) hc_gate=(+0.104,-0.003,g0.893) pos_weight_l2=0.388432 neg_weight_l2=1.196177 mean_abs_pos_correction=0.268318 mean_abs_neg_correction=0.002052 elapsed_seconds=1.18
CHECKPOINT_LATEST repeat=4 scope=internal_cv fold=0 phase=snde epoch=90 path=/data/adodas/VarCoNet-V2-main/xiaolunwen/experiment1c/checkpoints/worker_r4_latest.pt
[SNDE] repeat=4 scope=internal_cv fold=0 epoch=90/149 train_bce=0.174049 val_bce=0.626621 best=N best_epoch=5 asd_gate=(+0.134,-0.003,g0.863) hc_gate=(+0.104,-0.003,g0.893) pos_weight_l2=0.416739 neg_weight_l2=1.319075 mean_abs_pos_correction=0.279961 mean_abs_neg_correction=0.002275 elapsed_seconds=1.46
CHECKPOINT_LATEST repeat=4 scope=internal_cv fold=0 phase=snde epoch=100 path=/data/adodas/VarCoNet-V2-main/xiaolunwen/experiment1c/checkpoints/worker_r4_latest.pt
[SNDE] repeat=4 scope=internal_cv fold=0 epoch=100/149 train_bce=0.173828 val_bce=0.629489 best=N best_epoch=5 asd_gate=(+0.134,-0.003,g0.863) hc_gate=(+0.104,-0.003,g0.893) pos_weight_l2=0.443976 neg_weight_l2=1.438031 mean_abs_pos_correction=0.291558 mean_abs_neg_correction=0.002489 elapsed_seconds=1.49
CHECKPOINT_LATEST repeat=4 scope=internal_cv fold=0 phase=snde epoch=110 path=/data/adodas/VarCoNet-V2-main/xiaolunwen/experiment1c/checkpoints/worker_r4_latest.pt
[SNDE] repeat=4 scope=internal_cv fold=0 epoch=110/149 train_bce=0.173630 val_bce=0.631972 best=N best_epoch=5 asd_gate=(+0.134,-0.003,g0.863) hc_gate=(+0.104,-0.003,g0.893) pos_weight_l2=0.470377 neg_weight_l2=1.553243 mean_abs_pos_correction=0.302081 mean_abs_neg_correction=0.002693 elapsed_seconds=1.77
CHECKPOINT_LATEST repeat=4 scope=internal_cv fold=0 phase=snde epoch=120 path=/data/adodas/VarCoNet-V2-main/xiaolunwen/experiment1c/checkpoints/worker_r4_latest.pt
[SNDE] repeat=4 scope=internal_cv fold=0 epoch=120/149 train_bce=0.173449 val_bce=0.634614 best=N best_epoch=5 asd_gate=(+0.134,-0.003,g0.863) hc_gate=(+0.104,-0.003,g0.893) pos_weight_l2=0.496119 neg_weight_l2=1.664947 mean_abs_pos_correction=0.312326 mean_abs_neg_correction=0.002889 elapsed_seconds=1.72
CHECKPOINT_LATEST repeat=4 scope=internal_cv fold=0 phase=snde epoch=130 path=/data/adodas/VarCoNet-V2-main/xiaolunwen/experiment1c/checkpoints/worker_r4_latest.pt
[SNDE] repeat=4 scope=internal_cv fold=0 epoch=130/149 train_bce=0.173283 val_bce=0.637130 best=N best_epoch=5 asd_gate=(+0.134,-0.003,g0.863) hc_gate=(+0.104,-0.003,g0.893) pos_weight_l2=0.521309 neg_weight_l2=1.773388 mean_abs_pos_correction=0.321895 mean_abs_neg_correction=0.003077 elapsed_seconds=0.87
CHECKPOINT_LATEST repeat=4 scope=internal_cv fold=0 phase=snde epoch=140 path=/data/adodas/VarCoNet-V2-main/xiaolunwen/experiment1c/checkpoints/worker_r4_latest.pt
[SNDE] repeat=4 scope=internal_cv fold=0 epoch=140/149 train_bce=0.173130 val_bce=0.639748 best=N best_epoch=5 asd_gate=(+0.134,-0.003,g0.863) hc_gate=(+0.104,-0.003,g0.893) pos_weight_l2=0.546029 neg_weight_l2=1.878805 mean_abs_pos_correction=0.331066 mean_abs_neg_correction=0.003258 elapsed_seconds=1.66
CHECKPOINT_LATEST repeat=4 scope=internal_cv fold=0 phase=snde epoch=149 path=/data/adodas/VarCoNet-V2-main/xiaolunwen/experiment1c/checkpoints/worker_r4_latest.pt
[SNDE] repeat=4 scope=internal_cv fold=0 epoch=149/149 train_bce=0.173001 val_bce=0.642129 best=N best_epoch=5 asd_gate=(+0.134,-0.003,g0.863) hc_gate=(+0.104,-0.003,g0.893) pos_weight_l2=0.567920 neg_weight_l2=1.971283 mean_abs_pos_correction=0.338937 mean_abs_neg_correction=0.003415 elapsed_seconds=0.81
TASK_TRAINING_DONE repeat=4 scope=internal_cv fold=0 base_encoder_epoch=41 base_classifier_epoch=49 base_val_bce=0.603026 crsm_epoch=0 crsm_val_bce=0.603026 snde_epoch=5 snde_val_bce=0.601717 elapsed_minutes=5.0
TASK_DONE repeat=4 scope=internal_fold fold=0 method=baseline selected_encoder_epoch=41 test_auc=0.690476 test_bce=0.641668 elapsed_minutes=5.0
TASK_DONE repeat=4 scope=internal_fold fold=0 method=crsm_corrected selected_encoder_epoch=41 test_auc=0.690476 test_bce=0.641668 elapsed_minutes=5.0
TASK_DONE repeat=4 scope=internal_fold fold=0 method=selective_normative_deviation_experts selected_encoder_epoch=41 test_auc=0.686930 test_bce=0.646964 elapsed_minutes=5.0
TASK_START repeat=4 scope=internal_cv fold=1 seed=100401 device=cuda:0 methods=baseline,crsm_corrected,selective_normative_deviation_experts shared_encoder=Y reference_unique_n=674 train_n=750 val_n=119
CHECKPOINT_BEST repeat=4 scope=internal_cv fold=1 phase=ssl epoch=1 path=/data/adodas/VarCoNet-V2-main/xiaolunwen/experiment1c/checkpoints/worker_r4_best.pt
[SSL] repeat=4 scope=internal_cv fold=1 epoch=1/50 ssl_loss=0.200984 lr=0.000024107 base_val_bce=0.659382 base_best=Y base_cls_epoch=43 epoch_seconds=7.6 task_elapsed_minutes=0.1 gpu_alloc_gb=0.318 gpu_reserved_gb=1.744
CHECKPOINT_BEST repeat=4 scope=internal_cv fold=1 phase=ssl epoch=2 path=/data/adodas/VarCoNet-V2-main/xiaolunwen/experiment1c/checkpoints/worker_r4_best.pt
[SSL] repeat=4 scope=internal_cv fold=1 epoch=2/50 ssl_loss=0.167936 lr=0.000038214 base_val_bce=0.655555 base_best=Y base_cls_epoch=39 epoch_seconds=3.8 task_elapsed_minutes=0.2 gpu_alloc_gb=0.317 gpu_reserved_gb=2.008
[SSL] repeat=4 scope=internal_cv fold=1 epoch=3/50 ssl_loss=0.156864 lr=0.000052321 base_val_bce=0.658729 base_best=N base_cls_epoch=45 epoch_seconds=2.5 task_elapsed_minutes=0.2 gpu_alloc_gb=0.318 gpu_reserved_gb=1.744
CHECKPOINT_BEST repeat=4 scope=internal_cv fold=1 phase=ssl epoch=4 path=/data/adodas/VarCoNet-V2-main/xiaolunwen/experiment1c/checkpoints/worker_r4_best.pt
[SSL] repeat=4 scope=internal_cv fold=1 epoch=4/50 ssl_loss=0.162084 lr=0.000066427 base_val_bce=0.654356 base_best=Y base_cls_epoch=47 epoch_seconds=3.7 task_elapsed_minutes=0.3 gpu_alloc_gb=0.317 gpu_reserved_gb=2.008
CHECKPOINT_BEST repeat=4 scope=internal_cv fold=1 phase=ssl epoch=5 path=/data/adodas/VarCoNet-V2-main/xiaolunwen/experiment1c/checkpoints/worker_r4_best.pt
[SSL] repeat=4 scope=internal_cv fold=1 epoch=5/50 ssl_loss=0.150243 lr=0.000080534 base_val_bce=0.650791 base_best=Y base_cls_epoch=44 epoch_seconds=4.3 task_elapsed_minutes=0.4 gpu_alloc_gb=0.318 gpu_reserved_gb=1.744
[SSL] repeat=4 scope=internal_cv fold=1 epoch=6/50 ssl_loss=0.144364 lr=0.000094641 base_val_bce=0.662968 base_best=N base_cls_epoch=44 epoch_seconds=3.3 task_elapsed_minutes=0.4 gpu_alloc_gb=0.317 gpu_reserved_gb=2.008
[SSL] repeat=4 scope=internal_cv fold=1 epoch=7/50 ssl_loss=0.125240 lr=0.000108748 base_val_bce=0.652059 base_best=N base_cls_epoch=50 epoch_seconds=2.8 task_elapsed_minutes=0.5 gpu_alloc_gb=0.318 gpu_reserved_gb=1.744
CHECKPOINT_BEST repeat=4 scope=internal_cv fold=1 phase=ssl epoch=8 path=/data/adodas/VarCoNet-V2-main/xiaolunwen/experiment1c/checkpoints/worker_r4_best.pt
[SSL] repeat=4 scope=internal_cv fold=1 epoch=8/50 ssl_loss=0.101488 lr=0.000122855 base_val_bce=0.642001 base_best=Y base_cls_epoch=47 epoch_seconds=4.0 task_elapsed_minutes=0.6 gpu_alloc_gb=0.317 gpu_reserved_gb=2.008
[SSL] repeat=4 scope=internal_cv fold=1 epoch=9/50 ssl_loss=0.114030 lr=0.000136962 base_val_bce=0.644239 base_best=N base_cls_epoch=47 epoch_seconds=3.3 task_elapsed_minutes=0.6 gpu_alloc_gb=0.318 gpu_reserved_gb=1.744
CHECKPOINT_BEST repeat=4 scope=internal_cv fold=1 phase=ssl epoch=10 path=/data/adodas/VarCoNet-V2-main/xiaolunwen/experiment1c/checkpoints/worker_r4_best.pt
CHECKPOINT_LATEST repeat=4 scope=internal_cv fold=1 phase=ssl epoch=10 path=/data/adodas/VarCoNet-V2-main/xiaolunwen/experiment1c/checkpoints/worker_r4_latest.pt
[SSL] repeat=4 scope=internal_cv fold=1 epoch=10/50 ssl_loss=0.090323 lr=0.000136962 base_val_bce=0.626374 base_best=Y base_cls_epoch=40 epoch_seconds=4.5 task_elapsed_minutes=0.7 gpu_alloc_gb=0.317 gpu_reserved_gb=2.008
[SSL] repeat=4 scope=internal_cv fold=1 epoch=11/50 ssl_loss=0.085169 lr=0.000136751 base_val_bce=0.640521 base_best=N base_cls_epoch=41 epoch_seconds=3.5 task_elapsed_minutes=0.7 gpu_alloc_gb=0.318 gpu_reserved_gb=1.744
[SSL] repeat=4 scope=internal_cv fold=1 epoch=12/50 ssl_loss=0.083595 lr=0.000136119 base_val_bce=0.649008 base_best=N base_cls_epoch=44 epoch_seconds=3.4 task_elapsed_minutes=0.8 gpu_alloc_gb=0.317 gpu_reserved_gb=2.008
[SSL] repeat=4 scope=internal_cv fold=1 epoch=13/50 ssl_loss=0.067855 lr=0.000135070 base_val_bce=0.634774 base_best=N base_cls_epoch=42 epoch_seconds=3.1 task_elapsed_minutes=0.8 gpu_alloc_gb=0.318 gpu_reserved_gb=1.744
[SSL] repeat=4 scope=internal_cv fold=1 epoch=14/50 ssl_loss=0.071105 lr=0.000133610 base_val_bce=0.640030 base_best=N base_cls_epoch=42 epoch_seconds=3.3 task_elapsed_minutes=0.9 gpu_alloc_gb=0.317 gpu_reserved_gb=2.008
CHECKPOINT_BEST repeat=4 scope=internal_cv fold=1 phase=ssl epoch=15 path=/data/adodas/VarCoNet-V2-main/xiaolunwen/experiment1c/checkpoints/worker_r4_best.pt
[SSL] repeat=4 scope=internal_cv fold=1 epoch=15/50 ssl_loss=0.079678 lr=0.000131749 base_val_bce=0.625745 base_best=Y base_cls_epoch=44 epoch_seconds=4.1 task_elapsed_minutes=1.0 gpu_alloc_gb=0.318 gpu_reserved_gb=1.744
[SSL] repeat=4 scope=internal_cv fold=1 epoch=16/50 ssl_loss=0.051194 lr=0.000129498 base_val_bce=0.625763 base_best=N base_cls_epoch=45 epoch_seconds=3.7 task_elapsed_minutes=1.0 gpu_alloc_gb=0.317 gpu_reserved_gb=2.008
[SSL] repeat=4 scope=internal_cv fold=1 epoch=17/50 ssl_loss=0.050839 lr=0.000126870 base_val_bce=0.635798 base_best=N base_cls_epoch=48 epoch_seconds=3.8 task_elapsed_minutes=1.1 gpu_alloc_gb=0.318 gpu_reserved_gb=1.744
[SSL] repeat=4 scope=internal_cv fold=1 epoch=18/50 ssl_loss=0.076412 lr=0.000123883 base_val_bce=0.637371 base_best=N base_cls_epoch=47 epoch_seconds=3.6 task_elapsed_minutes=1.2 gpu_alloc_gb=0.317 gpu_reserved_gb=2.008
[SSL] repeat=4 scope=internal_cv fold=1 epoch=19/50 ssl_loss=0.060825 lr=0.000120554 base_val_bce=0.628203 base_best=N base_cls_epoch=47 epoch_seconds=3.4 task_elapsed_minutes=1.2 gpu_alloc_gb=0.318 gpu_reserved_gb=1.744
CHECKPOINT_LATEST repeat=4 scope=internal_cv fold=1 phase=ssl epoch=20 path=/data/adodas/VarCoNet-V2-main/xiaolunwen/experiment1c/checkpoints/worker_r4_latest.pt
[SSL] repeat=4 scope=internal_cv fold=1 epoch=20/50 ssl_loss=0.059948 lr=0.000116904 base_val_bce=0.637343 base_best=N base_cls_epoch=44 epoch_seconds=4.4 task_elapsed_minutes=1.3 gpu_alloc_gb=0.317 gpu_reserved_gb=2.008
[SSL] repeat=4 scope=internal_cv fold=1 epoch=21/50 ssl_loss=0.058380 lr=0.000112956 base_val_bce=0.627164 base_best=N base_cls_epoch=48 epoch_seconds=3.8 task_elapsed_minutes=1.4 gpu_alloc_gb=0.318 gpu_reserved_gb=1.744
[SSL] repeat=4 scope=internal_cv fold=1 epoch=22/50 ssl_loss=0.068466 lr=0.000108733 base_val_bce=0.638842 base_best=N base_cls_epoch=46 epoch_seconds=3.4 task_elapsed_minutes=1.4 gpu_alloc_gb=0.317 gpu_reserved_gb=2.008
[SSL] repeat=4 scope=internal_cv fold=1 epoch=23/50 ssl_loss=0.051175 lr=0.000104262 base_val_bce=0.635930 base_best=N base_cls_epoch=44 epoch_seconds=3.3 task_elapsed_minutes=1.5 gpu_alloc_gb=0.318 gpu_reserved_gb=1.744
[SSL] repeat=4 scope=internal_cv fold=1 epoch=24/50 ssl_loss=0.044105 lr=0.000099570 base_val_bce=0.630768 base_best=N base_cls_epoch=46 epoch_seconds=3.4 task_elapsed_minutes=1.5 gpu_alloc_gb=0.317 gpu_reserved_gb=2.008
[SSL] repeat=4 scope=internal_cv fold=1 epoch=25/50 ssl_loss=0.059158 lr=0.000094687 base_val_bce=0.631448 base_best=N base_cls_epoch=53 epoch_seconds=3.7 task_elapsed_minutes=1.6 gpu_alloc_gb=0.318 gpu_reserved_gb=1.744
[SSL] repeat=4 scope=internal_cv fold=1 epoch=26/50 ssl_loss=0.043965 lr=0.000089643 base_val_bce=0.626483 base_best=N base_cls_epoch=48 epoch_seconds=3.5 task_elapsed_minutes=1.7 gpu_alloc_gb=0.317 gpu_reserved_gb=2.008
[SSL] repeat=4 scope=internal_cv fold=1 epoch=27/50 ssl_loss=0.044085 lr=0.000084467 base_val_bce=0.629877 base_best=N base_cls_epoch=48 epoch_seconds=3.7 task_elapsed_minutes=1.7 gpu_alloc_gb=0.318 gpu_reserved_gb=1.744
[SSL] repeat=4 scope=internal_cv fold=1 epoch=28/50 ssl_loss=0.042349 lr=0.000079194 base_val_bce=0.630854 base_best=N base_cls_epoch=55 epoch_seconds=3.6 task_elapsed_minutes=1.8 gpu_alloc_gb=0.317 gpu_reserved_gb=2.008
[SSL] repeat=4 scope=internal_cv fold=1 epoch=29/50 ssl_loss=0.042404 lr=0.000073854 base_val_bce=0.634684 base_best=N base_cls_epoch=48 epoch_seconds=3.6 task_elapsed_minutes=1.8 gpu_alloc_gb=0.318 gpu_reserved_gb=1.744
CHECKPOINT_LATEST repeat=4 scope=internal_cv fold=1 phase=ssl epoch=30 path=/data/adodas/VarCoNet-V2-main/xiaolunwen/experiment1c/checkpoints/worker_r4_latest.pt
[SSL] repeat=4 scope=internal_cv fold=1 epoch=30/50 ssl_loss=0.059058 lr=0.000068481 base_val_bce=0.631083 base_best=N base_cls_epoch=56 epoch_seconds=4.3 task_elapsed_minutes=1.9 gpu_alloc_gb=0.317 gpu_reserved_gb=2.008
[SSL] repeat=4 scope=internal_cv fold=1 epoch=31/50 ssl_loss=0.047401 lr=0.000063108 base_val_bce=0.627150 base_best=N base_cls_epoch=48 epoch_seconds=3.9 task_elapsed_minutes=2.0 gpu_alloc_gb=0.318 gpu_reserved_gb=1.744
[SSL] repeat=4 scope=internal_cv fold=1 epoch=32/50 ssl_loss=0.046025 lr=0.000057768 base_val_bce=0.638690 base_best=N base_cls_epoch=53 epoch_seconds=3.8 task_elapsed_minutes=2.0 gpu_alloc_gb=0.317 gpu_reserved_gb=2.008
[SSL] repeat=4 scope=internal_cv fold=1 epoch=33/50 ssl_loss=0.054678 lr=0.000052494 base_val_bce=0.632104 base_best=N base_cls_epoch=50 epoch_seconds=3.7 task_elapsed_minutes=2.1 gpu_alloc_gb=0.318 gpu_reserved_gb=1.744
CHECKPOINT_BEST repeat=4 scope=internal_cv fold=1 phase=ssl epoch=34 path=/data/adodas/VarCoNet-V2-main/xiaolunwen/experiment1c/checkpoints/worker_r4_best.pt
[SSL] repeat=4 scope=internal_cv fold=1 epoch=34/50 ssl_loss=0.046176 lr=0.000047319 base_val_bce=0.618346 base_best=Y base_cls_epoch=52 epoch_seconds=4.3 task_elapsed_minutes=2.2 gpu_alloc_gb=0.317 gpu_reserved_gb=2.008
[SSL] repeat=4 scope=internal_cv fold=1 epoch=35/50 ssl_loss=0.045634 lr=0.000042274 base_val_bce=0.635241 base_best=N base_cls_epoch=50 epoch_seconds=3.8 task_elapsed_minutes=2.2 gpu_alloc_gb=0.318 gpu_reserved_gb=1.744
CHECKPOINT_BEST repeat=4 scope=internal_cv fold=1 phase=ssl epoch=36 path=/data/adodas/VarCoNet-V2-main/xiaolunwen/experiment1c/checkpoints/worker_r4_best.pt
[SSL] repeat=4 scope=internal_cv fold=1 epoch=36/50 ssl_loss=0.037970 lr=0.000037391 base_val_bce=0.617794 base_best=Y base_cls_epoch=44 epoch_seconds=4.1 task_elapsed_minutes=2.3 gpu_alloc_gb=0.317 gpu_reserved_gb=2.008
CHECKPOINT_BEST repeat=4 scope=internal_cv fold=1 phase=ssl epoch=37 path=/data/adodas/VarCoNet-V2-main/xiaolunwen/experiment1c/checkpoints/worker_r4_best.pt
[SSL] repeat=4 scope=internal_cv fold=1 epoch=37/50 ssl_loss=0.049775 lr=0.000032700 base_val_bce=0.613596 base_best=Y base_cls_epoch=48 epoch_seconds=4.0 task_elapsed_minutes=2.4 gpu_alloc_gb=0.318 gpu_reserved_gb=1.744
[SSL] repeat=4 scope=internal_cv fold=1 epoch=38/50 ssl_loss=0.045840 lr=0.000028229 base_val_bce=0.632281 base_best=N base_cls_epoch=46 epoch_seconds=3.7 task_elapsed_minutes=2.4 gpu_alloc_gb=0.317 gpu_reserved_gb=2.008
[SSL] repeat=4 scope=internal_cv fold=1 epoch=39/50 ssl_loss=0.051914 lr=0.000024006 base_val_bce=0.635023 base_best=N base_cls_epoch=49 epoch_seconds=3.7 task_elapsed_minutes=2.5 gpu_alloc_gb=0.318 gpu_reserved_gb=1.744
CHECKPOINT_LATEST repeat=4 scope=internal_cv fold=1 phase=ssl epoch=40 path=/data/adodas/VarCoNet-V2-main/xiaolunwen/experiment1c/checkpoints/worker_r4_latest.pt
[SSL] repeat=4 scope=internal_cv fold=1 epoch=40/50 ssl_loss=0.038436 lr=0.000020058 base_val_bce=0.627339 base_best=N base_cls_epoch=46 epoch_seconds=4.1 task_elapsed_minutes=2.6 gpu_alloc_gb=0.317 gpu_reserved_gb=2.008
[SSL] repeat=4 scope=internal_cv fold=1 epoch=41/50 ssl_loss=0.043334 lr=0.000016408 base_val_bce=0.629262 base_best=N base_cls_epoch=53 epoch_seconds=3.7 task_elapsed_minutes=2.6 gpu_alloc_gb=0.318 gpu_reserved_gb=1.744
[SSL] repeat=4 scope=internal_cv fold=1 epoch=42/50 ssl_loss=0.046637 lr=0.000013079 base_val_bce=0.622375 base_best=N base_cls_epoch=49 epoch_seconds=3.8 task_elapsed_minutes=2.7 gpu_alloc_gb=0.317 gpu_reserved_gb=2.008
[SSL] repeat=4 scope=internal_cv fold=1 epoch=43/50 ssl_loss=0.055921 lr=0.000010091 base_val_bce=0.629808 base_best=N base_cls_epoch=53 epoch_seconds=3.8 task_elapsed_minutes=2.7 gpu_alloc_gb=0.318 gpu_reserved_gb=1.744
[SSL] repeat=4 scope=internal_cv fold=1 epoch=44/50 ssl_loss=0.057344 lr=0.000007464 base_val_bce=0.619426 base_best=N base_cls_epoch=45 epoch_seconds=3.7 task_elapsed_minutes=2.8 gpu_alloc_gb=0.317 gpu_reserved_gb=2.008
[SSL] repeat=4 scope=internal_cv fold=1 epoch=45/50 ssl_loss=0.044297 lr=0.000005213 base_val_bce=0.626474 base_best=N base_cls_epoch=48 epoch_seconds=3.8 task_elapsed_minutes=2.9 gpu_alloc_gb=0.318 gpu_reserved_gb=1.744
[SSL] repeat=4 scope=internal_cv fold=1 epoch=46/50 ssl_loss=0.044474 lr=0.000003352 base_val_bce=0.620862 base_best=N base_cls_epoch=47 epoch_seconds=3.9 task_elapsed_minutes=2.9 gpu_alloc_gb=0.317 gpu_reserved_gb=2.008
[SSL] repeat=4 scope=internal_cv fold=1 epoch=47/50 ssl_loss=0.040430 lr=0.000001892 base_val_bce=0.617314 base_best=N base_cls_epoch=54 epoch_seconds=3.8 task_elapsed_minutes=3.0 gpu_alloc_gb=0.318 gpu_reserved_gb=1.744
[SSL] repeat=4 scope=internal_cv fold=1 epoch=48/50 ssl_loss=0.052680 lr=0.000000843 base_val_bce=0.622987 base_best=N base_cls_epoch=46 epoch_seconds=3.8 task_elapsed_minutes=3.1 gpu_alloc_gb=0.317 gpu_reserved_gb=2.008
[SSL] repeat=4 scope=internal_cv fold=1 epoch=49/50 ssl_loss=0.041683 lr=0.000000211 base_val_bce=0.620790 base_best=N base_cls_epoch=52 epoch_seconds=3.8 task_elapsed_minutes=3.1 gpu_alloc_gb=0.318 gpu_reserved_gb=1.744
CHECKPOINT_LATEST repeat=4 scope=internal_cv fold=1 phase=ssl epoch=50 path=/data/adodas/VarCoNet-V2-main/xiaolunwen/experiment1c/checkpoints/worker_r4_latest.pt
[SSL] repeat=4 scope=internal_cv fold=1 epoch=50/50 ssl_loss=0.053339 lr=0.000000000 base_val_bce=0.620525 base_best=N base_cls_epoch=48 epoch_seconds=4.1 task_elapsed_minutes=3.2 gpu_alloc_gb=0.317 gpu_reserved_gb=2.008
[CRSM_ZERO_BASELINE] repeat=4 scope=internal_cv fold=1 epoch=0 exact_zero=Y val_bce=0.613596 probability_max_abs=5.96e-08
CHECKPOINT_LATEST repeat=4 scope=internal_cv fold=1 phase=crsm_corrected epoch=0 path=/data/adodas/VarCoNet-V2-main/xiaolunwen/experiment1c/checkpoints/worker_r4_latest.pt
CHECKPOINT_BEST repeat=4 scope=internal_cv fold=1 phase=crsm_corrected epoch=0 path=/data/adodas/VarCoNet-V2-main/xiaolunwen/experiment1c/checkpoints/worker_r4_best.pt
CHECKPOINT_BEST repeat=4 scope=internal_cv fold=1 phase=crsm_corrected epoch=0 path=/data/adodas/VarCoNet-V2-main/xiaolunwen/experiment1c/checkpoints/worker_r4_best.pt
CHECKPOINT_LATEST repeat=4 scope=internal_cv fold=1 phase=crsm_corrected epoch=0 path=/data/adodas/VarCoNet-V2-main/xiaolunwen/experiment1c/checkpoints/worker_r4_latest.pt
[CRSM_SYMMETRY_START] repeat=4 scope=internal_cv fold=1 after_exact_zero=Y pca_unit_norm=1.00000000 pca_singular=128.148087 symmetry_scale=0.00281930622
CHECKPOINT_LATEST repeat=4 scope=internal_cv fold=1 phase=crsm_corrected epoch=10 path=/data/adodas/VarCoNet-V2-main/xiaolunwen/experiment1c/checkpoints/worker_r4_latest.pt
[CRSM_CORRECTED] repeat=4 scope=internal_cv fold=1 epoch=10/149 train_loss=0.169485 val_bce=0.629014 best=N best_epoch=0 asd_mass=(0.5053,0.4947) hc_mass=(0.5000,0.5000) delta_l2=(0.130824,0.129721) epoch_seconds=0.56
CHECKPOINT_LATEST repeat=4 scope=internal_cv fold=1 phase=crsm_corrected epoch=20 path=/data/adodas/VarCoNet-V2-main/xiaolunwen/experiment1c/checkpoints/worker_r4_latest.pt
[CRSM_CORRECTED] repeat=4 scope=internal_cv fold=1 epoch=20/149 train_loss=0.148437 val_bce=0.643366 best=N best_epoch=0 asd_mass=(0.5067,0.4933) hc_mass=(0.5000,0.5000) delta_l2=(0.250038,0.249081) epoch_seconds=0.44
CHECKPOINT_LATEST repeat=4 scope=internal_cv fold=1 phase=crsm_corrected epoch=30 path=/data/adodas/VarCoNet-V2-main/xiaolunwen/experiment1c/checkpoints/worker_r4_latest.pt
[CRSM_CORRECTED] repeat=4 scope=internal_cv fold=1 epoch=30/149 train_loss=0.133317 val_bce=0.658248 best=N best_epoch=0 asd_mass=(0.5088,0.4912) hc_mass=(0.5000,0.5000) delta_l2=(0.358335,0.357321) epoch_seconds=0.90
CHECKPOINT_LATEST repeat=4 scope=internal_cv fold=1 phase=crsm_corrected epoch=40 path=/data/adodas/VarCoNet-V2-main/xiaolunwen/experiment1c/checkpoints/worker_r4_latest.pt
[CRSM_CORRECTED] repeat=4 scope=internal_cv fold=1 epoch=40/149 train_loss=0.122330 val_bce=0.674803 best=N best_epoch=0 asd_mass=(0.5119,0.4881) hc_mass=(0.5000,0.5000) delta_l2=(0.455897,0.454542) epoch_seconds=0.50
CHECKPOINT_LATEST repeat=4 scope=internal_cv fold=1 phase=crsm_corrected epoch=50 path=/data/adodas/VarCoNet-V2-main/xiaolunwen/experiment1c/checkpoints/worker_r4_latest.pt
[CRSM_CORRECTED] repeat=4 scope=internal_cv fold=1 epoch=50/149 train_loss=0.114236 val_bce=0.692007 best=N best_epoch=0 asd_mass=(0.5159,0.4841) hc_mass=(0.5000,0.5000) delta_l2=(0.543578,0.541556) epoch_seconds=0.68
CHECKPOINT_LATEST repeat=4 scope=internal_cv fold=1 phase=crsm_corrected epoch=60 path=/data/adodas/VarCoNet-V2-main/xiaolunwen/experiment1c/checkpoints/worker_r4_latest.pt
[CRSM_CORRECTED] repeat=4 scope=internal_cv fold=1 epoch=60/149 train_loss=0.108163 val_bce=0.709667 best=N best_epoch=0 asd_mass=(0.5203,0.4797) hc_mass=(0.5000,0.5000) delta_l2=(0.622429,0.619473) epoch_seconds=0.46
CHECKPOINT_LATEST repeat=4 scope=internal_cv fold=1 phase=crsm_corrected epoch=70 path=/data/adodas/VarCoNet-V2-main/xiaolunwen/experiment1c/checkpoints/worker_r4_latest.pt
[CRSM_CORRECTED] repeat=4 scope=internal_cv fold=1 epoch=70/149 train_loss=0.103500 val_bce=0.727440 best=N best_epoch=0 asd_mass=(0.5242,0.4758) hc_mass=(0.5000,0.5000) delta_l2=(0.693481,0.689581) epoch_seconds=0.98
CHECKPOINT_LATEST repeat=4 scope=internal_cv fold=1 phase=crsm_corrected epoch=80 path=/data/adodas/VarCoNet-V2-main/xiaolunwen/experiment1c/checkpoints/worker_r4_latest.pt
[CRSM_CORRECTED] repeat=4 scope=internal_cv fold=1 epoch=80/149 train_loss=0.099826 val_bce=0.745183 best=N best_epoch=0 asd_mass=(0.5266,0.4734) hc_mass=(0.5000,0.5000) delta_l2=(0.757701,0.753271) epoch_seconds=0.47
CHECKPOINT_LATEST repeat=4 scope=internal_cv fold=1 phase=crsm_corrected epoch=90 path=/data/adodas/VarCoNet-V2-main/xiaolunwen/experiment1c/checkpoints/worker_r4_latest.pt
[CRSM_CORRECTED] repeat=4 scope=internal_cv fold=1 epoch=90/149 train_loss=0.096869 val_bce=0.762798 best=N best_epoch=0 asd_mass=(0.5274,0.4726) hc_mass=(0.5000,0.5000) delta_l2=(0.815978,0.811864) epoch_seconds=1.21
CHECKPOINT_LATEST repeat=4 scope=internal_cv fold=1 phase=crsm_corrected epoch=100 path=/data/adodas/VarCoNet-V2-main/xiaolunwen/experiment1c/checkpoints/worker_r4_latest.pt
[CRSM_CORRECTED] repeat=4 scope=internal_cv fold=1 epoch=100/149 train_loss=0.094457 val_bce=0.779979 best=N best_epoch=0 asd_mass=(0.5268,0.4732) hc_mass=(0.5000,0.5000) delta_l2=(0.869106,0.866369) epoch_seconds=0.60
CHECKPOINT_LATEST repeat=4 scope=internal_cv fold=1 phase=crsm_corrected epoch=110 path=/data/adodas/VarCoNet-V2-main/xiaolunwen/experiment1c/checkpoints/worker_r4_latest.pt
[CRSM_CORRECTED] repeat=4 scope=internal_cv fold=1 epoch=110/149 train_loss=0.092476 val_bce=0.796640 best=N best_epoch=0 asd_mass=(0.5252,0.4748) hc_mass=(0.5000,0.5000) delta_l2=(0.917752,0.917385) epoch_seconds=0.80
CHECKPOINT_LATEST repeat=4 scope=internal_cv fold=1 phase=crsm_corrected epoch=120 path=/data/adodas/VarCoNet-V2-main/xiaolunwen/experiment1c/checkpoints/worker_r4_latest.pt
[CRSM_CORRECTED] repeat=4 scope=internal_cv fold=1 epoch=120/149 train_loss=0.090844 val_bce=0.812700 best=N best_epoch=0 asd_mass=(0.5232,0.4768) hc_mass=(0.5000,0.5000) delta_l2=(0.962458,0.965222) epoch_seconds=1.01
CHECKPOINT_LATEST repeat=4 scope=internal_cv fold=1 phase=crsm_corrected epoch=130 path=/data/adodas/VarCoNet-V2-main/xiaolunwen/experiment1c/checkpoints/worker_r4_latest.pt
[CRSM_CORRECTED] repeat=4 scope=internal_cv fold=1 epoch=130/149 train_loss=0.089493 val_bce=0.828101 best=N best_epoch=0 asd_mass=(0.5211,0.4789) hc_mass=(0.5000,0.5000) delta_l2=(1.003683,1.010061) epoch_seconds=1.21
CHECKPOINT_LATEST repeat=4 scope=internal_cv fold=1 phase=crsm_corrected epoch=140 path=/data/adodas/VarCoNet-V2-main/xiaolunwen/experiment1c/checkpoints/worker_r4_latest.pt
[CRSM_CORRECTED] repeat=4 scope=internal_cv fold=1 epoch=140/149 train_loss=0.088370 val_bce=0.842827 best=N best_epoch=0 asd_mass=(0.5189,0.4811) hc_mass=(0.5000,0.5000) delta_l2=(1.041822,1.052066) epoch_seconds=1.07
CHECKPOINT_LATEST repeat=4 scope=internal_cv fold=1 phase=crsm_corrected epoch=149 path=/data/adodas/VarCoNet-V2-main/xiaolunwen/experiment1c/checkpoints/worker_r4_latest.pt
[CRSM_CORRECTED] repeat=4 scope=internal_cv fold=1 epoch=149/149 train_loss=0.087516 val_bce=0.855493 best=N best_epoch=0 asd_mass=(0.5170,0.4830) hc_mass=(0.5000,0.5000) delta_l2=(1.073800,1.087599) epoch_seconds=0.91
[SNDE_NORMATIVE] repeat=4 scope=internal_cv fold=1 n_unique_asd=357 n_unique_hc=317 roi_dim=384 std_floor=0.0012460493 pc1_explained_fraction=0.209060 hc_score_mean_before_norm=-9.627e-08 hc_score_std_before_norm=7.90689 asd_positive_fraction=0.1120 asd_negative_fraction=0.0028 asd_generalist_fraction=0.8852 hc_positive_fraction=0.0789 hc_negative_fraction=0.0000 hc_generalist_fraction=0.9211
[SNDE_ZERO_BASELINE] repeat=4 scope=internal_cv fold=1 epoch=0 exact_zero=Y val_bce=0.613596 probability_max_abs=5.96e-08
CHECKPOINT_BEST repeat=4 scope=internal_cv fold=1 phase=snde epoch=0 path=/data/adodas/VarCoNet-V2-main/xiaolunwen/experiment1c/checkpoints/worker_r4_best.pt
CHECKPOINT_LATEST repeat=4 scope=internal_cv fold=1 phase=snde epoch=0 path=/data/adodas/VarCoNet-V2-main/xiaolunwen/experiment1c/checkpoints/worker_r4_latest.pt
CHECKPOINT_LATEST repeat=4 scope=internal_cv fold=1 phase=snde epoch=10 path=/data/adodas/VarCoNet-V2-main/xiaolunwen/experiment1c/checkpoints/worker_r4_latest.pt
[SNDE] repeat=4 scope=internal_cv fold=1 epoch=10/149 train_bce=0.190102 val_bce=0.631635 best=N best_epoch=0 asd_gate=(+0.112,-0.003,g0.885) hc_gate=(+0.079,-0.000,g0.921) pos_weight_l2=0.098501 neg_weight_l2=0.194101 mean_abs_pos_correction=0.115362 mean_abs_neg_correction=0.000173 elapsed_seconds=0.96
CHECKPOINT_LATEST repeat=4 scope=internal_cv fold=1 phase=snde epoch=20 path=/data/adodas/VarCoNet-V2-main/xiaolunwen/experiment1c/checkpoints/worker_r4_latest.pt
[SNDE] repeat=4 scope=internal_cv fold=1 epoch=20/149 train_bce=0.188144 val_bce=0.671579 best=N best_epoch=0 asd_gate=(+0.112,-0.003,g0.885) hc_gate=(+0.079,-0.000,g0.921) pos_weight_l2=0.162841 neg_weight_l2=0.384624 mean_abs_pos_correction=0.153797 mean_abs_neg_correction=0.000343 elapsed_seconds=1.50
CHECKPOINT_LATEST repeat=4 scope=internal_cv fold=1 phase=snde epoch=30 path=/data/adodas/VarCoNet-V2-main/xiaolunwen/experiment1c/checkpoints/worker_r4_latest.pt
[SNDE] repeat=4 scope=internal_cv fold=1 epoch=30/149 train_bce=0.187128 val_bce=0.692906 best=N best_epoch=0 asd_gate=(+0.112,-0.003,g0.885) hc_gate=(+0.079,-0.000,g0.921) pos_weight_l2=0.213484 neg_weight_l2=0.568967 mean_abs_pos_correction=0.189611 mean_abs_neg_correction=0.000508 elapsed_seconds=1.52
CHECKPOINT_LATEST repeat=4 scope=internal_cv fold=1 phase=snde epoch=40 path=/data/adodas/VarCoNet-V2-main/xiaolunwen/experiment1c/checkpoints/worker_r4_latest.pt
[SNDE] repeat=4 scope=internal_cv fold=1 epoch=40/149 train_bce=0.186478 val_bce=0.722470 best=N best_epoch=0 asd_gate=(+0.112,-0.003,g0.885) hc_gate=(+0.079,-0.000,g0.921) pos_weight_l2=0.254795 neg_weight_l2=0.745611 mean_abs_pos_correction=0.205143 mean_abs_neg_correction=0.000666 elapsed_seconds=1.15
CHECKPOINT_LATEST repeat=4 scope=internal_cv fold=1 phase=snde epoch=50 path=/data/adodas/VarCoNet-V2-main/xiaolunwen/experiment1c/checkpoints/worker_r4_latest.pt
[SNDE] repeat=4 scope=internal_cv fold=1 epoch=50/149 train_bce=0.186010 val_bce=0.738457 best=N best_epoch=0 asd_gate=(+0.112,-0.003,g0.885) hc_gate=(+0.079,-0.000,g0.921) pos_weight_l2=0.290825 neg_weight_l2=0.913998 mean_abs_pos_correction=0.223814 mean_abs_neg_correction=0.000816 elapsed_seconds=8.79
CHECKPOINT_LATEST repeat=4 scope=internal_cv fold=1 phase=snde epoch=60 path=/data/adodas/VarCoNet-V2-main/xiaolunwen/experiment1c/checkpoints/worker_r4_latest.pt
[SNDE] repeat=4 scope=internal_cv fold=1 epoch=60/149 train_bce=0.185653 val_bce=0.758522 best=N best_epoch=0 asd_gate=(+0.112,-0.003,g0.885) hc_gate=(+0.079,-0.000,g0.921) pos_weight_l2=0.323460 neg_weight_l2=1.074194 mean_abs_pos_correction=0.235214 mean_abs_neg_correction=0.000959 elapsed_seconds=3.64
CHECKPOINT_LATEST repeat=4 scope=internal_cv fold=1 phase=snde epoch=70 path=/data/adodas/VarCoNet-V2-main/xiaolunwen/experiment1c/checkpoints/worker_r4_latest.pt
[SNDE] repeat=4 scope=internal_cv fold=1 epoch=70/149 train_bce=0.185366 val_bce=0.774526 best=N best_epoch=0 asd_gate=(+0.112,-0.003,g0.885) hc_gate=(+0.079,-0.000,g0.921) pos_weight_l2=0.353955 neg_weight_l2=1.226593 mean_abs_pos_correction=0.248926 mean_abs_neg_correction=0.001095 elapsed_seconds=1.07
CHECKPOINT_LATEST repeat=4 scope=internal_cv fold=1 phase=snde epoch=80 path=/data/adodas/VarCoNet-V2-main/xiaolunwen/experiment1c/checkpoints/worker_r4_latest.pt
[SNDE] repeat=4 scope=internal_cv fold=1 epoch=80/149 train_bce=0.185128 val_bce=1.483769 best=N best_epoch=0 asd_gate=(+0.112,-0.003,g0.885) hc_gate=(+0.079,-0.000,g0.921) pos_weight_l2=0.382735 neg_weight_l2=1.371718 mean_abs_pos_correction=0.259691 mean_abs_neg_correction=0.001225 elapsed_seconds=1.54
CHECKPOINT_LATEST repeat=4 scope=internal_cv fold=1 phase=snde epoch=90 path=/data/adodas/VarCoNet-V2-main/xiaolunwen/experiment1c/checkpoints/worker_r4_latest.pt
[SNDE] repeat=4 scope=internal_cv fold=1 epoch=90/149 train_bce=0.184925 val_bce=1.487280 best=N best_epoch=0 asd_gate=(+0.112,-0.003,g0.885) hc_gate=(+0.079,-0.000,g0.921) pos_weight_l2=0.410169 neg_weight_l2=1.510118 mean_abs_pos_correction=0.270669 mean_abs_neg_correction=0.001349 elapsed_seconds=1.59
CHECKPOINT_LATEST repeat=4 scope=internal_cv fold=1 phase=snde epoch=100 path=/data/adodas/VarCoNet-V2-main/xiaolunwen/experiment1c/checkpoints/worker_r4_latest.pt
[SNDE] repeat=4 scope=internal_cv fold=1 epoch=100/149 train_bce=0.184749 val_bce=1.490615 best=N best_epoch=0 asd_gate=(+0.112,-0.003,g0.885) hc_gate=(+0.079,-0.000,g0.921) pos_weight_l2=0.436436 neg_weight_l2=1.642316 mean_abs_pos_correction=0.280828 mean_abs_neg_correction=0.001467 elapsed_seconds=1.42
CHECKPOINT_LATEST repeat=4 scope=internal_cv fold=1 phase=snde epoch=110 path=/data/adodas/VarCoNet-V2-main/xiaolunwen/experiment1c/checkpoints/worker_r4_latest.pt
[SNDE] repeat=4 scope=internal_cv fold=1 epoch=110/149 train_bce=0.184595 val_bce=1.493827 best=N best_epoch=0 asd_gate=(+0.112,-0.003,g0.885) hc_gate=(+0.079,-0.000,g0.921) pos_weight_l2=0.461691 neg_weight_l2=1.768797 mean_abs_pos_correction=0.290317 mean_abs_neg_correction=0.001580 elapsed_seconds=0.97
CHECKPOINT_LATEST repeat=4 scope=internal_cv fold=1 phase=snde epoch=120 path=/data/adodas/VarCoNet-V2-main/xiaolunwen/experiment1c/checkpoints/worker_r4_latest.pt
[SNDE] repeat=4 scope=internal_cv fold=1 epoch=120/149 train_bce=0.184458 val_bce=1.497208 best=N best_epoch=0 asd_gate=(+0.112,-0.003,g0.885) hc_gate=(+0.079,-0.000,g0.921) pos_weight_l2=0.486059 neg_weight_l2=1.890000 mean_abs_pos_correction=0.299655 mean_abs_neg_correction=0.001688 elapsed_seconds=1.15
CHECKPOINT_LATEST repeat=4 scope=internal_cv fold=1 phase=snde epoch=130 path=/data/adodas/VarCoNet-V2-main/xiaolunwen/experiment1c/checkpoints/worker_r4_latest.pt
[SNDE] repeat=4 scope=internal_cv fold=1 epoch=130/149 train_bce=0.184335 val_bce=1.500489 best=N best_epoch=0 asd_gate=(+0.112,-0.003,g0.885) hc_gate=(+0.079,-0.000,g0.921) pos_weight_l2=0.509627 neg_weight_l2=2.006323 mean_abs_pos_correction=0.308507 mean_abs_neg_correction=0.001792 elapsed_seconds=1.41
CHECKPOINT_LATEST repeat=4 scope=internal_cv fold=1 phase=snde epoch=140 path=/data/adodas/VarCoNet-V2-main/xiaolunwen/experiment1c/checkpoints/worker_r4_latest.pt
[SNDE] repeat=4 scope=internal_cv fold=1 epoch=140/149 train_bce=0.184224 val_bce=1.503810 best=N best_epoch=0 asd_gate=(+0.112,-0.003,g0.885) hc_gate=(+0.079,-0.000,g0.921) pos_weight_l2=0.532477 neg_weight_l2=2.118122 mean_abs_pos_correction=0.317116 mean_abs_neg_correction=0.001892 elapsed_seconds=1.44
CHECKPOINT_LATEST repeat=4 scope=internal_cv fold=1 phase=snde epoch=149 path=/data/adodas/VarCoNet-V2-main/xiaolunwen/experiment1c/checkpoints/worker_r4_latest.pt
[SNDE] repeat=4 scope=internal_cv fold=1 epoch=149/149 train_bce=0.184133 val_bce=1.506815 best=N best_epoch=0 asd_gate=(+0.112,-0.003,g0.885) hc_gate=(+0.079,-0.000,g0.921) pos_weight_l2=0.552482 neg_weight_l2=2.215142 mean_abs_pos_correction=0.324657 mean_abs_neg_correction=0.001979 elapsed_seconds=1.11
TASK_TRAINING_DONE repeat=4 scope=internal_cv fold=1 base_encoder_epoch=37 base_classifier_epoch=48 base_val_bce=0.613596 crsm_epoch=0 crsm_val_bce=0.613596 snde_epoch=0 snde_val_bce=0.613596 elapsed_minutes=4.2
TASK_DONE repeat=4 scope=internal_fold fold=1 method=baseline selected_encoder_epoch=37 test_auc=0.711246 test_bce=0.618873 elapsed_minutes=4.2
TASK_DONE repeat=4 scope=internal_fold fold=1 method=crsm_corrected selected_encoder_epoch=37 test_auc=0.711246 test_bce=0.618873 elapsed_minutes=4.2
TASK_DONE repeat=4 scope=internal_fold fold=1 method=selective_normative_deviation_experts selected_encoder_epoch=37 test_auc=0.711246 test_bce=0.618873 elapsed_minutes=4.2
TASK_START repeat=4 scope=internal_cv fold=2 seed=100402 device=cuda:0 methods=baseline,crsm_corrected,selective_normative_deviation_experts shared_encoder=Y reference_unique_n=674 train_n=750 val_n=120
CHECKPOINT_BEST repeat=4 scope=internal_cv fold=2 phase=ssl epoch=1 path=/data/adodas/VarCoNet-V2-main/xiaolunwen/experiment1c/checkpoints/worker_r4_best.pt
[SSL] repeat=4 scope=internal_cv fold=2 epoch=1/50 ssl_loss=0.121259 lr=0.000024107 base_val_bce=0.625521 base_best=Y base_cls_epoch=18 epoch_seconds=9.2 task_elapsed_minutes=0.2 gpu_alloc_gb=0.318 gpu_reserved_gb=1.744
[SSL] repeat=4 scope=internal_cv fold=2 epoch=2/50 ssl_loss=0.116629 lr=0.000038214 base_val_bce=0.628960 base_best=N base_cls_epoch=20 epoch_seconds=9.5 task_elapsed_minutes=0.3 gpu_alloc_gb=0.317 gpu_reserved_gb=2.008
CHECKPOINT_BEST repeat=4 scope=internal_cv fold=2 phase=ssl epoch=3 path=/data/adodas/VarCoNet-V2-main/xiaolunwen/experiment1c/checkpoints/worker_r4_best.pt
[SSL] repeat=4 scope=internal_cv fold=2 epoch=3/50 ssl_loss=0.119570 lr=0.000052321 base_val_bce=0.623126 base_best=Y base_cls_epoch=15 epoch_seconds=7.8 task_elapsed_minutes=0.5 gpu_alloc_gb=0.318 gpu_reserved_gb=1.744
CHECKPOINT_BEST repeat=4 scope=internal_cv fold=2 phase=ssl epoch=4 path=/data/adodas/VarCoNet-V2-main/xiaolunwen/experiment1c/checkpoints/worker_r4_best.pt
[SSL] repeat=4 scope=internal_cv fold=2 epoch=4/50 ssl_loss=0.118405 lr=0.000066427 base_val_bce=0.621759 base_best=Y base_cls_epoch=20 epoch_seconds=8.2 task_elapsed_minutes=0.6 gpu_alloc_gb=0.317 gpu_reserved_gb=2.008
[SSL] repeat=4 scope=internal_cv fold=2 epoch=5/50 ssl_loss=0.107513 lr=0.000080534 base_val_bce=0.624382 base_best=N base_cls_epoch=18 epoch_seconds=7.8 task_elapsed_minutes=0.7 gpu_alloc_gb=0.318 gpu_reserved_gb=1.744
CHECKPOINT_BEST repeat=4 scope=internal_cv fold=2 phase=ssl epoch=6 path=/data/adodas/VarCoNet-V2-main/xiaolunwen/experiment1c/checkpoints/worker_r4_best.pt
[SSL] repeat=4 scope=internal_cv fold=2 epoch=6/50 ssl_loss=0.086003 lr=0.000094641 base_val_bce=0.616689 base_best=Y base_cls_epoch=19 epoch_seconds=15.0 task_elapsed_minutes=1.0 gpu_alloc_gb=0.317 gpu_reserved_gb=2.008
[SSL] repeat=4 scope=internal_cv fold=2 epoch=7/50 ssl_loss=0.095007 lr=0.000108748 base_val_bce=0.617106 base_best=N base_cls_epoch=18 epoch_seconds=3.8 task_elapsed_minutes=1.0 gpu_alloc_gb=0.318 gpu_reserved_gb=1.744
[SSL] repeat=4 scope=internal_cv fold=2 epoch=8/50 ssl_loss=0.066367 lr=0.000122855 base_val_bce=0.619037 base_best=N base_cls_epoch=20 epoch_seconds=3.8 task_elapsed_minutes=1.1 gpu_alloc_gb=0.317 gpu_reserved_gb=2.008
[SSL] repeat=4 scope=internal_cv fold=2 epoch=9/50 ssl_loss=0.078663 lr=0.000136962 base_val_bce=0.625555 base_best=N base_cls_epoch=20 epoch_seconds=3.8 task_elapsed_minutes=1.2 gpu_alloc_gb=0.318 gpu_reserved_gb=1.744
CHECKPOINT_LATEST repeat=4 scope=internal_cv fold=2 phase=ssl epoch=10 path=/data/adodas/VarCoNet-V2-main/xiaolunwen/experiment1c/checkpoints/worker_r4_latest.pt
[SSL] repeat=4 scope=internal_cv fold=2 epoch=10/50 ssl_loss=0.071492 lr=0.000136962 base_val_bce=0.618751 base_best=N base_cls_epoch=23 epoch_seconds=4.2 task_elapsed_minutes=1.2 gpu_alloc_gb=0.317 gpu_reserved_gb=2.008
CHECKPOINT_BEST repeat=4 scope=internal_cv fold=2 phase=ssl epoch=11 path=/data/adodas/VarCoNet-V2-main/xiaolunwen/experiment1c/checkpoints/worker_r4_best.pt
[SSL] repeat=4 scope=internal_cv fold=2 epoch=11/50 ssl_loss=0.067676 lr=0.000136751 base_val_bce=0.610142 base_best=Y base_cls_epoch=22 epoch_seconds=4.4 task_elapsed_minutes=1.3 gpu_alloc_gb=0.318 gpu_reserved_gb=1.744
[SSL] repeat=4 scope=internal_cv fold=2 epoch=12/50 ssl_loss=0.065066 lr=0.000136119 base_val_bce=0.611162 base_best=N base_cls_epoch=23 epoch_seconds=3.8 task_elapsed_minutes=1.4 gpu_alloc_gb=0.317 gpu_reserved_gb=2.008
CHECKPOINT_BEST repeat=4 scope=internal_cv fold=2 phase=ssl epoch=13 path=/data/adodas/VarCoNet-V2-main/xiaolunwen/experiment1c/checkpoints/worker_r4_best.pt
[SSL] repeat=4 scope=internal_cv fold=2 epoch=13/50 ssl_loss=0.062611 lr=0.000135070 base_val_bce=0.605597 base_best=Y base_cls_epoch=27 epoch_seconds=4.3 task_elapsed_minutes=1.4 gpu_alloc_gb=0.318 gpu_reserved_gb=1.744
[SSL] repeat=4 scope=internal_cv fold=2 epoch=14/50 ssl_loss=0.061556 lr=0.000133610 base_val_bce=0.607577 base_best=N base_cls_epoch=24 epoch_seconds=3.5 task_elapsed_minutes=1.5 gpu_alloc_gb=0.317 gpu_reserved_gb=2.008
CHECKPOINT_BEST repeat=4 scope=internal_cv fold=2 phase=ssl epoch=15 path=/data/adodas/VarCoNet-V2-main/xiaolunwen/experiment1c/checkpoints/worker_r4_best.pt
[SSL] repeat=4 scope=internal_cv fold=2 epoch=15/50 ssl_loss=0.058514 lr=0.000131749 base_val_bce=0.604691 base_best=Y base_cls_epoch=25 epoch_seconds=4.1 task_elapsed_minutes=1.6 gpu_alloc_gb=0.318 gpu_reserved_gb=1.744
CHECKPOINT_BEST repeat=4 scope=internal_cv fold=2 phase=ssl epoch=16 path=/data/adodas/VarCoNet-V2-main/xiaolunwen/experiment1c/checkpoints/worker_r4_best.pt
[SSL] repeat=4 scope=internal_cv fold=2 epoch=16/50 ssl_loss=0.074691 lr=0.000129498 base_val_bce=0.604021 base_best=Y base_cls_epoch=28 epoch_seconds=4.0 task_elapsed_minutes=1.6 gpu_alloc_gb=0.317 gpu_reserved_gb=2.008
CHECKPOINT_BEST repeat=4 scope=internal_cv fold=2 phase=ssl epoch=17 path=/data/adodas/VarCoNet-V2-main/xiaolunwen/experiment1c/checkpoints/worker_r4_best.pt
[SSL] repeat=4 scope=internal_cv fold=2 epoch=17/50 ssl_loss=0.050398 lr=0.000126870 base_val_bce=0.598295 base_best=Y base_cls_epoch=29 epoch_seconds=4.4 task_elapsed_minutes=1.7 gpu_alloc_gb=0.318 gpu_reserved_gb=1.744
[SSL] repeat=4 scope=internal_cv fold=2 epoch=18/50 ssl_loss=0.048625 lr=0.000123883 base_val_bce=0.600212 base_best=N base_cls_epoch=37 epoch_seconds=6.5 task_elapsed_minutes=1.8 gpu_alloc_gb=0.317 gpu_reserved_gb=2.008
[SSL] repeat=4 scope=internal_cv fold=2 epoch=19/50 ssl_loss=0.054956 lr=0.000120554 base_val_bce=0.601348 base_best=N base_cls_epoch=27 epoch_seconds=5.9 task_elapsed_minutes=1.9 gpu_alloc_gb=0.318 gpu_reserved_gb=1.744
CHECKPOINT_BEST repeat=4 scope=internal_cv fold=2 phase=ssl epoch=20 path=/data/adodas/VarCoNet-V2-main/xiaolunwen/experiment1c/checkpoints/worker_r4_best.pt
CHECKPOINT_LATEST repeat=4 scope=internal_cv fold=2 phase=ssl epoch=20 path=/data/adodas/VarCoNet-V2-main/xiaolunwen/experiment1c/checkpoints/worker_r4_latest.pt
[SSL] repeat=4 scope=internal_cv fold=2 epoch=20/50 ssl_loss=0.057382 lr=0.000116904 base_val_bce=0.594307 base_best=Y base_cls_epoch=32 epoch_seconds=4.5 task_elapsed_minutes=2.0 gpu_alloc_gb=0.317 gpu_reserved_gb=2.008
CHECKPOINT_BEST repeat=4 scope=internal_cv fold=2 phase=ssl epoch=21 path=/data/adodas/VarCoNet-V2-main/xiaolunwen/experiment1c/checkpoints/worker_r4_best.pt
[SSL] repeat=4 scope=internal_cv fold=2 epoch=21/50 ssl_loss=0.052942 lr=0.000112956 base_val_bce=0.591091 base_best=Y base_cls_epoch=32 epoch_seconds=4.0 task_elapsed_minutes=2.1 gpu_alloc_gb=0.318 gpu_reserved_gb=1.744
[SSL] repeat=4 scope=internal_cv fold=2 epoch=22/50 ssl_loss=0.042218 lr=0.000108733 base_val_bce=0.612692 base_best=N base_cls_epoch=36 epoch_seconds=3.7 task_elapsed_minutes=2.1 gpu_alloc_gb=0.317 gpu_reserved_gb=2.008
[SSL] repeat=4 scope=internal_cv fold=2 epoch=23/50 ssl_loss=0.044720 lr=0.000104262 base_val_bce=0.595936 base_best=N base_cls_epoch=32 epoch_seconds=3.7 task_elapsed_minutes=2.2 gpu_alloc_gb=0.318 gpu_reserved_gb=1.744
[SSL] repeat=4 scope=internal_cv fold=2 epoch=24/50 ssl_loss=0.041176 lr=0.000099570 base_val_bce=0.607455 base_best=N base_cls_epoch=33 epoch_seconds=3.8 task_elapsed_minutes=2.3 gpu_alloc_gb=0.317 gpu_reserved_gb=2.008
[SSL] repeat=4 scope=internal_cv fold=2 epoch=25/50 ssl_loss=0.052037 lr=0.000094687 base_val_bce=0.596483 base_best=N base_cls_epoch=36 epoch_seconds=3.9 task_elapsed_minutes=2.3 gpu_alloc_gb=0.318 gpu_reserved_gb=1.744
[SSL] repeat=4 scope=internal_cv fold=2 epoch=26/50 ssl_loss=0.045459 lr=0.000089643 base_val_bce=0.606895 base_best=N base_cls_epoch=45 epoch_seconds=3.8 task_elapsed_minutes=2.4 gpu_alloc_gb=0.317 gpu_reserved_gb=2.008
[SSL] repeat=4 scope=internal_cv fold=2 epoch=27/50 ssl_loss=0.045359 lr=0.000084467 base_val_bce=0.604411 base_best=N base_cls_epoch=43 epoch_seconds=3.9 task_elapsed_minutes=2.4 gpu_alloc_gb=0.318 gpu_reserved_gb=1.744
[SSL] repeat=4 scope=internal_cv fold=2 epoch=28/50 ssl_loss=0.037663 lr=0.000079194 base_val_bce=0.597467 base_best=N base_cls_epoch=43 epoch_seconds=3.9 task_elapsed_minutes=2.5 gpu_alloc_gb=0.317 gpu_reserved_gb=2.008
[SSL] repeat=4 scope=internal_cv fold=2 epoch=29/50 ssl_loss=0.047662 lr=0.000073854 base_val_bce=0.596277 base_best=N base_cls_epoch=41 epoch_seconds=3.8 task_elapsed_minutes=2.6 gpu_alloc_gb=0.318 gpu_reserved_gb=1.744
CHECKPOINT_LATEST repeat=4 scope=internal_cv fold=2 phase=ssl epoch=30 path=/data/adodas/VarCoNet-V2-main/xiaolunwen/experiment1c/checkpoints/worker_r4_latest.pt
[SSL] repeat=4 scope=internal_cv fold=2 epoch=30/50 ssl_loss=0.040375 lr=0.000068481 base_val_bce=0.610303 base_best=N base_cls_epoch=50 epoch_seconds=4.1 task_elapsed_minutes=2.6 gpu_alloc_gb=0.317 gpu_reserved_gb=2.008
[SSL] repeat=4 scope=internal_cv fold=2 epoch=31/50 ssl_loss=0.045333 lr=0.000063108 base_val_bce=0.591407 base_best=N base_cls_epoch=44 epoch_seconds=3.8 task_elapsed_minutes=2.7 gpu_alloc_gb=0.318 gpu_reserved_gb=1.744
[SSL] repeat=4 scope=internal_cv fold=2 epoch=32/50 ssl_loss=0.039085 lr=0.000057768 base_val_bce=0.602008 base_best=N base_cls_epoch=52 epoch_seconds=3.8 task_elapsed_minutes=2.8 gpu_alloc_gb=0.317 gpu_reserved_gb=2.008
[SSL] repeat=4 scope=internal_cv fold=2 epoch=33/50 ssl_loss=0.040499 lr=0.000052494 base_val_bce=0.603981 base_best=N base_cls_epoch=45 epoch_seconds=3.7 task_elapsed_minutes=2.8 gpu_alloc_gb=0.318 gpu_reserved_gb=1.744
CHECKPOINT_BEST repeat=4 scope=internal_cv fold=2 phase=ssl epoch=34 path=/data/adodas/VarCoNet-V2-main/xiaolunwen/experiment1c/checkpoints/worker_r4_best.pt
[SSL] repeat=4 scope=internal_cv fold=2 epoch=34/50 ssl_loss=0.042794 lr=0.000047319 base_val_bce=0.590524 base_best=Y base_cls_epoch=46 epoch_seconds=4.3 task_elapsed_minutes=2.9 gpu_alloc_gb=0.317 gpu_reserved_gb=2.008
[SSL] repeat=4 scope=internal_cv fold=2 epoch=35/50 ssl_loss=0.041975 lr=0.000042274 base_val_bce=0.602330 base_best=N base_cls_epoch=42 epoch_seconds=3.9 task_elapsed_minutes=3.0 gpu_alloc_gb=0.318 gpu_reserved_gb=1.744
[SSL] repeat=4 scope=internal_cv fold=2 epoch=36/50 ssl_loss=0.051453 lr=0.000037391 base_val_bce=0.592228 base_best=N base_cls_epoch=49 epoch_seconds=3.8 task_elapsed_minutes=3.0 gpu_alloc_gb=0.317 gpu_reserved_gb=2.008
[SSL] repeat=4 scope=internal_cv fold=2 epoch=37/50 ssl_loss=0.044581 lr=0.000032700 base_val_bce=0.597395 base_best=N base_cls_epoch=46 epoch_seconds=3.7 task_elapsed_minutes=3.1 gpu_alloc_gb=0.318 gpu_reserved_gb=1.744
CHECKPOINT_BEST repeat=4 scope=internal_cv fold=2 phase=ssl epoch=38 path=/data/adodas/VarCoNet-V2-main/xiaolunwen/experiment1c/checkpoints/worker_r4_best.pt
[SSL] repeat=4 scope=internal_cv fold=2 epoch=38/50 ssl_loss=0.036497 lr=0.000028229 base_val_bce=0.585161 base_best=Y base_cls_epoch=44 epoch_seconds=4.1 task_elapsed_minutes=3.2 gpu_alloc_gb=0.317 gpu_reserved_gb=2.008
[SSL] repeat=4 scope=internal_cv fold=2 epoch=39/50 ssl_loss=0.048411 lr=0.000024006 base_val_bce=0.595327 base_best=N base_cls_epoch=49 epoch_seconds=3.7 task_elapsed_minutes=3.2 gpu_alloc_gb=0.318 gpu_reserved_gb=1.744
CHECKPOINT_LATEST repeat=4 scope=internal_cv fold=2 phase=ssl epoch=40 path=/data/adodas/VarCoNet-V2-main/xiaolunwen/experiment1c/checkpoints/worker_r4_latest.pt
[SSL] repeat=4 scope=internal_cv fold=2 epoch=40/50 ssl_loss=0.041750 lr=0.000020058 base_val_bce=0.590106 base_best=N base_cls_epoch=53 epoch_seconds=4.2 task_elapsed_minutes=3.3 gpu_alloc_gb=0.317 gpu_reserved_gb=2.008
CHECKPOINT_BEST repeat=4 scope=internal_cv fold=2 phase=ssl epoch=41 path=/data/adodas/VarCoNet-V2-main/xiaolunwen/experiment1c/checkpoints/worker_r4_best.pt
[SSL] repeat=4 scope=internal_cv fold=2 epoch=41/50 ssl_loss=0.030710 lr=0.000016408 base_val_bce=0.584851 base_best=Y base_cls_epoch=47 epoch_seconds=4.0 task_elapsed_minutes=3.4 gpu_alloc_gb=0.318 gpu_reserved_gb=1.744
[SSL] repeat=4 scope=internal_cv fold=2 epoch=42/50 ssl_loss=0.035887 lr=0.000013079 base_val_bce=0.595857 base_best=N base_cls_epoch=49 epoch_seconds=3.8 task_elapsed_minutes=3.4 gpu_alloc_gb=0.317 gpu_reserved_gb=2.008
[SSL] repeat=4 scope=internal_cv fold=2 epoch=43/50 ssl_loss=0.047943 lr=0.000010091 base_val_bce=0.597586 base_best=N base_cls_epoch=50 epoch_seconds=3.9 task_elapsed_minutes=3.5 gpu_alloc_gb=0.318 gpu_reserved_gb=1.744
[SSL] repeat=4 scope=internal_cv fold=2 epoch=44/50 ssl_loss=0.041690 lr=0.000007464 base_val_bce=0.585583 base_best=N base_cls_epoch=53 epoch_seconds=3.8 task_elapsed_minutes=3.6 gpu_alloc_gb=0.317 gpu_reserved_gb=2.008
[SSL] repeat=4 scope=internal_cv fold=2 epoch=45/50 ssl_loss=0.038216 lr=0.000005213 base_val_bce=0.593916 base_best=N base_cls_epoch=50 epoch_seconds=6.2 task_elapsed_minutes=3.7 gpu_alloc_gb=0.318 gpu_reserved_gb=1.744
CHECKPOINT_BEST repeat=4 scope=internal_cv fold=2 phase=ssl epoch=46 path=/data/adodas/VarCoNet-V2-main/xiaolunwen/experiment1c/checkpoints/worker_r4_best.pt
[SSL] repeat=4 scope=internal_cv fold=2 epoch=46/50 ssl_loss=0.040815 lr=0.000003352 base_val_bce=0.581477 base_best=Y base_cls_epoch=47 epoch_seconds=5.0 task_elapsed_minutes=3.7 gpu_alloc_gb=0.317 gpu_reserved_gb=2.008
[SSL] repeat=4 scope=internal_cv fold=2 epoch=47/50 ssl_loss=0.034752 lr=0.000001892 base_val_bce=0.585740 base_best=N base_cls_epoch=51 epoch_seconds=4.0 task_elapsed_minutes=3.8 gpu_alloc_gb=0.318 gpu_reserved_gb=1.744
[SSL] repeat=4 scope=internal_cv fold=2 epoch=48/50 ssl_loss=0.042590 lr=0.000000843 base_val_bce=0.590980 base_best=N base_cls_epoch=54 epoch_seconds=3.8 task_elapsed_minutes=3.9 gpu_alloc_gb=0.317 gpu_reserved_gb=2.008
[SSL] repeat=4 scope=internal_cv fold=2 epoch=49/50 ssl_loss=0.035980 lr=0.000000211 base_val_bce=0.592171 base_best=N base_cls_epoch=48 epoch_seconds=3.8 task_elapsed_minutes=3.9 gpu_alloc_gb=0.318 gpu_reserved_gb=1.744
CHECKPOINT_LATEST repeat=4 scope=internal_cv fold=2 phase=ssl epoch=50 path=/data/adodas/VarCoNet-V2-main/xiaolunwen/experiment1c/checkpoints/worker_r4_latest.pt
[SSL] repeat=4 scope=internal_cv fold=2 epoch=50/50 ssl_loss=0.037863 lr=0.000000000 base_val_bce=0.592110 base_best=N base_cls_epoch=48 epoch_seconds=4.3 task_elapsed_minutes=4.0 gpu_alloc_gb=0.317 gpu_reserved_gb=2.008
[CRSM_ZERO_BASELINE] repeat=4 scope=internal_cv fold=2 epoch=0 exact_zero=Y val_bce=0.581477 probability_max_abs=5.96e-08
CHECKPOINT_LATEST repeat=4 scope=internal_cv fold=2 phase=crsm_corrected epoch=0 path=/data/adodas/VarCoNet-V2-main/xiaolunwen/experiment1c/checkpoints/worker_r4_latest.pt
CHECKPOINT_BEST repeat=4 scope=internal_cv fold=2 phase=crsm_corrected epoch=0 path=/data/adodas/VarCoNet-V2-main/xiaolunwen/experiment1c/checkpoints/worker_r4_best.pt
CHECKPOINT_BEST repeat=4 scope=internal_cv fold=2 phase=crsm_corrected epoch=0 path=/data/adodas/VarCoNet-V2-main/xiaolunwen/experiment1c/checkpoints/worker_r4_best.pt
CHECKPOINT_LATEST repeat=4 scope=internal_cv fold=2 phase=crsm_corrected epoch=0 path=/data/adodas/VarCoNet-V2-main/xiaolunwen/experiment1c/checkpoints/worker_r4_latest.pt
[CRSM_SYMMETRY_START] repeat=4 scope=internal_cv fold=2 after_exact_zero=Y pca_unit_norm=1.00000000 pca_singular=155.943466 symmetry_scale=0.00229546148
CHECKPOINT_LATEST repeat=4 scope=internal_cv fold=2 phase=crsm_corrected epoch=10 path=/data/adodas/VarCoNet-V2-main/xiaolunwen/experiment1c/checkpoints/worker_r4_latest.pt
[CRSM_CORRECTED] repeat=4 scope=internal_cv fold=2 epoch=10/149 train_loss=0.153905 val_bce=0.589313 best=N best_epoch=0 asd_mass=(0.5043,0.4957) hc_mass=(0.5000,0.5000) delta_l2=(0.130375,0.129673) epoch_seconds=0.35
CHECKPOINT_LATEST repeat=4 scope=internal_cv fold=2 phase=crsm_corrected epoch=20 path=/data/adodas/VarCoNet-V2-main/xiaolunwen/experiment1c/checkpoints/worker_r4_latest.pt
[CRSM_CORRECTED] repeat=4 scope=internal_cv fold=2 epoch=20/149 train_loss=0.133791 val_bce=0.603655 best=N best_epoch=0 asd_mass=(0.5063,0.4937) hc_mass=(0.5000,0.5000) delta_l2=(0.248037,0.247318) epoch_seconds=0.29
CHECKPOINT_LATEST repeat=4 scope=internal_cv fold=2 phase=crsm_corrected epoch=30 path=/data/adodas/VarCoNet-V2-main/xiaolunwen/experiment1c/checkpoints/worker_r4_latest.pt
[CRSM_CORRECTED] repeat=4 scope=internal_cv fold=2 epoch=30/149 train_loss=0.119709 val_bce=0.618816 best=N best_epoch=0 asd_mass=(0.5094,0.4906) hc_mass=(0.5000,0.5000) delta_l2=(0.353671,0.352908) epoch_seconds=0.43
CHECKPOINT_LATEST repeat=4 scope=internal_cv fold=2 phase=crsm_corrected epoch=40 path=/data/adodas/VarCoNet-V2-main/xiaolunwen/experiment1c/checkpoints/worker_r4_latest.pt
[CRSM_CORRECTED] repeat=4 scope=internal_cv fold=2 epoch=40/149 train_loss=0.109716 val_bce=0.634183 best=N best_epoch=0 asd_mass=(0.5141,0.4859) hc_mass=(0.5000,0.5000) delta_l2=(0.447933,0.447155) epoch_seconds=0.32
CHECKPOINT_LATEST repeat=4 scope=internal_cv fold=2 phase=crsm_corrected epoch=50 path=/data/adodas/VarCoNet-V2-main/xiaolunwen/experiment1c/checkpoints/worker_r4_latest.pt
[CRSM_CORRECTED] repeat=4 scope=internal_cv fold=2 epoch=50/149 train_loss=0.102517 val_bce=0.650208 best=N best_epoch=0 asd_mass=(0.5208,0.4792) hc_mass=(0.5000,0.5000) delta_l2=(0.531775,0.531019) epoch_seconds=0.54
CHECKPOINT_LATEST repeat=4 scope=internal_cv fold=2 phase=crsm_corrected epoch=60 path=/data/adodas/VarCoNet-V2-main/xiaolunwen/experiment1c/checkpoints/worker_r4_latest.pt
[CRSM_CORRECTED] repeat=4 scope=internal_cv fold=2 epoch=60/149 train_loss=0.097205 val_bce=0.666511 best=N best_epoch=0 asd_mass=(0.5293,0.4707) hc_mass=(0.5000,0.5000) delta_l2=(0.606351,0.605684) epoch_seconds=0.97
CHECKPOINT_LATEST repeat=4 scope=internal_cv fold=2 phase=crsm_corrected epoch=70 path=/data/adodas/VarCoNet-V2-main/xiaolunwen/experiment1c/checkpoints/worker_r4_latest.pt
[CRSM_CORRECTED] repeat=4 scope=internal_cv fold=2 epoch=70/149 train_loss=0.093156 val_bce=0.682699 best=N best_epoch=0 asd_mass=(0.5390,0.4610) hc_mass=(0.5000,0.5000) delta_l2=(0.672993,0.672573) epoch_seconds=0.28
CHECKPOINT_LATEST repeat=4 scope=internal_cv fold=2 phase=crsm_corrected epoch=80 path=/data/adodas/VarCoNet-V2-main/xiaolunwen/experiment1c/checkpoints/worker_r4_latest.pt
[CRSM_CORRECTED] repeat=4 scope=internal_cv fold=2 epoch=80/149 train_loss=0.089971 val_bce=0.699016 best=N best_epoch=0 asd_mass=(0.5486,0.4514) hc_mass=(0.5000,0.5000) delta_l2=(0.733089,0.733127) epoch_seconds=0.53
CHECKPOINT_LATEST repeat=4 scope=internal_cv fold=2 phase=crsm_corrected epoch=90 path=/data/adodas/VarCoNet-V2-main/xiaolunwen/experiment1c/checkpoints/worker_r4_latest.pt
[CRSM_CORRECTED] repeat=4 scope=internal_cv fold=2 epoch=90/149 train_loss=0.087416 val_bce=0.715484 best=N best_epoch=0 asd_mass=(0.5571,0.4429) hc_mass=(0.5000,0.5000) delta_l2=(0.787830,0.788509) epoch_seconds=0.51
CHECKPOINT_LATEST repeat=4 scope=internal_cv fold=2 phase=crsm_corrected epoch=100 path=/data/adodas/VarCoNet-V2-main/xiaolunwen/experiment1c/checkpoints/worker_r4_latest.pt
[CRSM_CORRECTED] repeat=4 scope=internal_cv fold=2 epoch=100/149 train_loss=0.085350 val_bce=0.731850 best=N best_epoch=0 asd_mass=(0.5641,0.4359) hc_mass=(0.5000,0.5000) delta_l2=(0.838032,0.839511) epoch_seconds=0.27
CHECKPOINT_LATEST repeat=4 scope=internal_cv fold=2 phase=crsm_corrected epoch=110 path=/data/adodas/VarCoNet-V2-main/xiaolunwen/experiment1c/checkpoints/worker_r4_latest.pt
[CRSM_CORRECTED] repeat=4 scope=internal_cv fold=2 epoch=110/149 train_loss=0.083677 val_bce=0.747909 best=N best_epoch=0 asd_mass=(0.5695,0.4305) hc_mass=(0.5000,0.5000) delta_l2=(0.884203,0.886646) epoch_seconds=0.40
CHECKPOINT_LATEST repeat=4 scope=internal_cv fold=2 phase=crsm_corrected epoch=120 path=/data/adodas/VarCoNet-V2-main/xiaolunwen/experiment1c/checkpoints/worker_r4_latest.pt
[CRSM_CORRECTED] repeat=4 scope=internal_cv fold=2 epoch=120/149 train_loss=0.082320 val_bce=0.763534 best=N best_epoch=0 asd_mass=(0.5737,0.4263) hc_mass=(0.5000,0.5000) delta_l2=(0.926702,0.930284) epoch_seconds=0.57
CHECKPOINT_LATEST repeat=4 scope=internal_cv fold=2 phase=crsm_corrected epoch=130 path=/data/adodas/VarCoNet-V2-main/xiaolunwen/experiment1c/checkpoints/worker_r4_latest.pt
[CRSM_CORRECTED] repeat=4 scope=internal_cv fold=2 epoch=130/149 train_loss=0.081213 val_bce=0.778654 best=N best_epoch=0 asd_mass=(0.5769,0.4231) hc_mass=(0.5000,0.5000) delta_l2=(0.965853,0.970738) epoch_seconds=0.31
CHECKPOINT_LATEST repeat=4 scope=internal_cv fold=2 phase=crsm_corrected epoch=140 path=/data/adodas/VarCoNet-V2-main/xiaolunwen/experiment1c/checkpoints/worker_r4_latest.pt
[CRSM_CORRECTED] repeat=4 scope=internal_cv fold=2 epoch=140/149 train_loss=0.080305 val_bce=0.793205 best=N best_epoch=0 asd_mass=(0.5794,0.4206) hc_mass=(0.5000,0.5000) delta_l2=(1.001984,1.008306) epoch_seconds=0.51
CHECKPOINT_LATEST repeat=4 scope=internal_cv fold=2 phase=crsm_corrected epoch=149 path=/data/adodas/VarCoNet-V2-main/xiaolunwen/experiment1c/checkpoints/worker_r4_latest.pt
[CRSM_CORRECTED] repeat=4 scope=internal_cv fold=2 epoch=149/149 train_loss=0.079621 val_bce=0.805774 best=N best_epoch=0 asd_mass=(0.5810,0.4190) hc_mass=(0.5000,0.5000) delta_l2=(1.032188,1.039884) epoch_seconds=0.37
[SNDE_NORMATIVE] repeat=4 scope=internal_cv fold=2 n_unique_asd=357 n_unique_hc=317 roi_dim=384 std_floor=0.001353313 pc1_explained_fraction=0.200766 hc_score_mean_before_norm=4.8135e-08 hc_score_std_before_norm=7.78635 asd_positive_fraction=0.0028 asd_negative_fraction=0.1148 asd_generalist_fraction=0.8824 hc_positive_fraction=0.0000 hc_negative_fraction=0.0820 hc_generalist_fraction=0.9180
[SNDE_ZERO_BASELINE] repeat=4 scope=internal_cv fold=2 epoch=0 exact_zero=Y val_bce=0.581477 probability_max_abs=5.96e-08
CHECKPOINT_BEST repeat=4 scope=internal_cv fold=2 phase=snde epoch=0 path=/data/adodas/VarCoNet-V2-main/xiaolunwen/experiment1c/checkpoints/worker_r4_best.pt
CHECKPOINT_LATEST repeat=4 scope=internal_cv fold=2 phase=snde epoch=0 path=/data/adodas/VarCoNet-V2-main/xiaolunwen/experiment1c/checkpoints/worker_r4_latest.pt
CHECKPOINT_BEST repeat=4 scope=internal_cv fold=2 phase=snde epoch=1 path=/data/adodas/VarCoNet-V2-main/xiaolunwen/experiment1c/checkpoints/worker_r4_best.pt
CHECKPOINT_LATEST repeat=4 scope=internal_cv fold=2 phase=snde epoch=1 path=/data/adodas/VarCoNet-V2-main/xiaolunwen/experiment1c/checkpoints/worker_r4_latest.pt
[SNDE] repeat=4 scope=internal_cv fold=2 epoch=1/149 train_bce=0.179929 val_bce=0.581443 best=Y best_epoch=1 asd_gate=(+0.003,-0.115,g0.882) hc_gate=(+0.000,-0.082,g0.918) pos_weight_l2=0.019523 neg_weight_l2=0.019596 mean_abs_pos_correction=0.000044 mean_abs_neg_correction=0.024094 elapsed_seconds=1.18
CHECKPOINT_BEST repeat=4 scope=internal_cv fold=2 phase=snde epoch=2 path=/data/adodas/VarCoNet-V2-main/xiaolunwen/experiment1c/checkpoints/worker_r4_best.pt
CHECKPOINT_LATEST repeat=4 scope=internal_cv fold=2 phase=snde epoch=2 path=/data/adodas/VarCoNet-V2-main/xiaolunwen/experiment1c/checkpoints/worker_r4_latest.pt
[SNDE] repeat=4 scope=internal_cv fold=2 epoch=2/149 train_bce=0.178194 val_bce=0.579809 best=Y best_epoch=2 asd_gate=(+0.003,-0.115,g0.882) hc_gate=(+0.000,-0.082,g0.918) pos_weight_l2=0.039030 neg_weight_l2=0.031902 mean_abs_pos_correction=0.000087 mean_abs_neg_correction=0.026955 elapsed_seconds=1.32
CHECKPOINT_LATEST repeat=4 scope=internal_cv fold=2 phase=snde epoch=10 path=/data/adodas/VarCoNet-V2-main/xiaolunwen/experiment1c/checkpoints/worker_r4_latest.pt
[SNDE] repeat=4 scope=internal_cv fold=2 epoch=10/149 train_bce=0.174666 val_bce=0.582348 best=N best_epoch=2 asd_gate=(+0.003,-0.115,g0.882) hc_gate=(+0.000,-0.082,g0.918) pos_weight_l2=0.193399 neg_weight_l2=0.098817 mean_abs_pos_correction=0.000432 mean_abs_neg_correction=0.100350 elapsed_seconds=0.65
CHECKPOINT_LATEST repeat=4 scope=internal_cv fold=2 phase=snde epoch=20 path=/data/adodas/VarCoNet-V2-main/xiaolunwen/experiment1c/checkpoints/worker_r4_latest.pt
[SNDE] repeat=4 scope=internal_cv fold=2 epoch=20/149 train_bce=0.173030 val_bce=0.587549 best=N best_epoch=2 asd_gate=(+0.003,-0.115,g0.882) hc_gate=(+0.000,-0.082,g0.918) pos_weight_l2=0.377269 neg_weight_l2=0.161553 mean_abs_pos_correction=0.000842 mean_abs_neg_correction=0.159218 elapsed_seconds=0.63
CHECKPOINT_LATEST repeat=4 scope=internal_cv fold=2 phase=snde epoch=30 path=/data/adodas/VarCoNet-V2-main/xiaolunwen/experiment1c/checkpoints/worker_r4_latest.pt
[SNDE] repeat=4 scope=internal_cv fold=2 epoch=30/149 train_bce=0.172139 val_bce=0.584268 best=N best_epoch=2 asd_gate=(+0.003,-0.115,g0.882) hc_gate=(+0.000,-0.082,g0.918) pos_weight_l2=0.545392 neg_weight_l2=0.211422 mean_abs_pos_correction=0.001217 mean_abs_neg_correction=0.185129 elapsed_seconds=0.40
CHECKPOINT_LATEST repeat=4 scope=internal_cv fold=2 phase=snde epoch=40 path=/data/adodas/VarCoNet-V2-main/xiaolunwen/experiment1c/checkpoints/worker_r4_latest.pt
[SNDE] repeat=4 scope=internal_cv fold=2 epoch=40/149 train_bce=0.171569 val_bce=0.583716 best=N best_epoch=2 asd_gate=(+0.003,-0.115,g0.882) hc_gate=(+0.000,-0.082,g0.918) pos_weight_l2=0.695457 neg_weight_l2=0.253234 mean_abs_pos_correction=0.001552 mean_abs_neg_correction=0.205585 elapsed_seconds=0.77
CHECKPOINT_LATEST repeat=4 scope=internal_cv fold=2 phase=snde epoch=50 path=/data/adodas/VarCoNet-V2-main/xiaolunwen/experiment1c/checkpoints/worker_r4_latest.pt
[SNDE] repeat=4 scope=internal_cv fold=2 epoch=50/149 train_bce=0.171170 val_bce=0.584824 best=N best_epoch=2 asd_gate=(+0.003,-0.115,g0.882) hc_gate=(+0.000,-0.082,g0.918) pos_weight_l2=0.828183 neg_weight_l2=0.289685 mean_abs_pos_correction=0.001849 mean_abs_neg_correction=0.221348 elapsed_seconds=0.80
CHECKPOINT_LATEST repeat=4 scope=internal_cv fold=2 phase=snde epoch=60 path=/data/adodas/VarCoNet-V2-main/xiaolunwen/experiment1c/checkpoints/worker_r4_latest.pt
[SNDE] repeat=4 scope=internal_cv fold=2 epoch=60/149 train_bce=0.170872 val_bce=0.587737 best=N best_epoch=2 asd_gate=(+0.003,-0.115,g0.882) hc_gate=(+0.000,-0.082,g0.918) pos_weight_l2=0.945780 neg_weight_l2=0.322479 mean_abs_pos_correction=0.002112 mean_abs_neg_correction=0.235691 elapsed_seconds=0.85
CHECKPOINT_LATEST repeat=4 scope=internal_cv fold=2 phase=snde epoch=70 path=/data/adodas/VarCoNet-V2-main/xiaolunwen/experiment1c/checkpoints/worker_r4_latest.pt
[SNDE] repeat=4 scope=internal_cv fold=2 epoch=70/149 train_bce=0.170634 val_bce=0.592408 best=N best_epoch=2 asd_gate=(+0.003,-0.115,g0.882) hc_gate=(+0.000,-0.082,g0.918) pos_weight_l2=1.050772 neg_weight_l2=0.352654 mean_abs_pos_correction=0.002346 mean_abs_neg_correction=0.249263 elapsed_seconds=1.19
CHECKPOINT_LATEST repeat=4 scope=internal_cv fold=2 phase=snde epoch=80 path=/data/adodas/VarCoNet-V2-main/xiaolunwen/experiment1c/checkpoints/worker_r4_latest.pt
[SNDE] repeat=4 scope=internal_cv fold=2 epoch=80/149 train_bce=0.170436 val_bce=0.598626 best=N best_epoch=2 asd_gate=(+0.003,-0.115,g0.882) hc_gate=(+0.000,-0.082,g0.918) pos_weight_l2=1.145436 neg_weight_l2=0.381025 mean_abs_pos_correction=0.002558 mean_abs_neg_correction=0.261784 elapsed_seconds=0.92
CHECKPOINT_LATEST repeat=4 scope=internal_cv fold=2 phase=snde epoch=90 path=/data/adodas/VarCoNet-V2-main/xiaolunwen/experiment1c/checkpoints/worker_r4_latest.pt
[SNDE] repeat=4 scope=internal_cv fold=2 epoch=90/149 train_bce=0.170268 val_bce=0.605568 best=N best_epoch=2 asd_gate=(+0.003,-0.115,g0.882) hc_gate=(+0.000,-0.082,g0.918) pos_weight_l2=1.231623 neg_weight_l2=0.408069 mean_abs_pos_correction=0.002751 mean_abs_neg_correction=0.273934 elapsed_seconds=0.75
CHECKPOINT_LATEST repeat=4 scope=internal_cv fold=2 phase=snde epoch=100 path=/data/adodas/VarCoNet-V2-main/xiaolunwen/experiment1c/checkpoints/worker_r4_latest.pt
[SNDE] repeat=4 scope=internal_cv fold=2 epoch=100/149 train_bce=0.170120 val_bce=0.613281 best=N best_epoch=2 asd_gate=(+0.003,-0.115,g0.882) hc_gate=(+0.000,-0.082,g0.918) pos_weight_l2=1.310779 neg_weight_l2=0.434057 mean_abs_pos_correction=0.002928 mean_abs_neg_correction=0.285419 elapsed_seconds=0.82
CHECKPOINT_LATEST repeat=4 scope=internal_cv fold=2 phase=snde epoch=110 path=/data/adodas/VarCoNet-V2-main/xiaolunwen/experiment1c/checkpoints/worker_r4_latest.pt
[SNDE] repeat=4 scope=internal_cv fold=2 epoch=110/149 train_bce=0.169989 val_bce=0.621451 best=N best_epoch=2 asd_gate=(+0.003,-0.115,g0.882) hc_gate=(+0.000,-0.082,g0.918) pos_weight_l2=1.384022 neg_weight_l2=0.459190 mean_abs_pos_correction=0.003092 mean_abs_neg_correction=0.296372 elapsed_seconds=0.74
CHECKPOINT_LATEST repeat=4 scope=internal_cv fold=2 phase=snde epoch=120 path=/data/adodas/VarCoNet-V2-main/xiaolunwen/experiment1c/checkpoints/worker_r4_latest.pt
[SNDE] repeat=4 scope=internal_cv fold=2 epoch=120/149 train_bce=0.169870 val_bce=0.629653 best=N best_epoch=2 asd_gate=(+0.003,-0.115,g0.882) hc_gate=(+0.000,-0.082,g0.918) pos_weight_l2=1.452224 neg_weight_l2=0.483618 mean_abs_pos_correction=0.003244 mean_abs_neg_correction=0.306952 elapsed_seconds=0.78
CHECKPOINT_LATEST repeat=4 scope=internal_cv fold=2 phase=snde epoch=130 path=/data/adodas/VarCoNet-V2-main/xiaolunwen/experiment1c/checkpoints/worker_r4_latest.pt
[SNDE] repeat=4 scope=internal_cv fold=2 epoch=130/149 train_bce=0.169762 val_bce=0.637887 best=N best_epoch=2 asd_gate=(+0.003,-0.115,g0.882) hc_gate=(+0.000,-0.082,g0.918) pos_weight_l2=1.516068 neg_weight_l2=0.507452 mean_abs_pos_correction=0.003387 mean_abs_neg_correction=0.317082 elapsed_seconds=0.74
CHECKPOINT_LATEST repeat=4 scope=internal_cv fold=2 phase=snde epoch=140 path=/data/adodas/VarCoNet-V2-main/xiaolunwen/experiment1c/checkpoints/worker_r4_latest.pt
[SNDE] repeat=4 scope=internal_cv fold=2 epoch=140/149 train_bce=0.169662 val_bce=0.645930 best=N best_epoch=2 asd_gate=(+0.003,-0.115,g0.882) hc_gate=(+0.000,-0.082,g0.918) pos_weight_l2=1.576106 neg_weight_l2=0.530781 mean_abs_pos_correction=0.003522 mean_abs_neg_correction=0.326960 elapsed_seconds=0.79
CHECKPOINT_LATEST repeat=4 scope=internal_cv fold=2 phase=snde epoch=149 path=/data/adodas/VarCoNet-V2-main/xiaolunwen/experiment1c/checkpoints/worker_r4_latest.pt
[SNDE] repeat=4 scope=internal_cv fold=2 epoch=149/149 train_bce=0.169578 val_bce=0.653113 best=N best_epoch=2 asd_gate=(+0.003,-0.115,g0.882) hc_gate=(+0.000,-0.082,g0.918) pos_weight_l2=1.627257 neg_weight_l2=0.551405 mean_abs_pos_correction=0.003636 mean_abs_neg_correction=0.335581 elapsed_seconds=0.65
TASK_TRAINING_DONE repeat=4 scope=internal_cv fold=2 base_encoder_epoch=46 base_classifier_epoch=47 base_val_bce=0.581477 crsm_epoch=0 crsm_val_bce=0.581477 snde_epoch=2 snde_val_bce=0.579809 elapsed_minutes=4.6
TASK_DONE repeat=4 scope=internal_fold fold=2 method=baseline selected_encoder_epoch=46 test_auc=0.727743 test_bce=0.600643 elapsed_minutes=4.6
TASK_DONE repeat=4 scope=internal_fold fold=2 method=crsm_corrected selected_encoder_epoch=46 test_auc=0.727743 test_bce=0.600643 elapsed_minutes=4.6
TASK_DONE repeat=4 scope=internal_fold fold=2 method=selective_normative_deviation_experts selected_encoder_epoch=46 test_auc=0.727743 test_bce=0.600724 elapsed_minutes=4.6
TASK_START repeat=4 scope=internal_cv fold=3 seed=100403 device=cuda:0 methods=baseline,crsm_corrected,selective_normative_deviation_experts shared_encoder=Y reference_unique_n=674 train_n=750 val_n=120
CHECKPOINT_BEST repeat=4 scope=internal_cv fold=3 phase=ssl epoch=1 path=/data/adodas/VarCoNet-V2-main/xiaolunwen/experiment1c/checkpoints/worker_r4_best.pt
[SSL] repeat=4 scope=internal_cv fold=3 epoch=1/50 ssl_loss=0.182882 lr=0.000024107 base_val_bce=0.655959 base_best=Y base_cls_epoch=16 epoch_seconds=11.6 task_elapsed_minutes=0.2 gpu_alloc_gb=0.318 gpu_reserved_gb=1.744
[SSL] repeat=4 scope=internal_cv fold=3 epoch=2/50 ssl_loss=0.145986 lr=0.000038214 base_val_bce=0.659395 base_best=N base_cls_epoch=12 epoch_seconds=6.8 task_elapsed_minutes=0.3 gpu_alloc_gb=0.317 gpu_reserved_gb=2.008
CHECKPOINT_BEST repeat=4 scope=internal_cv fold=3 phase=ssl epoch=3 path=/data/adodas/VarCoNet-V2-main/xiaolunwen/experiment1c/checkpoints/worker_r4_best.pt
[SSL] repeat=4 scope=internal_cv fold=3 epoch=3/50 ssl_loss=0.127580 lr=0.000052321 base_val_bce=0.652697 base_best=Y base_cls_epoch=13 epoch_seconds=4.8 task_elapsed_minutes=0.4 gpu_alloc_gb=0.318 gpu_reserved_gb=1.744
CHECKPOINT_BEST repeat=4 scope=internal_cv fold=3 phase=ssl epoch=4 path=/data/adodas/VarCoNet-V2-main/xiaolunwen/experiment1c/checkpoints/worker_r4_best.pt
[SSL] repeat=4 scope=internal_cv fold=3 epoch=4/50 ssl_loss=0.105114 lr=0.000066427 base_val_bce=0.640230 base_best=Y base_cls_epoch=12 epoch_seconds=4.1 task_elapsed_minutes=0.5 gpu_alloc_gb=0.317 gpu_reserved_gb=2.008
[SSL] repeat=4 scope=internal_cv fold=3 epoch=5/50 ssl_loss=0.105338 lr=0.000080534 base_val_bce=0.660117 base_best=N base_cls_epoch=12 epoch_seconds=3.8 task_elapsed_minutes=0.5 gpu_alloc_gb=0.318 gpu_reserved_gb=1.744
[SSL] repeat=4 scope=internal_cv fold=3 epoch=6/50 ssl_loss=0.107467 lr=0.000094641 base_val_bce=0.660459 base_best=N base_cls_epoch=13 epoch_seconds=3.8 task_elapsed_minutes=0.6 gpu_alloc_gb=0.317 gpu_reserved_gb=2.008
[SSL] repeat=4 scope=internal_cv fold=3 epoch=7/50 ssl_loss=0.078095 lr=0.000108748 base_val_bce=0.674893 base_best=N base_cls_epoch=14 epoch_seconds=3.7 task_elapsed_minutes=0.7 gpu_alloc_gb=0.318 gpu_reserved_gb=1.744
[SSL] repeat=4 scope=internal_cv fold=3 epoch=8/50 ssl_loss=0.077348 lr=0.000122855 base_val_bce=0.651911 base_best=N base_cls_epoch=18 epoch_seconds=3.8 task_elapsed_minutes=0.7 gpu_alloc_gb=0.317 gpu_reserved_gb=2.008
CHECKPOINT_BEST repeat=4 scope=internal_cv fold=3 phase=ssl epoch=9 path=/data/adodas/VarCoNet-V2-main/xiaolunwen/experiment1c/checkpoints/worker_r4_best.pt
[SSL] repeat=4 scope=internal_cv fold=3 epoch=9/50 ssl_loss=0.075493 lr=0.000136962 base_val_bce=0.639930 base_best=Y base_cls_epoch=17 epoch_seconds=4.1 task_elapsed_minutes=0.8 gpu_alloc_gb=0.318 gpu_reserved_gb=1.744
CHECKPOINT_LATEST repeat=4 scope=internal_cv fold=3 phase=ssl epoch=10 path=/data/adodas/VarCoNet-V2-main/xiaolunwen/experiment1c/checkpoints/worker_r4_latest.pt
[SSL] repeat=4 scope=internal_cv fold=3 epoch=10/50 ssl_loss=0.057512 lr=0.000136962 base_val_bce=0.642447 base_best=N base_cls_epoch=20 epoch_seconds=4.2 task_elapsed_minutes=0.9 gpu_alloc_gb=0.317 gpu_reserved_gb=2.008
[SSL] repeat=4 scope=internal_cv fold=3 epoch=11/50 ssl_loss=0.076318 lr=0.000136751 base_val_bce=0.645223 base_best=N base_cls_epoch=24 epoch_seconds=3.2 task_elapsed_minutes=0.9 gpu_alloc_gb=0.318 gpu_reserved_gb=1.744
CHECKPOINT_BEST repeat=4 scope=internal_cv fold=3 phase=ssl epoch=12 path=/data/adodas/VarCoNet-V2-main/xiaolunwen/experiment1c/checkpoints/worker_r4_best.pt
[SSL] repeat=4 scope=internal_cv fold=3 epoch=12/50 ssl_loss=0.082223 lr=0.000136119 base_val_bce=0.632271 base_best=Y base_cls_epoch=21 epoch_seconds=4.3 task_elapsed_minutes=1.0 gpu_alloc_gb=0.317 gpu_reserved_gb=2.008
CHECKPOINT_BEST repeat=4 scope=internal_cv fold=3 phase=ssl epoch=13 path=/data/adodas/VarCoNet-V2-main/xiaolunwen/experiment1c/checkpoints/worker_r4_best.pt
[SSL] repeat=4 scope=internal_cv fold=3 epoch=13/50 ssl_loss=0.057293 lr=0.000135070 base_val_bce=0.627465 base_best=Y base_cls_epoch=23 epoch_seconds=4.1 task_elapsed_minutes=1.1 gpu_alloc_gb=0.318 gpu_reserved_gb=1.744
[SSL] repeat=4 scope=internal_cv fold=3 epoch=14/50 ssl_loss=0.064670 lr=0.000133610 base_val_bce=0.646038 base_best=N base_cls_epoch=24 epoch_seconds=3.5 task_elapsed_minutes=1.1 gpu_alloc_gb=0.317 gpu_reserved_gb=2.008
[SSL] repeat=4 scope=internal_cv fold=3 epoch=15/50 ssl_loss=0.065953 lr=0.000131749 base_val_bce=0.633631 base_best=N base_cls_epoch=26 epoch_seconds=3.5 task_elapsed_minutes=1.2 gpu_alloc_gb=0.318 gpu_reserved_gb=1.744
[SSL] repeat=4 scope=internal_cv fold=3 epoch=16/50 ssl_loss=0.043870 lr=0.000129498 base_val_bce=0.628993 base_best=N base_cls_epoch=29 epoch_seconds=3.9 task_elapsed_minutes=1.2 gpu_alloc_gb=0.317 gpu_reserved_gb=2.008
CHECKPOINT_BEST repeat=4 scope=internal_cv fold=3 phase=ssl epoch=17 path=/data/adodas/VarCoNet-V2-main/xiaolunwen/experiment1c/checkpoints/worker_r4_best.pt
[SSL] repeat=4 scope=internal_cv fold=3 epoch=17/50 ssl_loss=0.054536 lr=0.000126870 base_val_bce=0.624418 base_best=Y base_cls_epoch=24 epoch_seconds=6.9 task_elapsed_minutes=1.4 gpu_alloc_gb=0.318 gpu_reserved_gb=1.744
[SSL] repeat=4 scope=internal_cv fold=3 epoch=18/50 ssl_loss=0.058287 lr=0.000123883 base_val_bce=0.628879 base_best=N base_cls_epoch=34 epoch_seconds=5.5 task_elapsed_minutes=1.4 gpu_alloc_gb=0.317 gpu_reserved_gb=2.008
[SSL] repeat=4 scope=internal_cv fold=3 epoch=19/50 ssl_loss=0.057330 lr=0.000120554 base_val_bce=0.627625 base_best=N base_cls_epoch=25 epoch_seconds=3.8 task_elapsed_minutes=1.5 gpu_alloc_gb=0.318 gpu_reserved_gb=1.744
CHECKPOINT_LATEST repeat=4 scope=internal_cv fold=3 phase=ssl epoch=20 path=/data/adodas/VarCoNet-V2-main/xiaolunwen/experiment1c/checkpoints/worker_r4_latest.pt
[SSL] repeat=4 scope=internal_cv fold=3 epoch=20/50 ssl_loss=0.071864 lr=0.000116904 base_val_bce=0.630111 base_best=N base_cls_epoch=29 epoch_seconds=4.0 task_elapsed_minutes=1.6 gpu_alloc_gb=0.317 gpu_reserved_gb=2.008
CHECKPOINT_BEST repeat=4 scope=internal_cv fold=3 phase=ssl epoch=21 path=/data/adodas/VarCoNet-V2-main/xiaolunwen/experiment1c/checkpoints/worker_r4_best.pt
[SSL] repeat=4 scope=internal_cv fold=3 epoch=21/50 ssl_loss=0.066887 lr=0.000112956 base_val_bce=0.622654 base_best=Y base_cls_epoch=31 epoch_seconds=4.0 task_elapsed_minutes=1.6 gpu_alloc_gb=0.318 gpu_reserved_gb=1.744
[SSL] repeat=4 scope=internal_cv fold=3 epoch=22/50 ssl_loss=0.049694 lr=0.000108733 base_val_bce=0.626657 base_best=N base_cls_epoch=30 epoch_seconds=3.7 task_elapsed_minutes=1.7 gpu_alloc_gb=0.317 gpu_reserved_gb=2.008
[SSL] repeat=4 scope=internal_cv fold=3 epoch=23/50 ssl_loss=0.057806 lr=0.000104262 base_val_bce=0.626734 base_best=N base_cls_epoch=27 epoch_seconds=3.9 task_elapsed_minutes=1.8 gpu_alloc_gb=0.318 gpu_reserved_gb=1.744
[SSL] repeat=4 scope=internal_cv fold=3 epoch=24/50 ssl_loss=0.053484 lr=0.000099570 base_val_bce=0.641398 base_best=N base_cls_epoch=30 epoch_seconds=3.8 task_elapsed_minutes=1.8 gpu_alloc_gb=0.317 gpu_reserved_gb=2.008
[SSL] repeat=4 scope=internal_cv fold=3 epoch=25/50 ssl_loss=0.056546 lr=0.000094687 base_val_bce=0.646000 base_best=N base_cls_epoch=26 epoch_seconds=3.8 task_elapsed_minutes=1.9 gpu_alloc_gb=0.318 gpu_reserved_gb=1.744
[SSL] repeat=4 scope=internal_cv fold=3 epoch=26/50 ssl_loss=0.056554 lr=0.000089643 base_val_bce=0.627657 base_best=N base_cls_epoch=26 epoch_seconds=3.7 task_elapsed_minutes=2.0 gpu_alloc_gb=0.317 gpu_reserved_gb=2.008
[SSL] repeat=4 scope=internal_cv fold=3 epoch=27/50 ssl_loss=0.058626 lr=0.000084467 base_val_bce=0.630242 base_best=N base_cls_epoch=32 epoch_seconds=3.8 task_elapsed_minutes=2.0 gpu_alloc_gb=0.318 gpu_reserved_gb=1.744
[SSL] repeat=4 scope=internal_cv fold=3 epoch=28/50 ssl_loss=0.045204 lr=0.000079194 base_val_bce=0.628514 base_best=N base_cls_epoch=28 epoch_seconds=3.9 task_elapsed_minutes=2.1 gpu_alloc_gb=0.317 gpu_reserved_gb=2.008
[SSL] repeat=4 scope=internal_cv fold=3 epoch=29/50 ssl_loss=0.047211 lr=0.000073854 base_val_bce=0.626961 base_best=N base_cls_epoch=33 epoch_seconds=3.8 task_elapsed_minutes=2.2 gpu_alloc_gb=0.318 gpu_reserved_gb=1.744
CHECKPOINT_LATEST repeat=4 scope=internal_cv fold=3 phase=ssl epoch=30 path=/data/adodas/VarCoNet-V2-main/xiaolunwen/experiment1c/checkpoints/worker_r4_latest.pt
[SSL] repeat=4 scope=internal_cv fold=3 epoch=30/50 ssl_loss=0.044502 lr=0.000068481 base_val_bce=0.632875 base_best=N base_cls_epoch=28 epoch_seconds=4.1 task_elapsed_minutes=2.2 gpu_alloc_gb=0.317 gpu_reserved_gb=2.008
[SSL] repeat=4 scope=internal_cv fold=3 epoch=31/50 ssl_loss=0.053090 lr=0.000063108 base_val_bce=0.639877 base_best=N base_cls_epoch=30 epoch_seconds=3.6 task_elapsed_minutes=2.3 gpu_alloc_gb=0.318 gpu_reserved_gb=1.744
[SSL] repeat=4 scope=internal_cv fold=3 epoch=32/50 ssl_loss=0.058270 lr=0.000057768 base_val_bce=0.626398 base_best=N base_cls_epoch=28 epoch_seconds=3.8 task_elapsed_minutes=2.4 gpu_alloc_gb=0.317 gpu_reserved_gb=2.008
[SSL] repeat=4 scope=internal_cv fold=3 epoch=33/50 ssl_loss=0.056023 lr=0.000052494 base_val_bce=0.631981 base_best=N base_cls_epoch=32 epoch_seconds=3.8 task_elapsed_minutes=2.4 gpu_alloc_gb=0.318 gpu_reserved_gb=1.744
CHECKPOINT_BEST repeat=4 scope=internal_cv fold=3 phase=ssl epoch=34 path=/data/adodas/VarCoNet-V2-main/xiaolunwen/experiment1c/checkpoints/worker_r4_best.pt
[SSL] repeat=4 scope=internal_cv fold=3 epoch=34/50 ssl_loss=0.044899 lr=0.000047319 base_val_bce=0.621798 base_best=Y base_cls_epoch=30 epoch_seconds=4.5 task_elapsed_minutes=2.5 gpu_alloc_gb=0.317 gpu_reserved_gb=2.008
CHECKPOINT_BEST repeat=4 scope=internal_cv fold=3 phase=ssl epoch=35 path=/data/adodas/VarCoNet-V2-main/xiaolunwen/experiment1c/checkpoints/worker_r4_best.pt
[SSL] repeat=4 scope=internal_cv fold=3 epoch=35/50 ssl_loss=0.049398 lr=0.000042274 base_val_bce=0.620756 base_best=Y base_cls_epoch=33 epoch_seconds=5.0 task_elapsed_minutes=2.6 gpu_alloc_gb=0.318 gpu_reserved_gb=1.744
[SSL] repeat=4 scope=internal_cv fold=3 epoch=36/50 ssl_loss=0.051374 lr=0.000037391 base_val_bce=0.631067 base_best=N base_cls_epoch=30 epoch_seconds=3.9 task_elapsed_minutes=2.6 gpu_alloc_gb=0.317 gpu_reserved_gb=2.008
[SSL] repeat=4 scope=internal_cv fold=3 epoch=37/50 ssl_loss=0.045167 lr=0.000032700 base_val_bce=0.629610 base_best=N base_cls_epoch=29 epoch_seconds=3.8 task_elapsed_minutes=2.7 gpu_alloc_gb=0.318 gpu_reserved_gb=1.744
CHECKPOINT_BEST repeat=4 scope=internal_cv fold=3 phase=ssl epoch=38 path=/data/adodas/VarCoNet-V2-main/xiaolunwen/experiment1c/checkpoints/worker_r4_best.pt
[SSL] repeat=4 scope=internal_cv fold=3 epoch=38/50 ssl_loss=0.048915 lr=0.000028229 base_val_bce=0.619906 base_best=Y base_cls_epoch=33 epoch_seconds=3.8 task_elapsed_minutes=2.8 gpu_alloc_gb=0.317 gpu_reserved_gb=2.008
[SSL] repeat=4 scope=internal_cv fold=3 epoch=39/50 ssl_loss=0.044026 lr=0.000024006 base_val_bce=0.629921 base_best=N base_cls_epoch=28 epoch_seconds=3.8 task_elapsed_minutes=2.8 gpu_alloc_gb=0.318 gpu_reserved_gb=1.744
CHECKPOINT_LATEST repeat=4 scope=internal_cv fold=3 phase=ssl epoch=40 path=/data/adodas/VarCoNet-V2-main/xiaolunwen/experiment1c/checkpoints/worker_r4_latest.pt
[SSL] repeat=4 scope=internal_cv fold=3 epoch=40/50 ssl_loss=0.040084 lr=0.000020058 base_val_bce=0.627345 base_best=N base_cls_epoch=31 epoch_seconds=4.5 task_elapsed_minutes=2.9 gpu_alloc_gb=0.317 gpu_reserved_gb=2.008
[SSL] repeat=4 scope=internal_cv fold=3 epoch=41/50 ssl_loss=0.043595 lr=0.000016408 base_val_bce=0.637772 base_best=N base_cls_epoch=29 epoch_seconds=3.7 task_elapsed_minutes=3.0 gpu_alloc_gb=0.318 gpu_reserved_gb=1.744
[SSL] repeat=4 scope=internal_cv fold=3 epoch=42/50 ssl_loss=0.045710 lr=0.000013079 base_val_bce=0.627976 base_best=N base_cls_epoch=32 epoch_seconds=3.9 task_elapsed_minutes=3.0 gpu_alloc_gb=0.317 gpu_reserved_gb=2.008
[SSL] repeat=4 scope=internal_cv fold=3 epoch=43/50 ssl_loss=0.045833 lr=0.000010091 base_val_bce=0.624666 base_best=N base_cls_epoch=28 epoch_seconds=3.1 task_elapsed_minutes=3.1 gpu_alloc_gb=0.318 gpu_reserved_gb=1.744
[SSL] repeat=4 scope=internal_cv fold=3 epoch=44/50 ssl_loss=0.057979 lr=0.000007464 base_val_bce=0.631455 base_best=N base_cls_epoch=35 epoch_seconds=5.9 task_elapsed_minutes=3.2 gpu_alloc_gb=0.317 gpu_reserved_gb=2.008
CHECKPOINT_BEST repeat=4 scope=internal_cv fold=3 phase=ssl epoch=45 path=/data/adodas/VarCoNet-V2-main/xiaolunwen/experiment1c/checkpoints/worker_r4_best.pt
[SSL] repeat=4 scope=internal_cv fold=3 epoch=45/50 ssl_loss=0.044636 lr=0.000005213 base_val_bce=0.617755 base_best=Y base_cls_epoch=28 epoch_seconds=7.0 task_elapsed_minutes=3.3 gpu_alloc_gb=0.318 gpu_reserved_gb=1.744
[SSL] repeat=4 scope=internal_cv fold=3 epoch=46/50 ssl_loss=0.051165 lr=0.000003352 base_val_bce=0.618453 base_best=N base_cls_epoch=31 epoch_seconds=6.1 task_elapsed_minutes=3.4 gpu_alloc_gb=0.317 gpu_reserved_gb=2.008
[SSL] repeat=4 scope=internal_cv fold=3 epoch=47/50 ssl_loss=0.072746 lr=0.000001892 base_val_bce=0.618616 base_best=N base_cls_epoch=27 epoch_seconds=6.4 task_elapsed_minutes=3.5 gpu_alloc_gb=0.318 gpu_reserved_gb=1.744
[SSL] repeat=4 scope=internal_cv fold=3 epoch=48/50 ssl_loss=0.043552 lr=0.000000843 base_val_bce=0.629074 base_best=N base_cls_epoch=31 epoch_seconds=8.3 task_elapsed_minutes=3.7 gpu_alloc_gb=0.317 gpu_reserved_gb=2.008
[SSL] repeat=4 scope=internal_cv fold=3 epoch=49/50 ssl_loss=0.044650 lr=0.000000211 base_val_bce=0.625809 base_best=N base_cls_epoch=28 epoch_seconds=6.1 task_elapsed_minutes=3.8 gpu_alloc_gb=0.318 gpu_reserved_gb=1.744
CHECKPOINT_LATEST repeat=4 scope=internal_cv fold=3 phase=ssl epoch=50 path=/data/adodas/VarCoNet-V2-main/xiaolunwen/experiment1c/checkpoints/worker_r4_latest.pt
[SSL] repeat=4 scope=internal_cv fold=3 epoch=50/50 ssl_loss=0.056928 lr=0.000000000 base_val_bce=0.647919 base_best=N base_cls_epoch=28 epoch_seconds=5.9 task_elapsed_minutes=3.9 gpu_alloc_gb=0.317 gpu_reserved_gb=2.008
[CRSM_ZERO_BASELINE] repeat=4 scope=internal_cv fold=3 epoch=0 exact_zero=Y val_bce=0.617755 probability_max_abs=5.96e-08
CHECKPOINT_LATEST repeat=4 scope=internal_cv fold=3 phase=crsm_corrected epoch=0 path=/data/adodas/VarCoNet-V2-main/xiaolunwen/experiment1c/checkpoints/worker_r4_latest.pt
CHECKPOINT_BEST repeat=4 scope=internal_cv fold=3 phase=crsm_corrected epoch=0 path=/data/adodas/VarCoNet-V2-main/xiaolunwen/experiment1c/checkpoints/worker_r4_best.pt
CHECKPOINT_BEST repeat=4 scope=internal_cv fold=3 phase=crsm_corrected epoch=0 path=/data/adodas/VarCoNet-V2-main/xiaolunwen/experiment1c/checkpoints/worker_r4_best.pt
CHECKPOINT_LATEST repeat=4 scope=internal_cv fold=3 phase=crsm_corrected epoch=0 path=/data/adodas/VarCoNet-V2-main/xiaolunwen/experiment1c/checkpoints/worker_r4_latest.pt
[CRSM_SYMMETRY_START] repeat=4 scope=internal_cv fold=3 after_exact_zero=Y pca_unit_norm=1.00000000 pca_singular=155.197449 symmetry_scale=0.00177997863
CHECKPOINT_LATEST repeat=4 scope=internal_cv fold=3 phase=crsm_corrected epoch=10 path=/data/adodas/VarCoNet-V2-main/xiaolunwen/experiment1c/checkpoints/worker_r4_latest.pt
[CRSM_CORRECTED] repeat=4 scope=internal_cv fold=3 epoch=10/149 train_loss=0.232398 val_bce=0.627692 best=N best_epoch=0 asd_mass=(0.5043,0.4957) hc_mass=(0.5000,0.5000) delta_l2=(0.130484,0.129811) epoch_seconds=0.64
CHECKPOINT_LATEST repeat=4 scope=internal_cv fold=3 phase=crsm_corrected epoch=20 path=/data/adodas/VarCoNet-V2-main/xiaolunwen/experiment1c/checkpoints/worker_r4_latest.pt
[CRSM_CORRECTED] repeat=4 scope=internal_cv fold=3 epoch=20/149 train_loss=0.200577 val_bce=0.642690 best=N best_epoch=0 asd_mass=(0.5067,0.4933) hc_mass=(0.5000,0.5000) delta_l2=(0.248471,0.247793) epoch_seconds=0.98
CHECKPOINT_LATEST repeat=4 scope=internal_cv fold=3 phase=crsm_corrected epoch=30 path=/data/adodas/VarCoNet-V2-main/xiaolunwen/experiment1c/checkpoints/worker_r4_latest.pt
[CRSM_CORRECTED] repeat=4 scope=internal_cv fold=3 epoch=30/149 train_loss=0.178886 val_bce=0.659677 best=N best_epoch=0 asd_mass=(0.5104,0.4896) hc_mass=(0.5000,0.5000) delta_l2=(0.353728,0.352998) epoch_seconds=0.64
CHECKPOINT_LATEST repeat=4 scope=internal_cv fold=3 phase=crsm_corrected epoch=40 path=/data/adodas/VarCoNet-V2-main/xiaolunwen/experiment1c/checkpoints/worker_r4_latest.pt
[CRSM_CORRECTED] repeat=4 scope=internal_cv fold=3 epoch=40/149 train_loss=0.163892 val_bce=0.677627 best=N best_epoch=0 asd_mass=(0.5160,0.4840) hc_mass=(0.5000,0.5000) delta_l2=(0.446562,0.445713) epoch_seconds=0.50
CHECKPOINT_LATEST repeat=4 scope=internal_cv fold=3 phase=crsm_corrected epoch=50 path=/data/adodas/VarCoNet-V2-main/xiaolunwen/experiment1c/checkpoints/worker_r4_latest.pt
[CRSM_CORRECTED] repeat=4 scope=internal_cv fold=3 epoch=50/149 train_loss=0.153336 val_bce=0.695858 best=N best_epoch=0 asd_mass=(0.5236,0.4764) hc_mass=(0.5000,0.5000) delta_l2=(0.528340,0.527202) epoch_seconds=0.71
CHECKPOINT_LATEST repeat=4 scope=internal_cv fold=3 phase=crsm_corrected epoch=60 path=/data/adodas/VarCoNet-V2-main/xiaolunwen/experiment1c/checkpoints/worker_r4_latest.pt
[CRSM_CORRECTED] repeat=4 scope=internal_cv fold=3 epoch=60/149 train_loss=0.145701 val_bce=0.714832 best=N best_epoch=0 asd_mass=(0.5325,0.4675) hc_mass=(0.5000,0.5000) delta_l2=(0.600558,0.598967) epoch_seconds=0.77
CHECKPOINT_LATEST repeat=4 scope=internal_cv fold=3 phase=crsm_corrected epoch=70 path=/data/adodas/VarCoNet-V2-main/xiaolunwen/experiment1c/checkpoints/worker_r4_latest.pt
[CRSM_CORRECTED] repeat=4 scope=internal_cv fold=3 epoch=70/149 train_loss=0.139989 val_bce=0.733984 best=N best_epoch=0 asd_mass=(0.5412,0.4588) hc_mass=(0.5000,0.5000) delta_l2=(0.664662,0.662685) epoch_seconds=0.35
CHECKPOINT_LATEST repeat=4 scope=internal_cv fold=3 phase=crsm_corrected epoch=80 path=/data/adodas/VarCoNet-V2-main/xiaolunwen/experiment1c/checkpoints/worker_r4_latest.pt
[CRSM_CORRECTED] repeat=4 scope=internal_cv fold=3 epoch=80/149 train_loss=0.135579 val_bce=0.752963 best=N best_epoch=0 asd_mass=(0.5487,0.4513) hc_mass=(0.5000,0.5000) delta_l2=(0.721984,0.720012) epoch_seconds=0.71
CHECKPOINT_LATEST repeat=4 scope=internal_cv fold=3 phase=crsm_corrected epoch=90 path=/data/adodas/VarCoNet-V2-main/xiaolunwen/experiment1c/checkpoints/worker_r4_latest.pt
[CRSM_CORRECTED] repeat=4 scope=internal_cv fold=3 epoch=90/149 train_loss=0.132100 val_bce=0.771726 best=N best_epoch=0 asd_mass=(0.5548,0.4452) hc_mass=(0.5000,0.5000) delta_l2=(0.773660,0.772269) epoch_seconds=0.49
CHECKPOINT_LATEST repeat=4 scope=internal_cv fold=3 phase=crsm_corrected epoch=100 path=/data/adodas/VarCoNet-V2-main/xiaolunwen/experiment1c/checkpoints/worker_r4_latest.pt
[CRSM_CORRECTED] repeat=4 scope=internal_cv fold=3 epoch=100/149 train_loss=0.129320 val_bce=0.789949 best=N best_epoch=0 asd_mass=(0.5596,0.4404) hc_mass=(0.5000,0.5000) delta_l2=(0.820603,0.820339) epoch_seconds=0.74
CHECKPOINT_LATEST repeat=4 scope=internal_cv fold=3 phase=crsm_corrected epoch=110 path=/data/adodas/VarCoNet-V2-main/xiaolunwen/experiment1c/checkpoints/worker_r4_latest.pt
[CRSM_CORRECTED] repeat=4 scope=internal_cv fold=3 epoch=110/149 train_loss=0.127080 val_bce=0.807530 best=N best_epoch=0 asd_mass=(0.5635,0.4365) hc_mass=(0.5000,0.5000) delta_l2=(0.863517,0.864759) epoch_seconds=1.23
CHECKPOINT_LATEST repeat=4 scope=internal_cv fold=3 phase=crsm_corrected epoch=120 path=/data/adodas/VarCoNet-V2-main/xiaolunwen/experiment1c/checkpoints/worker_r4_latest.pt
[CRSM_CORRECTED] repeat=4 scope=internal_cv fold=3 epoch=120/149 train_loss=0.125262 val_bce=0.824426 best=N best_epoch=0 asd_mass=(0.5666,0.4334) hc_mass=(0.5000,0.5000) delta_l2=(0.902945,0.905891) epoch_seconds=0.88
CHECKPOINT_LATEST repeat=4 scope=internal_cv fold=3 phase=crsm_corrected epoch=130 path=/data/adodas/VarCoNet-V2-main/xiaolunwen/experiment1c/checkpoints/worker_r4_latest.pt
[CRSM_CORRECTED] repeat=4 scope=internal_cv fold=3 epoch=130/149 train_loss=0.123776 val_bce=0.840613 best=N best_epoch=0 asd_mass=(0.5692,0.4308) hc_mass=(0.5000,0.5000) delta_l2=(0.939319,0.944023) epoch_seconds=0.30
CHECKPOINT_LATEST repeat=4 scope=internal_cv fold=3 phase=crsm_corrected epoch=140 path=/data/adodas/VarCoNet-V2-main/xiaolunwen/experiment1c/checkpoints/worker_r4_latest.pt
[CRSM_CORRECTED] repeat=4 scope=internal_cv fold=3 epoch=140/149 train_loss=0.122552 val_bce=0.856101 best=N best_epoch=0 asd_mass=(0.5713,0.4287) hc_mass=(0.5000,0.5000) delta_l2=(0.972998,0.979414) epoch_seconds=0.47
CHECKPOINT_LATEST repeat=4 scope=internal_cv fold=3 phase=crsm_corrected epoch=149 path=/data/adodas/VarCoNet-V2-main/xiaolunwen/experiment1c/checkpoints/worker_r4_latest.pt
[CRSM_CORRECTED] repeat=4 scope=internal_cv fold=3 epoch=149/149 train_loss=0.121628 val_bce=0.869443 best=N best_epoch=0 asd_mass=(0.5730,0.4270) hc_mass=(0.5000,0.5000) delta_l2=(1.001263,1.009130) epoch_seconds=0.51
[SNDE_NORMATIVE] repeat=4 scope=internal_cv fold=3 n_unique_asd=357 n_unique_hc=317 roi_dim=384 std_floor=0.0014208616 pc1_explained_fraction=0.185485 hc_score_mean_before_norm=-2.40675e-08 hc_score_std_before_norm=7.0194 asd_positive_fraction=0.1148 asd_negative_fraction=0.0028 asd_generalist_fraction=0.8824 hc_positive_fraction=0.0820 hc_negative_fraction=0.0032 hc_generalist_fraction=0.9148
[SNDE_ZERO_BASELINE] repeat=4 scope=internal_cv fold=3 epoch=0 exact_zero=Y val_bce=0.617755 probability_max_abs=5.96e-08
CHECKPOINT_BEST repeat=4 scope=internal_cv fold=3 phase=snde epoch=0 path=/data/adodas/VarCoNet-V2-main/xiaolunwen/experiment1c/checkpoints/worker_r4_best.pt
CHECKPOINT_LATEST repeat=4 scope=internal_cv fold=3 phase=snde epoch=0 path=/data/adodas/VarCoNet-V2-main/xiaolunwen/experiment1c/checkpoints/worker_r4_latest.pt
CHECKPOINT_BEST repeat=4 scope=internal_cv fold=3 phase=snde epoch=4 path=/data/adodas/VarCoNet-V2-main/xiaolunwen/experiment1c/checkpoints/worker_r4_best.pt
CHECKPOINT_LATEST repeat=4 scope=internal_cv fold=3 phase=snde epoch=4 path=/data/adodas/VarCoNet-V2-main/xiaolunwen/experiment1c/checkpoints/worker_r4_latest.pt
[SNDE] repeat=4 scope=internal_cv fold=3 epoch=4/149 train_bce=0.268481 val_bce=0.614345 best=Y best_epoch=4 asd_gate=(+0.115,-0.003,g0.882) hc_gate=(+0.082,-0.003,g0.915) pos_weight_l2=0.052079 neg_weight_l2=0.077694 mean_abs_pos_correction=0.059811 mean_abs_neg_correction=0.000445 elapsed_seconds=0.85
CHECKPOINT_BEST repeat=4 scope=internal_cv fold=3 phase=snde epoch=5 path=/data/adodas/VarCoNet-V2-main/xiaolunwen/experiment1c/checkpoints/worker_r4_best.pt
CHECKPOINT_LATEST repeat=4 scope=internal_cv fold=3 phase=snde epoch=5 path=/data/adodas/VarCoNet-V2-main/xiaolunwen/experiment1c/checkpoints/worker_r4_latest.pt
[SNDE] repeat=4 scope=internal_cv fold=3 epoch=5/149 train_bce=0.267768 val_bce=0.612209 best=Y best_epoch=5 asd_gate=(+0.115,-0.003,g0.882) hc_gate=(+0.082,-0.003,g0.915) pos_weight_l2=0.061496 neg_weight_l2=0.096725 mean_abs_pos_correction=0.072419 mean_abs_neg_correction=0.000553 elapsed_seconds=1.50
CHECKPOINT_BEST repeat=4 scope=internal_cv fold=3 phase=snde epoch=6 path=/data/adodas/VarCoNet-V2-main/xiaolunwen/experiment1c/checkpoints/worker_r4_best.pt
CHECKPOINT_LATEST repeat=4 scope=internal_cv fold=3 phase=snde epoch=6 path=/data/adodas/VarCoNet-V2-main/xiaolunwen/experiment1c/checkpoints/worker_r4_latest.pt
[SNDE] repeat=4 scope=internal_cv fold=3 epoch=6/149 train_bce=0.267082 val_bce=0.610822 best=Y best_epoch=6 asd_gate=(+0.115,-0.003,g0.882) hc_gate=(+0.082,-0.003,g0.915) pos_weight_l2=0.070483 neg_weight_l2=0.115509 mean_abs_pos_correction=0.088419 mean_abs_neg_correction=0.000659 elapsed_seconds=1.23
CHECKPOINT_BEST repeat=4 scope=internal_cv fold=3 phase=snde epoch=7 path=/data/adodas/VarCoNet-V2-main/xiaolunwen/experiment1c/checkpoints/worker_r4_best.pt
CHECKPOINT_LATEST repeat=4 scope=internal_cv fold=3 phase=snde epoch=7 path=/data/adodas/VarCoNet-V2-main/xiaolunwen/experiment1c/checkpoints/worker_r4_latest.pt
[SNDE] repeat=4 scope=internal_cv fold=3 epoch=7/149 train_bce=0.266430 val_bce=0.610539 best=Y best_epoch=7 asd_gate=(+0.115,-0.003,g0.882) hc_gate=(+0.082,-0.003,g0.915) pos_weight_l2=0.079152 neg_weight_l2=0.134030 mean_abs_pos_correction=0.104909 mean_abs_neg_correction=0.000762 elapsed_seconds=1.12
CHECKPOINT_BEST repeat=4 scope=internal_cv fold=3 phase=snde epoch=9 path=/data/adodas/VarCoNet-V2-main/xiaolunwen/experiment1c/checkpoints/worker_r4_best.pt
CHECKPOINT_LATEST repeat=4 scope=internal_cv fold=3 phase=snde epoch=9 path=/data/adodas/VarCoNet-V2-main/xiaolunwen/experiment1c/checkpoints/worker_r4_latest.pt
[SNDE] repeat=4 scope=internal_cv fold=3 epoch=9/149 train_bce=0.265525 val_bce=0.610412 best=Y best_epoch=9 asd_gate=(+0.115,-0.003,g0.882) hc_gate=(+0.082,-0.003,g0.915) pos_weight_l2=0.095577 neg_weight_l2=0.170259 mean_abs_pos_correction=0.131788 mean_abs_neg_correction=0.000959 elapsed_seconds=1.43
CHECKPOINT_BEST repeat=4 scope=internal_cv fold=3 phase=snde epoch=10 path=/data/adodas/VarCoNet-V2-main/xiaolunwen/experiment1c/checkpoints/worker_r4_best.pt
CHECKPOINT_LATEST repeat=4 scope=internal_cv fold=3 phase=snde epoch=10 path=/data/adodas/VarCoNet-V2-main/xiaolunwen/experiment1c/checkpoints/worker_r4_latest.pt
[SNDE] repeat=4 scope=internal_cv fold=3 epoch=10/149 train_bce=0.265167 val_bce=0.609244 best=Y best_epoch=10 asd_gate=(+0.115,-0.003,g0.882) hc_gate=(+0.082,-0.003,g0.915) pos_weight_l2=0.103315 neg_weight_l2=0.187952 mean_abs_pos_correction=0.140938 mean_abs_neg_correction=0.001053 elapsed_seconds=1.22
CHECKPOINT_BEST repeat=4 scope=internal_cv fold=3 phase=snde epoch=11 path=/data/adodas/VarCoNet-V2-main/xiaolunwen/experiment1c/checkpoints/worker_r4_best.pt
CHECKPOINT_LATEST repeat=4 scope=internal_cv fold=3 phase=snde epoch=11 path=/data/adodas/VarCoNet-V2-main/xiaolunwen/experiment1c/checkpoints/worker_r4_latest.pt
[SNDE] repeat=4 scope=internal_cv fold=3 epoch=11/149 train_bce=0.264815 val_bce=0.607440 best=Y best_epoch=11 asd_gate=(+0.115,-0.003,g0.882) hc_gate=(+0.082,-0.003,g0.915) pos_weight_l2=0.110765 neg_weight_l2=0.205351 mean_abs_pos_correction=0.147569 mean_abs_neg_correction=0.001144 elapsed_seconds=1.37
CHECKPOINT_BEST repeat=4 scope=internal_cv fold=3 phase=snde epoch=12 path=/data/adodas/VarCoNet-V2-main/xiaolunwen/experiment1c/checkpoints/worker_r4_best.pt
CHECKPOINT_LATEST repeat=4 scope=internal_cv fold=3 phase=snde epoch=12 path=/data/adodas/VarCoNet-V2-main/xiaolunwen/experiment1c/checkpoints/worker_r4_latest.pt
[SNDE] repeat=4 scope=internal_cv fold=3 epoch=12/149 train_bce=0.264471 val_bce=0.605532 best=Y best_epoch=12 asd_gate=(+0.115,-0.003,g0.882) hc_gate=(+0.082,-0.003,g0.915) pos_weight_l2=0.117968 neg_weight_l2=0.222445 mean_abs_pos_correction=0.152388 mean_abs_neg_correction=0.001231 elapsed_seconds=1.66
CHECKPOINT_BEST repeat=4 scope=internal_cv fold=3 phase=snde epoch=13 path=/data/adodas/VarCoNet-V2-main/xiaolunwen/experiment1c/checkpoints/worker_r4_best.pt
CHECKPOINT_LATEST repeat=4 scope=internal_cv fold=3 phase=snde epoch=13 path=/data/adodas/VarCoNet-V2-main/xiaolunwen/experiment1c/checkpoints/worker_r4_latest.pt
[SNDE] repeat=4 scope=internal_cv fold=3 epoch=13/149 train_bce=0.264146 val_bce=0.604034 best=Y best_epoch=13 asd_gate=(+0.115,-0.003,g0.882) hc_gate=(+0.082,-0.003,g0.915) pos_weight_l2=0.124957 neg_weight_l2=0.239226 mean_abs_pos_correction=0.156476 mean_abs_neg_correction=0.001314 elapsed_seconds=1.52
CHECKPOINT_BEST repeat=4 scope=internal_cv fold=3 phase=snde epoch=14 path=/data/adodas/VarCoNet-V2-main/xiaolunwen/experiment1c/checkpoints/worker_r4_best.pt
CHECKPOINT_LATEST repeat=4 scope=internal_cv fold=3 phase=snde epoch=14 path=/data/adodas/VarCoNet-V2-main/xiaolunwen/experiment1c/checkpoints/worker_r4_latest.pt
[SNDE] repeat=4 scope=internal_cv fold=3 epoch=14/149 train_bce=0.263848 val_bce=0.603250 best=Y best_epoch=14 asd_gate=(+0.115,-0.003,g0.882) hc_gate=(+0.082,-0.003,g0.915) pos_weight_l2=0.131757 neg_weight_l2=0.255688 mean_abs_pos_correction=0.160158 mean_abs_neg_correction=0.001393 elapsed_seconds=1.62
CHECKPOINT_BEST repeat=4 scope=internal_cv fold=3 phase=snde epoch=15 path=/data/adodas/VarCoNet-V2-main/xiaolunwen/experiment1c/checkpoints/worker_r4_best.pt
CHECKPOINT_LATEST repeat=4 scope=internal_cv fold=3 phase=snde epoch=15 path=/data/adodas/VarCoNet-V2-main/xiaolunwen/experiment1c/checkpoints/worker_r4_latest.pt
[SNDE] repeat=4 scope=internal_cv fold=3 epoch=15/149 train_bce=0.263580 val_bce=0.603175 best=Y best_epoch=15 asd_gate=(+0.115,-0.003,g0.882) hc_gate=(+0.082,-0.003,g0.915) pos_weight_l2=0.138384 neg_weight_l2=0.271827 mean_abs_pos_correction=0.163775 mean_abs_neg_correction=0.001469 elapsed_seconds=1.50
CHECKPOINT_LATEST repeat=4 scope=internal_cv fold=3 phase=snde epoch=20 path=/data/adodas/VarCoNet-V2-main/xiaolunwen/experiment1c/checkpoints/worker_r4_latest.pt
[SNDE] repeat=4 scope=internal_cv fold=3 epoch=20/149 train_bce=0.262463 val_bce=0.603365 best=N best_epoch=15 asd_gate=(+0.115,-0.003,g0.882) hc_gate=(+0.082,-0.003,g0.915) pos_weight_l2=0.169187 neg_weight_l2=0.347722 mean_abs_pos_correction=0.187492 mean_abs_neg_correction=0.001809 elapsed_seconds=1.24
CHECKPOINT_BEST repeat=4 scope=internal_cv fold=3 phase=snde epoch=21 path=/data/adodas/VarCoNet-V2-main/xiaolunwen/experiment1c/checkpoints/worker_r4_best.pt
CHECKPOINT_LATEST repeat=4 scope=internal_cv fold=3 phase=snde epoch=21 path=/data/adodas/VarCoNet-V2-main/xiaolunwen/experiment1c/checkpoints/worker_r4_latest.pt
[SNDE] repeat=4 scope=internal_cv fold=3 epoch=21/149 train_bce=0.262264 val_bce=0.602809 best=Y best_epoch=21 asd_gate=(+0.115,-0.003,g0.882) hc_gate=(+0.082,-0.003,g0.915) pos_weight_l2=0.174946 neg_weight_l2=0.361985 mean_abs_pos_correction=0.192747 mean_abs_neg_correction=0.001884 elapsed_seconds=3.15
CHECKPOINT_BEST repeat=4 scope=internal_cv fold=3 phase=snde epoch=22 path=/data/adodas/VarCoNet-V2-main/xiaolunwen/experiment1c/checkpoints/worker_r4_best.pt
CHECKPOINT_LATEST repeat=4 scope=internal_cv fold=3 phase=snde epoch=22 path=/data/adodas/VarCoNet-V2-main/xiaolunwen/experiment1c/checkpoints/worker_r4_latest.pt
[SNDE] repeat=4 scope=internal_cv fold=3 epoch=22/149 train_bce=0.262077 val_bce=0.602256 best=Y best_epoch=22 asd_gate=(+0.115,-0.003,g0.882) hc_gate=(+0.082,-0.003,g0.915) pos_weight_l2=0.180590 neg_weight_l2=0.375965 mean_abs_pos_correction=0.197693 mean_abs_neg_correction=0.001957 elapsed_seconds=1.79
CHECKPOINT_BEST repeat=4 scope=internal_cv fold=3 phase=snde epoch=23 path=/data/adodas/VarCoNet-V2-main/xiaolunwen/experiment1c/checkpoints/worker_r4_best.pt
CHECKPOINT_LATEST repeat=4 scope=internal_cv fold=3 phase=snde epoch=23 path=/data/adodas/VarCoNet-V2-main/xiaolunwen/experiment1c/checkpoints/worker_r4_latest.pt
[SNDE] repeat=4 scope=internal_cv fold=3 epoch=23/149 train_bce=0.261900 val_bce=0.601782 best=Y best_epoch=23 asd_gate=(+0.115,-0.003,g0.882) hc_gate=(+0.082,-0.003,g0.915) pos_weight_l2=0.186127 neg_weight_l2=0.389675 mean_abs_pos_correction=0.202193 mean_abs_neg_correction=0.002028 elapsed_seconds=1.24
CHECKPOINT_BEST repeat=4 scope=internal_cv fold=3 phase=snde epoch=24 path=/data/adodas/VarCoNet-V2-main/xiaolunwen/experiment1c/checkpoints/worker_r4_best.pt
CHECKPOINT_LATEST repeat=4 scope=internal_cv fold=3 phase=snde epoch=24 path=/data/adodas/VarCoNet-V2-main/xiaolunwen/experiment1c/checkpoints/worker_r4_latest.pt
[SNDE] repeat=4 scope=internal_cv fold=3 epoch=24/149 train_bce=0.261732 val_bce=0.601436 best=Y best_epoch=24 asd_gate=(+0.115,-0.003,g0.882) hc_gate=(+0.082,-0.003,g0.915) pos_weight_l2=0.191561 neg_weight_l2=0.403128 mean_abs_pos_correction=0.206163 mean_abs_neg_correction=0.002097 elapsed_seconds=1.34
CHECKPOINT_BEST repeat=4 scope=internal_cv fold=3 phase=snde epoch=25 path=/data/adodas/VarCoNet-V2-main/xiaolunwen/experiment1c/checkpoints/worker_r4_best.pt
CHECKPOINT_LATEST repeat=4 scope=internal_cv fold=3 phase=snde epoch=25 path=/data/adodas/VarCoNet-V2-main/xiaolunwen/experiment1c/checkpoints/worker_r4_latest.pt
[SNDE] repeat=4 scope=internal_cv fold=3 epoch=25/149 train_bce=0.261571 val_bce=0.601250 best=Y best_epoch=25 asd_gate=(+0.115,-0.003,g0.882) hc_gate=(+0.082,-0.003,g0.915) pos_weight_l2=0.196896 neg_weight_l2=0.416339 mean_abs_pos_correction=0.209551 mean_abs_neg_correction=0.002165 elapsed_seconds=1.41
CHECKPOINT_LATEST repeat=4 scope=internal_cv fold=3 phase=snde epoch=30 path=/data/adodas/VarCoNet-V2-main/xiaolunwen/experiment1c/checkpoints/worker_r4_latest.pt
[SNDE] repeat=4 scope=internal_cv fold=3 epoch=30/149 train_bce=0.260847 val_bce=0.603439 best=N best_epoch=25 asd_gate=(+0.115,-0.003,g0.882) hc_gate=(+0.082,-0.003,g0.915) pos_weight_l2=0.222266 neg_weight_l2=0.479235 mean_abs_pos_correction=0.220000 mean_abs_neg_correction=0.002479 elapsed_seconds=0.71
CHECKPOINT_LATEST repeat=4 scope=internal_cv fold=3 phase=snde epoch=40 path=/data/adodas/VarCoNet-V2-main/xiaolunwen/experiment1c/checkpoints/worker_r4_latest.pt
[SNDE] repeat=4 scope=internal_cv fold=3 epoch=40/149 train_bce=0.259749 val_bce=0.608548 best=N best_epoch=25 asd_gate=(+0.115,-0.003,g0.882) hc_gate=(+0.082,-0.003,g0.915) pos_weight_l2=0.268033 neg_weight_l2=0.594055 mean_abs_pos_correction=0.236277 mean_abs_neg_correction=0.003006 elapsed_seconds=0.66
CHECKPOINT_LATEST repeat=4 scope=internal_cv fold=3 phase=snde epoch=50 path=/data/adodas/VarCoNet-V2-main/xiaolunwen/experiment1c/checkpoints/worker_r4_latest.pt
[SNDE] repeat=4 scope=internal_cv fold=3 epoch=50/149 train_bce=0.258943 val_bce=0.612144 best=N best_epoch=25 asd_gate=(+0.115,-0.003,g0.882) hc_gate=(+0.082,-0.003,g0.915) pos_weight_l2=0.309057 neg_weight_l2=0.700754 mean_abs_pos_correction=0.251522 mean_abs_neg_correction=0.003442 elapsed_seconds=0.80
CHECKPOINT_LATEST repeat=4 scope=internal_cv fold=3 phase=snde epoch=60 path=/data/adodas/VarCoNet-V2-main/xiaolunwen/experiment1c/checkpoints/worker_r4_latest.pt
[SNDE] repeat=4 scope=internal_cv fold=3 epoch=60/149 train_bce=0.258319 val_bce=0.616694 best=N best_epoch=25 asd_gate=(+0.115,-0.003,g0.882) hc_gate=(+0.082,-0.003,g0.915) pos_weight_l2=0.346822 neg_weight_l2=0.802325 mean_abs_pos_correction=0.264523 mean_abs_neg_correction=0.003828 elapsed_seconds=0.52
CHECKPOINT_LATEST repeat=4 scope=internal_cv fold=3 phase=snde epoch=70 path=/data/adodas/VarCoNet-V2-main/xiaolunwen/experiment1c/checkpoints/worker_r4_latest.pt
[SNDE] repeat=4 scope=internal_cv fold=3 epoch=70/149 train_bce=0.257819 val_bce=0.620239 best=N best_epoch=25 asd_gate=(+0.115,-0.003,g0.882) hc_gate=(+0.082,-0.003,g0.915) pos_weight_l2=0.382203 neg_weight_l2=0.899082 mean_abs_pos_correction=0.277363 mean_abs_neg_correction=0.004186 elapsed_seconds=0.58
CHECKPOINT_LATEST repeat=4 scope=internal_cv fold=3 phase=snde epoch=80 path=/data/adodas/VarCoNet-V2-main/xiaolunwen/experiment1c/checkpoints/worker_r4_latest.pt
[SNDE] repeat=4 scope=internal_cv fold=3 epoch=80/149 train_bce=0.257406 val_bce=0.623026 best=N best_epoch=25 asd_gate=(+0.115,-0.003,g0.882) hc_gate=(+0.082,-0.003,g0.915) pos_weight_l2=0.415687 neg_weight_l2=0.990807 mean_abs_pos_correction=0.289542 mean_abs_neg_correction=0.004525 elapsed_seconds=0.86
CHECKPOINT_LATEST repeat=4 scope=internal_cv fold=3 phase=snde epoch=90 path=/data/adodas/VarCoNet-V2-main/xiaolunwen/experiment1c/checkpoints/worker_r4_latest.pt
[SNDE] repeat=4 scope=internal_cv fold=3 epoch=90/149 train_bce=0.257059 val_bce=0.624690 best=N best_epoch=25 asd_gate=(+0.115,-0.003,g0.882) hc_gate=(+0.082,-0.003,g0.915) pos_weight_l2=0.447528 neg_weight_l2=1.077479 mean_abs_pos_correction=0.301861 mean_abs_neg_correction=0.004848 elapsed_seconds=0.73
CHECKPOINT_LATEST repeat=4 scope=internal_cv fold=3 phase=snde epoch=100 path=/data/adodas/VarCoNet-V2-main/xiaolunwen/experiment1c/checkpoints/worker_r4_latest.pt
[SNDE] repeat=4 scope=internal_cv fold=3 epoch=100/149 train_bce=0.256762 val_bce=0.625988 best=N best_epoch=25 asd_gate=(+0.115,-0.003,g0.882) hc_gate=(+0.082,-0.003,g0.915) pos_weight_l2=0.477890 neg_weight_l2=1.159319 mean_abs_pos_correction=0.314334 mean_abs_neg_correction=0.005154 elapsed_seconds=0.73
CHECKPOINT_LATEST repeat=4 scope=internal_cv fold=3 phase=snde epoch=110 path=/data/adodas/VarCoNet-V2-main/xiaolunwen/experiment1c/checkpoints/worker_r4_latest.pt
[SNDE] repeat=4 scope=internal_cv fold=3 epoch=110/149 train_bce=0.256507 val_bce=0.627657 best=N best_epoch=25 asd_gate=(+0.115,-0.003,g0.882) hc_gate=(+0.082,-0.003,g0.915) pos_weight_l2=0.506935 neg_weight_l2=1.236674 mean_abs_pos_correction=0.326118 mean_abs_neg_correction=0.005444 elapsed_seconds=0.65
CHECKPOINT_LATEST repeat=4 scope=internal_cv fold=3 phase=snde epoch=120 path=/data/adodas/VarCoNet-V2-main/xiaolunwen/experiment1c/checkpoints/worker_r4_latest.pt
[SNDE] repeat=4 scope=internal_cv fold=3 epoch=120/149 train_bce=0.256285 val_bce=0.629057 best=N best_epoch=25 asd_gate=(+0.115,-0.003,g0.882) hc_gate=(+0.082,-0.003,g0.915) pos_weight_l2=0.534781 neg_weight_l2=1.309932 mean_abs_pos_correction=0.337521 mean_abs_neg_correction=0.005719 elapsed_seconds=0.61
CHECKPOINT_LATEST repeat=4 scope=internal_cv fold=3 phase=snde epoch=130 path=/data/adodas/VarCoNet-V2-main/xiaolunwen/experiment1c/checkpoints/worker_r4_latest.pt
[SNDE] repeat=4 scope=internal_cv fold=3 epoch=130/149 train_bce=0.256091 val_bce=0.630598 best=N best_epoch=25 asd_gate=(+0.115,-0.003,g0.882) hc_gate=(+0.082,-0.003,g0.915) pos_weight_l2=0.561512 neg_weight_l2=1.379465 mean_abs_pos_correction=0.348235 mean_abs_neg_correction=0.005978 elapsed_seconds=0.68
CHECKPOINT_LATEST repeat=4 scope=internal_cv fold=3 phase=snde epoch=140 path=/data/adodas/VarCoNet-V2-main/xiaolunwen/experiment1c/checkpoints/worker_r4_latest.pt
[SNDE] repeat=4 scope=internal_cv fold=3 epoch=140/149 train_bce=0.255920 val_bce=0.632117 best=N best_epoch=25 asd_gate=(+0.115,-0.003,g0.882) hc_gate=(+0.082,-0.003,g0.915) pos_weight_l2=0.587195 neg_weight_l2=1.445613 mean_abs_pos_correction=0.358562 mean_abs_neg_correction=0.006224 elapsed_seconds=0.73
CHECKPOINT_LATEST repeat=4 scope=internal_cv fold=3 phase=snde epoch=149 path=/data/adodas/VarCoNet-V2-main/xiaolunwen/experiment1c/checkpoints/worker_r4_latest.pt
[SNDE] repeat=4 scope=internal_cv fold=3 epoch=149/149 train_bce=0.255782 val_bce=0.633609 best=N best_epoch=25 asd_gate=(+0.115,-0.003,g0.882) hc_gate=(+0.082,-0.003,g0.915) pos_weight_l2=0.609469 neg_weight_l2=1.502500 mean_abs_pos_correction=0.367482 mean_abs_neg_correction=0.006436 elapsed_seconds=0.49
TASK_TRAINING_DONE repeat=4 scope=internal_cv fold=3 base_encoder_epoch=45 base_classifier_epoch=28 base_val_bce=0.617755 crsm_epoch=0 crsm_val_bce=0.617755 snde_epoch=25 snde_val_bce=0.601250 elapsed_minutes=4.9
TASK_DONE repeat=4 scope=internal_fold fold=3 method=baseline selected_encoder_epoch=45 test_auc=0.737578 test_bce=0.617115 elapsed_minutes=4.9
TASK_DONE repeat=4 scope=internal_fold fold=3 method=crsm_corrected selected_encoder_epoch=45 test_auc=0.737578 test_bce=0.617115 elapsed_minutes=4.9
TASK_DONE repeat=4 scope=internal_fold fold=3 method=selective_normative_deviation_experts selected_encoder_epoch=45 test_auc=0.739130 test_bce=0.616491 elapsed_minutes=4.9
TASK_START repeat=4 scope=internal_cv fold=4 seed=100404 device=cuda:0 methods=baseline,crsm_corrected,selective_normative_deviation_experts shared_encoder=Y reference_unique_n=674 train_n=750 val_n=120
CHECKPOINT_BEST repeat=4 scope=internal_cv fold=4 phase=ssl epoch=1 path=/data/adodas/VarCoNet-V2-main/xiaolunwen/experiment1c/checkpoints/worker_r4_best.pt
[SSL] repeat=4 scope=internal_cv fold=4 epoch=1/50 ssl_loss=0.092412 lr=0.000024107 base_val_bce=0.658044 base_best=Y base_cls_epoch=32 epoch_seconds=4.9 task_elapsed_minutes=0.1 gpu_alloc_gb=0.318 gpu_reserved_gb=1.744
CHECKPOINT_BEST repeat=4 scope=internal_cv fold=4 phase=ssl epoch=2 path=/data/adodas/VarCoNet-V2-main/xiaolunwen/experiment1c/checkpoints/worker_r4_best.pt
[SSL] repeat=4 scope=internal_cv fold=4 epoch=2/50 ssl_loss=0.092988 lr=0.000038214 base_val_bce=0.655758 base_best=Y base_cls_epoch=19 epoch_seconds=4.6 task_elapsed_minutes=0.2 gpu_alloc_gb=0.317 gpu_reserved_gb=2.008
[SSL] repeat=4 scope=internal_cv fold=4 epoch=3/50 ssl_loss=0.110821 lr=0.000052321 base_val_bce=0.657372 base_best=N base_cls_epoch=27 epoch_seconds=3.6 task_elapsed_minutes=0.2 gpu_alloc_gb=0.318 gpu_reserved_gb=1.744
[SSL] repeat=4 scope=internal_cv fold=4 epoch=4/50 ssl_loss=0.099342 lr=0.000066427 base_val_bce=0.660535 base_best=N base_cls_epoch=22 epoch_seconds=3.8 task_elapsed_minutes=0.3 gpu_alloc_gb=0.317 gpu_reserved_gb=2.008
[SSL] repeat=4 scope=internal_cv fold=4 epoch=5/50 ssl_loss=0.075241 lr=0.000080534 base_val_bce=0.657110 base_best=N base_cls_epoch=23 epoch_seconds=3.7 task_elapsed_minutes=0.3 gpu_alloc_gb=0.318 gpu_reserved_gb=1.744
[SSL] repeat=4 scope=internal_cv fold=4 epoch=6/50 ssl_loss=0.074032 lr=0.000094641 base_val_bce=0.665348 base_best=N base_cls_epoch=25 epoch_seconds=3.7 task_elapsed_minutes=0.4 gpu_alloc_gb=0.317 gpu_reserved_gb=2.008
[SSL] repeat=4 scope=internal_cv fold=4 epoch=7/50 ssl_loss=0.058704 lr=0.000108748 base_val_bce=0.656835 base_best=N base_cls_epoch=13 epoch_seconds=3.1 task_elapsed_minutes=0.5 gpu_alloc_gb=0.318 gpu_reserved_gb=1.744
[SSL] repeat=4 scope=internal_cv fold=4 epoch=8/50 ssl_loss=0.056899 lr=0.000122855 base_val_bce=0.660103 base_best=N base_cls_epoch=33 epoch_seconds=3.3 task_elapsed_minutes=0.5 gpu_alloc_gb=0.317 gpu_reserved_gb=2.008
[SSL] repeat=4 scope=internal_cv fold=4 epoch=9/50 ssl_loss=0.067214 lr=0.000136962 base_val_bce=0.658573 base_best=N base_cls_epoch=25 epoch_seconds=3.4 task_elapsed_minutes=0.6 gpu_alloc_gb=0.318 gpu_reserved_gb=1.744
CHECKPOINT_LATEST repeat=4 scope=internal_cv fold=4 phase=ssl epoch=10 path=/data/adodas/VarCoNet-V2-main/xiaolunwen/experiment1c/checkpoints/worker_r4_latest.pt
[SSL] repeat=4 scope=internal_cv fold=4 epoch=10/50 ssl_loss=0.055758 lr=0.000136962 base_val_bce=0.657836 base_best=N base_cls_epoch=27 epoch_seconds=4.0 task_elapsed_minutes=0.6 gpu_alloc_gb=0.317 gpu_reserved_gb=2.008
CHECKPOINT_BEST repeat=4 scope=internal_cv fold=4 phase=ssl epoch=11 path=/data/adodas/VarCoNet-V2-main/xiaolunwen/experiment1c/checkpoints/worker_r4_best.pt
[SSL] repeat=4 scope=internal_cv fold=4 epoch=11/50 ssl_loss=0.058164 lr=0.000136751 base_val_bce=0.648013 base_best=Y base_cls_epoch=34 epoch_seconds=4.8 task_elapsed_minutes=0.7 gpu_alloc_gb=0.318 gpu_reserved_gb=1.744
[SSL] repeat=4 scope=internal_cv fold=4 epoch=12/50 ssl_loss=0.050668 lr=0.000136119 base_val_bce=0.658592 base_best=N base_cls_epoch=35 epoch_seconds=3.7 task_elapsed_minutes=0.8 gpu_alloc_gb=0.317 gpu_reserved_gb=2.008
[SSL] repeat=4 scope=internal_cv fold=4 epoch=13/50 ssl_loss=0.058727 lr=0.000135070 base_val_bce=0.661242 base_best=N base_cls_epoch=38 epoch_seconds=3.3 task_elapsed_minutes=0.8 gpu_alloc_gb=0.318 gpu_reserved_gb=1.744
[SSL] repeat=4 scope=internal_cv fold=4 epoch=14/50 ssl_loss=0.054039 lr=0.000133610 base_val_bce=0.653637 base_best=N base_cls_epoch=35 epoch_seconds=3.7 task_elapsed_minutes=0.9 gpu_alloc_gb=0.317 gpu_reserved_gb=2.008
[SSL] repeat=4 scope=internal_cv fold=4 epoch=15/50 ssl_loss=0.052729 lr=0.000131749 base_val_bce=0.656941 base_best=N base_cls_epoch=32 epoch_seconds=5.1 task_elapsed_minutes=1.0 gpu_alloc_gb=0.318 gpu_reserved_gb=1.744
[SSL] repeat=4 scope=internal_cv fold=4 epoch=16/50 ssl_loss=0.049580 lr=0.000129498 base_val_bce=0.657655 base_best=N base_cls_epoch=36 epoch_seconds=5.9 task_elapsed_minutes=1.1 gpu_alloc_gb=0.317 gpu_reserved_gb=2.008
CHECKPOINT_BEST repeat=4 scope=internal_cv fold=4 phase=ssl epoch=17 path=/data/adodas/VarCoNet-V2-main/xiaolunwen/experiment1c/checkpoints/worker_r4_best.pt
[SSL] repeat=4 scope=internal_cv fold=4 epoch=17/50 ssl_loss=0.050761 lr=0.000126870 base_val_bce=0.638540 base_best=Y base_cls_epoch=28 epoch_seconds=4.5 task_elapsed_minutes=1.2 gpu_alloc_gb=0.318 gpu_reserved_gb=1.744
[SSL] repeat=4 scope=internal_cv fold=4 epoch=18/50 ssl_loss=0.059340 lr=0.000123883 base_val_bce=0.640846 base_best=N base_cls_epoch=32 epoch_seconds=3.8 task_elapsed_minutes=1.2 gpu_alloc_gb=0.317 gpu_reserved_gb=2.008
[SSL] repeat=4 scope=internal_cv fold=4 epoch=19/50 ssl_loss=0.047662 lr=0.000120554 base_val_bce=0.646741 base_best=N base_cls_epoch=36 epoch_seconds=3.8 task_elapsed_minutes=1.3 gpu_alloc_gb=0.318 gpu_reserved_gb=1.744
CHECKPOINT_LATEST repeat=4 scope=internal_cv fold=4 phase=ssl epoch=20 path=/data/adodas/VarCoNet-V2-main/xiaolunwen/experiment1c/checkpoints/worker_r4_latest.pt
[SSL] repeat=4 scope=internal_cv fold=4 epoch=20/50 ssl_loss=0.046206 lr=0.000116904 base_val_bce=0.652624 base_best=N base_cls_epoch=36 epoch_seconds=4.2 task_elapsed_minutes=1.4 gpu_alloc_gb=0.317 gpu_reserved_gb=2.008
[SSL] repeat=4 scope=internal_cv fold=4 epoch=21/50 ssl_loss=0.041707 lr=0.000112956 base_val_bce=0.652858 base_best=N base_cls_epoch=38 epoch_seconds=3.8 task_elapsed_minutes=1.4 gpu_alloc_gb=0.318 gpu_reserved_gb=1.744
[SSL] repeat=4 scope=internal_cv fold=4 epoch=22/50 ssl_loss=0.046582 lr=0.000108733 base_val_bce=0.640616 base_best=N base_cls_epoch=28 epoch_seconds=3.8 task_elapsed_minutes=1.5 gpu_alloc_gb=0.317 gpu_reserved_gb=2.008
[SSL] repeat=4 scope=internal_cv fold=4 epoch=23/50 ssl_loss=0.061363 lr=0.000104262 base_val_bce=0.652334 base_best=N base_cls_epoch=38 epoch_seconds=3.8 task_elapsed_minutes=1.6 gpu_alloc_gb=0.318 gpu_reserved_gb=1.744
[SSL] repeat=4 scope=internal_cv fold=4 epoch=24/50 ssl_loss=0.046884 lr=0.000099570 base_val_bce=0.644906 base_best=N base_cls_epoch=37 epoch_seconds=3.8 task_elapsed_minutes=1.6 gpu_alloc_gb=0.317 gpu_reserved_gb=2.008
[SSL] repeat=4 scope=internal_cv fold=4 epoch=25/50 ssl_loss=0.036884 lr=0.000094687 base_val_bce=0.649932 base_best=N base_cls_epoch=33 epoch_seconds=3.9 task_elapsed_minutes=1.7 gpu_alloc_gb=0.318 gpu_reserved_gb=1.744
[SSL] repeat=4 scope=internal_cv fold=4 epoch=26/50 ssl_loss=0.046951 lr=0.000089643 base_val_bce=0.656002 base_best=N base_cls_epoch=29 epoch_seconds=3.8 task_elapsed_minutes=1.7 gpu_alloc_gb=0.317 gpu_reserved_gb=2.008
[SSL] repeat=4 scope=internal_cv fold=4 epoch=27/50 ssl_loss=0.036888 lr=0.000084467 base_val_bce=0.656298 base_best=N base_cls_epoch=30 epoch_seconds=3.5 task_elapsed_minutes=1.8 gpu_alloc_gb=0.318 gpu_reserved_gb=1.744
[SSL] repeat=4 scope=internal_cv fold=4 epoch=28/50 ssl_loss=0.040397 lr=0.000079194 base_val_bce=0.645710 base_best=N base_cls_epoch=35 epoch_seconds=3.9 task_elapsed_minutes=1.9 gpu_alloc_gb=0.317 gpu_reserved_gb=2.008
[SSL] repeat=4 scope=internal_cv fold=4 epoch=29/50 ssl_loss=0.040780 lr=0.000073854 base_val_bce=0.655252 base_best=N base_cls_epoch=42 epoch_seconds=4.3 task_elapsed_minutes=1.9 gpu_alloc_gb=0.318 gpu_reserved_gb=1.744
CHECKPOINT_LATEST repeat=4 scope=internal_cv fold=4 phase=ssl epoch=30 path=/data/adodas/VarCoNet-V2-main/xiaolunwen/experiment1c/checkpoints/worker_r4_latest.pt
[SSL] repeat=4 scope=internal_cv fold=4 epoch=30/50 ssl_loss=0.044995 lr=0.000068481 base_val_bce=0.649176 base_best=N base_cls_epoch=31 epoch_seconds=4.8 task_elapsed_minutes=2.0 gpu_alloc_gb=0.317 gpu_reserved_gb=2.008
[SSL] repeat=4 scope=internal_cv fold=4 epoch=31/50 ssl_loss=0.050053 lr=0.000063108 base_val_bce=0.656404 base_best=N base_cls_epoch=32 epoch_seconds=3.7 task_elapsed_minutes=2.1 gpu_alloc_gb=0.318 gpu_reserved_gb=1.744
[SSL] repeat=4 scope=internal_cv fold=4 epoch=32/50 ssl_loss=0.048077 lr=0.000057768 base_val_bce=0.655491 base_best=N base_cls_epoch=31 epoch_seconds=3.9 task_elapsed_minutes=2.2 gpu_alloc_gb=0.317 gpu_reserved_gb=2.008
[SSL] repeat=4 scope=internal_cv fold=4 epoch=33/50 ssl_loss=0.039753 lr=0.000052494 base_val_bce=0.646875 base_best=N base_cls_epoch=30 epoch_seconds=3.8 task_elapsed_minutes=2.2 gpu_alloc_gb=0.318 gpu_reserved_gb=1.744
[SSL] repeat=4 scope=internal_cv fold=4 epoch=34/50 ssl_loss=0.038830 lr=0.000047319 base_val_bce=0.647164 base_best=N base_cls_epoch=27 epoch_seconds=3.8 task_elapsed_minutes=2.3 gpu_alloc_gb=0.317 gpu_reserved_gb=2.008
[SSL] repeat=4 scope=internal_cv fold=4 epoch=35/50 ssl_loss=0.053554 lr=0.000042274 base_val_bce=0.651918 base_best=N base_cls_epoch=40 epoch_seconds=3.8 task_elapsed_minutes=2.3 gpu_alloc_gb=0.318 gpu_reserved_gb=1.744
[SSL] repeat=4 scope=internal_cv fold=4 epoch=36/50 ssl_loss=0.038798 lr=0.000037391 base_val_bce=0.644399 base_best=N base_cls_epoch=39 epoch_seconds=3.7 task_elapsed_minutes=2.4 gpu_alloc_gb=0.317 gpu_reserved_gb=2.008
[SSL] repeat=4 scope=internal_cv fold=4 epoch=37/50 ssl_loss=0.030908 lr=0.000032700 base_val_bce=0.661233 base_best=N base_cls_epoch=30 epoch_seconds=3.8 task_elapsed_minutes=2.5 gpu_alloc_gb=0.318 gpu_reserved_gb=1.744
CHECKPOINT_BEST repeat=4 scope=internal_cv fold=4 phase=ssl epoch=38 path=/data/adodas/VarCoNet-V2-main/xiaolunwen/experiment1c/checkpoints/worker_r4_best.pt
[SSL] repeat=4 scope=internal_cv fold=4 epoch=38/50 ssl_loss=0.039115 lr=0.000028229 base_val_bce=0.635884 base_best=Y base_cls_epoch=29 epoch_seconds=4.2 task_elapsed_minutes=2.5 gpu_alloc_gb=0.317 gpu_reserved_gb=2.008
CHECKPOINT_BEST repeat=4 scope=internal_cv fold=4 phase=ssl epoch=39 path=/data/adodas/VarCoNet-V2-main/xiaolunwen/experiment1c/checkpoints/worker_r4_best.pt
[SSL] repeat=4 scope=internal_cv fold=4 epoch=39/50 ssl_loss=0.036371 lr=0.000024006 base_val_bce=0.632797 base_best=Y base_cls_epoch=31 epoch_seconds=4.2 task_elapsed_minutes=2.6 gpu_alloc_gb=0.318 gpu_reserved_gb=1.744
CHECKPOINT_LATEST repeat=4 scope=internal_cv fold=4 phase=ssl epoch=40 path=/data/adodas/VarCoNet-V2-main/xiaolunwen/experiment1c/checkpoints/worker_r4_latest.pt
[SSL] repeat=4 scope=internal_cv fold=4 epoch=40/50 ssl_loss=0.034813 lr=0.000020058 base_val_bce=0.636626 base_best=N base_cls_epoch=27 epoch_seconds=4.2 task_elapsed_minutes=2.7 gpu_alloc_gb=0.317 gpu_reserved_gb=2.008
[SSL] repeat=4 scope=internal_cv fold=4 epoch=41/50 ssl_loss=0.037066 lr=0.000016408 base_val_bce=0.643205 base_best=N base_cls_epoch=36 epoch_seconds=3.9 task_elapsed_minutes=2.7 gpu_alloc_gb=0.318 gpu_reserved_gb=1.744
[SSL] repeat=4 scope=internal_cv fold=4 epoch=42/50 ssl_loss=0.037930 lr=0.000013079 base_val_bce=0.641291 base_best=N base_cls_epoch=29 epoch_seconds=4.0 task_elapsed_minutes=2.8 gpu_alloc_gb=0.317 gpu_reserved_gb=2.008
CHECKPOINT_BEST repeat=4 scope=internal_cv fold=4 phase=ssl epoch=43 path=/data/adodas/VarCoNet-V2-main/xiaolunwen/experiment1c/checkpoints/worker_r4_best.pt
[SSL] repeat=4 scope=internal_cv fold=4 epoch=43/50 ssl_loss=0.040450 lr=0.000010091 base_val_bce=0.627053 base_best=Y base_cls_epoch=29 epoch_seconds=4.4 task_elapsed_minutes=2.9 gpu_alloc_gb=0.318 gpu_reserved_gb=1.744
[SSL] repeat=4 scope=internal_cv fold=4 epoch=44/50 ssl_loss=0.040410 lr=0.000007464 base_val_bce=0.656153 base_best=N base_cls_epoch=30 epoch_seconds=3.7 task_elapsed_minutes=2.9 gpu_alloc_gb=0.317 gpu_reserved_gb=2.008
[SSL] repeat=4 scope=internal_cv fold=4 epoch=45/50 ssl_loss=0.049309 lr=0.000005213 base_val_bce=0.647578 base_best=N base_cls_epoch=35 epoch_seconds=3.4 task_elapsed_minutes=3.0 gpu_alloc_gb=0.318 gpu_reserved_gb=1.744
[SSL] repeat=4 scope=internal_cv fold=4 epoch=46/50 ssl_loss=0.053011 lr=0.000003352 base_val_bce=0.657847 base_best=N base_cls_epoch=29 epoch_seconds=2.9 task_elapsed_minutes=3.1 gpu_alloc_gb=0.317 gpu_reserved_gb=2.008
[SSL] repeat=4 scope=internal_cv fold=4 epoch=47/50 ssl_loss=0.029064 lr=0.000001892 base_val_bce=0.640659 base_best=N base_cls_epoch=30 epoch_seconds=3.8 task_elapsed_minutes=3.1 gpu_alloc_gb=0.318 gpu_reserved_gb=1.744
[SSL] repeat=4 scope=internal_cv fold=4 epoch=48/50 ssl_loss=0.040645 lr=0.000000843 base_val_bce=0.655220 base_best=N base_cls_epoch=31 epoch_seconds=3.3 task_elapsed_minutes=3.2 gpu_alloc_gb=0.317 gpu_reserved_gb=2.008
[SSL] repeat=4 scope=internal_cv fold=4 epoch=49/50 ssl_loss=0.032573 lr=0.000000211 base_val_bce=0.653334 base_best=N base_cls_epoch=32 epoch_seconds=3.1 task_elapsed_minutes=3.2 gpu_alloc_gb=0.318 gpu_reserved_gb=1.744
CHECKPOINT_LATEST repeat=4 scope=internal_cv fold=4 phase=ssl epoch=50 path=/data/adodas/VarCoNet-V2-main/xiaolunwen/experiment1c/checkpoints/worker_r4_latest.pt
[SSL] repeat=4 scope=internal_cv fold=4 epoch=50/50 ssl_loss=0.037168 lr=0.000000000 base_val_bce=0.637648 base_best=N base_cls_epoch=30 epoch_seconds=3.8 task_elapsed_minutes=3.3 gpu_alloc_gb=0.317 gpu_reserved_gb=2.008
[CRSM_ZERO_BASELINE] repeat=4 scope=internal_cv fold=4 epoch=0 exact_zero=Y val_bce=0.627053 probability_max_abs=5.96e-08
CHECKPOINT_LATEST repeat=4 scope=internal_cv fold=4 phase=crsm_corrected epoch=0 path=/data/adodas/VarCoNet-V2-main/xiaolunwen/experiment1c/checkpoints/worker_r4_latest.pt
CHECKPOINT_BEST repeat=4 scope=internal_cv fold=4 phase=crsm_corrected epoch=0 path=/data/adodas/VarCoNet-V2-main/xiaolunwen/experiment1c/checkpoints/worker_r4_best.pt
CHECKPOINT_BEST repeat=4 scope=internal_cv fold=4 phase=crsm_corrected epoch=0 path=/data/adodas/VarCoNet-V2-main/xiaolunwen/experiment1c/checkpoints/worker_r4_best.pt
CHECKPOINT_LATEST repeat=4 scope=internal_cv fold=4 phase=crsm_corrected epoch=0 path=/data/adodas/VarCoNet-V2-main/xiaolunwen/experiment1c/checkpoints/worker_r4_latest.pt
[CRSM_SYMMETRY_START] repeat=4 scope=internal_cv fold=4 after_exact_zero=Y pca_unit_norm=1.00000000 pca_singular=151.535568 symmetry_scale=0.00176354684
CHECKPOINT_LATEST repeat=4 scope=internal_cv fold=4 phase=crsm_corrected epoch=10 path=/data/adodas/VarCoNet-V2-main/xiaolunwen/experiment1c/checkpoints/worker_r4_latest.pt
[CRSM_CORRECTED] repeat=4 scope=internal_cv fold=4 epoch=10/149 train_loss=0.241033 val_bce=0.637724 best=N best_epoch=0 asd_mass=(0.5034,0.4966) hc_mass=(0.5000,0.5000) delta_l2=(0.130964,0.130444) epoch_seconds=0.78
CHECKPOINT_LATEST repeat=4 scope=internal_cv fold=4 phase=crsm_corrected epoch=20 path=/data/adodas/VarCoNet-V2-main/xiaolunwen/experiment1c/checkpoints/worker_r4_latest.pt
[CRSM_CORRECTED] repeat=4 scope=internal_cv fold=4 epoch=20/149 train_loss=0.209304 val_bce=0.651647 best=N best_epoch=0 asd_mass=(0.5051,0.4949) hc_mass=(0.5000,0.5000) delta_l2=(0.250086,0.249585) epoch_seconds=0.51
CHECKPOINT_LATEST repeat=4 scope=internal_cv fold=4 phase=crsm_corrected epoch=30 path=/data/adodas/VarCoNet-V2-main/xiaolunwen/experiment1c/checkpoints/worker_r4_latest.pt
[CRSM_CORRECTED] repeat=4 scope=internal_cv fold=4 epoch=30/149 train_loss=0.187048 val_bce=0.667589 best=N best_epoch=0 asd_mass=(0.5078,0.4922) hc_mass=(0.5000,0.5000) delta_l2=(0.357078,0.356615) epoch_seconds=0.78
CHECKPOINT_LATEST repeat=4 scope=internal_cv fold=4 phase=crsm_corrected epoch=40 path=/data/adodas/VarCoNet-V2-main/xiaolunwen/experiment1c/checkpoints/worker_r4_latest.pt
[CRSM_CORRECTED] repeat=4 scope=internal_cv fold=4 epoch=40/149 train_loss=0.171221 val_bce=0.685825 best=N best_epoch=0 asd_mass=(0.5118,0.4882) hc_mass=(0.5000,0.5000) delta_l2=(0.452426,0.451972) epoch_seconds=1.05
CHECKPOINT_LATEST repeat=4 scope=internal_cv fold=4 phase=crsm_corrected epoch=50 path=/data/adodas/VarCoNet-V2-main/xiaolunwen/experiment1c/checkpoints/worker_r4_latest.pt
[CRSM_CORRECTED] repeat=4 scope=internal_cv fold=4 epoch=50/149 train_loss=0.159787 val_bce=0.705255 best=N best_epoch=0 asd_mass=(0.5173,0.4827) hc_mass=(0.5000,0.5000) delta_l2=(0.537305,0.536779) epoch_seconds=0.56
CHECKPOINT_LATEST repeat=4 scope=internal_cv fold=4 phase=crsm_corrected epoch=60 path=/data/adodas/VarCoNet-V2-main/xiaolunwen/experiment1c/checkpoints/worker_r4_latest.pt
[CRSM_CORRECTED] repeat=4 scope=internal_cv fold=4 epoch=60/149 train_loss=0.151341 val_bce=0.725313 best=N best_epoch=0 asd_mass=(0.5235,0.4765) hc_mass=(0.5000,0.5000) delta_l2=(0.612992,0.612315) epoch_seconds=0.33
CHECKPOINT_LATEST repeat=4 scope=internal_cv fold=4 phase=crsm_corrected epoch=70 path=/data/adodas/VarCoNet-V2-main/xiaolunwen/experiment1c/checkpoints/worker_r4_latest.pt
[CRSM_CORRECTED] repeat=4 scope=internal_cv fold=4 epoch=70/149 train_loss=0.144918 val_bce=0.745851 best=N best_epoch=0 asd_mass=(0.5291,0.4709) hc_mass=(0.5000,0.5000) delta_l2=(0.680768,0.679997) epoch_seconds=0.78
CHECKPOINT_LATEST repeat=4 scope=internal_cv fold=4 phase=crsm_corrected epoch=80 path=/data/adodas/VarCoNet-V2-main/xiaolunwen/experiment1c/checkpoints/worker_r4_latest.pt
[CRSM_CORRECTED] repeat=4 scope=internal_cv fold=4 epoch=80/149 train_loss=0.139893 val_bce=0.766604 best=N best_epoch=0 asd_mass=(0.5331,0.4669) hc_mass=(0.5000,0.5000) delta_l2=(0.741844,0.741286) epoch_seconds=0.64
CHECKPOINT_LATEST repeat=4 scope=internal_cv fold=4 phase=crsm_corrected epoch=90 path=/data/adodas/VarCoNet-V2-main/xiaolunwen/experiment1c/checkpoints/worker_r4_latest.pt
[CRSM_CORRECTED] repeat=4 scope=internal_cv fold=4 epoch=90/149 train_loss=0.135877 val_bce=0.787258 best=N best_epoch=0 asd_mass=(0.5353,0.4647) hc_mass=(0.5000,0.5000) delta_l2=(0.797274,0.797428) epoch_seconds=0.47
CHECKPOINT_LATEST repeat=4 scope=internal_cv fold=4 phase=crsm_corrected epoch=100 path=/data/adodas/VarCoNet-V2-main/xiaolunwen/experiment1c/checkpoints/worker_r4_latest.pt
[CRSM_CORRECTED] repeat=4 scope=internal_cv fold=4 epoch=100/149 train_loss=0.132629 val_bce=0.807568 best=N best_epoch=0 asd_mass=(0.5360,0.4640) hc_mass=(0.5000,0.5000) delta_l2=(0.847898,0.849296) epoch_seconds=0.78
CHECKPOINT_LATEST repeat=4 scope=internal_cv fold=4 phase=crsm_corrected epoch=110 path=/data/adodas/VarCoNet-V2-main/xiaolunwen/experiment1c/checkpoints/worker_r4_latest.pt
[CRSM_CORRECTED] repeat=4 scope=internal_cv fold=4 epoch=110/149 train_loss=0.129987 val_bce=0.827300 best=N best_epoch=0 asd_mass=(0.5358,0.4642) hc_mass=(0.5000,0.5000) delta_l2=(0.894347,0.897433) epoch_seconds=0.60
CHECKPOINT_LATEST repeat=4 scope=internal_cv fold=4 phase=crsm_corrected epoch=120 path=/data/adodas/VarCoNet-V2-main/xiaolunwen/experiment1c/checkpoints/worker_r4_latest.pt
[CRSM_CORRECTED] repeat=4 scope=internal_cv fold=4 epoch=120/149 train_loss=0.127828 val_bce=0.846305 best=N best_epoch=0 asd_mass=(0.5351,0.4649) hc_mass=(0.5000,0.5000) delta_l2=(0.937102,0.942185) epoch_seconds=0.60
CHECKPOINT_LATEST repeat=4 scope=internal_cv fold=4 phase=crsm_corrected epoch=130 path=/data/adodas/VarCoNet-V2-main/xiaolunwen/experiment1c/checkpoints/worker_r4_latest.pt
[CRSM_CORRECTED] repeat=4 scope=internal_cv fold=4 epoch=130/149 train_loss=0.126056 val_bce=0.864521 best=N best_epoch=0 asd_mass=(0.5341,0.4659) hc_mass=(0.5000,0.5000) delta_l2=(0.976564,0.983811) epoch_seconds=1.10
CHECKPOINT_LATEST repeat=4 scope=internal_cv fold=4 phase=crsm_corrected epoch=140 path=/data/adodas/VarCoNet-V2-main/xiaolunwen/experiment1c/checkpoints/worker_r4_latest.pt
[CRSM_CORRECTED] repeat=4 scope=internal_cv fold=4 epoch=140/149 train_loss=0.124593 val_bce=0.881886 best=N best_epoch=0 asd_mass=(0.5331,0.4669) hc_mass=(0.5000,0.5000) delta_l2=(1.013083,1.022552) epoch_seconds=0.82
CHECKPOINT_LATEST repeat=4 scope=internal_cv fold=4 phase=crsm_corrected epoch=149 path=/data/adodas/VarCoNet-V2-main/xiaolunwen/experiment1c/checkpoints/worker_r4_latest.pt
[CRSM_CORRECTED] repeat=4 scope=internal_cv fold=4 epoch=149/149 train_loss=0.123488 val_bce=0.896761 best=N best_epoch=0 asd_mass=(0.5321,0.4679) hc_mass=(0.5000,0.5000) delta_l2=(1.043697,1.055150) epoch_seconds=0.83
[SNDE_NORMATIVE] repeat=4 scope=internal_cv fold=4 n_unique_asd=357 n_unique_hc=317 roi_dim=384 std_floor=0.0012100506 pc1_explained_fraction=0.210815 hc_score_mean_before_norm=0 hc_score_std_before_norm=7.51872 asd_positive_fraction=0.1401 asd_negative_fraction=0.0056 asd_generalist_fraction=0.8543 hc_positive_fraction=0.1009 hc_negative_fraction=0.0032 hc_generalist_fraction=0.8959
[SNDE_ZERO_BASELINE] repeat=4 scope=internal_cv fold=4 epoch=0 exact_zero=Y val_bce=0.627053 probability_max_abs=5.96e-08
CHECKPOINT_BEST repeat=4 scope=internal_cv fold=4 phase=snde epoch=0 path=/data/adodas/VarCoNet-V2-main/xiaolunwen/experiment1c/checkpoints/worker_r4_best.pt
CHECKPOINT_LATEST repeat=4 scope=internal_cv fold=4 phase=snde epoch=0 path=/data/adodas/VarCoNet-V2-main/xiaolunwen/experiment1c/checkpoints/worker_r4_latest.pt
CHECKPOINT_LATEST repeat=4 scope=internal_cv fold=4 phase=snde epoch=10 path=/data/adodas/VarCoNet-V2-main/xiaolunwen/experiment1c/checkpoints/worker_r4_latest.pt
[SNDE] repeat=4 scope=internal_cv fold=4 epoch=10/149 train_bce=0.274603 val_bce=0.639794 best=N best_epoch=0 asd_gate=(+0.140,-0.006,g0.854) hc_gate=(+0.101,-0.003,g0.896) pos_weight_l2=0.083038 neg_weight_l2=0.192803 mean_abs_pos_correction=0.105122 mean_abs_neg_correction=0.000216 elapsed_seconds=0.91
CHECKPOINT_LATEST repeat=4 scope=internal_cv fold=4 phase=snde epoch=20 path=/data/adodas/VarCoNet-V2-main/xiaolunwen/experiment1c/checkpoints/worker_r4_latest.pt
[SNDE] repeat=4 scope=internal_cv fold=4 epoch=20/149 train_bce=0.271948 val_bce=0.641180 best=N best_epoch=0 asd_gate=(+0.140,-0.006,g0.854) hc_gate=(+0.101,-0.003,g0.896) pos_weight_l2=0.130667 neg_weight_l2=0.380093 mean_abs_pos_correction=0.139685 mean_abs_neg_correction=0.000413 elapsed_seconds=0.66
CHECKPOINT_LATEST repeat=4 scope=internal_cv fold=4 phase=snde epoch=30 path=/data/adodas/VarCoNet-V2-main/xiaolunwen/experiment1c/checkpoints/worker_r4_latest.pt
[SNDE] repeat=4 scope=internal_cv fold=4 epoch=30/149 train_bce=0.270128 val_bce=0.643213 best=N best_epoch=0 asd_gate=(+0.140,-0.006,g0.854) hc_gate=(+0.101,-0.003,g0.896) pos_weight_l2=0.168871 neg_weight_l2=0.561162 mean_abs_pos_correction=0.171110 mean_abs_neg_correction=0.000590 elapsed_seconds=0.76
CHECKPOINT_LATEST repeat=4 scope=internal_cv fold=4 phase=snde epoch=40 path=/data/adodas/VarCoNet-V2-main/xiaolunwen/experiment1c/checkpoints/worker_r4_latest.pt
[SNDE] repeat=4 scope=internal_cv fold=4 epoch=40/149 train_bce=0.268842 val_bce=0.652691 best=N best_epoch=0 asd_gate=(+0.140,-0.006,g0.854) hc_gate=(+0.101,-0.003,g0.896) pos_weight_l2=0.203133 neg_weight_l2=0.736204 mean_abs_pos_correction=0.181408 mean_abs_neg_correction=0.000747 elapsed_seconds=0.86
CHECKPOINT_LATEST repeat=4 scope=internal_cv fold=4 phase=snde epoch=50 path=/data/adodas/VarCoNet-V2-main/xiaolunwen/experiment1c/checkpoints/worker_r4_latest.pt
[SNDE] repeat=4 scope=internal_cv fold=4 epoch=50/149 train_bce=0.267856 val_bce=0.655651 best=N best_epoch=0 asd_gate=(+0.140,-0.006,g0.854) hc_gate=(+0.101,-0.003,g0.896) pos_weight_l2=0.235209 neg_weight_l2=0.906387 mean_abs_pos_correction=0.202628 mean_abs_neg_correction=0.000889 elapsed_seconds=1.18
CHECKPOINT_LATEST repeat=4 scope=internal_cv fold=4 phase=snde epoch=60 path=/data/adodas/VarCoNet-V2-main/xiaolunwen/experiment1c/checkpoints/worker_r4_latest.pt
[SNDE] repeat=4 scope=internal_cv fold=4 epoch=60/149 train_bce=0.267034 val_bce=0.667358 best=N best_epoch=0 asd_gate=(+0.140,-0.006,g0.854) hc_gate=(+0.101,-0.003,g0.896) pos_weight_l2=0.265719 neg_weight_l2=1.072595 mean_abs_pos_correction=0.214706 mean_abs_neg_correction=0.001023 elapsed_seconds=0.60
CHECKPOINT_LATEST repeat=4 scope=internal_cv fold=4 phase=snde epoch=70 path=/data/adodas/VarCoNet-V2-main/xiaolunwen/experiment1c/checkpoints/worker_r4_latest.pt
[SNDE] repeat=4 scope=internal_cv fold=4 epoch=70/149 train_bce=0.266327 val_bce=0.674487 best=N best_epoch=0 asd_gate=(+0.140,-0.006,g0.854) hc_gate=(+0.101,-0.003,g0.896) pos_weight_l2=0.295441 neg_weight_l2=1.235421 mean_abs_pos_correction=0.230861 mean_abs_neg_correction=0.001151 elapsed_seconds=0.65
CHECKPOINT_LATEST repeat=4 scope=internal_cv fold=4 phase=snde epoch=80 path=/data/adodas/VarCoNet-V2-main/xiaolunwen/experiment1c/checkpoints/worker_r4_latest.pt
[SNDE] repeat=4 scope=internal_cv fold=4 epoch=80/149 train_bce=0.265706 val_bce=0.686617 best=N best_epoch=0 asd_gate=(+0.140,-0.006,g0.854) hc_gate=(+0.101,-0.003,g0.896) pos_weight_l2=0.324471 neg_weight_l2=1.395266 mean_abs_pos_correction=0.242718 mean_abs_neg_correction=0.001276 elapsed_seconds=0.98
CHECKPOINT_LATEST repeat=4 scope=internal_cv fold=4 phase=snde epoch=90 path=/data/adodas/VarCoNet-V2-main/xiaolunwen/experiment1c/checkpoints/worker_r4_latest.pt
[SNDE] repeat=4 scope=internal_cv fold=4 epoch=90/149 train_bce=0.265156 val_bce=0.696251 best=N best_epoch=0 asd_gate=(+0.140,-0.006,g0.854) hc_gate=(+0.101,-0.003,g0.896) pos_weight_l2=0.352936 neg_weight_l2=1.552383 mean_abs_pos_correction=0.256140 mean_abs_neg_correction=0.001398 elapsed_seconds=0.65
CHECKPOINT_LATEST repeat=4 scope=internal_cv fold=4 phase=snde epoch=100 path=/data/adodas/VarCoNet-V2-main/xiaolunwen/experiment1c/checkpoints/worker_r4_latest.pt
[SNDE] repeat=4 scope=internal_cv fold=4 epoch=100/149 train_bce=0.264663 val_bce=0.707699 best=N best_epoch=0 asd_gate=(+0.140,-0.006,g0.854) hc_gate=(+0.101,-0.003,g0.896) pos_weight_l2=0.380794 neg_weight_l2=1.706955 mean_abs_pos_correction=0.267655 mean_abs_neg_correction=0.001517 elapsed_seconds=0.45
CHECKPOINT_LATEST repeat=4 scope=internal_cv fold=4 phase=snde epoch=110 path=/data/adodas/VarCoNet-V2-main/xiaolunwen/experiment1c/checkpoints/worker_r4_latest.pt
[SNDE] repeat=4 scope=internal_cv fold=4 epoch=110/149 train_bce=0.264217 val_bce=0.717822 best=N best_epoch=0 asd_gate=(+0.140,-0.006,g0.854) hc_gate=(+0.101,-0.003,g0.896) pos_weight_l2=0.408089 neg_weight_l2=1.859145 mean_abs_pos_correction=0.279338 mean_abs_neg_correction=0.001633 elapsed_seconds=0.61
CHECKPOINT_LATEST repeat=4 scope=internal_cv fold=4 phase=snde epoch=120 path=/data/adodas/VarCoNet-V2-main/xiaolunwen/experiment1c/checkpoints/worker_r4_latest.pt
[SNDE] repeat=4 scope=internal_cv fold=4 epoch=120/149 train_bce=0.263812 val_bce=0.728037 best=N best_epoch=0 asd_gate=(+0.140,-0.006,g0.854) hc_gate=(+0.101,-0.003,g0.896) pos_weight_l2=0.434830 neg_weight_l2=2.009102 mean_abs_pos_correction=0.290252 mean_abs_neg_correction=0.001747 elapsed_seconds=0.60
CHECKPOINT_LATEST repeat=4 scope=internal_cv fold=4 phase=snde epoch=130 path=/data/adodas/VarCoNet-V2-main/xiaolunwen/experiment1c/checkpoints/worker_r4_latest.pt
[SNDE] repeat=4 scope=internal_cv fold=4 epoch=130/149 train_bce=0.263439 val_bce=0.737686 best=N best_epoch=0 asd_gate=(+0.140,-0.006,g0.854) hc_gate=(+0.101,-0.003,g0.896) pos_weight_l2=0.461045 neg_weight_l2=2.156968 mean_abs_pos_correction=0.300894 mean_abs_neg_correction=0.001858 elapsed_seconds=0.51
CHECKPOINT_LATEST repeat=4 scope=internal_cv fold=4 phase=snde epoch=140 path=/data/adodas/VarCoNet-V2-main/xiaolunwen/experiment1c/checkpoints/worker_r4_latest.pt
[SNDE] repeat=4 scope=internal_cv fold=4 epoch=140/149 train_bce=0.263097 val_bce=0.746639 best=N best_epoch=0 asd_gate=(+0.140,-0.006,g0.854) hc_gate=(+0.101,-0.003,g0.896) pos_weight_l2=0.486754 neg_weight_l2=2.302876 mean_abs_pos_correction=0.311096 mean_abs_neg_correction=0.001966 elapsed_seconds=0.57
CHECKPOINT_LATEST repeat=4 scope=internal_cv fold=4 phase=snde epoch=149 path=/data/adodas/VarCoNet-V2-main/xiaolunwen/experiment1c/checkpoints/worker_r4_latest.pt
[SNDE] repeat=4 scope=internal_cv fold=4 epoch=149/149 train_bce=0.262810 val_bce=0.754641 best=N best_epoch=0 asd_gate=(+0.140,-0.006,g0.854) hc_gate=(+0.101,-0.003,g0.896) pos_weight_l2=0.509477 neg_weight_l2=2.432622 mean_abs_pos_correction=0.319936 mean_abs_neg_correction=0.002062 elapsed_seconds=0.63
TASK_TRAINING_DONE repeat=4 scope=internal_cv fold=4 base_encoder_epoch=43 base_classifier_epoch=29 base_val_bce=0.627053 crsm_epoch=0 crsm_val_bce=0.627053 snde_epoch=0 snde_val_bce=0.627053 elapsed_minutes=4.0
TASK_DONE repeat=4 scope=internal_fold fold=4 method=baseline selected_encoder_epoch=43 test_auc=0.749482 test_bce=0.605881 elapsed_minutes=4.0
TASK_DONE repeat=4 scope=internal_fold fold=4 method=crsm_corrected selected_encoder_epoch=43 test_auc=0.749482 test_bce=0.605881 elapsed_minutes=4.0
TASK_DONE repeat=4 scope=internal_fold fold=4 method=selective_normative_deviation_experts selected_encoder_epoch=43 test_auc=0.749482 test_bce=0.605881 elapsed_minutes=4.0
TASK_START repeat=4 scope=internal_cv fold=5 seed=100405 device=cuda:0 methods=baseline,crsm_corrected,selective_normative_deviation_experts shared_encoder=Y reference_unique_n=674 train_n=750 val_n=120
CHECKPOINT_BEST repeat=4 scope=internal_cv fold=5 phase=ssl epoch=1 path=/data/adodas/VarCoNet-V2-main/xiaolunwen/experiment1c/checkpoints/worker_r4_best.pt
[SSL] repeat=4 scope=internal_cv fold=5 epoch=1/50 ssl_loss=0.105168 lr=0.000024107 base_val_bce=0.581726 base_best=Y base_cls_epoch=36 epoch_seconds=5.3 task_elapsed_minutes=0.1 gpu_alloc_gb=0.318 gpu_reserved_gb=1.744
CHECKPOINT_BEST repeat=4 scope=internal_cv fold=5 phase=ssl epoch=2 path=/data/adodas/VarCoNet-V2-main/xiaolunwen/experiment1c/checkpoints/worker_r4_best.pt
[SSL] repeat=4 scope=internal_cv fold=5 epoch=2/50 ssl_loss=0.092176 lr=0.000038214 base_val_bce=0.578260 base_best=Y base_cls_epoch=46 epoch_seconds=4.3 task_elapsed_minutes=0.2 gpu_alloc_gb=0.317 gpu_reserved_gb=2.008
[SSL] repeat=4 scope=internal_cv fold=5 epoch=3/50 ssl_loss=0.093286 lr=0.000052321 base_val_bce=0.583016 base_best=N base_cls_epoch=33 epoch_seconds=3.5 task_elapsed_minutes=0.2 gpu_alloc_gb=0.318 gpu_reserved_gb=1.744
[SSL] repeat=4 scope=internal_cv fold=5 epoch=4/50 ssl_loss=0.075333 lr=0.000066427 base_val_bce=0.586919 base_best=N base_cls_epoch=32 epoch_seconds=3.3 task_elapsed_minutes=0.3 gpu_alloc_gb=0.317 gpu_reserved_gb=2.008
[SSL] repeat=4 scope=internal_cv fold=5 epoch=5/50 ssl_loss=0.080883 lr=0.000080534 base_val_bce=0.578770 base_best=N base_cls_epoch=26 epoch_seconds=3.2 task_elapsed_minutes=0.3 gpu_alloc_gb=0.318 gpu_reserved_gb=1.744
[SSL] repeat=4 scope=internal_cv fold=5 epoch=6/50 ssl_loss=0.082728 lr=0.000094641 base_val_bce=0.585462 base_best=N base_cls_epoch=25 epoch_seconds=2.5 task_elapsed_minutes=0.4 gpu_alloc_gb=0.317 gpu_reserved_gb=2.008
CHECKPOINT_BEST repeat=4 scope=internal_cv fold=5 phase=ssl epoch=7 path=/data/adodas/VarCoNet-V2-main/xiaolunwen/experiment1c/checkpoints/worker_r4_best.pt
[SSL] repeat=4 scope=internal_cv fold=5 epoch=7/50 ssl_loss=0.078288 lr=0.000108748 base_val_bce=0.574882 base_best=Y base_cls_epoch=28 epoch_seconds=4.6 task_elapsed_minutes=0.5 gpu_alloc_gb=0.318 gpu_reserved_gb=1.744
[SSL] repeat=4 scope=internal_cv fold=5 epoch=8/50 ssl_loss=0.078287 lr=0.000122855 base_val_bce=0.591277 base_best=N base_cls_epoch=29 epoch_seconds=2.6 task_elapsed_minutes=0.5 gpu_alloc_gb=0.317 gpu_reserved_gb=2.008
[SSL] repeat=4 scope=internal_cv fold=5 epoch=9/50 ssl_loss=0.065126 lr=0.000136962 base_val_bce=0.579870 base_best=N base_cls_epoch=34 epoch_seconds=2.8 task_elapsed_minutes=0.5 gpu_alloc_gb=0.318 gpu_reserved_gb=1.744
CHECKPOINT_LATEST repeat=4 scope=internal_cv fold=5 phase=ssl epoch=10 path=/data/adodas/VarCoNet-V2-main/xiaolunwen/experiment1c/checkpoints/worker_r4_latest.pt
[SSL] repeat=4 scope=internal_cv fold=5 epoch=10/50 ssl_loss=0.053892 lr=0.000136962 base_val_bce=0.577267 base_best=N base_cls_epoch=29 epoch_seconds=4.3 task_elapsed_minutes=0.6 gpu_alloc_gb=0.317 gpu_reserved_gb=2.008
[SSL] repeat=4 scope=internal_cv fold=5 epoch=11/50 ssl_loss=0.050312 lr=0.000136751 base_val_bce=0.583467 base_best=N base_cls_epoch=33 epoch_seconds=4.2 task_elapsed_minutes=0.7 gpu_alloc_gb=0.318 gpu_reserved_gb=1.744
[SSL] repeat=4 scope=internal_cv fold=5 epoch=12/50 ssl_loss=0.060822 lr=0.000136119 base_val_bce=0.576083 base_best=N base_cls_epoch=32 epoch_seconds=3.5 task_elapsed_minutes=0.7 gpu_alloc_gb=0.317 gpu_reserved_gb=2.008
CHECKPOINT_BEST repeat=4 scope=internal_cv fold=5 phase=ssl epoch=13 path=/data/adodas/VarCoNet-V2-main/xiaolunwen/experiment1c/checkpoints/worker_r4_best.pt
[SSL] repeat=4 scope=internal_cv fold=5 epoch=13/50 ssl_loss=0.066258 lr=0.000135070 base_val_bce=0.572900 base_best=Y base_cls_epoch=37 epoch_seconds=6.2 task_elapsed_minutes=0.8 gpu_alloc_gb=0.318 gpu_reserved_gb=1.744
[SSL] repeat=4 scope=internal_cv fold=5 epoch=14/50 ssl_loss=0.056604 lr=0.000133610 base_val_bce=0.580417 base_best=N base_cls_epoch=33 epoch_seconds=5.5 task_elapsed_minutes=0.9 gpu_alloc_gb=0.317 gpu_reserved_gb=2.008
[SSL] repeat=4 scope=internal_cv fold=5 epoch=15/50 ssl_loss=0.032015 lr=0.000131749 base_val_bce=0.581558 base_best=N base_cls_epoch=41 epoch_seconds=4.3 task_elapsed_minutes=1.0 gpu_alloc_gb=0.318 gpu_reserved_gb=1.744
[SSL] repeat=4 scope=internal_cv fold=5 epoch=16/50 ssl_loss=0.058792 lr=0.000129498 base_val_bce=0.586638 base_best=N base_cls_epoch=35 epoch_seconds=3.6 task_elapsed_minutes=1.1 gpu_alloc_gb=0.317 gpu_reserved_gb=2.008
[SSL] repeat=4 scope=internal_cv fold=5 epoch=17/50 ssl_loss=0.050805 lr=0.000126870 base_val_bce=0.574795 base_best=N base_cls_epoch=38 epoch_seconds=3.7 task_elapsed_minutes=1.1 gpu_alloc_gb=0.318 gpu_reserved_gb=1.744
[SSL] repeat=4 scope=internal_cv fold=5 epoch=18/50 ssl_loss=0.047790 lr=0.000123883 base_val_bce=0.583775 base_best=N base_cls_epoch=36 epoch_seconds=3.9 task_elapsed_minutes=1.2 gpu_alloc_gb=0.317 gpu_reserved_gb=2.008
[SSL] repeat=4 scope=internal_cv fold=5 epoch=19/50 ssl_loss=0.056092 lr=0.000120554 base_val_bce=0.590044 base_best=N base_cls_epoch=41 epoch_seconds=3.8 task_elapsed_minutes=1.3 gpu_alloc_gb=0.318 gpu_reserved_gb=1.744
CHECKPOINT_LATEST repeat=4 scope=internal_cv fold=5 phase=ssl epoch=20 path=/data/adodas/VarCoNet-V2-main/xiaolunwen/experiment1c/checkpoints/worker_r4_latest.pt
[SSL] repeat=4 scope=internal_cv fold=5 epoch=20/50 ssl_loss=0.059304 lr=0.000116904 base_val_bce=0.588017 base_best=N base_cls_epoch=33 epoch_seconds=4.1 task_elapsed_minutes=1.3 gpu_alloc_gb=0.317 gpu_reserved_gb=2.008
[SSL] repeat=4 scope=internal_cv fold=5 epoch=21/50 ssl_loss=0.044197 lr=0.000112956 base_val_bce=0.585621 base_best=N base_cls_epoch=38 epoch_seconds=3.9 task_elapsed_minutes=1.4 gpu_alloc_gb=0.318 gpu_reserved_gb=1.744
[SSL] repeat=4 scope=internal_cv fold=5 epoch=22/50 ssl_loss=0.050280 lr=0.000108733 base_val_bce=0.583856 base_best=N base_cls_epoch=39 epoch_seconds=3.5 task_elapsed_minutes=1.5 gpu_alloc_gb=0.317 gpu_reserved_gb=2.008
[SSL] repeat=4 scope=internal_cv fold=5 epoch=23/50 ssl_loss=0.046986 lr=0.000104262 base_val_bce=0.582402 base_best=N base_cls_epoch=45 epoch_seconds=3.8 task_elapsed_minutes=1.5 gpu_alloc_gb=0.318 gpu_reserved_gb=1.744
[SSL] repeat=4 scope=internal_cv fold=5 epoch=24/50 ssl_loss=0.044696 lr=0.000099570 base_val_bce=0.580438 base_best=N base_cls_epoch=38 epoch_seconds=3.8 task_elapsed_minutes=1.6 gpu_alloc_gb=0.317 gpu_reserved_gb=2.008
[SSL] repeat=4 scope=internal_cv fold=5 epoch=25/50 ssl_loss=0.039185 lr=0.000094687 base_val_bce=0.581939 base_best=N base_cls_epoch=39 epoch_seconds=3.8 task_elapsed_minutes=1.7 gpu_alloc_gb=0.318 gpu_reserved_gb=1.744
[SSL] repeat=4 scope=internal_cv fold=5 epoch=26/50 ssl_loss=0.038467 lr=0.000089643 base_val_bce=0.583676 base_best=N base_cls_epoch=43 epoch_seconds=3.7 task_elapsed_minutes=1.7 gpu_alloc_gb=0.317 gpu_reserved_gb=2.008
[SSL] repeat=4 scope=internal_cv fold=5 epoch=27/50 ssl_loss=0.043089 lr=0.000084467 base_val_bce=0.575773 base_best=N base_cls_epoch=42 epoch_seconds=3.8 task_elapsed_minutes=1.8 gpu_alloc_gb=0.318 gpu_reserved_gb=1.744
[SSL] repeat=4 scope=internal_cv fold=5 epoch=28/50 ssl_loss=0.058112 lr=0.000079194 base_val_bce=0.586188 base_best=N base_cls_epoch=44 epoch_seconds=3.8 task_elapsed_minutes=1.9 gpu_alloc_gb=0.317 gpu_reserved_gb=2.008
[SSL] repeat=4 scope=internal_cv fold=5 epoch=29/50 ssl_loss=0.041607 lr=0.000073854 base_val_bce=0.585004 base_best=N base_cls_epoch=38 epoch_seconds=3.8 task_elapsed_minutes=1.9 gpu_alloc_gb=0.318 gpu_reserved_gb=1.744
CHECKPOINT_LATEST repeat=4 scope=internal_cv fold=5 phase=ssl epoch=30 path=/data/adodas/VarCoNet-V2-main/xiaolunwen/experiment1c/checkpoints/worker_r4_latest.pt
[SSL] repeat=4 scope=internal_cv fold=5 epoch=30/50 ssl_loss=0.035697 lr=0.000068481 base_val_bce=0.585884 base_best=N base_cls_epoch=43 epoch_seconds=4.1 task_elapsed_minutes=2.0 gpu_alloc_gb=0.317 gpu_reserved_gb=2.008
[SSL] repeat=4 scope=internal_cv fold=5 epoch=31/50 ssl_loss=0.040217 lr=0.000063108 base_val_bce=0.591225 base_best=N base_cls_epoch=39 epoch_seconds=3.9 task_elapsed_minutes=2.1 gpu_alloc_gb=0.318 gpu_reserved_gb=1.744
[SSL] repeat=4 scope=internal_cv fold=5 epoch=32/50 ssl_loss=0.040043 lr=0.000057768 base_val_bce=0.578010 base_best=N base_cls_epoch=41 epoch_seconds=3.7 task_elapsed_minutes=2.1 gpu_alloc_gb=0.317 gpu_reserved_gb=2.008
[SSL] repeat=4 scope=internal_cv fold=5 epoch=33/50 ssl_loss=0.036509 lr=0.000052494 base_val_bce=0.581936 base_best=N base_cls_epoch=38 epoch_seconds=3.8 task_elapsed_minutes=2.2 gpu_alloc_gb=0.318 gpu_reserved_gb=1.744
[SSL] repeat=4 scope=internal_cv fold=5 epoch=34/50 ssl_loss=0.036630 lr=0.000047319 base_val_bce=0.575463 base_best=N base_cls_epoch=35 epoch_seconds=3.8 task_elapsed_minutes=2.2 gpu_alloc_gb=0.317 gpu_reserved_gb=2.008
[SSL] repeat=4 scope=internal_cv fold=5 epoch=35/50 ssl_loss=0.064143 lr=0.000042274 base_val_bce=0.579851 base_best=N base_cls_epoch=40 epoch_seconds=3.8 task_elapsed_minutes=2.3 gpu_alloc_gb=0.318 gpu_reserved_gb=1.744
[SSL] repeat=4 scope=internal_cv fold=5 epoch=36/50 ssl_loss=0.034202 lr=0.000037391 base_val_bce=0.577257 base_best=N base_cls_epoch=38 epoch_seconds=3.6 task_elapsed_minutes=2.4 gpu_alloc_gb=0.317 gpu_reserved_gb=2.008
[SSL] repeat=4 scope=internal_cv fold=5 epoch=37/50 ssl_loss=0.035101 lr=0.000032700 base_val_bce=0.589609 base_best=N base_cls_epoch=35 epoch_seconds=3.8 task_elapsed_minutes=2.4 gpu_alloc_gb=0.318 gpu_reserved_gb=1.744
[SSL] repeat=4 scope=internal_cv fold=5 epoch=38/50 ssl_loss=0.041917 lr=0.000028229 base_val_bce=0.593404 base_best=N base_cls_epoch=36 epoch_seconds=4.2 task_elapsed_minutes=2.5 gpu_alloc_gb=0.317 gpu_reserved_gb=2.008
[SSL] repeat=4 scope=internal_cv fold=5 epoch=39/50 ssl_loss=0.037801 lr=0.000024006 base_val_bce=0.579746 base_best=N base_cls_epoch=46 epoch_seconds=4.2 task_elapsed_minutes=2.6 gpu_alloc_gb=0.318 gpu_reserved_gb=1.744
CHECKPOINT_LATEST repeat=4 scope=internal_cv fold=5 phase=ssl epoch=40 path=/data/adodas/VarCoNet-V2-main/xiaolunwen/experiment1c/checkpoints/worker_r4_latest.pt
[SSL] repeat=4 scope=internal_cv fold=5 epoch=40/50 ssl_loss=0.040331 lr=0.000020058 base_val_bce=0.583967 base_best=N base_cls_epoch=42 epoch_seconds=7.7 task_elapsed_minutes=2.7 gpu_alloc_gb=0.317 gpu_reserved_gb=2.008
[SSL] repeat=4 scope=internal_cv fold=5 epoch=41/50 ssl_loss=0.030697 lr=0.000016408 base_val_bce=0.592326 base_best=N base_cls_epoch=42 epoch_seconds=6.4 task_elapsed_minutes=2.8 gpu_alloc_gb=0.318 gpu_reserved_gb=1.744
[SSL] repeat=4 scope=internal_cv fold=5 epoch=42/50 ssl_loss=0.039134 lr=0.000013079 base_val_bce=0.583103 base_best=N base_cls_epoch=36 epoch_seconds=8.3 task_elapsed_minutes=3.0 gpu_alloc_gb=0.317 gpu_reserved_gb=2.008
[SSL] repeat=4 scope=internal_cv fold=5 epoch=43/50 ssl_loss=0.037080 lr=0.000010091 base_val_bce=0.587011 base_best=N base_cls_epoch=36 epoch_seconds=8.3 task_elapsed_minutes=3.1 gpu_alloc_gb=0.318 gpu_reserved_gb=1.744
CHECKPOINT_BEST repeat=4 scope=internal_cv fold=5 phase=ssl epoch=44 path=/data/adodas/VarCoNet-V2-main/xiaolunwen/experiment1c/checkpoints/worker_r4_best.pt
[SSL] repeat=4 scope=internal_cv fold=5 epoch=44/50 ssl_loss=0.036821 lr=0.000007464 base_val_bce=0.572410 base_best=Y base_cls_epoch=38 epoch_seconds=8.6 task_elapsed_minutes=3.2 gpu_alloc_gb=0.317 gpu_reserved_gb=2.008
[SSL] repeat=4 scope=internal_cv fold=5 epoch=45/50 ssl_loss=0.031721 lr=0.000005213 base_val_bce=0.588469 base_best=N base_cls_epoch=39 epoch_seconds=7.5 task_elapsed_minutes=3.4 gpu_alloc_gb=0.318 gpu_reserved_gb=1.744
[SSL] repeat=4 scope=internal_cv fold=5 epoch=46/50 ssl_loss=0.047131 lr=0.000003352 base_val_bce=0.586921 base_best=N base_cls_epoch=36 epoch_seconds=7.0 task_elapsed_minutes=3.5 gpu_alloc_gb=0.317 gpu_reserved_gb=2.008
[SSL] repeat=4 scope=internal_cv fold=5 epoch=47/50 ssl_loss=0.038846 lr=0.000001892 base_val_bce=0.580074 base_best=N base_cls_epoch=40 epoch_seconds=4.8 task_elapsed_minutes=3.6 gpu_alloc_gb=0.318 gpu_reserved_gb=1.744
[SSL] repeat=4 scope=internal_cv fold=5 epoch=48/50 ssl_loss=0.043918 lr=0.000000843 base_val_bce=0.576571 base_best=N base_cls_epoch=39 epoch_seconds=3.7 task_elapsed_minutes=3.6 gpu_alloc_gb=0.317 gpu_reserved_gb=2.008
[SSL] repeat=4 scope=internal_cv fold=5 epoch=49/50 ssl_loss=0.031640 lr=0.000000211 base_val_bce=0.592875 base_best=N base_cls_epoch=34 epoch_seconds=3.3 task_elapsed_minutes=3.7 gpu_alloc_gb=0.318 gpu_reserved_gb=1.744
CHECKPOINT_LATEST repeat=4 scope=internal_cv fold=5 phase=ssl epoch=50 path=/data/adodas/VarCoNet-V2-main/xiaolunwen/experiment1c/checkpoints/worker_r4_latest.pt
[SSL] repeat=4 scope=internal_cv fold=5 epoch=50/50 ssl_loss=0.039328 lr=0.000000000 base_val_bce=0.578644 base_best=N base_cls_epoch=39 epoch_seconds=6.9 task_elapsed_minutes=3.8 gpu_alloc_gb=0.317 gpu_reserved_gb=2.008
[CRSM_ZERO_BASELINE] repeat=4 scope=internal_cv fold=5 epoch=0 exact_zero=Y val_bce=0.572410 probability_max_abs=5.96e-08
CHECKPOINT_LATEST repeat=4 scope=internal_cv fold=5 phase=crsm_corrected epoch=0 path=/data/adodas/VarCoNet-V2-main/xiaolunwen/experiment1c/checkpoints/worker_r4_latest.pt
CHECKPOINT_BEST repeat=4 scope=internal_cv fold=5 phase=crsm_corrected epoch=0 path=/data/adodas/VarCoNet-V2-main/xiaolunwen/experiment1c/checkpoints/worker_r4_best.pt
CHECKPOINT_BEST repeat=4 scope=internal_cv fold=5 phase=crsm_corrected epoch=0 path=/data/adodas/VarCoNet-V2-main/xiaolunwen/experiment1c/checkpoints/worker_r4_best.pt
CHECKPOINT_LATEST repeat=4 scope=internal_cv fold=5 phase=crsm_corrected epoch=0 path=/data/adodas/VarCoNet-V2-main/xiaolunwen/experiment1c/checkpoints/worker_r4_latest.pt
[CRSM_SYMMETRY_START] repeat=4 scope=internal_cv fold=5 after_exact_zero=Y pca_unit_norm=1.00000000 pca_singular=149.218933 symmetry_scale=0.00206890469
CHECKPOINT_LATEST repeat=4 scope=internal_cv fold=5 phase=crsm_corrected epoch=10 path=/data/adodas/VarCoNet-V2-main/xiaolunwen/experiment1c/checkpoints/worker_r4_latest.pt
[CRSM_CORRECTED] repeat=4 scope=internal_cv fold=5 epoch=10/149 train_loss=0.197263 val_bce=0.586185 best=N best_epoch=0 asd_mass=(0.5042,0.4958) hc_mass=(0.5000,0.5000) delta_l2=(0.130437,0.129710) epoch_seconds=0.55
CHECKPOINT_LATEST repeat=4 scope=internal_cv fold=5 phase=crsm_corrected epoch=20 path=/data/adodas/VarCoNet-V2-main/xiaolunwen/experiment1c/checkpoints/worker_r4_latest.pt
[CRSM_CORRECTED] repeat=4 scope=internal_cv fold=5 epoch=20/149 train_loss=0.172081 val_bce=0.607273 best=N best_epoch=0 asd_mass=(0.5062,0.4938) hc_mass=(0.5000,0.5000) delta_l2=(0.248765,0.248125) epoch_seconds=0.63
CHECKPOINT_LATEST repeat=4 scope=internal_cv fold=5 phase=crsm_corrected epoch=30 path=/data/adodas/VarCoNet-V2-main/xiaolunwen/experiment1c/checkpoints/worker_r4_latest.pt
[CRSM_CORRECTED] repeat=4 scope=internal_cv fold=5 epoch=30/149 train_loss=0.154328 val_bce=0.628418 best=N best_epoch=0 asd_mass=(0.5094,0.4906) hc_mass=(0.5000,0.5000) delta_l2=(0.355521,0.354958) epoch_seconds=0.44
CHECKPOINT_LATEST repeat=4 scope=internal_cv fold=5 phase=crsm_corrected epoch=40 path=/data/adodas/VarCoNet-V2-main/xiaolunwen/experiment1c/checkpoints/worker_r4_latest.pt
[CRSM_CORRECTED] repeat=4 scope=internal_cv fold=5 epoch=40/149 train_loss=0.141654 val_bce=0.648916 best=N best_epoch=0 asd_mass=(0.5143,0.4857) hc_mass=(0.5000,0.5000) delta_l2=(0.450827,0.450321) epoch_seconds=0.32
CHECKPOINT_LATEST repeat=4 scope=internal_cv fold=5 phase=crsm_corrected epoch=50 path=/data/adodas/VarCoNet-V2-main/xiaolunwen/experiment1c/checkpoints/worker_r4_latest.pt
[CRSM_CORRECTED] repeat=4 scope=internal_cv fold=5 epoch=50/149 train_loss=0.132455 val_bce=0.669278 best=N best_epoch=0 asd_mass=(0.5211,0.4789) hc_mass=(0.5000,0.5000) delta_l2=(0.535690,0.535225) epoch_seconds=0.62
CHECKPOINT_LATEST repeat=4 scope=internal_cv fold=5 phase=crsm_corrected epoch=60 path=/data/adodas/VarCoNet-V2-main/xiaolunwen/experiment1c/checkpoints/worker_r4_latest.pt
[CRSM_CORRECTED] repeat=4 scope=internal_cv fold=5 epoch=60/149 train_loss=0.125623 val_bce=0.689377 best=N best_epoch=0 asd_mass=(0.5290,0.4710) hc_mass=(0.5000,0.5000) delta_l2=(0.611400,0.611052) epoch_seconds=0.65
CHECKPOINT_LATEST repeat=4 scope=internal_cv fold=5 phase=crsm_corrected epoch=70 path=/data/adodas/VarCoNet-V2-main/xiaolunwen/experiment1c/checkpoints/worker_r4_latest.pt
[CRSM_CORRECTED] repeat=4 scope=internal_cv fold=5 epoch=70/149 train_loss=0.120399 val_bce=0.709352 best=N best_epoch=0 asd_mass=(0.5370,0.4630) hc_mass=(0.5000,0.5000) delta_l2=(0.679219,0.679286) epoch_seconds=0.55
CHECKPOINT_LATEST repeat=4 scope=internal_cv fold=5 phase=crsm_corrected epoch=80 path=/data/adodas/VarCoNet-V2-main/xiaolunwen/experiment1c/checkpoints/worker_r4_latest.pt
[CRSM_CORRECTED] repeat=4 scope=internal_cv fold=5 epoch=80/149 train_loss=0.116295 val_bce=0.729301 best=N best_epoch=0 asd_mass=(0.5438,0.4562) hc_mass=(0.5000,0.5000) delta_l2=(0.740305,0.741389) epoch_seconds=0.64
CHECKPOINT_LATEST repeat=4 scope=internal_cv fold=5 phase=crsm_corrected epoch=90 path=/data/adodas/VarCoNet-V2-main/xiaolunwen/experiment1c/checkpoints/worker_r4_latest.pt
[CRSM_CORRECTED] repeat=4 scope=internal_cv fold=5 epoch=90/149 train_loss=0.113010 val_bce=0.749025 best=N best_epoch=0 asd_mass=(0.5491,0.4509) hc_mass=(0.5000,0.5000) delta_l2=(0.795670,0.798538) epoch_seconds=0.55
CHECKPOINT_LATEST repeat=4 scope=internal_cv fold=5 phase=crsm_corrected epoch=100 path=/data/adodas/VarCoNet-V2-main/xiaolunwen/experiment1c/checkpoints/worker_r4_latest.pt
[CRSM_CORRECTED] repeat=4 scope=internal_cv fold=5 epoch=100/149 train_loss=0.110360 val_bce=0.768310 best=N best_epoch=0 asd_mass=(0.5530,0.4470) hc_mass=(0.5000,0.5000) delta_l2=(0.846139,0.851460) epoch_seconds=0.56
CHECKPOINT_LATEST repeat=4 scope=internal_cv fold=5 phase=crsm_corrected epoch=110 path=/data/adodas/VarCoNet-V2-main/xiaolunwen/experiment1c/checkpoints/worker_r4_latest.pt
[CRSM_CORRECTED] repeat=4 scope=internal_cv fold=5 epoch=110/149 train_loss=0.108211 val_bce=0.786982 best=N best_epoch=0 asd_mass=(0.5559,0.4441) hc_mass=(0.5000,0.5000) delta_l2=(0.892358,0.900569) epoch_seconds=0.55
CHECKPOINT_LATEST repeat=4 scope=internal_cv fold=5 phase=crsm_corrected epoch=120 path=/data/adodas/VarCoNet-V2-main/xiaolunwen/experiment1c/checkpoints/worker_r4_latest.pt
[CRSM_CORRECTED] repeat=4 scope=internal_cv fold=5 epoch=120/149 train_loss=0.106459 val_bce=0.804910 best=N best_epoch=0 asd_mass=(0.5579,0.4421) hc_mass=(0.5000,0.5000) delta_l2=(0.934851,0.946160) epoch_seconds=0.57
CHECKPOINT_LATEST repeat=4 scope=internal_cv fold=5 phase=crsm_corrected epoch=130 path=/data/adodas/VarCoNet-V2-main/xiaolunwen/experiment1c/checkpoints/worker_r4_latest.pt
[CRSM_CORRECTED] repeat=4 scope=internal_cv fold=5 epoch=130/149 train_loss=0.105022 val_bce=0.822035 best=N best_epoch=0 asd_mass=(0.5595,0.4405) hc_mass=(0.5000,0.5000) delta_l2=(0.974056,0.988507) epoch_seconds=0.65
CHECKPOINT_LATEST repeat=4 scope=internal_cv fold=5 phase=crsm_corrected epoch=140 path=/data/adodas/VarCoNet-V2-main/xiaolunwen/experiment1c/checkpoints/worker_r4_latest.pt
[CRSM_CORRECTED] repeat=4 scope=internal_cv fold=5 epoch=140/149 train_loss=0.103835 val_bce=0.838339 best=N best_epoch=0 asd_mass=(0.5606,0.4394) hc_mass=(0.5000,0.5000) delta_l2=(1.010358,1.027889) epoch_seconds=0.56
CHECKPOINT_LATEST repeat=4 scope=internal_cv fold=5 phase=crsm_corrected epoch=149 path=/data/adodas/VarCoNet-V2-main/xiaolunwen/experiment1c/checkpoints/worker_r4_latest.pt
[CRSM_CORRECTED] repeat=4 scope=internal_cv fold=5 epoch=149/149 train_loss=0.102936 val_bce=0.852322 best=N best_epoch=0 asd_mass=(0.5614,0.4386) hc_mass=(0.5000,0.5000) delta_l2=(1.040827,1.061027) epoch_seconds=0.46
[SNDE_NORMATIVE] repeat=4 scope=internal_cv fold=5 n_unique_asd=357 n_unique_hc=317 roi_dim=384 std_floor=0.0012911027 pc1_explained_fraction=0.209286 hc_score_mean_before_norm=0 hc_score_std_before_norm=7.7286 asd_positive_fraction=0.0028 asd_negative_fraction=0.1176 asd_generalist_fraction=0.8796 hc_positive_fraction=0.0000 hc_negative_fraction=0.0852 hc_generalist_fraction=0.9148
[SNDE_ZERO_BASELINE] repeat=4 scope=internal_cv fold=5 epoch=0 exact_zero=Y val_bce=0.572410 probability_max_abs=5.96e-08
CHECKPOINT_BEST repeat=4 scope=internal_cv fold=5 phase=snde epoch=0 path=/data/adodas/VarCoNet-V2-main/xiaolunwen/experiment1c/checkpoints/worker_r4_best.pt
CHECKPOINT_LATEST repeat=4 scope=internal_cv fold=5 phase=snde epoch=0 path=/data/adodas/VarCoNet-V2-main/xiaolunwen/experiment1c/checkpoints/worker_r4_latest.pt
CHECKPOINT_BEST repeat=4 scope=internal_cv fold=5 phase=snde epoch=2 path=/data/adodas/VarCoNet-V2-main/xiaolunwen/experiment1c/checkpoints/worker_r4_best.pt
CHECKPOINT_LATEST repeat=4 scope=internal_cv fold=5 phase=snde epoch=2 path=/data/adodas/VarCoNet-V2-main/xiaolunwen/experiment1c/checkpoints/worker_r4_latest.pt
[SNDE] repeat=4 scope=internal_cv fold=5 epoch=2/149 train_bce=0.227512 val_bce=0.570787 best=Y best_epoch=2 asd_gate=(+0.003,-0.118,g0.880) hc_gate=(+0.000,-0.085,g0.915) pos_weight_l2=0.038952 neg_weight_l2=0.031761 mean_abs_pos_correction=0.000025 mean_abs_neg_correction=0.033798 elapsed_seconds=1.52
CHECKPOINT_LATEST repeat=4 scope=internal_cv fold=5 phase=snde epoch=10 path=/data/adodas/VarCoNet-V2-main/xiaolunwen/experiment1c/checkpoints/worker_r4_latest.pt
[SNDE] repeat=4 scope=internal_cv fold=5 epoch=10/149 train_bce=0.223247 val_bce=0.571683 best=N best_epoch=2 asd_gate=(+0.003,-0.118,g0.880) hc_gate=(+0.000,-0.085,g0.915) pos_weight_l2=0.194312 neg_weight_l2=0.099182 mean_abs_pos_correction=0.000125 mean_abs_neg_correction=0.110626 elapsed_seconds=0.71
CHECKPOINT_LATEST repeat=4 scope=internal_cv fold=5 phase=snde epoch=20 path=/data/adodas/VarCoNet-V2-main/xiaolunwen/experiment1c/checkpoints/worker_r4_latest.pt
[SNDE] repeat=4 scope=internal_cv fold=5 epoch=20/149 train_bce=0.221004 val_bce=0.573992 best=N best_epoch=2 asd_gate=(+0.003,-0.118,g0.880) hc_gate=(+0.000,-0.085,g0.915) pos_weight_l2=0.386170 neg_weight_l2=0.163944 mean_abs_pos_correction=0.000249 mean_abs_neg_correction=0.160484 elapsed_seconds=0.47
CHECKPOINT_LATEST repeat=4 scope=internal_cv fold=5 phase=snde epoch=30 path=/data/adodas/VarCoNet-V2-main/xiaolunwen/experiment1c/checkpoints/worker_r4_latest.pt
[SNDE] repeat=4 scope=internal_cv fold=5 epoch=30/149 train_bce=0.219777 val_bce=0.576087 best=N best_epoch=2 asd_gate=(+0.003,-0.118,g0.880) hc_gate=(+0.000,-0.085,g0.915) pos_weight_l2=0.573752 neg_weight_l2=0.215984 mean_abs_pos_correction=0.000370 mean_abs_neg_correction=0.193186 elapsed_seconds=0.86
CHECKPOINT_LATEST repeat=4 scope=internal_cv fold=5 phase=snde epoch=40 path=/data/adodas/VarCoNet-V2-main/xiaolunwen/experiment1c/checkpoints/worker_r4_latest.pt
[SNDE] repeat=4 scope=internal_cv fold=5 epoch=40/149 train_bce=0.218956 val_bce=0.574682 best=N best_epoch=2 asd_gate=(+0.003,-0.118,g0.880) hc_gate=(+0.000,-0.085,g0.915) pos_weight_l2=0.755927 neg_weight_l2=0.259908 mean_abs_pos_correction=0.000488 mean_abs_neg_correction=0.208957 elapsed_seconds=0.74
CHECKPOINT_LATEST repeat=4 scope=internal_cv fold=5 phase=snde epoch=50 path=/data/adodas/VarCoNet-V2-main/xiaolunwen/experiment1c/checkpoints/worker_r4_latest.pt
[SNDE] repeat=4 scope=internal_cv fold=5 epoch=50/149 train_bce=0.218363 val_bce=0.577067 best=N best_epoch=2 asd_gate=(+0.003,-0.118,g0.880) hc_gate=(+0.000,-0.085,g0.915) pos_weight_l2=0.932182 neg_weight_l2=0.298897 mean_abs_pos_correction=0.000601 mean_abs_neg_correction=0.227805 elapsed_seconds=1.16
CHECKPOINT_LATEST repeat=4 scope=internal_cv fold=5 phase=snde epoch=60 path=/data/adodas/VarCoNet-V2-main/xiaolunwen/experiment1c/checkpoints/worker_r4_latest.pt
[SNDE] repeat=4 scope=internal_cv fold=5 epoch=60/149 train_bce=0.217902 val_bce=0.578252 best=N best_epoch=2 asd_gate=(+0.003,-0.118,g0.880) hc_gate=(+0.000,-0.085,g0.915) pos_weight_l2=1.102415 neg_weight_l2=0.334687 mean_abs_pos_correction=0.000711 mean_abs_neg_correction=0.242900 elapsed_seconds=0.65
CHECKPOINT_LATEST repeat=4 scope=internal_cv fold=5 phase=snde epoch=70 path=/data/adodas/VarCoNet-V2-main/xiaolunwen/experiment1c/checkpoints/worker_r4_latest.pt
[SNDE] repeat=4 scope=internal_cv fold=5 epoch=70/149 train_bce=0.217527 val_bce=0.579059 best=N best_epoch=2 asd_gate=(+0.003,-0.118,g0.880) hc_gate=(+0.000,-0.085,g0.915) pos_weight_l2=1.266758 neg_weight_l2=0.368286 mean_abs_pos_correction=0.000817 mean_abs_neg_correction=0.256562 elapsed_seconds=0.97
CHECKPOINT_LATEST repeat=4 scope=internal_cv fold=5 phase=snde epoch=80 path=/data/adodas/VarCoNet-V2-main/xiaolunwen/experiment1c/checkpoints/worker_r4_latest.pt
[SNDE] repeat=4 scope=internal_cv fold=5 epoch=80/149 train_bce=0.217209 val_bce=0.580196 best=N best_epoch=2 asd_gate=(+0.003,-0.118,g0.880) hc_gate=(+0.000,-0.085,g0.915) pos_weight_l2=1.425445 neg_weight_l2=0.400325 mean_abs_pos_correction=0.000920 mean_abs_neg_correction=0.270036 elapsed_seconds=1.11
CHECKPOINT_LATEST repeat=4 scope=internal_cv fold=5 phase=snde epoch=90 path=/data/adodas/VarCoNet-V2-main/xiaolunwen/experiment1c/checkpoints/worker_r4_latest.pt
[SNDE] repeat=4 scope=internal_cv fold=5 epoch=90/149 train_bce=0.216932 val_bce=0.580646 best=N best_epoch=2 asd_gate=(+0.003,-0.118,g0.880) hc_gate=(+0.000,-0.085,g0.915) pos_weight_l2=1.578752 neg_weight_l2=0.431227 mean_abs_pos_correction=0.001019 mean_abs_neg_correction=0.281424 elapsed_seconds=0.61
CHECKPOINT_LATEST repeat=4 scope=internal_cv fold=5 phase=snde epoch=100 path=/data/adodas/VarCoNet-V2-main/xiaolunwen/experiment1c/checkpoints/worker_r4_latest.pt
[SNDE] repeat=4 scope=internal_cv fold=5 epoch=100/149 train_bce=0.216687 val_bce=0.581383 best=N best_epoch=2 asd_gate=(+0.003,-0.118,g0.880) hc_gate=(+0.000,-0.085,g0.915) pos_weight_l2=1.726960 neg_weight_l2=0.461263 mean_abs_pos_correction=0.001114 mean_abs_neg_correction=0.292750 elapsed_seconds=1.12
CHECKPOINT_LATEST repeat=4 scope=internal_cv fold=5 phase=snde epoch=110 path=/data/adodas/VarCoNet-V2-main/xiaolunwen/experiment1c/checkpoints/worker_r4_latest.pt
[SNDE] repeat=4 scope=internal_cv fold=5 epoch=110/149 train_bce=0.216467 val_bce=0.581855 best=N best_epoch=2 asd_gate=(+0.003,-0.118,g0.880) hc_gate=(+0.000,-0.085,g0.915) pos_weight_l2=1.870345 neg_weight_l2=0.490619 mean_abs_pos_correction=0.001207 mean_abs_neg_correction=0.303149 elapsed_seconds=0.87
CHECKPOINT_LATEST repeat=4 scope=internal_cv fold=5 phase=snde epoch=120 path=/data/adodas/VarCoNet-V2-main/xiaolunwen/experiment1c/checkpoints/worker_r4_latest.pt
[SNDE] repeat=4 scope=internal_cv fold=5 epoch=120/149 train_bce=0.216267 val_bce=0.582471 best=N best_epoch=2 asd_gate=(+0.003,-0.118,g0.880) hc_gate=(+0.000,-0.085,g0.915) pos_weight_l2=2.009167 neg_weight_l2=0.519409 mean_abs_pos_correction=0.001296 mean_abs_neg_correction=0.313482 elapsed_seconds=0.82
CHECKPOINT_LATEST repeat=4 scope=internal_cv fold=5 phase=snde epoch=130 path=/data/adodas/VarCoNet-V2-main/xiaolunwen/experiment1c/checkpoints/worker_r4_latest.pt
[SNDE] repeat=4 scope=internal_cv fold=5 epoch=130/149 train_bce=0.216084 val_bce=0.582959 best=N best_epoch=2 asd_gate=(+0.003,-0.118,g0.880) hc_gate=(+0.000,-0.085,g0.915) pos_weight_l2=2.143672 neg_weight_l2=0.547713 mean_abs_pos_correction=0.001383 mean_abs_neg_correction=0.323378 elapsed_seconds=0.72
CHECKPOINT_LATEST repeat=4 scope=internal_cv fold=5 phase=snde epoch=140 path=/data/adodas/VarCoNet-V2-main/xiaolunwen/experiment1c/checkpoints/worker_r4_latest.pt
[SNDE] repeat=4 scope=internal_cv fold=5 epoch=140/149 train_bce=0.215914 val_bce=0.583453 best=N best_epoch=2 asd_gate=(+0.003,-0.118,g0.880) hc_gate=(+0.000,-0.085,g0.915) pos_weight_l2=2.274091 neg_weight_l2=0.575589 mean_abs_pos_correction=0.001468 mean_abs_neg_correction=0.333204 elapsed_seconds=0.75
CHECKPOINT_LATEST repeat=4 scope=internal_cv fold=5 phase=snde epoch=149 path=/data/adodas/VarCoNet-V2-main/xiaolunwen/experiment1c/checkpoints/worker_r4_latest.pt
[SNDE] repeat=4 scope=internal_cv fold=5 epoch=149/149 train_bce=0.215773 val_bce=0.583822 best=N best_epoch=2 asd_gate=(+0.003,-0.118,g0.880) hc_gate=(+0.000,-0.085,g0.915) pos_weight_l2=2.388153 neg_weight_l2=0.600345 mean_abs_pos_correction=0.001541 mean_abs_neg_correction=0.341808 elapsed_seconds=1.82
TASK_TRAINING_DONE repeat=4 scope=internal_cv fold=5 base_encoder_epoch=44 base_classifier_epoch=38 base_val_bce=0.572410 crsm_epoch=0 crsm_val_bce=0.572410 snde_epoch=2 snde_val_bce=0.570787 elapsed_minutes=4.6
TASK_DONE repeat=4 scope=internal_fold fold=5 method=baseline selected_encoder_epoch=44 test_auc=0.656980 test_bce=0.654450 elapsed_minutes=4.6
TASK_DONE repeat=4 scope=internal_fold fold=5 method=crsm_corrected selected_encoder_epoch=44 test_auc=0.656980 test_bce=0.654450 elapsed_minutes=4.6
TASK_DONE repeat=4 scope=internal_fold fold=5 method=selective_normative_deviation_experts selected_encoder_epoch=44 test_auc=0.665802 test_bce=0.647748 elapsed_minutes=4.6
TASK_START repeat=4 scope=internal_cv fold=6 seed=100406 device=cuda:0 methods=baseline,crsm_corrected,selective_normative_deviation_experts shared_encoder=Y reference_unique_n=674 train_n=750 val_n=120
CHECKPOINT_BEST repeat=4 scope=internal_cv fold=6 phase=ssl epoch=1 path=/data/adodas/VarCoNet-V2-main/xiaolunwen/experiment1c/checkpoints/worker_r4_best.pt
[SSL] repeat=4 scope=internal_cv fold=6 epoch=1/50 ssl_loss=0.095250 lr=0.000024107 base_val_bce=0.652602 base_best=Y base_cls_epoch=13 epoch_seconds=8.9 task_elapsed_minutes=0.2 gpu_alloc_gb=0.318 gpu_reserved_gb=1.744
CHECKPOINT_BEST repeat=4 scope=internal_cv fold=6 phase=ssl epoch=2 path=/data/adodas/VarCoNet-V2-main/xiaolunwen/experiment1c/checkpoints/worker_r4_best.pt
[SSL] repeat=4 scope=internal_cv fold=6 epoch=2/50 ssl_loss=0.126017 lr=0.000038214 base_val_bce=0.652295 base_best=Y base_cls_epoch=14 epoch_seconds=4.8 task_elapsed_minutes=0.2 gpu_alloc_gb=0.317 gpu_reserved_gb=2.008
CHECKPOINT_BEST repeat=4 scope=internal_cv fold=6 phase=ssl epoch=3 path=/data/adodas/VarCoNet-V2-main/xiaolunwen/experiment1c/checkpoints/worker_r4_best.pt
[SSL] repeat=4 scope=internal_cv fold=6 epoch=3/50 ssl_loss=0.094652 lr=0.000052321 base_val_bce=0.651752 base_best=Y base_cls_epoch=11 epoch_seconds=3.7 task_elapsed_minutes=0.3 gpu_alloc_gb=0.318 gpu_reserved_gb=1.744
CHECKPOINT_BEST repeat=4 scope=internal_cv fold=6 phase=ssl epoch=4 path=/data/adodas/VarCoNet-V2-main/xiaolunwen/experiment1c/checkpoints/worker_r4_best.pt
[SSL] repeat=4 scope=internal_cv fold=6 epoch=4/50 ssl_loss=0.093816 lr=0.000066427 base_val_bce=0.648020 base_best=Y base_cls_epoch=11 epoch_seconds=4.0 task_elapsed_minutes=0.4 gpu_alloc_gb=0.317 gpu_reserved_gb=2.008
[SSL] repeat=4 scope=internal_cv fold=6 epoch=5/50 ssl_loss=0.070287 lr=0.000080534 base_val_bce=0.659301 base_best=N base_cls_epoch=11 epoch_seconds=2.7 task_elapsed_minutes=0.4 gpu_alloc_gb=0.318 gpu_reserved_gb=1.744
CHECKPOINT_BEST repeat=4 scope=internal_cv fold=6 phase=ssl epoch=6 path=/data/adodas/VarCoNet-V2-main/xiaolunwen/experiment1c/checkpoints/worker_r4_best.pt
[SSL] repeat=4 scope=internal_cv fold=6 epoch=6/50 ssl_loss=0.066537 lr=0.000094641 base_val_bce=0.644169 base_best=Y base_cls_epoch=12 epoch_seconds=8.8 task_elapsed_minutes=0.6 gpu_alloc_gb=0.317 gpu_reserved_gb=2.008
[SSL] repeat=4 scope=internal_cv fold=6 epoch=7/50 ssl_loss=0.061644 lr=0.000108748 base_val_bce=0.648430 base_best=N base_cls_epoch=14 epoch_seconds=2.0 task_elapsed_minutes=0.6 gpu_alloc_gb=0.318 gpu_reserved_gb=1.744
[SSL] repeat=4 scope=internal_cv fold=6 epoch=8/50 ssl_loss=0.070120 lr=0.000122855 base_val_bce=0.651129 base_best=N base_cls_epoch=15 epoch_seconds=4.8 task_elapsed_minutes=0.7 gpu_alloc_gb=0.317 gpu_reserved_gb=2.008
[SSL] repeat=4 scope=internal_cv fold=6 epoch=9/50 ssl_loss=0.059960 lr=0.000136962 base_val_bce=0.649940 base_best=N base_cls_epoch=17 epoch_seconds=6.7 task_elapsed_minutes=0.8 gpu_alloc_gb=0.318 gpu_reserved_gb=1.744
CHECKPOINT_LATEST repeat=4 scope=internal_cv fold=6 phase=ssl epoch=10 path=/data/adodas/VarCoNet-V2-main/xiaolunwen/experiment1c/checkpoints/worker_r4_latest.pt
[SSL] repeat=4 scope=internal_cv fold=6 epoch=10/50 ssl_loss=0.066153 lr=0.000136962 base_val_bce=0.650271 base_best=N base_cls_epoch=15 epoch_seconds=5.8 task_elapsed_minutes=0.9 gpu_alloc_gb=0.317 gpu_reserved_gb=2.008
[SSL] repeat=4 scope=internal_cv fold=6 epoch=11/50 ssl_loss=0.060890 lr=0.000136751 base_val_bce=0.651995 base_best=N base_cls_epoch=17 epoch_seconds=7.8 task_elapsed_minutes=1.0 gpu_alloc_gb=0.318 gpu_reserved_gb=1.744
[SSL] repeat=4 scope=internal_cv fold=6 epoch=12/50 ssl_loss=0.048960 lr=0.000136119 base_val_bce=0.656105 base_best=N base_cls_epoch=18 epoch_seconds=9.5 task_elapsed_minutes=1.2 gpu_alloc_gb=0.317 gpu_reserved_gb=2.008
[SSL] repeat=4 scope=internal_cv fold=6 epoch=13/50 ssl_loss=0.054302 lr=0.000135070 base_val_bce=0.654137 base_best=N base_cls_epoch=18 epoch_seconds=10.0 task_elapsed_minutes=1.3 gpu_alloc_gb=0.318 gpu_reserved_gb=1.744
[SSL] repeat=4 scope=internal_cv fold=6 epoch=14/50 ssl_loss=0.054945 lr=0.000133610 base_val_bce=0.658252 base_best=N base_cls_epoch=15 epoch_seconds=7.9 task_elapsed_minutes=1.5 gpu_alloc_gb=0.317 gpu_reserved_gb=2.008
[SSL] repeat=4 scope=internal_cv fold=6 epoch=15/50 ssl_loss=0.058144 lr=0.000131749 base_val_bce=0.646833 base_best=N base_cls_epoch=18 epoch_seconds=5.6 task_elapsed_minutes=1.6 gpu_alloc_gb=0.318 gpu_reserved_gb=1.744
[SSL] repeat=4 scope=internal_cv fold=6 epoch=16/50 ssl_loss=0.052661 lr=0.000129498 base_val_bce=0.659201 base_best=N base_cls_epoch=15 epoch_seconds=5.9 task_elapsed_minutes=1.7 gpu_alloc_gb=0.317 gpu_reserved_gb=2.008
[SSL] repeat=4 scope=internal_cv fold=6 epoch=17/50 ssl_loss=0.047675 lr=0.000126870 base_val_bce=0.656871 base_best=N base_cls_epoch=15 epoch_seconds=5.9 task_elapsed_minutes=1.8 gpu_alloc_gb=0.318 gpu_reserved_gb=1.744
[SSL] repeat=4 scope=internal_cv fold=6 epoch=18/50 ssl_loss=0.061862 lr=0.000123883 base_val_bce=0.659266 base_best=N base_cls_epoch=16 epoch_seconds=4.2 task_elapsed_minutes=1.8 gpu_alloc_gb=0.317 gpu_reserved_gb=2.008
[SSL] repeat=4 scope=internal_cv fold=6 epoch=19/50 ssl_loss=0.051134 lr=0.000120554 base_val_bce=0.649129 base_best=N base_cls_epoch=18 epoch_seconds=3.5 task_elapsed_minutes=1.9 gpu_alloc_gb=0.318 gpu_reserved_gb=1.744
CHECKPOINT_LATEST repeat=4 scope=internal_cv fold=6 phase=ssl epoch=20 path=/data/adodas/VarCoNet-V2-main/xiaolunwen/experiment1c/checkpoints/worker_r4_latest.pt
[SSL] repeat=4 scope=internal_cv fold=6 epoch=20/50 ssl_loss=0.046018 lr=0.000116904 base_val_bce=0.650083 base_best=N base_cls_epoch=19 epoch_seconds=4.3 task_elapsed_minutes=2.0 gpu_alloc_gb=0.317 gpu_reserved_gb=2.008
[SSL] repeat=4 scope=internal_cv fold=6 epoch=21/50 ssl_loss=0.044433 lr=0.000112956 base_val_bce=0.650650 base_best=N base_cls_epoch=19 epoch_seconds=3.6 task_elapsed_minutes=2.0 gpu_alloc_gb=0.318 gpu_reserved_gb=1.744
[SSL] repeat=4 scope=internal_cv fold=6 epoch=22/50 ssl_loss=0.042382 lr=0.000108733 base_val_bce=0.658268 base_best=N base_cls_epoch=19 epoch_seconds=3.5 task_elapsed_minutes=2.1 gpu_alloc_gb=0.317 gpu_reserved_gb=2.008
[SSL] repeat=4 scope=internal_cv fold=6 epoch=23/50 ssl_loss=0.055274 lr=0.000104262 base_val_bce=0.648130 base_best=N base_cls_epoch=20 epoch_seconds=3.7 task_elapsed_minutes=2.1 gpu_alloc_gb=0.318 gpu_reserved_gb=1.744
[SSL] repeat=4 scope=internal_cv fold=6 epoch=24/50 ssl_loss=0.033508 lr=0.000099570 base_val_bce=0.653305 base_best=N base_cls_epoch=18 epoch_seconds=3.7 task_elapsed_minutes=2.2 gpu_alloc_gb=0.317 gpu_reserved_gb=2.008
[SSL] repeat=4 scope=internal_cv fold=6 epoch=25/50 ssl_loss=0.065205 lr=0.000094687 base_val_bce=0.657908 base_best=N base_cls_epoch=19 epoch_seconds=3.5 task_elapsed_minutes=2.3 gpu_alloc_gb=0.318 gpu_reserved_gb=1.744
[SSL] repeat=4 scope=internal_cv fold=6 epoch=26/50 ssl_loss=0.042182 lr=0.000089643 base_val_bce=0.653154 base_best=N base_cls_epoch=21 epoch_seconds=3.4 task_elapsed_minutes=2.3 gpu_alloc_gb=0.317 gpu_reserved_gb=2.008
[SSL] repeat=4 scope=internal_cv fold=6 epoch=27/50 ssl_loss=0.045008 lr=0.000084467 base_val_bce=0.656059 base_best=N base_cls_epoch=24 epoch_seconds=3.8 task_elapsed_minutes=2.4 gpu_alloc_gb=0.318 gpu_reserved_gb=1.744
[SSL] repeat=4 scope=internal_cv fold=6 epoch=28/50 ssl_loss=0.040134 lr=0.000079194 base_val_bce=0.660851 base_best=N base_cls_epoch=26 epoch_seconds=3.5 task_elapsed_minutes=2.5 gpu_alloc_gb=0.317 gpu_reserved_gb=2.008
[SSL] repeat=4 scope=internal_cv fold=6 epoch=29/50 ssl_loss=0.047362 lr=0.000073854 base_val_bce=0.656344 base_best=N base_cls_epoch=23 epoch_seconds=3.9 task_elapsed_minutes=2.5 gpu_alloc_gb=0.318 gpu_reserved_gb=1.744
CHECKPOINT_LATEST repeat=4 scope=internal_cv fold=6 phase=ssl epoch=30 path=/data/adodas/VarCoNet-V2-main/xiaolunwen/experiment1c/checkpoints/worker_r4_latest.pt
[SSL] repeat=4 scope=internal_cv fold=6 epoch=30/50 ssl_loss=0.051170 lr=0.000068481 base_val_bce=0.645630 base_best=N base_cls_epoch=28 epoch_seconds=4.0 task_elapsed_minutes=2.6 gpu_alloc_gb=0.317 gpu_reserved_gb=2.008
[SSL] repeat=4 scope=internal_cv fold=6 epoch=31/50 ssl_loss=0.046640 lr=0.000063108 base_val_bce=0.664187 base_best=N base_cls_epoch=22 epoch_seconds=3.8 task_elapsed_minutes=2.6 gpu_alloc_gb=0.318 gpu_reserved_gb=1.744
[SSL] repeat=4 scope=internal_cv fold=6 epoch=32/50 ssl_loss=0.043082 lr=0.000057768 base_val_bce=0.647987 base_best=N base_cls_epoch=20 epoch_seconds=3.8 task_elapsed_minutes=2.7 gpu_alloc_gb=0.317 gpu_reserved_gb=2.008
[SSL] repeat=4 scope=internal_cv fold=6 epoch=33/50 ssl_loss=0.035207 lr=0.000052494 base_val_bce=0.663768 base_best=N base_cls_epoch=23 epoch_seconds=3.8 task_elapsed_minutes=2.8 gpu_alloc_gb=0.318 gpu_reserved_gb=1.744
[SSL] repeat=4 scope=internal_cv fold=6 epoch=34/50 ssl_loss=0.053980 lr=0.000047319 base_val_bce=0.652778 base_best=N base_cls_epoch=27 epoch_seconds=3.8 task_elapsed_minutes=2.8 gpu_alloc_gb=0.317 gpu_reserved_gb=2.008
[SSL] repeat=4 scope=internal_cv fold=6 epoch=35/50 ssl_loss=0.043986 lr=0.000042274 base_val_bce=0.656472 base_best=N base_cls_epoch=25 epoch_seconds=3.6 task_elapsed_minutes=2.9 gpu_alloc_gb=0.318 gpu_reserved_gb=1.744
[SSL] repeat=4 scope=internal_cv fold=6 epoch=36/50 ssl_loss=0.038078 lr=0.000037391 base_val_bce=0.654673 base_best=N base_cls_epoch=20 epoch_seconds=3.7 task_elapsed_minutes=3.0 gpu_alloc_gb=0.317 gpu_reserved_gb=2.008
[SSL] repeat=4 scope=internal_cv fold=6 epoch=37/50 ssl_loss=0.028432 lr=0.000032700 base_val_bce=0.648714 base_best=N base_cls_epoch=20 epoch_seconds=3.6 task_elapsed_minutes=3.0 gpu_alloc_gb=0.318 gpu_reserved_gb=1.744
[SSL] repeat=4 scope=internal_cv fold=6 epoch=38/50 ssl_loss=0.048819 lr=0.000028229 base_val_bce=0.654633 base_best=N base_cls_epoch=20 epoch_seconds=2.8 task_elapsed_minutes=3.1 gpu_alloc_gb=0.317 gpu_reserved_gb=2.008
[SSL] repeat=4 scope=internal_cv fold=6 epoch=39/50 ssl_loss=0.043231 lr=0.000024006 base_val_bce=0.650608 base_best=N base_cls_epoch=23 epoch_seconds=3.8 task_elapsed_minutes=3.1 gpu_alloc_gb=0.318 gpu_reserved_gb=1.744
CHECKPOINT_LATEST repeat=4 scope=internal_cv fold=6 phase=ssl epoch=40 path=/data/adodas/VarCoNet-V2-main/xiaolunwen/experiment1c/checkpoints/worker_r4_latest.pt
[SSL] repeat=4 scope=internal_cv fold=6 epoch=40/50 ssl_loss=0.034832 lr=0.000020058 base_val_bce=0.653426 base_best=N base_cls_epoch=24 epoch_seconds=4.3 task_elapsed_minutes=3.2 gpu_alloc_gb=0.317 gpu_reserved_gb=2.008
[SSL] repeat=4 scope=internal_cv fold=6 epoch=41/50 ssl_loss=0.036331 lr=0.000016408 base_val_bce=0.653309 base_best=N base_cls_epoch=21 epoch_seconds=3.8 task_elapsed_minutes=3.3 gpu_alloc_gb=0.318 gpu_reserved_gb=1.744
[SSL] repeat=4 scope=internal_cv fold=6 epoch=42/50 ssl_loss=0.040078 lr=0.000013079 base_val_bce=0.645734 base_best=N base_cls_epoch=26 epoch_seconds=3.9 task_elapsed_minutes=3.3 gpu_alloc_gb=0.317 gpu_reserved_gb=2.008
[SSL] repeat=4 scope=internal_cv fold=6 epoch=43/50 ssl_loss=0.041851 lr=0.000010091 base_val_bce=0.661096 base_best=N base_cls_epoch=19 epoch_seconds=3.8 task_elapsed_minutes=3.4 gpu_alloc_gb=0.318 gpu_reserved_gb=1.744
[SSL] repeat=4 scope=internal_cv fold=6 epoch=44/50 ssl_loss=0.026453 lr=0.000007464 base_val_bce=0.657438 base_best=N base_cls_epoch=24 epoch_seconds=3.9 task_elapsed_minutes=3.5 gpu_alloc_gb=0.317 gpu_reserved_gb=2.008
[SSL] repeat=4 scope=internal_cv fold=6 epoch=45/50 ssl_loss=0.038685 lr=0.000005213 base_val_bce=0.664337 base_best=N base_cls_epoch=26 epoch_seconds=3.8 task_elapsed_minutes=3.5 gpu_alloc_gb=0.318 gpu_reserved_gb=1.744
[SSL] repeat=4 scope=internal_cv fold=6 epoch=46/50 ssl_loss=0.037540 lr=0.000003352 base_val_bce=0.659347 base_best=N base_cls_epoch=26 epoch_seconds=3.9 task_elapsed_minutes=3.6 gpu_alloc_gb=0.317 gpu_reserved_gb=2.008
CHECKPOINT_BEST repeat=4 scope=internal_cv fold=6 phase=ssl epoch=47 path=/data/adodas/VarCoNet-V2-main/xiaolunwen/experiment1c/checkpoints/worker_r4_best.pt
[SSL] repeat=4 scope=internal_cv fold=6 epoch=47/50 ssl_loss=0.039395 lr=0.000001892 base_val_bce=0.641143 base_best=Y base_cls_epoch=23 epoch_seconds=4.2 task_elapsed_minutes=3.7 gpu_alloc_gb=0.318 gpu_reserved_gb=1.744
[SSL] repeat=4 scope=internal_cv fold=6 epoch=48/50 ssl_loss=0.044347 lr=0.000000843 base_val_bce=0.646015 base_best=N base_cls_epoch=26 epoch_seconds=4.0 task_elapsed_minutes=3.7 gpu_alloc_gb=0.317 gpu_reserved_gb=2.008
[SSL] repeat=4 scope=internal_cv fold=6 epoch=49/50 ssl_loss=0.032981 lr=0.000000211 base_val_bce=0.642681 base_best=N base_cls_epoch=27 epoch_seconds=3.9 task_elapsed_minutes=3.8 gpu_alloc_gb=0.318 gpu_reserved_gb=1.744
CHECKPOINT_LATEST repeat=4 scope=internal_cv fold=6 phase=ssl epoch=50 path=/data/adodas/VarCoNet-V2-main/xiaolunwen/experiment1c/checkpoints/worker_r4_latest.pt
[SSL] repeat=4 scope=internal_cv fold=6 epoch=50/50 ssl_loss=0.035049 lr=0.000000000 base_val_bce=0.653814 base_best=N base_cls_epoch=21 epoch_seconds=4.1 task_elapsed_minutes=3.9 gpu_alloc_gb=0.317 gpu_reserved_gb=2.008
[CRSM_ZERO_BASELINE] repeat=4 scope=internal_cv fold=6 epoch=0 exact_zero=Y val_bce=0.641143 probability_max_abs=5.96e-08
CHECKPOINT_LATEST repeat=4 scope=internal_cv fold=6 phase=crsm_corrected epoch=0 path=/data/adodas/VarCoNet-V2-main/xiaolunwen/experiment1c/checkpoints/worker_r4_latest.pt
CHECKPOINT_BEST repeat=4 scope=internal_cv fold=6 phase=crsm_corrected epoch=0 path=/data/adodas/VarCoNet-V2-main/xiaolunwen/experiment1c/checkpoints/worker_r4_best.pt
CHECKPOINT_BEST repeat=4 scope=internal_cv fold=6 phase=crsm_corrected epoch=0 path=/data/adodas/VarCoNet-V2-main/xiaolunwen/experiment1c/checkpoints/worker_r4_best.pt
CHECKPOINT_LATEST repeat=4 scope=internal_cv fold=6 phase=crsm_corrected epoch=0 path=/data/adodas/VarCoNet-V2-main/xiaolunwen/experiment1c/checkpoints/worker_r4_latest.pt
[CRSM_SYMMETRY_START] repeat=4 scope=internal_cv fold=6 after_exact_zero=Y pca_unit_norm=1.00000000 pca_singular=153.530823 symmetry_scale=0.00144586619
CHECKPOINT_LATEST repeat=4 scope=internal_cv fold=6 phase=crsm_corrected epoch=10 path=/data/adodas/VarCoNet-V2-main/xiaolunwen/experiment1c/checkpoints/worker_r4_latest.pt
[CRSM_CORRECTED] repeat=4 scope=internal_cv fold=6 epoch=10/149 train_loss=0.307686 val_bce=0.648577 best=N best_epoch=0 asd_mass=(0.5034,0.4966) hc_mass=(0.5000,0.5000) delta_l2=(0.131758,0.131322) epoch_seconds=0.26
CHECKPOINT_LATEST repeat=4 scope=internal_cv fold=6 phase=crsm_corrected epoch=20 path=/data/adodas/VarCoNet-V2-main/xiaolunwen/experiment1c/checkpoints/worker_r4_latest.pt
[CRSM_CORRECTED] repeat=4 scope=internal_cv fold=6 epoch=20/149 train_loss=0.269410 val_bce=0.663156 best=N best_epoch=0 asd_mass=(0.5056,0.4944) hc_mass=(0.5000,0.5000) delta_l2=(0.252519,0.252079) epoch_seconds=0.27
CHECKPOINT_LATEST repeat=4 scope=internal_cv fold=6 phase=crsm_corrected epoch=30 path=/data/adodas/VarCoNet-V2-main/xiaolunwen/experiment1c/checkpoints/worker_r4_latest.pt
[CRSM_CORRECTED] repeat=4 scope=internal_cv fold=6 epoch=30/149 train_loss=0.242362 val_bce=0.681575 best=N best_epoch=0 asd_mass=(0.5091,0.4909) hc_mass=(0.5000,0.5000) delta_l2=(0.361004,0.360556) epoch_seconds=0.30
CHECKPOINT_LATEST repeat=4 scope=internal_cv fold=6 phase=crsm_corrected epoch=40 path=/data/adodas/VarCoNet-V2-main/xiaolunwen/experiment1c/checkpoints/worker_r4_latest.pt
[CRSM_CORRECTED] repeat=4 scope=internal_cv fold=6 epoch=40/149 train_loss=0.223002 val_bce=0.701489 best=N best_epoch=0 asd_mass=(0.5144,0.4856) hc_mass=(0.5000,0.5000) delta_l2=(0.457677,0.457229) epoch_seconds=0.25
CHECKPOINT_LATEST repeat=4 scope=internal_cv fold=6 phase=crsm_corrected epoch=50 path=/data/adodas/VarCoNet-V2-main/xiaolunwen/experiment1c/checkpoints/worker_r4_latest.pt
[CRSM_CORRECTED] repeat=4 scope=internal_cv fold=6 epoch=50/149 train_loss=0.208889 val_bce=0.722102 best=N best_epoch=0 asd_mass=(0.5215,0.4785) hc_mass=(0.5000,0.5000) delta_l2=(0.543859,0.543405) epoch_seconds=0.29
CHECKPOINT_LATEST repeat=4 scope=internal_cv fold=6 phase=crsm_corrected epoch=60 path=/data/adodas/VarCoNet-V2-main/xiaolunwen/experiment1c/checkpoints/worker_r4_latest.pt
[CRSM_CORRECTED] repeat=4 scope=internal_cv fold=6 epoch=60/149 train_loss=0.198363 val_bce=0.743418 best=N best_epoch=0 asd_mass=(0.5290,0.4710) hc_mass=(0.5000,0.5000) delta_l2=(0.620900,0.620551) epoch_seconds=0.24
CHECKPOINT_LATEST repeat=4 scope=internal_cv fold=6 phase=crsm_corrected epoch=70 path=/data/adodas/VarCoNet-V2-main/xiaolunwen/experiment1c/checkpoints/worker_r4_latest.pt
[CRSM_CORRECTED] repeat=4 scope=internal_cv fold=6 epoch=70/149 train_loss=0.190312 val_bce=0.764947 best=N best_epoch=0 asd_mass=(0.5354,0.4646) hc_mass=(0.5000,0.5000) delta_l2=(0.689957,0.690173) epoch_seconds=0.25
CHECKPOINT_LATEST repeat=4 scope=internal_cv fold=6 phase=crsm_corrected epoch=80 path=/data/adodas/VarCoNet-V2-main/xiaolunwen/experiment1c/checkpoints/worker_r4_latest.pt
[CRSM_CORRECTED] repeat=4 scope=internal_cv fold=6 epoch=80/149 train_loss=0.184010 val_bce=0.786503 best=N best_epoch=0 asd_mass=(0.5395,0.4605) hc_mass=(0.5000,0.5000) delta_l2=(0.752037,0.753678) epoch_seconds=0.24
CHECKPOINT_LATEST repeat=4 scope=internal_cv fold=6 phase=crsm_corrected epoch=90 path=/data/adodas/VarCoNet-V2-main/xiaolunwen/experiment1c/checkpoints/worker_r4_latest.pt
[CRSM_CORRECTED] repeat=4 scope=internal_cv fold=6 epoch=90/149 train_loss=0.178994 val_bce=0.807991 best=N best_epoch=0 asd_mass=(0.5416,0.4584) hc_mass=(0.5000,0.5000) delta_l2=(0.808053,0.812190) epoch_seconds=0.30
CHECKPOINT_LATEST repeat=4 scope=internal_cv fold=6 phase=crsm_corrected epoch=100 path=/data/adodas/VarCoNet-V2-main/xiaolunwen/experiment1c/checkpoints/worker_r4_latest.pt
[CRSM_CORRECTED] repeat=4 scope=internal_cv fold=6 epoch=100/149 train_loss=0.174957 val_bce=0.829107 best=N best_epoch=0 asd_mass=(0.5425,0.4575) hc_mass=(0.5000,0.5000) delta_l2=(0.858836,0.866461) epoch_seconds=0.25
CHECKPOINT_LATEST repeat=4 scope=internal_cv fold=6 phase=crsm_corrected epoch=110 path=/data/adodas/VarCoNet-V2-main/xiaolunwen/experiment1c/checkpoints/worker_r4_latest.pt
[CRSM_CORRECTED] repeat=4 scope=internal_cv fold=6 epoch=110/149 train_loss=0.171682 val_bce=0.849630 best=N best_epoch=0 asd_mass=(0.5428,0.4572) hc_mass=(0.5000,0.5000) delta_l2=(0.905124,0.916946) epoch_seconds=0.25
CHECKPOINT_LATEST repeat=4 scope=internal_cv fold=6 phase=crsm_corrected epoch=120 path=/data/adodas/VarCoNet-V2-main/xiaolunwen/experiment1c/checkpoints/worker_r4_latest.pt
[CRSM_CORRECTED] repeat=4 scope=internal_cv fold=6 epoch=120/149 train_loss=0.169005 val_bce=0.869422 best=N best_epoch=0 asd_mass=(0.5428,0.4572) hc_mass=(0.5000,0.5000) delta_l2=(0.947553,0.963946) epoch_seconds=0.43
CHECKPOINT_LATEST repeat=4 scope=internal_cv fold=6 phase=crsm_corrected epoch=130 path=/data/adodas/VarCoNet-V2-main/xiaolunwen/experiment1c/checkpoints/worker_r4_latest.pt
[CRSM_CORRECTED] repeat=4 scope=internal_cv fold=6 epoch=130/149 train_loss=0.166801 val_bce=0.888436 best=N best_epoch=0 asd_mass=(0.5426,0.4574) hc_mass=(0.5000,0.5000) delta_l2=(0.986658,1.007710) epoch_seconds=0.24
CHECKPOINT_LATEST repeat=4 scope=internal_cv fold=6 phase=crsm_corrected epoch=140 path=/data/adodas/VarCoNet-V2-main/xiaolunwen/experiment1c/checkpoints/worker_r4_latest.pt
[CRSM_CORRECTED] repeat=4 scope=internal_cv fold=6 epoch=140/149 train_loss=0.164971 val_bce=0.906657 best=N best_epoch=0 asd_mass=(0.5425,0.4575) hc_mass=(0.5000,0.5000) delta_l2=(1.022887,1.048478) epoch_seconds=0.43
CHECKPOINT_LATEST repeat=4 scope=internal_cv fold=6 phase=crsm_corrected epoch=149 path=/data/adodas/VarCoNet-V2-main/xiaolunwen/experiment1c/checkpoints/worker_r4_latest.pt
[CRSM_CORRECTED] repeat=4 scope=internal_cv fold=6 epoch=149/149 train_loss=0.163581 val_bce=0.922365 best=N best_epoch=0 asd_mass=(0.5423,0.4577) hc_mass=(0.5000,0.5000) delta_l2=(1.053339,1.082812) epoch_seconds=0.41
[SNDE_NORMATIVE] repeat=4 scope=internal_cv fold=6 n_unique_asd=357 n_unique_hc=317 roi_dim=384 std_floor=0.0013275816 pc1_explained_fraction=0.219048 hc_score_mean_before_norm=-8.42362e-08 hc_score_std_before_norm=7.53265 asd_positive_fraction=0.1289 asd_negative_fraction=0.0000 asd_generalist_fraction=0.8711 hc_positive_fraction=0.1009 hc_negative_fraction=0.0032 hc_generalist_fraction=0.8959
[SNDE_ZERO_BASELINE] repeat=4 scope=internal_cv fold=6 epoch=0 exact_zero=Y val_bce=0.641143 probability_max_abs=5.96e-08
CHECKPOINT_BEST repeat=4 scope=internal_cv fold=6 phase=snde epoch=0 path=/data/adodas/VarCoNet-V2-main/xiaolunwen/experiment1c/checkpoints/worker_r4_best.pt
CHECKPOINT_LATEST repeat=4 scope=internal_cv fold=6 phase=snde epoch=0 path=/data/adodas/VarCoNet-V2-main/xiaolunwen/experiment1c/checkpoints/worker_r4_latest.pt
CHECKPOINT_BEST repeat=4 scope=internal_cv fold=6 phase=snde epoch=2 path=/data/adodas/VarCoNet-V2-main/xiaolunwen/experiment1c/checkpoints/worker_r4_best.pt
CHECKPOINT_LATEST repeat=4 scope=internal_cv fold=6 phase=snde epoch=2 path=/data/adodas/VarCoNet-V2-main/xiaolunwen/experiment1c/checkpoints/worker_r4_latest.pt
[SNDE] repeat=4 scope=internal_cv fold=6 epoch=2/149 train_bce=0.357584 val_bce=0.639618 best=Y best_epoch=2 asd_gate=(+0.129,-0.000,g0.871) hc_gate=(+0.101,-0.003,g0.896) pos_weight_l2=0.025186 neg_weight_l2=0.039089 mean_abs_pos_correction=0.033917 mean_abs_neg_correction=0.000125 elapsed_seconds=0.70
CHECKPOINT_BEST repeat=4 scope=internal_cv fold=6 phase=snde epoch=3 path=/data/adodas/VarCoNet-V2-main/xiaolunwen/experiment1c/checkpoints/worker_r4_best.pt
CHECKPOINT_LATEST repeat=4 scope=internal_cv fold=6 phase=snde epoch=3 path=/data/adodas/VarCoNet-V2-main/xiaolunwen/experiment1c/checkpoints/worker_r4_latest.pt
[SNDE] repeat=4 scope=internal_cv fold=6 epoch=3/149 train_bce=0.351446 val_bce=0.638027 best=Y best_epoch=3 asd_gate=(+0.129,-0.000,g0.871) hc_gate=(+0.101,-0.003,g0.896) pos_weight_l2=0.033323 neg_weight_l2=0.058587 mean_abs_pos_correction=0.043498 mean_abs_neg_correction=0.000187 elapsed_seconds=0.70
CHECKPOINT_BEST repeat=4 scope=internal_cv fold=6 phase=snde epoch=4 path=/data/adodas/VarCoNet-V2-main/xiaolunwen/experiment1c/checkpoints/worker_r4_best.pt
CHECKPOINT_LATEST repeat=4 scope=internal_cv fold=6 phase=snde epoch=4 path=/data/adodas/VarCoNet-V2-main/xiaolunwen/experiment1c/checkpoints/worker_r4_latest.pt
[SNDE] repeat=4 scope=internal_cv fold=6 epoch=4/149 train_bce=0.352754 val_bce=0.637577 best=Y best_epoch=4 asd_gate=(+0.129,-0.000,g0.871) hc_gate=(+0.101,-0.003,g0.896) pos_weight_l2=0.040620 neg_weight_l2=0.078035 mean_abs_pos_correction=0.049042 mean_abs_neg_correction=0.000250 elapsed_seconds=1.05
CHECKPOINT_BEST repeat=4 scope=internal_cv fold=6 phase=snde epoch=5 path=/data/adodas/VarCoNet-V2-main/xiaolunwen/experiment1c/checkpoints/worker_r4_best.pt
CHECKPOINT_LATEST repeat=4 scope=internal_cv fold=6 phase=snde epoch=5 path=/data/adodas/VarCoNet-V2-main/xiaolunwen/experiment1c/checkpoints/worker_r4_latest.pt
[SNDE] repeat=4 scope=internal_cv fold=6 epoch=5/149 train_bce=0.351616 val_bce=0.637173 best=Y best_epoch=5 asd_gate=(+0.129,-0.000,g0.871) hc_gate=(+0.101,-0.003,g0.896) pos_weight_l2=0.047297 neg_weight_l2=0.097420 mean_abs_pos_correction=0.053076 mean_abs_neg_correction=0.000312 elapsed_seconds=0.89
CHECKPOINT_LATEST repeat=4 scope=internal_cv fold=6 phase=snde epoch=10 path=/data/adodas/VarCoNet-V2-main/xiaolunwen/experiment1c/checkpoints/worker_r4_latest.pt
[SNDE] repeat=4 scope=internal_cv fold=6 epoch=10/149 train_bce=0.347038 val_bce=0.637971 best=N best_epoch=5 asd_gate=(+0.129,-0.000,g0.871) hc_gate=(+0.101,-0.003,g0.896) pos_weight_l2=0.077577 neg_weight_l2=0.192925 mean_abs_pos_correction=0.112123 mean_abs_neg_correction=0.000617 elapsed_seconds=0.38
CHECKPOINT_BEST repeat=4 scope=internal_cv fold=6 phase=snde epoch=12 path=/data/adodas/VarCoNet-V2-main/xiaolunwen/experiment1c/checkpoints/worker_r4_best.pt
CHECKPOINT_LATEST repeat=4 scope=internal_cv fold=6 phase=snde epoch=12 path=/data/adodas/VarCoNet-V2-main/xiaolunwen/experiment1c/checkpoints/worker_r4_latest.pt
[SNDE] repeat=4 scope=internal_cv fold=6 epoch=12/149 train_bce=0.345966 val_bce=0.636881 best=Y best_epoch=12 asd_gate=(+0.129,-0.000,g0.871) hc_gate=(+0.101,-0.003,g0.896) pos_weight_l2=0.087539 neg_weight_l2=0.230227 mean_abs_pos_correction=0.117457 mean_abs_neg_correction=0.000736 elapsed_seconds=0.85
CHECKPOINT_BEST repeat=4 scope=internal_cv fold=6 phase=snde epoch=13 path=/data/adodas/VarCoNet-V2-main/xiaolunwen/experiment1c/checkpoints/worker_r4_best.pt
CHECKPOINT_LATEST repeat=4 scope=internal_cv fold=6 phase=snde epoch=13 path=/data/adodas/VarCoNet-V2-main/xiaolunwen/experiment1c/checkpoints/worker_r4_latest.pt
[SNDE] repeat=4 scope=internal_cv fold=6 epoch=13/149 train_bce=0.345380 val_bce=0.636287 best=Y best_epoch=13 asd_gate=(+0.129,-0.000,g0.871) hc_gate=(+0.101,-0.003,g0.896) pos_weight_l2=0.092237 neg_weight_l2=0.248638 mean_abs_pos_correction=0.117940 mean_abs_neg_correction=0.000795 elapsed_seconds=0.96
CHECKPOINT_BEST repeat=4 scope=internal_cv fold=6 phase=snde epoch=14 path=/data/adodas/VarCoNet-V2-main/xiaolunwen/experiment1c/checkpoints/worker_r4_best.pt
CHECKPOINT_LATEST repeat=4 scope=internal_cv fold=6 phase=snde epoch=14 path=/data/adodas/VarCoNet-V2-main/xiaolunwen/experiment1c/checkpoints/worker_r4_latest.pt
[SNDE] repeat=4 scope=internal_cv fold=6 epoch=14/149 train_bce=0.344850 val_bce=0.635830 best=Y best_epoch=14 asd_gate=(+0.129,-0.000,g0.871) hc_gate=(+0.101,-0.003,g0.896) pos_weight_l2=0.096800 neg_weight_l2=0.266877 mean_abs_pos_correction=0.117962 mean_abs_neg_correction=0.000854 elapsed_seconds=1.39
CHECKPOINT_BEST repeat=4 scope=internal_cv fold=6 phase=snde epoch=15 path=/data/adodas/VarCoNet-V2-main/xiaolunwen/experiment1c/checkpoints/worker_r4_best.pt
CHECKPOINT_LATEST repeat=4 scope=internal_cv fold=6 phase=snde epoch=15 path=/data/adodas/VarCoNet-V2-main/xiaolunwen/experiment1c/checkpoints/worker_r4_latest.pt
[SNDE] repeat=4 scope=internal_cv fold=6 epoch=15/149 train_bce=0.344401 val_bce=0.635566 best=Y best_epoch=15 asd_gate=(+0.129,-0.000,g0.871) hc_gate=(+0.101,-0.003,g0.896) pos_weight_l2=0.101249 neg_weight_l2=0.284933 mean_abs_pos_correction=0.117902 mean_abs_neg_correction=0.000911 elapsed_seconds=0.79
CHECKPOINT_BEST repeat=4 scope=internal_cv fold=6 phase=snde epoch=16 path=/data/adodas/VarCoNet-V2-main/xiaolunwen/experiment1c/checkpoints/worker_r4_best.pt
CHECKPOINT_LATEST repeat=4 scope=internal_cv fold=6 phase=snde epoch=16 path=/data/adodas/VarCoNet-V2-main/xiaolunwen/experiment1c/checkpoints/worker_r4_latest.pt
[SNDE] repeat=4 scope=internal_cv fold=6 epoch=16/149 train_bce=0.344029 val_bce=0.635490 best=Y best_epoch=16 asd_gate=(+0.129,-0.000,g0.871) hc_gate=(+0.101,-0.003,g0.896) pos_weight_l2=0.105597 neg_weight_l2=0.302798 mean_abs_pos_correction=0.117893 mean_abs_neg_correction=0.000969 elapsed_seconds=0.70
CHECKPOINT_LATEST repeat=4 scope=internal_cv fold=6 phase=snde epoch=20 path=/data/adodas/VarCoNet-V2-main/xiaolunwen/experiment1c/checkpoints/worker_r4_latest.pt
[SNDE] repeat=4 scope=internal_cv fold=6 epoch=20/149 train_bce=0.342969 val_bce=0.635979 best=N best_epoch=16 asd_gate=(+0.129,-0.000,g0.871) hc_gate=(+0.101,-0.003,g0.896) pos_weight_l2=0.122091 neg_weight_l2=0.372195 mean_abs_pos_correction=0.124314 mean_abs_neg_correction=0.001191 elapsed_seconds=0.66
CHECKPOINT_LATEST repeat=4 scope=internal_cv fold=6 phase=snde epoch=30 path=/data/adodas/VarCoNet-V2-main/xiaolunwen/experiment1c/checkpoints/worker_r4_latest.pt
[SNDE] repeat=4 scope=internal_cv fold=6 epoch=30/149 train_bce=0.340713 val_bce=0.636305 best=N best_epoch=16 asd_gate=(+0.129,-0.000,g0.871) hc_gate=(+0.101,-0.003,g0.896) pos_weight_l2=0.158241 neg_weight_l2=0.529629 mean_abs_pos_correction=0.165375 mean_abs_neg_correction=0.001695 elapsed_seconds=0.41
CHECKPOINT_LATEST repeat=4 scope=internal_cv fold=6 phase=snde epoch=40 path=/data/adodas/VarCoNet-V2-main/xiaolunwen/experiment1c/checkpoints/worker_r4_latest.pt
[SNDE] repeat=4 scope=internal_cv fold=6 epoch=40/149 train_bce=0.339217 val_bce=0.637992 best=N best_epoch=16 asd_gate=(+0.129,-0.000,g0.871) hc_gate=(+0.101,-0.003,g0.896) pos_weight_l2=0.188630 neg_weight_l2=0.663486 mean_abs_pos_correction=0.174907 mean_abs_neg_correction=0.002123 elapsed_seconds=0.82
CHECKPOINT_LATEST repeat=4 scope=internal_cv fold=6 phase=snde epoch=50 path=/data/adodas/VarCoNet-V2-main/xiaolunwen/experiment1c/checkpoints/worker_r4_latest.pt
[SNDE] repeat=4 scope=internal_cv fold=6 epoch=50/149 train_bce=0.338133 val_bce=0.639037 best=N best_epoch=16 asd_gate=(+0.129,-0.000,g0.871) hc_gate=(+0.101,-0.003,g0.896) pos_weight_l2=0.216190 neg_weight_l2=0.776368 mean_abs_pos_correction=0.192395 mean_abs_neg_correction=0.002484 elapsed_seconds=0.68
CHECKPOINT_LATEST repeat=4 scope=internal_cv fold=6 phase=snde epoch=60 path=/data/adodas/VarCoNet-V2-main/xiaolunwen/experiment1c/checkpoints/worker_r4_latest.pt
[SNDE] repeat=4 scope=internal_cv fold=6 epoch=60/149 train_bce=0.337301 val_bce=0.640239 best=N best_epoch=16 asd_gate=(+0.129,-0.000,g0.871) hc_gate=(+0.101,-0.003,g0.896) pos_weight_l2=0.241662 neg_weight_l2=0.872383 mean_abs_pos_correction=0.205893 mean_abs_neg_correction=0.002792 elapsed_seconds=0.42
CHECKPOINT_LATEST repeat=4 scope=internal_cv fold=6 phase=snde epoch=70 path=/data/adodas/VarCoNet-V2-main/xiaolunwen/experiment1c/checkpoints/worker_r4_latest.pt
[SNDE] repeat=4 scope=internal_cv fold=6 epoch=70/149 train_bce=0.336625 val_bce=0.641471 best=N best_epoch=16 asd_gate=(+0.129,-0.000,g0.871) hc_gate=(+0.101,-0.003,g0.896) pos_weight_l2=0.265539 neg_weight_l2=0.955415 mean_abs_pos_correction=0.216577 mean_abs_neg_correction=0.003058 elapsed_seconds=0.44
CHECKPOINT_LATEST repeat=4 scope=internal_cv fold=6 phase=snde epoch=80 path=/data/adodas/VarCoNet-V2-main/xiaolunwen/experiment1c/checkpoints/worker_r4_latest.pt
[SNDE] repeat=4 scope=internal_cv fold=6 epoch=80/149 train_bce=0.336058 val_bce=0.642248 best=N best_epoch=16 asd_gate=(+0.129,-0.000,g0.871) hc_gate=(+0.101,-0.003,g0.896) pos_weight_l2=0.288221 neg_weight_l2=1.028532 mean_abs_pos_correction=0.228682 mean_abs_neg_correction=0.003292 elapsed_seconds=0.75
CHECKPOINT_LATEST repeat=4 scope=internal_cv fold=6 phase=snde epoch=90 path=/data/adodas/VarCoNet-V2-main/xiaolunwen/experiment1c/checkpoints/worker_r4_latest.pt
[SNDE] repeat=4 scope=internal_cv fold=6 epoch=90/149 train_bce=0.335568 val_bce=0.643051 best=N best_epoch=16 asd_gate=(+0.129,-0.000,g0.871) hc_gate=(+0.101,-0.003,g0.896) pos_weight_l2=0.309888 neg_weight_l2=1.093976 mean_abs_pos_correction=0.238699 mean_abs_neg_correction=0.003502 elapsed_seconds=0.45
CHECKPOINT_LATEST repeat=4 scope=internal_cv fold=6 phase=snde epoch=100 path=/data/adodas/VarCoNet-V2-main/xiaolunwen/experiment1c/checkpoints/worker_r4_latest.pt
[SNDE] repeat=4 scope=internal_cv fold=6 epoch=100/149 train_bce=0.335135 val_bce=0.643697 best=N best_epoch=16 asd_gate=(+0.129,-0.000,g0.871) hc_gate=(+0.101,-0.003,g0.896) pos_weight_l2=0.330772 neg_weight_l2=1.153345 mean_abs_pos_correction=0.248653 mean_abs_neg_correction=0.003692 elapsed_seconds=0.60
CHECKPOINT_LATEST repeat=4 scope=internal_cv fold=6 phase=snde epoch=110 path=/data/adodas/VarCoNet-V2-main/xiaolunwen/experiment1c/checkpoints/worker_r4_latest.pt
[SNDE] repeat=4 scope=internal_cv fold=6 epoch=110/149 train_bce=0.334746 val_bce=0.644325 best=N best_epoch=16 asd_gate=(+0.129,-0.000,g0.871) hc_gate=(+0.101,-0.003,g0.896) pos_weight_l2=0.351036 neg_weight_l2=1.207782 mean_abs_pos_correction=0.258077 mean_abs_neg_correction=0.003866 elapsed_seconds=0.45
CHECKPOINT_LATEST repeat=4 scope=internal_cv fold=6 phase=snde epoch=120 path=/data/adodas/VarCoNet-V2-main/xiaolunwen/experiment1c/checkpoints/worker_r4_latest.pt
[SNDE] repeat=4 scope=internal_cv fold=6 epoch=120/149 train_bce=0.334393 val_bce=0.644990 best=N best_epoch=16 asd_gate=(+0.129,-0.000,g0.871) hc_gate=(+0.101,-0.003,g0.896) pos_weight_l2=0.370804 neg_weight_l2=1.258121 mean_abs_pos_correction=0.266872 mean_abs_neg_correction=0.004028 elapsed_seconds=0.41
CHECKPOINT_LATEST repeat=4 scope=internal_cv fold=6 phase=snde epoch=130 path=/data/adodas/VarCoNet-V2-main/xiaolunwen/experiment1c/checkpoints/worker_r4_latest.pt
[SNDE] repeat=4 scope=internal_cv fold=6 epoch=130/149 train_bce=0.334067 val_bce=0.645627 best=N best_epoch=16 asd_gate=(+0.129,-0.000,g0.871) hc_gate=(+0.101,-0.003,g0.896) pos_weight_l2=0.390173 neg_weight_l2=1.304988 mean_abs_pos_correction=0.275503 mean_abs_neg_correction=0.004178 elapsed_seconds=0.59
CHECKPOINT_LATEST repeat=4 scope=internal_cv fold=6 phase=snde epoch=140 path=/data/adodas/VarCoNet-V2-main/xiaolunwen/experiment1c/checkpoints/worker_r4_latest.pt
[SNDE] repeat=4 scope=internal_cv fold=6 epoch=140/149 train_bce=0.333765 val_bce=0.646281 best=N best_epoch=16 asd_gate=(+0.129,-0.000,g0.871) hc_gate=(+0.101,-0.003,g0.896) pos_weight_l2=0.409212 neg_weight_l2=1.348867 mean_abs_pos_correction=0.283760 mean_abs_neg_correction=0.004319 elapsed_seconds=0.54
CHECKPOINT_LATEST repeat=4 scope=internal_cv fold=6 phase=snde epoch=149 path=/data/adodas/VarCoNet-V2-main/xiaolunwen/experiment1c/checkpoints/worker_r4_latest.pt
[SNDE] repeat=4 scope=internal_cv fold=6 epoch=149/149 train_bce=0.333511 val_bce=0.646880 best=N best_epoch=16 asd_gate=(+0.129,-0.000,g0.871) hc_gate=(+0.101,-0.003,g0.896) pos_weight_l2=0.426114 neg_weight_l2=1.386120 mean_abs_pos_correction=0.290951 mean_abs_neg_correction=0.004438 elapsed_seconds=0.56
TASK_TRAINING_DONE repeat=4 scope=internal_cv fold=6 base_encoder_epoch=47 base_classifier_epoch=23 base_val_bce=0.641143 crsm_epoch=0 crsm_val_bce=0.641143 snde_epoch=16 snde_val_bce=0.635490 elapsed_minutes=4.5
TASK_DONE repeat=4 scope=internal_fold fold=6 method=baseline selected_encoder_epoch=47 test_auc=0.768033 test_bce=0.576514 elapsed_minutes=4.5
TASK_DONE repeat=4 scope=internal_fold fold=6 method=crsm_corrected selected_encoder_epoch=47 test_auc=0.768033 test_bce=0.576514 elapsed_minutes=4.5
TASK_DONE repeat=4 scope=internal_fold fold=6 method=selective_normative_deviation_experts selected_encoder_epoch=47 test_auc=0.749870 test_bce=0.585421 elapsed_minutes=4.5
TASK_START repeat=4 scope=internal_cv fold=7 seed=100407 device=cuda:0 methods=baseline,crsm_corrected,selective_normative_deviation_experts shared_encoder=Y reference_unique_n=674 train_n=750 val_n=120
CHECKPOINT_BEST repeat=4 scope=internal_cv fold=7 phase=ssl epoch=1 path=/data/adodas/VarCoNet-V2-main/xiaolunwen/experiment1c/checkpoints/worker_r4_best.pt
[SSL] repeat=4 scope=internal_cv fold=7 epoch=1/50 ssl_loss=0.077025 lr=0.000024107 base_val_bce=0.644184 base_best=Y base_cls_epoch=22 epoch_seconds=6.1 task_elapsed_minutes=0.1 gpu_alloc_gb=0.318 gpu_reserved_gb=1.744
CHECKPOINT_BEST repeat=4 scope=internal_cv fold=7 phase=ssl epoch=2 path=/data/adodas/VarCoNet-V2-main/xiaolunwen/experiment1c/checkpoints/worker_r4_best.pt
[SSL] repeat=4 scope=internal_cv fold=7 epoch=2/50 ssl_loss=0.095754 lr=0.000038214 base_val_bce=0.642343 base_best=Y base_cls_epoch=20 epoch_seconds=4.7 task_elapsed_minutes=0.2 gpu_alloc_gb=0.317 gpu_reserved_gb=2.008
[SSL] repeat=4 scope=internal_cv fold=7 epoch=3/50 ssl_loss=0.095206 lr=0.000052321 base_val_bce=0.650559 base_best=N base_cls_epoch=20 epoch_seconds=3.8 task_elapsed_minutes=0.3 gpu_alloc_gb=0.318 gpu_reserved_gb=1.744
[SSL] repeat=4 scope=internal_cv fold=7 epoch=4/50 ssl_loss=0.089828 lr=0.000066427 base_val_bce=0.652636 base_best=N base_cls_epoch=18 epoch_seconds=3.9 task_elapsed_minutes=0.3 gpu_alloc_gb=0.317 gpu_reserved_gb=2.008
[SSL] repeat=4 scope=internal_cv fold=7 epoch=5/50 ssl_loss=0.080296 lr=0.000080534 base_val_bce=0.651248 base_best=N base_cls_epoch=15 epoch_seconds=3.7 task_elapsed_minutes=0.4 gpu_alloc_gb=0.318 gpu_reserved_gb=1.744
[SSL] repeat=4 scope=internal_cv fold=7 epoch=6/50 ssl_loss=0.082060 lr=0.000094641 base_val_bce=0.650574 base_best=N base_cls_epoch=18 epoch_seconds=3.4 task_elapsed_minutes=0.4 gpu_alloc_gb=0.317 gpu_reserved_gb=2.008
[SSL] repeat=4 scope=internal_cv fold=7 epoch=7/50 ssl_loss=0.073315 lr=0.000108748 base_val_bce=0.649655 base_best=N base_cls_epoch=15 epoch_seconds=3.1 task_elapsed_minutes=0.5 gpu_alloc_gb=0.318 gpu_reserved_gb=1.744
[SSL] repeat=4 scope=internal_cv fold=7 epoch=8/50 ssl_loss=0.057910 lr=0.000122855 base_val_bce=0.658205 base_best=N base_cls_epoch=19 epoch_seconds=2.8 task_elapsed_minutes=0.5 gpu_alloc_gb=0.317 gpu_reserved_gb=2.008
[SSL] repeat=4 scope=internal_cv fold=7 epoch=9/50 ssl_loss=0.061239 lr=0.000136962 base_val_bce=0.664154 base_best=N base_cls_epoch=15 epoch_seconds=2.8 task_elapsed_minutes=0.6 gpu_alloc_gb=0.318 gpu_reserved_gb=1.744
CHECKPOINT_LATEST repeat=4 scope=internal_cv fold=7 phase=ssl epoch=10 path=/data/adodas/VarCoNet-V2-main/xiaolunwen/experiment1c/checkpoints/worker_r4_latest.pt
[SSL] repeat=4 scope=internal_cv fold=7 epoch=10/50 ssl_loss=0.049252 lr=0.000136962 base_val_bce=0.666388 base_best=N base_cls_epoch=16 epoch_seconds=3.3 task_elapsed_minutes=0.6 gpu_alloc_gb=0.317 gpu_reserved_gb=2.008
[SSL] repeat=4 scope=internal_cv fold=7 epoch=11/50 ssl_loss=0.061013 lr=0.000136751 base_val_bce=0.661416 base_best=N base_cls_epoch=14 epoch_seconds=2.9 task_elapsed_minutes=0.7 gpu_alloc_gb=0.318 gpu_reserved_gb=1.744
[SSL] repeat=4 scope=internal_cv fold=7 epoch=12/50 ssl_loss=0.055723 lr=0.000136119 base_val_bce=0.670832 base_best=N base_cls_epoch=14 epoch_seconds=3.3 task_elapsed_minutes=0.7 gpu_alloc_gb=0.317 gpu_reserved_gb=2.008
[SSL] repeat=4 scope=internal_cv fold=7 epoch=13/50 ssl_loss=0.051208 lr=0.000135070 base_val_bce=0.660485 base_best=N base_cls_epoch=13 epoch_seconds=4.7 task_elapsed_minutes=0.8 gpu_alloc_gb=0.318 gpu_reserved_gb=1.744
[SSL] repeat=4 scope=internal_cv fold=7 epoch=14/50 ssl_loss=0.049084 lr=0.000133610 base_val_bce=0.658218 base_best=N base_cls_epoch=17 epoch_seconds=3.2 task_elapsed_minutes=0.9 gpu_alloc_gb=0.317 gpu_reserved_gb=2.008
[SSL] repeat=4 scope=internal_cv fold=7 epoch=15/50 ssl_loss=0.035482 lr=0.000131749 base_val_bce=0.656332 base_best=N base_cls_epoch=15 epoch_seconds=2.8 task_elapsed_minutes=0.9 gpu_alloc_gb=0.318 gpu_reserved_gb=1.744
[SSL] repeat=4 scope=internal_cv fold=7 epoch=16/50 ssl_loss=0.035293 lr=0.000129498 base_val_bce=0.662699 base_best=N base_cls_epoch=15 epoch_seconds=3.0 task_elapsed_minutes=1.0 gpu_alloc_gb=0.317 gpu_reserved_gb=2.008
[SSL] repeat=4 scope=internal_cv fold=7 epoch=17/50 ssl_loss=0.035983 lr=0.000126870 base_val_bce=0.658609 base_best=N base_cls_epoch=15 epoch_seconds=6.6 task_elapsed_minutes=1.1 gpu_alloc_gb=0.318 gpu_reserved_gb=1.744
[SSL] repeat=4 scope=internal_cv fold=7 epoch=18/50 ssl_loss=0.043260 lr=0.000123883 base_val_bce=0.646671 base_best=N base_cls_epoch=15 epoch_seconds=5.6 task_elapsed_minutes=1.2 gpu_alloc_gb=0.317 gpu_reserved_gb=2.008
[SSL] repeat=4 scope=internal_cv fold=7 epoch=19/50 ssl_loss=0.040422 lr=0.000120554 base_val_bce=0.666089 base_best=N base_cls_epoch=15 epoch_seconds=3.3 task_elapsed_minutes=1.2 gpu_alloc_gb=0.318 gpu_reserved_gb=1.744
CHECKPOINT_LATEST repeat=4 scope=internal_cv fold=7 phase=ssl epoch=20 path=/data/adodas/VarCoNet-V2-main/xiaolunwen/experiment1c/checkpoints/worker_r4_latest.pt
[SSL] repeat=4 scope=internal_cv fold=7 epoch=20/50 ssl_loss=0.041625 lr=0.000116904 base_val_bce=0.661383 base_best=N base_cls_epoch=15 epoch_seconds=4.3 task_elapsed_minutes=1.3 gpu_alloc_gb=0.317 gpu_reserved_gb=2.008
[SSL] repeat=4 scope=internal_cv fold=7 epoch=21/50 ssl_loss=0.049691 lr=0.000112956 base_val_bce=0.653803 base_best=N base_cls_epoch=17 epoch_seconds=3.4 task_elapsed_minutes=1.4 gpu_alloc_gb=0.318 gpu_reserved_gb=1.744
[SSL] repeat=4 scope=internal_cv fold=7 epoch=22/50 ssl_loss=0.040292 lr=0.000108733 base_val_bce=0.647261 base_best=N base_cls_epoch=16 epoch_seconds=3.5 task_elapsed_minutes=1.4 gpu_alloc_gb=0.317 gpu_reserved_gb=2.008
[SSL] repeat=4 scope=internal_cv fold=7 epoch=23/50 ssl_loss=0.042310 lr=0.000104262 base_val_bce=0.648708 base_best=N base_cls_epoch=18 epoch_seconds=3.5 task_elapsed_minutes=1.5 gpu_alloc_gb=0.318 gpu_reserved_gb=1.744
[SSL] repeat=4 scope=internal_cv fold=7 epoch=24/50 ssl_loss=0.033839 lr=0.000099570 base_val_bce=0.668307 base_best=N base_cls_epoch=16 epoch_seconds=3.5 task_elapsed_minutes=1.5 gpu_alloc_gb=0.317 gpu_reserved_gb=2.008
[SSL] repeat=4 scope=internal_cv fold=7 epoch=25/50 ssl_loss=0.038428 lr=0.000094687 base_val_bce=0.659935 base_best=N base_cls_epoch=20 epoch_seconds=3.4 task_elapsed_minutes=1.6 gpu_alloc_gb=0.318 gpu_reserved_gb=1.744
[SSL] repeat=4 scope=internal_cv fold=7 epoch=26/50 ssl_loss=0.039028 lr=0.000089643 base_val_bce=0.655822 base_best=N base_cls_epoch=18 epoch_seconds=3.5 task_elapsed_minutes=1.7 gpu_alloc_gb=0.317 gpu_reserved_gb=2.008
[SSL] repeat=4 scope=internal_cv fold=7 epoch=27/50 ssl_loss=0.039392 lr=0.000084467 base_val_bce=0.655974 base_best=N base_cls_epoch=17 epoch_seconds=3.6 task_elapsed_minutes=1.7 gpu_alloc_gb=0.318 gpu_reserved_gb=1.744
[SSL] repeat=4 scope=internal_cv fold=7 epoch=28/50 ssl_loss=0.041755 lr=0.000079194 base_val_bce=0.668902 base_best=N base_cls_epoch=18 epoch_seconds=3.2 task_elapsed_minutes=1.8 gpu_alloc_gb=0.317 gpu_reserved_gb=2.008
[SSL] repeat=4 scope=internal_cv fold=7 epoch=29/50 ssl_loss=0.040004 lr=0.000073854 base_val_bce=0.660880 base_best=N base_cls_epoch=18 epoch_seconds=6.3 task_elapsed_minutes=1.9 gpu_alloc_gb=0.318 gpu_reserved_gb=1.744
CHECKPOINT_LATEST repeat=4 scope=internal_cv fold=7 phase=ssl epoch=30 path=/data/adodas/VarCoNet-V2-main/xiaolunwen/experiment1c/checkpoints/worker_r4_latest.pt
[SSL] repeat=4 scope=internal_cv fold=7 epoch=30/50 ssl_loss=0.032937 lr=0.000068481 base_val_bce=0.654766 base_best=N base_cls_epoch=16 epoch_seconds=5.4 task_elapsed_minutes=2.0 gpu_alloc_gb=0.317 gpu_reserved_gb=2.008
[SSL] repeat=4 scope=internal_cv fold=7 epoch=31/50 ssl_loss=0.034101 lr=0.000063108 base_val_bce=0.658580 base_best=N base_cls_epoch=17 epoch_seconds=4.9 task_elapsed_minutes=2.1 gpu_alloc_gb=0.318 gpu_reserved_gb=1.744
[SSL] repeat=4 scope=internal_cv fold=7 epoch=32/50 ssl_loss=0.032925 lr=0.000057768 base_val_bce=0.659255 base_best=N base_cls_epoch=19 epoch_seconds=3.1 task_elapsed_minutes=2.1 gpu_alloc_gb=0.317 gpu_reserved_gb=2.008
[SSL] repeat=4 scope=internal_cv fold=7 epoch=33/50 ssl_loss=0.039686 lr=0.000052494 base_val_bce=0.645193 base_best=N base_cls_epoch=18 epoch_seconds=2.7 task_elapsed_minutes=2.2 gpu_alloc_gb=0.318 gpu_reserved_gb=1.744
[SSL] repeat=4 scope=internal_cv fold=7 epoch=34/50 ssl_loss=0.036805 lr=0.000047319 base_val_bce=0.661563 base_best=N base_cls_epoch=17 epoch_seconds=7.0 task_elapsed_minutes=2.3 gpu_alloc_gb=0.317 gpu_reserved_gb=2.008
[SSL] repeat=4 scope=internal_cv fold=7 epoch=35/50 ssl_loss=0.032499 lr=0.000042274 base_val_bce=0.657836 base_best=N base_cls_epoch=18 epoch_seconds=7.4 task_elapsed_minutes=2.4 gpu_alloc_gb=0.318 gpu_reserved_gb=1.744
[SSL] repeat=4 scope=internal_cv fold=7 epoch=36/50 ssl_loss=0.035561 lr=0.000037391 base_val_bce=0.657242 base_best=N base_cls_epoch=19 epoch_seconds=6.0 task_elapsed_minutes=2.5 gpu_alloc_gb=0.317 gpu_reserved_gb=2.008
[SSL] repeat=4 scope=internal_cv fold=7 epoch=37/50 ssl_loss=0.029004 lr=0.000032700 base_val_bce=0.654305 base_best=N base_cls_epoch=16 epoch_seconds=6.1 task_elapsed_minutes=2.6 gpu_alloc_gb=0.318 gpu_reserved_gb=1.744
[SSL] repeat=4 scope=internal_cv fold=7 epoch=38/50 ssl_loss=0.031092 lr=0.000028229 base_val_bce=0.654212 base_best=N base_cls_epoch=17 epoch_seconds=6.1 task_elapsed_minutes=2.7 gpu_alloc_gb=0.317 gpu_reserved_gb=2.008
[SSL] repeat=4 scope=internal_cv fold=7 epoch=39/50 ssl_loss=0.047730 lr=0.000024006 base_val_bce=0.662081 base_best=N base_cls_epoch=17 epoch_seconds=6.5 task_elapsed_minutes=2.8 gpu_alloc_gb=0.318 gpu_reserved_gb=1.744
CHECKPOINT_LATEST repeat=4 scope=internal_cv fold=7 phase=ssl epoch=40 path=/data/adodas/VarCoNet-V2-main/xiaolunwen/experiment1c/checkpoints/worker_r4_latest.pt
[SSL] repeat=4 scope=internal_cv fold=7 epoch=40/50 ssl_loss=0.033498 lr=0.000020058 base_val_bce=0.667940 base_best=N base_cls_epoch=19 epoch_seconds=8.4 task_elapsed_minutes=3.0 gpu_alloc_gb=0.317 gpu_reserved_gb=2.008
[SSL] repeat=4 scope=internal_cv fold=7 epoch=41/50 ssl_loss=0.042972 lr=0.000016408 base_val_bce=0.653591 base_best=N base_cls_epoch=15 epoch_seconds=5.9 task_elapsed_minutes=3.1 gpu_alloc_gb=0.318 gpu_reserved_gb=1.744
[SSL] repeat=4 scope=internal_cv fold=7 epoch=42/50 ssl_loss=0.041433 lr=0.000013079 base_val_bce=0.655321 base_best=N base_cls_epoch=17 epoch_seconds=6.1 task_elapsed_minutes=3.2 gpu_alloc_gb=0.317 gpu_reserved_gb=2.008
[SSL] repeat=4 scope=internal_cv fold=7 epoch=43/50 ssl_loss=0.036645 lr=0.000010091 base_val_bce=0.655231 base_best=N base_cls_epoch=18 epoch_seconds=6.1 task_elapsed_minutes=3.3 gpu_alloc_gb=0.318 gpu_reserved_gb=1.744
[SSL] repeat=4 scope=internal_cv fold=7 epoch=44/50 ssl_loss=0.037725 lr=0.000007464 base_val_bce=0.649414 base_best=N base_cls_epoch=18 epoch_seconds=4.8 task_elapsed_minutes=3.4 gpu_alloc_gb=0.317 gpu_reserved_gb=2.008
[SSL] repeat=4 scope=internal_cv fold=7 epoch=45/50 ssl_loss=0.046651 lr=0.000005213 base_val_bce=0.661012 base_best=N base_cls_epoch=17 epoch_seconds=3.8 task_elapsed_minutes=3.4 gpu_alloc_gb=0.318 gpu_reserved_gb=1.744
[SSL] repeat=4 scope=internal_cv fold=7 epoch=46/50 ssl_loss=0.036491 lr=0.000003352 base_val_bce=0.648242 base_best=N base_cls_epoch=16 epoch_seconds=3.8 task_elapsed_minutes=3.5 gpu_alloc_gb=0.317 gpu_reserved_gb=2.008
[SSL] repeat=4 scope=internal_cv fold=7 epoch=47/50 ssl_loss=0.036908 lr=0.000001892 base_val_bce=0.643057 base_best=N base_cls_epoch=16 epoch_seconds=4.0 task_elapsed_minutes=3.5 gpu_alloc_gb=0.318 gpu_reserved_gb=1.744
[SSL] repeat=4 scope=internal_cv fold=7 epoch=48/50 ssl_loss=0.032736 lr=0.000000843 base_val_bce=0.667732 base_best=N base_cls_epoch=16 epoch_seconds=3.5 task_elapsed_minutes=3.6 gpu_alloc_gb=0.317 gpu_reserved_gb=2.008
[SSL] repeat=4 scope=internal_cv fold=7 epoch=49/50 ssl_loss=0.042179 lr=0.000000211 base_val_bce=0.655129 base_best=N base_cls_epoch=17 epoch_seconds=3.3 task_elapsed_minutes=3.7 gpu_alloc_gb=0.318 gpu_reserved_gb=1.744
CHECKPOINT_BEST repeat=4 scope=internal_cv fold=7 phase=ssl epoch=50 path=/data/adodas/VarCoNet-V2-main/xiaolunwen/experiment1c/checkpoints/worker_r4_best.pt
CHECKPOINT_LATEST repeat=4 scope=internal_cv fold=7 phase=ssl epoch=50 path=/data/adodas/VarCoNet-V2-main/xiaolunwen/experiment1c/checkpoints/worker_r4_latest.pt
[SSL] repeat=4 scope=internal_cv fold=7 epoch=50/50 ssl_loss=0.042674 lr=0.000000000 base_val_bce=0.641620 base_best=Y base_cls_epoch=16 epoch_seconds=5.3 task_elapsed_minutes=3.8 gpu_alloc_gb=0.317 gpu_reserved_gb=2.008
[CRSM_ZERO_BASELINE] repeat=4 scope=internal_cv fold=7 epoch=0 exact_zero=Y val_bce=0.641620 probability_max_abs=1.19e-07
CHECKPOINT_LATEST repeat=4 scope=internal_cv fold=7 phase=crsm_corrected epoch=0 path=/data/adodas/VarCoNet-V2-main/xiaolunwen/experiment1c/checkpoints/worker_r4_latest.pt
CHECKPOINT_BEST repeat=4 scope=internal_cv fold=7 phase=crsm_corrected epoch=0 path=/data/adodas/VarCoNet-V2-main/xiaolunwen/experiment1c/checkpoints/worker_r4_best.pt
CHECKPOINT_BEST repeat=4 scope=internal_cv fold=7 phase=crsm_corrected epoch=0 path=/data/adodas/VarCoNet-V2-main/xiaolunwen/experiment1c/checkpoints/worker_r4_best.pt
CHECKPOINT_LATEST repeat=4 scope=internal_cv fold=7 phase=crsm_corrected epoch=0 path=/data/adodas/VarCoNet-V2-main/xiaolunwen/experiment1c/checkpoints/worker_r4_latest.pt
[CRSM_SYMMETRY_START] repeat=4 scope=internal_cv fold=7 after_exact_zero=Y pca_unit_norm=1.00000000 pca_singular=142.322464 symmetry_scale=0.00134877441
CHECKPOINT_BEST repeat=4 scope=internal_cv fold=7 phase=crsm_corrected epoch=1 path=/data/adodas/VarCoNet-V2-main/xiaolunwen/experiment1c/checkpoints/worker_r4_best.pt
CHECKPOINT_LATEST repeat=4 scope=internal_cv fold=7 phase=crsm_corrected epoch=1 path=/data/adodas/VarCoNet-V2-main/xiaolunwen/experiment1c/checkpoints/worker_r4_latest.pt
[CRSM_CORRECTED] repeat=4 scope=internal_cv fold=7 epoch=1/149 train_loss=0.418175 val_bce=0.641520 best=Y best_epoch=1 asd_mass=(0.5025,0.4975) hc_mass=(0.5000,0.5000) delta_l2=(0.013919,0.013340) epoch_seconds=0.49
CHECKPOINT_LATEST repeat=4 scope=internal_cv fold=7 phase=crsm_corrected epoch=10 path=/data/adodas/VarCoNet-V2-main/xiaolunwen/experiment1c/checkpoints/worker_r4_latest.pt
[CRSM_CORRECTED] repeat=4 scope=internal_cv fold=7 epoch=10/149 train_loss=0.360584 val_bce=0.646735 best=N best_epoch=1 asd_mass=(0.5037,0.4963) hc_mass=(0.5000,0.5000) delta_l2=(0.131815,0.131250) epoch_seconds=0.38
CHECKPOINT_LATEST repeat=4 scope=internal_cv fold=7 phase=crsm_corrected epoch=20 path=/data/adodas/VarCoNet-V2-main/xiaolunwen/experiment1c/checkpoints/worker_r4_latest.pt
[CRSM_CORRECTED] repeat=4 scope=internal_cv fold=7 epoch=20/149 train_loss=0.315121 val_bce=0.660111 best=N best_epoch=1 asd_mass=(0.5057,0.4943) hc_mass=(0.5000,0.5000) delta_l2=(0.252156,0.251549) epoch_seconds=0.37
CHECKPOINT_LATEST repeat=4 scope=internal_cv fold=7 phase=crsm_corrected epoch=30 path=/data/adodas/VarCoNet-V2-main/xiaolunwen/experiment1c/checkpoints/worker_r4_latest.pt
[CRSM_CORRECTED] repeat=4 scope=internal_cv fold=7 epoch=30/149 train_loss=0.283359 val_bce=0.676020 best=N best_epoch=1 asd_mass=(0.5086,0.4914) hc_mass=(0.5000,0.5000) delta_l2=(0.359676,0.358941) epoch_seconds=0.26
CHECKPOINT_LATEST repeat=4 scope=internal_cv fold=7 phase=crsm_corrected epoch=40 path=/data/adodas/VarCoNet-V2-main/xiaolunwen/experiment1c/checkpoints/worker_r4_latest.pt
[CRSM_CORRECTED] repeat=4 scope=internal_cv fold=7 epoch=40/149 train_loss=0.260782 val_bce=0.692541 best=N best_epoch=1 asd_mass=(0.5131,0.4869) hc_mass=(0.5000,0.5000) delta_l2=(0.455197,0.454224) epoch_seconds=0.25
CHECKPOINT_LATEST repeat=4 scope=internal_cv fold=7 phase=crsm_corrected epoch=50 path=/data/adodas/VarCoNet-V2-main/xiaolunwen/experiment1c/checkpoints/worker_r4_latest.pt
[CRSM_CORRECTED] repeat=4 scope=internal_cv fold=7 epoch=50/149 train_loss=0.244393 val_bce=0.709591 best=N best_epoch=1 asd_mass=(0.5195,0.4805) hc_mass=(0.5000,0.5000) delta_l2=(0.540390,0.539046) epoch_seconds=0.24
CHECKPOINT_LATEST repeat=4 scope=internal_cv fold=7 phase=crsm_corrected epoch=60 path=/data/adodas/VarCoNet-V2-main/xiaolunwen/experiment1c/checkpoints/worker_r4_latest.pt
[CRSM_CORRECTED] repeat=4 scope=internal_cv fold=7 epoch=60/149 train_loss=0.232210 val_bce=0.727146 best=N best_epoch=1 asd_mass=(0.5279,0.4721) hc_mass=(0.5000,0.5000) delta_l2=(0.616796,0.614916) epoch_seconds=0.28
CHECKPOINT_LATEST repeat=4 scope=internal_cv fold=7 phase=crsm_corrected epoch=70 path=/data/adodas/VarCoNet-V2-main/xiaolunwen/experiment1c/checkpoints/worker_r4_latest.pt
[CRSM_CORRECTED] repeat=4 scope=internal_cv fold=7 epoch=70/149 train_loss=0.222902 val_bce=0.744927 best=N best_epoch=1 asd_mass=(0.5375,0.4625) hc_mass=(0.5000,0.5000) delta_l2=(0.685716,0.683177) epoch_seconds=0.25
CHECKPOINT_LATEST repeat=4 scope=internal_cv fold=7 phase=crsm_corrected epoch=80 path=/data/adodas/VarCoNet-V2-main/xiaolunwen/experiment1c/checkpoints/worker_r4_latest.pt
[CRSM_CORRECTED] repeat=4 scope=internal_cv fold=7 epoch=80/149 train_loss=0.215589 val_bce=0.762696 best=N best_epoch=1 asd_mass=(0.5470,0.4530) hc_mass=(0.5000,0.5000) delta_l2=(0.748258,0.745120) epoch_seconds=0.25
CHECKPOINT_LATEST repeat=4 scope=internal_cv fold=7 phase=crsm_corrected epoch=90 path=/data/adodas/VarCoNet-V2-main/xiaolunwen/experiment1c/checkpoints/worker_r4_latest.pt
[CRSM_CORRECTED] repeat=4 scope=internal_cv fold=7 epoch=90/149 train_loss=0.209707 val_bce=0.780352 best=N best_epoch=1 asd_mass=(0.5554,0.4446) hc_mass=(0.5000,0.5000) delta_l2=(0.805339,0.801914) epoch_seconds=0.27
CHECKPOINT_LATEST repeat=4 scope=internal_cv fold=7 phase=crsm_corrected epoch=100 path=/data/adodas/VarCoNet-V2-main/xiaolunwen/experiment1c/checkpoints/worker_r4_latest.pt
[CRSM_CORRECTED] repeat=4 scope=internal_cv fold=7 epoch=100/149 train_loss=0.204899 val_bce=0.797764 best=N best_epoch=1 asd_mass=(0.5622,0.4378) hc_mass=(0.5000,0.5000) delta_l2=(0.857691,0.854469) epoch_seconds=0.26
CHECKPOINT_LATEST repeat=4 scope=internal_cv fold=7 phase=crsm_corrected epoch=110 path=/data/adodas/VarCoNet-V2-main/xiaolunwen/experiment1c/checkpoints/worker_r4_latest.pt
[CRSM_CORRECTED] repeat=4 scope=internal_cv fold=7 epoch=110/149 train_loss=0.200936 val_bce=0.814775 best=N best_epoch=1 asd_mass=(0.5675,0.4325) hc_mass=(0.5000,0.5000) delta_l2=(0.905899,0.903399) epoch_seconds=0.28
CHECKPOINT_LATEST repeat=4 scope=internal_cv fold=7 phase=crsm_corrected epoch=120 path=/data/adodas/VarCoNet-V2-main/xiaolunwen/experiment1c/checkpoints/worker_r4_latest.pt
[CRSM_CORRECTED] repeat=4 scope=internal_cv fold=7 epoch=120/149 train_loss=0.197654 val_bce=0.831260 best=N best_epoch=1 asd_mass=(0.5717,0.4283) hc_mass=(0.5000,0.5000) delta_l2=(0.950438,0.949087) epoch_seconds=0.25
CHECKPOINT_LATEST repeat=4 scope=internal_cv fold=7 phase=crsm_corrected epoch=130 path=/data/adodas/VarCoNet-V2-main/xiaolunwen/experiment1c/checkpoints/worker_r4_latest.pt
[CRSM_CORRECTED] repeat=4 scope=internal_cv fold=7 epoch=130/149 train_loss=0.194928 val_bce=0.847117 best=N best_epoch=1 asd_mass=(0.5751,0.4249) hc_mass=(0.5000,0.5000) delta_l2=(0.991709,0.991786) epoch_seconds=0.24
CHECKPOINT_LATEST repeat=4 scope=internal_cv fold=7 phase=crsm_corrected epoch=140 path=/data/adodas/VarCoNet-V2-main/xiaolunwen/experiment1c/checkpoints/worker_r4_latest.pt
[CRSM_CORRECTED] repeat=4 scope=internal_cv fold=7 epoch=140/149 train_loss=0.192654 val_bce=0.862284 best=N best_epoch=1 asd_mass=(0.5778,0.4222) hc_mass=(0.5000,0.5000) delta_l2=(1.030061,1.031699) epoch_seconds=0.25
CHECKPOINT_LATEST repeat=4 scope=internal_cv fold=7 phase=crsm_corrected epoch=149 path=/data/adodas/VarCoNet-V2-main/xiaolunwen/experiment1c/checkpoints/worker_r4_latest.pt
[CRSM_CORRECTED] repeat=4 scope=internal_cv fold=7 epoch=149/149 train_loss=0.190924 val_bce=0.875327 best=N best_epoch=1 asd_mass=(0.5799,0.4201) hc_mass=(0.5000,0.5000) delta_l2=(1.062331,1.065402) epoch_seconds=0.26
[SNDE_NORMATIVE] repeat=4 scope=internal_cv fold=7 n_unique_asd=357 n_unique_hc=317 roi_dim=384 std_floor=0.0012648823 pc1_explained_fraction=0.200804 hc_score_mean_before_norm=-4.8135e-08 hc_score_std_before_norm=7.45298 asd_positive_fraction=0.1485 asd_negative_fraction=0.0028 asd_generalist_fraction=0.8487 hc_positive_fraction=0.0915 hc_negative_fraction=0.0063 hc_generalist_fraction=0.9022
[SNDE_ZERO_BASELINE] repeat=4 scope=internal_cv fold=7 epoch=0 exact_zero=Y val_bce=0.641620 probability_max_abs=5.96e-08
CHECKPOINT_BEST repeat=4 scope=internal_cv fold=7 phase=snde epoch=0 path=/data/adodas/VarCoNet-V2-main/xiaolunwen/experiment1c/checkpoints/worker_r4_best.pt
CHECKPOINT_LATEST repeat=4 scope=internal_cv fold=7 phase=snde epoch=0 path=/data/adodas/VarCoNet-V2-main/xiaolunwen/experiment1c/checkpoints/worker_r4_latest.pt
CHECKPOINT_BEST repeat=4 scope=internal_cv fold=7 phase=snde epoch=3 path=/data/adodas/VarCoNet-V2-main/xiaolunwen/experiment1c/checkpoints/worker_r4_best.pt
CHECKPOINT_LATEST repeat=4 scope=internal_cv fold=7 phase=snde epoch=3 path=/data/adodas/VarCoNet-V2-main/xiaolunwen/experiment1c/checkpoints/worker_r4_latest.pt
[SNDE] repeat=4 scope=internal_cv fold=7 epoch=3/149 train_bce=0.414879 val_bce=0.638285 best=Y best_epoch=3 asd_gate=(+0.148,-0.003,g0.849) hc_gate=(+0.091,-0.006,g0.902) pos_weight_l2=0.029746 neg_weight_l2=0.058063 mean_abs_pos_correction=0.038075 mean_abs_neg_correction=0.000227 elapsed_seconds=0.64
CHECKPOINT_LATEST repeat=4 scope=internal_cv fold=7 phase=snde epoch=10 path=/data/adodas/VarCoNet-V2-main/xiaolunwen/experiment1c/checkpoints/worker_r4_latest.pt
[SNDE] repeat=4 scope=internal_cv fold=7 epoch=10/149 train_bce=0.407473 val_bce=0.662077 best=N best_epoch=3 asd_gate=(+0.148,-0.003,g0.849) hc_gate=(+0.091,-0.006,g0.902) pos_weight_l2=0.077042 neg_weight_l2=0.186815 mean_abs_pos_correction=0.079859 mean_abs_neg_correction=0.000801 elapsed_seconds=0.44
CHECKPOINT_LATEST repeat=4 scope=internal_cv fold=7 phase=snde epoch=20 path=/data/adodas/VarCoNet-V2-main/xiaolunwen/experiment1c/checkpoints/worker_r4_latest.pt
[SNDE] repeat=4 scope=internal_cv fold=7 epoch=20/149 train_bce=0.402325 val_bce=0.653527 best=N best_epoch=3 asd_gate=(+0.148,-0.003,g0.849) hc_gate=(+0.091,-0.006,g0.902) pos_weight_l2=0.131145 neg_weight_l2=0.354163 mean_abs_pos_correction=0.146657 mean_abs_neg_correction=0.001671 elapsed_seconds=0.41
CHECKPOINT_LATEST repeat=4 scope=internal_cv fold=7 phase=snde epoch=30 path=/data/adodas/VarCoNet-V2-main/xiaolunwen/experiment1c/checkpoints/worker_r4_latest.pt
[SNDE] repeat=4 scope=internal_cv fold=7 epoch=30/149 train_bce=0.399622 val_bce=0.666908 best=N best_epoch=3 asd_gate=(+0.148,-0.003,g0.849) hc_gate=(+0.091,-0.006,g0.902) pos_weight_l2=0.173506 neg_weight_l2=0.506833 mean_abs_pos_correction=0.174488 mean_abs_neg_correction=0.002530 elapsed_seconds=0.39
CHECKPOINT_LATEST repeat=4 scope=internal_cv fold=7 phase=snde epoch=40 path=/data/adodas/VarCoNet-V2-main/xiaolunwen/experiment1c/checkpoints/worker_r4_latest.pt
[SNDE] repeat=4 scope=internal_cv fold=7 epoch=40/149 train_bce=0.397937 val_bce=0.679147 best=N best_epoch=3 asd_gate=(+0.148,-0.003,g0.849) hc_gate=(+0.091,-0.006,g0.902) pos_weight_l2=0.207971 neg_weight_l2=0.647822 mean_abs_pos_correction=0.196650 mean_abs_neg_correction=0.003330 elapsed_seconds=0.42
CHECKPOINT_LATEST repeat=4 scope=internal_cv fold=7 phase=snde epoch=50 path=/data/adodas/VarCoNet-V2-main/xiaolunwen/experiment1c/checkpoints/worker_r4_latest.pt
[SNDE] repeat=4 scope=internal_cv fold=7 epoch=50/149 train_bce=0.396661 val_bce=0.684703 best=N best_epoch=3 asd_gate=(+0.148,-0.003,g0.849) hc_gate=(+0.091,-0.006,g0.902) pos_weight_l2=0.237295 neg_weight_l2=0.777604 mean_abs_pos_correction=0.217474 mean_abs_neg_correction=0.004055 elapsed_seconds=0.53
CHECKPOINT_LATEST repeat=4 scope=internal_cv fold=7 phase=snde epoch=60 path=/data/adodas/VarCoNet-V2-main/xiaolunwen/experiment1c/checkpoints/worker_r4_latest.pt
[SNDE] repeat=4 scope=internal_cv fold=7 epoch=60/149 train_bce=0.395629 val_bce=0.698092 best=N best_epoch=3 asd_gate=(+0.148,-0.003,g0.849) hc_gate=(+0.091,-0.006,g0.902) pos_weight_l2=0.264000 neg_weight_l2=0.897211 mean_abs_pos_correction=0.229381 mean_abs_neg_correction=0.004705 elapsed_seconds=0.43
CHECKPOINT_LATEST repeat=4 scope=internal_cv fold=7 phase=snde epoch=70 path=/data/adodas/VarCoNet-V2-main/xiaolunwen/experiment1c/checkpoints/worker_r4_latest.pt
[SNDE] repeat=4 scope=internal_cv fold=7 epoch=70/149 train_bce=0.394754 val_bce=0.708384 best=N best_epoch=3 asd_gate=(+0.148,-0.003,g0.849) hc_gate=(+0.091,-0.006,g0.902) pos_weight_l2=0.289716 neg_weight_l2=1.008535 mean_abs_pos_correction=0.244055 mean_abs_neg_correction=0.005289 elapsed_seconds=0.37
CHECKPOINT_LATEST repeat=4 scope=internal_cv fold=7 phase=snde epoch=80 path=/data/adodas/VarCoNet-V2-main/xiaolunwen/experiment1c/checkpoints/worker_r4_latest.pt
[SNDE] repeat=4 scope=internal_cv fold=7 epoch=80/149 train_bce=0.393985 val_bce=0.719418 best=N best_epoch=3 asd_gate=(+0.148,-0.003,g0.849) hc_gate=(+0.091,-0.006,g0.902) pos_weight_l2=0.314713 neg_weight_l2=1.113440 mean_abs_pos_correction=0.256617 mean_abs_neg_correction=0.005817 elapsed_seconds=0.40
CHECKPOINT_LATEST repeat=4 scope=internal_cv fold=7 phase=snde epoch=90 path=/data/adodas/VarCoNet-V2-main/xiaolunwen/experiment1c/checkpoints/worker_r4_latest.pt
[SNDE] repeat=4 scope=internal_cv fold=7 epoch=90/149 train_bce=0.393293 val_bce=0.731259 best=N best_epoch=3 asd_gate=(+0.148,-0.003,g0.849) hc_gate=(+0.091,-0.006,g0.902) pos_weight_l2=0.339325 neg_weight_l2=1.213409 mean_abs_pos_correction=0.267818 mean_abs_neg_correction=0.006299 elapsed_seconds=0.40
CHECKPOINT_LATEST repeat=4 scope=internal_cv fold=7 phase=snde epoch=100 path=/data/adodas/VarCoNet-V2-main/xiaolunwen/experiment1c/checkpoints/worker_r4_latest.pt
[SNDE] repeat=4 scope=internal_cv fold=7 epoch=100/149 train_bce=0.392662 val_bce=0.742763 best=N best_epoch=3 asd_gate=(+0.148,-0.003,g0.849) hc_gate=(+0.091,-0.006,g0.902) pos_weight_l2=0.363756 neg_weight_l2=1.309548 mean_abs_pos_correction=0.279531 mean_abs_neg_correction=0.006741 elapsed_seconds=0.55
CHECKPOINT_LATEST repeat=4 scope=internal_cv fold=7 phase=snde epoch=110 path=/data/adodas/VarCoNet-V2-main/xiaolunwen/experiment1c/checkpoints/worker_r4_latest.pt
[SNDE] repeat=4 scope=internal_cv fold=7 epoch=110/149 train_bce=0.392081 val_bce=0.755316 best=N best_epoch=3 asd_gate=(+0.148,-0.003,g0.849) hc_gate=(+0.091,-0.006,g0.902) pos_weight_l2=0.387996 neg_weight_l2=1.402674 mean_abs_pos_correction=0.290495 mean_abs_neg_correction=0.007149 elapsed_seconds=0.47
CHECKPOINT_LATEST repeat=4 scope=internal_cv fold=7 phase=snde epoch=120 path=/data/adodas/VarCoNet-V2-main/xiaolunwen/experiment1c/checkpoints/worker_r4_latest.pt
[SNDE] repeat=4 scope=internal_cv fold=7 epoch=120/149 train_bce=0.391544 val_bce=0.768227 best=N best_epoch=3 asd_gate=(+0.148,-0.003,g0.849) hc_gate=(+0.091,-0.006,g0.902) pos_weight_l2=0.412057 neg_weight_l2=1.493383 mean_abs_pos_correction=0.301076 mean_abs_neg_correction=0.007528 elapsed_seconds=0.37
CHECKPOINT_LATEST repeat=4 scope=internal_cv fold=7 phase=snde epoch=130 path=/data/adodas/VarCoNet-V2-main/xiaolunwen/experiment1c/checkpoints/worker_r4_latest.pt
[SNDE] repeat=4 scope=internal_cv fold=7 epoch=130/149 train_bce=0.391045 val_bce=0.780991 best=N best_epoch=3 asd_gate=(+0.148,-0.003,g0.849) hc_gate=(+0.091,-0.006,g0.902) pos_weight_l2=0.435952 neg_weight_l2=1.582114 mean_abs_pos_correction=0.311561 mean_abs_neg_correction=0.007881 elapsed_seconds=0.49
CHECKPOINT_LATEST repeat=4 scope=internal_cv fold=7 phase=snde epoch=140 path=/data/adodas/VarCoNet-V2-main/xiaolunwen/experiment1c/checkpoints/worker_r4_latest.pt
[SNDE] repeat=4 scope=internal_cv fold=7 epoch=140/149 train_bce=0.390579 val_bce=0.794787 best=N best_epoch=3 asd_gate=(+0.148,-0.003,g0.849) hc_gate=(+0.091,-0.006,g0.902) pos_weight_l2=0.459667 neg_weight_l2=1.669192 mean_abs_pos_correction=0.321747 mean_abs_neg_correction=0.008211 elapsed_seconds=0.52
CHECKPOINT_LATEST repeat=4 scope=internal_cv fold=7 phase=snde epoch=149 path=/data/adodas/VarCoNet-V2-main/xiaolunwen/experiment1c/checkpoints/worker_r4_latest.pt
[SNDE] repeat=4 scope=internal_cv fold=7 epoch=149/149 train_bce=0.390184 val_bce=0.808798 best=N best_epoch=3 asd_gate=(+0.148,-0.003,g0.849) hc_gate=(+0.091,-0.006,g0.902) pos_weight_l2=0.480842 neg_weight_l2=1.746345 mean_abs_pos_correction=0.330713 mean_abs_neg_correction=0.008492 elapsed_seconds=0.43
TASK_TRAINING_DONE repeat=4 scope=internal_cv fold=7 base_encoder_epoch=50 base_classifier_epoch=16 base_val_bce=0.641620 crsm_epoch=1 crsm_val_bce=0.641520 snde_epoch=3 snde_val_bce=0.638285 elapsed_minutes=4.2
TASK_DONE repeat=4 scope=internal_fold fold=7 method=baseline selected_encoder_epoch=50 test_auc=0.738972 test_bce=0.603877 elapsed_minutes=4.2
TASK_DONE repeat=4 scope=internal_fold fold=7 method=crsm_corrected selected_encoder_epoch=50 test_auc=0.742086 test_bce=0.602184 elapsed_minutes=4.2
TASK_DONE repeat=4 scope=internal_fold fold=7 method=selective_normative_deviation_experts selected_encoder_epoch=50 test_auc=0.731188 test_bce=0.603071 elapsed_minutes=4.2
TASK_START repeat=4 scope=internal_cv fold=8 seed=100408 device=cuda:0 methods=baseline,crsm_corrected,selective_normative_deviation_experts shared_encoder=Y reference_unique_n=674 train_n=750 val_n=120
CHECKPOINT_BEST repeat=4 scope=internal_cv fold=8 phase=ssl epoch=1 path=/data/adodas/VarCoNet-V2-main/xiaolunwen/experiment1c/checkpoints/worker_r4_best.pt
[SSL] repeat=4 scope=internal_cv fold=8 epoch=1/50 ssl_loss=0.133683 lr=0.000024107 base_val_bce=0.659988 base_best=Y base_cls_epoch=24 epoch_seconds=6.5 task_elapsed_minutes=0.1 gpu_alloc_gb=0.318 gpu_reserved_gb=1.744
[SSL] repeat=4 scope=internal_cv fold=8 epoch=2/50 ssl_loss=0.095475 lr=0.000038214 base_val_bce=0.661187 base_best=N base_cls_epoch=13 epoch_seconds=6.3 task_elapsed_minutes=0.2 gpu_alloc_gb=0.317 gpu_reserved_gb=2.008
[SSL] repeat=4 scope=internal_cv fold=8 epoch=3/50 ssl_loss=0.100863 lr=0.000052321 base_val_bce=0.665115 base_best=N base_cls_epoch=13 epoch_seconds=4.4 task_elapsed_minutes=0.3 gpu_alloc_gb=0.318 gpu_reserved_gb=1.744
[SSL] repeat=4 scope=internal_cv fold=8 epoch=4/50 ssl_loss=0.080285 lr=0.000066427 base_val_bce=0.661543 base_best=N base_cls_epoch=10 epoch_seconds=3.5 task_elapsed_minutes=0.4 gpu_alloc_gb=0.317 gpu_reserved_gb=2.008
CHECKPOINT_BEST repeat=4 scope=internal_cv fold=8 phase=ssl epoch=5 path=/data/adodas/VarCoNet-V2-main/xiaolunwen/experiment1c/checkpoints/worker_r4_best.pt
[SSL] repeat=4 scope=internal_cv fold=8 epoch=5/50 ssl_loss=0.067293 lr=0.000080534 base_val_bce=0.653518 base_best=Y base_cls_epoch=11 epoch_seconds=3.9 task_elapsed_minutes=0.4 gpu_alloc_gb=0.318 gpu_reserved_gb=1.744
[SSL] repeat=4 scope=internal_cv fold=8 epoch=6/50 ssl_loss=0.075908 lr=0.000094641 base_val_bce=0.654830 base_best=N base_cls_epoch=13 epoch_seconds=3.9 task_elapsed_minutes=0.5 gpu_alloc_gb=0.317 gpu_reserved_gb=2.008
[SSL] repeat=4 scope=internal_cv fold=8 epoch=7/50 ssl_loss=0.070427 lr=0.000108748 base_val_bce=0.673335 base_best=N base_cls_epoch=14 epoch_seconds=3.7 task_elapsed_minutes=0.5 gpu_alloc_gb=0.318 gpu_reserved_gb=1.744
[SSL] repeat=4 scope=internal_cv fold=8 epoch=8/50 ssl_loss=0.070963 lr=0.000122855 base_val_bce=0.658767 base_best=N base_cls_epoch=15 epoch_seconds=3.8 task_elapsed_minutes=0.6 gpu_alloc_gb=0.317 gpu_reserved_gb=2.008
[SSL] repeat=4 scope=internal_cv fold=8 epoch=9/50 ssl_loss=0.058029 lr=0.000136962 base_val_bce=0.654850 base_best=N base_cls_epoch=13 epoch_seconds=3.9 task_elapsed_minutes=0.7 gpu_alloc_gb=0.318 gpu_reserved_gb=1.744
CHECKPOINT_BEST repeat=4 scope=internal_cv fold=8 phase=ssl epoch=10 path=/data/adodas/VarCoNet-V2-main/xiaolunwen/experiment1c/checkpoints/worker_r4_best.pt
CHECKPOINT_LATEST repeat=4 scope=internal_cv fold=8 phase=ssl epoch=10 path=/data/adodas/VarCoNet-V2-main/xiaolunwen/experiment1c/checkpoints/worker_r4_latest.pt
[SSL] repeat=4 scope=internal_cv fold=8 epoch=10/50 ssl_loss=0.061164 lr=0.000136962 base_val_bce=0.651887 base_best=Y base_cls_epoch=9 epoch_seconds=4.7 task_elapsed_minutes=0.7 gpu_alloc_gb=0.317 gpu_reserved_gb=2.008
[SSL] repeat=4 scope=internal_cv fold=8 epoch=11/50 ssl_loss=0.058339 lr=0.000136751 base_val_bce=0.659314 base_best=N base_cls_epoch=15 epoch_seconds=3.9 task_elapsed_minutes=0.8 gpu_alloc_gb=0.318 gpu_reserved_gb=1.744
[SSL] repeat=4 scope=internal_cv fold=8 epoch=12/50 ssl_loss=0.045784 lr=0.000136119 base_val_bce=0.653770 base_best=N base_cls_epoch=14 epoch_seconds=3.8 task_elapsed_minutes=0.9 gpu_alloc_gb=0.317 gpu_reserved_gb=2.008
[SSL] repeat=4 scope=internal_cv fold=8 epoch=13/50 ssl_loss=0.056059 lr=0.000135070 base_val_bce=0.663435 base_best=N base_cls_epoch=13 epoch_seconds=3.8 task_elapsed_minutes=0.9 gpu_alloc_gb=0.318 gpu_reserved_gb=1.744
[SSL] repeat=4 scope=internal_cv fold=8 epoch=14/50 ssl_loss=0.055147 lr=0.000133610 base_val_bce=0.655563 base_best=N base_cls_epoch=14 epoch_seconds=3.2 task_elapsed_minutes=1.0 gpu_alloc_gb=0.317 gpu_reserved_gb=2.008
CHECKPOINT_BEST repeat=4 scope=internal_cv fold=8 phase=ssl epoch=15 path=/data/adodas/VarCoNet-V2-main/xiaolunwen/experiment1c/checkpoints/worker_r4_best.pt
[SSL] repeat=4 scope=internal_cv fold=8 epoch=15/50 ssl_loss=0.050348 lr=0.000131749 base_val_bce=0.650216 base_best=Y base_cls_epoch=13 epoch_seconds=3.8 task_elapsed_minutes=1.1 gpu_alloc_gb=0.318 gpu_reserved_gb=1.744
CHECKPOINT_BEST repeat=4 scope=internal_cv fold=8 phase=ssl epoch=16 path=/data/adodas/VarCoNet-V2-main/xiaolunwen/experiment1c/checkpoints/worker_r4_best.pt
[SSL] repeat=4 scope=internal_cv fold=8 epoch=16/50 ssl_loss=0.036420 lr=0.000129498 base_val_bce=0.639320 base_best=Y base_cls_epoch=15 epoch_seconds=3.6 task_elapsed_minutes=1.1 gpu_alloc_gb=0.317 gpu_reserved_gb=2.008
[SSL] repeat=4 scope=internal_cv fold=8 epoch=17/50 ssl_loss=0.044675 lr=0.000126870 base_val_bce=0.655838 base_best=N base_cls_epoch=16 epoch_seconds=2.9 task_elapsed_minutes=1.2 gpu_alloc_gb=0.318 gpu_reserved_gb=1.744
[SSL] repeat=4 scope=internal_cv fold=8 epoch=18/50 ssl_loss=0.050361 lr=0.000123883 base_val_bce=0.650932 base_best=N base_cls_epoch=17 epoch_seconds=3.8 task_elapsed_minutes=1.2 gpu_alloc_gb=0.317 gpu_reserved_gb=2.008
[SSL] repeat=4 scope=internal_cv fold=8 epoch=19/50 ssl_loss=0.048782 lr=0.000120554 base_val_bce=0.663758 base_best=N base_cls_epoch=19 epoch_seconds=5.3 task_elapsed_minutes=1.3 gpu_alloc_gb=0.318 gpu_reserved_gb=1.744
CHECKPOINT_LATEST repeat=4 scope=internal_cv fold=8 phase=ssl epoch=20 path=/data/adodas/VarCoNet-V2-main/xiaolunwen/experiment1c/checkpoints/worker_r4_latest.pt
[SSL] repeat=4 scope=internal_cv fold=8 epoch=20/50 ssl_loss=0.050606 lr=0.000116904 base_val_bce=0.646081 base_best=N base_cls_epoch=15 epoch_seconds=7.0 task_elapsed_minutes=1.4 gpu_alloc_gb=0.317 gpu_reserved_gb=2.008
[SSL] repeat=4 scope=internal_cv fold=8 epoch=21/50 ssl_loss=0.037457 lr=0.000112956 base_val_bce=0.661949 base_best=N base_cls_epoch=17 epoch_seconds=7.3 task_elapsed_minutes=1.6 gpu_alloc_gb=0.318 gpu_reserved_gb=1.744
[SSL] repeat=4 scope=internal_cv fold=8 epoch=22/50 ssl_loss=0.050963 lr=0.000108733 base_val_bce=0.655192 base_best=N base_cls_epoch=17 epoch_seconds=4.3 task_elapsed_minutes=1.6 gpu_alloc_gb=0.317 gpu_reserved_gb=2.008
[SSL] repeat=4 scope=internal_cv fold=8 epoch=23/50 ssl_loss=0.043517 lr=0.000104262 base_val_bce=0.649243 base_best=N base_cls_epoch=17 epoch_seconds=3.7 task_elapsed_minutes=1.7 gpu_alloc_gb=0.318 gpu_reserved_gb=1.744
[SSL] repeat=4 scope=internal_cv fold=8 epoch=24/50 ssl_loss=0.031843 lr=0.000099570 base_val_bce=0.664306 base_best=N base_cls_epoch=19 epoch_seconds=3.7 task_elapsed_minutes=1.8 gpu_alloc_gb=0.317 gpu_reserved_gb=2.008
[SSL] repeat=4 scope=internal_cv fold=8 epoch=25/50 ssl_loss=0.038054 lr=0.000094687 base_val_bce=0.648501 base_best=N base_cls_epoch=22 epoch_seconds=3.4 task_elapsed_minutes=1.8 gpu_alloc_gb=0.318 gpu_reserved_gb=1.744
[SSL] repeat=4 scope=internal_cv fold=8 epoch=26/50 ssl_loss=0.041934 lr=0.000089643 base_val_bce=0.656094 base_best=N base_cls_epoch=25 epoch_seconds=2.1 task_elapsed_minutes=1.9 gpu_alloc_gb=0.317 gpu_reserved_gb=2.008
[SSL] repeat=4 scope=internal_cv fold=8 epoch=27/50 ssl_loss=0.045006 lr=0.000084467 base_val_bce=0.656272 base_best=N base_cls_epoch=17 epoch_seconds=2.7 task_elapsed_minutes=1.9 gpu_alloc_gb=0.318 gpu_reserved_gb=1.744
[SSL] repeat=4 scope=internal_cv fold=8 epoch=28/50 ssl_loss=0.034394 lr=0.000079194 base_val_bce=0.641618 base_best=N base_cls_epoch=15 epoch_seconds=2.8 task_elapsed_minutes=2.0 gpu_alloc_gb=0.317 gpu_reserved_gb=2.008
[SSL] repeat=4 scope=internal_cv fold=8 epoch=29/50 ssl_loss=0.050053 lr=0.000073854 base_val_bce=0.659657 base_best=N base_cls_epoch=19 epoch_seconds=3.3 task_elapsed_minutes=2.0 gpu_alloc_gb=0.318 gpu_reserved_gb=1.744
CHECKPOINT_LATEST repeat=4 scope=internal_cv fold=8 phase=ssl epoch=30 path=/data/adodas/VarCoNet-V2-main/xiaolunwen/experiment1c/checkpoints/worker_r4_latest.pt
[SSL] repeat=4 scope=internal_cv fold=8 epoch=30/50 ssl_loss=0.035047 lr=0.000068481 base_val_bce=0.653167 base_best=N base_cls_epoch=15 epoch_seconds=4.1 task_elapsed_minutes=2.1 gpu_alloc_gb=0.317 gpu_reserved_gb=2.008
[SSL] repeat=4 scope=internal_cv fold=8 epoch=31/50 ssl_loss=0.040509 lr=0.000063108 base_val_bce=0.644403 base_best=N base_cls_epoch=17 epoch_seconds=3.7 task_elapsed_minutes=2.2 gpu_alloc_gb=0.318 gpu_reserved_gb=1.744
[SSL] repeat=4 scope=internal_cv fold=8 epoch=32/50 ssl_loss=0.041847 lr=0.000057768 base_val_bce=0.654478 base_best=N base_cls_epoch=14 epoch_seconds=3.1 task_elapsed_minutes=2.2 gpu_alloc_gb=0.317 gpu_reserved_gb=2.008
[SSL] repeat=4 scope=internal_cv fold=8 epoch=33/50 ssl_loss=0.036628 lr=0.000052494 base_val_bce=0.658480 base_best=N base_cls_epoch=19 epoch_seconds=3.3 task_elapsed_minutes=2.3 gpu_alloc_gb=0.318 gpu_reserved_gb=1.744
[SSL] repeat=4 scope=internal_cv fold=8 epoch=34/50 ssl_loss=0.042734 lr=0.000047319 base_val_bce=0.651974 base_best=N base_cls_epoch=16 epoch_seconds=4.1 task_elapsed_minutes=2.3 gpu_alloc_gb=0.317 gpu_reserved_gb=2.008
[SSL] repeat=4 scope=internal_cv fold=8 epoch=35/50 ssl_loss=0.032424 lr=0.000042274 base_val_bce=0.647167 base_best=N base_cls_epoch=22 epoch_seconds=4.1 task_elapsed_minutes=2.4 gpu_alloc_gb=0.318 gpu_reserved_gb=1.744
[SSL] repeat=4 scope=internal_cv fold=8 epoch=36/50 ssl_loss=0.038043 lr=0.000037391 base_val_bce=0.648012 base_best=N base_cls_epoch=16 epoch_seconds=5.6 task_elapsed_minutes=2.5 gpu_alloc_gb=0.317 gpu_reserved_gb=2.008
[SSL] repeat=4 scope=internal_cv fold=8 epoch=37/50 ssl_loss=0.038815 lr=0.000032700 base_val_bce=0.651865 base_best=N base_cls_epoch=27 epoch_seconds=5.1 task_elapsed_minutes=2.6 gpu_alloc_gb=0.318 gpu_reserved_gb=1.744
[SSL] repeat=4 scope=internal_cv fold=8 epoch=38/50 ssl_loss=0.034434 lr=0.000028229 base_val_bce=0.649462 base_best=N base_cls_epoch=22 epoch_seconds=3.8 task_elapsed_minutes=2.7 gpu_alloc_gb=0.317 gpu_reserved_gb=2.008
[SSL] repeat=4 scope=internal_cv fold=8 epoch=39/50 ssl_loss=0.038900 lr=0.000024006 base_val_bce=0.660958 base_best=N base_cls_epoch=24 epoch_seconds=3.7 task_elapsed_minutes=2.7 gpu_alloc_gb=0.318 gpu_reserved_gb=1.744
CHECKPOINT_LATEST repeat=4 scope=internal_cv fold=8 phase=ssl epoch=40 path=/data/adodas/VarCoNet-V2-main/xiaolunwen/experiment1c/checkpoints/worker_r4_latest.pt
[SSL] repeat=4 scope=internal_cv fold=8 epoch=40/50 ssl_loss=0.036045 lr=0.000020058 base_val_bce=0.660126 base_best=N base_cls_epoch=18 epoch_seconds=4.4 task_elapsed_minutes=2.8 gpu_alloc_gb=0.317 gpu_reserved_gb=2.008
[SSL] repeat=4 scope=internal_cv fold=8 epoch=41/50 ssl_loss=0.033638 lr=0.000016408 base_val_bce=0.651517 base_best=N base_cls_epoch=28 epoch_seconds=4.0 task_elapsed_minutes=2.9 gpu_alloc_gb=0.318 gpu_reserved_gb=1.744
[SSL] repeat=4 scope=internal_cv fold=8 epoch=42/50 ssl_loss=0.030998 lr=0.000013079 base_val_bce=0.649015 base_best=N base_cls_epoch=19 epoch_seconds=3.8 task_elapsed_minutes=2.9 gpu_alloc_gb=0.317 gpu_reserved_gb=2.008
[SSL] repeat=4 scope=internal_cv fold=8 epoch=43/50 ssl_loss=0.046459 lr=0.000010091 base_val_bce=0.650621 base_best=N base_cls_epoch=16 epoch_seconds=3.7 task_elapsed_minutes=3.0 gpu_alloc_gb=0.318 gpu_reserved_gb=1.744
[SSL] repeat=4 scope=internal_cv fold=8 epoch=44/50 ssl_loss=0.032266 lr=0.000007464 base_val_bce=0.645735 base_best=N base_cls_epoch=19 epoch_seconds=3.7 task_elapsed_minutes=3.0 gpu_alloc_gb=0.317 gpu_reserved_gb=2.008
[SSL] repeat=4 scope=internal_cv fold=8 epoch=45/50 ssl_loss=0.032430 lr=0.000005213 base_val_bce=0.642320 base_best=N base_cls_epoch=19 epoch_seconds=3.7 task_elapsed_minutes=3.1 gpu_alloc_gb=0.318 gpu_reserved_gb=1.744
[SSL] repeat=4 scope=internal_cv fold=8 epoch=46/50 ssl_loss=0.037622 lr=0.000003352 base_val_bce=0.646332 base_best=N base_cls_epoch=20 epoch_seconds=3.7 task_elapsed_minutes=3.2 gpu_alloc_gb=0.317 gpu_reserved_gb=2.008
[SSL] repeat=4 scope=internal_cv fold=8 epoch=47/50 ssl_loss=0.035876 lr=0.000001892 base_val_bce=0.644491 base_best=N base_cls_epoch=29 epoch_seconds=3.9 task_elapsed_minutes=3.2 gpu_alloc_gb=0.318 gpu_reserved_gb=1.744
[SSL] repeat=4 scope=internal_cv fold=8 epoch=48/50 ssl_loss=0.029734 lr=0.000000843 base_val_bce=0.650586 base_best=N base_cls_epoch=28 epoch_seconds=3.8 task_elapsed_minutes=3.3 gpu_alloc_gb=0.317 gpu_reserved_gb=2.008
[SSL] repeat=4 scope=internal_cv fold=8 epoch=49/50 ssl_loss=0.038541 lr=0.000000211 base_val_bce=0.644595 base_best=N base_cls_epoch=27 epoch_seconds=3.9 task_elapsed_minutes=3.4 gpu_alloc_gb=0.318 gpu_reserved_gb=1.744
CHECKPOINT_LATEST repeat=4 scope=internal_cv fold=8 phase=ssl epoch=50 path=/data/adodas/VarCoNet-V2-main/xiaolunwen/experiment1c/checkpoints/worker_r4_latest.pt
[SSL] repeat=4 scope=internal_cv fold=8 epoch=50/50 ssl_loss=0.034709 lr=0.000000000 base_val_bce=0.660031 base_best=N base_cls_epoch=18 epoch_seconds=4.1 task_elapsed_minutes=3.4 gpu_alloc_gb=0.317 gpu_reserved_gb=2.008
[CRSM_ZERO_BASELINE] repeat=4 scope=internal_cv fold=8 epoch=0 exact_zero=Y val_bce=0.639320 probability_max_abs=1.19e-07
CHECKPOINT_LATEST repeat=4 scope=internal_cv fold=8 phase=crsm_corrected epoch=0 path=/data/adodas/VarCoNet-V2-main/xiaolunwen/experiment1c/checkpoints/worker_r4_latest.pt
CHECKPOINT_BEST repeat=4 scope=internal_cv fold=8 phase=crsm_corrected epoch=0 path=/data/adodas/VarCoNet-V2-main/xiaolunwen/experiment1c/checkpoints/worker_r4_best.pt
CHECKPOINT_BEST repeat=4 scope=internal_cv fold=8 phase=crsm_corrected epoch=0 path=/data/adodas/VarCoNet-V2-main/xiaolunwen/experiment1c/checkpoints/worker_r4_best.pt
CHECKPOINT_LATEST repeat=4 scope=internal_cv fold=8 phase=crsm_corrected epoch=0 path=/data/adodas/VarCoNet-V2-main/xiaolunwen/experiment1c/checkpoints/worker_r4_latest.pt
[CRSM_SYMMETRY_START] repeat=4 scope=internal_cv fold=8 after_exact_zero=Y pca_unit_norm=1.00000000 pca_singular=145.274109 symmetry_scale=0.00128531514
CHECKPOINT_LATEST repeat=4 scope=internal_cv fold=8 phase=crsm_corrected epoch=10 path=/data/adodas/VarCoNet-V2-main/xiaolunwen/experiment1c/checkpoints/worker_r4_latest.pt
[CRSM_CORRECTED] repeat=4 scope=internal_cv fold=8 epoch=10/149 train_loss=0.361767 val_bce=0.649968 best=N best_epoch=0 asd_mass=(0.5028,0.4972) hc_mass=(0.5000,0.5000) delta_l2=(0.131500,0.131160) epoch_seconds=0.23
CHECKPOINT_LATEST repeat=4 scope=internal_cv fold=8 phase=crsm_corrected epoch=20 path=/data/adodas/VarCoNet-V2-main/xiaolunwen/experiment1c/checkpoints/worker_r4_latest.pt
[CRSM_CORRECTED] repeat=4 scope=internal_cv fold=8 epoch=20/149 train_loss=0.317594 val_bce=0.663799 best=N best_epoch=0 asd_mass=(0.5046,0.4954) hc_mass=(0.5000,0.5000) delta_l2=(0.251623,0.251293) epoch_seconds=0.24
CHECKPOINT_LATEST repeat=4 scope=internal_cv fold=8 phase=crsm_corrected epoch=30 path=/data/adodas/VarCoNet-V2-main/xiaolunwen/experiment1c/checkpoints/worker_r4_latest.pt
[CRSM_CORRECTED] repeat=4 scope=internal_cv fold=8 epoch=30/149 train_loss=0.286440 val_bce=0.678777 best=N best_epoch=0 asd_mass=(0.5076,0.4924) hc_mass=(0.5000,0.5000) delta_l2=(0.359256,0.358924) epoch_seconds=0.27
CHECKPOINT_LATEST repeat=4 scope=internal_cv fold=8 phase=crsm_corrected epoch=40 path=/data/adodas/VarCoNet-V2-main/xiaolunwen/experiment1c/checkpoints/worker_r4_latest.pt
[CRSM_CORRECTED] repeat=4 scope=internal_cv fold=8 epoch=40/149 train_loss=0.264056 val_bce=0.694864 best=N best_epoch=0 asd_mass=(0.5123,0.4877) hc_mass=(0.5000,0.5000) delta_l2=(0.455185,0.454844) epoch_seconds=0.27
CHECKPOINT_LATEST repeat=4 scope=internal_cv fold=8 phase=crsm_corrected epoch=50 path=/data/adodas/VarCoNet-V2-main/xiaolunwen/experiment1c/checkpoints/worker_r4_latest.pt
[CRSM_CORRECTED] repeat=4 scope=internal_cv fold=8 epoch=50/149 train_loss=0.247617 val_bce=0.711600 best=N best_epoch=0 asd_mass=(0.5192,0.4808) hc_mass=(0.5000,0.5000) delta_l2=(0.540993,0.540573) epoch_seconds=0.26
CHECKPOINT_LATEST repeat=4 scope=internal_cv fold=8 phase=crsm_corrected epoch=60 path=/data/adodas/VarCoNet-V2-main/xiaolunwen/experiment1c/checkpoints/worker_r4_latest.pt
[CRSM_CORRECTED] repeat=4 scope=internal_cv fold=8 epoch=60/149 train_loss=0.235238 val_bce=0.729001 best=N best_epoch=0 asd_mass=(0.5276,0.4724) hc_mass=(0.5000,0.5000) delta_l2=(0.618189,0.617611) epoch_seconds=0.26
CHECKPOINT_LATEST repeat=4 scope=internal_cv fold=8 phase=crsm_corrected epoch=70 path=/data/adodas/VarCoNet-V2-main/xiaolunwen/experiment1c/checkpoints/worker_r4_latest.pt
[CRSM_CORRECTED] repeat=4 scope=internal_cv fold=8 epoch=70/149 train_loss=0.225659 val_bce=0.746699 best=N best_epoch=0 asd_mass=(0.5363,0.4637) hc_mass=(0.5000,0.5000) delta_l2=(0.688021,0.687388) epoch_seconds=0.25
CHECKPOINT_LATEST repeat=4 scope=internal_cv fold=8 phase=crsm_corrected epoch=80 path=/data/adodas/VarCoNet-V2-main/xiaolunwen/experiment1c/checkpoints/worker_r4_latest.pt
[CRSM_CORRECTED] repeat=4 scope=internal_cv fold=8 epoch=80/149 train_loss=0.218059 val_bce=0.764319 best=N best_epoch=0 asd_mass=(0.5439,0.4561) hc_mass=(0.4999,0.5001) delta_l2=(0.751468,0.751246) epoch_seconds=0.27
CHECKPOINT_LATEST repeat=4 scope=internal_cv fold=8 phase=crsm_corrected epoch=90 path=/data/adodas/VarCoNet-V2-main/xiaolunwen/experiment1c/checkpoints/worker_r4_latest.pt
[CRSM_CORRECTED] repeat=4 scope=internal_cv fold=8 epoch=90/149 train_loss=0.211924 val_bce=0.781968 best=N best_epoch=0 asd_mass=(0.5496,0.4504) hc_mass=(0.4999,0.5001) delta_l2=(0.809281,0.810289) epoch_seconds=0.24
CHECKPOINT_LATEST repeat=4 scope=internal_cv fold=8 phase=crsm_corrected epoch=100 path=/data/adodas/VarCoNet-V2-main/xiaolunwen/experiment1c/checkpoints/worker_r4_latest.pt
[CRSM_CORRECTED] repeat=4 scope=internal_cv fold=8 epoch=100/149 train_loss=0.206924 val_bce=0.799535 best=N best_epoch=0 asd_mass=(0.5536,0.4464) hc_mass=(0.5000,0.5000) delta_l2=(0.862067,0.865273) epoch_seconds=0.25
CHECKPOINT_LATEST repeat=4 scope=internal_cv fold=8 phase=crsm_corrected epoch=110 path=/data/adodas/VarCoNet-V2-main/xiaolunwen/experiment1c/checkpoints/worker_r4_latest.pt
[CRSM_CORRECTED] repeat=4 scope=internal_cv fold=8 epoch=110/149 train_loss=0.202829 val_bce=0.816764 best=N best_epoch=0 asd_mass=(0.5564,0.4436) hc_mass=(0.5000,0.5000) delta_l2=(0.910373,0.916644) epoch_seconds=0.23
CHECKPOINT_LATEST repeat=4 scope=internal_cv fold=8 phase=crsm_corrected epoch=120 path=/data/adodas/VarCoNet-V2-main/xiaolunwen/experiment1c/checkpoints/worker_r4_latest.pt
[CRSM_CORRECTED] repeat=4 scope=internal_cv fold=8 epoch=120/149 train_loss=0.199464 val_bce=0.833468 best=N best_epoch=0 asd_mass=(0.5585,0.4415) hc_mass=(0.5000,0.5000) delta_l2=(0.954705,0.964673) epoch_seconds=0.27
CHECKPOINT_LATEST repeat=4 scope=internal_cv fold=8 phase=crsm_corrected epoch=130 path=/data/adodas/VarCoNet-V2-main/xiaolunwen/experiment1c/checkpoints/worker_r4_latest.pt
[CRSM_CORRECTED] repeat=4 scope=internal_cv fold=8 epoch=130/149 train_loss=0.196688 val_bce=0.849525 best=N best_epoch=0 asd_mass=(0.5600,0.4400) hc_mass=(0.5000,0.5000) delta_l2=(0.995530,1.009559) epoch_seconds=0.27
CHECKPOINT_LATEST repeat=4 scope=internal_cv fold=8 phase=crsm_corrected epoch=140 path=/data/adodas/VarCoNet-V2-main/xiaolunwen/experiment1c/checkpoints/worker_r4_latest.pt
[CRSM_CORRECTED] repeat=4 scope=internal_cv fold=8 epoch=140/149 train_loss=0.194385 val_bce=0.864908 best=N best_epoch=0 asd_mass=(0.5612,0.4388) hc_mass=(0.5000,0.5000) delta_l2=(1.033262,1.051494) epoch_seconds=0.25
CHECKPOINT_LATEST repeat=4 scope=internal_cv fold=8 phase=crsm_corrected epoch=149 path=/data/adodas/VarCoNet-V2-main/xiaolunwen/experiment1c/checkpoints/worker_r4_latest.pt
[CRSM_CORRECTED] repeat=4 scope=internal_cv fold=8 epoch=149/149 train_loss=0.192640 val_bce=0.878174 best=N best_epoch=0 asd_mass=(0.5621,0.4379) hc_mass=(0.5000,0.5000) delta_l2=(1.064875,1.086877) epoch_seconds=0.25
[SNDE_NORMATIVE] repeat=4 scope=internal_cv fold=8 n_unique_asd=357 n_unique_hc=317 roi_dim=384 std_floor=0.0013043773 pc1_explained_fraction=0.186359 hc_score_mean_before_norm=8.12278e-08 hc_score_std_before_norm=6.09314 asd_positive_fraction=0.0112 asd_negative_fraction=0.1625 asd_generalist_fraction=0.8263 hc_positive_fraction=0.0189 hc_negative_fraction=0.1009 hc_generalist_fraction=0.8801
[SNDE_ZERO_BASELINE] repeat=4 scope=internal_cv fold=8 epoch=0 exact_zero=Y val_bce=0.639320 probability_max_abs=5.96e-08
CHECKPOINT_BEST repeat=4 scope=internal_cv fold=8 phase=snde epoch=0 path=/data/adodas/VarCoNet-V2-main/xiaolunwen/experiment1c/checkpoints/worker_r4_best.pt
CHECKPOINT_LATEST repeat=4 scope=internal_cv fold=8 phase=snde epoch=0 path=/data/adodas/VarCoNet-V2-main/xiaolunwen/experiment1c/checkpoints/worker_r4_latest.pt
CHECKPOINT_BEST repeat=4 scope=internal_cv fold=8 phase=snde epoch=2 path=/data/adodas/VarCoNet-V2-main/xiaolunwen/experiment1c/checkpoints/worker_r4_best.pt
CHECKPOINT_LATEST repeat=4 scope=internal_cv fold=8 phase=snde epoch=2 path=/data/adodas/VarCoNet-V2-main/xiaolunwen/experiment1c/checkpoints/worker_r4_latest.pt
[SNDE] repeat=4 scope=internal_cv fold=8 epoch=2/149 train_bce=0.415801 val_bce=0.636465 best=Y best_epoch=2 asd_gate=(+0.011,-0.162,g0.826) hc_gate=(+0.019,-0.101,g0.880) pos_weight_l2=0.037419 neg_weight_l2=0.027293 mean_abs_pos_correction=0.004536 mean_abs_neg_correction=0.072603 elapsed_seconds=0.65
CHECKPOINT_BEST repeat=4 scope=internal_cv fold=8 phase=snde epoch=3 path=/data/adodas/VarCoNet-V2-main/xiaolunwen/experiment1c/checkpoints/worker_r4_best.pt
CHECKPOINT_LATEST repeat=4 scope=internal_cv fold=8 phase=snde epoch=3 path=/data/adodas/VarCoNet-V2-main/xiaolunwen/experiment1c/checkpoints/worker_r4_latest.pt
[SNDE] repeat=4 scope=internal_cv fold=8 epoch=3/149 train_bce=0.411230 val_bce=0.634813 best=Y best_epoch=3 asd_gate=(+0.011,-0.162,g0.826) hc_gate=(+0.019,-0.101,g0.880) pos_weight_l2=0.054065 neg_weight_l2=0.035570 mean_abs_pos_correction=0.006538 mean_abs_neg_correction=0.100161 elapsed_seconds=0.67
CHECKPOINT_LATEST repeat=4 scope=internal_cv fold=8 phase=snde epoch=10 path=/data/adodas/VarCoNet-V2-main/xiaolunwen/experiment1c/checkpoints/worker_r4_latest.pt
[SNDE] repeat=4 scope=internal_cv fold=8 epoch=10/149 train_bce=0.401744 val_bce=0.639007 best=N best_epoch=3 asd_gate=(+0.011,-0.162,g0.826) hc_gate=(+0.019,-0.101,g0.880) pos_weight_l2=0.152354 neg_weight_l2=0.087285 mean_abs_pos_correction=0.016516 mean_abs_neg_correction=0.117131 elapsed_seconds=0.57
CHECKPOINT_LATEST repeat=4 scope=internal_cv fold=8 phase=snde epoch=20 path=/data/adodas/VarCoNet-V2-main/xiaolunwen/experiment1c/checkpoints/worker_r4_latest.pt
[SNDE] repeat=4 scope=internal_cv fold=8 epoch=20/149 train_bce=0.395586 val_bce=0.637630 best=N best_epoch=3 asd_gate=(+0.011,-0.162,g0.826) hc_gate=(+0.019,-0.101,g0.880) pos_weight_l2=0.259275 neg_weight_l2=0.147295 mean_abs_pos_correction=0.024641 mean_abs_neg_correction=0.198432 elapsed_seconds=0.39
CHECKPOINT_LATEST repeat=4 scope=internal_cv fold=8 phase=snde epoch=30 path=/data/adodas/VarCoNet-V2-main/xiaolunwen/experiment1c/checkpoints/worker_r4_latest.pt
[SNDE] repeat=4 scope=internal_cv fold=8 epoch=30/149 train_bce=0.392181 val_bce=0.639858 best=N best_epoch=3 asd_gate=(+0.011,-0.162,g0.826) hc_gate=(+0.019,-0.101,g0.880) pos_weight_l2=0.340294 neg_weight_l2=0.194462 mean_abs_pos_correction=0.029993 mean_abs_neg_correction=0.230518 elapsed_seconds=0.38
CHECKPOINT_LATEST repeat=4 scope=internal_cv fold=8 phase=snde epoch=40 path=/data/adodas/VarCoNet-V2-main/xiaolunwen/experiment1c/checkpoints/worker_r4_latest.pt
[SNDE] repeat=4 scope=internal_cv fold=8 epoch=40/149 train_bce=0.389641 val_bce=0.642601 best=N best_epoch=3 asd_gate=(+0.011,-0.162,g0.826) hc_gate=(+0.019,-0.101,g0.880) pos_weight_l2=0.410625 neg_weight_l2=0.235665 mean_abs_pos_correction=0.033863 mean_abs_neg_correction=0.259021 elapsed_seconds=0.40
CHECKPOINT_LATEST repeat=4 scope=internal_cv fold=8 phase=snde epoch=50 path=/data/adodas/VarCoNet-V2-main/xiaolunwen/experiment1c/checkpoints/worker_r4_latest.pt
[SNDE] repeat=4 scope=internal_cv fold=8 epoch=50/149 train_bce=0.387746 val_bce=0.645313 best=N best_epoch=3 asd_gate=(+0.011,-0.162,g0.826) hc_gate=(+0.019,-0.101,g0.880) pos_weight_l2=0.476532 neg_weight_l2=0.273914 mean_abs_pos_correction=0.036856 mean_abs_neg_correction=0.276281 elapsed_seconds=0.38
CHECKPOINT_LATEST repeat=4 scope=internal_cv fold=8 phase=snde epoch=60 path=/data/adodas/VarCoNet-V2-main/xiaolunwen/experiment1c/checkpoints/worker_r4_latest.pt
[SNDE] repeat=4 scope=internal_cv fold=8 epoch=60/149 train_bce=0.386250 val_bce=0.646622 best=N best_epoch=3 asd_gate=(+0.011,-0.162,g0.826) hc_gate=(+0.019,-0.101,g0.880) pos_weight_l2=0.539316 neg_weight_l2=0.309947 mean_abs_pos_correction=0.039318 mean_abs_neg_correction=0.294765 elapsed_seconds=0.37
CHECKPOINT_LATEST repeat=4 scope=internal_cv fold=8 phase=snde epoch=70 path=/data/adodas/VarCoNet-V2-main/xiaolunwen/experiment1c/checkpoints/worker_r4_latest.pt
[SNDE] repeat=4 scope=internal_cv fold=8 epoch=70/149 train_bce=0.385011 val_bce=0.647668 best=N best_epoch=3 asd_gate=(+0.011,-0.162,g0.826) hc_gate=(+0.019,-0.101,g0.880) pos_weight_l2=0.599194 neg_weight_l2=0.344255 mean_abs_pos_correction=0.041468 mean_abs_neg_correction=0.307164 elapsed_seconds=0.38
CHECKPOINT_LATEST repeat=4 scope=internal_cv fold=8 phase=snde epoch=80 path=/data/adodas/VarCoNet-V2-main/xiaolunwen/experiment1c/checkpoints/worker_r4_latest.pt
[SNDE] repeat=4 scope=internal_cv fold=8 epoch=80/149 train_bce=0.383951 val_bce=0.648251 best=N best_epoch=3 asd_gate=(+0.011,-0.162,g0.826) hc_gate=(+0.019,-0.101,g0.880) pos_weight_l2=0.656336 neg_weight_l2=0.377221 mean_abs_pos_correction=0.043438 mean_abs_neg_correction=0.323157 elapsed_seconds=0.40
CHECKPOINT_LATEST repeat=4 scope=internal_cv fold=8 phase=snde epoch=90 path=/data/adodas/VarCoNet-V2-main/xiaolunwen/experiment1c/checkpoints/worker_r4_latest.pt
[SNDE] repeat=4 scope=internal_cv fold=8 epoch=90/149 train_bce=0.383025 val_bce=0.648676 best=N best_epoch=3 asd_gate=(+0.011,-0.162,g0.826) hc_gate=(+0.019,-0.101,g0.880) pos_weight_l2=0.710959 neg_weight_l2=0.409154 mean_abs_pos_correction=0.045299 mean_abs_neg_correction=0.336355 elapsed_seconds=0.37
CHECKPOINT_LATEST repeat=4 scope=internal_cv fold=8 phase=snde epoch=100 path=/data/adodas/VarCoNet-V2-main/xiaolunwen/experiment1c/checkpoints/worker_r4_latest.pt
[SNDE] repeat=4 scope=internal_cv fold=8 epoch=100/149 train_bce=0.382202 val_bce=0.648979 best=N best_epoch=3 asd_gate=(+0.011,-0.162,g0.826) hc_gate=(+0.019,-0.101,g0.880) pos_weight_l2=0.763307 neg_weight_l2=0.440197 mean_abs_pos_correction=0.047079 mean_abs_neg_correction=0.349890 elapsed_seconds=0.38
CHECKPOINT_LATEST repeat=4 scope=internal_cv fold=8 phase=snde epoch=110 path=/data/adodas/VarCoNet-V2-main/xiaolunwen/experiment1c/checkpoints/worker_r4_latest.pt
[SNDE] repeat=4 scope=internal_cv fold=8 epoch=110/149 train_bce=0.381462 val_bce=0.649066 best=N best_epoch=3 asd_gate=(+0.011,-0.162,g0.826) hc_gate=(+0.019,-0.101,g0.880) pos_weight_l2=0.813617 neg_weight_l2=0.470458 mean_abs_pos_correction=0.048785 mean_abs_neg_correction=0.361557 elapsed_seconds=0.39
CHECKPOINT_LATEST repeat=4 scope=internal_cv fold=8 phase=snde epoch=120 path=/data/adodas/VarCoNet-V2-main/xiaolunwen/experiment1c/checkpoints/worker_r4_latest.pt
[SNDE] repeat=4 scope=internal_cv fold=8 epoch=120/149 train_bce=0.380789 val_bce=0.649066 best=N best_epoch=3 asd_gate=(+0.011,-0.162,g0.826) hc_gate=(+0.019,-0.101,g0.880) pos_weight_l2=0.862112 neg_weight_l2=0.500008 mean_abs_pos_correction=0.050417 mean_abs_neg_correction=0.373187 elapsed_seconds=0.65
CHECKPOINT_LATEST repeat=4 scope=internal_cv fold=8 phase=snde epoch=130 path=/data/adodas/VarCoNet-V2-main/xiaolunwen/experiment1c/checkpoints/worker_r4_latest.pt
[SNDE] repeat=4 scope=internal_cv fold=8 epoch=130/149 train_bce=0.380175 val_bce=0.648981 best=N best_epoch=3 asd_gate=(+0.011,-0.162,g0.826) hc_gate=(+0.019,-0.101,g0.880) pos_weight_l2=0.908994 neg_weight_l2=0.528915 mean_abs_pos_correction=0.051975 mean_abs_neg_correction=0.384381 elapsed_seconds=0.53
CHECKPOINT_LATEST repeat=4 scope=internal_cv fold=8 phase=snde epoch=140 path=/data/adodas/VarCoNet-V2-main/xiaolunwen/experiment1c/checkpoints/worker_r4_latest.pt
[SNDE] repeat=4 scope=internal_cv fold=8 epoch=140/149 train_bce=0.379611 val_bce=0.648854 best=N best_epoch=3 asd_gate=(+0.011,-0.162,g0.826) hc_gate=(+0.019,-0.101,g0.880) pos_weight_l2=0.954445 neg_weight_l2=0.557226 mean_abs_pos_correction=0.053458 mean_abs_neg_correction=0.395357 elapsed_seconds=0.58
CHECKPOINT_LATEST repeat=4 scope=internal_cv fold=8 phase=snde epoch=149 path=/data/adodas/VarCoNet-V2-main/xiaolunwen/experiment1c/checkpoints/worker_r4_latest.pt
[SNDE] repeat=4 scope=internal_cv fold=8 epoch=149/149 train_bce=0.379140 val_bce=0.648727 best=N best_epoch=3 asd_gate=(+0.011,-0.162,g0.826) hc_gate=(+0.019,-0.101,g0.880) pos_weight_l2=0.994262 neg_weight_l2=0.582224 mean_abs_pos_correction=0.054730 mean_abs_neg_correction=0.405202 elapsed_seconds=0.45
TASK_TRAINING_DONE repeat=4 scope=internal_cv fold=8 base_encoder_epoch=16 base_classifier_epoch=15 base_val_bce=0.639320 crsm_epoch=0 crsm_val_bce=0.639320 snde_epoch=3 snde_val_bce=0.634813 elapsed_minutes=3.8
TASK_DONE repeat=4 scope=internal_fold fold=8 method=baseline selected_encoder_epoch=16 test_auc=0.725480 test_bce=0.617075 elapsed_minutes=3.8
TASK_DONE repeat=4 scope=internal_fold fold=8 method=crsm_corrected selected_encoder_epoch=16 test_auc=0.725480 test_bce=0.617075 elapsed_minutes=3.8
TASK_DONE repeat=4 scope=internal_fold fold=8 method=selective_normative_deviation_experts selected_encoder_epoch=16 test_auc=0.697457 test_bce=0.712082 elapsed_minutes=3.8
TASK_START repeat=4 scope=internal_cv fold=9 seed=100409 device=cuda:0 methods=baseline,crsm_corrected,selective_normative_deviation_experts shared_encoder=Y reference_unique_n=674 train_n=750 val_n=120
CHECKPOINT_BEST repeat=4 scope=internal_cv fold=9 phase=ssl epoch=1 path=/data/adodas/VarCoNet-V2-main/xiaolunwen/experiment1c/checkpoints/worker_r4_best.pt
[SSL] repeat=4 scope=internal_cv fold=9 epoch=1/50 ssl_loss=0.115618 lr=0.000024107 base_val_bce=0.609409 base_best=Y base_cls_epoch=43 epoch_seconds=3.7 task_elapsed_minutes=0.1 gpu_alloc_gb=0.318 gpu_reserved_gb=1.744
[SSL] repeat=4 scope=internal_cv fold=9 epoch=2/50 ssl_loss=0.104064 lr=0.000038214 base_val_bce=0.616112 base_best=N base_cls_epoch=45 epoch_seconds=4.5 task_elapsed_minutes=0.1 gpu_alloc_gb=0.317 gpu_reserved_gb=2.008
[SSL] repeat=4 scope=internal_cv fold=9 epoch=3/50 ssl_loss=0.103637 lr=0.000052321 base_val_bce=0.614597 base_best=N base_cls_epoch=40 epoch_seconds=5.1 task_elapsed_minutes=0.2 gpu_alloc_gb=0.318 gpu_reserved_gb=1.744
[SSL] repeat=4 scope=internal_cv fold=9 epoch=4/50 ssl_loss=0.093954 lr=0.000066427 base_val_bce=0.616641 base_best=N base_cls_epoch=37 epoch_seconds=5.5 task_elapsed_minutes=0.3 gpu_alloc_gb=0.317 gpu_reserved_gb=2.008
[SSL] repeat=4 scope=internal_cv fold=9 epoch=5/50 ssl_loss=0.116161 lr=0.000080534 base_val_bce=0.612604 base_best=N base_cls_epoch=41 epoch_seconds=4.6 task_elapsed_minutes=0.4 gpu_alloc_gb=0.318 gpu_reserved_gb=1.744
CHECKPOINT_BEST repeat=4 scope=internal_cv fold=9 phase=ssl epoch=6 path=/data/adodas/VarCoNet-V2-main/xiaolunwen/experiment1c/checkpoints/worker_r4_best.pt
[SSL] repeat=4 scope=internal_cv fold=9 epoch=6/50 ssl_loss=0.077985 lr=0.000094641 base_val_bce=0.597504 base_best=Y base_cls_epoch=38 epoch_seconds=10.8 task_elapsed_minutes=0.6 gpu_alloc_gb=0.317 gpu_reserved_gb=2.008
[SSL] repeat=4 scope=internal_cv fold=9 epoch=7/50 ssl_loss=0.065573 lr=0.000108748 base_val_bce=0.602653 base_best=N base_cls_epoch=39 epoch_seconds=3.6 task_elapsed_minutes=0.6 gpu_alloc_gb=0.318 gpu_reserved_gb=1.744
[SSL] repeat=4 scope=internal_cv fold=9 epoch=8/50 ssl_loss=0.070555 lr=0.000122855 base_val_bce=0.604735 base_best=N base_cls_epoch=35 epoch_seconds=3.6 task_elapsed_minutes=0.7 gpu_alloc_gb=0.317 gpu_reserved_gb=2.008
[SSL] repeat=4 scope=internal_cv fold=9 epoch=9/50 ssl_loss=0.065758 lr=0.000136962 base_val_bce=0.605279 base_best=N base_cls_epoch=38 epoch_seconds=3.8 task_elapsed_minutes=0.8 gpu_alloc_gb=0.318 gpu_reserved_gb=1.744
CHECKPOINT_LATEST repeat=4 scope=internal_cv fold=9 phase=ssl epoch=10 path=/data/adodas/VarCoNet-V2-main/xiaolunwen/experiment1c/checkpoints/worker_r4_latest.pt
[SSL] repeat=4 scope=internal_cv fold=9 epoch=10/50 ssl_loss=0.062927 lr=0.000136962 base_val_bce=0.598121 base_best=N base_cls_epoch=32 epoch_seconds=4.2 task_elapsed_minutes=0.8 gpu_alloc_gb=0.317 gpu_reserved_gb=2.008
[SSL] repeat=4 scope=internal_cv fold=9 epoch=11/50 ssl_loss=0.042790 lr=0.000136751 base_val_bce=0.611098 base_best=N base_cls_epoch=34 epoch_seconds=3.9 task_elapsed_minutes=0.9 gpu_alloc_gb=0.318 gpu_reserved_gb=1.744
[SSL] repeat=4 scope=internal_cv fold=9 epoch=12/50 ssl_loss=0.064033 lr=0.000136119 base_val_bce=0.599931 base_best=N base_cls_epoch=33 epoch_seconds=4.2 task_elapsed_minutes=1.0 gpu_alloc_gb=0.317 gpu_reserved_gb=2.008
[SSL] repeat=4 scope=internal_cv fold=9 epoch=13/50 ssl_loss=0.073768 lr=0.000135070 base_val_bce=0.607066 base_best=N base_cls_epoch=44 epoch_seconds=4.6 task_elapsed_minutes=1.1 gpu_alloc_gb=0.318 gpu_reserved_gb=1.744
[SSL] repeat=4 scope=internal_cv fold=9 epoch=14/50 ssl_loss=0.048648 lr=0.000133610 base_val_bce=0.609896 base_best=N base_cls_epoch=42 epoch_seconds=7.2 task_elapsed_minutes=1.2 gpu_alloc_gb=0.317 gpu_reserved_gb=2.008
[SSL] repeat=4 scope=internal_cv fold=9 epoch=15/50 ssl_loss=0.055113 lr=0.000131749 base_val_bce=0.611566 base_best=N base_cls_epoch=41 epoch_seconds=8.3 task_elapsed_minutes=1.3 gpu_alloc_gb=0.318 gpu_reserved_gb=1.744
[SSL] repeat=4 scope=internal_cv fold=9 epoch=16/50 ssl_loss=0.045710 lr=0.000129498 base_val_bce=0.606400 base_best=N base_cls_epoch=36 epoch_seconds=8.2 task_elapsed_minutes=1.5 gpu_alloc_gb=0.317 gpu_reserved_gb=2.008
[SSL] repeat=4 scope=internal_cv fold=9 epoch=17/50 ssl_loss=0.044360 lr=0.000126870 base_val_bce=0.603369 base_best=N base_cls_epoch=37 epoch_seconds=7.5 task_elapsed_minutes=1.6 gpu_alloc_gb=0.318 gpu_reserved_gb=1.744
[SSL] repeat=4 scope=internal_cv fold=9 epoch=18/50 ssl_loss=0.050461 lr=0.000123883 base_val_bce=0.607336 base_best=N base_cls_epoch=44 epoch_seconds=6.2 task_elapsed_minutes=1.7 gpu_alloc_gb=0.317 gpu_reserved_gb=2.008
[SSL] repeat=4 scope=internal_cv fold=9 epoch=19/50 ssl_loss=0.043968 lr=0.000120554 base_val_bce=0.604328 base_best=N base_cls_epoch=37 epoch_seconds=5.7 task_elapsed_minutes=1.8 gpu_alloc_gb=0.318 gpu_reserved_gb=1.744
CHECKPOINT_LATEST repeat=4 scope=internal_cv fold=9 phase=ssl epoch=20 path=/data/adodas/VarCoNet-V2-main/xiaolunwen/experiment1c/checkpoints/worker_r4_latest.pt
[SSL] repeat=4 scope=internal_cv fold=9 epoch=20/50 ssl_loss=0.053102 lr=0.000116904 base_val_bce=0.606150 base_best=N base_cls_epoch=38 epoch_seconds=6.5 task_elapsed_minutes=1.9 gpu_alloc_gb=0.317 gpu_reserved_gb=2.008
[SSL] repeat=4 scope=internal_cv fold=9 epoch=21/50 ssl_loss=0.050645 lr=0.000112956 base_val_bce=0.612995 base_best=N base_cls_epoch=47 epoch_seconds=3.6 task_elapsed_minutes=2.0 gpu_alloc_gb=0.318 gpu_reserved_gb=1.744
[SSL] repeat=4 scope=internal_cv fold=9 epoch=22/50 ssl_loss=0.052282 lr=0.000108733 base_val_bce=0.610648 base_best=N base_cls_epoch=43 epoch_seconds=5.2 task_elapsed_minutes=2.0 gpu_alloc_gb=0.317 gpu_reserved_gb=2.008
[SSL] repeat=4 scope=internal_cv fold=9 epoch=23/50 ssl_loss=0.046212 lr=0.000104262 base_val_bce=0.612239 base_best=N base_cls_epoch=38 epoch_seconds=4.9 task_elapsed_minutes=2.1 gpu_alloc_gb=0.318 gpu_reserved_gb=1.744
[SSL] repeat=4 scope=internal_cv fold=9 epoch=24/50 ssl_loss=0.041903 lr=0.000099570 base_val_bce=0.604858 base_best=N base_cls_epoch=48 epoch_seconds=12.0 task_elapsed_minutes=2.3 gpu_alloc_gb=0.317 gpu_reserved_gb=2.008
[SSL] repeat=4 scope=internal_cv fold=9 epoch=25/50 ssl_loss=0.043192 lr=0.000094687 base_val_bce=0.602591 base_best=N base_cls_epoch=46 epoch_seconds=9.6 task_elapsed_minutes=2.5 gpu_alloc_gb=0.318 gpu_reserved_gb=1.744
[SSL] repeat=4 scope=internal_cv fold=9 epoch=26/50 ssl_loss=0.035111 lr=0.000089643 base_val_bce=0.608367 base_best=N base_cls_epoch=48 epoch_seconds=8.3 task_elapsed_minutes=2.6 gpu_alloc_gb=0.317 gpu_reserved_gb=2.008
[SSL] repeat=4 scope=internal_cv fold=9 epoch=27/50 ssl_loss=0.041693 lr=0.000084467 base_val_bce=0.602055 base_best=N base_cls_epoch=42 epoch_seconds=8.1 task_elapsed_minutes=2.8 gpu_alloc_gb=0.318 gpu_reserved_gb=1.744
[SSL] repeat=4 scope=internal_cv fold=9 epoch=28/50 ssl_loss=0.040766 lr=0.000079194 base_val_bce=0.607803 base_best=N base_cls_epoch=48 epoch_seconds=6.5 task_elapsed_minutes=2.9 gpu_alloc_gb=0.317 gpu_reserved_gb=2.008
[SSL] repeat=4 scope=internal_cv fold=9 epoch=29/50 ssl_loss=0.032523 lr=0.000073854 base_val_bce=0.617881 base_best=N base_cls_epoch=46 epoch_seconds=11.1 task_elapsed_minutes=3.1 gpu_alloc_gb=0.318 gpu_reserved_gb=1.744
CHECKPOINT_LATEST repeat=4 scope=internal_cv fold=9 phase=ssl epoch=30 path=/data/adodas/VarCoNet-V2-main/xiaolunwen/experiment1c/checkpoints/worker_r4_latest.pt
[SSL] repeat=4 scope=internal_cv fold=9 epoch=30/50 ssl_loss=0.042749 lr=0.000068481 base_val_bce=0.611720 base_best=N base_cls_epoch=47 epoch_seconds=7.0 task_elapsed_minutes=3.2 gpu_alloc_gb=0.317 gpu_reserved_gb=2.008
[SSL] repeat=4 scope=internal_cv fold=9 epoch=31/50 ssl_loss=0.040262 lr=0.000063108 base_val_bce=0.603082 base_best=N base_cls_epoch=46 epoch_seconds=3.2 task_elapsed_minutes=3.2 gpu_alloc_gb=0.318 gpu_reserved_gb=1.744
[SSL] repeat=4 scope=internal_cv fold=9 epoch=32/50 ssl_loss=0.049800 lr=0.000057768 base_val_bce=0.602506 base_best=N base_cls_epoch=42 epoch_seconds=3.3 task_elapsed_minutes=3.3 gpu_alloc_gb=0.317 gpu_reserved_gb=2.008
CHECKPOINT_BEST repeat=4 scope=internal_cv fold=9 phase=ssl epoch=33 path=/data/adodas/VarCoNet-V2-main/xiaolunwen/experiment1c/checkpoints/worker_r4_best.pt
[SSL] repeat=4 scope=internal_cv fold=9 epoch=33/50 ssl_loss=0.036846 lr=0.000052494 base_val_bce=0.592581 base_best=Y base_cls_epoch=46 epoch_seconds=5.0 task_elapsed_minutes=3.4 gpu_alloc_gb=0.318 gpu_reserved_gb=1.744
[SSL] repeat=4 scope=internal_cv fold=9 epoch=34/50 ssl_loss=0.049224 lr=0.000047319 base_val_bce=0.614950 base_best=N base_cls_epoch=45 epoch_seconds=3.2 task_elapsed_minutes=3.4 gpu_alloc_gb=0.317 gpu_reserved_gb=2.008
[SSL] repeat=4 scope=internal_cv fold=9 epoch=35/50 ssl_loss=0.047208 lr=0.000042274 base_val_bce=0.612773 base_best=N base_cls_epoch=52 epoch_seconds=3.3 task_elapsed_minutes=3.5 gpu_alloc_gb=0.318 gpu_reserved_gb=1.744
[SSL] repeat=4 scope=internal_cv fold=9 epoch=36/50 ssl_loss=0.049293 lr=0.000037391 base_val_bce=0.596542 base_best=N base_cls_epoch=42 epoch_seconds=8.2 task_elapsed_minutes=3.6 gpu_alloc_gb=0.317 gpu_reserved_gb=2.008
[SSL] repeat=4 scope=internal_cv fold=9 epoch=37/50 ssl_loss=0.041526 lr=0.000032700 base_val_bce=0.610393 base_best=N base_cls_epoch=47 epoch_seconds=10.9 task_elapsed_minutes=3.8 gpu_alloc_gb=0.318 gpu_reserved_gb=1.744
[SSL] repeat=4 scope=internal_cv fold=9 epoch=38/50 ssl_loss=0.043483 lr=0.000028229 base_val_bce=0.607066 base_best=N base_cls_epoch=46 epoch_seconds=8.7 task_elapsed_minutes=4.0 gpu_alloc_gb=0.317 gpu_reserved_gb=2.008
[SSL] repeat=4 scope=internal_cv fold=9 epoch=39/50 ssl_loss=0.034232 lr=0.000024006 base_val_bce=0.615800 base_best=N base_cls_epoch=46 epoch_seconds=8.0 task_elapsed_minutes=4.1 gpu_alloc_gb=0.318 gpu_reserved_gb=1.744
CHECKPOINT_LATEST repeat=4 scope=internal_cv fold=9 phase=ssl epoch=40 path=/data/adodas/VarCoNet-V2-main/xiaolunwen/experiment1c/checkpoints/worker_r4_latest.pt
[SSL] repeat=4 scope=internal_cv fold=9 epoch=40/50 ssl_loss=0.040479 lr=0.000020058 base_val_bce=0.598485 base_best=N base_cls_epoch=43 epoch_seconds=6.7 task_elapsed_minutes=4.2 gpu_alloc_gb=0.317 gpu_reserved_gb=2.008
[SSL] repeat=4 scope=internal_cv fold=9 epoch=41/50 ssl_loss=0.040336 lr=0.000016408 base_val_bce=0.617279 base_best=N base_cls_epoch=42 epoch_seconds=8.1 task_elapsed_minutes=4.3 gpu_alloc_gb=0.318 gpu_reserved_gb=1.744
[SSL] repeat=4 scope=internal_cv fold=9 epoch=42/50 ssl_loss=0.038860 lr=0.000013079 base_val_bce=0.595819 base_best=N base_cls_epoch=47 epoch_seconds=6.8 task_elapsed_minutes=4.4 gpu_alloc_gb=0.317 gpu_reserved_gb=2.008
[SSL] repeat=4 scope=internal_cv fold=9 epoch=43/50 ssl_loss=0.028298 lr=0.000010091 base_val_bce=0.602248 base_best=N base_cls_epoch=45 epoch_seconds=3.8 task_elapsed_minutes=4.5 gpu_alloc_gb=0.318 gpu_reserved_gb=1.744
[SSL] repeat=4 scope=internal_cv fold=9 epoch=44/50 ssl_loss=0.039513 lr=0.000007464 base_val_bce=0.600643 base_best=N base_cls_epoch=41 epoch_seconds=3.8 task_elapsed_minutes=4.6 gpu_alloc_gb=0.317 gpu_reserved_gb=2.008
[SSL] repeat=4 scope=internal_cv fold=9 epoch=45/50 ssl_loss=0.042312 lr=0.000005213 base_val_bce=0.598448 base_best=N base_cls_epoch=40 epoch_seconds=3.8 task_elapsed_minutes=4.6 gpu_alloc_gb=0.318 gpu_reserved_gb=1.744
[SSL] repeat=4 scope=internal_cv fold=9 epoch=46/50 ssl_loss=0.056271 lr=0.000003352 base_val_bce=0.602015 base_best=N base_cls_epoch=44 epoch_seconds=5.0 task_elapsed_minutes=4.7 gpu_alloc_gb=0.317 gpu_reserved_gb=2.008
[SSL] repeat=4 scope=internal_cv fold=9 epoch=47/50 ssl_loss=0.040509 lr=0.000001892 base_val_bce=0.620222 base_best=N base_cls_epoch=42 epoch_seconds=8.3 task_elapsed_minutes=4.9 gpu_alloc_gb=0.318 gpu_reserved_gb=1.744
[SSL] repeat=4 scope=internal_cv fold=9 epoch=48/50 ssl_loss=0.038773 lr=0.000000843 base_val_bce=0.601098 base_best=N base_cls_epoch=45 epoch_seconds=6.5 task_elapsed_minutes=5.0 gpu_alloc_gb=0.317 gpu_reserved_gb=2.008
[SSL] repeat=4 scope=internal_cv fold=9 epoch=49/50 ssl_loss=0.034106 lr=0.000000211 base_val_bce=0.602812 base_best=N base_cls_epoch=47 epoch_seconds=8.0 task_elapsed_minutes=5.1 gpu_alloc_gb=0.318 gpu_reserved_gb=1.744
CHECKPOINT_LATEST repeat=4 scope=internal_cv fold=9 phase=ssl epoch=50 path=/data/adodas/VarCoNet-V2-main/xiaolunwen/experiment1c/checkpoints/worker_r4_latest.pt
[SSL] repeat=4 scope=internal_cv fold=9 epoch=50/50 ssl_loss=0.046600 lr=0.000000000 base_val_bce=0.612063 base_best=N base_cls_epoch=43 epoch_seconds=8.7 task_elapsed_minutes=5.3 gpu_alloc_gb=0.317 gpu_reserved_gb=2.008
[CRSM_ZERO_BASELINE] repeat=4 scope=internal_cv fold=9 epoch=0 exact_zero=Y val_bce=0.592581 probability_max_abs=5.96e-08
CHECKPOINT_LATEST repeat=4 scope=internal_cv fold=9 phase=crsm_corrected epoch=0 path=/data/adodas/VarCoNet-V2-main/xiaolunwen/experiment1c/checkpoints/worker_r4_latest.pt
CHECKPOINT_BEST repeat=4 scope=internal_cv fold=9 phase=crsm_corrected epoch=0 path=/data/adodas/VarCoNet-V2-main/xiaolunwen/experiment1c/checkpoints/worker_r4_best.pt
CHECKPOINT_BEST repeat=4 scope=internal_cv fold=9 phase=crsm_corrected epoch=0 path=/data/adodas/VarCoNet-V2-main/xiaolunwen/experiment1c/checkpoints/worker_r4_best.pt
CHECKPOINT_LATEST repeat=4 scope=internal_cv fold=9 phase=crsm_corrected epoch=0 path=/data/adodas/VarCoNet-V2-main/xiaolunwen/experiment1c/checkpoints/worker_r4_latest.pt
[CRSM_SYMMETRY_START] repeat=4 scope=internal_cv fold=9 after_exact_zero=Y pca_unit_norm=1.00000000 pca_singular=151.901443 symmetry_scale=0.00224620965
CHECKPOINT_BEST repeat=4 scope=internal_cv fold=9 phase=crsm_corrected epoch=1 path=/data/adodas/VarCoNet-V2-main/xiaolunwen/experiment1c/checkpoints/worker_r4_best.pt
CHECKPOINT_LATEST repeat=4 scope=internal_cv fold=9 phase=crsm_corrected epoch=1 path=/data/adodas/VarCoNet-V2-main/xiaolunwen/experiment1c/checkpoints/worker_r4_latest.pt
[CRSM_CORRECTED] repeat=4 scope=internal_cv fold=9 epoch=1/149 train_loss=0.189203 val_bce=0.592381 best=Y best_epoch=1 asd_mass=(0.5024,0.4976) hc_mass=(0.5000,0.5000) delta_l2=(0.014065,0.013448) epoch_seconds=0.60
CHECKPOINT_BEST repeat=4 scope=internal_cv fold=9 phase=crsm_corrected epoch=2 path=/data/adodas/VarCoNet-V2-main/xiaolunwen/experiment1c/checkpoints/worker_r4_best.pt
CHECKPOINT_LATEST repeat=4 scope=internal_cv fold=9 phase=crsm_corrected epoch=2 path=/data/adodas/VarCoNet-V2-main/xiaolunwen/experiment1c/checkpoints/worker_r4_latest.pt
[CRSM_CORRECTED] repeat=4 scope=internal_cv fold=9 epoch=2/149 train_loss=0.185700 val_bce=0.592323 best=Y best_epoch=2 asd_mass=(0.5025,0.4975) hc_mass=(0.5000,0.5000) delta_l2=(0.027376,0.026763) epoch_seconds=0.64
CHECKPOINT_LATEST repeat=4 scope=internal_cv fold=9 phase=crsm_corrected epoch=10 path=/data/adodas/VarCoNet-V2-main/xiaolunwen/experiment1c/checkpoints/worker_r4_latest.pt
[CRSM_CORRECTED] repeat=4 scope=internal_cv fold=9 epoch=10/149 train_loss=0.162184 val_bce=0.596366 best=N best_epoch=2 asd_mass=(0.5035,0.4965) hc_mass=(0.5000,0.5000) delta_l2=(0.130616,0.130016) epoch_seconds=0.33
CHECKPOINT_LATEST repeat=4 scope=internal_cv fold=9 phase=crsm_corrected epoch=20 path=/data/adodas/VarCoNet-V2-main/xiaolunwen/experiment1c/checkpoints/worker_r4_latest.pt
[CRSM_CORRECTED] repeat=4 scope=internal_cv fold=9 epoch=20/149 train_loss=0.141181 val_bce=0.606758 best=N best_epoch=2 asd_mass=(0.5053,0.4947) hc_mass=(0.5000,0.5000) delta_l2=(0.249037,0.248446) epoch_seconds=0.29
CHECKPOINT_LATEST repeat=4 scope=internal_cv fold=9 phase=crsm_corrected epoch=30 path=/data/adodas/VarCoNet-V2-main/xiaolunwen/experiment1c/checkpoints/worker_r4_latest.pt
[CRSM_CORRECTED] repeat=4 scope=internal_cv fold=9 epoch=30/149 train_loss=0.126490 val_bce=0.618306 best=N best_epoch=2 asd_mass=(0.5080,0.4920) hc_mass=(0.5000,0.5000) delta_l2=(0.355482,0.354893) epoch_seconds=0.26
CHECKPOINT_LATEST repeat=4 scope=internal_cv fold=9 phase=crsm_corrected epoch=40 path=/data/adodas/VarCoNet-V2-main/xiaolunwen/experiment1c/checkpoints/worker_r4_latest.pt
[CRSM_CORRECTED] repeat=4 scope=internal_cv fold=9 epoch=40/149 train_loss=0.116091 val_bce=0.630694 best=N best_epoch=2 asd_mass=(0.5120,0.4880) hc_mass=(0.5000,0.5000) delta_l2=(0.450384,0.449756) epoch_seconds=0.41
CHECKPOINT_LATEST repeat=4 scope=internal_cv fold=9 phase=crsm_corrected epoch=50 path=/data/adodas/VarCoNet-V2-main/xiaolunwen/experiment1c/checkpoints/worker_r4_latest.pt
[CRSM_CORRECTED] repeat=4 scope=internal_cv fold=9 epoch=50/149 train_loss=0.108623 val_bce=0.644013 best=N best_epoch=2 asd_mass=(0.5175,0.4825) hc_mass=(0.5000,0.5000) delta_l2=(0.534638,0.533956) epoch_seconds=0.36
CHECKPOINT_LATEST repeat=4 scope=internal_cv fold=9 phase=crsm_corrected epoch=60 path=/data/adodas/VarCoNet-V2-main/xiaolunwen/experiment1c/checkpoints/worker_r4_latest.pt
[CRSM_CORRECTED] repeat=4 scope=internal_cv fold=9 epoch=60/149 train_loss=0.103141 val_bce=0.657684 best=N best_epoch=2 asd_mass=(0.5240,0.4760) hc_mass=(0.5000,0.5000) delta_l2=(0.609401,0.608748) epoch_seconds=0.34
CHECKPOINT_LATEST repeat=4 scope=internal_cv fold=9 phase=crsm_corrected epoch=70 path=/data/adodas/VarCoNet-V2-main/xiaolunwen/experiment1c/checkpoints/worker_r4_latest.pt
[CRSM_CORRECTED] repeat=4 scope=internal_cv fold=9 epoch=70/149 train_loss=0.098994 val_bce=0.671460 best=N best_epoch=2 asd_mass=(0.5305,0.4695) hc_mass=(0.5000,0.5000) delta_l2=(0.675985,0.675637) epoch_seconds=0.26
CHECKPOINT_LATEST repeat=4 scope=internal_cv fold=9 phase=crsm_corrected epoch=80 path=/data/adodas/VarCoNet-V2-main/xiaolunwen/experiment1c/checkpoints/worker_r4_latest.pt
[CRSM_CORRECTED] repeat=4 scope=internal_cv fold=9 epoch=80/149 train_loss=0.095757 val_bce=0.685374 best=N best_epoch=2 asd_mass=(0.5361,0.4639) hc_mass=(0.5000,0.5000) delta_l2=(0.735720,0.736168) epoch_seconds=0.28
CHECKPOINT_LATEST repeat=4 scope=internal_cv fold=9 phase=crsm_corrected epoch=90 path=/data/adodas/VarCoNet-V2-main/xiaolunwen/experiment1c/checkpoints/worker_r4_latest.pt
[CRSM_CORRECTED] repeat=4 scope=internal_cv fold=9 epoch=90/149 train_loss=0.093173 val_bce=0.699301 best=N best_epoch=2 asd_mass=(0.5401,0.4599) hc_mass=(0.5000,0.5000) delta_l2=(0.789773,0.791652) epoch_seconds=0.25
CHECKPOINT_LATEST repeat=4 scope=internal_cv fold=9 phase=crsm_corrected epoch=100 path=/data/adodas/VarCoNet-V2-main/xiaolunwen/experiment1c/checkpoints/worker_r4_latest.pt
[CRSM_CORRECTED] repeat=4 scope=internal_cv fold=9 epoch=100/149 train_loss=0.091082 val_bce=0.713140 best=N best_epoch=2 asd_mass=(0.5427,0.4573) hc_mass=(0.5000,0.5000) delta_l2=(0.839048,0.843005) epoch_seconds=0.36
CHECKPOINT_LATEST repeat=4 scope=internal_cv fold=9 phase=crsm_corrected epoch=110 path=/data/adodas/VarCoNet-V2-main/xiaolunwen/experiment1c/checkpoints/worker_r4_latest.pt
[CRSM_CORRECTED] repeat=4 scope=internal_cv fold=9 epoch=110/149 train_loss=0.089379 val_bce=0.726803 best=N best_epoch=2 asd_mass=(0.5442,0.4558) hc_mass=(0.5000,0.5000) delta_l2=(0.884198,0.890791) epoch_seconds=0.62
CHECKPOINT_LATEST repeat=4 scope=internal_cv fold=9 phase=crsm_corrected epoch=120 path=/data/adodas/VarCoNet-V2-main/xiaolunwen/experiment1c/checkpoints/worker_r4_latest.pt
[CRSM_CORRECTED] repeat=4 scope=internal_cv fold=9 epoch=120/149 train_loss=0.087986 val_bce=0.740166 best=N best_epoch=2 asd_mass=(0.5449,0.4551) hc_mass=(0.5000,0.5000) delta_l2=(0.925704,0.935351) epoch_seconds=0.35
CHECKPOINT_LATEST repeat=4 scope=internal_cv fold=9 phase=crsm_corrected epoch=130 path=/data/adodas/VarCoNet-V2-main/xiaolunwen/experiment1c/checkpoints/worker_r4_latest.pt
[CRSM_CORRECTED] repeat=4 scope=internal_cv fold=9 epoch=130/149 train_loss=0.086842 val_bce=0.753126 best=N best_epoch=2 asd_mass=(0.5450,0.4550) hc_mass=(0.5000,0.5000) delta_l2=(0.963949,0.976926) epoch_seconds=0.24
CHECKPOINT_LATEST repeat=4 scope=internal_cv fold=9 phase=crsm_corrected epoch=140 path=/data/adodas/VarCoNet-V2-main/xiaolunwen/experiment1c/checkpoints/worker_r4_latest.pt
[CRSM_CORRECTED] repeat=4 scope=internal_cv fold=9 epoch=140/149 train_loss=0.085896 val_bce=0.765633 best=N best_epoch=2 asd_mass=(0.5449,0.4551) hc_mass=(0.5000,0.5000) delta_l2=(0.999269,1.015728) epoch_seconds=0.27
CHECKPOINT_LATEST repeat=4 scope=internal_cv fold=9 phase=crsm_corrected epoch=149 path=/data/adodas/VarCoNet-V2-main/xiaolunwen/experiment1c/checkpoints/worker_r4_latest.pt
[CRSM_CORRECTED] repeat=4 scope=internal_cv fold=9 epoch=149/149 train_loss=0.085183 val_bce=0.776482 best=N best_epoch=2 asd_mass=(0.5446,0.4554) hc_mass=(0.5000,0.5000) delta_l2=(1.028814,1.048456) epoch_seconds=0.29
[SNDE_NORMATIVE] repeat=4 scope=internal_cv fold=9 n_unique_asd=357 n_unique_hc=317 roi_dim=384 std_floor=0.0013285819 pc1_explained_fraction=0.188998 hc_score_mean_before_norm=0 hc_score_std_before_norm=7.35301 asd_positive_fraction=0.1289 asd_negative_fraction=0.0028 asd_generalist_fraction=0.8683 hc_positive_fraction=0.1009 hc_negative_fraction=0.0032 hc_generalist_fraction=0.8959
[SNDE_ZERO_BASELINE] repeat=4 scope=internal_cv fold=9 epoch=0 exact_zero=Y val_bce=0.592581 probability_max_abs=5.96e-08
CHECKPOINT_BEST repeat=4 scope=internal_cv fold=9 phase=snde epoch=0 path=/data/adodas/VarCoNet-V2-main/xiaolunwen/experiment1c/checkpoints/worker_r4_best.pt
CHECKPOINT_LATEST repeat=4 scope=internal_cv fold=9 phase=snde epoch=0 path=/data/adodas/VarCoNet-V2-main/xiaolunwen/experiment1c/checkpoints/worker_r4_latest.pt
CHECKPOINT_BEST repeat=4 scope=internal_cv fold=9 phase=snde epoch=1 path=/data/adodas/VarCoNet-V2-main/xiaolunwen/experiment1c/checkpoints/worker_r4_best.pt
CHECKPOINT_LATEST repeat=4 scope=internal_cv fold=9 phase=snde epoch=1 path=/data/adodas/VarCoNet-V2-main/xiaolunwen/experiment1c/checkpoints/worker_r4_latest.pt
[SNDE] repeat=4 scope=internal_cv fold=9 epoch=1/149 train_bce=0.189207 val_bce=0.589598 best=Y best_epoch=1 asd_gate=(+0.129,-0.003,g0.868) hc_gate=(+0.101,-0.003,g0.896) pos_weight_l2=0.019596 neg_weight_l2=0.019561 mean_abs_pos_correction=0.050047 mean_abs_neg_correction=0.000060 elapsed_seconds=1.14
CHECKPOINT_BEST repeat=4 scope=internal_cv fold=9 phase=snde epoch=7 path=/data/adodas/VarCoNet-V2-main/xiaolunwen/experiment1c/checkpoints/worker_r4_best.pt
CHECKPOINT_LATEST repeat=4 scope=internal_cv fold=9 phase=snde epoch=7 path=/data/adodas/VarCoNet-V2-main/xiaolunwen/experiment1c/checkpoints/worker_r4_latest.pt
[SNDE] repeat=4 scope=internal_cv fold=9 epoch=7/149 train_bce=0.185401 val_bce=0.587833 best=Y best_epoch=7 asd_gate=(+0.129,-0.003,g0.868) hc_gate=(+0.101,-0.003,g0.896) pos_weight_l2=0.066765 neg_weight_l2=0.134017 mean_abs_pos_correction=0.090365 mean_abs_neg_correction=0.000389 elapsed_seconds=0.77
CHECKPOINT_BEST repeat=4 scope=internal_cv fold=9 phase=snde epoch=8 path=/data/adodas/VarCoNet-V2-main/xiaolunwen/experiment1c/checkpoints/worker_r4_best.pt
CHECKPOINT_LATEST repeat=4 scope=internal_cv fold=9 phase=snde epoch=8 path=/data/adodas/VarCoNet-V2-main/xiaolunwen/experiment1c/checkpoints/worker_r4_latest.pt
[SNDE] repeat=4 scope=internal_cv fold=9 epoch=8/149 train_bce=0.185162 val_bce=0.586698 best=Y best_epoch=8 asd_gate=(+0.129,-0.003,g0.868) hc_gate=(+0.101,-0.003,g0.896) pos_weight_l2=0.073492 neg_weight_l2=0.152502 mean_abs_pos_correction=0.102347 mean_abs_neg_correction=0.000437 elapsed_seconds=0.70
CHECKPOINT_BEST repeat=4 scope=internal_cv fold=9 phase=snde epoch=9 path=/data/adodas/VarCoNet-V2-main/xiaolunwen/experiment1c/checkpoints/worker_r4_best.pt
CHECKPOINT_LATEST repeat=4 scope=internal_cv fold=9 phase=snde epoch=9 path=/data/adodas/VarCoNet-V2-main/xiaolunwen/experiment1c/checkpoints/worker_r4_latest.pt
[SNDE] repeat=4 scope=internal_cv fold=9 epoch=9/149 train_bce=0.184962 val_bce=0.586090 best=Y best_epoch=9 asd_gate=(+0.129,-0.003,g0.868) hc_gate=(+0.101,-0.003,g0.896) pos_weight_l2=0.079896 neg_weight_l2=0.170827 mean_abs_pos_correction=0.112005 mean_abs_neg_correction=0.000484 elapsed_seconds=0.67
CHECKPOINT_BEST repeat=4 scope=internal_cv fold=9 phase=snde epoch=10 path=/data/adodas/VarCoNet-V2-main/xiaolunwen/experiment1c/checkpoints/worker_r4_best.pt
CHECKPOINT_LATEST repeat=4 scope=internal_cv fold=9 phase=snde epoch=10 path=/data/adodas/VarCoNet-V2-main/xiaolunwen/experiment1c/checkpoints/worker_r4_latest.pt
[SNDE] repeat=4 scope=internal_cv fold=9 epoch=10/149 train_bce=0.184757 val_bce=0.585843 best=Y best_epoch=10 asd_gate=(+0.129,-0.003,g0.868) hc_gate=(+0.101,-0.003,g0.896) pos_weight_l2=0.086004 neg_weight_l2=0.188991 mean_abs_pos_correction=0.119551 mean_abs_neg_correction=0.000530 elapsed_seconds=0.89
CHECKPOINT_LATEST repeat=4 scope=internal_cv fold=9 phase=snde epoch=20 path=/data/adodas/VarCoNet-V2-main/xiaolunwen/experiment1c/checkpoints/worker_r4_latest.pt
[SNDE] repeat=4 scope=internal_cv fold=9 epoch=20/149 train_bce=0.182961 val_bce=0.601672 best=N best_epoch=10 asd_gate=(+0.129,-0.003,g0.868) hc_gate=(+0.101,-0.003,g0.896) pos_weight_l2=0.137465 neg_weight_l2=0.361205 mean_abs_pos_correction=0.147910 mean_abs_neg_correction=0.001021 elapsed_seconds=0.37
CHECKPOINT_LATEST repeat=4 scope=internal_cv fold=9 phase=snde epoch=30 path=/data/adodas/VarCoNet-V2-main/xiaolunwen/experiment1c/checkpoints/worker_r4_latest.pt
[SNDE] repeat=4 scope=internal_cv fold=9 epoch=30/149 train_bce=0.182005 val_bce=0.605277 best=N best_epoch=10 asd_gate=(+0.129,-0.003,g0.868) hc_gate=(+0.101,-0.003,g0.896) pos_weight_l2=0.178793 neg_weight_l2=0.518326 mean_abs_pos_correction=0.181259 mean_abs_neg_correction=0.001498 elapsed_seconds=0.38
CHECKPOINT_LATEST repeat=4 scope=internal_cv fold=9 phase=snde epoch=40 path=/data/adodas/VarCoNet-V2-main/xiaolunwen/experiment1c/checkpoints/worker_r4_latest.pt
[SNDE] repeat=4 scope=internal_cv fold=9 epoch=40/149 train_bce=0.181368 val_bce=0.614154 best=N best_epoch=10 asd_gate=(+0.129,-0.003,g0.868) hc_gate=(+0.101,-0.003,g0.896) pos_weight_l2=0.213480 neg_weight_l2=0.665594 mean_abs_pos_correction=0.197712 mean_abs_neg_correction=0.001936 elapsed_seconds=0.39
CHECKPOINT_LATEST repeat=4 scope=internal_cv fold=9 phase=snde epoch=50 path=/data/adodas/VarCoNet-V2-main/xiaolunwen/experiment1c/checkpoints/worker_r4_latest.pt
[SNDE] repeat=4 scope=internal_cv fold=9 epoch=50/149 train_bce=0.180880 val_bce=0.625210 best=N best_epoch=10 asd_gate=(+0.129,-0.003,g0.868) hc_gate=(+0.101,-0.003,g0.896) pos_weight_l2=0.244529 neg_weight_l2=0.805718 mean_abs_pos_correction=0.207175 mean_abs_neg_correction=0.002336 elapsed_seconds=0.39
CHECKPOINT_LATEST repeat=4 scope=internal_cv fold=9 phase=snde epoch=60 path=/data/adodas/VarCoNet-V2-main/xiaolunwen/experiment1c/checkpoints/worker_r4_latest.pt
[SNDE] repeat=4 scope=internal_cv fold=9 epoch=60/149 train_bce=0.180478 val_bce=0.632436 best=N best_epoch=10 asd_gate=(+0.129,-0.003,g0.868) hc_gate=(+0.101,-0.003,g0.896) pos_weight_l2=0.273815 neg_weight_l2=0.939259 mean_abs_pos_correction=0.218388 mean_abs_neg_correction=0.002702 elapsed_seconds=0.37
CHECKPOINT_LATEST repeat=4 scope=internal_cv fold=9 phase=snde epoch=70 path=/data/adodas/VarCoNet-V2-main/xiaolunwen/experiment1c/checkpoints/worker_r4_latest.pt
[SNDE] repeat=4 scope=internal_cv fold=9 epoch=70/149 train_bce=0.180131 val_bce=0.640702 best=N best_epoch=10 asd_gate=(+0.129,-0.003,g0.868) hc_gate=(+0.101,-0.003,g0.896) pos_weight_l2=0.302208 neg_weight_l2=1.066301 mean_abs_pos_correction=0.225920 mean_abs_neg_correction=0.003038 elapsed_seconds=0.39
CHECKPOINT_LATEST repeat=4 scope=internal_cv fold=9 phase=snde epoch=80 path=/data/adodas/VarCoNet-V2-main/xiaolunwen/experiment1c/checkpoints/worker_r4_latest.pt
[SNDE] repeat=4 scope=internal_cv fold=9 epoch=80/149 train_bce=0.179821 val_bce=0.645216 best=N best_epoch=10 asd_gate=(+0.129,-0.003,g0.868) hc_gate=(+0.101,-0.003,g0.896) pos_weight_l2=0.330172 neg_weight_l2=1.187106 mean_abs_pos_correction=0.236091 mean_abs_neg_correction=0.003349 elapsed_seconds=0.38
CHECKPOINT_LATEST repeat=4 scope=internal_cv fold=9 phase=snde epoch=90 path=/data/adodas/VarCoNet-V2-main/xiaolunwen/experiment1c/checkpoints/worker_r4_latest.pt
[SNDE] repeat=4 scope=internal_cv fold=9 epoch=90/149 train_bce=0.179537 val_bce=0.650108 best=N best_epoch=10 asd_gate=(+0.129,-0.003,g0.868) hc_gate=(+0.101,-0.003,g0.896) pos_weight_l2=0.357863 neg_weight_l2=1.302109 mean_abs_pos_correction=0.244927 mean_abs_neg_correction=0.003638 elapsed_seconds=0.38
CHECKPOINT_LATEST repeat=4 scope=internal_cv fold=9 phase=snde epoch=100 path=/data/adodas/VarCoNet-V2-main/xiaolunwen/experiment1c/checkpoints/worker_r4_latest.pt
[SNDE] repeat=4 scope=internal_cv fold=9 epoch=100/149 train_bce=0.179275 val_bce=0.654608 best=N best_epoch=10 asd_gate=(+0.129,-0.003,g0.868) hc_gate=(+0.101,-0.003,g0.896) pos_weight_l2=0.385426 neg_weight_l2=1.411790 mean_abs_pos_correction=0.253386 mean_abs_neg_correction=0.003909 elapsed_seconds=0.38
CHECKPOINT_LATEST repeat=4 scope=internal_cv fold=9 phase=snde epoch=110 path=/data/adodas/VarCoNet-V2-main/xiaolunwen/experiment1c/checkpoints/worker_r4_latest.pt
[SNDE] repeat=4 scope=internal_cv fold=9 epoch=110/149 train_bce=0.179031 val_bce=0.658149 best=N best_epoch=10 asd_gate=(+0.129,-0.003,g0.868) hc_gate=(+0.101,-0.003,g0.896) pos_weight_l2=0.412945 neg_weight_l2=1.516606 mean_abs_pos_correction=0.262208 mean_abs_neg_correction=0.004165 elapsed_seconds=0.41
CHECKPOINT_LATEST repeat=4 scope=internal_cv fold=9 phase=snde epoch=120 path=/data/adodas/VarCoNet-V2-main/xiaolunwen/experiment1c/checkpoints/worker_r4_latest.pt
[SNDE] repeat=4 scope=internal_cv fold=9 epoch=120/149 train_bce=0.178802 val_bce=0.661685 best=N best_epoch=10 asd_gate=(+0.129,-0.003,g0.868) hc_gate=(+0.101,-0.003,g0.896) pos_weight_l2=0.440449 neg_weight_l2=1.616967 mean_abs_pos_correction=0.270491 mean_abs_neg_correction=0.004407 elapsed_seconds=0.40
CHECKPOINT_LATEST repeat=4 scope=internal_cv fold=9 phase=snde epoch=130 path=/data/adodas/VarCoNet-V2-main/xiaolunwen/experiment1c/checkpoints/worker_r4_latest.pt
[SNDE] repeat=4 scope=internal_cv fold=9 epoch=130/149 train_bce=0.178587 val_bce=0.664737 best=N best_epoch=10 asd_gate=(+0.129,-0.003,g0.868) hc_gate=(+0.101,-0.003,g0.896) pos_weight_l2=0.467926 neg_weight_l2=1.713229 mean_abs_pos_correction=0.278878 mean_abs_neg_correction=0.004636 elapsed_seconds=0.42
CHECKPOINT_LATEST repeat=4 scope=internal_cv fold=9 phase=snde epoch=140 path=/data/adodas/VarCoNet-V2-main/xiaolunwen/experiment1c/checkpoints/worker_r4_latest.pt
[SNDE] repeat=4 scope=internal_cv fold=9 epoch=140/149 train_bce=0.178385 val_bce=0.667541 best=N best_epoch=10 asd_gate=(+0.129,-0.003,g0.868) hc_gate=(+0.101,-0.003,g0.896) pos_weight_l2=0.495349 neg_weight_l2=1.805708 mean_abs_pos_correction=0.287174 mean_abs_neg_correction=0.004855 elapsed_seconds=0.44
CHECKPOINT_LATEST repeat=4 scope=internal_cv fold=9 phase=snde epoch=149 path=/data/adodas/VarCoNet-V2-main/xiaolunwen/experiment1c/checkpoints/worker_r4_latest.pt
[SNDE] repeat=4 scope=internal_cv fold=9 epoch=149/149 train_bce=0.178213 val_bce=0.669937 best=N best_epoch=10 asd_gate=(+0.129,-0.003,g0.868) hc_gate=(+0.101,-0.003,g0.896) pos_weight_l2=0.519954 neg_weight_l2=1.885937 mean_abs_pos_correction=0.294482 mean_abs_neg_correction=0.005043 elapsed_seconds=1.25
TASK_TRAINING_DONE repeat=4 scope=internal_cv fold=9 base_encoder_epoch=33 base_classifier_epoch=46 base_val_bce=0.592581 crsm_epoch=2 crsm_val_bce=0.592323 snde_epoch=10 snde_val_bce=0.585843 elapsed_minutes=5.8
TASK_DONE repeat=4 scope=internal_fold fold=9 method=baseline selected_encoder_epoch=33 test_auc=0.715101 test_bce=0.606735 elapsed_minutes=5.8
TASK_DONE repeat=4 scope=internal_fold fold=9 method=crsm_corrected selected_encoder_epoch=33 test_auc=0.719253 test_bce=0.606206 elapsed_minutes=5.8
TASK_DONE repeat=4 scope=internal_fold fold=9 method=selective_normative_deviation_experts selected_encoder_epoch=33 test_auc=0.721847 test_bce=0.600981 elapsed_minutes=5.8
TASK_START repeat=4 scope=external fold=external seed=200004 device=cuda:0 methods=baseline,crsm_corrected,selective_normative_deviation_experts shared_encoder=Y reference_unique_n=793 train_n=869 val_n=89
CHECKPOINT_BEST repeat=4 scope=external fold=external phase=ssl epoch=1 path=/data/adodas/VarCoNet-V2-main/xiaolunwen/experiment1c/checkpoints/worker_r4_best.pt
[SSL] repeat=4 scope=external fold=external epoch=1/50 ssl_loss=0.092132 lr=0.000024107 base_val_bce=0.685898 base_best=Y base_cls_epoch=46 epoch_seconds=10.8 task_elapsed_minutes=0.2 gpu_alloc_gb=0.342 gpu_reserved_gb=1.744
CHECKPOINT_BEST repeat=4 scope=external fold=external phase=ssl epoch=2 path=/data/adodas/VarCoNet-V2-main/xiaolunwen/experiment1c/checkpoints/worker_r4_best.pt
[SSL] repeat=4 scope=external fold=external epoch=2/50 ssl_loss=0.095707 lr=0.000038214 base_val_bce=0.676188 base_best=Y base_cls_epoch=45 epoch_seconds=9.6 task_elapsed_minutes=0.3 gpu_alloc_gb=0.342 gpu_reserved_gb=1.744
CHECKPOINT_BEST repeat=4 scope=external fold=external phase=ssl epoch=3 path=/data/adodas/VarCoNet-V2-main/xiaolunwen/experiment1c/checkpoints/worker_r4_best.pt
[SSL] repeat=4 scope=external fold=external epoch=3/50 ssl_loss=0.092141 lr=0.000052321 base_val_bce=0.670100 base_best=Y base_cls_epoch=43 epoch_seconds=13.1 task_elapsed_minutes=0.6 gpu_alloc_gb=0.342 gpu_reserved_gb=1.744
CHECKPOINT_BEST repeat=4 scope=external fold=external phase=ssl epoch=4 path=/data/adodas/VarCoNet-V2-main/xiaolunwen/experiment1c/checkpoints/worker_r4_best.pt
[SSL] repeat=4 scope=external fold=external epoch=4/50 ssl_loss=0.092364 lr=0.000066427 base_val_bce=0.666073 base_best=Y base_cls_epoch=41 epoch_seconds=9.5 task_elapsed_minutes=0.7 gpu_alloc_gb=0.342 gpu_reserved_gb=1.744
[SSL] repeat=4 scope=external fold=external epoch=5/50 ssl_loss=0.083069 lr=0.000080534 base_val_bce=0.684211 base_best=N base_cls_epoch=42 epoch_seconds=8.9 task_elapsed_minutes=0.9 gpu_alloc_gb=0.342 gpu_reserved_gb=1.744
[SSL] repeat=4 scope=external fold=external epoch=6/50 ssl_loss=0.069973 lr=0.000094641 base_val_bce=0.674460 base_best=N base_cls_epoch=32 epoch_seconds=6.5 task_elapsed_minutes=1.0 gpu_alloc_gb=0.342 gpu_reserved_gb=1.744
CHECKPOINT_BEST repeat=4 scope=external fold=external phase=ssl epoch=7 path=/data/adodas/VarCoNet-V2-main/xiaolunwen/experiment1c/checkpoints/worker_r4_best.pt
[SSL] repeat=4 scope=external fold=external epoch=7/50 ssl_loss=0.066345 lr=0.000108748 base_val_bce=0.659002 base_best=Y base_cls_epoch=37 epoch_seconds=5.6 task_elapsed_minutes=1.1 gpu_alloc_gb=0.342 gpu_reserved_gb=1.744
[SSL] repeat=4 scope=external fold=external epoch=8/50 ssl_loss=0.057431 lr=0.000122855 base_val_bce=0.659840 base_best=N base_cls_epoch=32 epoch_seconds=4.1 task_elapsed_minutes=1.1 gpu_alloc_gb=0.342 gpu_reserved_gb=1.744
[SSL] repeat=4 scope=external fold=external epoch=9/50 ssl_loss=0.049734 lr=0.000136962 base_val_bce=0.666264 base_best=N base_cls_epoch=36 epoch_seconds=4.2 task_elapsed_minutes=1.2 gpu_alloc_gb=0.342 gpu_reserved_gb=1.744
CHECKPOINT_LATEST repeat=4 scope=external fold=external phase=ssl epoch=10 path=/data/adodas/VarCoNet-V2-main/xiaolunwen/experiment1c/checkpoints/worker_r4_latest.pt
[SSL] repeat=4 scope=external fold=external epoch=10/50 ssl_loss=0.071811 lr=0.000136962 base_val_bce=0.662985 base_best=N base_cls_epoch=36 epoch_seconds=5.0 task_elapsed_minutes=1.3 gpu_alloc_gb=0.342 gpu_reserved_gb=1.744
CHECKPOINT_BEST repeat=4 scope=external fold=external phase=ssl epoch=11 path=/data/adodas/VarCoNet-V2-main/xiaolunwen/experiment1c/checkpoints/worker_r4_best.pt
[SSL] repeat=4 scope=external fold=external epoch=11/50 ssl_loss=0.048010 lr=0.000136751 base_val_bce=0.658458 base_best=Y base_cls_epoch=34 epoch_seconds=4.9 task_elapsed_minutes=1.4 gpu_alloc_gb=0.342 gpu_reserved_gb=1.744
CHECKPOINT_BEST repeat=4 scope=external fold=external phase=ssl epoch=12 path=/data/adodas/VarCoNet-V2-main/xiaolunwen/experiment1c/checkpoints/worker_r4_best.pt
[SSL] repeat=4 scope=external fold=external epoch=12/50 ssl_loss=0.046443 lr=0.000136119 base_val_bce=0.656585 base_best=Y base_cls_epoch=30 epoch_seconds=4.7 task_elapsed_minutes=1.5 gpu_alloc_gb=0.342 gpu_reserved_gb=1.744
[SSL] repeat=4 scope=external fold=external epoch=13/50 ssl_loss=0.057606 lr=0.000135070 base_val_bce=0.669052 base_best=N base_cls_epoch=33 epoch_seconds=4.2 task_elapsed_minutes=1.5 gpu_alloc_gb=0.342 gpu_reserved_gb=1.744
CHECKPOINT_BEST repeat=4 scope=external fold=external phase=ssl epoch=14 path=/data/adodas/VarCoNet-V2-main/xiaolunwen/experiment1c/checkpoints/worker_r4_best.pt
[SSL] repeat=4 scope=external fold=external epoch=14/50 ssl_loss=0.053561 lr=0.000133610 base_val_bce=0.646651 base_best=Y base_cls_epoch=31 epoch_seconds=4.5 task_elapsed_minutes=1.6 gpu_alloc_gb=0.342 gpu_reserved_gb=1.744
[SSL] repeat=4 scope=external fold=external epoch=15/50 ssl_loss=0.050645 lr=0.000131749 base_val_bce=0.649590 base_best=N base_cls_epoch=35 epoch_seconds=4.5 task_elapsed_minutes=1.7 gpu_alloc_gb=0.342 gpu_reserved_gb=1.744
[SSL] repeat=4 scope=external fold=external epoch=16/50 ssl_loss=0.046585 lr=0.000129498 base_val_bce=0.658706 base_best=N base_cls_epoch=34 epoch_seconds=4.4 task_elapsed_minutes=1.7 gpu_alloc_gb=0.342 gpu_reserved_gb=1.744
CHECKPOINT_BEST repeat=4 scope=external fold=external phase=ssl epoch=17 path=/data/adodas/VarCoNet-V2-main/xiaolunwen/experiment1c/checkpoints/worker_r4_best.pt
[SSL] repeat=4 scope=external fold=external epoch=17/50 ssl_loss=0.035441 lr=0.000126870 base_val_bce=0.635750 base_best=Y base_cls_epoch=34 epoch_seconds=4.4 task_elapsed_minutes=1.8 gpu_alloc_gb=0.342 gpu_reserved_gb=1.744
[SSL] repeat=4 scope=external fold=external epoch=18/50 ssl_loss=0.045778 lr=0.000123883 base_val_bce=0.646723 base_best=N base_cls_epoch=34 epoch_seconds=3.1 task_elapsed_minutes=1.9 gpu_alloc_gb=0.342 gpu_reserved_gb=1.744
[SSL] repeat=4 scope=external fold=external epoch=19/50 ssl_loss=0.045919 lr=0.000120554 base_val_bce=0.661602 base_best=N base_cls_epoch=37 epoch_seconds=3.2 task_elapsed_minutes=1.9 gpu_alloc_gb=0.342 gpu_reserved_gb=1.744
CHECKPOINT_LATEST repeat=4 scope=external fold=external phase=ssl epoch=20 path=/data/adodas/VarCoNet-V2-main/xiaolunwen/experiment1c/checkpoints/worker_r4_latest.pt
[SSL] repeat=4 scope=external fold=external epoch=20/50 ssl_loss=0.054646 lr=0.000116904 base_val_bce=0.664521 base_best=N base_cls_epoch=40 epoch_seconds=4.0 task_elapsed_minutes=2.0 gpu_alloc_gb=0.342 gpu_reserved_gb=1.744
[SSL] repeat=4 scope=external fold=external epoch=21/50 ssl_loss=0.048551 lr=0.000112956 base_val_bce=0.641819 base_best=N base_cls_epoch=40 epoch_seconds=6.0 task_elapsed_minutes=2.1 gpu_alloc_gb=0.342 gpu_reserved_gb=1.744
[SSL] repeat=4 scope=external fold=external epoch=22/50 ssl_loss=0.041799 lr=0.000108733 base_val_bce=0.662065 base_best=N base_cls_epoch=45 epoch_seconds=4.1 task_elapsed_minutes=2.2 gpu_alloc_gb=0.342 gpu_reserved_gb=1.744
[SSL] repeat=4 scope=external fold=external epoch=23/50 ssl_loss=0.039193 lr=0.000104262 base_val_bce=0.659166 base_best=N base_cls_epoch=36 epoch_seconds=4.4 task_elapsed_minutes=2.2 gpu_alloc_gb=0.342 gpu_reserved_gb=1.744
[SSL] repeat=4 scope=external fold=external epoch=24/50 ssl_loss=0.049677 lr=0.000099570 base_val_bce=0.643119 base_best=N base_cls_epoch=43 epoch_seconds=4.6 task_elapsed_minutes=2.3 gpu_alloc_gb=0.342 gpu_reserved_gb=1.744
[SSL] repeat=4 scope=external fold=external epoch=25/50 ssl_loss=0.030480 lr=0.000094687 base_val_bce=0.646156 base_best=N base_cls_epoch=35 epoch_seconds=3.3 task_elapsed_minutes=2.4 gpu_alloc_gb=0.342 gpu_reserved_gb=1.744
[SSL] repeat=4 scope=external fold=external epoch=26/50 ssl_loss=0.040587 lr=0.000089643 base_val_bce=0.660740 base_best=N base_cls_epoch=37 epoch_seconds=9.6 task_elapsed_minutes=2.6 gpu_alloc_gb=0.342 gpu_reserved_gb=1.744
[SSL] repeat=4 scope=external fold=external epoch=27/50 ssl_loss=0.042796 lr=0.000084467 base_val_bce=0.659332 base_best=N base_cls_epoch=35 epoch_seconds=5.3 task_elapsed_minutes=2.6 gpu_alloc_gb=0.342 gpu_reserved_gb=1.744
[SSL] repeat=4 scope=external fold=external epoch=28/50 ssl_loss=0.043773 lr=0.000079194 base_val_bce=0.654621 base_best=N base_cls_epoch=40 epoch_seconds=7.9 task_elapsed_minutes=2.8 gpu_alloc_gb=0.342 gpu_reserved_gb=1.744
[SSL] repeat=4 scope=external fold=external epoch=29/50 ssl_loss=0.051134 lr=0.000073854 base_val_bce=0.648499 base_best=N base_cls_epoch=45 epoch_seconds=6.4 task_elapsed_minutes=2.9 gpu_alloc_gb=0.342 gpu_reserved_gb=1.744
CHECKPOINT_LATEST repeat=4 scope=external fold=external phase=ssl epoch=30 path=/data/adodas/VarCoNet-V2-main/xiaolunwen/experiment1c/checkpoints/worker_r4_latest.pt
[SSL] repeat=4 scope=external fold=external epoch=30/50 ssl_loss=0.032943 lr=0.000068481 base_val_bce=0.657449 base_best=N base_cls_epoch=44 epoch_seconds=8.5 task_elapsed_minutes=3.0 gpu_alloc_gb=0.342 gpu_reserved_gb=1.744
[SSL] repeat=4 scope=external fold=external epoch=31/50 ssl_loss=0.040040 lr=0.000063108 base_val_bce=0.648920 base_best=N base_cls_epoch=43 epoch_seconds=9.4 task_elapsed_minutes=3.2 gpu_alloc_gb=0.342 gpu_reserved_gb=1.744
[SSL] repeat=4 scope=external fold=external epoch=32/50 ssl_loss=0.041196 lr=0.000057768 base_val_bce=0.650662 base_best=N base_cls_epoch=40 epoch_seconds=8.9 task_elapsed_minutes=3.3 gpu_alloc_gb=0.342 gpu_reserved_gb=1.744
[SSL] repeat=4 scope=external fold=external epoch=33/50 ssl_loss=0.039503 lr=0.000052494 base_val_bce=0.642234 base_best=N base_cls_epoch=42 epoch_seconds=6.0 task_elapsed_minutes=3.5 gpu_alloc_gb=0.342 gpu_reserved_gb=1.744
[SSL] repeat=4 scope=external fold=external epoch=34/50 ssl_loss=0.033443 lr=0.000047319 base_val_bce=0.644374 base_best=N base_cls_epoch=43 epoch_seconds=3.8 task_elapsed_minutes=3.5 gpu_alloc_gb=0.342 gpu_reserved_gb=1.744
[SSL] repeat=4 scope=external fold=external epoch=35/50 ssl_loss=0.036733 lr=0.000042274 base_val_bce=0.649061 base_best=N base_cls_epoch=45 epoch_seconds=3.7 task_elapsed_minutes=3.6 gpu_alloc_gb=0.342 gpu_reserved_gb=1.744
[SSL] repeat=4 scope=external fold=external epoch=36/50 ssl_loss=0.040285 lr=0.000037391 base_val_bce=0.647200 base_best=N base_cls_epoch=46 epoch_seconds=3.9 task_elapsed_minutes=3.6 gpu_alloc_gb=0.342 gpu_reserved_gb=1.744
[SSL] repeat=4 scope=external fold=external epoch=37/50 ssl_loss=0.049031 lr=0.000032700 base_val_bce=0.649646 base_best=N base_cls_epoch=39 epoch_seconds=4.2 task_elapsed_minutes=3.7 gpu_alloc_gb=0.342 gpu_reserved_gb=1.744
[SSL] repeat=4 scope=external fold=external epoch=38/50 ssl_loss=0.032767 lr=0.000028229 base_val_bce=0.643382 base_best=N base_cls_epoch=39 epoch_seconds=3.6 task_elapsed_minutes=3.8 gpu_alloc_gb=0.342 gpu_reserved_gb=1.744
[SSL] repeat=4 scope=external fold=external epoch=39/50 ssl_loss=0.043555 lr=0.000024006 base_val_bce=0.652430 base_best=N base_cls_epoch=38 epoch_seconds=3.9 task_elapsed_minutes=3.8 gpu_alloc_gb=0.342 gpu_reserved_gb=1.744
CHECKPOINT_LATEST repeat=4 scope=external fold=external phase=ssl epoch=40 path=/data/adodas/VarCoNet-V2-main/xiaolunwen/experiment1c/checkpoints/worker_r4_latest.pt
[SSL] repeat=4 scope=external fold=external epoch=40/50 ssl_loss=0.038718 lr=0.000020058 base_val_bce=0.640726 base_best=N base_cls_epoch=40 epoch_seconds=4.7 task_elapsed_minutes=3.9 gpu_alloc_gb=0.342 gpu_reserved_gb=1.744
[SSL] repeat=4 scope=external fold=external epoch=41/50 ssl_loss=0.032600 lr=0.000016408 base_val_bce=0.650680 base_best=N base_cls_epoch=45 epoch_seconds=3.8 task_elapsed_minutes=4.0 gpu_alloc_gb=0.342 gpu_reserved_gb=1.744
[SSL] repeat=4 scope=external fold=external epoch=42/50 ssl_loss=0.031830 lr=0.000013079 base_val_bce=0.657794 base_best=N base_cls_epoch=38 epoch_seconds=4.1 task_elapsed_minutes=4.1 gpu_alloc_gb=0.342 gpu_reserved_gb=1.744
[SSL] repeat=4 scope=external fold=external epoch=43/50 ssl_loss=0.030851 lr=0.000010091 base_val_bce=0.659093 base_best=N base_cls_epoch=46 epoch_seconds=3.7 task_elapsed_minutes=4.1 gpu_alloc_gb=0.342 gpu_reserved_gb=1.744
[SSL] repeat=4 scope=external fold=external epoch=44/50 ssl_loss=0.033257 lr=0.000007464 base_val_bce=0.653947 base_best=N base_cls_epoch=41 epoch_seconds=4.0 task_elapsed_minutes=4.2 gpu_alloc_gb=0.342 gpu_reserved_gb=1.744
[SSL] repeat=4 scope=external fold=external epoch=45/50 ssl_loss=0.039079 lr=0.000005213 base_val_bce=0.651069 base_best=N base_cls_epoch=44 epoch_seconds=3.6 task_elapsed_minutes=4.2 gpu_alloc_gb=0.342 gpu_reserved_gb=1.744
[SSL] repeat=4 scope=external fold=external epoch=46/50 ssl_loss=0.041635 lr=0.000003352 base_val_bce=0.652553 base_best=N base_cls_epoch=41 epoch_seconds=4.2 task_elapsed_minutes=4.3 gpu_alloc_gb=0.342 gpu_reserved_gb=1.744
[SSL] repeat=4 scope=external fold=external epoch=47/50 ssl_loss=0.050113 lr=0.000001892 base_val_bce=0.653041 base_best=N base_cls_epoch=40 epoch_seconds=3.2 task_elapsed_minutes=4.4 gpu_alloc_gb=0.342 gpu_reserved_gb=1.744
[SSL] repeat=4 scope=external fold=external epoch=48/50 ssl_loss=0.041369 lr=0.000000843 base_val_bce=0.649177 base_best=N base_cls_epoch=47 epoch_seconds=3.4 task_elapsed_minutes=4.4 gpu_alloc_gb=0.342 gpu_reserved_gb=1.744
[SSL] repeat=4 scope=external fold=external epoch=49/50 ssl_loss=0.039294 lr=0.000000211 base_val_bce=0.642675 base_best=N base_cls_epoch=45 epoch_seconds=3.9 task_elapsed_minutes=4.5 gpu_alloc_gb=0.342 gpu_reserved_gb=1.744
CHECKPOINT_LATEST repeat=4 scope=external fold=external phase=ssl epoch=50 path=/data/adodas/VarCoNet-V2-main/xiaolunwen/experiment1c/checkpoints/worker_r4_latest.pt
[SSL] repeat=4 scope=external fold=external epoch=50/50 ssl_loss=0.033718 lr=0.000000000 base_val_bce=0.640812 base_best=N base_cls_epoch=42 epoch_seconds=4.6 task_elapsed_minutes=4.6 gpu_alloc_gb=0.342 gpu_reserved_gb=1.744
[CRSM_ZERO_BASELINE] repeat=4 scope=external fold=external epoch=0 exact_zero=Y val_bce=0.635750 probability_max_abs=5.96e-08
CHECKPOINT_LATEST repeat=4 scope=external fold=external phase=crsm_corrected epoch=0 path=/data/adodas/VarCoNet-V2-main/xiaolunwen/experiment1c/checkpoints/worker_r4_latest.pt
CHECKPOINT_BEST repeat=4 scope=external fold=external phase=crsm_corrected epoch=0 path=/data/adodas/VarCoNet-V2-main/xiaolunwen/experiment1c/checkpoints/worker_r4_best.pt
CHECKPOINT_BEST repeat=4 scope=external fold=external phase=crsm_corrected epoch=0 path=/data/adodas/VarCoNet-V2-main/xiaolunwen/experiment1c/checkpoints/worker_r4_best.pt
CHECKPOINT_LATEST repeat=4 scope=external fold=external phase=crsm_corrected epoch=0 path=/data/adodas/VarCoNet-V2-main/xiaolunwen/experiment1c/checkpoints/worker_r4_latest.pt
[CRSM_SYMMETRY_START] repeat=4 scope=external fold=external after_exact_zero=Y pca_unit_norm=1.00000000 pca_singular=149.743881 symmetry_scale=0.00218483759
CHECKPOINT_LATEST repeat=4 scope=external fold=external phase=crsm_corrected epoch=10 path=/data/adodas/VarCoNet-V2-main/xiaolunwen/experiment1c/checkpoints/worker_r4_latest.pt
[CRSM_CORRECTED] repeat=4 scope=external fold=external epoch=10/149 train_loss=0.247243 val_bce=0.637514 best=N best_epoch=0 asd_mass=(0.5057,0.4943) hc_mass=(0.5000,0.5000) delta_l2=(0.131162,0.130027) epoch_seconds=0.24
CHECKPOINT_LATEST repeat=4 scope=external fold=external phase=crsm_corrected epoch=20 path=/data/adodas/VarCoNet-V2-main/xiaolunwen/experiment1c/checkpoints/worker_r4_latest.pt
[CRSM_CORRECTED] repeat=4 scope=external fold=external epoch=20/149 train_loss=0.218582 val_bce=0.640407 best=N best_epoch=0 asd_mass=(0.5081,0.4919) hc_mass=(0.5000,0.5000) delta_l2=(0.251252,0.250158) epoch_seconds=0.30
CHECKPOINT_LATEST repeat=4 scope=external fold=external phase=crsm_corrected epoch=30 path=/data/adodas/VarCoNet-V2-main/xiaolunwen/experiment1c/checkpoints/worker_r4_latest.pt
[CRSM_CORRECTED] repeat=4 scope=external fold=external epoch=30/149 train_loss=0.197537 val_bce=0.646785 best=N best_epoch=0 asd_mass=(0.5116,0.4884) hc_mass=(0.5000,0.5000) delta_l2=(0.360800,0.359665) epoch_seconds=0.25
CHECKPOINT_LATEST repeat=4 scope=external fold=external phase=crsm_corrected epoch=40 path=/data/adodas/VarCoNet-V2-main/xiaolunwen/experiment1c/checkpoints/worker_r4_latest.pt
[CRSM_CORRECTED] repeat=4 scope=external fold=external epoch=40/149 train_loss=0.181893 val_bce=0.655889 best=N best_epoch=0 asd_mass=(0.5169,0.4831) hc_mass=(0.5000,0.5000) delta_l2=(0.459967,0.458619) epoch_seconds=0.26
CHECKPOINT_LATEST repeat=4 scope=external fold=external phase=crsm_corrected epoch=50 path=/data/adodas/VarCoNet-V2-main/xiaolunwen/experiment1c/checkpoints/worker_r4_latest.pt
[CRSM_CORRECTED] repeat=4 scope=external fold=external epoch=50/149 train_loss=0.170081 val_bce=0.665755 best=N best_epoch=0 asd_mass=(0.5236,0.4764) hc_mass=(0.5000,0.5000) delta_l2=(0.549726,0.547957) epoch_seconds=0.24
CHECKPOINT_LATEST repeat=4 scope=external fold=external phase=crsm_corrected epoch=60 path=/data/adodas/VarCoNet-V2-main/xiaolunwen/experiment1c/checkpoints/worker_r4_latest.pt
[CRSM_CORRECTED] repeat=4 scope=external fold=external epoch=60/149 train_loss=0.160982 val_bce=0.676686 best=N best_epoch=0 asd_mass=(0.5303,0.4697) hc_mass=(0.4999,0.5001) delta_l2=(0.631100,0.628899) epoch_seconds=0.28
CHECKPOINT_LATEST repeat=4 scope=external fold=external phase=crsm_corrected epoch=70 path=/data/adodas/VarCoNet-V2-main/xiaolunwen/experiment1c/checkpoints/worker_r4_latest.pt
[CRSM_CORRECTED] repeat=4 scope=external fold=external epoch=70/149 train_loss=0.153823 val_bce=0.688266 best=N best_epoch=0 asd_mass=(0.5354,0.4646) hc_mass=(0.4999,0.5001) delta_l2=(0.704978,0.702791) epoch_seconds=0.26
CHECKPOINT_LATEST repeat=4 scope=external fold=external phase=crsm_corrected epoch=80 path=/data/adodas/VarCoNet-V2-main/xiaolunwen/experiment1c/checkpoints/worker_r4_latest.pt
[CRSM_CORRECTED] repeat=4 scope=external fold=external epoch=80/149 train_loss=0.148092 val_bce=0.700003 best=N best_epoch=0 asd_mass=(0.5383,0.4617) hc_mass=(0.4999,0.5001) delta_l2=(0.772123,0.770911) epoch_seconds=0.25
CHECKPOINT_LATEST repeat=4 scope=external fold=external phase=crsm_corrected epoch=90 path=/data/adodas/VarCoNet-V2-main/xiaolunwen/experiment1c/checkpoints/worker_r4_latest.pt
[CRSM_CORRECTED] repeat=4 scope=external fold=external epoch=90/149 train_loss=0.143459 val_bce=0.712086 best=N best_epoch=0 asd_mass=(0.5392,0.4608) hc_mass=(0.4999,0.5001) delta_l2=(0.833190,0.834215) epoch_seconds=0.25
CHECKPOINT_LATEST repeat=4 scope=external fold=external phase=crsm_corrected epoch=100 path=/data/adodas/VarCoNet-V2-main/xiaolunwen/experiment1c/checkpoints/worker_r4_latest.pt
[CRSM_CORRECTED] repeat=4 scope=external fold=external epoch=100/149 train_loss=0.139694 val_bce=0.724330 best=N best_epoch=0 asd_mass=(0.5388,0.4612) hc_mass=(0.4999,0.5001) delta_l2=(0.888795,0.893302) epoch_seconds=0.27
CHECKPOINT_LATEST repeat=4 scope=external fold=external phase=crsm_corrected epoch=110 path=/data/adodas/VarCoNet-V2-main/xiaolunwen/experiment1c/checkpoints/worker_r4_latest.pt
[CRSM_CORRECTED] repeat=4 scope=external fold=external epoch=110/149 train_loss=0.136626 val_bce=0.736578 best=N best_epoch=0 asd_mass=(0.5375,0.4625) hc_mass=(0.4999,0.5001) delta_l2=(0.939513,0.948528) epoch_seconds=0.24
CHECKPOINT_LATEST repeat=4 scope=external fold=external phase=crsm_corrected epoch=120 path=/data/adodas/VarCoNet-V2-main/xiaolunwen/experiment1c/checkpoints/worker_r4_latest.pt
[CRSM_CORRECTED] repeat=4 scope=external fold=external epoch=120/149 train_loss=0.134115 val_bce=0.748754 best=N best_epoch=0 asd_mass=(0.5358,0.4642) hc_mass=(0.5000,0.5000) delta_l2=(0.985874,1.000146) epoch_seconds=0.48
CHECKPOINT_LATEST repeat=4 scope=external fold=external phase=crsm_corrected epoch=130 path=/data/adodas/VarCoNet-V2-main/xiaolunwen/experiment1c/checkpoints/worker_r4_latest.pt
[CRSM_CORRECTED] repeat=4 scope=external fold=external epoch=130/149 train_loss=0.132052 val_bce=0.760730 best=N best_epoch=0 asd_mass=(0.5339,0.4661) hc_mass=(0.5000,0.5000) delta_l2=(1.028370,1.048383) epoch_seconds=0.25
CHECKPOINT_LATEST repeat=4 scope=external fold=external phase=crsm_corrected epoch=140 path=/data/adodas/VarCoNet-V2-main/xiaolunwen/experiment1c/checkpoints/worker_r4_latest.pt
[CRSM_CORRECTED] repeat=4 scope=external fold=external epoch=140/149 train_loss=0.130344 val_bce=0.772454 best=N best_epoch=0 asd_mass=(0.5320,0.4680) hc_mass=(0.5000,0.5000) delta_l2=(1.067459,1.093464) epoch_seconds=0.24
CHECKPOINT_LATEST repeat=4 scope=external fold=external phase=crsm_corrected epoch=149 path=/data/adodas/VarCoNet-V2-main/xiaolunwen/experiment1c/checkpoints/worker_r4_latest.pt
[CRSM_CORRECTED] repeat=4 scope=external fold=external epoch=149/149 train_loss=0.129051 val_bce=0.782742 best=N best_epoch=0 asd_mass=(0.5304,0.4696) hc_mass=(0.5000,0.5000) delta_l2=(1.100074,1.131532) epoch_seconds=0.25
[SNDE_NORMATIVE] repeat=4 scope=external fold=external n_unique_asd=420 n_unique_hc=373 roi_dim=384 std_floor=0.0012805971 pc1_explained_fraction=0.183695 hc_score_mean_before_norm=-1.02271e-07 hc_score_std_before_norm=7.43766 asd_positive_fraction=0.1167 asd_negative_fraction=0.0024 asd_generalist_fraction=0.8810 hc_positive_fraction=0.0858 hc_negative_fraction=0.0027 hc_generalist_fraction=0.9115
[SNDE_ZERO_BASELINE] repeat=4 scope=external fold=external epoch=0 exact_zero=Y val_bce=0.635750 probability_max_abs=5.96e-08
CHECKPOINT_BEST repeat=4 scope=external fold=external phase=snde epoch=0 path=/data/adodas/VarCoNet-V2-main/xiaolunwen/experiment1c/checkpoints/worker_r4_best.pt
CHECKPOINT_LATEST repeat=4 scope=external fold=external phase=snde epoch=0 path=/data/adodas/VarCoNet-V2-main/xiaolunwen/experiment1c/checkpoints/worker_r4_latest.pt
CHECKPOINT_BEST repeat=4 scope=external fold=external phase=snde epoch=2 path=/data/adodas/VarCoNet-V2-main/xiaolunwen/experiment1c/checkpoints/worker_r4_best.pt
CHECKPOINT_LATEST repeat=4 scope=external fold=external phase=snde epoch=2 path=/data/adodas/VarCoNet-V2-main/xiaolunwen/experiment1c/checkpoints/worker_r4_latest.pt
[SNDE] repeat=4 scope=external fold=external epoch=2/149 train_bce=0.282433 val_bce=0.629500 best=Y best_epoch=2 asd_gate=(+0.117,-0.002,g0.881) hc_gate=(+0.086,-0.003,g0.912) pos_weight_l2=0.026322 neg_weight_l2=0.039100 mean_abs_pos_correction=0.037576 mean_abs_neg_correction=0.000175 elapsed_seconds=0.86
CHECKPOINT_LATEST repeat=4 scope=external fold=external phase=snde epoch=10 path=/data/adodas/VarCoNet-V2-main/xiaolunwen/experiment1c/checkpoints/worker_r4_latest.pt
[SNDE] repeat=4 scope=external fold=external epoch=10/149 train_bce=0.275713 val_bce=0.656664 best=N best_epoch=2 asd_gate=(+0.117,-0.002,g0.881) hc_gate=(+0.086,-0.003,g0.912) pos_weight_l2=0.079515 neg_weight_l2=0.188438 mean_abs_pos_correction=0.083643 mean_abs_neg_correction=0.000832 elapsed_seconds=0.59
CHECKPOINT_BEST repeat=4 scope=external fold=external phase=snde epoch=13 path=/data/adodas/VarCoNet-V2-main/xiaolunwen/experiment1c/checkpoints/worker_r4_best.pt
CHECKPOINT_LATEST repeat=4 scope=external fold=external phase=snde epoch=13 path=/data/adodas/VarCoNet-V2-main/xiaolunwen/experiment1c/checkpoints/worker_r4_latest.pt
[SNDE] repeat=4 scope=external fold=external epoch=13/149 train_bce=0.274249 val_bce=0.624284 best=Y best_epoch=13 asd_gate=(+0.117,-0.002,g0.881) hc_gate=(+0.086,-0.003,g0.912) pos_weight_l2=0.095364 neg_weight_l2=0.240075 mean_abs_pos_correction=0.106387 mean_abs_neg_correction=0.001048 elapsed_seconds=0.88
CHECKPOINT_BEST repeat=4 scope=external fold=external phase=snde epoch=14 path=/data/adodas/VarCoNet-V2-main/xiaolunwen/experiment1c/checkpoints/worker_r4_best.pt
CHECKPOINT_LATEST repeat=4 scope=external fold=external phase=snde epoch=14 path=/data/adodas/VarCoNet-V2-main/xiaolunwen/experiment1c/checkpoints/worker_r4_latest.pt
[SNDE] repeat=4 scope=external fold=external epoch=14/149 train_bce=0.273932 val_bce=0.620533 best=Y best_epoch=14 asd_gate=(+0.117,-0.002,g0.881) hc_gate=(+0.086,-0.003,g0.912) pos_weight_l2=0.100411 neg_weight_l2=0.256699 mean_abs_pos_correction=0.114027 mean_abs_neg_correction=0.001115 elapsed_seconds=0.82
CHECKPOINT_BEST repeat=4 scope=external fold=external phase=snde epoch=15 path=/data/adodas/VarCoNet-V2-main/xiaolunwen/experiment1c/checkpoints/worker_r4_best.pt
CHECKPOINT_LATEST repeat=4 scope=external fold=external phase=snde epoch=15 path=/data/adodas/VarCoNet-V2-main/xiaolunwen/experiment1c/checkpoints/worker_r4_latest.pt
[SNDE] repeat=4 scope=external fold=external epoch=15/149 train_bce=0.273696 val_bce=0.619793 best=Y best_epoch=15 asd_gate=(+0.117,-0.002,g0.881) hc_gate=(+0.086,-0.003,g0.912) pos_weight_l2=0.105328 neg_weight_l2=0.273025 mean_abs_pos_correction=0.120828 mean_abs_neg_correction=0.001180 elapsed_seconds=0.80
CHECKPOINT_LATEST repeat=4 scope=external fold=external phase=snde epoch=20 path=/data/adodas/VarCoNet-V2-main/xiaolunwen/experiment1c/checkpoints/worker_r4_latest.pt
[SNDE] repeat=4 scope=external fold=external epoch=20/149 train_bce=0.272757 val_bce=0.620502 best=N best_epoch=15 asd_gate=(+0.117,-0.002,g0.881) hc_gate=(+0.086,-0.003,g0.912) pos_weight_l2=0.127770 neg_weight_l2=0.350189 mean_abs_pos_correction=0.140864 mean_abs_neg_correction=0.001466 elapsed_seconds=0.55
CHECKPOINT_BEST repeat=4 scope=external fold=external phase=snde epoch=21 path=/data/adodas/VarCoNet-V2-main/xiaolunwen/experiment1c/checkpoints/worker_r4_best.pt
CHECKPOINT_LATEST repeat=4 scope=external fold=external phase=snde epoch=21 path=/data/adodas/VarCoNet-V2-main/xiaolunwen/experiment1c/checkpoints/worker_r4_latest.pt
[SNDE] repeat=4 scope=external fold=external epoch=21/149 train_bce=0.272555 val_bce=0.619768 best=Y best_epoch=21 asd_gate=(+0.117,-0.002,g0.881) hc_gate=(+0.086,-0.003,g0.912) pos_weight_l2=0.131871 neg_weight_l2=0.364747 mean_abs_pos_correction=0.142676 mean_abs_neg_correction=0.001515 elapsed_seconds=0.92
CHECKPOINT_BEST repeat=4 scope=external fold=external phase=snde epoch=22 path=/data/adodas/VarCoNet-V2-main/xiaolunwen/experiment1c/checkpoints/worker_r4_best.pt
CHECKPOINT_LATEST repeat=4 scope=external fold=external phase=snde epoch=22 path=/data/adodas/VarCoNet-V2-main/xiaolunwen/experiment1c/checkpoints/worker_r4_latest.pt
[SNDE] repeat=4 scope=external fold=external epoch=22/149 train_bce=0.272360 val_bce=0.619244 best=Y best_epoch=22 asd_gate=(+0.117,-0.002,g0.881) hc_gate=(+0.086,-0.003,g0.912) pos_weight_l2=0.135865 neg_weight_l2=0.379026 mean_abs_pos_correction=0.144086 mean_abs_neg_correction=0.001562 elapsed_seconds=1.00
CHECKPOINT_BEST repeat=4 scope=external fold=external phase=snde epoch=23 path=/data/adodas/VarCoNet-V2-main/xiaolunwen/experiment1c/checkpoints/worker_r4_best.pt
CHECKPOINT_LATEST repeat=4 scope=external fold=external phase=snde epoch=23 path=/data/adodas/VarCoNet-V2-main/xiaolunwen/experiment1c/checkpoints/worker_r4_latest.pt
[SNDE] repeat=4 scope=external fold=external epoch=23/149 train_bce=0.272176 val_bce=0.619233 best=Y best_epoch=23 asd_gate=(+0.117,-0.002,g0.881) hc_gate=(+0.086,-0.003,g0.912) pos_weight_l2=0.139763 neg_weight_l2=0.393034 mean_abs_pos_correction=0.145318 mean_abs_neg_correction=0.001607 elapsed_seconds=0.84
CHECKPOINT_LATEST repeat=4 scope=external fold=external phase=snde epoch=30 path=/data/adodas/VarCoNet-V2-main/xiaolunwen/experiment1c/checkpoints/worker_r4_latest.pt
[SNDE] repeat=4 scope=external fold=external epoch=30/149 train_bce=0.271213 val_bce=0.628837 best=N best_epoch=23 asd_gate=(+0.117,-0.002,g0.881) hc_gate=(+0.086,-0.003,g0.912) pos_weight_l2=0.164843 neg_weight_l2=0.484343 mean_abs_pos_correction=0.155614 mean_abs_neg_correction=0.001851 elapsed_seconds=0.46
CHECKPOINT_LATEST repeat=4 scope=external fold=external phase=snde epoch=40 path=/data/adodas/VarCoNet-V2-main/xiaolunwen/experiment1c/checkpoints/worker_r4_latest.pt
[SNDE] repeat=4 scope=external fold=external epoch=40/149 train_bce=0.270099 val_bce=0.625728 best=N best_epoch=23 asd_gate=(+0.117,-0.002,g0.881) hc_gate=(+0.086,-0.003,g0.912) pos_weight_l2=0.196204 neg_weight_l2=0.599918 mean_abs_pos_correction=0.177206 mean_abs_neg_correction=0.002220 elapsed_seconds=0.57
CHECKPOINT_LATEST repeat=4 scope=external fold=external phase=snde epoch=50 path=/data/adodas/VarCoNet-V2-main/xiaolunwen/experiment1c/checkpoints/worker_r4_latest.pt
[SNDE] repeat=4 scope=external fold=external epoch=50/149 train_bce=0.269229 val_bce=0.635383 best=N best_epoch=23 asd_gate=(+0.117,-0.002,g0.881) hc_gate=(+0.086,-0.003,g0.912) pos_weight_l2=0.224974 neg_weight_l2=0.706300 mean_abs_pos_correction=0.186298 mean_abs_neg_correction=0.002550 elapsed_seconds=0.38
CHECKPOINT_LATEST repeat=4 scope=external fold=external phase=snde epoch=60 path=/data/adodas/VarCoNet-V2-main/xiaolunwen/experiment1c/checkpoints/worker_r4_latest.pt
[SNDE] repeat=4 scope=external fold=external epoch=60/149 train_bce=0.268519 val_bce=0.635221 best=N best_epoch=23 asd_gate=(+0.117,-0.002,g0.881) hc_gate=(+0.086,-0.003,g0.912) pos_weight_l2=0.253016 neg_weight_l2=0.808489 mean_abs_pos_correction=0.197857 mean_abs_neg_correction=0.002834 elapsed_seconds=0.38
CHECKPOINT_LATEST repeat=4 scope=external fold=external phase=snde epoch=70 path=/data/adodas/VarCoNet-V2-main/xiaolunwen/experiment1c/checkpoints/worker_r4_latest.pt
[SNDE] repeat=4 scope=external fold=external epoch=70/149 train_bce=0.267924 val_bce=0.631067 best=N best_epoch=23 asd_gate=(+0.117,-0.002,g0.881) hc_gate=(+0.086,-0.003,g0.912) pos_weight_l2=0.280457 neg_weight_l2=0.908027 mean_abs_pos_correction=0.208635 mean_abs_neg_correction=0.003091 elapsed_seconds=0.55
CHECKPOINT_LATEST repeat=4 scope=external fold=external phase=snde epoch=80 path=/data/adodas/VarCoNet-V2-main/xiaolunwen/experiment1c/checkpoints/worker_r4_latest.pt
[SNDE] repeat=4 scope=external fold=external epoch=80/149 train_bce=0.267416 val_bce=0.628513 best=N best_epoch=23 asd_gate=(+0.117,-0.002,g0.881) hc_gate=(+0.086,-0.003,g0.912) pos_weight_l2=0.307185 neg_weight_l2=1.005028 mean_abs_pos_correction=0.217814 mean_abs_neg_correction=0.003332 elapsed_seconds=0.53
CHECKPOINT_LATEST repeat=4 scope=external fold=external phase=snde epoch=90 path=/data/adodas/VarCoNet-V2-main/xiaolunwen/experiment1c/checkpoints/worker_r4_latest.pt
[SNDE] repeat=4 scope=external fold=external epoch=90/149 train_bce=0.266974 val_bce=0.623951 best=N best_epoch=23 asd_gate=(+0.117,-0.002,g0.881) hc_gate=(+0.086,-0.003,g0.912) pos_weight_l2=0.333131 neg_weight_l2=1.099364 mean_abs_pos_correction=0.227225 mean_abs_neg_correction=0.003560 elapsed_seconds=0.77
CHECKPOINT_LATEST repeat=4 scope=external fold=external phase=snde epoch=100 path=/data/adodas/VarCoNet-V2-main/xiaolunwen/experiment1c/checkpoints/worker_r4_latest.pt
[SNDE] repeat=4 scope=external fold=external epoch=100/149 train_bce=0.266586 val_bce=0.621701 best=N best_epoch=23 asd_gate=(+0.117,-0.002,g0.881) hc_gate=(+0.086,-0.003,g0.912) pos_weight_l2=0.358251 neg_weight_l2=1.190978 mean_abs_pos_correction=0.235263 mean_abs_neg_correction=0.003778 elapsed_seconds=0.63
CHECKPOINT_BEST repeat=4 scope=external fold=external phase=snde epoch=110 path=/data/adodas/VarCoNet-V2-main/xiaolunwen/experiment1c/checkpoints/worker_r4_best.pt
CHECKPOINT_LATEST repeat=4 scope=external fold=external phase=snde epoch=110 path=/data/adodas/VarCoNet-V2-main/xiaolunwen/experiment1c/checkpoints/worker_r4_latest.pt
[SNDE] repeat=4 scope=external fold=external epoch=110/149 train_bce=0.266241 val_bce=0.619184 best=Y best_epoch=110 asd_gate=(+0.117,-0.002,g0.881) hc_gate=(+0.086,-0.003,g0.912) pos_weight_l2=0.382605 neg_weight_l2=1.279893 mean_abs_pos_correction=0.243246 mean_abs_neg_correction=0.003987 elapsed_seconds=0.95
CHECKPOINT_BEST repeat=4 scope=external fold=external phase=snde epoch=111 path=/data/adodas/VarCoNet-V2-main/xiaolunwen/experiment1c/checkpoints/worker_r4_best.pt
CHECKPOINT_LATEST repeat=4 scope=external fold=external phase=snde epoch=111 path=/data/adodas/VarCoNet-V2-main/xiaolunwen/experiment1c/checkpoints/worker_r4_latest.pt
[SNDE] repeat=4 scope=external fold=external epoch=111/149 train_bce=0.266209 val_bce=0.618919 best=Y best_epoch=111 asd_gate=(+0.117,-0.002,g0.881) hc_gate=(+0.086,-0.003,g0.912) pos_weight_l2=0.385000 neg_weight_l2=1.288638 mean_abs_pos_correction=0.244047 mean_abs_neg_correction=0.004007 elapsed_seconds=0.77
CHECKPOINT_BEST repeat=4 scope=external fold=external phase=snde epoch=112 path=/data/adodas/VarCoNet-V2-main/xiaolunwen/experiment1c/checkpoints/worker_r4_best.pt
CHECKPOINT_LATEST repeat=4 scope=external fold=external phase=snde epoch=112 path=/data/adodas/VarCoNet-V2-main/xiaolunwen/experiment1c/checkpoints/worker_r4_latest.pt
[SNDE] repeat=4 scope=external fold=external epoch=112/149 train_bce=0.266177 val_bce=0.618660 best=Y best_epoch=112 asd_gate=(+0.117,-0.002,g0.881) hc_gate=(+0.086,-0.003,g0.912) pos_weight_l2=0.387388 neg_weight_l2=1.297358 mean_abs_pos_correction=0.244844 mean_abs_neg_correction=0.004027 elapsed_seconds=0.88
CHECKPOINT_BEST repeat=4 scope=external fold=external phase=snde epoch=113 path=/data/adodas/VarCoNet-V2-main/xiaolunwen/experiment1c/checkpoints/worker_r4_best.pt
CHECKPOINT_LATEST repeat=4 scope=external fold=external phase=snde epoch=113 path=/data/adodas/VarCoNet-V2-main/xiaolunwen/experiment1c/checkpoints/worker_r4_latest.pt
[SNDE] repeat=4 scope=external fold=external epoch=113/149 train_bce=0.266145 val_bce=0.618407 best=Y best_epoch=113 asd_gate=(+0.117,-0.002,g0.881) hc_gate=(+0.086,-0.003,g0.912) pos_weight_l2=0.389768 neg_weight_l2=1.306051 mean_abs_pos_correction=0.245639 mean_abs_neg_correction=0.004047 elapsed_seconds=0.95
CHECKPOINT_BEST repeat=4 scope=external fold=external phase=snde epoch=114 path=/data/adodas/VarCoNet-V2-main/xiaolunwen/experiment1c/checkpoints/worker_r4_best.pt
CHECKPOINT_LATEST repeat=4 scope=external fold=external phase=snde epoch=114 path=/data/adodas/VarCoNet-V2-main/xiaolunwen/experiment1c/checkpoints/worker_r4_latest.pt
[SNDE] repeat=4 scope=external fold=external epoch=114/149 train_bce=0.266113 val_bce=0.618160 best=Y best_epoch=114 asd_gate=(+0.117,-0.002,g0.881) hc_gate=(+0.086,-0.003,g0.912) pos_weight_l2=0.392142 neg_weight_l2=1.314718 mean_abs_pos_correction=0.246429 mean_abs_neg_correction=0.004067 elapsed_seconds=0.97
CHECKPOINT_BEST repeat=4 scope=external fold=external phase=snde epoch=115 path=/data/adodas/VarCoNet-V2-main/xiaolunwen/experiment1c/checkpoints/worker_r4_best.pt
CHECKPOINT_LATEST repeat=4 scope=external fold=external phase=snde epoch=115 path=/data/adodas/VarCoNet-V2-main/xiaolunwen/experiment1c/checkpoints/worker_r4_latest.pt
[SNDE] repeat=4 scope=external fold=external epoch=115/149 train_bce=0.266082 val_bce=0.617919 best=Y best_epoch=115 asd_gate=(+0.117,-0.002,g0.881) hc_gate=(+0.086,-0.003,g0.912) pos_weight_l2=0.394508 neg_weight_l2=1.323359 mean_abs_pos_correction=0.247217 mean_abs_neg_correction=0.004087 elapsed_seconds=0.84
CHECKPOINT_BEST repeat=4 scope=external fold=external phase=snde epoch=116 path=/data/adodas/VarCoNet-V2-main/xiaolunwen/experiment1c/checkpoints/worker_r4_best.pt
CHECKPOINT_LATEST repeat=4 scope=external fold=external phase=snde epoch=116 path=/data/adodas/VarCoNet-V2-main/xiaolunwen/experiment1c/checkpoints/worker_r4_latest.pt
[SNDE] repeat=4 scope=external fold=external epoch=116/149 train_bce=0.266052 val_bce=0.617683 best=Y best_epoch=116 asd_gate=(+0.117,-0.002,g0.881) hc_gate=(+0.086,-0.003,g0.912) pos_weight_l2=0.396867 neg_weight_l2=1.331974 mean_abs_pos_correction=0.248001 mean_abs_neg_correction=0.004107 elapsed_seconds=0.74
CHECKPOINT_BEST repeat=4 scope=external fold=external phase=snde epoch=117 path=/data/adodas/VarCoNet-V2-main/xiaolunwen/experiment1c/checkpoints/worker_r4_best.pt
CHECKPOINT_LATEST repeat=4 scope=external fold=external phase=snde epoch=117 path=/data/adodas/VarCoNet-V2-main/xiaolunwen/experiment1c/checkpoints/worker_r4_latest.pt
[SNDE] repeat=4 scope=external fold=external epoch=117/149 train_bce=0.266021 val_bce=0.617450 best=Y best_epoch=117 asd_gate=(+0.117,-0.002,g0.881) hc_gate=(+0.086,-0.003,g0.912) pos_weight_l2=0.399219 neg_weight_l2=1.340563 mean_abs_pos_correction=0.248784 mean_abs_neg_correction=0.004127 elapsed_seconds=1.00
CHECKPOINT_BEST repeat=4 scope=external fold=external phase=snde epoch=118 path=/data/adodas/VarCoNet-V2-main/xiaolunwen/experiment1c/checkpoints/worker_r4_best.pt
CHECKPOINT_LATEST repeat=4 scope=external fold=external phase=snde epoch=118 path=/data/adodas/VarCoNet-V2-main/xiaolunwen/experiment1c/checkpoints/worker_r4_latest.pt
[SNDE] repeat=4 scope=external fold=external epoch=118/149 train_bce=0.265991 val_bce=0.617221 best=Y best_epoch=118 asd_gate=(+0.117,-0.002,g0.881) hc_gate=(+0.086,-0.003,g0.912) pos_weight_l2=0.401564 neg_weight_l2=1.349126 mean_abs_pos_correction=0.249564 mean_abs_neg_correction=0.004146 elapsed_seconds=0.85
CHECKPOINT_BEST repeat=4 scope=external fold=external phase=snde epoch=119 path=/data/adodas/VarCoNet-V2-main/xiaolunwen/experiment1c/checkpoints/worker_r4_best.pt
CHECKPOINT_LATEST repeat=4 scope=external fold=external phase=snde epoch=119 path=/data/adodas/VarCoNet-V2-main/xiaolunwen/experiment1c/checkpoints/worker_r4_latest.pt
[SNDE] repeat=4 scope=external fold=external epoch=119/149 train_bce=0.265961 val_bce=0.616993 best=Y best_epoch=119 asd_gate=(+0.117,-0.002,g0.881) hc_gate=(+0.086,-0.003,g0.912) pos_weight_l2=0.403902 neg_weight_l2=1.357664 mean_abs_pos_correction=0.250344 mean_abs_neg_correction=0.004166 elapsed_seconds=0.95
CHECKPOINT_BEST repeat=4 scope=external fold=external phase=snde epoch=120 path=/data/adodas/VarCoNet-V2-main/xiaolunwen/experiment1c/checkpoints/worker_r4_best.pt
CHECKPOINT_LATEST repeat=4 scope=external fold=external phase=snde epoch=120 path=/data/adodas/VarCoNet-V2-main/xiaolunwen/experiment1c/checkpoints/worker_r4_latest.pt
[SNDE] repeat=4 scope=external fold=external epoch=120/149 train_bce=0.265931 val_bce=0.616764 best=Y best_epoch=120 asd_gate=(+0.117,-0.002,g0.881) hc_gate=(+0.086,-0.003,g0.912) pos_weight_l2=0.406233 neg_weight_l2=1.366177 mean_abs_pos_correction=0.251123 mean_abs_neg_correction=0.004185 elapsed_seconds=0.97
CHECKPOINT_BEST repeat=4 scope=external fold=external phase=snde epoch=121 path=/data/adodas/VarCoNet-V2-main/xiaolunwen/experiment1c/checkpoints/worker_r4_best.pt
CHECKPOINT_LATEST repeat=4 scope=external fold=external phase=snde epoch=121 path=/data/adodas/VarCoNet-V2-main/xiaolunwen/experiment1c/checkpoints/worker_r4_latest.pt
[SNDE] repeat=4 scope=external fold=external epoch=121/149 train_bce=0.265902 val_bce=0.616535 best=Y best_epoch=121 asd_gate=(+0.117,-0.002,g0.881) hc_gate=(+0.086,-0.003,g0.912) pos_weight_l2=0.408557 neg_weight_l2=1.374664 mean_abs_pos_correction=0.251903 mean_abs_neg_correction=0.004205 elapsed_seconds=0.88
CHECKPOINT_BEST repeat=4 scope=external fold=external phase=snde epoch=122 path=/data/adodas/VarCoNet-V2-main/xiaolunwen/experiment1c/checkpoints/worker_r4_best.pt
CHECKPOINT_LATEST repeat=4 scope=external fold=external phase=snde epoch=122 path=/data/adodas/VarCoNet-V2-main/xiaolunwen/experiment1c/checkpoints/worker_r4_latest.pt
[SNDE] repeat=4 scope=external fold=external epoch=122/149 train_bce=0.265873 val_bce=0.616303 best=Y best_epoch=122 asd_gate=(+0.117,-0.002,g0.881) hc_gate=(+0.086,-0.003,g0.912) pos_weight_l2=0.410875 neg_weight_l2=1.383126 mean_abs_pos_correction=0.252684 mean_abs_neg_correction=0.004224 elapsed_seconds=1.01
CHECKPOINT_BEST repeat=4 scope=external fold=external phase=snde epoch=123 path=/data/adodas/VarCoNet-V2-main/xiaolunwen/experiment1c/checkpoints/worker_r4_best.pt
CHECKPOINT_LATEST repeat=4 scope=external fold=external phase=snde epoch=123 path=/data/adodas/VarCoNet-V2-main/xiaolunwen/experiment1c/checkpoints/worker_r4_latest.pt
[SNDE] repeat=4 scope=external fold=external epoch=123/149 train_bce=0.265844 val_bce=0.616069 best=Y best_epoch=123 asd_gate=(+0.117,-0.002,g0.881) hc_gate=(+0.086,-0.003,g0.912) pos_weight_l2=0.413186 neg_weight_l2=1.391562 mean_abs_pos_correction=0.253466 mean_abs_neg_correction=0.004243 elapsed_seconds=0.73
CHECKPOINT_BEST repeat=4 scope=external fold=external phase=snde epoch=124 path=/data/adodas/VarCoNet-V2-main/xiaolunwen/experiment1c/checkpoints/worker_r4_best.pt
CHECKPOINT_LATEST repeat=4 scope=external fold=external phase=snde epoch=124 path=/data/adodas/VarCoNet-V2-main/xiaolunwen/experiment1c/checkpoints/worker_r4_latest.pt
[SNDE] repeat=4 scope=external fold=external epoch=124/149 train_bce=0.265816 val_bce=0.615831 best=Y best_epoch=124 asd_gate=(+0.117,-0.002,g0.881) hc_gate=(+0.086,-0.003,g0.912) pos_weight_l2=0.415490 neg_weight_l2=1.399974 mean_abs_pos_correction=0.254250 mean_abs_neg_correction=0.004262 elapsed_seconds=0.88
CHECKPOINT_BEST repeat=4 scope=external fold=external phase=snde epoch=125 path=/data/adodas/VarCoNet-V2-main/xiaolunwen/experiment1c/checkpoints/worker_r4_best.pt
CHECKPOINT_LATEST repeat=4 scope=external fold=external phase=snde epoch=125 path=/data/adodas/VarCoNet-V2-main/xiaolunwen/experiment1c/checkpoints/worker_r4_latest.pt
[SNDE] repeat=4 scope=external fold=external epoch=125/149 train_bce=0.265787 val_bce=0.615591 best=Y best_epoch=125 asd_gate=(+0.117,-0.002,g0.881) hc_gate=(+0.086,-0.003,g0.912) pos_weight_l2=0.417787 neg_weight_l2=1.408360 mean_abs_pos_correction=0.255035 mean_abs_neg_correction=0.004281 elapsed_seconds=0.96
CHECKPOINT_BEST repeat=4 scope=external fold=external phase=snde epoch=126 path=/data/adodas/VarCoNet-V2-main/xiaolunwen/experiment1c/checkpoints/worker_r4_best.pt
CHECKPOINT_LATEST repeat=4 scope=external fold=external phase=snde epoch=126 path=/data/adodas/VarCoNet-V2-main/xiaolunwen/experiment1c/checkpoints/worker_r4_latest.pt
[SNDE] repeat=4 scope=external fold=external epoch=126/149 train_bce=0.265760 val_bce=0.615348 best=Y best_epoch=126 asd_gate=(+0.117,-0.002,g0.881) hc_gate=(+0.086,-0.003,g0.912) pos_weight_l2=0.420078 neg_weight_l2=1.416722 mean_abs_pos_correction=0.255823 mean_abs_neg_correction=0.004300 elapsed_seconds=0.90
CHECKPOINT_BEST repeat=4 scope=external fold=external phase=snde epoch=127 path=/data/adodas/VarCoNet-V2-main/xiaolunwen/experiment1c/checkpoints/worker_r4_best.pt
CHECKPOINT_LATEST repeat=4 scope=external fold=external phase=snde epoch=127 path=/data/adodas/VarCoNet-V2-main/xiaolunwen/experiment1c/checkpoints/worker_r4_latest.pt
[SNDE] repeat=4 scope=external fold=external epoch=127/149 train_bce=0.265732 val_bce=0.615103 best=Y best_epoch=127 asd_gate=(+0.117,-0.002,g0.881) hc_gate=(+0.086,-0.003,g0.912) pos_weight_l2=0.422362 neg_weight_l2=1.425059 mean_abs_pos_correction=0.256611 mean_abs_neg_correction=0.004319 elapsed_seconds=0.92
CHECKPOINT_BEST repeat=4 scope=external fold=external phase=snde epoch=128 path=/data/adodas/VarCoNet-V2-main/xiaolunwen/experiment1c/checkpoints/worker_r4_best.pt
CHECKPOINT_LATEST repeat=4 scope=external fold=external phase=snde epoch=128 path=/data/adodas/VarCoNet-V2-main/xiaolunwen/experiment1c/checkpoints/worker_r4_latest.pt
[SNDE] repeat=4 scope=external fold=external epoch=128/149 train_bce=0.265704 val_bce=0.614858 best=Y best_epoch=128 asd_gate=(+0.117,-0.002,g0.881) hc_gate=(+0.086,-0.003,g0.912) pos_weight_l2=0.424640 neg_weight_l2=1.433371 mean_abs_pos_correction=0.257402 mean_abs_neg_correction=0.004338 elapsed_seconds=1.02
CHECKPOINT_BEST repeat=4 scope=external fold=external phase=snde epoch=129 path=/data/adodas/VarCoNet-V2-main/xiaolunwen/experiment1c/checkpoints/worker_r4_best.pt
CHECKPOINT_LATEST repeat=4 scope=external fold=external phase=snde epoch=129 path=/data/adodas/VarCoNet-V2-main/xiaolunwen/experiment1c/checkpoints/worker_r4_latest.pt
[SNDE] repeat=4 scope=external fold=external epoch=129/149 train_bce=0.265677 val_bce=0.614613 best=Y best_epoch=129 asd_gate=(+0.117,-0.002,g0.881) hc_gate=(+0.086,-0.003,g0.912) pos_weight_l2=0.426911 neg_weight_l2=1.441658 mean_abs_pos_correction=0.258193 mean_abs_neg_correction=0.004356 elapsed_seconds=0.86
CHECKPOINT_BEST repeat=4 scope=external fold=external phase=snde epoch=130 path=/data/adodas/VarCoNet-V2-main/xiaolunwen/experiment1c/checkpoints/worker_r4_best.pt
CHECKPOINT_LATEST repeat=4 scope=external fold=external phase=snde epoch=130 path=/data/adodas/VarCoNet-V2-main/xiaolunwen/experiment1c/checkpoints/worker_r4_latest.pt
[SNDE] repeat=4 scope=external fold=external epoch=130/149 train_bce=0.265650 val_bce=0.614370 best=Y best_epoch=130 asd_gate=(+0.117,-0.002,g0.881) hc_gate=(+0.086,-0.003,g0.912) pos_weight_l2=0.429176 neg_weight_l2=1.449921 mean_abs_pos_correction=0.258985 mean_abs_neg_correction=0.004375 elapsed_seconds=0.81
CHECKPOINT_BEST repeat=4 scope=external fold=external phase=snde epoch=131 path=/data/adodas/VarCoNet-V2-main/xiaolunwen/experiment1c/checkpoints/worker_r4_best.pt
CHECKPOINT_LATEST repeat=4 scope=external fold=external phase=snde epoch=131 path=/data/adodas/VarCoNet-V2-main/xiaolunwen/experiment1c/checkpoints/worker_r4_latest.pt
[SNDE] repeat=4 scope=external fold=external epoch=131/149 train_bce=0.265623 val_bce=0.614129 best=Y best_epoch=131 asd_gate=(+0.117,-0.002,g0.881) hc_gate=(+0.086,-0.003,g0.912) pos_weight_l2=0.431435 neg_weight_l2=1.458160 mean_abs_pos_correction=0.259776 mean_abs_neg_correction=0.004393 elapsed_seconds=0.89
CHECKPOINT_BEST repeat=4 scope=external fold=external phase=snde epoch=132 path=/data/adodas/VarCoNet-V2-main/xiaolunwen/experiment1c/checkpoints/worker_r4_best.pt
CHECKPOINT_LATEST repeat=4 scope=external fold=external phase=snde epoch=132 path=/data/adodas/VarCoNet-V2-main/xiaolunwen/experiment1c/checkpoints/worker_r4_latest.pt
[SNDE] repeat=4 scope=external fold=external epoch=132/149 train_bce=0.265597 val_bce=0.613893 best=Y best_epoch=132 asd_gate=(+0.117,-0.002,g0.881) hc_gate=(+0.086,-0.003,g0.912) pos_weight_l2=0.433687 neg_weight_l2=1.466375 mean_abs_pos_correction=0.260567 mean_abs_neg_correction=0.004412 elapsed_seconds=1.00
CHECKPOINT_BEST repeat=4 scope=external fold=external phase=snde epoch=133 path=/data/adodas/VarCoNet-V2-main/xiaolunwen/experiment1c/checkpoints/worker_r4_best.pt
CHECKPOINT_LATEST repeat=4 scope=external fold=external phase=snde epoch=133 path=/data/adodas/VarCoNet-V2-main/xiaolunwen/experiment1c/checkpoints/worker_r4_latest.pt
[SNDE] repeat=4 scope=external fold=external epoch=133/149 train_bce=0.265571 val_bce=0.613661 best=Y best_epoch=133 asd_gate=(+0.117,-0.002,g0.881) hc_gate=(+0.086,-0.003,g0.912) pos_weight_l2=0.435934 neg_weight_l2=1.474565 mean_abs_pos_correction=0.261358 mean_abs_neg_correction=0.004430 elapsed_seconds=0.96
CHECKPOINT_BEST repeat=4 scope=external fold=external phase=snde epoch=134 path=/data/adodas/VarCoNet-V2-main/xiaolunwen/experiment1c/checkpoints/worker_r4_best.pt
CHECKPOINT_LATEST repeat=4 scope=external fold=external phase=snde epoch=134 path=/data/adodas/VarCoNet-V2-main/xiaolunwen/experiment1c/checkpoints/worker_r4_latest.pt
[SNDE] repeat=4 scope=external fold=external epoch=134/149 train_bce=0.265544 val_bce=0.613435 best=Y best_epoch=134 asd_gate=(+0.117,-0.002,g0.881) hc_gate=(+0.086,-0.003,g0.912) pos_weight_l2=0.438175 neg_weight_l2=1.482731 mean_abs_pos_correction=0.262146 mean_abs_neg_correction=0.004448 elapsed_seconds=1.07
CHECKPOINT_BEST repeat=4 scope=external fold=external phase=snde epoch=135 path=/data/adodas/VarCoNet-V2-main/xiaolunwen/experiment1c/checkpoints/worker_r4_best.pt
CHECKPOINT_LATEST repeat=4 scope=external fold=external phase=snde epoch=135 path=/data/adodas/VarCoNet-V2-main/xiaolunwen/experiment1c/checkpoints/worker_r4_latest.pt
[SNDE] repeat=4 scope=external fold=external epoch=135/149 train_bce=0.265519 val_bce=0.613215 best=Y best_epoch=135 asd_gate=(+0.117,-0.002,g0.881) hc_gate=(+0.086,-0.003,g0.912) pos_weight_l2=0.440409 neg_weight_l2=1.490874 mean_abs_pos_correction=0.262933 mean_abs_neg_correction=0.004466 elapsed_seconds=0.77
CHECKPOINT_BEST repeat=4 scope=external fold=external phase=snde epoch=136 path=/data/adodas/VarCoNet-V2-main/xiaolunwen/experiment1c/checkpoints/worker_r4_best.pt
CHECKPOINT_LATEST repeat=4 scope=external fold=external phase=snde epoch=136 path=/data/adodas/VarCoNet-V2-main/xiaolunwen/experiment1c/checkpoints/worker_r4_latest.pt
[SNDE] repeat=4 scope=external fold=external epoch=136/149 train_bce=0.265493 val_bce=0.613002 best=Y best_epoch=136 asd_gate=(+0.117,-0.002,g0.881) hc_gate=(+0.086,-0.003,g0.912) pos_weight_l2=0.442638 neg_weight_l2=1.498992 mean_abs_pos_correction=0.263718 mean_abs_neg_correction=0.004484 elapsed_seconds=0.67
CHECKPOINT_BEST repeat=4 scope=external fold=external phase=snde epoch=137 path=/data/adodas/VarCoNet-V2-main/xiaolunwen/experiment1c/checkpoints/worker_r4_best.pt
CHECKPOINT_LATEST repeat=4 scope=external fold=external phase=snde epoch=137 path=/data/adodas/VarCoNet-V2-main/xiaolunwen/experiment1c/checkpoints/worker_r4_latest.pt
[SNDE] repeat=4 scope=external fold=external epoch=137/149 train_bce=0.265467 val_bce=0.612796 best=Y best_epoch=137 asd_gate=(+0.117,-0.002,g0.881) hc_gate=(+0.086,-0.003,g0.912) pos_weight_l2=0.444861 neg_weight_l2=1.507087 mean_abs_pos_correction=0.264500 mean_abs_neg_correction=0.004502 elapsed_seconds=0.64
CHECKPOINT_BEST repeat=4 scope=external fold=external phase=snde epoch=138 path=/data/adodas/VarCoNet-V2-main/xiaolunwen/experiment1c/checkpoints/worker_r4_best.pt
CHECKPOINT_LATEST repeat=4 scope=external fold=external phase=snde epoch=138 path=/data/adodas/VarCoNet-V2-main/xiaolunwen/experiment1c/checkpoints/worker_r4_latest.pt
[SNDE] repeat=4 scope=external fold=external epoch=138/149 train_bce=0.265442 val_bce=0.612596 best=Y best_epoch=138 asd_gate=(+0.117,-0.002,g0.881) hc_gate=(+0.086,-0.003,g0.912) pos_weight_l2=0.447079 neg_weight_l2=1.515159 mean_abs_pos_correction=0.265280 mean_abs_neg_correction=0.004520 elapsed_seconds=0.72
CHECKPOINT_BEST repeat=4 scope=external fold=external phase=snde epoch=139 path=/data/adodas/VarCoNet-V2-main/xiaolunwen/experiment1c/checkpoints/worker_r4_best.pt
CHECKPOINT_LATEST repeat=4 scope=external fold=external phase=snde epoch=139 path=/data/adodas/VarCoNet-V2-main/xiaolunwen/experiment1c/checkpoints/worker_r4_latest.pt
[SNDE] repeat=4 scope=external fold=external epoch=139/149 train_bce=0.265417 val_bce=0.612403 best=Y best_epoch=139 asd_gate=(+0.117,-0.002,g0.881) hc_gate=(+0.086,-0.003,g0.912) pos_weight_l2=0.449291 neg_weight_l2=1.523206 mean_abs_pos_correction=0.266057 mean_abs_neg_correction=0.004538 elapsed_seconds=1.05
CHECKPOINT_BEST repeat=4 scope=external fold=external phase=snde epoch=140 path=/data/adodas/VarCoNet-V2-main/xiaolunwen/experiment1c/checkpoints/worker_r4_best.pt
CHECKPOINT_LATEST repeat=4 scope=external fold=external phase=snde epoch=140 path=/data/adodas/VarCoNet-V2-main/xiaolunwen/experiment1c/checkpoints/worker_r4_latest.pt
[SNDE] repeat=4 scope=external fold=external epoch=140/149 train_bce=0.265392 val_bce=0.612216 best=Y best_epoch=140 asd_gate=(+0.117,-0.002,g0.881) hc_gate=(+0.086,-0.003,g0.912) pos_weight_l2=0.451497 neg_weight_l2=1.531231 mean_abs_pos_correction=0.266832 mean_abs_neg_correction=0.004556 elapsed_seconds=1.25
CHECKPOINT_BEST repeat=4 scope=external fold=external phase=snde epoch=141 path=/data/adodas/VarCoNet-V2-main/xiaolunwen/experiment1c/checkpoints/worker_r4_best.pt
CHECKPOINT_LATEST repeat=4 scope=external fold=external phase=snde epoch=141 path=/data/adodas/VarCoNet-V2-main/xiaolunwen/experiment1c/checkpoints/worker_r4_latest.pt
[SNDE] repeat=4 scope=external fold=external epoch=141/149 train_bce=0.265368 val_bce=0.612034 best=Y best_epoch=141 asd_gate=(+0.117,-0.002,g0.881) hc_gate=(+0.086,-0.003,g0.912) pos_weight_l2=0.453699 neg_weight_l2=1.539232 mean_abs_pos_correction=0.267604 mean_abs_neg_correction=0.004573 elapsed_seconds=0.72
CHECKPOINT_BEST repeat=4 scope=external fold=external phase=snde epoch=142 path=/data/adodas/VarCoNet-V2-main/xiaolunwen/experiment1c/checkpoints/worker_r4_best.pt
CHECKPOINT_LATEST repeat=4 scope=external fold=external phase=snde epoch=142 path=/data/adodas/VarCoNet-V2-main/xiaolunwen/experiment1c/checkpoints/worker_r4_latest.pt
[SNDE] repeat=4 scope=external fold=external epoch=142/149 train_bce=0.265343 val_bce=0.611857 best=Y best_epoch=142 asd_gate=(+0.117,-0.002,g0.881) hc_gate=(+0.086,-0.003,g0.912) pos_weight_l2=0.455894 neg_weight_l2=1.547210 mean_abs_pos_correction=0.268374 mean_abs_neg_correction=0.004591 elapsed_seconds=0.70
CHECKPOINT_BEST repeat=4 scope=external fold=external phase=snde epoch=143 path=/data/adodas/VarCoNet-V2-main/xiaolunwen/experiment1c/checkpoints/worker_r4_best.pt
CHECKPOINT_LATEST repeat=4 scope=external fold=external phase=snde epoch=143 path=/data/adodas/VarCoNet-V2-main/xiaolunwen/experiment1c/checkpoints/worker_r4_latest.pt
[SNDE] repeat=4 scope=external fold=external epoch=143/149 train_bce=0.265319 val_bce=0.611684 best=Y best_epoch=143 asd_gate=(+0.117,-0.002,g0.881) hc_gate=(+0.086,-0.003,g0.912) pos_weight_l2=0.458085 neg_weight_l2=1.555165 mean_abs_pos_correction=0.269141 mean_abs_neg_correction=0.004608 elapsed_seconds=0.92
CHECKPOINT_BEST repeat=4 scope=external fold=external phase=snde epoch=144 path=/data/adodas/VarCoNet-V2-main/xiaolunwen/experiment1c/checkpoints/worker_r4_best.pt
CHECKPOINT_LATEST repeat=4 scope=external fold=external phase=snde epoch=144 path=/data/adodas/VarCoNet-V2-main/xiaolunwen/experiment1c/checkpoints/worker_r4_latest.pt
[SNDE] repeat=4 scope=external fold=external epoch=144/149 train_bce=0.265295 val_bce=0.611515 best=Y best_epoch=144 asd_gate=(+0.117,-0.002,g0.881) hc_gate=(+0.086,-0.003,g0.912) pos_weight_l2=0.460271 neg_weight_l2=1.563097 mean_abs_pos_correction=0.269906 mean_abs_neg_correction=0.004626 elapsed_seconds=0.85
CHECKPOINT_BEST repeat=4 scope=external fold=external phase=snde epoch=145 path=/data/adodas/VarCoNet-V2-main/xiaolunwen/experiment1c/checkpoints/worker_r4_best.pt
CHECKPOINT_LATEST repeat=4 scope=external fold=external phase=snde epoch=145 path=/data/adodas/VarCoNet-V2-main/xiaolunwen/experiment1c/checkpoints/worker_r4_latest.pt
[SNDE] repeat=4 scope=external fold=external epoch=145/149 train_bce=0.265271 val_bce=0.611348 best=Y best_epoch=145 asd_gate=(+0.117,-0.002,g0.881) hc_gate=(+0.086,-0.003,g0.912) pos_weight_l2=0.462452 neg_weight_l2=1.571006 mean_abs_pos_correction=0.270668 mean_abs_neg_correction=0.004643 elapsed_seconds=0.92
CHECKPOINT_BEST repeat=4 scope=external fold=external phase=snde epoch=146 path=/data/adodas/VarCoNet-V2-main/xiaolunwen/experiment1c/checkpoints/worker_r4_best.pt
CHECKPOINT_LATEST repeat=4 scope=external fold=external phase=snde epoch=146 path=/data/adodas/VarCoNet-V2-main/xiaolunwen/experiment1c/checkpoints/worker_r4_latest.pt
[SNDE] repeat=4 scope=external fold=external epoch=146/149 train_bce=0.265247 val_bce=0.611184 best=Y best_epoch=146 asd_gate=(+0.117,-0.002,g0.881) hc_gate=(+0.086,-0.003,g0.912) pos_weight_l2=0.464627 neg_weight_l2=1.578892 mean_abs_pos_correction=0.271432 mean_abs_neg_correction=0.004660 elapsed_seconds=0.79
CHECKPOINT_BEST repeat=4 scope=external fold=external phase=snde epoch=147 path=/data/adodas/VarCoNet-V2-main/xiaolunwen/experiment1c/checkpoints/worker_r4_best.pt
CHECKPOINT_LATEST repeat=4 scope=external fold=external phase=snde epoch=147 path=/data/adodas/VarCoNet-V2-main/xiaolunwen/experiment1c/checkpoints/worker_r4_latest.pt
[SNDE] repeat=4 scope=external fold=external epoch=147/149 train_bce=0.265224 val_bce=0.611022 best=Y best_epoch=147 asd_gate=(+0.117,-0.002,g0.881) hc_gate=(+0.086,-0.003,g0.912) pos_weight_l2=0.466798 neg_weight_l2=1.586756 mean_abs_pos_correction=0.272200 mean_abs_neg_correction=0.004678 elapsed_seconds=0.76
CHECKPOINT_BEST repeat=4 scope=external fold=external phase=snde epoch=148 path=/data/adodas/VarCoNet-V2-main/xiaolunwen/experiment1c/checkpoints/worker_r4_best.pt
CHECKPOINT_LATEST repeat=4 scope=external fold=external phase=snde epoch=148 path=/data/adodas/VarCoNet-V2-main/xiaolunwen/experiment1c/checkpoints/worker_r4_latest.pt
[SNDE] repeat=4 scope=external fold=external epoch=148/149 train_bce=0.265201 val_bce=0.610862 best=Y best_epoch=148 asd_gate=(+0.117,-0.002,g0.881) hc_gate=(+0.086,-0.003,g0.912) pos_weight_l2=0.468964 neg_weight_l2=1.594598 mean_abs_pos_correction=0.272969 mean_abs_neg_correction=0.004695 elapsed_seconds=0.69
CHECKPOINT_BEST repeat=4 scope=external fold=external phase=snde epoch=149 path=/data/adodas/VarCoNet-V2-main/xiaolunwen/experiment1c/checkpoints/worker_r4_best.pt
CHECKPOINT_LATEST repeat=4 scope=external fold=external phase=snde epoch=149 path=/data/adodas/VarCoNet-V2-main/xiaolunwen/experiment1c/checkpoints/worker_r4_latest.pt
[SNDE] repeat=4 scope=external fold=external epoch=149/149 train_bce=0.265177 val_bce=0.610703 best=Y best_epoch=149 asd_gate=(+0.117,-0.002,g0.881) hc_gate=(+0.086,-0.003,g0.912) pos_weight_l2=0.471126 neg_weight_l2=1.602417 mean_abs_pos_correction=0.273739 mean_abs_neg_correction=0.004712 elapsed_seconds=0.88
TASK_TRAINING_DONE repeat=4 scope=external fold=external base_encoder_epoch=17 base_classifier_epoch=34 base_val_bce=0.635750 crsm_epoch=0 crsm_val_bce=0.635750 snde_epoch=149 snde_val_bce=0.610703 elapsed_minutes=5.8
TASK_DONE repeat=4 scope=caltech fold=external method=baseline selected_encoder_epoch=17 test_auc=0.675439 test_bce=0.640862 elapsed_minutes=5.8
TASK_DONE repeat=4 scope=caltech fold=external method=crsm_corrected selected_encoder_epoch=17 test_auc=0.675439 test_bce=0.640862 elapsed_minutes=5.8
TASK_DONE repeat=4 scope=caltech fold=external method=selective_normative_deviation_experts selected_encoder_epoch=17 test_auc=0.698830 test_bce=0.641250 elapsed_minutes=5.8
TASK_DONE repeat=4 scope=abide2 fold=external method=baseline selected_encoder_epoch=17 test_auc=0.747827 test_bce=0.594451 elapsed_minutes=5.8
TASK_DONE repeat=4 scope=abide2 fold=external method=crsm_corrected selected_encoder_epoch=17 test_auc=0.747827 test_bce=0.594451 elapsed_minutes=5.8
TASK_DONE repeat=4 scope=abide2 fold=external method=selective_normative_deviation_experts selected_encoder_epoch=17 test_auc=0.740479 test_bce=0.620865 elapsed_minutes=5.8
REPEAT_DONE repeat=4 status=PASS rows=39
