==================================================
INVOCATION_START 2026-09-13T09:47:04Z repeat=9 gpu=1
REPEAT_START repeat=9 device=cuda:0 tasks=11
TASK_START repeat=9 scope=internal_cv fold=0 seed=100900 device=cuda:0 shared_encoder=Y
CHECKPOINT_BEST repeat=9 scope=internal_cv fold=0 phase=ssl epoch=1 path=/data/adodas/VarCoNet-V2-main/xiaolunwen/experiment2b/checkpoints/worker_r9_best.pt
[repeat=9 fold=0] [epoch=1/50] ssl_loss=0.176511 lr=0.00002411 base_val_bce=0.637624 base_best=Y base_cls_epoch=49 epoch_sec=28.2 task_elapsed_min=0.4 gpu_alloc_gb=0.271 gpu_reserved_gb=1.939
[ssl_epoch=1/50] ssl_loss=0.176511 lr=0.00002411 base_val_bce=0.637624 base_best=Y base_cls_epoch=49 epoch_sec=28.4 elapsed_min=0.4 gpu_alloc_gb=0.271 gpu_reserved_gb=1.939
CHECKPOINT_BEST repeat=9 scope=internal_cv fold=0 phase=ssl epoch=2 path=/data/adodas/VarCoNet-V2-main/xiaolunwen/experiment2b/checkpoints/worker_r9_best.pt
[repeat=9 fold=0] [epoch=2/50] ssl_loss=0.152874 lr=0.00003821 base_val_bce=0.629737 base_best=Y base_cls_epoch=55 epoch_sec=10.4 task_elapsed_min=0.6 gpu_alloc_gb=0.271 gpu_reserved_gb=1.559
[ssl_epoch=2/50] ssl_loss=0.152874 lr=0.00003821 base_val_bce=0.629737 base_best=Y base_cls_epoch=55 epoch_sec=10.4 elapsed_min=0.6 gpu_alloc_gb=0.271 gpu_reserved_gb=1.559
[repeat=9 fold=0] [epoch=3/50] ssl_loss=0.136204 lr=0.00005232 base_val_bce=0.638722 base_best=N base_cls_epoch=55 epoch_sec=3.8 task_elapsed_min=0.8 gpu_alloc_gb=0.271 gpu_reserved_gb=1.559
[ssl_epoch=3/50] ssl_loss=0.136204 lr=0.00005232 base_val_bce=0.638722 base_best=N base_cls_epoch=55 epoch_sec=4.4 elapsed_min=0.8 gpu_alloc_gb=0.271 gpu_reserved_gb=1.559
[repeat=9 fold=0] [epoch=4/50] ssl_loss=0.126368 lr=0.00006643 base_val_bce=0.635610 base_best=N base_cls_epoch=57 epoch_sec=4.1 task_elapsed_min=0.8 gpu_alloc_gb=0.271 gpu_reserved_gb=1.559
[ssl_epoch=4/50] ssl_loss=0.126368 lr=0.00006643 base_val_bce=0.635610 base_best=N base_cls_epoch=57 epoch_sec=4.3 elapsed_min=0.8 gpu_alloc_gb=0.271 gpu_reserved_gb=1.559
CHECKPOINT_BEST repeat=9 scope=internal_cv fold=0 phase=ssl epoch=5 path=/data/adodas/VarCoNet-V2-main/xiaolunwen/experiment2b/checkpoints/worker_r9_best.pt
[repeat=9 fold=0] [epoch=5/50] ssl_loss=0.116635 lr=0.00008053 base_val_bce=0.625262 base_best=Y base_cls_epoch=47 epoch_sec=8.6 task_elapsed_min=0.9 gpu_alloc_gb=0.271 gpu_reserved_gb=1.559
[ssl_epoch=5/50] ssl_loss=0.116635 lr=0.00008053 base_val_bce=0.625262 base_best=Y base_cls_epoch=47 epoch_sec=8.6 elapsed_min=0.9 gpu_alloc_gb=0.271 gpu_reserved_gb=1.559
CHECKPOINT_BEST repeat=9 scope=internal_cv fold=0 phase=ssl epoch=6 path=/data/adodas/VarCoNet-V2-main/xiaolunwen/experiment2b/checkpoints/worker_r9_best.pt
[repeat=9 fold=0] [epoch=6/50] ssl_loss=0.132927 lr=0.00009464 base_val_bce=0.623697 base_best=Y base_cls_epoch=48 epoch_sec=10.6 task_elapsed_min=1.0 gpu_alloc_gb=0.271 gpu_reserved_gb=1.559
[ssl_epoch=6/50] ssl_loss=0.132927 lr=0.00009464 base_val_bce=0.623697 base_best=Y base_cls_epoch=48 epoch_sec=10.8 elapsed_min=1.0 gpu_alloc_gb=0.271 gpu_reserved_gb=1.559
[repeat=9 fold=0] [epoch=7/50] ssl_loss=0.102950 lr=0.00010875 base_val_bce=0.631576 base_best=N base_cls_epoch=48 epoch_sec=2.2 task_elapsed_min=1.2 gpu_alloc_gb=0.271 gpu_reserved_gb=1.559
[ssl_epoch=7/50] ssl_loss=0.102950 lr=0.00010875 base_val_bce=0.631576 base_best=N base_cls_epoch=48 epoch_sec=2.3 elapsed_min=1.2 gpu_alloc_gb=0.271 gpu_reserved_gb=1.559
[repeat=9 fold=0] [epoch=8/50] ssl_loss=0.116709 lr=0.00012285 base_val_bce=0.630137 base_best=N base_cls_epoch=50 epoch_sec=2.4 task_elapsed_min=1.2 gpu_alloc_gb=0.271 gpu_reserved_gb=1.559
[ssl_epoch=8/50] ssl_loss=0.116709 lr=0.00012285 base_val_bce=0.630137 base_best=N base_cls_epoch=50 epoch_sec=2.7 elapsed_min=1.2 gpu_alloc_gb=0.271 gpu_reserved_gb=1.559
[repeat=9 fold=0] [epoch=9/50] ssl_loss=0.101059 lr=0.00013696 base_val_bce=0.628613 base_best=N base_cls_epoch=48 epoch_sec=2.8 task_elapsed_min=1.3 gpu_alloc_gb=0.271 gpu_reserved_gb=1.559
[ssl_epoch=9/50] ssl_loss=0.101059 lr=0.00013696 base_val_bce=0.628613 base_best=N base_cls_epoch=48 epoch_sec=2.9 elapsed_min=1.3 gpu_alloc_gb=0.271 gpu_reserved_gb=1.559
CHECKPOINT_LATEST repeat=9 scope=internal_cv fold=0 phase=ssl epoch=10 path=/data/adodas/VarCoNet-V2-main/xiaolunwen/experiment2b/checkpoints/worker_r9_latest.pt
[repeat=9 fold=0] [epoch=10/50] ssl_loss=0.081963 lr=0.00013696 base_val_bce=0.630404 base_best=N base_cls_epoch=51 epoch_sec=7.9 task_elapsed_min=1.4 gpu_alloc_gb=0.271 gpu_reserved_gb=1.559
[ssl_epoch=10/50] ssl_loss=0.081963 lr=0.00013696 base_val_bce=0.630404 base_best=N base_cls_epoch=51 epoch_sec=7.9 elapsed_min=1.4 gpu_alloc_gb=0.271 gpu_reserved_gb=1.559
[repeat=9 fold=0] [epoch=11/50] ssl_loss=0.096656 lr=0.00013675 base_val_bce=0.627500 base_best=N base_cls_epoch=49 epoch_sec=4.1 task_elapsed_min=1.5 gpu_alloc_gb=0.271 gpu_reserved_gb=1.559
[ssl_epoch=11/50] ssl_loss=0.096656 lr=0.00013675 base_val_bce=0.627500 base_best=N base_cls_epoch=49 epoch_sec=4.1 elapsed_min=1.5 gpu_alloc_gb=0.271 gpu_reserved_gb=1.559
CHECKPOINT_BEST repeat=9 scope=internal_cv fold=0 phase=ssl epoch=12 path=/data/adodas/VarCoNet-V2-main/xiaolunwen/experiment2b/checkpoints/worker_r9_best.pt
[repeat=9 fold=0] [epoch=12/50] ssl_loss=0.092725 lr=0.00013612 base_val_bce=0.620774 base_best=Y base_cls_epoch=51 epoch_sec=10.9 task_elapsed_min=1.6 gpu_alloc_gb=0.271 gpu_reserved_gb=1.559
[ssl_epoch=12/50] ssl_loss=0.092725 lr=0.00013612 base_val_bce=0.620774 base_best=Y base_cls_epoch=51 epoch_sec=11.0 elapsed_min=1.6 gpu_alloc_gb=0.271 gpu_reserved_gb=1.559
CHECKPOINT_BEST repeat=9 scope=internal_cv fold=0 phase=ssl epoch=13 path=/data/adodas/VarCoNet-V2-main/xiaolunwen/experiment2b/checkpoints/worker_r9_best.pt
[repeat=9 fold=0] [epoch=13/50] ssl_loss=0.086093 lr=0.00013507 base_val_bce=0.618949 base_best=Y base_cls_epoch=53 epoch_sec=9.5 task_elapsed_min=1.7 gpu_alloc_gb=0.271 gpu_reserved_gb=1.559
[ssl_epoch=13/50] ssl_loss=0.086093 lr=0.00013507 base_val_bce=0.618949 base_best=Y base_cls_epoch=53 epoch_sec=9.6 elapsed_min=1.7 gpu_alloc_gb=0.271 gpu_reserved_gb=1.559
[repeat=9 fold=0] [epoch=14/50] ssl_loss=0.071901 lr=0.00013361 base_val_bce=0.628158 base_best=N base_cls_epoch=52 epoch_sec=2.7 task_elapsed_min=1.9 gpu_alloc_gb=0.271 gpu_reserved_gb=1.559
[ssl_epoch=14/50] ssl_loss=0.071901 lr=0.00013361 base_val_bce=0.628158 base_best=N base_cls_epoch=52 epoch_sec=2.8 elapsed_min=1.9 gpu_alloc_gb=0.271 gpu_reserved_gb=1.559
[repeat=9 fold=0] [epoch=15/50] ssl_loss=0.068106 lr=0.00013175 base_val_bce=0.620323 base_best=N base_cls_epoch=49 epoch_sec=2.9 task_elapsed_min=1.9 gpu_alloc_gb=0.271 gpu_reserved_gb=1.559
[ssl_epoch=15/50] ssl_loss=0.068106 lr=0.00013175 base_val_bce=0.620323 base_best=N base_cls_epoch=49 epoch_sec=3.2 elapsed_min=1.9 gpu_alloc_gb=0.271 gpu_reserved_gb=1.559
CHECKPOINT_BEST repeat=9 scope=internal_cv fold=0 phase=ssl epoch=16 path=/data/adodas/VarCoNet-V2-main/xiaolunwen/experiment2b/checkpoints/worker_r9_best.pt
[repeat=9 fold=0] [epoch=16/50] ssl_loss=0.060107 lr=0.00012950 base_val_bce=0.615158 base_best=Y base_cls_epoch=50 epoch_sec=7.8 task_elapsed_min=2.0 gpu_alloc_gb=0.271 gpu_reserved_gb=1.559
[ssl_epoch=16/50] ssl_loss=0.060107 lr=0.00012950 base_val_bce=0.615158 base_best=Y base_cls_epoch=50 epoch_sec=7.8 elapsed_min=2.0 gpu_alloc_gb=0.271 gpu_reserved_gb=1.559
[repeat=9 fold=0] [epoch=17/50] ssl_loss=0.061910 lr=0.00012687 base_val_bce=0.626570 base_best=N base_cls_epoch=50 epoch_sec=3.8 task_elapsed_min=2.1 gpu_alloc_gb=0.271 gpu_reserved_gb=1.559
[ssl_epoch=17/50] ssl_loss=0.061910 lr=0.00012687 base_val_bce=0.626570 base_best=N base_cls_epoch=50 epoch_sec=4.0 elapsed_min=2.1 gpu_alloc_gb=0.271 gpu_reserved_gb=1.559
CHECKPOINT_BEST repeat=9 scope=internal_cv fold=0 phase=ssl epoch=18 path=/data/adodas/VarCoNet-V2-main/xiaolunwen/experiment2b/checkpoints/worker_r9_best.pt
[repeat=9 fold=0] [epoch=18/50] ssl_loss=0.063522 lr=0.00012388 base_val_bce=0.614330 base_best=Y base_cls_epoch=53 epoch_sec=8.3 task_elapsed_min=2.2 gpu_alloc_gb=0.271 gpu_reserved_gb=1.559
[ssl_epoch=18/50] ssl_loss=0.063522 lr=0.00012388 base_val_bce=0.614330 base_best=Y base_cls_epoch=53 epoch_sec=8.4 elapsed_min=2.2 gpu_alloc_gb=0.271 gpu_reserved_gb=1.559
[repeat=9 fold=0] [epoch=19/50] ssl_loss=0.056346 lr=0.00012055 base_val_bce=0.615609 base_best=N base_cls_epoch=53 epoch_sec=3.0 task_elapsed_min=2.3 gpu_alloc_gb=0.271 gpu_reserved_gb=1.559
[ssl_epoch=19/50] ssl_loss=0.056346 lr=0.00012055 base_val_bce=0.615609 base_best=N base_cls_epoch=53 epoch_sec=3.0 elapsed_min=2.3 gpu_alloc_gb=0.271 gpu_reserved_gb=1.559
CHECKPOINT_LATEST repeat=9 scope=internal_cv fold=0 phase=ssl epoch=20 path=/data/adodas/VarCoNet-V2-main/xiaolunwen/experiment2b/checkpoints/worker_r9_latest.pt
[repeat=9 fold=0] [epoch=20/50] ssl_loss=0.053919 lr=0.00011690 base_val_bce=0.615373 base_best=N base_cls_epoch=56 epoch_sec=14.1 task_elapsed_min=2.4 gpu_alloc_gb=0.271 gpu_reserved_gb=1.559
[ssl_epoch=20/50] ssl_loss=0.053919 lr=0.00011690 base_val_bce=0.615373 base_best=N base_cls_epoch=56 epoch_sec=14.2 elapsed_min=2.4 gpu_alloc_gb=0.271 gpu_reserved_gb=1.559
[repeat=9 fold=0] [epoch=21/50] ssl_loss=0.065733 lr=0.00011296 base_val_bce=0.618107 base_best=N base_cls_epoch=53 epoch_sec=4.5 task_elapsed_min=2.7 gpu_alloc_gb=0.271 gpu_reserved_gb=1.559
[ssl_epoch=21/50] ssl_loss=0.065733 lr=0.00011296 base_val_bce=0.618107 base_best=N base_cls_epoch=53 epoch_sec=4.6 elapsed_min=2.7 gpu_alloc_gb=0.271 gpu_reserved_gb=1.559
[repeat=9 fold=0] [epoch=22/50] ssl_loss=0.042990 lr=0.00010873 base_val_bce=0.620648 base_best=N base_cls_epoch=57 epoch_sec=3.0 task_elapsed_min=2.7 gpu_alloc_gb=0.271 gpu_reserved_gb=1.559
[ssl_epoch=22/50] ssl_loss=0.042990 lr=0.00010873 base_val_bce=0.620648 base_best=N base_cls_epoch=57 epoch_sec=4.5 elapsed_min=2.7 gpu_alloc_gb=0.271 gpu_reserved_gb=1.559
[repeat=9 fold=0] [epoch=23/50] ssl_loss=0.058563 lr=0.00010426 base_val_bce=0.615784 base_best=N base_cls_epoch=49 epoch_sec=2.9 task_elapsed_min=2.8 gpu_alloc_gb=0.271 gpu_reserved_gb=1.559
[ssl_epoch=23/50] ssl_loss=0.058563 lr=0.00010426 base_val_bce=0.615784 base_best=N base_cls_epoch=49 epoch_sec=3.9 elapsed_min=2.8 gpu_alloc_gb=0.271 gpu_reserved_gb=1.559
CHECKPOINT_BEST repeat=9 scope=internal_cv fold=0 phase=ssl epoch=24 path=/data/adodas/VarCoNet-V2-main/xiaolunwen/experiment2b/checkpoints/worker_r9_best.pt
[repeat=9 fold=0] [epoch=24/50] ssl_loss=0.060091 lr=0.00009957 base_val_bce=0.613702 base_best=Y base_cls_epoch=52 epoch_sec=11.3 task_elapsed_min=2.8 gpu_alloc_gb=0.271 gpu_reserved_gb=1.559
[ssl_epoch=24/50] ssl_loss=0.060091 lr=0.00009957 base_val_bce=0.613702 base_best=Y base_cls_epoch=52 epoch_sec=11.3 elapsed_min=2.8 gpu_alloc_gb=0.271 gpu_reserved_gb=1.559
[repeat=9 fold=0] [epoch=25/50] ssl_loss=0.071843 lr=0.00009469 base_val_bce=0.623935 base_best=N base_cls_epoch=52 epoch_sec=4.0 task_elapsed_min=3.1 gpu_alloc_gb=0.271 gpu_reserved_gb=1.559
[ssl_epoch=25/50] ssl_loss=0.071843 lr=0.00009469 base_val_bce=0.623935 base_best=N base_cls_epoch=52 epoch_sec=4.6 elapsed_min=3.1 gpu_alloc_gb=0.271 gpu_reserved_gb=1.559
[repeat=9 fold=0] [epoch=26/50] ssl_loss=0.050939 lr=0.00008964 base_val_bce=0.623416 base_best=N base_cls_epoch=53 epoch_sec=2.7 task_elapsed_min=3.1 gpu_alloc_gb=0.271 gpu_reserved_gb=1.559
[ssl_epoch=26/50] ssl_loss=0.050939 lr=0.00008964 base_val_bce=0.623416 base_best=N base_cls_epoch=53 epoch_sec=3.2 elapsed_min=3.1 gpu_alloc_gb=0.271 gpu_reserved_gb=1.559
[repeat=9 fold=0] [epoch=27/50] ssl_loss=0.058134 lr=0.00008447 base_val_bce=0.616785 base_best=N base_cls_epoch=50 epoch_sec=2.8 task_elapsed_min=3.2 gpu_alloc_gb=0.271 gpu_reserved_gb=1.559
[ssl_epoch=27/50] ssl_loss=0.058134 lr=0.00008447 base_val_bce=0.616785 base_best=N base_cls_epoch=50 epoch_sec=3.1 elapsed_min=3.2 gpu_alloc_gb=0.271 gpu_reserved_gb=1.559
[repeat=9 fold=0] [epoch=28/50] ssl_loss=0.042992 lr=0.00007919 base_val_bce=0.616434 base_best=N base_cls_epoch=51 epoch_sec=2.6 task_elapsed_min=3.2 gpu_alloc_gb=0.271 gpu_reserved_gb=1.559
[ssl_epoch=28/50] ssl_loss=0.042992 lr=0.00007919 base_val_bce=0.616434 base_best=N base_cls_epoch=51 epoch_sec=2.7 elapsed_min=3.2 gpu_alloc_gb=0.271 gpu_reserved_gb=1.559
CHECKPOINT_BEST repeat=9 scope=internal_cv fold=0 phase=ssl epoch=29 path=/data/adodas/VarCoNet-V2-main/xiaolunwen/experiment2b/checkpoints/worker_r9_best.pt
[repeat=9 fold=0] [epoch=29/50] ssl_loss=0.054678 lr=0.00007385 base_val_bce=0.613114 base_best=Y base_cls_epoch=52 epoch_sec=11.2 task_elapsed_min=3.3 gpu_alloc_gb=0.271 gpu_reserved_gb=1.559
[ssl_epoch=29/50] ssl_loss=0.054678 lr=0.00007385 base_val_bce=0.613114 base_best=Y base_cls_epoch=52 epoch_sec=11.2 elapsed_min=3.3 gpu_alloc_gb=0.271 gpu_reserved_gb=1.559
CHECKPOINT_LATEST repeat=9 scope=internal_cv fold=0 phase=ssl epoch=30 path=/data/adodas/VarCoNet-V2-main/xiaolunwen/experiment2b/checkpoints/worker_r9_latest.pt
[repeat=9 fold=0] [epoch=30/50] ssl_loss=0.045734 lr=0.00006848 base_val_bce=0.614747 base_best=N base_cls_epoch=51 epoch_sec=12.8 task_elapsed_min=3.5 gpu_alloc_gb=0.271 gpu_reserved_gb=1.559
[ssl_epoch=30/50] ssl_loss=0.045734 lr=0.00006848 base_val_bce=0.614747 base_best=N base_cls_epoch=51 epoch_sec=12.8 elapsed_min=3.5 gpu_alloc_gb=0.271 gpu_reserved_gb=1.559
[repeat=9 fold=0] [epoch=31/50] ssl_loss=0.058235 lr=0.00006311 base_val_bce=0.622925 base_best=N base_cls_epoch=52 epoch_sec=2.9 task_elapsed_min=3.7 gpu_alloc_gb=0.271 gpu_reserved_gb=1.559
[ssl_epoch=31/50] ssl_loss=0.058235 lr=0.00006311 base_val_bce=0.622925 base_best=N base_cls_epoch=52 epoch_sec=3.0 elapsed_min=3.7 gpu_alloc_gb=0.271 gpu_reserved_gb=1.559
[repeat=9 fold=0] [epoch=32/50] ssl_loss=0.042619 lr=0.00005777 base_val_bce=0.621124 base_best=N base_cls_epoch=48 epoch_sec=3.3 task_elapsed_min=3.8 gpu_alloc_gb=0.271 gpu_reserved_gb=1.559
[ssl_epoch=32/50] ssl_loss=0.042619 lr=0.00005777 base_val_bce=0.621124 base_best=N base_cls_epoch=48 epoch_sec=4.2 elapsed_min=3.8 gpu_alloc_gb=0.271 gpu_reserved_gb=1.559
[repeat=9 fold=0] [epoch=33/50] ssl_loss=0.053703 lr=0.00005249 base_val_bce=0.621729 base_best=N base_cls_epoch=51 epoch_sec=2.9 task_elapsed_min=3.8 gpu_alloc_gb=0.271 gpu_reserved_gb=1.559
[ssl_epoch=33/50] ssl_loss=0.053703 lr=0.00005249 base_val_bce=0.621729 base_best=N base_cls_epoch=51 epoch_sec=4.5 elapsed_min=3.8 gpu_alloc_gb=0.271 gpu_reserved_gb=1.559
[repeat=9 fold=0] [epoch=34/50] ssl_loss=0.048192 lr=0.00004732 base_val_bce=0.619037 base_best=N base_cls_epoch=49 epoch_sec=2.4 task_elapsed_min=3.9 gpu_alloc_gb=0.271 gpu_reserved_gb=1.559
[ssl_epoch=34/50] ssl_loss=0.048192 lr=0.00004732 base_val_bce=0.619037 base_best=N base_cls_epoch=49 epoch_sec=3.5 elapsed_min=3.9 gpu_alloc_gb=0.271 gpu_reserved_gb=1.559
[repeat=9 fold=0] [epoch=35/50] ssl_loss=0.043629 lr=0.00004227 base_val_bce=0.622214 base_best=N base_cls_epoch=53 epoch_sec=2.8 task_elapsed_min=3.9 gpu_alloc_gb=0.271 gpu_reserved_gb=1.559
[ssl_epoch=35/50] ssl_loss=0.043629 lr=0.00004227 base_val_bce=0.622214 base_best=N base_cls_epoch=53 epoch_sec=3.1 elapsed_min=3.9 gpu_alloc_gb=0.271 gpu_reserved_gb=1.559
[repeat=9 fold=0] [epoch=36/50] ssl_loss=0.060418 lr=0.00003739 base_val_bce=0.618855 base_best=N base_cls_epoch=48 epoch_sec=3.4 task_elapsed_min=4.0 gpu_alloc_gb=0.271 gpu_reserved_gb=1.559
[ssl_epoch=36/50] ssl_loss=0.060418 lr=0.00003739 base_val_bce=0.618855 base_best=N base_cls_epoch=48 epoch_sec=3.8 elapsed_min=4.0 gpu_alloc_gb=0.271 gpu_reserved_gb=1.559
[repeat=9 fold=0] [epoch=37/50] ssl_loss=0.045048 lr=0.00003270 base_val_bce=0.620634 base_best=N base_cls_epoch=49 epoch_sec=2.7 task_elapsed_min=4.1 gpu_alloc_gb=0.271 gpu_reserved_gb=1.559
[ssl_epoch=37/50] ssl_loss=0.045048 lr=0.00003270 base_val_bce=0.620634 base_best=N base_cls_epoch=49 epoch_sec=3.0 elapsed_min=4.1 gpu_alloc_gb=0.271 gpu_reserved_gb=1.559
[repeat=9 fold=0] [epoch=38/50] ssl_loss=0.049151 lr=0.00002823 base_val_bce=0.627429 base_best=N base_cls_epoch=52 epoch_sec=3.0 task_elapsed_min=4.1 gpu_alloc_gb=0.271 gpu_reserved_gb=1.559
[ssl_epoch=38/50] ssl_loss=0.049151 lr=0.00002823 base_val_bce=0.627429 base_best=N base_cls_epoch=52 epoch_sec=3.0 elapsed_min=4.1 gpu_alloc_gb=0.271 gpu_reserved_gb=1.559
[repeat=9 fold=0] [epoch=39/50] ssl_loss=0.045344 lr=0.00002401 base_val_bce=0.616214 base_best=N base_cls_epoch=45 epoch_sec=2.7 task_elapsed_min=4.2 gpu_alloc_gb=0.271 gpu_reserved_gb=1.559
[ssl_epoch=39/50] ssl_loss=0.045344 lr=0.00002401 base_val_bce=0.616214 base_best=N base_cls_epoch=45 epoch_sec=2.7 elapsed_min=4.2 gpu_alloc_gb=0.271 gpu_reserved_gb=1.559
CHECKPOINT_LATEST repeat=9 scope=internal_cv fold=0 phase=ssl epoch=40 path=/data/adodas/VarCoNet-V2-main/xiaolunwen/experiment2b/checkpoints/worker_r9_latest.pt
[repeat=9 fold=0] [epoch=40/50] ssl_loss=0.050385 lr=0.00002006 base_val_bce=0.624363 base_best=N base_cls_epoch=49 epoch_sec=12.2 task_elapsed_min=4.3 gpu_alloc_gb=0.271 gpu_reserved_gb=1.559
[ssl_epoch=40/50] ssl_loss=0.050385 lr=0.00002006 base_val_bce=0.624363 base_best=N base_cls_epoch=49 epoch_sec=12.6 elapsed_min=4.3 gpu_alloc_gb=0.271 gpu_reserved_gb=1.559
[repeat=9 fold=0] [epoch=41/50] ssl_loss=0.042957 lr=0.00001641 base_val_bce=0.628093 base_best=N base_cls_epoch=49 epoch_sec=2.1 task_elapsed_min=4.4 gpu_alloc_gb=0.271 gpu_reserved_gb=1.559
[ssl_epoch=41/50] ssl_loss=0.042957 lr=0.00001641 base_val_bce=0.628093 base_best=N base_cls_epoch=49 epoch_sec=2.1 elapsed_min=4.4 gpu_alloc_gb=0.271 gpu_reserved_gb=1.559
[repeat=9 fold=0] [epoch=42/50] ssl_loss=0.050450 lr=0.00001308 base_val_bce=0.619717 base_best=N base_cls_epoch=47 epoch_sec=4.6 task_elapsed_min=4.5 gpu_alloc_gb=0.271 gpu_reserved_gb=1.559
[ssl_epoch=42/50] ssl_loss=0.050450 lr=0.00001308 base_val_bce=0.619717 base_best=N base_cls_epoch=47 epoch_sec=4.8 elapsed_min=4.5 gpu_alloc_gb=0.271 gpu_reserved_gb=1.559
[repeat=9 fold=0] [epoch=43/50] ssl_loss=0.045213 lr=0.00001009 base_val_bce=0.616488 base_best=N base_cls_epoch=49 epoch_sec=4.9 task_elapsed_min=4.6 gpu_alloc_gb=0.271 gpu_reserved_gb=1.559
[ssl_epoch=43/50] ssl_loss=0.045213 lr=0.00001009 base_val_bce=0.616488 base_best=N base_cls_epoch=49 epoch_sec=5.7 elapsed_min=4.6 gpu_alloc_gb=0.271 gpu_reserved_gb=1.559
[repeat=9 fold=0] [epoch=44/50] ssl_loss=0.041331 lr=0.00000746 base_val_bce=0.622692 base_best=N base_cls_epoch=49 epoch_sec=2.7 task_elapsed_min=4.6 gpu_alloc_gb=0.271 gpu_reserved_gb=1.559
[ssl_epoch=44/50] ssl_loss=0.041331 lr=0.00000746 base_val_bce=0.622692 base_best=N base_cls_epoch=49 epoch_sec=3.0 elapsed_min=4.6 gpu_alloc_gb=0.271 gpu_reserved_gb=1.559
[repeat=9 fold=0] [epoch=45/50] ssl_loss=0.040356 lr=0.00000521 base_val_bce=0.624960 base_best=N base_cls_epoch=50 epoch_sec=2.7 task_elapsed_min=4.7 gpu_alloc_gb=0.271 gpu_reserved_gb=1.559
[ssl_epoch=45/50] ssl_loss=0.040356 lr=0.00000521 base_val_bce=0.624960 base_best=N base_cls_epoch=50 epoch_sec=2.7 elapsed_min=4.7 gpu_alloc_gb=0.271 gpu_reserved_gb=1.559
[repeat=9 fold=0] [epoch=46/50] ssl_loss=0.055486 lr=0.00000335 base_val_bce=0.619772 base_best=N base_cls_epoch=48 epoch_sec=2.7 task_elapsed_min=4.7 gpu_alloc_gb=0.271 gpu_reserved_gb=1.559
[ssl_epoch=46/50] ssl_loss=0.055486 lr=0.00000335 base_val_bce=0.619772 base_best=N base_cls_epoch=48 epoch_sec=3.8 elapsed_min=4.7 gpu_alloc_gb=0.271 gpu_reserved_gb=1.559
[repeat=9 fold=0] [epoch=47/50] ssl_loss=0.046333 lr=0.00000189 base_val_bce=0.620022 base_best=N base_cls_epoch=48 epoch_sec=2.3 task_elapsed_min=4.8 gpu_alloc_gb=0.271 gpu_reserved_gb=1.559
[ssl_epoch=47/50] ssl_loss=0.046333 lr=0.00000189 base_val_bce=0.620022 base_best=N base_cls_epoch=48 epoch_sec=2.4 elapsed_min=4.8 gpu_alloc_gb=0.271 gpu_reserved_gb=1.559
[repeat=9 fold=0] [epoch=48/50] ssl_loss=0.049109 lr=0.00000084 base_val_bce=0.624086 base_best=N base_cls_epoch=49 epoch_sec=2.6 task_elapsed_min=4.8 gpu_alloc_gb=0.271 gpu_reserved_gb=1.559
[ssl_epoch=48/50] ssl_loss=0.049109 lr=0.00000084 base_val_bce=0.624086 base_best=N base_cls_epoch=49 epoch_sec=2.8 elapsed_min=4.8 gpu_alloc_gb=0.271 gpu_reserved_gb=1.559
[repeat=9 fold=0] [epoch=49/50] ssl_loss=0.044995 lr=0.00000021 base_val_bce=0.623860 base_best=N base_cls_epoch=47 epoch_sec=1.9 task_elapsed_min=4.9 gpu_alloc_gb=0.271 gpu_reserved_gb=1.559
[ssl_epoch=49/50] ssl_loss=0.044995 lr=0.00000021 base_val_bce=0.623860 base_best=N base_cls_epoch=47 epoch_sec=2.1 elapsed_min=4.9 gpu_alloc_gb=0.271 gpu_reserved_gb=1.559
CHECKPOINT_LATEST repeat=9 scope=internal_cv fold=0 phase=ssl epoch=50 path=/data/adodas/VarCoNet-V2-main/xiaolunwen/experiment2b/checkpoints/worker_r9_latest.pt
[repeat=9 fold=0] [epoch=50/50] ssl_loss=0.034023 lr=0.00000000 base_val_bce=0.628074 base_best=N base_cls_epoch=48 epoch_sec=10.2 task_elapsed_min=4.9 gpu_alloc_gb=0.271 gpu_reserved_gb=1.559
[ssl_epoch=50/50] ssl_loss=0.034023 lr=0.00000000 base_val_bce=0.628074 base_best=N base_cls_epoch=48 epoch_sec=10.2 elapsed_min=4.9 gpu_alloc_gb=0.271 gpu_reserved_gb=1.559
RESIDUAL_EPOCH repeat=9 scope=internal_cv fold=0 epoch=0 val_bce=0.613114 best=Y dynamic_dim=73536
CHECKPOINT_LATEST repeat=9 scope=internal_cv fold=0 phase=residual epoch=10 path=/data/adodas/VarCoNet-V2-main/xiaolunwen/experiment2b/checkpoints/worker_r9_latest.pt
[residual_epoch=10/149] residual_loss=0.091293 val_bce=0.647796 best=N best_epoch=0 epoch_sec=5.4 task_elapsed_min=5.1
CHECKPOINT_LATEST repeat=9 scope=internal_cv fold=0 phase=residual epoch=20 path=/data/adodas/VarCoNet-V2-main/xiaolunwen/experiment2b/checkpoints/worker_r9_latest.pt
[residual_epoch=20/149] residual_loss=0.046967 val_bce=0.679514 best=N best_epoch=0 epoch_sec=6.5 task_elapsed_min=5.2
CHECKPOINT_LATEST repeat=9 scope=internal_cv fold=0 phase=residual epoch=30 path=/data/adodas/VarCoNet-V2-main/xiaolunwen/experiment2b/checkpoints/worker_r9_latest.pt
[residual_epoch=30/149] residual_loss=0.027891 val_bce=0.709581 best=N best_epoch=0 epoch_sec=4.8 task_elapsed_min=5.3
CHECKPOINT_LATEST repeat=9 scope=internal_cv fold=0 phase=residual epoch=40 path=/data/adodas/VarCoNet-V2-main/xiaolunwen/experiment2b/checkpoints/worker_r9_latest.pt
[residual_epoch=40/149] residual_loss=0.018866 val_bce=0.734285 best=N best_epoch=0 epoch_sec=7.8 task_elapsed_min=5.4
CHECKPOINT_LATEST repeat=9 scope=internal_cv fold=0 phase=residual epoch=50 path=/data/adodas/VarCoNet-V2-main/xiaolunwen/experiment2b/checkpoints/worker_r9_latest.pt
[residual_epoch=50/149] residual_loss=0.014058 val_bce=0.753487 best=N best_epoch=0 epoch_sec=6.3 task_elapsed_min=5.5
CHECKPOINT_LATEST repeat=9 scope=internal_cv fold=0 phase=residual epoch=60 path=/data/adodas/VarCoNet-V2-main/xiaolunwen/experiment2b/checkpoints/worker_r9_latest.pt
[residual_epoch=60/149] residual_loss=0.011172 val_bce=0.769899 best=N best_epoch=0 epoch_sec=4.6 task_elapsed_min=5.6
CHECKPOINT_LATEST repeat=9 scope=internal_cv fold=0 phase=residual epoch=70 path=/data/adodas/VarCoNet-V2-main/xiaolunwen/experiment2b/checkpoints/worker_r9_latest.pt
[residual_epoch=70/149] residual_loss=0.009256 val_bce=0.784067 best=N best_epoch=0 epoch_sec=5.9 task_elapsed_min=5.7
CHECKPOINT_LATEST repeat=9 scope=internal_cv fold=0 phase=residual epoch=80 path=/data/adodas/VarCoNet-V2-main/xiaolunwen/experiment2b/checkpoints/worker_r9_latest.pt
[residual_epoch=80/149] residual_loss=0.007881 val_bce=0.796304 best=N best_epoch=0 epoch_sec=10.6 task_elapsed_min=5.8
CHECKPOINT_LATEST repeat=9 scope=internal_cv fold=0 phase=residual epoch=90 path=/data/adodas/VarCoNet-V2-main/xiaolunwen/experiment2b/checkpoints/worker_r9_latest.pt
[residual_epoch=90/149] residual_loss=0.006840 val_bce=0.807744 best=N best_epoch=0 epoch_sec=8.6 task_elapsed_min=6.0
CHECKPOINT_LATEST repeat=9 scope=internal_cv fold=0 phase=residual epoch=100 path=/data/adodas/VarCoNet-V2-main/xiaolunwen/experiment2b/checkpoints/worker_r9_latest.pt
[residual_epoch=100/149] residual_loss=0.006019 val_bce=0.818143 best=N best_epoch=0 epoch_sec=6.4 task_elapsed_min=6.1
CHECKPOINT_LATEST repeat=9 scope=internal_cv fold=0 phase=residual epoch=110 path=/data/adodas/VarCoNet-V2-main/xiaolunwen/experiment2b/checkpoints/worker_r9_latest.pt
[residual_epoch=110/149] residual_loss=0.005355 val_bce=0.827760 best=N best_epoch=0 epoch_sec=8.9 task_elapsed_min=6.2
CHECKPOINT_LATEST repeat=9 scope=internal_cv fold=0 phase=residual epoch=120 path=/data/adodas/VarCoNet-V2-main/xiaolunwen/experiment2b/checkpoints/worker_r9_latest.pt
[residual_epoch=120/149] residual_loss=0.004806 val_bce=0.836863 best=N best_epoch=0 epoch_sec=5.7 task_elapsed_min=6.4
CHECKPOINT_LATEST repeat=9 scope=internal_cv fold=0 phase=residual epoch=130 path=/data/adodas/VarCoNet-V2-main/xiaolunwen/experiment2b/checkpoints/worker_r9_latest.pt
[residual_epoch=130/149] residual_loss=0.004345 val_bce=0.845403 best=N best_epoch=0 epoch_sec=5.3 task_elapsed_min=6.5
CHECKPOINT_LATEST repeat=9 scope=internal_cv fold=0 phase=residual epoch=140 path=/data/adodas/VarCoNet-V2-main/xiaolunwen/experiment2b/checkpoints/worker_r9_latest.pt
[residual_epoch=140/149] residual_loss=0.003954 val_bce=0.853555 best=N best_epoch=0 epoch_sec=9.4 task_elapsed_min=6.6
RESIDUAL_DONE repeat=9 scope=internal_cv fold=0 selected_encoder_epoch=29 selected_classifier_epoch=52 selected_residual_epoch=0 val_bce=0.613114
TASK_TRAINING_DONE repeat=9 scope=internal_cv fold=0 base_epoch=29 dyn_epoch=29 base_val_bce=0.613114 dyn_val_bce=0.613114
TASK_DONE repeat=9 scope=internal_fold fold=0 method=baseline selected_encoder_epoch=29 test_auc=0.673252 test_bce=0.644852 elapsed_min=6.7
TASK_DONE repeat=9 scope=internal_fold fold=0 method=pretransformer_edge_residual selected_encoder_epoch=29 test_auc=0.673252 test_bce=0.644852 elapsed_min=6.7
TASK_START repeat=9 scope=internal_cv fold=1 seed=100901 device=cuda:0 shared_encoder=Y
CHECKPOINT_BEST repeat=9 scope=internal_cv fold=1 phase=ssl epoch=1 path=/data/adodas/VarCoNet-V2-main/xiaolunwen/experiment2b/checkpoints/worker_r9_best.pt
[repeat=9 fold=1] [epoch=1/50] ssl_loss=0.508058 lr=0.00002411 base_val_bce=0.628112 base_best=Y base_cls_epoch=88 epoch_sec=12.8 task_elapsed_min=0.0 gpu_alloc_gb=0.272 gpu_reserved_gb=1.510
[ssl_epoch=1/50] ssl_loss=0.508058 lr=0.00002411 base_val_bce=0.628112 base_best=Y base_cls_epoch=88 epoch_sec=12.8 elapsed_min=0.0 gpu_alloc_gb=0.272 gpu_reserved_gb=1.510
CHECKPOINT_BEST repeat=9 scope=internal_cv fold=1 phase=ssl epoch=2 path=/data/adodas/VarCoNet-V2-main/xiaolunwen/experiment2b/checkpoints/worker_r9_best.pt
[repeat=9 fold=1] [epoch=2/50] ssl_loss=0.240906 lr=0.00003821 base_val_bce=0.624469 base_best=Y base_cls_epoch=72 epoch_sec=9.1 task_elapsed_min=0.3 gpu_alloc_gb=0.272 gpu_reserved_gb=1.510
[ssl_epoch=2/50] ssl_loss=0.240906 lr=0.00003821 base_val_bce=0.624469 base_best=Y base_cls_epoch=72 epoch_sec=9.1 elapsed_min=0.3 gpu_alloc_gb=0.272 gpu_reserved_gb=1.510
[repeat=9 fold=1] [epoch=3/50] ssl_loss=0.116341 lr=0.00005232 base_val_bce=0.627258 base_best=N base_cls_epoch=63 epoch_sec=2.0 task_elapsed_min=0.4 gpu_alloc_gb=0.272 gpu_reserved_gb=1.510
[ssl_epoch=3/50] ssl_loss=0.116341 lr=0.00005232 base_val_bce=0.627258 base_best=N base_cls_epoch=63 epoch_sec=2.1 elapsed_min=0.4 gpu_alloc_gb=0.272 gpu_reserved_gb=1.510
CHECKPOINT_BEST repeat=9 scope=internal_cv fold=1 phase=ssl epoch=4 path=/data/adodas/VarCoNet-V2-main/xiaolunwen/experiment2b/checkpoints/worker_r9_best.pt
[repeat=9 fold=1] [epoch=4/50] ssl_loss=0.093278 lr=0.00006643 base_val_bce=0.621154 base_best=Y base_cls_epoch=40 epoch_sec=10.0 task_elapsed_min=0.4 gpu_alloc_gb=0.272 gpu_reserved_gb=1.510
[ssl_epoch=4/50] ssl_loss=0.093278 lr=0.00006643 base_val_bce=0.621154 base_best=Y base_cls_epoch=40 epoch_sec=10.1 elapsed_min=0.4 gpu_alloc_gb=0.272 gpu_reserved_gb=1.510
[repeat=9 fold=1] [epoch=5/50] ssl_loss=0.091171 lr=0.00008053 base_val_bce=0.626187 base_best=N base_cls_epoch=51 epoch_sec=3.0 task_elapsed_min=0.6 gpu_alloc_gb=0.272 gpu_reserved_gb=1.510
[ssl_epoch=5/50] ssl_loss=0.091171 lr=0.00008053 base_val_bce=0.626187 base_best=N base_cls_epoch=51 epoch_sec=3.3 elapsed_min=0.6 gpu_alloc_gb=0.272 gpu_reserved_gb=1.510
CHECKPOINT_BEST repeat=9 scope=internal_cv fold=1 phase=ssl epoch=6 path=/data/adodas/VarCoNet-V2-main/xiaolunwen/experiment2b/checkpoints/worker_r9_best.pt
[repeat=9 fold=1] [epoch=6/50] ssl_loss=0.090151 lr=0.00009464 base_val_bce=0.617686 base_best=Y base_cls_epoch=59 epoch_sec=8.0 task_elapsed_min=0.7 gpu_alloc_gb=0.272 gpu_reserved_gb=1.510
[ssl_epoch=6/50] ssl_loss=0.090151 lr=0.00009464 base_val_bce=0.617686 base_best=Y base_cls_epoch=59 epoch_sec=8.1 elapsed_min=0.7 gpu_alloc_gb=0.272 gpu_reserved_gb=1.510
CHECKPOINT_BEST repeat=9 scope=internal_cv fold=1 phase=ssl epoch=7 path=/data/adodas/VarCoNet-V2-main/xiaolunwen/experiment2b/checkpoints/worker_r9_best.pt
[repeat=9 fold=1] [epoch=7/50] ssl_loss=0.078742 lr=0.00010875 base_val_bce=0.615483 base_best=Y base_cls_epoch=51 epoch_sec=9.2 task_elapsed_min=0.8 gpu_alloc_gb=0.272 gpu_reserved_gb=1.510
[ssl_epoch=7/50] ssl_loss=0.078742 lr=0.00010875 base_val_bce=0.615483 base_best=Y base_cls_epoch=51 epoch_sec=9.5 elapsed_min=0.8 gpu_alloc_gb=0.272 gpu_reserved_gb=1.510
[repeat=9 fold=1] [epoch=8/50] ssl_loss=0.075364 lr=0.00012285 base_val_bce=0.626521 base_best=N base_cls_epoch=51 epoch_sec=2.6 task_elapsed_min=1.0 gpu_alloc_gb=0.272 gpu_reserved_gb=1.510
[ssl_epoch=8/50] ssl_loss=0.075364 lr=0.00012285 base_val_bce=0.626521 base_best=N base_cls_epoch=51 epoch_sec=2.7 elapsed_min=1.0 gpu_alloc_gb=0.272 gpu_reserved_gb=1.510
[repeat=9 fold=1] [epoch=9/50] ssl_loss=0.073176 lr=0.00013696 base_val_bce=0.620776 base_best=N base_cls_epoch=45 epoch_sec=4.2 task_elapsed_min=1.1 gpu_alloc_gb=0.272 gpu_reserved_gb=1.510
[ssl_epoch=9/50] ssl_loss=0.073176 lr=0.00013696 base_val_bce=0.620776 base_best=N base_cls_epoch=45 epoch_sec=4.2 elapsed_min=1.1 gpu_alloc_gb=0.272 gpu_reserved_gb=1.510
CHECKPOINT_LATEST repeat=9 scope=internal_cv fold=1 phase=ssl epoch=10 path=/data/adodas/VarCoNet-V2-main/xiaolunwen/experiment2b/checkpoints/worker_r9_latest.pt
[repeat=9 fold=1] [epoch=10/50] ssl_loss=0.073448 lr=0.00013696 base_val_bce=0.624471 base_best=N base_cls_epoch=48 epoch_sec=19.1 task_elapsed_min=1.1 gpu_alloc_gb=0.272 gpu_reserved_gb=1.510
[ssl_epoch=10/50] ssl_loss=0.073448 lr=0.00013696 base_val_bce=0.624471 base_best=N base_cls_epoch=48 epoch_sec=19.1 elapsed_min=1.1 gpu_alloc_gb=0.272 gpu_reserved_gb=1.510
[repeat=9 fold=1] [epoch=11/50] ssl_loss=0.053414 lr=0.00013675 base_val_bce=0.622393 base_best=N base_cls_epoch=47 epoch_sec=3.8 task_elapsed_min=1.4 gpu_alloc_gb=0.272 gpu_reserved_gb=1.510
[ssl_epoch=11/50] ssl_loss=0.053414 lr=0.00013675 base_val_bce=0.622393 base_best=N base_cls_epoch=47 epoch_sec=3.8 elapsed_min=1.4 gpu_alloc_gb=0.272 gpu_reserved_gb=1.510
[repeat=9 fold=1] [epoch=12/50] ssl_loss=0.069347 lr=0.00013612 base_val_bce=0.619313 base_best=N base_cls_epoch=52 epoch_sec=5.3 task_elapsed_min=1.5 gpu_alloc_gb=0.272 gpu_reserved_gb=1.510
[ssl_epoch=12/50] ssl_loss=0.069347 lr=0.00013612 base_val_bce=0.619313 base_best=N base_cls_epoch=52 epoch_sec=5.5 elapsed_min=1.5 gpu_alloc_gb=0.272 gpu_reserved_gb=1.510
CHECKPOINT_BEST repeat=9 scope=internal_cv fold=1 phase=ssl epoch=13 path=/data/adodas/VarCoNet-V2-main/xiaolunwen/experiment2b/checkpoints/worker_r9_best.pt
[repeat=9 fold=1] [epoch=13/50] ssl_loss=0.060250 lr=0.00013507 base_val_bce=0.613116 base_best=Y base_cls_epoch=53 epoch_sec=14.1 task_elapsed_min=1.6 gpu_alloc_gb=0.272 gpu_reserved_gb=1.510
[ssl_epoch=13/50] ssl_loss=0.060250 lr=0.00013507 base_val_bce=0.613116 base_best=Y base_cls_epoch=53 epoch_sec=14.1 elapsed_min=1.6 gpu_alloc_gb=0.272 gpu_reserved_gb=1.510
[repeat=9 fold=1] [epoch=14/50] ssl_loss=0.049653 lr=0.00013361 base_val_bce=0.621150 base_best=N base_cls_epoch=51 epoch_sec=2.6 task_elapsed_min=1.8 gpu_alloc_gb=0.272 gpu_reserved_gb=1.510
[ssl_epoch=14/50] ssl_loss=0.049653 lr=0.00013361 base_val_bce=0.621150 base_best=N base_cls_epoch=51 epoch_sec=3.5 elapsed_min=1.8 gpu_alloc_gb=0.272 gpu_reserved_gb=1.510
CHECKPOINT_BEST repeat=9 scope=internal_cv fold=1 phase=ssl epoch=15 path=/data/adodas/VarCoNet-V2-main/xiaolunwen/experiment2b/checkpoints/worker_r9_best.pt
[repeat=9 fold=1] [epoch=15/50] ssl_loss=0.067308 lr=0.00013175 base_val_bce=0.609382 base_best=Y base_cls_epoch=55 epoch_sec=12.8 task_elapsed_min=1.9 gpu_alloc_gb=0.272 gpu_reserved_gb=1.510
[ssl_epoch=15/50] ssl_loss=0.067308 lr=0.00013175 base_val_bce=0.609382 base_best=Y base_cls_epoch=55 epoch_sec=12.8 elapsed_min=1.9 gpu_alloc_gb=0.272 gpu_reserved_gb=1.510
CHECKPOINT_BEST repeat=9 scope=internal_cv fold=1 phase=ssl epoch=16 path=/data/adodas/VarCoNet-V2-main/xiaolunwen/experiment2b/checkpoints/worker_r9_best.pt
[repeat=9 fold=1] [epoch=16/50] ssl_loss=0.067771 lr=0.00012950 base_val_bce=0.608054 base_best=Y base_cls_epoch=53 epoch_sec=10.9 task_elapsed_min=2.1 gpu_alloc_gb=0.272 gpu_reserved_gb=1.510
[ssl_epoch=16/50] ssl_loss=0.067771 lr=0.00012950 base_val_bce=0.608054 base_best=Y base_cls_epoch=53 epoch_sec=10.9 elapsed_min=2.1 gpu_alloc_gb=0.272 gpu_reserved_gb=1.510
[repeat=9 fold=1] [epoch=17/50] ssl_loss=0.049126 lr=0.00012687 base_val_bce=0.610166 base_best=N base_cls_epoch=54 epoch_sec=3.4 task_elapsed_min=2.3 gpu_alloc_gb=0.272 gpu_reserved_gb=1.510
[ssl_epoch=17/50] ssl_loss=0.049126 lr=0.00012687 base_val_bce=0.610166 base_best=N base_cls_epoch=54 epoch_sec=3.7 elapsed_min=2.3 gpu_alloc_gb=0.272 gpu_reserved_gb=1.510
CHECKPOINT_BEST repeat=9 scope=internal_cv fold=1 phase=ssl epoch=18 path=/data/adodas/VarCoNet-V2-main/xiaolunwen/experiment2b/checkpoints/worker_r9_best.pt
[repeat=9 fold=1] [epoch=18/50] ssl_loss=0.066250 lr=0.00012388 base_val_bce=0.603742 base_best=Y base_cls_epoch=57 epoch_sec=12.3 task_elapsed_min=2.3 gpu_alloc_gb=0.272 gpu_reserved_gb=1.510
[ssl_epoch=18/50] ssl_loss=0.066250 lr=0.00012388 base_val_bce=0.603742 base_best=Y base_cls_epoch=57 epoch_sec=12.6 elapsed_min=2.3 gpu_alloc_gb=0.272 gpu_reserved_gb=1.510
[repeat=9 fold=1] [epoch=19/50] ssl_loss=0.058667 lr=0.00012055 base_val_bce=0.607043 base_best=N base_cls_epoch=52 epoch_sec=3.1 task_elapsed_min=2.6 gpu_alloc_gb=0.272 gpu_reserved_gb=1.510
[ssl_epoch=19/50] ssl_loss=0.058667 lr=0.00012055 base_val_bce=0.607043 base_best=N base_cls_epoch=52 epoch_sec=3.2 elapsed_min=2.6 gpu_alloc_gb=0.272 gpu_reserved_gb=1.510
CHECKPOINT_LATEST repeat=9 scope=internal_cv fold=1 phase=ssl epoch=20 path=/data/adodas/VarCoNet-V2-main/xiaolunwen/experiment2b/checkpoints/worker_r9_latest.pt
[repeat=9 fold=1] [epoch=20/50] ssl_loss=0.053747 lr=0.00011690 base_val_bce=0.606942 base_best=N base_cls_epoch=58 epoch_sec=5.5 task_elapsed_min=2.6 gpu_alloc_gb=0.272 gpu_reserved_gb=1.510
[ssl_epoch=20/50] ssl_loss=0.053747 lr=0.00011690 base_val_bce=0.606942 base_best=N base_cls_epoch=58 epoch_sec=5.5 elapsed_min=2.6 gpu_alloc_gb=0.272 gpu_reserved_gb=1.510
[repeat=9 fold=1] [epoch=21/50] ssl_loss=0.065716 lr=0.00011296 base_val_bce=0.617215 base_best=N base_cls_epoch=52 epoch_sec=3.8 task_elapsed_min=2.7 gpu_alloc_gb=0.272 gpu_reserved_gb=1.510
[ssl_epoch=21/50] ssl_loss=0.065716 lr=0.00011296 base_val_bce=0.617215 base_best=N base_cls_epoch=52 epoch_sec=3.9 elapsed_min=2.7 gpu_alloc_gb=0.272 gpu_reserved_gb=1.510
[repeat=9 fold=1] [epoch=22/50] ssl_loss=0.060863 lr=0.00010873 base_val_bce=0.614120 base_best=N base_cls_epoch=58 epoch_sec=3.5 task_elapsed_min=2.8 gpu_alloc_gb=0.272 gpu_reserved_gb=1.510
[ssl_epoch=22/50] ssl_loss=0.060863 lr=0.00010873 base_val_bce=0.614120 base_best=N base_cls_epoch=58 epoch_sec=3.6 elapsed_min=2.8 gpu_alloc_gb=0.272 gpu_reserved_gb=1.510
[repeat=9 fold=1] [epoch=23/50] ssl_loss=0.059482 lr=0.00010426 base_val_bce=0.604179 base_best=N base_cls_epoch=61 epoch_sec=2.9 task_elapsed_min=2.8 gpu_alloc_gb=0.272 gpu_reserved_gb=1.510
[ssl_epoch=23/50] ssl_loss=0.059482 lr=0.00010426 base_val_bce=0.604179 base_best=N base_cls_epoch=61 epoch_sec=3.0 elapsed_min=2.8 gpu_alloc_gb=0.272 gpu_reserved_gb=1.510
[repeat=9 fold=1] [epoch=24/50] ssl_loss=0.047818 lr=0.00009957 base_val_bce=0.606760 base_best=N base_cls_epoch=54 epoch_sec=4.4 task_elapsed_min=2.9 gpu_alloc_gb=0.272 gpu_reserved_gb=1.510
[ssl_epoch=24/50] ssl_loss=0.047818 lr=0.00009957 base_val_bce=0.606760 base_best=N base_cls_epoch=54 epoch_sec=4.5 elapsed_min=2.9 gpu_alloc_gb=0.272 gpu_reserved_gb=1.510
CHECKPOINT_BEST repeat=9 scope=internal_cv fold=1 phase=ssl epoch=25 path=/data/adodas/VarCoNet-V2-main/xiaolunwen/experiment2b/checkpoints/worker_r9_best.pt
[repeat=9 fold=1] [epoch=25/50] ssl_loss=0.062063 lr=0.00009469 base_val_bce=0.598781 base_best=Y base_cls_epoch=55 epoch_sec=8.5 task_elapsed_min=3.0 gpu_alloc_gb=0.272 gpu_reserved_gb=1.510
[ssl_epoch=25/50] ssl_loss=0.062063 lr=0.00009469 base_val_bce=0.598781 base_best=Y base_cls_epoch=55 epoch_sec=8.5 elapsed_min=3.0 gpu_alloc_gb=0.272 gpu_reserved_gb=1.510
[repeat=9 fold=1] [epoch=26/50] ssl_loss=0.049993 lr=0.00008964 base_val_bce=0.616545 base_best=N base_cls_epoch=54 epoch_sec=3.6 task_elapsed_min=3.1 gpu_alloc_gb=0.272 gpu_reserved_gb=1.510
[ssl_epoch=26/50] ssl_loss=0.049993 lr=0.00008964 base_val_bce=0.616545 base_best=N base_cls_epoch=54 epoch_sec=3.7 elapsed_min=3.1 gpu_alloc_gb=0.272 gpu_reserved_gb=1.510
[repeat=9 fold=1] [epoch=27/50] ssl_loss=0.049064 lr=0.00008447 base_val_bce=0.605069 base_best=N base_cls_epoch=55 epoch_sec=3.0 task_elapsed_min=3.2 gpu_alloc_gb=0.272 gpu_reserved_gb=1.510
[ssl_epoch=27/50] ssl_loss=0.049064 lr=0.00008447 base_val_bce=0.605069 base_best=N base_cls_epoch=55 epoch_sec=3.2 elapsed_min=3.2 gpu_alloc_gb=0.272 gpu_reserved_gb=1.510
[repeat=9 fold=1] [epoch=28/50] ssl_loss=0.047111 lr=0.00007919 base_val_bce=0.609440 base_best=N base_cls_epoch=50 epoch_sec=2.6 task_elapsed_min=3.2 gpu_alloc_gb=0.272 gpu_reserved_gb=1.510
[ssl_epoch=28/50] ssl_loss=0.047111 lr=0.00007919 base_val_bce=0.609440 base_best=N base_cls_epoch=50 epoch_sec=2.7 elapsed_min=3.2 gpu_alloc_gb=0.272 gpu_reserved_gb=1.510
CHECKPOINT_BEST repeat=9 scope=internal_cv fold=1 phase=ssl epoch=29 path=/data/adodas/VarCoNet-V2-main/xiaolunwen/experiment2b/checkpoints/worker_r9_best.pt
[repeat=9 fold=1] [epoch=29/50] ssl_loss=0.045487 lr=0.00007385 base_val_bce=0.596971 base_best=Y base_cls_epoch=54 epoch_sec=4.8 task_elapsed_min=3.3 gpu_alloc_gb=0.272 gpu_reserved_gb=1.510
[ssl_epoch=29/50] ssl_loss=0.045487 lr=0.00007385 base_val_bce=0.596971 base_best=Y base_cls_epoch=54 epoch_sec=4.8 elapsed_min=3.3 gpu_alloc_gb=0.272 gpu_reserved_gb=1.510
CHECKPOINT_LATEST repeat=9 scope=internal_cv fold=1 phase=ssl epoch=30 path=/data/adodas/VarCoNet-V2-main/xiaolunwen/experiment2b/checkpoints/worker_r9_latest.pt
[repeat=9 fold=1] [epoch=30/50] ssl_loss=0.052834 lr=0.00006848 base_val_bce=0.605441 base_best=N base_cls_epoch=53 epoch_sec=8.3 task_elapsed_min=3.4 gpu_alloc_gb=0.272 gpu_reserved_gb=1.510
[ssl_epoch=30/50] ssl_loss=0.052834 lr=0.00006848 base_val_bce=0.605441 base_best=N base_cls_epoch=53 epoch_sec=8.3 elapsed_min=3.4 gpu_alloc_gb=0.272 gpu_reserved_gb=1.510
[repeat=9 fold=1] [epoch=31/50] ssl_loss=0.061928 lr=0.00006311 base_val_bce=0.604388 base_best=N base_cls_epoch=50 epoch_sec=3.6 task_elapsed_min=3.5 gpu_alloc_gb=0.272 gpu_reserved_gb=1.510
[ssl_epoch=31/50] ssl_loss=0.061928 lr=0.00006311 base_val_bce=0.604388 base_best=N base_cls_epoch=50 epoch_sec=3.8 elapsed_min=3.5 gpu_alloc_gb=0.272 gpu_reserved_gb=1.510
[repeat=9 fold=1] [epoch=32/50] ssl_loss=0.052588 lr=0.00005777 base_val_bce=0.608258 base_best=N base_cls_epoch=54 epoch_sec=2.6 task_elapsed_min=3.6 gpu_alloc_gb=0.272 gpu_reserved_gb=1.510
[ssl_epoch=32/50] ssl_loss=0.052588 lr=0.00005777 base_val_bce=0.608258 base_best=N base_cls_epoch=54 epoch_sec=3.1 elapsed_min=3.6 gpu_alloc_gb=0.272 gpu_reserved_gb=1.510
[repeat=9 fold=1] [epoch=33/50] ssl_loss=0.049073 lr=0.00005249 base_val_bce=0.603618 base_best=N base_cls_epoch=56 epoch_sec=2.8 task_elapsed_min=3.6 gpu_alloc_gb=0.272 gpu_reserved_gb=1.510
[ssl_epoch=33/50] ssl_loss=0.049073 lr=0.00005249 base_val_bce=0.603618 base_best=N base_cls_epoch=56 epoch_sec=3.3 elapsed_min=3.6 gpu_alloc_gb=0.272 gpu_reserved_gb=1.510
[repeat=9 fold=1] [epoch=34/50] ssl_loss=0.054305 lr=0.00004732 base_val_bce=0.609540 base_best=N base_cls_epoch=52 epoch_sec=2.5 task_elapsed_min=3.7 gpu_alloc_gb=0.272 gpu_reserved_gb=1.510
[ssl_epoch=34/50] ssl_loss=0.054305 lr=0.00004732 base_val_bce=0.609540 base_best=N base_cls_epoch=52 epoch_sec=2.9 elapsed_min=3.7 gpu_alloc_gb=0.272 gpu_reserved_gb=1.510
[repeat=9 fold=1] [epoch=35/50] ssl_loss=0.049318 lr=0.00004227 base_val_bce=0.615485 base_best=N base_cls_epoch=53 epoch_sec=3.2 task_elapsed_min=3.7 gpu_alloc_gb=0.272 gpu_reserved_gb=1.510
[ssl_epoch=35/50] ssl_loss=0.049318 lr=0.00004227 base_val_bce=0.615485 base_best=N base_cls_epoch=53 epoch_sec=3.2 elapsed_min=3.7 gpu_alloc_gb=0.272 gpu_reserved_gb=1.510
[repeat=9 fold=1] [epoch=36/50] ssl_loss=0.053888 lr=0.00003739 base_val_bce=0.613274 base_best=N base_cls_epoch=48 epoch_sec=3.2 task_elapsed_min=3.8 gpu_alloc_gb=0.272 gpu_reserved_gb=1.510
[ssl_epoch=36/50] ssl_loss=0.053888 lr=0.00003739 base_val_bce=0.613274 base_best=N base_cls_epoch=48 epoch_sec=3.2 elapsed_min=3.8 gpu_alloc_gb=0.272 gpu_reserved_gb=1.510
[repeat=9 fold=1] [epoch=37/50] ssl_loss=0.043444 lr=0.00003270 base_val_bce=0.602655 base_best=N base_cls_epoch=52 epoch_sec=2.7 task_elapsed_min=3.8 gpu_alloc_gb=0.272 gpu_reserved_gb=1.510
[ssl_epoch=37/50] ssl_loss=0.043444 lr=0.00003270 base_val_bce=0.602655 base_best=N base_cls_epoch=52 epoch_sec=2.9 elapsed_min=3.8 gpu_alloc_gb=0.272 gpu_reserved_gb=1.510
[repeat=9 fold=1] [epoch=38/50] ssl_loss=0.054115 lr=0.00002823 base_val_bce=0.605017 base_best=N base_cls_epoch=47 epoch_sec=3.3 task_elapsed_min=3.9 gpu_alloc_gb=0.272 gpu_reserved_gb=1.510
[ssl_epoch=38/50] ssl_loss=0.054115 lr=0.00002823 base_val_bce=0.605017 base_best=N base_cls_epoch=47 epoch_sec=3.3 elapsed_min=3.9 gpu_alloc_gb=0.272 gpu_reserved_gb=1.510
[repeat=9 fold=1] [epoch=39/50] ssl_loss=0.039967 lr=0.00002401 base_val_bce=0.614388 base_best=N base_cls_epoch=58 epoch_sec=3.0 task_elapsed_min=3.9 gpu_alloc_gb=0.272 gpu_reserved_gb=1.510
[ssl_epoch=39/50] ssl_loss=0.039967 lr=0.00002401 base_val_bce=0.614388 base_best=N base_cls_epoch=58 epoch_sec=3.2 elapsed_min=3.9 gpu_alloc_gb=0.272 gpu_reserved_gb=1.510
CHECKPOINT_LATEST repeat=9 scope=internal_cv fold=1 phase=ssl epoch=40 path=/data/adodas/VarCoNet-V2-main/xiaolunwen/experiment2b/checkpoints/worker_r9_latest.pt
[repeat=9 fold=1] [epoch=40/50] ssl_loss=0.043530 lr=0.00002006 base_val_bce=0.600700 base_best=N base_cls_epoch=62 epoch_sec=10.0 task_elapsed_min=4.0 gpu_alloc_gb=0.272 gpu_reserved_gb=1.510
[ssl_epoch=40/50] ssl_loss=0.043530 lr=0.00002006 base_val_bce=0.600700 base_best=N base_cls_epoch=62 epoch_sec=10.0 elapsed_min=4.0 gpu_alloc_gb=0.272 gpu_reserved_gb=1.510
[repeat=9 fold=1] [epoch=41/50] ssl_loss=0.044773 lr=0.00001641 base_val_bce=0.599162 base_best=N base_cls_epoch=56 epoch_sec=2.7 task_elapsed_min=4.1 gpu_alloc_gb=0.272 gpu_reserved_gb=1.510
[ssl_epoch=41/50] ssl_loss=0.044773 lr=0.00001641 base_val_bce=0.599162 base_best=N base_cls_epoch=56 epoch_sec=2.7 elapsed_min=4.1 gpu_alloc_gb=0.272 gpu_reserved_gb=1.510
[repeat=9 fold=1] [epoch=42/50] ssl_loss=0.046956 lr=0.00001308 base_val_bce=0.608775 base_best=N base_cls_epoch=51 epoch_sec=3.6 task_elapsed_min=4.2 gpu_alloc_gb=0.272 gpu_reserved_gb=1.510
[ssl_epoch=42/50] ssl_loss=0.046956 lr=0.00001308 base_val_bce=0.608775 base_best=N base_cls_epoch=51 epoch_sec=3.7 elapsed_min=4.2 gpu_alloc_gb=0.272 gpu_reserved_gb=1.510
[repeat=9 fold=1] [epoch=43/50] ssl_loss=0.052555 lr=0.00001009 base_val_bce=0.614255 base_best=N base_cls_epoch=50 epoch_sec=2.7 task_elapsed_min=4.3 gpu_alloc_gb=0.272 gpu_reserved_gb=1.510
[ssl_epoch=43/50] ssl_loss=0.052555 lr=0.00001009 base_val_bce=0.614255 base_best=N base_cls_epoch=50 epoch_sec=3.0 elapsed_min=4.3 gpu_alloc_gb=0.272 gpu_reserved_gb=1.510
[repeat=9 fold=1] [epoch=44/50] ssl_loss=0.050764 lr=0.00000746 base_val_bce=0.610201 base_best=N base_cls_epoch=56 epoch_sec=2.2 task_elapsed_min=4.3 gpu_alloc_gb=0.272 gpu_reserved_gb=1.510
[ssl_epoch=44/50] ssl_loss=0.050764 lr=0.00000746 base_val_bce=0.610201 base_best=N base_cls_epoch=56 epoch_sec=2.2 elapsed_min=4.3 gpu_alloc_gb=0.272 gpu_reserved_gb=1.510
CHECKPOINT_BEST repeat=9 scope=internal_cv fold=1 phase=ssl epoch=45 path=/data/adodas/VarCoNet-V2-main/xiaolunwen/experiment2b/checkpoints/worker_r9_best.pt
[repeat=9 fold=1] [epoch=45/50] ssl_loss=0.058888 lr=0.00000521 base_val_bce=0.595267 base_best=Y base_cls_epoch=58 epoch_sec=10.0 task_elapsed_min=4.3 gpu_alloc_gb=0.272 gpu_reserved_gb=1.510
[ssl_epoch=45/50] ssl_loss=0.058888 lr=0.00000521 base_val_bce=0.595267 base_best=Y base_cls_epoch=58 epoch_sec=10.1 elapsed_min=4.3 gpu_alloc_gb=0.272 gpu_reserved_gb=1.510
[repeat=9 fold=1] [epoch=46/50] ssl_loss=0.040588 lr=0.00000335 base_val_bce=0.602665 base_best=N base_cls_epoch=64 epoch_sec=2.2 task_elapsed_min=4.5 gpu_alloc_gb=0.272 gpu_reserved_gb=1.510
[ssl_epoch=46/50] ssl_loss=0.040588 lr=0.00000335 base_val_bce=0.602665 base_best=N base_cls_epoch=64 epoch_sec=2.2 elapsed_min=4.5 gpu_alloc_gb=0.272 gpu_reserved_gb=1.510
[repeat=9 fold=1] [epoch=47/50] ssl_loss=0.040750 lr=0.00000189 base_val_bce=0.604565 base_best=N base_cls_epoch=54 epoch_sec=1.8 task_elapsed_min=4.5 gpu_alloc_gb=0.272 gpu_reserved_gb=1.510
[ssl_epoch=47/50] ssl_loss=0.040750 lr=0.00000189 base_val_bce=0.604565 base_best=N base_cls_epoch=54 epoch_sec=2.0 elapsed_min=4.5 gpu_alloc_gb=0.272 gpu_reserved_gb=1.510
[repeat=9 fold=1] [epoch=48/50] ssl_loss=0.044928 lr=0.00000084 base_val_bce=0.608841 base_best=N base_cls_epoch=62 epoch_sec=2.3 task_elapsed_min=4.6 gpu_alloc_gb=0.272 gpu_reserved_gb=1.510
[ssl_epoch=48/50] ssl_loss=0.044928 lr=0.00000084 base_val_bce=0.608841 base_best=N base_cls_epoch=62 epoch_sec=2.5 elapsed_min=4.6 gpu_alloc_gb=0.272 gpu_reserved_gb=1.510
[repeat=9 fold=1] [epoch=49/50] ssl_loss=0.044022 lr=0.00000021 base_val_bce=0.600012 base_best=N base_cls_epoch=56 epoch_sec=2.6 task_elapsed_min=4.6 gpu_alloc_gb=0.272 gpu_reserved_gb=1.510
[ssl_epoch=49/50] ssl_loss=0.044022 lr=0.00000021 base_val_bce=0.600012 base_best=N base_cls_epoch=56 epoch_sec=2.8 elapsed_min=4.6 gpu_alloc_gb=0.272 gpu_reserved_gb=1.510
CHECKPOINT_LATEST repeat=9 scope=internal_cv fold=1 phase=ssl epoch=50 path=/data/adodas/VarCoNet-V2-main/xiaolunwen/experiment2b/checkpoints/worker_r9_latest.pt
[repeat=9 fold=1] [epoch=50/50] ssl_loss=0.048683 lr=0.00000000 base_val_bce=0.601394 base_best=N base_cls_epoch=58 epoch_sec=6.4 task_elapsed_min=4.7 gpu_alloc_gb=0.272 gpu_reserved_gb=1.510
[ssl_epoch=50/50] ssl_loss=0.048683 lr=0.00000000 base_val_bce=0.601394 base_best=N base_cls_epoch=58 epoch_sec=6.4 elapsed_min=4.7 gpu_alloc_gb=0.272 gpu_reserved_gb=1.510
RESIDUAL_EPOCH repeat=9 scope=internal_cv fold=1 epoch=0 val_bce=0.595267 best=Y dynamic_dim=73536
CHECKPOINT_LATEST repeat=9 scope=internal_cv fold=1 phase=residual epoch=10 path=/data/adodas/VarCoNet-V2-main/xiaolunwen/experiment2b/checkpoints/worker_r9_latest.pt
[residual_epoch=10/149] residual_loss=0.096172 val_bce=0.602430 best=N best_epoch=0 epoch_sec=3.3 task_elapsed_min=4.8
CHECKPOINT_LATEST repeat=9 scope=internal_cv fold=1 phase=residual epoch=20 path=/data/adodas/VarCoNet-V2-main/xiaolunwen/experiment2b/checkpoints/worker_r9_latest.pt
[residual_epoch=20/149] residual_loss=0.060875 val_bce=0.615334 best=N best_epoch=0 epoch_sec=3.2 task_elapsed_min=4.8
CHECKPOINT_LATEST repeat=9 scope=internal_cv fold=1 phase=residual epoch=30 path=/data/adodas/VarCoNet-V2-main/xiaolunwen/experiment2b/checkpoints/worker_r9_latest.pt
[residual_epoch=30/149] residual_loss=0.041400 val_bce=0.632462 best=N best_epoch=0 epoch_sec=2.0 task_elapsed_min=4.9
CHECKPOINT_LATEST repeat=9 scope=internal_cv fold=1 phase=residual epoch=40 path=/data/adodas/VarCoNet-V2-main/xiaolunwen/experiment2b/checkpoints/worker_r9_latest.pt
[residual_epoch=40/149] residual_loss=0.030024 val_bce=0.649287 best=N best_epoch=0 epoch_sec=0.8 task_elapsed_min=4.9
CHECKPOINT_LATEST repeat=9 scope=internal_cv fold=1 phase=residual epoch=50 path=/data/adodas/VarCoNet-V2-main/xiaolunwen/experiment2b/checkpoints/worker_r9_latest.pt
[residual_epoch=50/149] residual_loss=0.023052 val_bce=0.664251 best=N best_epoch=0 epoch_sec=0.6 task_elapsed_min=4.9
CHECKPOINT_LATEST repeat=9 scope=internal_cv fold=1 phase=residual epoch=60 path=/data/adodas/VarCoNet-V2-main/xiaolunwen/experiment2b/checkpoints/worker_r9_latest.pt
[residual_epoch=60/149] residual_loss=0.018505 val_bce=0.677752 best=N best_epoch=0 epoch_sec=0.8 task_elapsed_min=4.9
CHECKPOINT_LATEST repeat=9 scope=internal_cv fold=1 phase=residual epoch=70 path=/data/adodas/VarCoNet-V2-main/xiaolunwen/experiment2b/checkpoints/worker_r9_latest.pt
[residual_epoch=70/149] residual_loss=0.015348 val_bce=0.690696 best=N best_epoch=0 epoch_sec=1.0 task_elapsed_min=4.9
CHECKPOINT_LATEST repeat=9 scope=internal_cv fold=1 phase=residual epoch=80 path=/data/adodas/VarCoNet-V2-main/xiaolunwen/experiment2b/checkpoints/worker_r9_latest.pt
[residual_epoch=80/149] residual_loss=0.013044 val_bce=0.703017 best=N best_epoch=0 epoch_sec=2.0 task_elapsed_min=5.0
CHECKPOINT_LATEST repeat=9 scope=internal_cv fold=1 phase=residual epoch=90 path=/data/adodas/VarCoNet-V2-main/xiaolunwen/experiment2b/checkpoints/worker_r9_latest.pt
[residual_epoch=90/149] residual_loss=0.011288 val_bce=0.714025 best=N best_epoch=0 epoch_sec=4.8 task_elapsed_min=5.0
CHECKPOINT_LATEST repeat=9 scope=internal_cv fold=1 phase=residual epoch=100 path=/data/adodas/VarCoNet-V2-main/xiaolunwen/experiment2b/checkpoints/worker_r9_latest.pt
[residual_epoch=100/149] residual_loss=0.009906 val_bce=0.723961 best=N best_epoch=0 epoch_sec=4.3 task_elapsed_min=5.1
CHECKPOINT_LATEST repeat=9 scope=internal_cv fold=1 phase=residual epoch=110 path=/data/adodas/VarCoNet-V2-main/xiaolunwen/experiment2b/checkpoints/worker_r9_latest.pt
[residual_epoch=110/149] residual_loss=0.008792 val_bce=0.733555 best=N best_epoch=0 epoch_sec=1.4 task_elapsed_min=5.1
CHECKPOINT_LATEST repeat=9 scope=internal_cv fold=1 phase=residual epoch=120 path=/data/adodas/VarCoNet-V2-main/xiaolunwen/experiment2b/checkpoints/worker_r9_latest.pt
[residual_epoch=120/149] residual_loss=0.007874 val_bce=0.742691 best=N best_epoch=0 epoch_sec=2.3 task_elapsed_min=5.2
CHECKPOINT_LATEST repeat=9 scope=internal_cv fold=1 phase=residual epoch=130 path=/data/adodas/VarCoNet-V2-main/xiaolunwen/experiment2b/checkpoints/worker_r9_latest.pt
[residual_epoch=130/149] residual_loss=0.007107 val_bce=0.751232 best=N best_epoch=0 epoch_sec=3.6 task_elapsed_min=5.2
CHECKPOINT_LATEST repeat=9 scope=internal_cv fold=1 phase=residual epoch=140 path=/data/adodas/VarCoNet-V2-main/xiaolunwen/experiment2b/checkpoints/worker_r9_latest.pt
[residual_epoch=140/149] residual_loss=0.006457 val_bce=0.759448 best=N best_epoch=0 epoch_sec=4.7 task_elapsed_min=5.3
RESIDUAL_DONE repeat=9 scope=internal_cv fold=1 selected_encoder_epoch=45 selected_classifier_epoch=58 selected_residual_epoch=0 val_bce=0.595267
TASK_TRAINING_DONE repeat=9 scope=internal_cv fold=1 base_epoch=45 dyn_epoch=45 base_val_bce=0.595267 dyn_val_bce=0.595267
TASK_DONE repeat=9 scope=internal_fold fold=1 method=baseline selected_encoder_epoch=45 test_auc=0.767477 test_bce=0.571817 elapsed_min=5.4
TASK_DONE repeat=9 scope=internal_fold fold=1 method=pretransformer_edge_residual selected_encoder_epoch=45 test_auc=0.767477 test_bce=0.571817 elapsed_min=5.4
TASK_START repeat=9 scope=internal_cv fold=2 seed=100902 device=cuda:0 shared_encoder=Y
CHECKPOINT_BEST repeat=9 scope=internal_cv fold=2 phase=ssl epoch=1 path=/data/adodas/VarCoNet-V2-main/xiaolunwen/experiment2b/checkpoints/worker_r9_best.pt
[repeat=9 fold=2] [epoch=1/50] ssl_loss=0.131181 lr=0.00002411 base_val_bce=0.630707 base_best=Y base_cls_epoch=32 epoch_sec=5.1 task_elapsed_min=0.0 gpu_alloc_gb=0.272 gpu_reserved_gb=1.510
[ssl_epoch=1/50] ssl_loss=0.131181 lr=0.00002411 base_val_bce=0.630707 base_best=Y base_cls_epoch=32 epoch_sec=5.1 elapsed_min=0.0 gpu_alloc_gb=0.272 gpu_reserved_gb=1.510
CHECKPOINT_BEST repeat=9 scope=internal_cv fold=2 phase=ssl epoch=2 path=/data/adodas/VarCoNet-V2-main/xiaolunwen/experiment2b/checkpoints/worker_r9_best.pt
[repeat=9 fold=2] [epoch=2/50] ssl_loss=0.123834 lr=0.00003821 base_val_bce=0.621777 base_best=Y base_cls_epoch=33 epoch_sec=5.2 task_elapsed_min=0.1 gpu_alloc_gb=0.272 gpu_reserved_gb=1.510
[ssl_epoch=2/50] ssl_loss=0.123834 lr=0.00003821 base_val_bce=0.621777 base_best=Y base_cls_epoch=33 epoch_sec=5.2 elapsed_min=0.1 gpu_alloc_gb=0.272 gpu_reserved_gb=1.510
CHECKPOINT_BEST repeat=9 scope=internal_cv fold=2 phase=ssl epoch=3 path=/data/adodas/VarCoNet-V2-main/xiaolunwen/experiment2b/checkpoints/worker_r9_best.pt
[repeat=9 fold=2] [epoch=3/50] ssl_loss=0.109438 lr=0.00005232 base_val_bce=0.614642 base_best=Y base_cls_epoch=37 epoch_sec=7.3 task_elapsed_min=0.2 gpu_alloc_gb=0.272 gpu_reserved_gb=1.510
[ssl_epoch=3/50] ssl_loss=0.109438 lr=0.00005232 base_val_bce=0.614642 base_best=Y base_cls_epoch=37 epoch_sec=7.3 elapsed_min=0.2 gpu_alloc_gb=0.272 gpu_reserved_gb=1.510
CHECKPOINT_BEST repeat=9 scope=internal_cv fold=2 phase=ssl epoch=4 path=/data/adodas/VarCoNet-V2-main/xiaolunwen/experiment2b/checkpoints/worker_r9_best.pt
[repeat=9 fold=2] [epoch=4/50] ssl_loss=0.110819 lr=0.00006643 base_val_bce=0.609766 base_best=Y base_cls_epoch=37 epoch_sec=3.1 task_elapsed_min=0.3 gpu_alloc_gb=0.272 gpu_reserved_gb=1.510
[ssl_epoch=4/50] ssl_loss=0.110819 lr=0.00006643 base_val_bce=0.609766 base_best=Y base_cls_epoch=37 epoch_sec=3.1 elapsed_min=0.3 gpu_alloc_gb=0.272 gpu_reserved_gb=1.510
[repeat=9 fold=2] [epoch=5/50] ssl_loss=0.117440 lr=0.00008053 base_val_bce=0.617351 base_best=N base_cls_epoch=33 epoch_sec=3.9 task_elapsed_min=0.4 gpu_alloc_gb=0.272 gpu_reserved_gb=1.510
[ssl_epoch=5/50] ssl_loss=0.117440 lr=0.00008053 base_val_bce=0.617351 base_best=N base_cls_epoch=33 epoch_sec=3.9 elapsed_min=0.4 gpu_alloc_gb=0.272 gpu_reserved_gb=1.510
[repeat=9 fold=2] [epoch=6/50] ssl_loss=0.089403 lr=0.00009464 base_val_bce=0.613321 base_best=N base_cls_epoch=30 epoch_sec=4.7 task_elapsed_min=0.5 gpu_alloc_gb=0.272 gpu_reserved_gb=1.510
[ssl_epoch=6/50] ssl_loss=0.089403 lr=0.00009464 base_val_bce=0.613321 base_best=N base_cls_epoch=30 epoch_sec=4.7 elapsed_min=0.5 gpu_alloc_gb=0.272 gpu_reserved_gb=1.510
[repeat=9 fold=2] [epoch=7/50] ssl_loss=0.090626 lr=0.00010875 base_val_bce=0.612376 base_best=N base_cls_epoch=34 epoch_sec=3.4 task_elapsed_min=0.6 gpu_alloc_gb=0.272 gpu_reserved_gb=1.510
[ssl_epoch=7/50] ssl_loss=0.090626 lr=0.00010875 base_val_bce=0.612376 base_best=N base_cls_epoch=34 epoch_sec=4.2 elapsed_min=0.6 gpu_alloc_gb=0.272 gpu_reserved_gb=1.510
[repeat=9 fold=2] [epoch=8/50] ssl_loss=0.076996 lr=0.00012285 base_val_bce=0.616514 base_best=N base_cls_epoch=28 epoch_sec=4.0 task_elapsed_min=0.6 gpu_alloc_gb=0.272 gpu_reserved_gb=1.510
[ssl_epoch=8/50] ssl_loss=0.076996 lr=0.00012285 base_val_bce=0.616514 base_best=N base_cls_epoch=28 epoch_sec=5.0 elapsed_min=0.6 gpu_alloc_gb=0.272 gpu_reserved_gb=1.510
[repeat=9 fold=2] [epoch=9/50] ssl_loss=0.055986 lr=0.00013696 base_val_bce=0.617929 base_best=N base_cls_epoch=36 epoch_sec=3.8 task_elapsed_min=0.7 gpu_alloc_gb=0.272 gpu_reserved_gb=1.510
[ssl_epoch=9/50] ssl_loss=0.055986 lr=0.00013696 base_val_bce=0.617929 base_best=N base_cls_epoch=36 epoch_sec=3.8 elapsed_min=0.7 gpu_alloc_gb=0.272 gpu_reserved_gb=1.510
CHECKPOINT_BEST repeat=9 scope=internal_cv fold=2 phase=ssl epoch=10 path=/data/adodas/VarCoNet-V2-main/xiaolunwen/experiment2b/checkpoints/worker_r9_best.pt
CHECKPOINT_LATEST repeat=9 scope=internal_cv fold=2 phase=ssl epoch=10 path=/data/adodas/VarCoNet-V2-main/xiaolunwen/experiment2b/checkpoints/worker_r9_latest.pt
[repeat=9 fold=2] [epoch=10/50] ssl_loss=0.074119 lr=0.00013696 base_val_bce=0.598532 base_best=Y base_cls_epoch=35 epoch_sec=6.4 task_elapsed_min=0.8 gpu_alloc_gb=0.272 gpu_reserved_gb=1.510
[ssl_epoch=10/50] ssl_loss=0.074119 lr=0.00013696 base_val_bce=0.598532 base_best=Y base_cls_epoch=35 epoch_sec=6.4 elapsed_min=0.8 gpu_alloc_gb=0.272 gpu_reserved_gb=1.510
[repeat=9 fold=2] [epoch=11/50] ssl_loss=0.064139 lr=0.00013675 base_val_bce=0.608926 base_best=N base_cls_epoch=30 epoch_sec=3.2 task_elapsed_min=0.9 gpu_alloc_gb=0.272 gpu_reserved_gb=1.510
[ssl_epoch=11/50] ssl_loss=0.064139 lr=0.00013675 base_val_bce=0.608926 base_best=N base_cls_epoch=30 epoch_sec=3.6 elapsed_min=0.9 gpu_alloc_gb=0.272 gpu_reserved_gb=1.510
[repeat=9 fold=2] [epoch=12/50] ssl_loss=0.057036 lr=0.00013612 base_val_bce=0.602939 base_best=N base_cls_epoch=29 epoch_sec=2.6 task_elapsed_min=0.9 gpu_alloc_gb=0.272 gpu_reserved_gb=1.510
[ssl_epoch=12/50] ssl_loss=0.057036 lr=0.00013612 base_val_bce=0.602939 base_best=N base_cls_epoch=29 epoch_sec=2.8 elapsed_min=0.9 gpu_alloc_gb=0.272 gpu_reserved_gb=1.510
[repeat=9 fold=2] [epoch=13/50] ssl_loss=0.056479 lr=0.00013507 base_val_bce=0.602470 base_best=N base_cls_epoch=49 epoch_sec=3.7 task_elapsed_min=1.0 gpu_alloc_gb=0.272 gpu_reserved_gb=1.510
[ssl_epoch=13/50] ssl_loss=0.056479 lr=0.00013507 base_val_bce=0.602470 base_best=N base_cls_epoch=49 epoch_sec=3.9 elapsed_min=1.0 gpu_alloc_gb=0.272 gpu_reserved_gb=1.510
[repeat=9 fold=2] [epoch=14/50] ssl_loss=0.053664 lr=0.00013361 base_val_bce=0.600021 base_best=N base_cls_epoch=32 epoch_sec=3.9 task_elapsed_min=1.1 gpu_alloc_gb=0.272 gpu_reserved_gb=1.510
[ssl_epoch=14/50] ssl_loss=0.053664 lr=0.00013361 base_val_bce=0.600021 base_best=N base_cls_epoch=32 epoch_sec=3.9 elapsed_min=1.1 gpu_alloc_gb=0.272 gpu_reserved_gb=1.510
[repeat=9 fold=2] [epoch=15/50] ssl_loss=0.061650 lr=0.00013175 base_val_bce=0.599930 base_best=N base_cls_epoch=30 epoch_sec=2.8 task_elapsed_min=1.1 gpu_alloc_gb=0.272 gpu_reserved_gb=1.510
[ssl_epoch=15/50] ssl_loss=0.061650 lr=0.00013175 base_val_bce=0.599930 base_best=N base_cls_epoch=30 epoch_sec=2.9 elapsed_min=1.1 gpu_alloc_gb=0.272 gpu_reserved_gb=1.510
[repeat=9 fold=2] [epoch=16/50] ssl_loss=0.060603 lr=0.00012950 base_val_bce=0.612312 base_best=N base_cls_epoch=30 epoch_sec=3.5 task_elapsed_min=1.2 gpu_alloc_gb=0.272 gpu_reserved_gb=1.510
[ssl_epoch=16/50] ssl_loss=0.060603 lr=0.00012950 base_val_bce=0.612312 base_best=N base_cls_epoch=30 epoch_sec=4.0 elapsed_min=1.2 gpu_alloc_gb=0.272 gpu_reserved_gb=1.510
[repeat=9 fold=2] [epoch=17/50] ssl_loss=0.053533 lr=0.00012687 base_val_bce=0.606979 base_best=N base_cls_epoch=37 epoch_sec=3.0 task_elapsed_min=1.2 gpu_alloc_gb=0.272 gpu_reserved_gb=1.510
[ssl_epoch=17/50] ssl_loss=0.053533 lr=0.00012687 base_val_bce=0.606979 base_best=N base_cls_epoch=37 epoch_sec=3.2 elapsed_min=1.2 gpu_alloc_gb=0.272 gpu_reserved_gb=1.510
[repeat=9 fold=2] [epoch=18/50] ssl_loss=0.055765 lr=0.00012388 base_val_bce=0.611351 base_best=N base_cls_epoch=47 epoch_sec=3.3 task_elapsed_min=1.3 gpu_alloc_gb=0.272 gpu_reserved_gb=1.510
[ssl_epoch=18/50] ssl_loss=0.055765 lr=0.00012388 base_val_bce=0.611351 base_best=N base_cls_epoch=47 epoch_sec=3.6 elapsed_min=1.3 gpu_alloc_gb=0.272 gpu_reserved_gb=1.510
[repeat=9 fold=2] [epoch=19/50] ssl_loss=0.062689 lr=0.00012055 base_val_bce=0.600556 base_best=N base_cls_epoch=56 epoch_sec=3.7 task_elapsed_min=1.4 gpu_alloc_gb=0.272 gpu_reserved_gb=1.510
[ssl_epoch=19/50] ssl_loss=0.062689 lr=0.00012055 base_val_bce=0.600556 base_best=N base_cls_epoch=56 epoch_sec=4.1 elapsed_min=1.4 gpu_alloc_gb=0.272 gpu_reserved_gb=1.510
CHECKPOINT_LATEST repeat=9 scope=internal_cv fold=2 phase=ssl epoch=20 path=/data/adodas/VarCoNet-V2-main/xiaolunwen/experiment2b/checkpoints/worker_r9_latest.pt
[repeat=9 fold=2] [epoch=20/50] ssl_loss=0.051175 lr=0.00011690 base_val_bce=0.611571 base_best=N base_cls_epoch=28 epoch_sec=4.0 task_elapsed_min=1.4 gpu_alloc_gb=0.272 gpu_reserved_gb=1.510
[ssl_epoch=20/50] ssl_loss=0.051175 lr=0.00011690 base_val_bce=0.611571 base_best=N base_cls_epoch=28 epoch_sec=4.0 elapsed_min=1.4 gpu_alloc_gb=0.272 gpu_reserved_gb=1.510
[repeat=9 fold=2] [epoch=21/50] ssl_loss=0.045163 lr=0.00011296 base_val_bce=0.610164 base_best=N base_cls_epoch=31 epoch_sec=4.4 task_elapsed_min=1.5 gpu_alloc_gb=0.272 gpu_reserved_gb=1.510
[ssl_epoch=21/50] ssl_loss=0.045163 lr=0.00011296 base_val_bce=0.610164 base_best=N base_cls_epoch=31 epoch_sec=4.4 elapsed_min=1.5 gpu_alloc_gb=0.272 gpu_reserved_gb=1.510
CHECKPOINT_BEST repeat=9 scope=internal_cv fold=2 phase=ssl epoch=22 path=/data/adodas/VarCoNet-V2-main/xiaolunwen/experiment2b/checkpoints/worker_r9_best.pt
[repeat=9 fold=2] [epoch=22/50] ssl_loss=0.043815 lr=0.00010873 base_val_bce=0.593881 base_best=Y base_cls_epoch=36 epoch_sec=3.8 task_elapsed_min=1.6 gpu_alloc_gb=0.272 gpu_reserved_gb=1.510
[ssl_epoch=22/50] ssl_loss=0.043815 lr=0.00010873 base_val_bce=0.593881 base_best=Y base_cls_epoch=36 epoch_sec=3.8 elapsed_min=1.6 gpu_alloc_gb=0.272 gpu_reserved_gb=1.510
[repeat=9 fold=2] [epoch=23/50] ssl_loss=0.046036 lr=0.00010426 base_val_bce=0.600308 base_best=N base_cls_epoch=28 epoch_sec=3.1 task_elapsed_min=1.6 gpu_alloc_gb=0.272 gpu_reserved_gb=1.510
[ssl_epoch=23/50] ssl_loss=0.046036 lr=0.00010426 base_val_bce=0.600308 base_best=N base_cls_epoch=28 epoch_sec=3.3 elapsed_min=1.6 gpu_alloc_gb=0.272 gpu_reserved_gb=1.510
[repeat=9 fold=2] [epoch=24/50] ssl_loss=0.058674 lr=0.00009957 base_val_bce=0.599836 base_best=N base_cls_epoch=35 epoch_sec=2.2 task_elapsed_min=1.7 gpu_alloc_gb=0.272 gpu_reserved_gb=1.510
[ssl_epoch=24/50] ssl_loss=0.058674 lr=0.00009957 base_val_bce=0.599836 base_best=N base_cls_epoch=35 epoch_sec=3.7 elapsed_min=1.7 gpu_alloc_gb=0.272 gpu_reserved_gb=1.510
[repeat=9 fold=2] [epoch=25/50] ssl_loss=0.049296 lr=0.00009469 base_val_bce=0.601806 base_best=N base_cls_epoch=30 epoch_sec=2.1 task_elapsed_min=1.7 gpu_alloc_gb=0.272 gpu_reserved_gb=1.510
[ssl_epoch=25/50] ssl_loss=0.049296 lr=0.00009469 base_val_bce=0.601806 base_best=N base_cls_epoch=30 epoch_sec=2.1 elapsed_min=1.7 gpu_alloc_gb=0.272 gpu_reserved_gb=1.510
[repeat=9 fold=2] [epoch=26/50] ssl_loss=0.046305 lr=0.00008964 base_val_bce=0.610385 base_best=N base_cls_epoch=35 epoch_sec=3.0 task_elapsed_min=1.8 gpu_alloc_gb=0.272 gpu_reserved_gb=1.510
[ssl_epoch=26/50] ssl_loss=0.046305 lr=0.00008964 base_val_bce=0.610385 base_best=N base_cls_epoch=35 epoch_sec=3.8 elapsed_min=1.8 gpu_alloc_gb=0.272 gpu_reserved_gb=1.510
[repeat=9 fold=2] [epoch=27/50] ssl_loss=0.050081 lr=0.00008447 base_val_bce=0.599722 base_best=N base_cls_epoch=28 epoch_sec=3.4 task_elapsed_min=1.9 gpu_alloc_gb=0.272 gpu_reserved_gb=1.510
[ssl_epoch=27/50] ssl_loss=0.050081 lr=0.00008447 base_val_bce=0.599722 base_best=N base_cls_epoch=28 epoch_sec=3.5 elapsed_min=1.9 gpu_alloc_gb=0.272 gpu_reserved_gb=1.510
[repeat=9 fold=2] [epoch=28/50] ssl_loss=0.042237 lr=0.00007919 base_val_bce=0.618577 base_best=N base_cls_epoch=28 epoch_sec=3.0 task_elapsed_min=1.9 gpu_alloc_gb=0.272 gpu_reserved_gb=1.510
[ssl_epoch=28/50] ssl_loss=0.042237 lr=0.00007919 base_val_bce=0.618577 base_best=N base_cls_epoch=28 epoch_sec=3.2 elapsed_min=1.9 gpu_alloc_gb=0.272 gpu_reserved_gb=1.510
[repeat=9 fold=2] [epoch=29/50] ssl_loss=0.038905 lr=0.00007385 base_val_bce=0.604699 base_best=N base_cls_epoch=28 epoch_sec=3.1 task_elapsed_min=2.0 gpu_alloc_gb=0.272 gpu_reserved_gb=1.510
[ssl_epoch=29/50] ssl_loss=0.038905 lr=0.00007385 base_val_bce=0.604699 base_best=N base_cls_epoch=28 epoch_sec=3.3 elapsed_min=2.0 gpu_alloc_gb=0.272 gpu_reserved_gb=1.510
CHECKPOINT_LATEST repeat=9 scope=internal_cv fold=2 phase=ssl epoch=30 path=/data/adodas/VarCoNet-V2-main/xiaolunwen/experiment2b/checkpoints/worker_r9_latest.pt
[repeat=9 fold=2] [epoch=30/50] ssl_loss=0.033713 lr=0.00006848 base_val_bce=0.610386 base_best=N base_cls_epoch=32 epoch_sec=3.8 task_elapsed_min=2.0 gpu_alloc_gb=0.272 gpu_reserved_gb=1.510
[ssl_epoch=30/50] ssl_loss=0.033713 lr=0.00006848 base_val_bce=0.610386 base_best=N base_cls_epoch=32 epoch_sec=3.8 elapsed_min=2.0 gpu_alloc_gb=0.272 gpu_reserved_gb=1.510
[repeat=9 fold=2] [epoch=31/50] ssl_loss=0.050750 lr=0.00006311 base_val_bce=0.610632 base_best=N base_cls_epoch=34 epoch_sec=3.4 task_elapsed_min=2.1 gpu_alloc_gb=0.272 gpu_reserved_gb=1.510
[ssl_epoch=31/50] ssl_loss=0.050750 lr=0.00006311 base_val_bce=0.610632 base_best=N base_cls_epoch=34 epoch_sec=3.4 elapsed_min=2.1 gpu_alloc_gb=0.272 gpu_reserved_gb=1.510
[repeat=9 fold=2] [epoch=32/50] ssl_loss=0.044743 lr=0.00005777 base_val_bce=0.597695 base_best=N base_cls_epoch=29 epoch_sec=2.7 task_elapsed_min=2.1 gpu_alloc_gb=0.272 gpu_reserved_gb=1.510
[ssl_epoch=32/50] ssl_loss=0.044743 lr=0.00005777 base_val_bce=0.597695 base_best=N base_cls_epoch=29 epoch_sec=3.4 elapsed_min=2.1 gpu_alloc_gb=0.272 gpu_reserved_gb=1.510
[repeat=9 fold=2] [epoch=33/50] ssl_loss=0.042332 lr=0.00005249 base_val_bce=0.599114 base_best=N base_cls_epoch=38 epoch_sec=3.8 task_elapsed_min=2.2 gpu_alloc_gb=0.272 gpu_reserved_gb=1.510
[ssl_epoch=33/50] ssl_loss=0.042332 lr=0.00005249 base_val_bce=0.599114 base_best=N base_cls_epoch=38 epoch_sec=5.3 elapsed_min=2.2 gpu_alloc_gb=0.272 gpu_reserved_gb=1.510
[repeat=9 fold=2] [epoch=34/50] ssl_loss=0.039344 lr=0.00004732 base_val_bce=0.600537 base_best=N base_cls_epoch=33 epoch_sec=3.3 task_elapsed_min=2.3 gpu_alloc_gb=0.272 gpu_reserved_gb=1.510
[ssl_epoch=34/50] ssl_loss=0.039344 lr=0.00004732 base_val_bce=0.600537 base_best=N base_cls_epoch=33 epoch_sec=3.4 elapsed_min=2.3 gpu_alloc_gb=0.272 gpu_reserved_gb=1.510
[repeat=9 fold=2] [epoch=35/50] ssl_loss=0.043994 lr=0.00004227 base_val_bce=0.602045 base_best=N base_cls_epoch=25 epoch_sec=3.7 task_elapsed_min=2.3 gpu_alloc_gb=0.272 gpu_reserved_gb=1.510
[ssl_epoch=35/50] ssl_loss=0.043994 lr=0.00004227 base_val_bce=0.602045 base_best=N base_cls_epoch=25 epoch_sec=4.0 elapsed_min=2.3 gpu_alloc_gb=0.272 gpu_reserved_gb=1.510
[repeat=9 fold=2] [epoch=36/50] ssl_loss=0.049996 lr=0.00003739 base_val_bce=0.606744 base_best=N base_cls_epoch=28 epoch_sec=3.2 task_elapsed_min=2.4 gpu_alloc_gb=0.272 gpu_reserved_gb=1.510
[ssl_epoch=36/50] ssl_loss=0.049996 lr=0.00003739 base_val_bce=0.606744 base_best=N base_cls_epoch=28 epoch_sec=4.7 elapsed_min=2.4 gpu_alloc_gb=0.272 gpu_reserved_gb=1.510
[repeat=9 fold=2] [epoch=37/50] ssl_loss=0.045551 lr=0.00003270 base_val_bce=0.604019 base_best=N base_cls_epoch=31 epoch_sec=3.7 task_elapsed_min=2.5 gpu_alloc_gb=0.272 gpu_reserved_gb=1.510
[ssl_epoch=37/50] ssl_loss=0.045551 lr=0.00003270 base_val_bce=0.604019 base_best=N base_cls_epoch=31 epoch_sec=4.1 elapsed_min=2.5 gpu_alloc_gb=0.272 gpu_reserved_gb=1.510
[repeat=9 fold=2] [epoch=38/50] ssl_loss=0.033717 lr=0.00002823 base_val_bce=0.601840 base_best=N base_cls_epoch=39 epoch_sec=3.8 task_elapsed_min=2.6 gpu_alloc_gb=0.272 gpu_reserved_gb=1.510
[ssl_epoch=38/50] ssl_loss=0.033717 lr=0.00002823 base_val_bce=0.601840 base_best=N base_cls_epoch=39 epoch_sec=3.8 elapsed_min=2.6 gpu_alloc_gb=0.272 gpu_reserved_gb=1.510
[repeat=9 fold=2] [epoch=39/50] ssl_loss=0.035735 lr=0.00002401 base_val_bce=0.600492 base_best=N base_cls_epoch=30 epoch_sec=4.2 task_elapsed_min=2.6 gpu_alloc_gb=0.272 gpu_reserved_gb=1.510
[ssl_epoch=39/50] ssl_loss=0.035735 lr=0.00002401 base_val_bce=0.600492 base_best=N base_cls_epoch=30 epoch_sec=4.3 elapsed_min=2.6 gpu_alloc_gb=0.272 gpu_reserved_gb=1.510
CHECKPOINT_LATEST repeat=9 scope=internal_cv fold=2 phase=ssl epoch=40 path=/data/adodas/VarCoNet-V2-main/xiaolunwen/experiment2b/checkpoints/worker_r9_latest.pt
[repeat=9 fold=2] [epoch=40/50] ssl_loss=0.043327 lr=0.00002006 base_val_bce=0.604408 base_best=N base_cls_epoch=29 epoch_sec=10.6 task_elapsed_min=2.7 gpu_alloc_gb=0.272 gpu_reserved_gb=1.510
[ssl_epoch=40/50] ssl_loss=0.043327 lr=0.00002006 base_val_bce=0.604408 base_best=N base_cls_epoch=29 epoch_sec=10.7 elapsed_min=2.7 gpu_alloc_gb=0.272 gpu_reserved_gb=1.510
[repeat=9 fold=2] [epoch=41/50] ssl_loss=0.046903 lr=0.00001641 base_val_bce=0.598374 base_best=N base_cls_epoch=47 epoch_sec=3.9 task_elapsed_min=2.9 gpu_alloc_gb=0.272 gpu_reserved_gb=1.510
[ssl_epoch=41/50] ssl_loss=0.046903 lr=0.00001641 base_val_bce=0.598374 base_best=N base_cls_epoch=47 epoch_sec=4.3 elapsed_min=2.9 gpu_alloc_gb=0.272 gpu_reserved_gb=1.510
[repeat=9 fold=2] [epoch=42/50] ssl_loss=0.039062 lr=0.00001308 base_val_bce=0.602206 base_best=N base_cls_epoch=36 epoch_sec=3.8 task_elapsed_min=2.9 gpu_alloc_gb=0.272 gpu_reserved_gb=1.510
[ssl_epoch=42/50] ssl_loss=0.039062 lr=0.00001308 base_val_bce=0.602206 base_best=N base_cls_epoch=36 epoch_sec=3.8 elapsed_min=2.9 gpu_alloc_gb=0.272 gpu_reserved_gb=1.510
[repeat=9 fold=2] [epoch=43/50] ssl_loss=0.048424 lr=0.00001009 base_val_bce=0.603715 base_best=N base_cls_epoch=28 epoch_sec=4.7 task_elapsed_min=3.0 gpu_alloc_gb=0.272 gpu_reserved_gb=1.510
[ssl_epoch=43/50] ssl_loss=0.048424 lr=0.00001009 base_val_bce=0.603715 base_best=N base_cls_epoch=28 epoch_sec=4.7 elapsed_min=3.0 gpu_alloc_gb=0.272 gpu_reserved_gb=1.510
[repeat=9 fold=2] [epoch=44/50] ssl_loss=0.038479 lr=0.00000746 base_val_bce=0.610796 base_best=N base_cls_epoch=39 epoch_sec=3.5 task_elapsed_min=3.1 gpu_alloc_gb=0.272 gpu_reserved_gb=1.510
[ssl_epoch=44/50] ssl_loss=0.038479 lr=0.00000746 base_val_bce=0.610796 base_best=N base_cls_epoch=39 epoch_sec=3.9 elapsed_min=3.1 gpu_alloc_gb=0.272 gpu_reserved_gb=1.510
[repeat=9 fold=2] [epoch=45/50] ssl_loss=0.038799 lr=0.00000521 base_val_bce=0.605644 base_best=N base_cls_epoch=28 epoch_sec=4.2 task_elapsed_min=3.2 gpu_alloc_gb=0.272 gpu_reserved_gb=1.510
[ssl_epoch=45/50] ssl_loss=0.038799 lr=0.00000521 base_val_bce=0.605644 base_best=N base_cls_epoch=28 epoch_sec=4.4 elapsed_min=3.2 gpu_alloc_gb=0.272 gpu_reserved_gb=1.510
[repeat=9 fold=2] [epoch=46/50] ssl_loss=0.047493 lr=0.00000335 base_val_bce=0.600617 base_best=N base_cls_epoch=30 epoch_sec=4.0 task_elapsed_min=3.2 gpu_alloc_gb=0.272 gpu_reserved_gb=1.510
[ssl_epoch=46/50] ssl_loss=0.047493 lr=0.00000335 base_val_bce=0.600617 base_best=N base_cls_epoch=30 epoch_sec=4.8 elapsed_min=3.2 gpu_alloc_gb=0.272 gpu_reserved_gb=1.510
[repeat=9 fold=2] [epoch=47/50] ssl_loss=0.043165 lr=0.00000189 base_val_bce=0.604038 base_best=N base_cls_epoch=30 epoch_sec=2.5 task_elapsed_min=3.3 gpu_alloc_gb=0.272 gpu_reserved_gb=1.510
[ssl_epoch=47/50] ssl_loss=0.043165 lr=0.00000189 base_val_bce=0.604038 base_best=N base_cls_epoch=30 epoch_sec=2.6 elapsed_min=3.3 gpu_alloc_gb=0.272 gpu_reserved_gb=1.510
[repeat=9 fold=2] [epoch=48/50] ssl_loss=0.046619 lr=0.00000084 base_val_bce=0.595743 base_best=N base_cls_epoch=29 epoch_sec=3.1 task_elapsed_min=3.4 gpu_alloc_gb=0.272 gpu_reserved_gb=1.510
[ssl_epoch=48/50] ssl_loss=0.046619 lr=0.00000084 base_val_bce=0.595743 base_best=N base_cls_epoch=29 epoch_sec=4.3 elapsed_min=3.4 gpu_alloc_gb=0.272 gpu_reserved_gb=1.510
[repeat=9 fold=2] [epoch=49/50] ssl_loss=0.036805 lr=0.00000021 base_val_bce=0.602793 base_best=N base_cls_epoch=37 epoch_sec=3.7 task_elapsed_min=3.4 gpu_alloc_gb=0.272 gpu_reserved_gb=1.510
[ssl_epoch=49/50] ssl_loss=0.036805 lr=0.00000021 base_val_bce=0.602793 base_best=N base_cls_epoch=37 epoch_sec=3.8 elapsed_min=3.4 gpu_alloc_gb=0.272 gpu_reserved_gb=1.510
CHECKPOINT_LATEST repeat=9 scope=internal_cv fold=2 phase=ssl epoch=50 path=/data/adodas/VarCoNet-V2-main/xiaolunwen/experiment2b/checkpoints/worker_r9_latest.pt
[repeat=9 fold=2] [epoch=50/50] ssl_loss=0.042923 lr=0.00000000 base_val_bce=0.601766 base_best=N base_cls_epoch=29 epoch_sec=9.9 task_elapsed_min=3.5 gpu_alloc_gb=0.272 gpu_reserved_gb=1.510
[ssl_epoch=50/50] ssl_loss=0.042923 lr=0.00000000 base_val_bce=0.601766 base_best=N base_cls_epoch=29 epoch_sec=9.9 elapsed_min=3.5 gpu_alloc_gb=0.272 gpu_reserved_gb=1.510
RESIDUAL_EPOCH repeat=9 scope=internal_cv fold=2 epoch=0 val_bce=0.593881 best=Y dynamic_dim=73536
CHECKPOINT_BEST repeat=9 scope=internal_cv fold=2 phase=residual epoch=1 path=/data/adodas/VarCoNet-V2-main/xiaolunwen/experiment2b/checkpoints/worker_r9_best.pt
[residual_epoch=1/149] residual_loss=0.252178 val_bce=0.593305 best=Y best_epoch=1 epoch_sec=2.0 task_elapsed_min=3.6
CHECKPOINT_LATEST repeat=9 scope=internal_cv fold=2 phase=residual epoch=10 path=/data/adodas/VarCoNet-V2-main/xiaolunwen/experiment2b/checkpoints/worker_r9_latest.pt
[residual_epoch=10/149] residual_loss=0.120653 val_bce=0.611484 best=N best_epoch=1 epoch_sec=4.8 task_elapsed_min=3.7
CHECKPOINT_LATEST repeat=9 scope=internal_cv fold=2 phase=residual epoch=20 path=/data/adodas/VarCoNet-V2-main/xiaolunwen/experiment2b/checkpoints/worker_r9_latest.pt
[residual_epoch=20/149] residual_loss=0.059534 val_bce=0.630372 best=N best_epoch=1 epoch_sec=6.0 task_elapsed_min=3.8
CHECKPOINT_LATEST repeat=9 scope=internal_cv fold=2 phase=residual epoch=30 path=/data/adodas/VarCoNet-V2-main/xiaolunwen/experiment2b/checkpoints/worker_r9_latest.pt
[residual_epoch=30/149] residual_loss=0.034296 val_bce=0.650742 best=N best_epoch=1 epoch_sec=9.5 task_elapsed_min=3.9
CHECKPOINT_LATEST repeat=9 scope=internal_cv fold=2 phase=residual epoch=40 path=/data/adodas/VarCoNet-V2-main/xiaolunwen/experiment2b/checkpoints/worker_r9_latest.pt
[residual_epoch=40/149] residual_loss=0.022830 val_bce=0.668270 best=N best_epoch=1 epoch_sec=9.1 task_elapsed_min=4.0
CHECKPOINT_LATEST repeat=9 scope=internal_cv fold=2 phase=residual epoch=50 path=/data/adodas/VarCoNet-V2-main/xiaolunwen/experiment2b/checkpoints/worker_r9_latest.pt
[residual_epoch=50/149] residual_loss=0.016889 val_bce=0.682559 best=N best_epoch=1 epoch_sec=4.2 task_elapsed_min=4.2
CHECKPOINT_LATEST repeat=9 scope=internal_cv fold=2 phase=residual epoch=60 path=/data/adodas/VarCoNet-V2-main/xiaolunwen/experiment2b/checkpoints/worker_r9_latest.pt
[residual_epoch=60/149] residual_loss=0.013385 val_bce=0.694601 best=N best_epoch=1 epoch_sec=13.4 task_elapsed_min=4.2
CHECKPOINT_LATEST repeat=9 scope=internal_cv fold=2 phase=residual epoch=70 path=/data/adodas/VarCoNet-V2-main/xiaolunwen/experiment2b/checkpoints/worker_r9_latest.pt
[residual_epoch=70/149] residual_loss=0.011081 val_bce=0.705061 best=N best_epoch=1 epoch_sec=5.9 task_elapsed_min=4.5
CHECKPOINT_LATEST repeat=9 scope=internal_cv fold=2 phase=residual epoch=80 path=/data/adodas/VarCoNet-V2-main/xiaolunwen/experiment2b/checkpoints/worker_r9_latest.pt
[residual_epoch=80/149] residual_loss=0.009435 val_bce=0.714374 best=N best_epoch=1 epoch_sec=8.5 task_elapsed_min=4.6
CHECKPOINT_LATEST repeat=9 scope=internal_cv fold=2 phase=residual epoch=90 path=/data/adodas/VarCoNet-V2-main/xiaolunwen/experiment2b/checkpoints/worker_r9_latest.pt
[residual_epoch=90/149] residual_loss=0.008189 val_bce=0.722873 best=N best_epoch=1 epoch_sec=10.9 task_elapsed_min=4.7
CHECKPOINT_LATEST repeat=9 scope=internal_cv fold=2 phase=residual epoch=100 path=/data/adodas/VarCoNet-V2-main/xiaolunwen/experiment2b/checkpoints/worker_r9_latest.pt
[residual_epoch=100/149] residual_loss=0.007208 val_bce=0.730763 best=N best_epoch=1 epoch_sec=3.8 task_elapsed_min=4.9
CHECKPOINT_LATEST repeat=9 scope=internal_cv fold=2 phase=residual epoch=110 path=/data/adodas/VarCoNet-V2-main/xiaolunwen/experiment2b/checkpoints/worker_r9_latest.pt
[residual_epoch=110/149] residual_loss=0.006414 val_bce=0.738165 best=N best_epoch=1 epoch_sec=12.7 task_elapsed_min=5.0
CHECKPOINT_LATEST repeat=9 scope=internal_cv fold=2 phase=residual epoch=120 path=/data/adodas/VarCoNet-V2-main/xiaolunwen/experiment2b/checkpoints/worker_r9_latest.pt
[residual_epoch=120/149] residual_loss=0.005757 val_bce=0.745151 best=N best_epoch=1 epoch_sec=11.6 task_elapsed_min=5.2
CHECKPOINT_LATEST repeat=9 scope=internal_cv fold=2 phase=residual epoch=130 path=/data/adodas/VarCoNet-V2-main/xiaolunwen/experiment2b/checkpoints/worker_r9_latest.pt
[residual_epoch=130/149] residual_loss=0.005206 val_bce=0.751771 best=N best_epoch=1 epoch_sec=9.2 task_elapsed_min=5.4
CHECKPOINT_LATEST repeat=9 scope=internal_cv fold=2 phase=residual epoch=140 path=/data/adodas/VarCoNet-V2-main/xiaolunwen/experiment2b/checkpoints/worker_r9_latest.pt
[residual_epoch=140/149] residual_loss=0.004737 val_bce=0.758066 best=N best_epoch=1 epoch_sec=9.3 task_elapsed_min=5.5
RESIDUAL_DONE repeat=9 scope=internal_cv fold=2 selected_encoder_epoch=22 selected_classifier_epoch=36 selected_residual_epoch=1 val_bce=0.593305
TASK_TRAINING_DONE repeat=9 scope=internal_cv fold=2 base_epoch=22 dyn_epoch=22 base_val_bce=0.593881 dyn_val_bce=0.593305
TASK_DONE repeat=9 scope=internal_fold fold=2 method=baseline selected_encoder_epoch=22 test_auc=0.706522 test_bce=0.609933 elapsed_min=5.7
TASK_DONE repeat=9 scope=internal_fold fold=2 method=pretransformer_edge_residual selected_encoder_epoch=22 test_auc=0.706522 test_bce=0.612566 elapsed_min=5.7
TASK_START repeat=9 scope=internal_cv fold=3 seed=100903 device=cuda:0 shared_encoder=Y
CHECKPOINT_BEST repeat=9 scope=internal_cv fold=3 phase=ssl epoch=1 path=/data/adodas/VarCoNet-V2-main/xiaolunwen/experiment2b/checkpoints/worker_r9_best.pt
[repeat=9 fold=3] [epoch=1/50] ssl_loss=0.105642 lr=0.00002411 base_val_bce=0.656981 base_best=Y base_cls_epoch=46 epoch_sec=13.8 task_elapsed_min=0.0 gpu_alloc_gb=0.272 gpu_reserved_gb=1.510
[ssl_epoch=1/50] ssl_loss=0.105642 lr=0.00002411 base_val_bce=0.656981 base_best=Y base_cls_epoch=46 epoch_sec=14.1 elapsed_min=0.0 gpu_alloc_gb=0.272 gpu_reserved_gb=1.510
[repeat=9 fold=3] [epoch=2/50] ssl_loss=0.101644 lr=0.00003821 base_val_bce=0.668630 base_best=N base_cls_epoch=47 epoch_sec=3.2 task_elapsed_min=0.3 gpu_alloc_gb=0.272 gpu_reserved_gb=1.510
[ssl_epoch=2/50] ssl_loss=0.101644 lr=0.00003821 base_val_bce=0.668630 base_best=N base_cls_epoch=47 epoch_sec=4.2 elapsed_min=0.3 gpu_alloc_gb=0.272 gpu_reserved_gb=1.510
CHECKPOINT_BEST repeat=9 scope=internal_cv fold=3 phase=ssl epoch=3 path=/data/adodas/VarCoNet-V2-main/xiaolunwen/experiment2b/checkpoints/worker_r9_best.pt
[repeat=9 fold=3] [epoch=3/50] ssl_loss=0.091770 lr=0.00005232 base_val_bce=0.646236 base_best=Y base_cls_epoch=40 epoch_sec=8.7 task_elapsed_min=0.4 gpu_alloc_gb=0.272 gpu_reserved_gb=1.510
[ssl_epoch=3/50] ssl_loss=0.091770 lr=0.00005232 base_val_bce=0.646236 base_best=Y base_cls_epoch=40 epoch_sec=8.7 elapsed_min=0.4 gpu_alloc_gb=0.272 gpu_reserved_gb=1.510
[repeat=9 fold=3] [epoch=4/50] ssl_loss=0.101516 lr=0.00006643 base_val_bce=0.648799 base_best=N base_cls_epoch=43 epoch_sec=1.8 task_elapsed_min=0.5 gpu_alloc_gb=0.272 gpu_reserved_gb=1.510
[ssl_epoch=4/50] ssl_loss=0.101516 lr=0.00006643 base_val_bce=0.648799 base_best=N base_cls_epoch=43 epoch_sec=1.9 elapsed_min=0.5 gpu_alloc_gb=0.272 gpu_reserved_gb=1.510
CHECKPOINT_BEST repeat=9 scope=internal_cv fold=3 phase=ssl epoch=5 path=/data/adodas/VarCoNet-V2-main/xiaolunwen/experiment2b/checkpoints/worker_r9_best.pt
[repeat=9 fold=3] [epoch=5/50] ssl_loss=0.084817 lr=0.00008053 base_val_bce=0.645577 base_best=Y base_cls_epoch=39 epoch_sec=9.6 task_elapsed_min=0.6 gpu_alloc_gb=0.272 gpu_reserved_gb=1.510
[ssl_epoch=5/50] ssl_loss=0.084817 lr=0.00008053 base_val_bce=0.645577 base_best=Y base_cls_epoch=39 epoch_sec=9.7 elapsed_min=0.6 gpu_alloc_gb=0.272 gpu_reserved_gb=1.510
[repeat=9 fold=3] [epoch=6/50] ssl_loss=0.075139 lr=0.00009464 base_val_bce=0.651480 base_best=N base_cls_epoch=44 epoch_sec=2.2 task_elapsed_min=0.7 gpu_alloc_gb=0.272 gpu_reserved_gb=1.510
[ssl_epoch=6/50] ssl_loss=0.075139 lr=0.00009464 base_val_bce=0.651480 base_best=N base_cls_epoch=44 epoch_sec=2.2 elapsed_min=0.7 gpu_alloc_gb=0.272 gpu_reserved_gb=1.510
CHECKPOINT_BEST repeat=9 scope=internal_cv fold=3 phase=ssl epoch=7 path=/data/adodas/VarCoNet-V2-main/xiaolunwen/experiment2b/checkpoints/worker_r9_best.pt
[repeat=9 fold=3] [epoch=7/50] ssl_loss=0.062536 lr=0.00010875 base_val_bce=0.627444 base_best=Y base_cls_epoch=40 epoch_sec=10.3 task_elapsed_min=0.8 gpu_alloc_gb=0.272 gpu_reserved_gb=1.510
[ssl_epoch=7/50] ssl_loss=0.062536 lr=0.00010875 base_val_bce=0.627444 base_best=Y base_cls_epoch=40 epoch_sec=10.5 elapsed_min=0.8 gpu_alloc_gb=0.272 gpu_reserved_gb=1.510
[repeat=9 fold=3] [epoch=8/50] ssl_loss=0.068954 lr=0.00012285 base_val_bce=0.640223 base_best=N base_cls_epoch=43 epoch_sec=2.1 task_elapsed_min=0.9 gpu_alloc_gb=0.272 gpu_reserved_gb=1.510
[ssl_epoch=8/50] ssl_loss=0.068954 lr=0.00012285 base_val_bce=0.640223 base_best=N base_cls_epoch=43 epoch_sec=2.6 elapsed_min=0.9 gpu_alloc_gb=0.272 gpu_reserved_gb=1.510
[repeat=9 fold=3] [epoch=9/50] ssl_loss=0.052711 lr=0.00013696 base_val_bce=0.646813 base_best=N base_cls_epoch=44 epoch_sec=1.8 task_elapsed_min=1.0 gpu_alloc_gb=0.272 gpu_reserved_gb=1.510
[ssl_epoch=9/50] ssl_loss=0.052711 lr=0.00013696 base_val_bce=0.646813 base_best=N base_cls_epoch=44 epoch_sec=1.8 elapsed_min=1.0 gpu_alloc_gb=0.272 gpu_reserved_gb=1.510
CHECKPOINT_LATEST repeat=9 scope=internal_cv fold=3 phase=ssl epoch=10 path=/data/adodas/VarCoNet-V2-main/xiaolunwen/experiment2b/checkpoints/worker_r9_latest.pt
[repeat=9 fold=3] [epoch=10/50] ssl_loss=0.056660 lr=0.00013696 base_val_bce=0.640070 base_best=N base_cls_epoch=42 epoch_sec=10.2 task_elapsed_min=1.0 gpu_alloc_gb=0.272 gpu_reserved_gb=1.510
[ssl_epoch=10/50] ssl_loss=0.056660 lr=0.00013696 base_val_bce=0.640070 base_best=N base_cls_epoch=42 epoch_sec=11.0 elapsed_min=1.0 gpu_alloc_gb=0.272 gpu_reserved_gb=1.510
[repeat=9 fold=3] [epoch=11/50] ssl_loss=0.058286 lr=0.00013675 base_val_bce=0.638634 base_best=N base_cls_epoch=51 epoch_sec=2.7 task_elapsed_min=1.2 gpu_alloc_gb=0.272 gpu_reserved_gb=1.510
[ssl_epoch=11/50] ssl_loss=0.058286 lr=0.00013675 base_val_bce=0.638634 base_best=N base_cls_epoch=51 epoch_sec=4.7 elapsed_min=1.2 gpu_alloc_gb=0.272 gpu_reserved_gb=1.510
[repeat=9 fold=3] [epoch=12/50] ssl_loss=0.049022 lr=0.00013612 base_val_bce=0.640966 base_best=N base_cls_epoch=46 epoch_sec=3.0 task_elapsed_min=1.3 gpu_alloc_gb=0.272 gpu_reserved_gb=1.510
[ssl_epoch=12/50] ssl_loss=0.049022 lr=0.00013612 base_val_bce=0.640966 base_best=N base_cls_epoch=46 epoch_sec=4.0 elapsed_min=1.3 gpu_alloc_gb=0.272 gpu_reserved_gb=1.510
[repeat=9 fold=3] [epoch=13/50] ssl_loss=0.050109 lr=0.00013507 base_val_bce=0.633762 base_best=N base_cls_epoch=44 epoch_sec=2.2 task_elapsed_min=1.4 gpu_alloc_gb=0.272 gpu_reserved_gb=1.510
[ssl_epoch=13/50] ssl_loss=0.050109 lr=0.00013507 base_val_bce=0.633762 base_best=N base_cls_epoch=44 epoch_sec=3.1 elapsed_min=1.4 gpu_alloc_gb=0.272 gpu_reserved_gb=1.510
[repeat=9 fold=3] [epoch=14/50] ssl_loss=0.046391 lr=0.00013361 base_val_bce=0.640866 base_best=N base_cls_epoch=46 epoch_sec=2.4 task_elapsed_min=1.4 gpu_alloc_gb=0.272 gpu_reserved_gb=1.510
[ssl_epoch=14/50] ssl_loss=0.046391 lr=0.00013361 base_val_bce=0.640866 base_best=N base_cls_epoch=46 epoch_sec=2.4 elapsed_min=1.4 gpu_alloc_gb=0.272 gpu_reserved_gb=1.510
[repeat=9 fold=3] [epoch=15/50] ssl_loss=0.043870 lr=0.00013175 base_val_bce=0.637532 base_best=N base_cls_epoch=48 epoch_sec=2.5 task_elapsed_min=1.5 gpu_alloc_gb=0.272 gpu_reserved_gb=1.510
[ssl_epoch=15/50] ssl_loss=0.043870 lr=0.00013175 base_val_bce=0.637532 base_best=N base_cls_epoch=48 epoch_sec=3.8 elapsed_min=1.5 gpu_alloc_gb=0.272 gpu_reserved_gb=1.510
[repeat=9 fold=3] [epoch=16/50] ssl_loss=0.064180 lr=0.00012950 base_val_bce=0.639149 base_best=N base_cls_epoch=41 epoch_sec=3.0 task_elapsed_min=1.6 gpu_alloc_gb=0.272 gpu_reserved_gb=1.510
[ssl_epoch=16/50] ssl_loss=0.064180 lr=0.00012950 base_val_bce=0.639149 base_best=N base_cls_epoch=41 epoch_sec=3.4 elapsed_min=1.6 gpu_alloc_gb=0.272 gpu_reserved_gb=1.510
[repeat=9 fold=3] [epoch=17/50] ssl_loss=0.046298 lr=0.00012687 base_val_bce=0.636548 base_best=N base_cls_epoch=50 epoch_sec=3.1 task_elapsed_min=1.6 gpu_alloc_gb=0.272 gpu_reserved_gb=1.510
[ssl_epoch=17/50] ssl_loss=0.046298 lr=0.00012687 base_val_bce=0.636548 base_best=N base_cls_epoch=50 epoch_sec=3.4 elapsed_min=1.6 gpu_alloc_gb=0.272 gpu_reserved_gb=1.510
[repeat=9 fold=3] [epoch=18/50] ssl_loss=0.052084 lr=0.00012388 base_val_bce=0.639852 base_best=N base_cls_epoch=43 epoch_sec=2.5 task_elapsed_min=1.7 gpu_alloc_gb=0.272 gpu_reserved_gb=1.510
[ssl_epoch=18/50] ssl_loss=0.052084 lr=0.00012388 base_val_bce=0.639852 base_best=N base_cls_epoch=43 epoch_sec=2.5 elapsed_min=1.7 gpu_alloc_gb=0.272 gpu_reserved_gb=1.510
CHECKPOINT_BEST repeat=9 scope=internal_cv fold=3 phase=ssl epoch=19 path=/data/adodas/VarCoNet-V2-main/xiaolunwen/experiment2b/checkpoints/worker_r9_best.pt
[repeat=9 fold=3] [epoch=19/50] ssl_loss=0.050004 lr=0.00012055 base_val_bce=0.623391 base_best=Y base_cls_epoch=45 epoch_sec=5.4 task_elapsed_min=1.7 gpu_alloc_gb=0.272 gpu_reserved_gb=1.510
[ssl_epoch=19/50] ssl_loss=0.050004 lr=0.00012055 base_val_bce=0.623391 base_best=Y base_cls_epoch=45 epoch_sec=5.8 elapsed_min=1.7 gpu_alloc_gb=0.272 gpu_reserved_gb=1.510
CHECKPOINT_LATEST repeat=9 scope=internal_cv fold=3 phase=ssl epoch=20 path=/data/adodas/VarCoNet-V2-main/xiaolunwen/experiment2b/checkpoints/worker_r9_latest.pt
[repeat=9 fold=3] [epoch=20/50] ssl_loss=0.045180 lr=0.00011690 base_val_bce=0.634197 base_best=N base_cls_epoch=44 epoch_sec=8.0 task_elapsed_min=1.8 gpu_alloc_gb=0.272 gpu_reserved_gb=1.510
[ssl_epoch=20/50] ssl_loss=0.045180 lr=0.00011690 base_val_bce=0.634197 base_best=N base_cls_epoch=44 epoch_sec=8.2 elapsed_min=1.8 gpu_alloc_gb=0.272 gpu_reserved_gb=1.510
[repeat=9 fold=3] [epoch=21/50] ssl_loss=0.040354 lr=0.00011296 base_val_bce=0.638418 base_best=N base_cls_epoch=49 epoch_sec=3.2 task_elapsed_min=2.0 gpu_alloc_gb=0.272 gpu_reserved_gb=1.510
[ssl_epoch=21/50] ssl_loss=0.040354 lr=0.00011296 base_val_bce=0.638418 base_best=N base_cls_epoch=49 epoch_sec=3.7 elapsed_min=2.0 gpu_alloc_gb=0.272 gpu_reserved_gb=1.510
[repeat=9 fold=3] [epoch=22/50] ssl_loss=0.043350 lr=0.00010873 base_val_bce=0.633298 base_best=N base_cls_epoch=45 epoch_sec=3.9 task_elapsed_min=2.1 gpu_alloc_gb=0.272 gpu_reserved_gb=1.510
[ssl_epoch=22/50] ssl_loss=0.043350 lr=0.00010873 base_val_bce=0.633298 base_best=N base_cls_epoch=45 epoch_sec=3.9 elapsed_min=2.1 gpu_alloc_gb=0.272 gpu_reserved_gb=1.510
[repeat=9 fold=3] [epoch=23/50] ssl_loss=0.046412 lr=0.00010426 base_val_bce=0.634372 base_best=N base_cls_epoch=46 epoch_sec=3.0 task_elapsed_min=2.1 gpu_alloc_gb=0.272 gpu_reserved_gb=1.510
[ssl_epoch=23/50] ssl_loss=0.046412 lr=0.00010426 base_val_bce=0.634372 base_best=N base_cls_epoch=46 epoch_sec=3.0 elapsed_min=2.1 gpu_alloc_gb=0.272 gpu_reserved_gb=1.510
[repeat=9 fold=3] [epoch=24/50] ssl_loss=0.036325 lr=0.00009957 base_val_bce=0.637079 base_best=N base_cls_epoch=52 epoch_sec=3.1 task_elapsed_min=2.2 gpu_alloc_gb=0.272 gpu_reserved_gb=1.510
[ssl_epoch=24/50] ssl_loss=0.036325 lr=0.00009957 base_val_bce=0.637079 base_best=N base_cls_epoch=52 epoch_sec=3.8 elapsed_min=2.2 gpu_alloc_gb=0.272 gpu_reserved_gb=1.510
[repeat=9 fold=3] [epoch=25/50] ssl_loss=0.032157 lr=0.00009469 base_val_bce=0.648354 base_best=N base_cls_epoch=48 epoch_sec=3.1 task_elapsed_min=2.2 gpu_alloc_gb=0.272 gpu_reserved_gb=1.510
[ssl_epoch=25/50] ssl_loss=0.032157 lr=0.00009469 base_val_bce=0.648354 base_best=N base_cls_epoch=48 epoch_sec=3.1 elapsed_min=2.2 gpu_alloc_gb=0.272 gpu_reserved_gb=1.510
[repeat=9 fold=3] [epoch=26/50] ssl_loss=0.039863 lr=0.00008964 base_val_bce=0.630084 base_best=N base_cls_epoch=49 epoch_sec=2.8 task_elapsed_min=2.3 gpu_alloc_gb=0.272 gpu_reserved_gb=1.510
[ssl_epoch=26/50] ssl_loss=0.039863 lr=0.00008964 base_val_bce=0.630084 base_best=N base_cls_epoch=49 epoch_sec=3.2 elapsed_min=2.3 gpu_alloc_gb=0.272 gpu_reserved_gb=1.510
[repeat=9 fold=3] [epoch=27/50] ssl_loss=0.033034 lr=0.00008447 base_val_bce=0.641887 base_best=N base_cls_epoch=45 epoch_sec=3.3 task_elapsed_min=2.3 gpu_alloc_gb=0.272 gpu_reserved_gb=1.510
[ssl_epoch=27/50] ssl_loss=0.033034 lr=0.00008447 base_val_bce=0.641887 base_best=N base_cls_epoch=45 epoch_sec=3.5 elapsed_min=2.3 gpu_alloc_gb=0.272 gpu_reserved_gb=1.510
[repeat=9 fold=3] [epoch=28/50] ssl_loss=0.039267 lr=0.00007919 base_val_bce=0.624868 base_best=N base_cls_epoch=53 epoch_sec=3.0 task_elapsed_min=2.4 gpu_alloc_gb=0.272 gpu_reserved_gb=1.510
[ssl_epoch=28/50] ssl_loss=0.039267 lr=0.00007919 base_val_bce=0.624868 base_best=N base_cls_epoch=53 epoch_sec=3.5 elapsed_min=2.4 gpu_alloc_gb=0.272 gpu_reserved_gb=1.510
[repeat=9 fold=3] [epoch=29/50] ssl_loss=0.032909 lr=0.00007385 base_val_bce=0.635007 base_best=N base_cls_epoch=48 epoch_sec=3.1 task_elapsed_min=2.5 gpu_alloc_gb=0.272 gpu_reserved_gb=1.510
[ssl_epoch=29/50] ssl_loss=0.032909 lr=0.00007385 base_val_bce=0.635007 base_best=N base_cls_epoch=48 epoch_sec=3.2 elapsed_min=2.5 gpu_alloc_gb=0.272 gpu_reserved_gb=1.510
CHECKPOINT_LATEST repeat=9 scope=internal_cv fold=3 phase=ssl epoch=30 path=/data/adodas/VarCoNet-V2-main/xiaolunwen/experiment2b/checkpoints/worker_r9_latest.pt
[repeat=9 fold=3] [epoch=30/50] ssl_loss=0.042309 lr=0.00006848 base_val_bce=0.631613 base_best=N base_cls_epoch=47 epoch_sec=8.1 task_elapsed_min=2.5 gpu_alloc_gb=0.272 gpu_reserved_gb=1.510
[ssl_epoch=30/50] ssl_loss=0.042309 lr=0.00006848 base_val_bce=0.631613 base_best=N base_cls_epoch=47 epoch_sec=8.1 elapsed_min=2.5 gpu_alloc_gb=0.272 gpu_reserved_gb=1.510
[repeat=9 fold=3] [epoch=31/50] ssl_loss=0.030912 lr=0.00006311 base_val_bce=0.638391 base_best=N base_cls_epoch=52 epoch_sec=3.4 task_elapsed_min=2.7 gpu_alloc_gb=0.272 gpu_reserved_gb=1.510
[ssl_epoch=31/50] ssl_loss=0.030912 lr=0.00006311 base_val_bce=0.638391 base_best=N base_cls_epoch=52 epoch_sec=3.5 elapsed_min=2.7 gpu_alloc_gb=0.272 gpu_reserved_gb=1.510
[repeat=9 fold=3] [epoch=32/50] ssl_loss=0.041157 lr=0.00005777 base_val_bce=0.650487 base_best=N base_cls_epoch=43 epoch_sec=2.6 task_elapsed_min=2.7 gpu_alloc_gb=0.272 gpu_reserved_gb=1.510
[ssl_epoch=32/50] ssl_loss=0.041157 lr=0.00005777 base_val_bce=0.650487 base_best=N base_cls_epoch=43 epoch_sec=2.9 elapsed_min=2.7 gpu_alloc_gb=0.272 gpu_reserved_gb=1.510
[repeat=9 fold=3] [epoch=33/50] ssl_loss=0.041466 lr=0.00005249 base_val_bce=0.636739 base_best=N base_cls_epoch=45 epoch_sec=2.6 task_elapsed_min=2.8 gpu_alloc_gb=0.272 gpu_reserved_gb=1.510
[ssl_epoch=33/50] ssl_loss=0.041466 lr=0.00005249 base_val_bce=0.636739 base_best=N base_cls_epoch=45 epoch_sec=2.7 elapsed_min=2.8 gpu_alloc_gb=0.272 gpu_reserved_gb=1.510
[repeat=9 fold=3] [epoch=34/50] ssl_loss=0.039271 lr=0.00004732 base_val_bce=0.642395 base_best=N base_cls_epoch=53 epoch_sec=3.3 task_elapsed_min=2.8 gpu_alloc_gb=0.272 gpu_reserved_gb=1.510
[ssl_epoch=34/50] ssl_loss=0.039271 lr=0.00004732 base_val_bce=0.642395 base_best=N base_cls_epoch=53 epoch_sec=3.4 elapsed_min=2.8 gpu_alloc_gb=0.272 gpu_reserved_gb=1.510
[repeat=9 fold=3] [epoch=35/50] ssl_loss=0.034694 lr=0.00004227 base_val_bce=0.647850 base_best=N base_cls_epoch=48 epoch_sec=3.9 task_elapsed_min=2.9 gpu_alloc_gb=0.272 gpu_reserved_gb=1.510
[ssl_epoch=35/50] ssl_loss=0.034694 lr=0.00004227 base_val_bce=0.647850 base_best=N base_cls_epoch=48 epoch_sec=4.4 elapsed_min=2.9 gpu_alloc_gb=0.272 gpu_reserved_gb=1.510
[repeat=9 fold=3] [epoch=36/50] ssl_loss=0.042207 lr=0.00003739 base_val_bce=0.641640 base_best=N base_cls_epoch=53 epoch_sec=5.0 task_elapsed_min=3.0 gpu_alloc_gb=0.272 gpu_reserved_gb=1.510
[ssl_epoch=36/50] ssl_loss=0.042207 lr=0.00003739 base_val_bce=0.641640 base_best=N base_cls_epoch=53 epoch_sec=5.8 elapsed_min=3.0 gpu_alloc_gb=0.272 gpu_reserved_gb=1.510
[repeat=9 fold=3] [epoch=37/50] ssl_loss=0.039811 lr=0.00003270 base_val_bce=0.639375 base_best=N base_cls_epoch=45 epoch_sec=3.8 task_elapsed_min=3.1 gpu_alloc_gb=0.272 gpu_reserved_gb=1.510
[ssl_epoch=37/50] ssl_loss=0.039811 lr=0.00003270 base_val_bce=0.639375 base_best=N base_cls_epoch=45 epoch_sec=4.6 elapsed_min=3.1 gpu_alloc_gb=0.272 gpu_reserved_gb=1.510
[repeat=9 fold=3] [epoch=38/50] ssl_loss=0.031194 lr=0.00002823 base_val_bce=0.642800 base_best=N base_cls_epoch=45 epoch_sec=2.8 task_elapsed_min=3.1 gpu_alloc_gb=0.272 gpu_reserved_gb=1.510
[ssl_epoch=38/50] ssl_loss=0.031194 lr=0.00002823 base_val_bce=0.642800 base_best=N base_cls_epoch=45 epoch_sec=3.2 elapsed_min=3.1 gpu_alloc_gb=0.272 gpu_reserved_gb=1.510
[repeat=9 fold=3] [epoch=39/50] ssl_loss=0.037392 lr=0.00002401 base_val_bce=0.637105 base_best=N base_cls_epoch=49 epoch_sec=3.5 task_elapsed_min=3.2 gpu_alloc_gb=0.272 gpu_reserved_gb=1.510
[ssl_epoch=39/50] ssl_loss=0.037392 lr=0.00002401 base_val_bce=0.637105 base_best=N base_cls_epoch=49 epoch_sec=4.0 elapsed_min=3.2 gpu_alloc_gb=0.272 gpu_reserved_gb=1.510
CHECKPOINT_LATEST repeat=9 scope=internal_cv fold=3 phase=ssl epoch=40 path=/data/adodas/VarCoNet-V2-main/xiaolunwen/experiment2b/checkpoints/worker_r9_latest.pt
[repeat=9 fold=3] [epoch=40/50] ssl_loss=0.030118 lr=0.00002006 base_val_bce=0.633232 base_best=N base_cls_epoch=53 epoch_sec=6.5 task_elapsed_min=3.3 gpu_alloc_gb=0.272 gpu_reserved_gb=1.510
[ssl_epoch=40/50] ssl_loss=0.030118 lr=0.00002006 base_val_bce=0.633232 base_best=N base_cls_epoch=53 epoch_sec=6.6 elapsed_min=3.3 gpu_alloc_gb=0.272 gpu_reserved_gb=1.510
[repeat=9 fold=3] [epoch=41/50] ssl_loss=0.035311 lr=0.00001641 base_val_bce=0.642707 base_best=N base_cls_epoch=46 epoch_sec=4.4 task_elapsed_min=3.4 gpu_alloc_gb=0.272 gpu_reserved_gb=1.510
[ssl_epoch=41/50] ssl_loss=0.035311 lr=0.00001641 base_val_bce=0.642707 base_best=N base_cls_epoch=46 epoch_sec=5.1 elapsed_min=3.4 gpu_alloc_gb=0.272 gpu_reserved_gb=1.510
[repeat=9 fold=3] [epoch=42/50] ssl_loss=0.025659 lr=0.00001308 base_val_bce=0.638844 base_best=N base_cls_epoch=44 epoch_sec=3.3 task_elapsed_min=3.5 gpu_alloc_gb=0.272 gpu_reserved_gb=1.510
[ssl_epoch=42/50] ssl_loss=0.025659 lr=0.00001308 base_val_bce=0.638844 base_best=N base_cls_epoch=44 epoch_sec=3.4 elapsed_min=3.5 gpu_alloc_gb=0.272 gpu_reserved_gb=1.510
[repeat=9 fold=3] [epoch=43/50] ssl_loss=0.040084 lr=0.00001009 base_val_bce=0.631882 base_best=N base_cls_epoch=50 epoch_sec=3.1 task_elapsed_min=3.5 gpu_alloc_gb=0.272 gpu_reserved_gb=1.510
[ssl_epoch=43/50] ssl_loss=0.040084 lr=0.00001009 base_val_bce=0.631882 base_best=N base_cls_epoch=50 epoch_sec=3.9 elapsed_min=3.5 gpu_alloc_gb=0.272 gpu_reserved_gb=1.510
[repeat=9 fold=3] [epoch=44/50] ssl_loss=0.035835 lr=0.00000746 base_val_bce=0.639425 base_best=N base_cls_epoch=50 epoch_sec=3.9 task_elapsed_min=3.6 gpu_alloc_gb=0.272 gpu_reserved_gb=1.510
[ssl_epoch=44/50] ssl_loss=0.035835 lr=0.00000746 base_val_bce=0.639425 base_best=N base_cls_epoch=50 epoch_sec=4.2 elapsed_min=3.6 gpu_alloc_gb=0.272 gpu_reserved_gb=1.510
[repeat=9 fold=3] [epoch=45/50] ssl_loss=0.039205 lr=0.00000521 base_val_bce=0.637857 base_best=N base_cls_epoch=53 epoch_sec=4.0 task_elapsed_min=3.7 gpu_alloc_gb=0.272 gpu_reserved_gb=1.510
[ssl_epoch=45/50] ssl_loss=0.039205 lr=0.00000521 base_val_bce=0.637857 base_best=N base_cls_epoch=53 epoch_sec=4.2 elapsed_min=3.7 gpu_alloc_gb=0.272 gpu_reserved_gb=1.510
[repeat=9 fold=3] [epoch=46/50] ssl_loss=0.048005 lr=0.00000335 base_val_bce=0.639611 base_best=N base_cls_epoch=48 epoch_sec=3.3 task_elapsed_min=3.7 gpu_alloc_gb=0.272 gpu_reserved_gb=1.510
[ssl_epoch=46/50] ssl_loss=0.048005 lr=0.00000335 base_val_bce=0.639611 base_best=N base_cls_epoch=48 epoch_sec=3.6 elapsed_min=3.7 gpu_alloc_gb=0.272 gpu_reserved_gb=1.510
[repeat=9 fold=3] [epoch=47/50] ssl_loss=0.036092 lr=0.00000189 base_val_bce=0.630601 base_best=N base_cls_epoch=50 epoch_sec=3.0 task_elapsed_min=3.8 gpu_alloc_gb=0.272 gpu_reserved_gb=1.510
[ssl_epoch=47/50] ssl_loss=0.036092 lr=0.00000189 base_val_bce=0.630601 base_best=N base_cls_epoch=50 epoch_sec=3.7 elapsed_min=3.8 gpu_alloc_gb=0.272 gpu_reserved_gb=1.510
[repeat=9 fold=3] [epoch=48/50] ssl_loss=0.043887 lr=0.00000084 base_val_bce=0.631156 base_best=N base_cls_epoch=52 epoch_sec=3.9 task_elapsed_min=3.9 gpu_alloc_gb=0.272 gpu_reserved_gb=1.510
[ssl_epoch=48/50] ssl_loss=0.043887 lr=0.00000084 base_val_bce=0.631156 base_best=N base_cls_epoch=52 epoch_sec=4.0 elapsed_min=3.9 gpu_alloc_gb=0.272 gpu_reserved_gb=1.510
[repeat=9 fold=3] [epoch=49/50] ssl_loss=0.032834 lr=0.00000021 base_val_bce=0.630478 base_best=N base_cls_epoch=48 epoch_sec=3.8 task_elapsed_min=3.9 gpu_alloc_gb=0.272 gpu_reserved_gb=1.510
[ssl_epoch=49/50] ssl_loss=0.032834 lr=0.00000021 base_val_bce=0.630478 base_best=N base_cls_epoch=48 epoch_sec=4.0 elapsed_min=3.9 gpu_alloc_gb=0.272 gpu_reserved_gb=1.510
CHECKPOINT_LATEST repeat=9 scope=internal_cv fold=3 phase=ssl epoch=50 path=/data/adodas/VarCoNet-V2-main/xiaolunwen/experiment2b/checkpoints/worker_r9_latest.pt
[repeat=9 fold=3] [epoch=50/50] ssl_loss=0.040714 lr=0.00000000 base_val_bce=0.627952 base_best=N base_cls_epoch=45 epoch_sec=5.7 task_elapsed_min=4.0 gpu_alloc_gb=0.272 gpu_reserved_gb=1.510
[ssl_epoch=50/50] ssl_loss=0.040714 lr=0.00000000 base_val_bce=0.627952 base_best=N base_cls_epoch=45 epoch_sec=5.7 elapsed_min=4.0 gpu_alloc_gb=0.272 gpu_reserved_gb=1.510
RESIDUAL_EPOCH repeat=9 scope=internal_cv fold=3 epoch=0 val_bce=0.623391 best=Y dynamic_dim=73536
CHECKPOINT_LATEST repeat=9 scope=internal_cv fold=3 phase=residual epoch=10 path=/data/adodas/VarCoNet-V2-main/xiaolunwen/experiment2b/checkpoints/worker_r9_latest.pt
[residual_epoch=10/149] residual_loss=0.088224 val_bce=0.658359 best=N best_epoch=0 epoch_sec=2.8 task_elapsed_min=4.1
CHECKPOINT_LATEST repeat=9 scope=internal_cv fold=3 phase=residual epoch=20 path=/data/adodas/VarCoNet-V2-main/xiaolunwen/experiment2b/checkpoints/worker_r9_latest.pt
[residual_epoch=20/149] residual_loss=0.043616 val_bce=0.688666 best=N best_epoch=0 epoch_sec=4.6 task_elapsed_min=4.1
CHECKPOINT_LATEST repeat=9 scope=internal_cv fold=3 phase=residual epoch=30 path=/data/adodas/VarCoNet-V2-main/xiaolunwen/experiment2b/checkpoints/worker_r9_latest.pt
[residual_epoch=30/149] residual_loss=0.025332 val_bce=0.716634 best=N best_epoch=0 epoch_sec=2.1 task_elapsed_min=4.2
CHECKPOINT_LATEST repeat=9 scope=internal_cv fold=3 phase=residual epoch=40 path=/data/adodas/VarCoNet-V2-main/xiaolunwen/experiment2b/checkpoints/worker_r9_latest.pt
[residual_epoch=40/149] residual_loss=0.016986 val_bce=0.738009 best=N best_epoch=0 epoch_sec=3.8 task_elapsed_min=4.2
CHECKPOINT_LATEST repeat=9 scope=internal_cv fold=3 phase=residual epoch=50 path=/data/adodas/VarCoNet-V2-main/xiaolunwen/experiment2b/checkpoints/worker_r9_latest.pt
[residual_epoch=50/149] residual_loss=0.012632 val_bce=0.755453 best=N best_epoch=0 epoch_sec=4.3 task_elapsed_min=4.3
CHECKPOINT_LATEST repeat=9 scope=internal_cv fold=3 phase=residual epoch=60 path=/data/adodas/VarCoNet-V2-main/xiaolunwen/experiment2b/checkpoints/worker_r9_latest.pt
[residual_epoch=60/149] residual_loss=0.010046 val_bce=0.770291 best=N best_epoch=0 epoch_sec=4.6 task_elapsed_min=4.4
CHECKPOINT_LATEST repeat=9 scope=internal_cv fold=3 phase=residual epoch=70 path=/data/adodas/VarCoNet-V2-main/xiaolunwen/experiment2b/checkpoints/worker_r9_latest.pt
[residual_epoch=70/149] residual_loss=0.008336 val_bce=0.783123 best=N best_epoch=0 epoch_sec=3.0 task_elapsed_min=4.4
CHECKPOINT_LATEST repeat=9 scope=internal_cv fold=3 phase=residual epoch=80 path=/data/adodas/VarCoNet-V2-main/xiaolunwen/experiment2b/checkpoints/worker_r9_latest.pt
[residual_epoch=80/149] residual_loss=0.007109 val_bce=0.794212 best=N best_epoch=0 epoch_sec=5.7 task_elapsed_min=4.5
CHECKPOINT_LATEST repeat=9 scope=internal_cv fold=3 phase=residual epoch=90 path=/data/adodas/VarCoNet-V2-main/xiaolunwen/experiment2b/checkpoints/worker_r9_latest.pt
[residual_epoch=90/149] residual_loss=0.006177 val_bce=0.804207 best=N best_epoch=0 epoch_sec=4.4 task_elapsed_min=4.6
CHECKPOINT_LATEST repeat=9 scope=internal_cv fold=3 phase=residual epoch=100 path=/data/adodas/VarCoNet-V2-main/xiaolunwen/experiment2b/checkpoints/worker_r9_latest.pt
[residual_epoch=100/149] residual_loss=0.005442 val_bce=0.813541 best=N best_epoch=0 epoch_sec=3.6 task_elapsed_min=4.7
CHECKPOINT_LATEST repeat=9 scope=internal_cv fold=3 phase=residual epoch=110 path=/data/adodas/VarCoNet-V2-main/xiaolunwen/experiment2b/checkpoints/worker_r9_latest.pt
[residual_epoch=110/149] residual_loss=0.004846 val_bce=0.822189 best=N best_epoch=0 epoch_sec=6.5 task_elapsed_min=4.7
CHECKPOINT_LATEST repeat=9 scope=internal_cv fold=3 phase=residual epoch=120 path=/data/adodas/VarCoNet-V2-main/xiaolunwen/experiment2b/checkpoints/worker_r9_latest.pt
[residual_epoch=120/149] residual_loss=0.004352 val_bce=0.830348 best=N best_epoch=0 epoch_sec=2.7 task_elapsed_min=4.8
CHECKPOINT_LATEST repeat=9 scope=internal_cv fold=3 phase=residual epoch=130 path=/data/adodas/VarCoNet-V2-main/xiaolunwen/experiment2b/checkpoints/worker_r9_latest.pt
[residual_epoch=130/149] residual_loss=0.003937 val_bce=0.838060 best=N best_epoch=0 epoch_sec=5.6 task_elapsed_min=4.9
CHECKPOINT_LATEST repeat=9 scope=internal_cv fold=3 phase=residual epoch=140 path=/data/adodas/VarCoNet-V2-main/xiaolunwen/experiment2b/checkpoints/worker_r9_latest.pt
[residual_epoch=140/149] residual_loss=0.003585 val_bce=0.845382 best=N best_epoch=0 epoch_sec=4.1 task_elapsed_min=5.0
RESIDUAL_DONE repeat=9 scope=internal_cv fold=3 selected_encoder_epoch=19 selected_classifier_epoch=45 selected_residual_epoch=0 val_bce=0.623391
TASK_TRAINING_DONE repeat=9 scope=internal_cv fold=3 base_epoch=19 dyn_epoch=19 base_val_bce=0.623391 dyn_val_bce=0.623391
TASK_DONE repeat=9 scope=internal_fold fold=3 method=baseline selected_encoder_epoch=19 test_auc=0.713251 test_bce=0.635225 elapsed_min=5.1
TASK_DONE repeat=9 scope=internal_fold fold=3 method=pretransformer_edge_residual selected_encoder_epoch=19 test_auc=0.713251 test_bce=0.635225 elapsed_min=5.1
TASK_START repeat=9 scope=internal_cv fold=4 seed=100904 device=cuda:0 shared_encoder=Y
CHECKPOINT_BEST repeat=9 scope=internal_cv fold=4 phase=ssl epoch=1 path=/data/adodas/VarCoNet-V2-main/xiaolunwen/experiment2b/checkpoints/worker_r9_best.pt
[repeat=9 fold=4] [epoch=1/50] ssl_loss=0.105197 lr=0.00002411 base_val_bce=0.616024 base_best=Y base_cls_epoch=20 epoch_sec=8.6 task_elapsed_min=0.1 gpu_alloc_gb=0.272 gpu_reserved_gb=1.510
[ssl_epoch=1/50] ssl_loss=0.105197 lr=0.00002411 base_val_bce=0.616024 base_best=Y base_cls_epoch=20 epoch_sec=8.7 elapsed_min=0.1 gpu_alloc_gb=0.272 gpu_reserved_gb=1.510
CHECKPOINT_BEST repeat=9 scope=internal_cv fold=4 phase=ssl epoch=2 path=/data/adodas/VarCoNet-V2-main/xiaolunwen/experiment2b/checkpoints/worker_r9_best.pt
[repeat=9 fold=4] [epoch=2/50] ssl_loss=0.101223 lr=0.00003821 base_val_bce=0.608903 base_best=Y base_cls_epoch=20 epoch_sec=10.6 task_elapsed_min=0.2 gpu_alloc_gb=0.272 gpu_reserved_gb=1.510
[ssl_epoch=2/50] ssl_loss=0.101223 lr=0.00003821 base_val_bce=0.608903 base_best=Y base_cls_epoch=20 epoch_sec=10.6 elapsed_min=0.2 gpu_alloc_gb=0.272 gpu_reserved_gb=1.510
[repeat=9 fold=4] [epoch=3/50] ssl_loss=0.113920 lr=0.00005232 base_val_bce=0.611002 base_best=N base_cls_epoch=16 epoch_sec=2.7 task_elapsed_min=0.4 gpu_alloc_gb=0.272 gpu_reserved_gb=1.510
[ssl_epoch=3/50] ssl_loss=0.113920 lr=0.00005232 base_val_bce=0.611002 base_best=N base_cls_epoch=16 epoch_sec=2.8 elapsed_min=0.4 gpu_alloc_gb=0.272 gpu_reserved_gb=1.510
[repeat=9 fold=4] [epoch=4/50] ssl_loss=0.116548 lr=0.00006643 base_val_bce=0.611742 base_best=N base_cls_epoch=16 epoch_sec=1.8 task_elapsed_min=0.4 gpu_alloc_gb=0.272 gpu_reserved_gb=1.510
[ssl_epoch=4/50] ssl_loss=0.116548 lr=0.00006643 base_val_bce=0.611742 base_best=N base_cls_epoch=16 epoch_sec=1.8 elapsed_min=0.4 gpu_alloc_gb=0.272 gpu_reserved_gb=1.510
[repeat=9 fold=4] [epoch=5/50] ssl_loss=0.094034 lr=0.00008053 base_val_bce=0.619707 base_best=N base_cls_epoch=17 epoch_sec=2.3 task_elapsed_min=0.5 gpu_alloc_gb=0.272 gpu_reserved_gb=1.510
[ssl_epoch=5/50] ssl_loss=0.094034 lr=0.00008053 base_val_bce=0.619707 base_best=N base_cls_epoch=17 epoch_sec=2.7 elapsed_min=0.5 gpu_alloc_gb=0.272 gpu_reserved_gb=1.510
[repeat=9 fold=4] [epoch=6/50] ssl_loss=0.079353 lr=0.00009464 base_val_bce=0.613215 base_best=N base_cls_epoch=21 epoch_sec=2.5 task_elapsed_min=0.5 gpu_alloc_gb=0.272 gpu_reserved_gb=1.510
[ssl_epoch=6/50] ssl_loss=0.079353 lr=0.00009464 base_val_bce=0.613215 base_best=N base_cls_epoch=21 epoch_sec=2.6 elapsed_min=0.5 gpu_alloc_gb=0.272 gpu_reserved_gb=1.510
[repeat=9 fold=4] [epoch=7/50] ssl_loss=0.077174 lr=0.00010875 base_val_bce=0.617584 base_best=N base_cls_epoch=21 epoch_sec=2.0 task_elapsed_min=0.6 gpu_alloc_gb=0.272 gpu_reserved_gb=1.510
[ssl_epoch=7/50] ssl_loss=0.077174 lr=0.00010875 base_val_bce=0.617584 base_best=N base_cls_epoch=21 epoch_sec=2.2 elapsed_min=0.6 gpu_alloc_gb=0.272 gpu_reserved_gb=1.510
[repeat=9 fold=4] [epoch=8/50] ssl_loss=0.075683 lr=0.00012285 base_val_bce=0.611396 base_best=N base_cls_epoch=22 epoch_sec=2.0 task_elapsed_min=0.6 gpu_alloc_gb=0.272 gpu_reserved_gb=1.510
[ssl_epoch=8/50] ssl_loss=0.075683 lr=0.00012285 base_val_bce=0.611396 base_best=N base_cls_epoch=22 epoch_sec=2.3 elapsed_min=0.6 gpu_alloc_gb=0.272 gpu_reserved_gb=1.510
CHECKPOINT_BEST repeat=9 scope=internal_cv fold=4 phase=ssl epoch=9 path=/data/adodas/VarCoNet-V2-main/xiaolunwen/experiment2b/checkpoints/worker_r9_best.pt
[repeat=9 fold=4] [epoch=9/50] ssl_loss=0.067786 lr=0.00013696 base_val_bce=0.600324 base_best=Y base_cls_epoch=22 epoch_sec=12.8 task_elapsed_min=0.7 gpu_alloc_gb=0.272 gpu_reserved_gb=1.510
[ssl_epoch=9/50] ssl_loss=0.067786 lr=0.00013696 base_val_bce=0.600324 base_best=Y base_cls_epoch=22 epoch_sec=12.9 elapsed_min=0.7 gpu_alloc_gb=0.272 gpu_reserved_gb=1.510
CHECKPOINT_BEST repeat=9 scope=internal_cv fold=4 phase=ssl epoch=10 path=/data/adodas/VarCoNet-V2-main/xiaolunwen/experiment2b/checkpoints/worker_r9_best.pt
CHECKPOINT_LATEST repeat=9 scope=internal_cv fold=4 phase=ssl epoch=10 path=/data/adodas/VarCoNet-V2-main/xiaolunwen/experiment2b/checkpoints/worker_r9_latest.pt
[repeat=9 fold=4] [epoch=10/50] ssl_loss=0.064470 lr=0.00013696 base_val_bce=0.598910 base_best=Y base_cls_epoch=26 epoch_sec=25.6 task_elapsed_min=0.9 gpu_alloc_gb=0.272 gpu_reserved_gb=1.510
[ssl_epoch=10/50] ssl_loss=0.064470 lr=0.00013696 base_val_bce=0.598910 base_best=Y base_cls_epoch=26 epoch_sec=25.6 elapsed_min=0.9 gpu_alloc_gb=0.272 gpu_reserved_gb=1.510
[repeat=9 fold=4] [epoch=11/50] ssl_loss=0.056036 lr=0.00013675 base_val_bce=0.603924 base_best=N base_cls_epoch=45 epoch_sec=3.8 task_elapsed_min=1.3 gpu_alloc_gb=0.272 gpu_reserved_gb=1.510
[ssl_epoch=11/50] ssl_loss=0.056036 lr=0.00013675 base_val_bce=0.603924 base_best=N base_cls_epoch=45 epoch_sec=5.8 elapsed_min=1.3 gpu_alloc_gb=0.272 gpu_reserved_gb=1.510
CHECKPOINT_BEST repeat=9 scope=internal_cv fold=4 phase=ssl epoch=12 path=/data/adodas/VarCoNet-V2-main/xiaolunwen/experiment2b/checkpoints/worker_r9_best.pt
[repeat=9 fold=4] [epoch=12/50] ssl_loss=0.056881 lr=0.00013612 base_val_bce=0.581690 base_best=Y base_cls_epoch=40 epoch_sec=18.5 task_elapsed_min=1.4 gpu_alloc_gb=0.272 gpu_reserved_gb=1.510
[ssl_epoch=12/50] ssl_loss=0.056881 lr=0.00013612 base_val_bce=0.581690 base_best=Y base_cls_epoch=40 epoch_sec=18.5 elapsed_min=1.4 gpu_alloc_gb=0.272 gpu_reserved_gb=1.510
[repeat=9 fold=4] [epoch=13/50] ssl_loss=0.059386 lr=0.00013507 base_val_bce=0.594915 base_best=N base_cls_epoch=27 epoch_sec=3.2 task_elapsed_min=1.8 gpu_alloc_gb=0.272 gpu_reserved_gb=1.510
[ssl_epoch=13/50] ssl_loss=0.059386 lr=0.00013507 base_val_bce=0.594915 base_best=N base_cls_epoch=27 epoch_sec=4.9 elapsed_min=1.8 gpu_alloc_gb=0.272 gpu_reserved_gb=1.510
[repeat=9 fold=4] [epoch=14/50] ssl_loss=0.060918 lr=0.00013361 base_val_bce=0.585676 base_best=N base_cls_epoch=41 epoch_sec=1.9 task_elapsed_min=1.8 gpu_alloc_gb=0.272 gpu_reserved_gb=1.510
[ssl_epoch=14/50] ssl_loss=0.060918 lr=0.00013361 base_val_bce=0.585676 base_best=N base_cls_epoch=41 epoch_sec=2.6 elapsed_min=1.8 gpu_alloc_gb=0.272 gpu_reserved_gb=1.510
[repeat=9 fold=4] [epoch=15/50] ssl_loss=0.049350 lr=0.00013175 base_val_bce=0.592685 base_best=N base_cls_epoch=28 epoch_sec=1.8 task_elapsed_min=1.9 gpu_alloc_gb=0.272 gpu_reserved_gb=1.510
[ssl_epoch=15/50] ssl_loss=0.049350 lr=0.00013175 base_val_bce=0.592685 base_best=N base_cls_epoch=28 epoch_sec=1.8 elapsed_min=1.9 gpu_alloc_gb=0.272 gpu_reserved_gb=1.510
[repeat=9 fold=4] [epoch=16/50] ssl_loss=0.042861 lr=0.00012950 base_val_bce=0.599795 base_best=N base_cls_epoch=29 epoch_sec=3.2 task_elapsed_min=1.9 gpu_alloc_gb=0.272 gpu_reserved_gb=1.510
[ssl_epoch=16/50] ssl_loss=0.042861 lr=0.00012950 base_val_bce=0.599795 base_best=N base_cls_epoch=29 epoch_sec=3.7 elapsed_min=1.9 gpu_alloc_gb=0.272 gpu_reserved_gb=1.510
[repeat=9 fold=4] [epoch=17/50] ssl_loss=0.071905 lr=0.00012687 base_val_bce=0.594579 base_best=N base_cls_epoch=42 epoch_sec=2.1 task_elapsed_min=2.0 gpu_alloc_gb=0.272 gpu_reserved_gb=1.510
[ssl_epoch=17/50] ssl_loss=0.071905 lr=0.00012687 base_val_bce=0.594579 base_best=N base_cls_epoch=42 epoch_sec=2.2 elapsed_min=2.0 gpu_alloc_gb=0.272 gpu_reserved_gb=1.510
[repeat=9 fold=4] [epoch=18/50] ssl_loss=0.050419 lr=0.00012388 base_val_bce=0.587056 base_best=N base_cls_epoch=38 epoch_sec=1.9 task_elapsed_min=2.0 gpu_alloc_gb=0.272 gpu_reserved_gb=1.510
[ssl_epoch=18/50] ssl_loss=0.050419 lr=0.00012388 base_val_bce=0.587056 base_best=N base_cls_epoch=38 epoch_sec=2.0 elapsed_min=2.0 gpu_alloc_gb=0.272 gpu_reserved_gb=1.510
[repeat=9 fold=4] [epoch=19/50] ssl_loss=0.049537 lr=0.00012055 base_val_bce=0.594001 base_best=N base_cls_epoch=45 epoch_sec=2.7 task_elapsed_min=2.0 gpu_alloc_gb=0.272 gpu_reserved_gb=1.510
[ssl_epoch=19/50] ssl_loss=0.049537 lr=0.00012055 base_val_bce=0.594001 base_best=N base_cls_epoch=45 epoch_sec=3.5 elapsed_min=2.0 gpu_alloc_gb=0.272 gpu_reserved_gb=1.510
CHECKPOINT_LATEST repeat=9 scope=internal_cv fold=4 phase=ssl epoch=20 path=/data/adodas/VarCoNet-V2-main/xiaolunwen/experiment2b/checkpoints/worker_r9_latest.pt
[repeat=9 fold=4] [epoch=20/50] ssl_loss=0.044655 lr=0.00011690 base_val_bce=0.588545 base_best=N base_cls_epoch=38 epoch_sec=6.6 task_elapsed_min=2.1 gpu_alloc_gb=0.272 gpu_reserved_gb=1.510
[ssl_epoch=20/50] ssl_loss=0.044655 lr=0.00011690 base_val_bce=0.588545 base_best=N base_cls_epoch=38 epoch_sec=6.6 elapsed_min=2.1 gpu_alloc_gb=0.272 gpu_reserved_gb=1.510
CHECKPOINT_BEST repeat=9 scope=internal_cv fold=4 phase=ssl epoch=21 path=/data/adodas/VarCoNet-V2-main/xiaolunwen/experiment2b/checkpoints/worker_r9_best.pt
[repeat=9 fold=4] [epoch=21/50] ssl_loss=0.047188 lr=0.00011296 base_val_bce=0.579127 base_best=Y base_cls_epoch=41 epoch_sec=14.0 task_elapsed_min=2.3 gpu_alloc_gb=0.272 gpu_reserved_gb=1.510
[ssl_epoch=21/50] ssl_loss=0.047188 lr=0.00011296 base_val_bce=0.579127 base_best=Y base_cls_epoch=41 epoch_sec=14.1 elapsed_min=2.3 gpu_alloc_gb=0.272 gpu_reserved_gb=1.510
[repeat=9 fold=4] [epoch=22/50] ssl_loss=0.053464 lr=0.00010873 base_val_bce=0.585971 base_best=N base_cls_epoch=43 epoch_sec=2.8 task_elapsed_min=2.5 gpu_alloc_gb=0.272 gpu_reserved_gb=1.510
[ssl_epoch=22/50] ssl_loss=0.053464 lr=0.00010873 base_val_bce=0.585971 base_best=N base_cls_epoch=43 epoch_sec=4.4 elapsed_min=2.5 gpu_alloc_gb=0.272 gpu_reserved_gb=1.510
[repeat=9 fold=4] [epoch=23/50] ssl_loss=0.046278 lr=0.00010426 base_val_bce=0.591193 base_best=N base_cls_epoch=41 epoch_sec=2.1 task_elapsed_min=2.5 gpu_alloc_gb=0.272 gpu_reserved_gb=1.510
[ssl_epoch=23/50] ssl_loss=0.046278 lr=0.00010426 base_val_bce=0.591193 base_best=N base_cls_epoch=41 epoch_sec=2.3 elapsed_min=2.5 gpu_alloc_gb=0.272 gpu_reserved_gb=1.510
[repeat=9 fold=4] [epoch=24/50] ssl_loss=0.043417 lr=0.00009957 base_val_bce=0.590629 base_best=N base_cls_epoch=47 epoch_sec=2.8 task_elapsed_min=2.6 gpu_alloc_gb=0.272 gpu_reserved_gb=1.510
[ssl_epoch=24/50] ssl_loss=0.043417 lr=0.00009957 base_val_bce=0.590629 base_best=N base_cls_epoch=47 epoch_sec=2.8 elapsed_min=2.6 gpu_alloc_gb=0.272 gpu_reserved_gb=1.510
[repeat=9 fold=4] [epoch=25/50] ssl_loss=0.042792 lr=0.00009469 base_val_bce=0.582204 base_best=N base_cls_epoch=42 epoch_sec=2.4 task_elapsed_min=2.6 gpu_alloc_gb=0.272 gpu_reserved_gb=1.510
[ssl_epoch=25/50] ssl_loss=0.042792 lr=0.00009469 base_val_bce=0.582204 base_best=N base_cls_epoch=42 epoch_sec=2.5 elapsed_min=2.6 gpu_alloc_gb=0.272 gpu_reserved_gb=1.510
[repeat=9 fold=4] [epoch=26/50] ssl_loss=0.045101 lr=0.00008964 base_val_bce=0.584683 base_best=N base_cls_epoch=44 epoch_sec=2.2 task_elapsed_min=2.7 gpu_alloc_gb=0.272 gpu_reserved_gb=1.510
[ssl_epoch=26/50] ssl_loss=0.045101 lr=0.00008964 base_val_bce=0.584683 base_best=N base_cls_epoch=44 epoch_sec=2.2 elapsed_min=2.7 gpu_alloc_gb=0.272 gpu_reserved_gb=1.510
[repeat=9 fold=4] [epoch=27/50] ssl_loss=0.045227 lr=0.00008447 base_val_bce=0.600922 base_best=N base_cls_epoch=43 epoch_sec=2.1 task_elapsed_min=2.7 gpu_alloc_gb=0.272 gpu_reserved_gb=1.510
[ssl_epoch=27/50] ssl_loss=0.045227 lr=0.00008447 base_val_bce=0.600922 base_best=N base_cls_epoch=43 epoch_sec=2.4 elapsed_min=2.7 gpu_alloc_gb=0.272 gpu_reserved_gb=1.510
[repeat=9 fold=4] [epoch=28/50] ssl_loss=0.046173 lr=0.00007919 base_val_bce=0.592496 base_best=N base_cls_epoch=36 epoch_sec=3.0 task_elapsed_min=2.8 gpu_alloc_gb=0.272 gpu_reserved_gb=1.510
[ssl_epoch=28/50] ssl_loss=0.046173 lr=0.00007919 base_val_bce=0.592496 base_best=N base_cls_epoch=36 epoch_sec=3.5 elapsed_min=2.8 gpu_alloc_gb=0.272 gpu_reserved_gb=1.510
[repeat=9 fold=4] [epoch=29/50] ssl_loss=0.039646 lr=0.00007385 base_val_bce=0.584318 base_best=N base_cls_epoch=46 epoch_sec=3.1 task_elapsed_min=2.8 gpu_alloc_gb=0.272 gpu_reserved_gb=1.510
[ssl_epoch=29/50] ssl_loss=0.039646 lr=0.00007385 base_val_bce=0.584318 base_best=N base_cls_epoch=46 epoch_sec=4.5 elapsed_min=2.8 gpu_alloc_gb=0.272 gpu_reserved_gb=1.510
CHECKPOINT_LATEST repeat=9 scope=internal_cv fold=4 phase=ssl epoch=30 path=/data/adodas/VarCoNet-V2-main/xiaolunwen/experiment2b/checkpoints/worker_r9_latest.pt
[repeat=9 fold=4] [epoch=30/50] ssl_loss=0.041878 lr=0.00006848 base_val_bce=0.584500 base_best=N base_cls_epoch=43 epoch_sec=8.8 task_elapsed_min=2.9 gpu_alloc_gb=0.272 gpu_reserved_gb=1.510
[ssl_epoch=30/50] ssl_loss=0.041878 lr=0.00006848 base_val_bce=0.584500 base_best=N base_cls_epoch=43 epoch_sec=8.8 elapsed_min=2.9 gpu_alloc_gb=0.272 gpu_reserved_gb=1.510
[repeat=9 fold=4] [epoch=31/50] ssl_loss=0.044203 lr=0.00006311 base_val_bce=0.584776 base_best=N base_cls_epoch=45 epoch_sec=3.9 task_elapsed_min=3.1 gpu_alloc_gb=0.272 gpu_reserved_gb=1.510
[ssl_epoch=31/50] ssl_loss=0.044203 lr=0.00006311 base_val_bce=0.584776 base_best=N base_cls_epoch=45 epoch_sec=3.9 elapsed_min=3.1 gpu_alloc_gb=0.272 gpu_reserved_gb=1.510
[repeat=9 fold=4] [epoch=32/50] ssl_loss=0.042053 lr=0.00005777 base_val_bce=0.588304 base_best=N base_cls_epoch=43 epoch_sec=2.1 task_elapsed_min=3.1 gpu_alloc_gb=0.272 gpu_reserved_gb=1.510
[ssl_epoch=32/50] ssl_loss=0.042053 lr=0.00005777 base_val_bce=0.588304 base_best=N base_cls_epoch=43 epoch_sec=2.1 elapsed_min=3.1 gpu_alloc_gb=0.272 gpu_reserved_gb=1.510
[repeat=9 fold=4] [epoch=33/50] ssl_loss=0.040229 lr=0.00005249 base_val_bce=0.590174 base_best=N base_cls_epoch=45 epoch_sec=5.4 task_elapsed_min=3.2 gpu_alloc_gb=0.272 gpu_reserved_gb=1.510
[ssl_epoch=33/50] ssl_loss=0.040229 lr=0.00005249 base_val_bce=0.590174 base_best=N base_cls_epoch=45 epoch_sec=7.2 elapsed_min=3.2 gpu_alloc_gb=0.272 gpu_reserved_gb=1.510
[repeat=9 fold=4] [epoch=34/50] ssl_loss=0.045544 lr=0.00004732 base_val_bce=0.580132 base_best=N base_cls_epoch=42 epoch_sec=2.2 task_elapsed_min=3.2 gpu_alloc_gb=0.272 gpu_reserved_gb=1.510
[ssl_epoch=34/50] ssl_loss=0.045544 lr=0.00004732 base_val_bce=0.580132 base_best=N base_cls_epoch=42 epoch_sec=2.7 elapsed_min=3.2 gpu_alloc_gb=0.272 gpu_reserved_gb=1.510
[repeat=9 fold=4] [epoch=35/50] ssl_loss=0.046818 lr=0.00004227 base_val_bce=0.583312 base_best=N base_cls_epoch=45 epoch_sec=2.1 task_elapsed_min=3.3 gpu_alloc_gb=0.272 gpu_reserved_gb=1.510
[ssl_epoch=35/50] ssl_loss=0.046818 lr=0.00004227 base_val_bce=0.583312 base_best=N base_cls_epoch=45 epoch_sec=2.8 elapsed_min=3.3 gpu_alloc_gb=0.272 gpu_reserved_gb=1.510
[repeat=9 fold=4] [epoch=36/50] ssl_loss=0.034595 lr=0.00003739 base_val_bce=0.580484 base_best=N base_cls_epoch=40 epoch_sec=2.3 task_elapsed_min=3.3 gpu_alloc_gb=0.272 gpu_reserved_gb=1.510
[ssl_epoch=36/50] ssl_loss=0.034595 lr=0.00003739 base_val_bce=0.580484 base_best=N base_cls_epoch=40 epoch_sec=2.5 elapsed_min=3.3 gpu_alloc_gb=0.272 gpu_reserved_gb=1.510
[repeat=9 fold=4] [epoch=37/50] ssl_loss=0.042618 lr=0.00003270 base_val_bce=0.583777 base_best=N base_cls_epoch=42 epoch_sec=2.4 task_elapsed_min=3.4 gpu_alloc_gb=0.272 gpu_reserved_gb=1.510
[ssl_epoch=37/50] ssl_loss=0.042618 lr=0.00003270 base_val_bce=0.583777 base_best=N base_cls_epoch=42 epoch_sec=3.0 elapsed_min=3.4 gpu_alloc_gb=0.272 gpu_reserved_gb=1.510
[repeat=9 fold=4] [epoch=38/50] ssl_loss=0.042743 lr=0.00002823 base_val_bce=0.591592 base_best=N base_cls_epoch=44 epoch_sec=3.5 task_elapsed_min=3.5 gpu_alloc_gb=0.272 gpu_reserved_gb=1.510
[ssl_epoch=38/50] ssl_loss=0.042743 lr=0.00002823 base_val_bce=0.591592 base_best=N base_cls_epoch=44 epoch_sec=4.5 elapsed_min=3.5 gpu_alloc_gb=0.272 gpu_reserved_gb=1.510
[repeat=9 fold=4] [epoch=39/50] ssl_loss=0.041750 lr=0.00002401 base_val_bce=0.591495 base_best=N base_cls_epoch=41 epoch_sec=3.9 task_elapsed_min=3.5 gpu_alloc_gb=0.272 gpu_reserved_gb=1.510
[ssl_epoch=39/50] ssl_loss=0.041750 lr=0.00002401 base_val_bce=0.591495 base_best=N base_cls_epoch=41 epoch_sec=5.0 elapsed_min=3.5 gpu_alloc_gb=0.272 gpu_reserved_gb=1.510
CHECKPOINT_LATEST repeat=9 scope=internal_cv fold=4 phase=ssl epoch=40 path=/data/adodas/VarCoNet-V2-main/xiaolunwen/experiment2b/checkpoints/worker_r9_latest.pt
[repeat=9 fold=4] [epoch=40/50] ssl_loss=0.039773 lr=0.00002006 base_val_bce=0.589662 base_best=N base_cls_epoch=42 epoch_sec=4.8 task_elapsed_min=3.6 gpu_alloc_gb=0.272 gpu_reserved_gb=1.510
[ssl_epoch=40/50] ssl_loss=0.039773 lr=0.00002006 base_val_bce=0.589662 base_best=N base_cls_epoch=42 epoch_sec=4.8 elapsed_min=3.6 gpu_alloc_gb=0.272 gpu_reserved_gb=1.510
[repeat=9 fold=4] [epoch=41/50] ssl_loss=0.039424 lr=0.00001641 base_val_bce=0.589545 base_best=N base_cls_epoch=36 epoch_sec=3.9 task_elapsed_min=3.7 gpu_alloc_gb=0.272 gpu_reserved_gb=1.510
[ssl_epoch=41/50] ssl_loss=0.039424 lr=0.00001641 base_val_bce=0.589545 base_best=N base_cls_epoch=36 epoch_sec=4.2 elapsed_min=3.7 gpu_alloc_gb=0.272 gpu_reserved_gb=1.510
[repeat=9 fold=4] [epoch=42/50] ssl_loss=0.033928 lr=0.00001308 base_val_bce=0.588256 base_best=N base_cls_epoch=44 epoch_sec=2.9 task_elapsed_min=3.8 gpu_alloc_gb=0.272 gpu_reserved_gb=1.510
[ssl_epoch=42/50] ssl_loss=0.033928 lr=0.00001308 base_val_bce=0.588256 base_best=N base_cls_epoch=44 epoch_sec=3.3 elapsed_min=3.8 gpu_alloc_gb=0.272 gpu_reserved_gb=1.510
[repeat=9 fold=4] [epoch=43/50] ssl_loss=0.047181 lr=0.00001009 base_val_bce=0.598143 base_best=N base_cls_epoch=45 epoch_sec=3.9 task_elapsed_min=3.8 gpu_alloc_gb=0.272 gpu_reserved_gb=1.510
[ssl_epoch=43/50] ssl_loss=0.047181 lr=0.00001009 base_val_bce=0.598143 base_best=N base_cls_epoch=45 epoch_sec=4.4 elapsed_min=3.8 gpu_alloc_gb=0.272 gpu_reserved_gb=1.510
[repeat=9 fold=4] [epoch=44/50] ssl_loss=0.039241 lr=0.00000746 base_val_bce=0.582609 base_best=N base_cls_epoch=43 epoch_sec=3.6 task_elapsed_min=3.9 gpu_alloc_gb=0.272 gpu_reserved_gb=1.510
[ssl_epoch=44/50] ssl_loss=0.039241 lr=0.00000746 base_val_bce=0.582609 base_best=N base_cls_epoch=43 epoch_sec=3.8 elapsed_min=3.9 gpu_alloc_gb=0.272 gpu_reserved_gb=1.510
[repeat=9 fold=4] [epoch=45/50] ssl_loss=0.043015 lr=0.00000521 base_val_bce=0.586671 base_best=N base_cls_epoch=43 epoch_sec=3.5 task_elapsed_min=4.0 gpu_alloc_gb=0.272 gpu_reserved_gb=1.510
[ssl_epoch=45/50] ssl_loss=0.043015 lr=0.00000521 base_val_bce=0.586671 base_best=N base_cls_epoch=43 epoch_sec=3.5 elapsed_min=4.0 gpu_alloc_gb=0.272 gpu_reserved_gb=1.510
[repeat=9 fold=4] [epoch=46/50] ssl_loss=0.047339 lr=0.00000335 base_val_bce=0.586365 base_best=N base_cls_epoch=34 epoch_sec=3.4 task_elapsed_min=4.0 gpu_alloc_gb=0.272 gpu_reserved_gb=1.510
[ssl_epoch=46/50] ssl_loss=0.047339 lr=0.00000335 base_val_bce=0.586365 base_best=N base_cls_epoch=34 epoch_sec=3.6 elapsed_min=4.0 gpu_alloc_gb=0.272 gpu_reserved_gb=1.510
[repeat=9 fold=4] [epoch=47/50] ssl_loss=0.050989 lr=0.00000189 base_val_bce=0.585027 base_best=N base_cls_epoch=42 epoch_sec=3.5 task_elapsed_min=4.1 gpu_alloc_gb=0.272 gpu_reserved_gb=1.510
[ssl_epoch=47/50] ssl_loss=0.050989 lr=0.00000189 base_val_bce=0.585027 base_best=N base_cls_epoch=42 epoch_sec=4.1 elapsed_min=4.1 gpu_alloc_gb=0.272 gpu_reserved_gb=1.510
[repeat=9 fold=4] [epoch=48/50] ssl_loss=0.038939 lr=0.00000084 base_val_bce=0.586564 base_best=N base_cls_epoch=43 epoch_sec=3.1 task_elapsed_min=4.1 gpu_alloc_gb=0.272 gpu_reserved_gb=1.510
[ssl_epoch=48/50] ssl_loss=0.038939 lr=0.00000084 base_val_bce=0.586564 base_best=N base_cls_epoch=43 epoch_sec=3.2 elapsed_min=4.1 gpu_alloc_gb=0.272 gpu_reserved_gb=1.510
[repeat=9 fold=4] [epoch=49/50] ssl_loss=0.033799 lr=0.00000021 base_val_bce=0.589691 base_best=N base_cls_epoch=44 epoch_sec=4.0 task_elapsed_min=4.2 gpu_alloc_gb=0.272 gpu_reserved_gb=1.510
[ssl_epoch=49/50] ssl_loss=0.033799 lr=0.00000021 base_val_bce=0.589691 base_best=N base_cls_epoch=44 epoch_sec=4.7 elapsed_min=4.2 gpu_alloc_gb=0.272 gpu_reserved_gb=1.510
CHECKPOINT_LATEST repeat=9 scope=internal_cv fold=4 phase=ssl epoch=50 path=/data/adodas/VarCoNet-V2-main/xiaolunwen/experiment2b/checkpoints/worker_r9_latest.pt
[repeat=9 fold=4] [epoch=50/50] ssl_loss=0.040506 lr=0.00000000 base_val_bce=0.590953 base_best=N base_cls_epoch=45 epoch_sec=15.0 task_elapsed_min=4.3 gpu_alloc_gb=0.272 gpu_reserved_gb=1.510
[ssl_epoch=50/50] ssl_loss=0.040506 lr=0.00000000 base_val_bce=0.590953 base_best=N base_cls_epoch=45 epoch_sec=15.0 elapsed_min=4.3 gpu_alloc_gb=0.272 gpu_reserved_gb=1.510
RESIDUAL_EPOCH repeat=9 scope=internal_cv fold=4 epoch=0 val_bce=0.579127 best=Y dynamic_dim=73536
CHECKPOINT_BEST repeat=9 scope=internal_cv fold=4 phase=residual epoch=1 path=/data/adodas/VarCoNet-V2-main/xiaolunwen/experiment2b/checkpoints/worker_r9_best.pt
[residual_epoch=1/149] residual_loss=0.219027 val_bce=0.573325 best=Y best_epoch=1 epoch_sec=3.0 task_elapsed_min=4.5
CHECKPOINT_BEST repeat=9 scope=internal_cv fold=4 phase=residual epoch=3 path=/data/adodas/VarCoNet-V2-main/xiaolunwen/experiment2b/checkpoints/worker_r9_best.pt
[residual_epoch=3/149] residual_loss=0.183725 val_bce=0.570396 best=Y best_epoch=3 epoch_sec=0.4 task_elapsed_min=4.5
CHECKPOINT_BEST repeat=9 scope=internal_cv fold=4 phase=residual epoch=4 path=/data/adodas/VarCoNet-V2-main/xiaolunwen/experiment2b/checkpoints/worker_r9_best.pt
[residual_epoch=4/149] residual_loss=0.168896 val_bce=0.567036 best=Y best_epoch=4 epoch_sec=0.2 task_elapsed_min=4.5
CHECKPOINT_BEST repeat=9 scope=internal_cv fold=4 phase=residual epoch=5 path=/data/adodas/VarCoNet-V2-main/xiaolunwen/experiment2b/checkpoints/worker_r9_best.pt
[residual_epoch=5/149] residual_loss=0.155665 val_bce=0.565572 best=Y best_epoch=5 epoch_sec=1.8 task_elapsed_min=4.6
CHECKPOINT_BEST repeat=9 scope=internal_cv fold=4 phase=residual epoch=6 path=/data/adodas/VarCoNet-V2-main/xiaolunwen/experiment2b/checkpoints/worker_r9_best.pt
[residual_epoch=6/149] residual_loss=0.143507 val_bce=0.565163 best=Y best_epoch=6 epoch_sec=2.4 task_elapsed_min=4.6
CHECKPOINT_BEST repeat=9 scope=internal_cv fold=4 phase=residual epoch=7 path=/data/adodas/VarCoNet-V2-main/xiaolunwen/experiment2b/checkpoints/worker_r9_best.pt
[residual_epoch=7/149] residual_loss=0.132391 val_bce=0.564612 best=Y best_epoch=7 epoch_sec=1.7 task_elapsed_min=4.6
CHECKPOINT_BEST repeat=9 scope=internal_cv fold=4 phase=residual epoch=8 path=/data/adodas/VarCoNet-V2-main/xiaolunwen/experiment2b/checkpoints/worker_r9_best.pt
[residual_epoch=8/149] residual_loss=0.122372 val_bce=0.563118 best=Y best_epoch=8 epoch_sec=3.5 task_elapsed_min=4.7
CHECKPOINT_BEST repeat=9 scope=internal_cv fold=4 phase=residual epoch=9 path=/data/adodas/VarCoNet-V2-main/xiaolunwen/experiment2b/checkpoints/worker_r9_best.pt
[residual_epoch=9/149] residual_loss=0.113112 val_bce=0.561499 best=Y best_epoch=9 epoch_sec=3.7 task_elapsed_min=4.7
CHECKPOINT_BEST repeat=9 scope=internal_cv fold=4 phase=residual epoch=10 path=/data/adodas/VarCoNet-V2-main/xiaolunwen/experiment2b/checkpoints/worker_r9_best.pt
[residual_epoch=10/149] residual_loss=0.104712 val_bce=0.560447 best=Y best_epoch=10 epoch_sec=0.9 task_elapsed_min=4.8
CHECKPOINT_BEST repeat=9 scope=internal_cv fold=4 phase=residual epoch=11 path=/data/adodas/VarCoNet-V2-main/xiaolunwen/experiment2b/checkpoints/worker_r9_best.pt
[residual_epoch=11/149] residual_loss=0.097092 val_bce=0.559968 best=Y best_epoch=11 epoch_sec=0.2 task_elapsed_min=4.8
CHECKPOINT_BEST repeat=9 scope=internal_cv fold=4 phase=residual epoch=12 path=/data/adodas/VarCoNet-V2-main/xiaolunwen/experiment2b/checkpoints/worker_r9_best.pt
[residual_epoch=12/149] residual_loss=0.090081 val_bce=0.559869 best=Y best_epoch=12 epoch_sec=0.3 task_elapsed_min=4.8
CHECKPOINT_BEST repeat=9 scope=internal_cv fold=4 phase=residual epoch=13 path=/data/adodas/VarCoNet-V2-main/xiaolunwen/experiment2b/checkpoints/worker_r9_best.pt
[residual_epoch=13/149] residual_loss=0.083705 val_bce=0.559713 best=Y best_epoch=13 epoch_sec=0.2 task_elapsed_min=4.8
CHECKPOINT_BEST repeat=9 scope=internal_cv fold=4 phase=residual epoch=14 path=/data/adodas/VarCoNet-V2-main/xiaolunwen/experiment2b/checkpoints/worker_r9_best.pt
[residual_epoch=14/149] residual_loss=0.077919 val_bce=0.559159 best=Y best_epoch=14 epoch_sec=1.6 task_elapsed_min=4.8
CHECKPOINT_BEST repeat=9 scope=internal_cv fold=4 phase=residual epoch=15 path=/data/adodas/VarCoNet-V2-main/xiaolunwen/experiment2b/checkpoints/worker_r9_best.pt
[residual_epoch=15/149] residual_loss=0.072609 val_bce=0.558380 best=Y best_epoch=15 epoch_sec=1.4 task_elapsed_min=4.8
CHECKPOINT_BEST repeat=9 scope=internal_cv fold=4 phase=residual epoch=16 path=/data/adodas/VarCoNet-V2-main/xiaolunwen/experiment2b/checkpoints/worker_r9_best.pt
[residual_epoch=16/149] residual_loss=0.067753 val_bce=0.557748 best=Y best_epoch=16 epoch_sec=1.4 task_elapsed_min=4.8
CHECKPOINT_BEST repeat=9 scope=internal_cv fold=4 phase=residual epoch=17 path=/data/adodas/VarCoNet-V2-main/xiaolunwen/experiment2b/checkpoints/worker_r9_best.pt
[residual_epoch=17/149] residual_loss=0.063340 val_bce=0.557436 best=Y best_epoch=17 epoch_sec=3.3 task_elapsed_min=4.9
CHECKPOINT_LATEST repeat=9 scope=internal_cv fold=4 phase=residual epoch=20 path=/data/adodas/VarCoNet-V2-main/xiaolunwen/experiment2b/checkpoints/worker_r9_latest.pt
[residual_epoch=20/149] residual_loss=0.052202 val_bce=0.557873 best=N best_epoch=17 epoch_sec=2.5 task_elapsed_min=4.9
CHECKPOINT_LATEST repeat=9 scope=internal_cv fold=4 phase=residual epoch=30 path=/data/adodas/VarCoNet-V2-main/xiaolunwen/experiment2b/checkpoints/worker_r9_latest.pt
[residual_epoch=30/149] residual_loss=0.030360 val_bce=0.560664 best=N best_epoch=17 epoch_sec=0.8 task_elapsed_min=5.0
CHECKPOINT_LATEST repeat=9 scope=internal_cv fold=4 phase=residual epoch=40 path=/data/adodas/VarCoNet-V2-main/xiaolunwen/experiment2b/checkpoints/worker_r9_latest.pt
[residual_epoch=40/149] residual_loss=0.020327 val_bce=0.566331 best=N best_epoch=17 epoch_sec=0.2 task_elapsed_min=5.0
CHECKPOINT_LATEST repeat=9 scope=internal_cv fold=4 phase=residual epoch=50 path=/data/adodas/VarCoNet-V2-main/xiaolunwen/experiment2b/checkpoints/worker_r9_latest.pt
[residual_epoch=50/149] residual_loss=0.015087 val_bce=0.572313 best=N best_epoch=17 epoch_sec=0.2 task_elapsed_min=5.0
CHECKPOINT_LATEST repeat=9 scope=internal_cv fold=4 phase=residual epoch=60 path=/data/adodas/VarCoNet-V2-main/xiaolunwen/experiment2b/checkpoints/worker_r9_latest.pt
[residual_epoch=60/149] residual_loss=0.011978 val_bce=0.577842 best=N best_epoch=17 epoch_sec=0.2 task_elapsed_min=5.0
CHECKPOINT_LATEST repeat=9 scope=internal_cv fold=4 phase=residual epoch=70 path=/data/adodas/VarCoNet-V2-main/xiaolunwen/experiment2b/checkpoints/worker_r9_latest.pt
[residual_epoch=70/149] residual_loss=0.009925 val_bce=0.582853 best=N best_epoch=17 epoch_sec=0.3 task_elapsed_min=5.0
CHECKPOINT_LATEST repeat=9 scope=internal_cv fold=4 phase=residual epoch=80 path=/data/adodas/VarCoNet-V2-main/xiaolunwen/experiment2b/checkpoints/worker_r9_latest.pt
[residual_epoch=80/149] residual_loss=0.008455 val_bce=0.587440 best=N best_epoch=17 epoch_sec=0.2 task_elapsed_min=5.0
CHECKPOINT_LATEST repeat=9 scope=internal_cv fold=4 phase=residual epoch=90 path=/data/adodas/VarCoNet-V2-main/xiaolunwen/experiment2b/checkpoints/worker_r9_latest.pt
[residual_epoch=90/149] residual_loss=0.007341 val_bce=0.591655 best=N best_epoch=17 epoch_sec=0.6 task_elapsed_min=5.0
CHECKPOINT_LATEST repeat=9 scope=internal_cv fold=4 phase=residual epoch=100 path=/data/adodas/VarCoNet-V2-main/xiaolunwen/experiment2b/checkpoints/worker_r9_latest.pt
[residual_epoch=100/149] residual_loss=0.006463 val_bce=0.595578 best=N best_epoch=17 epoch_sec=1.9 task_elapsed_min=5.0
CHECKPOINT_LATEST repeat=9 scope=internal_cv fold=4 phase=residual epoch=110 path=/data/adodas/VarCoNet-V2-main/xiaolunwen/experiment2b/checkpoints/worker_r9_latest.pt
[residual_epoch=110/149] residual_loss=0.005752 val_bce=0.599322 best=N best_epoch=17 epoch_sec=2.8 task_elapsed_min=5.0
CHECKPOINT_LATEST repeat=9 scope=internal_cv fold=4 phase=residual epoch=120 path=/data/adodas/VarCoNet-V2-main/xiaolunwen/experiment2b/checkpoints/worker_r9_latest.pt
[residual_epoch=120/149] residual_loss=0.005164 val_bce=0.602900 best=N best_epoch=17 epoch_sec=1.3 task_elapsed_min=5.1
CHECKPOINT_LATEST repeat=9 scope=internal_cv fold=4 phase=residual epoch=130 path=/data/adodas/VarCoNet-V2-main/xiaolunwen/experiment2b/checkpoints/worker_r9_latest.pt
[residual_epoch=130/149] residual_loss=0.004670 val_bce=0.606317 best=N best_epoch=17 epoch_sec=0.9 task_elapsed_min=5.1
CHECKPOINT_LATEST repeat=9 scope=internal_cv fold=4 phase=residual epoch=140 path=/data/adodas/VarCoNet-V2-main/xiaolunwen/experiment2b/checkpoints/worker_r9_latest.pt
[residual_epoch=140/149] residual_loss=0.004250 val_bce=0.609607 best=N best_epoch=17 epoch_sec=0.7 task_elapsed_min=5.1
RESIDUAL_DONE repeat=9 scope=internal_cv fold=4 selected_encoder_epoch=21 selected_classifier_epoch=41 selected_residual_epoch=17 val_bce=0.557436
TASK_TRAINING_DONE repeat=9 scope=internal_cv fold=4 base_epoch=21 dyn_epoch=21 base_val_bce=0.579127 dyn_val_bce=0.557436
TASK_DONE repeat=9 scope=internal_fold fold=4 method=baseline selected_encoder_epoch=21 test_auc=0.707039 test_bce=0.616878 elapsed_min=5.1
TASK_DONE repeat=9 scope=internal_fold fold=4 method=pretransformer_edge_residual selected_encoder_epoch=21 test_auc=0.664596 test_bce=0.675715 elapsed_min=5.1
TASK_START repeat=9 scope=internal_cv fold=5 seed=100905 device=cuda:0 shared_encoder=Y
CHECKPOINT_BEST repeat=9 scope=internal_cv fold=5 phase=ssl epoch=1 path=/data/adodas/VarCoNet-V2-main/xiaolunwen/experiment2b/checkpoints/worker_r9_best.pt
[repeat=9 fold=5] [epoch=1/50] ssl_loss=0.166920 lr=0.00002411 base_val_bce=0.614347 base_best=Y base_cls_epoch=49 epoch_sec=13.6 task_elapsed_min=0.1 gpu_alloc_gb=0.272 gpu_reserved_gb=1.510
[ssl_epoch=1/50] ssl_loss=0.166920 lr=0.00002411 base_val_bce=0.614347 base_best=Y base_cls_epoch=49 epoch_sec=13.6 elapsed_min=0.1 gpu_alloc_gb=0.272 gpu_reserved_gb=1.510
CHECKPOINT_BEST repeat=9 scope=internal_cv fold=5 phase=ssl epoch=2 path=/data/adodas/VarCoNet-V2-main/xiaolunwen/experiment2b/checkpoints/worker_r9_best.pt
[repeat=9 fold=5] [epoch=2/50] ssl_loss=0.135025 lr=0.00003821 base_val_bce=0.602641 base_best=Y base_cls_epoch=41 epoch_sec=4.1 task_elapsed_min=0.3 gpu_alloc_gb=0.272 gpu_reserved_gb=1.510
[ssl_epoch=2/50] ssl_loss=0.135025 lr=0.00003821 base_val_bce=0.602641 base_best=Y base_cls_epoch=41 epoch_sec=4.1 elapsed_min=0.3 gpu_alloc_gb=0.272 gpu_reserved_gb=1.510
[repeat=9 fold=5] [epoch=3/50] ssl_loss=0.110835 lr=0.00005232 base_val_bce=0.605060 base_best=N base_cls_epoch=44 epoch_sec=2.9 task_elapsed_min=0.4 gpu_alloc_gb=0.272 gpu_reserved_gb=1.510
[ssl_epoch=3/50] ssl_loss=0.110835 lr=0.00005232 base_val_bce=0.605060 base_best=N base_cls_epoch=44 epoch_sec=3.0 elapsed_min=0.4 gpu_alloc_gb=0.272 gpu_reserved_gb=1.510
[repeat=9 fold=5] [epoch=4/50] ssl_loss=0.098197 lr=0.00006643 base_val_bce=0.612311 base_best=N base_cls_epoch=43 epoch_sec=4.2 task_elapsed_min=0.4 gpu_alloc_gb=0.272 gpu_reserved_gb=1.510
[ssl_epoch=4/50] ssl_loss=0.098197 lr=0.00006643 base_val_bce=0.612311 base_best=N base_cls_epoch=43 epoch_sec=4.8 elapsed_min=0.4 gpu_alloc_gb=0.272 gpu_reserved_gb=1.510
[repeat=9 fold=5] [epoch=5/50] ssl_loss=0.080037 lr=0.00008053 base_val_bce=0.605259 base_best=N base_cls_epoch=36 epoch_sec=2.7 task_elapsed_min=0.5 gpu_alloc_gb=0.272 gpu_reserved_gb=1.510
[ssl_epoch=5/50] ssl_loss=0.080037 lr=0.00008053 base_val_bce=0.605259 base_best=N base_cls_epoch=36 epoch_sec=3.1 elapsed_min=0.5 gpu_alloc_gb=0.272 gpu_reserved_gb=1.510
[repeat=9 fold=5] [epoch=6/50] ssl_loss=0.074233 lr=0.00009464 base_val_bce=0.605112 base_best=N base_cls_epoch=36 epoch_sec=3.5 task_elapsed_min=0.6 gpu_alloc_gb=0.272 gpu_reserved_gb=1.510
[ssl_epoch=6/50] ssl_loss=0.074233 lr=0.00009464 base_val_bce=0.605112 base_best=N base_cls_epoch=36 epoch_sec=3.6 elapsed_min=0.6 gpu_alloc_gb=0.272 gpu_reserved_gb=1.510
[repeat=9 fold=5] [epoch=7/50] ssl_loss=0.071604 lr=0.00010875 base_val_bce=0.610184 base_best=N base_cls_epoch=37 epoch_sec=2.7 task_elapsed_min=0.6 gpu_alloc_gb=0.272 gpu_reserved_gb=1.510
[ssl_epoch=7/50] ssl_loss=0.071604 lr=0.00010875 base_val_bce=0.610184 base_best=N base_cls_epoch=37 epoch_sec=3.1 elapsed_min=0.6 gpu_alloc_gb=0.272 gpu_reserved_gb=1.510
[repeat=9 fold=5] [epoch=8/50] ssl_loss=0.068052 lr=0.00012285 base_val_bce=0.606445 base_best=N base_cls_epoch=26 epoch_sec=2.7 task_elapsed_min=0.7 gpu_alloc_gb=0.272 gpu_reserved_gb=1.510
[ssl_epoch=8/50] ssl_loss=0.068052 lr=0.00012285 base_val_bce=0.606445 base_best=N base_cls_epoch=26 epoch_sec=2.9 elapsed_min=0.7 gpu_alloc_gb=0.272 gpu_reserved_gb=1.510
[repeat=9 fold=5] [epoch=9/50] ssl_loss=0.064014 lr=0.00013696 base_val_bce=0.617999 base_best=N base_cls_epoch=26 epoch_sec=2.7 task_elapsed_min=0.7 gpu_alloc_gb=0.272 gpu_reserved_gb=1.510
[ssl_epoch=9/50] ssl_loss=0.064014 lr=0.00013696 base_val_bce=0.617999 base_best=N base_cls_epoch=26 epoch_sec=3.8 elapsed_min=0.7 gpu_alloc_gb=0.272 gpu_reserved_gb=1.510
CHECKPOINT_LATEST repeat=9 scope=internal_cv fold=5 phase=ssl epoch=10 path=/data/adodas/VarCoNet-V2-main/xiaolunwen/experiment2b/checkpoints/worker_r9_latest.pt
[repeat=9 fold=5] [epoch=10/50] ssl_loss=0.065169 lr=0.00013696 base_val_bce=0.605538 base_best=N base_cls_epoch=34 epoch_sec=7.2 task_elapsed_min=0.8 gpu_alloc_gb=0.272 gpu_reserved_gb=1.510
[ssl_epoch=10/50] ssl_loss=0.065169 lr=0.00013696 base_val_bce=0.605538 base_best=N base_cls_epoch=34 epoch_sec=7.2 elapsed_min=0.8 gpu_alloc_gb=0.272 gpu_reserved_gb=1.510
[repeat=9 fold=5] [epoch=11/50] ssl_loss=0.058927 lr=0.00013675 base_val_bce=0.613080 base_best=N base_cls_epoch=26 epoch_sec=2.7 task_elapsed_min=0.9 gpu_alloc_gb=0.272 gpu_reserved_gb=1.510
[ssl_epoch=11/50] ssl_loss=0.058927 lr=0.00013675 base_val_bce=0.613080 base_best=N base_cls_epoch=26 epoch_sec=3.2 elapsed_min=0.9 gpu_alloc_gb=0.272 gpu_reserved_gb=1.510
[repeat=9 fold=5] [epoch=12/50] ssl_loss=0.064851 lr=0.00013612 base_val_bce=0.614643 base_best=N base_cls_epoch=26 epoch_sec=2.2 task_elapsed_min=1.0 gpu_alloc_gb=0.272 gpu_reserved_gb=1.510
[ssl_epoch=12/50] ssl_loss=0.064851 lr=0.00013612 base_val_bce=0.614643 base_best=N base_cls_epoch=26 epoch_sec=2.3 elapsed_min=1.0 gpu_alloc_gb=0.272 gpu_reserved_gb=1.510
[repeat=9 fold=5] [epoch=13/50] ssl_loss=0.058364 lr=0.00013507 base_val_bce=0.610040 base_best=N base_cls_epoch=30 epoch_sec=2.8 task_elapsed_min=1.0 gpu_alloc_gb=0.272 gpu_reserved_gb=1.510
[ssl_epoch=13/50] ssl_loss=0.058364 lr=0.00013507 base_val_bce=0.610040 base_best=N base_cls_epoch=30 epoch_sec=2.9 elapsed_min=1.0 gpu_alloc_gb=0.272 gpu_reserved_gb=1.510
[repeat=9 fold=5] [epoch=14/50] ssl_loss=0.044848 lr=0.00013361 base_val_bce=0.610741 base_best=N base_cls_epoch=27 epoch_sec=2.9 task_elapsed_min=1.0 gpu_alloc_gb=0.272 gpu_reserved_gb=1.510
[ssl_epoch=14/50] ssl_loss=0.044848 lr=0.00013361 base_val_bce=0.610741 base_best=N base_cls_epoch=27 epoch_sec=3.3 elapsed_min=1.0 gpu_alloc_gb=0.272 gpu_reserved_gb=1.510
[repeat=9 fold=5] [epoch=15/50] ssl_loss=0.053161 lr=0.00013175 base_val_bce=0.623521 base_best=N base_cls_epoch=24 epoch_sec=2.5 task_elapsed_min=1.1 gpu_alloc_gb=0.272 gpu_reserved_gb=1.510
[ssl_epoch=15/50] ssl_loss=0.053161 lr=0.00013175 base_val_bce=0.623521 base_best=N base_cls_epoch=24 epoch_sec=2.5 elapsed_min=1.1 gpu_alloc_gb=0.272 gpu_reserved_gb=1.510
[repeat=9 fold=5] [epoch=16/50] ssl_loss=0.062405 lr=0.00012950 base_val_bce=0.613805 base_best=N base_cls_epoch=24 epoch_sec=5.2 task_elapsed_min=1.2 gpu_alloc_gb=0.272 gpu_reserved_gb=1.510
[ssl_epoch=16/50] ssl_loss=0.062405 lr=0.00012950 base_val_bce=0.613805 base_best=N base_cls_epoch=24 epoch_sec=6.4 elapsed_min=1.2 gpu_alloc_gb=0.272 gpu_reserved_gb=1.510
[repeat=9 fold=5] [epoch=17/50] ssl_loss=0.058040 lr=0.00012687 base_val_bce=0.615926 base_best=N base_cls_epoch=24 epoch_sec=2.7 task_elapsed_min=1.3 gpu_alloc_gb=0.272 gpu_reserved_gb=1.510
[ssl_epoch=17/50] ssl_loss=0.058040 lr=0.00012687 base_val_bce=0.615926 base_best=N base_cls_epoch=24 epoch_sec=2.7 elapsed_min=1.3 gpu_alloc_gb=0.272 gpu_reserved_gb=1.510
[repeat=9 fold=5] [epoch=18/50] ssl_loss=0.045054 lr=0.00012388 base_val_bce=0.625151 base_best=N base_cls_epoch=27 epoch_sec=3.4 task_elapsed_min=1.3 gpu_alloc_gb=0.272 gpu_reserved_gb=1.510
[ssl_epoch=18/50] ssl_loss=0.045054 lr=0.00012388 base_val_bce=0.625151 base_best=N base_cls_epoch=27 epoch_sec=4.8 elapsed_min=1.3 gpu_alloc_gb=0.272 gpu_reserved_gb=1.510
[repeat=9 fold=5] [epoch=19/50] ssl_loss=0.046997 lr=0.00012055 base_val_bce=0.611255 base_best=N base_cls_epoch=23 epoch_sec=3.5 task_elapsed_min=1.4 gpu_alloc_gb=0.272 gpu_reserved_gb=1.510
[ssl_epoch=19/50] ssl_loss=0.046997 lr=0.00012055 base_val_bce=0.611255 base_best=N base_cls_epoch=23 epoch_sec=3.6 elapsed_min=1.4 gpu_alloc_gb=0.272 gpu_reserved_gb=1.510
CHECKPOINT_LATEST repeat=9 scope=internal_cv fold=5 phase=ssl epoch=20 path=/data/adodas/VarCoNet-V2-main/xiaolunwen/experiment2b/checkpoints/worker_r9_latest.pt
[repeat=9 fold=5] [epoch=20/50] ssl_loss=0.048953 lr=0.00011690 base_val_bce=0.617039 base_best=N base_cls_epoch=27 epoch_sec=6.2 task_elapsed_min=1.5 gpu_alloc_gb=0.272 gpu_reserved_gb=1.510
[ssl_epoch=20/50] ssl_loss=0.048953 lr=0.00011690 base_val_bce=0.617039 base_best=N base_cls_epoch=27 epoch_sec=6.2 elapsed_min=1.5 gpu_alloc_gb=0.272 gpu_reserved_gb=1.510
[repeat=9 fold=5] [epoch=21/50] ssl_loss=0.061229 lr=0.00011296 base_val_bce=0.614296 base_best=N base_cls_epoch=23 epoch_sec=2.5 task_elapsed_min=1.6 gpu_alloc_gb=0.272 gpu_reserved_gb=1.510
[ssl_epoch=21/50] ssl_loss=0.061229 lr=0.00011296 base_val_bce=0.614296 base_best=N base_cls_epoch=23 epoch_sec=2.6 elapsed_min=1.6 gpu_alloc_gb=0.272 gpu_reserved_gb=1.510
[repeat=9 fold=5] [epoch=22/50] ssl_loss=0.044861 lr=0.00010873 base_val_bce=0.629380 base_best=N base_cls_epoch=27 epoch_sec=2.6 task_elapsed_min=1.6 gpu_alloc_gb=0.272 gpu_reserved_gb=1.510
[ssl_epoch=22/50] ssl_loss=0.044861 lr=0.00010873 base_val_bce=0.629380 base_best=N base_cls_epoch=27 epoch_sec=2.9 elapsed_min=1.6 gpu_alloc_gb=0.272 gpu_reserved_gb=1.510
[repeat=9 fold=5] [epoch=23/50] ssl_loss=0.041588 lr=0.00010426 base_val_bce=0.615805 base_best=N base_cls_epoch=23 epoch_sec=3.1 task_elapsed_min=1.7 gpu_alloc_gb=0.272 gpu_reserved_gb=1.510
[ssl_epoch=23/50] ssl_loss=0.041588 lr=0.00010426 base_val_bce=0.615805 base_best=N base_cls_epoch=23 epoch_sec=3.4 elapsed_min=1.7 gpu_alloc_gb=0.272 gpu_reserved_gb=1.510
[repeat=9 fold=5] [epoch=24/50] ssl_loss=0.047169 lr=0.00009957 base_val_bce=0.627189 base_best=N base_cls_epoch=25 epoch_sec=2.0 task_elapsed_min=1.7 gpu_alloc_gb=0.272 gpu_reserved_gb=1.510
[ssl_epoch=24/50] ssl_loss=0.047169 lr=0.00009957 base_val_bce=0.627189 base_best=N base_cls_epoch=25 epoch_sec=2.0 elapsed_min=1.7 gpu_alloc_gb=0.272 gpu_reserved_gb=1.510
[repeat=9 fold=5] [epoch=25/50] ssl_loss=0.042731 lr=0.00009469 base_val_bce=0.624495 base_best=N base_cls_epoch=24 epoch_sec=2.3 task_elapsed_min=1.7 gpu_alloc_gb=0.272 gpu_reserved_gb=1.510
[ssl_epoch=25/50] ssl_loss=0.042731 lr=0.00009469 base_val_bce=0.624495 base_best=N base_cls_epoch=24 epoch_sec=2.3 elapsed_min=1.7 gpu_alloc_gb=0.272 gpu_reserved_gb=1.510
[repeat=9 fold=5] [epoch=26/50] ssl_loss=0.045312 lr=0.00008964 base_val_bce=0.619216 base_best=N base_cls_epoch=22 epoch_sec=3.0 task_elapsed_min=1.8 gpu_alloc_gb=0.272 gpu_reserved_gb=1.510
[ssl_epoch=26/50] ssl_loss=0.045312 lr=0.00008964 base_val_bce=0.619216 base_best=N base_cls_epoch=22 epoch_sec=3.1 elapsed_min=1.8 gpu_alloc_gb=0.272 gpu_reserved_gb=1.510
[repeat=9 fold=5] [epoch=27/50] ssl_loss=0.041700 lr=0.00008447 base_val_bce=0.615100 base_best=N base_cls_epoch=24 epoch_sec=4.2 task_elapsed_min=1.9 gpu_alloc_gb=0.272 gpu_reserved_gb=1.510
[ssl_epoch=27/50] ssl_loss=0.041700 lr=0.00008447 base_val_bce=0.615100 base_best=N base_cls_epoch=24 epoch_sec=4.3 elapsed_min=1.9 gpu_alloc_gb=0.272 gpu_reserved_gb=1.510
[repeat=9 fold=5] [epoch=28/50] ssl_loss=0.049383 lr=0.00007919 base_val_bce=0.625757 base_best=N base_cls_epoch=23 epoch_sec=3.5 task_elapsed_min=1.9 gpu_alloc_gb=0.272 gpu_reserved_gb=1.510
[ssl_epoch=28/50] ssl_loss=0.049383 lr=0.00007919 base_val_bce=0.625757 base_best=N base_cls_epoch=23 epoch_sec=3.5 elapsed_min=1.9 gpu_alloc_gb=0.272 gpu_reserved_gb=1.510
[repeat=9 fold=5] [epoch=29/50] ssl_loss=0.044613 lr=0.00007385 base_val_bce=0.617761 base_best=N base_cls_epoch=22 epoch_sec=3.1 task_elapsed_min=2.0 gpu_alloc_gb=0.272 gpu_reserved_gb=1.510
[ssl_epoch=29/50] ssl_loss=0.044613 lr=0.00007385 base_val_bce=0.617761 base_best=N base_cls_epoch=22 epoch_sec=3.1 elapsed_min=2.0 gpu_alloc_gb=0.272 gpu_reserved_gb=1.510
CHECKPOINT_LATEST repeat=9 scope=internal_cv fold=5 phase=ssl epoch=30 path=/data/adodas/VarCoNet-V2-main/xiaolunwen/experiment2b/checkpoints/worker_r9_latest.pt
[repeat=9 fold=5] [epoch=30/50] ssl_loss=0.038716 lr=0.00006848 base_val_bce=0.609668 base_best=N base_cls_epoch=24 epoch_sec=5.5 task_elapsed_min=2.0 gpu_alloc_gb=0.272 gpu_reserved_gb=1.510
[ssl_epoch=30/50] ssl_loss=0.038716 lr=0.00006848 base_val_bce=0.609668 base_best=N base_cls_epoch=24 epoch_sec=5.5 elapsed_min=2.0 gpu_alloc_gb=0.272 gpu_reserved_gb=1.510
[repeat=9 fold=5] [epoch=31/50] ssl_loss=0.037149 lr=0.00006311 base_val_bce=0.617062 base_best=N base_cls_epoch=22 epoch_sec=2.6 task_elapsed_min=2.1 gpu_alloc_gb=0.272 gpu_reserved_gb=1.510
[ssl_epoch=31/50] ssl_loss=0.037149 lr=0.00006311 base_val_bce=0.617062 base_best=N base_cls_epoch=22 epoch_sec=2.7 elapsed_min=2.1 gpu_alloc_gb=0.272 gpu_reserved_gb=1.510
[repeat=9 fold=5] [epoch=32/50] ssl_loss=0.036184 lr=0.00005777 base_val_bce=0.621481 base_best=N base_cls_epoch=23 epoch_sec=2.7 task_elapsed_min=2.2 gpu_alloc_gb=0.272 gpu_reserved_gb=1.510
[ssl_epoch=32/50] ssl_loss=0.036184 lr=0.00005777 base_val_bce=0.621481 base_best=N base_cls_epoch=23 epoch_sec=3.7 elapsed_min=2.2 gpu_alloc_gb=0.272 gpu_reserved_gb=1.510
[repeat=9 fold=5] [epoch=33/50] ssl_loss=0.031825 lr=0.00005249 base_val_bce=0.617893 base_best=N base_cls_epoch=27 epoch_sec=2.5 task_elapsed_min=2.2 gpu_alloc_gb=0.272 gpu_reserved_gb=1.510
[ssl_epoch=33/50] ssl_loss=0.031825 lr=0.00005249 base_val_bce=0.617893 base_best=N base_cls_epoch=27 epoch_sec=2.6 elapsed_min=2.2 gpu_alloc_gb=0.272 gpu_reserved_gb=1.510
[repeat=9 fold=5] [epoch=34/50] ssl_loss=0.036088 lr=0.00004732 base_val_bce=0.624459 base_best=N base_cls_epoch=22 epoch_sec=3.4 task_elapsed_min=2.3 gpu_alloc_gb=0.272 gpu_reserved_gb=1.510
[ssl_epoch=34/50] ssl_loss=0.036088 lr=0.00004732 base_val_bce=0.624459 base_best=N base_cls_epoch=22 epoch_sec=3.4 elapsed_min=2.3 gpu_alloc_gb=0.272 gpu_reserved_gb=1.510
[repeat=9 fold=5] [epoch=35/50] ssl_loss=0.045193 lr=0.00004227 base_val_bce=0.614701 base_best=N base_cls_epoch=25 epoch_sec=3.3 task_elapsed_min=2.3 gpu_alloc_gb=0.272 gpu_reserved_gb=1.510
[ssl_epoch=35/50] ssl_loss=0.045193 lr=0.00004227 base_val_bce=0.614701 base_best=N base_cls_epoch=25 epoch_sec=3.4 elapsed_min=2.3 gpu_alloc_gb=0.272 gpu_reserved_gb=1.510
[repeat=9 fold=5] [epoch=36/50] ssl_loss=0.044583 lr=0.00003739 base_val_bce=0.624464 base_best=N base_cls_epoch=23 epoch_sec=3.8 task_elapsed_min=2.4 gpu_alloc_gb=0.272 gpu_reserved_gb=1.510
[ssl_epoch=36/50] ssl_loss=0.044583 lr=0.00003739 base_val_bce=0.624464 base_best=N base_cls_epoch=23 epoch_sec=3.8 elapsed_min=2.4 gpu_alloc_gb=0.272 gpu_reserved_gb=1.510
[repeat=9 fold=5] [epoch=37/50] ssl_loss=0.044525 lr=0.00003270 base_val_bce=0.613090 base_best=N base_cls_epoch=24 epoch_sec=3.3 task_elapsed_min=2.5 gpu_alloc_gb=0.272 gpu_reserved_gb=1.510
[ssl_epoch=37/50] ssl_loss=0.044525 lr=0.00003270 base_val_bce=0.613090 base_best=N base_cls_epoch=24 epoch_sec=3.4 elapsed_min=2.5 gpu_alloc_gb=0.272 gpu_reserved_gb=1.510
[repeat=9 fold=5] [epoch=38/50] ssl_loss=0.038971 lr=0.00002823 base_val_bce=0.615315 base_best=N base_cls_epoch=25 epoch_sec=5.4 task_elapsed_min=2.5 gpu_alloc_gb=0.272 gpu_reserved_gb=1.510
[ssl_epoch=38/50] ssl_loss=0.038971 lr=0.00002823 base_val_bce=0.615315 base_best=N base_cls_epoch=25 epoch_sec=6.4 elapsed_min=2.5 gpu_alloc_gb=0.272 gpu_reserved_gb=1.510
[repeat=9 fold=5] [epoch=39/50] ssl_loss=0.043785 lr=0.00002401 base_val_bce=0.604689 base_best=N base_cls_epoch=25 epoch_sec=2.5 task_elapsed_min=2.6 gpu_alloc_gb=0.272 gpu_reserved_gb=1.510
[ssl_epoch=39/50] ssl_loss=0.043785 lr=0.00002401 base_val_bce=0.604689 base_best=N base_cls_epoch=25 epoch_sec=2.9 elapsed_min=2.6 gpu_alloc_gb=0.272 gpu_reserved_gb=1.510
CHECKPOINT_LATEST repeat=9 scope=internal_cv fold=5 phase=ssl epoch=40 path=/data/adodas/VarCoNet-V2-main/xiaolunwen/experiment2b/checkpoints/worker_r9_latest.pt
[repeat=9 fold=5] [epoch=40/50] ssl_loss=0.049027 lr=0.00002006 base_val_bce=0.606886 base_best=N base_cls_epoch=23 epoch_sec=3.7 task_elapsed_min=2.7 gpu_alloc_gb=0.272 gpu_reserved_gb=1.510
[ssl_epoch=40/50] ssl_loss=0.049027 lr=0.00002006 base_val_bce=0.606886 base_best=N base_cls_epoch=23 epoch_sec=3.7 elapsed_min=2.7 gpu_alloc_gb=0.272 gpu_reserved_gb=1.510
[repeat=9 fold=5] [epoch=41/50] ssl_loss=0.036148 lr=0.00001641 base_val_bce=0.616665 base_best=N base_cls_epoch=23 epoch_sec=4.1 task_elapsed_min=2.7 gpu_alloc_gb=0.272 gpu_reserved_gb=1.510
[ssl_epoch=41/50] ssl_loss=0.036148 lr=0.00001641 base_val_bce=0.616665 base_best=N base_cls_epoch=23 epoch_sec=4.3 elapsed_min=2.7 gpu_alloc_gb=0.272 gpu_reserved_gb=1.510
[repeat=9 fold=5] [epoch=42/50] ssl_loss=0.043106 lr=0.00001308 base_val_bce=0.617501 base_best=N base_cls_epoch=23 epoch_sec=3.8 task_elapsed_min=2.8 gpu_alloc_gb=0.272 gpu_reserved_gb=1.510
[ssl_epoch=42/50] ssl_loss=0.043106 lr=0.00001308 base_val_bce=0.617501 base_best=N base_cls_epoch=23 epoch_sec=4.2 elapsed_min=2.8 gpu_alloc_gb=0.272 gpu_reserved_gb=1.510
[repeat=9 fold=5] [epoch=43/50] ssl_loss=0.036749 lr=0.00001009 base_val_bce=0.616046 base_best=N base_cls_epoch=25 epoch_sec=2.2 task_elapsed_min=2.9 gpu_alloc_gb=0.272 gpu_reserved_gb=1.510
[ssl_epoch=43/50] ssl_loss=0.036749 lr=0.00001009 base_val_bce=0.616046 base_best=N base_cls_epoch=25 epoch_sec=2.6 elapsed_min=2.9 gpu_alloc_gb=0.272 gpu_reserved_gb=1.510
[repeat=9 fold=5] [epoch=44/50] ssl_loss=0.039147 lr=0.00000746 base_val_bce=0.624206 base_best=N base_cls_epoch=24 epoch_sec=3.5 task_elapsed_min=2.9 gpu_alloc_gb=0.272 gpu_reserved_gb=1.510
[ssl_epoch=44/50] ssl_loss=0.039147 lr=0.00000746 base_val_bce=0.624206 base_best=N base_cls_epoch=24 epoch_sec=3.7 elapsed_min=2.9 gpu_alloc_gb=0.272 gpu_reserved_gb=1.510
[repeat=9 fold=5] [epoch=45/50] ssl_loss=0.055733 lr=0.00000521 base_val_bce=0.607718 base_best=N base_cls_epoch=23 epoch_sec=3.3 task_elapsed_min=3.0 gpu_alloc_gb=0.272 gpu_reserved_gb=1.510
[ssl_epoch=45/50] ssl_loss=0.055733 lr=0.00000521 base_val_bce=0.607718 base_best=N base_cls_epoch=23 epoch_sec=3.6 elapsed_min=3.0 gpu_alloc_gb=0.272 gpu_reserved_gb=1.510
[repeat=9 fold=5] [epoch=46/50] ssl_loss=0.040583 lr=0.00000335 base_val_bce=0.620657 base_best=N base_cls_epoch=24 epoch_sec=3.1 task_elapsed_min=3.1 gpu_alloc_gb=0.272 gpu_reserved_gb=1.510
[ssl_epoch=46/50] ssl_loss=0.040583 lr=0.00000335 base_val_bce=0.620657 base_best=N base_cls_epoch=24 epoch_sec=4.1 elapsed_min=3.1 gpu_alloc_gb=0.272 gpu_reserved_gb=1.510
[repeat=9 fold=5] [epoch=47/50] ssl_loss=0.035805 lr=0.00000189 base_val_bce=0.618677 base_best=N base_cls_epoch=28 epoch_sec=3.3 task_elapsed_min=3.1 gpu_alloc_gb=0.272 gpu_reserved_gb=1.510
[ssl_epoch=47/50] ssl_loss=0.035805 lr=0.00000189 base_val_bce=0.618677 base_best=N base_cls_epoch=28 epoch_sec=3.3 elapsed_min=3.1 gpu_alloc_gb=0.272 gpu_reserved_gb=1.510
[repeat=9 fold=5] [epoch=48/50] ssl_loss=0.041851 lr=0.00000084 base_val_bce=0.609626 base_best=N base_cls_epoch=27 epoch_sec=4.9 task_elapsed_min=3.2 gpu_alloc_gb=0.272 gpu_reserved_gb=1.510
[ssl_epoch=48/50] ssl_loss=0.041851 lr=0.00000084 base_val_bce=0.609626 base_best=N base_cls_epoch=27 epoch_sec=5.5 elapsed_min=3.2 gpu_alloc_gb=0.272 gpu_reserved_gb=1.510
[repeat=9 fold=5] [epoch=49/50] ssl_loss=0.039697 lr=0.00000021 base_val_bce=0.623231 base_best=N base_cls_epoch=24 epoch_sec=2.4 task_elapsed_min=3.3 gpu_alloc_gb=0.272 gpu_reserved_gb=1.510
[ssl_epoch=49/50] ssl_loss=0.039697 lr=0.00000021 base_val_bce=0.623231 base_best=N base_cls_epoch=24 epoch_sec=2.6 elapsed_min=3.3 gpu_alloc_gb=0.272 gpu_reserved_gb=1.510
CHECKPOINT_LATEST repeat=9 scope=internal_cv fold=5 phase=ssl epoch=50 path=/data/adodas/VarCoNet-V2-main/xiaolunwen/experiment2b/checkpoints/worker_r9_latest.pt
[repeat=9 fold=5] [epoch=50/50] ssl_loss=0.036749 lr=0.00000000 base_val_bce=0.614613 base_best=N base_cls_epoch=23 epoch_sec=9.5 task_elapsed_min=3.4 gpu_alloc_gb=0.272 gpu_reserved_gb=1.510
[ssl_epoch=50/50] ssl_loss=0.036749 lr=0.00000000 base_val_bce=0.614613 base_best=N base_cls_epoch=23 epoch_sec=9.5 elapsed_min=3.4 gpu_alloc_gb=0.272 gpu_reserved_gb=1.510
RESIDUAL_EPOCH repeat=9 scope=internal_cv fold=5 epoch=0 val_bce=0.602641 best=Y dynamic_dim=73536
CHECKPOINT_LATEST repeat=9 scope=internal_cv fold=5 phase=residual epoch=10 path=/data/adodas/VarCoNet-V2-main/xiaolunwen/experiment2b/checkpoints/worker_r9_latest.pt
[residual_epoch=10/149] residual_loss=0.164533 val_bce=0.637284 best=N best_epoch=0 epoch_sec=3.8 task_elapsed_min=3.5
CHECKPOINT_LATEST repeat=9 scope=internal_cv fold=5 phase=residual epoch=20 path=/data/adodas/VarCoNet-V2-main/xiaolunwen/experiment2b/checkpoints/worker_r9_latest.pt
[residual_epoch=20/149] residual_loss=0.096376 val_bce=0.667243 best=N best_epoch=0 epoch_sec=1.3 task_elapsed_min=3.5
CHECKPOINT_LATEST repeat=9 scope=internal_cv fold=5 phase=residual epoch=30 path=/data/adodas/VarCoNet-V2-main/xiaolunwen/experiment2b/checkpoints/worker_r9_latest.pt
[residual_epoch=30/149] residual_loss=0.061058 val_bce=0.697822 best=N best_epoch=0 epoch_sec=4.1 task_elapsed_min=3.6
CHECKPOINT_LATEST repeat=9 scope=internal_cv fold=5 phase=residual epoch=40 path=/data/adodas/VarCoNet-V2-main/xiaolunwen/experiment2b/checkpoints/worker_r9_latest.pt
[residual_epoch=40/149] residual_loss=0.042311 val_bce=0.725115 best=N best_epoch=0 epoch_sec=2.8 task_elapsed_min=3.6
CHECKPOINT_LATEST repeat=9 scope=internal_cv fold=5 phase=residual epoch=50 path=/data/adodas/VarCoNet-V2-main/xiaolunwen/experiment2b/checkpoints/worker_r9_latest.pt
[residual_epoch=50/149] residual_loss=0.031615 val_bce=0.747583 best=N best_epoch=0 epoch_sec=2.9 task_elapsed_min=3.7
CHECKPOINT_LATEST repeat=9 scope=internal_cv fold=5 phase=residual epoch=60 path=/data/adodas/VarCoNet-V2-main/xiaolunwen/experiment2b/checkpoints/worker_r9_latest.pt
[residual_epoch=60/149] residual_loss=0.024990 val_bce=0.767105 best=N best_epoch=0 epoch_sec=1.7 task_elapsed_min=3.7
CHECKPOINT_LATEST repeat=9 scope=internal_cv fold=5 phase=residual epoch=70 path=/data/adodas/VarCoNet-V2-main/xiaolunwen/experiment2b/checkpoints/worker_r9_latest.pt
[residual_epoch=70/149] residual_loss=0.020551 val_bce=0.784739 best=N best_epoch=0 epoch_sec=2.4 task_elapsed_min=3.8
CHECKPOINT_LATEST repeat=9 scope=internal_cv fold=5 phase=residual epoch=80 path=/data/adodas/VarCoNet-V2-main/xiaolunwen/experiment2b/checkpoints/worker_r9_latest.pt
[residual_epoch=80/149] residual_loss=0.017377 val_bce=0.800690 best=N best_epoch=0 epoch_sec=2.1 task_elapsed_min=3.8
CHECKPOINT_LATEST repeat=9 scope=internal_cv fold=5 phase=residual epoch=90 path=/data/adodas/VarCoNet-V2-main/xiaolunwen/experiment2b/checkpoints/worker_r9_latest.pt
[residual_epoch=90/149] residual_loss=0.014990 val_bce=0.815022 best=N best_epoch=0 epoch_sec=0.7 task_elapsed_min=3.8
CHECKPOINT_LATEST repeat=9 scope=internal_cv fold=5 phase=residual epoch=100 path=/data/adodas/VarCoNet-V2-main/xiaolunwen/experiment2b/checkpoints/worker_r9_latest.pt
[residual_epoch=100/149] residual_loss=0.013126 val_bce=0.828116 best=N best_epoch=0 epoch_sec=2.5 task_elapsed_min=3.8
CHECKPOINT_LATEST repeat=9 scope=internal_cv fold=5 phase=residual epoch=110 path=/data/adodas/VarCoNet-V2-main/xiaolunwen/experiment2b/checkpoints/worker_r9_latest.pt
[residual_epoch=110/149] residual_loss=0.011629 val_bce=0.840404 best=N best_epoch=0 epoch_sec=2.3 task_elapsed_min=3.9
CHECKPOINT_LATEST repeat=9 scope=internal_cv fold=5 phase=residual epoch=120 path=/data/adodas/VarCoNet-V2-main/xiaolunwen/experiment2b/checkpoints/worker_r9_latest.pt
[residual_epoch=120/149] residual_loss=0.010402 val_bce=0.851964 best=N best_epoch=0 epoch_sec=2.9 task_elapsed_min=3.9
CHECKPOINT_LATEST repeat=9 scope=internal_cv fold=5 phase=residual epoch=130 path=/data/adodas/VarCoNet-V2-main/xiaolunwen/experiment2b/checkpoints/worker_r9_latest.pt
[residual_epoch=130/149] residual_loss=0.009379 val_bce=0.862788 best=N best_epoch=0 epoch_sec=2.6 task_elapsed_min=4.0
CHECKPOINT_LATEST repeat=9 scope=internal_cv fold=5 phase=residual epoch=140 path=/data/adodas/VarCoNet-V2-main/xiaolunwen/experiment2b/checkpoints/worker_r9_latest.pt
[residual_epoch=140/149] residual_loss=0.008514 val_bce=0.873057 best=N best_epoch=0 epoch_sec=3.6 task_elapsed_min=4.0
RESIDUAL_DONE repeat=9 scope=internal_cv fold=5 selected_encoder_epoch=2 selected_classifier_epoch=41 selected_residual_epoch=0 val_bce=0.602641
TASK_TRAINING_DONE repeat=9 scope=internal_cv fold=5 base_epoch=2 dyn_epoch=2 base_val_bce=0.602641 dyn_val_bce=0.602641
TASK_DONE repeat=9 scope=internal_fold fold=5 method=baseline selected_encoder_epoch=2 test_auc=0.681370 test_bce=0.623485 elapsed_min=4.1
TASK_DONE repeat=9 scope=internal_fold fold=5 method=pretransformer_edge_residual selected_encoder_epoch=2 test_auc=0.681370 test_bce=0.623485 elapsed_min=4.1
TASK_START repeat=9 scope=internal_cv fold=6 seed=100906 device=cuda:0 shared_encoder=Y
CHECKPOINT_BEST repeat=9 scope=internal_cv fold=6 phase=ssl epoch=1 path=/data/adodas/VarCoNet-V2-main/xiaolunwen/experiment2b/checkpoints/worker_r9_best.pt
[repeat=9 fold=6] [epoch=1/50] ssl_loss=1.421049 lr=0.00002411 base_val_bce=0.669273 base_best=Y base_cls_epoch=48 epoch_sec=8.4 task_elapsed_min=0.1 gpu_alloc_gb=0.272 gpu_reserved_gb=1.510
[ssl_epoch=1/50] ssl_loss=1.421049 lr=0.00002411 base_val_bce=0.669273 base_best=Y base_cls_epoch=48 epoch_sec=8.4 elapsed_min=0.1 gpu_alloc_gb=0.272 gpu_reserved_gb=1.510
[repeat=9 fold=6] [epoch=2/50] ssl_loss=0.580345 lr=0.00003821 base_val_bce=0.676268 base_best=N base_cls_epoch=36 epoch_sec=2.2 task_elapsed_min=0.2 gpu_alloc_gb=0.272 gpu_reserved_gb=1.510
[ssl_epoch=2/50] ssl_loss=0.580345 lr=0.00003821 base_val_bce=0.676268 base_best=N base_cls_epoch=36 epoch_sec=2.7 elapsed_min=0.2 gpu_alloc_gb=0.272 gpu_reserved_gb=1.510
[repeat=9 fold=6] [epoch=3/50] ssl_loss=0.190957 lr=0.00005232 base_val_bce=0.673786 base_best=N base_cls_epoch=27 epoch_sec=3.2 task_elapsed_min=0.2 gpu_alloc_gb=0.272 gpu_reserved_gb=1.510
[ssl_epoch=3/50] ssl_loss=0.190957 lr=0.00005232 base_val_bce=0.673786 base_best=N base_cls_epoch=27 epoch_sec=3.3 elapsed_min=0.2 gpu_alloc_gb=0.272 gpu_reserved_gb=1.510
[repeat=9 fold=6] [epoch=4/50] ssl_loss=0.151840 lr=0.00006643 base_val_bce=0.677476 base_best=N base_cls_epoch=30 epoch_sec=3.8 task_elapsed_min=0.3 gpu_alloc_gb=0.272 gpu_reserved_gb=1.510
[ssl_epoch=4/50] ssl_loss=0.151840 lr=0.00006643 base_val_bce=0.677476 base_best=N base_cls_epoch=30 epoch_sec=5.5 elapsed_min=0.3 gpu_alloc_gb=0.272 gpu_reserved_gb=1.510
CHECKPOINT_BEST repeat=9 scope=internal_cv fold=6 phase=ssl epoch=5 path=/data/adodas/VarCoNet-V2-main/xiaolunwen/experiment2b/checkpoints/worker_r9_best.pt
[repeat=9 fold=6] [epoch=5/50] ssl_loss=0.117314 lr=0.00008053 base_val_bce=0.666473 base_best=Y base_cls_epoch=33 epoch_sec=11.2 task_elapsed_min=0.4 gpu_alloc_gb=0.272 gpu_reserved_gb=1.510
[ssl_epoch=5/50] ssl_loss=0.117314 lr=0.00008053 base_val_bce=0.666473 base_best=Y base_cls_epoch=33 epoch_sec=11.2 elapsed_min=0.4 gpu_alloc_gb=0.272 gpu_reserved_gb=1.510
[repeat=9 fold=6] [epoch=6/50] ssl_loss=0.097599 lr=0.00009464 base_val_bce=0.674912 base_best=N base_cls_epoch=28 epoch_sec=3.8 task_elapsed_min=0.6 gpu_alloc_gb=0.272 gpu_reserved_gb=1.510
[ssl_epoch=6/50] ssl_loss=0.097599 lr=0.00009464 base_val_bce=0.674912 base_best=N base_cls_epoch=28 epoch_sec=4.6 elapsed_min=0.6 gpu_alloc_gb=0.272 gpu_reserved_gb=1.510
[repeat=9 fold=6] [epoch=7/50] ssl_loss=0.100121 lr=0.00010875 base_val_bce=0.673468 base_best=N base_cls_epoch=12 epoch_sec=3.3 task_elapsed_min=0.7 gpu_alloc_gb=0.272 gpu_reserved_gb=1.510
[ssl_epoch=7/50] ssl_loss=0.100121 lr=0.00010875 base_val_bce=0.673468 base_best=N base_cls_epoch=12 epoch_sec=3.5 elapsed_min=0.7 gpu_alloc_gb=0.272 gpu_reserved_gb=1.510
[repeat=9 fold=6] [epoch=8/50] ssl_loss=0.101912 lr=0.00012285 base_val_bce=0.670387 base_best=N base_cls_epoch=31 epoch_sec=5.4 task_elapsed_min=0.8 gpu_alloc_gb=0.272 gpu_reserved_gb=1.510
[ssl_epoch=8/50] ssl_loss=0.101912 lr=0.00012285 base_val_bce=0.670387 base_best=N base_cls_epoch=31 epoch_sec=5.5 elapsed_min=0.8 gpu_alloc_gb=0.272 gpu_reserved_gb=1.510
CHECKPOINT_BEST repeat=9 scope=internal_cv fold=6 phase=ssl epoch=9 path=/data/adodas/VarCoNet-V2-main/xiaolunwen/experiment2b/checkpoints/worker_r9_best.pt
[repeat=9 fold=6] [epoch=9/50] ssl_loss=0.101519 lr=0.00013696 base_val_bce=0.659850 base_best=Y base_cls_epoch=11 epoch_sec=9.2 task_elapsed_min=0.9 gpu_alloc_gb=0.272 gpu_reserved_gb=1.510
[ssl_epoch=9/50] ssl_loss=0.101519 lr=0.00013696 base_val_bce=0.659850 base_best=Y base_cls_epoch=11 epoch_sec=9.2 elapsed_min=0.9 gpu_alloc_gb=0.272 gpu_reserved_gb=1.510
CHECKPOINT_LATEST repeat=9 scope=internal_cv fold=6 phase=ssl epoch=10 path=/data/adodas/VarCoNet-V2-main/xiaolunwen/experiment2b/checkpoints/worker_r9_latest.pt
[repeat=9 fold=6] [epoch=10/50] ssl_loss=0.105113 lr=0.00013696 base_val_bce=0.670368 base_best=N base_cls_epoch=26 epoch_sec=8.2 task_elapsed_min=1.0 gpu_alloc_gb=0.272 gpu_reserved_gb=1.510
[ssl_epoch=10/50] ssl_loss=0.105113 lr=0.00013696 base_val_bce=0.670368 base_best=N base_cls_epoch=26 epoch_sec=8.2 elapsed_min=1.0 gpu_alloc_gb=0.272 gpu_reserved_gb=1.510
[repeat=9 fold=6] [epoch=11/50] ssl_loss=0.088391 lr=0.00013675 base_val_bce=0.666194 base_best=N base_cls_epoch=12 epoch_sec=2.9 task_elapsed_min=1.1 gpu_alloc_gb=0.272 gpu_reserved_gb=1.510
[ssl_epoch=11/50] ssl_loss=0.088391 lr=0.00013675 base_val_bce=0.666194 base_best=N base_cls_epoch=12 epoch_sec=3.0 elapsed_min=1.1 gpu_alloc_gb=0.272 gpu_reserved_gb=1.510
[repeat=9 fold=6] [epoch=12/50] ssl_loss=0.065634 lr=0.00013612 base_val_bce=0.661781 base_best=N base_cls_epoch=11 epoch_sec=2.2 task_elapsed_min=1.2 gpu_alloc_gb=0.272 gpu_reserved_gb=1.510
[ssl_epoch=12/50] ssl_loss=0.065634 lr=0.00013612 base_val_bce=0.661781 base_best=N base_cls_epoch=11 epoch_sec=2.2 elapsed_min=1.2 gpu_alloc_gb=0.272 gpu_reserved_gb=1.510
CHECKPOINT_BEST repeat=9 scope=internal_cv fold=6 phase=ssl epoch=13 path=/data/adodas/VarCoNet-V2-main/xiaolunwen/experiment2b/checkpoints/worker_r9_best.pt
[repeat=9 fold=6] [epoch=13/50] ssl_loss=0.074758 lr=0.00013507 base_val_bce=0.658804 base_best=Y base_cls_epoch=11 epoch_sec=8.0 task_elapsed_min=1.2 gpu_alloc_gb=0.272 gpu_reserved_gb=1.510
[ssl_epoch=13/50] ssl_loss=0.074758 lr=0.00013507 base_val_bce=0.658804 base_best=Y base_cls_epoch=11 epoch_sec=8.0 elapsed_min=1.2 gpu_alloc_gb=0.272 gpu_reserved_gb=1.510
[repeat=9 fold=6] [epoch=14/50] ssl_loss=0.062191 lr=0.00013361 base_val_bce=0.661975 base_best=N base_cls_epoch=10 epoch_sec=2.5 task_elapsed_min=1.3 gpu_alloc_gb=0.272 gpu_reserved_gb=1.510
[ssl_epoch=14/50] ssl_loss=0.062191 lr=0.00013361 base_val_bce=0.661975 base_best=N base_cls_epoch=10 epoch_sec=2.5 elapsed_min=1.3 gpu_alloc_gb=0.272 gpu_reserved_gb=1.510
[repeat=9 fold=6] [epoch=15/50] ssl_loss=0.071286 lr=0.00013175 base_val_bce=0.669201 base_best=N base_cls_epoch=24 epoch_sec=2.9 task_elapsed_min=1.4 gpu_alloc_gb=0.272 gpu_reserved_gb=1.510
[ssl_epoch=15/50] ssl_loss=0.071286 lr=0.00013175 base_val_bce=0.669201 base_best=N base_cls_epoch=24 epoch_sec=3.3 elapsed_min=1.4 gpu_alloc_gb=0.272 gpu_reserved_gb=1.510
[repeat=9 fold=6] [epoch=16/50] ssl_loss=0.053595 lr=0.00012950 base_val_bce=0.668311 base_best=N base_cls_epoch=23 epoch_sec=2.7 task_elapsed_min=1.4 gpu_alloc_gb=0.272 gpu_reserved_gb=1.510
[ssl_epoch=16/50] ssl_loss=0.053595 lr=0.00012950 base_val_bce=0.668311 base_best=N base_cls_epoch=23 epoch_sec=2.8 elapsed_min=1.4 gpu_alloc_gb=0.272 gpu_reserved_gb=1.510
[repeat=9 fold=6] [epoch=17/50] ssl_loss=0.064448 lr=0.00012687 base_val_bce=0.671442 base_best=N base_cls_epoch=14 epoch_sec=4.9 task_elapsed_min=1.5 gpu_alloc_gb=0.272 gpu_reserved_gb=1.510
[ssl_epoch=17/50] ssl_loss=0.064448 lr=0.00012687 base_val_bce=0.671442 base_best=N base_cls_epoch=14 epoch_sec=5.2 elapsed_min=1.5 gpu_alloc_gb=0.272 gpu_reserved_gb=1.510
[repeat=9 fold=6] [epoch=18/50] ssl_loss=0.062595 lr=0.00012388 base_val_bce=0.659255 base_best=N base_cls_epoch=16 epoch_sec=2.7 task_elapsed_min=1.6 gpu_alloc_gb=0.272 gpu_reserved_gb=1.510
[ssl_epoch=18/50] ssl_loss=0.062595 lr=0.00012388 base_val_bce=0.659255 base_best=N base_cls_epoch=16 epoch_sec=4.8 elapsed_min=1.6 gpu_alloc_gb=0.272 gpu_reserved_gb=1.510
CHECKPOINT_BEST repeat=9 scope=internal_cv fold=6 phase=ssl epoch=19 path=/data/adodas/VarCoNet-V2-main/xiaolunwen/experiment2b/checkpoints/worker_r9_best.pt
[repeat=9 fold=6] [epoch=19/50] ssl_loss=0.060580 lr=0.00012055 base_val_bce=0.656113 base_best=Y base_cls_epoch=29 epoch_sec=11.2 task_elapsed_min=1.7 gpu_alloc_gb=0.272 gpu_reserved_gb=1.510
[ssl_epoch=19/50] ssl_loss=0.060580 lr=0.00012055 base_val_bce=0.656113 base_best=Y base_cls_epoch=29 epoch_sec=11.2 elapsed_min=1.7 gpu_alloc_gb=0.272 gpu_reserved_gb=1.510
CHECKPOINT_LATEST repeat=9 scope=internal_cv fold=6 phase=ssl epoch=20 path=/data/adodas/VarCoNet-V2-main/xiaolunwen/experiment2b/checkpoints/worker_r9_latest.pt
[repeat=9 fold=6] [epoch=20/50] ssl_loss=0.066676 lr=0.00011690 base_val_bce=0.657076 base_best=N base_cls_epoch=14 epoch_sec=12.8 task_elapsed_min=1.8 gpu_alloc_gb=0.272 gpu_reserved_gb=1.510
[ssl_epoch=20/50] ssl_loss=0.066676 lr=0.00011690 base_val_bce=0.657076 base_best=N base_cls_epoch=14 epoch_sec=13.0 elapsed_min=1.8 gpu_alloc_gb=0.272 gpu_reserved_gb=1.510
[repeat=9 fold=6] [epoch=21/50] ssl_loss=0.056258 lr=0.00011296 base_val_bce=0.672778 base_best=N base_cls_epoch=24 epoch_sec=2.2 task_elapsed_min=2.1 gpu_alloc_gb=0.272 gpu_reserved_gb=1.510
[ssl_epoch=21/50] ssl_loss=0.056258 lr=0.00011296 base_val_bce=0.672778 base_best=N base_cls_epoch=24 epoch_sec=3.0 elapsed_min=2.1 gpu_alloc_gb=0.272 gpu_reserved_gb=1.510
[repeat=9 fold=6] [epoch=22/50] ssl_loss=0.058464 lr=0.00010873 base_val_bce=0.666374 base_best=N base_cls_epoch=23 epoch_sec=3.4 task_elapsed_min=2.1 gpu_alloc_gb=0.272 gpu_reserved_gb=1.510
[ssl_epoch=22/50] ssl_loss=0.058464 lr=0.00010873 base_val_bce=0.666374 base_best=N base_cls_epoch=23 epoch_sec=3.4 elapsed_min=2.1 gpu_alloc_gb=0.272 gpu_reserved_gb=1.510
CHECKPOINT_BEST repeat=9 scope=internal_cv fold=6 phase=ssl epoch=23 path=/data/adodas/VarCoNet-V2-main/xiaolunwen/experiment2b/checkpoints/worker_r9_best.pt
[repeat=9 fold=6] [epoch=23/50] ssl_loss=0.062718 lr=0.00010426 base_val_bce=0.655642 base_best=Y base_cls_epoch=29 epoch_sec=4.1 task_elapsed_min=2.2 gpu_alloc_gb=0.272 gpu_reserved_gb=1.510
[ssl_epoch=23/50] ssl_loss=0.062718 lr=0.00010426 base_val_bce=0.655642 base_best=Y base_cls_epoch=29 epoch_sec=4.1 elapsed_min=2.2 gpu_alloc_gb=0.272 gpu_reserved_gb=1.510
[repeat=9 fold=6] [epoch=24/50] ssl_loss=0.069352 lr=0.00009957 base_val_bce=0.669567 base_best=N base_cls_epoch=24 epoch_sec=3.0 task_elapsed_min=2.2 gpu_alloc_gb=0.272 gpu_reserved_gb=1.510
[ssl_epoch=24/50] ssl_loss=0.069352 lr=0.00009957 base_val_bce=0.669567 base_best=N base_cls_epoch=24 epoch_sec=3.0 elapsed_min=2.2 gpu_alloc_gb=0.272 gpu_reserved_gb=1.510
[repeat=9 fold=6] [epoch=25/50] ssl_loss=0.064233 lr=0.00009469 base_val_bce=0.658618 base_best=N base_cls_epoch=26 epoch_sec=2.5 task_elapsed_min=2.3 gpu_alloc_gb=0.272 gpu_reserved_gb=1.510
[ssl_epoch=25/50] ssl_loss=0.064233 lr=0.00009469 base_val_bce=0.658618 base_best=N base_cls_epoch=26 epoch_sec=3.3 elapsed_min=2.3 gpu_alloc_gb=0.272 gpu_reserved_gb=1.510
[repeat=9 fold=6] [epoch=26/50] ssl_loss=0.060027 lr=0.00008964 base_val_bce=0.673549 base_best=N base_cls_epoch=25 epoch_sec=2.3 task_elapsed_min=2.3 gpu_alloc_gb=0.272 gpu_reserved_gb=1.510
[ssl_epoch=26/50] ssl_loss=0.060027 lr=0.00008964 base_val_bce=0.673549 base_best=N base_cls_epoch=25 epoch_sec=2.3 elapsed_min=2.3 gpu_alloc_gb=0.272 gpu_reserved_gb=1.510
[repeat=9 fold=6] [epoch=27/50] ssl_loss=0.059099 lr=0.00008447 base_val_bce=0.671077 base_best=N base_cls_epoch=16 epoch_sec=2.2 task_elapsed_min=2.4 gpu_alloc_gb=0.272 gpu_reserved_gb=1.510
[ssl_epoch=27/50] ssl_loss=0.059099 lr=0.00008447 base_val_bce=0.671077 base_best=N base_cls_epoch=16 epoch_sec=2.2 elapsed_min=2.4 gpu_alloc_gb=0.272 gpu_reserved_gb=1.510
[repeat=9 fold=6] [epoch=28/50] ssl_loss=0.073112 lr=0.00007919 base_val_bce=0.662020 base_best=N base_cls_epoch=28 epoch_sec=3.0 task_elapsed_min=2.4 gpu_alloc_gb=0.272 gpu_reserved_gb=1.510
[ssl_epoch=28/50] ssl_loss=0.073112 lr=0.00007919 base_val_bce=0.662020 base_best=N base_cls_epoch=28 epoch_sec=3.4 elapsed_min=2.4 gpu_alloc_gb=0.272 gpu_reserved_gb=1.510
CHECKPOINT_BEST repeat=9 scope=internal_cv fold=6 phase=ssl epoch=29 path=/data/adodas/VarCoNet-V2-main/xiaolunwen/experiment2b/checkpoints/worker_r9_best.pt
[repeat=9 fold=6] [epoch=29/50] ssl_loss=0.061774 lr=0.00007385 base_val_bce=0.655312 base_best=Y base_cls_epoch=27 epoch_sec=8.2 task_elapsed_min=2.5 gpu_alloc_gb=0.272 gpu_reserved_gb=1.510
[ssl_epoch=29/50] ssl_loss=0.061774 lr=0.00007385 base_val_bce=0.655312 base_best=Y base_cls_epoch=27 epoch_sec=8.4 elapsed_min=2.5 gpu_alloc_gb=0.272 gpu_reserved_gb=1.510
CHECKPOINT_LATEST repeat=9 scope=internal_cv fold=6 phase=ssl epoch=30 path=/data/adodas/VarCoNet-V2-main/xiaolunwen/experiment2b/checkpoints/worker_r9_latest.pt
[repeat=9 fold=6] [epoch=30/50] ssl_loss=0.061282 lr=0.00006848 base_val_bce=0.663039 base_best=N base_cls_epoch=26 epoch_sec=6.4 task_elapsed_min=2.6 gpu_alloc_gb=0.272 gpu_reserved_gb=1.510
[ssl_epoch=30/50] ssl_loss=0.061282 lr=0.00006848 base_val_bce=0.663039 base_best=N base_cls_epoch=26 epoch_sec=6.4 elapsed_min=2.6 gpu_alloc_gb=0.272 gpu_reserved_gb=1.510
[repeat=9 fold=6] [epoch=31/50] ssl_loss=0.044316 lr=0.00006311 base_val_bce=0.662938 base_best=N base_cls_epoch=28 epoch_sec=2.1 task_elapsed_min=2.7 gpu_alloc_gb=0.272 gpu_reserved_gb=1.510
[ssl_epoch=31/50] ssl_loss=0.044316 lr=0.00006311 base_val_bce=0.662938 base_best=N base_cls_epoch=28 epoch_sec=2.1 elapsed_min=2.7 gpu_alloc_gb=0.272 gpu_reserved_gb=1.510
CHECKPOINT_BEST repeat=9 scope=internal_cv fold=6 phase=ssl epoch=32 path=/data/adodas/VarCoNet-V2-main/xiaolunwen/experiment2b/checkpoints/worker_r9_best.pt
[repeat=9 fold=6] [epoch=32/50] ssl_loss=0.056917 lr=0.00005777 base_val_bce=0.654429 base_best=Y base_cls_epoch=30 epoch_sec=7.4 task_elapsed_min=2.8 gpu_alloc_gb=0.272 gpu_reserved_gb=1.510
[ssl_epoch=32/50] ssl_loss=0.056917 lr=0.00005777 base_val_bce=0.654429 base_best=Y base_cls_epoch=30 epoch_sec=7.4 elapsed_min=2.8 gpu_alloc_gb=0.272 gpu_reserved_gb=1.510
[repeat=9 fold=6] [epoch=33/50] ssl_loss=0.065353 lr=0.00005249 base_val_bce=0.666286 base_best=N base_cls_epoch=25 epoch_sec=2.5 task_elapsed_min=2.9 gpu_alloc_gb=0.272 gpu_reserved_gb=1.510
[ssl_epoch=33/50] ssl_loss=0.065353 lr=0.00005249 base_val_bce=0.666286 base_best=N base_cls_epoch=25 epoch_sec=3.1 elapsed_min=2.9 gpu_alloc_gb=0.272 gpu_reserved_gb=1.510
[repeat=9 fold=6] [epoch=34/50] ssl_loss=0.055737 lr=0.00004732 base_val_bce=0.668893 base_best=N base_cls_epoch=28 epoch_sec=2.0 task_elapsed_min=3.0 gpu_alloc_gb=0.272 gpu_reserved_gb=1.510
[ssl_epoch=34/50] ssl_loss=0.055737 lr=0.00004732 base_val_bce=0.668893 base_best=N base_cls_epoch=28 epoch_sec=2.2 elapsed_min=3.0 gpu_alloc_gb=0.272 gpu_reserved_gb=1.510
[repeat=9 fold=6] [epoch=35/50] ssl_loss=0.064214 lr=0.00004227 base_val_bce=0.659918 base_best=N base_cls_epoch=30 epoch_sec=3.2 task_elapsed_min=3.0 gpu_alloc_gb=0.272 gpu_reserved_gb=1.510
[ssl_epoch=35/50] ssl_loss=0.064214 lr=0.00004227 base_val_bce=0.659918 base_best=N base_cls_epoch=30 epoch_sec=3.2 elapsed_min=3.0 gpu_alloc_gb=0.272 gpu_reserved_gb=1.510
[repeat=9 fold=6] [epoch=36/50] ssl_loss=0.046649 lr=0.00003739 base_val_bce=0.662148 base_best=N base_cls_epoch=28 epoch_sec=3.5 task_elapsed_min=3.1 gpu_alloc_gb=0.272 gpu_reserved_gb=1.510
[ssl_epoch=36/50] ssl_loss=0.046649 lr=0.00003739 base_val_bce=0.662148 base_best=N base_cls_epoch=28 epoch_sec=3.5 elapsed_min=3.1 gpu_alloc_gb=0.272 gpu_reserved_gb=1.510
[repeat=9 fold=6] [epoch=37/50] ssl_loss=0.051488 lr=0.00003270 base_val_bce=0.662118 base_best=N base_cls_epoch=29 epoch_sec=3.4 task_elapsed_min=3.1 gpu_alloc_gb=0.272 gpu_reserved_gb=1.510
[ssl_epoch=37/50] ssl_loss=0.051488 lr=0.00003270 base_val_bce=0.662118 base_best=N base_cls_epoch=29 epoch_sec=3.9 elapsed_min=3.1 gpu_alloc_gb=0.272 gpu_reserved_gb=1.510
[repeat=9 fold=6] [epoch=38/50] ssl_loss=0.048673 lr=0.00002823 base_val_bce=0.669903 base_best=N base_cls_epoch=29 epoch_sec=2.5 task_elapsed_min=3.2 gpu_alloc_gb=0.272 gpu_reserved_gb=1.510
[ssl_epoch=38/50] ssl_loss=0.048673 lr=0.00002823 base_val_bce=0.669903 base_best=N base_cls_epoch=29 epoch_sec=2.5 elapsed_min=3.2 gpu_alloc_gb=0.272 gpu_reserved_gb=1.510
[repeat=9 fold=6] [epoch=39/50] ssl_loss=0.048171 lr=0.00002401 base_val_bce=0.657698 base_best=N base_cls_epoch=26 epoch_sec=3.5 task_elapsed_min=3.3 gpu_alloc_gb=0.272 gpu_reserved_gb=1.510
[ssl_epoch=39/50] ssl_loss=0.048171 lr=0.00002401 base_val_bce=0.657698 base_best=N base_cls_epoch=26 epoch_sec=3.6 elapsed_min=3.3 gpu_alloc_gb=0.272 gpu_reserved_gb=1.510
CHECKPOINT_LATEST repeat=9 scope=internal_cv fold=6 phase=ssl epoch=40 path=/data/adodas/VarCoNet-V2-main/xiaolunwen/experiment2b/checkpoints/worker_r9_latest.pt
[repeat=9 fold=6] [epoch=40/50] ssl_loss=0.054284 lr=0.00002006 base_val_bce=0.669997 base_best=N base_cls_epoch=34 epoch_sec=3.0 task_elapsed_min=3.3 gpu_alloc_gb=0.272 gpu_reserved_gb=1.510
[ssl_epoch=40/50] ssl_loss=0.054284 lr=0.00002006 base_val_bce=0.669997 base_best=N base_cls_epoch=34 epoch_sec=3.0 elapsed_min=3.3 gpu_alloc_gb=0.272 gpu_reserved_gb=1.510
[repeat=9 fold=6] [epoch=41/50] ssl_loss=0.055885 lr=0.00001641 base_val_bce=0.656956 base_best=N base_cls_epoch=30 epoch_sec=4.0 task_elapsed_min=3.4 gpu_alloc_gb=0.272 gpu_reserved_gb=1.510
[ssl_epoch=41/50] ssl_loss=0.055885 lr=0.00001641 base_val_bce=0.656956 base_best=N base_cls_epoch=30 epoch_sec=4.6 elapsed_min=3.4 gpu_alloc_gb=0.272 gpu_reserved_gb=1.510
[repeat=9 fold=6] [epoch=42/50] ssl_loss=0.045300 lr=0.00001308 base_val_bce=0.664457 base_best=N base_cls_epoch=29 epoch_sec=3.3 task_elapsed_min=3.4 gpu_alloc_gb=0.272 gpu_reserved_gb=1.510
[ssl_epoch=42/50] ssl_loss=0.045300 lr=0.00001308 base_val_bce=0.664457 base_best=N base_cls_epoch=29 epoch_sec=3.6 elapsed_min=3.4 gpu_alloc_gb=0.272 gpu_reserved_gb=1.510
[repeat=9 fold=6] [epoch=43/50] ssl_loss=0.063250 lr=0.00001009 base_val_bce=0.659390 base_best=N base_cls_epoch=25 epoch_sec=2.2 task_elapsed_min=3.5 gpu_alloc_gb=0.272 gpu_reserved_gb=1.510
[ssl_epoch=43/50] ssl_loss=0.063250 lr=0.00001009 base_val_bce=0.659390 base_best=N base_cls_epoch=25 epoch_sec=4.9 elapsed_min=3.5 gpu_alloc_gb=0.272 gpu_reserved_gb=1.510
[repeat=9 fold=6] [epoch=44/50] ssl_loss=0.041676 lr=0.00000746 base_val_bce=0.663807 base_best=N base_cls_epoch=30 epoch_sec=5.0 task_elapsed_min=3.6 gpu_alloc_gb=0.272 gpu_reserved_gb=1.510
[ssl_epoch=44/50] ssl_loss=0.041676 lr=0.00000746 base_val_bce=0.663807 base_best=N base_cls_epoch=30 epoch_sec=5.1 elapsed_min=3.6 gpu_alloc_gb=0.272 gpu_reserved_gb=1.510
[repeat=9 fold=6] [epoch=45/50] ssl_loss=0.049480 lr=0.00000521 base_val_bce=0.658370 base_best=N base_cls_epoch=28 epoch_sec=2.4 task_elapsed_min=3.7 gpu_alloc_gb=0.272 gpu_reserved_gb=1.510
[ssl_epoch=45/50] ssl_loss=0.049480 lr=0.00000521 base_val_bce=0.658370 base_best=N base_cls_epoch=28 epoch_sec=2.5 elapsed_min=3.7 gpu_alloc_gb=0.272 gpu_reserved_gb=1.510
[repeat=9 fold=6] [epoch=46/50] ssl_loss=0.053258 lr=0.00000335 base_val_bce=0.664099 base_best=N base_cls_epoch=27 epoch_sec=3.6 task_elapsed_min=3.7 gpu_alloc_gb=0.272 gpu_reserved_gb=1.510
[ssl_epoch=46/50] ssl_loss=0.053258 lr=0.00000335 base_val_bce=0.664099 base_best=N base_cls_epoch=27 epoch_sec=3.9 elapsed_min=3.7 gpu_alloc_gb=0.272 gpu_reserved_gb=1.510
[repeat=9 fold=6] [epoch=47/50] ssl_loss=0.049316 lr=0.00000189 base_val_bce=0.672454 base_best=N base_cls_epoch=29 epoch_sec=2.7 task_elapsed_min=3.8 gpu_alloc_gb=0.272 gpu_reserved_gb=1.510
[ssl_epoch=47/50] ssl_loss=0.049316 lr=0.00000189 base_val_bce=0.672454 base_best=N base_cls_epoch=29 epoch_sec=3.7 elapsed_min=3.8 gpu_alloc_gb=0.272 gpu_reserved_gb=1.510
[repeat=9 fold=6] [epoch=48/50] ssl_loss=0.046472 lr=0.00000084 base_val_bce=0.673048 base_best=N base_cls_epoch=27 epoch_sec=2.8 task_elapsed_min=3.8 gpu_alloc_gb=0.272 gpu_reserved_gb=1.510
[ssl_epoch=48/50] ssl_loss=0.046472 lr=0.00000084 base_val_bce=0.673048 base_best=N base_cls_epoch=27 epoch_sec=3.1 elapsed_min=3.8 gpu_alloc_gb=0.272 gpu_reserved_gb=1.510
[repeat=9 fold=6] [epoch=49/50] ssl_loss=0.054836 lr=0.00000021 base_val_bce=0.674933 base_best=N base_cls_epoch=32 epoch_sec=2.7 task_elapsed_min=3.9 gpu_alloc_gb=0.272 gpu_reserved_gb=1.510
[ssl_epoch=49/50] ssl_loss=0.054836 lr=0.00000021 base_val_bce=0.674933 base_best=N base_cls_epoch=32 epoch_sec=3.1 elapsed_min=3.9 gpu_alloc_gb=0.272 gpu_reserved_gb=1.510
CHECKPOINT_LATEST repeat=9 scope=internal_cv fold=6 phase=ssl epoch=50 path=/data/adodas/VarCoNet-V2-main/xiaolunwen/experiment2b/checkpoints/worker_r9_latest.pt
[repeat=9 fold=6] [epoch=50/50] ssl_loss=0.062286 lr=0.00000000 base_val_bce=0.666258 base_best=N base_cls_epoch=28 epoch_sec=11.1 task_elapsed_min=3.9 gpu_alloc_gb=0.272 gpu_reserved_gb=1.510
[ssl_epoch=50/50] ssl_loss=0.062286 lr=0.00000000 base_val_bce=0.666258 base_best=N base_cls_epoch=28 epoch_sec=11.1 elapsed_min=3.9 gpu_alloc_gb=0.272 gpu_reserved_gb=1.510
RESIDUAL_EPOCH repeat=9 scope=internal_cv fold=6 epoch=0 val_bce=0.654429 best=Y dynamic_dim=73536
CHECKPOINT_BEST repeat=9 scope=internal_cv fold=6 phase=residual epoch=1 path=/data/adodas/VarCoNet-V2-main/xiaolunwen/experiment2b/checkpoints/worker_r9_best.pt
[residual_epoch=1/149] residual_loss=0.282726 val_bce=0.653487 best=Y best_epoch=1 epoch_sec=2.7 task_elapsed_min=4.1
CHECKPOINT_LATEST repeat=9 scope=internal_cv fold=6 phase=residual epoch=10 path=/data/adodas/VarCoNet-V2-main/xiaolunwen/experiment2b/checkpoints/worker_r9_latest.pt
[residual_epoch=10/149] residual_loss=0.177655 val_bce=0.678051 best=N best_epoch=1 epoch_sec=4.9 task_elapsed_min=4.1
CHECKPOINT_LATEST repeat=9 scope=internal_cv fold=6 phase=residual epoch=20 path=/data/adodas/VarCoNet-V2-main/xiaolunwen/experiment2b/checkpoints/worker_r9_latest.pt
[residual_epoch=20/149] residual_loss=0.114167 val_bce=0.718465 best=N best_epoch=1 epoch_sec=8.4 task_elapsed_min=4.2
CHECKPOINT_LATEST repeat=9 scope=internal_cv fold=6 phase=residual epoch=30 path=/data/adodas/VarCoNet-V2-main/xiaolunwen/experiment2b/checkpoints/worker_r9_latest.pt
[residual_epoch=30/149] residual_loss=0.076978 val_bce=0.763044 best=N best_epoch=1 epoch_sec=4.4 task_elapsed_min=4.4
CHECKPOINT_LATEST repeat=9 scope=internal_cv fold=6 phase=residual epoch=40 path=/data/adodas/VarCoNet-V2-main/xiaolunwen/experiment2b/checkpoints/worker_r9_latest.pt
[residual_epoch=40/149] residual_loss=0.055406 val_bce=0.799656 best=N best_epoch=1 epoch_sec=3.9 task_elapsed_min=4.4
CHECKPOINT_LATEST repeat=9 scope=internal_cv fold=6 phase=residual epoch=50 path=/data/adodas/VarCoNet-V2-main/xiaolunwen/experiment2b/checkpoints/worker_r9_latest.pt
[residual_epoch=50/149] residual_loss=0.042197 val_bce=0.831375 best=N best_epoch=1 epoch_sec=5.8 task_elapsed_min=4.5
CHECKPOINT_LATEST repeat=9 scope=internal_cv fold=6 phase=residual epoch=60 path=/data/adodas/VarCoNet-V2-main/xiaolunwen/experiment2b/checkpoints/worker_r9_latest.pt
[residual_epoch=60/149] residual_loss=0.033629 val_bce=0.859730 best=N best_epoch=1 epoch_sec=5.5 task_elapsed_min=4.6
CHECKPOINT_LATEST repeat=9 scope=internal_cv fold=6 phase=residual epoch=70 path=/data/adodas/VarCoNet-V2-main/xiaolunwen/experiment2b/checkpoints/worker_r9_latest.pt
[residual_epoch=70/149] residual_loss=0.027734 val_bce=0.884928 best=N best_epoch=1 epoch_sec=2.8 task_elapsed_min=4.7
CHECKPOINT_LATEST repeat=9 scope=internal_cv fold=6 phase=residual epoch=80 path=/data/adodas/VarCoNet-V2-main/xiaolunwen/experiment2b/checkpoints/worker_r9_latest.pt
[residual_epoch=80/149] residual_loss=0.023459 val_bce=0.907389 best=N best_epoch=1 epoch_sec=4.9 task_elapsed_min=4.7
CHECKPOINT_LATEST repeat=9 scope=internal_cv fold=6 phase=residual epoch=90 path=/data/adodas/VarCoNet-V2-main/xiaolunwen/experiment2b/checkpoints/worker_r9_latest.pt
[residual_epoch=90/149] residual_loss=0.020224 val_bce=0.927760 best=N best_epoch=1 epoch_sec=3.3 task_elapsed_min=4.8
CHECKPOINT_LATEST repeat=9 scope=internal_cv fold=6 phase=residual epoch=100 path=/data/adodas/VarCoNet-V2-main/xiaolunwen/experiment2b/checkpoints/worker_r9_latest.pt
[residual_epoch=100/149] residual_loss=0.017692 val_bce=0.946623 best=N best_epoch=1 epoch_sec=1.7 task_elapsed_min=4.9
CHECKPOINT_LATEST repeat=9 scope=internal_cv fold=6 phase=residual epoch=110 path=/data/adodas/VarCoNet-V2-main/xiaolunwen/experiment2b/checkpoints/worker_r9_latest.pt
[residual_epoch=110/149] residual_loss=0.015660 val_bce=0.964299 best=N best_epoch=1 epoch_sec=7.4 task_elapsed_min=4.9
CHECKPOINT_LATEST repeat=9 scope=internal_cv fold=6 phase=residual epoch=120 path=/data/adodas/VarCoNet-V2-main/xiaolunwen/experiment2b/checkpoints/worker_r9_latest.pt
[residual_epoch=120/149] residual_loss=0.013994 val_bce=0.980843 best=N best_epoch=1 epoch_sec=5.8 task_elapsed_min=5.0
CHECKPOINT_LATEST repeat=9 scope=internal_cv fold=6 phase=residual epoch=130 path=/data/adodas/VarCoNet-V2-main/xiaolunwen/experiment2b/checkpoints/worker_r9_latest.pt
[residual_epoch=130/149] residual_loss=0.012607 val_bce=0.996283 best=N best_epoch=1 epoch_sec=6.9 task_elapsed_min=5.1
CHECKPOINT_LATEST repeat=9 scope=internal_cv fold=6 phase=residual epoch=140 path=/data/adodas/VarCoNet-V2-main/xiaolunwen/experiment2b/checkpoints/worker_r9_latest.pt
[residual_epoch=140/149] residual_loss=0.011435 val_bce=1.010821 best=N best_epoch=1 epoch_sec=4.7 task_elapsed_min=5.3
RESIDUAL_DONE repeat=9 scope=internal_cv fold=6 selected_encoder_epoch=32 selected_classifier_epoch=30 selected_residual_epoch=1 val_bce=0.653487
TASK_TRAINING_DONE repeat=9 scope=internal_cv fold=6 base_epoch=32 dyn_epoch=32 base_val_bce=0.654429 dyn_val_bce=0.653487
TASK_DONE repeat=9 scope=internal_fold fold=6 method=baseline selected_encoder_epoch=32 test_auc=0.753503 test_bce=0.582504 elapsed_min=5.3
TASK_DONE repeat=9 scope=internal_fold fold=6 method=pretransformer_edge_residual selected_encoder_epoch=32 test_auc=0.774779 test_bce=0.569278 elapsed_min=5.3
TASK_START repeat=9 scope=internal_cv fold=7 seed=100907 device=cuda:0 shared_encoder=Y
CHECKPOINT_BEST repeat=9 scope=internal_cv fold=7 phase=ssl epoch=1 path=/data/adodas/VarCoNet-V2-main/xiaolunwen/experiment2b/checkpoints/worker_r9_best.pt
[repeat=9 fold=7] [epoch=1/50] ssl_loss=0.101940 lr=0.00002411 base_val_bce=0.650845 base_best=Y base_cls_epoch=20 epoch_sec=10.0 task_elapsed_min=0.1 gpu_alloc_gb=0.272 gpu_reserved_gb=1.510
[ssl_epoch=1/50] ssl_loss=0.101940 lr=0.00002411 base_val_bce=0.650845 base_best=Y base_cls_epoch=20 epoch_sec=10.0 elapsed_min=0.1 gpu_alloc_gb=0.272 gpu_reserved_gb=1.510
[repeat=9 fold=7] [epoch=2/50] ssl_loss=0.087024 lr=0.00003821 base_val_bce=0.655200 base_best=N base_cls_epoch=21 epoch_sec=2.3 task_elapsed_min=0.2 gpu_alloc_gb=0.272 gpu_reserved_gb=1.510
[ssl_epoch=2/50] ssl_loss=0.087024 lr=0.00003821 base_val_bce=0.655200 base_best=N base_cls_epoch=21 epoch_sec=2.3 elapsed_min=0.2 gpu_alloc_gb=0.272 gpu_reserved_gb=1.510
[repeat=9 fold=7] [epoch=3/50] ssl_loss=0.074727 lr=0.00005232 base_val_bce=0.659993 base_best=N base_cls_epoch=19 epoch_sec=3.2 task_elapsed_min=0.3 gpu_alloc_gb=0.272 gpu_reserved_gb=1.510
[ssl_epoch=3/50] ssl_loss=0.074727 lr=0.00005232 base_val_bce=0.659993 base_best=N base_cls_epoch=19 epoch_sec=3.9 elapsed_min=0.3 gpu_alloc_gb=0.272 gpu_reserved_gb=1.510
[repeat=9 fold=7] [epoch=4/50] ssl_loss=0.088911 lr=0.00006643 base_val_bce=0.669948 base_best=N base_cls_epoch=21 epoch_sec=3.0 task_elapsed_min=0.4 gpu_alloc_gb=0.272 gpu_reserved_gb=1.510
[ssl_epoch=4/50] ssl_loss=0.088911 lr=0.00006643 base_val_bce=0.669948 base_best=N base_cls_epoch=21 epoch_sec=3.1 elapsed_min=0.4 gpu_alloc_gb=0.272 gpu_reserved_gb=1.510
CHECKPOINT_BEST repeat=9 scope=internal_cv fold=7 phase=ssl epoch=5 path=/data/adodas/VarCoNet-V2-main/xiaolunwen/experiment2b/checkpoints/worker_r9_best.pt
[repeat=9 fold=7] [epoch=5/50] ssl_loss=0.072202 lr=0.00008053 base_val_bce=0.650232 base_best=Y base_cls_epoch=22 epoch_sec=5.2 task_elapsed_min=0.4 gpu_alloc_gb=0.272 gpu_reserved_gb=1.510
[ssl_epoch=5/50] ssl_loss=0.072202 lr=0.00008053 base_val_bce=0.650232 base_best=Y base_cls_epoch=22 epoch_sec=5.2 elapsed_min=0.4 gpu_alloc_gb=0.272 gpu_reserved_gb=1.510
[repeat=9 fold=7] [epoch=6/50] ssl_loss=0.078113 lr=0.00009464 base_val_bce=0.658737 base_best=N base_cls_epoch=23 epoch_sec=2.7 task_elapsed_min=0.5 gpu_alloc_gb=0.272 gpu_reserved_gb=1.510
[ssl_epoch=6/50] ssl_loss=0.078113 lr=0.00009464 base_val_bce=0.658737 base_best=N base_cls_epoch=23 epoch_sec=2.9 elapsed_min=0.5 gpu_alloc_gb=0.272 gpu_reserved_gb=1.510
CHECKPOINT_BEST repeat=9 scope=internal_cv fold=7 phase=ssl epoch=7 path=/data/adodas/VarCoNet-V2-main/xiaolunwen/experiment2b/checkpoints/worker_r9_best.pt
[repeat=9 fold=7] [epoch=7/50] ssl_loss=0.067735 lr=0.00010875 base_val_bce=0.645036 base_best=Y base_cls_epoch=18 epoch_sec=14.8 task_elapsed_min=0.5 gpu_alloc_gb=0.272 gpu_reserved_gb=1.510
[ssl_epoch=7/50] ssl_loss=0.067735 lr=0.00010875 base_val_bce=0.645036 base_best=Y base_cls_epoch=18 epoch_sec=15.1 elapsed_min=0.5 gpu_alloc_gb=0.272 gpu_reserved_gb=1.510
[repeat=9 fold=7] [epoch=8/50] ssl_loss=0.056426 lr=0.00012285 base_val_bce=0.652881 base_best=N base_cls_epoch=19 epoch_sec=2.5 task_elapsed_min=0.8 gpu_alloc_gb=0.272 gpu_reserved_gb=1.510
[ssl_epoch=8/50] ssl_loss=0.056426 lr=0.00012285 base_val_bce=0.652881 base_best=N base_cls_epoch=19 epoch_sec=2.7 elapsed_min=0.8 gpu_alloc_gb=0.272 gpu_reserved_gb=1.510
[repeat=9 fold=7] [epoch=9/50] ssl_loss=0.074873 lr=0.00013696 base_val_bce=0.657335 base_best=N base_cls_epoch=26 epoch_sec=2.8 task_elapsed_min=0.8 gpu_alloc_gb=0.272 gpu_reserved_gb=1.510
[ssl_epoch=9/50] ssl_loss=0.074873 lr=0.00013696 base_val_bce=0.657335 base_best=N base_cls_epoch=26 epoch_sec=2.9 elapsed_min=0.8 gpu_alloc_gb=0.272 gpu_reserved_gb=1.510
CHECKPOINT_LATEST repeat=9 scope=internal_cv fold=7 phase=ssl epoch=10 path=/data/adodas/VarCoNet-V2-main/xiaolunwen/experiment2b/checkpoints/worker_r9_latest.pt
[repeat=9 fold=7] [epoch=10/50] ssl_loss=0.058908 lr=0.00013696 base_val_bce=0.667122 base_best=N base_cls_epoch=21 epoch_sec=6.8 task_elapsed_min=0.9 gpu_alloc_gb=0.272 gpu_reserved_gb=1.510
[ssl_epoch=10/50] ssl_loss=0.058908 lr=0.00013696 base_val_bce=0.667122 base_best=N base_cls_epoch=21 epoch_sec=6.8 elapsed_min=0.9 gpu_alloc_gb=0.272 gpu_reserved_gb=1.510
[repeat=9 fold=7] [epoch=11/50] ssl_loss=0.052383 lr=0.00013675 base_val_bce=0.653222 base_best=N base_cls_epoch=22 epoch_sec=2.1 task_elapsed_min=1.0 gpu_alloc_gb=0.272 gpu_reserved_gb=1.510
[ssl_epoch=11/50] ssl_loss=0.052383 lr=0.00013675 base_val_bce=0.653222 base_best=N base_cls_epoch=22 epoch_sec=2.2 elapsed_min=1.0 gpu_alloc_gb=0.272 gpu_reserved_gb=1.510
[repeat=9 fold=7] [epoch=12/50] ssl_loss=0.050164 lr=0.00013612 base_val_bce=0.653815 base_best=N base_cls_epoch=20 epoch_sec=1.8 task_elapsed_min=1.0 gpu_alloc_gb=0.272 gpu_reserved_gb=1.510
[ssl_epoch=12/50] ssl_loss=0.050164 lr=0.00013612 base_val_bce=0.653815 base_best=N base_cls_epoch=20 epoch_sec=2.1 elapsed_min=1.0 gpu_alloc_gb=0.272 gpu_reserved_gb=1.510
[repeat=9 fold=7] [epoch=13/50] ssl_loss=0.047061 lr=0.00013507 base_val_bce=0.657561 base_best=N base_cls_epoch=23 epoch_sec=2.6 task_elapsed_min=1.1 gpu_alloc_gb=0.272 gpu_reserved_gb=1.510
[ssl_epoch=13/50] ssl_loss=0.047061 lr=0.00013507 base_val_bce=0.657561 base_best=N base_cls_epoch=23 epoch_sec=3.1 elapsed_min=1.1 gpu_alloc_gb=0.272 gpu_reserved_gb=1.510
[repeat=9 fold=7] [epoch=14/50] ssl_loss=0.046859 lr=0.00013361 base_val_bce=0.663223 base_best=N base_cls_epoch=22 epoch_sec=2.2 task_elapsed_min=1.1 gpu_alloc_gb=0.272 gpu_reserved_gb=1.510
[ssl_epoch=14/50] ssl_loss=0.046859 lr=0.00013361 base_val_bce=0.663223 base_best=N base_cls_epoch=22 epoch_sec=2.7 elapsed_min=1.1 gpu_alloc_gb=0.272 gpu_reserved_gb=1.510
[repeat=9 fold=7] [epoch=15/50] ssl_loss=0.048270 lr=0.00013175 base_val_bce=0.658826 base_best=N base_cls_epoch=25 epoch_sec=2.1 task_elapsed_min=1.2 gpu_alloc_gb=0.272 gpu_reserved_gb=1.510
[ssl_epoch=15/50] ssl_loss=0.048270 lr=0.00013175 base_val_bce=0.658826 base_best=N base_cls_epoch=25 epoch_sec=2.2 elapsed_min=1.2 gpu_alloc_gb=0.272 gpu_reserved_gb=1.510
[repeat=9 fold=7] [epoch=16/50] ssl_loss=0.044955 lr=0.00012950 base_val_bce=0.651489 base_best=N base_cls_epoch=24 epoch_sec=2.3 task_elapsed_min=1.2 gpu_alloc_gb=0.272 gpu_reserved_gb=1.510
[ssl_epoch=16/50] ssl_loss=0.044955 lr=0.00012950 base_val_bce=0.651489 base_best=N base_cls_epoch=24 epoch_sec=2.7 elapsed_min=1.2 gpu_alloc_gb=0.272 gpu_reserved_gb=1.510
[repeat=9 fold=7] [epoch=17/50] ssl_loss=0.054546 lr=0.00012687 base_val_bce=0.655531 base_best=N base_cls_epoch=23 epoch_sec=2.6 task_elapsed_min=1.3 gpu_alloc_gb=0.272 gpu_reserved_gb=1.510
[ssl_epoch=17/50] ssl_loss=0.054546 lr=0.00012687 base_val_bce=0.655531 base_best=N base_cls_epoch=23 epoch_sec=3.9 elapsed_min=1.3 gpu_alloc_gb=0.272 gpu_reserved_gb=1.510
[repeat=9 fold=7] [epoch=18/50] ssl_loss=0.053135 lr=0.00012388 base_val_bce=0.650923 base_best=N base_cls_epoch=22 epoch_sec=2.9 task_elapsed_min=1.3 gpu_alloc_gb=0.272 gpu_reserved_gb=1.510
[ssl_epoch=18/50] ssl_loss=0.053135 lr=0.00012388 base_val_bce=0.650923 base_best=N base_cls_epoch=22 epoch_sec=3.8 elapsed_min=1.3 gpu_alloc_gb=0.272 gpu_reserved_gb=1.510
[repeat=9 fold=7] [epoch=19/50] ssl_loss=0.041084 lr=0.00012055 base_val_bce=0.653833 base_best=N base_cls_epoch=25 epoch_sec=3.8 task_elapsed_min=1.4 gpu_alloc_gb=0.272 gpu_reserved_gb=1.510
[ssl_epoch=19/50] ssl_loss=0.041084 lr=0.00012055 base_val_bce=0.653833 base_best=N base_cls_epoch=25 epoch_sec=4.0 elapsed_min=1.4 gpu_alloc_gb=0.272 gpu_reserved_gb=1.510
CHECKPOINT_LATEST repeat=9 scope=internal_cv fold=7 phase=ssl epoch=20 path=/data/adodas/VarCoNet-V2-main/xiaolunwen/experiment2b/checkpoints/worker_r9_latest.pt
[repeat=9 fold=7] [epoch=20/50] ssl_loss=0.055702 lr=0.00011690 base_val_bce=0.656567 base_best=N base_cls_epoch=28 epoch_sec=5.3 task_elapsed_min=1.5 gpu_alloc_gb=0.272 gpu_reserved_gb=1.510
[ssl_epoch=20/50] ssl_loss=0.055702 lr=0.00011690 base_val_bce=0.656567 base_best=N base_cls_epoch=28 epoch_sec=5.6 elapsed_min=1.5 gpu_alloc_gb=0.272 gpu_reserved_gb=1.510
[repeat=9 fold=7] [epoch=21/50] ssl_loss=0.051080 lr=0.00011296 base_val_bce=0.646067 base_best=N base_cls_epoch=25 epoch_sec=2.1 task_elapsed_min=1.5 gpu_alloc_gb=0.272 gpu_reserved_gb=1.510
[ssl_epoch=21/50] ssl_loss=0.051080 lr=0.00011296 base_val_bce=0.646067 base_best=N base_cls_epoch=25 epoch_sec=2.2 elapsed_min=1.5 gpu_alloc_gb=0.272 gpu_reserved_gb=1.510
[repeat=9 fold=7] [epoch=22/50] ssl_loss=0.037077 lr=0.00010873 base_val_bce=0.658652 base_best=N base_cls_epoch=25 epoch_sec=1.8 task_elapsed_min=1.6 gpu_alloc_gb=0.272 gpu_reserved_gb=1.510
[ssl_epoch=22/50] ssl_loss=0.037077 lr=0.00010873 base_val_bce=0.658652 base_best=N base_cls_epoch=25 epoch_sec=1.8 elapsed_min=1.6 gpu_alloc_gb=0.272 gpu_reserved_gb=1.510
[repeat=9 fold=7] [epoch=23/50] ssl_loss=0.036027 lr=0.00010426 base_val_bce=0.660672 base_best=N base_cls_epoch=26 epoch_sec=2.7 task_elapsed_min=1.6 gpu_alloc_gb=0.272 gpu_reserved_gb=1.510
[ssl_epoch=23/50] ssl_loss=0.036027 lr=0.00010426 base_val_bce=0.660672 base_best=N base_cls_epoch=26 epoch_sec=2.7 elapsed_min=1.6 gpu_alloc_gb=0.272 gpu_reserved_gb=1.510
[repeat=9 fold=7] [epoch=24/50] ssl_loss=0.048124 lr=0.00009957 base_val_bce=0.659127 base_best=N base_cls_epoch=25 epoch_sec=1.9 task_elapsed_min=1.7 gpu_alloc_gb=0.272 gpu_reserved_gb=1.510
[ssl_epoch=24/50] ssl_loss=0.048124 lr=0.00009957 base_val_bce=0.659127 base_best=N base_cls_epoch=25 epoch_sec=2.7 elapsed_min=1.7 gpu_alloc_gb=0.272 gpu_reserved_gb=1.510
[repeat=9 fold=7] [epoch=25/50] ssl_loss=0.035944 lr=0.00009469 base_val_bce=0.656244 base_best=N base_cls_epoch=23 epoch_sec=2.2 task_elapsed_min=1.7 gpu_alloc_gb=0.272 gpu_reserved_gb=1.510
[ssl_epoch=25/50] ssl_loss=0.035944 lr=0.00009469 base_val_bce=0.656244 base_best=N base_cls_epoch=23 epoch_sec=2.2 elapsed_min=1.7 gpu_alloc_gb=0.272 gpu_reserved_gb=1.510
[repeat=9 fold=7] [epoch=26/50] ssl_loss=0.050645 lr=0.00008964 base_val_bce=0.645661 base_best=N base_cls_epoch=26 epoch_sec=2.3 task_elapsed_min=1.8 gpu_alloc_gb=0.272 gpu_reserved_gb=1.510
[ssl_epoch=26/50] ssl_loss=0.050645 lr=0.00008964 base_val_bce=0.645661 base_best=N base_cls_epoch=26 epoch_sec=2.7 elapsed_min=1.8 gpu_alloc_gb=0.272 gpu_reserved_gb=1.510
[repeat=9 fold=7] [epoch=27/50] ssl_loss=0.039087 lr=0.00008447 base_val_bce=0.652062 base_best=N base_cls_epoch=24 epoch_sec=2.3 task_elapsed_min=1.8 gpu_alloc_gb=0.272 gpu_reserved_gb=1.510
[ssl_epoch=27/50] ssl_loss=0.039087 lr=0.00008447 base_val_bce=0.652062 base_best=N base_cls_epoch=24 epoch_sec=2.3 elapsed_min=1.8 gpu_alloc_gb=0.272 gpu_reserved_gb=1.510
[repeat=9 fold=7] [epoch=28/50] ssl_loss=0.037086 lr=0.00007919 base_val_bce=0.649530 base_best=N base_cls_epoch=23 epoch_sec=2.1 task_elapsed_min=1.8 gpu_alloc_gb=0.272 gpu_reserved_gb=1.510
[ssl_epoch=28/50] ssl_loss=0.037086 lr=0.00007919 base_val_bce=0.649530 base_best=N base_cls_epoch=23 epoch_sec=2.7 elapsed_min=1.8 gpu_alloc_gb=0.272 gpu_reserved_gb=1.510
[repeat=9 fold=7] [epoch=29/50] ssl_loss=0.048950 lr=0.00007385 base_val_bce=0.652218 base_best=N base_cls_epoch=29 epoch_sec=1.9 task_elapsed_min=1.9 gpu_alloc_gb=0.272 gpu_reserved_gb=1.510
[ssl_epoch=29/50] ssl_loss=0.048950 lr=0.00007385 base_val_bce=0.652218 base_best=N base_cls_epoch=29 epoch_sec=2.0 elapsed_min=1.9 gpu_alloc_gb=0.272 gpu_reserved_gb=1.510
CHECKPOINT_LATEST repeat=9 scope=internal_cv fold=7 phase=ssl epoch=30 path=/data/adodas/VarCoNet-V2-main/xiaolunwen/experiment2b/checkpoints/worker_r9_latest.pt
[repeat=9 fold=7] [epoch=30/50] ssl_loss=0.028522 lr=0.00006848 base_val_bce=0.648987 base_best=N base_cls_epoch=25 epoch_sec=5.5 task_elapsed_min=1.9 gpu_alloc_gb=0.272 gpu_reserved_gb=1.510
[ssl_epoch=30/50] ssl_loss=0.028522 lr=0.00006848 base_val_bce=0.648987 base_best=N base_cls_epoch=25 epoch_sec=5.5 elapsed_min=1.9 gpu_alloc_gb=0.272 gpu_reserved_gb=1.510
[repeat=9 fold=7] [epoch=31/50] ssl_loss=0.040078 lr=0.00006311 base_val_bce=0.658547 base_best=N base_cls_epoch=27 epoch_sec=1.8 task_elapsed_min=2.0 gpu_alloc_gb=0.272 gpu_reserved_gb=1.510
[ssl_epoch=31/50] ssl_loss=0.040078 lr=0.00006311 base_val_bce=0.658547 base_best=N base_cls_epoch=27 epoch_sec=1.8 elapsed_min=2.0 gpu_alloc_gb=0.272 gpu_reserved_gb=1.510
[repeat=9 fold=7] [epoch=32/50] ssl_loss=0.046229 lr=0.00005777 base_val_bce=0.658867 base_best=N base_cls_epoch=27 epoch_sec=2.8 task_elapsed_min=2.1 gpu_alloc_gb=0.272 gpu_reserved_gb=1.510
[ssl_epoch=32/50] ssl_loss=0.046229 lr=0.00005777 base_val_bce=0.658867 base_best=N base_cls_epoch=27 epoch_sec=3.9 elapsed_min=2.1 gpu_alloc_gb=0.272 gpu_reserved_gb=1.510
CHECKPOINT_BEST repeat=9 scope=internal_cv fold=7 phase=ssl epoch=33 path=/data/adodas/VarCoNet-V2-main/xiaolunwen/experiment2b/checkpoints/worker_r9_best.pt
[repeat=9 fold=7] [epoch=33/50] ssl_loss=0.029870 lr=0.00005249 base_val_bce=0.644611 base_best=Y base_cls_epoch=26 epoch_sec=8.4 task_elapsed_min=2.1 gpu_alloc_gb=0.272 gpu_reserved_gb=1.510
[ssl_epoch=33/50] ssl_loss=0.029870 lr=0.00005249 base_val_bce=0.644611 base_best=Y base_cls_epoch=26 epoch_sec=8.5 elapsed_min=2.1 gpu_alloc_gb=0.272 gpu_reserved_gb=1.510
[repeat=9 fold=7] [epoch=34/50] ssl_loss=0.048903 lr=0.00004732 base_val_bce=0.651839 base_best=N base_cls_epoch=28 epoch_sec=2.2 task_elapsed_min=2.3 gpu_alloc_gb=0.272 gpu_reserved_gb=1.510
[ssl_epoch=34/50] ssl_loss=0.048903 lr=0.00004732 base_val_bce=0.651839 base_best=N base_cls_epoch=28 epoch_sec=2.4 elapsed_min=2.3 gpu_alloc_gb=0.272 gpu_reserved_gb=1.510
[repeat=9 fold=7] [epoch=35/50] ssl_loss=0.034057 lr=0.00004227 base_val_bce=0.649619 base_best=N base_cls_epoch=23 epoch_sec=2.3 task_elapsed_min=2.3 gpu_alloc_gb=0.272 gpu_reserved_gb=1.510
[ssl_epoch=35/50] ssl_loss=0.034057 lr=0.00004227 base_val_bce=0.649619 base_best=N base_cls_epoch=23 epoch_sec=2.5 elapsed_min=2.3 gpu_alloc_gb=0.272 gpu_reserved_gb=1.510
[repeat=9 fold=7] [epoch=36/50] ssl_loss=0.039440 lr=0.00003739 base_val_bce=0.650429 base_best=N base_cls_epoch=23 epoch_sec=2.7 task_elapsed_min=2.4 gpu_alloc_gb=0.272 gpu_reserved_gb=1.510
[ssl_epoch=36/50] ssl_loss=0.039440 lr=0.00003739 base_val_bce=0.650429 base_best=N base_cls_epoch=23 epoch_sec=2.9 elapsed_min=2.4 gpu_alloc_gb=0.272 gpu_reserved_gb=1.510
[repeat=9 fold=7] [epoch=37/50] ssl_loss=0.040591 lr=0.00003270 base_val_bce=0.656224 base_best=N base_cls_epoch=28 epoch_sec=1.8 task_elapsed_min=2.4 gpu_alloc_gb=0.272 gpu_reserved_gb=1.510
[ssl_epoch=37/50] ssl_loss=0.040591 lr=0.00003270 base_val_bce=0.656224 base_best=N base_cls_epoch=28 epoch_sec=1.8 elapsed_min=2.4 gpu_alloc_gb=0.272 gpu_reserved_gb=1.510
[repeat=9 fold=7] [epoch=38/50] ssl_loss=0.038463 lr=0.00002823 base_val_bce=0.653798 base_best=N base_cls_epoch=28 epoch_sec=2.1 task_elapsed_min=2.4 gpu_alloc_gb=0.272 gpu_reserved_gb=1.510
[ssl_epoch=38/50] ssl_loss=0.038463 lr=0.00002823 base_val_bce=0.653798 base_best=N base_cls_epoch=28 epoch_sec=2.2 elapsed_min=2.4 gpu_alloc_gb=0.272 gpu_reserved_gb=1.510
[repeat=9 fold=7] [epoch=39/50] ssl_loss=0.031379 lr=0.00002401 base_val_bce=0.655597 base_best=N base_cls_epoch=24 epoch_sec=1.8 task_elapsed_min=2.5 gpu_alloc_gb=0.272 gpu_reserved_gb=1.510
[ssl_epoch=39/50] ssl_loss=0.031379 lr=0.00002401 base_val_bce=0.655597 base_best=N base_cls_epoch=24 epoch_sec=1.9 elapsed_min=2.5 gpu_alloc_gb=0.272 gpu_reserved_gb=1.510
CHECKPOINT_LATEST repeat=9 scope=internal_cv fold=7 phase=ssl epoch=40 path=/data/adodas/VarCoNet-V2-main/xiaolunwen/experiment2b/checkpoints/worker_r9_latest.pt
[repeat=9 fold=7] [epoch=40/50] ssl_loss=0.033835 lr=0.00002006 base_val_bce=0.650892 base_best=N base_cls_epoch=22 epoch_sec=8.0 task_elapsed_min=2.5 gpu_alloc_gb=0.272 gpu_reserved_gb=1.510
[ssl_epoch=40/50] ssl_loss=0.033835 lr=0.00002006 base_val_bce=0.650892 base_best=N base_cls_epoch=22 epoch_sec=8.0 elapsed_min=2.5 gpu_alloc_gb=0.272 gpu_reserved_gb=1.510
CHECKPOINT_BEST repeat=9 scope=internal_cv fold=7 phase=ssl epoch=41 path=/data/adodas/VarCoNet-V2-main/xiaolunwen/experiment2b/checkpoints/worker_r9_best.pt
[repeat=9 fold=7] [epoch=41/50] ssl_loss=0.046336 lr=0.00001641 base_val_bce=0.637894 base_best=Y base_cls_epoch=23 epoch_sec=7.3 task_elapsed_min=2.6 gpu_alloc_gb=0.272 gpu_reserved_gb=1.510
[ssl_epoch=41/50] ssl_loss=0.046336 lr=0.00001641 base_val_bce=0.637894 base_best=Y base_cls_epoch=23 epoch_sec=7.3 elapsed_min=2.6 gpu_alloc_gb=0.272 gpu_reserved_gb=1.510
[repeat=9 fold=7] [epoch=42/50] ssl_loss=0.030459 lr=0.00001308 base_val_bce=0.649703 base_best=N base_cls_epoch=25 epoch_sec=2.1 task_elapsed_min=2.7 gpu_alloc_gb=0.272 gpu_reserved_gb=1.510
[ssl_epoch=42/50] ssl_loss=0.030459 lr=0.00001308 base_val_bce=0.649703 base_best=N base_cls_epoch=25 epoch_sec=2.1 elapsed_min=2.7 gpu_alloc_gb=0.272 gpu_reserved_gb=1.510
[repeat=9 fold=7] [epoch=43/50] ssl_loss=0.032868 lr=0.00001009 base_val_bce=0.659194 base_best=N base_cls_epoch=27 epoch_sec=1.8 task_elapsed_min=2.8 gpu_alloc_gb=0.272 gpu_reserved_gb=1.510
[ssl_epoch=43/50] ssl_loss=0.032868 lr=0.00001009 base_val_bce=0.659194 base_best=N base_cls_epoch=27 epoch_sec=1.8 elapsed_min=2.8 gpu_alloc_gb=0.272 gpu_reserved_gb=1.510
[repeat=9 fold=7] [epoch=44/50] ssl_loss=0.033852 lr=0.00000746 base_val_bce=0.655982 base_best=N base_cls_epoch=24 epoch_sec=2.5 task_elapsed_min=2.8 gpu_alloc_gb=0.272 gpu_reserved_gb=1.510
[ssl_epoch=44/50] ssl_loss=0.033852 lr=0.00000746 base_val_bce=0.655982 base_best=N base_cls_epoch=24 epoch_sec=2.9 elapsed_min=2.8 gpu_alloc_gb=0.272 gpu_reserved_gb=1.510
[repeat=9 fold=7] [epoch=45/50] ssl_loss=0.052940 lr=0.00000521 base_val_bce=0.644673 base_best=N base_cls_epoch=27 epoch_sec=2.5 task_elapsed_min=2.9 gpu_alloc_gb=0.272 gpu_reserved_gb=1.510
[ssl_epoch=45/50] ssl_loss=0.052940 lr=0.00000521 base_val_bce=0.644673 base_best=N base_cls_epoch=27 epoch_sec=5.0 elapsed_min=2.9 gpu_alloc_gb=0.272 gpu_reserved_gb=1.510
[repeat=9 fold=7] [epoch=46/50] ssl_loss=0.035622 lr=0.00000335 base_val_bce=0.645857 base_best=N base_cls_epoch=27 epoch_sec=1.8 task_elapsed_min=3.0 gpu_alloc_gb=0.272 gpu_reserved_gb=1.510
[ssl_epoch=46/50] ssl_loss=0.035622 lr=0.00000335 base_val_bce=0.645857 base_best=N base_cls_epoch=27 epoch_sec=1.8 elapsed_min=3.0 gpu_alloc_gb=0.272 gpu_reserved_gb=1.510
[repeat=9 fold=7] [epoch=47/50] ssl_loss=0.035101 lr=0.00000189 base_val_bce=0.651813 base_best=N base_cls_epoch=30 epoch_sec=2.4 task_elapsed_min=3.0 gpu_alloc_gb=0.272 gpu_reserved_gb=1.510
[ssl_epoch=47/50] ssl_loss=0.035101 lr=0.00000189 base_val_bce=0.651813 base_best=N base_cls_epoch=30 epoch_sec=2.5 elapsed_min=3.0 gpu_alloc_gb=0.272 gpu_reserved_gb=1.510
[repeat=9 fold=7] [epoch=48/50] ssl_loss=0.038219 lr=0.00000084 base_val_bce=0.650862 base_best=N base_cls_epoch=23 epoch_sec=2.2 task_elapsed_min=3.0 gpu_alloc_gb=0.272 gpu_reserved_gb=1.510
[ssl_epoch=48/50] ssl_loss=0.038219 lr=0.00000084 base_val_bce=0.650862 base_best=N base_cls_epoch=23 epoch_sec=2.5 elapsed_min=3.0 gpu_alloc_gb=0.272 gpu_reserved_gb=1.510
[repeat=9 fold=7] [epoch=49/50] ssl_loss=0.039831 lr=0.00000021 base_val_bce=0.652120 base_best=N base_cls_epoch=23 epoch_sec=2.1 task_elapsed_min=3.1 gpu_alloc_gb=0.272 gpu_reserved_gb=1.510
[ssl_epoch=49/50] ssl_loss=0.039831 lr=0.00000021 base_val_bce=0.652120 base_best=N base_cls_epoch=23 epoch_sec=2.2 elapsed_min=3.1 gpu_alloc_gb=0.272 gpu_reserved_gb=1.510
CHECKPOINT_LATEST repeat=9 scope=internal_cv fold=7 phase=ssl epoch=50 path=/data/adodas/VarCoNet-V2-main/xiaolunwen/experiment2b/checkpoints/worker_r9_latest.pt
[repeat=9 fold=7] [epoch=50/50] ssl_loss=0.053425 lr=0.00000000 base_val_bce=0.639250 base_best=N base_cls_epoch=25 epoch_sec=6.4 task_elapsed_min=3.1 gpu_alloc_gb=0.272 gpu_reserved_gb=1.510
[ssl_epoch=50/50] ssl_loss=0.053425 lr=0.00000000 base_val_bce=0.639250 base_best=N base_cls_epoch=25 epoch_sec=6.4 elapsed_min=3.1 gpu_alloc_gb=0.272 gpu_reserved_gb=1.510
RESIDUAL_EPOCH repeat=9 scope=internal_cv fold=7 epoch=0 val_bce=0.637894 best=Y dynamic_dim=73536
CHECKPOINT_LATEST repeat=9 scope=internal_cv fold=7 phase=residual epoch=10 path=/data/adodas/VarCoNet-V2-main/xiaolunwen/experiment2b/checkpoints/worker_r9_latest.pt
[residual_epoch=10/149] residual_loss=0.160323 val_bce=0.662141 best=N best_epoch=0 epoch_sec=2.3 task_elapsed_min=3.2
CHECKPOINT_LATEST repeat=9 scope=internal_cv fold=7 phase=residual epoch=20 path=/data/adodas/VarCoNet-V2-main/xiaolunwen/experiment2b/checkpoints/worker_r9_latest.pt
[residual_epoch=20/149] residual_loss=0.080398 val_bce=0.689670 best=N best_epoch=0 epoch_sec=4.0 task_elapsed_min=3.2
CHECKPOINT_LATEST repeat=9 scope=internal_cv fold=7 phase=residual epoch=30 path=/data/adodas/VarCoNet-V2-main/xiaolunwen/experiment2b/checkpoints/worker_r9_latest.pt
[residual_epoch=30/149] residual_loss=0.046384 val_bce=0.719889 best=N best_epoch=0 epoch_sec=1.0 task_elapsed_min=3.3
CHECKPOINT_LATEST repeat=9 scope=internal_cv fold=7 phase=residual epoch=40 path=/data/adodas/VarCoNet-V2-main/xiaolunwen/experiment2b/checkpoints/worker_r9_latest.pt
[residual_epoch=40/149] residual_loss=0.030753 val_bce=0.748458 best=N best_epoch=0 epoch_sec=8.3 task_elapsed_min=3.3
CHECKPOINT_LATEST repeat=9 scope=internal_cv fold=7 phase=residual epoch=50 path=/data/adodas/VarCoNet-V2-main/xiaolunwen/experiment2b/checkpoints/worker_r9_latest.pt
[residual_epoch=50/149] residual_loss=0.022637 val_bce=0.771969 best=N best_epoch=0 epoch_sec=1.1 task_elapsed_min=3.5
CHECKPOINT_LATEST repeat=9 scope=internal_cv fold=7 phase=residual epoch=60 path=/data/adodas/VarCoNet-V2-main/xiaolunwen/experiment2b/checkpoints/worker_r9_latest.pt
[residual_epoch=60/149] residual_loss=0.017863 val_bce=0.790528 best=N best_epoch=0 epoch_sec=8.7 task_elapsed_min=3.5
CHECKPOINT_LATEST repeat=9 scope=internal_cv fold=7 phase=residual epoch=70 path=/data/adodas/VarCoNet-V2-main/xiaolunwen/experiment2b/checkpoints/worker_r9_latest.pt
[residual_epoch=70/149] residual_loss=0.014737 val_bce=0.806029 best=N best_epoch=0 epoch_sec=1.0 task_elapsed_min=3.6
CHECKPOINT_LATEST repeat=9 scope=internal_cv fold=7 phase=residual epoch=80 path=/data/adodas/VarCoNet-V2-main/xiaolunwen/experiment2b/checkpoints/worker_r9_latest.pt
[residual_epoch=80/149] residual_loss=0.012516 val_bce=0.819635 best=N best_epoch=0 epoch_sec=9.4 task_elapsed_min=3.6
CHECKPOINT_LATEST repeat=9 scope=internal_cv fold=7 phase=residual epoch=90 path=/data/adodas/VarCoNet-V2-main/xiaolunwen/experiment2b/checkpoints/worker_r9_latest.pt
[residual_epoch=90/149] residual_loss=0.010842 val_bce=0.831876 best=N best_epoch=0 epoch_sec=6.0 task_elapsed_min=3.8
CHECKPOINT_LATEST repeat=9 scope=internal_cv fold=7 phase=residual epoch=100 path=/data/adodas/VarCoNet-V2-main/xiaolunwen/experiment2b/checkpoints/worker_r9_latest.pt
[residual_epoch=100/149] residual_loss=0.009529 val_bce=0.843137 best=N best_epoch=0 epoch_sec=2.2 task_elapsed_min=3.9
CHECKPOINT_LATEST repeat=9 scope=internal_cv fold=7 phase=residual epoch=110 path=/data/adodas/VarCoNet-V2-main/xiaolunwen/experiment2b/checkpoints/worker_r9_latest.pt
[residual_epoch=110/149] residual_loss=0.008468 val_bce=0.853640 best=N best_epoch=0 epoch_sec=3.8 task_elapsed_min=3.9
CHECKPOINT_LATEST repeat=9 scope=internal_cv fold=7 phase=residual epoch=120 path=/data/adodas/VarCoNet-V2-main/xiaolunwen/experiment2b/checkpoints/worker_r9_latest.pt
[residual_epoch=120/149] residual_loss=0.007594 val_bce=0.863479 best=N best_epoch=0 epoch_sec=3.0 task_elapsed_min=4.0
CHECKPOINT_LATEST repeat=9 scope=internal_cv fold=7 phase=residual epoch=130 path=/data/adodas/VarCoNet-V2-main/xiaolunwen/experiment2b/checkpoints/worker_r9_latest.pt
[residual_epoch=130/149] residual_loss=0.006861 val_bce=0.872766 best=N best_epoch=0 epoch_sec=2.8 task_elapsed_min=4.1
CHECKPOINT_LATEST repeat=9 scope=internal_cv fold=7 phase=residual epoch=140 path=/data/adodas/VarCoNet-V2-main/xiaolunwen/experiment2b/checkpoints/worker_r9_latest.pt
[residual_epoch=140/149] residual_loss=0.006239 val_bce=0.881586 best=N best_epoch=0 epoch_sec=5.4 task_elapsed_min=4.1
RESIDUAL_DONE repeat=9 scope=internal_cv fold=7 selected_encoder_epoch=41 selected_classifier_epoch=23 selected_residual_epoch=0 val_bce=0.637894
TASK_TRAINING_DONE repeat=9 scope=internal_cv fold=7 base_epoch=41 dyn_epoch=41 base_val_bce=0.637894 dyn_val_bce=0.637894
TASK_DONE repeat=9 scope=internal_fold fold=7 method=baseline selected_encoder_epoch=41 test_auc=0.706798 test_bce=0.624895 elapsed_min=4.2
TASK_DONE repeat=9 scope=internal_fold fold=7 method=pretransformer_edge_residual selected_encoder_epoch=41 test_auc=0.706798 test_bce=0.624895 elapsed_min=4.2
TASK_START repeat=9 scope=internal_cv fold=8 seed=100908 device=cuda:0 shared_encoder=Y
CHECKPOINT_BEST repeat=9 scope=internal_cv fold=8 phase=ssl epoch=1 path=/data/adodas/VarCoNet-V2-main/xiaolunwen/experiment2b/checkpoints/worker_r9_best.pt
[repeat=9 fold=8] [epoch=1/50] ssl_loss=0.147608 lr=0.00002411 base_val_bce=0.650544 base_best=Y base_cls_epoch=17 epoch_sec=5.7 task_elapsed_min=0.1 gpu_alloc_gb=0.272 gpu_reserved_gb=1.510
[ssl_epoch=1/50] ssl_loss=0.147608 lr=0.00002411 base_val_bce=0.650544 base_best=Y base_cls_epoch=17 epoch_sec=6.2 elapsed_min=0.1 gpu_alloc_gb=0.272 gpu_reserved_gb=1.510
CHECKPOINT_BEST repeat=9 scope=internal_cv fold=8 phase=ssl epoch=2 path=/data/adodas/VarCoNet-V2-main/xiaolunwen/experiment2b/checkpoints/worker_r9_best.pt
[repeat=9 fold=8] [epoch=2/50] ssl_loss=0.135402 lr=0.00003821 base_val_bce=0.647819 base_best=Y base_cls_epoch=10 epoch_sec=9.6 task_elapsed_min=0.2 gpu_alloc_gb=0.272 gpu_reserved_gb=1.510
[ssl_epoch=2/50] ssl_loss=0.135402 lr=0.00003821 base_val_bce=0.647819 base_best=Y base_cls_epoch=10 epoch_sec=9.6 elapsed_min=0.2 gpu_alloc_gb=0.272 gpu_reserved_gb=1.510
[repeat=9 fold=8] [epoch=3/50] ssl_loss=0.105493 lr=0.00005232 base_val_bce=0.649673 base_best=N base_cls_epoch=13 epoch_sec=3.5 task_elapsed_min=0.4 gpu_alloc_gb=0.272 gpu_reserved_gb=1.510
[ssl_epoch=3/50] ssl_loss=0.105493 lr=0.00005232 base_val_bce=0.649673 base_best=N base_cls_epoch=13 epoch_sec=3.9 elapsed_min=0.4 gpu_alloc_gb=0.272 gpu_reserved_gb=1.510
[repeat=9 fold=8] [epoch=4/50] ssl_loss=0.093941 lr=0.00006643 base_val_bce=0.650854 base_best=N base_cls_epoch=14 epoch_sec=2.2 task_elapsed_min=0.4 gpu_alloc_gb=0.272 gpu_reserved_gb=1.510
[ssl_epoch=4/50] ssl_loss=0.093941 lr=0.00006643 base_val_bce=0.650854 base_best=N base_cls_epoch=14 epoch_sec=2.2 elapsed_min=0.4 gpu_alloc_gb=0.272 gpu_reserved_gb=1.510
CHECKPOINT_BEST repeat=9 scope=internal_cv fold=8 phase=ssl epoch=5 path=/data/adodas/VarCoNet-V2-main/xiaolunwen/experiment2b/checkpoints/worker_r9_best.pt
[repeat=9 fold=8] [epoch=5/50] ssl_loss=0.109573 lr=0.00008053 base_val_bce=0.646707 base_best=Y base_cls_epoch=10 epoch_sec=5.1 task_elapsed_min=0.4 gpu_alloc_gb=0.272 gpu_reserved_gb=1.510
[ssl_epoch=5/50] ssl_loss=0.109573 lr=0.00008053 base_val_bce=0.646707 base_best=Y base_cls_epoch=10 epoch_sec=5.2 elapsed_min=0.4 gpu_alloc_gb=0.272 gpu_reserved_gb=1.510
CHECKPOINT_BEST repeat=9 scope=internal_cv fold=8 phase=ssl epoch=6 path=/data/adodas/VarCoNet-V2-main/xiaolunwen/experiment2b/checkpoints/worker_r9_best.pt
[repeat=9 fold=8] [epoch=6/50] ssl_loss=0.102258 lr=0.00009464 base_val_bce=0.641570 base_best=Y base_cls_epoch=15 epoch_sec=10.7 task_elapsed_min=0.5 gpu_alloc_gb=0.272 gpu_reserved_gb=1.510
[ssl_epoch=6/50] ssl_loss=0.102258 lr=0.00009464 base_val_bce=0.641570 base_best=Y base_cls_epoch=15 epoch_sec=10.7 elapsed_min=0.5 gpu_alloc_gb=0.272 gpu_reserved_gb=1.510
CHECKPOINT_BEST repeat=9 scope=internal_cv fold=8 phase=ssl epoch=7 path=/data/adodas/VarCoNet-V2-main/xiaolunwen/experiment2b/checkpoints/worker_r9_best.pt
[repeat=9 fold=8] [epoch=7/50] ssl_loss=0.080204 lr=0.00010875 base_val_bce=0.634058 base_best=Y base_cls_epoch=15 epoch_sec=5.2 task_elapsed_min=0.7 gpu_alloc_gb=0.272 gpu_reserved_gb=1.510
[ssl_epoch=7/50] ssl_loss=0.080204 lr=0.00010875 base_val_bce=0.634058 base_best=Y base_cls_epoch=15 epoch_sec=5.2 elapsed_min=0.7 gpu_alloc_gb=0.272 gpu_reserved_gb=1.510
[repeat=9 fold=8] [epoch=8/50] ssl_loss=0.071645 lr=0.00012285 base_val_bce=0.644031 base_best=N base_cls_epoch=14 epoch_sec=4.8 task_elapsed_min=0.8 gpu_alloc_gb=0.272 gpu_reserved_gb=1.510
[ssl_epoch=8/50] ssl_loss=0.071645 lr=0.00012285 base_val_bce=0.644031 base_best=N base_cls_epoch=14 epoch_sec=5.3 elapsed_min=0.8 gpu_alloc_gb=0.272 gpu_reserved_gb=1.510
[repeat=9 fold=8] [epoch=9/50] ssl_loss=0.079118 lr=0.00013696 base_val_bce=0.640216 base_best=N base_cls_epoch=16 epoch_sec=3.0 task_elapsed_min=0.9 gpu_alloc_gb=0.272 gpu_reserved_gb=1.510
[ssl_epoch=9/50] ssl_loss=0.079118 lr=0.00013696 base_val_bce=0.640216 base_best=N base_cls_epoch=16 epoch_sec=3.7 elapsed_min=0.9 gpu_alloc_gb=0.272 gpu_reserved_gb=1.510
CHECKPOINT_LATEST repeat=9 scope=internal_cv fold=8 phase=ssl epoch=10 path=/data/adodas/VarCoNet-V2-main/xiaolunwen/experiment2b/checkpoints/worker_r9_latest.pt
[repeat=9 fold=8] [epoch=10/50] ssl_loss=0.060973 lr=0.00013696 base_val_bce=0.650862 base_best=N base_cls_epoch=16 epoch_sec=10.8 task_elapsed_min=1.0 gpu_alloc_gb=0.272 gpu_reserved_gb=1.510
[ssl_epoch=10/50] ssl_loss=0.060973 lr=0.00013696 base_val_bce=0.650862 base_best=N base_cls_epoch=16 epoch_sec=10.8 elapsed_min=1.0 gpu_alloc_gb=0.272 gpu_reserved_gb=1.510
CHECKPOINT_BEST repeat=9 scope=internal_cv fold=8 phase=ssl epoch=11 path=/data/adodas/VarCoNet-V2-main/xiaolunwen/experiment2b/checkpoints/worker_r9_best.pt
[repeat=9 fold=8] [epoch=11/50] ssl_loss=0.064093 lr=0.00013675 base_val_bce=0.630267 base_best=Y base_cls_epoch=21 epoch_sec=12.8 task_elapsed_min=1.1 gpu_alloc_gb=0.272 gpu_reserved_gb=1.510
[ssl_epoch=11/50] ssl_loss=0.064093 lr=0.00013675 base_val_bce=0.630267 base_best=Y base_cls_epoch=21 epoch_sec=12.8 elapsed_min=1.1 gpu_alloc_gb=0.272 gpu_reserved_gb=1.510
[repeat=9 fold=8] [epoch=12/50] ssl_loss=0.074916 lr=0.00013612 base_val_bce=0.637527 base_best=N base_cls_epoch=26 epoch_sec=2.4 task_elapsed_min=1.3 gpu_alloc_gb=0.272 gpu_reserved_gb=1.510
[ssl_epoch=12/50] ssl_loss=0.074916 lr=0.00013612 base_val_bce=0.637527 base_best=N base_cls_epoch=26 epoch_sec=2.4 elapsed_min=1.3 gpu_alloc_gb=0.272 gpu_reserved_gb=1.510
[repeat=9 fold=8] [epoch=13/50] ssl_loss=0.056039 lr=0.00013507 base_val_bce=0.641671 base_best=N base_cls_epoch=22 epoch_sec=2.0 task_elapsed_min=1.4 gpu_alloc_gb=0.272 gpu_reserved_gb=1.510
[ssl_epoch=13/50] ssl_loss=0.056039 lr=0.00013507 base_val_bce=0.641671 base_best=N base_cls_epoch=22 epoch_sec=2.0 elapsed_min=1.4 gpu_alloc_gb=0.272 gpu_reserved_gb=1.510
CHECKPOINT_BEST repeat=9 scope=internal_cv fold=8 phase=ssl epoch=14 path=/data/adodas/VarCoNet-V2-main/xiaolunwen/experiment2b/checkpoints/worker_r9_best.pt
[repeat=9 fold=8] [epoch=14/50] ssl_loss=0.062834 lr=0.00013361 base_val_bce=0.622987 base_best=Y base_cls_epoch=25 epoch_sec=8.2 task_elapsed_min=1.4 gpu_alloc_gb=0.272 gpu_reserved_gb=1.510
[ssl_epoch=14/50] ssl_loss=0.062834 lr=0.00013361 base_val_bce=0.622987 base_best=Y base_cls_epoch=25 epoch_sec=8.7 elapsed_min=1.4 gpu_alloc_gb=0.272 gpu_reserved_gb=1.510
[repeat=9 fold=8] [epoch=15/50] ssl_loss=0.060093 lr=0.00013175 base_val_bce=0.642357 base_best=N base_cls_epoch=33 epoch_sec=2.9 task_elapsed_min=1.6 gpu_alloc_gb=0.272 gpu_reserved_gb=1.510
[ssl_epoch=15/50] ssl_loss=0.060093 lr=0.00013175 base_val_bce=0.642357 base_best=N base_cls_epoch=33 epoch_sec=2.9 elapsed_min=1.6 gpu_alloc_gb=0.272 gpu_reserved_gb=1.510
[repeat=9 fold=8] [epoch=16/50] ssl_loss=0.045795 lr=0.00012950 base_val_bce=0.636171 base_best=N base_cls_epoch=29 epoch_sec=2.9 task_elapsed_min=1.6 gpu_alloc_gb=0.272 gpu_reserved_gb=1.510
[ssl_epoch=16/50] ssl_loss=0.045795 lr=0.00012950 base_val_bce=0.636171 base_best=N base_cls_epoch=29 epoch_sec=3.9 elapsed_min=1.6 gpu_alloc_gb=0.272 gpu_reserved_gb=1.510
[repeat=9 fold=8] [epoch=17/50] ssl_loss=0.057170 lr=0.00012687 base_val_bce=0.628500 base_best=N base_cls_epoch=30 epoch_sec=2.8 task_elapsed_min=1.7 gpu_alloc_gb=0.272 gpu_reserved_gb=1.510
[ssl_epoch=17/50] ssl_loss=0.057170 lr=0.00012687 base_val_bce=0.628500 base_best=N base_cls_epoch=30 epoch_sec=3.6 elapsed_min=1.7 gpu_alloc_gb=0.272 gpu_reserved_gb=1.510
CHECKPOINT_BEST repeat=9 scope=internal_cv fold=8 phase=ssl epoch=18 path=/data/adodas/VarCoNet-V2-main/xiaolunwen/experiment2b/checkpoints/worker_r9_best.pt
[repeat=9 fold=8] [epoch=18/50] ssl_loss=0.051579 lr=0.00012388 base_val_bce=0.617746 base_best=Y base_cls_epoch=31 epoch_sec=13.7 task_elapsed_min=1.8 gpu_alloc_gb=0.272 gpu_reserved_gb=1.510
[ssl_epoch=18/50] ssl_loss=0.051579 lr=0.00012388 base_val_bce=0.617746 base_best=Y base_cls_epoch=31 epoch_sec=13.7 elapsed_min=1.8 gpu_alloc_gb=0.272 gpu_reserved_gb=1.510
[repeat=9 fold=8] [epoch=19/50] ssl_loss=0.055130 lr=0.00012055 base_val_bce=0.624337 base_best=N base_cls_epoch=34 epoch_sec=2.4 task_elapsed_min=2.0 gpu_alloc_gb=0.272 gpu_reserved_gb=1.510
[ssl_epoch=19/50] ssl_loss=0.055130 lr=0.00012055 base_val_bce=0.624337 base_best=N base_cls_epoch=34 epoch_sec=2.5 elapsed_min=2.0 gpu_alloc_gb=0.272 gpu_reserved_gb=1.510
CHECKPOINT_LATEST repeat=9 scope=internal_cv fold=8 phase=ssl epoch=20 path=/data/adodas/VarCoNet-V2-main/xiaolunwen/experiment2b/checkpoints/worker_r9_latest.pt
[repeat=9 fold=8] [epoch=20/50] ssl_loss=0.048978 lr=0.00011690 base_val_bce=0.637847 base_best=N base_cls_epoch=35 epoch_sec=7.7 task_elapsed_min=2.0 gpu_alloc_gb=0.272 gpu_reserved_gb=1.510
[ssl_epoch=20/50] ssl_loss=0.048978 lr=0.00011690 base_val_bce=0.637847 base_best=N base_cls_epoch=35 epoch_sec=7.8 elapsed_min=2.0 gpu_alloc_gb=0.272 gpu_reserved_gb=1.510
[repeat=9 fold=8] [epoch=21/50] ssl_loss=0.043554 lr=0.00011296 base_val_bce=0.635271 base_best=N base_cls_epoch=36 epoch_sec=2.0 task_elapsed_min=2.2 gpu_alloc_gb=0.272 gpu_reserved_gb=1.510
[ssl_epoch=21/50] ssl_loss=0.043554 lr=0.00011296 base_val_bce=0.635271 base_best=N base_cls_epoch=36 epoch_sec=2.1 elapsed_min=2.2 gpu_alloc_gb=0.272 gpu_reserved_gb=1.510
[repeat=9 fold=8] [epoch=22/50] ssl_loss=0.043568 lr=0.00010873 base_val_bce=0.633198 base_best=N base_cls_epoch=33 epoch_sec=1.7 task_elapsed_min=2.2 gpu_alloc_gb=0.272 gpu_reserved_gb=1.510
[ssl_epoch=22/50] ssl_loss=0.043568 lr=0.00010873 base_val_bce=0.633198 base_best=N base_cls_epoch=33 epoch_sec=1.7 elapsed_min=2.2 gpu_alloc_gb=0.272 gpu_reserved_gb=1.510
[repeat=9 fold=8] [epoch=23/50] ssl_loss=0.055069 lr=0.00010426 base_val_bce=0.631284 base_best=N base_cls_epoch=38 epoch_sec=1.7 task_elapsed_min=2.2 gpu_alloc_gb=0.272 gpu_reserved_gb=1.510
[ssl_epoch=23/50] ssl_loss=0.055069 lr=0.00010426 base_val_bce=0.631284 base_best=N base_cls_epoch=38 epoch_sec=1.8 elapsed_min=2.2 gpu_alloc_gb=0.272 gpu_reserved_gb=1.510
[repeat=9 fold=8] [epoch=24/50] ssl_loss=0.042397 lr=0.00009957 base_val_bce=0.629996 base_best=N base_cls_epoch=40 epoch_sec=1.7 task_elapsed_min=2.2 gpu_alloc_gb=0.272 gpu_reserved_gb=1.510
[ssl_epoch=24/50] ssl_loss=0.042397 lr=0.00009957 base_val_bce=0.629996 base_best=N base_cls_epoch=40 epoch_sec=1.9 elapsed_min=2.2 gpu_alloc_gb=0.272 gpu_reserved_gb=1.510
[repeat=9 fold=8] [epoch=25/50] ssl_loss=0.039899 lr=0.00009469 base_val_bce=0.633543 base_best=N base_cls_epoch=38 epoch_sec=1.9 task_elapsed_min=2.3 gpu_alloc_gb=0.272 gpu_reserved_gb=1.510
[ssl_epoch=25/50] ssl_loss=0.039899 lr=0.00009469 base_val_bce=0.633543 base_best=N base_cls_epoch=38 epoch_sec=2.7 elapsed_min=2.3 gpu_alloc_gb=0.272 gpu_reserved_gb=1.510
[repeat=9 fold=8] [epoch=26/50] ssl_loss=0.040768 lr=0.00008964 base_val_bce=0.639819 base_best=N base_cls_epoch=30 epoch_sec=1.8 task_elapsed_min=2.3 gpu_alloc_gb=0.272 gpu_reserved_gb=1.510
[ssl_epoch=26/50] ssl_loss=0.040768 lr=0.00008964 base_val_bce=0.639819 base_best=N base_cls_epoch=30 epoch_sec=1.8 elapsed_min=2.3 gpu_alloc_gb=0.272 gpu_reserved_gb=1.510
[repeat=9 fold=8] [epoch=27/50] ssl_loss=0.046983 lr=0.00008447 base_val_bce=0.632869 base_best=N base_cls_epoch=40 epoch_sec=1.8 task_elapsed_min=2.4 gpu_alloc_gb=0.272 gpu_reserved_gb=1.510
[ssl_epoch=27/50] ssl_loss=0.046983 lr=0.00008447 base_val_bce=0.632869 base_best=N base_cls_epoch=40 epoch_sec=1.9 elapsed_min=2.4 gpu_alloc_gb=0.272 gpu_reserved_gb=1.510
[repeat=9 fold=8] [epoch=28/50] ssl_loss=0.042358 lr=0.00007919 base_val_bce=0.628426 base_best=N base_cls_epoch=35 epoch_sec=1.7 task_elapsed_min=2.4 gpu_alloc_gb=0.272 gpu_reserved_gb=1.510
[ssl_epoch=28/50] ssl_loss=0.042358 lr=0.00007919 base_val_bce=0.628426 base_best=N base_cls_epoch=35 epoch_sec=1.8 elapsed_min=2.4 gpu_alloc_gb=0.272 gpu_reserved_gb=1.510
[repeat=9 fold=8] [epoch=29/50] ssl_loss=0.041708 lr=0.00007385 base_val_bce=0.627005 base_best=N base_cls_epoch=41 epoch_sec=1.7 task_elapsed_min=2.4 gpu_alloc_gb=0.272 gpu_reserved_gb=1.510
[ssl_epoch=29/50] ssl_loss=0.041708 lr=0.00007385 base_val_bce=0.627005 base_best=N base_cls_epoch=41 epoch_sec=1.7 elapsed_min=2.4 gpu_alloc_gb=0.272 gpu_reserved_gb=1.510
CHECKPOINT_LATEST repeat=9 scope=internal_cv fold=8 phase=ssl epoch=30 path=/data/adodas/VarCoNet-V2-main/xiaolunwen/experiment2b/checkpoints/worker_r9_latest.pt
[repeat=9 fold=8] [epoch=30/50] ssl_loss=0.041636 lr=0.00006848 base_val_bce=0.628689 base_best=N base_cls_epoch=40 epoch_sec=9.9 task_elapsed_min=2.4 gpu_alloc_gb=0.272 gpu_reserved_gb=1.510
[ssl_epoch=30/50] ssl_loss=0.041636 lr=0.00006848 base_val_bce=0.628689 base_best=N base_cls_epoch=40 epoch_sec=10.5 elapsed_min=2.4 gpu_alloc_gb=0.272 gpu_reserved_gb=1.510
[repeat=9 fold=8] [epoch=31/50] ssl_loss=0.051805 lr=0.00006311 base_val_bce=0.637209 base_best=N base_cls_epoch=45 epoch_sec=2.0 task_elapsed_min=2.6 gpu_alloc_gb=0.272 gpu_reserved_gb=1.510
[ssl_epoch=31/50] ssl_loss=0.051805 lr=0.00006311 base_val_bce=0.637209 base_best=N base_cls_epoch=45 epoch_sec=2.5 elapsed_min=2.6 gpu_alloc_gb=0.272 gpu_reserved_gb=1.510
[repeat=9 fold=8] [epoch=32/50] ssl_loss=0.039319 lr=0.00005777 base_val_bce=0.623784 base_best=N base_cls_epoch=36 epoch_sec=1.8 task_elapsed_min=2.7 gpu_alloc_gb=0.272 gpu_reserved_gb=1.510
[ssl_epoch=32/50] ssl_loss=0.039319 lr=0.00005777 base_val_bce=0.623784 base_best=N base_cls_epoch=36 epoch_sec=1.8 elapsed_min=2.7 gpu_alloc_gb=0.272 gpu_reserved_gb=1.510
[repeat=9 fold=8] [epoch=33/50] ssl_loss=0.035546 lr=0.00005249 base_val_bce=0.621734 base_best=N base_cls_epoch=41 epoch_sec=1.7 task_elapsed_min=2.7 gpu_alloc_gb=0.272 gpu_reserved_gb=1.510
[ssl_epoch=33/50] ssl_loss=0.035546 lr=0.00005249 base_val_bce=0.621734 base_best=N base_cls_epoch=41 epoch_sec=2.1 elapsed_min=2.7 gpu_alloc_gb=0.272 gpu_reserved_gb=1.510
[repeat=9 fold=8] [epoch=34/50] ssl_loss=0.045492 lr=0.00004732 base_val_bce=0.636680 base_best=N base_cls_epoch=45 epoch_sec=2.5 task_elapsed_min=2.8 gpu_alloc_gb=0.272 gpu_reserved_gb=1.510
[ssl_epoch=34/50] ssl_loss=0.045492 lr=0.00004732 base_val_bce=0.636680 base_best=N base_cls_epoch=45 epoch_sec=2.6 elapsed_min=2.8 gpu_alloc_gb=0.272 gpu_reserved_gb=1.510
[repeat=9 fold=8] [epoch=35/50] ssl_loss=0.052016 lr=0.00004227 base_val_bce=0.630475 base_best=N base_cls_epoch=36 epoch_sec=1.8 task_elapsed_min=2.8 gpu_alloc_gb=0.272 gpu_reserved_gb=1.510
[ssl_epoch=35/50] ssl_loss=0.052016 lr=0.00004227 base_val_bce=0.630475 base_best=N base_cls_epoch=36 epoch_sec=1.8 elapsed_min=2.8 gpu_alloc_gb=0.272 gpu_reserved_gb=1.510
[repeat=9 fold=8] [epoch=36/50] ssl_loss=0.046078 lr=0.00003739 base_val_bce=0.621007 base_best=N base_cls_epoch=43 epoch_sec=1.8 task_elapsed_min=2.9 gpu_alloc_gb=0.272 gpu_reserved_gb=1.510
[ssl_epoch=36/50] ssl_loss=0.046078 lr=0.00003739 base_val_bce=0.621007 base_best=N base_cls_epoch=43 epoch_sec=1.9 elapsed_min=2.9 gpu_alloc_gb=0.272 gpu_reserved_gb=1.510
[repeat=9 fold=8] [epoch=37/50] ssl_loss=0.041199 lr=0.00003270 base_val_bce=0.621640 base_best=N base_cls_epoch=40 epoch_sec=1.7 task_elapsed_min=2.9 gpu_alloc_gb=0.272 gpu_reserved_gb=1.510
[ssl_epoch=37/50] ssl_loss=0.041199 lr=0.00003270 base_val_bce=0.621640 base_best=N base_cls_epoch=40 epoch_sec=1.8 elapsed_min=2.9 gpu_alloc_gb=0.272 gpu_reserved_gb=1.510
[repeat=9 fold=8] [epoch=38/50] ssl_loss=0.043963 lr=0.00002823 base_val_bce=0.624944 base_best=N base_cls_epoch=37 epoch_sec=2.0 task_elapsed_min=2.9 gpu_alloc_gb=0.272 gpu_reserved_gb=1.510
[ssl_epoch=38/50] ssl_loss=0.043963 lr=0.00002823 base_val_bce=0.624944 base_best=N base_cls_epoch=37 epoch_sec=2.1 elapsed_min=2.9 gpu_alloc_gb=0.272 gpu_reserved_gb=1.510
[repeat=9 fold=8] [epoch=39/50] ssl_loss=0.041730 lr=0.00002401 base_val_bce=0.628092 base_best=N base_cls_epoch=40 epoch_sec=1.7 task_elapsed_min=3.0 gpu_alloc_gb=0.272 gpu_reserved_gb=1.510
[ssl_epoch=39/50] ssl_loss=0.041730 lr=0.00002401 base_val_bce=0.628092 base_best=N base_cls_epoch=40 epoch_sec=1.8 elapsed_min=3.0 gpu_alloc_gb=0.272 gpu_reserved_gb=1.510
CHECKPOINT_LATEST repeat=9 scope=internal_cv fold=8 phase=ssl epoch=40 path=/data/adodas/VarCoNet-V2-main/xiaolunwen/experiment2b/checkpoints/worker_r9_latest.pt
[repeat=9 fold=8] [epoch=40/50] ssl_loss=0.044621 lr=0.00002006 base_val_bce=0.627931 base_best=N base_cls_epoch=39 epoch_sec=10.3 task_elapsed_min=3.0 gpu_alloc_gb=0.272 gpu_reserved_gb=1.510
[ssl_epoch=40/50] ssl_loss=0.044621 lr=0.00002006 base_val_bce=0.627931 base_best=N base_cls_epoch=39 epoch_sec=10.4 elapsed_min=3.0 gpu_alloc_gb=0.272 gpu_reserved_gb=1.510
[repeat=9 fold=8] [epoch=41/50] ssl_loss=0.042063 lr=0.00001641 base_val_bce=0.631873 base_best=N base_cls_epoch=31 epoch_sec=1.8 task_elapsed_min=3.2 gpu_alloc_gb=0.272 gpu_reserved_gb=1.510
[ssl_epoch=41/50] ssl_loss=0.042063 lr=0.00001641 base_val_bce=0.631873 base_best=N base_cls_epoch=31 epoch_sec=1.9 elapsed_min=3.2 gpu_alloc_gb=0.272 gpu_reserved_gb=1.510
[repeat=9 fold=8] [epoch=42/50] ssl_loss=0.037809 lr=0.00001308 base_val_bce=0.637723 base_best=N base_cls_epoch=36 epoch_sec=2.6 task_elapsed_min=3.2 gpu_alloc_gb=0.272 gpu_reserved_gb=1.510
[ssl_epoch=42/50] ssl_loss=0.037809 lr=0.00001308 base_val_bce=0.637723 base_best=N base_cls_epoch=36 epoch_sec=3.7 elapsed_min=3.2 gpu_alloc_gb=0.272 gpu_reserved_gb=1.510
[repeat=9 fold=8] [epoch=43/50] ssl_loss=0.037748 lr=0.00001009 base_val_bce=0.623964 base_best=N base_cls_epoch=39 epoch_sec=1.9 task_elapsed_min=3.3 gpu_alloc_gb=0.272 gpu_reserved_gb=1.510
[ssl_epoch=43/50] ssl_loss=0.037748 lr=0.00001009 base_val_bce=0.623964 base_best=N base_cls_epoch=39 epoch_sec=2.0 elapsed_min=3.3 gpu_alloc_gb=0.272 gpu_reserved_gb=1.510
[repeat=9 fold=8] [epoch=44/50] ssl_loss=0.042958 lr=0.00000746 base_val_bce=0.638600 base_best=N base_cls_epoch=41 epoch_sec=2.5 task_elapsed_min=3.3 gpu_alloc_gb=0.272 gpu_reserved_gb=1.510
[ssl_epoch=44/50] ssl_loss=0.042958 lr=0.00000746 base_val_bce=0.638600 base_best=N base_cls_epoch=41 epoch_sec=3.1 elapsed_min=3.3 gpu_alloc_gb=0.272 gpu_reserved_gb=1.510
[repeat=9 fold=8] [epoch=45/50] ssl_loss=0.046692 lr=0.00000521 base_val_bce=0.622788 base_best=N base_cls_epoch=37 epoch_sec=2.2 task_elapsed_min=3.4 gpu_alloc_gb=0.272 gpu_reserved_gb=1.510
[ssl_epoch=45/50] ssl_loss=0.046692 lr=0.00000521 base_val_bce=0.622788 base_best=N base_cls_epoch=37 epoch_sec=2.5 elapsed_min=3.4 gpu_alloc_gb=0.272 gpu_reserved_gb=1.510
[repeat=9 fold=8] [epoch=46/50] ssl_loss=0.037268 lr=0.00000335 base_val_bce=0.628345 base_best=N base_cls_epoch=38 epoch_sec=2.3 task_elapsed_min=3.4 gpu_alloc_gb=0.272 gpu_reserved_gb=1.510
[ssl_epoch=46/50] ssl_loss=0.037268 lr=0.00000335 base_val_bce=0.628345 base_best=N base_cls_epoch=38 epoch_sec=2.3 elapsed_min=3.4 gpu_alloc_gb=0.272 gpu_reserved_gb=1.510
[repeat=9 fold=8] [epoch=47/50] ssl_loss=0.034774 lr=0.00000189 base_val_bce=0.624754 base_best=N base_cls_epoch=39 epoch_sec=2.8 task_elapsed_min=3.4 gpu_alloc_gb=0.272 gpu_reserved_gb=1.510
[ssl_epoch=47/50] ssl_loss=0.034774 lr=0.00000189 base_val_bce=0.624754 base_best=N base_cls_epoch=39 epoch_sec=2.8 elapsed_min=3.4 gpu_alloc_gb=0.272 gpu_reserved_gb=1.510
[repeat=9 fold=8] [epoch=48/50] ssl_loss=0.044718 lr=0.00000084 base_val_bce=0.634646 base_best=N base_cls_epoch=41 epoch_sec=2.4 task_elapsed_min=3.5 gpu_alloc_gb=0.272 gpu_reserved_gb=1.510
[ssl_epoch=48/50] ssl_loss=0.044718 lr=0.00000084 base_val_bce=0.634646 base_best=N base_cls_epoch=41 epoch_sec=2.5 elapsed_min=3.5 gpu_alloc_gb=0.272 gpu_reserved_gb=1.510
[repeat=9 fold=8] [epoch=49/50] ssl_loss=0.059389 lr=0.00000021 base_val_bce=0.626289 base_best=N base_cls_epoch=40 epoch_sec=2.2 task_elapsed_min=3.5 gpu_alloc_gb=0.272 gpu_reserved_gb=1.510
[ssl_epoch=49/50] ssl_loss=0.059389 lr=0.00000021 base_val_bce=0.626289 base_best=N base_cls_epoch=40 epoch_sec=2.6 elapsed_min=3.5 gpu_alloc_gb=0.272 gpu_reserved_gb=1.510
CHECKPOINT_LATEST repeat=9 scope=internal_cv fold=8 phase=ssl epoch=50 path=/data/adodas/VarCoNet-V2-main/xiaolunwen/experiment2b/checkpoints/worker_r9_latest.pt
[repeat=9 fold=8] [epoch=50/50] ssl_loss=0.030749 lr=0.00000000 base_val_bce=0.626643 base_best=N base_cls_epoch=42 epoch_sec=7.5 task_elapsed_min=3.6 gpu_alloc_gb=0.272 gpu_reserved_gb=1.510
[ssl_epoch=50/50] ssl_loss=0.030749 lr=0.00000000 base_val_bce=0.626643 base_best=N base_cls_epoch=42 epoch_sec=7.6 elapsed_min=3.6 gpu_alloc_gb=0.272 gpu_reserved_gb=1.510
RESIDUAL_EPOCH repeat=9 scope=internal_cv fold=8 epoch=0 val_bce=0.617746 best=Y dynamic_dim=73536
CHECKPOINT_BEST repeat=9 scope=internal_cv fold=8 phase=residual epoch=2 path=/data/adodas/VarCoNet-V2-main/xiaolunwen/experiment2b/checkpoints/worker_r9_best.pt
[residual_epoch=2/149] residual_loss=0.272154 val_bce=0.614319 best=Y best_epoch=2 epoch_sec=4.1 task_elapsed_min=3.7
CHECKPOINT_BEST repeat=9 scope=internal_cv fold=8 phase=residual epoch=3 path=/data/adodas/VarCoNet-V2-main/xiaolunwen/experiment2b/checkpoints/worker_r9_best.pt
[residual_epoch=3/149] residual_loss=0.254588 val_bce=0.614137 best=Y best_epoch=3 epoch_sec=8.8 task_elapsed_min=3.8
CHECKPOINT_LATEST repeat=9 scope=internal_cv fold=8 phase=residual epoch=10 path=/data/adodas/VarCoNet-V2-main/xiaolunwen/experiment2b/checkpoints/worker_r9_latest.pt
[residual_epoch=10/149] residual_loss=0.173856 val_bce=0.628079 best=N best_epoch=3 epoch_sec=5.8 task_elapsed_min=3.9
CHECKPOINT_LATEST repeat=9 scope=internal_cv fold=8 phase=residual epoch=20 path=/data/adodas/VarCoNet-V2-main/xiaolunwen/experiment2b/checkpoints/worker_r9_latest.pt
[residual_epoch=20/149] residual_loss=0.104406 val_bce=0.652416 best=N best_epoch=3 epoch_sec=3.3 task_elapsed_min=4.0
CHECKPOINT_LATEST repeat=9 scope=internal_cv fold=8 phase=residual epoch=30 path=/data/adodas/VarCoNet-V2-main/xiaolunwen/experiment2b/checkpoints/worker_r9_latest.pt
[residual_epoch=30/149] residual_loss=0.067705 val_bce=0.669703 best=N best_epoch=3 epoch_sec=7.4 task_elapsed_min=4.1
CHECKPOINT_LATEST repeat=9 scope=internal_cv fold=8 phase=residual epoch=40 path=/data/adodas/VarCoNet-V2-main/xiaolunwen/experiment2b/checkpoints/worker_r9_latest.pt
[residual_epoch=40/149] residual_loss=0.047427 val_bce=0.685468 best=N best_epoch=3 epoch_sec=3.5 task_elapsed_min=4.2
CHECKPOINT_LATEST repeat=9 scope=internal_cv fold=8 phase=residual epoch=50 path=/data/adodas/VarCoNet-V2-main/xiaolunwen/experiment2b/checkpoints/worker_r9_latest.pt
[residual_epoch=50/149] residual_loss=0.035607 val_bce=0.699460 best=N best_epoch=3 epoch_sec=4.5 task_elapsed_min=4.3
CHECKPOINT_LATEST repeat=9 scope=internal_cv fold=8 phase=residual epoch=60 path=/data/adodas/VarCoNet-V2-main/xiaolunwen/experiment2b/checkpoints/worker_r9_latest.pt
[residual_epoch=60/149] residual_loss=0.028190 val_bce=0.712560 best=N best_epoch=3 epoch_sec=4.5 task_elapsed_min=4.3
CHECKPOINT_LATEST repeat=9 scope=internal_cv fold=8 phase=residual epoch=70 path=/data/adodas/VarCoNet-V2-main/xiaolunwen/experiment2b/checkpoints/worker_r9_latest.pt
[residual_epoch=70/149] residual_loss=0.023186 val_bce=0.724967 best=N best_epoch=3 epoch_sec=3.3 task_elapsed_min=4.4
CHECKPOINT_LATEST repeat=9 scope=internal_cv fold=8 phase=residual epoch=80 path=/data/adodas/VarCoNet-V2-main/xiaolunwen/experiment2b/checkpoints/worker_r9_latest.pt
[residual_epoch=80/149] residual_loss=0.019594 val_bce=0.736990 best=N best_epoch=3 epoch_sec=6.6 task_elapsed_min=4.5
CHECKPOINT_LATEST repeat=9 scope=internal_cv fold=8 phase=residual epoch=90 path=/data/adodas/VarCoNet-V2-main/xiaolunwen/experiment2b/checkpoints/worker_r9_latest.pt
[residual_epoch=90/149] residual_loss=0.016890 val_bce=0.748442 best=N best_epoch=3 epoch_sec=3.7 task_elapsed_min=4.6
CHECKPOINT_LATEST repeat=9 scope=internal_cv fold=8 phase=residual epoch=100 path=/data/adodas/VarCoNet-V2-main/xiaolunwen/experiment2b/checkpoints/worker_r9_latest.pt
[residual_epoch=100/149] residual_loss=0.014779 val_bce=0.758626 best=N best_epoch=3 epoch_sec=4.0 task_elapsed_min=4.6
CHECKPOINT_LATEST repeat=9 scope=internal_cv fold=8 phase=residual epoch=110 path=/data/adodas/VarCoNet-V2-main/xiaolunwen/experiment2b/checkpoints/worker_r9_latest.pt
[residual_epoch=110/149] residual_loss=0.013086 val_bce=0.767860 best=N best_epoch=3 epoch_sec=3.6 task_elapsed_min=4.7
CHECKPOINT_LATEST repeat=9 scope=internal_cv fold=8 phase=residual epoch=120 path=/data/adodas/VarCoNet-V2-main/xiaolunwen/experiment2b/checkpoints/worker_r9_latest.pt
[residual_epoch=120/149] residual_loss=0.011698 val_bce=0.776832 best=N best_epoch=3 epoch_sec=6.6 task_elapsed_min=4.8
CHECKPOINT_LATEST repeat=9 scope=internal_cv fold=8 phase=residual epoch=130 path=/data/adodas/VarCoNet-V2-main/xiaolunwen/experiment2b/checkpoints/worker_r9_latest.pt
[residual_epoch=130/149] residual_loss=0.010542 val_bce=0.785325 best=N best_epoch=3 epoch_sec=2.4 task_elapsed_min=4.9
CHECKPOINT_LATEST repeat=9 scope=internal_cv fold=8 phase=residual epoch=140 path=/data/adodas/VarCoNet-V2-main/xiaolunwen/experiment2b/checkpoints/worker_r9_latest.pt
[residual_epoch=140/149] residual_loss=0.009566 val_bce=0.793287 best=N best_epoch=3 epoch_sec=6.1 task_elapsed_min=4.9
RESIDUAL_DONE repeat=9 scope=internal_cv fold=8 selected_encoder_epoch=18 selected_classifier_epoch=31 selected_residual_epoch=3 val_bce=0.614137
TASK_TRAINING_DONE repeat=9 scope=internal_cv fold=8 base_epoch=18 dyn_epoch=18 base_val_bce=0.617746 dyn_val_bce=0.614137
TASK_DONE repeat=9 scope=internal_fold fold=8 method=baseline selected_encoder_epoch=18 test_auc=0.743124 test_bce=0.583410 elapsed_min=5.0
TASK_DONE repeat=9 scope=internal_fold fold=8 method=pretransformer_edge_residual selected_encoder_epoch=18 test_auc=0.753503 test_bce=0.587503 elapsed_min=5.0
TASK_START repeat=9 scope=internal_cv fold=9 seed=100909 device=cuda:0 shared_encoder=Y
CHECKPOINT_BEST repeat=9 scope=internal_cv fold=9 phase=ssl epoch=1 path=/data/adodas/VarCoNet-V2-main/xiaolunwen/experiment2b/checkpoints/worker_r9_best.pt
[repeat=9 fold=9] [epoch=1/50] ssl_loss=0.161389 lr=0.00002411 base_val_bce=0.664284 base_best=Y base_cls_epoch=14 epoch_sec=9.2 task_elapsed_min=0.1 gpu_alloc_gb=0.272 gpu_reserved_gb=1.510
[ssl_epoch=1/50] ssl_loss=0.161389 lr=0.00002411 base_val_bce=0.664284 base_best=Y base_cls_epoch=14 epoch_sec=9.2 elapsed_min=0.1 gpu_alloc_gb=0.272 gpu_reserved_gb=1.510
CHECKPOINT_BEST repeat=9 scope=internal_cv fold=9 phase=ssl epoch=2 path=/data/adodas/VarCoNet-V2-main/xiaolunwen/experiment2b/checkpoints/worker_r9_best.pt
[repeat=9 fold=9] [epoch=2/50] ssl_loss=0.152687 lr=0.00003821 base_val_bce=0.656175 base_best=Y base_cls_epoch=11 epoch_sec=16.0 task_elapsed_min=0.2 gpu_alloc_gb=0.272 gpu_reserved_gb=1.510
[ssl_epoch=2/50] ssl_loss=0.152687 lr=0.00003821 base_val_bce=0.656175 base_best=Y base_cls_epoch=11 epoch_sec=16.3 elapsed_min=0.2 gpu_alloc_gb=0.272 gpu_reserved_gb=1.510
CHECKPOINT_BEST repeat=9 scope=internal_cv fold=9 phase=ssl epoch=3 path=/data/adodas/VarCoNet-V2-main/xiaolunwen/experiment2b/checkpoints/worker_r9_best.pt
[repeat=9 fold=9] [epoch=3/50] ssl_loss=0.117031 lr=0.00005232 base_val_bce=0.652038 base_best=Y base_cls_epoch=11 epoch_sec=9.2 task_elapsed_min=0.5 gpu_alloc_gb=0.272 gpu_reserved_gb=1.510
[ssl_epoch=3/50] ssl_loss=0.117031 lr=0.00005232 base_val_bce=0.652038 base_best=Y base_cls_epoch=11 epoch_sec=9.2 elapsed_min=0.5 gpu_alloc_gb=0.272 gpu_reserved_gb=1.510
[repeat=9 fold=9] [epoch=4/50] ssl_loss=0.099216 lr=0.00006643 base_val_bce=0.661046 base_best=N base_cls_epoch=11 epoch_sec=3.2 task_elapsed_min=0.7 gpu_alloc_gb=0.272 gpu_reserved_gb=1.510
[ssl_epoch=4/50] ssl_loss=0.099216 lr=0.00006643 base_val_bce=0.661046 base_best=N base_cls_epoch=11 epoch_sec=3.4 elapsed_min=0.7 gpu_alloc_gb=0.272 gpu_reserved_gb=1.510
[repeat=9 fold=9] [epoch=5/50] ssl_loss=0.105040 lr=0.00008053 base_val_bce=0.653342 base_best=N base_cls_epoch=12 epoch_sec=2.7 task_elapsed_min=0.7 gpu_alloc_gb=0.272 gpu_reserved_gb=1.510
[ssl_epoch=5/50] ssl_loss=0.105040 lr=0.00008053 base_val_bce=0.653342 base_best=N base_cls_epoch=12 epoch_sec=2.7 elapsed_min=0.7 gpu_alloc_gb=0.272 gpu_reserved_gb=1.510
[repeat=9 fold=9] [epoch=6/50] ssl_loss=0.092444 lr=0.00009464 base_val_bce=0.666348 base_best=N base_cls_epoch=10 epoch_sec=2.8 task_elapsed_min=0.8 gpu_alloc_gb=0.272 gpu_reserved_gb=1.510
[ssl_epoch=6/50] ssl_loss=0.092444 lr=0.00009464 base_val_bce=0.666348 base_best=N base_cls_epoch=10 epoch_sec=2.8 elapsed_min=0.8 gpu_alloc_gb=0.272 gpu_reserved_gb=1.510
[repeat=9 fold=9] [epoch=7/50] ssl_loss=0.085160 lr=0.00010875 base_val_bce=0.666659 base_best=N base_cls_epoch=11 epoch_sec=2.6 task_elapsed_min=0.8 gpu_alloc_gb=0.272 gpu_reserved_gb=1.510
[ssl_epoch=7/50] ssl_loss=0.085160 lr=0.00010875 base_val_bce=0.666659 base_best=N base_cls_epoch=11 epoch_sec=2.9 elapsed_min=0.8 gpu_alloc_gb=0.272 gpu_reserved_gb=1.510
[repeat=9 fold=9] [epoch=8/50] ssl_loss=0.089450 lr=0.00012285 base_val_bce=0.666271 base_best=N base_cls_epoch=14 epoch_sec=2.8 task_elapsed_min=0.9 gpu_alloc_gb=0.272 gpu_reserved_gb=1.510
[ssl_epoch=8/50] ssl_loss=0.089450 lr=0.00012285 base_val_bce=0.666271 base_best=N base_cls_epoch=14 epoch_sec=3.0 elapsed_min=0.9 gpu_alloc_gb=0.272 gpu_reserved_gb=1.510
[repeat=9 fold=9] [epoch=9/50] ssl_loss=0.074441 lr=0.00013696 base_val_bce=0.656538 base_best=N base_cls_epoch=17 epoch_sec=2.2 task_elapsed_min=0.9 gpu_alloc_gb=0.272 gpu_reserved_gb=1.510
[ssl_epoch=9/50] ssl_loss=0.074441 lr=0.00013696 base_val_bce=0.656538 base_best=N base_cls_epoch=17 epoch_sec=2.3 elapsed_min=0.9 gpu_alloc_gb=0.272 gpu_reserved_gb=1.510
CHECKPOINT_BEST repeat=9 scope=internal_cv fold=9 phase=ssl epoch=10 path=/data/adodas/VarCoNet-V2-main/xiaolunwen/experiment2b/checkpoints/worker_r9_best.pt
CHECKPOINT_LATEST repeat=9 scope=internal_cv fold=9 phase=ssl epoch=10 path=/data/adodas/VarCoNet-V2-main/xiaolunwen/experiment2b/checkpoints/worker_r9_latest.pt
[repeat=9 fold=9] [epoch=10/50] ssl_loss=0.067164 lr=0.00013696 base_val_bce=0.650990 base_best=Y base_cls_epoch=17 epoch_sec=19.0 task_elapsed_min=1.0 gpu_alloc_gb=0.272 gpu_reserved_gb=1.510
[ssl_epoch=10/50] ssl_loss=0.067164 lr=0.00013696 base_val_bce=0.650990 base_best=Y base_cls_epoch=17 epoch_sec=19.0 elapsed_min=1.0 gpu_alloc_gb=0.272 gpu_reserved_gb=1.510
CHECKPOINT_BEST repeat=9 scope=internal_cv fold=9 phase=ssl epoch=11 path=/data/adodas/VarCoNet-V2-main/xiaolunwen/experiment2b/checkpoints/worker_r9_best.pt
[repeat=9 fold=9] [epoch=11/50] ssl_loss=0.064999 lr=0.00013675 base_val_bce=0.645393 base_best=Y base_cls_epoch=19 epoch_sec=10.9 task_elapsed_min=1.3 gpu_alloc_gb=0.272 gpu_reserved_gb=1.510
[ssl_epoch=11/50] ssl_loss=0.064999 lr=0.00013675 base_val_bce=0.645393 base_best=Y base_cls_epoch=19 epoch_sec=10.9 elapsed_min=1.3 gpu_alloc_gb=0.272 gpu_reserved_gb=1.510
[repeat=9 fold=9] [epoch=12/50] ssl_loss=0.066187 lr=0.00013612 base_val_bce=0.651224 base_best=N base_cls_epoch=16 epoch_sec=2.1 task_elapsed_min=1.5 gpu_alloc_gb=0.272 gpu_reserved_gb=1.510
[ssl_epoch=12/50] ssl_loss=0.066187 lr=0.00013612 base_val_bce=0.651224 base_best=N base_cls_epoch=16 epoch_sec=2.1 elapsed_min=1.5 gpu_alloc_gb=0.272 gpu_reserved_gb=1.510
[repeat=9 fold=9] [epoch=13/50] ssl_loss=0.051945 lr=0.00013507 base_val_bce=0.665785 base_best=N base_cls_epoch=30 epoch_sec=1.8 task_elapsed_min=1.5 gpu_alloc_gb=0.272 gpu_reserved_gb=1.510
[ssl_epoch=13/50] ssl_loss=0.051945 lr=0.00013507 base_val_bce=0.665785 base_best=N base_cls_epoch=30 epoch_sec=2.3 elapsed_min=1.5 gpu_alloc_gb=0.272 gpu_reserved_gb=1.510
CHECKPOINT_BEST repeat=9 scope=internal_cv fold=9 phase=ssl epoch=14 path=/data/adodas/VarCoNet-V2-main/xiaolunwen/experiment2b/checkpoints/worker_r9_best.pt
[repeat=9 fold=9] [epoch=14/50] ssl_loss=0.060069 lr=0.00013361 base_val_bce=0.645090 base_best=Y base_cls_epoch=20 epoch_sec=8.1 task_elapsed_min=1.5 gpu_alloc_gb=0.272 gpu_reserved_gb=1.510
[ssl_epoch=14/50] ssl_loss=0.060069 lr=0.00013361 base_val_bce=0.645090 base_best=Y base_cls_epoch=20 epoch_sec=8.1 elapsed_min=1.5 gpu_alloc_gb=0.272 gpu_reserved_gb=1.510
[repeat=9 fold=9] [epoch=15/50] ssl_loss=0.059195 lr=0.00013175 base_val_bce=0.660300 base_best=N base_cls_epoch=17 epoch_sec=3.1 task_elapsed_min=1.7 gpu_alloc_gb=0.272 gpu_reserved_gb=1.510
[ssl_epoch=15/50] ssl_loss=0.059195 lr=0.00013175 base_val_bce=0.660300 base_best=N base_cls_epoch=17 epoch_sec=3.1 elapsed_min=1.7 gpu_alloc_gb=0.272 gpu_reserved_gb=1.510
[repeat=9 fold=9] [epoch=16/50] ssl_loss=0.053302 lr=0.00012950 base_val_bce=0.653961 base_best=N base_cls_epoch=20 epoch_sec=2.4 task_elapsed_min=1.7 gpu_alloc_gb=0.272 gpu_reserved_gb=1.510
[ssl_epoch=16/50] ssl_loss=0.053302 lr=0.00012950 base_val_bce=0.653961 base_best=N base_cls_epoch=20 epoch_sec=2.5 elapsed_min=1.7 gpu_alloc_gb=0.272 gpu_reserved_gb=1.510
[repeat=9 fold=9] [epoch=17/50] ssl_loss=0.051937 lr=0.00012687 base_val_bce=0.659569 base_best=N base_cls_epoch=15 epoch_sec=2.7 task_elapsed_min=1.8 gpu_alloc_gb=0.272 gpu_reserved_gb=1.510
[ssl_epoch=17/50] ssl_loss=0.051937 lr=0.00012687 base_val_bce=0.659569 base_best=N base_cls_epoch=15 epoch_sec=2.8 elapsed_min=1.8 gpu_alloc_gb=0.272 gpu_reserved_gb=1.510
[repeat=9 fold=9] [epoch=18/50] ssl_loss=0.058273 lr=0.00012388 base_val_bce=0.657100 base_best=N base_cls_epoch=20 epoch_sec=2.7 task_elapsed_min=1.8 gpu_alloc_gb=0.272 gpu_reserved_gb=1.510
[ssl_epoch=18/50] ssl_loss=0.058273 lr=0.00012388 base_val_bce=0.657100 base_best=N base_cls_epoch=20 epoch_sec=2.8 elapsed_min=1.8 gpu_alloc_gb=0.272 gpu_reserved_gb=1.510
[repeat=9 fold=9] [epoch=19/50] ssl_loss=0.048876 lr=0.00012055 base_val_bce=0.664772 base_best=N base_cls_epoch=20 epoch_sec=2.7 task_elapsed_min=1.9 gpu_alloc_gb=0.272 gpu_reserved_gb=1.510
[ssl_epoch=19/50] ssl_loss=0.048876 lr=0.00012055 base_val_bce=0.664772 base_best=N base_cls_epoch=20 epoch_sec=2.8 elapsed_min=1.9 gpu_alloc_gb=0.272 gpu_reserved_gb=1.510
CHECKPOINT_LATEST repeat=9 scope=internal_cv fold=9 phase=ssl epoch=20 path=/data/adodas/VarCoNet-V2-main/xiaolunwen/experiment2b/checkpoints/worker_r9_latest.pt
[repeat=9 fold=9] [epoch=20/50] ssl_loss=0.058460 lr=0.00011690 base_val_bce=0.669409 base_best=N base_cls_epoch=34 epoch_sec=3.7 task_elapsed_min=1.9 gpu_alloc_gb=0.272 gpu_reserved_gb=1.510
[ssl_epoch=20/50] ssl_loss=0.058460 lr=0.00011690 base_val_bce=0.669409 base_best=N base_cls_epoch=34 epoch_sec=3.9 elapsed_min=1.9 gpu_alloc_gb=0.272 gpu_reserved_gb=1.510
[repeat=9 fold=9] [epoch=21/50] ssl_loss=0.056397 lr=0.00011296 base_val_bce=0.652583 base_best=N base_cls_epoch=14 epoch_sec=2.6 task_elapsed_min=2.0 gpu_alloc_gb=0.272 gpu_reserved_gb=1.510
[ssl_epoch=21/50] ssl_loss=0.056397 lr=0.00011296 base_val_bce=0.652583 base_best=N base_cls_epoch=14 epoch_sec=4.0 elapsed_min=2.0 gpu_alloc_gb=0.272 gpu_reserved_gb=1.510
[repeat=9 fold=9] [epoch=22/50] ssl_loss=0.043915 lr=0.00010873 base_val_bce=0.655067 base_best=N base_cls_epoch=22 epoch_sec=2.1 task_elapsed_min=2.1 gpu_alloc_gb=0.272 gpu_reserved_gb=1.510
[ssl_epoch=22/50] ssl_loss=0.043915 lr=0.00010873 base_val_bce=0.655067 base_best=N base_cls_epoch=22 epoch_sec=2.1 elapsed_min=2.1 gpu_alloc_gb=0.272 gpu_reserved_gb=1.510
[repeat=9 fold=9] [epoch=23/50] ssl_loss=0.040586 lr=0.00010426 base_val_bce=0.645899 base_best=N base_cls_epoch=34 epoch_sec=2.3 task_elapsed_min=2.1 gpu_alloc_gb=0.272 gpu_reserved_gb=1.510
[ssl_epoch=23/50] ssl_loss=0.040586 lr=0.00010426 base_val_bce=0.645899 base_best=N base_cls_epoch=34 epoch_sec=2.4 elapsed_min=2.1 gpu_alloc_gb=0.272 gpu_reserved_gb=1.510
[repeat=9 fold=9] [epoch=24/50] ssl_loss=0.048839 lr=0.00009957 base_val_bce=0.648204 base_best=N base_cls_epoch=32 epoch_sec=2.2 task_elapsed_min=2.2 gpu_alloc_gb=0.272 gpu_reserved_gb=1.510
[ssl_epoch=24/50] ssl_loss=0.048839 lr=0.00009957 base_val_bce=0.648204 base_best=N base_cls_epoch=32 epoch_sec=2.7 elapsed_min=2.2 gpu_alloc_gb=0.272 gpu_reserved_gb=1.510
[repeat=9 fold=9] [epoch=25/50] ssl_loss=0.043107 lr=0.00009469 base_val_bce=0.652952 base_best=N base_cls_epoch=16 epoch_sec=2.7 task_elapsed_min=2.2 gpu_alloc_gb=0.272 gpu_reserved_gb=1.510
[ssl_epoch=25/50] ssl_loss=0.043107 lr=0.00009469 base_val_bce=0.652952 base_best=N base_cls_epoch=16 epoch_sec=2.7 elapsed_min=2.2 gpu_alloc_gb=0.272 gpu_reserved_gb=1.510
[repeat=9 fold=9] [epoch=26/50] ssl_loss=0.040848 lr=0.00008964 base_val_bce=0.657207 base_best=N base_cls_epoch=34 epoch_sec=3.2 task_elapsed_min=2.3 gpu_alloc_gb=0.272 gpu_reserved_gb=1.510
[ssl_epoch=26/50] ssl_loss=0.040848 lr=0.00008964 base_val_bce=0.657207 base_best=N base_cls_epoch=34 epoch_sec=3.3 elapsed_min=2.3 gpu_alloc_gb=0.272 gpu_reserved_gb=1.510
[repeat=9 fold=9] [epoch=27/50] ssl_loss=0.043884 lr=0.00008447 base_val_bce=0.648065 base_best=N base_cls_epoch=33 epoch_sec=2.6 task_elapsed_min=2.3 gpu_alloc_gb=0.272 gpu_reserved_gb=1.510
[ssl_epoch=27/50] ssl_loss=0.043884 lr=0.00008447 base_val_bce=0.648065 base_best=N base_cls_epoch=33 epoch_sec=3.1 elapsed_min=2.3 gpu_alloc_gb=0.272 gpu_reserved_gb=1.510
[repeat=9 fold=9] [epoch=28/50] ssl_loss=0.043672 lr=0.00007919 base_val_bce=0.660910 base_best=N base_cls_epoch=39 epoch_sec=3.2 task_elapsed_min=2.4 gpu_alloc_gb=0.272 gpu_reserved_gb=1.510
[ssl_epoch=28/50] ssl_loss=0.043672 lr=0.00007919 base_val_bce=0.660910 base_best=N base_cls_epoch=39 epoch_sec=3.8 elapsed_min=2.4 gpu_alloc_gb=0.272 gpu_reserved_gb=1.510
[repeat=9 fold=9] [epoch=29/50] ssl_loss=0.054976 lr=0.00007385 base_val_bce=0.651448 base_best=N base_cls_epoch=33 epoch_sec=2.7 task_elapsed_min=2.4 gpu_alloc_gb=0.272 gpu_reserved_gb=1.510
[ssl_epoch=29/50] ssl_loss=0.054976 lr=0.00007385 base_val_bce=0.651448 base_best=N base_cls_epoch=33 epoch_sec=2.8 elapsed_min=2.4 gpu_alloc_gb=0.272 gpu_reserved_gb=1.510
CHECKPOINT_LATEST repeat=9 scope=internal_cv fold=9 phase=ssl epoch=30 path=/data/adodas/VarCoNet-V2-main/xiaolunwen/experiment2b/checkpoints/worker_r9_latest.pt
[repeat=9 fold=9] [epoch=30/50] ssl_loss=0.054367 lr=0.00006848 base_val_bce=0.652361 base_best=N base_cls_epoch=39 epoch_sec=6.9 task_elapsed_min=2.5 gpu_alloc_gb=0.272 gpu_reserved_gb=1.510
[ssl_epoch=30/50] ssl_loss=0.054367 lr=0.00006848 base_val_bce=0.652361 base_best=N base_cls_epoch=39 epoch_sec=6.9 elapsed_min=2.5 gpu_alloc_gb=0.272 gpu_reserved_gb=1.510
[repeat=9 fold=9] [epoch=31/50] ssl_loss=0.039185 lr=0.00006311 base_val_bce=0.655971 base_best=N base_cls_epoch=41 epoch_sec=2.2 task_elapsed_min=2.6 gpu_alloc_gb=0.272 gpu_reserved_gb=1.510
[ssl_epoch=31/50] ssl_loss=0.039185 lr=0.00006311 base_val_bce=0.655971 base_best=N base_cls_epoch=41 epoch_sec=2.3 elapsed_min=2.6 gpu_alloc_gb=0.272 gpu_reserved_gb=1.510
[repeat=9 fold=9] [epoch=32/50] ssl_loss=0.051348 lr=0.00005777 base_val_bce=0.646673 base_best=N base_cls_epoch=35 epoch_sec=1.8 task_elapsed_min=2.6 gpu_alloc_gb=0.272 gpu_reserved_gb=1.510
[ssl_epoch=32/50] ssl_loss=0.051348 lr=0.00005777 base_val_bce=0.646673 base_best=N base_cls_epoch=35 epoch_sec=2.0 elapsed_min=2.6 gpu_alloc_gb=0.272 gpu_reserved_gb=1.510
CHECKPOINT_BEST repeat=9 scope=internal_cv fold=9 phase=ssl epoch=33 path=/data/adodas/VarCoNet-V2-main/xiaolunwen/experiment2b/checkpoints/worker_r9_best.pt
[repeat=9 fold=9] [epoch=33/50] ssl_loss=0.048757 lr=0.00005249 base_val_bce=0.644324 base_best=Y base_cls_epoch=41 epoch_sec=7.6 task_elapsed_min=2.7 gpu_alloc_gb=0.272 gpu_reserved_gb=1.510
[ssl_epoch=33/50] ssl_loss=0.048757 lr=0.00005249 base_val_bce=0.644324 base_best=Y base_cls_epoch=41 epoch_sec=7.6 elapsed_min=2.7 gpu_alloc_gb=0.272 gpu_reserved_gb=1.510
CHECKPOINT_BEST repeat=9 scope=internal_cv fold=9 phase=ssl epoch=34 path=/data/adodas/VarCoNet-V2-main/xiaolunwen/experiment2b/checkpoints/worker_r9_best.pt
[repeat=9 fold=9] [epoch=34/50] ssl_loss=0.042448 lr=0.00004732 base_val_bce=0.643691 base_best=Y base_cls_epoch=36 epoch_sec=11.3 task_elapsed_min=2.8 gpu_alloc_gb=0.272 gpu_reserved_gb=1.510
[ssl_epoch=34/50] ssl_loss=0.042448 lr=0.00004732 base_val_bce=0.643691 base_best=Y base_cls_epoch=36 epoch_sec=11.3 elapsed_min=2.8 gpu_alloc_gb=0.272 gpu_reserved_gb=1.510
[repeat=9 fold=9] [epoch=35/50] ssl_loss=0.040591 lr=0.00004227 base_val_bce=0.650315 base_best=N base_cls_epoch=45 epoch_sec=2.0 task_elapsed_min=3.0 gpu_alloc_gb=0.272 gpu_reserved_gb=1.510
[ssl_epoch=35/50] ssl_loss=0.040591 lr=0.00004227 base_val_bce=0.650315 base_best=N base_cls_epoch=45 epoch_sec=2.1 elapsed_min=3.0 gpu_alloc_gb=0.272 gpu_reserved_gb=1.510
[repeat=9 fold=9] [epoch=36/50] ssl_loss=0.032261 lr=0.00003739 base_val_bce=0.649832 base_best=N base_cls_epoch=41 epoch_sec=2.2 task_elapsed_min=3.0 gpu_alloc_gb=0.272 gpu_reserved_gb=1.510
[ssl_epoch=36/50] ssl_loss=0.032261 lr=0.00003739 base_val_bce=0.649832 base_best=N base_cls_epoch=41 epoch_sec=2.3 elapsed_min=3.0 gpu_alloc_gb=0.272 gpu_reserved_gb=1.510
[repeat=9 fold=9] [epoch=37/50] ssl_loss=0.040772 lr=0.00003270 base_val_bce=0.644687 base_best=N base_cls_epoch=42 epoch_sec=2.8 task_elapsed_min=3.1 gpu_alloc_gb=0.272 gpu_reserved_gb=1.510
[ssl_epoch=37/50] ssl_loss=0.040772 lr=0.00003270 base_val_bce=0.644687 base_best=N base_cls_epoch=42 epoch_sec=3.0 elapsed_min=3.1 gpu_alloc_gb=0.272 gpu_reserved_gb=1.510
[repeat=9 fold=9] [epoch=38/50] ssl_loss=0.044344 lr=0.00002823 base_val_bce=0.650841 base_best=N base_cls_epoch=41 epoch_sec=2.0 task_elapsed_min=3.1 gpu_alloc_gb=0.272 gpu_reserved_gb=1.510
[ssl_epoch=38/50] ssl_loss=0.044344 lr=0.00002823 base_val_bce=0.650841 base_best=N base_cls_epoch=41 epoch_sec=2.1 elapsed_min=3.1 gpu_alloc_gb=0.272 gpu_reserved_gb=1.510
[repeat=9 fold=9] [epoch=39/50] ssl_loss=0.043599 lr=0.00002401 base_val_bce=0.649133 base_best=N base_cls_epoch=38 epoch_sec=1.7 task_elapsed_min=3.1 gpu_alloc_gb=0.272 gpu_reserved_gb=1.510
[ssl_epoch=39/50] ssl_loss=0.043599 lr=0.00002401 base_val_bce=0.649133 base_best=N base_cls_epoch=38 epoch_sec=1.7 elapsed_min=3.1 gpu_alloc_gb=0.272 gpu_reserved_gb=1.510
CHECKPOINT_BEST repeat=9 scope=internal_cv fold=9 phase=ssl epoch=40 path=/data/adodas/VarCoNet-V2-main/xiaolunwen/experiment2b/checkpoints/worker_r9_best.pt
CHECKPOINT_LATEST repeat=9 scope=internal_cv fold=9 phase=ssl epoch=40 path=/data/adodas/VarCoNet-V2-main/xiaolunwen/experiment2b/checkpoints/worker_r9_latest.pt
[repeat=9 fold=9] [epoch=40/50] ssl_loss=0.048632 lr=0.00002006 base_val_bce=0.640941 base_best=Y base_cls_epoch=41 epoch_sec=16.0 task_elapsed_min=3.2 gpu_alloc_gb=0.272 gpu_reserved_gb=1.510
[ssl_epoch=40/50] ssl_loss=0.048632 lr=0.00002006 base_val_bce=0.640941 base_best=Y base_cls_epoch=41 epoch_sec=16.7 elapsed_min=3.2 gpu_alloc_gb=0.272 gpu_reserved_gb=1.510
CHECKPOINT_BEST repeat=9 scope=internal_cv fold=9 phase=ssl epoch=41 path=/data/adodas/VarCoNet-V2-main/xiaolunwen/experiment2b/checkpoints/worker_r9_best.pt
[repeat=9 fold=9] [epoch=41/50] ssl_loss=0.046272 lr=0.00001641 base_val_bce=0.638920 base_best=Y base_cls_epoch=41 epoch_sec=10.9 task_elapsed_min=3.4 gpu_alloc_gb=0.272 gpu_reserved_gb=1.510
[ssl_epoch=41/50] ssl_loss=0.046272 lr=0.00001641 base_val_bce=0.638920 base_best=Y base_cls_epoch=41 epoch_sec=10.9 elapsed_min=3.4 gpu_alloc_gb=0.272 gpu_reserved_gb=1.510
[repeat=9 fold=9] [epoch=42/50] ssl_loss=0.035264 lr=0.00001308 base_val_bce=0.644008 base_best=N base_cls_epoch=44 epoch_sec=2.0 task_elapsed_min=3.6 gpu_alloc_gb=0.272 gpu_reserved_gb=1.510
[ssl_epoch=42/50] ssl_loss=0.035264 lr=0.00001308 base_val_bce=0.644008 base_best=N base_cls_epoch=44 epoch_sec=2.6 elapsed_min=3.6 gpu_alloc_gb=0.272 gpu_reserved_gb=1.510
[repeat=9 fold=9] [epoch=43/50] ssl_loss=0.048339 lr=0.00001009 base_val_bce=0.656090 base_best=N base_cls_epoch=39 epoch_sec=2.3 task_elapsed_min=3.7 gpu_alloc_gb=0.272 gpu_reserved_gb=1.510
[ssl_epoch=43/50] ssl_loss=0.048339 lr=0.00001009 base_val_bce=0.656090 base_best=N base_cls_epoch=39 epoch_sec=2.4 elapsed_min=3.7 gpu_alloc_gb=0.272 gpu_reserved_gb=1.510
[repeat=9 fold=9] [epoch=44/50] ssl_loss=0.035051 lr=0.00000746 base_val_bce=0.642720 base_best=N base_cls_epoch=42 epoch_sec=2.3 task_elapsed_min=3.7 gpu_alloc_gb=0.272 gpu_reserved_gb=1.510
[ssl_epoch=44/50] ssl_loss=0.035051 lr=0.00000746 base_val_bce=0.642720 base_best=N base_cls_epoch=42 epoch_sec=2.4 elapsed_min=3.7 gpu_alloc_gb=0.272 gpu_reserved_gb=1.510
[repeat=9 fold=9] [epoch=45/50] ssl_loss=0.048746 lr=0.00000521 base_val_bce=0.650496 base_best=N base_cls_epoch=43 epoch_sec=2.9 task_elapsed_min=3.8 gpu_alloc_gb=0.272 gpu_reserved_gb=1.510
[ssl_epoch=45/50] ssl_loss=0.048746 lr=0.00000521 base_val_bce=0.650496 base_best=N base_cls_epoch=43 epoch_sec=3.5 elapsed_min=3.8 gpu_alloc_gb=0.272 gpu_reserved_gb=1.510
CHECKPOINT_BEST repeat=9 scope=internal_cv fold=9 phase=ssl epoch=46 path=/data/adodas/VarCoNet-V2-main/xiaolunwen/experiment2b/checkpoints/worker_r9_best.pt
[repeat=9 fold=9] [epoch=46/50] ssl_loss=0.046601 lr=0.00000335 base_val_bce=0.637875 base_best=Y base_cls_epoch=44 epoch_sec=11.1 task_elapsed_min=3.8 gpu_alloc_gb=0.272 gpu_reserved_gb=1.510
[ssl_epoch=46/50] ssl_loss=0.046601 lr=0.00000335 base_val_bce=0.637875 base_best=Y base_cls_epoch=44 epoch_sec=11.2 elapsed_min=3.8 gpu_alloc_gb=0.272 gpu_reserved_gb=1.510
[repeat=9 fold=9] [epoch=47/50] ssl_loss=0.040404 lr=0.00000189 base_val_bce=0.640114 base_best=N base_cls_epoch=39 epoch_sec=1.9 task_elapsed_min=4.0 gpu_alloc_gb=0.272 gpu_reserved_gb=1.510
[ssl_epoch=47/50] ssl_loss=0.040404 lr=0.00000189 base_val_bce=0.640114 base_best=N base_cls_epoch=39 epoch_sec=2.3 elapsed_min=4.0 gpu_alloc_gb=0.272 gpu_reserved_gb=1.510
[repeat=9 fold=9] [epoch=48/50] ssl_loss=0.037070 lr=0.00000084 base_val_bce=0.647278 base_best=N base_cls_epoch=38 epoch_sec=2.5 task_elapsed_min=4.0 gpu_alloc_gb=0.272 gpu_reserved_gb=1.510
[ssl_epoch=48/50] ssl_loss=0.037070 lr=0.00000084 base_val_bce=0.647278 base_best=N base_cls_epoch=38 epoch_sec=2.7 elapsed_min=4.0 gpu_alloc_gb=0.272 gpu_reserved_gb=1.510
[repeat=9 fold=9] [epoch=49/50] ssl_loss=0.036739 lr=0.00000021 base_val_bce=0.642198 base_best=N base_cls_epoch=41 epoch_sec=2.2 task_elapsed_min=4.1 gpu_alloc_gb=0.272 gpu_reserved_gb=1.510
[ssl_epoch=49/50] ssl_loss=0.036739 lr=0.00000021 base_val_bce=0.642198 base_best=N base_cls_epoch=41 epoch_sec=2.4 elapsed_min=4.1 gpu_alloc_gb=0.272 gpu_reserved_gb=1.510
CHECKPOINT_LATEST repeat=9 scope=internal_cv fold=9 phase=ssl epoch=50 path=/data/adodas/VarCoNet-V2-main/xiaolunwen/experiment2b/checkpoints/worker_r9_latest.pt
[repeat=9 fold=9] [epoch=50/50] ssl_loss=0.045189 lr=0.00000000 base_val_bce=0.650955 base_best=N base_cls_epoch=39 epoch_sec=6.6 task_elapsed_min=4.1 gpu_alloc_gb=0.272 gpu_reserved_gb=1.510
[ssl_epoch=50/50] ssl_loss=0.045189 lr=0.00000000 base_val_bce=0.650955 base_best=N base_cls_epoch=39 epoch_sec=6.6 elapsed_min=4.1 gpu_alloc_gb=0.272 gpu_reserved_gb=1.510
RESIDUAL_EPOCH repeat=9 scope=internal_cv fold=9 epoch=0 val_bce=0.637875 best=Y dynamic_dim=73536
CHECKPOINT_BEST repeat=9 scope=internal_cv fold=9 phase=residual epoch=1 path=/data/adodas/VarCoNet-V2-main/xiaolunwen/experiment2b/checkpoints/worker_r9_best.pt
[residual_epoch=1/149] residual_loss=0.208620 val_bce=0.630432 best=Y best_epoch=1 epoch_sec=6.3 task_elapsed_min=4.2
CHECKPOINT_BEST repeat=9 scope=internal_cv fold=9 phase=residual epoch=3 path=/data/adodas/VarCoNet-V2-main/xiaolunwen/experiment2b/checkpoints/worker_r9_best.pt
[residual_epoch=3/149] residual_loss=0.180873 val_bce=0.628268 best=Y best_epoch=3 epoch_sec=7.3 task_elapsed_min=4.3
CHECKPOINT_BEST repeat=9 scope=internal_cv fold=9 phase=residual epoch=4 path=/data/adodas/VarCoNet-V2-main/xiaolunwen/experiment2b/checkpoints/worker_r9_best.pt
[residual_epoch=4/149] residual_loss=0.167468 val_bce=0.625956 best=Y best_epoch=4 epoch_sec=2.4 task_elapsed_min=4.4
CHECKPOINT_LATEST repeat=9 scope=internal_cv fold=9 phase=residual epoch=10 path=/data/adodas/VarCoNet-V2-main/xiaolunwen/experiment2b/checkpoints/worker_r9_latest.pt
[residual_epoch=10/149] residual_loss=0.118617 val_bce=0.632378 best=N best_epoch=4 epoch_sec=12.2 task_elapsed_min=4.5
CHECKPOINT_LATEST repeat=9 scope=internal_cv fold=9 phase=residual epoch=20 path=/data/adodas/VarCoNet-V2-main/xiaolunwen/experiment2b/checkpoints/worker_r9_latest.pt
[residual_epoch=20/149] residual_loss=0.070303 val_bce=0.657680 best=N best_epoch=4 epoch_sec=1.9 task_elapsed_min=4.7
CHECKPOINT_LATEST repeat=9 scope=internal_cv fold=9 phase=residual epoch=30 path=/data/adodas/VarCoNet-V2-main/xiaolunwen/experiment2b/checkpoints/worker_r9_latest.pt
[residual_epoch=30/149] residual_loss=0.045471 val_bce=0.676801 best=N best_epoch=4 epoch_sec=6.1 task_elapsed_min=4.7
CHECKPOINT_LATEST repeat=9 scope=internal_cv fold=9 phase=residual epoch=40 path=/data/adodas/VarCoNet-V2-main/xiaolunwen/experiment2b/checkpoints/worker_r9_latest.pt
[residual_epoch=40/149] residual_loss=0.032016 val_bce=0.695845 best=N best_epoch=4 epoch_sec=5.2 task_elapsed_min=4.8
CHECKPOINT_LATEST repeat=9 scope=internal_cv fold=9 phase=residual epoch=50 path=/data/adodas/VarCoNet-V2-main/xiaolunwen/experiment2b/checkpoints/worker_r9_latest.pt
[residual_epoch=50/149] residual_loss=0.024205 val_bce=0.712467 best=N best_epoch=4 epoch_sec=7.0 task_elapsed_min=4.9
CHECKPOINT_LATEST repeat=9 scope=internal_cv fold=9 phase=residual epoch=60 path=/data/adodas/VarCoNet-V2-main/xiaolunwen/experiment2b/checkpoints/worker_r9_latest.pt
[residual_epoch=60/149] residual_loss=0.019277 val_bce=0.726534 best=N best_epoch=4 epoch_sec=2.8 task_elapsed_min=5.0
CHECKPOINT_LATEST repeat=9 scope=internal_cv fold=9 phase=residual epoch=70 path=/data/adodas/VarCoNet-V2-main/xiaolunwen/experiment2b/checkpoints/worker_r9_latest.pt
[residual_epoch=70/149] residual_loss=0.015929 val_bce=0.739183 best=N best_epoch=4 epoch_sec=5.2 task_elapsed_min=5.1
CHECKPOINT_LATEST repeat=9 scope=internal_cv fold=9 phase=residual epoch=80 path=/data/adodas/VarCoNet-V2-main/xiaolunwen/experiment2b/checkpoints/worker_r9_latest.pt
[residual_epoch=80/149] residual_loss=0.013510 val_bce=0.750812 best=N best_epoch=4 epoch_sec=5.7 task_elapsed_min=5.2
CHECKPOINT_LATEST repeat=9 scope=internal_cv fold=9 phase=residual epoch=90 path=/data/adodas/VarCoNet-V2-main/xiaolunwen/experiment2b/checkpoints/worker_r9_latest.pt
[residual_epoch=90/149] residual_loss=0.011679 val_bce=0.761407 best=N best_epoch=4 epoch_sec=7.0 task_elapsed_min=5.3
CHECKPOINT_LATEST repeat=9 scope=internal_cv fold=9 phase=residual epoch=100 path=/data/adodas/VarCoNet-V2-main/xiaolunwen/experiment2b/checkpoints/worker_r9_latest.pt
[residual_epoch=100/149] residual_loss=0.010243 val_bce=0.771154 best=N best_epoch=4 epoch_sec=5.2 task_elapsed_min=5.4
CHECKPOINT_LATEST repeat=9 scope=internal_cv fold=9 phase=residual epoch=110 path=/data/adodas/VarCoNet-V2-main/xiaolunwen/experiment2b/checkpoints/worker_r9_latest.pt
[residual_epoch=110/149] residual_loss=0.009086 val_bce=0.780376 best=N best_epoch=4 epoch_sec=4.6 task_elapsed_min=5.5
CHECKPOINT_LATEST repeat=9 scope=internal_cv fold=9 phase=residual epoch=120 path=/data/adodas/VarCoNet-V2-main/xiaolunwen/experiment2b/checkpoints/worker_r9_latest.pt
[residual_epoch=120/149] residual_loss=0.008135 val_bce=0.789211 best=N best_epoch=4 epoch_sec=2.9 task_elapsed_min=5.5
CHECKPOINT_LATEST repeat=9 scope=internal_cv fold=9 phase=residual epoch=130 path=/data/adodas/VarCoNet-V2-main/xiaolunwen/experiment2b/checkpoints/worker_r9_latest.pt
[residual_epoch=130/149] residual_loss=0.007341 val_bce=0.797600 best=N best_epoch=4 epoch_sec=3.6 task_elapsed_min=5.6
CHECKPOINT_LATEST repeat=9 scope=internal_cv fold=9 phase=residual epoch=140 path=/data/adodas/VarCoNet-V2-main/xiaolunwen/experiment2b/checkpoints/worker_r9_latest.pt
[residual_epoch=140/149] residual_loss=0.006668 val_bce=0.805556 best=N best_epoch=4 epoch_sec=5.1 task_elapsed_min=5.7
RESIDUAL_DONE repeat=9 scope=internal_cv fold=9 selected_encoder_epoch=46 selected_classifier_epoch=44 selected_residual_epoch=4 val_bce=0.625956
TASK_TRAINING_DONE repeat=9 scope=internal_cv fold=9 base_epoch=46 dyn_epoch=46 base_val_bce=0.637875 dyn_val_bce=0.625956
TASK_DONE repeat=9 scope=internal_fold fold=9 method=baseline selected_encoder_epoch=46 test_auc=0.710950 test_bce=0.620453 elapsed_min=5.7
TASK_DONE repeat=9 scope=internal_fold fold=9 method=pretransformer_edge_residual selected_encoder_epoch=46 test_auc=0.700052 test_bce=0.630222 elapsed_min=5.7
TASK_START repeat=9 scope=caltech_external fold=external seed=200009 device=cuda:0 shared_encoder=Y
CHECKPOINT_BEST repeat=9 scope=caltech_external fold=external phase=ssl epoch=1 path=/data/adodas/VarCoNet-V2-main/xiaolunwen/experiment2b/checkpoints/worker_r9_best.pt
[repeat=9 fold=external] [epoch=1/50] ssl_loss=0.124862 lr=0.00002411 base_val_bce=0.593134 base_best=Y base_cls_epoch=27 epoch_sec=13.0 task_elapsed_min=0.1 gpu_alloc_gb=0.295 gpu_reserved_gb=1.510
[ssl_epoch=1/50] ssl_loss=0.124862 lr=0.00002411 base_val_bce=0.593134 base_best=Y base_cls_epoch=27 epoch_sec=13.0 elapsed_min=0.1 gpu_alloc_gb=0.295 gpu_reserved_gb=1.510
CHECKPOINT_BEST repeat=9 scope=caltech_external fold=external phase=ssl epoch=2 path=/data/adodas/VarCoNet-V2-main/xiaolunwen/experiment2b/checkpoints/worker_r9_best.pt
[repeat=9 fold=external] [epoch=2/50] ssl_loss=0.093449 lr=0.00003821 base_val_bce=0.580110 base_best=Y base_cls_epoch=24 epoch_sec=10.5 task_elapsed_min=0.3 gpu_alloc_gb=0.295 gpu_reserved_gb=1.510
[ssl_epoch=2/50] ssl_loss=0.093449 lr=0.00003821 base_val_bce=0.580110 base_best=Y base_cls_epoch=24 epoch_sec=10.5 elapsed_min=0.3 gpu_alloc_gb=0.295 gpu_reserved_gb=1.510
[repeat=9 fold=external] [epoch=3/50] ssl_loss=0.095292 lr=0.00005232 base_val_bce=0.601154 base_best=N base_cls_epoch=30 epoch_sec=3.0 task_elapsed_min=0.5 gpu_alloc_gb=0.295 gpu_reserved_gb=1.510
[ssl_epoch=3/50] ssl_loss=0.095292 lr=0.00005232 base_val_bce=0.601154 base_best=N base_cls_epoch=30 epoch_sec=3.1 elapsed_min=0.5 gpu_alloc_gb=0.295 gpu_reserved_gb=1.510
[repeat=9 fold=external] [epoch=4/50] ssl_loss=0.094074 lr=0.00006643 base_val_bce=0.590142 base_best=N base_cls_epoch=24 epoch_sec=2.8 task_elapsed_min=0.5 gpu_alloc_gb=0.295 gpu_reserved_gb=1.510
[ssl_epoch=4/50] ssl_loss=0.094074 lr=0.00006643 base_val_bce=0.590142 base_best=N base_cls_epoch=24 epoch_sec=3.1 elapsed_min=0.5 gpu_alloc_gb=0.295 gpu_reserved_gb=1.510
[repeat=9 fold=external] [epoch=5/50] ssl_loss=0.092886 lr=0.00008053 base_val_bce=0.589945 base_best=N base_cls_epoch=21 epoch_sec=2.5 task_elapsed_min=0.6 gpu_alloc_gb=0.295 gpu_reserved_gb=1.510
[ssl_epoch=5/50] ssl_loss=0.092886 lr=0.00008053 base_val_bce=0.589945 base_best=N base_cls_epoch=21 epoch_sec=2.8 elapsed_min=0.6 gpu_alloc_gb=0.295 gpu_reserved_gb=1.510
CHECKPOINT_BEST repeat=9 scope=caltech_external fold=external phase=ssl epoch=6 path=/data/adodas/VarCoNet-V2-main/xiaolunwen/experiment2b/checkpoints/worker_r9_best.pt
[repeat=9 fold=external] [epoch=6/50] ssl_loss=0.082827 lr=0.00009464 base_val_bce=0.576758 base_best=Y base_cls_epoch=25 epoch_sec=7.4 task_elapsed_min=0.7 gpu_alloc_gb=0.295 gpu_reserved_gb=1.510
[ssl_epoch=6/50] ssl_loss=0.082827 lr=0.00009464 base_val_bce=0.576758 base_best=Y base_cls_epoch=25 epoch_sec=7.4 elapsed_min=0.7 gpu_alloc_gb=0.295 gpu_reserved_gb=1.510
[repeat=9 fold=external] [epoch=7/50] ssl_loss=0.085380 lr=0.00010875 base_val_bce=0.582556 base_best=N base_cls_epoch=24 epoch_sec=3.1 task_elapsed_min=0.8 gpu_alloc_gb=0.295 gpu_reserved_gb=1.510
[ssl_epoch=7/50] ssl_loss=0.085380 lr=0.00010875 base_val_bce=0.582556 base_best=N base_cls_epoch=24 epoch_sec=3.2 elapsed_min=0.8 gpu_alloc_gb=0.295 gpu_reserved_gb=1.510
CHECKPOINT_BEST repeat=9 scope=caltech_external fold=external phase=ssl epoch=8 path=/data/adodas/VarCoNet-V2-main/xiaolunwen/experiment2b/checkpoints/worker_r9_best.pt
[repeat=9 fold=external] [epoch=8/50] ssl_loss=0.078894 lr=0.00012285 base_val_bce=0.575712 base_best=Y base_cls_epoch=27 epoch_sec=9.2 task_elapsed_min=0.8 gpu_alloc_gb=0.295 gpu_reserved_gb=1.510
[ssl_epoch=8/50] ssl_loss=0.078894 lr=0.00012285 base_val_bce=0.575712 base_best=Y base_cls_epoch=27 epoch_sec=9.4 elapsed_min=0.8 gpu_alloc_gb=0.295 gpu_reserved_gb=1.510
[repeat=9 fold=external] [epoch=9/50] ssl_loss=0.058955 lr=0.00013696 base_val_bce=0.583493 base_best=N base_cls_epoch=23 epoch_sec=3.2 task_elapsed_min=1.0 gpu_alloc_gb=0.295 gpu_reserved_gb=1.510
[ssl_epoch=9/50] ssl_loss=0.058955 lr=0.00013696 base_val_bce=0.583493 base_best=N base_cls_epoch=23 epoch_sec=3.2 elapsed_min=1.0 gpu_alloc_gb=0.295 gpu_reserved_gb=1.510
CHECKPOINT_LATEST repeat=9 scope=caltech_external fold=external phase=ssl epoch=10 path=/data/adodas/VarCoNet-V2-main/xiaolunwen/experiment2b/checkpoints/worker_r9_latest.pt
[repeat=9 fold=external] [epoch=10/50] ssl_loss=0.063261 lr=0.00013696 base_val_bce=0.585295 base_best=N base_cls_epoch=27 epoch_sec=10.0 task_elapsed_min=1.1 gpu_alloc_gb=0.295 gpu_reserved_gb=1.510
[ssl_epoch=10/50] ssl_loss=0.063261 lr=0.00013696 base_val_bce=0.585295 base_best=N base_cls_epoch=27 epoch_sec=10.0 elapsed_min=1.1 gpu_alloc_gb=0.295 gpu_reserved_gb=1.510
[repeat=9 fold=external] [epoch=11/50] ssl_loss=0.057986 lr=0.00013675 base_val_bce=0.588867 base_best=N base_cls_epoch=27 epoch_sec=2.3 task_elapsed_min=1.2 gpu_alloc_gb=0.295 gpu_reserved_gb=1.510
[ssl_epoch=11/50] ssl_loss=0.057986 lr=0.00013675 base_val_bce=0.588867 base_best=N base_cls_epoch=27 epoch_sec=2.4 elapsed_min=1.2 gpu_alloc_gb=0.295 gpu_reserved_gb=1.510
CHECKPOINT_BEST repeat=9 scope=caltech_external fold=external phase=ssl epoch=12 path=/data/adodas/VarCoNet-V2-main/xiaolunwen/experiment2b/checkpoints/worker_r9_best.pt
[repeat=9 fold=external] [epoch=12/50] ssl_loss=0.055055 lr=0.00013612 base_val_bce=0.572040 base_best=Y base_cls_epoch=25 epoch_sec=10.3 task_elapsed_min=1.3 gpu_alloc_gb=0.295 gpu_reserved_gb=1.510
[ssl_epoch=12/50] ssl_loss=0.055055 lr=0.00013612 base_val_bce=0.572040 base_best=Y base_cls_epoch=25 epoch_sec=10.3 elapsed_min=1.3 gpu_alloc_gb=0.295 gpu_reserved_gb=1.510
[repeat=9 fold=external] [epoch=13/50] ssl_loss=0.056570 lr=0.00013507 base_val_bce=0.581006 base_best=N base_cls_epoch=28 epoch_sec=3.1 task_elapsed_min=1.4 gpu_alloc_gb=0.295 gpu_reserved_gb=1.510
[ssl_epoch=13/50] ssl_loss=0.056570 lr=0.00013507 base_val_bce=0.581006 base_best=N base_cls_epoch=28 epoch_sec=3.3 elapsed_min=1.4 gpu_alloc_gb=0.295 gpu_reserved_gb=1.510
[repeat=9 fold=external] [epoch=14/50] ssl_loss=0.055214 lr=0.00013361 base_val_bce=0.584319 base_best=N base_cls_epoch=29 epoch_sec=3.0 task_elapsed_min=1.5 gpu_alloc_gb=0.295 gpu_reserved_gb=1.510
[ssl_epoch=14/50] ssl_loss=0.055214 lr=0.00013361 base_val_bce=0.584319 base_best=N base_cls_epoch=29 epoch_sec=3.3 elapsed_min=1.5 gpu_alloc_gb=0.295 gpu_reserved_gb=1.510
CHECKPOINT_BEST repeat=9 scope=caltech_external fold=external phase=ssl epoch=15 path=/data/adodas/VarCoNet-V2-main/xiaolunwen/experiment2b/checkpoints/worker_r9_best.pt
[repeat=9 fold=external] [epoch=15/50] ssl_loss=0.051027 lr=0.00013175 base_val_bce=0.570783 base_best=Y base_cls_epoch=28 epoch_sec=4.6 task_elapsed_min=1.6 gpu_alloc_gb=0.295 gpu_reserved_gb=1.510
[ssl_epoch=15/50] ssl_loss=0.051027 lr=0.00013175 base_val_bce=0.570783 base_best=Y base_cls_epoch=28 epoch_sec=5.4 elapsed_min=1.6 gpu_alloc_gb=0.295 gpu_reserved_gb=1.510
[repeat=9 fold=external] [epoch=16/50] ssl_loss=0.051396 lr=0.00012950 base_val_bce=0.580541 base_best=N base_cls_epoch=27 epoch_sec=3.7 task_elapsed_min=1.7 gpu_alloc_gb=0.295 gpu_reserved_gb=1.510
[ssl_epoch=16/50] ssl_loss=0.051396 lr=0.00012950 base_val_bce=0.580541 base_best=N base_cls_epoch=27 epoch_sec=4.4 elapsed_min=1.7 gpu_alloc_gb=0.295 gpu_reserved_gb=1.510
[repeat=9 fold=external] [epoch=17/50] ssl_loss=0.046727 lr=0.00012687 base_val_bce=0.579074 base_best=N base_cls_epoch=29 epoch_sec=2.6 task_elapsed_min=1.7 gpu_alloc_gb=0.295 gpu_reserved_gb=1.510
[ssl_epoch=17/50] ssl_loss=0.046727 lr=0.00012687 base_val_bce=0.579074 base_best=N base_cls_epoch=29 epoch_sec=3.3 elapsed_min=1.7 gpu_alloc_gb=0.295 gpu_reserved_gb=1.510
[repeat=9 fold=external] [epoch=18/50] ssl_loss=0.045233 lr=0.00012388 base_val_bce=0.577723 base_best=N base_cls_epoch=35 epoch_sec=3.1 task_elapsed_min=1.8 gpu_alloc_gb=0.295 gpu_reserved_gb=1.510
[ssl_epoch=18/50] ssl_loss=0.045233 lr=0.00012388 base_val_bce=0.577723 base_best=N base_cls_epoch=35 epoch_sec=3.2 elapsed_min=1.8 gpu_alloc_gb=0.295 gpu_reserved_gb=1.510
[repeat=9 fold=external] [epoch=19/50] ssl_loss=0.050738 lr=0.00012055 base_val_bce=0.573772 base_best=N base_cls_epoch=32 epoch_sec=2.4 task_elapsed_min=1.8 gpu_alloc_gb=0.295 gpu_reserved_gb=1.510
[ssl_epoch=19/50] ssl_loss=0.050738 lr=0.00012055 base_val_bce=0.573772 base_best=N base_cls_epoch=32 epoch_sec=2.5 elapsed_min=1.8 gpu_alloc_gb=0.295 gpu_reserved_gb=1.510
CHECKPOINT_LATEST repeat=9 scope=caltech_external fold=external phase=ssl epoch=20 path=/data/adodas/VarCoNet-V2-main/xiaolunwen/experiment2b/checkpoints/worker_r9_latest.pt
[repeat=9 fold=external] [epoch=20/50] ssl_loss=0.046022 lr=0.00011690 base_val_bce=0.579803 base_best=N base_cls_epoch=31 epoch_sec=9.0 task_elapsed_min=1.9 gpu_alloc_gb=0.295 gpu_reserved_gb=1.510
[ssl_epoch=20/50] ssl_loss=0.046022 lr=0.00011690 base_val_bce=0.579803 base_best=N base_cls_epoch=31 epoch_sec=9.0 elapsed_min=1.9 gpu_alloc_gb=0.295 gpu_reserved_gb=1.510
[repeat=9 fold=external] [epoch=21/50] ssl_loss=0.046019 lr=0.00011296 base_val_bce=0.577942 base_best=N base_cls_epoch=32 epoch_sec=3.5 task_elapsed_min=2.0 gpu_alloc_gb=0.295 gpu_reserved_gb=1.510
[ssl_epoch=21/50] ssl_loss=0.046019 lr=0.00011296 base_val_bce=0.577942 base_best=N base_cls_epoch=32 epoch_sec=3.5 elapsed_min=2.0 gpu_alloc_gb=0.295 gpu_reserved_gb=1.510
CHECKPOINT_BEST repeat=9 scope=caltech_external fold=external phase=ssl epoch=22 path=/data/adodas/VarCoNet-V2-main/xiaolunwen/experiment2b/checkpoints/worker_r9_best.pt
[repeat=9 fold=external] [epoch=22/50] ssl_loss=0.048016 lr=0.00010873 base_val_bce=0.568544 base_best=Y base_cls_epoch=33 epoch_sec=12.4 task_elapsed_min=2.1 gpu_alloc_gb=0.295 gpu_reserved_gb=1.510
[ssl_epoch=22/50] ssl_loss=0.048016 lr=0.00010873 base_val_bce=0.568544 base_best=Y base_cls_epoch=33 epoch_sec=12.4 elapsed_min=2.1 gpu_alloc_gb=0.295 gpu_reserved_gb=1.510
[repeat=9 fold=external] [epoch=23/50] ssl_loss=0.044089 lr=0.00010426 base_val_bce=0.573692 base_best=N base_cls_epoch=37 epoch_sec=3.8 task_elapsed_min=2.3 gpu_alloc_gb=0.295 gpu_reserved_gb=1.510
[ssl_epoch=23/50] ssl_loss=0.044089 lr=0.00010426 base_val_bce=0.573692 base_best=N base_cls_epoch=37 epoch_sec=4.2 elapsed_min=2.3 gpu_alloc_gb=0.295 gpu_reserved_gb=1.510
[repeat=9 fold=external] [epoch=24/50] ssl_loss=0.039430 lr=0.00009957 base_val_bce=0.578812 base_best=N base_cls_epoch=31 epoch_sec=3.0 task_elapsed_min=2.4 gpu_alloc_gb=0.295 gpu_reserved_gb=1.510
[ssl_epoch=24/50] ssl_loss=0.039430 lr=0.00009957 base_val_bce=0.578812 base_best=N base_cls_epoch=31 epoch_sec=3.2 elapsed_min=2.4 gpu_alloc_gb=0.295 gpu_reserved_gb=1.510
CHECKPOINT_BEST repeat=9 scope=caltech_external fold=external phase=ssl epoch=25 path=/data/adodas/VarCoNet-V2-main/xiaolunwen/experiment2b/checkpoints/worker_r9_best.pt
[repeat=9 fold=external] [epoch=25/50] ssl_loss=0.043148 lr=0.00009469 base_val_bce=0.558418 base_best=Y base_cls_epoch=32 epoch_sec=8.6 task_elapsed_min=2.4 gpu_alloc_gb=0.295 gpu_reserved_gb=1.510
[ssl_epoch=25/50] ssl_loss=0.043148 lr=0.00009469 base_val_bce=0.558418 base_best=Y base_cls_epoch=32 epoch_sec=8.7 elapsed_min=2.4 gpu_alloc_gb=0.295 gpu_reserved_gb=1.510
[repeat=9 fold=external] [epoch=26/50] ssl_loss=0.043342 lr=0.00008964 base_val_bce=0.574035 base_best=N base_cls_epoch=36 epoch_sec=3.4 task_elapsed_min=2.6 gpu_alloc_gb=0.295 gpu_reserved_gb=1.510
[ssl_epoch=26/50] ssl_loss=0.043342 lr=0.00008964 base_val_bce=0.574035 base_best=N base_cls_epoch=36 epoch_sec=3.8 elapsed_min=2.6 gpu_alloc_gb=0.295 gpu_reserved_gb=1.510
[repeat=9 fold=external] [epoch=27/50] ssl_loss=0.051355 lr=0.00008447 base_val_bce=0.575404 base_best=N base_cls_epoch=36 epoch_sec=3.2 task_elapsed_min=2.7 gpu_alloc_gb=0.295 gpu_reserved_gb=1.510
[ssl_epoch=27/50] ssl_loss=0.051355 lr=0.00008447 base_val_bce=0.575404 base_best=N base_cls_epoch=36 epoch_sec=3.2 elapsed_min=2.7 gpu_alloc_gb=0.295 gpu_reserved_gb=1.510
[repeat=9 fold=external] [epoch=28/50] ssl_loss=0.044158 lr=0.00007919 base_val_bce=0.565845 base_best=N base_cls_epoch=36 epoch_sec=3.3 task_elapsed_min=2.7 gpu_alloc_gb=0.295 gpu_reserved_gb=1.510
[ssl_epoch=28/50] ssl_loss=0.044158 lr=0.00007919 base_val_bce=0.565845 base_best=N base_cls_epoch=36 epoch_sec=3.8 elapsed_min=2.7 gpu_alloc_gb=0.295 gpu_reserved_gb=1.510
[repeat=9 fold=external] [epoch=29/50] ssl_loss=0.046878 lr=0.00007385 base_val_bce=0.567259 base_best=N base_cls_epoch=33 epoch_sec=2.4 task_elapsed_min=2.8 gpu_alloc_gb=0.295 gpu_reserved_gb=1.510
[ssl_epoch=29/50] ssl_loss=0.046878 lr=0.00007385 base_val_bce=0.567259 base_best=N base_cls_epoch=33 epoch_sec=2.7 elapsed_min=2.8 gpu_alloc_gb=0.295 gpu_reserved_gb=1.510
CHECKPOINT_LATEST repeat=9 scope=caltech_external fold=external phase=ssl epoch=30 path=/data/adodas/VarCoNet-V2-main/xiaolunwen/experiment2b/checkpoints/worker_r9_latest.pt
[repeat=9 fold=external] [epoch=30/50] ssl_loss=0.042013 lr=0.00006848 base_val_bce=0.570683 base_best=N base_cls_epoch=34 epoch_sec=12.6 task_elapsed_min=2.9 gpu_alloc_gb=0.295 gpu_reserved_gb=1.510
[ssl_epoch=30/50] ssl_loss=0.042013 lr=0.00006848 base_val_bce=0.570683 base_best=N base_cls_epoch=34 epoch_sec=12.6 elapsed_min=2.9 gpu_alloc_gb=0.295 gpu_reserved_gb=1.510
[repeat=9 fold=external] [epoch=31/50] ssl_loss=0.046781 lr=0.00006311 base_val_bce=0.567544 base_best=N base_cls_epoch=37 epoch_sec=3.3 task_elapsed_min=3.1 gpu_alloc_gb=0.295 gpu_reserved_gb=1.510
[ssl_epoch=31/50] ssl_loss=0.046781 lr=0.00006311 base_val_bce=0.567544 base_best=N base_cls_epoch=37 epoch_sec=3.4 elapsed_min=3.1 gpu_alloc_gb=0.295 gpu_reserved_gb=1.510
[repeat=9 fold=external] [epoch=32/50] ssl_loss=0.039345 lr=0.00005777 base_val_bce=0.575554 base_best=N base_cls_epoch=31 epoch_sec=3.7 task_elapsed_min=3.1 gpu_alloc_gb=0.295 gpu_reserved_gb=1.510
[ssl_epoch=32/50] ssl_loss=0.039345 lr=0.00005777 base_val_bce=0.575554 base_best=N base_cls_epoch=31 epoch_sec=3.7 elapsed_min=3.1 gpu_alloc_gb=0.295 gpu_reserved_gb=1.510
[repeat=9 fold=external] [epoch=33/50] ssl_loss=0.033420 lr=0.00005249 base_val_bce=0.572124 base_best=N base_cls_epoch=38 epoch_sec=3.6 task_elapsed_min=3.2 gpu_alloc_gb=0.295 gpu_reserved_gb=1.510
[ssl_epoch=33/50] ssl_loss=0.033420 lr=0.00005249 base_val_bce=0.572124 base_best=N base_cls_epoch=38 epoch_sec=3.7 elapsed_min=3.2 gpu_alloc_gb=0.295 gpu_reserved_gb=1.510
[repeat=9 fold=external] [epoch=34/50] ssl_loss=0.042972 lr=0.00004732 base_val_bce=0.582742 base_best=N base_cls_epoch=35 epoch_sec=5.7 task_elapsed_min=3.3 gpu_alloc_gb=0.295 gpu_reserved_gb=1.510
[ssl_epoch=34/50] ssl_loss=0.042972 lr=0.00004732 base_val_bce=0.582742 base_best=N base_cls_epoch=35 epoch_sec=6.9 elapsed_min=3.3 gpu_alloc_gb=0.295 gpu_reserved_gb=1.510
[repeat=9 fold=external] [epoch=35/50] ssl_loss=0.037413 lr=0.00004227 base_val_bce=0.584181 base_best=N base_cls_epoch=37 epoch_sec=3.3 task_elapsed_min=3.4 gpu_alloc_gb=0.295 gpu_reserved_gb=1.510
[ssl_epoch=35/50] ssl_loss=0.037413 lr=0.00004227 base_val_bce=0.584181 base_best=N base_cls_epoch=37 epoch_sec=3.3 elapsed_min=3.4 gpu_alloc_gb=0.295 gpu_reserved_gb=1.510
[repeat=9 fold=external] [epoch=36/50] ssl_loss=0.035003 lr=0.00003739 base_val_bce=0.584051 base_best=N base_cls_epoch=36 epoch_sec=3.9 task_elapsed_min=3.4 gpu_alloc_gb=0.295 gpu_reserved_gb=1.510
[ssl_epoch=36/50] ssl_loss=0.035003 lr=0.00003739 base_val_bce=0.584051 base_best=N base_cls_epoch=36 epoch_sec=4.0 elapsed_min=3.4 gpu_alloc_gb=0.295 gpu_reserved_gb=1.510
[repeat=9 fold=external] [epoch=37/50] ssl_loss=0.048005 lr=0.00003270 base_val_bce=0.580901 base_best=N base_cls_epoch=37 epoch_sec=3.0 task_elapsed_min=3.5 gpu_alloc_gb=0.295 gpu_reserved_gb=1.510
[ssl_epoch=37/50] ssl_loss=0.048005 lr=0.00003270 base_val_bce=0.580901 base_best=N base_cls_epoch=37 epoch_sec=3.2 elapsed_min=3.5 gpu_alloc_gb=0.295 gpu_reserved_gb=1.510
[repeat=9 fold=external] [epoch=38/50] ssl_loss=0.042027 lr=0.00002823 base_val_bce=0.591229 base_best=N base_cls_epoch=35 epoch_sec=2.2 task_elapsed_min=3.5 gpu_alloc_gb=0.295 gpu_reserved_gb=1.510
[ssl_epoch=38/50] ssl_loss=0.042027 lr=0.00002823 base_val_bce=0.591229 base_best=N base_cls_epoch=35 epoch_sec=2.3 elapsed_min=3.5 gpu_alloc_gb=0.295 gpu_reserved_gb=1.510
[repeat=9 fold=external] [epoch=39/50] ssl_loss=0.044269 lr=0.00002401 base_val_bce=0.581496 base_best=N base_cls_epoch=36 epoch_sec=2.3 task_elapsed_min=3.6 gpu_alloc_gb=0.295 gpu_reserved_gb=1.510
[ssl_epoch=39/50] ssl_loss=0.044269 lr=0.00002401 base_val_bce=0.581496 base_best=N base_cls_epoch=36 epoch_sec=2.5 elapsed_min=3.6 gpu_alloc_gb=0.295 gpu_reserved_gb=1.510
CHECKPOINT_LATEST repeat=9 scope=caltech_external fold=external phase=ssl epoch=40 path=/data/adodas/VarCoNet-V2-main/xiaolunwen/experiment2b/checkpoints/worker_r9_latest.pt
[repeat=9 fold=external] [epoch=40/50] ssl_loss=0.037951 lr=0.00002006 base_val_bce=0.570958 base_best=N base_cls_epoch=31 epoch_sec=12.3 task_elapsed_min=3.6 gpu_alloc_gb=0.295 gpu_reserved_gb=1.510
[ssl_epoch=40/50] ssl_loss=0.037951 lr=0.00002006 base_val_bce=0.570958 base_best=N base_cls_epoch=31 epoch_sec=12.3 elapsed_min=3.6 gpu_alloc_gb=0.295 gpu_reserved_gb=1.510
[repeat=9 fold=external] [epoch=41/50] ssl_loss=0.036734 lr=0.00001641 base_val_bce=0.586096 base_best=N base_cls_epoch=33 epoch_sec=3.1 task_elapsed_min=3.8 gpu_alloc_gb=0.295 gpu_reserved_gb=1.510
[ssl_epoch=41/50] ssl_loss=0.036734 lr=0.00001641 base_val_bce=0.586096 base_best=N base_cls_epoch=33 epoch_sec=5.7 elapsed_min=3.8 gpu_alloc_gb=0.295 gpu_reserved_gb=1.510
[repeat=9 fold=external] [epoch=42/50] ssl_loss=0.041786 lr=0.00001308 base_val_bce=0.580606 base_best=N base_cls_epoch=35 epoch_sec=2.5 task_elapsed_min=3.9 gpu_alloc_gb=0.295 gpu_reserved_gb=1.510
[ssl_epoch=42/50] ssl_loss=0.041786 lr=0.00001308 base_val_bce=0.580606 base_best=N base_cls_epoch=35 epoch_sec=4.5 elapsed_min=3.9 gpu_alloc_gb=0.295 gpu_reserved_gb=1.510
[repeat=9 fold=external] [epoch=43/50] ssl_loss=0.036380 lr=0.00001009 base_val_bce=0.567246 base_best=N base_cls_epoch=36 epoch_sec=2.1 task_elapsed_min=4.0 gpu_alloc_gb=0.295 gpu_reserved_gb=1.510
[ssl_epoch=43/50] ssl_loss=0.036380 lr=0.00001009 base_val_bce=0.567246 base_best=N base_cls_epoch=36 epoch_sec=2.1 elapsed_min=4.0 gpu_alloc_gb=0.295 gpu_reserved_gb=1.510
[repeat=9 fold=external] [epoch=44/50] ssl_loss=0.041025 lr=0.00000746 base_val_bce=0.578413 base_best=N base_cls_epoch=35 epoch_sec=3.3 task_elapsed_min=4.0 gpu_alloc_gb=0.295 gpu_reserved_gb=1.510
[ssl_epoch=44/50] ssl_loss=0.041025 lr=0.00000746 base_val_bce=0.578413 base_best=N base_cls_epoch=35 epoch_sec=3.5 elapsed_min=4.0 gpu_alloc_gb=0.295 gpu_reserved_gb=1.510
[repeat=9 fold=external] [epoch=45/50] ssl_loss=0.032845 lr=0.00000521 base_val_bce=0.570556 base_best=N base_cls_epoch=34 epoch_sec=3.0 task_elapsed_min=4.1 gpu_alloc_gb=0.295 gpu_reserved_gb=1.510
[ssl_epoch=45/50] ssl_loss=0.032845 lr=0.00000521 base_val_bce=0.570556 base_best=N base_cls_epoch=34 epoch_sec=3.2 elapsed_min=4.1 gpu_alloc_gb=0.295 gpu_reserved_gb=1.510
[repeat=9 fold=external] [epoch=46/50] ssl_loss=0.036150 lr=0.00000335 base_val_bce=0.567813 base_best=N base_cls_epoch=36 epoch_sec=2.8 task_elapsed_min=4.2 gpu_alloc_gb=0.295 gpu_reserved_gb=1.510
[ssl_epoch=46/50] ssl_loss=0.036150 lr=0.00000335 base_val_bce=0.567813 base_best=N base_cls_epoch=36 epoch_sec=3.2 elapsed_min=4.2 gpu_alloc_gb=0.295 gpu_reserved_gb=1.510
[repeat=9 fold=external] [epoch=47/50] ssl_loss=0.038358 lr=0.00000189 base_val_bce=0.585235 base_best=N base_cls_epoch=38 epoch_sec=2.8 task_elapsed_min=4.2 gpu_alloc_gb=0.295 gpu_reserved_gb=1.510
[ssl_epoch=47/50] ssl_loss=0.038358 lr=0.00000189 base_val_bce=0.585235 base_best=N base_cls_epoch=38 epoch_sec=2.9 elapsed_min=4.2 gpu_alloc_gb=0.295 gpu_reserved_gb=1.510
[repeat=9 fold=external] [epoch=48/50] ssl_loss=0.043558 lr=0.00000084 base_val_bce=0.576140 base_best=N base_cls_epoch=34 epoch_sec=2.4 task_elapsed_min=4.3 gpu_alloc_gb=0.295 gpu_reserved_gb=1.510
[ssl_epoch=48/50] ssl_loss=0.043558 lr=0.00000084 base_val_bce=0.576140 base_best=N base_cls_epoch=34 epoch_sec=2.5 elapsed_min=4.3 gpu_alloc_gb=0.295 gpu_reserved_gb=1.510
[repeat=9 fold=external] [epoch=49/50] ssl_loss=0.044814 lr=0.00000021 base_val_bce=0.575967 base_best=N base_cls_epoch=41 epoch_sec=2.4 task_elapsed_min=4.3 gpu_alloc_gb=0.295 gpu_reserved_gb=1.510
[ssl_epoch=49/50] ssl_loss=0.044814 lr=0.00000021 base_val_bce=0.575967 base_best=N base_cls_epoch=41 epoch_sec=2.5 elapsed_min=4.3 gpu_alloc_gb=0.295 gpu_reserved_gb=1.510
CHECKPOINT_LATEST repeat=9 scope=caltech_external fold=external phase=ssl epoch=50 path=/data/adodas/VarCoNet-V2-main/xiaolunwen/experiment2b/checkpoints/worker_r9_latest.pt
[repeat=9 fold=external] [epoch=50/50] ssl_loss=0.031969 lr=0.00000000 base_val_bce=0.584470 base_best=N base_cls_epoch=36 epoch_sec=9.4 task_elapsed_min=4.3 gpu_alloc_gb=0.295 gpu_reserved_gb=1.510
[ssl_epoch=50/50] ssl_loss=0.031969 lr=0.00000000 base_val_bce=0.584470 base_best=N base_cls_epoch=36 epoch_sec=9.7 elapsed_min=4.3 gpu_alloc_gb=0.295 gpu_reserved_gb=1.510
RESIDUAL_EPOCH repeat=9 scope=caltech_external fold=external epoch=0 val_bce=0.558418 best=Y dynamic_dim=73536
CHECKPOINT_LATEST repeat=9 scope=caltech_external fold=external phase=residual epoch=10 path=/data/adodas/VarCoNet-V2-main/xiaolunwen/experiment2b/checkpoints/worker_r9_latest.pt
[residual_epoch=10/149] residual_loss=0.150316 val_bce=0.579833 best=N best_epoch=0 epoch_sec=4.6 task_elapsed_min=4.5
CHECKPOINT_LATEST repeat=9 scope=caltech_external fold=external phase=residual epoch=20 path=/data/adodas/VarCoNet-V2-main/xiaolunwen/experiment2b/checkpoints/worker_r9_latest.pt
[residual_epoch=20/149] residual_loss=0.083587 val_bce=0.603122 best=N best_epoch=0 epoch_sec=6.1 task_elapsed_min=4.6
CHECKPOINT_LATEST repeat=9 scope=caltech_external fold=external phase=residual epoch=30 path=/data/adodas/VarCoNet-V2-main/xiaolunwen/experiment2b/checkpoints/worker_r9_latest.pt
[residual_epoch=30/149] residual_loss=0.051330 val_bce=0.626265 best=N best_epoch=0 epoch_sec=6.9 task_elapsed_min=4.7
CHECKPOINT_LATEST repeat=9 scope=caltech_external fold=external phase=residual epoch=40 path=/data/adodas/VarCoNet-V2-main/xiaolunwen/experiment2b/checkpoints/worker_r9_latest.pt
[residual_epoch=40/149] residual_loss=0.035049 val_bce=0.644529 best=N best_epoch=0 epoch_sec=6.9 task_elapsed_min=4.8
CHECKPOINT_LATEST repeat=9 scope=caltech_external fold=external phase=residual epoch=50 path=/data/adodas/VarCoNet-V2-main/xiaolunwen/experiment2b/checkpoints/worker_r9_latest.pt
[residual_epoch=50/149] residual_loss=0.026071 val_bce=0.660466 best=N best_epoch=0 epoch_sec=9.2 task_elapsed_min=4.9
CHECKPOINT_LATEST repeat=9 scope=caltech_external fold=external phase=residual epoch=60 path=/data/adodas/VarCoNet-V2-main/xiaolunwen/experiment2b/checkpoints/worker_r9_latest.pt
[residual_epoch=60/149] residual_loss=0.020606 val_bce=0.674552 best=N best_epoch=0 epoch_sec=7.0 task_elapsed_min=5.0
CHECKPOINT_LATEST repeat=9 scope=caltech_external fold=external phase=residual epoch=70 path=/data/adodas/VarCoNet-V2-main/xiaolunwen/experiment2b/checkpoints/worker_r9_latest.pt
[residual_epoch=70/149] residual_loss=0.016972 val_bce=0.686716 best=N best_epoch=0 epoch_sec=11.9 task_elapsed_min=5.2
CHECKPOINT_LATEST repeat=9 scope=caltech_external fold=external phase=residual epoch=80 path=/data/adodas/VarCoNet-V2-main/xiaolunwen/experiment2b/checkpoints/worker_r9_latest.pt
[residual_epoch=80/149] residual_loss=0.014377 val_bce=0.697648 best=N best_epoch=0 epoch_sec=6.8 task_elapsed_min=5.4
CHECKPOINT_LATEST repeat=9 scope=caltech_external fold=external phase=residual epoch=90 path=/data/adodas/VarCoNet-V2-main/xiaolunwen/experiment2b/checkpoints/worker_r9_latest.pt
[residual_epoch=90/149] residual_loss=0.012424 val_bce=0.707804 best=N best_epoch=0 epoch_sec=4.0 task_elapsed_min=5.5
CHECKPOINT_LATEST repeat=9 scope=caltech_external fold=external phase=residual epoch=100 path=/data/adodas/VarCoNet-V2-main/xiaolunwen/experiment2b/checkpoints/worker_r9_latest.pt
[residual_epoch=100/149] residual_loss=0.010895 val_bce=0.717184 best=N best_epoch=0 epoch_sec=7.5 task_elapsed_min=5.5
CHECKPOINT_LATEST repeat=9 scope=caltech_external fold=external phase=residual epoch=110 path=/data/adodas/VarCoNet-V2-main/xiaolunwen/experiment2b/checkpoints/worker_r9_latest.pt
[residual_epoch=110/149] residual_loss=0.009665 val_bce=0.725869 best=N best_epoch=0 epoch_sec=3.8 task_elapsed_min=5.7
CHECKPOINT_LATEST repeat=9 scope=caltech_external fold=external phase=residual epoch=120 path=/data/adodas/VarCoNet-V2-main/xiaolunwen/experiment2b/checkpoints/worker_r9_latest.pt
[residual_epoch=120/149] residual_loss=0.008655 val_bce=0.734076 best=N best_epoch=0 epoch_sec=3.2 task_elapsed_min=5.7
CHECKPOINT_LATEST repeat=9 scope=caltech_external fold=external phase=residual epoch=130 path=/data/adodas/VarCoNet-V2-main/xiaolunwen/experiment2b/checkpoints/worker_r9_latest.pt
[residual_epoch=130/149] residual_loss=0.007810 val_bce=0.741845 best=N best_epoch=0 epoch_sec=6.2 task_elapsed_min=5.8
CHECKPOINT_LATEST repeat=9 scope=caltech_external fold=external phase=residual epoch=140 path=/data/adodas/VarCoNet-V2-main/xiaolunwen/experiment2b/checkpoints/worker_r9_latest.pt
[residual_epoch=140/149] residual_loss=0.007095 val_bce=0.749212 best=N best_epoch=0 epoch_sec=3.4 task_elapsed_min=5.9
RESIDUAL_DONE repeat=9 scope=caltech_external fold=external selected_encoder_epoch=25 selected_classifier_epoch=32 selected_residual_epoch=0 val_bce=0.558418
TASK_TRAINING_DONE repeat=9 scope=caltech_external fold=external base_epoch=25 dyn_epoch=25 base_val_bce=0.558418 dyn_val_bce=0.558418
TASK_DONE repeat=9 scope=caltech fold=external method=baseline selected_encoder_epoch=25 test_auc=0.657895 test_bce=0.648404 elapsed_min=6.0
TASK_DONE repeat=9 scope=abide2 fold=external method=baseline selected_encoder_epoch=25 test_auc=0.739119 test_bce=0.599089 elapsed_min=6.0
TASK_DONE repeat=9 scope=caltech fold=external method=pretransformer_edge_residual selected_encoder_epoch=25 test_auc=0.657895 test_bce=0.648404 elapsed_min=6.0
TASK_DONE repeat=9 scope=abide2 fold=external method=pretransformer_edge_residual selected_encoder_epoch=25 test_auc=0.739119 test_bce=0.599089 elapsed_min=6.0
REPEAT_DONE repeat=9 status=PASS rows=26
