==================================================
INVOCATION_START 2026-09-13T09:47:03Z repeat=0 gpu=0
REPEAT_START repeat=0 device=cuda:0 tasks=11
TASK_START repeat=0 scope=internal_cv fold=0 seed=100000 device=cuda:0 shared_encoder=Y
CHECKPOINT_BEST repeat=0 scope=internal_cv fold=0 phase=ssl epoch=1 path=/data/adodas/VarCoNet-V2-main/xiaolunwen/experiment2b/checkpoints/worker_r0_best.pt
[repeat=0 fold=0] [epoch=1/50] ssl_loss=0.112825 lr=0.00002411 base_val_bce=0.652521 base_best=Y base_cls_epoch=12 epoch_sec=27.3 task_elapsed_min=0.4 gpu_alloc_gb=0.271 gpu_reserved_gb=1.939
[ssl_epoch=1/50] ssl_loss=0.112825 lr=0.00002411 base_val_bce=0.652521 base_best=Y base_cls_epoch=12 epoch_sec=27.3 elapsed_min=0.4 gpu_alloc_gb=0.271 gpu_reserved_gb=1.939
[repeat=0 fold=0] [epoch=2/50] ssl_loss=0.110728 lr=0.00003821 base_val_bce=0.662839 base_best=N base_cls_epoch=13 epoch_sec=4.5 task_elapsed_min=0.6 gpu_alloc_gb=0.271 gpu_reserved_gb=1.559
[ssl_epoch=2/50] ssl_loss=0.110728 lr=0.00003821 base_val_bce=0.662839 base_best=N base_cls_epoch=13 epoch_sec=5.1 elapsed_min=0.6 gpu_alloc_gb=0.271 gpu_reserved_gb=1.559
[repeat=0 fold=0] [epoch=3/50] ssl_loss=0.085071 lr=0.00005232 base_val_bce=0.653119 base_best=N base_cls_epoch=13 epoch_sec=2.7 task_elapsed_min=0.6 gpu_alloc_gb=0.271 gpu_reserved_gb=1.559
[ssl_epoch=3/50] ssl_loss=0.085071 lr=0.00005232 base_val_bce=0.653119 base_best=N base_cls_epoch=13 epoch_sec=2.7 elapsed_min=0.6 gpu_alloc_gb=0.271 gpu_reserved_gb=1.559
[repeat=0 fold=0] [epoch=4/50] ssl_loss=0.097346 lr=0.00006643 base_val_bce=0.655336 base_best=N base_cls_epoch=13 epoch_sec=3.6 task_elapsed_min=0.7 gpu_alloc_gb=0.271 gpu_reserved_gb=1.559
[ssl_epoch=4/50] ssl_loss=0.097346 lr=0.00006643 base_val_bce=0.655336 base_best=N base_cls_epoch=13 epoch_sec=4.0 elapsed_min=0.7 gpu_alloc_gb=0.271 gpu_reserved_gb=1.559
CHECKPOINT_BEST repeat=0 scope=internal_cv fold=0 phase=ssl epoch=5 path=/data/adodas/VarCoNet-V2-main/xiaolunwen/experiment2b/checkpoints/worker_r0_best.pt
[repeat=0 fold=0] [epoch=5/50] ssl_loss=0.088079 lr=0.00008053 base_val_bce=0.642631 base_best=Y base_cls_epoch=11 epoch_sec=6.8 task_elapsed_min=0.8 gpu_alloc_gb=0.271 gpu_reserved_gb=1.559
[ssl_epoch=5/50] ssl_loss=0.088079 lr=0.00008053 base_val_bce=0.642631 base_best=Y base_cls_epoch=11 epoch_sec=6.8 elapsed_min=0.8 gpu_alloc_gb=0.271 gpu_reserved_gb=1.559
[repeat=0 fold=0] [epoch=6/50] ssl_loss=0.087685 lr=0.00009464 base_val_bce=0.652492 base_best=N base_cls_epoch=13 epoch_sec=3.5 task_elapsed_min=0.9 gpu_alloc_gb=0.271 gpu_reserved_gb=1.559
[ssl_epoch=6/50] ssl_loss=0.087685 lr=0.00009464 base_val_bce=0.652492 base_best=N base_cls_epoch=13 epoch_sec=3.5 elapsed_min=0.9 gpu_alloc_gb=0.271 gpu_reserved_gb=1.559
CHECKPOINT_BEST repeat=0 scope=internal_cv fold=0 phase=ssl epoch=7 path=/data/adodas/VarCoNet-V2-main/xiaolunwen/experiment2b/checkpoints/worker_r0_best.pt
[repeat=0 fold=0] [epoch=7/50] ssl_loss=0.074306 lr=0.00010875 base_val_bce=0.641359 base_best=Y base_cls_epoch=14 epoch_sec=9.8 task_elapsed_min=0.9 gpu_alloc_gb=0.271 gpu_reserved_gb=1.559
[ssl_epoch=7/50] ssl_loss=0.074306 lr=0.00010875 base_val_bce=0.641359 base_best=Y base_cls_epoch=14 epoch_sec=9.8 elapsed_min=0.9 gpu_alloc_gb=0.271 gpu_reserved_gb=1.559
CHECKPOINT_BEST repeat=0 scope=internal_cv fold=0 phase=ssl epoch=8 path=/data/adodas/VarCoNet-V2-main/xiaolunwen/experiment2b/checkpoints/worker_r0_best.pt
[repeat=0 fold=0] [epoch=8/50] ssl_loss=0.058221 lr=0.00012285 base_val_bce=0.641332 base_best=Y base_cls_epoch=13 epoch_sec=9.7 task_elapsed_min=1.1 gpu_alloc_gb=0.271 gpu_reserved_gb=1.559
[ssl_epoch=8/50] ssl_loss=0.058221 lr=0.00012285 base_val_bce=0.641332 base_best=Y base_cls_epoch=13 epoch_sec=9.7 elapsed_min=1.1 gpu_alloc_gb=0.271 gpu_reserved_gb=1.559
[repeat=0 fold=0] [epoch=9/50] ssl_loss=0.049996 lr=0.00013696 base_val_bce=0.648308 base_best=N base_cls_epoch=16 epoch_sec=2.0 task_elapsed_min=1.2 gpu_alloc_gb=0.271 gpu_reserved_gb=1.559
[ssl_epoch=9/50] ssl_loss=0.049996 lr=0.00013696 base_val_bce=0.648308 base_best=N base_cls_epoch=16 epoch_sec=2.7 elapsed_min=1.2 gpu_alloc_gb=0.271 gpu_reserved_gb=1.559
CHECKPOINT_LATEST repeat=0 scope=internal_cv fold=0 phase=ssl epoch=10 path=/data/adodas/VarCoNet-V2-main/xiaolunwen/experiment2b/checkpoints/worker_r0_latest.pt
[repeat=0 fold=0] [epoch=10/50] ssl_loss=0.062405 lr=0.00013696 base_val_bce=0.645515 base_best=N base_cls_epoch=17 epoch_sec=7.7 task_elapsed_min=1.3 gpu_alloc_gb=0.271 gpu_reserved_gb=1.559
[ssl_epoch=10/50] ssl_loss=0.062405 lr=0.00013696 base_val_bce=0.645515 base_best=N base_cls_epoch=17 epoch_sec=7.7 elapsed_min=1.3 gpu_alloc_gb=0.271 gpu_reserved_gb=1.559
[repeat=0 fold=0] [epoch=11/50] ssl_loss=0.060592 lr=0.00013675 base_val_bce=0.641759 base_best=N base_cls_epoch=17 epoch_sec=3.3 task_elapsed_min=1.4 gpu_alloc_gb=0.271 gpu_reserved_gb=1.559
[ssl_epoch=11/50] ssl_loss=0.060592 lr=0.00013675 base_val_bce=0.641759 base_best=N base_cls_epoch=17 epoch_sec=3.3 elapsed_min=1.4 gpu_alloc_gb=0.271 gpu_reserved_gb=1.559
CHECKPOINT_BEST repeat=0 scope=internal_cv fold=0 phase=ssl epoch=12 path=/data/adodas/VarCoNet-V2-main/xiaolunwen/experiment2b/checkpoints/worker_r0_best.pt
[repeat=0 fold=0] [epoch=12/50] ssl_loss=0.071419 lr=0.00013612 base_val_bce=0.639687 base_best=Y base_cls_epoch=18 epoch_sec=8.7 task_elapsed_min=1.5 gpu_alloc_gb=0.271 gpu_reserved_gb=1.559
[ssl_epoch=12/50] ssl_loss=0.071419 lr=0.00013612 base_val_bce=0.639687 base_best=Y base_cls_epoch=18 epoch_sec=8.9 elapsed_min=1.5 gpu_alloc_gb=0.271 gpu_reserved_gb=1.559
[repeat=0 fold=0] [epoch=13/50] ssl_loss=0.047786 lr=0.00013507 base_val_bce=0.648429 base_best=N base_cls_epoch=20 epoch_sec=2.6 task_elapsed_min=1.6 gpu_alloc_gb=0.271 gpu_reserved_gb=1.559
[ssl_epoch=13/50] ssl_loss=0.047786 lr=0.00013507 base_val_bce=0.648429 base_best=N base_cls_epoch=20 epoch_sec=3.4 elapsed_min=1.6 gpu_alloc_gb=0.271 gpu_reserved_gb=1.559
[repeat=0 fold=0] [epoch=14/50] ssl_loss=0.057515 lr=0.00013361 base_val_bce=0.642031 base_best=N base_cls_epoch=22 epoch_sec=3.1 task_elapsed_min=1.7 gpu_alloc_gb=0.271 gpu_reserved_gb=1.559
[ssl_epoch=14/50] ssl_loss=0.057515 lr=0.00013361 base_val_bce=0.642031 base_best=N base_cls_epoch=22 epoch_sec=3.7 elapsed_min=1.7 gpu_alloc_gb=0.271 gpu_reserved_gb=1.559
CHECKPOINT_BEST repeat=0 scope=internal_cv fold=0 phase=ssl epoch=15 path=/data/adodas/VarCoNet-V2-main/xiaolunwen/experiment2b/checkpoints/worker_r0_best.pt
[repeat=0 fold=0] [epoch=15/50] ssl_loss=0.056681 lr=0.00013175 base_val_bce=0.638096 base_best=Y base_cls_epoch=24 epoch_sec=10.0 task_elapsed_min=1.8 gpu_alloc_gb=0.271 gpu_reserved_gb=1.559
[ssl_epoch=15/50] ssl_loss=0.056681 lr=0.00013175 base_val_bce=0.638096 base_best=Y base_cls_epoch=24 epoch_sec=10.1 elapsed_min=1.8 gpu_alloc_gb=0.271 gpu_reserved_gb=1.559
CHECKPOINT_BEST repeat=0 scope=internal_cv fold=0 phase=ssl epoch=16 path=/data/adodas/VarCoNet-V2-main/xiaolunwen/experiment2b/checkpoints/worker_r0_best.pt
[repeat=0 fold=0] [epoch=16/50] ssl_loss=0.047177 lr=0.00012950 base_val_bce=0.633048 base_best=Y base_cls_epoch=17 epoch_sec=9.5 task_elapsed_min=1.9 gpu_alloc_gb=0.271 gpu_reserved_gb=1.559
[ssl_epoch=16/50] ssl_loss=0.047177 lr=0.00012950 base_val_bce=0.633048 base_best=Y base_cls_epoch=17 epoch_sec=9.5 elapsed_min=1.9 gpu_alloc_gb=0.271 gpu_reserved_gb=1.559
[repeat=0 fold=0] [epoch=17/50] ssl_loss=0.045141 lr=0.00012687 base_val_bce=0.647621 base_best=N base_cls_epoch=20 epoch_sec=2.7 task_elapsed_min=2.1 gpu_alloc_gb=0.271 gpu_reserved_gb=1.559
[ssl_epoch=17/50] ssl_loss=0.045141 lr=0.00012687 base_val_bce=0.647621 base_best=N base_cls_epoch=20 epoch_sec=2.8 elapsed_min=2.1 gpu_alloc_gb=0.271 gpu_reserved_gb=1.559
[repeat=0 fold=0] [epoch=18/50] ssl_loss=0.056183 lr=0.00012388 base_val_bce=0.644498 base_best=N base_cls_epoch=20 epoch_sec=2.7 task_elapsed_min=2.1 gpu_alloc_gb=0.271 gpu_reserved_gb=1.559
[ssl_epoch=18/50] ssl_loss=0.056183 lr=0.00012388 base_val_bce=0.644498 base_best=N base_cls_epoch=20 epoch_sec=2.7 elapsed_min=2.1 gpu_alloc_gb=0.271 gpu_reserved_gb=1.559
[repeat=0 fold=0] [epoch=19/50] ssl_loss=0.043988 lr=0.00012055 base_val_bce=0.641308 base_best=N base_cls_epoch=21 epoch_sec=3.1 task_elapsed_min=2.2 gpu_alloc_gb=0.271 gpu_reserved_gb=1.559
[ssl_epoch=19/50] ssl_loss=0.043988 lr=0.00012055 base_val_bce=0.641308 base_best=N base_cls_epoch=21 epoch_sec=3.3 elapsed_min=2.2 gpu_alloc_gb=0.271 gpu_reserved_gb=1.559
CHECKPOINT_LATEST repeat=0 scope=internal_cv fold=0 phase=ssl epoch=20 path=/data/adodas/VarCoNet-V2-main/xiaolunwen/experiment2b/checkpoints/worker_r0_latest.pt
[repeat=0 fold=0] [epoch=20/50] ssl_loss=0.046442 lr=0.00011690 base_val_bce=0.634948 base_best=N base_cls_epoch=19 epoch_sec=9.3 task_elapsed_min=2.2 gpu_alloc_gb=0.271 gpu_reserved_gb=1.559
[ssl_epoch=20/50] ssl_loss=0.046442 lr=0.00011690 base_val_bce=0.634948 base_best=N base_cls_epoch=19 epoch_sec=9.5 elapsed_min=2.2 gpu_alloc_gb=0.271 gpu_reserved_gb=1.559
[repeat=0 fold=0] [epoch=21/50] ssl_loss=0.045562 lr=0.00011296 base_val_bce=0.641179 base_best=N base_cls_epoch=19 epoch_sec=3.0 task_elapsed_min=2.4 gpu_alloc_gb=0.271 gpu_reserved_gb=1.559
[ssl_epoch=21/50] ssl_loss=0.045562 lr=0.00011296 base_val_bce=0.641179 base_best=N base_cls_epoch=19 epoch_sec=3.4 elapsed_min=2.4 gpu_alloc_gb=0.271 gpu_reserved_gb=1.559
[repeat=0 fold=0] [epoch=22/50] ssl_loss=0.053610 lr=0.00010873 base_val_bce=0.636125 base_best=N base_cls_epoch=22 epoch_sec=2.5 task_elapsed_min=2.4 gpu_alloc_gb=0.271 gpu_reserved_gb=1.559
[ssl_epoch=22/50] ssl_loss=0.053610 lr=0.00010873 base_val_bce=0.636125 base_best=N base_cls_epoch=22 epoch_sec=2.5 elapsed_min=2.4 gpu_alloc_gb=0.271 gpu_reserved_gb=1.559
[repeat=0 fold=0] [epoch=23/50] ssl_loss=0.041580 lr=0.00010426 base_val_bce=0.637118 base_best=N base_cls_epoch=22 epoch_sec=4.2 task_elapsed_min=2.5 gpu_alloc_gb=0.271 gpu_reserved_gb=1.559
[ssl_epoch=23/50] ssl_loss=0.041580 lr=0.00010426 base_val_bce=0.637118 base_best=N base_cls_epoch=22 epoch_sec=4.4 elapsed_min=2.5 gpu_alloc_gb=0.271 gpu_reserved_gb=1.559
[repeat=0 fold=0] [epoch=24/50] ssl_loss=0.043539 lr=0.00009957 base_val_bce=0.640415 base_best=N base_cls_epoch=25 epoch_sec=2.8 task_elapsed_min=2.6 gpu_alloc_gb=0.271 gpu_reserved_gb=1.559
[ssl_epoch=24/50] ssl_loss=0.043539 lr=0.00009957 base_val_bce=0.640415 base_best=N base_cls_epoch=25 epoch_sec=3.0 elapsed_min=2.6 gpu_alloc_gb=0.271 gpu_reserved_gb=1.559
[repeat=0 fold=0] [epoch=25/50] ssl_loss=0.055493 lr=0.00009469 base_val_bce=0.633395 base_best=N base_cls_epoch=21 epoch_sec=4.9 task_elapsed_min=2.7 gpu_alloc_gb=0.271 gpu_reserved_gb=1.559
[ssl_epoch=25/50] ssl_loss=0.055493 lr=0.00009469 base_val_bce=0.633395 base_best=N base_cls_epoch=21 epoch_sec=4.9 elapsed_min=2.7 gpu_alloc_gb=0.271 gpu_reserved_gb=1.559
[repeat=0 fold=0] [epoch=26/50] ssl_loss=0.046973 lr=0.00008964 base_val_bce=0.638299 base_best=N base_cls_epoch=24 epoch_sec=4.8 task_elapsed_min=2.7 gpu_alloc_gb=0.271 gpu_reserved_gb=1.559
[ssl_epoch=26/50] ssl_loss=0.046973 lr=0.00008964 base_val_bce=0.638299 base_best=N base_cls_epoch=24 epoch_sec=6.5 elapsed_min=2.7 gpu_alloc_gb=0.271 gpu_reserved_gb=1.559
[repeat=0 fold=0] [epoch=27/50] ssl_loss=0.039790 lr=0.00008447 base_val_bce=0.645012 base_best=N base_cls_epoch=20 epoch_sec=4.2 task_elapsed_min=2.8 gpu_alloc_gb=0.271 gpu_reserved_gb=1.559
[ssl_epoch=27/50] ssl_loss=0.039790 lr=0.00008447 base_val_bce=0.645012 base_best=N base_cls_epoch=20 epoch_sec=6.0 elapsed_min=2.8 gpu_alloc_gb=0.271 gpu_reserved_gb=1.559
CHECKPOINT_BEST repeat=0 scope=internal_cv fold=0 phase=ssl epoch=28 path=/data/adodas/VarCoNet-V2-main/xiaolunwen/experiment2b/checkpoints/worker_r0_best.pt
[repeat=0 fold=0] [epoch=28/50] ssl_loss=0.038359 lr=0.00007919 base_val_bce=0.632486 base_best=Y base_cls_epoch=25 epoch_sec=9.9 task_elapsed_min=2.9 gpu_alloc_gb=0.271 gpu_reserved_gb=1.559
[ssl_epoch=28/50] ssl_loss=0.038359 lr=0.00007919 base_val_bce=0.632486 base_best=Y base_cls_epoch=25 epoch_sec=10.2 elapsed_min=2.9 gpu_alloc_gb=0.271 gpu_reserved_gb=1.559
[repeat=0 fold=0] [epoch=29/50] ssl_loss=0.046070 lr=0.00007385 base_val_bce=0.651231 base_best=N base_cls_epoch=22 epoch_sec=2.8 task_elapsed_min=3.1 gpu_alloc_gb=0.271 gpu_reserved_gb=1.559
[ssl_epoch=29/50] ssl_loss=0.046070 lr=0.00007385 base_val_bce=0.651231 base_best=N base_cls_epoch=22 epoch_sec=2.8 elapsed_min=3.1 gpu_alloc_gb=0.271 gpu_reserved_gb=1.559
CHECKPOINT_BEST repeat=0 scope=internal_cv fold=0 phase=ssl epoch=30 path=/data/adodas/VarCoNet-V2-main/xiaolunwen/experiment2b/checkpoints/worker_r0_best.pt
CHECKPOINT_LATEST repeat=0 scope=internal_cv fold=0 phase=ssl epoch=30 path=/data/adodas/VarCoNet-V2-main/xiaolunwen/experiment2b/checkpoints/worker_r0_latest.pt
[repeat=0 fold=0] [epoch=30/50] ssl_loss=0.041627 lr=0.00006848 base_val_bce=0.630083 base_best=Y base_cls_epoch=25 epoch_sec=17.5 task_elapsed_min=3.1 gpu_alloc_gb=0.271 gpu_reserved_gb=1.559
[ssl_epoch=30/50] ssl_loss=0.041627 lr=0.00006848 base_val_bce=0.630083 base_best=Y base_cls_epoch=25 epoch_sec=17.5 elapsed_min=3.1 gpu_alloc_gb=0.271 gpu_reserved_gb=1.559
CHECKPOINT_BEST repeat=0 scope=internal_cv fold=0 phase=ssl epoch=31 path=/data/adodas/VarCoNet-V2-main/xiaolunwen/experiment2b/checkpoints/worker_r0_best.pt
[repeat=0 fold=0] [epoch=31/50] ssl_loss=0.052269 lr=0.00006311 base_val_bce=0.626376 base_best=Y base_cls_epoch=24 epoch_sec=11.9 task_elapsed_min=3.4 gpu_alloc_gb=0.271 gpu_reserved_gb=1.559
[ssl_epoch=31/50] ssl_loss=0.052269 lr=0.00006311 base_val_bce=0.626376 base_best=Y base_cls_epoch=24 epoch_sec=11.9 elapsed_min=3.4 gpu_alloc_gb=0.271 gpu_reserved_gb=1.559
[repeat=0 fold=0] [epoch=32/50] ssl_loss=0.036314 lr=0.00005777 base_val_bce=0.637360 base_best=N base_cls_epoch=24 epoch_sec=2.5 task_elapsed_min=3.6 gpu_alloc_gb=0.271 gpu_reserved_gb=1.559
[ssl_epoch=32/50] ssl_loss=0.036314 lr=0.00005777 base_val_bce=0.637360 base_best=N base_cls_epoch=24 epoch_sec=2.8 elapsed_min=3.6 gpu_alloc_gb=0.271 gpu_reserved_gb=1.559
[repeat=0 fold=0] [epoch=33/50] ssl_loss=0.043093 lr=0.00005249 base_val_bce=0.645991 base_best=N base_cls_epoch=27 epoch_sec=3.1 task_elapsed_min=3.7 gpu_alloc_gb=0.271 gpu_reserved_gb=1.559
[ssl_epoch=33/50] ssl_loss=0.043093 lr=0.00005249 base_val_bce=0.645991 base_best=N base_cls_epoch=27 epoch_sec=3.1 elapsed_min=3.7 gpu_alloc_gb=0.271 gpu_reserved_gb=1.559
[repeat=0 fold=0] [epoch=34/50] ssl_loss=0.037916 lr=0.00004732 base_val_bce=0.646090 base_best=N base_cls_epoch=27 epoch_sec=2.1 task_elapsed_min=3.7 gpu_alloc_gb=0.271 gpu_reserved_gb=1.559
[ssl_epoch=34/50] ssl_loss=0.037916 lr=0.00004732 base_val_bce=0.646090 base_best=N base_cls_epoch=27 epoch_sec=2.1 elapsed_min=3.7 gpu_alloc_gb=0.271 gpu_reserved_gb=1.559
[repeat=0 fold=0] [epoch=35/50] ssl_loss=0.042972 lr=0.00004227 base_val_bce=0.630275 base_best=N base_cls_epoch=21 epoch_sec=2.5 task_elapsed_min=3.8 gpu_alloc_gb=0.271 gpu_reserved_gb=1.559
[ssl_epoch=35/50] ssl_loss=0.042972 lr=0.00004227 base_val_bce=0.630275 base_best=N base_cls_epoch=21 epoch_sec=2.5 elapsed_min=3.8 gpu_alloc_gb=0.271 gpu_reserved_gb=1.559
[repeat=0 fold=0] [epoch=36/50] ssl_loss=0.041787 lr=0.00003739 base_val_bce=0.639325 base_best=N base_cls_epoch=21 epoch_sec=4.4 task_elapsed_min=3.8 gpu_alloc_gb=0.271 gpu_reserved_gb=1.559
[ssl_epoch=36/50] ssl_loss=0.041787 lr=0.00003739 base_val_bce=0.639325 base_best=N base_cls_epoch=21 epoch_sec=5.4 elapsed_min=3.8 gpu_alloc_gb=0.271 gpu_reserved_gb=1.559
[repeat=0 fold=0] [epoch=37/50] ssl_loss=0.037575 lr=0.00003270 base_val_bce=0.631631 base_best=N base_cls_epoch=27 epoch_sec=3.4 task_elapsed_min=3.9 gpu_alloc_gb=0.271 gpu_reserved_gb=1.559
[ssl_epoch=37/50] ssl_loss=0.037575 lr=0.00003270 base_val_bce=0.631631 base_best=N base_cls_epoch=27 epoch_sec=3.5 elapsed_min=3.9 gpu_alloc_gb=0.271 gpu_reserved_gb=1.559
[repeat=0 fold=0] [epoch=38/50] ssl_loss=0.040649 lr=0.00002823 base_val_bce=0.636007 base_best=N base_cls_epoch=27 epoch_sec=4.1 task_elapsed_min=4.0 gpu_alloc_gb=0.271 gpu_reserved_gb=1.559
[ssl_epoch=38/50] ssl_loss=0.040649 lr=0.00002823 base_val_bce=0.636007 base_best=N base_cls_epoch=27 epoch_sec=4.6 elapsed_min=4.0 gpu_alloc_gb=0.271 gpu_reserved_gb=1.559
[repeat=0 fold=0] [epoch=39/50] ssl_loss=0.042110 lr=0.00002401 base_val_bce=0.638275 base_best=N base_cls_epoch=24 epoch_sec=3.8 task_elapsed_min=4.1 gpu_alloc_gb=0.271 gpu_reserved_gb=1.559
[ssl_epoch=39/50] ssl_loss=0.042110 lr=0.00002401 base_val_bce=0.638275 base_best=N base_cls_epoch=24 epoch_sec=4.0 elapsed_min=4.1 gpu_alloc_gb=0.271 gpu_reserved_gb=1.559
CHECKPOINT_LATEST repeat=0 scope=internal_cv fold=0 phase=ssl epoch=40 path=/data/adodas/VarCoNet-V2-main/xiaolunwen/experiment2b/checkpoints/worker_r0_latest.pt
[repeat=0 fold=0] [epoch=40/50] ssl_loss=0.040955 lr=0.00002006 base_val_bce=0.642460 base_best=N base_cls_epoch=19 epoch_sec=12.9 task_elapsed_min=4.1 gpu_alloc_gb=0.271 gpu_reserved_gb=1.559
[ssl_epoch=40/50] ssl_loss=0.040955 lr=0.00002006 base_val_bce=0.642460 base_best=N base_cls_epoch=19 epoch_sec=13.5 elapsed_min=4.1 gpu_alloc_gb=0.271 gpu_reserved_gb=1.559
[repeat=0 fold=0] [epoch=41/50] ssl_loss=0.038535 lr=0.00001641 base_val_bce=0.647349 base_best=N base_cls_epoch=29 epoch_sec=2.7 task_elapsed_min=4.3 gpu_alloc_gb=0.271 gpu_reserved_gb=1.559
[ssl_epoch=41/50] ssl_loss=0.038535 lr=0.00001641 base_val_bce=0.647349 base_best=N base_cls_epoch=29 epoch_sec=2.7 elapsed_min=4.3 gpu_alloc_gb=0.271 gpu_reserved_gb=1.559
[repeat=0 fold=0] [epoch=42/50] ssl_loss=0.038102 lr=0.00001308 base_val_bce=0.635986 base_best=N base_cls_epoch=25 epoch_sec=2.8 task_elapsed_min=4.4 gpu_alloc_gb=0.271 gpu_reserved_gb=1.559
[ssl_epoch=42/50] ssl_loss=0.038102 lr=0.00001308 base_val_bce=0.635986 base_best=N base_cls_epoch=25 epoch_sec=3.4 elapsed_min=4.4 gpu_alloc_gb=0.271 gpu_reserved_gb=1.559
[repeat=0 fold=0] [epoch=43/50] ssl_loss=0.032257 lr=0.00001009 base_val_bce=0.644827 base_best=N base_cls_epoch=26 epoch_sec=4.3 task_elapsed_min=4.5 gpu_alloc_gb=0.271 gpu_reserved_gb=1.559
[ssl_epoch=43/50] ssl_loss=0.032257 lr=0.00001009 base_val_bce=0.644827 base_best=N base_cls_epoch=26 epoch_sec=4.8 elapsed_min=4.5 gpu_alloc_gb=0.271 gpu_reserved_gb=1.559
[repeat=0 fold=0] [epoch=44/50] ssl_loss=0.047742 lr=0.00000746 base_val_bce=0.637885 base_best=N base_cls_epoch=26 epoch_sec=2.2 task_elapsed_min=4.5 gpu_alloc_gb=0.271 gpu_reserved_gb=1.559
[ssl_epoch=44/50] ssl_loss=0.047742 lr=0.00000746 base_val_bce=0.637885 base_best=N base_cls_epoch=26 epoch_sec=2.2 elapsed_min=4.5 gpu_alloc_gb=0.271 gpu_reserved_gb=1.559
[repeat=0 fold=0] [epoch=45/50] ssl_loss=0.044164 lr=0.00000521 base_val_bce=0.642879 base_best=N base_cls_epoch=27 epoch_sec=3.6 task_elapsed_min=4.6 gpu_alloc_gb=0.271 gpu_reserved_gb=1.559
[ssl_epoch=45/50] ssl_loss=0.044164 lr=0.00000521 base_val_bce=0.642879 base_best=N base_cls_epoch=27 epoch_sec=3.8 elapsed_min=4.6 gpu_alloc_gb=0.271 gpu_reserved_gb=1.559
[repeat=0 fold=0] [epoch=46/50] ssl_loss=0.040673 lr=0.00000335 base_val_bce=0.628841 base_best=N base_cls_epoch=23 epoch_sec=2.4 task_elapsed_min=4.6 gpu_alloc_gb=0.271 gpu_reserved_gb=1.559
[ssl_epoch=46/50] ssl_loss=0.040673 lr=0.00000335 base_val_bce=0.628841 base_best=N base_cls_epoch=23 epoch_sec=2.5 elapsed_min=4.6 gpu_alloc_gb=0.271 gpu_reserved_gb=1.559
[repeat=0 fold=0] [epoch=47/50] ssl_loss=0.045454 lr=0.00000189 base_val_bce=0.636823 base_best=N base_cls_epoch=23 epoch_sec=2.2 task_elapsed_min=4.7 gpu_alloc_gb=0.271 gpu_reserved_gb=1.559
[ssl_epoch=47/50] ssl_loss=0.045454 lr=0.00000189 base_val_bce=0.636823 base_best=N base_cls_epoch=23 epoch_sec=2.7 elapsed_min=4.7 gpu_alloc_gb=0.271 gpu_reserved_gb=1.559
[repeat=0 fold=0] [epoch=48/50] ssl_loss=0.033202 lr=0.00000084 base_val_bce=0.652331 base_best=N base_cls_epoch=21 epoch_sec=2.2 task_elapsed_min=4.7 gpu_alloc_gb=0.271 gpu_reserved_gb=1.559
[ssl_epoch=48/50] ssl_loss=0.033202 lr=0.00000084 base_val_bce=0.652331 base_best=N base_cls_epoch=21 epoch_sec=2.6 elapsed_min=4.7 gpu_alloc_gb=0.271 gpu_reserved_gb=1.559
CHECKPOINT_BEST repeat=0 scope=internal_cv fold=0 phase=ssl epoch=49 path=/data/adodas/VarCoNet-V2-main/xiaolunwen/experiment2b/checkpoints/worker_r0_best.pt
[repeat=0 fold=0] [epoch=49/50] ssl_loss=0.042341 lr=0.00000021 base_val_bce=0.626205 base_best=Y base_cls_epoch=21 epoch_sec=11.1 task_elapsed_min=4.8 gpu_alloc_gb=0.271 gpu_reserved_gb=1.559
[ssl_epoch=49/50] ssl_loss=0.042341 lr=0.00000021 base_val_bce=0.626205 base_best=Y base_cls_epoch=21 epoch_sec=11.1 elapsed_min=4.8 gpu_alloc_gb=0.271 gpu_reserved_gb=1.559
CHECKPOINT_LATEST repeat=0 scope=internal_cv fold=0 phase=ssl epoch=50 path=/data/adodas/VarCoNet-V2-main/xiaolunwen/experiment2b/checkpoints/worker_r0_latest.pt
[repeat=0 fold=0] [epoch=50/50] ssl_loss=0.039202 lr=0.00000000 base_val_bce=0.638033 base_best=N base_cls_epoch=24 epoch_sec=11.8 task_elapsed_min=4.9 gpu_alloc_gb=0.271 gpu_reserved_gb=1.559
[ssl_epoch=50/50] ssl_loss=0.039202 lr=0.00000000 base_val_bce=0.638033 base_best=N base_cls_epoch=24 epoch_sec=11.8 elapsed_min=4.9 gpu_alloc_gb=0.271 gpu_reserved_gb=1.559
RESIDUAL_EPOCH repeat=0 scope=internal_cv fold=0 epoch=0 val_bce=0.626205 best=Y dynamic_dim=73536
CHECKPOINT_BEST repeat=0 scope=internal_cv fold=0 phase=residual epoch=1 path=/data/adodas/VarCoNet-V2-main/xiaolunwen/experiment2b/checkpoints/worker_r0_best.pt
[residual_epoch=1/149] residual_loss=0.348305 val_bce=0.623598 best=Y best_epoch=1 epoch_sec=7.4 task_elapsed_min=5.1
CHECKPOINT_LATEST repeat=0 scope=internal_cv fold=0 phase=residual epoch=10 path=/data/adodas/VarCoNet-V2-main/xiaolunwen/experiment2b/checkpoints/worker_r0_latest.pt
[residual_epoch=10/149] residual_loss=0.167693 val_bce=0.629594 best=N best_epoch=1 epoch_sec=5.6 task_elapsed_min=5.2
CHECKPOINT_LATEST repeat=0 scope=internal_cv fold=0 phase=residual epoch=20 path=/data/adodas/VarCoNet-V2-main/xiaolunwen/experiment2b/checkpoints/worker_r0_latest.pt
[residual_epoch=20/149] residual_loss=0.081974 val_bce=0.650467 best=N best_epoch=1 epoch_sec=8.6 task_elapsed_min=5.3
CHECKPOINT_LATEST repeat=0 scope=internal_cv fold=0 phase=residual epoch=30 path=/data/adodas/VarCoNet-V2-main/xiaolunwen/experiment2b/checkpoints/worker_r0_latest.pt
[residual_epoch=30/149] residual_loss=0.046548 val_bce=0.672657 best=N best_epoch=1 epoch_sec=4.7 task_elapsed_min=5.5
CHECKPOINT_LATEST repeat=0 scope=internal_cv fold=0 phase=residual epoch=40 path=/data/adodas/VarCoNet-V2-main/xiaolunwen/experiment2b/checkpoints/worker_r0_latest.pt
[residual_epoch=40/149] residual_loss=0.030647 val_bce=0.691643 best=N best_epoch=1 epoch_sec=4.8 task_elapsed_min=5.6
CHECKPOINT_LATEST repeat=0 scope=internal_cv fold=0 phase=residual epoch=50 path=/data/adodas/VarCoNet-V2-main/xiaolunwen/experiment2b/checkpoints/worker_r0_latest.pt
[residual_epoch=50/149] residual_loss=0.022517 val_bce=0.707239 best=N best_epoch=1 epoch_sec=5.9 task_elapsed_min=5.7
CHECKPOINT_LATEST repeat=0 scope=internal_cv fold=0 phase=residual epoch=60 path=/data/adodas/VarCoNet-V2-main/xiaolunwen/experiment2b/checkpoints/worker_r0_latest.pt
[residual_epoch=60/149] residual_loss=0.017772 val_bce=0.720072 best=N best_epoch=1 epoch_sec=9.4 task_elapsed_min=5.8
CHECKPOINT_LATEST repeat=0 scope=internal_cv fold=0 phase=residual epoch=70 path=/data/adodas/VarCoNet-V2-main/xiaolunwen/experiment2b/checkpoints/worker_r0_latest.pt
[residual_epoch=70/149] residual_loss=0.014674 val_bce=0.730983 best=N best_epoch=1 epoch_sec=7.8 task_elapsed_min=5.9
CHECKPOINT_LATEST repeat=0 scope=internal_cv fold=0 phase=residual epoch=80 path=/data/adodas/VarCoNet-V2-main/xiaolunwen/experiment2b/checkpoints/worker_r0_latest.pt
[residual_epoch=80/149] residual_loss=0.012473 val_bce=0.740662 best=N best_epoch=1 epoch_sec=6.5 task_elapsed_min=6.1
CHECKPOINT_LATEST repeat=0 scope=internal_cv fold=0 phase=residual epoch=90 path=/data/adodas/VarCoNet-V2-main/xiaolunwen/experiment2b/checkpoints/worker_r0_latest.pt
[residual_epoch=90/149] residual_loss=0.010813 val_bce=0.749474 best=N best_epoch=1 epoch_sec=8.0 task_elapsed_min=6.2
CHECKPOINT_LATEST repeat=0 scope=internal_cv fold=0 phase=residual epoch=100 path=/data/adodas/VarCoNet-V2-main/xiaolunwen/experiment2b/checkpoints/worker_r0_latest.pt
[residual_epoch=100/149] residual_loss=0.009510 val_bce=0.757609 best=N best_epoch=1 epoch_sec=6.4 task_elapsed_min=6.3
CHECKPOINT_LATEST repeat=0 scope=internal_cv fold=0 phase=residual epoch=110 path=/data/adodas/VarCoNet-V2-main/xiaolunwen/experiment2b/checkpoints/worker_r0_latest.pt
[residual_epoch=110/149] residual_loss=0.008456 val_bce=0.765223 best=N best_epoch=1 epoch_sec=6.0 task_elapsed_min=6.4
CHECKPOINT_LATEST repeat=0 scope=internal_cv fold=0 phase=residual epoch=120 path=/data/adodas/VarCoNet-V2-main/xiaolunwen/experiment2b/checkpoints/worker_r0_latest.pt
[residual_epoch=120/149] residual_loss=0.007586 val_bce=0.772392 best=N best_epoch=1 epoch_sec=6.5 task_elapsed_min=6.5
CHECKPOINT_LATEST repeat=0 scope=internal_cv fold=0 phase=residual epoch=130 path=/data/adodas/VarCoNet-V2-main/xiaolunwen/experiment2b/checkpoints/worker_r0_latest.pt
[residual_epoch=130/149] residual_loss=0.006857 val_bce=0.779165 best=N best_epoch=1 epoch_sec=13.8 task_elapsed_min=6.6
CHECKPOINT_LATEST repeat=0 scope=internal_cv fold=0 phase=residual epoch=140 path=/data/adodas/VarCoNet-V2-main/xiaolunwen/experiment2b/checkpoints/worker_r0_latest.pt
[residual_epoch=140/149] residual_loss=0.006237 val_bce=0.785603 best=N best_epoch=1 epoch_sec=6.2 task_elapsed_min=6.9
RESIDUAL_DONE repeat=0 scope=internal_cv fold=0 selected_encoder_epoch=49 selected_classifier_epoch=21 selected_residual_epoch=1 val_bce=0.623598
TASK_TRAINING_DONE repeat=0 scope=internal_cv fold=0 base_epoch=49 dyn_epoch=49 base_val_bce=0.626205 dyn_val_bce=0.623598
TASK_DONE repeat=0 scope=internal_fold fold=0 method=baseline selected_encoder_epoch=49 test_auc=0.738602 test_bce=0.596037 elapsed_min=7.0
TASK_DONE repeat=0 scope=internal_fold fold=0 method=pretransformer_edge_residual selected_encoder_epoch=49 test_auc=0.757345 test_bce=0.587414 elapsed_min=7.0
TASK_START repeat=0 scope=internal_cv fold=1 seed=100001 device=cuda:0 shared_encoder=Y
CHECKPOINT_BEST repeat=0 scope=internal_cv fold=1 phase=ssl epoch=1 path=/data/adodas/VarCoNet-V2-main/xiaolunwen/experiment2b/checkpoints/worker_r0_best.pt
[repeat=0 fold=1] [epoch=1/50] ssl_loss=0.348766 lr=0.00002411 base_val_bce=0.654179 base_best=Y base_cls_epoch=17 epoch_sec=15.5 task_elapsed_min=0.0 gpu_alloc_gb=0.272 gpu_reserved_gb=1.510
[ssl_epoch=1/50] ssl_loss=0.348766 lr=0.00002411 base_val_bce=0.654179 base_best=Y base_cls_epoch=17 epoch_sec=15.6 elapsed_min=0.0 gpu_alloc_gb=0.272 gpu_reserved_gb=1.510
CHECKPOINT_BEST repeat=0 scope=internal_cv fold=1 phase=ssl epoch=2 path=/data/adodas/VarCoNet-V2-main/xiaolunwen/experiment2b/checkpoints/worker_r0_best.pt
[repeat=0 fold=1] [epoch=2/50] ssl_loss=0.195066 lr=0.00003821 base_val_bce=0.651275 base_best=Y base_cls_epoch=17 epoch_sec=11.9 task_elapsed_min=0.3 gpu_alloc_gb=0.272 gpu_reserved_gb=1.510
[ssl_epoch=2/50] ssl_loss=0.195066 lr=0.00003821 base_val_bce=0.651275 base_best=Y base_cls_epoch=17 epoch_sec=12.0 elapsed_min=0.3 gpu_alloc_gb=0.272 gpu_reserved_gb=1.510
[repeat=0 fold=1] [epoch=3/50] ssl_loss=0.131898 lr=0.00005232 base_val_bce=0.656010 base_best=N base_cls_epoch=14 epoch_sec=2.3 task_elapsed_min=0.5 gpu_alloc_gb=0.272 gpu_reserved_gb=1.510
[ssl_epoch=3/50] ssl_loss=0.131898 lr=0.00005232 base_val_bce=0.656010 base_best=N base_cls_epoch=14 epoch_sec=2.5 elapsed_min=0.5 gpu_alloc_gb=0.272 gpu_reserved_gb=1.510
CHECKPOINT_BEST repeat=0 scope=internal_cv fold=1 phase=ssl epoch=4 path=/data/adodas/VarCoNet-V2-main/xiaolunwen/experiment2b/checkpoints/worker_r0_best.pt
[repeat=0 fold=1] [epoch=4/50] ssl_loss=0.123841 lr=0.00006643 base_val_bce=0.644953 base_best=Y base_cls_epoch=11 epoch_sec=9.5 task_elapsed_min=0.6 gpu_alloc_gb=0.272 gpu_reserved_gb=1.510
[ssl_epoch=4/50] ssl_loss=0.123841 lr=0.00006643 base_val_bce=0.644953 base_best=Y base_cls_epoch=11 epoch_sec=9.5 elapsed_min=0.6 gpu_alloc_gb=0.272 gpu_reserved_gb=1.510
[repeat=0 fold=1] [epoch=5/50] ssl_loss=0.104738 lr=0.00008053 base_val_bce=0.650336 base_best=N base_cls_epoch=11 epoch_sec=2.1 task_elapsed_min=0.7 gpu_alloc_gb=0.272 gpu_reserved_gb=1.510
[ssl_epoch=5/50] ssl_loss=0.104738 lr=0.00008053 base_val_bce=0.650336 base_best=N base_cls_epoch=11 epoch_sec=2.2 elapsed_min=0.7 gpu_alloc_gb=0.272 gpu_reserved_gb=1.510
CHECKPOINT_BEST repeat=0 scope=internal_cv fold=1 phase=ssl epoch=6 path=/data/adodas/VarCoNet-V2-main/xiaolunwen/experiment2b/checkpoints/worker_r0_best.pt
[repeat=0 fold=1] [epoch=6/50] ssl_loss=0.077620 lr=0.00009464 base_val_bce=0.643586 base_best=Y base_cls_epoch=12 epoch_sec=10.1 task_elapsed_min=0.8 gpu_alloc_gb=0.272 gpu_reserved_gb=1.510
[ssl_epoch=6/50] ssl_loss=0.077620 lr=0.00009464 base_val_bce=0.643586 base_best=Y base_cls_epoch=12 epoch_sec=10.1 elapsed_min=0.8 gpu_alloc_gb=0.272 gpu_reserved_gb=1.510
[repeat=0 fold=1] [epoch=7/50] ssl_loss=0.091926 lr=0.00010875 base_val_bce=0.646167 base_best=N base_cls_epoch=10 epoch_sec=2.2 task_elapsed_min=0.9 gpu_alloc_gb=0.272 gpu_reserved_gb=1.510
[ssl_epoch=7/50] ssl_loss=0.091926 lr=0.00010875 base_val_bce=0.646167 base_best=N base_cls_epoch=10 epoch_sec=2.2 elapsed_min=0.9 gpu_alloc_gb=0.272 gpu_reserved_gb=1.510
[repeat=0 fold=1] [epoch=8/50] ssl_loss=0.087026 lr=0.00012285 base_val_bce=0.653667 base_best=N base_cls_epoch=9 epoch_sec=3.2 task_elapsed_min=1.0 gpu_alloc_gb=0.272 gpu_reserved_gb=1.510
[ssl_epoch=8/50] ssl_loss=0.087026 lr=0.00012285 base_val_bce=0.653667 base_best=N base_cls_epoch=9 epoch_sec=3.3 elapsed_min=1.0 gpu_alloc_gb=0.272 gpu_reserved_gb=1.510
[repeat=0 fold=1] [epoch=9/50] ssl_loss=0.083508 lr=0.00013696 base_val_bce=0.648063 base_best=N base_cls_epoch=11 epoch_sec=3.4 task_elapsed_min=1.0 gpu_alloc_gb=0.272 gpu_reserved_gb=1.510
[ssl_epoch=9/50] ssl_loss=0.083508 lr=0.00013696 base_val_bce=0.648063 base_best=N base_cls_epoch=11 epoch_sec=3.5 elapsed_min=1.0 gpu_alloc_gb=0.272 gpu_reserved_gb=1.510
CHECKPOINT_LATEST repeat=0 scope=internal_cv fold=1 phase=ssl epoch=10 path=/data/adodas/VarCoNet-V2-main/xiaolunwen/experiment2b/checkpoints/worker_r0_latest.pt
[repeat=0 fold=1] [epoch=10/50] ssl_loss=0.078319 lr=0.00013696 base_val_bce=0.648124 base_best=N base_cls_epoch=10 epoch_sec=16.2 task_elapsed_min=1.1 gpu_alloc_gb=0.272 gpu_reserved_gb=1.510
[ssl_epoch=10/50] ssl_loss=0.078319 lr=0.00013696 base_val_bce=0.648124 base_best=N base_cls_epoch=10 epoch_sec=16.2 elapsed_min=1.1 gpu_alloc_gb=0.272 gpu_reserved_gb=1.510
CHECKPOINT_BEST repeat=0 scope=internal_cv fold=1 phase=ssl epoch=11 path=/data/adodas/VarCoNet-V2-main/xiaolunwen/experiment2b/checkpoints/worker_r0_best.pt
[repeat=0 fold=1] [epoch=11/50] ssl_loss=0.067612 lr=0.00013675 base_val_bce=0.634530 base_best=Y base_cls_epoch=11 epoch_sec=13.5 task_elapsed_min=1.4 gpu_alloc_gb=0.272 gpu_reserved_gb=1.510
[ssl_epoch=11/50] ssl_loss=0.067612 lr=0.00013675 base_val_bce=0.634530 base_best=Y base_cls_epoch=11 epoch_sec=13.6 elapsed_min=1.4 gpu_alloc_gb=0.272 gpu_reserved_gb=1.510
[repeat=0 fold=1] [epoch=12/50] ssl_loss=0.074823 lr=0.00013612 base_val_bce=0.653230 base_best=N base_cls_epoch=10 epoch_sec=5.8 task_elapsed_min=1.6 gpu_alloc_gb=0.272 gpu_reserved_gb=1.510
[ssl_epoch=12/50] ssl_loss=0.074823 lr=0.00013612 base_val_bce=0.653230 base_best=N base_cls_epoch=10 epoch_sec=6.1 elapsed_min=1.6 gpu_alloc_gb=0.272 gpu_reserved_gb=1.510
[repeat=0 fold=1] [epoch=13/50] ssl_loss=0.070601 lr=0.00013507 base_val_bce=0.648239 base_best=N base_cls_epoch=16 epoch_sec=2.6 task_elapsed_min=1.7 gpu_alloc_gb=0.272 gpu_reserved_gb=1.510
[ssl_epoch=13/50] ssl_loss=0.070601 lr=0.00013507 base_val_bce=0.648239 base_best=N base_cls_epoch=16 epoch_sec=3.1 elapsed_min=1.7 gpu_alloc_gb=0.272 gpu_reserved_gb=1.510
[repeat=0 fold=1] [epoch=14/50] ssl_loss=0.053721 lr=0.00013361 base_val_bce=0.649996 base_best=N base_cls_epoch=11 epoch_sec=3.7 task_elapsed_min=1.8 gpu_alloc_gb=0.272 gpu_reserved_gb=1.510
[ssl_epoch=14/50] ssl_loss=0.053721 lr=0.00013361 base_val_bce=0.649996 base_best=N base_cls_epoch=11 epoch_sec=3.7 elapsed_min=1.8 gpu_alloc_gb=0.272 gpu_reserved_gb=1.510
[repeat=0 fold=1] [epoch=15/50] ssl_loss=0.063134 lr=0.00013175 base_val_bce=0.650863 base_best=N base_cls_epoch=11 epoch_sec=2.7 task_elapsed_min=1.8 gpu_alloc_gb=0.272 gpu_reserved_gb=1.510
[ssl_epoch=15/50] ssl_loss=0.063134 lr=0.00013175 base_val_bce=0.650863 base_best=N base_cls_epoch=11 epoch_sec=2.9 elapsed_min=1.8 gpu_alloc_gb=0.272 gpu_reserved_gb=1.510
[repeat=0 fold=1] [epoch=16/50] ssl_loss=0.071506 lr=0.00012950 base_val_bce=0.641179 base_best=N base_cls_epoch=16 epoch_sec=2.0 task_elapsed_min=1.8 gpu_alloc_gb=0.272 gpu_reserved_gb=1.510
[ssl_epoch=16/50] ssl_loss=0.071506 lr=0.00012950 base_val_bce=0.641179 base_best=N base_cls_epoch=16 epoch_sec=3.2 elapsed_min=1.8 gpu_alloc_gb=0.272 gpu_reserved_gb=1.510
CHECKPOINT_BEST repeat=0 scope=internal_cv fold=1 phase=ssl epoch=17 path=/data/adodas/VarCoNet-V2-main/xiaolunwen/experiment2b/checkpoints/worker_r0_best.pt
[repeat=0 fold=1] [epoch=17/50] ssl_loss=0.055766 lr=0.00012687 base_val_bce=0.630043 base_best=Y base_cls_epoch=11 epoch_sec=11.3 task_elapsed_min=1.9 gpu_alloc_gb=0.272 gpu_reserved_gb=1.510
[ssl_epoch=17/50] ssl_loss=0.055766 lr=0.00012687 base_val_bce=0.630043 base_best=Y base_cls_epoch=11 epoch_sec=11.3 elapsed_min=1.9 gpu_alloc_gb=0.272 gpu_reserved_gb=1.510
[repeat=0 fold=1] [epoch=18/50] ssl_loss=0.058663 lr=0.00012388 base_val_bce=0.652083 base_best=N base_cls_epoch=17 epoch_sec=4.9 task_elapsed_min=2.1 gpu_alloc_gb=0.272 gpu_reserved_gb=1.510
[ssl_epoch=18/50] ssl_loss=0.058663 lr=0.00012388 base_val_bce=0.652083 base_best=N base_cls_epoch=17 epoch_sec=4.9 elapsed_min=2.1 gpu_alloc_gb=0.272 gpu_reserved_gb=1.510
[repeat=0 fold=1] [epoch=19/50] ssl_loss=0.053417 lr=0.00012055 base_val_bce=0.643240 base_best=N base_cls_epoch=13 epoch_sec=4.0 task_elapsed_min=2.2 gpu_alloc_gb=0.272 gpu_reserved_gb=1.510
[ssl_epoch=19/50] ssl_loss=0.053417 lr=0.00012055 base_val_bce=0.643240 base_best=N base_cls_epoch=13 epoch_sec=4.7 elapsed_min=2.2 gpu_alloc_gb=0.272 gpu_reserved_gb=1.510
CHECKPOINT_LATEST repeat=0 scope=internal_cv fold=1 phase=ssl epoch=20 path=/data/adodas/VarCoNet-V2-main/xiaolunwen/experiment2b/checkpoints/worker_r0_latest.pt
[repeat=0 fold=1] [epoch=20/50] ssl_loss=0.050814 lr=0.00011690 base_val_bce=0.648854 base_best=N base_cls_epoch=14 epoch_sec=13.1 task_elapsed_min=2.3 gpu_alloc_gb=0.272 gpu_reserved_gb=1.510
[ssl_epoch=20/50] ssl_loss=0.050814 lr=0.00011690 base_val_bce=0.648854 base_best=N base_cls_epoch=14 epoch_sec=13.2 elapsed_min=2.3 gpu_alloc_gb=0.272 gpu_reserved_gb=1.510
[repeat=0 fold=1] [epoch=21/50] ssl_loss=0.049145 lr=0.00011296 base_val_bce=0.648475 base_best=N base_cls_epoch=12 epoch_sec=3.0 task_elapsed_min=2.5 gpu_alloc_gb=0.272 gpu_reserved_gb=1.510
[ssl_epoch=21/50] ssl_loss=0.049145 lr=0.00011296 base_val_bce=0.648475 base_best=N base_cls_epoch=12 epoch_sec=3.0 elapsed_min=2.5 gpu_alloc_gb=0.272 gpu_reserved_gb=1.510
[repeat=0 fold=1] [epoch=22/50] ssl_loss=0.051981 lr=0.00010873 base_val_bce=0.637608 base_best=N base_cls_epoch=12 epoch_sec=2.7 task_elapsed_min=2.5 gpu_alloc_gb=0.272 gpu_reserved_gb=1.510
[ssl_epoch=22/50] ssl_loss=0.051981 lr=0.00010873 base_val_bce=0.637608 base_best=N base_cls_epoch=12 epoch_sec=2.9 elapsed_min=2.5 gpu_alloc_gb=0.272 gpu_reserved_gb=1.510
[repeat=0 fold=1] [epoch=23/50] ssl_loss=0.053925 lr=0.00010426 base_val_bce=0.649615 base_best=N base_cls_epoch=17 epoch_sec=4.4 task_elapsed_min=2.6 gpu_alloc_gb=0.272 gpu_reserved_gb=1.510
[ssl_epoch=23/50] ssl_loss=0.053925 lr=0.00010426 base_val_bce=0.649615 base_best=N base_cls_epoch=17 epoch_sec=4.8 elapsed_min=2.6 gpu_alloc_gb=0.272 gpu_reserved_gb=1.510
[repeat=0 fold=1] [epoch=24/50] ssl_loss=0.069886 lr=0.00009957 base_val_bce=0.643052 base_best=N base_cls_epoch=13 epoch_sec=3.6 task_elapsed_min=2.7 gpu_alloc_gb=0.272 gpu_reserved_gb=1.510
[ssl_epoch=24/50] ssl_loss=0.069886 lr=0.00009957 base_val_bce=0.643052 base_best=N base_cls_epoch=13 epoch_sec=3.7 elapsed_min=2.7 gpu_alloc_gb=0.272 gpu_reserved_gb=1.510
[repeat=0 fold=1] [epoch=25/50] ssl_loss=0.067686 lr=0.00009469 base_val_bce=0.632359 base_best=N base_cls_epoch=16 epoch_sec=3.5 task_elapsed_min=2.7 gpu_alloc_gb=0.272 gpu_reserved_gb=1.510
[ssl_epoch=25/50] ssl_loss=0.067686 lr=0.00009469 base_val_bce=0.632359 base_best=N base_cls_epoch=16 epoch_sec=3.6 elapsed_min=2.7 gpu_alloc_gb=0.272 gpu_reserved_gb=1.510
[repeat=0 fold=1] [epoch=26/50] ssl_loss=0.045567 lr=0.00008964 base_val_bce=0.630474 base_best=N base_cls_epoch=16 epoch_sec=4.4 task_elapsed_min=2.8 gpu_alloc_gb=0.272 gpu_reserved_gb=1.510
[ssl_epoch=26/50] ssl_loss=0.045567 lr=0.00008964 base_val_bce=0.630474 base_best=N base_cls_epoch=16 epoch_sec=4.8 elapsed_min=2.8 gpu_alloc_gb=0.272 gpu_reserved_gb=1.510
[repeat=0 fold=1] [epoch=27/50] ssl_loss=0.056170 lr=0.00008447 base_val_bce=0.642983 base_best=N base_cls_epoch=13 epoch_sec=3.1 task_elapsed_min=2.9 gpu_alloc_gb=0.272 gpu_reserved_gb=1.510
[ssl_epoch=27/50] ssl_loss=0.056170 lr=0.00008447 base_val_bce=0.642983 base_best=N base_cls_epoch=13 epoch_sec=3.7 elapsed_min=2.9 gpu_alloc_gb=0.272 gpu_reserved_gb=1.510
[repeat=0 fold=1] [epoch=28/50] ssl_loss=0.059635 lr=0.00007919 base_val_bce=0.639735 base_best=N base_cls_epoch=13 epoch_sec=3.7 task_elapsed_min=3.0 gpu_alloc_gb=0.272 gpu_reserved_gb=1.510
[ssl_epoch=28/50] ssl_loss=0.059635 lr=0.00007919 base_val_bce=0.639735 base_best=N base_cls_epoch=13 epoch_sec=3.7 elapsed_min=3.0 gpu_alloc_gb=0.272 gpu_reserved_gb=1.510
[repeat=0 fold=1] [epoch=29/50] ssl_loss=0.057168 lr=0.00007385 base_val_bce=0.633680 base_best=N base_cls_epoch=15 epoch_sec=3.7 task_elapsed_min=3.0 gpu_alloc_gb=0.272 gpu_reserved_gb=1.510
[ssl_epoch=29/50] ssl_loss=0.057168 lr=0.00007385 base_val_bce=0.633680 base_best=N base_cls_epoch=15 epoch_sec=3.7 elapsed_min=3.0 gpu_alloc_gb=0.272 gpu_reserved_gb=1.510
CHECKPOINT_LATEST repeat=0 scope=internal_cv fold=1 phase=ssl epoch=30 path=/data/adodas/VarCoNet-V2-main/xiaolunwen/experiment2b/checkpoints/worker_r0_latest.pt
[repeat=0 fold=1] [epoch=30/50] ssl_loss=0.052014 lr=0.00006848 base_val_bce=0.638662 base_best=N base_cls_epoch=14 epoch_sec=9.5 task_elapsed_min=3.1 gpu_alloc_gb=0.272 gpu_reserved_gb=1.510
[ssl_epoch=30/50] ssl_loss=0.052014 lr=0.00006848 base_val_bce=0.638662 base_best=N base_cls_epoch=14 epoch_sec=9.5 elapsed_min=3.1 gpu_alloc_gb=0.272 gpu_reserved_gb=1.510
[repeat=0 fold=1] [epoch=31/50] ssl_loss=0.045257 lr=0.00006311 base_val_bce=0.640830 base_best=N base_cls_epoch=13 epoch_sec=3.5 task_elapsed_min=3.2 gpu_alloc_gb=0.272 gpu_reserved_gb=1.510
[ssl_epoch=31/50] ssl_loss=0.045257 lr=0.00006311 base_val_bce=0.640830 base_best=N base_cls_epoch=13 epoch_sec=3.5 elapsed_min=3.2 gpu_alloc_gb=0.272 gpu_reserved_gb=1.510
[repeat=0 fold=1] [epoch=32/50] ssl_loss=0.051906 lr=0.00005777 base_val_bce=0.642539 base_best=N base_cls_epoch=13 epoch_sec=4.4 task_elapsed_min=3.3 gpu_alloc_gb=0.272 gpu_reserved_gb=1.510
[ssl_epoch=32/50] ssl_loss=0.051906 lr=0.00005777 base_val_bce=0.642539 base_best=N base_cls_epoch=13 epoch_sec=5.0 elapsed_min=3.3 gpu_alloc_gb=0.272 gpu_reserved_gb=1.510
[repeat=0 fold=1] [epoch=33/50] ssl_loss=0.046542 lr=0.00005249 base_val_bce=0.645565 base_best=N base_cls_epoch=17 epoch_sec=3.7 task_elapsed_min=3.4 gpu_alloc_gb=0.272 gpu_reserved_gb=1.510
[ssl_epoch=33/50] ssl_loss=0.046542 lr=0.00005249 base_val_bce=0.645565 base_best=N base_cls_epoch=17 epoch_sec=3.8 elapsed_min=3.4 gpu_alloc_gb=0.272 gpu_reserved_gb=1.510
[repeat=0 fold=1] [epoch=34/50] ssl_loss=0.042799 lr=0.00004732 base_val_bce=0.647541 base_best=N base_cls_epoch=18 epoch_sec=3.3 task_elapsed_min=3.4 gpu_alloc_gb=0.272 gpu_reserved_gb=1.510
[ssl_epoch=34/50] ssl_loss=0.042799 lr=0.00004732 base_val_bce=0.647541 base_best=N base_cls_epoch=18 epoch_sec=3.6 elapsed_min=3.4 gpu_alloc_gb=0.272 gpu_reserved_gb=1.510
[repeat=0 fold=1] [epoch=35/50] ssl_loss=0.051308 lr=0.00004227 base_val_bce=0.643610 base_best=N base_cls_epoch=14 epoch_sec=3.3 task_elapsed_min=3.5 gpu_alloc_gb=0.272 gpu_reserved_gb=1.510
[ssl_epoch=35/50] ssl_loss=0.051308 lr=0.00004227 base_val_bce=0.643610 base_best=N base_cls_epoch=14 epoch_sec=3.3 elapsed_min=3.5 gpu_alloc_gb=0.272 gpu_reserved_gb=1.510
[repeat=0 fold=1] [epoch=36/50] ssl_loss=0.064615 lr=0.00003739 base_val_bce=0.655174 base_best=N base_cls_epoch=15 epoch_sec=3.3 task_elapsed_min=3.5 gpu_alloc_gb=0.272 gpu_reserved_gb=1.510
[ssl_epoch=36/50] ssl_loss=0.064615 lr=0.00003739 base_val_bce=0.655174 base_best=N base_cls_epoch=15 epoch_sec=3.5 elapsed_min=3.5 gpu_alloc_gb=0.272 gpu_reserved_gb=1.510
[repeat=0 fold=1] [epoch=37/50] ssl_loss=0.057180 lr=0.00003270 base_val_bce=0.631815 base_best=N base_cls_epoch=17 epoch_sec=3.8 task_elapsed_min=3.6 gpu_alloc_gb=0.272 gpu_reserved_gb=1.510
[ssl_epoch=37/50] ssl_loss=0.057180 lr=0.00003270 base_val_bce=0.631815 base_best=N base_cls_epoch=17 epoch_sec=3.8 elapsed_min=3.6 gpu_alloc_gb=0.272 gpu_reserved_gb=1.510
[repeat=0 fold=1] [epoch=38/50] ssl_loss=0.045251 lr=0.00002823 base_val_bce=0.645803 base_best=N base_cls_epoch=13 epoch_sec=3.9 task_elapsed_min=3.7 gpu_alloc_gb=0.272 gpu_reserved_gb=1.510
[ssl_epoch=38/50] ssl_loss=0.045251 lr=0.00002823 base_val_bce=0.645803 base_best=N base_cls_epoch=13 epoch_sec=3.9 elapsed_min=3.7 gpu_alloc_gb=0.272 gpu_reserved_gb=1.510
[repeat=0 fold=1] [epoch=39/50] ssl_loss=0.048734 lr=0.00002401 base_val_bce=0.641841 base_best=N base_cls_epoch=17 epoch_sec=3.2 task_elapsed_min=3.7 gpu_alloc_gb=0.272 gpu_reserved_gb=1.510
[ssl_epoch=39/50] ssl_loss=0.048734 lr=0.00002401 base_val_bce=0.641841 base_best=N base_cls_epoch=17 epoch_sec=3.2 elapsed_min=3.7 gpu_alloc_gb=0.272 gpu_reserved_gb=1.510
CHECKPOINT_LATEST repeat=0 scope=internal_cv fold=1 phase=ssl epoch=40 path=/data/adodas/VarCoNet-V2-main/xiaolunwen/experiment2b/checkpoints/worker_r0_latest.pt
[repeat=0 fold=1] [epoch=40/50] ssl_loss=0.053063 lr=0.00002006 base_val_bce=0.638536 base_best=N base_cls_epoch=13 epoch_sec=5.5 task_elapsed_min=3.8 gpu_alloc_gb=0.272 gpu_reserved_gb=1.510
[ssl_epoch=40/50] ssl_loss=0.053063 lr=0.00002006 base_val_bce=0.638536 base_best=N base_cls_epoch=13 epoch_sec=5.5 elapsed_min=3.8 gpu_alloc_gb=0.272 gpu_reserved_gb=1.510
[repeat=0 fold=1] [epoch=41/50] ssl_loss=0.055338 lr=0.00001641 base_val_bce=0.642479 base_best=N base_cls_epoch=14 epoch_sec=3.4 task_elapsed_min=3.9 gpu_alloc_gb=0.272 gpu_reserved_gb=1.510
[ssl_epoch=41/50] ssl_loss=0.055338 lr=0.00001641 base_val_bce=0.642479 base_best=N base_cls_epoch=14 epoch_sec=3.4 elapsed_min=3.9 gpu_alloc_gb=0.272 gpu_reserved_gb=1.510
[repeat=0 fold=1] [epoch=42/50] ssl_loss=0.054833 lr=0.00001308 base_val_bce=0.646001 base_best=N base_cls_epoch=14 epoch_sec=2.3 task_elapsed_min=3.9 gpu_alloc_gb=0.272 gpu_reserved_gb=1.510
[ssl_epoch=42/50] ssl_loss=0.054833 lr=0.00001308 base_val_bce=0.646001 base_best=N base_cls_epoch=14 epoch_sec=2.8 elapsed_min=3.9 gpu_alloc_gb=0.272 gpu_reserved_gb=1.510
[repeat=0 fold=1] [epoch=43/50] ssl_loss=0.045523 lr=0.00001009 base_val_bce=0.635774 base_best=N base_cls_epoch=14 epoch_sec=2.2 task_elapsed_min=4.0 gpu_alloc_gb=0.272 gpu_reserved_gb=1.510
[ssl_epoch=43/50] ssl_loss=0.045523 lr=0.00001009 base_val_bce=0.635774 base_best=N base_cls_epoch=14 epoch_sec=3.0 elapsed_min=4.0 gpu_alloc_gb=0.272 gpu_reserved_gb=1.510
[repeat=0 fold=1] [epoch=44/50] ssl_loss=0.054054 lr=0.00000746 base_val_bce=0.653197 base_best=N base_cls_epoch=17 epoch_sec=3.1 task_elapsed_min=4.0 gpu_alloc_gb=0.272 gpu_reserved_gb=1.510
[ssl_epoch=44/50] ssl_loss=0.054054 lr=0.00000746 base_val_bce=0.653197 base_best=N base_cls_epoch=17 epoch_sec=3.3 elapsed_min=4.0 gpu_alloc_gb=0.272 gpu_reserved_gb=1.510
[repeat=0 fold=1] [epoch=45/50] ssl_loss=0.053211 lr=0.00000521 base_val_bce=0.647061 base_best=N base_cls_epoch=14 epoch_sec=3.4 task_elapsed_min=4.1 gpu_alloc_gb=0.272 gpu_reserved_gb=1.510
[ssl_epoch=45/50] ssl_loss=0.053211 lr=0.00000521 base_val_bce=0.647061 base_best=N base_cls_epoch=14 epoch_sec=3.4 elapsed_min=4.1 gpu_alloc_gb=0.272 gpu_reserved_gb=1.510
[repeat=0 fold=1] [epoch=46/50] ssl_loss=0.049370 lr=0.00000335 base_val_bce=0.639821 base_best=N base_cls_epoch=13 epoch_sec=3.8 task_elapsed_min=4.2 gpu_alloc_gb=0.272 gpu_reserved_gb=1.510
[ssl_epoch=46/50] ssl_loss=0.049370 lr=0.00000335 base_val_bce=0.639821 base_best=N base_cls_epoch=13 epoch_sec=3.8 elapsed_min=4.2 gpu_alloc_gb=0.272 gpu_reserved_gb=1.510
[repeat=0 fold=1] [epoch=47/50] ssl_loss=0.048894 lr=0.00000189 base_val_bce=0.642350 base_best=N base_cls_epoch=15 epoch_sec=2.7 task_elapsed_min=4.2 gpu_alloc_gb=0.272 gpu_reserved_gb=1.510
[ssl_epoch=47/50] ssl_loss=0.048894 lr=0.00000189 base_val_bce=0.642350 base_best=N base_cls_epoch=15 epoch_sec=2.8 elapsed_min=4.2 gpu_alloc_gb=0.272 gpu_reserved_gb=1.510
[repeat=0 fold=1] [epoch=48/50] ssl_loss=0.049964 lr=0.00000084 base_val_bce=0.640023 base_best=N base_cls_epoch=13 epoch_sec=2.8 task_elapsed_min=4.3 gpu_alloc_gb=0.272 gpu_reserved_gb=1.510
[ssl_epoch=48/50] ssl_loss=0.049964 lr=0.00000084 base_val_bce=0.640023 base_best=N base_cls_epoch=13 epoch_sec=2.9 elapsed_min=4.3 gpu_alloc_gb=0.272 gpu_reserved_gb=1.510
[repeat=0 fold=1] [epoch=49/50] ssl_loss=0.045036 lr=0.00000021 base_val_bce=0.640830 base_best=N base_cls_epoch=15 epoch_sec=2.4 task_elapsed_min=4.3 gpu_alloc_gb=0.272 gpu_reserved_gb=1.510
[ssl_epoch=49/50] ssl_loss=0.045036 lr=0.00000021 base_val_bce=0.640830 base_best=N base_cls_epoch=15 epoch_sec=2.4 elapsed_min=4.3 gpu_alloc_gb=0.272 gpu_reserved_gb=1.510
CHECKPOINT_LATEST repeat=0 scope=internal_cv fold=1 phase=ssl epoch=50 path=/data/adodas/VarCoNet-V2-main/xiaolunwen/experiment2b/checkpoints/worker_r0_latest.pt
[repeat=0 fold=1] [epoch=50/50] ssl_loss=0.057202 lr=0.00000000 base_val_bce=0.644849 base_best=N base_cls_epoch=17 epoch_sec=8.8 task_elapsed_min=4.4 gpu_alloc_gb=0.272 gpu_reserved_gb=1.510
[ssl_epoch=50/50] ssl_loss=0.057202 lr=0.00000000 base_val_bce=0.644849 base_best=N base_cls_epoch=17 epoch_sec=8.8 elapsed_min=4.4 gpu_alloc_gb=0.272 gpu_reserved_gb=1.510
RESIDUAL_EPOCH repeat=0 scope=internal_cv fold=1 epoch=0 val_bce=0.630043 best=Y dynamic_dim=73536
CHECKPOINT_BEST repeat=0 scope=internal_cv fold=1 phase=residual epoch=2 path=/data/adodas/VarCoNet-V2-main/xiaolunwen/experiment2b/checkpoints/worker_r0_best.pt
[residual_epoch=2/149] residual_loss=0.466845 val_bce=0.628291 best=Y best_epoch=2 epoch_sec=3.2 task_elapsed_min=4.5
CHECKPOINT_BEST repeat=0 scope=internal_cv fold=1 phase=residual epoch=5 path=/data/adodas/VarCoNet-V2-main/xiaolunwen/experiment2b/checkpoints/worker_r0_best.pt
[residual_epoch=5/149] residual_loss=0.397160 val_bce=0.623224 best=Y best_epoch=5 epoch_sec=4.1 task_elapsed_min=4.5
CHECKPOINT_BEST repeat=0 scope=internal_cv fold=1 phase=residual epoch=8 path=/data/adodas/VarCoNet-V2-main/xiaolunwen/experiment2b/checkpoints/worker_r0_best.pt
[residual_epoch=8/149] residual_loss=0.350644 val_bce=0.622056 best=Y best_epoch=8 epoch_sec=3.4 task_elapsed_min=4.6
CHECKPOINT_LATEST repeat=0 scope=internal_cv fold=1 phase=residual epoch=10 path=/data/adodas/VarCoNet-V2-main/xiaolunwen/experiment2b/checkpoints/worker_r0_latest.pt
[residual_epoch=10/149] residual_loss=0.321566 val_bce=0.628935 best=N best_epoch=8 epoch_sec=3.1 task_elapsed_min=4.7
CHECKPOINT_BEST repeat=0 scope=internal_cv fold=1 phase=residual epoch=12 path=/data/adodas/VarCoNet-V2-main/xiaolunwen/experiment2b/checkpoints/worker_r0_best.pt
[residual_epoch=12/149] residual_loss=0.294989 val_bce=0.621388 best=Y best_epoch=12 epoch_sec=3.4 task_elapsed_min=4.7
CHECKPOINT_BEST repeat=0 scope=internal_cv fold=1 phase=residual epoch=15 path=/data/adodas/VarCoNet-V2-main/xiaolunwen/experiment2b/checkpoints/worker_r0_best.pt
[residual_epoch=15/149] residual_loss=0.261685 val_bce=0.621350 best=Y best_epoch=15 epoch_sec=2.8 task_elapsed_min=4.8
CHECKPOINT_LATEST repeat=0 scope=internal_cv fold=1 phase=residual epoch=20 path=/data/adodas/VarCoNet-V2-main/xiaolunwen/experiment2b/checkpoints/worker_r0_latest.pt
[residual_epoch=20/149] residual_loss=0.213415 val_bce=0.623779 best=N best_epoch=15 epoch_sec=0.9 task_elapsed_min=4.8
CHECKPOINT_LATEST repeat=0 scope=internal_cv fold=1 phase=residual epoch=30 path=/data/adodas/VarCoNet-V2-main/xiaolunwen/experiment2b/checkpoints/worker_r0_latest.pt
[residual_epoch=30/149] residual_loss=0.146833 val_bce=0.628693 best=N best_epoch=15 epoch_sec=0.9 task_elapsed_min=4.8
CHECKPOINT_LATEST repeat=0 scope=internal_cv fold=1 phase=residual epoch=40 path=/data/adodas/VarCoNet-V2-main/xiaolunwen/experiment2b/checkpoints/worker_r0_latest.pt
[residual_epoch=40/149] residual_loss=0.106151 val_bce=0.635635 best=N best_epoch=15 epoch_sec=0.4 task_elapsed_min=4.8
CHECKPOINT_LATEST repeat=0 scope=internal_cv fold=1 phase=residual epoch=50 path=/data/adodas/VarCoNet-V2-main/xiaolunwen/experiment2b/checkpoints/worker_r0_latest.pt
[residual_epoch=50/149] residual_loss=0.080466 val_bce=0.642965 best=N best_epoch=15 epoch_sec=0.7 task_elapsed_min=4.9
CHECKPOINT_LATEST repeat=0 scope=internal_cv fold=1 phase=residual epoch=60 path=/data/adodas/VarCoNet-V2-main/xiaolunwen/experiment2b/checkpoints/worker_r0_latest.pt
[residual_epoch=60/149] residual_loss=0.063594 val_bce=0.650986 best=N best_epoch=15 epoch_sec=1.1 task_elapsed_min=4.9
CHECKPOINT_LATEST repeat=0 scope=internal_cv fold=1 phase=residual epoch=70 path=/data/adodas/VarCoNet-V2-main/xiaolunwen/experiment2b/checkpoints/worker_r0_latest.pt
[residual_epoch=70/149] residual_loss=0.051983 val_bce=0.658856 best=N best_epoch=15 epoch_sec=2.3 task_elapsed_min=4.9
CHECKPOINT_LATEST repeat=0 scope=internal_cv fold=1 phase=residual epoch=80 path=/data/adodas/VarCoNet-V2-main/xiaolunwen/experiment2b/checkpoints/worker_r0_latest.pt
[residual_epoch=80/149] residual_loss=0.043613 val_bce=0.666223 best=N best_epoch=15 epoch_sec=4.7 task_elapsed_min=4.9
CHECKPOINT_LATEST repeat=0 scope=internal_cv fold=1 phase=residual epoch=90 path=/data/adodas/VarCoNet-V2-main/xiaolunwen/experiment2b/checkpoints/worker_r0_latest.pt
[residual_epoch=90/149] residual_loss=0.037333 val_bce=0.673238 best=N best_epoch=15 epoch_sec=4.4 task_elapsed_min=5.0
CHECKPOINT_LATEST repeat=0 scope=internal_cv fold=1 phase=residual epoch=100 path=/data/adodas/VarCoNet-V2-main/xiaolunwen/experiment2b/checkpoints/worker_r0_latest.pt
[residual_epoch=100/149] residual_loss=0.032466 val_bce=0.679993 best=N best_epoch=15 epoch_sec=1.4 task_elapsed_min=5.1
CHECKPOINT_LATEST repeat=0 scope=internal_cv fold=1 phase=residual epoch=110 path=/data/adodas/VarCoNet-V2-main/xiaolunwen/experiment2b/checkpoints/worker_r0_latest.pt
[residual_epoch=110/149] residual_loss=0.028592 val_bce=0.686540 best=N best_epoch=15 epoch_sec=2.6 task_elapsed_min=5.1
CHECKPOINT_LATEST repeat=0 scope=internal_cv fold=1 phase=residual epoch=120 path=/data/adodas/VarCoNet-V2-main/xiaolunwen/experiment2b/checkpoints/worker_r0_latest.pt
[residual_epoch=120/149] residual_loss=0.025441 val_bce=0.692893 best=N best_epoch=15 epoch_sec=3.9 task_elapsed_min=5.1
CHECKPOINT_LATEST repeat=0 scope=internal_cv fold=1 phase=residual epoch=130 path=/data/adodas/VarCoNet-V2-main/xiaolunwen/experiment2b/checkpoints/worker_r0_latest.pt
[residual_epoch=130/149] residual_loss=0.022835 val_bce=0.699005 best=N best_epoch=15 epoch_sec=4.2 task_elapsed_min=5.2
CHECKPOINT_LATEST repeat=0 scope=internal_cv fold=1 phase=residual epoch=140 path=/data/adodas/VarCoNet-V2-main/xiaolunwen/experiment2b/checkpoints/worker_r0_latest.pt
[residual_epoch=140/149] residual_loss=0.020647 val_bce=0.704868 best=N best_epoch=15 epoch_sec=1.3 task_elapsed_min=5.3
RESIDUAL_DONE repeat=0 scope=internal_cv fold=1 selected_encoder_epoch=17 selected_classifier_epoch=11 selected_residual_epoch=15 val_bce=0.621350
TASK_TRAINING_DONE repeat=0 scope=internal_cv fold=1 base_epoch=17 dyn_epoch=17 base_val_bce=0.630043 dyn_val_bce=0.621350
TASK_DONE repeat=0 scope=internal_fold fold=1 method=baseline selected_encoder_epoch=17 test_auc=0.739615 test_bce=0.616083 elapsed_min=5.3
TASK_DONE repeat=0 scope=internal_fold fold=1 method=pretransformer_edge_residual selected_encoder_epoch=17 test_auc=0.702128 test_bce=0.619253 elapsed_min=5.3
TASK_START repeat=0 scope=internal_cv fold=2 seed=100002 device=cuda:0 shared_encoder=Y
CHECKPOINT_BEST repeat=0 scope=internal_cv fold=2 phase=ssl epoch=1 path=/data/adodas/VarCoNet-V2-main/xiaolunwen/experiment2b/checkpoints/worker_r0_best.pt
[repeat=0 fold=2] [epoch=1/50] ssl_loss=0.437153 lr=0.00002411 base_val_bce=0.610625 base_best=Y base_cls_epoch=68 epoch_sec=4.5 task_elapsed_min=0.1 gpu_alloc_gb=0.272 gpu_reserved_gb=1.510
[ssl_epoch=1/50] ssl_loss=0.437153 lr=0.00002411 base_val_bce=0.610625 base_best=Y base_cls_epoch=68 epoch_sec=4.9 elapsed_min=0.1 gpu_alloc_gb=0.272 gpu_reserved_gb=1.510
CHECKPOINT_BEST repeat=0 scope=internal_cv fold=2 phase=ssl epoch=2 path=/data/adodas/VarCoNet-V2-main/xiaolunwen/experiment2b/checkpoints/worker_r0_best.pt
[repeat=0 fold=2] [epoch=2/50] ssl_loss=0.220934 lr=0.00003821 base_val_bce=0.610255 base_best=Y base_cls_epoch=51 epoch_sec=8.3 task_elapsed_min=0.2 gpu_alloc_gb=0.272 gpu_reserved_gb=1.510
[ssl_epoch=2/50] ssl_loss=0.220934 lr=0.00003821 base_val_bce=0.610255 base_best=Y base_cls_epoch=51 epoch_sec=8.6 elapsed_min=0.2 gpu_alloc_gb=0.272 gpu_reserved_gb=1.510
CHECKPOINT_BEST repeat=0 scope=internal_cv fold=2 phase=ssl epoch=3 path=/data/adodas/VarCoNet-V2-main/xiaolunwen/experiment2b/checkpoints/worker_r0_best.pt
[repeat=0 fold=2] [epoch=3/50] ssl_loss=0.132614 lr=0.00005232 base_val_bce=0.599358 base_best=Y base_cls_epoch=57 epoch_sec=4.4 task_elapsed_min=0.3 gpu_alloc_gb=0.272 gpu_reserved_gb=1.510
[ssl_epoch=3/50] ssl_loss=0.132614 lr=0.00005232 base_val_bce=0.599358 base_best=Y base_cls_epoch=57 epoch_sec=4.4 elapsed_min=0.3 gpu_alloc_gb=0.272 gpu_reserved_gb=1.510
CHECKPOINT_BEST repeat=0 scope=internal_cv fold=2 phase=ssl epoch=4 path=/data/adodas/VarCoNet-V2-main/xiaolunwen/experiment2b/checkpoints/worker_r0_best.pt
[repeat=0 fold=2] [epoch=4/50] ssl_loss=0.089632 lr=0.00006643 base_val_bce=0.596291 base_best=Y base_cls_epoch=41 epoch_sec=7.2 task_elapsed_min=0.4 gpu_alloc_gb=0.272 gpu_reserved_gb=1.510
[ssl_epoch=4/50] ssl_loss=0.089632 lr=0.00006643 base_val_bce=0.596291 base_best=Y base_cls_epoch=41 epoch_sec=7.3 elapsed_min=0.4 gpu_alloc_gb=0.272 gpu_reserved_gb=1.510
[repeat=0 fold=2] [epoch=5/50] ssl_loss=0.074207 lr=0.00008053 base_val_bce=0.602795 base_best=N base_cls_epoch=46 epoch_sec=2.7 task_elapsed_min=0.5 gpu_alloc_gb=0.272 gpu_reserved_gb=1.510
[ssl_epoch=5/50] ssl_loss=0.074207 lr=0.00008053 base_val_bce=0.602795 base_best=N base_cls_epoch=46 epoch_sec=3.7 elapsed_min=0.5 gpu_alloc_gb=0.272 gpu_reserved_gb=1.510
[repeat=0 fold=2] [epoch=6/50] ssl_loss=0.084379 lr=0.00009464 base_val_bce=0.604317 base_best=N base_cls_epoch=47 epoch_sec=2.1 task_elapsed_min=0.5 gpu_alloc_gb=0.272 gpu_reserved_gb=1.510
[ssl_epoch=6/50] ssl_loss=0.084379 lr=0.00009464 base_val_bce=0.604317 base_best=N base_cls_epoch=47 epoch_sec=2.7 elapsed_min=0.5 gpu_alloc_gb=0.272 gpu_reserved_gb=1.510
[repeat=0 fold=2] [epoch=7/50] ssl_loss=0.064256 lr=0.00010875 base_val_bce=0.598741 base_best=N base_cls_epoch=42 epoch_sec=2.6 task_elapsed_min=0.6 gpu_alloc_gb=0.272 gpu_reserved_gb=1.510
[ssl_epoch=7/50] ssl_loss=0.064256 lr=0.00010875 base_val_bce=0.598741 base_best=N base_cls_epoch=42 epoch_sec=2.7 elapsed_min=0.6 gpu_alloc_gb=0.272 gpu_reserved_gb=1.510
[repeat=0 fold=2] [epoch=8/50] ssl_loss=0.082376 lr=0.00012285 base_val_bce=0.606166 base_best=N base_cls_epoch=47 epoch_sec=3.5 task_elapsed_min=0.7 gpu_alloc_gb=0.272 gpu_reserved_gb=1.510
[ssl_epoch=8/50] ssl_loss=0.082376 lr=0.00012285 base_val_bce=0.606166 base_best=N base_cls_epoch=47 epoch_sec=3.5 elapsed_min=0.7 gpu_alloc_gb=0.272 gpu_reserved_gb=1.510
CHECKPOINT_BEST repeat=0 scope=internal_cv fold=2 phase=ssl epoch=9 path=/data/adodas/VarCoNet-V2-main/xiaolunwen/experiment2b/checkpoints/worker_r0_best.pt
[repeat=0 fold=2] [epoch=9/50] ssl_loss=0.070911 lr=0.00013696 base_val_bce=0.594539 base_best=Y base_cls_epoch=43 epoch_sec=6.5 task_elapsed_min=0.7 gpu_alloc_gb=0.272 gpu_reserved_gb=1.510
[ssl_epoch=9/50] ssl_loss=0.070911 lr=0.00013696 base_val_bce=0.594539 base_best=Y base_cls_epoch=43 epoch_sec=6.5 elapsed_min=0.7 gpu_alloc_gb=0.272 gpu_reserved_gb=1.510
CHECKPOINT_BEST repeat=0 scope=internal_cv fold=2 phase=ssl epoch=10 path=/data/adodas/VarCoNet-V2-main/xiaolunwen/experiment2b/checkpoints/worker_r0_best.pt
CHECKPOINT_LATEST repeat=0 scope=internal_cv fold=2 phase=ssl epoch=10 path=/data/adodas/VarCoNet-V2-main/xiaolunwen/experiment2b/checkpoints/worker_r0_latest.pt
[repeat=0 fold=2] [epoch=10/50] ssl_loss=0.072639 lr=0.00013696 base_val_bce=0.590828 base_best=Y base_cls_epoch=51 epoch_sec=8.3 task_elapsed_min=0.8 gpu_alloc_gb=0.272 gpu_reserved_gb=1.510
[ssl_epoch=10/50] ssl_loss=0.072639 lr=0.00013696 base_val_bce=0.590828 base_best=Y base_cls_epoch=51 epoch_sec=8.3 elapsed_min=0.8 gpu_alloc_gb=0.272 gpu_reserved_gb=1.510
CHECKPOINT_BEST repeat=0 scope=internal_cv fold=2 phase=ssl epoch=11 path=/data/adodas/VarCoNet-V2-main/xiaolunwen/experiment2b/checkpoints/worker_r0_best.pt
[repeat=0 fold=2] [epoch=11/50] ssl_loss=0.070828 lr=0.00013675 base_val_bce=0.584373 base_best=Y base_cls_epoch=44 epoch_sec=7.2 task_elapsed_min=1.0 gpu_alloc_gb=0.272 gpu_reserved_gb=1.510
[ssl_epoch=11/50] ssl_loss=0.070828 lr=0.00013675 base_val_bce=0.584373 base_best=Y base_cls_epoch=44 epoch_sec=7.2 elapsed_min=1.0 gpu_alloc_gb=0.272 gpu_reserved_gb=1.510
[repeat=0 fold=2] [epoch=12/50] ssl_loss=0.051411 lr=0.00013612 base_val_bce=0.588571 base_best=N base_cls_epoch=41 epoch_sec=3.4 task_elapsed_min=1.1 gpu_alloc_gb=0.272 gpu_reserved_gb=1.510
[ssl_epoch=12/50] ssl_loss=0.051411 lr=0.00013612 base_val_bce=0.588571 base_best=N base_cls_epoch=41 epoch_sec=3.6 elapsed_min=1.1 gpu_alloc_gb=0.272 gpu_reserved_gb=1.510
[repeat=0 fold=2] [epoch=13/50] ssl_loss=0.056361 lr=0.00013507 base_val_bce=0.591945 base_best=N base_cls_epoch=47 epoch_sec=3.5 task_elapsed_min=1.1 gpu_alloc_gb=0.272 gpu_reserved_gb=1.510
[ssl_epoch=13/50] ssl_loss=0.056361 lr=0.00013507 base_val_bce=0.591945 base_best=N base_cls_epoch=47 epoch_sec=3.7 elapsed_min=1.1 gpu_alloc_gb=0.272 gpu_reserved_gb=1.510
[repeat=0 fold=2] [epoch=14/50] ssl_loss=0.054072 lr=0.00013361 base_val_bce=0.585502 base_best=N base_cls_epoch=48 epoch_sec=3.8 task_elapsed_min=1.2 gpu_alloc_gb=0.272 gpu_reserved_gb=1.510
[ssl_epoch=14/50] ssl_loss=0.054072 lr=0.00013361 base_val_bce=0.585502 base_best=N base_cls_epoch=48 epoch_sec=3.9 elapsed_min=1.2 gpu_alloc_gb=0.272 gpu_reserved_gb=1.510
[repeat=0 fold=2] [epoch=15/50] ssl_loss=0.068002 lr=0.00013175 base_val_bce=0.591053 base_best=N base_cls_epoch=51 epoch_sec=3.3 task_elapsed_min=1.3 gpu_alloc_gb=0.272 gpu_reserved_gb=1.510
[ssl_epoch=15/50] ssl_loss=0.068002 lr=0.00013175 base_val_bce=0.591053 base_best=N base_cls_epoch=51 epoch_sec=4.6 elapsed_min=1.3 gpu_alloc_gb=0.272 gpu_reserved_gb=1.510
CHECKPOINT_BEST repeat=0 scope=internal_cv fold=2 phase=ssl epoch=16 path=/data/adodas/VarCoNet-V2-main/xiaolunwen/experiment2b/checkpoints/worker_r0_best.pt
[repeat=0 fold=2] [epoch=16/50] ssl_loss=0.058785 lr=0.00012950 base_val_bce=0.574048 base_best=Y base_cls_epoch=55 epoch_sec=4.1 task_elapsed_min=1.3 gpu_alloc_gb=0.272 gpu_reserved_gb=1.510
[ssl_epoch=16/50] ssl_loss=0.058785 lr=0.00012950 base_val_bce=0.574048 base_best=Y base_cls_epoch=55 epoch_sec=4.1 elapsed_min=1.3 gpu_alloc_gb=0.272 gpu_reserved_gb=1.510
[repeat=0 fold=2] [epoch=17/50] ssl_loss=0.050299 lr=0.00012687 base_val_bce=0.595637 base_best=N base_cls_epoch=51 epoch_sec=3.9 task_elapsed_min=1.4 gpu_alloc_gb=0.272 gpu_reserved_gb=1.510
[ssl_epoch=17/50] ssl_loss=0.050299 lr=0.00012687 base_val_bce=0.595637 base_best=N base_cls_epoch=51 epoch_sec=3.9 elapsed_min=1.4 gpu_alloc_gb=0.272 gpu_reserved_gb=1.510
[repeat=0 fold=2] [epoch=18/50] ssl_loss=0.051629 lr=0.00012388 base_val_bce=0.590232 base_best=N base_cls_epoch=43 epoch_sec=3.3 task_elapsed_min=1.5 gpu_alloc_gb=0.272 gpu_reserved_gb=1.510
[ssl_epoch=18/50] ssl_loss=0.051629 lr=0.00012388 base_val_bce=0.590232 base_best=N base_cls_epoch=43 epoch_sec=3.6 elapsed_min=1.5 gpu_alloc_gb=0.272 gpu_reserved_gb=1.510
[repeat=0 fold=2] [epoch=19/50] ssl_loss=0.048687 lr=0.00012055 base_val_bce=0.583280 base_best=N base_cls_epoch=55 epoch_sec=3.7 task_elapsed_min=1.5 gpu_alloc_gb=0.272 gpu_reserved_gb=1.510
[ssl_epoch=19/50] ssl_loss=0.048687 lr=0.00012055 base_val_bce=0.583280 base_best=N base_cls_epoch=55 epoch_sec=4.0 elapsed_min=1.5 gpu_alloc_gb=0.272 gpu_reserved_gb=1.510
CHECKPOINT_LATEST repeat=0 scope=internal_cv fold=2 phase=ssl epoch=20 path=/data/adodas/VarCoNet-V2-main/xiaolunwen/experiment2b/checkpoints/worker_r0_latest.pt
[repeat=0 fold=2] [epoch=20/50] ssl_loss=0.054339 lr=0.00011690 base_val_bce=0.575978 base_best=N base_cls_epoch=53 epoch_sec=9.1 task_elapsed_min=1.6 gpu_alloc_gb=0.272 gpu_reserved_gb=1.510
[ssl_epoch=20/50] ssl_loss=0.054339 lr=0.00011690 base_val_bce=0.575978 base_best=N base_cls_epoch=53 epoch_sec=9.1 elapsed_min=1.6 gpu_alloc_gb=0.272 gpu_reserved_gb=1.510
CHECKPOINT_BEST repeat=0 scope=internal_cv fold=2 phase=ssl epoch=21 path=/data/adodas/VarCoNet-V2-main/xiaolunwen/experiment2b/checkpoints/worker_r0_best.pt
[repeat=0 fold=2] [epoch=21/50] ssl_loss=0.065320 lr=0.00011296 base_val_bce=0.569134 base_best=Y base_cls_epoch=49 epoch_sec=4.3 task_elapsed_min=1.8 gpu_alloc_gb=0.272 gpu_reserved_gb=1.510
[ssl_epoch=21/50] ssl_loss=0.065320 lr=0.00011296 base_val_bce=0.569134 base_best=Y base_cls_epoch=49 epoch_sec=4.3 elapsed_min=1.8 gpu_alloc_gb=0.272 gpu_reserved_gb=1.510
[repeat=0 fold=2] [epoch=22/50] ssl_loss=0.045916 lr=0.00010873 base_val_bce=0.587274 base_best=N base_cls_epoch=50 epoch_sec=4.2 task_elapsed_min=1.8 gpu_alloc_gb=0.272 gpu_reserved_gb=1.510
[ssl_epoch=22/50] ssl_loss=0.045916 lr=0.00010873 base_val_bce=0.587274 base_best=N base_cls_epoch=50 epoch_sec=4.3 elapsed_min=1.8 gpu_alloc_gb=0.272 gpu_reserved_gb=1.510
[repeat=0 fold=2] [epoch=23/50] ssl_loss=0.047775 lr=0.00010426 base_val_bce=0.579127 base_best=N base_cls_epoch=57 epoch_sec=3.3 task_elapsed_min=1.9 gpu_alloc_gb=0.272 gpu_reserved_gb=1.510
[ssl_epoch=23/50] ssl_loss=0.047775 lr=0.00010426 base_val_bce=0.579127 base_best=N base_cls_epoch=57 epoch_sec=3.7 elapsed_min=1.9 gpu_alloc_gb=0.272 gpu_reserved_gb=1.510
[repeat=0 fold=2] [epoch=24/50] ssl_loss=0.048399 lr=0.00009957 base_val_bce=0.575913 base_best=N base_cls_epoch=49 epoch_sec=4.3 task_elapsed_min=2.0 gpu_alloc_gb=0.272 gpu_reserved_gb=1.510
[ssl_epoch=24/50] ssl_loss=0.048399 lr=0.00009957 base_val_bce=0.575913 base_best=N base_cls_epoch=49 epoch_sec=4.3 elapsed_min=2.0 gpu_alloc_gb=0.272 gpu_reserved_gb=1.510
[repeat=0 fold=2] [epoch=25/50] ssl_loss=0.043932 lr=0.00009469 base_val_bce=0.584953 base_best=N base_cls_epoch=55 epoch_sec=4.1 task_elapsed_min=2.0 gpu_alloc_gb=0.272 gpu_reserved_gb=1.510
[ssl_epoch=25/50] ssl_loss=0.043932 lr=0.00009469 base_val_bce=0.584953 base_best=N base_cls_epoch=55 epoch_sec=5.0 elapsed_min=2.0 gpu_alloc_gb=0.272 gpu_reserved_gb=1.510
[repeat=0 fold=2] [epoch=26/50] ssl_loss=0.045329 lr=0.00008964 base_val_bce=0.582440 base_best=N base_cls_epoch=53 epoch_sec=2.7 task_elapsed_min=2.1 gpu_alloc_gb=0.272 gpu_reserved_gb=1.510
[ssl_epoch=26/50] ssl_loss=0.045329 lr=0.00008964 base_val_bce=0.582440 base_best=N base_cls_epoch=53 epoch_sec=3.0 elapsed_min=2.1 gpu_alloc_gb=0.272 gpu_reserved_gb=1.510
[repeat=0 fold=2] [epoch=27/50] ssl_loss=0.051525 lr=0.00008447 base_val_bce=0.578843 base_best=N base_cls_epoch=52 epoch_sec=3.5 task_elapsed_min=2.2 gpu_alloc_gb=0.272 gpu_reserved_gb=1.510
[ssl_epoch=27/50] ssl_loss=0.051525 lr=0.00008447 base_val_bce=0.578843 base_best=N base_cls_epoch=52 epoch_sec=4.4 elapsed_min=2.2 gpu_alloc_gb=0.272 gpu_reserved_gb=1.510
[repeat=0 fold=2] [epoch=28/50] ssl_loss=0.055322 lr=0.00007919 base_val_bce=0.585288 base_best=N base_cls_epoch=59 epoch_sec=3.4 task_elapsed_min=2.2 gpu_alloc_gb=0.272 gpu_reserved_gb=1.510
[ssl_epoch=28/50] ssl_loss=0.055322 lr=0.00007919 base_val_bce=0.585288 base_best=N base_cls_epoch=59 epoch_sec=3.4 elapsed_min=2.2 gpu_alloc_gb=0.272 gpu_reserved_gb=1.510
[repeat=0 fold=2] [epoch=29/50] ssl_loss=0.054840 lr=0.00007385 base_val_bce=0.581625 base_best=N base_cls_epoch=61 epoch_sec=3.8 task_elapsed_min=2.3 gpu_alloc_gb=0.272 gpu_reserved_gb=1.510
[ssl_epoch=29/50] ssl_loss=0.054840 lr=0.00007385 base_val_bce=0.581625 base_best=N base_cls_epoch=61 epoch_sec=4.0 elapsed_min=2.3 gpu_alloc_gb=0.272 gpu_reserved_gb=1.510
CHECKPOINT_LATEST repeat=0 scope=internal_cv fold=2 phase=ssl epoch=30 path=/data/adodas/VarCoNet-V2-main/xiaolunwen/experiment2b/checkpoints/worker_r0_latest.pt
[repeat=0 fold=2] [epoch=30/50] ssl_loss=0.045588 lr=0.00006848 base_val_bce=0.572482 base_best=N base_cls_epoch=51 epoch_sec=5.4 task_elapsed_min=2.4 gpu_alloc_gb=0.272 gpu_reserved_gb=1.510
[ssl_epoch=30/50] ssl_loss=0.045588 lr=0.00006848 base_val_bce=0.572482 base_best=N base_cls_epoch=51 epoch_sec=5.4 elapsed_min=2.4 gpu_alloc_gb=0.272 gpu_reserved_gb=1.510
[repeat=0 fold=2] [epoch=31/50] ssl_loss=0.053422 lr=0.00006311 base_val_bce=0.586114 base_best=N base_cls_epoch=54 epoch_sec=3.7 task_elapsed_min=2.5 gpu_alloc_gb=0.272 gpu_reserved_gb=1.510
[ssl_epoch=31/50] ssl_loss=0.053422 lr=0.00006311 base_val_bce=0.586114 base_best=N base_cls_epoch=54 epoch_sec=3.8 elapsed_min=2.5 gpu_alloc_gb=0.272 gpu_reserved_gb=1.510
[repeat=0 fold=2] [epoch=32/50] ssl_loss=0.046543 lr=0.00005777 base_val_bce=0.578351 base_best=N base_cls_epoch=55 epoch_sec=2.2 task_elapsed_min=2.5 gpu_alloc_gb=0.272 gpu_reserved_gb=1.510
[ssl_epoch=32/50] ssl_loss=0.046543 lr=0.00005777 base_val_bce=0.578351 base_best=N base_cls_epoch=55 epoch_sec=2.2 elapsed_min=2.5 gpu_alloc_gb=0.272 gpu_reserved_gb=1.510
[repeat=0 fold=2] [epoch=33/50] ssl_loss=0.054099 lr=0.00005249 base_val_bce=0.581561 base_best=N base_cls_epoch=59 epoch_sec=2.2 task_elapsed_min=2.5 gpu_alloc_gb=0.272 gpu_reserved_gb=1.510
[ssl_epoch=33/50] ssl_loss=0.054099 lr=0.00005249 base_val_bce=0.581561 base_best=N base_cls_epoch=59 epoch_sec=2.5 elapsed_min=2.5 gpu_alloc_gb=0.272 gpu_reserved_gb=1.510
[repeat=0 fold=2] [epoch=34/50] ssl_loss=0.037199 lr=0.00004732 base_val_bce=0.578719 base_best=N base_cls_epoch=60 epoch_sec=3.1 task_elapsed_min=2.6 gpu_alloc_gb=0.272 gpu_reserved_gb=1.510
[ssl_epoch=34/50] ssl_loss=0.037199 lr=0.00004732 base_val_bce=0.578719 base_best=N base_cls_epoch=60 epoch_sec=3.1 elapsed_min=2.6 gpu_alloc_gb=0.272 gpu_reserved_gb=1.510
[repeat=0 fold=2] [epoch=35/50] ssl_loss=0.044188 lr=0.00004227 base_val_bce=0.577540 base_best=N base_cls_epoch=60 epoch_sec=4.3 task_elapsed_min=2.7 gpu_alloc_gb=0.272 gpu_reserved_gb=1.510
[ssl_epoch=35/50] ssl_loss=0.044188 lr=0.00004227 base_val_bce=0.577540 base_best=N base_cls_epoch=60 epoch_sec=4.4 elapsed_min=2.7 gpu_alloc_gb=0.272 gpu_reserved_gb=1.510
CHECKPOINT_BEST repeat=0 scope=internal_cv fold=2 phase=ssl epoch=36 path=/data/adodas/VarCoNet-V2-main/xiaolunwen/experiment2b/checkpoints/worker_r0_best.pt
[repeat=0 fold=2] [epoch=36/50] ssl_loss=0.045674 lr=0.00003739 base_val_bce=0.568831 base_best=Y base_cls_epoch=59 epoch_sec=10.6 task_elapsed_min=2.7 gpu_alloc_gb=0.272 gpu_reserved_gb=1.510
[ssl_epoch=36/50] ssl_loss=0.045674 lr=0.00003739 base_val_bce=0.568831 base_best=Y base_cls_epoch=59 epoch_sec=10.6 elapsed_min=2.7 gpu_alloc_gb=0.272 gpu_reserved_gb=1.510
[repeat=0 fold=2] [epoch=37/50] ssl_loss=0.031314 lr=0.00003270 base_val_bce=0.577960 base_best=N base_cls_epoch=58 epoch_sec=4.0 task_elapsed_min=2.9 gpu_alloc_gb=0.272 gpu_reserved_gb=1.510
[ssl_epoch=37/50] ssl_loss=0.031314 lr=0.00003270 base_val_bce=0.577960 base_best=N base_cls_epoch=58 epoch_sec=4.0 elapsed_min=2.9 gpu_alloc_gb=0.272 gpu_reserved_gb=1.510
[repeat=0 fold=2] [epoch=38/50] ssl_loss=0.051284 lr=0.00002823 base_val_bce=0.585055 base_best=N base_cls_epoch=57 epoch_sec=4.4 task_elapsed_min=3.0 gpu_alloc_gb=0.272 gpu_reserved_gb=1.510
[ssl_epoch=38/50] ssl_loss=0.051284 lr=0.00002823 base_val_bce=0.585055 base_best=N base_cls_epoch=57 epoch_sec=4.4 elapsed_min=3.0 gpu_alloc_gb=0.272 gpu_reserved_gb=1.510
[repeat=0 fold=2] [epoch=39/50] ssl_loss=0.047651 lr=0.00002401 base_val_bce=0.574681 base_best=N base_cls_epoch=57 epoch_sec=4.0 task_elapsed_min=3.0 gpu_alloc_gb=0.272 gpu_reserved_gb=1.510
[ssl_epoch=39/50] ssl_loss=0.047651 lr=0.00002401 base_val_bce=0.574681 base_best=N base_cls_epoch=57 epoch_sec=4.2 elapsed_min=3.0 gpu_alloc_gb=0.272 gpu_reserved_gb=1.510
CHECKPOINT_BEST repeat=0 scope=internal_cv fold=2 phase=ssl epoch=40 path=/data/adodas/VarCoNet-V2-main/xiaolunwen/experiment2b/checkpoints/worker_r0_best.pt
CHECKPOINT_LATEST repeat=0 scope=internal_cv fold=2 phase=ssl epoch=40 path=/data/adodas/VarCoNet-V2-main/xiaolunwen/experiment2b/checkpoints/worker_r0_latest.pt
[repeat=0 fold=2] [epoch=40/50] ssl_loss=0.044641 lr=0.00002006 base_val_bce=0.567885 base_best=Y base_cls_epoch=64 epoch_sec=18.5 task_elapsed_min=3.1 gpu_alloc_gb=0.272 gpu_reserved_gb=1.510
[ssl_epoch=40/50] ssl_loss=0.044641 lr=0.00002006 base_val_bce=0.567885 base_best=Y base_cls_epoch=64 epoch_sec=18.5 elapsed_min=3.1 gpu_alloc_gb=0.272 gpu_reserved_gb=1.510
[repeat=0 fold=2] [epoch=41/50] ssl_loss=0.050615 lr=0.00001641 base_val_bce=0.570473 base_best=N base_cls_epoch=57 epoch_sec=2.5 task_elapsed_min=3.4 gpu_alloc_gb=0.272 gpu_reserved_gb=1.510
[ssl_epoch=41/50] ssl_loss=0.050615 lr=0.00001641 base_val_bce=0.570473 base_best=N base_cls_epoch=57 epoch_sec=2.6 elapsed_min=3.4 gpu_alloc_gb=0.272 gpu_reserved_gb=1.510
[repeat=0 fold=2] [epoch=42/50] ssl_loss=0.053311 lr=0.00001308 base_val_bce=0.583821 base_best=N base_cls_epoch=61 epoch_sec=2.2 task_elapsed_min=3.4 gpu_alloc_gb=0.272 gpu_reserved_gb=1.510
[ssl_epoch=42/50] ssl_loss=0.053311 lr=0.00001308 base_val_bce=0.583821 base_best=N base_cls_epoch=61 epoch_sec=2.3 elapsed_min=3.4 gpu_alloc_gb=0.272 gpu_reserved_gb=1.510
[repeat=0 fold=2] [epoch=43/50] ssl_loss=0.043659 lr=0.00001009 base_val_bce=0.575465 base_best=N base_cls_epoch=56 epoch_sec=1.9 task_elapsed_min=3.5 gpu_alloc_gb=0.272 gpu_reserved_gb=1.510
[ssl_epoch=43/50] ssl_loss=0.043659 lr=0.00001009 base_val_bce=0.575465 base_best=N base_cls_epoch=56 epoch_sec=2.9 elapsed_min=3.5 gpu_alloc_gb=0.272 gpu_reserved_gb=1.510
[repeat=0 fold=2] [epoch=44/50] ssl_loss=0.055244 lr=0.00000746 base_val_bce=0.575966 base_best=N base_cls_epoch=60 epoch_sec=2.2 task_elapsed_min=3.5 gpu_alloc_gb=0.272 gpu_reserved_gb=1.510
[ssl_epoch=44/50] ssl_loss=0.055244 lr=0.00000746 base_val_bce=0.575966 base_best=N base_cls_epoch=60 epoch_sec=2.3 elapsed_min=3.5 gpu_alloc_gb=0.272 gpu_reserved_gb=1.510
[repeat=0 fold=2] [epoch=45/50] ssl_loss=0.041030 lr=0.00000521 base_val_bce=0.579278 base_best=N base_cls_epoch=52 epoch_sec=2.6 task_elapsed_min=3.6 gpu_alloc_gb=0.272 gpu_reserved_gb=1.510
[ssl_epoch=45/50] ssl_loss=0.041030 lr=0.00000521 base_val_bce=0.579278 base_best=N base_cls_epoch=52 epoch_sec=2.6 elapsed_min=3.6 gpu_alloc_gb=0.272 gpu_reserved_gb=1.510
[repeat=0 fold=2] [epoch=46/50] ssl_loss=0.037610 lr=0.00000335 base_val_bce=0.572798 base_best=N base_cls_epoch=54 epoch_sec=3.2 task_elapsed_min=3.6 gpu_alloc_gb=0.272 gpu_reserved_gb=1.510
[ssl_epoch=46/50] ssl_loss=0.037610 lr=0.00000335 base_val_bce=0.572798 base_best=N base_cls_epoch=54 epoch_sec=4.2 elapsed_min=3.6 gpu_alloc_gb=0.272 gpu_reserved_gb=1.510
[repeat=0 fold=2] [epoch=47/50] ssl_loss=0.051088 lr=0.00000189 base_val_bce=0.583708 base_best=N base_cls_epoch=61 epoch_sec=2.9 task_elapsed_min=3.7 gpu_alloc_gb=0.272 gpu_reserved_gb=1.510
[ssl_epoch=47/50] ssl_loss=0.051088 lr=0.00000189 base_val_bce=0.583708 base_best=N base_cls_epoch=61 epoch_sec=3.3 elapsed_min=3.7 gpu_alloc_gb=0.272 gpu_reserved_gb=1.510
[repeat=0 fold=2] [epoch=48/50] ssl_loss=0.049827 lr=0.00000084 base_val_bce=0.580584 base_best=N base_cls_epoch=62 epoch_sec=3.2 task_elapsed_min=3.8 gpu_alloc_gb=0.272 gpu_reserved_gb=1.510
[ssl_epoch=48/50] ssl_loss=0.049827 lr=0.00000084 base_val_bce=0.580584 base_best=N base_cls_epoch=62 epoch_sec=3.5 elapsed_min=3.8 gpu_alloc_gb=0.272 gpu_reserved_gb=1.510
[repeat=0 fold=2] [epoch=49/50] ssl_loss=0.048160 lr=0.00000021 base_val_bce=0.581720 base_best=N base_cls_epoch=59 epoch_sec=2.8 task_elapsed_min=3.8 gpu_alloc_gb=0.272 gpu_reserved_gb=1.510
[ssl_epoch=49/50] ssl_loss=0.048160 lr=0.00000021 base_val_bce=0.581720 base_best=N base_cls_epoch=59 epoch_sec=3.6 elapsed_min=3.8 gpu_alloc_gb=0.272 gpu_reserved_gb=1.510
CHECKPOINT_LATEST repeat=0 scope=internal_cv fold=2 phase=ssl epoch=50 path=/data/adodas/VarCoNet-V2-main/xiaolunwen/experiment2b/checkpoints/worker_r0_latest.pt
[repeat=0 fold=2] [epoch=50/50] ssl_loss=0.040870 lr=0.00000000 base_val_bce=0.570166 base_best=N base_cls_epoch=56 epoch_sec=12.0 task_elapsed_min=3.9 gpu_alloc_gb=0.272 gpu_reserved_gb=1.510
[ssl_epoch=50/50] ssl_loss=0.040870 lr=0.00000000 base_val_bce=0.570166 base_best=N base_cls_epoch=56 epoch_sec=12.0 elapsed_min=3.9 gpu_alloc_gb=0.272 gpu_reserved_gb=1.510
RESIDUAL_EPOCH repeat=0 scope=internal_cv fold=2 epoch=0 val_bce=0.567885 best=Y dynamic_dim=73536
CHECKPOINT_LATEST repeat=0 scope=internal_cv fold=2 phase=residual epoch=10 path=/data/adodas/VarCoNet-V2-main/xiaolunwen/experiment2b/checkpoints/worker_r0_latest.pt
[residual_epoch=10/149] residual_loss=0.096003 val_bce=0.578055 best=N best_epoch=0 epoch_sec=6.7 task_elapsed_min=4.1
CHECKPOINT_LATEST repeat=0 scope=internal_cv fold=2 phase=residual epoch=20 path=/data/adodas/VarCoNet-V2-main/xiaolunwen/experiment2b/checkpoints/worker_r0_latest.pt
[residual_epoch=20/149] residual_loss=0.059981 val_bce=0.585748 best=N best_epoch=0 epoch_sec=7.1 task_elapsed_min=4.2
CHECKPOINT_LATEST repeat=0 scope=internal_cv fold=2 phase=residual epoch=30 path=/data/adodas/VarCoNet-V2-main/xiaolunwen/experiment2b/checkpoints/worker_r0_latest.pt
[residual_epoch=30/149] residual_loss=0.040189 val_bce=0.591425 best=N best_epoch=0 epoch_sec=11.3 task_elapsed_min=4.3
CHECKPOINT_LATEST repeat=0 scope=internal_cv fold=2 phase=residual epoch=40 path=/data/adodas/VarCoNet-V2-main/xiaolunwen/experiment2b/checkpoints/worker_r0_latest.pt
[residual_epoch=40/149] residual_loss=0.028919 val_bce=0.595038 best=N best_epoch=0 epoch_sec=8.8 task_elapsed_min=4.5
CHECKPOINT_LATEST repeat=0 scope=internal_cv fold=2 phase=residual epoch=50 path=/data/adodas/VarCoNet-V2-main/xiaolunwen/experiment2b/checkpoints/worker_r0_latest.pt
[residual_epoch=50/149] residual_loss=0.022104 val_bce=0.600043 best=N best_epoch=0 epoch_sec=5.9 task_elapsed_min=4.6
CHECKPOINT_LATEST repeat=0 scope=internal_cv fold=2 phase=residual epoch=60 path=/data/adodas/VarCoNet-V2-main/xiaolunwen/experiment2b/checkpoints/worker_r0_latest.pt
[residual_epoch=60/149] residual_loss=0.017700 val_bce=0.607618 best=N best_epoch=0 epoch_sec=8.4 task_elapsed_min=4.8
CHECKPOINT_LATEST repeat=0 scope=internal_cv fold=2 phase=residual epoch=70 path=/data/adodas/VarCoNet-V2-main/xiaolunwen/experiment2b/checkpoints/worker_r0_latest.pt
[residual_epoch=70/149] residual_loss=0.014671 val_bce=0.615602 best=N best_epoch=0 epoch_sec=9.8 task_elapsed_min=4.9
CHECKPOINT_LATEST repeat=0 scope=internal_cv fold=2 phase=residual epoch=80 path=/data/adodas/VarCoNet-V2-main/xiaolunwen/experiment2b/checkpoints/worker_r0_latest.pt
[residual_epoch=80/149] residual_loss=0.012462 val_bce=0.621677 best=N best_epoch=0 epoch_sec=7.9 task_elapsed_min=5.1
CHECKPOINT_LATEST repeat=0 scope=internal_cv fold=2 phase=residual epoch=90 path=/data/adodas/VarCoNet-V2-main/xiaolunwen/experiment2b/checkpoints/worker_r0_latest.pt
[residual_epoch=90/149] residual_loss=0.010783 val_bce=0.627002 best=N best_epoch=0 epoch_sec=12.0 task_elapsed_min=5.2
CHECKPOINT_LATEST repeat=0 scope=internal_cv fold=2 phase=residual epoch=100 path=/data/adodas/VarCoNet-V2-main/xiaolunwen/experiment2b/checkpoints/worker_r0_latest.pt
[residual_epoch=100/149] residual_loss=0.009463 val_bce=0.632862 best=N best_epoch=0 epoch_sec=13.2 task_elapsed_min=5.4
CHECKPOINT_LATEST repeat=0 scope=internal_cv fold=2 phase=residual epoch=110 path=/data/adodas/VarCoNet-V2-main/xiaolunwen/experiment2b/checkpoints/worker_r0_latest.pt
[residual_epoch=110/149] residual_loss=0.008397 val_bce=0.638179 best=N best_epoch=0 epoch_sec=2.5 task_elapsed_min=5.6
CHECKPOINT_LATEST repeat=0 scope=internal_cv fold=2 phase=residual epoch=120 path=/data/adodas/VarCoNet-V2-main/xiaolunwen/experiment2b/checkpoints/worker_r0_latest.pt
[residual_epoch=120/149] residual_loss=0.007521 val_bce=0.642983 best=N best_epoch=0 epoch_sec=12.9 task_elapsed_min=5.7
CHECKPOINT_LATEST repeat=0 scope=internal_cv fold=2 phase=residual epoch=130 path=/data/adodas/VarCoNet-V2-main/xiaolunwen/experiment2b/checkpoints/worker_r0_latest.pt
[residual_epoch=130/149] residual_loss=0.006789 val_bce=0.647831 best=N best_epoch=0 epoch_sec=7.6 task_elapsed_min=5.9
CHECKPOINT_LATEST repeat=0 scope=internal_cv fold=2 phase=residual epoch=140 path=/data/adodas/VarCoNet-V2-main/xiaolunwen/experiment2b/checkpoints/worker_r0_latest.pt
[residual_epoch=140/149] residual_loss=0.006168 val_bce=0.652342 best=N best_epoch=0 epoch_sec=6.5 task_elapsed_min=6.0
RESIDUAL_DONE repeat=0 scope=internal_cv fold=2 selected_encoder_epoch=40 selected_classifier_epoch=64 selected_residual_epoch=0 val_bce=0.567885
TASK_TRAINING_DONE repeat=0 scope=internal_cv fold=2 base_epoch=40 dyn_epoch=40 base_val_bce=0.567885 dyn_val_bce=0.567885
TASK_DONE repeat=0 scope=internal_fold fold=2 method=baseline selected_encoder_epoch=40 test_auc=0.771222 test_bce=0.592335 elapsed_min=6.1
TASK_DONE repeat=0 scope=internal_fold fold=2 method=pretransformer_edge_residual selected_encoder_epoch=40 test_auc=0.771222 test_bce=0.592335 elapsed_min=6.1
TASK_START repeat=0 scope=internal_cv fold=3 seed=100003 device=cuda:0 shared_encoder=Y
CHECKPOINT_BEST repeat=0 scope=internal_cv fold=3 phase=ssl epoch=1 path=/data/adodas/VarCoNet-V2-main/xiaolunwen/experiment2b/checkpoints/worker_r0_best.pt
[repeat=0 fold=3] [epoch=1/50] ssl_loss=0.131118 lr=0.00002411 base_val_bce=0.582718 base_best=Y base_cls_epoch=43 epoch_sec=6.5 task_elapsed_min=0.0 gpu_alloc_gb=0.272 gpu_reserved_gb=1.510
[ssl_epoch=1/50] ssl_loss=0.131118 lr=0.00002411 base_val_bce=0.582718 base_best=Y base_cls_epoch=43 epoch_sec=6.6 elapsed_min=0.0 gpu_alloc_gb=0.272 gpu_reserved_gb=1.510
[repeat=0 fold=3] [epoch=2/50] ssl_loss=0.083057 lr=0.00003821 base_val_bce=0.586727 base_best=N base_cls_epoch=33 epoch_sec=2.1 task_elapsed_min=0.2 gpu_alloc_gb=0.272 gpu_reserved_gb=1.510
[ssl_epoch=2/50] ssl_loss=0.083057 lr=0.00003821 base_val_bce=0.586727 base_best=N base_cls_epoch=33 epoch_sec=3.3 elapsed_min=0.2 gpu_alloc_gb=0.272 gpu_reserved_gb=1.510
CHECKPOINT_BEST repeat=0 scope=internal_cv fold=3 phase=ssl epoch=3 path=/data/adodas/VarCoNet-V2-main/xiaolunwen/experiment2b/checkpoints/worker_r0_best.pt
[repeat=0 fold=3] [epoch=3/50] ssl_loss=0.101117 lr=0.00005232 base_val_bce=0.570462 base_best=Y base_cls_epoch=44 epoch_sec=6.8 task_elapsed_min=0.2 gpu_alloc_gb=0.272 gpu_reserved_gb=1.510
[ssl_epoch=3/50] ssl_loss=0.101117 lr=0.00005232 base_val_bce=0.570462 base_best=Y base_cls_epoch=44 epoch_sec=6.8 elapsed_min=0.2 gpu_alloc_gb=0.272 gpu_reserved_gb=1.510
CHECKPOINT_BEST repeat=0 scope=internal_cv fold=3 phase=ssl epoch=4 path=/data/adodas/VarCoNet-V2-main/xiaolunwen/experiment2b/checkpoints/worker_r0_best.pt
[repeat=0 fold=3] [epoch=4/50] ssl_loss=0.103007 lr=0.00006643 base_val_bce=0.569826 base_best=Y base_cls_epoch=34 epoch_sec=10.0 task_elapsed_min=0.4 gpu_alloc_gb=0.272 gpu_reserved_gb=1.510
[ssl_epoch=4/50] ssl_loss=0.103007 lr=0.00006643 base_val_bce=0.569826 base_best=Y base_cls_epoch=34 epoch_sec=10.1 elapsed_min=0.4 gpu_alloc_gb=0.272 gpu_reserved_gb=1.510
[repeat=0 fold=3] [epoch=5/50] ssl_loss=0.091265 lr=0.00008053 base_val_bce=0.576208 base_best=N base_cls_epoch=31 epoch_sec=3.9 task_elapsed_min=0.5 gpu_alloc_gb=0.272 gpu_reserved_gb=1.510
[ssl_epoch=5/50] ssl_loss=0.091265 lr=0.00008053 base_val_bce=0.576208 base_best=N base_cls_epoch=31 epoch_sec=3.9 elapsed_min=0.5 gpu_alloc_gb=0.272 gpu_reserved_gb=1.510
[repeat=0 fold=3] [epoch=6/50] ssl_loss=0.093322 lr=0.00009464 base_val_bce=0.575721 base_best=N base_cls_epoch=27 epoch_sec=5.1 task_elapsed_min=0.6 gpu_alloc_gb=0.272 gpu_reserved_gb=1.510
[ssl_epoch=6/50] ssl_loss=0.093322 lr=0.00009464 base_val_bce=0.575721 base_best=N base_cls_epoch=27 epoch_sec=5.4 elapsed_min=0.6 gpu_alloc_gb=0.272 gpu_reserved_gb=1.510
[repeat=0 fold=3] [epoch=7/50] ssl_loss=0.097143 lr=0.00010875 base_val_bce=0.572756 base_best=N base_cls_epoch=33 epoch_sec=2.4 task_elapsed_min=0.7 gpu_alloc_gb=0.272 gpu_reserved_gb=1.510
[ssl_epoch=7/50] ssl_loss=0.097143 lr=0.00010875 base_val_bce=0.572756 base_best=N base_cls_epoch=33 epoch_sec=2.7 elapsed_min=0.7 gpu_alloc_gb=0.272 gpu_reserved_gb=1.510
CHECKPOINT_BEST repeat=0 scope=internal_cv fold=3 phase=ssl epoch=8 path=/data/adodas/VarCoNet-V2-main/xiaolunwen/experiment2b/checkpoints/worker_r0_best.pt
[repeat=0 fold=3] [epoch=8/50] ssl_loss=0.072605 lr=0.00012285 base_val_bce=0.567712 base_best=Y base_cls_epoch=37 epoch_sec=10.8 task_elapsed_min=0.7 gpu_alloc_gb=0.272 gpu_reserved_gb=1.510
[ssl_epoch=8/50] ssl_loss=0.072605 lr=0.00012285 base_val_bce=0.567712 base_best=Y base_cls_epoch=37 epoch_sec=10.8 elapsed_min=0.7 gpu_alloc_gb=0.272 gpu_reserved_gb=1.510
[repeat=0 fold=3] [epoch=9/50] ssl_loss=0.076471 lr=0.00013696 base_val_bce=0.571011 base_best=N base_cls_epoch=29 epoch_sec=4.8 task_elapsed_min=0.9 gpu_alloc_gb=0.272 gpu_reserved_gb=1.510
[ssl_epoch=9/50] ssl_loss=0.076471 lr=0.00013696 base_val_bce=0.571011 base_best=N base_cls_epoch=29 epoch_sec=5.3 elapsed_min=0.9 gpu_alloc_gb=0.272 gpu_reserved_gb=1.510
CHECKPOINT_LATEST repeat=0 scope=internal_cv fold=3 phase=ssl epoch=10 path=/data/adodas/VarCoNet-V2-main/xiaolunwen/experiment2b/checkpoints/worker_r0_latest.pt
[repeat=0 fold=3] [epoch=10/50] ssl_loss=0.068235 lr=0.00013696 base_val_bce=0.571350 base_best=N base_cls_epoch=35 epoch_sec=10.0 task_elapsed_min=1.0 gpu_alloc_gb=0.272 gpu_reserved_gb=1.510
[ssl_epoch=10/50] ssl_loss=0.068235 lr=0.00013696 base_val_bce=0.571350 base_best=N base_cls_epoch=35 epoch_sec=10.0 elapsed_min=1.0 gpu_alloc_gb=0.272 gpu_reserved_gb=1.510
[repeat=0 fold=3] [epoch=11/50] ssl_loss=0.045396 lr=0.00013675 base_val_bce=0.585062 base_best=N base_cls_epoch=35 epoch_sec=4.3 task_elapsed_min=1.2 gpu_alloc_gb=0.272 gpu_reserved_gb=1.510
[ssl_epoch=11/50] ssl_loss=0.045396 lr=0.00013675 base_val_bce=0.585062 base_best=N base_cls_epoch=35 epoch_sec=4.9 elapsed_min=1.2 gpu_alloc_gb=0.272 gpu_reserved_gb=1.510
[repeat=0 fold=3] [epoch=12/50] ssl_loss=0.053779 lr=0.00013612 base_val_bce=0.575309 base_best=N base_cls_epoch=33 epoch_sec=3.7 task_elapsed_min=1.3 gpu_alloc_gb=0.272 gpu_reserved_gb=1.510
[ssl_epoch=12/50] ssl_loss=0.053779 lr=0.00013612 base_val_bce=0.575309 base_best=N base_cls_epoch=33 epoch_sec=3.8 elapsed_min=1.3 gpu_alloc_gb=0.272 gpu_reserved_gb=1.510
[repeat=0 fold=3] [epoch=13/50] ssl_loss=0.052575 lr=0.00013507 base_val_bce=0.579276 base_best=N base_cls_epoch=37 epoch_sec=2.1 task_elapsed_min=1.3 gpu_alloc_gb=0.272 gpu_reserved_gb=1.510
[ssl_epoch=13/50] ssl_loss=0.052575 lr=0.00013507 base_val_bce=0.579276 base_best=N base_cls_epoch=37 epoch_sec=2.2 elapsed_min=1.3 gpu_alloc_gb=0.272 gpu_reserved_gb=1.510
[repeat=0 fold=3] [epoch=14/50] ssl_loss=0.039263 lr=0.00013361 base_val_bce=0.585387 base_best=N base_cls_epoch=37 epoch_sec=3.2 task_elapsed_min=1.4 gpu_alloc_gb=0.272 gpu_reserved_gb=1.510
[ssl_epoch=14/50] ssl_loss=0.039263 lr=0.00013361 base_val_bce=0.585387 base_best=N base_cls_epoch=37 epoch_sec=3.7 elapsed_min=1.4 gpu_alloc_gb=0.272 gpu_reserved_gb=1.510
[repeat=0 fold=3] [epoch=15/50] ssl_loss=0.054709 lr=0.00013175 base_val_bce=0.573038 base_best=N base_cls_epoch=33 epoch_sec=3.1 task_elapsed_min=1.4 gpu_alloc_gb=0.272 gpu_reserved_gb=1.510
[ssl_epoch=15/50] ssl_loss=0.054709 lr=0.00013175 base_val_bce=0.573038 base_best=N base_cls_epoch=33 epoch_sec=3.1 elapsed_min=1.4 gpu_alloc_gb=0.272 gpu_reserved_gb=1.510
[repeat=0 fold=3] [epoch=16/50] ssl_loss=0.058545 lr=0.00012950 base_val_bce=0.572380 base_best=N base_cls_epoch=37 epoch_sec=2.9 task_elapsed_min=1.5 gpu_alloc_gb=0.272 gpu_reserved_gb=1.510
[ssl_epoch=16/50] ssl_loss=0.058545 lr=0.00012950 base_val_bce=0.572380 base_best=N base_cls_epoch=37 epoch_sec=3.1 elapsed_min=1.5 gpu_alloc_gb=0.272 gpu_reserved_gb=1.510
[repeat=0 fold=3] [epoch=17/50] ssl_loss=0.052916 lr=0.00012687 base_val_bce=0.577267 base_best=N base_cls_epoch=35 epoch_sec=3.6 task_elapsed_min=1.5 gpu_alloc_gb=0.272 gpu_reserved_gb=1.510
[ssl_epoch=17/50] ssl_loss=0.052916 lr=0.00012687 base_val_bce=0.577267 base_best=N base_cls_epoch=35 epoch_sec=3.9 elapsed_min=1.5 gpu_alloc_gb=0.272 gpu_reserved_gb=1.510
[repeat=0 fold=3] [epoch=18/50] ssl_loss=0.038737 lr=0.00012388 base_val_bce=0.572877 base_best=N base_cls_epoch=36 epoch_sec=3.3 task_elapsed_min=1.6 gpu_alloc_gb=0.272 gpu_reserved_gb=1.510
[ssl_epoch=18/50] ssl_loss=0.038737 lr=0.00012388 base_val_bce=0.572877 base_best=N base_cls_epoch=36 epoch_sec=3.8 elapsed_min=1.6 gpu_alloc_gb=0.272 gpu_reserved_gb=1.510
[repeat=0 fold=3] [epoch=19/50] ssl_loss=0.045505 lr=0.00012055 base_val_bce=0.570669 base_best=N base_cls_epoch=43 epoch_sec=3.4 task_elapsed_min=1.7 gpu_alloc_gb=0.272 gpu_reserved_gb=1.510
[ssl_epoch=19/50] ssl_loss=0.045505 lr=0.00012055 base_val_bce=0.570669 base_best=N base_cls_epoch=43 epoch_sec=3.6 elapsed_min=1.7 gpu_alloc_gb=0.272 gpu_reserved_gb=1.510
CHECKPOINT_LATEST repeat=0 scope=internal_cv fold=3 phase=ssl epoch=20 path=/data/adodas/VarCoNet-V2-main/xiaolunwen/experiment2b/checkpoints/worker_r0_latest.pt
[repeat=0 fold=3] [epoch=20/50] ssl_loss=0.045236 lr=0.00011690 base_val_bce=0.581658 base_best=N base_cls_epoch=41 epoch_sec=12.5 task_elapsed_min=1.7 gpu_alloc_gb=0.272 gpu_reserved_gb=1.510
[ssl_epoch=20/50] ssl_loss=0.045236 lr=0.00011690 base_val_bce=0.581658 base_best=N base_cls_epoch=41 epoch_sec=12.7 elapsed_min=1.7 gpu_alloc_gb=0.272 gpu_reserved_gb=1.510
[repeat=0 fold=3] [epoch=21/50] ssl_loss=0.043540 lr=0.00011296 base_val_bce=0.580319 base_best=N base_cls_epoch=34 epoch_sec=4.1 task_elapsed_min=1.9 gpu_alloc_gb=0.272 gpu_reserved_gb=1.510
[ssl_epoch=21/50] ssl_loss=0.043540 lr=0.00011296 base_val_bce=0.580319 base_best=N base_cls_epoch=34 epoch_sec=4.8 elapsed_min=1.9 gpu_alloc_gb=0.272 gpu_reserved_gb=1.510
[repeat=0 fold=3] [epoch=22/50] ssl_loss=0.052811 lr=0.00010873 base_val_bce=0.571755 base_best=N base_cls_epoch=43 epoch_sec=2.7 task_elapsed_min=2.0 gpu_alloc_gb=0.272 gpu_reserved_gb=1.510
[ssl_epoch=22/50] ssl_loss=0.052811 lr=0.00010873 base_val_bce=0.571755 base_best=N base_cls_epoch=43 epoch_sec=3.8 elapsed_min=2.0 gpu_alloc_gb=0.272 gpu_reserved_gb=1.510
[repeat=0 fold=3] [epoch=23/50] ssl_loss=0.048092 lr=0.00010426 base_val_bce=0.572140 base_best=N base_cls_epoch=41 epoch_sec=2.7 task_elapsed_min=2.1 gpu_alloc_gb=0.272 gpu_reserved_gb=1.510
[ssl_epoch=23/50] ssl_loss=0.048092 lr=0.00010426 base_val_bce=0.572140 base_best=N base_cls_epoch=41 epoch_sec=2.9 elapsed_min=2.1 gpu_alloc_gb=0.272 gpu_reserved_gb=1.510
[repeat=0 fold=3] [epoch=24/50] ssl_loss=0.045839 lr=0.00009957 base_val_bce=0.569460 base_best=N base_cls_epoch=43 epoch_sec=3.7 task_elapsed_min=2.1 gpu_alloc_gb=0.272 gpu_reserved_gb=1.510
[ssl_epoch=24/50] ssl_loss=0.045839 lr=0.00009957 base_val_bce=0.569460 base_best=N base_cls_epoch=43 epoch_sec=4.0 elapsed_min=2.1 gpu_alloc_gb=0.272 gpu_reserved_gb=1.510
[repeat=0 fold=3] [epoch=25/50] ssl_loss=0.047231 lr=0.00009469 base_val_bce=0.581495 base_best=N base_cls_epoch=40 epoch_sec=2.7 task_elapsed_min=2.2 gpu_alloc_gb=0.272 gpu_reserved_gb=1.510
[ssl_epoch=25/50] ssl_loss=0.047231 lr=0.00009469 base_val_bce=0.581495 base_best=N base_cls_epoch=40 epoch_sec=3.4 elapsed_min=2.2 gpu_alloc_gb=0.272 gpu_reserved_gb=1.510
[repeat=0 fold=3] [epoch=26/50] ssl_loss=0.031287 lr=0.00008964 base_val_bce=0.581269 base_best=N base_cls_epoch=37 epoch_sec=2.7 task_elapsed_min=2.3 gpu_alloc_gb=0.272 gpu_reserved_gb=1.510
[ssl_epoch=26/50] ssl_loss=0.031287 lr=0.00008964 base_val_bce=0.581269 base_best=N base_cls_epoch=37 epoch_sec=2.9 elapsed_min=2.3 gpu_alloc_gb=0.272 gpu_reserved_gb=1.510
[repeat=0 fold=3] [epoch=27/50] ssl_loss=0.044063 lr=0.00008447 base_val_bce=0.571765 base_best=N base_cls_epoch=37 epoch_sec=3.7 task_elapsed_min=2.3 gpu_alloc_gb=0.272 gpu_reserved_gb=1.510
[ssl_epoch=27/50] ssl_loss=0.044063 lr=0.00008447 base_val_bce=0.571765 base_best=N base_cls_epoch=37 epoch_sec=4.6 elapsed_min=2.3 gpu_alloc_gb=0.272 gpu_reserved_gb=1.510
[repeat=0 fold=3] [epoch=28/50] ssl_loss=0.048246 lr=0.00007919 base_val_bce=0.578956 base_best=N base_cls_epoch=49 epoch_sec=3.5 task_elapsed_min=2.4 gpu_alloc_gb=0.272 gpu_reserved_gb=1.510
[ssl_epoch=28/50] ssl_loss=0.048246 lr=0.00007919 base_val_bce=0.578956 base_best=N base_cls_epoch=49 epoch_sec=3.5 elapsed_min=2.4 gpu_alloc_gb=0.272 gpu_reserved_gb=1.510
[repeat=0 fold=3] [epoch=29/50] ssl_loss=0.032428 lr=0.00007385 base_val_bce=0.571003 base_best=N base_cls_epoch=42 epoch_sec=3.1 task_elapsed_min=2.5 gpu_alloc_gb=0.272 gpu_reserved_gb=1.510
[ssl_epoch=29/50] ssl_loss=0.032428 lr=0.00007385 base_val_bce=0.571003 base_best=N base_cls_epoch=42 epoch_sec=3.1 elapsed_min=2.5 gpu_alloc_gb=0.272 gpu_reserved_gb=1.510
CHECKPOINT_LATEST repeat=0 scope=internal_cv fold=3 phase=ssl epoch=30 path=/data/adodas/VarCoNet-V2-main/xiaolunwen/experiment2b/checkpoints/worker_r0_latest.pt
[repeat=0 fold=3] [epoch=30/50] ssl_loss=0.039851 lr=0.00006848 base_val_bce=0.573537 base_best=N base_cls_epoch=40 epoch_sec=11.6 task_elapsed_min=2.5 gpu_alloc_gb=0.272 gpu_reserved_gb=1.510
[ssl_epoch=30/50] ssl_loss=0.039851 lr=0.00006848 base_val_bce=0.573537 base_best=N base_cls_epoch=40 epoch_sec=11.6 elapsed_min=2.5 gpu_alloc_gb=0.272 gpu_reserved_gb=1.510
[repeat=0 fold=3] [epoch=31/50] ssl_loss=0.034384 lr=0.00006311 base_val_bce=0.573029 base_best=N base_cls_epoch=41 epoch_sec=3.1 task_elapsed_min=2.7 gpu_alloc_gb=0.272 gpu_reserved_gb=1.510
[ssl_epoch=31/50] ssl_loss=0.034384 lr=0.00006311 base_val_bce=0.573029 base_best=N base_cls_epoch=41 epoch_sec=3.1 elapsed_min=2.7 gpu_alloc_gb=0.272 gpu_reserved_gb=1.510
[repeat=0 fold=3] [epoch=32/50] ssl_loss=0.036330 lr=0.00005777 base_val_bce=0.586545 base_best=N base_cls_epoch=40 epoch_sec=3.8 task_elapsed_min=2.8 gpu_alloc_gb=0.272 gpu_reserved_gb=1.510
[ssl_epoch=32/50] ssl_loss=0.036330 lr=0.00005777 base_val_bce=0.586545 base_best=N base_cls_epoch=40 epoch_sec=3.8 elapsed_min=2.8 gpu_alloc_gb=0.272 gpu_reserved_gb=1.510
[repeat=0 fold=3] [epoch=33/50] ssl_loss=0.030617 lr=0.00005249 base_val_bce=0.582879 base_best=N base_cls_epoch=36 epoch_sec=3.4 task_elapsed_min=2.8 gpu_alloc_gb=0.272 gpu_reserved_gb=1.510
[ssl_epoch=33/50] ssl_loss=0.030617 lr=0.00005249 base_val_bce=0.582879 base_best=N base_cls_epoch=36 epoch_sec=3.5 elapsed_min=2.8 gpu_alloc_gb=0.272 gpu_reserved_gb=1.510
[repeat=0 fold=3] [epoch=34/50] ssl_loss=0.029720 lr=0.00004732 base_val_bce=0.570920 base_best=N base_cls_epoch=41 epoch_sec=3.3 task_elapsed_min=2.9 gpu_alloc_gb=0.272 gpu_reserved_gb=1.510
[ssl_epoch=34/50] ssl_loss=0.029720 lr=0.00004732 base_val_bce=0.570920 base_best=N base_cls_epoch=41 epoch_sec=3.4 elapsed_min=2.9 gpu_alloc_gb=0.272 gpu_reserved_gb=1.510
[repeat=0 fold=3] [epoch=35/50] ssl_loss=0.041137 lr=0.00004227 base_val_bce=0.570104 base_best=N base_cls_epoch=43 epoch_sec=2.8 task_elapsed_min=2.9 gpu_alloc_gb=0.272 gpu_reserved_gb=1.510
[ssl_epoch=35/50] ssl_loss=0.041137 lr=0.00004227 base_val_bce=0.570104 base_best=N base_cls_epoch=43 epoch_sec=3.2 elapsed_min=2.9 gpu_alloc_gb=0.272 gpu_reserved_gb=1.510
CHECKPOINT_BEST repeat=0 scope=internal_cv fold=3 phase=ssl epoch=36 path=/data/adodas/VarCoNet-V2-main/xiaolunwen/experiment2b/checkpoints/worker_r0_best.pt
[repeat=0 fold=3] [epoch=36/50] ssl_loss=0.037069 lr=0.00003739 base_val_bce=0.562511 base_best=Y base_cls_epoch=48 epoch_sec=6.1 task_elapsed_min=3.0 gpu_alloc_gb=0.272 gpu_reserved_gb=1.510
[ssl_epoch=36/50] ssl_loss=0.037069 lr=0.00003739 base_val_bce=0.562511 base_best=Y base_cls_epoch=48 epoch_sec=6.2 elapsed_min=3.0 gpu_alloc_gb=0.272 gpu_reserved_gb=1.510
[repeat=0 fold=3] [epoch=37/50] ssl_loss=0.045055 lr=0.00003270 base_val_bce=0.573136 base_best=N base_cls_epoch=48 epoch_sec=3.2 task_elapsed_min=3.1 gpu_alloc_gb=0.272 gpu_reserved_gb=1.510
[ssl_epoch=37/50] ssl_loss=0.045055 lr=0.00003270 base_val_bce=0.573136 base_best=N base_cls_epoch=48 epoch_sec=3.7 elapsed_min=3.1 gpu_alloc_gb=0.272 gpu_reserved_gb=1.510
[repeat=0 fold=3] [epoch=38/50] ssl_loss=0.035431 lr=0.00002823 base_val_bce=0.571216 base_best=N base_cls_epoch=43 epoch_sec=2.4 task_elapsed_min=3.2 gpu_alloc_gb=0.272 gpu_reserved_gb=1.510
[ssl_epoch=38/50] ssl_loss=0.035431 lr=0.00002823 base_val_bce=0.571216 base_best=N base_cls_epoch=43 epoch_sec=2.5 elapsed_min=3.2 gpu_alloc_gb=0.272 gpu_reserved_gb=1.510
[repeat=0 fold=3] [epoch=39/50] ssl_loss=0.037335 lr=0.00002401 base_val_bce=0.566696 base_best=N base_cls_epoch=50 epoch_sec=3.0 task_elapsed_min=3.2 gpu_alloc_gb=0.272 gpu_reserved_gb=1.510
[ssl_epoch=39/50] ssl_loss=0.037335 lr=0.00002401 base_val_bce=0.566696 base_best=N base_cls_epoch=50 epoch_sec=3.1 elapsed_min=3.2 gpu_alloc_gb=0.272 gpu_reserved_gb=1.510
CHECKPOINT_LATEST repeat=0 scope=internal_cv fold=3 phase=ssl epoch=40 path=/data/adodas/VarCoNet-V2-main/xiaolunwen/experiment2b/checkpoints/worker_r0_latest.pt
[repeat=0 fold=3] [epoch=40/50] ssl_loss=0.040535 lr=0.00002006 base_val_bce=0.589158 base_best=N base_cls_epoch=42 epoch_sec=8.2 task_elapsed_min=3.3 gpu_alloc_gb=0.272 gpu_reserved_gb=1.510
[ssl_epoch=40/50] ssl_loss=0.040535 lr=0.00002006 base_val_bce=0.589158 base_best=N base_cls_epoch=42 epoch_sec=8.2 elapsed_min=3.3 gpu_alloc_gb=0.272 gpu_reserved_gb=1.510
[repeat=0 fold=3] [epoch=41/50] ssl_loss=0.042618 lr=0.00001641 base_val_bce=0.576327 base_best=N base_cls_epoch=40 epoch_sec=3.6 task_elapsed_min=3.4 gpu_alloc_gb=0.272 gpu_reserved_gb=1.510
[ssl_epoch=41/50] ssl_loss=0.042618 lr=0.00001641 base_val_bce=0.576327 base_best=N base_cls_epoch=40 epoch_sec=3.6 elapsed_min=3.4 gpu_alloc_gb=0.272 gpu_reserved_gb=1.510
[repeat=0 fold=3] [epoch=42/50] ssl_loss=0.038447 lr=0.00001308 base_val_bce=0.585059 base_best=N base_cls_epoch=41 epoch_sec=2.7 task_elapsed_min=3.5 gpu_alloc_gb=0.272 gpu_reserved_gb=1.510
[ssl_epoch=42/50] ssl_loss=0.038447 lr=0.00001308 base_val_bce=0.585059 base_best=N base_cls_epoch=41 epoch_sec=2.8 elapsed_min=3.5 gpu_alloc_gb=0.272 gpu_reserved_gb=1.510
[repeat=0 fold=3] [epoch=43/50] ssl_loss=0.044431 lr=0.00001009 base_val_bce=0.569741 base_best=N base_cls_epoch=45 epoch_sec=3.0 task_elapsed_min=3.5 gpu_alloc_gb=0.272 gpu_reserved_gb=1.510
[ssl_epoch=43/50] ssl_loss=0.044431 lr=0.00001009 base_val_bce=0.569741 base_best=N base_cls_epoch=45 epoch_sec=3.5 elapsed_min=3.5 gpu_alloc_gb=0.272 gpu_reserved_gb=1.510
[repeat=0 fold=3] [epoch=44/50] ssl_loss=0.049802 lr=0.00000746 base_val_bce=0.577891 base_best=N base_cls_epoch=44 epoch_sec=2.3 task_elapsed_min=3.6 gpu_alloc_gb=0.272 gpu_reserved_gb=1.510
[ssl_epoch=44/50] ssl_loss=0.049802 lr=0.00000746 base_val_bce=0.577891 base_best=N base_cls_epoch=44 epoch_sec=2.4 elapsed_min=3.6 gpu_alloc_gb=0.272 gpu_reserved_gb=1.510
[repeat=0 fold=3] [epoch=45/50] ssl_loss=0.037174 lr=0.00000521 base_val_bce=0.565014 base_best=N base_cls_epoch=45 epoch_sec=3.2 task_elapsed_min=3.6 gpu_alloc_gb=0.272 gpu_reserved_gb=1.510
[ssl_epoch=45/50] ssl_loss=0.037174 lr=0.00000521 base_val_bce=0.565014 base_best=N base_cls_epoch=45 epoch_sec=3.5 elapsed_min=3.6 gpu_alloc_gb=0.272 gpu_reserved_gb=1.510
[repeat=0 fold=3] [epoch=46/50] ssl_loss=0.037285 lr=0.00000335 base_val_bce=0.574220 base_best=N base_cls_epoch=48 epoch_sec=3.8 task_elapsed_min=3.7 gpu_alloc_gb=0.272 gpu_reserved_gb=1.510
[ssl_epoch=46/50] ssl_loss=0.037285 lr=0.00000335 base_val_bce=0.574220 base_best=N base_cls_epoch=48 epoch_sec=4.1 elapsed_min=3.7 gpu_alloc_gb=0.272 gpu_reserved_gb=1.510
[repeat=0 fold=3] [epoch=47/50] ssl_loss=0.034500 lr=0.00000189 base_val_bce=0.570825 base_best=N base_cls_epoch=42 epoch_sec=2.9 task_elapsed_min=3.8 gpu_alloc_gb=0.272 gpu_reserved_gb=1.510
[ssl_epoch=47/50] ssl_loss=0.034500 lr=0.00000189 base_val_bce=0.570825 base_best=N base_cls_epoch=42 epoch_sec=2.9 elapsed_min=3.8 gpu_alloc_gb=0.272 gpu_reserved_gb=1.510
[repeat=0 fold=3] [epoch=48/50] ssl_loss=0.043490 lr=0.00000084 base_val_bce=0.587019 base_best=N base_cls_epoch=41 epoch_sec=2.0 task_elapsed_min=3.8 gpu_alloc_gb=0.272 gpu_reserved_gb=1.510
[ssl_epoch=48/50] ssl_loss=0.043490 lr=0.00000084 base_val_bce=0.587019 base_best=N base_cls_epoch=41 epoch_sec=2.4 elapsed_min=3.8 gpu_alloc_gb=0.272 gpu_reserved_gb=1.510
[repeat=0 fold=3] [epoch=49/50] ssl_loss=0.040587 lr=0.00000021 base_val_bce=0.573807 base_best=N base_cls_epoch=47 epoch_sec=1.7 task_elapsed_min=3.8 gpu_alloc_gb=0.272 gpu_reserved_gb=1.510
[ssl_epoch=49/50] ssl_loss=0.040587 lr=0.00000021 base_val_bce=0.573807 base_best=N base_cls_epoch=47 epoch_sec=1.7 elapsed_min=3.8 gpu_alloc_gb=0.272 gpu_reserved_gb=1.510
CHECKPOINT_LATEST repeat=0 scope=internal_cv fold=3 phase=ssl epoch=50 path=/data/adodas/VarCoNet-V2-main/xiaolunwen/experiment2b/checkpoints/worker_r0_latest.pt
[repeat=0 fold=3] [epoch=50/50] ssl_loss=0.040936 lr=0.00000000 base_val_bce=0.567968 base_best=N base_cls_epoch=45 epoch_sec=8.5 task_elapsed_min=3.9 gpu_alloc_gb=0.272 gpu_reserved_gb=1.510
[ssl_epoch=50/50] ssl_loss=0.040936 lr=0.00000000 base_val_bce=0.567968 base_best=N base_cls_epoch=45 epoch_sec=8.5 elapsed_min=3.9 gpu_alloc_gb=0.272 gpu_reserved_gb=1.510
RESIDUAL_EPOCH repeat=0 scope=internal_cv fold=3 epoch=0 val_bce=0.562511 best=Y dynamic_dim=73536
CHECKPOINT_LATEST repeat=0 scope=internal_cv fold=3 phase=residual epoch=10 path=/data/adodas/VarCoNet-V2-main/xiaolunwen/experiment2b/checkpoints/worker_r0_latest.pt
[residual_epoch=10/149] residual_loss=0.087183 val_bce=0.566995 best=N best_epoch=0 epoch_sec=3.4 task_elapsed_min=4.0
CHECKPOINT_LATEST repeat=0 scope=internal_cv fold=3 phase=residual epoch=20 path=/data/adodas/VarCoNet-V2-main/xiaolunwen/experiment2b/checkpoints/worker_r0_latest.pt
[residual_epoch=20/149] residual_loss=0.045479 val_bce=0.575035 best=N best_epoch=0 epoch_sec=7.1 task_elapsed_min=4.1
CHECKPOINT_LATEST repeat=0 scope=internal_cv fold=3 phase=residual epoch=30 path=/data/adodas/VarCoNet-V2-main/xiaolunwen/experiment2b/checkpoints/worker_r0_latest.pt
[residual_epoch=30/149] residual_loss=0.027186 val_bce=0.589986 best=N best_epoch=0 epoch_sec=3.8 task_elapsed_min=4.2
CHECKPOINT_LATEST repeat=0 scope=internal_cv fold=3 phase=residual epoch=40 path=/data/adodas/VarCoNet-V2-main/xiaolunwen/experiment2b/checkpoints/worker_r0_latest.pt
[residual_epoch=40/149] residual_loss=0.018442 val_bce=0.602424 best=N best_epoch=0 epoch_sec=3.1 task_elapsed_min=4.2
CHECKPOINT_LATEST repeat=0 scope=internal_cv fold=3 phase=residual epoch=50 path=/data/adodas/VarCoNet-V2-main/xiaolunwen/experiment2b/checkpoints/worker_r0_latest.pt
[residual_epoch=50/149] residual_loss=0.013755 val_bce=0.612261 best=N best_epoch=0 epoch_sec=5.6 task_elapsed_min=4.3
CHECKPOINT_LATEST repeat=0 scope=internal_cv fold=3 phase=residual epoch=60 path=/data/adodas/VarCoNet-V2-main/xiaolunwen/experiment2b/checkpoints/worker_r0_latest.pt
[residual_epoch=60/149] residual_loss=0.010933 val_bce=0.621197 best=N best_epoch=0 epoch_sec=2.6 task_elapsed_min=4.4
CHECKPOINT_LATEST repeat=0 scope=internal_cv fold=3 phase=residual epoch=70 path=/data/adodas/VarCoNet-V2-main/xiaolunwen/experiment2b/checkpoints/worker_r0_latest.pt
[residual_epoch=70/149] residual_loss=0.009055 val_bce=0.629581 best=N best_epoch=0 epoch_sec=5.2 task_elapsed_min=4.4
CHECKPOINT_LATEST repeat=0 scope=internal_cv fold=3 phase=residual epoch=80 path=/data/adodas/VarCoNet-V2-main/xiaolunwen/experiment2b/checkpoints/worker_r0_latest.pt
[residual_epoch=80/149] residual_loss=0.007708 val_bce=0.637026 best=N best_epoch=0 epoch_sec=5.3 task_elapsed_min=4.5
CHECKPOINT_LATEST repeat=0 scope=internal_cv fold=3 phase=residual epoch=90 path=/data/adodas/VarCoNet-V2-main/xiaolunwen/experiment2b/checkpoints/worker_r0_latest.pt
[residual_epoch=90/149] residual_loss=0.006687 val_bce=0.643670 best=N best_epoch=0 epoch_sec=2.6 task_elapsed_min=4.6
CHECKPOINT_LATEST repeat=0 scope=internal_cv fold=3 phase=residual epoch=100 path=/data/adodas/VarCoNet-V2-main/xiaolunwen/experiment2b/checkpoints/worker_r0_latest.pt
[residual_epoch=100/149] residual_loss=0.005884 val_bce=0.649959 best=N best_epoch=0 epoch_sec=5.4 task_elapsed_min=4.7
CHECKPOINT_LATEST repeat=0 scope=internal_cv fold=3 phase=residual epoch=110 path=/data/adodas/VarCoNet-V2-main/xiaolunwen/experiment2b/checkpoints/worker_r0_latest.pt
[residual_epoch=110/149] residual_loss=0.005233 val_bce=0.655839 best=N best_epoch=0 epoch_sec=6.7 task_elapsed_min=4.7
CHECKPOINT_LATEST repeat=0 scope=internal_cv fold=3 phase=residual epoch=120 path=/data/adodas/VarCoNet-V2-main/xiaolunwen/experiment2b/checkpoints/worker_r0_latest.pt
[residual_epoch=120/149] residual_loss=0.004696 val_bce=0.661393 best=N best_epoch=0 epoch_sec=6.2 task_elapsed_min=4.9
CHECKPOINT_LATEST repeat=0 scope=internal_cv fold=3 phase=residual epoch=130 path=/data/adodas/VarCoNet-V2-main/xiaolunwen/experiment2b/checkpoints/worker_r0_latest.pt
[residual_epoch=130/149] residual_loss=0.004245 val_bce=0.666683 best=N best_epoch=0 epoch_sec=5.4 task_elapsed_min=5.0
CHECKPOINT_LATEST repeat=0 scope=internal_cv fold=3 phase=residual epoch=140 path=/data/adodas/VarCoNet-V2-main/xiaolunwen/experiment2b/checkpoints/worker_r0_latest.pt
[residual_epoch=140/149] residual_loss=0.003863 val_bce=0.671706 best=N best_epoch=0 epoch_sec=11.0 task_elapsed_min=5.1
RESIDUAL_DONE repeat=0 scope=internal_cv fold=3 selected_encoder_epoch=36 selected_classifier_epoch=48 selected_residual_epoch=0 val_bce=0.562511
TASK_TRAINING_DONE repeat=0 scope=internal_cv fold=3 base_epoch=36 dyn_epoch=36 base_val_bce=0.562511 dyn_val_bce=0.562511
TASK_DONE repeat=0 scope=internal_fold fold=3 method=baseline selected_encoder_epoch=36 test_auc=0.753623 test_bce=0.590618 elapsed_min=5.2
TASK_DONE repeat=0 scope=internal_fold fold=3 method=pretransformer_edge_residual selected_encoder_epoch=36 test_auc=0.753623 test_bce=0.590618 elapsed_min=5.2
TASK_START repeat=0 scope=internal_cv fold=4 seed=100004 device=cuda:0 shared_encoder=Y
CHECKPOINT_BEST repeat=0 scope=internal_cv fold=4 phase=ssl epoch=1 path=/data/adodas/VarCoNet-V2-main/xiaolunwen/experiment2b/checkpoints/worker_r0_best.pt
[repeat=0 fold=4] [epoch=1/50] ssl_loss=0.176555 lr=0.00002411 base_val_bce=0.608891 base_best=Y base_cls_epoch=62 epoch_sec=11.7 task_elapsed_min=0.1 gpu_alloc_gb=0.272 gpu_reserved_gb=1.510
[ssl_epoch=1/50] ssl_loss=0.176555 lr=0.00002411 base_val_bce=0.608891 base_best=Y base_cls_epoch=62 epoch_sec=11.9 elapsed_min=0.1 gpu_alloc_gb=0.272 gpu_reserved_gb=1.510
[repeat=0 fold=4] [epoch=2/50] ssl_loss=0.114956 lr=0.00003821 base_val_bce=0.609778 base_best=N base_cls_epoch=57 epoch_sec=3.2 task_elapsed_min=0.3 gpu_alloc_gb=0.272 gpu_reserved_gb=1.510
[ssl_epoch=2/50] ssl_loss=0.114956 lr=0.00003821 base_val_bce=0.609778 base_best=N base_cls_epoch=57 epoch_sec=4.1 elapsed_min=0.3 gpu_alloc_gb=0.272 gpu_reserved_gb=1.510
CHECKPOINT_BEST repeat=0 scope=internal_cv fold=4 phase=ssl epoch=3 path=/data/adodas/VarCoNet-V2-main/xiaolunwen/experiment2b/checkpoints/worker_r0_best.pt
[repeat=0 fold=4] [epoch=3/50] ssl_loss=0.097997 lr=0.00005232 base_val_bce=0.604520 base_best=Y base_cls_epoch=45 epoch_sec=10.9 task_elapsed_min=0.3 gpu_alloc_gb=0.272 gpu_reserved_gb=1.510
[ssl_epoch=3/50] ssl_loss=0.097997 lr=0.00005232 base_val_bce=0.604520 base_best=Y base_cls_epoch=45 epoch_sec=10.9 elapsed_min=0.3 gpu_alloc_gb=0.272 gpu_reserved_gb=1.510
CHECKPOINT_BEST repeat=0 scope=internal_cv fold=4 phase=ssl epoch=4 path=/data/adodas/VarCoNet-V2-main/xiaolunwen/experiment2b/checkpoints/worker_r0_best.pt
[repeat=0 fold=4] [epoch=4/50] ssl_loss=0.071668 lr=0.00006643 base_val_bce=0.602009 base_best=Y base_cls_epoch=54 epoch_sec=18.5 task_elapsed_min=0.6 gpu_alloc_gb=0.272 gpu_reserved_gb=1.510
[ssl_epoch=4/50] ssl_loss=0.071668 lr=0.00006643 base_val_bce=0.602009 base_best=Y base_cls_epoch=54 epoch_sec=19.0 elapsed_min=0.6 gpu_alloc_gb=0.272 gpu_reserved_gb=1.510
CHECKPOINT_BEST repeat=0 scope=internal_cv fold=4 phase=ssl epoch=5 path=/data/adodas/VarCoNet-V2-main/xiaolunwen/experiment2b/checkpoints/worker_r0_best.pt
[repeat=0 fold=4] [epoch=5/50] ssl_loss=0.099342 lr=0.00008053 base_val_bce=0.596189 base_best=Y base_cls_epoch=51 epoch_sec=13.2 task_elapsed_min=0.9 gpu_alloc_gb=0.272 gpu_reserved_gb=1.510
[ssl_epoch=5/50] ssl_loss=0.099342 lr=0.00008053 base_val_bce=0.596189 base_best=Y base_cls_epoch=51 epoch_sec=13.5 elapsed_min=0.9 gpu_alloc_gb=0.272 gpu_reserved_gb=1.510
CHECKPOINT_BEST repeat=0 scope=internal_cv fold=4 phase=ssl epoch=6 path=/data/adodas/VarCoNet-V2-main/xiaolunwen/experiment2b/checkpoints/worker_r0_best.pt
[repeat=0 fold=4] [epoch=6/50] ssl_loss=0.081929 lr=0.00009464 base_val_bce=0.595596 base_best=Y base_cls_epoch=46 epoch_sec=16.8 task_elapsed_min=1.1 gpu_alloc_gb=0.272 gpu_reserved_gb=1.510
[ssl_epoch=6/50] ssl_loss=0.081929 lr=0.00009464 base_val_bce=0.595596 base_best=Y base_cls_epoch=46 epoch_sec=16.8 elapsed_min=1.1 gpu_alloc_gb=0.272 gpu_reserved_gb=1.510
[repeat=0 fold=4] [epoch=7/50] ssl_loss=0.076295 lr=0.00010875 base_val_bce=0.598898 base_best=N base_cls_epoch=49 epoch_sec=1.9 task_elapsed_min=1.4 gpu_alloc_gb=0.272 gpu_reserved_gb=1.510
[ssl_epoch=7/50] ssl_loss=0.076295 lr=0.00010875 base_val_bce=0.598898 base_best=N base_cls_epoch=49 epoch_sec=2.2 elapsed_min=1.4 gpu_alloc_gb=0.272 gpu_reserved_gb=1.510
CHECKPOINT_BEST repeat=0 scope=internal_cv fold=4 phase=ssl epoch=8 path=/data/adodas/VarCoNet-V2-main/xiaolunwen/experiment2b/checkpoints/worker_r0_best.pt
[repeat=0 fold=4] [epoch=8/50] ssl_loss=0.052058 lr=0.00012285 base_val_bce=0.583590 base_best=Y base_cls_epoch=49 epoch_sec=7.8 task_elapsed_min=1.4 gpu_alloc_gb=0.272 gpu_reserved_gb=1.510
[ssl_epoch=8/50] ssl_loss=0.052058 lr=0.00012285 base_val_bce=0.583590 base_best=Y base_cls_epoch=49 epoch_sec=7.8 elapsed_min=1.4 gpu_alloc_gb=0.272 gpu_reserved_gb=1.510
[repeat=0 fold=4] [epoch=9/50] ssl_loss=0.064014 lr=0.00013696 base_val_bce=0.593145 base_best=N base_cls_epoch=53 epoch_sec=2.0 task_elapsed_min=1.5 gpu_alloc_gb=0.272 gpu_reserved_gb=1.510
[ssl_epoch=9/50] ssl_loss=0.064014 lr=0.00013696 base_val_bce=0.593145 base_best=N base_cls_epoch=53 epoch_sec=3.2 elapsed_min=1.5 gpu_alloc_gb=0.272 gpu_reserved_gb=1.510
CHECKPOINT_BEST repeat=0 scope=internal_cv fold=4 phase=ssl epoch=10 path=/data/adodas/VarCoNet-V2-main/xiaolunwen/experiment2b/checkpoints/worker_r0_best.pt
CHECKPOINT_LATEST repeat=0 scope=internal_cv fold=4 phase=ssl epoch=10 path=/data/adodas/VarCoNet-V2-main/xiaolunwen/experiment2b/checkpoints/worker_r0_latest.pt
[repeat=0 fold=4] [epoch=10/50] ssl_loss=0.061760 lr=0.00013696 base_val_bce=0.571219 base_best=Y base_cls_epoch=48 epoch_sec=22.5 task_elapsed_min=1.6 gpu_alloc_gb=0.272 gpu_reserved_gb=1.510
[ssl_epoch=10/50] ssl_loss=0.061760 lr=0.00013696 base_val_bce=0.571219 base_best=Y base_cls_epoch=48 epoch_sec=22.6 elapsed_min=1.6 gpu_alloc_gb=0.272 gpu_reserved_gb=1.510
[repeat=0 fold=4] [epoch=11/50] ssl_loss=0.053090 lr=0.00013675 base_val_bce=0.579485 base_best=N base_cls_epoch=45 epoch_sec=3.1 task_elapsed_min=2.0 gpu_alloc_gb=0.272 gpu_reserved_gb=1.510
[ssl_epoch=11/50] ssl_loss=0.053090 lr=0.00013675 base_val_bce=0.579485 base_best=N base_cls_epoch=45 epoch_sec=3.3 elapsed_min=2.0 gpu_alloc_gb=0.272 gpu_reserved_gb=1.510
[repeat=0 fold=4] [epoch=12/50] ssl_loss=0.069062 lr=0.00013612 base_val_bce=0.585302 base_best=N base_cls_epoch=49 epoch_sec=2.0 task_elapsed_min=2.0 gpu_alloc_gb=0.272 gpu_reserved_gb=1.510
[ssl_epoch=12/50] ssl_loss=0.069062 lr=0.00013612 base_val_bce=0.585302 base_best=N base_cls_epoch=49 epoch_sec=2.4 elapsed_min=2.0 gpu_alloc_gb=0.272 gpu_reserved_gb=1.510
[repeat=0 fold=4] [epoch=13/50] ssl_loss=0.069147 lr=0.00013507 base_val_bce=0.586595 base_best=N base_cls_epoch=50 epoch_sec=3.1 task_elapsed_min=2.1 gpu_alloc_gb=0.272 gpu_reserved_gb=1.510
[ssl_epoch=13/50] ssl_loss=0.069147 lr=0.00013507 base_val_bce=0.586595 base_best=N base_cls_epoch=50 epoch_sec=3.6 elapsed_min=2.1 gpu_alloc_gb=0.272 gpu_reserved_gb=1.510
[repeat=0 fold=4] [epoch=14/50] ssl_loss=0.048266 lr=0.00013361 base_val_bce=0.582323 base_best=N base_cls_epoch=51 epoch_sec=3.0 task_elapsed_min=2.1 gpu_alloc_gb=0.272 gpu_reserved_gb=1.510
[ssl_epoch=14/50] ssl_loss=0.048266 lr=0.00013361 base_val_bce=0.582323 base_best=N base_cls_epoch=51 epoch_sec=4.5 elapsed_min=2.1 gpu_alloc_gb=0.272 gpu_reserved_gb=1.510
[repeat=0 fold=4] [epoch=15/50] ssl_loss=0.059457 lr=0.00013175 base_val_bce=0.585032 base_best=N base_cls_epoch=54 epoch_sec=2.9 task_elapsed_min=2.2 gpu_alloc_gb=0.272 gpu_reserved_gb=1.510
[ssl_epoch=15/50] ssl_loss=0.059457 lr=0.00013175 base_val_bce=0.585032 base_best=N base_cls_epoch=54 epoch_sec=3.4 elapsed_min=2.2 gpu_alloc_gb=0.272 gpu_reserved_gb=1.510
[repeat=0 fold=4] [epoch=16/50] ssl_loss=0.047770 lr=0.00012950 base_val_bce=0.582513 base_best=N base_cls_epoch=51 epoch_sec=1.8 task_elapsed_min=2.3 gpu_alloc_gb=0.272 gpu_reserved_gb=1.510
[ssl_epoch=16/50] ssl_loss=0.047770 lr=0.00012950 base_val_bce=0.582513 base_best=N base_cls_epoch=51 epoch_sec=2.0 elapsed_min=2.3 gpu_alloc_gb=0.272 gpu_reserved_gb=1.510
[repeat=0 fold=4] [epoch=17/50] ssl_loss=0.058678 lr=0.00012687 base_val_bce=0.577182 base_best=N base_cls_epoch=48 epoch_sec=3.1 task_elapsed_min=2.3 gpu_alloc_gb=0.272 gpu_reserved_gb=1.510
[ssl_epoch=17/50] ssl_loss=0.058678 lr=0.00012687 base_val_bce=0.577182 base_best=N base_cls_epoch=48 epoch_sec=3.2 elapsed_min=2.3 gpu_alloc_gb=0.272 gpu_reserved_gb=1.510
[repeat=0 fold=4] [epoch=18/50] ssl_loss=0.044750 lr=0.00012388 base_val_bce=0.572725 base_best=N base_cls_epoch=57 epoch_sec=3.3 task_elapsed_min=2.4 gpu_alloc_gb=0.272 gpu_reserved_gb=1.510
[ssl_epoch=18/50] ssl_loss=0.044750 lr=0.00012388 base_val_bce=0.572725 base_best=N base_cls_epoch=57 epoch_sec=3.3 elapsed_min=2.4 gpu_alloc_gb=0.272 gpu_reserved_gb=1.510
[repeat=0 fold=4] [epoch=19/50] ssl_loss=0.049557 lr=0.00012055 base_val_bce=0.580092 base_best=N base_cls_epoch=54 epoch_sec=2.7 task_elapsed_min=2.4 gpu_alloc_gb=0.272 gpu_reserved_gb=1.510
[ssl_epoch=19/50] ssl_loss=0.049557 lr=0.00012055 base_val_bce=0.580092 base_best=N base_cls_epoch=54 epoch_sec=2.8 elapsed_min=2.4 gpu_alloc_gb=0.272 gpu_reserved_gb=1.510
CHECKPOINT_BEST repeat=0 scope=internal_cv fold=4 phase=ssl epoch=20 path=/data/adodas/VarCoNet-V2-main/xiaolunwen/experiment2b/checkpoints/worker_r0_best.pt
CHECKPOINT_LATEST repeat=0 scope=internal_cv fold=4 phase=ssl epoch=20 path=/data/adodas/VarCoNet-V2-main/xiaolunwen/experiment2b/checkpoints/worker_r0_latest.pt
[repeat=0 fold=4] [epoch=20/50] ssl_loss=0.051243 lr=0.00011690 base_val_bce=0.566566 base_best=Y base_cls_epoch=48 epoch_sec=18.8 task_elapsed_min=2.5 gpu_alloc_gb=0.272 gpu_reserved_gb=1.510
[ssl_epoch=20/50] ssl_loss=0.051243 lr=0.00011690 base_val_bce=0.566566 base_best=Y base_cls_epoch=48 epoch_sec=19.1 elapsed_min=2.5 gpu_alloc_gb=0.272 gpu_reserved_gb=1.510
[repeat=0 fold=4] [epoch=21/50] ssl_loss=0.053907 lr=0.00011296 base_val_bce=0.573150 base_best=N base_cls_epoch=53 epoch_sec=3.6 task_elapsed_min=2.8 gpu_alloc_gb=0.272 gpu_reserved_gb=1.510
[ssl_epoch=21/50] ssl_loss=0.053907 lr=0.00011296 base_val_bce=0.573150 base_best=N base_cls_epoch=53 epoch_sec=3.7 elapsed_min=2.8 gpu_alloc_gb=0.272 gpu_reserved_gb=1.510
[repeat=0 fold=4] [epoch=22/50] ssl_loss=0.045211 lr=0.00010873 base_val_bce=0.576660 base_best=N base_cls_epoch=55 epoch_sec=3.3 task_elapsed_min=2.9 gpu_alloc_gb=0.272 gpu_reserved_gb=1.510
[ssl_epoch=22/50] ssl_loss=0.045211 lr=0.00010873 base_val_bce=0.576660 base_best=N base_cls_epoch=55 epoch_sec=3.3 elapsed_min=2.9 gpu_alloc_gb=0.272 gpu_reserved_gb=1.510
CHECKPOINT_BEST repeat=0 scope=internal_cv fold=4 phase=ssl epoch=23 path=/data/adodas/VarCoNet-V2-main/xiaolunwen/experiment2b/checkpoints/worker_r0_best.pt
[repeat=0 fold=4] [epoch=23/50] ssl_loss=0.055279 lr=0.00010426 base_val_bce=0.561776 base_best=Y base_cls_epoch=49 epoch_sec=4.9 task_elapsed_min=2.9 gpu_alloc_gb=0.272 gpu_reserved_gb=1.510
[ssl_epoch=23/50] ssl_loss=0.055279 lr=0.00010426 base_val_bce=0.561776 base_best=Y base_cls_epoch=49 epoch_sec=4.9 elapsed_min=2.9 gpu_alloc_gb=0.272 gpu_reserved_gb=1.510
[repeat=0 fold=4] [epoch=24/50] ssl_loss=0.045477 lr=0.00009957 base_val_bce=0.569216 base_best=N base_cls_epoch=57 epoch_sec=3.4 task_elapsed_min=3.0 gpu_alloc_gb=0.272 gpu_reserved_gb=1.510
[ssl_epoch=24/50] ssl_loss=0.045477 lr=0.00009957 base_val_bce=0.569216 base_best=N base_cls_epoch=57 epoch_sec=3.5 elapsed_min=3.0 gpu_alloc_gb=0.272 gpu_reserved_gb=1.510
[repeat=0 fold=4] [epoch=25/50] ssl_loss=0.051688 lr=0.00009469 base_val_bce=0.571155 base_best=N base_cls_epoch=56 epoch_sec=3.7 task_elapsed_min=3.1 gpu_alloc_gb=0.272 gpu_reserved_gb=1.510
[ssl_epoch=25/50] ssl_loss=0.051688 lr=0.00009469 base_val_bce=0.571155 base_best=N base_cls_epoch=56 epoch_sec=4.3 elapsed_min=3.1 gpu_alloc_gb=0.272 gpu_reserved_gb=1.510
[repeat=0 fold=4] [epoch=26/50] ssl_loss=0.047813 lr=0.00008964 base_val_bce=0.570258 base_best=N base_cls_epoch=54 epoch_sec=2.8 task_elapsed_min=3.1 gpu_alloc_gb=0.272 gpu_reserved_gb=1.510
[ssl_epoch=26/50] ssl_loss=0.047813 lr=0.00008964 base_val_bce=0.570258 base_best=N base_cls_epoch=54 epoch_sec=2.9 elapsed_min=3.1 gpu_alloc_gb=0.272 gpu_reserved_gb=1.510
[repeat=0 fold=4] [epoch=27/50] ssl_loss=0.051910 lr=0.00008447 base_val_bce=0.582218 base_best=N base_cls_epoch=56 epoch_sec=4.1 task_elapsed_min=3.2 gpu_alloc_gb=0.272 gpu_reserved_gb=1.510
[ssl_epoch=27/50] ssl_loss=0.051910 lr=0.00008447 base_val_bce=0.582218 base_best=N base_cls_epoch=56 epoch_sec=4.1 elapsed_min=3.2 gpu_alloc_gb=0.272 gpu_reserved_gb=1.510
[repeat=0 fold=4] [epoch=28/50] ssl_loss=0.048544 lr=0.00007919 base_val_bce=0.588445 base_best=N base_cls_epoch=57 epoch_sec=3.6 task_elapsed_min=3.3 gpu_alloc_gb=0.272 gpu_reserved_gb=1.510
[ssl_epoch=28/50] ssl_loss=0.048544 lr=0.00007919 base_val_bce=0.588445 base_best=N base_cls_epoch=57 epoch_sec=3.8 elapsed_min=3.3 gpu_alloc_gb=0.272 gpu_reserved_gb=1.510
[repeat=0 fold=4] [epoch=29/50] ssl_loss=0.044454 lr=0.00007385 base_val_bce=0.573034 base_best=N base_cls_epoch=54 epoch_sec=3.8 task_elapsed_min=3.3 gpu_alloc_gb=0.272 gpu_reserved_gb=1.510
[ssl_epoch=29/50] ssl_loss=0.044454 lr=0.00007385 base_val_bce=0.573034 base_best=N base_cls_epoch=54 epoch_sec=4.0 elapsed_min=3.3 gpu_alloc_gb=0.272 gpu_reserved_gb=1.510
CHECKPOINT_LATEST repeat=0 scope=internal_cv fold=4 phase=ssl epoch=30 path=/data/adodas/VarCoNet-V2-main/xiaolunwen/experiment2b/checkpoints/worker_r0_latest.pt
[repeat=0 fold=4] [epoch=30/50] ssl_loss=0.045282 lr=0.00006848 base_val_bce=0.580502 base_best=N base_cls_epoch=50 epoch_sec=7.2 task_elapsed_min=3.4 gpu_alloc_gb=0.272 gpu_reserved_gb=1.510
[ssl_epoch=30/50] ssl_loss=0.045282 lr=0.00006848 base_val_bce=0.580502 base_best=N base_cls_epoch=50 epoch_sec=7.2 elapsed_min=3.4 gpu_alloc_gb=0.272 gpu_reserved_gb=1.510
[repeat=0 fold=4] [epoch=31/50] ssl_loss=0.039027 lr=0.00006311 base_val_bce=0.574237 base_best=N base_cls_epoch=55 epoch_sec=3.7 task_elapsed_min=3.5 gpu_alloc_gb=0.272 gpu_reserved_gb=1.510
[ssl_epoch=31/50] ssl_loss=0.039027 lr=0.00006311 base_val_bce=0.574237 base_best=N base_cls_epoch=55 epoch_sec=4.8 elapsed_min=3.5 gpu_alloc_gb=0.272 gpu_reserved_gb=1.510
[repeat=0 fold=4] [epoch=32/50] ssl_loss=0.033689 lr=0.00005777 base_val_bce=0.587736 base_best=N base_cls_epoch=62 epoch_sec=2.9 task_elapsed_min=3.6 gpu_alloc_gb=0.272 gpu_reserved_gb=1.510
[ssl_epoch=32/50] ssl_loss=0.033689 lr=0.00005777 base_val_bce=0.587736 base_best=N base_cls_epoch=62 epoch_sec=3.8 elapsed_min=3.6 gpu_alloc_gb=0.272 gpu_reserved_gb=1.510
[repeat=0 fold=4] [epoch=33/50] ssl_loss=0.040811 lr=0.00005249 base_val_bce=0.564726 base_best=N base_cls_epoch=62 epoch_sec=4.2 task_elapsed_min=3.7 gpu_alloc_gb=0.272 gpu_reserved_gb=1.510
[ssl_epoch=33/50] ssl_loss=0.040811 lr=0.00005249 base_val_bce=0.564726 base_best=N base_cls_epoch=62 epoch_sec=4.2 elapsed_min=3.7 gpu_alloc_gb=0.272 gpu_reserved_gb=1.510
[repeat=0 fold=4] [epoch=34/50] ssl_loss=0.040816 lr=0.00004732 base_val_bce=0.578362 base_best=N base_cls_epoch=61 epoch_sec=3.3 task_elapsed_min=3.7 gpu_alloc_gb=0.272 gpu_reserved_gb=1.510
[ssl_epoch=34/50] ssl_loss=0.040816 lr=0.00004732 base_val_bce=0.578362 base_best=N base_cls_epoch=61 epoch_sec=3.8 elapsed_min=3.7 gpu_alloc_gb=0.272 gpu_reserved_gb=1.510
[repeat=0 fold=4] [epoch=35/50] ssl_loss=0.046969 lr=0.00004227 base_val_bce=0.572637 base_best=N base_cls_epoch=54 epoch_sec=3.6 task_elapsed_min=3.8 gpu_alloc_gb=0.272 gpu_reserved_gb=1.510
[ssl_epoch=35/50] ssl_loss=0.046969 lr=0.00004227 base_val_bce=0.572637 base_best=N base_cls_epoch=54 epoch_sec=3.9 elapsed_min=3.8 gpu_alloc_gb=0.272 gpu_reserved_gb=1.510
[repeat=0 fold=4] [epoch=36/50] ssl_loss=0.054582 lr=0.00003739 base_val_bce=0.574290 base_best=N base_cls_epoch=53 epoch_sec=3.0 task_elapsed_min=3.9 gpu_alloc_gb=0.272 gpu_reserved_gb=1.510
[ssl_epoch=36/50] ssl_loss=0.054582 lr=0.00003739 base_val_bce=0.574290 base_best=N base_cls_epoch=53 epoch_sec=3.2 elapsed_min=3.9 gpu_alloc_gb=0.272 gpu_reserved_gb=1.510
[repeat=0 fold=4] [epoch=37/50] ssl_loss=0.037800 lr=0.00003270 base_val_bce=0.583126 base_best=N base_cls_epoch=52 epoch_sec=3.5 task_elapsed_min=3.9 gpu_alloc_gb=0.272 gpu_reserved_gb=1.510
[ssl_epoch=37/50] ssl_loss=0.037800 lr=0.00003270 base_val_bce=0.583126 base_best=N base_cls_epoch=52 epoch_sec=3.6 elapsed_min=3.9 gpu_alloc_gb=0.272 gpu_reserved_gb=1.510
[repeat=0 fold=4] [epoch=38/50] ssl_loss=0.037760 lr=0.00002823 base_val_bce=0.581774 base_best=N base_cls_epoch=55 epoch_sec=2.9 task_elapsed_min=4.0 gpu_alloc_gb=0.272 gpu_reserved_gb=1.510
[ssl_epoch=38/50] ssl_loss=0.037760 lr=0.00002823 base_val_bce=0.581774 base_best=N base_cls_epoch=55 epoch_sec=3.2 elapsed_min=4.0 gpu_alloc_gb=0.272 gpu_reserved_gb=1.510
[repeat=0 fold=4] [epoch=39/50] ssl_loss=0.045264 lr=0.00002401 base_val_bce=0.579535 base_best=N base_cls_epoch=59 epoch_sec=3.3 task_elapsed_min=4.0 gpu_alloc_gb=0.272 gpu_reserved_gb=1.510
[ssl_epoch=39/50] ssl_loss=0.045264 lr=0.00002401 base_val_bce=0.579535 base_best=N base_cls_epoch=59 epoch_sec=5.6 elapsed_min=4.0 gpu_alloc_gb=0.272 gpu_reserved_gb=1.510
CHECKPOINT_LATEST repeat=0 scope=internal_cv fold=4 phase=ssl epoch=40 path=/data/adodas/VarCoNet-V2-main/xiaolunwen/experiment2b/checkpoints/worker_r0_latest.pt
[repeat=0 fold=4] [epoch=40/50] ssl_loss=0.049238 lr=0.00002006 base_val_bce=0.569795 base_best=N base_cls_epoch=53 epoch_sec=5.6 task_elapsed_min=4.1 gpu_alloc_gb=0.272 gpu_reserved_gb=1.510
[ssl_epoch=40/50] ssl_loss=0.049238 lr=0.00002006 base_val_bce=0.569795 base_best=N base_cls_epoch=53 epoch_sec=5.6 elapsed_min=4.1 gpu_alloc_gb=0.272 gpu_reserved_gb=1.510
[repeat=0 fold=4] [epoch=41/50] ssl_loss=0.051806 lr=0.00001641 base_val_bce=0.576252 base_best=N base_cls_epoch=55 epoch_sec=2.9 task_elapsed_min=4.2 gpu_alloc_gb=0.272 gpu_reserved_gb=1.510
[ssl_epoch=41/50] ssl_loss=0.051806 lr=0.00001641 base_val_bce=0.576252 base_best=N base_cls_epoch=55 epoch_sec=2.9 elapsed_min=4.2 gpu_alloc_gb=0.272 gpu_reserved_gb=1.510
[repeat=0 fold=4] [epoch=42/50] ssl_loss=0.043365 lr=0.00001308 base_val_bce=0.571104 base_best=N base_cls_epoch=53 epoch_sec=3.2 task_elapsed_min=4.3 gpu_alloc_gb=0.272 gpu_reserved_gb=1.510
[ssl_epoch=42/50] ssl_loss=0.043365 lr=0.00001308 base_val_bce=0.571104 base_best=N base_cls_epoch=53 epoch_sec=3.5 elapsed_min=4.3 gpu_alloc_gb=0.272 gpu_reserved_gb=1.510
[repeat=0 fold=4] [epoch=43/50] ssl_loss=0.045609 lr=0.00001009 base_val_bce=0.567368 base_best=N base_cls_epoch=56 epoch_sec=4.8 task_elapsed_min=4.4 gpu_alloc_gb=0.272 gpu_reserved_gb=1.510
[ssl_epoch=43/50] ssl_loss=0.045609 lr=0.00001009 base_val_bce=0.567368 base_best=N base_cls_epoch=56 epoch_sec=4.9 elapsed_min=4.4 gpu_alloc_gb=0.272 gpu_reserved_gb=1.510
[repeat=0 fold=4] [epoch=44/50] ssl_loss=0.035863 lr=0.00000746 base_val_bce=0.574588 base_best=N base_cls_epoch=53 epoch_sec=3.8 task_elapsed_min=4.4 gpu_alloc_gb=0.272 gpu_reserved_gb=1.510
[ssl_epoch=44/50] ssl_loss=0.035863 lr=0.00000746 base_val_bce=0.574588 base_best=N base_cls_epoch=53 epoch_sec=3.8 elapsed_min=4.4 gpu_alloc_gb=0.272 gpu_reserved_gb=1.510
[repeat=0 fold=4] [epoch=45/50] ssl_loss=0.040280 lr=0.00000521 base_val_bce=0.574319 base_best=N base_cls_epoch=52 epoch_sec=4.0 task_elapsed_min=4.5 gpu_alloc_gb=0.272 gpu_reserved_gb=1.510
[ssl_epoch=45/50] ssl_loss=0.040280 lr=0.00000521 base_val_bce=0.574319 base_best=N base_cls_epoch=52 epoch_sec=4.3 elapsed_min=4.5 gpu_alloc_gb=0.272 gpu_reserved_gb=1.510
[repeat=0 fold=4] [epoch=46/50] ssl_loss=0.045652 lr=0.00000335 base_val_bce=0.582262 base_best=N base_cls_epoch=58 epoch_sec=3.6 task_elapsed_min=4.6 gpu_alloc_gb=0.272 gpu_reserved_gb=1.510
[ssl_epoch=46/50] ssl_loss=0.045652 lr=0.00000335 base_val_bce=0.582262 base_best=N base_cls_epoch=58 epoch_sec=3.8 elapsed_min=4.6 gpu_alloc_gb=0.272 gpu_reserved_gb=1.510
[repeat=0 fold=4] [epoch=47/50] ssl_loss=0.039691 lr=0.00000189 base_val_bce=0.581820 base_best=N base_cls_epoch=58 epoch_sec=3.9 task_elapsed_min=4.7 gpu_alloc_gb=0.272 gpu_reserved_gb=1.510
[ssl_epoch=47/50] ssl_loss=0.039691 lr=0.00000189 base_val_bce=0.581820 base_best=N base_cls_epoch=58 epoch_sec=4.0 elapsed_min=4.7 gpu_alloc_gb=0.272 gpu_reserved_gb=1.510
[repeat=0 fold=4] [epoch=48/50] ssl_loss=0.040222 lr=0.00000084 base_val_bce=0.571982 base_best=N base_cls_epoch=61 epoch_sec=3.2 task_elapsed_min=4.7 gpu_alloc_gb=0.272 gpu_reserved_gb=1.510
[ssl_epoch=48/50] ssl_loss=0.040222 lr=0.00000084 base_val_bce=0.571982 base_best=N base_cls_epoch=61 epoch_sec=3.3 elapsed_min=4.7 gpu_alloc_gb=0.272 gpu_reserved_gb=1.510
[repeat=0 fold=4] [epoch=49/50] ssl_loss=0.034759 lr=0.00000021 base_val_bce=0.575287 base_best=N base_cls_epoch=58 epoch_sec=2.1 task_elapsed_min=4.8 gpu_alloc_gb=0.272 gpu_reserved_gb=1.510
[ssl_epoch=49/50] ssl_loss=0.034759 lr=0.00000021 base_val_bce=0.575287 base_best=N base_cls_epoch=58 epoch_sec=3.2 elapsed_min=4.8 gpu_alloc_gb=0.272 gpu_reserved_gb=1.510
CHECKPOINT_LATEST repeat=0 scope=internal_cv fold=4 phase=ssl epoch=50 path=/data/adodas/VarCoNet-V2-main/xiaolunwen/experiment2b/checkpoints/worker_r0_latest.pt
[repeat=0 fold=4] [epoch=50/50] ssl_loss=0.036302 lr=0.00000000 base_val_bce=0.571528 base_best=N base_cls_epoch=51 epoch_sec=15.0 task_elapsed_min=4.8 gpu_alloc_gb=0.272 gpu_reserved_gb=1.510
[ssl_epoch=50/50] ssl_loss=0.036302 lr=0.00000000 base_val_bce=0.571528 base_best=N base_cls_epoch=51 epoch_sec=15.0 elapsed_min=4.8 gpu_alloc_gb=0.272 gpu_reserved_gb=1.510
RESIDUAL_EPOCH repeat=0 scope=internal_cv fold=4 epoch=0 val_bce=0.561776 best=Y dynamic_dim=73536
CHECKPOINT_BEST repeat=0 scope=internal_cv fold=4 phase=residual epoch=1 path=/data/adodas/VarCoNet-V2-main/xiaolunwen/experiment2b/checkpoints/worker_r0_best.pt
[residual_epoch=1/149] residual_loss=0.167587 val_bce=0.558884 best=Y best_epoch=1 epoch_sec=6.7 task_elapsed_min=5.0
CHECKPOINT_LATEST repeat=0 scope=internal_cv fold=4 phase=residual epoch=10 path=/data/adodas/VarCoNet-V2-main/xiaolunwen/experiment2b/checkpoints/worker_r0_latest.pt
[residual_epoch=10/149] residual_loss=0.097335 val_bce=0.574497 best=N best_epoch=1 epoch_sec=3.4 task_elapsed_min=5.2
CHECKPOINT_LATEST repeat=0 scope=internal_cv fold=4 phase=residual epoch=20 path=/data/adodas/VarCoNet-V2-main/xiaolunwen/experiment2b/checkpoints/worker_r0_latest.pt
[residual_epoch=20/149] residual_loss=0.058732 val_bce=0.597299 best=N best_epoch=1 epoch_sec=2.1 task_elapsed_min=5.2
CHECKPOINT_LATEST repeat=0 scope=internal_cv fold=4 phase=residual epoch=30 path=/data/adodas/VarCoNet-V2-main/xiaolunwen/experiment2b/checkpoints/worker_r0_latest.pt
[residual_epoch=30/149] residual_loss=0.038179 val_bce=0.619069 best=N best_epoch=1 epoch_sec=1.4 task_elapsed_min=5.3
CHECKPOINT_LATEST repeat=0 scope=internal_cv fold=4 phase=residual epoch=40 path=/data/adodas/VarCoNet-V2-main/xiaolunwen/experiment2b/checkpoints/worker_r0_latest.pt
[residual_epoch=40/149] residual_loss=0.027005 val_bce=0.638581 best=N best_epoch=1 epoch_sec=6.7 task_elapsed_min=5.3
CHECKPOINT_LATEST repeat=0 scope=internal_cv fold=4 phase=residual epoch=50 path=/data/adodas/VarCoNet-V2-main/xiaolunwen/experiment2b/checkpoints/worker_r0_latest.pt
[residual_epoch=50/149] residual_loss=0.020469 val_bce=0.656656 best=N best_epoch=1 epoch_sec=8.1 task_elapsed_min=5.4
CHECKPOINT_LATEST repeat=0 scope=internal_cv fold=4 phase=residual epoch=60 path=/data/adodas/VarCoNet-V2-main/xiaolunwen/experiment2b/checkpoints/worker_r0_latest.pt
[residual_epoch=60/149] residual_loss=0.016330 val_bce=0.672995 best=N best_epoch=1 epoch_sec=3.4 task_elapsed_min=5.5
CHECKPOINT_LATEST repeat=0 scope=internal_cv fold=4 phase=residual epoch=70 path=/data/adodas/VarCoNet-V2-main/xiaolunwen/experiment2b/checkpoints/worker_r0_latest.pt
[residual_epoch=70/149] residual_loss=0.013509 val_bce=0.687734 best=N best_epoch=1 epoch_sec=4.6 task_elapsed_min=5.6
CHECKPOINT_LATEST repeat=0 scope=internal_cv fold=4 phase=residual epoch=80 path=/data/adodas/VarCoNet-V2-main/xiaolunwen/experiment2b/checkpoints/worker_r0_latest.pt
[residual_epoch=80/149] residual_loss=0.011468 val_bce=0.701088 best=N best_epoch=1 epoch_sec=5.8 task_elapsed_min=5.7
CHECKPOINT_LATEST repeat=0 scope=internal_cv fold=4 phase=residual epoch=90 path=/data/adodas/VarCoNet-V2-main/xiaolunwen/experiment2b/checkpoints/worker_r0_latest.pt
[residual_epoch=90/149] residual_loss=0.009920 val_bce=0.713107 best=N best_epoch=1 epoch_sec=5.3 task_elapsed_min=5.8
CHECKPOINT_LATEST repeat=0 scope=internal_cv fold=4 phase=residual epoch=100 path=/data/adodas/VarCoNet-V2-main/xiaolunwen/experiment2b/checkpoints/worker_r0_latest.pt
[residual_epoch=100/149] residual_loss=0.008705 val_bce=0.724111 best=N best_epoch=1 epoch_sec=4.5 task_elapsed_min=5.9
CHECKPOINT_LATEST repeat=0 scope=internal_cv fold=4 phase=residual epoch=110 path=/data/adodas/VarCoNet-V2-main/xiaolunwen/experiment2b/checkpoints/worker_r0_latest.pt
[residual_epoch=110/149] residual_loss=0.007725 val_bce=0.734526 best=N best_epoch=1 epoch_sec=5.2 task_elapsed_min=5.9
CHECKPOINT_LATEST repeat=0 scope=internal_cv fold=4 phase=residual epoch=120 path=/data/adodas/VarCoNet-V2-main/xiaolunwen/experiment2b/checkpoints/worker_r0_latest.pt
[residual_epoch=120/149] residual_loss=0.006920 val_bce=0.744364 best=N best_epoch=1 epoch_sec=7.1 task_elapsed_min=6.0
CHECKPOINT_LATEST repeat=0 scope=internal_cv fold=4 phase=residual epoch=130 path=/data/adodas/VarCoNet-V2-main/xiaolunwen/experiment2b/checkpoints/worker_r0_latest.pt
[residual_epoch=130/149] residual_loss=0.006246 val_bce=0.753586 best=N best_epoch=1 epoch_sec=3.3 task_elapsed_min=6.1
CHECKPOINT_LATEST repeat=0 scope=internal_cv fold=4 phase=residual epoch=140 path=/data/adodas/VarCoNet-V2-main/xiaolunwen/experiment2b/checkpoints/worker_r0_latest.pt
[residual_epoch=140/149] residual_loss=0.005675 val_bce=0.762355 best=N best_epoch=1 epoch_sec=0.8 task_elapsed_min=6.2
RESIDUAL_DONE repeat=0 scope=internal_cv fold=4 selected_encoder_epoch=23 selected_classifier_epoch=49 selected_residual_epoch=1 val_bce=0.558884
TASK_TRAINING_DONE repeat=0 scope=internal_cv fold=4 base_epoch=23 dyn_epoch=23 base_val_bce=0.561776 dyn_val_bce=0.558884
TASK_DONE repeat=0 scope=internal_fold fold=4 method=baseline selected_encoder_epoch=23 test_auc=0.631988 test_bce=0.683438 elapsed_min=6.2
TASK_DONE repeat=0 scope=internal_fold fold=4 method=pretransformer_edge_residual selected_encoder_epoch=23 test_auc=0.644410 test_bce=0.687412 elapsed_min=6.2
TASK_START repeat=0 scope=internal_cv fold=5 seed=100005 device=cuda:0 shared_encoder=Y
CHECKPOINT_BEST repeat=0 scope=internal_cv fold=5 phase=ssl epoch=1 path=/data/adodas/VarCoNet-V2-main/xiaolunwen/experiment2b/checkpoints/worker_r0_best.pt
[repeat=0 fold=5] [epoch=1/50] ssl_loss=0.136161 lr=0.00002411 base_val_bce=0.621233 base_best=Y base_cls_epoch=51 epoch_sec=8.4 task_elapsed_min=0.1 gpu_alloc_gb=0.272 gpu_reserved_gb=1.510
[ssl_epoch=1/50] ssl_loss=0.136161 lr=0.00002411 base_val_bce=0.621233 base_best=Y base_cls_epoch=51 epoch_sec=8.4 elapsed_min=0.1 gpu_alloc_gb=0.272 gpu_reserved_gb=1.510
CHECKPOINT_BEST repeat=0 scope=internal_cv fold=5 phase=ssl epoch=2 path=/data/adodas/VarCoNet-V2-main/xiaolunwen/experiment2b/checkpoints/worker_r0_best.pt
[repeat=0 fold=5] [epoch=2/50] ssl_loss=0.150551 lr=0.00003821 base_val_bce=0.608019 base_best=Y base_cls_epoch=54 epoch_sec=7.4 task_elapsed_min=0.2 gpu_alloc_gb=0.272 gpu_reserved_gb=1.510
[ssl_epoch=2/50] ssl_loss=0.150551 lr=0.00003821 base_val_bce=0.608019 base_best=Y base_cls_epoch=54 epoch_sec=7.4 elapsed_min=0.2 gpu_alloc_gb=0.272 gpu_reserved_gb=1.510
[repeat=0 fold=5] [epoch=3/50] ssl_loss=0.124604 lr=0.00005232 base_val_bce=0.613725 base_best=N base_cls_epoch=53 epoch_sec=1.8 task_elapsed_min=0.3 gpu_alloc_gb=0.272 gpu_reserved_gb=1.510
[ssl_epoch=3/50] ssl_loss=0.124604 lr=0.00005232 base_val_bce=0.613725 base_best=N base_cls_epoch=53 epoch_sec=2.6 elapsed_min=0.3 gpu_alloc_gb=0.272 gpu_reserved_gb=1.510
[repeat=0 fold=5] [epoch=4/50] ssl_loss=0.132288 lr=0.00006643 base_val_bce=0.609577 base_best=N base_cls_epoch=49 epoch_sec=4.5 task_elapsed_min=0.4 gpu_alloc_gb=0.272 gpu_reserved_gb=1.510
[ssl_epoch=4/50] ssl_loss=0.132288 lr=0.00006643 base_val_bce=0.609577 base_best=N base_cls_epoch=49 epoch_sec=4.6 elapsed_min=0.4 gpu_alloc_gb=0.272 gpu_reserved_gb=1.510
[repeat=0 fold=5] [epoch=5/50] ssl_loss=0.105534 lr=0.00008053 base_val_bce=0.613003 base_best=N base_cls_epoch=43 epoch_sec=1.8 task_elapsed_min=0.4 gpu_alloc_gb=0.272 gpu_reserved_gb=1.510
[ssl_epoch=5/50] ssl_loss=0.105534 lr=0.00008053 base_val_bce=0.613003 base_best=N base_cls_epoch=43 epoch_sec=1.8 elapsed_min=0.4 gpu_alloc_gb=0.272 gpu_reserved_gb=1.510
CHECKPOINT_BEST repeat=0 scope=internal_cv fold=5 phase=ssl epoch=6 path=/data/adodas/VarCoNet-V2-main/xiaolunwen/experiment2b/checkpoints/worker_r0_best.pt
[repeat=0 fold=5] [epoch=6/50] ssl_loss=0.100750 lr=0.00009464 base_val_bce=0.604421 base_best=Y base_cls_epoch=50 epoch_sec=5.9 task_elapsed_min=0.5 gpu_alloc_gb=0.272 gpu_reserved_gb=1.510
[ssl_epoch=6/50] ssl_loss=0.100750 lr=0.00009464 base_val_bce=0.604421 base_best=Y base_cls_epoch=50 epoch_sec=6.0 elapsed_min=0.5 gpu_alloc_gb=0.272 gpu_reserved_gb=1.510
CHECKPOINT_BEST repeat=0 scope=internal_cv fold=5 phase=ssl epoch=7 path=/data/adodas/VarCoNet-V2-main/xiaolunwen/experiment2b/checkpoints/worker_r0_best.pt
[repeat=0 fold=5] [epoch=7/50] ssl_loss=0.099961 lr=0.00010875 base_val_bce=0.602074 base_best=Y base_cls_epoch=48 epoch_sec=4.2 task_elapsed_min=0.6 gpu_alloc_gb=0.272 gpu_reserved_gb=1.510
[ssl_epoch=7/50] ssl_loss=0.099961 lr=0.00010875 base_val_bce=0.602074 base_best=Y base_cls_epoch=48 epoch_sec=4.2 elapsed_min=0.6 gpu_alloc_gb=0.272 gpu_reserved_gb=1.510
CHECKPOINT_BEST repeat=0 scope=internal_cv fold=5 phase=ssl epoch=8 path=/data/adodas/VarCoNet-V2-main/xiaolunwen/experiment2b/checkpoints/worker_r0_best.pt
[repeat=0 fold=5] [epoch=8/50] ssl_loss=0.093373 lr=0.00012285 base_val_bce=0.598846 base_best=Y base_cls_epoch=48 epoch_sec=4.8 task_elapsed_min=0.6 gpu_alloc_gb=0.272 gpu_reserved_gb=1.510
[ssl_epoch=8/50] ssl_loss=0.093373 lr=0.00012285 base_val_bce=0.598846 base_best=Y base_cls_epoch=48 epoch_sec=4.8 elapsed_min=0.6 gpu_alloc_gb=0.272 gpu_reserved_gb=1.510
CHECKPOINT_BEST repeat=0 scope=internal_cv fold=5 phase=ssl epoch=9 path=/data/adodas/VarCoNet-V2-main/xiaolunwen/experiment2b/checkpoints/worker_r0_best.pt
[repeat=0 fold=5] [epoch=9/50] ssl_loss=0.108472 lr=0.00013696 base_val_bce=0.588997 base_best=Y base_cls_epoch=42 epoch_sec=5.9 task_elapsed_min=0.7 gpu_alloc_gb=0.272 gpu_reserved_gb=1.510
[ssl_epoch=9/50] ssl_loss=0.108472 lr=0.00013696 base_val_bce=0.588997 base_best=Y base_cls_epoch=42 epoch_sec=5.9 elapsed_min=0.7 gpu_alloc_gb=0.272 gpu_reserved_gb=1.510
CHECKPOINT_LATEST repeat=0 scope=internal_cv fold=5 phase=ssl epoch=10 path=/data/adodas/VarCoNet-V2-main/xiaolunwen/experiment2b/checkpoints/worker_r0_latest.pt
[repeat=0 fold=5] [epoch=10/50] ssl_loss=0.056722 lr=0.00013696 base_val_bce=0.595958 base_best=N base_cls_epoch=43 epoch_sec=6.6 task_elapsed_min=0.8 gpu_alloc_gb=0.272 gpu_reserved_gb=1.510
[ssl_epoch=10/50] ssl_loss=0.056722 lr=0.00013696 base_val_bce=0.595958 base_best=N base_cls_epoch=43 epoch_sec=6.6 elapsed_min=0.8 gpu_alloc_gb=0.272 gpu_reserved_gb=1.510
[repeat=0 fold=5] [epoch=11/50] ssl_loss=0.070531 lr=0.00013675 base_val_bce=0.597887 base_best=N base_cls_epoch=48 epoch_sec=3.1 task_elapsed_min=0.9 gpu_alloc_gb=0.272 gpu_reserved_gb=1.510
[ssl_epoch=11/50] ssl_loss=0.070531 lr=0.00013675 base_val_bce=0.597887 base_best=N base_cls_epoch=48 epoch_sec=3.5 elapsed_min=0.9 gpu_alloc_gb=0.272 gpu_reserved_gb=1.510
[repeat=0 fold=5] [epoch=12/50] ssl_loss=0.061272 lr=0.00013612 base_val_bce=0.591307 base_best=N base_cls_epoch=45 epoch_sec=1.9 task_elapsed_min=1.0 gpu_alloc_gb=0.272 gpu_reserved_gb=1.510
[ssl_epoch=12/50] ssl_loss=0.061272 lr=0.00013612 base_val_bce=0.591307 base_best=N base_cls_epoch=45 epoch_sec=2.2 elapsed_min=1.0 gpu_alloc_gb=0.272 gpu_reserved_gb=1.510
[repeat=0 fold=5] [epoch=13/50] ssl_loss=0.051431 lr=0.00013507 base_val_bce=0.592475 base_best=N base_cls_epoch=46 epoch_sec=2.4 task_elapsed_min=1.0 gpu_alloc_gb=0.272 gpu_reserved_gb=1.510
[ssl_epoch=13/50] ssl_loss=0.051431 lr=0.00013507 base_val_bce=0.592475 base_best=N base_cls_epoch=46 epoch_sec=2.4 elapsed_min=1.0 gpu_alloc_gb=0.272 gpu_reserved_gb=1.510
[repeat=0 fold=5] [epoch=14/50] ssl_loss=0.053359 lr=0.00013361 base_val_bce=0.593539 base_best=N base_cls_epoch=47 epoch_sec=4.8 task_elapsed_min=1.1 gpu_alloc_gb=0.272 gpu_reserved_gb=1.510
[ssl_epoch=14/50] ssl_loss=0.053359 lr=0.00013361 base_val_bce=0.593539 base_best=N base_cls_epoch=47 epoch_sec=6.4 elapsed_min=1.1 gpu_alloc_gb=0.272 gpu_reserved_gb=1.510
[repeat=0 fold=5] [epoch=15/50] ssl_loss=0.058355 lr=0.00013175 base_val_bce=0.591151 base_best=N base_cls_epoch=48 epoch_sec=2.6 task_elapsed_min=1.2 gpu_alloc_gb=0.272 gpu_reserved_gb=1.510
[ssl_epoch=15/50] ssl_loss=0.058355 lr=0.00013175 base_val_bce=0.591151 base_best=N base_cls_epoch=48 epoch_sec=2.7 elapsed_min=1.2 gpu_alloc_gb=0.272 gpu_reserved_gb=1.510
CHECKPOINT_BEST repeat=0 scope=internal_cv fold=5 phase=ssl epoch=16 path=/data/adodas/VarCoNet-V2-main/xiaolunwen/experiment2b/checkpoints/worker_r0_best.pt
[repeat=0 fold=5] [epoch=16/50] ssl_loss=0.051938 lr=0.00012950 base_val_bce=0.587767 base_best=Y base_cls_epoch=48 epoch_sec=8.0 task_elapsed_min=1.2 gpu_alloc_gb=0.272 gpu_reserved_gb=1.510
[ssl_epoch=16/50] ssl_loss=0.051938 lr=0.00012950 base_val_bce=0.587767 base_best=Y base_cls_epoch=48 epoch_sec=8.0 elapsed_min=1.2 gpu_alloc_gb=0.272 gpu_reserved_gb=1.510
CHECKPOINT_BEST repeat=0 scope=internal_cv fold=5 phase=ssl epoch=17 path=/data/adodas/VarCoNet-V2-main/xiaolunwen/experiment2b/checkpoints/worker_r0_best.pt
[repeat=0 fold=5] [epoch=17/50] ssl_loss=0.047137 lr=0.00012687 base_val_bce=0.586797 base_best=Y base_cls_epoch=47 epoch_sec=8.7 task_elapsed_min=1.4 gpu_alloc_gb=0.272 gpu_reserved_gb=1.510
[ssl_epoch=17/50] ssl_loss=0.047137 lr=0.00012687 base_val_bce=0.586797 base_best=Y base_cls_epoch=47 epoch_sec=8.7 elapsed_min=1.4 gpu_alloc_gb=0.272 gpu_reserved_gb=1.510
CHECKPOINT_BEST repeat=0 scope=internal_cv fold=5 phase=ssl epoch=18 path=/data/adodas/VarCoNet-V2-main/xiaolunwen/experiment2b/checkpoints/worker_r0_best.pt
[repeat=0 fold=5] [epoch=18/50] ssl_loss=0.044860 lr=0.00012388 base_val_bce=0.584904 base_best=Y base_cls_epoch=48 epoch_sec=9.0 task_elapsed_min=1.5 gpu_alloc_gb=0.272 gpu_reserved_gb=1.510
[ssl_epoch=18/50] ssl_loss=0.044860 lr=0.00012388 base_val_bce=0.584904 base_best=Y base_cls_epoch=48 epoch_sec=9.4 elapsed_min=1.5 gpu_alloc_gb=0.272 gpu_reserved_gb=1.510
[repeat=0 fold=5] [epoch=19/50] ssl_loss=0.044387 lr=0.00012055 base_val_bce=0.590624 base_best=N base_cls_epoch=47 epoch_sec=3.4 task_elapsed_min=1.7 gpu_alloc_gb=0.272 gpu_reserved_gb=1.510
[ssl_epoch=19/50] ssl_loss=0.044387 lr=0.00012055 base_val_bce=0.590624 base_best=N base_cls_epoch=47 epoch_sec=4.1 elapsed_min=1.7 gpu_alloc_gb=0.272 gpu_reserved_gb=1.510
CHECKPOINT_LATEST repeat=0 scope=internal_cv fold=5 phase=ssl epoch=20 path=/data/adodas/VarCoNet-V2-main/xiaolunwen/experiment2b/checkpoints/worker_r0_latest.pt
[repeat=0 fold=5] [epoch=20/50] ssl_loss=0.045494 lr=0.00011690 base_val_bce=0.595960 base_best=N base_cls_epoch=47 epoch_sec=9.8 task_elapsed_min=1.7 gpu_alloc_gb=0.272 gpu_reserved_gb=1.510
[ssl_epoch=20/50] ssl_loss=0.045494 lr=0.00011690 base_val_bce=0.595960 base_best=N base_cls_epoch=47 epoch_sec=9.8 elapsed_min=1.7 gpu_alloc_gb=0.272 gpu_reserved_gb=1.510
CHECKPOINT_BEST repeat=0 scope=internal_cv fold=5 phase=ssl epoch=21 path=/data/adodas/VarCoNet-V2-main/xiaolunwen/experiment2b/checkpoints/worker_r0_best.pt
[repeat=0 fold=5] [epoch=21/50] ssl_loss=0.061256 lr=0.00011296 base_val_bce=0.583593 base_best=Y base_cls_epoch=47 epoch_sec=11.1 task_elapsed_min=1.9 gpu_alloc_gb=0.272 gpu_reserved_gb=1.510
[ssl_epoch=21/50] ssl_loss=0.061256 lr=0.00011296 base_val_bce=0.583593 base_best=Y base_cls_epoch=47 epoch_sec=11.2 elapsed_min=1.9 gpu_alloc_gb=0.272 gpu_reserved_gb=1.510
[repeat=0 fold=5] [epoch=22/50] ssl_loss=0.051983 lr=0.00010873 base_val_bce=0.586029 base_best=N base_cls_epoch=48 epoch_sec=2.1 task_elapsed_min=2.1 gpu_alloc_gb=0.272 gpu_reserved_gb=1.510
[ssl_epoch=22/50] ssl_loss=0.051983 lr=0.00010873 base_val_bce=0.586029 base_best=N base_cls_epoch=48 epoch_sec=2.3 elapsed_min=2.1 gpu_alloc_gb=0.272 gpu_reserved_gb=1.510
[repeat=0 fold=5] [epoch=23/50] ssl_loss=0.052038 lr=0.00010426 base_val_bce=0.587350 base_best=N base_cls_epoch=46 epoch_sec=3.6 task_elapsed_min=2.1 gpu_alloc_gb=0.272 gpu_reserved_gb=1.510
[ssl_epoch=23/50] ssl_loss=0.052038 lr=0.00010426 base_val_bce=0.587350 base_best=N base_cls_epoch=46 epoch_sec=4.0 elapsed_min=2.1 gpu_alloc_gb=0.272 gpu_reserved_gb=1.510
[repeat=0 fold=5] [epoch=24/50] ssl_loss=0.037775 lr=0.00009957 base_val_bce=0.584735 base_best=N base_cls_epoch=45 epoch_sec=3.0 task_elapsed_min=2.2 gpu_alloc_gb=0.272 gpu_reserved_gb=1.510
[ssl_epoch=24/50] ssl_loss=0.037775 lr=0.00009957 base_val_bce=0.584735 base_best=N base_cls_epoch=45 epoch_sec=3.3 elapsed_min=2.2 gpu_alloc_gb=0.272 gpu_reserved_gb=1.510
[repeat=0 fold=5] [epoch=25/50] ssl_loss=0.049514 lr=0.00009469 base_val_bce=0.585957 base_best=N base_cls_epoch=50 epoch_sec=4.0 task_elapsed_min=2.3 gpu_alloc_gb=0.272 gpu_reserved_gb=1.510
[ssl_epoch=25/50] ssl_loss=0.049514 lr=0.00009469 base_val_bce=0.585957 base_best=N base_cls_epoch=50 epoch_sec=4.0 elapsed_min=2.3 gpu_alloc_gb=0.272 gpu_reserved_gb=1.510
[repeat=0 fold=5] [epoch=26/50] ssl_loss=0.051471 lr=0.00008964 base_val_bce=0.585063 base_best=N base_cls_epoch=48 epoch_sec=3.5 task_elapsed_min=2.3 gpu_alloc_gb=0.272 gpu_reserved_gb=1.510
[ssl_epoch=26/50] ssl_loss=0.051471 lr=0.00008964 base_val_bce=0.585063 base_best=N base_cls_epoch=48 epoch_sec=3.5 elapsed_min=2.3 gpu_alloc_gb=0.272 gpu_reserved_gb=1.510
[repeat=0 fold=5] [epoch=27/50] ssl_loss=0.044987 lr=0.00008447 base_val_bce=0.593392 base_best=N base_cls_epoch=52 epoch_sec=3.7 task_elapsed_min=2.4 gpu_alloc_gb=0.272 gpu_reserved_gb=1.510
[ssl_epoch=27/50] ssl_loss=0.044987 lr=0.00008447 base_val_bce=0.593392 base_best=N base_cls_epoch=52 epoch_sec=3.7 elapsed_min=2.4 gpu_alloc_gb=0.272 gpu_reserved_gb=1.510
[repeat=0 fold=5] [epoch=28/50] ssl_loss=0.047050 lr=0.00007919 base_val_bce=0.592128 base_best=N base_cls_epoch=37 epoch_sec=2.8 task_elapsed_min=2.4 gpu_alloc_gb=0.272 gpu_reserved_gb=1.510
[ssl_epoch=28/50] ssl_loss=0.047050 lr=0.00007919 base_val_bce=0.592128 base_best=N base_cls_epoch=37 epoch_sec=2.9 elapsed_min=2.4 gpu_alloc_gb=0.272 gpu_reserved_gb=1.510
[repeat=0 fold=5] [epoch=29/50] ssl_loss=0.045372 lr=0.00007385 base_val_bce=0.588376 base_best=N base_cls_epoch=40 epoch_sec=3.4 task_elapsed_min=2.5 gpu_alloc_gb=0.272 gpu_reserved_gb=1.510
[ssl_epoch=29/50] ssl_loss=0.045372 lr=0.00007385 base_val_bce=0.588376 base_best=N base_cls_epoch=40 epoch_sec=3.8 elapsed_min=2.5 gpu_alloc_gb=0.272 gpu_reserved_gb=1.510
CHECKPOINT_LATEST repeat=0 scope=internal_cv fold=5 phase=ssl epoch=30 path=/data/adodas/VarCoNet-V2-main/xiaolunwen/experiment2b/checkpoints/worker_r0_latest.pt
[repeat=0 fold=5] [epoch=30/50] ssl_loss=0.039361 lr=0.00006848 base_val_bce=0.591285 base_best=N base_cls_epoch=42 epoch_sec=7.1 task_elapsed_min=2.6 gpu_alloc_gb=0.272 gpu_reserved_gb=1.510
[ssl_epoch=30/50] ssl_loss=0.039361 lr=0.00006848 base_val_bce=0.591285 base_best=N base_cls_epoch=42 epoch_sec=7.1 elapsed_min=2.6 gpu_alloc_gb=0.272 gpu_reserved_gb=1.510
[repeat=0 fold=5] [epoch=31/50] ssl_loss=0.037412 lr=0.00006311 base_val_bce=0.589657 base_best=N base_cls_epoch=49 epoch_sec=3.2 task_elapsed_min=2.7 gpu_alloc_gb=0.272 gpu_reserved_gb=1.510
[ssl_epoch=31/50] ssl_loss=0.037412 lr=0.00006311 base_val_bce=0.589657 base_best=N base_cls_epoch=49 epoch_sec=3.7 elapsed_min=2.7 gpu_alloc_gb=0.272 gpu_reserved_gb=1.510
[repeat=0 fold=5] [epoch=32/50] ssl_loss=0.040228 lr=0.00005777 base_val_bce=0.601728 base_best=N base_cls_epoch=45 epoch_sec=3.5 task_elapsed_min=2.8 gpu_alloc_gb=0.272 gpu_reserved_gb=1.510
[ssl_epoch=32/50] ssl_loss=0.040228 lr=0.00005777 base_val_bce=0.601728 base_best=N base_cls_epoch=45 epoch_sec=3.5 elapsed_min=2.8 gpu_alloc_gb=0.272 gpu_reserved_gb=1.510
CHECKPOINT_BEST repeat=0 scope=internal_cv fold=5 phase=ssl epoch=33 path=/data/adodas/VarCoNet-V2-main/xiaolunwen/experiment2b/checkpoints/worker_r0_best.pt
[repeat=0 fold=5] [epoch=33/50] ssl_loss=0.046731 lr=0.00005249 base_val_bce=0.581993 base_best=Y base_cls_epoch=42 epoch_sec=10.0 task_elapsed_min=2.8 gpu_alloc_gb=0.272 gpu_reserved_gb=1.510
[ssl_epoch=33/50] ssl_loss=0.046731 lr=0.00005249 base_val_bce=0.581993 base_best=Y base_cls_epoch=42 epoch_sec=10.0 elapsed_min=2.8 gpu_alloc_gb=0.272 gpu_reserved_gb=1.510
[repeat=0 fold=5] [epoch=34/50] ssl_loss=0.032377 lr=0.00004732 base_val_bce=0.586674 base_best=N base_cls_epoch=42 epoch_sec=3.0 task_elapsed_min=3.0 gpu_alloc_gb=0.272 gpu_reserved_gb=1.510
[ssl_epoch=34/50] ssl_loss=0.032377 lr=0.00004732 base_val_bce=0.586674 base_best=N base_cls_epoch=42 epoch_sec=3.1 elapsed_min=3.0 gpu_alloc_gb=0.272 gpu_reserved_gb=1.510
[repeat=0 fold=5] [epoch=35/50] ssl_loss=0.042811 lr=0.00004227 base_val_bce=0.582817 base_best=N base_cls_epoch=44 epoch_sec=2.8 task_elapsed_min=3.0 gpu_alloc_gb=0.272 gpu_reserved_gb=1.510
[ssl_epoch=35/50] ssl_loss=0.042811 lr=0.00004227 base_val_bce=0.582817 base_best=N base_cls_epoch=44 epoch_sec=5.1 elapsed_min=3.0 gpu_alloc_gb=0.272 gpu_reserved_gb=1.510
[repeat=0 fold=5] [epoch=36/50] ssl_loss=0.045054 lr=0.00003739 base_val_bce=0.587576 base_best=N base_cls_epoch=39 epoch_sec=3.3 task_elapsed_min=3.1 gpu_alloc_gb=0.272 gpu_reserved_gb=1.510
[ssl_epoch=36/50] ssl_loss=0.045054 lr=0.00003739 base_val_bce=0.587576 base_best=N base_cls_epoch=39 epoch_sec=4.3 elapsed_min=3.1 gpu_alloc_gb=0.272 gpu_reserved_gb=1.510
[repeat=0 fold=5] [epoch=37/50] ssl_loss=0.049775 lr=0.00003270 base_val_bce=0.589530 base_best=N base_cls_epoch=46 epoch_sec=3.0 task_elapsed_min=3.2 gpu_alloc_gb=0.272 gpu_reserved_gb=1.510
[ssl_epoch=37/50] ssl_loss=0.049775 lr=0.00003270 base_val_bce=0.589530 base_best=N base_cls_epoch=46 epoch_sec=3.2 elapsed_min=3.2 gpu_alloc_gb=0.272 gpu_reserved_gb=1.510
[repeat=0 fold=5] [epoch=38/50] ssl_loss=0.035957 lr=0.00002823 base_val_bce=0.591880 base_best=N base_cls_epoch=43 epoch_sec=3.5 task_elapsed_min=3.3 gpu_alloc_gb=0.272 gpu_reserved_gb=1.510
[ssl_epoch=38/50] ssl_loss=0.035957 lr=0.00002823 base_val_bce=0.591880 base_best=N base_cls_epoch=43 epoch_sec=4.2 elapsed_min=3.3 gpu_alloc_gb=0.272 gpu_reserved_gb=1.510
[repeat=0 fold=5] [epoch=39/50] ssl_loss=0.047598 lr=0.00002401 base_val_bce=0.600757 base_best=N base_cls_epoch=44 epoch_sec=2.6 task_elapsed_min=3.3 gpu_alloc_gb=0.272 gpu_reserved_gb=1.510
[ssl_epoch=39/50] ssl_loss=0.047598 lr=0.00002401 base_val_bce=0.600757 base_best=N base_cls_epoch=44 epoch_sec=3.2 elapsed_min=3.3 gpu_alloc_gb=0.272 gpu_reserved_gb=1.510
CHECKPOINT_LATEST repeat=0 scope=internal_cv fold=5 phase=ssl epoch=40 path=/data/adodas/VarCoNet-V2-main/xiaolunwen/experiment2b/checkpoints/worker_r0_latest.pt
[repeat=0 fold=5] [epoch=40/50] ssl_loss=0.036932 lr=0.00002006 base_val_bce=0.586914 base_best=N base_cls_epoch=42 epoch_sec=14.1 task_elapsed_min=3.4 gpu_alloc_gb=0.272 gpu_reserved_gb=1.510
[ssl_epoch=40/50] ssl_loss=0.036932 lr=0.00002006 base_val_bce=0.586914 base_best=N base_cls_epoch=42 epoch_sec=14.2 elapsed_min=3.4 gpu_alloc_gb=0.272 gpu_reserved_gb=1.510
[repeat=0 fold=5] [epoch=41/50] ssl_loss=0.035903 lr=0.00001641 base_val_bce=0.584050 base_best=N base_cls_epoch=43 epoch_sec=4.0 task_elapsed_min=3.6 gpu_alloc_gb=0.272 gpu_reserved_gb=1.510
[ssl_epoch=41/50] ssl_loss=0.035903 lr=0.00001641 base_val_bce=0.584050 base_best=N base_cls_epoch=43 epoch_sec=4.1 elapsed_min=3.6 gpu_alloc_gb=0.272 gpu_reserved_gb=1.510
CHECKPOINT_BEST repeat=0 scope=internal_cv fold=5 phase=ssl epoch=42 path=/data/adodas/VarCoNet-V2-main/xiaolunwen/experiment2b/checkpoints/worker_r0_best.pt
[repeat=0 fold=5] [epoch=42/50] ssl_loss=0.035242 lr=0.00001308 base_val_bce=0.577402 base_best=Y base_cls_epoch=44 epoch_sec=8.3 task_elapsed_min=3.7 gpu_alloc_gb=0.272 gpu_reserved_gb=1.510
[ssl_epoch=42/50] ssl_loss=0.035242 lr=0.00001308 base_val_bce=0.577402 base_best=Y base_cls_epoch=44 epoch_sec=8.3 elapsed_min=3.7 gpu_alloc_gb=0.272 gpu_reserved_gb=1.510
[repeat=0 fold=5] [epoch=43/50] ssl_loss=0.052197 lr=0.00001009 base_val_bce=0.594277 base_best=N base_cls_epoch=45 epoch_sec=2.6 task_elapsed_min=3.8 gpu_alloc_gb=0.272 gpu_reserved_gb=1.510
[ssl_epoch=43/50] ssl_loss=0.052197 lr=0.00001009 base_val_bce=0.594277 base_best=N base_cls_epoch=45 epoch_sec=2.8 elapsed_min=3.8 gpu_alloc_gb=0.272 gpu_reserved_gb=1.510
[repeat=0 fold=5] [epoch=44/50] ssl_loss=0.036965 lr=0.00000746 base_val_bce=0.582954 base_best=N base_cls_epoch=48 epoch_sec=3.2 task_elapsed_min=3.9 gpu_alloc_gb=0.272 gpu_reserved_gb=1.510
[ssl_epoch=44/50] ssl_loss=0.036965 lr=0.00000746 base_val_bce=0.582954 base_best=N base_cls_epoch=48 epoch_sec=3.5 elapsed_min=3.9 gpu_alloc_gb=0.272 gpu_reserved_gb=1.510
[repeat=0 fold=5] [epoch=45/50] ssl_loss=0.044147 lr=0.00000521 base_val_bce=0.594954 base_best=N base_cls_epoch=48 epoch_sec=3.7 task_elapsed_min=4.0 gpu_alloc_gb=0.272 gpu_reserved_gb=1.510
[ssl_epoch=45/50] ssl_loss=0.044147 lr=0.00000521 base_val_bce=0.594954 base_best=N base_cls_epoch=48 epoch_sec=3.7 elapsed_min=4.0 gpu_alloc_gb=0.272 gpu_reserved_gb=1.510
[repeat=0 fold=5] [epoch=46/50] ssl_loss=0.043614 lr=0.00000335 base_val_bce=0.586213 base_best=N base_cls_epoch=42 epoch_sec=3.5 task_elapsed_min=4.0 gpu_alloc_gb=0.272 gpu_reserved_gb=1.510
[ssl_epoch=46/50] ssl_loss=0.043614 lr=0.00000335 base_val_bce=0.586213 base_best=N base_cls_epoch=42 epoch_sec=4.3 elapsed_min=4.0 gpu_alloc_gb=0.272 gpu_reserved_gb=1.510
[repeat=0 fold=5] [epoch=47/50] ssl_loss=0.045873 lr=0.00000189 base_val_bce=0.588510 base_best=N base_cls_epoch=44 epoch_sec=3.6 task_elapsed_min=4.1 gpu_alloc_gb=0.272 gpu_reserved_gb=1.510
[ssl_epoch=47/50] ssl_loss=0.045873 lr=0.00000189 base_val_bce=0.588510 base_best=N base_cls_epoch=44 epoch_sec=3.8 elapsed_min=4.1 gpu_alloc_gb=0.272 gpu_reserved_gb=1.510
[repeat=0 fold=5] [epoch=48/50] ssl_loss=0.046607 lr=0.00000084 base_val_bce=0.594682 base_best=N base_cls_epoch=39 epoch_sec=3.8 task_elapsed_min=4.2 gpu_alloc_gb=0.272 gpu_reserved_gb=1.510
[ssl_epoch=48/50] ssl_loss=0.046607 lr=0.00000084 base_val_bce=0.594682 base_best=N base_cls_epoch=39 epoch_sec=3.8 elapsed_min=4.2 gpu_alloc_gb=0.272 gpu_reserved_gb=1.510
[repeat=0 fold=5] [epoch=49/50] ssl_loss=0.045176 lr=0.00000021 base_val_bce=0.582497 base_best=N base_cls_epoch=45 epoch_sec=4.4 task_elapsed_min=4.2 gpu_alloc_gb=0.272 gpu_reserved_gb=1.510
[ssl_epoch=49/50] ssl_loss=0.045176 lr=0.00000021 base_val_bce=0.582497 base_best=N base_cls_epoch=45 epoch_sec=4.6 elapsed_min=4.2 gpu_alloc_gb=0.272 gpu_reserved_gb=1.510
CHECKPOINT_LATEST repeat=0 scope=internal_cv fold=5 phase=ssl epoch=50 path=/data/adodas/VarCoNet-V2-main/xiaolunwen/experiment2b/checkpoints/worker_r0_latest.pt
[repeat=0 fold=5] [epoch=50/50] ssl_loss=0.032618 lr=0.00000000 base_val_bce=0.593030 base_best=N base_cls_epoch=42 epoch_sec=11.1 task_elapsed_min=4.3 gpu_alloc_gb=0.272 gpu_reserved_gb=1.510
[ssl_epoch=50/50] ssl_loss=0.032618 lr=0.00000000 base_val_bce=0.593030 base_best=N base_cls_epoch=42 epoch_sec=11.1 elapsed_min=4.3 gpu_alloc_gb=0.272 gpu_reserved_gb=1.510
RESIDUAL_EPOCH repeat=0 scope=internal_cv fold=5 epoch=0 val_bce=0.577402 best=Y dynamic_dim=73536
CHECKPOINT_LATEST repeat=0 scope=internal_cv fold=5 phase=residual epoch=10 path=/data/adodas/VarCoNet-V2-main/xiaolunwen/experiment2b/checkpoints/worker_r0_latest.pt
[residual_epoch=10/149] residual_loss=0.094220 val_bce=0.587653 best=N best_epoch=0 epoch_sec=4.2 task_elapsed_min=4.4
CHECKPOINT_LATEST repeat=0 scope=internal_cv fold=5 phase=residual epoch=20 path=/data/adodas/VarCoNet-V2-main/xiaolunwen/experiment2b/checkpoints/worker_r0_latest.pt
[residual_epoch=20/149] residual_loss=0.046634 val_bce=0.593847 best=N best_epoch=0 epoch_sec=2.0 task_elapsed_min=4.5
CHECKPOINT_LATEST repeat=0 scope=internal_cv fold=5 phase=residual epoch=30 path=/data/adodas/VarCoNet-V2-main/xiaolunwen/experiment2b/checkpoints/worker_r0_latest.pt
[residual_epoch=30/149] residual_loss=0.027061 val_bce=0.603766 best=N best_epoch=0 epoch_sec=9.8 task_elapsed_min=4.5
CHECKPOINT_LATEST repeat=0 scope=internal_cv fold=5 phase=residual epoch=40 path=/data/adodas/VarCoNet-V2-main/xiaolunwen/experiment2b/checkpoints/worker_r0_latest.pt
[residual_epoch=40/149] residual_loss=0.018128 val_bce=0.613097 best=N best_epoch=0 epoch_sec=2.6 task_elapsed_min=4.7
CHECKPOINT_LATEST repeat=0 scope=internal_cv fold=5 phase=residual epoch=50 path=/data/adodas/VarCoNet-V2-main/xiaolunwen/experiment2b/checkpoints/worker_r0_latest.pt
[residual_epoch=50/149] residual_loss=0.013474 val_bce=0.622031 best=N best_epoch=0 epoch_sec=7.8 task_elapsed_min=4.8
CHECKPOINT_LATEST repeat=0 scope=internal_cv fold=5 phase=residual epoch=60 path=/data/adodas/VarCoNet-V2-main/xiaolunwen/experiment2b/checkpoints/worker_r0_latest.pt
[residual_epoch=60/149] residual_loss=0.010711 val_bce=0.630358 best=N best_epoch=0 epoch_sec=1.0 task_elapsed_min=4.9
CHECKPOINT_LATEST repeat=0 scope=internal_cv fold=5 phase=residual epoch=70 path=/data/adodas/VarCoNet-V2-main/xiaolunwen/experiment2b/checkpoints/worker_r0_latest.pt
[residual_epoch=70/149] residual_loss=0.008885 val_bce=0.637707 best=N best_epoch=0 epoch_sec=0.8 task_elapsed_min=4.9
CHECKPOINT_LATEST repeat=0 scope=internal_cv fold=5 phase=residual epoch=80 path=/data/adodas/VarCoNet-V2-main/xiaolunwen/experiment2b/checkpoints/worker_r0_latest.pt
[residual_epoch=80/149] residual_loss=0.007575 val_bce=0.644283 best=N best_epoch=0 epoch_sec=0.9 task_elapsed_min=4.9
CHECKPOINT_LATEST repeat=0 scope=internal_cv fold=5 phase=residual epoch=90 path=/data/adodas/VarCoNet-V2-main/xiaolunwen/experiment2b/checkpoints/worker_r0_latest.pt
[residual_epoch=90/149] residual_loss=0.006582 val_bce=0.650247 best=N best_epoch=0 epoch_sec=0.7 task_elapsed_min=4.9
CHECKPOINT_LATEST repeat=0 scope=internal_cv fold=5 phase=residual epoch=100 path=/data/adodas/VarCoNet-V2-main/xiaolunwen/experiment2b/checkpoints/worker_r0_latest.pt
[residual_epoch=100/149] residual_loss=0.005798 val_bce=0.655795 best=N best_epoch=0 epoch_sec=0.4 task_elapsed_min=4.9
CHECKPOINT_LATEST repeat=0 scope=internal_cv fold=5 phase=residual epoch=110 path=/data/adodas/VarCoNet-V2-main/xiaolunwen/experiment2b/checkpoints/worker_r0_latest.pt
[residual_epoch=110/149] residual_loss=0.005162 val_bce=0.661078 best=N best_epoch=0 epoch_sec=4.1 task_elapsed_min=5.0
CHECKPOINT_LATEST repeat=0 scope=internal_cv fold=5 phase=residual epoch=120 path=/data/adodas/VarCoNet-V2-main/xiaolunwen/experiment2b/checkpoints/worker_r0_latest.pt
[residual_epoch=120/149] residual_loss=0.004636 val_bce=0.666082 best=N best_epoch=0 epoch_sec=3.2 task_elapsed_min=5.0
CHECKPOINT_LATEST repeat=0 scope=internal_cv fold=5 phase=residual epoch=130 path=/data/adodas/VarCoNet-V2-main/xiaolunwen/experiment2b/checkpoints/worker_r0_latest.pt
[residual_epoch=130/149] residual_loss=0.004194 val_bce=0.670856 best=N best_epoch=0 epoch_sec=0.8 task_elapsed_min=5.1
CHECKPOINT_LATEST repeat=0 scope=internal_cv fold=5 phase=residual epoch=140 path=/data/adodas/VarCoNet-V2-main/xiaolunwen/experiment2b/checkpoints/worker_r0_latest.pt
[residual_epoch=140/149] residual_loss=0.003818 val_bce=0.675410 best=N best_epoch=0 epoch_sec=4.4 task_elapsed_min=5.1
RESIDUAL_DONE repeat=0 scope=internal_cv fold=5 selected_encoder_epoch=42 selected_classifier_epoch=44 selected_residual_epoch=0 val_bce=0.577402
TASK_TRAINING_DONE repeat=0 scope=internal_cv fold=5 base_epoch=42 dyn_epoch=42 base_val_bce=0.577402 dyn_val_bce=0.577402
TASK_DONE repeat=0 scope=internal_fold fold=5 method=baseline selected_encoder_epoch=42 test_auc=0.718734 test_bce=0.624163 elapsed_min=5.2
TASK_DONE repeat=0 scope=internal_fold fold=5 method=pretransformer_edge_residual selected_encoder_epoch=42 test_auc=0.718734 test_bce=0.624163 elapsed_min=5.2
TASK_START repeat=0 scope=internal_cv fold=6 seed=100006 device=cuda:0 shared_encoder=Y
CHECKPOINT_BEST repeat=0 scope=internal_cv fold=6 phase=ssl epoch=1 path=/data/adodas/VarCoNet-V2-main/xiaolunwen/experiment2b/checkpoints/worker_r0_best.pt
[repeat=0 fold=6] [epoch=1/50] ssl_loss=0.188809 lr=0.00002411 base_val_bce=0.679515 base_best=Y base_cls_epoch=3 epoch_sec=8.0 task_elapsed_min=0.1 gpu_alloc_gb=0.272 gpu_reserved_gb=1.510
[ssl_epoch=1/50] ssl_loss=0.188809 lr=0.00002411 base_val_bce=0.679515 base_best=Y base_cls_epoch=3 epoch_sec=8.5 elapsed_min=0.1 gpu_alloc_gb=0.272 gpu_reserved_gb=1.510
CHECKPOINT_BEST repeat=0 scope=internal_cv fold=6 phase=ssl epoch=2 path=/data/adodas/VarCoNet-V2-main/xiaolunwen/experiment2b/checkpoints/worker_r0_best.pt
[repeat=0 fold=6] [epoch=2/50] ssl_loss=0.157527 lr=0.00003821 base_val_bce=0.677436 base_best=Y base_cls_epoch=5 epoch_sec=8.0 task_elapsed_min=0.2 gpu_alloc_gb=0.272 gpu_reserved_gb=1.510
[ssl_epoch=2/50] ssl_loss=0.157527 lr=0.00003821 base_val_bce=0.677436 base_best=Y base_cls_epoch=5 epoch_sec=8.0 elapsed_min=0.2 gpu_alloc_gb=0.272 gpu_reserved_gb=1.510
[repeat=0 fold=6] [epoch=3/50] ssl_loss=0.155152 lr=0.00005232 base_val_bce=0.679874 base_best=N base_cls_epoch=3 epoch_sec=3.9 task_elapsed_min=0.4 gpu_alloc_gb=0.272 gpu_reserved_gb=1.510
[ssl_epoch=3/50] ssl_loss=0.155152 lr=0.00005232 base_val_bce=0.679874 base_best=N base_cls_epoch=3 epoch_sec=4.3 elapsed_min=0.4 gpu_alloc_gb=0.272 gpu_reserved_gb=1.510
[repeat=0 fold=6] [epoch=4/50] ssl_loss=0.148511 lr=0.00006643 base_val_bce=0.684207 base_best=N base_cls_epoch=6 epoch_sec=1.8 task_elapsed_min=0.4 gpu_alloc_gb=0.272 gpu_reserved_gb=1.510
[ssl_epoch=4/50] ssl_loss=0.148511 lr=0.00006643 base_val_bce=0.684207 base_best=N base_cls_epoch=6 epoch_sec=1.9 elapsed_min=0.4 gpu_alloc_gb=0.272 gpu_reserved_gb=1.510
[repeat=0 fold=6] [epoch=5/50] ssl_loss=0.142682 lr=0.00008053 base_val_bce=0.690977 base_best=N base_cls_epoch=5 epoch_sec=2.4 task_elapsed_min=0.5 gpu_alloc_gb=0.272 gpu_reserved_gb=1.510
[ssl_epoch=5/50] ssl_loss=0.142682 lr=0.00008053 base_val_bce=0.690977 base_best=N base_cls_epoch=5 epoch_sec=3.0 elapsed_min=0.5 gpu_alloc_gb=0.272 gpu_reserved_gb=1.510
[repeat=0 fold=6] [epoch=6/50] ssl_loss=0.125162 lr=0.00009464 base_val_bce=0.695844 base_best=N base_cls_epoch=7 epoch_sec=2.4 task_elapsed_min=0.5 gpu_alloc_gb=0.272 gpu_reserved_gb=1.510
[ssl_epoch=6/50] ssl_loss=0.125162 lr=0.00009464 base_val_bce=0.695844 base_best=N base_cls_epoch=7 epoch_sec=2.5 elapsed_min=0.5 gpu_alloc_gb=0.272 gpu_reserved_gb=1.510
[repeat=0 fold=6] [epoch=7/50] ssl_loss=0.140608 lr=0.00010875 base_val_bce=0.685236 base_best=N base_cls_epoch=6 epoch_sec=3.6 task_elapsed_min=0.6 gpu_alloc_gb=0.272 gpu_reserved_gb=1.510
[ssl_epoch=7/50] ssl_loss=0.140608 lr=0.00010875 base_val_bce=0.685236 base_best=N base_cls_epoch=6 epoch_sec=3.7 elapsed_min=0.6 gpu_alloc_gb=0.272 gpu_reserved_gb=1.510
[repeat=0 fold=6] [epoch=8/50] ssl_loss=0.113034 lr=0.00012285 base_val_bce=0.694438 base_best=N base_cls_epoch=7 epoch_sec=3.3 task_elapsed_min=0.6 gpu_alloc_gb=0.272 gpu_reserved_gb=1.510
[ssl_epoch=8/50] ssl_loss=0.113034 lr=0.00012285 base_val_bce=0.694438 base_best=N base_cls_epoch=7 epoch_sec=4.3 elapsed_min=0.6 gpu_alloc_gb=0.272 gpu_reserved_gb=1.510
[repeat=0 fold=6] [epoch=9/50] ssl_loss=0.084695 lr=0.00013696 base_val_bce=0.681763 base_best=N base_cls_epoch=7 epoch_sec=3.3 task_elapsed_min=0.7 gpu_alloc_gb=0.272 gpu_reserved_gb=1.510
[ssl_epoch=9/50] ssl_loss=0.084695 lr=0.00013696 base_val_bce=0.681763 base_best=N base_cls_epoch=7 epoch_sec=3.9 elapsed_min=0.7 gpu_alloc_gb=0.272 gpu_reserved_gb=1.510
CHECKPOINT_BEST repeat=0 scope=internal_cv fold=6 phase=ssl epoch=10 path=/data/adodas/VarCoNet-V2-main/xiaolunwen/experiment2b/checkpoints/worker_r0_best.pt
CHECKPOINT_LATEST repeat=0 scope=internal_cv fold=6 phase=ssl epoch=10 path=/data/adodas/VarCoNet-V2-main/xiaolunwen/experiment2b/checkpoints/worker_r0_latest.pt
[repeat=0 fold=6] [epoch=10/50] ssl_loss=0.094025 lr=0.00013696 base_val_bce=0.673337 base_best=Y base_cls_epoch=10 epoch_sec=22.6 task_elapsed_min=0.8 gpu_alloc_gb=0.272 gpu_reserved_gb=1.510
[ssl_epoch=10/50] ssl_loss=0.094025 lr=0.00013696 base_val_bce=0.673337 base_best=Y base_cls_epoch=10 epoch_sec=23.5 elapsed_min=0.8 gpu_alloc_gb=0.272 gpu_reserved_gb=1.510
[repeat=0 fold=6] [epoch=11/50] ssl_loss=0.059630 lr=0.00013675 base_val_bce=0.677052 base_best=N base_cls_epoch=12 epoch_sec=2.4 task_elapsed_min=1.2 gpu_alloc_gb=0.272 gpu_reserved_gb=1.510
[ssl_epoch=11/50] ssl_loss=0.059630 lr=0.00013675 base_val_bce=0.677052 base_best=N base_cls_epoch=12 epoch_sec=2.5 elapsed_min=1.2 gpu_alloc_gb=0.272 gpu_reserved_gb=1.510
[repeat=0 fold=6] [epoch=12/50] ssl_loss=0.056072 lr=0.00013612 base_val_bce=0.685631 base_best=N base_cls_epoch=13 epoch_sec=3.3 task_elapsed_min=1.2 gpu_alloc_gb=0.272 gpu_reserved_gb=1.510
[ssl_epoch=12/50] ssl_loss=0.056072 lr=0.00013612 base_val_bce=0.685631 base_best=N base_cls_epoch=13 epoch_sec=3.7 elapsed_min=1.2 gpu_alloc_gb=0.272 gpu_reserved_gb=1.510
[repeat=0 fold=6] [epoch=13/50] ssl_loss=0.049307 lr=0.00013507 base_val_bce=0.676561 base_best=N base_cls_epoch=20 epoch_sec=3.6 task_elapsed_min=1.3 gpu_alloc_gb=0.272 gpu_reserved_gb=1.510
[ssl_epoch=13/50] ssl_loss=0.049307 lr=0.00013507 base_val_bce=0.676561 base_best=N base_cls_epoch=20 epoch_sec=3.7 elapsed_min=1.3 gpu_alloc_gb=0.272 gpu_reserved_gb=1.510
CHECKPOINT_BEST repeat=0 scope=internal_cv fold=6 phase=ssl epoch=14 path=/data/adodas/VarCoNet-V2-main/xiaolunwen/experiment2b/checkpoints/worker_r0_best.pt
[repeat=0 fold=6] [epoch=14/50] ssl_loss=0.056212 lr=0.00013361 base_val_bce=0.664756 base_best=Y base_cls_epoch=25 epoch_sec=9.7 task_elapsed_min=1.3 gpu_alloc_gb=0.272 gpu_reserved_gb=1.510
[ssl_epoch=14/50] ssl_loss=0.056212 lr=0.00013361 base_val_bce=0.664756 base_best=Y base_cls_epoch=25 epoch_sec=9.7 elapsed_min=1.3 gpu_alloc_gb=0.272 gpu_reserved_gb=1.510
[repeat=0 fold=6] [epoch=15/50] ssl_loss=0.064808 lr=0.00013175 base_val_bce=0.670074 base_best=N base_cls_epoch=7 epoch_sec=3.0 task_elapsed_min=1.5 gpu_alloc_gb=0.272 gpu_reserved_gb=1.510
[ssl_epoch=15/50] ssl_loss=0.064808 lr=0.00013175 base_val_bce=0.670074 base_best=N base_cls_epoch=7 epoch_sec=3.3 elapsed_min=1.5 gpu_alloc_gb=0.272 gpu_reserved_gb=1.510
[repeat=0 fold=6] [epoch=16/50] ssl_loss=0.054580 lr=0.00012950 base_val_bce=0.669931 base_best=N base_cls_epoch=20 epoch_sec=2.6 task_elapsed_min=1.6 gpu_alloc_gb=0.272 gpu_reserved_gb=1.510
[ssl_epoch=16/50] ssl_loss=0.054580 lr=0.00012950 base_val_bce=0.669931 base_best=N base_cls_epoch=20 epoch_sec=3.0 elapsed_min=1.6 gpu_alloc_gb=0.272 gpu_reserved_gb=1.510
CHECKPOINT_BEST repeat=0 scope=internal_cv fold=6 phase=ssl epoch=17 path=/data/adodas/VarCoNet-V2-main/xiaolunwen/experiment2b/checkpoints/worker_r0_best.pt
[repeat=0 fold=6] [epoch=17/50] ssl_loss=0.051317 lr=0.00012687 base_val_bce=0.662630 base_best=Y base_cls_epoch=9 epoch_sec=11.5 task_elapsed_min=1.6 gpu_alloc_gb=0.272 gpu_reserved_gb=1.510
[ssl_epoch=17/50] ssl_loss=0.051317 lr=0.00012687 base_val_bce=0.662630 base_best=Y base_cls_epoch=9 epoch_sec=11.5 elapsed_min=1.6 gpu_alloc_gb=0.272 gpu_reserved_gb=1.510
[repeat=0 fold=6] [epoch=18/50] ssl_loss=0.047089 lr=0.00012388 base_val_bce=0.665015 base_best=N base_cls_epoch=24 epoch_sec=3.6 task_elapsed_min=1.8 gpu_alloc_gb=0.272 gpu_reserved_gb=1.510
[ssl_epoch=18/50] ssl_loss=0.047089 lr=0.00012388 base_val_bce=0.665015 base_best=N base_cls_epoch=24 epoch_sec=3.7 elapsed_min=1.8 gpu_alloc_gb=0.272 gpu_reserved_gb=1.510
[repeat=0 fold=6] [epoch=19/50] ssl_loss=0.037611 lr=0.00012055 base_val_bce=0.679286 base_best=N base_cls_epoch=16 epoch_sec=3.6 task_elapsed_min=1.9 gpu_alloc_gb=0.272 gpu_reserved_gb=1.510
[ssl_epoch=19/50] ssl_loss=0.037611 lr=0.00012055 base_val_bce=0.679286 base_best=N base_cls_epoch=16 epoch_sec=3.7 elapsed_min=1.9 gpu_alloc_gb=0.272 gpu_reserved_gb=1.510
CHECKPOINT_LATEST repeat=0 scope=internal_cv fold=6 phase=ssl epoch=20 path=/data/adodas/VarCoNet-V2-main/xiaolunwen/experiment2b/checkpoints/worker_r0_latest.pt
[repeat=0 fold=6] [epoch=20/50] ssl_loss=0.074896 lr=0.00011690 base_val_bce=0.679775 base_best=N base_cls_epoch=16 epoch_sec=9.0 task_elapsed_min=1.9 gpu_alloc_gb=0.272 gpu_reserved_gb=1.510
[ssl_epoch=20/50] ssl_loss=0.074896 lr=0.00011690 base_val_bce=0.679775 base_best=N base_cls_epoch=16 epoch_sec=9.0 elapsed_min=1.9 gpu_alloc_gb=0.272 gpu_reserved_gb=1.510
[repeat=0 fold=6] [epoch=21/50] ssl_loss=0.057671 lr=0.00011296 base_val_bce=0.666508 base_best=N base_cls_epoch=26 epoch_sec=3.5 task_elapsed_min=2.1 gpu_alloc_gb=0.272 gpu_reserved_gb=1.510
[ssl_epoch=21/50] ssl_loss=0.057671 lr=0.00011296 base_val_bce=0.666508 base_best=N base_cls_epoch=26 epoch_sec=4.0 elapsed_min=2.1 gpu_alloc_gb=0.272 gpu_reserved_gb=1.510
[repeat=0 fold=6] [epoch=22/50] ssl_loss=0.042294 lr=0.00010873 base_val_bce=0.672767 base_best=N base_cls_epoch=19 epoch_sec=3.9 task_elapsed_min=2.2 gpu_alloc_gb=0.272 gpu_reserved_gb=1.510
[ssl_epoch=22/50] ssl_loss=0.042294 lr=0.00010873 base_val_bce=0.672767 base_best=N base_cls_epoch=19 epoch_sec=3.9 elapsed_min=2.2 gpu_alloc_gb=0.272 gpu_reserved_gb=1.510
[repeat=0 fold=6] [epoch=23/50] ssl_loss=0.055739 lr=0.00010426 base_val_bce=0.663772 base_best=N base_cls_epoch=19 epoch_sec=3.6 task_elapsed_min=2.2 gpu_alloc_gb=0.272 gpu_reserved_gb=1.510
[ssl_epoch=23/50] ssl_loss=0.055739 lr=0.00010426 base_val_bce=0.663772 base_best=N base_cls_epoch=19 epoch_sec=3.6 elapsed_min=2.2 gpu_alloc_gb=0.272 gpu_reserved_gb=1.510
[repeat=0 fold=6] [epoch=24/50] ssl_loss=0.036975 lr=0.00009957 base_val_bce=0.670613 base_best=N base_cls_epoch=21 epoch_sec=3.2 task_elapsed_min=2.3 gpu_alloc_gb=0.272 gpu_reserved_gb=1.510
[ssl_epoch=24/50] ssl_loss=0.036975 lr=0.00009957 base_val_bce=0.670613 base_best=N base_cls_epoch=21 epoch_sec=3.9 elapsed_min=2.3 gpu_alloc_gb=0.272 gpu_reserved_gb=1.510
[repeat=0 fold=6] [epoch=25/50] ssl_loss=0.066805 lr=0.00009469 base_val_bce=0.672204 base_best=N base_cls_epoch=23 epoch_sec=3.8 task_elapsed_min=2.4 gpu_alloc_gb=0.272 gpu_reserved_gb=1.510
[ssl_epoch=25/50] ssl_loss=0.066805 lr=0.00009469 base_val_bce=0.672204 base_best=N base_cls_epoch=23 epoch_sec=3.9 elapsed_min=2.4 gpu_alloc_gb=0.272 gpu_reserved_gb=1.510
[repeat=0 fold=6] [epoch=26/50] ssl_loss=0.038852 lr=0.00008964 base_val_bce=0.679516 base_best=N base_cls_epoch=21 epoch_sec=3.6 task_elapsed_min=2.4 gpu_alloc_gb=0.272 gpu_reserved_gb=1.510
[ssl_epoch=26/50] ssl_loss=0.038852 lr=0.00008964 base_val_bce=0.679516 base_best=N base_cls_epoch=21 epoch_sec=4.0 elapsed_min=2.4 gpu_alloc_gb=0.272 gpu_reserved_gb=1.510
[repeat=0 fold=6] [epoch=27/50] ssl_loss=0.044852 lr=0.00008447 base_val_bce=0.664406 base_best=N base_cls_epoch=18 epoch_sec=2.4 task_elapsed_min=2.5 gpu_alloc_gb=0.272 gpu_reserved_gb=1.510
[ssl_epoch=27/50] ssl_loss=0.044852 lr=0.00008447 base_val_bce=0.664406 base_best=N base_cls_epoch=18 epoch_sec=2.5 elapsed_min=2.5 gpu_alloc_gb=0.272 gpu_reserved_gb=1.510
CHECKPOINT_BEST repeat=0 scope=internal_cv fold=6 phase=ssl epoch=28 path=/data/adodas/VarCoNet-V2-main/xiaolunwen/experiment2b/checkpoints/worker_r0_best.pt
[repeat=0 fold=6] [epoch=28/50] ssl_loss=0.036248 lr=0.00007919 base_val_bce=0.658304 base_best=Y base_cls_epoch=25 epoch_sec=11.5 task_elapsed_min=2.5 gpu_alloc_gb=0.272 gpu_reserved_gb=1.510
[ssl_epoch=28/50] ssl_loss=0.036248 lr=0.00007919 base_val_bce=0.658304 base_best=Y base_cls_epoch=25 epoch_sec=11.5 elapsed_min=2.5 gpu_alloc_gb=0.272 gpu_reserved_gb=1.510
[repeat=0 fold=6] [epoch=29/50] ssl_loss=0.043025 lr=0.00007385 base_val_bce=0.670055 base_best=N base_cls_epoch=23 epoch_sec=3.0 task_elapsed_min=2.7 gpu_alloc_gb=0.272 gpu_reserved_gb=1.510
[ssl_epoch=29/50] ssl_loss=0.043025 lr=0.00007385 base_val_bce=0.670055 base_best=N base_cls_epoch=23 epoch_sec=3.1 elapsed_min=2.7 gpu_alloc_gb=0.272 gpu_reserved_gb=1.510
CHECKPOINT_LATEST repeat=0 scope=internal_cv fold=6 phase=ssl epoch=30 path=/data/adodas/VarCoNet-V2-main/xiaolunwen/experiment2b/checkpoints/worker_r0_latest.pt
[repeat=0 fold=6] [epoch=30/50] ssl_loss=0.054102 lr=0.00006848 base_val_bce=0.671105 base_best=N base_cls_epoch=30 epoch_sec=7.2 task_elapsed_min=2.8 gpu_alloc_gb=0.272 gpu_reserved_gb=1.510
[ssl_epoch=30/50] ssl_loss=0.054102 lr=0.00006848 base_val_bce=0.671105 base_best=N base_cls_epoch=30 epoch_sec=7.2 elapsed_min=2.8 gpu_alloc_gb=0.272 gpu_reserved_gb=1.510
[repeat=0 fold=6] [epoch=31/50] ssl_loss=0.045681 lr=0.00006311 base_val_bce=0.681797 base_best=N base_cls_epoch=26 epoch_sec=4.3 task_elapsed_min=2.9 gpu_alloc_gb=0.272 gpu_reserved_gb=1.510
[ssl_epoch=31/50] ssl_loss=0.045681 lr=0.00006311 base_val_bce=0.681797 base_best=N base_cls_epoch=26 epoch_sec=5.6 elapsed_min=2.9 gpu_alloc_gb=0.272 gpu_reserved_gb=1.510
[repeat=0 fold=6] [epoch=32/50] ssl_loss=0.043500 lr=0.00005777 base_val_bce=0.674415 base_best=N base_cls_epoch=27 epoch_sec=3.9 task_elapsed_min=3.0 gpu_alloc_gb=0.272 gpu_reserved_gb=1.510
[ssl_epoch=32/50] ssl_loss=0.043500 lr=0.00005777 base_val_bce=0.674415 base_best=N base_cls_epoch=27 epoch_sec=4.0 elapsed_min=3.0 gpu_alloc_gb=0.272 gpu_reserved_gb=1.510
[repeat=0 fold=6] [epoch=33/50] ssl_loss=0.038589 lr=0.00005249 base_val_bce=0.675557 base_best=N base_cls_epoch=19 epoch_sec=2.7 task_elapsed_min=3.0 gpu_alloc_gb=0.272 gpu_reserved_gb=1.510
[ssl_epoch=33/50] ssl_loss=0.038589 lr=0.00005249 base_val_bce=0.675557 base_best=N base_cls_epoch=19 epoch_sec=6.7 elapsed_min=3.0 gpu_alloc_gb=0.272 gpu_reserved_gb=1.510
CHECKPOINT_BEST repeat=0 scope=internal_cv fold=6 phase=ssl epoch=34 path=/data/adodas/VarCoNet-V2-main/xiaolunwen/experiment2b/checkpoints/worker_r0_best.pt
[repeat=0 fold=6] [epoch=34/50] ssl_loss=0.044684 lr=0.00004732 base_val_bce=0.658225 base_best=Y base_cls_epoch=26 epoch_sec=5.7 task_elapsed_min=3.2 gpu_alloc_gb=0.272 gpu_reserved_gb=1.510
[ssl_epoch=34/50] ssl_loss=0.044684 lr=0.00004732 base_val_bce=0.658225 base_best=Y base_cls_epoch=26 epoch_sec=5.7 elapsed_min=3.2 gpu_alloc_gb=0.272 gpu_reserved_gb=1.510
[repeat=0 fold=6] [epoch=35/50] ssl_loss=0.044949 lr=0.00004227 base_val_bce=0.676357 base_best=N base_cls_epoch=26 epoch_sec=4.3 task_elapsed_min=3.3 gpu_alloc_gb=0.272 gpu_reserved_gb=1.510
[ssl_epoch=35/50] ssl_loss=0.044949 lr=0.00004227 base_val_bce=0.676357 base_best=N base_cls_epoch=26 epoch_sec=4.3 elapsed_min=3.3 gpu_alloc_gb=0.272 gpu_reserved_gb=1.510
[repeat=0 fold=6] [epoch=36/50] ssl_loss=0.046383 lr=0.00003739 base_val_bce=0.666054 base_best=N base_cls_epoch=15 epoch_sec=2.8 task_elapsed_min=3.3 gpu_alloc_gb=0.272 gpu_reserved_gb=1.510
[ssl_epoch=36/50] ssl_loss=0.046383 lr=0.00003739 base_val_bce=0.666054 base_best=N base_cls_epoch=15 epoch_sec=2.8 elapsed_min=3.3 gpu_alloc_gb=0.272 gpu_reserved_gb=1.510
[repeat=0 fold=6] [epoch=37/50] ssl_loss=0.050414 lr=0.00003270 base_val_bce=0.664622 base_best=N base_cls_epoch=16 epoch_sec=2.2 task_elapsed_min=3.4 gpu_alloc_gb=0.272 gpu_reserved_gb=1.510
[ssl_epoch=37/50] ssl_loss=0.050414 lr=0.00003270 base_val_bce=0.664622 base_best=N base_cls_epoch=16 epoch_sec=2.2 elapsed_min=3.4 gpu_alloc_gb=0.272 gpu_reserved_gb=1.510
[repeat=0 fold=6] [epoch=38/50] ssl_loss=0.046571 lr=0.00002823 base_val_bce=0.667461 base_best=N base_cls_epoch=23 epoch_sec=3.8 task_elapsed_min=3.4 gpu_alloc_gb=0.272 gpu_reserved_gb=1.510
[ssl_epoch=38/50] ssl_loss=0.046571 lr=0.00002823 base_val_bce=0.667461 base_best=N base_cls_epoch=23 epoch_sec=4.4 elapsed_min=3.4 gpu_alloc_gb=0.272 gpu_reserved_gb=1.510
[repeat=0 fold=6] [epoch=39/50] ssl_loss=0.048497 lr=0.00002401 base_val_bce=0.669964 base_best=N base_cls_epoch=25 epoch_sec=3.1 task_elapsed_min=3.5 gpu_alloc_gb=0.272 gpu_reserved_gb=1.510
[ssl_epoch=39/50] ssl_loss=0.048497 lr=0.00002401 base_val_bce=0.669964 base_best=N base_cls_epoch=25 epoch_sec=3.1 elapsed_min=3.5 gpu_alloc_gb=0.272 gpu_reserved_gb=1.510
CHECKPOINT_LATEST repeat=0 scope=internal_cv fold=6 phase=ssl epoch=40 path=/data/adodas/VarCoNet-V2-main/xiaolunwen/experiment2b/checkpoints/worker_r0_latest.pt
[repeat=0 fold=6] [epoch=40/50] ssl_loss=0.045646 lr=0.00002006 base_val_bce=0.672935 base_best=N base_cls_epoch=27 epoch_sec=6.5 task_elapsed_min=3.5 gpu_alloc_gb=0.272 gpu_reserved_gb=1.510
[ssl_epoch=40/50] ssl_loss=0.045646 lr=0.00002006 base_val_bce=0.672935 base_best=N base_cls_epoch=27 epoch_sec=6.5 elapsed_min=3.5 gpu_alloc_gb=0.272 gpu_reserved_gb=1.510
[repeat=0 fold=6] [epoch=41/50] ssl_loss=0.041778 lr=0.00001641 base_val_bce=0.665949 base_best=N base_cls_epoch=27 epoch_sec=3.1 task_elapsed_min=3.6 gpu_alloc_gb=0.272 gpu_reserved_gb=1.510
[ssl_epoch=41/50] ssl_loss=0.041778 lr=0.00001641 base_val_bce=0.665949 base_best=N base_cls_epoch=27 epoch_sec=3.6 elapsed_min=3.6 gpu_alloc_gb=0.272 gpu_reserved_gb=1.510
[repeat=0 fold=6] [epoch=42/50] ssl_loss=0.044997 lr=0.00001308 base_val_bce=0.674513 base_best=N base_cls_epoch=26 epoch_sec=3.4 task_elapsed_min=3.7 gpu_alloc_gb=0.272 gpu_reserved_gb=1.510
[ssl_epoch=42/50] ssl_loss=0.044997 lr=0.00001308 base_val_bce=0.674513 base_best=N base_cls_epoch=26 epoch_sec=3.5 elapsed_min=3.7 gpu_alloc_gb=0.272 gpu_reserved_gb=1.510
[repeat=0 fold=6] [epoch=43/50] ssl_loss=0.038440 lr=0.00001009 base_val_bce=0.665657 base_best=N base_cls_epoch=25 epoch_sec=3.3 task_elapsed_min=3.8 gpu_alloc_gb=0.272 gpu_reserved_gb=1.510
[ssl_epoch=43/50] ssl_loss=0.038440 lr=0.00001009 base_val_bce=0.665657 base_best=N base_cls_epoch=25 epoch_sec=4.7 elapsed_min=3.8 gpu_alloc_gb=0.272 gpu_reserved_gb=1.510
[repeat=0 fold=6] [epoch=44/50] ssl_loss=0.041868 lr=0.00000746 base_val_bce=0.667551 base_best=N base_cls_epoch=25 epoch_sec=3.8 task_elapsed_min=3.9 gpu_alloc_gb=0.272 gpu_reserved_gb=1.510
[ssl_epoch=44/50] ssl_loss=0.041868 lr=0.00000746 base_val_bce=0.667551 base_best=N base_cls_epoch=25 epoch_sec=4.1 elapsed_min=3.9 gpu_alloc_gb=0.272 gpu_reserved_gb=1.510
[repeat=0 fold=6] [epoch=45/50] ssl_loss=0.039808 lr=0.00000521 base_val_bce=0.664862 base_best=N base_cls_epoch=21 epoch_sec=3.4 task_elapsed_min=3.9 gpu_alloc_gb=0.272 gpu_reserved_gb=1.510
[ssl_epoch=45/50] ssl_loss=0.039808 lr=0.00000521 base_val_bce=0.664862 base_best=N base_cls_epoch=21 epoch_sec=3.4 elapsed_min=3.9 gpu_alloc_gb=0.272 gpu_reserved_gb=1.510
[repeat=0 fold=6] [epoch=46/50] ssl_loss=0.040886 lr=0.00000335 base_val_bce=0.665204 base_best=N base_cls_epoch=25 epoch_sec=3.1 task_elapsed_min=4.0 gpu_alloc_gb=0.272 gpu_reserved_gb=1.510
[ssl_epoch=46/50] ssl_loss=0.040886 lr=0.00000335 base_val_bce=0.665204 base_best=N base_cls_epoch=25 epoch_sec=3.2 elapsed_min=4.0 gpu_alloc_gb=0.272 gpu_reserved_gb=1.510
[repeat=0 fold=6] [epoch=47/50] ssl_loss=0.037126 lr=0.00000189 base_val_bce=0.666849 base_best=N base_cls_epoch=26 epoch_sec=3.1 task_elapsed_min=4.0 gpu_alloc_gb=0.272 gpu_reserved_gb=1.510
[ssl_epoch=47/50] ssl_loss=0.037126 lr=0.00000189 base_val_bce=0.666849 base_best=N base_cls_epoch=26 epoch_sec=3.5 elapsed_min=4.0 gpu_alloc_gb=0.272 gpu_reserved_gb=1.510
[repeat=0 fold=6] [epoch=48/50] ssl_loss=0.041009 lr=0.00000084 base_val_bce=0.664867 base_best=N base_cls_epoch=26 epoch_sec=2.6 task_elapsed_min=4.1 gpu_alloc_gb=0.272 gpu_reserved_gb=1.510
[ssl_epoch=48/50] ssl_loss=0.041009 lr=0.00000084 base_val_bce=0.664867 base_best=N base_cls_epoch=26 epoch_sec=2.7 elapsed_min=4.1 gpu_alloc_gb=0.272 gpu_reserved_gb=1.510
[repeat=0 fold=6] [epoch=49/50] ssl_loss=0.038104 lr=0.00000021 base_val_bce=0.666649 base_best=N base_cls_epoch=24 epoch_sec=2.6 task_elapsed_min=4.1 gpu_alloc_gb=0.272 gpu_reserved_gb=1.510
[ssl_epoch=49/50] ssl_loss=0.038104 lr=0.00000021 base_val_bce=0.666649 base_best=N base_cls_epoch=24 epoch_sec=2.7 elapsed_min=4.1 gpu_alloc_gb=0.272 gpu_reserved_gb=1.510
CHECKPOINT_LATEST repeat=0 scope=internal_cv fold=6 phase=ssl epoch=50 path=/data/adodas/VarCoNet-V2-main/xiaolunwen/experiment2b/checkpoints/worker_r0_latest.pt
[repeat=0 fold=6] [epoch=50/50] ssl_loss=0.033597 lr=0.00000000 base_val_bce=0.674087 base_best=N base_cls_epoch=27 epoch_sec=10.4 task_elapsed_min=4.2 gpu_alloc_gb=0.272 gpu_reserved_gb=1.510
[ssl_epoch=50/50] ssl_loss=0.033597 lr=0.00000000 base_val_bce=0.674087 base_best=N base_cls_epoch=27 epoch_sec=10.4 elapsed_min=4.2 gpu_alloc_gb=0.272 gpu_reserved_gb=1.510
RESIDUAL_EPOCH repeat=0 scope=internal_cv fold=6 epoch=0 val_bce=0.658225 best=Y dynamic_dim=73536
CHECKPOINT_LATEST repeat=0 scope=internal_cv fold=6 phase=residual epoch=10 path=/data/adodas/VarCoNet-V2-main/xiaolunwen/experiment2b/checkpoints/worker_r0_latest.pt
[residual_epoch=10/149] residual_loss=0.162612 val_bce=0.679141 best=N best_epoch=0 epoch_sec=3.3 task_elapsed_min=4.3
CHECKPOINT_LATEST repeat=0 scope=internal_cv fold=6 phase=residual epoch=20 path=/data/adodas/VarCoNet-V2-main/xiaolunwen/experiment2b/checkpoints/worker_r0_latest.pt
[residual_epoch=20/149] residual_loss=0.084924 val_bce=0.703681 best=N best_epoch=0 epoch_sec=2.0 task_elapsed_min=4.4
CHECKPOINT_LATEST repeat=0 scope=internal_cv fold=6 phase=residual epoch=30 path=/data/adodas/VarCoNet-V2-main/xiaolunwen/experiment2b/checkpoints/worker_r0_latest.pt
[residual_epoch=30/149] residual_loss=0.050114 val_bce=0.727716 best=N best_epoch=0 epoch_sec=10.6 task_elapsed_min=4.4
CHECKPOINT_LATEST repeat=0 scope=internal_cv fold=6 phase=residual epoch=40 path=/data/adodas/VarCoNet-V2-main/xiaolunwen/experiment2b/checkpoints/worker_r0_latest.pt
[residual_epoch=40/149] residual_loss=0.033506 val_bce=0.749190 best=N best_epoch=0 epoch_sec=2.6 task_elapsed_min=4.6
CHECKPOINT_LATEST repeat=0 scope=internal_cv fold=6 phase=residual epoch=50 path=/data/adodas/VarCoNet-V2-main/xiaolunwen/experiment2b/checkpoints/worker_r0_latest.pt
[residual_epoch=50/149] residual_loss=0.024701 val_bce=0.769049 best=N best_epoch=0 epoch_sec=3.5 task_elapsed_min=4.6
CHECKPOINT_LATEST repeat=0 scope=internal_cv fold=6 phase=residual epoch=60 path=/data/adodas/VarCoNet-V2-main/xiaolunwen/experiment2b/checkpoints/worker_r0_latest.pt
[residual_epoch=60/149] residual_loss=0.019472 val_bce=0.785985 best=N best_epoch=0 epoch_sec=8.1 task_elapsed_min=4.7
CHECKPOINT_LATEST repeat=0 scope=internal_cv fold=6 phase=residual epoch=70 path=/data/adodas/VarCoNet-V2-main/xiaolunwen/experiment2b/checkpoints/worker_r0_latest.pt
[residual_epoch=70/149] residual_loss=0.016037 val_bce=0.799784 best=N best_epoch=0 epoch_sec=2.0 task_elapsed_min=4.8
CHECKPOINT_LATEST repeat=0 scope=internal_cv fold=6 phase=residual epoch=80 path=/data/adodas/VarCoNet-V2-main/xiaolunwen/experiment2b/checkpoints/worker_r0_latest.pt
[residual_epoch=80/149] residual_loss=0.013597 val_bce=0.812631 best=N best_epoch=0 epoch_sec=4.0 task_elapsed_min=4.9
CHECKPOINT_LATEST repeat=0 scope=internal_cv fold=6 phase=residual epoch=90 path=/data/adodas/VarCoNet-V2-main/xiaolunwen/experiment2b/checkpoints/worker_r0_latest.pt
[residual_epoch=90/149] residual_loss=0.011762 val_bce=0.824023 best=N best_epoch=0 epoch_sec=6.9 task_elapsed_min=4.9
CHECKPOINT_LATEST repeat=0 scope=internal_cv fold=6 phase=residual epoch=100 path=/data/adodas/VarCoNet-V2-main/xiaolunwen/experiment2b/checkpoints/worker_r0_latest.pt
[residual_epoch=100/149] residual_loss=0.010325 val_bce=0.834346 best=N best_epoch=0 epoch_sec=4.6 task_elapsed_min=5.1
CHECKPOINT_LATEST repeat=0 scope=internal_cv fold=6 phase=residual epoch=110 path=/data/adodas/VarCoNet-V2-main/xiaolunwen/experiment2b/checkpoints/worker_r0_latest.pt
[residual_epoch=110/149] residual_loss=0.009167 val_bce=0.844156 best=N best_epoch=0 epoch_sec=1.5 task_elapsed_min=5.1
CHECKPOINT_LATEST repeat=0 scope=internal_cv fold=6 phase=residual epoch=120 path=/data/adodas/VarCoNet-V2-main/xiaolunwen/experiment2b/checkpoints/worker_r0_latest.pt
[residual_epoch=120/149] residual_loss=0.008214 val_bce=0.853229 best=N best_epoch=0 epoch_sec=4.1 task_elapsed_min=5.2
CHECKPOINT_LATEST repeat=0 scope=internal_cv fold=6 phase=residual epoch=130 path=/data/adodas/VarCoNet-V2-main/xiaolunwen/experiment2b/checkpoints/worker_r0_latest.pt
[residual_epoch=130/149] residual_loss=0.007417 val_bce=0.861913 best=N best_epoch=0 epoch_sec=7.2 task_elapsed_min=5.2
CHECKPOINT_LATEST repeat=0 scope=internal_cv fold=6 phase=residual epoch=140 path=/data/adodas/VarCoNet-V2-main/xiaolunwen/experiment2b/checkpoints/worker_r0_latest.pt
[residual_epoch=140/149] residual_loss=0.006741 val_bce=0.870096 best=N best_epoch=0 epoch_sec=1.7 task_elapsed_min=5.4
RESIDUAL_DONE repeat=0 scope=internal_cv fold=6 selected_encoder_epoch=34 selected_classifier_epoch=26 selected_residual_epoch=0 val_bce=0.658225
TASK_TRAINING_DONE repeat=0 scope=internal_cv fold=6 base_epoch=34 dyn_epoch=34 base_val_bce=0.658225 dyn_val_bce=0.658225
TASK_DONE repeat=0 scope=internal_fold fold=6 method=baseline selected_encoder_epoch=34 test_auc=0.733783 test_bce=0.605511 elapsed_min=5.4
TASK_DONE repeat=0 scope=internal_fold fold=6 method=pretransformer_edge_residual selected_encoder_epoch=34 test_auc=0.733783 test_bce=0.605511 elapsed_min=5.4
TASK_START repeat=0 scope=internal_cv fold=7 seed=100007 device=cuda:0 shared_encoder=Y
CHECKPOINT_BEST repeat=0 scope=internal_cv fold=7 phase=ssl epoch=1 path=/data/adodas/VarCoNet-V2-main/xiaolunwen/experiment2b/checkpoints/worker_r0_best.pt
[repeat=0 fold=7] [epoch=1/50] ssl_loss=0.146739 lr=0.00002411 base_val_bce=0.675047 base_best=Y base_cls_epoch=13 epoch_sec=5.6 task_elapsed_min=0.0 gpu_alloc_gb=0.272 gpu_reserved_gb=1.510
[ssl_epoch=1/50] ssl_loss=0.146739 lr=0.00002411 base_val_bce=0.675047 base_best=Y base_cls_epoch=13 epoch_sec=5.6 elapsed_min=0.0 gpu_alloc_gb=0.272 gpu_reserved_gb=1.510
CHECKPOINT_BEST repeat=0 scope=internal_cv fold=7 phase=ssl epoch=2 path=/data/adodas/VarCoNet-V2-main/xiaolunwen/experiment2b/checkpoints/worker_r0_best.pt
[repeat=0 fold=7] [epoch=2/50] ssl_loss=0.146835 lr=0.00003821 base_val_bce=0.671248 base_best=Y base_cls_epoch=24 epoch_sec=9.4 task_elapsed_min=0.1 gpu_alloc_gb=0.272 gpu_reserved_gb=1.510
[ssl_epoch=2/50] ssl_loss=0.146835 lr=0.00003821 base_val_bce=0.671248 base_best=Y base_cls_epoch=24 epoch_sec=9.4 elapsed_min=0.1 gpu_alloc_gb=0.272 gpu_reserved_gb=1.510
[repeat=0 fold=7] [epoch=3/50] ssl_loss=0.148635 lr=0.00005232 base_val_bce=0.672788 base_best=N base_cls_epoch=9 epoch_sec=2.8 task_elapsed_min=0.3 gpu_alloc_gb=0.272 gpu_reserved_gb=1.510
[ssl_epoch=3/50] ssl_loss=0.148635 lr=0.00005232 base_val_bce=0.672788 base_best=N base_cls_epoch=9 epoch_sec=3.0 elapsed_min=0.3 gpu_alloc_gb=0.272 gpu_reserved_gb=1.510
[repeat=0 fold=7] [epoch=4/50] ssl_loss=0.121904 lr=0.00006643 base_val_bce=0.677137 base_best=N base_cls_epoch=9 epoch_sec=2.5 task_elapsed_min=0.4 gpu_alloc_gb=0.272 gpu_reserved_gb=1.510
[ssl_epoch=4/50] ssl_loss=0.121904 lr=0.00006643 base_val_bce=0.677137 base_best=N base_cls_epoch=9 epoch_sec=2.5 elapsed_min=0.4 gpu_alloc_gb=0.272 gpu_reserved_gb=1.510
CHECKPOINT_BEST repeat=0 scope=internal_cv fold=7 phase=ssl epoch=5 path=/data/adodas/VarCoNet-V2-main/xiaolunwen/experiment2b/checkpoints/worker_r0_best.pt
[repeat=0 fold=7] [epoch=5/50] ssl_loss=0.111567 lr=0.00008053 base_val_bce=0.670644 base_best=Y base_cls_epoch=13 epoch_sec=3.9 task_elapsed_min=0.4 gpu_alloc_gb=0.272 gpu_reserved_gb=1.510
[ssl_epoch=5/50] ssl_loss=0.111567 lr=0.00008053 base_val_bce=0.670644 base_best=Y base_cls_epoch=13 epoch_sec=4.0 elapsed_min=0.4 gpu_alloc_gb=0.272 gpu_reserved_gb=1.510
[repeat=0 fold=7] [epoch=6/50] ssl_loss=0.098997 lr=0.00009464 base_val_bce=0.677003 base_best=N base_cls_epoch=13 epoch_sec=3.3 task_elapsed_min=0.5 gpu_alloc_gb=0.272 gpu_reserved_gb=1.510
[ssl_epoch=6/50] ssl_loss=0.098997 lr=0.00009464 base_val_bce=0.677003 base_best=N base_cls_epoch=13 epoch_sec=3.7 elapsed_min=0.5 gpu_alloc_gb=0.272 gpu_reserved_gb=1.510
CHECKPOINT_BEST repeat=0 scope=internal_cv fold=7 phase=ssl epoch=7 path=/data/adodas/VarCoNet-V2-main/xiaolunwen/experiment2b/checkpoints/worker_r0_best.pt
[repeat=0 fold=7] [epoch=7/50] ssl_loss=0.091229 lr=0.00010875 base_val_bce=0.661184 base_best=Y base_cls_epoch=12 epoch_sec=11.4 task_elapsed_min=0.5 gpu_alloc_gb=0.272 gpu_reserved_gb=1.510
[ssl_epoch=7/50] ssl_loss=0.091229 lr=0.00010875 base_val_bce=0.661184 base_best=Y base_cls_epoch=12 epoch_sec=11.4 elapsed_min=0.5 gpu_alloc_gb=0.272 gpu_reserved_gb=1.510
[repeat=0 fold=7] [epoch=8/50] ssl_loss=0.092832 lr=0.00012285 base_val_bce=0.662651 base_best=N base_cls_epoch=14 epoch_sec=4.0 task_elapsed_min=0.7 gpu_alloc_gb=0.272 gpu_reserved_gb=1.510
[ssl_epoch=8/50] ssl_loss=0.092832 lr=0.00012285 base_val_bce=0.662651 base_best=N base_cls_epoch=14 epoch_sec=4.2 elapsed_min=0.7 gpu_alloc_gb=0.272 gpu_reserved_gb=1.510
CHECKPOINT_BEST repeat=0 scope=internal_cv fold=7 phase=ssl epoch=9 path=/data/adodas/VarCoNet-V2-main/xiaolunwen/experiment2b/checkpoints/worker_r0_best.pt
[repeat=0 fold=7] [epoch=9/50] ssl_loss=0.091762 lr=0.00013696 base_val_bce=0.661103 base_best=Y base_cls_epoch=14 epoch_sec=7.0 task_elapsed_min=0.8 gpu_alloc_gb=0.272 gpu_reserved_gb=1.510
[ssl_epoch=9/50] ssl_loss=0.091762 lr=0.00013696 base_val_bce=0.661103 base_best=Y base_cls_epoch=14 epoch_sec=7.2 elapsed_min=0.8 gpu_alloc_gb=0.272 gpu_reserved_gb=1.510
CHECKPOINT_LATEST repeat=0 scope=internal_cv fold=7 phase=ssl epoch=10 path=/data/adodas/VarCoNet-V2-main/xiaolunwen/experiment2b/checkpoints/worker_r0_latest.pt
[repeat=0 fold=7] [epoch=10/50] ssl_loss=0.087229 lr=0.00013696 base_val_bce=0.665629 base_best=N base_cls_epoch=30 epoch_sec=10.4 task_elapsed_min=0.9 gpu_alloc_gb=0.272 gpu_reserved_gb=1.510
[ssl_epoch=10/50] ssl_loss=0.087229 lr=0.00013696 base_val_bce=0.665629 base_best=N base_cls_epoch=30 epoch_sec=10.4 elapsed_min=0.9 gpu_alloc_gb=0.272 gpu_reserved_gb=1.510
CHECKPOINT_BEST repeat=0 scope=internal_cv fold=7 phase=ssl epoch=11 path=/data/adodas/VarCoNet-V2-main/xiaolunwen/experiment2b/checkpoints/worker_r0_best.pt
[repeat=0 fold=7] [epoch=11/50] ssl_loss=0.055560 lr=0.00013675 base_val_bce=0.647837 base_best=Y base_cls_epoch=34 epoch_sec=10.0 task_elapsed_min=1.1 gpu_alloc_gb=0.272 gpu_reserved_gb=1.510
[ssl_epoch=11/50] ssl_loss=0.055560 lr=0.00013675 base_val_bce=0.647837 base_best=Y base_cls_epoch=34 epoch_sec=10.0 elapsed_min=1.1 gpu_alloc_gb=0.272 gpu_reserved_gb=1.510
[repeat=0 fold=7] [epoch=12/50] ssl_loss=0.072769 lr=0.00013612 base_val_bce=0.669341 base_best=N base_cls_epoch=34 epoch_sec=2.7 task_elapsed_min=1.3 gpu_alloc_gb=0.272 gpu_reserved_gb=1.510
[ssl_epoch=12/50] ssl_loss=0.072769 lr=0.00013612 base_val_bce=0.669341 base_best=N base_cls_epoch=34 epoch_sec=2.7 elapsed_min=1.3 gpu_alloc_gb=0.272 gpu_reserved_gb=1.510
CHECKPOINT_BEST repeat=0 scope=internal_cv fold=7 phase=ssl epoch=13 path=/data/adodas/VarCoNet-V2-main/xiaolunwen/experiment2b/checkpoints/worker_r0_best.pt
[repeat=0 fold=7] [epoch=13/50] ssl_loss=0.073994 lr=0.00013507 base_val_bce=0.646992 base_best=Y base_cls_epoch=30 epoch_sec=9.4 task_elapsed_min=1.3 gpu_alloc_gb=0.272 gpu_reserved_gb=1.510
[ssl_epoch=13/50] ssl_loss=0.073994 lr=0.00013507 base_val_bce=0.646992 base_best=Y base_cls_epoch=30 epoch_sec=9.4 elapsed_min=1.3 gpu_alloc_gb=0.272 gpu_reserved_gb=1.510
[repeat=0 fold=7] [epoch=14/50] ssl_loss=0.068804 lr=0.00013361 base_val_bce=0.647896 base_best=N base_cls_epoch=35 epoch_sec=3.2 task_elapsed_min=1.5 gpu_alloc_gb=0.272 gpu_reserved_gb=1.510
[ssl_epoch=14/50] ssl_loss=0.068804 lr=0.00013361 base_val_bce=0.647896 base_best=N base_cls_epoch=35 epoch_sec=3.5 elapsed_min=1.5 gpu_alloc_gb=0.272 gpu_reserved_gb=1.510
[repeat=0 fold=7] [epoch=15/50] ssl_loss=0.063894 lr=0.00013175 base_val_bce=0.651962 base_best=N base_cls_epoch=33 epoch_sec=3.3 task_elapsed_min=1.5 gpu_alloc_gb=0.272 gpu_reserved_gb=1.510
[ssl_epoch=15/50] ssl_loss=0.063894 lr=0.00013175 base_val_bce=0.651962 base_best=N base_cls_epoch=33 epoch_sec=3.3 elapsed_min=1.5 gpu_alloc_gb=0.272 gpu_reserved_gb=1.510
[repeat=0 fold=7] [epoch=16/50] ssl_loss=0.054801 lr=0.00012950 base_val_bce=0.649818 base_best=N base_cls_epoch=33 epoch_sec=2.4 task_elapsed_min=1.6 gpu_alloc_gb=0.272 gpu_reserved_gb=1.510
[ssl_epoch=16/50] ssl_loss=0.054801 lr=0.00012950 base_val_bce=0.649818 base_best=N base_cls_epoch=33 epoch_sec=2.9 elapsed_min=1.6 gpu_alloc_gb=0.272 gpu_reserved_gb=1.510
[repeat=0 fold=7] [epoch=17/50] ssl_loss=0.048658 lr=0.00012687 base_val_bce=0.656694 base_best=N base_cls_epoch=32 epoch_sec=3.1 task_elapsed_min=1.6 gpu_alloc_gb=0.272 gpu_reserved_gb=1.510
[ssl_epoch=17/50] ssl_loss=0.048658 lr=0.00012687 base_val_bce=0.656694 base_best=N base_cls_epoch=32 epoch_sec=3.4 elapsed_min=1.6 gpu_alloc_gb=0.272 gpu_reserved_gb=1.510
[repeat=0 fold=7] [epoch=18/50] ssl_loss=0.061182 lr=0.00012388 base_val_bce=0.652245 base_best=N base_cls_epoch=37 epoch_sec=3.7 task_elapsed_min=1.7 gpu_alloc_gb=0.272 gpu_reserved_gb=1.510
[ssl_epoch=18/50] ssl_loss=0.061182 lr=0.00012388 base_val_bce=0.652245 base_best=N base_cls_epoch=37 epoch_sec=3.9 elapsed_min=1.7 gpu_alloc_gb=0.272 gpu_reserved_gb=1.510
CHECKPOINT_BEST repeat=0 scope=internal_cv fold=7 phase=ssl epoch=19 path=/data/adodas/VarCoNet-V2-main/xiaolunwen/experiment2b/checkpoints/worker_r0_best.pt
[repeat=0 fold=7] [epoch=19/50] ssl_loss=0.050877 lr=0.00012055 base_val_bce=0.638819 base_best=Y base_cls_epoch=37 epoch_sec=10.2 task_elapsed_min=1.8 gpu_alloc_gb=0.272 gpu_reserved_gb=1.510
[ssl_epoch=19/50] ssl_loss=0.050877 lr=0.00012055 base_val_bce=0.638819 base_best=Y base_cls_epoch=37 epoch_sec=10.2 elapsed_min=1.8 gpu_alloc_gb=0.272 gpu_reserved_gb=1.510
CHECKPOINT_LATEST repeat=0 scope=internal_cv fold=7 phase=ssl epoch=20 path=/data/adodas/VarCoNet-V2-main/xiaolunwen/experiment2b/checkpoints/worker_r0_latest.pt
[repeat=0 fold=7] [epoch=20/50] ssl_loss=0.046278 lr=0.00011690 base_val_bce=0.654461 base_best=N base_cls_epoch=37 epoch_sec=11.3 task_elapsed_min=1.9 gpu_alloc_gb=0.272 gpu_reserved_gb=1.510
[ssl_epoch=20/50] ssl_loss=0.046278 lr=0.00011690 base_val_bce=0.654461 base_best=N base_cls_epoch=37 epoch_sec=11.3 elapsed_min=1.9 gpu_alloc_gb=0.272 gpu_reserved_gb=1.510
[repeat=0 fold=7] [epoch=21/50] ssl_loss=0.055157 lr=0.00011296 base_val_bce=0.649282 base_best=N base_cls_epoch=38 epoch_sec=3.8 task_elapsed_min=2.1 gpu_alloc_gb=0.272 gpu_reserved_gb=1.510
[ssl_epoch=21/50] ssl_loss=0.055157 lr=0.00011296 base_val_bce=0.649282 base_best=N base_cls_epoch=38 epoch_sec=4.1 elapsed_min=2.1 gpu_alloc_gb=0.272 gpu_reserved_gb=1.510
CHECKPOINT_BEST repeat=0 scope=internal_cv fold=7 phase=ssl epoch=22 path=/data/adodas/VarCoNet-V2-main/xiaolunwen/experiment2b/checkpoints/worker_r0_best.pt
[repeat=0 fold=7] [epoch=22/50] ssl_loss=0.040062 lr=0.00010873 base_val_bce=0.637426 base_best=Y base_cls_epoch=41 epoch_sec=12.1 task_elapsed_min=2.2 gpu_alloc_gb=0.272 gpu_reserved_gb=1.510
[ssl_epoch=22/50] ssl_loss=0.040062 lr=0.00010873 base_val_bce=0.637426 base_best=Y base_cls_epoch=41 epoch_sec=12.1 elapsed_min=2.2 gpu_alloc_gb=0.272 gpu_reserved_gb=1.510
[repeat=0 fold=7] [epoch=23/50] ssl_loss=0.042358 lr=0.00010426 base_val_bce=0.641903 base_best=N base_cls_epoch=40 epoch_sec=3.0 task_elapsed_min=2.4 gpu_alloc_gb=0.272 gpu_reserved_gb=1.510
[ssl_epoch=23/50] ssl_loss=0.042358 lr=0.00010426 base_val_bce=0.641903 base_best=N base_cls_epoch=40 epoch_sec=3.4 elapsed_min=2.4 gpu_alloc_gb=0.272 gpu_reserved_gb=1.510
[repeat=0 fold=7] [epoch=24/50] ssl_loss=0.048822 lr=0.00009957 base_val_bce=0.640891 base_best=N base_cls_epoch=36 epoch_sec=3.2 task_elapsed_min=2.5 gpu_alloc_gb=0.272 gpu_reserved_gb=1.510
[ssl_epoch=24/50] ssl_loss=0.048822 lr=0.00009957 base_val_bce=0.640891 base_best=N base_cls_epoch=36 epoch_sec=3.2 elapsed_min=2.5 gpu_alloc_gb=0.272 gpu_reserved_gb=1.510
[repeat=0 fold=7] [epoch=25/50] ssl_loss=0.055386 lr=0.00009469 base_val_bce=0.641180 base_best=N base_cls_epoch=38 epoch_sec=3.0 task_elapsed_min=2.5 gpu_alloc_gb=0.272 gpu_reserved_gb=1.510
[ssl_epoch=25/50] ssl_loss=0.055386 lr=0.00009469 base_val_bce=0.641180 base_best=N base_cls_epoch=38 epoch_sec=3.0 elapsed_min=2.5 gpu_alloc_gb=0.272 gpu_reserved_gb=1.510
CHECKPOINT_BEST repeat=0 scope=internal_cv fold=7 phase=ssl epoch=26 path=/data/adodas/VarCoNet-V2-main/xiaolunwen/experiment2b/checkpoints/worker_r0_best.pt
[repeat=0 fold=7] [epoch=26/50] ssl_loss=0.039648 lr=0.00008964 base_val_bce=0.633323 base_best=Y base_cls_epoch=41 epoch_sec=9.8 task_elapsed_min=2.6 gpu_alloc_gb=0.272 gpu_reserved_gb=1.510
[ssl_epoch=26/50] ssl_loss=0.039648 lr=0.00008964 base_val_bce=0.633323 base_best=Y base_cls_epoch=41 epoch_sec=9.9 elapsed_min=2.6 gpu_alloc_gb=0.272 gpu_reserved_gb=1.510
[repeat=0 fold=7] [epoch=27/50] ssl_loss=0.048038 lr=0.00008447 base_val_bce=0.634409 base_best=N base_cls_epoch=38 epoch_sec=3.0 task_elapsed_min=2.7 gpu_alloc_gb=0.272 gpu_reserved_gb=1.510
[ssl_epoch=27/50] ssl_loss=0.048038 lr=0.00008447 base_val_bce=0.634409 base_best=N base_cls_epoch=38 epoch_sec=3.2 elapsed_min=2.7 gpu_alloc_gb=0.272 gpu_reserved_gb=1.510
[repeat=0 fold=7] [epoch=28/50] ssl_loss=0.044172 lr=0.00007919 base_val_bce=0.643318 base_best=N base_cls_epoch=38 epoch_sec=2.5 task_elapsed_min=2.8 gpu_alloc_gb=0.272 gpu_reserved_gb=1.510
[ssl_epoch=28/50] ssl_loss=0.044172 lr=0.00007919 base_val_bce=0.643318 base_best=N base_cls_epoch=38 epoch_sec=2.5 elapsed_min=2.8 gpu_alloc_gb=0.272 gpu_reserved_gb=1.510
CHECKPOINT_BEST repeat=0 scope=internal_cv fold=7 phase=ssl epoch=29 path=/data/adodas/VarCoNet-V2-main/xiaolunwen/experiment2b/checkpoints/worker_r0_best.pt
[repeat=0 fold=7] [epoch=29/50] ssl_loss=0.046040 lr=0.00007385 base_val_bce=0.632396 base_best=Y base_cls_epoch=39 epoch_sec=21.7 task_elapsed_min=2.8 gpu_alloc_gb=0.272 gpu_reserved_gb=1.510
[ssl_epoch=29/50] ssl_loss=0.046040 lr=0.00007385 base_val_bce=0.632396 base_best=Y base_cls_epoch=39 epoch_sec=21.9 elapsed_min=2.8 gpu_alloc_gb=0.272 gpu_reserved_gb=1.510
CHECKPOINT_LATEST repeat=0 scope=internal_cv fold=7 phase=ssl epoch=30 path=/data/adodas/VarCoNet-V2-main/xiaolunwen/experiment2b/checkpoints/worker_r0_latest.pt
[repeat=0 fold=7] [epoch=30/50] ssl_loss=0.036951 lr=0.00006848 base_val_bce=0.644848 base_best=N base_cls_epoch=40 epoch_sec=13.3 task_elapsed_min=3.2 gpu_alloc_gb=0.272 gpu_reserved_gb=1.510
[ssl_epoch=30/50] ssl_loss=0.036951 lr=0.00006848 base_val_bce=0.644848 base_best=N base_cls_epoch=40 epoch_sec=13.5 elapsed_min=3.2 gpu_alloc_gb=0.272 gpu_reserved_gb=1.510
[repeat=0 fold=7] [epoch=31/50] ssl_loss=0.047042 lr=0.00006311 base_val_bce=0.643117 base_best=N base_cls_epoch=37 epoch_sec=3.3 task_elapsed_min=3.4 gpu_alloc_gb=0.272 gpu_reserved_gb=1.510
[ssl_epoch=31/50] ssl_loss=0.047042 lr=0.00006311 base_val_bce=0.643117 base_best=N base_cls_epoch=37 epoch_sec=3.4 elapsed_min=3.4 gpu_alloc_gb=0.272 gpu_reserved_gb=1.510
[repeat=0 fold=7] [epoch=32/50] ssl_loss=0.037056 lr=0.00005777 base_val_bce=0.636236 base_best=N base_cls_epoch=41 epoch_sec=3.1 task_elapsed_min=3.5 gpu_alloc_gb=0.272 gpu_reserved_gb=1.510
[ssl_epoch=32/50] ssl_loss=0.037056 lr=0.00005777 base_val_bce=0.636236 base_best=N base_cls_epoch=41 epoch_sec=3.2 elapsed_min=3.5 gpu_alloc_gb=0.272 gpu_reserved_gb=1.510
[repeat=0 fold=7] [epoch=33/50] ssl_loss=0.047991 lr=0.00005249 base_val_bce=0.640661 base_best=N base_cls_epoch=41 epoch_sec=3.2 task_elapsed_min=3.5 gpu_alloc_gb=0.272 gpu_reserved_gb=1.510
[ssl_epoch=33/50] ssl_loss=0.047991 lr=0.00005249 base_val_bce=0.640661 base_best=N base_cls_epoch=41 epoch_sec=3.4 elapsed_min=3.5 gpu_alloc_gb=0.272 gpu_reserved_gb=1.510
[repeat=0 fold=7] [epoch=34/50] ssl_loss=0.043468 lr=0.00004732 base_val_bce=0.635152 base_best=N base_cls_epoch=38 epoch_sec=3.4 task_elapsed_min=3.6 gpu_alloc_gb=0.272 gpu_reserved_gb=1.510
[ssl_epoch=34/50] ssl_loss=0.043468 lr=0.00004732 base_val_bce=0.635152 base_best=N base_cls_epoch=38 epoch_sec=3.6 elapsed_min=3.6 gpu_alloc_gb=0.272 gpu_reserved_gb=1.510
[repeat=0 fold=7] [epoch=35/50] ssl_loss=0.043769 lr=0.00004227 base_val_bce=0.635600 base_best=N base_cls_epoch=42 epoch_sec=3.7 task_elapsed_min=3.7 gpu_alloc_gb=0.272 gpu_reserved_gb=1.510
[ssl_epoch=35/50] ssl_loss=0.043769 lr=0.00004227 base_val_bce=0.635600 base_best=N base_cls_epoch=42 epoch_sec=4.5 elapsed_min=3.7 gpu_alloc_gb=0.272 gpu_reserved_gb=1.510
[repeat=0 fold=7] [epoch=36/50] ssl_loss=0.045853 lr=0.00003739 base_val_bce=0.636159 base_best=N base_cls_epoch=39 epoch_sec=1.9 task_elapsed_min=3.7 gpu_alloc_gb=0.272 gpu_reserved_gb=1.510
[ssl_epoch=36/50] ssl_loss=0.045853 lr=0.00003739 base_val_bce=0.636159 base_best=N base_cls_epoch=39 epoch_sec=2.7 elapsed_min=3.7 gpu_alloc_gb=0.272 gpu_reserved_gb=1.510
[repeat=0 fold=7] [epoch=37/50] ssl_loss=0.045810 lr=0.00003270 base_val_bce=0.642390 base_best=N base_cls_epoch=39 epoch_sec=2.5 task_elapsed_min=3.8 gpu_alloc_gb=0.272 gpu_reserved_gb=1.510
[ssl_epoch=37/50] ssl_loss=0.045810 lr=0.00003270 base_val_bce=0.642390 base_best=N base_cls_epoch=39 epoch_sec=2.5 elapsed_min=3.8 gpu_alloc_gb=0.272 gpu_reserved_gb=1.510
[repeat=0 fold=7] [epoch=38/50] ssl_loss=0.034757 lr=0.00002823 base_val_bce=0.641666 base_best=N base_cls_epoch=41 epoch_sec=2.1 task_elapsed_min=3.8 gpu_alloc_gb=0.272 gpu_reserved_gb=1.510
[ssl_epoch=38/50] ssl_loss=0.034757 lr=0.00002823 base_val_bce=0.641666 base_best=N base_cls_epoch=41 epoch_sec=2.2 elapsed_min=3.8 gpu_alloc_gb=0.272 gpu_reserved_gb=1.510
[repeat=0 fold=7] [epoch=39/50] ssl_loss=0.041616 lr=0.00002401 base_val_bce=0.638289 base_best=N base_cls_epoch=39 epoch_sec=2.8 task_elapsed_min=3.9 gpu_alloc_gb=0.272 gpu_reserved_gb=1.510
[ssl_epoch=39/50] ssl_loss=0.041616 lr=0.00002401 base_val_bce=0.638289 base_best=N base_cls_epoch=39 epoch_sec=2.8 elapsed_min=3.9 gpu_alloc_gb=0.272 gpu_reserved_gb=1.510
CHECKPOINT_LATEST repeat=0 scope=internal_cv fold=7 phase=ssl epoch=40 path=/data/adodas/VarCoNet-V2-main/xiaolunwen/experiment2b/checkpoints/worker_r0_latest.pt
[repeat=0 fold=7] [epoch=40/50] ssl_loss=0.042989 lr=0.00002006 base_val_bce=0.636872 base_best=N base_cls_epoch=40 epoch_sec=11.8 task_elapsed_min=3.9 gpu_alloc_gb=0.272 gpu_reserved_gb=1.510
[ssl_epoch=40/50] ssl_loss=0.042989 lr=0.00002006 base_val_bce=0.636872 base_best=N base_cls_epoch=40 epoch_sec=11.8 elapsed_min=3.9 gpu_alloc_gb=0.272 gpu_reserved_gb=1.510
[repeat=0 fold=7] [epoch=41/50] ssl_loss=0.044826 lr=0.00001641 base_val_bce=0.635986 base_best=N base_cls_epoch=38 epoch_sec=3.1 task_elapsed_min=4.1 gpu_alloc_gb=0.272 gpu_reserved_gb=1.510
[ssl_epoch=41/50] ssl_loss=0.044826 lr=0.00001641 base_val_bce=0.635986 base_best=N base_cls_epoch=38 epoch_sec=3.1 elapsed_min=4.1 gpu_alloc_gb=0.272 gpu_reserved_gb=1.510
[repeat=0 fold=7] [epoch=42/50] ssl_loss=0.052146 lr=0.00001308 base_val_bce=0.645539 base_best=N base_cls_epoch=41 epoch_sec=3.2 task_elapsed_min=4.2 gpu_alloc_gb=0.272 gpu_reserved_gb=1.510
[ssl_epoch=42/50] ssl_loss=0.052146 lr=0.00001308 base_val_bce=0.645539 base_best=N base_cls_epoch=41 epoch_sec=3.3 elapsed_min=4.2 gpu_alloc_gb=0.272 gpu_reserved_gb=1.510
[repeat=0 fold=7] [epoch=43/50] ssl_loss=0.032510 lr=0.00001009 base_val_bce=0.638146 base_best=N base_cls_epoch=41 epoch_sec=3.1 task_elapsed_min=4.2 gpu_alloc_gb=0.272 gpu_reserved_gb=1.510
[ssl_epoch=43/50] ssl_loss=0.032510 lr=0.00001009 base_val_bce=0.638146 base_best=N base_cls_epoch=41 epoch_sec=3.2 elapsed_min=4.2 gpu_alloc_gb=0.272 gpu_reserved_gb=1.510
CHECKPOINT_BEST repeat=0 scope=internal_cv fold=7 phase=ssl epoch=44 path=/data/adodas/VarCoNet-V2-main/xiaolunwen/experiment2b/checkpoints/worker_r0_best.pt
[repeat=0 fold=7] [epoch=44/50] ssl_loss=0.045832 lr=0.00000746 base_val_bce=0.627811 base_best=Y base_cls_epoch=44 epoch_sec=10.6 task_elapsed_min=4.3 gpu_alloc_gb=0.272 gpu_reserved_gb=1.510
[ssl_epoch=44/50] ssl_loss=0.045832 lr=0.00000746 base_val_bce=0.627811 base_best=Y base_cls_epoch=44 epoch_sec=10.6 elapsed_min=4.3 gpu_alloc_gb=0.272 gpu_reserved_gb=1.510
[repeat=0 fold=7] [epoch=45/50] ssl_loss=0.045413 lr=0.00000521 base_val_bce=0.642831 base_best=N base_cls_epoch=40 epoch_sec=2.2 task_elapsed_min=4.5 gpu_alloc_gb=0.272 gpu_reserved_gb=1.510
[ssl_epoch=45/50] ssl_loss=0.045413 lr=0.00000521 base_val_bce=0.642831 base_best=N base_cls_epoch=40 epoch_sec=2.3 elapsed_min=4.5 gpu_alloc_gb=0.272 gpu_reserved_gb=1.510
[repeat=0 fold=7] [epoch=46/50] ssl_loss=0.044215 lr=0.00000335 base_val_bce=0.638211 base_best=N base_cls_epoch=38 epoch_sec=1.8 task_elapsed_min=4.5 gpu_alloc_gb=0.272 gpu_reserved_gb=1.510
[ssl_epoch=46/50] ssl_loss=0.044215 lr=0.00000335 base_val_bce=0.638211 base_best=N base_cls_epoch=38 epoch_sec=1.9 elapsed_min=4.5 gpu_alloc_gb=0.272 gpu_reserved_gb=1.510
[repeat=0 fold=7] [epoch=47/50] ssl_loss=0.041924 lr=0.00000189 base_val_bce=0.644671 base_best=N base_cls_epoch=37 epoch_sec=1.7 task_elapsed_min=4.5 gpu_alloc_gb=0.272 gpu_reserved_gb=1.510
[ssl_epoch=47/50] ssl_loss=0.041924 lr=0.00000189 base_val_bce=0.644671 base_best=N base_cls_epoch=37 epoch_sec=1.9 elapsed_min=4.5 gpu_alloc_gb=0.272 gpu_reserved_gb=1.510
[repeat=0 fold=7] [epoch=48/50] ssl_loss=0.039061 lr=0.00000084 base_val_bce=0.640067 base_best=N base_cls_epoch=39 epoch_sec=2.5 task_elapsed_min=4.6 gpu_alloc_gb=0.272 gpu_reserved_gb=1.510
[ssl_epoch=48/50] ssl_loss=0.039061 lr=0.00000084 base_val_bce=0.640067 base_best=N base_cls_epoch=39 epoch_sec=3.9 elapsed_min=4.6 gpu_alloc_gb=0.272 gpu_reserved_gb=1.510
[repeat=0 fold=7] [epoch=49/50] ssl_loss=0.045441 lr=0.00000021 base_val_bce=0.635667 base_best=N base_cls_epoch=39 epoch_sec=2.7 task_elapsed_min=4.6 gpu_alloc_gb=0.272 gpu_reserved_gb=1.510
[ssl_epoch=49/50] ssl_loss=0.045441 lr=0.00000021 base_val_bce=0.635667 base_best=N base_cls_epoch=39 epoch_sec=2.7 elapsed_min=4.6 gpu_alloc_gb=0.272 gpu_reserved_gb=1.510
CHECKPOINT_LATEST repeat=0 scope=internal_cv fold=7 phase=ssl epoch=50 path=/data/adodas/VarCoNet-V2-main/xiaolunwen/experiment2b/checkpoints/worker_r0_latest.pt
[repeat=0 fold=7] [epoch=50/50] ssl_loss=0.054413 lr=0.00000000 base_val_bce=0.628548 base_best=N base_cls_epoch=38 epoch_sec=14.2 task_elapsed_min=4.7 gpu_alloc_gb=0.272 gpu_reserved_gb=1.510
[ssl_epoch=50/50] ssl_loss=0.054413 lr=0.00000000 base_val_bce=0.628548 base_best=N base_cls_epoch=38 epoch_sec=14.2 elapsed_min=4.7 gpu_alloc_gb=0.272 gpu_reserved_gb=1.510
RESIDUAL_EPOCH repeat=0 scope=internal_cv fold=7 epoch=0 val_bce=0.627811 best=Y dynamic_dim=73536
CHECKPOINT_LATEST repeat=0 scope=internal_cv fold=7 phase=residual epoch=10 path=/data/adodas/VarCoNet-V2-main/xiaolunwen/experiment2b/checkpoints/worker_r0_latest.pt
[residual_epoch=10/149] residual_loss=0.108808 val_bce=0.641777 best=N best_epoch=0 epoch_sec=6.7 task_elapsed_min=4.9
CHECKPOINT_LATEST repeat=0 scope=internal_cv fold=7 phase=residual epoch=20 path=/data/adodas/VarCoNet-V2-main/xiaolunwen/experiment2b/checkpoints/worker_r0_latest.pt
[residual_epoch=20/149] residual_loss=0.055770 val_bce=0.660221 best=N best_epoch=0 epoch_sec=2.3 task_elapsed_min=5.0
CHECKPOINT_LATEST repeat=0 scope=internal_cv fold=7 phase=residual epoch=30 path=/data/adodas/VarCoNet-V2-main/xiaolunwen/experiment2b/checkpoints/worker_r0_latest.pt
[residual_epoch=30/149] residual_loss=0.032923 val_bce=0.680488 best=N best_epoch=0 epoch_sec=6.3 task_elapsed_min=5.0
CHECKPOINT_LATEST repeat=0 scope=internal_cv fold=7 phase=residual epoch=40 path=/data/adodas/VarCoNet-V2-main/xiaolunwen/experiment2b/checkpoints/worker_r0_latest.pt
[residual_epoch=40/149] residual_loss=0.022167 val_bce=0.696262 best=N best_epoch=0 epoch_sec=5.6 task_elapsed_min=5.1
CHECKPOINT_LATEST repeat=0 scope=internal_cv fold=7 phase=residual epoch=50 path=/data/adodas/VarCoNet-V2-main/xiaolunwen/experiment2b/checkpoints/worker_r0_latest.pt
[residual_epoch=50/149] residual_loss=0.016463 val_bce=0.709742 best=N best_epoch=0 epoch_sec=5.8 task_elapsed_min=5.2
CHECKPOINT_LATEST repeat=0 scope=internal_cv fold=7 phase=residual epoch=60 path=/data/adodas/VarCoNet-V2-main/xiaolunwen/experiment2b/checkpoints/worker_r0_latest.pt
[residual_epoch=60/149] residual_loss=0.013057 val_bce=0.722534 best=N best_epoch=0 epoch_sec=8.9 task_elapsed_min=5.3
CHECKPOINT_LATEST repeat=0 scope=internal_cv fold=7 phase=residual epoch=70 path=/data/adodas/VarCoNet-V2-main/xiaolunwen/experiment2b/checkpoints/worker_r0_latest.pt
[residual_epoch=70/149] residual_loss=0.010804 val_bce=0.733105 best=N best_epoch=0 epoch_sec=10.8 task_elapsed_min=5.5
CHECKPOINT_LATEST repeat=0 scope=internal_cv fold=7 phase=residual epoch=80 path=/data/adodas/VarCoNet-V2-main/xiaolunwen/experiment2b/checkpoints/worker_r0_latest.pt
[residual_epoch=80/149] residual_loss=0.009191 val_bce=0.742195 best=N best_epoch=0 epoch_sec=4.4 task_elapsed_min=5.7
CHECKPOINT_LATEST repeat=0 scope=internal_cv fold=7 phase=residual epoch=90 path=/data/adodas/VarCoNet-V2-main/xiaolunwen/experiment2b/checkpoints/worker_r0_latest.pt
[residual_epoch=90/149] residual_loss=0.007972 val_bce=0.750919 best=N best_epoch=0 epoch_sec=4.7 task_elapsed_min=5.7
CHECKPOINT_LATEST repeat=0 scope=internal_cv fold=7 phase=residual epoch=100 path=/data/adodas/VarCoNet-V2-main/xiaolunwen/experiment2b/checkpoints/worker_r0_latest.pt
[residual_epoch=100/149] residual_loss=0.007012 val_bce=0.758633 best=N best_epoch=0 epoch_sec=9.2 task_elapsed_min=5.8
CHECKPOINT_LATEST repeat=0 scope=internal_cv fold=7 phase=residual epoch=110 path=/data/adodas/VarCoNet-V2-main/xiaolunwen/experiment2b/checkpoints/worker_r0_latest.pt
[residual_epoch=110/149] residual_loss=0.006235 val_bce=0.765974 best=N best_epoch=0 epoch_sec=1.4 task_elapsed_min=6.0
CHECKPOINT_LATEST repeat=0 scope=internal_cv fold=7 phase=residual epoch=120 path=/data/adodas/VarCoNet-V2-main/xiaolunwen/experiment2b/checkpoints/worker_r0_latest.pt
[residual_epoch=120/149] residual_loss=0.005595 val_bce=0.772897 best=N best_epoch=0 epoch_sec=7.3 task_elapsed_min=6.0
CHECKPOINT_LATEST repeat=0 scope=internal_cv fold=7 phase=residual epoch=130 path=/data/adodas/VarCoNet-V2-main/xiaolunwen/experiment2b/checkpoints/worker_r0_latest.pt
[residual_epoch=130/149] residual_loss=0.005057 val_bce=0.779432 best=N best_epoch=0 epoch_sec=1.7 task_elapsed_min=6.1
CHECKPOINT_LATEST repeat=0 scope=internal_cv fold=7 phase=residual epoch=140 path=/data/adodas/VarCoNet-V2-main/xiaolunwen/experiment2b/checkpoints/worker_r0_latest.pt
[residual_epoch=140/149] residual_loss=0.004601 val_bce=0.785677 best=N best_epoch=0 epoch_sec=6.6 task_elapsed_min=6.2
RESIDUAL_DONE repeat=0 scope=internal_cv fold=7 selected_encoder_epoch=44 selected_classifier_epoch=44 selected_residual_epoch=0 val_bce=0.627811
TASK_TRAINING_DONE repeat=0 scope=internal_cv fold=7 base_epoch=44 dyn_epoch=44 base_val_bce=0.627811 dyn_val_bce=0.627811
TASK_DONE repeat=0 scope=internal_fold fold=7 method=baseline selected_encoder_epoch=44 test_auc=0.725999 test_bce=0.617144 elapsed_min=6.3
TASK_DONE repeat=0 scope=internal_fold fold=7 method=pretransformer_edge_residual selected_encoder_epoch=44 test_auc=0.725999 test_bce=0.617144 elapsed_min=6.3
TASK_START repeat=0 scope=internal_cv fold=8 seed=100008 device=cuda:0 shared_encoder=Y
CHECKPOINT_BEST repeat=0 scope=internal_cv fold=8 phase=ssl epoch=1 path=/data/adodas/VarCoNet-V2-main/xiaolunwen/experiment2b/checkpoints/worker_r0_best.pt
[repeat=0 fold=8] [epoch=1/50] ssl_loss=0.127706 lr=0.00002411 base_val_bce=0.620669 base_best=Y base_cls_epoch=42 epoch_sec=14.9 task_elapsed_min=0.1 gpu_alloc_gb=0.272 gpu_reserved_gb=1.510
[ssl_epoch=1/50] ssl_loss=0.127706 lr=0.00002411 base_val_bce=0.620669 base_best=Y base_cls_epoch=42 epoch_sec=15.0 elapsed_min=0.1 gpu_alloc_gb=0.272 gpu_reserved_gb=1.510
CHECKPOINT_BEST repeat=0 scope=internal_cv fold=8 phase=ssl epoch=2 path=/data/adodas/VarCoNet-V2-main/xiaolunwen/experiment2b/checkpoints/worker_r0_best.pt
[repeat=0 fold=8] [epoch=2/50] ssl_loss=0.096568 lr=0.00003821 base_val_bce=0.619748 base_best=Y base_cls_epoch=42 epoch_sec=12.4 task_elapsed_min=0.3 gpu_alloc_gb=0.272 gpu_reserved_gb=1.510
[ssl_epoch=2/50] ssl_loss=0.096568 lr=0.00003821 base_val_bce=0.619748 base_best=Y base_cls_epoch=42 epoch_sec=12.4 elapsed_min=0.3 gpu_alloc_gb=0.272 gpu_reserved_gb=1.510
[repeat=0 fold=8] [epoch=3/50] ssl_loss=0.090938 lr=0.00005232 base_val_bce=0.626389 base_best=N base_cls_epoch=41 epoch_sec=3.2 task_elapsed_min=0.5 gpu_alloc_gb=0.272 gpu_reserved_gb=1.510
[ssl_epoch=3/50] ssl_loss=0.090938 lr=0.00005232 base_val_bce=0.626389 base_best=N base_cls_epoch=41 epoch_sec=3.3 elapsed_min=0.5 gpu_alloc_gb=0.272 gpu_reserved_gb=1.510
[repeat=0 fold=8] [epoch=4/50] ssl_loss=0.103927 lr=0.00006643 base_val_bce=0.626189 base_best=N base_cls_epoch=34 epoch_sec=2.5 task_elapsed_min=0.6 gpu_alloc_gb=0.272 gpu_reserved_gb=1.510
[ssl_epoch=4/50] ssl_loss=0.103927 lr=0.00006643 base_val_bce=0.626189 base_best=N base_cls_epoch=34 epoch_sec=2.6 elapsed_min=0.6 gpu_alloc_gb=0.272 gpu_reserved_gb=1.510
[repeat=0 fold=8] [epoch=5/50] ssl_loss=0.097979 lr=0.00008053 base_val_bce=0.637421 base_best=N base_cls_epoch=39 epoch_sec=2.1 task_elapsed_min=0.6 gpu_alloc_gb=0.272 gpu_reserved_gb=1.510
[ssl_epoch=5/50] ssl_loss=0.097979 lr=0.00008053 base_val_bce=0.637421 base_best=N base_cls_epoch=39 epoch_sec=2.2 elapsed_min=0.6 gpu_alloc_gb=0.272 gpu_reserved_gb=1.510
[repeat=0 fold=8] [epoch=6/50] ssl_loss=0.089333 lr=0.00009464 base_val_bce=0.623372 base_best=N base_cls_epoch=33 epoch_sec=2.1 task_elapsed_min=0.6 gpu_alloc_gb=0.272 gpu_reserved_gb=1.510
[ssl_epoch=6/50] ssl_loss=0.089333 lr=0.00009464 base_val_bce=0.623372 base_best=N base_cls_epoch=33 epoch_sec=2.2 elapsed_min=0.6 gpu_alloc_gb=0.272 gpu_reserved_gb=1.510
[repeat=0 fold=8] [epoch=7/50] ssl_loss=0.081113 lr=0.00010875 base_val_bce=0.623735 base_best=N base_cls_epoch=33 epoch_sec=2.1 task_elapsed_min=0.7 gpu_alloc_gb=0.272 gpu_reserved_gb=1.510
[ssl_epoch=7/50] ssl_loss=0.081113 lr=0.00010875 base_val_bce=0.623735 base_best=N base_cls_epoch=33 epoch_sec=2.4 elapsed_min=0.7 gpu_alloc_gb=0.272 gpu_reserved_gb=1.510
[repeat=0 fold=8] [epoch=8/50] ssl_loss=0.069780 lr=0.00012285 base_val_bce=0.621506 base_best=N base_cls_epoch=28 epoch_sec=1.9 task_elapsed_min=0.7 gpu_alloc_gb=0.272 gpu_reserved_gb=1.510
[ssl_epoch=8/50] ssl_loss=0.069780 lr=0.00012285 base_val_bce=0.621506 base_best=N base_cls_epoch=28 epoch_sec=2.0 elapsed_min=0.7 gpu_alloc_gb=0.272 gpu_reserved_gb=1.510
[repeat=0 fold=8] [epoch=9/50] ssl_loss=0.078173 lr=0.00013696 base_val_bce=0.621348 base_best=N base_cls_epoch=27 epoch_sec=1.9 task_elapsed_min=0.7 gpu_alloc_gb=0.272 gpu_reserved_gb=1.510
[ssl_epoch=9/50] ssl_loss=0.078173 lr=0.00013696 base_val_bce=0.621348 base_best=N base_cls_epoch=27 epoch_sec=1.9 elapsed_min=0.7 gpu_alloc_gb=0.272 gpu_reserved_gb=1.510
CHECKPOINT_LATEST repeat=0 scope=internal_cv fold=8 phase=ssl epoch=10 path=/data/adodas/VarCoNet-V2-main/xiaolunwen/experiment2b/checkpoints/worker_r0_latest.pt
[repeat=0 fold=8] [epoch=10/50] ssl_loss=0.072698 lr=0.00013696 base_val_bce=0.620957 base_best=N base_cls_epoch=27 epoch_sec=15.8 task_elapsed_min=0.8 gpu_alloc_gb=0.272 gpu_reserved_gb=1.510
[ssl_epoch=10/50] ssl_loss=0.072698 lr=0.00013696 base_val_bce=0.620957 base_best=N base_cls_epoch=27 epoch_sec=15.8 elapsed_min=0.8 gpu_alloc_gb=0.272 gpu_reserved_gb=1.510
[repeat=0 fold=8] [epoch=11/50] ssl_loss=0.059021 lr=0.00013675 base_val_bce=0.631561 base_best=N base_cls_epoch=30 epoch_sec=3.3 task_elapsed_min=1.1 gpu_alloc_gb=0.272 gpu_reserved_gb=1.510
[ssl_epoch=11/50] ssl_loss=0.059021 lr=0.00013675 base_val_bce=0.631561 base_best=N base_cls_epoch=30 epoch_sec=3.5 elapsed_min=1.1 gpu_alloc_gb=0.272 gpu_reserved_gb=1.510
[repeat=0 fold=8] [epoch=12/50] ssl_loss=0.088417 lr=0.00013612 base_val_bce=0.622452 base_best=N base_cls_epoch=28 epoch_sec=3.0 task_elapsed_min=1.1 gpu_alloc_gb=0.272 gpu_reserved_gb=1.510
[ssl_epoch=12/50] ssl_loss=0.088417 lr=0.00013612 base_val_bce=0.622452 base_best=N base_cls_epoch=28 epoch_sec=3.3 elapsed_min=1.1 gpu_alloc_gb=0.272 gpu_reserved_gb=1.510
CHECKPOINT_BEST repeat=0 scope=internal_cv fold=8 phase=ssl epoch=13 path=/data/adodas/VarCoNet-V2-main/xiaolunwen/experiment2b/checkpoints/worker_r0_best.pt
[repeat=0 fold=8] [epoch=13/50] ssl_loss=0.058807 lr=0.00013507 base_val_bce=0.610395 base_best=Y base_cls_epoch=31 epoch_sec=10.7 task_elapsed_min=1.2 gpu_alloc_gb=0.272 gpu_reserved_gb=1.510
[ssl_epoch=13/50] ssl_loss=0.058807 lr=0.00013507 base_val_bce=0.610395 base_best=Y base_cls_epoch=31 epoch_sec=10.8 elapsed_min=1.2 gpu_alloc_gb=0.272 gpu_reserved_gb=1.510
[repeat=0 fold=8] [epoch=14/50] ssl_loss=0.058409 lr=0.00013361 base_val_bce=0.632326 base_best=N base_cls_epoch=32 epoch_sec=2.7 task_elapsed_min=1.4 gpu_alloc_gb=0.272 gpu_reserved_gb=1.510
[ssl_epoch=14/50] ssl_loss=0.058409 lr=0.00013361 base_val_bce=0.632326 base_best=N base_cls_epoch=32 epoch_sec=2.8 elapsed_min=1.4 gpu_alloc_gb=0.272 gpu_reserved_gb=1.510
[repeat=0 fold=8] [epoch=15/50] ssl_loss=0.049872 lr=0.00013175 base_val_bce=0.625245 base_best=N base_cls_epoch=30 epoch_sec=2.5 task_elapsed_min=1.4 gpu_alloc_gb=0.272 gpu_reserved_gb=1.510
[ssl_epoch=15/50] ssl_loss=0.049872 lr=0.00013175 base_val_bce=0.625245 base_best=N base_cls_epoch=30 epoch_sec=2.8 elapsed_min=1.4 gpu_alloc_gb=0.272 gpu_reserved_gb=1.510
[repeat=0 fold=8] [epoch=16/50] ssl_loss=0.051652 lr=0.00012950 base_val_bce=0.612445 base_best=N base_cls_epoch=32 epoch_sec=2.4 task_elapsed_min=1.5 gpu_alloc_gb=0.272 gpu_reserved_gb=1.510
[ssl_epoch=16/50] ssl_loss=0.051652 lr=0.00012950 base_val_bce=0.612445 base_best=N base_cls_epoch=32 epoch_sec=2.7 elapsed_min=1.5 gpu_alloc_gb=0.272 gpu_reserved_gb=1.510
[repeat=0 fold=8] [epoch=17/50] ssl_loss=0.069303 lr=0.00012687 base_val_bce=0.615738 base_best=N base_cls_epoch=32 epoch_sec=2.5 task_elapsed_min=1.5 gpu_alloc_gb=0.272 gpu_reserved_gb=1.510
[ssl_epoch=17/50] ssl_loss=0.069303 lr=0.00012687 base_val_bce=0.615738 base_best=N base_cls_epoch=32 epoch_sec=2.5 elapsed_min=1.5 gpu_alloc_gb=0.272 gpu_reserved_gb=1.510
[repeat=0 fold=8] [epoch=18/50] ssl_loss=0.053514 lr=0.00012388 base_val_bce=0.629090 base_best=N base_cls_epoch=33 epoch_sec=2.5 task_elapsed_min=1.5 gpu_alloc_gb=0.272 gpu_reserved_gb=1.510
[ssl_epoch=18/50] ssl_loss=0.053514 lr=0.00012388 base_val_bce=0.629090 base_best=N base_cls_epoch=33 epoch_sec=2.6 elapsed_min=1.5 gpu_alloc_gb=0.272 gpu_reserved_gb=1.510
[repeat=0 fold=8] [epoch=19/50] ssl_loss=0.058202 lr=0.00012055 base_val_bce=0.628483 base_best=N base_cls_epoch=31 epoch_sec=2.8 task_elapsed_min=1.6 gpu_alloc_gb=0.272 gpu_reserved_gb=1.510
[ssl_epoch=19/50] ssl_loss=0.058202 lr=0.00012055 base_val_bce=0.628483 base_best=N base_cls_epoch=31 epoch_sec=2.8 elapsed_min=1.6 gpu_alloc_gb=0.272 gpu_reserved_gb=1.510
CHECKPOINT_LATEST repeat=0 scope=internal_cv fold=8 phase=ssl epoch=20 path=/data/adodas/VarCoNet-V2-main/xiaolunwen/experiment2b/checkpoints/worker_r0_latest.pt
[repeat=0 fold=8] [epoch=20/50] ssl_loss=0.055772 lr=0.00011690 base_val_bce=0.633512 base_best=N base_cls_epoch=35 epoch_sec=10.8 task_elapsed_min=1.6 gpu_alloc_gb=0.272 gpu_reserved_gb=1.510
[ssl_epoch=20/50] ssl_loss=0.055772 lr=0.00011690 base_val_bce=0.633512 base_best=N base_cls_epoch=35 epoch_sec=10.8 elapsed_min=1.6 gpu_alloc_gb=0.272 gpu_reserved_gb=1.510
[repeat=0 fold=8] [epoch=21/50] ssl_loss=0.045172 lr=0.00011296 base_val_bce=0.622996 base_best=N base_cls_epoch=31 epoch_sec=2.5 task_elapsed_min=1.8 gpu_alloc_gb=0.272 gpu_reserved_gb=1.510
[ssl_epoch=21/50] ssl_loss=0.045172 lr=0.00011296 base_val_bce=0.622996 base_best=N base_cls_epoch=31 epoch_sec=2.7 elapsed_min=1.8 gpu_alloc_gb=0.272 gpu_reserved_gb=1.510
[repeat=0 fold=8] [epoch=22/50] ssl_loss=0.047975 lr=0.00010873 base_val_bce=0.623755 base_best=N base_cls_epoch=33 epoch_sec=2.9 task_elapsed_min=1.9 gpu_alloc_gb=0.272 gpu_reserved_gb=1.510
[ssl_epoch=22/50] ssl_loss=0.047975 lr=0.00010873 base_val_bce=0.623755 base_best=N base_cls_epoch=33 epoch_sec=3.3 elapsed_min=1.9 gpu_alloc_gb=0.272 gpu_reserved_gb=1.510
[repeat=0 fold=8] [epoch=23/50] ssl_loss=0.057331 lr=0.00010426 base_val_bce=0.625693 base_best=N base_cls_epoch=33 epoch_sec=3.2 task_elapsed_min=1.9 gpu_alloc_gb=0.272 gpu_reserved_gb=1.510
[ssl_epoch=23/50] ssl_loss=0.057331 lr=0.00010426 base_val_bce=0.625693 base_best=N base_cls_epoch=33 epoch_sec=3.3 elapsed_min=1.9 gpu_alloc_gb=0.272 gpu_reserved_gb=1.510
[repeat=0 fold=8] [epoch=24/50] ssl_loss=0.045543 lr=0.00009957 base_val_bce=0.627696 base_best=N base_cls_epoch=30 epoch_sec=2.1 task_elapsed_min=2.0 gpu_alloc_gb=0.272 gpu_reserved_gb=1.510
[ssl_epoch=24/50] ssl_loss=0.045543 lr=0.00009957 base_val_bce=0.627696 base_best=N base_cls_epoch=30 epoch_sec=2.1 elapsed_min=2.0 gpu_alloc_gb=0.272 gpu_reserved_gb=1.510
[repeat=0 fold=8] [epoch=25/50] ssl_loss=0.037861 lr=0.00009469 base_val_bce=0.625465 base_best=N base_cls_epoch=31 epoch_sec=2.6 task_elapsed_min=2.0 gpu_alloc_gb=0.272 gpu_reserved_gb=1.510
[ssl_epoch=25/50] ssl_loss=0.037861 lr=0.00009469 base_val_bce=0.625465 base_best=N base_cls_epoch=31 epoch_sec=2.7 elapsed_min=2.0 gpu_alloc_gb=0.272 gpu_reserved_gb=1.510
[repeat=0 fold=8] [epoch=26/50] ssl_loss=0.041461 lr=0.00008964 base_val_bce=0.630594 base_best=N base_cls_epoch=34 epoch_sec=3.3 task_elapsed_min=2.1 gpu_alloc_gb=0.272 gpu_reserved_gb=1.510
[ssl_epoch=26/50] ssl_loss=0.041461 lr=0.00008964 base_val_bce=0.630594 base_best=N base_cls_epoch=34 epoch_sec=3.4 elapsed_min=2.1 gpu_alloc_gb=0.272 gpu_reserved_gb=1.510
[repeat=0 fold=8] [epoch=27/50] ssl_loss=0.042810 lr=0.00008447 base_val_bce=0.630246 base_best=N base_cls_epoch=34 epoch_sec=2.5 task_elapsed_min=2.1 gpu_alloc_gb=0.272 gpu_reserved_gb=1.510
[ssl_epoch=27/50] ssl_loss=0.042810 lr=0.00008447 base_val_bce=0.630246 base_best=N base_cls_epoch=34 epoch_sec=2.6 elapsed_min=2.1 gpu_alloc_gb=0.272 gpu_reserved_gb=1.510
[repeat=0 fold=8] [epoch=28/50] ssl_loss=0.045537 lr=0.00007919 base_val_bce=0.623669 base_best=N base_cls_epoch=37 epoch_sec=5.5 task_elapsed_min=2.2 gpu_alloc_gb=0.272 gpu_reserved_gb=1.510
[ssl_epoch=28/50] ssl_loss=0.045537 lr=0.00007919 base_val_bce=0.623669 base_best=N base_cls_epoch=37 epoch_sec=5.6 elapsed_min=2.2 gpu_alloc_gb=0.272 gpu_reserved_gb=1.510
[repeat=0 fold=8] [epoch=29/50] ssl_loss=0.042081 lr=0.00007385 base_val_bce=0.626652 base_best=N base_cls_epoch=35 epoch_sec=2.6 task_elapsed_min=2.2 gpu_alloc_gb=0.272 gpu_reserved_gb=1.510
[ssl_epoch=29/50] ssl_loss=0.042081 lr=0.00007385 base_val_bce=0.626652 base_best=N base_cls_epoch=35 epoch_sec=2.8 elapsed_min=2.2 gpu_alloc_gb=0.272 gpu_reserved_gb=1.510
CHECKPOINT_LATEST repeat=0 scope=internal_cv fold=8 phase=ssl epoch=30 path=/data/adodas/VarCoNet-V2-main/xiaolunwen/experiment2b/checkpoints/worker_r0_latest.pt
[repeat=0 fold=8] [epoch=30/50] ssl_loss=0.048044 lr=0.00006848 base_val_bce=0.634620 base_best=N base_cls_epoch=34 epoch_sec=10.2 task_elapsed_min=2.3 gpu_alloc_gb=0.272 gpu_reserved_gb=1.510
[ssl_epoch=30/50] ssl_loss=0.048044 lr=0.00006848 base_val_bce=0.634620 base_best=N base_cls_epoch=34 epoch_sec=10.2 elapsed_min=2.3 gpu_alloc_gb=0.272 gpu_reserved_gb=1.510
[repeat=0 fold=8] [epoch=31/50] ssl_loss=0.040258 lr=0.00006311 base_val_bce=0.613156 base_best=N base_cls_epoch=37 epoch_sec=3.1 task_elapsed_min=2.5 gpu_alloc_gb=0.272 gpu_reserved_gb=1.510
[ssl_epoch=31/50] ssl_loss=0.040258 lr=0.00006311 base_val_bce=0.613156 base_best=N base_cls_epoch=37 epoch_sec=3.2 elapsed_min=2.5 gpu_alloc_gb=0.272 gpu_reserved_gb=1.510
[repeat=0 fold=8] [epoch=32/50] ssl_loss=0.038675 lr=0.00005777 base_val_bce=0.619837 base_best=N base_cls_epoch=42 epoch_sec=3.0 task_elapsed_min=2.5 gpu_alloc_gb=0.272 gpu_reserved_gb=1.510
[ssl_epoch=32/50] ssl_loss=0.038675 lr=0.00005777 base_val_bce=0.619837 base_best=N base_cls_epoch=42 epoch_sec=3.3 elapsed_min=2.5 gpu_alloc_gb=0.272 gpu_reserved_gb=1.510
[repeat=0 fold=8] [epoch=33/50] ssl_loss=0.047143 lr=0.00005249 base_val_bce=0.614330 base_best=N base_cls_epoch=38 epoch_sec=3.7 task_elapsed_min=2.6 gpu_alloc_gb=0.272 gpu_reserved_gb=1.510
[ssl_epoch=33/50] ssl_loss=0.047143 lr=0.00005249 base_val_bce=0.614330 base_best=N base_cls_epoch=38 epoch_sec=4.9 elapsed_min=2.6 gpu_alloc_gb=0.272 gpu_reserved_gb=1.510
[repeat=0 fold=8] [epoch=34/50] ssl_loss=0.040166 lr=0.00004732 base_val_bce=0.620929 base_best=N base_cls_epoch=38 epoch_sec=2.0 task_elapsed_min=2.6 gpu_alloc_gb=0.272 gpu_reserved_gb=1.510
[ssl_epoch=34/50] ssl_loss=0.040166 lr=0.00004732 base_val_bce=0.620929 base_best=N base_cls_epoch=38 epoch_sec=2.4 elapsed_min=2.6 gpu_alloc_gb=0.272 gpu_reserved_gb=1.510
[repeat=0 fold=8] [epoch=35/50] ssl_loss=0.046976 lr=0.00004227 base_val_bce=0.616501 base_best=N base_cls_epoch=33 epoch_sec=3.4 task_elapsed_min=2.7 gpu_alloc_gb=0.272 gpu_reserved_gb=1.510
[ssl_epoch=35/50] ssl_loss=0.046976 lr=0.00004227 base_val_bce=0.616501 base_best=N base_cls_epoch=33 epoch_sec=4.0 elapsed_min=2.7 gpu_alloc_gb=0.272 gpu_reserved_gb=1.510
[repeat=0 fold=8] [epoch=36/50] ssl_loss=0.045570 lr=0.00003739 base_val_bce=0.621592 base_best=N base_cls_epoch=38 epoch_sec=3.3 task_elapsed_min=2.8 gpu_alloc_gb=0.272 gpu_reserved_gb=1.510
[ssl_epoch=36/50] ssl_loss=0.045570 lr=0.00003739 base_val_bce=0.621592 base_best=N base_cls_epoch=38 epoch_sec=3.4 elapsed_min=2.8 gpu_alloc_gb=0.272 gpu_reserved_gb=1.510
[repeat=0 fold=8] [epoch=37/50] ssl_loss=0.037705 lr=0.00003270 base_val_bce=0.615430 base_best=N base_cls_epoch=41 epoch_sec=3.8 task_elapsed_min=2.8 gpu_alloc_gb=0.272 gpu_reserved_gb=1.510
[ssl_epoch=37/50] ssl_loss=0.037705 lr=0.00003270 base_val_bce=0.615430 base_best=N base_cls_epoch=41 epoch_sec=4.4 elapsed_min=2.8 gpu_alloc_gb=0.272 gpu_reserved_gb=1.510
[repeat=0 fold=8] [epoch=38/50] ssl_loss=0.047718 lr=0.00002823 base_val_bce=0.613703 base_best=N base_cls_epoch=36 epoch_sec=3.2 task_elapsed_min=2.9 gpu_alloc_gb=0.272 gpu_reserved_gb=1.510
[ssl_epoch=38/50] ssl_loss=0.047718 lr=0.00002823 base_val_bce=0.613703 base_best=N base_cls_epoch=36 epoch_sec=3.3 elapsed_min=2.9 gpu_alloc_gb=0.272 gpu_reserved_gb=1.510
[repeat=0 fold=8] [epoch=39/50] ssl_loss=0.046344 lr=0.00002401 base_val_bce=0.616536 base_best=N base_cls_epoch=38 epoch_sec=3.2 task_elapsed_min=3.0 gpu_alloc_gb=0.272 gpu_reserved_gb=1.510
[ssl_epoch=39/50] ssl_loss=0.046344 lr=0.00002401 base_val_bce=0.616536 base_best=N base_cls_epoch=38 epoch_sec=3.3 elapsed_min=3.0 gpu_alloc_gb=0.272 gpu_reserved_gb=1.510
CHECKPOINT_LATEST repeat=0 scope=internal_cv fold=8 phase=ssl epoch=40 path=/data/adodas/VarCoNet-V2-main/xiaolunwen/experiment2b/checkpoints/worker_r0_latest.pt
[repeat=0 fold=8] [epoch=40/50] ssl_loss=0.035602 lr=0.00002006 base_val_bce=0.620619 base_best=N base_cls_epoch=36 epoch_sec=7.6 task_elapsed_min=3.0 gpu_alloc_gb=0.272 gpu_reserved_gb=1.510
[ssl_epoch=40/50] ssl_loss=0.035602 lr=0.00002006 base_val_bce=0.620619 base_best=N base_cls_epoch=36 epoch_sec=8.0 elapsed_min=3.0 gpu_alloc_gb=0.272 gpu_reserved_gb=1.510
[repeat=0 fold=8] [epoch=41/50] ssl_loss=0.044602 lr=0.00001641 base_val_bce=0.625276 base_best=N base_cls_epoch=41 epoch_sec=2.9 task_elapsed_min=3.2 gpu_alloc_gb=0.272 gpu_reserved_gb=1.510
[ssl_epoch=41/50] ssl_loss=0.044602 lr=0.00001641 base_val_bce=0.625276 base_best=N base_cls_epoch=41 epoch_sec=3.0 elapsed_min=3.2 gpu_alloc_gb=0.272 gpu_reserved_gb=1.510
[repeat=0 fold=8] [epoch=42/50] ssl_loss=0.034912 lr=0.00001308 base_val_bce=0.611004 base_best=N base_cls_epoch=35 epoch_sec=3.0 task_elapsed_min=3.2 gpu_alloc_gb=0.272 gpu_reserved_gb=1.510
[ssl_epoch=42/50] ssl_loss=0.034912 lr=0.00001308 base_val_bce=0.611004 base_best=N base_cls_epoch=35 epoch_sec=3.0 elapsed_min=3.2 gpu_alloc_gb=0.272 gpu_reserved_gb=1.510
[repeat=0 fold=8] [epoch=43/50] ssl_loss=0.040626 lr=0.00001009 base_val_bce=0.616529 base_best=N base_cls_epoch=38 epoch_sec=2.6 task_elapsed_min=3.3 gpu_alloc_gb=0.272 gpu_reserved_gb=1.510
[ssl_epoch=43/50] ssl_loss=0.040626 lr=0.00001009 base_val_bce=0.616529 base_best=N base_cls_epoch=38 epoch_sec=2.7 elapsed_min=3.3 gpu_alloc_gb=0.272 gpu_reserved_gb=1.510
[repeat=0 fold=8] [epoch=44/50] ssl_loss=0.048047 lr=0.00000746 base_val_bce=0.622721 base_best=N base_cls_epoch=40 epoch_sec=2.0 task_elapsed_min=3.3 gpu_alloc_gb=0.272 gpu_reserved_gb=1.510
[ssl_epoch=44/50] ssl_loss=0.048047 lr=0.00000746 base_val_bce=0.622721 base_best=N base_cls_epoch=40 epoch_sec=2.2 elapsed_min=3.3 gpu_alloc_gb=0.272 gpu_reserved_gb=1.510
[repeat=0 fold=8] [epoch=45/50] ssl_loss=0.043819 lr=0.00000521 base_val_bce=0.621742 base_best=N base_cls_epoch=34 epoch_sec=3.6 task_elapsed_min=3.4 gpu_alloc_gb=0.272 gpu_reserved_gb=1.510
[ssl_epoch=45/50] ssl_loss=0.043819 lr=0.00000521 base_val_bce=0.621742 base_best=N base_cls_epoch=34 epoch_sec=3.6 elapsed_min=3.4 gpu_alloc_gb=0.272 gpu_reserved_gb=1.510
[repeat=0 fold=8] [epoch=46/50] ssl_loss=0.038041 lr=0.00000335 base_val_bce=0.616217 base_best=N base_cls_epoch=39 epoch_sec=3.0 task_elapsed_min=3.4 gpu_alloc_gb=0.272 gpu_reserved_gb=1.510
[ssl_epoch=46/50] ssl_loss=0.038041 lr=0.00000335 base_val_bce=0.616217 base_best=N base_cls_epoch=39 epoch_sec=3.9 elapsed_min=3.4 gpu_alloc_gb=0.272 gpu_reserved_gb=1.510
CHECKPOINT_BEST repeat=0 scope=internal_cv fold=8 phase=ssl epoch=47 path=/data/adodas/VarCoNet-V2-main/xiaolunwen/experiment2b/checkpoints/worker_r0_best.pt
[repeat=0 fold=8] [epoch=47/50] ssl_loss=0.037789 lr=0.00000189 base_val_bce=0.607543 base_best=Y base_cls_epoch=35 epoch_sec=6.6 task_elapsed_min=3.5 gpu_alloc_gb=0.272 gpu_reserved_gb=1.510
[ssl_epoch=47/50] ssl_loss=0.037789 lr=0.00000189 base_val_bce=0.607543 base_best=Y base_cls_epoch=35 epoch_sec=6.7 elapsed_min=3.5 gpu_alloc_gb=0.272 gpu_reserved_gb=1.510
[repeat=0 fold=8] [epoch=48/50] ssl_loss=0.046838 lr=0.00000084 base_val_bce=0.617639 base_best=N base_cls_epoch=38 epoch_sec=4.1 task_elapsed_min=3.6 gpu_alloc_gb=0.272 gpu_reserved_gb=1.510
[ssl_epoch=48/50] ssl_loss=0.046838 lr=0.00000084 base_val_bce=0.617639 base_best=N base_cls_epoch=38 epoch_sec=4.4 elapsed_min=3.6 gpu_alloc_gb=0.272 gpu_reserved_gb=1.510
[repeat=0 fold=8] [epoch=49/50] ssl_loss=0.032603 lr=0.00000021 base_val_bce=0.623820 base_best=N base_cls_epoch=40 epoch_sec=2.6 task_elapsed_min=3.7 gpu_alloc_gb=0.272 gpu_reserved_gb=1.510
[ssl_epoch=49/50] ssl_loss=0.032603 lr=0.00000021 base_val_bce=0.623820 base_best=N base_cls_epoch=40 epoch_sec=2.8 elapsed_min=3.7 gpu_alloc_gb=0.272 gpu_reserved_gb=1.510
CHECKPOINT_LATEST repeat=0 scope=internal_cv fold=8 phase=ssl epoch=50 path=/data/adodas/VarCoNet-V2-main/xiaolunwen/experiment2b/checkpoints/worker_r0_latest.pt
[repeat=0 fold=8] [epoch=50/50] ssl_loss=0.033205 lr=0.00000000 base_val_bce=0.610808 base_best=N base_cls_epoch=38 epoch_sec=11.8 task_elapsed_min=3.7 gpu_alloc_gb=0.272 gpu_reserved_gb=1.510
[ssl_epoch=50/50] ssl_loss=0.033205 lr=0.00000000 base_val_bce=0.610808 base_best=N base_cls_epoch=38 epoch_sec=11.8 elapsed_min=3.7 gpu_alloc_gb=0.272 gpu_reserved_gb=1.510
RESIDUAL_EPOCH repeat=0 scope=internal_cv fold=8 epoch=0 val_bce=0.607543 best=Y dynamic_dim=73536
CHECKPOINT_BEST repeat=0 scope=internal_cv fold=8 phase=residual epoch=2 path=/data/adodas/VarCoNet-V2-main/xiaolunwen/experiment2b/checkpoints/worker_r0_best.pt
[residual_epoch=2/149] residual_loss=0.212649 val_bce=0.605477 best=Y best_epoch=2 epoch_sec=3.6 task_elapsed_min=3.9
CHECKPOINT_BEST repeat=0 scope=internal_cv fold=8 phase=residual epoch=3 path=/data/adodas/VarCoNet-V2-main/xiaolunwen/experiment2b/checkpoints/worker_r0_best.pt
[residual_epoch=3/149] residual_loss=0.196328 val_bce=0.604991 best=Y best_epoch=3 epoch_sec=4.9 task_elapsed_min=3.9
CHECKPOINT_LATEST repeat=0 scope=internal_cv fold=8 phase=residual epoch=10 path=/data/adodas/VarCoNet-V2-main/xiaolunwen/experiment2b/checkpoints/worker_r0_latest.pt
[residual_epoch=10/149] residual_loss=0.115904 val_bce=0.613630 best=N best_epoch=3 epoch_sec=7.1 task_elapsed_min=4.0
CHECKPOINT_LATEST repeat=0 scope=internal_cv fold=8 phase=residual epoch=20 path=/data/adodas/VarCoNet-V2-main/xiaolunwen/experiment2b/checkpoints/worker_r0_latest.pt
[residual_epoch=20/149] residual_loss=0.060151 val_bce=0.632654 best=N best_epoch=3 epoch_sec=9.1 task_elapsed_min=4.1
CHECKPOINT_LATEST repeat=0 scope=internal_cv fold=8 phase=residual epoch=30 path=/data/adodas/VarCoNet-V2-main/xiaolunwen/experiment2b/checkpoints/worker_r0_latest.pt
[residual_epoch=30/149] residual_loss=0.035738 val_bce=0.653980 best=N best_epoch=3 epoch_sec=2.3 task_elapsed_min=4.3
CHECKPOINT_LATEST repeat=0 scope=internal_cv fold=8 phase=residual epoch=40 path=/data/adodas/VarCoNet-V2-main/xiaolunwen/experiment2b/checkpoints/worker_r0_latest.pt
[residual_epoch=40/149] residual_loss=0.024110 val_bce=0.674532 best=N best_epoch=3 epoch_sec=9.1 task_elapsed_min=4.3
CHECKPOINT_LATEST repeat=0 scope=internal_cv fold=8 phase=residual epoch=50 path=/data/adodas/VarCoNet-V2-main/xiaolunwen/experiment2b/checkpoints/worker_r0_latest.pt
[residual_epoch=50/149] residual_loss=0.017909 val_bce=0.691876 best=N best_epoch=3 epoch_sec=4.7 task_elapsed_min=4.5
CHECKPOINT_LATEST repeat=0 scope=internal_cv fold=8 phase=residual epoch=60 path=/data/adodas/VarCoNet-V2-main/xiaolunwen/experiment2b/checkpoints/worker_r0_latest.pt
[residual_epoch=60/149] residual_loss=0.014195 val_bce=0.706365 best=N best_epoch=3 epoch_sec=9.0 task_elapsed_min=4.6
CHECKPOINT_LATEST repeat=0 scope=internal_cv fold=8 phase=residual epoch=70 path=/data/adodas/VarCoNet-V2-main/xiaolunwen/experiment2b/checkpoints/worker_r0_latest.pt
[residual_epoch=70/149] residual_loss=0.011736 val_bce=0.718959 best=N best_epoch=3 epoch_sec=5.1 task_elapsed_min=4.7
CHECKPOINT_LATEST repeat=0 scope=internal_cv fold=8 phase=residual epoch=80 path=/data/adodas/VarCoNet-V2-main/xiaolunwen/experiment2b/checkpoints/worker_r0_latest.pt
[residual_epoch=80/149] residual_loss=0.009977 val_bce=0.730186 best=N best_epoch=3 epoch_sec=6.0 task_elapsed_min=4.8
CHECKPOINT_LATEST repeat=0 scope=internal_cv fold=8 phase=residual epoch=90 path=/data/adodas/VarCoNet-V2-main/xiaolunwen/experiment2b/checkpoints/worker_r0_latest.pt
[residual_epoch=90/149] residual_loss=0.008648 val_bce=0.740387 best=N best_epoch=3 epoch_sec=6.5 task_elapsed_min=4.9
CHECKPOINT_LATEST repeat=0 scope=internal_cv fold=8 phase=residual epoch=100 path=/data/adodas/VarCoNet-V2-main/xiaolunwen/experiment2b/checkpoints/worker_r0_latest.pt
[residual_epoch=100/149] residual_loss=0.007603 val_bce=0.749824 best=N best_epoch=3 epoch_sec=9.9 task_elapsed_min=5.0
CHECKPOINT_LATEST repeat=0 scope=internal_cv fold=8 phase=residual epoch=110 path=/data/adodas/VarCoNet-V2-main/xiaolunwen/experiment2b/checkpoints/worker_r0_latest.pt
[residual_epoch=110/149] residual_loss=0.006758 val_bce=0.758623 best=N best_epoch=3 epoch_sec=4.8 task_elapsed_min=5.2
CHECKPOINT_LATEST repeat=0 scope=internal_cv fold=8 phase=residual epoch=120 path=/data/adodas/VarCoNet-V2-main/xiaolunwen/experiment2b/checkpoints/worker_r0_latest.pt
[residual_epoch=120/149] residual_loss=0.006062 val_bce=0.766913 best=N best_epoch=3 epoch_sec=4.1 task_elapsed_min=5.3
CHECKPOINT_LATEST repeat=0 scope=internal_cv fold=8 phase=residual epoch=130 path=/data/adodas/VarCoNet-V2-main/xiaolunwen/experiment2b/checkpoints/worker_r0_latest.pt
[residual_epoch=130/149] residual_loss=0.005478 val_bce=0.774806 best=N best_epoch=3 epoch_sec=6.5 task_elapsed_min=5.3
CHECKPOINT_LATEST repeat=0 scope=internal_cv fold=8 phase=residual epoch=140 path=/data/adodas/VarCoNet-V2-main/xiaolunwen/experiment2b/checkpoints/worker_r0_latest.pt
[residual_epoch=140/149] residual_loss=0.004982 val_bce=0.782323 best=N best_epoch=3 epoch_sec=4.7 task_elapsed_min=5.4
RESIDUAL_DONE repeat=0 scope=internal_cv fold=8 selected_encoder_epoch=47 selected_classifier_epoch=35 selected_residual_epoch=3 val_bce=0.604991
TASK_TRAINING_DONE repeat=0 scope=internal_cv fold=8 base_epoch=47 dyn_epoch=47 base_val_bce=0.607543 dyn_val_bce=0.604991
TASK_DONE repeat=0 scope=internal_fold fold=8 method=baseline selected_encoder_epoch=47 test_auc=0.772704 test_bce=0.579589 elapsed_min=5.5
TASK_DONE repeat=0 scope=internal_fold fold=8 method=pretransformer_edge_residual selected_encoder_epoch=47 test_auc=0.752984 test_bce=0.591467 elapsed_min=5.5
TASK_START repeat=0 scope=internal_cv fold=9 seed=100009 device=cuda:0 shared_encoder=Y
CHECKPOINT_BEST repeat=0 scope=internal_cv fold=9 phase=ssl epoch=1 path=/data/adodas/VarCoNet-V2-main/xiaolunwen/experiment2b/checkpoints/worker_r0_best.pt
[repeat=0 fold=9] [epoch=1/50] ssl_loss=0.093717 lr=0.00002411 base_val_bce=0.620266 base_best=Y base_cls_epoch=42 epoch_sec=12.1 task_elapsed_min=0.1 gpu_alloc_gb=0.272 gpu_reserved_gb=1.510
[ssl_epoch=1/50] ssl_loss=0.093717 lr=0.00002411 base_val_bce=0.620266 base_best=Y base_cls_epoch=42 epoch_sec=12.2 elapsed_min=0.1 gpu_alloc_gb=0.272 gpu_reserved_gb=1.510
[repeat=0 fold=9] [epoch=2/50] ssl_loss=0.088889 lr=0.00003821 base_val_bce=0.626809 base_best=N base_cls_epoch=37 epoch_sec=2.1 task_elapsed_min=0.3 gpu_alloc_gb=0.272 gpu_reserved_gb=1.510
[ssl_epoch=2/50] ssl_loss=0.088889 lr=0.00003821 base_val_bce=0.626809 base_best=N base_cls_epoch=37 epoch_sec=2.1 elapsed_min=0.3 gpu_alloc_gb=0.272 gpu_reserved_gb=1.510
CHECKPOINT_BEST repeat=0 scope=internal_cv fold=9 phase=ssl epoch=3 path=/data/adodas/VarCoNet-V2-main/xiaolunwen/experiment2b/checkpoints/worker_r0_best.pt
[repeat=0 fold=9] [epoch=3/50] ssl_loss=0.087351 lr=0.00005232 base_val_bce=0.616022 base_best=Y base_cls_epoch=30 epoch_sec=12.6 task_elapsed_min=0.4 gpu_alloc_gb=0.272 gpu_reserved_gb=1.510
[ssl_epoch=3/50] ssl_loss=0.087351 lr=0.00005232 base_val_bce=0.616022 base_best=Y base_cls_epoch=30 epoch_sec=12.6 elapsed_min=0.4 gpu_alloc_gb=0.272 gpu_reserved_gb=1.510
[repeat=0 fold=9] [epoch=4/50] ssl_loss=0.073088 lr=0.00006643 base_val_bce=0.623135 base_best=N base_cls_epoch=34 epoch_sec=2.9 task_elapsed_min=0.6 gpu_alloc_gb=0.272 gpu_reserved_gb=1.510
[ssl_epoch=4/50] ssl_loss=0.073088 lr=0.00006643 base_val_bce=0.623135 base_best=N base_cls_epoch=34 epoch_sec=3.2 elapsed_min=0.6 gpu_alloc_gb=0.272 gpu_reserved_gb=1.510
CHECKPOINT_BEST repeat=0 scope=internal_cv fold=9 phase=ssl epoch=5 path=/data/adodas/VarCoNet-V2-main/xiaolunwen/experiment2b/checkpoints/worker_r0_best.pt
[repeat=0 fold=9] [epoch=5/50] ssl_loss=0.075382 lr=0.00008053 base_val_bce=0.615182 base_best=Y base_cls_epoch=46 epoch_sec=9.7 task_elapsed_min=0.6 gpu_alloc_gb=0.272 gpu_reserved_gb=1.510
[ssl_epoch=5/50] ssl_loss=0.075382 lr=0.00008053 base_val_bce=0.615182 base_best=Y base_cls_epoch=46 epoch_sec=10.0 elapsed_min=0.6 gpu_alloc_gb=0.272 gpu_reserved_gb=1.510
CHECKPOINT_BEST repeat=0 scope=internal_cv fold=9 phase=ssl epoch=6 path=/data/adodas/VarCoNet-V2-main/xiaolunwen/experiment2b/checkpoints/worker_r0_best.pt
[repeat=0 fold=9] [epoch=6/50] ssl_loss=0.061599 lr=0.00009464 base_val_bce=0.606329 base_best=Y base_cls_epoch=37 epoch_sec=5.4 task_elapsed_min=0.8 gpu_alloc_gb=0.272 gpu_reserved_gb=1.510
[ssl_epoch=6/50] ssl_loss=0.061599 lr=0.00009464 base_val_bce=0.606329 base_best=Y base_cls_epoch=37 epoch_sec=5.6 elapsed_min=0.8 gpu_alloc_gb=0.272 gpu_reserved_gb=1.510
[repeat=0 fold=9] [epoch=7/50] ssl_loss=0.063270 lr=0.00010875 base_val_bce=0.609248 base_best=N base_cls_epoch=44 epoch_sec=2.4 task_elapsed_min=0.9 gpu_alloc_gb=0.272 gpu_reserved_gb=1.510
[ssl_epoch=7/50] ssl_loss=0.063270 lr=0.00010875 base_val_bce=0.609248 base_best=N base_cls_epoch=44 epoch_sec=2.9 elapsed_min=0.9 gpu_alloc_gb=0.272 gpu_reserved_gb=1.510
CHECKPOINT_BEST repeat=0 scope=internal_cv fold=9 phase=ssl epoch=8 path=/data/adodas/VarCoNet-V2-main/xiaolunwen/experiment2b/checkpoints/worker_r0_best.pt
[repeat=0 fold=9] [epoch=8/50] ssl_loss=0.062061 lr=0.00012285 base_val_bce=0.590833 base_best=Y base_cls_epoch=44 epoch_sec=10.6 task_elapsed_min=1.0 gpu_alloc_gb=0.272 gpu_reserved_gb=1.510
[ssl_epoch=8/50] ssl_loss=0.062061 lr=0.00012285 base_val_bce=0.590833 base_best=Y base_cls_epoch=44 epoch_sec=10.6 elapsed_min=1.0 gpu_alloc_gb=0.272 gpu_reserved_gb=1.510
[repeat=0 fold=9] [epoch=9/50] ssl_loss=0.056199 lr=0.00013696 base_val_bce=0.602111 base_best=N base_cls_epoch=44 epoch_sec=2.9 task_elapsed_min=1.2 gpu_alloc_gb=0.272 gpu_reserved_gb=1.510
[ssl_epoch=9/50] ssl_loss=0.056199 lr=0.00013696 base_val_bce=0.602111 base_best=N base_cls_epoch=44 epoch_sec=3.0 elapsed_min=1.2 gpu_alloc_gb=0.272 gpu_reserved_gb=1.510
CHECKPOINT_LATEST repeat=0 scope=internal_cv fold=9 phase=ssl epoch=10 path=/data/adodas/VarCoNet-V2-main/xiaolunwen/experiment2b/checkpoints/worker_r0_latest.pt
[repeat=0 fold=9] [epoch=10/50] ssl_loss=0.065204 lr=0.00013696 base_val_bce=0.601966 base_best=N base_cls_epoch=43 epoch_sec=9.2 task_elapsed_min=1.2 gpu_alloc_gb=0.272 gpu_reserved_gb=1.510
[ssl_epoch=10/50] ssl_loss=0.065204 lr=0.00013696 base_val_bce=0.601966 base_best=N base_cls_epoch=43 epoch_sec=9.2 elapsed_min=1.2 gpu_alloc_gb=0.272 gpu_reserved_gb=1.510
[repeat=0 fold=9] [epoch=11/50] ssl_loss=0.055957 lr=0.00013675 base_val_bce=0.592404 base_best=N base_cls_epoch=44 epoch_sec=3.0 task_elapsed_min=1.4 gpu_alloc_gb=0.272 gpu_reserved_gb=1.510
[ssl_epoch=11/50] ssl_loss=0.055957 lr=0.00013675 base_val_bce=0.592404 base_best=N base_cls_epoch=44 epoch_sec=3.6 elapsed_min=1.4 gpu_alloc_gb=0.272 gpu_reserved_gb=1.510
[repeat=0 fold=9] [epoch=12/50] ssl_loss=0.049427 lr=0.00013612 base_val_bce=0.601234 base_best=N base_cls_epoch=45 epoch_sec=3.4 task_elapsed_min=1.4 gpu_alloc_gb=0.272 gpu_reserved_gb=1.510
[ssl_epoch=12/50] ssl_loss=0.049427 lr=0.00013612 base_val_bce=0.601234 base_best=N base_cls_epoch=45 epoch_sec=4.0 elapsed_min=1.4 gpu_alloc_gb=0.272 gpu_reserved_gb=1.510
CHECKPOINT_BEST repeat=0 scope=internal_cv fold=9 phase=ssl epoch=13 path=/data/adodas/VarCoNet-V2-main/xiaolunwen/experiment2b/checkpoints/worker_r0_best.pt
[repeat=0 fold=9] [epoch=13/50] ssl_loss=0.045946 lr=0.00013507 base_val_bce=0.585204 base_best=Y base_cls_epoch=46 epoch_sec=5.5 task_elapsed_min=1.5 gpu_alloc_gb=0.272 gpu_reserved_gb=1.510
[ssl_epoch=13/50] ssl_loss=0.045946 lr=0.00013507 base_val_bce=0.585204 base_best=Y base_cls_epoch=46 epoch_sec=5.7 elapsed_min=1.5 gpu_alloc_gb=0.272 gpu_reserved_gb=1.510
[repeat=0 fold=9] [epoch=14/50] ssl_loss=0.044409 lr=0.00013361 base_val_bce=0.603562 base_best=N base_cls_epoch=55 epoch_sec=3.5 task_elapsed_min=1.6 gpu_alloc_gb=0.272 gpu_reserved_gb=1.510
[ssl_epoch=14/50] ssl_loss=0.044409 lr=0.00013361 base_val_bce=0.603562 base_best=N base_cls_epoch=55 epoch_sec=3.7 elapsed_min=1.6 gpu_alloc_gb=0.272 gpu_reserved_gb=1.510
[repeat=0 fold=9] [epoch=15/50] ssl_loss=0.059324 lr=0.00013175 base_val_bce=0.593913 base_best=N base_cls_epoch=50 epoch_sec=3.0 task_elapsed_min=1.7 gpu_alloc_gb=0.272 gpu_reserved_gb=1.510
[ssl_epoch=15/50] ssl_loss=0.059324 lr=0.00013175 base_val_bce=0.593913 base_best=N base_cls_epoch=50 epoch_sec=3.0 elapsed_min=1.7 gpu_alloc_gb=0.272 gpu_reserved_gb=1.510
[repeat=0 fold=9] [epoch=16/50] ssl_loss=0.043609 lr=0.00012950 base_val_bce=0.597067 base_best=N base_cls_epoch=53 epoch_sec=3.4 task_elapsed_min=1.7 gpu_alloc_gb=0.272 gpu_reserved_gb=1.510
[ssl_epoch=16/50] ssl_loss=0.043609 lr=0.00012950 base_val_bce=0.597067 base_best=N base_cls_epoch=53 epoch_sec=3.4 elapsed_min=1.7 gpu_alloc_gb=0.272 gpu_reserved_gb=1.510
[repeat=0 fold=9] [epoch=17/50] ssl_loss=0.041637 lr=0.00012687 base_val_bce=0.606900 base_best=N base_cls_epoch=50 epoch_sec=3.5 task_elapsed_min=1.8 gpu_alloc_gb=0.272 gpu_reserved_gb=1.510
[ssl_epoch=17/50] ssl_loss=0.041637 lr=0.00012687 base_val_bce=0.606900 base_best=N base_cls_epoch=50 epoch_sec=3.7 elapsed_min=1.8 gpu_alloc_gb=0.272 gpu_reserved_gb=1.510
[repeat=0 fold=9] [epoch=18/50] ssl_loss=0.057681 lr=0.00012388 base_val_bce=0.591109 base_best=N base_cls_epoch=53 epoch_sec=2.5 task_elapsed_min=1.8 gpu_alloc_gb=0.272 gpu_reserved_gb=1.510
[ssl_epoch=18/50] ssl_loss=0.057681 lr=0.00012388 base_val_bce=0.591109 base_best=N base_cls_epoch=53 epoch_sec=2.6 elapsed_min=1.8 gpu_alloc_gb=0.272 gpu_reserved_gb=1.510
[repeat=0 fold=9] [epoch=19/50] ssl_loss=0.043823 lr=0.00012055 base_val_bce=0.596202 base_best=N base_cls_epoch=49 epoch_sec=2.3 task_elapsed_min=1.9 gpu_alloc_gb=0.272 gpu_reserved_gb=1.510
[ssl_epoch=19/50] ssl_loss=0.043823 lr=0.00012055 base_val_bce=0.596202 base_best=N base_cls_epoch=49 epoch_sec=2.8 elapsed_min=1.9 gpu_alloc_gb=0.272 gpu_reserved_gb=1.510
CHECKPOINT_LATEST repeat=0 scope=internal_cv fold=9 phase=ssl epoch=20 path=/data/adodas/VarCoNet-V2-main/xiaolunwen/experiment2b/checkpoints/worker_r0_latest.pt
[repeat=0 fold=9] [epoch=20/50] ssl_loss=0.048317 lr=0.00011690 base_val_bce=0.588978 base_best=N base_cls_epoch=55 epoch_sec=9.9 task_elapsed_min=1.9 gpu_alloc_gb=0.272 gpu_reserved_gb=1.510
[ssl_epoch=20/50] ssl_loss=0.048317 lr=0.00011690 base_val_bce=0.588978 base_best=N base_cls_epoch=55 epoch_sec=10.0 elapsed_min=1.9 gpu_alloc_gb=0.272 gpu_reserved_gb=1.510
CHECKPOINT_BEST repeat=0 scope=internal_cv fold=9 phase=ssl epoch=21 path=/data/adodas/VarCoNet-V2-main/xiaolunwen/experiment2b/checkpoints/worker_r0_best.pt
[repeat=0 fold=9] [epoch=21/50] ssl_loss=0.049021 lr=0.00011296 base_val_bce=0.580979 base_best=Y base_cls_epoch=52 epoch_sec=10.8 task_elapsed_min=2.1 gpu_alloc_gb=0.272 gpu_reserved_gb=1.510
[ssl_epoch=21/50] ssl_loss=0.049021 lr=0.00011296 base_val_bce=0.580979 base_best=Y base_cls_epoch=52 epoch_sec=11.0 elapsed_min=2.1 gpu_alloc_gb=0.272 gpu_reserved_gb=1.510
[repeat=0 fold=9] [epoch=22/50] ssl_loss=0.049192 lr=0.00010873 base_val_bce=0.592728 base_best=N base_cls_epoch=55 epoch_sec=3.8 task_elapsed_min=2.3 gpu_alloc_gb=0.272 gpu_reserved_gb=1.510
[ssl_epoch=22/50] ssl_loss=0.049192 lr=0.00010873 base_val_bce=0.592728 base_best=N base_cls_epoch=55 epoch_sec=3.9 elapsed_min=2.3 gpu_alloc_gb=0.272 gpu_reserved_gb=1.510
[repeat=0 fold=9] [epoch=23/50] ssl_loss=0.037521 lr=0.00010426 base_val_bce=0.608274 base_best=N base_cls_epoch=50 epoch_sec=3.7 task_elapsed_min=2.3 gpu_alloc_gb=0.272 gpu_reserved_gb=1.510
[ssl_epoch=23/50] ssl_loss=0.037521 lr=0.00010426 base_val_bce=0.608274 base_best=N base_cls_epoch=50 epoch_sec=3.8 elapsed_min=2.3 gpu_alloc_gb=0.272 gpu_reserved_gb=1.510
[repeat=0 fold=9] [epoch=24/50] ssl_loss=0.050525 lr=0.00009957 base_val_bce=0.598196 base_best=N base_cls_epoch=55 epoch_sec=3.5 task_elapsed_min=2.4 gpu_alloc_gb=0.272 gpu_reserved_gb=1.510
[ssl_epoch=24/50] ssl_loss=0.050525 lr=0.00009957 base_val_bce=0.598196 base_best=N base_cls_epoch=55 epoch_sec=3.8 elapsed_min=2.4 gpu_alloc_gb=0.272 gpu_reserved_gb=1.510
[repeat=0 fold=9] [epoch=25/50] ssl_loss=0.042683 lr=0.00009469 base_val_bce=0.599173 base_best=N base_cls_epoch=54 epoch_sec=2.3 task_elapsed_min=2.5 gpu_alloc_gb=0.272 gpu_reserved_gb=1.510
[ssl_epoch=25/50] ssl_loss=0.042683 lr=0.00009469 base_val_bce=0.599173 base_best=N base_cls_epoch=54 epoch_sec=3.3 elapsed_min=2.5 gpu_alloc_gb=0.272 gpu_reserved_gb=1.510
[repeat=0 fold=9] [epoch=26/50] ssl_loss=0.041507 lr=0.00008964 base_val_bce=0.585168 base_best=N base_cls_epoch=50 epoch_sec=3.1 task_elapsed_min=2.5 gpu_alloc_gb=0.272 gpu_reserved_gb=1.510
[ssl_epoch=26/50] ssl_loss=0.041507 lr=0.00008964 base_val_bce=0.585168 base_best=N base_cls_epoch=50 epoch_sec=4.6 elapsed_min=2.5 gpu_alloc_gb=0.272 gpu_reserved_gb=1.510
[repeat=0 fold=9] [epoch=27/50] ssl_loss=0.029319 lr=0.00008447 base_val_bce=0.597946 base_best=N base_cls_epoch=53 epoch_sec=3.0 task_elapsed_min=2.6 gpu_alloc_gb=0.272 gpu_reserved_gb=1.510
[ssl_epoch=27/50] ssl_loss=0.029319 lr=0.00008447 base_val_bce=0.597946 base_best=N base_cls_epoch=53 epoch_sec=3.1 elapsed_min=2.6 gpu_alloc_gb=0.272 gpu_reserved_gb=1.510
[repeat=0 fold=9] [epoch=28/50] ssl_loss=0.033792 lr=0.00007919 base_val_bce=0.591334 base_best=N base_cls_epoch=50 epoch_sec=2.8 task_elapsed_min=2.7 gpu_alloc_gb=0.272 gpu_reserved_gb=1.510
[ssl_epoch=28/50] ssl_loss=0.033792 lr=0.00007919 base_val_bce=0.591334 base_best=N base_cls_epoch=50 epoch_sec=2.8 elapsed_min=2.7 gpu_alloc_gb=0.272 gpu_reserved_gb=1.510
[repeat=0 fold=9] [epoch=29/50] ssl_loss=0.044125 lr=0.00007385 base_val_bce=0.591424 base_best=N base_cls_epoch=53 epoch_sec=2.2 task_elapsed_min=2.7 gpu_alloc_gb=0.272 gpu_reserved_gb=1.510
[ssl_epoch=29/50] ssl_loss=0.044125 lr=0.00007385 base_val_bce=0.591424 base_best=N base_cls_epoch=53 epoch_sec=2.4 elapsed_min=2.7 gpu_alloc_gb=0.272 gpu_reserved_gb=1.510
CHECKPOINT_LATEST repeat=0 scope=internal_cv fold=9 phase=ssl epoch=30 path=/data/adodas/VarCoNet-V2-main/xiaolunwen/experiment2b/checkpoints/worker_r0_latest.pt
[repeat=0 fold=9] [epoch=30/50] ssl_loss=0.046014 lr=0.00006848 base_val_bce=0.605627 base_best=N base_cls_epoch=49 epoch_sec=9.6 task_elapsed_min=2.8 gpu_alloc_gb=0.272 gpu_reserved_gb=1.510
[ssl_epoch=30/50] ssl_loss=0.046014 lr=0.00006848 base_val_bce=0.605627 base_best=N base_cls_epoch=49 epoch_sec=9.7 elapsed_min=2.8 gpu_alloc_gb=0.272 gpu_reserved_gb=1.510
[repeat=0 fold=9] [epoch=31/50] ssl_loss=0.037955 lr=0.00006311 base_val_bce=0.596588 base_best=N base_cls_epoch=55 epoch_sec=3.1 task_elapsed_min=2.9 gpu_alloc_gb=0.272 gpu_reserved_gb=1.510
[ssl_epoch=31/50] ssl_loss=0.037955 lr=0.00006311 base_val_bce=0.596588 base_best=N base_cls_epoch=55 epoch_sec=3.6 elapsed_min=2.9 gpu_alloc_gb=0.272 gpu_reserved_gb=1.510
[repeat=0 fold=9] [epoch=32/50] ssl_loss=0.042836 lr=0.00005777 base_val_bce=0.586810 base_best=N base_cls_epoch=53 epoch_sec=3.8 task_elapsed_min=3.0 gpu_alloc_gb=0.272 gpu_reserved_gb=1.510
[ssl_epoch=32/50] ssl_loss=0.042836 lr=0.00005777 base_val_bce=0.586810 base_best=N base_cls_epoch=53 epoch_sec=4.4 elapsed_min=3.0 gpu_alloc_gb=0.272 gpu_reserved_gb=1.510
[repeat=0 fold=9] [epoch=33/50] ssl_loss=0.046287 lr=0.00005249 base_val_bce=0.583109 base_best=N base_cls_epoch=51 epoch_sec=2.8 task_elapsed_min=3.1 gpu_alloc_gb=0.272 gpu_reserved_gb=1.510
[ssl_epoch=33/50] ssl_loss=0.046287 lr=0.00005249 base_val_bce=0.583109 base_best=N base_cls_epoch=51 epoch_sec=3.3 elapsed_min=3.1 gpu_alloc_gb=0.272 gpu_reserved_gb=1.510
[repeat=0 fold=9] [epoch=34/50] ssl_loss=0.053524 lr=0.00004732 base_val_bce=0.592156 base_best=N base_cls_epoch=55 epoch_sec=2.4 task_elapsed_min=3.1 gpu_alloc_gb=0.272 gpu_reserved_gb=1.510
[ssl_epoch=34/50] ssl_loss=0.053524 lr=0.00004732 base_val_bce=0.592156 base_best=N base_cls_epoch=55 epoch_sec=2.5 elapsed_min=3.1 gpu_alloc_gb=0.272 gpu_reserved_gb=1.510
[repeat=0 fold=9] [epoch=35/50] ssl_loss=0.037872 lr=0.00004227 base_val_bce=0.593877 base_best=N base_cls_epoch=53 epoch_sec=3.6 task_elapsed_min=3.2 gpu_alloc_gb=0.272 gpu_reserved_gb=1.510
[ssl_epoch=35/50] ssl_loss=0.037872 lr=0.00004227 base_val_bce=0.593877 base_best=N base_cls_epoch=53 epoch_sec=3.7 elapsed_min=3.2 gpu_alloc_gb=0.272 gpu_reserved_gb=1.510
[repeat=0 fold=9] [epoch=36/50] ssl_loss=0.035769 lr=0.00003739 base_val_bce=0.591348 base_best=N base_cls_epoch=51 epoch_sec=3.5 task_elapsed_min=3.2 gpu_alloc_gb=0.272 gpu_reserved_gb=1.510
[ssl_epoch=36/50] ssl_loss=0.035769 lr=0.00003739 base_val_bce=0.591348 base_best=N base_cls_epoch=51 epoch_sec=3.6 elapsed_min=3.2 gpu_alloc_gb=0.272 gpu_reserved_gb=1.510
[repeat=0 fold=9] [epoch=37/50] ssl_loss=0.031810 lr=0.00003270 base_val_bce=0.600765 base_best=N base_cls_epoch=53 epoch_sec=2.8 task_elapsed_min=3.3 gpu_alloc_gb=0.272 gpu_reserved_gb=1.510
[ssl_epoch=37/50] ssl_loss=0.031810 lr=0.00003270 base_val_bce=0.600765 base_best=N base_cls_epoch=53 epoch_sec=2.9 elapsed_min=3.3 gpu_alloc_gb=0.272 gpu_reserved_gb=1.510
[repeat=0 fold=9] [epoch=38/50] ssl_loss=0.029029 lr=0.00002823 base_val_bce=0.592542 base_best=N base_cls_epoch=55 epoch_sec=3.8 task_elapsed_min=3.3 gpu_alloc_gb=0.272 gpu_reserved_gb=1.510
[ssl_epoch=38/50] ssl_loss=0.029029 lr=0.00002823 base_val_bce=0.592542 base_best=N base_cls_epoch=55 epoch_sec=4.0 elapsed_min=3.3 gpu_alloc_gb=0.272 gpu_reserved_gb=1.510
[repeat=0 fold=9] [epoch=39/50] ssl_loss=0.042846 lr=0.00002401 base_val_bce=0.589974 base_best=N base_cls_epoch=63 epoch_sec=3.5 task_elapsed_min=3.4 gpu_alloc_gb=0.272 gpu_reserved_gb=1.510
[ssl_epoch=39/50] ssl_loss=0.042846 lr=0.00002401 base_val_bce=0.589974 base_best=N base_cls_epoch=63 epoch_sec=3.8 elapsed_min=3.4 gpu_alloc_gb=0.272 gpu_reserved_gb=1.510
CHECKPOINT_LATEST repeat=0 scope=internal_cv fold=9 phase=ssl epoch=40 path=/data/adodas/VarCoNet-V2-main/xiaolunwen/experiment2b/checkpoints/worker_r0_latest.pt
[repeat=0 fold=9] [epoch=40/50] ssl_loss=0.036784 lr=0.00002006 base_val_bce=0.602602 base_best=N base_cls_epoch=58 epoch_sec=5.0 task_elapsed_min=3.5 gpu_alloc_gb=0.272 gpu_reserved_gb=1.510
[ssl_epoch=40/50] ssl_loss=0.036784 lr=0.00002006 base_val_bce=0.602602 base_best=N base_cls_epoch=58 epoch_sec=5.4 elapsed_min=3.5 gpu_alloc_gb=0.272 gpu_reserved_gb=1.510
[repeat=0 fold=9] [epoch=41/50] ssl_loss=0.038956 lr=0.00001641 base_val_bce=0.605937 base_best=N base_cls_epoch=55 epoch_sec=4.1 task_elapsed_min=3.6 gpu_alloc_gb=0.272 gpu_reserved_gb=1.510
[ssl_epoch=41/50] ssl_loss=0.038956 lr=0.00001641 base_val_bce=0.605937 base_best=N base_cls_epoch=55 epoch_sec=4.5 elapsed_min=3.6 gpu_alloc_gb=0.272 gpu_reserved_gb=1.510
[repeat=0 fold=9] [epoch=42/50] ssl_loss=0.041708 lr=0.00001308 base_val_bce=0.598989 base_best=N base_cls_epoch=56 epoch_sec=3.1 task_elapsed_min=3.7 gpu_alloc_gb=0.272 gpu_reserved_gb=1.510
[ssl_epoch=42/50] ssl_loss=0.041708 lr=0.00001308 base_val_bce=0.598989 base_best=N base_cls_epoch=56 epoch_sec=3.2 elapsed_min=3.7 gpu_alloc_gb=0.272 gpu_reserved_gb=1.510
[repeat=0 fold=9] [epoch=43/50] ssl_loss=0.031185 lr=0.00001009 base_val_bce=0.593516 base_best=N base_cls_epoch=60 epoch_sec=3.4 task_elapsed_min=3.7 gpu_alloc_gb=0.272 gpu_reserved_gb=1.510
[ssl_epoch=43/50] ssl_loss=0.031185 lr=0.00001009 base_val_bce=0.593516 base_best=N base_cls_epoch=60 epoch_sec=3.5 elapsed_min=3.7 gpu_alloc_gb=0.272 gpu_reserved_gb=1.510
[repeat=0 fold=9] [epoch=44/50] ssl_loss=0.041439 lr=0.00000746 base_val_bce=0.599066 base_best=N base_cls_epoch=53 epoch_sec=3.2 task_elapsed_min=3.8 gpu_alloc_gb=0.272 gpu_reserved_gb=1.510
[ssl_epoch=44/50] ssl_loss=0.041439 lr=0.00000746 base_val_bce=0.599066 base_best=N base_cls_epoch=53 epoch_sec=3.5 elapsed_min=3.8 gpu_alloc_gb=0.272 gpu_reserved_gb=1.510
[repeat=0 fold=9] [epoch=45/50] ssl_loss=0.040149 lr=0.00000521 base_val_bce=0.599943 base_best=N base_cls_epoch=50 epoch_sec=3.5 task_elapsed_min=3.8 gpu_alloc_gb=0.272 gpu_reserved_gb=1.510
[ssl_epoch=45/50] ssl_loss=0.040149 lr=0.00000521 base_val_bce=0.599943 base_best=N base_cls_epoch=50 epoch_sec=3.8 elapsed_min=3.8 gpu_alloc_gb=0.272 gpu_reserved_gb=1.510
[repeat=0 fold=9] [epoch=46/50] ssl_loss=0.034024 lr=0.00000335 base_val_bce=0.594683 base_best=N base_cls_epoch=50 epoch_sec=3.3 task_elapsed_min=3.9 gpu_alloc_gb=0.272 gpu_reserved_gb=1.510
[ssl_epoch=46/50] ssl_loss=0.034024 lr=0.00000335 base_val_bce=0.594683 base_best=N base_cls_epoch=50 epoch_sec=3.6 elapsed_min=3.9 gpu_alloc_gb=0.272 gpu_reserved_gb=1.510
[repeat=0 fold=9] [epoch=47/50] ssl_loss=0.035845 lr=0.00000189 base_val_bce=0.604488 base_best=N base_cls_epoch=54 epoch_sec=3.0 task_elapsed_min=4.0 gpu_alloc_gb=0.272 gpu_reserved_gb=1.510
[ssl_epoch=47/50] ssl_loss=0.035845 lr=0.00000189 base_val_bce=0.604488 base_best=N base_cls_epoch=54 epoch_sec=3.1 elapsed_min=4.0 gpu_alloc_gb=0.272 gpu_reserved_gb=1.510
[repeat=0 fold=9] [epoch=48/50] ssl_loss=0.036618 lr=0.00000084 base_val_bce=0.593671 base_best=N base_cls_epoch=52 epoch_sec=3.0 task_elapsed_min=4.0 gpu_alloc_gb=0.272 gpu_reserved_gb=1.510
[ssl_epoch=48/50] ssl_loss=0.036618 lr=0.00000084 base_val_bce=0.593671 base_best=N base_cls_epoch=52 epoch_sec=3.0 elapsed_min=4.0 gpu_alloc_gb=0.272 gpu_reserved_gb=1.510
[repeat=0 fold=9] [epoch=49/50] ssl_loss=0.042970 lr=0.00000021 base_val_bce=0.593246 base_best=N base_cls_epoch=51 epoch_sec=4.1 task_elapsed_min=4.1 gpu_alloc_gb=0.272 gpu_reserved_gb=1.510
[ssl_epoch=49/50] ssl_loss=0.042970 lr=0.00000021 base_val_bce=0.593246 base_best=N base_cls_epoch=51 epoch_sec=5.1 elapsed_min=4.1 gpu_alloc_gb=0.272 gpu_reserved_gb=1.510
CHECKPOINT_LATEST repeat=0 scope=internal_cv fold=9 phase=ssl epoch=50 path=/data/adodas/VarCoNet-V2-main/xiaolunwen/experiment2b/checkpoints/worker_r0_latest.pt
[repeat=0 fold=9] [epoch=50/50] ssl_loss=0.041300 lr=0.00000000 base_val_bce=0.595960 base_best=N base_cls_epoch=57 epoch_sec=6.0 task_elapsed_min=4.1 gpu_alloc_gb=0.272 gpu_reserved_gb=1.510
[ssl_epoch=50/50] ssl_loss=0.041300 lr=0.00000000 base_val_bce=0.595960 base_best=N base_cls_epoch=57 epoch_sec=6.0 elapsed_min=4.1 gpu_alloc_gb=0.272 gpu_reserved_gb=1.510
RESIDUAL_EPOCH repeat=0 scope=internal_cv fold=9 epoch=0 val_bce=0.580979 best=Y dynamic_dim=73536
CHECKPOINT_BEST repeat=0 scope=internal_cv fold=9 phase=residual epoch=1 path=/data/adodas/VarCoNet-V2-main/xiaolunwen/experiment2b/checkpoints/worker_r0_best.pt
[residual_epoch=1/149] residual_loss=0.164264 val_bce=0.580644 best=Y best_epoch=1 epoch_sec=11.2 task_elapsed_min=4.2
CHECKPOINT_LATEST repeat=0 scope=internal_cv fold=9 phase=residual epoch=10 path=/data/adodas/VarCoNet-V2-main/xiaolunwen/experiment2b/checkpoints/worker_r0_latest.pt
[residual_epoch=10/149] residual_loss=0.073201 val_bce=0.591152 best=N best_epoch=1 epoch_sec=5.1 task_elapsed_min=4.4
CHECKPOINT_LATEST repeat=0 scope=internal_cv fold=9 phase=residual epoch=20 path=/data/adodas/VarCoNet-V2-main/xiaolunwen/experiment2b/checkpoints/worker_r0_latest.pt
[residual_epoch=20/149] residual_loss=0.035002 val_bce=0.609513 best=N best_epoch=1 epoch_sec=6.2 task_elapsed_min=4.5
CHECKPOINT_LATEST repeat=0 scope=internal_cv fold=9 phase=residual epoch=30 path=/data/adodas/VarCoNet-V2-main/xiaolunwen/experiment2b/checkpoints/worker_r0_latest.pt
[residual_epoch=30/149] residual_loss=0.020054 val_bce=0.630419 best=N best_epoch=1 epoch_sec=2.1 task_elapsed_min=4.6
CHECKPOINT_LATEST repeat=0 scope=internal_cv fold=9 phase=residual epoch=40 path=/data/adodas/VarCoNet-V2-main/xiaolunwen/experiment2b/checkpoints/worker_r0_latest.pt
[residual_epoch=40/149] residual_loss=0.013420 val_bce=0.648244 best=N best_epoch=1 epoch_sec=11.7 task_elapsed_min=4.6
CHECKPOINT_LATEST repeat=0 scope=internal_cv fold=9 phase=residual epoch=50 path=/data/adodas/VarCoNet-V2-main/xiaolunwen/experiment2b/checkpoints/worker_r0_latest.pt
[residual_epoch=50/149] residual_loss=0.010004 val_bce=0.662506 best=N best_epoch=1 epoch_sec=8.6 task_elapsed_min=4.8
CHECKPOINT_LATEST repeat=0 scope=internal_cv fold=9 phase=residual epoch=60 path=/data/adodas/VarCoNet-V2-main/xiaolunwen/experiment2b/checkpoints/worker_r0_latest.pt
[residual_epoch=60/149] residual_loss=0.007982 val_bce=0.674407 best=N best_epoch=1 epoch_sec=5.0 task_elapsed_min=5.0
CHECKPOINT_LATEST repeat=0 scope=internal_cv fold=9 phase=residual epoch=70 path=/data/adodas/VarCoNet-V2-main/xiaolunwen/experiment2b/checkpoints/worker_r0_latest.pt
[residual_epoch=70/149] residual_loss=0.006642 val_bce=0.684533 best=N best_epoch=1 epoch_sec=3.6 task_elapsed_min=5.1
CHECKPOINT_LATEST repeat=0 scope=internal_cv fold=9 phase=residual epoch=80 path=/data/adodas/VarCoNet-V2-main/xiaolunwen/experiment2b/checkpoints/worker_r0_latest.pt
[residual_epoch=80/149] residual_loss=0.005678 val_bce=0.693426 best=N best_epoch=1 epoch_sec=8.3 task_elapsed_min=5.1
CHECKPOINT_LATEST repeat=0 scope=internal_cv fold=9 phase=residual epoch=90 path=/data/adodas/VarCoNet-V2-main/xiaolunwen/experiment2b/checkpoints/worker_r0_latest.pt
[residual_epoch=90/149] residual_loss=0.004944 val_bce=0.701499 best=N best_epoch=1 epoch_sec=5.9 task_elapsed_min=5.3
CHECKPOINT_LATEST repeat=0 scope=internal_cv fold=9 phase=residual epoch=100 path=/data/adodas/VarCoNet-V2-main/xiaolunwen/experiment2b/checkpoints/worker_r0_latest.pt
[residual_epoch=100/149] residual_loss=0.004362 val_bce=0.708967 best=N best_epoch=1 epoch_sec=8.3 task_elapsed_min=5.3
CHECKPOINT_LATEST repeat=0 scope=internal_cv fold=9 phase=residual epoch=110 path=/data/adodas/VarCoNet-V2-main/xiaolunwen/experiment2b/checkpoints/worker_r0_latest.pt
[residual_epoch=110/149] residual_loss=0.003888 val_bce=0.715984 best=N best_epoch=1 epoch_sec=6.6 task_elapsed_min=5.5
CHECKPOINT_LATEST repeat=0 scope=internal_cv fold=9 phase=residual epoch=120 path=/data/adodas/VarCoNet-V2-main/xiaolunwen/experiment2b/checkpoints/worker_r0_latest.pt
[residual_epoch=120/149] residual_loss=0.003496 val_bce=0.722623 best=N best_epoch=1 epoch_sec=7.0 task_elapsed_min=5.6
CHECKPOINT_LATEST repeat=0 scope=internal_cv fold=9 phase=residual epoch=130 path=/data/adodas/VarCoNet-V2-main/xiaolunwen/experiment2b/checkpoints/worker_r0_latest.pt
[residual_epoch=130/149] residual_loss=0.003165 val_bce=0.728914 best=N best_epoch=1 epoch_sec=9.5 task_elapsed_min=5.7
CHECKPOINT_LATEST repeat=0 scope=internal_cv fold=9 phase=residual epoch=140 path=/data/adodas/VarCoNet-V2-main/xiaolunwen/experiment2b/checkpoints/worker_r0_latest.pt
[residual_epoch=140/149] residual_loss=0.002884 val_bce=0.734904 best=N best_epoch=1 epoch_sec=6.8 task_elapsed_min=5.9
RESIDUAL_DONE repeat=0 scope=internal_cv fold=9 selected_encoder_epoch=21 selected_classifier_epoch=52 selected_residual_epoch=1 val_bce=0.580644
TASK_TRAINING_DONE repeat=0 scope=internal_cv fold=9 base_epoch=21 dyn_epoch=21 base_val_bce=0.580979 dyn_val_bce=0.580644
TASK_DONE repeat=0 scope=internal_fold fold=9 method=baseline selected_encoder_epoch=21 test_auc=0.662169 test_bce=0.666359 elapsed_min=6.0
TASK_DONE repeat=0 scope=internal_fold fold=9 method=pretransformer_edge_residual selected_encoder_epoch=21 test_auc=0.662688 test_bce=0.665122 elapsed_min=6.0
TASK_START repeat=0 scope=caltech_external fold=external seed=200000 device=cuda:0 shared_encoder=Y
CHECKPOINT_BEST repeat=0 scope=caltech_external fold=external phase=ssl epoch=1 path=/data/adodas/VarCoNet-V2-main/xiaolunwen/experiment2b/checkpoints/worker_r0_best.pt
[repeat=0 fold=external] [epoch=1/50] ssl_loss=0.102581 lr=0.00002411 base_val_bce=0.574232 base_best=Y base_cls_epoch=37 epoch_sec=4.7 task_elapsed_min=0.1 gpu_alloc_gb=0.295 gpu_reserved_gb=1.510
[ssl_epoch=1/50] ssl_loss=0.102581 lr=0.00002411 base_val_bce=0.574232 base_best=Y base_cls_epoch=37 epoch_sec=4.7 elapsed_min=0.1 gpu_alloc_gb=0.295 gpu_reserved_gb=1.510
[repeat=0 fold=external] [epoch=2/50] ssl_loss=0.097634 lr=0.00003821 base_val_bce=0.596425 base_best=N base_cls_epoch=53 epoch_sec=2.7 task_elapsed_min=0.1 gpu_alloc_gb=0.295 gpu_reserved_gb=1.510
[ssl_epoch=2/50] ssl_loss=0.097634 lr=0.00003821 base_val_bce=0.596425 base_best=N base_cls_epoch=53 epoch_sec=2.7 elapsed_min=0.1 gpu_alloc_gb=0.295 gpu_reserved_gb=1.510
[repeat=0 fold=external] [epoch=3/50] ssl_loss=0.086995 lr=0.00005232 base_val_bce=0.582719 base_best=N base_cls_epoch=46 epoch_sec=2.7 task_elapsed_min=0.2 gpu_alloc_gb=0.295 gpu_reserved_gb=1.510
[ssl_epoch=3/50] ssl_loss=0.086995 lr=0.00005232 base_val_bce=0.582719 base_best=N base_cls_epoch=46 epoch_sec=2.7 elapsed_min=0.2 gpu_alloc_gb=0.295 gpu_reserved_gb=1.510
[repeat=0 fold=external] [epoch=4/50] ssl_loss=0.082667 lr=0.00006643 base_val_bce=0.588977 base_best=N base_cls_epoch=41 epoch_sec=3.0 task_elapsed_min=0.2 gpu_alloc_gb=0.295 gpu_reserved_gb=1.510
[ssl_epoch=4/50] ssl_loss=0.082667 lr=0.00006643 base_val_bce=0.588977 base_best=N base_cls_epoch=41 epoch_sec=3.0 elapsed_min=0.2 gpu_alloc_gb=0.295 gpu_reserved_gb=1.510
[repeat=0 fold=external] [epoch=5/50] ssl_loss=0.090205 lr=0.00008053 base_val_bce=0.590836 base_best=N base_cls_epoch=42 epoch_sec=3.4 task_elapsed_min=0.3 gpu_alloc_gb=0.295 gpu_reserved_gb=1.510
[ssl_epoch=5/50] ssl_loss=0.090205 lr=0.00008053 base_val_bce=0.590836 base_best=N base_cls_epoch=42 epoch_sec=3.8 elapsed_min=0.3 gpu_alloc_gb=0.295 gpu_reserved_gb=1.510
[repeat=0 fold=external] [epoch=6/50] ssl_loss=0.076852 lr=0.00009464 base_val_bce=0.583729 base_best=N base_cls_epoch=42 epoch_sec=5.4 task_elapsed_min=0.4 gpu_alloc_gb=0.295 gpu_reserved_gb=1.510
[ssl_epoch=6/50] ssl_loss=0.076852 lr=0.00009464 base_val_bce=0.583729 base_best=N base_cls_epoch=42 epoch_sec=6.1 elapsed_min=0.4 gpu_alloc_gb=0.295 gpu_reserved_gb=1.510
[repeat=0 fold=external] [epoch=7/50] ssl_loss=0.055798 lr=0.00010875 base_val_bce=0.584894 base_best=N base_cls_epoch=43 epoch_sec=3.3 task_elapsed_min=0.5 gpu_alloc_gb=0.295 gpu_reserved_gb=1.510
[ssl_epoch=7/50] ssl_loss=0.055798 lr=0.00010875 base_val_bce=0.584894 base_best=N base_cls_epoch=43 epoch_sec=3.5 elapsed_min=0.5 gpu_alloc_gb=0.295 gpu_reserved_gb=1.510
[repeat=0 fold=external] [epoch=8/50] ssl_loss=0.072575 lr=0.00012285 base_val_bce=0.586340 base_best=N base_cls_epoch=36 epoch_sec=3.2 task_elapsed_min=0.5 gpu_alloc_gb=0.295 gpu_reserved_gb=1.510
[ssl_epoch=8/50] ssl_loss=0.072575 lr=0.00012285 base_val_bce=0.586340 base_best=N base_cls_epoch=36 epoch_sec=3.3 elapsed_min=0.5 gpu_alloc_gb=0.295 gpu_reserved_gb=1.510
[repeat=0 fold=external] [epoch=9/50] ssl_loss=0.051623 lr=0.00013696 base_val_bce=0.596201 base_best=N base_cls_epoch=38 epoch_sec=3.2 task_elapsed_min=0.6 gpu_alloc_gb=0.295 gpu_reserved_gb=1.510
[ssl_epoch=9/50] ssl_loss=0.051623 lr=0.00013696 base_val_bce=0.596201 base_best=N base_cls_epoch=38 epoch_sec=3.6 elapsed_min=0.6 gpu_alloc_gb=0.295 gpu_reserved_gb=1.510
CHECKPOINT_LATEST repeat=0 scope=caltech_external fold=external phase=ssl epoch=10 path=/data/adodas/VarCoNet-V2-main/xiaolunwen/experiment2b/checkpoints/worker_r0_latest.pt
[repeat=0 fold=external] [epoch=10/50] ssl_loss=0.052608 lr=0.00013696 base_val_bce=0.595685 base_best=N base_cls_epoch=36 epoch_sec=5.5 task_elapsed_min=0.6 gpu_alloc_gb=0.295 gpu_reserved_gb=1.510
[ssl_epoch=10/50] ssl_loss=0.052608 lr=0.00013696 base_val_bce=0.595685 base_best=N base_cls_epoch=36 epoch_sec=5.5 elapsed_min=0.6 gpu_alloc_gb=0.295 gpu_reserved_gb=1.510
[repeat=0 fold=external] [epoch=11/50] ssl_loss=0.044279 lr=0.00013675 base_val_bce=0.594216 base_best=N base_cls_epoch=38 epoch_sec=4.0 task_elapsed_min=0.7 gpu_alloc_gb=0.295 gpu_reserved_gb=1.510
[ssl_epoch=11/50] ssl_loss=0.044279 lr=0.00013675 base_val_bce=0.594216 base_best=N base_cls_epoch=38 epoch_sec=4.0 elapsed_min=0.7 gpu_alloc_gb=0.295 gpu_reserved_gb=1.510
[repeat=0 fold=external] [epoch=12/50] ssl_loss=0.048180 lr=0.00013612 base_val_bce=0.599240 base_best=N base_cls_epoch=35 epoch_sec=6.7 task_elapsed_min=0.8 gpu_alloc_gb=0.295 gpu_reserved_gb=1.510
[ssl_epoch=12/50] ssl_loss=0.048180 lr=0.00013612 base_val_bce=0.599240 base_best=N base_cls_epoch=35 epoch_sec=8.5 elapsed_min=0.8 gpu_alloc_gb=0.295 gpu_reserved_gb=1.510
[repeat=0 fold=external] [epoch=13/50] ssl_loss=0.046077 lr=0.00013507 base_val_bce=0.607105 base_best=N base_cls_epoch=36 epoch_sec=2.8 task_elapsed_min=0.9 gpu_alloc_gb=0.295 gpu_reserved_gb=1.510
[ssl_epoch=13/50] ssl_loss=0.046077 lr=0.00013507 base_val_bce=0.607105 base_best=N base_cls_epoch=36 epoch_sec=2.9 elapsed_min=0.9 gpu_alloc_gb=0.295 gpu_reserved_gb=1.510
[repeat=0 fold=external] [epoch=14/50] ssl_loss=0.046357 lr=0.00013361 base_val_bce=0.617031 base_best=N base_cls_epoch=31 epoch_sec=2.9 task_elapsed_min=1.0 gpu_alloc_gb=0.295 gpu_reserved_gb=1.510
[ssl_epoch=14/50] ssl_loss=0.046357 lr=0.00013361 base_val_bce=0.617031 base_best=N base_cls_epoch=31 epoch_sec=2.9 elapsed_min=1.0 gpu_alloc_gb=0.295 gpu_reserved_gb=1.510
[repeat=0 fold=external] [epoch=15/50] ssl_loss=0.056741 lr=0.00013175 base_val_bce=0.606694 base_best=N base_cls_epoch=33 epoch_sec=2.7 task_elapsed_min=1.0 gpu_alloc_gb=0.295 gpu_reserved_gb=1.510
[ssl_epoch=15/50] ssl_loss=0.056741 lr=0.00013175 base_val_bce=0.606694 base_best=N base_cls_epoch=33 epoch_sec=2.7 elapsed_min=1.0 gpu_alloc_gb=0.295 gpu_reserved_gb=1.510
[repeat=0 fold=external] [epoch=16/50] ssl_loss=0.044625 lr=0.00012950 base_val_bce=0.613495 base_best=N base_cls_epoch=33 epoch_sec=3.0 task_elapsed_min=1.1 gpu_alloc_gb=0.295 gpu_reserved_gb=1.510
[ssl_epoch=16/50] ssl_loss=0.044625 lr=0.00012950 base_val_bce=0.613495 base_best=N base_cls_epoch=33 epoch_sec=3.1 elapsed_min=1.1 gpu_alloc_gb=0.295 gpu_reserved_gb=1.510
[repeat=0 fold=external] [epoch=17/50] ssl_loss=0.054761 lr=0.00012687 base_val_bce=0.598797 base_best=N base_cls_epoch=30 epoch_sec=3.2 task_elapsed_min=1.1 gpu_alloc_gb=0.295 gpu_reserved_gb=1.510
[ssl_epoch=17/50] ssl_loss=0.054761 lr=0.00012687 base_val_bce=0.598797 base_best=N base_cls_epoch=30 epoch_sec=3.2 elapsed_min=1.1 gpu_alloc_gb=0.295 gpu_reserved_gb=1.510
[repeat=0 fold=external] [epoch=18/50] ssl_loss=0.050902 lr=0.00012388 base_val_bce=0.608334 base_best=N base_cls_epoch=33 epoch_sec=3.0 task_elapsed_min=1.2 gpu_alloc_gb=0.295 gpu_reserved_gb=1.510
[ssl_epoch=18/50] ssl_loss=0.050902 lr=0.00012388 base_val_bce=0.608334 base_best=N base_cls_epoch=33 epoch_sec=3.0 elapsed_min=1.2 gpu_alloc_gb=0.295 gpu_reserved_gb=1.510
[repeat=0 fold=external] [epoch=19/50] ssl_loss=0.041115 lr=0.00012055 base_val_bce=0.601896 base_best=N base_cls_epoch=31 epoch_sec=3.8 task_elapsed_min=1.3 gpu_alloc_gb=0.295 gpu_reserved_gb=1.510
[ssl_epoch=19/50] ssl_loss=0.041115 lr=0.00012055 base_val_bce=0.601896 base_best=N base_cls_epoch=31 epoch_sec=4.2 elapsed_min=1.3 gpu_alloc_gb=0.295 gpu_reserved_gb=1.510
CHECKPOINT_LATEST repeat=0 scope=caltech_external fold=external phase=ssl epoch=20 path=/data/adodas/VarCoNet-V2-main/xiaolunwen/experiment2b/checkpoints/worker_r0_latest.pt
[repeat=0 fold=external] [epoch=20/50] ssl_loss=0.047583 lr=0.00011690 base_val_bce=0.610097 base_best=N base_cls_epoch=30 epoch_sec=10.3 task_elapsed_min=1.3 gpu_alloc_gb=0.295 gpu_reserved_gb=1.510
[ssl_epoch=20/50] ssl_loss=0.047583 lr=0.00011690 base_val_bce=0.610097 base_best=N base_cls_epoch=30 epoch_sec=10.3 elapsed_min=1.3 gpu_alloc_gb=0.295 gpu_reserved_gb=1.510
[repeat=0 fold=external] [epoch=21/50] ssl_loss=0.036784 lr=0.00011296 base_val_bce=0.615746 base_best=N base_cls_epoch=35 epoch_sec=3.2 task_elapsed_min=1.5 gpu_alloc_gb=0.295 gpu_reserved_gb=1.510
[ssl_epoch=21/50] ssl_loss=0.036784 lr=0.00011296 base_val_bce=0.615746 base_best=N base_cls_epoch=35 epoch_sec=3.3 elapsed_min=1.5 gpu_alloc_gb=0.295 gpu_reserved_gb=1.510
[repeat=0 fold=external] [epoch=22/50] ssl_loss=0.043584 lr=0.00010873 base_val_bce=0.614627 base_best=N base_cls_epoch=33 epoch_sec=3.0 task_elapsed_min=1.5 gpu_alloc_gb=0.295 gpu_reserved_gb=1.510
[ssl_epoch=22/50] ssl_loss=0.043584 lr=0.00010873 base_val_bce=0.614627 base_best=N base_cls_epoch=33 epoch_sec=3.0 elapsed_min=1.5 gpu_alloc_gb=0.295 gpu_reserved_gb=1.510
[repeat=0 fold=external] [epoch=23/50] ssl_loss=0.046257 lr=0.00010426 base_val_bce=0.618065 base_best=N base_cls_epoch=37 epoch_sec=3.1 task_elapsed_min=1.6 gpu_alloc_gb=0.295 gpu_reserved_gb=1.510
[ssl_epoch=23/50] ssl_loss=0.046257 lr=0.00010426 base_val_bce=0.618065 base_best=N base_cls_epoch=37 epoch_sec=3.3 elapsed_min=1.6 gpu_alloc_gb=0.295 gpu_reserved_gb=1.510
[repeat=0 fold=external] [epoch=24/50] ssl_loss=0.034853 lr=0.00009957 base_val_bce=0.609360 base_best=N base_cls_epoch=36 epoch_sec=2.5 task_elapsed_min=1.6 gpu_alloc_gb=0.295 gpu_reserved_gb=1.510
[ssl_epoch=24/50] ssl_loss=0.034853 lr=0.00009957 base_val_bce=0.609360 base_best=N base_cls_epoch=36 epoch_sec=2.6 elapsed_min=1.6 gpu_alloc_gb=0.295 gpu_reserved_gb=1.510
[repeat=0 fold=external] [epoch=25/50] ssl_loss=0.042195 lr=0.00009469 base_val_bce=0.605720 base_best=N base_cls_epoch=34 epoch_sec=2.5 task_elapsed_min=1.7 gpu_alloc_gb=0.295 gpu_reserved_gb=1.510
[ssl_epoch=25/50] ssl_loss=0.042195 lr=0.00009469 base_val_bce=0.605720 base_best=N base_cls_epoch=34 epoch_sec=2.5 elapsed_min=1.7 gpu_alloc_gb=0.295 gpu_reserved_gb=1.510
[repeat=0 fold=external] [epoch=26/50] ssl_loss=0.041356 lr=0.00008964 base_val_bce=0.596200 base_best=N base_cls_epoch=32 epoch_sec=2.8 task_elapsed_min=1.7 gpu_alloc_gb=0.295 gpu_reserved_gb=1.510
[ssl_epoch=26/50] ssl_loss=0.041356 lr=0.00008964 base_val_bce=0.596200 base_best=N base_cls_epoch=32 epoch_sec=2.9 elapsed_min=1.7 gpu_alloc_gb=0.295 gpu_reserved_gb=1.510
[repeat=0 fold=external] [epoch=27/50] ssl_loss=0.042785 lr=0.00008447 base_val_bce=0.605799 base_best=N base_cls_epoch=32 epoch_sec=2.8 task_elapsed_min=1.8 gpu_alloc_gb=0.295 gpu_reserved_gb=1.510
[ssl_epoch=27/50] ssl_loss=0.042785 lr=0.00008447 base_val_bce=0.605799 base_best=N base_cls_epoch=32 epoch_sec=2.9 elapsed_min=1.8 gpu_alloc_gb=0.295 gpu_reserved_gb=1.510
[repeat=0 fold=external] [epoch=28/50] ssl_loss=0.029425 lr=0.00007919 base_val_bce=0.607583 base_best=N base_cls_epoch=31 epoch_sec=2.3 task_elapsed_min=1.8 gpu_alloc_gb=0.295 gpu_reserved_gb=1.510
[ssl_epoch=28/50] ssl_loss=0.029425 lr=0.00007919 base_val_bce=0.607583 base_best=N base_cls_epoch=31 epoch_sec=2.4 elapsed_min=1.8 gpu_alloc_gb=0.295 gpu_reserved_gb=1.510
[repeat=0 fold=external] [epoch=29/50] ssl_loss=0.041540 lr=0.00007385 base_val_bce=0.602873 base_best=N base_cls_epoch=33 epoch_sec=2.3 task_elapsed_min=1.9 gpu_alloc_gb=0.295 gpu_reserved_gb=1.510
[ssl_epoch=29/50] ssl_loss=0.041540 lr=0.00007385 base_val_bce=0.602873 base_best=N base_cls_epoch=33 epoch_sec=2.7 elapsed_min=1.9 gpu_alloc_gb=0.295 gpu_reserved_gb=1.510
CHECKPOINT_LATEST repeat=0 scope=caltech_external fold=external phase=ssl epoch=30 path=/data/adodas/VarCoNet-V2-main/xiaolunwen/experiment2b/checkpoints/worker_r0_latest.pt
[repeat=0 fold=external] [epoch=30/50] ssl_loss=0.040985 lr=0.00006848 base_val_bce=0.612838 base_best=N base_cls_epoch=32 epoch_sec=11.2 task_elapsed_min=1.9 gpu_alloc_gb=0.295 gpu_reserved_gb=1.510
[ssl_epoch=30/50] ssl_loss=0.040985 lr=0.00006848 base_val_bce=0.612838 base_best=N base_cls_epoch=32 epoch_sec=11.2 elapsed_min=1.9 gpu_alloc_gb=0.295 gpu_reserved_gb=1.510
[repeat=0 fold=external] [epoch=31/50] ssl_loss=0.035798 lr=0.00006311 base_val_bce=0.609486 base_best=N base_cls_epoch=34 epoch_sec=3.1 task_elapsed_min=2.1 gpu_alloc_gb=0.295 gpu_reserved_gb=1.510
[ssl_epoch=31/50] ssl_loss=0.035798 lr=0.00006311 base_val_bce=0.609486 base_best=N base_cls_epoch=34 epoch_sec=3.2 elapsed_min=2.1 gpu_alloc_gb=0.295 gpu_reserved_gb=1.510
[repeat=0 fold=external] [epoch=32/50] ssl_loss=0.040375 lr=0.00005777 base_val_bce=0.611330 base_best=N base_cls_epoch=33 epoch_sec=3.0 task_elapsed_min=2.2 gpu_alloc_gb=0.295 gpu_reserved_gb=1.510
[ssl_epoch=32/50] ssl_loss=0.040375 lr=0.00005777 base_val_bce=0.611330 base_best=N base_cls_epoch=33 epoch_sec=3.0 elapsed_min=2.2 gpu_alloc_gb=0.295 gpu_reserved_gb=1.510
[repeat=0 fold=external] [epoch=33/50] ssl_loss=0.036423 lr=0.00005249 base_val_bce=0.609756 base_best=N base_cls_epoch=33 epoch_sec=3.0 task_elapsed_min=2.2 gpu_alloc_gb=0.295 gpu_reserved_gb=1.510
[ssl_epoch=33/50] ssl_loss=0.036423 lr=0.00005249 base_val_bce=0.609756 base_best=N base_cls_epoch=33 epoch_sec=3.2 elapsed_min=2.2 gpu_alloc_gb=0.295 gpu_reserved_gb=1.510
[repeat=0 fold=external] [epoch=34/50] ssl_loss=0.037635 lr=0.00004732 base_val_bce=0.610627 base_best=N base_cls_epoch=36 epoch_sec=3.0 task_elapsed_min=2.3 gpu_alloc_gb=0.295 gpu_reserved_gb=1.510
[ssl_epoch=34/50] ssl_loss=0.037635 lr=0.00004732 base_val_bce=0.610627 base_best=N base_cls_epoch=36 epoch_sec=3.1 elapsed_min=2.3 gpu_alloc_gb=0.295 gpu_reserved_gb=1.510
[repeat=0 fold=external] [epoch=35/50] ssl_loss=0.033934 lr=0.00004227 base_val_bce=0.601554 base_best=N base_cls_epoch=32 epoch_sec=3.2 task_elapsed_min=2.3 gpu_alloc_gb=0.295 gpu_reserved_gb=1.510
[ssl_epoch=35/50] ssl_loss=0.033934 lr=0.00004227 base_val_bce=0.601554 base_best=N base_cls_epoch=32 epoch_sec=3.2 elapsed_min=2.3 gpu_alloc_gb=0.295 gpu_reserved_gb=1.510
[repeat=0 fold=external] [epoch=36/50] ssl_loss=0.035112 lr=0.00003739 base_val_bce=0.603575 base_best=N base_cls_epoch=31 epoch_sec=4.4 task_elapsed_min=2.4 gpu_alloc_gb=0.295 gpu_reserved_gb=1.510
[ssl_epoch=36/50] ssl_loss=0.035112 lr=0.00003739 base_val_bce=0.603575 base_best=N base_cls_epoch=31 epoch_sec=4.4 elapsed_min=2.4 gpu_alloc_gb=0.295 gpu_reserved_gb=1.510
[repeat=0 fold=external] [epoch=37/50] ssl_loss=0.032704 lr=0.00003270 base_val_bce=0.591589 base_best=N base_cls_epoch=34 epoch_sec=3.6 task_elapsed_min=2.5 gpu_alloc_gb=0.295 gpu_reserved_gb=1.510
[ssl_epoch=37/50] ssl_loss=0.032704 lr=0.00003270 base_val_bce=0.591589 base_best=N base_cls_epoch=34 epoch_sec=4.5 elapsed_min=2.5 gpu_alloc_gb=0.295 gpu_reserved_gb=1.510
[repeat=0 fold=external] [epoch=38/50] ssl_loss=0.044336 lr=0.00002823 base_val_bce=0.611550 base_best=N base_cls_epoch=31 epoch_sec=3.1 task_elapsed_min=2.5 gpu_alloc_gb=0.295 gpu_reserved_gb=1.510
[ssl_epoch=38/50] ssl_loss=0.044336 lr=0.00002823 base_val_bce=0.611550 base_best=N base_cls_epoch=31 epoch_sec=3.1 elapsed_min=2.5 gpu_alloc_gb=0.295 gpu_reserved_gb=1.510
[repeat=0 fold=external] [epoch=39/50] ssl_loss=0.045141 lr=0.00002401 base_val_bce=0.615748 base_best=N base_cls_epoch=31 epoch_sec=3.0 task_elapsed_min=2.6 gpu_alloc_gb=0.295 gpu_reserved_gb=1.510
[ssl_epoch=39/50] ssl_loss=0.045141 lr=0.00002401 base_val_bce=0.615748 base_best=N base_cls_epoch=31 epoch_sec=3.0 elapsed_min=2.6 gpu_alloc_gb=0.295 gpu_reserved_gb=1.510
CHECKPOINT_LATEST repeat=0 scope=caltech_external fold=external phase=ssl epoch=40 path=/data/adodas/VarCoNet-V2-main/xiaolunwen/experiment2b/checkpoints/worker_r0_latest.pt
[repeat=0 fold=external] [epoch=40/50] ssl_loss=0.034078 lr=0.00002006 base_val_bce=0.609361 base_best=N base_cls_epoch=34 epoch_sec=7.1 task_elapsed_min=2.6 gpu_alloc_gb=0.295 gpu_reserved_gb=1.510
[ssl_epoch=40/50] ssl_loss=0.034078 lr=0.00002006 base_val_bce=0.609361 base_best=N base_cls_epoch=34 epoch_sec=7.1 elapsed_min=2.6 gpu_alloc_gb=0.295 gpu_reserved_gb=1.510
[repeat=0 fold=external] [epoch=41/50] ssl_loss=0.027596 lr=0.00001641 base_val_bce=0.613661 base_best=N base_cls_epoch=36 epoch_sec=3.4 task_elapsed_min=2.8 gpu_alloc_gb=0.295 gpu_reserved_gb=1.510
[ssl_epoch=41/50] ssl_loss=0.027596 lr=0.00001641 base_val_bce=0.613661 base_best=N base_cls_epoch=36 epoch_sec=3.9 elapsed_min=2.8 gpu_alloc_gb=0.295 gpu_reserved_gb=1.510
[repeat=0 fold=external] [epoch=42/50] ssl_loss=0.031642 lr=0.00001308 base_val_bce=0.620753 base_best=N base_cls_epoch=32 epoch_sec=6.1 task_elapsed_min=2.9 gpu_alloc_gb=0.295 gpu_reserved_gb=1.510
[ssl_epoch=42/50] ssl_loss=0.031642 lr=0.00001308 base_val_bce=0.620753 base_best=N base_cls_epoch=32 epoch_sec=7.4 elapsed_min=2.9 gpu_alloc_gb=0.295 gpu_reserved_gb=1.510
[repeat=0 fold=external] [epoch=43/50] ssl_loss=0.036545 lr=0.00001009 base_val_bce=0.611784 base_best=N base_cls_epoch=36 epoch_sec=3.1 task_elapsed_min=3.0 gpu_alloc_gb=0.295 gpu_reserved_gb=1.510
[ssl_epoch=43/50] ssl_loss=0.036545 lr=0.00001009 base_val_bce=0.611784 base_best=N base_cls_epoch=36 epoch_sec=3.2 elapsed_min=3.0 gpu_alloc_gb=0.295 gpu_reserved_gb=1.510
[repeat=0 fold=external] [epoch=44/50] ssl_loss=0.031694 lr=0.00000746 base_val_bce=0.609844 base_best=N base_cls_epoch=32 epoch_sec=3.1 task_elapsed_min=3.0 gpu_alloc_gb=0.295 gpu_reserved_gb=1.510
[ssl_epoch=44/50] ssl_loss=0.031694 lr=0.00000746 base_val_bce=0.609844 base_best=N base_cls_epoch=32 epoch_sec=3.2 elapsed_min=3.0 gpu_alloc_gb=0.295 gpu_reserved_gb=1.510
[repeat=0 fold=external] [epoch=45/50] ssl_loss=0.033756 lr=0.00000521 base_val_bce=0.598509 base_best=N base_cls_epoch=34 epoch_sec=3.1 task_elapsed_min=3.1 gpu_alloc_gb=0.295 gpu_reserved_gb=1.510
[ssl_epoch=45/50] ssl_loss=0.033756 lr=0.00000521 base_val_bce=0.598509 base_best=N base_cls_epoch=34 epoch_sec=3.9 elapsed_min=3.1 gpu_alloc_gb=0.295 gpu_reserved_gb=1.510
[repeat=0 fold=external] [epoch=46/50] ssl_loss=0.037818 lr=0.00000335 base_val_bce=0.602423 base_best=N base_cls_epoch=38 epoch_sec=2.9 task_elapsed_min=3.2 gpu_alloc_gb=0.295 gpu_reserved_gb=1.510
[ssl_epoch=46/50] ssl_loss=0.037818 lr=0.00000335 base_val_bce=0.602423 base_best=N base_cls_epoch=38 epoch_sec=3.1 elapsed_min=3.2 gpu_alloc_gb=0.295 gpu_reserved_gb=1.510
[repeat=0 fold=external] [epoch=47/50] ssl_loss=0.035813 lr=0.00000189 base_val_bce=0.610370 base_best=N base_cls_epoch=34 epoch_sec=2.9 task_elapsed_min=3.2 gpu_alloc_gb=0.295 gpu_reserved_gb=1.510
[ssl_epoch=47/50] ssl_loss=0.035813 lr=0.00000189 base_val_bce=0.610370 base_best=N base_cls_epoch=34 epoch_sec=3.5 elapsed_min=3.2 gpu_alloc_gb=0.295 gpu_reserved_gb=1.510
[repeat=0 fold=external] [epoch=48/50] ssl_loss=0.038807 lr=0.00000084 base_val_bce=0.607270 base_best=N base_cls_epoch=37 epoch_sec=2.5 task_elapsed_min=3.3 gpu_alloc_gb=0.295 gpu_reserved_gb=1.510
[ssl_epoch=48/50] ssl_loss=0.038807 lr=0.00000084 base_val_bce=0.607270 base_best=N base_cls_epoch=37 epoch_sec=2.6 elapsed_min=3.3 gpu_alloc_gb=0.295 gpu_reserved_gb=1.510
[repeat=0 fold=external] [epoch=49/50] ssl_loss=0.036270 lr=0.00000021 base_val_bce=0.604206 base_best=N base_cls_epoch=34 epoch_sec=3.1 task_elapsed_min=3.3 gpu_alloc_gb=0.295 gpu_reserved_gb=1.510
[ssl_epoch=49/50] ssl_loss=0.036270 lr=0.00000021 base_val_bce=0.604206 base_best=N base_cls_epoch=34 epoch_sec=3.2 elapsed_min=3.3 gpu_alloc_gb=0.295 gpu_reserved_gb=1.510
CHECKPOINT_LATEST repeat=0 scope=caltech_external fold=external phase=ssl epoch=50 path=/data/adodas/VarCoNet-V2-main/xiaolunwen/experiment2b/checkpoints/worker_r0_latest.pt
[repeat=0 fold=external] [epoch=50/50] ssl_loss=0.033594 lr=0.00000000 base_val_bce=0.596584 base_best=N base_cls_epoch=35 epoch_sec=11.1 task_elapsed_min=3.4 gpu_alloc_gb=0.295 gpu_reserved_gb=1.510
[ssl_epoch=50/50] ssl_loss=0.033594 lr=0.00000000 base_val_bce=0.596584 base_best=N base_cls_epoch=35 epoch_sec=11.1 elapsed_min=3.4 gpu_alloc_gb=0.295 gpu_reserved_gb=1.510
RESIDUAL_EPOCH repeat=0 scope=caltech_external fold=external epoch=0 val_bce=0.574232 best=Y dynamic_dim=73536
CHECKPOINT_BEST repeat=0 scope=caltech_external fold=external phase=residual epoch=2 path=/data/adodas/VarCoNet-V2-main/xiaolunwen/experiment2b/checkpoints/worker_r0_best.pt
[residual_epoch=2/149] residual_loss=0.247708 val_bce=0.573848 best=Y best_epoch=2 epoch_sec=6.1 task_elapsed_min=3.5
CHECKPOINT_BEST repeat=0 scope=caltech_external fold=external phase=residual epoch=3 path=/data/adodas/VarCoNet-V2-main/xiaolunwen/experiment2b/checkpoints/worker_r0_best.pt
[residual_epoch=3/149] residual_loss=0.229583 val_bce=0.570997 best=Y best_epoch=3 epoch_sec=2.6 task_elapsed_min=3.6
CHECKPOINT_LATEST repeat=0 scope=caltech_external fold=external phase=residual epoch=10 path=/data/adodas/VarCoNet-V2-main/xiaolunwen/experiment2b/checkpoints/worker_r0_latest.pt
[residual_epoch=10/149] residual_loss=0.145766 val_bce=0.578589 best=N best_epoch=3 epoch_sec=3.5 task_elapsed_min=3.7
CHECKPOINT_LATEST repeat=0 scope=caltech_external fold=external phase=residual epoch=20 path=/data/adodas/VarCoNet-V2-main/xiaolunwen/experiment2b/checkpoints/worker_r0_latest.pt
[residual_epoch=20/149] residual_loss=0.080606 val_bce=0.594392 best=N best_epoch=3 epoch_sec=8.0 task_elapsed_min=3.7
CHECKPOINT_LATEST repeat=0 scope=caltech_external fold=external phase=residual epoch=30 path=/data/adodas/VarCoNet-V2-main/xiaolunwen/experiment2b/checkpoints/worker_r0_latest.pt
[residual_epoch=30/149] residual_loss=0.049509 val_bce=0.606695 best=N best_epoch=3 epoch_sec=1.2 task_elapsed_min=3.9
CHECKPOINT_LATEST repeat=0 scope=caltech_external fold=external phase=residual epoch=40 path=/data/adodas/VarCoNet-V2-main/xiaolunwen/experiment2b/checkpoints/worker_r0_latest.pt
[residual_epoch=40/149] residual_loss=0.033832 val_bce=0.616843 best=N best_epoch=3 epoch_sec=4.0 task_elapsed_min=3.9
CHECKPOINT_LATEST repeat=0 scope=caltech_external fold=external phase=residual epoch=50 path=/data/adodas/VarCoNet-V2-main/xiaolunwen/experiment2b/checkpoints/worker_r0_latest.pt
[residual_epoch=50/149] residual_loss=0.025184 val_bce=0.626018 best=N best_epoch=3 epoch_sec=6.5 task_elapsed_min=4.0
CHECKPOINT_LATEST repeat=0 scope=caltech_external fold=external phase=residual epoch=60 path=/data/adodas/VarCoNet-V2-main/xiaolunwen/experiment2b/checkpoints/worker_r0_latest.pt
[residual_epoch=60/149] residual_loss=0.019918 val_bce=0.634924 best=N best_epoch=3 epoch_sec=2.8 task_elapsed_min=4.1
CHECKPOINT_LATEST repeat=0 scope=caltech_external fold=external phase=residual epoch=70 path=/data/adodas/VarCoNet-V2-main/xiaolunwen/experiment2b/checkpoints/worker_r0_latest.pt
[residual_epoch=70/149] residual_loss=0.016414 val_bce=0.642944 best=N best_epoch=3 epoch_sec=7.4 task_elapsed_min=4.1
CHECKPOINT_LATEST repeat=0 scope=caltech_external fold=external phase=residual epoch=80 path=/data/adodas/VarCoNet-V2-main/xiaolunwen/experiment2b/checkpoints/worker_r0_latest.pt
[residual_epoch=80/149] residual_loss=0.013911 val_bce=0.649944 best=N best_epoch=3 epoch_sec=4.5 task_elapsed_min=4.2
CHECKPOINT_LATEST repeat=0 scope=caltech_external fold=external phase=residual epoch=90 path=/data/adodas/VarCoNet-V2-main/xiaolunwen/experiment2b/checkpoints/worker_r0_latest.pt
[residual_epoch=90/149] residual_loss=0.012025 val_bce=0.656854 best=N best_epoch=3 epoch_sec=6.3 task_elapsed_min=4.3
CHECKPOINT_LATEST repeat=0 scope=caltech_external fold=external phase=residual epoch=100 path=/data/adodas/VarCoNet-V2-main/xiaolunwen/experiment2b/checkpoints/worker_r0_latest.pt
[residual_epoch=100/149] residual_loss=0.010549 val_bce=0.663339 best=N best_epoch=3 epoch_sec=8.3 task_elapsed_min=4.4
CHECKPOINT_LATEST repeat=0 scope=caltech_external fold=external phase=residual epoch=110 path=/data/adodas/VarCoNet-V2-main/xiaolunwen/experiment2b/checkpoints/worker_r0_latest.pt
[residual_epoch=110/149] residual_loss=0.009360 val_bce=0.669274 best=N best_epoch=3 epoch_sec=2.5 task_elapsed_min=4.6
CHECKPOINT_LATEST repeat=0 scope=caltech_external fold=external phase=residual epoch=120 path=/data/adodas/VarCoNet-V2-main/xiaolunwen/experiment2b/checkpoints/worker_r0_latest.pt
[residual_epoch=120/149] residual_loss=0.008383 val_bce=0.675012 best=N best_epoch=3 epoch_sec=4.1 task_elapsed_min=4.6
CHECKPOINT_LATEST repeat=0 scope=caltech_external fold=external phase=residual epoch=130 path=/data/adodas/VarCoNet-V2-main/xiaolunwen/experiment2b/checkpoints/worker_r0_latest.pt
[residual_epoch=130/149] residual_loss=0.007567 val_bce=0.680407 best=N best_epoch=3 epoch_sec=11.3 task_elapsed_min=4.7
CHECKPOINT_LATEST repeat=0 scope=caltech_external fold=external phase=residual epoch=140 path=/data/adodas/VarCoNet-V2-main/xiaolunwen/experiment2b/checkpoints/worker_r0_latest.pt
[residual_epoch=140/149] residual_loss=0.006875 val_bce=0.685594 best=N best_epoch=3 epoch_sec=4.3 task_elapsed_min=4.9
RESIDUAL_DONE repeat=0 scope=caltech_external fold=external selected_encoder_epoch=1 selected_classifier_epoch=37 selected_residual_epoch=3 val_bce=0.570997
TASK_TRAINING_DONE repeat=0 scope=caltech_external fold=external base_epoch=1 dyn_epoch=1 base_val_bce=0.574232 dyn_val_bce=0.570997
TASK_DONE repeat=0 scope=caltech fold=external method=baseline selected_encoder_epoch=1 test_auc=0.748538 test_bce=0.586942 elapsed_min=4.9
TASK_DONE repeat=0 scope=abide2 fold=external method=baseline selected_encoder_epoch=1 test_auc=0.721219 test_bce=0.611996 elapsed_min=4.9
TASK_DONE repeat=0 scope=caltech fold=external method=pretransformer_edge_residual selected_encoder_epoch=1 test_auc=0.754386 test_bce=0.590719 elapsed_min=4.9
TASK_DONE repeat=0 scope=abide2 fold=external method=pretransformer_edge_residual selected_encoder_epoch=1 test_auc=0.721173 test_bce=0.615412 elapsed_min=4.9
REPEAT_DONE repeat=0 status=PASS rows=26
