==================================================
INVOCATION_START 2026-09-13T09:47:03Z repeat=8 gpu=0
REPEAT_START repeat=8 device=cuda:0 tasks=11
TASK_START repeat=8 scope=internal_cv fold=0 seed=100800 device=cuda:0 shared_encoder=Y
CHECKPOINT_BEST repeat=8 scope=internal_cv fold=0 phase=ssl epoch=1 path=/data/adodas/VarCoNet-V2-main/xiaolunwen/experiment2b/checkpoints/worker_r8_best.pt
[repeat=8 fold=0] [epoch=1/50] ssl_loss=0.111385 lr=0.00002411 base_val_bce=0.644806 base_best=Y base_cls_epoch=15 epoch_sec=26.8 task_elapsed_min=0.4 gpu_alloc_gb=0.271 gpu_reserved_gb=1.939
[ssl_epoch=1/50] ssl_loss=0.111385 lr=0.00002411 base_val_bce=0.644806 base_best=Y base_cls_epoch=15 epoch_sec=26.8 elapsed_min=0.4 gpu_alloc_gb=0.271 gpu_reserved_gb=1.939
[repeat=8 fold=0] [epoch=2/50] ssl_loss=0.098749 lr=0.00003821 base_val_bce=0.646905 base_best=N base_cls_epoch=12 epoch_sec=3.5 task_elapsed_min=0.6 gpu_alloc_gb=0.271 gpu_reserved_gb=1.559
[ssl_epoch=2/50] ssl_loss=0.098749 lr=0.00003821 base_val_bce=0.646905 base_best=N base_cls_epoch=12 epoch_sec=3.5 elapsed_min=0.6 gpu_alloc_gb=0.271 gpu_reserved_gb=1.559
CHECKPOINT_BEST repeat=8 scope=internal_cv fold=0 phase=ssl epoch=3 path=/data/adodas/VarCoNet-V2-main/xiaolunwen/experiment2b/checkpoints/worker_r8_best.pt
[repeat=8 fold=0] [epoch=3/50] ssl_loss=0.088535 lr=0.00005232 base_val_bce=0.633689 base_best=Y base_cls_epoch=16 epoch_sec=8.8 task_elapsed_min=0.6 gpu_alloc_gb=0.271 gpu_reserved_gb=1.559
[ssl_epoch=3/50] ssl_loss=0.088535 lr=0.00005232 base_val_bce=0.633689 base_best=Y base_cls_epoch=16 epoch_sec=8.8 elapsed_min=0.6 gpu_alloc_gb=0.271 gpu_reserved_gb=1.559
[repeat=8 fold=0] [epoch=4/50] ssl_loss=0.097695 lr=0.00006643 base_val_bce=0.635956 base_best=N base_cls_epoch=12 epoch_sec=3.5 task_elapsed_min=0.8 gpu_alloc_gb=0.271 gpu_reserved_gb=1.559
[ssl_epoch=4/50] ssl_loss=0.097695 lr=0.00006643 base_val_bce=0.635956 base_best=N base_cls_epoch=12 epoch_sec=4.2 elapsed_min=0.8 gpu_alloc_gb=0.271 gpu_reserved_gb=1.559
[repeat=8 fold=0] [epoch=5/50] ssl_loss=0.106328 lr=0.00008053 base_val_bce=0.650449 base_best=N base_cls_epoch=18 epoch_sec=3.2 task_elapsed_min=0.8 gpu_alloc_gb=0.271 gpu_reserved_gb=1.559
[ssl_epoch=5/50] ssl_loss=0.106328 lr=0.00008053 base_val_bce=0.650449 base_best=N base_cls_epoch=18 epoch_sec=3.2 elapsed_min=0.8 gpu_alloc_gb=0.271 gpu_reserved_gb=1.559
[repeat=8 fold=0] [epoch=6/50] ssl_loss=0.065403 lr=0.00009464 base_val_bce=0.639489 base_best=N base_cls_epoch=17 epoch_sec=3.7 task_elapsed_min=0.9 gpu_alloc_gb=0.271 gpu_reserved_gb=1.559
[ssl_epoch=6/50] ssl_loss=0.065403 lr=0.00009464 base_val_bce=0.639489 base_best=N base_cls_epoch=17 epoch_sec=3.9 elapsed_min=0.9 gpu_alloc_gb=0.271 gpu_reserved_gb=1.559
[repeat=8 fold=0] [epoch=7/50] ssl_loss=0.070281 lr=0.00010875 base_val_bce=0.641477 base_best=N base_cls_epoch=23 epoch_sec=3.2 task_elapsed_min=0.9 gpu_alloc_gb=0.271 gpu_reserved_gb=1.559
[ssl_epoch=7/50] ssl_loss=0.070281 lr=0.00010875 base_val_bce=0.641477 base_best=N base_cls_epoch=23 epoch_sec=3.3 elapsed_min=0.9 gpu_alloc_gb=0.271 gpu_reserved_gb=1.559
[repeat=8 fold=0] [epoch=8/50] ssl_loss=0.077648 lr=0.00012285 base_val_bce=0.635143 base_best=N base_cls_epoch=19 epoch_sec=2.7 task_elapsed_min=1.0 gpu_alloc_gb=0.271 gpu_reserved_gb=1.559
[ssl_epoch=8/50] ssl_loss=0.077648 lr=0.00012285 base_val_bce=0.635143 base_best=N base_cls_epoch=19 epoch_sec=2.7 elapsed_min=1.0 gpu_alloc_gb=0.271 gpu_reserved_gb=1.559
[repeat=8 fold=0] [epoch=9/50] ssl_loss=0.048376 lr=0.00013696 base_val_bce=0.633777 base_best=N base_cls_epoch=23 epoch_sec=2.4 task_elapsed_min=1.0 gpu_alloc_gb=0.271 gpu_reserved_gb=1.559
[ssl_epoch=9/50] ssl_loss=0.048376 lr=0.00013696 base_val_bce=0.633777 base_best=N base_cls_epoch=23 epoch_sec=2.6 elapsed_min=1.0 gpu_alloc_gb=0.271 gpu_reserved_gb=1.559
CHECKPOINT_BEST repeat=8 scope=internal_cv fold=0 phase=ssl epoch=10 path=/data/adodas/VarCoNet-V2-main/xiaolunwen/experiment2b/checkpoints/worker_r8_best.pt
CHECKPOINT_LATEST repeat=8 scope=internal_cv fold=0 phase=ssl epoch=10 path=/data/adodas/VarCoNet-V2-main/xiaolunwen/experiment2b/checkpoints/worker_r8_latest.pt
[repeat=8 fold=0] [epoch=10/50] ssl_loss=0.058614 lr=0.00013696 base_val_bce=0.622609 base_best=Y base_cls_epoch=21 epoch_sec=17.8 task_elapsed_min=1.1 gpu_alloc_gb=0.271 gpu_reserved_gb=1.559
[ssl_epoch=10/50] ssl_loss=0.058614 lr=0.00013696 base_val_bce=0.622609 base_best=Y base_cls_epoch=21 epoch_sec=17.8 elapsed_min=1.1 gpu_alloc_gb=0.271 gpu_reserved_gb=1.559
[repeat=8 fold=0] [epoch=11/50] ssl_loss=0.048519 lr=0.00013675 base_val_bce=0.633854 base_best=N base_cls_epoch=24 epoch_sec=2.2 task_elapsed_min=1.4 gpu_alloc_gb=0.271 gpu_reserved_gb=1.559
[ssl_epoch=11/50] ssl_loss=0.048519 lr=0.00013675 base_val_bce=0.633854 base_best=N base_cls_epoch=24 epoch_sec=2.3 elapsed_min=1.4 gpu_alloc_gb=0.271 gpu_reserved_gb=1.559
[repeat=8 fold=0] [epoch=12/50] ssl_loss=0.053450 lr=0.00013612 base_val_bce=0.626810 base_best=N base_cls_epoch=21 epoch_sec=2.7 task_elapsed_min=1.4 gpu_alloc_gb=0.271 gpu_reserved_gb=1.559
[ssl_epoch=12/50] ssl_loss=0.053450 lr=0.00013612 base_val_bce=0.626810 base_best=N base_cls_epoch=21 epoch_sec=2.8 elapsed_min=1.4 gpu_alloc_gb=0.271 gpu_reserved_gb=1.559
[repeat=8 fold=0] [epoch=13/50] ssl_loss=0.062390 lr=0.00013507 base_val_bce=0.633978 base_best=N base_cls_epoch=24 epoch_sec=3.8 task_elapsed_min=1.5 gpu_alloc_gb=0.271 gpu_reserved_gb=1.559
[ssl_epoch=13/50] ssl_loss=0.062390 lr=0.00013507 base_val_bce=0.633978 base_best=N base_cls_epoch=24 epoch_sec=3.8 elapsed_min=1.5 gpu_alloc_gb=0.271 gpu_reserved_gb=1.559
CHECKPOINT_BEST repeat=8 scope=internal_cv fold=0 phase=ssl epoch=14 path=/data/adodas/VarCoNet-V2-main/xiaolunwen/experiment2b/checkpoints/worker_r8_best.pt
[repeat=8 fold=0] [epoch=14/50] ssl_loss=0.044637 lr=0.00013361 base_val_bce=0.622463 base_best=Y base_cls_epoch=23 epoch_sec=9.7 task_elapsed_min=1.5 gpu_alloc_gb=0.271 gpu_reserved_gb=1.559
[ssl_epoch=14/50] ssl_loss=0.044637 lr=0.00013361 base_val_bce=0.622463 base_best=Y base_cls_epoch=23 epoch_sec=9.7 elapsed_min=1.5 gpu_alloc_gb=0.271 gpu_reserved_gb=1.559
[repeat=8 fold=0] [epoch=15/50] ssl_loss=0.045498 lr=0.00013175 base_val_bce=0.629862 base_best=N base_cls_epoch=20 epoch_sec=3.1 task_elapsed_min=1.7 gpu_alloc_gb=0.271 gpu_reserved_gb=1.559
[ssl_epoch=15/50] ssl_loss=0.045498 lr=0.00013175 base_val_bce=0.629862 base_best=N base_cls_epoch=20 epoch_sec=3.7 elapsed_min=1.7 gpu_alloc_gb=0.271 gpu_reserved_gb=1.559
CHECKPOINT_BEST repeat=8 scope=internal_cv fold=0 phase=ssl epoch=16 path=/data/adodas/VarCoNet-V2-main/xiaolunwen/experiment2b/checkpoints/worker_r8_best.pt
[repeat=8 fold=0] [epoch=16/50] ssl_loss=0.043309 lr=0.00012950 base_val_bce=0.620289 base_best=Y base_cls_epoch=21 epoch_sec=10.6 task_elapsed_min=1.8 gpu_alloc_gb=0.271 gpu_reserved_gb=1.559
[ssl_epoch=16/50] ssl_loss=0.043309 lr=0.00012950 base_val_bce=0.620289 base_best=Y base_cls_epoch=21 epoch_sec=10.6 elapsed_min=1.8 gpu_alloc_gb=0.271 gpu_reserved_gb=1.559
[repeat=8 fold=0] [epoch=17/50] ssl_loss=0.044834 lr=0.00012687 base_val_bce=0.625657 base_best=N base_cls_epoch=22 epoch_sec=3.3 task_elapsed_min=1.9 gpu_alloc_gb=0.271 gpu_reserved_gb=1.559
[ssl_epoch=17/50] ssl_loss=0.044834 lr=0.00012687 base_val_bce=0.625657 base_best=N base_cls_epoch=22 epoch_sec=3.3 elapsed_min=1.9 gpu_alloc_gb=0.271 gpu_reserved_gb=1.559
[repeat=8 fold=0] [epoch=18/50] ssl_loss=0.060494 lr=0.00012388 base_val_bce=0.634246 base_best=N base_cls_epoch=24 epoch_sec=2.6 task_elapsed_min=2.0 gpu_alloc_gb=0.271 gpu_reserved_gb=1.559
[ssl_epoch=18/50] ssl_loss=0.060494 lr=0.00012388 base_val_bce=0.634246 base_best=N base_cls_epoch=24 epoch_sec=2.7 elapsed_min=2.0 gpu_alloc_gb=0.271 gpu_reserved_gb=1.559
[repeat=8 fold=0] [epoch=19/50] ssl_loss=0.063322 lr=0.00012055 base_val_bce=0.628185 base_best=N base_cls_epoch=22 epoch_sec=2.5 task_elapsed_min=2.0 gpu_alloc_gb=0.271 gpu_reserved_gb=1.559
[ssl_epoch=19/50] ssl_loss=0.063322 lr=0.00012055 base_val_bce=0.628185 base_best=N base_cls_epoch=22 epoch_sec=2.7 elapsed_min=2.0 gpu_alloc_gb=0.271 gpu_reserved_gb=1.559
CHECKPOINT_BEST repeat=8 scope=internal_cv fold=0 phase=ssl epoch=20 path=/data/adodas/VarCoNet-V2-main/xiaolunwen/experiment2b/checkpoints/worker_r8_best.pt
CHECKPOINT_LATEST repeat=8 scope=internal_cv fold=0 phase=ssl epoch=20 path=/data/adodas/VarCoNet-V2-main/xiaolunwen/experiment2b/checkpoints/worker_r8_latest.pt
[repeat=8 fold=0] [epoch=20/50] ssl_loss=0.047697 lr=0.00011690 base_val_bce=0.609252 base_best=Y base_cls_epoch=26 epoch_sec=13.3 task_elapsed_min=2.1 gpu_alloc_gb=0.271 gpu_reserved_gb=1.559
[ssl_epoch=20/50] ssl_loss=0.047697 lr=0.00011690 base_val_bce=0.609252 base_best=Y base_cls_epoch=26 epoch_sec=13.3 elapsed_min=2.1 gpu_alloc_gb=0.271 gpu_reserved_gb=1.559
[repeat=8 fold=0] [epoch=21/50] ssl_loss=0.035135 lr=0.00011296 base_val_bce=0.623520 base_best=N base_cls_epoch=26 epoch_sec=3.1 task_elapsed_min=2.3 gpu_alloc_gb=0.271 gpu_reserved_gb=1.559
[ssl_epoch=21/50] ssl_loss=0.035135 lr=0.00011296 base_val_bce=0.623520 base_best=N base_cls_epoch=26 epoch_sec=3.1 elapsed_min=2.3 gpu_alloc_gb=0.271 gpu_reserved_gb=1.559
[repeat=8 fold=0] [epoch=22/50] ssl_loss=0.048650 lr=0.00010873 base_val_bce=0.631885 base_best=N base_cls_epoch=28 epoch_sec=2.9 task_elapsed_min=2.4 gpu_alloc_gb=0.271 gpu_reserved_gb=1.559
[ssl_epoch=22/50] ssl_loss=0.048650 lr=0.00010873 base_val_bce=0.631885 base_best=N base_cls_epoch=28 epoch_sec=3.1 elapsed_min=2.4 gpu_alloc_gb=0.271 gpu_reserved_gb=1.559
[repeat=8 fold=0] [epoch=23/50] ssl_loss=0.049106 lr=0.00010426 base_val_bce=0.624974 base_best=N base_cls_epoch=30 epoch_sec=3.4 task_elapsed_min=2.4 gpu_alloc_gb=0.271 gpu_reserved_gb=1.559
[ssl_epoch=23/50] ssl_loss=0.049106 lr=0.00010426 base_val_bce=0.624974 base_best=N base_cls_epoch=30 epoch_sec=4.0 elapsed_min=2.4 gpu_alloc_gb=0.271 gpu_reserved_gb=1.559
[repeat=8 fold=0] [epoch=24/50] ssl_loss=0.044880 lr=0.00009957 base_val_bce=0.625029 base_best=N base_cls_epoch=26 epoch_sec=3.7 task_elapsed_min=2.5 gpu_alloc_gb=0.271 gpu_reserved_gb=1.559
[ssl_epoch=24/50] ssl_loss=0.044880 lr=0.00009957 base_val_bce=0.625029 base_best=N base_cls_epoch=26 epoch_sec=3.8 elapsed_min=2.5 gpu_alloc_gb=0.271 gpu_reserved_gb=1.559
[repeat=8 fold=0] [epoch=25/50] ssl_loss=0.043666 lr=0.00009469 base_val_bce=0.624564 base_best=N base_cls_epoch=29 epoch_sec=2.9 task_elapsed_min=2.5 gpu_alloc_gb=0.271 gpu_reserved_gb=1.559
[ssl_epoch=25/50] ssl_loss=0.043666 lr=0.00009469 base_val_bce=0.624564 base_best=N base_cls_epoch=29 epoch_sec=3.3 elapsed_min=2.5 gpu_alloc_gb=0.271 gpu_reserved_gb=1.559
[repeat=8 fold=0] [epoch=26/50] ssl_loss=0.037260 lr=0.00008964 base_val_bce=0.622746 base_best=N base_cls_epoch=27 epoch_sec=3.1 task_elapsed_min=2.6 gpu_alloc_gb=0.271 gpu_reserved_gb=1.559
[ssl_epoch=26/50] ssl_loss=0.037260 lr=0.00008964 base_val_bce=0.622746 base_best=N base_cls_epoch=27 epoch_sec=3.1 elapsed_min=2.6 gpu_alloc_gb=0.271 gpu_reserved_gb=1.559
[repeat=8 fold=0] [epoch=27/50] ssl_loss=0.046153 lr=0.00008447 base_val_bce=0.635195 base_best=N base_cls_epoch=29 epoch_sec=3.3 task_elapsed_min=2.7 gpu_alloc_gb=0.271 gpu_reserved_gb=1.559
[ssl_epoch=27/50] ssl_loss=0.046153 lr=0.00008447 base_val_bce=0.635195 base_best=N base_cls_epoch=29 epoch_sec=3.4 elapsed_min=2.7 gpu_alloc_gb=0.271 gpu_reserved_gb=1.559
[repeat=8 fold=0] [epoch=28/50] ssl_loss=0.047589 lr=0.00007919 base_val_bce=0.623946 base_best=N base_cls_epoch=27 epoch_sec=4.7 task_elapsed_min=2.7 gpu_alloc_gb=0.271 gpu_reserved_gb=1.559
[ssl_epoch=28/50] ssl_loss=0.047589 lr=0.00007919 base_val_bce=0.623946 base_best=N base_cls_epoch=27 epoch_sec=6.5 elapsed_min=2.7 gpu_alloc_gb=0.271 gpu_reserved_gb=1.559
[repeat=8 fold=0] [epoch=29/50] ssl_loss=0.051105 lr=0.00007385 base_val_bce=0.625837 base_best=N base_cls_epoch=28 epoch_sec=4.2 task_elapsed_min=2.8 gpu_alloc_gb=0.271 gpu_reserved_gb=1.559
[ssl_epoch=29/50] ssl_loss=0.051105 lr=0.00007385 base_val_bce=0.625837 base_best=N base_cls_epoch=28 epoch_sec=4.4 elapsed_min=2.8 gpu_alloc_gb=0.271 gpu_reserved_gb=1.559
CHECKPOINT_LATEST repeat=8 scope=internal_cv fold=0 phase=ssl epoch=30 path=/data/adodas/VarCoNet-V2-main/xiaolunwen/experiment2b/checkpoints/worker_r8_latest.pt
[repeat=8 fold=0] [epoch=30/50] ssl_loss=0.026205 lr=0.00006848 base_val_bce=0.620770 base_best=N base_cls_epoch=30 epoch_sec=10.4 task_elapsed_min=2.9 gpu_alloc_gb=0.271 gpu_reserved_gb=1.559
[ssl_epoch=30/50] ssl_loss=0.026205 lr=0.00006848 base_val_bce=0.620770 base_best=N base_cls_epoch=30 epoch_sec=10.4 elapsed_min=2.9 gpu_alloc_gb=0.271 gpu_reserved_gb=1.559
[repeat=8 fold=0] [epoch=31/50] ssl_loss=0.036308 lr=0.00006311 base_val_bce=0.613563 base_best=N base_cls_epoch=29 epoch_sec=3.3 task_elapsed_min=3.1 gpu_alloc_gb=0.271 gpu_reserved_gb=1.559
[ssl_epoch=31/50] ssl_loss=0.036308 lr=0.00006311 base_val_bce=0.613563 base_best=N base_cls_epoch=29 epoch_sec=3.6 elapsed_min=3.1 gpu_alloc_gb=0.271 gpu_reserved_gb=1.559
[repeat=8 fold=0] [epoch=32/50] ssl_loss=0.040660 lr=0.00005777 base_val_bce=0.619070 base_best=N base_cls_epoch=27 epoch_sec=3.3 task_elapsed_min=3.1 gpu_alloc_gb=0.271 gpu_reserved_gb=1.559
[ssl_epoch=32/50] ssl_loss=0.040660 lr=0.00005777 base_val_bce=0.619070 base_best=N base_cls_epoch=27 epoch_sec=3.5 elapsed_min=3.1 gpu_alloc_gb=0.271 gpu_reserved_gb=1.559
[repeat=8 fold=0] [epoch=33/50] ssl_loss=0.042954 lr=0.00005249 base_val_bce=0.615283 base_best=N base_cls_epoch=26 epoch_sec=3.2 task_elapsed_min=3.2 gpu_alloc_gb=0.271 gpu_reserved_gb=1.559
[ssl_epoch=33/50] ssl_loss=0.042954 lr=0.00005249 base_val_bce=0.615283 base_best=N base_cls_epoch=26 epoch_sec=3.3 elapsed_min=3.2 gpu_alloc_gb=0.271 gpu_reserved_gb=1.559
[repeat=8 fold=0] [epoch=34/50] ssl_loss=0.039137 lr=0.00004732 base_val_bce=0.628168 base_best=N base_cls_epoch=24 epoch_sec=3.5 task_elapsed_min=3.3 gpu_alloc_gb=0.271 gpu_reserved_gb=1.559
[ssl_epoch=34/50] ssl_loss=0.039137 lr=0.00004732 base_val_bce=0.628168 base_best=N base_cls_epoch=24 epoch_sec=4.0 elapsed_min=3.3 gpu_alloc_gb=0.271 gpu_reserved_gb=1.559
[repeat=8 fold=0] [epoch=35/50] ssl_loss=0.034540 lr=0.00004227 base_val_bce=0.627670 base_best=N base_cls_epoch=22 epoch_sec=3.0 task_elapsed_min=3.3 gpu_alloc_gb=0.271 gpu_reserved_gb=1.559
[ssl_epoch=35/50] ssl_loss=0.034540 lr=0.00004227 base_val_bce=0.627670 base_best=N base_cls_epoch=22 epoch_sec=3.1 elapsed_min=3.3 gpu_alloc_gb=0.271 gpu_reserved_gb=1.559
[repeat=8 fold=0] [epoch=36/50] ssl_loss=0.043469 lr=0.00003739 base_val_bce=0.617806 base_best=N base_cls_epoch=28 epoch_sec=3.5 task_elapsed_min=3.4 gpu_alloc_gb=0.271 gpu_reserved_gb=1.559
[ssl_epoch=36/50] ssl_loss=0.043469 lr=0.00003739 base_val_bce=0.617806 base_best=N base_cls_epoch=28 epoch_sec=3.5 elapsed_min=3.4 gpu_alloc_gb=0.271 gpu_reserved_gb=1.559
[repeat=8 fold=0] [epoch=37/50] ssl_loss=0.036252 lr=0.00003270 base_val_bce=0.613901 base_best=N base_cls_epoch=28 epoch_sec=2.4 task_elapsed_min=3.4 gpu_alloc_gb=0.271 gpu_reserved_gb=1.559
[ssl_epoch=37/50] ssl_loss=0.036252 lr=0.00003270 base_val_bce=0.613901 base_best=N base_cls_epoch=28 epoch_sec=2.5 elapsed_min=3.4 gpu_alloc_gb=0.271 gpu_reserved_gb=1.559
[repeat=8 fold=0] [epoch=38/50] ssl_loss=0.041356 lr=0.00002823 base_val_bce=0.611222 base_best=N base_cls_epoch=27 epoch_sec=3.2 task_elapsed_min=3.5 gpu_alloc_gb=0.271 gpu_reserved_gb=1.559
[ssl_epoch=38/50] ssl_loss=0.041356 lr=0.00002823 base_val_bce=0.611222 base_best=N base_cls_epoch=27 epoch_sec=4.8 elapsed_min=3.5 gpu_alloc_gb=0.271 gpu_reserved_gb=1.559
[repeat=8 fold=0] [epoch=39/50] ssl_loss=0.038729 lr=0.00002401 base_val_bce=0.611964 base_best=N base_cls_epoch=24 epoch_sec=2.6 task_elapsed_min=3.5 gpu_alloc_gb=0.271 gpu_reserved_gb=1.559
[ssl_epoch=39/50] ssl_loss=0.038729 lr=0.00002401 base_val_bce=0.611964 base_best=N base_cls_epoch=24 epoch_sec=2.6 elapsed_min=3.5 gpu_alloc_gb=0.271 gpu_reserved_gb=1.559
CHECKPOINT_LATEST repeat=8 scope=internal_cv fold=0 phase=ssl epoch=40 path=/data/adodas/VarCoNet-V2-main/xiaolunwen/experiment2b/checkpoints/worker_r8_latest.pt
[repeat=8 fold=0] [epoch=40/50] ssl_loss=0.036213 lr=0.00002006 base_val_bce=0.620565 base_best=N base_cls_epoch=23 epoch_sec=13.4 task_elapsed_min=3.6 gpu_alloc_gb=0.271 gpu_reserved_gb=1.559
[ssl_epoch=40/50] ssl_loss=0.036213 lr=0.00002006 base_val_bce=0.620565 base_best=N base_cls_epoch=23 epoch_sec=13.6 elapsed_min=3.6 gpu_alloc_gb=0.271 gpu_reserved_gb=1.559
[repeat=8 fold=0] [epoch=41/50] ssl_loss=0.031052 lr=0.00001641 base_val_bce=0.614991 base_best=N base_cls_epoch=27 epoch_sec=4.7 task_elapsed_min=3.8 gpu_alloc_gb=0.271 gpu_reserved_gb=1.559
[ssl_epoch=41/50] ssl_loss=0.031052 lr=0.00001641 base_val_bce=0.614991 base_best=N base_cls_epoch=27 epoch_sec=5.6 elapsed_min=3.8 gpu_alloc_gb=0.271 gpu_reserved_gb=1.559
[repeat=8 fold=0] [epoch=42/50] ssl_loss=0.038324 lr=0.00001308 base_val_bce=0.621065 base_best=N base_cls_epoch=26 epoch_sec=3.4 task_elapsed_min=3.9 gpu_alloc_gb=0.271 gpu_reserved_gb=1.559
[ssl_epoch=42/50] ssl_loss=0.038324 lr=0.00001308 base_val_bce=0.621065 base_best=N base_cls_epoch=26 epoch_sec=3.5 elapsed_min=3.9 gpu_alloc_gb=0.271 gpu_reserved_gb=1.559
[repeat=8 fold=0] [epoch=43/50] ssl_loss=0.046064 lr=0.00001009 base_val_bce=0.612210 base_best=N base_cls_epoch=25 epoch_sec=5.6 task_elapsed_min=4.0 gpu_alloc_gb=0.271 gpu_reserved_gb=1.559
[ssl_epoch=43/50] ssl_loss=0.046064 lr=0.00001009 base_val_bce=0.612210 base_best=N base_cls_epoch=25 epoch_sec=5.7 elapsed_min=4.0 gpu_alloc_gb=0.271 gpu_reserved_gb=1.559
[repeat=8 fold=0] [epoch=44/50] ssl_loss=0.035254 lr=0.00000746 base_val_bce=0.627659 base_best=N base_cls_epoch=26 epoch_sec=3.5 task_elapsed_min=4.1 gpu_alloc_gb=0.271 gpu_reserved_gb=1.559
[ssl_epoch=44/50] ssl_loss=0.035254 lr=0.00000746 base_val_bce=0.627659 base_best=N base_cls_epoch=26 epoch_sec=4.0 elapsed_min=4.1 gpu_alloc_gb=0.271 gpu_reserved_gb=1.559
[repeat=8 fold=0] [epoch=45/50] ssl_loss=0.045337 lr=0.00000521 base_val_bce=0.619225 base_best=N base_cls_epoch=27 epoch_sec=3.7 task_elapsed_min=4.1 gpu_alloc_gb=0.271 gpu_reserved_gb=1.559
[ssl_epoch=45/50] ssl_loss=0.045337 lr=0.00000521 base_val_bce=0.619225 base_best=N base_cls_epoch=27 epoch_sec=3.8 elapsed_min=4.1 gpu_alloc_gb=0.271 gpu_reserved_gb=1.559
[repeat=8 fold=0] [epoch=46/50] ssl_loss=0.062732 lr=0.00000335 base_val_bce=0.609959 base_best=N base_cls_epoch=23 epoch_sec=6.4 task_elapsed_min=4.3 gpu_alloc_gb=0.271 gpu_reserved_gb=1.559
[ssl_epoch=46/50] ssl_loss=0.062732 lr=0.00000335 base_val_bce=0.609959 base_best=N base_cls_epoch=23 epoch_sec=6.4 elapsed_min=4.3 gpu_alloc_gb=0.271 gpu_reserved_gb=1.559
[repeat=8 fold=0] [epoch=47/50] ssl_loss=0.034556 lr=0.00000189 base_val_bce=0.621508 base_best=N base_cls_epoch=27 epoch_sec=2.7 task_elapsed_min=4.3 gpu_alloc_gb=0.271 gpu_reserved_gb=1.559
[ssl_epoch=47/50] ssl_loss=0.034556 lr=0.00000189 base_val_bce=0.621508 base_best=N base_cls_epoch=27 epoch_sec=3.1 elapsed_min=4.3 gpu_alloc_gb=0.271 gpu_reserved_gb=1.559
[repeat=8 fold=0] [epoch=48/50] ssl_loss=0.036917 lr=0.00000084 base_val_bce=0.632343 base_best=N base_cls_epoch=29 epoch_sec=2.7 task_elapsed_min=4.4 gpu_alloc_gb=0.271 gpu_reserved_gb=1.559
[ssl_epoch=48/50] ssl_loss=0.036917 lr=0.00000084 base_val_bce=0.632343 base_best=N base_cls_epoch=29 epoch_sec=2.7 elapsed_min=4.4 gpu_alloc_gb=0.271 gpu_reserved_gb=1.559
[repeat=8 fold=0] [epoch=49/50] ssl_loss=0.034029 lr=0.00000021 base_val_bce=0.622848 base_best=N base_cls_epoch=25 epoch_sec=2.9 task_elapsed_min=4.4 gpu_alloc_gb=0.271 gpu_reserved_gb=1.559
[ssl_epoch=49/50] ssl_loss=0.034029 lr=0.00000021 base_val_bce=0.622848 base_best=N base_cls_epoch=25 epoch_sec=3.3 elapsed_min=4.4 gpu_alloc_gb=0.271 gpu_reserved_gb=1.559
CHECKPOINT_LATEST repeat=8 scope=internal_cv fold=0 phase=ssl epoch=50 path=/data/adodas/VarCoNet-V2-main/xiaolunwen/experiment2b/checkpoints/worker_r8_latest.pt
[repeat=8 fold=0] [epoch=50/50] ssl_loss=0.035422 lr=0.00000000 base_val_bce=0.620049 base_best=N base_cls_epoch=28 epoch_sec=12.5 task_elapsed_min=4.5 gpu_alloc_gb=0.271 gpu_reserved_gb=1.559
[ssl_epoch=50/50] ssl_loss=0.035422 lr=0.00000000 base_val_bce=0.620049 base_best=N base_cls_epoch=28 epoch_sec=12.6 elapsed_min=4.5 gpu_alloc_gb=0.271 gpu_reserved_gb=1.559
RESIDUAL_EPOCH repeat=8 scope=internal_cv fold=0 epoch=0 val_bce=0.609252 best=Y dynamic_dim=73536
CHECKPOINT_BEST repeat=8 scope=internal_cv fold=0 phase=residual epoch=1 path=/data/adodas/VarCoNet-V2-main/xiaolunwen/experiment2b/checkpoints/worker_r8_best.pt
[residual_epoch=1/149] residual_loss=0.328394 val_bce=0.606409 best=Y best_epoch=1 epoch_sec=8.2 task_elapsed_min=4.6
CHECKPOINT_BEST repeat=8 scope=internal_cv fold=0 phase=residual epoch=5 path=/data/adodas/VarCoNet-V2-main/xiaolunwen/experiment2b/checkpoints/worker_r8_best.pt
[residual_epoch=5/149] residual_loss=0.240662 val_bce=0.605869 best=Y best_epoch=5 epoch_sec=4.1 task_elapsed_min=4.8
CHECKPOINT_LATEST repeat=8 scope=internal_cv fold=0 phase=residual epoch=10 path=/data/adodas/VarCoNet-V2-main/xiaolunwen/experiment2b/checkpoints/worker_r8_latest.pt
[residual_epoch=10/149] residual_loss=0.166607 val_bce=0.611136 best=N best_epoch=5 epoch_sec=7.7 task_elapsed_min=4.9
CHECKPOINT_LATEST repeat=8 scope=internal_cv fold=0 phase=residual epoch=20 path=/data/adodas/VarCoNet-V2-main/xiaolunwen/experiment2b/checkpoints/worker_r8_latest.pt
[residual_epoch=20/149] residual_loss=0.085216 val_bce=0.633874 best=N best_epoch=5 epoch_sec=6.2 task_elapsed_min=5.0
CHECKPOINT_LATEST repeat=8 scope=internal_cv fold=0 phase=residual epoch=30 path=/data/adodas/VarCoNet-V2-main/xiaolunwen/experiment2b/checkpoints/worker_r8_latest.pt
[residual_epoch=30/149] residual_loss=0.049644 val_bce=0.661864 best=N best_epoch=5 epoch_sec=5.0 task_elapsed_min=5.1
CHECKPOINT_LATEST repeat=8 scope=internal_cv fold=0 phase=residual epoch=40 path=/data/adodas/VarCoNet-V2-main/xiaolunwen/experiment2b/checkpoints/worker_r8_latest.pt
[residual_epoch=40/149] residual_loss=0.032993 val_bce=0.685414 best=N best_epoch=5 epoch_sec=7.3 task_elapsed_min=5.2
CHECKPOINT_LATEST repeat=8 scope=internal_cv fold=0 phase=residual epoch=50 path=/data/adodas/VarCoNet-V2-main/xiaolunwen/experiment2b/checkpoints/worker_r8_latest.pt
[residual_epoch=50/149] residual_loss=0.024277 val_bce=0.704250 best=N best_epoch=5 epoch_sec=6.2 task_elapsed_min=5.3
CHECKPOINT_LATEST repeat=8 scope=internal_cv fold=0 phase=residual epoch=60 path=/data/adodas/VarCoNet-V2-main/xiaolunwen/experiment2b/checkpoints/worker_r8_latest.pt
[residual_epoch=60/149] residual_loss=0.019134 val_bce=0.719910 best=N best_epoch=5 epoch_sec=7.3 task_elapsed_min=5.4
CHECKPOINT_LATEST repeat=8 scope=internal_cv fold=0 phase=residual epoch=70 path=/data/adodas/VarCoNet-V2-main/xiaolunwen/experiment2b/checkpoints/worker_r8_latest.pt
[residual_epoch=70/149] residual_loss=0.015766 val_bce=0.733479 best=N best_epoch=5 epoch_sec=5.7 task_elapsed_min=5.5
CHECKPOINT_LATEST repeat=8 scope=internal_cv fold=0 phase=residual epoch=80 path=/data/adodas/VarCoNet-V2-main/xiaolunwen/experiment2b/checkpoints/worker_r8_latest.pt
[residual_epoch=80/149] residual_loss=0.013374 val_bce=0.745513 best=N best_epoch=5 epoch_sec=5.4 task_elapsed_min=5.6
CHECKPOINT_LATEST repeat=8 scope=internal_cv fold=0 phase=residual epoch=90 path=/data/adodas/VarCoNet-V2-main/xiaolunwen/experiment2b/checkpoints/worker_r8_latest.pt
[residual_epoch=90/149] residual_loss=0.011575 val_bce=0.756428 best=N best_epoch=5 epoch_sec=6.7 task_elapsed_min=5.7
CHECKPOINT_LATEST repeat=8 scope=internal_cv fold=0 phase=residual epoch=100 path=/data/adodas/VarCoNet-V2-main/xiaolunwen/experiment2b/checkpoints/worker_r8_latest.pt
[residual_epoch=100/149] residual_loss=0.010165 val_bce=0.766472 best=N best_epoch=5 epoch_sec=7.2 task_elapsed_min=5.9
CHECKPOINT_LATEST repeat=8 scope=internal_cv fold=0 phase=residual epoch=110 path=/data/adodas/VarCoNet-V2-main/xiaolunwen/experiment2b/checkpoints/worker_r8_latest.pt
[residual_epoch=110/149] residual_loss=0.009028 val_bce=0.775826 best=N best_epoch=5 epoch_sec=7.6 task_elapsed_min=6.0
CHECKPOINT_LATEST repeat=8 scope=internal_cv fold=0 phase=residual epoch=120 path=/data/adodas/VarCoNet-V2-main/xiaolunwen/experiment2b/checkpoints/worker_r8_latest.pt
[residual_epoch=120/149] residual_loss=0.008092 val_bce=0.784631 best=N best_epoch=5 epoch_sec=8.5 task_elapsed_min=6.1
CHECKPOINT_LATEST repeat=8 scope=internal_cv fold=0 phase=residual epoch=130 path=/data/adodas/VarCoNet-V2-main/xiaolunwen/experiment2b/checkpoints/worker_r8_latest.pt
[residual_epoch=130/149] residual_loss=0.007308 val_bce=0.792938 best=N best_epoch=5 epoch_sec=8.6 task_elapsed_min=6.3
CHECKPOINT_LATEST repeat=8 scope=internal_cv fold=0 phase=residual epoch=140 path=/data/adodas/VarCoNet-V2-main/xiaolunwen/experiment2b/checkpoints/worker_r8_latest.pt
[residual_epoch=140/149] residual_loss=0.006643 val_bce=0.800812 best=N best_epoch=5 epoch_sec=7.0 task_elapsed_min=6.4
RESIDUAL_DONE repeat=8 scope=internal_cv fold=0 selected_encoder_epoch=20 selected_classifier_epoch=26 selected_residual_epoch=5 val_bce=0.605869
TASK_TRAINING_DONE repeat=8 scope=internal_cv fold=0 base_epoch=20 dyn_epoch=20 base_val_bce=0.609252 dyn_val_bce=0.605869
TASK_DONE repeat=8 scope=internal_fold fold=0 method=baseline selected_encoder_epoch=20 test_auc=0.819656 test_bce=0.573668 elapsed_min=6.5
TASK_DONE repeat=8 scope=internal_fold fold=0 method=pretransformer_edge_residual selected_encoder_epoch=20 test_auc=0.758359 test_bce=0.598270 elapsed_min=6.5
TASK_START repeat=8 scope=internal_cv fold=1 seed=100801 device=cuda:0 shared_encoder=Y
CHECKPOINT_BEST repeat=8 scope=internal_cv fold=1 phase=ssl epoch=1 path=/data/adodas/VarCoNet-V2-main/xiaolunwen/experiment2b/checkpoints/worker_r8_best.pt
[repeat=8 fold=1] [epoch=1/50] ssl_loss=0.135925 lr=0.00002411 base_val_bce=0.622839 base_best=Y base_cls_epoch=44 epoch_sec=10.2 task_elapsed_min=0.0 gpu_alloc_gb=0.272 gpu_reserved_gb=1.510
[ssl_epoch=1/50] ssl_loss=0.135925 lr=0.00002411 base_val_bce=0.622839 base_best=Y base_cls_epoch=44 epoch_sec=10.9 elapsed_min=0.0 gpu_alloc_gb=0.272 gpu_reserved_gb=1.510
CHECKPOINT_BEST repeat=8 scope=internal_cv fold=1 phase=ssl epoch=2 path=/data/adodas/VarCoNet-V2-main/xiaolunwen/experiment2b/checkpoints/worker_r8_best.pt
[repeat=8 fold=1] [epoch=2/50] ssl_loss=0.115844 lr=0.00003821 base_val_bce=0.619553 base_best=Y base_cls_epoch=60 epoch_sec=9.3 task_elapsed_min=0.2 gpu_alloc_gb=0.272 gpu_reserved_gb=1.510
[ssl_epoch=2/50] ssl_loss=0.115844 lr=0.00003821 base_val_bce=0.619553 base_best=Y base_cls_epoch=60 epoch_sec=9.3 elapsed_min=0.2 gpu_alloc_gb=0.272 gpu_reserved_gb=1.510
CHECKPOINT_BEST repeat=8 scope=internal_cv fold=1 phase=ssl epoch=3 path=/data/adodas/VarCoNet-V2-main/xiaolunwen/experiment2b/checkpoints/worker_r8_best.pt
[repeat=8 fold=1] [epoch=3/50] ssl_loss=0.101711 lr=0.00005232 base_val_bce=0.616816 base_best=Y base_cls_epoch=44 epoch_sec=16.0 task_elapsed_min=0.4 gpu_alloc_gb=0.272 gpu_reserved_gb=1.510
[ssl_epoch=3/50] ssl_loss=0.101711 lr=0.00005232 base_val_bce=0.616816 base_best=Y base_cls_epoch=44 epoch_sec=16.0 elapsed_min=0.4 gpu_alloc_gb=0.272 gpu_reserved_gb=1.510
[repeat=8 fold=1] [epoch=4/50] ssl_loss=0.098940 lr=0.00006643 base_val_bce=0.621646 base_best=N base_cls_epoch=48 epoch_sec=3.2 task_elapsed_min=0.7 gpu_alloc_gb=0.272 gpu_reserved_gb=1.510
[ssl_epoch=4/50] ssl_loss=0.098940 lr=0.00006643 base_val_bce=0.621646 base_best=N base_cls_epoch=48 epoch_sec=3.8 elapsed_min=0.7 gpu_alloc_gb=0.272 gpu_reserved_gb=1.510
[repeat=8 fold=1] [epoch=5/50] ssl_loss=0.084092 lr=0.00008053 base_val_bce=0.620286 base_best=N base_cls_epoch=46 epoch_sec=2.3 task_elapsed_min=0.7 gpu_alloc_gb=0.272 gpu_reserved_gb=1.510
[ssl_epoch=5/50] ssl_loss=0.084092 lr=0.00008053 base_val_bce=0.620286 base_best=N base_cls_epoch=46 epoch_sec=2.7 elapsed_min=0.7 gpu_alloc_gb=0.272 gpu_reserved_gb=1.510
[repeat=8 fold=1] [epoch=6/50] ssl_loss=0.074053 lr=0.00009464 base_val_bce=0.623106 base_best=N base_cls_epoch=45 epoch_sec=2.7 task_elapsed_min=0.8 gpu_alloc_gb=0.272 gpu_reserved_gb=1.510
[ssl_epoch=6/50] ssl_loss=0.074053 lr=0.00009464 base_val_bce=0.623106 base_best=N base_cls_epoch=45 epoch_sec=2.8 elapsed_min=0.8 gpu_alloc_gb=0.272 gpu_reserved_gb=1.510
CHECKPOINT_BEST repeat=8 scope=internal_cv fold=1 phase=ssl epoch=7 path=/data/adodas/VarCoNet-V2-main/xiaolunwen/experiment2b/checkpoints/worker_r8_best.pt
[repeat=8 fold=1] [epoch=7/50] ssl_loss=0.077710 lr=0.00010875 base_val_bce=0.599592 base_best=Y base_cls_epoch=50 epoch_sec=7.7 task_elapsed_min=0.8 gpu_alloc_gb=0.272 gpu_reserved_gb=1.510
[ssl_epoch=7/50] ssl_loss=0.077710 lr=0.00010875 base_val_bce=0.599592 base_best=Y base_cls_epoch=50 epoch_sec=7.7 elapsed_min=0.8 gpu_alloc_gb=0.272 gpu_reserved_gb=1.510
CHECKPOINT_BEST repeat=8 scope=internal_cv fold=1 phase=ssl epoch=8 path=/data/adodas/VarCoNet-V2-main/xiaolunwen/experiment2b/checkpoints/worker_r8_best.pt
[repeat=8 fold=1] [epoch=8/50] ssl_loss=0.082410 lr=0.00012285 base_val_bce=0.596083 base_best=Y base_cls_epoch=55 epoch_sec=9.1 task_elapsed_min=1.0 gpu_alloc_gb=0.272 gpu_reserved_gb=1.510
[ssl_epoch=8/50] ssl_loss=0.082410 lr=0.00012285 base_val_bce=0.596083 base_best=Y base_cls_epoch=55 epoch_sec=9.1 elapsed_min=1.0 gpu_alloc_gb=0.272 gpu_reserved_gb=1.510
[repeat=8 fold=1] [epoch=9/50] ssl_loss=0.067057 lr=0.00013696 base_val_bce=0.602120 base_best=N base_cls_epoch=52 epoch_sec=2.9 task_elapsed_min=1.1 gpu_alloc_gb=0.272 gpu_reserved_gb=1.510
[ssl_epoch=9/50] ssl_loss=0.067057 lr=0.00013696 base_val_bce=0.602120 base_best=N base_cls_epoch=52 epoch_sec=3.2 elapsed_min=1.1 gpu_alloc_gb=0.272 gpu_reserved_gb=1.510
CHECKPOINT_BEST repeat=8 scope=internal_cv fold=1 phase=ssl epoch=10 path=/data/adodas/VarCoNet-V2-main/xiaolunwen/experiment2b/checkpoints/worker_r8_best.pt
CHECKPOINT_LATEST repeat=8 scope=internal_cv fold=1 phase=ssl epoch=10 path=/data/adodas/VarCoNet-V2-main/xiaolunwen/experiment2b/checkpoints/worker_r8_latest.pt
[repeat=8 fold=1] [epoch=10/50] ssl_loss=0.053668 lr=0.00013696 base_val_bce=0.594639 base_best=Y base_cls_epoch=55 epoch_sec=12.3 task_elapsed_min=1.1 gpu_alloc_gb=0.272 gpu_reserved_gb=1.510
[ssl_epoch=10/50] ssl_loss=0.053668 lr=0.00013696 base_val_bce=0.594639 base_best=Y base_cls_epoch=55 epoch_sec=12.3 elapsed_min=1.1 gpu_alloc_gb=0.272 gpu_reserved_gb=1.510
CHECKPOINT_BEST repeat=8 scope=internal_cv fold=1 phase=ssl epoch=11 path=/data/adodas/VarCoNet-V2-main/xiaolunwen/experiment2b/checkpoints/worker_r8_best.pt
[repeat=8 fold=1] [epoch=11/50] ssl_loss=0.053051 lr=0.00013675 base_val_bce=0.592396 base_best=Y base_cls_epoch=51 epoch_sec=16.1 task_elapsed_min=1.4 gpu_alloc_gb=0.272 gpu_reserved_gb=1.510
[ssl_epoch=11/50] ssl_loss=0.053051 lr=0.00013675 base_val_bce=0.592396 base_best=Y base_cls_epoch=51 epoch_sec=16.2 elapsed_min=1.4 gpu_alloc_gb=0.272 gpu_reserved_gb=1.510
CHECKPOINT_BEST repeat=8 scope=internal_cv fold=1 phase=ssl epoch=12 path=/data/adodas/VarCoNet-V2-main/xiaolunwen/experiment2b/checkpoints/worker_r8_best.pt
[repeat=8 fold=1] [epoch=12/50] ssl_loss=0.057082 lr=0.00013612 base_val_bce=0.588377 base_best=Y base_cls_epoch=58 epoch_sec=14.5 task_elapsed_min=1.6 gpu_alloc_gb=0.272 gpu_reserved_gb=1.510
[ssl_epoch=12/50] ssl_loss=0.057082 lr=0.00013612 base_val_bce=0.588377 base_best=Y base_cls_epoch=58 epoch_sec=14.5 elapsed_min=1.6 gpu_alloc_gb=0.272 gpu_reserved_gb=1.510
CHECKPOINT_BEST repeat=8 scope=internal_cv fold=1 phase=ssl epoch=13 path=/data/adodas/VarCoNet-V2-main/xiaolunwen/experiment2b/checkpoints/worker_r8_best.pt
[repeat=8 fold=1] [epoch=13/50] ssl_loss=0.038050 lr=0.00013507 base_val_bce=0.585264 base_best=Y base_cls_epoch=51 epoch_sec=13.1 task_elapsed_min=1.9 gpu_alloc_gb=0.272 gpu_reserved_gb=1.510
[ssl_epoch=13/50] ssl_loss=0.038050 lr=0.00013507 base_val_bce=0.585264 base_best=Y base_cls_epoch=51 epoch_sec=13.2 elapsed_min=1.9 gpu_alloc_gb=0.272 gpu_reserved_gb=1.510
CHECKPOINT_BEST repeat=8 scope=internal_cv fold=1 phase=ssl epoch=14 path=/data/adodas/VarCoNet-V2-main/xiaolunwen/experiment2b/checkpoints/worker_r8_best.pt
[repeat=8 fold=1] [epoch=14/50] ssl_loss=0.062599 lr=0.00013361 base_val_bce=0.583329 base_best=Y base_cls_epoch=54 epoch_sec=13.5 task_elapsed_min=2.1 gpu_alloc_gb=0.272 gpu_reserved_gb=1.510
[ssl_epoch=14/50] ssl_loss=0.062599 lr=0.00013361 base_val_bce=0.583329 base_best=Y base_cls_epoch=54 epoch_sec=13.5 elapsed_min=2.1 gpu_alloc_gb=0.272 gpu_reserved_gb=1.510
[repeat=8 fold=1] [epoch=15/50] ssl_loss=0.052256 lr=0.00013175 base_val_bce=0.597126 base_best=N base_cls_epoch=60 epoch_sec=3.1 task_elapsed_min=2.3 gpu_alloc_gb=0.272 gpu_reserved_gb=1.510
[ssl_epoch=15/50] ssl_loss=0.052256 lr=0.00013175 base_val_bce=0.597126 base_best=N base_cls_epoch=60 epoch_sec=3.2 elapsed_min=2.3 gpu_alloc_gb=0.272 gpu_reserved_gb=1.510
[repeat=8 fold=1] [epoch=16/50] ssl_loss=0.053698 lr=0.00012950 base_val_bce=0.585716 base_best=N base_cls_epoch=53 epoch_sec=3.3 task_elapsed_min=2.4 gpu_alloc_gb=0.272 gpu_reserved_gb=1.510
[ssl_epoch=16/50] ssl_loss=0.053698 lr=0.00012950 base_val_bce=0.585716 base_best=N base_cls_epoch=53 epoch_sec=4.2 elapsed_min=2.4 gpu_alloc_gb=0.272 gpu_reserved_gb=1.510
[repeat=8 fold=1] [epoch=17/50] ssl_loss=0.053649 lr=0.00012687 base_val_bce=0.584757 base_best=N base_cls_epoch=52 epoch_sec=3.5 task_elapsed_min=2.5 gpu_alloc_gb=0.272 gpu_reserved_gb=1.510
[ssl_epoch=17/50] ssl_loss=0.053649 lr=0.00012687 base_val_bce=0.584757 base_best=N base_cls_epoch=52 epoch_sec=4.9 elapsed_min=2.5 gpu_alloc_gb=0.272 gpu_reserved_gb=1.510
[repeat=8 fold=1] [epoch=18/50] ssl_loss=0.049070 lr=0.00012388 base_val_bce=0.588290 base_best=N base_cls_epoch=54 epoch_sec=3.7 task_elapsed_min=2.5 gpu_alloc_gb=0.272 gpu_reserved_gb=1.510
[ssl_epoch=18/50] ssl_loss=0.049070 lr=0.00012388 base_val_bce=0.588290 base_best=N base_cls_epoch=54 epoch_sec=4.0 elapsed_min=2.5 gpu_alloc_gb=0.272 gpu_reserved_gb=1.510
[repeat=8 fold=1] [epoch=19/50] ssl_loss=0.043032 lr=0.00012055 base_val_bce=0.593400 base_best=N base_cls_epoch=59 epoch_sec=2.8 task_elapsed_min=2.6 gpu_alloc_gb=0.272 gpu_reserved_gb=1.510
[ssl_epoch=19/50] ssl_loss=0.043032 lr=0.00012055 base_val_bce=0.593400 base_best=N base_cls_epoch=59 epoch_sec=3.6 elapsed_min=2.6 gpu_alloc_gb=0.272 gpu_reserved_gb=1.510
CHECKPOINT_BEST repeat=8 scope=internal_cv fold=1 phase=ssl epoch=20 path=/data/adodas/VarCoNet-V2-main/xiaolunwen/experiment2b/checkpoints/worker_r8_best.pt
CHECKPOINT_LATEST repeat=8 scope=internal_cv fold=1 phase=ssl epoch=20 path=/data/adodas/VarCoNet-V2-main/xiaolunwen/experiment2b/checkpoints/worker_r8_latest.pt
[repeat=8 fold=1] [epoch=20/50] ssl_loss=0.037815 lr=0.00011690 base_val_bce=0.572623 base_best=Y base_cls_epoch=59 epoch_sec=15.1 task_elapsed_min=2.7 gpu_alloc_gb=0.272 gpu_reserved_gb=1.510
[ssl_epoch=20/50] ssl_loss=0.037815 lr=0.00011690 base_val_bce=0.572623 base_best=Y base_cls_epoch=59 epoch_sec=15.1 elapsed_min=2.7 gpu_alloc_gb=0.272 gpu_reserved_gb=1.510
[repeat=8 fold=1] [epoch=21/50] ssl_loss=0.048370 lr=0.00011296 base_val_bce=0.581520 base_best=N base_cls_epoch=61 epoch_sec=5.2 task_elapsed_min=2.9 gpu_alloc_gb=0.272 gpu_reserved_gb=1.510
[ssl_epoch=21/50] ssl_loss=0.048370 lr=0.00011296 base_val_bce=0.581520 base_best=N base_cls_epoch=61 epoch_sec=5.3 elapsed_min=2.9 gpu_alloc_gb=0.272 gpu_reserved_gb=1.510
[repeat=8 fold=1] [epoch=22/50] ssl_loss=0.044774 lr=0.00010873 base_val_bce=0.594693 base_best=N base_cls_epoch=63 epoch_sec=3.8 task_elapsed_min=3.0 gpu_alloc_gb=0.272 gpu_reserved_gb=1.510
[ssl_epoch=22/50] ssl_loss=0.044774 lr=0.00010873 base_val_bce=0.594693 base_best=N base_cls_epoch=63 epoch_sec=3.8 elapsed_min=3.0 gpu_alloc_gb=0.272 gpu_reserved_gb=1.510
[repeat=8 fold=1] [epoch=23/50] ssl_loss=0.039334 lr=0.00010426 base_val_bce=0.597792 base_best=N base_cls_epoch=59 epoch_sec=3.9 task_elapsed_min=3.1 gpu_alloc_gb=0.272 gpu_reserved_gb=1.510
[ssl_epoch=23/50] ssl_loss=0.039334 lr=0.00010426 base_val_bce=0.597792 base_best=N base_cls_epoch=59 epoch_sec=4.0 elapsed_min=3.1 gpu_alloc_gb=0.272 gpu_reserved_gb=1.510
[repeat=8 fold=1] [epoch=24/50] ssl_loss=0.038385 lr=0.00009957 base_val_bce=0.587326 base_best=N base_cls_epoch=58 epoch_sec=4.3 task_elapsed_min=3.2 gpu_alloc_gb=0.272 gpu_reserved_gb=1.510
[ssl_epoch=24/50] ssl_loss=0.038385 lr=0.00009957 base_val_bce=0.587326 base_best=N base_cls_epoch=58 epoch_sec=4.9 elapsed_min=3.2 gpu_alloc_gb=0.272 gpu_reserved_gb=1.510
[repeat=8 fold=1] [epoch=25/50] ssl_loss=0.044537 lr=0.00009469 base_val_bce=0.591930 base_best=N base_cls_epoch=58 epoch_sec=3.2 task_elapsed_min=3.2 gpu_alloc_gb=0.272 gpu_reserved_gb=1.510
[ssl_epoch=25/50] ssl_loss=0.044537 lr=0.00009469 base_val_bce=0.591930 base_best=N base_cls_epoch=58 epoch_sec=3.7 elapsed_min=3.2 gpu_alloc_gb=0.272 gpu_reserved_gb=1.510
[repeat=8 fold=1] [epoch=26/50] ssl_loss=0.051923 lr=0.00008964 base_val_bce=0.592363 base_best=N base_cls_epoch=58 epoch_sec=3.8 task_elapsed_min=3.3 gpu_alloc_gb=0.272 gpu_reserved_gb=1.510
[ssl_epoch=26/50] ssl_loss=0.051923 lr=0.00008964 base_val_bce=0.592363 base_best=N base_cls_epoch=58 epoch_sec=3.8 elapsed_min=3.3 gpu_alloc_gb=0.272 gpu_reserved_gb=1.510
[repeat=8 fold=1] [epoch=27/50] ssl_loss=0.042808 lr=0.00008447 base_val_bce=0.585659 base_best=N base_cls_epoch=54 epoch_sec=3.9 task_elapsed_min=3.4 gpu_alloc_gb=0.272 gpu_reserved_gb=1.510
[ssl_epoch=27/50] ssl_loss=0.042808 lr=0.00008447 base_val_bce=0.585659 base_best=N base_cls_epoch=54 epoch_sec=3.9 elapsed_min=3.4 gpu_alloc_gb=0.272 gpu_reserved_gb=1.510
[repeat=8 fold=1] [epoch=28/50] ssl_loss=0.042021 lr=0.00007919 base_val_bce=0.604446 base_best=N base_cls_epoch=66 epoch_sec=3.1 task_elapsed_min=3.4 gpu_alloc_gb=0.272 gpu_reserved_gb=1.510
[ssl_epoch=28/50] ssl_loss=0.042021 lr=0.00007919 base_val_bce=0.604446 base_best=N base_cls_epoch=66 epoch_sec=3.3 elapsed_min=3.4 gpu_alloc_gb=0.272 gpu_reserved_gb=1.510
[repeat=8 fold=1] [epoch=29/50] ssl_loss=0.046316 lr=0.00007385 base_val_bce=0.588217 base_best=N base_cls_epoch=61 epoch_sec=2.6 task_elapsed_min=3.5 gpu_alloc_gb=0.272 gpu_reserved_gb=1.510
[ssl_epoch=29/50] ssl_loss=0.046316 lr=0.00007385 base_val_bce=0.588217 base_best=N base_cls_epoch=61 epoch_sec=3.1 elapsed_min=3.5 gpu_alloc_gb=0.272 gpu_reserved_gb=1.510
CHECKPOINT_LATEST repeat=8 scope=internal_cv fold=1 phase=ssl epoch=30 path=/data/adodas/VarCoNet-V2-main/xiaolunwen/experiment2b/checkpoints/worker_r8_latest.pt
[repeat=8 fold=1] [epoch=30/50] ssl_loss=0.042607 lr=0.00006848 base_val_bce=0.587317 base_best=N base_cls_epoch=58 epoch_sec=5.4 task_elapsed_min=3.5 gpu_alloc_gb=0.272 gpu_reserved_gb=1.510
[ssl_epoch=30/50] ssl_loss=0.042607 lr=0.00006848 base_val_bce=0.587317 base_best=N base_cls_epoch=58 epoch_sec=5.4 elapsed_min=3.5 gpu_alloc_gb=0.272 gpu_reserved_gb=1.510
[repeat=8 fold=1] [epoch=31/50] ssl_loss=0.040684 lr=0.00006311 base_val_bce=0.594628 base_best=N base_cls_epoch=59 epoch_sec=5.0 task_elapsed_min=3.7 gpu_alloc_gb=0.272 gpu_reserved_gb=1.510
[ssl_epoch=31/50] ssl_loss=0.040684 lr=0.00006311 base_val_bce=0.594628 base_best=N base_cls_epoch=59 epoch_sec=5.3 elapsed_min=3.7 gpu_alloc_gb=0.272 gpu_reserved_gb=1.510
[repeat=8 fold=1] [epoch=32/50] ssl_loss=0.049593 lr=0.00005777 base_val_bce=0.592519 base_best=N base_cls_epoch=59 epoch_sec=3.5 task_elapsed_min=3.7 gpu_alloc_gb=0.272 gpu_reserved_gb=1.510
[ssl_epoch=32/50] ssl_loss=0.049593 lr=0.00005777 base_val_bce=0.592519 base_best=N base_cls_epoch=59 epoch_sec=3.5 elapsed_min=3.7 gpu_alloc_gb=0.272 gpu_reserved_gb=1.510
[repeat=8 fold=1] [epoch=33/50] ssl_loss=0.041529 lr=0.00005249 base_val_bce=0.599718 base_best=N base_cls_epoch=59 epoch_sec=3.6 task_elapsed_min=3.8 gpu_alloc_gb=0.272 gpu_reserved_gb=1.510
[ssl_epoch=33/50] ssl_loss=0.041529 lr=0.00005249 base_val_bce=0.599718 base_best=N base_cls_epoch=59 epoch_sec=3.7 elapsed_min=3.8 gpu_alloc_gb=0.272 gpu_reserved_gb=1.510
[repeat=8 fold=1] [epoch=34/50] ssl_loss=0.040413 lr=0.00004732 base_val_bce=0.590451 base_best=N base_cls_epoch=56 epoch_sec=3.3 task_elapsed_min=3.8 gpu_alloc_gb=0.272 gpu_reserved_gb=1.510
[ssl_epoch=34/50] ssl_loss=0.040413 lr=0.00004732 base_val_bce=0.590451 base_best=N base_cls_epoch=56 epoch_sec=3.3 elapsed_min=3.8 gpu_alloc_gb=0.272 gpu_reserved_gb=1.510
[repeat=8 fold=1] [epoch=35/50] ssl_loss=0.043485 lr=0.00004227 base_val_bce=0.588020 base_best=N base_cls_epoch=55 epoch_sec=3.3 task_elapsed_min=3.9 gpu_alloc_gb=0.272 gpu_reserved_gb=1.510
[ssl_epoch=35/50] ssl_loss=0.043485 lr=0.00004227 base_val_bce=0.588020 base_best=N base_cls_epoch=55 epoch_sec=3.5 elapsed_min=3.9 gpu_alloc_gb=0.272 gpu_reserved_gb=1.510
[repeat=8 fold=1] [epoch=36/50] ssl_loss=0.052140 lr=0.00003739 base_val_bce=0.597838 base_best=N base_cls_epoch=57 epoch_sec=4.4 task_elapsed_min=4.0 gpu_alloc_gb=0.272 gpu_reserved_gb=1.510
[ssl_epoch=36/50] ssl_loss=0.052140 lr=0.00003739 base_val_bce=0.597838 base_best=N base_cls_epoch=57 epoch_sec=4.4 elapsed_min=4.0 gpu_alloc_gb=0.272 gpu_reserved_gb=1.510
[repeat=8 fold=1] [epoch=37/50] ssl_loss=0.041093 lr=0.00003270 base_val_bce=0.603791 base_best=N base_cls_epoch=60 epoch_sec=4.0 task_elapsed_min=4.0 gpu_alloc_gb=0.272 gpu_reserved_gb=1.510
[ssl_epoch=37/50] ssl_loss=0.041093 lr=0.00003270 base_val_bce=0.603791 base_best=N base_cls_epoch=60 epoch_sec=4.4 elapsed_min=4.0 gpu_alloc_gb=0.272 gpu_reserved_gb=1.510
[repeat=8 fold=1] [epoch=38/50] ssl_loss=0.030629 lr=0.00002823 base_val_bce=0.579682 base_best=N base_cls_epoch=63 epoch_sec=4.0 task_elapsed_min=4.1 gpu_alloc_gb=0.272 gpu_reserved_gb=1.510
[ssl_epoch=38/50] ssl_loss=0.030629 lr=0.00002823 base_val_bce=0.579682 base_best=N base_cls_epoch=63 epoch_sec=4.1 elapsed_min=4.1 gpu_alloc_gb=0.272 gpu_reserved_gb=1.510
[repeat=8 fold=1] [epoch=39/50] ssl_loss=0.042406 lr=0.00002401 base_val_bce=0.586150 base_best=N base_cls_epoch=57 epoch_sec=3.6 task_elapsed_min=4.2 gpu_alloc_gb=0.272 gpu_reserved_gb=1.510
[ssl_epoch=39/50] ssl_loss=0.042406 lr=0.00002401 base_val_bce=0.586150 base_best=N base_cls_epoch=57 epoch_sec=3.8 elapsed_min=4.2 gpu_alloc_gb=0.272 gpu_reserved_gb=1.510
CHECKPOINT_LATEST repeat=8 scope=internal_cv fold=1 phase=ssl epoch=40 path=/data/adodas/VarCoNet-V2-main/xiaolunwen/experiment2b/checkpoints/worker_r8_latest.pt
[repeat=8 fold=1] [epoch=40/50] ssl_loss=0.039469 lr=0.00002006 base_val_bce=0.591243 base_best=N base_cls_epoch=62 epoch_sec=7.9 task_elapsed_min=4.2 gpu_alloc_gb=0.272 gpu_reserved_gb=1.510
[ssl_epoch=40/50] ssl_loss=0.039469 lr=0.00002006 base_val_bce=0.591243 base_best=N base_cls_epoch=62 epoch_sec=8.1 elapsed_min=4.2 gpu_alloc_gb=0.272 gpu_reserved_gb=1.510
[repeat=8 fold=1] [epoch=41/50] ssl_loss=0.039676 lr=0.00001641 base_val_bce=0.596533 base_best=N base_cls_epoch=60 epoch_sec=3.2 task_elapsed_min=4.4 gpu_alloc_gb=0.272 gpu_reserved_gb=1.510
[ssl_epoch=41/50] ssl_loss=0.039676 lr=0.00001641 base_val_bce=0.596533 base_best=N base_cls_epoch=60 epoch_sec=3.6 elapsed_min=4.4 gpu_alloc_gb=0.272 gpu_reserved_gb=1.510
[repeat=8 fold=1] [epoch=42/50] ssl_loss=0.046048 lr=0.00001308 base_val_bce=0.596471 base_best=N base_cls_epoch=59 epoch_sec=3.5 task_elapsed_min=4.4 gpu_alloc_gb=0.272 gpu_reserved_gb=1.510
[ssl_epoch=42/50] ssl_loss=0.046048 lr=0.00001308 base_val_bce=0.596471 base_best=N base_cls_epoch=59 epoch_sec=3.5 elapsed_min=4.4 gpu_alloc_gb=0.272 gpu_reserved_gb=1.510
[repeat=8 fold=1] [epoch=43/50] ssl_loss=0.041741 lr=0.00001009 base_val_bce=0.588768 base_best=N base_cls_epoch=64 epoch_sec=3.8 task_elapsed_min=4.5 gpu_alloc_gb=0.272 gpu_reserved_gb=1.510
[ssl_epoch=43/50] ssl_loss=0.041741 lr=0.00001009 base_val_bce=0.588768 base_best=N base_cls_epoch=64 epoch_sec=3.8 elapsed_min=4.5 gpu_alloc_gb=0.272 gpu_reserved_gb=1.510
[repeat=8 fold=1] [epoch=44/50] ssl_loss=0.044603 lr=0.00000746 base_val_bce=0.584976 base_best=N base_cls_epoch=61 epoch_sec=2.7 task_elapsed_min=4.6 gpu_alloc_gb=0.272 gpu_reserved_gb=1.510
[ssl_epoch=44/50] ssl_loss=0.044603 lr=0.00000746 base_val_bce=0.584976 base_best=N base_cls_epoch=61 epoch_sec=2.8 elapsed_min=4.6 gpu_alloc_gb=0.272 gpu_reserved_gb=1.510
[repeat=8 fold=1] [epoch=45/50] ssl_loss=0.037070 lr=0.00000521 base_val_bce=0.578837 base_best=N base_cls_epoch=62 epoch_sec=2.9 task_elapsed_min=4.6 gpu_alloc_gb=0.272 gpu_reserved_gb=1.510
[ssl_epoch=45/50] ssl_loss=0.037070 lr=0.00000521 base_val_bce=0.578837 base_best=N base_cls_epoch=62 epoch_sec=3.0 elapsed_min=4.6 gpu_alloc_gb=0.272 gpu_reserved_gb=1.510
[repeat=8 fold=1] [epoch=46/50] ssl_loss=0.038872 lr=0.00000335 base_val_bce=0.592891 base_best=N base_cls_epoch=61 epoch_sec=2.4 task_elapsed_min=4.7 gpu_alloc_gb=0.272 gpu_reserved_gb=1.510
[ssl_epoch=46/50] ssl_loss=0.038872 lr=0.00000335 base_val_bce=0.592891 base_best=N base_cls_epoch=61 epoch_sec=2.5 elapsed_min=4.7 gpu_alloc_gb=0.272 gpu_reserved_gb=1.510
[repeat=8 fold=1] [epoch=47/50] ssl_loss=0.034279 lr=0.00000189 base_val_bce=0.591207 base_best=N base_cls_epoch=58 epoch_sec=3.0 task_elapsed_min=4.7 gpu_alloc_gb=0.272 gpu_reserved_gb=1.510
[ssl_epoch=47/50] ssl_loss=0.034279 lr=0.00000189 base_val_bce=0.591207 base_best=N base_cls_epoch=58 epoch_sec=3.0 elapsed_min=4.7 gpu_alloc_gb=0.272 gpu_reserved_gb=1.510
[repeat=8 fold=1] [epoch=48/50] ssl_loss=0.034188 lr=0.00000084 base_val_bce=0.590705 base_best=N base_cls_epoch=60 epoch_sec=2.0 task_elapsed_min=4.7 gpu_alloc_gb=0.272 gpu_reserved_gb=1.510
[ssl_epoch=48/50] ssl_loss=0.034188 lr=0.00000084 base_val_bce=0.590705 base_best=N base_cls_epoch=60 epoch_sec=2.5 elapsed_min=4.7 gpu_alloc_gb=0.272 gpu_reserved_gb=1.510
[repeat=8 fold=1] [epoch=49/50] ssl_loss=0.039391 lr=0.00000021 base_val_bce=0.587609 base_best=N base_cls_epoch=59 epoch_sec=2.3 task_elapsed_min=4.8 gpu_alloc_gb=0.272 gpu_reserved_gb=1.510
[ssl_epoch=49/50] ssl_loss=0.039391 lr=0.00000021 base_val_bce=0.587609 base_best=N base_cls_epoch=59 epoch_sec=2.4 elapsed_min=4.8 gpu_alloc_gb=0.272 gpu_reserved_gb=1.510
CHECKPOINT_LATEST repeat=8 scope=internal_cv fold=1 phase=ssl epoch=50 path=/data/adodas/VarCoNet-V2-main/xiaolunwen/experiment2b/checkpoints/worker_r8_latest.pt
[repeat=8 fold=1] [epoch=50/50] ssl_loss=0.038006 lr=0.00000000 base_val_bce=0.584403 base_best=N base_cls_epoch=56 epoch_sec=6.3 task_elapsed_min=4.8 gpu_alloc_gb=0.272 gpu_reserved_gb=1.510
[ssl_epoch=50/50] ssl_loss=0.038006 lr=0.00000000 base_val_bce=0.584403 base_best=N base_cls_epoch=56 epoch_sec=6.3 elapsed_min=4.8 gpu_alloc_gb=0.272 gpu_reserved_gb=1.510
RESIDUAL_EPOCH repeat=8 scope=internal_cv fold=1 epoch=0 val_bce=0.572623 best=Y dynamic_dim=73536
CHECKPOINT_BEST repeat=8 scope=internal_cv fold=1 phase=residual epoch=2 path=/data/adodas/VarCoNet-V2-main/xiaolunwen/experiment2b/checkpoints/worker_r8_best.pt
[residual_epoch=2/149] residual_loss=0.142560 val_bce=0.563297 best=Y best_epoch=2 epoch_sec=4.0 task_elapsed_min=4.9
CHECKPOINT_BEST repeat=8 scope=internal_cv fold=1 phase=residual epoch=3 path=/data/adodas/VarCoNet-V2-main/xiaolunwen/experiment2b/checkpoints/worker_r8_best.pt
[residual_epoch=3/149] residual_loss=0.133494 val_bce=0.562720 best=Y best_epoch=3 epoch_sec=3.5 task_elapsed_min=5.0
CHECKPOINT_LATEST repeat=8 scope=internal_cv fold=1 phase=residual epoch=10 path=/data/adodas/VarCoNet-V2-main/xiaolunwen/experiment2b/checkpoints/worker_r8_latest.pt
[residual_epoch=10/149] residual_loss=0.090175 val_bce=0.569080 best=N best_epoch=3 epoch_sec=3.8 task_elapsed_min=5.0
CHECKPOINT_LATEST repeat=8 scope=internal_cv fold=1 phase=residual epoch=20 path=/data/adodas/VarCoNet-V2-main/xiaolunwen/experiment2b/checkpoints/worker_r8_latest.pt
[residual_epoch=20/149] residual_loss=0.054141 val_bce=0.582614 best=N best_epoch=3 epoch_sec=2.9 task_elapsed_min=5.1
CHECKPOINT_LATEST repeat=8 scope=internal_cv fold=1 phase=residual epoch=30 path=/data/adodas/VarCoNet-V2-main/xiaolunwen/experiment2b/checkpoints/worker_r8_latest.pt
[residual_epoch=30/149] residual_loss=0.035456 val_bce=0.589432 best=N best_epoch=3 epoch_sec=1.7 task_elapsed_min=5.2
CHECKPOINT_LATEST repeat=8 scope=internal_cv fold=1 phase=residual epoch=40 path=/data/adodas/VarCoNet-V2-main/xiaolunwen/experiment2b/checkpoints/worker_r8_latest.pt
[residual_epoch=40/149] residual_loss=0.025148 val_bce=0.597559 best=N best_epoch=3 epoch_sec=0.8 task_elapsed_min=5.2
CHECKPOINT_LATEST repeat=8 scope=internal_cv fold=1 phase=residual epoch=50 path=/data/adodas/VarCoNet-V2-main/xiaolunwen/experiment2b/checkpoints/worker_r8_latest.pt
[residual_epoch=50/149] residual_loss=0.019094 val_bce=0.606073 best=N best_epoch=3 epoch_sec=0.7 task_elapsed_min=5.2
CHECKPOINT_LATEST repeat=8 scope=internal_cv fold=1 phase=residual epoch=60 path=/data/adodas/VarCoNet-V2-main/xiaolunwen/experiment2b/checkpoints/worker_r8_latest.pt
[residual_epoch=60/149] residual_loss=0.015251 val_bce=0.614414 best=N best_epoch=3 epoch_sec=0.6 task_elapsed_min=5.2
CHECKPOINT_LATEST repeat=8 scope=internal_cv fold=1 phase=residual epoch=70 path=/data/adodas/VarCoNet-V2-main/xiaolunwen/experiment2b/checkpoints/worker_r8_latest.pt
[residual_epoch=70/149] residual_loss=0.012624 val_bce=0.622914 best=N best_epoch=3 epoch_sec=0.6 task_elapsed_min=5.2
CHECKPOINT_LATEST repeat=8 scope=internal_cv fold=1 phase=residual epoch=80 path=/data/adodas/VarCoNet-V2-main/xiaolunwen/experiment2b/checkpoints/worker_r8_latest.pt
[residual_epoch=80/149] residual_loss=0.010722 val_bce=0.630985 best=N best_epoch=3 epoch_sec=2.2 task_elapsed_min=5.2
CHECKPOINT_LATEST repeat=8 scope=internal_cv fold=1 phase=residual epoch=90 path=/data/adodas/VarCoNet-V2-main/xiaolunwen/experiment2b/checkpoints/worker_r8_latest.pt
[residual_epoch=90/149] residual_loss=0.009278 val_bce=0.638079 best=N best_epoch=3 epoch_sec=5.1 task_elapsed_min=5.3
CHECKPOINT_LATEST repeat=8 scope=internal_cv fold=1 phase=residual epoch=100 path=/data/adodas/VarCoNet-V2-main/xiaolunwen/experiment2b/checkpoints/worker_r8_latest.pt
[residual_epoch=100/149] residual_loss=0.008143 val_bce=0.644798 best=N best_epoch=3 epoch_sec=4.4 task_elapsed_min=5.4
CHECKPOINT_LATEST repeat=8 scope=internal_cv fold=1 phase=residual epoch=110 path=/data/adodas/VarCoNet-V2-main/xiaolunwen/experiment2b/checkpoints/worker_r8_latest.pt
[residual_epoch=110/149] residual_loss=0.007229 val_bce=0.651282 best=N best_epoch=3 epoch_sec=0.6 task_elapsed_min=5.4
CHECKPOINT_LATEST repeat=8 scope=internal_cv fold=1 phase=residual epoch=120 path=/data/adodas/VarCoNet-V2-main/xiaolunwen/experiment2b/checkpoints/worker_r8_latest.pt
[residual_epoch=120/149] residual_loss=0.006476 val_bce=0.657277 best=N best_epoch=3 epoch_sec=3.6 task_elapsed_min=5.4
CHECKPOINT_LATEST repeat=8 scope=internal_cv fold=1 phase=residual epoch=130 path=/data/adodas/VarCoNet-V2-main/xiaolunwen/experiment2b/checkpoints/worker_r8_latest.pt
[residual_epoch=130/149] residual_loss=0.005846 val_bce=0.663032 best=N best_epoch=3 epoch_sec=6.4 task_elapsed_min=5.5
CHECKPOINT_LATEST repeat=8 scope=internal_cv fold=1 phase=residual epoch=140 path=/data/adodas/VarCoNet-V2-main/xiaolunwen/experiment2b/checkpoints/worker_r8_latest.pt
[residual_epoch=140/149] residual_loss=0.005313 val_bce=0.668546 best=N best_epoch=3 epoch_sec=2.5 task_elapsed_min=5.6
RESIDUAL_DONE repeat=8 scope=internal_cv fold=1 selected_encoder_epoch=20 selected_classifier_epoch=59 selected_residual_epoch=3 val_bce=0.562720
TASK_TRAINING_DONE repeat=8 scope=internal_cv fold=1 base_epoch=20 dyn_epoch=20 base_val_bce=0.572623 dyn_val_bce=0.562720
TASK_DONE repeat=8 scope=internal_fold fold=1 method=baseline selected_encoder_epoch=20 test_auc=0.674772 test_bce=0.663834 elapsed_min=5.6
TASK_DONE repeat=8 scope=internal_fold fold=1 method=pretransformer_edge_residual selected_encoder_epoch=20 test_auc=0.656535 test_bce=0.684753 elapsed_min=5.6
TASK_START repeat=8 scope=internal_cv fold=2 seed=100802 device=cuda:0 shared_encoder=Y
CHECKPOINT_BEST repeat=8 scope=internal_cv fold=2 phase=ssl epoch=1 path=/data/adodas/VarCoNet-V2-main/xiaolunwen/experiment2b/checkpoints/worker_r8_best.pt
[repeat=8 fold=2] [epoch=1/50] ssl_loss=0.336687 lr=0.00002411 base_val_bce=0.628596 base_best=Y base_cls_epoch=29 epoch_sec=4.9 task_elapsed_min=0.1 gpu_alloc_gb=0.272 gpu_reserved_gb=1.510
[ssl_epoch=1/50] ssl_loss=0.336687 lr=0.00002411 base_val_bce=0.628596 base_best=Y base_cls_epoch=29 epoch_sec=4.9 elapsed_min=0.1 gpu_alloc_gb=0.272 gpu_reserved_gb=1.510
CHECKPOINT_BEST repeat=8 scope=internal_cv fold=2 phase=ssl epoch=2 path=/data/adodas/VarCoNet-V2-main/xiaolunwen/experiment2b/checkpoints/worker_r8_best.pt
[repeat=8 fold=2] [epoch=2/50] ssl_loss=0.216044 lr=0.00003821 base_val_bce=0.612865 base_best=Y base_cls_epoch=25 epoch_sec=8.6 task_elapsed_min=0.2 gpu_alloc_gb=0.272 gpu_reserved_gb=1.510
[ssl_epoch=2/50] ssl_loss=0.216044 lr=0.00003821 base_val_bce=0.612865 base_best=Y base_cls_epoch=25 epoch_sec=8.8 elapsed_min=0.2 gpu_alloc_gb=0.272 gpu_reserved_gb=1.510
[repeat=8 fold=2] [epoch=3/50] ssl_loss=0.146503 lr=0.00005232 base_val_bce=0.627018 base_best=N base_cls_epoch=18 epoch_sec=4.3 task_elapsed_min=0.3 gpu_alloc_gb=0.272 gpu_reserved_gb=1.510
[ssl_epoch=3/50] ssl_loss=0.146503 lr=0.00005232 base_val_bce=0.627018 base_best=N base_cls_epoch=18 epoch_sec=4.3 elapsed_min=0.3 gpu_alloc_gb=0.272 gpu_reserved_gb=1.510
[repeat=8 fold=2] [epoch=4/50] ssl_loss=0.126293 lr=0.00006643 base_val_bce=0.624747 base_best=N base_cls_epoch=54 epoch_sec=5.6 task_elapsed_min=0.4 gpu_alloc_gb=0.272 gpu_reserved_gb=1.510
[ssl_epoch=4/50] ssl_loss=0.126293 lr=0.00006643 base_val_bce=0.624747 base_best=N base_cls_epoch=54 epoch_sec=5.8 elapsed_min=0.4 gpu_alloc_gb=0.272 gpu_reserved_gb=1.510
[repeat=8 fold=2] [epoch=5/50] ssl_loss=0.113054 lr=0.00008053 base_val_bce=0.623920 base_best=N base_cls_epoch=23 epoch_sec=2.6 task_elapsed_min=0.5 gpu_alloc_gb=0.272 gpu_reserved_gb=1.510
[ssl_epoch=5/50] ssl_loss=0.113054 lr=0.00008053 base_val_bce=0.623920 base_best=N base_cls_epoch=23 epoch_sec=2.7 elapsed_min=0.5 gpu_alloc_gb=0.272 gpu_reserved_gb=1.510
[repeat=8 fold=2] [epoch=6/50] ssl_loss=0.093707 lr=0.00009464 base_val_bce=0.617439 base_best=N base_cls_epoch=52 epoch_sec=3.5 task_elapsed_min=0.5 gpu_alloc_gb=0.272 gpu_reserved_gb=1.510
[ssl_epoch=6/50] ssl_loss=0.093707 lr=0.00009464 base_val_bce=0.617439 base_best=N base_cls_epoch=52 epoch_sec=4.2 elapsed_min=0.5 gpu_alloc_gb=0.272 gpu_reserved_gb=1.510
CHECKPOINT_BEST repeat=8 scope=internal_cv fold=2 phase=ssl epoch=7 path=/data/adodas/VarCoNet-V2-main/xiaolunwen/experiment2b/checkpoints/worker_r8_best.pt
[repeat=8 fold=2] [epoch=7/50] ssl_loss=0.098570 lr=0.00010875 base_val_bce=0.611013 base_best=Y base_cls_epoch=50 epoch_sec=6.5 task_elapsed_min=0.6 gpu_alloc_gb=0.272 gpu_reserved_gb=1.510
[ssl_epoch=7/50] ssl_loss=0.098570 lr=0.00010875 base_val_bce=0.611013 base_best=Y base_cls_epoch=50 epoch_sec=6.5 elapsed_min=0.6 gpu_alloc_gb=0.272 gpu_reserved_gb=1.510
[repeat=8 fold=2] [epoch=8/50] ssl_loss=0.089833 lr=0.00012285 base_val_bce=0.613789 base_best=N base_cls_epoch=50 epoch_sec=5.3 task_elapsed_min=0.7 gpu_alloc_gb=0.272 gpu_reserved_gb=1.510
[ssl_epoch=8/50] ssl_loss=0.089833 lr=0.00012285 base_val_bce=0.613789 base_best=N base_cls_epoch=50 epoch_sec=5.3 elapsed_min=0.7 gpu_alloc_gb=0.272 gpu_reserved_gb=1.510
CHECKPOINT_BEST repeat=8 scope=internal_cv fold=2 phase=ssl epoch=9 path=/data/adodas/VarCoNet-V2-main/xiaolunwen/experiment2b/checkpoints/worker_r8_best.pt
[repeat=8 fold=2] [epoch=9/50] ssl_loss=0.085019 lr=0.00013696 base_val_bce=0.605561 base_best=Y base_cls_epoch=51 epoch_sec=7.0 task_elapsed_min=0.8 gpu_alloc_gb=0.272 gpu_reserved_gb=1.510
[ssl_epoch=9/50] ssl_loss=0.085019 lr=0.00013696 base_val_bce=0.605561 base_best=Y base_cls_epoch=51 epoch_sec=7.0 elapsed_min=0.8 gpu_alloc_gb=0.272 gpu_reserved_gb=1.510
CHECKPOINT_LATEST repeat=8 scope=internal_cv fold=2 phase=ssl epoch=10 path=/data/adodas/VarCoNet-V2-main/xiaolunwen/experiment2b/checkpoints/worker_r8_latest.pt
[repeat=8 fold=2] [epoch=10/50] ssl_loss=0.081577 lr=0.00013696 base_val_bce=0.616322 base_best=N base_cls_epoch=46 epoch_sec=5.1 task_elapsed_min=0.9 gpu_alloc_gb=0.272 gpu_reserved_gb=1.510
[ssl_epoch=10/50] ssl_loss=0.081577 lr=0.00013696 base_val_bce=0.616322 base_best=N base_cls_epoch=46 epoch_sec=5.1 elapsed_min=0.9 gpu_alloc_gb=0.272 gpu_reserved_gb=1.510
[repeat=8 fold=2] [epoch=11/50] ssl_loss=0.078042 lr=0.00013675 base_val_bce=0.607149 base_best=N base_cls_epoch=48 epoch_sec=2.8 task_elapsed_min=1.0 gpu_alloc_gb=0.272 gpu_reserved_gb=1.510
[ssl_epoch=11/50] ssl_loss=0.078042 lr=0.00013675 base_val_bce=0.607149 base_best=N base_cls_epoch=48 epoch_sec=2.8 elapsed_min=1.0 gpu_alloc_gb=0.272 gpu_reserved_gb=1.510
[repeat=8 fold=2] [epoch=12/50] ssl_loss=0.081318 lr=0.00013612 base_val_bce=0.609411 base_best=N base_cls_epoch=51 epoch_sec=2.2 task_elapsed_min=1.0 gpu_alloc_gb=0.272 gpu_reserved_gb=1.510
[ssl_epoch=12/50] ssl_loss=0.081318 lr=0.00013612 base_val_bce=0.609411 base_best=N base_cls_epoch=51 epoch_sec=2.3 elapsed_min=1.0 gpu_alloc_gb=0.272 gpu_reserved_gb=1.510
[repeat=8 fold=2] [epoch=13/50] ssl_loss=0.072490 lr=0.00013507 base_val_bce=0.607034 base_best=N base_cls_epoch=49 epoch_sec=3.5 task_elapsed_min=1.1 gpu_alloc_gb=0.272 gpu_reserved_gb=1.510
[ssl_epoch=13/50] ssl_loss=0.072490 lr=0.00013507 base_val_bce=0.607034 base_best=N base_cls_epoch=49 epoch_sec=3.7 elapsed_min=1.1 gpu_alloc_gb=0.272 gpu_reserved_gb=1.510
[repeat=8 fold=2] [epoch=14/50] ssl_loss=0.075504 lr=0.00013361 base_val_bce=0.609494 base_best=N base_cls_epoch=47 epoch_sec=4.0 task_elapsed_min=1.1 gpu_alloc_gb=0.272 gpu_reserved_gb=1.510
[ssl_epoch=14/50] ssl_loss=0.075504 lr=0.00013361 base_val_bce=0.609494 base_best=N base_cls_epoch=47 epoch_sec=4.1 elapsed_min=1.1 gpu_alloc_gb=0.272 gpu_reserved_gb=1.510
[repeat=8 fold=2] [epoch=15/50] ssl_loss=0.077469 lr=0.00013175 base_val_bce=0.607519 base_best=N base_cls_epoch=43 epoch_sec=3.9 task_elapsed_min=1.2 gpu_alloc_gb=0.272 gpu_reserved_gb=1.510
[ssl_epoch=15/50] ssl_loss=0.077469 lr=0.00013175 base_val_bce=0.607519 base_best=N base_cls_epoch=43 epoch_sec=4.0 elapsed_min=1.2 gpu_alloc_gb=0.272 gpu_reserved_gb=1.510
CHECKPOINT_BEST repeat=8 scope=internal_cv fold=2 phase=ssl epoch=16 path=/data/adodas/VarCoNet-V2-main/xiaolunwen/experiment2b/checkpoints/worker_r8_best.pt
[repeat=8 fold=2] [epoch=16/50] ssl_loss=0.056989 lr=0.00012950 base_val_bce=0.599169 base_best=Y base_cls_epoch=48 epoch_sec=6.8 task_elapsed_min=1.3 gpu_alloc_gb=0.272 gpu_reserved_gb=1.510
[ssl_epoch=16/50] ssl_loss=0.056989 lr=0.00012950 base_val_bce=0.599169 base_best=Y base_cls_epoch=48 epoch_sec=6.8 elapsed_min=1.3 gpu_alloc_gb=0.272 gpu_reserved_gb=1.510
[repeat=8 fold=2] [epoch=17/50] ssl_loss=0.064329 lr=0.00012687 base_val_bce=0.615797 base_best=N base_cls_epoch=48 epoch_sec=3.5 task_elapsed_min=1.4 gpu_alloc_gb=0.272 gpu_reserved_gb=1.510
[ssl_epoch=17/50] ssl_loss=0.064329 lr=0.00012687 base_val_bce=0.615797 base_best=N base_cls_epoch=48 epoch_sec=3.7 elapsed_min=1.4 gpu_alloc_gb=0.272 gpu_reserved_gb=1.510
[repeat=8 fold=2] [epoch=18/50] ssl_loss=0.067888 lr=0.00012388 base_val_bce=0.621644 base_best=N base_cls_epoch=54 epoch_sec=3.1 task_elapsed_min=1.4 gpu_alloc_gb=0.272 gpu_reserved_gb=1.510
[ssl_epoch=18/50] ssl_loss=0.067888 lr=0.00012388 base_val_bce=0.621644 base_best=N base_cls_epoch=54 epoch_sec=3.5 elapsed_min=1.4 gpu_alloc_gb=0.272 gpu_reserved_gb=1.510
[repeat=8 fold=2] [epoch=19/50] ssl_loss=0.047968 lr=0.00012055 base_val_bce=0.603000 base_best=N base_cls_epoch=48 epoch_sec=3.6 task_elapsed_min=1.5 gpu_alloc_gb=0.272 gpu_reserved_gb=1.510
[ssl_epoch=19/50] ssl_loss=0.047968 lr=0.00012055 base_val_bce=0.603000 base_best=N base_cls_epoch=48 epoch_sec=3.8 elapsed_min=1.5 gpu_alloc_gb=0.272 gpu_reserved_gb=1.510
CHECKPOINT_LATEST repeat=8 scope=internal_cv fold=2 phase=ssl epoch=20 path=/data/adodas/VarCoNet-V2-main/xiaolunwen/experiment2b/checkpoints/worker_r8_latest.pt
[repeat=8 fold=2] [epoch=20/50] ssl_loss=0.052877 lr=0.00011690 base_val_bce=0.600179 base_best=N base_cls_epoch=43 epoch_sec=10.9 task_elapsed_min=1.6 gpu_alloc_gb=0.272 gpu_reserved_gb=1.510
[ssl_epoch=20/50] ssl_loss=0.052877 lr=0.00011690 base_val_bce=0.600179 base_best=N base_cls_epoch=43 epoch_sec=10.9 elapsed_min=1.6 gpu_alloc_gb=0.272 gpu_reserved_gb=1.510
[repeat=8 fold=2] [epoch=21/50] ssl_loss=0.061213 lr=0.00011296 base_val_bce=0.604068 base_best=N base_cls_epoch=45 epoch_sec=4.2 task_elapsed_min=1.8 gpu_alloc_gb=0.272 gpu_reserved_gb=1.510
[ssl_epoch=21/50] ssl_loss=0.061213 lr=0.00011296 base_val_bce=0.604068 base_best=N base_cls_epoch=45 epoch_sec=4.2 elapsed_min=1.8 gpu_alloc_gb=0.272 gpu_reserved_gb=1.510
[repeat=8 fold=2] [epoch=22/50] ssl_loss=0.060045 lr=0.00010873 base_val_bce=0.608967 base_best=N base_cls_epoch=51 epoch_sec=4.6 task_elapsed_min=1.8 gpu_alloc_gb=0.272 gpu_reserved_gb=1.510
[ssl_epoch=22/50] ssl_loss=0.060045 lr=0.00010873 base_val_bce=0.608967 base_best=N base_cls_epoch=51 epoch_sec=4.6 elapsed_min=1.8 gpu_alloc_gb=0.272 gpu_reserved_gb=1.510
[repeat=8 fold=2] [epoch=23/50] ssl_loss=0.049725 lr=0.00010426 base_val_bce=0.604218 base_best=N base_cls_epoch=45 epoch_sec=3.3 task_elapsed_min=1.9 gpu_alloc_gb=0.272 gpu_reserved_gb=1.510
[ssl_epoch=23/50] ssl_loss=0.049725 lr=0.00010426 base_val_bce=0.604218 base_best=N base_cls_epoch=45 epoch_sec=3.7 elapsed_min=1.9 gpu_alloc_gb=0.272 gpu_reserved_gb=1.510
CHECKPOINT_BEST repeat=8 scope=internal_cv fold=2 phase=ssl epoch=24 path=/data/adodas/VarCoNet-V2-main/xiaolunwen/experiment2b/checkpoints/worker_r8_best.pt
[repeat=8 fold=2] [epoch=24/50] ssl_loss=0.058861 lr=0.00009957 base_val_bce=0.596250 base_best=Y base_cls_epoch=55 epoch_sec=5.3 task_elapsed_min=2.0 gpu_alloc_gb=0.272 gpu_reserved_gb=1.510
[ssl_epoch=24/50] ssl_loss=0.058861 lr=0.00009957 base_val_bce=0.596250 base_best=Y base_cls_epoch=55 epoch_sec=5.3 elapsed_min=2.0 gpu_alloc_gb=0.272 gpu_reserved_gb=1.510
[repeat=8 fold=2] [epoch=25/50] ssl_loss=0.054950 lr=0.00009469 base_val_bce=0.610869 base_best=N base_cls_epoch=47 epoch_sec=4.5 task_elapsed_min=2.1 gpu_alloc_gb=0.272 gpu_reserved_gb=1.510
[ssl_epoch=25/50] ssl_loss=0.054950 lr=0.00009469 base_val_bce=0.610869 base_best=N base_cls_epoch=47 epoch_sec=4.6 elapsed_min=2.1 gpu_alloc_gb=0.272 gpu_reserved_gb=1.510
[repeat=8 fold=2] [epoch=26/50] ssl_loss=0.051807 lr=0.00008964 base_val_bce=0.605784 base_best=N base_cls_epoch=49 epoch_sec=3.2 task_elapsed_min=2.1 gpu_alloc_gb=0.272 gpu_reserved_gb=1.510
[ssl_epoch=26/50] ssl_loss=0.051807 lr=0.00008964 base_val_bce=0.605784 base_best=N base_cls_epoch=49 epoch_sec=3.5 elapsed_min=2.1 gpu_alloc_gb=0.272 gpu_reserved_gb=1.510
CHECKPOINT_BEST repeat=8 scope=internal_cv fold=2 phase=ssl epoch=27 path=/data/adodas/VarCoNet-V2-main/xiaolunwen/experiment2b/checkpoints/worker_r8_best.pt
[repeat=8 fold=2] [epoch=27/50] ssl_loss=0.054422 lr=0.00008447 base_val_bce=0.594512 base_best=Y base_cls_epoch=50 epoch_sec=5.2 task_elapsed_min=2.2 gpu_alloc_gb=0.272 gpu_reserved_gb=1.510
[ssl_epoch=27/50] ssl_loss=0.054422 lr=0.00008447 base_val_bce=0.594512 base_best=Y base_cls_epoch=50 epoch_sec=5.2 elapsed_min=2.2 gpu_alloc_gb=0.272 gpu_reserved_gb=1.510
[repeat=8 fold=2] [epoch=28/50] ssl_loss=0.050203 lr=0.00007919 base_val_bce=0.610630 base_best=N base_cls_epoch=51 epoch_sec=4.0 task_elapsed_min=2.3 gpu_alloc_gb=0.272 gpu_reserved_gb=1.510
[ssl_epoch=28/50] ssl_loss=0.050203 lr=0.00007919 base_val_bce=0.610630 base_best=N base_cls_epoch=51 epoch_sec=4.4 elapsed_min=2.3 gpu_alloc_gb=0.272 gpu_reserved_gb=1.510
[repeat=8 fold=2] [epoch=29/50] ssl_loss=0.043461 lr=0.00007385 base_val_bce=0.603653 base_best=N base_cls_epoch=57 epoch_sec=3.5 task_elapsed_min=2.4 gpu_alloc_gb=0.272 gpu_reserved_gb=1.510
[ssl_epoch=29/50] ssl_loss=0.043461 lr=0.00007385 base_val_bce=0.603653 base_best=N base_cls_epoch=57 epoch_sec=5.5 elapsed_min=2.4 gpu_alloc_gb=0.272 gpu_reserved_gb=1.510
CHECKPOINT_LATEST repeat=8 scope=internal_cv fold=2 phase=ssl epoch=30 path=/data/adodas/VarCoNet-V2-main/xiaolunwen/experiment2b/checkpoints/worker_r8_latest.pt
[repeat=8 fold=2] [epoch=30/50] ssl_loss=0.052448 lr=0.00006848 base_val_bce=0.602431 base_best=N base_cls_epoch=49 epoch_sec=9.3 task_elapsed_min=2.5 gpu_alloc_gb=0.272 gpu_reserved_gb=1.510
[ssl_epoch=30/50] ssl_loss=0.052448 lr=0.00006848 base_val_bce=0.602431 base_best=N base_cls_epoch=49 epoch_sec=9.4 elapsed_min=2.5 gpu_alloc_gb=0.272 gpu_reserved_gb=1.510
[repeat=8 fold=2] [epoch=31/50] ssl_loss=0.049742 lr=0.00006311 base_val_bce=0.610829 base_best=N base_cls_epoch=52 epoch_sec=3.5 task_elapsed_min=2.6 gpu_alloc_gb=0.272 gpu_reserved_gb=1.510
[ssl_epoch=31/50] ssl_loss=0.049742 lr=0.00006311 base_val_bce=0.610829 base_best=N base_cls_epoch=52 epoch_sec=3.5 elapsed_min=2.6 gpu_alloc_gb=0.272 gpu_reserved_gb=1.510
[repeat=8 fold=2] [epoch=32/50] ssl_loss=0.042972 lr=0.00005777 base_val_bce=0.600743 base_best=N base_cls_epoch=47 epoch_sec=4.5 task_elapsed_min=2.7 gpu_alloc_gb=0.272 gpu_reserved_gb=1.510
[ssl_epoch=32/50] ssl_loss=0.042972 lr=0.00005777 base_val_bce=0.600743 base_best=N base_cls_epoch=47 epoch_sec=4.7 elapsed_min=2.7 gpu_alloc_gb=0.272 gpu_reserved_gb=1.510
[repeat=8 fold=2] [epoch=33/50] ssl_loss=0.057515 lr=0.00005249 base_val_bce=0.599838 base_best=N base_cls_epoch=46 epoch_sec=2.9 task_elapsed_min=2.7 gpu_alloc_gb=0.272 gpu_reserved_gb=1.510
[ssl_epoch=33/50] ssl_loss=0.057515 lr=0.00005249 base_val_bce=0.599838 base_best=N base_cls_epoch=46 epoch_sec=2.9 elapsed_min=2.7 gpu_alloc_gb=0.272 gpu_reserved_gb=1.510
[repeat=8 fold=2] [epoch=34/50] ssl_loss=0.047864 lr=0.00004732 base_val_bce=0.606014 base_best=N base_cls_epoch=47 epoch_sec=2.2 task_elapsed_min=2.8 gpu_alloc_gb=0.272 gpu_reserved_gb=1.510
[ssl_epoch=34/50] ssl_loss=0.047864 lr=0.00004732 base_val_bce=0.606014 base_best=N base_cls_epoch=47 epoch_sec=2.4 elapsed_min=2.8 gpu_alloc_gb=0.272 gpu_reserved_gb=1.510
[repeat=8 fold=2] [epoch=35/50] ssl_loss=0.049505 lr=0.00004227 base_val_bce=0.607674 base_best=N base_cls_epoch=51 epoch_sec=3.9 task_elapsed_min=2.8 gpu_alloc_gb=0.272 gpu_reserved_gb=1.510
[ssl_epoch=35/50] ssl_loss=0.049505 lr=0.00004227 base_val_bce=0.607674 base_best=N base_cls_epoch=51 epoch_sec=4.4 elapsed_min=2.8 gpu_alloc_gb=0.272 gpu_reserved_gb=1.510
[repeat=8 fold=2] [epoch=36/50] ssl_loss=0.046867 lr=0.00003739 base_val_bce=0.607577 base_best=N base_cls_epoch=52 epoch_sec=4.4 task_elapsed_min=2.9 gpu_alloc_gb=0.272 gpu_reserved_gb=1.510
[ssl_epoch=36/50] ssl_loss=0.046867 lr=0.00003739 base_val_bce=0.607577 base_best=N base_cls_epoch=52 epoch_sec=4.4 elapsed_min=2.9 gpu_alloc_gb=0.272 gpu_reserved_gb=1.510
[repeat=8 fold=2] [epoch=37/50] ssl_loss=0.043488 lr=0.00003270 base_val_bce=0.598765 base_best=N base_cls_epoch=49 epoch_sec=5.7 task_elapsed_min=3.0 gpu_alloc_gb=0.272 gpu_reserved_gb=1.510
[ssl_epoch=37/50] ssl_loss=0.043488 lr=0.00003270 base_val_bce=0.598765 base_best=N base_cls_epoch=49 epoch_sec=7.3 elapsed_min=3.0 gpu_alloc_gb=0.272 gpu_reserved_gb=1.510
[repeat=8 fold=2] [epoch=38/50] ssl_loss=0.043859 lr=0.00002823 base_val_bce=0.599112 base_best=N base_cls_epoch=46 epoch_sec=3.0 task_elapsed_min=3.1 gpu_alloc_gb=0.272 gpu_reserved_gb=1.510
[ssl_epoch=38/50] ssl_loss=0.043859 lr=0.00002823 base_val_bce=0.599112 base_best=N base_cls_epoch=46 epoch_sec=3.7 elapsed_min=3.1 gpu_alloc_gb=0.272 gpu_reserved_gb=1.510
[repeat=8 fold=2] [epoch=39/50] ssl_loss=0.044640 lr=0.00002401 base_val_bce=0.600032 base_best=N base_cls_epoch=47 epoch_sec=3.1 task_elapsed_min=3.2 gpu_alloc_gb=0.272 gpu_reserved_gb=1.510
[ssl_epoch=39/50] ssl_loss=0.044640 lr=0.00002401 base_val_bce=0.600032 base_best=N base_cls_epoch=47 epoch_sec=4.1 elapsed_min=3.2 gpu_alloc_gb=0.272 gpu_reserved_gb=1.510
CHECKPOINT_LATEST repeat=8 scope=internal_cv fold=2 phase=ssl epoch=40 path=/data/adodas/VarCoNet-V2-main/xiaolunwen/experiment2b/checkpoints/worker_r8_latest.pt
[repeat=8 fold=2] [epoch=40/50] ssl_loss=0.049413 lr=0.00002006 base_val_bce=0.605552 base_best=N base_cls_epoch=46 epoch_sec=10.4 task_elapsed_min=3.2 gpu_alloc_gb=0.272 gpu_reserved_gb=1.510
[ssl_epoch=40/50] ssl_loss=0.049413 lr=0.00002006 base_val_bce=0.605552 base_best=N base_cls_epoch=46 epoch_sec=10.6 elapsed_min=3.2 gpu_alloc_gb=0.272 gpu_reserved_gb=1.510
[repeat=8 fold=2] [epoch=41/50] ssl_loss=0.055503 lr=0.00001641 base_val_bce=0.602057 base_best=N base_cls_epoch=49 epoch_sec=3.2 task_elapsed_min=3.4 gpu_alloc_gb=0.272 gpu_reserved_gb=1.510
[ssl_epoch=41/50] ssl_loss=0.055503 lr=0.00001641 base_val_bce=0.602057 base_best=N base_cls_epoch=49 epoch_sec=3.3 elapsed_min=3.4 gpu_alloc_gb=0.272 gpu_reserved_gb=1.510
[repeat=8 fold=2] [epoch=42/50] ssl_loss=0.046602 lr=0.00001308 base_val_bce=0.601114 base_best=N base_cls_epoch=45 epoch_sec=2.2 task_elapsed_min=3.5 gpu_alloc_gb=0.272 gpu_reserved_gb=1.510
[ssl_epoch=42/50] ssl_loss=0.046602 lr=0.00001308 base_val_bce=0.601114 base_best=N base_cls_epoch=45 epoch_sec=3.3 elapsed_min=3.5 gpu_alloc_gb=0.272 gpu_reserved_gb=1.510
CHECKPOINT_BEST repeat=8 scope=internal_cv fold=2 phase=ssl epoch=43 path=/data/adodas/VarCoNet-V2-main/xiaolunwen/experiment2b/checkpoints/worker_r8_best.pt
[repeat=8 fold=2] [epoch=43/50] ssl_loss=0.044481 lr=0.00001009 base_val_bce=0.594307 base_best=Y base_cls_epoch=48 epoch_sec=6.7 task_elapsed_min=3.5 gpu_alloc_gb=0.272 gpu_reserved_gb=1.510
[ssl_epoch=43/50] ssl_loss=0.044481 lr=0.00001009 base_val_bce=0.594307 base_best=Y base_cls_epoch=48 epoch_sec=6.7 elapsed_min=3.5 gpu_alloc_gb=0.272 gpu_reserved_gb=1.510
[repeat=8 fold=2] [epoch=44/50] ssl_loss=0.043739 lr=0.00000746 base_val_bce=0.606052 base_best=N base_cls_epoch=46 epoch_sec=3.5 task_elapsed_min=3.7 gpu_alloc_gb=0.272 gpu_reserved_gb=1.510
[ssl_epoch=44/50] ssl_loss=0.043739 lr=0.00000746 base_val_bce=0.606052 base_best=N base_cls_epoch=46 epoch_sec=3.8 elapsed_min=3.7 gpu_alloc_gb=0.272 gpu_reserved_gb=1.510
[repeat=8 fold=2] [epoch=45/50] ssl_loss=0.043332 lr=0.00000521 base_val_bce=0.601131 base_best=N base_cls_epoch=45 epoch_sec=2.9 task_elapsed_min=3.7 gpu_alloc_gb=0.272 gpu_reserved_gb=1.510
[ssl_epoch=45/50] ssl_loss=0.043332 lr=0.00000521 base_val_bce=0.601131 base_best=N base_cls_epoch=45 epoch_sec=3.3 elapsed_min=3.7 gpu_alloc_gb=0.272 gpu_reserved_gb=1.510
[repeat=8 fold=2] [epoch=46/50] ssl_loss=0.047135 lr=0.00000335 base_val_bce=0.594658 base_best=N base_cls_epoch=48 epoch_sec=3.2 task_elapsed_min=3.8 gpu_alloc_gb=0.272 gpu_reserved_gb=1.510
[ssl_epoch=46/50] ssl_loss=0.047135 lr=0.00000335 base_val_bce=0.594658 base_best=N base_cls_epoch=48 epoch_sec=3.6 elapsed_min=3.8 gpu_alloc_gb=0.272 gpu_reserved_gb=1.510
[repeat=8 fold=2] [epoch=47/50] ssl_loss=0.049944 lr=0.00000189 base_val_bce=0.608268 base_best=N base_cls_epoch=49 epoch_sec=2.6 task_elapsed_min=3.8 gpu_alloc_gb=0.272 gpu_reserved_gb=1.510
[ssl_epoch=47/50] ssl_loss=0.049944 lr=0.00000189 base_val_bce=0.608268 base_best=N base_cls_epoch=49 epoch_sec=3.7 elapsed_min=3.8 gpu_alloc_gb=0.272 gpu_reserved_gb=1.510
CHECKPOINT_BEST repeat=8 scope=internal_cv fold=2 phase=ssl epoch=48 path=/data/adodas/VarCoNet-V2-main/xiaolunwen/experiment2b/checkpoints/worker_r8_best.pt
[repeat=8 fold=2] [epoch=48/50] ssl_loss=0.064280 lr=0.00000084 base_val_bce=0.592193 base_best=Y base_cls_epoch=46 epoch_sec=11.9 task_elapsed_min=3.9 gpu_alloc_gb=0.272 gpu_reserved_gb=1.510
[ssl_epoch=48/50] ssl_loss=0.064280 lr=0.00000084 base_val_bce=0.592193 base_best=Y base_cls_epoch=46 epoch_sec=11.9 elapsed_min=3.9 gpu_alloc_gb=0.272 gpu_reserved_gb=1.510
[repeat=8 fold=2] [epoch=49/50] ssl_loss=0.049542 lr=0.00000021 base_val_bce=0.609930 base_best=N base_cls_epoch=50 epoch_sec=2.3 task_elapsed_min=4.1 gpu_alloc_gb=0.272 gpu_reserved_gb=1.510
[ssl_epoch=49/50] ssl_loss=0.049542 lr=0.00000021 base_val_bce=0.609930 base_best=N base_cls_epoch=50 epoch_sec=4.0 elapsed_min=4.1 gpu_alloc_gb=0.272 gpu_reserved_gb=1.510
CHECKPOINT_LATEST repeat=8 scope=internal_cv fold=2 phase=ssl epoch=50 path=/data/adodas/VarCoNet-V2-main/xiaolunwen/experiment2b/checkpoints/worker_r8_latest.pt
[repeat=8 fold=2] [epoch=50/50] ssl_loss=0.051239 lr=0.00000000 base_val_bce=0.600233 base_best=N base_cls_epoch=44 epoch_sec=8.8 task_elapsed_min=4.2 gpu_alloc_gb=0.272 gpu_reserved_gb=1.510
[ssl_epoch=50/50] ssl_loss=0.051239 lr=0.00000000 base_val_bce=0.600233 base_best=N base_cls_epoch=44 epoch_sec=10.7 elapsed_min=4.2 gpu_alloc_gb=0.272 gpu_reserved_gb=1.510
RESIDUAL_EPOCH repeat=8 scope=internal_cv fold=2 epoch=0 val_bce=0.592193 best=Y dynamic_dim=73536
CHECKPOINT_BEST repeat=8 scope=internal_cv fold=2 phase=residual epoch=1 path=/data/adodas/VarCoNet-V2-main/xiaolunwen/experiment2b/checkpoints/worker_r8_best.pt
[residual_epoch=1/149] residual_loss=0.191589 val_bce=0.586919 best=Y best_epoch=1 epoch_sec=10.0 task_elapsed_min=4.3
CHECKPOINT_LATEST repeat=8 scope=internal_cv fold=2 phase=residual epoch=10 path=/data/adodas/VarCoNet-V2-main/xiaolunwen/experiment2b/checkpoints/worker_r8_latest.pt
[residual_epoch=10/149] residual_loss=0.115486 val_bce=0.614636 best=N best_epoch=1 epoch_sec=6.2 task_elapsed_min=4.5
CHECKPOINT_LATEST repeat=8 scope=internal_cv fold=2 phase=residual epoch=20 path=/data/adodas/VarCoNet-V2-main/xiaolunwen/experiment2b/checkpoints/worker_r8_latest.pt
[residual_epoch=20/149] residual_loss=0.069964 val_bce=0.623871 best=N best_epoch=1 epoch_sec=8.8 task_elapsed_min=4.6
CHECKPOINT_LATEST repeat=8 scope=internal_cv fold=2 phase=residual epoch=30 path=/data/adodas/VarCoNet-V2-main/xiaolunwen/experiment2b/checkpoints/worker_r8_latest.pt
[residual_epoch=30/149] residual_loss=0.045908 val_bce=0.638328 best=N best_epoch=1 epoch_sec=9.3 task_elapsed_min=4.7
CHECKPOINT_LATEST repeat=8 scope=internal_cv fold=2 phase=residual epoch=40 path=/data/adodas/VarCoNet-V2-main/xiaolunwen/experiment2b/checkpoints/worker_r8_latest.pt
[residual_epoch=40/149] residual_loss=0.032505 val_bce=0.655586 best=N best_epoch=1 epoch_sec=6.1 task_elapsed_min=4.9
CHECKPOINT_LATEST repeat=8 scope=internal_cv fold=2 phase=residual epoch=50 path=/data/adodas/VarCoNet-V2-main/xiaolunwen/experiment2b/checkpoints/worker_r8_latest.pt
[residual_epoch=50/149] residual_loss=0.024608 val_bce=0.671161 best=N best_epoch=1 epoch_sec=8.4 task_elapsed_min=5.0
CHECKPOINT_LATEST repeat=8 scope=internal_cv fold=2 phase=residual epoch=60 path=/data/adodas/VarCoNet-V2-main/xiaolunwen/experiment2b/checkpoints/worker_r8_latest.pt
[residual_epoch=60/149] residual_loss=0.019604 val_bce=0.684322 best=N best_epoch=1 epoch_sec=12.5 task_elapsed_min=5.1
CHECKPOINT_LATEST repeat=8 scope=internal_cv fold=2 phase=residual epoch=70 path=/data/adodas/VarCoNet-V2-main/xiaolunwen/experiment2b/checkpoints/worker_r8_latest.pt
[residual_epoch=70/149] residual_loss=0.016194 val_bce=0.695715 best=N best_epoch=1 epoch_sec=10.6 task_elapsed_min=5.3
CHECKPOINT_LATEST repeat=8 scope=internal_cv fold=2 phase=residual epoch=80 path=/data/adodas/VarCoNet-V2-main/xiaolunwen/experiment2b/checkpoints/worker_r8_latest.pt
[residual_epoch=80/149] residual_loss=0.013728 val_bce=0.705871 best=N best_epoch=1 epoch_sec=8.0 task_elapsed_min=5.5
CHECKPOINT_LATEST repeat=8 scope=internal_cv fold=2 phase=residual epoch=90 path=/data/adodas/VarCoNet-V2-main/xiaolunwen/experiment2b/checkpoints/worker_r8_latest.pt
[residual_epoch=90/149] residual_loss=0.011862 val_bce=0.715382 best=N best_epoch=1 epoch_sec=8.5 task_elapsed_min=5.7
CHECKPOINT_LATEST repeat=8 scope=internal_cv fold=2 phase=residual epoch=100 path=/data/adodas/VarCoNet-V2-main/xiaolunwen/experiment2b/checkpoints/worker_r8_latest.pt
[residual_epoch=100/149] residual_loss=0.010400 val_bce=0.724337 best=N best_epoch=1 epoch_sec=6.6 task_elapsed_min=5.8
CHECKPOINT_LATEST repeat=8 scope=internal_cv fold=2 phase=residual epoch=110 path=/data/adodas/VarCoNet-V2-main/xiaolunwen/experiment2b/checkpoints/worker_r8_latest.pt
[residual_epoch=110/149] residual_loss=0.009222 val_bce=0.732615 best=N best_epoch=1 epoch_sec=5.9 task_elapsed_min=5.9
CHECKPOINT_LATEST repeat=8 scope=internal_cv fold=2 phase=residual epoch=120 path=/data/adodas/VarCoNet-V2-main/xiaolunwen/experiment2b/checkpoints/worker_r8_latest.pt
[residual_epoch=120/149] residual_loss=0.008255 val_bce=0.740439 best=N best_epoch=1 epoch_sec=14.4 task_elapsed_min=6.0
CHECKPOINT_LATEST repeat=8 scope=internal_cv fold=2 phase=residual epoch=130 path=/data/adodas/VarCoNet-V2-main/xiaolunwen/experiment2b/checkpoints/worker_r8_latest.pt
[residual_epoch=130/149] residual_loss=0.007447 val_bce=0.747924 best=N best_epoch=1 epoch_sec=6.6 task_elapsed_min=6.3
CHECKPOINT_LATEST repeat=8 scope=internal_cv fold=2 phase=residual epoch=140 path=/data/adodas/VarCoNet-V2-main/xiaolunwen/experiment2b/checkpoints/worker_r8_latest.pt
[residual_epoch=140/149] residual_loss=0.006764 val_bce=0.755033 best=N best_epoch=1 epoch_sec=5.4 task_elapsed_min=6.4
RESIDUAL_DONE repeat=8 scope=internal_cv fold=2 selected_encoder_epoch=48 selected_classifier_epoch=46 selected_residual_epoch=1 val_bce=0.586919
TASK_TRAINING_DONE repeat=8 scope=internal_cv fold=2 base_epoch=48 dyn_epoch=48 base_val_bce=0.592193 dyn_val_bce=0.586919
TASK_DONE repeat=8 scope=internal_fold fold=2 method=baseline selected_encoder_epoch=48 test_auc=0.741201 test_bce=0.605733 elapsed_min=6.5
TASK_DONE repeat=8 scope=internal_fold fold=2 method=pretransformer_edge_residual selected_encoder_epoch=48 test_auc=0.680642 test_bce=0.640345 elapsed_min=6.5
TASK_START repeat=8 scope=internal_cv fold=3 seed=100803 device=cuda:0 shared_encoder=Y
CHECKPOINT_BEST repeat=8 scope=internal_cv fold=3 phase=ssl epoch=1 path=/data/adodas/VarCoNet-V2-main/xiaolunwen/experiment2b/checkpoints/worker_r8_best.pt
[repeat=8 fold=3] [epoch=1/50] ssl_loss=0.120609 lr=0.00002411 base_val_bce=0.601382 base_best=Y base_cls_epoch=64 epoch_sec=9.5 task_elapsed_min=0.1 gpu_alloc_gb=0.272 gpu_reserved_gb=1.510
[ssl_epoch=1/50] ssl_loss=0.120609 lr=0.00002411 base_val_bce=0.601382 base_best=Y base_cls_epoch=64 epoch_sec=9.5 elapsed_min=0.1 gpu_alloc_gb=0.272 gpu_reserved_gb=1.510
[repeat=8 fold=3] [epoch=2/50] ssl_loss=0.119139 lr=0.00003821 base_val_bce=0.604344 base_best=N base_cls_epoch=53 epoch_sec=2.4 task_elapsed_min=0.2 gpu_alloc_gb=0.272 gpu_reserved_gb=1.510
[ssl_epoch=2/50] ssl_loss=0.119139 lr=0.00003821 base_val_bce=0.604344 base_best=N base_cls_epoch=53 epoch_sec=3.3 elapsed_min=0.2 gpu_alloc_gb=0.272 gpu_reserved_gb=1.510
CHECKPOINT_BEST repeat=8 scope=internal_cv fold=3 phase=ssl epoch=3 path=/data/adodas/VarCoNet-V2-main/xiaolunwen/experiment2b/checkpoints/worker_r8_best.pt
[repeat=8 fold=3] [epoch=3/50] ssl_loss=0.112079 lr=0.00005232 base_val_bce=0.597885 base_best=Y base_cls_epoch=49 epoch_sec=10.9 task_elapsed_min=0.3 gpu_alloc_gb=0.272 gpu_reserved_gb=1.510
[ssl_epoch=3/50] ssl_loss=0.112079 lr=0.00005232 base_val_bce=0.597885 base_best=Y base_cls_epoch=49 epoch_sec=11.0 elapsed_min=0.3 gpu_alloc_gb=0.272 gpu_reserved_gb=1.510
CHECKPOINT_BEST repeat=8 scope=internal_cv fold=3 phase=ssl epoch=4 path=/data/adodas/VarCoNet-V2-main/xiaolunwen/experiment2b/checkpoints/worker_r8_best.pt
[repeat=8 fold=3] [epoch=4/50] ssl_loss=0.096483 lr=0.00006643 base_val_bce=0.590371 base_best=Y base_cls_epoch=54 epoch_sec=8.9 task_elapsed_min=0.5 gpu_alloc_gb=0.272 gpu_reserved_gb=1.510
[ssl_epoch=4/50] ssl_loss=0.096483 lr=0.00006643 base_val_bce=0.590371 base_best=Y base_cls_epoch=54 epoch_sec=8.9 elapsed_min=0.5 gpu_alloc_gb=0.272 gpu_reserved_gb=1.510
[repeat=8 fold=3] [epoch=5/50] ssl_loss=0.097189 lr=0.00008053 base_val_bce=0.608375 base_best=N base_cls_epoch=44 epoch_sec=2.2 task_elapsed_min=0.6 gpu_alloc_gb=0.272 gpu_reserved_gb=1.510
[ssl_epoch=5/50] ssl_loss=0.097189 lr=0.00008053 base_val_bce=0.608375 base_best=N base_cls_epoch=44 epoch_sec=5.1 elapsed_min=0.6 gpu_alloc_gb=0.272 gpu_reserved_gb=1.510
CHECKPOINT_BEST repeat=8 scope=internal_cv fold=3 phase=ssl epoch=6 path=/data/adodas/VarCoNet-V2-main/xiaolunwen/experiment2b/checkpoints/worker_r8_best.pt
[repeat=8 fold=3] [epoch=6/50] ssl_loss=0.084168 lr=0.00009464 base_val_bce=0.588254 base_best=Y base_cls_epoch=47 epoch_sec=10.8 task_elapsed_min=0.7 gpu_alloc_gb=0.272 gpu_reserved_gb=1.510
[ssl_epoch=6/50] ssl_loss=0.084168 lr=0.00009464 base_val_bce=0.588254 base_best=Y base_cls_epoch=47 epoch_sec=10.8 elapsed_min=0.7 gpu_alloc_gb=0.272 gpu_reserved_gb=1.510
[repeat=8 fold=3] [epoch=7/50] ssl_loss=0.092900 lr=0.00010875 base_val_bce=0.596708 base_best=N base_cls_epoch=52 epoch_sec=4.2 task_elapsed_min=0.9 gpu_alloc_gb=0.272 gpu_reserved_gb=1.510
[ssl_epoch=7/50] ssl_loss=0.092900 lr=0.00010875 base_val_bce=0.596708 base_best=N base_cls_epoch=52 epoch_sec=4.7 elapsed_min=0.9 gpu_alloc_gb=0.272 gpu_reserved_gb=1.510
[repeat=8 fold=3] [epoch=8/50] ssl_loss=0.065685 lr=0.00012285 base_val_bce=0.591873 base_best=N base_cls_epoch=56 epoch_sec=3.7 task_elapsed_min=1.0 gpu_alloc_gb=0.272 gpu_reserved_gb=1.510
[ssl_epoch=8/50] ssl_loss=0.065685 lr=0.00012285 base_val_bce=0.591873 base_best=N base_cls_epoch=56 epoch_sec=3.7 elapsed_min=1.0 gpu_alloc_gb=0.272 gpu_reserved_gb=1.510
[repeat=8 fold=3] [epoch=9/50] ssl_loss=0.075601 lr=0.00013696 base_val_bce=0.600073 base_best=N base_cls_epoch=51 epoch_sec=2.1 task_elapsed_min=1.0 gpu_alloc_gb=0.272 gpu_reserved_gb=1.510
[ssl_epoch=9/50] ssl_loss=0.075601 lr=0.00013696 base_val_bce=0.600073 base_best=N base_cls_epoch=51 epoch_sec=2.2 elapsed_min=1.0 gpu_alloc_gb=0.272 gpu_reserved_gb=1.510
CHECKPOINT_LATEST repeat=8 scope=internal_cv fold=3 phase=ssl epoch=10 path=/data/adodas/VarCoNet-V2-main/xiaolunwen/experiment2b/checkpoints/worker_r8_latest.pt
[repeat=8 fold=3] [epoch=10/50] ssl_loss=0.073002 lr=0.00013696 base_val_bce=0.594010 base_best=N base_cls_epoch=50 epoch_sec=6.3 task_elapsed_min=1.1 gpu_alloc_gb=0.272 gpu_reserved_gb=1.510
[ssl_epoch=10/50] ssl_loss=0.073002 lr=0.00013696 base_val_bce=0.594010 base_best=N base_cls_epoch=50 epoch_sec=7.0 elapsed_min=1.1 gpu_alloc_gb=0.272 gpu_reserved_gb=1.510
[repeat=8 fold=3] [epoch=11/50] ssl_loss=0.060052 lr=0.00013675 base_val_bce=0.595154 base_best=N base_cls_epoch=54 epoch_sec=2.8 task_elapsed_min=1.2 gpu_alloc_gb=0.272 gpu_reserved_gb=1.510
[ssl_epoch=11/50] ssl_loss=0.060052 lr=0.00013675 base_val_bce=0.595154 base_best=N base_cls_epoch=54 epoch_sec=3.0 elapsed_min=1.2 gpu_alloc_gb=0.272 gpu_reserved_gb=1.510
[repeat=8 fold=3] [epoch=12/50] ssl_loss=0.072318 lr=0.00013612 base_val_bce=0.600313 base_best=N base_cls_epoch=46 epoch_sec=3.2 task_elapsed_min=1.2 gpu_alloc_gb=0.272 gpu_reserved_gb=1.510
[ssl_epoch=12/50] ssl_loss=0.072318 lr=0.00013612 base_val_bce=0.600313 base_best=N base_cls_epoch=46 epoch_sec=3.8 elapsed_min=1.2 gpu_alloc_gb=0.272 gpu_reserved_gb=1.510
[repeat=8 fold=3] [epoch=13/50] ssl_loss=0.051686 lr=0.00013507 base_val_bce=0.592893 base_best=N base_cls_epoch=51 epoch_sec=3.2 task_elapsed_min=1.3 gpu_alloc_gb=0.272 gpu_reserved_gb=1.510
[ssl_epoch=13/50] ssl_loss=0.051686 lr=0.00013507 base_val_bce=0.592893 base_best=N base_cls_epoch=51 epoch_sec=3.9 elapsed_min=1.3 gpu_alloc_gb=0.272 gpu_reserved_gb=1.510
[repeat=8 fold=3] [epoch=14/50] ssl_loss=0.059073 lr=0.00013361 base_val_bce=0.598466 base_best=N base_cls_epoch=59 epoch_sec=3.5 task_elapsed_min=1.4 gpu_alloc_gb=0.272 gpu_reserved_gb=1.510
[ssl_epoch=14/50] ssl_loss=0.059073 lr=0.00013361 base_val_bce=0.598466 base_best=N base_cls_epoch=59 epoch_sec=3.6 elapsed_min=1.4 gpu_alloc_gb=0.272 gpu_reserved_gb=1.510
[repeat=8 fold=3] [epoch=15/50] ssl_loss=0.050614 lr=0.00013175 base_val_bce=0.591353 base_best=N base_cls_epoch=51 epoch_sec=3.1 task_elapsed_min=1.4 gpu_alloc_gb=0.272 gpu_reserved_gb=1.510
[ssl_epoch=15/50] ssl_loss=0.050614 lr=0.00013175 base_val_bce=0.591353 base_best=N base_cls_epoch=51 epoch_sec=3.8 elapsed_min=1.4 gpu_alloc_gb=0.272 gpu_reserved_gb=1.510
[repeat=8 fold=3] [epoch=16/50] ssl_loss=0.050926 lr=0.00012950 base_val_bce=0.598185 base_best=N base_cls_epoch=55 epoch_sec=3.0 task_elapsed_min=1.5 gpu_alloc_gb=0.272 gpu_reserved_gb=1.510
[ssl_epoch=16/50] ssl_loss=0.050926 lr=0.00012950 base_val_bce=0.598185 base_best=N base_cls_epoch=55 epoch_sec=3.1 elapsed_min=1.5 gpu_alloc_gb=0.272 gpu_reserved_gb=1.510
[repeat=8 fold=3] [epoch=17/50] ssl_loss=0.057095 lr=0.00012687 base_val_bce=0.593370 base_best=N base_cls_epoch=50 epoch_sec=2.7 task_elapsed_min=1.6 gpu_alloc_gb=0.272 gpu_reserved_gb=1.510
[ssl_epoch=17/50] ssl_loss=0.057095 lr=0.00012687 base_val_bce=0.593370 base_best=N base_cls_epoch=50 epoch_sec=2.9 elapsed_min=1.6 gpu_alloc_gb=0.272 gpu_reserved_gb=1.510
[repeat=8 fold=3] [epoch=18/50] ssl_loss=0.049290 lr=0.00012388 base_val_bce=0.596325 base_best=N base_cls_epoch=55 epoch_sec=3.1 task_elapsed_min=1.6 gpu_alloc_gb=0.272 gpu_reserved_gb=1.510
[ssl_epoch=18/50] ssl_loss=0.049290 lr=0.00012388 base_val_bce=0.596325 base_best=N base_cls_epoch=55 epoch_sec=3.1 elapsed_min=1.6 gpu_alloc_gb=0.272 gpu_reserved_gb=1.510
CHECKPOINT_BEST repeat=8 scope=internal_cv fold=3 phase=ssl epoch=19 path=/data/adodas/VarCoNet-V2-main/xiaolunwen/experiment2b/checkpoints/worker_r8_best.pt
[repeat=8 fold=3] [epoch=19/50] ssl_loss=0.053390 lr=0.00012055 base_val_bce=0.587064 base_best=Y base_cls_epoch=52 epoch_sec=10.6 task_elapsed_min=1.7 gpu_alloc_gb=0.272 gpu_reserved_gb=1.510
[ssl_epoch=19/50] ssl_loss=0.053390 lr=0.00012055 base_val_bce=0.587064 base_best=Y base_cls_epoch=52 epoch_sec=10.7 elapsed_min=1.7 gpu_alloc_gb=0.272 gpu_reserved_gb=1.510
CHECKPOINT_LATEST repeat=8 scope=internal_cv fold=3 phase=ssl epoch=20 path=/data/adodas/VarCoNet-V2-main/xiaolunwen/experiment2b/checkpoints/worker_r8_latest.pt
[repeat=8 fold=3] [epoch=20/50] ssl_loss=0.050981 lr=0.00011690 base_val_bce=0.594015 base_best=N base_cls_epoch=54 epoch_sec=10.8 task_elapsed_min=1.9 gpu_alloc_gb=0.272 gpu_reserved_gb=1.510
[ssl_epoch=20/50] ssl_loss=0.050981 lr=0.00011690 base_val_bce=0.594015 base_best=N base_cls_epoch=54 epoch_sec=11.2 elapsed_min=1.9 gpu_alloc_gb=0.272 gpu_reserved_gb=1.510
[repeat=8 fold=3] [epoch=21/50] ssl_loss=0.047686 lr=0.00011296 base_val_bce=0.595453 base_best=N base_cls_epoch=58 epoch_sec=3.4 task_elapsed_min=2.0 gpu_alloc_gb=0.272 gpu_reserved_gb=1.510
[ssl_epoch=21/50] ssl_loss=0.047686 lr=0.00011296 base_val_bce=0.595453 base_best=N base_cls_epoch=58 epoch_sec=3.7 elapsed_min=2.0 gpu_alloc_gb=0.272 gpu_reserved_gb=1.510
[repeat=8 fold=3] [epoch=22/50] ssl_loss=0.050517 lr=0.00010873 base_val_bce=0.590156 base_best=N base_cls_epoch=55 epoch_sec=3.1 task_elapsed_min=2.1 gpu_alloc_gb=0.272 gpu_reserved_gb=1.510
[ssl_epoch=22/50] ssl_loss=0.050517 lr=0.00010873 base_val_bce=0.590156 base_best=N base_cls_epoch=55 epoch_sec=3.2 elapsed_min=2.1 gpu_alloc_gb=0.272 gpu_reserved_gb=1.510
CHECKPOINT_BEST repeat=8 scope=internal_cv fold=3 phase=ssl epoch=23 path=/data/adodas/VarCoNet-V2-main/xiaolunwen/experiment2b/checkpoints/worker_r8_best.pt
[repeat=8 fold=3] [epoch=23/50] ssl_loss=0.037049 lr=0.00010426 base_val_bce=0.583938 base_best=Y base_cls_epoch=51 epoch_sec=5.8 task_elapsed_min=2.2 gpu_alloc_gb=0.272 gpu_reserved_gb=1.510
[ssl_epoch=23/50] ssl_loss=0.037049 lr=0.00010426 base_val_bce=0.583938 base_best=Y base_cls_epoch=51 epoch_sec=6.0 elapsed_min=2.2 gpu_alloc_gb=0.272 gpu_reserved_gb=1.510
[repeat=8 fold=3] [epoch=24/50] ssl_loss=0.046166 lr=0.00009957 base_val_bce=0.588609 base_best=N base_cls_epoch=53 epoch_sec=3.1 task_elapsed_min=2.3 gpu_alloc_gb=0.272 gpu_reserved_gb=1.510
[ssl_epoch=24/50] ssl_loss=0.046166 lr=0.00009957 base_val_bce=0.588609 base_best=N base_cls_epoch=53 epoch_sec=3.6 elapsed_min=2.3 gpu_alloc_gb=0.272 gpu_reserved_gb=1.510
CHECKPOINT_BEST repeat=8 scope=internal_cv fold=3 phase=ssl epoch=25 path=/data/adodas/VarCoNet-V2-main/xiaolunwen/experiment2b/checkpoints/worker_r8_best.pt
[repeat=8 fold=3] [epoch=25/50] ssl_loss=0.061423 lr=0.00009469 base_val_bce=0.582682 base_best=Y base_cls_epoch=53 epoch_sec=9.2 task_elapsed_min=2.3 gpu_alloc_gb=0.272 gpu_reserved_gb=1.510
[ssl_epoch=25/50] ssl_loss=0.061423 lr=0.00009469 base_val_bce=0.582682 base_best=Y base_cls_epoch=53 epoch_sec=9.2 elapsed_min=2.3 gpu_alloc_gb=0.272 gpu_reserved_gb=1.510
[repeat=8 fold=3] [epoch=26/50] ssl_loss=0.042754 lr=0.00008964 base_val_bce=0.594817 base_best=N base_cls_epoch=51 epoch_sec=3.5 task_elapsed_min=2.5 gpu_alloc_gb=0.272 gpu_reserved_gb=1.510
[ssl_epoch=26/50] ssl_loss=0.042754 lr=0.00008964 base_val_bce=0.594817 base_best=N base_cls_epoch=51 epoch_sec=3.5 elapsed_min=2.5 gpu_alloc_gb=0.272 gpu_reserved_gb=1.510
[repeat=8 fold=3] [epoch=27/50] ssl_loss=0.044334 lr=0.00008447 base_val_bce=0.593307 base_best=N base_cls_epoch=57 epoch_sec=3.3 task_elapsed_min=2.6 gpu_alloc_gb=0.272 gpu_reserved_gb=1.510
[ssl_epoch=27/50] ssl_loss=0.044334 lr=0.00008447 base_val_bce=0.593307 base_best=N base_cls_epoch=57 epoch_sec=3.6 elapsed_min=2.6 gpu_alloc_gb=0.272 gpu_reserved_gb=1.510
[repeat=8 fold=3] [epoch=28/50] ssl_loss=0.034796 lr=0.00007919 base_val_bce=0.588398 base_best=N base_cls_epoch=58 epoch_sec=3.5 task_elapsed_min=2.6 gpu_alloc_gb=0.272 gpu_reserved_gb=1.510
[ssl_epoch=28/50] ssl_loss=0.034796 lr=0.00007919 base_val_bce=0.588398 base_best=N base_cls_epoch=58 epoch_sec=3.6 elapsed_min=2.6 gpu_alloc_gb=0.272 gpu_reserved_gb=1.510
[repeat=8 fold=3] [epoch=29/50] ssl_loss=0.045394 lr=0.00007385 base_val_bce=0.597969 base_best=N base_cls_epoch=59 epoch_sec=3.2 task_elapsed_min=2.7 gpu_alloc_gb=0.272 gpu_reserved_gb=1.510
[ssl_epoch=29/50] ssl_loss=0.045394 lr=0.00007385 base_val_bce=0.597969 base_best=N base_cls_epoch=59 epoch_sec=3.8 elapsed_min=2.7 gpu_alloc_gb=0.272 gpu_reserved_gb=1.510
CHECKPOINT_LATEST repeat=8 scope=internal_cv fold=3 phase=ssl epoch=30 path=/data/adodas/VarCoNet-V2-main/xiaolunwen/experiment2b/checkpoints/worker_r8_latest.pt
[repeat=8 fold=3] [epoch=30/50] ssl_loss=0.044381 lr=0.00006848 base_val_bce=0.590955 base_best=N base_cls_epoch=58 epoch_sec=6.1 task_elapsed_min=2.7 gpu_alloc_gb=0.272 gpu_reserved_gb=1.510
[ssl_epoch=30/50] ssl_loss=0.044381 lr=0.00006848 base_val_bce=0.590955 base_best=N base_cls_epoch=58 epoch_sec=6.1 elapsed_min=2.7 gpu_alloc_gb=0.272 gpu_reserved_gb=1.510
[repeat=8 fold=3] [epoch=31/50] ssl_loss=0.042310 lr=0.00006311 base_val_bce=0.590441 base_best=N base_cls_epoch=58 epoch_sec=3.0 task_elapsed_min=2.8 gpu_alloc_gb=0.272 gpu_reserved_gb=1.510
[ssl_epoch=31/50] ssl_loss=0.042310 lr=0.00006311 base_val_bce=0.590441 base_best=N base_cls_epoch=58 epoch_sec=3.4 elapsed_min=2.8 gpu_alloc_gb=0.272 gpu_reserved_gb=1.510
[repeat=8 fold=3] [epoch=32/50] ssl_loss=0.035057 lr=0.00005777 base_val_bce=0.591255 base_best=N base_cls_epoch=60 epoch_sec=2.5 task_elapsed_min=2.9 gpu_alloc_gb=0.272 gpu_reserved_gb=1.510
[ssl_epoch=32/50] ssl_loss=0.035057 lr=0.00005777 base_val_bce=0.591255 base_best=N base_cls_epoch=60 epoch_sec=2.7 elapsed_min=2.9 gpu_alloc_gb=0.272 gpu_reserved_gb=1.510
[repeat=8 fold=3] [epoch=33/50] ssl_loss=0.041316 lr=0.00005249 base_val_bce=0.586236 base_best=N base_cls_epoch=55 epoch_sec=2.4 task_elapsed_min=2.9 gpu_alloc_gb=0.272 gpu_reserved_gb=1.510
[ssl_epoch=33/50] ssl_loss=0.041316 lr=0.00005249 base_val_bce=0.586236 base_best=N base_cls_epoch=55 epoch_sec=2.6 elapsed_min=2.9 gpu_alloc_gb=0.272 gpu_reserved_gb=1.510
CHECKPOINT_BEST repeat=8 scope=internal_cv fold=3 phase=ssl epoch=34 path=/data/adodas/VarCoNet-V2-main/xiaolunwen/experiment2b/checkpoints/worker_r8_best.pt
[repeat=8 fold=3] [epoch=34/50] ssl_loss=0.036246 lr=0.00004732 base_val_bce=0.578565 base_best=Y base_cls_epoch=58 epoch_sec=7.6 task_elapsed_min=3.0 gpu_alloc_gb=0.272 gpu_reserved_gb=1.510
[ssl_epoch=34/50] ssl_loss=0.036246 lr=0.00004732 base_val_bce=0.578565 base_best=Y base_cls_epoch=58 epoch_sec=7.6 elapsed_min=3.0 gpu_alloc_gb=0.272 gpu_reserved_gb=1.510
[repeat=8 fold=3] [epoch=35/50] ssl_loss=0.041682 lr=0.00004227 base_val_bce=0.582658 base_best=N base_cls_epoch=55 epoch_sec=3.2 task_elapsed_min=3.1 gpu_alloc_gb=0.272 gpu_reserved_gb=1.510
[ssl_epoch=35/50] ssl_loss=0.041682 lr=0.00004227 base_val_bce=0.582658 base_best=N base_cls_epoch=55 epoch_sec=3.8 elapsed_min=3.1 gpu_alloc_gb=0.272 gpu_reserved_gb=1.510
[repeat=8 fold=3] [epoch=36/50] ssl_loss=0.055632 lr=0.00003739 base_val_bce=0.582805 base_best=N base_cls_epoch=63 epoch_sec=2.8 task_elapsed_min=3.2 gpu_alloc_gb=0.272 gpu_reserved_gb=1.510
[ssl_epoch=36/50] ssl_loss=0.055632 lr=0.00003739 base_val_bce=0.582805 base_best=N base_cls_epoch=63 epoch_sec=3.3 elapsed_min=3.2 gpu_alloc_gb=0.272 gpu_reserved_gb=1.510
[repeat=8 fold=3] [epoch=37/50] ssl_loss=0.038395 lr=0.00003270 base_val_bce=0.594289 base_best=N base_cls_epoch=68 epoch_sec=3.2 task_elapsed_min=3.3 gpu_alloc_gb=0.272 gpu_reserved_gb=1.510
[ssl_epoch=37/50] ssl_loss=0.038395 lr=0.00003270 base_val_bce=0.594289 base_best=N base_cls_epoch=68 epoch_sec=3.6 elapsed_min=3.3 gpu_alloc_gb=0.272 gpu_reserved_gb=1.510
[repeat=8 fold=3] [epoch=38/50] ssl_loss=0.043977 lr=0.00002823 base_val_bce=0.586895 base_best=N base_cls_epoch=55 epoch_sec=2.3 task_elapsed_min=3.3 gpu_alloc_gb=0.272 gpu_reserved_gb=1.510
[ssl_epoch=38/50] ssl_loss=0.043977 lr=0.00002823 base_val_bce=0.586895 base_best=N base_cls_epoch=55 epoch_sec=2.5 elapsed_min=3.3 gpu_alloc_gb=0.272 gpu_reserved_gb=1.510
[repeat=8 fold=3] [epoch=39/50] ssl_loss=0.036302 lr=0.00002401 base_val_bce=0.583952 base_best=N base_cls_epoch=58 epoch_sec=3.4 task_elapsed_min=3.4 gpu_alloc_gb=0.272 gpu_reserved_gb=1.510
[ssl_epoch=39/50] ssl_loss=0.036302 lr=0.00002401 base_val_bce=0.583952 base_best=N base_cls_epoch=58 epoch_sec=3.7 elapsed_min=3.4 gpu_alloc_gb=0.272 gpu_reserved_gb=1.510
CHECKPOINT_BEST repeat=8 scope=internal_cv fold=3 phase=ssl epoch=40 path=/data/adodas/VarCoNet-V2-main/xiaolunwen/experiment2b/checkpoints/worker_r8_best.pt
CHECKPOINT_LATEST repeat=8 scope=internal_cv fold=3 phase=ssl epoch=40 path=/data/adodas/VarCoNet-V2-main/xiaolunwen/experiment2b/checkpoints/worker_r8_latest.pt
[repeat=8 fold=3] [epoch=40/50] ssl_loss=0.038498 lr=0.00002006 base_val_bce=0.576288 base_best=Y base_cls_epoch=59 epoch_sec=15.9 task_elapsed_min=3.4 gpu_alloc_gb=0.272 gpu_reserved_gb=1.510
[ssl_epoch=40/50] ssl_loss=0.038498 lr=0.00002006 base_val_bce=0.576288 base_best=Y base_cls_epoch=59 epoch_sec=15.9 elapsed_min=3.4 gpu_alloc_gb=0.272 gpu_reserved_gb=1.510
[repeat=8 fold=3] [epoch=41/50] ssl_loss=0.040624 lr=0.00001641 base_val_bce=0.580186 base_best=N base_cls_epoch=62 epoch_sec=2.3 task_elapsed_min=3.7 gpu_alloc_gb=0.272 gpu_reserved_gb=1.510
[ssl_epoch=41/50] ssl_loss=0.040624 lr=0.00001641 base_val_bce=0.580186 base_best=N base_cls_epoch=62 epoch_sec=2.4 elapsed_min=3.7 gpu_alloc_gb=0.272 gpu_reserved_gb=1.510
CHECKPOINT_BEST repeat=8 scope=internal_cv fold=3 phase=ssl epoch=42 path=/data/adodas/VarCoNet-V2-main/xiaolunwen/experiment2b/checkpoints/worker_r8_best.pt
[repeat=8 fold=3] [epoch=42/50] ssl_loss=0.038628 lr=0.00001308 base_val_bce=0.575375 base_best=Y base_cls_epoch=60 epoch_sec=8.3 task_elapsed_min=3.7 gpu_alloc_gb=0.272 gpu_reserved_gb=1.510
[ssl_epoch=42/50] ssl_loss=0.038628 lr=0.00001308 base_val_bce=0.575375 base_best=Y base_cls_epoch=60 epoch_sec=8.3 elapsed_min=3.7 gpu_alloc_gb=0.272 gpu_reserved_gb=1.510
CHECKPOINT_BEST repeat=8 scope=internal_cv fold=3 phase=ssl epoch=43 path=/data/adodas/VarCoNet-V2-main/xiaolunwen/experiment2b/checkpoints/worker_r8_best.pt
[repeat=8 fold=3] [epoch=43/50] ssl_loss=0.041438 lr=0.00001009 base_val_bce=0.566935 base_best=Y base_cls_epoch=60 epoch_sec=9.1 task_elapsed_min=3.9 gpu_alloc_gb=0.272 gpu_reserved_gb=1.510
[ssl_epoch=43/50] ssl_loss=0.041438 lr=0.00001009 base_val_bce=0.566935 base_best=Y base_cls_epoch=60 epoch_sec=9.1 elapsed_min=3.9 gpu_alloc_gb=0.272 gpu_reserved_gb=1.510
[repeat=8 fold=3] [epoch=44/50] ssl_loss=0.048208 lr=0.00000746 base_val_bce=0.584199 base_best=N base_cls_epoch=58 epoch_sec=3.3 task_elapsed_min=4.0 gpu_alloc_gb=0.272 gpu_reserved_gb=1.510
[ssl_epoch=44/50] ssl_loss=0.048208 lr=0.00000746 base_val_bce=0.584199 base_best=N base_cls_epoch=58 epoch_sec=3.8 elapsed_min=4.0 gpu_alloc_gb=0.272 gpu_reserved_gb=1.510
[repeat=8 fold=3] [epoch=45/50] ssl_loss=0.041000 lr=0.00000521 base_val_bce=0.580815 base_best=N base_cls_epoch=60 epoch_sec=2.4 task_elapsed_min=4.1 gpu_alloc_gb=0.272 gpu_reserved_gb=1.510
[ssl_epoch=45/50] ssl_loss=0.041000 lr=0.00000521 base_val_bce=0.580815 base_best=N base_cls_epoch=60 epoch_sec=2.9 elapsed_min=4.1 gpu_alloc_gb=0.272 gpu_reserved_gb=1.510
[repeat=8 fold=3] [epoch=46/50] ssl_loss=0.052676 lr=0.00000335 base_val_bce=0.588105 base_best=N base_cls_epoch=58 epoch_sec=2.2 task_elapsed_min=4.1 gpu_alloc_gb=0.272 gpu_reserved_gb=1.510
[ssl_epoch=46/50] ssl_loss=0.052676 lr=0.00000335 base_val_bce=0.588105 base_best=N base_cls_epoch=58 epoch_sec=2.4 elapsed_min=4.1 gpu_alloc_gb=0.272 gpu_reserved_gb=1.510
[repeat=8 fold=3] [epoch=47/50] ssl_loss=0.033518 lr=0.00000189 base_val_bce=0.574786 base_best=N base_cls_epoch=65 epoch_sec=3.7 task_elapsed_min=4.2 gpu_alloc_gb=0.272 gpu_reserved_gb=1.510
[ssl_epoch=47/50] ssl_loss=0.033518 lr=0.00000189 base_val_bce=0.574786 base_best=N base_cls_epoch=65 epoch_sec=4.1 elapsed_min=4.2 gpu_alloc_gb=0.272 gpu_reserved_gb=1.510
[repeat=8 fold=3] [epoch=48/50] ssl_loss=0.041793 lr=0.00000084 base_val_bce=0.591436 base_best=N base_cls_epoch=65 epoch_sec=2.8 task_elapsed_min=4.3 gpu_alloc_gb=0.272 gpu_reserved_gb=1.510
[ssl_epoch=48/50] ssl_loss=0.041793 lr=0.00000084 base_val_bce=0.591436 base_best=N base_cls_epoch=65 epoch_sec=3.1 elapsed_min=4.3 gpu_alloc_gb=0.272 gpu_reserved_gb=1.510
[repeat=8 fold=3] [epoch=49/50] ssl_loss=0.041542 lr=0.00000021 base_val_bce=0.591548 base_best=N base_cls_epoch=62 epoch_sec=2.7 task_elapsed_min=4.3 gpu_alloc_gb=0.272 gpu_reserved_gb=1.510
[ssl_epoch=49/50] ssl_loss=0.041542 lr=0.00000021 base_val_bce=0.591548 base_best=N base_cls_epoch=62 epoch_sec=2.7 elapsed_min=4.3 gpu_alloc_gb=0.272 gpu_reserved_gb=1.510
CHECKPOINT_LATEST repeat=8 scope=internal_cv fold=3 phase=ssl epoch=50 path=/data/adodas/VarCoNet-V2-main/xiaolunwen/experiment2b/checkpoints/worker_r8_latest.pt
[repeat=8 fold=3] [epoch=50/50] ssl_loss=0.033123 lr=0.00000000 base_val_bce=0.574505 base_best=N base_cls_epoch=55 epoch_sec=6.2 task_elapsed_min=4.4 gpu_alloc_gb=0.272 gpu_reserved_gb=1.510
[ssl_epoch=50/50] ssl_loss=0.033123 lr=0.00000000 base_val_bce=0.574505 base_best=N base_cls_epoch=55 epoch_sec=6.2 elapsed_min=4.4 gpu_alloc_gb=0.272 gpu_reserved_gb=1.510
RESIDUAL_EPOCH repeat=8 scope=internal_cv fold=3 epoch=0 val_bce=0.566935 best=Y dynamic_dim=73536
CHECKPOINT_BEST repeat=8 scope=internal_cv fold=3 phase=residual epoch=1 path=/data/adodas/VarCoNet-V2-main/xiaolunwen/experiment2b/checkpoints/worker_r8_best.pt
[residual_epoch=1/149] residual_loss=0.128027 val_bce=0.557444 best=Y best_epoch=1 epoch_sec=7.4 task_elapsed_min=4.4
CHECKPOINT_LATEST repeat=8 scope=internal_cv fold=3 phase=residual epoch=10 path=/data/adodas/VarCoNet-V2-main/xiaolunwen/experiment2b/checkpoints/worker_r8_latest.pt
[residual_epoch=10/149] residual_loss=0.067172 val_bce=0.579953 best=N best_epoch=1 epoch_sec=3.7 task_elapsed_min=4.6
CHECKPOINT_LATEST repeat=8 scope=internal_cv fold=3 phase=residual epoch=20 path=/data/adodas/VarCoNet-V2-main/xiaolunwen/experiment2b/checkpoints/worker_r8_latest.pt
[residual_epoch=20/149] residual_loss=0.036687 val_bce=0.598101 best=N best_epoch=1 epoch_sec=7.0 task_elapsed_min=4.6
CHECKPOINT_LATEST repeat=8 scope=internal_cv fold=3 phase=residual epoch=30 path=/data/adodas/VarCoNet-V2-main/xiaolunwen/experiment2b/checkpoints/worker_r8_latest.pt
[residual_epoch=30/149] residual_loss=0.022626 val_bce=0.621018 best=N best_epoch=1 epoch_sec=5.0 task_elapsed_min=4.7
CHECKPOINT_LATEST repeat=8 scope=internal_cv fold=3 phase=residual epoch=40 path=/data/adodas/VarCoNet-V2-main/xiaolunwen/experiment2b/checkpoints/worker_r8_latest.pt
[residual_epoch=40/149] residual_loss=0.015597 val_bce=0.642970 best=N best_epoch=1 epoch_sec=9.4 task_elapsed_min=4.8
CHECKPOINT_LATEST repeat=8 scope=internal_cv fold=3 phase=residual epoch=50 path=/data/adodas/VarCoNet-V2-main/xiaolunwen/experiment2b/checkpoints/worker_r8_latest.pt
[residual_epoch=50/149] residual_loss=0.011717 val_bce=0.661905 best=N best_epoch=1 epoch_sec=4.7 task_elapsed_min=5.0
CHECKPOINT_LATEST repeat=8 scope=internal_cv fold=3 phase=residual epoch=60 path=/data/adodas/VarCoNet-V2-main/xiaolunwen/experiment2b/checkpoints/worker_r8_latest.pt
[residual_epoch=60/149] residual_loss=0.009337 val_bce=0.677280 best=N best_epoch=1 epoch_sec=5.8 task_elapsed_min=5.1
CHECKPOINT_LATEST repeat=8 scope=internal_cv fold=3 phase=residual epoch=70 path=/data/adodas/VarCoNet-V2-main/xiaolunwen/experiment2b/checkpoints/worker_r8_latest.pt
[residual_epoch=70/149] residual_loss=0.007738 val_bce=0.689731 best=N best_epoch=1 epoch_sec=5.8 task_elapsed_min=5.2
CHECKPOINT_LATEST repeat=8 scope=internal_cv fold=3 phase=residual epoch=80 path=/data/adodas/VarCoNet-V2-main/xiaolunwen/experiment2b/checkpoints/worker_r8_latest.pt
[residual_epoch=80/149] residual_loss=0.006587 val_bce=0.701259 best=N best_epoch=1 epoch_sec=6.0 task_elapsed_min=5.3
CHECKPOINT_LATEST repeat=8 scope=internal_cv fold=3 phase=residual epoch=90 path=/data/adodas/VarCoNet-V2-main/xiaolunwen/experiment2b/checkpoints/worker_r8_latest.pt
[residual_epoch=90/149] residual_loss=0.005713 val_bce=0.712056 best=N best_epoch=1 epoch_sec=7.0 task_elapsed_min=5.4
CHECKPOINT_LATEST repeat=8 scope=internal_cv fold=3 phase=residual epoch=100 path=/data/adodas/VarCoNet-V2-main/xiaolunwen/experiment2b/checkpoints/worker_r8_latest.pt
[residual_epoch=100/149] residual_loss=0.005024 val_bce=0.721602 best=N best_epoch=1 epoch_sec=6.3 task_elapsed_min=5.5
CHECKPOINT_LATEST repeat=8 scope=internal_cv fold=3 phase=residual epoch=110 path=/data/adodas/VarCoNet-V2-main/xiaolunwen/experiment2b/checkpoints/worker_r8_latest.pt
[residual_epoch=110/149] residual_loss=0.004468 val_bce=0.730676 best=N best_epoch=1 epoch_sec=10.5 task_elapsed_min=5.6
CHECKPOINT_LATEST repeat=8 scope=internal_cv fold=3 phase=residual epoch=120 path=/data/adodas/VarCoNet-V2-main/xiaolunwen/experiment2b/checkpoints/worker_r8_latest.pt
[residual_epoch=120/149] residual_loss=0.004008 val_bce=0.739219 best=N best_epoch=1 epoch_sec=9.9 task_elapsed_min=5.8
CHECKPOINT_LATEST repeat=8 scope=internal_cv fold=3 phase=residual epoch=130 path=/data/adodas/VarCoNet-V2-main/xiaolunwen/experiment2b/checkpoints/worker_r8_latest.pt
[residual_epoch=130/149] residual_loss=0.003623 val_bce=0.747225 best=N best_epoch=1 epoch_sec=15.7 task_elapsed_min=6.0
CHECKPOINT_LATEST repeat=8 scope=internal_cv fold=3 phase=residual epoch=140 path=/data/adodas/VarCoNet-V2-main/xiaolunwen/experiment2b/checkpoints/worker_r8_latest.pt
[residual_epoch=140/149] residual_loss=0.003296 val_bce=0.754886 best=N best_epoch=1 epoch_sec=8.0 task_elapsed_min=6.2
RESIDUAL_DONE repeat=8 scope=internal_cv fold=3 selected_encoder_epoch=43 selected_classifier_epoch=60 selected_residual_epoch=1 val_bce=0.557444
TASK_TRAINING_DONE repeat=8 scope=internal_cv fold=3 base_epoch=43 dyn_epoch=43 base_val_bce=0.566935 dyn_val_bce=0.557444
TASK_DONE repeat=8 scope=internal_fold fold=3 method=baseline selected_encoder_epoch=43 test_auc=0.664079 test_bce=0.689262 elapsed_min=6.4
TASK_DONE repeat=8 scope=internal_fold fold=3 method=pretransformer_edge_residual selected_encoder_epoch=43 test_auc=0.664079 test_bce=0.694421 elapsed_min=6.4
TASK_START repeat=8 scope=internal_cv fold=4 seed=100804 device=cuda:0 shared_encoder=Y
CHECKPOINT_BEST repeat=8 scope=internal_cv fold=4 phase=ssl epoch=1 path=/data/adodas/VarCoNet-V2-main/xiaolunwen/experiment2b/checkpoints/worker_r8_best.pt
[repeat=8 fold=4] [epoch=1/50] ssl_loss=0.360809 lr=0.00002411 base_val_bce=0.616081 base_best=Y base_cls_epoch=35 epoch_sec=19.0 task_elapsed_min=0.1 gpu_alloc_gb=0.272 gpu_reserved_gb=1.510
[ssl_epoch=1/50] ssl_loss=0.360809 lr=0.00002411 base_val_bce=0.616081 base_best=Y base_cls_epoch=35 epoch_sec=19.2 elapsed_min=0.1 gpu_alloc_gb=0.272 gpu_reserved_gb=1.510
[repeat=8 fold=4] [epoch=2/50] ssl_loss=0.184025 lr=0.00003821 base_val_bce=0.629097 base_best=N base_cls_epoch=23 epoch_sec=3.4 task_elapsed_min=0.5 gpu_alloc_gb=0.272 gpu_reserved_gb=1.510
[ssl_epoch=2/50] ssl_loss=0.184025 lr=0.00003821 base_val_bce=0.629097 base_best=N base_cls_epoch=23 epoch_sec=3.5 elapsed_min=0.5 gpu_alloc_gb=0.272 gpu_reserved_gb=1.510
[repeat=8 fold=4] [epoch=3/50] ssl_loss=0.122699 lr=0.00005232 base_val_bce=0.633124 base_best=N base_cls_epoch=22 epoch_sec=2.8 task_elapsed_min=0.5 gpu_alloc_gb=0.272 gpu_reserved_gb=1.510
[ssl_epoch=3/50] ssl_loss=0.122699 lr=0.00005232 base_val_bce=0.633124 base_best=N base_cls_epoch=22 epoch_sec=3.4 elapsed_min=0.5 gpu_alloc_gb=0.272 gpu_reserved_gb=1.510
[repeat=8 fold=4] [epoch=4/50] ssl_loss=0.130999 lr=0.00006643 base_val_bce=0.625222 base_best=N base_cls_epoch=21 epoch_sec=3.1 task_elapsed_min=0.6 gpu_alloc_gb=0.272 gpu_reserved_gb=1.510
[ssl_epoch=4/50] ssl_loss=0.130999 lr=0.00006643 base_val_bce=0.625222 base_best=N base_cls_epoch=21 epoch_sec=3.6 elapsed_min=0.6 gpu_alloc_gb=0.272 gpu_reserved_gb=1.510
[repeat=8 fold=4] [epoch=5/50] ssl_loss=0.103824 lr=0.00008053 base_val_bce=0.624803 base_best=N base_cls_epoch=21 epoch_sec=3.0 task_elapsed_min=0.6 gpu_alloc_gb=0.272 gpu_reserved_gb=1.510
[ssl_epoch=5/50] ssl_loss=0.103824 lr=0.00008053 base_val_bce=0.624803 base_best=N base_cls_epoch=21 epoch_sec=3.4 elapsed_min=0.6 gpu_alloc_gb=0.272 gpu_reserved_gb=1.510
CHECKPOINT_BEST repeat=8 scope=internal_cv fold=4 phase=ssl epoch=6 path=/data/adodas/VarCoNet-V2-main/xiaolunwen/experiment2b/checkpoints/worker_r8_best.pt
[repeat=8 fold=4] [epoch=6/50] ssl_loss=0.098589 lr=0.00009464 base_val_bce=0.613308 base_best=Y base_cls_epoch=24 epoch_sec=9.1 task_elapsed_min=0.7 gpu_alloc_gb=0.272 gpu_reserved_gb=1.510
[ssl_epoch=6/50] ssl_loss=0.098589 lr=0.00009464 base_val_bce=0.613308 base_best=Y base_cls_epoch=24 epoch_sec=9.1 elapsed_min=0.7 gpu_alloc_gb=0.272 gpu_reserved_gb=1.510
[repeat=8 fold=4] [epoch=7/50] ssl_loss=0.089193 lr=0.00010875 base_val_bce=0.625763 base_best=N base_cls_epoch=21 epoch_sec=3.4 task_elapsed_min=0.9 gpu_alloc_gb=0.272 gpu_reserved_gb=1.510
[ssl_epoch=7/50] ssl_loss=0.089193 lr=0.00010875 base_val_bce=0.625763 base_best=N base_cls_epoch=21 epoch_sec=3.5 elapsed_min=0.9 gpu_alloc_gb=0.272 gpu_reserved_gb=1.510
[repeat=8 fold=4] [epoch=8/50] ssl_loss=0.077640 lr=0.00012285 base_val_bce=0.614345 base_best=N base_cls_epoch=19 epoch_sec=3.2 task_elapsed_min=0.9 gpu_alloc_gb=0.272 gpu_reserved_gb=1.510
[ssl_epoch=8/50] ssl_loss=0.077640 lr=0.00012285 base_val_bce=0.614345 base_best=N base_cls_epoch=19 epoch_sec=3.4 elapsed_min=0.9 gpu_alloc_gb=0.272 gpu_reserved_gb=1.510
CHECKPOINT_BEST repeat=8 scope=internal_cv fold=4 phase=ssl epoch=9 path=/data/adodas/VarCoNet-V2-main/xiaolunwen/experiment2b/checkpoints/worker_r8_best.pt
[repeat=8 fold=4] [epoch=9/50] ssl_loss=0.067721 lr=0.00013696 base_val_bce=0.612968 base_best=Y base_cls_epoch=17 epoch_sec=11.5 task_elapsed_min=1.0 gpu_alloc_gb=0.272 gpu_reserved_gb=1.510
[ssl_epoch=9/50] ssl_loss=0.067721 lr=0.00013696 base_val_bce=0.612968 base_best=Y base_cls_epoch=17 epoch_sec=11.5 elapsed_min=1.0 gpu_alloc_gb=0.272 gpu_reserved_gb=1.510
CHECKPOINT_BEST repeat=8 scope=internal_cv fold=4 phase=ssl epoch=10 path=/data/adodas/VarCoNet-V2-main/xiaolunwen/experiment2b/checkpoints/worker_r8_best.pt
CHECKPOINT_LATEST repeat=8 scope=internal_cv fold=4 phase=ssl epoch=10 path=/data/adodas/VarCoNet-V2-main/xiaolunwen/experiment2b/checkpoints/worker_r8_latest.pt
[repeat=8 fold=4] [epoch=10/50] ssl_loss=0.074597 lr=0.00013696 base_val_bce=0.610755 base_best=Y base_cls_epoch=19 epoch_sec=7.0 task_elapsed_min=1.2 gpu_alloc_gb=0.272 gpu_reserved_gb=1.510
[ssl_epoch=10/50] ssl_loss=0.074597 lr=0.00013696 base_val_bce=0.610755 base_best=Y base_cls_epoch=19 epoch_sec=7.0 elapsed_min=1.2 gpu_alloc_gb=0.272 gpu_reserved_gb=1.510
[repeat=8 fold=4] [epoch=11/50] ssl_loss=0.073612 lr=0.00013675 base_val_bce=0.618823 base_best=N base_cls_epoch=23 epoch_sec=3.1 task_elapsed_min=1.3 gpu_alloc_gb=0.272 gpu_reserved_gb=1.510
[ssl_epoch=11/50] ssl_loss=0.073612 lr=0.00013675 base_val_bce=0.618823 base_best=N base_cls_epoch=23 epoch_sec=3.5 elapsed_min=1.3 gpu_alloc_gb=0.272 gpu_reserved_gb=1.510
[repeat=8 fold=4] [epoch=12/50] ssl_loss=0.061099 lr=0.00013612 base_val_bce=0.616974 base_best=N base_cls_epoch=18 epoch_sec=3.2 task_elapsed_min=1.4 gpu_alloc_gb=0.272 gpu_reserved_gb=1.510
[ssl_epoch=12/50] ssl_loss=0.061099 lr=0.00013612 base_val_bce=0.616974 base_best=N base_cls_epoch=18 epoch_sec=4.0 elapsed_min=1.4 gpu_alloc_gb=0.272 gpu_reserved_gb=1.510
[repeat=8 fold=4] [epoch=13/50] ssl_loss=0.071487 lr=0.00013507 base_val_bce=0.616987 base_best=N base_cls_epoch=18 epoch_sec=3.0 task_elapsed_min=1.4 gpu_alloc_gb=0.272 gpu_reserved_gb=1.510
[ssl_epoch=13/50] ssl_loss=0.071487 lr=0.00013507 base_val_bce=0.616987 base_best=N base_cls_epoch=18 epoch_sec=3.2 elapsed_min=1.4 gpu_alloc_gb=0.272 gpu_reserved_gb=1.510
CHECKPOINT_BEST repeat=8 scope=internal_cv fold=4 phase=ssl epoch=14 path=/data/adodas/VarCoNet-V2-main/xiaolunwen/experiment2b/checkpoints/worker_r8_best.pt
[repeat=8 fold=4] [epoch=14/50] ssl_loss=0.066338 lr=0.00013361 base_val_bce=0.610269 base_best=Y base_cls_epoch=20 epoch_sec=4.3 task_elapsed_min=1.5 gpu_alloc_gb=0.272 gpu_reserved_gb=1.510
[ssl_epoch=14/50] ssl_loss=0.066338 lr=0.00013361 base_val_bce=0.610269 base_best=Y base_cls_epoch=20 epoch_sec=4.7 elapsed_min=1.5 gpu_alloc_gb=0.272 gpu_reserved_gb=1.510
CHECKPOINT_BEST repeat=8 scope=internal_cv fold=4 phase=ssl epoch=15 path=/data/adodas/VarCoNet-V2-main/xiaolunwen/experiment2b/checkpoints/worker_r8_best.pt
[repeat=8 fold=4] [epoch=15/50] ssl_loss=0.055227 lr=0.00013175 base_val_bce=0.601938 base_best=Y base_cls_epoch=23 epoch_sec=6.3 task_elapsed_min=1.6 gpu_alloc_gb=0.272 gpu_reserved_gb=1.510
[ssl_epoch=15/50] ssl_loss=0.055227 lr=0.00013175 base_val_bce=0.601938 base_best=Y base_cls_epoch=23 epoch_sec=6.3 elapsed_min=1.6 gpu_alloc_gb=0.272 gpu_reserved_gb=1.510
[repeat=8 fold=4] [epoch=16/50] ssl_loss=0.053214 lr=0.00012950 base_val_bce=0.615231 base_best=N base_cls_epoch=21 epoch_sec=3.5 task_elapsed_min=1.7 gpu_alloc_gb=0.272 gpu_reserved_gb=1.510
[ssl_epoch=16/50] ssl_loss=0.053214 lr=0.00012950 base_val_bce=0.615231 base_best=N base_cls_epoch=21 epoch_sec=3.5 elapsed_min=1.7 gpu_alloc_gb=0.272 gpu_reserved_gb=1.510
[repeat=8 fold=4] [epoch=17/50] ssl_loss=0.057042 lr=0.00012687 base_val_bce=0.619754 base_best=N base_cls_epoch=25 epoch_sec=3.4 task_elapsed_min=1.7 gpu_alloc_gb=0.272 gpu_reserved_gb=1.510
[ssl_epoch=17/50] ssl_loss=0.057042 lr=0.00012687 base_val_bce=0.619754 base_best=N base_cls_epoch=25 epoch_sec=3.6 elapsed_min=1.7 gpu_alloc_gb=0.272 gpu_reserved_gb=1.510
[repeat=8 fold=4] [epoch=18/50] ssl_loss=0.065206 lr=0.00012388 base_val_bce=0.611752 base_best=N base_cls_epoch=23 epoch_sec=3.8 task_elapsed_min=1.8 gpu_alloc_gb=0.272 gpu_reserved_gb=1.510
[ssl_epoch=18/50] ssl_loss=0.065206 lr=0.00012388 base_val_bce=0.611752 base_best=N base_cls_epoch=23 epoch_sec=4.0 elapsed_min=1.8 gpu_alloc_gb=0.272 gpu_reserved_gb=1.510
[repeat=8 fold=4] [epoch=19/50] ssl_loss=0.055979 lr=0.00012055 base_val_bce=0.615736 base_best=N base_cls_epoch=22 epoch_sec=3.8 task_elapsed_min=1.9 gpu_alloc_gb=0.272 gpu_reserved_gb=1.510
[ssl_epoch=19/50] ssl_loss=0.055979 lr=0.00012055 base_val_bce=0.615736 base_best=N base_cls_epoch=22 epoch_sec=4.4 elapsed_min=1.9 gpu_alloc_gb=0.272 gpu_reserved_gb=1.510
CHECKPOINT_LATEST repeat=8 scope=internal_cv fold=4 phase=ssl epoch=20 path=/data/adodas/VarCoNet-V2-main/xiaolunwen/experiment2b/checkpoints/worker_r8_latest.pt
[repeat=8 fold=4] [epoch=20/50] ssl_loss=0.051188 lr=0.00011690 base_val_bce=0.616257 base_best=N base_cls_epoch=20 epoch_sec=3.9 task_elapsed_min=1.9 gpu_alloc_gb=0.272 gpu_reserved_gb=1.510
[ssl_epoch=20/50] ssl_loss=0.051188 lr=0.00011690 base_val_bce=0.616257 base_best=N base_cls_epoch=20 epoch_sec=3.9 elapsed_min=1.9 gpu_alloc_gb=0.272 gpu_reserved_gb=1.510
[repeat=8 fold=4] [epoch=21/50] ssl_loss=0.037166 lr=0.00011296 base_val_bce=0.618346 base_best=N base_cls_epoch=22 epoch_sec=4.2 task_elapsed_min=2.0 gpu_alloc_gb=0.272 gpu_reserved_gb=1.510
[ssl_epoch=21/50] ssl_loss=0.037166 lr=0.00011296 base_val_bce=0.618346 base_best=N base_cls_epoch=22 epoch_sec=5.4 elapsed_min=2.0 gpu_alloc_gb=0.272 gpu_reserved_gb=1.510
[repeat=8 fold=4] [epoch=22/50] ssl_loss=0.048652 lr=0.00010873 base_val_bce=0.605586 base_best=N base_cls_epoch=20 epoch_sec=4.2 task_elapsed_min=2.1 gpu_alloc_gb=0.272 gpu_reserved_gb=1.510
[ssl_epoch=22/50] ssl_loss=0.048652 lr=0.00010873 base_val_bce=0.605586 base_best=N base_cls_epoch=20 epoch_sec=5.8 elapsed_min=2.1 gpu_alloc_gb=0.272 gpu_reserved_gb=1.510
[repeat=8 fold=4] [epoch=23/50] ssl_loss=0.051117 lr=0.00010426 base_val_bce=0.616705 base_best=N base_cls_epoch=21 epoch_sec=3.9 task_elapsed_min=2.2 gpu_alloc_gb=0.272 gpu_reserved_gb=1.510
[ssl_epoch=23/50] ssl_loss=0.051117 lr=0.00010426 base_val_bce=0.616705 base_best=N base_cls_epoch=21 epoch_sec=4.5 elapsed_min=2.2 gpu_alloc_gb=0.272 gpu_reserved_gb=1.510
[repeat=8 fold=4] [epoch=24/50] ssl_loss=0.045521 lr=0.00009957 base_val_bce=0.628793 base_best=N base_cls_epoch=22 epoch_sec=3.6 task_elapsed_min=2.3 gpu_alloc_gb=0.272 gpu_reserved_gb=1.510
[ssl_epoch=24/50] ssl_loss=0.045521 lr=0.00009957 base_val_bce=0.628793 base_best=N base_cls_epoch=22 epoch_sec=3.9 elapsed_min=2.3 gpu_alloc_gb=0.272 gpu_reserved_gb=1.510
[repeat=8 fold=4] [epoch=25/50] ssl_loss=0.050382 lr=0.00009469 base_val_bce=0.625771 base_best=N base_cls_epoch=25 epoch_sec=2.9 task_elapsed_min=2.4 gpu_alloc_gb=0.272 gpu_reserved_gb=1.510
[ssl_epoch=25/50] ssl_loss=0.050382 lr=0.00009469 base_val_bce=0.625771 base_best=N base_cls_epoch=25 epoch_sec=3.2 elapsed_min=2.4 gpu_alloc_gb=0.272 gpu_reserved_gb=1.510
[repeat=8 fold=4] [epoch=26/50] ssl_loss=0.054003 lr=0.00008964 base_val_bce=0.611158 base_best=N base_cls_epoch=23 epoch_sec=3.6 task_elapsed_min=2.4 gpu_alloc_gb=0.272 gpu_reserved_gb=1.510
[ssl_epoch=26/50] ssl_loss=0.054003 lr=0.00008964 base_val_bce=0.611158 base_best=N base_cls_epoch=23 epoch_sec=4.0 elapsed_min=2.4 gpu_alloc_gb=0.272 gpu_reserved_gb=1.510
[repeat=8 fold=4] [epoch=27/50] ssl_loss=0.060047 lr=0.00008447 base_val_bce=0.608057 base_best=N base_cls_epoch=24 epoch_sec=3.0 task_elapsed_min=2.5 gpu_alloc_gb=0.272 gpu_reserved_gb=1.510
[ssl_epoch=27/50] ssl_loss=0.060047 lr=0.00008447 base_val_bce=0.608057 base_best=N base_cls_epoch=24 epoch_sec=3.2 elapsed_min=2.5 gpu_alloc_gb=0.272 gpu_reserved_gb=1.510
[repeat=8 fold=4] [epoch=28/50] ssl_loss=0.053621 lr=0.00007919 base_val_bce=0.624799 base_best=N base_cls_epoch=22 epoch_sec=3.3 task_elapsed_min=2.5 gpu_alloc_gb=0.272 gpu_reserved_gb=1.510
[ssl_epoch=28/50] ssl_loss=0.053621 lr=0.00007919 base_val_bce=0.624799 base_best=N base_cls_epoch=22 epoch_sec=5.6 elapsed_min=2.5 gpu_alloc_gb=0.272 gpu_reserved_gb=1.510
[repeat=8 fold=4] [epoch=29/50] ssl_loss=0.069841 lr=0.00007385 base_val_bce=0.618003 base_best=N base_cls_epoch=25 epoch_sec=3.7 task_elapsed_min=2.6 gpu_alloc_gb=0.272 gpu_reserved_gb=1.510
[ssl_epoch=29/50] ssl_loss=0.069841 lr=0.00007385 base_val_bce=0.618003 base_best=N base_cls_epoch=25 epoch_sec=4.0 elapsed_min=2.6 gpu_alloc_gb=0.272 gpu_reserved_gb=1.510
CHECKPOINT_LATEST repeat=8 scope=internal_cv fold=4 phase=ssl epoch=30 path=/data/adodas/VarCoNet-V2-main/xiaolunwen/experiment2b/checkpoints/worker_r8_latest.pt
[repeat=8 fold=4] [epoch=30/50] ssl_loss=0.052510 lr=0.00006848 base_val_bce=0.617757 base_best=N base_cls_epoch=25 epoch_sec=8.1 task_elapsed_min=2.7 gpu_alloc_gb=0.272 gpu_reserved_gb=1.510
[ssl_epoch=30/50] ssl_loss=0.052510 lr=0.00006848 base_val_bce=0.617757 base_best=N base_cls_epoch=25 epoch_sec=8.4 elapsed_min=2.7 gpu_alloc_gb=0.272 gpu_reserved_gb=1.510
[repeat=8 fold=4] [epoch=31/50] ssl_loss=0.056658 lr=0.00006311 base_val_bce=0.602584 base_best=N base_cls_epoch=23 epoch_sec=4.7 task_elapsed_min=2.9 gpu_alloc_gb=0.272 gpu_reserved_gb=1.510
[ssl_epoch=31/50] ssl_loss=0.056658 lr=0.00006311 base_val_bce=0.602584 base_best=N base_cls_epoch=23 epoch_sec=5.0 elapsed_min=2.9 gpu_alloc_gb=0.272 gpu_reserved_gb=1.510
[repeat=8 fold=4] [epoch=32/50] ssl_loss=0.052455 lr=0.00005777 base_val_bce=0.610968 base_best=N base_cls_epoch=23 epoch_sec=3.8 task_elapsed_min=2.9 gpu_alloc_gb=0.272 gpu_reserved_gb=1.510
[ssl_epoch=32/50] ssl_loss=0.052455 lr=0.00005777 base_val_bce=0.610968 base_best=N base_cls_epoch=23 epoch_sec=4.0 elapsed_min=2.9 gpu_alloc_gb=0.272 gpu_reserved_gb=1.510
[repeat=8 fold=4] [epoch=33/50] ssl_loss=0.053561 lr=0.00005249 base_val_bce=0.620865 base_best=N base_cls_epoch=20 epoch_sec=4.6 task_elapsed_min=3.0 gpu_alloc_gb=0.272 gpu_reserved_gb=1.510
[ssl_epoch=33/50] ssl_loss=0.053561 lr=0.00005249 base_val_bce=0.620865 base_best=N base_cls_epoch=20 epoch_sec=4.9 elapsed_min=3.0 gpu_alloc_gb=0.272 gpu_reserved_gb=1.510
[repeat=8 fold=4] [epoch=34/50] ssl_loss=0.052281 lr=0.00004732 base_val_bce=0.619305 base_best=N base_cls_epoch=20 epoch_sec=3.2 task_elapsed_min=3.1 gpu_alloc_gb=0.272 gpu_reserved_gb=1.510
[ssl_epoch=34/50] ssl_loss=0.052281 lr=0.00004732 base_val_bce=0.619305 base_best=N base_cls_epoch=20 epoch_sec=3.9 elapsed_min=3.1 gpu_alloc_gb=0.272 gpu_reserved_gb=1.510
[repeat=8 fold=4] [epoch=35/50] ssl_loss=0.037178 lr=0.00004227 base_val_bce=0.609613 base_best=N base_cls_epoch=26 epoch_sec=3.9 task_elapsed_min=3.1 gpu_alloc_gb=0.272 gpu_reserved_gb=1.510
[ssl_epoch=35/50] ssl_loss=0.037178 lr=0.00004227 base_val_bce=0.609613 base_best=N base_cls_epoch=26 epoch_sec=4.1 elapsed_min=3.1 gpu_alloc_gb=0.272 gpu_reserved_gb=1.510
[repeat=8 fold=4] [epoch=36/50] ssl_loss=0.043308 lr=0.00003739 base_val_bce=0.613208 base_best=N base_cls_epoch=24 epoch_sec=3.0 task_elapsed_min=3.2 gpu_alloc_gb=0.272 gpu_reserved_gb=1.510
[ssl_epoch=36/50] ssl_loss=0.043308 lr=0.00003739 base_val_bce=0.613208 base_best=N base_cls_epoch=24 epoch_sec=3.0 elapsed_min=3.2 gpu_alloc_gb=0.272 gpu_reserved_gb=1.510
[repeat=8 fold=4] [epoch=37/50] ssl_loss=0.045409 lr=0.00003270 base_val_bce=0.610746 base_best=N base_cls_epoch=21 epoch_sec=3.6 task_elapsed_min=3.3 gpu_alloc_gb=0.272 gpu_reserved_gb=1.510
[ssl_epoch=37/50] ssl_loss=0.045409 lr=0.00003270 base_val_bce=0.610746 base_best=N base_cls_epoch=21 epoch_sec=5.7 elapsed_min=3.3 gpu_alloc_gb=0.272 gpu_reserved_gb=1.510
[repeat=8 fold=4] [epoch=38/50] ssl_loss=0.042330 lr=0.00002823 base_val_bce=0.608458 base_best=N base_cls_epoch=21 epoch_sec=4.8 task_elapsed_min=3.4 gpu_alloc_gb=0.272 gpu_reserved_gb=1.510
[ssl_epoch=38/50] ssl_loss=0.042330 lr=0.00002823 base_val_bce=0.608458 base_best=N base_cls_epoch=21 epoch_sec=4.8 elapsed_min=3.4 gpu_alloc_gb=0.272 gpu_reserved_gb=1.510
[repeat=8 fold=4] [epoch=39/50] ssl_loss=0.040362 lr=0.00002401 base_val_bce=0.617425 base_best=N base_cls_epoch=24 epoch_sec=2.5 task_elapsed_min=3.4 gpu_alloc_gb=0.272 gpu_reserved_gb=1.510
[ssl_epoch=39/50] ssl_loss=0.040362 lr=0.00002401 base_val_bce=0.617425 base_best=N base_cls_epoch=24 epoch_sec=4.1 elapsed_min=3.4 gpu_alloc_gb=0.272 gpu_reserved_gb=1.510
CHECKPOINT_LATEST repeat=8 scope=internal_cv fold=4 phase=ssl epoch=40 path=/data/adodas/VarCoNet-V2-main/xiaolunwen/experiment2b/checkpoints/worker_r8_latest.pt
[repeat=8 fold=4] [epoch=40/50] ssl_loss=0.039418 lr=0.00002006 base_val_bce=0.622988 base_best=N base_cls_epoch=25 epoch_sec=11.1 task_elapsed_min=3.5 gpu_alloc_gb=0.272 gpu_reserved_gb=1.510
[ssl_epoch=40/50] ssl_loss=0.039418 lr=0.00002006 base_val_bce=0.622988 base_best=N base_cls_epoch=25 epoch_sec=11.1 elapsed_min=3.5 gpu_alloc_gb=0.272 gpu_reserved_gb=1.510
[repeat=8 fold=4] [epoch=41/50] ssl_loss=0.048463 lr=0.00001641 base_val_bce=0.619802 base_best=N base_cls_epoch=24 epoch_sec=2.2 task_elapsed_min=3.7 gpu_alloc_gb=0.272 gpu_reserved_gb=1.510
[ssl_epoch=41/50] ssl_loss=0.048463 lr=0.00001641 base_val_bce=0.619802 base_best=N base_cls_epoch=24 epoch_sec=2.3 elapsed_min=3.7 gpu_alloc_gb=0.272 gpu_reserved_gb=1.510
[repeat=8 fold=4] [epoch=42/50] ssl_loss=0.044347 lr=0.00001308 base_val_bce=0.619761 base_best=N base_cls_epoch=21 epoch_sec=3.3 task_elapsed_min=3.8 gpu_alloc_gb=0.272 gpu_reserved_gb=1.510
[ssl_epoch=42/50] ssl_loss=0.044347 lr=0.00001308 base_val_bce=0.619761 base_best=N base_cls_epoch=21 epoch_sec=3.3 elapsed_min=3.8 gpu_alloc_gb=0.272 gpu_reserved_gb=1.510
[repeat=8 fold=4] [epoch=43/50] ssl_loss=0.046810 lr=0.00001009 base_val_bce=0.615355 base_best=N base_cls_epoch=23 epoch_sec=4.2 task_elapsed_min=3.8 gpu_alloc_gb=0.272 gpu_reserved_gb=1.510
[ssl_epoch=43/50] ssl_loss=0.046810 lr=0.00001009 base_val_bce=0.615355 base_best=N base_cls_epoch=23 epoch_sec=5.1 elapsed_min=3.8 gpu_alloc_gb=0.272 gpu_reserved_gb=1.510
[repeat=8 fold=4] [epoch=44/50] ssl_loss=0.041242 lr=0.00000746 base_val_bce=0.616409 base_best=N base_cls_epoch=24 epoch_sec=2.7 task_elapsed_min=3.9 gpu_alloc_gb=0.272 gpu_reserved_gb=1.510
[ssl_epoch=44/50] ssl_loss=0.041242 lr=0.00000746 base_val_bce=0.616409 base_best=N base_cls_epoch=24 epoch_sec=3.1 elapsed_min=3.9 gpu_alloc_gb=0.272 gpu_reserved_gb=1.510
[repeat=8 fold=4] [epoch=45/50] ssl_loss=0.048261 lr=0.00000521 base_val_bce=0.617287 base_best=N base_cls_epoch=23 epoch_sec=2.0 task_elapsed_min=3.9 gpu_alloc_gb=0.272 gpu_reserved_gb=1.510
[ssl_epoch=45/50] ssl_loss=0.048261 lr=0.00000521 base_val_bce=0.617287 base_best=N base_cls_epoch=23 epoch_sec=3.1 elapsed_min=3.9 gpu_alloc_gb=0.272 gpu_reserved_gb=1.510
[repeat=8 fold=4] [epoch=46/50] ssl_loss=0.038867 lr=0.00000335 base_val_bce=0.618933 base_best=N base_cls_epoch=25 epoch_sec=2.9 task_elapsed_min=4.0 gpu_alloc_gb=0.272 gpu_reserved_gb=1.510
[ssl_epoch=46/50] ssl_loss=0.038867 lr=0.00000335 base_val_bce=0.618933 base_best=N base_cls_epoch=25 epoch_sec=3.0 elapsed_min=4.0 gpu_alloc_gb=0.272 gpu_reserved_gb=1.510
[repeat=8 fold=4] [epoch=47/50] ssl_loss=0.055308 lr=0.00000189 base_val_bce=0.605483 base_best=N base_cls_epoch=23 epoch_sec=3.0 task_elapsed_min=4.1 gpu_alloc_gb=0.272 gpu_reserved_gb=1.510
[ssl_epoch=47/50] ssl_loss=0.055308 lr=0.00000189 base_val_bce=0.605483 base_best=N base_cls_epoch=23 epoch_sec=3.1 elapsed_min=4.1 gpu_alloc_gb=0.272 gpu_reserved_gb=1.510
[repeat=8 fold=4] [epoch=48/50] ssl_loss=0.047647 lr=0.00000084 base_val_bce=0.610665 base_best=N base_cls_epoch=28 epoch_sec=2.5 task_elapsed_min=4.1 gpu_alloc_gb=0.272 gpu_reserved_gb=1.510
[ssl_epoch=48/50] ssl_loss=0.047647 lr=0.00000084 base_val_bce=0.610665 base_best=N base_cls_epoch=28 epoch_sec=2.5 elapsed_min=4.1 gpu_alloc_gb=0.272 gpu_reserved_gb=1.510
[repeat=8 fold=4] [epoch=49/50] ssl_loss=0.051061 lr=0.00000021 base_val_bce=0.608282 base_best=N base_cls_epoch=23 epoch_sec=2.6 task_elapsed_min=4.1 gpu_alloc_gb=0.272 gpu_reserved_gb=1.510
[ssl_epoch=49/50] ssl_loss=0.051061 lr=0.00000021 base_val_bce=0.608282 base_best=N base_cls_epoch=23 epoch_sec=2.7 elapsed_min=4.1 gpu_alloc_gb=0.272 gpu_reserved_gb=1.510
CHECKPOINT_LATEST repeat=8 scope=internal_cv fold=4 phase=ssl epoch=50 path=/data/adodas/VarCoNet-V2-main/xiaolunwen/experiment2b/checkpoints/worker_r8_latest.pt
[repeat=8 fold=4] [epoch=50/50] ssl_loss=0.040435 lr=0.00000000 base_val_bce=0.616322 base_best=N base_cls_epoch=20 epoch_sec=7.9 task_elapsed_min=4.2 gpu_alloc_gb=0.272 gpu_reserved_gb=1.510
[ssl_epoch=50/50] ssl_loss=0.040435 lr=0.00000000 base_val_bce=0.616322 base_best=N base_cls_epoch=20 epoch_sec=8.2 elapsed_min=4.2 gpu_alloc_gb=0.272 gpu_reserved_gb=1.510
RESIDUAL_EPOCH repeat=8 scope=internal_cv fold=4 epoch=0 val_bce=0.601938 best=Y dynamic_dim=73536
CHECKPOINT_LATEST repeat=8 scope=internal_cv fold=4 phase=residual epoch=10 path=/data/adodas/VarCoNet-V2-main/xiaolunwen/experiment2b/checkpoints/worker_r8_latest.pt
[residual_epoch=10/149] residual_loss=0.235486 val_bce=0.620031 best=N best_epoch=0 epoch_sec=3.1 task_elapsed_min=4.3
CHECKPOINT_LATEST repeat=8 scope=internal_cv fold=4 phase=residual epoch=20 path=/data/adodas/VarCoNet-V2-main/xiaolunwen/experiment2b/checkpoints/worker_r8_latest.pt
[residual_epoch=20/149] residual_loss=0.153954 val_bce=0.641938 best=N best_epoch=0 epoch_sec=6.1 task_elapsed_min=4.4
CHECKPOINT_LATEST repeat=8 scope=internal_cv fold=4 phase=residual epoch=30 path=/data/adodas/VarCoNet-V2-main/xiaolunwen/experiment2b/checkpoints/worker_r8_latest.pt
[residual_epoch=30/149] residual_loss=0.104299 val_bce=0.663559 best=N best_epoch=0 epoch_sec=6.2 task_elapsed_min=4.5
CHECKPOINT_LATEST repeat=8 scope=internal_cv fold=4 phase=residual epoch=40 path=/data/adodas/VarCoNet-V2-main/xiaolunwen/experiment2b/checkpoints/worker_r8_latest.pt
[residual_epoch=40/149] residual_loss=0.074848 val_bce=0.682423 best=N best_epoch=0 epoch_sec=4.7 task_elapsed_min=4.6
CHECKPOINT_LATEST repeat=8 scope=internal_cv fold=4 phase=residual epoch=50 path=/data/adodas/VarCoNet-V2-main/xiaolunwen/experiment2b/checkpoints/worker_r8_latest.pt
[residual_epoch=50/149] residual_loss=0.056741 val_bce=0.700762 best=N best_epoch=0 epoch_sec=1.4 task_elapsed_min=4.7
CHECKPOINT_LATEST repeat=8 scope=internal_cv fold=4 phase=residual epoch=60 path=/data/adodas/VarCoNet-V2-main/xiaolunwen/experiment2b/checkpoints/worker_r8_latest.pt
[residual_epoch=60/149] residual_loss=0.045011 val_bce=0.718515 best=N best_epoch=0 epoch_sec=0.4 task_elapsed_min=4.7
CHECKPOINT_LATEST repeat=8 scope=internal_cv fold=4 phase=residual epoch=70 path=/data/adodas/VarCoNet-V2-main/xiaolunwen/experiment2b/checkpoints/worker_r8_latest.pt
[residual_epoch=70/149] residual_loss=0.036978 val_bce=0.734780 best=N best_epoch=0 epoch_sec=0.3 task_elapsed_min=4.7
CHECKPOINT_LATEST repeat=8 scope=internal_cv fold=4 phase=residual epoch=80 path=/data/adodas/VarCoNet-V2-main/xiaolunwen/experiment2b/checkpoints/worker_r8_latest.pt
[residual_epoch=80/149] residual_loss=0.031174 val_bce=0.749081 best=N best_epoch=0 epoch_sec=4.2 task_elapsed_min=4.7
CHECKPOINT_LATEST repeat=8 scope=internal_cv fold=4 phase=residual epoch=90 path=/data/adodas/VarCoNet-V2-main/xiaolunwen/experiment2b/checkpoints/worker_r8_latest.pt
[residual_epoch=90/149] residual_loss=0.026801 val_bce=0.761730 best=N best_epoch=0 epoch_sec=3.2 task_elapsed_min=4.8
CHECKPOINT_LATEST repeat=8 scope=internal_cv fold=4 phase=residual epoch=100 path=/data/adodas/VarCoNet-V2-main/xiaolunwen/experiment2b/checkpoints/worker_r8_latest.pt
[residual_epoch=100/149] residual_loss=0.023394 val_bce=0.773659 best=N best_epoch=0 epoch_sec=5.5 task_elapsed_min=4.8
CHECKPOINT_LATEST repeat=8 scope=internal_cv fold=4 phase=residual epoch=110 path=/data/adodas/VarCoNet-V2-main/xiaolunwen/experiment2b/checkpoints/worker_r8_latest.pt
[residual_epoch=110/149] residual_loss=0.020669 val_bce=0.785088 best=N best_epoch=0 epoch_sec=3.0 task_elapsed_min=4.9
CHECKPOINT_LATEST repeat=8 scope=internal_cv fold=4 phase=residual epoch=120 path=/data/adodas/VarCoNet-V2-main/xiaolunwen/experiment2b/checkpoints/worker_r8_latest.pt
[residual_epoch=120/149] residual_loss=0.018442 val_bce=0.795650 best=N best_epoch=0 epoch_sec=4.2 task_elapsed_min=5.0
CHECKPOINT_LATEST repeat=8 scope=internal_cv fold=4 phase=residual epoch=130 path=/data/adodas/VarCoNet-V2-main/xiaolunwen/experiment2b/checkpoints/worker_r8_latest.pt
[residual_epoch=130/149] residual_loss=0.016592 val_bce=0.805568 best=N best_epoch=0 epoch_sec=0.8 task_elapsed_min=5.0
CHECKPOINT_LATEST repeat=8 scope=internal_cv fold=4 phase=residual epoch=140 path=/data/adodas/VarCoNet-V2-main/xiaolunwen/experiment2b/checkpoints/worker_r8_latest.pt
[residual_epoch=140/149] residual_loss=0.015033 val_bce=0.815095 best=N best_epoch=0 epoch_sec=1.3 task_elapsed_min=5.1
RESIDUAL_DONE repeat=8 scope=internal_cv fold=4 selected_encoder_epoch=15 selected_classifier_epoch=23 selected_residual_epoch=0 val_bce=0.601938
TASK_TRAINING_DONE repeat=8 scope=internal_cv fold=4 base_epoch=15 dyn_epoch=15 base_val_bce=0.601938 dyn_val_bce=0.601938
TASK_DONE repeat=8 scope=internal_fold fold=4 method=baseline selected_encoder_epoch=15 test_auc=0.769151 test_bce=0.588045 elapsed_min=5.1
TASK_DONE repeat=8 scope=internal_fold fold=4 method=pretransformer_edge_residual selected_encoder_epoch=15 test_auc=0.769151 test_bce=0.588045 elapsed_min=5.1
TASK_START repeat=8 scope=internal_cv fold=5 seed=100805 device=cuda:0 shared_encoder=Y
CHECKPOINT_BEST repeat=8 scope=internal_cv fold=5 phase=ssl epoch=1 path=/data/adodas/VarCoNet-V2-main/xiaolunwen/experiment2b/checkpoints/worker_r8_best.pt
[repeat=8 fold=5] [epoch=1/50] ssl_loss=0.302767 lr=0.00002411 base_val_bce=0.630542 base_best=Y base_cls_epoch=44 epoch_sec=6.7 task_elapsed_min=0.0 gpu_alloc_gb=0.272 gpu_reserved_gb=1.510
[ssl_epoch=1/50] ssl_loss=0.302767 lr=0.00002411 base_val_bce=0.630542 base_best=Y base_cls_epoch=44 epoch_sec=6.9 elapsed_min=0.0 gpu_alloc_gb=0.272 gpu_reserved_gb=1.510
CHECKPOINT_BEST repeat=8 scope=internal_cv fold=5 phase=ssl epoch=2 path=/data/adodas/VarCoNet-V2-main/xiaolunwen/experiment2b/checkpoints/worker_r8_best.pt
[repeat=8 fold=5] [epoch=2/50] ssl_loss=0.174424 lr=0.00003821 base_val_bce=0.625949 base_best=Y base_cls_epoch=20 epoch_sec=5.6 task_elapsed_min=0.2 gpu_alloc_gb=0.272 gpu_reserved_gb=1.510
[ssl_epoch=2/50] ssl_loss=0.174424 lr=0.00003821 base_val_bce=0.625949 base_best=Y base_cls_epoch=20 epoch_sec=5.6 elapsed_min=0.2 gpu_alloc_gb=0.272 gpu_reserved_gb=1.510
CHECKPOINT_BEST repeat=8 scope=internal_cv fold=5 phase=ssl epoch=3 path=/data/adodas/VarCoNet-V2-main/xiaolunwen/experiment2b/checkpoints/worker_r8_best.pt
[repeat=8 fold=5] [epoch=3/50] ssl_loss=0.119030 lr=0.00005232 base_val_bce=0.622807 base_best=Y base_cls_epoch=23 epoch_sec=5.7 task_elapsed_min=0.3 gpu_alloc_gb=0.272 gpu_reserved_gb=1.510
[ssl_epoch=3/50] ssl_loss=0.119030 lr=0.00005232 base_val_bce=0.622807 base_best=Y base_cls_epoch=23 epoch_sec=5.9 elapsed_min=0.3 gpu_alloc_gb=0.272 gpu_reserved_gb=1.510
[repeat=8 fold=5] [epoch=4/50] ssl_loss=0.108694 lr=0.00006643 base_val_bce=0.635631 base_best=N base_cls_epoch=23 epoch_sec=3.1 task_elapsed_min=0.4 gpu_alloc_gb=0.272 gpu_reserved_gb=1.510
[ssl_epoch=4/50] ssl_loss=0.108694 lr=0.00006643 base_val_bce=0.635631 base_best=N base_cls_epoch=23 epoch_sec=3.1 elapsed_min=0.4 gpu_alloc_gb=0.272 gpu_reserved_gb=1.510
CHECKPOINT_BEST repeat=8 scope=internal_cv fold=5 phase=ssl epoch=5 path=/data/adodas/VarCoNet-V2-main/xiaolunwen/experiment2b/checkpoints/worker_r8_best.pt
[repeat=8 fold=5] [epoch=5/50] ssl_loss=0.115547 lr=0.00008053 base_val_bce=0.621587 base_best=Y base_cls_epoch=16 epoch_sec=4.9 task_elapsed_min=0.4 gpu_alloc_gb=0.272 gpu_reserved_gb=1.510
[ssl_epoch=5/50] ssl_loss=0.115547 lr=0.00008053 base_val_bce=0.621587 base_best=Y base_cls_epoch=16 epoch_sec=4.9 elapsed_min=0.4 gpu_alloc_gb=0.272 gpu_reserved_gb=1.510
CHECKPOINT_BEST repeat=8 scope=internal_cv fold=5 phase=ssl epoch=6 path=/data/adodas/VarCoNet-V2-main/xiaolunwen/experiment2b/checkpoints/worker_r8_best.pt
[repeat=8 fold=5] [epoch=6/50] ssl_loss=0.121296 lr=0.00009464 base_val_bce=0.619574 base_best=Y base_cls_epoch=22 epoch_sec=7.6 task_elapsed_min=0.5 gpu_alloc_gb=0.272 gpu_reserved_gb=1.510
[ssl_epoch=6/50] ssl_loss=0.121296 lr=0.00009464 base_val_bce=0.619574 base_best=Y base_cls_epoch=22 epoch_sec=7.6 elapsed_min=0.5 gpu_alloc_gb=0.272 gpu_reserved_gb=1.510
[repeat=8 fold=5] [epoch=7/50] ssl_loss=0.085640 lr=0.00010875 base_val_bce=0.633270 base_best=N base_cls_epoch=26 epoch_sec=4.9 task_elapsed_min=0.7 gpu_alloc_gb=0.272 gpu_reserved_gb=1.510
[ssl_epoch=7/50] ssl_loss=0.085640 lr=0.00010875 base_val_bce=0.633270 base_best=N base_cls_epoch=26 epoch_sec=6.5 elapsed_min=0.7 gpu_alloc_gb=0.272 gpu_reserved_gb=1.510
[repeat=8 fold=5] [epoch=8/50] ssl_loss=0.108915 lr=0.00012285 base_val_bce=0.624603 base_best=N base_cls_epoch=24 epoch_sec=2.5 task_elapsed_min=0.7 gpu_alloc_gb=0.272 gpu_reserved_gb=1.510
[ssl_epoch=8/50] ssl_loss=0.108915 lr=0.00012285 base_val_bce=0.624603 base_best=N base_cls_epoch=24 epoch_sec=2.7 elapsed_min=0.7 gpu_alloc_gb=0.272 gpu_reserved_gb=1.510
[repeat=8 fold=5] [epoch=9/50] ssl_loss=0.092159 lr=0.00013696 base_val_bce=0.637227 base_best=N base_cls_epoch=23 epoch_sec=3.1 task_elapsed_min=0.8 gpu_alloc_gb=0.272 gpu_reserved_gb=1.510
[ssl_epoch=9/50] ssl_loss=0.092159 lr=0.00013696 base_val_bce=0.637227 base_best=N base_cls_epoch=23 epoch_sec=5.5 elapsed_min=0.8 gpu_alloc_gb=0.272 gpu_reserved_gb=1.510
CHECKPOINT_BEST repeat=8 scope=internal_cv fold=5 phase=ssl epoch=10 path=/data/adodas/VarCoNet-V2-main/xiaolunwen/experiment2b/checkpoints/worker_r8_best.pt
CHECKPOINT_LATEST repeat=8 scope=internal_cv fold=5 phase=ssl epoch=10 path=/data/adodas/VarCoNet-V2-main/xiaolunwen/experiment2b/checkpoints/worker_r8_latest.pt
[repeat=8 fold=5] [epoch=10/50] ssl_loss=0.081326 lr=0.00013696 base_val_bce=0.614383 base_best=Y base_cls_epoch=25 epoch_sec=7.1 task_elapsed_min=0.9 gpu_alloc_gb=0.272 gpu_reserved_gb=1.510
[ssl_epoch=10/50] ssl_loss=0.081326 lr=0.00013696 base_val_bce=0.614383 base_best=Y base_cls_epoch=25 epoch_sec=7.1 elapsed_min=0.9 gpu_alloc_gb=0.272 gpu_reserved_gb=1.510
[repeat=8 fold=5] [epoch=11/50] ssl_loss=0.079119 lr=0.00013675 base_val_bce=0.616993 base_best=N base_cls_epoch=19 epoch_sec=2.6 task_elapsed_min=1.0 gpu_alloc_gb=0.272 gpu_reserved_gb=1.510
[ssl_epoch=11/50] ssl_loss=0.079119 lr=0.00013675 base_val_bce=0.616993 base_best=N base_cls_epoch=19 epoch_sec=2.7 elapsed_min=1.0 gpu_alloc_gb=0.272 gpu_reserved_gb=1.510
CHECKPOINT_BEST repeat=8 scope=internal_cv fold=5 phase=ssl epoch=12 path=/data/adodas/VarCoNet-V2-main/xiaolunwen/experiment2b/checkpoints/worker_r8_best.pt
[repeat=8 fold=5] [epoch=12/50] ssl_loss=0.072265 lr=0.00013612 base_val_bce=0.604348 base_best=Y base_cls_epoch=24 epoch_sec=8.8 task_elapsed_min=1.1 gpu_alloc_gb=0.272 gpu_reserved_gb=1.510
[ssl_epoch=12/50] ssl_loss=0.072265 lr=0.00013612 base_val_bce=0.604348 base_best=Y base_cls_epoch=24 epoch_sec=8.8 elapsed_min=1.1 gpu_alloc_gb=0.272 gpu_reserved_gb=1.510
[repeat=8 fold=5] [epoch=13/50] ssl_loss=0.075542 lr=0.00013507 base_val_bce=0.621773 base_best=N base_cls_epoch=30 epoch_sec=2.7 task_elapsed_min=1.2 gpu_alloc_gb=0.272 gpu_reserved_gb=1.510
[ssl_epoch=13/50] ssl_loss=0.075542 lr=0.00013507 base_val_bce=0.621773 base_best=N base_cls_epoch=30 epoch_sec=2.8 elapsed_min=1.2 gpu_alloc_gb=0.272 gpu_reserved_gb=1.510
[repeat=8 fold=5] [epoch=14/50] ssl_loss=0.075061 lr=0.00013361 base_val_bce=0.612941 base_best=N base_cls_epoch=32 epoch_sec=3.8 task_elapsed_min=1.3 gpu_alloc_gb=0.272 gpu_reserved_gb=1.510
[ssl_epoch=14/50] ssl_loss=0.075061 lr=0.00013361 base_val_bce=0.612941 base_best=N base_cls_epoch=32 epoch_sec=4.0 elapsed_min=1.3 gpu_alloc_gb=0.272 gpu_reserved_gb=1.510
[repeat=8 fold=5] [epoch=15/50] ssl_loss=0.065550 lr=0.00013175 base_val_bce=0.620772 base_best=N base_cls_epoch=25 epoch_sec=3.6 task_elapsed_min=1.3 gpu_alloc_gb=0.272 gpu_reserved_gb=1.510
[ssl_epoch=15/50] ssl_loss=0.065550 lr=0.00013175 base_val_bce=0.620772 base_best=N base_cls_epoch=25 epoch_sec=4.6 elapsed_min=1.3 gpu_alloc_gb=0.272 gpu_reserved_gb=1.510
[repeat=8 fold=5] [epoch=16/50] ssl_loss=0.064051 lr=0.00012950 base_val_bce=0.617366 base_best=N base_cls_epoch=31 epoch_sec=2.5 task_elapsed_min=1.4 gpu_alloc_gb=0.272 gpu_reserved_gb=1.510
[ssl_epoch=16/50] ssl_loss=0.064051 lr=0.00012950 base_val_bce=0.617366 base_best=N base_cls_epoch=31 epoch_sec=2.8 elapsed_min=1.4 gpu_alloc_gb=0.272 gpu_reserved_gb=1.510
[repeat=8 fold=5] [epoch=17/50] ssl_loss=0.052772 lr=0.00012687 base_val_bce=0.620202 base_best=N base_cls_epoch=25 epoch_sec=2.5 task_elapsed_min=1.4 gpu_alloc_gb=0.272 gpu_reserved_gb=1.510
[ssl_epoch=17/50] ssl_loss=0.052772 lr=0.00012687 base_val_bce=0.620202 base_best=N base_cls_epoch=25 epoch_sec=2.5 elapsed_min=1.4 gpu_alloc_gb=0.272 gpu_reserved_gb=1.510
[repeat=8 fold=5] [epoch=18/50] ssl_loss=0.064700 lr=0.00012388 base_val_bce=0.617593 base_best=N base_cls_epoch=24 epoch_sec=3.3 task_elapsed_min=1.5 gpu_alloc_gb=0.272 gpu_reserved_gb=1.510
[ssl_epoch=18/50] ssl_loss=0.064700 lr=0.00012388 base_val_bce=0.617593 base_best=N base_cls_epoch=24 epoch_sec=3.3 elapsed_min=1.5 gpu_alloc_gb=0.272 gpu_reserved_gb=1.510
[repeat=8 fold=5] [epoch=19/50] ssl_loss=0.073598 lr=0.00012055 base_val_bce=0.616109 base_best=N base_cls_epoch=26 epoch_sec=3.3 task_elapsed_min=1.5 gpu_alloc_gb=0.272 gpu_reserved_gb=1.510
[ssl_epoch=19/50] ssl_loss=0.073598 lr=0.00012055 base_val_bce=0.616109 base_best=N base_cls_epoch=26 epoch_sec=3.4 elapsed_min=1.5 gpu_alloc_gb=0.272 gpu_reserved_gb=1.510
CHECKPOINT_LATEST repeat=8 scope=internal_cv fold=5 phase=ssl epoch=20 path=/data/adodas/VarCoNet-V2-main/xiaolunwen/experiment2b/checkpoints/worker_r8_latest.pt
[repeat=8 fold=5] [epoch=20/50] ssl_loss=0.064423 lr=0.00011690 base_val_bce=0.626371 base_best=N base_cls_epoch=40 epoch_sec=5.9 task_elapsed_min=1.6 gpu_alloc_gb=0.272 gpu_reserved_gb=1.510
[ssl_epoch=20/50] ssl_loss=0.064423 lr=0.00011690 base_val_bce=0.626371 base_best=N base_cls_epoch=40 epoch_sec=5.9 elapsed_min=1.6 gpu_alloc_gb=0.272 gpu_reserved_gb=1.510
[repeat=8 fold=5] [epoch=21/50] ssl_loss=0.057645 lr=0.00011296 base_val_bce=0.619844 base_best=N base_cls_epoch=34 epoch_sec=3.7 task_elapsed_min=1.7 gpu_alloc_gb=0.272 gpu_reserved_gb=1.510
[ssl_epoch=21/50] ssl_loss=0.057645 lr=0.00011296 base_val_bce=0.619844 base_best=N base_cls_epoch=34 epoch_sec=4.0 elapsed_min=1.7 gpu_alloc_gb=0.272 gpu_reserved_gb=1.510
[repeat=8 fold=5] [epoch=22/50] ssl_loss=0.059760 lr=0.00010873 base_val_bce=0.615476 base_best=N base_cls_epoch=33 epoch_sec=3.1 task_elapsed_min=1.8 gpu_alloc_gb=0.272 gpu_reserved_gb=1.510
[ssl_epoch=22/50] ssl_loss=0.059760 lr=0.00010873 base_val_bce=0.615476 base_best=N base_cls_epoch=33 epoch_sec=3.2 elapsed_min=1.8 gpu_alloc_gb=0.272 gpu_reserved_gb=1.510
[repeat=8 fold=5] [epoch=23/50] ssl_loss=0.053484 lr=0.00010426 base_val_bce=0.615855 base_best=N base_cls_epoch=33 epoch_sec=3.9 task_elapsed_min=1.8 gpu_alloc_gb=0.272 gpu_reserved_gb=1.510
[ssl_epoch=23/50] ssl_loss=0.053484 lr=0.00010426 base_val_bce=0.615855 base_best=N base_cls_epoch=33 epoch_sec=4.0 elapsed_min=1.8 gpu_alloc_gb=0.272 gpu_reserved_gb=1.510
[repeat=8 fold=5] [epoch=24/50] ssl_loss=0.048730 lr=0.00009957 base_val_bce=0.616012 base_best=N base_cls_epoch=32 epoch_sec=3.5 task_elapsed_min=1.9 gpu_alloc_gb=0.272 gpu_reserved_gb=1.510
[ssl_epoch=24/50] ssl_loss=0.048730 lr=0.00009957 base_val_bce=0.616012 base_best=N base_cls_epoch=32 epoch_sec=3.6 elapsed_min=1.9 gpu_alloc_gb=0.272 gpu_reserved_gb=1.510
[repeat=8 fold=5] [epoch=25/50] ssl_loss=0.052965 lr=0.00009469 base_val_bce=0.609473 base_best=N base_cls_epoch=29 epoch_sec=3.9 task_elapsed_min=2.0 gpu_alloc_gb=0.272 gpu_reserved_gb=1.510
[ssl_epoch=25/50] ssl_loss=0.052965 lr=0.00009469 base_val_bce=0.609473 base_best=N base_cls_epoch=29 epoch_sec=3.9 elapsed_min=2.0 gpu_alloc_gb=0.272 gpu_reserved_gb=1.510
[repeat=8 fold=5] [epoch=26/50] ssl_loss=0.057798 lr=0.00008964 base_val_bce=0.625336 base_best=N base_cls_epoch=41 epoch_sec=2.9 task_elapsed_min=2.0 gpu_alloc_gb=0.272 gpu_reserved_gb=1.510
[ssl_epoch=26/50] ssl_loss=0.057798 lr=0.00008964 base_val_bce=0.625336 base_best=N base_cls_epoch=41 epoch_sec=3.3 elapsed_min=2.0 gpu_alloc_gb=0.272 gpu_reserved_gb=1.510
[repeat=8 fold=5] [epoch=27/50] ssl_loss=0.063902 lr=0.00008447 base_val_bce=0.624050 base_best=N base_cls_epoch=37 epoch_sec=3.3 task_elapsed_min=2.1 gpu_alloc_gb=0.272 gpu_reserved_gb=1.510
[ssl_epoch=27/50] ssl_loss=0.063902 lr=0.00008447 base_val_bce=0.624050 base_best=N base_cls_epoch=37 epoch_sec=3.7 elapsed_min=2.1 gpu_alloc_gb=0.272 gpu_reserved_gb=1.510
[repeat=8 fold=5] [epoch=28/50] ssl_loss=0.069272 lr=0.00007919 base_val_bce=0.618014 base_best=N base_cls_epoch=38 epoch_sec=3.8 task_elapsed_min=2.1 gpu_alloc_gb=0.272 gpu_reserved_gb=1.510
[ssl_epoch=28/50] ssl_loss=0.069272 lr=0.00007919 base_val_bce=0.618014 base_best=N base_cls_epoch=38 epoch_sec=4.1 elapsed_min=2.1 gpu_alloc_gb=0.272 gpu_reserved_gb=1.510
[repeat=8 fold=5] [epoch=29/50] ssl_loss=0.059381 lr=0.00007385 base_val_bce=0.627755 base_best=N base_cls_epoch=27 epoch_sec=3.5 task_elapsed_min=2.2 gpu_alloc_gb=0.272 gpu_reserved_gb=1.510
[ssl_epoch=29/50] ssl_loss=0.059381 lr=0.00007385 base_val_bce=0.627755 base_best=N base_cls_epoch=27 epoch_sec=4.0 elapsed_min=2.2 gpu_alloc_gb=0.272 gpu_reserved_gb=1.510
CHECKPOINT_LATEST repeat=8 scope=internal_cv fold=5 phase=ssl epoch=30 path=/data/adodas/VarCoNet-V2-main/xiaolunwen/experiment2b/checkpoints/worker_r8_latest.pt
[repeat=8 fold=5] [epoch=30/50] ssl_loss=0.051507 lr=0.00006848 base_val_bce=0.621567 base_best=N base_cls_epoch=37 epoch_sec=4.7 task_elapsed_min=2.3 gpu_alloc_gb=0.272 gpu_reserved_gb=1.510
[ssl_epoch=30/50] ssl_loss=0.051507 lr=0.00006848 base_val_bce=0.621567 base_best=N base_cls_epoch=37 epoch_sec=4.9 elapsed_min=2.3 gpu_alloc_gb=0.272 gpu_reserved_gb=1.510
[repeat=8 fold=5] [epoch=31/50] ssl_loss=0.063286 lr=0.00006311 base_val_bce=0.618051 base_best=N base_cls_epoch=41 epoch_sec=3.8 task_elapsed_min=2.4 gpu_alloc_gb=0.272 gpu_reserved_gb=1.510
[ssl_epoch=31/50] ssl_loss=0.063286 lr=0.00006311 base_val_bce=0.618051 base_best=N base_cls_epoch=41 epoch_sec=4.2 elapsed_min=2.4 gpu_alloc_gb=0.272 gpu_reserved_gb=1.510
[repeat=8 fold=5] [epoch=32/50] ssl_loss=0.062151 lr=0.00005777 base_val_bce=0.612167 base_best=N base_cls_epoch=36 epoch_sec=2.2 task_elapsed_min=2.4 gpu_alloc_gb=0.272 gpu_reserved_gb=1.510
[ssl_epoch=32/50] ssl_loss=0.062151 lr=0.00005777 base_val_bce=0.612167 base_best=N base_cls_epoch=36 epoch_sec=2.7 elapsed_min=2.4 gpu_alloc_gb=0.272 gpu_reserved_gb=1.510
[repeat=8 fold=5] [epoch=33/50] ssl_loss=0.039549 lr=0.00005249 base_val_bce=0.629815 base_best=N base_cls_epoch=34 epoch_sec=2.4 task_elapsed_min=2.5 gpu_alloc_gb=0.272 gpu_reserved_gb=1.510
[ssl_epoch=33/50] ssl_loss=0.039549 lr=0.00005249 base_val_bce=0.629815 base_best=N base_cls_epoch=34 epoch_sec=3.3 elapsed_min=2.5 gpu_alloc_gb=0.272 gpu_reserved_gb=1.510
[repeat=8 fold=5] [epoch=34/50] ssl_loss=0.048028 lr=0.00004732 base_val_bce=0.626843 base_best=N base_cls_epoch=37 epoch_sec=4.3 task_elapsed_min=2.6 gpu_alloc_gb=0.272 gpu_reserved_gb=1.510
[ssl_epoch=34/50] ssl_loss=0.048028 lr=0.00004732 base_val_bce=0.626843 base_best=N base_cls_epoch=37 epoch_sec=6.6 elapsed_min=2.6 gpu_alloc_gb=0.272 gpu_reserved_gb=1.510
[repeat=8 fold=5] [epoch=35/50] ssl_loss=0.062108 lr=0.00004227 base_val_bce=0.621273 base_best=N base_cls_epoch=32 epoch_sec=3.4 task_elapsed_min=2.7 gpu_alloc_gb=0.272 gpu_reserved_gb=1.510
[ssl_epoch=35/50] ssl_loss=0.062108 lr=0.00004227 base_val_bce=0.621273 base_best=N base_cls_epoch=32 epoch_sec=4.3 elapsed_min=2.7 gpu_alloc_gb=0.272 gpu_reserved_gb=1.510
[repeat=8 fold=5] [epoch=36/50] ssl_loss=0.048580 lr=0.00003739 base_val_bce=0.622840 base_best=N base_cls_epoch=42 epoch_sec=3.1 task_elapsed_min=2.7 gpu_alloc_gb=0.272 gpu_reserved_gb=1.510
[ssl_epoch=36/50] ssl_loss=0.048580 lr=0.00003739 base_val_bce=0.622840 base_best=N base_cls_epoch=42 epoch_sec=3.4 elapsed_min=2.7 gpu_alloc_gb=0.272 gpu_reserved_gb=1.510
[repeat=8 fold=5] [epoch=37/50] ssl_loss=0.049553 lr=0.00003270 base_val_bce=0.613736 base_best=N base_cls_epoch=34 epoch_sec=3.3 task_elapsed_min=2.8 gpu_alloc_gb=0.272 gpu_reserved_gb=1.510
[ssl_epoch=37/50] ssl_loss=0.049553 lr=0.00003270 base_val_bce=0.613736 base_best=N base_cls_epoch=34 epoch_sec=4.5 elapsed_min=2.8 gpu_alloc_gb=0.272 gpu_reserved_gb=1.510
[repeat=8 fold=5] [epoch=38/50] ssl_loss=0.054232 lr=0.00002823 base_val_bce=0.621269 base_best=N base_cls_epoch=39 epoch_sec=2.9 task_elapsed_min=2.9 gpu_alloc_gb=0.272 gpu_reserved_gb=1.510
[ssl_epoch=38/50] ssl_loss=0.054232 lr=0.00002823 base_val_bce=0.621269 base_best=N base_cls_epoch=39 epoch_sec=2.9 elapsed_min=2.9 gpu_alloc_gb=0.272 gpu_reserved_gb=1.510
[repeat=8 fold=5] [epoch=39/50] ssl_loss=0.052703 lr=0.00002401 base_val_bce=0.612635 base_best=N base_cls_epoch=39 epoch_sec=2.9 task_elapsed_min=3.0 gpu_alloc_gb=0.272 gpu_reserved_gb=1.510
[ssl_epoch=39/50] ssl_loss=0.052703 lr=0.00002401 base_val_bce=0.612635 base_best=N base_cls_epoch=39 epoch_sec=2.9 elapsed_min=3.0 gpu_alloc_gb=0.272 gpu_reserved_gb=1.510
CHECKPOINT_LATEST repeat=8 scope=internal_cv fold=5 phase=ssl epoch=40 path=/data/adodas/VarCoNet-V2-main/xiaolunwen/experiment2b/checkpoints/worker_r8_latest.pt
[repeat=8 fold=5] [epoch=40/50] ssl_loss=0.062243 lr=0.00002006 base_val_bce=0.609678 base_best=N base_cls_epoch=40 epoch_sec=11.2 task_elapsed_min=3.0 gpu_alloc_gb=0.272 gpu_reserved_gb=1.510
[ssl_epoch=40/50] ssl_loss=0.062243 lr=0.00002006 base_val_bce=0.609678 base_best=N base_cls_epoch=40 epoch_sec=11.2 elapsed_min=3.0 gpu_alloc_gb=0.272 gpu_reserved_gb=1.510
[repeat=8 fold=5] [epoch=41/50] ssl_loss=0.052951 lr=0.00001641 base_val_bce=0.605747 base_best=N base_cls_epoch=28 epoch_sec=3.4 task_elapsed_min=3.2 gpu_alloc_gb=0.272 gpu_reserved_gb=1.510
[ssl_epoch=41/50] ssl_loss=0.052951 lr=0.00001641 base_val_bce=0.605747 base_best=N base_cls_epoch=28 epoch_sec=3.4 elapsed_min=3.2 gpu_alloc_gb=0.272 gpu_reserved_gb=1.510
[repeat=8 fold=5] [epoch=42/50] ssl_loss=0.047151 lr=0.00001308 base_val_bce=0.620686 base_best=N base_cls_epoch=36 epoch_sec=3.7 task_elapsed_min=3.3 gpu_alloc_gb=0.272 gpu_reserved_gb=1.510
[ssl_epoch=42/50] ssl_loss=0.047151 lr=0.00001308 base_val_bce=0.620686 base_best=N base_cls_epoch=36 epoch_sec=3.8 elapsed_min=3.3 gpu_alloc_gb=0.272 gpu_reserved_gb=1.510
[repeat=8 fold=5] [epoch=43/50] ssl_loss=0.050765 lr=0.00001009 base_val_bce=0.616275 base_best=N base_cls_epoch=27 epoch_sec=2.7 task_elapsed_min=3.3 gpu_alloc_gb=0.272 gpu_reserved_gb=1.510
[ssl_epoch=43/50] ssl_loss=0.050765 lr=0.00001009 base_val_bce=0.616275 base_best=N base_cls_epoch=27 epoch_sec=3.0 elapsed_min=3.3 gpu_alloc_gb=0.272 gpu_reserved_gb=1.510
[repeat=8 fold=5] [epoch=44/50] ssl_loss=0.065379 lr=0.00000746 base_val_bce=0.618605 base_best=N base_cls_epoch=29 epoch_sec=4.0 task_elapsed_min=3.4 gpu_alloc_gb=0.272 gpu_reserved_gb=1.510
[ssl_epoch=44/50] ssl_loss=0.065379 lr=0.00000746 base_val_bce=0.618605 base_best=N base_cls_epoch=29 epoch_sec=4.2 elapsed_min=3.4 gpu_alloc_gb=0.272 gpu_reserved_gb=1.510
[repeat=8 fold=5] [epoch=45/50] ssl_loss=0.049892 lr=0.00000521 base_val_bce=0.630494 base_best=N base_cls_epoch=24 epoch_sec=3.2 task_elapsed_min=3.4 gpu_alloc_gb=0.272 gpu_reserved_gb=1.510
[ssl_epoch=45/50] ssl_loss=0.049892 lr=0.00000521 base_val_bce=0.630494 base_best=N base_cls_epoch=24 epoch_sec=3.5 elapsed_min=3.4 gpu_alloc_gb=0.272 gpu_reserved_gb=1.510
[repeat=8 fold=5] [epoch=46/50] ssl_loss=0.054985 lr=0.00000335 base_val_bce=0.616282 base_best=N base_cls_epoch=29 epoch_sec=3.3 task_elapsed_min=3.5 gpu_alloc_gb=0.272 gpu_reserved_gb=1.510
[ssl_epoch=46/50] ssl_loss=0.054985 lr=0.00000335 base_val_bce=0.616282 base_best=N base_cls_epoch=29 epoch_sec=3.3 elapsed_min=3.5 gpu_alloc_gb=0.272 gpu_reserved_gb=1.510
[repeat=8 fold=5] [epoch=47/50] ssl_loss=0.061553 lr=0.00000189 base_val_bce=0.629992 base_best=N base_cls_epoch=42 epoch_sec=3.4 task_elapsed_min=3.6 gpu_alloc_gb=0.272 gpu_reserved_gb=1.510
[ssl_epoch=47/50] ssl_loss=0.061553 lr=0.00000189 base_val_bce=0.629992 base_best=N base_cls_epoch=42 epoch_sec=4.3 elapsed_min=3.6 gpu_alloc_gb=0.272 gpu_reserved_gb=1.510
[repeat=8 fold=5] [epoch=48/50] ssl_loss=0.044348 lr=0.00000084 base_val_bce=0.631853 base_best=N base_cls_epoch=28 epoch_sec=3.6 task_elapsed_min=3.7 gpu_alloc_gb=0.272 gpu_reserved_gb=1.510
[ssl_epoch=48/50] ssl_loss=0.044348 lr=0.00000084 base_val_bce=0.631853 base_best=N base_cls_epoch=28 epoch_sec=3.7 elapsed_min=3.7 gpu_alloc_gb=0.272 gpu_reserved_gb=1.510
[repeat=8 fold=5] [epoch=49/50] ssl_loss=0.059157 lr=0.00000021 base_val_bce=0.621410 base_best=N base_cls_epoch=34 epoch_sec=4.3 task_elapsed_min=3.7 gpu_alloc_gb=0.272 gpu_reserved_gb=1.510
[ssl_epoch=49/50] ssl_loss=0.059157 lr=0.00000021 base_val_bce=0.621410 base_best=N base_cls_epoch=34 epoch_sec=4.3 elapsed_min=3.7 gpu_alloc_gb=0.272 gpu_reserved_gb=1.510
CHECKPOINT_LATEST repeat=8 scope=internal_cv fold=5 phase=ssl epoch=50 path=/data/adodas/VarCoNet-V2-main/xiaolunwen/experiment2b/checkpoints/worker_r8_latest.pt
[repeat=8 fold=5] [epoch=50/50] ssl_loss=0.050412 lr=0.00000000 base_val_bce=0.620144 base_best=N base_cls_epoch=31 epoch_sec=10.4 task_elapsed_min=3.8 gpu_alloc_gb=0.272 gpu_reserved_gb=1.510
[ssl_epoch=50/50] ssl_loss=0.050412 lr=0.00000000 base_val_bce=0.620144 base_best=N base_cls_epoch=31 epoch_sec=10.4 elapsed_min=3.8 gpu_alloc_gb=0.272 gpu_reserved_gb=1.510
RESIDUAL_EPOCH repeat=8 scope=internal_cv fold=5 epoch=0 val_bce=0.604348 best=Y dynamic_dim=73536
CHECKPOINT_BEST repeat=8 scope=internal_cv fold=5 phase=residual epoch=2 path=/data/adodas/VarCoNet-V2-main/xiaolunwen/experiment2b/checkpoints/worker_r8_best.pt
[residual_epoch=2/149] residual_loss=0.313113 val_bce=0.599105 best=Y best_epoch=2 epoch_sec=5.8 task_elapsed_min=3.9
CHECKPOINT_BEST repeat=8 scope=internal_cv fold=5 phase=residual epoch=3 path=/data/adodas/VarCoNet-V2-main/xiaolunwen/experiment2b/checkpoints/worker_r8_best.pt
[residual_epoch=3/149] residual_loss=0.290634 val_bce=0.592723 best=Y best_epoch=3 epoch_sec=4.3 task_elapsed_min=4.0
CHECKPOINT_LATEST repeat=8 scope=internal_cv fold=5 phase=residual epoch=10 path=/data/adodas/VarCoNet-V2-main/xiaolunwen/experiment2b/checkpoints/worker_r8_latest.pt
[residual_epoch=10/149] residual_loss=0.213282 val_bce=0.608184 best=N best_epoch=3 epoch_sec=1.2 task_elapsed_min=4.1
CHECKPOINT_LATEST repeat=8 scope=internal_cv fold=5 phase=residual epoch=20 path=/data/adodas/VarCoNet-V2-main/xiaolunwen/experiment2b/checkpoints/worker_r8_latest.pt
[residual_epoch=20/149] residual_loss=0.137955 val_bce=0.639631 best=N best_epoch=3 epoch_sec=9.5 task_elapsed_min=4.1
CHECKPOINT_LATEST repeat=8 scope=internal_cv fold=5 phase=residual epoch=30 path=/data/adodas/VarCoNet-V2-main/xiaolunwen/experiment2b/checkpoints/worker_r8_latest.pt
[residual_epoch=30/149] residual_loss=0.094045 val_bce=0.660877 best=N best_epoch=3 epoch_sec=2.2 task_elapsed_min=4.3
CHECKPOINT_LATEST repeat=8 scope=internal_cv fold=5 phase=residual epoch=40 path=/data/adodas/VarCoNet-V2-main/xiaolunwen/experiment2b/checkpoints/worker_r8_latest.pt
[residual_epoch=40/149] residual_loss=0.067912 val_bce=0.678742 best=N best_epoch=3 epoch_sec=5.7 task_elapsed_min=4.3
CHECKPOINT_LATEST repeat=8 scope=internal_cv fold=5 phase=residual epoch=50 path=/data/adodas/VarCoNet-V2-main/xiaolunwen/experiment2b/checkpoints/worker_r8_latest.pt
[residual_epoch=50/149] residual_loss=0.051717 val_bce=0.694351 best=N best_epoch=3 epoch_sec=3.0 task_elapsed_min=4.4
CHECKPOINT_LATEST repeat=8 scope=internal_cv fold=5 phase=residual epoch=60 path=/data/adodas/VarCoNet-V2-main/xiaolunwen/experiment2b/checkpoints/worker_r8_latest.pt
[residual_epoch=60/149] residual_loss=0.041156 val_bce=0.708225 best=N best_epoch=3 epoch_sec=1.0 task_elapsed_min=4.5
CHECKPOINT_LATEST repeat=8 scope=internal_cv fold=5 phase=residual epoch=70 path=/data/adodas/VarCoNet-V2-main/xiaolunwen/experiment2b/checkpoints/worker_r8_latest.pt
[residual_epoch=70/149] residual_loss=0.033878 val_bce=0.721753 best=N best_epoch=3 epoch_sec=0.8 task_elapsed_min=4.5
CHECKPOINT_LATEST repeat=8 scope=internal_cv fold=5 phase=residual epoch=80 path=/data/adodas/VarCoNet-V2-main/xiaolunwen/experiment2b/checkpoints/worker_r8_latest.pt
[residual_epoch=80/149] residual_loss=0.028601 val_bce=0.735198 best=N best_epoch=3 epoch_sec=0.6 task_elapsed_min=4.5
CHECKPOINT_LATEST repeat=8 scope=internal_cv fold=5 phase=residual epoch=90 path=/data/adodas/VarCoNet-V2-main/xiaolunwen/experiment2b/checkpoints/worker_r8_latest.pt
[residual_epoch=90/149] residual_loss=0.024614 val_bce=0.748117 best=N best_epoch=3 epoch_sec=0.9 task_elapsed_min=4.5
CHECKPOINT_LATEST repeat=8 scope=internal_cv fold=5 phase=residual epoch=100 path=/data/adodas/VarCoNet-V2-main/xiaolunwen/experiment2b/checkpoints/worker_r8_latest.pt
[residual_epoch=100/149] residual_loss=0.021503 val_bce=0.759941 best=N best_epoch=3 epoch_sec=2.4 task_elapsed_min=4.5
CHECKPOINT_LATEST repeat=8 scope=internal_cv fold=5 phase=residual epoch=110 path=/data/adodas/VarCoNet-V2-main/xiaolunwen/experiment2b/checkpoints/worker_r8_latest.pt
[residual_epoch=110/149] residual_loss=0.019009 val_bce=0.770588 best=N best_epoch=3 epoch_sec=2.6 task_elapsed_min=4.6
CHECKPOINT_LATEST repeat=8 scope=internal_cv fold=5 phase=residual epoch=120 path=/data/adodas/VarCoNet-V2-main/xiaolunwen/experiment2b/checkpoints/worker_r8_latest.pt
[residual_epoch=120/149] residual_loss=0.016969 val_bce=0.780628 best=N best_epoch=3 epoch_sec=1.6 task_elapsed_min=4.6
CHECKPOINT_LATEST repeat=8 scope=internal_cv fold=5 phase=residual epoch=130 path=/data/adodas/VarCoNet-V2-main/xiaolunwen/experiment2b/checkpoints/worker_r8_latest.pt
[residual_epoch=130/149] residual_loss=0.015273 val_bce=0.790375 best=N best_epoch=3 epoch_sec=1.4 task_elapsed_min=4.6
CHECKPOINT_LATEST repeat=8 scope=internal_cv fold=5 phase=residual epoch=140 path=/data/adodas/VarCoNet-V2-main/xiaolunwen/experiment2b/checkpoints/worker_r8_latest.pt
[residual_epoch=140/149] residual_loss=0.013843 val_bce=0.799606 best=N best_epoch=3 epoch_sec=4.1 task_elapsed_min=4.7
RESIDUAL_DONE repeat=8 scope=internal_cv fold=5 selected_encoder_epoch=12 selected_classifier_epoch=24 selected_residual_epoch=3 val_bce=0.592723
TASK_TRAINING_DONE repeat=8 scope=internal_cv fold=5 base_epoch=12 dyn_epoch=12 base_val_bce=0.604348 dyn_val_bce=0.592723
TASK_DONE repeat=8 scope=internal_fold fold=5 method=baseline selected_encoder_epoch=12 test_auc=0.744162 test_bce=0.591565 elapsed_min=4.7
TASK_DONE repeat=8 scope=internal_fold fold=5 method=pretransformer_edge_residual selected_encoder_epoch=12 test_auc=0.706798 test_bce=0.613879 elapsed_min=4.7
TASK_START repeat=8 scope=internal_cv fold=6 seed=100806 device=cuda:0 shared_encoder=Y
CHECKPOINT_BEST repeat=8 scope=internal_cv fold=6 phase=ssl epoch=1 path=/data/adodas/VarCoNet-V2-main/xiaolunwen/experiment2b/checkpoints/worker_r8_best.pt
[repeat=8 fold=6] [epoch=1/50] ssl_loss=0.101205 lr=0.00002411 base_val_bce=0.622299 base_best=Y base_cls_epoch=25 epoch_sec=14.3 task_elapsed_min=0.1 gpu_alloc_gb=0.272 gpu_reserved_gb=1.510
[ssl_epoch=1/50] ssl_loss=0.101205 lr=0.00002411 base_val_bce=0.622299 base_best=Y base_cls_epoch=25 epoch_sec=14.3 elapsed_min=0.1 gpu_alloc_gb=0.272 gpu_reserved_gb=1.510
[repeat=8 fold=6] [epoch=2/50] ssl_loss=0.108045 lr=0.00003821 base_val_bce=0.635922 base_best=N base_cls_epoch=29 epoch_sec=3.4 task_elapsed_min=0.3 gpu_alloc_gb=0.272 gpu_reserved_gb=1.510
[ssl_epoch=2/50] ssl_loss=0.108045 lr=0.00003821 base_val_bce=0.635922 base_best=N base_cls_epoch=29 epoch_sec=3.4 elapsed_min=0.3 gpu_alloc_gb=0.272 gpu_reserved_gb=1.510
[repeat=8 fold=6] [epoch=3/50] ssl_loss=0.074964 lr=0.00005232 base_val_bce=0.638428 base_best=N base_cls_epoch=21 epoch_sec=4.9 task_elapsed_min=0.4 gpu_alloc_gb=0.272 gpu_reserved_gb=1.510
[ssl_epoch=3/50] ssl_loss=0.074964 lr=0.00005232 base_val_bce=0.638428 base_best=N base_cls_epoch=21 epoch_sec=5.1 elapsed_min=0.4 gpu_alloc_gb=0.272 gpu_reserved_gb=1.510
[repeat=8 fold=6] [epoch=4/50] ssl_loss=0.085676 lr=0.00006643 base_val_bce=0.636701 base_best=N base_cls_epoch=28 epoch_sec=2.8 task_elapsed_min=0.4 gpu_alloc_gb=0.272 gpu_reserved_gb=1.510
[ssl_epoch=4/50] ssl_loss=0.085676 lr=0.00006643 base_val_bce=0.636701 base_best=N base_cls_epoch=28 epoch_sec=3.5 elapsed_min=0.4 gpu_alloc_gb=0.272 gpu_reserved_gb=1.510
[repeat=8 fold=6] [epoch=5/50] ssl_loss=0.078424 lr=0.00008053 base_val_bce=0.624159 base_best=N base_cls_epoch=23 epoch_sec=2.5 task_elapsed_min=0.5 gpu_alloc_gb=0.272 gpu_reserved_gb=1.510
[ssl_epoch=5/50] ssl_loss=0.078424 lr=0.00008053 base_val_bce=0.624159 base_best=N base_cls_epoch=23 epoch_sec=2.5 elapsed_min=0.5 gpu_alloc_gb=0.272 gpu_reserved_gb=1.510
CHECKPOINT_BEST repeat=8 scope=internal_cv fold=6 phase=ssl epoch=6 path=/data/adodas/VarCoNet-V2-main/xiaolunwen/experiment2b/checkpoints/worker_r8_best.pt
[repeat=8 fold=6] [epoch=6/50] ssl_loss=0.068337 lr=0.00009464 base_val_bce=0.619431 base_best=Y base_cls_epoch=22 epoch_sec=5.9 task_elapsed_min=0.6 gpu_alloc_gb=0.272 gpu_reserved_gb=1.510
[ssl_epoch=6/50] ssl_loss=0.068337 lr=0.00009464 base_val_bce=0.619431 base_best=Y base_cls_epoch=22 epoch_sec=5.9 elapsed_min=0.6 gpu_alloc_gb=0.272 gpu_reserved_gb=1.510
[repeat=8 fold=6] [epoch=7/50] ssl_loss=0.057656 lr=0.00010875 base_val_bce=0.637911 base_best=N base_cls_epoch=27 epoch_sec=3.2 task_elapsed_min=0.6 gpu_alloc_gb=0.272 gpu_reserved_gb=1.510
[ssl_epoch=7/50] ssl_loss=0.057656 lr=0.00010875 base_val_bce=0.637911 base_best=N base_cls_epoch=27 epoch_sec=4.1 elapsed_min=0.6 gpu_alloc_gb=0.272 gpu_reserved_gb=1.510
[repeat=8 fold=6] [epoch=8/50] ssl_loss=0.063896 lr=0.00012285 base_val_bce=0.631279 base_best=N base_cls_epoch=22 epoch_sec=3.1 task_elapsed_min=0.7 gpu_alloc_gb=0.272 gpu_reserved_gb=1.510
[ssl_epoch=8/50] ssl_loss=0.063896 lr=0.00012285 base_val_bce=0.631279 base_best=N base_cls_epoch=22 epoch_sec=3.3 elapsed_min=0.7 gpu_alloc_gb=0.272 gpu_reserved_gb=1.510
[repeat=8 fold=6] [epoch=9/50] ssl_loss=0.048461 lr=0.00013696 base_val_bce=0.629403 base_best=N base_cls_epoch=22 epoch_sec=3.1 task_elapsed_min=0.8 gpu_alloc_gb=0.272 gpu_reserved_gb=1.510
[ssl_epoch=9/50] ssl_loss=0.048461 lr=0.00013696 base_val_bce=0.629403 base_best=N base_cls_epoch=22 epoch_sec=5.7 elapsed_min=0.8 gpu_alloc_gb=0.272 gpu_reserved_gb=1.510
CHECKPOINT_LATEST repeat=8 scope=internal_cv fold=6 phase=ssl epoch=10 path=/data/adodas/VarCoNet-V2-main/xiaolunwen/experiment2b/checkpoints/worker_r8_latest.pt
[repeat=8 fold=6] [epoch=10/50] ssl_loss=0.069154 lr=0.00013696 base_val_bce=0.630384 base_best=N base_cls_epoch=33 epoch_sec=8.5 task_elapsed_min=0.9 gpu_alloc_gb=0.272 gpu_reserved_gb=1.510
[ssl_epoch=10/50] ssl_loss=0.069154 lr=0.00013696 base_val_bce=0.630384 base_best=N base_cls_epoch=33 epoch_sec=8.5 elapsed_min=0.9 gpu_alloc_gb=0.272 gpu_reserved_gb=1.510
CHECKPOINT_BEST repeat=8 scope=internal_cv fold=6 phase=ssl epoch=11 path=/data/adodas/VarCoNet-V2-main/xiaolunwen/experiment2b/checkpoints/worker_r8_best.pt
[repeat=8 fold=6] [epoch=11/50] ssl_loss=0.055218 lr=0.00013675 base_val_bce=0.618285 base_best=Y base_cls_epoch=33 epoch_sec=11.3 task_elapsed_min=1.0 gpu_alloc_gb=0.272 gpu_reserved_gb=1.510
[ssl_epoch=11/50] ssl_loss=0.055218 lr=0.00013675 base_val_bce=0.618285 base_best=Y base_cls_epoch=33 epoch_sec=11.4 elapsed_min=1.0 gpu_alloc_gb=0.272 gpu_reserved_gb=1.510
[repeat=8 fold=6] [epoch=12/50] ssl_loss=0.051680 lr=0.00013612 base_val_bce=0.631113 base_best=N base_cls_epoch=37 epoch_sec=4.9 task_elapsed_min=1.2 gpu_alloc_gb=0.272 gpu_reserved_gb=1.510
[ssl_epoch=12/50] ssl_loss=0.051680 lr=0.00013612 base_val_bce=0.631113 base_best=N base_cls_epoch=37 epoch_sec=5.2 elapsed_min=1.2 gpu_alloc_gb=0.272 gpu_reserved_gb=1.510
CHECKPOINT_BEST repeat=8 scope=internal_cv fold=6 phase=ssl epoch=13 path=/data/adodas/VarCoNet-V2-main/xiaolunwen/experiment2b/checkpoints/worker_r8_best.pt
[repeat=8 fold=6] [epoch=13/50] ssl_loss=0.052234 lr=0.00013507 base_val_bce=0.607077 base_best=Y base_cls_epoch=38 epoch_sec=9.8 task_elapsed_min=1.3 gpu_alloc_gb=0.272 gpu_reserved_gb=1.510
[ssl_epoch=13/50] ssl_loss=0.052234 lr=0.00013507 base_val_bce=0.607077 base_best=Y base_cls_epoch=38 epoch_sec=9.8 elapsed_min=1.3 gpu_alloc_gb=0.272 gpu_reserved_gb=1.510
[repeat=8 fold=6] [epoch=14/50] ssl_loss=0.052663 lr=0.00013361 base_val_bce=0.616334 base_best=N base_cls_epoch=38 epoch_sec=3.9 task_elapsed_min=1.5 gpu_alloc_gb=0.272 gpu_reserved_gb=1.510
[ssl_epoch=14/50] ssl_loss=0.052663 lr=0.00013361 base_val_bce=0.616334 base_best=N base_cls_epoch=38 epoch_sec=4.1 elapsed_min=1.5 gpu_alloc_gb=0.272 gpu_reserved_gb=1.510
[repeat=8 fold=6] [epoch=15/50] ssl_loss=0.044236 lr=0.00013175 base_val_bce=0.622091 base_best=N base_cls_epoch=42 epoch_sec=2.7 task_elapsed_min=1.5 gpu_alloc_gb=0.272 gpu_reserved_gb=1.510
[ssl_epoch=15/50] ssl_loss=0.044236 lr=0.00013175 base_val_bce=0.622091 base_best=N base_cls_epoch=42 epoch_sec=2.9 elapsed_min=1.5 gpu_alloc_gb=0.272 gpu_reserved_gb=1.510
[repeat=8 fold=6] [epoch=16/50] ssl_loss=0.052409 lr=0.00012950 base_val_bce=0.619853 base_best=N base_cls_epoch=49 epoch_sec=2.2 task_elapsed_min=1.6 gpu_alloc_gb=0.272 gpu_reserved_gb=1.510
[ssl_epoch=16/50] ssl_loss=0.052409 lr=0.00012950 base_val_bce=0.619853 base_best=N base_cls_epoch=49 epoch_sec=2.7 elapsed_min=1.6 gpu_alloc_gb=0.272 gpu_reserved_gb=1.510
[repeat=8 fold=6] [epoch=17/50] ssl_loss=0.036996 lr=0.00012687 base_val_bce=0.615702 base_best=N base_cls_epoch=43 epoch_sec=1.8 task_elapsed_min=1.6 gpu_alloc_gb=0.272 gpu_reserved_gb=1.510
[ssl_epoch=17/50] ssl_loss=0.036996 lr=0.00012687 base_val_bce=0.615702 base_best=N base_cls_epoch=43 epoch_sec=1.9 elapsed_min=1.6 gpu_alloc_gb=0.272 gpu_reserved_gb=1.510
[repeat=8 fold=6] [epoch=18/50] ssl_loss=0.044250 lr=0.00012388 base_val_bce=0.618250 base_best=N base_cls_epoch=43 epoch_sec=2.0 task_elapsed_min=1.7 gpu_alloc_gb=0.272 gpu_reserved_gb=1.510
[ssl_epoch=18/50] ssl_loss=0.044250 lr=0.00012388 base_val_bce=0.618250 base_best=N base_cls_epoch=43 epoch_sec=3.7 elapsed_min=1.7 gpu_alloc_gb=0.272 gpu_reserved_gb=1.510
[repeat=8 fold=6] [epoch=19/50] ssl_loss=0.056503 lr=0.00012055 base_val_bce=0.628585 base_best=N base_cls_epoch=42 epoch_sec=2.7 task_elapsed_min=1.7 gpu_alloc_gb=0.272 gpu_reserved_gb=1.510
[ssl_epoch=19/50] ssl_loss=0.056503 lr=0.00012055 base_val_bce=0.628585 base_best=N base_cls_epoch=42 epoch_sec=2.7 elapsed_min=1.7 gpu_alloc_gb=0.272 gpu_reserved_gb=1.510
CHECKPOINT_LATEST repeat=8 scope=internal_cv fold=6 phase=ssl epoch=20 path=/data/adodas/VarCoNet-V2-main/xiaolunwen/experiment2b/checkpoints/worker_r8_latest.pt
[repeat=8 fold=6] [epoch=20/50] ssl_loss=0.049030 lr=0.00011690 base_val_bce=0.616862 base_best=N base_cls_epoch=44 epoch_sec=11.5 task_elapsed_min=1.8 gpu_alloc_gb=0.272 gpu_reserved_gb=1.510
[ssl_epoch=20/50] ssl_loss=0.049030 lr=0.00011690 base_val_bce=0.616862 base_best=N base_cls_epoch=44 epoch_sec=11.5 elapsed_min=1.8 gpu_alloc_gb=0.272 gpu_reserved_gb=1.510
[repeat=8 fold=6] [epoch=21/50] ssl_loss=0.052357 lr=0.00011296 base_val_bce=0.617139 base_best=N base_cls_epoch=43 epoch_sec=2.8 task_elapsed_min=2.0 gpu_alloc_gb=0.272 gpu_reserved_gb=1.510
[ssl_epoch=21/50] ssl_loss=0.052357 lr=0.00011296 base_val_bce=0.617139 base_best=N base_cls_epoch=43 epoch_sec=2.9 elapsed_min=2.0 gpu_alloc_gb=0.272 gpu_reserved_gb=1.510
[repeat=8 fold=6] [epoch=22/50] ssl_loss=0.033728 lr=0.00010873 base_val_bce=0.615279 base_best=N base_cls_epoch=51 epoch_sec=3.1 task_elapsed_min=2.0 gpu_alloc_gb=0.272 gpu_reserved_gb=1.510
[ssl_epoch=22/50] ssl_loss=0.033728 lr=0.00010873 base_val_bce=0.615279 base_best=N base_cls_epoch=51 epoch_sec=3.2 elapsed_min=2.0 gpu_alloc_gb=0.272 gpu_reserved_gb=1.510
[repeat=8 fold=6] [epoch=23/50] ssl_loss=0.046727 lr=0.00010426 base_val_bce=0.619355 base_best=N base_cls_epoch=48 epoch_sec=3.8 task_elapsed_min=2.1 gpu_alloc_gb=0.272 gpu_reserved_gb=1.510
[ssl_epoch=23/50] ssl_loss=0.046727 lr=0.00010426 base_val_bce=0.619355 base_best=N base_cls_epoch=48 epoch_sec=4.2 elapsed_min=2.1 gpu_alloc_gb=0.272 gpu_reserved_gb=1.510
[repeat=8 fold=6] [epoch=24/50] ssl_loss=0.038248 lr=0.00009957 base_val_bce=0.615255 base_best=N base_cls_epoch=44 epoch_sec=3.8 task_elapsed_min=2.2 gpu_alloc_gb=0.272 gpu_reserved_gb=1.510
[ssl_epoch=24/50] ssl_loss=0.038248 lr=0.00009957 base_val_bce=0.615255 base_best=N base_cls_epoch=44 epoch_sec=4.0 elapsed_min=2.2 gpu_alloc_gb=0.272 gpu_reserved_gb=1.510
[repeat=8 fold=6] [epoch=25/50] ssl_loss=0.036905 lr=0.00009469 base_val_bce=0.614149 base_best=N base_cls_epoch=42 epoch_sec=3.4 task_elapsed_min=2.2 gpu_alloc_gb=0.272 gpu_reserved_gb=1.510
[ssl_epoch=25/50] ssl_loss=0.036905 lr=0.00009469 base_val_bce=0.614149 base_best=N base_cls_epoch=42 epoch_sec=3.7 elapsed_min=2.2 gpu_alloc_gb=0.272 gpu_reserved_gb=1.510
[repeat=8 fold=6] [epoch=26/50] ssl_loss=0.047778 lr=0.00008964 base_val_bce=0.614033 base_best=N base_cls_epoch=45 epoch_sec=2.7 task_elapsed_min=2.3 gpu_alloc_gb=0.272 gpu_reserved_gb=1.510
[ssl_epoch=26/50] ssl_loss=0.047778 lr=0.00008964 base_val_bce=0.614033 base_best=N base_cls_epoch=45 epoch_sec=3.2 elapsed_min=2.3 gpu_alloc_gb=0.272 gpu_reserved_gb=1.510
[repeat=8 fold=6] [epoch=27/50] ssl_loss=0.032543 lr=0.00008447 base_val_bce=0.611336 base_best=N base_cls_epoch=52 epoch_sec=3.2 task_elapsed_min=2.4 gpu_alloc_gb=0.272 gpu_reserved_gb=1.510
[ssl_epoch=27/50] ssl_loss=0.032543 lr=0.00008447 base_val_bce=0.611336 base_best=N base_cls_epoch=52 epoch_sec=3.8 elapsed_min=2.4 gpu_alloc_gb=0.272 gpu_reserved_gb=1.510
[repeat=8 fold=6] [epoch=28/50] ssl_loss=0.033975 lr=0.00007919 base_val_bce=0.614740 base_best=N base_cls_epoch=48 epoch_sec=3.0 task_elapsed_min=2.4 gpu_alloc_gb=0.272 gpu_reserved_gb=1.510
[ssl_epoch=28/50] ssl_loss=0.033975 lr=0.00007919 base_val_bce=0.614740 base_best=N base_cls_epoch=48 epoch_sec=3.2 elapsed_min=2.4 gpu_alloc_gb=0.272 gpu_reserved_gb=1.510
[repeat=8 fold=6] [epoch=29/50] ssl_loss=0.032693 lr=0.00007385 base_val_bce=0.618358 base_best=N base_cls_epoch=48 epoch_sec=2.9 task_elapsed_min=2.5 gpu_alloc_gb=0.272 gpu_reserved_gb=1.510
[ssl_epoch=29/50] ssl_loss=0.032693 lr=0.00007385 base_val_bce=0.618358 base_best=N base_cls_epoch=48 epoch_sec=3.7 elapsed_min=2.5 gpu_alloc_gb=0.272 gpu_reserved_gb=1.510
CHECKPOINT_LATEST repeat=8 scope=internal_cv fold=6 phase=ssl epoch=30 path=/data/adodas/VarCoNet-V2-main/xiaolunwen/experiment2b/checkpoints/worker_r8_latest.pt
[repeat=8 fold=6] [epoch=30/50] ssl_loss=0.029860 lr=0.00006848 base_val_bce=0.608350 base_best=N base_cls_epoch=46 epoch_sec=8.9 task_elapsed_min=2.5 gpu_alloc_gb=0.272 gpu_reserved_gb=1.510
[ssl_epoch=30/50] ssl_loss=0.029860 lr=0.00006848 base_val_bce=0.608350 base_best=N base_cls_epoch=46 epoch_sec=8.9 elapsed_min=2.5 gpu_alloc_gb=0.272 gpu_reserved_gb=1.510
[repeat=8 fold=6] [epoch=31/50] ssl_loss=0.043620 lr=0.00006311 base_val_bce=0.619578 base_best=N base_cls_epoch=44 epoch_sec=3.3 task_elapsed_min=2.7 gpu_alloc_gb=0.272 gpu_reserved_gb=1.510
[ssl_epoch=31/50] ssl_loss=0.043620 lr=0.00006311 base_val_bce=0.619578 base_best=N base_cls_epoch=44 epoch_sec=4.4 elapsed_min=2.7 gpu_alloc_gb=0.272 gpu_reserved_gb=1.510
[repeat=8 fold=6] [epoch=32/50] ssl_loss=0.038907 lr=0.00005777 base_val_bce=0.617441 base_best=N base_cls_epoch=43 epoch_sec=2.9 task_elapsed_min=2.8 gpu_alloc_gb=0.272 gpu_reserved_gb=1.510
[ssl_epoch=32/50] ssl_loss=0.038907 lr=0.00005777 base_val_bce=0.617441 base_best=N base_cls_epoch=43 epoch_sec=3.0 elapsed_min=2.8 gpu_alloc_gb=0.272 gpu_reserved_gb=1.510
[repeat=8 fold=6] [epoch=33/50] ssl_loss=0.032767 lr=0.00005249 base_val_bce=0.624494 base_best=N base_cls_epoch=50 epoch_sec=2.9 task_elapsed_min=2.8 gpu_alloc_gb=0.272 gpu_reserved_gb=1.510
[ssl_epoch=33/50] ssl_loss=0.032767 lr=0.00005249 base_val_bce=0.624494 base_best=N base_cls_epoch=50 epoch_sec=3.6 elapsed_min=2.8 gpu_alloc_gb=0.272 gpu_reserved_gb=1.510
[repeat=8 fold=6] [epoch=34/50] ssl_loss=0.041466 lr=0.00004732 base_val_bce=0.613672 base_best=N base_cls_epoch=51 epoch_sec=5.3 task_elapsed_min=2.9 gpu_alloc_gb=0.272 gpu_reserved_gb=1.510
[ssl_epoch=34/50] ssl_loss=0.041466 lr=0.00004732 base_val_bce=0.613672 base_best=N base_cls_epoch=51 epoch_sec=5.4 elapsed_min=2.9 gpu_alloc_gb=0.272 gpu_reserved_gb=1.510
[repeat=8 fold=6] [epoch=35/50] ssl_loss=0.046427 lr=0.00004227 base_val_bce=0.622699 base_best=N base_cls_epoch=49 epoch_sec=3.9 task_elapsed_min=3.0 gpu_alloc_gb=0.272 gpu_reserved_gb=1.510
[ssl_epoch=35/50] ssl_loss=0.046427 lr=0.00004227 base_val_bce=0.622699 base_best=N base_cls_epoch=49 epoch_sec=5.2 elapsed_min=3.0 gpu_alloc_gb=0.272 gpu_reserved_gb=1.510
[repeat=8 fold=6] [epoch=36/50] ssl_loss=0.035807 lr=0.00003739 base_val_bce=0.616590 base_best=N base_cls_epoch=46 epoch_sec=2.2 task_elapsed_min=3.0 gpu_alloc_gb=0.272 gpu_reserved_gb=1.510
[ssl_epoch=36/50] ssl_loss=0.035807 lr=0.00003739 base_val_bce=0.616590 base_best=N base_cls_epoch=46 epoch_sec=3.5 elapsed_min=3.0 gpu_alloc_gb=0.272 gpu_reserved_gb=1.510
[repeat=8 fold=6] [epoch=37/50] ssl_loss=0.035982 lr=0.00003270 base_val_bce=0.608739 base_best=N base_cls_epoch=45 epoch_sec=2.9 task_elapsed_min=3.1 gpu_alloc_gb=0.272 gpu_reserved_gb=1.510
[ssl_epoch=37/50] ssl_loss=0.035982 lr=0.00003270 base_val_bce=0.608739 base_best=N base_cls_epoch=45 epoch_sec=2.9 elapsed_min=3.1 gpu_alloc_gb=0.272 gpu_reserved_gb=1.510
[repeat=8 fold=6] [epoch=38/50] ssl_loss=0.043641 lr=0.00002823 base_val_bce=0.610796 base_best=N base_cls_epoch=49 epoch_sec=2.7 task_elapsed_min=3.2 gpu_alloc_gb=0.272 gpu_reserved_gb=1.510
[ssl_epoch=38/50] ssl_loss=0.043641 lr=0.00002823 base_val_bce=0.610796 base_best=N base_cls_epoch=49 epoch_sec=2.9 elapsed_min=3.2 gpu_alloc_gb=0.272 gpu_reserved_gb=1.510
[repeat=8 fold=6] [epoch=39/50] ssl_loss=0.033895 lr=0.00002401 base_val_bce=0.621458 base_best=N base_cls_epoch=47 epoch_sec=4.3 task_elapsed_min=3.2 gpu_alloc_gb=0.272 gpu_reserved_gb=1.510
[ssl_epoch=39/50] ssl_loss=0.033895 lr=0.00002401 base_val_bce=0.621458 base_best=N base_cls_epoch=47 epoch_sec=4.5 elapsed_min=3.2 gpu_alloc_gb=0.272 gpu_reserved_gb=1.510
CHECKPOINT_LATEST repeat=8 scope=internal_cv fold=6 phase=ssl epoch=40 path=/data/adodas/VarCoNet-V2-main/xiaolunwen/experiment2b/checkpoints/worker_r8_latest.pt
[repeat=8 fold=6] [epoch=40/50] ssl_loss=0.038329 lr=0.00002006 base_val_bce=0.616408 base_best=N base_cls_epoch=47 epoch_sec=7.1 task_elapsed_min=3.3 gpu_alloc_gb=0.272 gpu_reserved_gb=1.510
[ssl_epoch=40/50] ssl_loss=0.038329 lr=0.00002006 base_val_bce=0.616408 base_best=N base_cls_epoch=47 epoch_sec=7.1 elapsed_min=3.3 gpu_alloc_gb=0.272 gpu_reserved_gb=1.510
[repeat=8 fold=6] [epoch=41/50] ssl_loss=0.042290 lr=0.00001641 base_val_bce=0.617798 base_best=N base_cls_epoch=49 epoch_sec=3.1 task_elapsed_min=3.4 gpu_alloc_gb=0.272 gpu_reserved_gb=1.510
[ssl_epoch=41/50] ssl_loss=0.042290 lr=0.00001641 base_val_bce=0.617798 base_best=N base_cls_epoch=49 epoch_sec=3.4 elapsed_min=3.4 gpu_alloc_gb=0.272 gpu_reserved_gb=1.510
[repeat=8 fold=6] [epoch=42/50] ssl_loss=0.035562 lr=0.00001308 base_val_bce=0.618716 base_best=N base_cls_epoch=47 epoch_sec=3.0 task_elapsed_min=3.5 gpu_alloc_gb=0.272 gpu_reserved_gb=1.510
[ssl_epoch=42/50] ssl_loss=0.035562 lr=0.00001308 base_val_bce=0.618716 base_best=N base_cls_epoch=47 epoch_sec=3.1 elapsed_min=3.5 gpu_alloc_gb=0.272 gpu_reserved_gb=1.510
[repeat=8 fold=6] [epoch=43/50] ssl_loss=0.040513 lr=0.00001009 base_val_bce=0.616871 base_best=N base_cls_epoch=48 epoch_sec=2.5 task_elapsed_min=3.5 gpu_alloc_gb=0.272 gpu_reserved_gb=1.510
[ssl_epoch=43/50] ssl_loss=0.040513 lr=0.00001009 base_val_bce=0.616871 base_best=N base_cls_epoch=48 epoch_sec=2.9 elapsed_min=3.5 gpu_alloc_gb=0.272 gpu_reserved_gb=1.510
[repeat=8 fold=6] [epoch=44/50] ssl_loss=0.035650 lr=0.00000746 base_val_bce=0.616137 base_best=N base_cls_epoch=44 epoch_sec=2.6 task_elapsed_min=3.6 gpu_alloc_gb=0.272 gpu_reserved_gb=1.510
[ssl_epoch=44/50] ssl_loss=0.035650 lr=0.00000746 base_val_bce=0.616137 base_best=N base_cls_epoch=44 epoch_sec=2.7 elapsed_min=3.6 gpu_alloc_gb=0.272 gpu_reserved_gb=1.510
[repeat=8 fold=6] [epoch=45/50] ssl_loss=0.033924 lr=0.00000521 base_val_bce=0.615096 base_best=N base_cls_epoch=46 epoch_sec=3.7 task_elapsed_min=3.6 gpu_alloc_gb=0.272 gpu_reserved_gb=1.510
[ssl_epoch=45/50] ssl_loss=0.033924 lr=0.00000521 base_val_bce=0.615096 base_best=N base_cls_epoch=46 epoch_sec=3.8 elapsed_min=3.6 gpu_alloc_gb=0.272 gpu_reserved_gb=1.510
[repeat=8 fold=6] [epoch=46/50] ssl_loss=0.035414 lr=0.00000335 base_val_bce=0.620553 base_best=N base_cls_epoch=49 epoch_sec=3.1 task_elapsed_min=3.7 gpu_alloc_gb=0.272 gpu_reserved_gb=1.510
[ssl_epoch=46/50] ssl_loss=0.035414 lr=0.00000335 base_val_bce=0.620553 base_best=N base_cls_epoch=49 epoch_sec=4.4 elapsed_min=3.7 gpu_alloc_gb=0.272 gpu_reserved_gb=1.510
[repeat=8 fold=6] [epoch=47/50] ssl_loss=0.039209 lr=0.00000189 base_val_bce=0.621298 base_best=N base_cls_epoch=47 epoch_sec=2.3 task_elapsed_min=3.8 gpu_alloc_gb=0.272 gpu_reserved_gb=1.510
[ssl_epoch=47/50] ssl_loss=0.039209 lr=0.00000189 base_val_bce=0.621298 base_best=N base_cls_epoch=47 epoch_sec=3.2 elapsed_min=3.8 gpu_alloc_gb=0.272 gpu_reserved_gb=1.510
[repeat=8 fold=6] [epoch=48/50] ssl_loss=0.035283 lr=0.00000084 base_val_bce=0.620176 base_best=N base_cls_epoch=43 epoch_sec=2.7 task_elapsed_min=3.9 gpu_alloc_gb=0.272 gpu_reserved_gb=1.510
[ssl_epoch=48/50] ssl_loss=0.035283 lr=0.00000084 base_val_bce=0.620176 base_best=N base_cls_epoch=43 epoch_sec=2.9 elapsed_min=3.9 gpu_alloc_gb=0.272 gpu_reserved_gb=1.510
[repeat=8 fold=6] [epoch=49/50] ssl_loss=0.028201 lr=0.00000021 base_val_bce=0.612797 base_best=N base_cls_epoch=48 epoch_sec=3.1 task_elapsed_min=3.9 gpu_alloc_gb=0.272 gpu_reserved_gb=1.510
[ssl_epoch=49/50] ssl_loss=0.028201 lr=0.00000021 base_val_bce=0.612797 base_best=N base_cls_epoch=48 epoch_sec=3.7 elapsed_min=3.9 gpu_alloc_gb=0.272 gpu_reserved_gb=1.510
CHECKPOINT_LATEST repeat=8 scope=internal_cv fold=6 phase=ssl epoch=50 path=/data/adodas/VarCoNet-V2-main/xiaolunwen/experiment2b/checkpoints/worker_r8_latest.pt
[repeat=8 fold=6] [epoch=50/50] ssl_loss=0.029329 lr=0.00000000 base_val_bce=0.611417 base_best=N base_cls_epoch=47 epoch_sec=7.8 task_elapsed_min=4.0 gpu_alloc_gb=0.272 gpu_reserved_gb=1.510
[ssl_epoch=50/50] ssl_loss=0.029329 lr=0.00000000 base_val_bce=0.611417 base_best=N base_cls_epoch=47 epoch_sec=7.8 elapsed_min=4.0 gpu_alloc_gb=0.272 gpu_reserved_gb=1.510
RESIDUAL_EPOCH repeat=8 scope=internal_cv fold=6 epoch=0 val_bce=0.607077 best=Y dynamic_dim=73536
CHECKPOINT_BEST repeat=8 scope=internal_cv fold=6 phase=residual epoch=1 path=/data/adodas/VarCoNet-V2-main/xiaolunwen/experiment2b/checkpoints/worker_r8_best.pt
[residual_epoch=1/149] residual_loss=0.226794 val_bce=0.600840 best=Y best_epoch=1 epoch_sec=5.2 task_elapsed_min=4.1
CHECKPOINT_BEST repeat=8 scope=internal_cv fold=6 phase=residual epoch=2 path=/data/adodas/VarCoNet-V2-main/xiaolunwen/experiment2b/checkpoints/worker_r8_best.pt
[residual_epoch=2/149] residual_loss=0.209584 val_bce=0.597419 best=Y best_epoch=2 epoch_sec=5.7 task_elapsed_min=4.2
CHECKPOINT_BEST repeat=8 scope=internal_cv fold=6 phase=residual epoch=3 path=/data/adodas/VarCoNet-V2-main/xiaolunwen/experiment2b/checkpoints/worker_r8_best.pt
[residual_epoch=3/149] residual_loss=0.193398 val_bce=0.594722 best=Y best_epoch=3 epoch_sec=3.9 task_elapsed_min=4.3
CHECKPOINT_BEST repeat=8 scope=internal_cv fold=6 phase=residual epoch=4 path=/data/adodas/VarCoNet-V2-main/xiaolunwen/experiment2b/checkpoints/worker_r8_best.pt
[residual_epoch=4/149] residual_loss=0.180277 val_bce=0.589474 best=Y best_epoch=4 epoch_sec=1.9 task_elapsed_min=4.3
CHECKPOINT_BEST repeat=8 scope=internal_cv fold=6 phase=residual epoch=5 path=/data/adodas/VarCoNet-V2-main/xiaolunwen/experiment2b/checkpoints/worker_r8_best.pt
[residual_epoch=5/149] residual_loss=0.166828 val_bce=0.586210 best=Y best_epoch=5 epoch_sec=8.4 task_elapsed_min=4.4
CHECKPOINT_BEST repeat=8 scope=internal_cv fold=6 phase=residual epoch=6 path=/data/adodas/VarCoNet-V2-main/xiaolunwen/experiment2b/checkpoints/worker_r8_best.pt
[residual_epoch=6/149] residual_loss=0.155520 val_bce=0.583900 best=Y best_epoch=6 epoch_sec=5.2 task_elapsed_min=4.5
CHECKPOINT_BEST repeat=8 scope=internal_cv fold=6 phase=residual epoch=7 path=/data/adodas/VarCoNet-V2-main/xiaolunwen/experiment2b/checkpoints/worker_r8_best.pt
[residual_epoch=7/149] residual_loss=0.144786 val_bce=0.581992 best=Y best_epoch=7 epoch_sec=2.2 task_elapsed_min=4.6
CHECKPOINT_BEST repeat=8 scope=internal_cv fold=6 phase=residual epoch=8 path=/data/adodas/VarCoNet-V2-main/xiaolunwen/experiment2b/checkpoints/worker_r8_best.pt
[residual_epoch=8/149] residual_loss=0.134478 val_bce=0.581063 best=Y best_epoch=8 epoch_sec=5.7 task_elapsed_min=4.6
CHECKPOINT_BEST repeat=8 scope=internal_cv fold=6 phase=residual epoch=9 path=/data/adodas/VarCoNet-V2-main/xiaolunwen/experiment2b/checkpoints/worker_r8_best.pt
[residual_epoch=9/149] residual_loss=0.125431 val_bce=0.580175 best=Y best_epoch=9 epoch_sec=4.9 task_elapsed_min=4.7
CHECKPOINT_BEST repeat=8 scope=internal_cv fold=6 phase=residual epoch=10 path=/data/adodas/VarCoNet-V2-main/xiaolunwen/experiment2b/checkpoints/worker_r8_best.pt
[residual_epoch=10/149] residual_loss=0.117136 val_bce=0.578766 best=Y best_epoch=10 epoch_sec=1.3 task_elapsed_min=4.8
CHECKPOINT_BEST repeat=8 scope=internal_cv fold=6 phase=residual epoch=11 path=/data/adodas/VarCoNet-V2-main/xiaolunwen/experiment2b/checkpoints/worker_r8_best.pt
[residual_epoch=11/149] residual_loss=0.109188 val_bce=0.577606 best=Y best_epoch=11 epoch_sec=5.2 task_elapsed_min=4.8
CHECKPOINT_BEST repeat=8 scope=internal_cv fold=6 phase=residual epoch=12 path=/data/adodas/VarCoNet-V2-main/xiaolunwen/experiment2b/checkpoints/worker_r8_best.pt
[residual_epoch=12/149] residual_loss=0.101943 val_bce=0.577129 best=Y best_epoch=12 epoch_sec=6.4 task_elapsed_min=4.9
CHECKPOINT_BEST repeat=8 scope=internal_cv fold=6 phase=residual epoch=13 path=/data/adodas/VarCoNet-V2-main/xiaolunwen/experiment2b/checkpoints/worker_r8_best.pt
[residual_epoch=13/149] residual_loss=0.095462 val_bce=0.576990 best=Y best_epoch=13 epoch_sec=3.6 task_elapsed_min=5.0
CHECKPOINT_LATEST repeat=8 scope=internal_cv fold=6 phase=residual epoch=20 path=/data/adodas/VarCoNet-V2-main/xiaolunwen/experiment2b/checkpoints/worker_r8_latest.pt
[residual_epoch=20/149] residual_loss=0.061666 val_bce=0.580133 best=N best_epoch=13 epoch_sec=1.8 task_elapsed_min=5.1
CHECKPOINT_LATEST repeat=8 scope=internal_cv fold=6 phase=residual epoch=30 path=/data/adodas/VarCoNet-V2-main/xiaolunwen/experiment2b/checkpoints/worker_r8_latest.pt
[residual_epoch=30/149] residual_loss=0.036897 val_bce=0.589647 best=N best_epoch=13 epoch_sec=6.3 task_elapsed_min=5.1
CHECKPOINT_LATEST repeat=8 scope=internal_cv fold=6 phase=residual epoch=40 path=/data/adodas/VarCoNet-V2-main/xiaolunwen/experiment2b/checkpoints/worker_r8_latest.pt
[residual_epoch=40/149] residual_loss=0.024963 val_bce=0.598660 best=N best_epoch=13 epoch_sec=5.8 task_elapsed_min=5.2
CHECKPOINT_LATEST repeat=8 scope=internal_cv fold=6 phase=residual epoch=50 path=/data/adodas/VarCoNet-V2-main/xiaolunwen/experiment2b/checkpoints/worker_r8_latest.pt
[residual_epoch=50/149] residual_loss=0.018550 val_bce=0.606256 best=N best_epoch=13 epoch_sec=5.3 task_elapsed_min=5.3
CHECKPOINT_LATEST repeat=8 scope=internal_cv fold=6 phase=residual epoch=60 path=/data/adodas/VarCoNet-V2-main/xiaolunwen/experiment2b/checkpoints/worker_r8_latest.pt
[residual_epoch=60/149] residual_loss=0.014694 val_bce=0.613091 best=N best_epoch=13 epoch_sec=5.7 task_elapsed_min=5.4
CHECKPOINT_LATEST repeat=8 scope=internal_cv fold=6 phase=residual epoch=70 path=/data/adodas/VarCoNet-V2-main/xiaolunwen/experiment2b/checkpoints/worker_r8_latest.pt
[residual_epoch=70/149] residual_loss=0.012140 val_bce=0.619370 best=N best_epoch=13 epoch_sec=4.6 task_elapsed_min=5.5
CHECKPOINT_LATEST repeat=8 scope=internal_cv fold=6 phase=residual epoch=80 path=/data/adodas/VarCoNet-V2-main/xiaolunwen/experiment2b/checkpoints/worker_r8_latest.pt
[residual_epoch=80/149] residual_loss=0.010314 val_bce=0.625173 best=N best_epoch=13 epoch_sec=2.9 task_elapsed_min=5.6
CHECKPOINT_LATEST repeat=8 scope=internal_cv fold=6 phase=residual epoch=90 path=/data/adodas/VarCoNet-V2-main/xiaolunwen/experiment2b/checkpoints/worker_r8_latest.pt
[residual_epoch=90/149] residual_loss=0.008935 val_bce=0.630680 best=N best_epoch=13 epoch_sec=4.9 task_elapsed_min=5.7
CHECKPOINT_LATEST repeat=8 scope=internal_cv fold=6 phase=residual epoch=100 path=/data/adodas/VarCoNet-V2-main/xiaolunwen/experiment2b/checkpoints/worker_r8_latest.pt
[residual_epoch=100/149] residual_loss=0.007853 val_bce=0.635821 best=N best_epoch=13 epoch_sec=3.8 task_elapsed_min=5.7
CHECKPOINT_LATEST repeat=8 scope=internal_cv fold=6 phase=residual epoch=110 path=/data/adodas/VarCoNet-V2-main/xiaolunwen/experiment2b/checkpoints/worker_r8_latest.pt
[residual_epoch=110/149] residual_loss=0.006978 val_bce=0.640693 best=N best_epoch=13 epoch_sec=2.7 task_elapsed_min=5.8
CHECKPOINT_LATEST repeat=8 scope=internal_cv fold=6 phase=residual epoch=120 path=/data/adodas/VarCoNet-V2-main/xiaolunwen/experiment2b/checkpoints/worker_r8_latest.pt
[residual_epoch=120/149] residual_loss=0.006257 val_bce=0.645329 best=N best_epoch=13 epoch_sec=1.5 task_elapsed_min=5.9
CHECKPOINT_LATEST repeat=8 scope=internal_cv fold=6 phase=residual epoch=130 path=/data/adodas/VarCoNet-V2-main/xiaolunwen/experiment2b/checkpoints/worker_r8_latest.pt
[residual_epoch=130/149] residual_loss=0.005653 val_bce=0.649747 best=N best_epoch=13 epoch_sec=5.2 task_elapsed_min=5.9
CHECKPOINT_LATEST repeat=8 scope=internal_cv fold=6 phase=residual epoch=140 path=/data/adodas/VarCoNet-V2-main/xiaolunwen/experiment2b/checkpoints/worker_r8_latest.pt
[residual_epoch=140/149] residual_loss=0.005141 val_bce=0.653987 best=N best_epoch=13 epoch_sec=10.2 task_elapsed_min=6.0
RESIDUAL_DONE repeat=8 scope=internal_cv fold=6 selected_encoder_epoch=13 selected_classifier_epoch=38 selected_residual_epoch=13 val_bce=0.576990
TASK_TRAINING_DONE repeat=8 scope=internal_cv fold=6 base_epoch=13 dyn_epoch=13 base_val_bce=0.607077 dyn_val_bce=0.576990
TASK_DONE repeat=8 scope=internal_fold fold=6 method=baseline selected_encoder_epoch=13 test_auc=0.704203 test_bce=0.615233 elapsed_min=6.1
TASK_DONE repeat=8 scope=internal_fold fold=6 method=pretransformer_edge_residual selected_encoder_epoch=13 test_auc=0.695900 test_bce=0.630979 elapsed_min=6.1
TASK_START repeat=8 scope=internal_cv fold=7 seed=100807 device=cuda:0 shared_encoder=Y
CHECKPOINT_BEST repeat=8 scope=internal_cv fold=7 phase=ssl epoch=1 path=/data/adodas/VarCoNet-V2-main/xiaolunwen/experiment2b/checkpoints/worker_r8_best.pt
[repeat=8 fold=7] [epoch=1/50] ssl_loss=0.107706 lr=0.00002411 base_val_bce=0.685504 base_best=Y base_cls_epoch=3 epoch_sec=15.0 task_elapsed_min=0.1 gpu_alloc_gb=0.272 gpu_reserved_gb=1.510
[ssl_epoch=1/50] ssl_loss=0.107706 lr=0.00002411 base_val_bce=0.685504 base_best=Y base_cls_epoch=3 epoch_sec=15.0 elapsed_min=0.1 gpu_alloc_gb=0.272 gpu_reserved_gb=1.510
[repeat=8 fold=7] [epoch=2/50] ssl_loss=0.110548 lr=0.00003821 base_val_bce=0.687996 base_best=N base_cls_epoch=2 epoch_sec=3.6 task_elapsed_min=0.3 gpu_alloc_gb=0.272 gpu_reserved_gb=1.510
[ssl_epoch=2/50] ssl_loss=0.110548 lr=0.00003821 base_val_bce=0.687996 base_best=N base_cls_epoch=2 epoch_sec=4.0 elapsed_min=0.3 gpu_alloc_gb=0.272 gpu_reserved_gb=1.510
[repeat=8 fold=7] [epoch=3/50] ssl_loss=0.083291 lr=0.00005232 base_val_bce=0.696667 base_best=N base_cls_epoch=2 epoch_sec=3.6 task_elapsed_min=0.4 gpu_alloc_gb=0.272 gpu_reserved_gb=1.510
[ssl_epoch=3/50] ssl_loss=0.083291 lr=0.00005232 base_val_bce=0.696667 base_best=N base_cls_epoch=2 epoch_sec=3.7 elapsed_min=0.4 gpu_alloc_gb=0.272 gpu_reserved_gb=1.510
[repeat=8 fold=7] [epoch=4/50] ssl_loss=0.076040 lr=0.00006643 base_val_bce=0.689038 base_best=N base_cls_epoch=3 epoch_sec=2.8 task_elapsed_min=0.4 gpu_alloc_gb=0.272 gpu_reserved_gb=1.510
[ssl_epoch=4/50] ssl_loss=0.076040 lr=0.00006643 base_val_bce=0.689038 base_best=N base_cls_epoch=3 epoch_sec=2.8 elapsed_min=0.4 gpu_alloc_gb=0.272 gpu_reserved_gb=1.510
CHECKPOINT_BEST repeat=8 scope=internal_cv fold=7 phase=ssl epoch=5 path=/data/adodas/VarCoNet-V2-main/xiaolunwen/experiment2b/checkpoints/worker_r8_best.pt
[repeat=8 fold=7] [epoch=5/50] ssl_loss=0.073696 lr=0.00008053 base_val_bce=0.679495 base_best=Y base_cls_epoch=6 epoch_sec=12.1 task_elapsed_min=0.5 gpu_alloc_gb=0.272 gpu_reserved_gb=1.510
[ssl_epoch=5/50] ssl_loss=0.073696 lr=0.00008053 base_val_bce=0.679495 base_best=Y base_cls_epoch=6 epoch_sec=12.2 elapsed_min=0.5 gpu_alloc_gb=0.272 gpu_reserved_gb=1.510
[repeat=8 fold=7] [epoch=6/50] ssl_loss=0.074564 lr=0.00009464 base_val_bce=0.688838 base_best=N base_cls_epoch=29 epoch_sec=3.5 task_elapsed_min=0.7 gpu_alloc_gb=0.272 gpu_reserved_gb=1.510
[ssl_epoch=6/50] ssl_loss=0.074564 lr=0.00009464 base_val_bce=0.688838 base_best=N base_cls_epoch=29 epoch_sec=3.7 elapsed_min=0.7 gpu_alloc_gb=0.272 gpu_reserved_gb=1.510
CHECKPOINT_BEST repeat=8 scope=internal_cv fold=7 phase=ssl epoch=7 path=/data/adodas/VarCoNet-V2-main/xiaolunwen/experiment2b/checkpoints/worker_r8_best.pt
[repeat=8 fold=7] [epoch=7/50] ssl_loss=0.068655 lr=0.00010875 base_val_bce=0.678877 base_best=Y base_cls_epoch=6 epoch_sec=9.3 task_elapsed_min=0.8 gpu_alloc_gb=0.272 gpu_reserved_gb=1.510
[ssl_epoch=7/50] ssl_loss=0.068655 lr=0.00010875 base_val_bce=0.678877 base_best=Y base_cls_epoch=6 epoch_sec=9.4 elapsed_min=0.8 gpu_alloc_gb=0.272 gpu_reserved_gb=1.510
CHECKPOINT_BEST repeat=8 scope=internal_cv fold=7 phase=ssl epoch=8 path=/data/adodas/VarCoNet-V2-main/xiaolunwen/experiment2b/checkpoints/worker_r8_best.pt
[repeat=8 fold=7] [epoch=8/50] ssl_loss=0.061583 lr=0.00012285 base_val_bce=0.671866 base_best=Y base_cls_epoch=5 epoch_sec=9.6 task_elapsed_min=0.9 gpu_alloc_gb=0.272 gpu_reserved_gb=1.510
[ssl_epoch=8/50] ssl_loss=0.061583 lr=0.00012285 base_val_bce=0.671866 base_best=Y base_cls_epoch=5 epoch_sec=9.7 elapsed_min=0.9 gpu_alloc_gb=0.272 gpu_reserved_gb=1.510
CHECKPOINT_BEST repeat=8 scope=internal_cv fold=7 phase=ssl epoch=9 path=/data/adodas/VarCoNet-V2-main/xiaolunwen/experiment2b/checkpoints/worker_r8_best.pt
[repeat=8 fold=7] [epoch=9/50] ssl_loss=0.068513 lr=0.00013696 base_val_bce=0.670897 base_best=Y base_cls_epoch=27 epoch_sec=7.5 task_elapsed_min=1.1 gpu_alloc_gb=0.272 gpu_reserved_gb=1.510
[ssl_epoch=9/50] ssl_loss=0.068513 lr=0.00013696 base_val_bce=0.670897 base_best=Y base_cls_epoch=27 epoch_sec=7.5 elapsed_min=1.1 gpu_alloc_gb=0.272 gpu_reserved_gb=1.510
CHECKPOINT_LATEST repeat=8 scope=internal_cv fold=7 phase=ssl epoch=10 path=/data/adodas/VarCoNet-V2-main/xiaolunwen/experiment2b/checkpoints/worker_r8_latest.pt
[repeat=8 fold=7] [epoch=10/50] ssl_loss=0.049034 lr=0.00013696 base_val_bce=0.682447 base_best=N base_cls_epoch=25 epoch_sec=7.9 task_elapsed_min=1.2 gpu_alloc_gb=0.272 gpu_reserved_gb=1.510
[ssl_epoch=10/50] ssl_loss=0.049034 lr=0.00013696 base_val_bce=0.682447 base_best=N base_cls_epoch=25 epoch_sec=8.0 elapsed_min=1.2 gpu_alloc_gb=0.272 gpu_reserved_gb=1.510
[repeat=8 fold=7] [epoch=11/50] ssl_loss=0.052949 lr=0.00013675 base_val_bce=0.678416 base_best=N base_cls_epoch=26 epoch_sec=3.4 task_elapsed_min=1.3 gpu_alloc_gb=0.272 gpu_reserved_gb=1.510
[ssl_epoch=11/50] ssl_loss=0.052949 lr=0.00013675 base_val_bce=0.678416 base_best=N base_cls_epoch=26 epoch_sec=5.5 elapsed_min=1.3 gpu_alloc_gb=0.272 gpu_reserved_gb=1.510
[repeat=8 fold=7] [epoch=12/50] ssl_loss=0.053406 lr=0.00013612 base_val_bce=0.677940 base_best=N base_cls_epoch=31 epoch_sec=2.7 task_elapsed_min=1.4 gpu_alloc_gb=0.272 gpu_reserved_gb=1.510
[ssl_epoch=12/50] ssl_loss=0.053406 lr=0.00013612 base_val_bce=0.677940 base_best=N base_cls_epoch=31 epoch_sec=2.8 elapsed_min=1.4 gpu_alloc_gb=0.272 gpu_reserved_gb=1.510
CHECKPOINT_BEST repeat=8 scope=internal_cv fold=7 phase=ssl epoch=13 path=/data/adodas/VarCoNet-V2-main/xiaolunwen/experiment2b/checkpoints/worker_r8_best.pt
[repeat=8 fold=7] [epoch=13/50] ssl_loss=0.041300 lr=0.00013507 base_val_bce=0.655075 base_best=Y base_cls_epoch=26 epoch_sec=5.3 task_elapsed_min=1.5 gpu_alloc_gb=0.272 gpu_reserved_gb=1.510
[ssl_epoch=13/50] ssl_loss=0.041300 lr=0.00013507 base_val_bce=0.655075 base_best=Y base_cls_epoch=26 epoch_sec=5.3 elapsed_min=1.5 gpu_alloc_gb=0.272 gpu_reserved_gb=1.510
[repeat=8 fold=7] [epoch=14/50] ssl_loss=0.053165 lr=0.00013361 base_val_bce=0.672966 base_best=N base_cls_epoch=26 epoch_sec=2.8 task_elapsed_min=1.6 gpu_alloc_gb=0.272 gpu_reserved_gb=1.510
[ssl_epoch=14/50] ssl_loss=0.053165 lr=0.00013361 base_val_bce=0.672966 base_best=N base_cls_epoch=26 epoch_sec=2.9 elapsed_min=1.6 gpu_alloc_gb=0.272 gpu_reserved_gb=1.510
[repeat=8 fold=7] [epoch=15/50] ssl_loss=0.046358 lr=0.00013175 base_val_bce=0.658464 base_best=N base_cls_epoch=27 epoch_sec=2.8 task_elapsed_min=1.6 gpu_alloc_gb=0.272 gpu_reserved_gb=1.510
[ssl_epoch=15/50] ssl_loss=0.046358 lr=0.00013175 base_val_bce=0.658464 base_best=N base_cls_epoch=27 epoch_sec=2.8 elapsed_min=1.6 gpu_alloc_gb=0.272 gpu_reserved_gb=1.510
[repeat=8 fold=7] [epoch=16/50] ssl_loss=0.038508 lr=0.00012950 base_val_bce=0.666965 base_best=N base_cls_epoch=28 epoch_sec=3.0 task_elapsed_min=1.7 gpu_alloc_gb=0.272 gpu_reserved_gb=1.510
[ssl_epoch=16/50] ssl_loss=0.038508 lr=0.00012950 base_val_bce=0.666965 base_best=N base_cls_epoch=28 epoch_sec=3.4 elapsed_min=1.7 gpu_alloc_gb=0.272 gpu_reserved_gb=1.510
[repeat=8 fold=7] [epoch=17/50] ssl_loss=0.042081 lr=0.00012687 base_val_bce=0.668559 base_best=N base_cls_epoch=26 epoch_sec=4.1 task_elapsed_min=1.7 gpu_alloc_gb=0.272 gpu_reserved_gb=1.510
[ssl_epoch=17/50] ssl_loss=0.042081 lr=0.00012687 base_val_bce=0.668559 base_best=N base_cls_epoch=26 epoch_sec=4.3 elapsed_min=1.7 gpu_alloc_gb=0.272 gpu_reserved_gb=1.510
[repeat=8 fold=7] [epoch=18/50] ssl_loss=0.050547 lr=0.00012388 base_val_bce=0.671538 base_best=N base_cls_epoch=26 epoch_sec=4.4 task_elapsed_min=1.8 gpu_alloc_gb=0.272 gpu_reserved_gb=1.510
[ssl_epoch=18/50] ssl_loss=0.050547 lr=0.00012388 base_val_bce=0.671538 base_best=N base_cls_epoch=26 epoch_sec=4.4 elapsed_min=1.8 gpu_alloc_gb=0.272 gpu_reserved_gb=1.510
[repeat=8 fold=7] [epoch=19/50] ssl_loss=0.053073 lr=0.00012055 base_val_bce=0.666100 base_best=N base_cls_epoch=30 epoch_sec=2.1 task_elapsed_min=1.9 gpu_alloc_gb=0.272 gpu_reserved_gb=1.510
[ssl_epoch=19/50] ssl_loss=0.053073 lr=0.00012055 base_val_bce=0.666100 base_best=N base_cls_epoch=30 epoch_sec=3.0 elapsed_min=1.9 gpu_alloc_gb=0.272 gpu_reserved_gb=1.510
CHECKPOINT_LATEST repeat=8 scope=internal_cv fold=7 phase=ssl epoch=20 path=/data/adodas/VarCoNet-V2-main/xiaolunwen/experiment2b/checkpoints/worker_r8_latest.pt
[repeat=8 fold=7] [epoch=20/50] ssl_loss=0.040323 lr=0.00011690 base_val_bce=0.672231 base_best=N base_cls_epoch=28 epoch_sec=5.7 task_elapsed_min=1.9 gpu_alloc_gb=0.272 gpu_reserved_gb=1.510
[ssl_epoch=20/50] ssl_loss=0.040323 lr=0.00011690 base_val_bce=0.672231 base_best=N base_cls_epoch=28 epoch_sec=5.7 elapsed_min=1.9 gpu_alloc_gb=0.272 gpu_reserved_gb=1.510
[repeat=8 fold=7] [epoch=21/50] ssl_loss=0.038623 lr=0.00011296 base_val_bce=0.669650 base_best=N base_cls_epoch=23 epoch_sec=3.3 task_elapsed_min=2.0 gpu_alloc_gb=0.272 gpu_reserved_gb=1.510
[ssl_epoch=21/50] ssl_loss=0.038623 lr=0.00011296 base_val_bce=0.669650 base_best=N base_cls_epoch=23 epoch_sec=3.4 elapsed_min=2.0 gpu_alloc_gb=0.272 gpu_reserved_gb=1.510
[repeat=8 fold=7] [epoch=22/50] ssl_loss=0.029810 lr=0.00010873 base_val_bce=0.672841 base_best=N base_cls_epoch=24 epoch_sec=3.3 task_elapsed_min=2.1 gpu_alloc_gb=0.272 gpu_reserved_gb=1.510
[ssl_epoch=22/50] ssl_loss=0.029810 lr=0.00010873 base_val_bce=0.672841 base_best=N base_cls_epoch=24 epoch_sec=3.6 elapsed_min=2.1 gpu_alloc_gb=0.272 gpu_reserved_gb=1.510
[repeat=8 fold=7] [epoch=23/50] ssl_loss=0.049665 lr=0.00010426 base_val_bce=0.659202 base_best=N base_cls_epoch=26 epoch_sec=3.3 task_elapsed_min=2.1 gpu_alloc_gb=0.272 gpu_reserved_gb=1.510
[ssl_epoch=23/50] ssl_loss=0.049665 lr=0.00010426 base_val_bce=0.659202 base_best=N base_cls_epoch=26 epoch_sec=3.6 elapsed_min=2.1 gpu_alloc_gb=0.272 gpu_reserved_gb=1.510
[repeat=8 fold=7] [epoch=24/50] ssl_loss=0.036794 lr=0.00009957 base_val_bce=0.673941 base_best=N base_cls_epoch=25 epoch_sec=2.6 task_elapsed_min=2.2 gpu_alloc_gb=0.272 gpu_reserved_gb=1.510
[ssl_epoch=24/50] ssl_loss=0.036794 lr=0.00009957 base_val_bce=0.673941 base_best=N base_cls_epoch=25 epoch_sec=3.1 elapsed_min=2.2 gpu_alloc_gb=0.272 gpu_reserved_gb=1.510
[repeat=8 fold=7] [epoch=25/50] ssl_loss=0.052096 lr=0.00009469 base_val_bce=0.673478 base_best=N base_cls_epoch=30 epoch_sec=2.6 task_elapsed_min=2.2 gpu_alloc_gb=0.272 gpu_reserved_gb=1.510
[ssl_epoch=25/50] ssl_loss=0.052096 lr=0.00009469 base_val_bce=0.673478 base_best=N base_cls_epoch=30 epoch_sec=2.6 elapsed_min=2.2 gpu_alloc_gb=0.272 gpu_reserved_gb=1.510
[repeat=8 fold=7] [epoch=26/50] ssl_loss=0.041088 lr=0.00008964 base_val_bce=0.672546 base_best=N base_cls_epoch=27 epoch_sec=2.7 task_elapsed_min=2.3 gpu_alloc_gb=0.272 gpu_reserved_gb=1.510
[ssl_epoch=26/50] ssl_loss=0.041088 lr=0.00008964 base_val_bce=0.672546 base_best=N base_cls_epoch=27 epoch_sec=2.8 elapsed_min=2.3 gpu_alloc_gb=0.272 gpu_reserved_gb=1.510
[repeat=8 fold=7] [epoch=27/50] ssl_loss=0.046556 lr=0.00008447 base_val_bce=0.659882 base_best=N base_cls_epoch=29 epoch_sec=3.0 task_elapsed_min=2.3 gpu_alloc_gb=0.272 gpu_reserved_gb=1.510
[ssl_epoch=27/50] ssl_loss=0.046556 lr=0.00008447 base_val_bce=0.659882 base_best=N base_cls_epoch=29 epoch_sec=3.8 elapsed_min=2.3 gpu_alloc_gb=0.272 gpu_reserved_gb=1.510
[repeat=8 fold=7] [epoch=28/50] ssl_loss=0.047578 lr=0.00007919 base_val_bce=0.673017 base_best=N base_cls_epoch=28 epoch_sec=2.6 task_elapsed_min=2.4 gpu_alloc_gb=0.272 gpu_reserved_gb=1.510
[ssl_epoch=28/50] ssl_loss=0.047578 lr=0.00007919 base_val_bce=0.673017 base_best=N base_cls_epoch=28 epoch_sec=2.7 elapsed_min=2.4 gpu_alloc_gb=0.272 gpu_reserved_gb=1.510
[repeat=8 fold=7] [epoch=29/50] ssl_loss=0.046358 lr=0.00007385 base_val_bce=0.671408 base_best=N base_cls_epoch=28 epoch_sec=3.5 task_elapsed_min=2.5 gpu_alloc_gb=0.272 gpu_reserved_gb=1.510
[ssl_epoch=29/50] ssl_loss=0.046358 lr=0.00007385 base_val_bce=0.671408 base_best=N base_cls_epoch=28 epoch_sec=5.9 elapsed_min=2.5 gpu_alloc_gb=0.272 gpu_reserved_gb=1.510
CHECKPOINT_LATEST repeat=8 scope=internal_cv fold=7 phase=ssl epoch=30 path=/data/adodas/VarCoNet-V2-main/xiaolunwen/experiment2b/checkpoints/worker_r8_latest.pt
[repeat=8 fold=7] [epoch=30/50] ssl_loss=0.046367 lr=0.00006848 base_val_bce=0.669188 base_best=N base_cls_epoch=29 epoch_sec=15.0 task_elapsed_min=2.6 gpu_alloc_gb=0.272 gpu_reserved_gb=1.510
[ssl_epoch=30/50] ssl_loss=0.046367 lr=0.00006848 base_val_bce=0.669188 base_best=N base_cls_epoch=29 epoch_sec=15.0 elapsed_min=2.6 gpu_alloc_gb=0.272 gpu_reserved_gb=1.510
[repeat=8 fold=7] [epoch=31/50] ssl_loss=0.040031 lr=0.00006311 base_val_bce=0.667925 base_best=N base_cls_epoch=25 epoch_sec=2.7 task_elapsed_min=2.8 gpu_alloc_gb=0.272 gpu_reserved_gb=1.510
[ssl_epoch=31/50] ssl_loss=0.040031 lr=0.00006311 base_val_bce=0.667925 base_best=N base_cls_epoch=25 epoch_sec=2.7 elapsed_min=2.8 gpu_alloc_gb=0.272 gpu_reserved_gb=1.510
[repeat=8 fold=7] [epoch=32/50] ssl_loss=0.028557 lr=0.00005777 base_val_bce=0.667726 base_best=N base_cls_epoch=27 epoch_sec=2.1 task_elapsed_min=2.8 gpu_alloc_gb=0.272 gpu_reserved_gb=1.510
[ssl_epoch=32/50] ssl_loss=0.028557 lr=0.00005777 base_val_bce=0.667726 base_best=N base_cls_epoch=27 epoch_sec=2.2 elapsed_min=2.8 gpu_alloc_gb=0.272 gpu_reserved_gb=1.510
[repeat=8 fold=7] [epoch=33/50] ssl_loss=0.036843 lr=0.00005249 base_val_bce=0.666649 base_best=N base_cls_epoch=27 epoch_sec=2.2 task_elapsed_min=2.9 gpu_alloc_gb=0.272 gpu_reserved_gb=1.510
[ssl_epoch=33/50] ssl_loss=0.036843 lr=0.00005249 base_val_bce=0.666649 base_best=N base_cls_epoch=27 epoch_sec=2.3 elapsed_min=2.9 gpu_alloc_gb=0.272 gpu_reserved_gb=1.510
[repeat=8 fold=7] [epoch=34/50] ssl_loss=0.035104 lr=0.00004732 base_val_bce=0.665665 base_best=N base_cls_epoch=32 epoch_sec=2.1 task_elapsed_min=2.9 gpu_alloc_gb=0.272 gpu_reserved_gb=1.510
[ssl_epoch=34/50] ssl_loss=0.035104 lr=0.00004732 base_val_bce=0.665665 base_best=N base_cls_epoch=32 epoch_sec=2.2 elapsed_min=2.9 gpu_alloc_gb=0.272 gpu_reserved_gb=1.510
[repeat=8 fold=7] [epoch=35/50] ssl_loss=0.039844 lr=0.00004227 base_val_bce=0.670831 base_best=N base_cls_epoch=33 epoch_sec=2.1 task_elapsed_min=3.0 gpu_alloc_gb=0.272 gpu_reserved_gb=1.510
[ssl_epoch=35/50] ssl_loss=0.039844 lr=0.00004227 base_val_bce=0.670831 base_best=N base_cls_epoch=33 epoch_sec=2.2 elapsed_min=3.0 gpu_alloc_gb=0.272 gpu_reserved_gb=1.510
[repeat=8 fold=7] [epoch=36/50] ssl_loss=0.038931 lr=0.00003739 base_val_bce=0.660951 base_best=N base_cls_epoch=24 epoch_sec=3.2 task_elapsed_min=3.0 gpu_alloc_gb=0.272 gpu_reserved_gb=1.510
[ssl_epoch=36/50] ssl_loss=0.038931 lr=0.00003739 base_val_bce=0.660951 base_best=N base_cls_epoch=24 epoch_sec=3.3 elapsed_min=3.0 gpu_alloc_gb=0.272 gpu_reserved_gb=1.510
[repeat=8 fold=7] [epoch=37/50] ssl_loss=0.046457 lr=0.00003270 base_val_bce=0.666518 base_best=N base_cls_epoch=26 epoch_sec=3.3 task_elapsed_min=3.1 gpu_alloc_gb=0.272 gpu_reserved_gb=1.510
[ssl_epoch=37/50] ssl_loss=0.046457 lr=0.00003270 base_val_bce=0.666518 base_best=N base_cls_epoch=26 epoch_sec=3.4 elapsed_min=3.1 gpu_alloc_gb=0.272 gpu_reserved_gb=1.510
[repeat=8 fold=7] [epoch=38/50] ssl_loss=0.042724 lr=0.00002823 base_val_bce=0.666799 base_best=N base_cls_epoch=27 epoch_sec=3.3 task_elapsed_min=3.1 gpu_alloc_gb=0.272 gpu_reserved_gb=1.510
[ssl_epoch=38/50] ssl_loss=0.042724 lr=0.00002823 base_val_bce=0.666799 base_best=N base_cls_epoch=27 epoch_sec=3.4 elapsed_min=3.1 gpu_alloc_gb=0.272 gpu_reserved_gb=1.510
[repeat=8 fold=7] [epoch=39/50] ssl_loss=0.046449 lr=0.00002401 base_val_bce=0.664491 base_best=N base_cls_epoch=30 epoch_sec=3.5 task_elapsed_min=3.2 gpu_alloc_gb=0.272 gpu_reserved_gb=1.510
[ssl_epoch=39/50] ssl_loss=0.046449 lr=0.00002401 base_val_bce=0.664491 base_best=N base_cls_epoch=30 epoch_sec=3.6 elapsed_min=3.2 gpu_alloc_gb=0.272 gpu_reserved_gb=1.510
CHECKPOINT_LATEST repeat=8 scope=internal_cv fold=7 phase=ssl epoch=40 path=/data/adodas/VarCoNet-V2-main/xiaolunwen/experiment2b/checkpoints/worker_r8_latest.pt
[repeat=8 fold=7] [epoch=40/50] ssl_loss=0.033381 lr=0.00002006 base_val_bce=0.672589 base_best=N base_cls_epoch=29 epoch_sec=13.9 task_elapsed_min=3.3 gpu_alloc_gb=0.272 gpu_reserved_gb=1.510
[ssl_epoch=40/50] ssl_loss=0.033381 lr=0.00002006 base_val_bce=0.672589 base_best=N base_cls_epoch=29 epoch_sec=13.9 elapsed_min=3.3 gpu_alloc_gb=0.272 gpu_reserved_gb=1.510
[repeat=8 fold=7] [epoch=41/50] ssl_loss=0.042389 lr=0.00001641 base_val_bce=0.670944 base_best=N base_cls_epoch=28 epoch_sec=2.7 task_elapsed_min=3.5 gpu_alloc_gb=0.272 gpu_reserved_gb=1.510
[ssl_epoch=41/50] ssl_loss=0.042389 lr=0.00001641 base_val_bce=0.670944 base_best=N base_cls_epoch=28 epoch_sec=2.7 elapsed_min=3.5 gpu_alloc_gb=0.272 gpu_reserved_gb=1.510
[repeat=8 fold=7] [epoch=42/50] ssl_loss=0.045248 lr=0.00001308 base_val_bce=0.659818 base_best=N base_cls_epoch=26 epoch_sec=2.5 task_elapsed_min=3.5 gpu_alloc_gb=0.272 gpu_reserved_gb=1.510
[ssl_epoch=42/50] ssl_loss=0.045248 lr=0.00001308 base_val_bce=0.659818 base_best=N base_cls_epoch=26 epoch_sec=3.4 elapsed_min=3.5 gpu_alloc_gb=0.272 gpu_reserved_gb=1.510
[repeat=8 fold=7] [epoch=43/50] ssl_loss=0.034350 lr=0.00001009 base_val_bce=0.668929 base_best=N base_cls_epoch=27 epoch_sec=2.2 task_elapsed_min=3.6 gpu_alloc_gb=0.272 gpu_reserved_gb=1.510
[ssl_epoch=43/50] ssl_loss=0.034350 lr=0.00001009 base_val_bce=0.668929 base_best=N base_cls_epoch=27 epoch_sec=2.4 elapsed_min=3.6 gpu_alloc_gb=0.272 gpu_reserved_gb=1.510
[repeat=8 fold=7] [epoch=44/50] ssl_loss=0.037887 lr=0.00000746 base_val_bce=0.672836 base_best=N base_cls_epoch=28 epoch_sec=2.9 task_elapsed_min=3.6 gpu_alloc_gb=0.272 gpu_reserved_gb=1.510
[ssl_epoch=44/50] ssl_loss=0.037887 lr=0.00000746 base_val_bce=0.672836 base_best=N base_cls_epoch=28 epoch_sec=2.9 elapsed_min=3.6 gpu_alloc_gb=0.272 gpu_reserved_gb=1.510
[repeat=8 fold=7] [epoch=45/50] ssl_loss=0.037183 lr=0.00000521 base_val_bce=0.658145 base_best=N base_cls_epoch=34 epoch_sec=2.6 task_elapsed_min=3.7 gpu_alloc_gb=0.272 gpu_reserved_gb=1.510
[ssl_epoch=45/50] ssl_loss=0.037183 lr=0.00000521 base_val_bce=0.658145 base_best=N base_cls_epoch=34 epoch_sec=2.9 elapsed_min=3.7 gpu_alloc_gb=0.272 gpu_reserved_gb=1.510
[repeat=8 fold=7] [epoch=46/50] ssl_loss=0.031815 lr=0.00000335 base_val_bce=0.660340 base_best=N base_cls_epoch=31 epoch_sec=3.1 task_elapsed_min=3.7 gpu_alloc_gb=0.272 gpu_reserved_gb=1.510
[ssl_epoch=46/50] ssl_loss=0.031815 lr=0.00000335 base_val_bce=0.660340 base_best=N base_cls_epoch=31 epoch_sec=3.1 elapsed_min=3.7 gpu_alloc_gb=0.272 gpu_reserved_gb=1.510
[repeat=8 fold=7] [epoch=47/50] ssl_loss=0.039919 lr=0.00000189 base_val_bce=0.672029 base_best=N base_cls_epoch=31 epoch_sec=3.3 task_elapsed_min=3.8 gpu_alloc_gb=0.272 gpu_reserved_gb=1.510
[ssl_epoch=47/50] ssl_loss=0.039919 lr=0.00000189 base_val_bce=0.672029 base_best=N base_cls_epoch=31 epoch_sec=3.6 elapsed_min=3.8 gpu_alloc_gb=0.272 gpu_reserved_gb=1.510
[repeat=8 fold=7] [epoch=48/50] ssl_loss=0.038257 lr=0.00000084 base_val_bce=0.660865 base_best=N base_cls_epoch=24 epoch_sec=3.3 task_elapsed_min=3.9 gpu_alloc_gb=0.272 gpu_reserved_gb=1.510
[ssl_epoch=48/50] ssl_loss=0.038257 lr=0.00000084 base_val_bce=0.660865 base_best=N base_cls_epoch=24 epoch_sec=3.4 elapsed_min=3.9 gpu_alloc_gb=0.272 gpu_reserved_gb=1.510
[repeat=8 fold=7] [epoch=49/50] ssl_loss=0.030489 lr=0.00000021 base_val_bce=0.665565 base_best=N base_cls_epoch=31 epoch_sec=3.1 task_elapsed_min=3.9 gpu_alloc_gb=0.272 gpu_reserved_gb=1.510
[ssl_epoch=49/50] ssl_loss=0.030489 lr=0.00000021 base_val_bce=0.665565 base_best=N base_cls_epoch=31 epoch_sec=3.2 elapsed_min=3.9 gpu_alloc_gb=0.272 gpu_reserved_gb=1.510
CHECKPOINT_LATEST repeat=8 scope=internal_cv fold=7 phase=ssl epoch=50 path=/data/adodas/VarCoNet-V2-main/xiaolunwen/experiment2b/checkpoints/worker_r8_latest.pt
[repeat=8 fold=7] [epoch=50/50] ssl_loss=0.034690 lr=0.00000000 base_val_bce=0.683885 base_best=N base_cls_epoch=31 epoch_sec=8.8 task_elapsed_min=4.0 gpu_alloc_gb=0.272 gpu_reserved_gb=1.510
[ssl_epoch=50/50] ssl_loss=0.034690 lr=0.00000000 base_val_bce=0.683885 base_best=N base_cls_epoch=31 epoch_sec=8.9 elapsed_min=4.0 gpu_alloc_gb=0.272 gpu_reserved_gb=1.510
RESIDUAL_EPOCH repeat=8 scope=internal_cv fold=7 epoch=0 val_bce=0.655075 best=Y dynamic_dim=73536
CHECKPOINT_LATEST repeat=8 scope=internal_cv fold=7 phase=residual epoch=10 path=/data/adodas/VarCoNet-V2-main/xiaolunwen/experiment2b/checkpoints/worker_r8_latest.pt
[residual_epoch=10/149] residual_loss=0.146291 val_bce=0.664274 best=N best_epoch=0 epoch_sec=5.7 task_elapsed_min=4.1
CHECKPOINT_LATEST repeat=8 scope=internal_cv fold=7 phase=residual epoch=20 path=/data/adodas/VarCoNet-V2-main/xiaolunwen/experiment2b/checkpoints/worker_r8_latest.pt
[residual_epoch=20/149] residual_loss=0.071233 val_bce=0.681927 best=N best_epoch=0 epoch_sec=5.4 task_elapsed_min=4.2
CHECKPOINT_LATEST repeat=8 scope=internal_cv fold=7 phase=residual epoch=30 path=/data/adodas/VarCoNet-V2-main/xiaolunwen/experiment2b/checkpoints/worker_r8_latest.pt
[residual_epoch=30/149] residual_loss=0.040512 val_bce=0.702170 best=N best_epoch=0 epoch_sec=10.2 task_elapsed_min=4.3
CHECKPOINT_LATEST repeat=8 scope=internal_cv fold=7 phase=residual epoch=40 path=/data/adodas/VarCoNet-V2-main/xiaolunwen/experiment2b/checkpoints/worker_r8_latest.pt
[residual_epoch=40/149] residual_loss=0.026752 val_bce=0.719411 best=N best_epoch=0 epoch_sec=3.8 task_elapsed_min=4.4
CHECKPOINT_LATEST repeat=8 scope=internal_cv fold=7 phase=residual epoch=50 path=/data/adodas/VarCoNet-V2-main/xiaolunwen/experiment2b/checkpoints/worker_r8_latest.pt
[residual_epoch=50/149] residual_loss=0.019705 val_bce=0.733654 best=N best_epoch=0 epoch_sec=5.7 task_elapsed_min=4.5
CHECKPOINT_LATEST repeat=8 scope=internal_cv fold=7 phase=residual epoch=60 path=/data/adodas/VarCoNet-V2-main/xiaolunwen/experiment2b/checkpoints/worker_r8_latest.pt
[residual_epoch=60/149] residual_loss=0.015582 val_bce=0.745230 best=N best_epoch=0 epoch_sec=2.8 task_elapsed_min=4.6
CHECKPOINT_LATEST repeat=8 scope=internal_cv fold=7 phase=residual epoch=70 path=/data/adodas/VarCoNet-V2-main/xiaolunwen/experiment2b/checkpoints/worker_r8_latest.pt
[residual_epoch=70/149] residual_loss=0.012884 val_bce=0.755253 best=N best_epoch=0 epoch_sec=5.1 task_elapsed_min=4.6
CHECKPOINT_LATEST repeat=8 scope=internal_cv fold=7 phase=residual epoch=80 path=/data/adodas/VarCoNet-V2-main/xiaolunwen/experiment2b/checkpoints/worker_r8_latest.pt
[residual_epoch=80/149] residual_loss=0.010963 val_bce=0.764280 best=N best_epoch=0 epoch_sec=6.5 task_elapsed_min=4.7
CHECKPOINT_LATEST repeat=8 scope=internal_cv fold=7 phase=residual epoch=90 path=/data/adodas/VarCoNet-V2-main/xiaolunwen/experiment2b/checkpoints/worker_r8_latest.pt
[residual_epoch=90/149] residual_loss=0.009512 val_bce=0.772383 best=N best_epoch=0 epoch_sec=5.5 task_elapsed_min=4.8
CHECKPOINT_LATEST repeat=8 scope=internal_cv fold=7 phase=residual epoch=100 path=/data/adodas/VarCoNet-V2-main/xiaolunwen/experiment2b/checkpoints/worker_r8_latest.pt
[residual_epoch=100/149] residual_loss=0.008370 val_bce=0.779782 best=N best_epoch=0 epoch_sec=6.6 task_elapsed_min=4.9
CHECKPOINT_LATEST repeat=8 scope=internal_cv fold=7 phase=residual epoch=110 path=/data/adodas/VarCoNet-V2-main/xiaolunwen/experiment2b/checkpoints/worker_r8_latest.pt
[residual_epoch=110/149] residual_loss=0.007446 val_bce=0.786721 best=N best_epoch=0 epoch_sec=4.2 task_elapsed_min=5.0
CHECKPOINT_LATEST repeat=8 scope=internal_cv fold=7 phase=residual epoch=120 path=/data/adodas/VarCoNet-V2-main/xiaolunwen/experiment2b/checkpoints/worker_r8_latest.pt
[residual_epoch=120/149] residual_loss=0.006683 val_bce=0.793269 best=N best_epoch=0 epoch_sec=9.9 task_elapsed_min=5.1
CHECKPOINT_LATEST repeat=8 scope=internal_cv fold=7 phase=residual epoch=130 path=/data/adodas/VarCoNet-V2-main/xiaolunwen/experiment2b/checkpoints/worker_r8_latest.pt
[residual_epoch=130/149] residual_loss=0.006042 val_bce=0.799476 best=N best_epoch=0 epoch_sec=5.2 task_elapsed_min=5.3
CHECKPOINT_LATEST repeat=8 scope=internal_cv fold=7 phase=residual epoch=140 path=/data/adodas/VarCoNet-V2-main/xiaolunwen/experiment2b/checkpoints/worker_r8_latest.pt
[residual_epoch=140/149] residual_loss=0.005498 val_bce=0.805374 best=N best_epoch=0 epoch_sec=3.6 task_elapsed_min=5.4
RESIDUAL_DONE repeat=8 scope=internal_cv fold=7 selected_encoder_epoch=13 selected_classifier_epoch=26 selected_residual_epoch=0 val_bce=0.655075
TASK_TRAINING_DONE repeat=8 scope=internal_cv fold=7 base_epoch=13 dyn_epoch=13 base_val_bce=0.655075 dyn_val_bce=0.655075
TASK_DONE repeat=8 scope=internal_fold fold=7 method=baseline selected_encoder_epoch=13 test_auc=0.758173 test_bce=0.584930 elapsed_min=5.4
TASK_DONE repeat=8 scope=internal_fold fold=7 method=pretransformer_edge_residual selected_encoder_epoch=13 test_auc=0.758173 test_bce=0.584930 elapsed_min=5.4
TASK_START repeat=8 scope=internal_cv fold=8 seed=100808 device=cuda:0 shared_encoder=Y
CHECKPOINT_BEST repeat=8 scope=internal_cv fold=8 phase=ssl epoch=1 path=/data/adodas/VarCoNet-V2-main/xiaolunwen/experiment2b/checkpoints/worker_r8_best.pt
[repeat=8 fold=8] [epoch=1/50] ssl_loss=0.126465 lr=0.00002411 base_val_bce=0.677648 base_best=Y base_cls_epoch=13 epoch_sec=8.3 task_elapsed_min=0.0 gpu_alloc_gb=0.272 gpu_reserved_gb=1.510
[ssl_epoch=1/50] ssl_loss=0.126465 lr=0.00002411 base_val_bce=0.677648 base_best=Y base_cls_epoch=13 epoch_sec=8.3 elapsed_min=0.0 gpu_alloc_gb=0.272 gpu_reserved_gb=1.510
CHECKPOINT_BEST repeat=8 scope=internal_cv fold=8 phase=ssl epoch=2 path=/data/adodas/VarCoNet-V2-main/xiaolunwen/experiment2b/checkpoints/worker_r8_best.pt
[repeat=8 fold=8] [epoch=2/50] ssl_loss=0.128590 lr=0.00003821 base_val_bce=0.655700 base_best=Y base_cls_epoch=11 epoch_sec=9.1 task_elapsed_min=0.2 gpu_alloc_gb=0.272 gpu_reserved_gb=1.510
[ssl_epoch=2/50] ssl_loss=0.128590 lr=0.00003821 base_val_bce=0.655700 base_best=Y base_cls_epoch=11 epoch_sec=9.2 elapsed_min=0.2 gpu_alloc_gb=0.272 gpu_reserved_gb=1.510
[repeat=8 fold=8] [epoch=3/50] ssl_loss=0.097231 lr=0.00005232 base_val_bce=0.666015 base_best=N base_cls_epoch=11 epoch_sec=2.4 task_elapsed_min=0.3 gpu_alloc_gb=0.272 gpu_reserved_gb=1.510
[ssl_epoch=3/50] ssl_loss=0.097231 lr=0.00005232 base_val_bce=0.666015 base_best=N base_cls_epoch=11 epoch_sec=2.5 elapsed_min=0.3 gpu_alloc_gb=0.272 gpu_reserved_gb=1.510
CHECKPOINT_BEST repeat=8 scope=internal_cv fold=8 phase=ssl epoch=4 path=/data/adodas/VarCoNet-V2-main/xiaolunwen/experiment2b/checkpoints/worker_r8_best.pt
[repeat=8 fold=8] [epoch=4/50] ssl_loss=0.090862 lr=0.00006643 base_val_bce=0.646196 base_best=Y base_cls_epoch=13 epoch_sec=9.4 task_elapsed_min=0.4 gpu_alloc_gb=0.272 gpu_reserved_gb=1.510
[ssl_epoch=4/50] ssl_loss=0.090862 lr=0.00006643 base_val_bce=0.646196 base_best=Y base_cls_epoch=13 epoch_sec=9.5 elapsed_min=0.4 gpu_alloc_gb=0.272 gpu_reserved_gb=1.510
[repeat=8 fold=8] [epoch=5/50] ssl_loss=0.076771 lr=0.00008053 base_val_bce=0.658286 base_best=N base_cls_epoch=16 epoch_sec=3.8 task_elapsed_min=0.6 gpu_alloc_gb=0.272 gpu_reserved_gb=1.510
[ssl_epoch=5/50] ssl_loss=0.076771 lr=0.00008053 base_val_bce=0.658286 base_best=N base_cls_epoch=16 epoch_sec=3.9 elapsed_min=0.6 gpu_alloc_gb=0.272 gpu_reserved_gb=1.510
[repeat=8 fold=8] [epoch=6/50] ssl_loss=0.089834 lr=0.00009464 base_val_bce=0.660508 base_best=N base_cls_epoch=13 epoch_sec=3.1 task_elapsed_min=0.6 gpu_alloc_gb=0.272 gpu_reserved_gb=1.510
[ssl_epoch=6/50] ssl_loss=0.089834 lr=0.00009464 base_val_bce=0.660508 base_best=N base_cls_epoch=13 epoch_sec=4.7 elapsed_min=0.6 gpu_alloc_gb=0.272 gpu_reserved_gb=1.510
[repeat=8 fold=8] [epoch=7/50] ssl_loss=0.074096 lr=0.00010875 base_val_bce=0.651170 base_best=N base_cls_epoch=16 epoch_sec=2.8 task_elapsed_min=0.7 gpu_alloc_gb=0.272 gpu_reserved_gb=1.510
[ssl_epoch=7/50] ssl_loss=0.074096 lr=0.00010875 base_val_bce=0.651170 base_best=N base_cls_epoch=16 epoch_sec=2.9 elapsed_min=0.7 gpu_alloc_gb=0.272 gpu_reserved_gb=1.510
[repeat=8 fold=8] [epoch=8/50] ssl_loss=0.086682 lr=0.00012285 base_val_bce=0.646646 base_best=N base_cls_epoch=23 epoch_sec=2.8 task_elapsed_min=0.7 gpu_alloc_gb=0.272 gpu_reserved_gb=1.510
[ssl_epoch=8/50] ssl_loss=0.086682 lr=0.00012285 base_val_bce=0.646646 base_best=N base_cls_epoch=23 epoch_sec=2.8 elapsed_min=0.7 gpu_alloc_gb=0.272 gpu_reserved_gb=1.510
CHECKPOINT_BEST repeat=8 scope=internal_cv fold=8 phase=ssl epoch=9 path=/data/adodas/VarCoNet-V2-main/xiaolunwen/experiment2b/checkpoints/worker_r8_best.pt
[repeat=8 fold=8] [epoch=9/50] ssl_loss=0.072404 lr=0.00013696 base_val_bce=0.643548 base_best=Y base_cls_epoch=28 epoch_sec=13.5 task_elapsed_min=0.8 gpu_alloc_gb=0.272 gpu_reserved_gb=1.510
[ssl_epoch=9/50] ssl_loss=0.072404 lr=0.00013696 base_val_bce=0.643548 base_best=Y base_cls_epoch=28 epoch_sec=14.1 elapsed_min=0.8 gpu_alloc_gb=0.272 gpu_reserved_gb=1.510
CHECKPOINT_BEST repeat=8 scope=internal_cv fold=8 phase=ssl epoch=10 path=/data/adodas/VarCoNet-V2-main/xiaolunwen/experiment2b/checkpoints/worker_r8_best.pt
CHECKPOINT_LATEST repeat=8 scope=internal_cv fold=8 phase=ssl epoch=10 path=/data/adodas/VarCoNet-V2-main/xiaolunwen/experiment2b/checkpoints/worker_r8_latest.pt
[repeat=8 fold=8] [epoch=10/50] ssl_loss=0.063735 lr=0.00013696 base_val_bce=0.637744 base_best=Y base_cls_epoch=26 epoch_sec=15.8 task_elapsed_min=1.0 gpu_alloc_gb=0.272 gpu_reserved_gb=1.510
[ssl_epoch=10/50] ssl_loss=0.063735 lr=0.00013696 base_val_bce=0.637744 base_best=Y base_cls_epoch=26 epoch_sec=15.8 elapsed_min=1.0 gpu_alloc_gb=0.272 gpu_reserved_gb=1.510
[repeat=8 fold=8] [epoch=11/50] ssl_loss=0.076184 lr=0.00013675 base_val_bce=0.658527 base_best=N base_cls_epoch=33 epoch_sec=2.4 task_elapsed_min=1.3 gpu_alloc_gb=0.272 gpu_reserved_gb=1.510
[ssl_epoch=11/50] ssl_loss=0.076184 lr=0.00013675 base_val_bce=0.658527 base_best=N base_cls_epoch=33 epoch_sec=2.6 elapsed_min=1.3 gpu_alloc_gb=0.272 gpu_reserved_gb=1.510
[repeat=8 fold=8] [epoch=12/50] ssl_loss=0.068935 lr=0.00013612 base_val_bce=0.657652 base_best=N base_cls_epoch=31 epoch_sec=1.9 task_elapsed_min=1.3 gpu_alloc_gb=0.272 gpu_reserved_gb=1.510
[ssl_epoch=12/50] ssl_loss=0.068935 lr=0.00013612 base_val_bce=0.657652 base_best=N base_cls_epoch=31 epoch_sec=2.2 elapsed_min=1.3 gpu_alloc_gb=0.272 gpu_reserved_gb=1.510
[repeat=8 fold=8] [epoch=13/50] ssl_loss=0.068730 lr=0.00013507 base_val_bce=0.646763 base_best=N base_cls_epoch=33 epoch_sec=3.0 task_elapsed_min=1.4 gpu_alloc_gb=0.272 gpu_reserved_gb=1.510
[ssl_epoch=13/50] ssl_loss=0.068730 lr=0.00013507 base_val_bce=0.646763 base_best=N base_cls_epoch=33 epoch_sec=3.5 elapsed_min=1.4 gpu_alloc_gb=0.272 gpu_reserved_gb=1.510
[repeat=8 fold=8] [epoch=14/50] ssl_loss=0.072362 lr=0.00013361 base_val_bce=0.651373 base_best=N base_cls_epoch=32 epoch_sec=2.4 task_elapsed_min=1.4 gpu_alloc_gb=0.272 gpu_reserved_gb=1.510
[ssl_epoch=14/50] ssl_loss=0.072362 lr=0.00013361 base_val_bce=0.651373 base_best=N base_cls_epoch=32 epoch_sec=2.8 elapsed_min=1.4 gpu_alloc_gb=0.272 gpu_reserved_gb=1.510
[repeat=8 fold=8] [epoch=15/50] ssl_loss=0.064173 lr=0.00013175 base_val_bce=0.648575 base_best=N base_cls_epoch=28 epoch_sec=2.2 task_elapsed_min=1.5 gpu_alloc_gb=0.272 gpu_reserved_gb=1.510
[ssl_epoch=15/50] ssl_loss=0.064173 lr=0.00013175 base_val_bce=0.648575 base_best=N base_cls_epoch=28 epoch_sec=2.2 elapsed_min=1.5 gpu_alloc_gb=0.272 gpu_reserved_gb=1.510
[repeat=8 fold=8] [epoch=16/50] ssl_loss=0.058817 lr=0.00012950 base_val_bce=0.642964 base_best=N base_cls_epoch=30 epoch_sec=3.4 task_elapsed_min=1.6 gpu_alloc_gb=0.272 gpu_reserved_gb=1.510
[ssl_epoch=16/50] ssl_loss=0.058817 lr=0.00012950 base_val_bce=0.642964 base_best=N base_cls_epoch=30 epoch_sec=3.6 elapsed_min=1.6 gpu_alloc_gb=0.272 gpu_reserved_gb=1.510
CHECKPOINT_BEST repeat=8 scope=internal_cv fold=8 phase=ssl epoch=17 path=/data/adodas/VarCoNet-V2-main/xiaolunwen/experiment2b/checkpoints/worker_r8_best.pt
[repeat=8 fold=8] [epoch=17/50] ssl_loss=0.044362 lr=0.00012687 base_val_bce=0.631537 base_best=Y base_cls_epoch=32 epoch_sec=6.4 task_elapsed_min=1.6 gpu_alloc_gb=0.272 gpu_reserved_gb=1.510
[ssl_epoch=17/50] ssl_loss=0.044362 lr=0.00012687 base_val_bce=0.631537 base_best=Y base_cls_epoch=32 epoch_sec=6.4 elapsed_min=1.6 gpu_alloc_gb=0.272 gpu_reserved_gb=1.510
[repeat=8 fold=8] [epoch=18/50] ssl_loss=0.061119 lr=0.00012388 base_val_bce=0.660803 base_best=N base_cls_epoch=32 epoch_sec=2.1 task_elapsed_min=1.7 gpu_alloc_gb=0.272 gpu_reserved_gb=1.510
[ssl_epoch=18/50] ssl_loss=0.061119 lr=0.00012388 base_val_bce=0.660803 base_best=N base_cls_epoch=32 epoch_sec=2.5 elapsed_min=1.7 gpu_alloc_gb=0.272 gpu_reserved_gb=1.510
[repeat=8 fold=8] [epoch=19/50] ssl_loss=0.063549 lr=0.00012055 base_val_bce=0.653907 base_best=N base_cls_epoch=34 epoch_sec=2.8 task_elapsed_min=1.8 gpu_alloc_gb=0.272 gpu_reserved_gb=1.510
[ssl_epoch=19/50] ssl_loss=0.063549 lr=0.00012055 base_val_bce=0.653907 base_best=N base_cls_epoch=34 epoch_sec=2.8 elapsed_min=1.8 gpu_alloc_gb=0.272 gpu_reserved_gb=1.510
CHECKPOINT_LATEST repeat=8 scope=internal_cv fold=8 phase=ssl epoch=20 path=/data/adodas/VarCoNet-V2-main/xiaolunwen/experiment2b/checkpoints/worker_r8_latest.pt
[repeat=8 fold=8] [epoch=20/50] ssl_loss=0.047694 lr=0.00011690 base_val_bce=0.647897 base_best=N base_cls_epoch=35 epoch_sec=9.1 task_elapsed_min=1.8 gpu_alloc_gb=0.272 gpu_reserved_gb=1.510
[ssl_epoch=20/50] ssl_loss=0.047694 lr=0.00011690 base_val_bce=0.647897 base_best=N base_cls_epoch=35 epoch_sec=9.1 elapsed_min=1.8 gpu_alloc_gb=0.272 gpu_reserved_gb=1.510
[repeat=8 fold=8] [epoch=21/50] ssl_loss=0.053250 lr=0.00011296 base_val_bce=0.646270 base_best=N base_cls_epoch=37 epoch_sec=2.7 task_elapsed_min=2.0 gpu_alloc_gb=0.272 gpu_reserved_gb=1.510
[ssl_epoch=21/50] ssl_loss=0.053250 lr=0.00011296 base_val_bce=0.646270 base_best=N base_cls_epoch=37 epoch_sec=3.2 elapsed_min=2.0 gpu_alloc_gb=0.272 gpu_reserved_gb=1.510
[repeat=8 fold=8] [epoch=22/50] ssl_loss=0.057550 lr=0.00010873 base_val_bce=0.652846 base_best=N base_cls_epoch=32 epoch_sec=3.0 task_elapsed_min=2.0 gpu_alloc_gb=0.272 gpu_reserved_gb=1.510
[ssl_epoch=22/50] ssl_loss=0.057550 lr=0.00010873 base_val_bce=0.652846 base_best=N base_cls_epoch=32 epoch_sec=3.1 elapsed_min=2.0 gpu_alloc_gb=0.272 gpu_reserved_gb=1.510
[repeat=8 fold=8] [epoch=23/50] ssl_loss=0.052063 lr=0.00010426 base_val_bce=0.649321 base_best=N base_cls_epoch=34 epoch_sec=2.8 task_elapsed_min=2.1 gpu_alloc_gb=0.272 gpu_reserved_gb=1.510
[ssl_epoch=23/50] ssl_loss=0.052063 lr=0.00010426 base_val_bce=0.649321 base_best=N base_cls_epoch=34 epoch_sec=2.8 elapsed_min=2.1 gpu_alloc_gb=0.272 gpu_reserved_gb=1.510
[repeat=8 fold=8] [epoch=24/50] ssl_loss=0.050611 lr=0.00009957 base_val_bce=0.658799 base_best=N base_cls_epoch=32 epoch_sec=3.3 task_elapsed_min=2.1 gpu_alloc_gb=0.272 gpu_reserved_gb=1.510
[ssl_epoch=24/50] ssl_loss=0.050611 lr=0.00009957 base_val_bce=0.658799 base_best=N base_cls_epoch=32 epoch_sec=3.4 elapsed_min=2.1 gpu_alloc_gb=0.272 gpu_reserved_gb=1.510
[repeat=8 fold=8] [epoch=25/50] ssl_loss=0.052532 lr=0.00009469 base_val_bce=0.655179 base_best=N base_cls_epoch=36 epoch_sec=2.0 task_elapsed_min=2.2 gpu_alloc_gb=0.272 gpu_reserved_gb=1.510
[ssl_epoch=25/50] ssl_loss=0.052532 lr=0.00009469 base_val_bce=0.655179 base_best=N base_cls_epoch=36 epoch_sec=2.1 elapsed_min=2.2 gpu_alloc_gb=0.272 gpu_reserved_gb=1.510
[repeat=8 fold=8] [epoch=26/50] ssl_loss=0.051983 lr=0.00008964 base_val_bce=0.650972 base_best=N base_cls_epoch=37 epoch_sec=2.3 task_elapsed_min=2.2 gpu_alloc_gb=0.272 gpu_reserved_gb=1.510
[ssl_epoch=26/50] ssl_loss=0.051983 lr=0.00008964 base_val_bce=0.650972 base_best=N base_cls_epoch=37 epoch_sec=2.4 elapsed_min=2.2 gpu_alloc_gb=0.272 gpu_reserved_gb=1.510
[repeat=8 fold=8] [epoch=27/50] ssl_loss=0.042901 lr=0.00008447 base_val_bce=0.638418 base_best=N base_cls_epoch=34 epoch_sec=2.3 task_elapsed_min=2.2 gpu_alloc_gb=0.272 gpu_reserved_gb=1.510
[ssl_epoch=27/50] ssl_loss=0.042901 lr=0.00008447 base_val_bce=0.638418 base_best=N base_cls_epoch=34 epoch_sec=2.4 elapsed_min=2.2 gpu_alloc_gb=0.272 gpu_reserved_gb=1.510
[repeat=8 fold=8] [epoch=28/50] ssl_loss=0.043208 lr=0.00007919 base_val_bce=0.656407 base_best=N base_cls_epoch=32 epoch_sec=2.5 task_elapsed_min=2.3 gpu_alloc_gb=0.272 gpu_reserved_gb=1.510
[ssl_epoch=28/50] ssl_loss=0.043208 lr=0.00007919 base_val_bce=0.656407 base_best=N base_cls_epoch=32 epoch_sec=2.7 elapsed_min=2.3 gpu_alloc_gb=0.272 gpu_reserved_gb=1.510
[repeat=8 fold=8] [epoch=29/50] ssl_loss=0.035168 lr=0.00007385 base_val_bce=0.647910 base_best=N base_cls_epoch=32 epoch_sec=3.0 task_elapsed_min=2.3 gpu_alloc_gb=0.272 gpu_reserved_gb=1.510
[ssl_epoch=29/50] ssl_loss=0.035168 lr=0.00007385 base_val_bce=0.647910 base_best=N base_cls_epoch=32 epoch_sec=3.4 elapsed_min=2.3 gpu_alloc_gb=0.272 gpu_reserved_gb=1.510
CHECKPOINT_LATEST repeat=8 scope=internal_cv fold=8 phase=ssl epoch=30 path=/data/adodas/VarCoNet-V2-main/xiaolunwen/experiment2b/checkpoints/worker_r8_latest.pt
[repeat=8 fold=8] [epoch=30/50] ssl_loss=0.041160 lr=0.00006848 base_val_bce=0.641979 base_best=N base_cls_epoch=30 epoch_sec=8.3 task_elapsed_min=2.4 gpu_alloc_gb=0.272 gpu_reserved_gb=1.510
[ssl_epoch=30/50] ssl_loss=0.041160 lr=0.00006848 base_val_bce=0.641979 base_best=N base_cls_epoch=30 epoch_sec=8.4 elapsed_min=2.4 gpu_alloc_gb=0.272 gpu_reserved_gb=1.510
[repeat=8 fold=8] [epoch=31/50] ssl_loss=0.036097 lr=0.00006311 base_val_bce=0.665375 base_best=N base_cls_epoch=33 epoch_sec=3.6 task_elapsed_min=2.5 gpu_alloc_gb=0.272 gpu_reserved_gb=1.510
[ssl_epoch=31/50] ssl_loss=0.036097 lr=0.00006311 base_val_bce=0.665375 base_best=N base_cls_epoch=33 epoch_sec=4.0 elapsed_min=2.5 gpu_alloc_gb=0.272 gpu_reserved_gb=1.510
[repeat=8 fold=8] [epoch=32/50] ssl_loss=0.049421 lr=0.00005777 base_val_bce=0.662683 base_best=N base_cls_epoch=36 epoch_sec=3.3 task_elapsed_min=2.6 gpu_alloc_gb=0.272 gpu_reserved_gb=1.510
[ssl_epoch=32/50] ssl_loss=0.049421 lr=0.00005777 base_val_bce=0.662683 base_best=N base_cls_epoch=36 epoch_sec=4.8 elapsed_min=2.6 gpu_alloc_gb=0.272 gpu_reserved_gb=1.510
[repeat=8 fold=8] [epoch=33/50] ssl_loss=0.041796 lr=0.00005249 base_val_bce=0.650153 base_best=N base_cls_epoch=34 epoch_sec=2.9 task_elapsed_min=2.7 gpu_alloc_gb=0.272 gpu_reserved_gb=1.510
[ssl_epoch=33/50] ssl_loss=0.041796 lr=0.00005249 base_val_bce=0.650153 base_best=N base_cls_epoch=34 epoch_sec=3.0 elapsed_min=2.7 gpu_alloc_gb=0.272 gpu_reserved_gb=1.510
[repeat=8 fold=8] [epoch=34/50] ssl_loss=0.033883 lr=0.00004732 base_val_bce=0.640898 base_best=N base_cls_epoch=35 epoch_sec=2.9 task_elapsed_min=2.8 gpu_alloc_gb=0.272 gpu_reserved_gb=1.510
[ssl_epoch=34/50] ssl_loss=0.033883 lr=0.00004732 base_val_bce=0.640898 base_best=N base_cls_epoch=35 epoch_sec=3.2 elapsed_min=2.8 gpu_alloc_gb=0.272 gpu_reserved_gb=1.510
[repeat=8 fold=8] [epoch=35/50] ssl_loss=0.038076 lr=0.00004227 base_val_bce=0.650836 base_best=N base_cls_epoch=37 epoch_sec=2.2 task_elapsed_min=2.8 gpu_alloc_gb=0.272 gpu_reserved_gb=1.510
[ssl_epoch=35/50] ssl_loss=0.038076 lr=0.00004227 base_val_bce=0.650836 base_best=N base_cls_epoch=37 epoch_sec=2.4 elapsed_min=2.8 gpu_alloc_gb=0.272 gpu_reserved_gb=1.510
[repeat=8 fold=8] [epoch=36/50] ssl_loss=0.042242 lr=0.00003739 base_val_bce=0.644865 base_best=N base_cls_epoch=39 epoch_sec=2.9 task_elapsed_min=2.8 gpu_alloc_gb=0.272 gpu_reserved_gb=1.510
[ssl_epoch=36/50] ssl_loss=0.042242 lr=0.00003739 base_val_bce=0.644865 base_best=N base_cls_epoch=39 epoch_sec=3.0 elapsed_min=2.8 gpu_alloc_gb=0.272 gpu_reserved_gb=1.510
[repeat=8 fold=8] [epoch=37/50] ssl_loss=0.051654 lr=0.00003270 base_val_bce=0.652869 base_best=N base_cls_epoch=32 epoch_sec=2.3 task_elapsed_min=2.9 gpu_alloc_gb=0.272 gpu_reserved_gb=1.510
[ssl_epoch=37/50] ssl_loss=0.051654 lr=0.00003270 base_val_bce=0.652869 base_best=N base_cls_epoch=32 epoch_sec=2.3 elapsed_min=2.9 gpu_alloc_gb=0.272 gpu_reserved_gb=1.510
[repeat=8 fold=8] [epoch=38/50] ssl_loss=0.054212 lr=0.00002823 base_val_bce=0.658307 base_best=N base_cls_epoch=33 epoch_sec=3.4 task_elapsed_min=2.9 gpu_alloc_gb=0.272 gpu_reserved_gb=1.510
[ssl_epoch=38/50] ssl_loss=0.054212 lr=0.00002823 base_val_bce=0.658307 base_best=N base_cls_epoch=33 epoch_sec=3.7 elapsed_min=2.9 gpu_alloc_gb=0.272 gpu_reserved_gb=1.510
[repeat=8 fold=8] [epoch=39/50] ssl_loss=0.042880 lr=0.00002401 base_val_bce=0.651548 base_best=N base_cls_epoch=32 epoch_sec=3.0 task_elapsed_min=3.0 gpu_alloc_gb=0.272 gpu_reserved_gb=1.510
[ssl_epoch=39/50] ssl_loss=0.042880 lr=0.00002401 base_val_bce=0.651548 base_best=N base_cls_epoch=32 epoch_sec=3.3 elapsed_min=3.0 gpu_alloc_gb=0.272 gpu_reserved_gb=1.510
CHECKPOINT_LATEST repeat=8 scope=internal_cv fold=8 phase=ssl epoch=40 path=/data/adodas/VarCoNet-V2-main/xiaolunwen/experiment2b/checkpoints/worker_r8_latest.pt
[repeat=8 fold=8] [epoch=40/50] ssl_loss=0.039738 lr=0.00002006 base_val_bce=0.652019 base_best=N base_cls_epoch=39 epoch_sec=6.9 task_elapsed_min=3.1 gpu_alloc_gb=0.272 gpu_reserved_gb=1.510
[ssl_epoch=40/50] ssl_loss=0.039738 lr=0.00002006 base_val_bce=0.652019 base_best=N base_cls_epoch=39 epoch_sec=6.9 elapsed_min=3.1 gpu_alloc_gb=0.272 gpu_reserved_gb=1.510
[repeat=8 fold=8] [epoch=41/50] ssl_loss=0.048276 lr=0.00001641 base_val_bce=0.652515 base_best=N base_cls_epoch=33 epoch_sec=3.8 task_elapsed_min=3.2 gpu_alloc_gb=0.272 gpu_reserved_gb=1.510
[ssl_epoch=41/50] ssl_loss=0.048276 lr=0.00001641 base_val_bce=0.652515 base_best=N base_cls_epoch=33 epoch_sec=4.6 elapsed_min=3.2 gpu_alloc_gb=0.272 gpu_reserved_gb=1.510
[repeat=8 fold=8] [epoch=42/50] ssl_loss=0.046424 lr=0.00001308 base_val_bce=0.654563 base_best=N base_cls_epoch=34 epoch_sec=3.2 task_elapsed_min=3.3 gpu_alloc_gb=0.272 gpu_reserved_gb=1.510
[ssl_epoch=42/50] ssl_loss=0.046424 lr=0.00001308 base_val_bce=0.654563 base_best=N base_cls_epoch=34 epoch_sec=3.3 elapsed_min=3.3 gpu_alloc_gb=0.272 gpu_reserved_gb=1.510
[repeat=8 fold=8] [epoch=43/50] ssl_loss=0.039351 lr=0.00001009 base_val_bce=0.655533 base_best=N base_cls_epoch=31 epoch_sec=3.8 task_elapsed_min=3.3 gpu_alloc_gb=0.272 gpu_reserved_gb=1.510
[ssl_epoch=43/50] ssl_loss=0.039351 lr=0.00001009 base_val_bce=0.655533 base_best=N base_cls_epoch=31 epoch_sec=3.9 elapsed_min=3.3 gpu_alloc_gb=0.272 gpu_reserved_gb=1.510
[repeat=8 fold=8] [epoch=44/50] ssl_loss=0.043490 lr=0.00000746 base_val_bce=0.658278 base_best=N base_cls_epoch=36 epoch_sec=3.3 task_elapsed_min=3.4 gpu_alloc_gb=0.272 gpu_reserved_gb=1.510
[ssl_epoch=44/50] ssl_loss=0.043490 lr=0.00000746 base_val_bce=0.658278 base_best=N base_cls_epoch=36 epoch_sec=3.3 elapsed_min=3.4 gpu_alloc_gb=0.272 gpu_reserved_gb=1.510
[repeat=8 fold=8] [epoch=45/50] ssl_loss=0.047976 lr=0.00000521 base_val_bce=0.645032 base_best=N base_cls_epoch=31 epoch_sec=3.2 task_elapsed_min=3.4 gpu_alloc_gb=0.272 gpu_reserved_gb=1.510
[ssl_epoch=45/50] ssl_loss=0.047976 lr=0.00000521 base_val_bce=0.645032 base_best=N base_cls_epoch=31 epoch_sec=3.3 elapsed_min=3.4 gpu_alloc_gb=0.272 gpu_reserved_gb=1.510
[repeat=8 fold=8] [epoch=46/50] ssl_loss=0.042930 lr=0.00000335 base_val_bce=0.645720 base_best=N base_cls_epoch=35 epoch_sec=3.1 task_elapsed_min=3.5 gpu_alloc_gb=0.272 gpu_reserved_gb=1.510
[ssl_epoch=46/50] ssl_loss=0.042930 lr=0.00000335 base_val_bce=0.645720 base_best=N base_cls_epoch=35 epoch_sec=3.2 elapsed_min=3.5 gpu_alloc_gb=0.272 gpu_reserved_gb=1.510
[repeat=8 fold=8] [epoch=47/50] ssl_loss=0.040278 lr=0.00000189 base_val_bce=0.649009 base_best=N base_cls_epoch=30 epoch_sec=3.1 task_elapsed_min=3.5 gpu_alloc_gb=0.272 gpu_reserved_gb=1.510
[ssl_epoch=47/50] ssl_loss=0.040278 lr=0.00000189 base_val_bce=0.649009 base_best=N base_cls_epoch=30 epoch_sec=3.4 elapsed_min=3.5 gpu_alloc_gb=0.272 gpu_reserved_gb=1.510
[repeat=8 fold=8] [epoch=48/50] ssl_loss=0.043905 lr=0.00000084 base_val_bce=0.650800 base_best=N base_cls_epoch=35 epoch_sec=2.7 task_elapsed_min=3.6 gpu_alloc_gb=0.272 gpu_reserved_gb=1.510
[ssl_epoch=48/50] ssl_loss=0.043905 lr=0.00000084 base_val_bce=0.650800 base_best=N base_cls_epoch=35 epoch_sec=3.1 elapsed_min=3.6 gpu_alloc_gb=0.272 gpu_reserved_gb=1.510
[repeat=8 fold=8] [epoch=49/50] ssl_loss=0.044584 lr=0.00000021 base_val_bce=0.657094 base_best=N base_cls_epoch=31 epoch_sec=3.2 task_elapsed_min=3.7 gpu_alloc_gb=0.272 gpu_reserved_gb=1.510
[ssl_epoch=49/50] ssl_loss=0.044584 lr=0.00000021 base_val_bce=0.657094 base_best=N base_cls_epoch=31 epoch_sec=3.3 elapsed_min=3.7 gpu_alloc_gb=0.272 gpu_reserved_gb=1.510
CHECKPOINT_LATEST repeat=8 scope=internal_cv fold=8 phase=ssl epoch=50 path=/data/adodas/VarCoNet-V2-main/xiaolunwen/experiment2b/checkpoints/worker_r8_latest.pt
[repeat=8 fold=8] [epoch=50/50] ssl_loss=0.039254 lr=0.00000000 base_val_bce=0.642941 base_best=N base_cls_epoch=37 epoch_sec=7.5 task_elapsed_min=3.7 gpu_alloc_gb=0.272 gpu_reserved_gb=1.510
[ssl_epoch=50/50] ssl_loss=0.039254 lr=0.00000000 base_val_bce=0.642941 base_best=N base_cls_epoch=37 epoch_sec=7.5 elapsed_min=3.7 gpu_alloc_gb=0.272 gpu_reserved_gb=1.510
RESIDUAL_EPOCH repeat=8 scope=internal_cv fold=8 epoch=0 val_bce=0.631537 best=Y dynamic_dim=73536
CHECKPOINT_BEST repeat=8 scope=internal_cv fold=8 phase=residual epoch=1 path=/data/adodas/VarCoNet-V2-main/xiaolunwen/experiment2b/checkpoints/worker_r8_best.pt
[residual_epoch=1/149] residual_loss=0.254500 val_bce=0.627291 best=Y best_epoch=1 epoch_sec=8.7 task_elapsed_min=3.8
CHECKPOINT_LATEST repeat=8 scope=internal_cv fold=8 phase=residual epoch=10 path=/data/adodas/VarCoNet-V2-main/xiaolunwen/experiment2b/checkpoints/worker_r8_latest.pt
[residual_epoch=10/149] residual_loss=0.122217 val_bce=0.641538 best=N best_epoch=1 epoch_sec=3.4 task_elapsed_min=3.9
CHECKPOINT_LATEST repeat=8 scope=internal_cv fold=8 phase=residual epoch=20 path=/data/adodas/VarCoNet-V2-main/xiaolunwen/experiment2b/checkpoints/worker_r8_latest.pt
[residual_epoch=20/149] residual_loss=0.060506 val_bce=0.663146 best=N best_epoch=1 epoch_sec=7.8 task_elapsed_min=4.0
CHECKPOINT_LATEST repeat=8 scope=internal_cv fold=8 phase=residual epoch=30 path=/data/adodas/VarCoNet-V2-main/xiaolunwen/experiment2b/checkpoints/worker_r8_latest.pt
[residual_epoch=30/149] residual_loss=0.034894 val_bce=0.689630 best=N best_epoch=1 epoch_sec=3.0 task_elapsed_min=4.1
CHECKPOINT_LATEST repeat=8 scope=internal_cv fold=8 phase=residual epoch=40 path=/data/adodas/VarCoNet-V2-main/xiaolunwen/experiment2b/checkpoints/worker_r8_latest.pt
[residual_epoch=40/149] residual_loss=0.023229 val_bce=0.712549 best=N best_epoch=1 epoch_sec=4.1 task_elapsed_min=4.2
CHECKPOINT_LATEST repeat=8 scope=internal_cv fold=8 phase=residual epoch=50 path=/data/adodas/VarCoNet-V2-main/xiaolunwen/experiment2b/checkpoints/worker_r8_latest.pt
[residual_epoch=50/149] residual_loss=0.017182 val_bce=0.730399 best=N best_epoch=1 epoch_sec=7.5 task_elapsed_min=4.3
CHECKPOINT_LATEST repeat=8 scope=internal_cv fold=8 phase=residual epoch=60 path=/data/adodas/VarCoNet-V2-main/xiaolunwen/experiment2b/checkpoints/worker_r8_latest.pt
[residual_epoch=60/149] residual_loss=0.013615 val_bce=0.744708 best=N best_epoch=1 epoch_sec=3.0 task_elapsed_min=4.4
CHECKPOINT_LATEST repeat=8 scope=internal_cv fold=8 phase=residual epoch=70 path=/data/adodas/VarCoNet-V2-main/xiaolunwen/experiment2b/checkpoints/worker_r8_latest.pt
[residual_epoch=70/149] residual_loss=0.011268 val_bce=0.756978 best=N best_epoch=1 epoch_sec=4.1 task_elapsed_min=4.4
CHECKPOINT_LATEST repeat=8 scope=internal_cv fold=8 phase=residual epoch=80 path=/data/adodas/VarCoNet-V2-main/xiaolunwen/experiment2b/checkpoints/worker_r8_latest.pt
[residual_epoch=80/149] residual_loss=0.009592 val_bce=0.767994 best=N best_epoch=1 epoch_sec=6.7 task_elapsed_min=4.5
CHECKPOINT_LATEST repeat=8 scope=internal_cv fold=8 phase=residual epoch=90 path=/data/adodas/VarCoNet-V2-main/xiaolunwen/experiment2b/checkpoints/worker_r8_latest.pt
[residual_epoch=90/149] residual_loss=0.008324 val_bce=0.778025 best=N best_epoch=1 epoch_sec=10.2 task_elapsed_min=4.6
CHECKPOINT_LATEST repeat=8 scope=internal_cv fold=8 phase=residual epoch=100 path=/data/adodas/VarCoNet-V2-main/xiaolunwen/experiment2b/checkpoints/worker_r8_latest.pt
[residual_epoch=100/149] residual_loss=0.007326 val_bce=0.787251 best=N best_epoch=1 epoch_sec=9.8 task_elapsed_min=4.8
CHECKPOINT_LATEST repeat=8 scope=internal_cv fold=8 phase=residual epoch=110 path=/data/adodas/VarCoNet-V2-main/xiaolunwen/experiment2b/checkpoints/worker_r8_latest.pt
[residual_epoch=110/149] residual_loss=0.006518 val_bce=0.795866 best=N best_epoch=1 epoch_sec=2.9 task_elapsed_min=5.0
CHECKPOINT_LATEST repeat=8 scope=internal_cv fold=8 phase=residual epoch=120 path=/data/adodas/VarCoNet-V2-main/xiaolunwen/experiment2b/checkpoints/worker_r8_latest.pt
[residual_epoch=120/149] residual_loss=0.005850 val_bce=0.803983 best=N best_epoch=1 epoch_sec=10.9 task_elapsed_min=5.0
CHECKPOINT_LATEST repeat=8 scope=internal_cv fold=8 phase=residual epoch=130 path=/data/adodas/VarCoNet-V2-main/xiaolunwen/experiment2b/checkpoints/worker_r8_latest.pt
[residual_epoch=130/149] residual_loss=0.005290 val_bce=0.811669 best=N best_epoch=1 epoch_sec=3.2 task_elapsed_min=5.2
CHECKPOINT_LATEST repeat=8 scope=internal_cv fold=8 phase=residual epoch=140 path=/data/adodas/VarCoNet-V2-main/xiaolunwen/experiment2b/checkpoints/worker_r8_latest.pt
[residual_epoch=140/149] residual_loss=0.004813 val_bce=0.818965 best=N best_epoch=1 epoch_sec=6.2 task_elapsed_min=5.2
RESIDUAL_DONE repeat=8 scope=internal_cv fold=8 selected_encoder_epoch=17 selected_classifier_epoch=32 selected_residual_epoch=1 val_bce=0.627291
TASK_TRAINING_DONE repeat=8 scope=internal_cv fold=8 base_epoch=17 dyn_epoch=17 base_val_bce=0.631537 dyn_val_bce=0.627291
TASK_DONE repeat=8 scope=internal_fold fold=8 method=baseline selected_encoder_epoch=17 test_auc=0.747794 test_bce=0.600689 elapsed_min=5.3
TASK_DONE repeat=8 scope=internal_fold fold=8 method=pretransformer_edge_residual selected_encoder_epoch=17 test_auc=0.747276 test_bce=0.597220 elapsed_min=5.3
TASK_START repeat=8 scope=internal_cv fold=9 seed=100809 device=cuda:0 shared_encoder=Y
CHECKPOINT_BEST repeat=8 scope=internal_cv fold=9 phase=ssl epoch=1 path=/data/adodas/VarCoNet-V2-main/xiaolunwen/experiment2b/checkpoints/worker_r8_best.pt
[repeat=8 fold=9] [epoch=1/50] ssl_loss=0.160086 lr=0.00002411 base_val_bce=0.679710 base_best=Y base_cls_epoch=9 epoch_sec=7.8 task_elapsed_min=0.1 gpu_alloc_gb=0.272 gpu_reserved_gb=1.510
[ssl_epoch=1/50] ssl_loss=0.160086 lr=0.00002411 base_val_bce=0.679710 base_best=Y base_cls_epoch=9 epoch_sec=7.8 elapsed_min=0.1 gpu_alloc_gb=0.272 gpu_reserved_gb=1.510
CHECKPOINT_BEST repeat=8 scope=internal_cv fold=9 phase=ssl epoch=2 path=/data/adodas/VarCoNet-V2-main/xiaolunwen/experiment2b/checkpoints/worker_r8_best.pt
[repeat=8 fold=9] [epoch=2/50] ssl_loss=0.141513 lr=0.00003821 base_val_bce=0.671776 base_best=Y base_cls_epoch=10 epoch_sec=5.7 task_elapsed_min=0.2 gpu_alloc_gb=0.272 gpu_reserved_gb=1.510
[ssl_epoch=2/50] ssl_loss=0.141513 lr=0.00003821 base_val_bce=0.671776 base_best=Y base_cls_epoch=10 epoch_sec=5.7 elapsed_min=0.2 gpu_alloc_gb=0.272 gpu_reserved_gb=1.510
CHECKPOINT_BEST repeat=8 scope=internal_cv fold=9 phase=ssl epoch=3 path=/data/adodas/VarCoNet-V2-main/xiaolunwen/experiment2b/checkpoints/worker_r8_best.pt
[repeat=8 fold=9] [epoch=3/50] ssl_loss=0.144487 lr=0.00005232 base_val_bce=0.669732 base_best=Y base_cls_epoch=11 epoch_sec=8.3 task_elapsed_min=0.3 gpu_alloc_gb=0.272 gpu_reserved_gb=1.510
[ssl_epoch=3/50] ssl_loss=0.144487 lr=0.00005232 base_val_bce=0.669732 base_best=Y base_cls_epoch=11 epoch_sec=8.3 elapsed_min=0.3 gpu_alloc_gb=0.272 gpu_reserved_gb=1.510
CHECKPOINT_BEST repeat=8 scope=internal_cv fold=9 phase=ssl epoch=4 path=/data/adodas/VarCoNet-V2-main/xiaolunwen/experiment2b/checkpoints/worker_r8_best.pt
[repeat=8 fold=9] [epoch=4/50] ssl_loss=0.128291 lr=0.00006643 base_val_bce=0.666741 base_best=Y base_cls_epoch=13 epoch_sec=9.9 task_elapsed_min=0.5 gpu_alloc_gb=0.272 gpu_reserved_gb=1.510
[ssl_epoch=4/50] ssl_loss=0.128291 lr=0.00006643 base_val_bce=0.666741 base_best=Y base_cls_epoch=13 epoch_sec=9.9 elapsed_min=0.5 gpu_alloc_gb=0.272 gpu_reserved_gb=1.510
[repeat=8 fold=9] [epoch=5/50] ssl_loss=0.130866 lr=0.00008053 base_val_bce=0.670181 base_best=N base_cls_epoch=16 epoch_sec=1.9 task_elapsed_min=0.6 gpu_alloc_gb=0.272 gpu_reserved_gb=1.510
[ssl_epoch=5/50] ssl_loss=0.130866 lr=0.00008053 base_val_bce=0.670181 base_best=N base_cls_epoch=16 epoch_sec=1.9 elapsed_min=0.6 gpu_alloc_gb=0.272 gpu_reserved_gb=1.510
[repeat=8 fold=9] [epoch=6/50] ssl_loss=0.097304 lr=0.00009464 base_val_bce=0.668139 base_best=N base_cls_epoch=13 epoch_sec=2.0 task_elapsed_min=0.7 gpu_alloc_gb=0.272 gpu_reserved_gb=1.510
[ssl_epoch=6/50] ssl_loss=0.097304 lr=0.00009464 base_val_bce=0.668139 base_best=N base_cls_epoch=13 epoch_sec=2.1 elapsed_min=0.7 gpu_alloc_gb=0.272 gpu_reserved_gb=1.510
[repeat=8 fold=9] [epoch=7/50] ssl_loss=0.098646 lr=0.00010875 base_val_bce=0.667458 base_best=N base_cls_epoch=23 epoch_sec=1.9 task_elapsed_min=0.7 gpu_alloc_gb=0.272 gpu_reserved_gb=1.510
[ssl_epoch=7/50] ssl_loss=0.098646 lr=0.00010875 base_val_bce=0.667458 base_best=N base_cls_epoch=23 epoch_sec=2.2 elapsed_min=0.7 gpu_alloc_gb=0.272 gpu_reserved_gb=1.510
[repeat=8 fold=9] [epoch=8/50] ssl_loss=0.088661 lr=0.00012285 base_val_bce=0.676337 base_best=N base_cls_epoch=16 epoch_sec=1.7 task_elapsed_min=0.7 gpu_alloc_gb=0.272 gpu_reserved_gb=1.510
[ssl_epoch=8/50] ssl_loss=0.088661 lr=0.00012285 base_val_bce=0.676337 base_best=N base_cls_epoch=16 epoch_sec=2.7 elapsed_min=0.7 gpu_alloc_gb=0.272 gpu_reserved_gb=1.510
[repeat=8 fold=9] [epoch=9/50] ssl_loss=0.078902 lr=0.00013696 base_val_bce=0.670816 base_best=N base_cls_epoch=23 epoch_sec=1.9 task_elapsed_min=0.8 gpu_alloc_gb=0.272 gpu_reserved_gb=1.510
[ssl_epoch=9/50] ssl_loss=0.078902 lr=0.00013696 base_val_bce=0.670816 base_best=N base_cls_epoch=23 epoch_sec=2.2 elapsed_min=0.8 gpu_alloc_gb=0.272 gpu_reserved_gb=1.510
CHECKPOINT_BEST repeat=8 scope=internal_cv fold=9 phase=ssl epoch=10 path=/data/adodas/VarCoNet-V2-main/xiaolunwen/experiment2b/checkpoints/worker_r8_best.pt
CHECKPOINT_LATEST repeat=8 scope=internal_cv fold=9 phase=ssl epoch=10 path=/data/adodas/VarCoNet-V2-main/xiaolunwen/experiment2b/checkpoints/worker_r8_latest.pt
[repeat=8 fold=9] [epoch=10/50] ssl_loss=0.065485 lr=0.00013696 base_val_bce=0.657637 base_best=Y base_cls_epoch=23 epoch_sec=14.8 task_elapsed_min=0.8 gpu_alloc_gb=0.272 gpu_reserved_gb=1.510
[ssl_epoch=10/50] ssl_loss=0.065485 lr=0.00013696 base_val_bce=0.657637 base_best=Y base_cls_epoch=23 epoch_sec=14.8 elapsed_min=0.8 gpu_alloc_gb=0.272 gpu_reserved_gb=1.510
[repeat=8 fold=9] [epoch=11/50] ssl_loss=0.078921 lr=0.00013675 base_val_bce=0.672988 base_best=N base_cls_epoch=30 epoch_sec=2.8 task_elapsed_min=1.1 gpu_alloc_gb=0.272 gpu_reserved_gb=1.510
[ssl_epoch=11/50] ssl_loss=0.078921 lr=0.00013675 base_val_bce=0.672988 base_best=N base_cls_epoch=30 epoch_sec=3.0 elapsed_min=1.1 gpu_alloc_gb=0.272 gpu_reserved_gb=1.510
[repeat=8 fold=9] [epoch=12/50] ssl_loss=0.057284 lr=0.00013612 base_val_bce=0.666340 base_best=N base_cls_epoch=26 epoch_sec=2.5 task_elapsed_min=1.1 gpu_alloc_gb=0.272 gpu_reserved_gb=1.510
[ssl_epoch=12/50] ssl_loss=0.057284 lr=0.00013612 base_val_bce=0.666340 base_best=N base_cls_epoch=26 epoch_sec=2.6 elapsed_min=1.1 gpu_alloc_gb=0.272 gpu_reserved_gb=1.510
[repeat=8 fold=9] [epoch=13/50] ssl_loss=0.068298 lr=0.00013507 base_val_bce=0.660678 base_best=N base_cls_epoch=25 epoch_sec=2.2 task_elapsed_min=1.2 gpu_alloc_gb=0.272 gpu_reserved_gb=1.510
[ssl_epoch=13/50] ssl_loss=0.068298 lr=0.00013507 base_val_bce=0.660678 base_best=N base_cls_epoch=25 epoch_sec=3.2 elapsed_min=1.2 gpu_alloc_gb=0.272 gpu_reserved_gb=1.510
[repeat=8 fold=9] [epoch=14/50] ssl_loss=0.059597 lr=0.00013361 base_val_bce=0.669814 base_best=N base_cls_epoch=25 epoch_sec=3.2 task_elapsed_min=1.3 gpu_alloc_gb=0.272 gpu_reserved_gb=1.510
[ssl_epoch=14/50] ssl_loss=0.059597 lr=0.00013361 base_val_bce=0.669814 base_best=N base_cls_epoch=25 epoch_sec=5.0 elapsed_min=1.3 gpu_alloc_gb=0.272 gpu_reserved_gb=1.510
[repeat=8 fold=9] [epoch=15/50] ssl_loss=0.050244 lr=0.00013175 base_val_bce=0.666992 base_best=N base_cls_epoch=25 epoch_sec=2.4 task_elapsed_min=1.3 gpu_alloc_gb=0.272 gpu_reserved_gb=1.510
[ssl_epoch=15/50] ssl_loss=0.050244 lr=0.00013175 base_val_bce=0.666992 base_best=N base_cls_epoch=25 epoch_sec=2.4 elapsed_min=1.3 gpu_alloc_gb=0.272 gpu_reserved_gb=1.510
CHECKPOINT_BEST repeat=8 scope=internal_cv fold=9 phase=ssl epoch=16 path=/data/adodas/VarCoNet-V2-main/xiaolunwen/experiment2b/checkpoints/worker_r8_best.pt
[repeat=8 fold=9] [epoch=16/50] ssl_loss=0.042027 lr=0.00012950 base_val_bce=0.654144 base_best=Y base_cls_epoch=27 epoch_sec=15.1 task_elapsed_min=1.4 gpu_alloc_gb=0.272 gpu_reserved_gb=1.510
[ssl_epoch=16/50] ssl_loss=0.042027 lr=0.00012950 base_val_bce=0.654144 base_best=Y base_cls_epoch=27 epoch_sec=15.1 elapsed_min=1.4 gpu_alloc_gb=0.272 gpu_reserved_gb=1.510
[repeat=8 fold=9] [epoch=17/50] ssl_loss=0.060333 lr=0.00012687 base_val_bce=0.654726 base_best=N base_cls_epoch=27 epoch_sec=2.7 task_elapsed_min=1.6 gpu_alloc_gb=0.272 gpu_reserved_gb=1.510
[ssl_epoch=17/50] ssl_loss=0.060333 lr=0.00012687 base_val_bce=0.654726 base_best=N base_cls_epoch=27 epoch_sec=2.8 elapsed_min=1.6 gpu_alloc_gb=0.272 gpu_reserved_gb=1.510
[repeat=8 fold=9] [epoch=18/50] ssl_loss=0.051384 lr=0.00012388 base_val_bce=0.665689 base_best=N base_cls_epoch=30 epoch_sec=3.0 task_elapsed_min=1.7 gpu_alloc_gb=0.272 gpu_reserved_gb=1.510
[ssl_epoch=18/50] ssl_loss=0.051384 lr=0.00012388 base_val_bce=0.665689 base_best=N base_cls_epoch=30 epoch_sec=3.1 elapsed_min=1.7 gpu_alloc_gb=0.272 gpu_reserved_gb=1.510
[repeat=8 fold=9] [epoch=19/50] ssl_loss=0.050664 lr=0.00012055 base_val_bce=0.665139 base_best=N base_cls_epoch=25 epoch_sec=2.7 task_elapsed_min=1.7 gpu_alloc_gb=0.272 gpu_reserved_gb=1.510
[ssl_epoch=19/50] ssl_loss=0.050664 lr=0.00012055 base_val_bce=0.665139 base_best=N base_cls_epoch=25 epoch_sec=2.7 elapsed_min=1.7 gpu_alloc_gb=0.272 gpu_reserved_gb=1.510
CHECKPOINT_LATEST repeat=8 scope=internal_cv fold=9 phase=ssl epoch=20 path=/data/adodas/VarCoNet-V2-main/xiaolunwen/experiment2b/checkpoints/worker_r8_latest.pt
[repeat=8 fold=9] [epoch=20/50] ssl_loss=0.059678 lr=0.00011690 base_val_bce=0.656973 base_best=N base_cls_epoch=24 epoch_sec=6.6 task_elapsed_min=1.8 gpu_alloc_gb=0.272 gpu_reserved_gb=1.510
[ssl_epoch=20/50] ssl_loss=0.059678 lr=0.00011690 base_val_bce=0.656973 base_best=N base_cls_epoch=24 epoch_sec=6.6 elapsed_min=1.8 gpu_alloc_gb=0.272 gpu_reserved_gb=1.510
[repeat=8 fold=9] [epoch=21/50] ssl_loss=0.044804 lr=0.00011296 base_val_bce=0.658899 base_best=N base_cls_epoch=24 epoch_sec=3.0 task_elapsed_min=1.9 gpu_alloc_gb=0.272 gpu_reserved_gb=1.510
[ssl_epoch=21/50] ssl_loss=0.044804 lr=0.00011296 base_val_bce=0.658899 base_best=N base_cls_epoch=24 epoch_sec=3.0 elapsed_min=1.9 gpu_alloc_gb=0.272 gpu_reserved_gb=1.510
[repeat=8 fold=9] [epoch=22/50] ssl_loss=0.050896 lr=0.00010873 base_val_bce=0.663305 base_best=N base_cls_epoch=33 epoch_sec=3.1 task_elapsed_min=1.9 gpu_alloc_gb=0.272 gpu_reserved_gb=1.510
[ssl_epoch=22/50] ssl_loss=0.050896 lr=0.00010873 base_val_bce=0.663305 base_best=N base_cls_epoch=33 epoch_sec=3.5 elapsed_min=1.9 gpu_alloc_gb=0.272 gpu_reserved_gb=1.510
[repeat=8 fold=9] [epoch=23/50] ssl_loss=0.057385 lr=0.00010426 base_val_bce=0.658594 base_best=N base_cls_epoch=25 epoch_sec=3.1 task_elapsed_min=2.0 gpu_alloc_gb=0.272 gpu_reserved_gb=1.510
[ssl_epoch=23/50] ssl_loss=0.057385 lr=0.00010426 base_val_bce=0.658594 base_best=N base_cls_epoch=25 epoch_sec=3.2 elapsed_min=2.0 gpu_alloc_gb=0.272 gpu_reserved_gb=1.510
[repeat=8 fold=9] [epoch=24/50] ssl_loss=0.041363 lr=0.00009957 base_val_bce=0.662893 base_best=N base_cls_epoch=28 epoch_sec=3.3 task_elapsed_min=2.1 gpu_alloc_gb=0.272 gpu_reserved_gb=1.510
[ssl_epoch=24/50] ssl_loss=0.041363 lr=0.00009957 base_val_bce=0.662893 base_best=N base_cls_epoch=28 epoch_sec=3.5 elapsed_min=2.1 gpu_alloc_gb=0.272 gpu_reserved_gb=1.510
[repeat=8 fold=9] [epoch=25/50] ssl_loss=0.049612 lr=0.00009469 base_val_bce=0.664094 base_best=N base_cls_epoch=30 epoch_sec=3.8 task_elapsed_min=2.1 gpu_alloc_gb=0.272 gpu_reserved_gb=1.510
[ssl_epoch=25/50] ssl_loss=0.049612 lr=0.00009469 base_val_bce=0.664094 base_best=N base_cls_epoch=30 epoch_sec=4.0 elapsed_min=2.1 gpu_alloc_gb=0.272 gpu_reserved_gb=1.510
[repeat=8 fold=9] [epoch=26/50] ssl_loss=0.043773 lr=0.00008964 base_val_bce=0.663693 base_best=N base_cls_epoch=29 epoch_sec=3.2 task_elapsed_min=2.2 gpu_alloc_gb=0.272 gpu_reserved_gb=1.510
[ssl_epoch=26/50] ssl_loss=0.043773 lr=0.00008964 base_val_bce=0.663693 base_best=N base_cls_epoch=29 epoch_sec=3.2 elapsed_min=2.2 gpu_alloc_gb=0.272 gpu_reserved_gb=1.510
[repeat=8 fold=9] [epoch=27/50] ssl_loss=0.052650 lr=0.00008447 base_val_bce=0.664094 base_best=N base_cls_epoch=27 epoch_sec=3.7 task_elapsed_min=2.3 gpu_alloc_gb=0.272 gpu_reserved_gb=1.510
[ssl_epoch=27/50] ssl_loss=0.052650 lr=0.00008447 base_val_bce=0.664094 base_best=N base_cls_epoch=27 epoch_sec=3.9 elapsed_min=2.3 gpu_alloc_gb=0.272 gpu_reserved_gb=1.510
[repeat=8 fold=9] [epoch=28/50] ssl_loss=0.035754 lr=0.00007919 base_val_bce=0.665062 base_best=N base_cls_epoch=29 epoch_sec=3.1 task_elapsed_min=2.3 gpu_alloc_gb=0.272 gpu_reserved_gb=1.510
[ssl_epoch=28/50] ssl_loss=0.035754 lr=0.00007919 base_val_bce=0.665062 base_best=N base_cls_epoch=29 epoch_sec=3.2 elapsed_min=2.3 gpu_alloc_gb=0.272 gpu_reserved_gb=1.510
[repeat=8 fold=9] [epoch=29/50] ssl_loss=0.046480 lr=0.00007385 base_val_bce=0.657233 base_best=N base_cls_epoch=30 epoch_sec=2.8 task_elapsed_min=2.4 gpu_alloc_gb=0.272 gpu_reserved_gb=1.510
[ssl_epoch=29/50] ssl_loss=0.046480 lr=0.00007385 base_val_bce=0.657233 base_best=N base_cls_epoch=30 epoch_sec=2.8 elapsed_min=2.4 gpu_alloc_gb=0.272 gpu_reserved_gb=1.510
CHECKPOINT_BEST repeat=8 scope=internal_cv fold=9 phase=ssl epoch=30 path=/data/adodas/VarCoNet-V2-main/xiaolunwen/experiment2b/checkpoints/worker_r8_best.pt
CHECKPOINT_LATEST repeat=8 scope=internal_cv fold=9 phase=ssl epoch=30 path=/data/adodas/VarCoNet-V2-main/xiaolunwen/experiment2b/checkpoints/worker_r8_latest.pt
[repeat=8 fold=9] [epoch=30/50] ssl_loss=0.050875 lr=0.00006848 base_val_bce=0.653853 base_best=Y base_cls_epoch=29 epoch_sec=21.0 task_elapsed_min=2.4 gpu_alloc_gb=0.272 gpu_reserved_gb=1.510
[ssl_epoch=30/50] ssl_loss=0.050875 lr=0.00006848 base_val_bce=0.653853 base_best=Y base_cls_epoch=29 epoch_sec=21.1 elapsed_min=2.4 gpu_alloc_gb=0.272 gpu_reserved_gb=1.510
[repeat=8 fold=9] [epoch=31/50] ssl_loss=0.038171 lr=0.00006311 base_val_bce=0.664158 base_best=N base_cls_epoch=27 epoch_sec=3.3 task_elapsed_min=2.8 gpu_alloc_gb=0.272 gpu_reserved_gb=1.510
[ssl_epoch=31/50] ssl_loss=0.038171 lr=0.00006311 base_val_bce=0.664158 base_best=N base_cls_epoch=27 epoch_sec=3.4 elapsed_min=2.8 gpu_alloc_gb=0.272 gpu_reserved_gb=1.510
[repeat=8 fold=9] [epoch=32/50] ssl_loss=0.046525 lr=0.00005777 base_val_bce=0.657379 base_best=N base_cls_epoch=28 epoch_sec=3.8 task_elapsed_min=2.8 gpu_alloc_gb=0.272 gpu_reserved_gb=1.510
[ssl_epoch=32/50] ssl_loss=0.046525 lr=0.00005777 base_val_bce=0.657379 base_best=N base_cls_epoch=28 epoch_sec=4.2 elapsed_min=2.8 gpu_alloc_gb=0.272 gpu_reserved_gb=1.510
[repeat=8 fold=9] [epoch=33/50] ssl_loss=0.038101 lr=0.00005249 base_val_bce=0.656600 base_best=N base_cls_epoch=32 epoch_sec=3.8 task_elapsed_min=2.9 gpu_alloc_gb=0.272 gpu_reserved_gb=1.510
[ssl_epoch=33/50] ssl_loss=0.038101 lr=0.00005249 base_val_bce=0.656600 base_best=N base_cls_epoch=32 epoch_sec=3.9 elapsed_min=2.9 gpu_alloc_gb=0.272 gpu_reserved_gb=1.510
[repeat=8 fold=9] [epoch=34/50] ssl_loss=0.046874 lr=0.00004732 base_val_bce=0.655370 base_best=N base_cls_epoch=34 epoch_sec=3.3 task_elapsed_min=3.0 gpu_alloc_gb=0.272 gpu_reserved_gb=1.510
[ssl_epoch=34/50] ssl_loss=0.046874 lr=0.00004732 base_val_bce=0.655370 base_best=N base_cls_epoch=34 epoch_sec=3.8 elapsed_min=3.0 gpu_alloc_gb=0.272 gpu_reserved_gb=1.510
CHECKPOINT_BEST repeat=8 scope=internal_cv fold=9 phase=ssl epoch=35 path=/data/adodas/VarCoNet-V2-main/xiaolunwen/experiment2b/checkpoints/worker_r8_best.pt
[repeat=8 fold=9] [epoch=35/50] ssl_loss=0.045683 lr=0.00004227 base_val_bce=0.651921 base_best=Y base_cls_epoch=30 epoch_sec=14.4 task_elapsed_min=3.0 gpu_alloc_gb=0.272 gpu_reserved_gb=1.510
[ssl_epoch=35/50] ssl_loss=0.045683 lr=0.00004227 base_val_bce=0.651921 base_best=Y base_cls_epoch=30 epoch_sec=14.4 elapsed_min=3.0 gpu_alloc_gb=0.272 gpu_reserved_gb=1.510
CHECKPOINT_BEST repeat=8 scope=internal_cv fold=9 phase=ssl epoch=36 path=/data/adodas/VarCoNet-V2-main/xiaolunwen/experiment2b/checkpoints/worker_r8_best.pt
[repeat=8 fold=9] [epoch=36/50] ssl_loss=0.040178 lr=0.00003739 base_val_bce=0.645866 base_best=Y base_cls_epoch=30 epoch_sec=9.3 task_elapsed_min=3.3 gpu_alloc_gb=0.272 gpu_reserved_gb=1.510
[ssl_epoch=36/50] ssl_loss=0.040178 lr=0.00003739 base_val_bce=0.645866 base_best=Y base_cls_epoch=30 epoch_sec=9.3 elapsed_min=3.3 gpu_alloc_gb=0.272 gpu_reserved_gb=1.510
[repeat=8 fold=9] [epoch=37/50] ssl_loss=0.043545 lr=0.00003270 base_val_bce=0.659904 base_best=N base_cls_epoch=26 epoch_sec=3.0 task_elapsed_min=3.4 gpu_alloc_gb=0.272 gpu_reserved_gb=1.510
[ssl_epoch=37/50] ssl_loss=0.043545 lr=0.00003270 base_val_bce=0.659904 base_best=N base_cls_epoch=26 epoch_sec=3.4 elapsed_min=3.4 gpu_alloc_gb=0.272 gpu_reserved_gb=1.510
[repeat=8 fold=9] [epoch=38/50] ssl_loss=0.045925 lr=0.00002823 base_val_bce=0.653146 base_best=N base_cls_epoch=32 epoch_sec=3.8 task_elapsed_min=3.5 gpu_alloc_gb=0.272 gpu_reserved_gb=1.510
[ssl_epoch=38/50] ssl_loss=0.045925 lr=0.00002823 base_val_bce=0.653146 base_best=N base_cls_epoch=32 epoch_sec=4.4 elapsed_min=3.5 gpu_alloc_gb=0.272 gpu_reserved_gb=1.510
CHECKPOINT_BEST repeat=8 scope=internal_cv fold=9 phase=ssl epoch=39 path=/data/adodas/VarCoNet-V2-main/xiaolunwen/experiment2b/checkpoints/worker_r8_best.pt
[repeat=8 fold=9] [epoch=39/50] ssl_loss=0.036796 lr=0.00002401 base_val_bce=0.645746 base_best=Y base_cls_epoch=29 epoch_sec=5.5 task_elapsed_min=3.6 gpu_alloc_gb=0.272 gpu_reserved_gb=1.510
[ssl_epoch=39/50] ssl_loss=0.036796 lr=0.00002401 base_val_bce=0.645746 base_best=Y base_cls_epoch=29 epoch_sec=5.5 elapsed_min=3.6 gpu_alloc_gb=0.272 gpu_reserved_gb=1.510
CHECKPOINT_LATEST repeat=8 scope=internal_cv fold=9 phase=ssl epoch=40 path=/data/adodas/VarCoNet-V2-main/xiaolunwen/experiment2b/checkpoints/worker_r8_latest.pt
[repeat=8 fold=9] [epoch=40/50] ssl_loss=0.037599 lr=0.00002006 base_val_bce=0.645912 base_best=N base_cls_epoch=31 epoch_sec=10.0 task_elapsed_min=3.7 gpu_alloc_gb=0.272 gpu_reserved_gb=1.510
[ssl_epoch=40/50] ssl_loss=0.037599 lr=0.00002006 base_val_bce=0.645912 base_best=N base_cls_epoch=31 epoch_sec=10.3 elapsed_min=3.7 gpu_alloc_gb=0.272 gpu_reserved_gb=1.510
[repeat=8 fold=9] [epoch=41/50] ssl_loss=0.030702 lr=0.00001641 base_val_bce=0.652419 base_best=N base_cls_epoch=36 epoch_sec=3.9 task_elapsed_min=3.9 gpu_alloc_gb=0.272 gpu_reserved_gb=1.510
[ssl_epoch=41/50] ssl_loss=0.030702 lr=0.00001641 base_val_bce=0.652419 base_best=N base_cls_epoch=36 epoch_sec=5.6 elapsed_min=3.9 gpu_alloc_gb=0.272 gpu_reserved_gb=1.510
[repeat=8 fold=9] [epoch=42/50] ssl_loss=0.037807 lr=0.00001308 base_val_bce=0.653003 base_best=N base_cls_epoch=29 epoch_sec=3.6 task_elapsed_min=3.9 gpu_alloc_gb=0.272 gpu_reserved_gb=1.510
[ssl_epoch=42/50] ssl_loss=0.037807 lr=0.00001308 base_val_bce=0.653003 base_best=N base_cls_epoch=29 epoch_sec=3.6 elapsed_min=3.9 gpu_alloc_gb=0.272 gpu_reserved_gb=1.510
[repeat=8 fold=9] [epoch=43/50] ssl_loss=0.037706 lr=0.00001009 base_val_bce=0.655852 base_best=N base_cls_epoch=35 epoch_sec=3.5 task_elapsed_min=4.0 gpu_alloc_gb=0.272 gpu_reserved_gb=1.510
[ssl_epoch=43/50] ssl_loss=0.037706 lr=0.00001009 base_val_bce=0.655852 base_best=N base_cls_epoch=35 epoch_sec=3.6 elapsed_min=4.0 gpu_alloc_gb=0.272 gpu_reserved_gb=1.510
[repeat=8 fold=9] [epoch=44/50] ssl_loss=0.046553 lr=0.00000746 base_val_bce=0.652391 base_best=N base_cls_epoch=31 epoch_sec=3.4 task_elapsed_min=4.1 gpu_alloc_gb=0.272 gpu_reserved_gb=1.510
[ssl_epoch=44/50] ssl_loss=0.046553 lr=0.00000746 base_val_bce=0.652391 base_best=N base_cls_epoch=31 epoch_sec=3.5 elapsed_min=4.1 gpu_alloc_gb=0.272 gpu_reserved_gb=1.510
[repeat=8 fold=9] [epoch=45/50] ssl_loss=0.038158 lr=0.00000521 base_val_bce=0.660132 base_best=N base_cls_epoch=31 epoch_sec=3.3 task_elapsed_min=4.1 gpu_alloc_gb=0.272 gpu_reserved_gb=1.510
[ssl_epoch=45/50] ssl_loss=0.038158 lr=0.00000521 base_val_bce=0.660132 base_best=N base_cls_epoch=31 epoch_sec=3.4 elapsed_min=4.1 gpu_alloc_gb=0.272 gpu_reserved_gb=1.510
[repeat=8 fold=9] [epoch=46/50] ssl_loss=0.037709 lr=0.00000335 base_val_bce=0.659134 base_best=N base_cls_epoch=33 epoch_sec=3.6 task_elapsed_min=4.2 gpu_alloc_gb=0.272 gpu_reserved_gb=1.510
[ssl_epoch=46/50] ssl_loss=0.037709 lr=0.00000335 base_val_bce=0.659134 base_best=N base_cls_epoch=33 epoch_sec=3.7 elapsed_min=4.2 gpu_alloc_gb=0.272 gpu_reserved_gb=1.510
[repeat=8 fold=9] [epoch=47/50] ssl_loss=0.040106 lr=0.00000189 base_val_bce=0.650571 base_best=N base_cls_epoch=28 epoch_sec=2.7 task_elapsed_min=4.2 gpu_alloc_gb=0.272 gpu_reserved_gb=1.510
[ssl_epoch=47/50] ssl_loss=0.040106 lr=0.00000189 base_val_bce=0.650571 base_best=N base_cls_epoch=28 epoch_sec=2.8 elapsed_min=4.2 gpu_alloc_gb=0.272 gpu_reserved_gb=1.510
[repeat=8 fold=9] [epoch=48/50] ssl_loss=0.042206 lr=0.00000084 base_val_bce=0.658255 base_best=N base_cls_epoch=32 epoch_sec=3.0 task_elapsed_min=4.3 gpu_alloc_gb=0.272 gpu_reserved_gb=1.510
[ssl_epoch=48/50] ssl_loss=0.042206 lr=0.00000084 base_val_bce=0.658255 base_best=N base_cls_epoch=32 epoch_sec=3.1 elapsed_min=4.3 gpu_alloc_gb=0.272 gpu_reserved_gb=1.510
[repeat=8 fold=9] [epoch=49/50] ssl_loss=0.038543 lr=0.00000021 base_val_bce=0.655251 base_best=N base_cls_epoch=32 epoch_sec=3.3 task_elapsed_min=4.4 gpu_alloc_gb=0.272 gpu_reserved_gb=1.510
[ssl_epoch=49/50] ssl_loss=0.038543 lr=0.00000021 base_val_bce=0.655251 base_best=N base_cls_epoch=32 epoch_sec=3.6 elapsed_min=4.4 gpu_alloc_gb=0.272 gpu_reserved_gb=1.510
CHECKPOINT_LATEST repeat=8 scope=internal_cv fold=9 phase=ssl epoch=50 path=/data/adodas/VarCoNet-V2-main/xiaolunwen/experiment2b/checkpoints/worker_r8_latest.pt
[repeat=8 fold=9] [epoch=50/50] ssl_loss=0.041314 lr=0.00000000 base_val_bce=0.654232 base_best=N base_cls_epoch=33 epoch_sec=8.9 task_elapsed_min=4.4 gpu_alloc_gb=0.272 gpu_reserved_gb=1.510
[ssl_epoch=50/50] ssl_loss=0.041314 lr=0.00000000 base_val_bce=0.654232 base_best=N base_cls_epoch=33 epoch_sec=8.9 elapsed_min=4.4 gpu_alloc_gb=0.272 gpu_reserved_gb=1.510
RESIDUAL_EPOCH repeat=8 scope=internal_cv fold=9 epoch=0 val_bce=0.645746 best=Y dynamic_dim=73536
CHECKPOINT_BEST repeat=8 scope=internal_cv fold=9 phase=residual epoch=1 path=/data/adodas/VarCoNet-V2-main/xiaolunwen/experiment2b/checkpoints/worker_r8_best.pt
[residual_epoch=1/149] residual_loss=0.298567 val_bce=0.641138 best=Y best_epoch=1 epoch_sec=0.6 task_elapsed_min=4.5
CHECKPOINT_BEST repeat=8 scope=internal_cv fold=9 phase=residual epoch=2 path=/data/adodas/VarCoNet-V2-main/xiaolunwen/experiment2b/checkpoints/worker_r8_best.pt
[residual_epoch=2/149] residual_loss=0.274153 val_bce=0.637972 best=Y best_epoch=2 epoch_sec=1.1 task_elapsed_min=4.5
CHECKPOINT_BEST repeat=8 scope=internal_cv fold=9 phase=residual epoch=3 path=/data/adodas/VarCoNet-V2-main/xiaolunwen/experiment2b/checkpoints/worker_r8_best.pt
[residual_epoch=3/149] residual_loss=0.252370 val_bce=0.635993 best=Y best_epoch=3 epoch_sec=8.2 task_elapsed_min=4.6
CHECKPOINT_BEST repeat=8 scope=internal_cv fold=9 phase=residual epoch=4 path=/data/adodas/VarCoNet-V2-main/xiaolunwen/experiment2b/checkpoints/worker_r8_best.pt
[residual_epoch=4/149] residual_loss=0.233177 val_bce=0.633051 best=Y best_epoch=4 epoch_sec=11.0 task_elapsed_min=4.7
CHECKPOINT_BEST repeat=8 scope=internal_cv fold=9 phase=residual epoch=5 path=/data/adodas/VarCoNet-V2-main/xiaolunwen/experiment2b/checkpoints/worker_r8_best.pt
[residual_epoch=5/149] residual_loss=0.215096 val_bce=0.631237 best=Y best_epoch=5 epoch_sec=3.6 task_elapsed_min=4.9
CHECKPOINT_BEST repeat=8 scope=internal_cv fold=9 phase=residual epoch=6 path=/data/adodas/VarCoNet-V2-main/xiaolunwen/experiment2b/checkpoints/worker_r8_best.pt
[residual_epoch=6/149] residual_loss=0.198906 val_bce=0.629930 best=Y best_epoch=6 epoch_sec=7.9 task_elapsed_min=4.9
CHECKPOINT_BEST repeat=8 scope=internal_cv fold=9 phase=residual epoch=7 path=/data/adodas/VarCoNet-V2-main/xiaolunwen/experiment2b/checkpoints/worker_r8_best.pt
[residual_epoch=7/149] residual_loss=0.183890 val_bce=0.629041 best=Y best_epoch=7 epoch_sec=2.9 task_elapsed_min=5.1
CHECKPOINT_BEST repeat=8 scope=internal_cv fold=9 phase=residual epoch=8 path=/data/adodas/VarCoNet-V2-main/xiaolunwen/experiment2b/checkpoints/worker_r8_best.pt
[residual_epoch=8/149] residual_loss=0.170035 val_bce=0.628690 best=Y best_epoch=8 epoch_sec=7.0 task_elapsed_min=5.1
CHECKPOINT_BEST repeat=8 scope=internal_cv fold=9 phase=residual epoch=9 path=/data/adodas/VarCoNet-V2-main/xiaolunwen/experiment2b/checkpoints/worker_r8_best.pt
[residual_epoch=9/149] residual_loss=0.157522 val_bce=0.628221 best=Y best_epoch=9 epoch_sec=3.5 task_elapsed_min=5.3
CHECKPOINT_BEST repeat=8 scope=internal_cv fold=9 phase=residual epoch=10 path=/data/adodas/VarCoNet-V2-main/xiaolunwen/experiment2b/checkpoints/worker_r8_best.pt
[residual_epoch=10/149] residual_loss=0.146006 val_bce=0.627599 best=Y best_epoch=10 epoch_sec=7.7 task_elapsed_min=5.3
CHECKPOINT_BEST repeat=8 scope=internal_cv fold=9 phase=residual epoch=11 path=/data/adodas/VarCoNet-V2-main/xiaolunwen/experiment2b/checkpoints/worker_r8_best.pt
[residual_epoch=11/149] residual_loss=0.135392 val_bce=0.627290 best=Y best_epoch=11 epoch_sec=5.9 task_elapsed_min=5.5
CHECKPOINT_LATEST repeat=8 scope=internal_cv fold=9 phase=residual epoch=20 path=/data/adodas/VarCoNet-V2-main/xiaolunwen/experiment2b/checkpoints/worker_r8_latest.pt
[residual_epoch=20/149] residual_loss=0.072814 val_bce=0.631418 best=N best_epoch=11 epoch_sec=3.2 task_elapsed_min=5.6
CHECKPOINT_LATEST repeat=8 scope=internal_cv fold=9 phase=residual epoch=30 path=/data/adodas/VarCoNet-V2-main/xiaolunwen/experiment2b/checkpoints/worker_r8_latest.pt
[residual_epoch=30/149] residual_loss=0.041969 val_bce=0.641172 best=N best_epoch=11 epoch_sec=8.3 task_elapsed_min=5.6
CHECKPOINT_LATEST repeat=8 scope=internal_cv fold=9 phase=residual epoch=40 path=/data/adodas/VarCoNet-V2-main/xiaolunwen/experiment2b/checkpoints/worker_r8_latest.pt
[residual_epoch=40/149] residual_loss=0.027857 val_bce=0.652998 best=N best_epoch=11 epoch_sec=5.8 task_elapsed_min=5.8
CHECKPOINT_LATEST repeat=8 scope=internal_cv fold=9 phase=residual epoch=50 path=/data/adodas/VarCoNet-V2-main/xiaolunwen/experiment2b/checkpoints/worker_r8_latest.pt
[residual_epoch=50/149] residual_loss=0.020539 val_bce=0.664305 best=N best_epoch=11 epoch_sec=7.0 task_elapsed_min=5.9
CHECKPOINT_LATEST repeat=8 scope=internal_cv fold=9 phase=residual epoch=60 path=/data/adodas/VarCoNet-V2-main/xiaolunwen/experiment2b/checkpoints/worker_r8_latest.pt
[residual_epoch=60/149] residual_loss=0.016233 val_bce=0.674101 best=N best_epoch=11 epoch_sec=7.7 task_elapsed_min=6.0
CHECKPOINT_LATEST repeat=8 scope=internal_cv fold=9 phase=residual epoch=70 path=/data/adodas/VarCoNet-V2-main/xiaolunwen/experiment2b/checkpoints/worker_r8_latest.pt
[residual_epoch=70/149] residual_loss=0.013409 val_bce=0.682684 best=N best_epoch=11 epoch_sec=6.7 task_elapsed_min=6.1
CHECKPOINT_LATEST repeat=8 scope=internal_cv fold=9 phase=residual epoch=80 path=/data/adodas/VarCoNet-V2-main/xiaolunwen/experiment2b/checkpoints/worker_r8_latest.pt
[residual_epoch=80/149] residual_loss=0.011399 val_bce=0.690424 best=N best_epoch=11 epoch_sec=9.1 task_elapsed_min=6.2
CHECKPOINT_LATEST repeat=8 scope=internal_cv fold=9 phase=residual epoch=90 path=/data/adodas/VarCoNet-V2-main/xiaolunwen/experiment2b/checkpoints/worker_r8_latest.pt
[residual_epoch=90/149] residual_loss=0.009882 val_bce=0.697503 best=N best_epoch=11 epoch_sec=5.0 task_elapsed_min=6.4
CHECKPOINT_LATEST repeat=8 scope=internal_cv fold=9 phase=residual epoch=100 path=/data/adodas/VarCoNet-V2-main/xiaolunwen/experiment2b/checkpoints/worker_r8_latest.pt
[residual_epoch=100/149] residual_loss=0.008690 val_bce=0.704068 best=N best_epoch=11 epoch_sec=5.0 task_elapsed_min=6.5
CHECKPOINT_LATEST repeat=8 scope=internal_cv fold=9 phase=residual epoch=110 path=/data/adodas/VarCoNet-V2-main/xiaolunwen/experiment2b/checkpoints/worker_r8_latest.pt
[residual_epoch=110/149] residual_loss=0.007726 val_bce=0.710221 best=N best_epoch=11 epoch_sec=8.6 task_elapsed_min=6.6
CHECKPOINT_LATEST repeat=8 scope=internal_cv fold=9 phase=residual epoch=120 path=/data/adodas/VarCoNet-V2-main/xiaolunwen/experiment2b/checkpoints/worker_r8_latest.pt
[residual_epoch=120/149] residual_loss=0.006931 val_bce=0.716042 best=N best_epoch=11 epoch_sec=6.0 task_elapsed_min=6.7
CHECKPOINT_LATEST repeat=8 scope=internal_cv fold=9 phase=residual epoch=130 path=/data/adodas/VarCoNet-V2-main/xiaolunwen/experiment2b/checkpoints/worker_r8_latest.pt
[residual_epoch=130/149] residual_loss=0.006264 val_bce=0.721580 best=N best_epoch=11 epoch_sec=4.3 task_elapsed_min=6.8
CHECKPOINT_LATEST repeat=8 scope=internal_cv fold=9 phase=residual epoch=140 path=/data/adodas/VarCoNet-V2-main/xiaolunwen/experiment2b/checkpoints/worker_r8_latest.pt
[residual_epoch=140/149] residual_loss=0.005698 val_bce=0.726862 best=N best_epoch=11 epoch_sec=7.5 task_elapsed_min=6.9
RESIDUAL_DONE repeat=8 scope=internal_cv fold=9 selected_encoder_epoch=39 selected_classifier_epoch=29 selected_residual_epoch=11 val_bce=0.627290
TASK_TRAINING_DONE repeat=8 scope=internal_cv fold=9 base_epoch=39 dyn_epoch=39 base_val_bce=0.645746 dyn_val_bce=0.627290
TASK_DONE repeat=8 scope=internal_fold fold=9 method=baseline selected_encoder_epoch=39 test_auc=0.751427 test_bce=0.588589 elapsed_min=7.0
TASK_DONE repeat=8 scope=internal_fold fold=9 method=pretransformer_edge_residual selected_encoder_epoch=39 test_auc=0.731707 test_bce=0.605436 elapsed_min=7.0
TASK_START repeat=8 scope=caltech_external fold=external seed=200008 device=cuda:0 shared_encoder=Y
CHECKPOINT_BEST repeat=8 scope=caltech_external fold=external phase=ssl epoch=1 path=/data/adodas/VarCoNet-V2-main/xiaolunwen/experiment2b/checkpoints/worker_r8_best.pt
[repeat=8 fold=external] [epoch=1/50] ssl_loss=0.098652 lr=0.00002411 base_val_bce=0.604154 base_best=Y base_cls_epoch=65 epoch_sec=5.3 task_elapsed_min=0.1 gpu_alloc_gb=0.295 gpu_reserved_gb=1.510
[ssl_epoch=1/50] ssl_loss=0.098652 lr=0.00002411 base_val_bce=0.604154 base_best=Y base_cls_epoch=65 epoch_sec=5.3 elapsed_min=0.1 gpu_alloc_gb=0.295 gpu_reserved_gb=1.510
CHECKPOINT_BEST repeat=8 scope=caltech_external fold=external phase=ssl epoch=2 path=/data/adodas/VarCoNet-V2-main/xiaolunwen/experiment2b/checkpoints/worker_r8_best.pt
[repeat=8 fold=external] [epoch=2/50] ssl_loss=0.085418 lr=0.00003821 base_val_bce=0.599381 base_best=Y base_cls_epoch=73 epoch_sec=3.9 task_elapsed_min=0.2 gpu_alloc_gb=0.295 gpu_reserved_gb=1.510
[ssl_epoch=2/50] ssl_loss=0.085418 lr=0.00003821 base_val_bce=0.599381 base_best=Y base_cls_epoch=73 epoch_sec=3.9 elapsed_min=0.2 gpu_alloc_gb=0.295 gpu_reserved_gb=1.510
[repeat=8 fold=external] [epoch=3/50] ssl_loss=0.088480 lr=0.00005232 base_val_bce=0.599494 base_best=N base_cls_epoch=69 epoch_sec=3.2 task_elapsed_min=0.2 gpu_alloc_gb=0.295 gpu_reserved_gb=1.510
[ssl_epoch=3/50] ssl_loss=0.088480 lr=0.00005232 base_val_bce=0.599494 base_best=N base_cls_epoch=69 epoch_sec=3.2 elapsed_min=0.2 gpu_alloc_gb=0.295 gpu_reserved_gb=1.510
[repeat=8 fold=external] [epoch=4/50] ssl_loss=0.066602 lr=0.00006643 base_val_bce=0.613571 base_best=N base_cls_epoch=55 epoch_sec=3.3 task_elapsed_min=0.3 gpu_alloc_gb=0.295 gpu_reserved_gb=1.510
[ssl_epoch=4/50] ssl_loss=0.066602 lr=0.00006643 base_val_bce=0.613571 base_best=N base_cls_epoch=55 epoch_sec=3.7 elapsed_min=0.3 gpu_alloc_gb=0.295 gpu_reserved_gb=1.510
[repeat=8 fold=external] [epoch=5/50] ssl_loss=0.064182 lr=0.00008053 base_val_bce=0.599990 base_best=N base_cls_epoch=63 epoch_sec=4.4 task_elapsed_min=0.4 gpu_alloc_gb=0.295 gpu_reserved_gb=1.510
[ssl_epoch=5/50] ssl_loss=0.064182 lr=0.00008053 base_val_bce=0.599990 base_best=N base_cls_epoch=63 epoch_sec=5.1 elapsed_min=0.4 gpu_alloc_gb=0.295 gpu_reserved_gb=1.510
[repeat=8 fold=external] [epoch=6/50] ssl_loss=0.083024 lr=0.00009464 base_val_bce=0.607186 base_best=N base_cls_epoch=52 epoch_sec=3.3 task_elapsed_min=0.4 gpu_alloc_gb=0.295 gpu_reserved_gb=1.510
[ssl_epoch=6/50] ssl_loss=0.083024 lr=0.00009464 base_val_bce=0.607186 base_best=N base_cls_epoch=52 epoch_sec=3.4 elapsed_min=0.4 gpu_alloc_gb=0.295 gpu_reserved_gb=1.510
[repeat=8 fold=external] [epoch=7/50] ssl_loss=0.069265 lr=0.00010875 base_val_bce=0.611734 base_best=N base_cls_epoch=60 epoch_sec=3.3 task_elapsed_min=0.5 gpu_alloc_gb=0.295 gpu_reserved_gb=1.510
[ssl_epoch=7/50] ssl_loss=0.069265 lr=0.00010875 base_val_bce=0.611734 base_best=N base_cls_epoch=60 epoch_sec=3.3 elapsed_min=0.5 gpu_alloc_gb=0.295 gpu_reserved_gb=1.510
[repeat=8 fold=external] [epoch=8/50] ssl_loss=0.070467 lr=0.00012285 base_val_bce=0.607689 base_best=N base_cls_epoch=51 epoch_sec=3.1 task_elapsed_min=0.6 gpu_alloc_gb=0.295 gpu_reserved_gb=1.510
[ssl_epoch=8/50] ssl_loss=0.070467 lr=0.00012285 base_val_bce=0.607689 base_best=N base_cls_epoch=51 epoch_sec=3.5 elapsed_min=0.6 gpu_alloc_gb=0.295 gpu_reserved_gb=1.510
CHECKPOINT_BEST repeat=8 scope=caltech_external fold=external phase=ssl epoch=9 path=/data/adodas/VarCoNet-V2-main/xiaolunwen/experiment2b/checkpoints/worker_r8_best.pt
[repeat=8 fold=external] [epoch=9/50] ssl_loss=0.076478 lr=0.00013696 base_val_bce=0.597761 base_best=Y base_cls_epoch=50 epoch_sec=5.7 task_elapsed_min=0.6 gpu_alloc_gb=0.295 gpu_reserved_gb=1.510
[ssl_epoch=9/50] ssl_loss=0.076478 lr=0.00013696 base_val_bce=0.597761 base_best=Y base_cls_epoch=50 epoch_sec=5.7 elapsed_min=0.6 gpu_alloc_gb=0.295 gpu_reserved_gb=1.510
CHECKPOINT_BEST repeat=8 scope=caltech_external fold=external phase=ssl epoch=10 path=/data/adodas/VarCoNet-V2-main/xiaolunwen/experiment2b/checkpoints/worker_r8_best.pt
CHECKPOINT_LATEST repeat=8 scope=caltech_external fold=external phase=ssl epoch=10 path=/data/adodas/VarCoNet-V2-main/xiaolunwen/experiment2b/checkpoints/worker_r8_latest.pt
[repeat=8 fold=external] [epoch=10/50] ssl_loss=0.044476 lr=0.00013696 base_val_bce=0.597612 base_best=Y base_cls_epoch=45 epoch_sec=14.7 task_elapsed_min=0.7 gpu_alloc_gb=0.295 gpu_reserved_gb=1.510
[ssl_epoch=10/50] ssl_loss=0.044476 lr=0.00013696 base_val_bce=0.597612 base_best=Y base_cls_epoch=45 epoch_sec=14.7 elapsed_min=0.7 gpu_alloc_gb=0.295 gpu_reserved_gb=1.510
[repeat=8 fold=external] [epoch=11/50] ssl_loss=0.067365 lr=0.00013675 base_val_bce=0.614715 base_best=N base_cls_epoch=48 epoch_sec=3.1 task_elapsed_min=1.0 gpu_alloc_gb=0.295 gpu_reserved_gb=1.510
[ssl_epoch=11/50] ssl_loss=0.067365 lr=0.00013675 base_val_bce=0.614715 base_best=N base_cls_epoch=48 epoch_sec=3.2 elapsed_min=1.0 gpu_alloc_gb=0.295 gpu_reserved_gb=1.510
[repeat=8 fold=external] [epoch=12/50] ssl_loss=0.048422 lr=0.00013612 base_val_bce=0.605334 base_best=N base_cls_epoch=47 epoch_sec=3.3 task_elapsed_min=1.0 gpu_alloc_gb=0.295 gpu_reserved_gb=1.510
[ssl_epoch=12/50] ssl_loss=0.048422 lr=0.00013612 base_val_bce=0.605334 base_best=N base_cls_epoch=47 epoch_sec=3.6 elapsed_min=1.0 gpu_alloc_gb=0.295 gpu_reserved_gb=1.510
[repeat=8 fold=external] [epoch=13/50] ssl_loss=0.051210 lr=0.00013507 base_val_bce=0.600750 base_best=N base_cls_epoch=44 epoch_sec=3.0 task_elapsed_min=1.1 gpu_alloc_gb=0.295 gpu_reserved_gb=1.510
[ssl_epoch=13/50] ssl_loss=0.051210 lr=0.00013507 base_val_bce=0.600750 base_best=N base_cls_epoch=44 epoch_sec=3.3 elapsed_min=1.1 gpu_alloc_gb=0.295 gpu_reserved_gb=1.510
[repeat=8 fold=external] [epoch=14/50] ssl_loss=0.047905 lr=0.00013361 base_val_bce=0.605316 base_best=N base_cls_epoch=47 epoch_sec=3.0 task_elapsed_min=1.1 gpu_alloc_gb=0.295 gpu_reserved_gb=1.510
[ssl_epoch=14/50] ssl_loss=0.047905 lr=0.00013361 base_val_bce=0.605316 base_best=N base_cls_epoch=47 epoch_sec=3.1 elapsed_min=1.1 gpu_alloc_gb=0.295 gpu_reserved_gb=1.510
[repeat=8 fold=external] [epoch=15/50] ssl_loss=0.050294 lr=0.00013175 base_val_bce=0.605901 base_best=N base_cls_epoch=50 epoch_sec=3.4 task_elapsed_min=1.2 gpu_alloc_gb=0.295 gpu_reserved_gb=1.510
[ssl_epoch=15/50] ssl_loss=0.050294 lr=0.00013175 base_val_bce=0.605901 base_best=N base_cls_epoch=50 epoch_sec=3.8 elapsed_min=1.2 gpu_alloc_gb=0.295 gpu_reserved_gb=1.510
[repeat=8 fold=external] [epoch=16/50] ssl_loss=0.049859 lr=0.00012950 base_val_bce=0.597877 base_best=N base_cls_epoch=48 epoch_sec=3.1 task_elapsed_min=1.2 gpu_alloc_gb=0.295 gpu_reserved_gb=1.510
[ssl_epoch=16/50] ssl_loss=0.049859 lr=0.00012950 base_val_bce=0.597877 base_best=N base_cls_epoch=48 epoch_sec=3.4 elapsed_min=1.2 gpu_alloc_gb=0.295 gpu_reserved_gb=1.510
CHECKPOINT_BEST repeat=8 scope=caltech_external fold=external phase=ssl epoch=17 path=/data/adodas/VarCoNet-V2-main/xiaolunwen/experiment2b/checkpoints/worker_r8_best.pt
[repeat=8 fold=external] [epoch=17/50] ssl_loss=0.041594 lr=0.00012687 base_val_bce=0.596221 base_best=Y base_cls_epoch=54 epoch_sec=10.1 task_elapsed_min=1.3 gpu_alloc_gb=0.295 gpu_reserved_gb=1.510
[ssl_epoch=17/50] ssl_loss=0.041594 lr=0.00012687 base_val_bce=0.596221 base_best=Y base_cls_epoch=54 epoch_sec=10.1 elapsed_min=1.3 gpu_alloc_gb=0.295 gpu_reserved_gb=1.510
[repeat=8 fold=external] [epoch=18/50] ssl_loss=0.039164 lr=0.00012388 base_val_bce=0.603255 base_best=N base_cls_epoch=47 epoch_sec=3.1 task_elapsed_min=1.5 gpu_alloc_gb=0.295 gpu_reserved_gb=1.510
[ssl_epoch=18/50] ssl_loss=0.039164 lr=0.00012388 base_val_bce=0.603255 base_best=N base_cls_epoch=47 epoch_sec=3.1 elapsed_min=1.5 gpu_alloc_gb=0.295 gpu_reserved_gb=1.510
[repeat=8 fold=external] [epoch=19/50] ssl_loss=0.043893 lr=0.00012055 base_val_bce=0.606206 base_best=N base_cls_epoch=51 epoch_sec=3.1 task_elapsed_min=1.5 gpu_alloc_gb=0.295 gpu_reserved_gb=1.510
[ssl_epoch=19/50] ssl_loss=0.043893 lr=0.00012055 base_val_bce=0.606206 base_best=N base_cls_epoch=51 epoch_sec=3.1 elapsed_min=1.5 gpu_alloc_gb=0.295 gpu_reserved_gb=1.510
CHECKPOINT_LATEST repeat=8 scope=caltech_external fold=external phase=ssl epoch=20 path=/data/adodas/VarCoNet-V2-main/xiaolunwen/experiment2b/checkpoints/worker_r8_latest.pt
[repeat=8 fold=external] [epoch=20/50] ssl_loss=0.040973 lr=0.00011690 base_val_bce=0.605759 base_best=N base_cls_epoch=52 epoch_sec=7.4 task_elapsed_min=1.6 gpu_alloc_gb=0.295 gpu_reserved_gb=1.510
[ssl_epoch=20/50] ssl_loss=0.040973 lr=0.00011690 base_val_bce=0.605759 base_best=N base_cls_epoch=52 epoch_sec=7.4 elapsed_min=1.6 gpu_alloc_gb=0.295 gpu_reserved_gb=1.510
[repeat=8 fold=external] [epoch=21/50] ssl_loss=0.039537 lr=0.00011296 base_val_bce=0.606544 base_best=N base_cls_epoch=50 epoch_sec=3.2 task_elapsed_min=1.7 gpu_alloc_gb=0.295 gpu_reserved_gb=1.510
[ssl_epoch=21/50] ssl_loss=0.039537 lr=0.00011296 base_val_bce=0.606544 base_best=N base_cls_epoch=50 epoch_sec=3.4 elapsed_min=1.7 gpu_alloc_gb=0.295 gpu_reserved_gb=1.510
CHECKPOINT_BEST repeat=8 scope=caltech_external fold=external phase=ssl epoch=22 path=/data/adodas/VarCoNet-V2-main/xiaolunwen/experiment2b/checkpoints/worker_r8_best.pt
[repeat=8 fold=external] [epoch=22/50] ssl_loss=0.033200 lr=0.00010873 base_val_bce=0.594573 base_best=Y base_cls_epoch=50 epoch_sec=9.8 task_elapsed_min=1.8 gpu_alloc_gb=0.295 gpu_reserved_gb=1.510
[ssl_epoch=22/50] ssl_loss=0.033200 lr=0.00010873 base_val_bce=0.594573 base_best=Y base_cls_epoch=50 epoch_sec=9.8 elapsed_min=1.8 gpu_alloc_gb=0.295 gpu_reserved_gb=1.510
[repeat=8 fold=external] [epoch=23/50] ssl_loss=0.045416 lr=0.00010426 base_val_bce=0.596056 base_best=N base_cls_epoch=49 epoch_sec=3.6 task_elapsed_min=1.9 gpu_alloc_gb=0.295 gpu_reserved_gb=1.510
[ssl_epoch=23/50] ssl_loss=0.045416 lr=0.00010426 base_val_bce=0.596056 base_best=N base_cls_epoch=49 epoch_sec=3.8 elapsed_min=1.9 gpu_alloc_gb=0.295 gpu_reserved_gb=1.510
[repeat=8 fold=external] [epoch=24/50] ssl_loss=0.035133 lr=0.00009957 base_val_bce=0.608991 base_best=N base_cls_epoch=45 epoch_sec=3.0 task_elapsed_min=2.0 gpu_alloc_gb=0.295 gpu_reserved_gb=1.510
[ssl_epoch=24/50] ssl_loss=0.035133 lr=0.00009957 base_val_bce=0.608991 base_best=N base_cls_epoch=45 epoch_sec=3.6 elapsed_min=2.0 gpu_alloc_gb=0.295 gpu_reserved_gb=1.510
CHECKPOINT_BEST repeat=8 scope=caltech_external fold=external phase=ssl epoch=25 path=/data/adodas/VarCoNet-V2-main/xiaolunwen/experiment2b/checkpoints/worker_r8_best.pt
[repeat=8 fold=external] [epoch=25/50] ssl_loss=0.034740 lr=0.00009469 base_val_bce=0.591832 base_best=Y base_cls_epoch=47 epoch_sec=3.6 task_elapsed_min=2.0 gpu_alloc_gb=0.295 gpu_reserved_gb=1.510
[ssl_epoch=25/50] ssl_loss=0.034740 lr=0.00009469 base_val_bce=0.591832 base_best=Y base_cls_epoch=47 epoch_sec=3.6 elapsed_min=2.0 gpu_alloc_gb=0.295 gpu_reserved_gb=1.510
[repeat=8 fold=external] [epoch=26/50] ssl_loss=0.034734 lr=0.00008964 base_val_bce=0.605700 base_best=N base_cls_epoch=48 epoch_sec=3.1 task_elapsed_min=2.1 gpu_alloc_gb=0.295 gpu_reserved_gb=1.510
[ssl_epoch=26/50] ssl_loss=0.034734 lr=0.00008964 base_val_bce=0.605700 base_best=N base_cls_epoch=48 epoch_sec=3.2 elapsed_min=2.1 gpu_alloc_gb=0.295 gpu_reserved_gb=1.510
[repeat=8 fold=external] [epoch=27/50] ssl_loss=0.036523 lr=0.00008447 base_val_bce=0.606968 base_best=N base_cls_epoch=48 epoch_sec=3.3 task_elapsed_min=2.2 gpu_alloc_gb=0.295 gpu_reserved_gb=1.510
[ssl_epoch=27/50] ssl_loss=0.036523 lr=0.00008447 base_val_bce=0.606968 base_best=N base_cls_epoch=48 epoch_sec=3.3 elapsed_min=2.2 gpu_alloc_gb=0.295 gpu_reserved_gb=1.510
[repeat=8 fold=external] [epoch=28/50] ssl_loss=0.035068 lr=0.00007919 base_val_bce=0.619262 base_best=N base_cls_epoch=50 epoch_sec=3.0 task_elapsed_min=2.2 gpu_alloc_gb=0.295 gpu_reserved_gb=1.510
[ssl_epoch=28/50] ssl_loss=0.035068 lr=0.00007919 base_val_bce=0.619262 base_best=N base_cls_epoch=50 epoch_sec=3.4 elapsed_min=2.2 gpu_alloc_gb=0.295 gpu_reserved_gb=1.510
[repeat=8 fold=external] [epoch=29/50] ssl_loss=0.036803 lr=0.00007385 base_val_bce=0.613318 base_best=N base_cls_epoch=49 epoch_sec=3.0 task_elapsed_min=2.3 gpu_alloc_gb=0.295 gpu_reserved_gb=1.510
[ssl_epoch=29/50] ssl_loss=0.036803 lr=0.00007385 base_val_bce=0.613318 base_best=N base_cls_epoch=49 epoch_sec=3.1 elapsed_min=2.3 gpu_alloc_gb=0.295 gpu_reserved_gb=1.510
CHECKPOINT_LATEST repeat=8 scope=caltech_external fold=external phase=ssl epoch=30 path=/data/adodas/VarCoNet-V2-main/xiaolunwen/experiment2b/checkpoints/worker_r8_latest.pt
[repeat=8 fold=external] [epoch=30/50] ssl_loss=0.036331 lr=0.00006848 base_val_bce=0.605844 base_best=N base_cls_epoch=53 epoch_sec=5.4 task_elapsed_min=2.3 gpu_alloc_gb=0.295 gpu_reserved_gb=1.510
[ssl_epoch=30/50] ssl_loss=0.036331 lr=0.00006848 base_val_bce=0.605844 base_best=N base_cls_epoch=53 epoch_sec=5.5 elapsed_min=2.3 gpu_alloc_gb=0.295 gpu_reserved_gb=1.510
[repeat=8 fold=external] [epoch=31/50] ssl_loss=0.033803 lr=0.00006311 base_val_bce=0.615619 base_best=N base_cls_epoch=47 epoch_sec=3.0 task_elapsed_min=2.4 gpu_alloc_gb=0.295 gpu_reserved_gb=1.510
[ssl_epoch=31/50] ssl_loss=0.033803 lr=0.00006311 base_val_bce=0.615619 base_best=N base_cls_epoch=47 epoch_sec=3.6 elapsed_min=2.4 gpu_alloc_gb=0.295 gpu_reserved_gb=1.510
[repeat=8 fold=external] [epoch=32/50] ssl_loss=0.024925 lr=0.00005777 base_val_bce=0.603284 base_best=N base_cls_epoch=48 epoch_sec=3.0 task_elapsed_min=2.5 gpu_alloc_gb=0.295 gpu_reserved_gb=1.510
[ssl_epoch=32/50] ssl_loss=0.024925 lr=0.00005777 base_val_bce=0.603284 base_best=N base_cls_epoch=48 epoch_sec=3.0 elapsed_min=2.5 gpu_alloc_gb=0.295 gpu_reserved_gb=1.510
[repeat=8 fold=external] [epoch=33/50] ssl_loss=0.033548 lr=0.00005249 base_val_bce=0.601126 base_best=N base_cls_epoch=47 epoch_sec=3.0 task_elapsed_min=2.6 gpu_alloc_gb=0.295 gpu_reserved_gb=1.510
[ssl_epoch=33/50] ssl_loss=0.033548 lr=0.00005249 base_val_bce=0.601126 base_best=N base_cls_epoch=47 epoch_sec=3.1 elapsed_min=2.6 gpu_alloc_gb=0.295 gpu_reserved_gb=1.510
[repeat=8 fold=external] [epoch=34/50] ssl_loss=0.043487 lr=0.00004732 base_val_bce=0.600101 base_best=N base_cls_epoch=49 epoch_sec=3.5 task_elapsed_min=2.6 gpu_alloc_gb=0.295 gpu_reserved_gb=1.510
[ssl_epoch=34/50] ssl_loss=0.043487 lr=0.00004732 base_val_bce=0.600101 base_best=N base_cls_epoch=49 epoch_sec=3.5 elapsed_min=2.6 gpu_alloc_gb=0.295 gpu_reserved_gb=1.510
[repeat=8 fold=external] [epoch=35/50] ssl_loss=0.032699 lr=0.00004227 base_val_bce=0.612134 base_best=N base_cls_epoch=44 epoch_sec=2.0 task_elapsed_min=2.6 gpu_alloc_gb=0.295 gpu_reserved_gb=1.510
[ssl_epoch=35/50] ssl_loss=0.032699 lr=0.00004227 base_val_bce=0.612134 base_best=N base_cls_epoch=44 epoch_sec=2.0 elapsed_min=2.6 gpu_alloc_gb=0.295 gpu_reserved_gb=1.510
[repeat=8 fold=external] [epoch=36/50] ssl_loss=0.036690 lr=0.00003739 base_val_bce=0.604373 base_best=N base_cls_epoch=46 epoch_sec=1.9 task_elapsed_min=2.7 gpu_alloc_gb=0.295 gpu_reserved_gb=1.510
[ssl_epoch=36/50] ssl_loss=0.036690 lr=0.00003739 base_val_bce=0.604373 base_best=N base_cls_epoch=46 epoch_sec=1.9 elapsed_min=2.7 gpu_alloc_gb=0.295 gpu_reserved_gb=1.510
[repeat=8 fold=external] [epoch=37/50] ssl_loss=0.040719 lr=0.00003270 base_val_bce=0.612540 base_best=N base_cls_epoch=49 epoch_sec=3.7 task_elapsed_min=2.7 gpu_alloc_gb=0.295 gpu_reserved_gb=1.510
[ssl_epoch=37/50] ssl_loss=0.040719 lr=0.00003270 base_val_bce=0.612540 base_best=N base_cls_epoch=49 epoch_sec=4.2 elapsed_min=2.7 gpu_alloc_gb=0.295 gpu_reserved_gb=1.510
[repeat=8 fold=external] [epoch=38/50] ssl_loss=0.038241 lr=0.00002823 base_val_bce=0.610093 base_best=N base_cls_epoch=47 epoch_sec=6.3 task_elapsed_min=2.9 gpu_alloc_gb=0.295 gpu_reserved_gb=1.510
[ssl_epoch=38/50] ssl_loss=0.038241 lr=0.00002823 base_val_bce=0.610093 base_best=N base_cls_epoch=47 epoch_sec=7.3 elapsed_min=2.9 gpu_alloc_gb=0.295 gpu_reserved_gb=1.510
[repeat=8 fold=external] [epoch=39/50] ssl_loss=0.040097 lr=0.00002401 base_val_bce=0.606960 base_best=N base_cls_epoch=52 epoch_sec=3.1 task_elapsed_min=3.0 gpu_alloc_gb=0.295 gpu_reserved_gb=1.510
[ssl_epoch=39/50] ssl_loss=0.040097 lr=0.00002401 base_val_bce=0.606960 base_best=N base_cls_epoch=52 epoch_sec=3.2 elapsed_min=3.0 gpu_alloc_gb=0.295 gpu_reserved_gb=1.510
CHECKPOINT_LATEST repeat=8 scope=caltech_external fold=external phase=ssl epoch=40 path=/data/adodas/VarCoNet-V2-main/xiaolunwen/experiment2b/checkpoints/worker_r8_latest.pt
[repeat=8 fold=external] [epoch=40/50] ssl_loss=0.028515 lr=0.00002006 base_val_bce=0.615779 base_best=N base_cls_epoch=45 epoch_sec=9.3 task_elapsed_min=3.0 gpu_alloc_gb=0.295 gpu_reserved_gb=1.510
[ssl_epoch=40/50] ssl_loss=0.028515 lr=0.00002006 base_val_bce=0.615779 base_best=N base_cls_epoch=45 epoch_sec=9.3 elapsed_min=3.0 gpu_alloc_gb=0.295 gpu_reserved_gb=1.510
[repeat=8 fold=external] [epoch=41/50] ssl_loss=0.029156 lr=0.00001641 base_val_bce=0.605154 base_best=N base_cls_epoch=53 epoch_sec=3.1 task_elapsed_min=3.2 gpu_alloc_gb=0.295 gpu_reserved_gb=1.510
[ssl_epoch=41/50] ssl_loss=0.029156 lr=0.00001641 base_val_bce=0.605154 base_best=N base_cls_epoch=53 epoch_sec=4.0 elapsed_min=3.2 gpu_alloc_gb=0.295 gpu_reserved_gb=1.510
[repeat=8 fold=external] [epoch=42/50] ssl_loss=0.031956 lr=0.00001308 base_val_bce=0.605483 base_best=N base_cls_epoch=53 epoch_sec=3.1 task_elapsed_min=3.2 gpu_alloc_gb=0.295 gpu_reserved_gb=1.510
[ssl_epoch=42/50] ssl_loss=0.031956 lr=0.00001308 base_val_bce=0.605483 base_best=N base_cls_epoch=53 epoch_sec=3.7 elapsed_min=3.2 gpu_alloc_gb=0.295 gpu_reserved_gb=1.510
[repeat=8 fold=external] [epoch=43/50] ssl_loss=0.035370 lr=0.00001009 base_val_bce=0.615135 base_best=N base_cls_epoch=47 epoch_sec=3.3 task_elapsed_min=3.3 gpu_alloc_gb=0.295 gpu_reserved_gb=1.510
[ssl_epoch=43/50] ssl_loss=0.035370 lr=0.00001009 base_val_bce=0.615135 base_best=N base_cls_epoch=47 epoch_sec=3.5 elapsed_min=3.3 gpu_alloc_gb=0.295 gpu_reserved_gb=1.510
[repeat=8 fold=external] [epoch=44/50] ssl_loss=0.042269 lr=0.00000746 base_val_bce=0.607326 base_best=N base_cls_epoch=52 epoch_sec=5.9 task_elapsed_min=3.4 gpu_alloc_gb=0.295 gpu_reserved_gb=1.510
[ssl_epoch=44/50] ssl_loss=0.042269 lr=0.00000746 base_val_bce=0.607326 base_best=N base_cls_epoch=52 epoch_sec=6.5 elapsed_min=3.4 gpu_alloc_gb=0.295 gpu_reserved_gb=1.510
[repeat=8 fold=external] [epoch=45/50] ssl_loss=0.031777 lr=0.00000521 base_val_bce=0.605532 base_best=N base_cls_epoch=47 epoch_sec=2.3 task_elapsed_min=3.4 gpu_alloc_gb=0.295 gpu_reserved_gb=1.510
[ssl_epoch=45/50] ssl_loss=0.031777 lr=0.00000521 base_val_bce=0.605532 base_best=N base_cls_epoch=47 epoch_sec=3.0 elapsed_min=3.4 gpu_alloc_gb=0.295 gpu_reserved_gb=1.510
[repeat=8 fold=external] [epoch=46/50] ssl_loss=0.029931 lr=0.00000335 base_val_bce=0.603770 base_best=N base_cls_epoch=52 epoch_sec=2.7 task_elapsed_min=3.5 gpu_alloc_gb=0.295 gpu_reserved_gb=1.510
[ssl_epoch=46/50] ssl_loss=0.029931 lr=0.00000335 base_val_bce=0.603770 base_best=N base_cls_epoch=52 epoch_sec=3.7 elapsed_min=3.5 gpu_alloc_gb=0.295 gpu_reserved_gb=1.510
[repeat=8 fold=external] [epoch=47/50] ssl_loss=0.046186 lr=0.00000189 base_val_bce=0.606544 base_best=N base_cls_epoch=50 epoch_sec=2.0 task_elapsed_min=3.6 gpu_alloc_gb=0.295 gpu_reserved_gb=1.510
[ssl_epoch=47/50] ssl_loss=0.046186 lr=0.00000189 base_val_bce=0.606544 base_best=N base_cls_epoch=50 epoch_sec=2.0 elapsed_min=3.6 gpu_alloc_gb=0.295 gpu_reserved_gb=1.510
[repeat=8 fold=external] [epoch=48/50] ssl_loss=0.036050 lr=0.00000084 base_val_bce=0.606923 base_best=N base_cls_epoch=46 epoch_sec=2.0 task_elapsed_min=3.6 gpu_alloc_gb=0.295 gpu_reserved_gb=1.510
[ssl_epoch=48/50] ssl_loss=0.036050 lr=0.00000084 base_val_bce=0.606923 base_best=N base_cls_epoch=46 epoch_sec=2.1 elapsed_min=3.6 gpu_alloc_gb=0.295 gpu_reserved_gb=1.510
[repeat=8 fold=external] [epoch=49/50] ssl_loss=0.035113 lr=0.00000021 base_val_bce=0.613423 base_best=N base_cls_epoch=48 epoch_sec=2.0 task_elapsed_min=3.6 gpu_alloc_gb=0.295 gpu_reserved_gb=1.510
[ssl_epoch=49/50] ssl_loss=0.035113 lr=0.00000021 base_val_bce=0.613423 base_best=N base_cls_epoch=48 epoch_sec=2.0 elapsed_min=3.6 gpu_alloc_gb=0.295 gpu_reserved_gb=1.510
CHECKPOINT_LATEST repeat=8 scope=caltech_external fold=external phase=ssl epoch=50 path=/data/adodas/VarCoNet-V2-main/xiaolunwen/experiment2b/checkpoints/worker_r8_latest.pt
[repeat=8 fold=external] [epoch=50/50] ssl_loss=0.044941 lr=0.00000000 base_val_bce=0.609238 base_best=N base_cls_epoch=45 epoch_sec=12.9 task_elapsed_min=3.7 gpu_alloc_gb=0.295 gpu_reserved_gb=1.510
[ssl_epoch=50/50] ssl_loss=0.044941 lr=0.00000000 base_val_bce=0.609238 base_best=N base_cls_epoch=45 epoch_sec=12.9 elapsed_min=3.7 gpu_alloc_gb=0.295 gpu_reserved_gb=1.510
RESIDUAL_EPOCH repeat=8 scope=caltech_external fold=external epoch=0 val_bce=0.591832 best=Y dynamic_dim=73536
CHECKPOINT_BEST repeat=8 scope=caltech_external fold=external phase=residual epoch=1 path=/data/adodas/VarCoNet-V2-main/xiaolunwen/experiment2b/checkpoints/worker_r8_best.pt
[residual_epoch=1/149] residual_loss=0.199905 val_bce=0.590832 best=Y best_epoch=1 epoch_sec=2.3 task_elapsed_min=3.9
CHECKPOINT_BEST repeat=8 scope=caltech_external fold=external phase=residual epoch=3 path=/data/adodas/VarCoNet-V2-main/xiaolunwen/experiment2b/checkpoints/worker_r8_best.pt
[residual_epoch=3/149] residual_loss=0.169525 val_bce=0.590298 best=Y best_epoch=3 epoch_sec=9.2 task_elapsed_min=3.9
CHECKPOINT_BEST repeat=8 scope=caltech_external fold=external phase=residual epoch=4 path=/data/adodas/VarCoNet-V2-main/xiaolunwen/experiment2b/checkpoints/worker_r8_best.pt
[residual_epoch=4/149] residual_loss=0.156619 val_bce=0.589861 best=Y best_epoch=4 epoch_sec=3.0 task_elapsed_min=4.0
CHECKPOINT_LATEST repeat=8 scope=caltech_external fold=external phase=residual epoch=10 path=/data/adodas/VarCoNet-V2-main/xiaolunwen/experiment2b/checkpoints/worker_r8_latest.pt
[residual_epoch=10/149] residual_loss=0.099730 val_bce=0.593007 best=N best_epoch=4 epoch_sec=7.0 task_elapsed_min=4.1
CHECKPOINT_LATEST repeat=8 scope=caltech_external fold=external phase=residual epoch=20 path=/data/adodas/VarCoNet-V2-main/xiaolunwen/experiment2b/checkpoints/worker_r8_latest.pt
[residual_epoch=20/149] residual_loss=0.051467 val_bce=0.605935 best=N best_epoch=4 epoch_sec=4.4 task_elapsed_min=4.2
CHECKPOINT_LATEST repeat=8 scope=caltech_external fold=external phase=residual epoch=30 path=/data/adodas/VarCoNet-V2-main/xiaolunwen/experiment2b/checkpoints/worker_r8_latest.pt
[residual_epoch=30/149] residual_loss=0.030530 val_bce=0.620428 best=N best_epoch=4 epoch_sec=5.9 task_elapsed_min=4.3
CHECKPOINT_LATEST repeat=8 scope=caltech_external fold=external phase=residual epoch=40 path=/data/adodas/VarCoNet-V2-main/xiaolunwen/experiment2b/checkpoints/worker_r8_latest.pt
[residual_epoch=40/149] residual_loss=0.020633 val_bce=0.634283 best=N best_epoch=4 epoch_sec=8.5 task_elapsed_min=4.4
CHECKPOINT_LATEST repeat=8 scope=caltech_external fold=external phase=residual epoch=50 path=/data/adodas/VarCoNet-V2-main/xiaolunwen/experiment2b/checkpoints/worker_r8_latest.pt
[residual_epoch=50/149] residual_loss=0.015364 val_bce=0.646295 best=N best_epoch=4 epoch_sec=1.8 task_elapsed_min=4.5
CHECKPOINT_LATEST repeat=8 scope=caltech_external fold=external phase=residual epoch=60 path=/data/adodas/VarCoNet-V2-main/xiaolunwen/experiment2b/checkpoints/worker_r8_latest.pt
[residual_epoch=60/149] residual_loss=0.012204 val_bce=0.656470 best=N best_epoch=4 epoch_sec=4.4 task_elapsed_min=4.6
CHECKPOINT_LATEST repeat=8 scope=caltech_external fold=external phase=residual epoch=70 path=/data/adodas/VarCoNet-V2-main/xiaolunwen/experiment2b/checkpoints/worker_r8_latest.pt
[residual_epoch=70/149] residual_loss=0.010106 val_bce=0.665468 best=N best_epoch=4 epoch_sec=7.8 task_elapsed_min=4.6
CHECKPOINT_LATEST repeat=8 scope=caltech_external fold=external phase=residual epoch=80 path=/data/adodas/VarCoNet-V2-main/xiaolunwen/experiment2b/checkpoints/worker_r8_latest.pt
[residual_epoch=80/149] residual_loss=0.008603 val_bce=0.673581 best=N best_epoch=4 epoch_sec=5.9 task_elapsed_min=4.8
CHECKPOINT_LATEST repeat=8 scope=caltech_external fold=external phase=residual epoch=90 path=/data/adodas/VarCoNet-V2-main/xiaolunwen/experiment2b/checkpoints/worker_r8_latest.pt
[residual_epoch=90/149] residual_loss=0.007464 val_bce=0.681005 best=N best_epoch=4 epoch_sec=3.1 task_elapsed_min=4.9
CHECKPOINT_LATEST repeat=8 scope=caltech_external fold=external phase=residual epoch=100 path=/data/adodas/VarCoNet-V2-main/xiaolunwen/experiment2b/checkpoints/worker_r8_latest.pt
[residual_epoch=100/149] residual_loss=0.006567 val_bce=0.687916 best=N best_epoch=4 epoch_sec=3.9 task_elapsed_min=4.9
CHECKPOINT_LATEST repeat=8 scope=caltech_external fold=external phase=residual epoch=110 path=/data/adodas/VarCoNet-V2-main/xiaolunwen/experiment2b/checkpoints/worker_r8_latest.pt
[residual_epoch=110/149] residual_loss=0.005841 val_bce=0.694388 best=N best_epoch=4 epoch_sec=3.4 task_elapsed_min=5.0
CHECKPOINT_LATEST repeat=8 scope=caltech_external fold=external phase=residual epoch=120 path=/data/adodas/VarCoNet-V2-main/xiaolunwen/experiment2b/checkpoints/worker_r8_latest.pt
[residual_epoch=120/149] residual_loss=0.005242 val_bce=0.700509 best=N best_epoch=4 epoch_sec=4.9 task_elapsed_min=5.0
CHECKPOINT_LATEST repeat=8 scope=caltech_external fold=external phase=residual epoch=130 path=/data/adodas/VarCoNet-V2-main/xiaolunwen/experiment2b/checkpoints/worker_r8_latest.pt
[residual_epoch=130/149] residual_loss=0.004739 val_bce=0.706337 best=N best_epoch=4 epoch_sec=0.9 task_elapsed_min=5.1
CHECKPOINT_LATEST repeat=8 scope=caltech_external fold=external phase=residual epoch=140 path=/data/adodas/VarCoNet-V2-main/xiaolunwen/experiment2b/checkpoints/worker_r8_latest.pt
[residual_epoch=140/149] residual_loss=0.004312 val_bce=0.711887 best=N best_epoch=4 epoch_sec=7.0 task_elapsed_min=5.2
RESIDUAL_DONE repeat=8 scope=caltech_external fold=external selected_encoder_epoch=25 selected_classifier_epoch=47 selected_residual_epoch=4 val_bce=0.589861
TASK_TRAINING_DONE repeat=8 scope=caltech_external fold=external base_epoch=25 dyn_epoch=25 base_val_bce=0.591832 dyn_val_bce=0.589861
TASK_DONE repeat=8 scope=caltech fold=external method=baseline selected_encoder_epoch=25 test_auc=0.640351 test_bce=0.670117 elapsed_min=5.3
TASK_DONE repeat=8 scope=abide2 fold=external method=baseline selected_encoder_epoch=25 test_auc=0.734313 test_bce=0.604828 elapsed_min=5.3
TASK_DONE repeat=8 scope=caltech fold=external method=pretransformer_edge_residual selected_encoder_epoch=25 test_auc=0.643275 test_bce=0.670929 elapsed_min=5.3
TASK_DONE repeat=8 scope=abide2 fold=external method=pretransformer_edge_residual selected_encoder_epoch=25 test_auc=0.732125 test_bce=0.605895 elapsed_min=5.3
REPEAT_DONE repeat=8 status=PASS rows=26
