representation,scope,repeat,fold,n_subjects,disease_axis_auc,disease_geometry_gap,fingerprint_n,fingerprint_top1,fingerprint_top5,fingerprint_mrr,fingerprint_same_similarity,fingerprint_different_similarity,fingerprint_identity_gap,within_site_top1,within_site_same_dx_top1,topedge_sign_agreement,topedge_spearman,topedge_cosine,roi_signed_spearman,roi_absburden_spearman,selected_encoder_epoch,task_seconds,status
pearson_windowavg,internal_fold,0,0,89,0.6773049645390071,0.007646414653283362,89,0.8932584269662921,0.9438202247191011,0.9153649253368354,0.4604676938458775,0.16129708941702608,0.2991706044288514,0.9166666666666666,0.8653846153846154,nan,nan,nan,nan,nan,nan,201.81526589393616,PASS
pearson_full,internal_fold,0,0,89,0.6773049645390071,0.007646414653283362,89,0.8932584269662921,0.9438202247191011,0.9153649253368354,0.4604676938458775,0.16129708941702608,0.2991706044288514,0.9166666666666666,0.8653846153846154,nan,nan,nan,nan,nan,nan,201.81526589393616,PASS
varconet_selected,internal_fold,0,0,89,0.7127659574468085,0.0045429116316018925,89,1.0,1.0,1.0,0.36325583062814865,0.09205351374563936,0.2712023168825093,1.0,1.0,nan,nan,nan,nan,nan,40.0,201.81526589393616,PASS
varconet_epoch50,internal_fold,0,0,89,0.7117527862208713,0.0045131830217107205,89,1.0,1.0,1.0,0.36287533433249824,0.09137293216674869,0.2715024021657495,1.0,1.0,nan,nan,nan,nan,nan,50.0,201.81526589393616,PASS
pearson_windowavg,internal_fold,0,1,89,0.5131712259371835,0.004375374029919499,89,0.8876404494382022,0.9719101123595506,0.9229866607627166,0.4485384168919553,0.15920862964373272,0.28932978724822256,0.9603174603174602,0.96875,nan,nan,nan,nan,nan,nan,193.1342351436615,PASS
pearson_full,internal_fold,0,1,89,0.5131712259371835,0.004375374029919499,89,0.8876404494382022,0.9719101123595506,0.9229866607627166,0.4485384168919553,0.15920862964373272,0.28932978724822256,0.9603174603174602,0.96875,nan,nan,nan,nan,nan,nan,193.1342351436615,PASS
varconet_selected,internal_fold,0,1,89,0.6828774062816616,0.0020271350715252434,89,1.0,1.0,1.0,0.3458780713295669,0.0935240914098361,0.25235397991973074,1.0,1.0,nan,nan,nan,nan,nan,44.0,193.1342351436615,PASS
varconet_epoch50,internal_fold,0,1,89,0.6838905775075989,0.0020287448092293214,89,1.0,1.0,1.0,0.34575815364885865,0.09334262663489484,0.2524155270139638,1.0,1.0,nan,nan,nan,nan,nan,50.0,193.1342351436615,PASS
pearson_windowavg,internal_fold,0,2,88,0.5351966873706003,0.0016142125815950814,88,0.8806818181818181,0.9261363636363635,0.9061376112746434,0.44587753632698546,0.16133704680955668,0.2845404895174288,0.9183673469387755,0.9210526315789473,nan,nan,nan,nan,nan,nan,192.96340155601501,PASS
pearson_full,internal_fold,0,2,88,0.5351966873706003,0.0016142125815950814,88,0.8806818181818181,0.9261363636363635,0.9061376112746434,0.44587753632698546,0.16133704680955668,0.2845404895174288,0.9183673469387755,0.9210526315789473,nan,nan,nan,nan,nan,nan,192.96340155601501,PASS
varconet_selected,internal_fold,0,2,88,0.665631469979296,0.0015779291712779975,88,0.9943181818181819,0.9943181818181819,0.9944318181818181,0.3711747931824489,0.11414362612212527,0.2570311670603236,0.9897959183673469,0.986842105263158,nan,nan,nan,nan,nan,24.0,192.96340155601501,PASS
varconet_epoch50,internal_fold,0,2,88,0.667184265010352,0.0014744398976669348,88,0.9886363636363636,0.9943181818181819,0.991600790513834,0.3635733407837423,0.10422388473068253,0.2593494560530598,0.9897959183673469,0.986842105263158,nan,nan,nan,nan,nan,50.0,192.96340155601501,PASS
pearson_windowavg,internal_fold,0,3,88,0.589544513457557,0.00644734713134279,88,0.9090909090909091,0.9829545454545454,0.9446208407605468,0.43078171580352564,0.15548775411693427,0.27529396168659137,1.0,1.0,nan,nan,nan,nan,nan,nan,193.33685040473938,PASS
pearson_full,internal_fold,0,3,88,0.589544513457557,0.00644734713134279,88,0.9090909090909091,0.9829545454545454,0.9446208407605468,0.43078171580352564,0.15548775411693427,0.27529396168659137,1.0,1.0,nan,nan,nan,nan,nan,nan,193.33685040473938,PASS
varconet_selected,internal_fold,0,3,88,0.644927536231884,0.0031120266064076085,88,1.0,1.0,1.0,0.3408709380098365,0.0961307301030318,0.24474020790680467,1.0,1.0,nan,nan,nan,nan,nan,17.0,193.33685040473938,PASS
varconet_epoch50,internal_fold,0,3,88,0.6371635610766047,0.002907461295345276,88,1.0,1.0,1.0,0.3369748318059878,0.087681907727023,0.2492929240789648,1.0,1.0,nan,nan,nan,nan,nan,50.0,193.33685040473938,PASS
pearson_windowavg,internal_fold,0,4,88,0.7142857142857143,0.006777891305725425,88,0.9090909090909091,0.9431818181818181,0.9311171782762693,0.45956076139753516,0.16333718902480218,0.29622357237273295,0.9636363636363636,0.9848484848484849,nan,nan,nan,nan,nan,nan,194.1313145160675,PASS
pearson_full,internal_fold,0,4,88,0.7142857142857143,0.006777891305725425,88,0.9090909090909091,0.9431818181818181,0.9311171782762693,0.45956076139753516,0.16333718902480218,0.29622357237273295,0.9636363636363636,0.9848484848484849,nan,nan,nan,nan,nan,nan,194.1313145160675,PASS
varconet_selected,internal_fold,0,4,88,0.7137681159420289,0.004034873066878775,88,1.0,1.0,1.0,0.35961306890980765,0.09562314911066704,0.2639899197991406,1.0,1.0,nan,nan,nan,nan,nan,27.0,194.1313145160675,PASS
varconet_epoch50,internal_fold,0,4,88,0.7101449275362318,0.0038755767310938716,88,1.0,1.0,1.0,0.35935256189920683,0.0933689132615994,0.26598364863760743,1.0,1.0,nan,nan,nan,nan,nan,50.0,194.1313145160675,PASS
pearson_windowavg,internal_fold,0,5,88,0.6211728074727556,0.004953051096100364,88,0.9715909090909092,0.9829545454545454,0.9788036616161616,0.49578136154873803,0.15909676509973197,0.33668459644900606,0.9905660377358491,0.9791666666666667,nan,nan,nan,nan,nan,nan,193.69168972969055,PASS
pearson_full,internal_fold,0,5,88,0.6211728074727556,0.004953051096100364,88,0.9715909090909092,0.9829545454545454,0.9788036616161616,0.49578136154873803,0.15909676509973197,0.33668459644900606,0.9905660377358491,0.9791666666666667,nan,nan,nan,nan,nan,nan,193.69168972969055,PASS
varconet_selected,internal_fold,0,5,88,0.6995329527763363,0.0024585463018601816,88,1.0,1.0,1.0,0.3986423491415652,0.09934811750592328,0.29929423163564195,1.0,1.0,nan,nan,nan,nan,nan,29.0,193.69168972969055,PASS
varconet_epoch50,internal_fold,0,5,88,0.7026466009340944,0.002432769080376651,88,1.0,1.0,1.0,0.3975190320475535,0.09645437615300269,0.30106465589455084,1.0,1.0,nan,nan,nan,nan,nan,50.0,193.69168972969055,PASS
pearson_windowavg,internal_fold,0,6,88,0.5111572392319668,0.010664539007704366,88,0.875,0.9545454545454546,0.9135958432484801,0.4365789739584381,0.17007577862988782,0.26650319532855027,0.8818181818181818,0.9078947368421053,nan,nan,nan,nan,nan,nan,193.54248094558716,PASS
pearson_full,internal_fold,0,6,88,0.5111572392319668,0.010664539007704366,88,0.875,0.9545454545454546,0.9135958432484801,0.4365789739584381,0.17007577862988782,0.26650319532855027,0.8818181818181818,0.9078947368421053,nan,nan,nan,nan,nan,nan,193.54248094558716,PASS
varconet_selected,internal_fold,0,6,88,0.6803321224701608,0.006174633025160137,88,1.0,1.0,1.0,0.3542957693677057,0.09759507589044619,0.2567006934772595,1.0,1.0,nan,nan,nan,nan,nan,50.0,193.54248094558716,PASS
varconet_epoch50,internal_fold,0,6,88,0.6803321224701608,0.006174633025160137,88,1.0,1.0,1.0,0.3542957693677057,0.09759507589044619,0.2567006934772595,1.0,1.0,nan,nan,nan,nan,nan,50.0,193.54248094558716,PASS
pearson_windowavg,internal_fold,0,7,88,0.561494551115724,0.003573934112881927,88,0.8806818181818181,0.9545454545454546,0.9135189565336624,0.4323864218524911,0.16277496315394893,0.26961145869854214,0.911764705882353,0.9125000000000001,nan,nan,nan,nan,nan,nan,192.9815821647644,PASS
pearson_full,internal_fold,0,7,88,0.561494551115724,0.003573934112881927,88,0.8806818181818181,0.9545454545454546,0.9135189565336624,0.4323864218524911,0.16277496315394893,0.26961145869854214,0.911764705882353,0.9125000000000001,nan,nan,nan,nan,nan,nan,192.9815821647644,PASS
varconet_selected,internal_fold,0,7,88,0.6901920083030618,0.0048809778634385514,88,0.9715909090909092,0.9943181818181819,0.9807542335115865,0.4000389167869633,0.18303667659123884,0.21700224019572445,0.9852941176470589,0.975,nan,nan,nan,nan,nan,3.0,192.9815821647644,PASS
varconet_epoch50,internal_fold,0,7,88,0.6995329527763363,0.003501135714203907,88,1.0,1.0,1.0,0.3580180238932371,0.09867548837658317,0.2593425355166539,1.0,1.0,nan,nan,nan,nan,nan,50.0,192.9815821647644,PASS
pearson_windowavg,internal_fold,0,8,88,0.5889984431759211,0.006999968226336306,88,0.9090909090909091,0.9715909090909092,0.9362610479797979,0.44334678241813724,0.16620322940476379,0.27714355301337346,0.9272727272727272,0.8970588235294117,nan,nan,nan,nan,nan,nan,192.68441367149353,PASS
pearson_full,internal_fold,0,8,88,0.5889984431759211,0.006999968226336306,88,0.9090909090909091,0.9715909090909092,0.9362610479797979,0.44334678241813724,0.16620322940476379,0.27714355301337346,0.9272727272727272,0.8970588235294117,nan,nan,nan,nan,nan,nan,192.68441367149353,PASS
varconet_selected,internal_fold,0,8,88,0.7457187337830825,0.0027238748535420854,88,0.9886363636363636,1.0,0.9943181818181819,0.3590843728320165,0.10990283097619291,0.24918154185582359,1.0,1.0,nan,nan,nan,nan,nan,11.0,192.68441367149353,PASS
varconet_epoch50,internal_fold,0,8,88,0.7477944992215879,0.002330713934910744,88,0.9943181818181819,1.0,0.9971590909090908,0.34516199864447117,0.08586284015223077,0.2592991584922404,1.0,1.0,nan,nan,nan,nan,nan,50.0,192.68441367149353,PASS
pearson_windowavg,internal_fold,0,9,88,0.5884795018162948,0.0010960210181341912,88,0.9034090909090908,0.9772727272727273,0.9312725468975469,0.45337685637853364,0.1645449611394367,0.2888318952390969,0.9098360655737705,0.9285714285714286,nan,nan,nan,nan,nan,nan,194.34456157684326,PASS
pearson_full,internal_fold,0,9,88,0.5884795018162948,0.0010960210181341912,88,0.9034090909090908,0.9772727272727273,0.9312725468975469,0.45337685637853364,0.1645449611394367,0.2888318952390969,0.9098360655737705,0.9285714285714286,nan,nan,nan,nan,nan,nan,194.34456157684326,PASS
varconet_selected,internal_fold,0,9,88,0.6190970420342501,0.003717452185550141,88,0.9772727272727273,1.0,0.987689393939394,0.39815203235907987,0.1538760563981006,0.24427597596097927,1.0,1.0,nan,nan,nan,nan,nan,6.0,194.34456157684326,PASS
varconet_epoch50,internal_fold,0,9,88,0.6144265697976128,0.0024532287873015868,88,0.9943181818181819,1.0,0.9971590909090908,0.35255386849695985,0.09660652227035083,0.25594734622660903,1.0,1.0,nan,nan,nan,nan,nan,50.0,194.34456157684326,PASS
pearson_windowavg,caltech,0,external,37,0.6257309941520468,nan,37,0.9864864864864865,1.0,0.9898648648648649,0.5995065215471629,0.15736228786706058,0.4421442336801023,0.9864864864864865,1.0,0.9469387755102041,0.40963515663343886,0.860280486453484,nan,nan,nan,221.51993250846863,PASS
pearson_windowavg,abide2,0,external,727,0.5705773955773956,0.0029242301426514183,589,0.8582342954159592,0.9363327674023769,0.8936139781284542,0.48787537709207407,0.1813152166561801,0.30656016043589396,0.903061224489796,0.9203767123287672,0.9469387755102041,0.40963515663343886,0.860280486453484,0.5563977145569835,0.17217413787257133,nan,221.51993250846863,PASS
pearson_full,caltech,0,external,37,0.6257309941520468,nan,37,0.9864864864864865,1.0,0.9898648648648649,0.5995065215471629,0.15736228786706058,0.4421442336801023,0.9864864864864865,1.0,nan,nan,nan,nan,nan,nan,221.51993250846863,PASS
pearson_full,abide2,0,external,727,0.5705773955773956,0.0029242301426514183,589,0.8582342954159592,0.9363327674023769,0.8936139781284542,0.48787537709207407,0.1813152166561801,0.30656016043589396,0.903061224489796,0.9203767123287672,nan,nan,nan,nan,nan,nan,221.51993250846863,PASS
varconet_selected,caltech,0,external,37,0.6842105263157895,nan,37,1.0,1.0,1.0,0.5066823339140093,0.1295963348457226,0.3770859990682867,1.0,1.0,0.9175510204081633,0.7422549336641507,0.8164743708280959,nan,nan,7.0,221.51993250846863,PASS
varconet_selected,abide2,0,external,727,0.6774570024570025,0.0010119522504553613,589,0.9864176570458404,0.9966044142614601,0.990925309003058,0.42756340504704593,0.15018810815266037,0.27737529689438556,0.9940476190476191,0.9957191780821918,0.9175510204081633,0.7422549336641507,0.8164743708280959,0.5254382057237802,0.5172236445017124,7.0,221.51993250846863,PASS
varconet_epoch50,caltech,0,external,37,0.7631578947368421,nan,37,1.0,1.0,1.0,0.48908492520048813,0.09818395573782872,0.3909009694626594,1.0,1.0,nan,nan,nan,nan,nan,50.0,221.51993250846863,PASS
varconet_epoch50,abide2,0,external,727,0.6894809582309582,0.0008557183171166438,589,0.9966044142614601,1.0,0.9976513865308432,0.39155244609698375,0.09877463791833448,0.2927778081786493,0.9982993197278911,0.9991438356164384,nan,nan,nan,nan,nan,50.0,221.51993250846863,PASS
pearson_windowavg,internal_fold,1,0,89,0.5577507598784195,0.007379354483851658,89,0.9157303370786517,0.9775280898876404,0.9396602461209203,0.4492790642079343,0.15828938257922542,0.29098968162870886,0.9923076923076923,1.0,nan,nan,nan,nan,nan,nan,199.54613304138184,PASS
pearson_full,internal_fold,1,0,89,0.5577507598784195,0.007379354483851658,89,0.9157303370786517,0.9775280898876404,0.9396602461209203,0.4492790642079343,0.15828938257922542,0.29098968162870886,0.9923076923076923,1.0,nan,nan,nan,nan,nan,nan,199.54613304138184,PASS
varconet_selected,internal_fold,1,0,89,0.6940222897669706,0.0048054380042840406,89,1.0,1.0,1.0,0.369372627206063,0.09598475104814777,0.27338787615791527,1.0,1.0,nan,nan,nan,nan,nan,22.0,199.54613304138184,PASS
varconet_epoch50,internal_fold,1,0,89,0.6914893617021276,0.004681624892329345,89,1.0,1.0,1.0,0.3666208845176054,0.09011355179468544,0.27650733272291994,1.0,1.0,nan,nan,nan,nan,nan,50.0,199.54613304138184,PASS
pearson_windowavg,internal_fold,1,1,89,0.6767983789260384,0.007117267320562476,89,0.8595505617977528,0.9382022471910112,0.8988563402889245,0.4402003713538138,0.15592588398242188,0.28427448737139194,0.8727272727272727,0.921875,nan,nan,nan,nan,nan,nan,193.78489184379578,PASS
pearson_full,internal_fold,1,1,89,0.6767983789260384,0.007117267320562476,89,0.8595505617977528,0.9382022471910112,0.8988563402889245,0.4402003713538138,0.15592588398242188,0.28427448737139194,0.8727272727272727,0.921875,nan,nan,nan,nan,nan,nan,193.78489184379578,PASS
varconet_selected,internal_fold,1,1,89,0.75177304964539,0.005945316944948209,89,0.949438202247191,0.9775280898876404,0.9609448264919687,0.4439251051190194,0.21768700887508066,0.22623809624393873,0.9454545454545454,0.984375,nan,nan,nan,nan,nan,2.0,193.78489184379578,PASS
varconet_epoch50,internal_fold,1,1,89,0.7462006079027356,0.0037477731718232044,89,0.9887640449438202,1.0,0.9929775280898876,0.3475664844003956,0.09417268131657211,0.2533938030838235,0.990909090909091,1.0,nan,nan,nan,nan,nan,50.0,193.78489184379578,PASS
pearson_windowavg,internal_fold,1,2,88,0.7443064182194616,0.006344764284674204,88,0.8920454545454546,0.9772727272727273,0.9243958787661795,0.4311982788653536,0.1574325195179922,0.2737657593473614,0.9296875,0.926829268292683,nan,nan,nan,nan,nan,nan,192.5267632007599,PASS
pearson_full,internal_fold,1,2,88,0.7443064182194616,0.006344764284674204,88,0.8920454545454546,0.9772727272727273,0.9243958787661795,0.4311982788653536,0.1574325195179922,0.2737657593473614,0.9296875,0.926829268292683,nan,nan,nan,nan,nan,nan,192.5267632007599,PASS
varconet_selected,internal_fold,1,2,88,0.7427536231884058,0.0034203243373404635,88,1.0,1.0,1.0,0.3584472205151211,0.09463985383940243,0.2638073666757187,1.0,1.0,nan,nan,nan,nan,nan,37.0,192.5267632007599,PASS
varconet_epoch50,internal_fold,1,2,88,0.7406832298136646,0.0034138835821075075,88,1.0,1.0,1.0,0.35835767300291493,0.09417346043754544,0.2641842125653695,1.0,1.0,nan,nan,nan,nan,nan,50.0,192.5267632007599,PASS
pearson_windowavg,internal_fold,1,3,88,0.576086956521739,0.0010206358355097644,88,0.9375,0.9772727272727273,0.9563041125541125,0.45945830253714864,0.17403239293521233,0.2854259096019363,0.9693877551020408,0.96,nan,nan,nan,nan,nan,nan,192.52030324935913,PASS
pearson_full,internal_fold,1,3,88,0.576086956521739,0.0010206358355097644,88,0.9375,0.9772727272727273,0.9563041125541125,0.45945830253714864,0.17403239293521233,0.2854259096019363,0.9693877551020408,0.96,nan,nan,nan,nan,nan,nan,192.52030324935913,PASS
varconet_selected,internal_fold,1,3,88,0.6356107660455486,0.0011567521185109342,88,1.0,1.0,1.0,0.3708272237669338,0.10690060051453915,0.26392662325239463,1.0,1.0,nan,nan,nan,nan,nan,27.0,192.52030324935913,PASS
varconet_epoch50,internal_fold,1,3,88,0.6387163561076604,0.001162966271327781,88,1.0,1.0,1.0,0.36789929985322734,0.10243755254078006,0.2654617473124473,1.0,1.0,nan,nan,nan,nan,nan,50.0,192.52030324935913,PASS
pearson_windowavg,internal_fold,1,4,88,0.6640786749482401,0.0016146196397439638,88,0.8920454545454546,0.9715909090909092,0.925990896729533,0.4588408437980847,0.1562537852837394,0.3025870585143453,0.9454545454545454,0.9444444444444444,nan,nan,nan,nan,nan,nan,192.8535099029541,PASS
pearson_full,internal_fold,1,4,88,0.6640786749482401,0.0016146196397439638,88,0.8920454545454546,0.9715909090909092,0.925990896729533,0.4588408437980847,0.1562537852837394,0.3025870585143453,0.9454545454545454,0.9444444444444444,nan,nan,nan,nan,nan,nan,192.8535099029541,PASS
varconet_selected,internal_fold,1,4,88,0.6180124223602484,0.0018987016669446133,88,0.9943181818181819,1.0,0.9971590909090908,0.39442827603356406,0.12035578931584495,0.2740724867177191,1.0,1.0,nan,nan,nan,nan,nan,28.0,192.8535099029541,PASS
varconet_epoch50,internal_fold,1,4,88,0.6211180124223602,0.001955380353899805,88,1.0,1.0,1.0,0.3890951949764382,0.11264584115034898,0.2764493538260892,1.0,1.0,nan,nan,nan,nan,nan,50.0,192.8535099029541,PASS
pearson_windowavg,internal_fold,1,5,88,0.6222106901920083,0.0024613215269569944,88,0.875,0.9659090909090909,0.9171705898268399,0.4734115901995789,0.17577062398892906,0.29764096621064984,0.9017857142857143,0.875,nan,nan,nan,nan,nan,nan,192.5284345149994,PASS
pearson_full,internal_fold,1,5,88,0.6222106901920083,0.0024613215269569944,88,0.875,0.9659090909090909,0.9171705898268399,0.4734115901995789,0.17577062398892906,0.29764096621064984,0.9017857142857143,0.875,nan,nan,nan,nan,nan,nan,192.5284345149994,PASS
varconet_selected,internal_fold,1,5,88,0.7016087182148417,0.0021134230384377006,88,1.0,1.0,1.0,0.366367878053676,0.10363764470212489,0.2627302333515511,1.0,1.0,nan,nan,nan,nan,nan,25.0,192.5284345149994,PASS
varconet_epoch50,internal_fold,1,5,88,0.6959003632589518,0.002014445635951989,88,1.0,1.0,1.0,0.363639367913658,0.09886452631575768,0.2647748415979003,1.0,1.0,nan,nan,nan,nan,nan,50.0,192.5284345149994,PASS
pearson_windowavg,internal_fold,1,6,88,0.5599377270368449,0.004772912476348784,88,0.9204545454545454,0.9659090909090909,0.9456439393939394,0.46186289665373886,0.16283672321833603,0.29902617343540283,0.9423076923076923,0.8846153846153846,nan,nan,nan,nan,nan,nan,190.50517010688782,PASS
pearson_full,internal_fold,1,6,88,0.5599377270368449,0.004772912476348784,88,0.9204545454545454,0.9659090909090909,0.9456439393939394,0.46186289665373886,0.16283672321833603,0.29902617343540283,0.9423076923076923,0.8846153846153846,nan,nan,nan,nan,nan,nan,190.50517010688782,PASS
varconet_selected,internal_fold,1,6,88,0.6683964711987546,0.00035862359857807835,88,0.9943181818181819,1.0,0.9971590909090908,0.3575670810585672,0.08864938517506434,0.2689176958835029,1.0,1.0,nan,nan,nan,nan,nan,42.0,190.50517010688782,PASS
varconet_epoch50,internal_fold,1,6,88,0.6694343539180073,0.00038276779618634516,88,0.9943181818181819,1.0,0.9971590909090908,0.35790515487844293,0.08881122625981289,0.26909392861863,1.0,1.0,nan,nan,nan,nan,nan,50.0,190.50517010688782,PASS
pearson_windowavg,internal_fold,1,7,88,0.5879605604566684,0.004354311050223714,88,0.875,0.9431818181818181,0.9062996372535523,0.4390218487348069,0.1551641669168606,0.28385768181794624,0.896551724137931,0.8269230769230769,nan,nan,nan,nan,nan,nan,194.20018243789673,PASS
pearson_full,internal_fold,1,7,88,0.5879605604566684,0.004354311050223714,88,0.875,0.9431818181818181,0.9062996372535523,0.4390218487348069,0.1551641669168606,0.28385768181794624,0.896551724137931,0.8269230769230769,nan,nan,nan,nan,nan,nan,194.20018243789673,PASS
varconet_selected,internal_fold,1,7,88,0.7275557861961598,0.0027056357759587812,88,1.0,1.0,1.0,0.3507351279258728,0.08691694209824852,0.2638181858276243,1.0,1.0,nan,nan,nan,nan,nan,49.0,194.20018243789673,PASS
varconet_epoch50,internal_fold,1,7,88,0.7275557861961598,0.0027057446102095595,88,1.0,1.0,1.0,0.35073672387410293,0.0869174634338558,0.2638192604402471,1.0,1.0,nan,nan,nan,nan,nan,50.0,194.20018243789673,PASS
pearson_windowavg,internal_fold,1,8,88,0.5064867669953295,0.001568075447519135,88,0.9090909090909091,0.9715909090909092,0.9351749965720554,0.4348417882892219,0.16680697336229655,0.2680348149269253,0.96875,0.9523809523809523,nan,nan,nan,nan,nan,nan,192.36945819854736,PASS
pearson_full,internal_fold,1,8,88,0.5064867669953295,0.001568075447519135,88,0.9090909090909091,0.9715909090909092,0.9351749965720554,0.4348417882892219,0.16680697336229655,0.2680348149269253,0.96875,0.9523809523809523,nan,nan,nan,nan,nan,nan,192.36945819854736,PASS
varconet_selected,internal_fold,1,8,88,0.6927867151011936,0.0024106849957084286,88,1.0,1.0,1.0,0.33991220728917554,0.0948039314229345,0.24510827586624104,1.0,1.0,nan,nan,nan,nan,nan,39.0,192.36945819854736,PASS
varconet_epoch50,internal_fold,1,8,88,0.6943435391800726,0.0023869246500380914,88,1.0,1.0,1.0,0.3403508124703711,0.09456816807770255,0.24578264439266853,1.0,1.0,nan,nan,nan,nan,nan,50.0,192.36945819854736,PASS
pearson_windowavg,internal_fold,1,9,88,0.5661650233523612,0.00688726809660406,88,0.875,0.9375,0.9037411932493584,0.4588034823113544,0.16427789801606593,0.2945255842952885,0.8823529411764706,0.8484848484848485,nan,nan,nan,nan,nan,nan,192.12229466438293,PASS
pearson_full,internal_fold,1,9,88,0.5661650233523612,0.00688726809660406,88,0.875,0.9375,0.9037411932493584,0.4588034823113544,0.16427789801606593,0.2945255842952885,0.8823529411764706,0.8484848484848485,nan,nan,nan,nan,nan,nan,192.12229466438293,PASS
varconet_selected,internal_fold,1,9,88,0.7752983912817851,0.0037762905710775896,88,0.9943181818181819,0.9943181818181819,0.9945014662756598,0.36842259476807987,0.10003938533907294,0.26838320942900695,0.9901960784313726,0.9848484848484849,nan,nan,nan,nan,nan,32.0,192.12229466438293,PASS
varconet_epoch50,internal_fold,1,9,88,0.7773741567202906,0.0036496637425868506,88,0.9943181818181819,0.9943181818181819,0.9944903581267217,0.3665131526067853,0.09710479851594621,0.2694083540908391,0.9901960784313726,0.9848484848484849,nan,nan,nan,nan,nan,50.0,192.12229466438293,PASS
pearson_windowavg,caltech,1,external,37,0.6257309941520468,nan,37,0.9864864864864865,1.0,0.9898648648648649,0.5995065215471629,0.15736228786706058,0.4421442336801023,0.9864864864864865,1.0,0.9469387755102041,0.40963515663343886,0.860280486453484,nan,nan,nan,222.18963718414307,PASS
pearson_windowavg,abide2,1,external,727,0.5705773955773956,0.0029242301426514183,589,0.8582342954159592,0.9363327674023769,0.8936139781284542,0.48787537709207407,0.1813152166561801,0.30656016043589396,0.903061224489796,0.9203767123287672,0.9469387755102041,0.40963515663343886,0.860280486453484,0.5563977145569835,0.17217413787257133,nan,222.18963718414307,PASS
pearson_full,caltech,1,external,37,0.6257309941520468,nan,37,0.9864864864864865,1.0,0.9898648648648649,0.5995065215471629,0.15736228786706058,0.4421442336801023,0.9864864864864865,1.0,nan,nan,nan,nan,nan,nan,222.18963718414307,PASS
pearson_full,abide2,1,external,727,0.5705773955773956,0.0029242301426514183,589,0.8582342954159592,0.9363327674023769,0.8936139781284542,0.48787537709207407,0.1813152166561801,0.30656016043589396,0.903061224489796,0.9203767123287672,nan,nan,nan,nan,nan,nan,222.18963718414307,PASS
varconet_selected,caltech,1,external,37,0.7134502923976608,nan,37,1.0,1.0,1.0,0.49605220878446427,0.10060578065871208,0.3954464281257522,1.0,1.0,0.9175510204081633,0.7422549336641507,0.8164743708280959,nan,nan,38.0,222.18963718414307,PASS
varconet_selected,abide2,1,external,727,0.6871621621621622,0.0009665602580689325,589,0.9932088285229201,0.9991511035653651,0.9954806370765624,0.3940764194787662,0.10301842088232459,0.29105799859644166,0.9965986394557823,0.9974315068493151,0.9175510204081633,0.7422549336641507,0.8164743708280959,0.5254382057237802,0.5172236445017124,38.0,222.18963718414307,PASS
varconet_epoch50,caltech,1,external,37,0.7397660818713451,nan,37,1.0,1.0,1.0,0.496569112345979,0.10094955966419152,0.3956195526817875,1.0,1.0,nan,nan,nan,nan,nan,50.0,222.18963718414307,PASS
varconet_epoch50,abide2,1,external,727,0.6879990786240786,0.000915220700258762,589,0.9923599320882852,0.99830220713073,0.9947809194201385,0.39493886635643516,0.1034611084453151,0.2914777579111201,0.9965986394557823,0.9974315068493151,nan,nan,nan,nan,nan,50.0,222.18963718414307,PASS
pearson_windowavg,internal_fold,2,0,89,0.5947315096251267,0.0009813373707596162,89,0.9101123595505618,0.9775280898876404,0.9415440556024337,0.45222130480609585,0.16803686276471202,0.2841844420413838,0.9473684210526315,0.9558823529411764,nan,nan,nan,nan,nan,nan,199.4903256893158,PASS
pearson_full,internal_fold,2,0,89,0.5947315096251267,0.0009813373707596162,89,0.9101123595505618,0.9775280898876404,0.9415440556024337,0.45222130480609585,0.16803686276471202,0.2841844420413838,0.9473684210526315,0.9558823529411764,nan,nan,nan,nan,nan,nan,199.4903256893158,PASS
varconet_selected,internal_fold,2,0,89,0.6849037487335359,0.0011793390689557315,89,0.9943820224719101,0.9943820224719101,0.9945826645264847,0.36222864419556733,0.10551762611551002,0.2567110180800573,0.9912280701754386,0.9852941176470589,nan,nan,nan,nan,nan,21.0,199.4903256893158,PASS
varconet_epoch50,internal_fold,2,0,89,0.6833839918946302,0.001101857722632188,89,0.9943820224719101,0.9943820224719101,0.9945298639858072,0.361801399524962,0.09919546406530129,0.2626059354596607,0.9912280701754386,0.9852941176470589,nan,nan,nan,nan,nan,50.0,199.4903256893158,PASS
pearson_windowavg,internal_fold,2,1,89,0.721884498480243,0.0032955702711273682,89,0.8651685393258427,0.9550561797752808,0.904490447864539,0.4392722707785917,0.15560304117659735,0.28366922960199437,0.9339622641509434,0.9285714285714286,nan,nan,nan,nan,nan,nan,193.48922324180603,PASS
pearson_full,internal_fold,2,1,89,0.721884498480243,0.0032955702711273682,89,0.8651685393258427,0.9550561797752808,0.904490447864539,0.4392722707785917,0.15560304117659735,0.28366922960199437,0.9339622641509434,0.9285714285714286,nan,nan,nan,nan,nan,nan,193.48922324180603,PASS
varconet_selected,internal_fold,2,1,89,0.720871327254306,0.0028980831122271122,89,0.9887640449438202,1.0,0.9943820224719101,0.3861403132087729,0.13679803467978296,0.24934227852898994,1.0,1.0,nan,nan,nan,nan,nan,8.0,193.48922324180603,PASS
varconet_epoch50,internal_fold,2,1,89,0.7066869300911854,0.0015324873999759403,89,0.9943820224719101,1.0,0.997191011235955,0.35022209099169527,0.09067727883867929,0.25954481215301595,1.0,1.0,nan,nan,nan,nan,nan,50.0,193.48922324180603,PASS
pearson_windowavg,internal_fold,2,2,88,0.5305383022774327,0.003026616135278881,88,0.8863636363636364,0.9659090909090909,0.9223895997793057,0.4539552120999856,0.16775714721103363,0.28619806488895194,0.9322033898305084,0.9333333333333333,nan,nan,nan,nan,nan,nan,193.4209418296814,PASS
pearson_full,internal_fold,2,2,88,0.5305383022774327,0.003026616135278881,88,0.8863636363636364,0.9659090909090909,0.9223895997793057,0.4539552120999856,0.16775714721103363,0.28619806488895194,0.9322033898305084,0.9333333333333333,nan,nan,nan,nan,nan,nan,193.4209418296814,PASS
varconet_selected,internal_fold,2,2,88,0.6371635610766045,0.0021499671603412984,88,0.9943181818181819,1.0,0.9971590909090908,0.32293178141117096,0.08954067959385956,0.23339110181731137,1.0,1.0,nan,nan,nan,nan,nan,49.0,193.4209418296814,PASS
varconet_epoch50,internal_fold,2,2,88,0.6371635610766045,0.0021500327666168217,88,0.9943181818181819,1.0,0.9971590909090908,0.3229296126148917,0.08953838706603605,0.23339122554885566,1.0,1.0,nan,nan,nan,nan,nan,50.0,193.4209418296814,PASS
pearson_windowavg,internal_fold,2,3,88,0.5269151138716356,0.006534279234817142,88,0.9090909090909091,0.9772727272727273,0.9357481060606061,0.45410864834081044,0.17693773977000982,0.2771709085708006,0.9596774193548387,0.9347826086956521,nan,nan,nan,nan,nan,nan,192.7414848804474,PASS
pearson_full,internal_fold,2,3,88,0.5269151138716356,0.006534279234817142,88,0.9090909090909091,0.9772727272727273,0.9357481060606061,0.45410864834081044,0.17693773977000982,0.2771709085708006,0.9596774193548387,0.9347826086956521,nan,nan,nan,nan,nan,nan,192.7414848804474,PASS
varconet_selected,internal_fold,2,3,88,0.7282608695652173,0.0036627964500372256,88,1.0,1.0,1.0,0.36790663918310945,0.10184351491093219,0.26606312427217726,1.0,1.0,nan,nan,nan,nan,nan,29.0,192.7414848804474,PASS
varconet_epoch50,internal_fold,2,3,88,0.7303312629399586,0.0036329667945800836,88,1.0,1.0,1.0,0.365388732064854,0.0983986426719008,0.2669900893929532,1.0,1.0,nan,nan,nan,nan,nan,50.0,192.7414848804474,PASS
pearson_windowavg,internal_fold,2,4,88,0.6112836438923396,0.0034564787936290087,88,0.9034090909090908,0.9602272727272727,0.9337275453397613,0.45132751254872844,0.15694402436173796,0.29438348818699045,0.9196428571428572,0.8095238095238095,nan,nan,nan,nan,nan,nan,193.39223718643188,PASS
pearson_full,internal_fold,2,4,88,0.6112836438923396,0.0034564787936290087,88,0.9034090909090908,0.9602272727272727,0.9337275453397613,0.45132751254872844,0.15694402436173796,0.29438348818699045,0.9196428571428572,0.8095238095238095,nan,nan,nan,nan,nan,nan,193.39223718643188,PASS
varconet_selected,internal_fold,2,4,88,0.6853002070393375,0.00337917252544101,88,1.0,1.0,1.0,0.3608362165025689,0.09824464015580925,0.26259157634675967,1.0,1.0,nan,nan,nan,nan,nan,47.0,193.39223718643188,PASS
varconet_epoch50,internal_fold,2,4,88,0.6853002070393375,0.0033805199514138073,88,1.0,1.0,1.0,0.36083095046606933,0.09822803987662114,0.2626029105894482,1.0,1.0,nan,nan,nan,nan,nan,50.0,193.39223718643188,PASS
pearson_windowavg,internal_fold,2,5,88,0.5739491437467567,0.005611977109435201,88,0.875,0.9602272727272727,0.914327528532074,0.44862073118036444,0.1646623082838874,0.2839584228964771,0.9313725490196079,0.90625,nan,nan,nan,nan,nan,nan,193.5727767944336,PASS
pearson_full,internal_fold,2,5,88,0.5739491437467567,0.005611977109435201,88,0.875,0.9602272727272727,0.914327528532074,0.44862073118036444,0.1646623082838874,0.2839584228964771,0.9313725490196079,0.90625,nan,nan,nan,nan,nan,nan,193.5727767944336,PASS
varconet_selected,internal_fold,2,5,88,0.7343020238713025,0.0046241747099954045,88,1.0,1.0,1.0,0.3362349134615876,0.085031288848823,0.25120362461276463,1.0,1.0,nan,nan,nan,nan,nan,34.0,193.5727767944336,PASS
varconet_epoch50,internal_fold,2,5,88,0.7301504929942917,0.004595753414828402,88,1.0,1.0,1.0,0.33899425833740016,0.08539200863774668,0.2536022496996535,1.0,1.0,nan,nan,nan,nan,nan,50.0,193.5727767944336,PASS
pearson_windowavg,internal_fold,2,6,88,0.6502335236118318,0.007798326312619147,88,0.8579545454545454,0.9375,0.898206853484442,0.45833484193479473,0.1504754562157438,0.3078593857190509,0.9051724137931034,0.9482758620689655,nan,nan,nan,nan,nan,nan,193.8847496509552,PASS
pearson_full,internal_fold,2,6,88,0.6502335236118318,0.007798326312619147,88,0.8579545454545454,0.9375,0.898206853484442,0.45833484193479473,0.1504754562157438,0.3078593857190509,0.9051724137931034,0.9482758620689655,nan,nan,nan,nan,nan,nan,193.8847496509552,PASS
varconet_selected,internal_fold,2,6,88,0.7182148417228853,0.005870133893411178,88,1.0,1.0,1.0,0.3586641941219568,0.09061603022435419,0.2680481638976026,1.0,1.0,nan,nan,nan,nan,nan,39.0,193.8847496509552,PASS
varconet_epoch50,internal_fold,2,6,88,0.7171769590036325,0.005785067578469638,88,1.0,1.0,1.0,0.35879931988363917,0.0899805162797678,0.26881880360387134,1.0,1.0,nan,nan,nan,nan,nan,50.0,193.8847496509552,PASS
pearson_windowavg,internal_fold,2,7,88,0.5998962117280747,0.0074455159249517955,88,0.8636363636363636,0.9431818181818181,0.9016934342751104,0.4322803370146589,0.16202175881955294,0.27025857819510596,0.8888888888888888,0.9375,nan,nan,nan,nan,nan,nan,192.8271918296814,PASS
pearson_full,internal_fold,2,7,88,0.5998962117280747,0.0074455159249517955,88,0.8636363636363636,0.9431818181818181,0.9016934342751104,0.4322803370146589,0.16202175881955294,0.27025857819510596,0.8888888888888888,0.9375,nan,nan,nan,nan,nan,nan,192.8271918296814,PASS
varconet_selected,internal_fold,2,7,88,0.6896730669434353,0.002928976896622665,88,0.9943181818181819,1.0,0.9971590909090908,0.3776946025477214,0.12611766201064434,0.2515769405370771,1.0,1.0,nan,nan,nan,nan,nan,27.0,192.8271918296814,PASS
varconet_epoch50,internal_fold,2,7,88,0.6896730669434353,0.0029299518523159263,88,0.9943181818181819,1.0,0.9971590909090908,0.3715024952861396,0.11645721565117494,0.2550452796349647,1.0,1.0,nan,nan,nan,nan,nan,50.0,192.8271918296814,PASS
pearson_windowavg,internal_fold,2,8,88,0.5599377270368449,0.003608674929848066,88,0.9261363636363636,0.9886363636363636,0.9532738095238096,0.45622606050561776,0.1664804068819067,0.2897456536237111,0.9649122807017543,0.9516129032258065,nan,nan,nan,nan,nan,nan,193.14302802085876,PASS
pearson_full,internal_fold,2,8,88,0.5599377270368449,0.003608674929848066,88,0.9261363636363636,0.9886363636363636,0.9532738095238096,0.45622606050561776,0.1664804068819067,0.2897456536237111,0.9649122807017543,0.9516129032258065,nan,nan,nan,nan,nan,nan,193.14302802085876,PASS
varconet_selected,internal_fold,2,8,88,0.6761805915931499,0.003380196188961848,88,1.0,1.0,1.0,0.36927611973475327,0.10310710542224631,0.26616901431250695,1.0,1.0,nan,nan,nan,nan,nan,37.0,193.14302802085876,PASS
varconet_epoch50,internal_fold,2,8,88,0.6772184743124028,0.0032895102168679358,88,1.0,1.0,1.0,0.37159143337471917,0.10393804212841873,0.26765339124630044,1.0,1.0,nan,nan,nan,nan,nan,50.0,193.14302802085876,PASS
pearson_windowavg,internal_fold,2,9,88,0.6725480020757655,0.0008388794519328668,88,0.9034090909090908,0.9545454545454546,0.9284669894489984,0.4605486865409396,0.15450278593786246,0.3060459006030771,0.9590163934426229,0.953125,nan,nan,nan,nan,nan,nan,192.93353581428528,PASS
pearson_full,internal_fold,2,9,88,0.6725480020757655,0.0008388794519328668,88,0.9034090909090908,0.9545454545454546,0.9284669894489984,0.4605486865409396,0.15450278593786246,0.3060459006030771,0.9590163934426229,0.953125,nan,nan,nan,nan,nan,nan,192.93353581428528,PASS
varconet_selected,internal_fold,2,9,88,0.6045666839647119,0.0009249115716208067,88,0.9829545454545454,1.0,0.9914772727272727,0.3801130671054125,0.11130126123462561,0.2688118058707869,1.0,1.0,nan,nan,nan,nan,nan,13.0,192.93353581428528,PASS
varconet_epoch50,internal_fold,2,9,88,0.604566683964712,0.0010405372254129464,88,0.9943181818181819,1.0,0.9971590909090908,0.36572654968635604,0.09163722552637918,0.2740893241599769,1.0,1.0,nan,nan,nan,nan,nan,50.0,192.93353581428528,PASS
pearson_windowavg,caltech,2,external,37,0.6257309941520468,nan,37,0.9864864864864865,1.0,0.9898648648648649,0.5995065215471629,0.15736228786706058,0.4421442336801023,0.9864864864864865,1.0,0.9469387755102041,0.40963515663343886,0.860280486453484,nan,nan,nan,222.96507167816162,PASS
pearson_windowavg,abide2,2,external,727,0.5705773955773956,0.0029242301426514183,589,0.8582342954159592,0.9363327674023769,0.8936139781284542,0.48787537709207407,0.1813152166561801,0.30656016043589396,0.903061224489796,0.9203767123287672,0.9469387755102041,0.40963515663343886,0.860280486453484,0.5563977145569835,0.17217413787257133,nan,222.96507167816162,PASS
pearson_full,caltech,2,external,37,0.6257309941520468,nan,37,0.9864864864864865,1.0,0.9898648648648649,0.5995065215471629,0.15736228786706058,0.4421442336801023,0.9864864864864865,1.0,nan,nan,nan,nan,nan,nan,222.96507167816162,PASS
pearson_full,abide2,2,external,727,0.5705773955773956,0.0029242301426514183,589,0.8582342954159592,0.9363327674023769,0.8936139781284542,0.48787537709207407,0.1813152166561801,0.30656016043589396,0.903061224489796,0.9203767123287672,nan,nan,nan,nan,nan,nan,222.96507167816162,PASS
varconet_selected,caltech,2,external,37,0.7456140350877193,nan,37,1.0,1.0,1.0,0.4895235614196674,0.09682748741022795,0.39269607400943946,1.0,1.0,0.9175510204081633,0.7422549336641507,0.8164743708280959,nan,nan,38.0,222.96507167816162,PASS
varconet_selected,abide2,2,external,727,0.6836609336609337,0.0009801486480550403,589,0.997453310696095,1.0,0.9982597623089984,0.3897004328377178,0.09988808733399199,0.2898123455037258,0.9982993197278911,0.9991438356164384,0.9175510204081633,0.7422549336641507,0.8164743708280959,0.5254382057237802,0.5172236445017124,38.0,222.96507167816162,PASS
varconet_epoch50,caltech,2,external,37,0.7485380116959065,nan,37,1.0,1.0,1.0,0.48994826626133275,0.09653673005743406,0.3934115362038987,1.0,1.0,nan,nan,nan,nan,nan,50.0,222.96507167816162,PASS
varconet_epoch50,abide2,2,external,727,0.6841062653562654,0.0009951455468584225,589,0.997453310696095,1.0,0.9983305036785513,0.3899335250233147,0.09943084491611784,0.2905026801071968,0.9982993197278911,0.9991438356164384,nan,nan,nan,nan,nan,50.0,222.96507167816162,PASS
pearson_windowavg,internal_fold,3,0,89,0.6372847011144884,0.0050823118256231314,89,0.8932584269662922,0.9382022471910112,0.9130110062447403,0.4362853818227736,0.15701933967024528,0.27926604215252837,0.8636363636363636,0.8571428571428571,nan,nan,nan,nan,nan,nan,202.07901740074158,PASS
pearson_full,internal_fold,3,0,89,0.6372847011144884,0.0050823118256231314,89,0.8932584269662922,0.9382022471910112,0.9130110062447403,0.4362853818227736,0.15701933967024528,0.27926604215252837,0.8636363636363636,0.8571428571428571,nan,nan,nan,nan,nan,nan,202.07901740074158,PASS
varconet_selected,internal_fold,3,0,89,0.7416413373860183,0.0037016231907162633,89,1.0,1.0,1.0,0.35639211167110485,0.09266914367128545,0.26372296799981937,1.0,1.0,nan,nan,nan,nan,nan,39.0,202.07901740074158,PASS
varconet_epoch50,internal_fold,3,0,89,0.7391084093211753,0.0037051409173196603,89,1.0,1.0,1.0,0.35532118748413044,0.09181597489310453,0.2635052125910259,1.0,1.0,nan,nan,nan,nan,nan,50.0,202.07901740074158,PASS
pearson_windowavg,internal_fold,3,1,89,0.6028368794326241,0.004576859164887759,89,0.8258426966292135,0.9382022471910112,0.8711128397113839,0.4193941313731536,0.15974472532332443,0.2596494060498292,0.9230769230769231,0.9027777777777777,nan,nan,nan,nan,nan,nan,193.55199575424194,PASS
pearson_full,internal_fold,3,1,89,0.6028368794326241,0.004576859164887759,89,0.8258426966292135,0.9382022471910112,0.8711128397113839,0.4193941313731536,0.15974472532332443,0.2596494060498292,0.9230769230769231,0.9027777777777777,nan,nan,nan,nan,nan,nan,193.55199575424194,PASS
varconet_selected,internal_fold,3,1,89,0.6894630192502533,0.0021951980630858237,89,0.9887640449438202,0.9943820224719101,0.9917335473515249,0.34448701863208514,0.10137275193327519,0.24311426669880995,0.9903846153846154,0.9861111111111112,nan,nan,nan,nan,nan,41.0,193.55199575424194,PASS
varconet_epoch50,internal_fold,3,1,89,0.6889564336372848,0.002186467468655501,89,0.9887640449438202,0.9943820224719101,0.9917335473515249,0.3440782374210572,0.10088334472355764,0.24319489269749955,0.9903846153846154,0.9861111111111112,nan,nan,nan,nan,nan,50.0,193.55199575424194,PASS
pearson_windowavg,internal_fold,3,2,88,0.5507246376811594,0.0005609411633579753,88,0.8977272727272727,0.9772727272727273,0.9293151293151294,0.44792068241672084,0.16269542032917267,0.28522526208754817,0.9339622641509434,0.875,nan,nan,nan,nan,nan,nan,193.9167296886444,PASS
pearson_full,internal_fold,3,2,88,0.5507246376811594,0.0005609411633579753,88,0.8977272727272727,0.9772727272727273,0.9293151293151294,0.44792068241672084,0.16269542032917267,0.28522526208754817,0.9339622641509434,0.875,nan,nan,nan,nan,nan,nan,193.9167296886444,PASS
varconet_selected,internal_fold,3,2,88,0.6459627329192548,0.0014495517034604222,88,1.0,1.0,1.0,0.36201916905966675,0.09905811264583511,0.2629610564138316,1.0,1.0,nan,nan,nan,nan,nan,32.0,193.9167296886444,PASS
varconet_epoch50,internal_fold,3,2,88,0.6495859213250518,0.0013747858967529114,88,1.0,1.0,1.0,0.3744105407121507,0.11226743656305972,0.262143104149091,1.0,1.0,nan,nan,nan,nan,nan,50.0,193.9167296886444,PASS
pearson_windowavg,internal_fold,3,3,88,0.6133540372670807,0.0023151558355525292,88,0.8920454545454546,0.9545454545454546,0.9241024915740825,0.45918449539352546,0.16192952990156873,0.29725496549195674,0.9122807017543859,0.975,nan,nan,nan,nan,nan,nan,194.70820498466492,PASS
pearson_full,internal_fold,3,3,88,0.6133540372670807,0.0023151558355525292,88,0.8920454545454546,0.9545454545454546,0.9241024915740825,0.45918449539352546,0.16192952990156873,0.29725496549195674,0.9122807017543859,0.975,nan,nan,nan,nan,nan,nan,194.70820498466492,PASS
varconet_selected,internal_fold,3,3,88,0.6433747412008282,0.0025918525299932216,88,0.9715909090909092,0.9886363636363636,0.9805465367965368,0.40001458962532604,0.15800324722354728,0.24201134240177877,0.9824561403508771,1.0,nan,nan,nan,nan,nan,4.0,194.70820498466492,PASS
varconet_epoch50,internal_fold,3,3,88,0.6759834368530021,0.0015731428776009637,88,1.0,1.0,1.0,0.3604978481307626,0.0920295070509145,0.26846834107984807,1.0,1.0,nan,nan,nan,nan,nan,50.0,194.70820498466492,PASS
pearson_windowavg,internal_fold,3,4,88,0.5041407867494824,0.002394338701200621,88,0.9488636363636365,0.9659090909090909,0.9592577561327561,0.47159695489840076,0.16081175974400608,0.3107851951543947,0.9591836734693877,0.984375,nan,nan,nan,nan,nan,nan,193.47061252593994,PASS
pearson_full,internal_fold,3,4,88,0.5041407867494824,0.002394338701200621,88,0.9488636363636365,0.9659090909090909,0.9592577561327561,0.47159695489840076,0.16081175974400608,0.3107851951543947,0.9591836734693877,0.984375,nan,nan,nan,nan,nan,nan,193.47061252593994,PASS
varconet_selected,internal_fold,3,4,88,0.7215320910973085,0.0018079373197342208,88,1.0,1.0,1.0,0.3743585624139417,0.09314360587284468,0.28121495654109707,1.0,1.0,nan,nan,nan,nan,nan,48.0,193.47061252593994,PASS
varconet_epoch50,internal_fold,3,4,88,0.7215320910973085,0.0018078454446822656,88,1.0,1.0,1.0,0.3743423843248324,0.0931256147784686,0.28121676954636377,1.0,1.0,nan,nan,nan,nan,nan,50.0,193.47061252593994,PASS
pearson_windowavg,internal_fold,3,5,88,0.6694343539180072,0.0016316134780605118,88,0.8693181818181819,0.9545454545454546,0.9066244834710744,0.42613947755572473,0.1712562119130684,0.25488326564265634,0.9245283018867925,0.875,nan,nan,nan,nan,nan,nan,194.47252321243286,PASS
pearson_full,internal_fold,3,5,88,0.6694343539180072,0.0016316134780605118,88,0.8693181818181819,0.9545454545454546,0.9066244834710744,0.42613947755572473,0.1712562119130684,0.25488326564265634,0.9245283018867925,0.875,nan,nan,nan,nan,nan,nan,194.47252321243286,PASS
varconet_selected,internal_fold,3,5,88,0.7083549558899845,0.003441186329654511,88,1.0,1.0,1.0,0.3972729713740674,0.16136197954471745,0.23591099182934996,1.0,1.0,nan,nan,nan,nan,nan,13.0,194.47252321243286,PASS
varconet_epoch50,internal_fold,3,5,88,0.7151011935651271,0.003520011736483225,88,1.0,1.0,1.0,0.3651203992353244,0.119801745241286,0.2453186539940384,1.0,1.0,nan,nan,nan,nan,nan,50.0,194.47252321243286,PASS
pearson_windowavg,internal_fold,3,6,88,0.6050856253243384,0.010691982936333833,88,0.9034090909090908,0.9772727272727273,0.9324044011544013,0.4592160719700835,0.1477756096047988,0.3114404623652847,0.9196428571428572,0.9090909090909092,nan,nan,nan,nan,nan,nan,193.30753231048584,PASS
pearson_full,internal_fold,3,6,88,0.6050856253243384,0.010691982936333833,88,0.9034090909090908,0.9772727272727273,0.9324044011544013,0.4592160719700835,0.1477756096047988,0.3114404623652847,0.9196428571428572,0.9090909090909092,nan,nan,nan,nan,nan,nan,193.30753231048584,PASS
varconet_selected,internal_fold,3,6,88,0.6979761286974572,0.004000227728506667,88,0.9943181818181819,1.0,0.9971590909090908,0.3958693397316066,0.12744607311228723,0.26842326661931937,1.0,1.0,nan,nan,nan,nan,nan,10.0,193.30753231048584,PASS
varconet_epoch50,internal_fold,3,6,88,0.707836014530358,0.0036894296570161023,88,0.9943181818181819,1.0,0.9971590909090908,0.3839835807342421,0.1006595999877822,0.2833239807464599,1.0,1.0,nan,nan,nan,nan,nan,50.0,193.30753231048584,PASS
pearson_windowavg,internal_fold,3,7,88,0.6995329527763363,0.006789496916194071,88,0.9034090909090908,0.9659090909090909,0.9278655372405373,0.4571713043207472,0.16582343912152478,0.2913478651992224,0.9019607843137254,0.8653846153846154,nan,nan,nan,nan,nan,nan,194.20651578903198,PASS
pearson_full,internal_fold,3,7,88,0.6995329527763363,0.006789496916194071,88,0.9034090909090908,0.9659090909090909,0.9278655372405373,0.4571713043207472,0.16582343912152478,0.2913478651992224,0.9019607843137254,0.8653846153846154,nan,nan,nan,nan,nan,nan,194.20651578903198,PASS
varconet_selected,internal_fold,3,7,88,0.7374156720290608,0.003087755307348228,88,1.0,1.0,1.0,0.36820947260341863,0.09582785390720819,0.27238161869621047,1.0,1.0,nan,nan,nan,nan,nan,48.0,194.20651578903198,PASS
varconet_epoch50,internal_fold,3,7,88,0.7374156720290608,0.0030877632142097267,88,1.0,1.0,1.0,0.3681973833590746,0.09581067322416653,0.27238671013490806,1.0,1.0,nan,nan,nan,nan,nan,50.0,194.20651578903198,PASS
pearson_windowavg,internal_fold,3,8,88,0.7125064867669954,0.004238072746990007,88,0.9375,0.9772727272727273,0.9557858977526097,0.46709480830891564,0.17561404226084926,0.2914807660480664,0.9758064516129032,0.9848484848484849,nan,nan,nan,nan,nan,nan,193.9976692199707,PASS
pearson_full,internal_fold,3,8,88,0.7125064867669954,0.004238072746990007,88,0.9375,0.9772727272727273,0.9557858977526097,0.46709480830891564,0.17561404226084926,0.2914807660480664,0.9758064516129032,0.9848484848484849,nan,nan,nan,nan,nan,nan,193.9976692199707,PASS
varconet_selected,internal_fold,3,8,88,0.7021276595744681,0.0033195619979260182,88,1.0,1.0,1.0,0.37445929409428075,0.10471995408177695,0.26973934001250377,1.0,1.0,nan,nan,nan,nan,nan,24.0,193.9976692199707,PASS
varconet_epoch50,internal_fold,3,8,88,0.6943435391800726,0.0032546754379962073,88,1.0,1.0,1.0,0.37649709511209617,0.10298719578906758,0.2735098993230286,1.0,1.0,nan,nan,nan,nan,nan,50.0,193.9976692199707,PASS
pearson_windowavg,internal_fold,3,9,88,0.5230928905033732,0.004551797055095647,88,0.9261363636363635,0.9772727272727273,0.9489286754911754,0.463299424810843,0.1606214612687667,0.3026779635420763,0.96,1.0,nan,nan,nan,nan,nan,nan,193.26433205604553,PASS
pearson_full,internal_fold,3,9,88,0.5230928905033732,0.004551797055095647,88,0.9261363636363635,0.9772727272727273,0.9489286754911754,0.463299424810843,0.1606214612687667,0.3026779635420763,0.96,1.0,nan,nan,nan,nan,nan,nan,193.26433205604553,PASS
varconet_selected,internal_fold,3,9,88,0.6460819927348209,0.00135584438033301,88,1.0,1.0,1.0,0.35384641790931876,0.09149482288099085,0.2623515950283279,1.0,1.0,nan,nan,nan,nan,nan,27.0,193.26433205604553,PASS
varconet_epoch50,internal_fold,3,9,88,0.6419304618578101,0.0012256023538743388,88,1.0,1.0,1.0,0.3553677157244899,0.08981393021957165,0.26555378550491826,1.0,1.0,nan,nan,nan,nan,nan,50.0,193.26433205604553,PASS
pearson_windowavg,caltech,3,external,37,0.6257309941520468,nan,37,0.9864864864864865,1.0,0.9898648648648649,0.5995065215471629,0.15736228786706058,0.4421442336801023,0.9864864864864865,1.0,0.9469387755102041,0.40963515663343886,0.860280486453484,nan,nan,nan,221.31986784934998,PASS
pearson_windowavg,abide2,3,external,727,0.5705773955773956,0.0029242301426514183,589,0.8582342954159592,0.9363327674023769,0.8936139781284542,0.48787537709207407,0.1813152166561801,0.30656016043589396,0.903061224489796,0.9203767123287672,0.9469387755102041,0.40963515663343886,0.860280486453484,0.5563977145569835,0.17217413787257133,nan,221.31986784934998,PASS
pearson_full,caltech,3,external,37,0.6257309941520468,nan,37,0.9864864864864865,1.0,0.9898648648648649,0.5995065215471629,0.15736228786706058,0.4421442336801023,0.9864864864864865,1.0,nan,nan,nan,nan,nan,nan,221.31986784934998,PASS
pearson_full,abide2,3,external,727,0.5705773955773956,0.0029242301426514183,589,0.8582342954159592,0.9363327674023769,0.8936139781284542,0.48787537709207407,0.1813152166561801,0.30656016043589396,0.903061224489796,0.9203767123287672,nan,nan,nan,nan,nan,nan,221.31986784934998,PASS
varconet_selected,caltech,3,external,37,0.7485380116959064,nan,37,1.0,1.0,1.0,0.49004511253253835,0.09973709470684733,0.390308017825691,1.0,1.0,0.9175510204081633,0.7422549336641507,0.8164743708280959,nan,nan,50.0,221.31986784934998,PASS
varconet_selected,abide2,3,external,727,0.6841676904176903,0.0008811703511287239,589,0.9949066213921902,0.99830220713073,0.9961846821354461,0.3902331926877308,0.10190911106192935,0.2883240816258015,0.9974489795918368,0.9982876712328768,0.9175510204081633,0.7422549336641507,0.8164743708280959,0.5254382057237802,0.5172236445017124,50.0,221.31986784934998,PASS
varconet_epoch50,caltech,3,external,37,0.7485380116959064,nan,37,1.0,1.0,1.0,0.49004511253253835,0.09973709470684733,0.390308017825691,1.0,1.0,nan,nan,nan,nan,nan,50.0,221.31986784934998,PASS
varconet_epoch50,abide2,3,external,727,0.6841676904176903,0.0008811703511287239,589,0.9949066213921902,0.99830220713073,0.9961846821354461,0.3902331926877308,0.10190911106192935,0.2883240816258015,0.9974489795918368,0.9982876712328768,nan,nan,nan,nan,nan,50.0,221.31986784934998,PASS
pearson_windowavg,internal_fold,4,0,89,0.5379939209726443,0.0026684826710817733,89,0.9101123595505618,0.9719101123595506,0.9361089116272154,0.44670563752061865,0.16613157223434594,0.2805740652862727,0.9351851851851851,0.9074074074074074,nan,nan,nan,nan,nan,nan,201.28111004829407,PASS
pearson_full,internal_fold,4,0,89,0.5379939209726443,0.0026684826710817733,89,0.9101123595505618,0.9719101123595506,0.9361089116272154,0.44670563752061865,0.16613157223434594,0.2805740652862727,0.9351851851851851,0.9074074074074074,nan,nan,nan,nan,nan,nan,201.28111004829407,PASS
varconet_selected,internal_fold,4,0,89,0.6560283687943264,0.0021842666554731938,89,1.0,1.0,1.0,0.3589167810892791,0.09928228641504401,0.25963449467423505,1.0,1.0,nan,nan,nan,nan,nan,31.0,201.28111004829407,PASS
varconet_epoch50,internal_fold,4,0,89,0.660081053698075,0.0022870310057472587,89,1.0,1.0,1.0,0.35801959740981626,0.09739253445850939,0.2606270629513069,1.0,1.0,nan,nan,nan,nan,nan,50.0,201.28111004829407,PASS
pearson_windowavg,internal_fold,4,1,89,0.6428571428571429,0.00799265853530004,89,0.9382022471910112,0.9943820224719101,0.9602059925093633,0.4686076942454563,0.1648371314355046,0.3037705628099516,0.9528301886792453,0.953125,nan,nan,nan,nan,nan,nan,192.69013500213623,PASS
pearson_full,internal_fold,4,1,89,0.6428571428571429,0.00799265853530004,89,0.9382022471910112,0.9943820224719101,0.9602059925093633,0.4686076942454563,0.1648371314355046,0.3037705628099516,0.9528301886792453,0.953125,nan,nan,nan,nan,nan,nan,192.69013500213623,PASS
varconet_selected,internal_fold,4,1,89,0.7102330293819655,0.0019874213219342463,89,1.0,1.0,1.0,0.38281432664796206,0.13105642100543058,0.2517579056425315,1.0,1.0,nan,nan,nan,nan,nan,12.0,192.69013500213623,PASS
varconet_epoch50,internal_fold,4,1,89,0.7239108409321175,0.002519015516525086,89,1.0,1.0,1.0,0.3893519328551346,0.10959463945551431,0.2797572933996203,1.0,1.0,nan,nan,nan,nan,nan,50.0,192.69013500213623,PASS
pearson_windowavg,internal_fold,4,2,88,0.5905797101449276,0.003083777244217878,88,0.9318181818181818,0.9772727272727273,0.9520672395133603,0.45360766143792053,0.17001809354445385,0.2835895678934667,0.9473684210526315,0.9423076923076923,nan,nan,nan,nan,nan,nan,193.67678213119507,PASS
pearson_full,internal_fold,4,2,88,0.5905797101449276,0.003083777244217878,88,0.9318181818181818,0.9772727272727273,0.9520672395133603,0.45360766143792053,0.17001809354445385,0.2835895678934667,0.9473684210526315,0.9423076923076923,nan,nan,nan,nan,nan,nan,193.67678213119507,PASS
varconet_selected,internal_fold,4,2,88,0.6521739130434783,0.0017136471629642935,88,0.9886363636363636,0.9943181818181819,0.9898411829134721,0.34120095978406345,0.10871812359472716,0.2324828361893363,0.9824561403508771,1.0,nan,nan,nan,nan,nan,10.0,193.67678213119507,PASS
varconet_epoch50,internal_fold,4,2,88,0.6625258799171843,0.0012383535573464721,88,0.9943181818181819,0.9943181818181819,0.9944341372912802,0.34904801845550537,0.0905331994112252,0.2585148190442802,0.9912280701754386,1.0,nan,nan,nan,nan,nan,50.0,193.67678213119507,PASS
pearson_windowavg,internal_fold,4,3,88,0.5771221532091098,0.0019978512285336314,88,0.8806818181818181,0.9318181818181818,0.9033268125177313,0.4427578964863311,0.16917261816388038,0.2735852783224508,0.8934426229508197,0.8714285714285714,nan,nan,nan,nan,nan,nan,193.90241026878357,PASS
pearson_full,internal_fold,4,3,88,0.5771221532091098,0.0019978512285336314,88,0.8806818181818181,0.9318181818181818,0.9033268125177313,0.4427578964863311,0.16917261816388038,0.2735852783224508,0.8934426229508197,0.8714285714285714,nan,nan,nan,nan,nan,nan,193.90241026878357,PASS
varconet_selected,internal_fold,4,3,88,0.6806418219461698,0.001999767652241524,88,0.9431818181818182,0.9715909090909092,0.9597763347763347,0.3827737220986323,0.15900133195495703,0.22377239014367528,0.9672131147540983,0.9428571428571428,nan,nan,nan,nan,nan,5.0,193.90241026878357,PASS
varconet_epoch50,internal_fold,4,3,88,0.7049689440993788,0.0022114549371295422,88,1.0,1.0,1.0,0.32040735537355597,0.08134120204602732,0.23906615332752865,1.0,1.0,nan,nan,nan,nan,nan,50.0,193.90241026878357,PASS
pearson_windowavg,internal_fold,4,4,88,0.6511387163561076,0.00316147261251315,88,0.8295454545454546,0.9488636363636364,0.8815848395143182,0.4507641213184053,0.15971494245722118,0.2910491788611841,0.9555555555555555,1.0,nan,nan,nan,nan,nan,nan,193.37353539466858,PASS
pearson_full,internal_fold,4,4,88,0.6511387163561076,0.00316147261251315,88,0.8295454545454546,0.9488636363636364,0.8815848395143182,0.4507641213184053,0.15971494245722118,0.2910491788611841,0.9555555555555555,1.0,nan,nan,nan,nan,nan,nan,193.37353539466858,PASS
varconet_selected,internal_fold,4,4,88,0.7008281573498965,0.0020371179906440162,88,0.9943181818181819,1.0,0.9971590909090908,0.3591459847309373,0.09489391114727702,0.26425207358366026,1.0,1.0,nan,nan,nan,nan,nan,18.0,193.37353539466858,PASS
varconet_epoch50,internal_fold,4,4,88,0.6961697722567287,0.0020113342948090696,88,0.9943181818181819,1.0,0.9971590909090908,0.3564539196139032,0.0878011431857528,0.26865277642815044,1.0,1.0,nan,nan,nan,nan,nan,50.0,193.37353539466858,PASS
pearson_windowavg,internal_fold,4,5,88,0.5402179553710431,-0.0007458157794590081,88,0.9261363636363636,0.9715909090909092,0.9456213924963925,0.44675990007817745,0.14971085503298998,0.2970490450451875,0.9302325581395349,0.9423076923076923,nan,nan,nan,nan,nan,nan,194.6190836429596,PASS
pearson_full,internal_fold,4,5,88,0.5402179553710431,-0.0007458157794590081,88,0.9261363636363636,0.9715909090909092,0.9456213924963925,0.44675990007817745,0.14971085503298998,0.2970490450451875,0.9302325581395349,0.9423076923076923,nan,nan,nan,nan,nan,nan,194.6190836429596,PASS
varconet_selected,internal_fold,4,5,88,0.6294758692267775,-0.00044550185522668206,88,1.0,1.0,1.0,0.35505444099279965,0.09188321570132527,0.2631712252914744,1.0,1.0,nan,nan,nan,nan,nan,31.0,194.6190836429596,PASS
varconet_epoch50,internal_fold,4,5,88,0.6263622210690193,-0.00045462469812013184,88,1.0,1.0,1.0,0.35318035767837,0.08918954275172328,0.2639908149266468,1.0,1.0,nan,nan,nan,nan,nan,50.0,194.6190836429596,PASS
pearson_windowavg,internal_fold,4,6,88,0.6751427088738973,0.008682507729771416,88,0.8977272727272727,0.9659090909090909,0.9289726096189165,0.4592393304813992,0.1696538312821136,0.2895854991992856,0.9338235294117647,0.8653846153846154,nan,nan,nan,nan,nan,nan,193.32466959953308,PASS
pearson_full,internal_fold,4,6,88,0.6751427088738973,0.008682507729771416,88,0.8977272727272727,0.9659090909090909,0.9289726096189165,0.4592393304813992,0.1696538312821136,0.2895854991992856,0.9338235294117647,0.8653846153846154,nan,nan,nan,nan,nan,nan,193.32466959953308,PASS
varconet_selected,internal_fold,4,6,88,0.7451997924234561,0.005754473643253599,88,1.0,1.0,1.0,0.3568244100632993,0.09724868880597001,0.2595757212573293,1.0,1.0,nan,nan,nan,nan,nan,47.0,193.32466959953308,PASS
varconet_epoch50,internal_fold,4,6,88,0.7451997924234561,0.005755597781056027,88,1.0,1.0,1.0,0.3567974145778201,0.097216117381417,0.2595812971964031,1.0,1.0,nan,nan,nan,nan,nan,50.0,193.32466959953308,PASS
pearson_windowavg,internal_fold,4,7,88,0.628956927867151,0.0012772171282459943,88,0.8920454545454546,0.9659090909090909,0.9266193977591037,0.4526450937105851,0.15459271173008438,0.29805238198050077,0.9393939393939394,0.9166666666666666,nan,nan,nan,nan,nan,nan,192.95873856544495,PASS
pearson_full,internal_fold,4,7,88,0.628956927867151,0.0012772171282459943,88,0.8920454545454546,0.9659090909090909,0.9266193977591037,0.4526450937105851,0.15459271173008438,0.29805238198050077,0.9393939393939394,0.9166666666666666,nan,nan,nan,nan,nan,nan,192.95873856544495,PASS
varconet_selected,internal_fold,4,7,88,0.756616502335236,0.0033305382990090338,88,0.9943181818181819,1.0,0.9957386363636364,0.3668403945524584,0.096921383042196,0.26991901151026243,1.0,1.0,nan,nan,nan,nan,nan,30.0,192.95873856544495,PASS
varconet_epoch50,internal_fold,4,7,88,0.7560975609756098,0.0032070188892045215,88,0.9943181818181819,1.0,0.9957386363636364,0.3647834814407609,0.0938449089185217,0.2709385725222392,1.0,1.0,nan,nan,nan,nan,nan,50.0,192.95873856544495,PASS
pearson_windowavg,internal_fold,4,8,88,0.5531914893617021,0.008099854739160112,88,0.8465909090909091,0.9488636363636364,0.8941372863247863,0.4198500287126411,0.15681731574398763,0.26303271296865344,0.9259259259259259,0.9473684210526315,nan,nan,nan,nan,nan,nan,193.4140980243683,PASS
pearson_full,internal_fold,4,8,88,0.5531914893617021,0.008099854739160112,88,0.8465909090909091,0.9488636363636364,0.8941372863247863,0.4198500287126411,0.15681731574398763,0.26303271296865344,0.9259259259259259,0.9473684210526315,nan,nan,nan,nan,nan,nan,193.4140980243683,PASS
varconet_selected,internal_fold,4,8,88,0.6658017644006227,0.006561071165764154,88,1.0,1.0,1.0,0.35903938385573303,0.12193943607541094,0.23709994778032206,1.0,1.0,nan,nan,nan,nan,nan,12.0,193.4140980243683,PASS
varconet_epoch50,internal_fold,4,8,88,0.6538661131292164,0.0049650865640184505,88,0.9943181818181819,1.0,0.9971590909090908,0.3352613863958554,0.09455324883709973,0.24070813755875564,0.9907407407407407,1.0,nan,nan,nan,nan,nan,50.0,193.4140980243683,PASS
pearson_windowavg,internal_fold,4,9,88,0.7228853139595226,0.00824404704698864,88,0.9034090909090908,0.9431818181818181,0.9240747038424905,0.4656876158815893,0.1633065624852539,0.30238105339633536,0.8962264150943396,0.8676470588235294,nan,nan,nan,nan,nan,nan,192.82487750053406,PASS
pearson_full,internal_fold,4,9,88,0.7228853139595226,0.00824404704698864,88,0.9034090909090908,0.9431818181818181,0.9240747038424905,0.4656876158815893,0.1633065624852539,0.30238105339633536,0.8962264150943396,0.8676470588235294,nan,nan,nan,nan,nan,nan,192.82487750053406,PASS
varconet_selected,internal_fold,4,9,88,0.7213284898806435,0.003006255561312593,88,0.9943181818181819,1.0,0.9971590909090908,0.36613039892505517,0.09256265962388377,0.2735677393011714,0.9905660377358491,0.9852941176470589,nan,nan,nan,nan,nan,29.0,192.82487750053406,PASS
varconet_epoch50,internal_fold,4,9,88,0.7249610793980281,0.003203379577466109,88,0.9943181818181819,1.0,0.9962121212121213,0.3679736769673499,0.09106733477742546,0.27690634218992444,0.9905660377358491,0.9852941176470589,nan,nan,nan,nan,nan,50.0,192.82487750053406,PASS
pearson_windowavg,caltech,4,external,37,0.6257309941520468,nan,37,0.9864864864864865,1.0,0.9898648648648649,0.5995065215471629,0.15736228786706058,0.4421442336801023,0.9864864864864865,1.0,0.9469387755102041,0.40963515663343886,0.860280486453484,nan,nan,nan,223.33161664009094,PASS
pearson_windowavg,abide2,4,external,727,0.5705773955773956,0.0029242301426514183,589,0.8582342954159592,0.9363327674023769,0.8936139781284542,0.48787537709207407,0.1813152166561801,0.30656016043589396,0.903061224489796,0.9203767123287672,0.9469387755102041,0.40963515663343886,0.860280486453484,0.5563977145569835,0.17217413787257133,nan,223.33161664009094,PASS
pearson_full,caltech,4,external,37,0.6257309941520468,nan,37,0.9864864864864865,1.0,0.9898648648648649,0.5995065215471629,0.15736228786706058,0.4421442336801023,0.9864864864864865,1.0,nan,nan,nan,nan,nan,nan,223.33161664009094,PASS
pearson_full,abide2,4,external,727,0.5705773955773956,0.0029242301426514183,589,0.8582342954159592,0.9363327674023769,0.8936139781284542,0.48787537709207407,0.1813152166561801,0.30656016043589396,0.903061224489796,0.9203767123287672,nan,nan,nan,nan,nan,nan,223.33161664009094,PASS
varconet_selected,caltech,4,external,37,0.760233918128655,nan,37,1.0,1.0,1.0,0.4893180905161677,0.09822307803455528,0.39109501248161244,1.0,1.0,0.9175510204081633,0.7422549336641507,0.8164743708280959,nan,nan,47.0,223.33161664009094,PASS
varconet_selected,abide2,4,external,727,0.6842367936117936,0.0009366300400331651,589,0.9966044142614601,0.9991511035653651,0.9977716468590832,0.39349837646723196,0.10082401540567248,0.2926743610615595,0.9974489795918368,0.9982876712328768,0.9175510204081633,0.7422549336641507,0.8164743708280959,0.5254382057237802,0.5172236445017124,47.0,223.33161664009094,PASS
varconet_epoch50,caltech,4,external,37,0.760233918128655,nan,37,1.0,1.0,1.0,0.4893240767556268,0.09822019764471117,0.3911038791109156,1.0,1.0,nan,nan,nan,nan,nan,50.0,223.33161664009094,PASS
varconet_epoch50,abide2,4,external,727,0.6841984029484028,0.0009359709695270502,589,0.9966044142614601,0.9991511035653651,0.9977716468590832,0.3934777694262552,0.10079790608549397,0.29267986334076124,0.9974489795918368,0.9982876712328768,nan,nan,nan,nan,nan,50.0,223.33161664009094,PASS
pearson_windowavg,internal_fold,5,0,89,0.5952380952380953,-0.0018790431277172503,89,0.9157303370786517,0.9775280898876404,0.9422812122250324,0.4544103421019704,0.1512783855882654,0.303131956513705,0.955223880597015,0.9722222222222222,nan,nan,nan,nan,nan,nan,202.04289150238037,PASS
pearson_full,internal_fold,5,0,89,0.5952380952380953,-0.0018790431277172503,89,0.9157303370786517,0.9775280898876404,0.9422812122250324,0.4544103421019704,0.1512783855882654,0.303131956513705,0.955223880597015,0.9722222222222222,nan,nan,nan,nan,nan,nan,202.04289150238037,PASS
varconet_selected,internal_fold,5,0,89,0.7102330293819655,0.0005822026369150801,89,1.0,1.0,1.0,0.3711099385210637,0.09041657043028523,0.2806933680907785,1.0,1.0,nan,nan,nan,nan,nan,38.0,202.04289150238037,PASS
varconet_epoch50,internal_fold,5,0,89,0.707193515704154,0.0006153029174048863,89,1.0,1.0,1.0,0.37097141046202586,0.09005788598449585,0.28091352447753004,1.0,1.0,nan,nan,nan,nan,nan,50.0,202.04289150238037,PASS
pearson_windowavg,internal_fold,5,1,89,0.5238095238095237,0.0054455687053009405,89,0.8595505617977528,0.9438202247191011,0.8976298976125044,0.44710904426789017,0.17906837510685342,0.26804066916103675,0.8916666666666666,0.8717948717948718,nan,nan,nan,nan,nan,nan,194.34467792510986,PASS
pearson_full,internal_fold,5,1,89,0.5238095238095237,0.0054455687053009405,89,0.8595505617977528,0.9438202247191011,0.8976298976125044,0.44710904426789017,0.17906837510685342,0.26804066916103675,0.8916666666666666,0.8717948717948718,nan,nan,nan,nan,nan,nan,194.34467792510986,PASS
varconet_selected,internal_fold,5,1,89,0.696048632218845,0.000889233703906589,89,0.9887640449438202,1.0,0.9943820224719101,0.3835528181510025,0.1411202397671708,0.2424325783838317,1.0,1.0,nan,nan,nan,nan,nan,11.0,194.34467792510986,PASS
varconet_epoch50,internal_fold,5,1,89,0.7132725430597773,0.0010432205156857277,89,0.9943820224719101,1.0,0.997191011235955,0.36683413486802174,0.11059932539380318,0.25623480947421856,1.0,1.0,nan,nan,nan,nan,nan,50.0,194.34467792510986,PASS
pearson_windowavg,internal_fold,5,2,88,0.6702898550724637,0.013032125645017795,88,0.9147727272727273,0.9659090909090909,0.9390140241702741,0.4707855431532318,0.1621374146837401,0.3086481284694917,0.9344262295081968,0.9354838709677419,nan,nan,nan,nan,nan,nan,194.7877116203308,PASS
pearson_full,internal_fold,5,2,88,0.6702898550724637,0.013032125645017795,88,0.9147727272727273,0.9659090909090909,0.9390140241702741,0.4707855431532318,0.1621374146837401,0.3086481284694917,0.9344262295081968,0.9354838709677419,nan,nan,nan,nan,nan,nan,194.7877116203308,PASS
varconet_selected,internal_fold,5,2,88,0.8281573498964803,0.009150786292240448,88,1.0,1.0,1.0,0.3799012948504903,0.11095958410435267,0.26894171074613765,1.0,1.0,nan,nan,nan,nan,nan,37.0,194.7877116203308,PASS
varconet_epoch50,internal_fold,5,2,88,0.8286749482401657,0.009133798938027043,88,0.9943181818181819,1.0,0.9971590909090908,0.37985176677730953,0.110159639082995,0.2696921276943145,0.9918032786885246,1.0,nan,nan,nan,nan,nan,50.0,194.7877116203308,PASS
pearson_windowavg,internal_fold,5,3,88,0.5605590062111802,0.003848187046872731,88,0.8977272727272727,0.9431818181818181,0.9193173619309982,0.45404519339684735,0.1652778093388674,0.28876738405797997,0.9603174603174602,0.972972972972973,nan,nan,nan,nan,nan,nan,193.60242748260498,PASS
pearson_full,internal_fold,5,3,88,0.5605590062111802,0.003848187046872731,88,0.8977272727272727,0.9431818181818181,0.9193173619309982,0.45404519339684735,0.1652778093388674,0.28876738405797997,0.9603174603174602,0.972972972972973,nan,nan,nan,nan,nan,nan,193.60242748260498,PASS
varconet_selected,internal_fold,5,3,88,0.6438923395445134,0.0013558328400316844,88,0.9886363636363636,0.9943181818181819,0.9916605571847508,0.35937507332048635,0.09653465789531104,0.26284041542517533,0.9920634920634921,1.0,nan,nan,nan,nan,nan,36.0,193.60242748260498,PASS
varconet_epoch50,internal_fold,5,3,88,0.64648033126294,0.0013348858200373237,88,0.9886363636363636,0.9943181818181819,0.9916605571847508,0.359276628037068,0.09587882719717457,0.2633978008398934,0.9920634920634921,1.0,nan,nan,nan,nan,nan,50.0,193.60242748260498,PASS
pearson_windowavg,internal_fold,5,4,88,0.6092132505175983,0.003936417496730127,88,0.9147727272727273,0.9943181818181819,0.9456709956709957,0.4409774223511869,0.16132620303950934,0.2796512193116776,0.9454545454545454,0.9558823529411764,nan,nan,nan,nan,nan,nan,194.48997330665588,PASS
pearson_full,internal_fold,5,4,88,0.6092132505175983,0.003936417496730127,88,0.9147727272727273,0.9943181818181819,0.9456709956709957,0.4409774223511869,0.16132620303950934,0.2796512193116776,0.9454545454545454,0.9558823529411764,nan,nan,nan,nan,nan,nan,194.48997330665588,PASS
varconet_selected,internal_fold,5,4,88,0.717391304347826,0.002219973191141561,88,1.0,1.0,1.0,0.33616214262490923,0.08702671435338521,0.24913542827152402,1.0,1.0,nan,nan,nan,nan,nan,26.0,194.48997330665588,PASS
varconet_epoch50,internal_fold,5,4,88,0.7106625258799172,0.0021268562128128055,88,1.0,1.0,1.0,0.3340742491524328,0.08344042983405825,0.25063381931837453,1.0,1.0,nan,nan,nan,nan,nan,50.0,194.48997330665588,PASS
pearson_windowavg,internal_fold,5,5,88,0.5723923196678775,0.0007954199565628484,88,0.9034090909090908,0.9602272727272727,0.9297487865669684,0.44237538342448796,0.17094938437179302,0.27142599905269493,0.9285714285714286,0.9459459459459459,nan,nan,nan,nan,nan,nan,194.5296449661255,PASS
pearson_full,internal_fold,5,5,88,0.5723923196678775,0.0007954199565628484,88,0.9034090909090908,0.9602272727272727,0.9297487865669684,0.44237538342448796,0.17094938437179302,0.27142599905269493,0.9285714285714286,0.9459459459459459,nan,nan,nan,nan,nan,nan,194.5296449661255,PASS
varconet_selected,internal_fold,5,5,88,0.6393357550596782,0.0013144803837630559,88,1.0,1.0,1.0,0.3191164637153799,0.08654927948522387,0.23256718423015604,1.0,1.0,nan,nan,nan,nan,nan,22.0,194.5296449661255,PASS
varconet_epoch50,internal_fold,5,5,88,0.6398546964193046,0.0012107319185936105,88,1.0,1.0,1.0,0.3201902493495833,0.08277781576085096,0.23741243358873235,1.0,1.0,nan,nan,nan,nan,nan,50.0,194.5296449661255,PASS
pearson_windowavg,internal_fold,5,6,88,0.6372599896211728,0.007283204902172102,88,0.8920454545454546,0.9659090909090909,0.9227714228173787,0.4504252726381475,0.14715486927709479,0.3032704033610527,0.9519230769230769,0.9523809523809523,nan,nan,nan,nan,nan,nan,194.97883105278015,PASS
pearson_full,internal_fold,5,6,88,0.6372599896211728,0.007283204902172102,88,0.8920454545454546,0.9659090909090909,0.9227714228173787,0.4504252726381475,0.14715486927709479,0.3032704033610527,0.9519230769230769,0.9523809523809523,nan,nan,nan,nan,nan,nan,194.97883105278015,PASS
varconet_selected,internal_fold,5,6,88,0.6943435391800726,0.0034175912696893795,88,1.0,1.0,1.0,0.3571965139020573,0.09422028412513996,0.26297622977691737,1.0,1.0,nan,nan,nan,nan,nan,29.0,194.97883105278015,PASS
varconet_epoch50,internal_fold,5,6,88,0.6927867151011936,0.003232532473362776,88,1.0,1.0,1.0,0.3553343875841661,0.09139503957217125,0.2639393480119948,1.0,1.0,nan,nan,nan,nan,nan,50.0,194.97883105278015,PASS
pearson_windowavg,internal_fold,5,7,88,0.5568240788790867,0.006528258755735206,88,0.8806818181818181,0.9375,0.9059817441994475,0.4670498835092241,0.1740892537593574,0.2929606297498667,0.9090909090909091,0.9090909090909092,nan,nan,nan,nan,nan,nan,194.260479927063,PASS
pearson_full,internal_fold,5,7,88,0.5568240788790867,0.006528258755735206,88,0.8806818181818181,0.9375,0.9059817441994475,0.4670498835092241,0.1740892537593574,0.2929606297498667,0.9090909090909091,0.9090909090909092,nan,nan,nan,nan,nan,nan,194.260479927063,PASS
varconet_selected,internal_fold,5,7,88,0.68188894654904,0.004679124785663347,88,0.9602272727272727,0.9943181818181819,0.9721590909090909,0.4153469880534844,0.17837363213973165,0.23697335591375276,0.9727272727272727,0.9545454545454546,nan,nan,nan,nan,nan,4.0,194.260479927063,PASS
varconet_epoch50,internal_fold,5,7,88,0.7145822522055008,0.004114679465807736,88,1.0,1.0,1.0,0.34863901256837626,0.08965687817602458,0.2589821343923516,1.0,1.0,nan,nan,nan,nan,nan,50.0,194.260479927063,PASS
pearson_windowavg,internal_fold,5,8,88,0.4867669953295278,-0.0010606960584493563,88,0.8693181818181819,0.9659090909090909,0.9120493893427362,0.45334394166076725,0.16099369312516498,0.29235024853560226,0.9649122807017544,1.0,nan,nan,nan,nan,nan,nan,194.2790515422821,PASS
pearson_full,internal_fold,5,8,88,0.4867669953295278,-0.0010606960584493563,88,0.8693181818181819,0.9659090909090909,0.9120493893427362,0.45334394166076725,0.16099369312516498,0.29235024853560226,0.9649122807017544,1.0,nan,nan,nan,nan,nan,nan,194.2790515422821,PASS
varconet_selected,internal_fold,5,8,88,0.5391800726517904,0.0009873268319628425,88,0.9943181818181819,1.0,0.9957386363636364,0.3514316385103898,0.08891567569337941,0.2625159628170104,0.9912280701754386,1.0,nan,nan,nan,nan,nan,28.0,194.2790515422821,PASS
varconet_epoch50,internal_fold,5,8,88,0.5381421899325376,0.0010675156638682293,88,0.9943181818181819,1.0,0.9957386363636364,0.3500129565257918,0.08599945393029908,0.2640135025954927,0.9912280701754386,1.0,nan,nan,nan,nan,nan,50.0,194.2790515422821,PASS
pearson_windowavg,internal_fold,5,9,88,0.5044110015568241,0.007812848326599564,88,0.8522727272727273,0.9715909090909092,0.9020733104614684,0.4262595859102227,0.15587100089803074,0.270388585012192,0.8796296296296295,0.8676470588235294,nan,nan,nan,nan,nan,nan,193.94575428962708,PASS
pearson_full,internal_fold,5,9,88,0.5044110015568241,0.007812848326599564,88,0.8522727272727273,0.9715909090909092,0.9020733104614684,0.4262595859102227,0.15587100089803074,0.270388585012192,0.8796296296296295,0.8676470588235294,nan,nan,nan,nan,nan,nan,193.94575428962708,PASS
varconet_selected,internal_fold,5,9,88,0.7088738972496108,0.006276597104344861,88,0.9829545454545454,0.9943181818181819,0.9882575757575758,0.3815259940244935,0.15277068397977128,0.22875531004472222,0.9814814814814814,0.9705882352941176,nan,nan,nan,nan,nan,5.0,193.94575428962708,PASS
varconet_epoch50,internal_fold,5,9,88,0.7218474312402698,0.004010048592898746,88,1.0,1.0,1.0,0.32949409083547915,0.08691473901522412,0.24257935182025503,1.0,1.0,nan,nan,nan,nan,nan,50.0,193.94575428962708,PASS
pearson_windowavg,caltech,5,external,37,0.6257309941520468,nan,37,0.9864864864864865,1.0,0.9898648648648649,0.5995065215471629,0.15736228786706058,0.4421442336801023,0.9864864864864865,1.0,0.9469387755102041,0.40963515663343886,0.860280486453484,nan,nan,nan,220.74507594108582,PASS
pearson_windowavg,abide2,5,external,727,0.5705773955773956,0.0029242301426514183,589,0.8582342954159592,0.9363327674023769,0.8936139781284542,0.48787537709207407,0.1813152166561801,0.30656016043589396,0.903061224489796,0.9203767123287672,0.9469387755102041,0.40963515663343886,0.860280486453484,0.5563977145569835,0.17217413787257133,nan,220.74507594108582,PASS
pearson_full,caltech,5,external,37,0.6257309941520468,nan,37,0.9864864864864865,1.0,0.9898648648648649,0.5995065215471629,0.15736228786706058,0.4421442336801023,0.9864864864864865,1.0,nan,nan,nan,nan,nan,nan,220.74507594108582,PASS
pearson_full,abide2,5,external,727,0.5705773955773956,0.0029242301426514183,589,0.8582342954159592,0.9363327674023769,0.8936139781284542,0.48787537709207407,0.1813152166561801,0.30656016043589396,0.903061224489796,0.9203767123287672,nan,nan,nan,nan,nan,nan,220.74507594108582,PASS
varconet_selected,caltech,5,external,37,0.7573099415204679,nan,37,1.0,1.0,1.0,0.49202410192102997,0.10030594052797234,0.3917181613930576,1.0,1.0,0.9175510204081633,0.7422549336641507,0.8164743708280959,nan,nan,27.0,220.74507594108582,PASS
varconet_selected,abide2,5,external,727,0.6864173832923832,0.0010994743984530653,589,0.9932088285229201,0.9991511035653651,0.995220117356209,0.39490020070193377,0.10536194339721575,0.28953825730471805,0.9965986394557823,0.9974315068493151,0.9175510204081633,0.7422549336641507,0.8164743708280959,0.5254382057237802,0.5172236445017124,27.0,220.74507594108582,PASS
varconet_epoch50,caltech,5,external,37,0.7660818713450293,nan,37,1.0,1.0,1.0,0.4878182113170624,0.09602111656996268,0.3917970947470997,1.0,1.0,nan,nan,nan,nan,nan,50.0,220.74507594108582,PASS
varconet_epoch50,abide2,5,external,727,0.6878378378378379,0.0009892666020711038,589,0.9966044142614601,0.9991511035653651,0.9972929635917751,0.38958733808407353,0.09904912713257065,0.2905382109515029,0.9974489795918368,0.9982876712328768,nan,nan,nan,nan,nan,50.0,220.74507594108582,PASS
pearson_windowavg,internal_fold,6,0,89,0.6089159067882471,0.0029942374295363616,89,0.8651685393258427,0.949438202247191,0.8996811450443437,0.4502419686216987,0.1629581698293271,0.2872837987923716,0.9296875,0.85,nan,nan,nan,nan,nan,nan,203.37824892997742,PASS
pearson_full,internal_fold,6,0,89,0.6089159067882471,0.0029942374295363616,89,0.8651685393258427,0.949438202247191,0.8996811450443437,0.4502419686216987,0.1629581698293271,0.2872837987923716,0.9296875,0.85,nan,nan,nan,nan,nan,nan,203.37824892997742,PASS
varconet_selected,internal_fold,6,0,89,0.6869300911854104,0.0018535326134930807,89,0.9662921348314607,0.9887640449438202,0.978330658105939,0.4540533326315076,0.19905297256448706,0.25500036006702054,1.0,1.0,nan,nan,nan,nan,nan,2.0,203.37824892997742,PASS
varconet_epoch50,internal_fold,6,0,89,0.7183383991894631,0.001538110972625767,89,1.0,1.0,1.0,0.37162898916207004,0.09472580850019716,0.2769031806618729,1.0,1.0,nan,nan,nan,nan,nan,50.0,203.37824892997742,PASS
pearson_windowavg,internal_fold,6,1,89,0.5263424518743668,0.012326242624331157,89,0.8202247191011236,0.9269662921348314,0.8702332869909704,0.42572387793425764,0.16393049321761674,0.26179338471664093,0.8615384615384616,0.8289473684210527,nan,nan,nan,nan,nan,nan,194.08710932731628,PASS
pearson_full,internal_fold,6,1,89,0.5263424518743668,0.012326242624331157,89,0.8202247191011236,0.9269662921348314,0.8702332869909704,0.42572387793425764,0.16393049321761674,0.26179338471664093,0.8615384615384616,0.8289473684210527,nan,nan,nan,nan,nan,nan,194.08710932731628,PASS
varconet_selected,internal_fold,6,1,89,0.7421479229989868,0.012366631565399855,89,0.949438202247191,0.9831460674157303,0.9650238338440587,0.42160787458500165,0.18906366168564154,0.23254421289936011,0.9615384615384616,0.9605263157894737,nan,nan,nan,nan,nan,2.0,194.08710932731628,PASS
varconet_epoch50,internal_fold,6,1,89,0.7451874366767984,0.006892243337251358,89,1.0,1.0,1.0,0.35506849861546846,0.09563312172866878,0.2594353768867997,1.0,1.0,nan,nan,nan,nan,nan,50.0,194.08710932731628,PASS
pearson_windowavg,internal_fold,6,2,88,0.5817805383022774,0.003155064264879548,88,0.9261363636363635,0.9829545454545454,0.9552218614718615,0.46132237193259323,0.1559532053883385,0.3053691665442547,0.9716981132075472,1.0,nan,nan,nan,nan,nan,nan,193.33648037910461,PASS
pearson_full,internal_fold,6,2,88,0.5817805383022774,0.003155064264879548,88,0.9261363636363635,0.9829545454545454,0.9552218614718615,0.46132237193259323,0.1559532053883385,0.3053691665442547,0.9716981132075472,1.0,nan,nan,nan,nan,nan,nan,193.33648037910461,PASS
varconet_selected,internal_fold,6,2,88,0.7065217391304348,0.00209419804965591,88,1.0,1.0,1.0,0.4070033376867121,0.1422365093647523,0.26476682832195986,1.0,1.0,nan,nan,nan,nan,nan,14.0,193.33648037910461,PASS
varconet_epoch50,internal_fold,6,2,88,0.7148033126293996,0.002081259107306166,88,1.0,1.0,1.0,0.3927575788376006,0.11358824042435989,0.2791693384132407,1.0,1.0,nan,nan,nan,nan,nan,50.0,193.33648037910461,PASS
pearson_windowavg,internal_fold,6,3,88,0.56055900621118,-0.0009654286436191206,88,0.9204545454545454,0.9829545454545454,0.9428255772005772,0.447918274524537,0.15830155286647885,0.28961672165805813,0.9385964912280702,0.9230769230769231,nan,nan,nan,nan,nan,nan,194.6642816066742,PASS
pearson_full,internal_fold,6,3,88,0.56055900621118,-0.0009654286436191206,88,0.9204545454545454,0.9829545454545454,0.9428255772005772,0.447918274524537,0.15830155286647885,0.28961672165805813,0.9385964912280702,0.9230769230769231,nan,nan,nan,nan,nan,nan,194.6642816066742,PASS
varconet_selected,internal_fold,6,3,88,0.6677018633540373,0.0011348152035829673,88,1.0,1.0,1.0,0.3516242331401868,0.09282074892831882,0.258803484211868,1.0,1.0,nan,nan,nan,nan,nan,24.0,194.6642816066742,PASS
varconet_epoch50,internal_fold,6,3,88,0.6656314699792961,0.0010798424254953587,88,1.0,1.0,1.0,0.3501111814244227,0.08877534592084299,0.26133583550357975,1.0,1.0,nan,nan,nan,nan,nan,50.0,194.6642816066742,PASS
pearson_windowavg,internal_fold,6,4,88,0.7246376811594202,0.007246187929418085,88,0.9318181818181819,0.9943181818181819,0.9583874458874457,0.46296637945554475,0.1663603052640103,0.29660607419153445,0.975609756097561,0.95,nan,nan,nan,nan,nan,nan,193.55756640434265,PASS
pearson_full,internal_fold,6,4,88,0.7246376811594202,0.007246187929418085,88,0.9318181818181819,0.9943181818181819,0.9583874458874457,0.46296637945554475,0.1663603052640103,0.29660607419153445,0.975609756097561,0.95,nan,nan,nan,nan,nan,nan,193.55756640434265,PASS
varconet_selected,internal_fold,6,4,88,0.7717391304347827,0.00430933644214837,88,1.0,1.0,1.0,0.34651750935749576,0.10184125271769359,0.24467625663980216,1.0,1.0,nan,nan,nan,nan,nan,16.0,193.55756640434265,PASS
varconet_epoch50,internal_fold,6,4,88,0.770703933747412,0.0043465732463218165,88,1.0,1.0,1.0,0.3326412320814349,0.08435915936309603,0.2482820727183389,1.0,1.0,nan,nan,nan,nan,nan,50.0,193.55756640434265,PASS
pearson_windowavg,internal_fold,6,5,88,0.6279190451478983,0.004038394418647229,88,0.9204545454545454,0.9659090909090909,0.9425002081252081,0.43964867683296854,0.15433049385818975,0.28531818297477884,0.9365079365079365,0.918918918918919,nan,nan,nan,nan,nan,nan,193.5359263420105,PASS
pearson_full,internal_fold,6,5,88,0.6279190451478983,0.004038394418647229,88,0.9204545454545454,0.9659090909090909,0.9425002081252081,0.43964867683296854,0.15433049385818975,0.28531818297477884,0.9365079365079365,0.918918918918919,nan,nan,nan,nan,nan,nan,193.5359263420105,PASS
varconet_selected,internal_fold,6,5,88,0.7472755578619615,0.0034171241987581424,88,1.0,1.0,1.0,0.34003035368567164,0.08553696948678019,0.25449338419889145,1.0,1.0,nan,nan,nan,nan,nan,47.0,193.5359263420105,PASS
varconet_epoch50,internal_fold,6,5,88,0.7483134405812143,0.0034241158666084293,88,1.0,1.0,1.0,0.33997290750796144,0.08550023116898682,0.25447267633897463,1.0,1.0,nan,nan,nan,nan,nan,50.0,193.5359263420105,PASS
pearson_windowavg,internal_fold,6,6,88,0.6066424494032174,0.009938449940797539,88,0.8920454545454546,0.9545454545454546,0.9172672172015659,0.4656454448334195,0.16288648407544076,0.30275896075797876,0.9553571428571428,1.0,nan,nan,nan,nan,nan,nan,194.00268840789795,PASS
pearson_full,internal_fold,6,6,88,0.6066424494032174,0.009938449940797539,88,0.8920454545454546,0.9545454545454546,0.9172672172015659,0.4656454448334195,0.16288648407544076,0.30275896075797876,0.9553571428571428,1.0,nan,nan,nan,nan,nan,nan,194.00268840789795,PASS
varconet_selected,internal_fold,6,6,88,0.6839647119875455,0.004488400810329335,88,0.9943181818181819,1.0,0.9962121212121213,0.34768836657431995,0.08922330847899493,0.25846505809532505,0.9910714285714286,1.0,nan,nan,nan,nan,nan,40.0,194.00268840789795,PASS
varconet_epoch50,internal_fold,6,6,88,0.683445770627919,0.004527964190277678,88,0.9943181818181819,1.0,0.9962121212121213,0.34784209355711937,0.08907087728923213,0.25877121626788724,0.9910714285714286,1.0,nan,nan,nan,nan,nan,50.0,194.00268840789795,PASS
pearson_windowavg,internal_fold,6,7,88,0.5464452516865596,0.0013622250258555346,88,0.8977272727272727,0.9488636363636364,0.9248053739346309,0.46672200762920757,0.17362981799274066,0.2930921896364669,0.9152542372881356,0.9285714285714286,nan,nan,nan,nan,nan,nan,195.31553196907043,PASS
pearson_full,internal_fold,6,7,88,0.5464452516865596,0.0013622250258555346,88,0.8977272727272727,0.9488636363636364,0.9248053739346309,0.46672200762920757,0.17362981799274066,0.2930921896364669,0.9152542372881356,0.9285714285714286,nan,nan,nan,nan,nan,nan,195.31553196907043,PASS
varconet_selected,internal_fold,6,7,88,0.6466009340944473,0.000666348069872813,88,0.9943181818181819,0.9943181818181819,0.9944638694638694,0.3716059856286103,0.10624448744295012,0.2653614981856602,0.9915254237288136,0.9857142857142858,nan,nan,nan,nan,nan,31.0,195.31553196907043,PASS
varconet_epoch50,internal_fold,6,7,88,0.6476388168137002,0.0005990895114056372,88,0.9943181818181819,0.9943181818181819,0.9944567627494457,0.37076841362498025,0.10406529152733755,0.2667031220976427,0.9915254237288136,0.9857142857142858,nan,nan,nan,nan,nan,50.0,195.31553196907043,PASS
pearson_windowavg,internal_fold,6,8,88,0.6216917488323819,0.003855314319274883,88,0.8920454545454546,0.9659090909090909,0.9271998834498836,0.4588604108853774,0.16024563797350383,0.29861477291187355,0.95,0.9655172413793104,nan,nan,nan,nan,nan,nan,193.65216398239136,PASS
pearson_full,internal_fold,6,8,88,0.6216917488323819,0.003855314319274883,88,0.8920454545454546,0.9659090909090909,0.9271998834498836,0.4588604108853774,0.16024563797350383,0.29861477291187355,0.95,0.9655172413793104,nan,nan,nan,nan,nan,nan,193.65216398239136,PASS
varconet_selected,internal_fold,6,8,88,0.6803321224701608,0.0030708024393478195,88,0.9943181818181819,1.0,0.9957386363636364,0.36759803850542416,0.09423571502142211,0.273362323484002,1.0,1.0,nan,nan,nan,nan,nan,31.0,193.65216398239136,PASS
varconet_epoch50,internal_fold,6,8,88,0.6751427088738973,0.0030895352523025443,88,0.9943181818181819,1.0,0.9957386363636364,0.367035941474817,0.09240409385356001,0.27463184762125703,1.0,1.0,nan,nan,nan,nan,nan,50.0,193.65216398239136,PASS
pearson_windowavg,internal_fold,6,9,88,0.713544369486248,0.004519837560357065,88,0.8806818181818181,0.9488636363636364,0.9060877226638095,0.4280226684429429,0.16617446698371646,0.26184820145922644,0.8679245283018868,0.8846153846153846,nan,nan,nan,nan,nan,nan,192.46378874778748,PASS
pearson_full,internal_fold,6,9,88,0.713544369486248,0.004519837560357065,88,0.8806818181818181,0.9488636363636364,0.9060877226638095,0.4280226684429429,0.16617446698371646,0.26184820145922644,0.8679245283018868,0.8846153846153846,nan,nan,nan,nan,nan,nan,192.46378874778748,PASS
varconet_selected,internal_fold,6,9,88,0.666320705760249,0.0032749241216020464,88,1.0,1.0,1.0,0.3492244625972076,0.09903032954659628,0.2501941330506113,1.0,1.0,nan,nan,nan,nan,nan,29.0,192.46378874778748,PASS
varconet_epoch50,internal_fold,6,9,88,0.6626881162428646,0.0031406891664592096,88,1.0,1.0,1.0,0.3477304574440826,0.09602717434208405,0.2517032831019986,1.0,1.0,nan,nan,nan,nan,nan,50.0,192.46378874778748,PASS
pearson_windowavg,caltech,6,external,37,0.6257309941520468,nan,37,0.9864864864864865,1.0,0.9898648648648649,0.5995065215471629,0.15736228786706058,0.4421442336801023,0.9864864864864865,1.0,0.9469387755102041,0.40963515663343886,0.860280486453484,nan,nan,nan,221.6340732574463,PASS
pearson_windowavg,abide2,6,external,727,0.5705773955773956,0.0029242301426514183,589,0.8582342954159592,0.9363327674023769,0.8936139781284542,0.48787537709207407,0.1813152166561801,0.30656016043589396,0.903061224489796,0.9203767123287672,0.9469387755102041,0.40963515663343886,0.860280486453484,0.5563977145569835,0.17217413787257133,nan,221.6340732574463,PASS
pearson_full,caltech,6,external,37,0.6257309941520468,nan,37,0.9864864864864865,1.0,0.9898648648648649,0.5995065215471629,0.15736228786706058,0.4421442336801023,0.9864864864864865,1.0,nan,nan,nan,nan,nan,nan,221.6340732574463,PASS
pearson_full,abide2,6,external,727,0.5705773955773956,0.0029242301426514183,589,0.8582342954159592,0.9363327674023769,0.8936139781284542,0.48787537709207407,0.1813152166561801,0.30656016043589396,0.903061224489796,0.9203767123287672,nan,nan,nan,nan,nan,nan,221.6340732574463,PASS
varconet_selected,caltech,6,external,37,0.7251461988304094,nan,37,1.0,1.0,1.0,0.5014531741271148,0.10365988555023106,0.3977932885768837,1.0,1.0,0.9175510204081633,0.7422549336641507,0.8164743708280959,nan,nan,44.0,221.6340732574463,PASS
varconet_selected,abide2,6,external,727,0.6804437960687961,0.0008780345105783016,589,0.9957555178268251,1.0,0.9973684210526317,0.4012826340358407,0.1102850686126586,0.2909975654231821,0.9982993197278911,0.9991438356164384,0.9175510204081633,0.7422549336641507,0.8164743708280959,0.5254382057237802,0.5172236445017124,44.0,221.6340732574463,PASS
varconet_epoch50,caltech,6,external,37,0.7251461988304094,nan,37,1.0,1.0,1.0,0.5013206246736888,0.10346989477243465,0.39785072990125414,1.0,1.0,nan,nan,nan,nan,nan,50.0,221.6340732574463,PASS
varconet_epoch50,abide2,6,external,727,0.6806971744471745,0.0008717157851991508,589,0.9957555178268251,1.0,0.9973684210526317,0.4010381555668567,0.10997635038892015,0.29106180517793656,0.9982993197278911,0.9991438356164384,nan,nan,nan,nan,nan,50.0,221.6340732574463,PASS
pearson_windowavg,internal_fold,7,0,89,0.6945288753799392,0.006926798202521567,89,0.9157303370786517,0.9887640449438202,0.945916630186293,0.44213015828909497,0.16154199902324673,0.28058815926584824,0.9406779661016949,0.9705882352941176,nan,nan,nan,nan,nan,nan,200.64792013168335,PASS
pearson_full,internal_fold,7,0,89,0.6945288753799392,0.006926798202521567,89,0.9157303370786517,0.9887640449438202,0.945916630186293,0.44213015828909497,0.16154199902324673,0.28058815926584824,0.9406779661016949,0.9705882352941176,nan,nan,nan,nan,nan,nan,200.64792013168335,PASS
varconet_selected,internal_fold,7,0,89,0.7649442755825734,0.004998164907290881,89,1.0,1.0,1.0,0.3707003342301658,0.10957191694507412,0.2611284172850917,1.0,1.0,nan,nan,nan,nan,nan,31.0,200.64792013168335,PASS
varconet_epoch50,internal_fold,7,0,89,0.761904761904762,0.004930147476117086,89,1.0,1.0,1.0,0.36738224428021504,0.10570859626699924,0.2616736480132158,1.0,1.0,nan,nan,nan,nan,nan,50.0,200.64792013168335,PASS
pearson_windowavg,internal_fold,7,1,89,0.6038500506585613,0.0034579487886644,89,0.8426966292134832,0.9662921348314607,0.8956579457166745,0.4260549130064718,0.15611545479463068,0.2699394582118411,0.868421052631579,0.8999999999999999,nan,nan,nan,nan,nan,nan,194.9479033946991,PASS
pearson_full,internal_fold,7,1,89,0.6038500506585613,0.0034579487886644,89,0.8426966292134832,0.9662921348314607,0.8956579457166745,0.4260549130064718,0.15611545479463068,0.2699394582118411,0.868421052631579,0.8999999999999999,nan,nan,nan,nan,nan,nan,194.9479033946991,PASS
varconet_selected,internal_fold,7,1,89,0.7527862208713273,0.003828373803943824,89,1.0,1.0,1.0,0.3377738621797455,0.09171748294925985,0.24605637923048562,1.0,1.0,nan,nan,nan,nan,nan,49.0,194.9479033946991,PASS
varconet_epoch50,internal_fold,7,1,89,0.7527862208713273,0.00382842736703512,89,1.0,1.0,1.0,0.3377758657999253,0.09171773863262359,0.2460581271673017,1.0,1.0,nan,nan,nan,nan,nan,50.0,194.9479033946991,PASS
pearson_windowavg,internal_fold,7,2,88,0.5445134575569358,0.002173840550195094,88,0.9034090909090908,0.9659090909090909,0.9313737004788141,0.46390608765862207,0.16891560775408,0.2949904799045421,0.95,0.9852941176470589,nan,nan,nan,nan,nan,nan,194.30853414535522,PASS
pearson_full,internal_fold,7,2,88,0.5445134575569358,0.002173840550195094,88,0.9034090909090908,0.9659090909090909,0.9313737004788141,0.46390608765862207,0.16891560775408,0.2949904799045421,0.95,0.9852941176470589,nan,nan,nan,nan,nan,nan,194.30853414535522,PASS
varconet_selected,internal_fold,7,2,88,0.713768115942029,0.0031314751229642446,88,0.9886363636363636,1.0,0.993371212121212,0.3938862259753726,0.14298306007956155,0.2509031658958111,1.0,1.0,nan,nan,nan,nan,nan,14.0,194.30853414535522,PASS
varconet_epoch50,internal_fold,7,2,88,0.713768115942029,0.002714268810238174,88,0.9943181818181819,1.0,0.9962121212121211,0.3633167797868902,0.10701511117513901,0.2563016686117512,1.0,1.0,nan,nan,nan,nan,nan,50.0,194.30853414535522,PASS
pearson_windowavg,internal_fold,7,3,88,0.6004140786749482,-0.00042328652375800413,88,0.9034090909090908,0.9602272727272727,0.927288469106651,0.4407620733942498,0.16236536662285422,0.27839670677139555,0.9152542372881356,0.8653846153846154,nan,nan,nan,nan,nan,nan,194.805517911911,PASS
pearson_full,internal_fold,7,3,88,0.6004140786749482,-0.00042328652375800413,88,0.9034090909090908,0.9602272727272727,0.927288469106651,0.4407620733942498,0.16236536662285422,0.27839670677139555,0.9152542372881356,0.8653846153846154,nan,nan,nan,nan,nan,nan,194.805517911911,PASS
varconet_selected,internal_fold,7,3,88,0.6661490683229814,-0.00035888441922696246,88,1.0,1.0,1.0,0.35695223171602597,0.09375676580827855,0.26319546590774745,1.0,1.0,nan,nan,nan,nan,nan,49.0,194.805517911911,PASS
varconet_epoch50,internal_fold,7,3,88,0.6661490683229814,-0.0003589696246634744,88,1.0,1.0,1.0,0.3569562492722815,0.0937591107465354,0.26319713852574605,1.0,1.0,nan,nan,nan,nan,nan,50.0,194.805517911911,PASS
pearson_windowavg,internal_fold,7,4,88,0.6086956521739131,0.005516265889845551,88,0.8636363636363636,0.9488636363636365,0.8950047348484849,0.4554977708242156,0.15257598449328424,0.30292178633093136,0.9361702127659575,0.9545454545454546,nan,nan,nan,nan,nan,nan,194.58390522003174,PASS
pearson_full,internal_fold,7,4,88,0.6086956521739131,0.005516265889845551,88,0.8636363636363636,0.9488636363636365,0.8950047348484849,0.4554977708242156,0.15257598449328424,0.30292178633093136,0.9361702127659575,0.9545454545454546,nan,nan,nan,nan,nan,nan,194.58390522003174,PASS
varconet_selected,internal_fold,7,4,88,0.6687370600414079,0.002732100075872601,88,0.9886363636363636,1.0,0.9943181818181818,0.42358661663125863,0.15656151627910558,0.2670251003521531,0.9893617021276595,0.9886363636363636,nan,nan,nan,nan,nan,10.0,194.58390522003174,PASS
varconet_epoch50,internal_fold,7,4,88,0.6884057971014493,0.0025453817573451998,88,1.0,1.0,1.0,0.3878565752370791,0.10759763391102131,0.2802589413260578,1.0,1.0,nan,nan,nan,nan,nan,50.0,194.58390522003174,PASS
pearson_windowavg,internal_fold,7,5,88,0.5490399584846911,0.012821489157723381,88,0.8409090909090909,0.9488636363636365,0.8889497655122656,0.45229490101337433,0.16545518542369522,0.28683971558967913,0.9044117647058824,0.9242424242424243,nan,nan,nan,nan,nan,nan,194.0052785873413,PASS
pearson_full,internal_fold,7,5,88,0.5490399584846911,0.012821489157723381,88,0.8409090909090909,0.9488636363636365,0.8889497655122656,0.45229490101337433,0.16545518542369522,0.28683971558967913,0.9044117647058824,0.9242424242424243,nan,nan,nan,nan,nan,nan,194.0052785873413,PASS
varconet_selected,internal_fold,7,5,88,0.7291126102750389,0.006977998708884464,88,1.0,1.0,1.0,0.3850840948183428,0.12412343940346296,0.2609606554148799,1.0,1.0,nan,nan,nan,nan,nan,19.0,194.0052785873413,PASS
varconet_epoch50,internal_fold,7,5,88,0.7285936689154124,0.007046853295008093,88,1.0,1.0,1.0,0.3792252073233778,0.11136979442257668,0.26785541290080106,1.0,1.0,nan,nan,nan,nan,nan,50.0,194.0052785873413,PASS
pearson_windowavg,internal_fold,7,6,88,0.5355474831344058,0.004271138509612332,88,0.9034090909090908,0.9602272727272727,0.9277792017923596,0.44498229619454255,0.15739404442636787,0.28758825176817465,0.9245283018867925,0.896551724137931,nan,nan,nan,nan,nan,nan,195.4474368095398,PASS
pearson_full,internal_fold,7,6,88,0.5355474831344058,0.004271138509612332,88,0.9034090909090908,0.9602272727272727,0.9277792017923596,0.44498229619454255,0.15739404442636787,0.28758825176817465,0.9245283018867925,0.896551724137931,nan,nan,nan,nan,nan,nan,195.4474368095398,PASS
varconet_selected,internal_fold,7,6,88,0.6984950700570836,0.0054783442393614434,88,0.9886363636363636,0.9943181818181819,0.9921085858585859,0.3580113277685913,0.11268504682973089,0.24532628093886039,0.9905660377358491,0.9827586206896552,nan,nan,nan,nan,nan,9.0,195.4474368095398,PASS
varconet_epoch50,internal_fold,7,6,88,0.67618059159315,0.0042509980521205915,88,1.0,1.0,1.0,0.3365553240715103,0.07970554372430765,0.2568497803472026,1.0,1.0,nan,nan,nan,nan,nan,50.0,195.4474368095398,PASS
pearson_windowavg,internal_fold,7,7,88,0.6222106901920084,0.0021374256556245808,88,0.9147727272727273,0.9659090909090909,0.938263448437867,0.48045869857411494,0.15981759303851872,0.3206411055355962,0.9339622641509434,0.8947368421052632,nan,nan,nan,nan,nan,nan,193.51906204223633,PASS
pearson_full,internal_fold,7,7,88,0.6222106901920084,0.0021374256556245808,88,0.9147727272727273,0.9659090909090909,0.938263448437867,0.48045869857411494,0.15981759303851872,0.3206411055355962,0.9339622641509434,0.8947368421052632,nan,nan,nan,nan,nan,nan,193.51906204223633,PASS
varconet_selected,internal_fold,7,7,88,0.6678775298391282,0.001166663832770809,88,0.9943181818181819,1.0,0.9971590909090908,0.35712453011762013,0.08879191477896398,0.26833261533865616,0.9905660377358491,0.9736842105263157,nan,nan,nan,nan,nan,24.0,193.51906204223633,PASS
varconet_epoch50,internal_fold,7,7,88,0.6803321224701608,0.00139433796585961,88,0.9886363636363636,1.0,0.9943181818181819,0.3556343901225112,0.08543247838449627,0.2702019117380149,0.9905660377358491,0.9736842105263157,nan,nan,nan,nan,nan,50.0,193.51906204223633,PASS
pearson_windowavg,internal_fold,7,8,88,0.5962636222106902,0.0024560545079956864,88,0.9204545454545454,0.9602272727272727,0.9401042907387783,0.4504599763842469,0.16903051450758744,0.28142946187665946,0.94,0.9487179487179487,nan,nan,nan,nan,nan,nan,194.47146725654602,PASS
pearson_full,internal_fold,7,8,88,0.5962636222106902,0.0024560545079956864,88,0.9204545454545454,0.9602272727272727,0.9401042907387783,0.4504599763842469,0.16903051450758744,0.28142946187665946,0.94,0.9487179487179487,nan,nan,nan,nan,nan,nan,194.47146725654602,PASS
varconet_selected,internal_fold,7,8,88,0.6652828230409964,0.0017594752888413778,88,0.9943181818181819,0.9943181818181819,0.9944098240469208,0.3646675233983181,0.09894002166607338,0.2657275017322447,0.99,0.9871794871794872,nan,nan,nan,nan,nan,35.0,194.47146725654602,PASS
varconet_epoch50,internal_fold,7,8,88,0.6658017644006228,0.0017274642829426534,88,0.9943181818181819,0.9943181818181819,0.9944113263785395,0.36478142093189736,0.09798473115186153,0.26679668978003585,0.99,0.9871794871794872,nan,nan,nan,nan,nan,50.0,194.47146725654602,PASS
pearson_windowavg,internal_fold,7,9,88,0.5988583290088221,0.002522722783114162,88,0.8977272727272727,0.9659090909090909,0.9237752827316223,0.45061347244138067,0.17195987179679675,0.27865360064458394,0.8962264150943396,0.8928571428571428,nan,nan,nan,nan,nan,nan,194.3247308731079,PASS
pearson_full,internal_fold,7,9,88,0.5988583290088221,0.002522722783114162,88,0.8977272727272727,0.9659090909090909,0.9237752827316223,0.45061347244138067,0.17195987179679675,0.27865360064458394,0.8962264150943396,0.8928571428571428,nan,nan,nan,nan,nan,nan,194.3247308731079,PASS
varconet_selected,internal_fold,7,9,88,0.6798131811105346,0.0025724260275039046,88,1.0,1.0,1.0,0.3727603791789575,0.11835169771410303,0.25440868146485446,1.0,1.0,nan,nan,nan,nan,nan,28.0,194.3247308731079,PASS
varconet_epoch50,internal_fold,7,9,88,0.683445770627919,0.002503268262117886,88,1.0,1.0,1.0,0.36855531788685103,0.11267403488730099,0.25588128299955004,1.0,1.0,nan,nan,nan,nan,nan,50.0,194.3247308731079,PASS
pearson_windowavg,caltech,7,external,37,0.6257309941520468,nan,37,0.9864864864864865,1.0,0.9898648648648649,0.5995065215471629,0.15736228786706058,0.4421442336801023,0.9864864864864865,1.0,0.9469387755102041,0.40963515663343886,0.860280486453484,nan,nan,nan,220.86862540245056,PASS
pearson_windowavg,abide2,7,external,727,0.5705773955773956,0.0029242301426514183,589,0.8582342954159592,0.9363327674023769,0.8936139781284542,0.48787537709207407,0.1813152166561801,0.30656016043589396,0.903061224489796,0.9203767123287672,0.9469387755102041,0.40963515663343886,0.860280486453484,0.5563977145569835,0.17217413787257133,nan,220.86862540245056,PASS
pearson_full,caltech,7,external,37,0.6257309941520468,nan,37,0.9864864864864865,1.0,0.9898648648648649,0.5995065215471629,0.15736228786706058,0.4421442336801023,0.9864864864864865,1.0,nan,nan,nan,nan,nan,nan,220.86862540245056,PASS
pearson_full,abide2,7,external,727,0.5705773955773956,0.0029242301426514183,589,0.8582342954159592,0.9363327674023769,0.8936139781284542,0.48787537709207407,0.1813152166561801,0.30656016043589396,0.903061224489796,0.9203767123287672,nan,nan,nan,nan,nan,nan,220.86862540245056,PASS
varconet_selected,caltech,7,external,37,0.7426900584795323,nan,37,1.0,1.0,1.0,0.4878726279413378,0.09786805725731962,0.39000457068401817,1.0,1.0,0.9175510204081633,0.7422549336641507,0.8164743708280959,nan,nan,39.0,220.86862540245056,PASS
varconet_selected,abide2,7,external,727,0.6867398648648649,0.0009986398850896916,589,0.9957555178268251,1.0,0.9974108658743635,0.387021477183988,0.09974043446065395,0.28728104272333405,0.9982993197278911,0.9991438356164384,0.9175510204081633,0.7422549336641507,0.8164743708280959,0.5254382057237802,0.5172236445017124,39.0,220.86862540245056,PASS
varconet_epoch50,caltech,7,external,37,0.7368421052631581,nan,37,1.0,1.0,1.0,0.48806114535073974,0.09756842503245841,0.3904927203182813,1.0,1.0,nan,nan,nan,nan,nan,50.0,220.86862540245056,PASS
varconet_epoch50,abide2,7,external,727,0.686455773955774,0.000987139995297398,589,0.9949066213921901,1.0,0.9970571590265989,0.38699220151265734,0.09923458662782422,0.2877576148848331,0.9982993197278911,0.9991438356164384,nan,nan,nan,nan,nan,50.0,220.86862540245056,PASS
pearson_windowavg,internal_fold,8,0,89,0.43363728470111446,0.007721962973549462,89,0.9157303370786517,0.9719101123595506,0.9424704508974173,0.45439929540237683,0.1669852983360346,0.28741399706634224,0.9545454545454546,0.9571428571428571,nan,nan,nan,nan,nan,nan,202.84666442871094,PASS
pearson_full,internal_fold,8,0,89,0.43363728470111446,0.007721962973549462,89,0.9157303370786517,0.9719101123595506,0.9424704508974173,0.45439929540237683,0.1669852983360346,0.28741399706634224,0.9545454545454546,0.9571428571428571,nan,nan,nan,nan,nan,nan,202.84666442871094,PASS
varconet_selected,internal_fold,8,0,89,0.7548125633232017,0.004359298027551861,89,0.9943820224719101,1.0,0.9957865168539326,0.37151645642987796,0.1011318627110396,0.2703845937188384,1.0,1.0,nan,nan,nan,nan,nan,27.0,202.84666442871094,PASS
varconet_epoch50,internal_fold,8,0,89,0.7436676798378927,0.004310337240128748,89,0.9943820224719101,1.0,0.9955056179775281,0.36817064228352536,0.09688033368528856,0.2712903085982368,1.0,1.0,nan,nan,nan,nan,nan,50.0,202.84666442871094,PASS
pearson_windowavg,internal_fold,8,1,89,0.6043566362715299,0.002662495143313459,89,0.9213483146067416,0.9831460674157303,0.9468699839486356,0.454514908154359,0.16333294938043302,0.291181958773926,0.9568965517241379,0.935483870967742,nan,nan,nan,nan,nan,nan,195.14569520950317,PASS
pearson_full,internal_fold,8,1,89,0.6043566362715299,0.002662495143313459,89,0.9213483146067416,0.9831460674157303,0.9468699839486356,0.454514908154359,0.16333294938043302,0.291181958773926,0.9568965517241379,0.935483870967742,nan,nan,nan,nan,nan,nan,195.14569520950317,PASS
varconet_selected,internal_fold,8,1,89,0.5582573454913881,-0.00015471143371215135,89,1.0,1.0,1.0,0.38020283251665954,0.1106411406817438,0.26956169183491574,1.0,1.0,nan,nan,nan,nan,nan,13.0,195.14569520950317,PASS
varconet_epoch50,internal_fold,8,1,89,0.5678824721377913,0.00017775710924430865,89,1.0,1.0,1.0,0.3659210873118947,0.09216272793363008,0.27375835937826465,1.0,1.0,nan,nan,nan,nan,nan,50.0,195.14569520950317,PASS
pearson_windowavg,internal_fold,8,2,88,0.46169772256728775,0.006937687888939281,88,0.8522727272727273,0.9659090909090909,0.9021063015744606,0.4347149035470052,0.16590273998488844,0.2688121635621168,0.9210526315789473,0.94,nan,nan,nan,nan,nan,nan,194.0265884399414,PASS
pearson_full,internal_fold,8,2,88,0.46169772256728775,0.006937687888939281,88,0.8522727272727273,0.9659090909090909,0.9021063015744606,0.4347149035470052,0.16590273998488844,0.2688121635621168,0.9210526315789473,0.94,nan,nan,nan,nan,nan,nan,194.0265884399414,PASS
varconet_selected,internal_fold,8,2,88,0.7054865424430642,0.0030824066013717955,88,0.9943181818181819,1.0,0.9971590909090908,0.36081908507780597,0.1109472013381772,0.24987188373962876,1.0,1.0,nan,nan,nan,nan,nan,28.0,194.0265884399414,PASS
varconet_epoch50,internal_fold,8,2,88,0.7054865424430642,0.003032420325849605,88,0.9943181818181819,1.0,0.9971590909090908,0.35975176756354893,0.10711652910287707,0.2526352384606718,1.0,1.0,nan,nan,nan,nan,nan,50.0,194.0265884399414,PASS
pearson_windowavg,internal_fold,8,3,88,0.599896480331263,0.007044380112587012,88,0.8863636363636364,0.9772727272727273,0.926048197492163,0.46346419694071467,0.15874240137875317,0.30472179556196155,0.9322033898305084,0.9090909090909092,nan,nan,nan,nan,nan,nan,194.10034584999084,PASS
pearson_full,internal_fold,8,3,88,0.599896480331263,0.007044380112587012,88,0.8863636363636364,0.9772727272727273,0.926048197492163,0.46346419694071467,0.15874240137875317,0.30472179556196155,0.9322033898305084,0.9090909090909092,nan,nan,nan,nan,nan,nan,194.10034584999084,PASS
varconet_selected,internal_fold,8,3,88,0.6325051759834369,0.0019522702194106623,88,1.0,1.0,1.0,0.34010326489806175,0.08420780925497426,0.25589545564308747,1.0,1.0,nan,nan,nan,nan,nan,48.0,194.10034584999084,PASS
varconet_epoch50,internal_fold,8,3,88,0.6325051759834369,0.0019527380185214993,88,1.0,1.0,1.0,0.3401069129732522,0.08420964478660577,0.2558972681866464,1.0,1.0,nan,nan,nan,nan,nan,50.0,194.10034584999084,PASS
pearson_windowavg,internal_fold,8,4,88,0.7023809523809523,0.014083033304947673,88,0.8636363636363636,0.9602272727272727,0.9017023027239295,0.44438615771518514,0.15913085694980852,0.28525530076537664,0.8414634146341463,0.8636363636363636,nan,nan,nan,nan,nan,nan,193.1041350364685,PASS
pearson_full,internal_fold,8,4,88,0.7023809523809523,0.014083033304947673,88,0.8636363636363636,0.9602272727272727,0.9017023027239295,0.44438615771518514,0.15913085694980852,0.28525530076537664,0.8414634146341463,0.8636363636363636,nan,nan,nan,nan,nan,nan,193.1041350364685,PASS
varconet_selected,internal_fold,8,4,88,0.7541407867494825,0.005646818205921,88,1.0,1.0,1.0,0.36288325827230106,0.1015702029424958,0.26131305532980525,1.0,1.0,nan,nan,nan,nan,nan,33.0,193.1041350364685,PASS
varconet_epoch50,internal_fold,8,4,88,0.7525879917184264,0.005578040765609332,88,1.0,1.0,1.0,0.3612421779808673,0.0992547711396401,0.2619874068412272,1.0,1.0,nan,nan,nan,nan,nan,50.0,193.1041350364685,PASS
pearson_windowavg,internal_fold,8,5,88,0.696419304618578,0.004278988438080056,88,0.8977272727272727,0.9545454545454546,0.9262862610873974,0.43966479413211346,0.15941881095751004,0.2802459831746034,0.9396551724137931,0.9310344827586207,nan,nan,nan,nan,nan,nan,193.3740153312683,PASS
pearson_full,internal_fold,8,5,88,0.696419304618578,0.004278988438080056,88,0.8977272727272727,0.9545454545454546,0.9262862610873974,0.43966479413211346,0.15941881095751004,0.2802459831746034,0.9396551724137931,0.9310344827586207,nan,nan,nan,nan,nan,nan,193.3740153312683,PASS
varconet_selected,internal_fold,8,5,88,0.7067981318111053,0.003062853043144076,88,1.0,1.0,1.0,0.31690320457247173,0.08158105216804082,0.2353221524044309,1.0,1.0,nan,nan,nan,nan,nan,32.0,193.3740153312683,PASS
varconet_epoch50,internal_fold,8,5,88,0.7031655422937207,0.0030509746052450604,88,1.0,1.0,1.0,0.3171241616999561,0.08038730891309523,0.23673685278686088,1.0,1.0,nan,nan,nan,nan,nan,50.0,193.3740153312683,PASS
pearson_windowavg,internal_fold,8,6,88,0.49766476388168135,0.006179172792341148,88,0.9602272727272727,0.9829545454545454,0.9684724399164055,0.45830675857988273,0.16896534217718312,0.2893414164026996,0.9827586206896551,0.9714285714285714,nan,nan,nan,nan,nan,nan,194.69090056419373,PASS
pearson_full,internal_fold,8,6,88,0.49766476388168135,0.006179172792341148,88,0.9602272727272727,0.9829545454545454,0.9684724399164055,0.45830675857988273,0.16896534217718312,0.2893414164026996,0.9827586206896551,0.9714285714285714,nan,nan,nan,nan,nan,nan,194.69090056419373,PASS
varconet_selected,internal_fold,8,6,88,0.6564608199273483,0.002007242091810413,88,1.0,1.0,1.0,0.36905277046290313,0.09554041777102446,0.2735123526918787,1.0,1.0,nan,nan,nan,nan,nan,41.0,194.69090056419373,PASS
varconet_epoch50,internal_fold,8,6,88,0.6554229372080955,0.0019655834776046432,88,1.0,1.0,1.0,0.3686572213403203,0.09504802284038226,0.27360919849993803,1.0,1.0,nan,nan,nan,nan,nan,50.0,194.69090056419373,PASS
pearson_windowavg,internal_fold,8,7,88,0.6595744680851063,0.0054862697186515985,88,0.8920454545454546,0.9602272727272727,0.9162867514430014,0.45459656163372775,0.16789902981872917,0.2866975318149986,0.9322033898305084,0.9210526315789473,nan,nan,nan,nan,nan,nan,194.13220596313477,PASS
pearson_full,internal_fold,8,7,88,0.6595744680851063,0.0054862697186515985,88,0.8920454545454546,0.9602272727272727,0.9162867514430014,0.45459656163372775,0.16789902981872917,0.2866975318149986,0.9322033898305084,0.9210526315789473,nan,nan,nan,nan,nan,nan,194.13220596313477,PASS
varconet_selected,internal_fold,8,7,88,0.7057602490918526,0.0046076149346216955,88,0.9772727272727273,1.0,0.987689393939394,0.4261819613589482,0.17963505754380632,0.24654690381514188,0.9915254237288136,1.0,nan,nan,nan,nan,nan,5.0,194.13220596313477,PASS
varconet_epoch50,internal_fold,8,7,88,0.7581733264141152,0.0038504366378404042,88,1.0,1.0,1.0,0.3630436257543889,0.09878160837561363,0.2642620173787753,1.0,1.0,nan,nan,nan,nan,nan,50.0,194.13220596313477,PASS
pearson_windowavg,internal_fold,8,8,88,0.6107939802802284,0.0030572377898573366,88,0.8806818181818181,0.9488636363636364,0.9089542704132871,0.46103471966291015,0.1569590388778125,0.3040756807850976,0.9196428571428572,0.85,nan,nan,nan,nan,nan,nan,193.9895691871643,PASS
pearson_full,internal_fold,8,8,88,0.6107939802802284,0.0030572377898573366,88,0.8806818181818181,0.9488636363636364,0.9089542704132871,0.46103471966291015,0.1569590388778125,0.3040756807850976,0.9196428571428572,0.85,nan,nan,nan,nan,nan,nan,193.9895691871643,PASS
varconet_selected,internal_fold,8,8,88,0.7545407368967307,0.0030348248960358204,88,1.0,1.0,1.0,0.35141380402174865,0.08325090499552475,0.2681628990262239,1.0,1.0,nan,nan,nan,nan,nan,43.0,193.9895691871643,PASS
varconet_epoch50,internal_fold,8,8,88,0.7555786196159834,0.0030329495077464352,88,1.0,1.0,1.0,0.3514253734187646,0.08316750535736583,0.2682578680613988,1.0,1.0,nan,nan,nan,nan,nan,50.0,193.9895691871643,PASS
pearson_windowavg,internal_fold,8,9,88,0.7073170731707317,0.007252114638207047,88,0.8806818181818181,0.9545454545454546,0.9138535270373273,0.4416153750551695,0.1578365942231098,0.28377878083205965,0.9426229508196722,0.962962962962963,nan,nan,nan,nan,nan,nan,194.66191363334656,PASS
pearson_full,internal_fold,8,9,88,0.7073170731707317,0.007252114638207047,88,0.8806818181818181,0.9545454545454546,0.9138535270373273,0.4416153750551695,0.1578365942231098,0.28377878083205965,0.9426229508196722,0.962962962962963,nan,nan,nan,nan,nan,nan,194.66191363334656,PASS
varconet_selected,internal_fold,8,9,88,0.6938245978204464,0.004207175493346704,88,0.9886363636363636,0.9943181818181819,0.9916666666666667,0.3605677681043744,0.10209839013120492,0.2584693779731695,0.9918032786885246,1.0,nan,nan,nan,nan,nan,48.0,194.66191363334656,PASS
varconet_epoch50,internal_fold,8,9,88,0.69330565646082,0.004201152289457527,88,0.9886363636363636,0.9943181818181819,0.9916666666666667,0.3605560092255473,0.10208750322965715,0.25846850599589016,0.9918032786885246,1.0,nan,nan,nan,nan,nan,50.0,194.66191363334656,PASS
pearson_windowavg,caltech,8,external,37,0.6257309941520468,nan,37,0.9864864864864865,1.0,0.9898648648648649,0.5995065215471629,0.15736228786706058,0.4421442336801023,0.9864864864864865,1.0,0.9469387755102041,0.40963515663343886,0.860280486453484,nan,nan,nan,218.74764132499695,PASS
pearson_windowavg,abide2,8,external,727,0.5705773955773956,0.0029242301426514183,589,0.8582342954159592,0.9363327674023769,0.8936139781284542,0.48787537709207407,0.1813152166561801,0.30656016043589396,0.903061224489796,0.9203767123287672,0.9469387755102041,0.40963515663343886,0.860280486453484,0.5563977145569835,0.17217413787257133,nan,218.74764132499695,PASS
pearson_full,caltech,8,external,37,0.6257309941520468,nan,37,0.9864864864864865,1.0,0.9898648648648649,0.5995065215471629,0.15736228786706058,0.4421442336801023,0.9864864864864865,1.0,nan,nan,nan,nan,nan,nan,218.74764132499695,PASS
pearson_full,abide2,8,external,727,0.5705773955773956,0.0029242301426514183,589,0.8582342954159592,0.9363327674023769,0.8936139781284542,0.48787537709207407,0.1813152166561801,0.30656016043589396,0.903061224489796,0.9203767123287672,nan,nan,nan,nan,nan,nan,218.74764132499695,PASS
varconet_selected,caltech,8,external,37,0.7339181286549709,nan,37,1.0,1.0,1.0,0.4927019766859106,0.10048233623429015,0.39221964045162044,1.0,1.0,0.9175510204081633,0.7422549336641507,0.8164743708280959,nan,nan,23.0,218.74764132499695,PASS
varconet_selected,abide2,8,external,727,0.6850890663390663,0.0008452066783135315,589,0.9966044142614601,0.9991511035653651,0.9977868057239874,0.3961246378960148,0.10515386410118888,0.29097077379482594,0.9974489795918368,0.9982876712328768,0.9175510204081633,0.7422549336641507,0.8164743708280959,0.5254382057237802,0.5172236445017124,23.0,218.74764132499695,PASS
varconet_epoch50,caltech,8,external,37,0.7690058479532164,nan,37,1.0,1.0,1.0,0.49207417787732305,0.09776680018506698,0.3943073776922561,1.0,1.0,nan,nan,nan,nan,nan,50.0,218.74764132499695,PASS
varconet_epoch50,abide2,8,external,727,0.685357800982801,0.0008983481994976339,589,0.9966044142614601,1.0,0.9978777589134126,0.3933512896855942,0.1003972948431131,0.2929539948424811,0.9982993197278911,0.9991438356164384,nan,nan,nan,nan,nan,50.0,218.74764132499695,PASS
pearson_windowavg,internal_fold,9,0,89,0.5506585612968591,0.0056654461740546225,89,0.9269662921348314,0.9887640449438202,0.9527621722846442,0.44515296448482555,0.1519688056539654,0.29318415883086013,0.9743589743589743,0.9666666666666667,nan,nan,nan,nan,nan,nan,201.39640283584595,PASS
pearson_full,internal_fold,9,0,89,0.5506585612968591,0.0056654461740546225,89,0.9269662921348314,0.9887640449438202,0.9527621722846442,0.44515296448482555,0.1519688056539654,0.29318415883086013,0.9743589743589743,0.9666666666666667,nan,nan,nan,nan,nan,nan,201.39640283584595,PASS
varconet_selected,internal_fold,9,0,89,0.6732522796352582,0.003413811589866367,89,0.9943820224719101,1.0,0.997191011235955,0.3601903175370077,0.09692011010429732,0.26327020743271035,1.0,1.0,nan,nan,nan,nan,nan,40.0,201.39640283584595,PASS
varconet_epoch50,internal_fold,9,0,89,0.6737588652482269,0.0034286240325832884,89,0.9943820224719101,1.0,0.997191011235955,0.3601920824037509,0.09657596537236418,0.2636161170313867,1.0,1.0,nan,nan,nan,nan,nan,50.0,201.39640283584595,PASS
pearson_windowavg,internal_fold,9,1,89,0.5790273556231004,0.004725401676303254,89,0.8539325842696629,0.9325842696629213,0.8956206907019719,0.44254000602143534,0.1730410435508713,0.26949896247056404,0.8728813559322034,0.8653846153846154,nan,nan,nan,nan,nan,nan,195.11690711975098,PASS
pearson_full,internal_fold,9,1,89,0.5790273556231004,0.004725401676303254,89,0.8539325842696629,0.9325842696629213,0.8956206907019719,0.44254000602143534,0.1730410435508713,0.26949896247056404,0.8728813559322034,0.8653846153846154,nan,nan,nan,nan,nan,nan,195.11690711975098,PASS
varconet_selected,internal_fold,9,1,89,0.7674772036474165,0.0035630068865045716,89,1.0,1.0,1.0,0.36418108960215967,0.11471307895572493,0.24946801064643476,1.0,1.0,nan,nan,nan,nan,nan,26.0,195.11690711975098,PASS
varconet_epoch50,internal_fold,9,1,89,0.7689969604863223,0.003392003143681016,89,1.0,1.0,1.0,0.35806390777062835,0.10709515834546841,0.25096874942515995,1.0,1.0,nan,nan,nan,nan,nan,50.0,195.11690711975098,PASS
pearson_windowavg,internal_fold,9,2,88,0.629399585921325,0.004391423994873633,88,0.9261363636363635,0.9772727272727273,0.9517151208569552,0.46281534306366334,0.17332893410510125,0.2894864089585621,0.9299999999999999,0.9310344827586208,nan,nan,nan,nan,nan,nan,195.2265386581421,PASS
pearson_full,internal_fold,9,2,88,0.629399585921325,0.004391423994873633,88,0.9261363636363635,0.9772727272727273,0.9517151208569552,0.46281534306366334,0.17332893410510125,0.2894864089585621,0.9299999999999999,0.9310344827586208,nan,nan,nan,nan,nan,nan,195.2265386581421,PASS
varconet_selected,internal_fold,9,2,88,0.6904761904761905,0.0013914145981061277,88,1.0,1.0,1.0,0.37796053425832227,0.11318574150218438,0.2647747927561379,1.0,1.0,nan,nan,nan,nan,nan,20.0,195.2265386581421,PASS
varconet_epoch50,internal_fold,9,2,88,0.6946169772256728,0.0016923412491793577,88,1.0,1.0,1.0,0.37231446480886504,0.10343467496975851,0.26887978983910654,1.0,1.0,nan,nan,nan,nan,nan,50.0,195.2265386581421,PASS
pearson_windowavg,internal_fold,9,3,88,0.5450310559006211,0.0042910067872874436,88,0.8579545454545454,0.9545454545454546,0.9007573450892812,0.4399326267990876,0.15243740307355536,0.28749522372553227,0.9210526315789473,0.88,nan,nan,nan,nan,nan,nan,194.48698949813843,PASS
pearson_full,internal_fold,9,3,88,0.5450310559006211,0.0042910067872874436,88,0.8579545454545454,0.9545454545454546,0.9007573450892812,0.4399326267990876,0.15243740307355536,0.28749522372553227,0.9210526315789473,0.88,nan,nan,nan,nan,nan,nan,194.48698949813843,PASS
varconet_selected,internal_fold,9,3,88,0.6858178053830228,0.002107273247023589,88,0.9943181818181819,0.9943181818181819,0.9944416996047432,0.36622963278469717,0.09099523030265741,0.2752344024820398,0.9912280701754386,0.98,nan,nan,nan,nan,nan,31.0,194.48698949813843,PASS
varconet_epoch50,internal_fold,9,3,88,0.6868530020703933,0.0022149551220181363,88,0.9943181818181819,0.9943181818181819,0.9944473140495869,0.36633374355733395,0.09010859998660756,0.27622514357072636,0.9912280701754386,0.98,nan,nan,nan,nan,nan,50.0,194.48698949813843,PASS
pearson_windowavg,internal_fold,9,4,88,0.4979296066252588,0.00046132236566970297,88,0.8977272727272727,0.9545454545454546,0.9281080898268398,0.4627527719871564,0.1555069121642213,0.3072458598229351,0.9487179487179487,0.9516129032258065,nan,nan,nan,nan,nan,nan,194.09039735794067,PASS
pearson_full,internal_fold,9,4,88,0.4979296066252588,0.00046132236566970297,88,0.8977272727272727,0.9545454545454546,0.9281080898268398,0.4627527719871564,0.1555069121642213,0.3072458598229351,0.9487179487179487,0.9516129032258065,nan,nan,nan,nan,nan,nan,194.09039735794067,PASS
varconet_selected,internal_fold,9,4,88,0.6319875776397516,0.0025988188516696265,88,1.0,1.0,1.0,0.37394980612126266,0.09809913343137817,0.2758506726898845,1.0,1.0,nan,nan,nan,nan,nan,49.0,194.09039735794067,PASS
varconet_epoch50,internal_fold,9,4,88,0.6319875776397516,0.0025985661178179464,88,1.0,1.0,1.0,0.37395079095255246,0.09809937177940253,0.2758514191731499,1.0,1.0,nan,nan,nan,nan,nan,50.0,194.09039735794067,PASS
pearson_windowavg,internal_fold,9,5,88,0.6699532952776337,0.009712542117917389,88,0.8806818181818181,0.9602272727272727,0.9219510957792207,0.443661428141323,0.17177284204535015,0.2718885860959728,0.923728813559322,0.9166666666666666,nan,nan,nan,nan,nan,nan,194.09066772460938,PASS
pearson_full,internal_fold,9,5,88,0.6699532952776337,0.009712542117917389,88,0.8806818181818181,0.9602272727272727,0.9219510957792207,0.443661428141323,0.17177284204535015,0.2718885860959728,0.923728813559322,0.9166666666666666,nan,nan,nan,nan,nan,nan,194.09066772460938,PASS
varconet_selected,internal_fold,9,5,88,0.7140633108458744,0.002176528628184765,88,1.0,1.0,1.0,0.3683694155717438,0.11734881434762848,0.2510206012241153,1.0,1.0,nan,nan,nan,nan,nan,18.0,194.09066772460938,PASS
varconet_epoch50,internal_fold,9,5,88,0.7145822522055008,0.0021207567901194158,88,1.0,1.0,1.0,0.3556305705146356,0.10170812594479042,0.25392244456984514,1.0,1.0,nan,nan,nan,nan,nan,50.0,194.09066772460938,PASS
pearson_windowavg,internal_fold,9,6,88,0.7016087182148417,0.017171887598174562,88,0.8522727272727273,0.9375,0.8854813662523757,0.44203987768427894,0.15742394320286401,0.28461593448141487,0.875,0.8857142857142857,nan,nan,nan,nan,nan,nan,195.1834273338318,PASS
pearson_full,internal_fold,9,6,88,0.7016087182148417,0.017171887598174562,88,0.8522727272727273,0.9375,0.8854813662523757,0.44203987768427894,0.15742394320286401,0.28461593448141487,0.875,0.8857142857142857,nan,nan,nan,nan,nan,nan,195.1834273338318,PASS
varconet_selected,internal_fold,9,6,88,0.749351323300467,0.003881251041583905,88,0.9943181818181819,1.0,0.9962121212121213,0.32777292577719147,0.08970638270727811,0.23806654306991337,0.9910714285714286,1.0,nan,nan,nan,nan,nan,47.0,195.1834273338318,PASS
varconet_epoch50,internal_fold,9,6,88,0.749351323300467,0.003880920961741946,88,0.9943181818181819,1.0,0.9962121212121213,0.3277461253614588,0.08967576757651952,0.2380703577849393,0.9910714285714286,1.0,nan,nan,nan,nan,nan,50.0,195.1834273338318,PASS
pearson_windowavg,internal_fold,9,7,88,0.5604566683964712,0.0021386776246983263,88,0.8920454545454546,0.9545454545454546,0.9190953722203721,0.44934580339626834,0.1684365317097819,0.28090927168648644,1.0,1.0,nan,nan,nan,nan,nan,nan,193.75670719146729,PASS
pearson_full,internal_fold,9,7,88,0.5604566683964712,0.0021386776246983263,88,0.8920454545454546,0.9545454545454546,0.9190953722203721,0.44934580339626834,0.1684365317097819,0.28090927168648644,1.0,1.0,nan,nan,nan,nan,nan,nan,193.75670719146729,PASS
varconet_selected,internal_fold,9,7,88,0.666320705760249,0.0011726380806271197,88,0.9943181818181819,1.0,0.9962121212121211,0.36519447493959556,0.1025727363731498,0.2626217385664458,1.0,1.0,nan,nan,nan,nan,nan,24.0,193.75670719146729,PASS
varconet_epoch50,internal_fold,9,7,88,0.6642449403217437,0.0010640669368183198,88,0.9886363636363636,1.0,0.993371212121212,0.36191241832619364,0.09658928551076637,0.2653231328154273,1.0,1.0,nan,nan,nan,nan,nan,50.0,193.75670719146729,PASS
pearson_windowavg,internal_fold,9,8,88,0.640373637778931,0.0035190132536489505,88,0.8693181818181819,0.9545454545454546,0.9072471033868093,0.45439521358771756,0.15852455906135682,0.29587065452636074,0.875,0.9342105263157895,nan,nan,nan,nan,nan,nan,194.35505032539368,PASS
pearson_full,internal_fold,9,8,88,0.640373637778931,0.0035190132536489505,88,0.8693181818181819,0.9545454545454546,0.9072471033868093,0.45439521358771756,0.15852455906135682,0.29587065452636074,0.875,0.9342105263157895,nan,nan,nan,nan,nan,nan,194.35505032539368,PASS
varconet_selected,internal_fold,9,8,88,0.7047223663725999,0.002260808442421325,88,1.0,1.0,1.0,0.35969505340538244,0.09187535045129834,0.2678197029540841,1.0,1.0,nan,nan,nan,nan,nan,40.0,194.35505032539368,PASS
varconet_epoch50,internal_fold,9,8,88,0.7036844836533472,0.002245335052541958,88,1.0,1.0,1.0,0.3599144306711175,0.09179082574286812,0.2681236049282494,1.0,1.0,nan,nan,nan,nan,nan,50.0,194.35505032539368,PASS
pearson_windowavg,internal_fold,9,9,88,0.6253243383497664,-0.00011665691664658473,88,0.9147727272727273,0.9829545454545454,0.9437905844155844,0.4643027072941715,0.1618140810331525,0.302488626261019,0.9545454545454546,0.9545454545454546,nan,nan,nan,nan,nan,nan,195.4884262084961,PASS
pearson_full,internal_fold,9,9,88,0.6253243383497664,-0.00011665691664658473,88,0.9147727272727273,0.9829545454545454,0.9437905844155844,0.4643027072941715,0.1618140810331525,0.302488626261019,0.9545454545454546,0.9545454545454546,nan,nan,nan,nan,nan,nan,195.4884262084961,PASS
varconet_selected,internal_fold,9,9,88,0.6922677737415672,0.0018406491546993364,88,1.0,1.0,1.0,0.3599902403286912,0.0926649335533616,0.2673253067753296,1.0,1.0,nan,nan,nan,nan,nan,32.0,195.4884262084961,PASS
varconet_epoch50,internal_fold,9,9,88,0.6933056564608199,0.0018413993984263133,88,1.0,1.0,1.0,0.35982288200069557,0.09148550621801238,0.2683373757826832,1.0,1.0,nan,nan,nan,nan,nan,50.0,195.4884262084961,PASS
pearson_windowavg,caltech,9,external,37,0.6257309941520468,nan,37,0.9864864864864865,1.0,0.9898648648648649,0.5995065215471629,0.15736228786706058,0.4421442336801023,0.9864864864864865,1.0,0.9469387755102041,0.40963515663343886,0.860280486453484,nan,nan,nan,220.18549346923828,PASS
pearson_windowavg,abide2,9,external,727,0.5705773955773956,0.0029242301426514183,589,0.8582342954159592,0.9363327674023769,0.8936139781284542,0.48787537709207407,0.1813152166561801,0.30656016043589396,0.903061224489796,0.9203767123287672,0.9469387755102041,0.40963515663343886,0.860280486453484,0.5563977145569835,0.17217413787257133,nan,220.18549346923828,PASS
pearson_full,caltech,9,external,37,0.6257309941520468,nan,37,0.9864864864864865,1.0,0.9898648648648649,0.5995065215471629,0.15736228786706058,0.4421442336801023,0.9864864864864865,1.0,nan,nan,nan,nan,nan,nan,220.18549346923828,PASS
pearson_full,abide2,9,external,727,0.5705773955773956,0.0029242301426514183,589,0.8582342954159592,0.9363327674023769,0.8936139781284542,0.48787537709207407,0.1813152166561801,0.30656016043589396,0.903061224489796,0.9203767123287672,nan,nan,nan,nan,nan,nan,220.18549346923828,PASS
varconet_selected,caltech,9,external,37,0.6871345029239767,nan,37,0.9864864864864865,1.0,0.9909909909909911,0.5153862157383481,0.16466459255055846,0.35072162318778966,0.9864864864864865,0.9864864864864865,0.9175510204081633,0.7422549336641507,0.8164743708280959,nan,nan,2.0,220.18549346923828,PASS
varconet_selected,abide2,9,external,727,0.6645116707616707,0.0020019611699471085,589,0.9422750424448217,0.9830220713073006,0.9609382633336344,0.4521813600091659,0.20055963439547672,0.25162172561368923,0.971938775510204,0.9768835616438356,0.9175510204081633,0.7422549336641507,0.8164743708280959,0.5254382057237802,0.5172236445017124,2.0,220.18549346923828,PASS
varconet_epoch50,caltech,9,external,37,0.7543859649122807,nan,37,1.0,1.0,1.0,0.48241659676706466,0.0956027269497648,0.38681386981729987,1.0,1.0,nan,nan,nan,nan,nan,50.0,220.18549346923828,PASS
varconet_epoch50,abide2,9,external,727,0.6877457002457001,0.000987834843068025,589,0.9966044142614601,0.99830220713073,0.9973825693265422,0.38781237329003765,0.10015945669625409,0.28765291659378356,0.9974489795918368,0.9982876712328768,nan,nan,nan,nan,nan,50.0,220.18549346923828,PASS
