representation,repeat,edge_rank,roi_i,roi_j,train_effect,abide2_effect,same_sign
pearson_windowavg,0,1,132,337,-0.015782559290528297,-0.2989170253276825,True
pearson_windowavg,0,2,126,337,-0.0152371721342206,-0.25646284222602844,True
pearson_windowavg,0,3,142,337,-0.014690946787595749,-0.2157594859600067,True
pearson_windowavg,0,4,337,340,-0.014577273279428482,-0.25427713990211487,True
pearson_windowavg,0,5,112,336,-0.014254902489483356,-0.15287244319915771,True
pearson_windowavg,0,6,213,269,-0.013700288720428944,-0.16158534586429596,True
pearson_windowavg,0,7,133,337,-0.013641414232552052,-0.29591280221939087,True
pearson_windowavg,0,8,125,337,-0.013551590032875538,-0.17456896603107452,True
pearson_windowavg,0,9,129,337,-0.01351072546094656,-0.35732778906822205,True
pearson_windowavg,0,10,104,322,-0.0134965805336833,-0.004722318612039089,True
pearson_windowavg,0,11,134,337,-0.01349357608705759,-0.29752111434936523,True
pearson_windowavg,0,12,268,269,-0.013475531712174416,-0.15054380893707275,True
pearson_windowavg,0,13,110,191,-0.013471641577780247,-0.14237552881240845,True
pearson_windowavg,0,14,215,268,-0.013467413373291492,-0.33752012252807617,True
pearson_windowavg,0,15,140,337,-0.013454767875373363,-0.22485417127609253,True
pearson_windowavg,0,16,112,193,-0.013341954909265041,-0.0876874253153801,True
pearson_windowavg,0,17,339,340,-0.013022753410041332,-0.3861226737499237,True
pearson_windowavg,0,18,135,337,-0.012983585707843304,-0.2744252681732178,True
pearson_windowavg,0,19,112,337,-0.012951855547726154,-0.22645451128482819,True
pearson_windowavg,0,20,275,337,-0.012942611239850521,-0.22226522862911224,True
pearson_windowavg,0,21,13,215,-0.01292129885405302,-0.1397082656621933,True
pearson_windowavg,0,22,132,336,-0.012889095582067966,-0.1747453510761261,True
pearson_windowavg,0,23,128,337,-0.012886774726212025,-0.3107301592826843,True
pearson_windowavg,0,24,124,337,-0.012795688584446907,-0.23271600902080536,True
pearson_windowavg,0,25,272,336,-0.012773239985108376,-0.16918917000293732,True
pearson_windowavg,0,26,66,263,-0.012768925167620182,-0.15402056276798248,True
pearson_windowavg,0,27,108,336,-0.012651213444769382,-0.22177477180957794,True
pearson_windowavg,0,28,166,261,-0.012627040036022663,-0.3056994080543518,True
pearson_windowavg,0,29,66,166,-0.01262201089411974,-0.2371707409620285,True
pearson_windowavg,0,30,139,337,-0.012595485895872116,-0.15841996669769287,True
pearson_windowavg,0,31,172,261,-0.012594803236424923,-0.19199784100055695,True
pearson_windowavg,0,32,12,215,-0.012574370950460434,-0.09723064303398132,True
pearson_windowavg,0,33,166,263,-0.012504625134170055,-0.33865678310394287,True
pearson_windowavg,0,34,213,268,-0.012498224154114723,-0.222113236784935,True
pearson_windowavg,0,35,110,336,-0.012471385300159454,-0.03361948952078819,True
pearson_windowavg,0,36,306,337,-0.012468538247048855,-0.3136986494064331,True
pearson_windowavg,0,37,212,269,-0.012457172386348248,-0.21795891225337982,True
pearson_windowavg,0,38,84,336,-0.01239208783954382,-0.2149990051984787,True
pearson_windowavg,0,39,142,143,-0.012388019822537899,-0.3056168258190155,True
pearson_windowavg,0,40,122,337,-0.012329497374594212,-0.1994384080171585,True
pearson_windowavg,0,41,113,337,-0.012328512035310268,-0.2839818596839905,True
pearson_windowavg,0,42,66,262,-0.01231105625629425,-0.15208397805690765,True
pearson_windowavg,0,43,166,260,-0.012264536693692207,-0.29498884081840515,True
pearson_windowavg,0,44,127,337,-0.01225573755800724,-0.2630327641963959,True
pearson_windowavg,0,45,123,125,-0.012249220162630081,-0.1283496916294098,True
pearson_windowavg,0,46,172,263,-0.012246481142938137,-0.2409515231847763,True
pearson_windowavg,0,47,141,142,-0.01223705429583788,-0.20747484266757965,True
pearson_windowavg,0,48,337,338,-0.012213548645377159,-0.1448480188846588,True
pearson_windowavg,0,49,275,336,-0.012208298780024052,-0.20399437844753265,True
pearson_windowavg,0,50,132,193,-0.01220717839896679,-0.06697407364845276,True
pearson_windowavg,0,51,173,290,-0.012200752273201942,-0.22748669981956482,True
pearson_windowavg,0,52,132,142,-0.012198752723634243,-0.13544146716594696,True
pearson_windowavg,0,53,288,337,-0.01217651180922985,-0.24554423987865448,True
pearson_windowavg,0,54,137,304,-0.012175498530268669,-0.13012444972991943,True
pearson_windowavg,0,55,112,141,-0.012163016945123672,-0.03821118175983429,True
pearson_windowavg,0,56,134,143,-0.012155584059655666,-0.21128948032855988,True
pearson_windowavg,0,57,105,322,-0.012101241387426853,0.05391900986433029,False
pearson_windowavg,0,58,177,270,-0.012051890604197979,-0.1553962379693985,True
pearson_windowavg,0,59,172,259,-0.012038257904350758,-0.1413385570049286,True
pearson_windowavg,0,60,112,192,-0.012035195715725422,-0.1200152114033699,True
pearson_windowavg,0,61,166,259,-0.012005428783595562,-0.2560098171234131,True
pearson_windowavg,0,62,215,266,-0.011946424841880798,-0.3118005394935608,True
pearson_windowavg,0,63,111,336,-0.011942085810005665,-0.17855411767959595,True
pearson_windowavg,0,64,270,322,-0.011936047114431858,-0.014645425602793694,True
pearson_windowavg,0,65,106,191,-0.01192705612629652,-0.08448279649019241,True
pearson_windowavg,0,66,132,339,-0.01192424725741148,-0.28069984912872314,True
pearson_windowavg,0,67,273,336,-0.011905745603144169,-0.18360064923763275,True
pearson_windowavg,0,68,281,337,-0.011895274743437767,-0.20608167350292206,True
pearson_windowavg,0,69,132,191,-0.01187500637024641,-0.06219232454895973,True
pearson_windowavg,0,70,110,193,-0.011865786276757717,0.01337070669978857,False
pearson_windowavg,0,71,215,269,-0.011864782311022282,-0.28468918800354004,True
pearson_windowavg,0,72,56,191,-0.01184398215264082,0.028879821300506592,False
pearson_windowavg,0,73,212,215,-0.011822480708360672,-0.17276911437511444,True
pearson_windowavg,0,74,191,192,-0.011810307390987873,-0.15627571940422058,True
pearson_windowavg,0,75,19,277,0.011796828359365463,0.09408076107501984,True
pearson_windowavg,0,76,126,143,-0.011747103184461594,-0.24480818212032318,True
pearson_windowavg,0,77,114,338,-0.01172018051147461,-0.10619112849235535,True
pearson_windowavg,0,78,271,328,-0.011715488508343697,-0.14706233143806458,True
pearson_windowavg,0,79,293,337,-0.011710294522345066,-0.22528664767742157,True
pearson_windowavg,0,80,62,66,-0.011700485832989216,-0.13833050429821014,True
pearson_windowavg,0,81,126,141,-0.011692296713590622,-0.1854623407125473,True
pearson_windowavg,0,82,62,73,-0.01167724747210741,-0.011758116073906422,True
pearson_windowavg,0,83,109,337,-0.011665502563118935,-0.2557419240474701,True
pearson_windowavg,0,84,64,73,-0.011630374938249588,-0.016123661771416664,True
pearson_windowavg,0,85,114,336,-0.011630344204604626,-0.15689662098884583,True
pearson_windowavg,0,86,122,132,-0.011617019772529602,-0.24795754253864288,True
pearson_windowavg,0,87,166,256,-0.01161197666078806,-0.14089472591876984,True
pearson_windowavg,0,88,90,336,-0.011570640839636326,-0.12567396461963654,True
pearson_windowavg,0,89,321,362,0.01155106071382761,0.09753201901912689,True
pearson_windowavg,0,90,270,323,-0.011547569185495377,-0.05017853528261185,True
pearson_windowavg,0,91,216,267,-0.011538009159266949,-0.275214821100235,True
pearson_windowavg,0,92,292,337,-0.011531757190823555,-0.20445217192173004,True
pearson_windowavg,0,93,216,269,-0.011529214680194855,-0.22335632145404816,True
pearson_windowavg,0,94,273,337,-0.011521139182150364,-0.09387784451246262,True
pearson_windowavg,0,95,104,323,-0.011518768966197968,-0.06624207645654678,True
pearson_windowavg,0,96,131,337,-0.011498465202748775,-0.27989983558654785,True
pearson_windowavg,0,97,110,337,-0.011497747153043747,-0.06948581337928772,True
pearson_windowavg,0,98,111,192,-0.01145419105887413,-0.1635574847459793,True
pearson_windowavg,0,99,132,141,-0.011443590745329857,-0.09061294794082642,True
pearson_windowavg,0,100,192,193,-0.011443390510976315,-0.24447941780090332,True
pearson_windowavg,0,101,62,72,-0.011441318318247795,-0.0249517522752285,True
pearson_windowavg,0,102,19,267,0.01143892202526331,0.07476342469453812,True
pearson_windowavg,0,103,173,293,-0.011435546912252903,-0.3360239863395691,True
pearson_windowavg,0,104,194,337,-0.011412366293370724,-0.24664391577243805,True
pearson_windowavg,0,105,66,164,-0.011410582810640335,-0.23831866681575775,True
pearson_windowavg,0,106,113,336,-0.011409136466681957,-0.1869080513715744,True
pearson_windowavg,0,107,62,134,-0.011405562981963158,-0.08681599795818329,True
pearson_windowavg,0,108,142,193,-0.01139928586781025,-0.14352135360240936,True
pearson_windowavg,0,109,272,337,-0.01138127502053976,-0.17874863743782043,True
pearson_windowavg,0,110,68,166,-0.011380776762962341,-0.2516597509384155,True
pearson_windowavg,0,111,105,270,-0.011350654065608978,-0.13374097645282745,True
pearson_windowavg,0,112,108,337,-0.011350346729159355,-0.24338796734809875,True
pearson_windowavg,0,113,104,171,-0.011350182816386223,-0.23066255450248718,True
pearson_windowavg,0,114,213,253,-0.011321866884827614,-0.09535864740610123,True
pearson_windowavg,0,115,126,339,-0.011317793279886246,-0.32976990938186646,True
pearson_windowavg,0,116,66,261,-0.011279577389359474,-0.15890704095363617,True
pearson_windowavg,0,117,93,151,-0.011278418824076653,-0.18846656382083893,True
pearson_windowavg,0,118,85,337,-0.011257966049015522,-0.253509521484375,True
pearson_windowavg,0,119,30,191,-0.011256142519414425,-0.08833116292953491,True
pearson_windowavg,0,120,274,337,-0.011247211135923862,-0.20210617780685425,True
pearson_windowavg,0,121,281,336,-0.011244512163102627,-0.18477660417556763,True
pearson_windowavg,0,122,172,260,-0.011241592466831207,-0.18353576958179474,True
pearson_windowavg,0,123,134,339,-0.011240039020776749,-0.2920577824115753,True
pearson_windowavg,0,124,321,374,0.011224713176488876,0.1696900725364685,True
pearson_windowavg,0,125,273,335,-0.011199906468391418,-0.19085535407066345,True
pearson_windowavg,0,126,132,143,-0.011193427257239819,-0.18159572780132294,True
pearson_windowavg,0,127,111,337,-0.011160818859934807,-0.22307421267032623,True
pearson_windowavg,0,128,299,337,-0.011156484484672546,-0.288754940032959,True
pearson_windowavg,0,129,133,339,-0.01115256454795599,-0.25213074684143066,True
pearson_windowavg,0,130,112,191,-0.011140234768390656,-0.11783009022474289,True
pearson_windowavg,0,131,171,270,-0.011135839857161045,-0.28141823410987854,True
pearson_windowavg,0,132,146,209,-0.01113190595060587,-0.18980178236961365,True
pearson_windowavg,0,133,274,336,-0.011129915714263916,-0.16002944111824036,True
pearson_windowavg,0,134,126,127,-0.011128805577754974,-0.3269082307815552,True
pearson_windowavg,0,135,128,335,-0.011108466424047947,-0.3304184079170227,True
pearson_windowavg,0,136,276,277,-0.011104281060397625,-0.3214194178581238,True
pearson_windowavg,0,137,123,132,-0.011094920337200165,-0.24926820397377014,True
pearson_windowavg,0,138,85,336,-0.01108760666102171,-0.24219092726707458,True
pearson_windowavg,0,139,65,134,-0.011083547957241535,-0.23463454842567444,True
pearson_windowavg,0,140,192,337,-0.011074851267039776,-0.2551577091217041,True
pearson_windowavg,0,141,33,150,-0.011074339039623737,-0.08767961710691452,True
pearson_windowavg,0,142,174,256,-0.011065095663070679,-0.06527335941791534,True
pearson_windowavg,0,143,84,337,-0.011064599268138409,-0.24629822373390198,True
pearson_windowavg,0,144,305,337,-0.01104304101318121,-0.24440330266952515,True
pearson_windowavg,0,145,215,276,-0.01103940885514021,-0.2518352270126343,True
pearson_windowavg,0,146,280,335,-0.011031202971935272,-0.24369145929813385,True
pearson_windowavg,0,147,194,335,-0.011030576191842556,-0.1589667797088623,True
pearson_windowavg,0,148,264,322,-0.011016004718840122,-0.14447349309921265,True
pearson_windowavg,0,149,309,337,-0.011007647961378098,-0.27824270725250244,True
pearson_windowavg,0,150,16,191,-0.011006481014192104,-0.012765725143253803,True
pearson_windowavg,0,151,132,329,-0.010989533737301826,-0.12036836892366409,True
pearson_windowavg,0,152,114,339,-0.010962028987705708,-0.21007926762104034,True
pearson_windowavg,0,153,8,173,-0.010951132513582706,-0.09465675801038742,True
pearson_windowavg,0,154,317,372,0.010946724563837051,0.03165443241596222,True
pearson_windowavg,0,155,140,193,-0.010939712636172771,-0.2078721523284912,True
pearson_windowavg,0,156,62,263,-0.010936283506453037,-0.043449148535728455,True
pearson_windowavg,0,157,295,337,-0.01093023270368576,-0.2523573040962219,True
pearson_windowavg,0,158,126,132,-0.010927422903478146,-0.28572073578834534,True
pearson_windowavg,0,159,66,260,-0.010917095467448235,-0.16055482625961304,True
pearson_windowavg,0,160,166,257,-0.010904422961175442,-0.12268607318401337,True
pearson_windowavg,0,161,236,336,-0.010895046405494213,-0.0696314126253128,True
pearson_windowavg,0,162,106,336,-0.010876641608774662,6.375893281074241e-05,False
pearson_windowavg,0,163,66,174,-0.010864716954529285,-0.24379786849021912,True
pearson_windowavg,0,164,16,278,0.010862727649509907,0.14096243679523468,True
pearson_windowavg,0,165,65,132,-0.010852772742509842,-0.2130054384469986,True
pearson_windowavg,0,166,51,132,-0.01084692869335413,-0.11512554436922073,True
pearson_windowavg,0,167,109,336,-0.010843229480087757,-0.25639474391937256,True
pearson_windowavg,0,168,63,66,-0.010838223621249199,-0.20121660828590393,True
pearson_windowavg,0,169,65,174,-0.010820474475622177,-0.1388135701417923,True
pearson_windowavg,0,170,112,278,0.010820114985108376,0.28628790378570557,True
pearson_windowavg,0,171,164,381,0.010797752998769283,0.16825442016124725,True
pearson_windowavg,0,172,127,336,-0.010791131295263767,-0.2816562056541443,True
pearson_windowavg,0,173,126,193,-0.010777940042316914,-0.14568506181240082,True
pearson_windowavg,0,174,215,267,-0.010775973089039326,-0.2381872981786728,True
pearson_windowavg,0,175,102,170,-0.010774209164083004,-0.23937807977199554,True
pearson_windowavg,0,176,217,268,-0.010769044049084187,-0.31295931339263916,True
pearson_windowavg,0,177,182,263,-0.010763910599052906,-0.1890362650156021,True
pearson_windowavg,0,178,283,323,-0.010760284960269928,-0.15733695030212402,True
pearson_windowavg,0,179,194,305,-0.010740398429334164,-0.09653662145137787,True
pearson_windowavg,0,180,216,266,-0.010740341618657112,-0.23562166094779968,True
pearson_windowavg,0,181,74,336,-0.010739252902567387,-0.134442999958992,True
pearson_windowavg,0,182,108,141,-0.010738330893218517,-0.08815671503543854,True
pearson_windowavg,0,183,19,269,0.010727190412580967,0.10863836854696274,True
pearson_windowavg,0,184,177,271,-0.010716463439166546,-0.021723465994000435,True
pearson_windowavg,0,185,66,259,-0.010712502524256706,-0.11907067149877548,True
pearson_windowavg,0,186,67,166,-0.010699169710278511,-0.23133349418640137,True
pearson_windowavg,0,187,268,277,-0.010696747340261936,-0.12720569968223572,True
pearson_windowavg,0,188,62,68,-0.01069571916013956,-0.02430221438407898,True
pearson_windowavg,0,189,307,337,-0.010689152404665947,-0.2902086675167084,True
pearson_windowavg,0,190,139,328,-0.010688746348023415,-0.15292541682720184,True
pearson_windowavg,0,191,196,358,0.01068662665784359,0.015774743631482124,True
pearson_windowavg,0,192,166,262,-0.010680380277335644,-0.36716312170028687,True
pearson_windowavg,0,193,127,132,-0.010676095262169838,-0.27253830432891846,True
pearson_windowavg,0,194,108,193,-0.010672166012227535,-0.12464994192123413,True
pearson_windowavg,0,195,138,322,-0.010669881477952003,-0.01811855100095272,True
pearson_windowavg,0,196,288,336,-0.010669825598597527,-0.07766877114772797,True
pearson_windowavg,0,197,105,328,-0.010656141676008701,-0.07636278122663498,True
pearson_windowavg,0,198,65,336,-0.010655091144144535,-0.14772333204746246,True
pearson_windowavg,0,199,123,124,-0.010645619593560696,-0.16696353256702423,True
pearson_windowavg,0,200,3,146,-0.010643362998962402,-0.11394911259412766,True
pearson_windowavg,0,201,170,259,-0.010637602768838406,-0.2555125951766968,True
pearson_windowavg,0,202,215,277,-0.010622048750519753,-0.16743949055671692,True
pearson_windowavg,0,203,102,322,-0.010621556080877781,0.016482090577483177,False
pearson_windowavg,0,204,111,142,-0.010620465502142906,-0.10905881226062775,True
pearson_windowavg,0,205,66,239,-0.0106113962829113,-0.08465403318405151,True
pearson_windowavg,0,206,166,258,-0.010605605319142342,-0.23368652164936066,True
pearson_windowavg,0,207,216,268,-0.010602518916130066,-0.24868987500667572,True
pearson_windowavg,0,208,106,190,-0.01060026790946722,-0.03762870654463768,True
pearson_windowavg,0,209,289,337,-0.010598193854093552,-0.2332192212343216,True
pearson_windowavg,0,210,165,367,0.01059092115610838,0.10657105594873428,True
pearson_windowavg,0,211,72,194,-0.010588946752250195,-0.13077090680599213,True
pearson_windowavg,0,212,270,328,-0.01058239210397005,-0.08038236945867538,True
pearson_windowavg,0,213,161,367,0.010579919442534447,0.11836089193820953,True
pearson_windowavg,0,214,304,337,-0.010576448403298855,-0.2522991895675659,True
pearson_windowavg,0,215,354,367,0.010574791580438614,0.10319353640079498,True
pearson_windowavg,0,216,193,263,-0.010571291670203209,0.026159079745411873,False
pearson_windowavg,0,217,67,134,-0.010568034835159779,-0.15036579966545105,True
pearson_windowavg,0,218,217,266,-0.010558840818703175,-0.2635643184185028,True
pearson_windowavg,0,219,209,215,-0.010551276616752148,-0.1639862209558487,True
pearson_windowavg,0,220,177,284,-0.010544313117861748,-0.19905991852283478,True
pearson_windowavg,0,221,172,257,-0.010537468828260899,-0.09470325708389282,True
pearson_windowavg,0,222,111,193,-0.010536432266235352,-0.0932176411151886,True
pearson_windowavg,0,223,63,72,-0.010533499531447887,-0.04813317954540253,True
pearson_windowavg,0,224,338,339,-0.010532974265515804,-0.21757961809635162,True
pearson_windowavg,0,225,137,329,-0.010526567697525024,-0.09656958281993866,True
pearson_windowavg,0,226,102,323,-0.010520745068788528,-0.04430066794157028,True
pearson_windowavg,0,227,167,259,-0.01050595287233591,-0.22107917070388794,True
pearson_windowavg,0,228,93,150,-0.010504383593797684,-0.12599651515483856,True
pearson_windowavg,0,229,140,141,-0.010500812903046608,-0.2355244904756546,True
pearson_windowavg,0,230,137,305,-0.010498092509806156,-0.14597178995609283,True
pearson_windowavg,0,231,178,215,-0.010494038462638855,-0.2534569501876831,True
pearson_windowavg,0,232,133,336,-0.010492460802197456,-0.24256819486618042,True
pearson_windowavg,0,233,67,290,-0.010492385365068913,-0.08107975125312805,True
pearson_windowavg,0,234,174,261,-0.010492228902876377,-0.23559239506721497,True
pearson_windowavg,0,235,137,283,-0.010488280095160007,-0.21994873881340027,True
pearson_windowavg,0,236,143,263,-0.010481235571205616,-0.0015934825642034411,True
pearson_windowavg,0,237,271,322,-0.010478481650352478,-0.04367365315556526,True
pearson_windowavg,0,238,234,336,-0.010477961972355843,-0.10339291393756866,True
pearson_windowavg,0,239,141,263,-0.0104770977050066,0.06721572577953339,False
pearson_windowavg,0,240,298,337,-0.010471582412719727,-0.24144086241722107,True
pearson_windowavg,0,241,280,337,-0.010470195673406124,-0.17164571583271027,True
pearson_windowavg,0,242,194,329,-0.010470133274793625,-0.07572329044342041,True
pearson_windowavg,0,243,69,166,-0.01045659277588129,-0.237301304936409,True
pearson_windowavg,0,244,170,263,-0.010455812327563763,-0.3392271101474762,True
pearson_windowavg,0,245,130,337,-0.010454743169248104,-0.30512920022010803,True
pearson_windowavg,0,246,209,212,-0.010445461608469486,-0.17347384989261627,True
pearson_windowavg,0,247,140,191,-0.010445418767631054,-0.043144263327121735,True
pearson_windowavg,0,248,58,224,-0.010442575439810753,-0.052175719290971756,True
pearson_windowavg,0,249,68,172,-0.010434692725539207,-0.1138896718621254,True
pearson_windowavg,0,250,85,329,-0.010431262664496899,-0.06949002295732498,True
pearson_windowavg,0,251,136,337,-0.010426904074847698,-0.1618543267250061,True
pearson_windowavg,0,252,338,341,-0.010426688939332962,-0.18778319656848907,True
pearson_windowavg,0,253,183,379,0.01042330265045166,0.20675227046012878,True
pearson_windowavg,0,254,191,194,-0.010419550351798534,-0.031699731945991516,True
pearson_windowavg,0,255,125,336,-0.010413812473416328,-0.18773013353347778,True
pearson_windowavg,0,256,72,174,-0.010408340953290462,-0.04947161301970482,True
pearson_windowavg,0,257,105,283,-0.010404466651380062,-0.07336652278900146,True
pearson_windowavg,0,258,215,216,-0.01040359865874052,-0.13069456815719604,True
pearson_windowavg,0,259,132,133,-0.01040324755012989,-0.215689554810524,True
pearson_windowavg,0,260,114,337,-0.010399998165667057,-0.30715805292129517,True
pearson_windowavg,0,261,336,337,-0.01039965357631445,-0.24431130290031433,True
pearson_windowavg,0,262,292,335,-0.010391163639724255,-0.23775619268417358,True
pearson_windowavg,0,263,122,261,-0.010389831848442554,-0.021481305360794067,True
pearson_windowavg,0,264,68,174,-0.010387902148067951,-0.19132854044437408,True
pearson_windowavg,0,265,114,335,-0.010386164300143719,-0.2331516295671463,True
pearson_windowavg,0,266,172,224,-0.010377723723649979,-0.06478849053382874,True
pearson_windowavg,0,267,280,336,-0.010376039892435074,-0.10097295790910721,True
pearson_windowavg,0,268,167,379,0.010372910648584366,0.3412635624408722,True
pearson_windowavg,0,269,141,340,-0.010369833558797836,-0.12963195145130157,True
pearson_windowavg,0,270,91,336,-0.01036835741251707,-0.13516050577163696,True
pearson_windowavg,0,271,112,276,0.010353933088481426,0.2569594979286194,True
pearson_windowavg,0,272,206,209,-0.010349771939218044,-0.05506443604826927,True
pearson_windowavg,0,273,174,232,-0.0103423111140728,-0.12389884144067764,True
pearson_windowavg,0,274,173,292,-0.010339944623410702,-0.32294946908950806,True
pearson_windowavg,0,275,132,340,-0.010338802821934223,-0.22581662237644196,True
pearson_windowavg,0,276,72,336,-0.010332973673939705,-0.1509348750114441,True
pearson_windowavg,0,277,66,172,-0.010329010896384716,-0.14514516294002533,True
pearson_windowavg,0,278,167,261,-0.01032752450555563,-0.2817736864089966,True
pearson_windowavg,0,279,217,267,-0.010307359509170055,-0.25370845198631287,True
pearson_windowavg,0,280,172,256,-0.010302959941327572,-0.08464464545249939,True
pearson_windowavg,0,281,290,333,-0.0102986516430974,-0.08534452319145203,True
pearson_windowavg,0,282,251,265,0.010297229513525963,0.06819520145654678,True
pearson_windowavg,0,283,283,337,-0.010290239006280899,-0.2695502042770386,True
pearson_windowavg,0,284,267,276,-0.010277094319462776,-0.2265004813671112,True
pearson_windowavg,0,285,138,191,-0.010276328772306442,-0.08917507529258728,True
pearson_windowavg,0,286,128,333,-0.01026738341897726,-0.2104846090078354,True
pearson_windowavg,0,287,272,335,-0.010261219926178455,-0.24560536444187164,True
pearson_windowavg,0,288,173,236,-0.010259605012834072,-0.15620268881320953,True
pearson_windowavg,0,289,111,122,-0.010259423404932022,-0.08932729810476303,True
pearson_windowavg,0,290,221,269,0.010258081369102001,0.12038161605596542,True
pearson_windowavg,0,291,321,368,0.010250566527247429,0.004117773845791817,True
pearson_windowavg,0,292,56,73,-0.010249081999063492,0.037668921053409576,False
pearson_windowavg,0,293,172,239,-0.010243164375424385,-0.15299618244171143,True
pearson_windowavg,0,294,140,263,-0.010236812755465508,-0.07050273567438126,True
pearson_windowavg,0,295,209,214,-0.01023160945624113,-0.23793430626392365,True
pearson_windowavg,0,296,16,193,-0.01022911537438631,-0.015491141937673092,True
pearson_windowavg,0,297,133,142,-0.01022811233997345,-0.2783021330833435,True
pearson_windowavg,0,298,269,276,-0.010224168188869953,-0.2980698347091675,True
pearson_windowavg,0,299,170,292,-0.010222382843494415,-0.1854092925786972,True
pearson_windowavg,0,300,16,251,0.010219373740255833,0.08060520887374878,True
pearson_windowavg,0,301,264,323,-0.010216893628239632,-0.1837843358516693,True
pearson_windowavg,0,302,136,191,-0.0102168507874012,0.016368910670280457,False
pearson_windowavg,0,303,273,328,-0.010192733258008957,-0.1648506075143814,True
pearson_windowavg,0,304,138,328,-0.010189720429480076,-0.11912941932678223,True
pearson_windowavg,0,305,236,337,-0.01017731986939907,-0.06185482442378998,True
pearson_windowavg,0,306,138,337,-0.01017648447304964,-0.14133144915103912,True
pearson_windowavg,0,307,177,273,-0.010171848349273205,-0.09439699351787567,True
pearson_windowavg,0,308,67,305,-0.010171152651309967,-0.18614837527275085,True
pearson_windowavg,0,309,104,170,-0.010169540531933308,-0.18634511530399323,True
pearson_windowavg,0,310,16,337,-0.010169210843741894,-0.22547802329063416,True
pearson_windowavg,0,311,62,132,-0.0101691335439682,-0.07129836082458496,True
pearson_windowavg,0,312,83,337,-0.01016754936426878,-0.2434212565422058,True
pearson_windowavg,0,313,184,191,-0.010161062702536583,-0.052313465625047684,True
pearson_windowavg,0,314,36,200,-0.01016005128622055,-0.07451820373535156,True
pearson_windowavg,0,315,134,137,-0.010156822390854359,-0.11317355930805206,True
pearson_windowavg,0,316,122,134,-0.01015492808073759,-0.22410231828689575,True
pearson_windowavg,0,317,171,379,0.010151793248951435,0.30443885922431946,True
pearson_windowavg,0,318,93,225,-0.010148094035685062,-0.11612902581691742,True
pearson_windowavg,0,319,184,337,-0.010147972963750362,-0.12992824614048004,True
pearson_windowavg,0,320,132,338,-0.01014481857419014,-0.09636875987052917,True
pearson_windowavg,0,321,308,337,-0.010130160488188267,-0.26641738414764404,True
pearson_windowavg,0,322,111,340,-0.010129349306225777,-0.07809260487556458,True
pearson_windowavg,0,323,111,126,-0.010125740431249142,-0.07410832494497299,True
pearson_windowavg,0,324,311,337,-0.010123483836650848,-0.21947182714939117,True
pearson_windowavg,0,325,212,268,-0.010122801177203655,-0.23468299210071564,True
pearson_windowavg,0,326,280,333,-0.010121232829988003,-0.1531676948070526,True
pearson_windowavg,0,327,284,322,-0.010118345730006695,-0.0840902104973793,True
pearson_windowavg,0,328,238,336,-0.010115887969732285,-0.15488623082637787,True
pearson_windowavg,0,329,126,133,-0.010115242563188076,-0.42223456501960754,True
pearson_windowavg,0,330,12,170,-0.010109618306159973,-0.17321404814720154,True
pearson_windowavg,0,331,66,165,-0.010109158232808113,-0.20579668879508972,True
pearson_windowavg,0,332,126,191,-0.010105971246957779,-0.07390817999839783,True
pearson_windowavg,0,333,105,323,-0.01010521873831749,0.017547136172652245,False
pearson_windowavg,0,334,173,234,-0.010103978216648102,-0.1799377202987671,True
pearson_windowavg,0,335,135,263,-0.01010261569172144,0.005405034404247999,False
pearson_windowavg,0,336,64,174,-0.010098871774971485,-0.1342010647058487,True
pearson_windowavg,0,337,108,192,-0.01009295042604208,-0.17799116671085358,True
pearson_windowavg,0,338,134,141,-0.010090452618896961,-0.09652845561504364,True
pearson_windowavg,0,339,57,193,-0.010088693350553513,-0.06550665199756622,True
pearson_windowavg,0,340,66,292,-0.010084482841193676,-0.17829088866710663,True
pearson_windowavg,0,341,111,141,-0.010084467008709908,-0.0365990549325943,True
pearson_windowavg,0,342,190,191,-0.01008225604891777,-0.20580096542835236,True
pearson_windowavg,0,343,217,269,-0.010080947540700436,-0.23707610368728638,True
pearson_windowavg,0,344,79,367,0.01008081715553999,0.11152009665966034,True
pearson_windowavg,0,345,65,126,-0.010078123770654202,-0.21387523412704468,True
pearson_windowavg,0,346,136,323,-0.010075049474835396,-0.13460639119148254,True
pearson_windowavg,0,347,313,337,-0.010074792429804802,-0.21845227479934692,True
pearson_windowavg,0,348,112,338,-0.010074653662741184,-0.12789861857891083,True
pearson_windowavg,0,349,66,290,-0.010074073448777199,-0.16491882503032684,True
pearson_windowavg,0,350,135,336,-0.01007071789354086,-0.20759695768356323,True
pearson_windowavg,0,351,33,146,-0.01006903313100338,-0.04021266847848892,True
pearson_windowavg,0,352,122,263,-0.010067285038530827,-0.020757073536515236,True
pearson_windowavg,0,353,62,75,-0.01006629690527916,0.04522957652807236,False
pearson_windowavg,0,354,90,337,-0.010061072185635567,-0.16504894196987152,True
pearson_windowavg,0,355,321,354,0.010058601386845112,0.024386011064052582,True
pearson_windowavg,0,356,172,258,-0.010057483799755573,-0.12032138556241989,True
pearson_windowavg,0,357,336,343,-0.010056559927761555,-0.24681812524795532,True
pearson_windowavg,0,358,175,236,-0.010054653510451317,-0.09192526340484619,True
pearson_windowavg,0,359,17,193,-0.010049662552773952,-0.05264860764145851,True
pearson_windowavg,0,360,271,323,-0.010046407580375671,-0.04649224504828453,True
pearson_windowavg,0,361,122,123,-0.010045990347862244,-0.25939616560935974,True
pearson_windowavg,0,362,289,336,-0.010031495243310928,-0.1678847223520279,True
pearson_windowavg,0,363,299,336,-0.010022266767919064,-0.23288723826408386,True
pearson_windowavg,0,364,139,329,-0.01002223789691925,-0.05502143129706383,True
pearson_windowavg,0,365,112,269,0.010017785243690014,0.13521619141101837,True
pearson_windowavg,0,366,287,337,-0.010011320933699608,-0.166746586561203,True
pearson_windowavg,0,367,174,263,-0.010008863173425198,-0.28520992398262024,True
pearson_windowavg,0,368,114,341,-0.010008738376200199,-0.20692475140094757,True
pearson_windowavg,0,369,132,341,-0.010007073171436787,-0.23828642070293427,True
pearson_windowavg,0,370,129,173,-0.010006125085055828,-0.2958824932575226,True
pearson_windowavg,0,371,215,264,-0.010005849413573742,-0.25222262740135193,True
pearson_windowavg,0,372,131,336,-0.010004737414419651,-0.25711682438850403,True
pearson_windowavg,0,373,267,268,-0.009993369691073895,-0.14758849143981934,True
pearson_windowavg,0,374,98,256,-0.009987830184400082,-0.07988040149211884,True
pearson_windowavg,0,375,133,338,-0.00998555775731802,-0.15467002987861633,True
pearson_windowavg,0,376,142,263,-0.009978224523365498,-0.0892791822552681,True
pearson_windowavg,0,377,66,294,-0.009976825676858425,-0.2177499234676361,True
pearson_windowavg,0,378,122,141,-0.009975258260965347,-0.2212243378162384,True
pearson_windowavg,0,379,19,276,0.009975090622901917,0.19491688907146454,True
pearson_windowavg,0,380,154,381,0.009974741376936436,0.15762026607990265,True
pearson_windowavg,0,381,283,335,-0.009969794191420078,-0.22344481945037842,True
pearson_windowavg,0,382,111,194,-0.009969433769583702,-0.06390337646007538,True
pearson_windowavg,0,383,58,222,-0.009968324564397335,0.14250539243221283,False
pearson_windowavg,0,384,95,150,-0.009967298246920109,-0.190048485994339,True
pearson_windowavg,0,385,70,263,-0.009966027922928333,-0.01349877379834652,True
pearson_windowavg,0,386,67,135,-0.009959965944290161,-0.14604417979717255,True
pearson_windowavg,0,387,173,295,-0.009957300499081612,-0.22172924876213074,True
pearson_windowavg,0,388,67,292,-0.009955104440450668,-0.11380159854888916,True
pearson_windowavg,0,389,133,340,-0.009954269975423813,-0.3289742171764374,True
pearson_windowavg,0,390,72,263,-0.009953819215297699,-0.039030011743307114,True
pearson_windowavg,0,391,175,379,0.00994664803147316,0.3292946219444275,True
pearson_windowavg,0,392,321,375,0.009944778867065907,0.16376270353794098,True
pearson_windowavg,0,393,173,291,-0.009941419586539268,-0.2845323383808136,True
pearson_windowavg,0,394,62,109,-0.009935285896062851,0.004434762056916952,False
pearson_windowavg,0,395,62,63,-0.009930050000548363,-0.11161524057388306,True
pearson_windowavg,0,396,170,261,-0.009927866980433464,-0.3004145324230194,True
pearson_windowavg,0,397,68,263,-0.009922731667757034,-0.12115385383367538,True
pearson_windowavg,0,398,217,270,-0.009921884164214134,-0.0612088218331337,True
pearson_windowavg,0,399,198,294,-0.009919955395162106,-0.12090162187814713,True
pearson_windowavg,0,400,51,108,-0.009918554686009884,-0.11473187059164047,True
pearson_windowavg,0,401,56,192,-0.009914027526974678,-0.08729183673858643,True
pearson_windowavg,0,402,173,287,-0.00991161447018385,-0.28666117787361145,True
pearson_windowavg,0,403,123,337,-0.009909439831972122,-0.18567025661468506,True
pearson_windowavg,0,404,92,336,-0.009909065440297127,-0.03661223128437996,True
pearson_windowavg,0,405,163,367,0.009904385544359684,0.13848315179347992,True
pearson_windowavg,0,406,215,248,-0.009904165752232075,-0.1728728860616684,True
pearson_windowavg,0,407,96,336,-0.009903929196298122,-0.04290392994880676,True
pearson_windowavg,0,408,174,257,-0.009902296587824821,-0.0856945589184761,True
pearson_windowavg,0,409,108,191,-0.009884729981422424,-0.09992577135562897,True
pearson_windowavg,0,410,193,224,-0.009883228689432144,-0.04316019266843796,True
pearson_windowavg,0,411,18,276,0.009882560931146145,0.19308659434318542,True
pearson_windowavg,0,412,173,273,-0.009871498681604862,-0.16003666818141937,True
pearson_windowavg,0,413,321,363,0.00987087469547987,0.135930135846138,True
pearson_windowavg,0,414,193,336,-0.009869730100035667,-0.25184568762779236,True
pearson_windowavg,0,415,127,142,-0.009868478402495384,-0.2774432897567749,True
pearson_windowavg,0,416,112,329,-0.009866601787507534,-0.11820312589406967,True
pearson_windowavg,0,417,111,140,-0.009864799678325653,-0.08779419958591461,True
pearson_windowavg,0,418,240,269,-0.009861379861831665,-0.08234287798404694,True
pearson_windowavg,0,419,194,323,-0.009856488555669785,-0.1047254428267479,True
pearson_windowavg,0,420,139,336,-0.009854704141616821,-0.12361234426498413,True
pearson_windowavg,0,421,98,224,-0.009854684583842754,-0.024914048612117767,True
pearson_windowavg,0,422,16,58,-0.009853190742433071,0.003768141381442547,False
pearson_windowavg,0,423,137,328,-0.009852309711277485,-0.15682102739810944,True
pearson_windowavg,0,424,121,123,-0.009851926006376743,-0.14201554656028748,True
pearson_windowavg,0,425,136,193,-0.009843840263783932,-0.003371568163856864,True
pearson_windowavg,0,426,92,337,-0.009840239770710468,-0.06850320100784302,True
pearson_windowavg,0,427,113,122,-0.009838927537202835,-0.20301371812820435,True
pearson_windowavg,0,428,174,259,-0.009837573394179344,-0.18767502903938293,True
pearson_windowavg,0,429,67,293,-0.009837481193244457,-0.14816011488437653,True
pearson_windowavg,0,430,105,264,-0.00983227975666523,-0.26095321774482727,True
pearson_windowavg,0,431,136,329,-0.00982157327234745,-0.17595580220222473,True
pearson_windowavg,0,432,22,191,-0.009819642640650272,-0.03998349979519844,True
pearson_windowavg,0,433,16,336,-0.00981926266103983,-0.20716015994548798,True
pearson_windowavg,0,434,98,232,-0.009817705489695072,-0.1097286269068718,True
pearson_windowavg,0,435,282,323,-0.009815290570259094,-0.1749030202627182,True
pearson_windowavg,0,436,283,322,-0.009814553894102573,-0.18974483013153076,True
pearson_windowavg,0,437,57,337,-0.009814428165555,-0.29014939069747925,True
pearson_windowavg,0,438,207,212,-0.009814097546041012,-0.15149499475955963,True
pearson_windowavg,0,439,58,98,-0.009812559932470322,-0.025594552978873253,True
pearson_windowavg,0,440,72,184,-0.009808053262531757,-0.11467557400465012,True
pearson_windowavg,0,441,337,343,-0.009805644862353802,-0.22042205929756165,True
pearson_windowavg,0,442,62,159,-0.00980272889137268,-0.02756076119840145,True
pearson_windowavg,0,443,115,378,0.009800180792808533,0.19855369627475739,True
pearson_windowavg,0,444,64,263,-0.009799862280488014,-0.09111441671848297,True
pearson_windowavg,0,445,166,292,-0.00979969184845686,-0.17073050141334534,True
pearson_windowavg,0,446,65,166,-0.00979728065431118,-0.1266912966966629,True
pearson_windowavg,0,447,72,172,-0.009796260856091976,-0.03493369743227959,True
pearson_windowavg,0,448,62,81,-0.009794160723686218,-0.016103751957416534,True
pearson_windowavg,0,449,104,328,-0.009791837073862553,0.04918927326798439,False
pearson_windowavg,0,450,58,174,-0.009788984432816505,-0.08477719128131866,True
pearson_windowavg,0,451,142,191,-0.009787440299987793,-0.04892033711075783,True
pearson_windowavg,0,452,69,172,-0.009787246584892273,-0.1664588898420334,True
pearson_windowavg,0,453,122,133,-0.009784319438040257,-0.33080291748046875,True
pearson_windowavg,0,454,122,125,-0.009784309193491936,-0.14078743755817413,True
pearson_windowavg,0,455,114,340,-0.009784247726202011,-0.19488194584846497,True
pearson_windowavg,0,456,17,132,-0.009783477522432804,-0.19446022808551788,True
pearson_windowavg,0,457,272,322,-0.009779379703104496,-0.09248708188533783,True
pearson_windowavg,0,458,214,269,-0.009774288162589073,-0.2928997576236725,True
pearson_windowavg,0,459,290,337,-0.009772143326699734,-0.1252015084028244,True
pearson_windowavg,0,460,166,290,-0.009769435971975327,-0.11139033734798431,True
pearson_windowavg,0,461,112,339,-0.00976523943245411,-0.21056033670902252,True
pearson_windowavg,0,462,191,340,-0.00976332277059555,-0.07607178390026093,True
pearson_windowavg,0,463,127,338,-0.009761059656739235,-0.11133884638547897,True
pearson_windowavg,0,464,212,267,-0.009757480584084988,-0.23016583919525146,True
pearson_windowavg,0,465,171,215,-0.00975668802857399,-0.18618470430374146,True
pearson_windowavg,0,466,149,225,-0.009754642844200134,-0.11216521263122559,True
pearson_windowavg,0,467,65,142,-0.00974846538156271,-0.1846899539232254,True
pearson_windowavg,0,468,215,270,-0.009747937321662903,-0.16271373629570007,True
pearson_windowavg,0,469,70,336,-0.00974692590534687,-0.12163328379392624,True
pearson_windowavg,0,470,167,263,-0.009741468355059624,-0.2873455584049225,True
pearson_windowavg,0,471,167,256,-0.009740296751260757,-0.14023980498313904,True
pearson_windowavg,0,472,65,340,-0.00973745621740818,-0.21238258481025696,True
pearson_windowavg,0,473,112,142,-0.009736431762576103,-0.12605717778205872,True
pearson_windowavg,0,474,66,167,-0.00973597727715969,-0.1951644867658615,True
pearson_windowavg,0,475,185,291,-0.00973417516797781,-0.1950889229774475,True
pearson_windowavg,0,476,200,222,-0.009732545353472233,-0.13259348273277283,True
pearson_windowavg,0,477,221,277,0.009729554876685143,0.06542300432920456,True
pearson_windowavg,0,478,66,68,-0.009728183969855309,-0.027061205357313156,True
pearson_windowavg,0,479,57,191,-0.009725699201226234,-0.04487545043230057,True
pearson_windowavg,0,480,18,191,-0.009722732938826084,0.02735585719347,False
pearson_windowavg,0,481,112,328,-0.009720155969262123,-0.09088575094938278,True
pearson_windowavg,0,482,150,175,-0.009717452339828014,-0.1716114729642868,True
pearson_windowavg,0,483,111,269,0.009715013206005096,0.14838649332523346,True
pearson_windowavg,0,484,176,323,-0.00971479993313551,0.05721522867679596,False
pearson_windowavg,0,485,110,278,0.009714418090879917,0.21719366312026978,True
pearson_windowavg,0,486,122,135,-0.009714245796203613,-0.2674975097179413,True
pearson_windowavg,0,487,135,143,-0.009711311198771,-0.20156855881214142,True
pearson_windowavg,0,488,213,267,-0.009709542617201805,-0.16087818145751953,True
pearson_windowavg,0,489,207,215,-0.00970857497304678,-0.18395590782165527,True
pearson_windowavg,0,490,98,191,-0.009705753065645695,0.08111514896154404,False
pearson_windowavg,0,491,252,358,0.00969854649156332,0.10049524903297424,True
pearson_windowavg,0,492,166,293,-0.009697642177343369,-0.25828468799591064,True
pearson_windowavg,0,493,112,122,-0.009697077795863152,-0.22086533904075623,True
pearson_windowavg,0,494,148,225,-0.009693613275885582,-0.10802489519119263,True
pearson_windowavg,0,495,68,167,-0.00969095341861248,-0.15746550261974335,True
pearson_windowavg,0,496,69,170,-0.009688385762274265,-0.24809813499450684,True
pearson_windowavg,0,497,67,132,-0.009687067940831184,-0.14206631481647491,True
pearson_windowavg,0,498,294,337,-0.009674342349171638,-0.3142891228199005,True
pearson_windowavg,0,499,214,267,-0.009673500433564186,-0.2745479643344879,True
pearson_windowavg,0,500,10,173,-0.00967319868505001,-0.12372329086065292,True
pearson_windowavg,0,501,12,214,-0.009670360013842583,-0.14693042635917664,True
pearson_windowavg,0,502,16,192,-0.009669560007750988,-0.13839882612228394,True
pearson_windowavg,0,503,114,329,-0.009665376506745815,-0.10776858031749725,True
pearson_windowavg,0,504,241,269,-0.009663987904787064,-0.10929463058710098,True
pearson_windowavg,0,505,170,270,-0.00966219324618578,-0.2632206082344055,True
pearson_windowavg,0,506,111,277,0.009653628803789616,0.1656775176525116,True
pearson_windowavg,0,507,113,132,-0.009650979191064835,-0.10358592867851257,True
pearson_windowavg,0,508,59,192,-0.009648118168115616,-0.2247553914785385,True
pearson_windowavg,0,509,31,269,0.009644625708460808,0.13403178751468658,True
pearson_windowavg,0,510,293,335,-0.00964354258030653,-0.275839626789093,True
pearson_windowavg,0,511,65,129,-0.009639937430620193,-0.22447125613689423,True
pearson_windowavg,0,512,65,343,-0.009636850096285343,-0.19201837480068207,True
pearson_windowavg,0,513,22,336,-0.009632653556764126,-0.13693350553512573,True
pearson_windowavg,0,514,62,135,-0.009629684500396252,-0.03710601478815079,True
pearson_windowavg,0,515,122,193,-0.00962967798113823,-0.20732049643993378,True
pearson_windowavg,0,516,72,289,-0.009623538702726364,-0.010455853305757046,True
pearson_windowavg,0,517,137,292,-0.009623509831726551,-0.16643399000167847,True
pearson_windowavg,0,518,123,134,-0.009622684679925442,-0.29388704895973206,True
pearson_windowavg,0,519,134,336,-0.009620102122426033,-0.14917346835136414,True
pearson_windowavg,0,520,170,176,-0.009614190086722374,-0.27292561531066895,True
pearson_windowavg,0,521,283,333,-0.009610693901777267,-0.16489370167255402,True
pearson_windowavg,0,522,135,142,-0.009610209614038467,-0.2619081735610962,True
pearson_windowavg,0,523,65,66,-0.009609999135136604,-0.1627589613199234,True
pearson_windowavg,0,524,56,336,-0.00960370060056448,-0.20371706783771515,True
pearson_windowavg,0,525,175,292,-0.009603346697986126,-0.27438119053840637,True
pearson_windowavg,0,526,106,337,-0.009600288234651089,-0.019771413877606392,True
pearson_windowavg,0,527,132,333,-0.009599377401173115,-0.11665309220552444,True
pearson_windowavg,0,528,12,103,-0.00959731824696064,-0.03592424839735031,True
pearson_windowavg,0,529,67,174,-0.009595993906259537,-0.21991796791553497,True
pearson_windowavg,0,530,62,67,-0.00959528423845768,-0.05580243095755577,True
pearson_windowavg,0,531,111,132,-0.009585238993167877,-0.05567134544253349,True
pearson_windowavg,0,532,195,283,-0.00958164967596531,-0.0976874902844429,True
pearson_windowavg,0,533,128,175,-0.009581204503774643,-0.2670691907405853,True
pearson_windowavg,0,534,109,305,-0.00957320537418127,0.024931805208325386,False
pearson_windowavg,0,535,195,292,-0.009572186507284641,-0.12174579501152039,True
pearson_windowavg,0,536,20,173,-0.009570217691361904,-0.06046061962842941,True
pearson_windowavg,0,537,235,336,-0.009569884277880192,-0.13058297336101532,True
pearson_windowavg,0,538,184,305,-0.00956743210554123,-0.17902781069278717,True
pearson_windowavg,0,539,31,132,-0.009566943161189556,-0.06854144483804703,True
pearson_windowavg,0,540,70,75,-0.009566512890160084,0.0931481346487999,False
pearson_windowavg,0,541,59,132,-0.00956430658698082,-0.15030795335769653,True
pearson_windowavg,0,542,174,260,-0.009563162922859192,-0.21244242787361145,True
pearson_windowavg,0,543,111,253,0.009561074897646904,0.16263048350811005,True
pearson_windowavg,0,544,53,194,-0.009558404795825481,-0.10145308822393417,True
pearson_windowavg,0,545,152,184,-0.009558000601828098,-0.13984589278697968,True
pearson_windowavg,0,546,221,276,0.009546967223286629,0.12387539446353912,True
pearson_windowavg,0,547,72,155,-0.009545156732201576,0.08854037523269653,False
pearson_windowavg,0,548,83,339,-0.009534214623272419,-0.1599903106689453,True
pearson_windowavg,0,549,132,323,-0.009532367810606956,-0.02133456990122795,True
pearson_windowavg,0,550,110,192,-0.009531630203127861,-0.007922242395579815,True
pearson_windowavg,0,551,340,341,-0.00952949933707714,-0.26445069909095764,True
pearson_windowavg,0,552,122,143,-0.009528049267828465,-0.2457815408706665,True
pearson_windowavg,0,553,281,335,-0.009527544490993023,-0.2377234548330307,True
pearson_windowavg,0,554,30,193,-0.009526826441287994,-0.06701421737670898,True
pearson_windowavg,0,555,64,66,-0.009525458328425884,-0.013051069341599941,True
pearson_windowavg,0,556,51,57,-0.009525255300104618,-0.011889202520251274,True
pearson_windowavg,0,557,113,193,-0.009520742110908031,-0.12655484676361084,True
pearson_windowavg,0,558,66,155,-0.009519373066723347,-0.13867466151714325,True
pearson_windowavg,0,559,251,282,0.009516866877675056,0.1332758665084839,True
pearson_windowavg,0,560,68,170,-0.009514644742012024,-0.2692389488220215,True
pearson_windowavg,0,561,66,293,-0.009514041244983673,-0.20412544906139374,True
pearson_windowavg,0,562,321,364,0.009511919692158699,0.08197525143623352,True
pearson_windowavg,0,563,17,191,-0.009508148767054081,-0.022207487374544144,True
pearson_windowavg,0,564,194,289,-0.00950618740171194,-0.11121435463428497,True
pearson_windowavg,0,565,173,294,-0.009505148977041245,-0.2875257134437561,True
pearson_windowavg,0,566,90,192,-0.00950226653367281,-0.0813845619559288,True
pearson_windowavg,0,567,65,308,-0.0095019256696105,-0.12220777571201324,True
pearson_windowavg,0,568,65,337,-0.009498011320829391,-0.1487841159105301,True
pearson_windowavg,0,569,13,214,-0.009497051127254963,-0.16169458627700806,True
pearson_windowavg,0,570,158,381,0.009496983140707016,0.13580752909183502,True
pearson_windowavg,0,571,262,263,-0.009495619684457779,-0.07150167226791382,True
pearson_windowavg,0,572,30,224,-0.009495371021330357,-0.08173222839832306,True
pearson_windowavg,0,573,177,272,-0.00949526485055685,-0.16704879701137543,True
pearson_windowavg,0,574,173,239,-0.009494176134467125,-0.20737802982330322,True
pearson_windowavg,0,575,79,336,-0.009492870420217514,-0.12435062974691391,True
pearson_windowavg,0,576,68,262,-0.009485588409006596,-0.09690246731042862,True
pearson_windowavg,0,577,273,329,-0.00948451366275549,-0.04805153235793114,True
pearson_windowavg,0,578,62,77,-0.009484249167144299,0.024645432829856873,False
pearson_windowavg,0,579,159,290,-0.009475130587816238,0.04463469982147217,False
pearson_windowavg,0,580,113,339,-0.009473797865211964,-0.20311123132705688,True
pearson_windowavg,0,581,67,128,-0.009469886310398579,-0.12373043596744537,True
pearson_windowavg,0,582,142,339,-0.009467782452702522,-0.2454565018415451,True
pearson_windowavg,0,583,22,190,-0.009467175230383873,-0.024655139073729515,True
pearson_windowavg,0,584,83,335,-0.009466992691159248,-0.21394039690494537,True
pearson_windowavg,0,585,170,258,-0.00946534238755703,-0.2356811761856079,True
pearson_windowavg,0,586,272,329,-0.009465282782912254,-0.0674634650349617,True
pearson_windowavg,0,587,146,173,-0.009461983107030392,-0.17079061269760132,True
pearson_windowavg,0,588,33,148,-0.0094612380489707,-0.008248808793723583,True
pearson_windowavg,0,589,291,337,-0.009460908360779285,-0.23805487155914307,True
pearson_windowavg,0,590,119,241,0.009459083899855614,0.09518905729055405,True
pearson_windowavg,0,591,98,291,-0.009456894360482693,-0.15905921161174774,True
pearson_windowavg,0,592,179,215,-0.009454581886529922,-0.18800748884677887,True
pearson_windowavg,0,593,38,224,-0.009452799335122108,0.034572191536426544,False
pearson_windowavg,0,594,164,251,0.009450811892747879,0.23686105012893677,True
pearson_windowavg,0,595,136,137,-0.009441983886063099,-0.13520939648151398,True
pearson_windowavg,0,596,194,336,-0.009440544061362743,-0.16900555789470673,True
pearson_windowavg,0,597,193,275,-0.00943895522505045,-0.026424910873174667,True
pearson_windowavg,0,598,169,379,0.009434347040951252,0.2346532940864563,True
pearson_windowavg,0,599,82,336,-0.009432876482605934,-0.1499519795179367,True
pearson_windowavg,0,600,82,334,-0.009432842954993248,-0.04494534060359001,True
pearson_windowavg,0,601,27,146,-0.009432547725737095,0.09778209030628204,False
pearson_windowavg,0,602,123,126,-0.009432398714125156,-0.21628376841545105,True
pearson_windowavg,0,603,166,379,0.009429079480469227,0.257463663816452,True
pearson_windowavg,0,604,164,367,0.00942719355225563,0.16269949078559875,True
pearson_windowavg,0,605,311,338,-0.009426427073776722,-0.218847393989563,True
pearson_windowavg,0,606,206,215,-0.00942639447748661,-0.18210139870643616,True
pearson_windowavg,0,607,212,253,-0.009426060132682323,-0.14195039868354797,True
pearson_windowavg,0,608,72,288,-0.009424049407243729,-0.01638423278927803,True
pearson_windowavg,0,609,166,288,-0.0094235735014081,-0.15279445052146912,True
pearson_windowavg,0,610,72,166,-0.009422269649803638,-0.0809040516614914,True
pearson_windowavg,0,611,166,291,-0.009421133436262608,-0.2429841011762619,True
pearson_windowavg,0,612,139,340,-0.009415854699909687,-0.21133585274219513,True
pearson_windowavg,0,613,238,329,-0.009414291940629482,0.005475198850035667,False
pearson_windowavg,0,614,167,288,-0.00941333919763565,-0.2038729190826416,True
pearson_windowavg,0,615,207,268,-0.009410019963979721,-0.2421778440475464,True
pearson_windowavg,0,616,167,258,-0.00940448697656393,-0.1614367961883545,True
pearson_windowavg,0,617,167,290,-0.009402583353221416,-0.1615995317697525,True
pearson_windowavg,0,618,98,152,-0.009401335380971432,-0.17323000729084015,True
pearson_windowavg,0,619,112,343,-0.009401241317391396,-0.17748090624809265,True
pearson_windowavg,0,620,173,288,-0.009401186369359493,-0.21751710772514343,True
pearson_windowavg,0,621,62,69,-0.00939972698688507,-0.023691261187195778,True
pearson_windowavg,0,622,184,323,-0.009399439208209515,-0.060074057430028915,True
pearson_windowavg,0,623,32,222,-0.009398059919476509,0.03419285640120506,False
pearson_windowavg,0,624,104,265,-0.009393916465342045,-0.14515550434589386,True
pearson_windowavg,0,625,84,329,-0.009385185316205025,-0.060559503734111786,True
pearson_windowavg,0,626,166,238,-0.009384029544889927,-0.17028453946113586,True
pearson_windowavg,0,627,171,271,-0.009383848868310452,-0.13461753726005554,True
pearson_windowavg,0,628,67,263,-0.009383821859955788,-0.02372279390692711,True
pearson_windowavg,0,629,207,269,-0.009380663745105267,-0.18044309318065643,True
pearson_windowavg,0,630,210,379,0.009378738701343536,0.10620255023241043,True
pearson_windowavg,0,631,114,322,-0.009378180839121342,-0.07718147337436676,True
pearson_windowavg,0,632,110,276,0.009375642985105515,0.2011227309703827,True
pearson_windowavg,0,633,133,341,-0.009373999200761318,-0.30807581543922424,True
pearson_windowavg,0,634,310,337,-0.009372323751449585,-0.25250983238220215,True
pearson_windowavg,0,635,21,93,-0.009370923973619938,-0.14964446425437927,True
pearson_windowavg,0,636,110,269,0.009369226172566414,0.05262880027294159,True
pearson_windowavg,0,637,73,174,-0.009367723017930984,-0.08245092630386353,True
pearson_windowavg,0,638,134,193,-0.009367705322802067,-0.05498870834708214,True
pearson_windowavg,0,639,182,261,-0.00936612393707037,-0.1509239673614502,True
pearson_windowavg,0,640,124,141,-0.009365224279463291,-0.1820923537015915,True
pearson_windowavg,0,641,84,192,-0.009364979341626167,-0.16710518300533295,True
pearson_windowavg,0,642,3,100,-0.009360004216432571,-0.11258922517299652,True
pearson_windowavg,0,643,317,373,0.009359637275338173,0.07455851137638092,True
pearson_windowavg,0,644,126,336,-0.009359622374176979,-0.12837453186511993,True
pearson_windowavg,0,645,272,328,-0.009359484538435936,-0.1762969195842743,True
pearson_windowavg,0,646,26,381,0.009357943199574947,0.1212695762515068,True
pearson_windowavg,0,647,70,73,-0.00935439858585596,0.034480851143598557,False
pearson_windowavg,0,648,246,358,0.009354320354759693,0.049929630011320114,True
pearson_windowavg,0,649,41,146,-0.009353318251669407,0.027381982654333115,False
pearson_windowavg,0,650,66,288,-0.009349829517304897,-0.16060401499271393,True
pearson_windowavg,0,651,275,343,-0.009348112158477306,-0.021598028019070625,True
pearson_windowavg,0,652,69,167,-0.009345676749944687,-0.1709851771593094,True
pearson_windowavg,0,653,110,141,-0.00934103224426508,0.11002382636070251,False
pearson_windowavg,0,654,48,215,-0.009340154938399792,-0.1520543098449707,True
pearson_windowavg,0,655,51,111,-0.009335661306977272,-0.10959311574697495,True
pearson_windowavg,0,656,65,98,-0.009335460141301155,-0.08750537037849426,True
pearson_windowavg,0,657,167,238,-0.009333631955087185,-0.13509684801101685,True
pearson_windowavg,0,658,95,225,-0.009333568625152111,-0.06138169392943382,True
pearson_windowavg,0,659,177,264,-0.009333422407507896,-0.22662633657455444,True
pearson_windowavg,0,660,134,263,-0.009333021007478237,-0.033434346318244934,True
pearson_windowavg,0,661,132,192,-0.009331428445875645,0.005522754043340683,False
pearson_windowavg,0,662,95,229,-0.009330295026302338,-0.10735863447189331,True
pearson_windowavg,0,663,65,141,-0.009325182065367699,-0.013869664631783962,True
pearson_windowavg,0,664,65,143,-0.009325004182755947,-0.1041378378868103,True
pearson_windowavg,0,665,175,305,-0.009324999526143074,-0.20794816315174103,True
pearson_windowavg,0,666,98,234,-0.009321370162069798,0.006898840889334679,False
pearson_windowavg,0,667,171,284,-0.009320579469203949,-0.28876936435699463,True
pearson_windowavg,0,668,62,261,-0.009319577366113663,-0.08462368696928024,True
pearson_windowavg,0,669,175,288,-0.009318090975284576,-0.2432616502046585,True
pearson_windowavg,0,670,177,322,-0.009313403628766537,-0.00799543596804142,True
pearson_windowavg,0,671,195,289,-0.00931305717676878,-0.05991983786225319,True
pearson_windowavg,0,672,74,337,-0.009312765672802925,-0.13012979924678802,True
pearson_windowavg,0,673,113,141,-0.009312206879258156,-0.12076656520366669,True
pearson_windowavg,0,674,69,174,-0.009311800822615623,-0.1982913762331009,True
pearson_windowavg,0,675,170,284,-0.009310425259172916,-0.26897040009498596,True
pearson_windowavg,0,676,139,192,-0.009310359135270119,-0.13429027795791626,True
pearson_windowavg,0,677,70,142,-0.00931024830788374,-0.14353224635124207,True
pearson_windowavg,0,678,184,329,-0.009310202673077583,-0.16295771300792694,True
pearson_windowavg,0,679,134,142,-0.00930964294821024,-0.09137994050979614,True
pearson_windowavg,0,680,141,336,-0.00930564384907484,-0.2010284811258316,True
pearson_windowavg,0,681,55,367,0.009304389357566833,0.1051981970667839,True
pearson_windowavg,0,682,24,100,-0.009303889237344265,-0.003568696789443493,True
pearson_windowavg,0,683,290,335,-0.009303120896220207,-0.13324075937271118,True
pearson_windowavg,0,684,65,135,-0.009303011931478977,-0.19457398355007172,True
pearson_windowavg,0,685,114,323,-0.00930287316441536,-0.07131969183683395,True
pearson_windowavg,0,686,167,260,-0.009301912970840931,-0.24763695895671844,True
pearson_windowavg,0,687,113,126,-0.009301742538809776,-0.17750422656536102,True
pearson_windowavg,0,688,72,122,-0.00930086150765419,-0.000988089363090694,True
pearson_windowavg,0,689,304,336,-0.00930020771920681,-0.12125411629676819,True
pearson_windowavg,0,690,29,191,-0.009298606775701046,-0.08636259287595749,True
pearson_windowavg,0,691,125,142,-0.009294828400015831,-0.1973196417093277,True
pearson_windowavg,0,692,131,191,-0.009294374845921993,-0.0812162235379219,True
pearson_windowavg,0,693,57,141,-0.009291714057326317,-0.11233530193567276,True
pearson_windowavg,0,694,177,283,-0.00929099228233099,-0.14789505302906036,True
pearson_windowavg,0,695,321,369,0.009289837442338467,0.05186143517494202,True
pearson_windowavg,0,696,374,381,0.009288232773542404,0.2030060589313507,True
pearson_windowavg,0,697,166,295,-0.009284495376050472,-0.1879861056804657,True
pearson_windowavg,0,698,66,128,-0.009281251579523087,-0.15793459117412567,True
pearson_windowavg,0,699,65,128,-0.009281231090426445,-0.19126386940479279,True
pearson_windowavg,0,700,19,265,0.00927792303264141,0.10370862483978271,True
pearson_windowavg,0,701,213,277,-0.009277425706386566,-0.042312148958444595,True
pearson_windowavg,0,702,51,112,-0.009273442439734936,-0.09153701364994049,True
pearson_windowavg,0,703,155,367,0.009273029863834381,0.11146751046180725,True
pearson_windowavg,0,704,88,89,-0.009270977228879929,-0.1043018251657486,True
pearson_windowavg,0,705,58,106,-0.009268839843571186,0.037330079823732376,False
pearson_windowavg,0,706,170,293,-0.009268599562346935,-0.24960796535015106,True
pearson_windowavg,0,707,113,192,-0.009267961606383324,-0.15674139559268951,True
pearson_windowavg,0,708,65,193,-0.00926746241748333,0.029396504163742065,False
pearson_windowavg,0,709,56,109,-0.00926737580448389,-0.05465582758188248,True
pearson_windowavg,0,710,215,253,-0.00926678441464901,-0.22904518246650696,True
pearson_windowavg,0,711,113,142,-0.009261032566428185,-0.19352975487709045,True
pearson_windowavg,0,712,177,236,-0.00925908051431179,-0.1316191405057907,True
pearson_windowavg,0,713,292,333,-0.009257474914193153,-0.13374806940555573,True
pearson_windowavg,0,714,62,79,-0.009255555458366871,0.052647873759269714,False
pearson_windowavg,0,715,191,280,-0.009255548939108849,-0.06945755332708359,True
pearson_windowavg,0,716,177,292,-0.009255384095013142,-0.1383676379919052,True
pearson_windowavg,0,717,65,122,-0.009254378266632557,-0.1644052416086197,True
pearson_windowavg,0,718,51,336,-0.0092515479773283,-0.24592329561710358,True
pearson_windowavg,0,719,288,335,-0.00925042387098074,-0.1924763023853302,True
pearson_windowavg,0,720,72,142,-0.009249797090888023,-0.10845888406038284,True
pearson_windowavg,0,721,70,72,-0.009249289520084858,0.02835679240524769,False
pearson_windowavg,0,722,110,335,-0.009247339330613613,-0.1784650981426239,True
pearson_windowavg,0,723,139,142,-0.00924655795097351,-0.19267910718917847,True
pearson_windowavg,0,724,92,93,-0.009246437810361385,-0.154277965426445,True
pearson_windowavg,0,725,62,291,-0.009245376102626324,-0.08404291421175003,True
pearson_windowavg,0,726,58,108,-0.009243695996701717,-0.1095094159245491,True
pearson_windowavg,0,727,148,149,-0.009242280386388302,0.12733836472034454,False
pearson_windowavg,0,728,31,148,-0.009240563027560711,-0.024215878918766975,True
pearson_windowavg,0,729,66,289,-0.009240328334271908,-0.20122461020946503,True
pearson_windowavg,0,730,68,336,-0.009237735532224178,-0.21771536767482758,True
pearson_windowavg,0,731,328,337,-0.00923582911491394,-0.09824817627668381,True
pearson_windowavg,0,732,129,336,-0.009232998825609684,-0.3034560978412628,True
pearson_windowavg,0,733,50,191,-0.009230554103851318,-0.0851048082113266,True
pearson_windowavg,0,734,154,367,0.00923019926995039,0.135107159614563,True
pearson_windowavg,0,735,29,106,-0.009229609742760658,0.03341776505112648,False
varconet_selected,0,1,212,269,-0.017359470948576927,-0.367194265127182,True
varconet_selected,0,2,213,269,-0.017310766503214836,-0.28253117203712463,True
varconet_selected,0,3,166,260,-0.01636853627860546,-0.4140818119049072,True
varconet_selected,0,4,240,269,-0.016186706721782684,-0.24061964452266693,True
varconet_selected,0,5,216,267,-0.016051121056079865,-0.35960105061531067,True
varconet_selected,0,6,126,337,-0.015918761491775513,-0.20032796263694763,True
varconet_selected,0,7,272,336,-0.015677349641919136,-0.1949337124824524,True
varconet_selected,0,8,243,249,-0.015589632093906403,-0.13423606753349304,True
varconet_selected,0,9,166,259,-0.015584620647132397,-0.349489688873291,True
varconet_selected,0,10,166,261,-0.015396603383123875,-0.41575729846954346,True
varconet_selected,0,11,33,150,-0.015292654745280743,-0.18474864959716797,True
varconet_selected,0,12,213,253,-0.015236031264066696,-0.19883723556995392,True
varconet_selected,0,13,111,269,0.015120081603527069,0.09224966168403625,True
varconet_selected,0,14,216,269,-0.01507185585796833,-0.3287925124168396,True
varconet_selected,0,15,268,269,-0.015023505315184593,-0.1508249044418335,True
varconet_selected,0,16,93,151,-0.014872775413095951,-0.3297629654407501,True
varconet_selected,0,17,167,259,-0.014865321107208729,-0.3751038610935211,True
varconet_selected,0,18,216,266,-0.014798845164477825,-0.3504307270050049,True
varconet_selected,0,19,212,267,-0.014767876826226711,-0.35426968336105347,True
varconet_selected,0,20,166,263,-0.014765510335564613,-0.42141053080558777,True
varconet_selected,0,21,33,148,-0.01462481264024973,-0.04114736244082451,True
varconet_selected,0,22,215,268,-0.014549216255545616,-0.383022278547287,True
varconet_selected,0,23,215,266,-0.014480323530733585,-0.3875429332256317,True
varconet_selected,0,24,213,268,-0.014410912990570068,-0.3368447721004486,True
varconet_selected,0,25,173,293,-0.014349832199513912,-0.35500767827033997,True
varconet_selected,0,26,66,261,-0.014292024075984955,-0.16062156856060028,True
varconet_selected,0,27,66,262,-0.014259114861488342,-0.09649888426065445,True
varconet_selected,0,28,33,146,-0.014165413565933704,-0.10810313373804092,True
varconet_selected,0,29,240,253,-0.014094810001552105,-0.2144067883491516,True
varconet_selected,0,30,31,148,-0.014064672403037548,-0.15683257579803467,True
varconet_selected,0,31,111,267,0.013893650844693184,0.0445227213203907,True
varconet_selected,0,32,66,259,-0.013875707983970642,-0.11641628295183182,True
varconet_selected,0,33,66,263,-0.013865750283002853,-0.13428309559822083,True
varconet_selected,0,34,166,373,0.01385714951902628,0.08775334805250168,True
varconet_selected,0,35,132,337,-0.01380817499011755,-0.23285159468650818,True
varconet_selected,0,36,217,266,-0.013799003325402737,-0.36070579290390015,True
varconet_selected,0,37,41,146,-0.01377811748534441,-0.01369133684784174,True
varconet_selected,0,38,339,340,-0.013773961924016476,-0.35749146342277527,True
varconet_selected,0,39,200,337,0.013717731460928917,0.19060105085372925,True
varconet_selected,0,40,241,269,-0.013639755547046661,-0.13093562424182892,True
varconet_selected,0,41,151,261,0.013625770807266235,0.06214828044176102,True
varconet_selected,0,42,150,175,-0.013618542812764645,-0.2593604624271393,True
varconet_selected,0,43,166,379,0.013604486361145973,0.22919461131095886,True
varconet_selected,0,44,167,379,0.013585507869720459,0.280979722738266,True
varconet_selected,0,45,166,257,-0.013549067080020905,-0.19998924434185028,True
varconet_selected,0,46,166,372,0.013546645641326904,0.17079892754554749,True
varconet_selected,0,47,240,277,-0.01352835725992918,-0.1672440767288208,True
varconet_selected,0,48,19,265,0.013506860472261906,0.15841108560562134,True
varconet_selected,0,49,111,277,0.013490727171301842,0.10363736748695374,True
varconet_selected,0,50,66,260,-0.013481962494552135,-0.1709861010313034,True
varconet_selected,0,51,147,249,-0.013475942425429821,-0.13701701164245605,True
varconet_selected,0,52,151,262,0.013447470963001251,-0.01348636019974947,False
varconet_selected,0,53,215,269,-0.013382842764258385,-0.3115738332271576,True
varconet_selected,0,54,167,258,-0.013373193331062794,-0.2843512296676636,True
varconet_selected,0,55,62,81,-0.013368361629545689,-0.061961907893419266,True
varconet_selected,0,56,213,267,-0.013345954939723015,-0.21292968094348907,True
varconet_selected,0,57,172,259,-0.013345519080758095,-0.16337858140468597,True
varconet_selected,0,58,166,232,-0.013322393409907818,-0.22410626709461212,True
varconet_selected,0,59,321,362,0.01330549642443657,0.024977916851639748,True
varconet_selected,0,60,213,277,-0.013280023820698261,-0.13662835955619812,True
varconet_selected,0,61,173,379,0.013162296265363693,0.28178539872169495,True
varconet_selected,0,62,153,295,-0.01315651461482048,-0.18821829557418823,True
varconet_selected,0,63,62,66,-0.013155913911759853,-0.10596544295549393,True
varconet_selected,0,64,250,259,0.013142475858330727,0.19006778299808502,True
varconet_selected,0,65,241,249,-0.013114316388964653,-0.2779476046562195,True
varconet_selected,0,66,241,253,-0.013102325610816479,-0.15517866611480713,True
varconet_selected,0,67,64,73,-0.013101339340209961,-0.03868608921766281,True
varconet_selected,0,68,172,261,-0.013083383440971375,-0.23500759899616241,True
varconet_selected,0,69,213,249,-0.013058321550488472,-0.3253518044948578,True
varconet_selected,0,70,217,270,-0.013057051226496696,-0.044784072786569595,True
varconet_selected,0,71,151,229,-0.013054946437478065,-0.1668279469013214,True
varconet_selected,0,72,66,164,-0.013038665987551212,-0.25989916920661926,True
varconet_selected,0,73,110,191,-0.013036944903433323,-0.2896421253681183,True
varconet_selected,0,74,31,269,0.01303388737142086,0.15032921731472015,True
varconet_selected,0,75,171,379,0.013012908399105072,0.2962961792945862,True
varconet_selected,0,76,142,337,-0.012935634702444077,-0.10367195308208466,True
varconet_selected,0,77,13,151,0.012931992299854755,0.03844980522990227,True
varconet_selected,0,78,183,379,0.012880450114607811,0.14037089049816132,True
varconet_selected,0,79,212,277,-0.012878748588263988,-0.19209687411785126,True
varconet_selected,0,80,95,150,-0.012867015786468983,-0.26604267954826355,True
varconet_selected,0,81,213,252,-0.01286425068974495,-0.22978031635284424,True
varconet_selected,0,82,275,337,-0.012848075479269028,-0.25587308406829834,True
varconet_selected,0,83,106,190,-0.012838326394557953,-0.09626185894012451,True
varconet_selected,0,84,153,294,-0.012830216437578201,-0.15779799222946167,True
varconet_selected,0,85,167,260,-0.012825479730963707,-0.363521933555603,True
varconet_selected,0,86,219,268,-0.012796138413250446,-0.14492854475975037,True
varconet_selected,0,87,146,209,-0.012787302024662495,-0.38227590918540955,True
varconet_selected,0,88,273,336,-0.012749934569001198,-0.2519570291042328,True
varconet_selected,0,89,63,66,-0.012746181339025497,-0.2010127305984497,True
varconet_selected,0,90,3,146,-0.012727251276373863,-0.29124128818511963,True
varconet_selected,0,91,242,306,0.01271461509168148,0.14694100618362427,True
varconet_selected,0,92,178,336,0.01267937757074833,0.23914475739002228,True
varconet_selected,0,93,112,269,0.0126792686060071,0.030216123908758163,True
varconet_selected,0,94,249,259,0.012657987885177135,0.15796972811222076,True
varconet_selected,0,95,272,337,-0.012654130347073078,-0.16867822408676147,True
varconet_selected,0,96,240,249,-0.012606673873960972,-0.32126161456108093,True
varconet_selected,0,97,242,249,-0.012589046731591225,-0.16783323884010315,True
varconet_selected,0,98,217,267,-0.012585006654262543,-0.3002184331417084,True
varconet_selected,0,99,215,276,-0.012581860646605492,-0.30300572514533997,True
varconet_selected,0,100,110,269,0.01257411390542984,-0.01790669746696949,False
varconet_selected,0,101,62,72,-0.012573255226016045,-0.09903845191001892,True
varconet_selected,0,102,62,73,-0.012573090381920338,-0.08213941752910614,True
varconet_selected,0,103,219,337,0.012550299987196922,0.23036707937717438,True
varconet_selected,0,104,174,373,0.012533958069980145,0.11495531350374222,True
varconet_selected,0,105,64,261,-0.012507428415119648,-0.07178546488285065,True
varconet_selected,0,106,171,373,0.012506356462836266,0.04053962975740433,True
varconet_selected,0,107,166,262,-0.01249164342880249,-0.40975871682167053,True
varconet_selected,0,108,13,175,0.012482769787311554,0.06250841915607452,True
varconet_selected,0,109,133,337,-0.01247658021748066,-0.25780540704727173,True
varconet_selected,0,110,19,267,0.012466429732739925,0.07421506941318512,True
varconet_selected,0,111,13,215,-0.012464052997529507,-0.10247070342302322,True
varconet_selected,0,112,213,276,-0.012447632849216461,-0.25048792362213135,True
varconet_selected,0,113,267,268,-0.012443454004824162,-0.17508214712142944,True
varconet_selected,0,114,274,337,-0.012424232438206673,-0.20358607172966003,True
varconet_selected,0,115,123,125,-0.012403369881212711,-0.05649198219180107,True
varconet_selected,0,116,166,258,-0.012400601990520954,-0.3250030279159546,True
varconet_selected,0,117,66,166,-0.012373770587146282,-0.19833245873451233,True
varconet_selected,0,118,16,286,0.012365724891424179,0.05577560514211655,True
varconet_selected,0,119,212,253,-0.012363847345113754,-0.26445579528808594,True
varconet_selected,0,120,166,378,0.012359200045466423,0.2501343786716461,True
varconet_selected,0,121,19,277,0.012321533635258675,-0.04028346762061119,False
varconet_selected,0,122,167,377,0.012294002808630466,0.16978096961975098,True
varconet_selected,0,123,58,222,-0.012291123159229755,0.06957869976758957,False
varconet_selected,0,124,69,250,0.012280717492103577,0.10753289610147476,True
varconet_selected,0,125,172,260,-0.012277315370738506,-0.22168035805225372,True
varconet_selected,0,126,214,269,-0.01226056832820177,-0.3351152241230011,True
varconet_selected,0,127,215,267,-0.012249202467501163,-0.23845884203910828,True
varconet_selected,0,128,129,173,-0.012245452031493187,-0.23892639577388763,True
varconet_selected,0,129,274,336,-0.012239688076078892,-0.19951371848583221,True
varconet_selected,0,130,67,166,-0.0121893510222435,-0.28391969203948975,True
varconet_selected,0,131,229,261,0.012183059938251972,0.26691997051239014,True
varconet_selected,0,132,173,290,-0.012156740762293339,-0.2447025030851364,True
varconet_selected,0,133,171,293,-0.01215346623212099,-0.2722705602645874,True
varconet_selected,0,134,149,239,0.012139322236180305,0.17976367473602295,True
varconet_selected,0,135,167,261,-0.012121598236262798,-0.4116761386394501,True
varconet_selected,0,136,241,339,0.012106500566005707,0.1821906864643097,True
varconet_selected,0,137,213,266,-0.012106173671782017,-0.27910760045051575,True
varconet_selected,0,138,151,263,0.012102923355996609,0.04761530086398125,True
varconet_selected,0,139,171,375,0.012089695781469345,0.07189972698688507,True
varconet_selected,0,140,268,277,-0.012074509635567665,-0.1344381421804428,True
varconet_selected,0,141,241,307,0.012069856747984886,0.20484116673469543,True
varconet_selected,0,142,284,290,0.01206925604492426,0.23843182623386383,True
varconet_selected,0,143,111,266,0.01206272467970848,0.14793871343135834,True
varconet_selected,0,144,13,31,0.012015976943075657,0.1408642828464508,True
varconet_selected,0,145,175,295,-0.01201069075614214,-0.31770050525665283,True
varconet_selected,0,146,2,36,-0.012001599185168743,-0.0356738343834877,True
varconet_selected,0,147,112,328,-0.012000090442597866,-0.08126255124807358,True
varconet_selected,0,148,267,322,-0.011991128325462341,-0.12316975742578506,True
varconet_selected,0,149,174,379,0.01198520790785551,0.24937427043914795,True
varconet_selected,0,150,217,268,-0.011984431184828281,-0.44807809591293335,True
varconet_selected,0,151,67,93,0.011952806264162064,0.10808250308036804,True
varconet_selected,0,152,217,269,-0.011951178312301636,-0.31434395909309387,True
varconet_selected,0,153,93,261,0.011940836906433105,0.08306054770946503,True
varconet_selected,0,154,219,276,-0.011939016170799732,-0.14340190589427948,True
varconet_selected,0,155,167,295,-0.011938468553125858,-0.35517337918281555,True
varconet_selected,0,156,103,151,0.011934706941246986,0.14732366800308228,True
varconet_selected,0,157,64,259,-0.011933425441384315,-0.09050947427749634,True
varconet_selected,0,158,185,195,0.011930651031434536,0.17562855780124664,True
varconet_selected,0,159,213,248,-0.01192273199558258,-0.3398430049419403,True
varconet_selected,0,160,126,143,-0.011914567090570927,-0.2067720592021942,True
varconet_selected,0,161,93,150,-0.011910014785826206,-0.1771785169839859,True
varconet_selected,0,162,67,134,-0.01189816277474165,-0.16709822416305542,True
varconet_selected,0,163,276,277,-0.011893960647284985,-0.40704506635665894,True
varconet_selected,0,164,175,379,0.011888885870575905,0.27541184425354004,True
varconet_selected,0,165,1,372,-0.011874357238411903,-0.0831347182393074,True
varconet_selected,0,166,62,77,-0.011868013069033623,0.0048340316861867905,False
varconet_selected,0,167,236,336,-0.011862944811582565,-0.07479752600193024,True
varconet_selected,0,168,212,266,-0.01184069737792015,-0.3727788031101227,True
varconet_selected,0,169,251,259,0.01183396391570568,0.2038121074438095,True
varconet_selected,0,170,158,174,-0.01183009147644043,-0.06807707995176315,True
varconet_selected,0,171,212,215,-0.011805647984147072,-0.19071602821350098,True
varconet_selected,0,172,166,377,0.011798961088061333,0.17323452234268188,True
varconet_selected,0,173,153,179,0.01178721059113741,0.08818988502025604,True
varconet_selected,0,174,58,224,-0.01176996249705553,-0.11216171830892563,True
varconet_selected,0,175,13,179,-0.011757012456655502,-0.07679881900548935,True
varconet_selected,0,176,120,176,0.011753974482417107,0.18114355206489563,True
varconet_selected,0,177,62,263,-0.011737924069166183,-0.03545469418168068,True
varconet_selected,0,178,63,68,-0.011731384322047234,-0.04990455508232117,True
varconet_selected,0,179,173,295,-0.011719507165253162,-0.2262994945049286,True
varconet_selected,0,180,240,307,0.01171276718378067,0.26268482208251953,True
varconet_selected,0,181,206,209,-0.011712489649653435,-0.1294686198234558,True
varconet_selected,0,182,95,229,-0.011703790165483952,-0.14130671322345734,True
varconet_selected,0,183,62,261,-0.011691887862980366,-0.14750553667545319,True
varconet_selected,0,184,27,146,-0.011683235876262188,0.03877400979399681,False
varconet_selected,0,185,337,340,-0.011679691262543201,-0.1980806142091751,True
varconet_selected,0,186,151,260,0.011666339822113514,0.10367771238088608,True
varconet_selected,0,187,48,337,0.0116477832198143,0.12715953588485718,True
varconet_selected,0,188,64,263,-0.011644999496638775,-0.03892849385738373,True
varconet_selected,0,189,172,263,-0.011643473990261555,-0.21121415495872498,True
varconet_selected,0,190,100,336,-0.011628488078713417,0.11431854218244553,False
varconet_selected,0,191,84,336,-0.011619980446994305,-0.24219854176044464,True
varconet_selected,0,192,157,179,0.011603937484323978,0.2124669849872589,True
varconet_selected,0,193,207,212,-0.011600568890571594,-0.24018792808055878,True
varconet_selected,0,194,164,260,-0.011592225171625614,-0.20452763140201569,True
varconet_selected,0,195,167,372,0.01159219816327095,0.15792216360569,True
varconet_selected,0,196,229,260,0.011591649614274502,0.29904648661613464,True
varconet_selected,0,197,173,291,-0.011589553207159042,-0.2785947918891907,True
varconet_selected,0,198,201,284,-0.011587241664528847,-0.17134223878383636,True
varconet_selected,0,199,266,267,-0.011586231179535389,-0.11160459369421005,True
varconet_selected,0,200,105,270,-0.011586221866309643,-0.14603497087955475,True
varconet_selected,0,201,166,253,0.011578784324228764,0.3601498305797577,True
varconet_selected,0,202,36,200,-0.01157248206436634,-0.04638202115893364,True
varconet_selected,0,203,106,191,-0.011568170972168446,-0.19722813367843628,True
varconet_selected,0,204,179,216,-0.011567844077944756,-0.13535869121551514,True
varconet_selected,0,205,64,249,0.011560700833797455,0.26964497566223145,True
varconet_selected,0,206,9,205,0.011558398604393005,0.03408384695649147,True
varconet_selected,0,207,234,336,-0.011553814634680748,-0.10608580708503723,True
varconet_selected,0,208,111,253,0.011549726128578186,0.06417526304721832,True
varconet_selected,0,209,1,252,-0.011533104814589024,-0.3063834309577942,True
varconet_selected,0,210,67,293,-0.01152852177619934,-0.1648438721895218,True
varconet_selected,0,211,270,323,-0.0115269860252738,-0.049696676433086395,True
varconet_selected,0,212,174,376,0.011518985033035278,0.16533103585243225,True
varconet_selected,0,213,283,287,0.011517347767949104,-0.13451792299747467,False
varconet_selected,0,214,225,244,-0.011504072695970535,-0.07290221750736237,True
varconet_selected,0,215,243,248,-0.011502856388688087,-0.039382629096508026,True
varconet_selected,0,216,212,268,-0.01149720512330532,-0.3544867932796478,True
varconet_selected,0,217,134,261,-0.011496711522340775,-0.02093503251671791,True
varconet_selected,0,218,135,263,-0.011494464240968227,0.03226941078901291,False
varconet_selected,0,219,174,232,-0.01149358507245779,-0.1844264715909958,True
varconet_selected,0,220,31,267,0.011481561698019505,0.09858302772045135,True
varconet_selected,0,221,63,72,-0.011475660838186741,-0.13151021301746368,True
varconet_selected,0,222,320,374,0.01147459913045168,0.11905650794506073,True
varconet_selected,0,223,167,257,-0.011470907367765903,-0.30542558431625366,True
varconet_selected,0,224,123,124,-0.011456786654889584,-0.1001606211066246,True
varconet_selected,0,225,110,207,0.011443750001490116,0.05833816155791283,True
varconet_selected,0,226,105,283,-0.011434067972004414,-0.12896424531936646,True
varconet_selected,0,227,200,336,0.011429911479353905,0.15666484832763672,True
varconet_selected,0,228,177,270,-0.01142770517617464,-0.1471332311630249,True
varconet_selected,0,229,240,310,0.011427248828113079,0.12949590384960175,True
varconet_selected,0,230,178,337,0.01142670027911663,0.20112375915050507,True
varconet_selected,0,231,183,375,0.011426335200667381,0.10301785916090012,True
varconet_selected,0,232,266,322,-0.011419123969972134,-0.05840818211436272,True
varconet_selected,0,233,209,284,-0.0114178117364645,-0.24810080230236053,True
varconet_selected,0,234,207,284,-0.011416647583246231,-0.3151571750640869,True
varconet_selected,0,235,266,269,-0.011409926228225231,-0.14674462378025055,True
varconet_selected,0,236,167,293,-0.011409408412873745,-0.4035353362560272,True
varconet_selected,0,237,62,79,-0.011408711783587933,0.023796532303094864,False
varconet_selected,0,238,179,213,-0.011406855657696724,-0.27288034558296204,True
varconet_selected,0,239,166,256,-0.01140110194683075,-0.2106122374534607,True
varconet_selected,0,240,270,322,-0.011394775472581387,-0.0877155065536499,True
varconet_selected,0,241,150,151,-0.011394673027098179,-0.020347749814391136,True
varconet_selected,0,242,107,267,0.011392893269658089,0.05008016154170036,True
varconet_selected,0,243,240,267,-0.011381803080439568,-0.28271248936653137,True
varconet_selected,0,244,179,269,-0.011381486430764198,-0.20006217062473297,True
varconet_selected,0,245,167,373,0.011378612369298935,0.07347635924816132,True
varconet_selected,0,246,13,252,-0.01137428730726242,-0.24711847305297852,True
varconet_selected,0,247,77,106,0.011372028850018978,0.029930874705314636,True
varconet_selected,0,248,273,337,-0.011367804370820522,-0.0948183462023735,True
varconet_selected,0,249,173,292,-0.011366529390215874,-0.37019082903862,True
varconet_selected,0,250,209,212,-0.011365223675966263,-0.22797805070877075,True
varconet_selected,0,251,150,261,0.011352754198014736,0.018173376098275185,True
varconet_selected,0,252,128,175,-0.01134889479726553,-0.2881098985671997,True
varconet_selected,0,253,166,376,0.011345689184963703,0.12655429542064667,True
varconet_selected,0,254,166,290,-0.01134449616074562,-0.08612844347953796,True
varconet_selected,0,255,216,268,-0.01133650541305542,-0.3812633454799652,True
varconet_selected,0,256,66,239,-0.011332050897181034,-0.07960448414087296,True
varconet_selected,0,257,109,253,0.011323264800012112,0.0654420256614685,True
varconet_selected,0,258,175,373,0.011301142163574696,0.16092760860919952,True
varconet_selected,0,259,241,277,-0.011294578202068806,-0.12770138680934906,True
varconet_selected,0,260,240,339,0.011290312744677067,0.2341408133506775,True
varconet_selected,0,261,62,67,-0.011288600973784924,-0.05405450984835625,True
varconet_selected,0,262,207,252,-0.011288512498140335,-0.28806406259536743,True
varconet_selected,0,263,157,215,0.011288466863334179,0.11744807660579681,True
varconet_selected,0,264,167,290,-0.011286149732768536,-0.22517912089824677,True
varconet_selected,0,265,173,287,-0.011276728473603725,-0.26241251826286316,True
varconet_selected,0,266,174,378,0.011274066753685474,0.29282817244529724,True
varconet_selected,0,267,157,229,-0.011273276060819626,-0.20257821679115295,True
varconet_selected,0,268,134,337,-0.011254910379648209,-0.16874587535858154,True
varconet_selected,0,269,177,284,-0.011240613646805286,-0.1974155455827713,True
varconet_selected,0,270,275,336,-0.011239525862038136,-0.2708064019680023,True
varconet_selected,0,271,179,277,-0.011238888837397099,-0.22146806120872498,True
varconet_selected,0,272,61,231,0.011230460368096828,0.3389618694782257,True
varconet_selected,0,273,217,276,-0.011226310394704342,-0.3214549720287323,True
varconet_selected,0,274,88,89,-0.011224810034036636,-0.18794593214988708,True
varconet_selected,0,275,67,291,-0.011216769926249981,-0.1015617772936821,True
varconet_selected,0,276,13,157,0.011214666068553925,0.1697283834218979,True
varconet_selected,0,277,72,282,-0.011211544275283813,-0.09414810687303543,True
varconet_selected,0,278,1,284,-0.011201565153896809,-0.04904589056968689,True
varconet_selected,0,279,139,337,-0.011198936030268669,-0.15190453827381134,True
varconet_selected,0,280,97,229,-0.011198733933269978,-0.140267014503479,True
varconet_selected,0,281,148,149,-0.011194479651749134,0.09314088523387909,False
varconet_selected,0,282,212,249,-0.011189280077815056,-0.3203379511833191,True
varconet_selected,0,283,95,148,-0.011187856085598469,-0.20414918661117554,True
varconet_selected,0,284,110,336,-0.011175885796546936,-0.057227399200201035,True
varconet_selected,0,285,175,292,-0.011171209625899792,-0.32993245124816895,True
varconet_selected,0,286,175,237,-0.01116967760026455,-0.15587392449378967,True
varconet_selected,0,287,179,266,-0.011169050820171833,-0.31538569927215576,True
varconet_selected,0,288,167,288,-0.011167936027050018,-0.26004675030708313,True
varconet_selected,0,289,12,215,-0.011167455464601517,-0.0933978334069252,True
varconet_selected,0,290,148,225,-0.011164230294525623,-0.23232150077819824,True
varconet_selected,0,291,124,176,0.011162697337567806,0.1962798684835434,True
varconet_selected,0,292,209,240,-0.01116185262799263,-0.1255962997674942,True
varconet_selected,0,293,16,279,0.011156700551509857,0.017547784373164177,True
varconet_selected,0,294,240,341,0.011152556166052818,0.21746128797531128,True
varconet_selected,0,295,103,157,0.011151007376611233,0.16880841553211212,True
varconet_selected,0,296,229,262,0.011147897690534592,0.3175472319126129,True
varconet_selected,0,297,97,375,-0.01114325225353241,-0.1743122935295105,True
varconet_selected,0,298,93,259,0.011143107898533344,0.03458404541015625,True
varconet_selected,0,299,171,284,-0.011141288094222546,-0.24299025535583496,True
varconet_selected,0,300,170,259,-0.011131414212286472,-0.18587787449359894,True
varconet_selected,0,301,237,259,0.011127470061182976,0.21759513020515442,True
varconet_selected,0,302,273,335,-0.011121904477477074,-0.15330055356025696,True
varconet_selected,0,303,177,273,-0.011118395254015923,-0.06902358680963516,True
varconet_selected,0,304,175,269,0.011113016866147518,0.2600069046020508,True
varconet_selected,0,305,171,291,-0.011111699044704437,-0.18760256469249725,True
varconet_selected,0,306,166,369,0.011110666207969189,0.07382412999868393,True
varconet_selected,0,307,110,266,0.011108709499239922,0.02050941064953804,True
varconet_selected,0,308,30,38,-0.011101006530225277,-0.12818527221679688,True
varconet_selected,0,309,62,68,-0.011094215326011181,-0.0032872254960238934,True
varconet_selected,0,310,104,124,0.011085690930485725,0.10976472496986389,True
varconet_selected,0,311,269,351,-0.011085068807005882,-0.018188104033470154,True
varconet_selected,0,312,207,253,-0.011077635921537876,-0.2612335979938507,True
varconet_selected,0,313,36,273,0.011077542789280415,-0.002112674992531538,False
varconet_selected,0,314,156,175,-0.011075352318584919,-0.1373579204082489,True
varconet_selected,0,315,174,372,0.011071626096963882,0.14118875563144684,True
varconet_selected,0,316,97,151,-0.011067361570894718,-0.19022592902183533,True
varconet_selected,0,317,16,250,0.011056694202125072,0.1106594055891037,True
varconet_selected,0,318,67,282,-0.01104966551065445,-0.24729248881340027,True
varconet_selected,0,319,214,267,-0.011047682724893093,-0.2929289937019348,True
varconet_selected,0,320,207,249,-0.011046315543353558,-0.326549768447876,True
varconet_selected,0,321,219,269,-0.011044247075915337,-0.08155669271945953,True
varconet_selected,0,322,218,276,-0.011040819808840752,-0.07754296064376831,True
varconet_selected,0,323,229,259,0.01103796437382698,0.21157510578632355,True
varconet_selected,0,324,174,377,0.011035068891942501,0.15145374834537506,True
varconet_selected,0,325,264,267,-0.011032216250896454,-0.1529601812362671,True
varconet_selected,0,326,171,270,-0.011022243648767471,-0.28038671612739563,True
varconet_selected,0,327,139,328,-0.01102219708263874,-0.12491152435541153,True
varconet_selected,0,328,120,266,0.011010552756488323,-0.008564934134483337,False
varconet_selected,0,329,105,120,0.011008836328983307,0.07937470823526382,True
varconet_selected,0,330,170,258,-0.011007576249539852,-0.22920580208301544,True
varconet_selected,0,331,67,128,-0.010994449257850647,-0.0932174101471901,True
varconet_selected,0,332,253,351,-0.0109927449375391,-0.03750591725111008,True
varconet_selected,0,333,237,261,0.010969779454171658,0.1964721530675888,True
varconet_selected,0,334,212,307,0.010967346839606762,0.2965947091579437,True
varconet_selected,0,335,179,215,-0.010964998044073582,-0.1771858036518097,True
varconet_selected,0,336,29,269,0.01096443273127079,0.2529384195804596,True
varconet_selected,0,337,218,268,-0.010953293181955814,-0.049102816730737686,True
varconet_selected,0,338,150,225,-0.0109420670196414,-0.3599175810813904,True
varconet_selected,0,339,107,266,0.010938528925180435,0.09191432595252991,True
varconet_selected,0,340,207,269,-0.010933765210211277,-0.22402523458003998,True
varconet_selected,0,341,265,298,0.010923787951469421,0.16625352203845978,True
varconet_selected,0,342,157,231,-0.010922523215413094,-0.21169720590114594,True
varconet_selected,0,343,283,337,-0.010921720415353775,-0.1508447229862213,True
varconet_selected,0,344,108,322,-0.01091944333165884,-0.1571982055902481,True
varconet_selected,0,345,174,295,-0.010915925726294518,-0.11359306424856186,True
varconet_selected,0,346,14,286,0.010912138968706131,0.14183665812015533,True
varconet_selected,0,347,243,306,0.010903146117925644,0.007495407480746508,True
varconet_selected,0,348,19,228,-0.01089357677847147,-0.156667098402977,True
varconet_selected,0,349,33,93,-0.010884725488722324,-0.06677732616662979,True
varconet_selected,0,350,157,225,-0.010879680514335632,-0.2629680335521698,True
varconet_selected,0,351,169,291,-0.01087929680943489,-0.15659649670124054,True
varconet_selected,0,352,215,277,-0.010876337066292763,-0.17154420912265778,True
varconet_selected,0,353,63,69,-0.010872750543057919,-0.034556664526462555,True
varconet_selected,0,354,16,278,0.010872199200093746,0.08471588790416718,True
varconet_selected,0,355,213,307,0.01086682453751564,0.2902448773384094,True
varconet_selected,0,356,273,328,-0.010865266434848309,-0.16075998544692993,True
varconet_selected,0,357,46,279,0.010864038951694965,0.14803896844387054,True
varconet_selected,0,358,67,292,-0.010861295275390148,-0.11263307929039001,True
varconet_selected,0,359,68,166,-0.010859556496143341,-0.255838006734848,True
varconet_selected,0,360,321,375,0.010855598375201225,0.07749828696250916,True
varconet_selected,0,361,173,294,-0.010855099186301231,-0.2958739101886749,True
varconet_selected,0,362,111,265,0.010847621597349644,0.12477069348096848,True
varconet_selected,0,363,161,292,-0.010846631601452827,-0.15493716299533844,True
varconet_selected,0,364,266,351,-0.010841692797839642,-0.10950878262519836,True
varconet_selected,0,365,33,267,0.010840373113751411,0.10099931061267853,True
varconet_selected,0,366,129,301,0.010838293470442295,0.026718350127339363,True
varconet_selected,0,367,13,212,-0.010834424756467342,-0.19731228053569794,True
varconet_selected,0,368,249,261,0.010832367464900017,0.1677800714969635,True
varconet_selected,0,369,102,170,-0.010826045647263527,-0.2472837120294571,True
varconet_selected,0,370,206,269,-0.010815642774105072,-0.3086244463920593,True
varconet_selected,0,371,67,305,-0.0108152711763978,-0.2493738979101181,True
varconet_selected,0,372,97,231,-0.010810159146785736,-0.17362433671951294,True
varconet_selected,0,373,149,228,-0.010799148119986057,-0.2043168544769287,True
varconet_selected,0,374,269,276,-0.010799081064760685,-0.30018821358680725,True
varconet_selected,0,375,240,252,-0.010793418623507023,-0.22097741067409515,True
varconet_selected,0,376,93,102,0.01078914012759924,0.3086875081062317,True
varconet_selected,0,377,12,179,-0.010788585990667343,-0.20375680923461914,True
varconet_selected,0,378,69,251,0.010781480930745602,0.12284831702709198,True
varconet_selected,0,379,215,216,-0.010779847390949726,-0.16488942503929138,True
varconet_selected,0,380,12,231,0.01077818963676691,0.21391503512859344,True
varconet_selected,0,381,240,340,0.010774011723697186,0.20526446402072906,True
varconet_selected,0,382,64,67,-0.010767498053610325,-0.012356450781226158,True
varconet_selected,0,383,213,339,0.01076304167509079,0.321902334690094,True
varconet_selected,0,384,173,237,-0.010761299170553684,-0.16565562784671783,True
varconet_selected,0,385,166,374,0.010759051889181137,0.170409694314003,True
varconet_selected,0,386,133,269,0.010756243020296097,0.10631351917982101,True
varconet_selected,0,387,306,337,-0.010753564536571503,-0.22104208171367645,True
varconet_selected,0,388,241,252,-0.010753518901765347,-0.17311374843120575,True
varconet_selected,0,389,200,293,-0.010750885121524334,-0.13916131854057312,True
varconet_selected,0,390,156,179,0.01074991188943386,0.14999069273471832,True
varconet_selected,0,391,13,213,-0.010748263448476791,-0.10899463295936584,True
varconet_selected,0,392,174,259,-0.010746635496616364,-0.3053215444087982,True
varconet_selected,0,393,68,262,-0.010741576552391052,-0.07436411082744598,True
varconet_selected,0,394,134,143,-0.010735307820141315,-0.16565197706222534,True
varconet_selected,0,395,167,378,0.010723194107413292,0.14055050909519196,True
varconet_selected,0,396,167,256,-0.010722050443291664,-0.2375113070011139,True
varconet_selected,0,397,293,301,0.01072024554014206,0.09345503151416779,True
varconet_selected,0,398,3,252,-0.010719584301114082,-0.1643437296152115,True
varconet_selected,0,399,186,336,0.010716792196035385,0.16908857226371765,True
varconet_selected,0,400,217,264,-0.010714828036725521,-0.2190297544002533,True
varconet_selected,0,401,135,261,-0.010712494142353535,-0.06294193863868713,True
varconet_selected,0,402,321,374,0.010704075917601585,0.0343237929046154,True
varconet_selected,0,403,19,229,-0.010702336207032204,-0.05517858639359474,True
varconet_selected,0,404,183,293,-0.010697845369577408,-0.23507605493068695,True
varconet_selected,0,405,229,257,0.010697213001549244,0.23220841586589813,True
varconet_selected,0,406,134,137,-0.010694566182792187,0.016211379319429398,False
varconet_selected,0,407,2,20,0.010690359398722649,0.2684359550476074,True
varconet_selected,0,408,93,365,-0.010685790330171585,-0.2303069829940796,True
varconet_selected,0,409,219,339,0.010685627348721027,0.12989448010921478,True
varconet_selected,0,410,63,261,-0.010674357414245605,-0.12691012024879456,True
varconet_selected,0,411,179,268,-0.010669450275599957,-0.28289783000946045,True
varconet_selected,0,412,227,260,0.010667892172932625,0.12324167788028717,True
varconet_selected,0,413,1,82,0.010666354559361935,-0.04424717277288437,False
varconet_selected,0,414,338,341,-0.010657488368451595,-0.16831113398075104,True
varconet_selected,0,415,96,336,-0.01065458171069622,0.039312709122896194,False
varconet_selected,0,416,151,286,-0.010651783086359501,-0.08378574997186661,True
varconet_selected,0,417,67,290,-0.010650016367435455,-0.11142655462026596,True
varconet_selected,0,418,216,336,0.01064757164567709,0.1474524736404419,True
varconet_selected,0,419,148,239,0.010643357411026955,0.04341327026486397,True
varconet_selected,0,420,178,209,-0.01064152643084526,-0.2348891645669937,True
varconet_selected,0,421,291,300,0.010639441199600697,0.07923184335231781,True
varconet_selected,0,422,209,337,0.010637283325195312,0.2864757478237152,True
varconet_selected,0,423,67,135,-0.010635334998369217,-0.2172657698392868,True
varconet_selected,0,424,112,207,0.010632460005581379,0.0777597650885582,True
varconet_selected,0,425,111,271,0.010631276294589043,0.14252305030822754,True
varconet_selected,0,426,105,282,-0.010626357980072498,-0.21136358380317688,True
varconet_selected,0,427,137,304,-0.010614695958793163,-0.09053537994623184,True
varconet_selected,0,428,173,367,0.010609712451696396,0.26069822907447815,True
varconet_selected,0,429,157,261,0.010608606040477753,0.1332380771636963,True
varconet_selected,0,430,19,371,-0.0106041943654418,-0.00843716785311699,True
varconet_selected,0,431,62,80,-0.010604115203022957,-0.09594208747148514,True
varconet_selected,0,432,209,242,-0.010602760128676891,-0.045310717076063156,True
varconet_selected,0,433,217,339,0.010596766136586666,0.24682357907295227,True
varconet_selected,0,434,31,150,-0.010593201965093613,-0.07588691264390945,True
varconet_selected,0,435,262,291,-0.010591346770524979,-0.12288981676101685,True
varconet_selected,0,436,155,359,0.010587945580482483,-0.02144593931734562,False
varconet_selected,0,437,16,251,0.010586845688521862,-0.031176012009382248,False
varconet_selected,0,438,295,317,-0.01058537233620882,0.046977799385786057,False
varconet_selected,0,439,166,233,-0.010581729002296925,-0.2305646687746048,True
varconet_selected,0,440,110,337,-0.010580207221210003,-0.10765466094017029,True
varconet_selected,0,441,69,166,-0.010576454922556877,-0.28355929255485535,True
varconet_selected,0,442,68,253,0.010572397150099277,0.25599104166030884,True
varconet_selected,0,443,207,242,-0.010571799241006374,-0.1568181812763214,True
varconet_selected,0,444,8,173,-0.010569375939667225,-0.09053443372249603,True
varconet_selected,0,445,172,239,-0.010569109581410885,-0.17404790222644806,True
varconet_selected,0,446,224,229,0.010566812008619308,0.13699963688850403,True
varconet_selected,0,447,108,336,-0.010564801283180714,-0.13775523006916046,True
varconet_selected,0,448,265,270,-0.010563226416707039,-0.17301605641841888,True
varconet_selected,0,449,93,363,-0.01056045014411211,-0.1370391994714737,True
varconet_selected,0,450,150,173,-0.010559183545410633,-0.3000980615615845,True
varconet_selected,0,451,65,316,-0.010554386302828789,-0.02060563676059246,True
varconet_selected,0,452,214,266,-0.010553241707384586,-0.3960396945476532,True
varconet_selected,0,453,149,150,-0.010552954860031605,0.05383918061852455,False
varconet_selected,0,454,133,253,0.010544957593083382,0.2160404473543167,True
varconet_selected,0,455,92,93,-0.010544436983764172,-0.26965999603271484,True
varconet_selected,0,456,196,316,0.01053024735301733,0.24409201741218567,True
varconet_selected,0,457,128,167,-0.010521895252168179,-0.2569860816001892,True
varconet_selected,0,458,129,183,-0.010516972281038761,-0.158709317445755,True
varconet_selected,0,459,95,231,-0.010516706854104996,-0.24829210340976715,True
varconet_selected,0,460,262,316,-0.01051606610417366,-0.1405518800020218,True
varconet_selected,0,461,201,264,-0.01051587425172329,-0.2986164093017578,True
varconet_selected,0,462,67,68,-0.01051225047558546,0.05354074016213417,False
varconet_selected,0,463,174,260,-0.010511892847716808,-0.289529949426651,True
varconet_selected,0,464,138,191,-0.010510901920497417,-0.021682338789105415,True
varconet_selected,0,465,219,266,-0.010507646948099136,-0.04210333526134491,True
varconet_selected,0,466,111,276,0.010503429919481277,0.21752676367759705,True
varconet_selected,0,467,179,276,-0.010495534166693687,-0.2607992887496948,True
varconet_selected,0,468,167,367,0.010491510853171349,0.17135687172412872,True
varconet_selected,0,469,110,267,0.010491466149687767,-0.08435730636119843,False
varconet_selected,0,470,231,261,0.010491259396076202,0.23921321332454681,True
varconet_selected,0,471,179,199,0.01048955600708723,0.176538348197937,True
varconet_selected,0,472,106,267,0.010488782078027725,-0.035379182547330856,False
varconet_selected,0,473,218,269,-0.010488747619092464,0.018748225644230843,False
varconet_selected,0,474,179,284,-0.010485220700502396,-0.22925248742103577,True
varconet_selected,0,475,128,173,-0.010483034886419773,-0.3221040666103363,True
varconet_selected,0,476,173,373,0.010482000187039375,0.17626160383224487,True
varconet_selected,0,477,121,123,-0.010480177588760853,-0.03061978705227375,True
varconet_selected,0,478,177,272,-0.010478934273123741,-0.15734156966209412,True
varconet_selected,0,479,26,32,-0.010477723553776741,-0.008152755908668041,True
varconet_selected,0,480,20,102,0.010474864393472672,0.20776157081127167,True
varconet_selected,0,481,13,276,-0.01047480944544077,-0.16269554197788239,True
varconet_selected,0,482,171,374,0.010474629700183868,-0.02841614931821823,False
varconet_selected,0,483,18,276,0.010474402457475662,0.10054536163806915,True
varconet_selected,0,484,38,220,-0.010474372655153275,-0.06459078192710876,True
varconet_selected,0,485,64,79,-0.010472982190549374,0.12149801105260849,False
varconet_selected,0,486,216,276,-0.010470949113368988,-0.25610437989234924,True
varconet_selected,0,487,102,179,-0.010463526472449303,-0.33025074005126953,True
varconet_selected,0,488,106,336,-0.010454211384057999,0.015343131497502327,False
varconet_selected,0,489,73,93,0.010453666560351849,0.19572854042053223,True
varconet_selected,0,490,165,259,-0.01044954638928175,-0.15299932658672333,True
varconet_selected,0,491,178,208,-0.010446620173752308,-0.2952847480773926,True
varconet_selected,0,492,212,252,-0.01044197753071785,-0.24412421882152557,True
varconet_selected,0,493,112,286,0.010441496968269348,0.2239321917295456,True
varconet_selected,0,494,79,166,-0.01043827086687088,-0.29205086827278137,True
varconet_selected,0,495,207,251,-0.010433828458189964,-0.3007884919643402,True
varconet_selected,0,496,134,263,-0.010430438444018364,0.05235516279935837,False
varconet_selected,0,497,200,316,0.010429843328893185,0.2646462023258209,True
varconet_selected,0,498,95,151,-0.01042914018034935,-0.1719062477350235,True
varconet_selected,0,499,77,110,0.010428261943161488,0.08900979161262512,True
varconet_selected,0,500,209,248,-0.0104275057092309,-0.21929986774921417,True
varconet_selected,0,501,89,365,-0.010427416302263737,-0.0311731044203043,True
varconet_selected,0,502,197,337,0.010424426756799221,0.2823388874530792,True
varconet_selected,0,503,166,295,-0.010423465631902218,-0.12152184545993805,True
varconet_selected,0,504,69,167,-0.010422640480101109,-0.25914472341537476,True
varconet_selected,0,505,166,251,0.010414275340735912,0.3532058000564575,True
varconet_selected,0,506,110,190,-0.010410233400762081,-0.1684441715478897,True
varconet_selected,0,507,240,266,-0.010409113019704819,-0.3158993422985077,True
varconet_selected,0,508,92,129,0.010401482693850994,-0.013560104183852673,False
varconet_selected,0,509,65,317,-0.010400609113276005,-0.07067899405956268,True
varconet_selected,0,510,199,295,-0.010399636812508106,-0.24563544988632202,True
varconet_selected,0,511,199,333,0.010390710085630417,-0.0036552567034959793,False
varconet_selected,0,512,133,249,0.010388068854808807,0.24292534589767456,True
varconet_selected,0,513,49,337,0.010383137501776218,0.11906580626964569,True
varconet_selected,0,514,3,250,-0.010382094420492649,-0.21604545414447784,True
varconet_selected,0,515,105,323,-0.010381028987467289,-0.019155295565724373,True
varconet_selected,0,516,164,251,0.010379818268120289,0.29775986075401306,True
varconet_selected,0,517,170,261,-0.010378285311162472,-0.2909688949584961,True
varconet_selected,0,518,267,347,-0.010377424769103527,-0.1438821703195572,True
varconet_selected,0,519,1,276,-0.010374578647315502,-0.18020834028720856,True
varconet_selected,0,520,207,240,-0.010374338366091251,-0.14785487949848175,True
varconet_selected,0,521,280,337,-0.010372853837907314,-0.14367839694023132,True
varconet_selected,0,522,216,277,-0.01036670058965683,-0.20835399627685547,True
varconet_selected,0,523,67,151,0.01036633551120758,0.08886393904685974,True
varconet_selected,0,524,235,334,-0.010366219095885754,-0.12940020859241486,True
varconet_selected,0,525,109,249,0.010357401333749294,-0.010843461379408836,False
varconet_selected,0,526,12,151,0.01035632286220789,0.06212784722447395,True
varconet_selected,0,527,166,380,0.010353739373385906,0.1658095270395279,True
varconet_selected,0,528,170,293,-0.01035290863364935,-0.23935459554195404,True
varconet_selected,0,529,64,69,-0.010350915603339672,-0.01745567098259926,True
varconet_selected,0,530,22,336,-0.010345861315727234,-0.1917847990989685,True
varconet_selected,0,531,79,148,0.0103394640609622,-0.0056583634577691555,False
varconet_selected,0,532,378,379,-0.010338460095226765,-0.1322539895772934,True
varconet_selected,0,533,127,338,-0.010337628424167633,-0.08063852787017822,True
varconet_selected,0,534,283,299,0.010337624698877335,-0.017825374379754066,False
varconet_selected,0,535,268,351,-0.010335084982216358,-0.07359016686677933,True
varconet_selected,0,536,151,292,-0.010332240723073483,-0.1723802238702774,True
varconet_selected,0,537,205,264,-0.010327287018299103,-0.17120061814785004,True
varconet_selected,0,538,13,225,0.010320945642888546,0.1972619742155075,True
varconet_selected,0,539,142,209,0.01032008696347475,0.050019532442092896,True
varconet_selected,0,540,102,237,0.010318865068256855,0.1609419733285904,True
varconet_selected,0,541,13,33,0.010317792184650898,0.06314446777105331,True
varconet_selected,0,542,66,165,-0.010317295789718628,-0.2574354410171509,True
varconet_selected,0,543,165,261,-0.010315562598407269,-0.17124909162521362,True
varconet_selected,0,544,149,229,-0.010312098078429699,-0.09462208300828934,True
varconet_selected,0,545,29,277,0.0103096142411232,0.14673970639705658,True
varconet_selected,0,546,19,269,0.010308826342225075,0.04821087047457695,True
varconet_selected,0,547,71,294,-0.010308570228517056,-0.021927624940872192,True
varconet_selected,0,548,81,148,0.010308045893907547,0.06756003201007843,True
varconet_selected,0,549,231,365,-0.010306281968951225,-0.1351977437734604,True
varconet_selected,0,550,337,367,0.010305928997695446,0.19881360232830048,True
varconet_selected,0,551,230,260,0.010303513146936893,0.3244958817958832,True
varconet_selected,0,552,26,40,-0.010302617214620113,-0.23917454481124878,True
varconet_selected,0,553,112,268,0.010302049107849598,0.10253315418958664,True
varconet_selected,0,554,19,264,0.010301796719431877,0.230024516582489,True
varconet_selected,0,555,216,264,-0.010299368761479855,-0.20576006174087524,True
varconet_selected,0,556,135,337,-0.01029636524617672,-0.22434653341770172,True
varconet_selected,0,557,242,307,0.010294622741639614,0.23473910987377167,True
varconet_selected,0,558,68,263,-0.010293388739228249,-0.1273951381444931,True
varconet_selected,0,559,287,299,0.010286686010658741,-0.06887742131948471,False
varconet_selected,0,560,105,322,-0.010275441221892834,-0.0008531319908797741,True
varconet_selected,0,561,148,261,0.01027468778192997,0.005196763668209314,True
varconet_selected,0,562,166,293,-0.010273328050971031,-0.2155071645975113,True
varconet_selected,0,563,80,166,-0.01026568841189146,-0.04571988061070442,True
varconet_selected,0,564,101,109,0.010263318195939064,0.24540279805660248,True
varconet_selected,0,565,221,269,0.01026331726461649,0.02199060656130314,True
varconet_selected,0,566,93,260,0.010261663235723972,0.09826085716485977,True
varconet_selected,0,567,172,293,-0.010253708809614182,-0.3226359784603119,True
varconet_selected,0,568,64,174,-0.010250741615891457,-0.14723530411720276,True
varconet_selected,0,569,157,294,-0.010245027020573616,-0.1079808920621872,True
varconet_selected,0,570,164,261,-0.010242869146168232,-0.20030577480793,True
varconet_selected,0,571,18,370,-0.010240462608635426,-0.0852765217423439,True
varconet_selected,0,572,29,215,0.010238868184387684,0.2281656414270401,True
varconet_selected,0,573,111,228,-0.010238749906420708,-0.08884496241807938,True
varconet_selected,0,574,166,291,-0.010237856768071651,-0.19263587892055511,True
varconet_selected,0,575,215,252,-0.01023686584085226,-0.31749382615089417,True
varconet_selected,0,576,93,231,-0.010233407840132713,-0.3138136565685272,True
varconet_selected,0,577,126,207,0.010227092541754246,0.1873859465122223,True
varconet_selected,0,578,93,225,-0.010225867852568626,-0.12503772974014282,True
varconet_selected,0,579,281,337,-0.010224344208836555,-0.20303674042224884,True
varconet_selected,0,580,239,316,-0.010223843157291412,-0.03121873177587986,True
varconet_selected,0,581,227,249,-0.010214420035481453,-0.033350035548210144,True
varconet_selected,0,582,229,258,0.010212092660367489,0.22783181071281433,True
varconet_selected,0,583,216,253,-0.01020180992782116,-0.17154210805892944,True
varconet_selected,0,584,62,159,-0.010201605968177319,-0.05751452594995499,True
varconet_selected,0,585,18,269,0.010200749151408672,0.11049311608076096,True
varconet_selected,0,586,207,248,-0.010198772884905338,-0.33290016651153564,True
varconet_selected,0,587,105,272,-0.010196715593338013,-0.11678966879844666,True
varconet_selected,0,588,39,277,0.010196192190051079,0.013661472126841545,True
varconet_selected,0,589,272,328,-0.010195223614573479,-0.18883414566516876,True
varconet_selected,0,590,200,204,0.010193469934165478,0.17706969380378723,True
varconet_selected,0,591,1,248,-0.010189563035964966,-0.18719381093978882,True
varconet_selected,0,592,280,356,-0.010186580009758472,0.0047988928854465485,False
varconet_selected,0,593,63,259,-0.010183993726968765,-0.12160969525575638,True
varconet_selected,0,594,107,277,0.010180731303989887,0.06048616021871567,True
varconet_selected,0,595,179,253,-0.010178831405937672,-0.1360151767730713,True
varconet_selected,0,596,3,248,-0.010177675634622574,-0.11362351477146149,True
varconet_selected,0,597,240,268,-0.01017743069678545,-0.2943160831928253,True
varconet_selected,0,598,124,264,0.010175126604735851,0.0003084135241806507,True
varconet_selected,0,599,13,266,-0.010174185037612915,-0.13827891647815704,True
varconet_selected,0,600,170,336,0.010172456502914429,0.20519724488258362,True
varconet_selected,0,601,90,336,-0.010171898640692234,-0.039978642016649246,True
varconet_selected,0,602,92,336,-0.010169877670705318,0.04914740100502968,False
varconet_selected,0,603,270,336,-0.010169798508286476,-0.005277278833091259,True
varconet_selected,0,604,337,359,0.010168472304940224,0.11915990710258484,True
varconet_selected,0,605,212,339,0.010163570754230022,0.2569429278373718,True
varconet_selected,0,606,89,345,-0.010162792168557644,-0.14812099933624268,True
varconet_selected,0,607,175,372,0.010160667821764946,0.08607741445302963,True
varconet_selected,0,608,67,264,-0.010159368626773357,-0.14364278316497803,True
varconet_selected,0,609,216,339,0.01015652809292078,0.27072015404701233,True
varconet_selected,0,610,122,261,-0.010154075920581818,-0.024827774614095688,True
varconet_selected,0,611,128,159,-0.01015208475291729,-0.07637094706296921,True
varconet_selected,0,612,173,179,0.010149583220481873,0.03795700520277023,True
varconet_selected,0,613,269,284,-0.010147414170205593,-0.243732288479805,True
varconet_selected,0,614,41,200,-0.010142610408365726,-0.09097842872142792,True
varconet_selected,0,615,215,284,-0.010141055099666119,-0.3188111186027527,True
varconet_selected,0,616,166,292,-0.010139125399291515,-0.11430937051773071,True
varconet_selected,0,617,178,207,-0.010137764737010002,-0.16127800941467285,True
varconet_selected,0,618,207,276,-0.010136963799595833,-0.35239177942276,True
varconet_selected,0,619,128,161,-0.010135245509445667,-0.07299919426441193,True
varconet_selected,0,620,157,295,-0.010134912095963955,-0.1093842163681984,True
varconet_selected,0,621,237,336,-0.010124950669705868,-0.18375363945960999,True
varconet_selected,0,622,64,253,0.010124742984771729,0.24072441458702087,True
varconet_selected,0,623,149,263,0.010121014900505543,0.07250622659921646,True
varconet_selected,0,624,2,179,-0.010117318481206894,-0.26900726556777954,True
varconet_selected,0,625,1,337,0.01011450495570898,0.14165206253528595,True
varconet_selected,0,626,139,293,0.010113418102264404,0.1315234899520874,True
varconet_selected,0,627,68,260,-0.010102715343236923,-0.06171446666121483,True
varconet_selected,0,628,256,281,0.01010049507021904,0.10148096829652786,True
varconet_selected,0,629,340,341,-0.010099370032548904,-0.24857187271118164,True
varconet_selected,0,630,153,170,0.01009164284914732,0.03436549752950668,True
varconet_selected,0,631,209,214,-0.010091636329889297,-0.212799534201622,True
varconet_selected,0,632,240,251,-0.010090209543704987,-0.29815760254859924,True
varconet_selected,0,633,30,148,-0.010087386704981327,-0.05352878198027611,True
varconet_selected,0,634,77,148,0.010086589492857456,-0.08985167741775513,False
varconet_selected,0,635,75,291,-0.010085133835673332,0.0004975735791958869,False
varconet_selected,0,636,243,308,0.010084987618029118,0.0517224445939064,True
varconet_selected,0,637,76,211,0.010081144981086254,-0.08884122967720032,False
varconet_selected,0,638,295,301,0.01007845252752304,-0.024012407287955284,False
varconet_selected,0,639,284,347,-0.010076906532049179,-0.08087728917598724,True
varconet_selected,0,640,60,166,-0.010076602920889854,-0.024604231119155884,True
varconet_selected,0,641,79,250,0.010070850141346455,0.15282997488975525,True
varconet_selected,0,642,3,242,-0.010068691335618496,-0.04050271213054657,True
varconet_selected,0,643,175,236,-0.010068526491522789,-0.058646682649850845,True
varconet_selected,0,644,201,291,-0.010065990500152111,-0.0011725545627996325,True
varconet_selected,0,645,57,269,0.010064096190035343,0.21479842066764832,True
varconet_selected,0,646,159,292,-0.010063803754746914,-0.05026189982891083,True
varconet_selected,0,647,112,336,-0.010063622146844864,-0.08019444346427917,True
varconet_selected,0,648,267,351,-0.010063533671200275,-0.13298913836479187,True
varconet_selected,0,649,134,159,-0.010061521083116531,-0.13294754922389984,True
varconet_selected,0,650,123,134,-0.010058089159429073,-0.258165180683136,True
varconet_selected,0,651,133,266,0.010052968747913837,0.129945769906044,True
varconet_selected,0,652,271,328,-0.010048631578683853,-0.1404121220111847,True
varconet_selected,0,653,137,377,0.010048053227365017,0.2252010554075241,True
varconet_selected,0,654,149,261,0.01004739012569189,0.09774676710367203,True
varconet_selected,0,655,171,292,-0.010045970790088177,-0.28024959564208984,True
varconet_selected,0,656,168,295,-0.010045620612800121,-0.07879666239023209,True
varconet_selected,0,657,1,109,0.010045559145510197,-0.02461470291018486,False
varconet_selected,0,658,174,261,-0.010044248774647713,-0.34101688861846924,True
varconet_selected,0,659,323,361,0.010043705813586712,0.005215548910200596,True
varconet_selected,0,660,12,150,0.01004346925765276,0.18674471974372864,True
varconet_selected,0,661,83,279,0.010040992870926857,0.1828562319278717,True
varconet_selected,0,662,161,294,-0.010035783052444458,-0.04507271200418472,True
varconet_selected,0,663,217,277,-0.010031307116150856,-0.1933458149433136,True
varconet_selected,0,664,151,228,-0.010031255893409252,-0.20703671872615814,True
varconet_selected,0,665,269,350,-0.010029598139226437,-0.03850480541586876,True
varconet_selected,0,666,272,335,-0.010029587894678116,-0.22332142293453217,True
varconet_selected,0,667,169,292,-0.010029544122517109,-0.27434539794921875,True
varconet_selected,0,668,224,231,0.010028566233813763,0.16210463643074036,True
varconet_selected,0,669,67,263,-0.01002819836139679,-0.042897772043943405,True
varconet_selected,0,670,261,369,0.010027626529335976,0.14050821959972382,True
varconet_selected,0,671,112,337,-0.010025729425251484,-0.15166634321212769,True
varconet_selected,0,672,93,375,-0.010025200434029102,-0.21885879337787628,True
varconet_selected,0,673,133,267,0.010022833943367004,0.09674666076898575,True
varconet_selected,0,674,216,341,0.010016689077019691,0.19263529777526855,True
varconet_selected,0,675,143,263,-0.010014327242970467,0.018915487453341484,False
varconet_selected,0,676,65,249,0.010013343766331673,0.21801064908504486,True
varconet_selected,0,677,251,367,-0.01001169253140688,-0.008069280534982681,True
varconet_selected,0,678,112,278,0.010011325590312481,0.26383599638938904,True
varconet_selected,0,679,170,238,-0.010010561905801296,-0.217312291264534,True
varconet_selected,0,680,171,264,-0.010004114359617233,-0.34878218173980713,True
varconet_selected,0,681,92,100,0.01000365149229765,0.18519863486289978,True
varconet_selected,0,682,171,372,0.01000099629163742,-0.06877759844064713,False
varconet_selected,0,683,179,228,0.010000857524573803,0.13935433328151703,True
varconet_selected,0,684,243,307,0.009998864494264126,0.06753497570753098,True
varconet_selected,0,685,38,224,-0.009997520595788956,-0.0013242686400189996,True
varconet_selected,0,686,84,328,-0.009991534985601902,-0.0936591625213623,True
varconet_selected,0,687,175,294,-0.009989936836063862,-0.3055974543094635,True
varconet_selected,0,688,111,207,0.00998800527304411,0.19147895276546478,True
varconet_selected,0,689,67,259,-0.009985345415771008,-0.040455158799886703,True
varconet_selected,0,690,106,273,0.0099795525893569,0.14645534753799438,True
varconet_selected,0,691,173,273,-0.009977729991078377,-0.14007236063480377,True
varconet_selected,0,692,105,328,-0.009975452907383442,-0.08232680708169937,True
varconet_selected,0,693,175,367,0.009972245432436466,0.25160646438598633,True
varconet_selected,0,694,32,210,-0.009970865212380886,-0.14097948372364044,True
varconet_selected,0,695,5,225,0.009970602579414845,0.020358344539999962,True
varconet_selected,0,696,57,268,0.009970234706997871,0.18649418652057648,True
varconet_selected,0,697,92,102,0.009969711303710938,0.31529685854911804,True
varconet_selected,0,698,29,228,-0.009969456121325493,-0.3173433542251587,True
varconet_selected,0,699,100,270,0.009965701960027218,0.09750029444694519,True
varconet_selected,0,700,27,148,-0.009965096600353718,-0.0446661040186882,True
varconet_selected,0,701,272,334,-0.009963488206267357,-0.11038292199373245,True
varconet_selected,0,702,33,277,0.009962196461856365,0.1745377480983734,True
varconet_selected,0,703,68,167,-0.009961606003344059,-0.18786437809467316,True
varconet_selected,0,704,95,227,-0.00995311327278614,-0.09497278183698654,True
varconet_selected,0,705,179,231,0.009952094405889511,0.21671196818351746,True
varconet_selected,0,706,1,253,-0.009950279258191586,-0.2114962935447693,True
varconet_selected,0,707,79,172,-0.009945894591510296,-0.04576588794589043,True
varconet_selected,0,708,169,293,-0.009943525306880474,-0.1936573088169098,True
varconet_selected,0,709,13,254,-0.009942653588950634,-0.11538209766149521,True
varconet_selected,0,710,6,328,0.009938674978911877,0.03747665509581566,True
varconet_selected,0,711,257,369,0.009937113150954247,0.09795501828193665,True
varconet_selected,0,712,150,179,0.009934527799487114,0.07410366833209991,True
varconet_selected,0,713,21,93,-0.00993249099701643,-0.2911645770072937,True
varconet_selected,0,714,173,377,0.009929598309099674,0.20198898017406464,True
varconet_selected,0,715,215,253,-0.009916548617184162,-0.26828864216804504,True
varconet_selected,0,716,19,266,0.009903890080749989,0.08168618381023407,True
varconet_selected,0,717,291,301,0.00990358367562294,0.13036027550697327,True
varconet_selected,0,718,93,229,-0.009899390861392021,-0.19866721332073212,True
varconet_selected,0,719,94,156,-0.009899272583425045,-0.22643989324569702,True
varconet_selected,0,720,209,215,-0.009895384311676025,-0.19181139767169952,True
varconet_selected,0,721,156,215,0.009895207360386848,0.06991053372621536,True
varconet_selected,0,722,151,259,0.009894791059195995,0.046589355915784836,True
varconet_selected,0,723,63,263,-0.009893047623336315,-0.01619799993932247,True
varconet_selected,0,724,252,351,-0.009891712106764317,-0.0904865711927414,True
varconet_selected,0,725,104,171,-0.009891455061733723,-0.18147492408752441,True
varconet_selected,0,726,195,283,-0.009890849702060223,-0.02961583435535431,True
varconet_selected,0,727,157,214,0.009887821972370148,0.15353260934352875,True
varconet_selected,0,728,36,272,0.009887331165373325,-0.0200976449996233,False
varconet_selected,0,729,170,239,-0.00988690834492445,-0.14797081053256989,True
varconet_selected,0,730,104,322,-0.00988603662699461,0.005800310522317886,False
varconet_selected,0,731,175,293,-0.009883299469947815,-0.3246951997280121,True
varconet_selected,0,732,74,289,-0.009881262667477131,0.007806264329701662,False
varconet_selected,0,733,62,369,0.009880315512418747,0.03725366294384003,True
varconet_selected,0,734,183,287,-0.009876750409603119,-0.24363334476947784,True
varconet_selected,0,735,250,261,0.009874734096229076,0.22333325445652008,True
varconet_selected,1,1,213,269,-0.017783746123313904,-0.23478783667087555,True
varconet_selected,1,2,166,260,-0.017759840935468674,-0.4314238131046295,True
varconet_selected,1,3,241,269,-0.016990195959806442,-0.21200507879257202,True
varconet_selected,1,4,212,269,-0.016741743311285973,-0.34846121072769165,True
varconet_selected,1,5,126,337,-0.01672562211751938,-0.18800529837608337,True
varconet_selected,1,6,213,253,-0.016634898260235786,-0.20278649032115936,True
varconet_selected,1,7,241,253,-0.0160349253565073,-0.20593009889125824,True
varconet_selected,1,8,66,263,-0.016015779227018356,-0.18307024240493774,True
varconet_selected,1,9,66,262,-0.015593876130878925,-0.11433574557304382,True
varconet_selected,1,10,66,259,-0.015379959717392921,-0.1443040668964386,True
varconet_selected,1,11,213,268,-0.015344598330557346,-0.3225691616535187,True
varconet_selected,1,12,173,293,-0.015188220888376236,-0.37229081988334656,True
varconet_selected,1,13,243,249,-0.015128165483474731,-0.133551687002182,True
varconet_selected,1,14,166,373,0.01470888126641512,0.08759579807519913,True
varconet_selected,1,15,150,175,-0.014570208266377449,-0.26524055004119873,True
varconet_selected,1,16,66,260,-0.01453859731554985,-0.1678132265806198,True
varconet_selected,1,17,33,150,-0.014485824853181839,-0.059286460280418396,True
varconet_selected,1,18,240,269,-0.01443394459784031,-0.11495427787303925,True
varconet_selected,1,19,66,261,-0.014315078966319561,-0.1055806502699852,True
varconet_selected,1,20,135,261,-0.014293479733169079,-0.09445884078741074,True
varconet_selected,1,21,153,294,-0.014245160855352879,-0.19355221092700958,True
varconet_selected,1,22,241,268,-0.01423631515353918,-0.32134494185447693,True
varconet_selected,1,23,167,259,-0.014227150939404964,-0.28125497698783875,True
varconet_selected,1,24,33,146,-0.014192668721079826,-0.12465096265077591,True
varconet_selected,1,25,127,336,-0.014171366579830647,-0.3215210437774658,True
varconet_selected,1,26,166,261,-0.014135460369288921,-0.3539092540740967,True
varconet_selected,1,27,166,263,-0.013961467891931534,-0.36829960346221924,True
varconet_selected,1,28,166,259,-0.013905620202422142,-0.3175123631954193,True
varconet_selected,1,29,230,260,0.013890862464904785,0.3024674952030182,True
varconet_selected,1,30,224,251,0.013776258565485477,0.1540890336036682,True
varconet_selected,1,31,175,269,0.01376830693334341,0.3599854111671448,True
varconet_selected,1,32,321,374,0.013765995390713215,0.04244844987988472,True
varconet_selected,1,33,64,73,-0.01371112558990717,-0.09330441802740097,True
varconet_selected,1,34,172,259,-0.013679460622370243,-0.13668441772460938,True
varconet_selected,1,35,135,259,-0.013671466149389744,-0.09298677742481232,True
varconet_selected,1,36,240,253,-0.013595816679298878,-0.1703689843416214,True
varconet_selected,1,37,147,249,-0.0135480472818017,-0.1957574337720871,True
varconet_selected,1,38,41,146,-0.01353414822369814,-0.04386141151189804,True
varconet_selected,1,39,241,252,-0.013510706834495068,-0.2646718919277191,True
varconet_selected,1,40,291,298,0.013491213321685791,0.09175458550453186,True
varconet_selected,1,41,66,164,-0.01343858428299427,-0.3043723404407501,True
varconet_selected,1,42,339,340,-0.013391420245170593,-0.2905643582344055,True
varconet_selected,1,43,173,290,-0.013354840688407421,-0.26414138078689575,True
varconet_selected,1,44,213,252,-0.013301795348525047,-0.24373950064182281,True
varconet_selected,1,45,167,379,0.013277544640004635,0.32641369104385376,True
varconet_selected,1,46,216,267,-0.013230408541858196,-0.3590397536754608,True
varconet_selected,1,47,178,336,0.013228555209934711,0.25144124031066895,True
varconet_selected,1,48,67,93,0.01322082057595253,0.13541895151138306,True
varconet_selected,1,49,127,337,-0.013215173967182636,-0.20222321152687073,True
varconet_selected,1,50,212,253,-0.013197014108300209,-0.27805307507514954,True
varconet_selected,1,51,172,239,-0.013173602521419525,-0.1795436441898346,True
varconet_selected,1,52,64,261,-0.013146949000656605,-0.058944448828697205,True
varconet_selected,1,53,64,263,-0.013117887079715729,-0.021302511915564537,True
varconet_selected,1,54,61,231,0.013112044893205166,0.34049731492996216,True
varconet_selected,1,55,62,81,-0.013102950528264046,-0.06805803626775742,True
varconet_selected,1,56,320,374,0.013077682815492153,0.11568479984998703,True
varconet_selected,1,57,151,229,-0.013060973957180977,-0.21490931510925293,True
varconet_selected,1,58,31,148,-0.0130159268155694,-0.16513465344905853,True
varconet_selected,1,59,72,282,-0.012989847920835018,-0.11532112956047058,True
varconet_selected,1,60,62,73,-0.012988951988518238,-0.12744687497615814,True
varconet_selected,1,61,63,72,-0.012983222492039204,-0.1364547610282898,True
varconet_selected,1,62,63,66,-0.012979140505194664,-0.20173688232898712,True
varconet_selected,1,63,243,248,-0.012959593906998634,-0.028443988412618637,True
varconet_selected,1,64,67,250,0.012956983409821987,0.23631562292575836,True
varconet_selected,1,65,93,151,-0.012943800538778305,-0.3291466534137726,True
varconet_selected,1,66,172,263,-0.012898857705295086,-0.196617990732193,True
varconet_selected,1,67,224,231,0.012884428724646568,0.2500093877315521,True
varconet_selected,1,68,174,291,-0.012815695255994797,-0.26570600271224976,True
varconet_selected,1,69,321,375,0.012772774323821068,0.07289184629917145,True
varconet_selected,1,70,172,260,-0.012760949321091175,-0.25146469473838806,True
varconet_selected,1,71,127,153,-0.012760150246322155,-0.1075192242860794,True
varconet_selected,1,72,166,290,-0.012737107463181019,-0.15424460172653198,True
varconet_selected,1,73,170,259,-0.012729956768453121,-0.2470286339521408,True
varconet_selected,1,74,229,259,0.012720931321382523,0.2462829053401947,True
varconet_selected,1,75,68,172,-0.012691332027316093,-0.06322579085826874,True
varconet_selected,1,76,272,336,-0.012676622718572617,-0.18229202926158905,True
varconet_selected,1,77,62,250,0.012670115567743778,0.01236141286790371,True
varconet_selected,1,78,167,293,-0.012668619863688946,-0.35579395294189453,True
varconet_selected,1,79,268,269,-0.012664791196584702,-0.2079252153635025,True
varconet_selected,1,80,69,250,0.012653261423110962,0.15941540896892548,True
varconet_selected,1,81,166,372,0.012641490437090397,0.13546139001846313,True
varconet_selected,1,82,216,269,-0.012638363987207413,-0.3539840877056122,True
varconet_selected,1,83,68,166,-0.012636058032512665,-0.2839016616344452,True
varconet_selected,1,84,68,252,0.012632954865694046,0.2718087434768677,True
varconet_selected,1,85,171,290,-0.012630684301257133,-0.2090177983045578,True
varconet_selected,1,86,33,148,-0.01261924672871828,0.03782583400607109,False
varconet_selected,1,87,66,239,-0.012617720291018486,-0.06575855612754822,True
varconet_selected,1,88,67,251,0.012575982138514519,0.2582959234714508,True
varconet_selected,1,89,134,261,-0.012565252371132374,-0.07739711552858353,True
varconet_selected,1,90,103,157,0.012555355206131935,0.16087235510349274,True
varconet_selected,1,91,212,267,-0.012550979852676392,-0.2916199564933777,True
varconet_selected,1,92,166,256,-0.012540413066744804,-0.2602986991405487,True
varconet_selected,1,93,262,291,-0.012501670978963375,-0.07480087876319885,True
varconet_selected,1,94,185,195,0.012501233257353306,0.16945549845695496,True
varconet_selected,1,95,3,31,0.012463700026273727,0.1281174272298813,True
varconet_selected,1,96,213,248,-0.012455116026103497,-0.32220330834388733,True
varconet_selected,1,97,120,269,0.012427669018507004,0.14286431670188904,True
varconet_selected,1,98,268,313,-0.012426813133060932,-0.11638148128986359,True
varconet_selected,1,99,110,336,-0.012426073662936687,-0.04317449778318405,True
varconet_selected,1,100,31,150,-0.012412779033184052,-0.10719345510005951,True
varconet_selected,1,101,167,260,-0.01240830309689045,-0.33417409658432007,True
varconet_selected,1,102,310,336,0.012392892502248287,0.1856195330619812,True
varconet_selected,1,103,239,316,-0.012391538359224796,-0.03837568685412407,True
varconet_selected,1,104,73,251,0.012390248477458954,0.2338773012161255,True
varconet_selected,1,105,157,259,0.012386465445160866,0.1872360110282898,True
varconet_selected,1,106,166,293,-0.012378151528537273,-0.28210827708244324,True
varconet_selected,1,107,175,268,0.012375099584460258,0.27278026938438416,True
varconet_selected,1,108,224,229,0.012360994704067707,0.16620765626430511,True
varconet_selected,1,109,173,294,-0.012334097176790237,-0.31554874777793884,True
varconet_selected,1,110,112,328,-0.012333128601312637,-0.101835235953331,True
varconet_selected,1,111,63,68,-0.012319321744143963,0.03184421733021736,False
varconet_selected,1,112,65,317,-0.012318046763539314,-0.062065497040748596,True
varconet_selected,1,113,151,261,0.01230190321803093,0.10383143275976181,True
varconet_selected,1,114,93,259,0.01229273620992899,0.13634632527828217,True
varconet_selected,1,115,19,277,0.012271754443645477,-0.06875475496053696,False
varconet_selected,1,116,151,259,0.012268561869859695,0.1641768366098404,True
varconet_selected,1,117,200,316,0.012248041108250618,0.27926164865493774,True
varconet_selected,1,118,240,249,-0.012247655540704727,-0.2827790081501007,True
varconet_selected,1,119,321,362,0.012216121889650822,-0.08563682436943054,False
varconet_selected,1,120,93,250,-0.012209409847855568,-0.3021070659160614,True
varconet_selected,1,121,150,151,-0.012189041823148727,0.02976670302450657,False
varconet_selected,1,122,213,277,-0.012179778888821602,-0.07902616262435913,True
varconet_selected,1,123,166,379,0.012174521572887897,0.23771332204341888,True
varconet_selected,1,124,36,200,-0.012160702608525753,-0.04366954788565636,True
varconet_selected,1,125,174,293,-0.012157581746578217,-0.28591424226760864,True
varconet_selected,1,126,127,241,0.01214622799307108,0.16309890151023865,True
varconet_selected,1,127,67,292,-0.01213083229959011,-0.16538189351558685,True
varconet_selected,1,128,166,262,-0.012126944027841091,-0.3325333297252655,True
varconet_selected,1,129,216,266,-0.012106847018003464,-0.31219619512557983,True
varconet_selected,1,130,241,276,-0.01209926325827837,-0.21174193918704987,True
varconet_selected,1,131,92,100,0.012091260403394699,0.22110651433467865,True
varconet_selected,1,132,27,146,-0.012054001912474632,0.011166244745254517,False
varconet_selected,1,133,31,269,0.012035693041980267,0.17330634593963623,True
varconet_selected,1,134,5,225,0.012030796147882938,0.05032673105597496,True
varconet_selected,1,135,62,134,-0.012029086239635944,-0.08589724451303482,True
varconet_selected,1,136,166,291,-0.01202333252876997,-0.2531642019748688,True
varconet_selected,1,137,62,79,-0.012012573890388012,0.00678277388215065,False
varconet_selected,1,138,69,251,0.012003940530121326,0.170566588640213,True
varconet_selected,1,139,260,289,-0.011995219625532627,-0.11454072594642639,True
varconet_selected,1,140,166,294,-0.011982169933617115,-0.23244772851467133,True
varconet_selected,1,141,62,72,-0.011981585994362831,-0.11049167811870575,True
varconet_selected,1,142,112,336,-0.011977170594036579,-0.1496814638376236,True
varconet_selected,1,143,295,301,0.011972596868872643,-0.0672205314040184,False
varconet_selected,1,144,66,166,-0.011965515092015266,-0.13136550784111023,True
varconet_selected,1,145,64,259,-0.011962035670876503,-0.07455118745565414,True
varconet_selected,1,146,175,293,-0.011960171163082123,-0.31650370359420776,True
varconet_selected,1,147,112,269,0.011924229562282562,0.02883366122841835,True
varconet_selected,1,148,95,229,-0.011916601099073887,-0.1261112540960312,True
varconet_selected,1,149,64,249,0.011916367337107658,0.3120335042476654,True
varconet_selected,1,150,258,303,0.011912504211068153,0.1845935732126236,True
varconet_selected,1,151,231,261,0.01190736424177885,0.2610188126564026,True
varconet_selected,1,152,275,337,-0.011890598572790623,-0.1839323788881302,True
varconet_selected,1,153,213,276,-0.011874321848154068,-0.1675378382205963,True
varconet_selected,1,154,157,229,-0.011866403743624687,-0.1962479054927826,True
varconet_selected,1,155,69,166,-0.011847823858261108,-0.2869461476802826,True
varconet_selected,1,156,291,300,0.011845948174595833,0.08980458974838257,True
varconet_selected,1,157,62,253,0.011834566481411457,0.01943410374224186,True
varconet_selected,1,158,177,372,0.011825076304376125,0.05286076292395592,True
varconet_selected,1,159,167,290,-0.011820069514214993,-0.2170102298259735,True
varconet_selected,1,160,283,299,0.01181566808372736,0.08028677850961685,True
varconet_selected,1,161,68,253,0.011808006092905998,0.28018856048583984,True
varconet_selected,1,162,250,282,0.011807170696556568,0.18610721826553345,True
varconet_selected,1,163,25,31,0.011787932366132736,0.2569310963153839,True
varconet_selected,1,164,227,258,0.011783106252551079,0.1924484819173813,True
varconet_selected,1,165,67,260,-0.011749186553061008,-0.10262640565633774,True
varconet_selected,1,166,175,372,0.01174509059637785,0.09169384092092514,True
varconet_selected,1,167,172,293,-0.011743661016225815,-0.26361626386642456,True
varconet_selected,1,168,73,166,-0.011743560433387756,-0.22988249361515045,True
varconet_selected,1,169,127,338,-0.01173730194568634,-0.1441756784915924,True
varconet_selected,1,170,153,170,0.011736085638403893,0.0555025152862072,True
varconet_selected,1,171,212,277,-0.011735961772501469,-0.12239877879619598,True
varconet_selected,1,172,65,316,-0.011730690486729145,-0.023333856835961342,True
varconet_selected,1,173,241,249,-0.011714033782482147,-0.25413644313812256,True
varconet_selected,1,174,135,263,-0.011674690060317516,0.1014450341463089,False
varconet_selected,1,175,30,279,0.011672692373394966,0.05190318822860718,True
varconet_selected,1,176,68,262,-0.011655776761472225,-0.053451135754585266,True
varconet_selected,1,177,95,361,-0.01165446825325489,-0.0948452576994896,True
varconet_selected,1,178,167,256,-0.011652245186269283,-0.26069769263267517,True
varconet_selected,1,179,215,268,-0.011645291931927204,-0.2362665981054306,True
varconet_selected,1,180,251,262,0.011640054173767567,0.20769791305065155,True
varconet_selected,1,181,227,260,0.011637958697974682,0.13063938915729523,True
varconet_selected,1,182,67,258,-0.011632291600108147,-0.102372907102108,True
varconet_selected,1,183,62,248,0.01163202989846468,0.019268136471509933,True
varconet_selected,1,184,129,175,-0.01163182221353054,-0.2290770560503006,True
varconet_selected,1,185,284,290,0.011625388637185097,0.2180885523557663,True
varconet_selected,1,186,167,291,-0.011624145321547985,-0.2982272803783417,True
varconet_selected,1,187,241,277,-0.011623547412455082,-0.1405198723077774,True
varconet_selected,1,188,62,75,-0.011623353697359562,-0.1260610669851303,True
varconet_selected,1,189,67,166,-0.011622071266174316,-0.24129411578178406,True
varconet_selected,1,190,283,287,0.011618202552199364,-0.13848552107810974,False
varconet_selected,1,191,129,173,-0.011614369228482246,-0.19291359186172485,True
varconet_selected,1,192,172,261,-0.011601968668401241,-0.11823582649230957,True
varconet_selected,1,193,58,222,-0.011594169773161411,0.041011955589056015,False
varconet_selected,1,194,217,268,-0.011588163673877716,-0.38574472069740295,True
varconet_selected,1,195,157,261,0.011582239530980587,0.15203368663787842,True
varconet_selected,1,196,131,301,0.011579074896872044,-0.07869850099086761,False
varconet_selected,1,197,2,36,-0.01157518569380045,-0.07335084676742554,True
varconet_selected,1,198,293,299,0.011573441326618195,0.08768191933631897,True
varconet_selected,1,199,111,269,0.011561313644051552,0.11721454560756683,True
varconet_selected,1,200,317,373,0.011547860689461231,0.03907341510057449,True
varconet_selected,1,201,246,279,0.011540078558027744,0.045097336173057556,True
varconet_selected,1,202,217,267,-0.011532191187143326,-0.2396940439939499,True
varconet_selected,1,203,230,261,0.01151792611926794,0.21640200912952423,True
varconet_selected,1,204,69,172,-0.011513011530041695,-0.2295568436384201,True
varconet_selected,1,205,62,68,-0.01150067150592804,-0.017980879172682762,True
varconet_selected,1,206,66,69,-0.011494388803839684,-0.02585035189986229,True
varconet_selected,1,207,75,152,0.011492523364722729,0.12687988579273224,True
varconet_selected,1,208,110,191,-0.011486474424600601,-0.22383297979831696,True
varconet_selected,1,209,9,205,0.011477498337626457,-0.016317224130034447,False
varconet_selected,1,210,229,261,0.011466453783214092,0.2553170621395111,True
varconet_selected,1,211,68,251,0.011459099128842354,0.27282628417015076,True
varconet_selected,1,212,111,277,0.01145414263010025,0.146370068192482,True
varconet_selected,1,213,62,290,-0.011447638273239136,-0.11799781024456024,True
varconet_selected,1,214,251,282,0.011446087621152401,0.19330060482025146,True
varconet_selected,1,215,167,261,-0.011444767005741596,-0.29943498969078064,True
varconet_selected,1,216,175,294,-0.011440127156674862,-0.3868468999862671,True
varconet_selected,1,217,62,239,-0.01143682561814785,-0.0081281503662467,True
varconet_selected,1,218,88,89,-0.011427792720496655,-0.21936124563217163,True
varconet_selected,1,219,101,109,0.011420889757573605,0.22694534063339233,True
varconet_selected,1,220,126,127,-0.011417827568948269,-0.32338201999664307,True
varconet_selected,1,221,166,258,-0.011412356980144978,-0.316886305809021,True
varconet_selected,1,222,102,170,-0.011410899460315704,-0.18445590138435364,True
varconet_selected,1,223,93,150,-0.011407008394598961,-0.253469318151474,True
varconet_selected,1,224,240,277,-0.011403759010136127,-0.06330899149179459,True
varconet_selected,1,225,224,250,0.011398134753108025,0.2448863387107849,True
varconet_selected,1,226,38,220,-0.0113909263163805,-0.08136164397001266,True
varconet_selected,1,227,67,134,-0.011385738849639893,-0.20201438665390015,True
varconet_selected,1,228,95,151,-0.011382519267499447,-0.19406476616859436,True
varconet_selected,1,229,164,381,0.011353688314557076,0.08343752473592758,True
varconet_selected,1,230,142,337,-0.011348055675625801,-0.045873548835515976,True
varconet_selected,1,231,121,153,-0.011347638443112373,-0.17492946982383728,True
varconet_selected,1,232,164,260,-0.011325731873512268,-0.21302852034568787,True
varconet_selected,1,233,109,253,0.011325552128255367,0.03696689382195473,True
varconet_selected,1,234,73,174,-0.011324302293360233,-0.19975101947784424,True
varconet_selected,1,235,3,146,-0.011321649886667728,-0.2611834704875946,True
varconet_selected,1,236,68,250,0.011317351832985878,0.21174484491348267,True
varconet_selected,1,237,66,135,-0.011308468878269196,-0.25738129019737244,True
varconet_selected,1,238,260,302,0.011305012740194798,0.20104309916496277,True
varconet_selected,1,239,217,269,-0.011304948478937149,-0.2698177695274353,True
varconet_selected,1,240,166,232,-0.011303968727588654,-0.23573607206344604,True
varconet_selected,1,241,62,109,-0.011301896534860134,-0.019315361976623535,True
varconet_selected,1,242,124,176,0.0112863564863801,0.15844057500362396,True
varconet_selected,1,243,21,259,0.011286322958767414,0.06554732471704483,True
varconet_selected,1,244,219,337,0.011276688426733017,0.0913693830370903,True
varconet_selected,1,245,174,378,0.011270718649029732,0.3106764853000641,True
varconet_selected,1,246,62,249,0.011270612478256226,0.10826937854290009,True
varconet_selected,1,247,62,316,-0.01126943901181221,-0.08601077646017075,True
varconet_selected,1,248,98,291,-0.011244392953813076,-0.19346381723880768,True
varconet_selected,1,249,120,266,0.011216830462217331,0.015222767367959023,True
varconet_selected,1,250,58,224,-0.011215304024517536,-0.08271429687738419,True
varconet_selected,1,251,1,141,0.011211599223315716,0.024805249646306038,True
varconet_selected,1,252,146,209,-0.011208506301045418,-0.4029143154621124,True
varconet_selected,1,253,269,382,-0.011201701126992702,-0.015011252835392952,True
varconet_selected,1,254,139,293,0.011190969496965408,0.12104003876447678,True
varconet_selected,1,255,166,369,0.01118671614676714,0.12081252783536911,True
varconet_selected,1,256,112,329,-0.011181830428540707,-0.13788796961307526,True
varconet_selected,1,257,16,278,0.011181253008544445,0.09807542711496353,True
varconet_selected,1,258,291,301,0.011179806664586067,0.10221074521541595,True
varconet_selected,1,259,4,321,-0.011178389191627502,-0.11474941670894623,True
varconet_selected,1,260,68,167,-0.011178324930369854,-0.22269387543201447,True
varconet_selected,1,261,128,175,-0.011173718608915806,-0.27443429827690125,True
varconet_selected,1,262,89,381,-0.011170778423547745,-0.0021321289241313934,True
varconet_selected,1,263,212,252,-0.01116833183914423,-0.289950966835022,True
varconet_selected,1,264,167,377,0.011166388168931007,0.11482155323028564,True
varconet_selected,1,265,30,148,-0.011166122741997242,-0.1283772587776184,True
varconet_selected,1,266,16,286,0.011162116192281246,0.024373769760131836,True
varconet_selected,1,267,293,298,0.011160007677972317,0.05603031441569328,True
varconet_selected,1,268,173,291,-0.01115976832807064,-0.33457237482070923,True
varconet_selected,1,269,48,337,0.01115878764539957,0.10956316441297531,True
varconet_selected,1,270,63,317,-0.011152125895023346,-0.13343164324760437,True
varconet_selected,1,271,174,276,0.011149391531944275,0.22024782001972198,True
varconet_selected,1,272,65,68,-0.011141173541545868,0.06723089516162872,False
varconet_selected,1,273,132,191,-0.011129636317491531,0.016993463039398193,False
varconet_selected,1,274,105,283,-0.011124123819172382,-0.09507383406162262,True
varconet_selected,1,275,231,259,0.011119751259684563,0.24315550923347473,True
varconet_selected,1,276,153,179,0.011105789802968502,0.12580561637878418,True
varconet_selected,1,277,20,225,-0.01110483705997467,-0.05839773267507553,True
varconet_selected,1,278,149,241,0.011100147850811481,0.30377236008644104,True
varconet_selected,1,279,250,283,0.011098056100308895,0.18114545941352844,True
varconet_selected,1,280,216,259,-0.01109116617590189,-0.07146956771612167,True
varconet_selected,1,281,81,148,0.011083225719630718,0.08116976916790009,True
varconet_selected,1,282,179,199,0.011082951910793781,0.13180257380008698,True
varconet_selected,1,283,148,225,-0.011078611947596073,-0.24661175906658173,True
varconet_selected,1,284,66,282,-0.0110743697732687,-0.2822098433971405,True
varconet_selected,1,285,261,365,0.011066798120737076,0.17329134047031403,True
varconet_selected,1,286,287,290,0.011050717905163765,0.04641750827431679,True
varconet_selected,1,287,321,364,0.01104707084596157,-0.06946860998868942,False
varconet_selected,1,288,172,224,-0.011035674251616001,-0.09896569699048996,True
varconet_selected,1,289,95,227,-0.01102894451469183,-0.11497445404529572,True
varconet_selected,1,290,291,299,0.011026687920093536,0.10178267955780029,True
varconet_selected,1,291,65,66,-0.011021840386092663,-0.0820247232913971,True
varconet_selected,1,292,120,267,0.011021500453352928,0.06944118440151215,True
varconet_selected,1,293,19,229,-0.011016187258064747,-0.08304797857999802,True
varconet_selected,1,294,125,230,0.01101372204720974,0.03569388389587402,True
varconet_selected,1,295,250,260,0.011008153669536114,0.1584503948688507,True
varconet_selected,1,296,147,248,-0.011004600673913956,-0.14615941047668457,True
varconet_selected,1,297,242,306,0.011001813225448132,0.01196363940834999,True
varconet_selected,1,298,103,151,0.011001231148838997,0.1332903355360031,True
varconet_selected,1,299,213,267,-0.010998851619660854,-0.19239205121994019,True
varconet_selected,1,300,212,268,-0.01099417731165886,-0.3649117350578308,True
varconet_selected,1,301,62,263,-0.010993032716214657,-0.06756681948900223,True
varconet_selected,1,302,106,190,-0.010991307906806469,-0.046517033129930496,True
varconet_selected,1,303,249,261,0.010987861081957817,0.1644158810377121,True
varconet_selected,1,304,261,369,0.010984339751303196,0.14297270774841309,True
varconet_selected,1,305,174,369,0.010982186533510685,0.15870453417301178,True
varconet_selected,1,306,38,224,-0.010981711558997631,0.00035678836866281927,False
varconet_selected,1,307,250,259,0.010977201163768768,0.17628178000450134,True
varconet_selected,1,308,153,241,0.010973949916660786,0.106967031955719,True
varconet_selected,1,309,134,159,-0.010962367057800293,-0.11745887994766235,True
varconet_selected,1,310,63,69,-0.010959292761981487,-0.022673986852169037,True
varconet_selected,1,311,174,373,0.010956701822578907,0.11238007992506027,True
varconet_selected,1,312,74,283,-0.010956628248095512,-0.14356638491153717,True
varconet_selected,1,313,13,31,0.010954751633107662,0.11382151395082474,True
varconet_selected,1,314,148,149,-0.010946164838969707,0.1368923932313919,False
varconet_selected,1,315,62,66,-0.010943280532956123,-0.09678719937801361,True
varconet_selected,1,316,156,175,-0.010933631099760532,-0.14163580536842346,True
varconet_selected,1,317,67,119,0.010928262956440449,0.11734272539615631,True
varconet_selected,1,318,68,249,0.010926630347967148,0.18882933259010315,True
varconet_selected,1,319,270,323,-0.010926040820777416,-0.09679323434829712,True
varconet_selected,1,320,126,153,-0.010913600213825703,-0.16981013119220734,True
varconet_selected,1,321,259,302,0.010913468897342682,0.13057813048362732,True
varconet_selected,1,322,151,175,-0.010912821628153324,-0.18625515699386597,True
varconet_selected,1,323,258,302,0.010906660929322243,0.26046472787857056,True
varconet_selected,1,324,174,360,0.010905896313488483,0.06785476952791214,True
varconet_selected,1,325,63,250,0.010899457149207592,0.05822233855724335,True
varconet_selected,1,326,258,337,0.010899437591433525,0.08606789261102676,True
varconet_selected,1,327,166,308,-0.010899154469370842,-0.11900350451469421,True
varconet_selected,1,328,151,260,0.010898948647081852,0.1391877681016922,True
varconet_selected,1,329,61,229,0.010897355154156685,0.40601322054862976,True
varconet_selected,1,330,183,375,0.0108950762078166,0.06415478885173798,True
varconet_selected,1,331,106,264,0.01088437158614397,0.04997945576906204,True
varconet_selected,1,332,77,111,0.010878377594053745,0.13529831171035767,True
varconet_selected,1,333,276,277,-0.01087835431098938,-0.3969717025756836,True
varconet_selected,1,334,182,263,-0.010873718187212944,-0.18460138142108917,True
varconet_selected,1,335,250,261,0.010869534686207771,0.17763939499855042,True
varconet_selected,1,336,69,167,-0.010868470184504986,-0.24414727091789246,True
varconet_selected,1,337,64,69,-0.010859621688723564,-0.03452527895569801,True
varconet_selected,1,338,257,260,-0.010837545618414879,-0.03341858461499214,True
varconet_selected,1,339,256,281,0.010836537927389145,0.06341401487588882,True
varconet_selected,1,340,234,320,-0.01081872545182705,0.006801208481192589,False
varconet_selected,1,341,198,294,-0.01081271842122078,-0.2011515200138092,True
varconet_selected,1,342,106,266,0.010805917903780937,0.03389561548829079,True
varconet_selected,1,343,274,337,-0.010801796801388264,-0.09521795809268951,True
varconet_selected,1,344,249,316,0.010801317170262337,0.07639846950769424,True
varconet_selected,1,345,97,229,-0.010799101553857327,-0.21924234926700592,True
varconet_selected,1,346,361,372,-0.010798649862408638,0.03828544169664383,False
varconet_selected,1,347,261,316,-0.010798283852636814,-0.19076420366764069,True
varconet_selected,1,348,174,372,0.010795307345688343,0.18786513805389404,True
varconet_selected,1,349,148,175,-0.010792740620672703,-0.2803414463996887,True
varconet_selected,1,350,125,174,0.0107911741361022,0.026595478877425194,True
varconet_selected,1,351,68,263,-0.010779415257275105,-0.17448978126049042,True
varconet_selected,1,352,268,298,-0.010774333961308002,-0.06360694766044617,True
varconet_selected,1,353,2,21,0.010770531371235847,0.12283643335103989,True
varconet_selected,1,354,134,137,-0.010769978165626526,0.0409366637468338,False
varconet_selected,1,355,283,298,0.010765999555587769,0.07196007668972015,True
varconet_selected,1,356,175,367,0.010760514065623283,0.24812884628772736,True
varconet_selected,1,357,138,257,0.010753876529633999,0.0502619668841362,True
varconet_selected,1,358,73,164,-0.01075014378875494,-0.03562461584806442,True
varconet_selected,1,359,171,375,0.01074813213199377,0.06862432509660721,True
varconet_selected,1,360,98,125,0.010745281353592873,0.06353562325239182,True
varconet_selected,1,361,269,276,-0.010741987265646458,-0.32732847332954407,True
varconet_selected,1,362,159,293,-0.010737036354839802,-0.07234138250350952,True
varconet_selected,1,363,13,215,-0.010736419819295406,-0.11180544644594193,True
varconet_selected,1,364,12,151,0.01073488313704729,0.048208411782979965,True
varconet_selected,1,365,120,176,0.01072966493666172,0.09948965907096863,True
varconet_selected,1,366,172,291,-0.010725890286266804,-0.2861703932285309,True
varconet_selected,1,367,153,296,-0.010714909061789513,-0.13172706961631775,True
varconet_selected,1,368,241,248,-0.010713392868638039,-0.24822472035884857,True
varconet_selected,1,369,175,295,-0.010712053626775742,-0.2324405461549759,True
varconet_selected,1,370,231,260,0.010709661059081554,0.3236795663833618,True
varconet_selected,1,371,164,337,-0.010702056810259819,-0.16817264258861542,True
varconet_selected,1,372,251,316,0.010680336505174637,0.03745013475418091,True
varconet_selected,1,373,215,276,-0.010675511322915554,-0.2023143172264099,True
varconet_selected,1,374,64,67,-0.010672293603420258,-0.04517129063606262,True
varconet_selected,1,375,211,316,0.010666865855455399,-0.061104051768779755,False
varconet_selected,1,376,111,224,-0.010664458386600018,-0.174577534198761,True
varconet_selected,1,377,93,225,-0.010663492605090141,-0.11746837198734283,True
varconet_selected,1,378,150,225,-0.010662353597581387,-0.37452301383018494,True
varconet_selected,1,379,217,266,-0.010646361857652664,-0.2862602472305298,True
varconet_selected,1,380,166,295,-0.010644637048244476,-0.2146008312702179,True
varconet_selected,1,381,67,135,-0.010638837702572346,-0.23796309530735016,True
varconet_selected,1,382,169,290,-0.01063012145459652,-0.1161874309182167,True
varconet_selected,1,383,62,67,-0.010626981034874916,-0.04058757796883583,True
varconet_selected,1,384,186,316,0.010624934919178486,0.20677590370178223,True
varconet_selected,1,385,151,294,-0.010624733753502369,-0.17740902304649353,True
varconet_selected,1,386,174,379,0.01062155980616808,0.2719871699810028,True
varconet_selected,1,387,104,114,0.010617474094033241,0.04009895399212837,True
varconet_selected,1,388,323,361,0.010616960935294628,0.03448842838406563,True
varconet_selected,1,389,166,376,0.010613635182380676,0.1462205946445465,True
varconet_selected,1,390,20,175,-0.010607549920678139,0.0913783460855484,False
varconet_selected,1,391,242,248,-0.010604486800730228,0.018571723252534866,False
varconet_selected,1,392,66,73,-0.010601804591715336,-0.12948134541511536,True
varconet_selected,1,393,259,283,-0.010600578039884567,-0.024666370823979378,True
varconet_selected,1,394,106,273,0.010598993860185146,0.10475505143404007,True
varconet_selected,1,395,21,93,-0.010598734952509403,-0.35597649216651917,True
varconet_selected,1,396,55,381,-0.010594621300697327,-0.023500699549913406,True
varconet_selected,1,397,133,338,-0.010591731406748295,-0.19779787957668304,True
varconet_selected,1,398,62,259,-0.010585795156657696,-0.17269989848136902,True
varconet_selected,1,399,161,294,-0.010584212839603424,-0.15274690091609955,True
varconet_selected,1,400,20,173,-0.010582821443676949,-0.029747502878308296,True
varconet_selected,1,401,167,294,-0.010582143440842628,-0.2997443974018097,True
varconet_selected,1,402,93,260,0.010581715032458305,0.11867838352918625,True
varconet_selected,1,403,62,69,-0.010581626556813717,-0.08458887040615082,True
varconet_selected,1,404,72,289,-0.010581249371170998,0.023110603913664818,False
varconet_selected,1,405,126,339,-0.010580486617982388,-0.31134068965911865,True
varconet_selected,1,406,106,336,-0.010577866807579994,0.025661572813987732,False
varconet_selected,1,407,166,377,0.01057756319642067,0.14199374616146088,True
varconet_selected,1,408,79,106,0.010575450025498867,0.03612999618053436,True
varconet_selected,1,409,201,290,-0.01057540811598301,0.0764489620923996,False
varconet_selected,1,410,72,164,-0.01057386677712202,-0.0915750041604042,True
varconet_selected,1,411,108,322,-0.010568550787866116,-0.18716758489608765,True
varconet_selected,1,412,74,289,-0.010566994547843933,-0.09053956717252731,True
varconet_selected,1,413,200,337,0.010565772652626038,0.0837421864271164,True
varconet_selected,1,414,108,154,-0.010564818046987057,0.08581487834453583,False
varconet_selected,1,415,12,150,0.010564585216343403,0.15340231359004974,True
varconet_selected,1,416,124,337,-0.010563302785158157,-0.11729475855827332,True
varconet_selected,1,417,94,100,0.010561749339103699,0.18729671835899353,True
varconet_selected,1,418,132,329,-0.010554349049925804,-0.1175585463643074,True
varconet_selected,1,419,95,150,-0.010550858452916145,-0.21773844957351685,True
varconet_selected,1,420,67,157,0.010548464953899384,0.20472422242164612,True
varconet_selected,1,421,63,134,-0.010546468198299408,-0.1413206309080124,True
varconet_selected,1,422,112,268,0.01053727138787508,0.14841602742671967,True
varconet_selected,1,423,58,316,-0.010532796382904053,0.029229458421468735,False
varconet_selected,1,424,293,301,0.010531332343816757,0.10214132815599442,True
varconet_selected,1,425,109,251,0.01052610483020544,0.05017104744911194,True
varconet_selected,1,426,173,179,0.010525397956371307,0.04595852270722389,True
varconet_selected,1,427,69,135,-0.010522710159420967,-0.08668285608291626,True
varconet_selected,1,428,257,369,0.010517949238419533,0.09466748684644699,True
varconet_selected,1,429,252,262,0.010514884255826473,0.09863001108169556,True
varconet_selected,1,430,166,374,0.01051389891654253,0.21420718729496002,True
varconet_selected,1,431,69,170,-0.010513095185160637,-0.23257216811180115,True
varconet_selected,1,432,338,341,-0.010510423220694065,-0.251216858625412,True
varconet_selected,1,433,31,268,0.010498655959963799,0.10985297709703445,True
varconet_selected,1,434,241,251,-0.010494262911379337,-0.26614782214164734,True
varconet_selected,1,435,295,349,-0.010490547865629196,-0.12217295169830322,True
varconet_selected,1,436,43,188,0.010488804429769516,0.08500602096319199,True
varconet_selected,1,437,100,336,-0.010484413243830204,0.2039761245250702,False
varconet_selected,1,438,62,251,0.010481620207428932,0.028700361028313637,True
varconet_selected,1,439,89,345,-0.010478798300027847,-0.1759788691997528,True
varconet_selected,1,440,150,173,-0.01047002337872982,-0.3685848116874695,True
varconet_selected,1,441,134,260,-0.010462675243616104,-0.07191935926675797,True
varconet_selected,1,442,150,261,0.010458351112902164,0.012716946192085743,True
varconet_selected,1,443,1,227,-0.010452764108777046,0.12260716408491135,False
varconet_selected,1,444,282,337,-0.010438636876642704,-0.19262583553791046,True
varconet_selected,1,445,338,339,-0.010437930934131145,-0.22600071132183075,True
varconet_selected,1,446,112,209,0.0104367109015584,0.08584486693143845,True
varconet_selected,1,447,93,261,0.010433792136609554,0.09858458489179611,True
varconet_selected,1,448,30,38,-0.010432054288685322,-0.1391000896692276,True
varconet_selected,1,449,212,248,-0.010431593284010887,-0.2727557122707367,True
varconet_selected,1,450,91,259,0.01042842585593462,0.1016344204545021,True
varconet_selected,1,451,175,373,0.010426304303109646,0.13112258911132812,True
varconet_selected,1,452,251,317,0.010425200685858727,0.04785846173763275,True
varconet_selected,1,453,173,379,0.010425098240375519,0.3138011395931244,True
varconet_selected,1,454,108,336,-0.010423768311738968,-0.12955038249492645,True
varconet_selected,1,455,137,304,-0.010422385297715664,-0.004994867369532585,True
varconet_selected,1,456,175,379,0.010421795770525932,0.29807764291763306,True
varconet_selected,1,457,63,81,-0.010420996695756912,-0.025900691747665405,True
varconet_selected,1,458,269,289,-0.010420714505016804,0.03246276453137398,False
varconet_selected,1,459,164,250,0.010419846512377262,0.29077786207199097,True
varconet_selected,1,460,238,336,-0.010419510304927826,-0.24280454218387604,True
varconet_selected,1,461,112,207,0.010413417592644691,0.06628196686506271,True
varconet_selected,1,462,113,229,-0.010411262512207031,-0.18944545090198517,True
varconet_selected,1,463,9,317,0.010409632697701454,-0.019820528104901314,False
varconet_selected,1,464,36,268,-0.010406593792140484,-0.1937597393989563,True
varconet_selected,1,465,62,260,-0.010404136031866074,-0.014010223560035229,True
varconet_selected,1,466,171,339,0.01040247268974781,-0.015374901704490185,False
varconet_selected,1,467,170,239,-0.010398159734904766,-0.14754733443260193,True
varconet_selected,1,468,12,215,-0.010396220721304417,-0.003782857907935977,True
varconet_selected,1,469,269,298,-0.010394400916993618,-0.06231836974620819,True
varconet_selected,1,470,73,167,-0.010389838367700577,-0.2229078859090805,True
varconet_selected,1,471,235,334,-0.010389578528702259,-0.18842370808124542,True
varconet_selected,1,472,159,292,-0.010387396439909935,-0.10981125384569168,True
varconet_selected,1,473,280,335,-0.010385534726083279,-0.0838836133480072,True
varconet_selected,1,474,174,269,0.010380064137279987,0.20410163700580597,True
varconet_selected,1,475,126,241,0.010379478335380554,0.07018683850765228,True
varconet_selected,1,476,252,351,-0.010379189625382423,-0.07657667249441147,True
varconet_selected,1,477,213,249,-0.010374091565608978,-0.28886839747428894,True
varconet_selected,1,478,104,124,0.010368541814386845,0.06332337856292725,True
varconet_selected,1,479,62,261,-0.010368481278419495,-0.13254642486572266,True
varconet_selected,1,480,164,261,-0.010363558307290077,-0.1727839559316635,True
varconet_selected,1,481,139,281,-0.010362793691456318,-0.20106923580169678,True
varconet_selected,1,482,20,259,0.010360399261116982,0.1186671331524849,True
varconet_selected,1,483,260,303,0.010353335179388523,0.19162441790103912,True
varconet_selected,1,484,148,239,0.010352063924074173,0.09582420438528061,True
varconet_selected,1,485,174,294,-0.01035026554018259,-0.2380165308713913,True
varconet_selected,1,486,170,206,-0.010348851792514324,-0.1589123010635376,True
varconet_selected,1,487,68,282,-0.010346596129238605,-0.1414007991552353,True
varconet_selected,1,488,62,368,0.010340973734855652,0.11197119951248169,True
varconet_selected,1,489,251,263,0.010331988334655762,0.13343271613121033,True
varconet_selected,1,490,133,267,0.010330021381378174,0.06396733969449997,True
varconet_selected,1,491,167,258,-0.01032459456473589,-0.21455109119415283,True
varconet_selected,1,492,128,138,0.010322394780814648,0.05409719794988632,True
varconet_selected,1,493,38,212,0.01032023224979639,0.2631278932094574,True
varconet_selected,1,494,234,336,-0.010319958440959454,-0.07399013638496399,True
varconet_selected,1,495,270,316,-0.010319706983864307,-0.058867767453193665,True
varconet_selected,1,496,20,229,-0.010315876454114914,-0.11819829046726227,True
varconet_selected,1,497,269,351,-0.01031425129622221,0.035176560282707214,False
varconet_selected,1,498,317,374,0.010312872007489204,-0.02383139356970787,False
varconet_selected,1,499,30,224,-0.010312534868717194,-0.2025463879108429,True
varconet_selected,1,500,71,174,-0.010302337817847729,-0.06315683573484421,True
varconet_selected,1,501,268,337,0.010301638394594193,0.37078776955604553,True
varconet_selected,1,502,149,150,-0.010299761779606342,0.06650632619857788,False
varconet_selected,1,503,167,295,-0.010299596935510635,-0.23803317546844482,True
varconet_selected,1,504,138,191,-0.010295619256794453,0.015686538070440292,False
varconet_selected,1,505,252,260,0.010295051150023937,0.12274996936321259,True
varconet_selected,1,506,268,277,-0.010294978506863117,-0.08353347331285477,True
varconet_selected,1,507,251,260,0.010294747538864613,0.2133839875459671,True
varconet_selected,1,508,55,225,0.01029261015355587,0.22806186974048615,True
varconet_selected,1,509,242,249,-0.010292277671396732,-0.07723990082740784,True
varconet_selected,1,510,200,286,-0.010290412232279778,-0.04774364084005356,True
varconet_selected,1,511,231,262,0.010287958197295666,0.2816765606403351,True
varconet_selected,1,512,153,314,-0.010283267125487328,-0.09573180973529816,True
varconet_selected,1,513,173,310,0.010279356501996517,0.12581771612167358,True
varconet_selected,1,514,224,249,0.010277148336172104,0.10533226281404495,True
varconet_selected,1,515,108,278,0.010276428423821926,0.12875288724899292,True
varconet_selected,1,516,166,253,0.01026432029902935,0.28029656410217285,True
varconet_selected,1,517,62,369,0.010263326577842236,0.08478108048439026,True
varconet_selected,1,518,191,320,0.010262896306812763,-0.0276508666574955,False
varconet_selected,1,519,73,252,0.010262439027428627,0.21579988300800323,True
varconet_selected,1,520,8,173,-0.010260909795761108,-0.11410011351108551,True
varconet_selected,1,521,251,259,0.010258642956614494,0.17698679864406586,True
varconet_selected,1,522,167,263,-0.010257631540298462,-0.3150482177734375,True
varconet_selected,1,523,15,223,0.010254990309476852,0.17589978873729706,True
varconet_selected,1,524,67,128,-0.010254661552608013,-0.08166772872209549,True
varconet_selected,1,525,173,313,0.010253642685711384,0.12202822417020798,True
varconet_selected,1,526,178,209,-0.010252278298139572,-0.2252189815044403,True
varconet_selected,1,527,10,18,0.010248527862131596,0.12559500336647034,True
varconet_selected,1,528,134,167,-0.010243898257613182,-0.07126226276159286,True
varconet_selected,1,529,252,253,-0.010243896394968033,-0.12371755391359329,True
varconet_selected,1,530,1,248,-0.010241136886179447,-0.20452472567558289,True
varconet_selected,1,531,250,262,0.010235659778118134,0.14801384508609772,True
varconet_selected,1,532,219,268,-0.010229596868157387,-0.07535810768604279,True
varconet_selected,1,533,65,166,-0.010228708386421204,-0.07662038505077362,True
varconet_selected,1,534,175,253,0.010228607803583145,0.2695430815219879,True
varconet_selected,1,535,19,265,0.010222995653748512,0.10319337993860245,True
varconet_selected,1,536,215,269,-0.01022044662386179,-0.22744499146938324,True
varconet_selected,1,537,248,295,0.010218107141554356,0.10948554426431656,True
varconet_selected,1,538,215,266,-0.010212915949523449,-0.30053848028182983,True
varconet_selected,1,539,221,293,0.01021205447614193,0.06317665427923203,True
varconet_selected,1,540,300,374,-0.010211434215307236,-0.10040226578712463,True
varconet_selected,1,541,149,175,-0.010211429558694363,-0.23069612681865692,True
varconet_selected,1,542,241,294,0.010211201384663582,0.278861403465271,True
varconet_selected,1,543,317,375,0.010210884734988213,0.14142394065856934,True
varconet_selected,1,544,73,282,-0.010201524011790752,-0.08803246170282364,True
varconet_selected,1,545,125,236,0.010200373828411102,0.05929355323314667,True
varconet_selected,1,546,39,277,0.010200065560638905,0.03162996470928192,True
varconet_selected,1,547,178,337,0.01019380521029234,0.18393714725971222,True
varconet_selected,1,548,251,261,0.010193448513746262,0.22299911081790924,True
varconet_selected,1,549,93,229,-0.010190404951572418,-0.2933313548564911,True
varconet_selected,1,550,3,100,-0.010190199129283428,-0.1358301043510437,True
varconet_selected,1,551,259,363,0.010187341831624508,0.09724505245685577,True
varconet_selected,1,552,214,269,-0.010186882689595222,-0.2709807753562927,True
varconet_selected,1,553,262,263,-0.01018496323376894,-0.06795553863048553,True
varconet_selected,1,554,238,298,0.010182452388107777,0.0175933875143528,True
varconet_selected,1,555,166,378,0.010180741548538208,0.20957887172698975,True
varconet_selected,1,556,109,252,0.010179250501096249,0.01403751503676176,True
varconet_selected,1,557,164,259,-0.010174856521189213,-0.2124042809009552,True
varconet_selected,1,558,250,317,0.010171409696340561,-0.004520472604781389,False
varconet_selected,1,559,67,282,-0.010171095840632915,-0.22683121263980865,True
varconet_selected,1,560,114,176,0.010169712826609612,0.13107511401176453,True
varconet_selected,1,561,132,337,-0.010168989188969135,-0.19780166447162628,True
varconet_selected,1,562,322,361,0.010159023106098175,0.028851361945271492,True
varconet_selected,1,563,129,177,-0.010151909664273262,0.028362801298499107,False
varconet_selected,1,564,166,292,-0.010147981345653534,-0.14098642766475677,True
varconet_selected,1,565,201,321,0.010147545486688614,0.009145439602434635,True
varconet_selected,1,566,62,159,-0.010139085352420807,-0.07743396610021591,True
varconet_selected,1,567,171,379,0.010138238780200481,0.2891196310520172,True
varconet_selected,1,568,275,336,-0.010136539116501808,-0.23893627524375916,True
varconet_selected,1,569,85,259,0.010136300697922707,0.1563064306974411,True
varconet_selected,1,570,68,174,-0.010133960284292698,-0.28254327178001404,True
varconet_selected,1,571,152,294,-0.010132106021046638,-0.15746727585792542,True
varconet_selected,1,572,172,290,-0.010129635222256184,-0.20158171653747559,True
varconet_selected,1,573,167,252,0.010127813555300236,0.18020690977573395,True
varconet_selected,1,574,183,267,0.01012560073286295,-0.034684862941503525,False
varconet_selected,1,575,166,257,-0.01012059673666954,-0.24405774474143982,True
varconet_selected,1,576,97,231,-0.010119877755641937,-0.15097500383853912,True
varconet_selected,1,577,127,276,0.01011361088603735,0.3047914206981659,True
varconet_selected,1,578,134,372,0.010111808776855469,0.09264854341745377,True
varconet_selected,1,579,77,108,0.010110527276992798,0.010621906258165836,True
varconet_selected,1,580,105,282,-0.010109830647706985,-0.16429457068443298,True
varconet_selected,1,581,73,305,-0.010105515830218792,-0.17355579137802124,True
varconet_selected,1,582,106,258,0.010104987770318985,0.005518514197319746,True
varconet_selected,1,583,68,260,-0.010103547014296055,-0.00310337427072227,True
varconet_selected,1,584,73,292,-0.01008788775652647,-0.04033144563436508,True
varconet_selected,1,585,79,148,0.010084390640258789,-0.004855235107243061,False
varconet_selected,1,586,170,199,0.01007916685193777,0.09944023191928864,True
varconet_selected,1,587,169,175,0.010076970793306828,0.15038950741291046,True
varconet_selected,1,588,108,279,0.010074874386191368,0.10529005527496338,True
varconet_selected,1,589,277,357,0.010074475780129433,-0.06545751541852951,False
varconet_selected,1,590,253,295,0.010073792189359665,0.066411592066288,True
varconet_selected,1,591,261,363,0.01007214467972517,0.026833197101950645,True
varconet_selected,1,592,336,367,0.010064223781228065,0.1805087924003601,True
varconet_selected,1,593,33,267,0.010064100846648216,0.11294935643672943,True
varconet_selected,1,594,125,237,0.01006383914500475,0.07161284983158112,True
varconet_selected,1,595,73,308,-0.010057710111141205,-0.025368083268404007,True
varconet_selected,1,596,219,276,-0.010057605803012848,-0.12569788098335266,True
varconet_selected,1,597,214,267,-0.010056526400148869,-0.23664847016334534,True
varconet_selected,1,598,86,87,-0.010056504979729652,-0.22495166957378387,True
varconet_selected,1,599,51,232,-0.0100553585216403,0.06195838376879692,False
varconet_selected,1,600,259,289,-0.010054958052933216,-0.06639865785837173,True
varconet_selected,1,601,46,279,0.01005405094474554,0.1310659646987915,True
varconet_selected,1,602,217,276,-0.010050485841929913,-0.26372846961021423,True
varconet_selected,1,603,258,316,-0.010050306096673012,-0.2032143771648407,True
varconet_selected,1,604,23,155,0.010047601535916328,0.004098515957593918,True
varconet_selected,1,605,151,225,-0.010039463639259338,-0.26224836707115173,True
varconet_selected,1,606,250,326,0.010037977248430252,-0.06412655115127563,False
varconet_selected,1,607,120,276,0.010036524385213852,0.1529453992843628,True
varconet_selected,1,608,16,251,0.010035035200417042,0.011278788559138775,True
varconet_selected,1,609,174,232,-0.010033469647169113,-0.1351637989282608,True
varconet_selected,1,610,113,231,-0.010032122023403645,-0.12587663531303406,True
varconet_selected,1,611,97,151,-0.010029882192611694,-0.21225672960281372,True
varconet_selected,1,612,2,382,-0.010029268451035023,0.018801923841238022,False
varconet_selected,1,613,177,373,0.010028433986008167,0.12908965349197388,True
varconet_selected,1,614,173,267,0.010027658194303513,0.17118170857429504,True
varconet_selected,1,615,178,241,-0.010027260519564152,-0.1349378377199173,True
varconet_selected,1,616,68,290,-0.010026494041085243,-0.2051200270652771,True
varconet_selected,1,617,239,320,-0.010025725699961185,-0.007627587299793959,True
varconet_selected,1,618,92,125,0.010025447234511375,0.23931251466274261,True
varconet_selected,1,619,262,316,-0.010025250725448132,-0.06293730437755585,True
varconet_selected,1,620,3,344,-0.010024833492934704,-0.06903377175331116,True
varconet_selected,1,621,378,379,-0.010023031383752823,-0.1008187010884285,True
varconet_selected,1,622,64,221,0.010021177120506763,-0.03821464255452156,False
varconet_selected,1,623,64,260,-0.01002028863877058,0.02803322672843933,False
varconet_selected,1,624,295,317,-0.010019194334745407,0.08520279079675674,False
varconet_selected,1,625,229,257,0.010017124935984612,0.20100532472133636,True
varconet_selected,1,626,67,303,0.010016237385571003,0.0889924019575119,True
varconet_selected,1,627,84,139,-0.010015266947448254,-0.22799578309059143,True
varconet_selected,1,628,336,371,0.010008779354393482,0.25036704540252686,True
varconet_selected,1,629,196,316,0.01000597421079874,0.3101874589920044,True
varconet_selected,1,630,92,259,0.010005967691540718,-0.02731342799961567,False
varconet_selected,1,631,171,373,0.010004912503063679,0.06981617957353592,True
varconet_selected,1,632,95,231,-0.010002519935369492,-0.154073104262352,True
varconet_selected,1,633,62,291,-0.009997031651437283,-0.07896345853805542,True
varconet_selected,1,634,106,267,0.009992768056690693,-0.1109718382358551,False
varconet_selected,1,635,177,379,0.00999155081808567,0.2679426074028015,True
varconet_selected,1,636,21,24,0.009991107508540154,0.18603551387786865,True
varconet_selected,1,637,221,358,-0.009989304468035698,-0.07943771779537201,True
varconet_selected,1,638,269,313,-0.009988884441554546,-0.15303374826908112,True
varconet_selected,1,639,241,267,-0.009985784068703651,-0.21513479948043823,True
varconet_selected,1,640,129,300,0.009985316544771194,-0.009355595335364342,False
varconet_selected,1,641,321,354,0.009983249939978123,-0.032711323350667953,False
varconet_selected,1,642,154,282,-0.009981609880924225,-0.04567321017384529,True
varconet_selected,1,643,298,336,0.009980274364352226,0.2576691508293152,True
varconet_selected,1,644,295,299,0.009976356290280819,0.018776316195726395,True
varconet_selected,1,645,109,249,0.009971664287149906,0.07101066410541534,True
varconet_selected,1,646,256,260,-0.009968839585781097,-0.052491478621959686,True
varconet_selected,1,647,19,366,-0.009967412799596786,0.08361446112394333,False
varconet_selected,1,648,54,267,-0.009960523806512356,0.008500499650835991,False
varconet_selected,1,649,167,308,-0.009960195980966091,-0.21116624772548676,True
varconet_selected,1,650,217,270,-0.009959090501070023,-0.04990588128566742,True
varconet_selected,1,651,124,264,0.009958433918654919,-0.028471650555729866,False
varconet_selected,1,652,175,291,-0.009957066737115383,-0.17144066095352173,True
varconet_selected,1,653,175,307,-0.009946748614311218,-0.3600689172744751,True
varconet_selected,1,654,264,267,-0.009943636134266853,-0.10273338109254837,True
varconet_selected,1,655,177,367,0.009933775290846825,0.25879764556884766,True
varconet_selected,1,656,182,361,0.009929416701197624,0.13072559237480164,True
varconet_selected,1,657,54,266,-0.009927123785018921,0.05914280563592911,False
varconet_selected,1,658,302,363,-0.009922659955918789,-0.08068492263555527,True
varconet_selected,1,659,52,279,0.009920565411448479,0.056599266827106476,True
varconet_selected,1,660,73,336,-0.00992019847035408,-0.23921044170856476,True
varconet_selected,1,661,164,167,-0.00991782359778881,-0.37638139724731445,True
varconet_selected,1,662,123,124,-0.009913326241075993,-0.05349060893058777,True
varconet_selected,1,663,237,261,0.00991055741906166,0.1421578824520111,True
varconet_selected,1,664,250,256,0.009909885935485363,0.01986083574593067,True
varconet_selected,1,665,171,291,-0.009904591366648674,-0.14120054244995117,True
varconet_selected,1,666,75,93,0.009901963174343109,0.2658771276473999,True
varconet_selected,1,667,149,239,0.009895781986415386,0.21778665482997894,True
varconet_selected,1,668,41,200,-0.009893366135656834,-0.05529540777206421,True
varconet_selected,1,669,20,258,0.009887718595564365,0.1036691814661026,True
varconet_selected,1,670,174,268,0.009886905550956726,0.2093144655227661,True
varconet_selected,1,671,62,252,0.009885650128126144,0.027049755677580833,True
varconet_selected,1,672,293,300,0.009884859435260296,0.08004441857337952,True
varconet_selected,1,673,67,263,-0.00988062284886837,-0.04828543961048126,True
varconet_selected,1,674,19,267,0.009880504570901394,0.04328612983226776,True
varconet_selected,1,675,173,377,0.00987514853477478,0.14768566191196442,True
varconet_selected,1,676,13,175,0.009872808121144772,-0.004958407022058964,False
varconet_selected,1,677,249,286,-0.009870794601738453,-0.301131010055542,True
varconet_selected,1,678,69,171,-0.009867297485470772,-0.14343753457069397,True
varconet_selected,1,679,74,282,-0.00986422598361969,-0.1092553660273552,True
varconet_selected,1,680,73,291,-0.009864171966910362,-0.08798735588788986,True
varconet_selected,1,681,237,259,0.009863490238785744,0.18023820221424103,True
varconet_selected,1,682,69,216,-0.009858139790594578,0.010856634937226772,False
varconet_selected,1,683,209,212,-0.009857363998889923,-0.227811798453331,True
varconet_selected,1,684,67,227,0.009856677614152431,0.1655939817428589,True
varconet_selected,1,685,287,293,0.009856524877250195,0.028490042313933372,True
varconet_selected,1,686,209,214,-0.009854882024228573,-0.24865514039993286,True
varconet_selected,1,687,125,301,0.009853488765656948,0.09759204834699631,True
varconet_selected,1,688,67,283,-0.009853426367044449,-0.21155893802642822,True
varconet_selected,1,689,240,251,-0.009853425435721874,-0.33820968866348267,True
varconet_selected,1,690,253,262,0.009853355586528778,0.02273300476372242,True
varconet_selected,1,691,125,152,0.009852118790149689,0.030437851324677467,True
varconet_selected,1,692,84,278,0.009850769303739071,0.27613216638565063,True
varconet_selected,1,693,210,347,0.00984368845820427,0.10193228721618652,True
varconet_selected,1,694,110,193,-0.009843211621046066,-0.07294584810733795,True
varconet_selected,1,695,29,207,0.00984170287847519,0.25120842456817627,True
varconet_selected,1,696,105,270,-0.009840672835707664,-0.06036660820245743,True
varconet_selected,1,697,256,369,0.009839196689426899,0.03580928221344948,True
varconet_selected,1,698,66,293,-0.009835565462708473,-0.14888334274291992,True
varconet_selected,1,699,121,123,-0.009831707924604416,-0.06170705705881119,True
varconet_selected,1,700,93,363,-0.009829146787524223,-0.08333338797092438,True
varconet_selected,1,701,227,261,0.009827284142374992,0.0688653290271759,True
varconet_selected,1,702,200,330,0.009826552122831345,0.2554797828197479,True
varconet_selected,1,703,70,262,-0.0098247230052948,0.13528423011302948,False
varconet_selected,1,704,264,265,-0.009824453853070736,-0.13860498368740082,True
varconet_selected,1,705,97,375,-0.00982168409973383,-0.10826868563890457,True
varconet_selected,1,706,283,323,-0.009820983745157719,-0.05991807207465172,True
varconet_selected,1,707,179,213,-0.009820263832807541,-0.2122810184955597,True
varconet_selected,1,708,62,135,-0.009819515980780125,-0.19186648726463318,True
varconet_selected,1,709,86,115,0.009818004444241524,0.19890376925468445,True
varconet_selected,1,710,151,269,0.009815523400902748,0.16793039441108704,True
varconet_selected,1,711,256,280,0.009811078198254108,0.008167718537151814,True
varconet_selected,1,712,183,379,0.009807856753468513,0.14406269788742065,True
varconet_selected,1,713,148,229,-0.009803129360079765,-0.1801658421754837,True
varconet_selected,1,714,261,309,-0.009802625514566898,-0.11070466041564941,True
varconet_selected,1,715,132,256,0.009801976382732391,0.06435441970825195,True
varconet_selected,1,716,229,258,0.009801759384572506,0.1914423257112503,True
varconet_selected,1,717,79,172,-0.009801491163671017,-0.11715703457593918,True
varconet_selected,1,718,167,251,0.009800141677260399,0.13628573715686798,True
varconet_selected,1,719,111,253,0.00979978870600462,0.02609349600970745,True
varconet_selected,1,720,164,379,0.009798918850719929,0.17275530099868774,True
varconet_selected,1,721,273,336,-0.009796788915991783,-0.22594384849071503,True
varconet_selected,1,722,173,375,0.009792176075279713,0.0638560950756073,True
varconet_selected,1,723,161,241,0.009788956493139267,0.07381290942430496,True
varconet_selected,1,724,253,351,-0.009788951836526394,0.00010327813652111217,False
varconet_selected,1,725,92,102,0.009784866124391556,0.2267432063817978,True
varconet_selected,1,726,131,317,-0.009783970192074776,0.1172742173075676,False
varconet_selected,1,727,239,317,-0.009783952496945858,0.014942933805286884,False
varconet_selected,1,728,173,287,-0.009780723601579666,-0.2736300230026245,True
varconet_selected,1,729,12,382,-0.00977845024317503,-0.09081022441387177,True
varconet_selected,1,730,134,339,-0.009775842539966106,-0.21734881401062012,True
varconet_selected,1,731,92,129,0.009775679558515549,-0.027989458292722702,False
varconet_selected,1,732,167,373,0.009772378019988537,0.08917311578989029,True
varconet_selected,1,733,228,289,0.009772166609764099,0.05025484040379524,True
varconet_selected,1,734,33,344,-0.00977002177387476,0.0008852163446135819,False
varconet_selected,1,735,155,359,0.009769204072654247,-0.051803652197122574,False
varconet_selected,2,1,213,269,-0.018341800197958946,-0.2765738070011139,True
varconet_selected,2,2,151,261,0.016617009416222572,0.1291588395833969,True
varconet_selected,2,3,216,267,-0.016415217891335487,-0.3926887512207031,True
varconet_selected,2,4,213,268,-0.016303688287734985,-0.3338228762149811,True
varconet_selected,2,5,166,260,-0.01598343625664711,-0.3821677267551422,True
varconet_selected,2,6,212,269,-0.015960706397891045,-0.31838807463645935,True
varconet_selected,2,7,33,146,-0.015844570472836494,-0.14186617732048035,True
varconet_selected,2,8,213,253,-0.01580212078988552,-0.16606490314006805,True
varconet_selected,2,9,272,336,-0.015609672293066978,-0.19894897937774658,True
varconet_selected,2,10,93,151,-0.015503330156207085,-0.3164365589618683,True
varconet_selected,2,11,216,269,-0.015476214699447155,-0.3691155016422272,True
varconet_selected,2,12,166,373,0.015179924666881561,0.04465595260262489,True
varconet_selected,2,13,66,263,-0.015162029303610325,-0.13564316928386688,True
varconet_selected,2,14,243,249,-0.014950674027204514,-0.08928235620260239,True
varconet_selected,2,15,240,269,-0.014908826909959316,-0.1735292673110962,True
varconet_selected,2,16,66,261,-0.01485220342874527,-0.1589733213186264,True
varconet_selected,2,17,150,175,-0.01473243534564972,-0.20712339878082275,True
varconet_selected,2,18,215,268,-0.014658498577773571,-0.30882716178894043,True
varconet_selected,2,19,66,259,-0.014653646387159824,-0.14850781857967377,True
varconet_selected,2,20,66,262,-0.014521192759275436,-0.10848832130432129,True
varconet_selected,2,21,66,239,-0.014499043114483356,-0.07567822933197021,True
varconet_selected,2,22,62,81,-0.014482592232525349,-0.10354575514793396,True
varconet_selected,2,23,112,207,0.01448070164769888,0.05753971263766289,True
varconet_selected,2,24,172,239,-0.014469469897449017,-0.21744680404663086,True
varconet_selected,2,25,62,73,-0.014388862997293472,-0.11371979117393494,True
varconet_selected,2,26,212,267,-0.014362488873302937,-0.3455500900745392,True
varconet_selected,2,27,69,250,0.014316488057374954,0.13338284194469452,True
varconet_selected,2,28,27,146,-0.014307966455817223,0.024664832279086113,False
varconet_selected,2,29,126,337,-0.014261377044022083,-0.14590369164943695,True
varconet_selected,2,30,150,151,-0.014257397502660751,0.04111478477716446,False
varconet_selected,2,31,166,261,-0.014254298992455006,-0.35912808775901794,True
varconet_selected,2,32,213,267,-0.014168341644108295,-0.22940318286418915,True
varconet_selected,2,33,135,261,-0.014096461236476898,-0.08219487220048904,True
varconet_selected,2,34,219,337,0.013895203359425068,0.20804284512996674,True
varconet_selected,2,35,33,150,-0.013849024660885334,-0.10008779913187027,True
varconet_selected,2,36,151,229,-0.013846795074641705,-0.19711369276046753,True
varconet_selected,2,37,64,73,-0.013811017386615276,-0.0760083794593811,True
varconet_selected,2,38,112,328,-0.013789757154881954,-0.12725000083446503,True
varconet_selected,2,39,250,259,0.01377878524363041,0.16414064168930054,True
varconet_selected,2,40,172,261,-0.013758762739598751,-0.21499280631542206,True
varconet_selected,2,41,268,269,-0.013754310086369514,-0.22591586410999298,True
varconet_selected,2,42,67,93,0.013729418627917767,0.13719026744365692,True
varconet_selected,2,43,66,260,-0.01370613370090723,-0.17878244817256927,True
varconet_selected,2,44,93,150,-0.01366396527737379,-0.28161317110061646,True
varconet_selected,2,45,175,269,0.013630282133817673,0.3332735598087311,True
varconet_selected,2,46,241,269,-0.013608302921056747,-0.153141051530838,True
varconet_selected,2,47,67,134,-0.013602110557258129,-0.1913393884897232,True
varconet_selected,2,48,69,251,0.013544738292694092,0.15683554112911224,True
varconet_selected,2,49,62,248,0.013539385981857777,0.09801705181598663,True
varconet_selected,2,50,133,267,0.013537140563130379,0.1518619954586029,True
varconet_selected,2,51,66,164,-0.013531289994716644,-0.27979567646980286,True
varconet_selected,2,52,66,166,-0.013516579754650593,-0.13110381364822388,True
varconet_selected,2,53,167,261,-0.013502887450158596,-0.4029005765914917,True
varconet_selected,2,54,213,252,-0.013500947505235672,-0.25554025173187256,True
varconet_selected,2,55,41,146,-0.01347814779728651,-0.013903182931244373,True
varconet_selected,2,56,68,166,-0.013397353701293468,-0.24048182368278503,True
varconet_selected,2,57,241,253,-0.013369224965572357,-0.1862933188676834,True
varconet_selected,2,58,321,374,0.013366227969527245,0.02989931032061577,True
varconet_selected,2,59,25,31,0.013352174311876297,0.2680513262748718,True
varconet_selected,2,60,215,269,-0.013291743583977222,-0.24197037518024445,True
varconet_selected,2,61,166,259,-0.01327916607260704,-0.31419065594673157,True
varconet_selected,2,62,151,259,0.013274047523736954,0.11889464408159256,True
varconet_selected,2,63,166,372,0.013215280137956142,0.08822496235370636,True
varconet_selected,2,64,164,260,-0.013213093392550945,-0.24913664162158966,True
varconet_selected,2,65,241,249,-0.01318048220127821,-0.24752941727638245,True
varconet_selected,2,66,133,269,0.01311536319553852,0.16880041360855103,True
varconet_selected,2,67,321,362,0.013114041648805141,-0.07548761367797852,False
varconet_selected,2,68,251,259,0.013094312511384487,0.17136326432228088,True
varconet_selected,2,69,93,261,0.013090931810438633,0.15906064212322235,True
varconet_selected,2,70,157,261,0.013072551228106022,0.15259405970573425,True
varconet_selected,2,71,135,259,-0.013022848404943943,-0.07601761817932129,True
varconet_selected,2,72,243,248,-0.013006487861275673,-0.010410045273602009,True
varconet_selected,2,73,172,260,-0.01299329288303852,-0.23272138833999634,True
varconet_selected,2,74,164,259,-0.012979475781321526,-0.27533289790153503,True
varconet_selected,2,75,250,323,0.012928797863423824,0.1964389681816101,True
varconet_selected,2,76,31,269,0.012912767939269543,0.21252691745758057,True
varconet_selected,2,77,321,375,0.012901184149086475,0.10102353245019913,True
varconet_selected,2,78,110,207,0.012897655367851257,0.03220871463418007,True
varconet_selected,2,79,68,172,-0.012897515669465065,-0.07707472890615463,True
varconet_selected,2,80,323,361,0.012894704006612301,0.011398500762879848,True
varconet_selected,2,81,48,337,0.012874477542936802,0.15075601637363434,True
varconet_selected,2,82,132,337,-0.012865419499576092,-0.25128844380378723,True
varconet_selected,2,83,170,259,-0.012864005751907825,-0.2518860399723053,True
varconet_selected,2,84,339,340,-0.012854453176259995,-0.24676218628883362,True
varconet_selected,2,85,167,259,-0.012843934819102287,-0.3032417297363281,True
varconet_selected,2,86,67,166,-0.01283999439328909,-0.23602676391601562,True
varconet_selected,2,87,69,166,-0.012818715535104275,-0.2631891667842865,True
varconet_selected,2,88,110,191,-0.01280627865344286,-0.2706591784954071,True
varconet_selected,2,89,216,268,-0.012771345674991608,-0.4075065553188324,True
varconet_selected,2,90,166,258,-0.01272985152900219,-0.26906120777130127,True
varconet_selected,2,91,216,266,-0.012718869373202324,-0.34628283977508545,True
varconet_selected,2,92,1,252,-0.01271581370383501,-0.35262006521224976,True
varconet_selected,2,93,185,195,0.0126970075070858,0.20347729325294495,True
varconet_selected,2,94,166,379,0.012685015797615051,0.2414475530385971,True
varconet_selected,2,95,1,372,-0.01268254779279232,-0.0829005315899849,True
varconet_selected,2,96,215,266,-0.012680861167609692,-0.34053707122802734,True
varconet_selected,2,97,270,323,-0.012679402716457844,-0.05277036875486374,True
varconet_selected,2,98,164,261,-0.012667440809309483,-0.24383331835269928,True
varconet_selected,2,99,230,260,0.01266336627304554,0.3392694592475891,True
varconet_selected,2,100,134,137,-0.012662352062761784,-0.05449116975069046,True
varconet_selected,2,101,63,66,-0.012660262174904346,-0.19963932037353516,True
varconet_selected,2,102,258,337,0.012649182230234146,0.06523628532886505,True
varconet_selected,2,103,172,259,-0.012645029462873936,-0.17603270709514618,True
varconet_selected,2,104,5,225,0.012635618448257446,0.07311733812093735,True
varconet_selected,2,105,214,269,-0.012629570439457893,-0.30938586592674255,True
varconet_selected,2,106,19,265,0.0126017015427351,0.1250636726617813,True
varconet_selected,2,107,242,306,0.012601321563124657,0.03963083773851395,True
varconet_selected,2,108,258,303,0.01260100957006216,0.1367151290178299,True
varconet_selected,2,109,166,256,-0.01260051503777504,-0.2029561549425125,True
varconet_selected,2,110,86,211,0.012588526122272015,0.11192676424980164,True
varconet_selected,2,111,62,66,-0.012565283104777336,-0.09241490811109543,True
varconet_selected,2,112,250,261,0.012559009715914726,0.23636355996131897,True
varconet_selected,2,113,135,263,-0.012498140335083008,0.028021497651934624,False
varconet_selected,2,114,62,261,-0.01247368287295103,-0.11782833933830261,True
varconet_selected,2,115,153,179,0.012470487505197525,0.10780571401119232,True
varconet_selected,2,116,240,253,-0.012452262453734875,-0.15148237347602844,True
varconet_selected,2,117,166,263,-0.012447630055248737,-0.39509013295173645,True
varconet_selected,2,118,93,250,-0.01244722492992878,-0.3978123664855957,True
varconet_selected,2,119,224,229,0.012432996183633804,0.12294360995292664,True
varconet_selected,2,120,175,379,0.012427649460732937,0.2753150463104248,True
varconet_selected,2,121,253,260,0.012423955835402012,0.09624660760164261,True
varconet_selected,2,122,241,268,-0.012419872917234898,-0.21217289566993713,True
varconet_selected,2,123,219,268,-0.012409863993525505,-0.1004909873008728,True
varconet_selected,2,124,173,290,-0.012406501919031143,-0.23379507660865784,True
varconet_selected,2,125,249,259,0.012404686771333218,0.16475914418697357,True
varconet_selected,2,126,3,146,-0.012351840734481812,-0.26471903920173645,True
varconet_selected,2,127,216,341,0.012315548956394196,0.19330686330795288,True
varconet_selected,2,128,219,276,-0.012314987368881702,-0.16781575977802277,True
varconet_selected,2,129,166,376,0.012306922115385532,0.11723678559064865,True
varconet_selected,2,130,251,261,0.01229714136570692,0.2604120671749115,True
varconet_selected,2,131,43,188,0.01228609774261713,0.11471844464540482,True
varconet_selected,2,132,142,337,-0.012282734736800194,-0.08130812644958496,True
varconet_selected,2,133,133,337,-0.012282151728868484,-0.30346548557281494,True
varconet_selected,2,134,212,268,-0.012263210490345955,-0.3117409646511078,True
varconet_selected,2,135,69,170,-0.012241366319358349,-0.24726545810699463,True
varconet_selected,2,136,217,268,-0.012240782380104065,-0.438183456659317,True
varconet_selected,2,137,13,31,0.012238290160894394,0.2068590223789215,True
varconet_selected,2,138,273,336,-0.012228238396346569,-0.2381407618522644,True
varconet_selected,2,139,164,258,-0.01222753245383501,-0.2742866277694702,True
varconet_selected,2,140,124,337,-0.012224125675857067,-0.14878645539283752,True
varconet_selected,2,141,38,220,-0.012210681103169918,-0.0766000896692276,True
varconet_selected,2,142,217,269,-0.012202919460833073,-0.3031606674194336,True
varconet_selected,2,143,157,229,-0.012191972695291042,-0.18342971801757812,True
varconet_selected,2,144,249,261,0.012181784026324749,0.17158450186252594,True
varconet_selected,2,145,112,209,0.01218122523277998,0.02359326370060444,True
varconet_selected,2,146,103,157,0.012181103229522705,0.17030051350593567,True
varconet_selected,2,147,215,267,-0.012170669622719288,-0.24354025721549988,True
varconet_selected,2,148,134,143,-0.012169565074145794,-0.21138647198677063,True
varconet_selected,2,149,240,268,-0.012148672714829445,-0.2248876541852951,True
varconet_selected,2,150,13,175,0.012144248001277447,0.06923174113035202,True
varconet_selected,2,151,293,301,0.012137928046286106,0.0971524566411972,True
varconet_selected,2,152,241,248,-0.012136292643845081,-0.21354898810386658,True
varconet_selected,2,153,93,259,0.012134304270148277,0.11019439995288849,True
varconet_selected,2,154,111,269,0.012130946852266788,0.060599323362112045,True
varconet_selected,2,155,69,172,-0.012122671119868755,-0.2548784613609314,True
varconet_selected,2,156,230,261,0.01208694651722908,0.2306329607963562,True
varconet_selected,2,157,272,337,-0.01208068523555994,-0.16261015832424164,True
varconet_selected,2,158,62,260,-0.012077191844582558,0.026287665590643883,False
varconet_selected,2,159,95,229,-0.012051381170749664,-0.14055384695529938,True
varconet_selected,2,160,166,262,-0.012029125355184078,-0.3711341321468353,True
varconet_selected,2,161,112,269,0.012021240778267384,-0.01815968193113804,False
varconet_selected,2,162,106,336,-0.011999040842056274,0.0006896932027302682,False
varconet_selected,2,163,126,127,-0.011982260271906853,-0.24979238212108612,True
varconet_selected,2,164,166,291,-0.011977674439549446,-0.20609793066978455,True
varconet_selected,2,165,13,215,-0.011975793167948723,-0.09864231199026108,True
varconet_selected,2,166,33,148,-0.01196691207587719,-0.0027395267970860004,True
varconet_selected,2,167,275,337,-0.011958394199609756,-0.23034213483333588,True
varconet_selected,2,168,173,379,0.011957303620874882,0.28796231746673584,True
varconet_selected,2,169,167,379,0.011950366199016571,0.26469722390174866,True
varconet_selected,2,170,166,293,-0.011945200152695179,-0.2733187675476074,True
varconet_selected,2,171,295,317,-0.011944420635700226,0.03640932962298393,False
varconet_selected,2,172,64,253,0.011902076192200184,0.2313729226589203,True
varconet_selected,2,173,36,200,-0.011897996068000793,-0.015181053429841995,True
varconet_selected,2,174,273,328,-0.011883924715220928,-0.13201957941055298,True
varconet_selected,2,175,111,277,0.011882913298904896,0.11096493899822235,True
varconet_selected,2,176,97,229,-0.011873015202581882,-0.14532585442066193,True
varconet_selected,2,177,165,261,-0.011869046837091446,-0.18597060441970825,True
varconet_selected,2,178,62,259,-0.011866412125527859,-0.11393552273511887,True
varconet_selected,2,179,171,375,0.011859921738505363,0.08496573567390442,True
varconet_selected,2,180,213,248,-0.01184995099902153,-0.25985804200172424,True
varconet_selected,2,181,167,260,-0.011840119026601315,-0.31154176592826843,True
varconet_selected,2,182,118,269,0.01182694360613823,0.15172311663627625,True
varconet_selected,2,183,164,250,0.011826254427433014,0.2698773741722107,True
varconet_selected,2,184,213,277,-0.011824903078377247,-0.0838690847158432,True
varconet_selected,2,185,201,290,-0.011820053681731224,0.011288480833172798,False
varconet_selected,2,186,112,338,-0.011818195693194866,-0.25161585211753845,True
varconet_selected,2,187,103,151,0.011816058307886124,0.08703672140836716,True
varconet_selected,2,188,31,267,0.011811826378107071,0.13409684598445892,True
varconet_selected,2,189,212,253,-0.011802513152360916,-0.22467270493507385,True
varconet_selected,2,190,320,374,0.011797111481428146,0.09983094036579132,True
varconet_selected,2,191,252,370,-0.011782580986618996,-0.14967648684978485,True
varconet_selected,2,192,274,337,-0.011780516244471073,-0.17064745724201202,True
varconet_selected,2,193,200,316,0.011780112981796265,0.24753744900226593,True
varconet_selected,2,194,106,190,-0.011777901090681553,-0.0778268426656723,True
varconet_selected,2,195,125,272,0.011775038205087185,0.15632131695747375,True
varconet_selected,2,196,252,260,0.01176750659942627,0.15595850348472595,True
varconet_selected,2,197,110,269,0.011763637885451317,-0.0857434868812561,False
varconet_selected,2,198,166,369,0.01175166480243206,0.05761135369539261,True
varconet_selected,2,199,214,267,-0.011741302907466888,-0.268435001373291,True
varconet_selected,2,200,170,261,-0.0117359459400177,-0.2802686393260956,True
varconet_selected,2,201,240,267,-0.01173386164009571,-0.25407952070236206,True
varconet_selected,2,202,131,153,-0.011720381677150726,-0.1641712188720703,True
varconet_selected,2,203,140,337,-0.01171601377427578,-0.13331134617328644,True
varconet_selected,2,204,259,323,-0.011713610962033272,-0.04443817213177681,True
varconet_selected,2,205,69,167,-0.011700669303536415,-0.2832689583301544,True
varconet_selected,2,206,240,277,-0.011699344962835312,-0.07898673415184021,True
varconet_selected,2,207,95,150,-0.011695051565766335,-0.2531473636627197,True
varconet_selected,2,208,65,317,-0.011689867824316025,-0.06378988921642303,True
varconet_selected,2,209,269,309,-0.011683923192322254,-0.043020911514759064,True
varconet_selected,2,210,68,263,-0.011683742515742779,-0.20181672275066376,True
varconet_selected,2,211,102,179,-0.01166886743158102,-0.25924405455589294,True
varconet_selected,2,212,166,292,-0.011663705110549927,-0.18486329913139343,True
varconet_selected,2,213,105,120,0.011648011393845081,0.1052628755569458,True
varconet_selected,2,214,88,89,-0.011638314463198185,-0.20010586082935333,True
varconet_selected,2,215,64,263,-0.011635626666247845,-0.027666516602039337,True
varconet_selected,2,216,73,93,0.011628991924226284,0.26731687784194946,True
varconet_selected,2,217,12,215,-0.011627744883298874,-0.07660646736621857,True
varconet_selected,2,218,213,249,-0.011622868478298187,-0.23750872910022736,True
varconet_selected,2,219,250,279,-0.01161882746964693,-0.21768170595169067,True
varconet_selected,2,220,249,260,0.011617486365139484,0.15404634177684784,True
varconet_selected,2,221,209,214,-0.01161226537078619,-0.27532920241355896,True
varconet_selected,2,222,166,374,0.011605363339185715,0.18308323621749878,True
varconet_selected,2,223,62,72,-0.01160471048206091,-0.1056763157248497,True
varconet_selected,2,224,31,148,-0.011600137688219547,-0.14660359919071198,True
varconet_selected,2,225,2,36,-0.01158622931689024,-0.1071624681353569,True
varconet_selected,2,226,149,150,-0.011582775041460991,0.10636194050312042,False
varconet_selected,2,227,166,377,0.011571209877729416,0.20937256515026093,True
varconet_selected,2,228,129,173,-0.011569547466933727,-0.2988569438457489,True
varconet_selected,2,229,166,253,0.01155499741435051,0.2600112557411194,True
varconet_selected,2,230,20,57,-0.011554764583706856,-0.11679390072822571,True
varconet_selected,2,231,378,379,-0.011553915217518806,-0.12835989892482758,True
varconet_selected,2,232,62,77,-0.011537935584783554,-0.019252697005867958,True
varconet_selected,2,233,261,323,-0.011532412841916084,-0.03738491237163544,True
varconet_selected,2,234,322,361,0.011527640745043755,0.044066861271858215,True
varconet_selected,2,235,98,291,-0.01152735110372305,-0.12076260149478912,True
varconet_selected,2,236,317,374,0.011523489840328693,-0.015459831804037094,False
varconet_selected,2,237,178,336,0.01152020413428545,0.2677917778491974,True
varconet_selected,2,238,265,270,-0.011513935402035713,-0.1186019629240036,True
varconet_selected,2,239,166,232,-0.011507262475788593,-0.18454386293888092,True
varconet_selected,2,240,242,249,-0.011503329500555992,-0.09409976750612259,True
varconet_selected,2,241,175,268,0.011501234024763107,0.23702403903007507,True
varconet_selected,2,242,146,209,-0.011499440297484398,-0.3474515974521637,True
varconet_selected,2,243,165,259,-0.011496179737150669,-0.18623694777488708,True
varconet_selected,2,244,214,268,-0.011475094594061375,-0.3351818919181824,True
varconet_selected,2,245,95,361,-0.01146521046757698,-0.054428502917289734,True
varconet_selected,2,246,64,261,-0.011455885134637356,0.0008406023844145238,False
varconet_selected,2,247,39,277,0.011450777761638165,0.06592171639204025,True
varconet_selected,2,248,62,75,-0.011447681114077568,-0.11079512536525726,True
varconet_selected,2,249,172,263,-0.01144462451338768,-0.24313795566558838,True
varconet_selected,2,250,61,231,0.011435489170253277,0.3296774625778198,True
varconet_selected,2,251,135,346,-0.011426661163568497,-0.09615805745124817,True
varconet_selected,2,252,268,277,-0.011423645541071892,-0.15698066353797913,True
varconet_selected,2,253,171,290,-0.011422700248658657,-0.1769029200077057,True
varconet_selected,2,254,175,253,0.011421001516282558,0.2543559670448303,True
varconet_selected,2,255,63,72,-0.011419740505516529,-0.14799630641937256,True
varconet_selected,2,256,171,373,0.011413278058171272,0.04011479392647743,True
varconet_selected,2,257,168,295,-0.011413219384849072,-0.12608180940151215,True
varconet_selected,2,258,175,267,0.011386661790311337,0.19783751666545868,True
varconet_selected,2,259,13,151,0.011385166086256504,-0.012445834465324879,False
varconet_selected,2,260,21,208,0.011381111107766628,0.15496884286403656,True
varconet_selected,2,261,92,100,0.011379498988389969,0.21627147495746613,True
varconet_selected,2,262,64,259,-0.011378414928913116,-0.06150059401988983,True
varconet_selected,2,263,66,294,-0.011364652775228024,-0.04377133771777153,True
varconet_selected,2,264,86,87,-0.01133948378264904,-0.18445007503032684,True
varconet_selected,2,265,63,68,-0.011329122819006443,-0.005608133971691132,True
varconet_selected,2,266,250,283,0.01132466271519661,0.15400026738643646,True
varconet_selected,2,267,65,316,-0.011314001865684986,-0.027433888986706734,True
varconet_selected,2,268,338,341,-0.011313854716718197,-0.2605208456516266,True
varconet_selected,2,269,13,51,0.011306781321763992,0.08381547778844833,True
varconet_selected,2,270,58,222,-0.011302299797534943,-0.00466045131906867,True
varconet_selected,2,271,28,269,0.011293415911495686,0.2503490149974823,True
varconet_selected,2,272,13,252,-0.0112906564027071,-0.22420701384544373,True
varconet_selected,2,273,234,336,-0.011287779547274113,-0.09916341304779053,True
varconet_selected,2,274,269,276,-0.01128524262458086,-0.43263402581214905,True
varconet_selected,2,275,229,261,0.011283033527433872,0.26589280366897583,True
varconet_selected,2,276,147,249,-0.01128136646002531,-0.14169858396053314,True
varconet_selected,2,277,148,213,0.011270270682871342,0.3416694104671478,True
varconet_selected,2,278,1,248,-0.011258959770202637,-0.181410014629364,True
varconet_selected,2,279,20,102,0.01125005166977644,0.1419069766998291,True
varconet_selected,2,280,69,317,-0.011228532530367374,-0.09846144169569016,True
varconet_selected,2,281,151,263,0.011227617971599102,0.04133504256606102,True
varconet_selected,2,282,174,293,-0.011222416535019875,-0.22195181250572205,True
varconet_selected,2,283,217,267,-0.0112063093110919,-0.2749987840652466,True
varconet_selected,2,284,69,93,0.011201735585927963,0.013041159138083458,True
varconet_selected,2,285,240,249,-0.011196773499250412,-0.22947563230991364,True
varconet_selected,2,286,133,277,0.011194930411875248,0.2675701677799225,True
varconet_selected,2,287,68,262,-0.011178150773048401,-0.10484027117490768,True
varconet_selected,2,288,146,183,-0.01117252279073,-0.1657065749168396,True
varconet_selected,2,289,92,102,0.011165442876517773,0.307539701461792,True
varconet_selected,2,290,283,287,0.011164001189172268,-0.16277076303958893,False
varconet_selected,2,291,97,151,-0.011154086329042912,-0.1465929001569748,True
varconet_selected,2,292,227,258,0.011153061874210835,0.17779769003391266,True
varconet_selected,2,293,133,276,0.011149423196911812,0.25556570291519165,True
varconet_selected,2,294,66,69,-0.011148792691528797,0.0062017180025577545,False
varconet_selected,2,295,240,286,0.011143187992274761,0.013756236992776394,True
varconet_selected,2,296,215,252,-0.01113904733210802,-0.3262213170528412,True
varconet_selected,2,297,62,263,-0.011130020022392273,-0.034176237881183624,True
varconet_selected,2,298,9,205,0.011126475408673286,-0.05713283270597458,False
varconet_selected,2,299,200,336,0.011115487664937973,0.15650461614131927,True
varconet_selected,2,300,219,269,-0.011099623516201973,-0.06785295903682709,True
varconet_selected,2,301,12,103,-0.011096595786511898,-0.10817078500986099,True
varconet_selected,2,302,174,291,-0.01109568402171135,-0.20470227301120758,True
varconet_selected,2,303,13,179,-0.01107697281986475,-0.03084021806716919,True
varconet_selected,2,304,241,252,-0.01107492484152317,-0.236023411154747,True
varconet_selected,2,305,172,373,0.011069897562265396,0.08028244227170944,True
varconet_selected,2,306,166,378,0.011055700480937958,0.21227526664733887,True
varconet_selected,2,307,261,365,0.01104711927473545,0.19479334354400635,True
varconet_selected,2,308,240,341,0.011042688973248005,0.1975841075181961,True
varconet_selected,2,309,67,303,0.011042219586670399,0.1367802917957306,True
varconet_selected,2,310,106,191,-0.011041905730962753,-0.14930285513401031,True
varconet_selected,2,311,167,239,-0.01103593222796917,-0.3195439875125885,True
varconet_selected,2,312,110,266,0.011035190895199776,-0.021219465881586075,False
varconet_selected,2,313,62,67,-0.011033276095986366,-0.06508804112672806,True
varconet_selected,2,314,243,306,0.011031369678676128,-0.005146941170096397,False
varconet_selected,2,315,284,292,0.011030484922230244,0.19610269367694855,True
varconet_selected,2,316,290,356,0.011024381034076214,0.02256442978978157,True
varconet_selected,2,317,261,309,-0.011018740013241768,-0.04281812906265259,True
varconet_selected,2,318,200,338,0.011015876196324825,0.2008722722530365,True
varconet_selected,2,319,216,336,0.011014780029654503,0.20357030630111694,True
varconet_selected,2,320,237,261,0.011012622155249119,0.15373781323432922,True
varconet_selected,2,321,293,300,0.011011600494384766,0.017943717539310455,True
varconet_selected,2,322,250,326,0.011005084961652756,-0.049833815544843674,False
varconet_selected,2,323,110,336,-0.011000223457813263,-0.02744809165596962,True
varconet_selected,2,324,150,261,0.010995003394782543,0.04651717469096184,True
varconet_selected,2,325,274,336,-0.010992421768605709,-0.18782877922058105,True
varconet_selected,2,326,31,150,-0.01099122129380703,-0.07284215837717056,True
varconet_selected,2,327,63,69,-0.010988963767886162,-0.0245676152408123,True
varconet_selected,2,328,165,377,0.010984154418110847,0.20939286053180695,True
varconet_selected,2,329,113,229,-0.010979380458593369,-0.21248720586299896,True
varconet_selected,2,330,66,258,-0.010974292643368244,-0.10647505521774292,True
varconet_selected,2,331,100,336,-0.010968034155666828,0.18660905957221985,False
varconet_selected,2,332,67,292,-0.010965188033878803,-0.13976356387138367,True
varconet_selected,2,333,159,292,-0.010954839177429676,-0.016085924580693245,True
varconet_selected,2,334,164,380,0.010952319949865341,0.17339842021465302,True
varconet_selected,2,335,166,257,-0.010951737873256207,-0.15437784790992737,True
varconet_selected,2,336,69,323,-0.01094774529337883,-0.04796852916479111,True
varconet_selected,2,337,251,260,0.010946705937385559,0.19861996173858643,True
varconet_selected,2,338,62,68,-0.010943494737148285,-0.005508424248546362,True
varconet_selected,2,339,219,266,-0.01093695592135191,-0.0034040932077914476,True
varconet_selected,2,340,89,365,-0.010933181270956993,-0.022653568536043167,True
varconet_selected,2,341,291,299,0.010933132842183113,0.09540177881717682,True
varconet_selected,2,342,224,251,0.01091821864247322,0.10608219355344772,True
varconet_selected,2,343,69,258,-0.010909396223723888,0.07475773990154266,False
varconet_selected,2,344,276,277,-0.01090485230088234,-0.4143335521221161,True
varconet_selected,2,345,164,256,-0.010896440595388412,-0.07510683685541153,True
varconet_selected,2,346,110,337,-0.010895965620875359,-0.09216441214084625,True
varconet_selected,2,347,173,287,-0.010890648700296879,-0.23083467781543732,True
varconet_selected,2,348,216,337,0.010889559052884579,0.24316588044166565,True
varconet_selected,2,349,267,268,-0.01088621187955141,-0.16630762815475464,True
varconet_selected,2,350,269,337,0.01088265236467123,0.41905272006988525,True
varconet_selected,2,351,15,223,0.010881002992391586,0.16231314837932587,True
varconet_selected,2,352,62,134,-0.010867631994187832,-0.19569167494773865,True
varconet_selected,2,353,167,377,0.010849790647625923,0.15196698904037476,True
varconet_selected,2,354,63,317,-0.01083345990628004,-0.09521947801113129,True
varconet_selected,2,355,224,250,0.01082370150834322,0.18342596292495728,True
varconet_selected,2,356,359,371,-0.010819618590176105,0.0445249006152153,False
varconet_selected,2,357,287,337,-0.010812896303832531,-0.09584340453147888,True
varconet_selected,2,358,217,266,-0.010812698863446712,-0.34888899326324463,True
varconet_selected,2,359,92,93,-0.010799459181725979,-0.24927277863025665,True
varconet_selected,2,360,124,216,0.010798964649438858,0.07439618557691574,True
varconet_selected,2,361,202,337,0.01079762727022171,0.1594216525554657,True
varconet_selected,2,362,317,372,0.010790131986141205,-0.014395306818187237,False
varconet_selected,2,363,272,278,0.01078943070024252,0.20838208496570587,True
varconet_selected,2,364,73,308,-0.010788886807858944,-0.0348479300737381,True
varconet_selected,2,365,176,378,0.010777724906802177,0.1096077635884285,True
varconet_selected,2,366,217,270,-0.01077742874622345,-0.053902167826890945,True
varconet_selected,2,367,172,376,0.010770844295620918,0.11329355090856552,True
varconet_selected,2,368,171,379,0.010769074782729149,0.25809431076049805,True
varconet_selected,2,369,12,150,0.010761269368231297,0.17510001361370087,True
varconet_selected,2,370,237,259,0.010760685428977013,0.1601010411977768,True
varconet_selected,2,371,89,261,0.010747515596449375,0.14369849860668182,True
varconet_selected,2,372,156,175,-0.01074566226452589,-0.11084669083356857,True
varconet_selected,2,373,3,31,0.010742874816060066,0.19509725272655487,True
varconet_selected,2,374,32,183,-0.01074082963168621,-0.16304397583007812,True
varconet_selected,2,375,216,259,-0.010739365592598915,-0.09499082714319229,True
varconet_selected,2,376,100,294,0.01073445938527584,-0.014269888401031494,False
varconet_selected,2,377,175,183,0.010729391127824783,0.16124004125595093,True
varconet_selected,2,378,168,328,0.010728966444730759,0.15946608781814575,True
varconet_selected,2,379,260,305,-0.010726802982389927,-0.014016342349350452,True
varconet_selected,2,380,131,241,0.010726142674684525,0.137956902384758,True
varconet_selected,2,381,101,109,0.010723096318542957,0.32126584649086,True
varconet_selected,2,382,16,286,0.010722295381128788,0.08722657710313797,True
varconet_selected,2,383,65,291,-0.01071972120553255,-0.18976138532161713,True
varconet_selected,2,384,69,119,0.010715177282691002,0.013578169047832489,True
varconet_selected,2,385,174,379,0.010714792646467686,0.2568667232990265,True
varconet_selected,2,386,65,166,-0.010713371448218822,-0.10407576709985733,True
varconet_selected,2,387,135,258,-0.010709554888308048,-0.10036849230527878,True
varconet_selected,2,388,239,316,-0.010708695277571678,-0.02706802822649479,True
varconet_selected,2,389,250,282,0.010706864297389984,0.200466588139534,True
varconet_selected,2,390,126,143,-0.010704911313951015,-0.20983187854290009,True
varconet_selected,2,391,68,260,-0.010704118758440018,-0.07103405892848969,True
varconet_selected,2,392,87,293,-0.010695918463170528,-0.11613360047340393,True
varconet_selected,2,393,108,322,-0.010694687254726887,-0.193262979388237,True
varconet_selected,2,394,174,373,0.010692495852708817,0.0599486269056797,True
varconet_selected,2,395,256,305,-0.010688640177249908,-0.01084221713244915,True
varconet_selected,2,396,172,378,0.0106852101162076,0.1811080276966095,True
varconet_selected,2,397,268,309,-0.010684113018214703,-0.03644537925720215,True
varconet_selected,2,398,173,295,-0.010681173764169216,-0.21984265744686127,True
varconet_selected,2,399,166,380,0.010678421705961227,0.16631659865379333,True
varconet_selected,2,400,112,295,0.01067807711660862,0.1556066870689392,True
varconet_selected,2,401,261,369,0.010676538571715355,0.1530304253101349,True
varconet_selected,2,402,171,361,0.010676335543394089,0.21362359821796417,True
varconet_selected,2,403,67,250,0.010670715011656284,0.17985616624355316,True
varconet_selected,2,404,200,337,0.010666092857718468,0.12877781689167023,True
varconet_selected,2,405,227,259,0.01066384743899107,0.10137156397104263,True
varconet_selected,2,406,261,294,-0.010662379674613476,-0.2320622205734253,True
varconet_selected,2,407,359,370,-0.010652598924934864,0.04192535951733589,False
varconet_selected,2,408,328,361,0.010651880875229836,0.039882417768239975,True
varconet_selected,2,409,61,229,0.010651146061718464,0.41006535291671753,True
varconet_selected,2,410,58,224,-0.01065090298652649,-0.1387866884469986,True
varconet_selected,2,411,267,276,-0.010644287802278996,-0.24961060285568237,True
varconet_selected,2,412,55,381,-0.010638621635735035,-0.03778771683573723,True
varconet_selected,2,413,183,379,0.010636645369231701,0.1664363145828247,True
varconet_selected,2,414,102,114,0.010635940358042717,0.11537119001150131,True
varconet_selected,2,415,169,175,0.0106331966817379,0.11532627791166306,True
varconet_selected,2,416,95,151,-0.010627658106386662,-0.1771489381790161,True
varconet_selected,2,417,157,287,-0.010626466944813728,-0.15935976803302765,True
varconet_selected,2,418,170,239,-0.010626253671944141,-0.09993790835142136,True
varconet_selected,2,419,291,300,0.010619624517858028,0.0507296621799469,True
varconet_selected,2,420,30,279,0.01061295811086893,0.02151704765856266,True
varconet_selected,2,421,269,284,-0.010607041418552399,-0.2679698169231415,True
varconet_selected,2,422,149,267,0.010605129413306713,-0.08211154490709305,False
varconet_selected,2,423,63,81,-0.010603641159832478,-0.05765711888670921,True
varconet_selected,2,424,84,336,-0.010602999478578568,-0.2179422527551651,True
varconet_selected,2,425,241,341,0.010601691901683807,0.14795555174350739,True
varconet_selected,2,426,63,248,0.010596314445137978,0.043828025460243225,True
varconet_selected,2,427,73,166,-0.010593698360025883,-0.1576792299747467,True
varconet_selected,2,428,130,153,-0.01059023104608059,-0.15253767371177673,True
varconet_selected,2,429,134,337,-0.010586109943687916,-0.18352165818214417,True
varconet_selected,2,430,151,262,0.010585534386336803,-0.04439165070652962,False
varconet_selected,2,431,19,267,0.010583394207060337,0.025218674913048744,True
varconet_selected,2,432,66,165,-0.010576791130006313,-0.2675551772117615,True
varconet_selected,2,433,151,267,0.01056503877043724,0.09473099559545517,True
varconet_selected,2,434,106,204,-0.010559823364019394,0.03381149098277092,False
varconet_selected,2,435,67,164,-0.010548142716288567,-0.19114495813846588,True
varconet_selected,2,436,173,293,-0.010546824894845486,-0.36505410075187683,True
varconet_selected,2,437,62,80,-0.01054631918668747,-0.07251061499118805,True
varconet_selected,2,438,322,338,0.010531173087656498,0.2363373190164566,True
varconet_selected,2,439,321,364,0.010529709048569202,-0.09026499092578888,False
varconet_selected,2,440,237,336,-0.010526863858103752,-0.17114871740341187,True
varconet_selected,2,441,8,166,-0.01052581425756216,-0.12721262872219086,True
varconet_selected,2,442,66,93,0.01052523497492075,0.06870099902153015,True
varconet_selected,2,443,123,124,-0.010523614473640919,-0.031233204528689384,True
varconet_selected,2,444,174,376,0.010522829368710518,0.10856881737709045,True
varconet_selected,2,445,151,250,-0.010520118288695812,-0.18211078643798828,True
varconet_selected,2,446,301,375,-0.010518492199480534,-0.09567498415708542,True
varconet_selected,2,447,125,236,0.010515543632209301,0.09982334077358246,True
varconet_selected,2,448,172,224,-0.01051136665046215,-0.06505350023508072,True
varconet_selected,2,449,65,66,-0.010510220192372799,-0.09352163970470428,True
varconet_selected,2,450,130,161,-0.010507606901228428,-0.08765757083892822,True
varconet_selected,2,451,150,173,-0.010500825010240078,-0.27845120429992676,True
varconet_selected,2,452,200,328,0.010489406995475292,0.18740904331207275,True
varconet_selected,2,453,148,149,-0.010487029328942299,0.11781326681375504,False
varconet_selected,2,454,20,173,-0.010480348020792007,0.008077162317931652,False
varconet_selected,2,455,243,252,-0.010478967800736427,-0.0633343830704689,True
varconet_selected,2,456,20,150,-0.010477103292942047,-0.11092302948236465,True
varconet_selected,2,457,73,214,-0.010470102541148663,-0.19543567299842834,True
varconet_selected,2,458,68,252,0.010466211475431919,0.209682896733284,True
varconet_selected,2,459,148,228,-0.01046174205839634,-0.25876161456108093,True
varconet_selected,2,460,214,253,-0.010460512712597847,-0.30042240023612976,True
varconet_selected,2,461,253,278,-0.010456781834363937,-0.36780107021331787,True
varconet_selected,2,462,84,328,-0.010456610471010208,-0.13499616086483002,True
varconet_selected,2,463,218,276,-0.010453151538968086,-0.06451620161533356,True
varconet_selected,2,464,67,91,0.010436583310365677,0.11825453490018845,True
varconet_selected,2,465,209,212,-0.010430931113660336,-0.21944990754127502,True
varconet_selected,2,466,106,266,0.010427720844745636,0.038817714899778366,True
varconet_selected,2,467,90,336,-0.010425107553601265,-0.05328872799873352,True
varconet_selected,2,468,179,277,-0.010422533378005028,-0.20188182592391968,True
varconet_selected,2,469,252,262,0.01042132917791605,0.08646127581596375,True
varconet_selected,2,470,51,150,-0.010418613441288471,-0.07889935374259949,True
varconet_selected,2,471,114,338,-0.010408208705484867,-0.12146245688199997,True
varconet_selected,2,472,65,292,-0.010406742803752422,-0.20296640694141388,True
varconet_selected,2,473,241,277,-0.01040450856089592,-0.07775797694921494,True
varconet_selected,2,474,215,276,-0.01040070690214634,-0.2134941667318344,True
varconet_selected,2,475,148,225,-0.010395780205726624,-0.2075318694114685,True
varconet_selected,2,476,164,251,0.010393793694674969,0.2617197632789612,True
varconet_selected,2,477,317,373,0.010393574833869934,0.06683357059955597,True
varconet_selected,2,478,63,250,0.010389734990894794,0.05806282162666321,True
varconet_selected,2,479,125,237,0.010382821783423424,0.17437466979026794,True
varconet_selected,2,480,13,214,-0.010381453670561314,-0.15672796964645386,True
varconet_selected,2,481,259,369,0.010378825478255749,0.06785007566213608,True
varconet_selected,2,482,63,259,-0.010377973318099976,-0.10828772932291031,True
varconet_selected,2,483,153,214,0.01037400308996439,0.06785393506288528,True
varconet_selected,2,484,1,253,-0.010373898781836033,-0.23437677323818207,True
varconet_selected,2,485,65,171,-0.010373407043516636,-0.11669120192527771,True
varconet_selected,2,486,18,36,0.010373290628194809,0.11504200845956802,True
varconet_selected,2,487,68,164,-0.010372587479650974,-0.25871169567108154,True
varconet_selected,2,488,62,239,-0.010371456854045391,0.03273460268974304,False
varconet_selected,2,489,303,363,-0.010367094539105892,0.006689730565994978,False
varconet_selected,2,490,167,258,-0.010364622808992863,-0.23673389852046967,True
varconet_selected,2,491,68,167,-0.010361908003687859,-0.16398130357265472,True
varconet_selected,2,492,133,249,0.010360862128436565,0.32615911960601807,True
varconet_selected,2,493,13,213,-0.010357202962040901,-0.11913493275642395,True
varconet_selected,2,494,68,261,-0.010350015014410019,-0.18426929414272308,True
varconet_selected,2,495,91,92,-0.010349415242671967,-0.11458934843540192,True
varconet_selected,2,496,231,261,0.010347148403525352,0.23720166087150574,True
varconet_selected,2,497,69,171,-0.01034537609666586,-0.14302389323711395,True
varconet_selected,2,498,69,249,0.010340023785829544,0.16109049320220947,True
varconet_selected,2,499,133,268,0.010338733904063702,0.1567259430885315,True
varconet_selected,2,500,66,292,-0.010338236577808857,-0.16171568632125854,True
varconet_selected,2,501,182,261,-0.01033524889498949,-0.20784959197044373,True
varconet_selected,2,502,29,364,-0.010334963910281658,-0.06307562440633774,True
varconet_selected,2,503,74,283,-0.010328589007258415,-0.11551064997911453,True
varconet_selected,2,504,228,309,0.010322325862944126,0.018872566521167755,True
varconet_selected,2,505,102,323,-0.010319400578737259,-0.1328853815793991,True
varconet_selected,2,506,170,292,-0.010312501341104507,-0.1555979996919632,True
varconet_selected,2,507,94,156,-0.01031237281858921,-0.2666875123977661,True
varconet_selected,2,508,157,179,0.010312327183783054,0.174866184592247,True
varconet_selected,2,509,320,337,0.01031218096613884,0.09116790443658829,True
varconet_selected,2,510,177,287,-0.010306098498404026,-0.11118248105049133,True
varconet_selected,2,511,242,248,-0.01030210591852665,-0.01059882901608944,True
varconet_selected,2,512,67,135,-0.010300668887794018,-0.15014761686325073,True
varconet_selected,2,513,316,338,0.010297894477844238,0.18885605037212372,True
varconet_selected,2,514,213,276,-0.010297702625393867,-0.16069386899471283,True
varconet_selected,2,515,337,367,0.010293078608810902,0.17175628244876862,True
varconet_selected,2,516,95,227,-0.0102927777916193,-0.08445647358894348,True
varconet_selected,2,517,259,365,0.01029203925281763,0.19915063679218292,True
varconet_selected,2,518,209,240,-0.010282520204782486,-0.12636899948120117,True
varconet_selected,2,519,134,301,0.010273747146129608,0.02451380342245102,True
varconet_selected,2,520,133,253,0.010272129438817501,0.14907671511173248,True
varconet_selected,2,521,12,216,-0.010267299599945545,-0.13321155309677124,True
varconet_selected,2,522,173,294,-0.010252740234136581,-0.015569177456200123,True
varconet_selected,2,523,139,274,-0.01025222148746252,-0.25796908140182495,True
varconet_selected,2,524,92,259,0.010251187719404697,-0.05029216408729553,False
varconet_selected,2,525,167,295,-0.010249714367091656,-0.26863792538642883,True
varconet_selected,2,526,68,253,0.01024516113102436,0.26985013484954834,True
varconet_selected,2,527,20,229,-0.010245080105960369,-0.19762937724590302,True
varconet_selected,2,528,63,316,-0.010244078002870083,-0.0722309947013855,True
varconet_selected,2,529,274,302,-0.010243638418614864,-0.0195123590528965,True
varconet_selected,2,530,173,239,-0.010236922651529312,-0.23806968331336975,True
varconet_selected,2,531,236,336,-0.010235153138637543,-0.05839568376541138,True
varconet_selected,2,532,151,239,0.010235133580863476,0.05885142460465431,True
varconet_selected,2,533,64,260,-0.010233305394649506,0.049695417284965515,False
varconet_selected,2,534,151,258,0.010233291424810886,0.20286628603935242,True
varconet_selected,2,535,169,290,-0.010230354964733124,-0.09927593916654587,True
varconet_selected,2,536,8,174,-0.010219557210803032,-0.14698383212089539,True
varconet_selected,2,537,114,134,0.010217584669589996,-0.03576192632317543,False
varconet_selected,2,538,31,363,-0.0102106723934412,0.09775926172733307,False
varconet_selected,2,539,73,251,0.01020673755556345,0.11325354874134064,True
varconet_selected,2,540,230,259,0.010205674916505814,0.18852226436138153,True
varconet_selected,2,541,65,369,0.01020550075918436,0.1221819594502449,True
varconet_selected,2,542,115,295,0.010204548016190529,0.13735733926296234,True
varconet_selected,2,543,133,173,-0.010200172662734985,-0.10511568188667297,True
varconet_selected,2,544,2,183,-0.010196286253631115,-0.09102727472782135,True
varconet_selected,2,545,175,229,-0.010192547924816608,-0.12496866285800934,True
varconet_selected,2,546,167,373,0.010187800973653793,0.08081455528736115,True
varconet_selected,2,547,207,252,-0.010187157429754734,-0.2793968617916107,True
varconet_selected,2,548,148,337,-0.010184970684349537,-0.12344340980052948,True
varconet_selected,2,549,63,171,-0.01018486451357603,-0.1495838463306427,True
varconet_selected,2,550,173,292,-0.010183598846197128,-0.37527939677238464,True
varconet_selected,2,551,19,362,-0.010181128978729248,0.10189401358366013,False
varconet_selected,2,552,196,316,0.01018107682466507,0.24982620775699615,True
varconet_selected,2,553,171,377,0.010177865624427795,0.22018170356750488,True
varconet_selected,2,554,68,249,0.010176943615078926,0.2048434466123581,True
varconet_selected,2,555,125,339,-0.01017495896667242,-0.1540520191192627,True
varconet_selected,2,556,78,234,-0.01017406303435564,-0.12140662223100662,True
varconet_selected,2,557,242,307,0.010172775946557522,0.1241907924413681,True
varconet_selected,2,558,302,308,0.010172677226364613,-0.07100499421358109,False
varconet_selected,2,559,149,228,-0.01016942784190178,-0.2516342103481293,True
varconet_selected,2,560,221,364,-0.010163906030356884,-0.19401349127292633,True
varconet_selected,2,561,159,293,-0.01015531923621893,-0.003224442945793271,True
varconet_selected,2,562,221,269,0.01015444565564394,0.09958362579345703,True
varconet_selected,2,563,66,134,-0.010152734816074371,-0.15583239495754242,True
varconet_selected,2,564,93,109,0.010147538967430592,0.274007111787796,True
varconet_selected,2,565,97,375,-0.01014646515250206,-0.1076953187584877,True
varconet_selected,2,566,271,328,-0.010144841857254505,-0.08012229204177856,True
varconet_selected,2,567,168,292,-0.010143864899873734,-0.15216229856014252,True
varconet_selected,2,568,103,216,-0.010140934027731419,-0.0481945164501667,True
varconet_selected,2,569,272,328,-0.010135923512279987,-0.16832862794399261,True
varconet_selected,2,570,207,269,-0.010135236196219921,-0.20881009101867676,True
varconet_selected,2,571,77,148,0.01013190858066082,-0.08185791224241257,False
varconet_selected,2,572,284,379,-0.010130168870091438,-0.2490367442369461,True
varconet_selected,2,573,157,293,-0.010126101784408092,-0.001059819245710969,True
varconet_selected,2,574,19,277,0.010124783031642437,-0.040428515523672104,False
varconet_selected,2,575,251,323,0.010124066844582558,0.12361190468072891,True
varconet_selected,2,576,41,200,-0.01012367568910122,-0.07057854533195496,True
varconet_selected,2,577,164,379,0.010120239108800888,0.1596461981534958,True
varconet_selected,2,578,122,261,-0.010113576427102089,-0.00028455365099944174,True
varconet_selected,2,579,103,175,0.010112413205206394,0.19288519024848938,True
varconet_selected,2,580,3,100,-0.010112063959240913,-0.13740324974060059,True
varconet_selected,2,581,134,261,-0.010111158713698387,0.005916351452469826,False
varconet_selected,2,582,94,100,0.010109014809131622,0.1524123251438141,True
varconet_selected,2,583,38,224,-0.010106879286468029,0.006332907360047102,False
varconet_selected,2,584,93,157,-0.010106547735631466,-0.34855759143829346,True
varconet_selected,2,585,66,293,-0.010105888359248638,-0.2042306810617447,True
varconet_selected,2,586,75,93,0.010101682506501675,0.2693364918231964,True
varconet_selected,2,587,171,234,-0.010100905783474445,-0.3329610526561737,True
varconet_selected,2,588,250,251,-0.010100183077156544,-0.008729382418096066,True
varconet_selected,2,589,164,262,-0.01009872555732727,-0.26658979058265686,True
varconet_selected,2,590,62,250,0.010095978155732155,0.04500952735543251,True
varconet_selected,2,591,133,266,0.010088317096233368,0.05115002393722534,True
varconet_selected,2,592,281,336,-0.010085087269544601,-0.21595261991024017,True
varconet_selected,2,593,62,69,-0.010082975961267948,-0.07198711484670639,True
varconet_selected,2,594,132,191,-0.010082388296723366,-0.08346512913703918,True
varconet_selected,2,595,13,276,-0.010080959647893906,-0.18784736096858978,True
varconet_selected,2,596,2,21,0.010080652311444283,0.12528420984745026,True
varconet_selected,2,597,260,291,-0.01008047629147768,-0.06000141426920891,True
varconet_selected,2,598,127,338,-0.010077128186821938,-0.06576672941446304,True
varconet_selected,2,599,179,269,-0.010076683014631271,-0.11214011907577515,True
varconet_selected,2,600,106,294,0.010076592676341534,-0.1106676459312439,False
varconet_selected,2,601,232,305,-0.010074926540255547,0.009768416173756123,False
varconet_selected,2,602,134,263,-0.010073831304907799,0.046822257339954376,False
varconet_selected,2,603,216,253,-0.010073727928102016,-0.13641111552715302,True
varconet_selected,2,604,32,210,-0.01007271371781826,-0.1369612216949463,True
varconet_selected,2,605,308,317,-0.01007083710283041,-0.11818581074476242,True
varconet_selected,2,606,284,377,-0.010064738802611828,-0.16407673060894012,True
varconet_selected,2,607,183,375,0.010063725523650646,0.09221689403057098,True
varconet_selected,2,608,273,335,-0.010063068941235542,-0.1291818916797638,True
varconet_selected,2,609,171,292,-0.010056569240987301,-0.20426924526691437,True
varconet_selected,2,610,282,287,0.010049437172710896,-0.1124085932970047,False
varconet_selected,2,611,86,115,0.010048340074717999,0.12187687307596207,True
varconet_selected,2,612,161,287,-0.010047982446849346,-0.1144280657172203,True
varconet_selected,2,613,29,207,0.01004711352288723,0.2398832142353058,True
varconet_selected,2,614,64,249,0.010044786147773266,0.23311664164066315,True
varconet_selected,2,615,103,118,0.010042771697044373,0.1351643055677414,True
varconet_selected,2,616,65,368,0.010040662251412868,0.13540993630886078,True
varconet_selected,2,617,135,348,-0.010037826374173164,-0.055426787585020065,True
varconet_selected,2,618,249,278,-0.010037404485046864,-0.28644099831581116,True
varconet_selected,2,619,111,229,-0.010034266859292984,-0.11569279432296753,True
varconet_selected,2,620,87,287,-0.010033683851361275,-0.061266928911209106,True
varconet_selected,2,621,124,153,-0.010028188116848469,-0.2231302112340927,True
varconet_selected,2,622,272,322,-0.01002105325460434,-0.1241990178823471,True
varconet_selected,2,623,133,346,-0.010019775480031967,-0.04710710421204567,True
varconet_selected,2,624,249,258,0.010017133317887783,0.16211116313934326,True
varconet_selected,2,625,291,349,-0.010013196617364883,-0.10563990473747253,True
varconet_selected,2,626,241,286,0.010011477395892143,0.035102639347314835,True
varconet_selected,2,627,217,276,-0.010011403821408749,-0.3266490697860718,True
varconet_selected,2,628,212,215,-0.0100091015920043,-0.16586285829544067,True
varconet_selected,2,629,175,293,-0.010008002631366253,-0.22343654930591583,True
varconet_selected,2,630,8,173,-0.010007200762629509,-0.09645804762840271,True
varconet_selected,2,631,102,150,0.010006952099502087,0.22058595716953278,True
varconet_selected,2,632,111,228,-0.010006839409470558,-0.07767606526613235,True
varconet_selected,2,633,164,381,0.010004490613937378,0.025237219408154488,True
varconet_selected,2,634,93,165,0.010003096424043179,0.14960375428199768,True
varconet_selected,2,635,170,258,-0.009994626976549625,-0.24321907758712769,True
varconet_selected,2,636,174,253,0.009994404390454292,0.12066797912120819,True
varconet_selected,2,637,96,336,-0.009993739426136017,-0.009821458719670773,True
varconet_selected,2,638,174,269,0.009993503801524639,0.16786350309848785,True
varconet_selected,2,639,112,337,-0.009990145452320576,-0.1362295150756836,True
varconet_selected,2,640,321,365,0.009989074431359768,0.04664691165089607,True
varconet_selected,2,641,172,258,-0.009987684898078442,-0.1767118275165558,True
varconet_selected,2,642,171,374,0.009986735880374908,-0.07577161490917206,False
varconet_selected,2,643,171,239,-0.009986571036279202,-0.15849104523658752,True
varconet_selected,2,644,240,248,-0.009984347969293594,-0.19986267387866974,True
varconet_selected,2,645,251,283,0.009983508847653866,0.10905323177576065,True
varconet_selected,2,646,71,134,-0.00997369084507227,-0.13723759353160858,True
varconet_selected,2,647,148,261,0.009973173029720783,0.034066494554281235,True
varconet_selected,2,648,155,166,-0.009972924366593361,-0.18748469650745392,True
varconet_selected,2,649,259,303,0.009967289865016937,0.022918304428458214,True
varconet_selected,2,650,302,363,-0.009965547360479832,-0.05996505543589592,True
varconet_selected,2,651,145,188,0.009964549914002419,0.10030126571655273,True
varconet_selected,2,652,173,291,-0.00996449962258339,-0.27293822169303894,True
varconet_selected,2,653,167,256,-0.009963452816009521,-0.22224830090999603,True
varconet_selected,2,654,0,20,0.00995869841426611,0.16717243194580078,True
varconet_selected,2,655,124,212,0.009957444854080677,0.06197604537010193,True
varconet_selected,2,656,156,215,0.009952344931662083,0.11931312084197998,True
varconet_selected,2,657,207,268,-0.009952141903340816,-0.3081645667552948,True
varconet_selected,2,658,31,268,0.009946835227310658,0.14702831208705902,True
varconet_selected,2,659,112,329,-0.009946167469024658,-0.09010343253612518,True
varconet_selected,2,660,276,312,0.009943285956978798,0.08578067272901535,True
varconet_selected,2,661,166,295,-0.009941529482603073,-0.13883917033672333,True
varconet_selected,2,662,36,268,-0.00994112528860569,-0.2584105134010315,True
varconet_selected,2,663,102,170,-0.00993919838219881,-0.21725153923034668,True
varconet_selected,2,664,298,337,-0.0099381934851408,-0.17329224944114685,True
varconet_selected,2,665,137,304,-0.00993342325091362,-0.07815688848495483,True
varconet_selected,2,666,272,334,-0.00993175059556961,-0.10726485401391983,True
varconet_selected,2,667,144,344,0.009928954765200615,0.015307372435927391,True
varconet_selected,2,668,184,217,0.009928816929459572,0.07753543555736542,True
varconet_selected,2,669,9,317,0.009927453473210335,-0.06694493442773819,False
varconet_selected,2,670,26,34,-0.009925813414156437,0.11924555152654648,False
varconet_selected,2,671,132,241,0.009923569858074188,0.0735207125544548,True
varconet_selected,2,672,261,375,0.009923484176397324,0.037949442863464355,True
varconet_selected,2,673,79,148,0.009922822937369347,-0.053243041038513184,False
varconet_selected,2,674,0,274,0.009922575205564499,-0.018432850018143654,False
varconet_selected,2,675,73,250,0.009918619878590107,0.12463078647851944,True
varconet_selected,2,676,0,84,0.009918109513819218,0.09695793688297272,True
varconet_selected,2,677,62,249,0.00991702638566494,0.10718677192926407,True
varconet_selected,2,678,69,260,-0.009914981201291084,0.02877562679350376,False
varconet_selected,2,679,161,179,0.009914737194776535,0.15648992359638214,True
varconet_selected,2,680,273,337,-0.00991104170680046,-0.057284921407699585,True
varconet_selected,2,681,10,18,0.009909356012940407,0.14530926942825317,True
varconet_selected,2,682,175,367,0.009908972308039665,0.27588585019111633,True
varconet_selected,2,683,38,207,0.009907958097755909,0.10248104482889175,True
varconet_selected,2,684,65,68,-0.009907263331115246,0.020738765597343445,False
varconet_selected,2,685,249,286,-0.009906502440571785,-0.32414132356643677,True
varconet_selected,2,686,112,268,0.009904974140226841,0.06757963448762894,True
varconet_selected,2,687,76,100,0.009902304969727993,0.012578635476529598,True
varconet_selected,2,688,119,258,0.009901374578475952,0.094709113240242,True
varconet_selected,2,689,179,276,-0.009901360608637333,-0.21715423464775085,True
varconet_selected,2,690,110,209,0.009901141747832298,0.05079454928636551,True
varconet_selected,2,691,46,279,0.009899470023810863,0.15848198533058167,True
varconet_selected,2,692,108,204,-0.009898554533720016,0.12756973505020142,False
varconet_selected,2,693,171,270,-0.00989777036011219,-0.1806042194366455,True
varconet_selected,2,694,227,307,0.009892534464597702,0.02747495286166668,True
varconet_selected,2,695,123,125,-0.009891955181956291,0.03520582243800163,False
varconet_selected,2,696,151,260,0.009891709312796593,0.10980691760778427,True
varconet_selected,2,697,18,276,0.009891687892377377,0.12857486307621002,True
varconet_selected,2,698,73,292,-0.00988876074552536,0.01435277983546257,False
varconet_selected,2,699,216,276,-0.00988839752972126,-0.27246683835983276,True
varconet_selected,2,700,259,346,-0.009884163737297058,-0.07402844727039337,True
varconet_selected,2,701,250,260,0.00988360308110714,0.188190758228302,True
varconet_selected,2,702,149,229,-0.00988267082720995,-0.12519627809524536,True
varconet_selected,2,703,191,320,0.009882612153887749,-0.02288462407886982,False
varconet_selected,2,704,13,225,0.009880179539322853,0.1433020383119583,True
varconet_selected,2,705,172,361,0.009875081479549408,0.20993991196155548,True
varconet_selected,2,706,65,134,-0.009874935261905193,-0.29777222871780396,True
varconet_selected,2,707,177,286,-0.00987363699823618,-0.2637336254119873,True
varconet_selected,2,708,72,214,-0.00987249892205,-0.0690135583281517,True
varconet_selected,2,709,235,334,-0.009869753383100033,-0.16481979191303253,True
varconet_selected,2,710,295,301,0.009866381995379925,-0.06387431919574738,False
varconet_selected,2,711,121,123,-0.009863810613751411,-0.030213488265872,True
varconet_selected,2,712,174,372,0.009861769154667854,0.13324621319770813,True
varconet_selected,2,713,142,143,-0.009860125370323658,-0.27659204602241516,True
varconet_selected,2,714,202,328,0.00985942967236042,0.025835072621703148,True
varconet_selected,2,715,293,302,0.009857835248112679,-0.0032715601846575737,False
varconet_selected,2,716,93,225,-0.009854686446487904,-0.15912851691246033,True
varconet_selected,2,717,20,259,0.009852339513599873,0.0923188254237175,True
varconet_selected,2,718,63,93,0.009852176532149315,0.24807734787464142,True
varconet_selected,2,719,148,173,-0.00985019002109766,-0.2263287603855133,True
varconet_selected,2,720,12,151,0.009848577901721,0.012082130648195744,True
varconet_selected,2,721,166,239,-0.009843394160270691,-0.2696668207645416,True
varconet_selected,2,722,259,316,-0.00984218530356884,-0.1685827523469925,True
varconet_selected,2,723,269,336,0.009841179475188255,0.25554248690605164,True
varconet_selected,2,724,8,357,-0.009840046986937523,-0.03823709115386009,True
varconet_selected,2,725,179,213,-0.009837266057729721,-0.2570374310016632,True
varconet_selected,2,726,67,293,-0.009831280447542667,-0.0496506430208683,True
varconet_selected,2,727,93,363,-0.00982722919434309,-0.052732598036527634,True
varconet_selected,2,728,224,231,0.009826301597058773,0.18791233003139496,True
varconet_selected,2,729,71,103,0.009818385355174541,0.11867457628250122,True
varconet_selected,2,730,157,300,-0.009814977645874023,-0.03575420007109642,True
varconet_selected,2,731,241,267,-0.009813985787332058,-0.2285643070936203,True
varconet_selected,2,732,32,224,-0.009813372045755386,-0.0428154356777668,True
varconet_selected,2,733,92,337,-0.009810887277126312,-0.13779477775096893,True
varconet_selected,2,734,114,339,-0.009808750823140144,-0.07599374651908875,True
varconet_selected,2,735,290,313,-0.009807564318180084,-0.08026736229658127,True
varconet_selected,3,1,212,269,-0.01731201261281967,-0.31892865896224976,True
varconet_selected,3,2,213,269,-0.017278077080845833,-0.2461395263671875,True
varconet_selected,3,3,213,253,-0.016586825251579285,-0.15709693729877472,True
varconet_selected,3,4,166,261,-0.015853704884648323,-0.4033094346523285,True
varconet_selected,3,5,268,269,-0.01580735668540001,-0.21337048709392548,True
varconet_selected,3,6,150,175,-0.015686696395277977,-0.19000189006328583,True
varconet_selected,3,7,112,269,0.01529543288052082,0.0686509981751442,True
varconet_selected,3,8,66,261,-0.015283177606761456,-0.15133312344551086,True
varconet_selected,3,9,66,263,-0.015158738940954208,-0.1518007516860962,True
varconet_selected,3,10,151,229,-0.015131021849811077,-0.2161678522825241,True
varconet_selected,3,11,33,150,-0.015001006424427032,-0.10450165718793869,True
varconet_selected,3,12,66,259,-0.014917135238647461,-0.1273040771484375,True
varconet_selected,3,13,213,268,-0.014864213764667511,-0.3611551523208618,True
varconet_selected,3,14,66,262,-0.01484791561961174,-0.10794777423143387,True
varconet_selected,3,15,175,269,0.014509179629385471,0.31656521558761597,True
varconet_selected,3,16,151,261,0.014496052637696266,0.12288820743560791,True
varconet_selected,3,17,240,269,-0.014325015246868134,-0.15766970813274384,True
varconet_selected,3,18,153,294,-0.014221088960766792,-0.20028136670589447,True
varconet_selected,3,19,215,268,-0.01416518073529005,-0.320624977350235,True
varconet_selected,3,20,272,336,-0.014140583574771881,-0.1936979591846466,True
varconet_selected,3,21,62,249,0.014064643532037735,0.15526719391345978,True
varconet_selected,3,22,33,146,-0.014051351696252823,-0.07972197234630585,True
varconet_selected,3,23,167,261,-0.014043822884559631,-0.461385577917099,True
varconet_selected,3,24,250,282,0.014013385400176048,0.24635352194309235,True
varconet_selected,3,25,166,259,-0.013955230824649334,-0.3250480890274048,True
varconet_selected,3,26,112,209,0.013859066180884838,0.06511564552783966,True
varconet_selected,3,27,166,373,0.013796170242130756,0.08467020839452744,True
varconet_selected,3,28,213,252,-0.013759599067270756,-0.25039809942245483,True
varconet_selected,3,29,172,261,-0.013758711516857147,-0.1857798546552658,True
varconet_selected,3,30,212,253,-0.013701139017939568,-0.16338598728179932,True
varconet_selected,3,31,219,268,-0.013627061620354652,-0.10859803110361099,True
varconet_selected,3,32,166,260,-0.013578331097960472,-0.3748818337917328,True
varconet_selected,3,33,173,293,-0.013575469143688679,-0.31580933928489685,True
varconet_selected,3,34,103,157,0.013552566058933735,0.19555692374706268,True
varconet_selected,3,35,68,253,0.013548322021961212,0.2283574640750885,True
varconet_selected,3,36,243,249,-0.013540483079850674,-0.09108791500329971,True
varconet_selected,3,37,151,259,0.0135324252769351,0.16963990032672882,True
varconet_selected,3,38,135,261,-0.01350118312984705,-0.05810504034161568,True
varconet_selected,3,39,216,267,-0.013487685471773148,-0.3495770990848541,True
varconet_selected,3,40,185,195,0.013453617691993713,0.16744272410869598,True
varconet_selected,3,41,62,77,-0.013435956090688705,0.010264305397868156,False
varconet_selected,3,42,147,249,-0.013432380743324757,-0.14727427065372467,True
varconet_selected,3,43,171,375,0.013415372930467129,0.12729491293430328,True
varconet_selected,3,44,33,148,-0.01340489648282528,0.0169773418456316,False
varconet_selected,3,45,157,229,-0.013401607051491737,-0.19212400913238525,True
varconet_selected,3,46,62,73,-0.013391483575105667,-0.10504066944122314,True
varconet_selected,3,47,216,266,-0.013350202701985836,-0.3133935034275055,True
varconet_selected,3,48,66,164,-0.013348660431802273,-0.2984469532966614,True
varconet_selected,3,49,41,146,-0.013326886110007763,-0.03381042554974556,True
varconet_selected,3,50,62,248,0.013293039985001087,0.0953684151172638,True
varconet_selected,3,51,93,151,-0.013261235319077969,-0.2986934781074524,True
varconet_selected,3,52,213,248,-0.01326038409024477,-0.34804558753967285,True
varconet_selected,3,53,36,200,-0.01323290728032589,-0.061980996280908585,True
varconet_selected,3,54,1,372,-0.013221916742622852,-0.08282564580440521,True
varconet_selected,3,55,157,294,-0.013213968835771084,-0.09121667593717575,True
varconet_selected,3,56,48,337,0.01320336852222681,0.12082111835479736,True
varconet_selected,3,57,275,337,-0.013192147947847843,-0.20850436389446259,True
varconet_selected,3,58,166,263,-0.013185348361730576,-0.3841877281665802,True
varconet_selected,3,59,13,151,0.013168305158615112,0.05679503083229065,True
varconet_selected,3,60,64,73,-0.013164648786187172,-0.07261812686920166,True
varconet_selected,3,61,58,222,-0.013151397928595543,0.01547868363559246,False
varconet_selected,3,62,253,260,0.013138849288225174,0.09642594307661057,True
varconet_selected,3,63,111,269,0.013118760660290718,0.09790308773517609,True
varconet_selected,3,64,126,143,-0.013116559945046902,-0.17637687921524048,True
varconet_selected,3,65,66,166,-0.013112177141010761,-0.16087061166763306,True
varconet_selected,3,66,13,175,0.013081740587949753,0.05316091701388359,True
varconet_selected,3,67,173,290,-0.01306573860347271,-0.22136223316192627,True
varconet_selected,3,68,250,323,0.013050827197730541,0.18558283150196075,True
varconet_selected,3,69,172,259,-0.013050714507699013,-0.1492876261472702,True
varconet_selected,3,70,31,148,-0.01303056813776493,-0.12979763746261597,True
varconet_selected,3,71,62,79,-0.01302554551512003,0.004804632626473904,False
varconet_selected,3,72,167,379,0.013024929910898209,0.28207311034202576,True
varconet_selected,3,73,270,323,-0.013022796250879765,-0.11299081146717072,True
varconet_selected,3,74,166,262,-0.013017892837524414,-0.3747000992298126,True
varconet_selected,3,75,79,148,0.013013573363423347,0.016991520300507545,True
varconet_selected,3,76,67,293,-0.013004263862967491,-0.1810012310743332,True
varconet_selected,3,77,241,269,-0.012988662347197533,-0.06784025579690933,True
varconet_selected,3,78,170,259,-0.012984788045287132,-0.24824103713035583,True
varconet_selected,3,79,13,372,-0.01296383049339056,-0.2409943789243698,True
varconet_selected,3,80,229,259,0.01295003853738308,0.19632582366466522,True
varconet_selected,3,81,272,337,-0.01294033508747816,-0.15002009272575378,True
varconet_selected,3,82,166,256,-0.012917551212012768,-0.21630851924419403,True
varconet_selected,3,83,62,81,-0.012915301136672497,-0.048371683806180954,True
varconet_selected,3,84,240,253,-0.012908365577459335,-0.12828506529331207,True
varconet_selected,3,85,133,269,0.012893550097942352,0.10685055702924728,True
varconet_selected,3,86,166,379,0.012886647135019302,0.25637274980545044,True
varconet_selected,3,87,175,373,0.01286074984818697,0.18411308526992798,True
varconet_selected,3,88,66,239,-0.012843072414398193,-0.062412675470113754,True
varconet_selected,3,89,64,263,-0.01283638458698988,-0.06862285733222961,True
varconet_selected,3,90,178,337,0.01283499225974083,0.31487253308296204,True
varconet_selected,3,91,12,150,0.012810533866286278,0.11694376170635223,True
varconet_selected,3,92,229,261,0.01280148420482874,0.25698140263557434,True
varconet_selected,3,93,321,375,0.012783784419298172,0.0872049629688263,True
varconet_selected,3,94,321,374,0.01278271060436964,0.04190320149064064,True
varconet_selected,3,95,153,179,0.012772106565535069,0.054142262786626816,True
varconet_selected,3,96,166,291,-0.012748236767947674,-0.23223787546157837,True
varconet_selected,3,97,166,293,-0.012735368683934212,-0.23419950902462006,True
varconet_selected,3,98,166,290,-0.012711451388895512,-0.1217358186841011,True
varconet_selected,3,99,64,261,-0.012707374058663845,-0.08027923107147217,True
varconet_selected,3,100,9,205,0.012703969143331051,0.001216643606312573,True
varconet_selected,3,101,227,249,-0.012698616832494736,-0.040305979549884796,True
varconet_selected,3,102,16,286,0.01266724057495594,0.10638642311096191,True
varconet_selected,3,103,112,268,0.01265269797295332,0.18065322935581207,True
varconet_selected,3,104,224,229,0.01264863833785057,0.17709466814994812,True
varconet_selected,3,105,213,267,-0.012648060917854309,-0.16543325781822205,True
varconet_selected,3,106,212,267,-0.012636699713766575,-0.27890342473983765,True
varconet_selected,3,107,243,248,-0.012632656842470169,-0.03634460270404816,True
varconet_selected,3,108,126,337,-0.012628119438886642,-0.09171202033758163,True
varconet_selected,3,109,63,72,-0.012612801976501942,-0.14254534244537354,True
varconet_selected,3,110,200,337,0.012605981901288033,0.15889807045459747,True
varconet_selected,3,111,67,166,-0.012595148757100105,-0.2521381378173828,True
varconet_selected,3,112,66,260,-0.012594855390489101,-0.1092679500579834,True
varconet_selected,3,113,166,292,-0.012578723020851612,-0.12632593512535095,True
varconet_selected,3,114,251,262,0.012569834478199482,0.1746874898672104,True
varconet_selected,3,115,175,379,0.012561800889670849,0.2540826201438904,True
varconet_selected,3,116,265,270,-0.012547146528959274,-0.13635246455669403,True
varconet_selected,3,117,134,337,-0.01254714373499155,-0.26764553785324097,True
varconet_selected,3,118,172,263,-0.01253452431410551,-0.1981467753648758,True
varconet_selected,3,119,68,290,-0.012523556128144264,-0.16305387020111084,True
varconet_selected,3,120,1,252,-0.012498396448791027,-0.35329556465148926,True
varconet_selected,3,121,251,263,0.012492933310568333,0.18134692311286926,True
varconet_selected,3,122,164,261,-0.012455001473426819,-0.23261891305446625,True
varconet_selected,3,123,183,375,0.012412391602993011,0.1757534146308899,True
varconet_selected,3,124,13,31,0.012361684814095497,0.20130066573619843,True
varconet_selected,3,125,157,179,0.012356460094451904,0.20112691819667816,True
varconet_selected,3,126,135,263,-0.01234938483685255,0.044703733175992966,False
varconet_selected,3,127,281,337,-0.012333829887211323,-0.18879777193069458,True
varconet_selected,3,128,62,72,-0.012332801707088947,-0.09601014107465744,True
varconet_selected,3,129,173,267,0.012330048717558384,0.1857084184885025,True
varconet_selected,3,130,67,93,0.01232426892966032,0.11671236902475357,True
varconet_selected,3,131,81,148,0.012321329675614834,0.08085497468709946,True
varconet_selected,3,132,68,172,-0.01231466792523861,-0.06644882261753082,True
varconet_selected,3,133,217,270,-0.01230479497462511,-0.0373821035027504,True
varconet_selected,3,134,146,209,-0.01230196189135313,-0.33756572008132935,True
varconet_selected,3,135,112,207,0.012293891049921513,0.09789619594812393,True
varconet_selected,3,136,112,328,-0.01228136382997036,-0.16094715893268585,True
varconet_selected,3,137,25,31,0.0122641921043396,0.2509288489818573,True
varconet_selected,3,138,166,257,-0.012263127602636814,-0.18655656278133392,True
varconet_selected,3,139,69,250,0.012254673056304455,0.14498865604400635,True
varconet_selected,3,140,174,379,0.012250492349267006,0.2806553840637207,True
varconet_selected,3,141,148,149,-0.012242483906447887,0.11182461678981781,False
varconet_selected,3,142,110,191,-0.01222710870206356,-0.22338105738162994,True
varconet_selected,3,143,224,250,0.012226320803165436,0.23322874307632446,True
varconet_selected,3,144,216,269,-0.012224266305565834,-0.3630170226097107,True
varconet_selected,3,145,212,268,-0.012210363522171974,-0.37822991609573364,True
varconet_selected,3,146,13,252,-0.012198087759315968,-0.24520018696784973,True
varconet_selected,3,147,298,337,-0.012182178907096386,-0.29588717222213745,True
varconet_selected,3,148,173,294,-0.012175224721431732,-0.3425990045070648,True
varconet_selected,3,149,31,269,0.012168319895863533,0.1514645516872406,True
varconet_selected,3,150,166,258,-0.012167464941740036,-0.32556626200675964,True
varconet_selected,3,151,213,249,-0.012145047076046467,-0.3177427649497986,True
varconet_selected,3,152,5,225,0.012143588624894619,0.049146611243486404,True
varconet_selected,3,153,166,372,0.01213891338557005,0.15817083418369293,True
varconet_selected,3,154,172,239,-0.012137901969254017,-0.20414945483207703,True
varconet_selected,3,155,95,150,-0.012130857445299625,-0.2498299479484558,True
varconet_selected,3,156,113,229,-0.01209732424467802,-0.20234791934490204,True
varconet_selected,3,157,339,340,-0.01205611601471901,-0.22232204675674438,True
varconet_selected,3,158,110,266,0.012025549076497555,-0.0187186561524868,False
varconet_selected,3,159,167,259,-0.012019332498311996,-0.30681201815605164,True
varconet_selected,3,160,84,336,-0.012002378702163696,-0.2357335388660431,True
varconet_selected,3,161,62,263,-0.011997326277196407,-0.04313964024186134,True
varconet_selected,3,162,13,215,-0.01193907205015421,-0.11907797306776047,True
varconet_selected,3,163,127,339,-0.011912482790648937,-0.216390460729599,True
varconet_selected,3,164,19,277,0.011896943673491478,-0.024430081248283386,False
varconet_selected,3,165,9,317,0.01189304981380701,-0.03733290731906891,False
varconet_selected,3,166,320,374,0.011892743408679962,0.12435140460729599,True
varconet_selected,3,167,172,260,-0.011889640241861343,-0.2069074660539627,True
varconet_selected,3,168,284,290,0.011872708797454834,0.22040745615959167,True
varconet_selected,3,169,95,229,-0.011862073093652725,-0.15313352644443512,True
varconet_selected,3,170,165,261,-0.011853743344545364,-0.21594403684139252,True
varconet_selected,3,171,178,336,0.011847934685647488,0.303932785987854,True
varconet_selected,3,172,27,146,-0.01182104554027319,0.02436060644686222,False
varconet_selected,3,173,323,361,0.0118195079267025,0.010921039618551731,True
varconet_selected,3,174,88,89,-0.011788171716034412,-0.1691669225692749,True
varconet_selected,3,175,89,345,-0.011785820126533508,-0.17356599867343903,True
varconet_selected,3,176,164,381,0.011783109977841377,0.08522418141365051,True
varconet_selected,3,177,211,368,-0.01178006175905466,-0.17238633334636688,True
varconet_selected,3,178,209,212,-0.01176710519939661,-0.21864040195941925,True
varconet_selected,3,179,293,301,0.01176369097083807,0.07067428529262543,True
varconet_selected,3,180,151,263,0.011763611808419228,0.07164911180734634,True
varconet_selected,3,181,69,251,0.011762117967009544,0.18139579892158508,True
varconet_selected,3,182,217,268,-0.011754662729799747,-0.45294275879859924,True
varconet_selected,3,183,251,259,0.011742274276912212,0.1571754813194275,True
varconet_selected,3,184,50,306,0.011740017682313919,0.03530679643154144,True
varconet_selected,3,185,93,261,0.011738602072000504,0.11038483679294586,True
varconet_selected,3,186,171,290,-0.011737886816263199,-0.16953203082084656,True
varconet_selected,3,187,250,259,0.011723115108907223,0.09495892375707626,True
varconet_selected,3,188,110,269,0.011712735518813133,-0.0648154690861702,False
varconet_selected,3,189,67,250,0.011708877980709076,0.2144780457019806,True
varconet_selected,3,190,134,137,-0.011705790646374226,0.003171313088387251,False
varconet_selected,3,191,89,363,-0.011675277724862099,0.059764642268419266,False
varconet_selected,3,192,62,66,-0.011673929169774055,-0.12288965284824371,True
varconet_selected,3,193,19,265,0.01167234592139721,0.09905657172203064,True
varconet_selected,3,194,93,150,-0.011666176840662956,-0.23263898491859436,True
varconet_selected,3,195,164,259,-0.011653825640678406,-0.23344217240810394,True
varconet_selected,3,196,172,378,0.01165045890957117,0.1275690644979477,True
varconet_selected,3,197,338,341,-0.011643333360552788,-0.22060124576091766,True
varconet_selected,3,198,290,311,-0.011643038131296635,-0.13515827059745789,True
varconet_selected,3,199,212,277,-0.011638706550002098,-0.09396734088659286,True
varconet_selected,3,200,92,229,-0.011633339338004589,-0.24298030138015747,True
varconet_selected,3,201,68,166,-0.011629636399447918,-0.25464576482772827,True
varconet_selected,3,202,58,224,-0.011626210063695908,-0.07667586207389832,True
varconet_selected,3,203,65,293,-0.011624458245933056,-0.14780299365520477,True
varconet_selected,3,204,268,277,-0.011603351682424545,-0.09336318075656891,True
varconet_selected,3,205,227,263,0.011602718383073807,0.039793744683265686,True
varconet_selected,3,206,63,66,-0.011587148532271385,-0.21364805102348328,True
varconet_selected,3,207,167,256,-0.011572347022593021,-0.21918125450611115,True
varconet_selected,3,208,68,251,0.011569413356482983,0.19035951793193817,True
varconet_selected,3,209,62,159,-0.011568308807909489,-0.1131678968667984,True
varconet_selected,3,210,20,229,-0.011565866880118847,-0.15486904978752136,True
varconet_selected,3,211,19,267,0.011550030671060085,-0.008760166354477406,False
varconet_selected,3,212,166,377,0.01154742669314146,0.20557013154029846,True
varconet_selected,3,213,171,373,0.011536645703017712,0.1208239495754242,True
varconet_selected,3,214,106,258,0.01153450459241867,-0.03325724974274635,False
varconet_selected,3,215,13,179,-0.011528482660651207,-0.030336158350110054,True
varconet_selected,3,216,217,266,-0.01152239739894867,-0.31642773747444153,True
varconet_selected,3,217,174,372,0.01152112241834402,0.15024124085903168,True
varconet_selected,3,218,133,372,0.011520669795572758,0.13189378380775452,True
varconet_selected,3,219,159,293,-0.011518786661326885,-0.0606723316013813,True
varconet_selected,3,220,124,127,-0.011515285819768906,-0.2446700930595398,True
varconet_selected,3,221,111,277,0.011494933627545834,0.13321447372436523,True
varconet_selected,3,222,173,291,-0.01149086095392704,-0.2709648609161377,True
varconet_selected,3,223,92,337,-0.01148919016122818,-0.15158997476100922,True
varconet_selected,3,224,215,266,-0.011480557732284069,-0.32120510935783386,True
varconet_selected,3,225,267,268,-0.011479075998067856,-0.10184451937675476,True
varconet_selected,3,226,111,267,0.011471396312117577,-0.06001580134034157,False
varconet_selected,3,227,134,213,0.011462078429758549,0.2028007209300995,True
varconet_selected,3,228,167,373,0.011460852809250355,0.09409791231155396,True
varconet_selected,3,229,93,259,0.011457784101366997,0.07993903011083603,True
varconet_selected,3,230,132,234,0.011437335051596165,0.10787362605333328,True
varconet_selected,3,231,259,316,-0.011426492594182491,-0.219549760222435,True
varconet_selected,3,232,73,166,-0.011426321230828762,-0.15295785665512085,True
varconet_selected,3,233,156,337,-0.011425035074353218,-0.2240774780511856,True
varconet_selected,3,234,16,278,0.011412926949560642,0.11756596714258194,True
varconet_selected,3,235,3,146,-0.011402783915400505,-0.2609984874725342,True
varconet_selected,3,236,103,151,0.011395838111639023,0.16211749613285065,True
varconet_selected,3,237,174,269,0.011395703069865704,0.19984623789787292,True
varconet_selected,3,238,150,261,0.01139148324728012,0.04096982255578041,True
varconet_selected,3,239,63,68,-0.011391324922442436,-0.02525045908987522,True
varconet_selected,3,240,179,215,-0.011389772407710552,-0.15522290766239166,True
varconet_selected,3,241,321,362,0.011388539336621761,-0.061766523867845535,False
varconet_selected,3,242,269,276,-0.01138672512024641,-0.36898285150527954,True
varconet_selected,3,243,167,260,-0.011377992108464241,-0.32073089480400085,True
varconet_selected,3,244,41,200,-0.011368977837264538,-0.12231534719467163,True
varconet_selected,3,245,217,267,-0.011358915828168392,-0.2604006230831146,True
varconet_selected,3,246,39,277,0.011352024972438812,0.05450764670968056,True
varconet_selected,3,247,92,100,0.011351022869348526,0.19886824488639832,True
varconet_selected,3,248,17,132,-0.011337503790855408,-0.16222843527793884,True
varconet_selected,3,249,13,157,0.011334830895066261,0.146322101354599,True
varconet_selected,3,250,219,337,0.011331126093864441,0.14029189944267273,True
varconet_selected,3,251,164,251,0.01132578682154417,0.3372524380683899,True
varconet_selected,3,252,226,337,-0.011321231722831726,-0.17242944240570068,True
varconet_selected,3,253,173,269,0.011309795081615448,0.2624185383319855,True
varconet_selected,3,254,159,292,-0.01130068488419056,-0.07841666787862778,True
varconet_selected,3,255,112,329,-0.011290066875517368,-0.14849482476711273,True
varconet_selected,3,256,12,215,-0.01128861028701067,-0.0509551577270031,True
varconet_selected,3,257,166,369,0.011282844468951225,0.08663049340248108,True
varconet_selected,3,258,174,293,-0.01127877552062273,-0.2619011402130127,True
varconet_selected,3,259,167,377,0.011276385746896267,0.15420784056186676,True
varconet_selected,3,260,361,372,-0.011265025474131107,0.06244899705052376,False
varconet_selected,3,261,89,365,-0.01126452162861824,-0.09656878560781479,True
varconet_selected,3,262,155,234,-0.01125744916498661,0.011332651600241661,False
varconet_selected,3,263,212,252,-0.011253680102527142,-0.2680146396160126,True
varconet_selected,3,264,131,173,-0.011223726905882359,-0.15547335147857666,True
varconet_selected,3,265,250,263,0.011205038987100124,0.1942058652639389,True
varconet_selected,3,266,150,173,-0.011204298585653305,-0.27195024490356445,True
varconet_selected,3,267,167,290,-0.011197442188858986,-0.18690840899944305,True
varconet_selected,3,268,259,323,-0.011192450299859047,-0.02120579220354557,True
varconet_selected,3,269,231,365,-0.011191708035767078,-0.2020438015460968,True
varconet_selected,3,270,274,337,-0.011185448616743088,-0.06996862590312958,True
varconet_selected,3,271,67,134,-0.011183738708496094,-0.17854228615760803,True
varconet_selected,3,272,68,174,-0.011180834844708443,-0.24173107743263245,True
varconet_selected,3,273,105,120,0.011180303059518337,0.072128526866436,True
varconet_selected,3,274,198,294,-0.011176582425832748,-0.15628503262996674,True
varconet_selected,3,275,303,363,-0.01117168553173542,-0.004966188222169876,True
varconet_selected,3,276,249,261,0.011166338808834553,0.16803966462612152,True
varconet_selected,3,277,62,251,0.01116270013153553,0.08830877393484116,True
varconet_selected,3,278,150,151,-0.01115491520613432,0.007787078153342009,False
varconet_selected,3,279,164,250,0.01115458644926548,0.27082884311676025,True
varconet_selected,3,280,132,138,0.011153782717883587,0.2021426111459732,True
varconet_selected,3,281,62,261,-0.011152099817991257,-0.13232170045375824,True
varconet_selected,3,282,97,229,-0.011147459037601948,-0.23335324227809906,True
varconet_selected,3,283,67,323,-0.011143572628498077,-0.08142504841089249,True
varconet_selected,3,284,64,249,0.011140544898808002,0.27374544739723206,True
varconet_selected,3,285,2,183,-0.011134140193462372,-0.10904039442539215,True
varconet_selected,3,286,239,316,-0.011123078875243664,-0.06491882354021072,True
varconet_selected,3,287,120,321,-0.011122910305857658,0.06730561703443527,False
varconet_selected,3,288,240,249,-0.011109771206974983,-0.2570154368877411,True
varconet_selected,3,289,174,373,0.011109582148492336,0.10828834772109985,True
varconet_selected,3,290,167,258,-0.01110887248069048,-0.28721603751182556,True
varconet_selected,3,291,269,337,0.011103957891464233,0.4499967396259308,True
varconet_selected,3,292,38,220,-0.011091395281255245,-0.06007535755634308,True
varconet_selected,3,293,269,284,-0.011091225780546665,-0.27583444118499756,True
varconet_selected,3,294,12,151,0.011090419255197048,0.023286987096071243,True
varconet_selected,3,295,68,249,0.011089606210589409,0.1660698503255844,True
varconet_selected,3,296,174,291,-0.011087913066148758,-0.2425396889448166,True
varconet_selected,3,297,291,300,0.011083525605499744,0.12931038439273834,True
varconet_selected,3,298,112,277,0.01107969880104065,0.16452859342098236,True
varconet_selected,3,299,150,337,-0.011075757443904877,-0.264825701713562,True
varconet_selected,3,300,64,259,-0.011074545793235302,-0.09945592284202576,True
varconet_selected,3,301,20,102,0.011071809567511082,0.13027161359786987,True
varconet_selected,3,302,36,272,0.011069164611399174,-0.012646195478737354,False
varconet_selected,3,303,273,337,-0.011064328253269196,-0.0941026359796524,True
varconet_selected,3,304,175,267,0.011055773124098778,0.2215270847082138,True
varconet_selected,3,305,234,336,-0.011045705527067184,-0.044141899794340134,True
varconet_selected,3,306,129,301,0.011032944545149803,0.07126244157552719,True
varconet_selected,3,307,62,67,-0.01103135570883751,-0.08877039700746536,True
varconet_selected,3,308,251,282,0.01102481596171856,0.22042979300022125,True
varconet_selected,3,309,207,269,-0.01102246530354023,-0.21334601938724518,True
varconet_selected,3,310,134,159,-0.011022443883121014,-0.10105126351118088,True
varconet_selected,3,311,112,337,-0.011020919308066368,-0.22293312847614288,True
varconet_selected,3,312,201,290,-0.011014366522431374,-0.0060858940705657005,True
varconet_selected,3,313,166,238,-0.011012685485184193,-0.19853109121322632,True
varconet_selected,3,314,65,166,-0.011009317822754383,-0.08577214181423187,True
varconet_selected,3,315,65,317,-0.01100580021739006,-0.09726527333259583,True
varconet_selected,3,316,80,282,-0.010986755602061749,0.03752367943525314,False
varconet_selected,3,317,166,253,0.010985714383423328,0.26946374773979187,True
varconet_selected,3,318,219,276,-0.010982783511281013,-0.2043379545211792,True
varconet_selected,3,319,133,267,0.010982428677380085,0.05261828377842903,True
varconet_selected,3,320,148,239,0.010978598147630692,0.15466049313545227,True
varconet_selected,3,321,250,361,-0.010978523641824722,-0.179263174533844,True
varconet_selected,3,322,251,261,0.01097585167735815,0.2766597867012024,True
varconet_selected,3,323,250,262,0.010958733968436718,0.2292962670326233,True
varconet_selected,3,324,231,261,0.010953008197247982,0.2719600200653076,True
varconet_selected,3,325,164,262,-0.010938901454210281,-0.26036062836647034,True
varconet_selected,3,326,2,36,-0.010938015766441822,-0.06405624002218246,True
varconet_selected,3,327,171,291,-0.010936422273516655,-0.16906146705150604,True
varconet_selected,3,328,265,323,-0.010935276746749878,-0.08425851911306381,True
varconet_selected,3,329,111,253,0.010934540070593357,0.03691915422677994,True
varconet_selected,3,330,134,261,-0.010933597572147846,-0.012272809632122517,True
varconet_selected,3,331,241,249,-0.010928675532341003,-0.19220475852489471,True
varconet_selected,3,332,153,170,0.010920058935880661,0.01841551996767521,True
varconet_selected,3,333,175,183,0.010920029133558273,0.16095736622810364,True
varconet_selected,3,334,93,229,-0.010919167660176754,-0.3109452426433563,True
varconet_selected,3,335,67,263,-0.010918362997472286,-0.039510976523160934,True
varconet_selected,3,336,93,363,-0.010916730388998985,-0.19138196110725403,True
varconet_selected,3,337,102,170,-0.01091258879750967,-0.188501238822937,True
varconet_selected,3,338,230,261,0.010907617397606373,0.2613028287887573,True
varconet_selected,3,339,215,269,-0.010902109555900097,-0.24525737762451172,True
varconet_selected,3,340,147,248,-0.010894936509430408,-0.0895967185497284,True
varconet_selected,3,341,62,250,0.010890415869653225,0.11411233246326447,True
varconet_selected,3,342,273,336,-0.010886418633162975,-0.2385016232728958,True
varconet_selected,3,343,177,273,-0.010880899615585804,-0.06420709192752838,True
varconet_selected,3,344,148,175,-0.010876619257032871,-0.21951481699943542,True
varconet_selected,3,345,174,369,0.01086907647550106,0.17419181764125824,True
varconet_selected,3,346,68,262,-0.01086460705846548,-0.12280753999948502,True
varconet_selected,3,347,317,375,0.010859956033527851,0.12344898283481598,True
varconet_selected,3,348,262,291,-0.010857670567929745,-0.09838760644197464,True
varconet_selected,3,349,291,301,0.010856729932129383,0.11531144380569458,True
varconet_selected,3,350,213,277,-0.010855698958039284,-0.046519163995981216,True
varconet_selected,3,351,209,268,-0.010851397179067135,-0.2588391602039337,True
varconet_selected,3,352,67,128,-0.010851170867681503,-0.08799652755260468,True
varconet_selected,3,353,106,266,0.010849152691662312,0.026463404297828674,True
varconet_selected,3,354,55,381,-0.010849149897694588,-0.04924730584025383,True
varconet_selected,3,355,165,259,-0.010841600596904755,-0.17052432894706726,True
varconet_selected,3,356,13,213,-0.010823899880051613,-0.11245378851890564,True
varconet_selected,3,357,110,336,-0.010819635353982449,-0.03543737158179283,True
varconet_selected,3,358,92,336,-0.01081464346498251,-0.013578196056187153,True
varconet_selected,3,359,258,302,0.010810383595526218,0.20283165574073792,True
varconet_selected,3,360,238,297,0.010810298845171928,0.07453151047229767,True
varconet_selected,3,361,170,258,-0.01080769207328558,-0.20999933779239655,True
varconet_selected,3,362,134,240,0.010802523232996464,0.17276908457279205,True
varconet_selected,3,363,65,316,-0.010801003314554691,0.025369876995682716,False
varconet_selected,3,364,207,268,-0.010797332972288132,-0.3200762867927551,True
varconet_selected,3,365,112,276,0.01079696323722601,0.20478558540344238,True
varconet_selected,3,366,70,263,-0.010792757384479046,-0.05751189589500427,True
varconet_selected,3,367,97,375,-0.010791120119392872,-0.13053959608078003,True
varconet_selected,3,368,155,367,0.010789651423692703,-0.10643845796585083,False
varconet_selected,3,369,158,174,-0.010788433253765106,-0.0036805756390094757,True
varconet_selected,3,370,134,167,-0.010782887227833271,-0.07297693192958832,True
varconet_selected,3,371,151,175,-0.010782386176288128,-0.08497428894042969,True
varconet_selected,3,372,173,287,-0.010778100229799747,-0.20952944457530975,True
varconet_selected,3,373,13,225,0.01077243871986866,0.14695996046066284,True
varconet_selected,3,374,95,151,-0.010772299952805042,-0.18831105530261993,True
varconet_selected,3,375,72,263,-0.010769783519208431,-0.1318359076976776,True
varconet_selected,3,376,157,261,0.0107689518481493,0.14950919151306152,True
varconet_selected,3,377,71,293,-0.010765967890620232,0.0329044871032238,False
varconet_selected,3,378,12,382,-0.010765230283141136,-0.06079383194446564,True
varconet_selected,3,379,182,263,-0.010758092626929283,-0.25073567032814026,True
varconet_selected,3,380,67,258,-0.010754353366792202,-0.11391359567642212,True
varconet_selected,3,381,126,300,0.010750249028205872,0.05448722839355469,True
varconet_selected,3,382,212,215,-0.010747727006673813,-0.1368868052959442,True
varconet_selected,3,383,68,263,-0.010746525600552559,-0.20926670730113983,True
varconet_selected,3,384,102,179,-0.010742892511188984,-0.28122055530548096,True
varconet_selected,3,385,301,375,-0.010741007514297962,-0.047531671822071075,True
varconet_selected,3,386,69,216,-0.010740197263658047,0.004398717544972897,False
varconet_selected,3,387,134,263,-0.010738011449575424,0.04131092503666878,False
varconet_selected,3,388,277,340,-0.010731305927038193,-0.0033989378716796637,True
varconet_selected,3,389,229,258,0.010726450011134148,0.18202675879001617,True
varconet_selected,3,390,236,336,-0.010725831612944603,-0.057227443903684616,True
varconet_selected,3,391,134,241,0.010725488886237144,0.10788360238075256,True
varconet_selected,3,392,130,153,-0.010721622034907341,-0.08117196708917618,True
varconet_selected,3,393,173,375,0.010720230638980865,0.15771803259849548,True
varconet_selected,3,394,263,300,0.010715901851654053,0.0074243322014808655,True
varconet_selected,3,395,340,341,-0.010714365169405937,-0.16449344158172607,True
varconet_selected,3,396,241,253,-0.010712847113609314,-0.08180300146341324,True
varconet_selected,3,397,111,228,-0.010710479691624641,-0.09749576449394226,True
varconet_selected,3,398,171,292,-0.010707338340580463,-0.2718895375728607,True
varconet_selected,3,399,378,379,-0.01069747656583786,-0.09487258642911911,True
varconet_selected,3,400,111,229,-0.010692615061998367,-0.1426853984594345,True
varconet_selected,3,401,267,276,-0.010692456737160683,-0.19393470883369446,True
varconet_selected,3,402,224,251,0.010692396201193333,0.07331067323684692,True
varconet_selected,3,403,13,214,-0.010690848343074322,-0.14547725021839142,True
varconet_selected,3,404,153,231,-0.01069020014256239,-0.18614980578422546,True
varconet_selected,3,405,12,103,-0.010689401999115944,-0.09638192504644394,True
varconet_selected,3,406,251,323,0.010689077898859978,0.11144301295280457,True
varconet_selected,3,407,161,294,-0.01068799663335085,-0.15131181478500366,True
varconet_selected,3,408,100,336,-0.010686109773814678,0.19333907961845398,False
varconet_selected,3,409,290,313,-0.01067848689854145,-0.088242307305336,True
varconet_selected,3,410,283,299,0.010678382590413094,0.09827520698308945,True
varconet_selected,3,411,69,323,-0.010677695274353027,-0.09344636648893356,True
varconet_selected,3,412,137,304,-0.010676934383809566,-0.03212428465485573,True
varconet_selected,3,413,13,344,-0.010674495249986649,0.01581326685845852,False
varconet_selected,3,414,182,361,0.010674379765987396,0.17358361184597015,True
varconet_selected,3,415,68,250,0.010673245415091515,0.16078166663646698,True
varconet_selected,3,416,67,259,-0.01066985446959734,-0.05633852258324623,True
varconet_selected,3,417,104,322,-0.010669508017599583,0.004981085192412138,False
varconet_selected,3,418,43,188,0.010659770108759403,0.1069393903017044,True
varconet_selected,3,419,262,263,-0.010657899081707,-0.014223520644009113,True
varconet_selected,3,420,101,109,0.010657855309545994,0.22068347036838531,True
varconet_selected,3,421,251,265,0.010657810606062412,0.1080891415476799,True
varconet_selected,3,422,72,262,-0.010652088560163975,-0.11466334015130997,True
varconet_selected,3,423,65,249,0.010650578886270523,0.20988446474075317,True
varconet_selected,3,424,153,229,-0.01063936110585928,-0.18674923479557037,True
varconet_selected,3,425,261,316,-0.010634498670697212,-0.20681431889533997,True
varconet_selected,3,426,73,308,-0.010632968507707119,-0.013289917260408401,True
varconet_selected,3,427,200,316,0.010632349178195,0.1955844759941101,True
varconet_selected,3,428,132,191,-0.01063209492713213,-0.07759593427181244,True
varconet_selected,3,429,133,337,-0.010626194067299366,-0.33338189125061035,True
varconet_selected,3,430,229,257,0.010619585402309895,0.20544682443141937,True
varconet_selected,3,431,26,34,-0.010616314597427845,0.1311674863100052,False
varconet_selected,3,432,171,379,0.010616152547299862,0.2606699764728546,True
varconet_selected,3,433,1,248,-0.010613455437123775,-0.16521522402763367,True
varconet_selected,3,434,112,253,0.010612955316901207,-0.052810847759246826,False
varconet_selected,3,435,127,338,-0.01060978602617979,-0.12246598303318024,True
varconet_selected,3,436,98,291,-0.010601531714200974,-0.1753866821527481,True
varconet_selected,3,437,151,262,0.010596982203423977,-0.04503632336854935,False
varconet_selected,3,438,132,329,-0.010593323037028313,-0.12794376909732819,True
varconet_selected,3,439,110,207,0.01059012208133936,-0.02411194145679474,False
varconet_selected,3,440,108,155,-0.01058921031653881,0.026448655873537064,False
varconet_selected,3,441,2,21,0.010588317178189754,0.13390082120895386,True
varconet_selected,3,442,291,298,0.010585298761725426,0.0322340652346611,True
varconet_selected,3,443,69,166,-0.010584930889308453,-0.2775940001010895,True
varconet_selected,3,444,104,124,0.010584766045212746,0.0891706719994545,True
varconet_selected,3,445,72,155,-0.010579601861536503,0.027785692363977432,False
varconet_selected,3,446,57,314,0.01057058572769165,-0.06818287819623947,False
varconet_selected,3,447,218,268,-0.010568379424512386,-0.029138589277863503,True
varconet_selected,3,448,173,379,0.010566682554781437,0.26366761326789856,True
varconet_selected,3,449,102,229,0.010566075332462788,0.11680220067501068,True
varconet_selected,3,450,112,266,0.010564042255282402,0.008490191772580147,True
varconet_selected,3,451,134,339,-0.010560155846178532,-0.2485383301973343,True
varconet_selected,3,452,33,93,-0.010559696704149246,-0.0642644613981247,True
varconet_selected,3,453,140,337,-0.010558295994997025,-0.16202495992183685,True
varconet_selected,3,454,322,338,0.010558096691966057,0.19473035633563995,True
varconet_selected,3,455,209,214,-0.010551278479397297,-0.25029194355010986,True
varconet_selected,3,456,67,135,-0.010550755076110363,-0.17733928561210632,True
varconet_selected,3,457,131,174,-0.010550517588853836,-0.21282775700092316,True
varconet_selected,3,458,175,359,0.010548964142799377,0.16510649025440216,True
varconet_selected,3,459,177,272,-0.010534891858696938,-0.09418987482786179,True
varconet_selected,3,460,65,66,-0.01053421851247549,-0.10453963279724121,True
varconet_selected,3,461,230,260,0.010533890686929226,0.28962457180023193,True
varconet_selected,3,462,224,231,0.010524630546569824,0.23546664416790009,True
varconet_selected,3,463,167,238,-0.010522071272134781,-0.21961785852909088,True
varconet_selected,3,464,154,381,0.010499569587409496,0.0690154880285263,True
varconet_selected,3,465,66,293,-0.010494953952729702,-0.20360034704208374,True
varconet_selected,3,466,218,276,-0.010494789108633995,-0.1321670562028885,True
varconet_selected,3,467,135,303,0.010476256720721722,0.07632005959749222,True
varconet_selected,3,468,104,171,-0.010474114678800106,-0.2367521971464157,True
varconet_selected,3,469,292,301,0.010473865084350109,-0.02011910453438759,False
varconet_selected,3,470,157,293,-0.010471595451235771,-0.08937647938728333,True
varconet_selected,3,471,107,266,0.010462748818099499,0.09386751055717468,True
varconet_selected,3,472,171,270,-0.01046025101095438,-0.1991748809814453,True
varconet_selected,3,473,20,57,-0.010459059849381447,-0.10570187121629715,True
varconet_selected,3,474,258,306,-0.010458368808031082,-0.07497541606426239,True
varconet_selected,3,475,215,276,-0.010458188131451607,-0.21064725518226624,True
varconet_selected,3,476,13,276,-0.01045024860650301,-0.17225390672683716,True
varconet_selected,3,477,64,69,-0.010450191795825958,-0.05133575573563576,True
varconet_selected,3,478,93,102,0.010448533110320568,0.2810923457145691,True
varconet_selected,3,479,66,238,-0.010443883948028088,-0.0919162705540657,True
varconet_selected,3,480,134,143,-0.010443327017128468,-0.14249949157238007,True
varconet_selected,3,481,264,322,-0.010440649464726448,-0.21385987102985382,True
varconet_selected,3,482,167,234,-0.010440005920827389,-0.26689809560775757,True
varconet_selected,3,483,217,269,-0.010439999401569366,-0.2938076853752136,True
varconet_selected,3,484,249,262,0.010439595207571983,0.12130644172430038,True
varconet_selected,3,485,20,225,-0.010437257587909698,-0.0808161050081253,True
varconet_selected,3,486,159,294,-0.010437020100653172,-0.021530702710151672,True
varconet_selected,3,487,111,231,-0.010430249385535717,-0.08123224973678589,True
varconet_selected,3,488,201,321,0.010426236316561699,-0.015564900822937489,False
varconet_selected,3,489,173,373,0.01042424701154232,0.21031801402568817,True
varconet_selected,3,490,77,296,-0.010423199273645878,0.005189592484384775,False
varconet_selected,3,491,138,363,-0.010421889834105968,0.0046180495992302895,False
varconet_selected,3,492,21,93,-0.010420755483210087,-0.32456520199775696,True
varconet_selected,3,493,62,69,-0.010419740341603756,-0.08151505887508392,True
varconet_selected,3,494,68,167,-0.010419226251542568,-0.14699923992156982,True
varconet_selected,3,495,293,299,0.01041893195360899,0.05130612850189209,True
varconet_selected,3,496,240,252,-0.010418804362416267,-0.23169450461864471,True
varconet_selected,3,497,97,151,-0.01041579619050026,-0.16066086292266846,True
varconet_selected,3,498,92,231,-0.010415537282824516,-0.18642014265060425,True
varconet_selected,3,499,89,381,-0.010415333323180676,-0.008414230309426785,True
varconet_selected,3,500,241,268,-0.010413986630737782,-0.2185172438621521,True
varconet_selected,3,501,62,290,-0.010413001291453838,-0.0599229633808136,True
varconet_selected,3,502,174,260,-0.010408620350062847,-0.2886723279953003,True
varconet_selected,3,503,134,207,0.010405928827822208,0.04668116196990013,True
varconet_selected,3,504,73,174,-0.010404633358120918,-0.1591920405626297,True
varconet_selected,3,505,112,259,0.010402730666100979,0.0894731804728508,True
varconet_selected,3,506,12,267,-0.010398228652775288,-0.17380820214748383,True
varconet_selected,3,507,135,259,-0.010396754369139671,-0.003828054526820779,True
varconet_selected,3,508,273,279,0.010394013486802578,0.033969271928071976,True
varconet_selected,3,509,250,279,-0.010381880216300488,-0.2253924310207367,True
varconet_selected,3,510,167,372,0.010381403379142284,0.05041798949241638,True
varconet_selected,3,511,157,231,-0.010380926541984081,-0.20547620952129364,True
varconet_selected,3,512,164,263,-0.010380669496953487,-0.292508602142334,True
varconet_selected,3,513,225,244,-0.010375512763857841,-0.06253842264413834,True
varconet_selected,3,514,32,224,-0.010372969321906567,-0.058570872992277145,True
varconet_selected,3,515,295,301,0.01036476343870163,-0.040876489132642746,False
varconet_selected,3,516,128,300,0.010364048182964325,0.2608892619609833,True
varconet_selected,3,517,261,323,-0.010363887064158916,-0.041809841990470886,True
varconet_selected,3,518,166,374,0.010359560139477253,0.19710461795330048,True
varconet_selected,3,519,9,204,0.010359108448028564,-0.03306187689304352,False
varconet_selected,3,520,266,322,-0.010358629748225212,-0.1030968576669693,True
varconet_selected,3,521,175,307,-0.010353486984968185,-0.23327010869979858,True
varconet_selected,3,522,13,212,-0.01034204289317131,-0.21167835593223572,True
varconet_selected,3,523,179,213,-0.010339022614061832,-0.19976377487182617,True
varconet_selected,3,524,151,179,0.010337593033909798,0.11619843542575836,True
varconet_selected,3,525,216,259,-0.010335175320506096,-0.09609414637088776,True
varconet_selected,3,526,293,300,0.010331912897527218,0.05972066521644592,True
varconet_selected,3,527,98,372,0.01033057738095522,0.14716170728206635,True
varconet_selected,3,528,241,286,0.010326904244720936,-0.029387958347797394,False
varconet_selected,3,529,62,356,0.010324979200959206,0.05914217606186867,True
varconet_selected,3,530,142,143,-0.010324176400899887,-0.2336047738790512,True
varconet_selected,3,531,258,337,0.010320395231246948,0.07979637384414673,True
varconet_selected,3,532,18,36,0.010315686464309692,0.048926230520009995,True
varconet_selected,3,533,67,261,-0.010315082967281342,-0.11375533044338226,True
varconet_selected,3,534,166,378,0.010312085971236229,0.23159930109977722,True
varconet_selected,3,535,13,200,-0.01031196303665638,-0.29278483986854553,True
varconet_selected,3,536,98,156,-0.010311229154467583,-0.09512683004140854,True
varconet_selected,3,537,36,273,0.010309835895895958,-0.046591393649578094,False
varconet_selected,3,538,108,336,-0.010305710136890411,-0.15685532987117767,True
varconet_selected,3,539,104,132,0.010300475172698498,0.17878669500350952,True
varconet_selected,3,540,92,93,-0.010300049558281898,-0.20288920402526855,True
varconet_selected,3,541,131,153,-0.010294626466929913,-0.08533824980258942,True
varconet_selected,3,542,19,269,0.010293249972164631,0.036470673978328705,True
varconet_selected,3,543,249,265,0.010289734229445457,0.21226221323013306,True
varconet_selected,3,544,241,252,-0.010287916287779808,-0.1943674087524414,True
varconet_selected,3,545,317,374,0.010276257991790771,-0.0020725647918879986,False
varconet_selected,3,546,229,262,0.010275882668793201,0.25905653834342957,True
varconet_selected,3,547,63,69,-0.010273628868162632,-0.030786387622356415,True
varconet_selected,3,548,126,141,-0.010271399281919003,-0.2054213285446167,True
varconet_selected,3,549,65,323,-0.010270428843796253,-0.00710877263918519,True
varconet_selected,3,550,150,259,0.01026702206581831,0.08527406305074692,True
varconet_selected,3,551,193,218,0.010266388766467571,0.031240956857800484,True
varconet_selected,3,552,63,80,-0.010266058146953583,-0.04759157821536064,True
varconet_selected,3,553,103,218,-0.010264062322676182,0.03898012638092041,False
varconet_selected,3,554,62,253,0.010260077193379402,0.011998482048511505,True
varconet_selected,3,555,306,328,0.010260039009153843,0.08255519717931747,True
varconet_selected,3,556,30,279,0.010256961919367313,0.09835828095674515,True
varconet_selected,3,557,20,259,0.01025563944131136,0.07137560099363327,True
varconet_selected,3,558,9,331,0.010253946296870708,-0.06606317311525345,False
varconet_selected,3,559,155,259,-0.010252648964524269,-0.04194354638457298,True
varconet_selected,3,560,129,300,0.01025250181555748,0.13186530768871307,True
varconet_selected,3,561,111,276,0.010244704782962799,0.1782343089580536,True
varconet_selected,3,562,156,179,0.010244311764836311,0.12130194902420044,True
varconet_selected,3,563,227,262,0.010242613963782787,0.12623369693756104,True
varconet_selected,3,564,266,347,-0.010240711271762848,-0.08648429811000824,True
varconet_selected,3,565,240,286,0.010239268653094769,-0.02547643333673477,False
varconet_selected,3,566,166,308,-0.010237028822302818,-0.12543080747127533,True
varconet_selected,3,567,237,261,0.010235225781798363,0.12465114146471024,True
varconet_selected,3,568,12,229,0.010234997607767582,0.20638056099414825,True
varconet_selected,3,569,67,68,-0.010234547778964043,0.01013258472084999,False
varconet_selected,3,570,295,317,-0.010229505598545074,0.056882668286561966,False
varconet_selected,3,571,206,209,-0.010228408500552177,-0.03640418127179146,True
varconet_selected,3,572,110,311,-0.010227764956653118,-0.04688357561826706,True
varconet_selected,3,573,13,178,-0.010221801698207855,-0.13629600405693054,True
varconet_selected,3,574,102,150,0.010220799595117569,0.24883782863616943,True
varconet_selected,3,575,132,337,-0.010220563970506191,-0.3043726086616516,True
varconet_selected,3,576,237,259,0.010220418684184551,0.15793076157569885,True
varconet_selected,3,577,2,200,-0.010213179513812065,-0.433034747838974,True
varconet_selected,3,578,62,80,-0.010212541557848454,-0.11305505782365799,True
varconet_selected,3,579,149,150,-0.010210840962827206,0.04633181169629097,False
varconet_selected,3,580,250,261,0.010206853970885277,0.18946383893489838,True
varconet_selected,3,581,29,207,0.010200360789895058,0.2484734207391739,True
varconet_selected,3,582,61,231,0.010194205678999424,0.3226627707481384,True
varconet_selected,3,583,170,239,-0.010191267356276512,-0.12124118953943253,True
varconet_selected,3,584,65,68,-0.010189816355705261,0.02722345106303692,False
varconet_selected,3,585,46,279,0.010189696215093136,0.15891918540000916,True
varconet_selected,3,586,72,282,-0.010187557898461819,-0.0986650288105011,True
varconet_selected,3,587,165,367,0.010183928534388542,-0.0764390155673027,False
varconet_selected,3,588,3,100,-0.010182547383010387,-0.1578536331653595,True
varconet_selected,3,589,139,281,-0.010179040022194386,-0.1871039867401123,True
varconet_selected,3,590,240,268,-0.010179003700613976,-0.28506267070770264,True
varconet_selected,3,591,93,231,-0.010177995078265667,-0.3481619954109192,True
varconet_selected,3,592,276,277,-0.010175414383411407,-0.3693980574607849,True
varconet_selected,3,593,104,194,0.010174962691962719,0.2044341266155243,True
varconet_selected,3,594,62,68,-0.01017423439770937,-0.03034781850874424,True
varconet_selected,3,595,155,250,0.010173018090426922,0.22606351971626282,True
varconet_selected,3,596,84,337,-0.010171215981245041,-0.17841628193855286,True
varconet_selected,3,597,124,176,0.010169674642384052,0.14012950658798218,True
varconet_selected,3,598,171,337,0.010169405490159988,0.3411203920841217,True
varconet_selected,3,599,112,336,-0.010167128406465054,-0.15897759795188904,True
varconet_selected,3,600,209,248,-0.010166920721530914,-0.1358652263879776,True
varconet_selected,3,601,66,69,-0.010162295773625374,0.02435229904949665,False
varconet_selected,3,602,131,297,0.010162247344851494,0.10155247896909714,True
varconet_selected,3,603,230,262,0.010155580937862396,0.30502843856811523,True
varconet_selected,3,604,176,378,0.010153546929359436,0.13739921152591705,True
varconet_selected,3,605,79,106,0.010151253081858158,0.05982154980301857,True
varconet_selected,3,606,200,336,0.010144959203898907,0.1684252917766571,True
varconet_selected,3,607,265,322,-0.010144385509192944,-0.1527489721775055,True
varconet_selected,3,608,250,283,0.010144053027033806,0.10043048113584518,True
varconet_selected,3,609,65,306,-0.010135293938219547,-0.052741821855306625,True
varconet_selected,3,610,72,164,-0.01013015117496252,-0.03977831080555916,True
varconet_selected,3,611,167,262,-0.01012894045561552,-0.4244541525840759,True
varconet_selected,3,612,153,214,0.010124473832547665,0.04323327913880348,True
varconet_selected,3,613,133,268,0.01012432761490345,0.030262762680649757,True
varconet_selected,3,614,282,323,-0.010123183950781822,-0.22808165848255157,True
varconet_selected,3,615,134,276,0.010120958089828491,0.13467639684677124,True
varconet_selected,3,616,322,361,0.010118553414940834,-0.008881763555109501,False
varconet_selected,3,617,12,214,-0.010114825330674648,-0.15728263556957245,True
varconet_selected,3,618,279,290,0.010111195035278797,0.11867938935756683,True
varconet_selected,3,619,144,234,-0.010110262781381607,-0.1284371167421341,True
varconet_selected,3,620,65,369,0.010105019435286522,0.11185582727193832,True
varconet_selected,3,621,32,210,-0.01009550504386425,-0.12456633895635605,True
varconet_selected,3,622,177,373,0.01009494997560978,0.15156513452529907,True
varconet_selected,3,623,215,267,-0.01009252481162548,-0.20599043369293213,True
varconet_selected,3,624,113,269,0.010090331546962261,0.04975575953722,True
varconet_selected,3,625,200,338,0.010087762027978897,0.20358113944530487,True
varconet_selected,3,626,175,293,-0.010083732195198536,-0.2848714590072632,True
varconet_selected,3,627,72,289,-0.010081008076667786,-0.018778162077069283,True
varconet_selected,3,628,69,172,-0.01007950957864523,-0.20290647447109222,True
varconet_selected,3,629,149,239,0.010075094178318977,0.18859831988811493,True
varconet_selected,3,630,249,329,0.01007402129471302,0.24405761063098907,True
varconet_selected,3,631,19,229,-0.010063276626169682,-0.0953388661146164,True
varconet_selected,3,632,85,259,0.010062528774142265,0.2008499801158905,True
varconet_selected,3,633,166,294,-0.010062522254884243,-0.2525201737880707,True
varconet_selected,3,634,229,365,-0.01006157137453556,-0.2222866714000702,True
varconet_selected,3,635,155,239,-0.010059497319161892,0.04070809856057167,False
varconet_selected,3,636,29,362,-0.010053932666778564,-0.06522006541490555,True
varconet_selected,3,637,295,355,0.010050205513834953,-0.12050435692071915,False
varconet_selected,3,638,251,363,-0.010047740302979946,-0.15454858541488647,True
varconet_selected,3,639,67,164,-0.01004764437675476,-0.22601285576820374,True
varconet_selected,3,640,214,253,-0.010046952404081821,-0.25180935859680176,True
varconet_selected,3,641,135,350,-0.010046610608696938,0.11995697021484375,False
varconet_selected,3,642,124,234,0.010046317242085934,0.0672040805220604,True
varconet_selected,3,643,196,316,0.010042394511401653,0.21991826593875885,True
varconet_selected,3,644,133,276,0.010039121843874454,0.14818456768989563,True
varconet_selected,3,645,164,193,-0.010037403553724289,-0.05780664458870888,True
varconet_selected,3,646,129,175,-0.010036574676632881,-0.2267896682024002,True
varconet_selected,3,647,70,262,-0.01002988126128912,0.04763053357601166,False
varconet_selected,3,648,13,51,0.010029864497482777,0.0840086042881012,True
varconet_selected,3,649,73,93,0.010024014860391617,0.20364291965961456,True
varconet_selected,3,650,68,164,-0.010023492388427258,-0.23000924289226532,True
varconet_selected,3,651,370,378,-0.010021940805017948,-0.04788018763065338,True
varconet_selected,3,652,256,305,-0.010021453723311424,-0.04581440985202789,True
varconet_selected,3,653,258,317,-0.010011591948568821,-0.15712447464466095,True
varconet_selected,3,654,29,344,-0.010007034055888653,-0.09381014853715897,True
varconet_selected,3,655,151,231,-0.010006560012698174,-0.24047452211380005,True
varconet_selected,3,656,134,209,0.009999741800129414,0.11126568913459778,True
varconet_selected,3,657,132,240,0.009998750872910023,0.1092592254281044,True
varconet_selected,3,658,8,306,0.00999805610626936,0.08356994390487671,True
varconet_selected,3,659,209,215,-0.009997811168432236,-0.13373352587223053,True
varconet_selected,3,660,131,207,0.009996945038437843,0.12580937147140503,True
varconet_selected,3,661,109,337,-0.009996505454182625,-0.21394017338752747,True
varconet_selected,3,662,63,250,0.009992759674787521,0.08584097027778625,True
varconet_selected,3,663,131,276,0.009991902858018875,0.2482225000858307,True
varconet_selected,3,664,106,336,-0.009988739155232906,0.044930532574653625,False
varconet_selected,3,665,97,231,-0.009987568482756615,-0.22527125477790833,True
varconet_selected,3,666,178,209,-0.009978092275559902,-0.2014971375465393,True
varconet_selected,3,667,259,363,0.009976182132959366,0.08002109825611115,True
varconet_selected,3,668,93,250,-0.00997455045580864,-0.39052122831344604,True
varconet_selected,3,669,179,229,0.009967920370399952,0.2753020226955414,True
varconet_selected,3,670,32,183,-0.009962532669305801,-0.23487670719623566,True
varconet_selected,3,671,260,316,-0.009961361065506935,-0.18250426650047302,True
varconet_selected,3,672,209,242,-0.009959573857486248,0.001654418301768601,False
varconet_selected,3,673,63,263,-0.0099589629098773,-0.02118755131959915,True
varconet_selected,3,674,131,158,-0.009952723048627377,-0.1416618525981903,True
varconet_selected,3,675,110,209,0.009951772168278694,0.07524219900369644,True
varconet_selected,3,676,175,268,0.009947887621819973,0.19186538457870483,True
varconet_selected,3,677,62,259,-0.009946093894541264,-0.12493517249822617,True
varconet_selected,3,678,215,277,-0.009945524856448174,-0.08989255130290985,True
varconet_selected,3,679,256,258,-0.00994347408413887,0.01779782958328724,False
varconet_selected,3,680,194,219,-0.009942355565726757,-0.0008825714467093349,True
varconet_selected,3,681,144,362,0.009941276162862778,0.09740536659955978,True
varconet_selected,3,682,251,283,0.00994076207280159,0.08628544211387634,True
varconet_selected,3,683,67,290,-0.009939794428646564,-0.09987619519233704,True
varconet_selected,3,684,253,262,0.009927046485245228,0.021084535866975784,True
varconet_selected,3,685,148,259,0.009926600381731987,0.04327908530831337,True
varconet_selected,3,686,18,276,0.009925225749611855,0.10332886129617691,True
varconet_selected,3,687,199,333,0.009923385456204414,-0.09111589193344116,False
varconet_selected,3,688,126,226,0.009922867640852928,0.005952467676252127,True
varconet_selected,3,689,110,268,0.00992237962782383,-0.02148633636534214,False
varconet_selected,3,690,191,192,-0.009920420125126839,-0.2308027148246765,True
varconet_selected,3,691,216,268,-0.009919630363583565,-0.40452811121940613,True
varconet_selected,3,692,69,227,0.009918997064232826,0.23986640572547913,True
varconet_selected,3,693,93,156,-0.009914953261613846,-0.33311304450035095,True
varconet_selected,3,694,159,248,0.009914800524711609,0.08426522463560104,True
varconet_selected,3,695,72,261,-0.009913034737110138,-0.05865996330976486,True
varconet_selected,3,696,13,337,0.009906812570989132,0.12505926191806793,True
varconet_selected,3,697,85,337,-0.009904073551297188,-0.22361943125724792,True
varconet_selected,3,698,64,166,-0.009901479817926884,-0.06295501440763474,True
varconet_selected,3,699,62,316,-0.009897933341562748,-0.07996976375579834,True
varconet_selected,3,700,261,300,0.009897638112306595,0.025153301656246185,True
varconet_selected,3,701,90,336,-0.009893886744976044,-0.05398689582943916,True
varconet_selected,3,702,166,269,0.009891432709991932,0.2761934995651245,True
varconet_selected,3,703,30,224,-0.009889660403132439,-0.16515043377876282,True
varconet_selected,3,704,154,367,0.009889427572488785,-0.009636846370995045,False
varconet_selected,3,705,166,249,0.009884720668196678,0.26872819662094116,True
varconet_selected,3,706,317,373,0.009884078055620193,0.036359984427690506,True
varconet_selected,3,707,218,269,-0.009884051978588104,0.008855060674250126,False
varconet_selected,3,708,63,248,0.009880918078124523,0.04621347412467003,True
varconet_selected,3,709,174,378,0.0098792165517807,0.29698097705841064,True
varconet_selected,3,710,123,125,-0.009875205345451832,0.037184618413448334,False
varconet_selected,3,711,28,87,0.009875028394162655,-0.11860955506563187,False
varconet_selected,3,712,295,308,-0.009874850511550903,-0.12560535967350006,True
varconet_selected,3,713,105,270,-0.009870972484350204,-0.04911167174577713,True
varconet_selected,3,714,113,231,-0.009865077212452888,-0.14232876896858215,True
varconet_selected,3,715,240,277,-0.009863641113042831,-0.09857950359582901,True
varconet_selected,3,716,261,369,0.009863100945949554,0.15659800171852112,True
varconet_selected,3,717,19,362,-0.009862581267952919,0.13480333983898163,False
varconet_selected,3,718,241,248,-0.00986150000244379,-0.16768519580364227,True
varconet_selected,3,719,27,266,0.009861324913799763,-0.05767332389950752,False
varconet_selected,3,720,164,258,-0.009858977049589157,-0.23712988197803497,True
varconet_selected,3,721,88,93,-0.009858476929366589,-0.3116282820701599,True
varconet_selected,3,722,151,239,0.009855085052549839,0.11122401803731918,True
varconet_selected,3,723,164,323,-0.009853217750787735,-0.012409545481204987,True
varconet_selected,3,724,108,154,-0.009852442890405655,0.10307402163743973,False
varconet_selected,3,725,54,266,-0.009851169772446156,0.05151310935616493,False
varconet_selected,3,726,164,260,-0.009850742295384407,-0.23078761994838715,True
varconet_selected,3,727,10,18,0.009850467555224895,0.1512182056903839,True
varconet_selected,3,728,171,234,-0.009847340174019337,-0.3556385636329651,True
varconet_selected,3,729,67,292,-0.00984643492847681,-0.11096441745758057,True
varconet_selected,3,730,3,31,0.009846246801316738,0.18274010717868805,True
varconet_selected,3,731,256,302,0.009844292886555195,0.0853934958577156,True
varconet_selected,3,732,148,261,0.009844117797911167,0.05828595533967018,True
varconet_selected,3,733,135,346,-0.009839477948844433,-0.032393597066402435,True
varconet_selected,3,734,370,379,-0.009839343838393688,-0.03758816793560982,True
varconet_selected,3,735,167,239,-0.009839068166911602,-0.2527734041213989,True
varconet_selected,4,1,126,337,-0.016568370163440704,-0.23111310601234436,True
varconet_selected,4,2,213,269,-0.016125183552503586,-0.24617764353752136,True
varconet_selected,4,3,66,262,-0.01588447019457817,-0.06952863931655884,True
varconet_selected,4,4,213,253,-0.015713578090071678,-0.193839892745018,True
varconet_selected,4,5,241,269,-0.015546032227575779,-0.14270833134651184,True
varconet_selected,4,6,66,263,-0.015266855247318745,-0.117791086435318,True
varconet_selected,4,7,33,146,-0.01506294496357441,-0.080955870449543,True
varconet_selected,4,8,216,267,-0.015011358074843884,-0.38132244348526,True
varconet_selected,4,9,212,269,-0.01494655106216669,-0.3214203417301178,True
varconet_selected,4,10,175,269,0.01492430828511715,0.3202590346336365,True
varconet_selected,4,11,243,249,-0.014919525943696499,-0.07708509266376495,True
varconet_selected,4,12,240,269,-0.014807107858359814,-0.14824700355529785,True
varconet_selected,4,13,112,269,0.014640348963439465,0.0587012805044651,True
varconet_selected,4,14,33,150,-0.014638641849160194,-0.0942598208785057,True
varconet_selected,4,15,166,259,-0.014579081907868385,-0.3306589722633362,True
varconet_selected,4,16,241,253,-0.014553165063261986,-0.14941807091236115,True
varconet_selected,4,17,66,259,-0.014462948776781559,-0.15499714016914368,True
varconet_selected,4,18,150,175,-0.014413119293749332,-0.21919070184230804,True
varconet_selected,4,19,64,73,-0.014377305284142494,-0.04450913518667221,True
varconet_selected,4,20,166,261,-0.014322545379400253,-0.37702009081840515,True
varconet_selected,4,21,147,249,-0.014288293197751045,-0.13158948719501495,True
varconet_selected,4,22,268,269,-0.014232074841856956,-0.19781334698200226,True
varconet_selected,4,23,213,268,-0.014198184944689274,-0.2713622748851776,True
varconet_selected,4,24,166,373,0.014197730459272861,0.06974630802869797,True
varconet_selected,4,25,173,293,-0.013964473269879818,-0.33030030131340027,True
varconet_selected,4,26,66,164,-0.013765339739620686,-0.236253559589386,True
varconet_selected,4,27,67,134,-0.013727362267673016,-0.20762136578559875,True
varconet_selected,4,28,62,81,-0.013701163232326508,-0.05817132443189621,True
varconet_selected,4,29,272,336,-0.013654091395437717,-0.2223636955022812,True
varconet_selected,4,30,293,301,0.013639920391142368,0.11645986884832382,True
varconet_selected,4,31,151,229,-0.013617211021482944,-0.1985573172569275,True
varconet_selected,4,32,65,317,-0.013615284115076065,-0.07740049064159393,True
varconet_selected,4,33,167,259,-0.013553285039961338,-0.2842886745929718,True
varconet_selected,4,34,219,337,0.013495117425918579,0.14881597459316254,True
varconet_selected,4,35,167,379,0.013433684594929218,0.27907270193099976,True
varconet_selected,4,36,215,268,-0.013430200517177582,-0.30286699533462524,True
varconet_selected,4,37,164,259,-0.013429549522697926,-0.22515498101711273,True
varconet_selected,4,38,61,231,0.013383268378674984,0.29452332854270935,True
varconet_selected,4,39,165,259,-0.01333183515816927,-0.14143984019756317,True
varconet_selected,4,40,66,261,-0.013317772187292576,-0.11576317995786667,True
varconet_selected,4,41,36,200,-0.01330519374459982,-0.05143418535590172,True
varconet_selected,4,42,157,229,-0.0132860466837883,-0.22743918001651764,True
varconet_selected,4,43,172,259,-0.01324248407036066,-0.15558390319347382,True
varconet_selected,4,44,216,269,-0.013236910104751587,-0.33681872487068176,True
varconet_selected,4,45,13,151,0.01322665624320507,0.009080720134079456,True
varconet_selected,4,46,166,257,-0.013217231258749962,-0.17738841474056244,True
varconet_selected,4,47,241,268,-0.013215183280408382,-0.252031147480011,True
varconet_selected,4,48,5,225,0.013208616524934769,0.031387798488140106,True
varconet_selected,4,49,67,166,-0.013189729303121567,-0.2521319091320038,True
varconet_selected,4,50,240,253,-0.013186395168304443,-0.16250289976596832,True
varconet_selected,4,51,16,286,0.013169932179152966,0.09527300298213959,True
varconet_selected,4,52,66,166,-0.013147440738976002,-0.12382575869560242,True
varconet_selected,4,53,79,148,0.013113271445035934,0.06946638226509094,True
varconet_selected,4,54,133,269,0.013100414536893368,0.1601877510547638,True
varconet_selected,4,55,170,259,-0.013038420118391514,-0.2444249540567398,True
varconet_selected,4,56,320,374,0.013033293187618256,0.09872397035360336,True
varconet_selected,4,57,216,266,-0.013022617436945438,-0.34922531247138977,True
varconet_selected,4,58,166,263,-0.013019587844610214,-0.42029520869255066,True
varconet_selected,4,59,111,269,0.013007120229303837,0.07759012281894684,True
varconet_selected,4,60,69,250,0.013001745566725731,0.13204944133758545,True
varconet_selected,4,61,212,267,-0.0129927983507514,-0.3786908984184265,True
varconet_selected,4,62,126,143,-0.012979686260223389,-0.1917785108089447,True
varconet_selected,4,63,215,269,-0.012912421487271786,-0.2581757605075836,True
varconet_selected,4,64,31,148,-0.012873226776719093,-0.17649471759796143,True
varconet_selected,4,65,25,31,0.012868122197687626,0.23321567475795746,True
varconet_selected,4,66,64,263,-0.01286393590271473,-0.027400566264986992,True
varconet_selected,4,67,276,277,-0.01285830419510603,-0.3895740509033203,True
varconet_selected,4,68,9,205,0.012850059196352959,-0.01962280087172985,False
varconet_selected,4,69,93,151,-0.012848959304392338,-0.29339680075645447,True
varconet_selected,4,70,66,239,-0.012839099392294884,-0.06213639676570892,True
varconet_selected,4,71,212,253,-0.012817584909498692,-0.2621056139469147,True
varconet_selected,4,72,250,282,0.012810051441192627,0.23712635040283203,True
varconet_selected,4,73,67,93,0.012787200510501862,0.09289342164993286,True
varconet_selected,4,74,230,260,0.01276770792901516,0.26921069622039795,True
varconet_selected,4,75,41,146,-0.012760833837091923,0.005057878326624632,False
varconet_selected,4,76,16,251,0.012722010724246502,-0.015131875872612,False
varconet_selected,4,77,173,290,-0.012717340141534805,-0.22821800410747528,True
varconet_selected,4,78,123,126,-0.012683790177106857,-0.1866416037082672,True
varconet_selected,4,79,62,77,-0.012678100727498531,-0.010900033637881279,True
varconet_selected,4,80,68,166,-0.012677520513534546,-0.2790333926677704,True
varconet_selected,4,81,133,337,-0.012668305076658726,-0.27191993594169617,True
varconet_selected,4,82,166,258,-0.012652067467570305,-0.2841501533985138,True
varconet_selected,4,83,134,263,-0.012621286325156689,-0.0067398687824606895,True
varconet_selected,4,84,217,268,-0.012581153772771358,-0.42428189516067505,True
varconet_selected,4,85,68,252,0.012560377828776836,0.2574966251850128,True
varconet_selected,4,86,12,150,0.012551620602607727,0.10872459411621094,True
varconet_selected,4,87,252,265,0.012512687593698502,0.08365999907255173,True
varconet_selected,4,88,175,373,0.012506713159382343,0.14677752554416656,True
varconet_selected,4,89,63,66,-0.012497838586568832,-0.21066558361053467,True
varconet_selected,4,90,339,340,-0.012492059729993343,-0.30232521891593933,True
varconet_selected,4,91,249,265,0.01246587187051773,0.2769181430339813,True
varconet_selected,4,92,166,260,-0.012455111369490623,-0.26440221071243286,True
varconet_selected,4,93,62,73,-0.01244363933801651,-0.08647999167442322,True
varconet_selected,4,94,251,283,0.012441344559192657,0.1552976369857788,True
varconet_selected,4,95,173,287,-0.012417645193636417,-0.2792780101299286,True
varconet_selected,4,96,33,148,-0.012411852367222309,-0.021379578858613968,True
varconet_selected,4,97,16,278,0.012411356903612614,0.16138996183872223,True
varconet_selected,4,98,166,372,0.012410998344421387,0.13753828406333923,True
varconet_selected,4,99,173,267,0.012377389706671238,0.15278981626033783,True
varconet_selected,4,100,3,146,-0.012370963580906391,-0.2570716440677643,True
varconet_selected,4,101,1,372,-0.012360325083136559,-0.025475796312093735,True
varconet_selected,4,102,174,373,0.012332018464803696,0.1440836489200592,True
varconet_selected,4,103,19,277,0.012331296689808369,-0.05027516558766365,False
varconet_selected,4,104,269,337,0.012330553494393826,0.40374770760536194,True
varconet_selected,4,105,166,232,-0.01232039276510477,-0.21411536633968353,True
varconet_selected,4,106,38,220,-0.01228502206504345,-0.07894996553659439,True
varconet_selected,4,107,291,300,0.012266453355550766,0.0654410868883133,True
varconet_selected,4,108,62,79,-0.012261995114386082,-0.04067176207900047,True
varconet_selected,4,109,92,336,-0.012246154248714447,-0.027594059705734253,True
varconet_selected,4,110,134,137,-0.012231891974806786,-0.016720743849873543,True
varconet_selected,4,111,3,31,0.012228032574057579,0.14904840290546417,True
varconet_selected,4,112,92,100,0.012219075113534927,0.2038436233997345,True
varconet_selected,4,113,273,336,-0.012196412310004234,-0.27228760719299316,True
varconet_selected,4,114,58,222,-0.012188972905278206,0.045085158199071884,False
varconet_selected,4,115,157,179,0.012186541222035885,0.1743607074022293,True
varconet_selected,4,116,166,256,-0.012177415192127228,-0.21581073105335236,True
varconet_selected,4,117,241,249,-0.012160282582044601,-0.21999084949493408,True
varconet_selected,4,118,132,337,-0.012145417742431164,-0.24396327137947083,True
varconet_selected,4,119,142,337,-0.012136921286582947,-0.08171692490577698,True
varconet_selected,4,120,242,306,0.01210870686918497,0.051087141036987305,True
varconet_selected,4,121,250,283,0.012103039771318436,0.15379682183265686,True
varconet_selected,4,122,321,375,0.01210169680416584,0.10239669680595398,True
varconet_selected,4,123,13,215,-0.012098944745957851,-0.09513550251722336,True
varconet_selected,4,124,110,191,-0.012097274884581566,-0.26426440477371216,True
varconet_selected,4,125,230,261,0.01209174282848835,0.2535777986049652,True
varconet_selected,4,126,126,241,0.012087726034224033,0.01853366009891033,True
varconet_selected,4,127,112,337,-0.012085807509720325,-0.18024452030658722,True
varconet_selected,4,128,219,268,-0.012082966044545174,-0.17630580067634583,True
varconet_selected,4,129,175,268,0.01207814272493124,0.2517092525959015,True
varconet_selected,4,130,178,336,0.01207227073609829,0.3033792972564697,True
varconet_selected,4,131,68,253,0.01206445973366499,0.28296977281570435,True
varconet_selected,4,132,106,190,-0.012057037092745304,-0.09099065512418747,True
varconet_selected,4,133,113,269,0.012043771333992481,0.07356130331754684,True
varconet_selected,4,134,64,259,-0.012042400427162647,-0.0665745809674263,True
varconet_selected,4,135,173,379,0.0120358532294631,0.29799196124076843,True
varconet_selected,4,136,102,179,-0.012026659213006496,-0.3000834286212921,True
varconet_selected,4,137,16,250,0.012024985626339912,0.06709302216768265,True
varconet_selected,4,138,284,290,0.012008285149931908,0.1910504698753357,True
varconet_selected,4,139,114,134,0.012008226476609707,-0.0795648843050003,False
varconet_selected,4,140,215,266,-0.012006925418972969,-0.34347259998321533,True
varconet_selected,4,141,229,259,0.01200514379888773,0.2487504929304123,True
varconet_selected,4,142,229,261,0.011988435871899128,0.2926027178764343,True
varconet_selected,4,143,166,292,-0.011983269825577736,-0.11282607913017273,True
varconet_selected,4,144,217,266,-0.011964374221861362,-0.3294505774974823,True
varconet_selected,4,145,217,269,-0.011961802840232849,-0.33557969331741333,True
varconet_selected,4,146,261,365,0.011960661970078945,0.2877291440963745,True
varconet_selected,4,147,153,179,0.011957614682614803,0.10802465677261353,True
varconet_selected,4,148,92,337,-0.011925945058465004,-0.12302818149328232,True
varconet_selected,4,149,174,269,0.01191943883895874,0.2504251003265381,True
varconet_selected,4,150,249,261,0.01190906297415495,0.12987791001796722,True
varconet_selected,4,151,20,173,-0.011889403685927391,-0.038733385503292084,True
varconet_selected,4,152,217,267,-0.011875870637595654,-0.2997121214866638,True
varconet_selected,4,153,164,261,-0.011875338852405548,-0.18797370791435242,True
varconet_selected,4,154,112,207,0.011865450069308281,0.09476076066493988,True
varconet_selected,4,155,321,374,0.011863701976835728,0.08253587782382965,True
varconet_selected,4,156,167,261,-0.011863458901643753,-0.365011602640152,True
varconet_selected,4,157,224,251,0.011853907257318497,0.09493087977170944,True
varconet_selected,4,158,89,365,-0.011850106529891491,-0.05764812231063843,True
varconet_selected,4,159,287,301,0.011839151382446289,-0.02812667191028595,False
varconet_selected,4,160,134,261,-0.011835407465696335,-0.04279571399092674,True
varconet_selected,4,161,2,36,-0.011823773384094238,-0.06260792165994644,True
varconet_selected,4,162,13,31,0.011822651140391827,0.1471606343984604,True
varconet_selected,4,163,275,337,-0.01181983295828104,-0.21384184062480927,True
varconet_selected,4,164,212,277,-0.011819816194474697,-0.09649445116519928,True
varconet_selected,4,165,172,378,0.01180532667785883,0.13359123468399048,True
varconet_selected,4,166,295,349,-0.011798166669905186,-0.11236933618783951,True
varconet_selected,4,167,144,234,-0.011789189651608467,-0.12854906916618347,True
varconet_selected,4,168,63,68,-0.01178562268614769,-0.038907017558813095,True
varconet_selected,4,169,18,36,0.01177989412099123,0.10057255625724792,True
varconet_selected,4,170,62,68,-0.011754640378057957,-0.033704906702041626,True
varconet_selected,4,171,64,261,-0.011748791672289371,-0.035335928201675415,True
varconet_selected,4,172,175,379,0.01174097415059805,0.2692798972129822,True
varconet_selected,4,173,175,267,0.011740650981664658,0.24937288463115692,True
varconet_selected,4,174,213,252,-0.011737252585589886,-0.24491338431835175,True
varconet_selected,4,175,274,336,-0.011726977303624153,-0.18167734146118164,True
varconet_selected,4,176,93,261,0.011720848269760609,0.13164085149765015,True
varconet_selected,4,177,274,337,-0.011708809994161129,-0.14889751374721527,True
varconet_selected,4,178,361,372,-0.011706514284014702,0.05296842381358147,False
varconet_selected,4,179,183,379,0.011699452064931393,0.12849855422973633,True
varconet_selected,4,180,267,276,-0.011698705144226551,-0.2046786993741989,True
varconet_selected,4,181,90,336,-0.011698015965521336,-0.09999705106019974,True
varconet_selected,4,182,213,276,-0.011696716770529747,-0.16079272329807281,True
varconet_selected,4,183,65,316,-0.01168991532176733,-0.05170499533414841,True
varconet_selected,4,184,250,253,-0.011688198894262314,-0.09469376504421234,True
varconet_selected,4,185,65,66,-0.011685298755764961,-0.06821507960557938,True
varconet_selected,4,186,151,261,0.011682284995913506,0.0828603133559227,True
varconet_selected,4,187,201,290,-0.01168138813227415,0.003599857911467552,False
varconet_selected,4,188,70,142,-0.011679739691317081,-0.1776934117078781,True
varconet_selected,4,189,92,102,0.01165714580565691,0.2774748206138611,True
varconet_selected,4,190,185,195,0.011656583286821842,0.21579603850841522,True
varconet_selected,4,191,65,249,0.0116539616137743,0.24969547986984253,True
varconet_selected,4,192,69,251,0.011645832099020481,0.13810640573501587,True
varconet_selected,4,193,257,320,-0.011643721722066402,-0.08798003196716309,True
varconet_selected,4,194,155,259,-0.01163934450596571,-0.062148042023181915,True
varconet_selected,4,195,215,267,-0.011633154936134815,-0.22584040462970734,True
varconet_selected,4,196,151,262,0.011628156527876854,-0.07772950828075409,False
varconet_selected,4,197,221,293,0.011627456173300743,0.13825437426567078,True
varconet_selected,4,198,172,239,-0.01162742730230093,-0.22295500338077545,True
varconet_selected,4,199,292,301,0.01162256021052599,-0.02560029923915863,False
varconet_selected,4,200,231,261,0.011615845374763012,0.3001399040222168,True
varconet_selected,4,201,97,229,-0.01160644181072712,-0.12597741186618805,True
varconet_selected,4,202,166,253,0.011605608277022839,0.2577555477619171,True
varconet_selected,4,203,250,259,0.011602710001170635,0.1386161744594574,True
varconet_selected,4,204,172,263,-0.011601113714277744,-0.2344367504119873,True
varconet_selected,4,205,30,38,-0.011597623117268085,-0.09063020348548889,True
varconet_selected,4,206,139,274,-0.01159683708101511,-0.26804319024086,True
varconet_selected,4,207,64,253,0.011596042662858963,0.23440343141555786,True
varconet_selected,4,208,103,151,0.011583876796066761,0.2099752426147461,True
varconet_selected,4,209,112,328,-0.011580775491893291,-0.15099745988845825,True
varconet_selected,4,210,166,262,-0.011577458120882511,-0.4037931263446808,True
varconet_selected,4,211,31,150,-0.011551541276276112,-0.04050597548484802,True
varconet_selected,4,212,215,277,-0.011543159373104572,-0.1195596382021904,True
varconet_selected,4,213,63,69,-0.011540647596120834,-0.016370492056012154,True
varconet_selected,4,214,79,301,0.011535553261637688,0.1693323254585266,True
varconet_selected,4,215,261,369,0.01152913086116314,0.12627378106117249,True
varconet_selected,4,216,77,106,0.011514215730130672,0.06225406378507614,True
varconet_selected,4,217,166,293,-0.011507502757012844,-0.2098245918750763,True
varconet_selected,4,218,172,261,-0.011502498760819435,-0.1463756412267685,True
varconet_selected,4,219,164,167,-0.01149841584265232,-0.35550767183303833,True
varconet_selected,4,220,251,282,0.011488594114780426,0.19960914552211761,True
varconet_selected,4,221,272,337,-0.011485176160931587,-0.1590099036693573,True
varconet_selected,4,222,62,259,-0.011484683491289616,-0.15876547992229462,True
varconet_selected,4,223,112,209,0.011478085070848465,0.1142246350646019,True
varconet_selected,4,224,13,175,0.011473936960101128,0.008014483377337456,True
varconet_selected,4,225,151,259,0.011472362093627453,0.1446557492017746,True
varconet_selected,4,226,171,373,0.01146495807915926,0.08130990713834763,True
varconet_selected,4,227,62,261,-0.01146314200013876,-0.16004399955272675,True
varconet_selected,4,228,155,359,0.011455731466412544,0.0029290281236171722,True
varconet_selected,4,229,150,337,-0.011451871134340763,-0.3016255795955658,True
varconet_selected,4,230,224,250,0.011434519663453102,0.2224300056695938,True
varconet_selected,4,231,167,373,0.011432263068854809,0.05745615065097809,True
varconet_selected,4,232,73,308,-0.011425942182540894,-0.05387827754020691,True
varconet_selected,4,233,150,173,-0.011423677206039429,-0.3023342490196228,True
varconet_selected,4,234,77,148,0.011416960507631302,-0.033319465816020966,False
varconet_selected,4,235,213,267,-0.011416316032409668,-0.18666109442710876,True
varconet_selected,4,236,81,148,0.011412023566663265,0.10364087671041489,True
varconet_selected,4,237,12,103,-0.011411592364311218,-0.11423502117395401,True
varconet_selected,4,238,110,269,0.011405423283576965,-0.0946933776140213,False
varconet_selected,4,239,252,262,0.011404840275645256,0.13303786516189575,True
varconet_selected,4,240,146,209,-0.011403731070458889,-0.37228912115097046,True
varconet_selected,4,241,151,263,0.011392462998628616,0.036496758460998535,True
varconet_selected,4,242,134,300,0.01139228604733944,-0.03214813023805618,False
varconet_selected,4,243,62,263,-0.011389517225325108,-0.06070185825228691,True
varconet_selected,4,244,183,375,0.01138837356120348,0.05544105917215347,True
varconet_selected,4,245,124,176,0.011387387290596962,0.07272662222385406,True
varconet_selected,4,246,129,301,0.011376935057342052,0.08293844014406204,True
varconet_selected,4,247,216,268,-0.011376380920410156,-0.3928471803665161,True
varconet_selected,4,248,64,69,-0.011370908468961716,-0.009228198789060116,True
varconet_selected,4,249,168,295,-0.011363443918526173,-0.11954160034656525,True
varconet_selected,4,250,69,166,-0.011362791061401367,-0.29458868503570557,True
varconet_selected,4,251,174,378,0.011359970085322857,0.2714174687862396,True
varconet_selected,4,252,240,277,-0.011359845288097858,-0.03832051903009415,True
varconet_selected,4,253,1,252,-0.011345758102834225,-0.33989250659942627,True
varconet_selected,4,254,27,146,-0.011345604434609413,0.029380865395069122,False
varconet_selected,4,255,224,229,0.011327741667628288,0.11462188512086868,True
varconet_selected,4,256,291,301,0.011326359584927559,0.1430552899837494,True
varconet_selected,4,257,134,159,-0.011326143518090248,-0.07977116852998734,True
varconet_selected,4,258,69,170,-0.011324110440909863,-0.25129520893096924,True
varconet_selected,4,259,251,262,0.01131722703576088,0.22368662059307098,True
varconet_selected,4,260,62,66,-0.011316382326185703,-0.10995886474847794,True
varconet_selected,4,261,165,376,0.011301282793283463,0.1275184601545334,True
varconet_selected,4,262,68,172,-0.011296730488538742,-0.0929604098200798,True
varconet_selected,4,263,157,215,0.011295026168227196,0.13732357323169708,True
varconet_selected,4,264,154,381,0.011285997927188873,0.028078565374016762,True
varconet_selected,4,265,317,372,0.011284722946584225,-0.052983615547418594,False
varconet_selected,4,266,147,248,-0.011278742924332619,-0.06381696462631226,True
varconet_selected,4,267,103,216,-0.011271744035184383,-0.07171889394521713,True
varconet_selected,4,268,104,124,0.011263898573815823,0.04049601033329964,True
varconet_selected,4,269,20,175,-0.011260217055678368,0.04432700201869011,False
varconet_selected,4,270,112,336,-0.01125563308596611,-0.14864449203014374,True
varconet_selected,4,271,46,279,0.011254948563873768,0.13285791873931885,True
varconet_selected,4,272,66,260,-0.011254395358264446,-0.07381707429885864,True
varconet_selected,4,273,27,70,0.011254075914621353,0.010448434390127659,True
varconet_selected,4,274,150,151,-0.011252647265791893,0.0044019753113389015,False
varconet_selected,4,275,102,326,-0.0112499063834548,0.04345018044114113,False
varconet_selected,4,276,268,367,-0.01124943420290947,-0.23617511987686157,True
varconet_selected,4,277,19,267,0.011243226937949657,-0.018264221027493477,False
varconet_selected,4,278,295,317,-0.011240863241255283,0.04635952413082123,False
varconet_selected,4,279,31,363,-0.01123188529163599,0.019585134461522102,False
varconet_selected,4,280,215,276,-0.011220059357583523,-0.2658346891403198,True
varconet_selected,4,281,68,262,-0.011214817874133587,-0.1380765289068222,True
varconet_selected,4,282,164,250,0.011214661411941051,0.29598814249038696,True
varconet_selected,4,283,48,337,0.011210432276129723,0.1083337590098381,True
varconet_selected,4,284,70,263,-0.011206542141735554,0.01612839475274086,False
varconet_selected,4,285,224,231,0.01120343990623951,0.1982307881116867,True
varconet_selected,4,286,105,120,0.011198398657143116,0.12219780683517456,True
varconet_selected,4,287,173,367,0.011195085942745209,0.29599395394325256,True
varconet_selected,4,288,124,283,0.011190589517354965,0.0194158423691988,True
varconet_selected,4,289,167,238,-0.011189785785973072,-0.22112484276294708,True
varconet_selected,4,290,166,378,0.011189660988748074,0.17325812578201294,True
varconet_selected,4,291,36,273,0.011188465170562267,0.004727988038212061,True
varconet_selected,4,292,200,336,0.011183121241629124,0.1728009730577469,True
varconet_selected,4,293,62,249,0.011176479049026966,0.1271018385887146,True
varconet_selected,4,294,295,301,0.011168885976076126,-0.014160978607833385,False
varconet_selected,4,295,92,229,-0.011140158399939537,-0.20434945821762085,True
varconet_selected,4,296,133,266,0.011137520894408226,0.01866021566092968,True
varconet_selected,4,297,322,361,0.01113374624401331,0.019877685233950615,True
varconet_selected,4,298,2,24,-0.011128426529467106,0.03501969575881958,False
varconet_selected,4,299,287,299,0.011122179217636585,-0.1534355878829956,False
varconet_selected,4,300,127,261,-0.011120340786874294,-0.09612087160348892,True
varconet_selected,4,301,231,365,-0.011104236356914043,-0.17267902195453644,True
varconet_selected,4,302,65,166,-0.011096677742898464,-0.11892395466566086,True
varconet_selected,4,303,150,261,0.011092307046055794,0.05292219668626785,True
varconet_selected,4,304,252,258,0.011092089116573334,0.15989001095294952,True
varconet_selected,4,305,166,379,0.011089347302913666,0.19045299291610718,True
varconet_selected,4,306,62,69,-0.011082655750215054,-0.04586901143193245,True
varconet_selected,4,307,241,252,-0.011081377975642681,-0.1983945071697235,True
varconet_selected,4,308,200,338,0.011078918352723122,0.2405507117509842,True
varconet_selected,4,309,33,267,0.011060506105422974,0.08882790803909302,True
varconet_selected,4,310,106,336,-0.011060495860874653,0.01634833589196205,False
varconet_selected,4,311,157,261,0.011053972877562046,0.11466994881629944,True
varconet_selected,4,312,172,293,-0.011036512441933155,-0.25901249051094055,True
varconet_selected,4,313,323,361,0.011027124710381031,-0.048162758350372314,False
varconet_selected,4,314,133,268,0.011025497689843178,0.029864225536584854,True
varconet_selected,4,315,251,265,0.011014716699719429,0.12812212109565735,True
varconet_selected,4,316,144,344,0.011014383286237717,0.06266418099403381,True
varconet_selected,4,317,167,293,-0.01101393811404705,-0.3350568115711212,True
varconet_selected,4,318,93,157,-0.01100537832826376,-0.35897764563560486,True
varconet_selected,4,319,12,151,0.01100501511245966,0.060272809118032455,True
varconet_selected,4,320,170,292,-0.011004731059074402,-0.1960611790418625,True
varconet_selected,4,321,126,133,-0.011002781800925732,-0.5123119354248047,True
varconet_selected,4,322,271,328,-0.011002709157764912,-0.15051528811454773,True
varconet_selected,4,323,243,248,-0.010996484197676182,-0.034778766334056854,True
varconet_selected,4,324,171,379,0.010994385927915573,0.2984268367290497,True
varconet_selected,4,325,242,249,-0.010990177281200886,-0.11657020449638367,True
varconet_selected,4,326,173,294,-0.010980569757521152,-0.3267548084259033,True
varconet_selected,4,327,93,365,-0.010979839600622654,-0.22254249453544617,True
varconet_selected,4,328,65,253,0.010976898483932018,0.19703128933906555,True
varconet_selected,4,329,133,173,-0.010968990623950958,-0.10950960963964462,True
varconet_selected,4,330,196,334,0.010962458327412605,-0.08510107547044754,False
varconet_selected,4,331,251,259,0.010961297899484634,0.10896606743335724,True
varconet_selected,4,332,1,248,-0.01095999963581562,-0.18623922765254974,True
varconet_selected,4,333,31,269,0.01095407921820879,0.11208411306142807,True
varconet_selected,4,334,164,251,0.010950264520943165,0.2878730297088623,True
varconet_selected,4,335,127,263,-0.010947676375508308,0.02192743495106697,False
varconet_selected,4,336,93,150,-0.01094731967896223,-0.20702725648880005,True
varconet_selected,4,337,175,367,0.010929533280432224,0.23853133618831635,True
varconet_selected,4,338,73,292,-0.010919449850916862,0.005976645275950432,False
varconet_selected,4,339,62,67,-0.010914720594882965,-0.06333553045988083,True
varconet_selected,4,340,169,175,0.01091113779693842,0.15483585000038147,True
varconet_selected,4,341,167,258,-0.010907306335866451,-0.2274142950773239,True
varconet_selected,4,342,171,375,0.01090595219284296,0.0883619487285614,True
varconet_selected,4,343,79,106,0.010899990797042847,0.044152140617370605,True
varconet_selected,4,344,156,175,-0.010899788700044155,-0.12501823902130127,True
varconet_selected,4,345,112,268,0.010899289511144161,0.16966407001018524,True
varconet_selected,4,346,139,281,-0.010897425934672356,-0.20731575787067413,True
varconet_selected,4,347,167,288,-0.010896868072450161,-0.20121312141418457,True
varconet_selected,4,348,157,214,0.010889277793467045,0.26053252816200256,True
varconet_selected,4,349,65,104,0.010887938551604748,0.08985399454832077,True
varconet_selected,4,350,250,323,0.010882807895541191,0.08218786865472794,True
varconet_selected,4,351,69,172,-0.010879021137952805,-0.2385064959526062,True
varconet_selected,4,352,260,321,-0.010877573862671852,-0.21046845614910126,True
varconet_selected,4,353,20,57,-0.010876295156776905,-0.10597928613424301,True
varconet_selected,4,354,30,220,-0.01087249256670475,-0.042926643043756485,True
varconet_selected,4,355,287,337,-0.010872219689190388,-0.10038566589355469,True
varconet_selected,4,356,89,345,-0.010871331207454205,-0.13911893963813782,True
varconet_selected,4,357,12,179,-0.010866421274840832,-0.17403876781463623,True
varconet_selected,4,358,63,81,-0.010864142328500748,-0.04482725262641907,True
varconet_selected,4,359,62,75,-0.010863627307116985,-0.11194421350955963,True
varconet_selected,4,360,13,179,-0.010861382819712162,-0.029797561466693878,True
varconet_selected,4,361,66,130,-0.010856754146516323,0.024855338037014008,False
varconet_selected,4,362,207,269,-0.010852282866835594,-0.18920819461345673,True
varconet_selected,4,363,283,299,0.010847439058125019,0.06519406288862228,True
varconet_selected,4,364,269,284,-0.010844705626368523,-0.24893034994602203,True
varconet_selected,4,365,314,321,0.01084048394113779,0.036951854825019836,True
varconet_selected,4,366,186,336,0.010839315131306648,0.14625567197799683,True
varconet_selected,4,367,209,214,-0.010833082720637321,-0.2672158181667328,True
varconet_selected,4,368,229,257,0.010821911506354809,0.18081499636173248,True
varconet_selected,4,369,134,337,-0.010821295902132988,-0.1620672196149826,True
varconet_selected,4,370,213,248,-0.010819364339113235,-0.2820678949356079,True
varconet_selected,4,371,13,372,-0.010818391107022762,-0.21696993708610535,True
varconet_selected,4,372,64,67,-0.010807562619447708,-0.005351237487047911,True
varconet_selected,4,373,95,229,-0.010805429890751839,-0.05131503567099571,True
varconet_selected,4,374,39,277,0.010803831741213799,0.04677289351820946,True
varconet_selected,4,375,173,292,-0.01079705823212862,-0.33474889397621155,True
varconet_selected,4,376,317,373,0.010791540145874023,0.06186312437057495,True
varconet_selected,4,377,211,368,-0.010789692401885986,-0.1444641351699829,True
varconet_selected,4,378,169,292,-0.010789675638079643,-0.2148427963256836,True
varconet_selected,4,379,134,167,-0.010785268619656563,0.0022281024139374495,False
varconet_selected,4,380,66,69,-0.010783211328089237,0.01017239224165678,False
varconet_selected,4,381,132,191,-0.01077878475189209,-0.04268838092684746,True
varconet_selected,4,382,65,68,-0.010772919282317162,0.033360760658979416,False
varconet_selected,4,383,133,372,0.01076605822890997,0.015242774970829487,True
varconet_selected,4,384,322,338,0.010761633515357971,0.19546319544315338,True
varconet_selected,4,385,134,143,-0.01076031569391489,-0.13586530089378357,True
varconet_selected,4,386,165,261,-0.010759635828435421,-0.19221103191375732,True
varconet_selected,4,387,257,260,-0.010757667943835258,-0.10304320603609085,True
varconet_selected,4,388,173,179,0.010746111162006855,0.05522505193948746,True
varconet_selected,4,389,217,276,-0.010744243860244751,-0.33282309770584106,True
varconet_selected,4,390,132,257,0.010743463411927223,0.11506254971027374,True
varconet_selected,4,391,174,372,0.010735894553363323,0.15519481897354126,True
varconet_selected,4,392,104,171,-0.010733364149928093,-0.2123894989490509,True
varconet_selected,4,393,162,256,-0.01072677318006754,-0.1873098760843277,True
varconet_selected,4,394,73,166,-0.010724127292633057,-0.18760374188423157,True
varconet_selected,4,395,174,379,0.010722855105996132,0.2134023755788803,True
varconet_selected,4,396,259,361,0.010721832513809204,0.1276460736989975,True
varconet_selected,4,397,36,272,0.01071396004408598,0.009417482651770115,True
varconet_selected,4,398,173,269,0.01071130856871605,0.23421812057495117,True
varconet_selected,4,399,217,270,-0.01070617139339447,-0.030688999220728874,True
varconet_selected,4,400,110,336,-0.010705635882914066,-0.037764955312013626,True
varconet_selected,4,401,56,73,-0.010703020729124546,-0.07660368084907532,True
varconet_selected,4,402,112,338,-0.01070287637412548,-0.21437256038188934,True
varconet_selected,4,403,135,261,-0.01069790031760931,-0.12534062564373016,True
varconet_selected,4,404,168,292,-0.010697470046579838,-0.14069782197475433,True
varconet_selected,4,405,93,102,0.010690505616366863,0.341999888420105,True
varconet_selected,4,406,100,272,0.010680613107979298,0.057621002197265625,True
varconet_selected,4,407,9,317,0.010680283419787884,-0.023544520139694214,False
varconet_selected,4,408,283,323,-0.010676364414393902,-0.039939846843481064,True
varconet_selected,4,409,316,338,0.01067318581044674,0.1346731185913086,True
varconet_selected,4,410,138,257,0.010672306641936302,0.07489074021577835,True
varconet_selected,4,411,157,260,0.010670009069144726,0.17044812440872192,True
varconet_selected,4,412,205,283,-0.010666660033166409,-0.20448440313339233,True
varconet_selected,4,413,97,375,-0.010661637410521507,-0.13008327782154083,True
varconet_selected,4,414,92,192,-0.010659248568117619,0.005009341519325972,False
varconet_selected,4,415,113,229,-0.010656281374394894,-0.23314030468463898,True
varconet_selected,4,416,67,305,-0.010653088800609112,-0.23459582030773163,True
varconet_selected,4,417,178,209,-0.010653023608028889,-0.22845351696014404,True
varconet_selected,4,418,200,316,0.010649040341377258,0.21830622851848602,True
varconet_selected,4,419,253,278,-0.010647609829902649,-0.3774544596672058,True
varconet_selected,4,420,77,149,0.010638436302542686,0.07760843634605408,True
varconet_selected,4,421,174,253,0.010635694488883018,0.11028636991977692,True
varconet_selected,4,422,68,263,-0.010633756406605244,-0.1811327189207077,True
varconet_selected,4,423,111,277,0.01062644924968481,0.09652991592884064,True
varconet_selected,4,424,151,215,0.010622581467032433,0.1624925285577774,True
varconet_selected,4,425,67,258,-0.010620489716529846,-0.09501919150352478,True
varconet_selected,4,426,361,379,-0.010616889223456383,-0.10007061064243317,True
varconet_selected,4,427,171,293,-0.010616502724587917,-0.1852644681930542,True
varconet_selected,4,428,105,283,-0.010612793266773224,-0.09447228908538818,True
varconet_selected,4,429,257,258,-0.01061172690242529,-0.041551582515239716,True
varconet_selected,4,430,30,279,0.010610881261527538,0.014960245229303837,True
varconet_selected,4,431,354,367,0.010610484518110752,0.05494069680571556,True
varconet_selected,4,432,20,102,0.010608437471091747,0.16960734128952026,True
varconet_selected,4,433,73,93,0.010605012997984886,0.24498413503170013,True
varconet_selected,4,434,62,316,-0.010603508912026882,-0.10479395091533661,True
varconet_selected,4,435,113,337,-0.01059819757938385,-0.28847572207450867,True
varconet_selected,4,436,3,100,-0.01059031393378973,-0.16319504380226135,True
varconet_selected,4,437,269,367,-0.010589396581053734,-0.02349342592060566,True
varconet_selected,4,438,265,270,-0.01057342253625393,-0.11224309355020523,True
varconet_selected,4,439,70,262,-0.010567720979452133,0.11248914897441864,False
varconet_selected,4,440,249,259,0.010553816333413124,0.18236564099788666,True
varconet_selected,4,441,290,313,-0.010549074970185757,-0.06976349651813507,True
varconet_selected,4,442,257,300,0.010547047480940819,0.0622933991253376,True
varconet_selected,4,443,24,364,0.01054337713867426,0.053969770669937134,True
varconet_selected,4,444,63,259,-0.010542408563196659,-0.11825298517942429,True
varconet_selected,4,445,218,268,-0.010536226443946362,-0.09522634744644165,True
varconet_selected,4,446,66,165,-0.010535025969147682,-0.2605838179588318,True
varconet_selected,4,447,148,175,-0.010528231039643288,-0.2825203239917755,True
varconet_selected,4,448,64,249,0.010525230318307877,0.24648484587669373,True
varconet_selected,4,449,156,179,0.010520478710532188,0.0912121906876564,True
varconet_selected,4,450,23,337,-0.010519917123019695,-0.004407068714499474,True
varconet_selected,4,451,252,370,-0.010519439354538918,-0.17227187752723694,True
varconet_selected,4,452,249,258,0.010519176721572876,0.16877210140228271,True
varconet_selected,4,453,294,301,0.010518591850996017,-0.09166853874921799,False
varconet_selected,4,454,175,253,0.010517023503780365,0.2377455085515976,True
varconet_selected,4,455,73,164,-0.010516340844333172,-0.09063107520341873,True
varconet_selected,4,456,93,363,-0.010515552014112473,-0.08010042458772659,True
varconet_selected,4,457,157,231,-0.010511323809623718,-0.2846297025680542,True
varconet_selected,4,458,92,93,-0.010505198501050472,-0.20258674025535583,True
varconet_selected,4,459,259,365,0.010502112098038197,0.17775173485279083,True
varconet_selected,4,460,3,24,-0.010499659925699234,0.048934753984212875,False
varconet_selected,4,461,134,259,-0.010499612428247929,0.009933284483850002,False
varconet_selected,4,462,97,151,-0.010476273484528065,-0.16863514482975006,True
varconet_selected,4,463,175,372,0.010476235300302505,0.04468151926994324,True
varconet_selected,4,464,284,379,-0.010476176626980305,-0.1945493221282959,True
varconet_selected,4,465,73,174,-0.010475937277078629,-0.13297536969184875,True
varconet_selected,4,466,4,321,-0.01046457514166832,-0.09626197814941406,True
varconet_selected,4,467,19,229,-0.010460485704243183,-0.06684360653162003,True
varconet_selected,4,468,63,158,-0.01045901421457529,-0.11858848482370377,True
varconet_selected,4,469,2,21,0.010456801392138004,0.10668174177408218,True
varconet_selected,4,470,232,253,0.010454898700118065,0.10926507413387299,True
varconet_selected,4,471,63,263,-0.010449632070958614,-0.027690161019563675,True
varconet_selected,4,472,93,259,0.010447558015584946,0.12275238335132599,True
varconet_selected,4,473,93,375,-0.010438555851578712,-0.19343386590480804,True
varconet_selected,4,474,157,300,-0.010436149314045906,-0.097670778632164,True
varconet_selected,4,475,106,266,0.010433628223836422,-0.029057124629616737,False
varconet_selected,4,476,270,316,-0.010428057052195072,-0.06716185063123703,True
varconet_selected,4,477,130,166,-0.010425332933664322,-0.1127786785364151,True
varconet_selected,4,478,146,173,-0.010419408790767193,-0.1836775690317154,True
varconet_selected,4,479,130,173,-0.010416720062494278,-0.22656874358654022,True
varconet_selected,4,480,81,362,0.010416303761303425,0.2654496431350708,True
varconet_selected,4,481,64,166,-0.01041563879698515,-0.045225922018289566,True
varconet_selected,4,482,166,376,0.010415508411824703,0.10002659261226654,True
varconet_selected,4,483,277,341,-0.010414478369057178,0.034329429268836975,False
varconet_selected,4,484,29,344,-0.010400993749499321,-0.11988866329193115,True
varconet_selected,4,485,95,361,-0.010398139245808125,-0.010462187230587006,True
varconet_selected,4,486,218,276,-0.010398023761808872,-0.07765079289674759,True
varconet_selected,4,487,32,210,-0.010396899655461311,-0.12011151760816574,True
varconet_selected,4,488,20,229,-0.010395487770438194,-0.19081342220306396,True
varconet_selected,4,489,103,157,0.010390243493020535,0.17238415777683258,True
varconet_selected,4,490,269,276,-0.010388816706836224,-0.3554082214832306,True
varconet_selected,4,491,56,249,0.01038818433880806,0.18926149606704712,True
varconet_selected,4,492,21,93,-0.010387971997261047,-0.34184959530830383,True
varconet_selected,4,493,63,317,-0.010387882590293884,-0.13049016892910004,True
varconet_selected,4,494,164,381,0.010384345427155495,0.053431808948516846,True
varconet_selected,4,495,164,262,-0.010382920503616333,-0.23085501790046692,True
varconet_selected,4,496,12,126,0.01038259919732809,0.14977046847343445,True
varconet_selected,4,497,63,72,-0.010380854830145836,-0.13164563477039337,True
varconet_selected,4,498,284,371,-0.010378420352935791,-0.11229860782623291,True
varconet_selected,4,499,265,279,0.010375913232564926,0.007152768317610025,True
varconet_selected,4,500,241,277,-0.010373050346970558,-0.04843239113688469,True
varconet_selected,4,501,13,382,-0.010372255928814411,-0.08811420202255249,True
varconet_selected,4,502,177,366,0.01037067174911499,0.2975708842277527,True
varconet_selected,4,503,167,372,0.0103690717369318,0.07759242504835129,True
varconet_selected,4,504,112,276,0.01036866381764412,0.18530218303203583,True
varconet_selected,4,505,40,157,0.010367995128035545,0.2010401338338852,True
varconet_selected,4,506,66,93,0.010364415124058723,0.04513335973024368,True
varconet_selected,4,507,219,276,-0.010363670997321606,-0.1388077288866043,True
varconet_selected,4,508,131,207,0.010361354798078537,0.1603805273771286,True
varconet_selected,4,509,69,167,-0.010359415784478188,-0.23757509887218475,True
varconet_selected,4,510,249,250,-0.010355069302022457,-0.23034854233264923,True
varconet_selected,4,511,133,267,0.010352778248488903,-0.01629418320953846,False
varconet_selected,4,512,19,265,0.010350179858505726,0.05746445804834366,True
varconet_selected,4,513,279,283,0.010350174270570278,-0.036441951990127563,False
varconet_selected,4,514,64,221,0.010345665737986565,-0.0322832316160202,False
varconet_selected,4,515,99,227,-0.010345250368118286,-0.1405031681060791,True
varconet_selected,4,516,62,251,0.010342556983232498,0.03368399664759636,True
varconet_selected,4,517,293,300,0.010337998159229755,0.04699963703751564,True
varconet_selected,4,518,250,305,0.010337188839912415,0.04192729666829109,True
varconet_selected,4,519,171,319,0.01033460721373558,0.1955590397119522,True
varconet_selected,4,520,179,342,0.010327115654945374,-0.013382058590650558,False
varconet_selected,4,521,174,276,0.010326234623789787,0.20081287622451782,True
varconet_selected,4,522,95,227,-0.010320370085537434,-0.05428881570696831,True
varconet_selected,4,523,41,200,-0.010318955406546593,-0.08073341101408005,True
varconet_selected,4,524,1,141,0.010314262472093105,0.05917692929506302,True
varconet_selected,4,525,10,28,0.01030774973332882,0.10785958915948868,True
varconet_selected,4,526,235,334,-0.010305048897862434,-0.1282663494348526,True
varconet_selected,4,527,171,292,-0.010298005305230618,-0.2517257332801819,True
varconet_selected,4,528,20,336,-0.010296352207660675,-0.1606902927160263,True
varconet_selected,4,529,58,224,-0.010287013836205006,-0.11186709254980087,True
varconet_selected,4,530,126,127,-0.010286394506692886,-0.2501669228076935,True
varconet_selected,4,531,93,260,0.01028622966259718,0.11966715008020401,True
varconet_selected,4,532,361,373,-0.010285692289471626,-0.01979907788336277,True
varconet_selected,4,533,12,214,-0.010283288545906544,-0.16904476284980774,True
varconet_selected,4,534,157,225,-0.01028316468000412,-0.2602614462375641,True
varconet_selected,4,535,270,378,0.010280423797667027,0.11550183594226837,True
varconet_selected,4,536,261,316,-0.010279769077897072,-0.21799594163894653,True
varconet_selected,4,537,153,294,-0.010278007946908474,-0.12298597395420074,True
varconet_selected,4,538,161,212,0.010277513414621353,0.15465915203094482,True
varconet_selected,4,539,201,206,-0.010276785120368004,-0.24576672911643982,True
varconet_selected,4,540,291,349,-0.01026960089802742,-0.08695471286773682,True
varconet_selected,4,541,213,277,-0.010263599455356598,-0.03806626796722412,True
varconet_selected,4,542,73,251,0.010262998752295971,0.10026863217353821,True
varconet_selected,4,543,284,305,0.010260941460728645,0.0813896581530571,True
varconet_selected,4,544,19,228,-0.010259128175675869,-0.02769327536225319,True
varconet_selected,4,545,149,175,-0.010258224792778492,-0.18447345495224,True
varconet_selected,4,546,92,375,-0.010255854576826096,-0.23321682214736938,True
varconet_selected,4,547,29,207,0.010249035432934761,0.20545105636119843,True
varconet_selected,4,548,66,338,0.010248576290905476,0.07490935176610947,True
varconet_selected,4,549,148,149,-0.010244784876704216,0.11635468900203705,False
varconet_selected,4,550,229,361,-0.010244691744446754,-0.1796436458826065,True
varconet_selected,4,551,67,164,-0.01024297159165144,-0.14582470059394836,True
varconet_selected,4,552,68,167,-0.01024046540260315,-0.16636104881763458,True
varconet_selected,4,553,266,322,-0.01023927889764309,-0.09368190914392471,True
varconet_selected,4,554,175,307,-0.010237418115139008,-0.3696654438972473,True
varconet_selected,4,555,129,300,0.010234246030449867,0.04482083395123482,True
varconet_selected,4,556,173,375,0.010232068598270416,0.10901766270399094,True
varconet_selected,4,557,108,316,-0.010226873680949211,-0.05444088205695152,True
varconet_selected,4,558,265,328,-0.010221284814178944,-0.1738937348127365,True
varconet_selected,4,559,272,278,0.010221279226243496,0.12418483942747116,True
varconet_selected,4,560,171,270,-0.010217539966106415,-0.18476282060146332,True
varconet_selected,4,561,89,261,0.010213528759777546,0.12952353060245514,True
varconet_selected,4,562,113,228,-0.01020654197782278,-0.17860309779644012,True
varconet_selected,4,563,129,173,-0.010202649049460888,-0.19463832676410675,True
varconet_selected,4,564,269,370,-0.010200247168540955,-0.02838377095758915,True
varconet_selected,4,565,378,379,-0.010197156108915806,-0.10899005830287933,True
varconet_selected,4,566,110,207,0.010196827352046967,0.04090899974107742,True
varconet_selected,4,567,172,257,-0.01019354909658432,-0.16625399887561798,True
varconet_selected,4,568,62,253,0.010189589112997055,-0.062323249876499176,False
varconet_selected,4,569,262,291,-0.010188424028456211,-0.10436549782752991,True
varconet_selected,4,570,13,225,0.010187718085944653,0.09575612097978592,True
varconet_selected,4,571,142,263,-0.010181250050663948,-0.10025154799222946,True
varconet_selected,4,572,13,51,0.010181160643696785,0.025654738768935204,True
varconet_selected,4,573,68,305,-0.010180062614381313,-0.001790842623449862,True
varconet_selected,4,574,214,267,-0.010179824195802212,-0.2836964428424835,True
varconet_selected,4,575,1,82,0.010178918018937111,-0.004435059614479542,False
varconet_selected,4,576,256,305,-0.010172777809202671,-0.027117419987916946,True
varconet_selected,4,577,73,250,0.010172401554882526,0.08605268597602844,True
varconet_selected,4,578,231,259,0.010167491622269154,0.2255783975124359,True
varconet_selected,4,579,100,275,0.01016234327107668,0.08909901976585388,True
varconet_selected,4,580,207,268,-0.010160578414797783,-0.2515079975128174,True
varconet_selected,4,581,60,62,-0.010158092714846134,-0.07559008151292801,True
varconet_selected,4,582,12,215,-0.010157919488847256,-0.09869706630706787,True
varconet_selected,4,583,12,21,0.010155498050153255,0.08237013965845108,True
varconet_selected,4,584,108,204,-0.010155148804187775,0.11797502636909485,False
varconet_selected,4,585,86,277,-0.010151906870305538,-0.06376601755619049,True
varconet_selected,4,586,355,367,0.010150613263249397,0.06811490654945374,True
varconet_selected,4,587,151,175,-0.010146471671760082,-0.137223020195961,True
varconet_selected,4,588,242,248,-0.010143306106328964,-0.026219699531793594,True
varconet_selected,4,589,153,214,0.01013860385864973,0.06812454760074615,True
varconet_selected,4,590,21,24,0.010138299316167831,0.14317190647125244,True
varconet_selected,4,591,251,263,0.010138123296201229,0.17774294316768646,True
varconet_selected,4,592,252,264,0.010132989846169949,0.06736399978399277,True
varconet_selected,4,593,209,284,-0.010130571201443672,-0.18004395067691803,True
varconet_selected,4,594,55,381,-0.010130161419510841,-0.07239758223295212,True
varconet_selected,4,595,177,273,-0.010124534368515015,-0.07730887830257416,True
varconet_selected,4,596,134,301,0.01012244913727045,0.032356638461351395,True
varconet_selected,4,597,151,228,-0.010120814666152,-0.18981368839740753,True
varconet_selected,4,598,321,362,0.010113905183970928,-0.05930870398879051,False
varconet_selected,4,599,128,138,0.010112719610333443,0.015135048888623714,True
varconet_selected,4,600,167,239,-0.010112329386174679,-0.26142337918281555,True
varconet_selected,4,601,247,253,0.01010972261428833,0.0134798064827919,True
varconet_selected,4,602,66,258,-0.010107778944075108,-0.06031661853194237,True
varconet_selected,4,603,132,134,0.01010535191744566,0.05647386983036995,True
varconet_selected,4,604,253,286,-0.010087587870657444,-0.20257486402988434,True
varconet_selected,4,605,43,188,0.010084729641675949,0.10717602074146271,True
varconet_selected,4,606,79,221,0.010083160363137722,0.034207042306661606,True
varconet_selected,4,607,133,276,0.010082419961690903,0.14858150482177734,True
varconet_selected,4,608,270,380,0.01008199155330658,0.10641907900571823,True
varconet_selected,4,609,88,89,-0.010078470222651958,-0.18268127739429474,True
varconet_selected,4,610,112,329,-0.010074744001030922,-0.11828939616680145,True
varconet_selected,4,611,17,132,-0.010069197043776512,-0.13558071851730347,True
varconet_selected,4,612,337,340,-0.010066523216664791,-0.1612311601638794,True
varconet_selected,4,613,225,244,-0.010062945075333118,-0.08232840895652771,True
varconet_selected,4,614,148,337,-0.01006237044930458,-0.12339722365140915,True
varconet_selected,4,615,213,249,-0.010059159249067307,-0.24999138712882996,True
varconet_selected,4,616,32,224,-0.010056007653474808,-0.05300963670015335,True
varconet_selected,4,617,283,287,0.010053925216197968,-0.17491893470287323,False
varconet_selected,4,618,176,378,0.010052424855530262,0.07160263508558273,True
varconet_selected,4,619,98,268,0.010051869787275791,0.15760181844234467,True
varconet_selected,4,620,69,93,0.01005055196583271,-0.032379865646362305,False
varconet_selected,4,621,38,224,-0.010047664865851402,-0.026540325954556465,True
varconet_selected,4,622,224,249,0.01004711166024208,0.05400660261511803,True
varconet_selected,4,623,359,371,-0.010046418756246567,0.08393630385398865,False
varconet_selected,4,624,263,300,0.01004419382661581,0.05858856067061424,True
varconet_selected,4,625,166,269,0.010043807327747345,0.25590160489082336,True
varconet_selected,4,626,24,360,0.010043521411716938,0.017358025535941124,True
varconet_selected,4,627,184,217,0.010037701576948166,0.09578894078731537,True
varconet_selected,4,628,191,218,0.010036500170826912,0.01159130223095417,True
varconet_selected,4,629,86,87,-0.010036162100732327,-0.14882341027259827,True
varconet_selected,4,630,28,87,0.010026897303760052,-0.14072486758232117,False
varconet_selected,4,631,26,34,-0.010024783201515675,0.1465843766927719,False
varconet_selected,4,632,158,174,-0.010013834573328495,-0.004128457047045231,True
varconet_selected,4,633,135,371,-0.010012133046984673,-0.04827655479311943,True
varconet_selected,4,634,164,260,-0.01000930368900299,-0.1766803115606308,True
varconet_selected,4,635,221,277,0.010007786564528942,-0.06738396733999252,False
varconet_selected,4,636,106,191,-0.010007509961724281,-0.1512317657470703,True
varconet_selected,4,637,336,343,-0.010004636831581593,-0.18620581924915314,True
varconet_selected,4,638,207,276,-0.010003430768847466,-0.26466330885887146,True
varconet_selected,4,639,250,262,0.010000379756093025,0.2304777204990387,True
varconet_selected,4,640,62,72,-0.009997549466788769,-0.09666051715612411,True
varconet_selected,4,641,112,191,-0.009996089152991772,-0.2532397508621216,True
varconet_selected,4,642,10,18,0.009993785992264748,0.16017132997512817,True
varconet_selected,4,643,54,264,-0.009991764090955257,0.05880578234791756,False
varconet_selected,4,644,159,305,-0.009990740567445755,-0.0034394399262964725,True
varconet_selected,4,645,149,150,-0.009980282746255398,0.07299378514289856,False
varconet_selected,4,646,170,294,-0.009974767453968525,-0.0733804702758789,True
varconet_selected,4,647,178,337,0.009973439387977123,0.22073867917060852,True
varconet_selected,4,648,111,253,0.009973252192139626,-0.04199088364839554,False
varconet_selected,4,649,139,293,0.00997279491275549,0.08264972269535065,True
varconet_selected,4,650,68,164,-0.009972396306693554,-0.24892708659172058,True
varconet_selected,4,651,13,157,0.009970853105187416,0.08570253849029541,True
varconet_selected,4,652,93,229,-0.009968171827495098,-0.26569095253944397,True
varconet_selected,4,653,112,253,0.009968055412173271,-0.11025698482990265,False
varconet_selected,4,654,87,220,0.009967254474759102,0.20198054611682892,True
varconet_selected,4,655,102,229,0.009965772740542889,0.0769672840833664,True
varconet_selected,4,656,231,262,0.009963036514818668,0.2677813172340393,True
varconet_selected,4,657,90,102,0.009960956871509552,0.2584395706653595,True
varconet_selected,4,658,355,379,0.009951363317668438,0.17950524389743805,True
varconet_selected,4,659,270,317,-0.00995088741183281,-0.08357712626457214,True
varconet_selected,4,660,151,364,-0.009949290193617344,-0.03879491612315178,True
varconet_selected,4,661,262,263,-0.009944315999746323,-0.035616349428892136,True
varconet_selected,4,662,237,259,0.009937340393662453,0.1782432198524475,True
varconet_selected,4,663,73,305,-0.009936006739735603,-0.1915496438741684,True
varconet_selected,4,664,75,93,0.009935101494193077,0.2926207184791565,True
varconet_selected,4,665,375,376,-0.00993406306952238,-0.03291419893503189,True
varconet_selected,4,666,16,279,0.009931289590895176,-0.0005213420372456312,False
varconet_selected,4,667,241,343,0.009929819963872433,0.07609877735376358,True
varconet_selected,4,668,103,295,0.009927380830049515,0.2494419813156128,True
varconet_selected,4,669,178,208,-0.009926538914442062,-0.2531183362007141,True
varconet_selected,4,670,76,110,0.009925603866577148,0.17514172196388245,True
varconet_selected,4,671,171,290,-0.009921926073729992,-0.1568162739276886,True
varconet_selected,4,672,103,129,0.009921889752149582,0.196941077709198,True
varconet_selected,4,673,144,256,-0.009921304881572723,-0.09910812973976135,True
varconet_selected,4,674,69,229,0.009920886717736721,0.28112125396728516,True
varconet_selected,4,675,3,151,0.009904802776873112,-0.0013370821252465248,False
varconet_selected,4,676,267,284,-0.009902667254209518,-0.2486538290977478,True
varconet_selected,4,677,8,166,-0.009901447221636772,-0.1281270831823349,True
varconet_selected,4,678,98,124,0.009897928684949875,0.08627189695835114,True
varconet_selected,4,679,149,239,0.00989700946956873,0.17016245424747467,True
varconet_selected,4,680,110,337,-0.009895903058350086,-0.06557721644639969,True
varconet_selected,4,681,148,212,0.009895745664834976,0.27249178290367126,True
varconet_selected,4,682,232,305,-0.009892819449305534,0.04551839083433151,False
varconet_selected,4,683,259,283,-0.009892008267343044,-0.03308159485459328,True
varconet_selected,4,684,250,265,0.00989068765193224,0.10504972189664841,True
varconet_selected,4,685,173,373,0.009888937696814537,0.15294863283634186,True
varconet_selected,4,686,179,268,-0.009886550717055798,-0.18676264584064484,True
varconet_selected,4,687,112,295,0.00988643616437912,0.05495981499552727,True
varconet_selected,4,688,166,290,-0.009873430244624615,-0.048892468214035034,True
varconet_selected,4,689,125,321,-0.009869338013231754,-0.02222106233239174,True
varconet_selected,4,690,291,298,0.009868151508271694,0.031159674748778343,True
varconet_selected,4,691,179,199,0.009867074899375439,0.13199974596500397,True
varconet_selected,4,692,240,267,-0.009865979664027691,-0.24378977715969086,True
varconet_selected,4,693,257,280,0.009865207597613335,0.18236477673053741,True
varconet_selected,4,694,110,190,-0.00986416358500719,-0.15649713575839996,True
varconet_selected,4,695,98,156,-0.009861527010798454,-0.051940906792879105,True
varconet_selected,4,696,69,134,-0.009858081117272377,-0.09159538894891739,True
varconet_selected,4,697,36,85,0.009857166558504105,0.05320350080728531,True
varconet_selected,4,698,0,84,0.009856157936155796,0.04302360117435455,True
varconet_selected,4,699,165,170,-0.009853078052401543,-0.061144277453422546,True
varconet_selected,4,700,249,262,0.009853078052401543,0.1417665183544159,True
varconet_selected,4,701,159,179,0.009847091510891914,-0.00951717421412468,False
varconet_selected,4,702,68,249,0.009846710599958897,0.18011163175106049,True
varconet_selected,4,703,243,306,0.009843384847044945,0.006485315505415201,True
varconet_selected,4,704,172,224,-0.00984330102801323,-0.10017713159322739,True
varconet_selected,4,705,138,265,-0.009841535240411758,-0.27821415662765503,True
varconet_selected,4,706,93,364,-0.00984114222228527,-0.24448171257972717,True
varconet_selected,4,707,62,248,0.00984005257487297,0.05213246867060661,True
varconet_selected,4,708,149,267,0.009839658625423908,-0.02249269187450409,False
varconet_selected,4,709,167,257,-0.0098385876044631,-0.27108508348464966,True
varconet_selected,4,710,126,159,-0.009837313555181026,-0.18874113261699677,True
varconet_selected,4,711,303,363,-0.009836106561124325,-0.0038704879116266966,True
varconet_selected,4,712,174,268,0.009835262782871723,0.2148149460554123,True
varconet_selected,4,713,222,225,0.009833752177655697,0.13955184817314148,True
varconet_selected,4,714,104,114,0.009833418764173985,0.041710514575242996,True
varconet_selected,4,715,165,167,-0.009832584299147129,-0.24319911003112793,True
varconet_selected,4,716,102,150,0.009831742383539677,0.23945440351963043,True
varconet_selected,4,717,214,269,-0.009830497205257416,-0.2929916977882385,True
varconet_selected,4,718,173,295,-0.009829569607973099,-0.19474034011363983,True
varconet_selected,4,719,111,249,0.00982629880309105,0.15593501925468445,True
varconet_selected,4,720,131,307,-0.009823689237236977,-0.19470785558223724,True
varconet_selected,4,721,252,259,0.009820654056966305,0.1198628693819046,True
varconet_selected,4,722,29,92,-0.009819590486586094,-0.3414367735385895,True
varconet_selected,4,723,108,322,-0.009818927384912968,-0.15283489227294922,True
varconet_selected,4,724,166,294,-0.009817380458116531,-0.2447216510772705,True
varconet_selected,4,725,66,281,0.009816929697990417,0.15248820185661316,True
varconet_selected,4,726,309,318,0.009816586039960384,-0.040067147463560104,False
varconet_selected,4,727,265,272,-0.00981513224542141,-0.13085658848285675,True
varconet_selected,4,728,65,369,0.009811537340283394,0.12918372452259064,True
varconet_selected,4,729,77,296,-0.009810044430196285,0.0018030747305601835,False
varconet_selected,4,730,321,354,0.009806295856833458,-0.008371601812541485,False
varconet_selected,4,731,241,276,-0.009801249019801617,-0.11262750625610352,True
varconet_selected,4,732,145,357,0.009798865765333176,-0.005245570093393326,False
varconet_selected,4,733,165,380,0.009798791259527206,0.11190297454595566,True
varconet_selected,4,734,62,250,0.009797876700758934,0.017009487375617027,True
varconet_selected,4,735,273,304,-0.009797678329050541,-0.008660965599119663,True
varconet_selected,5,1,126,337,-0.01830890029668808,-0.303541898727417,True
varconet_selected,5,2,213,269,-0.01732141152024269,-0.2830486297607422,True
varconet_selected,5,3,151,261,0.01640419475734234,0.18114566802978516,True
varconet_selected,5,4,166,261,-0.015503507107496262,-0.3842788338661194,True
varconet_selected,5,5,66,262,-0.015347816981375217,-0.14740119874477386,True
varconet_selected,5,6,66,261,-0.015276432037353516,-0.19232077896595,True
varconet_selected,5,7,243,249,-0.015077671967446804,-0.10799817740917206,True
varconet_selected,5,8,268,269,-0.015063795261085033,-0.16422297060489655,True
varconet_selected,5,9,213,268,-0.015058586373925209,-0.3379211127758026,True
varconet_selected,5,10,166,260,-0.015049188397824764,-0.3780979812145233,True
varconet_selected,5,11,212,269,-0.0150374136865139,-0.29578855633735657,True
varconet_selected,5,12,172,261,-0.014899312518537045,-0.27315548062324524,True
varconet_selected,5,13,112,269,0.014785395003855228,0.021162599325180054,True
varconet_selected,5,14,66,263,-0.014754517935216427,-0.15117691457271576,True
varconet_selected,5,15,151,263,0.014745776541531086,0.14971648156642914,True
varconet_selected,5,16,213,253,-0.014726613648235798,-0.14957091212272644,True
varconet_selected,5,17,66,164,-0.014655358158051968,-0.26284030079841614,True
varconet_selected,5,18,151,262,0.014626773074269295,0.13522925972938538,True
varconet_selected,5,19,151,229,-0.014616051688790321,-0.20569774508476257,True
varconet_selected,5,20,66,260,-0.014529293403029442,-0.19949959218502045,True
varconet_selected,5,21,166,263,-0.014527184888720512,-0.38496994972229004,True
varconet_selected,5,22,216,267,-0.014446750283241272,-0.3515479564666748,True
varconet_selected,5,23,33,150,-0.014269614592194557,-0.04764895513653755,True
varconet_selected,5,24,111,269,0.014219934120774269,0.1165594607591629,True
varconet_selected,5,25,240,269,-0.014041493646800518,-0.17964468896389008,True
varconet_selected,5,26,172,260,-0.014006037265062332,-0.23069243133068085,True
varconet_selected,5,27,133,337,-0.013919681310653687,-0.31502190232276917,True
varconet_selected,5,28,112,207,0.013909163884818554,0.12260276824235916,True
varconet_selected,5,29,175,269,0.013901758007705212,0.3230774700641632,True
varconet_selected,5,30,135,261,-0.013893519528210163,-0.054424602538347244,True
varconet_selected,5,31,216,269,-0.013879434205591679,-0.3343266546726227,True
varconet_selected,5,32,68,166,-0.013859404250979424,-0.27726030349731445,True
varconet_selected,5,33,272,336,-0.013837416656315327,-0.27253156900405884,True
varconet_selected,5,34,151,259,0.013825913891196251,0.19074216485023499,True
varconet_selected,5,35,166,373,0.013816533610224724,0.03173698112368584,True
varconet_selected,5,36,33,146,-0.013736085966229439,-0.07191022485494614,True
varconet_selected,5,37,173,287,-0.013716286979615688,-0.3255108594894409,True
varconet_selected,5,38,164,261,-0.013627350330352783,-0.256987065076828,True
varconet_selected,5,39,216,266,-0.013623716309666634,-0.31508204340934753,True
varconet_selected,5,40,66,166,-0.013614341616630554,-0.24822933971881866,True
varconet_selected,5,41,273,336,-0.013556833378970623,-0.3330594301223755,True
varconet_selected,5,42,167,261,-0.01347525604069233,-0.41921722888946533,True
varconet_selected,5,43,146,209,-0.0134435398504138,-0.36144745349884033,True
varconet_selected,5,44,36,200,-0.013441036455333233,-0.06410229951143265,True
varconet_selected,5,45,241,269,-0.01339916605502367,-0.09538757801055908,True
varconet_selected,5,46,66,259,-0.013397187925875187,-0.1088167279958725,True
varconet_selected,5,47,167,259,-0.013381377793848515,-0.3368151783943176,True
varconet_selected,5,48,166,372,0.01330620888620615,0.1111147552728653,True
varconet_selected,5,49,150,175,-0.013250499032437801,-0.17356903851032257,True
varconet_selected,5,50,62,73,-0.013249690644443035,-0.1198735237121582,True
varconet_selected,5,51,166,379,0.013233919627964497,0.23216605186462402,True
varconet_selected,5,52,323,361,0.013182839378714561,0.00823492556810379,True
varconet_selected,5,53,112,209,0.013095134869217873,0.10800980776548386,True
varconet_selected,5,54,173,293,-0.013075187802314758,-0.3636755347251892,True
varconet_selected,5,55,213,267,-0.013073693960905075,-0.22677654027938843,True
varconet_selected,5,56,33,148,-0.013058967888355255,0.016688475385308266,False
varconet_selected,5,57,68,253,0.013053925707936287,0.28679269552230835,True
varconet_selected,5,58,167,379,0.013043152168393135,0.25943905115127563,True
varconet_selected,5,59,166,293,-0.013030784204602242,-0.27942195534706116,True
varconet_selected,5,60,105,120,0.013026117347180843,0.1435239613056183,True
varconet_selected,5,61,93,151,-0.013015910051763058,-0.3310755789279938,True
varconet_selected,5,62,111,277,0.01299084722995758,0.1472693234682083,True
varconet_selected,5,63,320,374,0.01296849176287651,0.13220399618148804,True
varconet_selected,5,64,293,299,0.012955385260283947,0.14558911323547363,True
varconet_selected,5,65,175,373,0.012907685711979866,0.16461282968521118,True
varconet_selected,5,66,185,195,0.012887324206531048,0.19160468876361847,True
varconet_selected,5,67,123,125,-0.012841641902923584,-0.010809710249304771,True
varconet_selected,5,68,215,266,-0.012834415771067142,-0.3226492702960968,True
varconet_selected,5,69,147,249,-0.012817435897886753,-0.14677485823631287,True
varconet_selected,5,70,166,253,0.01281273365020752,0.2633377015590668,True
varconet_selected,5,71,79,148,0.012802917510271072,0.03312613442540169,True
varconet_selected,5,72,81,148,0.012775049544870853,0.06549258530139923,True
varconet_selected,5,73,166,262,-0.012766854837536812,-0.40407511591911316,True
varconet_selected,5,74,217,266,-0.012739844620227814,-0.33762112259864807,True
varconet_selected,5,75,229,259,0.01271558366715908,0.17883317172527313,True
varconet_selected,5,76,58,222,-0.012708060443401337,0.03654995560646057,False
varconet_selected,5,77,69,250,0.012706899084150791,0.07495317608118057,True
varconet_selected,5,78,251,262,0.012679260224103928,0.2286243587732315,True
varconet_selected,5,79,56,73,-0.01267248298972845,-0.06376823782920837,True
varconet_selected,5,80,175,267,0.012670007534325123,0.20923906564712524,True
varconet_selected,5,81,27,146,-0.012661153450608253,-0.007107348181307316,True
varconet_selected,5,82,5,225,0.01265823096036911,0.08077578246593475,True
varconet_selected,5,83,133,267,0.012652827426791191,0.08678046613931656,True
varconet_selected,5,84,167,260,-0.012640612199902534,-0.3459680378437042,True
varconet_selected,5,85,215,268,-0.01262861117720604,-0.311882346868515,True
varconet_selected,5,86,201,290,-0.012613658793270588,-0.011963309720158577,True
varconet_selected,5,87,112,268,0.012597071938216686,0.12492251396179199,True
varconet_selected,5,88,283,287,0.012590370140969753,-0.10721611976623535,False
varconet_selected,5,89,64,73,-0.012563344091176987,-0.047495145350694656,True
varconet_selected,5,90,64,249,0.012538647279143333,0.22510872781276703,True
varconet_selected,5,91,270,323,-0.012538298033177853,-0.09261418133974075,True
varconet_selected,5,92,217,269,-0.012517306953668594,-0.31248024106025696,True
varconet_selected,5,93,174,373,0.012495326809585094,0.0956309586763382,True
varconet_selected,5,94,93,259,0.012487418949604034,0.08204654604196548,True
varconet_selected,5,95,166,259,-0.012481385841965675,-0.28081321716308594,True
varconet_selected,5,96,234,336,-0.012477892450988293,-0.07934219390153885,True
varconet_selected,5,97,170,259,-0.012468181550502777,-0.19236619770526886,True
varconet_selected,5,98,153,294,-0.012467753142118454,-0.12372142821550369,True
varconet_selected,5,99,175,372,0.012458193115890026,0.05926894024014473,True
varconet_selected,5,100,164,259,-0.012431065551936626,-0.26441076397895813,True
varconet_selected,5,101,166,232,-0.012416910380125046,-0.22201044857501984,True
varconet_selected,5,102,151,260,0.012406477704644203,0.19048751890659332,True
varconet_selected,5,103,41,146,-0.012394752353429794,0.009259350597858429,False
varconet_selected,5,104,172,263,-0.012383420951664448,-0.2182706743478775,True
varconet_selected,5,105,287,299,0.012365504167973995,0.010458046570420265,True
varconet_selected,5,106,142,337,-0.01236108597368002,-0.09394775331020355,True
varconet_selected,5,107,113,229,-0.012317231856286526,-0.2161230593919754,True
varconet_selected,5,108,19,277,0.01231448631733656,-0.04427550733089447,False
varconet_selected,5,109,110,207,0.012311157770454884,0.018480883911252022,True
varconet_selected,5,110,241,253,-0.01231092307716608,-0.05747517570853233,True
varconet_selected,5,111,20,102,0.01227463036775589,0.14574575424194336,True
varconet_selected,5,112,64,261,-0.012267415411770344,-0.04781884327530861,True
varconet_selected,5,113,48,337,0.012262929230928421,0.16060520708560944,True
varconet_selected,5,114,339,340,-0.012260260060429573,-0.2906402051448822,True
varconet_selected,5,115,175,309,-0.012259714305400848,-0.31870049238204956,True
varconet_selected,5,116,236,336,-0.012240893207490444,-0.08005081862211227,True
varconet_selected,5,117,112,328,-0.012236961163580418,-0.13170424103736877,True
varconet_selected,5,118,212,267,-0.012224472127854824,-0.32934293150901794,True
varconet_selected,5,119,2,36,-0.012212399393320084,-0.07713031768798828,True
varconet_selected,5,120,164,260,-0.012209136039018631,-0.2701565623283386,True
varconet_selected,5,121,175,379,0.012206709012389183,0.3014712333679199,True
varconet_selected,5,122,174,293,-0.012202979065477848,-0.2710256576538086,True
varconet_selected,5,123,229,261,0.012164817191660404,0.23187120258808136,True
varconet_selected,5,124,215,269,-0.0121507178992033,-0.24527883529663086,True
varconet_selected,5,125,62,253,0.012130144983530045,0.012915440835058689,True
varconet_selected,5,126,213,277,-0.01211574301123619,-0.10865499824285507,True
varconet_selected,5,127,262,316,-0.012056389823555946,-0.1321849375963211,True
varconet_selected,5,128,250,282,0.012053276412189007,0.1374138742685318,True
varconet_selected,5,129,63,68,-0.012019963935017586,0.00021840902627445757,False
varconet_selected,5,130,110,191,-0.012010345235466957,-0.23881514370441437,True
varconet_selected,5,131,3,100,-0.012003245763480663,-0.17715872824192047,True
varconet_selected,5,132,92,336,-0.011994576081633568,-0.05841768532991409,True
varconet_selected,5,133,3,146,-0.01196964830160141,-0.25829482078552246,True
varconet_selected,5,134,231,261,0.011962768621742725,0.284879207611084,True
varconet_selected,5,135,166,378,0.01195587683469057,0.2413289099931717,True
varconet_selected,5,136,135,263,-0.01194408442825079,0.02174816094338894,False
varconet_selected,5,137,31,148,-0.011940937489271164,-0.12332914024591446,True
varconet_selected,5,138,106,259,0.011928753927350044,0.0885651633143425,True
varconet_selected,5,139,166,257,-0.011914147064089775,-0.19258350133895874,True
varconet_selected,5,140,132,337,-0.0119102718308568,-0.2473362535238266,True
varconet_selected,5,141,241,268,-0.0119088776409626,-0.18006758391857147,True
varconet_selected,5,142,95,361,-0.011904478073120117,-0.11852181702852249,True
varconet_selected,5,143,13,252,-0.0118878073990345,-0.23645617067813873,True
varconet_selected,5,144,20,259,0.011885118670761585,0.02607092820107937,True
varconet_selected,5,145,269,284,-0.011881059035658836,-0.23977147042751312,True
varconet_selected,5,146,321,375,0.011880447156727314,0.07871474325656891,True
varconet_selected,5,147,317,372,0.011860019527375698,-0.023097803816199303,False
varconet_selected,5,148,219,268,-0.011843431740999222,-0.08760863542556763,True
varconet_selected,5,149,13,175,0.011842697858810425,-0.03434028849005699,False
varconet_selected,5,150,267,276,-0.011825003661215305,-0.2428007870912552,True
varconet_selected,5,151,200,337,0.011823277920484543,0.14587640762329102,True
varconet_selected,5,152,261,365,0.011811304837465286,0.24059048295021057,True
varconet_selected,5,153,215,277,-0.011795226484537125,-0.1618788093328476,True
varconet_selected,5,154,13,31,0.011794868856668472,0.16080614924430847,True
varconet_selected,5,155,103,151,0.011784807778894901,0.1308281272649765,True
varconet_selected,5,156,238,329,-0.011783075518906116,0.0232632327824831,False
varconet_selected,5,157,64,253,0.011779154650866985,0.25490802526474,True
varconet_selected,5,158,90,336,-0.011766397394239902,-0.11320700496435165,True
varconet_selected,5,159,273,328,-0.011758915148675442,-0.1728954315185547,True
varconet_selected,5,160,97,229,-0.01174986083060503,-0.20772509276866913,True
varconet_selected,5,161,104,124,0.011748995631933212,0.11667413264513016,True
varconet_selected,5,162,63,80,-0.011743811890482903,-0.03796540945768356,True
varconet_selected,5,163,155,359,0.011739778332412243,0.01592981070280075,True
varconet_selected,5,164,25,31,0.011727643199265003,0.225389301776886,True
varconet_selected,5,165,109,253,0.01172163151204586,0.025868644937872887,True
varconet_selected,5,166,119,269,0.011706248857080936,0.1436784565448761,True
varconet_selected,5,167,178,336,0.011700342409312725,0.2825191617012024,True
varconet_selected,5,168,167,288,-0.011699358001351357,-0.29883915185928345,True
varconet_selected,5,169,139,281,-0.01169708650559187,-0.2088111788034439,True
varconet_selected,5,170,153,295,-0.011696797795593739,-0.15044806897640228,True
varconet_selected,5,171,273,337,-0.011689858511090279,-0.11061487346887589,True
varconet_selected,5,172,250,323,0.011676225811243057,0.09005862474441528,True
varconet_selected,5,173,240,253,-0.011642572470009327,-0.1195283830165863,True
varconet_selected,5,174,291,300,0.011633265763521194,0.11605978012084961,True
varconet_selected,5,175,269,337,0.011631668545305729,0.39662685990333557,True
varconet_selected,5,176,283,299,0.011624201200902462,0.06688805669546127,True
varconet_selected,5,177,67,134,-0.011620650067925453,-0.13673245906829834,True
varconet_selected,5,178,217,268,-0.011616956442594528,-0.4316105842590332,True
varconet_selected,5,179,157,179,0.011616615578532219,0.1914767324924469,True
varconet_selected,5,180,36,272,0.01159292459487915,-0.013734119944274426,False
varconet_selected,5,181,269,276,-0.011592376045882702,-0.3404678702354431,True
varconet_selected,5,182,250,259,0.011592227965593338,0.10906001925468445,True
varconet_selected,5,183,150,173,-0.011590231209993362,-0.2696940302848816,True
varconet_selected,5,184,217,270,-0.011581187136471272,-0.03731611743569374,True
varconet_selected,5,185,266,322,-0.011572821997106075,-0.10323255509138107,True
varconet_selected,5,186,166,376,0.011569401249289513,0.18023668229579926,True
varconet_selected,5,187,38,220,-0.011565668508410454,-0.11560221761465073,True
varconet_selected,5,188,287,301,0.011559966020286083,-0.019520897418260574,False
varconet_selected,5,189,166,256,-0.011557641439139843,-0.17564024031162262,True
varconet_selected,5,190,77,106,0.011546156369149685,0.061809323728084564,True
varconet_selected,5,191,253,278,-0.01154257357120514,-0.3594605028629303,True
varconet_selected,5,192,129,173,-0.01153390109539032,-0.2815278470516205,True
varconet_selected,5,193,19,269,0.011525405570864677,-0.019850729033350945,False
varconet_selected,5,194,62,159,-0.011524452827870846,-0.08068051934242249,True
varconet_selected,5,195,62,356,0.011523964814841747,0.049563366919755936,True
varconet_selected,5,196,174,378,0.011522827669978142,0.27381113171577454,True
varconet_selected,5,197,20,173,-0.011504664085805416,-0.06846567988395691,True
varconet_selected,5,198,174,379,0.011501657776534557,0.26147082448005676,True
varconet_selected,5,199,200,336,0.011490711010992527,0.186931312084198,True
varconet_selected,5,200,73,214,-0.01148633286356926,-0.17697636783123016,True
varconet_selected,5,201,224,229,0.011483782902359962,0.15370576083660126,True
varconet_selected,5,202,62,66,-0.011469965800642967,-0.06579858064651489,True
varconet_selected,5,203,62,261,-0.011463284492492676,-0.14049537479877472,True
varconet_selected,5,204,173,290,-0.011461627669632435,-0.21021507680416107,True
varconet_selected,5,205,110,209,0.01145794615149498,0.09611562639474869,True
varconet_selected,5,206,274,337,-0.011452332139015198,-0.1737188845872879,True
varconet_selected,5,207,68,252,0.011437688954174519,0.2173912525177002,True
varconet_selected,5,208,267,284,-0.011436733417212963,-0.2667277157306671,True
varconet_selected,5,209,110,269,0.011431587859988213,-0.09258339554071426,False
varconet_selected,5,210,106,336,-0.011406470090150833,-0.029214447364211082,True
varconet_selected,5,211,128,175,-0.011402883566915989,-0.26039305329322815,True
varconet_selected,5,212,41,200,-0.011402136646211147,-0.10611384361982346,True
varconet_selected,5,213,69,170,-0.011400139890611172,-0.2555345594882965,True
varconet_selected,5,214,172,378,0.011398104950785637,0.1777677685022354,True
varconet_selected,5,215,125,337,-0.011385420337319374,-0.04690031707286835,True
varconet_selected,5,216,13,225,0.011374905705451965,0.1452827751636505,True
varconet_selected,5,217,110,335,-0.011371751315891743,-0.13865606486797333,True
varconet_selected,5,218,67,293,-0.011369070038199425,-0.14620476961135864,True
varconet_selected,5,219,62,81,-0.011361421085894108,-0.11155378073453903,True
varconet_selected,5,220,13,157,0.011359557509422302,0.11062545329332352,True
varconet_selected,5,221,159,293,-0.011352569796144962,0.010486596263945103,False
varconet_selected,5,222,164,256,-0.011349458247423172,-0.03643561899662018,True
varconet_selected,5,223,172,293,-0.011347243562340736,-0.2270907312631607,True
varconet_selected,5,224,237,261,0.011341768316924572,0.17730483412742615,True
varconet_selected,5,225,250,283,0.011332851834595203,0.13269363343715668,True
varconet_selected,5,226,174,376,0.011331469751894474,0.15788231790065765,True
varconet_selected,5,227,68,260,-0.01132895890623331,-0.05866106599569321,True
varconet_selected,5,228,73,164,-0.011328132823109627,-0.1448562741279602,True
varconet_selected,5,229,12,103,-0.011325759813189507,-0.15640287101268768,True
varconet_selected,5,230,112,277,0.011324779130518436,0.18218061327934265,True
varconet_selected,5,231,110,266,0.011322722770273685,-0.03274393826723099,False
varconet_selected,5,232,63,66,-0.011319616809487343,-0.13366293907165527,True
varconet_selected,5,233,167,372,0.011314507573843002,0.08298344165086746,True
varconet_selected,5,234,269,306,-0.011307158507406712,-0.0999515950679779,True
varconet_selected,5,235,338,339,-0.011303444392979145,-0.2259836196899414,True
varconet_selected,5,236,73,93,0.011296415701508522,0.23918870091438293,True
varconet_selected,5,237,284,290,0.011294307187199593,0.16923503577709198,True
varconet_selected,5,238,129,300,0.011263569816946983,0.060495223850011826,True
varconet_selected,5,239,62,249,0.011257452890276909,0.07441018521785736,True
varconet_selected,5,240,174,372,0.01125719491392374,0.1489873230457306,True
varconet_selected,5,241,167,293,-0.011256023310124874,-0.34866368770599365,True
varconet_selected,5,242,167,257,-0.011251646094024181,-0.23612429201602936,True
varconet_selected,5,243,65,317,-0.011243733577430248,-0.06622554361820221,True
varconet_selected,5,244,92,100,0.011239396408200264,0.2052306830883026,True
varconet_selected,5,245,63,69,-0.011237477883696556,-0.0015404729638248682,True
varconet_selected,5,246,231,365,-0.011237338185310364,-0.1706850528717041,True
varconet_selected,5,247,167,373,0.011228339746594429,0.07918401062488556,True
varconet_selected,5,248,295,317,-0.011216439306735992,0.09308476001024246,False
varconet_selected,5,249,102,179,-0.011212404817342758,-0.3102706968784332,True
varconet_selected,5,250,111,267,0.011208404786884785,-0.011174864135682583,False
varconet_selected,5,251,261,369,0.011205865070223808,0.159314826130867,True
varconet_selected,5,252,93,150,-0.011201521381735802,-0.19215057790279388,True
varconet_selected,5,253,8,177,-0.011199972592294216,-0.07586409151554108,True
varconet_selected,5,254,241,249,-0.01119148451834917,-0.14062711596488953,True
varconet_selected,5,255,79,106,0.011187690310180187,0.04188225418329239,True
varconet_selected,5,256,218,269,-0.011185592040419579,0.02177595905959606,False
varconet_selected,5,257,153,179,0.01118550356477499,0.09561148285865784,True
varconet_selected,5,258,110,336,-0.011183981783688068,-0.04608217999339104,True
varconet_selected,5,259,165,261,-0.011183819733560085,-0.16497454047203064,True
varconet_selected,5,260,271,328,-0.011179224587976933,-0.1189819872379303,True
varconet_selected,5,261,321,374,0.011178474873304367,0.05324661731719971,True
varconet_selected,5,262,166,292,-0.011176091618835926,-0.12706886231899261,True
varconet_selected,5,263,67,93,0.011163506656885147,0.05369429290294647,True
varconet_selected,5,264,63,81,-0.011159595102071762,-0.10151229053735733,True
varconet_selected,5,265,92,259,0.011154652573168278,-0.04537710174918175,False
varconet_selected,5,266,209,214,-0.011150699108839035,-0.24910278618335724,True
varconet_selected,5,267,157,261,0.011144035495817661,0.18336746096611023,True
varconet_selected,5,268,55,381,-0.011138980276882648,-0.0640454888343811,True
varconet_selected,5,269,58,224,-0.01113502774387598,-0.08436109125614166,True
varconet_selected,5,270,171,375,0.01113155111670494,0.053581543266773224,True
varconet_selected,5,271,67,164,-0.011123468168079853,-0.20948044955730438,True
varconet_selected,5,272,378,379,-0.011118173599243164,-0.14361435174942017,True
varconet_selected,5,273,127,338,-0.011116203851997852,-0.10692916065454483,True
varconet_selected,5,274,170,261,-0.011111268773674965,-0.2893957793712616,True
varconet_selected,5,275,63,72,-0.011108131147921085,-0.11750669777393341,True
varconet_selected,5,276,69,260,-0.011097298935055733,-0.029393095523118973,True
varconet_selected,5,277,179,342,0.011096336878836155,-0.028970832005143166,False
varconet_selected,5,278,67,166,-0.011091971769928932,-0.2645026445388794,True
varconet_selected,5,279,19,229,-0.011091954074800014,-0.06435199081897736,True
varconet_selected,5,280,1,82,0.011087273247539997,-0.05761023238301277,False
varconet_selected,5,281,62,68,-0.01108491886407137,-0.014856629073619843,True
varconet_selected,5,282,12,151,0.01107928715646267,0.06393405795097351,True
varconet_selected,5,283,8,173,-0.011078215204179287,-0.1324489265680313,True
varconet_selected,5,284,97,151,-0.011072334833443165,-0.2005947232246399,True
varconet_selected,5,285,240,268,-0.011072224006056786,-0.25479185581207275,True
varconet_selected,5,286,134,159,-0.011058332398533821,-0.07026882469654083,True
varconet_selected,5,287,186,336,0.011057285591959953,0.15117572247982025,True
varconet_selected,5,288,143,185,0.011050701141357422,0.23054708540439606,True
varconet_selected,5,289,131,207,0.011037349700927734,0.15264688432216644,True
varconet_selected,5,290,62,109,-0.011035392060875893,-0.08841996639966965,True
varconet_selected,5,291,252,262,0.011035091243684292,0.13571225106716156,True
varconet_selected,5,292,169,290,-0.01103404350578785,-0.10093256086111069,True
varconet_selected,5,293,272,278,0.011029046960175037,0.1814909726381302,True
varconet_selected,5,294,176,378,0.011016402393579483,0.1335720717906952,True
varconet_selected,5,295,175,293,-0.011013230308890343,-0.2678642272949219,True
varconet_selected,5,296,219,276,-0.010994207113981247,-0.204722061753273,True
varconet_selected,5,297,209,212,-0.010993914678692818,-0.24653273820877075,True
varconet_selected,5,298,165,376,0.010992064140737057,0.12353216111660004,True
varconet_selected,5,299,106,258,0.010990021750330925,0.04699862748384476,True
varconet_selected,5,300,157,229,-0.010989558883011341,-0.20886872708797455,True
varconet_selected,5,301,227,249,-0.01098195742815733,-0.03320050612092018,True
varconet_selected,5,302,88,89,-0.010980089195072651,-0.19587576389312744,True
varconet_selected,5,303,67,305,-0.010974308475852013,-0.21111898124217987,True
varconet_selected,5,304,167,377,0.010970639996230602,0.12022585421800613,True
varconet_selected,5,305,158,174,-0.010969674214720726,-0.04807554930448532,True
varconet_selected,5,306,175,253,0.010961834341287613,0.24213473498821259,True
varconet_selected,5,307,133,269,0.010961678810417652,0.15611714124679565,True
varconet_selected,5,308,249,329,0.010956964455544949,0.2171415388584137,True
varconet_selected,5,309,63,261,-0.010955109260976315,-0.11544816941022873,True
varconet_selected,5,310,93,261,0.010953104123473167,0.11402219533920288,True
varconet_selected,5,311,218,276,-0.010950365103781223,-0.12300966680049896,True
varconet_selected,5,312,183,375,0.010940134525299072,0.05997748672962189,True
varconet_selected,5,313,68,167,-0.010922749526798725,-0.17246130108833313,True
varconet_selected,5,314,106,190,-0.010915596969425678,-0.0823042243719101,True
varconet_selected,5,315,174,232,-0.010914160870015621,-0.14487439393997192,True
varconet_selected,5,316,173,272,-0.01090891845524311,-0.20727741718292236,True
varconet_selected,5,317,178,209,-0.010907115414738655,-0.26609134674072266,True
varconet_selected,5,318,92,93,-0.010894931852817535,-0.23104985058307648,True
varconet_selected,5,319,62,79,-0.01089044101536274,0.02120256796479225,False
varconet_selected,5,320,68,305,-0.010886519216001034,0.006715861614793539,False
varconet_selected,5,321,131,174,-0.010870997793972492,-0.1997079700231552,True
varconet_selected,5,322,268,277,-0.010865437798202038,-0.10471777617931366,True
varconet_selected,5,323,243,294,0.010863298550248146,0.04465155303478241,True
varconet_selected,5,324,69,164,-0.010863242670893669,-0.28449752926826477,True
varconet_selected,5,325,112,337,-0.010860810056328773,-0.20229485630989075,True
varconet_selected,5,326,64,263,-0.010858094319701195,-0.03886675834655762,True
varconet_selected,5,327,73,166,-0.010853853076696396,-0.19892320036888123,True
varconet_selected,5,328,134,337,-0.010853735730051994,-0.22201500833034515,True
varconet_selected,5,329,213,252,-0.010851887054741383,-0.2741425037384033,True
varconet_selected,5,330,150,261,0.01084779854863882,-0.015417993068695068,False
varconet_selected,5,331,236,337,-0.01084461621940136,-0.07562653720378876,True
varconet_selected,5,332,12,215,-0.01084242295473814,-0.0630042627453804,True
varconet_selected,5,333,43,188,0.010839815251529217,0.06752839684486389,True
varconet_selected,5,334,65,316,-0.01083950325846672,-0.03554343059659004,True
varconet_selected,5,335,89,365,-0.01083788089454174,-0.0692402571439743,True
varconet_selected,5,336,61,229,0.010835540480911732,0.3860816955566406,True
varconet_selected,5,337,18,36,0.010818900540471077,0.09493853151798248,True
varconet_selected,5,338,21,93,-0.010816101916134357,-0.33964091539382935,True
varconet_selected,5,339,64,259,-0.010815015062689781,-0.07268588244915009,True
varconet_selected,5,340,172,259,-0.010814244858920574,-0.18543319404125214,True
varconet_selected,5,341,174,305,-0.010813962668180466,-0.21091699600219727,True
varconet_selected,5,342,124,176,0.010810058563947678,0.107828289270401,True
varconet_selected,5,343,95,229,-0.010796093381941319,-0.1267247200012207,True
varconet_selected,5,344,120,266,0.01079363189637661,0.004239192232489586,True
varconet_selected,5,345,276,312,0.010786502622067928,0.05249621719121933,True
varconet_selected,5,346,207,294,0.01078250166028738,0.2578044831752777,True
varconet_selected,5,347,103,157,0.010780827142298222,0.13903993368148804,True
varconet_selected,5,348,291,298,0.010778971947729588,0.025500331073999405,True
varconet_selected,5,349,18,276,0.010754398070275784,0.12979142367839813,True
varconet_selected,5,350,156,175,-0.010752894915640354,-0.09642766416072845,True
varconet_selected,5,351,120,177,0.010750661604106426,0.10158173739910126,True
varconet_selected,5,352,164,257,-0.010738998651504517,-0.07749208807945251,True
varconet_selected,5,353,230,260,0.010735537856817245,0.34307318925857544,True
varconet_selected,5,354,30,38,-0.010732883587479591,-0.0972578153014183,True
varconet_selected,5,355,124,264,0.010731919668614864,0.009399738162755966,True
varconet_selected,5,356,166,291,-0.010730259120464325,-0.17732581496238708,True
varconet_selected,5,357,68,172,-0.010726162232458591,-0.07476002722978592,True
varconet_selected,5,358,218,268,-0.010720860213041306,-0.02474210411310196,True
varconet_selected,5,359,217,267,-0.010718846693634987,-0.2954902648925781,True
varconet_selected,5,360,93,156,-0.010704215615987778,-0.3433092534542084,True
varconet_selected,5,361,101,109,0.01070309430360794,0.28566423058509827,True
varconet_selected,5,362,309,337,-0.010703051462769508,-0.2960512638092041,True
varconet_selected,5,363,119,241,0.010699731297791004,-0.09039090573787689,False
varconet_selected,5,364,172,239,-0.010698794387280941,-0.1836903989315033,True
varconet_selected,5,365,39,277,0.010690009221434593,0.024144906550645828,True
varconet_selected,5,366,62,316,-0.010688956826925278,-0.04598255082964897,True
varconet_selected,5,367,177,372,0.010686777532100677,-0.010776405222713947,False
varconet_selected,5,368,156,337,-0.010676958598196507,-0.18207263946533203,True
varconet_selected,5,369,66,130,-0.010676666162908077,-0.02827320620417595,True
varconet_selected,5,370,129,175,-0.010669264011085033,-0.26652267575263977,True
varconet_selected,5,371,55,225,0.010659207589924335,0.21764187514781952,True
varconet_selected,5,372,209,284,-0.010656789876520634,-0.18498827517032623,True
varconet_selected,5,373,95,150,-0.010655572637915611,-0.24796344339847565,True
varconet_selected,5,374,61,231,0.010654662735760212,0.34151506423950195,True
varconet_selected,5,375,144,234,-0.010653015226125717,-0.1162153035402298,True
varconet_selected,5,376,130,158,-0.010648537427186966,-0.16120313107967377,True
varconet_selected,5,377,250,326,0.01064614299684763,-0.059566929936409,False
varconet_selected,5,378,215,276,-0.010643810033798218,-0.2186703383922577,True
varconet_selected,5,379,258,302,0.010641805827617645,0.1734025776386261,True
varconet_selected,5,380,62,260,-0.01062353141605854,0.0028491828124970198,False
varconet_selected,5,381,62,263,-0.010622529312968254,-0.055456891655921936,True
varconet_selected,5,382,159,292,-0.010614962317049503,-0.059334225952625275,True
varconet_selected,5,383,62,80,-0.010614856146275997,-0.08728217333555222,True
varconet_selected,5,384,109,249,0.010612563230097294,0.018097955733537674,True
varconet_selected,5,385,64,248,0.010608023032546043,0.26884210109710693,True
varconet_selected,5,386,267,268,-0.010601084679365158,-0.16858914494514465,True
varconet_selected,5,387,67,250,0.010600917041301727,0.1234424039721489,True
varconet_selected,5,388,135,259,-0.010600502602756023,-0.03637225925922394,True
varconet_selected,5,389,179,269,-0.010598650202155113,-0.1259525716304779,True
varconet_selected,5,390,274,336,-0.010583925992250443,-0.22122974693775177,True
varconet_selected,5,391,224,231,0.010581877082586288,0.21643659472465515,True
varconet_selected,5,392,252,370,-0.01058085449039936,-0.07866062968969345,True
varconet_selected,5,393,54,266,-0.010577353648841381,0.02192665822803974,False
varconet_selected,5,394,86,87,-0.010572830215096474,-0.19918224215507507,True
varconet_selected,5,395,175,268,0.010571599006652832,0.21592159569263458,True
varconet_selected,5,396,125,300,0.01056987140327692,0.08708494901657104,True
varconet_selected,5,397,166,252,0.010568158701062202,0.2837862968444824,True
varconet_selected,5,398,249,262,0.010565686970949173,0.16870348155498505,True
varconet_selected,5,399,293,301,0.010565024800598621,0.02718297392129898,True
varconet_selected,5,400,111,253,0.010561379604041576,0.02057703584432602,True
varconet_selected,5,401,148,175,-0.010558126494288445,-0.24278520047664642,True
varconet_selected,5,402,134,267,0.010555175133049488,0.23037976026535034,True
varconet_selected,5,403,212,268,-0.010550551116466522,-0.3270341157913208,True
varconet_selected,5,404,272,337,-0.010548570193350315,-0.1738467663526535,True
varconet_selected,5,405,237,336,-0.010545010678470135,-0.15353842079639435,True
varconet_selected,5,406,291,301,0.010542254894971848,0.10086323320865631,True
varconet_selected,5,407,157,294,-0.010541778057813644,-0.08995281904935837,True
varconet_selected,5,408,124,234,0.010536512359976768,0.005202903412282467,True
varconet_selected,5,409,299,361,-0.010529943741858006,-0.10644592344760895,True
varconet_selected,5,410,171,290,-0.010529184713959694,-0.20877492427825928,True
varconet_selected,5,411,62,251,0.010517538525164127,0.037637267261743546,True
varconet_selected,5,412,93,250,-0.0105153638869524,-0.28163570165634155,True
varconet_selected,5,413,68,263,-0.01051297690719366,-0.1558019071817398,True
varconet_selected,5,414,16,278,0.010512727312743664,0.09143141657114029,True
varconet_selected,5,415,183,371,0.010512134991586208,0.28996187448501587,True
varconet_selected,5,416,291,299,0.010511097498238087,0.18064455687999725,True
varconet_selected,5,417,16,286,0.010506547056138515,0.034452833235263824,True
varconet_selected,5,418,112,292,0.010502101853489876,0.23226988315582275,True
varconet_selected,5,419,111,268,0.010499536991119385,0.22588299214839935,True
varconet_selected,5,420,267,336,0.010491435416042805,0.1886303722858429,True
varconet_selected,5,421,157,300,-0.010489583015441895,-0.073321133852005,True
varconet_selected,5,422,13,179,-0.010489169508218765,-0.07581616938114166,True
varconet_selected,5,423,252,253,-0.01048070378601551,-0.09188614040613174,True
varconet_selected,5,424,167,290,-0.010479499585926533,-0.2171817570924759,True
varconet_selected,5,425,153,342,-0.010473987087607384,-0.07345763593912125,True
varconet_selected,5,426,38,224,-0.01047270093113184,-0.07203192263841629,True
varconet_selected,5,427,237,259,0.010468951426446438,0.14326879382133484,True
varconet_selected,5,428,166,374,0.010461518540978432,0.1908445656299591,True
varconet_selected,5,429,36,273,0.010461162775754929,0.03734913095831871,True
varconet_selected,5,430,30,148,-0.010455380193889141,-0.07387708127498627,True
varconet_selected,5,431,112,276,0.010452733375132084,0.19838181138038635,True
varconet_selected,5,432,111,126,-0.010449093766510487,-0.11311950534582138,True
varconet_selected,5,433,17,132,-0.010447823442518711,-0.2593226730823517,True
varconet_selected,5,434,134,261,-0.010443218983709812,0.012087473645806313,False
varconet_selected,5,435,171,373,0.01043670903891325,0.05702808499336243,True
varconet_selected,5,436,1,372,-0.010436248034238815,-0.05536944419145584,True
varconet_selected,5,437,107,266,0.01043621264398098,0.04816554859280586,True
varconet_selected,5,438,93,365,-0.010430878959596157,-0.2617138624191284,True
varconet_selected,5,439,126,339,-0.01043067965656519,-0.3321699798107147,True
varconet_selected,5,440,73,290,-0.010428952984511852,-0.011426764540374279,True
varconet_selected,5,441,200,316,0.010427046567201614,0.19806544482707977,True
varconet_selected,5,442,96,336,-0.010424804873764515,-0.028034383431077003,True
varconet_selected,5,443,177,272,-0.010422807186841965,-0.09882451593875885,True
varconet_selected,5,444,67,128,-0.010421132668852806,-0.05562182888388634,True
varconet_selected,5,445,134,137,-0.01041917223483324,0.006774162873625755,False
varconet_selected,5,446,155,259,-0.010413509793579578,-0.04110632464289665,True
varconet_selected,5,447,270,283,-0.010409924201667309,0.024940503761172295,False
varconet_selected,5,448,8,166,-0.010401882231235504,-0.1063094437122345,True
varconet_selected,5,449,9,205,0.01040182076394558,-0.044343285262584686,False
varconet_selected,5,450,69,251,0.010399863123893738,0.114486925303936,True
varconet_selected,5,451,152,190,-0.01038991380482912,3.473467950243503e-05,False
varconet_selected,5,452,13,151,0.010379867628216743,0.02893819473683834,True
varconet_selected,5,453,173,379,0.010378147475421429,0.2755844295024872,True
varconet_selected,5,454,221,277,0.01037768367677927,0.008142547681927681,True
varconet_selected,5,455,152,272,-0.010376944206655025,-0.12214405089616776,True
varconet_selected,5,456,172,372,0.010371393524110317,0.1379585713148117,True
varconet_selected,5,457,261,361,0.0103666502982378,0.11628209799528122,True
varconet_selected,5,458,261,363,0.010366183705627918,0.08634044975042343,True
varconet_selected,5,459,13,372,-0.010364999063313007,-0.2156427502632141,True
varconet_selected,5,460,119,123,-0.010356849990785122,-0.09703502058982849,True
varconet_selected,5,461,64,67,-0.010350324213504791,-0.009383689612150192,True
varconet_selected,5,462,1,252,-0.010347709991037846,-0.305926650762558,True
varconet_selected,5,463,126,276,0.010345160029828548,0.24232584238052368,True
varconet_selected,5,464,2,21,0.010343792848289013,0.1437409371137619,True
varconet_selected,5,465,69,166,-0.010340552777051926,-0.29586905241012573,True
varconet_selected,5,466,240,249,-0.010336487554013729,-0.24956142902374268,True
varconet_selected,5,467,240,267,-0.010335512459278107,-0.2796582877635956,True
varconet_selected,5,468,213,276,-0.010332347825169563,-0.19618035852909088,True
varconet_selected,5,469,67,68,-0.010331138968467712,0.03247057646512985,False
varconet_selected,5,470,174,280,0.010329070501029491,0.1319344937801361,True
varconet_selected,5,471,62,75,-0.010327154770493507,-0.13051067292690277,True
varconet_selected,5,472,261,375,0.010323232971131802,0.07242027670145035,True
varconet_selected,5,473,259,365,0.010322357527911663,0.19711247086524963,True
varconet_selected,5,474,65,166,-0.010320058092474937,-0.07029201090335846,True
varconet_selected,5,475,207,269,-0.010320003144443035,-0.18554088473320007,True
varconet_selected,5,476,68,262,-0.010319052264094353,-0.09456534683704376,True
varconet_selected,5,477,361,373,-0.010316167026758194,0.03036351501941681,False
varconet_selected,5,478,12,382,-0.010315688326954842,-0.0543181374669075,True
varconet_selected,5,479,93,363,-0.01031399704515934,-0.13245120644569397,True
varconet_selected,5,480,157,231,-0.010311156511306763,-0.18273651599884033,True
varconet_selected,5,481,60,266,-0.010310644283890724,-0.1513734757900238,True
varconet_selected,5,482,209,336,0.01031006220728159,0.22908322513103485,True
varconet_selected,5,483,183,379,0.010309932753443718,0.15382279455661774,True
varconet_selected,5,484,77,148,0.010308953933417797,-0.12344633787870407,False
varconet_selected,5,485,224,251,0.010306397452950478,0.10978469997644424,True
varconet_selected,5,486,129,301,0.010300343856215477,0.07242777198553085,True
varconet_selected,5,487,12,21,0.010300206020474434,0.17134352028369904,True
varconet_selected,5,488,250,279,-0.010299689136445522,-0.1834910809993744,True
varconet_selected,5,489,164,167,-0.010298095643520355,-0.40528276562690735,True
varconet_selected,5,490,123,124,-0.010293027386069298,-0.007360741496086121,True
varconet_selected,5,491,213,266,-0.010292021557688713,-0.2484358549118042,True
varconet_selected,5,492,2,24,-0.010287914425134659,0.08485973626375198,False
varconet_selected,5,493,225,287,-0.010283389128744602,-0.13288839161396027,True
varconet_selected,5,494,270,322,-0.010282228700816631,-0.06779399514198303,True
varconet_selected,5,495,18,277,0.01027783751487732,-0.010364353656768799,False
varconet_selected,5,496,13,215,-0.01027777511626482,-0.08647510409355164,True
varconet_selected,5,497,112,336,-0.01027746219187975,-0.1269005537033081,True
varconet_selected,5,498,63,305,-0.01027534157037735,-0.05771677568554878,True
varconet_selected,5,499,97,375,-0.010274182073771954,-0.09142331779003143,True
varconet_selected,5,500,295,299,0.010273943655192852,0.04985213279724121,True
varconet_selected,5,501,178,337,0.010273439809679985,0.1699480414390564,True
varconet_selected,5,502,68,164,-0.01027105376124382,-0.20405803620815277,True
varconet_selected,5,503,139,293,0.010269919410347939,0.08598227053880692,True
varconet_selected,5,504,66,293,-0.010269035585224628,-0.1988949328660965,True
varconet_selected,5,505,175,305,-0.010268411599099636,-0.21359840035438538,True
varconet_selected,5,506,251,263,0.010267117992043495,0.14609602093696594,True
varconet_selected,5,507,241,277,-0.01026228815317154,-0.09477327764034271,True
varconet_selected,5,508,252,265,0.010261841118335724,0.03491632640361786,True
varconet_selected,5,509,166,377,0.010261178016662598,0.1641267091035843,True
varconet_selected,5,510,167,256,-0.010259730741381645,-0.22419872879981995,True
varconet_selected,5,511,126,133,-0.010258929803967476,-0.472790390253067,True
varconet_selected,5,512,256,305,-0.01024780422449112,-0.06036320701241493,True
varconet_selected,5,513,178,207,-0.01023949310183525,-0.19788073003292084,True
varconet_selected,5,514,69,106,0.010239271447062492,0.025660092011094093,True
varconet_selected,5,515,291,340,0.010237225331366062,-0.08496424555778503,False
varconet_selected,5,516,338,341,-0.010237053036689758,-0.2256668210029602,True
varconet_selected,5,517,126,336,-0.010231195017695427,-0.1573038548231125,True
varconet_selected,5,518,150,225,-0.010229067876935005,-0.32099205255508423,True
varconet_selected,5,519,361,372,-0.010228045284748077,0.06365135312080383,False
varconet_selected,5,520,212,253,-0.0102279307320714,-0.1491851657629013,True
varconet_selected,5,521,149,239,0.010226412676274776,0.19417542219161987,True
varconet_selected,5,522,249,261,0.010226169601082802,0.18748587369918823,True
varconet_selected,5,523,2,20,0.010226135142147541,0.2571645677089691,True
varconet_selected,5,524,111,342,-0.010225985199213028,-0.09030900150537491,True
varconet_selected,5,525,252,264,0.010225549340248108,0.05245567858219147,True
varconet_selected,5,526,150,259,0.010224769823253155,0.03957456350326538,True
varconet_selected,5,527,219,266,-0.01022291462868452,0.06768336892127991,False
varconet_selected,5,528,89,363,-0.01021781750023365,0.027017267420887947,False
varconet_selected,5,529,92,129,0.010217422619462013,-0.0662812665104866,False
varconet_selected,5,530,206,294,0.01021631807088852,0.25473636388778687,True
varconet_selected,5,531,174,269,0.010213231667876244,0.18282507359981537,True
varconet_selected,5,532,167,253,0.010210532695055008,0.23384620249271393,True
varconet_selected,5,533,177,264,-0.01020853128284216,-0.26171624660491943,True
varconet_selected,5,534,215,242,-0.01020189467817545,-0.07201550900936127,True
varconet_selected,5,535,130,312,-0.01020073238760233,-0.18251435458660126,True
varconet_selected,5,536,54,264,-0.010200447402894497,0.059859201312065125,False
varconet_selected,5,537,62,77,-0.010200059041380882,0.03518584743142128,False
varconet_selected,5,538,172,373,0.010197499766945839,0.0824282318353653,True
varconet_selected,5,539,217,276,-0.010192560032010078,-0.3521140217781067,True
varconet_selected,5,540,174,360,0.010192128829658031,0.050683677196502686,True
varconet_selected,5,541,62,67,-0.010191535577178001,-0.04643626511096954,True
varconet_selected,5,542,49,337,0.010186892002820969,0.09244557470083237,True
varconet_selected,5,543,13,213,-0.010186870582401752,-0.13335560262203217,True
varconet_selected,5,544,275,337,-0.01018641795963049,-0.19696557521820068,True
varconet_selected,5,545,12,150,0.010185531340539455,0.14909251034259796,True
varconet_selected,5,546,133,167,-0.010184860788285732,-0.09703394770622253,True
varconet_selected,5,547,173,236,-0.010182037949562073,-0.1310996562242508,True
varconet_selected,5,548,196,316,0.010179806500673294,0.2682230770587921,True
varconet_selected,5,549,182,372,0.010178045369684696,0.020517857745289803,True
varconet_selected,5,550,113,231,-0.010175560601055622,-0.08449838310480118,True
varconet_selected,5,551,68,261,-0.01016912143677473,-0.145751491189003,True
varconet_selected,5,552,68,251,0.010164269246160984,0.2355436086654663,True
varconet_selected,5,553,182,263,-0.01015588827431202,-0.1955869197845459,True
varconet_selected,5,554,66,239,-0.01015514601022005,-0.06346893310546875,True
varconet_selected,5,555,32,210,-0.010154196061193943,-0.12168081849813461,True
varconet_selected,5,556,8,306,0.01014780718833208,0.01833880878984928,True
varconet_selected,5,557,257,280,0.010143292136490345,0.07163005322217941,True
varconet_selected,5,558,111,207,0.010140596888959408,0.2252224087715149,True
varconet_selected,5,559,173,267,0.010134982876479626,0.1842755824327469,True
varconet_selected,5,560,112,329,-0.010134339332580566,-0.14630715548992157,True
varconet_selected,5,561,111,229,-0.010132935829460621,-0.22087323665618896,True
varconet_selected,5,562,93,229,-0.010132024064660072,-0.27403196692466736,True
varconet_selected,5,563,166,290,-0.010130480863153934,-0.023275811225175858,True
varconet_selected,5,564,251,323,0.01012863777577877,0.06549844890832901,True
varconet_selected,5,565,164,258,-0.010127715766429901,-0.2707597017288208,True
varconet_selected,5,566,66,128,-0.010123981162905693,-0.06827643513679504,True
varconet_selected,5,567,152,361,0.010122003965079784,-0.0749865174293518,False
varconet_selected,5,568,1,227,-0.010121994651854038,0.1286495476961136,False
varconet_selected,5,569,243,248,-0.010118726640939713,0.0035568857565522194,False
varconet_selected,5,570,281,337,-0.01011779997497797,-0.20759187638759613,True
varconet_selected,5,571,131,317,-0.010114634409546852,0.013023401610553265,False
varconet_selected,5,572,317,375,0.010108624584972858,0.12363333255052567,True
varconet_selected,5,573,191,192,-0.010107197798788548,-0.1717562973499298,True
varconet_selected,5,574,64,79,-0.010103232227265835,0.047905873507261276,False
varconet_selected,5,575,240,277,-0.010103012435138226,-0.11792568117380142,True
varconet_selected,5,576,216,268,-0.010098186321556568,-0.38367632031440735,True
varconet_selected,5,577,111,276,0.010097596794366837,0.22508291900157928,True
varconet_selected,5,578,106,191,-0.010096906684339046,-0.1624521166086197,True
varconet_selected,5,579,23,337,-0.010091285221278667,0.01877790130674839,False
varconet_selected,5,580,65,126,-0.01009103748947382,-0.25885850191116333,True
varconet_selected,5,581,73,97,0.01009044237434864,0.32698455452919006,True
varconet_selected,5,582,174,276,0.010089969262480736,0.22572502493858337,True
varconet_selected,5,583,171,374,0.010088576003909111,-0.0265041496604681,False
varconet_selected,5,584,64,109,-0.010084124282002449,-0.15617454051971436,True
varconet_selected,5,585,214,242,-0.010077904909849167,0.00020545755978673697,False
varconet_selected,5,586,92,229,-0.010074516758322716,-0.24810780584812164,True
varconet_selected,5,587,217,264,-0.010074093006551266,-0.1302899420261383,True
varconet_selected,5,588,265,337,-0.01007117796689272,-0.09356501698493958,True
varconet_selected,5,589,149,150,-0.010070916265249252,0.1156185120344162,False
varconet_selected,5,590,148,225,-0.010069672018289566,-0.20898880064487457,True
varconet_selected,5,591,73,305,-0.01006784662604332,-0.1463402807712555,True
varconet_selected,5,592,166,251,0.01006640587002039,0.33266064524650574,True
varconet_selected,5,593,19,267,0.010063610039651394,0.041380926966667175,True
varconet_selected,5,594,321,362,0.010060853324830532,-0.06813749670982361,False
varconet_selected,5,595,182,361,0.010060302913188934,0.16750402748584747,True
varconet_selected,5,596,63,260,-0.010058803483843803,0.03344620391726494,False
varconet_selected,5,597,63,259,-0.010058172978460789,-0.0798347219824791,True
varconet_selected,5,598,276,277,-0.010050022974610329,-0.3781249523162842,True
varconet_selected,5,599,216,336,0.010049025528132915,0.138320654630661,True
varconet_selected,5,600,249,265,0.010048155672848225,0.20216070115566254,True
varconet_selected,5,601,83,327,-0.010046476498246193,-0.16457174718379974,True
varconet_selected,5,602,172,376,0.010045291855931282,0.17623578011989594,True
varconet_selected,5,603,156,174,-0.010044882073998451,-0.08182252943515778,True
varconet_selected,5,604,65,369,0.010043174959719181,0.07053563743829727,True
varconet_selected,5,605,130,161,-0.010042845271527767,-0.0929357185959816,True
varconet_selected,5,606,139,328,-0.010031960904598236,-0.023514725267887115,True
varconet_selected,5,607,75,93,0.010030964389443398,0.3110138475894928,True
varconet_selected,5,608,370,378,-0.010030164383351803,0.011163887567818165,False
varconet_selected,5,609,18,269,0.010027855634689331,0.12700647115707397,True
varconet_selected,5,610,173,373,0.010026264004409313,0.18044434487819672,True
varconet_selected,5,611,149,229,-0.010023054666817188,-0.1107918843626976,True
varconet_selected,5,612,172,374,0.010021723806858063,0.15184012055397034,True
varconet_selected,5,613,166,380,0.010020558722317219,0.18474073708057404,True
varconet_selected,5,614,337,367,0.010011319071054459,0.15144287049770355,True
varconet_selected,5,615,92,102,0.010008687153458595,0.23486849665641785,True
varconet_selected,5,616,98,150,-0.010008038021624088,-0.17422452569007874,True
varconet_selected,5,617,152,175,-0.010006668977439404,-0.17330701649188995,True
varconet_selected,5,618,174,369,0.010004768148064613,0.07352757453918457,True
varconet_selected,5,619,359,371,-0.01000467874109745,0.08403639495372772,False
varconet_selected,5,620,169,291,-0.009999559260904789,-0.08752840012311935,True
varconet_selected,5,621,30,279,0.009997556917369366,-0.012743827886879444,False
varconet_selected,5,622,67,258,-0.009991703554987907,-0.11700419336557388,True
varconet_selected,5,623,231,262,0.009991349652409554,0.2406546175479889,True
varconet_selected,5,624,249,251,-0.009988577105104923,-0.15344902873039246,True
varconet_selected,5,625,18,207,0.009985936805605888,0.1961461752653122,True
varconet_selected,5,626,32,224,-0.009982061572372913,-0.04234418645501137,True
varconet_selected,5,627,91,336,-0.00998152419924736,-0.06183695048093796,True
varconet_selected,5,628,264,322,-0.009979120455682278,-0.1645851582288742,True
varconet_selected,5,629,73,263,-0.009977484121918678,0.019449520856142044,False
varconet_selected,5,630,158,263,-0.009974298998713493,-0.07061108201742172,True
varconet_selected,5,631,63,263,-0.009973238222301006,-0.02774321846663952,True
varconet_selected,5,632,130,153,-0.009972179308533669,-0.10252924263477325,True
varconet_selected,5,633,93,109,0.009966353885829449,0.2582135498523712,True
varconet_selected,5,634,121,174,0.009965725243091583,-0.020040305331349373,False
varconet_selected,5,635,317,373,0.00996487122029066,0.02627292275428772,True
varconet_selected,5,636,229,262,0.009963651187717915,0.24381715059280396,True
varconet_selected,5,637,126,323,-0.009963436983525753,-0.020182957872748375,True
varconet_selected,5,638,213,249,-0.009961687959730625,-0.1606157273054123,True
varconet_selected,5,639,267,269,-0.009959781542420387,-0.10507213324308395,True
varconet_selected,5,640,231,260,0.009958059526979923,0.25754931569099426,True
varconet_selected,5,641,125,272,0.009957454167306423,0.1594359129667282,True
varconet_selected,5,642,212,277,-0.00995557475835085,-0.09622538834810257,True
varconet_selected,5,643,120,371,-0.009955145418643951,0.07803359627723694,False
varconet_selected,5,644,212,242,-0.009952793829143047,0.04369652643799782,False
varconet_selected,5,645,134,300,0.00995058473199606,0.036007195711135864,True
varconet_selected,5,646,182,261,-0.00994789320975542,-0.2061484158039093,True
varconet_selected,5,647,137,377,0.009944154880940914,0.21890893578529358,True
varconet_selected,5,648,113,226,-0.009942682459950447,-0.16099174320697784,True
varconet_selected,5,649,258,303,0.00994204729795456,0.10481210798025131,True
varconet_selected,5,650,66,282,-0.00994075182825327,-0.1817091703414917,True
varconet_selected,5,651,100,336,-0.009940589778125286,0.15283431112766266,False
varconet_selected,5,652,67,263,-0.009939667768776417,-0.043570373207330704,True
varconet_selected,5,653,241,267,-0.009933747351169586,-0.18986625969409943,True
varconet_selected,5,654,208,379,0.009932385757565498,-0.0405864454805851,False
varconet_selected,5,655,63,317,-0.009931826964020729,-0.1007363423705101,True
varconet_selected,5,656,74,282,-0.009929954074323177,-0.030297020450234413,True
varconet_selected,5,657,87,246,0.009923815727233887,-0.01786666549742222,False
varconet_selected,5,658,144,344,0.009923779405653477,0.002293605590239167,True
varconet_selected,5,659,86,115,0.009907115250825882,0.19061994552612305,True
varconet_selected,5,660,118,269,0.009904935956001282,0.18578775227069855,True
varconet_selected,5,661,76,211,0.009902837686240673,-0.09107211977243423,False
varconet_selected,5,662,177,292,-0.009900029748678207,-0.17972448468208313,True
varconet_selected,5,663,133,276,0.00989822018891573,0.2084682136774063,True
varconet_selected,5,664,165,377,0.009892511181533337,0.20732815563678741,True
varconet_selected,5,665,166,269,0.00989210233092308,0.23361477255821228,True
varconet_selected,5,666,89,345,-0.009890536777675152,-0.1481206864118576,True
varconet_selected,5,667,69,212,-0.00988661777228117,-0.15172114968299866,True
varconet_selected,5,668,6,328,0.009886065497994423,0.0032821595668792725,True
varconet_selected,5,669,13,276,-0.009885996580123901,-0.14940816164016724,True
varconet_selected,5,670,161,294,-0.009885193780064583,-0.09731929004192352,True
varconet_selected,5,671,228,263,0.009874781593680382,0.17822791635990143,True
varconet_selected,5,672,62,248,0.00987367145717144,0.048803240060806274,True
varconet_selected,5,673,171,291,-0.009873625822365284,-0.15427885949611664,True
varconet_selected,5,674,30,224,-0.009872767142951488,-0.16412998735904694,True
varconet_selected,5,675,5,252,-0.009872558526694775,-0.05248931050300598,True
varconet_selected,5,676,321,364,0.009872090071439743,-0.03841497004032135,False
varconet_selected,5,677,74,222,-0.009871997870504856,-0.007907366380095482,True
varconet_selected,5,678,81,362,0.009870803914964199,0.2663346529006958,True
varconet_selected,5,679,29,344,-0.009868747554719448,-0.09795467555522919,True
varconet_selected,5,680,66,291,-0.009868081659078598,-0.1396040916442871,True
varconet_selected,5,681,66,258,-0.009867223910987377,-0.03805001080036163,True
varconet_selected,5,682,3,24,-0.009864570572972298,0.06641165912151337,False
varconet_selected,5,683,68,280,0.009863915853202343,0.0896792858839035,True
varconet_selected,5,684,155,367,0.009860970079898834,-0.07940631359815598,False
varconet_selected,5,685,62,369,0.009860796853899956,0.03297805413603783,True
varconet_selected,5,686,110,206,0.00985960103571415,0.1336073875427246,True
varconet_selected,5,687,259,363,0.00985629577189684,0.05944101884961128,True
varconet_selected,5,688,87,220,0.00985479075461626,0.21739506721496582,True
varconet_selected,5,689,165,259,-0.009854675270617008,-0.1354953795671463,True
varconet_selected,5,690,167,258,-0.009854468517005444,-0.21390904486179352,True
varconet_selected,5,691,193,218,0.00984983891248703,0.046013299375772476,True
varconet_selected,5,692,62,373,0.009848853573203087,0.19989915192127228,True
varconet_selected,5,693,91,92,-0.009847036562860012,-0.06304047256708145,True
varconet_selected,5,694,164,381,0.009846469387412071,0.05621049180626869,True
varconet_selected,5,695,56,249,0.009843350388109684,0.19334083795547485,True
varconet_selected,5,696,28,87,0.009841697290539742,-0.15426751971244812,False
varconet_selected,5,697,154,381,0.009839384816586971,0.049283865839242935,True
varconet_selected,5,698,111,266,0.009838537313044071,0.1351078897714615,True
varconet_selected,5,699,66,69,-0.009836423210799694,-0.011130616068840027,True
varconet_selected,5,700,125,237,0.00983148068189621,0.17076808214187622,True
varconet_selected,5,701,167,305,-0.009830492548644543,-0.14438284933567047,True
varconet_selected,5,702,97,109,0.009830161929130554,0.3052637577056885,True
varconet_selected,5,703,67,291,-0.009828981943428516,-0.12916815280914307,True
varconet_selected,5,704,93,102,0.009828554466366768,0.26971346139907837,True
varconet_selected,5,705,177,373,0.009828279726207256,0.1113089844584465,True
varconet_selected,5,706,179,341,0.009826051071286201,-0.048434339463710785,False
varconet_selected,5,707,3,31,0.009825566783547401,0.18658627569675446,True
varconet_selected,5,708,166,238,-0.009825299493968487,-0.17053616046905518,True
varconet_selected,5,709,166,258,-0.009824632667005062,-0.25715920329093933,True
varconet_selected,5,710,209,268,-0.009824218228459358,-0.29500845074653625,True
varconet_selected,5,711,99,227,-0.009820807725191116,-0.10232271999120712,True
varconet_selected,5,712,214,261,-0.00981837883591652,-0.07160384207963943,True
varconet_selected,5,713,105,264,-0.009816788136959076,-0.2760758697986603,True
varconet_selected,5,714,65,66,-0.009816644713282585,-0.08060500770807266,True
varconet_selected,5,715,201,207,-0.009815327823162079,-0.14344759285449982,True
varconet_selected,5,716,11,173,-0.009815046563744545,-0.011809400282800198,True
varconet_selected,5,717,151,215,0.009814595803618431,0.1485714167356491,True
varconet_selected,5,718,31,150,-0.009814164601266384,-0.030920514836907387,True
varconet_selected,5,719,167,376,0.0098141273483634,0.0373305007815361,True
varconet_selected,5,720,228,262,0.009813688695430756,0.276978075504303,True
varconet_selected,5,721,146,253,-0.009806986898183823,0.0016002266202121973,False
varconet_selected,5,722,250,264,0.00980521272867918,0.18207278847694397,True
varconet_selected,5,723,1,248,-0.00980442762374878,-0.1375369429588318,True
varconet_selected,5,724,62,317,-0.009804357774555683,-0.06879148632287979,True
varconet_selected,5,725,164,250,0.00980369932949543,0.2694031298160553,True
varconet_selected,5,726,219,269,-0.009799111634492874,-0.04290389269590378,True
varconet_selected,5,727,120,123,-0.009798044338822365,-0.09015727043151855,True
varconet_selected,5,728,166,294,-0.009795770049095154,-0.1658913791179657,True
varconet_selected,5,729,90,134,0.009793327189981937,0.16051964461803436,True
varconet_selected,5,730,253,262,0.009792277589440346,0.03294696286320686,True
varconet_selected,5,731,230,262,0.009788570925593376,0.3128948509693146,True
varconet_selected,5,732,243,252,-0.009787716902792454,-0.04630869999527931,True
varconet_selected,5,733,226,262,0.009786888025701046,0.17620019614696503,True
varconet_selected,5,734,281,336,-0.009786739014089108,-0.21916158497333527,True
varconet_selected,5,735,65,291,-0.00978588592261076,-0.14413706958293915,True
varconet_selected,6,1,212,269,-0.018457427620887756,-0.34927505254745483,True
varconet_selected,6,2,213,269,-0.01646176353096962,-0.27720534801483154,True
varconet_selected,6,3,166,260,-0.01631036028265953,-0.35813280940055847,True
varconet_selected,6,4,243,249,-0.01623058319091797,-0.1383863240480423,True
varconet_selected,6,5,126,337,-0.016229474917054176,-0.17790070176124573,True
varconet_selected,6,6,66,260,-0.016100604087114334,-0.2050417959690094,True
varconet_selected,6,7,241,269,-0.015733612701296806,-0.11349250376224518,True
varconet_selected,6,8,216,267,-0.01562856324017048,-0.34546127915382385,True
varconet_selected,6,9,66,262,-0.015539773739874363,-0.12568095326423645,True
varconet_selected,6,10,33,150,-0.015538152307271957,-0.05688421428203583,True
varconet_selected,6,11,166,261,-0.015470735728740692,-0.36753231287002563,True
varconet_selected,6,12,240,269,-0.015340061858296394,-0.1871858537197113,True
varconet_selected,6,13,216,269,-0.015233560465276241,-0.35061201453208923,True
varconet_selected,6,14,62,248,0.015050169080495834,0.12214765697717667,True
varconet_selected,6,15,66,263,-0.014957761391997337,-0.16458146274089813,True
varconet_selected,6,16,66,259,-0.014722819440066814,-0.10883479565382004,True
varconet_selected,6,17,212,267,-0.014653214253485203,-0.34656453132629395,True
varconet_selected,6,18,166,373,0.014568609185516834,0.05084878206253052,True
varconet_selected,6,19,166,263,-0.014479943551123142,-0.3693715035915375,True
varconet_selected,6,20,66,166,-0.014426308684051037,-0.17510728538036346,True
varconet_selected,6,21,213,253,-0.014401514083147049,-0.16303667426109314,True
varconet_selected,6,22,215,268,-0.014368128031492233,-0.3894696533679962,True
varconet_selected,6,23,216,266,-0.014337188564240932,-0.34670767188072205,True
varconet_selected,6,24,36,200,-0.014251980930566788,-0.09173861891031265,True
varconet_selected,6,25,133,267,0.014105452224612236,0.17256580293178558,True
varconet_selected,6,26,33,146,-0.014093243516981602,-0.1138928085565567,True
varconet_selected,6,27,166,259,-0.014019865542650223,-0.22977003455162048,True
varconet_selected,6,28,272,336,-0.013972173444926739,-0.15549302101135254,True
varconet_selected,6,29,268,269,-0.01396702416241169,-0.25121885538101196,True
varconet_selected,6,30,166,379,0.01393299363553524,0.25821271538734436,True
varconet_selected,6,31,241,253,-0.01392554771155119,-0.10972490906715393,True
varconet_selected,6,32,166,262,-0.013915738090872765,-0.36432361602783203,True
varconet_selected,6,33,31,148,-0.013888486661016941,-0.16440217196941376,True
varconet_selected,6,34,243,248,-0.013868456706404686,-0.05915077030658722,True
varconet_selected,6,35,67,93,0.013826889917254448,0.12245838344097137,True
varconet_selected,6,36,66,164,-0.013822846114635468,-0.27936896681785583,True
varconet_selected,6,37,291,300,0.013801523484289646,0.07774008810520172,True
varconet_selected,6,38,150,175,-0.013781457208096981,-0.21243873238563538,True
varconet_selected,6,39,62,77,-0.013763315044343472,-0.0067371646873652935,True
varconet_selected,6,40,273,336,-0.013704131357371807,-0.26576417684555054,True
varconet_selected,6,41,234,336,-0.013571453280746937,-0.06422054767608643,True
varconet_selected,6,42,13,31,0.013559520244598389,0.17217248678207397,True
varconet_selected,6,43,111,269,0.013548359274864197,0.012349657714366913,True
varconet_selected,6,44,153,295,-0.013546423986554146,-0.1833961457014084,True
varconet_selected,6,45,213,268,-0.013542406260967255,-0.3170817494392395,True
varconet_selected,6,46,174,291,-0.013539770618081093,-0.2845841646194458,True
varconet_selected,6,47,175,379,0.01352577656507492,0.3020791709423065,True
varconet_selected,6,48,27,146,-0.013478424400091171,-0.021496891975402832,True
varconet_selected,6,49,175,269,0.013449670746922493,0.2794310748577118,True
varconet_selected,6,50,173,293,-0.013425325974822044,-0.35370829701423645,True
varconet_selected,6,51,241,249,-0.013415133580565453,-0.21719124913215637,True
varconet_selected,6,52,66,261,-0.013409864157438278,-0.16842979192733765,True
varconet_selected,6,53,25,31,0.013407886028289795,0.2581765353679657,True
varconet_selected,6,54,166,372,0.013333913870155811,0.14707191288471222,True
varconet_selected,6,55,236,336,-0.013316980563104153,-0.12037157267332077,True
varconet_selected,6,56,215,266,-0.013274548575282097,-0.36115509271621704,True
varconet_selected,6,57,153,179,0.013223305344581604,0.09127163141965866,True
varconet_selected,6,58,167,379,0.013221237808465958,0.28828856348991394,True
varconet_selected,6,59,101,109,0.013171087019145489,0.24150633811950684,True
varconet_selected,6,60,274,337,-0.013159862719476223,-0.16878767311573029,True
varconet_selected,6,61,112,269,0.013099119998514652,0.012922010384500027,True
varconet_selected,6,62,33,148,-0.01309050340205431,0.059830181300640106,False
varconet_selected,6,63,13,151,0.013084672391414642,0.06968936324119568,True
varconet_selected,6,64,173,290,-0.013049391098320484,-0.2670314311981201,True
varconet_selected,6,65,321,374,0.013007189147174358,0.06724697351455688,True
varconet_selected,6,66,93,151,-0.012984033674001694,-0.28080320358276367,True
varconet_selected,6,67,146,209,-0.012963438406586647,-0.3971385359764099,True
varconet_selected,6,68,58,222,-0.0129611287266016,0.04643768444657326,False
varconet_selected,6,69,112,336,-0.012950384058058262,-0.16280072927474976,True
varconet_selected,6,70,16,286,0.01294243335723877,0.038138147443532944,True
varconet_selected,6,71,3,146,-0.012924224138259888,-0.30176612734794617,True
varconet_selected,6,72,175,372,0.012922858819365501,0.02107217349112034,True
varconet_selected,6,73,173,295,-0.012918670661747456,-0.23257192969322205,True
varconet_selected,6,74,123,124,-0.012911641970276833,-0.047691185027360916,True
varconet_selected,6,75,112,207,0.012909931130707264,0.11033623665571213,True
varconet_selected,6,76,274,336,-0.0128934932872653,-0.21485932171344757,True
varconet_selected,6,77,48,337,0.012883386574685574,0.1564604640007019,True
varconet_selected,6,78,9,205,0.012879280373454094,-0.012688204646110535,False
varconet_selected,6,79,62,249,0.012843494303524494,0.1429465413093567,True
varconet_selected,6,80,269,336,0.012825269252061844,0.25024861097335815,True
varconet_selected,6,81,241,268,-0.012783333659172058,-0.23220287263393402,True
varconet_selected,6,82,178,336,0.012752448208630085,0.3018188178539276,True
varconet_selected,6,83,250,282,0.012737722136080265,0.235795795917511,True
varconet_selected,6,84,250,253,-0.012725364416837692,-0.10834459960460663,True
varconet_selected,6,85,183,375,0.0127209248021245,0.12700651586055756,True
varconet_selected,6,86,174,379,0.012700103223323822,0.20240725576877594,True
varconet_selected,6,87,212,253,-0.012691909447312355,-0.22523975372314453,True
varconet_selected,6,88,151,261,0.012667474336922169,0.07369142025709152,True
varconet_selected,6,89,84,336,-0.01266467571258545,-0.28703272342681885,True
varconet_selected,6,90,291,301,0.01266151387244463,0.1598401665687561,True
varconet_selected,6,91,174,372,0.012653577141463757,0.1405656933784485,True
varconet_selected,6,92,215,269,-0.012644657865166664,-0.28642937541007996,True
varconet_selected,6,93,19,277,0.012627359479665756,-0.03972548618912697,False
varconet_selected,6,94,242,306,0.01261687558144331,0.06507961452007294,True
varconet_selected,6,95,127,340,-0.012596194632351398,-0.16104605793952942,True
varconet_selected,6,96,66,239,-0.012581050395965576,-0.04861576482653618,True
varconet_selected,6,97,147,248,-0.012578461319208145,-0.14275646209716797,True
varconet_selected,6,98,242,249,-0.01256924495100975,-0.12743091583251953,True
varconet_selected,6,99,31,269,0.012568747624754906,0.16756725311279297,True
varconet_selected,6,100,68,166,-0.012551910243928432,-0.23099561035633087,True
varconet_selected,6,101,135,261,-0.012526944279670715,-0.11318345367908478,True
varconet_selected,6,102,153,294,-0.012523568235337734,-0.1779766082763672,True
varconet_selected,6,103,81,148,0.012512890622019768,0.093633271753788,True
varconet_selected,6,104,172,259,-0.012504815123975277,-0.11259029805660248,True
varconet_selected,6,105,213,267,-0.01247998233884573,-0.2255147397518158,True
varconet_selected,6,106,275,337,-0.012452886439859867,-0.2685587704181671,True
varconet_selected,6,107,151,229,-0.012446985580027103,-0.1958250254392624,True
varconet_selected,6,108,214,269,-0.012442530132830143,-0.3114216923713684,True
varconet_selected,6,109,102,179,-0.012439804151654243,-0.2856018841266632,True
varconet_selected,6,110,275,336,-0.012418808415532112,-0.25033360719680786,True
varconet_selected,6,111,339,340,-0.012412967160344124,-0.3136022686958313,True
varconet_selected,6,112,284,290,0.012404020875692368,0.22375036776065826,True
varconet_selected,6,113,172,261,-0.012402179650962353,-0.21020495891571045,True
varconet_selected,6,114,63,66,-0.012352578341960907,-0.2088596671819687,True
varconet_selected,6,115,3,100,-0.012342697009444237,-0.18445046246051788,True
varconet_selected,6,116,185,195,0.012330949306488037,0.14102615416049957,True
varconet_selected,6,117,269,276,-0.012328182347118855,-0.3640514612197876,True
varconet_selected,6,118,321,375,0.012306038290262222,0.1002207025885582,True
varconet_selected,6,119,5,225,0.012293973937630653,0.05252130329608917,True
varconet_selected,6,120,172,239,-0.012281635776162148,-0.19970661401748657,True
varconet_selected,6,121,147,249,-0.012278972193598747,-0.1276484876871109,True
varconet_selected,6,122,171,290,-0.012276680208742619,-0.19501017034053802,True
varconet_selected,6,123,217,266,-0.012252972461283207,-0.37782636284828186,True
varconet_selected,6,124,251,282,0.01225041039288044,0.2537824511528015,True
varconet_selected,6,125,276,277,-0.012232166714966297,-0.3596183657646179,True
varconet_selected,6,126,62,73,-0.012224497273564339,-0.024886000901460648,True
varconet_selected,6,127,199,295,-0.012221806682646275,-0.18049940466880798,True
varconet_selected,6,128,12,215,-0.012214811518788338,-0.09544724225997925,True
varconet_selected,6,129,321,362,0.012207967229187489,-0.02627318538725376,False
varconet_selected,6,130,41,146,-0.012201284058392048,-0.0005059445393271744,True
varconet_selected,6,131,129,175,-0.01217460073530674,-0.278030663728714,True
varconet_selected,6,132,126,143,-0.012174307368695736,-0.18962116539478302,True
varconet_selected,6,133,175,295,-0.01215768326073885,-0.3140215277671814,True
varconet_selected,6,134,13,215,-0.012140938080847263,-0.1274809092283249,True
varconet_selected,6,135,167,259,-0.012138045392930508,-0.30613383650779724,True
varconet_selected,6,136,62,253,0.01213633269071579,-0.030980080366134644,False
varconet_selected,6,137,166,293,-0.01213319692760706,-0.2097264975309372,True
varconet_selected,6,138,200,336,0.012119723483920097,0.2168281376361847,True
varconet_selected,6,139,165,377,0.012100303545594215,0.1780516505241394,True
varconet_selected,6,140,215,276,-0.012083709239959717,-0.2997550964355469,True
varconet_selected,6,141,241,252,-0.012080688960850239,-0.20258192718029022,True
varconet_selected,6,142,67,282,-0.012076400220394135,-0.2070990651845932,True
varconet_selected,6,143,112,209,0.012073919177055359,0.0826076790690422,True
varconet_selected,6,144,267,268,-0.012071783654391766,-0.2190954089164734,True
varconet_selected,6,145,167,257,-0.012059072032570839,-0.28501781821250916,True
varconet_selected,6,146,200,337,0.012033959850668907,0.21381822228431702,True
varconet_selected,6,147,157,229,-0.012028902769088745,-0.19115100800991058,True
varconet_selected,6,148,110,336,-0.012019457295536995,-0.05615880712866783,True
varconet_selected,6,149,172,260,-0.012013135477900505,-0.17564938962459564,True
varconet_selected,6,150,166,291,-0.011989160440862179,-0.19560347497463226,True
varconet_selected,6,151,110,269,0.01198728196322918,-0.12881889939308167,False
varconet_selected,6,152,31,150,-0.01198525819927454,-0.0443108044564724,True
varconet_selected,6,153,95,229,-0.011971264146268368,-0.14339102804660797,True
varconet_selected,6,154,93,150,-0.011968759819865227,-0.1793130487203598,True
varconet_selected,6,155,113,269,0.011960899457335472,0.0018823840655386448,True
varconet_selected,6,156,161,212,0.011951948516070843,0.12531369924545288,True
varconet_selected,6,157,112,337,-0.011938681825995445,-0.2257281094789505,True
varconet_selected,6,158,164,251,0.011936627328395844,0.358828067779541,True
varconet_selected,6,159,63,68,-0.011935610324144363,-0.022383885458111763,True
varconet_selected,6,160,66,282,-0.011933322064578533,-0.21484246850013733,True
varconet_selected,6,161,68,260,-0.011922935023903847,-0.04710911214351654,True
varconet_selected,6,162,173,379,0.011921470984816551,0.28089770674705505,True
varconet_selected,6,163,217,268,-0.011911137960851192,-0.46936309337615967,True
varconet_selected,6,164,170,259,-0.01190974935889244,-0.18361414968967438,True
varconet_selected,6,165,272,337,-0.011898665688931942,-0.13601703941822052,True
varconet_selected,6,166,149,150,-0.011893030256032944,0.051634255796670914,False
varconet_selected,6,167,267,276,-0.011882005259394646,-0.2613581418991089,True
varconet_selected,6,168,212,277,-0.011873804964125156,-0.11062075197696686,True
varconet_selected,6,169,209,212,-0.011843989603221416,-0.25338760018348694,True
varconet_selected,6,170,68,252,0.011832077987492085,0.19650618731975555,True
varconet_selected,6,171,171,375,0.011831244453787804,0.0386052131652832,True
varconet_selected,6,172,129,300,0.011819500476121902,0.017245234921574593,True
varconet_selected,6,173,216,268,-0.011817023158073425,-0.3638675808906555,True
varconet_selected,6,174,111,277,0.011816339567303658,0.08142755180597305,True
varconet_selected,6,175,103,151,0.011809604242444038,0.13724419474601746,True
varconet_selected,6,176,62,66,-0.011797821149230003,-0.07559695839881897,True
varconet_selected,6,177,217,267,-0.011793188750743866,-0.28659024834632874,True
varconet_selected,6,178,166,258,-0.011790220625698566,-0.2864542007446289,True
varconet_selected,6,179,64,253,0.011787285096943378,0.1806410700082779,True
varconet_selected,6,180,134,261,-0.011783184483647346,-0.07714617252349854,True
varconet_selected,6,181,293,300,0.011779804714024067,0.022261884063482285,True
varconet_selected,6,182,166,290,-0.011775756254792213,-0.07115063816308975,True
varconet_selected,6,183,123,125,-0.01176745817065239,-0.01251398678869009,True
varconet_selected,6,184,41,200,-0.011761780828237534,-0.09201612323522568,True
varconet_selected,6,185,167,293,-0.011753740720450878,-0.38286757469177246,True
varconet_selected,6,186,338,341,-0.011731433682143688,-0.21853642165660858,True
varconet_selected,6,187,43,188,0.011727920733392239,0.08591727167367935,True
varconet_selected,6,188,88,89,-0.011708914302289486,-0.21496909856796265,True
varconet_selected,6,189,212,268,-0.011701704002916813,-0.33656227588653564,True
varconet_selected,6,190,125,236,0.011692849919199944,0.03209187090396881,True
varconet_selected,6,191,112,329,-0.011670395731925964,-0.12076511979103088,True
varconet_selected,6,192,79,148,0.011664357036352158,-0.0479837991297245,False
varconet_selected,6,193,64,73,-0.011644764803349972,-0.04165104776620865,True
varconet_selected,6,194,221,269,0.011628427542746067,0.11303766071796417,True
varconet_selected,6,195,92,100,0.011626818217337132,0.20679107308387756,True
varconet_selected,6,196,112,328,-0.011625688523054123,-0.15528707206249237,True
varconet_selected,6,197,270,323,-0.01161914225667715,-0.06704715639352798,True
varconet_selected,6,198,126,339,-0.011598048731684685,-0.26907050609588623,True
varconet_selected,6,199,240,253,-0.011596824042499065,-0.14888285100460052,True
varconet_selected,6,200,121,153,-0.01159091666340828,-0.11639575660228729,True
varconet_selected,6,201,167,295,-0.01158753503113985,-0.30823901295661926,True
varconet_selected,6,202,242,307,0.011565698310732841,0.1698041409254074,True
varconet_selected,6,203,16,278,0.011557534337043762,0.13103753328323364,True
varconet_selected,6,204,106,258,0.01154540479183197,0.03964309021830559,True
varconet_selected,6,205,179,199,0.01153855212032795,0.15128712356090546,True
varconet_selected,6,206,13,252,-0.011538490653038025,-0.16248784959316254,True
varconet_selected,6,207,104,124,0.011527307331562042,0.11662622541189194,True
varconet_selected,6,208,213,248,-0.011526169255375862,-0.29800844192504883,True
varconet_selected,6,209,186,336,0.011523345485329628,0.14060400426387787,True
varconet_selected,6,210,58,224,-0.01150581892579794,-0.059538908302783966,True
varconet_selected,6,211,36,272,0.011502617970108986,-0.03554971516132355,False
varconet_selected,6,212,129,173,-0.011502193287014961,-0.2884535789489746,True
varconet_selected,6,213,62,79,-0.011501963250339031,0.04312406852841377,False
varconet_selected,6,214,68,253,0.011499900370836258,0.2543434798717499,True
varconet_selected,6,215,134,337,-0.011493325233459473,-0.2133851945400238,True
varconet_selected,6,216,283,287,0.011492334306240082,-0.1239854097366333,False
varconet_selected,6,217,251,262,0.011483150534331799,0.19748955965042114,True
varconet_selected,6,218,171,293,-0.011482601054012775,-0.2449171543121338,True
varconet_selected,6,219,151,259,0.01147469598799944,0.07567324489355087,True
varconet_selected,6,220,269,337,0.011442027054727077,0.4353485405445099,True
varconet_selected,6,221,209,214,-0.011436723172664642,-0.26688843965530396,True
varconet_selected,6,222,38,220,-0.011430224403738976,-0.09956832975149155,True
varconet_selected,6,223,111,267,0.011426510289311409,0.005679524037986994,True
varconet_selected,6,224,166,292,-0.01142119150608778,-0.14352798461914062,True
varconet_selected,6,225,93,261,0.011406769044697285,0.08757493644952774,True
varconet_selected,6,226,269,306,-0.011405876837670803,-0.10896965861320496,True
varconet_selected,6,227,241,248,-0.011399987153708935,-0.2670750916004181,True
varconet_selected,6,228,128,175,-0.01139968354254961,-0.22371207177639008,True
varconet_selected,6,229,77,296,-0.011381094343960285,0.06087838113307953,False
varconet_selected,6,230,171,292,-0.011376277543604374,-0.31608322262763977,True
varconet_selected,6,231,173,179,0.01137184351682663,0.060600053519010544,True
varconet_selected,6,232,89,363,-0.011369245126843452,0.030396904796361923,False
varconet_selected,6,233,133,253,0.011361346580088139,0.15052616596221924,True
varconet_selected,6,234,97,229,-0.011349725537002087,-0.1624041348695755,True
varconet_selected,6,235,63,250,0.011345397680997849,0.054873738437891006,True
varconet_selected,6,236,293,301,0.011342816054821014,0.08112514019012451,True
varconet_selected,6,237,213,252,-0.01131476555019617,-0.26246219873428345,True
varconet_selected,6,238,242,248,-0.01131344959139824,-0.09123246371746063,True
varconet_selected,6,239,148,149,-0.011313389986753464,0.12469171732664108,False
varconet_selected,6,240,241,277,-0.011312643066048622,-0.03526300564408302,True
varconet_selected,6,241,124,337,-0.011311179026961327,-0.18059305846691132,True
varconet_selected,6,242,132,337,-0.011308209039270878,-0.28874561190605164,True
varconet_selected,6,243,149,239,0.011304079554975033,0.1756882220506668,True
varconet_selected,6,244,166,253,0.01130196638405323,0.29628869891166687,True
varconet_selected,6,245,67,166,-0.011301924474537373,-0.27658167481422424,True
varconet_selected,6,246,110,191,-0.01129775121808052,-0.2432354837656021,True
varconet_selected,6,247,1,82,0.011295381002128124,0.01629967987537384,True
varconet_selected,6,248,167,260,-0.01129353977739811,-0.3335931599140167,True
varconet_selected,6,249,166,377,0.011284460313618183,0.165800541639328,True
varconet_selected,6,250,215,267,-0.0112837515771389,-0.24414679408073425,True
varconet_selected,6,251,273,337,-0.01127786748111248,-0.09402120858430862,True
varconet_selected,6,252,166,369,0.011274768970906734,0.06675315648317337,True
varconet_selected,6,253,216,336,0.011273181065917015,0.19618061184883118,True
varconet_selected,6,254,72,282,-0.01127183809876442,-0.07920174300670624,True
varconet_selected,6,255,64,261,-0.011269606649875641,-0.06694904714822769,True
varconet_selected,6,256,151,260,0.011257050558924675,0.12849049270153046,True
varconet_selected,6,257,323,361,0.011244140565395355,0.0014400867512449622,True
varconet_selected,6,258,111,229,-0.011242917738854885,-0.13555185496807098,True
varconet_selected,6,259,170,258,-0.011239252984523773,-0.22216297686100006,True
varconet_selected,6,260,171,373,0.011238726787269115,0.05449150130152702,True
varconet_selected,6,261,12,103,-0.011236349120736122,-0.08233248442411423,True
varconet_selected,6,262,29,277,0.011235106736421585,0.15664826333522797,True
varconet_selected,6,263,113,229,-0.011232664808630943,-0.1313748061656952,True
varconet_selected,6,264,106,336,-0.011220350861549377,0.008695296943187714,False
varconet_selected,6,265,281,336,-0.011219139210879803,-0.22743511199951172,True
varconet_selected,6,266,13,175,0.011205590330064297,0.017397785559296608,True
varconet_selected,6,267,166,256,-0.01120227761566639,-0.20692725479602814,True
varconet_selected,6,268,221,277,0.011200939305126667,-0.015820488333702087,False
varconet_selected,6,269,67,293,-0.011199329979717731,-0.1442716121673584,True
varconet_selected,6,270,175,293,-0.01119189616292715,-0.27548813819885254,True
varconet_selected,6,271,20,337,-0.011190379038453102,-0.16825097799301147,True
varconet_selected,6,272,20,102,0.011189986951649189,0.19718675315380096,True
varconet_selected,6,273,102,170,-0.011181067675352097,-0.18154659867286682,True
varconet_selected,6,274,212,266,-0.011179283261299133,-0.34269005060195923,True
varconet_selected,6,275,18,36,0.011178692802786827,0.13626475632190704,True
varconet_selected,6,276,164,250,0.0111694922670722,0.3011811375617981,True
varconet_selected,6,277,214,267,-0.011168171651661396,-0.26439592242240906,True
varconet_selected,6,278,167,261,-0.011160038411617279,-0.36376067996025085,True
varconet_selected,6,279,63,72,-0.011145641095936298,-0.1276261806488037,True
varconet_selected,6,280,89,345,-0.01114087738096714,-0.17176586389541626,True
varconet_selected,6,281,251,263,0.011140082962810993,0.179889976978302,True
varconet_selected,6,282,166,257,-0.011139972135424614,-0.1970767229795456,True
varconet_selected,6,283,66,221,0.0111318314447999,0.16783465445041656,True
varconet_selected,6,284,68,262,-0.011121592484414577,-0.0483621247112751,True
varconet_selected,6,285,157,179,0.011118323542177677,0.18197201192378998,True
varconet_selected,6,286,175,373,0.011109491810202599,0.1360262632369995,True
varconet_selected,6,287,167,238,-0.011102782562375069,-0.24706625938415527,True
varconet_selected,6,288,170,239,-0.011100344359874725,-0.12140274792909622,True
varconet_selected,6,289,110,207,0.011096866801381111,0.03781401365995407,True
varconet_selected,6,290,266,269,-0.011094925925135612,-0.1873467117547989,True
varconet_selected,6,291,19,267,0.011089401319622993,0.0641745775938034,True
varconet_selected,6,292,121,206,0.011084234341979027,0.05144329369068146,True
varconet_selected,6,293,13,157,0.011082726530730724,0.1251097470521927,True
varconet_selected,6,294,93,259,0.011082645505666733,0.03147394582629204,True
varconet_selected,6,295,92,129,0.011081499047577381,-0.03736599162220955,False
varconet_selected,6,296,209,336,0.011054497212171555,0.22661274671554565,True
varconet_selected,6,297,166,295,-0.011051347479224205,-0.14197811484336853,True
varconet_selected,6,298,109,249,0.011044132523238659,0.03936208412051201,True
varconet_selected,6,299,157,261,0.011043285951018333,0.17488831281661987,True
varconet_selected,6,300,174,373,0.011036998592317104,0.09544343501329422,True
varconet_selected,6,301,237,336,-0.011030631139874458,-0.14258402585983276,True
varconet_selected,6,302,226,337,-0.011026309803128242,-0.17140695452690125,True
varconet_selected,6,303,156,179,0.011017248965799809,0.15015827119350433,True
varconet_selected,6,304,18,276,0.011015339754521847,0.18253697454929352,True
varconet_selected,6,305,79,106,0.01100924052298069,0.0036122817546129227,True
varconet_selected,6,306,167,256,-0.011000514961779118,-0.2511514127254486,True
varconet_selected,6,307,262,291,-0.010994384996592999,-0.09283920377492905,True
varconet_selected,6,308,241,267,-0.010989495553076267,-0.18045181035995483,True
varconet_selected,6,309,241,276,-0.01098895538598299,-0.1402340680360794,True
varconet_selected,6,310,134,137,-0.010986554436385632,0.020723972469568253,False
varconet_selected,6,311,62,81,-0.010982983745634556,-0.07630877941846848,True
varconet_selected,6,312,217,269,-0.01097521185874939,-0.3384624421596527,True
varconet_selected,6,313,0,84,0.010974359698593616,0.06597977876663208,True
varconet_selected,6,314,164,260,-0.01095311064273119,-0.18407511711120605,True
varconet_selected,6,315,164,259,-0.010944012552499771,-0.16378825902938843,True
varconet_selected,6,316,55,381,-0.010939561761915684,-0.04387145861983299,True
varconet_selected,6,317,157,295,-0.010935998521745205,-0.04559788852930069,True
varconet_selected,6,318,240,267,-0.010926761664450169,-0.29904425144195557,True
varconet_selected,6,319,95,150,-0.010918833315372467,-0.23327109217643738,True
varconet_selected,6,320,268,277,-0.010917861014604568,-0.14571800827980042,True
varconet_selected,6,321,166,378,0.01091710478067398,0.23347914218902588,True
varconet_selected,6,322,2,36,-0.01091555692255497,-0.019693443551659584,True
varconet_selected,6,323,177,273,-0.010912280529737473,-0.016987688839435577,True
varconet_selected,6,324,103,118,0.010907024145126343,0.09934911131858826,True
varconet_selected,6,325,260,291,-0.010899564251303673,-0.0626351460814476,True
varconet_selected,6,326,30,38,-0.01089800987392664,-0.10678207129240036,True
varconet_selected,6,327,173,375,0.010892705991864204,0.11048126220703125,True
varconet_selected,6,328,68,251,0.01088723074644804,0.21812456846237183,True
varconet_selected,6,329,97,109,0.010886076837778091,0.3195716142654419,True
varconet_selected,6,330,174,261,-0.010880501009523869,-0.3101777136325836,True
varconet_selected,6,331,321,364,0.010877786204218864,-0.03692436218261719,False
varconet_selected,6,332,62,251,0.010868617333471775,0.08076965808868408,True
varconet_selected,6,333,93,102,0.010864847339689732,0.2906285524368286,True
varconet_selected,6,334,126,241,0.010849062353372574,-0.031927842646837234,False
varconet_selected,6,335,133,249,0.010844403877854347,0.2977767884731293,True
varconet_selected,6,336,13,225,0.01084059476852417,0.16224031150341034,True
varconet_selected,6,337,174,295,-0.010839421302080154,-0.16923221945762634,True
varconet_selected,6,338,62,72,-0.010832113213837147,-0.08404499292373657,True
varconet_selected,6,339,157,230,-0.010827877558767796,-0.1288861334323883,True
varconet_selected,6,340,221,364,-0.010823934338986874,-0.17281389236450195,True
varconet_selected,6,341,132,241,0.010823584161698818,0.05163516104221344,True
varconet_selected,6,342,77,148,0.010811957530677319,-0.07375827431678772,False
varconet_selected,6,343,218,276,-0.010805449448525906,-0.09513309597969055,True
varconet_selected,6,344,101,111,0.01080501638352871,0.28919851779937744,True
varconet_selected,6,345,177,367,0.010802707634866238,0.2550560235977173,True
varconet_selected,6,346,167,373,0.01079899724572897,0.06653936952352524,True
varconet_selected,6,347,8,166,-0.010798024944961071,-0.12396632879972458,True
varconet_selected,6,348,13,276,-0.010796365328133106,-0.15440186858177185,True
varconet_selected,6,349,102,323,-0.010796042159199715,-0.1309768259525299,True
varconet_selected,6,350,127,338,-0.010791686363518238,-0.2557171583175659,True
varconet_selected,6,351,12,151,0.010787108913064003,0.04179016128182411,True
varconet_selected,6,352,242,294,0.010785244405269623,0.15785667300224304,True
varconet_selected,6,353,291,299,0.010780539363622665,0.10216687619686127,True
varconet_selected,6,354,105,120,0.010780240409076214,0.05841810628771782,True
varconet_selected,6,355,295,317,-0.010779705829918385,0.0011566096218302846,False
varconet_selected,6,356,218,337,0.010776322335004807,0.09297843277454376,True
varconet_selected,6,357,269,284,-0.010771972127258778,-0.21793556213378906,True
varconet_selected,6,358,67,290,-0.010769844055175781,-0.18153521418571472,True
varconet_selected,6,359,240,249,-0.010768391191959381,-0.25245553255081177,True
varconet_selected,6,360,224,251,0.01076754741370678,0.09644798189401627,True
varconet_selected,6,361,320,374,0.010765028186142445,0.1116553395986557,True
varconet_selected,6,362,146,173,-0.010757841169834137,-0.2821441888809204,True
varconet_selected,6,363,166,232,-0.010754293762147427,-0.18989506363868713,True
varconet_selected,6,364,174,359,0.010747790336608887,0.110503189265728,True
varconet_selected,6,365,73,164,-0.010746479034423828,-0.08058472722768784,True
varconet_selected,6,366,32,210,-0.01074103731662035,-0.1437164545059204,True
varconet_selected,6,367,240,310,0.010724577121436596,0.13335828483104706,True
varconet_selected,6,368,16,251,0.010715487413108349,-0.009939208626747131,False
varconet_selected,6,369,63,290,-0.01070774719119072,-0.10228165239095688,True
varconet_selected,6,370,21,258,0.010703370906412601,-0.020182427018880844,False
varconet_selected,6,371,75,101,0.010698975063860416,0.20001240074634552,True
varconet_selected,6,372,84,100,0.010697661899030209,0.1304820477962494,True
varconet_selected,6,373,291,298,0.01069560181349516,0.027579128742218018,True
varconet_selected,6,374,230,260,0.010691126808524132,0.34202733635902405,True
varconet_selected,6,375,164,381,0.01069032121449709,0.048202034085989,True
varconet_selected,6,376,12,179,-0.010688398033380508,-0.13757023215293884,True
varconet_selected,6,377,167,288,-0.01068395096808672,-0.2387498915195465,True
varconet_selected,6,378,65,316,-0.010682567022740841,0.025760900229215622,False
varconet_selected,6,379,66,93,0.010681990534067154,0.041678328067064285,True
varconet_selected,6,380,133,269,0.010680445469915867,0.1321765035390854,True
varconet_selected,6,381,167,258,-0.010672741569578648,-0.24237680435180664,True
varconet_selected,6,382,240,277,-0.010666782036423683,-0.07262296974658966,True
varconet_selected,6,383,27,71,0.010666247457265854,0.08647087961435318,True
varconet_selected,6,384,39,277,0.010664347559213638,0.031195437535643578,True
varconet_selected,6,385,153,230,-0.010661624372005463,-0.22983798384666443,True
varconet_selected,6,386,93,157,-0.010661201551556587,-0.38886430859565735,True
varconet_selected,6,387,249,329,0.010657038539648056,0.21250323951244354,True
varconet_selected,6,388,133,337,-0.010655844584107399,-0.2831196188926697,True
varconet_selected,6,389,63,248,0.010655105113983154,0.021083101630210876,True
varconet_selected,6,390,106,190,-0.010647466406226158,-0.07538442313671112,True
varconet_selected,6,391,209,248,-0.010646244511008263,-0.1752055585384369,True
varconet_selected,6,392,173,292,-0.010645809583365917,-0.38843825459480286,True
varconet_selected,6,393,26,34,-0.010638934560120106,0.15300045907497406,False
varconet_selected,6,394,200,316,0.01063617691397667,0.23025467991828918,True
varconet_selected,6,395,31,267,0.010632943361997604,0.17010627686977386,True
varconet_selected,6,396,110,266,0.010628188028931618,-0.029810719192028046,False
varconet_selected,6,397,98,372,0.010621752589941025,0.14967849850654602,True
varconet_selected,6,398,77,106,0.010618613101541996,0.06509846448898315,True
varconet_selected,6,399,68,263,-0.010617656633257866,-0.15455129742622375,True
varconet_selected,6,400,252,262,0.010612133890390396,0.14729909598827362,True
varconet_selected,6,401,213,277,-0.010607695206999779,-0.04980267211794853,True
varconet_selected,6,402,269,350,-0.010606164112687111,-0.06740393489599228,True
varconet_selected,6,403,92,336,-0.010604653507471085,0.021317090839147568,False
varconet_selected,6,404,149,241,0.010603553615510464,0.26313138008117676,True
varconet_selected,6,405,227,249,-0.010595647618174553,-0.03224943205714226,True
varconet_selected,6,406,103,157,0.010593881830573082,0.11978141963481903,True
varconet_selected,6,407,202,252,-0.010592743754386902,-0.07599227875471115,True
varconet_selected,6,408,65,129,-0.010590188205242157,-0.12844732403755188,True
varconet_selected,6,409,179,266,-0.010586051270365715,-0.21632136404514313,True
varconet_selected,6,410,49,337,0.010571470484137535,0.12772586941719055,True
varconet_selected,6,411,139,274,-0.010569115169346333,-0.28269731998443604,True
varconet_selected,6,412,150,337,-0.010568570345640182,-0.29094362258911133,True
varconet_selected,6,413,224,229,0.01056137029081583,0.1652446836233139,True
varconet_selected,6,414,133,276,0.010560608468949795,0.12597522139549255,True
varconet_selected,6,415,217,276,-0.0105586601421237,-0.3554200530052185,True
varconet_selected,6,416,165,380,0.010554095730185509,0.08401886373758316,True
varconet_selected,6,417,61,231,0.010544763877987862,0.3106737434864044,True
varconet_selected,6,418,112,276,0.010534846223890781,0.1731744259595871,True
varconet_selected,6,419,12,126,0.01053083036094904,0.09388688206672668,True
varconet_selected,6,420,121,123,-0.010530460625886917,-0.04036545008420944,True
varconet_selected,6,421,295,299,0.010527648031711578,-0.0004862999776378274,False
varconet_selected,6,422,179,341,0.01052641961723566,0.010916126891970634,True
varconet_selected,6,423,166,238,-0.010521497577428818,-0.1979704350233078,True
varconet_selected,6,424,179,336,0.010516194626688957,0.16448403894901276,True
varconet_selected,6,425,62,109,-0.010511870495975018,-0.07019460946321487,True
varconet_selected,6,426,62,316,-0.010508463717997074,-0.047536712139844894,True
varconet_selected,6,427,213,249,-0.010506401769816875,-0.22115594148635864,True
varconet_selected,6,428,9,204,0.010505656711757183,-0.01690366305410862,False
varconet_selected,6,429,265,270,-0.010501161217689514,-0.07269024848937988,True
varconet_selected,6,430,198,333,0.010500910691916943,-0.04647809639573097,False
varconet_selected,6,431,209,215,-0.0104985311627388,-0.1975785493850708,True
varconet_selected,6,432,12,214,-0.01049429178237915,-0.1429026871919632,True
varconet_selected,6,433,93,229,-0.010493398644030094,-0.2512032389640808,True
varconet_selected,6,434,251,260,0.010490583255887032,0.22069242596626282,True
varconet_selected,6,435,165,376,0.010482286103069782,0.10373232513666153,True
varconet_selected,6,436,73,166,-0.010480627417564392,-0.19919881224632263,True
varconet_selected,6,437,219,337,0.01047759409993887,0.14404352009296417,True
varconet_selected,6,438,171,379,0.010477544739842415,0.2745223641395569,True
varconet_selected,6,439,158,174,-0.010470941662788391,-0.04944320023059845,True
varconet_selected,6,440,242,295,0.010466390289366245,0.16266264021396637,True
varconet_selected,6,441,264,323,-0.010459580458700657,-0.18615417182445526,True
varconet_selected,6,442,266,267,-0.010458814911544323,-0.10395453870296478,True
varconet_selected,6,443,21,336,-0.01045692153275013,-0.04894347861409187,True
varconet_selected,6,444,18,277,0.010455931536853313,-0.0503205768764019,False
varconet_selected,6,445,114,329,-0.010449896566569805,-0.11036306619644165,True
varconet_selected,6,446,179,269,-0.010448447428643703,-0.12348207831382751,True
varconet_selected,6,447,62,134,-0.010441778227686882,-0.1612190157175064,True
varconet_selected,6,448,36,280,0.010440084151923656,0.042376864701509476,True
varconet_selected,6,449,179,276,-0.010439589619636536,-0.2839438021183014,True
varconet_selected,6,450,361,372,-0.010435095988214016,0.038802970200777054,False
varconet_selected,6,451,166,375,0.010428727604448795,0.1074618324637413,True
varconet_selected,6,452,164,373,0.01042643841356039,0.04604483023285866,True
varconet_selected,6,453,68,290,-0.010426248423755169,-0.20018957555294037,True
varconet_selected,6,454,243,306,0.010425795800983906,0.021205775439739227,True
varconet_selected,6,455,67,260,-0.010425306856632233,-0.15334077179431915,True
varconet_selected,6,456,102,112,0.010421531274914742,0.1819717288017273,True
varconet_selected,6,457,93,250,-0.010419119149446487,-0.290113627910614,True
varconet_selected,6,458,265,328,-0.010415461845695972,-0.1352241337299347,True
varconet_selected,6,459,300,361,-0.010412818752229214,-0.04120035097002983,True
varconet_selected,6,460,378,379,-0.010403814725577831,-0.08105331659317017,True
varconet_selected,6,461,148,225,-0.010401325300335884,-0.23291896283626556,True
varconet_selected,6,462,287,299,0.010394630022346973,-0.14226815104484558,False
varconet_selected,6,463,64,263,-0.010393708944320679,-0.07115031778812408,True
varconet_selected,6,464,3,31,0.010390839539468288,0.15522977709770203,True
varconet_selected,6,465,68,305,-0.010390073992311954,-0.09324122965335846,True
varconet_selected,6,466,66,258,-0.0103899035602808,-0.10083992034196854,True
varconet_selected,6,467,92,102,0.010389556176960468,0.26442018151283264,True
varconet_selected,6,468,134,143,-0.010387883521616459,-0.1420401632785797,True
varconet_selected,6,469,206,209,-0.01038232259452343,-0.0953822210431099,True
varconet_selected,6,470,62,261,-0.010381480678915977,-0.09164334088563919,True
varconet_selected,6,471,251,283,0.010372796095907688,0.19033104181289673,True
varconet_selected,6,472,72,262,-0.010372166521847248,-0.105195052921772,True
varconet_selected,6,473,212,252,-0.010369005613029003,-0.2653408944606781,True
varconet_selected,6,474,193,218,0.010361263528466225,0.024877501651644707,True
varconet_selected,6,475,36,273,0.010360296815633774,-0.05548059567809105,False
varconet_selected,6,476,157,215,0.010358644649386406,0.15955843031406403,True
varconet_selected,6,477,12,216,-0.010358638130128384,-0.12601915001869202,True
varconet_selected,6,478,177,292,-0.010352656245231628,-0.28103041648864746,True
varconet_selected,6,479,166,374,0.010350118391215801,0.19653287529945374,True
varconet_selected,6,480,100,272,0.010348543524742126,0.05724761635065079,True
varconet_selected,6,481,167,377,0.010347728617489338,0.11873128265142441,True
varconet_selected,6,482,62,68,-0.010343239642679691,0.028904369100928307,False
varconet_selected,6,483,106,191,-0.010342654772102833,-0.1426929533481598,True
varconet_selected,6,484,186,337,0.010341373272240162,0.26629742980003357,True
varconet_selected,6,485,103,216,-0.010340653359889984,-0.017528053373098373,True
varconet_selected,6,486,111,231,-0.010340437293052673,-0.06763271242380142,True
varconet_selected,6,487,283,323,-0.010339552536606789,-0.10347407311201096,True
varconet_selected,6,488,13,36,-0.010338722728192806,-0.1020592600107193,True
varconet_selected,6,489,102,114,0.010336581617593765,0.0713438019156456,True
varconet_selected,6,490,153,170,0.010334445163607597,0.005857483018189669,True
varconet_selected,6,491,16,250,0.01033315621316433,0.0751885324716568,True
varconet_selected,6,492,257,369,0.010331337340176105,0.10856667160987854,True
varconet_selected,6,493,171,319,0.010331274010241032,0.2280583381652832,True
varconet_selected,6,494,338,339,-0.010328582488000393,-0.21208538115024567,True
varconet_selected,6,495,131,301,0.010328239761292934,-0.012929688207805157,False
varconet_selected,6,496,130,153,-0.010327795520424843,-0.12701451778411865,True
varconet_selected,6,497,48,336,0.010326648131012917,0.24119137227535248,True
varconet_selected,6,498,224,369,0.010326137766242027,-0.06726868450641632,False
varconet_selected,6,499,6,71,-0.010322397574782372,-0.047064997255802155,True
varconet_selected,6,500,84,207,0.010321386158466339,0.11478834599256516,True
varconet_selected,6,501,243,294,0.010314317420125008,0.116884745657444,True
varconet_selected,6,502,157,260,0.010313604958355427,0.2705935537815094,True
varconet_selected,6,503,12,266,-0.010313025675714016,-0.11906823515892029,True
varconet_selected,6,504,261,369,0.010311724618077278,0.14393730461597443,True
varconet_selected,6,505,164,261,-0.01031117420643568,-0.1793312430381775,True
varconet_selected,6,506,150,173,-0.010307060554623604,-0.3192877769470215,True
varconet_selected,6,507,21,93,-0.010305932722985744,-0.30936887860298157,True
varconet_selected,6,508,89,365,-0.010297011584043503,-0.06933115422725677,True
varconet_selected,6,509,241,266,-0.010293519124388695,-0.21395766735076904,True
varconet_selected,6,510,4,321,-0.010292435996234417,-0.033719222992658615,True
varconet_selected,6,511,250,305,0.010291029699146748,0.06564125418663025,True
varconet_selected,6,512,93,260,0.010290928184986115,0.1086781769990921,True
varconet_selected,6,513,113,337,-0.010289139114320278,-0.3067568838596344,True
varconet_selected,6,514,175,291,-0.010288653895258904,-0.11337203532457352,True
varconet_selected,6,515,176,378,0.010287032462656498,0.11144394427537918,True
varconet_selected,6,516,135,263,-0.010286861099302769,0.004912174306809902,False
varconet_selected,6,517,243,250,-0.010284021496772766,-0.10097038745880127,True
varconet_selected,6,518,303,363,-0.010283621959388256,-0.0075013297609984875,True
varconet_selected,6,519,134,263,-0.010282691568136215,-0.006738242227584124,True
varconet_selected,6,520,219,276,-0.010280151851475239,-0.1395314335823059,True
varconet_selected,6,521,281,337,-0.010273574851453304,-0.24649368226528168,True
varconet_selected,6,522,171,377,0.01027277484536171,0.2208707481622696,True
varconet_selected,6,523,133,241,0.010269450955092907,0.09898054599761963,True
varconet_selected,6,524,113,267,0.010267806239426136,0.12751781940460205,True
varconet_selected,6,525,231,260,0.01026479247957468,0.30073991417884827,True
varconet_selected,6,526,69,251,0.010259999893605709,0.1394568681716919,True
varconet_selected,6,527,1,372,-0.010254337452352047,-0.08786515146493912,True
varconet_selected,6,528,33,246,-0.010252619162201881,-0.09855598211288452,True
varconet_selected,6,529,240,268,-0.01025230810046196,-0.2623014450073242,True
varconet_selected,6,530,219,268,-0.010244617238640785,-0.11106165498495102,True
varconet_selected,6,531,62,250,0.010242076590657234,0.04731188714504242,True
varconet_selected,6,532,109,251,0.010236668400466442,0.003428635187447071,True
varconet_selected,6,533,256,305,-0.010234281420707703,-0.05852613225579262,True
varconet_selected,6,534,126,141,-0.010232397355139256,-0.15447533130645752,True
varconet_selected,6,535,92,337,-0.01023088302463293,-0.09550930559635162,True
varconet_selected,6,536,20,173,-0.010226547718048096,-0.0865093544125557,True
varconet_selected,6,537,179,339,0.01022441778331995,0.141105055809021,True
varconet_selected,6,538,173,287,-0.010223199613392353,-0.22944654524326324,True
varconet_selected,6,539,28,306,0.010221898555755615,0.12478607147932053,True
varconet_selected,6,540,201,290,-0.010218722745776176,0.026332801207900047,False
varconet_selected,6,541,33,267,0.010216529481112957,0.10888926684856415,True
varconet_selected,6,542,175,307,-0.010215675458312035,-0.2969279885292053,True
varconet_selected,6,543,62,307,-0.010212662629783154,0.01209315750747919,False
varconet_selected,6,544,64,109,-0.010211482644081116,-0.12213514745235443,True
varconet_selected,6,545,12,157,0.010204446502029896,0.060498595237731934,True
varconet_selected,6,546,149,230,-0.010203146375715733,-0.08026742190122604,True
varconet_selected,6,547,221,260,0.01020105928182602,0.18158584833145142,True
varconet_selected,6,548,112,241,0.0102005023509264,0.08213627338409424,True
varconet_selected,6,549,146,183,-0.010200009681284428,-0.12853898108005524,True
varconet_selected,6,550,2,200,-0.010199608281254768,-0.442078560590744,True
varconet_selected,6,551,229,259,0.010198310948908329,0.1591777354478836,True
varconet_selected,6,552,125,237,0.010195694863796234,0.10211189836263657,True
varconet_selected,6,553,224,231,0.010195297189056873,0.22274437546730042,True
varconet_selected,6,554,165,259,-0.010192801244556904,-0.11103872209787369,True
varconet_selected,6,555,104,171,-0.01019096840173006,-0.2602114677429199,True
varconet_selected,6,556,218,269,-0.010190694592893124,-0.015461184084415436,True
varconet_selected,6,557,164,167,-0.010187405161559582,-0.38316109776496887,True
varconet_selected,6,558,253,258,0.010182456113398075,0.1624612808227539,True
varconet_selected,6,559,9,317,0.010181676596403122,-0.027210131287574768,False
varconet_selected,6,560,30,224,-0.010181432589888573,-0.16200396418571472,True
varconet_selected,6,561,95,231,-0.010176870971918106,-0.14624549448490143,True
varconet_selected,6,562,67,68,-0.010176829062402248,0.07481690496206284,False
varconet_selected,6,563,73,167,-0.010176651179790497,-0.18587884306907654,True
varconet_selected,6,564,67,258,-0.010176274925470352,-0.11992131918668747,True
varconet_selected,6,565,93,363,-0.010176107287406921,-0.10374248027801514,True
varconet_selected,6,566,16,279,0.010174519382417202,0.011226187460124493,True
varconet_selected,6,567,2,41,-0.01017394196242094,-0.1967235505580902,True
varconet_selected,6,568,148,239,0.010169729590415955,0.053242046386003494,True
varconet_selected,6,569,215,277,-0.010169528424739838,-0.143565833568573,True
varconet_selected,6,570,75,291,-0.010165025480091572,-0.052505820989608765,True
varconet_selected,6,571,68,170,-0.010157888755202293,-0.20681840181350708,True
varconet_selected,6,572,206,269,-0.010157427750527859,-0.239730104804039,True
varconet_selected,6,573,170,292,-0.010156312957406044,-0.22904498875141144,True
varconet_selected,6,574,28,87,0.010154593735933304,-0.20765645802021027,False
varconet_selected,6,575,231,261,0.010154028423130512,0.2869800627231598,True
varconet_selected,6,576,63,251,0.010153084993362427,0.11745620518922806,True
varconet_selected,6,577,172,293,-0.010152471251785755,-0.27646559476852417,True
varconet_selected,6,578,179,268,-0.010152262635529041,-0.24655994772911072,True
varconet_selected,6,579,67,134,-0.01015145517885685,-0.1694532185792923,True
varconet_selected,6,580,196,316,0.010151403956115246,0.21768568456172943,True
varconet_selected,6,581,93,365,-0.010150964371860027,-0.22697916626930237,True
varconet_selected,6,582,132,138,0.01014875341206789,0.13836054503917694,True
varconet_selected,6,583,170,260,-0.010146701708436012,-0.25315967202186584,True
varconet_selected,6,584,12,382,-0.010143568739295006,-0.08848201483488083,True
varconet_selected,6,585,140,337,-0.010143018327653408,-0.17390719056129456,True
varconet_selected,6,586,157,231,-0.010136540979146957,-0.24476203322410583,True
varconet_selected,6,587,38,212,0.010131603106856346,0.3064659535884857,True
varconet_selected,6,588,277,306,-0.010131134651601315,-0.050371598452329636,True
varconet_selected,6,589,265,287,0.01013078074902296,0.014487845823168755,True
varconet_selected,6,590,287,290,0.010130411945283413,0.0026523952838033438,True
varconet_selected,6,591,71,174,-0.010129781439900398,-0.11516601592302322,True
varconet_selected,6,592,131,299,0.01012970320880413,0.0619233176112175,True
varconet_selected,6,593,195,286,-0.010128417983651161,-0.09491796791553497,True
varconet_selected,6,594,111,276,0.010126390494406223,0.19327060878276825,True
varconet_selected,6,595,142,263,-0.010119829326868057,-0.09426727145910263,True
varconet_selected,6,596,178,337,0.01011498924344778,0.27224791049957275,True
varconet_selected,6,597,175,359,0.010113643482327461,0.18490006029605865,True
varconet_selected,6,598,209,242,-0.010113555006682873,-0.046591244637966156,True
varconet_selected,6,599,359,370,-0.010110716335475445,0.08548860996961594,False
varconet_selected,6,600,94,100,0.010104252025485039,0.18246589601039886,True
varconet_selected,6,601,175,367,0.010103106498718262,0.2645390033721924,True
varconet_selected,6,602,95,361,-0.010099238716065884,-0.09765554964542389,True
varconet_selected,6,603,286,337,-0.010098781436681747,-0.15060549974441528,True
varconet_selected,6,604,84,209,0.010096640326082706,0.02547793835401535,True
varconet_selected,6,605,102,180,-0.01009546872228384,-0.0728200376033783,True
varconet_selected,6,606,212,248,-0.01009007915854454,-0.322726309299469,True
varconet_selected,6,607,66,69,-0.010089734569191933,0.02970021218061447,False
varconet_selected,6,608,13,179,-0.010086176916956902,-0.04789062961935997,True
varconet_selected,6,609,100,275,0.010084274224936962,0.06384932994842529,True
varconet_selected,6,610,30,279,0.010082731954753399,0.022896820679306984,True
varconet_selected,6,611,239,316,-0.010078052058815956,-0.10025927424430847,True
varconet_selected,6,612,139,281,-0.010076375678181648,-0.2001665085554123,True
varconet_selected,6,613,207,248,-0.010076317936182022,-0.23622311651706696,True
varconet_selected,6,614,68,167,-0.010075127705931664,-0.15733200311660767,True
varconet_selected,6,615,97,375,-0.010074996389448643,-0.05908389389514923,True
varconet_selected,6,616,73,308,-0.010074698366224766,0.03272893652319908,False
varconet_selected,6,617,156,215,0.010071766562759876,0.1536894291639328,True
varconet_selected,6,618,177,366,0.010067451745271683,0.3182574212551117,True
varconet_selected,6,619,216,341,0.010062247514724731,0.19931581616401672,True
varconet_selected,6,620,3,242,-0.010061739012598991,-0.03563465550541878,True
varconet_selected,6,621,249,258,0.010061422362923622,0.15523721277713776,True
varconet_selected,6,622,83,329,-0.010061390697956085,-0.11670885980129242,True
varconet_selected,6,623,123,126,-0.010061285458505154,-0.126457080245018,True
varconet_selected,6,624,103,295,0.010058530606329441,0.23833449184894562,True
varconet_selected,6,625,71,211,0.010058523155748844,-0.03203165531158447,False
varconet_selected,6,626,129,301,0.010058116167783737,0.10103845596313477,True
varconet_selected,6,627,149,184,-0.01004968024790287,-0.170791357755661,True
varconet_selected,6,628,95,227,-0.010045970790088177,-0.08738058060407639,True
varconet_selected,6,629,151,263,0.010040590539574623,0.04277731478214264,True
varconet_selected,6,630,240,252,-0.010036079213023186,-0.24824224412441254,True
varconet_selected,6,631,213,295,0.010033614002168179,0.23841571807861328,True
varconet_selected,6,632,74,283,-0.010027226060628891,-0.12296376377344131,True
varconet_selected,6,633,97,231,-0.010026023723185062,-0.1283891350030899,True
varconet_selected,6,634,1,276,-0.010023524984717369,-0.2266547530889511,True
varconet_selected,6,635,124,264,0.010022833943367004,0.02054484374821186,True
varconet_selected,6,636,93,231,-0.010019210167229176,-0.26658692955970764,True
varconet_selected,6,637,155,359,0.0100169712677598,-0.007196688558906317,False
varconet_selected,6,638,131,153,-0.010013747960329056,-0.012151381000876427,True
varconet_selected,6,639,112,296,0.01001184806227684,0.03776704519987106,True
varconet_selected,6,640,95,148,-0.010011288337409496,-0.19251851737499237,True
varconet_selected,6,641,12,231,0.01001051627099514,0.14607831835746765,True
varconet_selected,6,642,317,373,0.010006247088313103,5.821065133204684e-05,True
varconet_selected,6,643,112,286,0.0100051648914814,0.1486559808254242,True
varconet_selected,6,644,191,320,0.010004944168031216,-0.04944918304681778,False
varconet_selected,6,645,223,242,-0.010002684779465199,-0.04854058101773262,True
varconet_selected,6,646,166,380,0.010000471025705338,0.16337184607982635,True
varconet_selected,6,647,118,269,0.009997974149882793,0.13276110589504242,True
varconet_selected,6,648,207,269,-0.009997555054724216,-0.16668933629989624,True
varconet_selected,6,649,68,261,-0.009995739907026291,-0.11402246356010437,True
varconet_selected,6,650,166,294,-0.009989896789193153,-0.23281599581241608,True
varconet_selected,6,651,146,269,-0.009982200339436531,-0.10787302255630493,True
varconet_selected,6,652,166,368,0.009980586357414722,0.02201974019408226,True
varconet_selected,6,653,29,207,0.009976040571928024,0.21910777688026428,True
varconet_selected,6,654,106,266,0.009974874556064606,0.0762820914387703,True
varconet_selected,6,655,6,328,0.009973099455237389,0.07457871735095978,True
varconet_selected,6,656,229,260,0.00995724182575941,0.30395272374153137,True
varconet_selected,6,657,172,372,0.009955395013093948,0.1315826177597046,True
varconet_selected,6,658,302,363,-0.00995344016700983,-0.09654446691274643,True
varconet_selected,6,659,174,293,-0.009953035041689873,-0.1816047579050064,True
varconet_selected,6,660,251,367,-0.009943343698978424,0.03773949295282364,False
varconet_selected,6,661,179,337,0.009942717850208282,0.41051632165908813,True
varconet_selected,6,662,164,278,0.009941949509084225,0.17769436538219452,True
varconet_selected,6,663,124,176,0.00994111131876707,0.1811864972114563,True
varconet_selected,6,664,119,153,-0.009940031915903091,-0.08128616958856583,True
varconet_selected,6,665,81,149,0.009938975796103477,0.22139230370521545,True
varconet_selected,6,666,179,217,-0.009938261471688747,-0.16023732721805573,True
varconet_selected,6,667,308,321,-0.00993783213198185,-0.040540553629398346,True
varconet_selected,6,668,73,174,-0.009937470778822899,-0.18549120426177979,True
varconet_selected,6,669,267,336,0.00993717834353447,0.16714626550674438,True
varconet_selected,6,670,109,288,-0.009937116876244545,0.05553063377737999,False
varconet_selected,6,671,132,329,-0.009936830028891563,-0.10753227770328522,True
varconet_selected,6,672,62,263,-0.00993636529892683,-0.010726886801421642,True
varconet_selected,6,673,148,221,-0.009936055168509483,-0.09382439404726028,True
varconet_selected,6,674,111,336,-0.009932606481015682,-0.26759010553359985,True
varconet_selected,6,675,314,316,0.009928670711815357,0.049822378903627396,True
varconet_selected,6,676,282,287,0.009928258135914803,-0.09754597395658493,False
varconet_selected,6,677,84,278,0.009925578720867634,0.22064489126205444,True
varconet_selected,6,678,266,336,0.00992204062640667,0.35124027729034424,True
varconet_selected,6,679,67,305,-0.009921788237988949,-0.255291223526001,True
varconet_selected,6,680,177,272,-0.009921017102897167,-0.08214067667722702,True
varconet_selected,6,681,67,264,-0.009918475523591042,-0.17548054456710815,True
varconet_selected,6,682,212,249,-0.009918353520333767,-0.2607932984828949,True
varconet_selected,6,683,84,259,0.009918036870658398,0.207563579082489,True
varconet_selected,6,684,73,373,0.009916276670992374,0.23038828372955322,True
varconet_selected,6,685,157,300,-0.009914916008710861,-0.0355888195335865,True
varconet_selected,6,686,193,263,-0.009914357215166092,-0.013215044513344765,True
varconet_selected,6,687,267,284,-0.009912693873047829,-0.24838998913764954,True
varconet_selected,6,688,12,180,-0.009912426583468914,-0.0025131183210760355,True
varconet_selected,6,689,153,214,0.009909138083457947,0.07999834418296814,True
varconet_selected,6,690,134,339,-0.009908023290336132,-0.17394326627254486,True
varconet_selected,6,691,68,172,-0.009906433522701263,-0.047925300896167755,True
varconet_selected,6,692,202,337,0.009904791601002216,0.1280946284532547,True
varconet_selected,6,693,179,277,-0.009903233498334885,-0.21272926032543182,True
varconet_selected,6,694,84,243,0.009899546392261982,-0.11119657754898071,False
varconet_selected,6,695,243,307,0.00989841390401125,0.0616411529481411,True
varconet_selected,6,696,170,261,-0.009895767085254192,-0.22848622500896454,True
varconet_selected,6,697,112,268,0.009892625734210014,0.15706656873226166,True
varconet_selected,6,698,113,231,-0.009892571717500687,-0.08603949844837189,True
varconet_selected,6,699,157,298,-0.009892327710986137,-0.159853994846344,True
varconet_selected,6,700,65,293,-0.009892016649246216,-0.15727069973945618,True
varconet_selected,6,701,72,263,-0.009891495108604431,-0.10976246744394302,True
varconet_selected,6,702,12,150,0.009890714660286903,0.14146964251995087,True
varconet_selected,6,703,75,93,0.009888512082397938,0.33055150508880615,True
varconet_selected,6,704,250,251,-0.009888118132948875,0.008191170170903206,False
varconet_selected,6,705,3,24,-0.009885107167065144,0.05787931755185127,False
varconet_selected,6,706,63,158,-0.009884962812066078,-0.12942062318325043,True
varconet_selected,6,707,174,260,-0.009884754195809364,-0.2775898575782776,True
varconet_selected,6,708,241,290,0.009883794002234936,0.07075877487659454,True
varconet_selected,6,709,95,103,0.009870411828160286,0.16067156195640564,True
varconet_selected,6,710,133,339,-0.009864880703389645,-0.20317621529102325,True
varconet_selected,6,711,73,291,-0.00986317079514265,-0.06925652921199799,True
varconet_selected,6,712,282,323,-0.009862581267952919,-0.23502862453460693,True
varconet_selected,6,713,12,21,0.009861212223768234,0.11754485219717026,True
varconet_selected,6,714,67,164,-0.00986028928309679,-0.1794920712709427,True
varconet_selected,6,715,86,87,-0.009859402664005756,-0.1984439194202423,True
varconet_selected,6,716,215,248,-0.009859067387878895,-0.2526516020298004,True
varconet_selected,6,717,218,267,-0.009858095087110996,-0.08226469904184341,True
varconet_selected,6,718,99,258,0.009857900440692902,0.07498961687088013,True
varconet_selected,6,719,213,276,-0.009856141172349453,-0.15817566215991974,True
varconet_selected,6,720,265,298,0.009854882024228573,0.06119498237967491,True
varconet_selected,6,721,174,262,-0.009853927418589592,-0.3133084774017334,True
varconet_selected,6,722,64,249,0.009851629845798016,0.22785049676895142,True
varconet_selected,6,723,36,85,0.009849818423390388,-0.009300396777689457,False
varconet_selected,6,724,1,337,0.009849528782069683,0.15218402445316315,True
varconet_selected,6,725,295,349,-0.009847983717918396,-0.13531121611595154,True
varconet_selected,6,726,3,248,-0.00984727032482624,-0.011529089882969856,True
varconet_selected,6,727,109,282,-0.009837192483246326,0.0017747102538123727,False
varconet_selected,6,728,262,316,-0.009835806675255299,-0.12050655484199524,True
varconet_selected,6,729,213,266,-0.00983461458235979,-0.2649838626384735,True
varconet_selected,6,730,13,214,-0.009834077209234238,-0.1638443022966385,True
varconet_selected,6,731,256,281,0.009833766147494316,0.10919932276010513,True
varconet_selected,6,732,8,177,-0.009833192452788353,-0.12389914691448212,True
varconet_selected,6,733,93,225,-0.009824393317103386,-0.14241737127304077,True
varconet_selected,6,734,98,291,-0.00982093345373869,-0.20847134292125702,True
varconet_selected,6,735,148,175,-0.009819712489843369,-0.17375999689102173,True
varconet_selected,7,1,66,262,-0.016903629526495934,-0.09737231582403183,True
varconet_selected,7,2,213,269,-0.01643962599337101,-0.2512223422527313,True
varconet_selected,7,3,240,269,-0.016284028068184853,-0.1785265952348709,True
varconet_selected,7,4,166,261,-0.016263773664832115,-0.3726983964443207,True
varconet_selected,7,5,166,260,-0.016193706542253494,-0.3671526610851288,True
varconet_selected,7,6,241,269,-0.01589222252368927,-0.049071669578552246,True
varconet_selected,7,7,175,269,0.015806902199983597,0.3467909097671509,True
varconet_selected,7,8,150,175,-0.015786880627274513,-0.15771837532520294,True
varconet_selected,7,9,66,263,-0.0157143697142601,-0.1389269083738327,True
varconet_selected,7,10,126,337,-0.015581734478473663,-0.0894802138209343,True
varconet_selected,7,11,66,164,-0.015490482561290264,-0.2894761860370636,True
varconet_selected,7,12,166,259,-0.01538256835192442,-0.2974913418292999,True
varconet_selected,7,13,243,249,-0.015290414914488792,-0.1040227860212326,True
varconet_selected,7,14,212,269,-0.01508007850497961,-0.2954859137535095,True
varconet_selected,7,15,216,267,-0.014959235675632954,-0.3416792154312134,True
varconet_selected,7,16,66,166,-0.014912353828549385,-0.2064312845468521,True
varconet_selected,7,17,33,146,-0.014787841588258743,-0.12153728306293488,True
varconet_selected,7,18,173,290,-0.014738043770194054,-0.29347705841064453,True
varconet_selected,7,19,172,261,-0.014711190015077591,-0.20354916155338287,True
varconet_selected,7,20,291,300,0.01461942121386528,0.07344961911439896,True
varconet_selected,7,21,172,260,-0.014528799802064896,-0.19500471651554108,True
varconet_selected,7,22,93,151,-0.014515060931444168,-0.29833436012268066,True
varconet_selected,7,23,167,379,0.014495734125375748,0.27582231163978577,True
varconet_selected,7,24,213,268,-0.01444167923182249,-0.34463024139404297,True
varconet_selected,7,25,167,259,-0.01432132814079523,-0.3672403395175934,True
varconet_selected,7,26,66,259,-0.014320985414087772,-0.12909705936908722,True
varconet_selected,7,27,172,259,-0.01416836678981781,-0.1915886104106903,True
varconet_selected,7,28,166,373,0.014157957397401333,0.057257819920778275,True
varconet_selected,7,29,170,259,-0.014103601686656475,-0.23643270134925842,True
varconet_selected,7,30,272,336,-0.01409990806132555,-0.21093548834323883,True
varconet_selected,7,31,166,263,-0.014064602553844452,-0.41314053535461426,True
varconet_selected,7,32,41,146,-0.014040529727935791,-0.02738993614912033,True
varconet_selected,7,33,62,81,-0.013963735662400723,-0.08701475709676743,True
varconet_selected,7,34,64,73,-0.013892336748540401,-0.08095236122608185,True
varconet_selected,7,35,151,229,-0.013839669525623322,-0.19875068962574005,True
varconet_selected,7,36,66,260,-0.01382695697247982,-0.1649697870016098,True
varconet_selected,7,37,62,73,-0.013817735016345978,-0.09686408936977386,True
varconet_selected,7,38,66,239,-0.013797895982861519,-0.08285193145275116,True
varconet_selected,7,39,69,250,0.0137879503890872,0.1370437741279602,True
varconet_selected,7,40,173,293,-0.01361150573939085,-0.3374386429786682,True
varconet_selected,7,41,216,266,-0.013586497865617275,-0.3492146134376526,True
varconet_selected,7,42,268,269,-0.013554868288338184,-0.16165673732757568,True
varconet_selected,7,43,147,249,-0.01355120912194252,-0.1359400600194931,True
varconet_selected,7,44,112,207,0.013544746674597263,0.12282092869281769,True
varconet_selected,7,45,321,375,0.013496102765202522,0.12473152577877045,True
varconet_selected,7,46,262,291,-0.013479513116180897,-0.15247823297977448,True
varconet_selected,7,47,213,253,-0.013442387804389,-0.17803065478801727,True
varconet_selected,7,48,216,269,-0.013434137217700481,-0.3405093252658844,True
varconet_selected,7,49,251,282,0.013424834236502647,0.24750249087810516,True
varconet_selected,7,50,112,269,0.013421706855297089,0.014027312397956848,True
varconet_selected,7,51,48,337,0.013411818072199821,0.18156525492668152,True
varconet_selected,7,52,323,361,0.013360561802983284,0.008907278068363667,True
varconet_selected,7,53,142,337,-0.013347177766263485,-0.04379645362496376,True
varconet_selected,7,54,151,259,0.013344014063477516,0.14972567558288574,True
varconet_selected,7,55,151,261,0.013336952775716782,0.12759824097156525,True
varconet_selected,7,56,64,249,0.013336408883333206,0.25079870223999023,True
varconet_selected,7,57,215,268,-0.013331202790141106,-0.297917902469635,True
varconet_selected,7,58,213,248,-0.013255267404019833,-0.24585609138011932,True
varconet_selected,7,59,251,263,0.013216977939009666,0.21472816169261932,True
varconet_selected,7,60,174,373,0.013211673125624657,0.117231585085392,True
varconet_selected,7,61,167,260,-0.013187399134039879,-0.38021188974380493,True
varconet_selected,7,62,13,175,0.013181835412979126,0.08593305945396423,True
varconet_selected,7,63,111,269,0.013181222602725029,0.058178890496492386,True
varconet_selected,7,64,16,286,0.013153962790966034,0.08371758460998535,True
varconet_selected,7,65,240,253,-0.013139832764863968,-0.1884372979402542,True
varconet_selected,7,66,33,148,-0.013133152388036251,-0.014006644487380981,True
varconet_selected,7,67,166,262,-0.013124024495482445,-0.3926052153110504,True
varconet_selected,7,68,175,373,0.01310303620994091,0.14186662435531616,True
varconet_selected,7,69,166,253,0.013064462691545486,0.29971617460250854,True
varconet_selected,7,70,166,379,0.013049794360995293,0.18282532691955566,True
varconet_selected,7,71,251,262,0.013042761012911797,0.25174999237060547,True
varconet_selected,7,72,241,268,-0.013026838190853596,-0.17945757508277893,True
varconet_selected,7,73,284,290,0.012992339208722115,0.22641006112098694,True
varconet_selected,7,74,241,253,-0.012982871383428574,-0.11150103807449341,True
varconet_selected,7,75,111,277,0.012927453964948654,0.0835685059428215,True
varconet_selected,7,76,33,150,-0.012891441583633423,-0.0658160001039505,True
varconet_selected,7,77,174,291,-0.012878259643912315,-0.2452438771724701,True
varconet_selected,7,78,112,328,-0.012874701991677284,-0.14893822371959686,True
varconet_selected,7,79,173,373,0.012854807078838348,0.19398075342178345,True
varconet_selected,7,80,215,266,-0.012816558592021465,-0.3602437973022461,True
varconet_selected,7,81,69,251,0.012816186062991619,0.17648722231388092,True
varconet_selected,7,82,166,372,0.012809991836547852,0.13224658370018005,True
varconet_selected,7,83,275,337,-0.012763315811753273,-0.1895434856414795,True
varconet_selected,7,84,73,164,-0.012761605903506279,-0.09561993926763535,True
varconet_selected,7,85,63,66,-0.01276003010571003,-0.18520839512348175,True
varconet_selected,7,86,5,225,0.012751849368214607,0.05391652137041092,True
varconet_selected,7,87,201,290,-0.012741641141474247,-0.038077883422374725,True
varconet_selected,7,88,321,374,0.012693649157881737,0.13229218125343323,True
varconet_selected,7,89,151,262,0.012681597843766212,-0.029681552201509476,False
varconet_selected,7,90,213,252,-0.012650832533836365,-0.2650059163570404,True
varconet_selected,7,91,126,143,-0.012648198753595352,-0.14558814465999603,True
varconet_selected,7,92,3,146,-0.012636658735573292,-0.2869343161582947,True
varconet_selected,7,93,166,378,0.012630265206098557,0.2361009567975998,True
varconet_selected,7,94,112,337,-0.012618952430784702,-0.22156375646591187,True
varconet_selected,7,95,36,200,-0.01261151023209095,-0.0470832884311676,True
varconet_selected,7,96,293,300,0.01260435301810503,0.02977566607296467,True
varconet_selected,7,97,167,261,-0.012578116729855537,-0.37700366973876953,True
varconet_selected,7,98,64,253,0.012532754801213741,0.24267326295375824,True
varconet_selected,7,99,240,277,-0.012529285624623299,-0.1349315047264099,True
varconet_selected,7,100,216,336,0.012517431750893593,0.1612762212753296,True
varconet_selected,7,101,153,179,0.012495925650000572,0.06359407305717468,True
varconet_selected,7,102,241,277,-0.012483981437981129,-0.06609666347503662,True
varconet_selected,7,103,250,282,0.012452824041247368,0.15785981714725494,True
varconet_selected,7,104,132,337,-0.012441035360097885,-0.2777055501937866,True
varconet_selected,7,105,118,269,0.012433955445885658,0.21061629056930542,True
varconet_selected,7,106,67,134,-0.012433276511728764,-0.21002963185310364,True
varconet_selected,7,107,166,258,-0.012431151233613491,-0.26997777819633484,True
varconet_selected,7,108,64,259,-0.012394807301461697,-0.06444519013166428,True
varconet_selected,7,109,62,261,-0.012338276021182537,-0.12630999088287354,True
varconet_selected,7,110,92,100,0.012319608591496944,0.2162642478942871,True
varconet_selected,7,111,66,261,-0.012301021255552769,-0.14043037593364716,True
varconet_selected,7,112,73,93,0.012289734557271004,0.26591670513153076,True
varconet_selected,7,113,64,263,-0.012271839193999767,-0.03492071107029915,True
varconet_selected,7,114,157,229,-0.012270620092749596,-0.15558554232120514,True
varconet_selected,7,115,171,379,0.012255965732038021,0.31117531657218933,True
varconet_selected,7,116,9,205,0.012236143462359905,0.004233911633491516,True
varconet_selected,7,117,241,252,-0.012235306203365326,-0.2414768636226654,True
varconet_selected,7,118,19,277,0.01221905741840601,-0.022465400397777557,False
varconet_selected,7,119,62,248,0.012210563756525517,0.04016813635826111,True
varconet_selected,7,120,68,262,-0.012206999585032463,-0.08072129637002945,True
varconet_selected,7,121,212,267,-0.012176652438938618,-0.34498220682144165,True
varconet_selected,7,122,31,269,0.012176007963716984,0.130354106426239,True
varconet_selected,7,123,67,166,-0.012175812385976315,-0.28514671325683594,True
varconet_selected,7,124,250,261,0.012159031815826893,0.18433670699596405,True
varconet_selected,7,125,111,229,-0.012148070149123669,-0.18305866420269012,True
varconet_selected,7,126,320,374,0.01214772742241621,0.13651371002197266,True
varconet_selected,7,127,81,148,0.01214709971100092,0.10117118060588837,True
varconet_selected,7,128,67,302,0.012139384634792805,0.1514917016029358,True
varconet_selected,7,129,146,209,-0.012136309407651424,-0.3833613693714142,True
varconet_selected,7,130,250,259,0.01211525034159422,0.11883928626775742,True
varconet_selected,7,131,166,293,-0.012103160843253136,-0.23110994696617126,True
varconet_selected,7,132,62,263,-0.012085157446563244,-0.025331882759928703,True
varconet_selected,7,133,61,231,0.012066408060491085,0.253825306892395,True
varconet_selected,7,134,171,375,0.012060867622494698,0.08242444694042206,True
varconet_selected,7,135,283,299,0.012060653418302536,0.0765877366065979,True
varconet_selected,7,136,167,258,-0.01205570250749588,-0.23781676590442657,True
varconet_selected,7,137,175,268,0.012047973461449146,0.24932947754859924,True
varconet_selected,7,138,112,268,0.012039726600050926,0.11173173785209656,True
varconet_selected,7,139,93,363,-0.012038256041705608,-0.12940038740634918,True
varconet_selected,7,140,13,31,0.012034989893436432,0.18948422372341156,True
varconet_selected,7,141,25,31,0.01200984138995409,0.21919256448745728,True
varconet_selected,7,142,67,93,0.012006448581814766,0.10145162791013718,True
varconet_selected,7,143,273,336,-0.012005043216049671,-0.2551240026950836,True
varconet_selected,7,144,173,375,0.011998836882412434,0.1400410383939743,True
varconet_selected,7,145,213,267,-0.011995809152722359,-0.20578575134277344,True
varconet_selected,7,146,219,268,-0.011990780010819435,-0.07951328903436661,True
varconet_selected,7,147,66,165,-0.011989934369921684,-0.3145017921924591,True
varconet_selected,7,148,215,267,-0.011979110538959503,-0.238631471991539,True
varconet_selected,7,149,167,293,-0.011973854154348373,-0.2973584830760956,True
varconet_selected,7,150,167,288,-0.01197096798568964,-0.2427358627319336,True
varconet_selected,7,151,173,379,0.01195751316845417,0.29614874720573425,True
varconet_selected,7,152,3,100,-0.011943275108933449,-0.16519345343112946,True
varconet_selected,7,153,171,290,-0.011943111196160316,-0.18336527049541473,True
varconet_selected,7,154,159,293,-0.01193381566554308,0.005544191226363182,False
varconet_selected,7,155,134,143,-0.011932292953133583,-0.187448188662529,True
varconet_selected,7,156,240,267,-0.011920119635760784,-0.2971198558807373,True
varconet_selected,7,157,251,259,0.011917324736714363,0.18045000731945038,True
varconet_selected,7,158,27,146,-0.011891982518136501,0.015222983434796333,False
varconet_selected,7,159,243,248,-0.011885697953402996,-0.05121761932969093,True
varconet_selected,7,160,64,261,-0.011868856847286224,-0.05991717800498009,True
varconet_selected,7,161,8,173,-0.011864697560667992,-0.10944762825965881,True
varconet_selected,7,162,249,261,0.011862094514071941,0.13898032903671265,True
varconet_selected,7,163,339,340,-0.011848264373838902,-0.3588937222957611,True
varconet_selected,7,164,253,260,0.011845010332763195,0.18243592977523804,True
varconet_selected,7,165,227,258,0.011839859187602997,0.19141776859760284,True
varconet_selected,7,166,67,250,0.01182765793055296,0.1579308956861496,True
varconet_selected,7,167,215,269,-0.011820872314274311,-0.22881999611854553,True
varconet_selected,7,168,159,292,-0.011816702783107758,-0.04803795367479324,True
varconet_selected,7,169,224,231,0.011806066147983074,0.24563053250312805,True
varconet_selected,7,170,250,260,0.011800259351730347,0.1971704065799713,True
varconet_selected,7,171,164,251,0.011799445375800133,0.316201388835907,True
varconet_selected,7,172,175,379,0.011781076900660992,0.22901487350463867,True
varconet_selected,7,173,158,174,-0.011779672466218472,-0.032297853380441666,True
varconet_selected,7,174,103,151,0.011766644194722176,0.1283261477947235,True
varconet_selected,7,175,217,269,-0.011765909381210804,-0.30272412300109863,True
varconet_selected,7,176,172,258,-0.011763865128159523,-0.16503584384918213,True
varconet_selected,7,177,56,73,-0.01176352147012949,-0.013773222453892231,True
varconet_selected,7,178,269,337,0.011740748770534992,0.43389496207237244,True
varconet_selected,7,179,273,335,-0.011736295185983181,-0.17452363669872284,True
varconet_selected,7,180,134,137,-0.011734331957995892,-0.048983439803123474,True
varconet_selected,7,181,164,381,0.01171894371509552,0.014477984979748726,True
varconet_selected,7,182,259,302,0.011712435632944107,0.14876878261566162,True
varconet_selected,7,183,131,153,-0.011697173118591309,-0.08719887584447861,True
varconet_selected,7,184,338,339,-0.011693865992128849,-0.24147318303585052,True
varconet_selected,7,185,92,102,0.01169013511389494,0.2876882553100586,True
varconet_selected,7,186,135,234,0.011686026118695736,0.18402008712291718,True
varconet_selected,7,187,269,284,-0.011683083139359951,-0.2255299836397171,True
varconet_selected,7,188,134,337,-0.011683034710586071,-0.2250509113073349,True
varconet_selected,7,189,1,252,-0.011680536903440952,-0.2910993993282318,True
varconet_selected,7,190,166,292,-0.011680380441248417,-0.16447706520557404,True
varconet_selected,7,191,361,372,-0.011678919196128845,0.05796832963824272,False
varconet_selected,7,192,95,229,-0.011675463989377022,-0.1394442319869995,True
varconet_selected,7,193,295,301,0.011673848144710064,0.011016934178769588,True
varconet_selected,7,194,217,268,-0.011671429499983788,-0.4299367666244507,True
varconet_selected,7,195,63,68,-0.011660011485219002,-0.021577898412942886,True
varconet_selected,7,196,129,175,-0.011659231968224049,-0.2559906840324402,True
varconet_selected,7,197,128,175,-0.011655722744762897,-0.26407724618911743,True
varconet_selected,7,198,68,253,0.01162697933614254,0.27361246943473816,True
varconet_selected,7,199,134,159,-0.011619266122579575,-0.049512751400470734,True
varconet_selected,7,200,88,89,-0.011610996909439564,-0.14846646785736084,True
varconet_selected,7,201,157,179,0.011608072556555271,0.1460944265127182,True
varconet_selected,7,202,270,323,-0.011604833416640759,-0.1139865517616272,True
varconet_selected,7,203,166,257,-0.0116030965000391,-0.18650251626968384,True
varconet_selected,7,204,67,305,-0.011599008925259113,-0.2512418031692505,True
varconet_selected,7,205,62,67,-0.011593812145292759,-0.054835546761751175,True
varconet_selected,7,206,79,148,0.011590167880058289,0.02962971292436123,True
varconet_selected,7,207,112,336,-0.011573586612939835,-0.165874645113945,True
varconet_selected,7,208,90,336,-0.011567656882107258,-0.035699598491191864,True
varconet_selected,7,209,148,225,-0.011561400257050991,-0.24601948261260986,True
varconet_selected,7,210,19,267,0.011545753106474876,0.022709161043167114,True
varconet_selected,7,211,58,222,-0.011543944478034973,0.07385767996311188,False
varconet_selected,7,212,93,259,0.01153989601880312,0.053240738809108734,True
varconet_selected,7,213,164,260,-0.011538764461874962,-0.187204509973526,True
varconet_selected,7,214,301,375,-0.01153587643057108,-0.05873322859406471,True
varconet_selected,7,215,112,127,-0.011526962742209435,-0.2540702521800995,True
varconet_selected,7,216,172,263,-0.011525199748575687,-0.20561286807060242,True
varconet_selected,7,217,73,282,-0.011525116860866547,-0.11826667934656143,True
varconet_selected,7,218,249,260,0.011524263769388199,0.16508635878562927,True
varconet_selected,7,219,111,267,0.011519042775034904,-0.06876522302627563,False
varconet_selected,7,220,167,290,-0.01151640247553587,-0.22063416242599487,True
varconet_selected,7,221,31,148,-0.011516394093632698,-0.14927145838737488,True
varconet_selected,7,222,169,292,-0.011515091173350811,-0.2546529769897461,True
varconet_selected,7,223,126,141,-0.011492865160107613,-0.14819471538066864,True
varconet_selected,7,224,321,362,0.011489198543131351,-0.02575794607400894,False
varconet_selected,7,225,217,267,-0.011488644406199455,-0.3261388838291168,True
varconet_selected,7,226,13,215,-0.011481285095214844,-0.1189112588763237,True
varconet_selected,7,227,166,232,-0.011473661288619041,-0.23777306079864502,True
varconet_selected,7,228,63,69,-0.011462108232080936,-0.022635063156485558,True
varconet_selected,7,229,166,291,-0.011461596935987473,-0.2515285909175873,True
varconet_selected,7,230,269,276,-0.011445125564932823,-0.346797913312912,True
varconet_selected,7,231,62,79,-0.011439388617873192,0.04247969016432762,False
varconet_selected,7,232,157,261,0.011421830393373966,0.1607876867055893,True
varconet_selected,7,233,171,292,-0.011419947259128094,-0.26163989305496216,True
varconet_selected,7,234,38,220,-0.011419852264225483,-0.030870730057358742,True
varconet_selected,7,235,140,337,-0.01141411904245615,-0.18082702159881592,True
varconet_selected,7,236,133,372,0.011403116397559643,0.06806749105453491,True
varconet_selected,7,237,215,252,-0.01139842439442873,-0.29220277070999146,True
varconet_selected,7,238,174,372,0.011396930553019047,0.13007144629955292,True
varconet_selected,7,239,164,250,0.011395076289772987,0.28270554542541504,True
varconet_selected,7,240,73,166,-0.011394022032618523,-0.15518659353256226,True
varconet_selected,7,241,183,375,0.011386347934603691,0.08571763336658478,True
varconet_selected,7,242,272,337,-0.011373654939234257,-0.16334068775177002,True
varconet_selected,7,243,174,293,-0.011371790431439877,-0.2164168804883957,True
varconet_selected,7,244,20,229,-0.011369398795068264,-0.16830892860889435,True
varconet_selected,7,245,207,252,-0.01136151235550642,-0.36617064476013184,True
varconet_selected,7,246,216,259,-0.011356904171407223,-0.09494462609291077,True
varconet_selected,7,247,263,306,-0.011356565169990063,-0.03347711265087128,True
varconet_selected,7,248,241,249,-0.01135504711419344,-0.22401903569698334,True
varconet_selected,7,249,64,248,0.0113526601344347,0.3159465491771698,True
varconet_selected,7,250,250,253,-0.011347483843564987,-0.12083660066127777,True
varconet_selected,7,251,175,367,0.011345219798386097,0.2650664150714874,True
varconet_selected,7,252,110,207,0.011340505443513393,0.057007793337106705,True
varconet_selected,7,253,112,209,0.011335879564285278,0.11640694737434387,True
varconet_selected,7,254,20,259,0.01133439689874649,0.0337541289627552,True
varconet_selected,7,255,13,151,0.011331974528729916,-0.015858393162488937,False
varconet_selected,7,256,265,270,-0.011326649226248264,-0.058961424976587296,True
varconet_selected,7,257,250,323,0.011326637119054794,0.07399088889360428,True
varconet_selected,7,258,12,103,-0.01132346224039793,-0.16116712987422943,True
varconet_selected,7,259,66,294,-0.011323383077979088,-0.14161263406276703,True
varconet_selected,7,260,106,190,-0.01132276002317667,-0.08363548666238785,True
varconet_selected,7,261,240,307,0.011310451664030552,0.219808429479599,True
varconet_selected,7,262,93,150,-0.011308298446238041,-0.2031002640724182,True
varconet_selected,7,263,95,150,-0.011306403204798698,-0.1916143298149109,True
varconet_selected,7,264,240,268,-0.011297324672341347,-0.24426952004432678,True
varconet_selected,7,265,258,302,0.011296408250927925,0.20358629524707794,True
varconet_selected,7,266,224,251,0.011294580064713955,0.051953841000795364,True
varconet_selected,7,267,185,195,0.011289444752037525,0.13833139836788177,True
varconet_selected,7,268,174,305,-0.011288367211818695,-0.20987725257873535,True
varconet_selected,7,269,67,260,-0.011288126930594444,-0.12265162169933319,True
varconet_selected,7,270,101,109,0.011283216066658497,0.26367977261543274,True
varconet_selected,7,271,200,337,0.011273398995399475,0.16241632401943207,True
varconet_selected,7,272,240,249,-0.011272931471467018,-0.2633725106716156,True
varconet_selected,7,273,130,153,-0.01127122063189745,-0.0804719477891922,True
varconet_selected,7,274,291,349,-0.011267396621406078,-0.051346272230148315,True
varconet_selected,7,275,274,337,-0.01126612164080143,-0.1427665650844574,True
varconet_selected,7,276,67,263,-0.011264517903327942,-0.0281364843249321,True
varconet_selected,7,277,164,261,-0.011250714771449566,-0.25767892599105835,True
varconet_selected,7,278,134,261,-0.011245213449001312,-0.06373518705368042,True
varconet_selected,7,279,148,175,-0.0112447589635849,-0.23645180463790894,True
varconet_selected,7,280,68,166,-0.011244346387684345,-0.21471543610095978,True
varconet_selected,7,281,8,174,-0.011239823885262012,-0.1586511880159378,True
varconet_selected,7,282,133,337,-0.011236247606575489,-0.35943612456321716,True
varconet_selected,7,283,93,157,-0.011234532110393047,-0.3761858642101288,True
varconet_selected,7,284,171,373,0.01122975256294012,0.02902815118432045,True
varconet_selected,7,285,241,248,-0.011216794140636921,-0.2205396592617035,True
varconet_selected,7,286,236,336,-0.011216234415769577,-0.07224003970623016,True
varconet_selected,7,287,216,268,-0.011204725131392479,-0.38200289011001587,True
varconet_selected,7,288,62,75,-0.011202961206436157,-0.0959581807255745,True
varconet_selected,7,289,250,262,0.011199723929166794,0.16308754682540894,True
varconet_selected,7,290,92,229,-0.011186172254383564,-0.20077306032180786,True
varconet_selected,7,291,89,365,-0.011184744536876678,-0.05984951928257942,True
varconet_selected,7,292,62,260,-0.011182679794728756,0.017269359901547432,False
varconet_selected,7,293,213,277,-0.011181793175637722,-0.09031622111797333,True
varconet_selected,7,294,287,337,-0.011177880689501762,-0.1214691624045372,True
varconet_selected,7,295,103,157,0.011176064610481262,0.12368208914995193,True
varconet_selected,7,296,147,248,-0.011170828714966774,-0.1426677703857422,True
varconet_selected,7,297,97,375,-0.011170465499162674,-0.11540576070547104,True
varconet_selected,7,298,69,249,0.011162959970533848,0.13668672740459442,True
varconet_selected,7,299,317,374,0.01116100698709488,0.041522037237882614,True
varconet_selected,7,300,68,172,-0.011153251864016056,-0.03849077224731445,True
varconet_selected,7,301,92,337,-0.011148573830723763,-0.08567973226308823,True
varconet_selected,7,302,67,164,-0.011143776588141918,-0.2257782518863678,True
varconet_selected,7,303,41,200,-0.011143285781145096,-0.07670088857412338,True
varconet_selected,7,304,1,284,-0.011140819638967514,0.012784966267645359,False
varconet_selected,7,305,16,278,0.011136086657643318,0.09417495876550674,True
varconet_selected,7,306,67,251,0.011128600686788559,0.20551268756389618,True
varconet_selected,7,307,151,263,0.011128462851047516,0.043132588267326355,True
varconet_selected,7,308,177,373,0.01112568099051714,0.14447878301143646,True
varconet_selected,7,309,133,253,0.011119368486106396,0.18155036866664886,True
varconet_selected,7,310,43,188,0.011117675341665745,0.08264106512069702,True
varconet_selected,7,311,164,259,-0.011113093234598637,-0.24967679381370544,True
varconet_selected,7,312,65,291,-0.011111931875348091,-0.17658840119838715,True
varconet_selected,7,313,251,260,0.011111822910606861,0.24330206215381622,True
varconet_selected,7,314,291,299,0.011104924604296684,0.12659123539924622,True
varconet_selected,7,315,93,261,0.011104782111942768,0.03897492587566376,True
varconet_selected,7,316,251,261,0.011094318702816963,0.24015100300312042,True
varconet_selected,7,317,73,251,0.01109236478805542,0.1154913678765297,True
varconet_selected,7,318,172,291,-0.011088418774306774,-0.25656405091285706,True
varconet_selected,7,319,338,341,-0.011081124655902386,-0.2655487358570099,True
varconet_selected,7,320,125,301,0.011079886928200722,0.06443752348423004,True
varconet_selected,7,321,65,306,-0.011076436378061771,-0.14368127286434174,True
varconet_selected,7,322,62,253,0.011075717397034168,-0.007387853693217039,False
varconet_selected,7,323,65,104,0.01107197068631649,0.015830960124731064,True
varconet_selected,7,324,134,263,-0.011062528938055038,0.004902923945337534,False
varconet_selected,7,325,170,258,-0.01105873566120863,-0.16486580669879913,True
varconet_selected,7,326,113,229,-0.011058193631470203,-0.17101337015628815,True
varconet_selected,7,327,178,336,0.011051499284803867,0.2715274691581726,True
varconet_selected,7,328,174,253,0.011036990210413933,0.1030145213007927,True
varconet_selected,7,329,234,336,-0.011031309142708778,-0.06932734698057175,True
varconet_selected,7,330,137,304,-0.011021886952221394,-0.054600898176431656,True
varconet_selected,7,331,172,239,-0.01101767923682928,-0.179708793759346,True
varconet_selected,7,332,3,248,-0.01101686805486679,-0.045151449739933014,True
varconet_selected,7,333,122,261,-0.011011818423867226,-0.042279765009880066,True
varconet_selected,7,334,36,268,-0.011008234694600105,-0.2361735850572586,True
varconet_selected,7,335,282,379,0.011006562039256096,0.16001984477043152,True
varconet_selected,7,336,167,257,-0.011006331071257591,-0.21957960724830627,True
varconet_selected,7,337,157,294,-0.011001763865351677,0.015836643055081367,False
varconet_selected,7,338,68,263,-0.010997005738317966,-0.14806728065013885,True
varconet_selected,7,339,252,260,0.010990341193974018,0.1885085552930832,True
varconet_selected,7,340,166,256,-0.010989323258399963,-0.18223492801189423,True
varconet_selected,7,341,12,151,0.010977417230606079,0.019700385630130768,True
varconet_selected,7,342,174,323,-0.010974457487463951,-0.13721130788326263,True
varconet_selected,7,343,110,191,-0.010969347320497036,-0.2884722352027893,True
varconet_selected,7,344,69,166,-0.010969323106110096,-0.244633749127388,True
varconet_selected,7,345,129,173,-0.01096407976001501,-0.22691170871257782,True
varconet_selected,7,346,164,263,-0.010962061583995819,-0.2910279631614685,True
varconet_selected,7,347,215,276,-0.010960202664136887,-0.2294682413339615,True
varconet_selected,7,348,214,267,-0.01095904316753149,-0.26659274101257324,True
varconet_selected,7,349,174,379,0.010957041755318642,0.25643256306648254,True
varconet_selected,7,350,166,380,0.010955212637782097,0.17469000816345215,True
varconet_selected,7,351,249,262,0.010952873155474663,0.12601429224014282,True
varconet_selected,7,352,183,370,0.010951434262096882,0.26002293825149536,True
varconet_selected,7,353,282,323,-0.010950894095003605,-0.20165550708770752,True
varconet_selected,7,354,169,175,0.010941660031676292,0.07033688575029373,True
varconet_selected,7,355,253,262,0.010937542654573917,0.08817251026630402,True
varconet_selected,7,356,184,217,0.010932900942862034,0.09201312065124512,True
varconet_selected,7,357,148,149,-0.010931488126516342,0.1414490044116974,False
varconet_selected,7,358,2,36,-0.010927648283541203,-0.03859227895736694,True
varconet_selected,7,359,12,21,0.010919042862951756,0.14696763455867767,True
varconet_selected,7,360,62,68,-0.010913650505244732,-0.014068002812564373,True
varconet_selected,7,361,166,249,0.010912047699093819,0.3309360146522522,True
varconet_selected,7,362,131,207,0.010910389944911003,0.1976766288280487,True
varconet_selected,7,363,84,336,-0.01090610958635807,-0.2647020220756531,True
varconet_selected,7,364,174,378,0.010906101204454899,0.29781830310821533,True
varconet_selected,7,365,268,382,-0.01090199500322342,-0.08806200325489044,True
varconet_selected,7,366,129,300,0.010901379399001598,0.07642719149589539,True
varconet_selected,7,367,103,156,0.010892060585319996,0.11334145814180374,True
varconet_selected,7,368,250,283,0.010877721011638641,0.18754057586193085,True
varconet_selected,7,369,62,109,-0.010876205749809742,-0.06009639799594879,True
varconet_selected,7,370,249,258,0.010874101892113686,0.1884460151195526,True
varconet_selected,7,371,109,253,0.010873112827539444,0.07715389877557755,True
varconet_selected,7,372,64,69,-0.010869449935853481,-0.03905094414949417,True
varconet_selected,7,373,62,259,-0.010868960060179234,-0.1009369045495987,True
varconet_selected,7,374,62,249,0.010865774005651474,0.09453596919775009,True
varconet_selected,7,375,152,361,0.010860783979296684,-0.008607110939919949,False
varconet_selected,7,376,168,292,-0.010859630070626736,-0.18456873297691345,True
varconet_selected,7,377,249,259,0.010858268477022648,0.16096746921539307,True
varconet_selected,7,378,64,79,-0.010854748077690601,0.10244718939065933,False
varconet_selected,7,379,151,267,0.010845857672393322,0.09435379505157471,True
varconet_selected,7,380,200,316,0.010842832736670971,0.21897080540657043,True
varconet_selected,7,381,182,263,-0.0108414925634861,-0.23772400617599487,True
varconet_selected,7,382,153,294,-0.010839175432920456,-0.16300038993358612,True
varconet_selected,7,383,127,345,-0.01083145197480917,0.025233499705791473,False
varconet_selected,7,384,127,264,0.010827356018126011,0.1361413300037384,True
varconet_selected,7,385,62,69,-0.010825265198946,-0.03892697021365166,True
varconet_selected,7,386,242,249,-0.010822637006640434,-0.06577903032302856,True
varconet_selected,7,387,231,365,-0.010821368545293808,-0.2033524066209793,True
varconet_selected,7,388,207,248,-0.010809460654854774,-0.31802257895469666,True
varconet_selected,7,389,175,267,0.010806296020746231,0.171463280916214,True
varconet_selected,7,390,10,18,0.010799993760883808,0.16749858856201172,True
varconet_selected,7,391,251,283,0.010794753208756447,0.269259512424469,True
varconet_selected,7,392,276,277,-0.0107912328094244,-0.3859199285507202,True
varconet_selected,7,393,103,118,0.010788687504827976,0.07533178478479385,True
varconet_selected,7,394,67,258,-0.01078708004206419,-0.1048777624964714,True
varconet_selected,7,395,241,307,0.010785695165395737,0.17961996793746948,True
varconet_selected,7,396,4,321,-0.010784654878079891,-0.07843804359436035,True
varconet_selected,7,397,273,328,-0.010781782679259777,-0.20779293775558472,True
varconet_selected,7,398,282,378,0.010780895128846169,0.2842099070549011,True
varconet_selected,7,399,225,244,-0.010780099779367447,-0.05853365734219551,True
varconet_selected,7,400,13,382,-0.010775814764201641,-0.12227284163236618,True
varconet_selected,7,401,171,221,0.010770857334136963,0.1475597769021988,True
varconet_selected,7,402,157,231,-0.010764194652438164,-0.279866099357605,True
varconet_selected,7,403,361,379,-0.010762631893157959,-0.07004047185182571,True
varconet_selected,7,404,173,292,-0.010762330144643784,-0.40281444787979126,True
varconet_selected,7,405,175,372,0.010747319087386131,0.059520699083805084,True
varconet_selected,7,406,151,239,0.010746162384748459,0.12147459387779236,True
varconet_selected,7,407,252,262,0.010744691826403141,0.10269765555858612,True
varconet_selected,7,408,52,155,-0.01074259728193283,0.039282843470573425,False
varconet_selected,7,409,167,373,0.010741188190877438,0.10986088961362839,True
varconet_selected,7,410,64,67,-0.010739936493337154,-0.02812693454325199,True
varconet_selected,7,411,62,159,-0.010739931836724281,-0.07000306248664856,True
varconet_selected,7,412,240,248,-0.010737931355834007,-0.2595553398132324,True
varconet_selected,7,413,113,241,0.010737184435129166,0.1371508538722992,True
varconet_selected,7,414,224,297,0.010735241696238518,0.029072852805256844,True
varconet_selected,7,415,174,269,0.010723186656832695,0.1511080265045166,True
varconet_selected,7,416,229,257,0.010721748694777489,0.16502602398395538,True
varconet_selected,7,417,306,337,-0.010719570331275463,-0.14583636820316315,True
varconet_selected,7,418,251,323,0.010718345642089844,0.0801328718662262,True
varconet_selected,7,419,86,87,-0.010715730488300323,-0.2005404382944107,True
varconet_selected,7,420,265,298,0.01071399636566639,0.06754785031080246,True
varconet_selected,7,421,19,229,-0.010709038004279137,-0.07604052871465683,True
varconet_selected,7,422,46,279,0.01069355197250843,0.146982803940773,True
varconet_selected,7,423,267,284,-0.010690273717045784,-0.19547568261623383,True
varconet_selected,7,424,263,300,0.010678072459995747,0.03129979968070984,True
varconet_selected,7,425,3,31,0.010676482692360878,0.241563618183136,True
varconet_selected,7,426,207,269,-0.010673540644347668,-0.21061863005161285,True
varconet_selected,7,427,62,66,-0.01066472940146923,-0.1208217591047287,True
varconet_selected,7,428,258,306,-0.010663270950317383,0.004768716637045145,False
varconet_selected,7,429,129,157,-0.010661706328392029,-0.11447755992412567,True
varconet_selected,7,430,295,306,-0.01065518893301487,-0.11127704381942749,True
varconet_selected,7,431,68,260,-0.01065074186772108,-0.07631238549947739,True
varconet_selected,7,432,133,269,0.01065063662827015,0.15249355137348175,True
varconet_selected,7,433,264,267,-0.010649001225829124,-0.14186981320381165,True
varconet_selected,7,434,158,263,-0.010644854977726936,-0.11506950110197067,True
varconet_selected,7,435,215,277,-0.010640385560691357,-0.12183169275522232,True
varconet_selected,7,436,165,261,-0.010631960816681385,-0.1709918975830078,True
varconet_selected,7,437,166,290,-0.01062295027077198,-0.09707877039909363,True
varconet_selected,7,438,13,157,0.010613426566123962,0.10430395603179932,True
varconet_selected,7,439,93,365,-0.010612479411065578,-0.20916280150413513,True
varconet_selected,7,440,93,229,-0.010611332021653652,-0.27538812160491943,True
varconet_selected,7,441,321,364,0.010608614422380924,-0.02417949214577675,False
varconet_selected,7,442,250,263,0.010606101714074612,0.17929865419864655,True
varconet_selected,7,443,173,291,-0.010603323578834534,-0.22452092170715332,True
varconet_selected,7,444,62,250,0.01060153916478157,0.008678695186972618,True
varconet_selected,7,445,131,206,0.010600387118756771,0.20562432706356049,True
varconet_selected,7,446,165,260,-0.010599987581372261,-0.12149915099143982,True
varconet_selected,7,447,270,283,-0.01059919036924839,0.012995568104088306,False
varconet_selected,7,448,107,266,0.010595430620014668,0.11408716440200806,True
varconet_selected,7,449,73,263,-0.010593355633318424,0.02780081331729889,False
varconet_selected,7,450,268,277,-0.010592599399387836,-0.10521533340215683,True
varconet_selected,7,451,167,372,0.010590649209916592,0.09698791801929474,True
varconet_selected,7,452,259,316,-0.010590024292469025,-0.20826861262321472,True
varconet_selected,7,453,301,374,-0.010587391443550587,-0.11891613155603409,True
varconet_selected,7,454,241,267,-0.010581483133137226,-0.18667352199554443,True
varconet_selected,7,455,149,175,-0.010575808584690094,-0.1678438037633896,True
varconet_selected,7,456,264,322,-0.010569793172180653,-0.1964302361011505,True
varconet_selected,7,457,19,361,-0.010564154013991356,-0.011085649952292442,True
varconet_selected,7,458,219,337,0.010555516928434372,0.14831557869911194,True
varconet_selected,7,459,260,321,-0.010552276857197285,-0.10124322772026062,True
varconet_selected,7,460,72,115,0.010544278658926487,0.05271715670824051,True
varconet_selected,7,461,177,272,-0.010543516837060452,-0.09964350610971451,True
varconet_selected,7,462,78,148,0.01054099015891552,-0.0015512893442064524,False
varconet_selected,7,463,134,300,0.01053781807422638,0.024826934561133385,True
varconet_selected,7,464,97,229,-0.010532336309552193,-0.18636108934879303,True
varconet_selected,7,465,317,372,0.010531701147556305,-0.04336204379796982,False
varconet_selected,7,466,248,382,-0.010531050153076649,-0.09092027693986893,True
varconet_selected,7,467,269,382,-0.0105233583599329,-0.07651092112064362,True
varconet_selected,7,468,21,93,-0.01052086241543293,-0.3387722671031952,True
varconet_selected,7,469,113,269,0.010520236566662788,0.0702347531914711,True
varconet_selected,7,470,292,300,0.010514287278056145,0.07864198088645935,True
varconet_selected,7,471,196,316,0.010512195527553558,0.2315450757741928,True
varconet_selected,7,472,227,249,-0.010511724278330803,-0.056340791285037994,True
varconet_selected,7,473,166,294,-0.01050946768373251,-0.2542683780193329,True
varconet_selected,7,474,234,334,-0.01050590630620718,-0.10496433079242706,True
varconet_selected,7,475,158,253,0.01049911417067051,0.15964914858341217,True
varconet_selected,7,476,8,166,-0.010497539304196835,-0.137217715382576,True
varconet_selected,7,477,291,301,0.010495648719370365,0.14301244914531708,True
varconet_selected,7,478,12,215,-0.010494740679860115,-0.07033809274435043,True
varconet_selected,7,479,283,323,-0.010491438210010529,-0.11871007084846497,True
varconet_selected,7,480,174,261,-0.010478710755705833,-0.29561859369277954,True
varconet_selected,7,481,161,212,0.010478136129677296,0.12794117629528046,True
varconet_selected,7,482,186,336,0.010477566160261631,0.13064275681972504,True
varconet_selected,7,483,62,77,-0.010469232685863972,0.04835755378007889,False
varconet_selected,7,484,142,143,-0.01046576164662838,-0.23869112133979797,True
varconet_selected,7,485,93,250,-0.010459737852215767,-0.29711344838142395,True
varconet_selected,7,486,111,228,-0.010453687980771065,-0.13602203130722046,True
varconet_selected,7,487,133,173,-0.01045259553939104,-0.1448453962802887,True
varconet_selected,7,488,157,225,-0.010451577603816986,-0.22147499024868011,True
varconet_selected,7,489,155,367,0.01045131590217352,-0.06289101392030716,False
varconet_selected,7,490,130,161,-0.010448358952999115,-0.09891201555728912,True
varconet_selected,7,491,259,361,0.010446170344948769,0.13895611464977264,True
varconet_selected,7,492,30,279,0.010438954457640648,0.08161760121583939,True
varconet_selected,7,493,249,250,-0.01043419074267149,-0.24628926813602448,True
varconet_selected,7,494,70,262,-0.010433035902678967,0.08073505759239197,False
varconet_selected,7,495,231,261,0.010432836599647999,0.3118261992931366,True
varconet_selected,7,496,106,266,0.010425182990729809,0.06433100998401642,True
varconet_selected,7,497,139,281,-0.01041999738663435,-0.18519367277622223,True
varconet_selected,7,498,214,269,-0.010417795740067959,-0.26039597392082214,True
varconet_selected,7,499,106,336,-0.010411487892270088,0.04709898680448532,False
varconet_selected,7,500,80,282,-0.01040662918239832,0.00840828102082014,False
varconet_selected,7,501,16,251,0.0104062519967556,-0.0499952994287014,False
varconet_selected,7,502,166,369,0.010401073843240738,0.029859554022550583,True
varconet_selected,7,503,164,380,0.010400540195405483,0.12558898329734802,True
varconet_selected,7,504,282,287,0.010397559963166714,-0.2055446207523346,False
varconet_selected,7,505,200,336,0.010395410470664501,0.13085700571537018,True
varconet_selected,7,506,155,359,0.010394388809800148,-0.032469626516103745,False
varconet_selected,7,507,104,171,-0.010378852486610413,-0.21599693596363068,True
varconet_selected,7,508,111,253,0.010372922755777836,0.00657045328989625,True
varconet_selected,7,509,93,102,0.010372655466198921,0.27938973903656006,True
varconet_selected,7,510,240,310,0.010367381386458874,0.15832914412021637,True
varconet_selected,7,511,72,262,-0.01036651898175478,-0.09663929790258408,True
varconet_selected,7,512,94,156,-0.010358392260968685,-0.22971172630786896,True
varconet_selected,7,513,164,257,-0.010357723571360111,-0.02651406265795231,True
varconet_selected,7,514,84,207,0.010355533100664616,0.15757904946804047,True
varconet_selected,7,515,123,125,-0.010354487225413322,0.04784340038895607,False
varconet_selected,7,516,175,183,0.010350524447858334,0.1903262734413147,True
varconet_selected,7,517,132,191,-0.010335301049053669,-0.09601204842329025,True
varconet_selected,7,518,12,231,0.010334818623960018,0.16872310638427734,True
varconet_selected,7,519,212,287,0.01033193338662386,0.2209295779466629,True
varconet_selected,7,520,13,51,0.010331736877560616,0.06310544162988663,True
varconet_selected,7,521,19,263,0.010331299155950546,-0.10705757886171341,False
varconet_selected,7,522,89,345,-0.010329958982765675,-0.18168078362941742,True
varconet_selected,7,523,63,158,-0.010328901000320911,-0.08499500155448914,True
varconet_selected,7,524,20,102,0.010326568968594074,0.17380568385124207,True
varconet_selected,7,525,165,367,0.010326110757887363,-0.06972362101078033,False
varconet_selected,7,526,212,253,-0.010325864888727665,-0.17750266194343567,True
varconet_selected,7,527,63,263,-0.010325070470571518,0.0036316148471087217,False
varconet_selected,7,528,175,253,0.010321473702788353,0.2690492868423462,True
varconet_selected,7,529,167,292,-0.010321388952434063,-0.2458101212978363,True
varconet_selected,7,530,16,250,0.010319636203348637,0.07347216457128525,True
varconet_selected,7,531,132,138,0.01031544990837574,0.12579424679279327,True
varconet_selected,7,532,64,252,0.010311223566532135,0.29553842544555664,True
varconet_selected,7,533,67,68,-0.010308150202035904,0.04191701486706734,False
varconet_selected,7,534,26,34,-0.010305454023182392,0.10465610027313232,False
varconet_selected,7,535,135,261,-0.010304967872798443,-0.05719964951276779,True
varconet_selected,7,536,173,367,0.010298436507582664,0.26134195923805237,True
varconet_selected,7,537,112,266,0.010297121480107307,0.04582490399479866,True
varconet_selected,7,538,68,250,0.010291210375726223,0.1628170907497406,True
varconet_selected,7,539,378,379,-0.010290944948792458,-0.09077606350183487,True
varconet_selected,7,540,214,268,-0.010289554484188557,-0.28124701976776123,True
varconet_selected,7,541,214,253,-0.010288694873452187,-0.22025449573993683,True
varconet_selected,7,542,73,373,0.01028385665267706,0.14067904651165009,True
varconet_selected,7,543,150,151,-0.010281063616275787,0.05515064671635628,False
varconet_selected,7,544,240,252,-0.010277040302753448,-0.26413366198539734,True
varconet_selected,7,545,65,317,-0.010276390239596367,-0.06712175905704498,True
varconet_selected,7,546,1,372,-0.010276277549564838,-0.08720522373914719,True
varconet_selected,7,547,252,253,-0.010275432839989662,-0.09541239589452744,True
varconet_selected,7,548,65,293,-0.010274923406541348,-0.1566457450389862,True
varconet_selected,7,549,261,369,0.010274476371705532,0.16149048507213593,True
varconet_selected,7,550,95,361,-0.010274424217641354,-0.09330733865499496,True
varconet_selected,7,551,263,369,0.010271639563143253,0.17096301913261414,True
varconet_selected,7,552,113,329,-0.01026945374906063,-0.20735026895999908,True
varconet_selected,7,553,165,259,-0.010259361006319523,-0.15033218264579773,True
varconet_selected,7,554,112,356,-0.010256259702146053,-0.14951728284358978,True
varconet_selected,7,555,64,260,-0.010253922082483768,0.028052814304828644,False
varconet_selected,7,556,58,224,-0.010250852443277836,-0.0439707450568676,True
varconet_selected,7,557,252,351,-0.010242525488138199,-0.0746009349822998,True
varconet_selected,7,558,139,274,-0.01023933757096529,-0.20886725187301636,True
varconet_selected,7,559,138,257,0.010237965732812881,0.04050297290086746,True
varconet_selected,7,560,111,207,0.010237251408398151,0.18320795893669128,True
varconet_selected,7,561,212,242,-0.010229910723865032,0.017484446987509727,False
varconet_selected,7,562,55,381,-0.010228586383163929,-0.02355770766735077,True
varconet_selected,7,563,133,267,0.010224229656159878,0.10857290774583817,True
varconet_selected,7,564,159,294,-0.01022400800138712,0.07541121542453766,False
varconet_selected,7,565,69,172,-0.010223899967968464,-0.19296251237392426,True
varconet_selected,7,566,228,259,0.010219895280897617,0.20641565322875977,True
varconet_selected,7,567,251,265,0.010218137875199318,0.15457747876644135,True
varconet_selected,7,568,68,251,0.010217610746622086,0.18530790507793427,True
varconet_selected,7,569,179,269,-0.0102132773026824,-0.10859344899654388,True
varconet_selected,7,570,158,293,-0.010212146677076817,-0.06228901818394661,True
varconet_selected,7,571,264,265,-0.010204439982771873,-0.14326831698417664,True
varconet_selected,7,572,128,159,-0.010204377584159374,-0.01772686280310154,True
varconet_selected,7,573,173,179,0.010199015960097313,0.030402356758713722,True
varconet_selected,7,574,0,84,0.010198039002716541,0.06910451501607895,True
varconet_selected,7,575,20,258,0.01019495353102684,0.11822666227817535,True
varconet_selected,7,576,361,373,-0.010187664069235325,0.034998245537281036,False
varconet_selected,7,577,167,256,-0.010183792561292648,-0.22138611972332,True
varconet_selected,7,578,65,267,0.010178457014262676,0.09542275220155716,True
varconet_selected,7,579,112,277,0.010174850933253765,0.1294896900653839,True
varconet_selected,7,580,172,293,-0.010171783156692982,-0.2748810946941376,True
varconet_selected,7,581,269,336,0.010162328369915485,0.26526981592178345,True
varconet_selected,7,582,62,134,-0.01015431061387062,-0.10978298634290695,True
varconet_selected,7,583,29,365,-0.010152287781238556,-0.0932784378528595,True
varconet_selected,7,584,253,286,-0.010150129906833172,-0.20148997008800507,True
varconet_selected,7,585,215,248,-0.010149833746254444,-0.2727433145046234,True
varconet_selected,7,586,109,249,0.010149284265935421,0.021394144743680954,True
varconet_selected,7,587,283,287,0.010147051885724068,-0.1776033639907837,False
varconet_selected,7,588,258,337,0.01014665886759758,0.07200289517641068,True
varconet_selected,7,589,75,291,-0.010144663974642754,-0.0030292468145489693,True
varconet_selected,7,590,9,204,0.010136010125279427,-0.031724367290735245,False
varconet_selected,7,591,108,337,-0.010135539807379246,-0.24300149083137512,True
varconet_selected,7,592,30,224,-0.010133692063391209,-0.17405939102172852,True
varconet_selected,7,593,212,268,-0.010128846392035484,-0.3200885057449341,True
varconet_selected,7,594,171,293,-0.01012587919831276,-0.16965167224407196,True
varconet_selected,7,595,171,339,0.010125856846570969,0.06180014833807945,True
varconet_selected,7,596,228,283,0.010123487561941147,0.05086057260632515,True
varconet_selected,7,597,190,301,-0.010122755542397499,-0.22364531457424164,True
varconet_selected,7,598,13,179,-0.010118809528648853,-0.018430195748806,True
varconet_selected,7,599,249,265,0.010115704499185085,0.23808355629444122,True
varconet_selected,7,600,156,215,0.010113720782101154,0.10015569627285004,True
varconet_selected,7,601,173,294,-0.010105551220476627,-0.26270684599876404,True
varconet_selected,7,602,151,175,-0.010104214772582054,-0.09945756942033768,True
varconet_selected,7,603,209,248,-0.010100244544446468,-0.21159103512763977,True
varconet_selected,7,604,167,377,0.010099472478032112,0.14333035051822662,True
varconet_selected,7,605,30,220,-0.010097244754433632,-0.064005546271801,True
varconet_selected,7,606,164,262,-0.010092265903949738,-0.24356421828269958,True
varconet_selected,7,607,212,252,-0.010092001408338547,-0.2621721029281616,True
varconet_selected,7,608,209,284,-0.010088923387229443,-0.17560969293117523,True
varconet_selected,7,609,65,316,-0.01008693128824234,-0.007462965790182352,True
varconet_selected,7,610,171,270,-0.010082707740366459,-0.20445701479911804,True
varconet_selected,7,611,19,362,-0.010082476772367954,0.12172108143568039,False
varconet_selected,7,612,153,230,-0.010079936124384403,-0.1826944202184677,True
varconet_selected,7,613,79,146,0.010078289546072483,-0.015197019092738628,False
varconet_selected,7,614,154,381,0.01007417868822813,0.0004429512482602149,True
varconet_selected,7,615,260,305,-0.010073361918330193,2.1824607756570913e-06,False
varconet_selected,7,616,95,151,-0.010073133744299412,-0.1759151667356491,True
varconet_selected,7,617,110,336,-0.01007107924669981,-0.046701379120349884,True
varconet_selected,7,618,175,236,-0.010070761665701866,-0.024583380669355392,True
varconet_selected,7,619,6,71,-0.01006604265421629,-0.05299995839595795,True
varconet_selected,7,620,167,378,0.010064427740871906,0.11319803446531296,True
varconet_selected,7,621,229,261,0.010058168321847916,0.24645313620567322,True
varconet_selected,7,622,340,341,-0.010056189261376858,-0.2994834780693054,True
varconet_selected,7,623,370,378,-0.010050521232187748,-0.020777316763997078,True
varconet_selected,7,624,12,267,-0.010044502094388008,-0.1631179302930832,True
varconet_selected,7,625,9,331,0.010038621723651886,-0.04818032309412956,False
varconet_selected,7,626,261,365,0.010038485750555992,0.23656213283538818,True
varconet_selected,7,627,166,251,0.010036570951342583,0.292789489030838,True
varconet_selected,7,628,265,287,0.01003530528396368,-0.015342640690505505,False
varconet_selected,7,629,241,373,-0.010035001672804356,-0.16361908614635468,True
varconet_selected,7,630,228,339,-0.010034281760454178,-0.29636889696121216,True
varconet_selected,7,631,15,225,0.010032613761723042,0.11921525001525879,True
varconet_selected,7,632,12,157,0.01002887450158596,0.05396101251244545,True
varconet_selected,7,633,272,278,0.01002394687384367,0.18777503073215485,True
varconet_selected,7,634,95,227,-0.010022833943367004,-0.0984138622879982,True
varconet_selected,7,635,72,263,-0.010022723115980625,-0.10181565582752228,True
varconet_selected,7,636,93,231,-0.01002143882215023,-0.3262344300746918,True
varconet_selected,7,637,208,379,0.010020505636930466,-0.03581942990422249,False
varconet_selected,7,638,97,109,0.010019627399742603,0.3390973210334778,True
varconet_selected,7,639,215,242,-0.010018749162554741,-0.08207337558269501,True
varconet_selected,7,640,110,328,-0.010017535649240017,-0.19041964411735535,True
varconet_selected,7,641,67,293,-0.01001607533544302,-0.16653144359588623,True
varconet_selected,7,642,165,251,0.010009253397583961,0.24383237957954407,True
varconet_selected,7,643,206,323,-0.010008446872234344,-0.03376941382884979,True
varconet_selected,7,644,164,167,-0.010007335804402828,-0.3676964342594147,True
varconet_selected,7,645,65,66,-0.010003927163779736,-0.09751864522695541,True
varconet_selected,7,646,179,199,0.010002436116337776,0.11516783386468887,True
varconet_selected,7,647,251,367,-0.009999379515647888,-0.035211607813835144,True
varconet_selected,7,648,252,282,0.009994269348680973,0.12046193331480026,True
varconet_selected,7,649,295,300,0.00999296735972166,-0.050081685185432434,False
varconet_selected,7,650,106,264,0.009992524050176144,0.04832857847213745,True
varconet_selected,7,651,151,260,0.009991775266826153,0.07257596403360367,True
varconet_selected,7,652,63,72,-0.009989231824874878,-0.11481253802776337,True
varconet_selected,7,653,249,251,-0.00998498685657978,-0.16577138006687164,True
varconet_selected,7,654,261,302,0.0099843330681324,0.1508682817220688,True
varconet_selected,7,655,201,293,-0.009982828982174397,-0.09929642081260681,True
varconet_selected,7,656,266,322,-0.009977145120501518,-0.06162597984075546,True
varconet_selected,7,657,227,259,0.009972154162824154,0.08834726363420486,True
varconet_selected,7,658,127,338,-0.00997171550989151,-0.2300519049167633,True
varconet_selected,7,659,322,361,0.00997097510844469,0.006476531736552715,True
varconet_selected,7,660,103,225,0.009970133192837238,0.1400258094072342,True
varconet_selected,7,661,65,253,0.009968209080398083,0.17108626663684845,True
varconet_selected,7,662,179,217,-0.0099645322188735,-0.10722509026527405,True
varconet_selected,7,663,52,283,-0.009963138960301876,-0.13565793633460999,True
varconet_selected,7,664,243,246,-0.00996087770909071,0.07002183049917221,False
varconet_selected,7,665,177,273,-0.009959264658391476,-0.07746846228837967,True
varconet_selected,7,666,166,374,0.009958556853234768,0.22969742119312286,True
varconet_selected,7,667,75,98,-0.009958391077816486,-0.07531008124351501,True
varconet_selected,7,668,131,276,0.009958147071301937,0.2530015707015991,True
varconet_selected,7,669,112,276,0.009956836700439453,0.17616017162799835,True
varconet_selected,7,670,221,293,0.009954921901226044,0.055030230432748795,True
varconet_selected,7,671,291,298,0.00995162595063448,-0.005019561853259802,False
varconet_selected,7,672,153,342,-0.009949609637260437,-0.0835503339767456,True
varconet_selected,7,673,171,374,0.009949563071131706,-0.0004742761957459152,False
varconet_selected,7,674,51,232,-0.009947960264980793,0.015646718442440033,False
varconet_selected,7,675,72,282,-0.009946495294570923,-0.08484382927417755,True
varconet_selected,7,676,67,292,-0.009942928329110146,-0.16459642350673676,True
varconet_selected,7,677,337,378,0.00993827823549509,0.13281819224357605,True
varconet_selected,7,678,251,317,0.009937847033143044,0.07730896025896072,True
varconet_selected,7,679,260,306,-0.009937685914337635,-0.14524748921394348,True
varconet_selected,7,680,23,337,-0.009934645146131516,0.010650768876075745,False
varconet_selected,7,681,84,328,-0.009932965971529484,-0.13455799221992493,True
varconet_selected,7,682,166,376,0.009928302839398384,0.14014393091201782,True
varconet_selected,7,683,97,151,-0.009916441515088081,-0.2004573941230774,True
varconet_selected,7,684,167,291,-0.009916427545249462,-0.24845924973487854,True
varconet_selected,7,685,133,300,0.009916194714605808,0.006782940123230219,True
varconet_selected,7,686,93,156,-0.009915541857481003,-0.3302270174026489,True
varconet_selected,7,687,135,237,0.009915146976709366,0.2507317066192627,True
varconet_selected,7,688,128,138,0.009912702254951,0.039088424295186996,True
varconet_selected,7,689,177,367,0.009911553002893925,0.23233100771903992,True
varconet_selected,7,690,67,128,-0.009905070997774601,-0.05926717817783356,True
varconet_selected,7,691,227,260,0.009901934303343296,0.09138830006122589,True
varconet_selected,7,692,182,261,-0.00990170519798994,-0.13841906189918518,True
varconet_selected,7,693,112,329,-0.009896649979054928,-0.10381443798542023,True
varconet_selected,7,694,224,229,0.009895325638353825,0.19047993421554565,True
varconet_selected,7,695,73,361,0.009893783368170261,0.2307794839143753,True
varconet_selected,7,696,317,375,0.009893616661429405,0.12692883610725403,True
varconet_selected,7,697,259,365,0.009891495108604431,0.16617107391357422,True
varconet_selected,7,698,46,376,-0.009888045489788055,0.033635154366493225,False
varconet_selected,7,699,284,292,0.009884602390229702,0.14641623198986053,True
varconet_selected,7,700,293,301,0.009881884790956974,0.10972250998020172,True
varconet_selected,7,701,72,214,-0.009879205375909805,-0.06309937685728073,True
varconet_selected,7,702,229,259,0.009877892211079597,0.20603056252002716,True
varconet_selected,7,703,256,263,-0.009877256117761135,-0.07323310524225235,True
varconet_selected,7,704,242,248,-0.009876657277345657,-0.08464661240577698,True
varconet_selected,7,705,260,302,0.0098766153678298,0.1927073448896408,True
varconet_selected,7,706,308,321,-0.0098765529692173,-0.11608399450778961,True
varconet_selected,7,707,174,260,-0.009868999011814594,-0.30412423610687256,True
varconet_selected,7,708,217,266,-0.00986873172223568,-0.36989521980285645,True
varconet_selected,7,709,19,265,0.009868230670690536,0.07599686086177826,True
varconet_selected,7,710,2,21,0.00986766628921032,0.08473966270685196,True
varconet_selected,7,711,21,210,0.009865520521998405,0.09217266738414764,True
varconet_selected,7,712,206,242,-0.009862629696726799,-0.036936938762664795,True
varconet_selected,7,713,260,317,-0.009859454818069935,-0.1270504742860794,True
varconet_selected,7,714,267,322,-0.009858875535428524,-0.07352140545845032,True
varconet_selected,7,715,200,293,-0.009853502735495567,-0.1023816391825676,True
varconet_selected,7,716,73,97,0.009852614253759384,0.3227691054344177,True
varconet_selected,7,717,154,170,-0.009851603768765926,-0.08783610910177231,True
varconet_selected,7,718,283,359,0.009851180016994476,0.038593683391809464,True
varconet_selected,7,719,292,301,0.0098483357578516,0.034474872052669525,True
varconet_selected,7,720,66,167,-0.009844627231359482,-0.17630624771118164,True
varconet_selected,7,721,67,227,0.009840461425483227,0.1384560763835907,True
varconet_selected,7,722,73,308,-0.009840008802711964,-0.005822093691676855,True
varconet_selected,7,723,159,305,-0.009838406927883625,0.01325169950723648,False
varconet_selected,7,724,212,248,-0.009837426245212555,-0.24640080332756042,True
varconet_selected,7,725,139,328,-0.00983394030481577,-0.09594114869832993,True
varconet_selected,7,726,294,300,0.009833927266299725,0.05073721706867218,True
varconet_selected,7,727,102,103,-0.00983381737023592,-0.13925829529762268,True
varconet_selected,7,728,177,366,0.0098320497199893,0.3113161325454712,True
varconet_selected,7,729,231,262,0.009831074625253677,0.2800467312335968,True
varconet_selected,7,730,127,199,-0.009829348884522915,-0.15811362862586975,True
varconet_selected,7,731,12,216,-0.009821530431509018,-0.1519678235054016,True
varconet_selected,7,732,295,317,-0.00981623213738203,0.04972086101770401,False
varconet_selected,7,733,252,370,-0.00981494877487421,-0.10181088745594025,True
varconet_selected,7,734,273,337,-0.00981458555907011,-0.06420528143644333,True
varconet_selected,7,735,212,307,0.009814244695007801,0.24702055752277374,True
varconet_selected,8,1,268,269,-0.01789519190788269,-0.14235594868659973,True
varconet_selected,8,2,212,269,-0.017339708283543587,-0.3341396450996399,True
varconet_selected,8,3,126,337,-0.01730472408235073,-0.18842217326164246,True
varconet_selected,8,4,216,267,-0.01651681587100029,-0.3417836129665375,True
varconet_selected,8,5,213,269,-0.01623312197625637,-0.24170143902301788,True
varconet_selected,8,6,213,268,-0.015581823885440826,-0.32692641019821167,True
varconet_selected,8,7,66,263,-0.015274110250175,-0.17495909333229065,True
varconet_selected,8,8,166,261,-0.015242969617247581,-0.3350048065185547,True
varconet_selected,8,9,172,261,-0.015238679014146328,-0.21355558931827545,True
varconet_selected,8,10,66,164,-0.015228651463985443,-0.2891254723072052,True
varconet_selected,8,11,33,150,-0.015222088433802128,-0.06944683194160461,True
varconet_selected,8,12,243,249,-0.015191404148936272,-0.12303291261196136,True
varconet_selected,8,13,166,379,0.015076077543199062,0.1985291838645935,True
varconet_selected,8,14,150,175,-0.014995814301073551,-0.2300766408443451,True
varconet_selected,8,15,33,146,-0.014983742497861385,-0.090981125831604,True
varconet_selected,8,16,175,269,0.014937986619770527,0.3837721347808838,True
varconet_selected,8,17,167,379,0.01486212108284235,0.2988777458667755,True
varconet_selected,8,18,212,267,-0.0148576395586133,-0.3575094938278198,True
varconet_selected,8,19,212,253,-0.014806740917265415,-0.23682595789432526,True
varconet_selected,8,20,172,263,-0.014781368896365166,-0.25468721985816956,True
varconet_selected,8,21,62,81,-0.014765827916562557,-0.12951749563217163,True
varconet_selected,8,22,166,263,-0.014657734893262386,-0.38779115676879883,True
varconet_selected,8,23,147,249,-0.014656342566013336,-0.16425791382789612,True
varconet_selected,8,24,213,253,-0.014632301405072212,-0.16756382584571838,True
varconet_selected,8,25,69,250,0.014535370282828808,0.19996647536754608,True
varconet_selected,8,26,269,337,0.014471840113401413,0.46688854694366455,True
varconet_selected,8,27,133,269,0.01432796474546194,0.13684968650341034,True
varconet_selected,8,28,66,261,-0.014319865964353085,-0.160213902592659,True
varconet_selected,8,29,250,282,0.014304866082966328,0.22924761474132538,True
varconet_selected,8,30,66,259,-0.014196672476828098,-0.08630745857954025,True
varconet_selected,8,31,241,269,-0.014174060896039009,-0.11001411080360413,True
varconet_selected,8,32,27,146,-0.014020271599292755,-0.03612883388996124,True
varconet_selected,8,33,240,269,-0.013963127508759499,-0.1904752105474472,True
varconet_selected,8,34,213,252,-0.013962836936116219,-0.259255975484848,True
varconet_selected,8,35,166,373,0.01394334901124239,0.06269730627536774,True
varconet_selected,8,36,111,269,0.01392002310603857,0.07707976549863815,True
varconet_selected,8,37,66,262,-0.013903615064918995,-0.07969863712787628,True
varconet_selected,8,38,250,283,0.013877631165087223,0.1784164160490036,True
varconet_selected,8,39,151,261,0.013871383853256702,0.10243633389472961,True
varconet_selected,8,40,110,191,-0.013840682804584503,-0.3031550347805023,True
varconet_selected,8,41,216,266,-0.013787561096251011,-0.31770461797714233,True
varconet_selected,8,42,274,337,-0.01377677358686924,-0.18508979678153992,True
varconet_selected,8,43,215,268,-0.01376534253358841,-0.2869803309440613,True
varconet_selected,8,44,112,207,0.013761253096163273,0.12873364984989166,True
varconet_selected,8,45,33,148,-0.013745339587330818,0.035136591643095016,False
varconet_selected,8,46,241,253,-0.013730981387197971,-0.1538500040769577,True
varconet_selected,8,47,241,252,-0.01369347982108593,-0.22011494636535645,True
varconet_selected,8,48,62,79,-0.01361575536429882,-0.0024524559266865253,True
varconet_selected,8,49,167,261,-0.013602254912257195,-0.4307011663913727,True
varconet_selected,8,50,31,269,0.013586618937551975,0.2025241255760193,True
varconet_selected,8,51,41,146,-0.013569514267146587,-0.016004810109734535,True
varconet_selected,8,52,62,249,0.013501389883458614,0.20422674715518951,True
varconet_selected,8,53,240,253,-0.013461758382618427,-0.17511318624019623,True
varconet_selected,8,54,166,232,-0.013456893153488636,-0.2293151319026947,True
varconet_selected,8,55,212,252,-0.013408192433416843,-0.2969733476638794,True
varconet_selected,8,56,167,259,-0.013401978649199009,-0.3169611990451813,True
varconet_selected,8,57,216,269,-0.01339833065867424,-0.32460400462150574,True
varconet_selected,8,58,81,148,0.013386361300945282,0.130401611328125,True
varconet_selected,8,59,172,239,-0.013382794335484505,-0.19791501760482788,True
varconet_selected,8,60,166,293,-0.013378620147705078,-0.2426925152540207,True
varconet_selected,8,61,146,209,-0.013371830806136131,-0.42342132329940796,True
varconet_selected,8,62,5,225,0.013365221209824085,0.05638566613197327,True
varconet_selected,8,63,3,146,-0.013333155773580074,-0.29683250188827515,True
varconet_selected,8,64,166,259,-0.01332409493625164,-0.27636784315109253,True
varconet_selected,8,65,241,249,-0.013312097638845444,-0.2399069368839264,True
varconet_selected,8,66,291,298,0.01329927146434784,0.09202296286821365,True
varconet_selected,8,67,110,207,0.01325624343007803,0.10326644033193588,True
varconet_selected,8,68,93,151,-0.013252426870167255,-0.2608480155467987,True
varconet_selected,8,69,166,378,0.013216003775596619,0.19543632864952087,True
varconet_selected,8,70,151,259,0.01316861156374216,0.11249394714832306,True
varconet_selected,8,71,13,175,0.013142051175236702,0.02894260175526142,True
varconet_selected,8,72,172,259,-0.013125327415764332,-0.19606631994247437,True
varconet_selected,8,73,320,374,0.013072587549686432,0.09738942980766296,True
varconet_selected,8,74,166,372,0.01307069230824709,0.13190732896327972,True
varconet_selected,8,75,283,287,0.013066640123724937,-0.13472983241081238,False
varconet_selected,8,76,133,267,0.013061405159533024,0.08547363430261612,True
varconet_selected,8,77,131,153,-0.01304277591407299,-0.058799292892217636,True
varconet_selected,8,78,219,268,-0.012966153211891651,-0.1251649558544159,True
varconet_selected,8,79,229,261,0.012937049381434917,0.2785182595252991,True
varconet_selected,8,80,173,293,-0.01292754802852869,-0.2684790790081024,True
varconet_selected,8,81,243,248,-0.012914903461933136,-0.05637390911579132,True
varconet_selected,8,82,250,259,0.012888859026134014,0.18721018731594086,True
varconet_selected,8,83,64,249,0.012885264120995998,0.3404136002063751,True
varconet_selected,8,84,133,337,-0.01285102404654026,-0.27335524559020996,True
varconet_selected,8,85,321,374,0.012824282050132751,0.08715033531188965,True
varconet_selected,8,86,68,166,-0.012790387496352196,-0.245327889919281,True
varconet_selected,8,87,62,72,-0.01277906633913517,-0.12985768914222717,True
varconet_selected,8,88,183,379,0.01275936234742403,0.15733294188976288,True
varconet_selected,8,89,260,337,0.012716910801827908,0.1646290421485901,True
varconet_selected,8,90,178,336,0.012707177549600601,0.2690276801586151,True
varconet_selected,8,91,241,268,-0.012675553560256958,-0.18728508055210114,True
varconet_selected,8,92,66,239,-0.012650727294385433,-0.09921735525131226,True
varconet_selected,8,93,69,251,0.012650378048419952,0.15490710735321045,True
varconet_selected,8,94,267,268,-0.012639487162232399,-0.15235473215579987,True
varconet_selected,8,95,273,336,-0.012619921006262302,-0.2876523435115814,True
varconet_selected,8,96,157,229,-0.012612631544470787,-0.19443559646606445,True
varconet_selected,8,97,64,73,-0.012589900754392147,-0.055616337805986404,True
varconet_selected,8,98,242,306,0.012586968019604683,0.08463083207607269,True
varconet_selected,8,99,67,303,0.012583248317241669,0.15194205939769745,True
varconet_selected,8,100,110,266,0.012570586055517197,0.03760247677564621,True
varconet_selected,8,101,19,277,0.01257051806896925,-0.05493738129734993,False
varconet_selected,8,102,46,279,0.012565049342811108,0.22689418494701385,True
varconet_selected,8,103,227,249,-0.01255518477410078,-0.06799528747797012,True
varconet_selected,8,104,64,263,-0.012553460896015167,-0.03859651833772659,True
varconet_selected,8,105,62,248,0.01255100965499878,0.14772282540798187,True
varconet_selected,8,106,64,261,-0.012549485079944134,-0.04598997160792351,True
varconet_selected,8,107,166,269,0.012539012357592583,0.28373146057128906,True
varconet_selected,8,108,284,290,0.012524515390396118,0.1922115981578827,True
varconet_selected,8,109,36,200,-0.012522192671895027,-0.026472795754671097,True
varconet_selected,8,110,25,31,0.012521203607320786,0.2923796772956848,True
varconet_selected,8,111,213,248,-0.012491172179579735,-0.3598438501358032,True
varconet_selected,8,112,229,259,0.012488762848079205,0.19049741327762604,True
varconet_selected,8,113,321,362,0.012483951635658741,-0.0425153486430645,False
varconet_selected,8,114,66,166,-0.012471419759094715,-0.163046732544899,True
varconet_selected,8,115,19,265,0.01245294138789177,0.09513696283102036,True
varconet_selected,8,116,215,267,-0.012450972571969032,-0.22938957810401917,True
varconet_selected,8,117,166,253,0.012444335967302322,0.2560240924358368,True
varconet_selected,8,118,167,293,-0.012440785765647888,-0.3144186735153198,True
varconet_selected,8,119,112,337,-0.012434317730367184,-0.2058485746383667,True
varconet_selected,8,120,151,229,-0.01242890302091837,-0.18836599588394165,True
varconet_selected,8,121,62,73,-0.012423179112374783,-0.11895602941513062,True
varconet_selected,8,122,62,263,-0.012411264702677727,-0.043139468878507614,True
varconet_selected,8,123,224,229,0.01239607110619545,0.12987367808818817,True
varconet_selected,8,124,19,267,0.012380314990878105,0.0109853595495224,True
varconet_selected,8,125,291,300,0.01233397051692009,0.12226971238851547,True
varconet_selected,8,126,174,378,0.012308701872825623,0.2572178840637207,True
varconet_selected,8,127,215,276,-0.012287568300962448,-0.2722609341144562,True
varconet_selected,8,128,39,277,0.012279579415917397,0.09370632469654083,True
varconet_selected,8,129,251,282,0.012275330722332,0.20995794236660004,True
varconet_selected,8,130,174,293,-0.01226023118942976,-0.2537764012813568,True
varconet_selected,8,131,1,82,0.012258638627827168,-0.00805443711578846,False
varconet_selected,8,132,166,292,-0.012245888821780682,-0.1205674409866333,True
varconet_selected,8,133,13,151,0.012244963087141514,-0.02119169570505619,False
varconet_selected,8,134,132,337,-0.012235572561621666,-0.23926173150539398,True
varconet_selected,8,135,166,377,0.012207653373479843,0.13419921696186066,True
varconet_selected,8,136,171,379,0.01220173854380846,0.3260688781738281,True
varconet_selected,8,137,31,148,-0.012170741334557533,-0.1671198606491089,True
varconet_selected,8,138,156,175,-0.01216905191540718,-0.14469221234321594,True
varconet_selected,8,139,120,321,-0.01216680184006691,-0.023247508332133293,True
varconet_selected,8,140,212,268,-0.01215625274926424,-0.3327033519744873,True
varconet_selected,8,141,68,252,0.012150654569268227,0.2009732723236084,True
varconet_selected,8,142,212,277,-0.01214736420661211,-0.11839476972818375,True
varconet_selected,8,143,112,328,-0.012146844528615475,-0.11865506321191788,True
varconet_selected,8,144,273,337,-0.012145147658884525,-0.08323030173778534,True
varconet_selected,8,145,339,340,-0.012136938981711864,-0.22615990042686462,True
varconet_selected,8,146,173,379,0.012129681184887886,0.26272737979888916,True
varconet_selected,8,147,56,73,-0.012121490202844143,-0.0228445865213871,True
varconet_selected,8,148,13,157,0.012108322232961655,0.14251694083213806,True
varconet_selected,8,149,185,195,0.012099901214241982,0.1751367300748825,True
varconet_selected,8,150,89,365,-0.012081620283424854,-0.08137799054384232,True
varconet_selected,8,151,13,31,0.01207796111702919,0.16744773089885712,True
varconet_selected,8,152,164,251,0.012068255804479122,0.35714617371559143,True
varconet_selected,8,153,67,93,0.0120648592710495,0.11989670991897583,True
varconet_selected,8,154,200,316,0.012033021077513695,0.2386801391839981,True
varconet_selected,8,155,67,134,-0.012023113667964935,-0.15649430453777313,True
varconet_selected,8,156,147,248,-0.012001882307231426,-0.15600165724754333,True
varconet_selected,8,157,126,141,-0.011996353045105934,-0.19890034198760986,True
varconet_selected,8,158,214,267,-0.011992634274065495,-0.2839145362377167,True
varconet_selected,8,159,12,215,-0.01199042983353138,-0.09224356710910797,True
varconet_selected,8,160,268,277,-0.011961443349719048,-0.06759611517190933,True
varconet_selected,8,161,3,31,0.011955812573432922,0.1843140870332718,True
varconet_selected,8,162,16,286,0.01193684060126543,0.06130727753043175,True
varconet_selected,8,163,12,151,0.011926116421818733,0.04933779686689377,True
varconet_selected,8,164,12,150,0.011901019141077995,0.17758695781230927,True
varconet_selected,8,165,97,229,-0.0118962237611413,-0.13984161615371704,True
varconet_selected,8,166,63,72,-0.01188917737454176,-0.1209171861410141,True
varconet_selected,8,167,113,269,0.011888789013028145,0.04145621880888939,True
varconet_selected,8,168,167,258,-0.011883538216352463,-0.2425628900527954,True
varconet_selected,8,169,104,124,0.011882564052939415,0.06781291961669922,True
varconet_selected,8,170,250,261,0.011882109567523003,0.23341083526611328,True
varconet_selected,8,171,133,268,0.011878523044288158,0.1518692821264267,True
varconet_selected,8,172,142,337,-0.011875000782310963,-0.056881144642829895,True
varconet_selected,8,173,66,282,-0.011844741180539131,-0.2411533147096634,True
varconet_selected,8,174,38,220,-0.011844000779092312,-0.060148950666189194,True
varconet_selected,8,175,213,267,-0.011841576546430588,-0.21073807775974274,True
varconet_selected,8,176,129,300,0.011832581833004951,0.06240680068731308,True
varconet_selected,8,177,58,224,-0.011813811026513577,-0.1058640405535698,True
varconet_selected,8,178,161,212,0.01180599257349968,0.1843441277742386,True
varconet_selected,8,179,106,190,-0.011773639358580112,-0.09990231692790985,True
varconet_selected,8,180,183,375,0.011747144162654877,0.09564933180809021,True
varconet_selected,8,181,216,268,-0.011740746907889843,-0.34744638204574585,True
varconet_selected,8,182,95,229,-0.011738156899809837,-0.08692646771669388,True
varconet_selected,8,183,251,283,0.011735429055988789,0.1393275260925293,True
varconet_selected,8,184,207,212,-0.011733774095773697,-0.19157490134239197,True
varconet_selected,8,185,166,262,-0.011733374558389187,-0.37913933396339417,True
varconet_selected,8,186,177,273,-0.011715235188603401,-0.03577645868062973,True
varconet_selected,8,187,68,263,-0.011713005602359772,-0.16021409630775452,True
varconet_selected,8,188,67,135,-0.011706273071467876,-0.18629474937915802,True
varconet_selected,8,189,176,378,0.011692902073264122,0.16089127957820892,True
varconet_selected,8,190,62,77,-0.011691021732985973,-0.06447570025920868,True
varconet_selected,8,191,66,281,0.011684115044772625,0.18866659700870514,True
varconet_selected,8,192,111,268,0.011664209887385368,0.23007069528102875,True
varconet_selected,8,193,153,179,0.011662106961011887,0.04319627210497856,True
varconet_selected,8,194,173,290,-0.011658945120871067,-0.2172040045261383,True
varconet_selected,8,195,62,253,0.011654992587864399,0.039456311613321304,True
varconet_selected,8,196,58,222,-0.011653607711195946,0.026841990649700165,False
varconet_selected,8,197,167,239,-0.011630574241280556,-0.2684098482131958,True
varconet_selected,8,198,62,68,-0.011616462841629982,-0.017427677288651466,True
varconet_selected,8,199,63,81,-0.01160640548914671,-0.08666065335273743,True
varconet_selected,8,200,175,379,0.011601125821471214,0.20949313044548035,True
varconet_selected,8,201,171,375,0.011598093435168266,0.06391814351081848,True
varconet_selected,8,202,101,109,0.01159618329256773,0.25896984338760376,True
varconet_selected,8,203,251,317,0.011593375355005264,0.09594451636075974,True
varconet_selected,8,204,131,269,0.0115922586992383,0.24983327090740204,True
varconet_selected,8,205,48,337,0.011587003245949745,0.11625132709741592,True
varconet_selected,8,206,106,336,-0.011581399478018284,0.04117685928940773,False
varconet_selected,8,207,213,249,-0.011575918644666672,-0.3037589192390442,True
varconet_selected,8,208,217,268,-0.01156898494809866,-0.4204827845096588,True
varconet_selected,8,209,148,149,-0.011568387039005756,0.15533198416233063,False
varconet_selected,8,210,62,66,-0.01155698299407959,-0.14839494228363037,True
varconet_selected,8,211,317,374,0.011552141048014164,-0.01896554045379162,False
varconet_selected,8,212,177,312,0.011551802046597004,-0.11968272179365158,False
varconet_selected,8,213,167,373,0.011551219038665295,0.06454893946647644,True
varconet_selected,8,214,68,164,-0.011550606228411198,-0.21839675307273865,True
varconet_selected,8,215,224,251,0.011541692540049553,0.11969911307096481,True
varconet_selected,8,216,166,295,-0.011537330225110054,-0.17772914469242096,True
varconet_selected,8,217,12,103,-0.011536773294210434,-0.08691325783729553,True
varconet_selected,8,218,241,248,-0.011524529196321964,-0.2590157985687256,True
varconet_selected,8,219,8,173,-0.011523588560521603,-0.10822810232639313,True
varconet_selected,8,220,63,68,-0.011523442342877388,-0.034918639808893204,True
varconet_selected,8,221,68,167,-0.011520386673510075,-0.18735206127166748,True
varconet_selected,8,222,127,263,-0.011519081890583038,0.03305476903915405,False
varconet_selected,8,223,178,337,0.011512257158756256,0.2532985508441925,True
varconet_selected,8,224,30,279,0.011503412388265133,0.08900776505470276,True
varconet_selected,8,225,133,276,0.01150200143456459,0.2565540075302124,True
varconet_selected,8,226,103,157,0.011501109227538109,0.18828505277633667,True
varconet_selected,8,227,130,153,-0.011496011167764664,-0.17338679730892181,True
varconet_selected,8,228,62,261,-0.011494587175548077,-0.09436416625976562,True
varconet_selected,8,229,167,295,-0.011494140140712261,-0.30283141136169434,True
varconet_selected,8,230,219,337,0.011482679285109043,0.18608824908733368,True
varconet_selected,8,231,166,374,0.011469922959804535,0.1645568460226059,True
varconet_selected,8,232,110,269,0.01146387867629528,-0.07773330807685852,False
varconet_selected,8,233,284,292,0.011427097022533417,0.18830381333827972,True
varconet_selected,8,234,293,300,0.011422291398048401,0.01032432820647955,True
varconet_selected,8,235,174,261,-0.011422084644436836,-0.3125285804271698,True
varconet_selected,8,236,131,207,0.011418602429330349,0.2074510008096695,True
varconet_selected,8,237,20,175,-0.011410338804125786,-0.0018978958250954747,True
varconet_selected,8,238,105,120,0.011398827657103539,0.13452230393886566,True
varconet_selected,8,239,269,284,-0.011398298665881157,-0.21528814733028412,True
varconet_selected,8,240,223,287,-0.011392081156373024,-0.0036167677026242018,True
varconet_selected,8,241,209,212,-0.011390495114028454,-0.2300795167684555,True
varconet_selected,8,242,30,38,-0.011387242004275322,-0.09089046716690063,True
varconet_selected,8,243,209,214,-0.011379748582839966,-0.25706642866134644,True
varconet_selected,8,244,156,337,-0.01137087307870388,-0.20866931974887848,True
varconet_selected,8,245,126,127,-0.011364541947841644,-0.2604796886444092,True
varconet_selected,8,246,164,263,-0.011362798511981964,-0.24264837801456451,True
varconet_selected,8,247,106,266,0.0113561125472188,0.061955757439136505,True
varconet_selected,8,248,172,378,0.011354556307196617,0.12542341649532318,True
varconet_selected,8,249,102,179,-0.011353756301105022,-0.27707812190055847,True
varconet_selected,8,250,215,266,-0.011350992135703564,-0.3458429276943207,True
varconet_selected,8,251,249,261,0.01134727243334055,0.17568275332450867,True
varconet_selected,8,252,36,273,0.011347191408276558,0.009515982121229172,True
varconet_selected,8,253,212,249,-0.01134263351559639,-0.2824772596359253,True
varconet_selected,8,254,217,267,-0.011331168003380299,-0.2673426866531372,True
varconet_selected,8,255,201,290,-0.011329451575875282,0.03323841840028763,False
varconet_selected,8,256,68,253,0.011327264830470085,0.24282868206501007,True
varconet_selected,8,257,129,301,0.011324310675263405,0.039087727665901184,True
varconet_selected,8,258,231,365,-0.01132131740450859,-0.2261846959590912,True
varconet_selected,8,259,164,381,0.01131376251578331,0.08360998332500458,True
varconet_selected,8,260,261,369,0.011309112422168255,0.13125647604465485,True
varconet_selected,8,261,62,80,-0.011297466233372688,-0.10786708444356918,True
varconet_selected,8,262,174,269,0.011296945624053478,0.21455585956573486,True
varconet_selected,8,263,249,259,0.011296316049993038,0.15306904911994934,True
varconet_selected,8,264,19,229,-0.011292452923953533,-0.04937215521931648,True
varconet_selected,8,265,252,262,0.011275703087449074,0.09430582076311111,True
varconet_selected,8,266,269,276,-0.011273947544395924,-0.3538406789302826,True
varconet_selected,8,267,111,267,0.011262652464210987,-0.0031267288140952587,False
varconet_selected,8,268,150,261,0.011254210025072098,0.10197484493255615,True
varconet_selected,8,269,89,345,-0.011252475902438164,-0.1690502017736435,True
varconet_selected,8,270,31,267,0.011249255388975143,0.16652977466583252,True
varconet_selected,8,271,265,270,-0.01124882884323597,-0.09557180851697922,True
varconet_selected,8,272,110,336,-0.01124591939151287,-0.06335612386465073,True
varconet_selected,8,273,132,207,0.011244498193264008,0.11418931186199188,True
varconet_selected,8,274,200,336,0.011242483742535114,0.17652788758277893,True
varconet_selected,8,275,229,365,-0.011240165680646896,-0.21383272111415863,True
varconet_selected,8,276,272,336,-0.011238464154303074,-0.21389584243297577,True
varconet_selected,8,277,110,337,-0.01122182235121727,-0.15246842801570892,True
varconet_selected,8,278,140,337,-0.011216483078897,-0.18528437614440918,True
varconet_selected,8,279,64,259,-0.01121643465012312,-0.0618547759950161,True
varconet_selected,8,280,123,125,-0.011209369637072086,-0.04483763128519058,True
varconet_selected,8,281,166,258,-0.011206009425222874,-0.32021060585975647,True
varconet_selected,8,282,120,176,0.011199252679944038,0.047918498516082764,True
varconet_selected,8,283,93,150,-0.011196030303835869,-0.1773580014705658,True
varconet_selected,8,284,135,263,-0.011193928308784962,0.040575217455625534,False
varconet_selected,8,285,68,250,0.011185324750840664,0.2332216501235962,True
varconet_selected,8,286,63,80,-0.011175358667969704,-0.05075455829501152,True
varconet_selected,8,287,112,276,0.011173908598721027,0.2275015264749527,True
varconet_selected,8,288,282,337,-0.011154108680784702,-0.20375175774097443,True
varconet_selected,8,289,62,251,0.011139960028231144,0.08349259942770004,True
varconet_selected,8,290,150,151,-0.01113316509872675,0.029087742790579796,False
varconet_selected,8,291,213,276,-0.011126995086669922,-0.20319490134716034,True
varconet_selected,8,292,164,261,-0.01111328974366188,-0.12843428552150726,True
varconet_selected,8,293,113,229,-0.011109871789813042,-0.2192247360944748,True
varconet_selected,8,294,13,215,-0.011104803532361984,-0.08980710804462433,True
varconet_selected,8,295,110,268,0.01110275462269783,0.027615539729595184,True
varconet_selected,8,296,112,268,0.011101512238383293,0.1447075456380844,True
varconet_selected,8,297,106,258,0.011098484508693218,-0.003190385876223445,False
varconet_selected,8,298,226,337,-0.011096658185124397,-0.1664009541273117,True
varconet_selected,8,299,251,259,0.011094157584011555,0.15745878219604492,True
varconet_selected,8,300,284,379,-0.011092666536569595,-0.17051973938941956,True
varconet_selected,8,301,73,308,-0.011076482944190502,-0.0024793848861008883,True
varconet_selected,8,302,63,66,-0.011071019805967808,-0.21590442955493927,True
varconet_selected,8,303,166,369,0.011059150099754333,0.011887998320162296,True
varconet_selected,8,304,240,252,-0.011058845557272434,-0.2383769005537033,True
varconet_selected,8,305,179,269,-0.01105223037302494,-0.06700383871793747,True
varconet_selected,8,306,127,261,-0.011048414744436741,-0.06032445281744003,True
varconet_selected,8,307,230,260,0.011043727397918701,0.24555690586566925,True
varconet_selected,8,308,164,259,-0.01103801280260086,-0.21805407106876373,True
varconet_selected,8,309,41,200,-0.01103303674608469,-0.07336754351854324,True
varconet_selected,8,310,269,367,-0.011031661182641983,-0.13442862033843994,True
varconet_selected,8,311,173,287,-0.011029930785298347,-0.22793613374233246,True
varconet_selected,8,312,92,129,0.011028926819562912,-0.052578605711460114,False
varconet_selected,8,313,155,359,0.011026818305253983,-0.0009356570080853999,False
varconet_selected,8,314,173,269,0.01102587953209877,0.30121979117393494,True
varconet_selected,8,315,73,166,-0.01102386973798275,-0.15909066796302795,True
varconet_selected,8,316,29,344,-0.01102231815457344,-0.08001860231161118,True
varconet_selected,8,317,258,281,0.011021515354514122,0.1719595491886139,True
varconet_selected,8,318,157,179,0.011015009135007858,0.20584312081336975,True
varconet_selected,8,319,217,266,-0.0110092181712389,-0.30940648913383484,True
varconet_selected,8,320,127,338,-0.011001973412930965,-0.11650986969470978,True
varconet_selected,8,321,98,268,0.010997604578733444,0.14349080622196198,True
varconet_selected,8,322,207,252,-0.010991358198225498,-0.2974184453487396,True
varconet_selected,8,323,267,276,-0.01099103782325983,-0.19145819544792175,True
varconet_selected,8,324,179,199,0.0109871132299304,0.14726950228214264,True
varconet_selected,8,325,157,261,0.01098618097603321,0.14041434228420258,True
varconet_selected,8,326,20,173,-0.010969479568302631,-0.07534803450107574,True
varconet_selected,8,327,234,336,-0.01096919272094965,-0.10365314781665802,True
varconet_selected,8,328,31,150,-0.010968065820634365,-0.08304054290056229,True
varconet_selected,8,329,164,337,-0.010963928885757923,-0.16636788845062256,True
varconet_selected,8,330,92,100,0.010961194522678852,0.19156451523303986,True
varconet_selected,8,331,214,253,-0.010960829444229603,-0.27965930104255676,True
varconet_selected,8,332,64,253,0.010960274375975132,0.23219376802444458,True
varconet_selected,8,333,212,248,-0.010952459648251534,-0.357180118560791,True
varconet_selected,8,334,111,276,0.010951709002256393,0.19900257885456085,True
varconet_selected,8,335,253,262,0.010946394875645638,0.008992667309939861,True
varconet_selected,8,336,12,157,0.01094540860503912,0.12197760492563248,True
varconet_selected,8,337,12,382,-0.010942109860479832,-0.12427862733602524,True
varconet_selected,8,338,231,261,0.01094062253832817,0.29121920466423035,True
varconet_selected,8,339,167,290,-0.010937795042991638,-0.17778900265693665,True
varconet_selected,8,340,103,175,0.010926570743322372,0.22703596949577332,True
varconet_selected,8,341,208,379,0.010926003567874432,0.02582201361656189,True
varconet_selected,8,342,151,263,0.010923531837761402,0.030323727056384087,True
varconet_selected,8,343,103,151,0.010918553918600082,0.1027236059308052,True
varconet_selected,8,344,250,323,0.01091823074966669,0.1860516518354416,True
varconet_selected,8,345,16,278,0.010915087535977364,0.05948219448328018,True
varconet_selected,8,346,148,225,-0.010915064252912998,-0.14579066634178162,True
varconet_selected,8,347,378,379,-0.010912247933447361,-0.13492631912231445,True
varconet_selected,8,348,112,269,0.01091053057461977,-0.033527180552482605,False
varconet_selected,8,349,67,291,-0.010901345871388912,-0.12947361171245575,True
varconet_selected,8,350,184,217,0.010900291614234447,0.032240208238363266,True
varconet_selected,8,351,13,225,0.010897156782448292,0.1253015547990799,True
varconet_selected,8,352,43,188,0.010889539495110512,0.06565137207508087,True
varconet_selected,8,353,240,249,-0.010888379067182541,-0.26053860783576965,True
varconet_selected,8,354,129,175,-0.010888027027249336,-0.24450190365314484,True
varconet_selected,8,355,361,379,-0.010887003503739834,-0.030590515583753586,True
varconet_selected,8,356,62,109,-0.010883254930377007,-0.06609959900379181,True
varconet_selected,8,357,321,375,0.010883155278861523,0.10782837867736816,True
varconet_selected,8,358,95,150,-0.010879560373723507,-0.24461457133293152,True
varconet_selected,8,359,13,382,-0.010876938700675964,-0.10755401104688644,True
varconet_selected,8,360,249,283,0.010863292962312698,0.23836243152618408,True
varconet_selected,8,361,171,270,-0.010857945308089256,-0.19765330851078033,True
varconet_selected,8,362,122,261,-0.010857930406928062,-0.02651931345462799,True
varconet_selected,8,363,67,258,-0.010845978744328022,-0.18518471717834473,True
varconet_selected,8,364,149,150,-0.010841792449355125,0.0942462757229805,False
varconet_selected,8,365,169,175,0.010836858302354813,0.11543171107769012,True
varconet_selected,8,366,54,250,0.01082693226635456,-0.004560571629554033,False
varconet_selected,8,367,13,252,-0.010819999501109123,-0.2243034690618515,True
varconet_selected,8,368,270,316,-0.010814706794917583,-0.06114496290683746,True
varconet_selected,8,369,126,143,-0.01081229280680418,-0.16272789239883423,True
varconet_selected,8,370,177,270,-0.010808874852955341,-0.07512398064136505,True
varconet_selected,8,371,121,153,-0.010806080885231495,-0.07556769251823425,True
varconet_selected,8,372,282,381,0.010797575116157532,0.24132828414440155,True
varconet_selected,8,373,15,225,0.01078920066356659,0.1521989405155182,True
varconet_selected,8,374,239,316,-0.010788243263959885,-0.04651224985718727,True
varconet_selected,8,375,98,372,0.010787082836031914,0.2260696291923523,True
varconet_selected,8,376,227,258,0.01078498549759388,0.14611420035362244,True
varconet_selected,8,377,249,265,0.010780876502394676,0.22228606045246124,True
varconet_selected,8,378,229,258,0.010777143761515617,0.17193087935447693,True
varconet_selected,8,379,21,258,0.010775948874652386,0.04695702716708183,True
varconet_selected,8,380,323,361,0.0107688307762146,0.07122723013162613,True
varconet_selected,8,381,64,69,-0.01076808013021946,-0.015829866752028465,True
varconet_selected,8,382,338,341,-0.01076720654964447,-0.26448166370391846,True
varconet_selected,8,383,183,370,0.010756222531199455,0.2905304729938507,True
varconet_selected,8,384,276,277,-0.010754305869340897,-0.3431626558303833,True
varconet_selected,8,385,61,229,0.010751079767942429,0.3782317042350769,True
varconet_selected,8,386,240,277,-0.010747311636805534,-0.062479421496391296,True
varconet_selected,8,387,175,253,0.010746926069259644,0.24212753772735596,True
varconet_selected,8,388,51,365,-0.010746018961071968,-0.08014530688524246,True
varconet_selected,8,389,219,276,-0.010745101608335972,-0.1722297966480255,True
varconet_selected,8,390,135,259,-0.010742122307419777,-0.07458596676588058,True
varconet_selected,8,391,242,249,-0.01073418278247118,-0.1458747535943985,True
varconet_selected,8,392,266,267,-0.010725456289947033,-0.053397368639707565,True
varconet_selected,8,393,171,373,0.010719943791627884,0.08184361457824707,True
varconet_selected,8,394,66,258,-0.010718251578509808,-0.08236808329820633,True
varconet_selected,8,395,153,294,-0.010712223127484322,-0.13610772788524628,True
varconet_selected,8,396,229,257,0.010708285495638847,0.16630244255065918,True
varconet_selected,8,397,259,316,-0.01070319302380085,-0.1900292932987213,True
varconet_selected,8,398,207,268,-0.010683735832571983,-0.3354116678237915,True
varconet_selected,8,399,279,283,0.010676282458007336,-0.07694327086210251,False
varconet_selected,8,400,73,214,-0.010673378594219685,-0.22645506262779236,True
varconet_selected,8,401,249,250,-0.010672197677195072,-0.22547192871570587,True
varconet_selected,8,402,68,172,-0.010662314482033253,-0.11411922425031662,True
varconet_selected,8,403,167,377,0.010658296756446362,0.10999079793691635,True
varconet_selected,8,404,69,172,-0.010653521865606308,-0.22523796558380127,True
varconet_selected,8,405,67,119,0.010651377961039543,0.12327775359153748,True
varconet_selected,8,406,29,207,0.010650083422660828,0.27886447310447693,True
varconet_selected,8,407,21,93,-0.01064930111169815,-0.3208441138267517,True
varconet_selected,8,408,111,253,0.01064609456807375,-0.004753112327307463,False
varconet_selected,8,409,93,225,-0.010625207796692848,-0.10636267811059952,True
varconet_selected,8,410,112,209,0.010615489445626736,0.040565554052591324,True
varconet_selected,8,411,113,267,0.010611558333039284,0.10199319571256638,True
varconet_selected,8,412,157,215,0.010610620491206646,0.14403139054775238,True
varconet_selected,8,413,68,261,-0.010608237236738205,-0.131692573428154,True
varconet_selected,8,414,200,337,0.010605518706142902,0.1274937093257904,True
varconet_selected,8,415,275,337,-0.01059211976826191,-0.24162371456623077,True
varconet_selected,8,416,100,336,-0.010590645484626293,0.11495987325906754,False
varconet_selected,8,417,135,261,-0.01059024129062891,-0.05297258496284485,True
varconet_selected,8,418,72,282,-0.010587766766548157,-0.07763630896806717,True
varconet_selected,8,419,224,249,0.01058291457593441,0.0453486330807209,True
varconet_selected,8,420,172,293,-0.010580900125205517,-0.2542790472507477,True
varconet_selected,8,421,167,372,0.010578918270766735,0.07509566098451614,True
varconet_selected,8,422,166,257,-0.010570865124464035,-0.17622214555740356,True
varconet_selected,8,423,3,100,-0.01056477427482605,-0.20347504317760468,True
varconet_selected,8,424,207,242,-0.010564682073891163,-0.09440901130437851,True
varconet_selected,8,425,228,259,0.01056307926774025,0.17238160967826843,True
varconet_selected,8,426,175,268,0.010561653412878513,0.23499710857868195,True
varconet_selected,8,427,92,336,-0.01055931206792593,-0.0022027853410691023,True
varconet_selected,8,428,166,376,0.010551326908171177,0.07808380573987961,True
varconet_selected,8,429,29,365,-0.010548008605837822,-0.11966423690319061,True
varconet_selected,8,430,160,293,-0.010547054000198841,0.0167285967618227,False
varconet_selected,8,431,27,71,0.01054309867322445,0.03748083487153053,True
varconet_selected,8,432,153,314,-0.01053950097411871,-0.01932736113667488,True
varconet_selected,8,433,168,295,-0.010537106543779373,-0.1464804857969284,True
varconet_selected,8,434,103,118,0.01053630281239748,0.16791972517967224,True
varconet_selected,8,435,201,270,-0.010533028282225132,-0.13394829630851746,True
varconet_selected,8,436,106,191,-0.010528300888836384,-0.17687220871448517,True
varconet_selected,8,437,207,269,-0.010526844300329685,-0.20905843377113342,True
varconet_selected,8,438,68,249,0.010526780039072037,0.18886062502861023,True
varconet_selected,8,439,68,308,-0.010523644275963306,-0.07987990975379944,True
varconet_selected,8,440,70,263,-0.010522736236453056,-0.053870394825935364,True
varconet_selected,8,441,317,373,0.010517952963709831,0.07308687269687653,True
varconet_selected,8,442,164,250,0.010517642833292484,0.25781819224357605,True
varconet_selected,8,443,274,336,-0.010514752008020878,-0.20692679286003113,True
varconet_selected,8,444,102,103,-0.010513524524867535,-0.1469443440437317,True
varconet_selected,8,445,174,379,0.010510869324207306,0.20067448914051056,True
varconet_selected,8,446,68,259,-0.010508010163903236,-0.06852168589830399,True
varconet_selected,8,447,201,264,-0.010503886267542839,-0.2473330944776535,True
varconet_selected,8,448,62,252,0.010503413155674934,0.04279031977057457,True
varconet_selected,8,449,165,367,0.010502204298973083,-0.027881890535354614,False
varconet_selected,8,450,295,317,-0.010501528158783913,0.06340096145868301,False
varconet_selected,8,451,125,236,0.010500840842723846,0.050717368721961975,True
varconet_selected,8,452,170,259,-0.010499556548893452,-0.17506183683872223,True
varconet_selected,8,453,133,253,0.010498763993382454,0.16450278460979462,True
varconet_selected,8,454,29,277,0.01049378328025341,0.11841563880443573,True
varconet_selected,8,455,15,223,0.010485945269465446,0.17438802123069763,True
varconet_selected,8,456,65,68,-0.010479622520506382,0.057690832763910294,False
varconet_selected,8,457,64,166,-0.010478745214641094,-0.01986709050834179,True
varconet_selected,8,458,166,291,-0.010478626936674118,-0.23870974779129028,True
varconet_selected,8,459,172,374,0.010475613176822662,0.18367713689804077,True
varconet_selected,8,460,153,295,-0.010467367246747017,-0.13100206851959229,True
varconet_selected,8,461,261,316,-0.010466811247169971,-0.23671171069145203,True
varconet_selected,8,462,68,251,0.01046532578766346,0.23371495306491852,True
varconet_selected,8,463,62,69,-0.01045833621174097,-0.08441702276468277,True
varconet_selected,8,464,194,335,-0.010453740134835243,-0.05597829073667526,True
varconet_selected,8,465,293,301,0.010453321970999241,0.04683516547083855,True
varconet_selected,8,466,56,249,0.010451899841427803,0.1628769189119339,True
varconet_selected,8,467,93,365,-0.01044795848429203,-0.22335980832576752,True
varconet_selected,8,468,100,272,0.0104383435100317,0.04738511145114899,True
varconet_selected,8,469,71,345,-0.010432185605168343,0.03856727108359337,False
varconet_selected,8,470,32,173,-0.010428342968225479,-0.23006054759025574,True
varconet_selected,8,471,68,262,-0.010416660457849503,-0.0990293025970459,True
varconet_selected,8,472,64,174,-0.01041070744395256,-0.15637412667274475,True
varconet_selected,8,473,128,175,-0.010405699722468853,-0.2121136337518692,True
varconet_selected,8,474,217,269,-0.01040249690413475,-0.32125386595726013,True
varconet_selected,8,475,287,337,-0.010398727841675282,-0.11674182862043381,True
varconet_selected,8,476,179,337,0.010398222133517265,0.3590262234210968,True
varconet_selected,8,477,65,369,0.010393927805125713,0.11684641242027283,True
varconet_selected,8,478,62,239,-0.010389793664216995,0.02266857773065567,False
varconet_selected,8,479,173,375,0.010386339388787746,0.12795084714889526,True
varconet_selected,8,480,328,361,0.010375387966632843,0.025034064427018166,True
varconet_selected,8,481,8,172,-0.010374451987445354,-0.12073437869548798,True
varconet_selected,8,482,64,109,-0.0103693176060915,-0.06346144527196884,True
varconet_selected,8,483,217,270,-0.010366670787334442,-0.048455242067575455,True
varconet_selected,8,484,209,379,0.01036587730050087,0.030597534030675888,True
varconet_selected,8,485,77,106,0.010364039801061153,0.05329205095767975,True
varconet_selected,8,486,73,93,0.010363303124904633,0.24559548497200012,True
varconet_selected,8,487,111,277,0.01035945862531662,0.055726997554302216,True
varconet_selected,8,488,250,262,0.010359195992350578,0.20031394064426422,True
varconet_selected,8,489,62,259,-0.010358891449868679,-0.1330557018518448,True
varconet_selected,8,490,173,179,0.010355273261666298,0.06412932276725769,True
varconet_selected,8,491,77,149,0.010355105623602867,0.01843838393688202,True
varconet_selected,8,492,249,251,-0.010354738682508469,-0.1316293478012085,True
varconet_selected,8,493,67,293,-0.010351680219173431,-0.08520375192165375,True
varconet_selected,8,494,89,363,-0.010351007804274559,0.02513803355395794,False
varconet_selected,8,495,265,287,0.010350671596825123,-0.0004947929410263896,False
varconet_selected,8,496,164,258,-0.010347391478717327,-0.16495996713638306,True
varconet_selected,8,497,167,234,-0.010345552116632462,-0.25442689657211304,True
varconet_selected,8,498,9,205,0.010344620794057846,-0.10255125164985657,False
varconet_selected,8,499,129,299,0.010342945344746113,0.006930210627615452,True
varconet_selected,8,500,175,183,0.010338832624256611,0.16793055832386017,True
varconet_selected,8,501,183,293,-0.010330657474696636,-0.13753806054592133,True
varconet_selected,8,502,55,381,-0.010323475115001202,-0.021550379693508148,True
varconet_selected,8,503,250,263,0.01032248418778181,0.18917368352413177,True
varconet_selected,8,504,251,262,0.010321911424398422,0.15975481271743774,True
varconet_selected,8,505,12,21,0.010321486741304398,0.13158729672431946,True
varconet_selected,8,506,283,299,0.010321234352886677,0.006889352109283209,True
varconet_selected,8,507,171,290,-0.010320301167666912,-0.15933476388454437,True
varconet_selected,8,508,13,372,-0.010316139087080956,-0.23101438581943512,True
varconet_selected,8,509,228,261,0.010309903882443905,0.24498958885669708,True
varconet_selected,8,510,195,246,0.0103083411231637,0.02899187058210373,True
varconet_selected,8,511,101,111,0.01030801609158516,0.28476831316947937,True
varconet_selected,8,512,98,156,-0.010307706892490387,-0.06763016432523727,True
varconet_selected,8,513,258,303,0.010306057520210743,0.044272370636463165,True
varconet_selected,8,514,126,133,-0.0103053143247962,-0.47954073548316956,True
varconet_selected,8,515,149,267,0.010304887779057026,-0.04120413586497307,False
varconet_selected,8,516,215,269,-0.010301982052624226,-0.20976082980632782,True
varconet_selected,8,517,190,301,-0.010301471687853336,-0.1980035901069641,True
varconet_selected,8,518,322,338,0.010297244414687157,0.1516621857881546,True
varconet_selected,8,519,62,369,0.010295026004314423,0.056211795657873154,True
varconet_selected,8,520,62,75,-0.010293994098901749,-0.10882868617773056,True
varconet_selected,8,521,270,323,-0.010290056467056274,-0.07954149693250656,True
varconet_selected,8,522,73,263,-0.010288900695741177,0.017381509765982628,False
varconet_selected,8,523,32,183,-0.010283994488418102,-0.17035658657550812,True
varconet_selected,8,524,31,252,0.010282976552844048,0.027454892173409462,True
varconet_selected,8,525,252,282,0.010282796807587147,0.12423665821552277,True
varconet_selected,8,526,80,166,-0.010282413102686405,0.03767206892371178,False
varconet_selected,8,527,64,79,-0.010277869179844856,0.06336388736963272,False
varconet_selected,8,528,64,248,0.010272425599396229,0.35957884788513184,True
varconet_selected,8,529,2,183,-0.010269610211253166,-0.08728592842817307,True
varconet_selected,8,530,182,263,-0.01026514545083046,-0.21082419157028198,True
varconet_selected,8,531,317,372,0.010264954529702663,-0.010320204310119152,False
varconet_selected,8,532,200,207,-0.010262072086334229,-0.24624797701835632,True
varconet_selected,8,533,69,166,-0.01026104111224413,-0.24323900043964386,True
varconet_selected,8,534,98,269,0.010260254144668579,0.148418128490448,True
varconet_selected,8,535,110,190,-0.01025907602161169,-0.18595227599143982,True
varconet_selected,8,536,110,267,0.010256927460432053,-0.09630662202835083,False
varconet_selected,8,537,20,57,-0.010254032909870148,-0.09133868664503098,True
varconet_selected,8,538,253,351,-0.010249599814414978,-0.027675025165081024,True
varconet_selected,8,539,150,337,-0.010246464982628822,-0.25036725401878357,True
varconet_selected,8,540,167,378,0.010245516896247864,0.0793699398636818,True
varconet_selected,8,541,150,179,0.010244620032608509,-0.0032434926833957434,False
varconet_selected,8,542,13,212,-0.01024364959448576,-0.16168268024921417,True
varconet_selected,8,543,224,250,0.010243172757327557,0.1978253722190857,True
varconet_selected,8,544,178,209,-0.010242237709462643,-0.23546841740608215,True
varconet_selected,8,545,4,321,-0.010234186425805092,-0.10293245315551758,True
varconet_selected,8,546,79,172,-0.010233431123197079,-0.062317170202732086,True
varconet_selected,8,547,75,291,-0.010229591280221939,-0.07848634570837021,True
varconet_selected,8,548,8,166,-0.010226462036371231,-0.15385954082012177,True
varconet_selected,8,549,240,267,-0.010222545824944973,-0.2355729341506958,True
varconet_selected,8,550,144,344,0.010221338830888271,-0.005342121236026287,False
varconet_selected,8,551,322,361,0.010212513618171215,0.06119702011346817,True
varconet_selected,8,552,164,167,-0.010207134298980236,-0.384744256734848,True
varconet_selected,8,553,81,150,0.010205178521573544,0.2149912416934967,True
varconet_selected,8,554,112,329,-0.010203859768807888,-0.13420410454273224,True
varconet_selected,8,555,93,109,0.010202955454587936,0.290811151266098,True
varconet_selected,8,556,2,200,-0.010202491655945778,-0.435702383518219,True
varconet_selected,8,557,72,164,-0.010200535878539085,-0.038306619971990585,True
varconet_selected,8,558,164,379,0.010199034586548805,0.20107710361480713,True
varconet_selected,8,559,215,252,-0.010197030380368233,-0.3107287585735321,True
varconet_selected,8,560,250,305,0.010194149799644947,0.06404802948236465,True
varconet_selected,8,561,177,379,0.010193118825554848,0.26813945174217224,True
varconet_selected,8,562,284,293,0.01018549408763647,0.0318572074174881,True
varconet_selected,8,563,370,378,-0.010183431208133698,0.013436993584036827,False
varconet_selected,8,564,236,336,-0.010182693600654602,-0.17475412786006927,True
varconet_selected,8,565,92,337,-0.010179383680224419,-0.09360305219888687,True
varconet_selected,8,566,69,167,-0.01017893198877573,-0.25453487038612366,True
varconet_selected,8,567,62,269,0.010177571326494217,-0.028345678001642227,False
varconet_selected,8,568,216,253,-0.0101771280169487,-0.09491027146577835,True
varconet_selected,8,569,133,266,0.01017381064593792,0.02833203226327896,True
varconet_selected,8,570,132,134,0.010173369199037552,0.03535880520939827,True
varconet_selected,8,571,38,224,-0.010172092355787754,-0.015558498911559582,True
varconet_selected,8,572,259,346,-0.010171975940465927,-0.07428945600986481,True
varconet_selected,8,573,66,165,-0.010169302113354206,-0.2675156891345978,True
varconet_selected,8,574,18,36,0.010167567990720272,0.07033128291368484,True
varconet_selected,8,575,167,257,-0.01016702689230442,-0.23027659952640533,True
varconet_selected,8,576,158,174,-0.010165312327444553,-0.0436064712703228,True
varconet_selected,8,577,166,375,0.010159671306610107,0.05984102189540863,True
varconet_selected,8,578,1,252,-0.010157938115298748,-0.3229774534702301,True
varconet_selected,8,579,268,337,0.010156634263694286,0.4157618284225464,True
varconet_selected,8,580,112,336,-0.010155773721635342,-0.10256782174110413,True
varconet_selected,8,581,115,295,0.010154969058930874,0.11673204600811005,True
varconet_selected,8,582,212,266,-0.010153837502002716,-0.3503853678703308,True
varconet_selected,8,583,378,383,-0.010153725743293762,0.08024224638938904,False
varconet_selected,8,584,200,338,0.010147341527044773,0.2441140115261078,True
varconet_selected,8,585,112,191,-0.01014582347124815,-0.19473570585250854,True
varconet_selected,8,586,67,282,-0.010143142193555832,-0.2022116631269455,True
varconet_selected,8,587,264,265,-0.010142884217202663,-0.17937639355659485,True
varconet_selected,8,588,72,263,-0.010141218081116676,-0.10704535245895386,True
varconet_selected,8,589,2,36,-0.010140152648091316,-0.03282133489847183,True
varconet_selected,8,590,70,262,-0.010139888152480125,0.07620242238044739,False
varconet_selected,8,591,251,331,0.010139689780771732,0.04893575981259346,True
varconet_selected,8,592,173,294,-0.010130447335541248,-0.2980327010154724,True
varconet_selected,8,593,93,102,0.010128485038876534,0.2677202820777893,True
varconet_selected,8,594,175,277,0.01012593787163496,0.24779780209064484,True
varconet_selected,8,595,159,293,-0.01012546755373478,0.0007366447243839502,False
varconet_selected,8,596,183,234,-0.010123743675649166,-0.06987819075584412,True
varconet_selected,8,597,30,220,-0.010123524814844131,-0.04887590557336807,True
varconet_selected,8,598,134,226,0.01011652871966362,-0.05339309945702553,False
varconet_selected,8,599,65,104,0.01011355035007,0.08569013327360153,True
varconet_selected,8,600,130,152,-0.010111111216247082,-0.10150111466646194,True
varconet_selected,8,601,12,214,-0.010110116563737392,-0.13077370822429657,True
varconet_selected,8,602,160,292,-0.010106679983437061,0.008762326091527939,False
varconet_selected,8,603,65,317,-0.01010490208864212,-0.06390305608510971,True
varconet_selected,8,604,154,381,0.010104354470968246,0.04219390079379082,True
varconet_selected,8,605,65,166,-0.010099590755999088,-0.06721293926239014,True
varconet_selected,8,606,167,238,-0.010099507868289948,-0.199531689286232,True
varconet_selected,8,607,121,206,0.010095807723701,-0.007196702063083649,False
varconet_selected,8,608,36,272,0.01009458303451538,-0.011694642715156078,False
varconet_selected,8,609,175,293,-0.010094281286001205,-0.1933984011411667,True
varconet_selected,8,610,133,166,-0.010091218166053295,-0.18214121460914612,True
varconet_selected,8,611,237,261,0.01009052898734808,0.14717043936252594,True
varconet_selected,8,612,171,374,0.010089331306517124,0.04849709942936897,True
varconet_selected,8,613,134,234,0.010084805078804493,-0.03475227579474449,False
varconet_selected,8,614,65,368,0.010082616470754147,0.11489398777484894,True
varconet_selected,8,615,73,251,0.010073421522974968,0.12078912556171417,True
varconet_selected,8,616,178,207,-0.010071617551147938,-0.20946921408176422,True
varconet_selected,8,617,103,295,0.010070811957120895,0.2750970423221588,True
varconet_selected,8,618,266,322,-0.010069615207612514,-0.09103712439537048,True
varconet_selected,8,619,151,175,-0.010068390518426895,-0.14941945672035217,True
varconet_selected,8,620,109,337,-0.010066568851470947,-0.20398756861686707,True
varconet_selected,8,621,250,258,0.010065976530313492,0.1471077799797058,True
varconet_selected,8,622,167,374,0.010059825144708157,0.1507072001695633,True
varconet_selected,8,623,62,250,0.01005941815674305,0.07419595867395401,True
varconet_selected,8,624,111,207,0.010051661171019077,0.22119905054569244,True
varconet_selected,8,625,72,292,-0.01005128026008606,-0.07133424282073975,True
varconet_selected,8,626,250,379,-0.010051258839666843,-0.11374577134847641,True
varconet_selected,8,627,186,336,0.010046364739537239,0.1484975814819336,True
varconet_selected,8,628,198,294,-0.010043328627943993,-0.025300968438386917,True
varconet_selected,8,629,252,351,-0.010036913678050041,-0.05686100944876671,True
varconet_selected,8,630,19,269,0.010034299455583096,0.04742056131362915,True
varconet_selected,8,631,69,249,0.010034002363681793,0.07164045423269272,True
varconet_selected,8,632,321,355,0.010031473822891712,-0.023207835853099823,False
varconet_selected,8,633,218,268,-0.01003109011799097,-0.02523014321923256,True
varconet_selected,8,634,268,367,-0.010030590929090977,-0.1885339468717575,True
varconet_selected,8,635,176,372,0.010030115023255348,0.058506451547145844,True
varconet_selected,8,636,139,293,0.010026113130152225,0.09949927777051926,True
varconet_selected,8,637,29,92,-0.010023051872849464,-0.35055840015411377,True
varconet_selected,8,638,139,328,-0.010019946843385696,-0.09505828469991684,True
varconet_selected,8,639,179,268,-0.010019062086939812,-0.19922161102294922,True
varconet_selected,8,640,216,276,-0.010016389191150665,-0.23163774609565735,True
varconet_selected,8,641,167,263,-0.010006616823375225,-0.4004763960838318,True
varconet_selected,8,642,106,273,0.010000152513384819,0.09444086998701096,True
varconet_selected,8,643,23,337,-0.009999103844165802,0.0069573442451655865,False
varconet_selected,8,644,92,102,0.009997242130339146,0.2521289587020874,True
varconet_selected,8,645,267,284,-0.009996604174375534,-0.2735882103443146,True
varconet_selected,8,646,62,291,-0.00999287236481905,-0.10885156691074371,True
varconet_selected,8,647,175,372,0.0099911168217659,0.056157153099775314,True
varconet_selected,8,648,40,209,-0.009987657889723778,-0.18372757732868195,True
varconet_selected,8,649,221,277,0.009984939359128475,-0.12107591331005096,False
varconet_selected,8,650,174,376,0.00998423621058464,0.07642397284507751,True
varconet_selected,8,651,291,301,0.009982936084270477,0.1722813844680786,True
varconet_selected,8,652,110,193,-0.009982884861528873,-0.11591097712516785,True
varconet_selected,8,653,65,291,-0.009979845955967903,-0.130079448223114,True
varconet_selected,8,654,72,289,-0.009979017078876495,-0.010362357832491398,True
varconet_selected,8,655,165,259,-0.009977012872695923,-0.12421640753746033,True
varconet_selected,8,656,166,368,0.009973177686333656,-0.038326285779476166,False
varconet_selected,8,657,67,216,-0.009970741346478462,-0.24778307974338531,True
varconet_selected,8,658,63,248,0.00997055135667324,-0.0018558602314442396,False
varconet_selected,8,659,20,225,-0.009969857521355152,-0.0865672379732132,True
varconet_selected,8,660,174,253,0.009968561120331287,0.09773813933134079,True
varconet_selected,8,661,31,149,-0.009957659058272839,-0.16569434106349945,True
varconet_selected,8,662,65,316,-0.009956827387213707,0.026980649679899216,False
varconet_selected,8,663,207,248,-0.00995306484401226,-0.2695508897304535,True
varconet_selected,8,664,209,242,-0.009948670864105225,-0.014921627007424831,True
varconet_selected,8,665,93,259,0.009947351180016994,0.03255661576986313,True
varconet_selected,8,666,87,246,0.009945600293576717,-0.013972161337733269,False
varconet_selected,8,667,12,229,0.009942193515598774,0.18284128606319427,True
varconet_selected,8,668,3,382,-0.009941129945218563,-0.058221712708473206,True
varconet_selected,8,669,54,125,0.00993992667645216,0.045877035707235336,True
varconet_selected,8,670,79,148,0.009939279407262802,0.056791968643665314,True
varconet_selected,8,671,243,308,0.009936193935573101,0.11434324085712433,True
varconet_selected,8,672,236,337,-0.00993523932993412,-0.1942128837108612,True
varconet_selected,8,673,103,119,0.009933226741850376,0.13989026844501495,True
varconet_selected,8,674,173,291,-0.009927947074174881,-0.283196359872818,True
varconet_selected,8,675,175,237,-0.009920057840645313,-0.1164582297205925,True
varconet_selected,8,676,216,336,0.009919743053615093,0.10596450418233871,True
varconet_selected,8,677,32,210,-0.009919663891196251,-0.11687808483839035,True
varconet_selected,8,678,69,346,-0.009917639195919037,-0.07671298831701279,True
varconet_selected,8,679,27,147,-0.009916868060827255,-0.062328122556209564,True
varconet_selected,8,680,166,238,-0.009915917180478573,-0.1916053295135498,True
varconet_selected,8,681,132,276,0.009914986789226532,0.15169832110404968,True
varconet_selected,8,682,88,285,-0.009913703426718712,-0.1587563008069992,True
varconet_selected,8,683,84,278,0.00991227850317955,0.2799578011035919,True
varconet_selected,8,684,150,259,0.009911684319376945,0.06011711433529854,True
varconet_selected,8,685,110,328,-0.009907859377563,-0.16933205723762512,True
varconet_selected,8,686,230,259,0.009905919432640076,0.18193693459033966,True
varconet_selected,8,687,224,231,0.009904078207910061,0.2595648467540741,True
varconet_selected,8,688,93,250,-0.009903177618980408,-0.3915756046772003,True
varconet_selected,8,689,283,323,-0.009902128018438816,-0.0732371062040329,True
varconet_selected,8,690,128,138,0.009901869110763073,0.0531836673617363,True
varconet_selected,8,691,213,266,-0.009901303797960281,-0.2827240526676178,True
varconet_selected,8,692,3,252,-0.009896274656057358,-0.1679195761680603,True
varconet_selected,8,693,153,212,0.00989430584013462,0.13736140727996826,True
varconet_selected,8,694,62,67,-0.009893708862364292,-0.12166666239500046,True
varconet_selected,8,695,170,258,-0.009892785921692848,-0.22016823291778564,True
varconet_selected,8,696,112,295,0.009892145171761513,0.07313600182533264,True
varconet_selected,8,697,12,216,-0.009889104403555393,-0.1226898804306984,True
varconet_selected,8,698,240,286,0.009885919280350208,0.021633295342326164,True
varconet_selected,8,699,112,278,0.00988024938851595,0.24692268669605255,True
varconet_selected,8,700,12,179,-0.00987909734249115,-0.18511962890625,True
varconet_selected,8,701,249,278,-0.009877005591988564,-0.2651558518409729,True
varconet_selected,8,702,125,337,-0.00987430289387703,-0.03821174055337906,True
varconet_selected,8,703,124,264,0.009873525239527225,0.014083188958466053,True
varconet_selected,8,704,8,177,-0.009872034192085266,-0.07792816311120987,True
varconet_selected,8,705,152,361,0.009871489368379116,-0.06112390011548996,False
varconet_selected,8,706,317,375,0.00986796710640192,0.09855577349662781,True
varconet_selected,8,707,192,303,-0.009866608306765556,-0.15306352078914642,True
varconet_selected,8,708,98,152,-0.009865089319646358,-0.17710094153881073,True
varconet_selected,8,709,134,299,0.009861179627478123,0.05911390110850334,True
varconet_selected,8,710,257,369,0.009859480895102024,0.10782705247402191,True
varconet_selected,8,711,92,135,0.009857471100986004,0.19432862102985382,True
varconet_selected,8,712,13,179,-0.00985734537243843,-0.0781102254986763,True
varconet_selected,8,713,169,290,-0.009856969118118286,-0.0835634246468544,True
varconet_selected,8,714,273,335,-0.009854305535554886,-0.11296874284744263,True
varconet_selected,8,715,284,360,-0.009853926487267017,-0.05150522291660309,True
varconet_selected,8,716,9,317,0.009848327375948429,-0.02208750508725643,False
varconet_selected,8,717,73,164,-0.009847378358244896,-0.04417848959565163,True
varconet_selected,8,718,196,316,0.009843170642852783,0.24401837587356567,True
varconet_selected,8,719,212,215,-0.009837028570473194,-0.13074302673339844,True
varconet_selected,8,720,110,209,0.009836175478994846,0.0823613777756691,True
varconet_selected,8,721,62,85,-0.00983611773699522,-0.026144830510020256,True
varconet_selected,8,722,17,132,-0.009832240641117096,-0.21031740307807922,True
varconet_selected,8,723,249,286,-0.0098298080265522,-0.2877972424030304,True
varconet_selected,8,724,146,173,-0.009828937239944935,-0.2443310022354126,True
varconet_selected,8,725,212,276,-0.009827133268117905,-0.22809548676013947,True
varconet_selected,8,726,264,267,-0.009826301597058773,-0.1409626454114914,True
varconet_selected,8,727,283,337,-0.009824044071137905,-0.18619126081466675,True
varconet_selected,8,728,259,281,0.009823932312428951,0.23452425003051758,True
varconet_selected,8,729,230,261,0.009823694825172424,0.25297674536705017,True
varconet_selected,8,730,84,100,0.009823123924434185,0.09272882342338562,True
varconet_selected,8,731,179,217,-0.009822525084018707,-0.15232187509536743,True
varconet_selected,8,732,134,236,0.009820503182709217,-0.0019384435145184398,False
varconet_selected,8,733,62,293,-0.009810919873416424,-0.014705759473145008,True
varconet_selected,8,734,256,281,0.009807027876377106,0.13858747482299805,True
varconet_selected,8,735,20,210,0.009806171990931034,0.26896482706069946,True
varconet_selected,9,1,268,269,-0.017094746232032776,-0.21646066009998322,True
varconet_selected,9,2,213,269,-0.016907352954149246,-0.2828201949596405,True
varconet_selected,9,3,212,269,-0.016305943951010704,-0.36817383766174316,True
varconet_selected,9,4,213,268,-0.01573151908814907,-0.3319239914417267,True
varconet_selected,9,5,213,253,-0.015650799497961998,-0.23671938478946686,True
varconet_selected,9,6,132,337,-0.015630509704351425,-0.35322633385658264,True
varconet_selected,9,7,33,150,-0.015546565875411034,-0.11757227033376694,True
varconet_selected,9,8,216,269,-0.015451786108314991,-0.394126832485199,True
varconet_selected,9,9,215,268,-0.015323303639888763,-0.37941300868988037,True
varconet_selected,9,10,126,337,-0.014765214174985886,-0.23302346467971802,True
varconet_selected,9,11,240,269,-0.014708609320223331,-0.273052841424942,True
varconet_selected,9,12,66,262,-0.014707704074680805,-0.07037828862667084,True
varconet_selected,9,13,48,337,0.014596804045140743,0.20867778360843658,True
varconet_selected,9,14,241,253,-0.014551087282598019,-0.20264622569084167,True
varconet_selected,9,15,12,215,-0.014422699809074402,-0.15409956872463226,True
varconet_selected,9,16,268,277,-0.01427345909178257,-0.2090311050415039,True
varconet_selected,9,17,33,148,-0.01424663420766592,-0.05259907990694046,True
varconet_selected,9,18,216,267,-0.014195406809449196,-0.35116785764694214,True
varconet_selected,9,19,217,270,-0.014043314382433891,-0.1084124967455864,True
varconet_selected,9,20,215,266,-0.014035879634320736,-0.36873453855514526,True
varconet_selected,9,21,167,379,0.014003192074596882,0.3484935760498047,True
varconet_selected,9,22,172,259,-0.013934691436588764,-0.19298453629016876,True
varconet_selected,9,23,112,337,-0.013878842815756798,-0.24629683792591095,True
varconet_selected,9,24,173,379,0.013876952230930328,0.33775585889816284,True
varconet_selected,9,25,241,269,-0.013870048336684704,-0.20531372725963593,True
varconet_selected,9,26,213,277,-0.013844035565853119,-0.20324496924877167,True
varconet_selected,9,27,217,269,-0.013842044398188591,-0.3522214889526367,True
varconet_selected,9,28,240,253,-0.013805106282234192,-0.23720726370811462,True
varconet_selected,9,29,66,263,-0.01378485094755888,-0.10941925644874573,True
varconet_selected,9,30,62,248,0.013780245557427406,0.0961698666214943,True
varconet_selected,9,31,213,252,-0.013755579479038715,-0.285964697599411,True
varconet_selected,9,32,216,266,-0.013737872242927551,-0.379104346036911,True
varconet_selected,9,33,215,276,-0.013715215027332306,-0.3557969927787781,True
varconet_selected,9,34,134,337,-0.013658612966537476,-0.25883209705352783,True
varconet_selected,9,35,125,337,-0.01364895049482584,-0.18972818553447723,True
varconet_selected,9,36,147,249,-0.01361248642206192,-0.21715709567070007,True
varconet_selected,9,37,31,148,-0.013590947724878788,-0.12729984521865845,True
varconet_selected,9,38,219,268,-0.013590388931334019,-0.17979693412780762,True
varconet_selected,9,39,93,151,-0.013582704588770866,-0.2776816487312317,True
varconet_selected,9,40,166,261,-0.013570064678788185,-0.3777143061161041,True
varconet_selected,9,41,172,261,-0.013567451387643814,-0.22383011877536774,True
varconet_selected,9,42,216,268,-0.01351680513471365,-0.4150998890399933,True
varconet_selected,9,43,13,252,-0.01348982471972704,-0.2992277443408966,True
varconet_selected,9,44,171,375,0.013461574912071228,0.1465713083744049,True
varconet_selected,9,45,133,337,-0.013447834178805351,-0.292719304561615,True
varconet_selected,9,46,215,269,-0.013408975675702095,-0.2886103093624115,True
varconet_selected,9,47,241,249,-0.013390105217695236,-0.2662391662597656,True
varconet_selected,9,48,217,266,-0.013292249292135239,-0.36214005947113037,True
varconet_selected,9,49,64,73,-0.013273423537611961,-0.07093892246484756,True
varconet_selected,9,50,276,277,-0.013249345123767853,-0.4010222852230072,True
varconet_selected,9,51,66,260,-0.013242382556200027,-0.16054044663906097,True
varconet_selected,9,52,212,253,-0.013232303783297539,-0.26983946561813354,True
varconet_selected,9,53,1,337,0.013179293833673,0.18751269578933716,True
varconet_selected,9,54,151,261,0.013162114657461643,0.11393965035676956,True
varconet_selected,9,55,153,294,-0.013143531046807766,-0.19927139580249786,True
varconet_selected,9,56,243,249,-0.01313187275081873,-0.10316413640975952,True
varconet_selected,9,57,112,207,0.013106710277497768,0.13660533726215363,True
varconet_selected,9,58,112,269,0.013068398460745811,0.12120714038610458,True
varconet_selected,9,59,1,372,-0.013039052486419678,-0.13822658360004425,True
varconet_selected,9,60,66,261,-0.013030094094574451,-0.13299618661403656,True
varconet_selected,9,61,31,269,0.013013453222811222,0.10586618632078171,True
varconet_selected,9,62,217,268,-0.012974929995834827,-0.4548994302749634,True
varconet_selected,9,63,69,250,0.012945693917572498,0.11823893338441849,True
varconet_selected,9,64,1,248,-0.012926935218274593,-0.23808473348617554,True
varconet_selected,9,65,275,337,-0.012892553582787514,-0.2755303382873535,True
varconet_selected,9,66,242,249,-0.012888750061392784,-0.16641414165496826,True
varconet_selected,9,67,62,73,-0.012882896699011326,-0.0780859962105751,True
varconet_selected,9,68,66,164,-0.012872898019850254,-0.25963541865348816,True
varconet_selected,9,69,213,248,-0.012867413461208344,-0.3378734886646271,True
varconet_selected,9,70,66,259,-0.01285669393837452,-0.1106327548623085,True
varconet_selected,9,71,172,260,-0.012846669182181358,-0.23863959312438965,True
varconet_selected,9,72,213,267,-0.012841973453760147,-0.21459823846817017,True
varconet_selected,9,73,166,379,0.012809086591005325,0.22340859472751617,True
varconet_selected,9,74,13,215,-0.012794462963938713,-0.15934354066848755,True
varconet_selected,9,75,19,265,0.012790004722774029,0.11542650312185287,True
varconet_selected,9,76,62,66,-0.012759033590555191,-0.13471587002277374,True
varconet_selected,9,77,172,239,-0.012696558609604836,-0.20835895836353302,True
varconet_selected,9,78,166,260,-0.0126658845692873,-0.37217235565185547,True
varconet_selected,9,79,126,143,-0.012663302011787891,-0.23822586238384247,True
varconet_selected,9,80,175,379,0.012644159607589245,0.3248232305049896,True
varconet_selected,9,81,1,252,-0.012630663812160492,-0.3514536917209625,True
varconet_selected,9,82,166,259,-0.012628434225916862,-0.33847153186798096,True
varconet_selected,9,83,200,337,0.012617851607501507,0.1361389011144638,True
varconet_selected,9,84,64,253,0.012613457627594471,0.3056468963623047,True
varconet_selected,9,85,212,277,-0.012610609643161297,-0.23355187475681305,True
varconet_selected,9,86,213,276,-0.012610331177711487,-0.2756684422492981,True
varconet_selected,9,87,129,337,-0.01260412111878395,-0.2720850110054016,True
varconet_selected,9,88,212,267,-0.012589526362717152,-0.33736011385917664,True
varconet_selected,9,89,241,252,-0.012586627155542374,-0.2732410728931427,True
varconet_selected,9,90,63,66,-0.012582406401634216,-0.20326225459575653,True
varconet_selected,9,91,215,252,-0.012578393332660198,-0.3464356064796448,True
varconet_selected,9,92,120,176,0.01256206538528204,0.1756235659122467,True
varconet_selected,9,93,123,125,-0.012538586743175983,-0.09834277629852295,True
varconet_selected,9,94,62,77,-0.012513129971921444,-0.010835863649845123,True
varconet_selected,9,95,171,379,0.012506050989031792,0.35039612650871277,True
varconet_selected,9,96,339,340,-0.012489973567426205,-0.3305889070034027,True
varconet_selected,9,97,217,267,-0.012478360906243324,-0.2803320288658142,True
varconet_selected,9,98,174,377,0.012442520819604397,0.17166131734848022,True
varconet_selected,9,99,112,209,0.01241737138479948,0.16808362305164337,True
varconet_selected,9,100,212,215,-0.01240977831184864,-0.22015491127967834,True
varconet_selected,9,101,201,290,-0.01240571215748787,-0.05050448328256607,True
varconet_selected,9,102,241,277,-0.012404740788042545,-0.19055652618408203,True
varconet_selected,9,103,153,179,0.0123782679438591,0.11860691010951996,True
varconet_selected,9,104,216,276,-0.012375235557556152,-0.34270843863487244,True
varconet_selected,9,105,209,336,0.012373111210763454,0.259133517742157,True
varconet_selected,9,106,241,248,-0.012369072996079922,-0.27820703387260437,True
varconet_selected,9,107,167,259,-0.012362157925963402,-0.28972747921943665,True
varconet_selected,9,108,62,72,-0.012338779866695404,-0.11382638663053513,True
varconet_selected,9,109,103,157,0.012326298281550407,0.22988107800483704,True
varconet_selected,9,110,67,305,-0.012325398623943329,-0.2588731646537781,True
varconet_selected,9,111,216,336,0.012304526753723621,0.24817349016666412,True
varconet_selected,9,112,219,276,-0.012297380715608597,-0.2346518188714981,True
varconet_selected,9,113,132,241,0.012297293171286583,0.20910274982452393,True
varconet_selected,9,114,215,248,-0.01228135172277689,-0.31143614649772644,True
varconet_selected,9,115,241,339,0.012276426889002323,0.22208289802074432,True
varconet_selected,9,116,217,276,-0.012263855896890163,-0.3913692235946655,True
varconet_selected,9,117,62,81,-0.012262968346476555,-0.06640255451202393,True
varconet_selected,9,118,110,191,-0.012232441455125809,-0.2710873484611511,True
varconet_selected,9,119,19,277,0.012231151573359966,-0.03006153739988804,False
varconet_selected,9,120,105,120,0.012229425832629204,0.16675381362438202,True
varconet_selected,9,121,132,207,0.012228263542056084,0.15759192407131195,True
varconet_selected,9,122,207,248,-0.012195317074656487,-0.3657931685447693,True
varconet_selected,9,123,66,239,-0.012189525179564953,-0.07047189772129059,True
varconet_selected,9,124,241,268,-0.01217683870345354,-0.2430957555770874,True
varconet_selected,9,125,269,276,-0.012170884758234024,-0.4149807393550873,True
varconet_selected,9,126,18,276,0.012164797633886337,0.21967068314552307,True
varconet_selected,9,127,13,31,0.012163500301539898,0.24025388062000275,True
varconet_selected,9,128,67,134,-0.012148456647992134,-0.18974751234054565,True
varconet_selected,9,129,321,362,0.012146987020969391,-0.04293128848075867,False
varconet_selected,9,130,215,267,-0.012142765335738659,-0.23755738139152527,True
varconet_selected,9,131,5,225,0.012139000929892063,0.10332293808460236,True
varconet_selected,9,132,212,268,-0.012138061225414276,-0.3559291660785675,True
varconet_selected,9,133,200,336,0.01213398203253746,0.22393083572387695,True
varconet_selected,9,134,1,141,0.012126874178647995,0.05974942818284035,True
varconet_selected,9,135,209,337,0.012120009399950504,0.3652923107147217,True
varconet_selected,9,136,272,336,-0.012101205065846443,-0.13517151772975922,True
varconet_selected,9,137,183,379,0.012093023397028446,0.19614209234714508,True
varconet_selected,9,138,146,209,-0.012055519036948681,-0.38221853971481323,True
varconet_selected,9,139,216,270,-0.0120464488863945,-0.09317607432603836,True
varconet_selected,9,140,13,157,0.01202384289354086,0.2217504382133484,True
varconet_selected,9,141,133,266,0.012022756040096283,0.11034437268972397,True
varconet_selected,9,142,1,82,0.012003342621028423,0.00031918968306854367,True
varconet_selected,9,143,209,240,-0.011995621956884861,-0.22006292641162872,True
varconet_selected,9,144,207,269,-0.011950475163757801,-0.25229424238204956,True
varconet_selected,9,145,206,269,-0.011946442537009716,-0.31787994503974915,True
varconet_selected,9,146,124,337,-0.011945771984755993,-0.2319817841053009,True
varconet_selected,9,147,64,249,0.01194400992244482,0.2762850224971771,True
varconet_selected,9,148,166,377,0.011940215714275837,0.1999630630016327,True
varconet_selected,9,149,62,253,0.011937365867197514,0.07716281712055206,True
varconet_selected,9,150,240,277,-0.011916913092136383,-0.2183440923690796,True
varconet_selected,9,151,207,252,-0.011904073879122734,-0.3462359309196472,True
varconet_selected,9,152,242,306,0.011879443190991879,0.12455292791128159,True
varconet_selected,9,153,12,216,-0.011874730698764324,-0.17941409349441528,True
varconet_selected,9,154,243,248,-0.011873051524162292,-0.018885381519794464,True
varconet_selected,9,155,174,378,0.011868062429130077,0.2547496259212494,True
varconet_selected,9,156,216,277,-0.011852886527776718,-0.28556761145591736,True
varconet_selected,9,157,113,337,-0.011847665533423424,-0.3323418200016022,True
varconet_selected,9,158,274,337,-0.011844329535961151,-0.2217169851064682,True
varconet_selected,9,159,212,248,-0.01184389553964138,-0.3344997465610504,True
varconet_selected,9,160,112,336,-0.011837545782327652,-0.1676560789346695,True
varconet_selected,9,161,111,269,0.011826911009848118,0.06788987666368484,True
varconet_selected,9,162,219,269,-0.011811289936304092,-0.09023196250200272,True
varconet_selected,9,163,166,373,0.01181078888475895,0.04688239470124245,True
varconet_selected,9,164,131,153,-0.011799536645412445,-0.07416359335184097,True
varconet_selected,9,165,64,248,0.0117728803306818,0.3412899374961853,True
varconet_selected,9,166,1,268,-0.01177050732076168,-0.2696773111820221,True
varconet_selected,9,167,219,337,0.011768554337322712,0.2002030462026596,True
varconet_selected,9,168,36,200,-0.011756157502532005,-0.05202941223978996,True
varconet_selected,9,169,281,337,-0.01175102312117815,-0.25585222244262695,True
varconet_selected,9,170,337,340,-0.01174185611307621,-0.2201022356748581,True
varconet_selected,9,171,153,295,-0.011722136288881302,-0.19855789840221405,True
varconet_selected,9,172,33,146,-0.01172002125531435,-0.07085619121789932,True
varconet_selected,9,173,183,375,0.011684758588671684,0.18904148042201996,True
varconet_selected,9,174,213,249,-0.011683302000164986,-0.3304184675216675,True
varconet_selected,9,175,68,262,-0.011673318222165108,-0.10124080628156662,True
varconet_selected,9,176,112,268,0.011663483455777168,0.2457847148180008,True
varconet_selected,9,177,38,220,-0.011651900596916676,-0.06570687144994736,True
varconet_selected,9,178,129,173,-0.011650700122117996,-0.25853776931762695,True
varconet_selected,9,179,213,266,-0.011640941724181175,-0.28465893864631653,True
varconet_selected,9,180,151,229,-0.011626097373664379,-0.1598130613565445,True
varconet_selected,9,181,9,205,0.011623650789260864,-0.001861531171016395,False
varconet_selected,9,182,216,253,-0.011617557145655155,-0.21297681331634521,True
varconet_selected,9,183,13,151,0.011617079377174377,0.09383372217416763,True
varconet_selected,9,184,207,240,-0.011613422073423862,-0.1889524757862091,True
varconet_selected,9,185,110,207,0.011607001535594463,0.012835141271352768,True
varconet_selected,9,186,321,374,0.011606361716985703,0.07040893286466599,True
varconet_selected,9,187,106,191,-0.01160367764532566,-0.185424342751503,True
varconet_selected,9,188,167,288,-0.01160310860723257,-0.1915363073348999,True
varconet_selected,9,189,111,277,0.011599551886320114,0.11796831339597702,True
varconet_selected,9,190,63,248,0.011592131108045578,0.046088121831417084,True
varconet_selected,9,191,104,124,0.01157882809638977,0.13988976180553436,True
varconet_selected,9,192,194,209,0.011575316078960896,0.1566379964351654,True
varconet_selected,9,193,135,337,-0.011571330018341541,-0.30752259492874146,True
varconet_selected,9,194,167,377,0.01157025434076786,0.21596653759479523,True
varconet_selected,9,195,93,150,-0.011568261310458183,-0.2025853544473648,True
varconet_selected,9,196,49,337,0.011547046713531017,0.10309145599603653,True
varconet_selected,9,197,16,278,0.011538214050233364,0.08373770117759705,True
varconet_selected,9,198,337,338,-0.011515420861542225,-0.15555927157402039,True
varconet_selected,9,199,178,336,0.011506929062306881,0.27580010890960693,True
varconet_selected,9,200,19,267,0.011496293358504772,0.017207924276590347,True
varconet_selected,9,201,112,276,0.011492780409753323,0.30206823348999023,True
varconet_selected,9,202,1,143,0.011481835506856441,0.07380165159702301,True
varconet_selected,9,203,134,143,-0.011477992869913578,-0.1982087939977646,True
varconet_selected,9,204,215,277,-0.011469816789031029,-0.21626496315002441,True
varconet_selected,9,205,240,268,-0.011463822796940804,-0.32446277141571045,True
varconet_selected,9,206,217,277,-0.011452827602624893,-0.25437548756599426,True
varconet_selected,9,207,166,263,-0.011451158672571182,-0.4384327828884125,True
varconet_selected,9,208,95,150,-0.011448864825069904,-0.2596825659275055,True
varconet_selected,9,209,102,179,-0.011448102071881294,-0.30295345187187195,True
varconet_selected,9,210,13,213,-0.011447245255112648,-0.13939319550991058,True
varconet_selected,9,211,1,12,-0.011445131152868271,-0.12392716109752655,True
varconet_selected,9,212,179,213,-0.011443255469202995,-0.2623710632324219,True
varconet_selected,9,213,3,248,-0.011437208391726017,-0.17748484015464783,True
varconet_selected,9,214,69,251,0.011437003500759602,0.1390819251537323,True
varconet_selected,9,215,209,212,-0.011436588130891323,-0.31049707531929016,True
varconet_selected,9,216,126,127,-0.011433922685682774,-0.31886622309684753,True
varconet_selected,9,217,128,337,-0.01143213827162981,-0.3113502264022827,True
varconet_selected,9,218,267,268,-0.011404129676520824,-0.15926237404346466,True
varconet_selected,9,219,67,93,0.011402375996112823,0.14252789318561554,True
varconet_selected,9,220,213,339,0.011388451792299747,0.35312703251838684,True
varconet_selected,9,221,142,337,-0.011387272737920284,-0.11566577106714249,True
varconet_selected,9,222,240,341,0.011378969065845013,0.2597338855266571,True
varconet_selected,9,223,212,252,-0.011377866379916668,-0.30938297510147095,True
varconet_selected,9,224,284,290,0.011375297792255878,0.2268494963645935,True
varconet_selected,9,225,151,262,0.011374371126294136,0.055399179458618164,True
varconet_selected,9,226,13,254,-0.011371806263923645,-0.16731137037277222,True
varconet_selected,9,227,175,269,0.011371525004506111,0.25523483753204346,True
varconet_selected,9,228,13,276,-0.011361389420926571,-0.27441927790641785,True
varconet_selected,9,229,207,268,-0.011356323026120663,-0.3681800365447998,True
varconet_selected,9,230,172,258,-0.011349426582455635,-0.17678405344486237,True
varconet_selected,9,231,229,261,0.011345954611897469,0.26762670278549194,True
varconet_selected,9,232,148,149,-0.011343823745846748,0.08465931564569473,False
varconet_selected,9,233,209,248,-0.011336983181536198,-0.30165597796440125,True
varconet_selected,9,234,167,258,-0.011334750801324844,-0.23170584440231323,True
varconet_selected,9,235,120,266,0.011329307220876217,-0.0022471831180155277,False
varconet_selected,9,236,167,261,-0.011322857812047005,-0.40935346484184265,True
varconet_selected,9,237,12,103,-0.011311418376863003,-0.13087527453899384,True
varconet_selected,9,238,130,153,-0.011302264407277107,-0.07091455161571503,True
varconet_selected,9,239,171,270,-0.011284704320132732,-0.2933541238307953,True
varconet_selected,9,240,242,307,0.01128308568149805,0.21852312982082367,True
varconet_selected,9,241,215,216,-0.011273493058979511,-0.18459339439868927,True
varconet_selected,9,242,267,270,-0.011264454573392868,-0.13628239929676056,True
varconet_selected,9,243,97,229,-0.011260469444096088,-0.20210859179496765,True
varconet_selected,9,244,36,273,0.011252242140471935,0.07697607576847076,True
varconet_selected,9,245,273,337,-0.011246323585510254,-0.11117914319038391,True
varconet_selected,9,246,215,336,0.011238736100494862,0.1556091457605362,True
varconet_selected,9,247,19,229,-0.011230702511966228,-0.0522470623254776,True
varconet_selected,9,248,106,190,-0.011229660362005234,-0.11557787656784058,True
varconet_selected,9,249,215,337,0.011228744871914387,0.2350848913192749,True
varconet_selected,9,250,167,373,0.011225657537579536,0.15525031089782715,True
varconet_selected,9,251,209,242,-0.01122328732162714,-0.1375102698802948,True
varconet_selected,9,252,179,277,-0.011219792999327183,-0.22990813851356506,True
varconet_selected,9,253,1,276,-0.011215518228709698,-0.26388293504714966,True
varconet_selected,9,254,179,276,-0.011206545867025852,-0.34459713101387024,True
varconet_selected,9,255,207,212,-0.011188695207238197,-0.2763218879699707,True
varconet_selected,9,256,292,337,-0.011187419295310974,-0.1655479073524475,True
varconet_selected,9,257,214,269,-0.011183713562786579,-0.34367549419403076,True
varconet_selected,9,258,88,89,-0.011174879968166351,-0.1757371574640274,True
varconet_selected,9,259,166,380,0.011172016151249409,0.20334050059318542,True
varconet_selected,9,260,150,175,-0.011171236634254456,-0.2052435427904129,True
varconet_selected,9,261,97,151,-0.011166990734636784,-0.17164672911167145,True
varconet_selected,9,262,62,249,0.011166449636220932,0.13367953896522522,True
varconet_selected,9,263,269,351,-0.011166319251060486,-0.010877259075641632,True
varconet_selected,9,264,173,293,-0.01116020418703556,-0.3223506212234497,True
varconet_selected,9,265,265,270,-0.01115961093455553,-0.1432962417602539,True
varconet_selected,9,266,66,165,-0.011157693341374397,-0.28247132897377014,True
varconet_selected,9,267,127,153,-0.011141595430672169,-0.05054236203432083,True
varconet_selected,9,268,174,379,0.011139790527522564,0.26220887899398804,True
varconet_selected,9,269,156,323,0.011125631630420685,0.05446465313434601,True
varconet_selected,9,270,12,157,0.011118827387690544,0.17820334434509277,True
varconet_selected,9,271,192,215,0.011114655993878841,0.152240589261055,True
varconet_selected,9,272,151,263,0.01111456286162138,0.07769685983657837,True
varconet_selected,9,273,167,256,-0.011110811494290829,-0.28334733843803406,True
varconet_selected,9,274,240,249,-0.011110536754131317,-0.27764612436294556,True
varconet_selected,9,275,171,374,0.011107517406344414,0.027945876121520996,True
varconet_selected,9,276,216,339,0.011105528101325035,0.23774181306362152,True
varconet_selected,9,277,206,209,-0.011105319485068321,-0.17506469786167145,True
varconet_selected,9,278,13,178,-0.011100230738520622,-0.19644422829151154,True
varconet_selected,9,279,216,252,-0.011099993251264095,-0.22760432958602905,True
varconet_selected,9,280,126,339,-0.011097081005573273,-0.317772775888443,True
varconet_selected,9,281,218,276,-0.011091615073382854,-0.11545046418905258,True
varconet_selected,9,282,167,290,-0.011091316118836403,-0.24089796841144562,True
varconet_selected,9,283,215,270,-0.01108937244862318,-0.19954106211662292,True
varconet_selected,9,284,2,36,-0.011088167317211628,-0.06555530428886414,True
varconet_selected,9,285,274,336,-0.011052263900637627,-0.17915360629558563,True
varconet_selected,9,286,157,215,0.011042548343539238,0.15536759793758392,True
varconet_selected,9,287,167,295,-0.011032117530703545,-0.31164753437042236,True
varconet_selected,9,288,261,369,0.011026008054614067,0.1397715061903,True
varconet_selected,9,289,13,212,-0.011019143275916576,-0.21859145164489746,True
varconet_selected,9,290,177,236,-0.011018923483788967,-0.2346070259809494,True
varconet_selected,9,291,133,267,0.01101775374263525,0.129919171333313,True
varconet_selected,9,292,166,257,-0.011013883166015148,-0.19884036481380463,True
varconet_selected,9,293,219,266,-0.011009846813976765,-0.05506465211510658,True
varconet_selected,9,294,95,229,-0.011008880101144314,-0.1674010157585144,True
varconet_selected,9,295,240,339,0.01100844331085682,0.2443770170211792,True
varconet_selected,9,296,3,100,-0.011007347144186497,-0.22817255556583405,True
varconet_selected,9,297,157,179,0.011001738719642162,0.21750114858150482,True
varconet_selected,9,298,216,337,0.011001572012901306,0.2012789249420166,True
varconet_selected,9,299,172,263,-0.010998782701790333,-0.2394581437110901,True
varconet_selected,9,300,123,126,-0.010998563840985298,-0.10836229473352432,True
varconet_selected,9,301,31,150,-0.010992830619215965,-0.0752100944519043,True
varconet_selected,9,302,147,248,-0.010991109535098076,-0.20872732996940613,True
varconet_selected,9,303,166,378,0.010986024513840675,0.2211761176586151,True
varconet_selected,9,304,229,269,0.010985128581523895,0.14629977941513062,True
varconet_selected,9,305,207,242,-0.010984973981976509,-0.1959894448518753,True
varconet_selected,9,306,171,373,0.010978993959724903,0.10030773282051086,True
varconet_selected,9,307,133,269,0.010977848432958126,0.1227775439620018,True
varconet_selected,9,308,217,339,0.010975432582199574,0.2634912431240082,True
varconet_selected,9,309,64,252,0.010973146185278893,0.310480535030365,True
varconet_selected,9,310,150,323,0.010971546173095703,0.08081571757793427,True
varconet_selected,9,311,179,269,-0.010969147086143494,-0.19572564959526062,True
varconet_selected,9,312,149,229,-0.010965865105390549,-0.09679523855447769,True
varconet_selected,9,313,33,267,0.010963193140923977,0.12323211133480072,True
varconet_selected,9,314,151,259,0.01096162386238575,0.11024131625890732,True
varconet_selected,9,315,62,80,-0.010958676226437092,-0.05313220992684364,True
varconet_selected,9,316,167,260,-0.010957619175314903,-0.33320528268814087,True
varconet_selected,9,317,214,267,-0.010957068763673306,-0.29893821477890015,True
varconet_selected,9,318,112,241,0.010949958115816116,0.1505890041589737,True
varconet_selected,9,319,105,270,-0.010948742739856243,-0.18569187819957733,True
varconet_selected,9,320,170,259,-0.010946694761514664,-0.21454814076423645,True
varconet_selected,9,321,93,364,-0.010943779721856117,-0.2858280837535858,True
varconet_selected,9,322,13,179,-0.010942980647087097,-0.13248774409294128,True
varconet_selected,9,323,270,322,-0.01093943603336811,-0.05008414760231972,True
varconet_selected,9,324,67,292,-0.010939276777207851,-0.1442020684480667,True
varconet_selected,9,325,12,179,-0.01093523483723402,-0.258014440536499,True
varconet_selected,9,326,12,217,-0.01093333214521408,-0.2912617325782776,True
varconet_selected,9,327,166,369,0.010933124460279942,0.07234656065702438,True
varconet_selected,9,328,221,277,0.010931536555290222,-0.023065321147441864,False
varconet_selected,9,329,153,312,-0.010927553288638592,-0.13517318665981293,True
varconet_selected,9,330,67,282,-0.010922281071543694,-0.21382567286491394,True
varconet_selected,9,331,252,253,-0.010920149274170399,-0.17767314612865448,True
varconet_selected,9,332,112,252,0.010915708728134632,0.2005549520254135,True
varconet_selected,9,333,30,38,-0.010914943180978298,-0.10374080389738083,True
varconet_selected,9,334,62,75,-0.010910594835877419,-0.0615684874355793,True
varconet_selected,9,335,3,252,-0.010910587385296822,-0.26430878043174744,True
varconet_selected,9,336,257,369,0.010908454656600952,0.0876370370388031,True
varconet_selected,9,337,41,146,-0.010904617607593536,-0.04792805761098862,True
varconet_selected,9,338,92,336,-0.010904214344918728,-0.06877106428146362,True
varconet_selected,9,339,96,228,-0.010904115624725819,-0.20413167774677277,True
varconet_selected,9,340,51,229,-0.010903388261795044,-0.1606525331735611,True
varconet_selected,9,341,241,266,-0.010896592400968075,-0.25988391041755676,True
varconet_selected,9,342,151,260,0.010875635780394077,0.15492595732212067,True
varconet_selected,9,343,240,267,-0.0108734630048275,-0.25937482714653015,True
varconet_selected,9,344,16,286,0.010873055085539818,0.05294143781065941,True
varconet_selected,9,345,156,179,0.010872934013605118,0.1714257001876831,True
varconet_selected,9,346,166,256,-0.010871822014451027,-0.1871352195739746,True
varconet_selected,9,347,124,176,0.010862750932574272,0.1835009604692459,True
varconet_selected,9,348,8,173,-0.01085959654301405,-0.14091849327087402,True
varconet_selected,9,349,186,336,0.010859477333724499,0.1614295244216919,True
varconet_selected,9,350,64,263,-0.010856939479708672,-0.023193752393126488,True
varconet_selected,9,351,123,124,-0.0108516039326787,-0.09731028974056244,True
varconet_selected,9,352,3,337,0.010848388075828552,0.24864207208156586,True
varconet_selected,9,353,19,269,0.010848160833120346,0.025171082466840744,True
varconet_selected,9,354,209,215,-0.010847647674381733,-0.1959933638572693,True
varconet_selected,9,355,240,252,-0.010845506563782692,-0.2943969666957855,True
varconet_selected,9,356,179,215,-0.010844762437045574,-0.17187415063381195,True
varconet_selected,9,357,241,341,0.010837545618414879,0.1880413293838501,True
varconet_selected,9,358,266,351,-0.010832777246832848,-0.09523879736661911,True
varconet_selected,9,359,67,264,-0.01082474086433649,-0.1221964880824089,True
varconet_selected,9,360,140,337,-0.010811387561261654,-0.22068990767002106,True
varconet_selected,9,361,67,132,-0.010802188888192177,-0.18833312392234802,True
varconet_selected,9,362,179,217,-0.010794631205499172,-0.2205047756433487,True
varconet_selected,9,363,216,248,-0.01079446729272604,-0.2667142152786255,True
varconet_selected,9,364,178,209,-0.010788875631988049,-0.2817867398262024,True
varconet_selected,9,365,12,126,0.01078546978533268,0.13426046073436737,True
varconet_selected,9,366,93,365,-0.010780670680105686,-0.2929324805736542,True
varconet_selected,9,367,227,249,-0.010780087672173977,-0.08156346529722214,True
varconet_selected,9,368,240,307,0.010779878124594688,0.24381521344184875,True
varconet_selected,9,369,217,264,-0.010775381699204445,-0.2658872604370117,True
varconet_selected,9,370,173,377,0.01076994463801384,0.266694575548172,True
varconet_selected,9,371,161,294,-0.01076862309128046,-0.0990375429391861,True
varconet_selected,9,372,167,239,-0.010767899453639984,-0.34369537234306335,True
varconet_selected,9,373,167,257,-0.010766307823359966,-0.23378172516822815,True
varconet_selected,9,374,212,249,-0.010762697085738182,-0.33591702580451965,True
varconet_selected,9,375,110,337,-0.010760077275335789,-0.0654381662607193,True
varconet_selected,9,376,173,290,-0.010750961489975452,-0.21055418252944946,True
varconet_selected,9,377,12,294,0.010743863880634308,0.11099230498075485,True
varconet_selected,9,378,62,69,-0.010741268284618855,-0.03543525189161301,True
varconet_selected,9,379,264,267,-0.01074011716991663,-0.14817608892917633,True
varconet_selected,9,380,67,129,-0.010739470832049847,-0.11524796485900879,True
varconet_selected,9,381,12,151,0.010737254284322262,0.07632741332054138,True
varconet_selected,9,382,112,253,0.010735778138041496,0.03072826750576496,True
varconet_selected,9,383,132,266,0.010733517818152905,0.22483959794044495,True
varconet_selected,9,384,243,306,0.010725227184593678,0.04951927438378334,True
varconet_selected,9,385,51,277,0.010723643004894257,0.13299879431724548,True
varconet_selected,9,386,64,109,-0.010723328217864037,-0.11545116454362869,True
varconet_selected,9,387,179,270,-0.01072203740477562,-0.24131174385547638,True
varconet_selected,9,388,267,276,-0.01071761455386877,-0.22102287411689758,True
varconet_selected,9,389,133,339,-0.010714225471019745,-0.2967802584171295,True
varconet_selected,9,390,93,229,-0.010701851919293404,-0.28357309103012085,True
varconet_selected,9,391,135,143,-0.01069528516381979,-0.2219075858592987,True
varconet_selected,9,392,241,276,-0.010686524212360382,-0.23396220803260803,True
varconet_selected,9,393,1,251,-0.010681996122002602,-0.26335465908050537,True
varconet_selected,9,394,13,51,0.010678859427571297,0.16831491887569427,True
varconet_selected,9,395,67,293,-0.010674365796148777,-0.1361970454454422,True
varconet_selected,9,396,63,69,-0.010668947361409664,-0.0025872380938380957,True
varconet_selected,9,397,207,249,-0.0106686782091856,-0.32331639528274536,True
varconet_selected,9,398,242,248,-0.01066494733095169,-0.1268332600593567,True
varconet_selected,9,399,270,323,-0.010662179440259933,-0.0805104598402977,True
varconet_selected,9,400,0,269,-0.010656150989234447,-0.33475884795188904,True
varconet_selected,9,401,106,336,-0.010652946308255196,0.0501597598195076,False
varconet_selected,9,402,132,240,0.010646088980138302,0.23293820023536682,True
varconet_selected,9,403,266,269,-0.010640128515660763,-0.15371714532375336,True
varconet_selected,9,404,267,322,-0.010637006722390652,-0.059096574783325195,True
varconet_selected,9,405,174,359,0.01063590683043003,0.11465057730674744,True
varconet_selected,9,406,193,215,0.010635331273078918,0.03824431449174881,True
varconet_selected,9,407,113,269,0.01062993798404932,0.11038371175527573,True
varconet_selected,9,408,209,284,-0.010629848577082157,-0.23222395777702332,True
varconet_selected,9,409,105,328,-0.0106180589646101,-0.0645701214671135,True
varconet_selected,9,410,221,269,0.010614674538373947,0.06498663872480392,True
varconet_selected,9,411,1,83,0.01060389168560505,0.04142601788043976,True
varconet_selected,9,412,174,369,0.010599284432828426,0.1548653393983841,True
varconet_selected,9,413,62,252,0.010597494430840015,0.07117743790149689,True
varconet_selected,9,414,132,268,0.010596496984362602,0.23431818187236786,True
varconet_selected,9,415,148,225,-0.010596178472042084,-0.20893533527851105,True
varconet_selected,9,416,104,322,-0.010577026754617691,-0.01697855442762375,True
varconet_selected,9,417,112,193,-0.01057333406060934,-0.10889022797346115,True
varconet_selected,9,418,185,195,0.010570579208433628,0.07226429134607315,True
varconet_selected,9,419,62,159,-0.010563604533672333,-0.03764239698648453,True
varconet_selected,9,420,93,259,0.010559815913438797,0.04110439121723175,True
varconet_selected,9,421,110,336,-0.010557462461292744,-0.004124332685023546,True
varconet_selected,9,422,142,143,-0.01055462472140789,-0.29741132259368896,True
varconet_selected,9,423,67,291,-0.01055267732590437,-0.14647093415260315,True
varconet_selected,9,424,19,228,-0.010551889427006245,-0.03480733186006546,True
varconet_selected,9,425,166,376,0.010549823753535748,0.12104599922895432,True
varconet_selected,9,426,123,132,-0.01054673083126545,-0.24631503224372864,True
varconet_selected,9,427,62,68,-0.01054406352341175,-0.04112770035862923,True
varconet_selected,9,428,169,290,-0.010541148483753204,-0.12754470109939575,True
varconet_selected,9,429,167,380,0.010540341027081013,0.18718963861465454,True
varconet_selected,9,430,19,362,-0.010539060458540916,0.08006395399570465,False
varconet_selected,9,431,276,322,-0.010536781512200832,-0.12896914780139923,True
varconet_selected,9,432,31,267,0.0105287479236722,0.041156020015478134,True
varconet_selected,9,433,18,277,0.0105286855250597,0.032585568726062775,True
varconet_selected,9,434,64,209,0.010528028942644596,0.1358267068862915,True
varconet_selected,9,435,69,167,-0.010524596087634563,-0.22371737658977509,True
varconet_selected,9,436,320,374,0.010523074306547642,0.15916436910629272,True
varconet_selected,9,437,194,207,0.01052279956638813,0.16747620701789856,True
varconet_selected,9,438,178,241,-0.010518545284867287,-0.16184169054031372,True
varconet_selected,9,439,99,227,-0.010511628352105618,-0.13470490276813507,True
varconet_selected,9,440,12,178,-0.01050843857228756,-0.18151317536830902,True
varconet_selected,9,441,202,337,0.010505208745598793,0.11428047716617584,True
varconet_selected,9,442,273,336,-0.010495204478502274,-0.20187626779079437,True
varconet_selected,9,443,13,153,0.01048757042735815,0.11620175838470459,True
varconet_selected,9,444,3,146,-0.010486646555364132,-0.28295716643333435,True
varconet_selected,9,445,29,269,0.010485820472240448,0.2913646697998047,True
varconet_selected,9,446,103,151,0.010485105216503143,0.17715469002723694,True
varconet_selected,9,447,132,269,0.010479768738150597,0.10798586159944534,True
varconet_selected,9,448,93,261,0.010476885363459587,-0.02363380789756775,False
varconet_selected,9,449,97,375,-0.010476751253008842,-0.25470203161239624,True
varconet_selected,9,450,63,72,-0.010474870912730694,-0.17515526711940765,True
varconet_selected,9,451,133,276,0.01047420408576727,0.25491195917129517,True
varconet_selected,9,452,174,261,-0.010472660884261131,-0.28982987999916077,True
varconet_selected,9,453,128,175,-0.010465426370501518,-0.26033109426498413,True
varconet_selected,9,454,216,341,0.010463300161063671,0.222656711935997,True
varconet_selected,9,455,378,379,-0.010458418168127537,-0.14942392706871033,True
varconet_selected,9,456,62,79,-0.010457119904458523,-0.006531144492328167,True
varconet_selected,9,457,209,268,-0.010451308451592922,-0.33337944746017456,True
varconet_selected,9,458,209,252,-0.010443893261253834,-0.2896328568458557,True
varconet_selected,9,459,68,251,0.010438816621899605,0.18855318427085876,True
varconet_selected,9,460,192,209,0.010438725352287292,0.27963948249816895,True
varconet_selected,9,461,20,229,-0.010427047498524189,-0.10642332583665848,True
varconet_selected,9,462,66,166,-0.010424979031085968,-0.17768451571464539,True
varconet_selected,9,463,66,258,-0.010424133390188217,-0.06658405065536499,True
varconet_selected,9,464,106,255,0.01042313501238823,-0.07144846767187119,False
varconet_selected,9,465,266,267,-0.01041854452341795,-0.07312367856502533,True
varconet_selected,9,466,291,300,0.010417982004582882,0.056786198168992996,True
varconet_selected,9,467,101,109,0.010416597127914429,0.2491462230682373,True
varconet_selected,9,468,62,109,-0.010415279306471348,-0.04844518005847931,True
varconet_selected,9,469,39,277,0.010412820614874363,-0.022695863619446754,False
varconet_selected,9,470,212,266,-0.010409504175186157,-0.3664310574531555,True
varconet_selected,9,471,13,240,-0.010405798442661762,-0.13931599259376526,True
varconet_selected,9,472,178,208,-0.010401876643300056,-0.322089821100235,True
varconet_selected,9,473,92,156,-0.010400748811662197,-0.26254183053970337,True
varconet_selected,9,474,270,285,-0.01040065661072731,-0.214233860373497,True
varconet_selected,9,475,62,263,-0.01039737369865179,-0.0446455292403698,True
varconet_selected,9,476,178,207,-0.010396028868854046,-0.21252727508544922,True
varconet_selected,9,477,150,173,-0.010392013005912304,-0.31636694073677063,True
varconet_selected,9,478,68,263,-0.010390650480985641,-0.13153555989265442,True
varconet_selected,9,479,13,175,0.010387820191681385,0.09091714769601822,True
varconet_selected,9,480,131,337,-0.01038544811308384,-0.27906638383865356,True
varconet_selected,9,481,273,335,-0.010385258123278618,-0.1924242228269577,True
varconet_selected,9,482,112,277,0.010375339537858963,0.1987307369709015,True
varconet_selected,9,483,113,241,0.010372469201683998,0.21660958230495453,True
varconet_selected,9,484,173,327,0.01037054043263197,0.24081473052501678,True
varconet_selected,9,485,13,225,0.01036678347736597,0.2195882797241211,True
varconet_selected,9,486,133,249,0.01035951916128397,0.3285987973213196,True
varconet_selected,9,487,114,207,0.010355757549405098,0.15487000346183777,True
varconet_selected,9,488,199,333,0.010355094447731972,-0.03180408850312233,False
varconet_selected,9,489,201,264,-0.01035506371408701,-0.2752413749694824,True
varconet_selected,9,490,12,269,-0.010351297445595264,-0.25580647587776184,True
varconet_selected,9,491,127,337,-0.010349328629672527,-0.1883472353219986,True
varconet_selected,9,492,155,367,0.010346729308366776,-0.05638100951910019,False
varconet_selected,9,493,272,322,-0.01034616120159626,-0.13534078001976013,True
varconet_selected,9,494,29,277,0.010345068760216236,0.2018164098262787,True
varconet_selected,9,495,62,78,-0.010343185625970364,0.019153503701090813,False
varconet_selected,9,496,178,269,-0.010341383516788483,-0.26407134532928467,True
varconet_selected,9,497,215,253,-0.010338753461837769,-0.2514082193374634,True
varconet_selected,9,498,174,373,0.010336417704820633,0.06874294579029083,True
varconet_selected,9,499,173,287,-0.010336287319660187,-0.2283131629228592,True
varconet_selected,9,500,268,276,-0.010336154140532017,-0.2968965768814087,True
varconet_selected,9,501,30,148,-0.010330816730856895,-0.07126937061548233,True
varconet_selected,9,502,68,260,-0.010327773168683052,-0.07165493071079254,True
varconet_selected,9,503,12,214,-0.010327449068427086,-0.1388363242149353,True
varconet_selected,9,504,243,307,0.01032621692866087,0.07894984632730484,True
varconet_selected,9,505,227,258,0.010324317030608654,0.20585393905639648,True
varconet_selected,9,506,4,372,-0.010323564521968365,-0.11491701751947403,True
varconet_selected,9,507,207,276,-0.010317030362784863,-0.4228460490703583,True
varconet_selected,9,508,192,213,0.010305884294211864,0.24467472732067108,True
varconet_selected,9,509,250,253,-0.01030527800321579,-0.16308119893074036,True
varconet_selected,9,510,164,381,0.010304010473191738,0.06806547194719315,True
varconet_selected,9,511,150,225,-0.010299541056156158,-0.2828819453716278,True
varconet_selected,9,512,153,297,-0.010297132655978203,-0.18932019174098969,True
varconet_selected,9,513,167,238,-0.010296991094946861,-0.2587398290634155,True
varconet_selected,9,514,241,267,-0.010294543579220772,-0.19794033467769623,True
varconet_selected,9,515,36,272,0.010292098857462406,0.02589198760688305,True
varconet_selected,9,516,63,68,-0.010283801704645157,-0.05475233122706413,True
varconet_selected,9,517,129,167,-0.01028271671384573,-0.32515475153923035,True
varconet_selected,9,518,240,248,-0.010279960930347443,-0.29204490780830383,True
varconet_selected,9,519,228,261,0.010271506384015083,0.20571552217006683,True
varconet_selected,9,520,19,364,-0.010270643047988415,0.034655384719371796,False
varconet_selected,9,521,29,215,0.010270216502249241,0.24155232310295105,True
varconet_selected,9,522,135,263,-0.010267742909491062,0.02902837097644806,False
varconet_selected,9,523,84,336,-0.010267406702041626,-0.23674629628658295,True
varconet_selected,9,524,167,234,-0.010263603180646896,-0.2685711979866028,True
varconet_selected,9,525,97,228,-0.010262777097523212,-0.22147782146930695,True
varconet_selected,9,526,110,193,-0.010262226685881615,-0.0264228954911232,True
varconet_selected,9,527,253,351,-0.010259625501930714,-0.048027198761701584,True
varconet_selected,9,528,179,216,-0.010259417816996574,-0.19752101600170135,True
varconet_selected,9,529,157,229,-0.010253362357616425,-0.15016096830368042,True
varconet_selected,9,530,16,251,0.010252435691654682,-0.06511517614126205,False
varconet_selected,9,531,69,166,-0.010248830541968346,-0.2865675389766693,True
varconet_selected,9,532,153,215,0.010247736237943172,0.12362904101610184,True
varconet_selected,9,533,321,364,0.010247576981782913,-0.05859814211726189,False
varconet_selected,9,534,1,242,-0.010244304314255714,-0.018687546253204346,True
varconet_selected,9,535,166,372,0.010241673327982426,0.16221225261688232,True
varconet_selected,9,536,81,148,0.010239435359835625,0.045700449496507645,True
varconet_selected,9,537,214,253,-0.010235730558633804,-0.3231709599494934,True
varconet_selected,9,538,13,33,0.010232195258140564,0.09327616542577744,True
varconet_selected,9,539,132,276,0.010231085121631622,0.262845516204834,True
varconet_selected,9,540,126,141,-0.010230633430182934,-0.18878485262393951,True
varconet_selected,9,541,65,134,-0.01023048721253872,-0.35465237498283386,True
varconet_selected,9,542,178,276,-0.010224450379610062,-0.34156107902526855,True
varconet_selected,9,543,72,209,0.010219368152320385,0.10462772846221924,True
varconet_selected,9,544,129,175,-0.010213080793619156,-0.30825579166412354,True
varconet_selected,9,545,168,295,-0.010212361812591553,-0.1433742344379425,True
varconet_selected,9,546,207,277,-0.010208609513938427,-0.18784815073013306,True
varconet_selected,9,547,174,380,0.010202624835073948,0.19874095916748047,True
varconet_selected,9,548,171,284,-0.010199856013059616,-0.2401459515094757,True
varconet_selected,9,549,120,217,0.010198934935033321,0.06703509390354156,True
varconet_selected,9,550,12,153,0.0101967453956604,0.10482987016439438,True
varconet_selected,9,551,132,193,-0.010196221992373466,-0.0781901478767395,True
varconet_selected,9,552,126,241,0.010190604254603386,0.09610988944768906,True
varconet_selected,9,553,133,253,0.010189135558903217,0.17647424340248108,True
varconet_selected,9,554,92,100,0.010184410959482193,0.27908650040626526,True
varconet_selected,9,555,177,272,-0.010183745995163918,-0.15337951481342316,True
varconet_selected,9,556,173,375,0.010179010219871998,0.1751416027545929,True
varconet_selected,9,557,120,268,0.010178233496844769,0.07499665766954422,True
varconet_selected,9,558,153,170,0.01017449889332056,0.07526067644357681,True
varconet_selected,9,559,105,323,-0.010172002017498016,-0.027275830507278442,True
varconet_selected,9,560,96,336,-0.010171706788241863,-0.026168379932641983,True
varconet_selected,9,561,9,317,0.01016481127589941,-0.029562991112470627,False
varconet_selected,9,562,142,209,0.010163245722651482,0.1101570650935173,True
varconet_selected,9,563,215,242,-0.010161308571696281,-0.16799411177635193,True
varconet_selected,9,564,209,213,-0.01015830971300602,-0.22234199941158295,True
varconet_selected,9,565,83,252,0.010157216340303421,0.09705136716365814,True
varconet_selected,9,566,93,156,-0.010156159289181232,-0.3108714818954468,True
varconet_selected,9,567,95,148,-0.010153200477361679,-0.23584029078483582,True
varconet_selected,9,568,92,276,0.010149141773581505,0.3264504373073578,True
varconet_selected,9,569,207,253,-0.010143017396330833,-0.23316602408885956,True
varconet_selected,9,570,13,372,-0.01013599056750536,-0.2869945466518402,True
varconet_selected,9,571,106,264,0.010135225020349026,0.04807435721158981,True
varconet_selected,9,572,112,213,0.010134452022612095,0.20004603266716003,True
varconet_selected,9,573,38,224,-0.010132521390914917,-0.061195023357868195,True
varconet_selected,9,574,215,264,-0.010129235684871674,-0.29429706931114197,True
varconet_selected,9,575,51,219,0.010123871266841888,0.17753785848617554,True
varconet_selected,9,576,65,248,0.010119764134287834,0.24235309660434723,True
varconet_selected,9,577,82,207,0.010119159705936909,0.12216654419898987,True
varconet_selected,9,578,253,347,-0.010118999518454075,-0.1330779492855072,True
varconet_selected,9,579,317,374,0.010118088684976101,0.034148283302783966,True
varconet_selected,9,580,175,377,0.010117312893271446,0.2744347155094147,True
varconet_selected,9,581,370,378,-0.010104985907673836,-0.027246013283729553,True
varconet_selected,9,582,51,269,0.010101844556629658,0.206461101770401,True
varconet_selected,9,583,172,257,-0.010100291110575199,-0.17244203388690948,True
varconet_selected,9,584,338,339,-0.010095387697219849,-0.24895957112312317,True
varconet_selected,9,585,62,271,0.010092630051076412,-0.014882552437484264,False
varconet_selected,9,586,97,150,-0.01009113248437643,-0.06881674379110336,True
varconet_selected,9,587,16,250,0.010090632364153862,0.11616799235343933,True
varconet_selected,9,588,3,31,0.010080071166157722,0.2898823916912079,True
varconet_selected,9,589,62,67,-0.010079988278448582,-0.036996178328990936,True
varconet_selected,9,590,215,372,-0.010073602199554443,-0.09785252064466476,True
varconet_selected,9,591,166,291,-0.010070457123219967,-0.18007342517375946,True
varconet_selected,9,592,241,251,-0.010069734416902065,-0.3060615658760071,True
varconet_selected,9,593,91,215,0.01006750762462616,0.09579262882471085,True
varconet_selected,9,594,65,369,0.01006495114415884,0.13362431526184082,True
varconet_selected,9,595,132,213,0.010064639151096344,0.3397960960865021,True
varconet_selected,9,596,214,276,-0.010063113644719124,-0.30915138125419617,True
varconet_selected,9,597,30,220,-0.010059835389256477,-0.07363653928041458,True
varconet_selected,9,598,249,259,0.010059189982712269,0.12147580832242966,True
varconet_selected,9,599,144,344,0.01005629077553749,-0.013686420395970345,False
varconet_selected,9,600,112,278,0.010055867955088615,0.28531497716903687,True
varconet_selected,9,601,272,337,-0.010050371289253235,-0.14119109511375427,True
varconet_selected,9,602,313,337,-0.010048400610685349,-0.12591642141342163,True
varconet_selected,9,603,206,277,-0.010043722577393055,-0.22690726816654205,True
varconet_selected,9,604,193,218,0.01003832183778286,0.07590531557798386,True
varconet_selected,9,605,110,266,0.010037205182015896,0.04769658297300339,True
varconet_selected,9,606,128,167,-0.010034420527517796,-0.2441016137599945,True
varconet_selected,9,607,209,276,-0.01003179233521223,-0.3485555350780487,True
varconet_selected,9,608,164,380,0.010030841454863548,0.1200312003493309,True
varconet_selected,9,609,51,231,-0.010028712451457977,-0.07703179866075516,True
varconet_selected,9,610,219,339,0.0100260553881526,0.1321033090353012,True
varconet_selected,9,611,179,264,-0.010025612078607082,-0.3504546880722046,True
varconet_selected,9,612,128,161,-0.010023688897490501,-0.12691102921962738,True
varconet_selected,9,613,28,269,0.010021486319601536,0.24465437233448029,True
varconet_selected,9,614,84,337,-0.01001936849206686,-0.25226762890815735,True
varconet_selected,9,615,192,216,0.0100172134116292,0.2587965726852417,True
varconet_selected,9,616,110,269,0.010015604086220264,-0.09129516780376434,False
varconet_selected,9,617,170,336,0.01001169066876173,0.22187325358390808,True
varconet_selected,9,618,266,322,-0.010011554695665836,-0.05900857225060463,True
varconet_selected,9,619,112,192,-0.010010036639869213,-0.19755582511425018,True
varconet_selected,9,620,62,83,-0.01000527385622263,-0.02444600872695446,True
varconet_selected,9,621,98,156,-0.010004180483520031,-0.08490001410245895,True
varconet_selected,9,622,268,351,-0.010003197938203812,-0.0447373166680336,True
varconet_selected,9,623,57,269,0.010000335052609444,0.22121930122375488,True
varconet_selected,9,624,264,322,-0.0099963853135705,-0.13408678770065308,True
varconet_selected,9,625,120,267,0.009993935003876686,0.011320809833705425,True
varconet_selected,9,626,177,270,-0.009992274455726147,-0.10478794574737549,True
varconet_selected,9,627,125,339,-0.009992130100727081,-0.27522099018096924,True
varconet_selected,9,628,79,148,0.009981092065572739,0.020711634308099747,True
varconet_selected,9,629,132,267,0.009980800561606884,0.14096103608608246,True
varconet_selected,9,630,199,295,-0.00997994840145111,-0.19682906568050385,True
varconet_selected,9,631,33,269,0.009979215450584888,0.12696926295757294,True
varconet_selected,9,632,192,217,0.009975530207157135,0.22606904804706573,True
varconet_selected,9,633,68,250,0.009972847066819668,0.21022503077983856,True
varconet_selected,9,634,95,151,-0.009971960447728634,-0.19283685088157654,True
varconet_selected,9,635,1,195,0.009971589781343937,0.21995340287685394,True
varconet_selected,9,636,206,252,-0.009968330152332783,-0.3194558024406433,True
varconet_selected,9,637,132,336,-0.009963961318135262,-0.14267882704734802,True
varconet_selected,9,638,36,275,0.009963314048945904,0.15126760303974152,True
varconet_selected,9,639,167,306,-0.009962248615920544,-0.14020009338855743,True
varconet_selected,9,640,229,259,0.009961120784282684,0.2230655997991562,True
varconet_selected,9,641,166,262,-0.009957676753401756,-0.4027857780456543,True
varconet_selected,9,642,271,328,-0.009956566616892815,-0.15722092986106873,True
varconet_selected,9,643,12,267,-0.009951693005859852,-0.18543030321598053,True
varconet_selected,9,644,104,120,0.009946642443537712,0.13666890561580658,True
varconet_selected,9,645,209,214,-0.009945450350642204,-0.2777259051799774,True
varconet_selected,9,646,215,255,-0.009945127181708813,-0.17400062084197998,True
varconet_selected,9,647,212,339,0.009942322038114071,0.2753280997276306,True
varconet_selected,9,648,178,337,0.009942049160599709,0.19362153112888336,True
varconet_selected,9,649,111,253,0.009939391165971756,0.014172263443470001,True
varconet_selected,9,650,133,341,-0.00993666797876358,-0.3622308671474457,True
varconet_selected,9,651,179,229,0.009934383444488049,0.22799977660179138,True
varconet_selected,9,652,106,276,0.009933417662978172,0.15147730708122253,True
varconet_selected,9,653,20,57,-0.00992988608777523,-0.08406446129083633,True
varconet_selected,9,654,291,349,-0.009928517043590546,-0.09573958069086075,True
varconet_selected,9,655,20,102,0.009927874431014061,0.1572604477405548,True
varconet_selected,9,656,100,275,0.009927874431014061,0.09723971784114838,True
varconet_selected,9,657,1,249,-0.009925639256834984,-0.21051107347011566,True
varconet_selected,9,658,96,276,0.009924658574163914,0.23001620173454285,True
varconet_selected,9,659,129,183,-0.009918006137013435,-0.10248243063688278,True
varconet_selected,9,660,167,291,-0.009916827082633972,-0.28218647837638855,True
varconet_selected,9,661,207,251,-0.009916376322507858,-0.3224828243255615,True
varconet_selected,9,662,1,336,0.00991530530154705,0.1820744276046753,True
varconet_selected,9,663,265,298,0.009914208203554153,0.12173335999250412,True
varconet_selected,9,664,67,135,-0.009913327172398567,-0.1941380649805069,True
varconet_selected,9,665,229,257,0.009911519475281239,0.2406885176897049,True
varconet_selected,9,666,200,316,0.009910245425999165,0.22069406509399414,True
varconet_selected,9,667,12,231,0.009908552281558514,0.22901874780654907,True
varconet_selected,9,668,66,257,-0.009908228181302547,-0.07960204780101776,True
varconet_selected,9,669,166,258,-0.009906251914799213,-0.2694608271121979,True
varconet_selected,9,670,68,172,-0.009906215593218803,-0.05174506455659866,True
varconet_selected,9,671,58,222,-0.00990294013172388,0.07253311574459076,False
varconet_selected,9,672,207,213,-0.00990292988717556,-0.1862792819738388,True
varconet_selected,9,673,82,334,-0.009902654215693474,0.008198916912078857,False
varconet_selected,9,674,67,290,-0.009902031160891056,-0.11465004086494446,True
varconet_selected,9,675,149,150,-0.009901410900056362,0.01120709627866745,False
varconet_selected,9,676,95,269,0.009893953800201416,0.2083558291196823,True
varconet_selected,9,677,1,250,-0.009888848289847374,-0.2587720453739166,True
varconet_selected,9,678,281,336,-0.009886165149509907,-0.2444007396697998,True
varconet_selected,9,679,51,150,-0.009884718805551529,-0.02212947979569435,True
varconet_selected,9,680,137,304,-0.00988128874450922,-0.07532289624214172,True
varconet_selected,9,681,115,249,0.009881137870252132,0.2500939965248108,True
varconet_selected,9,682,323,361,0.009869128465652466,0.03596138581633568,True
varconet_selected,9,683,218,268,-0.009867146611213684,-0.06989914923906326,True
varconet_selected,9,684,148,173,-0.009861192665994167,-0.28913575410842896,True
varconet_selected,9,685,120,216,0.00985848531126976,0.14565740525722504,True
varconet_selected,9,686,212,276,-0.009857883676886559,-0.30531594157218933,True
varconet_selected,9,687,0,171,-0.009856171905994415,-0.23352684080600739,True
varconet_selected,9,688,31,229,-0.009855360724031925,-0.07092370092868805,True
varconet_selected,9,689,3,24,-0.009855042211711407,-0.04153063893318176,True
varconet_selected,9,690,12,124,0.009853948839008808,0.2064562886953354,True
varconet_selected,9,691,114,339,-0.0098537253215909,-0.2785837650299072,True
varconet_selected,9,692,36,85,0.009847598150372505,0.011274571530520916,True
varconet_selected,9,693,126,133,-0.009845207445323467,-0.5185753703117371,True
varconet_selected,9,694,83,339,-0.009841452352702618,-0.218028724193573,True
varconet_selected,9,695,218,269,-0.0098364083096385,0.0035620739217847586,False
varconet_selected,9,696,173,373,0.009836224839091301,0.2237195521593094,True
varconet_selected,9,697,259,369,0.009836005046963692,0.11329223960638046,True
varconet_selected,9,698,65,66,-0.009835396893322468,-0.11254705488681793,True
varconet_selected,9,699,178,213,-0.009831246919929981,-0.29128026962280273,True
varconet_selected,9,700,18,228,-0.0098307179287076,-0.18749362230300903,True
varconet_selected,9,701,64,69,-0.00982995331287384,-0.07497930526733398,True
varconet_selected,9,702,1,253,-0.009828983806073666,-0.21343766152858734,True
varconet_selected,9,703,67,258,-0.009825644083321095,-0.13359275460243225,True
varconet_selected,9,704,62,239,-0.009823921136558056,0.016282925382256508,False
varconet_selected,9,705,82,339,-0.00982347410172224,-0.2700420022010803,True
varconet_selected,9,706,85,337,-0.009818200953304768,-0.3005167841911316,True
varconet_selected,9,707,65,249,0.009816831909120083,0.23459967970848083,True
varconet_selected,9,708,173,295,-0.00981619767844677,-0.20105263590812683,True
varconet_selected,9,709,214,268,-0.009815278463065624,-0.34069597721099854,True
varconet_selected,9,710,146,173,-0.009814283810555935,-0.28343692421913147,True
varconet_selected,9,711,267,347,-0.009812603704631329,-0.13267450034618378,True
varconet_selected,9,712,62,233,-0.009806211106479168,-0.034475162625312805,True
varconet_selected,9,713,164,260,-0.009803599677979946,-0.127219557762146,True
varconet_selected,9,714,65,129,-0.009802864864468575,-0.22678649425506592,True
varconet_selected,9,715,240,340,0.009801647625863552,0.20324942469596863,True
varconet_selected,9,716,86,87,-0.009800972416996956,-0.16940036416053772,True
varconet_selected,9,717,167,367,0.009797642007470131,0.14586688578128815,True
varconet_selected,9,718,249,262,0.00979638285934925,0.12521910667419434,True
varconet_selected,9,719,69,249,0.009795919060707092,0.1136493906378746,True
varconet_selected,9,720,148,261,0.009795257821679115,0.03688940778374672,True
varconet_selected,9,721,240,312,0.009793031960725784,0.18861594796180725,True
varconet_selected,9,722,179,266,-0.009786906652152538,-0.26973578333854675,True
varconet_selected,9,723,29,207,0.009786436334252357,0.3511669337749481,True
varconet_selected,9,724,178,277,-0.009781005792319775,-0.24474568665027618,True
varconet_selected,9,725,171,337,0.00977463461458683,0.3226645886898041,True
varconet_selected,9,726,134,137,-0.009773829020559788,-0.05143102630972862,True
varconet_selected,9,727,170,208,-0.009773745201528072,-0.26422008872032166,True
varconet_selected,9,728,171,213,-0.009773717261850834,-0.279712975025177,True
varconet_selected,9,729,83,251,0.009771713986992836,-0.027889123186469078,False
varconet_selected,9,730,92,230,-0.009769311174750328,-0.21439622342586517,True
varconet_selected,9,731,206,207,-0.009767178446054459,-0.2431626319885254,True
varconet_selected,9,732,194,307,-0.009765476919710636,-0.134646475315094,True
varconet_selected,9,733,1,72,0.009764696471393108,0.11059032380580902,True
varconet_selected,9,734,123,134,-0.009761158376932144,-0.23662732541561127,True
varconet_selected,9,735,166,381,0.009760924614965916,0.008238092064857483,True
