REPEAT_START repeat=6 device=cuda:0 tasks=11
TASK_START repeat=6 scope=internal_cv fold=0 seed=100600 device=cuda:0 shared_encoder=Y reference_unique_n=674 train_n=750 val_n=119
/usr/local/lib/python3.12/site-packages/torch/autograd/graph.py:841: UserWarning: Memory Efficient attention defaults to a non-deterministic algorithm. To explicitly enable determinism call torch.use_deterministic_algorithms(True, warn_only=False). (Triggered internally at /job_4065109/source/pytorch/aten/src/ATen/native/transformers/cuda/ppu/xformers/xformers/csrc/attention/cuda/fmha/attention_backward_generic.cu:487.)
  return Variable._execution_engine.run_backward(  # Calls into the C++ engine to run the backward pass
/usr/local/lib/python3.12/site-packages/torch/nn/modules/transformer.py:515: UserWarning: The PyTorch API of nested tensors is in prototype stage and will change in the near future. We recommend specifying layout=torch.jagged when constructing a nested tensor, as this layout receives active development, has better operator coverage, and works with torch.compile. (Triggered internally at ../aten/src/ATen/NestedTensorImpl.cpp:178.)
  output = torch._nested_tensor_from_mask(
CHECKPOINT_BEST repeat=6 scope=internal_cv fold=0 phase=ssl epoch=1 path=/data/adodas/VarCoNet-V2-main/xiaolunwen/experiment1b/checkpoints/worker_r6_best.pt
[SSL] repeat=6 scope=internal_cv fold=0 epoch=1/50 ssl_loss=0.112048 lr=0.000024107 base_val_bce=0.659002 base_best=Y base_cls_epoch=24 epoch_seconds=9.0 task_elapsed_minutes=0.2 gpu_alloc_gb=0.318 gpu_reserved_gb=1.939
[SSL] repeat=6 scope=internal_cv fold=0 epoch=2/50 ssl_loss=0.119953 lr=0.000038214 base_val_bce=0.672102 base_best=N base_cls_epoch=20 epoch_seconds=4.0 task_elapsed_minutes=0.3 gpu_alloc_gb=0.318 gpu_reserved_gb=1.793
[SSL] repeat=6 scope=internal_cv fold=0 epoch=3/50 ssl_loss=0.085855 lr=0.000052321 base_val_bce=0.669180 base_best=N base_cls_epoch=24 epoch_seconds=3.9 task_elapsed_minutes=0.3 gpu_alloc_gb=0.318 gpu_reserved_gb=1.793
[SSL] repeat=6 scope=internal_cv fold=0 epoch=4/50 ssl_loss=0.080043 lr=0.000066427 base_val_bce=0.659340 base_best=N base_cls_epoch=24 epoch_seconds=4.0 task_elapsed_minutes=0.4 gpu_alloc_gb=0.318 gpu_reserved_gb=1.793
[SSL] repeat=6 scope=internal_cv fold=0 epoch=5/50 ssl_loss=0.077433 lr=0.000080534 base_val_bce=0.664213 base_best=N base_cls_epoch=26 epoch_seconds=4.0 task_elapsed_minutes=0.4 gpu_alloc_gb=0.318 gpu_reserved_gb=1.793
[SSL] repeat=6 scope=internal_cv fold=0 epoch=6/50 ssl_loss=0.065796 lr=0.000094641 base_val_bce=0.664980 base_best=N base_cls_epoch=26 epoch_seconds=3.7 task_elapsed_minutes=0.5 gpu_alloc_gb=0.318 gpu_reserved_gb=1.793
[SSL] repeat=6 scope=internal_cv fold=0 epoch=7/50 ssl_loss=0.057007 lr=0.000108748 base_val_bce=0.664489 base_best=N base_cls_epoch=21 epoch_seconds=4.0 task_elapsed_minutes=0.6 gpu_alloc_gb=0.318 gpu_reserved_gb=1.793
[SSL] repeat=6 scope=internal_cv fold=0 epoch=8/50 ssl_loss=0.070050 lr=0.000122855 base_val_bce=0.669870 base_best=N base_cls_epoch=25 epoch_seconds=3.8 task_elapsed_minutes=0.6 gpu_alloc_gb=0.318 gpu_reserved_gb=1.793
[SSL] repeat=6 scope=internal_cv fold=0 epoch=9/50 ssl_loss=0.058474 lr=0.000136962 base_val_bce=0.663751 base_best=N base_cls_epoch=20 epoch_seconds=3.8 task_elapsed_minutes=0.7 gpu_alloc_gb=0.318 gpu_reserved_gb=1.793
CHECKPOINT_BEST repeat=6 scope=internal_cv fold=0 phase=ssl epoch=10 path=/data/adodas/VarCoNet-V2-main/xiaolunwen/experiment1b/checkpoints/worker_r6_best.pt
CHECKPOINT_LATEST repeat=6 scope=internal_cv fold=0 phase=ssl epoch=10 path=/data/adodas/VarCoNet-V2-main/xiaolunwen/experiment1b/checkpoints/worker_r6_latest.pt
[SSL] repeat=6 scope=internal_cv fold=0 epoch=10/50 ssl_loss=0.057038 lr=0.000136962 base_val_bce=0.646809 base_best=Y base_cls_epoch=20 epoch_seconds=4.3 task_elapsed_minutes=0.8 gpu_alloc_gb=0.318 gpu_reserved_gb=1.793
[SSL] repeat=6 scope=internal_cv fold=0 epoch=11/50 ssl_loss=0.063051 lr=0.000136751 base_val_bce=0.662540 base_best=N base_cls_epoch=28 epoch_seconds=3.8 task_elapsed_minutes=0.8 gpu_alloc_gb=0.318 gpu_reserved_gb=1.793
[SSL] repeat=6 scope=internal_cv fold=0 epoch=12/50 ssl_loss=0.058170 lr=0.000136119 base_val_bce=0.656330 base_best=N base_cls_epoch=28 epoch_seconds=3.7 task_elapsed_minutes=0.9 gpu_alloc_gb=0.318 gpu_reserved_gb=1.793
[SSL] repeat=6 scope=internal_cv fold=0 epoch=13/50 ssl_loss=0.056713 lr=0.000135070 base_val_bce=0.653684 base_best=N base_cls_epoch=25 epoch_seconds=3.8 task_elapsed_minutes=1.0 gpu_alloc_gb=0.318 gpu_reserved_gb=1.793
[SSL] repeat=6 scope=internal_cv fold=0 epoch=14/50 ssl_loss=0.064240 lr=0.000133610 base_val_bce=0.647485 base_best=N base_cls_epoch=25 epoch_seconds=3.8 task_elapsed_minutes=1.0 gpu_alloc_gb=0.318 gpu_reserved_gb=1.793
[SSL] repeat=6 scope=internal_cv fold=0 epoch=15/50 ssl_loss=0.051625 lr=0.000131749 base_val_bce=0.654910 base_best=N base_cls_epoch=30 epoch_seconds=4.0 task_elapsed_minutes=1.1 gpu_alloc_gb=0.318 gpu_reserved_gb=1.793
CHECKPOINT_BEST repeat=6 scope=internal_cv fold=0 phase=ssl epoch=16 path=/data/adodas/VarCoNet-V2-main/xiaolunwen/experiment1b/checkpoints/worker_r6_best.pt
[SSL] repeat=6 scope=internal_cv fold=0 epoch=16/50 ssl_loss=0.040096 lr=0.000129498 base_val_bce=0.641758 base_best=Y base_cls_epoch=26 epoch_seconds=2.9 task_elapsed_minutes=1.1 gpu_alloc_gb=0.318 gpu_reserved_gb=1.793
[SSL] repeat=6 scope=internal_cv fold=0 epoch=17/50 ssl_loss=0.042619 lr=0.000126870 base_val_bce=0.659547 base_best=N base_cls_epoch=27 epoch_seconds=3.9 task_elapsed_minutes=1.2 gpu_alloc_gb=0.318 gpu_reserved_gb=1.793
[SSL] repeat=6 scope=internal_cv fold=0 epoch=18/50 ssl_loss=0.038683 lr=0.000123883 base_val_bce=0.655650 base_best=N base_cls_epoch=30 epoch_seconds=3.7 task_elapsed_minutes=1.3 gpu_alloc_gb=0.318 gpu_reserved_gb=1.793
[SSL] repeat=6 scope=internal_cv fold=0 epoch=19/50 ssl_loss=0.047177 lr=0.000120554 base_val_bce=0.657654 base_best=N base_cls_epoch=27 epoch_seconds=3.9 task_elapsed_minutes=1.3 gpu_alloc_gb=0.318 gpu_reserved_gb=1.793
CHECKPOINT_LATEST repeat=6 scope=internal_cv fold=0 phase=ssl epoch=20 path=/data/adodas/VarCoNet-V2-main/xiaolunwen/experiment1b/checkpoints/worker_r6_latest.pt
[SSL] repeat=6 scope=internal_cv fold=0 epoch=20/50 ssl_loss=0.046526 lr=0.000116904 base_val_bce=0.657314 base_best=N base_cls_epoch=26 epoch_seconds=4.1 task_elapsed_minutes=1.4 gpu_alloc_gb=0.318 gpu_reserved_gb=1.793
[SSL] repeat=6 scope=internal_cv fold=0 epoch=21/50 ssl_loss=0.044362 lr=0.000112956 base_val_bce=0.651330 base_best=N base_cls_epoch=31 epoch_seconds=3.6 task_elapsed_minutes=1.5 gpu_alloc_gb=0.318 gpu_reserved_gb=1.793
[SSL] repeat=6 scope=internal_cv fold=0 epoch=22/50 ssl_loss=0.042272 lr=0.000108733 base_val_bce=0.656175 base_best=N base_cls_epoch=29 epoch_seconds=3.8 task_elapsed_minutes=1.5 gpu_alloc_gb=0.318 gpu_reserved_gb=1.793
[SSL] repeat=6 scope=internal_cv fold=0 epoch=23/50 ssl_loss=0.042564 lr=0.000104262 base_val_bce=0.655060 base_best=N base_cls_epoch=25 epoch_seconds=3.8 task_elapsed_minutes=1.6 gpu_alloc_gb=0.318 gpu_reserved_gb=1.793
[SSL] repeat=6 scope=internal_cv fold=0 epoch=24/50 ssl_loss=0.036668 lr=0.000099570 base_val_bce=0.652575 base_best=N base_cls_epoch=29 epoch_seconds=3.9 task_elapsed_minutes=1.7 gpu_alloc_gb=0.318 gpu_reserved_gb=1.793
[SSL] repeat=6 scope=internal_cv fold=0 epoch=25/50 ssl_loss=0.040529 lr=0.000094687 base_val_bce=0.658400 base_best=N base_cls_epoch=30 epoch_seconds=3.8 task_elapsed_minutes=1.7 gpu_alloc_gb=0.318 gpu_reserved_gb=1.793
[SSL] repeat=6 scope=internal_cv fold=0 epoch=26/50 ssl_loss=0.039402 lr=0.000089643 base_val_bce=0.649179 base_best=N base_cls_epoch=32 epoch_seconds=3.8 task_elapsed_minutes=1.8 gpu_alloc_gb=0.318 gpu_reserved_gb=1.793
[SSL] repeat=6 scope=internal_cv fold=0 epoch=27/50 ssl_loss=0.035359 lr=0.000084467 base_val_bce=0.646675 base_best=N base_cls_epoch=28 epoch_seconds=3.9 task_elapsed_minutes=1.8 gpu_alloc_gb=0.318 gpu_reserved_gb=1.793
[SSL] repeat=6 scope=internal_cv fold=0 epoch=28/50 ssl_loss=0.040080 lr=0.000079194 base_val_bce=0.649631 base_best=N base_cls_epoch=26 epoch_seconds=3.8 task_elapsed_minutes=1.9 gpu_alloc_gb=0.318 gpu_reserved_gb=1.793
[SSL] repeat=6 scope=internal_cv fold=0 epoch=29/50 ssl_loss=0.034141 lr=0.000073854 base_val_bce=0.645038 base_best=N base_cls_epoch=25 epoch_seconds=3.9 task_elapsed_minutes=2.0 gpu_alloc_gb=0.318 gpu_reserved_gb=1.793
CHECKPOINT_LATEST repeat=6 scope=internal_cv fold=0 phase=ssl epoch=30 path=/data/adodas/VarCoNet-V2-main/xiaolunwen/experiment1b/checkpoints/worker_r6_latest.pt
[SSL] repeat=6 scope=internal_cv fold=0 epoch=30/50 ssl_loss=0.046998 lr=0.000068481 base_val_bce=0.656830 base_best=N base_cls_epoch=28 epoch_seconds=3.8 task_elapsed_minutes=2.0 gpu_alloc_gb=0.318 gpu_reserved_gb=1.793
[SSL] repeat=6 scope=internal_cv fold=0 epoch=31/50 ssl_loss=0.044352 lr=0.000063108 base_val_bce=0.645583 base_best=N base_cls_epoch=26 epoch_seconds=3.5 task_elapsed_minutes=2.1 gpu_alloc_gb=0.318 gpu_reserved_gb=1.793
[SSL] repeat=6 scope=internal_cv fold=0 epoch=32/50 ssl_loss=0.053366 lr=0.000057768 base_val_bce=0.643291 base_best=N base_cls_epoch=25 epoch_seconds=3.8 task_elapsed_minutes=2.2 gpu_alloc_gb=0.318 gpu_reserved_gb=1.793
[SSL] repeat=6 scope=internal_cv fold=0 epoch=33/50 ssl_loss=0.037436 lr=0.000052494 base_val_bce=0.649160 base_best=N base_cls_epoch=25 epoch_seconds=3.8 task_elapsed_minutes=2.2 gpu_alloc_gb=0.318 gpu_reserved_gb=1.793
[SSL] repeat=6 scope=internal_cv fold=0 epoch=34/50 ssl_loss=0.036463 lr=0.000047319 base_val_bce=0.651257 base_best=N base_cls_epoch=29 epoch_seconds=3.8 task_elapsed_minutes=2.3 gpu_alloc_gb=0.318 gpu_reserved_gb=1.793
[SSL] repeat=6 scope=internal_cv fold=0 epoch=35/50 ssl_loss=0.038853 lr=0.000042274 base_val_bce=0.653329 base_best=N base_cls_epoch=25 epoch_seconds=3.9 task_elapsed_minutes=2.4 gpu_alloc_gb=0.318 gpu_reserved_gb=1.793
[SSL] repeat=6 scope=internal_cv fold=0 epoch=36/50 ssl_loss=0.040559 lr=0.000037391 base_val_bce=0.649335 base_best=N base_cls_epoch=28 epoch_seconds=3.7 task_elapsed_minutes=2.4 gpu_alloc_gb=0.318 gpu_reserved_gb=1.793
CHECKPOINT_BEST repeat=6 scope=internal_cv fold=0 phase=ssl epoch=37 path=/data/adodas/VarCoNet-V2-main/xiaolunwen/experiment1b/checkpoints/worker_r6_best.pt
[SSL] repeat=6 scope=internal_cv fold=0 epoch=37/50 ssl_loss=0.031422 lr=0.000032700 base_val_bce=0.640040 base_best=Y base_cls_epoch=25 epoch_seconds=4.1 task_elapsed_minutes=2.5 gpu_alloc_gb=0.318 gpu_reserved_gb=1.793
[SSL] repeat=6 scope=internal_cv fold=0 epoch=38/50 ssl_loss=0.047047 lr=0.000028229 base_val_bce=0.650471 base_best=N base_cls_epoch=27 epoch_seconds=3.8 task_elapsed_minutes=2.5 gpu_alloc_gb=0.318 gpu_reserved_gb=1.793
[SSL] repeat=6 scope=internal_cv fold=0 epoch=39/50 ssl_loss=0.043941 lr=0.000024006 base_val_bce=0.656131 base_best=N base_cls_epoch=27 epoch_seconds=3.8 task_elapsed_minutes=2.6 gpu_alloc_gb=0.318 gpu_reserved_gb=1.793
CHECKPOINT_LATEST repeat=6 scope=internal_cv fold=0 phase=ssl epoch=40 path=/data/adodas/VarCoNet-V2-main/xiaolunwen/experiment1b/checkpoints/worker_r6_latest.pt
[SSL] repeat=6 scope=internal_cv fold=0 epoch=40/50 ssl_loss=0.035256 lr=0.000020058 base_val_bce=0.649427 base_best=N base_cls_epoch=30 epoch_seconds=3.8 task_elapsed_minutes=2.7 gpu_alloc_gb=0.318 gpu_reserved_gb=1.793
[SSL] repeat=6 scope=internal_cv fold=0 epoch=41/50 ssl_loss=0.027305 lr=0.000016408 base_val_bce=0.653357 base_best=N base_cls_epoch=28 epoch_seconds=3.8 task_elapsed_minutes=2.7 gpu_alloc_gb=0.318 gpu_reserved_gb=1.793
[SSL] repeat=6 scope=internal_cv fold=0 epoch=42/50 ssl_loss=0.031724 lr=0.000013079 base_val_bce=0.640611 base_best=N base_cls_epoch=28 epoch_seconds=3.9 task_elapsed_minutes=2.8 gpu_alloc_gb=0.318 gpu_reserved_gb=1.793
[SSL] repeat=6 scope=internal_cv fold=0 epoch=43/50 ssl_loss=0.035421 lr=0.000010091 base_val_bce=0.656515 base_best=N base_cls_epoch=31 epoch_seconds=3.8 task_elapsed_minutes=2.9 gpu_alloc_gb=0.318 gpu_reserved_gb=1.793
[SSL] repeat=6 scope=internal_cv fold=0 epoch=44/50 ssl_loss=0.034470 lr=0.000007464 base_val_bce=0.647843 base_best=N base_cls_epoch=34 epoch_seconds=3.8 task_elapsed_minutes=2.9 gpu_alloc_gb=0.318 gpu_reserved_gb=1.793
[SSL] repeat=6 scope=internal_cv fold=0 epoch=45/50 ssl_loss=0.046227 lr=0.000005213 base_val_bce=0.658725 base_best=N base_cls_epoch=28 epoch_seconds=3.8 task_elapsed_minutes=3.0 gpu_alloc_gb=0.318 gpu_reserved_gb=1.793
CHECKPOINT_BEST repeat=6 scope=internal_cv fold=0 phase=ssl epoch=46 path=/data/adodas/VarCoNet-V2-main/xiaolunwen/experiment1b/checkpoints/worker_r6_best.pt
[SSL] repeat=6 scope=internal_cv fold=0 epoch=46/50 ssl_loss=0.030468 lr=0.000003352 base_val_bce=0.638125 base_best=Y base_cls_epoch=31 epoch_seconds=4.1 task_elapsed_minutes=3.1 gpu_alloc_gb=0.318 gpu_reserved_gb=1.793
[SSL] repeat=6 scope=internal_cv fold=0 epoch=47/50 ssl_loss=0.034466 lr=0.000001892 base_val_bce=0.647054 base_best=N base_cls_epoch=29 epoch_seconds=3.8 task_elapsed_minutes=3.1 gpu_alloc_gb=0.318 gpu_reserved_gb=1.793
[SSL] repeat=6 scope=internal_cv fold=0 epoch=48/50 ssl_loss=0.042191 lr=0.000000843 base_val_bce=0.648921 base_best=N base_cls_epoch=26 epoch_seconds=3.8 task_elapsed_minutes=3.2 gpu_alloc_gb=0.318 gpu_reserved_gb=1.793
[SSL] repeat=6 scope=internal_cv fold=0 epoch=49/50 ssl_loss=0.039891 lr=0.000000211 base_val_bce=0.660350 base_best=N base_cls_epoch=28 epoch_seconds=3.8 task_elapsed_minutes=3.3 gpu_alloc_gb=0.318 gpu_reserved_gb=1.793
CHECKPOINT_LATEST repeat=6 scope=internal_cv fold=0 phase=ssl epoch=50 path=/data/adodas/VarCoNet-V2-main/xiaolunwen/experiment1b/checkpoints/worker_r6_latest.pt
[SSL] repeat=6 scope=internal_cv fold=0 epoch=50/50 ssl_loss=0.039600 lr=0.000000000 base_val_bce=0.655074 base_best=N base_cls_epoch=30 epoch_seconds=3.5 task_elapsed_minutes=3.3 gpu_alloc_gb=0.318 gpu_reserved_gb=1.793
CRSM_INIT repeat=6 scope=internal_cv fold=0 n_experts=2 tau=1.0 trainable_parameters=147074 hc_centroid_norm=22.783039 pca_unit_norm=1.00000000 pca_singular=153.404724 sigma_margin=1.338176 sigma_projection=7.449087 ratio=0.0100 scale=0.00179642998 epoch0_val_bce=0.638125
CHECKPOINT_LATEST repeat=6 scope=internal_cv fold=0 phase=crsm epoch=0 path=/data/adodas/VarCoNet-V2-main/xiaolunwen/experiment1b/checkpoints/worker_r6_latest.pt
CHECKPOINT_BEST repeat=6 scope=internal_cv fold=0 phase=crsm epoch=0 path=/data/adodas/VarCoNet-V2-main/xiaolunwen/experiment1b/checkpoints/worker_r6_best.pt
CHECKPOINT_LATEST repeat=6 scope=internal_cv fold=0 phase=crsm epoch=10 path=/data/adodas/VarCoNet-V2-main/xiaolunwen/experiment1b/checkpoints/worker_r6_latest.pt
[CRSM] repeat=6 scope=internal_cv fold=0 epoch=10/149 train_loss=0.243954 val_bce=0.649221 best=N best_epoch=0 mass=(0.5023,0.4977) hard=(0.4852,0.5148) entropy=0.692897 delta_l2=(0.130828,0.130059) delta_cos=0.991691 epoch_seconds=0.89
CHECKPOINT_LATEST repeat=6 scope=internal_cv fold=0 phase=crsm epoch=20 path=/data/adodas/VarCoNet-V2-main/xiaolunwen/experiment1b/checkpoints/worker_r6_latest.pt
[CRSM] repeat=6 scope=internal_cv fold=0 epoch=20/149 train_loss=0.212775 val_bce=0.660362 best=N best_epoch=0 mass=(0.5036,0.4964) hard=(0.4718,0.5282) entropy=0.692483 delta_l2=(0.250052,0.249311) delta_cos=0.991863 epoch_seconds=0.85
CHECKPOINT_LATEST repeat=6 scope=internal_cv fold=0 phase=crsm epoch=30 path=/data/adodas/VarCoNet-V2-main/xiaolunwen/experiment1b/checkpoints/worker_r6_latest.pt
[CRSM] repeat=6 scope=internal_cv fold=0 epoch=30/149 train_loss=0.190605 val_bce=0.674216 best=N best_epoch=0 mass=(0.5056,0.4944) hard=(0.4718,0.5282) entropy=0.691542 delta_l2=(0.357763,0.356956) delta_cos=0.989826 epoch_seconds=0.74
CHECKPOINT_LATEST repeat=6 scope=internal_cv fold=0 phase=crsm epoch=40 path=/data/adodas/VarCoNet-V2-main/xiaolunwen/experiment1b/checkpoints/worker_r6_latest.pt
[CRSM] repeat=6 scope=internal_cv fold=0 epoch=40/149 train_loss=0.174643 val_bce=0.690765 best=N best_epoch=0 mass=(0.5085,0.4915) hard=(0.4718,0.5282) entropy=0.689381 delta_l2=(0.454192,0.453194) delta_cos=0.985495 epoch_seconds=0.77
CHECKPOINT_LATEST repeat=6 scope=internal_cv fold=0 phase=crsm epoch=50 path=/data/adodas/VarCoNet-V2-main/xiaolunwen/experiment1b/checkpoints/worker_r6_latest.pt
[CRSM] repeat=6 scope=internal_cv fold=0 epoch=50/149 train_loss=0.162980 val_bce=0.707236 best=N best_epoch=0 mass=(0.5125,0.4875) hard=(0.4688,0.5312) entropy=0.684809 delta_l2=(0.540455,0.539109) delta_cos=0.977714 epoch_seconds=1.07
CHECKPOINT_LATEST repeat=6 scope=internal_cv fold=0 phase=crsm epoch=60 path=/data/adodas/VarCoNet-V2-main/xiaolunwen/experiment1b/checkpoints/worker_r6_latest.pt
[CRSM] repeat=6 scope=internal_cv fold=0 epoch=60/149 train_loss=0.154274 val_bce=0.724021 best=N best_epoch=0 mass=(0.5170,0.4830) hard=(0.4748,0.5252) entropy=0.676563 delta_l2=(0.617746,0.615962) delta_cos=0.964995 epoch_seconds=0.72
CHECKPOINT_LATEST repeat=6 scope=internal_cv fold=0 phase=crsm epoch=70 path=/data/adodas/VarCoNet-V2-main/xiaolunwen/experiment1b/checkpoints/worker_r6_latest.pt
[CRSM] repeat=6 scope=internal_cv fold=0 epoch=70/149 train_loss=0.147604 val_bce=0.741427 best=N best_epoch=0 mass=(0.5213,0.4787) hard=(0.4763,0.5237) entropy=0.664219 delta_l2=(0.687244,0.685168) delta_cos=0.946315 epoch_seconds=0.70
CHECKPOINT_LATEST repeat=6 scope=internal_cv fold=0 phase=crsm epoch=80 path=/data/adodas/VarCoNet-V2-main/xiaolunwen/experiment1b/checkpoints/worker_r6_latest.pt
[CRSM] repeat=6 scope=internal_cv fold=0 epoch=80/149 train_loss=0.142369 val_bce=0.758906 best=N best_epoch=0 mass=(0.5246,0.4754) hard=(0.4852,0.5148) entropy=0.648751 delta_l2=(0.750001,0.748152) delta_cos=0.921909 epoch_seconds=0.90
CHECKPOINT_LATEST repeat=6 scope=internal_cv fold=0 phase=crsm epoch=90 path=/data/adodas/VarCoNet-V2-main/xiaolunwen/experiment1b/checkpoints/worker_r6_latest.pt
[CRSM] repeat=6 scope=internal_cv fold=0 epoch=90/149 train_loss=0.138190 val_bce=0.776261 best=N best_epoch=0 mass=(0.5270,0.4730) hard=(0.4896,0.5104) entropy=0.631656 delta_l2=(0.806892,0.806059) delta_cos=0.893203 epoch_seconds=1.00
CHECKPOINT_LATEST repeat=6 scope=internal_cv fold=0 phase=crsm epoch=100 path=/data/adodas/VarCoNet-V2-main/xiaolunwen/experiment1b/checkpoints/worker_r6_latest.pt
[CRSM] repeat=6 scope=internal_cv fold=0 epoch=100/149 train_loss=0.134823 val_bce=0.793216 best=N best_epoch=0 mass=(0.5286,0.4714) hard=(0.4970,0.5030) entropy=0.614085 delta_l2=(0.858657,0.859657) delta_cos=0.862134 epoch_seconds=0.56
CHECKPOINT_LATEST repeat=6 scope=internal_cv fold=0 phase=crsm epoch=110 path=/data/adodas/VarCoNet-V2-main/xiaolunwen/experiment1b/checkpoints/worker_r6_latest.pt
[CRSM] repeat=6 scope=internal_cv fold=0 epoch=110/149 train_loss=0.132091 val_bce=0.809558 best=N best_epoch=0 mass=(0.5298,0.4702) hard=(0.5030,0.4970) entropy=0.596820 delta_l2=(0.905948,0.909417) delta_cos=0.830474 epoch_seconds=0.94
CHECKPOINT_LATEST repeat=6 scope=internal_cv fold=0 phase=crsm epoch=120 path=/data/adodas/VarCoNet-V2-main/xiaolunwen/experiment1b/checkpoints/worker_r6_latest.pt
[CRSM] repeat=6 scope=internal_cv fold=0 epoch=120/149 train_loss=0.129861 val_bce=0.825188 best=N best_epoch=0 mass=(0.5308,0.4692) hard=(0.5104,0.4896) entropy=0.580319 delta_l2=(0.949347,0.955652) delta_cos=0.799460 epoch_seconds=0.64
CHECKPOINT_LATEST repeat=6 scope=internal_cv fold=0 phase=crsm epoch=130 path=/data/adodas/VarCoNet-V2-main/xiaolunwen/experiment1b/checkpoints/worker_r6_latest.pt
[CRSM] repeat=6 scope=internal_cv fold=0 epoch=130/149 train_loss=0.128028 val_bce=0.840065 best=N best_epoch=0 mass=(0.5316,0.4684) hard=(0.5148,0.4852) entropy=0.564816 delta_l2=(0.989357,0.998619) delta_cos=0.769812 epoch_seconds=0.54
CHECKPOINT_LATEST repeat=6 scope=internal_cv fold=0 phase=crsm epoch=140 path=/data/adodas/VarCoNet-V2-main/xiaolunwen/experiment1b/checkpoints/worker_r6_latest.pt
[CRSM] repeat=6 scope=internal_cv fold=0 epoch=140/149 train_loss=0.126510 val_bce=0.854195 best=N best_epoch=0 mass=(0.5323,0.4677) hard=(0.5163,0.4837) entropy=0.550441 delta_l2=(1.026402,1.038569) delta_cos=0.741884 epoch_seconds=0.27
TASK_TRAINING_DONE repeat=6 scope=internal_cv fold=0 base_encoder_epoch=46 base_classifier_epoch=31 base_val_bce=0.638125 selected_crsm_epoch=0 crsm_val_bce=0.638125 treatment_threshold=0.340640 elapsed_minutes=3.6
TASK_DONE repeat=6 scope=internal_fold fold=0 method=baseline selected_encoder_epoch=46 test_auc=0.695542 test_bce=0.612224 elapsed_minutes=3.6
TASK_DONE repeat=6 scope=internal_fold fold=0 method=control_referenced_soft_multiboundary selected_encoder_epoch=46 test_auc=0.695542 test_bce=0.612216 elapsed_minutes=3.6
TASK_START repeat=6 scope=internal_cv fold=1 seed=100601 device=cuda:0 shared_encoder=Y reference_unique_n=674 train_n=750 val_n=119
CHECKPOINT_BEST repeat=6 scope=internal_cv fold=1 phase=ssl epoch=1 path=/data/adodas/VarCoNet-V2-main/xiaolunwen/experiment1b/checkpoints/worker_r6_best.pt
[SSL] repeat=6 scope=internal_cv fold=1 epoch=1/50 ssl_loss=0.102590 lr=0.000024107 base_val_bce=0.570867 base_best=Y base_cls_epoch=70 epoch_seconds=4.4 task_elapsed_minutes=0.1 gpu_alloc_gb=0.318 gpu_reserved_gb=1.744
[SSL] repeat=6 scope=internal_cv fold=1 epoch=2/50 ssl_loss=0.116121 lr=0.000038214 base_val_bce=0.579341 base_best=N base_cls_epoch=76 epoch_seconds=3.8 task_elapsed_minutes=0.1 gpu_alloc_gb=0.317 gpu_reserved_gb=2.008
CHECKPOINT_BEST repeat=6 scope=internal_cv fold=1 phase=ssl epoch=3 path=/data/adodas/VarCoNet-V2-main/xiaolunwen/experiment1b/checkpoints/worker_r6_best.pt
[SSL] repeat=6 scope=internal_cv fold=1 epoch=3/50 ssl_loss=0.088360 lr=0.000052321 base_val_bce=0.565097 base_best=Y base_cls_epoch=60 epoch_seconds=15.4 task_elapsed_minutes=0.2 gpu_alloc_gb=0.318 gpu_reserved_gb=1.744
CHECKPOINT_BEST repeat=6 scope=internal_cv fold=1 phase=ssl epoch=4 path=/data/adodas/VarCoNet-V2-main/xiaolunwen/experiment1b/checkpoints/worker_r6_best.pt
[SSL] repeat=6 scope=internal_cv fold=1 epoch=4/50 ssl_loss=0.092912 lr=0.000066427 base_val_bce=0.557148 base_best=Y base_cls_epoch=58 epoch_seconds=4.5 task_elapsed_minutes=0.5 gpu_alloc_gb=0.317 gpu_reserved_gb=2.008
[SSL] repeat=6 scope=internal_cv fold=1 epoch=5/50 ssl_loss=0.089295 lr=0.000080534 base_val_bce=0.574247 base_best=N base_cls_epoch=72 epoch_seconds=3.4 task_elapsed_minutes=0.5 gpu_alloc_gb=0.318 gpu_reserved_gb=1.744
[SSL] repeat=6 scope=internal_cv fold=1 epoch=6/50 ssl_loss=0.069951 lr=0.000094641 base_val_bce=0.573579 base_best=N base_cls_epoch=73 epoch_seconds=4.0 task_elapsed_minutes=0.6 gpu_alloc_gb=0.317 gpu_reserved_gb=2.008
CHECKPOINT_BEST repeat=6 scope=internal_cv fold=1 phase=ssl epoch=7 path=/data/adodas/VarCoNet-V2-main/xiaolunwen/experiment1b/checkpoints/worker_r6_best.pt
[SSL] repeat=6 scope=internal_cv fold=1 epoch=7/50 ssl_loss=0.067483 lr=0.000108748 base_val_bce=0.548143 base_best=Y base_cls_epoch=61 epoch_seconds=3.9 task_elapsed_minutes=0.7 gpu_alloc_gb=0.318 gpu_reserved_gb=1.744
[SSL] repeat=6 scope=internal_cv fold=1 epoch=8/50 ssl_loss=0.059345 lr=0.000122855 base_val_bce=0.561228 base_best=N base_cls_epoch=79 epoch_seconds=3.8 task_elapsed_minutes=0.7 gpu_alloc_gb=0.317 gpu_reserved_gb=2.008
[SSL] repeat=6 scope=internal_cv fold=1 epoch=9/50 ssl_loss=0.074238 lr=0.000136962 base_val_bce=0.558037 base_best=N base_cls_epoch=79 epoch_seconds=4.0 task_elapsed_minutes=0.8 gpu_alloc_gb=0.318 gpu_reserved_gb=1.744
CHECKPOINT_BEST repeat=6 scope=internal_cv fold=1 phase=ssl epoch=10 path=/data/adodas/VarCoNet-V2-main/xiaolunwen/experiment1b/checkpoints/worker_r6_best.pt
CHECKPOINT_LATEST repeat=6 scope=internal_cv fold=1 phase=ssl epoch=10 path=/data/adodas/VarCoNet-V2-main/xiaolunwen/experiment1b/checkpoints/worker_r6_latest.pt
[SSL] repeat=6 scope=internal_cv fold=1 epoch=10/50 ssl_loss=0.059199 lr=0.000136962 base_val_bce=0.545024 base_best=Y base_cls_epoch=79 epoch_seconds=5.0 task_elapsed_minutes=0.9 gpu_alloc_gb=0.317 gpu_reserved_gb=2.008
[SSL] repeat=6 scope=internal_cv fold=1 epoch=11/50 ssl_loss=0.058515 lr=0.000136751 base_val_bce=0.559219 base_best=N base_cls_epoch=88 epoch_seconds=3.8 task_elapsed_minutes=0.9 gpu_alloc_gb=0.318 gpu_reserved_gb=1.744
[SSL] repeat=6 scope=internal_cv fold=1 epoch=12/50 ssl_loss=0.067625 lr=0.000136119 base_val_bce=0.547466 base_best=N base_cls_epoch=93 epoch_seconds=3.7 task_elapsed_minutes=1.0 gpu_alloc_gb=0.317 gpu_reserved_gb=2.008
[SSL] repeat=6 scope=internal_cv fold=1 epoch=13/50 ssl_loss=0.058314 lr=0.000135070 base_val_bce=0.547840 base_best=N base_cls_epoch=86 epoch_seconds=3.8 task_elapsed_minutes=1.1 gpu_alloc_gb=0.318 gpu_reserved_gb=1.744
[SSL] repeat=6 scope=internal_cv fold=1 epoch=14/50 ssl_loss=0.044065 lr=0.000133610 base_val_bce=0.560705 base_best=N base_cls_epoch=80 epoch_seconds=3.7 task_elapsed_minutes=1.1 gpu_alloc_gb=0.317 gpu_reserved_gb=2.008
[SSL] repeat=6 scope=internal_cv fold=1 epoch=15/50 ssl_loss=0.051133 lr=0.000131749 base_val_bce=0.550811 base_best=N base_cls_epoch=85 epoch_seconds=3.8 task_elapsed_minutes=1.2 gpu_alloc_gb=0.318 gpu_reserved_gb=1.744
[SSL] repeat=6 scope=internal_cv fold=1 epoch=16/50 ssl_loss=0.062451 lr=0.000129498 base_val_bce=0.554883 base_best=N base_cls_epoch=91 epoch_seconds=3.9 task_elapsed_minutes=1.3 gpu_alloc_gb=0.317 gpu_reserved_gb=2.008
[SSL] repeat=6 scope=internal_cv fold=1 epoch=17/50 ssl_loss=0.048403 lr=0.000126870 base_val_bce=0.547585 base_best=N base_cls_epoch=90 epoch_seconds=3.8 task_elapsed_minutes=1.3 gpu_alloc_gb=0.318 gpu_reserved_gb=1.744
[SSL] repeat=6 scope=internal_cv fold=1 epoch=18/50 ssl_loss=0.047619 lr=0.000123883 base_val_bce=0.561470 base_best=N base_cls_epoch=96 epoch_seconds=3.3 task_elapsed_minutes=1.4 gpu_alloc_gb=0.317 gpu_reserved_gb=2.008
[SSL] repeat=6 scope=internal_cv fold=1 epoch=19/50 ssl_loss=0.045067 lr=0.000120554 base_val_bce=0.551213 base_best=N base_cls_epoch=83 epoch_seconds=3.4 task_elapsed_minutes=1.4 gpu_alloc_gb=0.318 gpu_reserved_gb=1.744
CHECKPOINT_LATEST repeat=6 scope=internal_cv fold=1 phase=ssl epoch=20 path=/data/adodas/VarCoNet-V2-main/xiaolunwen/experiment1b/checkpoints/worker_r6_latest.pt
[SSL] repeat=6 scope=internal_cv fold=1 epoch=20/50 ssl_loss=0.053762 lr=0.000116904 base_val_bce=0.548357 base_best=N base_cls_epoch=95 epoch_seconds=3.8 task_elapsed_minutes=1.5 gpu_alloc_gb=0.317 gpu_reserved_gb=2.008
[SSL] repeat=6 scope=internal_cv fold=1 epoch=21/50 ssl_loss=0.036834 lr=0.000112956 base_val_bce=0.554079 base_best=N base_cls_epoch=91 epoch_seconds=3.8 task_elapsed_minutes=1.6 gpu_alloc_gb=0.318 gpu_reserved_gb=1.744
[SSL] repeat=6 scope=internal_cv fold=1 epoch=22/50 ssl_loss=0.040276 lr=0.000108733 base_val_bce=0.553811 base_best=N base_cls_epoch=90 epoch_seconds=3.8 task_elapsed_minutes=1.6 gpu_alloc_gb=0.317 gpu_reserved_gb=2.008
[SSL] repeat=6 scope=internal_cv fold=1 epoch=23/50 ssl_loss=0.034600 lr=0.000104262 base_val_bce=0.555518 base_best=N base_cls_epoch=94 epoch_seconds=3.9 task_elapsed_minutes=1.7 gpu_alloc_gb=0.318 gpu_reserved_gb=1.744
[SSL] repeat=6 scope=internal_cv fold=1 epoch=24/50 ssl_loss=0.045261 lr=0.000099570 base_val_bce=0.551338 base_best=N base_cls_epoch=91 epoch_seconds=3.9 task_elapsed_minutes=1.7 gpu_alloc_gb=0.317 gpu_reserved_gb=2.008
[SSL] repeat=6 scope=internal_cv fold=1 epoch=25/50 ssl_loss=0.047261 lr=0.000094687 base_val_bce=0.558908 base_best=N base_cls_epoch=90 epoch_seconds=3.8 task_elapsed_minutes=1.8 gpu_alloc_gb=0.318 gpu_reserved_gb=1.744
[SSL] repeat=6 scope=internal_cv fold=1 epoch=26/50 ssl_loss=0.042996 lr=0.000089643 base_val_bce=0.554429 base_best=N base_cls_epoch=97 epoch_seconds=3.9 task_elapsed_minutes=1.9 gpu_alloc_gb=0.317 gpu_reserved_gb=2.008
[SSL] repeat=6 scope=internal_cv fold=1 epoch=27/50 ssl_loss=0.033494 lr=0.000084467 base_val_bce=0.565338 base_best=N base_cls_epoch=86 epoch_seconds=3.8 task_elapsed_minutes=1.9 gpu_alloc_gb=0.318 gpu_reserved_gb=1.744
[SSL] repeat=6 scope=internal_cv fold=1 epoch=28/50 ssl_loss=0.035272 lr=0.000079194 base_val_bce=0.565402 base_best=N base_cls_epoch=78 epoch_seconds=3.9 task_elapsed_minutes=2.0 gpu_alloc_gb=0.317 gpu_reserved_gb=2.008
[SSL] repeat=6 scope=internal_cv fold=1 epoch=29/50 ssl_loss=0.039211 lr=0.000073854 base_val_bce=0.556761 base_best=N base_cls_epoch=87 epoch_seconds=3.9 task_elapsed_minutes=2.1 gpu_alloc_gb=0.318 gpu_reserved_gb=1.744
CHECKPOINT_LATEST repeat=6 scope=internal_cv fold=1 phase=ssl epoch=30 path=/data/adodas/VarCoNet-V2-main/xiaolunwen/experiment1b/checkpoints/worker_r6_latest.pt
[SSL] repeat=6 scope=internal_cv fold=1 epoch=30/50 ssl_loss=0.036020 lr=0.000068481 base_val_bce=0.560640 base_best=N base_cls_epoch=86 epoch_seconds=4.0 task_elapsed_minutes=2.1 gpu_alloc_gb=0.317 gpu_reserved_gb=2.008
[SSL] repeat=6 scope=internal_cv fold=1 epoch=31/50 ssl_loss=0.031298 lr=0.000063108 base_val_bce=0.557269 base_best=N base_cls_epoch=94 epoch_seconds=3.9 task_elapsed_minutes=2.2 gpu_alloc_gb=0.318 gpu_reserved_gb=1.744
[SSL] repeat=6 scope=internal_cv fold=1 epoch=32/50 ssl_loss=0.038910 lr=0.000057768 base_val_bce=0.562436 base_best=N base_cls_epoch=79 epoch_seconds=3.8 task_elapsed_minutes=2.3 gpu_alloc_gb=0.317 gpu_reserved_gb=2.008
[SSL] repeat=6 scope=internal_cv fold=1 epoch=33/50 ssl_loss=0.041668 lr=0.000052494 base_val_bce=0.570326 base_best=N base_cls_epoch=92 epoch_seconds=3.8 task_elapsed_minutes=2.3 gpu_alloc_gb=0.318 gpu_reserved_gb=1.744
[SSL] repeat=6 scope=internal_cv fold=1 epoch=34/50 ssl_loss=0.034668 lr=0.000047319 base_val_bce=0.563231 base_best=N base_cls_epoch=90 epoch_seconds=3.8 task_elapsed_minutes=2.4 gpu_alloc_gb=0.317 gpu_reserved_gb=2.008
[SSL] repeat=6 scope=internal_cv fold=1 epoch=35/50 ssl_loss=0.037416 lr=0.000042274 base_val_bce=0.558572 base_best=N base_cls_epoch=84 epoch_seconds=3.8 task_elapsed_minutes=2.5 gpu_alloc_gb=0.318 gpu_reserved_gb=1.744
[SSL] repeat=6 scope=internal_cv fold=1 epoch=36/50 ssl_loss=0.037695 lr=0.000037391 base_val_bce=0.568763 base_best=N base_cls_epoch=88 epoch_seconds=3.7 task_elapsed_minutes=2.5 gpu_alloc_gb=0.317 gpu_reserved_gb=2.008
[SSL] repeat=6 scope=internal_cv fold=1 epoch=37/50 ssl_loss=0.046006 lr=0.000032700 base_val_bce=0.561794 base_best=N base_cls_epoch=89 epoch_seconds=3.7 task_elapsed_minutes=2.6 gpu_alloc_gb=0.318 gpu_reserved_gb=1.744
[SSL] repeat=6 scope=internal_cv fold=1 epoch=38/50 ssl_loss=0.033642 lr=0.000028229 base_val_bce=0.552254 base_best=N base_cls_epoch=90 epoch_seconds=5.8 task_elapsed_minutes=2.7 gpu_alloc_gb=0.317 gpu_reserved_gb=2.008
[SSL] repeat=6 scope=internal_cv fold=1 epoch=39/50 ssl_loss=0.047137 lr=0.000024006 base_val_bce=0.574257 base_best=N base_cls_epoch=100 epoch_seconds=4.8 task_elapsed_minutes=2.8 gpu_alloc_gb=0.318 gpu_reserved_gb=1.744
CHECKPOINT_LATEST repeat=6 scope=internal_cv fold=1 phase=ssl epoch=40 path=/data/adodas/VarCoNet-V2-main/xiaolunwen/experiment1b/checkpoints/worker_r6_latest.pt
[SSL] repeat=6 scope=internal_cv fold=1 epoch=40/50 ssl_loss=0.032802 lr=0.000020058 base_val_bce=0.564062 base_best=N base_cls_epoch=99 epoch_seconds=3.3 task_elapsed_minutes=2.8 gpu_alloc_gb=0.317 gpu_reserved_gb=2.008
[SSL] repeat=6 scope=internal_cv fold=1 epoch=41/50 ssl_loss=0.043583 lr=0.000016408 base_val_bce=0.563920 base_best=N base_cls_epoch=90 epoch_seconds=3.8 task_elapsed_minutes=2.9 gpu_alloc_gb=0.318 gpu_reserved_gb=1.744
[SSL] repeat=6 scope=internal_cv fold=1 epoch=42/50 ssl_loss=0.039543 lr=0.000013079 base_val_bce=0.561829 base_best=N base_cls_epoch=93 epoch_seconds=3.8 task_elapsed_minutes=2.9 gpu_alloc_gb=0.317 gpu_reserved_gb=2.008
[SSL] repeat=6 scope=internal_cv fold=1 epoch=43/50 ssl_loss=0.043017 lr=0.000010091 base_val_bce=0.563547 base_best=N base_cls_epoch=101 epoch_seconds=3.9 task_elapsed_minutes=3.0 gpu_alloc_gb=0.318 gpu_reserved_gb=1.744
[SSL] repeat=6 scope=internal_cv fold=1 epoch=44/50 ssl_loss=0.034754 lr=0.000007464 base_val_bce=0.555481 base_best=N base_cls_epoch=89 epoch_seconds=3.8 task_elapsed_minutes=3.1 gpu_alloc_gb=0.317 gpu_reserved_gb=2.008
[SSL] repeat=6 scope=internal_cv fold=1 epoch=45/50 ssl_loss=0.047435 lr=0.000005213 base_val_bce=0.554415 base_best=N base_cls_epoch=91 epoch_seconds=3.8 task_elapsed_minutes=3.1 gpu_alloc_gb=0.318 gpu_reserved_gb=1.744
[SSL] repeat=6 scope=internal_cv fold=1 epoch=46/50 ssl_loss=0.044397 lr=0.000003352 base_val_bce=0.574534 base_best=N base_cls_epoch=85 epoch_seconds=3.7 task_elapsed_minutes=3.2 gpu_alloc_gb=0.317 gpu_reserved_gb=2.008
[SSL] repeat=6 scope=internal_cv fold=1 epoch=47/50 ssl_loss=0.050823 lr=0.000001892 base_val_bce=0.563790 base_best=N base_cls_epoch=88 epoch_seconds=3.9 task_elapsed_minutes=3.3 gpu_alloc_gb=0.318 gpu_reserved_gb=1.744
[SSL] repeat=6 scope=internal_cv fold=1 epoch=48/50 ssl_loss=0.037477 lr=0.000000843 base_val_bce=0.560670 base_best=N base_cls_epoch=93 epoch_seconds=3.8 task_elapsed_minutes=3.3 gpu_alloc_gb=0.317 gpu_reserved_gb=2.008
[SSL] repeat=6 scope=internal_cv fold=1 epoch=49/50 ssl_loss=0.030495 lr=0.000000211 base_val_bce=0.558462 base_best=N base_cls_epoch=89 epoch_seconds=3.9 task_elapsed_minutes=3.4 gpu_alloc_gb=0.318 gpu_reserved_gb=1.744
CHECKPOINT_LATEST repeat=6 scope=internal_cv fold=1 phase=ssl epoch=50 path=/data/adodas/VarCoNet-V2-main/xiaolunwen/experiment1b/checkpoints/worker_r6_latest.pt
[SSL] repeat=6 scope=internal_cv fold=1 epoch=50/50 ssl_loss=0.042171 lr=0.000000000 base_val_bce=0.548173 base_best=N base_cls_epoch=98 epoch_seconds=4.2 task_elapsed_minutes=3.4 gpu_alloc_gb=0.317 gpu_reserved_gb=2.008
CRSM_INIT repeat=6 scope=internal_cv fold=1 n_experts=2 tau=1.0 trainable_parameters=147074 hc_centroid_norm=27.084110 pca_unit_norm=1.00000000 pca_singular=142.307266 sigma_margin=2.446548 sigma_projection=7.518260 ratio=0.0100 scale=0.00325414073 epoch0_val_bce=0.545028
CHECKPOINT_LATEST repeat=6 scope=internal_cv fold=1 phase=crsm epoch=0 path=/data/adodas/VarCoNet-V2-main/xiaolunwen/experiment1b/checkpoints/worker_r6_latest.pt
CHECKPOINT_BEST repeat=6 scope=internal_cv fold=1 phase=crsm epoch=0 path=/data/adodas/VarCoNet-V2-main/xiaolunwen/experiment1b/checkpoints/worker_r6_best.pt
CHECKPOINT_BEST repeat=6 scope=internal_cv fold=1 phase=crsm epoch=1 path=/data/adodas/VarCoNet-V2-main/xiaolunwen/experiment1b/checkpoints/worker_r6_best.pt
[CRSM] repeat=6 scope=internal_cv fold=1 epoch=1/149 train_loss=0.096733 val_bce=0.544424 best=Y best_epoch=1 mass=(0.5004,0.4996) hard=(0.3591,0.6409) entropy=0.692887 delta_l2=(0.014009,0.013930) delta_cos=0.858515 epoch_seconds=0.56
CHECKPOINT_BEST repeat=6 scope=internal_cv fold=1 phase=crsm epoch=2 path=/data/adodas/VarCoNet-V2-main/xiaolunwen/experiment1b/checkpoints/worker_r6_best.pt
[CRSM] repeat=6 scope=internal_cv fold=1 epoch=2/149 train_loss=0.094902 val_bce=0.543965 best=Y best_epoch=2 mass=(0.5005,0.4995) hard=(0.3591,0.6409) entropy=0.692873 delta_l2=(0.027216,0.027127) delta_cos=0.946726 epoch_seconds=1.01
CHECKPOINT_BEST repeat=6 scope=internal_cv fold=1 phase=crsm epoch=3 path=/data/adodas/VarCoNet-V2-main/xiaolunwen/experiment1b/checkpoints/worker_r6_best.pt
[CRSM] repeat=6 scope=internal_cv fold=1 epoch=3/149 train_loss=0.093150 val_bce=0.543638 best=Y best_epoch=3 mass=(0.5005,0.4995) hard=(0.3620,0.6380) entropy=0.692858 delta_l2=(0.040439,0.040342) delta_cos=0.966076 epoch_seconds=0.73
CHECKPOINT_BEST repeat=6 scope=internal_cv fold=1 phase=crsm epoch=4 path=/data/adodas/VarCoNet-V2-main/xiaolunwen/experiment1b/checkpoints/worker_r6_best.pt
[CRSM] repeat=6 scope=internal_cv fold=1 epoch=4/149 train_loss=0.091472 val_bce=0.543438 best=Y best_epoch=4 mass=(0.5005,0.4995) hard=(0.3665,0.6335) entropy=0.692841 delta_l2=(0.053578,0.053475) delta_cos=0.973814 epoch_seconds=1.00
CHECKPOINT_BEST repeat=6 scope=internal_cv fold=1 phase=crsm epoch=5 path=/data/adodas/VarCoNet-V2-main/xiaolunwen/experiment1b/checkpoints/worker_r6_best.pt
[CRSM] repeat=6 scope=internal_cv fold=1 epoch=5/149 train_loss=0.089864 val_bce=0.543353 best=Y best_epoch=5 mass=(0.5006,0.4994) hard=(0.3680,0.6320) entropy=0.692825 delta_l2=(0.066611,0.066504) delta_cos=0.977874 epoch_seconds=0.79
CHECKPOINT_LATEST repeat=6 scope=internal_cv fold=1 phase=crsm epoch=10 path=/data/adodas/VarCoNet-V2-main/xiaolunwen/experiment1b/checkpoints/worker_r6_latest.pt
[CRSM] repeat=6 scope=internal_cv fold=1 epoch=10/149 train_loss=0.082746 val_bce=0.544319 best=N best_epoch=5 mass=(0.5009,0.4991) hard=(0.3739,0.6261) entropy=0.692720 delta_l2=(0.129986,0.129873) delta_cos=0.984665 epoch_seconds=0.87
CHECKPOINT_LATEST repeat=6 scope=internal_cv fold=1 phase=crsm epoch=20 path=/data/adodas/VarCoNet-V2-main/xiaolunwen/experiment1b/checkpoints/worker_r6_latest.pt
[CRSM] repeat=6 scope=internal_cv fold=1 epoch=20/149 train_loss=0.072026 val_bce=0.550003 best=N best_epoch=5 mass=(0.5015,0.4985) hard=(0.4036,0.5964) entropy=0.692345 delta_l2=(0.247468,0.247389) delta_cos=0.986439 epoch_seconds=0.39
CHECKPOINT_LATEST repeat=6 scope=internal_cv fold=1 phase=crsm epoch=30 path=/data/adodas/VarCoNet-V2-main/xiaolunwen/experiment1b/checkpoints/worker_r6_latest.pt
[CRSM] repeat=6 scope=internal_cv fold=1 epoch=30/149 train_loss=0.064535 val_bce=0.557277 best=N best_epoch=5 mass=(0.5024,0.4976) hard=(0.4258,0.5742) entropy=0.691516 delta_l2=(0.352801,0.352793) delta_cos=0.984813 epoch_seconds=1.04
CHECKPOINT_LATEST repeat=6 scope=internal_cv fold=1 phase=crsm epoch=40 path=/data/adodas/VarCoNet-V2-main/xiaolunwen/experiment1b/checkpoints/worker_r6_latest.pt
[CRSM] repeat=6 scope=internal_cv fold=1 epoch=40/149 train_loss=0.059188 val_bce=0.565467 best=N best_epoch=5 mass=(0.5039,0.4961) hard=(0.4525,0.5475) entropy=0.689765 delta_l2=(0.446816,0.446945) delta_cos=0.980630 epoch_seconds=0.62
CHECKPOINT_LATEST repeat=6 scope=internal_cv fold=1 phase=crsm epoch=50 path=/data/adodas/VarCoNet-V2-main/xiaolunwen/experiment1b/checkpoints/worker_r6_latest.pt
[CRSM] repeat=6 scope=internal_cv fold=1 epoch=50/149 train_loss=0.055288 val_bce=0.574125 best=N best_epoch=5 mass=(0.5059,0.4941) hard=(0.4718,0.5282) entropy=0.686293 delta_l2=(0.530690,0.531082) delta_cos=0.973034 epoch_seconds=0.76
CHECKPOINT_LATEST repeat=6 scope=internal_cv fold=1 phase=crsm epoch=60 path=/data/adodas/VarCoNet-V2-main/xiaolunwen/experiment1b/checkpoints/worker_r6_latest.pt
[CRSM] repeat=6 scope=internal_cv fold=1 epoch=60/149 train_loss=0.052377 val_bce=0.583010 best=N best_epoch=5 mass=(0.5084,0.4916) hard=(0.4792,0.5208) entropy=0.679976 delta_l2=(0.605664,0.606523) delta_cos=0.960571 epoch_seconds=1.31
CHECKPOINT_LATEST repeat=6 scope=internal_cv fold=1 phase=crsm epoch=70 path=/data/adodas/VarCoNet-V2-main/xiaolunwen/experiment1b/checkpoints/worker_r6_latest.pt
[CRSM] repeat=6 scope=internal_cv fold=1 epoch=70/149 train_loss=0.050143 val_bce=0.592352 best=N best_epoch=5 mass=(0.5115,0.4885) hard=(0.4896,0.5104) entropy=0.669963 delta_l2=(0.672897,0.674543) delta_cos=0.942044 epoch_seconds=0.43
CHECKPOINT_LATEST repeat=6 scope=internal_cv fold=1 phase=crsm epoch=80 path=/data/adodas/VarCoNet-V2-main/xiaolunwen/experiment1b/checkpoints/worker_r6_latest.pt
[CRSM] repeat=6 scope=internal_cv fold=1 epoch=80/149 train_loss=0.048381 val_bce=0.602295 best=N best_epoch=5 mass=(0.5146,0.4854) hard=(0.5059,0.4941) entropy=0.656277 delta_l2=(0.733540,0.736334) delta_cos=0.917272 epoch_seconds=0.38
CHECKPOINT_LATEST repeat=6 scope=internal_cv fold=1 phase=crsm epoch=90 path=/data/adodas/VarCoNet-V2-main/xiaolunwen/experiment1b/checkpoints/worker_r6_latest.pt
[CRSM] repeat=6 scope=internal_cv fold=1 epoch=90/149 train_loss=0.046964 val_bce=0.612646 best=N best_epoch=5 mass=(0.5176,0.4824) hard=(0.5104,0.4896) entropy=0.639904 delta_l2=(0.788679,0.792926) delta_cos=0.887417 epoch_seconds=0.61
CHECKPOINT_LATEST repeat=6 scope=internal_cv fold=1 phase=crsm epoch=100 path=/data/adodas/VarCoNet-V2-main/xiaolunwen/experiment1b/checkpoints/worker_r6_latest.pt
[CRSM] repeat=6 scope=internal_cv fold=1 epoch=100/149 train_loss=0.045813 val_bce=0.623176 best=N best_epoch=5 mass=(0.5202,0.4798) hard=(0.5193,0.4807) entropy=0.622187 delta_l2=(0.839179,0.845091) delta_cos=0.854496 epoch_seconds=0.41
CHECKPOINT_LATEST repeat=6 scope=internal_cv fold=1 phase=crsm epoch=110 path=/data/adodas/VarCoNet-V2-main/xiaolunwen/experiment1b/checkpoints/worker_r6_latest.pt
[CRSM] repeat=6 scope=internal_cv fold=1 epoch=110/149 train_loss=0.044875 val_bce=0.633708 best=N best_epoch=5 mass=(0.5223,0.4777) hard=(0.5312,0.4688) entropy=0.604301 delta_l2=(0.885661,0.893365) delta_cos=0.820559 epoch_seconds=0.27
CHECKPOINT_LATEST repeat=6 scope=internal_cv fold=1 phase=crsm epoch=120 path=/data/adodas/VarCoNet-V2-main/xiaolunwen/experiment1b/checkpoints/worker_r6_latest.pt
[CRSM] repeat=6 scope=internal_cv fold=1 epoch=120/149 train_loss=0.044109 val_bce=0.644103 best=N best_epoch=5 mass=(0.5240,0.4760) hard=(0.5326,0.4674) entropy=0.587080 delta_l2=(0.928575,0.938124) delta_cos=0.787178 epoch_seconds=0.41
CHECKPOINT_LATEST repeat=6 scope=internal_cv fold=1 phase=crsm epoch=130 path=/data/adodas/VarCoNet-V2-main/xiaolunwen/experiment1b/checkpoints/worker_r6_latest.pt
[CRSM] repeat=6 scope=internal_cv fold=1 epoch=130/149 train_loss=0.043480 val_bce=0.654257 best=N best_epoch=5 mass=(0.5253,0.4747) hard=(0.5312,0.4688) entropy=0.571008 delta_l2=(0.968270,0.979669) delta_cos=0.755344 epoch_seconds=0.53
CHECKPOINT_LATEST repeat=6 scope=internal_cv fold=1 phase=crsm epoch=140 path=/data/adodas/VarCoNet-V2-main/xiaolunwen/experiment1b/checkpoints/worker_r6_latest.pt
[CRSM] repeat=6 scope=internal_cv fold=1 epoch=140/149 train_loss=0.042962 val_bce=0.664133 best=N best_epoch=5 mass=(0.5263,0.4737) hard=(0.5326,0.4674) entropy=0.556280 delta_l2=(1.005058,1.018272) delta_cos=0.725552 epoch_seconds=0.27
TASK_TRAINING_DONE repeat=6 scope=internal_cv fold=1 base_encoder_epoch=10 base_classifier_epoch=79 base_val_bce=0.545024 selected_crsm_epoch=5 crsm_val_bce=0.543353 treatment_threshold=0.427096 elapsed_minutes=3.7
TASK_DONE repeat=6 scope=internal_fold fold=1 method=baseline selected_encoder_epoch=10 test_auc=0.712766 test_bce=0.657351 elapsed_minutes=3.7
TASK_DONE repeat=6 scope=internal_fold fold=1 method=control_referenced_soft_multiboundary selected_encoder_epoch=10 test_auc=0.712259 test_bce=0.664710 elapsed_minutes=3.7
TASK_START repeat=6 scope=internal_cv fold=2 seed=100602 device=cuda:0 shared_encoder=Y reference_unique_n=674 train_n=750 val_n=120
CHECKPOINT_BEST repeat=6 scope=internal_cv fold=2 phase=ssl epoch=1 path=/data/adodas/VarCoNet-V2-main/xiaolunwen/experiment1b/checkpoints/worker_r6_best.pt
[SSL] repeat=6 scope=internal_cv fold=2 epoch=1/50 ssl_loss=1.815420 lr=0.000024107 base_val_bce=0.655052 base_best=Y base_cls_epoch=101 epoch_seconds=4.4 task_elapsed_minutes=0.1 gpu_alloc_gb=0.318 gpu_reserved_gb=1.744
CHECKPOINT_BEST repeat=6 scope=internal_cv fold=2 phase=ssl epoch=2 path=/data/adodas/VarCoNet-V2-main/xiaolunwen/experiment1b/checkpoints/worker_r6_best.pt
[SSL] repeat=6 scope=internal_cv fold=2 epoch=2/50 ssl_loss=0.734880 lr=0.000038214 base_val_bce=0.653715 base_best=Y base_cls_epoch=52 epoch_seconds=4.1 task_elapsed_minutes=0.1 gpu_alloc_gb=0.317 gpu_reserved_gb=2.008
CHECKPOINT_BEST repeat=6 scope=internal_cv fold=2 phase=ssl epoch=3 path=/data/adodas/VarCoNet-V2-main/xiaolunwen/experiment1b/checkpoints/worker_r6_best.pt
[SSL] repeat=6 scope=internal_cv fold=2 epoch=3/50 ssl_loss=0.217145 lr=0.000052321 base_val_bce=0.640190 base_best=Y base_cls_epoch=51 epoch_seconds=4.2 task_elapsed_minutes=0.2 gpu_alloc_gb=0.318 gpu_reserved_gb=1.744
[SSL] repeat=6 scope=internal_cv fold=2 epoch=4/50 ssl_loss=0.163595 lr=0.000066427 base_val_bce=0.641568 base_best=N base_cls_epoch=47 epoch_seconds=3.8 task_elapsed_minutes=0.3 gpu_alloc_gb=0.317 gpu_reserved_gb=2.008
[SSL] repeat=6 scope=internal_cv fold=2 epoch=5/50 ssl_loss=0.114914 lr=0.000080534 base_val_bce=0.645637 base_best=N base_cls_epoch=53 epoch_seconds=4.0 task_elapsed_minutes=0.3 gpu_alloc_gb=0.318 gpu_reserved_gb=1.744
CHECKPOINT_BEST repeat=6 scope=internal_cv fold=2 phase=ssl epoch=6 path=/data/adodas/VarCoNet-V2-main/xiaolunwen/experiment1b/checkpoints/worker_r6_best.pt
[SSL] repeat=6 scope=internal_cv fold=2 epoch=6/50 ssl_loss=0.087408 lr=0.000094641 base_val_bce=0.632534 base_best=Y base_cls_epoch=37 epoch_seconds=4.1 task_elapsed_minutes=0.4 gpu_alloc_gb=0.317 gpu_reserved_gb=2.008
[SSL] repeat=6 scope=internal_cv fold=2 epoch=7/50 ssl_loss=0.100560 lr=0.000108748 base_val_bce=0.638113 base_best=N base_cls_epoch=42 epoch_seconds=3.9 task_elapsed_minutes=0.5 gpu_alloc_gb=0.318 gpu_reserved_gb=1.744
CHECKPOINT_BEST repeat=6 scope=internal_cv fold=2 phase=ssl epoch=8 path=/data/adodas/VarCoNet-V2-main/xiaolunwen/experiment1b/checkpoints/worker_r6_best.pt
[SSL] repeat=6 scope=internal_cv fold=2 epoch=8/50 ssl_loss=0.135299 lr=0.000122855 base_val_bce=0.628026 base_best=Y base_cls_epoch=39 epoch_seconds=4.0 task_elapsed_minutes=0.5 gpu_alloc_gb=0.317 gpu_reserved_gb=2.008
[SSL] repeat=6 scope=internal_cv fold=2 epoch=9/50 ssl_loss=0.094868 lr=0.000136962 base_val_bce=0.632417 base_best=N base_cls_epoch=39 epoch_seconds=2.6 task_elapsed_minutes=0.6 gpu_alloc_gb=0.318 gpu_reserved_gb=1.744
CHECKPOINT_LATEST repeat=6 scope=internal_cv fold=2 phase=ssl epoch=10 path=/data/adodas/VarCoNet-V2-main/xiaolunwen/experiment1b/checkpoints/worker_r6_latest.pt
[SSL] repeat=6 scope=internal_cv fold=2 epoch=10/50 ssl_loss=0.096184 lr=0.000136962 base_val_bce=0.635041 base_best=N base_cls_epoch=47 epoch_seconds=9.5 task_elapsed_minutes=0.6 gpu_alloc_gb=0.317 gpu_reserved_gb=2.008
[SSL] repeat=6 scope=internal_cv fold=2 epoch=11/50 ssl_loss=0.089610 lr=0.000136751 base_val_bce=0.631782 base_best=N base_cls_epoch=46 epoch_seconds=4.6 task_elapsed_minutes=0.8 gpu_alloc_gb=0.318 gpu_reserved_gb=1.744
CHECKPOINT_BEST repeat=6 scope=internal_cv fold=2 phase=ssl epoch=12 path=/data/adodas/VarCoNet-V2-main/xiaolunwen/experiment1b/checkpoints/worker_r6_best.pt
[SSL] repeat=6 scope=internal_cv fold=2 epoch=12/50 ssl_loss=0.084162 lr=0.000136119 base_val_bce=0.620163 base_best=Y base_cls_epoch=44 epoch_seconds=7.2 task_elapsed_minutes=0.9 gpu_alloc_gb=0.317 gpu_reserved_gb=2.008
CHECKPOINT_BEST repeat=6 scope=internal_cv fold=2 phase=ssl epoch=13 path=/data/adodas/VarCoNet-V2-main/xiaolunwen/experiment1b/checkpoints/worker_r6_best.pt
[SSL] repeat=6 scope=internal_cv fold=2 epoch=13/50 ssl_loss=0.069298 lr=0.000135070 base_val_bce=0.619153 base_best=Y base_cls_epoch=43 epoch_seconds=4.1 task_elapsed_minutes=1.0 gpu_alloc_gb=0.318 gpu_reserved_gb=1.744
[SSL] repeat=6 scope=internal_cv fold=2 epoch=14/50 ssl_loss=0.087165 lr=0.000133610 base_val_bce=0.631979 base_best=N base_cls_epoch=49 epoch_seconds=3.7 task_elapsed_minutes=1.1 gpu_alloc_gb=0.317 gpu_reserved_gb=2.008
[SSL] repeat=6 scope=internal_cv fold=2 epoch=15/50 ssl_loss=0.090343 lr=0.000131749 base_val_bce=0.635757 base_best=N base_cls_epoch=43 epoch_seconds=3.8 task_elapsed_minutes=1.1 gpu_alloc_gb=0.318 gpu_reserved_gb=1.744
[SSL] repeat=6 scope=internal_cv fold=2 epoch=16/50 ssl_loss=0.076180 lr=0.000129498 base_val_bce=0.622252 base_best=N base_cls_epoch=44 epoch_seconds=3.7 task_elapsed_minutes=1.2 gpu_alloc_gb=0.317 gpu_reserved_gb=2.008
[SSL] repeat=6 scope=internal_cv fold=2 epoch=17/50 ssl_loss=0.069995 lr=0.000126870 base_val_bce=0.629556 base_best=N base_cls_epoch=44 epoch_seconds=3.7 task_elapsed_minutes=1.3 gpu_alloc_gb=0.318 gpu_reserved_gb=1.744
[SSL] repeat=6 scope=internal_cv fold=2 epoch=18/50 ssl_loss=0.063103 lr=0.000123883 base_val_bce=0.629177 base_best=N base_cls_epoch=44 epoch_seconds=3.7 task_elapsed_minutes=1.3 gpu_alloc_gb=0.317 gpu_reserved_gb=2.008
[SSL] repeat=6 scope=internal_cv fold=2 epoch=19/50 ssl_loss=0.074202 lr=0.000120554 base_val_bce=0.623987 base_best=N base_cls_epoch=41 epoch_seconds=3.9 task_elapsed_minutes=1.4 gpu_alloc_gb=0.318 gpu_reserved_gb=1.744
CHECKPOINT_LATEST repeat=6 scope=internal_cv fold=2 phase=ssl epoch=20 path=/data/adodas/VarCoNet-V2-main/xiaolunwen/experiment1b/checkpoints/worker_r6_latest.pt
[SSL] repeat=6 scope=internal_cv fold=2 epoch=20/50 ssl_loss=0.060191 lr=0.000116904 base_val_bce=0.632538 base_best=N base_cls_epoch=48 epoch_seconds=3.8 task_elapsed_minutes=1.4 gpu_alloc_gb=0.317 gpu_reserved_gb=2.008
[SSL] repeat=6 scope=internal_cv fold=2 epoch=21/50 ssl_loss=0.056413 lr=0.000112956 base_val_bce=0.632205 base_best=N base_cls_epoch=46 epoch_seconds=3.8 task_elapsed_minutes=1.5 gpu_alloc_gb=0.318 gpu_reserved_gb=1.744
[SSL] repeat=6 scope=internal_cv fold=2 epoch=22/50 ssl_loss=0.065284 lr=0.000108733 base_val_bce=0.628009 base_best=N base_cls_epoch=43 epoch_seconds=3.8 task_elapsed_minutes=1.6 gpu_alloc_gb=0.317 gpu_reserved_gb=2.008
[SSL] repeat=6 scope=internal_cv fold=2 epoch=23/50 ssl_loss=0.056774 lr=0.000104262 base_val_bce=0.623996 base_best=N base_cls_epoch=43 epoch_seconds=3.7 task_elapsed_minutes=1.6 gpu_alloc_gb=0.318 gpu_reserved_gb=1.744
[SSL] repeat=6 scope=internal_cv fold=2 epoch=24/50 ssl_loss=0.056242 lr=0.000099570 base_val_bce=0.637032 base_best=N base_cls_epoch=48 epoch_seconds=4.7 task_elapsed_minutes=1.7 gpu_alloc_gb=0.317 gpu_reserved_gb=2.008
[SSL] repeat=6 scope=internal_cv fold=2 epoch=25/50 ssl_loss=0.068995 lr=0.000094687 base_val_bce=0.634221 base_best=N base_cls_epoch=52 epoch_seconds=3.7 task_elapsed_minutes=1.8 gpu_alloc_gb=0.318 gpu_reserved_gb=1.744
[SSL] repeat=6 scope=internal_cv fold=2 epoch=26/50 ssl_loss=0.059194 lr=0.000089643 base_val_bce=0.626360 base_best=N base_cls_epoch=44 epoch_seconds=3.7 task_elapsed_minutes=1.8 gpu_alloc_gb=0.317 gpu_reserved_gb=2.008
[SSL] repeat=6 scope=internal_cv fold=2 epoch=27/50 ssl_loss=0.065746 lr=0.000084467 base_val_bce=0.637115 base_best=N base_cls_epoch=44 epoch_seconds=3.8 task_elapsed_minutes=1.9 gpu_alloc_gb=0.318 gpu_reserved_gb=1.744
[SSL] repeat=6 scope=internal_cv fold=2 epoch=28/50 ssl_loss=0.048418 lr=0.000079194 base_val_bce=0.625733 base_best=N base_cls_epoch=41 epoch_seconds=3.8 task_elapsed_minutes=2.0 gpu_alloc_gb=0.317 gpu_reserved_gb=2.008
[SSL] repeat=6 scope=internal_cv fold=2 epoch=29/50 ssl_loss=0.062571 lr=0.000073854 base_val_bce=0.623441 base_best=N base_cls_epoch=46 epoch_seconds=4.0 task_elapsed_minutes=2.0 gpu_alloc_gb=0.318 gpu_reserved_gb=1.744
CHECKPOINT_LATEST repeat=6 scope=internal_cv fold=2 phase=ssl epoch=30 path=/data/adodas/VarCoNet-V2-main/xiaolunwen/experiment1b/checkpoints/worker_r6_latest.pt
[SSL] repeat=6 scope=internal_cv fold=2 epoch=30/50 ssl_loss=0.051579 lr=0.000068481 base_val_bce=0.633844 base_best=N base_cls_epoch=43 epoch_seconds=4.9 task_elapsed_minutes=2.1 gpu_alloc_gb=0.317 gpu_reserved_gb=2.008
[SSL] repeat=6 scope=internal_cv fold=2 epoch=31/50 ssl_loss=0.059835 lr=0.000063108 base_val_bce=0.626095 base_best=N base_cls_epoch=40 epoch_seconds=3.1 task_elapsed_minutes=2.2 gpu_alloc_gb=0.318 gpu_reserved_gb=1.744
CHECKPOINT_BEST repeat=6 scope=internal_cv fold=2 phase=ssl epoch=32 path=/data/adodas/VarCoNet-V2-main/xiaolunwen/experiment1b/checkpoints/worker_r6_best.pt
[SSL] repeat=6 scope=internal_cv fold=2 epoch=32/50 ssl_loss=0.053118 lr=0.000057768 base_val_bce=0.615268 base_best=Y base_cls_epoch=42 epoch_seconds=4.0 task_elapsed_minutes=2.2 gpu_alloc_gb=0.317 gpu_reserved_gb=2.008
[SSL] repeat=6 scope=internal_cv fold=2 epoch=33/50 ssl_loss=0.054168 lr=0.000052494 base_val_bce=0.627539 base_best=N base_cls_epoch=47 epoch_seconds=3.9 task_elapsed_minutes=2.3 gpu_alloc_gb=0.318 gpu_reserved_gb=1.744
[SSL] repeat=6 scope=internal_cv fold=2 epoch=34/50 ssl_loss=0.051174 lr=0.000047319 base_val_bce=0.630739 base_best=N base_cls_epoch=40 epoch_seconds=3.6 task_elapsed_minutes=2.4 gpu_alloc_gb=0.317 gpu_reserved_gb=2.008
[SSL] repeat=6 scope=internal_cv fold=2 epoch=35/50 ssl_loss=0.043433 lr=0.000042274 base_val_bce=0.628753 base_best=N base_cls_epoch=46 epoch_seconds=3.9 task_elapsed_minutes=2.4 gpu_alloc_gb=0.318 gpu_reserved_gb=1.744
[SSL] repeat=6 scope=internal_cv fold=2 epoch=36/50 ssl_loss=0.046816 lr=0.000037391 base_val_bce=0.630752 base_best=N base_cls_epoch=40 epoch_seconds=5.0 task_elapsed_minutes=2.5 gpu_alloc_gb=0.317 gpu_reserved_gb=2.008
[SSL] repeat=6 scope=internal_cv fold=2 epoch=37/50 ssl_loss=0.048166 lr=0.000032700 base_val_bce=0.625757 base_best=N base_cls_epoch=45 epoch_seconds=4.6 task_elapsed_minutes=2.6 gpu_alloc_gb=0.318 gpu_reserved_gb=1.744
[SSL] repeat=6 scope=internal_cv fold=2 epoch=38/50 ssl_loss=0.059948 lr=0.000028229 base_val_bce=0.621187 base_best=N base_cls_epoch=43 epoch_seconds=4.6 task_elapsed_minutes=2.7 gpu_alloc_gb=0.317 gpu_reserved_gb=2.008
[SSL] repeat=6 scope=internal_cv fold=2 epoch=39/50 ssl_loss=0.056599 lr=0.000024006 base_val_bce=0.637034 base_best=N base_cls_epoch=45 epoch_seconds=4.0 task_elapsed_minutes=2.7 gpu_alloc_gb=0.318 gpu_reserved_gb=1.744
CHECKPOINT_LATEST repeat=6 scope=internal_cv fold=2 phase=ssl epoch=40 path=/data/adodas/VarCoNet-V2-main/xiaolunwen/experiment1b/checkpoints/worker_r6_latest.pt
[SSL] repeat=6 scope=internal_cv fold=2 epoch=40/50 ssl_loss=0.065865 lr=0.000020058 base_val_bce=0.625703 base_best=N base_cls_epoch=41 epoch_seconds=5.7 task_elapsed_minutes=2.8 gpu_alloc_gb=0.317 gpu_reserved_gb=2.008
[SSL] repeat=6 scope=internal_cv fold=2 epoch=41/50 ssl_loss=0.064312 lr=0.000016408 base_val_bce=0.625306 base_best=N base_cls_epoch=42 epoch_seconds=5.7 task_elapsed_minutes=2.9 gpu_alloc_gb=0.318 gpu_reserved_gb=1.744
[SSL] repeat=6 scope=internal_cv fold=2 epoch=42/50 ssl_loss=0.066408 lr=0.000013079 base_val_bce=0.625691 base_best=N base_cls_epoch=41 epoch_seconds=2.0 task_elapsed_minutes=3.0 gpu_alloc_gb=0.317 gpu_reserved_gb=2.008
[SSL] repeat=6 scope=internal_cv fold=2 epoch=43/50 ssl_loss=0.063445 lr=0.000010091 base_val_bce=0.628333 base_best=N base_cls_epoch=46 epoch_seconds=4.8 task_elapsed_minutes=3.0 gpu_alloc_gb=0.318 gpu_reserved_gb=1.744
[SSL] repeat=6 scope=internal_cv fold=2 epoch=44/50 ssl_loss=0.061912 lr=0.000007464 base_val_bce=0.624471 base_best=N base_cls_epoch=43 epoch_seconds=2.3 task_elapsed_minutes=3.1 gpu_alloc_gb=0.317 gpu_reserved_gb=2.008
[SSL] repeat=6 scope=internal_cv fold=2 epoch=45/50 ssl_loss=0.050161 lr=0.000005213 base_val_bce=0.634491 base_best=N base_cls_epoch=41 epoch_seconds=3.8 task_elapsed_minutes=3.1 gpu_alloc_gb=0.318 gpu_reserved_gb=1.744
[SSL] repeat=6 scope=internal_cv fold=2 epoch=46/50 ssl_loss=0.053525 lr=0.000003352 base_val_bce=0.638741 base_best=N base_cls_epoch=46 epoch_seconds=3.8 task_elapsed_minutes=3.2 gpu_alloc_gb=0.317 gpu_reserved_gb=2.008
[SSL] repeat=6 scope=internal_cv fold=2 epoch=47/50 ssl_loss=0.068499 lr=0.000001892 base_val_bce=0.630400 base_best=N base_cls_epoch=42 epoch_seconds=3.4 task_elapsed_minutes=3.3 gpu_alloc_gb=0.318 gpu_reserved_gb=1.744
[SSL] repeat=6 scope=internal_cv fold=2 epoch=48/50 ssl_loss=0.047082 lr=0.000000843 base_val_bce=0.635241 base_best=N base_cls_epoch=44 epoch_seconds=3.3 task_elapsed_minutes=3.3 gpu_alloc_gb=0.317 gpu_reserved_gb=2.008
[SSL] repeat=6 scope=internal_cv fold=2 epoch=49/50 ssl_loss=0.052642 lr=0.000000211 base_val_bce=0.626925 base_best=N base_cls_epoch=42 epoch_seconds=3.5 task_elapsed_minutes=3.4 gpu_alloc_gb=0.318 gpu_reserved_gb=1.744
CHECKPOINT_LATEST repeat=6 scope=internal_cv fold=2 phase=ssl epoch=50 path=/data/adodas/VarCoNet-V2-main/xiaolunwen/experiment1b/checkpoints/worker_r6_latest.pt
[SSL] repeat=6 scope=internal_cv fold=2 epoch=50/50 ssl_loss=0.064886 lr=0.000000000 base_val_bce=0.631859 base_best=N base_cls_epoch=42 epoch_seconds=4.1 task_elapsed_minutes=3.4 gpu_alloc_gb=0.317 gpu_reserved_gb=2.008
CRSM_INIT repeat=6 scope=internal_cv fold=2 n_experts=2 tau=1.0 trainable_parameters=147074 hc_centroid_norm=24.663528 pca_unit_norm=1.00000000 pca_singular=132.150909 sigma_margin=1.628950 sigma_projection=6.473520 ratio=0.0100 scale=0.00251632859 epoch0_val_bce=0.615274
CHECKPOINT_LATEST repeat=6 scope=internal_cv fold=2 phase=crsm epoch=0 path=/data/adodas/VarCoNet-V2-main/xiaolunwen/experiment1b/checkpoints/worker_r6_latest.pt
CHECKPOINT_BEST repeat=6 scope=internal_cv fold=2 phase=crsm epoch=0 path=/data/adodas/VarCoNet-V2-main/xiaolunwen/experiment1b/checkpoints/worker_r6_best.pt
CHECKPOINT_LATEST repeat=6 scope=internal_cv fold=2 phase=crsm epoch=10 path=/data/adodas/VarCoNet-V2-main/xiaolunwen/experiment1b/checkpoints/worker_r6_latest.pt
[CRSM] repeat=6 scope=internal_cv fold=2 epoch=10/149 train_loss=0.188675 val_bce=0.625017 best=N best_epoch=0 mass=(0.5023,0.4977) hard=(0.6276,0.3724) entropy=0.692921 delta_l2=(0.130721,0.129822) delta_cos=0.992057 epoch_seconds=0.44
CHECKPOINT_LATEST repeat=6 scope=internal_cv fold=2 phase=crsm epoch=20 path=/data/adodas/VarCoNet-V2-main/xiaolunwen/experiment1b/checkpoints/worker_r6_latest.pt
[CRSM] repeat=6 scope=internal_cv fold=2 epoch=20/149 train_loss=0.165915 val_bce=0.636806 best=N best_epoch=0 mass=(0.5030,0.4970) hard=(0.6113,0.3887) entropy=0.692713 delta_l2=(0.250100,0.249275) delta_cos=0.993155 epoch_seconds=2.94
CHECKPOINT_LATEST repeat=6 scope=internal_cv fold=2 phase=crsm epoch=30 path=/data/adodas/VarCoNet-V2-main/xiaolunwen/experiment1b/checkpoints/worker_r6_latest.pt
[CRSM] repeat=6 scope=internal_cv fold=2 epoch=30/149 train_loss=0.149393 val_bce=0.649900 best=N best_epoch=0 mass=(0.5041,0.4959) hard=(0.5846,0.4154) entropy=0.692215 delta_l2=(0.358784,0.357796) delta_cos=0.992042 epoch_seconds=0.63
CHECKPOINT_LATEST repeat=6 scope=internal_cv fold=2 phase=crsm epoch=40 path=/data/adodas/VarCoNet-V2-main/xiaolunwen/experiment1b/checkpoints/worker_r6_latest.pt
[CRSM] repeat=6 scope=internal_cv fold=2 epoch=40/149 train_loss=0.137268 val_bce=0.664303 best=N best_epoch=0 mass=(0.5059,0.4941) hard=(0.5386,0.4614) entropy=0.690950 delta_l2=(0.456982,0.455526) delta_cos=0.988867 epoch_seconds=0.39
CHECKPOINT_LATEST repeat=6 scope=internal_cv fold=2 phase=crsm epoch=50 path=/data/adodas/VarCoNet-V2-main/xiaolunwen/experiment1b/checkpoints/worker_r6_latest.pt
[CRSM] repeat=6 scope=internal_cv fold=2 epoch=50/149 train_loss=0.128241 val_bce=0.679609 best=N best_epoch=0 mass=(0.5082,0.4918) hard=(0.5148,0.4852) entropy=0.687999 delta_l2=(0.545562,0.543255) delta_cos=0.982443 epoch_seconds=0.44
CHECKPOINT_LATEST repeat=6 scope=internal_cv fold=2 phase=crsm epoch=60 path=/data/adodas/VarCoNet-V2-main/xiaolunwen/experiment1b/checkpoints/worker_r6_latest.pt
[CRSM] repeat=6 scope=internal_cv fold=2 epoch=60/149 train_loss=0.121387 val_bce=0.695607 best=N best_epoch=0 mass=(0.5109,0.4891) hard=(0.5030,0.4970) entropy=0.682245 delta_l2=(0.625572,0.622103) delta_cos=0.971337 epoch_seconds=0.54
CHECKPOINT_LATEST repeat=6 scope=internal_cv fold=2 phase=crsm epoch=70 path=/data/adodas/VarCoNet-V2-main/xiaolunwen/experiment1b/checkpoints/worker_r6_latest.pt
[CRSM] repeat=6 scope=internal_cv fold=2 epoch=70/149 train_loss=0.116057 val_bce=0.711896 best=N best_epoch=0 mass=(0.5130,0.4870) hard=(0.4926,0.5074) entropy=0.672898 delta_l2=(0.698010,0.693413) delta_cos=0.954568 epoch_seconds=0.37
CHECKPOINT_LATEST repeat=6 scope=internal_cv fold=2 phase=crsm epoch=80 path=/data/adodas/VarCoNet-V2-main/xiaolunwen/experiment1b/checkpoints/worker_r6_latest.pt
[CRSM] repeat=6 scope=internal_cv fold=2 epoch=80/149 train_loss=0.111811 val_bce=0.728578 best=N best_epoch=0 mass=(0.5143,0.4857) hard=(0.5000,0.5000) entropy=0.659984 delta_l2=(0.763741,0.758605) delta_cos=0.932007 epoch_seconds=0.40
CHECKPOINT_LATEST repeat=6 scope=internal_cv fold=2 phase=crsm epoch=90 path=/data/adodas/VarCoNet-V2-main/xiaolunwen/experiment1b/checkpoints/worker_r6_latest.pt
[CRSM] repeat=6 scope=internal_cv fold=2 epoch=90/149 train_loss=0.108370 val_bce=0.745473 best=N best_epoch=0 mass=(0.5145,0.4855) hard=(0.5000,0.5000) entropy=0.644422 delta_l2=(0.823522,0.818936) delta_cos=0.904575 epoch_seconds=1.97
CHECKPOINT_LATEST repeat=6 scope=internal_cv fold=2 phase=crsm epoch=100 path=/data/adodas/VarCoNet-V2-main/xiaolunwen/experiment1b/checkpoints/worker_r6_latest.pt
[CRSM] repeat=6 scope=internal_cv fold=2 epoch=100/149 train_loss=0.105558 val_bce=0.762221 best=N best_epoch=0 mass=(0.5141,0.4859) hard=(0.4955,0.5045) entropy=0.627492 delta_l2=(0.878038,0.875242) delta_cos=0.873958 epoch_seconds=0.67
CHECKPOINT_LATEST repeat=6 scope=internal_cv fold=2 phase=crsm epoch=110 path=/data/adodas/VarCoNet-V2-main/xiaolunwen/experiment1b/checkpoints/worker_r6_latest.pt
[CRSM] repeat=6 scope=internal_cv fold=2 epoch=110/149 train_loss=0.103252 val_bce=0.778624 best=N best_epoch=0 mass=(0.5133,0.4867) hard=(0.4852,0.5148) entropy=0.610286 delta_l2=(0.927903,0.927965) delta_cos=0.841965 epoch_seconds=0.23
CHECKPOINT_LATEST repeat=6 scope=internal_cv fold=2 phase=crsm epoch=120 path=/data/adodas/VarCoNet-V2-main/xiaolunwen/experiment1b/checkpoints/worker_r6_latest.pt
[CRSM] repeat=6 scope=internal_cv fold=2 epoch=120/149 train_loss=0.101356 val_bce=0.794565 best=N best_epoch=0 mass=(0.5125,0.4875) hard=(0.4852,0.5148) entropy=0.593555 delta_l2=(0.973654,0.977340) delta_cos=0.810075 epoch_seconds=0.46
CHECKPOINT_LATEST repeat=6 scope=internal_cv fold=2 phase=crsm epoch=130 path=/data/adodas/VarCoNet-V2-main/xiaolunwen/experiment1b/checkpoints/worker_r6_latest.pt
[CRSM] repeat=6 scope=internal_cv fold=2 epoch=130/149 train_loss=0.099793 val_bce=0.809984 best=N best_epoch=0 mass=(0.5116,0.4884) hard=(0.4926,0.5074) entropy=0.577773 delta_l2=(1.015757,1.023531) delta_cos=0.779306 epoch_seconds=0.45
CHECKPOINT_LATEST repeat=6 scope=internal_cv fold=2 phase=crsm epoch=140 path=/data/adodas/VarCoNet-V2-main/xiaolunwen/experiment1b/checkpoints/worker_r6_latest.pt
[CRSM] repeat=6 scope=internal_cv fold=2 epoch=140/149 train_loss=0.098500 val_bce=0.824802 best=N best_epoch=0 mass=(0.5108,0.4892) hard=(0.4941,0.5059) entropy=0.563187 delta_l2=(1.054625,1.066710) delta_cos=0.750260 epoch_seconds=0.77
TASK_TRAINING_DONE repeat=6 scope=internal_cv fold=2 base_encoder_epoch=32 base_classifier_epoch=42 base_val_bce=0.615268 selected_crsm_epoch=0 crsm_val_bce=0.615274 treatment_threshold=0.366338 elapsed_minutes=3.7
TASK_DONE repeat=6 scope=internal_fold fold=2 method=baseline selected_encoder_epoch=32 test_auc=0.725155 test_bce=0.592994 elapsed_minutes=3.7
TASK_DONE repeat=6 scope=internal_fold fold=2 method=control_referenced_soft_multiboundary selected_encoder_epoch=32 test_auc=0.725155 test_bce=0.592996 elapsed_minutes=3.7
TASK_START repeat=6 scope=internal_cv fold=3 seed=100603 device=cuda:0 shared_encoder=Y reference_unique_n=674 train_n=750 val_n=120
CHECKPOINT_BEST repeat=6 scope=internal_cv fold=3 phase=ssl epoch=1 path=/data/adodas/VarCoNet-V2-main/xiaolunwen/experiment1b/checkpoints/worker_r6_best.pt
[SSL] repeat=6 scope=internal_cv fold=3 epoch=1/50 ssl_loss=0.151570 lr=0.000024107 base_val_bce=0.664706 base_best=Y base_cls_epoch=11 epoch_seconds=3.1 task_elapsed_minutes=0.0 gpu_alloc_gb=0.318 gpu_reserved_gb=1.744
CHECKPOINT_BEST repeat=6 scope=internal_cv fold=3 phase=ssl epoch=2 path=/data/adodas/VarCoNet-V2-main/xiaolunwen/experiment1b/checkpoints/worker_r6_best.pt
[SSL] repeat=6 scope=internal_cv fold=3 epoch=2/50 ssl_loss=0.122070 lr=0.000038214 base_val_bce=0.657610 base_best=Y base_cls_epoch=9 epoch_seconds=2.9 task_elapsed_minutes=0.1 gpu_alloc_gb=0.317 gpu_reserved_gb=2.008
[SSL] repeat=6 scope=internal_cv fold=3 epoch=3/50 ssl_loss=0.128442 lr=0.000052321 base_val_bce=0.663554 base_best=N base_cls_epoch=8 epoch_seconds=3.0 task_elapsed_minutes=0.2 gpu_alloc_gb=0.318 gpu_reserved_gb=1.744
[SSL] repeat=6 scope=internal_cv fold=3 epoch=4/50 ssl_loss=0.084972 lr=0.000066427 base_val_bce=0.677796 base_best=N base_cls_epoch=7 epoch_seconds=4.7 task_elapsed_minutes=0.2 gpu_alloc_gb=0.317 gpu_reserved_gb=2.008
[MONITOR] durable progress mirror created; worker stdout uses detailed [SSL]/[CRSM] fields and rolling checkpoints.
[SSL] repeat=6 scope=internal_cv fold=3 epoch=5/50 ssl_loss=0.098328 lr=0.000080534 base_val_bce=0.665561 base_best=N base_cls_epoch=10 epoch_seconds=1.7 task_elapsed_minutes=0.3 gpu_alloc_gb=0.318 gpu_reserved_gb=1.744
[SSL] repeat=6 scope=internal_cv fold=3 epoch=6/50 ssl_loss=0.087215 lr=0.000094641 base_val_bce=0.661079 base_best=N base_cls_epoch=8 epoch_seconds=2.5 task_elapsed_minutes=0.3 gpu_alloc_gb=0.317 gpu_reserved_gb=2.008
[SSL] repeat=6 scope=internal_cv fold=3 epoch=7/50 ssl_loss=0.066768 lr=0.000108748 base_val_bce=0.669833 base_best=N base_cls_epoch=7 epoch_seconds=2.7 task_elapsed_minutes=0.3 gpu_alloc_gb=0.318 gpu_reserved_gb=1.744
[SSL] repeat=6 scope=internal_cv fold=3 epoch=8/50 ssl_loss=0.075652 lr=0.000122855 base_val_bce=0.676359 base_best=N base_cls_epoch=12 epoch_seconds=3.8 task_elapsed_minutes=0.4 gpu_alloc_gb=0.317 gpu_reserved_gb=2.008
[SSL] repeat=6 scope=internal_cv fold=3 epoch=9/50 ssl_loss=0.072135 lr=0.000136962 base_val_bce=0.664437 base_best=N base_cls_epoch=8 epoch_seconds=3.8 task_elapsed_minutes=0.5 gpu_alloc_gb=0.318 gpu_reserved_gb=1.744
CHECKPOINT_LATEST repeat=6 scope=internal_cv fold=3 phase=ssl epoch=10 path=/data/adodas/VarCoNet-V2-main/xiaolunwen/experiment1b/checkpoints/worker_r6_latest.pt
[SSL] repeat=6 scope=internal_cv fold=3 epoch=10/50 ssl_loss=0.067249 lr=0.000136962 base_val_bce=0.662655 base_best=N base_cls_epoch=13 epoch_seconds=4.2 task_elapsed_minutes=0.5 gpu_alloc_gb=0.317 gpu_reserved_gb=2.008
[SSL] repeat=6 scope=internal_cv fold=3 epoch=11/50 ssl_loss=0.064960 lr=0.000136751 base_val_bce=0.671230 base_best=N base_cls_epoch=15 epoch_seconds=3.7 task_elapsed_minutes=0.6 gpu_alloc_gb=0.318 gpu_reserved_gb=1.744
[SSL] repeat=6 scope=internal_cv fold=3 epoch=12/50 ssl_loss=0.051074 lr=0.000136119 base_val_bce=0.668716 base_best=N base_cls_epoch=12 epoch_seconds=3.7 task_elapsed_minutes=0.7 gpu_alloc_gb=0.317 gpu_reserved_gb=2.008
[SSL] repeat=6 scope=internal_cv fold=3 epoch=13/50 ssl_loss=0.055895 lr=0.000135070 base_val_bce=0.660679 base_best=N base_cls_epoch=14 epoch_seconds=3.8 task_elapsed_minutes=0.7 gpu_alloc_gb=0.318 gpu_reserved_gb=1.744
[SSL] repeat=6 scope=internal_cv fold=3 epoch=14/50 ssl_loss=0.062940 lr=0.000133610 base_val_bce=0.667816 base_best=N base_cls_epoch=13 epoch_seconds=3.8 task_elapsed_minutes=0.8 gpu_alloc_gb=0.317 gpu_reserved_gb=2.008
[SSL] repeat=6 scope=internal_cv fold=3 epoch=15/50 ssl_loss=0.057076 lr=0.000131749 base_val_bce=0.672516 base_best=N base_cls_epoch=17 epoch_seconds=3.8 task_elapsed_minutes=0.9 gpu_alloc_gb=0.318 gpu_reserved_gb=1.744
[SSL] repeat=6 scope=internal_cv fold=3 epoch=16/50 ssl_loss=0.051552 lr=0.000129498 base_val_bce=0.671791 base_best=N base_cls_epoch=15 epoch_seconds=3.5 task_elapsed_minutes=0.9 gpu_alloc_gb=0.317 gpu_reserved_gb=2.008
[SSL] repeat=6 scope=internal_cv fold=3 epoch=17/50 ssl_loss=0.045438 lr=0.000126870 base_val_bce=0.675449 base_best=N base_cls_epoch=15 epoch_seconds=3.8 task_elapsed_minutes=1.0 gpu_alloc_gb=0.318 gpu_reserved_gb=1.744
[SSL] repeat=6 scope=internal_cv fold=3 epoch=18/50 ssl_loss=0.057413 lr=0.000123883 base_val_bce=0.665103 base_best=N base_cls_epoch=13 epoch_seconds=3.6 task_elapsed_minutes=1.0 gpu_alloc_gb=0.317 gpu_reserved_gb=2.008
CHECKPOINT_BEST repeat=6 scope=internal_cv fold=3 phase=ssl epoch=19 path=/data/adodas/VarCoNet-V2-main/xiaolunwen/experiment1b/checkpoints/worker_r6_best.pt
[SSL] repeat=6 scope=internal_cv fold=3 epoch=19/50 ssl_loss=0.045490 lr=0.000120554 base_val_bce=0.657093 base_best=Y base_cls_epoch=15 epoch_seconds=11.6 task_elapsed_minutes=1.1 gpu_alloc_gb=0.318 gpu_reserved_gb=1.744
CHECKPOINT_LATEST repeat=6 scope=internal_cv fold=3 phase=ssl epoch=20 path=/data/adodas/VarCoNet-V2-main/xiaolunwen/experiment1b/checkpoints/worker_r6_latest.pt
[SSL] repeat=6 scope=internal_cv fold=3 epoch=20/50 ssl_loss=0.063746 lr=0.000116904 base_val_bce=0.669560 base_best=N base_cls_epoch=15 epoch_seconds=4.1 task_elapsed_minutes=1.3 gpu_alloc_gb=0.317 gpu_reserved_gb=2.008
[SSL] repeat=6 scope=internal_cv fold=3 epoch=21/50 ssl_loss=0.051399 lr=0.000112956 base_val_bce=0.662427 base_best=N base_cls_epoch=17 epoch_seconds=3.7 task_elapsed_minutes=1.4 gpu_alloc_gb=0.318 gpu_reserved_gb=1.744
[SSL] repeat=6 scope=internal_cv fold=3 epoch=22/50 ssl_loss=0.059920 lr=0.000108733 base_val_bce=0.661203 base_best=N base_cls_epoch=17 epoch_seconds=3.8 task_elapsed_minutes=1.4 gpu_alloc_gb=0.317 gpu_reserved_gb=2.008
CHECKPOINT_BEST repeat=6 scope=internal_cv fold=3 phase=ssl epoch=23 path=/data/adodas/VarCoNet-V2-main/xiaolunwen/experiment1b/checkpoints/worker_r6_best.pt
[SSL] repeat=6 scope=internal_cv fold=3 epoch=23/50 ssl_loss=0.054189 lr=0.000104262 base_val_bce=0.654329 base_best=Y base_cls_epoch=15 epoch_seconds=4.2 task_elapsed_minutes=1.5 gpu_alloc_gb=0.318 gpu_reserved_gb=1.744
[SSL] repeat=6 scope=internal_cv fold=3 epoch=24/50 ssl_loss=0.055972 lr=0.000099570 base_val_bce=0.654679 base_best=N base_cls_epoch=14 epoch_seconds=3.9 task_elapsed_minutes=1.6 gpu_alloc_gb=0.317 gpu_reserved_gb=2.008
[SSL] repeat=6 scope=internal_cv fold=3 epoch=25/50 ssl_loss=0.040071 lr=0.000094687 base_val_bce=0.670867 base_best=N base_cls_epoch=18 epoch_seconds=7.5 task_elapsed_minutes=1.7 gpu_alloc_gb=0.318 gpu_reserved_gb=1.744
[SSL] repeat=6 scope=internal_cv fold=3 epoch=26/50 ssl_loss=0.042530 lr=0.000089643 base_val_bce=0.657148 base_best=N base_cls_epoch=16 epoch_seconds=2.7 task_elapsed_minutes=1.7 gpu_alloc_gb=0.317 gpu_reserved_gb=2.008
[SSL] repeat=6 scope=internal_cv fold=3 epoch=27/50 ssl_loss=0.047732 lr=0.000084467 base_val_bce=0.670363 base_best=N base_cls_epoch=16 epoch_seconds=2.6 task_elapsed_minutes=1.8 gpu_alloc_gb=0.318 gpu_reserved_gb=1.744
[SSL] repeat=6 scope=internal_cv fold=3 epoch=28/50 ssl_loss=0.048019 lr=0.000079194 base_val_bce=0.661302 base_best=N base_cls_epoch=16 epoch_seconds=1.8 task_elapsed_minutes=1.8 gpu_alloc_gb=0.317 gpu_reserved_gb=2.008
[SSL] repeat=6 scope=internal_cv fold=3 epoch=29/50 ssl_loss=0.049289 lr=0.000073854 base_val_bce=0.655625 base_best=N base_cls_epoch=17 epoch_seconds=3.7 task_elapsed_minutes=1.9 gpu_alloc_gb=0.318 gpu_reserved_gb=1.744
CHECKPOINT_LATEST repeat=6 scope=internal_cv fold=3 phase=ssl epoch=30 path=/data/adodas/VarCoNet-V2-main/xiaolunwen/experiment1b/checkpoints/worker_r6_latest.pt
[SSL] repeat=6 scope=internal_cv fold=3 epoch=30/50 ssl_loss=0.050570 lr=0.000068481 base_val_bce=0.663509 base_best=N base_cls_epoch=19 epoch_seconds=4.1 task_elapsed_minutes=1.9 gpu_alloc_gb=0.317 gpu_reserved_gb=2.008
[SSL] repeat=6 scope=internal_cv fold=3 epoch=31/50 ssl_loss=0.047273 lr=0.000063108 base_val_bce=0.664387 base_best=N base_cls_epoch=22 epoch_seconds=3.9 task_elapsed_minutes=2.0 gpu_alloc_gb=0.318 gpu_reserved_gb=1.744
[SSL] repeat=6 scope=internal_cv fold=3 epoch=32/50 ssl_loss=0.047265 lr=0.000057768 base_val_bce=0.666125 base_best=N base_cls_epoch=18 epoch_seconds=4.0 task_elapsed_minutes=2.1 gpu_alloc_gb=0.317 gpu_reserved_gb=2.008
[SSL] repeat=6 scope=internal_cv fold=3 epoch=33/50 ssl_loss=0.028846 lr=0.000052494 base_val_bce=0.665593 base_best=N base_cls_epoch=16 epoch_seconds=3.9 task_elapsed_minutes=2.1 gpu_alloc_gb=0.318 gpu_reserved_gb=1.744
[SSL] repeat=6 scope=internal_cv fold=3 epoch=34/50 ssl_loss=0.046402 lr=0.000047319 base_val_bce=0.656153 base_best=N base_cls_epoch=16 epoch_seconds=3.8 task_elapsed_minutes=2.2 gpu_alloc_gb=0.317 gpu_reserved_gb=2.008
[SSL] repeat=6 scope=internal_cv fold=3 epoch=35/50 ssl_loss=0.044443 lr=0.000042274 base_val_bce=0.655483 base_best=N base_cls_epoch=29 epoch_seconds=3.9 task_elapsed_minutes=2.3 gpu_alloc_gb=0.318 gpu_reserved_gb=1.744
CHECKPOINT_BEST repeat=6 scope=internal_cv fold=3 phase=ssl epoch=36 path=/data/adodas/VarCoNet-V2-main/xiaolunwen/experiment1b/checkpoints/worker_r6_best.pt
[SSL] repeat=6 scope=internal_cv fold=3 epoch=36/50 ssl_loss=0.046433 lr=0.000037391 base_val_bce=0.651539 base_best=Y base_cls_epoch=17 epoch_seconds=4.1 task_elapsed_minutes=2.3 gpu_alloc_gb=0.317 gpu_reserved_gb=2.008
[SSL] repeat=6 scope=internal_cv fold=3 epoch=37/50 ssl_loss=0.045133 lr=0.000032700 base_val_bce=0.653821 base_best=N base_cls_epoch=17 epoch_seconds=3.9 task_elapsed_minutes=2.4 gpu_alloc_gb=0.318 gpu_reserved_gb=1.744
[SSL] repeat=6 scope=internal_cv fold=3 epoch=38/50 ssl_loss=0.044925 lr=0.000028229 base_val_bce=0.665645 base_best=N base_cls_epoch=19 epoch_seconds=3.7 task_elapsed_minutes=2.4 gpu_alloc_gb=0.317 gpu_reserved_gb=2.008
[SSL] repeat=6 scope=internal_cv fold=3 epoch=39/50 ssl_loss=0.041230 lr=0.000024006 base_val_bce=0.671795 base_best=N base_cls_epoch=18 epoch_seconds=3.8 task_elapsed_minutes=2.5 gpu_alloc_gb=0.318 gpu_reserved_gb=1.744
CHECKPOINT_LATEST repeat=6 scope=internal_cv fold=3 phase=ssl epoch=40 path=/data/adodas/VarCoNet-V2-main/xiaolunwen/experiment1b/checkpoints/worker_r6_latest.pt
[SSL] repeat=6 scope=internal_cv fold=3 epoch=40/50 ssl_loss=0.046496 lr=0.000020058 base_val_bce=0.654038 base_best=N base_cls_epoch=18 epoch_seconds=4.2 task_elapsed_minutes=2.6 gpu_alloc_gb=0.317 gpu_reserved_gb=2.008
[SSL] repeat=6 scope=internal_cv fold=3 epoch=41/50 ssl_loss=0.040103 lr=0.000016408 base_val_bce=0.661927 base_best=N base_cls_epoch=18 epoch_seconds=3.8 task_elapsed_minutes=2.6 gpu_alloc_gb=0.318 gpu_reserved_gb=1.744
[SSL] repeat=6 scope=internal_cv fold=3 epoch=42/50 ssl_loss=0.036484 lr=0.000013079 base_val_bce=0.651777 base_best=N base_cls_epoch=19 epoch_seconds=3.8 task_elapsed_minutes=2.7 gpu_alloc_gb=0.317 gpu_reserved_gb=2.008
[SSL] repeat=6 scope=internal_cv fold=3 epoch=43/50 ssl_loss=0.052234 lr=0.000010091 base_val_bce=0.656557 base_best=N base_cls_epoch=16 epoch_seconds=3.8 task_elapsed_minutes=2.8 gpu_alloc_gb=0.318 gpu_reserved_gb=1.744
[SSL] repeat=6 scope=internal_cv fold=3 epoch=44/50 ssl_loss=0.043735 lr=0.000007464 base_val_bce=0.660748 base_best=N base_cls_epoch=16 epoch_seconds=3.7 task_elapsed_minutes=2.8 gpu_alloc_gb=0.317 gpu_reserved_gb=2.008
[SSL] repeat=6 scope=internal_cv fold=3 epoch=45/50 ssl_loss=0.042215 lr=0.000005213 base_val_bce=0.657455 base_best=N base_cls_epoch=19 epoch_seconds=3.8 task_elapsed_minutes=2.9 gpu_alloc_gb=0.318 gpu_reserved_gb=1.744
[SSL] repeat=6 scope=internal_cv fold=3 epoch=46/50 ssl_loss=0.048505 lr=0.000003352 base_val_bce=0.667042 base_best=N base_cls_epoch=18 epoch_seconds=3.8 task_elapsed_minutes=3.0 gpu_alloc_gb=0.317 gpu_reserved_gb=2.008
[SSL] repeat=6 scope=internal_cv fold=3 epoch=47/50 ssl_loss=0.038744 lr=0.000001892 base_val_bce=0.656093 base_best=N base_cls_epoch=22 epoch_seconds=3.8 task_elapsed_minutes=3.0 gpu_alloc_gb=0.318 gpu_reserved_gb=1.744
[SSL] repeat=6 scope=internal_cv fold=3 epoch=48/50 ssl_loss=0.042491 lr=0.000000843 base_val_bce=0.653848 base_best=N base_cls_epoch=16 epoch_seconds=3.8 task_elapsed_minutes=3.1 gpu_alloc_gb=0.317 gpu_reserved_gb=2.008
[SSL] repeat=6 scope=internal_cv fold=3 epoch=49/50 ssl_loss=0.049869 lr=0.000000211 base_val_bce=0.661327 base_best=N base_cls_epoch=19 epoch_seconds=3.1 task_elapsed_minutes=3.1 gpu_alloc_gb=0.318 gpu_reserved_gb=1.744
CHECKPOINT_LATEST repeat=6 scope=internal_cv fold=3 phase=ssl epoch=50 path=/data/adodas/VarCoNet-V2-main/xiaolunwen/experiment1b/checkpoints/worker_r6_latest.pt
[SSL] repeat=6 scope=internal_cv fold=3 epoch=50/50 ssl_loss=0.059541 lr=0.000000000 base_val_bce=0.674380 base_best=N base_cls_epoch=19 epoch_seconds=11.6 task_elapsed_minutes=3.2 gpu_alloc_gb=0.317 gpu_reserved_gb=2.008
CRSM_INIT repeat=6 scope=internal_cv fold=3 n_experts=2 tau=1.0 trainable_parameters=147074 hc_centroid_norm=22.836563 pca_unit_norm=1.00000000 pca_singular=149.555023 sigma_margin=0.975738 sigma_projection=7.535589 ratio=0.0100 scale=0.00129483931 epoch0_val_bce=0.651541
CHECKPOINT_LATEST repeat=6 scope=internal_cv fold=3 phase=crsm epoch=0 path=/data/adodas/VarCoNet-V2-main/xiaolunwen/experiment1b/checkpoints/worker_r6_latest.pt
CHECKPOINT_BEST repeat=6 scope=internal_cv fold=3 phase=crsm epoch=0 path=/data/adodas/VarCoNet-V2-main/xiaolunwen/experiment1b/checkpoints/worker_r6_best.pt
CHECKPOINT_LATEST repeat=6 scope=internal_cv fold=3 phase=crsm epoch=10 path=/data/adodas/VarCoNet-V2-main/xiaolunwen/experiment1b/checkpoints/worker_r6_latest.pt
[CRSM] repeat=6 scope=internal_cv fold=3 epoch=10/149 train_loss=0.342384 val_bce=0.660205 best=N best_epoch=0 mass=(0.5014,0.4986) hard=(0.4540,0.5460) entropy=0.693009 delta_l2=(0.131470,0.131126) delta_cos=0.994295 epoch_seconds=0.33
CHECKPOINT_LATEST repeat=6 scope=internal_cv fold=3 phase=crsm epoch=20 path=/data/adodas/VarCoNet-V2-main/xiaolunwen/experiment1b/checkpoints/worker_r6_latest.pt
[CRSM] repeat=6 scope=internal_cv fold=3 epoch=20/149 train_loss=0.298001 val_bce=0.677344 best=N best_epoch=0 mass=(0.5022,0.4978) hard=(0.4540,0.5460) entropy=0.692760 delta_l2=(0.251572,0.251201) delta_cos=0.994471 epoch_seconds=0.25
CHECKPOINT_LATEST repeat=6 scope=internal_cv fold=3 phase=crsm epoch=30 path=/data/adodas/VarCoNet-V2-main/xiaolunwen/experiment1b/checkpoints/worker_r6_latest.pt
[CRSM] repeat=6 scope=internal_cv fold=3 epoch=30/149 train_loss=0.266935 val_bce=0.697876 best=N best_epoch=0 mass=(0.5036,0.4964) hard=(0.4733,0.5267) entropy=0.692190 delta_l2=(0.359088,0.358678) delta_cos=0.993311 epoch_seconds=0.31
CHECKPOINT_LATEST repeat=6 scope=internal_cv fold=3 phase=crsm epoch=40 path=/data/adodas/VarCoNet-V2-main/xiaolunwen/experiment1b/checkpoints/worker_r6_latest.pt
[CRSM] repeat=6 scope=internal_cv fold=3 epoch=40/149 train_loss=0.244894 val_bce=0.720052 best=N best_epoch=0 mass=(0.5057,0.4943) hard=(0.4837,0.5163) entropy=0.690916 delta_l2=(0.454587,0.454129) delta_cos=0.990758 epoch_seconds=0.32
CHECKPOINT_LATEST repeat=6 scope=internal_cv fold=3 phase=crsm epoch=50 path=/data/adodas/VarCoNet-V2-main/xiaolunwen/experiment1b/checkpoints/worker_r6_latest.pt
[CRSM] repeat=6 scope=internal_cv fold=3 epoch=50/149 train_loss=0.228961 val_bce=0.742878 best=N best_epoch=0 mass=(0.5087,0.4913) hard=(0.4896,0.5104) entropy=0.688159 delta_l2=(0.539500,0.538923) delta_cos=0.986025 epoch_seconds=0.30
CHECKPOINT_LATEST repeat=6 scope=internal_cv fold=3 phase=crsm epoch=60 path=/data/adodas/VarCoNet-V2-main/xiaolunwen/experiment1b/checkpoints/worker_r6_latest.pt
[CRSM] repeat=6 scope=internal_cv fold=3 epoch=60/149 train_loss=0.217162 val_bce=0.765651 best=N best_epoch=0 mass=(0.5127,0.4873) hard=(0.4926,0.5074) entropy=0.682813 delta_l2=(0.615382,0.614541) delta_cos=0.977956 epoch_seconds=0.39
CHECKPOINT_LATEST repeat=6 scope=internal_cv fold=3 phase=crsm epoch=70 path=/data/adodas/VarCoNet-V2-main/xiaolunwen/experiment1b/checkpoints/worker_r6_latest.pt
[CRSM] repeat=6 scope=internal_cv fold=3 epoch=70/149 train_loss=0.208173 val_bce=0.787984 best=N best_epoch=0 mass=(0.5172,0.4828) hard=(0.4926,0.5074) entropy=0.673898 delta_l2=(0.683669,0.682437) delta_cos=0.965339 epoch_seconds=0.31
CHECKPOINT_LATEST repeat=6 scope=internal_cv fold=3 phase=crsm epoch=80 path=/data/adodas/VarCoNet-V2-main/xiaolunwen/experiment1b/checkpoints/worker_r6_latest.pt
[CRSM] repeat=6 scope=internal_cv fold=3 epoch=80/149 train_loss=0.201124 val_bce=0.809815 best=N best_epoch=0 mass=(0.5216,0.4784) hard=(0.5045,0.4955) entropy=0.661161 delta_l2=(0.745581,0.743975) delta_cos=0.947422 epoch_seconds=0.45
CHECKPOINT_LATEST repeat=6 scope=internal_cv fold=3 phase=crsm epoch=90 path=/data/adodas/VarCoNet-V2-main/xiaolunwen/experiment1b/checkpoints/worker_r6_latest.pt
[CRSM] repeat=6 scope=internal_cv fold=3 epoch=90/149 train_loss=0.195463 val_bce=0.831264 best=N best_epoch=0 mass=(0.5254,0.4746) hard=(0.5045,0.4955) entropy=0.645434 delta_l2=(0.802093,0.800323) delta_cos=0.924439 epoch_seconds=0.26
CHECKPOINT_LATEST repeat=6 scope=internal_cv fold=3 phase=crsm epoch=100 path=/data/adodas/VarCoNet-V2-main/xiaolunwen/experiment1b/checkpoints/worker_r6_latest.pt
[CRSM] repeat=6 scope=internal_cv fold=3 epoch=100/149 train_loss=0.190858 val_bce=0.852247 best=N best_epoch=0 mass=(0.5285,0.4715) hard=(0.5104,0.4896) entropy=0.628161 delta_l2=(0.853943,0.852357) delta_cos=0.897623 epoch_seconds=0.32
CHECKPOINT_LATEST repeat=6 scope=internal_cv fold=3 phase=crsm epoch=110 path=/data/adodas/VarCoNet-V2-main/xiaolunwen/experiment1b/checkpoints/worker_r6_latest.pt
[CRSM] repeat=6 scope=internal_cv fold=3 epoch=110/149 train_loss=0.187090 val_bce=0.872559 best=N best_epoch=0 mass=(0.5309,0.4691) hard=(0.5089,0.4911) entropy=0.610584 delta_l2=(0.901677,0.900661) delta_cos=0.868689 epoch_seconds=0.38
CHECKPOINT_LATEST repeat=6 scope=internal_cv fold=3 phase=crsm epoch=120 path=/data/adodas/VarCoNet-V2-main/xiaolunwen/experiment1b/checkpoints/worker_r6_latest.pt
[CRSM] repeat=6 scope=internal_cv fold=3 epoch=120/149 train_loss=0.183997 val_bce=0.892093 best=N best_epoch=0 mass=(0.5327,0.4673) hard=(0.5119,0.4881) entropy=0.593510 delta_l2=(0.945718,0.945612) delta_cos=0.839232 epoch_seconds=0.48
CHECKPOINT_LATEST repeat=6 scope=internal_cv fold=3 phase=crsm epoch=130 path=/data/adodas/VarCoNet-V2-main/xiaolunwen/experiment1b/checkpoints/worker_r6_latest.pt
[CRSM] repeat=6 scope=internal_cv fold=3 epoch=130/149 train_loss=0.181449 val_bce=0.910800 best=N best_epoch=0 mass=(0.5341,0.4659) hard=(0.5104,0.4896) entropy=0.577396 delta_l2=(0.986424,0.987484) delta_cos=0.810409 epoch_seconds=0.26
CHECKPOINT_LATEST repeat=6 scope=internal_cv fold=3 phase=crsm epoch=140 path=/data/adodas/VarCoNet-V2-main/xiaolunwen/experiment1b/checkpoints/worker_r6_latest.pt
[CRSM] repeat=6 scope=internal_cv fold=3 epoch=140/149 train_loss=0.179340 val_bce=0.928669 best=N best_epoch=0 mass=(0.5352,0.4648) hard=(0.5089,0.4911) entropy=0.562446 delta_l2=(1.024121,1.026522) delta_cos=0.782909 epoch_seconds=1.29
TASK_TRAINING_DONE repeat=6 scope=internal_cv fold=3 base_encoder_epoch=36 base_classifier_epoch=17 base_val_bce=0.651539 selected_crsm_epoch=0 crsm_val_bce=0.651541 treatment_threshold=0.438821 elapsed_minutes=3.5
TASK_DONE repeat=6 scope=internal_fold fold=3 method=baseline selected_encoder_epoch=36 test_auc=0.687371 test_bce=0.629697 elapsed_minutes=3.5
TASK_DONE repeat=6 scope=internal_fold fold=3 method=control_referenced_soft_multiboundary selected_encoder_epoch=36 test_auc=0.687371 test_bce=0.629698 elapsed_minutes=3.5
TASK_START repeat=6 scope=internal_cv fold=4 seed=100604 device=cuda:0 shared_encoder=Y reference_unique_n=674 train_n=750 val_n=120
CHECKPOINT_BEST repeat=6 scope=internal_cv fold=4 phase=ssl epoch=1 path=/data/adodas/VarCoNet-V2-main/xiaolunwen/experiment1b/checkpoints/worker_r6_best.pt
[SSL] repeat=6 scope=internal_cv fold=4 epoch=1/50 ssl_loss=0.433304 lr=0.000024107 base_val_bce=0.662761 base_best=Y base_cls_epoch=26 epoch_seconds=4.2 task_elapsed_minutes=0.1 gpu_alloc_gb=0.318 gpu_reserved_gb=1.744
CHECKPOINT_BEST repeat=6 scope=internal_cv fold=4 phase=ssl epoch=2 path=/data/adodas/VarCoNet-V2-main/xiaolunwen/experiment1b/checkpoints/worker_r6_best.pt
[SSL] repeat=6 scope=internal_cv fold=4 epoch=2/50 ssl_loss=0.241935 lr=0.000038214 base_val_bce=0.650207 base_best=Y base_cls_epoch=20 epoch_seconds=3.6 task_elapsed_minutes=0.1 gpu_alloc_gb=0.317 gpu_reserved_gb=2.008
[SSL] repeat=6 scope=internal_cv fold=4 epoch=3/50 ssl_loss=0.169525 lr=0.000052321 base_val_bce=0.654015 base_best=N base_cls_epoch=16 epoch_seconds=3.3 task_elapsed_minutes=0.2 gpu_alloc_gb=0.318 gpu_reserved_gb=1.744
[SSL] repeat=6 scope=internal_cv fold=4 epoch=4/50 ssl_loss=0.104792 lr=0.000066427 base_val_bce=0.655837 base_best=N base_cls_epoch=15 epoch_seconds=3.1 task_elapsed_minutes=0.2 gpu_alloc_gb=0.317 gpu_reserved_gb=2.008
[SSL] repeat=6 scope=internal_cv fold=4 epoch=5/50 ssl_loss=0.102913 lr=0.000080534 base_val_bce=0.672678 base_best=N base_cls_epoch=11 epoch_seconds=3.4 task_elapsed_minutes=0.3 gpu_alloc_gb=0.318 gpu_reserved_gb=1.744
CHECKPOINT_BEST repeat=6 scope=internal_cv fold=4 phase=ssl epoch=6 path=/data/adodas/VarCoNet-V2-main/xiaolunwen/experiment1b/checkpoints/worker_r6_best.pt
[SSL] repeat=6 scope=internal_cv fold=4 epoch=6/50 ssl_loss=0.102289 lr=0.000094641 base_val_bce=0.644226 base_best=Y base_cls_epoch=14 epoch_seconds=3.8 task_elapsed_minutes=0.4 gpu_alloc_gb=0.317 gpu_reserved_gb=2.008
[SSL] repeat=6 scope=internal_cv fold=4 epoch=7/50 ssl_loss=0.109619 lr=0.000108748 base_val_bce=0.667126 base_best=N base_cls_epoch=13 epoch_seconds=3.6 task_elapsed_minutes=0.4 gpu_alloc_gb=0.318 gpu_reserved_gb=1.744
[SSL] repeat=6 scope=internal_cv fold=4 epoch=8/50 ssl_loss=0.086521 lr=0.000122855 base_val_bce=0.663573 base_best=N base_cls_epoch=11 epoch_seconds=3.8 task_elapsed_minutes=0.5 gpu_alloc_gb=0.317 gpu_reserved_gb=2.008
[SSL] repeat=6 scope=internal_cv fold=4 epoch=9/50 ssl_loss=0.108745 lr=0.000136962 base_val_bce=0.675108 base_best=N base_cls_epoch=14 epoch_seconds=3.7 task_elapsed_minutes=0.5 gpu_alloc_gb=0.318 gpu_reserved_gb=1.744
CHECKPOINT_LATEST repeat=6 scope=internal_cv fold=4 phase=ssl epoch=10 path=/data/adodas/VarCoNet-V2-main/xiaolunwen/experiment1b/checkpoints/worker_r6_latest.pt
[SSL] repeat=6 scope=internal_cv fold=4 epoch=10/50 ssl_loss=0.078685 lr=0.000136962 base_val_bce=0.659270 base_best=N base_cls_epoch=14 epoch_seconds=4.0 task_elapsed_minutes=0.6 gpu_alloc_gb=0.317 gpu_reserved_gb=2.008
[SSL] repeat=6 scope=internal_cv fold=4 epoch=11/50 ssl_loss=0.081962 lr=0.000136751 base_val_bce=0.652738 base_best=N base_cls_epoch=14 epoch_seconds=4.0 task_elapsed_minutes=0.7 gpu_alloc_gb=0.318 gpu_reserved_gb=1.744
[SSL] repeat=6 scope=internal_cv fold=4 epoch=12/50 ssl_loss=0.084384 lr=0.000136119 base_val_bce=0.648920 base_best=N base_cls_epoch=13 epoch_seconds=3.7 task_elapsed_minutes=0.7 gpu_alloc_gb=0.317 gpu_reserved_gb=2.008
[SSL] repeat=6 scope=internal_cv fold=4 epoch=13/50 ssl_loss=0.066773 lr=0.000135070 base_val_bce=0.660430 base_best=N base_cls_epoch=16 epoch_seconds=3.7 task_elapsed_minutes=0.8 gpu_alloc_gb=0.318 gpu_reserved_gb=1.744
[SSL] repeat=6 scope=internal_cv fold=4 epoch=14/50 ssl_loss=0.067580 lr=0.000133610 base_val_bce=0.657869 base_best=N base_cls_epoch=15 epoch_seconds=3.6 task_elapsed_minutes=0.9 gpu_alloc_gb=0.317 gpu_reserved_gb=2.008
[SSL] repeat=6 scope=internal_cv fold=4 epoch=15/50 ssl_loss=0.076019 lr=0.000131749 base_val_bce=0.664365 base_best=N base_cls_epoch=13 epoch_seconds=3.6 task_elapsed_minutes=0.9 gpu_alloc_gb=0.318 gpu_reserved_gb=1.744
[SSL] repeat=6 scope=internal_cv fold=4 epoch=16/50 ssl_loss=0.081581 lr=0.000129498 base_val_bce=0.648193 base_best=N base_cls_epoch=15 epoch_seconds=3.8 task_elapsed_minutes=1.0 gpu_alloc_gb=0.317 gpu_reserved_gb=2.008
[SSL] repeat=6 scope=internal_cv fold=4 epoch=17/50 ssl_loss=0.058020 lr=0.000126870 base_val_bce=0.651128 base_best=N base_cls_epoch=14 epoch_seconds=3.8 task_elapsed_minutes=1.0 gpu_alloc_gb=0.318 gpu_reserved_gb=1.744
[SSL] repeat=6 scope=internal_cv fold=4 epoch=18/50 ssl_loss=0.062673 lr=0.000123883 base_val_bce=0.660113 base_best=N base_cls_epoch=14 epoch_seconds=3.8 task_elapsed_minutes=1.1 gpu_alloc_gb=0.317 gpu_reserved_gb=2.008
[SSL] repeat=6 scope=internal_cv fold=4 epoch=19/50 ssl_loss=0.064738 lr=0.000120554 base_val_bce=0.658482 base_best=N base_cls_epoch=17 epoch_seconds=3.9 task_elapsed_minutes=1.2 gpu_alloc_gb=0.318 gpu_reserved_gb=1.744
CHECKPOINT_LATEST repeat=6 scope=internal_cv fold=4 phase=ssl epoch=20 path=/data/adodas/VarCoNet-V2-main/xiaolunwen/experiment1b/checkpoints/worker_r6_latest.pt
[SSL] repeat=6 scope=internal_cv fold=4 epoch=20/50 ssl_loss=0.061072 lr=0.000116904 base_val_bce=0.657244 base_best=N base_cls_epoch=15 epoch_seconds=4.1 task_elapsed_minutes=1.2 gpu_alloc_gb=0.317 gpu_reserved_gb=2.008
[SSL] repeat=6 scope=internal_cv fold=4 epoch=21/50 ssl_loss=0.059010 lr=0.000112956 base_val_bce=0.662047 base_best=N base_cls_epoch=14 epoch_seconds=6.0 task_elapsed_minutes=1.3 gpu_alloc_gb=0.318 gpu_reserved_gb=1.744
[SSL] repeat=6 scope=internal_cv fold=4 epoch=22/50 ssl_loss=0.066488 lr=0.000108733 base_val_bce=0.655048 base_best=N base_cls_epoch=14 epoch_seconds=5.0 task_elapsed_minutes=1.4 gpu_alloc_gb=0.317 gpu_reserved_gb=2.008
[SSL] repeat=6 scope=internal_cv fold=4 epoch=23/50 ssl_loss=0.073390 lr=0.000104262 base_val_bce=0.656174 base_best=N base_cls_epoch=15 epoch_seconds=7.5 task_elapsed_minutes=1.6 gpu_alloc_gb=0.318 gpu_reserved_gb=1.744
[SSL] repeat=6 scope=internal_cv fold=4 epoch=24/50 ssl_loss=0.069381 lr=0.000099570 base_val_bce=0.653361 base_best=N base_cls_epoch=18 epoch_seconds=3.4 task_elapsed_minutes=1.6 gpu_alloc_gb=0.317 gpu_reserved_gb=2.008
[SSL] repeat=6 scope=internal_cv fold=4 epoch=25/50 ssl_loss=0.051656 lr=0.000094687 base_val_bce=0.665136 base_best=N base_cls_epoch=15 epoch_seconds=3.7 task_elapsed_minutes=1.7 gpu_alloc_gb=0.318 gpu_reserved_gb=1.744
[SSL] repeat=6 scope=internal_cv fold=4 epoch=26/50 ssl_loss=0.058775 lr=0.000089643 base_val_bce=0.656980 base_best=N base_cls_epoch=15 epoch_seconds=2.7 task_elapsed_minutes=1.7 gpu_alloc_gb=0.317 gpu_reserved_gb=2.008
[SSL] repeat=6 scope=internal_cv fold=4 epoch=27/50 ssl_loss=0.060757 lr=0.000084467 base_val_bce=0.658804 base_best=N base_cls_epoch=15 epoch_seconds=3.8 task_elapsed_minutes=1.8 gpu_alloc_gb=0.318 gpu_reserved_gb=1.744
[SSL] repeat=6 scope=internal_cv fold=4 epoch=28/50 ssl_loss=0.068428 lr=0.000079194 base_val_bce=0.651983 base_best=N base_cls_epoch=17 epoch_seconds=3.9 task_elapsed_minutes=1.8 gpu_alloc_gb=0.317 gpu_reserved_gb=2.008
[SSL] repeat=6 scope=internal_cv fold=4 epoch=29/50 ssl_loss=0.057537 lr=0.000073854 base_val_bce=0.652567 base_best=N base_cls_epoch=14 epoch_seconds=3.8 task_elapsed_minutes=1.9 gpu_alloc_gb=0.318 gpu_reserved_gb=1.744
CHECKPOINT_LATEST repeat=6 scope=internal_cv fold=4 phase=ssl epoch=30 path=/data/adodas/VarCoNet-V2-main/xiaolunwen/experiment1b/checkpoints/worker_r6_latest.pt
[SSL] repeat=6 scope=internal_cv fold=4 epoch=30/50 ssl_loss=0.058648 lr=0.000068481 base_val_bce=0.647264 base_best=N base_cls_epoch=14 epoch_seconds=4.1 task_elapsed_minutes=2.0 gpu_alloc_gb=0.317 gpu_reserved_gb=2.008
[SSL] repeat=6 scope=internal_cv fold=4 epoch=31/50 ssl_loss=0.043153 lr=0.000063108 base_val_bce=0.650806 base_best=N base_cls_epoch=14 epoch_seconds=3.8 task_elapsed_minutes=2.0 gpu_alloc_gb=0.318 gpu_reserved_gb=1.744
[SSL] repeat=6 scope=internal_cv fold=4 epoch=32/50 ssl_loss=0.060594 lr=0.000057768 base_val_bce=0.660826 base_best=N base_cls_epoch=16 epoch_seconds=3.8 task_elapsed_minutes=2.1 gpu_alloc_gb=0.317 gpu_reserved_gb=2.008
[SSL] repeat=6 scope=internal_cv fold=4 epoch=33/50 ssl_loss=0.063760 lr=0.000052494 base_val_bce=0.660782 base_best=N base_cls_epoch=13 epoch_seconds=3.9 task_elapsed_minutes=2.2 gpu_alloc_gb=0.318 gpu_reserved_gb=1.744
[SSL] repeat=6 scope=internal_cv fold=4 epoch=34/50 ssl_loss=0.053662 lr=0.000047319 base_val_bce=0.666136 base_best=N base_cls_epoch=14 epoch_seconds=3.8 task_elapsed_minutes=2.2 gpu_alloc_gb=0.317 gpu_reserved_gb=2.008
[SSL] repeat=6 scope=internal_cv fold=4 epoch=35/50 ssl_loss=0.046936 lr=0.000042274 base_val_bce=0.663048 base_best=N base_cls_epoch=14 epoch_seconds=3.8 task_elapsed_minutes=2.3 gpu_alloc_gb=0.318 gpu_reserved_gb=1.744
[SSL] repeat=6 scope=internal_cv fold=4 epoch=36/50 ssl_loss=0.059670 lr=0.000037391 base_val_bce=0.676258 base_best=N base_cls_epoch=14 epoch_seconds=3.8 task_elapsed_minutes=2.4 gpu_alloc_gb=0.317 gpu_reserved_gb=2.008
[SSL] repeat=6 scope=internal_cv fold=4 epoch=37/50 ssl_loss=0.048866 lr=0.000032700 base_val_bce=0.653541 base_best=N base_cls_epoch=15 epoch_seconds=3.8 task_elapsed_minutes=2.4 gpu_alloc_gb=0.318 gpu_reserved_gb=1.744
[SSL] repeat=6 scope=internal_cv fold=4 epoch=38/50 ssl_loss=0.058182 lr=0.000028229 base_val_bce=0.666077 base_best=N base_cls_epoch=17 epoch_seconds=3.8 task_elapsed_minutes=2.5 gpu_alloc_gb=0.317 gpu_reserved_gb=2.008
[SSL] repeat=6 scope=internal_cv fold=4 epoch=39/50 ssl_loss=0.053299 lr=0.000024006 base_val_bce=0.656337 base_best=N base_cls_epoch=14 epoch_seconds=3.9 task_elapsed_minutes=2.5 gpu_alloc_gb=0.318 gpu_reserved_gb=1.744
CHECKPOINT_LATEST repeat=6 scope=internal_cv fold=4 phase=ssl epoch=40 path=/data/adodas/VarCoNet-V2-main/xiaolunwen/experiment1b/checkpoints/worker_r6_latest.pt
[SSL] repeat=6 scope=internal_cv fold=4 epoch=40/50 ssl_loss=0.051591 lr=0.000020058 base_val_bce=0.653464 base_best=N base_cls_epoch=15 epoch_seconds=4.2 task_elapsed_minutes=2.6 gpu_alloc_gb=0.317 gpu_reserved_gb=2.008
[SSL] repeat=6 scope=internal_cv fold=4 epoch=41/50 ssl_loss=0.047730 lr=0.000016408 base_val_bce=0.651970 base_best=N base_cls_epoch=17 epoch_seconds=3.7 task_elapsed_minutes=2.7 gpu_alloc_gb=0.318 gpu_reserved_gb=1.744
[SSL] repeat=6 scope=internal_cv fold=4 epoch=42/50 ssl_loss=0.066580 lr=0.000013079 base_val_bce=0.651177 base_best=N base_cls_epoch=19 epoch_seconds=3.9 task_elapsed_minutes=2.7 gpu_alloc_gb=0.317 gpu_reserved_gb=2.008
[SSL] repeat=6 scope=internal_cv fold=4 epoch=43/50 ssl_loss=0.058901 lr=0.000010091 base_val_bce=0.659717 base_best=N base_cls_epoch=17 epoch_seconds=3.9 task_elapsed_minutes=2.8 gpu_alloc_gb=0.318 gpu_reserved_gb=1.744
[SSL] repeat=6 scope=internal_cv fold=4 epoch=44/50 ssl_loss=0.049083 lr=0.000007464 base_val_bce=0.654358 base_best=N base_cls_epoch=17 epoch_seconds=3.8 task_elapsed_minutes=2.9 gpu_alloc_gb=0.317 gpu_reserved_gb=2.008
[SSL] repeat=6 scope=internal_cv fold=4 epoch=45/50 ssl_loss=0.068877 lr=0.000005213 base_val_bce=0.665565 base_best=N base_cls_epoch=15 epoch_seconds=3.7 task_elapsed_minutes=2.9 gpu_alloc_gb=0.318 gpu_reserved_gb=1.744
[SSL] repeat=6 scope=internal_cv fold=4 epoch=46/50 ssl_loss=0.063098 lr=0.000003352 base_val_bce=0.655535 base_best=N base_cls_epoch=14 epoch_seconds=3.8 task_elapsed_minutes=3.0 gpu_alloc_gb=0.317 gpu_reserved_gb=2.008
[SSL] repeat=6 scope=internal_cv fold=4 epoch=47/50 ssl_loss=0.053576 lr=0.000001892 base_val_bce=0.655032 base_best=N base_cls_epoch=15 epoch_seconds=3.6 task_elapsed_minutes=3.1 gpu_alloc_gb=0.318 gpu_reserved_gb=1.744
[SSL] repeat=6 scope=internal_cv fold=4 epoch=48/50 ssl_loss=0.051178 lr=0.000000843 base_val_bce=0.670776 base_best=N base_cls_epoch=18 epoch_seconds=4.0 task_elapsed_minutes=3.1 gpu_alloc_gb=0.317 gpu_reserved_gb=2.008
[SSL] repeat=6 scope=internal_cv fold=4 epoch=49/50 ssl_loss=0.048373 lr=0.000000211 base_val_bce=0.649073 base_best=N base_cls_epoch=17 epoch_seconds=3.9 task_elapsed_minutes=3.2 gpu_alloc_gb=0.318 gpu_reserved_gb=1.744
CHECKPOINT_LATEST repeat=6 scope=internal_cv fold=4 phase=ssl epoch=50 path=/data/adodas/VarCoNet-V2-main/xiaolunwen/experiment1b/checkpoints/worker_r6_latest.pt
[SSL] repeat=6 scope=internal_cv fold=4 epoch=50/50 ssl_loss=0.048386 lr=0.000000000 base_val_bce=0.663496 base_best=N base_cls_epoch=15 epoch_seconds=14.0 task_elapsed_minutes=3.3 gpu_alloc_gb=0.317 gpu_reserved_gb=2.008
CRSM_INIT repeat=6 scope=internal_cv fold=4 n_experts=2 tau=1.0 trainable_parameters=147074 hc_centroid_norm=35.129505 pca_unit_norm=1.00000000 pca_singular=157.063950 sigma_margin=0.835051 sigma_projection=7.023424 ratio=0.0100 scale=0.00118895166 epoch0_val_bce=0.644227
CHECKPOINT_LATEST repeat=6 scope=internal_cv fold=4 phase=crsm epoch=0 path=/data/adodas/VarCoNet-V2-main/xiaolunwen/experiment1b/checkpoints/worker_r6_latest.pt
CHECKPOINT_BEST repeat=6 scope=internal_cv fold=4 phase=crsm epoch=0 path=/data/adodas/VarCoNet-V2-main/xiaolunwen/experiment1b/checkpoints/worker_r6_best.pt
CHECKPOINT_BEST repeat=6 scope=internal_cv fold=4 phase=crsm epoch=1 path=/data/adodas/VarCoNet-V2-main/xiaolunwen/experiment1b/checkpoints/worker_r6_best.pt
[CRSM] repeat=6 scope=internal_cv fold=4 epoch=1/149 train_loss=0.464807 val_bce=0.644014 best=Y best_epoch=1 mass=(0.4985,0.5015) hard=(0.3694,0.6306) entropy=0.693098 delta_l2=(0.013330,0.013899) delta_cos=0.970919 epoch_seconds=0.36
CHECKPOINT_LATEST repeat=6 scope=internal_cv fold=4 phase=crsm epoch=10 path=/data/adodas/VarCoNet-V2-main/xiaolunwen/experiment1b/checkpoints/worker_r6_latest.pt
[CRSM] repeat=6 scope=internal_cv fold=4 epoch=10/149 train_loss=0.396620 val_bce=0.653183 best=N best_epoch=1 mass=(0.4977,0.5023) hard=(0.3783,0.6217) entropy=0.693012 delta_l2=(0.129519,0.130048) delta_cos=0.995872 epoch_seconds=0.25
CHECKPOINT_LATEST repeat=6 scope=internal_cv fold=4 phase=crsm epoch=20 path=/data/adodas/VarCoNet-V2-main/xiaolunwen/experiment1b/checkpoints/worker_r6_latest.pt
[CRSM] repeat=6 scope=internal_cv fold=4 epoch=20/149 train_loss=0.344024 val_bce=0.675520 best=N best_epoch=1 mass=(0.4961,0.5039) hard=(0.3961,0.6039) entropy=0.692718 delta_l2=(0.246941,0.247503) delta_cos=0.995672 epoch_seconds=0.26
CHECKPOINT_LATEST repeat=6 scope=internal_cv fold=4 phase=crsm epoch=30 path=/data/adodas/VarCoNet-V2-main/xiaolunwen/experiment1b/checkpoints/worker_r6_latest.pt
[CRSM] repeat=6 scope=internal_cv fold=4 epoch=30/149 train_loss=0.307783 val_bce=0.701153 best=N best_epoch=1 mass=(0.4935,0.5065) hard=(0.3917,0.6083) entropy=0.691856 delta_l2=(0.351290,0.352070) delta_cos=0.993700 epoch_seconds=0.52
CHECKPOINT_LATEST repeat=6 scope=internal_cv fold=4 phase=crsm epoch=40 path=/data/adodas/VarCoNet-V2-main/xiaolunwen/experiment1b/checkpoints/worker_r6_latest.pt
[CRSM] repeat=6 scope=internal_cv fold=4 epoch=40/149 train_loss=0.282222 val_bce=0.727423 best=N best_epoch=1 mass=(0.4892,0.5108) hard=(0.3932,0.6068) entropy=0.689420 delta_l2=(0.443314,0.444692) delta_cos=0.989270 epoch_seconds=0.48
CHECKPOINT_LATEST repeat=6 scope=internal_cv fold=4 phase=crsm epoch=50 path=/data/adodas/VarCoNet-V2-main/xiaolunwen/experiment1b/checkpoints/worker_r6_latest.pt
[CRSM] repeat=6 scope=internal_cv fold=4 epoch=50/149 train_loss=0.263625 val_bce=0.753614 best=N best_epoch=1 mass=(0.4829,0.5171) hard=(0.4169,0.5831) entropy=0.683218 delta_l2=(0.524642,0.527240) delta_cos=0.980555 epoch_seconds=0.27
CHECKPOINT_LATEST repeat=6 scope=internal_cv fold=4 phase=crsm epoch=60 path=/data/adodas/VarCoNet-V2-main/xiaolunwen/experiment1b/checkpoints/worker_r6_latest.pt
[CRSM] repeat=6 scope=internal_cv fold=4 epoch=60/149 train_loss=0.249607 val_bce=0.779754 best=N best_epoch=1 mass=(0.4749,0.5251) hard=(0.4214,0.5786) entropy=0.670641 delta_l2=(0.596905,0.601674) delta_cos=0.965289 epoch_seconds=0.38
CHECKPOINT_LATEST repeat=6 scope=internal_cv fold=4 phase=crsm epoch=70 path=/data/adodas/VarCoNet-V2-main/xiaolunwen/experiment1b/checkpoints/worker_r6_latest.pt
[CRSM] repeat=6 scope=internal_cv fold=4 epoch=70/149 train_loss=0.238702 val_bce=0.806076 best=N best_epoch=1 mass=(0.4668,0.5332) hard=(0.4288,0.5712) entropy=0.651814 delta_l2=(0.661480,0.669572) delta_cos=0.942498 epoch_seconds=0.52
CHECKPOINT_LATEST repeat=6 scope=internal_cv fold=4 phase=crsm epoch=80 path=/data/adodas/VarCoNet-V2-main/xiaolunwen/experiment1b/checkpoints/worker_r6_latest.pt
[CRSM] repeat=6 scope=internal_cv fold=4 epoch=80/149 train_loss=0.230063 val_bce=0.832339 best=N best_epoch=1 mass=(0.4599,0.5401) hard=(0.4362,0.5638) entropy=0.630109 delta_l2=(0.719540,0.731955) delta_cos=0.913449 epoch_seconds=0.58
CHECKPOINT_LATEST repeat=6 scope=internal_cv fold=4 phase=crsm epoch=90 path=/data/adodas/VarCoNet-V2-main/xiaolunwen/experiment1b/checkpoints/worker_r6_latest.pt
[CRSM] repeat=6 scope=internal_cv fold=4 epoch=90/149 train_loss=0.223176 val_bce=0.858045 best=N best_epoch=1 mass=(0.4546,0.5454) hard=(0.4303,0.5697) entropy=0.608349 delta_l2=(0.772129,0.789370) delta_cos=0.880609 epoch_seconds=0.42
CHECKPOINT_LATEST repeat=6 scope=internal_cv fold=4 phase=crsm epoch=100 path=/data/adodas/VarCoNet-V2-main/xiaolunwen/experiment1b/checkpoints/worker_r6_latest.pt
[CRSM] repeat=6 scope=internal_cv fold=4 epoch=100/149 train_loss=0.217681 val_bce=0.882938 best=N best_epoch=1 mass=(0.4507,0.5494) hard=(0.4332,0.5668) entropy=0.587672 delta_l2=(0.820078,0.842162) delta_cos=0.846419 epoch_seconds=0.51
CHECKPOINT_LATEST repeat=6 scope=internal_cv fold=4 phase=crsm epoch=110 path=/data/adodas/VarCoNet-V2-main/xiaolunwen/experiment1b/checkpoints/worker_r6_latest.pt
[CRSM] repeat=6 scope=internal_cv fold=4 epoch=110/149 train_loss=0.213290 val_bce=0.906824 best=N best_epoch=1 mass=(0.4476,0.5524) hard=(0.4362,0.5638) entropy=0.568606 delta_l2=(0.864002,0.890634) delta_cos=0.812744 epoch_seconds=0.74
CHECKPOINT_LATEST repeat=6 scope=internal_cv fold=4 phase=crsm epoch=120 path=/data/adodas/VarCoNet-V2-main/xiaolunwen/experiment1b/checkpoints/worker_r6_latest.pt
[CRSM] repeat=6 scope=internal_cv fold=4 epoch=120/149 train_loss=0.209765 val_bce=0.929606 best=N best_epoch=1 mass=(0.4453,0.5547) hard=(0.4421,0.5579) entropy=0.551346 delta_l2=(0.904377,0.935124) delta_cos=0.780709 epoch_seconds=0.70
CHECKPOINT_LATEST repeat=6 scope=internal_cv fold=4 phase=crsm epoch=130 path=/data/adodas/VarCoNet-V2-main/xiaolunwen/experiment1b/checkpoints/worker_r6_latest.pt
[CRSM] repeat=6 scope=internal_cv fold=4 epoch=130/149 train_loss=0.206917 val_bce=0.951276 best=N best_epoch=1 mass=(0.4436,0.5564) hard=(0.4436,0.5564) entropy=0.535829 delta_l2=(0.941599,0.976001) delta_cos=0.750839 epoch_seconds=0.59
CHECKPOINT_LATEST repeat=6 scope=internal_cv fold=4 phase=crsm epoch=140 path=/data/adodas/VarCoNet-V2-main/xiaolunwen/experiment1b/checkpoints/worker_r6_latest.pt
[CRSM] repeat=6 scope=internal_cv fold=4 epoch=140/149 train_loss=0.204595 val_bce=0.971838 best=N best_epoch=1 mass=(0.4422,0.5578) hard=(0.4466,0.5534) entropy=0.521956 delta_l2=(0.976009,1.013644) delta_cos=0.723299 epoch_seconds=0.52
TASK_TRAINING_DONE repeat=6 scope=internal_cv fold=4 base_encoder_epoch=6 base_classifier_epoch=14 base_val_bce=0.644226 selected_crsm_epoch=1 crsm_val_bce=0.644014 treatment_threshold=0.416980 elapsed_minutes=3.6
TASK_DONE repeat=6 scope=internal_fold fold=4 method=baseline selected_encoder_epoch=6 test_auc=0.798137 test_bce=0.569419 elapsed_minutes=3.6
TASK_DONE repeat=6 scope=internal_fold fold=4 method=control_referenced_soft_multiboundary selected_encoder_epoch=6 test_auc=0.798137 test_bce=0.567668 elapsed_minutes=3.6
TASK_START repeat=6 scope=internal_cv fold=5 seed=100605 device=cuda:0 shared_encoder=Y reference_unique_n=674 train_n=750 val_n=120
CHECKPOINT_BEST repeat=6 scope=internal_cv fold=5 phase=ssl epoch=1 path=/data/adodas/VarCoNet-V2-main/xiaolunwen/experiment1b/checkpoints/worker_r6_best.pt
[SSL] repeat=6 scope=internal_cv fold=5 epoch=1/50 ssl_loss=0.103513 lr=0.000024107 base_val_bce=0.670749 base_best=Y base_cls_epoch=5 epoch_seconds=3.1 task_elapsed_minutes=0.0 gpu_alloc_gb=0.318 gpu_reserved_gb=1.744
[SSL] repeat=6 scope=internal_cv fold=5 epoch=2/50 ssl_loss=0.109134 lr=0.000038214 base_val_bce=0.678161 base_best=N base_cls_epoch=7 epoch_seconds=2.3 task_elapsed_minutes=0.1 gpu_alloc_gb=0.317 gpu_reserved_gb=2.008
[SSL] repeat=6 scope=internal_cv fold=5 epoch=3/50 ssl_loss=0.080696 lr=0.000052321 base_val_bce=0.681228 base_best=N base_cls_epoch=7 epoch_seconds=3.0 task_elapsed_minutes=0.1 gpu_alloc_gb=0.318 gpu_reserved_gb=1.744
[SSL] repeat=6 scope=internal_cv fold=5 epoch=4/50 ssl_loss=0.089040 lr=0.000066427 base_val_bce=0.678774 base_best=N base_cls_epoch=6 epoch_seconds=3.3 task_elapsed_minutes=0.2 gpu_alloc_gb=0.317 gpu_reserved_gb=2.008
CHECKPOINT_BEST repeat=6 scope=internal_cv fold=5 phase=ssl epoch=5 path=/data/adodas/VarCoNet-V2-main/xiaolunwen/experiment1b/checkpoints/worker_r6_best.pt
[SSL] repeat=6 scope=internal_cv fold=5 epoch=5/50 ssl_loss=0.094035 lr=0.000080534 base_val_bce=0.657893 base_best=Y base_cls_epoch=6 epoch_seconds=4.1 task_elapsed_minutes=0.3 gpu_alloc_gb=0.318 gpu_reserved_gb=1.744
[SSL] repeat=6 scope=internal_cv fold=5 epoch=6/50 ssl_loss=0.072946 lr=0.000094641 base_val_bce=0.661988 base_best=N base_cls_epoch=11 epoch_seconds=3.7 task_elapsed_minutes=0.3 gpu_alloc_gb=0.317 gpu_reserved_gb=2.008
[SSL] repeat=6 scope=internal_cv fold=5 epoch=7/50 ssl_loss=0.069446 lr=0.000108748 base_val_bce=0.661255 base_best=N base_cls_epoch=12 epoch_seconds=3.8 task_elapsed_minutes=0.4 gpu_alloc_gb=0.318 gpu_reserved_gb=1.744
[SSL] repeat=6 scope=internal_cv fold=5 epoch=8/50 ssl_loss=0.057138 lr=0.000122855 base_val_bce=0.668251 base_best=N base_cls_epoch=11 epoch_seconds=3.7 task_elapsed_minutes=0.5 gpu_alloc_gb=0.317 gpu_reserved_gb=2.008
[SSL] repeat=6 scope=internal_cv fold=5 epoch=9/50 ssl_loss=0.075153 lr=0.000136962 base_val_bce=0.662415 base_best=N base_cls_epoch=14 epoch_seconds=3.6 task_elapsed_minutes=0.5 gpu_alloc_gb=0.318 gpu_reserved_gb=1.744
CHECKPOINT_LATEST repeat=6 scope=internal_cv fold=5 phase=ssl epoch=10 path=/data/adodas/VarCoNet-V2-main/xiaolunwen/experiment1b/checkpoints/worker_r6_latest.pt
[SSL] repeat=6 scope=internal_cv fold=5 epoch=10/50 ssl_loss=0.046454 lr=0.000136962 base_val_bce=0.661983 base_best=N base_cls_epoch=13 epoch_seconds=4.0 task_elapsed_minutes=0.6 gpu_alloc_gb=0.317 gpu_reserved_gb=2.008
CHECKPOINT_BEST repeat=6 scope=internal_cv fold=5 phase=ssl epoch=11 path=/data/adodas/VarCoNet-V2-main/xiaolunwen/experiment1b/checkpoints/worker_r6_best.pt
[SSL] repeat=6 scope=internal_cv fold=5 epoch=11/50 ssl_loss=0.049389 lr=0.000136751 base_val_bce=0.640072 base_best=Y base_cls_epoch=11 epoch_seconds=3.9 task_elapsed_minutes=0.6 gpu_alloc_gb=0.318 gpu_reserved_gb=1.744
[SSL] repeat=6 scope=internal_cv fold=5 epoch=12/50 ssl_loss=0.052799 lr=0.000136119 base_val_bce=0.662086 base_best=N base_cls_epoch=13 epoch_seconds=3.8 task_elapsed_minutes=0.7 gpu_alloc_gb=0.317 gpu_reserved_gb=2.008
[SSL] repeat=6 scope=internal_cv fold=5 epoch=13/50 ssl_loss=0.047732 lr=0.000135070 base_val_bce=0.651194 base_best=N base_cls_epoch=12 epoch_seconds=3.6 task_elapsed_minutes=0.8 gpu_alloc_gb=0.318 gpu_reserved_gb=1.744
[SSL] repeat=6 scope=internal_cv fold=5 epoch=14/50 ssl_loss=0.054435 lr=0.000133610 base_val_bce=0.650258 base_best=N base_cls_epoch=14 epoch_seconds=3.7 task_elapsed_minutes=0.8 gpu_alloc_gb=0.317 gpu_reserved_gb=2.008
[SSL] repeat=6 scope=internal_cv fold=5 epoch=15/50 ssl_loss=0.053593 lr=0.000131749 base_val_bce=0.651570 base_best=N base_cls_epoch=13 epoch_seconds=3.8 task_elapsed_minutes=0.9 gpu_alloc_gb=0.318 gpu_reserved_gb=1.744
[SSL] repeat=6 scope=internal_cv fold=5 epoch=16/50 ssl_loss=0.044583 lr=0.000129498 base_val_bce=0.657563 base_best=N base_cls_epoch=14 epoch_seconds=3.8 task_elapsed_minutes=1.0 gpu_alloc_gb=0.317 gpu_reserved_gb=2.008
[SSL] repeat=6 scope=internal_cv fold=5 epoch=17/50 ssl_loss=0.043018 lr=0.000126870 base_val_bce=0.647786 base_best=N base_cls_epoch=13 epoch_seconds=3.7 task_elapsed_minutes=1.0 gpu_alloc_gb=0.318 gpu_reserved_gb=1.744
[SSL] repeat=6 scope=internal_cv fold=5 epoch=18/50 ssl_loss=0.037612 lr=0.000123883 base_val_bce=0.648978 base_best=N base_cls_epoch=13 epoch_seconds=3.8 task_elapsed_minutes=1.1 gpu_alloc_gb=0.317 gpu_reserved_gb=2.008
[SSL] repeat=6 scope=internal_cv fold=5 epoch=19/50 ssl_loss=0.042877 lr=0.000120554 base_val_bce=0.653948 base_best=N base_cls_epoch=14 epoch_seconds=3.8 task_elapsed_minutes=1.1 gpu_alloc_gb=0.318 gpu_reserved_gb=1.744
CHECKPOINT_LATEST repeat=6 scope=internal_cv fold=5 phase=ssl epoch=20 path=/data/adodas/VarCoNet-V2-main/xiaolunwen/experiment1b/checkpoints/worker_r6_latest.pt
[SSL] repeat=6 scope=internal_cv fold=5 epoch=20/50 ssl_loss=0.048036 lr=0.000116904 base_val_bce=0.654999 base_best=N base_cls_epoch=14 epoch_seconds=4.4 task_elapsed_minutes=1.2 gpu_alloc_gb=0.317 gpu_reserved_gb=2.008
[SSL] repeat=6 scope=internal_cv fold=5 epoch=21/50 ssl_loss=0.037242 lr=0.000112956 base_val_bce=0.652194 base_best=N base_cls_epoch=17 epoch_seconds=3.8 task_elapsed_minutes=1.3 gpu_alloc_gb=0.318 gpu_reserved_gb=1.744
[SSL] repeat=6 scope=internal_cv fold=5 epoch=22/50 ssl_loss=0.033188 lr=0.000108733 base_val_bce=0.661428 base_best=N base_cls_epoch=14 epoch_seconds=3.8 task_elapsed_minutes=1.3 gpu_alloc_gb=0.317 gpu_reserved_gb=2.008
[SSL] repeat=6 scope=internal_cv fold=5 epoch=23/50 ssl_loss=0.057139 lr=0.000104262 base_val_bce=0.645180 base_best=N base_cls_epoch=13 epoch_seconds=5.1 task_elapsed_minutes=1.4 gpu_alloc_gb=0.318 gpu_reserved_gb=1.744
[SSL] repeat=6 scope=internal_cv fold=5 epoch=24/50 ssl_loss=0.041758 lr=0.000099570 base_val_bce=0.654253 base_best=N base_cls_epoch=14 epoch_seconds=3.7 task_elapsed_minutes=1.5 gpu_alloc_gb=0.317 gpu_reserved_gb=2.008
[SSL] repeat=6 scope=internal_cv fold=5 epoch=25/50 ssl_loss=0.041461 lr=0.000094687 base_val_bce=0.652124 base_best=N base_cls_epoch=17 epoch_seconds=3.2 task_elapsed_minutes=1.5 gpu_alloc_gb=0.318 gpu_reserved_gb=1.744
[SSL] repeat=6 scope=internal_cv fold=5 epoch=26/50 ssl_loss=0.035875 lr=0.000089643 base_val_bce=0.651533 base_best=N base_cls_epoch=15 epoch_seconds=2.9 task_elapsed_minutes=1.6 gpu_alloc_gb=0.317 gpu_reserved_gb=2.008
[SSL] repeat=6 scope=internal_cv fold=5 epoch=27/50 ssl_loss=0.044741 lr=0.000084467 base_val_bce=0.647676 base_best=N base_cls_epoch=15 epoch_seconds=3.7 task_elapsed_minutes=1.7 gpu_alloc_gb=0.318 gpu_reserved_gb=1.744
CHECKPOINT_BEST repeat=6 scope=internal_cv fold=5 phase=ssl epoch=28 path=/data/adodas/VarCoNet-V2-main/xiaolunwen/experiment1b/checkpoints/worker_r6_best.pt
[SSL] repeat=6 scope=internal_cv fold=5 epoch=28/50 ssl_loss=0.029687 lr=0.000079194 base_val_bce=0.639220 base_best=Y base_cls_epoch=15 epoch_seconds=4.1 task_elapsed_minutes=1.7 gpu_alloc_gb=0.317 gpu_reserved_gb=2.008
[SSL] repeat=6 scope=internal_cv fold=5 epoch=29/50 ssl_loss=0.043988 lr=0.000073854 base_val_bce=0.646873 base_best=N base_cls_epoch=16 epoch_seconds=3.8 task_elapsed_minutes=1.8 gpu_alloc_gb=0.318 gpu_reserved_gb=1.744
CHECKPOINT_LATEST repeat=6 scope=internal_cv fold=5 phase=ssl epoch=30 path=/data/adodas/VarCoNet-V2-main/xiaolunwen/experiment1b/checkpoints/worker_r6_latest.pt
[SSL] repeat=6 scope=internal_cv fold=5 epoch=30/50 ssl_loss=0.036953 lr=0.000068481 base_val_bce=0.651287 base_best=N base_cls_epoch=15 epoch_seconds=4.1 task_elapsed_minutes=1.9 gpu_alloc_gb=0.317 gpu_reserved_gb=2.008
[SSL] repeat=6 scope=internal_cv fold=5 epoch=31/50 ssl_loss=0.046720 lr=0.000063108 base_val_bce=0.643123 base_best=N base_cls_epoch=16 epoch_seconds=3.8 task_elapsed_minutes=1.9 gpu_alloc_gb=0.318 gpu_reserved_gb=1.744
[SSL] repeat=6 scope=internal_cv fold=5 epoch=32/50 ssl_loss=0.036365 lr=0.000057768 base_val_bce=0.654779 base_best=N base_cls_epoch=14 epoch_seconds=3.8 task_elapsed_minutes=2.0 gpu_alloc_gb=0.317 gpu_reserved_gb=2.008
[SSL] repeat=6 scope=internal_cv fold=5 epoch=33/50 ssl_loss=0.037858 lr=0.000052494 base_val_bce=0.648060 base_best=N base_cls_epoch=19 epoch_seconds=3.7 task_elapsed_minutes=2.0 gpu_alloc_gb=0.318 gpu_reserved_gb=1.744
[SSL] repeat=6 scope=internal_cv fold=5 epoch=34/50 ssl_loss=0.030467 lr=0.000047319 base_val_bce=0.644392 base_best=N base_cls_epoch=16 epoch_seconds=3.8 task_elapsed_minutes=2.1 gpu_alloc_gb=0.317 gpu_reserved_gb=2.008
[SSL] repeat=6 scope=internal_cv fold=5 epoch=35/50 ssl_loss=0.038111 lr=0.000042274 base_val_bce=0.665337 base_best=N base_cls_epoch=13 epoch_seconds=3.7 task_elapsed_minutes=2.2 gpu_alloc_gb=0.318 gpu_reserved_gb=1.744
[SSL] repeat=6 scope=internal_cv fold=5 epoch=36/50 ssl_loss=0.040345 lr=0.000037391 base_val_bce=0.643323 base_best=N base_cls_epoch=16 epoch_seconds=3.5 task_elapsed_minutes=2.2 gpu_alloc_gb=0.317 gpu_reserved_gb=2.008
[SSL] repeat=6 scope=internal_cv fold=5 epoch=37/50 ssl_loss=0.038651 lr=0.000032700 base_val_bce=0.646924 base_best=N base_cls_epoch=17 epoch_seconds=3.9 task_elapsed_minutes=2.3 gpu_alloc_gb=0.318 gpu_reserved_gb=1.744
[SSL] repeat=6 scope=internal_cv fold=5 epoch=38/50 ssl_loss=0.041349 lr=0.000028229 base_val_bce=0.653810 base_best=N base_cls_epoch=16 epoch_seconds=3.8 task_elapsed_minutes=2.4 gpu_alloc_gb=0.317 gpu_reserved_gb=2.008
[SSL] repeat=6 scope=internal_cv fold=5 epoch=39/50 ssl_loss=0.038790 lr=0.000024006 base_val_bce=0.640583 base_best=N base_cls_epoch=14 epoch_seconds=3.7 task_elapsed_minutes=2.4 gpu_alloc_gb=0.318 gpu_reserved_gb=1.744
CHECKPOINT_LATEST repeat=6 scope=internal_cv fold=5 phase=ssl epoch=40 path=/data/adodas/VarCoNet-V2-main/xiaolunwen/experiment1b/checkpoints/worker_r6_latest.pt
[SSL] repeat=6 scope=internal_cv fold=5 epoch=40/50 ssl_loss=0.035701 lr=0.000020058 base_val_bce=0.648328 base_best=N base_cls_epoch=16 epoch_seconds=4.1 task_elapsed_minutes=2.5 gpu_alloc_gb=0.317 gpu_reserved_gb=2.008
[SSL] repeat=6 scope=internal_cv fold=5 epoch=41/50 ssl_loss=0.042141 lr=0.000016408 base_val_bce=0.655133 base_best=N base_cls_epoch=22 epoch_seconds=3.9 task_elapsed_minutes=2.6 gpu_alloc_gb=0.318 gpu_reserved_gb=1.744
[SSL] repeat=6 scope=internal_cv fold=5 epoch=42/50 ssl_loss=0.041183 lr=0.000013079 base_val_bce=0.653229 base_best=N base_cls_epoch=17 epoch_seconds=3.8 task_elapsed_minutes=2.6 gpu_alloc_gb=0.317 gpu_reserved_gb=2.008
[SSL] repeat=6 scope=internal_cv fold=5 epoch=43/50 ssl_loss=0.028994 lr=0.000010091 base_val_bce=0.647563 base_best=N base_cls_epoch=17 epoch_seconds=3.9 task_elapsed_minutes=2.7 gpu_alloc_gb=0.318 gpu_reserved_gb=1.744
[SSL] repeat=6 scope=internal_cv fold=5 epoch=44/50 ssl_loss=0.030965 lr=0.000007464 base_val_bce=0.644161 base_best=N base_cls_epoch=17 epoch_seconds=3.8 task_elapsed_minutes=2.7 gpu_alloc_gb=0.317 gpu_reserved_gb=2.008
[SSL] repeat=6 scope=internal_cv fold=5 epoch=45/50 ssl_loss=0.031493 lr=0.000005213 base_val_bce=0.658720 base_best=N base_cls_epoch=16 epoch_seconds=3.9 task_elapsed_minutes=2.8 gpu_alloc_gb=0.318 gpu_reserved_gb=1.744
[SSL] repeat=6 scope=internal_cv fold=5 epoch=46/50 ssl_loss=0.034257 lr=0.000003352 base_val_bce=0.643815 base_best=N base_cls_epoch=15 epoch_seconds=3.2 task_elapsed_minutes=2.9 gpu_alloc_gb=0.317 gpu_reserved_gb=2.008
[SSL] repeat=6 scope=internal_cv fold=5 epoch=47/50 ssl_loss=0.031172 lr=0.000001892 base_val_bce=0.639796 base_best=N base_cls_epoch=15 epoch_seconds=2.2 task_elapsed_minutes=2.9 gpu_alloc_gb=0.318 gpu_reserved_gb=1.744
[SSL] repeat=6 scope=internal_cv fold=5 epoch=48/50 ssl_loss=0.033344 lr=0.000000843 base_val_bce=0.644617 base_best=N base_cls_epoch=18 epoch_seconds=2.1 task_elapsed_minutes=2.9 gpu_alloc_gb=0.317 gpu_reserved_gb=2.008
[SSL] repeat=6 scope=internal_cv fold=5 epoch=49/50 ssl_loss=0.037122 lr=0.000000211 base_val_bce=0.657670 base_best=N base_cls_epoch=16 epoch_seconds=3.8 task_elapsed_minutes=3.0 gpu_alloc_gb=0.318 gpu_reserved_gb=1.744
CHECKPOINT_LATEST repeat=6 scope=internal_cv fold=5 phase=ssl epoch=50 path=/data/adodas/VarCoNet-V2-main/xiaolunwen/experiment1b/checkpoints/worker_r6_latest.pt
[SSL] repeat=6 scope=internal_cv fold=5 epoch=50/50 ssl_loss=0.043808 lr=0.000000000 base_val_bce=0.653188 base_best=N base_cls_epoch=20 epoch_seconds=3.8 task_elapsed_minutes=3.1 gpu_alloc_gb=0.317 gpu_reserved_gb=2.008
CRSM_INIT repeat=6 scope=internal_cv fold=5 n_experts=2 tau=1.0 trainable_parameters=147074 hc_centroid_norm=23.554949 pca_unit_norm=1.00000000 pca_singular=150.706635 sigma_margin=0.921017 sigma_projection=7.496230 ratio=0.0100 scale=0.00122863986 epoch0_val_bce=0.639221
CHECKPOINT_LATEST repeat=6 scope=internal_cv fold=5 phase=crsm epoch=0 path=/data/adodas/VarCoNet-V2-main/xiaolunwen/experiment1b/checkpoints/worker_r6_latest.pt
CHECKPOINT_BEST repeat=6 scope=internal_cv fold=5 phase=crsm epoch=0 path=/data/adodas/VarCoNet-V2-main/xiaolunwen/experiment1b/checkpoints/worker_r6_best.pt
CHECKPOINT_BEST repeat=6 scope=internal_cv fold=5 phase=crsm epoch=1 path=/data/adodas/VarCoNet-V2-main/xiaolunwen/experiment1b/checkpoints/worker_r6_best.pt
[CRSM] repeat=6 scope=internal_cv fold=5 epoch=1/149 train_loss=0.408826 val_bce=0.639060 best=Y best_epoch=1 mass=(0.5009,0.4991) hard=(0.4659,0.5341) entropy=0.693110 delta_l2=(0.013790,0.013448) delta_cos=0.972016 epoch_seconds=0.64
CHECKPOINT_BEST repeat=6 scope=internal_cv fold=5 phase=crsm epoch=2 path=/data/adodas/VarCoNet-V2-main/xiaolunwen/experiment1b/checkpoints/worker_r6_best.pt
[CRSM] repeat=6 scope=internal_cv fold=5 epoch=2/149 train_loss=0.401597 val_bce=0.639055 best=Y best_epoch=2 mass=(0.5010,0.4990) hard=(0.4585,0.5415) entropy=0.693105 delta_l2=(0.027212,0.026869) delta_cos=0.987825 epoch_seconds=0.25
CHECKPOINT_LATEST repeat=6 scope=internal_cv fold=5 phase=crsm epoch=10 path=/data/adodas/VarCoNet-V2-main/xiaolunwen/experiment1b/checkpoints/worker_r6_latest.pt
[CRSM] repeat=6 scope=internal_cv fold=5 epoch=10/149 train_loss=0.352302 val_bce=0.643762 best=N best_epoch=2 mass=(0.5014,0.4986) hard=(0.4451,0.5549) entropy=0.693036 delta_l2=(0.131367,0.131042) delta_cos=0.995562 epoch_seconds=0.34
CHECKPOINT_LATEST repeat=6 scope=internal_cv fold=5 phase=crsm epoch=20 path=/data/adodas/VarCoNet-V2-main/xiaolunwen/experiment1b/checkpoints/worker_r6_latest.pt
[CRSM] repeat=6 scope=internal_cv fold=5 epoch=20/149 train_loss=0.308019 val_bce=0.657682 best=N best_epoch=2 mass=(0.5021,0.4979) hard=(0.4377,0.5623) entropy=0.692797 delta_l2=(0.251072,0.250770) delta_cos=0.995514 epoch_seconds=0.52
CHECKPOINT_LATEST repeat=6 scope=internal_cv fold=5 phase=crsm epoch=30 path=/data/adodas/VarCoNet-V2-main/xiaolunwen/experiment1b/checkpoints/worker_r6_latest.pt
[CRSM] repeat=6 scope=internal_cv fold=5 epoch=30/149 train_loss=0.277261 val_bce=0.675724 best=N best_epoch=2 mass=(0.5032,0.4968) hard=(0.4392,0.5608) entropy=0.692116 delta_l2=(0.357917,0.357589) delta_cos=0.994026 epoch_seconds=0.40
CHECKPOINT_LATEST repeat=6 scope=internal_cv fold=5 phase=crsm epoch=40 path=/data/adodas/VarCoNet-V2-main/xiaolunwen/experiment1b/checkpoints/worker_r6_latest.pt
[CRSM] repeat=6 scope=internal_cv fold=5 epoch=40/149 train_loss=0.255542 val_bce=0.695174 best=N best_epoch=2 mass=(0.5049,0.4951) hard=(0.4421,0.5579) entropy=0.690332 delta_l2=(0.452570,0.452163) delta_cos=0.990638 epoch_seconds=0.24
CHECKPOINT_LATEST repeat=6 scope=internal_cv fold=5 phase=crsm epoch=50 path=/data/adodas/VarCoNet-V2-main/xiaolunwen/experiment1b/checkpoints/worker_r6_latest.pt
[CRSM] repeat=6 scope=internal_cv fold=5 epoch=50/149 train_loss=0.239890 val_bce=0.715157 best=N best_epoch=2 mass=(0.5072,0.4928) hard=(0.4421,0.5579) entropy=0.686291 delta_l2=(0.536617,0.536049) delta_cos=0.984054 epoch_seconds=0.33
CHECKPOINT_LATEST repeat=6 scope=internal_cv fold=5 phase=crsm epoch=60 path=/data/adodas/VarCoNet-V2-main/xiaolunwen/experiment1b/checkpoints/worker_r6_latest.pt
[CRSM] repeat=6 scope=internal_cv fold=5 epoch=60/149 train_loss=0.228309 val_bce=0.735226 best=N best_epoch=2 mass=(0.5096,0.4904) hard=(0.4451,0.5549) entropy=0.678687 delta_l2=(0.611565,0.610825) delta_cos=0.972723 epoch_seconds=0.28
CHECKPOINT_LATEST repeat=6 scope=internal_cv fold=5 phase=crsm epoch=70 path=/data/adodas/VarCoNet-V2-main/xiaolunwen/experiment1b/checkpoints/worker_r6_latest.pt
[CRSM] repeat=6 scope=internal_cv fold=5 epoch=70/149 train_loss=0.219473 val_bce=0.754890 best=N best_epoch=2 mass=(0.5114,0.4886) hard=(0.4540,0.5460) entropy=0.667019 delta_l2=(0.678725,0.678069) delta_cos=0.955453 epoch_seconds=0.27
CHECKPOINT_LATEST repeat=6 scope=internal_cv fold=5 phase=crsm epoch=80 path=/data/adodas/VarCoNet-V2-main/xiaolunwen/experiment1b/checkpoints/worker_r6_latest.pt
[CRSM] repeat=6 scope=internal_cv fold=5 epoch=80/149 train_loss=0.212543 val_bce=0.773988 best=N best_epoch=2 mass=(0.5122,0.4878) hard=(0.4570,0.5430) entropy=0.652008 delta_l2=(0.739216,0.739289) delta_cos=0.932177 epoch_seconds=0.25
CHECKPOINT_LATEST repeat=6 scope=internal_cv fold=5 phase=crsm epoch=90 path=/data/adodas/VarCoNet-V2-main/xiaolunwen/experiment1b/checkpoints/worker_r6_latest.pt
[CRSM] repeat=6 scope=internal_cv fold=5 epoch=90/149 train_loss=0.207004 val_bce=0.792483 best=N best_epoch=2 mass=(0.5121,0.4879) hard=(0.4570,0.5430) entropy=0.634867 delta_l2=(0.793972,0.795679) delta_cos=0.904062 epoch_seconds=0.41
CHECKPOINT_LATEST repeat=6 scope=internal_cv fold=5 phase=crsm epoch=100 path=/data/adodas/VarCoNet-V2-main/xiaolunwen/experiment1b/checkpoints/worker_r6_latest.pt
[CRSM] repeat=6 scope=internal_cv fold=5 epoch=100/149 train_loss=0.202536 val_bce=0.810251 best=N best_epoch=2 mass=(0.5115,0.4885) hard=(0.4614,0.5386) entropy=0.616870 delta_l2=(0.843759,0.848001) delta_cos=0.873004 epoch_seconds=0.28
CHECKPOINT_LATEST repeat=6 scope=internal_cv fold=5 phase=crsm epoch=110 path=/data/adodas/VarCoNet-V2-main/xiaolunwen/experiment1b/checkpoints/worker_r6_latest.pt
[CRSM] repeat=6 scope=internal_cv fold=5 epoch=110/149 train_loss=0.198913 val_bce=0.827194 best=N best_epoch=2 mass=(0.5106,0.4894) hard=(0.4674,0.5326) entropy=0.599108 delta_l2=(0.889212,0.896684) delta_cos=0.840938 epoch_seconds=0.26
CHECKPOINT_LATEST repeat=6 scope=internal_cv fold=5 phase=crsm epoch=120 path=/data/adodas/VarCoNet-V2-main/xiaolunwen/experiment1b/checkpoints/worker_r6_latest.pt
[CRSM] repeat=6 scope=internal_cv fold=5 epoch=120/149 train_loss=0.195965 val_bce=0.843294 best=N best_epoch=2 mass=(0.5096,0.4904) hard=(0.4733,0.5267) entropy=0.582257 delta_l2=(0.930866,0.941991) delta_cos=0.809365 epoch_seconds=0.24
CHECKPOINT_LATEST repeat=6 scope=internal_cv fold=5 phase=crsm epoch=130 path=/data/adodas/VarCoNet-V2-main/xiaolunwen/experiment1b/checkpoints/worker_r6_latest.pt
[CRSM] repeat=6 scope=internal_cv fold=5 epoch=130/149 train_loss=0.193553 val_bce=0.858564 best=N best_epoch=2 mass=(0.5086,0.4914) hard=(0.4718,0.5282) entropy=0.566642 delta_l2=(0.969182,0.984142) delta_cos=0.779223 epoch_seconds=0.23
CHECKPOINT_LATEST repeat=6 scope=internal_cv fold=5 phase=crsm epoch=140 path=/data/adodas/VarCoNet-V2-main/xiaolunwen/experiment1b/checkpoints/worker_r6_latest.pt
[CRSM] repeat=6 scope=internal_cv fold=5 epoch=140/149 train_loss=0.191565 val_bce=0.873030 best=N best_epoch=2 mass=(0.5077,0.4923) hard=(0.4748,0.5252) entropy=0.552363 delta_l2=(1.004563,1.023361) delta_cos=0.750986 epoch_seconds=0.37
TASK_TRAINING_DONE repeat=6 scope=internal_cv fold=5 base_encoder_epoch=28 base_classifier_epoch=15 base_val_bce=0.639220 selected_crsm_epoch=2 crsm_val_bce=0.639055 treatment_threshold=0.509114 elapsed_minutes=3.2
TASK_DONE repeat=6 scope=internal_fold fold=5 method=baseline selected_encoder_epoch=28 test_auc=0.793461 test_bce=0.573082 elapsed_minutes=3.2
TASK_DONE repeat=6 scope=internal_fold fold=5 method=control_referenced_soft_multiboundary selected_encoder_epoch=28 test_auc=0.791905 test_bce=0.569621 elapsed_minutes=3.2
TASK_START repeat=6 scope=internal_cv fold=6 seed=100606 device=cuda:0 shared_encoder=Y reference_unique_n=674 train_n=750 val_n=120
CHECKPOINT_BEST repeat=6 scope=internal_cv fold=6 phase=ssl epoch=1 path=/data/adodas/VarCoNet-V2-main/xiaolunwen/experiment1b/checkpoints/worker_r6_best.pt
[SSL] repeat=6 scope=internal_cv fold=6 epoch=1/50 ssl_loss=0.178970 lr=0.000024107 base_val_bce=0.638325 base_best=Y base_cls_epoch=19 epoch_seconds=4.3 task_elapsed_minutes=0.1 gpu_alloc_gb=0.318 gpu_reserved_gb=1.744
[SSL] repeat=6 scope=internal_cv fold=6 epoch=2/50 ssl_loss=0.148186 lr=0.000038214 base_val_bce=0.641808 base_best=N base_cls_epoch=17 epoch_seconds=3.8 task_elapsed_minutes=0.1 gpu_alloc_gb=0.317 gpu_reserved_gb=2.008
[SSL] repeat=6 scope=internal_cv fold=6 epoch=3/50 ssl_loss=0.112722 lr=0.000052321 base_val_bce=0.642653 base_best=N base_cls_epoch=50 epoch_seconds=3.8 task_elapsed_minutes=0.2 gpu_alloc_gb=0.318 gpu_reserved_gb=1.744
CHECKPOINT_BEST repeat=6 scope=internal_cv fold=6 phase=ssl epoch=4 path=/data/adodas/VarCoNet-V2-main/xiaolunwen/experiment1b/checkpoints/worker_r6_best.pt
[SSL] repeat=6 scope=internal_cv fold=6 epoch=4/50 ssl_loss=0.115169 lr=0.000066427 base_val_bce=0.635464 base_best=Y base_cls_epoch=39 epoch_seconds=4.1 task_elapsed_minutes=0.3 gpu_alloc_gb=0.317 gpu_reserved_gb=2.008
[SSL] repeat=6 scope=internal_cv fold=6 epoch=5/50 ssl_loss=0.084049 lr=0.000080534 base_val_bce=0.644759 base_best=N base_cls_epoch=45 epoch_seconds=3.4 task_elapsed_minutes=0.3 gpu_alloc_gb=0.318 gpu_reserved_gb=1.744
[SSL] repeat=6 scope=internal_cv fold=6 epoch=6/50 ssl_loss=0.086786 lr=0.000094641 base_val_bce=0.642626 base_best=N base_cls_epoch=41 epoch_seconds=2.4 task_elapsed_minutes=0.4 gpu_alloc_gb=0.317 gpu_reserved_gb=2.008
CHECKPOINT_BEST repeat=6 scope=internal_cv fold=6 phase=ssl epoch=7 path=/data/adodas/VarCoNet-V2-main/xiaolunwen/experiment1b/checkpoints/worker_r6_best.pt
[SSL] repeat=6 scope=internal_cv fold=6 epoch=7/50 ssl_loss=0.083892 lr=0.000108748 base_val_bce=0.632436 base_best=Y base_cls_epoch=43 epoch_seconds=2.9 task_elapsed_minutes=0.4 gpu_alloc_gb=0.318 gpu_reserved_gb=1.744
[SSL] repeat=6 scope=internal_cv fold=6 epoch=8/50 ssl_loss=0.085725 lr=0.000122855 base_val_bce=0.635640 base_best=N base_cls_epoch=48 epoch_seconds=2.2 task_elapsed_minutes=0.5 gpu_alloc_gb=0.317 gpu_reserved_gb=2.008
CHECKPOINT_BEST repeat=6 scope=internal_cv fold=6 phase=ssl epoch=9 path=/data/adodas/VarCoNet-V2-main/xiaolunwen/experiment1b/checkpoints/worker_r6_best.pt
[SSL] repeat=6 scope=internal_cv fold=6 epoch=9/50 ssl_loss=0.062955 lr=0.000136962 base_val_bce=0.628248 base_best=Y base_cls_epoch=46 epoch_seconds=3.5 task_elapsed_minutes=0.5 gpu_alloc_gb=0.318 gpu_reserved_gb=1.744
CHECKPOINT_BEST repeat=6 scope=internal_cv fold=6 phase=ssl epoch=10 path=/data/adodas/VarCoNet-V2-main/xiaolunwen/experiment1b/checkpoints/worker_r6_best.pt
CHECKPOINT_LATEST repeat=6 scope=internal_cv fold=6 phase=ssl epoch=10 path=/data/adodas/VarCoNet-V2-main/xiaolunwen/experiment1b/checkpoints/worker_r6_latest.pt
[SSL] repeat=6 scope=internal_cv fold=6 epoch=10/50 ssl_loss=0.056947 lr=0.000136962 base_val_bce=0.627963 base_best=Y base_cls_epoch=47 epoch_seconds=4.8 task_elapsed_minutes=0.6 gpu_alloc_gb=0.317 gpu_reserved_gb=2.008
CHECKPOINT_BEST repeat=6 scope=internal_cv fold=6 phase=ssl epoch=11 path=/data/adodas/VarCoNet-V2-main/xiaolunwen/experiment1b/checkpoints/worker_r6_best.pt
[SSL] repeat=6 scope=internal_cv fold=6 epoch=11/50 ssl_loss=0.064806 lr=0.000136751 base_val_bce=0.617245 base_best=Y base_cls_epoch=44 epoch_seconds=4.0 task_elapsed_minutes=0.7 gpu_alloc_gb=0.318 gpu_reserved_gb=1.744
[SSL] repeat=6 scope=internal_cv fold=6 epoch=12/50 ssl_loss=0.069232 lr=0.000136119 base_val_bce=0.626984 base_best=N base_cls_epoch=45 epoch_seconds=3.7 task_elapsed_minutes=0.7 gpu_alloc_gb=0.317 gpu_reserved_gb=2.008
[SSL] repeat=6 scope=internal_cv fold=6 epoch=13/50 ssl_loss=0.052388 lr=0.000135070 base_val_bce=0.624400 base_best=N base_cls_epoch=40 epoch_seconds=3.7 task_elapsed_minutes=0.8 gpu_alloc_gb=0.318 gpu_reserved_gb=1.744
[SSL] repeat=6 scope=internal_cv fold=6 epoch=14/50 ssl_loss=0.060225 lr=0.000133610 base_val_bce=0.624127 base_best=N base_cls_epoch=44 epoch_seconds=3.7 task_elapsed_minutes=0.8 gpu_alloc_gb=0.317 gpu_reserved_gb=2.008
[SSL] repeat=6 scope=internal_cv fold=6 epoch=15/50 ssl_loss=0.047089 lr=0.000131749 base_val_bce=0.631590 base_best=N base_cls_epoch=45 epoch_seconds=3.8 task_elapsed_minutes=0.9 gpu_alloc_gb=0.318 gpu_reserved_gb=1.744
[SSL] repeat=6 scope=internal_cv fold=6 epoch=16/50 ssl_loss=0.062387 lr=0.000129498 base_val_bce=0.617969 base_best=N base_cls_epoch=43 epoch_seconds=3.7 task_elapsed_minutes=1.0 gpu_alloc_gb=0.317 gpu_reserved_gb=2.008
[SSL] repeat=6 scope=internal_cv fold=6 epoch=17/50 ssl_loss=0.068470 lr=0.000126870 base_val_bce=0.632737 base_best=N base_cls_epoch=44 epoch_seconds=3.8 task_elapsed_minutes=1.0 gpu_alloc_gb=0.318 gpu_reserved_gb=1.744
[SSL] repeat=6 scope=internal_cv fold=6 epoch=18/50 ssl_loss=0.054401 lr=0.000123883 base_val_bce=0.620641 base_best=N base_cls_epoch=45 epoch_seconds=3.7 task_elapsed_minutes=1.1 gpu_alloc_gb=0.317 gpu_reserved_gb=2.008
[SSL] repeat=6 scope=internal_cv fold=6 epoch=19/50 ssl_loss=0.060324 lr=0.000120554 base_val_bce=0.622895 base_best=N base_cls_epoch=46 epoch_seconds=3.8 task_elapsed_minutes=1.2 gpu_alloc_gb=0.318 gpu_reserved_gb=1.744
CHECKPOINT_BEST repeat=6 scope=internal_cv fold=6 phase=ssl epoch=20 path=/data/adodas/VarCoNet-V2-main/xiaolunwen/experiment1b/checkpoints/worker_r6_best.pt
CHECKPOINT_LATEST repeat=6 scope=internal_cv fold=6 phase=ssl epoch=20 path=/data/adodas/VarCoNet-V2-main/xiaolunwen/experiment1b/checkpoints/worker_r6_latest.pt
[SSL] repeat=6 scope=internal_cv fold=6 epoch=20/50 ssl_loss=0.052169 lr=0.000116904 base_val_bce=0.613138 base_best=Y base_cls_epoch=49 epoch_seconds=3.8 task_elapsed_minutes=1.2 gpu_alloc_gb=0.317 gpu_reserved_gb=2.008
CHECKPOINT_BEST repeat=6 scope=internal_cv fold=6 phase=ssl epoch=21 path=/data/adodas/VarCoNet-V2-main/xiaolunwen/experiment1b/checkpoints/worker_r6_best.pt
[SSL] repeat=6 scope=internal_cv fold=6 epoch=21/50 ssl_loss=0.048773 lr=0.000112956 base_val_bce=0.609248 base_best=Y base_cls_epoch=52 epoch_seconds=4.4 task_elapsed_minutes=1.3 gpu_alloc_gb=0.318 gpu_reserved_gb=1.744
CHECKPOINT_BEST repeat=6 scope=internal_cv fold=6 phase=ssl epoch=22 path=/data/adodas/VarCoNet-V2-main/xiaolunwen/experiment1b/checkpoints/worker_r6_best.pt
[SSL] repeat=6 scope=internal_cv fold=6 epoch=22/50 ssl_loss=0.044168 lr=0.000108733 base_val_bce=0.604683 base_best=Y base_cls_epoch=48 epoch_seconds=16.1 task_elapsed_minutes=1.4 gpu_alloc_gb=0.317 gpu_reserved_gb=2.008
[SSL] repeat=6 scope=internal_cv fold=6 epoch=23/50 ssl_loss=0.064300 lr=0.000104262 base_val_bce=0.612301 base_best=N base_cls_epoch=50 epoch_seconds=3.8 task_elapsed_minutes=1.6 gpu_alloc_gb=0.318 gpu_reserved_gb=1.744
[SSL] repeat=6 scope=internal_cv fold=6 epoch=24/50 ssl_loss=0.050484 lr=0.000099570 base_val_bce=0.613150 base_best=N base_cls_epoch=52 epoch_seconds=3.8 task_elapsed_minutes=1.7 gpu_alloc_gb=0.317 gpu_reserved_gb=2.008
CHECKPOINT_BEST repeat=6 scope=internal_cv fold=6 phase=ssl epoch=25 path=/data/adodas/VarCoNet-V2-main/xiaolunwen/experiment1b/checkpoints/worker_r6_best.pt
[SSL] repeat=6 scope=internal_cv fold=6 epoch=25/50 ssl_loss=0.044597 lr=0.000094687 base_val_bce=0.596102 base_best=Y base_cls_epoch=51 epoch_seconds=4.9 task_elapsed_minutes=1.8 gpu_alloc_gb=0.318 gpu_reserved_gb=1.744
[SSL] repeat=6 scope=internal_cv fold=6 epoch=26/50 ssl_loss=0.043313 lr=0.000089643 base_val_bce=0.610739 base_best=N base_cls_epoch=48 epoch_seconds=3.8 task_elapsed_minutes=1.8 gpu_alloc_gb=0.317 gpu_reserved_gb=2.008
[SSL] repeat=6 scope=internal_cv fold=6 epoch=27/50 ssl_loss=0.051344 lr=0.000084467 base_val_bce=0.603167 base_best=N base_cls_epoch=52 epoch_seconds=3.8 task_elapsed_minutes=1.9 gpu_alloc_gb=0.318 gpu_reserved_gb=1.744
[SSL] repeat=6 scope=internal_cv fold=6 epoch=28/50 ssl_loss=0.041735 lr=0.000079194 base_val_bce=0.604335 base_best=N base_cls_epoch=50 epoch_seconds=3.8 task_elapsed_minutes=2.0 gpu_alloc_gb=0.317 gpu_reserved_gb=2.008
[SSL] repeat=6 scope=internal_cv fold=6 epoch=29/50 ssl_loss=0.050585 lr=0.000073854 base_val_bce=0.596792 base_best=N base_cls_epoch=46 epoch_seconds=3.7 task_elapsed_minutes=2.0 gpu_alloc_gb=0.318 gpu_reserved_gb=1.744
CHECKPOINT_LATEST repeat=6 scope=internal_cv fold=6 phase=ssl epoch=30 path=/data/adodas/VarCoNet-V2-main/xiaolunwen/experiment1b/checkpoints/worker_r6_latest.pt
[SSL] repeat=6 scope=internal_cv fold=6 epoch=30/50 ssl_loss=0.038412 lr=0.000068481 base_val_bce=0.608400 base_best=N base_cls_epoch=49 epoch_seconds=4.3 task_elapsed_minutes=2.1 gpu_alloc_gb=0.317 gpu_reserved_gb=2.008
[SSL] repeat=6 scope=internal_cv fold=6 epoch=31/50 ssl_loss=0.046929 lr=0.000063108 base_val_bce=0.608025 base_best=N base_cls_epoch=53 epoch_seconds=3.8 task_elapsed_minutes=2.2 gpu_alloc_gb=0.318 gpu_reserved_gb=1.744
[SSL] repeat=6 scope=internal_cv fold=6 epoch=32/50 ssl_loss=0.054718 lr=0.000057768 base_val_bce=0.607349 base_best=N base_cls_epoch=50 epoch_seconds=3.8 task_elapsed_minutes=2.2 gpu_alloc_gb=0.317 gpu_reserved_gb=2.008
[SSL] repeat=6 scope=internal_cv fold=6 epoch=33/50 ssl_loss=0.048065 lr=0.000052494 base_val_bce=0.602028 base_best=N base_cls_epoch=51 epoch_seconds=3.8 task_elapsed_minutes=2.3 gpu_alloc_gb=0.318 gpu_reserved_gb=1.744
[SSL] repeat=6 scope=internal_cv fold=6 epoch=34/50 ssl_loss=0.048081 lr=0.000047319 base_val_bce=0.605496 base_best=N base_cls_epoch=49 epoch_seconds=3.8 task_elapsed_minutes=2.3 gpu_alloc_gb=0.317 gpu_reserved_gb=2.008
[SSL] repeat=6 scope=internal_cv fold=6 epoch=35/50 ssl_loss=0.049318 lr=0.000042274 base_val_bce=0.614572 base_best=N base_cls_epoch=50 epoch_seconds=3.8 task_elapsed_minutes=2.4 gpu_alloc_gb=0.318 gpu_reserved_gb=1.744
[SSL] repeat=6 scope=internal_cv fold=6 epoch=36/50 ssl_loss=0.048769 lr=0.000037391 base_val_bce=0.606336 base_best=N base_cls_epoch=52 epoch_seconds=3.8 task_elapsed_minutes=2.5 gpu_alloc_gb=0.317 gpu_reserved_gb=2.008
[SSL] repeat=6 scope=internal_cv fold=6 epoch=37/50 ssl_loss=0.048687 lr=0.000032700 base_val_bce=0.608281 base_best=N base_cls_epoch=56 epoch_seconds=3.9 task_elapsed_minutes=2.5 gpu_alloc_gb=0.318 gpu_reserved_gb=1.744
[SSL] repeat=6 scope=internal_cv fold=6 epoch=38/50 ssl_loss=0.043822 lr=0.000028229 base_val_bce=0.603609 base_best=N base_cls_epoch=48 epoch_seconds=3.8 task_elapsed_minutes=2.6 gpu_alloc_gb=0.317 gpu_reserved_gb=2.008
[SSL] repeat=6 scope=internal_cv fold=6 epoch=39/50 ssl_loss=0.039290 lr=0.000024006 base_val_bce=0.601573 base_best=N base_cls_epoch=52 epoch_seconds=3.7 task_elapsed_minutes=2.7 gpu_alloc_gb=0.318 gpu_reserved_gb=1.744
CHECKPOINT_LATEST repeat=6 scope=internal_cv fold=6 phase=ssl epoch=40 path=/data/adodas/VarCoNet-V2-main/xiaolunwen/experiment1b/checkpoints/worker_r6_latest.pt
[SSL] repeat=6 scope=internal_cv fold=6 epoch=40/50 ssl_loss=0.054995 lr=0.000020058 base_val_bce=0.602130 base_best=N base_cls_epoch=55 epoch_seconds=4.4 task_elapsed_minutes=2.7 gpu_alloc_gb=0.317 gpu_reserved_gb=2.008
[SSL] repeat=6 scope=internal_cv fold=6 epoch=41/50 ssl_loss=0.054009 lr=0.000016408 base_val_bce=0.606885 base_best=N base_cls_epoch=58 epoch_seconds=3.8 task_elapsed_minutes=2.8 gpu_alloc_gb=0.318 gpu_reserved_gb=1.744
[SSL] repeat=6 scope=internal_cv fold=6 epoch=42/50 ssl_loss=0.046952 lr=0.000013079 base_val_bce=0.600232 base_best=N base_cls_epoch=52 epoch_seconds=3.7 task_elapsed_minutes=2.9 gpu_alloc_gb=0.317 gpu_reserved_gb=2.008
[SSL] repeat=6 scope=internal_cv fold=6 epoch=43/50 ssl_loss=0.038093 lr=0.000010091 base_val_bce=0.604749 base_best=N base_cls_epoch=53 epoch_seconds=3.7 task_elapsed_minutes=2.9 gpu_alloc_gb=0.318 gpu_reserved_gb=1.744
[SSL] repeat=6 scope=internal_cv fold=6 epoch=44/50 ssl_loss=0.043858 lr=0.000007464 base_val_bce=0.607311 base_best=N base_cls_epoch=53 epoch_seconds=3.3 task_elapsed_minutes=3.0 gpu_alloc_gb=0.317 gpu_reserved_gb=2.008
[SSL] repeat=6 scope=internal_cv fold=6 epoch=45/50 ssl_loss=0.052686 lr=0.000005213 base_val_bce=0.598855 base_best=N base_cls_epoch=54 epoch_seconds=3.3 task_elapsed_minutes=3.0 gpu_alloc_gb=0.318 gpu_reserved_gb=1.744
[SSL] repeat=6 scope=internal_cv fold=6 epoch=46/50 ssl_loss=0.058506 lr=0.000003352 base_val_bce=0.597853 base_best=N base_cls_epoch=50 epoch_seconds=3.2 task_elapsed_minutes=3.1 gpu_alloc_gb=0.317 gpu_reserved_gb=2.008
[SSL] repeat=6 scope=internal_cv fold=6 epoch=47/50 ssl_loss=0.041865 lr=0.000001892 base_val_bce=0.606114 base_best=N base_cls_epoch=58 epoch_seconds=3.7 task_elapsed_minutes=3.2 gpu_alloc_gb=0.318 gpu_reserved_gb=1.744
[SSL] repeat=6 scope=internal_cv fold=6 epoch=48/50 ssl_loss=0.040577 lr=0.000000843 base_val_bce=0.603528 base_best=N base_cls_epoch=57 epoch_seconds=3.8 task_elapsed_minutes=3.2 gpu_alloc_gb=0.317 gpu_reserved_gb=2.008
[SSL] repeat=6 scope=internal_cv fold=6 epoch=49/50 ssl_loss=0.044605 lr=0.000000211 base_val_bce=0.609902 base_best=N base_cls_epoch=52 epoch_seconds=3.7 task_elapsed_minutes=3.3 gpu_alloc_gb=0.318 gpu_reserved_gb=1.744
CHECKPOINT_LATEST repeat=6 scope=internal_cv fold=6 phase=ssl epoch=50 path=/data/adodas/VarCoNet-V2-main/xiaolunwen/experiment1b/checkpoints/worker_r6_latest.pt
[SSL] repeat=6 scope=internal_cv fold=6 epoch=50/50 ssl_loss=0.039609 lr=0.000000000 base_val_bce=0.598735 base_best=N base_cls_epoch=56 epoch_seconds=4.0 task_elapsed_minutes=3.3 gpu_alloc_gb=0.317 gpu_reserved_gb=2.008
CRSM_INIT repeat=6 scope=internal_cv fold=6 n_experts=2 tau=1.0 trainable_parameters=147074 hc_centroid_norm=24.262381 pca_unit_norm=1.00000000 pca_singular=152.266769 sigma_margin=1.907969 sigma_projection=7.269770 ratio=0.0100 scale=0.00262452429 epoch0_val_bce=0.596106
CHECKPOINT_LATEST repeat=6 scope=internal_cv fold=6 phase=crsm epoch=0 path=/data/adodas/VarCoNet-V2-main/xiaolunwen/experiment1b/checkpoints/worker_r6_latest.pt
CHECKPOINT_BEST repeat=6 scope=internal_cv fold=6 phase=crsm epoch=0 path=/data/adodas/VarCoNet-V2-main/xiaolunwen/experiment1b/checkpoints/worker_r6_best.pt
CHECKPOINT_LATEST repeat=6 scope=internal_cv fold=6 phase=crsm epoch=10 path=/data/adodas/VarCoNet-V2-main/xiaolunwen/experiment1b/checkpoints/worker_r6_latest.pt
[CRSM] repeat=6 scope=internal_cv fold=6 epoch=10/149 train_loss=0.140512 val_bce=0.604372 best=N best_epoch=0 mass=(0.5035,0.4965) hard=(0.4674,0.5326) entropy=0.692712 delta_l2=(0.130570,0.129436) delta_cos=0.986186 epoch_seconds=0.26
CHECKPOINT_LATEST repeat=6 scope=internal_cv fold=6 phase=crsm epoch=20 path=/data/adodas/VarCoNet-V2-main/xiaolunwen/experiment1b/checkpoints/worker_r6_latest.pt
[CRSM] repeat=6 scope=internal_cv fold=6 epoch=20/149 train_loss=0.121744 val_bce=0.618124 best=N best_epoch=0 mass=(0.5051,0.4949) hard=(0.4570,0.5430) entropy=0.692018 delta_l2=(0.248124,0.247024) delta_cos=0.986593 epoch_seconds=0.26
CHECKPOINT_LATEST repeat=6 scope=internal_cv fold=6 phase=crsm epoch=30 path=/data/adodas/VarCoNet-V2-main/xiaolunwen/experiment1b/checkpoints/worker_r6_latest.pt
[CRSM] repeat=6 scope=internal_cv fold=6 epoch=30/149 train_loss=0.108667 val_bce=0.633197 best=N best_epoch=0 mass=(0.5074,0.4926) hard=(0.4540,0.5460) entropy=0.690415 delta_l2=(0.353626,0.352490) delta_cos=0.983064 epoch_seconds=0.25
CHECKPOINT_LATEST repeat=6 scope=internal_cv fold=6 phase=crsm epoch=40 path=/data/adodas/VarCoNet-V2-main/xiaolunwen/experiment1b/checkpoints/worker_r6_latest.pt
[CRSM] repeat=6 scope=internal_cv fold=6 epoch=40/149 train_loss=0.099427 val_bce=0.649592 best=N best_epoch=0 mass=(0.5107,0.4893) hard=(0.4570,0.5430) entropy=0.686856 delta_l2=(0.447590,0.446446) delta_cos=0.975691 epoch_seconds=0.58
CHECKPOINT_LATEST repeat=6 scope=internal_cv fold=6 phase=crsm epoch=50 path=/data/adodas/VarCoNet-V2-main/xiaolunwen/experiment1b/checkpoints/worker_r6_latest.pt
[CRSM] repeat=6 scope=internal_cv fold=6 epoch=50/149 train_loss=0.092777 val_bce=0.667464 best=N best_epoch=0 mass=(0.5147,0.4853) hard=(0.4614,0.5386) entropy=0.680108 delta_l2=(0.530885,0.529906) delta_cos=0.963360 epoch_seconds=0.23
CHECKPOINT_LATEST repeat=6 scope=internal_cv fold=6 phase=crsm epoch=60 path=/data/adodas/VarCoNet-V2-main/xiaolunwen/experiment1b/checkpoints/worker_r6_latest.pt
[CRSM] repeat=6 scope=internal_cv fold=6 epoch=60/149 train_loss=0.087866 val_bce=0.686134 best=N best_epoch=0 mass=(0.5186,0.4814) hard=(0.4570,0.5430) entropy=0.669610 delta_l2=(0.604670,0.604327) delta_cos=0.945071 epoch_seconds=0.25
CHECKPOINT_LATEST repeat=6 scope=internal_cv fold=6 phase=crsm epoch=70 path=/data/adodas/VarCoNet-V2-main/xiaolunwen/experiment1b/checkpoints/worker_r6_latest.pt
[CRSM] repeat=6 scope=internal_cv fold=6 epoch=70/149 train_loss=0.084138 val_bce=0.704638 best=N best_epoch=0 mass=(0.5217,0.4783) hard=(0.4659,0.5341) entropy=0.655680 delta_l2=(0.670205,0.671341) delta_cos=0.920774 epoch_seconds=0.24
CHECKPOINT_LATEST repeat=6 scope=internal_cv fold=6 phase=crsm epoch=80 path=/data/adodas/VarCoNet-V2-main/xiaolunwen/experiment1b/checkpoints/worker_r6_latest.pt
[CRSM] repeat=6 scope=internal_cv fold=6 epoch=80/149 train_loss=0.081245 val_bce=0.722529 best=N best_epoch=0 mass=(0.5238,0.4762) hard=(0.4777,0.5223) entropy=0.639437 delta_l2=(0.728670,0.732404) delta_cos=0.891732 epoch_seconds=0.28
CHECKPOINT_LATEST repeat=6 scope=internal_cv fold=6 phase=crsm epoch=90 path=/data/adodas/VarCoNet-V2-main/xiaolunwen/experiment1b/checkpoints/worker_r6_latest.pt
[CRSM] repeat=6 scope=internal_cv fold=6 epoch=90/149 train_loss=0.078965 val_bce=0.739744 best=N best_epoch=0 mass=(0.5251,0.4749) hard=(0.4866,0.5134) entropy=0.622115 delta_l2=(0.781102,0.788576) delta_cos=0.859875 epoch_seconds=0.24
CHECKPOINT_LATEST repeat=6 scope=internal_cv fold=6 phase=crsm epoch=100 path=/data/adodas/VarCoNet-V2-main/xiaolunwen/experiment1b/checkpoints/worker_r6_latest.pt
[CRSM] repeat=6 scope=internal_cv fold=6 epoch=100/149 train_loss=0.077149 val_bce=0.756237 best=N best_epoch=0 mass=(0.5259,0.4741) hard=(0.4866,0.5134) entropy=0.604633 delta_l2=(0.828399,0.840519) delta_cos=0.827061 epoch_seconds=0.23
CHECKPOINT_LATEST repeat=6 scope=internal_cv fold=6 phase=crsm epoch=110 path=/data/adodas/VarCoNet-V2-main/xiaolunwen/experiment1b/checkpoints/worker_r6_latest.pt
[CRSM] repeat=6 scope=internal_cv fold=6 epoch=110/149 train_loss=0.075690 val_bce=0.772045 best=N best_epoch=0 mass=(0.5264,0.4736) hard=(0.4866,0.5134) entropy=0.587684 delta_l2=(0.871322,0.888631) delta_cos=0.794721 epoch_seconds=0.24
CHECKPOINT_LATEST repeat=6 scope=internal_cv fold=6 phase=crsm epoch=120 path=/data/adodas/VarCoNet-V2-main/xiaolunwen/experiment1b/checkpoints/worker_r6_latest.pt
[CRSM] repeat=6 scope=internal_cv fold=6 epoch=120/149 train_loss=0.074510 val_bce=0.787211 best=N best_epoch=0 mass=(0.5267,0.4733) hard=(0.4911,0.5089) entropy=0.571691 delta_l2=(0.910513,0.933208) delta_cos=0.763768 epoch_seconds=0.44
CHECKPOINT_LATEST repeat=6 scope=internal_cv fold=6 phase=crsm epoch=130 path=/data/adodas/VarCoNet-V2-main/xiaolunwen/experiment1b/checkpoints/worker_r6_latest.pt
[CRSM] repeat=6 scope=internal_cv fold=6 epoch=130/149 train_loss=0.073546 val_bce=0.801749 best=N best_epoch=0 mass=(0.5268,0.4732) hard=(0.4926,0.5074) entropy=0.556843 delta_l2=(0.946502,0.974539) delta_cos=0.734681 epoch_seconds=0.24
CHECKPOINT_LATEST repeat=6 scope=internal_cv fold=6 phase=crsm epoch=140 path=/data/adodas/VarCoNet-V2-main/xiaolunwen/experiment1b/checkpoints/worker_r6_latest.pt
[CRSM] repeat=6 scope=internal_cv fold=6 epoch=140/149 train_loss=0.072750 val_bce=0.815648 best=N best_epoch=0 mass=(0.5269,0.4731) hard=(0.4955,0.5045) entropy=0.543208 delta_l2=(0.979723,1.012921) delta_cos=0.707641 epoch_seconds=0.23
TASK_TRAINING_DONE repeat=6 scope=internal_cv fold=6 base_encoder_epoch=25 base_classifier_epoch=51 base_val_bce=0.596102 selected_crsm_epoch=0 crsm_val_bce=0.596106 treatment_threshold=0.469536 elapsed_minutes=3.5
TASK_DONE repeat=6 scope=internal_fold fold=6 method=baseline selected_encoder_epoch=25 test_auc=0.662688 test_bce=0.693451 elapsed_minutes=3.5
TASK_DONE repeat=6 scope=internal_fold fold=6 method=control_referenced_soft_multiboundary selected_encoder_epoch=25 test_auc=0.662688 test_bce=0.693457 elapsed_minutes=3.5
TASK_START repeat=6 scope=internal_cv fold=7 seed=100607 device=cuda:0 shared_encoder=Y reference_unique_n=674 train_n=750 val_n=120
CHECKPOINT_BEST repeat=6 scope=internal_cv fold=7 phase=ssl epoch=1 path=/data/adodas/VarCoNet-V2-main/xiaolunwen/experiment1b/checkpoints/worker_r6_best.pt
[SSL] repeat=6 scope=internal_cv fold=7 epoch=1/50 ssl_loss=0.101525 lr=0.000024107 base_val_bce=0.639214 base_best=Y base_cls_epoch=22 epoch_seconds=4.1 task_elapsed_minutes=0.1 gpu_alloc_gb=0.318 gpu_reserved_gb=1.744
[SSL] repeat=6 scope=internal_cv fold=7 epoch=2/50 ssl_loss=0.101605 lr=0.000038214 base_val_bce=0.644646 base_best=N base_cls_epoch=25 epoch_seconds=3.7 task_elapsed_minutes=0.1 gpu_alloc_gb=0.317 gpu_reserved_gb=2.008
[SSL] repeat=6 scope=internal_cv fold=7 epoch=3/50 ssl_loss=0.087391 lr=0.000052321 base_val_bce=0.642128 base_best=N base_cls_epoch=23 epoch_seconds=3.8 task_elapsed_minutes=0.2 gpu_alloc_gb=0.318 gpu_reserved_gb=1.744
CHECKPOINT_BEST repeat=6 scope=internal_cv fold=7 phase=ssl epoch=4 path=/data/adodas/VarCoNet-V2-main/xiaolunwen/experiment1b/checkpoints/worker_r6_best.pt
[SSL] repeat=6 scope=internal_cv fold=7 epoch=4/50 ssl_loss=0.090190 lr=0.000066427 base_val_bce=0.628152 base_best=Y base_cls_epoch=19 epoch_seconds=3.8 task_elapsed_minutes=0.3 gpu_alloc_gb=0.317 gpu_reserved_gb=2.008
[SSL] repeat=6 scope=internal_cv fold=7 epoch=5/50 ssl_loss=0.086927 lr=0.000080534 base_val_bce=0.651152 base_best=N base_cls_epoch=21 epoch_seconds=3.4 task_elapsed_minutes=0.3 gpu_alloc_gb=0.318 gpu_reserved_gb=1.744
[SSL] repeat=6 scope=internal_cv fold=7 epoch=6/50 ssl_loss=0.075374 lr=0.000094641 base_val_bce=0.635715 base_best=N base_cls_epoch=21 epoch_seconds=3.3 task_elapsed_minutes=0.4 gpu_alloc_gb=0.317 gpu_reserved_gb=2.008
[SSL] repeat=6 scope=internal_cv fold=7 epoch=7/50 ssl_loss=0.079730 lr=0.000108748 base_val_bce=0.638093 base_best=N base_cls_epoch=24 epoch_seconds=3.0 task_elapsed_minutes=0.4 gpu_alloc_gb=0.318 gpu_reserved_gb=1.744
CHECKPOINT_BEST repeat=6 scope=internal_cv fold=7 phase=ssl epoch=8 path=/data/adodas/VarCoNet-V2-main/xiaolunwen/experiment1b/checkpoints/worker_r6_best.pt
[SSL] repeat=6 scope=internal_cv fold=7 epoch=8/50 ssl_loss=0.071466 lr=0.000122855 base_val_bce=0.625684 base_best=Y base_cls_epoch=26 epoch_seconds=3.3 task_elapsed_minutes=0.5 gpu_alloc_gb=0.317 gpu_reserved_gb=2.008
CHECKPOINT_BEST repeat=6 scope=internal_cv fold=7 phase=ssl epoch=9 path=/data/adodas/VarCoNet-V2-main/xiaolunwen/experiment1b/checkpoints/worker_r6_best.pt
[SSL] repeat=6 scope=internal_cv fold=7 epoch=9/50 ssl_loss=0.082395 lr=0.000136962 base_val_bce=0.624024 base_best=Y base_cls_epoch=29 epoch_seconds=3.6 task_elapsed_minutes=0.5 gpu_alloc_gb=0.318 gpu_reserved_gb=1.744
CHECKPOINT_BEST repeat=6 scope=internal_cv fold=7 phase=ssl epoch=10 path=/data/adodas/VarCoNet-V2-main/xiaolunwen/experiment1b/checkpoints/worker_r6_best.pt
CHECKPOINT_LATEST repeat=6 scope=internal_cv fold=7 phase=ssl epoch=10 path=/data/adodas/VarCoNet-V2-main/xiaolunwen/experiment1b/checkpoints/worker_r6_latest.pt
[SSL] repeat=6 scope=internal_cv fold=7 epoch=10/50 ssl_loss=0.064730 lr=0.000136962 base_val_bce=0.617094 base_best=Y base_cls_epoch=27 epoch_seconds=3.9 task_elapsed_minutes=0.6 gpu_alloc_gb=0.317 gpu_reserved_gb=2.008
[SSL] repeat=6 scope=internal_cv fold=7 epoch=11/50 ssl_loss=0.063528 lr=0.000136751 base_val_bce=0.629937 base_best=N base_cls_epoch=30 epoch_seconds=3.8 task_elapsed_minutes=0.7 gpu_alloc_gb=0.318 gpu_reserved_gb=1.744
CHECKPOINT_BEST repeat=6 scope=internal_cv fold=7 phase=ssl epoch=12 path=/data/adodas/VarCoNet-V2-main/xiaolunwen/experiment1b/checkpoints/worker_r6_best.pt
[SSL] repeat=6 scope=internal_cv fold=7 epoch=12/50 ssl_loss=0.056219 lr=0.000136119 base_val_bce=0.614316 base_best=Y base_cls_epoch=29 epoch_seconds=4.1 task_elapsed_minutes=0.7 gpu_alloc_gb=0.317 gpu_reserved_gb=2.008
[SSL] repeat=6 scope=internal_cv fold=7 epoch=13/50 ssl_loss=0.064557 lr=0.000135070 base_val_bce=0.620503 base_best=N base_cls_epoch=33 epoch_seconds=3.7 task_elapsed_minutes=0.8 gpu_alloc_gb=0.318 gpu_reserved_gb=1.744
[SSL] repeat=6 scope=internal_cv fold=7 epoch=14/50 ssl_loss=0.060622 lr=0.000133610 base_val_bce=0.616377 base_best=N base_cls_epoch=34 epoch_seconds=3.9 task_elapsed_minutes=0.9 gpu_alloc_gb=0.317 gpu_reserved_gb=2.008
[SSL] repeat=6 scope=internal_cv fold=7 epoch=15/50 ssl_loss=0.059433 lr=0.000131749 base_val_bce=0.625448 base_best=N base_cls_epoch=32 epoch_seconds=3.8 task_elapsed_minutes=0.9 gpu_alloc_gb=0.318 gpu_reserved_gb=1.744
[SSL] repeat=6 scope=internal_cv fold=7 epoch=16/50 ssl_loss=0.041117 lr=0.000129498 base_val_bce=0.623770 base_best=N base_cls_epoch=31 epoch_seconds=3.8 task_elapsed_minutes=1.0 gpu_alloc_gb=0.317 gpu_reserved_gb=2.008
[SSL] repeat=6 scope=internal_cv fold=7 epoch=17/50 ssl_loss=0.042453 lr=0.000126870 base_val_bce=0.619938 base_best=N base_cls_epoch=33 epoch_seconds=3.9 task_elapsed_minutes=1.1 gpu_alloc_gb=0.318 gpu_reserved_gb=1.744
[SSL] repeat=6 scope=internal_cv fold=7 epoch=18/50 ssl_loss=0.051722 lr=0.000123883 base_val_bce=0.617340 base_best=N base_cls_epoch=30 epoch_seconds=3.8 task_elapsed_minutes=1.1 gpu_alloc_gb=0.317 gpu_reserved_gb=2.008
CHECKPOINT_BEST repeat=6 scope=internal_cv fold=7 phase=ssl epoch=19 path=/data/adodas/VarCoNet-V2-main/xiaolunwen/experiment1b/checkpoints/worker_r6_best.pt
[SSL] repeat=6 scope=internal_cv fold=7 epoch=19/50 ssl_loss=0.053743 lr=0.000120554 base_val_bce=0.612637 base_best=Y base_cls_epoch=30 epoch_seconds=4.0 task_elapsed_minutes=1.2 gpu_alloc_gb=0.318 gpu_reserved_gb=1.744
CHECKPOINT_LATEST repeat=6 scope=internal_cv fold=7 phase=ssl epoch=20 path=/data/adodas/VarCoNet-V2-main/xiaolunwen/experiment1b/checkpoints/worker_r6_latest.pt
[SSL] repeat=6 scope=internal_cv fold=7 epoch=20/50 ssl_loss=0.047267 lr=0.000116904 base_val_bce=0.614789 base_best=N base_cls_epoch=34 epoch_seconds=4.1 task_elapsed_minutes=1.2 gpu_alloc_gb=0.317 gpu_reserved_gb=2.008
[SSL] repeat=6 scope=internal_cv fold=7 epoch=21/50 ssl_loss=0.047176 lr=0.000112956 base_val_bce=0.621789 base_best=N base_cls_epoch=25 epoch_seconds=3.8 task_elapsed_minutes=1.3 gpu_alloc_gb=0.318 gpu_reserved_gb=1.744
[SSL] repeat=6 scope=internal_cv fold=7 epoch=22/50 ssl_loss=0.042541 lr=0.000108733 base_val_bce=0.617427 base_best=N base_cls_epoch=28 epoch_seconds=3.6 task_elapsed_minutes=1.4 gpu_alloc_gb=0.317 gpu_reserved_gb=2.008
[SSL] repeat=6 scope=internal_cv fold=7 epoch=23/50 ssl_loss=0.038434 lr=0.000104262 base_val_bce=0.618127 base_best=N base_cls_epoch=33 epoch_seconds=3.8 task_elapsed_minutes=1.4 gpu_alloc_gb=0.318 gpu_reserved_gb=1.744
[SSL] repeat=6 scope=internal_cv fold=7 epoch=24/50 ssl_loss=0.045643 lr=0.000099570 base_val_bce=0.617663 base_best=N base_cls_epoch=28 epoch_seconds=3.7 task_elapsed_minutes=1.5 gpu_alloc_gb=0.317 gpu_reserved_gb=2.008
[SSL] repeat=6 scope=internal_cv fold=7 epoch=25/50 ssl_loss=0.056162 lr=0.000094687 base_val_bce=0.626040 base_best=N base_cls_epoch=30 epoch_seconds=3.8 task_elapsed_minutes=1.6 gpu_alloc_gb=0.318 gpu_reserved_gb=1.744
[SSL] repeat=6 scope=internal_cv fold=7 epoch=26/50 ssl_loss=0.048325 lr=0.000089643 base_val_bce=0.618731 base_best=N base_cls_epoch=32 epoch_seconds=3.6 task_elapsed_minutes=1.6 gpu_alloc_gb=0.317 gpu_reserved_gb=2.008
[SSL] repeat=6 scope=internal_cv fold=7 epoch=27/50 ssl_loss=0.045471 lr=0.000084467 base_val_bce=0.624034 base_best=N base_cls_epoch=30 epoch_seconds=3.8 task_elapsed_minutes=1.7 gpu_alloc_gb=0.318 gpu_reserved_gb=1.744
[SSL] repeat=6 scope=internal_cv fold=7 epoch=28/50 ssl_loss=0.043710 lr=0.000079194 base_val_bce=0.624086 base_best=N base_cls_epoch=33 epoch_seconds=3.7 task_elapsed_minutes=1.7 gpu_alloc_gb=0.317 gpu_reserved_gb=2.008
CHECKPOINT_BEST repeat=6 scope=internal_cv fold=7 phase=ssl epoch=29 path=/data/adodas/VarCoNet-V2-main/xiaolunwen/experiment1b/checkpoints/worker_r6_best.pt
[SSL] repeat=6 scope=internal_cv fold=7 epoch=29/50 ssl_loss=0.049575 lr=0.000073854 base_val_bce=0.611797 base_best=Y base_cls_epoch=32 epoch_seconds=4.5 task_elapsed_minutes=1.8 gpu_alloc_gb=0.318 gpu_reserved_gb=1.744
CHECKPOINT_LATEST repeat=6 scope=internal_cv fold=7 phase=ssl epoch=30 path=/data/adodas/VarCoNet-V2-main/xiaolunwen/experiment1b/checkpoints/worker_r6_latest.pt
[SSL] repeat=6 scope=internal_cv fold=7 epoch=30/50 ssl_loss=0.037643 lr=0.000068481 base_val_bce=0.628199 base_best=N base_cls_epoch=30 epoch_seconds=4.6 task_elapsed_minutes=1.9 gpu_alloc_gb=0.317 gpu_reserved_gb=2.008
[SSL] repeat=6 scope=internal_cv fold=7 epoch=31/50 ssl_loss=0.034672 lr=0.000063108 base_val_bce=0.625445 base_best=N base_cls_epoch=31 epoch_seconds=3.8 task_elapsed_minutes=2.0 gpu_alloc_gb=0.318 gpu_reserved_gb=1.744
[SSL] repeat=6 scope=internal_cv fold=7 epoch=32/50 ssl_loss=0.037763 lr=0.000057768 base_val_bce=0.622757 base_best=N base_cls_epoch=29 epoch_seconds=3.7 task_elapsed_minutes=2.0 gpu_alloc_gb=0.317 gpu_reserved_gb=2.008
[SSL] repeat=6 scope=internal_cv fold=7 epoch=33/50 ssl_loss=0.040938 lr=0.000052494 base_val_bce=0.626425 base_best=N base_cls_epoch=28 epoch_seconds=3.8 task_elapsed_minutes=2.1 gpu_alloc_gb=0.318 gpu_reserved_gb=1.744
[SSL] repeat=6 scope=internal_cv fold=7 epoch=34/50 ssl_loss=0.044031 lr=0.000047319 base_val_bce=0.636808 base_best=N base_cls_epoch=29 epoch_seconds=3.8 task_elapsed_minutes=2.1 gpu_alloc_gb=0.317 gpu_reserved_gb=2.008
[SSL] repeat=6 scope=internal_cv fold=7 epoch=35/50 ssl_loss=0.049407 lr=0.000042274 base_val_bce=0.618221 base_best=N base_cls_epoch=31 epoch_seconds=3.8 task_elapsed_minutes=2.2 gpu_alloc_gb=0.318 gpu_reserved_gb=1.744
[SSL] repeat=6 scope=internal_cv fold=7 epoch=36/50 ssl_loss=0.038552 lr=0.000037391 base_val_bce=0.627679 base_best=N base_cls_epoch=32 epoch_seconds=3.9 task_elapsed_minutes=2.3 gpu_alloc_gb=0.317 gpu_reserved_gb=2.008
[SSL] repeat=6 scope=internal_cv fold=7 epoch=37/50 ssl_loss=0.037237 lr=0.000032700 base_val_bce=0.624510 base_best=N base_cls_epoch=29 epoch_seconds=3.9 task_elapsed_minutes=2.3 gpu_alloc_gb=0.318 gpu_reserved_gb=1.744
[SSL] repeat=6 scope=internal_cv fold=7 epoch=38/50 ssl_loss=0.037495 lr=0.000028229 base_val_bce=0.629326 base_best=N base_cls_epoch=29 epoch_seconds=3.7 task_elapsed_minutes=2.4 gpu_alloc_gb=0.317 gpu_reserved_gb=2.008
[SSL] repeat=6 scope=internal_cv fold=7 epoch=39/50 ssl_loss=0.044983 lr=0.000024006 base_val_bce=0.621540 base_best=N base_cls_epoch=30 epoch_seconds=3.7 task_elapsed_minutes=2.5 gpu_alloc_gb=0.318 gpu_reserved_gb=1.744
CHECKPOINT_LATEST repeat=6 scope=internal_cv fold=7 phase=ssl epoch=40 path=/data/adodas/VarCoNet-V2-main/xiaolunwen/experiment1b/checkpoints/worker_r6_latest.pt
[SSL] repeat=6 scope=internal_cv fold=7 epoch=40/50 ssl_loss=0.037073 lr=0.000020058 base_val_bce=0.627679 base_best=N base_cls_epoch=32 epoch_seconds=4.1 task_elapsed_minutes=2.5 gpu_alloc_gb=0.317 gpu_reserved_gb=2.008
CHECKPOINT_BEST repeat=6 scope=internal_cv fold=7 phase=ssl epoch=41 path=/data/adodas/VarCoNet-V2-main/xiaolunwen/experiment1b/checkpoints/worker_r6_best.pt
[SSL] repeat=6 scope=internal_cv fold=7 epoch=41/50 ssl_loss=0.037786 lr=0.000016408 base_val_bce=0.609744 base_best=Y base_cls_epoch=27 epoch_seconds=4.1 task_elapsed_minutes=2.6 gpu_alloc_gb=0.318 gpu_reserved_gb=1.744
[SSL] repeat=6 scope=internal_cv fold=7 epoch=42/50 ssl_loss=0.030305 lr=0.000013079 base_val_bce=0.625591 base_best=N base_cls_epoch=29 epoch_seconds=3.6 task_elapsed_minutes=2.7 gpu_alloc_gb=0.317 gpu_reserved_gb=2.008
[SSL] repeat=6 scope=internal_cv fold=7 epoch=43/50 ssl_loss=0.038865 lr=0.000010091 base_val_bce=0.633310 base_best=N base_cls_epoch=31 epoch_seconds=3.3 task_elapsed_minutes=2.7 gpu_alloc_gb=0.318 gpu_reserved_gb=1.744
[SSL] repeat=6 scope=internal_cv fold=7 epoch=44/50 ssl_loss=0.042020 lr=0.000007464 base_val_bce=0.624697 base_best=N base_cls_epoch=29 epoch_seconds=3.2 task_elapsed_minutes=2.8 gpu_alloc_gb=0.317 gpu_reserved_gb=2.008
[SSL] repeat=6 scope=internal_cv fold=7 epoch=45/50 ssl_loss=0.043403 lr=0.000005213 base_val_bce=0.623635 base_best=N base_cls_epoch=27 epoch_seconds=3.7 task_elapsed_minutes=2.8 gpu_alloc_gb=0.318 gpu_reserved_gb=1.744
[SSL] repeat=6 scope=internal_cv fold=7 epoch=46/50 ssl_loss=0.048695 lr=0.000003352 base_val_bce=0.632222 base_best=N base_cls_epoch=31 epoch_seconds=3.8 task_elapsed_minutes=2.9 gpu_alloc_gb=0.317 gpu_reserved_gb=2.008
[SSL] repeat=6 scope=internal_cv fold=7 epoch=47/50 ssl_loss=0.044688 lr=0.000001892 base_val_bce=0.623010 base_best=N base_cls_epoch=30 epoch_seconds=3.7 task_elapsed_minutes=3.0 gpu_alloc_gb=0.318 gpu_reserved_gb=1.744
[SSL] repeat=6 scope=internal_cv fold=7 epoch=48/50 ssl_loss=0.053793 lr=0.000000843 base_val_bce=0.626411 base_best=N base_cls_epoch=27 epoch_seconds=3.7 task_elapsed_minutes=3.0 gpu_alloc_gb=0.317 gpu_reserved_gb=2.008
[SSL] repeat=6 scope=internal_cv fold=7 epoch=49/50 ssl_loss=0.034498 lr=0.000000211 base_val_bce=0.620086 base_best=N base_cls_epoch=30 epoch_seconds=3.8 task_elapsed_minutes=3.1 gpu_alloc_gb=0.318 gpu_reserved_gb=1.744
CHECKPOINT_LATEST repeat=6 scope=internal_cv fold=7 phase=ssl epoch=50 path=/data/adodas/VarCoNet-V2-main/xiaolunwen/experiment1b/checkpoints/worker_r6_latest.pt
[SSL] repeat=6 scope=internal_cv fold=7 epoch=50/50 ssl_loss=0.048539 lr=0.000000000 base_val_bce=0.619712 base_best=N base_cls_epoch=29 epoch_seconds=4.1 task_elapsed_minutes=3.1 gpu_alloc_gb=0.317 gpu_reserved_gb=2.008
CRSM_INIT repeat=6 scope=internal_cv fold=7 n_experts=2 tau=1.0 trainable_parameters=147074 hc_centroid_norm=23.039457 pca_unit_norm=1.00000000 pca_singular=139.713379 sigma_margin=1.302883 sigma_projection=7.386267 ratio=0.0100 scale=0.0017639267 epoch0_val_bce=0.609745
CHECKPOINT_LATEST repeat=6 scope=internal_cv fold=7 phase=crsm epoch=0 path=/data/adodas/VarCoNet-V2-main/xiaolunwen/experiment1b/checkpoints/worker_r6_latest.pt
CHECKPOINT_BEST repeat=6 scope=internal_cv fold=7 phase=crsm epoch=0 path=/data/adodas/VarCoNet-V2-main/xiaolunwen/experiment1b/checkpoints/worker_r6_best.pt
CHECKPOINT_LATEST repeat=6 scope=internal_cv fold=7 phase=crsm epoch=10 path=/data/adodas/VarCoNet-V2-main/xiaolunwen/experiment1b/checkpoints/worker_r6_latest.pt
[CRSM] repeat=6 scope=internal_cv fold=7 epoch=10/149 train_loss=0.255452 val_bce=0.614866 best=N best_epoch=0 mass=(0.4999,0.5001) hard=(0.5712,0.4288) entropy=0.692951 delta_l2=(0.130995,0.130827) delta_cos=0.992053 epoch_seconds=0.24
CHECKPOINT_LATEST repeat=6 scope=internal_cv fold=7 phase=crsm epoch=20 path=/data/adodas/VarCoNet-V2-main/xiaolunwen/experiment1b/checkpoints/worker_r6_latest.pt
[CRSM] repeat=6 scope=internal_cv fold=7 epoch=20/149 train_loss=0.223806 val_bce=0.627155 best=N best_epoch=0 mass=(0.4994,0.5006) hard=(0.5801,0.4199) entropy=0.692613 delta_l2=(0.251065,0.250923) delta_cos=0.992304 epoch_seconds=6.04
CHECKPOINT_LATEST repeat=6 scope=internal_cv fold=7 phase=crsm epoch=30 path=/data/adodas/VarCoNet-V2-main/xiaolunwen/experiment1b/checkpoints/worker_r6_latest.pt
[CRSM] repeat=6 scope=internal_cv fold=7 epoch=30/149 train_loss=0.201290 val_bce=0.643092 best=N best_epoch=0 mass=(0.4985,0.5015) hard=(0.5890,0.4110) entropy=0.691758 delta_l2=(0.359550,0.359321) delta_cos=0.990228 epoch_seconds=1.51
CHECKPOINT_LATEST repeat=6 scope=internal_cv fold=7 phase=crsm epoch=40 path=/data/adodas/VarCoNet-V2-main/xiaolunwen/experiment1b/checkpoints/worker_r6_latest.pt
[CRSM] repeat=6 scope=internal_cv fold=7 epoch=40/149 train_loss=0.185104 val_bce=0.660511 best=N best_epoch=0 mass=(0.4967,0.5033) hard=(0.5935,0.4065) entropy=0.689640 delta_l2=(0.456552,0.456040) delta_cos=0.985520 epoch_seconds=0.59
CHECKPOINT_LATEST repeat=6 scope=internal_cv fold=7 phase=crsm epoch=50 path=/data/adodas/VarCoNet-V2-main/xiaolunwen/experiment1b/checkpoints/worker_r6_latest.pt
[CRSM] repeat=6 scope=internal_cv fold=7 epoch=50/149 train_loss=0.173285 val_bce=0.678570 best=N best_epoch=0 mass=(0.4943,0.5057) hard=(0.5712,0.4288) entropy=0.685044 delta_l2=(0.543231,0.542185) delta_cos=0.976931 epoch_seconds=0.36
CHECKPOINT_LATEST repeat=6 scope=internal_cv fold=7 phase=crsm epoch=60 path=/data/adodas/VarCoNet-V2-main/xiaolunwen/experiment1b/checkpoints/worker_r6_latest.pt
[CRSM] repeat=6 scope=internal_cv fold=7 epoch=60/149 train_loss=0.164456 val_bce=0.696988 best=N best_epoch=0 mass=(0.4915,0.5085) hard=(0.5623,0.4377) entropy=0.676653 delta_l2=(0.620989,0.619042) delta_cos=0.962954 epoch_seconds=0.24
CHECKPOINT_LATEST repeat=6 scope=internal_cv fold=7 phase=crsm epoch=70 path=/data/adodas/VarCoNet-V2-main/xiaolunwen/experiment1b/checkpoints/worker_r6_latest.pt
[CRSM] repeat=6 scope=internal_cv fold=7 epoch=70/149 train_loss=0.157670 val_bce=0.715503 best=N best_epoch=0 mass=(0.4889,0.5111) hard=(0.5504,0.4496) entropy=0.663809 delta_l2=(0.691256,0.687873) delta_cos=0.942510 epoch_seconds=0.24
CHECKPOINT_LATEST repeat=6 scope=internal_cv fold=7 phase=crsm epoch=80 path=/data/adodas/VarCoNet-V2-main/xiaolunwen/experiment1b/checkpoints/worker_r6_latest.pt
[CRSM] repeat=6 scope=internal_cv fold=7 epoch=80/149 train_loss=0.152315 val_bce=0.734218 best=N best_epoch=0 mass=(0.4871,0.5129) hard=(0.5356,0.4644) entropy=0.647311 delta_l2=(0.755388,0.749897) delta_cos=0.915752 epoch_seconds=0.36
CHECKPOINT_LATEST repeat=6 scope=internal_cv fold=7 phase=crsm epoch=90 path=/data/adodas/VarCoNet-V2-main/xiaolunwen/experiment1b/checkpoints/worker_r6_latest.pt
[CRSM] repeat=6 scope=internal_cv fold=7 epoch=90/149 train_loss=0.148019 val_bce=0.752982 best=N best_epoch=0 mass=(0.4861,0.5139) hard=(0.5267,0.4733) entropy=0.628899 delta_l2=(0.814436,0.806172) delta_cos=0.884228 epoch_seconds=0.24
CHECKPOINT_LATEST repeat=6 scope=internal_cv fold=7 phase=crsm epoch=100 path=/data/adodas/VarCoNet-V2-main/xiaolunwen/experiment1b/checkpoints/worker_r6_latest.pt
[CRSM] repeat=6 scope=internal_cv fold=7 epoch=100/149 train_loss=0.144550 val_bce=0.771399 best=N best_epoch=0 mass=(0.4857,0.5143) hard=(0.5237,0.4763) entropy=0.610107 delta_l2=(0.869070,0.857540) delta_cos=0.850195 epoch_seconds=0.24
CHECKPOINT_LATEST repeat=6 scope=internal_cv fold=7 phase=crsm epoch=110 path=/data/adodas/VarCoNet-V2-main/xiaolunwen/experiment1b/checkpoints/worker_r6_latest.pt
[CRSM] repeat=6 scope=internal_cv fold=7 epoch=110/149 train_loss=0.141740 val_bce=0.789220 best=N best_epoch=0 mass=(0.4858,0.5142) hard=(0.5193,0.4807) entropy=0.591968 delta_l2=(0.919696,0.904639) delta_cos=0.815769 epoch_seconds=0.23
CHECKPOINT_LATEST repeat=6 scope=internal_cv fold=7 phase=crsm epoch=120 path=/data/adodas/VarCoNet-V2-main/xiaolunwen/experiment1b/checkpoints/worker_r6_latest.pt
[CRSM] repeat=6 scope=internal_cv fold=7 epoch=120/149 train_loss=0.139457 val_bce=0.806305 best=N best_epoch=0 mass=(0.4860,0.5140) hard=(0.5134,0.4866) entropy=0.575040 delta_l2=(0.966607,0.947973) delta_cos=0.782447 epoch_seconds=0.24
CHECKPOINT_LATEST repeat=6 scope=internal_cv fold=7 phase=crsm epoch=130 path=/data/adodas/VarCoNet-V2-main/xiaolunwen/experiment1b/checkpoints/worker_r6_latest.pt
[CRSM] repeat=6 scope=internal_cv fold=7 epoch=130/149 train_loss=0.137593 val_bce=0.822580 best=N best_epoch=0 mass=(0.4863,0.5137) hard=(0.5119,0.4881) entropy=0.559558 delta_l2=(1.010077,0.987964) delta_cos=0.751073 epoch_seconds=0.25
CHECKPOINT_LATEST repeat=6 scope=internal_cv fold=7 phase=crsm epoch=140 path=/data/adodas/VarCoNet-V2-main/xiaolunwen/experiment1b/checkpoints/worker_r6_latest.pt
[CRSM] repeat=6 scope=internal_cv fold=7 epoch=140/149 train_loss=0.136061 val_bce=0.838026 best=N best_epoch=0 mass=(0.4866,0.5134) hard=(0.5045,0.4955) entropy=0.545553 delta_l2=(1.050385,1.024989) delta_cos=0.722011 epoch_seconds=0.44
TASK_TRAINING_DONE repeat=6 scope=internal_cv fold=7 base_encoder_epoch=41 base_classifier_epoch=27 base_val_bce=0.609744 selected_crsm_epoch=0 crsm_val_bce=0.609745 treatment_threshold=0.569839 elapsed_minutes=3.4
TASK_DONE repeat=6 scope=internal_fold fold=7 method=baseline selected_encoder_epoch=41 test_auc=0.627919 test_bce=0.665478 elapsed_minutes=3.4
TASK_DONE repeat=6 scope=internal_fold fold=7 method=control_referenced_soft_multiboundary selected_encoder_epoch=41 test_auc=0.627919 test_bce=0.665487 elapsed_minutes=3.4
TASK_START repeat=6 scope=internal_cv fold=8 seed=100608 device=cuda:0 shared_encoder=Y reference_unique_n=674 train_n=750 val_n=120
CHECKPOINT_BEST repeat=6 scope=internal_cv fold=8 phase=ssl epoch=1 path=/data/adodas/VarCoNet-V2-main/xiaolunwen/experiment1b/checkpoints/worker_r6_best.pt
[SSL] repeat=6 scope=internal_cv fold=8 epoch=1/50 ssl_loss=0.113809 lr=0.000024107 base_val_bce=0.622344 base_best=Y base_cls_epoch=17 epoch_seconds=3.7 task_elapsed_minutes=0.1 gpu_alloc_gb=0.318 gpu_reserved_gb=1.744
[SSL] repeat=6 scope=internal_cv fold=8 epoch=2/50 ssl_loss=0.099145 lr=0.000038214 base_val_bce=0.627287 base_best=N base_cls_epoch=16 epoch_seconds=3.4 task_elapsed_minutes=0.1 gpu_alloc_gb=0.317 gpu_reserved_gb=2.008
[SSL] repeat=6 scope=internal_cv fold=8 epoch=3/50 ssl_loss=0.102196 lr=0.000052321 base_val_bce=0.629628 base_best=N base_cls_epoch=14 epoch_seconds=3.8 task_elapsed_minutes=0.2 gpu_alloc_gb=0.318 gpu_reserved_gb=1.744
CHECKPOINT_BEST repeat=6 scope=internal_cv fold=8 phase=ssl epoch=4 path=/data/adodas/VarCoNet-V2-main/xiaolunwen/experiment1b/checkpoints/worker_r6_best.pt
[SSL] repeat=6 scope=internal_cv fold=8 epoch=4/50 ssl_loss=0.082515 lr=0.000066427 base_val_bce=0.621505 base_best=Y base_cls_epoch=15 epoch_seconds=4.3 task_elapsed_minutes=0.2 gpu_alloc_gb=0.317 gpu_reserved_gb=2.008
CHECKPOINT_BEST repeat=6 scope=internal_cv fold=8 phase=ssl epoch=5 path=/data/adodas/VarCoNet-V2-main/xiaolunwen/experiment1b/checkpoints/worker_r6_best.pt
[SSL] repeat=6 scope=internal_cv fold=8 epoch=5/50 ssl_loss=0.073645 lr=0.000080534 base_val_bce=0.617193 base_best=Y base_cls_epoch=16 epoch_seconds=3.8 task_elapsed_minutes=0.3 gpu_alloc_gb=0.318 gpu_reserved_gb=1.744
CHECKPOINT_BEST repeat=6 scope=internal_cv fold=8 phase=ssl epoch=6 path=/data/adodas/VarCoNet-V2-main/xiaolunwen/experiment1b/checkpoints/worker_r6_best.pt
[SSL] repeat=6 scope=internal_cv fold=8 epoch=6/50 ssl_loss=0.067964 lr=0.000094641 base_val_bce=0.616607 base_best=Y base_cls_epoch=12 epoch_seconds=3.7 task_elapsed_minutes=0.4 gpu_alloc_gb=0.317 gpu_reserved_gb=2.008
[SSL] repeat=6 scope=internal_cv fold=8 epoch=7/50 ssl_loss=0.080578 lr=0.000108748 base_val_bce=0.630863 base_best=N base_cls_epoch=18 epoch_seconds=3.3 task_elapsed_minutes=0.4 gpu_alloc_gb=0.318 gpu_reserved_gb=1.744
[SSL] repeat=6 scope=internal_cv fold=8 epoch=8/50 ssl_loss=0.074212 lr=0.000122855 base_val_bce=0.621744 base_best=N base_cls_epoch=17 epoch_seconds=3.4 task_elapsed_minutes=0.5 gpu_alloc_gb=0.317 gpu_reserved_gb=2.008
CHECKPOINT_BEST repeat=6 scope=internal_cv fold=8 phase=ssl epoch=9 path=/data/adodas/VarCoNet-V2-main/xiaolunwen/experiment1b/checkpoints/worker_r6_best.pt
[SSL] repeat=6 scope=internal_cv fold=8 epoch=9/50 ssl_loss=0.073190 lr=0.000136962 base_val_bce=0.609465 base_best=Y base_cls_epoch=15 epoch_seconds=3.7 task_elapsed_minutes=0.5 gpu_alloc_gb=0.318 gpu_reserved_gb=1.744
CHECKPOINT_LATEST repeat=6 scope=internal_cv fold=8 phase=ssl epoch=10 path=/data/adodas/VarCoNet-V2-main/xiaolunwen/experiment1b/checkpoints/worker_r6_latest.pt
[SSL] repeat=6 scope=internal_cv fold=8 epoch=10/50 ssl_loss=0.059716 lr=0.000136962 base_val_bce=0.621941 base_best=N base_cls_epoch=16 epoch_seconds=4.1 task_elapsed_minutes=0.6 gpu_alloc_gb=0.317 gpu_reserved_gb=2.008
[SSL] repeat=6 scope=internal_cv fold=8 epoch=11/50 ssl_loss=0.055117 lr=0.000136751 base_val_bce=0.626324 base_best=N base_cls_epoch=18 epoch_seconds=3.8 task_elapsed_minutes=0.7 gpu_alloc_gb=0.318 gpu_reserved_gb=1.744
[SSL] repeat=6 scope=internal_cv fold=8 epoch=12/50 ssl_loss=0.059073 lr=0.000136119 base_val_bce=0.629104 base_best=N base_cls_epoch=17 epoch_seconds=3.7 task_elapsed_minutes=0.7 gpu_alloc_gb=0.317 gpu_reserved_gb=2.008
[SSL] repeat=6 scope=internal_cv fold=8 epoch=13/50 ssl_loss=0.053515 lr=0.000135070 base_val_bce=0.616436 base_best=N base_cls_epoch=15 epoch_seconds=3.8 task_elapsed_minutes=0.8 gpu_alloc_gb=0.318 gpu_reserved_gb=1.744
[SSL] repeat=6 scope=internal_cv fold=8 epoch=14/50 ssl_loss=0.040934 lr=0.000133610 base_val_bce=0.625469 base_best=N base_cls_epoch=17 epoch_seconds=3.9 task_elapsed_minutes=0.9 gpu_alloc_gb=0.317 gpu_reserved_gb=2.008
[SSL] repeat=6 scope=internal_cv fold=8 epoch=15/50 ssl_loss=0.049747 lr=0.000131749 base_val_bce=0.613819 base_best=N base_cls_epoch=17 epoch_seconds=3.9 task_elapsed_minutes=0.9 gpu_alloc_gb=0.318 gpu_reserved_gb=1.744
[SSL] repeat=6 scope=internal_cv fold=8 epoch=16/50 ssl_loss=0.040232 lr=0.000129498 base_val_bce=0.629654 base_best=N base_cls_epoch=16 epoch_seconds=4.4 task_elapsed_minutes=1.0 gpu_alloc_gb=0.317 gpu_reserved_gb=2.008
[SSL] repeat=6 scope=internal_cv fold=8 epoch=17/50 ssl_loss=0.045353 lr=0.000126870 base_val_bce=0.634203 base_best=N base_cls_epoch=19 epoch_seconds=3.6 task_elapsed_minutes=1.1 gpu_alloc_gb=0.318 gpu_reserved_gb=1.744
[SSL] repeat=6 scope=internal_cv fold=8 epoch=18/50 ssl_loss=0.050474 lr=0.000123883 base_val_bce=0.624530 base_best=N base_cls_epoch=19 epoch_seconds=3.8 task_elapsed_minutes=1.1 gpu_alloc_gb=0.317 gpu_reserved_gb=2.008
[SSL] repeat=6 scope=internal_cv fold=8 epoch=19/50 ssl_loss=0.035069 lr=0.000120554 base_val_bce=0.625609 base_best=N base_cls_epoch=17 epoch_seconds=3.7 task_elapsed_minutes=1.2 gpu_alloc_gb=0.318 gpu_reserved_gb=1.744
CHECKPOINT_LATEST repeat=6 scope=internal_cv fold=8 phase=ssl epoch=20 path=/data/adodas/VarCoNet-V2-main/xiaolunwen/experiment1b/checkpoints/worker_r6_latest.pt
[SSL] repeat=6 scope=internal_cv fold=8 epoch=20/50 ssl_loss=0.046960 lr=0.000116904 base_val_bce=0.628895 base_best=N base_cls_epoch=17 epoch_seconds=4.1 task_elapsed_minutes=1.3 gpu_alloc_gb=0.317 gpu_reserved_gb=2.008
[SSL] repeat=6 scope=internal_cv fold=8 epoch=21/50 ssl_loss=0.033794 lr=0.000112956 base_val_bce=0.635105 base_best=N base_cls_epoch=19 epoch_seconds=3.8 task_elapsed_minutes=1.3 gpu_alloc_gb=0.318 gpu_reserved_gb=1.744
[SSL] repeat=6 scope=internal_cv fold=8 epoch=22/50 ssl_loss=0.046565 lr=0.000108733 base_val_bce=0.625728 base_best=N base_cls_epoch=20 epoch_seconds=3.8 task_elapsed_minutes=1.4 gpu_alloc_gb=0.317 gpu_reserved_gb=2.008
[SSL] repeat=6 scope=internal_cv fold=8 epoch=23/50 ssl_loss=0.040104 lr=0.000104262 base_val_bce=0.628359 base_best=N base_cls_epoch=19 epoch_seconds=3.8 task_elapsed_minutes=1.5 gpu_alloc_gb=0.318 gpu_reserved_gb=1.744
[SSL] repeat=6 scope=internal_cv fold=8 epoch=24/50 ssl_loss=0.053418 lr=0.000099570 base_val_bce=0.636820 base_best=N base_cls_epoch=17 epoch_seconds=3.8 task_elapsed_minutes=1.5 gpu_alloc_gb=0.317 gpu_reserved_gb=2.008
[SSL] repeat=6 scope=internal_cv fold=8 epoch=25/50 ssl_loss=0.042479 lr=0.000094687 base_val_bce=0.628960 base_best=N base_cls_epoch=18 epoch_seconds=3.8 task_elapsed_minutes=1.6 gpu_alloc_gb=0.318 gpu_reserved_gb=1.744
[SSL] repeat=6 scope=internal_cv fold=8 epoch=26/50 ssl_loss=0.045239 lr=0.000089643 base_val_bce=0.625653 base_best=N base_cls_epoch=19 epoch_seconds=3.9 task_elapsed_minutes=1.6 gpu_alloc_gb=0.317 gpu_reserved_gb=2.008
[SSL] repeat=6 scope=internal_cv fold=8 epoch=27/50 ssl_loss=0.045090 lr=0.000084467 base_val_bce=0.624712 base_best=N base_cls_epoch=18 epoch_seconds=3.9 task_elapsed_minutes=1.7 gpu_alloc_gb=0.318 gpu_reserved_gb=1.744
[SSL] repeat=6 scope=internal_cv fold=8 epoch=28/50 ssl_loss=0.032677 lr=0.000079194 base_val_bce=0.635127 base_best=N base_cls_epoch=19 epoch_seconds=3.8 task_elapsed_minutes=1.8 gpu_alloc_gb=0.317 gpu_reserved_gb=2.008
[SSL] repeat=6 scope=internal_cv fold=8 epoch=29/50 ssl_loss=0.053352 lr=0.000073854 base_val_bce=0.627805 base_best=N base_cls_epoch=20 epoch_seconds=3.7 task_elapsed_minutes=1.8 gpu_alloc_gb=0.318 gpu_reserved_gb=1.744
CHECKPOINT_LATEST repeat=6 scope=internal_cv fold=8 phase=ssl epoch=30 path=/data/adodas/VarCoNet-V2-main/xiaolunwen/experiment1b/checkpoints/worker_r6_latest.pt
[SSL] repeat=6 scope=internal_cv fold=8 epoch=30/50 ssl_loss=0.049986 lr=0.000068481 base_val_bce=0.628974 base_best=N base_cls_epoch=19 epoch_seconds=4.0 task_elapsed_minutes=1.9 gpu_alloc_gb=0.317 gpu_reserved_gb=2.008
[SSL] repeat=6 scope=internal_cv fold=8 epoch=31/50 ssl_loss=0.044694 lr=0.000063108 base_val_bce=0.629966 base_best=N base_cls_epoch=18 epoch_seconds=3.9 task_elapsed_minutes=2.0 gpu_alloc_gb=0.318 gpu_reserved_gb=1.744
[SSL] repeat=6 scope=internal_cv fold=8 epoch=32/50 ssl_loss=0.037372 lr=0.000057768 base_val_bce=0.629010 base_best=N base_cls_epoch=19 epoch_seconds=3.5 task_elapsed_minutes=2.0 gpu_alloc_gb=0.317 gpu_reserved_gb=2.008
[SSL] repeat=6 scope=internal_cv fold=8 epoch=33/50 ssl_loss=0.036719 lr=0.000052494 base_val_bce=0.620988 base_best=N base_cls_epoch=18 epoch_seconds=3.9 task_elapsed_minutes=2.1 gpu_alloc_gb=0.318 gpu_reserved_gb=1.744
[SSL] repeat=6 scope=internal_cv fold=8 epoch=34/50 ssl_loss=0.048591 lr=0.000047319 base_val_bce=0.625701 base_best=N base_cls_epoch=20 epoch_seconds=3.9 task_elapsed_minutes=2.2 gpu_alloc_gb=0.317 gpu_reserved_gb=2.008
[SSL] repeat=6 scope=internal_cv fold=8 epoch=35/50 ssl_loss=0.037248 lr=0.000042274 base_val_bce=0.624246 base_best=N base_cls_epoch=19 epoch_seconds=3.9 task_elapsed_minutes=2.2 gpu_alloc_gb=0.318 gpu_reserved_gb=1.744
[SSL] repeat=6 scope=internal_cv fold=8 epoch=36/50 ssl_loss=0.032324 lr=0.000037391 base_val_bce=0.640803 base_best=N base_cls_epoch=21 epoch_seconds=3.6 task_elapsed_minutes=2.3 gpu_alloc_gb=0.317 gpu_reserved_gb=2.008
[SSL] repeat=6 scope=internal_cv fold=8 epoch=37/50 ssl_loss=0.038398 lr=0.000032700 base_val_bce=0.621908 base_best=N base_cls_epoch=20 epoch_seconds=3.8 task_elapsed_minutes=2.3 gpu_alloc_gb=0.318 gpu_reserved_gb=1.744
[SSL] repeat=6 scope=internal_cv fold=8 epoch=38/50 ssl_loss=0.045056 lr=0.000028229 base_val_bce=0.618782 base_best=N base_cls_epoch=20 epoch_seconds=3.9 task_elapsed_minutes=2.4 gpu_alloc_gb=0.317 gpu_reserved_gb=2.008
[SSL] repeat=6 scope=internal_cv fold=8 epoch=39/50 ssl_loss=0.037915 lr=0.000024006 base_val_bce=0.623459 base_best=N base_cls_epoch=20 epoch_seconds=3.9 task_elapsed_minutes=2.5 gpu_alloc_gb=0.318 gpu_reserved_gb=1.744
CHECKPOINT_LATEST repeat=6 scope=internal_cv fold=8 phase=ssl epoch=40 path=/data/adodas/VarCoNet-V2-main/xiaolunwen/experiment1b/checkpoints/worker_r6_latest.pt
[SSL] repeat=6 scope=internal_cv fold=8 epoch=40/50 ssl_loss=0.037797 lr=0.000020058 base_val_bce=0.613045 base_best=N base_cls_epoch=22 epoch_seconds=3.7 task_elapsed_minutes=2.5 gpu_alloc_gb=0.317 gpu_reserved_gb=2.008
[SSL] repeat=6 scope=internal_cv fold=8 epoch=41/50 ssl_loss=0.043965 lr=0.000016408 base_val_bce=0.643043 base_best=N base_cls_epoch=19 epoch_seconds=3.4 task_elapsed_minutes=2.6 gpu_alloc_gb=0.318 gpu_reserved_gb=1.744
[SSL] repeat=6 scope=internal_cv fold=8 epoch=42/50 ssl_loss=0.040892 lr=0.000013079 base_val_bce=0.637266 base_best=N base_cls_epoch=20 epoch_seconds=3.7 task_elapsed_minutes=2.7 gpu_alloc_gb=0.317 gpu_reserved_gb=2.008
[SSL] repeat=6 scope=internal_cv fold=8 epoch=43/50 ssl_loss=0.047697 lr=0.000010091 base_val_bce=0.617849 base_best=N base_cls_epoch=18 epoch_seconds=3.8 task_elapsed_minutes=2.7 gpu_alloc_gb=0.318 gpu_reserved_gb=1.744
[SSL] repeat=6 scope=internal_cv fold=8 epoch=44/50 ssl_loss=0.038680 lr=0.000007464 base_val_bce=0.626995 base_best=N base_cls_epoch=18 epoch_seconds=3.7 task_elapsed_minutes=2.8 gpu_alloc_gb=0.317 gpu_reserved_gb=2.008
[SSL] repeat=6 scope=internal_cv fold=8 epoch=45/50 ssl_loss=0.045383 lr=0.000005213 base_val_bce=0.630119 base_best=N base_cls_epoch=19 epoch_seconds=3.8 task_elapsed_minutes=2.8 gpu_alloc_gb=0.318 gpu_reserved_gb=1.744
[SSL] repeat=6 scope=internal_cv fold=8 epoch=46/50 ssl_loss=0.030772 lr=0.000003352 base_val_bce=0.636186 base_best=N base_cls_epoch=20 epoch_seconds=3.8 task_elapsed_minutes=2.9 gpu_alloc_gb=0.317 gpu_reserved_gb=2.008
[SSL] repeat=6 scope=internal_cv fold=8 epoch=47/50 ssl_loss=0.040416 lr=0.000001892 base_val_bce=0.625458 base_best=N base_cls_epoch=20 epoch_seconds=3.8 task_elapsed_minutes=3.0 gpu_alloc_gb=0.318 gpu_reserved_gb=1.744
[SSL] repeat=6 scope=internal_cv fold=8 epoch=48/50 ssl_loss=0.046602 lr=0.000000843 base_val_bce=0.636193 base_best=N base_cls_epoch=23 epoch_seconds=3.9 task_elapsed_minutes=3.0 gpu_alloc_gb=0.317 gpu_reserved_gb=2.008
[SSL] repeat=6 scope=internal_cv fold=8 epoch=49/50 ssl_loss=0.042389 lr=0.000000211 base_val_bce=0.616497 base_best=N base_cls_epoch=19 epoch_seconds=3.8 task_elapsed_minutes=3.1 gpu_alloc_gb=0.318 gpu_reserved_gb=1.744
CHECKPOINT_LATEST repeat=6 scope=internal_cv fold=8 phase=ssl epoch=50 path=/data/adodas/VarCoNet-V2-main/xiaolunwen/experiment1b/checkpoints/worker_r6_latest.pt
[SSL] repeat=6 scope=internal_cv fold=8 epoch=50/50 ssl_loss=0.038914 lr=0.000000000 base_val_bce=0.630841 base_best=N base_cls_epoch=20 epoch_seconds=4.4 task_elapsed_minutes=3.2 gpu_alloc_gb=0.317 gpu_reserved_gb=2.008
CRSM_INIT repeat=6 scope=internal_cv fold=8 n_experts=2 tau=1.0 trainable_parameters=147074 hc_centroid_norm=27.800396 pca_unit_norm=1.00000000 pca_singular=133.166916 sigma_margin=0.889741 sigma_projection=6.909204 ratio=0.0100 scale=0.00128776161 epoch0_val_bce=0.609467
CHECKPOINT_LATEST repeat=6 scope=internal_cv fold=8 phase=crsm epoch=0 path=/data/adodas/VarCoNet-V2-main/xiaolunwen/experiment1b/checkpoints/worker_r6_latest.pt
CHECKPOINT_BEST repeat=6 scope=internal_cv fold=8 phase=crsm epoch=0 path=/data/adodas/VarCoNet-V2-main/xiaolunwen/experiment1b/checkpoints/worker_r6_best.pt
CHECKPOINT_LATEST repeat=6 scope=internal_cv fold=8 phase=crsm epoch=10 path=/data/adodas/VarCoNet-V2-main/xiaolunwen/experiment1b/checkpoints/worker_r6_latest.pt
[CRSM] repeat=6 scope=internal_cv fold=8 epoch=10/149 train_loss=0.377489 val_bce=0.622120 best=N best_epoch=0 mass=(0.5008,0.4992) hard=(0.4466,0.5534) entropy=0.693052 delta_l2=(0.131401,0.131237) delta_cos=0.995365 epoch_seconds=0.26
CHECKPOINT_LATEST repeat=6 scope=internal_cv fold=8 phase=crsm epoch=20 path=/data/adodas/VarCoNet-V2-main/xiaolunwen/experiment1b/checkpoints/worker_r6_latest.pt
[CRSM] repeat=6 scope=internal_cv fold=8 epoch=20/149 train_loss=0.330888 val_bce=0.645650 best=N best_epoch=0 mass=(0.5014,0.4986) hard=(0.4792,0.5208) entropy=0.692907 delta_l2=(0.251363,0.251156) delta_cos=0.995802 epoch_seconds=0.37
CHECKPOINT_LATEST repeat=6 scope=internal_cv fold=8 phase=crsm epoch=30 path=/data/adodas/VarCoNet-V2-main/xiaolunwen/experiment1b/checkpoints/worker_r6_latest.pt
[CRSM] repeat=6 scope=internal_cv fold=8 epoch=30/149 train_loss=0.297996 val_bce=0.669810 best=N best_epoch=0 mass=(0.5023,0.4977) hard=(0.4852,0.5148) entropy=0.692586 delta_l2=(0.358633,0.358394) delta_cos=0.995042 epoch_seconds=0.26
CHECKPOINT_LATEST repeat=6 scope=internal_cv fold=8 phase=crsm epoch=40 path=/data/adodas/VarCoNet-V2-main/xiaolunwen/experiment1b/checkpoints/worker_r6_latest.pt
[CRSM] repeat=6 scope=internal_cv fold=8 epoch=40/149 train_loss=0.274382 val_bce=0.691670 best=N best_epoch=0 mass=(0.5037,0.4963) hard=(0.4926,0.5074) entropy=0.691877 delta_l2=(0.454219,0.453952) delta_cos=0.993270 epoch_seconds=0.32
CHECKPOINT_LATEST repeat=6 scope=internal_cv fold=8 phase=crsm epoch=50 path=/data/adodas/VarCoNet-V2-main/xiaolunwen/experiment1b/checkpoints/worker_r6_latest.pt
[CRSM] repeat=6 scope=internal_cv fold=8 epoch=50/149 train_loss=0.257100 val_bce=0.711931 best=N best_epoch=0 mass=(0.5058,0.4942) hard=(0.5045,0.4955) entropy=0.690332 delta_l2=(0.539672,0.539367) delta_cos=0.990090 epoch_seconds=0.25
CHECKPOINT_LATEST repeat=6 scope=internal_cv fold=8 phase=crsm epoch=60 path=/data/adodas/VarCoNet-V2-main/xiaolunwen/experiment1b/checkpoints/worker_r6_latest.pt
[CRSM] repeat=6 scope=internal_cv fold=8 epoch=60/149 train_loss=0.244165 val_bce=0.731364 best=N best_epoch=0 mass=(0.5089,0.4911) hard=(0.5208,0.4792) entropy=0.687202 delta_l2=(0.616455,0.616101) delta_cos=0.984668 epoch_seconds=0.23
CHECKPOINT_LATEST repeat=6 scope=internal_cv fold=8 phase=crsm epoch=70 path=/data/adodas/VarCoNet-V2-main/xiaolunwen/experiment1b/checkpoints/worker_r6_latest.pt
[CRSM] repeat=6 scope=internal_cv fold=8 epoch=70/149 train_loss=0.234233 val_bce=0.750356 best=N best_epoch=0 mass=(0.5129,0.4871) hard=(0.5312,0.4688) entropy=0.681488 delta_l2=(0.685870,0.685456) delta_cos=0.975843 epoch_seconds=0.24
CHECKPOINT_LATEST repeat=6 scope=internal_cv fold=8 phase=crsm epoch=80 path=/data/adodas/VarCoNet-V2-main/xiaolunwen/experiment1b/checkpoints/worker_r6_latest.pt
[CRSM] repeat=6 scope=internal_cv fold=8 epoch=80/149 train_loss=0.226388 val_bce=0.768962 best=N best_epoch=0 mass=(0.5179,0.4821) hard=(0.5430,0.4570) entropy=0.672224 delta_l2=(0.749074,0.748575) delta_cos=0.962487 epoch_seconds=0.32
CHECKPOINT_LATEST repeat=6 scope=internal_cv fold=8 phase=crsm epoch=90 path=/data/adodas/VarCoNet-V2-main/xiaolunwen/experiment1b/checkpoints/worker_r6_latest.pt
[CRSM] repeat=6 scope=internal_cv fold=8 epoch=90/149 train_loss=0.220026 val_bce=0.787119 best=N best_epoch=0 mass=(0.5234,0.4766) hard=(0.5504,0.4496) entropy=0.659085 delta_l2=(0.807106,0.806424) delta_cos=0.944053 epoch_seconds=0.40
CHECKPOINT_LATEST repeat=6 scope=internal_cv fold=8 phase=crsm epoch=100 path=/data/adodas/VarCoNet-V2-main/xiaolunwen/experiment1b/checkpoints/worker_r6_latest.pt
[CRSM] repeat=6 scope=internal_cv fold=8 epoch=100/149 train_loss=0.214773 val_bce=0.804791 best=N best_epoch=0 mass=(0.5290,0.4710) hard=(0.5534,0.4466) entropy=0.642773 delta_l2=(0.860848,0.859743) delta_cos=0.920929 epoch_seconds=0.32
CHECKPOINT_LATEST repeat=6 scope=internal_cv fold=8 phase=crsm epoch=110 path=/data/adodas/VarCoNet-V2-main/xiaolunwen/experiment1b/checkpoints/worker_r6_latest.pt
[CRSM] repeat=6 scope=internal_cv fold=8 epoch=110/149 train_loss=0.210400 val_bce=0.821908 best=N best_epoch=0 mass=(0.5342,0.4658) hard=(0.5549,0.4451) entropy=0.624681 delta_l2=(0.910955,0.909043) delta_cos=0.894314 epoch_seconds=0.24
CHECKPOINT_LATEST repeat=6 scope=internal_cv fold=8 phase=crsm epoch=120 path=/data/adodas/VarCoNet-V2-main/xiaolunwen/experiment1b/checkpoints/worker_r6_latest.pt
[CRSM] repeat=6 scope=internal_cv fold=8 epoch=120/149 train_loss=0.206757 val_bce=0.838408 best=N best_epoch=0 mass=(0.5387,0.4613) hard=(0.5549,0.4451) entropy=0.606202 delta_l2=(0.957840,0.954692) delta_cos=0.865739 epoch_seconds=0.53
CHECKPOINT_LATEST repeat=6 scope=internal_cv fold=8 phase=crsm epoch=130 path=/data/adodas/VarCoNet-V2-main/xiaolunwen/experiment1b/checkpoints/worker_r6_latest.pt
[CRSM] repeat=6 scope=internal_cv fold=8 epoch=130/149 train_loss=0.203724 val_bce=0.854276 best=N best_epoch=0 mass=(0.5426,0.4574) hard=(0.5534,0.4466) entropy=0.588310 delta_l2=(1.001746,0.996995) delta_cos=0.836621 epoch_seconds=0.51
CHECKPOINT_LATEST repeat=6 scope=internal_cv fold=8 phase=crsm epoch=140 path=/data/adodas/VarCoNet-V2-main/xiaolunwen/experiment1b/checkpoints/worker_r6_latest.pt
[CRSM] repeat=6 scope=internal_cv fold=8 epoch=140/149 train_loss=0.201199 val_bce=0.869524 best=N best_epoch=0 mass=(0.5457,0.4543) hard=(0.5534,0.4466) entropy=0.571544 delta_l2=(1.042835,1.036237) delta_cos=0.808039 epoch_seconds=0.55
TASK_TRAINING_DONE repeat=6 scope=internal_cv fold=8 base_encoder_epoch=9 base_classifier_epoch=15 base_val_bce=0.609465 selected_crsm_epoch=0 crsm_val_bce=0.609467 treatment_threshold=0.494933 elapsed_minutes=3.3
TASK_DONE repeat=6 scope=internal_fold fold=8 method=baseline selected_encoder_epoch=9 test_auc=0.697457 test_bce=0.636996 elapsed_minutes=3.3
TASK_DONE repeat=6 scope=internal_fold fold=8 method=control_referenced_soft_multiboundary selected_encoder_epoch=9 test_auc=0.697457 test_bce=0.636999 elapsed_minutes=3.3
TASK_START repeat=6 scope=internal_cv fold=9 seed=100609 device=cuda:0 shared_encoder=Y reference_unique_n=674 train_n=750 val_n=120
CHECKPOINT_BEST repeat=6 scope=internal_cv fold=9 phase=ssl epoch=1 path=/data/adodas/VarCoNet-V2-main/xiaolunwen/experiment1b/checkpoints/worker_r6_best.pt
[SSL] repeat=6 scope=internal_cv fold=9 epoch=1/50 ssl_loss=0.111596 lr=0.000024107 base_val_bce=0.629183 base_best=Y base_cls_epoch=48 epoch_seconds=4.2 task_elapsed_minutes=0.1 gpu_alloc_gb=0.318 gpu_reserved_gb=1.744
CHECKPOINT_BEST repeat=6 scope=internal_cv fold=9 phase=ssl epoch=2 path=/data/adodas/VarCoNet-V2-main/xiaolunwen/experiment1b/checkpoints/worker_r6_best.pt
[SSL] repeat=6 scope=internal_cv fold=9 epoch=2/50 ssl_loss=0.089706 lr=0.000038214 base_val_bce=0.621138 base_best=Y base_cls_epoch=42 epoch_seconds=5.4 task_elapsed_minutes=0.1 gpu_alloc_gb=0.317 gpu_reserved_gb=2.008
CHECKPOINT_BEST repeat=6 scope=internal_cv fold=9 phase=ssl epoch=3 path=/data/adodas/VarCoNet-V2-main/xiaolunwen/experiment1b/checkpoints/worker_r6_best.pt
[SSL] repeat=6 scope=internal_cv fold=9 epoch=3/50 ssl_loss=0.093653 lr=0.000052321 base_val_bce=0.616137 base_best=Y base_cls_epoch=40 epoch_seconds=3.7 task_elapsed_minutes=0.2 gpu_alloc_gb=0.318 gpu_reserved_gb=1.744
[SSL] repeat=6 scope=internal_cv fold=9 epoch=4/50 ssl_loss=0.081292 lr=0.000066427 base_val_bce=0.630487 base_best=N base_cls_epoch=44 epoch_seconds=3.3 task_elapsed_minutes=0.3 gpu_alloc_gb=0.317 gpu_reserved_gb=2.008
[SSL] repeat=6 scope=internal_cv fold=9 epoch=5/50 ssl_loss=0.083063 lr=0.000080534 base_val_bce=0.621440 base_best=N base_cls_epoch=49 epoch_seconds=3.0 task_elapsed_minutes=0.3 gpu_alloc_gb=0.318 gpu_reserved_gb=1.744
[SSL] repeat=6 scope=internal_cv fold=9 epoch=6/50 ssl_loss=0.090872 lr=0.000094641 base_val_bce=0.623321 base_best=N base_cls_epoch=46 epoch_seconds=3.3 task_elapsed_minutes=0.4 gpu_alloc_gb=0.317 gpu_reserved_gb=2.008
[SSL] repeat=6 scope=internal_cv fold=9 epoch=7/50 ssl_loss=0.063822 lr=0.000108748 base_val_bce=0.619152 base_best=N base_cls_epoch=49 epoch_seconds=3.1 task_elapsed_minutes=0.4 gpu_alloc_gb=0.318 gpu_reserved_gb=1.744
[SSL] repeat=6 scope=internal_cv fold=9 epoch=8/50 ssl_loss=0.059835 lr=0.000122855 base_val_bce=0.618079 base_best=N base_cls_epoch=47 epoch_seconds=3.8 task_elapsed_minutes=0.5 gpu_alloc_gb=0.317 gpu_reserved_gb=2.008
CHECKPOINT_BEST repeat=6 scope=internal_cv fold=9 phase=ssl epoch=9 path=/data/adodas/VarCoNet-V2-main/xiaolunwen/experiment1b/checkpoints/worker_r6_best.pt
[SSL] repeat=6 scope=internal_cv fold=9 epoch=9/50 ssl_loss=0.063256 lr=0.000136962 base_val_bce=0.607982 base_best=Y base_cls_epoch=47 epoch_seconds=4.0 task_elapsed_minutes=0.6 gpu_alloc_gb=0.318 gpu_reserved_gb=1.744
CHECKPOINT_BEST repeat=6 scope=internal_cv fold=9 phase=ssl epoch=10 path=/data/adodas/VarCoNet-V2-main/xiaolunwen/experiment1b/checkpoints/worker_r6_best.pt
CHECKPOINT_LATEST repeat=6 scope=internal_cv fold=9 phase=ssl epoch=10 path=/data/adodas/VarCoNet-V2-main/xiaolunwen/experiment1b/checkpoints/worker_r6_latest.pt
[SSL] repeat=6 scope=internal_cv fold=9 epoch=10/50 ssl_loss=0.068115 lr=0.000136962 base_val_bce=0.605805 base_best=Y base_cls_epoch=49 epoch_seconds=4.3 task_elapsed_minutes=0.6 gpu_alloc_gb=0.317 gpu_reserved_gb=2.008
CHECKPOINT_BEST repeat=6 scope=internal_cv fold=9 phase=ssl epoch=11 path=/data/adodas/VarCoNet-V2-main/xiaolunwen/experiment1b/checkpoints/worker_r6_best.pt
[SSL] repeat=6 scope=internal_cv fold=9 epoch=11/50 ssl_loss=0.057801 lr=0.000136751 base_val_bce=0.600945 base_best=Y base_cls_epoch=53 epoch_seconds=4.1 task_elapsed_minutes=0.7 gpu_alloc_gb=0.318 gpu_reserved_gb=1.744
CHECKPOINT_BEST repeat=6 scope=internal_cv fold=9 phase=ssl epoch=12 path=/data/adodas/VarCoNet-V2-main/xiaolunwen/experiment1b/checkpoints/worker_r6_best.pt
[SSL] repeat=6 scope=internal_cv fold=9 epoch=12/50 ssl_loss=0.051108 lr=0.000136119 base_val_bce=0.596021 base_best=Y base_cls_epoch=50 epoch_seconds=4.3 task_elapsed_minutes=0.8 gpu_alloc_gb=0.317 gpu_reserved_gb=2.008
[SSL] repeat=6 scope=internal_cv fold=9 epoch=13/50 ssl_loss=0.055433 lr=0.000135070 base_val_bce=0.600958 base_best=N base_cls_epoch=54 epoch_seconds=3.8 task_elapsed_minutes=0.8 gpu_alloc_gb=0.318 gpu_reserved_gb=1.744
[SSL] repeat=6 scope=internal_cv fold=9 epoch=14/50 ssl_loss=0.033818 lr=0.000133610 base_val_bce=0.610796 base_best=N base_cls_epoch=56 epoch_seconds=3.2 task_elapsed_minutes=0.9 gpu_alloc_gb=0.317 gpu_reserved_gb=2.008
[SSL] repeat=6 scope=internal_cv fold=9 epoch=15/50 ssl_loss=0.041319 lr=0.000131749 base_val_bce=0.607169 base_best=N base_cls_epoch=53 epoch_seconds=3.4 task_elapsed_minutes=1.0 gpu_alloc_gb=0.318 gpu_reserved_gb=1.744
[SSL] repeat=6 scope=internal_cv fold=9 epoch=16/50 ssl_loss=0.046446 lr=0.000129498 base_val_bce=0.599063 base_best=N base_cls_epoch=55 epoch_seconds=3.8 task_elapsed_minutes=1.0 gpu_alloc_gb=0.317 gpu_reserved_gb=2.008
CHECKPOINT_BEST repeat=6 scope=internal_cv fold=9 phase=ssl epoch=17 path=/data/adodas/VarCoNet-V2-main/xiaolunwen/experiment1b/checkpoints/worker_r6_best.pt
[SSL] repeat=6 scope=internal_cv fold=9 epoch=17/50 ssl_loss=0.057062 lr=0.000126870 base_val_bce=0.593180 base_best=Y base_cls_epoch=52 epoch_seconds=4.3 task_elapsed_minutes=1.1 gpu_alloc_gb=0.318 gpu_reserved_gb=1.744
[SSL] repeat=6 scope=internal_cv fold=9 epoch=18/50 ssl_loss=0.050688 lr=0.000123883 base_val_bce=0.598726 base_best=N base_cls_epoch=53 epoch_seconds=3.8 task_elapsed_minutes=1.2 gpu_alloc_gb=0.317 gpu_reserved_gb=2.008
[SSL] repeat=6 scope=internal_cv fold=9 epoch=19/50 ssl_loss=0.040907 lr=0.000120554 base_val_bce=0.593811 base_best=N base_cls_epoch=59 epoch_seconds=3.8 task_elapsed_minutes=1.2 gpu_alloc_gb=0.318 gpu_reserved_gb=1.744
CHECKPOINT_BEST repeat=6 scope=internal_cv fold=9 phase=ssl epoch=20 path=/data/adodas/VarCoNet-V2-main/xiaolunwen/experiment1b/checkpoints/worker_r6_best.pt
CHECKPOINT_LATEST repeat=6 scope=internal_cv fold=9 phase=ssl epoch=20 path=/data/adodas/VarCoNet-V2-main/xiaolunwen/experiment1b/checkpoints/worker_r6_latest.pt
[SSL] repeat=6 scope=internal_cv fold=9 epoch=20/50 ssl_loss=0.055655 lr=0.000116904 base_val_bce=0.583071 base_best=Y base_cls_epoch=58 epoch_seconds=4.3 task_elapsed_minutes=1.3 gpu_alloc_gb=0.317 gpu_reserved_gb=2.008
[SSL] repeat=6 scope=internal_cv fold=9 epoch=21/50 ssl_loss=0.042625 lr=0.000112956 base_val_bce=0.586904 base_best=N base_cls_epoch=54 epoch_seconds=3.8 task_elapsed_minutes=1.4 gpu_alloc_gb=0.318 gpu_reserved_gb=1.744
[SSL] repeat=6 scope=internal_cv fold=9 epoch=22/50 ssl_loss=0.042756 lr=0.000108733 base_val_bce=0.588947 base_best=N base_cls_epoch=55 epoch_seconds=3.7 task_elapsed_minutes=1.4 gpu_alloc_gb=0.317 gpu_reserved_gb=2.008
[SSL] repeat=6 scope=internal_cv fold=9 epoch=23/50 ssl_loss=0.038995 lr=0.000104262 base_val_bce=0.596636 base_best=N base_cls_epoch=57 epoch_seconds=3.9 task_elapsed_minutes=1.5 gpu_alloc_gb=0.318 gpu_reserved_gb=1.744
[SSL] repeat=6 scope=internal_cv fold=9 epoch=24/50 ssl_loss=0.040434 lr=0.000099570 base_val_bce=0.595557 base_best=N base_cls_epoch=55 epoch_seconds=3.8 task_elapsed_minutes=1.5 gpu_alloc_gb=0.317 gpu_reserved_gb=2.008
[SSL] repeat=6 scope=internal_cv fold=9 epoch=25/50 ssl_loss=0.038736 lr=0.000094687 base_val_bce=0.589979 base_best=N base_cls_epoch=54 epoch_seconds=3.8 task_elapsed_minutes=1.6 gpu_alloc_gb=0.318 gpu_reserved_gb=1.744
[SSL] repeat=6 scope=internal_cv fold=9 epoch=26/50 ssl_loss=0.048220 lr=0.000089643 base_val_bce=0.586448 base_best=N base_cls_epoch=59 epoch_seconds=3.8 task_elapsed_minutes=1.7 gpu_alloc_gb=0.317 gpu_reserved_gb=2.008
[SSL] repeat=6 scope=internal_cv fold=9 epoch=27/50 ssl_loss=0.037463 lr=0.000084467 base_val_bce=0.596227 base_best=N base_cls_epoch=54 epoch_seconds=3.7 task_elapsed_minutes=1.7 gpu_alloc_gb=0.318 gpu_reserved_gb=1.744
[SSL] repeat=6 scope=internal_cv fold=9 epoch=28/50 ssl_loss=0.039907 lr=0.000079194 base_val_bce=0.589097 base_best=N base_cls_epoch=56 epoch_seconds=3.8 task_elapsed_minutes=1.8 gpu_alloc_gb=0.317 gpu_reserved_gb=2.008
[SSL] repeat=6 scope=internal_cv fold=9 epoch=29/50 ssl_loss=0.038378 lr=0.000073854 base_val_bce=0.599619 base_best=N base_cls_epoch=63 epoch_seconds=3.8 task_elapsed_minutes=1.9 gpu_alloc_gb=0.318 gpu_reserved_gb=1.744
CHECKPOINT_LATEST repeat=6 scope=internal_cv fold=9 phase=ssl epoch=30 path=/data/adodas/VarCoNet-V2-main/xiaolunwen/experiment1b/checkpoints/worker_r6_latest.pt
[SSL] repeat=6 scope=internal_cv fold=9 epoch=30/50 ssl_loss=0.039457 lr=0.000068481 base_val_bce=0.594117 base_best=N base_cls_epoch=58 epoch_seconds=4.1 task_elapsed_minutes=1.9 gpu_alloc_gb=0.317 gpu_reserved_gb=2.008
[SSL] repeat=6 scope=internal_cv fold=9 epoch=31/50 ssl_loss=0.036335 lr=0.000063108 base_val_bce=0.588512 base_best=N base_cls_epoch=56 epoch_seconds=3.8 task_elapsed_minutes=2.0 gpu_alloc_gb=0.318 gpu_reserved_gb=1.744
[SSL] repeat=6 scope=internal_cv fold=9 epoch=32/50 ssl_loss=0.033007 lr=0.000057768 base_val_bce=0.594066 base_best=N base_cls_epoch=60 epoch_seconds=3.8 task_elapsed_minutes=2.1 gpu_alloc_gb=0.317 gpu_reserved_gb=2.008
[SSL] repeat=6 scope=internal_cv fold=9 epoch=33/50 ssl_loss=0.040484 lr=0.000052494 base_val_bce=0.590724 base_best=N base_cls_epoch=57 epoch_seconds=3.7 task_elapsed_minutes=2.1 gpu_alloc_gb=0.318 gpu_reserved_gb=1.744
[SSL] repeat=6 scope=internal_cv fold=9 epoch=34/50 ssl_loss=0.034870 lr=0.000047319 base_val_bce=0.591517 base_best=N base_cls_epoch=60 epoch_seconds=3.8 task_elapsed_minutes=2.2 gpu_alloc_gb=0.317 gpu_reserved_gb=2.008
[SSL] repeat=6 scope=internal_cv fold=9 epoch=35/50 ssl_loss=0.035917 lr=0.000042274 base_val_bce=0.588162 base_best=N base_cls_epoch=62 epoch_seconds=3.8 task_elapsed_minutes=2.2 gpu_alloc_gb=0.318 gpu_reserved_gb=1.744
[SSL] repeat=6 scope=internal_cv fold=9 epoch=36/50 ssl_loss=0.044717 lr=0.000037391 base_val_bce=0.593165 base_best=N base_cls_epoch=59 epoch_seconds=3.7 task_elapsed_minutes=2.3 gpu_alloc_gb=0.317 gpu_reserved_gb=2.008
[SSL] repeat=6 scope=internal_cv fold=9 epoch=37/50 ssl_loss=0.034751 lr=0.000032700 base_val_bce=0.593365 base_best=N base_cls_epoch=59 epoch_seconds=3.3 task_elapsed_minutes=2.4 gpu_alloc_gb=0.318 gpu_reserved_gb=1.744
[SSL] repeat=6 scope=internal_cv fold=9 epoch=38/50 ssl_loss=0.034277 lr=0.000028229 base_val_bce=0.587509 base_best=N base_cls_epoch=54 epoch_seconds=3.1 task_elapsed_minutes=2.4 gpu_alloc_gb=0.317 gpu_reserved_gb=2.008
[SSL] repeat=6 scope=internal_cv fold=9 epoch=39/50 ssl_loss=0.031755 lr=0.000024006 base_val_bce=0.596842 base_best=N base_cls_epoch=63 epoch_seconds=3.6 task_elapsed_minutes=2.5 gpu_alloc_gb=0.318 gpu_reserved_gb=1.744
CHECKPOINT_BEST repeat=6 scope=internal_cv fold=9 phase=ssl epoch=40 path=/data/adodas/VarCoNet-V2-main/xiaolunwen/experiment1b/checkpoints/worker_r6_best.pt
CHECKPOINT_LATEST repeat=6 scope=internal_cv fold=9 phase=ssl epoch=40 path=/data/adodas/VarCoNet-V2-main/xiaolunwen/experiment1b/checkpoints/worker_r6_latest.pt
[SSL] repeat=6 scope=internal_cv fold=9 epoch=40/50 ssl_loss=0.033785 lr=0.000020058 base_val_bce=0.573759 base_best=Y base_cls_epoch=57 epoch_seconds=4.4 task_elapsed_minutes=2.5 gpu_alloc_gb=0.317 gpu_reserved_gb=2.008
[SSL] repeat=6 scope=internal_cv fold=9 epoch=41/50 ssl_loss=0.031731 lr=0.000016408 base_val_bce=0.584030 base_best=N base_cls_epoch=57 epoch_seconds=3.7 task_elapsed_minutes=2.6 gpu_alloc_gb=0.318 gpu_reserved_gb=1.744
[SSL] repeat=6 scope=internal_cv fold=9 epoch=42/50 ssl_loss=0.039692 lr=0.000013079 base_val_bce=0.595349 base_best=N base_cls_epoch=57 epoch_seconds=3.7 task_elapsed_minutes=2.7 gpu_alloc_gb=0.317 gpu_reserved_gb=2.008
[SSL] repeat=6 scope=internal_cv fold=9 epoch=43/50 ssl_loss=0.036460 lr=0.000010091 base_val_bce=0.580470 base_best=N base_cls_epoch=57 epoch_seconds=3.9 task_elapsed_minutes=2.7 gpu_alloc_gb=0.318 gpu_reserved_gb=1.744
[SSL] repeat=6 scope=internal_cv fold=9 epoch=44/50 ssl_loss=0.028963 lr=0.000007464 base_val_bce=0.589825 base_best=N base_cls_epoch=57 epoch_seconds=3.9 task_elapsed_minutes=2.8 gpu_alloc_gb=0.317 gpu_reserved_gb=2.008
[SSL] repeat=6 scope=internal_cv fold=9 epoch=45/50 ssl_loss=0.032262 lr=0.000005213 base_val_bce=0.586342 base_best=N base_cls_epoch=57 epoch_seconds=3.9 task_elapsed_minutes=2.9 gpu_alloc_gb=0.318 gpu_reserved_gb=1.744
[SSL] repeat=6 scope=internal_cv fold=9 epoch=46/50 ssl_loss=0.036782 lr=0.000003352 base_val_bce=0.576095 base_best=N base_cls_epoch=63 epoch_seconds=3.8 task_elapsed_minutes=2.9 gpu_alloc_gb=0.317 gpu_reserved_gb=2.008
[SSL] repeat=6 scope=internal_cv fold=9 epoch=47/50 ssl_loss=0.035858 lr=0.000001892 base_val_bce=0.592574 base_best=N base_cls_epoch=58 epoch_seconds=3.8 task_elapsed_minutes=3.0 gpu_alloc_gb=0.318 gpu_reserved_gb=1.744
[SSL] repeat=6 scope=internal_cv fold=9 epoch=48/50 ssl_loss=0.031716 lr=0.000000843 base_val_bce=0.585654 base_best=N base_cls_epoch=59 epoch_seconds=3.7 task_elapsed_minutes=3.1 gpu_alloc_gb=0.317 gpu_reserved_gb=2.008
[SSL] repeat=6 scope=internal_cv fold=9 epoch=49/50 ssl_loss=0.036399 lr=0.000000211 base_val_bce=0.590021 base_best=N base_cls_epoch=59 epoch_seconds=3.8 task_elapsed_minutes=3.1 gpu_alloc_gb=0.318 gpu_reserved_gb=1.744
CHECKPOINT_LATEST repeat=6 scope=internal_cv fold=9 phase=ssl epoch=50 path=/data/adodas/VarCoNet-V2-main/xiaolunwen/experiment1b/checkpoints/worker_r6_latest.pt
[SSL] repeat=6 scope=internal_cv fold=9 epoch=50/50 ssl_loss=0.027052 lr=0.000000000 base_val_bce=0.576108 base_best=N base_cls_epoch=55 epoch_seconds=4.0 task_elapsed_minutes=3.2 gpu_alloc_gb=0.317 gpu_reserved_gb=2.008
CRSM_INIT repeat=6 scope=internal_cv fold=9 n_experts=2 tau=1.0 trainable_parameters=147074 hc_centroid_norm=22.911354 pca_unit_norm=1.00000000 pca_singular=146.521927 sigma_margin=2.036104 sigma_projection=7.749756 ratio=0.0100 scale=0.00262731314 epoch0_val_bce=0.573765
CHECKPOINT_LATEST repeat=6 scope=internal_cv fold=9 phase=crsm epoch=0 path=/data/adodas/VarCoNet-V2-main/xiaolunwen/experiment1b/checkpoints/worker_r6_latest.pt
CHECKPOINT_BEST repeat=6 scope=internal_cv fold=9 phase=crsm epoch=0 path=/data/adodas/VarCoNet-V2-main/xiaolunwen/experiment1b/checkpoints/worker_r6_best.pt
CHECKPOINT_LATEST repeat=6 scope=internal_cv fold=9 phase=crsm epoch=10 path=/data/adodas/VarCoNet-V2-main/xiaolunwen/experiment1b/checkpoints/worker_r6_latest.pt
[CRSM] repeat=6 scope=internal_cv fold=9 epoch=10/149 train_loss=0.120895 val_bce=0.581331 best=N best_epoch=0 mass=(0.4994,0.5006) hard=(0.6380,0.3620) entropy=0.692805 delta_l2=(0.130295,0.130386) delta_cos=0.987181 epoch_seconds=0.26
CHECKPOINT_LATEST repeat=6 scope=internal_cv fold=9 phase=crsm epoch=20 path=/data/adodas/VarCoNet-V2-main/xiaolunwen/experiment1b/checkpoints/worker_r6_latest.pt
[CRSM] repeat=6 scope=internal_cv fold=9 epoch=20/149 train_loss=0.105248 val_bce=0.593330 best=N best_epoch=0 mass=(0.4989,0.5011) hard=(0.6335,0.3665) entropy=0.692507 delta_l2=(0.248809,0.248843) delta_cos=0.988669 epoch_seconds=0.39
CHECKPOINT_LATEST repeat=6 scope=internal_cv fold=9 phase=crsm epoch=30 path=/data/adodas/VarCoNet-V2-main/xiaolunwen/experiment1b/checkpoints/worker_r6_latest.pt
[CRSM] repeat=6 scope=internal_cv fold=9 epoch=30/149 train_loss=0.094364 val_bce=0.606057 best=N best_epoch=0 mass=(0.4981,0.5019) hard=(0.6039,0.3961) entropy=0.691906 delta_l2=(0.355111,0.355122) delta_cos=0.987503 epoch_seconds=0.38
CHECKPOINT_LATEST repeat=6 scope=internal_cv fold=9 phase=crsm epoch=40 path=/data/adodas/VarCoNet-V2-main/xiaolunwen/experiment1b/checkpoints/worker_r6_latest.pt
[CRSM] repeat=6 scope=internal_cv fold=9 epoch=40/149 train_loss=0.086676 val_bce=0.619383 best=N best_epoch=0 mass=(0.4968,0.5032) hard=(0.5875,0.4125) entropy=0.690614 delta_l2=(0.449751,0.449667) delta_cos=0.984187 epoch_seconds=0.22
CHECKPOINT_LATEST repeat=6 scope=internal_cv fold=9 phase=crsm epoch=50 path=/data/adodas/VarCoNet-V2-main/xiaolunwen/experiment1b/checkpoints/worker_r6_latest.pt
[CRSM] repeat=6 scope=internal_cv fold=9 epoch=50/149 train_loss=0.081155 val_bce=0.632937 best=N best_epoch=0 mass=(0.4950,0.5050) hard=(0.5653,0.4347) entropy=0.688005 delta_l2=(0.533823,0.533563) delta_cos=0.977982 epoch_seconds=0.29
CHECKPOINT_LATEST repeat=6 scope=internal_cv fold=9 phase=crsm epoch=60 path=/data/adodas/VarCoNet-V2-main/xiaolunwen/experiment1b/checkpoints/worker_r6_latest.pt
[CRSM] repeat=6 scope=internal_cv fold=9 epoch=60/149 train_loss=0.077100 val_bce=0.646489 best=N best_epoch=0 mass=(0.4926,0.5074) hard=(0.5445,0.4555) entropy=0.683105 delta_l2=(0.608608,0.608069) delta_cos=0.967684 epoch_seconds=0.26
CHECKPOINT_LATEST repeat=6 scope=internal_cv fold=9 phase=crsm epoch=70 path=/data/adodas/VarCoNet-V2-main/xiaolunwen/experiment1b/checkpoints/worker_r6_latest.pt
[CRSM] repeat=6 scope=internal_cv fold=9 epoch=70/149 train_loss=0.074030 val_bce=0.660086 best=N best_epoch=0 mass=(0.4897,0.5103) hard=(0.5341,0.4659) entropy=0.674851 delta_l2=(0.675532,0.674496) delta_cos=0.951976 epoch_seconds=0.27
CHECKPOINT_LATEST repeat=6 scope=internal_cv fold=9 phase=crsm epoch=80 path=/data/adodas/VarCoNet-V2-main/xiaolunwen/experiment1b/checkpoints/worker_r6_latest.pt
[CRSM] repeat=6 scope=internal_cv fold=9 epoch=80/149 train_loss=0.071622 val_bce=0.673836 best=N best_epoch=0 mass=(0.4866,0.5134) hard=(0.5267,0.4733) entropy=0.662726 delta_l2=(0.736099,0.734221) delta_cos=0.930159 epoch_seconds=0.26
CHECKPOINT_LATEST repeat=6 scope=internal_cv fold=9 phase=crsm epoch=90 path=/data/adodas/VarCoNet-V2-main/xiaolunwen/experiment1b/checkpoints/worker_r6_latest.pt
[CRSM] repeat=6 scope=internal_cv fold=9 epoch=90/149 train_loss=0.069681 val_bce=0.687663 best=N best_epoch=0 mass=(0.4837,0.5163) hard=(0.5193,0.4807) entropy=0.647209 delta_l2=(0.791652,0.788540) delta_cos=0.902723 epoch_seconds=0.23
CHECKPOINT_LATEST repeat=6 scope=internal_cv fold=9 phase=crsm epoch=100 path=/data/adodas/VarCoNet-V2-main/xiaolunwen/experiment1b/checkpoints/worker_r6_latest.pt
[CRSM] repeat=6 scope=internal_cv fold=9 epoch=100/149 train_loss=0.068093 val_bce=0.701406 best=N best_epoch=0 mass=(0.4811,0.5189) hard=(0.5119,0.4881) entropy=0.629545 delta_l2=(0.843140,0.838423) delta_cos=0.871215 epoch_seconds=0.26
CHECKPOINT_LATEST repeat=6 scope=internal_cv fold=9 phase=crsm epoch=110 path=/data/adodas/VarCoNet-V2-main/xiaolunwen/experiment1b/checkpoints/worker_r6_latest.pt
[CRSM] repeat=6 scope=internal_cv fold=9 epoch=110/149 train_loss=0.066784 val_bce=0.714939 best=N best_epoch=0 mass=(0.4791,0.5209) hard=(0.5059,0.4941) entropy=0.611087 delta_l2=(0.891135,0.884491) delta_cos=0.837586 epoch_seconds=0.44
CHECKPOINT_LATEST repeat=6 scope=internal_cv fold=9 phase=crsm epoch=120 path=/data/adodas/VarCoNet-V2-main/xiaolunwen/experiment1b/checkpoints/worker_r6_latest.pt
[CRSM] repeat=6 scope=internal_cv fold=9 epoch=120/149 train_loss=0.065705 val_bce=0.728176 best=N best_epoch=0 mass=(0.4775,0.5225) hard=(0.4985,0.5015) entropy=0.592891 delta_l2=(0.935977,0.927129) delta_cos=0.803580 epoch_seconds=0.63
CHECKPOINT_LATEST repeat=6 scope=internal_cv fold=9 phase=crsm epoch=130 path=/data/adodas/VarCoNet-V2-main/xiaolunwen/experiment1b/checkpoints/worker_r6_latest.pt
[CRSM] repeat=6 scope=internal_cv fold=9 epoch=130/149 train_loss=0.064813 val_bce=0.741049 best=N best_epoch=0 mass=(0.4763,0.5237) hard=(0.4955,0.5045) entropy=0.575631 delta_l2=(0.977897,0.966624) delta_cos=0.770468 epoch_seconds=0.26
CHECKPOINT_LATEST repeat=6 scope=internal_cv fold=9 phase=crsm epoch=140 path=/data/adodas/VarCoNet-V2-main/xiaolunwen/experiment1b/checkpoints/worker_r6_latest.pt
[CRSM] repeat=6 scope=internal_cv fold=9 epoch=140/149 train_loss=0.064073 val_bce=0.753502 best=N best_epoch=0 mass=(0.4755,0.5245) hard=(0.4926,0.5074) entropy=0.559651 delta_l2=(1.017091,1.003232) delta_cos=0.739026 epoch_seconds=0.31
TASK_TRAINING_DONE repeat=6 scope=internal_cv fold=9 base_encoder_epoch=40 base_classifier_epoch=57 base_val_bce=0.573759 selected_crsm_epoch=0 crsm_val_bce=0.573765 treatment_threshold=0.479012 elapsed_minutes=3.3
TASK_DONE repeat=6 scope=internal_fold fold=9 method=baseline selected_encoder_epoch=40 test_auc=0.695381 test_bce=0.638032 elapsed_minutes=3.3
TASK_DONE repeat=6 scope=internal_fold fold=9 method=control_referenced_soft_multiboundary selected_encoder_epoch=40 test_auc=0.695381 test_bce=0.638030 elapsed_minutes=3.3
TASK_START repeat=6 scope=external fold=external seed=200006 device=cuda:0 shared_encoder=Y reference_unique_n=793 train_n=869 val_n=89
CHECKPOINT_BEST repeat=6 scope=external fold=external phase=ssl epoch=1 path=/data/adodas/VarCoNet-V2-main/xiaolunwen/experiment1b/checkpoints/worker_r6_best.pt
[SSL] repeat=6 scope=external fold=external epoch=1/50 ssl_loss=0.285336 lr=0.000024107 base_val_bce=0.609904 base_best=Y base_cls_epoch=44 epoch_seconds=7.6 task_elapsed_minutes=0.1 gpu_alloc_gb=0.342 gpu_reserved_gb=1.744
CHECKPOINT_BEST repeat=6 scope=external fold=external phase=ssl epoch=2 path=/data/adodas/VarCoNet-V2-main/xiaolunwen/experiment1b/checkpoints/worker_r6_best.pt
[SSL] repeat=6 scope=external fold=external epoch=2/50 ssl_loss=0.176243 lr=0.000038214 base_val_bce=0.608916 base_best=Y base_cls_epoch=29 epoch_seconds=4.4 task_elapsed_minutes=0.2 gpu_alloc_gb=0.342 gpu_reserved_gb=1.744
[SSL] repeat=6 scope=external fold=external epoch=3/50 ssl_loss=0.125621 lr=0.000052321 base_val_bce=0.618317 base_best=N base_cls_epoch=26 epoch_seconds=4.0 task_elapsed_minutes=0.3 gpu_alloc_gb=0.342 gpu_reserved_gb=1.744
[SSL] repeat=6 scope=external fold=external epoch=4/50 ssl_loss=0.113120 lr=0.000066427 base_val_bce=0.618573 base_best=N base_cls_epoch=27 epoch_seconds=3.2 task_elapsed_minutes=0.3 gpu_alloc_gb=0.342 gpu_reserved_gb=1.744
[SSL] repeat=6 scope=external fold=external epoch=5/50 ssl_loss=0.109151 lr=0.000080534 base_val_bce=0.610051 base_best=N base_cls_epoch=21 epoch_seconds=2.9 task_elapsed_minutes=0.4 gpu_alloc_gb=0.342 gpu_reserved_gb=1.744
[SSL] repeat=6 scope=external fold=external epoch=6/50 ssl_loss=0.119452 lr=0.000094641 base_val_bce=0.616770 base_best=N base_cls_epoch=23 epoch_seconds=2.8 task_elapsed_minutes=0.4 gpu_alloc_gb=0.342 gpu_reserved_gb=1.744
[SSL] repeat=6 scope=external fold=external epoch=7/50 ssl_loss=0.095395 lr=0.000108748 base_val_bce=0.615579 base_best=N base_cls_epoch=19 epoch_seconds=3.5 task_elapsed_minutes=0.5 gpu_alloc_gb=0.342 gpu_reserved_gb=1.744
CHECKPOINT_BEST repeat=6 scope=external fold=external phase=ssl epoch=8 path=/data/adodas/VarCoNet-V2-main/xiaolunwen/experiment1b/checkpoints/worker_r6_best.pt
[SSL] repeat=6 scope=external fold=external epoch=8/50 ssl_loss=0.092101 lr=0.000122855 base_val_bce=0.608105 base_best=Y base_cls_epoch=26 epoch_seconds=4.4 task_elapsed_minutes=0.5 gpu_alloc_gb=0.342 gpu_reserved_gb=1.744
[SSL] repeat=6 scope=external fold=external epoch=9/50 ssl_loss=0.083912 lr=0.000136962 base_val_bce=0.614366 base_best=N base_cls_epoch=25 epoch_seconds=4.2 task_elapsed_minutes=0.6 gpu_alloc_gb=0.342 gpu_reserved_gb=1.744
CHECKPOINT_LATEST repeat=6 scope=external fold=external phase=ssl epoch=10 path=/data/adodas/VarCoNet-V2-main/xiaolunwen/experiment1b/checkpoints/worker_r6_latest.pt
[SSL] repeat=6 scope=external fold=external epoch=10/50 ssl_loss=0.084217 lr=0.000136962 base_val_bce=0.617689 base_best=N base_cls_epoch=26 epoch_seconds=4.7 task_elapsed_minutes=0.7 gpu_alloc_gb=0.342 gpu_reserved_gb=1.744
[SSL] repeat=6 scope=external fold=external epoch=11/50 ssl_loss=0.077348 lr=0.000136751 base_val_bce=0.615939 base_best=N base_cls_epoch=19 epoch_seconds=4.4 task_elapsed_minutes=0.8 gpu_alloc_gb=0.342 gpu_reserved_gb=1.744
[SSL] repeat=6 scope=external fold=external epoch=12/50 ssl_loss=0.062065 lr=0.000136119 base_val_bce=0.615498 base_best=N base_cls_epoch=23 epoch_seconds=4.2 task_elapsed_minutes=0.8 gpu_alloc_gb=0.342 gpu_reserved_gb=1.744
[SSL] repeat=6 scope=external fold=external epoch=13/50 ssl_loss=0.069644 lr=0.000135070 base_val_bce=0.609429 base_best=N base_cls_epoch=21 epoch_seconds=4.2 task_elapsed_minutes=0.9 gpu_alloc_gb=0.342 gpu_reserved_gb=1.744
[SSL] repeat=6 scope=external fold=external epoch=14/50 ssl_loss=0.072010 lr=0.000133610 base_val_bce=0.609620 base_best=N base_cls_epoch=22 epoch_seconds=4.2 task_elapsed_minutes=1.0 gpu_alloc_gb=0.342 gpu_reserved_gb=1.744
[SSL] repeat=6 scope=external fold=external epoch=15/50 ssl_loss=0.065403 lr=0.000131749 base_val_bce=0.623446 base_best=N base_cls_epoch=25 epoch_seconds=4.2 task_elapsed_minutes=1.1 gpu_alloc_gb=0.342 gpu_reserved_gb=1.744
[SSL] repeat=6 scope=external fold=external epoch=16/50 ssl_loss=0.054777 lr=0.000129498 base_val_bce=0.613891 base_best=N base_cls_epoch=22 epoch_seconds=3.5 task_elapsed_minutes=1.1 gpu_alloc_gb=0.342 gpu_reserved_gb=1.744
CHECKPOINT_BEST repeat=6 scope=external fold=external phase=ssl epoch=17 path=/data/adodas/VarCoNet-V2-main/xiaolunwen/experiment1b/checkpoints/worker_r6_best.pt
[SSL] repeat=6 scope=external fold=external epoch=17/50 ssl_loss=0.045001 lr=0.000126870 base_val_bce=0.603163 base_best=Y base_cls_epoch=20 epoch_seconds=5.3 task_elapsed_minutes=1.2 gpu_alloc_gb=0.342 gpu_reserved_gb=1.744
CHECKPOINT_BEST repeat=6 scope=external fold=external phase=ssl epoch=18 path=/data/adodas/VarCoNet-V2-main/xiaolunwen/experiment1b/checkpoints/worker_r6_best.pt
[SSL] repeat=6 scope=external fold=external epoch=18/50 ssl_loss=0.053586 lr=0.000123883 base_val_bce=0.601969 base_best=Y base_cls_epoch=26 epoch_seconds=4.7 task_elapsed_minutes=1.3 gpu_alloc_gb=0.342 gpu_reserved_gb=1.744
[SSL] repeat=6 scope=external fold=external epoch=19/50 ssl_loss=0.059275 lr=0.000120554 base_val_bce=0.620279 base_best=N base_cls_epoch=25 epoch_seconds=4.3 task_elapsed_minutes=1.3 gpu_alloc_gb=0.342 gpu_reserved_gb=1.744
CHECKPOINT_LATEST repeat=6 scope=external fold=external phase=ssl epoch=20 path=/data/adodas/VarCoNet-V2-main/xiaolunwen/experiment1b/checkpoints/worker_r6_latest.pt
[SSL] repeat=6 scope=external fold=external epoch=20/50 ssl_loss=0.051110 lr=0.000116904 base_val_bce=0.608699 base_best=N base_cls_epoch=22 epoch_seconds=5.7 task_elapsed_minutes=1.4 gpu_alloc_gb=0.342 gpu_reserved_gb=1.744
[SSL] repeat=6 scope=external fold=external epoch=21/50 ssl_loss=0.053332 lr=0.000112956 base_val_bce=0.609842 base_best=N base_cls_epoch=25 epoch_seconds=4.4 task_elapsed_minutes=1.5 gpu_alloc_gb=0.342 gpu_reserved_gb=1.744
[SSL] repeat=6 scope=external fold=external epoch=22/50 ssl_loss=0.048283 lr=0.000108733 base_val_bce=0.605895 base_best=N base_cls_epoch=24 epoch_seconds=4.3 task_elapsed_minutes=1.6 gpu_alloc_gb=0.342 gpu_reserved_gb=1.744
[SSL] repeat=6 scope=external fold=external epoch=23/50 ssl_loss=0.051077 lr=0.000104262 base_val_bce=0.609599 base_best=N base_cls_epoch=23 epoch_seconds=4.4 task_elapsed_minutes=1.7 gpu_alloc_gb=0.342 gpu_reserved_gb=1.744
[SSL] repeat=6 scope=external fold=external epoch=24/50 ssl_loss=0.057147 lr=0.000099570 base_val_bce=0.618484 base_best=N base_cls_epoch=25 epoch_seconds=4.5 task_elapsed_minutes=1.7 gpu_alloc_gb=0.342 gpu_reserved_gb=1.744
[SSL] repeat=6 scope=external fold=external epoch=25/50 ssl_loss=0.049978 lr=0.000094687 base_val_bce=0.627676 base_best=N base_cls_epoch=23 epoch_seconds=4.3 task_elapsed_minutes=1.8 gpu_alloc_gb=0.342 gpu_reserved_gb=1.744
[SSL] repeat=6 scope=external fold=external epoch=26/50 ssl_loss=0.042527 lr=0.000089643 base_val_bce=0.614000 base_best=N base_cls_epoch=23 epoch_seconds=4.2 task_elapsed_minutes=1.9 gpu_alloc_gb=0.342 gpu_reserved_gb=1.744
[SSL] repeat=6 scope=external fold=external epoch=27/50 ssl_loss=0.051228 lr=0.000084467 base_val_bce=0.615668 base_best=N base_cls_epoch=47 epoch_seconds=4.2 task_elapsed_minutes=1.9 gpu_alloc_gb=0.342 gpu_reserved_gb=1.744
[SSL] repeat=6 scope=external fold=external epoch=28/50 ssl_loss=0.040485 lr=0.000079194 base_val_bce=0.604593 base_best=N base_cls_epoch=24 epoch_seconds=4.4 task_elapsed_minutes=2.0 gpu_alloc_gb=0.342 gpu_reserved_gb=1.744
[SSL] repeat=6 scope=external fold=external epoch=29/50 ssl_loss=0.050544 lr=0.000073854 base_val_bce=0.607614 base_best=N base_cls_epoch=27 epoch_seconds=4.4 task_elapsed_minutes=2.1 gpu_alloc_gb=0.342 gpu_reserved_gb=1.744
CHECKPOINT_LATEST repeat=6 scope=external fold=external phase=ssl epoch=30 path=/data/adodas/VarCoNet-V2-main/xiaolunwen/experiment1b/checkpoints/worker_r6_latest.pt
[SSL] repeat=6 scope=external fold=external epoch=30/50 ssl_loss=0.047540 lr=0.000068481 base_val_bce=0.604760 base_best=N base_cls_epoch=24 epoch_seconds=6.9 task_elapsed_minutes=2.2 gpu_alloc_gb=0.342 gpu_reserved_gb=1.744
CHECKPOINT_BEST repeat=6 scope=external fold=external phase=ssl epoch=31 path=/data/adodas/VarCoNet-V2-main/xiaolunwen/experiment1b/checkpoints/worker_r6_best.pt
[SSL] repeat=6 scope=external fold=external epoch=31/50 ssl_loss=0.047197 lr=0.000063108 base_val_bce=0.593363 base_best=Y base_cls_epoch=28 epoch_seconds=5.9 task_elapsed_minutes=2.3 gpu_alloc_gb=0.342 gpu_reserved_gb=1.744
[SSL] repeat=6 scope=external fold=external epoch=32/50 ssl_loss=0.036446 lr=0.000057768 base_val_bce=0.611808 base_best=N base_cls_epoch=24 epoch_seconds=4.3 task_elapsed_minutes=2.4 gpu_alloc_gb=0.342 gpu_reserved_gb=1.744
[SSL] repeat=6 scope=external fold=external epoch=33/50 ssl_loss=0.047205 lr=0.000052494 base_val_bce=0.594833 base_best=N base_cls_epoch=23 epoch_seconds=4.3 task_elapsed_minutes=2.5 gpu_alloc_gb=0.342 gpu_reserved_gb=1.744
[SSL] repeat=6 scope=external fold=external epoch=34/50 ssl_loss=0.043350 lr=0.000047319 base_val_bce=0.615659 base_best=N base_cls_epoch=45 epoch_seconds=4.9 task_elapsed_minutes=2.5 gpu_alloc_gb=0.342 gpu_reserved_gb=1.744
[SSL] repeat=6 scope=external fold=external epoch=35/50 ssl_loss=0.045765 lr=0.000042274 base_val_bce=0.605328 base_best=N base_cls_epoch=23 epoch_seconds=4.4 task_elapsed_minutes=2.6 gpu_alloc_gb=0.342 gpu_reserved_gb=1.744
[SSL] repeat=6 scope=external fold=external epoch=36/50 ssl_loss=0.041614 lr=0.000037391 base_val_bce=0.599281 base_best=N base_cls_epoch=42 epoch_seconds=2.4 task_elapsed_minutes=2.6 gpu_alloc_gb=0.342 gpu_reserved_gb=1.744
[SSL] repeat=6 scope=external fold=external epoch=37/50 ssl_loss=0.041296 lr=0.000032700 base_val_bce=0.610077 base_best=N base_cls_epoch=24 epoch_seconds=2.4 task_elapsed_minutes=2.7 gpu_alloc_gb=0.342 gpu_reserved_gb=1.744
[SSL] repeat=6 scope=external fold=external epoch=38/50 ssl_loss=0.045800 lr=0.000028229 base_val_bce=0.602843 base_best=N base_cls_epoch=27 epoch_seconds=6.3 task_elapsed_minutes=2.8 gpu_alloc_gb=0.342 gpu_reserved_gb=1.744
[SSL] repeat=6 scope=external fold=external epoch=39/50 ssl_loss=0.043232 lr=0.000024006 base_val_bce=0.606142 base_best=N base_cls_epoch=26 epoch_seconds=3.1 task_elapsed_minutes=2.8 gpu_alloc_gb=0.342 gpu_reserved_gb=1.744
CHECKPOINT_LATEST repeat=6 scope=external fold=external phase=ssl epoch=40 path=/data/adodas/VarCoNet-V2-main/xiaolunwen/experiment1b/checkpoints/worker_r6_latest.pt
[SSL] repeat=6 scope=external fold=external epoch=40/50 ssl_loss=0.049095 lr=0.000020058 base_val_bce=0.608072 base_best=N base_cls_epoch=27 epoch_seconds=11.3 task_elapsed_minutes=2.9 gpu_alloc_gb=0.342 gpu_reserved_gb=1.744
[SSL] repeat=6 scope=external fold=external epoch=41/50 ssl_loss=0.040608 lr=0.000016408 base_val_bce=0.615848 base_best=N base_cls_epoch=23 epoch_seconds=3.8 task_elapsed_minutes=3.1 gpu_alloc_gb=0.342 gpu_reserved_gb=1.744
[SSL] repeat=6 scope=external fold=external epoch=42/50 ssl_loss=0.041474 lr=0.000013079 base_val_bce=0.599932 base_best=N base_cls_epoch=26 epoch_seconds=3.2 task_elapsed_minutes=3.1 gpu_alloc_gb=0.342 gpu_reserved_gb=1.744
[SSL] repeat=6 scope=external fold=external epoch=43/50 ssl_loss=0.045056 lr=0.000010091 base_val_bce=0.603307 base_best=N base_cls_epoch=28 epoch_seconds=3.7 task_elapsed_minutes=3.2 gpu_alloc_gb=0.342 gpu_reserved_gb=1.744
[SSL] repeat=6 scope=external fold=external epoch=44/50 ssl_loss=0.036283 lr=0.000007464 base_val_bce=0.620734 base_best=N base_cls_epoch=24 epoch_seconds=4.1 task_elapsed_minutes=3.3 gpu_alloc_gb=0.342 gpu_reserved_gb=1.744
[SSL] repeat=6 scope=external fold=external epoch=45/50 ssl_loss=0.044987 lr=0.000005213 base_val_bce=0.603838 base_best=N base_cls_epoch=28 epoch_seconds=3.5 task_elapsed_minutes=3.3 gpu_alloc_gb=0.342 gpu_reserved_gb=1.744
[SSL] repeat=6 scope=external fold=external epoch=46/50 ssl_loss=0.040779 lr=0.000003352 base_val_bce=0.613961 base_best=N base_cls_epoch=41 epoch_seconds=2.9 task_elapsed_minutes=3.4 gpu_alloc_gb=0.342 gpu_reserved_gb=1.744
[SSL] repeat=6 scope=external fold=external epoch=47/50 ssl_loss=0.044896 lr=0.000001892 base_val_bce=0.601882 base_best=N base_cls_epoch=23 epoch_seconds=5.0 task_elapsed_minutes=3.5 gpu_alloc_gb=0.342 gpu_reserved_gb=1.744
[SSL] repeat=6 scope=external fold=external epoch=48/50 ssl_loss=0.038883 lr=0.000000843 base_val_bce=0.598295 base_best=N base_cls_epoch=26 epoch_seconds=4.0 task_elapsed_minutes=3.5 gpu_alloc_gb=0.342 gpu_reserved_gb=1.744
[SSL] repeat=6 scope=external fold=external epoch=49/50 ssl_loss=0.046748 lr=0.000000211 base_val_bce=0.608271 base_best=N base_cls_epoch=46 epoch_seconds=3.9 task_elapsed_minutes=3.6 gpu_alloc_gb=0.342 gpu_reserved_gb=1.744
CHECKPOINT_LATEST repeat=6 scope=external fold=external phase=ssl epoch=50 path=/data/adodas/VarCoNet-V2-main/xiaolunwen/experiment1b/checkpoints/worker_r6_latest.pt
[SSL] repeat=6 scope=external fold=external epoch=50/50 ssl_loss=0.043990 lr=0.000000000 base_val_bce=0.598909 base_best=N base_cls_epoch=47 epoch_seconds=17.5 task_elapsed_minutes=3.7 gpu_alloc_gb=0.342 gpu_reserved_gb=1.744
CRSM_INIT repeat=6 scope=external fold=external n_experts=2 tau=1.0 trainable_parameters=147074 hc_centroid_norm=23.619011 pca_unit_norm=1.00000000 pca_singular=145.234879 sigma_margin=1.144752 sigma_projection=6.126363 ratio=0.0100 scale=0.00186856685 epoch0_val_bce=0.593361
CHECKPOINT_LATEST repeat=6 scope=external fold=external phase=crsm epoch=0 path=/data/adodas/VarCoNet-V2-main/xiaolunwen/experiment1b/checkpoints/worker_r6_latest.pt
CHECKPOINT_BEST repeat=6 scope=external fold=external phase=crsm epoch=0 path=/data/adodas/VarCoNet-V2-main/xiaolunwen/experiment1b/checkpoints/worker_r6_best.pt
CHECKPOINT_LATEST repeat=6 scope=external fold=external phase=crsm epoch=10 path=/data/adodas/VarCoNet-V2-main/xiaolunwen/experiment1b/checkpoints/worker_r6_latest.pt
[CRSM] repeat=6 scope=external fold=external epoch=10/149 train_loss=0.299194 val_bce=0.600328 best=N best_epoch=0 mass=(0.5025,0.4975) hard=(0.5687,0.4313) entropy=0.692986 delta_l2=(0.131851,0.131111) delta_cos=0.993142 epoch_seconds=2.40
CHECKPOINT_LATEST repeat=6 scope=external fold=external phase=crsm epoch=20 path=/data/adodas/VarCoNet-V2-main/xiaolunwen/experiment1b/checkpoints/worker_r6_latest.pt
[CRSM] repeat=6 scope=external fold=external epoch=20/149 train_loss=0.264947 val_bce=0.616041 best=N best_epoch=0 mass=(0.5038,0.4962) hard=(0.5448,0.4552) entropy=0.692705 delta_l2=(0.253184,0.252419) delta_cos=0.993459 epoch_seconds=4.11
CHECKPOINT_LATEST repeat=6 scope=external fold=external phase=crsm epoch=30 path=/data/adodas/VarCoNet-V2-main/xiaolunwen/experiment1b/checkpoints/worker_r6_latest.pt
[CRSM] repeat=6 scope=external fold=external epoch=30/149 train_loss=0.239993 val_bce=0.633404 best=N best_epoch=0 mass=(0.5058,0.4942) hard=(0.5044,0.4956) entropy=0.691894 delta_l2=(0.363342,0.362440) delta_cos=0.991660 epoch_seconds=4.59
CHECKPOINT_LATEST repeat=6 scope=external fold=external phase=crsm epoch=40 path=/data/adodas/VarCoNet-V2-main/xiaolunwen/experiment1b/checkpoints/worker_r6_latest.pt
[CRSM] repeat=6 scope=external fold=external epoch=40/149 train_loss=0.221586 val_bce=0.649902 best=N best_epoch=0 mass=(0.5088,0.4912) hard=(0.4842,0.5158) entropy=0.689686 delta_l2=(0.462719,0.461391) delta_cos=0.987158 epoch_seconds=3.94
CHECKPOINT_LATEST repeat=6 scope=external fold=external phase=crsm epoch=50 path=/data/adodas/VarCoNet-V2-main/xiaolunwen/experiment1b/checkpoints/worker_r6_latest.pt
[CRSM] repeat=6 scope=external fold=external epoch=50/149 train_loss=0.207767 val_bce=0.665964 best=N best_epoch=0 mass=(0.5127,0.4873) hard=(0.4628,0.5372) entropy=0.684677 delta_l2=(0.552538,0.550311) delta_cos=0.978526 epoch_seconds=9.85
CHECKPOINT_LATEST repeat=6 scope=external fold=external phase=crsm epoch=60 path=/data/adodas/VarCoNet-V2-main/xiaolunwen/experiment1b/checkpoints/worker_r6_latest.pt
[CRSM] repeat=6 scope=external fold=external epoch=60/149 train_loss=0.197160 val_bce=0.681715 best=N best_epoch=0 mass=(0.5164,0.4836) hard=(0.4578,0.5422) entropy=0.675840 delta_l2=(0.634028,0.630499) delta_cos=0.964438 epoch_seconds=6.60
CHECKPOINT_LATEST repeat=6 scope=external fold=external phase=crsm epoch=70 path=/data/adodas/VarCoNet-V2-main/xiaolunwen/experiment1b/checkpoints/worker_r6_latest.pt
[CRSM] repeat=6 scope=external fold=external epoch=70/149 train_loss=0.188826 val_bce=0.697533 best=N best_epoch=0 mass=(0.5191,0.4809) hard=(0.4540,0.5460) entropy=0.663475 delta_l2=(0.708178,0.703389) delta_cos=0.944347 epoch_seconds=3.53
CHECKPOINT_LATEST repeat=6 scope=external fold=external phase=crsm epoch=80 path=/data/adodas/VarCoNet-V2-main/xiaolunwen/experiment1b/checkpoints/worker_r6_latest.pt
[CRSM] repeat=6 scope=external fold=external epoch=80/149 train_loss=0.182153 val_bce=0.713532 best=N best_epoch=0 mass=(0.5201,0.4799) hard=(0.4628,0.5372) entropy=0.648738 delta_l2=(0.775733,0.770390) delta_cos=0.918811 epoch_seconds=4.69
CHECKPOINT_LATEST repeat=6 scope=external fold=external phase=crsm epoch=90 path=/data/adodas/VarCoNet-V2-main/xiaolunwen/experiment1b/checkpoints/worker_r6_latest.pt
[CRSM] repeat=6 scope=external fold=external epoch=90/149 train_loss=0.176744 val_bce=0.729466 best=N best_epoch=0 mass=(0.5197,0.4803) hard=(0.4704,0.5296) entropy=0.632751 delta_l2=(0.837284,0.832648) delta_cos=0.889310 epoch_seconds=10.14
CHECKPOINT_LATEST repeat=6 scope=external fold=external phase=crsm epoch=100 path=/data/adodas/VarCoNet-V2-main/xiaolunwen/experiment1b/checkpoints/worker_r6_latest.pt
[CRSM] repeat=6 scope=external fold=external epoch=100/149 train_loss=0.172333 val_bce=0.745203 best=N best_epoch=0 mass=(0.5185,0.4815) hard=(0.4678,0.5322) entropy=0.616451 delta_l2=(0.893359,0.890920) delta_cos=0.857705 epoch_seconds=24.78
CHECKPOINT_LATEST repeat=6 scope=external fold=external phase=crsm epoch=110 path=/data/adodas/VarCoNet-V2-main/xiaolunwen/experiment1b/checkpoints/worker_r6_latest.pt
[CRSM] repeat=6 scope=external fold=external epoch=110/149 train_loss=0.168726 val_bce=0.760590 best=N best_epoch=0 mass=(0.5169,0.4831) hard=(0.4741,0.5259) entropy=0.600586 delta_l2=(0.944481,0.945625) delta_cos=0.825704 epoch_seconds=5.19
CHECKPOINT_LATEST repeat=6 scope=external fold=external phase=crsm epoch=120 path=/data/adodas/VarCoNet-V2-main/xiaolunwen/experiment1b/checkpoints/worker_r6_latest.pt
[CRSM] repeat=6 scope=external fold=external epoch=120/149 train_loss=0.165767 val_bce=0.775540 best=N best_epoch=0 mass=(0.5151,0.4849) hard=(0.4741,0.5259) entropy=0.585588 delta_l2=(0.991175,0.996996) delta_cos=0.794546 epoch_seconds=15.79
CHECKPOINT_LATEST repeat=6 scope=external fold=external phase=crsm epoch=130 path=/data/adodas/VarCoNet-V2-main/xiaolunwen/experiment1b/checkpoints/worker_r6_latest.pt
[CRSM] repeat=6 scope=external fold=external epoch=130/149 train_loss=0.163328 val_bce=0.790018 best=N best_epoch=0 mass=(0.5133,0.4867) hard=(0.4666,0.5334) entropy=0.571621 delta_l2=(1.033957,1.045198) delta_cos=0.764970 epoch_seconds=10.66
CHECKPOINT_LATEST repeat=6 scope=external fold=external phase=crsm epoch=140 path=/data/adodas/VarCoNet-V2-main/xiaolunwen/experiment1b/checkpoints/worker_r6_latest.pt
[CRSM] repeat=6 scope=external fold=external epoch=140/149 train_loss=0.161306 val_bce=0.803986 best=N best_epoch=0 mass=(0.5115,0.4885) hard=(0.4678,0.5322) entropy=0.558719 delta_l2=(1.073312,1.090395) delta_cos=0.737326 epoch_seconds=11.89
TASK_TRAINING_DONE repeat=6 scope=external fold=external base_encoder_epoch=31 base_classifier_epoch=28 base_val_bce=0.593363 selected_crsm_epoch=0 crsm_val_bce=0.593361 treatment_threshold=0.514387 elapsed_minutes=6.1
TASK_DONE repeat=6 scope=caltech fold=external method=baseline selected_encoder_epoch=31 test_auc=0.687135 test_bce=0.636369 elapsed_minutes=6.1
TASK_DONE repeat=6 scope=abide2 fold=external method=baseline selected_encoder_epoch=31 test_auc=0.733415 test_bce=0.608956 elapsed_minutes=6.1
TASK_DONE repeat=6 scope=caltech fold=external method=control_referenced_soft_multiboundary selected_encoder_epoch=31 test_auc=0.687135 test_bce=0.636365 elapsed_minutes=6.1
TASK_DONE repeat=6 scope=abide2 fold=external method=control_referenced_soft_multiboundary selected_encoder_epoch=31 test_auc=0.733411 test_bce=0.608956 elapsed_minutes=6.1
REPEAT_DONE repeat=6 status=PASS rows=26
