REPEAT_START repeat=2 device=cuda:0 tasks=11
TASK_START repeat=2 scope=internal_cv fold=0 seed=100200 device=cuda:0 shared_encoder=Y reference_unique_n=674 train_n=750 val_n=119
/usr/local/lib/python3.12/site-packages/torch/autograd/graph.py:841: UserWarning: Memory Efficient attention defaults to a non-deterministic algorithm. To explicitly enable determinism call torch.use_deterministic_algorithms(True, warn_only=False). (Triggered internally at /job_4065109/source/pytorch/aten/src/ATen/native/transformers/cuda/ppu/xformers/xformers/csrc/attention/cuda/fmha/attention_backward_generic.cu:487.)
  return Variable._execution_engine.run_backward(  # Calls into the C++ engine to run the backward pass
/usr/local/lib/python3.12/site-packages/torch/nn/modules/transformer.py:515: UserWarning: The PyTorch API of nested tensors is in prototype stage and will change in the near future. We recommend specifying layout=torch.jagged when constructing a nested tensor, as this layout receives active development, has better operator coverage, and works with torch.compile. (Triggered internally at ../aten/src/ATen/NestedTensorImpl.cpp:178.)
  output = torch._nested_tensor_from_mask(
CHECKPOINT_BEST repeat=2 scope=internal_cv fold=0 phase=ssl epoch=1 path=/data/adodas/VarCoNet-V2-main/xiaolunwen/experiment1b/checkpoints/worker_r2_best.pt
[SSL] repeat=2 scope=internal_cv fold=0 epoch=1/50 ssl_loss=0.121688 lr=0.000024107 base_val_bce=0.671970 base_best=Y base_cls_epoch=31 epoch_seconds=8.2 task_elapsed_minutes=0.2 gpu_alloc_gb=0.318 gpu_reserved_gb=1.939
CHECKPOINT_BEST repeat=2 scope=internal_cv fold=0 phase=ssl epoch=2 path=/data/adodas/VarCoNet-V2-main/xiaolunwen/experiment1b/checkpoints/worker_r2_best.pt
[SSL] repeat=2 scope=internal_cv fold=0 epoch=2/50 ssl_loss=0.127813 lr=0.000038214 base_val_bce=0.654760 base_best=Y base_cls_epoch=24 epoch_seconds=3.9 task_elapsed_minutes=0.2 gpu_alloc_gb=0.318 gpu_reserved_gb=1.793
[SSL] repeat=2 scope=internal_cv fold=0 epoch=3/50 ssl_loss=0.105626 lr=0.000052321 base_val_bce=0.663767 base_best=N base_cls_epoch=23 epoch_seconds=3.8 task_elapsed_minutes=0.3 gpu_alloc_gb=0.318 gpu_reserved_gb=1.793
[SSL] repeat=2 scope=internal_cv fold=0 epoch=4/50 ssl_loss=0.096634 lr=0.000066427 base_val_bce=0.660451 base_best=N base_cls_epoch=26 epoch_seconds=3.8 task_elapsed_minutes=0.4 gpu_alloc_gb=0.318 gpu_reserved_gb=1.793
[SSL] repeat=2 scope=internal_cv fold=0 epoch=5/50 ssl_loss=0.087113 lr=0.000080534 base_val_bce=0.664489 base_best=N base_cls_epoch=24 epoch_seconds=3.8 task_elapsed_minutes=0.4 gpu_alloc_gb=0.318 gpu_reserved_gb=1.793
CHECKPOINT_BEST repeat=2 scope=internal_cv fold=0 phase=ssl epoch=6 path=/data/adodas/VarCoNet-V2-main/xiaolunwen/experiment1b/checkpoints/worker_r2_best.pt
[SSL] repeat=2 scope=internal_cv fold=0 epoch=6/50 ssl_loss=0.099871 lr=0.000094641 base_val_bce=0.647774 base_best=Y base_cls_epoch=27 epoch_seconds=4.1 task_elapsed_minutes=0.5 gpu_alloc_gb=0.318 gpu_reserved_gb=1.793
[SSL] repeat=2 scope=internal_cv fold=0 epoch=7/50 ssl_loss=0.091077 lr=0.000108748 base_val_bce=0.652237 base_best=N base_cls_epoch=27 epoch_seconds=3.9 task_elapsed_minutes=0.6 gpu_alloc_gb=0.318 gpu_reserved_gb=1.793
CHECKPOINT_BEST repeat=2 scope=internal_cv fold=0 phase=ssl epoch=8 path=/data/adodas/VarCoNet-V2-main/xiaolunwen/experiment1b/checkpoints/worker_r2_best.pt
[SSL] repeat=2 scope=internal_cv fold=0 epoch=8/50 ssl_loss=0.083238 lr=0.000122855 base_val_bce=0.643473 base_best=Y base_cls_epoch=27 epoch_seconds=3.9 task_elapsed_minutes=0.6 gpu_alloc_gb=0.318 gpu_reserved_gb=1.793
[SSL] repeat=2 scope=internal_cv fold=0 epoch=9/50 ssl_loss=0.062365 lr=0.000136962 base_val_bce=0.648960 base_best=N base_cls_epoch=29 epoch_seconds=4.1 task_elapsed_minutes=0.7 gpu_alloc_gb=0.318 gpu_reserved_gb=1.793
CHECKPOINT_LATEST repeat=2 scope=internal_cv fold=0 phase=ssl epoch=10 path=/data/adodas/VarCoNet-V2-main/xiaolunwen/experiment1b/checkpoints/worker_r2_latest.pt
[SSL] repeat=2 scope=internal_cv fold=0 epoch=10/50 ssl_loss=0.061702 lr=0.000136962 base_val_bce=0.649704 base_best=N base_cls_epoch=29 epoch_seconds=3.8 task_elapsed_minutes=0.8 gpu_alloc_gb=0.318 gpu_reserved_gb=1.793
[SSL] repeat=2 scope=internal_cv fold=0 epoch=11/50 ssl_loss=0.074284 lr=0.000136751 base_val_bce=0.643727 base_best=N base_cls_epoch=31 epoch_seconds=3.6 task_elapsed_minutes=0.8 gpu_alloc_gb=0.318 gpu_reserved_gb=1.793
CHECKPOINT_BEST repeat=2 scope=internal_cv fold=0 phase=ssl epoch=12 path=/data/adodas/VarCoNet-V2-main/xiaolunwen/experiment1b/checkpoints/worker_r2_best.pt
[SSL] repeat=2 scope=internal_cv fold=0 epoch=12/50 ssl_loss=0.069162 lr=0.000136119 base_val_bce=0.636899 base_best=Y base_cls_epoch=30 epoch_seconds=4.0 task_elapsed_minutes=0.9 gpu_alloc_gb=0.318 gpu_reserved_gb=1.793
[SSL] repeat=2 scope=internal_cv fold=0 epoch=13/50 ssl_loss=0.067720 lr=0.000135070 base_val_bce=0.637041 base_best=N base_cls_epoch=28 epoch_seconds=3.5 task_elapsed_minutes=0.9 gpu_alloc_gb=0.318 gpu_reserved_gb=1.793
[SSL] repeat=2 scope=internal_cv fold=0 epoch=14/50 ssl_loss=0.056651 lr=0.000133610 base_val_bce=0.637476 base_best=N base_cls_epoch=27 epoch_seconds=4.2 task_elapsed_minutes=1.0 gpu_alloc_gb=0.318 gpu_reserved_gb=1.793
CHECKPOINT_BEST repeat=2 scope=internal_cv fold=0 phase=ssl epoch=15 path=/data/adodas/VarCoNet-V2-main/xiaolunwen/experiment1b/checkpoints/worker_r2_best.pt
[SSL] repeat=2 scope=internal_cv fold=0 epoch=15/50 ssl_loss=0.075264 lr=0.000131749 base_val_bce=0.636657 base_best=Y base_cls_epoch=29 epoch_seconds=6.7 task_elapsed_minutes=1.1 gpu_alloc_gb=0.318 gpu_reserved_gb=1.793
[SSL] repeat=2 scope=internal_cv fold=0 epoch=16/50 ssl_loss=0.061754 lr=0.000129498 base_val_bce=0.639195 base_best=N base_cls_epoch=31 epoch_seconds=3.7 task_elapsed_minutes=1.2 gpu_alloc_gb=0.318 gpu_reserved_gb=1.793
CHECKPOINT_BEST repeat=2 scope=internal_cv fold=0 phase=ssl epoch=17 path=/data/adodas/VarCoNet-V2-main/xiaolunwen/experiment1b/checkpoints/worker_r2_best.pt
[SSL] repeat=2 scope=internal_cv fold=0 epoch=17/50 ssl_loss=0.047182 lr=0.000126870 base_val_bce=0.626186 base_best=Y base_cls_epoch=31 epoch_seconds=4.0 task_elapsed_minutes=1.3 gpu_alloc_gb=0.318 gpu_reserved_gb=1.793
[SSL] repeat=2 scope=internal_cv fold=0 epoch=18/50 ssl_loss=0.060150 lr=0.000123883 base_val_bce=0.641821 base_best=N base_cls_epoch=29 epoch_seconds=3.8 task_elapsed_minutes=1.3 gpu_alloc_gb=0.318 gpu_reserved_gb=1.793
[SSL] repeat=2 scope=internal_cv fold=0 epoch=19/50 ssl_loss=0.055972 lr=0.000120554 base_val_bce=0.642632 base_best=N base_cls_epoch=31 epoch_seconds=3.8 task_elapsed_minutes=1.4 gpu_alloc_gb=0.318 gpu_reserved_gb=1.793
CHECKPOINT_LATEST repeat=2 scope=internal_cv fold=0 phase=ssl epoch=20 path=/data/adodas/VarCoNet-V2-main/xiaolunwen/experiment1b/checkpoints/worker_r2_latest.pt
[SSL] repeat=2 scope=internal_cv fold=0 epoch=20/50 ssl_loss=0.051810 lr=0.000116904 base_val_bce=0.635509 base_best=N base_cls_epoch=33 epoch_seconds=4.0 task_elapsed_minutes=1.4 gpu_alloc_gb=0.318 gpu_reserved_gb=1.793
[SSL] repeat=2 scope=internal_cv fold=0 epoch=21/50 ssl_loss=0.052426 lr=0.000112956 base_val_bce=0.651245 base_best=N base_cls_epoch=28 epoch_seconds=3.8 task_elapsed_minutes=1.5 gpu_alloc_gb=0.318 gpu_reserved_gb=1.793
[SSL] repeat=2 scope=internal_cv fold=0 epoch=22/50 ssl_loss=0.057162 lr=0.000108733 base_val_bce=0.647872 base_best=N base_cls_epoch=32 epoch_seconds=3.8 task_elapsed_minutes=1.6 gpu_alloc_gb=0.318 gpu_reserved_gb=1.793
[SSL] repeat=2 scope=internal_cv fold=0 epoch=23/50 ssl_loss=0.046105 lr=0.000104262 base_val_bce=0.639535 base_best=N base_cls_epoch=33 epoch_seconds=3.9 task_elapsed_minutes=1.6 gpu_alloc_gb=0.318 gpu_reserved_gb=1.793
[SSL] repeat=2 scope=internal_cv fold=0 epoch=24/50 ssl_loss=0.038984 lr=0.000099570 base_val_bce=0.628225 base_best=N base_cls_epoch=29 epoch_seconds=3.8 task_elapsed_minutes=1.7 gpu_alloc_gb=0.318 gpu_reserved_gb=1.793
[SSL] repeat=2 scope=internal_cv fold=0 epoch=25/50 ssl_loss=0.058161 lr=0.000094687 base_val_bce=0.626592 base_best=N base_cls_epoch=30 epoch_seconds=3.9 task_elapsed_minutes=1.8 gpu_alloc_gb=0.318 gpu_reserved_gb=1.793
[SSL] repeat=2 scope=internal_cv fold=0 epoch=26/50 ssl_loss=0.055405 lr=0.000089643 base_val_bce=0.633905 base_best=N base_cls_epoch=29 epoch_seconds=3.9 task_elapsed_minutes=1.8 gpu_alloc_gb=0.318 gpu_reserved_gb=1.793
[SSL] repeat=2 scope=internal_cv fold=0 epoch=27/50 ssl_loss=0.046593 lr=0.000084467 base_val_bce=0.630730 base_best=N base_cls_epoch=29 epoch_seconds=3.9 task_elapsed_minutes=1.9 gpu_alloc_gb=0.318 gpu_reserved_gb=1.793
[SSL] repeat=2 scope=internal_cv fold=0 epoch=28/50 ssl_loss=0.051069 lr=0.000079194 base_val_bce=0.634753 base_best=N base_cls_epoch=33 epoch_seconds=3.8 task_elapsed_minutes=2.0 gpu_alloc_gb=0.318 gpu_reserved_gb=1.793
CHECKPOINT_BEST repeat=2 scope=internal_cv fold=0 phase=ssl epoch=29 path=/data/adodas/VarCoNet-V2-main/xiaolunwen/experiment1b/checkpoints/worker_r2_best.pt
[SSL] repeat=2 scope=internal_cv fold=0 epoch=29/50 ssl_loss=0.042536 lr=0.000073854 base_val_bce=0.625692 base_best=Y base_cls_epoch=33 epoch_seconds=4.0 task_elapsed_minutes=2.0 gpu_alloc_gb=0.318 gpu_reserved_gb=1.793
CHECKPOINT_LATEST repeat=2 scope=internal_cv fold=0 phase=ssl epoch=30 path=/data/adodas/VarCoNet-V2-main/xiaolunwen/experiment1b/checkpoints/worker_r2_latest.pt
[SSL] repeat=2 scope=internal_cv fold=0 epoch=30/50 ssl_loss=0.050155 lr=0.000068481 base_val_bce=0.640453 base_best=N base_cls_epoch=32 epoch_seconds=4.3 task_elapsed_minutes=2.1 gpu_alloc_gb=0.318 gpu_reserved_gb=1.793
[SSL] repeat=2 scope=internal_cv fold=0 epoch=31/50 ssl_loss=0.046194 lr=0.000063108 base_val_bce=0.631889 base_best=N base_cls_epoch=30 epoch_seconds=3.8 task_elapsed_minutes=2.2 gpu_alloc_gb=0.318 gpu_reserved_gb=1.793
[SSL] repeat=2 scope=internal_cv fold=0 epoch=32/50 ssl_loss=0.048654 lr=0.000057768 base_val_bce=0.626986 base_best=N base_cls_epoch=31 epoch_seconds=3.8 task_elapsed_minutes=2.2 gpu_alloc_gb=0.318 gpu_reserved_gb=1.793
CHECKPOINT_BEST repeat=2 scope=internal_cv fold=0 phase=ssl epoch=33 path=/data/adodas/VarCoNet-V2-main/xiaolunwen/experiment1b/checkpoints/worker_r2_best.pt
[SSL] repeat=2 scope=internal_cv fold=0 epoch=33/50 ssl_loss=0.038767 lr=0.000052494 base_val_bce=0.624088 base_best=Y base_cls_epoch=34 epoch_seconds=4.2 task_elapsed_minutes=2.3 gpu_alloc_gb=0.318 gpu_reserved_gb=1.793
[SSL] repeat=2 scope=internal_cv fold=0 epoch=34/50 ssl_loss=0.053745 lr=0.000047319 base_val_bce=0.628927 base_best=N base_cls_epoch=32 epoch_seconds=3.9 task_elapsed_minutes=2.4 gpu_alloc_gb=0.318 gpu_reserved_gb=1.793
[SSL] repeat=2 scope=internal_cv fold=0 epoch=35/50 ssl_loss=0.050981 lr=0.000042274 base_val_bce=0.648013 base_best=N base_cls_epoch=37 epoch_seconds=3.8 task_elapsed_minutes=2.4 gpu_alloc_gb=0.318 gpu_reserved_gb=1.793
[SSL] repeat=2 scope=internal_cv fold=0 epoch=36/50 ssl_loss=0.049474 lr=0.000037391 base_val_bce=0.632469 base_best=N base_cls_epoch=29 epoch_seconds=3.8 task_elapsed_minutes=2.5 gpu_alloc_gb=0.318 gpu_reserved_gb=1.793
[SSL] repeat=2 scope=internal_cv fold=0 epoch=37/50 ssl_loss=0.042456 lr=0.000032700 base_val_bce=0.634394 base_best=N base_cls_epoch=31 epoch_seconds=3.8 task_elapsed_minutes=2.6 gpu_alloc_gb=0.318 gpu_reserved_gb=1.793
[SSL] repeat=2 scope=internal_cv fold=0 epoch=38/50 ssl_loss=0.040107 lr=0.000028229 base_val_bce=0.640536 base_best=N base_cls_epoch=33 epoch_seconds=3.8 task_elapsed_minutes=2.6 gpu_alloc_gb=0.318 gpu_reserved_gb=1.793
[SSL] repeat=2 scope=internal_cv fold=0 epoch=39/50 ssl_loss=0.045220 lr=0.000024006 base_val_bce=0.630636 base_best=N base_cls_epoch=36 epoch_seconds=3.5 task_elapsed_minutes=2.7 gpu_alloc_gb=0.318 gpu_reserved_gb=1.793
CHECKPOINT_LATEST repeat=2 scope=internal_cv fold=0 phase=ssl epoch=40 path=/data/adodas/VarCoNet-V2-main/xiaolunwen/experiment1b/checkpoints/worker_r2_latest.pt
[SSL] repeat=2 scope=internal_cv fold=0 epoch=40/50 ssl_loss=0.047945 lr=0.000020058 base_val_bce=0.629161 base_best=N base_cls_epoch=31 epoch_seconds=4.1 task_elapsed_minutes=2.7 gpu_alloc_gb=0.318 gpu_reserved_gb=1.793
[SSL] repeat=2 scope=internal_cv fold=0 epoch=41/50 ssl_loss=0.043368 lr=0.000016408 base_val_bce=0.637844 base_best=N base_cls_epoch=33 epoch_seconds=3.8 task_elapsed_minutes=2.8 gpu_alloc_gb=0.318 gpu_reserved_gb=1.793
[SSL] repeat=2 scope=internal_cv fold=0 epoch=42/50 ssl_loss=0.039213 lr=0.000013079 base_val_bce=0.632317 base_best=N base_cls_epoch=30 epoch_seconds=3.9 task_elapsed_minutes=2.9 gpu_alloc_gb=0.318 gpu_reserved_gb=1.793
[SSL] repeat=2 scope=internal_cv fold=0 epoch=43/50 ssl_loss=0.047935 lr=0.000010091 base_val_bce=0.627794 base_best=N base_cls_epoch=29 epoch_seconds=3.9 task_elapsed_minutes=2.9 gpu_alloc_gb=0.318 gpu_reserved_gb=1.793
[SSL] repeat=2 scope=internal_cv fold=0 epoch=44/50 ssl_loss=0.057277 lr=0.000007464 base_val_bce=0.641121 base_best=N base_cls_epoch=32 epoch_seconds=3.9 task_elapsed_minutes=3.0 gpu_alloc_gb=0.318 gpu_reserved_gb=1.793
[SSL] repeat=2 scope=internal_cv fold=0 epoch=45/50 ssl_loss=0.044263 lr=0.000005213 base_val_bce=0.637571 base_best=N base_cls_epoch=33 epoch_seconds=3.7 task_elapsed_minutes=3.1 gpu_alloc_gb=0.318 gpu_reserved_gb=1.793
[SSL] repeat=2 scope=internal_cv fold=0 epoch=46/50 ssl_loss=0.043510 lr=0.000003352 base_val_bce=0.628992 base_best=N base_cls_epoch=32 epoch_seconds=3.9 task_elapsed_minutes=3.1 gpu_alloc_gb=0.318 gpu_reserved_gb=1.793
[SSL] repeat=2 scope=internal_cv fold=0 epoch=47/50 ssl_loss=0.046233 lr=0.000001892 base_val_bce=0.629133 base_best=N base_cls_epoch=35 epoch_seconds=3.8 task_elapsed_minutes=3.2 gpu_alloc_gb=0.318 gpu_reserved_gb=1.793
[SSL] repeat=2 scope=internal_cv fold=0 epoch=48/50 ssl_loss=0.041110 lr=0.000000843 base_val_bce=0.635973 base_best=N base_cls_epoch=36 epoch_seconds=3.8 task_elapsed_minutes=3.3 gpu_alloc_gb=0.318 gpu_reserved_gb=1.793
[SSL] repeat=2 scope=internal_cv fold=0 epoch=49/50 ssl_loss=0.043174 lr=0.000000211 base_val_bce=0.637543 base_best=N base_cls_epoch=32 epoch_seconds=3.3 task_elapsed_minutes=3.3 gpu_alloc_gb=0.318 gpu_reserved_gb=1.793
CHECKPOINT_LATEST repeat=2 scope=internal_cv fold=0 phase=ssl epoch=50 path=/data/adodas/VarCoNet-V2-main/xiaolunwen/experiment1b/checkpoints/worker_r2_latest.pt
[SSL] repeat=2 scope=internal_cv fold=0 epoch=50/50 ssl_loss=0.048120 lr=0.000000000 base_val_bce=0.634698 base_best=N base_cls_epoch=33 epoch_seconds=2.6 task_elapsed_minutes=3.3 gpu_alloc_gb=0.318 gpu_reserved_gb=1.793
CRSM_INIT repeat=2 scope=internal_cv fold=0 n_experts=2 tau=1.0 trainable_parameters=147074 hc_centroid_norm=23.198021 pca_unit_norm=1.00000000 pca_singular=130.799286 sigma_margin=1.400373 sigma_projection=5.438663 ratio=0.0100 scale=0.00257484848 epoch0_val_bce=0.624093
CHECKPOINT_LATEST repeat=2 scope=internal_cv fold=0 phase=crsm epoch=0 path=/data/adodas/VarCoNet-V2-main/xiaolunwen/experiment1b/checkpoints/worker_r2_latest.pt
CHECKPOINT_BEST repeat=2 scope=internal_cv fold=0 phase=crsm epoch=0 path=/data/adodas/VarCoNet-V2-main/xiaolunwen/experiment1b/checkpoints/worker_r2_best.pt
CHECKPOINT_BEST repeat=2 scope=internal_cv fold=0 phase=crsm epoch=1 path=/data/adodas/VarCoNet-V2-main/xiaolunwen/experiment1b/checkpoints/worker_r2_best.pt
[CRSM] repeat=2 scope=internal_cv fold=0 epoch=1/149 train_loss=0.267704 val_bce=0.624088 best=Y best_epoch=1 mass=(0.5030,0.4970) hard=(0.6691,0.3309) entropy=0.693024 delta_l2=(0.014546,0.013056) delta_cos=0.912595 epoch_seconds=1.09
CHECKPOINT_LATEST repeat=2 scope=internal_cv fold=0 phase=crsm epoch=10 path=/data/adodas/VarCoNet-V2-main/xiaolunwen/experiment1b/checkpoints/worker_r2_latest.pt
[CRSM] repeat=2 scope=internal_cv fold=0 epoch=10/149 train_loss=0.232607 val_bce=0.626357 best=N best_epoch=1 mass=(0.5039,0.4961) hard=(0.6513,0.3487) entropy=0.692890 delta_l2=(0.131357,0.129948) delta_cos=0.991573 epoch_seconds=0.54
CHECKPOINT_LATEST repeat=2 scope=internal_cv fold=0 phase=crsm epoch=20 path=/data/adodas/VarCoNet-V2-main/xiaolunwen/experiment1b/checkpoints/worker_r2_latest.pt
[CRSM] repeat=2 scope=internal_cv fold=0 epoch=20/149 train_loss=0.204436 val_bce=0.631879 best=N best_epoch=1 mass=(0.5056,0.4944) hard=(0.6261,0.3739) entropy=0.692542 delta_l2=(0.251026,0.249691) delta_cos=0.992109 epoch_seconds=0.51
CHECKPOINT_LATEST repeat=2 scope=internal_cv fold=0 phase=crsm epoch=30 path=/data/adodas/VarCoNet-V2-main/xiaolunwen/experiment1b/checkpoints/worker_r2_latest.pt
[CRSM] repeat=2 scope=internal_cv fold=0 epoch=30/149 train_loss=0.184259 val_bce=0.640967 best=N best_epoch=1 mass=(0.5080,0.4920) hard=(0.6083,0.3917) entropy=0.691670 delta_l2=(0.359452,0.357978) delta_cos=0.990026 epoch_seconds=0.67
CHECKPOINT_LATEST repeat=2 scope=internal_cv fold=0 phase=crsm epoch=40 path=/data/adodas/VarCoNet-V2-main/xiaolunwen/experiment1b/checkpoints/worker_r2_latest.pt
[CRSM] repeat=2 scope=internal_cv fold=0 epoch=40/149 train_loss=0.169615 val_bce=0.652265 best=N best_epoch=1 mass=(0.5118,0.4882) hard=(0.6009,0.3991) entropy=0.689457 delta_l2=(0.456884,0.454835) delta_cos=0.985165 epoch_seconds=1.01
CHECKPOINT_LATEST repeat=2 scope=internal_cv fold=0 phase=crsm epoch=50 path=/data/adodas/VarCoNet-V2-main/xiaolunwen/experiment1b/checkpoints/worker_r2_latest.pt
[CRSM] repeat=2 scope=internal_cv fold=0 epoch=50/149 train_loss=0.158782 val_bce=0.664273 best=N best_epoch=1 mass=(0.5169,0.4831) hard=(0.5682,0.4318) entropy=0.684327 delta_l2=(0.544535,0.541307) delta_cos=0.975897 epoch_seconds=0.98
CHECKPOINT_LATEST repeat=2 scope=internal_cv fold=0 phase=crsm epoch=60 path=/data/adodas/VarCoNet-V2-main/xiaolunwen/experiment1b/checkpoints/worker_r2_latest.pt
[CRSM] repeat=2 scope=internal_cv fold=0 epoch=60/149 train_loss=0.150560 val_bce=0.677357 best=N best_epoch=1 mass=(0.5230,0.4770) hard=(0.5504,0.4496) entropy=0.674498 delta_l2=(0.623767,0.618714) delta_cos=0.960244 epoch_seconds=1.05
CHECKPOINT_LATEST repeat=2 scope=internal_cv fold=0 phase=crsm epoch=70 path=/data/adodas/VarCoNet-V2-main/xiaolunwen/experiment1b/checkpoints/worker_r2_latest.pt
[CRSM] repeat=2 scope=internal_cv fold=0 epoch=70/149 train_loss=0.144156 val_bce=0.691152 best=N best_epoch=1 mass=(0.5289,0.4711) hard=(0.5460,0.4540) entropy=0.659657 delta_l2=(0.695797,0.688464) delta_cos=0.937148 epoch_seconds=0.93
CHECKPOINT_LATEST repeat=2 scope=internal_cv fold=0 phase=crsm epoch=80 path=/data/adodas/VarCoNet-V2-main/xiaolunwen/experiment1b/checkpoints/worker_r2_latest.pt
[CRSM] repeat=2 scope=internal_cv fold=0 epoch=80/149 train_loss=0.139073 val_bce=0.705316 best=N best_epoch=1 mass=(0.5337,0.4663) hard=(0.5445,0.4555) entropy=0.641471 delta_l2=(0.761573,0.751841) delta_cos=0.907477 epoch_seconds=0.85
CHECKPOINT_LATEST repeat=2 scope=internal_cv fold=0 phase=crsm epoch=90 path=/data/adodas/VarCoNet-V2-main/xiaolunwen/experiment1b/checkpoints/worker_r2_latest.pt
[CRSM] repeat=2 scope=internal_cv fold=0 epoch=90/149 train_loss=0.134995 val_bce=0.719791 best=N best_epoch=1 mass=(0.5375,0.4625) hard=(0.5445,0.4555) entropy=0.621927 delta_l2=(0.821802,0.809838) delta_cos=0.873427 epoch_seconds=0.88
CHECKPOINT_LATEST repeat=2 scope=internal_cv fold=0 phase=crsm epoch=100 path=/data/adodas/VarCoNet-V2-main/xiaolunwen/experiment1b/checkpoints/worker_r2_latest.pt
[CRSM] repeat=2 scope=internal_cv fold=0 epoch=100/149 train_loss=0.131712 val_bce=0.734203 best=N best_epoch=1 mass=(0.5404,0.4596) hard=(0.5386,0.4614) entropy=0.602437 delta_l2=(0.877034,0.863181) delta_cos=0.837508 epoch_seconds=0.72
CHECKPOINT_LATEST repeat=2 scope=internal_cv fold=0 phase=crsm epoch=110 path=/data/adodas/VarCoNet-V2-main/xiaolunwen/experiment1b/checkpoints/worker_r2_latest.pt
[CRSM] repeat=2 scope=internal_cv fold=0 epoch=110/149 train_loss=0.129065 val_bce=0.748316 best=N best_epoch=1 mass=(0.5426,0.4574) hard=(0.5401,0.4599) entropy=0.583904 delta_l2=(0.927727,0.912388) delta_cos=0.801836 epoch_seconds=0.84
CHECKPOINT_LATEST repeat=2 scope=internal_cv fold=0 phase=crsm epoch=120 path=/data/adodas/VarCoNet-V2-main/xiaolunwen/experiment1b/checkpoints/worker_r2_latest.pt
[CRSM] repeat=2 scope=internal_cv fold=0 epoch=120/149 train_loss=0.126924 val_bce=0.761989 best=N best_epoch=1 mass=(0.5443,0.4557) hard=(0.5401,0.4599) entropy=0.566766 delta_l2=(0.974301,0.957861) delta_cos=0.767787 epoch_seconds=0.82
CHECKPOINT_LATEST repeat=2 scope=internal_cv fold=0 phase=crsm epoch=130 path=/data/adodas/VarCoNet-V2-main/xiaolunwen/experiment1b/checkpoints/worker_r2_latest.pt
[CRSM] repeat=2 scope=internal_cv fold=0 epoch=130/149 train_loss=0.125183 val_bce=0.775129 best=N best_epoch=1 mass=(0.5456,0.4544) hard=(0.5401,0.4599) entropy=0.551166 delta_l2=(1.017163,0.999946) delta_cos=0.736051 epoch_seconds=0.58
CHECKPOINT_LATEST repeat=2 scope=internal_cv fold=0 phase=crsm epoch=140 path=/data/adodas/VarCoNet-V2-main/xiaolunwen/experiment1b/checkpoints/worker_r2_latest.pt
[CRSM] repeat=2 scope=internal_cv fold=0 epoch=140/149 train_loss=0.123755 val_bce=0.787732 best=N best_epoch=1 mass=(0.5467,0.4533) hard=(0.5415,0.4585) entropy=0.537090 delta_l2=(1.056702,1.038965) delta_cos=0.706857 epoch_seconds=0.49
TASK_TRAINING_DONE repeat=2 scope=internal_cv fold=0 base_encoder_epoch=33 base_classifier_epoch=34 base_val_bce=0.624088 selected_crsm_epoch=1 crsm_val_bce=0.624088 treatment_threshold=0.553223 elapsed_minutes=3.6
TASK_DONE repeat=2 scope=internal_fold fold=0 method=baseline selected_encoder_epoch=33 test_auc=0.729990 test_bce=0.601326 elapsed_minutes=3.6
TASK_DONE repeat=2 scope=internal_fold fold=0 method=control_referenced_soft_multiboundary selected_encoder_epoch=33 test_auc=0.732523 test_bce=0.600565 elapsed_minutes=3.6
TASK_START repeat=2 scope=internal_cv fold=1 seed=100201 device=cuda:0 shared_encoder=Y reference_unique_n=674 train_n=750 val_n=119
CHECKPOINT_BEST repeat=2 scope=internal_cv fold=1 phase=ssl epoch=1 path=/data/adodas/VarCoNet-V2-main/xiaolunwen/experiment1b/checkpoints/worker_r2_best.pt
[SSL] repeat=2 scope=internal_cv fold=1 epoch=1/50 ssl_loss=0.094419 lr=0.000024107 base_val_bce=0.625054 base_best=Y base_cls_epoch=44 epoch_seconds=4.1 task_elapsed_minutes=0.1 gpu_alloc_gb=0.318 gpu_reserved_gb=1.744
CHECKPOINT_BEST repeat=2 scope=internal_cv fold=1 phase=ssl epoch=2 path=/data/adodas/VarCoNet-V2-main/xiaolunwen/experiment1b/checkpoints/worker_r2_best.pt
[SSL] repeat=2 scope=internal_cv fold=1 epoch=2/50 ssl_loss=0.086623 lr=0.000038214 base_val_bce=0.622725 base_best=Y base_cls_epoch=24 epoch_seconds=3.9 task_elapsed_minutes=0.1 gpu_alloc_gb=0.317 gpu_reserved_gb=2.008
CHECKPOINT_BEST repeat=2 scope=internal_cv fold=1 phase=ssl epoch=3 path=/data/adodas/VarCoNet-V2-main/xiaolunwen/experiment1b/checkpoints/worker_r2_best.pt
[SSL] repeat=2 scope=internal_cv fold=1 epoch=3/50 ssl_loss=0.081072 lr=0.000052321 base_val_bce=0.621292 base_best=Y base_cls_epoch=19 epoch_seconds=16.1 task_elapsed_minutes=0.3 gpu_alloc_gb=0.318 gpu_reserved_gb=1.744
[SSL] repeat=2 scope=internal_cv fold=1 epoch=4/50 ssl_loss=0.086766 lr=0.000066427 base_val_bce=0.626766 base_best=N base_cls_epoch=20 epoch_seconds=3.9 task_elapsed_minutes=0.5 gpu_alloc_gb=0.317 gpu_reserved_gb=2.008
CHECKPOINT_BEST repeat=2 scope=internal_cv fold=1 phase=ssl epoch=5 path=/data/adodas/VarCoNet-V2-main/xiaolunwen/experiment1b/checkpoints/worker_r2_best.pt
[SSL] repeat=2 scope=internal_cv fold=1 epoch=5/50 ssl_loss=0.075050 lr=0.000080534 base_val_bce=0.610158 base_best=Y base_cls_epoch=28 epoch_seconds=4.1 task_elapsed_minutes=0.5 gpu_alloc_gb=0.318 gpu_reserved_gb=1.744
[SSL] repeat=2 scope=internal_cv fold=1 epoch=6/50 ssl_loss=0.065370 lr=0.000094641 base_val_bce=0.615500 base_best=N base_cls_epoch=24 epoch_seconds=3.8 task_elapsed_minutes=0.6 gpu_alloc_gb=0.317 gpu_reserved_gb=2.008
[SSL] repeat=2 scope=internal_cv fold=1 epoch=7/50 ssl_loss=0.067764 lr=0.000108748 base_val_bce=0.617115 base_best=N base_cls_epoch=25 epoch_seconds=3.6 task_elapsed_minutes=0.7 gpu_alloc_gb=0.318 gpu_reserved_gb=1.744
[SSL] repeat=2 scope=internal_cv fold=1 epoch=8/50 ssl_loss=0.080928 lr=0.000122855 base_val_bce=0.615067 base_best=N base_cls_epoch=26 epoch_seconds=3.8 task_elapsed_minutes=0.7 gpu_alloc_gb=0.317 gpu_reserved_gb=2.008
[SSL] repeat=2 scope=internal_cv fold=1 epoch=9/50 ssl_loss=0.059993 lr=0.000136962 base_val_bce=0.613413 base_best=N base_cls_epoch=26 epoch_seconds=3.8 task_elapsed_minutes=0.8 gpu_alloc_gb=0.318 gpu_reserved_gb=1.744
CHECKPOINT_LATEST repeat=2 scope=internal_cv fold=1 phase=ssl epoch=10 path=/data/adodas/VarCoNet-V2-main/xiaolunwen/experiment1b/checkpoints/worker_r2_latest.pt
[SSL] repeat=2 scope=internal_cv fold=1 epoch=10/50 ssl_loss=0.054644 lr=0.000136962 base_val_bce=0.617371 base_best=N base_cls_epoch=44 epoch_seconds=3.8 task_elapsed_minutes=0.8 gpu_alloc_gb=0.317 gpu_reserved_gb=2.008
[SSL] repeat=2 scope=internal_cv fold=1 epoch=11/50 ssl_loss=0.047803 lr=0.000136751 base_val_bce=0.610825 base_best=N base_cls_epoch=31 epoch_seconds=3.5 task_elapsed_minutes=0.9 gpu_alloc_gb=0.318 gpu_reserved_gb=1.744
[SSL] repeat=2 scope=internal_cv fold=1 epoch=12/50 ssl_loss=0.050991 lr=0.000136119 base_val_bce=0.617552 base_best=N base_cls_epoch=46 epoch_seconds=3.7 task_elapsed_minutes=1.0 gpu_alloc_gb=0.317 gpu_reserved_gb=2.008
CHECKPOINT_BEST repeat=2 scope=internal_cv fold=1 phase=ssl epoch=13 path=/data/adodas/VarCoNet-V2-main/xiaolunwen/experiment1b/checkpoints/worker_r2_best.pt
[SSL] repeat=2 scope=internal_cv fold=1 epoch=13/50 ssl_loss=0.055258 lr=0.000135070 base_val_bce=0.608217 base_best=Y base_cls_epoch=49 epoch_seconds=4.0 task_elapsed_minutes=1.0 gpu_alloc_gb=0.318 gpu_reserved_gb=1.744
CHECKPOINT_BEST repeat=2 scope=internal_cv fold=1 phase=ssl epoch=14 path=/data/adodas/VarCoNet-V2-main/xiaolunwen/experiment1b/checkpoints/worker_r2_best.pt
[SSL] repeat=2 scope=internal_cv fold=1 epoch=14/50 ssl_loss=0.051820 lr=0.000133610 base_val_bce=0.604072 base_best=Y base_cls_epoch=45 epoch_seconds=4.0 task_elapsed_minutes=1.1 gpu_alloc_gb=0.317 gpu_reserved_gb=2.008
CHECKPOINT_BEST repeat=2 scope=internal_cv fold=1 phase=ssl epoch=15 path=/data/adodas/VarCoNet-V2-main/xiaolunwen/experiment1b/checkpoints/worker_r2_best.pt
[SSL] repeat=2 scope=internal_cv fold=1 epoch=15/50 ssl_loss=0.048197 lr=0.000131749 base_val_bce=0.602195 base_best=Y base_cls_epoch=51 epoch_seconds=4.0 task_elapsed_minutes=1.2 gpu_alloc_gb=0.318 gpu_reserved_gb=1.744
CHECKPOINT_BEST repeat=2 scope=internal_cv fold=1 phase=ssl epoch=16 path=/data/adodas/VarCoNet-V2-main/xiaolunwen/experiment1b/checkpoints/worker_r2_best.pt
[SSL] repeat=2 scope=internal_cv fold=1 epoch=16/50 ssl_loss=0.046532 lr=0.000129498 base_val_bce=0.601611 base_best=Y base_cls_epoch=49 epoch_seconds=4.1 task_elapsed_minutes=1.2 gpu_alloc_gb=0.317 gpu_reserved_gb=2.008
[SSL] repeat=2 scope=internal_cv fold=1 epoch=17/50 ssl_loss=0.047247 lr=0.000126870 base_val_bce=0.609461 base_best=N base_cls_epoch=43 epoch_seconds=3.8 task_elapsed_minutes=1.3 gpu_alloc_gb=0.318 gpu_reserved_gb=1.744
[SSL] repeat=2 scope=internal_cv fold=1 epoch=18/50 ssl_loss=0.048932 lr=0.000123883 base_val_bce=0.603774 base_best=N base_cls_epoch=51 epoch_seconds=3.6 task_elapsed_minutes=1.4 gpu_alloc_gb=0.317 gpu_reserved_gb=2.008
[SSL] repeat=2 scope=internal_cv fold=1 epoch=19/50 ssl_loss=0.042110 lr=0.000120554 base_val_bce=0.605413 base_best=N base_cls_epoch=47 epoch_seconds=3.0 task_elapsed_minutes=1.4 gpu_alloc_gb=0.318 gpu_reserved_gb=1.744
CHECKPOINT_LATEST repeat=2 scope=internal_cv fold=1 phase=ssl epoch=20 path=/data/adodas/VarCoNet-V2-main/xiaolunwen/experiment1b/checkpoints/worker_r2_latest.pt
[SSL] repeat=2 scope=internal_cv fold=1 epoch=20/50 ssl_loss=0.042039 lr=0.000116904 base_val_bce=0.617057 base_best=N base_cls_epoch=49 epoch_seconds=4.5 task_elapsed_minutes=1.5 gpu_alloc_gb=0.317 gpu_reserved_gb=2.008
CHECKPOINT_BEST repeat=2 scope=internal_cv fold=1 phase=ssl epoch=21 path=/data/adodas/VarCoNet-V2-main/xiaolunwen/experiment1b/checkpoints/worker_r2_best.pt
[SSL] repeat=2 scope=internal_cv fold=1 epoch=21/50 ssl_loss=0.042984 lr=0.000112956 base_val_bce=0.589618 base_best=Y base_cls_epoch=53 epoch_seconds=4.4 task_elapsed_minutes=1.6 gpu_alloc_gb=0.318 gpu_reserved_gb=1.744
[SSL] repeat=2 scope=internal_cv fold=1 epoch=22/50 ssl_loss=0.046395 lr=0.000108733 base_val_bce=0.597658 base_best=N base_cls_epoch=48 epoch_seconds=3.8 task_elapsed_minutes=1.6 gpu_alloc_gb=0.317 gpu_reserved_gb=2.008
[SSL] repeat=2 scope=internal_cv fold=1 epoch=23/50 ssl_loss=0.054083 lr=0.000104262 base_val_bce=0.622227 base_best=N base_cls_epoch=46 epoch_seconds=3.8 task_elapsed_minutes=1.7 gpu_alloc_gb=0.318 gpu_reserved_gb=1.744
[SSL] repeat=2 scope=internal_cv fold=1 epoch=24/50 ssl_loss=0.040295 lr=0.000099570 base_val_bce=0.605378 base_best=N base_cls_epoch=54 epoch_seconds=3.8 task_elapsed_minutes=1.8 gpu_alloc_gb=0.317 gpu_reserved_gb=2.008
[SSL] repeat=2 scope=internal_cv fold=1 epoch=25/50 ssl_loss=0.042547 lr=0.000094687 base_val_bce=0.606901 base_best=N base_cls_epoch=51 epoch_seconds=3.9 task_elapsed_minutes=1.8 gpu_alloc_gb=0.318 gpu_reserved_gb=1.744
[SSL] repeat=2 scope=internal_cv fold=1 epoch=26/50 ssl_loss=0.034283 lr=0.000089643 base_val_bce=0.602692 base_best=N base_cls_epoch=49 epoch_seconds=3.9 task_elapsed_minutes=1.9 gpu_alloc_gb=0.317 gpu_reserved_gb=2.008
[SSL] repeat=2 scope=internal_cv fold=1 epoch=27/50 ssl_loss=0.030007 lr=0.000084467 base_val_bce=0.604847 base_best=N base_cls_epoch=48 epoch_seconds=3.8 task_elapsed_minutes=1.9 gpu_alloc_gb=0.318 gpu_reserved_gb=1.744
[SSL] repeat=2 scope=internal_cv fold=1 epoch=28/50 ssl_loss=0.042252 lr=0.000079194 base_val_bce=0.605693 base_best=N base_cls_epoch=49 epoch_seconds=3.8 task_elapsed_minutes=2.0 gpu_alloc_gb=0.317 gpu_reserved_gb=2.008
[SSL] repeat=2 scope=internal_cv fold=1 epoch=29/50 ssl_loss=0.049052 lr=0.000073854 base_val_bce=0.605149 base_best=N base_cls_epoch=52 epoch_seconds=3.7 task_elapsed_minutes=2.1 gpu_alloc_gb=0.318 gpu_reserved_gb=1.744
CHECKPOINT_LATEST repeat=2 scope=internal_cv fold=1 phase=ssl epoch=30 path=/data/adodas/VarCoNet-V2-main/xiaolunwen/experiment1b/checkpoints/worker_r2_latest.pt
[SSL] repeat=2 scope=internal_cv fold=1 epoch=30/50 ssl_loss=0.041749 lr=0.000068481 base_val_bce=0.623003 base_best=N base_cls_epoch=49 epoch_seconds=4.0 task_elapsed_minutes=2.1 gpu_alloc_gb=0.317 gpu_reserved_gb=2.008
[SSL] repeat=2 scope=internal_cv fold=1 epoch=31/50 ssl_loss=0.035079 lr=0.000063108 base_val_bce=0.594867 base_best=N base_cls_epoch=50 epoch_seconds=3.9 task_elapsed_minutes=2.2 gpu_alloc_gb=0.318 gpu_reserved_gb=1.744
[SSL] repeat=2 scope=internal_cv fold=1 epoch=32/50 ssl_loss=0.045159 lr=0.000057768 base_val_bce=0.607770 base_best=N base_cls_epoch=50 epoch_seconds=3.8 task_elapsed_minutes=2.3 gpu_alloc_gb=0.317 gpu_reserved_gb=2.008
[SSL] repeat=2 scope=internal_cv fold=1 epoch=33/50 ssl_loss=0.036092 lr=0.000052494 base_val_bce=0.601338 base_best=N base_cls_epoch=49 epoch_seconds=3.8 task_elapsed_minutes=2.3 gpu_alloc_gb=0.318 gpu_reserved_gb=1.744
[SSL] repeat=2 scope=internal_cv fold=1 epoch=34/50 ssl_loss=0.037913 lr=0.000047319 base_val_bce=0.602982 base_best=N base_cls_epoch=47 epoch_seconds=3.7 task_elapsed_minutes=2.4 gpu_alloc_gb=0.317 gpu_reserved_gb=2.008
[SSL] repeat=2 scope=internal_cv fold=1 epoch=35/50 ssl_loss=0.046028 lr=0.000042274 base_val_bce=0.605340 base_best=N base_cls_epoch=50 epoch_seconds=3.8 task_elapsed_minutes=2.5 gpu_alloc_gb=0.318 gpu_reserved_gb=1.744
[SSL] repeat=2 scope=internal_cv fold=1 epoch=36/50 ssl_loss=0.049080 lr=0.000037391 base_val_bce=0.615783 base_best=N base_cls_epoch=47 epoch_seconds=3.6 task_elapsed_minutes=2.5 gpu_alloc_gb=0.317 gpu_reserved_gb=2.008
[SSL] repeat=2 scope=internal_cv fold=1 epoch=37/50 ssl_loss=0.035893 lr=0.000032700 base_val_bce=0.619114 base_best=N base_cls_epoch=48 epoch_seconds=3.8 task_elapsed_minutes=2.6 gpu_alloc_gb=0.318 gpu_reserved_gb=1.744
[SSL] repeat=2 scope=internal_cv fold=1 epoch=38/50 ssl_loss=0.030580 lr=0.000028229 base_val_bce=0.601242 base_best=N base_cls_epoch=50 epoch_seconds=5.5 task_elapsed_minutes=2.7 gpu_alloc_gb=0.317 gpu_reserved_gb=2.008
[SSL] repeat=2 scope=internal_cv fold=1 epoch=39/50 ssl_loss=0.038487 lr=0.000024006 base_val_bce=0.617429 base_best=N base_cls_epoch=45 epoch_seconds=3.6 task_elapsed_minutes=2.7 gpu_alloc_gb=0.318 gpu_reserved_gb=1.744
CHECKPOINT_LATEST repeat=2 scope=internal_cv fold=1 phase=ssl epoch=40 path=/data/adodas/VarCoNet-V2-main/xiaolunwen/experiment1b/checkpoints/worker_r2_latest.pt
[SSL] repeat=2 scope=internal_cv fold=1 epoch=40/50 ssl_loss=0.043386 lr=0.000020058 base_val_bce=0.611268 base_best=N base_cls_epoch=52 epoch_seconds=3.3 task_elapsed_minutes=2.8 gpu_alloc_gb=0.317 gpu_reserved_gb=2.008
[SSL] repeat=2 scope=internal_cv fold=1 epoch=41/50 ssl_loss=0.031368 lr=0.000016408 base_val_bce=0.601077 base_best=N base_cls_epoch=50 epoch_seconds=3.9 task_elapsed_minutes=2.9 gpu_alloc_gb=0.318 gpu_reserved_gb=1.744
[SSL] repeat=2 scope=internal_cv fold=1 epoch=42/50 ssl_loss=0.031353 lr=0.000013079 base_val_bce=0.617131 base_best=N base_cls_epoch=52 epoch_seconds=3.9 task_elapsed_minutes=2.9 gpu_alloc_gb=0.317 gpu_reserved_gb=2.008
[SSL] repeat=2 scope=internal_cv fold=1 epoch=43/50 ssl_loss=0.033522 lr=0.000010091 base_val_bce=0.613797 base_best=N base_cls_epoch=47 epoch_seconds=3.9 task_elapsed_minutes=3.0 gpu_alloc_gb=0.318 gpu_reserved_gb=1.744
[SSL] repeat=2 scope=internal_cv fold=1 epoch=44/50 ssl_loss=0.045363 lr=0.000007464 base_val_bce=0.614807 base_best=N base_cls_epoch=47 epoch_seconds=3.9 task_elapsed_minutes=3.0 gpu_alloc_gb=0.317 gpu_reserved_gb=2.008
[SSL] repeat=2 scope=internal_cv fold=1 epoch=45/50 ssl_loss=0.033991 lr=0.000005213 base_val_bce=0.616385 base_best=N base_cls_epoch=48 epoch_seconds=4.0 task_elapsed_minutes=3.1 gpu_alloc_gb=0.318 gpu_reserved_gb=1.744
[SSL] repeat=2 scope=internal_cv fold=1 epoch=46/50 ssl_loss=0.035591 lr=0.000003352 base_val_bce=0.609962 base_best=N base_cls_epoch=47 epoch_seconds=3.7 task_elapsed_minutes=3.2 gpu_alloc_gb=0.317 gpu_reserved_gb=2.008
[SSL] repeat=2 scope=internal_cv fold=1 epoch=47/50 ssl_loss=0.031973 lr=0.000001892 base_val_bce=0.612964 base_best=N base_cls_epoch=49 epoch_seconds=3.9 task_elapsed_minutes=3.2 gpu_alloc_gb=0.318 gpu_reserved_gb=1.744
[SSL] repeat=2 scope=internal_cv fold=1 epoch=48/50 ssl_loss=0.038055 lr=0.000000843 base_val_bce=0.622853 base_best=N base_cls_epoch=46 epoch_seconds=3.8 task_elapsed_minutes=3.3 gpu_alloc_gb=0.317 gpu_reserved_gb=2.008
[SSL] repeat=2 scope=internal_cv fold=1 epoch=49/50 ssl_loss=0.039204 lr=0.000000211 base_val_bce=0.615702 base_best=N base_cls_epoch=46 epoch_seconds=3.9 task_elapsed_minutes=3.4 gpu_alloc_gb=0.318 gpu_reserved_gb=1.744
CHECKPOINT_LATEST repeat=2 scope=internal_cv fold=1 phase=ssl epoch=50 path=/data/adodas/VarCoNet-V2-main/xiaolunwen/experiment1b/checkpoints/worker_r2_latest.pt
[SSL] repeat=2 scope=internal_cv fold=1 epoch=50/50 ssl_loss=0.039392 lr=0.000000000 base_val_bce=0.609674 base_best=N base_cls_epoch=50 epoch_seconds=4.0 task_elapsed_minutes=3.4 gpu_alloc_gb=0.317 gpu_reserved_gb=2.008
CRSM_INIT repeat=2 scope=internal_cv fold=1 n_experts=2 tau=1.0 trainable_parameters=147074 hc_centroid_norm=23.826952 pca_unit_norm=1.00000000 pca_singular=154.004944 sigma_margin=1.829144 sigma_projection=8.023612 ratio=0.0100 scale=0.00227970118 epoch0_val_bce=0.589630
CHECKPOINT_LATEST repeat=2 scope=internal_cv fold=1 phase=crsm epoch=0 path=/data/adodas/VarCoNet-V2-main/xiaolunwen/experiment1b/checkpoints/worker_r2_latest.pt
CHECKPOINT_BEST repeat=2 scope=internal_cv fold=1 phase=crsm epoch=0 path=/data/adodas/VarCoNet-V2-main/xiaolunwen/experiment1b/checkpoints/worker_r2_best.pt
CHECKPOINT_LATEST repeat=2 scope=internal_cv fold=1 phase=crsm epoch=10 path=/data/adodas/VarCoNet-V2-main/xiaolunwen/experiment1b/checkpoints/worker_r2_latest.pt
[CRSM] repeat=2 scope=internal_cv fold=1 epoch=10/149 train_loss=0.150460 val_bce=0.596291 best=N best_epoch=0 mass=(0.5015,0.4985) hard=(0.3976,0.6024) entropy=0.692831 delta_l2=(0.130351,0.130068) delta_cos=0.989730 epoch_seconds=0.51
CHECKPOINT_LATEST repeat=2 scope=internal_cv fold=1 phase=crsm epoch=20 path=/data/adodas/VarCoNet-V2-main/xiaolunwen/experiment1b/checkpoints/worker_r2_latest.pt
[CRSM] repeat=2 scope=internal_cv fold=1 epoch=20/149 train_loss=0.131240 val_bce=0.610478 best=N best_epoch=0 mass=(0.5023,0.4977) hard=(0.4154,0.5846) entropy=0.692503 delta_l2=(0.248901,0.248657) delta_cos=0.990780 epoch_seconds=1.30
CHECKPOINT_LATEST repeat=2 scope=internal_cv fold=1 phase=crsm epoch=30 path=/data/adodas/VarCoNet-V2-main/xiaolunwen/experiment1b/checkpoints/worker_r2_latest.pt
[CRSM] repeat=2 scope=internal_cv fold=1 epoch=30/149 train_loss=0.117646 val_bce=0.625877 best=N best_epoch=0 mass=(0.5037,0.4963) hard=(0.4199,0.5801) entropy=0.691746 delta_l2=(0.355846,0.355642) delta_cos=0.989198 epoch_seconds=0.43
CHECKPOINT_LATEST repeat=2 scope=internal_cv fold=1 phase=crsm epoch=40 path=/data/adodas/VarCoNet-V2-main/xiaolunwen/experiment1b/checkpoints/worker_r2_latest.pt
[CRSM] repeat=2 scope=internal_cv fold=1 epoch=40/149 train_loss=0.107899 val_bce=0.641723 best=N best_epoch=0 mass=(0.5059,0.4941) hard=(0.4273,0.5727) entropy=0.689993 delta_l2=(0.451624,0.451449) delta_cos=0.985504 epoch_seconds=0.68
CHECKPOINT_LATEST repeat=2 scope=internal_cv fold=1 phase=crsm epoch=50 path=/data/adodas/VarCoNet-V2-main/xiaolunwen/experiment1b/checkpoints/worker_r2_latest.pt
[CRSM] repeat=2 scope=internal_cv fold=1 epoch=50/149 train_loss=0.100803 val_bce=0.658523 best=N best_epoch=0 mass=(0.5088,0.4912) hard=(0.4303,0.5697) entropy=0.686336 delta_l2=(0.537184,0.536988) delta_cos=0.978780 epoch_seconds=0.81
CHECKPOINT_LATEST repeat=2 scope=internal_cv fold=1 phase=crsm epoch=60 path=/data/adodas/VarCoNet-V2-main/xiaolunwen/experiment1b/checkpoints/worker_r2_latest.pt
[CRSM] repeat=2 scope=internal_cv fold=1 epoch=60/149 train_loss=0.095523 val_bce=0.675420 best=N best_epoch=0 mass=(0.5121,0.4879) hard=(0.4392,0.5608) entropy=0.679579 delta_l2=(0.613629,0.613442) delta_cos=0.967687 epoch_seconds=1.18
CHECKPOINT_LATEST repeat=2 scope=internal_cv fold=1 phase=crsm epoch=70 path=/data/adodas/VarCoNet-V2-main/xiaolunwen/experiment1b/checkpoints/worker_r2_latest.pt
[CRSM] repeat=2 scope=internal_cv fold=1 epoch=70/149 train_loss=0.091486 val_bce=0.692027 best=N best_epoch=0 mass=(0.5154,0.4846) hard=(0.4436,0.5564) entropy=0.669010 delta_l2=(0.682133,0.682215) delta_cos=0.951147 epoch_seconds=0.46
CHECKPOINT_LATEST repeat=2 scope=internal_cv fold=1 phase=crsm epoch=80 path=/data/adodas/VarCoNet-V2-main/xiaolunwen/experiment1b/checkpoints/worker_r2_latest.pt
[CRSM] repeat=2 scope=internal_cv fold=1 epoch=80/149 train_loss=0.088315 val_bce=0.708472 best=N best_epoch=0 mass=(0.5178,0.4822) hard=(0.4525,0.5475) entropy=0.655075 delta_l2=(0.743801,0.744775) delta_cos=0.929038 epoch_seconds=0.74
CHECKPOINT_LATEST repeat=2 scope=internal_cv fold=1 phase=crsm epoch=90 path=/data/adodas/VarCoNet-V2-main/xiaolunwen/experiment1b/checkpoints/worker_r2_latest.pt
[CRSM] repeat=2 scope=internal_cv fold=1 epoch=90/149 train_loss=0.085774 val_bce=0.724555 best=N best_epoch=0 mass=(0.5193,0.4807) hard=(0.4644,0.5356) entropy=0.638867 delta_l2=(0.799570,0.802386) delta_cos=0.902324 epoch_seconds=0.84
CHECKPOINT_LATEST repeat=2 scope=internal_cv fold=1 phase=crsm epoch=100 path=/data/adodas/VarCoNet-V2-main/xiaolunwen/experiment1b/checkpoints/worker_r2_latest.pt
[CRSM] repeat=2 scope=internal_cv fold=1 epoch=100/149 train_loss=0.083712 val_bce=0.740072 best=N best_epoch=0 mass=(0.5199,0.4801) hard=(0.4688,0.5312) entropy=0.621600 delta_l2=(0.850229,0.855941) delta_cos=0.872651 epoch_seconds=0.74
CHECKPOINT_LATEST repeat=2 scope=internal_cv fold=1 phase=crsm epoch=110 path=/data/adodas/VarCoNet-V2-main/xiaolunwen/experiment1b/checkpoints/worker_r2_latest.pt
[CRSM] repeat=2 scope=internal_cv fold=1 epoch=110/149 train_loss=0.082027 val_bce=0.754957 best=N best_epoch=0 mass=(0.5201,0.4799) hard=(0.4659,0.5341) entropy=0.604238 delta_l2=(0.896451,0.905966) delta_cos=0.841726 epoch_seconds=0.73
CHECKPOINT_LATEST repeat=2 scope=internal_cv fold=1 phase=crsm epoch=120 path=/data/adodas/VarCoNet-V2-main/xiaolunwen/experiment1b/checkpoints/worker_r2_latest.pt
[CRSM] repeat=2 scope=internal_cv fold=1 epoch=120/149 train_loss=0.080643 val_bce=0.769195 best=N best_epoch=0 mass=(0.5201,0.4799) hard=(0.4748,0.5252) entropy=0.587423 delta_l2=(0.938818,0.952755) delta_cos=0.810923 epoch_seconds=0.94
CHECKPOINT_LATEST repeat=2 scope=internal_cv fold=1 phase=crsm epoch=130 path=/data/adodas/VarCoNet-V2-main/xiaolunwen/experiment1b/checkpoints/worker_r2_latest.pt
[CRSM] repeat=2 scope=internal_cv fold=1 epoch=130/149 train_loss=0.079501 val_bce=0.782787 best=N best_epoch=0 mass=(0.5199,0.4801) hard=(0.4777,0.5223) entropy=0.571535 delta_l2=(0.977830,0.996506) delta_cos=0.781164 epoch_seconds=1.28
CHECKPOINT_LATEST repeat=2 scope=internal_cv fold=1 phase=crsm epoch=140 path=/data/adodas/VarCoNet-V2-main/xiaolunwen/experiment1b/checkpoints/worker_r2_latest.pt
[CRSM] repeat=2 scope=internal_cv fold=1 epoch=140/149 train_loss=0.078552 val_bce=0.795726 best=N best_epoch=0 mass=(0.5196,0.4804) hard=(0.4866,0.5134) entropy=0.556755 delta_l2=(1.013906,1.037409) delta_cos=0.752963 epoch_seconds=0.62
TASK_TRAINING_DONE repeat=2 scope=internal_cv fold=1 base_encoder_epoch=21 base_classifier_epoch=53 base_val_bce=0.589618 selected_crsm_epoch=0 crsm_val_bce=0.589630 treatment_threshold=0.442950 elapsed_minutes=3.7
TASK_DONE repeat=2 scope=internal_fold fold=1 method=baseline selected_encoder_epoch=21 test_auc=0.815096 test_bce=0.539017 elapsed_minutes=3.7
TASK_DONE repeat=2 scope=internal_fold fold=1 method=control_referenced_soft_multiboundary selected_encoder_epoch=21 test_auc=0.815096 test_bce=0.539034 elapsed_minutes=3.7
TASK_START repeat=2 scope=internal_cv fold=2 seed=100202 device=cuda:0 shared_encoder=Y reference_unique_n=674 train_n=750 val_n=120
CHECKPOINT_BEST repeat=2 scope=internal_cv fold=2 phase=ssl epoch=1 path=/data/adodas/VarCoNet-V2-main/xiaolunwen/experiment1b/checkpoints/worker_r2_best.pt
[SSL] repeat=2 scope=internal_cv fold=2 epoch=1/50 ssl_loss=2.398199 lr=0.000024107 base_val_bce=0.663413 base_best=Y base_cls_epoch=50 epoch_seconds=2.9 task_elapsed_minutes=0.0 gpu_alloc_gb=0.318 gpu_reserved_gb=1.744
[SSL] repeat=2 scope=internal_cv fold=2 epoch=2/50 ssl_loss=1.096234 lr=0.000038214 base_val_bce=0.666009 base_best=N base_cls_epoch=16 epoch_seconds=3.8 task_elapsed_minutes=0.1 gpu_alloc_gb=0.317 gpu_reserved_gb=2.008
[SSL] repeat=2 scope=internal_cv fold=2 epoch=3/50 ssl_loss=0.346140 lr=0.000052321 base_val_bce=0.667364 base_best=N base_cls_epoch=11 epoch_seconds=3.6 task_elapsed_minutes=0.2 gpu_alloc_gb=0.318 gpu_reserved_gb=1.744
[SSL] repeat=2 scope=internal_cv fold=2 epoch=4/50 ssl_loss=0.163771 lr=0.000066427 base_val_bce=0.675299 base_best=N base_cls_epoch=10 epoch_seconds=3.4 task_elapsed_minutes=0.2 gpu_alloc_gb=0.317 gpu_reserved_gb=2.008
[SSL] repeat=2 scope=internal_cv fold=2 epoch=5/50 ssl_loss=0.163628 lr=0.000080534 base_val_bce=0.675793 base_best=N base_cls_epoch=9 epoch_seconds=3.5 task_elapsed_minutes=0.3 gpu_alloc_gb=0.318 gpu_reserved_gb=1.744
[SSL] repeat=2 scope=internal_cv fold=2 epoch=6/50 ssl_loss=0.133127 lr=0.000094641 base_val_bce=0.676476 base_best=N base_cls_epoch=8 epoch_seconds=3.8 task_elapsed_minutes=0.4 gpu_alloc_gb=0.317 gpu_reserved_gb=2.008
CHECKPOINT_BEST repeat=2 scope=internal_cv fold=2 phase=ssl epoch=7 path=/data/adodas/VarCoNet-V2-main/xiaolunwen/experiment1b/checkpoints/worker_r2_best.pt
[SSL] repeat=2 scope=internal_cv fold=2 epoch=7/50 ssl_loss=0.112905 lr=0.000108748 base_val_bce=0.657296 base_best=Y base_cls_epoch=10 epoch_seconds=3.9 task_elapsed_minutes=0.4 gpu_alloc_gb=0.318 gpu_reserved_gb=1.744
[SSL] repeat=2 scope=internal_cv fold=2 epoch=8/50 ssl_loss=0.121368 lr=0.000122855 base_val_bce=0.661542 base_best=N base_cls_epoch=11 epoch_seconds=3.8 task_elapsed_minutes=0.5 gpu_alloc_gb=0.317 gpu_reserved_gb=2.008
CHECKPOINT_BEST repeat=2 scope=internal_cv fold=2 phase=ssl epoch=9 path=/data/adodas/VarCoNet-V2-main/xiaolunwen/experiment1b/checkpoints/worker_r2_best.pt
[SSL] repeat=2 scope=internal_cv fold=2 epoch=9/50 ssl_loss=0.090033 lr=0.000136962 base_val_bce=0.654970 base_best=Y base_cls_epoch=9 epoch_seconds=4.1 task_elapsed_minutes=0.5 gpu_alloc_gb=0.318 gpu_reserved_gb=1.744
CHECKPOINT_LATEST repeat=2 scope=internal_cv fold=2 phase=ssl epoch=10 path=/data/adodas/VarCoNet-V2-main/xiaolunwen/experiment1b/checkpoints/worker_r2_latest.pt
[SSL] repeat=2 scope=internal_cv fold=2 epoch=10/50 ssl_loss=0.090224 lr=0.000136962 base_val_bce=0.661118 base_best=N base_cls_epoch=8 epoch_seconds=14.4 task_elapsed_minutes=0.6 gpu_alloc_gb=0.317 gpu_reserved_gb=2.008
CHECKPOINT_BEST repeat=2 scope=internal_cv fold=2 phase=ssl epoch=11 path=/data/adodas/VarCoNet-V2-main/xiaolunwen/experiment1b/checkpoints/worker_r2_best.pt
[SSL] repeat=2 scope=internal_cv fold=2 epoch=11/50 ssl_loss=0.088075 lr=0.000136751 base_val_bce=0.654051 base_best=Y base_cls_epoch=7 epoch_seconds=5.6 task_elapsed_minutes=0.9 gpu_alloc_gb=0.318 gpu_reserved_gb=1.744
[SSL] repeat=2 scope=internal_cv fold=2 epoch=12/50 ssl_loss=0.096136 lr=0.000136119 base_val_bce=0.661650 base_best=N base_cls_epoch=12 epoch_seconds=4.3 task_elapsed_minutes=1.0 gpu_alloc_gb=0.317 gpu_reserved_gb=2.008
[SSL] repeat=2 scope=internal_cv fold=2 epoch=13/50 ssl_loss=0.089525 lr=0.000135070 base_val_bce=0.666037 base_best=N base_cls_epoch=11 epoch_seconds=2.7 task_elapsed_minutes=1.0 gpu_alloc_gb=0.318 gpu_reserved_gb=1.744
[SSL] repeat=2 scope=internal_cv fold=2 epoch=14/50 ssl_loss=0.093254 lr=0.000133610 base_val_bce=0.658299 base_best=N base_cls_epoch=15 epoch_seconds=3.9 task_elapsed_minutes=1.1 gpu_alloc_gb=0.317 gpu_reserved_gb=2.008
CHECKPOINT_BEST repeat=2 scope=internal_cv fold=2 phase=ssl epoch=15 path=/data/adodas/VarCoNet-V2-main/xiaolunwen/experiment1b/checkpoints/worker_r2_best.pt
[SSL] repeat=2 scope=internal_cv fold=2 epoch=15/50 ssl_loss=0.088601 lr=0.000131749 base_val_bce=0.653676 base_best=Y base_cls_epoch=9 epoch_seconds=4.3 task_elapsed_minutes=1.1 gpu_alloc_gb=0.318 gpu_reserved_gb=1.744
CHECKPOINT_BEST repeat=2 scope=internal_cv fold=2 phase=ssl epoch=16 path=/data/adodas/VarCoNet-V2-main/xiaolunwen/experiment1b/checkpoints/worker_r2_best.pt
[SSL] repeat=2 scope=internal_cv fold=2 epoch=16/50 ssl_loss=0.074856 lr=0.000129498 base_val_bce=0.650467 base_best=Y base_cls_epoch=13 epoch_seconds=4.2 task_elapsed_minutes=1.2 gpu_alloc_gb=0.317 gpu_reserved_gb=2.008
[SSL] repeat=2 scope=internal_cv fold=2 epoch=17/50 ssl_loss=0.068198 lr=0.000126870 base_val_bce=0.660257 base_best=N base_cls_epoch=11 epoch_seconds=3.8 task_elapsed_minutes=1.3 gpu_alloc_gb=0.318 gpu_reserved_gb=1.744
[SSL] repeat=2 scope=internal_cv fold=2 epoch=18/50 ssl_loss=0.093981 lr=0.000123883 base_val_bce=0.666457 base_best=N base_cls_epoch=12 epoch_seconds=3.8 task_elapsed_minutes=1.3 gpu_alloc_gb=0.317 gpu_reserved_gb=2.008
[SSL] repeat=2 scope=internal_cv fold=2 epoch=19/50 ssl_loss=0.084069 lr=0.000120554 base_val_bce=0.664599 base_best=N base_cls_epoch=25 epoch_seconds=3.8 task_elapsed_minutes=1.4 gpu_alloc_gb=0.318 gpu_reserved_gb=1.744
CHECKPOINT_LATEST repeat=2 scope=internal_cv fold=2 phase=ssl epoch=20 path=/data/adodas/VarCoNet-V2-main/xiaolunwen/experiment1b/checkpoints/worker_r2_latest.pt
[SSL] repeat=2 scope=internal_cv fold=2 epoch=20/50 ssl_loss=0.083159 lr=0.000116904 base_val_bce=0.663093 base_best=N base_cls_epoch=28 epoch_seconds=4.2 task_elapsed_minutes=1.5 gpu_alloc_gb=0.317 gpu_reserved_gb=2.008
[SSL] repeat=2 scope=internal_cv fold=2 epoch=21/50 ssl_loss=0.086801 lr=0.000112956 base_val_bce=0.659909 base_best=N base_cls_epoch=13 epoch_seconds=3.7 task_elapsed_minutes=1.5 gpu_alloc_gb=0.318 gpu_reserved_gb=1.744
[SSL] repeat=2 scope=internal_cv fold=2 epoch=22/50 ssl_loss=0.080425 lr=0.000108733 base_val_bce=0.661117 base_best=N base_cls_epoch=30 epoch_seconds=3.7 task_elapsed_minutes=1.6 gpu_alloc_gb=0.317 gpu_reserved_gb=2.008
CHECKPOINT_BEST repeat=2 scope=internal_cv fold=2 phase=ssl epoch=23 path=/data/adodas/VarCoNet-V2-main/xiaolunwen/experiment1b/checkpoints/worker_r2_best.pt
[SSL] repeat=2 scope=internal_cv fold=2 epoch=23/50 ssl_loss=0.082619 lr=0.000104262 base_val_bce=0.650452 base_best=Y base_cls_epoch=28 epoch_seconds=4.2 task_elapsed_minutes=1.7 gpu_alloc_gb=0.318 gpu_reserved_gb=1.744
[SSL] repeat=2 scope=internal_cv fold=2 epoch=24/50 ssl_loss=0.074466 lr=0.000099570 base_val_bce=0.659819 base_best=N base_cls_epoch=28 epoch_seconds=3.8 task_elapsed_minutes=1.7 gpu_alloc_gb=0.317 gpu_reserved_gb=2.008
[SSL] repeat=2 scope=internal_cv fold=2 epoch=25/50 ssl_loss=0.067075 lr=0.000094687 base_val_bce=0.655099 base_best=N base_cls_epoch=33 epoch_seconds=3.3 task_elapsed_minutes=1.8 gpu_alloc_gb=0.318 gpu_reserved_gb=1.744
[SSL] repeat=2 scope=internal_cv fold=2 epoch=26/50 ssl_loss=0.070993 lr=0.000089643 base_val_bce=0.666278 base_best=N base_cls_epoch=28 epoch_seconds=3.8 task_elapsed_minutes=1.8 gpu_alloc_gb=0.317 gpu_reserved_gb=2.008
CHECKPOINT_BEST repeat=2 scope=internal_cv fold=2 phase=ssl epoch=27 path=/data/adodas/VarCoNet-V2-main/xiaolunwen/experiment1b/checkpoints/worker_r2_best.pt
[SSL] repeat=2 scope=internal_cv fold=2 epoch=27/50 ssl_loss=0.081525 lr=0.000084467 base_val_bce=0.649994 base_best=Y base_cls_epoch=31 epoch_seconds=4.1 task_elapsed_minutes=1.9 gpu_alloc_gb=0.318 gpu_reserved_gb=1.744
[SSL] repeat=2 scope=internal_cv fold=2 epoch=28/50 ssl_loss=0.080122 lr=0.000079194 base_val_bce=0.658215 base_best=N base_cls_epoch=32 epoch_seconds=3.8 task_elapsed_minutes=2.0 gpu_alloc_gb=0.317 gpu_reserved_gb=2.008
[SSL] repeat=2 scope=internal_cv fold=2 epoch=29/50 ssl_loss=0.054912 lr=0.000073854 base_val_bce=0.660056 base_best=N base_cls_epoch=29 epoch_seconds=3.9 task_elapsed_minutes=2.0 gpu_alloc_gb=0.318 gpu_reserved_gb=1.744
CHECKPOINT_LATEST repeat=2 scope=internal_cv fold=2 phase=ssl epoch=30 path=/data/adodas/VarCoNet-V2-main/xiaolunwen/experiment1b/checkpoints/worker_r2_latest.pt
[SSL] repeat=2 scope=internal_cv fold=2 epoch=30/50 ssl_loss=0.069372 lr=0.000068481 base_val_bce=0.652727 base_best=N base_cls_epoch=28 epoch_seconds=6.9 task_elapsed_minutes=2.1 gpu_alloc_gb=0.317 gpu_reserved_gb=2.008
CHECKPOINT_BEST repeat=2 scope=internal_cv fold=2 phase=ssl epoch=31 path=/data/adodas/VarCoNet-V2-main/xiaolunwen/experiment1b/checkpoints/worker_r2_best.pt
[SSL] repeat=2 scope=internal_cv fold=2 epoch=31/50 ssl_loss=0.076491 lr=0.000063108 base_val_bce=0.647794 base_best=Y base_cls_epoch=35 epoch_seconds=5.6 task_elapsed_minutes=2.2 gpu_alloc_gb=0.318 gpu_reserved_gb=1.744
[SSL] repeat=2 scope=internal_cv fold=2 epoch=32/50 ssl_loss=0.063379 lr=0.000057768 base_val_bce=0.653373 base_best=N base_cls_epoch=30 epoch_seconds=3.6 task_elapsed_minutes=2.3 gpu_alloc_gb=0.317 gpu_reserved_gb=2.008
CHECKPOINT_BEST repeat=2 scope=internal_cv fold=2 phase=ssl epoch=33 path=/data/adodas/VarCoNet-V2-main/xiaolunwen/experiment1b/checkpoints/worker_r2_best.pt
[SSL] repeat=2 scope=internal_cv fold=2 epoch=33/50 ssl_loss=0.068272 lr=0.000052494 base_val_bce=0.647274 base_best=Y base_cls_epoch=30 epoch_seconds=4.5 task_elapsed_minutes=2.4 gpu_alloc_gb=0.318 gpu_reserved_gb=1.744
[SSL] repeat=2 scope=internal_cv fold=2 epoch=34/50 ssl_loss=0.059898 lr=0.000047319 base_val_bce=0.655118 base_best=N base_cls_epoch=34 epoch_seconds=3.9 task_elapsed_minutes=2.4 gpu_alloc_gb=0.317 gpu_reserved_gb=2.008
[SSL] repeat=2 scope=internal_cv fold=2 epoch=35/50 ssl_loss=0.056661 lr=0.000042274 base_val_bce=0.659536 base_best=N base_cls_epoch=33 epoch_seconds=6.3 task_elapsed_minutes=2.6 gpu_alloc_gb=0.318 gpu_reserved_gb=1.744
CHECKPOINT_BEST repeat=2 scope=internal_cv fold=2 phase=ssl epoch=36 path=/data/adodas/VarCoNet-V2-main/xiaolunwen/experiment1b/checkpoints/worker_r2_best.pt
[SSL] repeat=2 scope=internal_cv fold=2 epoch=36/50 ssl_loss=0.051303 lr=0.000037391 base_val_bce=0.641737 base_best=Y base_cls_epoch=33 epoch_seconds=6.7 task_elapsed_minutes=2.6 gpu_alloc_gb=0.317 gpu_reserved_gb=2.008
[SSL] repeat=2 scope=internal_cv fold=2 epoch=37/50 ssl_loss=0.062331 lr=0.000032700 base_val_bce=0.652350 base_best=N base_cls_epoch=35 epoch_seconds=3.1 task_elapsed_minutes=2.7 gpu_alloc_gb=0.318 gpu_reserved_gb=1.744
[SSL] repeat=2 scope=internal_cv fold=2 epoch=38/50 ssl_loss=0.053707 lr=0.000028229 base_val_bce=0.674425 base_best=N base_cls_epoch=37 epoch_seconds=4.0 task_elapsed_minutes=2.8 gpu_alloc_gb=0.317 gpu_reserved_gb=2.008
[SSL] repeat=2 scope=internal_cv fold=2 epoch=39/50 ssl_loss=0.069045 lr=0.000024006 base_val_bce=0.657225 base_best=N base_cls_epoch=31 epoch_seconds=3.8 task_elapsed_minutes=2.8 gpu_alloc_gb=0.318 gpu_reserved_gb=1.744
CHECKPOINT_LATEST repeat=2 scope=internal_cv fold=2 phase=ssl epoch=40 path=/data/adodas/VarCoNet-V2-main/xiaolunwen/experiment1b/checkpoints/worker_r2_latest.pt
[SSL] repeat=2 scope=internal_cv fold=2 epoch=40/50 ssl_loss=0.065852 lr=0.000020058 base_val_bce=0.654482 base_best=N base_cls_epoch=29 epoch_seconds=4.0 task_elapsed_minutes=2.9 gpu_alloc_gb=0.317 gpu_reserved_gb=2.008
[SSL] repeat=2 scope=internal_cv fold=2 epoch=41/50 ssl_loss=0.051821 lr=0.000016408 base_val_bce=0.662639 base_best=N base_cls_epoch=31 epoch_seconds=2.7 task_elapsed_minutes=3.0 gpu_alloc_gb=0.318 gpu_reserved_gb=1.744
[SSL] repeat=2 scope=internal_cv fold=2 epoch=42/50 ssl_loss=0.074899 lr=0.000013079 base_val_bce=0.660784 base_best=N base_cls_epoch=35 epoch_seconds=2.6 task_elapsed_minutes=3.0 gpu_alloc_gb=0.317 gpu_reserved_gb=2.008
[SSL] repeat=2 scope=internal_cv fold=2 epoch=43/50 ssl_loss=0.057791 lr=0.000010091 base_val_bce=0.655536 base_best=N base_cls_epoch=35 epoch_seconds=5.4 task_elapsed_minutes=3.1 gpu_alloc_gb=0.318 gpu_reserved_gb=1.744
[SSL] repeat=2 scope=internal_cv fold=2 epoch=44/50 ssl_loss=0.074325 lr=0.000007464 base_val_bce=0.668608 base_best=N base_cls_epoch=31 epoch_seconds=2.6 task_elapsed_minutes=3.1 gpu_alloc_gb=0.317 gpu_reserved_gb=2.008
[SSL] repeat=2 scope=internal_cv fold=2 epoch=45/50 ssl_loss=0.070952 lr=0.000005213 base_val_bce=0.667380 base_best=N base_cls_epoch=37 epoch_seconds=3.9 task_elapsed_minutes=3.2 gpu_alloc_gb=0.318 gpu_reserved_gb=1.744
[SSL] repeat=2 scope=internal_cv fold=2 epoch=46/50 ssl_loss=0.065882 lr=0.000003352 base_val_bce=0.657159 base_best=N base_cls_epoch=34 epoch_seconds=3.7 task_elapsed_minutes=3.3 gpu_alloc_gb=0.317 gpu_reserved_gb=2.008
[SSL] repeat=2 scope=internal_cv fold=2 epoch=47/50 ssl_loss=0.080127 lr=0.000001892 base_val_bce=0.675944 base_best=N base_cls_epoch=41 epoch_seconds=3.3 task_elapsed_minutes=3.3 gpu_alloc_gb=0.318 gpu_reserved_gb=1.744
[SSL] repeat=2 scope=internal_cv fold=2 epoch=48/50 ssl_loss=0.061403 lr=0.000000843 base_val_bce=0.661659 base_best=N base_cls_epoch=39 epoch_seconds=3.3 task_elapsed_minutes=3.4 gpu_alloc_gb=0.317 gpu_reserved_gb=2.008
[SSL] repeat=2 scope=internal_cv fold=2 epoch=49/50 ssl_loss=0.071130 lr=0.000000211 base_val_bce=0.662214 base_best=N base_cls_epoch=36 epoch_seconds=3.8 task_elapsed_minutes=3.4 gpu_alloc_gb=0.318 gpu_reserved_gb=1.744
CHECKPOINT_LATEST repeat=2 scope=internal_cv fold=2 phase=ssl epoch=50 path=/data/adodas/VarCoNet-V2-main/xiaolunwen/experiment1b/checkpoints/worker_r2_latest.pt
[SSL] repeat=2 scope=internal_cv fold=2 epoch=50/50 ssl_loss=0.077993 lr=0.000000000 base_val_bce=0.654913 base_best=N base_cls_epoch=36 epoch_seconds=4.2 task_elapsed_minutes=3.5 gpu_alloc_gb=0.317 gpu_reserved_gb=2.008
CRSM_INIT repeat=2 scope=internal_cv fold=2 n_experts=2 tau=1.0 trainable_parameters=147074 hc_centroid_norm=25.215921 pca_unit_norm=1.00000000 pca_singular=158.676193 sigma_margin=1.570912 sigma_projection=7.224625 ratio=0.0100 scale=0.00217438629 epoch0_val_bce=0.641742
CHECKPOINT_LATEST repeat=2 scope=internal_cv fold=2 phase=crsm epoch=0 path=/data/adodas/VarCoNet-V2-main/xiaolunwen/experiment1b/checkpoints/worker_r2_latest.pt
CHECKPOINT_BEST repeat=2 scope=internal_cv fold=2 phase=crsm epoch=0 path=/data/adodas/VarCoNet-V2-main/xiaolunwen/experiment1b/checkpoints/worker_r2_best.pt
CHECKPOINT_LATEST repeat=2 scope=internal_cv fold=2 phase=crsm epoch=10 path=/data/adodas/VarCoNet-V2-main/xiaolunwen/experiment1b/checkpoints/worker_r2_latest.pt
[CRSM] repeat=2 scope=internal_cv fold=2 epoch=10/149 train_loss=0.198537 val_bce=0.653021 best=N best_epoch=0 mass=(0.5034,0.4966) hard=(0.5341,0.4659) entropy=0.692844 delta_l2=(0.130434,0.129329) delta_cos=0.991054 epoch_seconds=0.44
CHECKPOINT_LATEST repeat=2 scope=internal_cv fold=2 phase=crsm epoch=20 path=/data/adodas/VarCoNet-V2-main/xiaolunwen/experiment1b/checkpoints/worker_r2_latest.pt
[CRSM] repeat=2 scope=internal_cv fold=2 epoch=20/149 train_loss=0.171387 val_bce=0.668336 best=N best_epoch=0 mass=(0.5049,0.4951) hard=(0.5134,0.4866) entropy=0.692393 delta_l2=(0.248040,0.246991) delta_cos=0.991629 epoch_seconds=0.27
CHECKPOINT_LATEST repeat=2 scope=internal_cv fold=2 phase=crsm epoch=30 path=/data/adodas/VarCoNet-V2-main/xiaolunwen/experiment1b/checkpoints/worker_r2_latest.pt
[CRSM] repeat=2 scope=internal_cv fold=2 epoch=30/149 train_loss=0.152592 val_bce=0.685285 best=N best_epoch=0 mass=(0.5070,0.4930) hard=(0.4941,0.5059) entropy=0.691287 delta_l2=(0.353364,0.352286) delta_cos=0.989640 epoch_seconds=0.51
CHECKPOINT_LATEST repeat=2 scope=internal_cv fold=2 phase=crsm epoch=40 path=/data/adodas/VarCoNet-V2-main/xiaolunwen/experiment1b/checkpoints/worker_r2_latest.pt
[CRSM] repeat=2 scope=internal_cv fold=2 epoch=40/149 train_loss=0.139396 val_bce=0.703981 best=N best_epoch=0 mass=(0.5102,0.4898) hard=(0.4955,0.5045) entropy=0.688555 delta_l2=(0.446885,0.445661) delta_cos=0.984688 epoch_seconds=0.54
CHECKPOINT_LATEST repeat=2 scope=internal_cv fold=2 phase=crsm epoch=50 path=/data/adodas/VarCoNet-V2-main/xiaolunwen/experiment1b/checkpoints/worker_r2_latest.pt
[CRSM] repeat=2 scope=internal_cv fold=2 epoch=50/149 train_loss=0.129965 val_bce=0.723616 best=N best_epoch=0 mass=(0.5142,0.4858) hard=(0.4955,0.5045) entropy=0.682610 delta_l2=(0.529699,0.528253) delta_cos=0.975185 epoch_seconds=0.42
CHECKPOINT_LATEST repeat=2 scope=internal_cv fold=2 phase=crsm epoch=60 path=/data/adodas/VarCoNet-V2-main/xiaolunwen/experiment1b/checkpoints/worker_r2_latest.pt
[CRSM] repeat=2 scope=internal_cv fold=2 epoch=60/149 train_loss=0.123057 val_bce=0.743792 best=N best_epoch=0 mass=(0.5183,0.4817) hard=(0.4896,0.5104) entropy=0.672205 delta_l2=(0.603072,0.601528) delta_cos=0.959445 epoch_seconds=0.32
CHECKPOINT_LATEST repeat=2 scope=internal_cv fold=2 phase=crsm epoch=70 path=/data/adodas/VarCoNet-V2-main/xiaolunwen/experiment1b/checkpoints/worker_r2_latest.pt
[CRSM] repeat=2 scope=internal_cv fold=2 epoch=70/149 train_loss=0.117848 val_bce=0.763817 best=N best_epoch=0 mass=(0.5215,0.4785) hard=(0.4866,0.5134) entropy=0.657678 delta_l2=(0.668219,0.667115) delta_cos=0.936824 epoch_seconds=1.87
CHECKPOINT_LATEST repeat=2 scope=internal_cv fold=2 phase=crsm epoch=80 path=/data/adodas/VarCoNet-V2-main/xiaolunwen/experiment1b/checkpoints/worker_r2_latest.pt
[CRSM] repeat=2 scope=internal_cv fold=2 epoch=80/149 train_loss=0.113821 val_bce=0.783644 best=N best_epoch=0 mass=(0.5236,0.4764) hard=(0.4911,0.5089) entropy=0.640620 delta_l2=(0.726276,0.726536) delta_cos=0.908397 epoch_seconds=0.62
CHECKPOINT_LATEST repeat=2 scope=internal_cv fold=2 phase=crsm epoch=90 path=/data/adodas/VarCoNet-V2-main/xiaolunwen/experiment1b/checkpoints/worker_r2_latest.pt
[CRSM] repeat=2 scope=internal_cv fold=2 epoch=90/149 train_loss=0.110656 val_bce=0.803201 best=N best_epoch=0 mass=(0.5250,0.4750) hard=(0.4911,0.5089) entropy=0.622515 delta_l2=(0.778338,0.780904) delta_cos=0.876260 epoch_seconds=0.38
CHECKPOINT_LATEST repeat=2 scope=internal_cv fold=2 phase=crsm epoch=100 path=/data/adodas/VarCoNet-V2-main/xiaolunwen/experiment1b/checkpoints/worker_r2_latest.pt
[CRSM] repeat=2 scope=internal_cv fold=2 epoch=100/149 train_loss=0.108145 val_bce=0.822226 best=N best_epoch=0 mass=(0.5259,0.4741) hard=(0.4970,0.5030) entropy=0.604399 delta_l2=(0.825389,0.830874) delta_cos=0.842625 epoch_seconds=0.55
CHECKPOINT_LATEST repeat=2 scope=internal_cv fold=2 phase=crsm epoch=110 path=/data/adodas/VarCoNet-V2-main/xiaolunwen/experiment1b/checkpoints/worker_r2_latest.pt
[CRSM] repeat=2 scope=internal_cv fold=2 epoch=110/149 train_loss=0.106138 val_bce=0.840584 best=N best_epoch=0 mass=(0.5265,0.4735) hard=(0.4985,0.5015) entropy=0.586983 delta_l2=(0.868216,0.876850) delta_cos=0.809256 epoch_seconds=0.53
CHECKPOINT_LATEST repeat=2 scope=internal_cv fold=2 phase=crsm epoch=120 path=/data/adodas/VarCoNet-V2-main/xiaolunwen/experiment1b/checkpoints/worker_r2_latest.pt
[CRSM] repeat=2 scope=internal_cv fold=2 epoch=120/149 train_loss=0.104524 val_bce=0.858102 best=N best_epoch=0 mass=(0.5268,0.4732) hard=(0.5030,0.4970) entropy=0.570660 delta_l2=(0.907429,0.919166) delta_cos=0.777278 epoch_seconds=0.56
CHECKPOINT_LATEST repeat=2 scope=internal_cv fold=2 phase=crsm epoch=130 path=/data/adodas/VarCoNet-V2-main/xiaolunwen/experiment1b/checkpoints/worker_r2_latest.pt
[CRSM] repeat=2 scope=internal_cv fold=2 epoch=130/149 train_loss=0.103216 val_bce=0.874733 best=N best_epoch=0 mass=(0.5270,0.4730) hard=(0.5030,0.4970) entropy=0.555605 delta_l2=(0.943500,0.958158) delta_cos=0.747282 epoch_seconds=0.29
CHECKPOINT_LATEST repeat=2 scope=internal_cv fold=2 phase=crsm epoch=140 path=/data/adodas/VarCoNet-V2-main/xiaolunwen/experiment1b/checkpoints/worker_r2_latest.pt
[CRSM] repeat=2 scope=internal_cv fold=2 epoch=140/149 train_loss=0.102145 val_bce=0.890473 best=N best_epoch=0 mass=(0.5271,0.4729) hard=(0.5059,0.4941) entropy=0.541881 delta_l2=(0.976812,0.994165) delta_cos=0.719496 epoch_seconds=0.87
TASK_TRAINING_DONE repeat=2 scope=internal_cv fold=2 base_encoder_epoch=36 base_classifier_epoch=33 base_val_bce=0.641737 selected_crsm_epoch=0 crsm_val_bce=0.641742 treatment_threshold=0.524435 elapsed_minutes=3.7
TASK_DONE repeat=2 scope=internal_fold fold=2 method=baseline selected_encoder_epoch=36 test_auc=0.698240 test_bce=0.652099 elapsed_minutes=3.7
TASK_DONE repeat=2 scope=internal_fold fold=2 method=control_referenced_soft_multiboundary selected_encoder_epoch=36 test_auc=0.698240 test_bce=0.652101 elapsed_minutes=3.7
TASK_START repeat=2 scope=internal_cv fold=3 seed=100203 device=cuda:0 shared_encoder=Y reference_unique_n=674 train_n=750 val_n=120
CHECKPOINT_BEST repeat=2 scope=internal_cv fold=3 phase=ssl epoch=1 path=/data/adodas/VarCoNet-V2-main/xiaolunwen/experiment1b/checkpoints/worker_r2_best.pt
[SSL] repeat=2 scope=internal_cv fold=3 epoch=1/50 ssl_loss=0.113499 lr=0.000024107 base_val_bce=0.653943 base_best=Y base_cls_epoch=13 epoch_seconds=3.8 task_elapsed_minutes=0.1 gpu_alloc_gb=0.318 gpu_reserved_gb=1.744
[MONITOR] durable progress mirror created; worker stdout uses detailed [SSL]/[CRSM] fields and rolling checkpoints.
CHECKPOINT_BEST repeat=2 scope=internal_cv fold=3 phase=ssl epoch=2 path=/data/adodas/VarCoNet-V2-main/xiaolunwen/experiment1b/checkpoints/worker_r2_best.pt
[SSL] repeat=2 scope=internal_cv fold=3 epoch=2/50 ssl_loss=0.100826 lr=0.000038214 base_val_bce=0.648164 base_best=Y base_cls_epoch=13 epoch_seconds=10.8 task_elapsed_minutes=0.1 gpu_alloc_gb=0.317 gpu_reserved_gb=2.008
[SSL] repeat=2 scope=internal_cv fold=3 epoch=3/50 ssl_loss=0.084862 lr=0.000052321 base_val_bce=0.653329 base_best=N base_cls_epoch=15 epoch_seconds=2.4 task_elapsed_minutes=0.3 gpu_alloc_gb=0.318 gpu_reserved_gb=1.744
CHECKPOINT_BEST repeat=2 scope=internal_cv fold=3 phase=ssl epoch=4 path=/data/adodas/VarCoNet-V2-main/xiaolunwen/experiment1b/checkpoints/worker_r2_best.pt
[SSL] repeat=2 scope=internal_cv fold=3 epoch=4/50 ssl_loss=0.091672 lr=0.000066427 base_val_bce=0.640083 base_best=Y base_cls_epoch=15 epoch_seconds=3.1 task_elapsed_minutes=0.3 gpu_alloc_gb=0.317 gpu_reserved_gb=2.008
CHECKPOINT_BEST repeat=2 scope=internal_cv fold=3 phase=ssl epoch=5 path=/data/adodas/VarCoNet-V2-main/xiaolunwen/experiment1b/checkpoints/worker_r2_best.pt
[SSL] repeat=2 scope=internal_cv fold=3 epoch=5/50 ssl_loss=0.071164 lr=0.000080534 base_val_bce=0.630823 base_best=Y base_cls_epoch=14 epoch_seconds=4.1 task_elapsed_minutes=0.4 gpu_alloc_gb=0.318 gpu_reserved_gb=1.744
[SSL] repeat=2 scope=internal_cv fold=3 epoch=6/50 ssl_loss=0.064005 lr=0.000094641 base_val_bce=0.644745 base_best=N base_cls_epoch=16 epoch_seconds=3.8 task_elapsed_minutes=0.5 gpu_alloc_gb=0.317 gpu_reserved_gb=2.008
[SSL] repeat=2 scope=internal_cv fold=3 epoch=7/50 ssl_loss=0.059695 lr=0.000108748 base_val_bce=0.640958 base_best=N base_cls_epoch=14 epoch_seconds=3.6 task_elapsed_minutes=0.5 gpu_alloc_gb=0.318 gpu_reserved_gb=1.744
[SSL] repeat=2 scope=internal_cv fold=3 epoch=8/50 ssl_loss=0.073099 lr=0.000122855 base_val_bce=0.649717 base_best=N base_cls_epoch=20 epoch_seconds=3.8 task_elapsed_minutes=0.6 gpu_alloc_gb=0.317 gpu_reserved_gb=2.008
[SSL] repeat=2 scope=internal_cv fold=3 epoch=9/50 ssl_loss=0.051645 lr=0.000136962 base_val_bce=0.634406 base_best=N base_cls_epoch=18 epoch_seconds=3.8 task_elapsed_minutes=0.7 gpu_alloc_gb=0.318 gpu_reserved_gb=1.744
CHECKPOINT_LATEST repeat=2 scope=internal_cv fold=3 phase=ssl epoch=10 path=/data/adodas/VarCoNet-V2-main/xiaolunwen/experiment1b/checkpoints/worker_r2_latest.pt
[SSL] repeat=2 scope=internal_cv fold=3 epoch=10/50 ssl_loss=0.054759 lr=0.000136962 base_val_bce=0.635877 base_best=N base_cls_epoch=19 epoch_seconds=4.1 task_elapsed_minutes=0.7 gpu_alloc_gb=0.317 gpu_reserved_gb=2.008
[SSL] repeat=2 scope=internal_cv fold=3 epoch=11/50 ssl_loss=0.061723 lr=0.000136751 base_val_bce=0.638826 base_best=N base_cls_epoch=23 epoch_seconds=3.8 task_elapsed_minutes=0.8 gpu_alloc_gb=0.318 gpu_reserved_gb=1.744
CHECKPOINT_BEST repeat=2 scope=internal_cv fold=3 phase=ssl epoch=12 path=/data/adodas/VarCoNet-V2-main/xiaolunwen/experiment1b/checkpoints/worker_r2_best.pt
[SSL] repeat=2 scope=internal_cv fold=3 epoch=12/50 ssl_loss=0.045151 lr=0.000136119 base_val_bce=0.630267 base_best=Y base_cls_epoch=21 epoch_seconds=4.0 task_elapsed_minutes=0.8 gpu_alloc_gb=0.317 gpu_reserved_gb=2.008
[SSL] repeat=2 scope=internal_cv fold=3 epoch=13/50 ssl_loss=0.048762 lr=0.000135070 base_val_bce=0.642349 base_best=N base_cls_epoch=19 epoch_seconds=3.7 task_elapsed_minutes=0.9 gpu_alloc_gb=0.318 gpu_reserved_gb=1.744
CHECKPOINT_BEST repeat=2 scope=internal_cv fold=3 phase=ssl epoch=14 path=/data/adodas/VarCoNet-V2-main/xiaolunwen/experiment1b/checkpoints/worker_r2_best.pt
[SSL] repeat=2 scope=internal_cv fold=3 epoch=14/50 ssl_loss=0.055508 lr=0.000133610 base_val_bce=0.627529 base_best=Y base_cls_epoch=26 epoch_seconds=4.1 task_elapsed_minutes=1.0 gpu_alloc_gb=0.317 gpu_reserved_gb=2.008
[SSL] repeat=2 scope=internal_cv fold=3 epoch=15/50 ssl_loss=0.047268 lr=0.000131749 base_val_bce=0.640199 base_best=N base_cls_epoch=24 epoch_seconds=3.7 task_elapsed_minutes=1.0 gpu_alloc_gb=0.318 gpu_reserved_gb=1.744
[SSL] repeat=2 scope=internal_cv fold=3 epoch=16/50 ssl_loss=0.040574 lr=0.000129498 base_val_bce=0.629333 base_best=N base_cls_epoch=24 epoch_seconds=5.0 task_elapsed_minutes=1.1 gpu_alloc_gb=0.317 gpu_reserved_gb=2.008
[SSL] repeat=2 scope=internal_cv fold=3 epoch=17/50 ssl_loss=0.042853 lr=0.000126870 base_val_bce=0.639600 base_best=N base_cls_epoch=25 epoch_seconds=2.7 task_elapsed_minutes=1.2 gpu_alloc_gb=0.318 gpu_reserved_gb=1.744
[SSL] repeat=2 scope=internal_cv fold=3 epoch=18/50 ssl_loss=0.046724 lr=0.000123883 base_val_bce=0.635936 base_best=N base_cls_epoch=21 epoch_seconds=1.8 task_elapsed_minutes=1.2 gpu_alloc_gb=0.317 gpu_reserved_gb=2.008
[SSL] repeat=2 scope=internal_cv fold=3 epoch=19/50 ssl_loss=0.044392 lr=0.000120554 base_val_bce=0.636499 base_best=N base_cls_epoch=23 epoch_seconds=3.5 task_elapsed_minutes=1.3 gpu_alloc_gb=0.318 gpu_reserved_gb=1.744
CHECKPOINT_LATEST repeat=2 scope=internal_cv fold=3 phase=ssl epoch=20 path=/data/adodas/VarCoNet-V2-main/xiaolunwen/experiment1b/checkpoints/worker_r2_latest.pt
[SSL] repeat=2 scope=internal_cv fold=3 epoch=20/50 ssl_loss=0.043138 lr=0.000116904 base_val_bce=0.628059 base_best=N base_cls_epoch=26 epoch_seconds=4.0 task_elapsed_minutes=1.3 gpu_alloc_gb=0.317 gpu_reserved_gb=2.008
[SSL] repeat=2 scope=internal_cv fold=3 epoch=21/50 ssl_loss=0.042019 lr=0.000112956 base_val_bce=0.628571 base_best=N base_cls_epoch=24 epoch_seconds=3.8 task_elapsed_minutes=1.4 gpu_alloc_gb=0.318 gpu_reserved_gb=1.744
[SSL] repeat=2 scope=internal_cv fold=3 epoch=22/50 ssl_loss=0.051237 lr=0.000108733 base_val_bce=0.634785 base_best=N base_cls_epoch=24 epoch_seconds=3.8 task_elapsed_minutes=1.5 gpu_alloc_gb=0.317 gpu_reserved_gb=2.008
[SSL] repeat=2 scope=internal_cv fold=3 epoch=23/50 ssl_loss=0.051356 lr=0.000104262 base_val_bce=0.633984 base_best=N base_cls_epoch=30 epoch_seconds=3.6 task_elapsed_minutes=1.5 gpu_alloc_gb=0.318 gpu_reserved_gb=1.744
CHECKPOINT_BEST repeat=2 scope=internal_cv fold=3 phase=ssl epoch=24 path=/data/adodas/VarCoNet-V2-main/xiaolunwen/experiment1b/checkpoints/worker_r2_best.pt
[SSL] repeat=2 scope=internal_cv fold=3 epoch=24/50 ssl_loss=0.037895 lr=0.000099570 base_val_bce=0.625702 base_best=Y base_cls_epoch=23 epoch_seconds=16.1 task_elapsed_minutes=1.6 gpu_alloc_gb=0.317 gpu_reserved_gb=2.008
[SSL] repeat=2 scope=internal_cv fold=3 epoch=25/50 ssl_loss=0.033712 lr=0.000094687 base_val_bce=0.631939 base_best=N base_cls_epoch=24 epoch_seconds=3.7 task_elapsed_minutes=1.8 gpu_alloc_gb=0.318 gpu_reserved_gb=1.744
[SSL] repeat=2 scope=internal_cv fold=3 epoch=26/50 ssl_loss=0.036063 lr=0.000089643 base_val_bce=0.631449 base_best=N base_cls_epoch=22 epoch_seconds=3.8 task_elapsed_minutes=1.9 gpu_alloc_gb=0.317 gpu_reserved_gb=2.008
[SSL] repeat=2 scope=internal_cv fold=3 epoch=27/50 ssl_loss=0.039349 lr=0.000084467 base_val_bce=0.629454 base_best=N base_cls_epoch=26 epoch_seconds=3.8 task_elapsed_minutes=2.0 gpu_alloc_gb=0.318 gpu_reserved_gb=1.744
[SSL] repeat=2 scope=internal_cv fold=3 epoch=28/50 ssl_loss=0.047131 lr=0.000079194 base_val_bce=0.638974 base_best=N base_cls_epoch=26 epoch_seconds=3.7 task_elapsed_minutes=2.0 gpu_alloc_gb=0.317 gpu_reserved_gb=2.008
[SSL] repeat=2 scope=internal_cv fold=3 epoch=29/50 ssl_loss=0.045777 lr=0.000073854 base_val_bce=0.631010 base_best=N base_cls_epoch=24 epoch_seconds=3.8 task_elapsed_minutes=2.1 gpu_alloc_gb=0.318 gpu_reserved_gb=1.744
CHECKPOINT_LATEST repeat=2 scope=internal_cv fold=3 phase=ssl epoch=30 path=/data/adodas/VarCoNet-V2-main/xiaolunwen/experiment1b/checkpoints/worker_r2_latest.pt
[SSL] repeat=2 scope=internal_cv fold=3 epoch=30/50 ssl_loss=0.036390 lr=0.000068481 base_val_bce=0.627942 base_best=N base_cls_epoch=26 epoch_seconds=4.0 task_elapsed_minutes=2.2 gpu_alloc_gb=0.317 gpu_reserved_gb=2.008
[SSL] repeat=2 scope=internal_cv fold=3 epoch=31/50 ssl_loss=0.029022 lr=0.000063108 base_val_bce=0.632304 base_best=N base_cls_epoch=28 epoch_seconds=3.8 task_elapsed_minutes=2.2 gpu_alloc_gb=0.318 gpu_reserved_gb=1.744
[SSL] repeat=2 scope=internal_cv fold=3 epoch=32/50 ssl_loss=0.047831 lr=0.000057768 base_val_bce=0.626045 base_best=N base_cls_epoch=20 epoch_seconds=3.8 task_elapsed_minutes=2.3 gpu_alloc_gb=0.317 gpu_reserved_gb=2.008
CHECKPOINT_BEST repeat=2 scope=internal_cv fold=3 phase=ssl epoch=33 path=/data/adodas/VarCoNet-V2-main/xiaolunwen/experiment1b/checkpoints/worker_r2_best.pt
[SSL] repeat=2 scope=internal_cv fold=3 epoch=33/50 ssl_loss=0.032857 lr=0.000052494 base_val_bce=0.625058 base_best=Y base_cls_epoch=26 epoch_seconds=4.1 task_elapsed_minutes=2.4 gpu_alloc_gb=0.318 gpu_reserved_gb=1.744
CHECKPOINT_BEST repeat=2 scope=internal_cv fold=3 phase=ssl epoch=34 path=/data/adodas/VarCoNet-V2-main/xiaolunwen/experiment1b/checkpoints/worker_r2_best.pt
[SSL] repeat=2 scope=internal_cv fold=3 epoch=34/50 ssl_loss=0.036979 lr=0.000047319 base_val_bce=0.624249 base_best=Y base_cls_epoch=20 epoch_seconds=4.1 task_elapsed_minutes=2.4 gpu_alloc_gb=0.317 gpu_reserved_gb=2.008
[SSL] repeat=2 scope=internal_cv fold=3 epoch=35/50 ssl_loss=0.046518 lr=0.000042274 base_val_bce=0.644192 base_best=N base_cls_epoch=26 epoch_seconds=3.8 task_elapsed_minutes=2.5 gpu_alloc_gb=0.318 gpu_reserved_gb=1.744
[SSL] repeat=2 scope=internal_cv fold=3 epoch=36/50 ssl_loss=0.033504 lr=0.000037391 base_val_bce=0.630296 base_best=N base_cls_epoch=26 epoch_seconds=3.8 task_elapsed_minutes=2.6 gpu_alloc_gb=0.317 gpu_reserved_gb=2.008
CHECKPOINT_BEST repeat=2 scope=internal_cv fold=3 phase=ssl epoch=37 path=/data/adodas/VarCoNet-V2-main/xiaolunwen/experiment1b/checkpoints/worker_r2_best.pt
[SSL] repeat=2 scope=internal_cv fold=3 epoch=37/50 ssl_loss=0.041257 lr=0.000032700 base_val_bce=0.617804 base_best=Y base_cls_epoch=21 epoch_seconds=4.0 task_elapsed_minutes=2.6 gpu_alloc_gb=0.318 gpu_reserved_gb=1.744
[SSL] repeat=2 scope=internal_cv fold=3 epoch=38/50 ssl_loss=0.045917 lr=0.000028229 base_val_bce=0.626628 base_best=N base_cls_epoch=25 epoch_seconds=3.7 task_elapsed_minutes=2.7 gpu_alloc_gb=0.317 gpu_reserved_gb=2.008
[SSL] repeat=2 scope=internal_cv fold=3 epoch=39/50 ssl_loss=0.037582 lr=0.000024006 base_val_bce=0.635300 base_best=N base_cls_epoch=29 epoch_seconds=3.8 task_elapsed_minutes=2.7 gpu_alloc_gb=0.318 gpu_reserved_gb=1.744
CHECKPOINT_LATEST repeat=2 scope=internal_cv fold=3 phase=ssl epoch=40 path=/data/adodas/VarCoNet-V2-main/xiaolunwen/experiment1b/checkpoints/worker_r2_latest.pt
[SSL] repeat=2 scope=internal_cv fold=3 epoch=40/50 ssl_loss=0.037311 lr=0.000020058 base_val_bce=0.635471 base_best=N base_cls_epoch=20 epoch_seconds=4.1 task_elapsed_minutes=2.8 gpu_alloc_gb=0.317 gpu_reserved_gb=2.008
[SSL] repeat=2 scope=internal_cv fold=3 epoch=41/50 ssl_loss=0.033095 lr=0.000016408 base_val_bce=0.636850 base_best=N base_cls_epoch=28 epoch_seconds=3.8 task_elapsed_minutes=2.9 gpu_alloc_gb=0.318 gpu_reserved_gb=1.744
[SSL] repeat=2 scope=internal_cv fold=3 epoch=42/50 ssl_loss=0.039206 lr=0.000013079 base_val_bce=0.627756 base_best=N base_cls_epoch=20 epoch_seconds=3.8 task_elapsed_minutes=2.9 gpu_alloc_gb=0.317 gpu_reserved_gb=2.008
[SSL] repeat=2 scope=internal_cv fold=3 epoch=43/50 ssl_loss=0.043948 lr=0.000010091 base_val_bce=0.631414 base_best=N base_cls_epoch=26 epoch_seconds=3.8 task_elapsed_minutes=3.0 gpu_alloc_gb=0.318 gpu_reserved_gb=1.744
[SSL] repeat=2 scope=internal_cv fold=3 epoch=44/50 ssl_loss=0.033947 lr=0.000007464 base_val_bce=0.619196 base_best=N base_cls_epoch=27 epoch_seconds=3.7 task_elapsed_minutes=3.1 gpu_alloc_gb=0.317 gpu_reserved_gb=2.008
[SSL] repeat=2 scope=internal_cv fold=3 epoch=45/50 ssl_loss=0.033081 lr=0.000005213 base_val_bce=0.634694 base_best=N base_cls_epoch=23 epoch_seconds=3.2 task_elapsed_minutes=3.1 gpu_alloc_gb=0.318 gpu_reserved_gb=1.744
[SSL] repeat=2 scope=internal_cv fold=3 epoch=46/50 ssl_loss=0.033800 lr=0.000003352 base_val_bce=0.633716 base_best=N base_cls_epoch=26 epoch_seconds=6.3 task_elapsed_minutes=3.2 gpu_alloc_gb=0.317 gpu_reserved_gb=2.008
[SSL] repeat=2 scope=internal_cv fold=3 epoch=47/50 ssl_loss=0.036304 lr=0.000001892 base_val_bce=0.640581 base_best=N base_cls_epoch=22 epoch_seconds=2.5 task_elapsed_minutes=3.3 gpu_alloc_gb=0.318 gpu_reserved_gb=1.744
[SSL] repeat=2 scope=internal_cv fold=3 epoch=48/50 ssl_loss=0.034970 lr=0.000000843 base_val_bce=0.638589 base_best=N base_cls_epoch=25 epoch_seconds=2.6 task_elapsed_minutes=3.3 gpu_alloc_gb=0.317 gpu_reserved_gb=2.008
[SSL] repeat=2 scope=internal_cv fold=3 epoch=49/50 ssl_loss=0.031948 lr=0.000000211 base_val_bce=0.639901 base_best=N base_cls_epoch=27 epoch_seconds=2.9 task_elapsed_minutes=3.4 gpu_alloc_gb=0.318 gpu_reserved_gb=1.744
CHECKPOINT_LATEST repeat=2 scope=internal_cv fold=3 phase=ssl epoch=50 path=/data/adodas/VarCoNet-V2-main/xiaolunwen/experiment1b/checkpoints/worker_r2_latest.pt
[SSL] repeat=2 scope=internal_cv fold=3 epoch=50/50 ssl_loss=0.037797 lr=0.000000000 base_val_bce=0.629844 base_best=N base_cls_epoch=25 epoch_seconds=3.4 task_elapsed_minutes=3.4 gpu_alloc_gb=0.317 gpu_reserved_gb=2.008
CRSM_INIT repeat=2 scope=internal_cv fold=3 n_experts=2 tau=1.0 trainable_parameters=147074 hc_centroid_norm=22.914467 pca_unit_norm=1.00000000 pca_singular=139.572418 sigma_margin=1.019401 sigma_projection=7.208154 ratio=0.0100 scale=0.00141423359 epoch0_val_bce=0.617805
CHECKPOINT_LATEST repeat=2 scope=internal_cv fold=3 phase=crsm epoch=0 path=/data/adodas/VarCoNet-V2-main/xiaolunwen/experiment1b/checkpoints/worker_r2_latest.pt
CHECKPOINT_BEST repeat=2 scope=internal_cv fold=3 phase=crsm epoch=0 path=/data/adodas/VarCoNet-V2-main/xiaolunwen/experiment1b/checkpoints/worker_r2_best.pt
CHECKPOINT_LATEST repeat=2 scope=internal_cv fold=3 phase=crsm epoch=10 path=/data/adodas/VarCoNet-V2-main/xiaolunwen/experiment1b/checkpoints/worker_r2_latest.pt
[CRSM] repeat=2 scope=internal_cv fold=3 epoch=10/149 train_loss=0.324362 val_bce=0.625054 best=N best_epoch=0 mass=(0.5008,0.4992) hard=(0.6573,0.3427) entropy=0.693024 delta_l2=(0.131378,0.131167) delta_cos=0.994627 epoch_seconds=0.24
CHECKPOINT_LATEST repeat=2 scope=internal_cv fold=3 phase=crsm epoch=20 path=/data/adodas/VarCoNet-V2-main/xiaolunwen/experiment1b/checkpoints/worker_r2_latest.pt
[CRSM] repeat=2 scope=internal_cv fold=3 epoch=20/149 train_loss=0.282749 val_bce=0.639935 best=N best_epoch=0 mass=(0.5010,0.4990) hard=(0.6454,0.3546) entropy=0.692826 delta_l2=(0.251513,0.251305) delta_cos=0.995105 epoch_seconds=0.25
CHECKPOINT_LATEST repeat=2 scope=internal_cv fold=3 phase=crsm epoch=30 path=/data/adodas/VarCoNet-V2-main/xiaolunwen/experiment1b/checkpoints/worker_r2_latest.pt
[CRSM] repeat=2 scope=internal_cv fold=3 epoch=30/149 train_loss=0.253540 val_bce=0.657599 best=N best_epoch=0 mass=(0.5013,0.4987) hard=(0.6231,0.3769) entropy=0.692389 delta_l2=(0.359192,0.358874) delta_cos=0.994240 epoch_seconds=0.27
CHECKPOINT_LATEST repeat=2 scope=internal_cv fold=3 phase=crsm epoch=40 path=/data/adodas/VarCoNet-V2-main/xiaolunwen/experiment1b/checkpoints/worker_r2_latest.pt
[CRSM] repeat=2 scope=internal_cv fold=3 epoch=40/149 train_loss=0.232727 val_bce=0.675834 best=N best_epoch=0 mass=(0.5017,0.4983) hard=(0.6009,0.3991) entropy=0.691433 delta_l2=(0.455047,0.454347) delta_cos=0.992094 epoch_seconds=0.24
CHECKPOINT_LATEST repeat=2 scope=internal_cv fold=3 phase=crsm epoch=50 path=/data/adodas/VarCoNet-V2-main/xiaolunwen/experiment1b/checkpoints/worker_r2_latest.pt
[CRSM] repeat=2 scope=internal_cv fold=3 epoch=50/149 train_loss=0.217616 val_bce=0.694259 best=N best_epoch=0 mass=(0.5022,0.4978) hard=(0.5831,0.4169) entropy=0.689383 delta_l2=(0.540609,0.539145) delta_cos=0.988073 epoch_seconds=0.25
CHECKPOINT_LATEST repeat=2 scope=internal_cv fold=3 phase=crsm epoch=60 path=/data/adodas/VarCoNet-V2-main/xiaolunwen/experiment1b/checkpoints/worker_r2_latest.pt
[CRSM] repeat=2 scope=internal_cv fold=3 epoch=60/149 train_loss=0.206387 val_bce=0.713194 best=N best_epoch=0 mass=(0.5027,0.4973) hard=(0.5697,0.4303) entropy=0.685319 delta_l2=(0.617404,0.614721) delta_cos=0.981117 epoch_seconds=0.24
CHECKPOINT_LATEST repeat=2 scope=internal_cv fold=3 phase=crsm epoch=70 path=/data/adodas/VarCoNet-V2-main/xiaolunwen/experiment1b/checkpoints/worker_r2_latest.pt
[CRSM] repeat=2 scope=internal_cv fold=3 epoch=70/149 train_loss=0.197813 val_bce=0.732350 best=N best_epoch=0 mass=(0.5032,0.4968) hard=(0.5579,0.4421) entropy=0.678230 delta_l2=(0.686852,0.682421) delta_cos=0.969919 epoch_seconds=0.23
CHECKPOINT_LATEST repeat=2 scope=internal_cv fold=3 phase=crsm epoch=80 path=/data/adodas/VarCoNet-V2-main/xiaolunwen/experiment1b/checkpoints/worker_r2_latest.pt
[CRSM] repeat=2 scope=internal_cv fold=3 epoch=80/149 train_loss=0.191074 val_bce=0.751481 best=N best_epoch=0 mass=(0.5037,0.4963) hard=(0.5534,0.4466) entropy=0.667578 delta_l2=(0.750208,0.743508) delta_cos=0.953505 epoch_seconds=0.22
CHECKPOINT_LATEST repeat=2 scope=internal_cv fold=3 phase=crsm epoch=90 path=/data/adodas/VarCoNet-V2-main/xiaolunwen/experiment1b/checkpoints/worker_r2_latest.pt
[CRSM] repeat=2 scope=internal_cv fold=3 epoch=90/149 train_loss=0.185647 val_bce=0.770651 best=N best_epoch=0 mass=(0.5040,0.4960) hard=(0.5386,0.4614) entropy=0.653809 delta_l2=(0.808475,0.799118) delta_cos=0.931856 epoch_seconds=0.24
CHECKPOINT_LATEST repeat=2 scope=internal_cv fold=3 phase=crsm epoch=100 path=/data/adodas/VarCoNet-V2-main/xiaolunwen/experiment1b/checkpoints/worker_r2_latest.pt
[CRSM] repeat=2 scope=internal_cv fold=3 epoch=100/149 train_loss=0.181212 val_bce=0.789794 best=N best_epoch=0 mass=(0.5043,0.4957) hard=(0.5326,0.4674) entropy=0.638073 delta_l2=(0.862400,0.850160) delta_cos=0.906013 epoch_seconds=0.24
CHECKPOINT_LATEST repeat=2 scope=internal_cv fold=3 phase=crsm epoch=110 path=/data/adodas/VarCoNet-V2-main/xiaolunwen/experiment1b/checkpoints/worker_r2_latest.pt
[CRSM] repeat=2 scope=internal_cv fold=3 epoch=110/149 train_loss=0.177566 val_bce=0.808787 best=N best_epoch=0 mass=(0.5046,0.4954) hard=(0.5267,0.4733) entropy=0.621579 delta_l2=(0.912503,0.897267) delta_cos=0.877620 epoch_seconds=0.42
CHECKPOINT_LATEST repeat=2 scope=internal_cv fold=3 phase=crsm epoch=120 path=/data/adodas/VarCoNet-V2-main/xiaolunwen/experiment1b/checkpoints/worker_r2_latest.pt
[CRSM] repeat=2 scope=internal_cv fold=3 epoch=120/149 train_loss=0.174562 val_bce=0.827480 best=N best_epoch=0 mass=(0.5051,0.4949) hard=(0.5267,0.4733) entropy=0.605264 delta_l2=(0.959160,0.940861) delta_cos=0.848336 epoch_seconds=0.42
CHECKPOINT_LATEST repeat=2 scope=internal_cv fold=3 phase=crsm epoch=130 path=/data/adodas/VarCoNet-V2-main/xiaolunwen/experiment1b/checkpoints/worker_r2_latest.pt
[CRSM] repeat=2 scope=internal_cv fold=3 epoch=130/149 train_loss=0.172080 val_bce=0.845729 best=N best_epoch=0 mass=(0.5056,0.4944) hard=(0.5312,0.4688) entropy=0.589702 delta_l2=(1.002663,0.981253) delta_cos=0.819445 epoch_seconds=0.59
CHECKPOINT_LATEST repeat=2 scope=internal_cv fold=3 phase=crsm epoch=140 path=/data/adodas/VarCoNet-V2-main/xiaolunwen/experiment1b/checkpoints/worker_r2_latest.pt
[CRSM] repeat=2 scope=internal_cv fold=3 epoch=140/149 train_loss=0.170021 val_bce=0.863439 best=N best_epoch=0 mass=(0.5062,0.4938) hard=(0.5312,0.4688) entropy=0.575173 delta_l2=(1.043266,1.018719) delta_cos=0.791760 epoch_seconds=0.25
TASK_TRAINING_DONE repeat=2 scope=internal_cv fold=3 base_encoder_epoch=37 base_classifier_epoch=21 base_val_bce=0.617804 selected_crsm_epoch=0 crsm_val_bce=0.617805 treatment_threshold=0.423780 elapsed_minutes=3.6
TASK_DONE repeat=2 scope=internal_fold fold=3 method=baseline selected_encoder_epoch=37 test_auc=0.781056 test_bce=0.587009 elapsed_minutes=3.6
TASK_DONE repeat=2 scope=internal_fold fold=3 method=control_referenced_soft_multiboundary selected_encoder_epoch=37 test_auc=0.781056 test_bce=0.587012 elapsed_minutes=3.6
TASK_START repeat=2 scope=internal_cv fold=4 seed=100204 device=cuda:0 shared_encoder=Y reference_unique_n=674 train_n=750 val_n=120
CHECKPOINT_BEST repeat=2 scope=internal_cv fold=4 phase=ssl epoch=1 path=/data/adodas/VarCoNet-V2-main/xiaolunwen/experiment1b/checkpoints/worker_r2_best.pt
[SSL] repeat=2 scope=internal_cv fold=4 epoch=1/50 ssl_loss=0.323468 lr=0.000024107 base_val_bce=0.629293 base_best=Y base_cls_epoch=32 epoch_seconds=3.7 task_elapsed_minutes=0.1 gpu_alloc_gb=0.318 gpu_reserved_gb=1.744
CHECKPOINT_BEST repeat=2 scope=internal_cv fold=4 phase=ssl epoch=2 path=/data/adodas/VarCoNet-V2-main/xiaolunwen/experiment1b/checkpoints/worker_r2_best.pt
[SSL] repeat=2 scope=internal_cv fold=4 epoch=2/50 ssl_loss=0.182474 lr=0.000038214 base_val_bce=0.628951 base_best=Y base_cls_epoch=20 epoch_seconds=3.8 task_elapsed_minutes=0.1 gpu_alloc_gb=0.317 gpu_reserved_gb=2.008
[SSL] repeat=2 scope=internal_cv fold=4 epoch=3/50 ssl_loss=0.132475 lr=0.000052321 base_val_bce=0.631588 base_best=N base_cls_epoch=18 epoch_seconds=3.3 task_elapsed_minutes=0.2 gpu_alloc_gb=0.318 gpu_reserved_gb=1.744
[SSL] repeat=2 scope=internal_cv fold=4 epoch=4/50 ssl_loss=0.111576 lr=0.000066427 base_val_bce=0.635741 base_best=N base_cls_epoch=21 epoch_seconds=3.2 task_elapsed_minutes=0.2 gpu_alloc_gb=0.317 gpu_reserved_gb=2.008
CHECKPOINT_BEST repeat=2 scope=internal_cv fold=4 phase=ssl epoch=5 path=/data/adodas/VarCoNet-V2-main/xiaolunwen/experiment1b/checkpoints/worker_r2_best.pt
[SSL] repeat=2 scope=internal_cv fold=4 epoch=5/50 ssl_loss=0.098711 lr=0.000080534 base_val_bce=0.624958 base_best=Y base_cls_epoch=17 epoch_seconds=4.0 task_elapsed_minutes=0.3 gpu_alloc_gb=0.318 gpu_reserved_gb=1.744
CHECKPOINT_BEST repeat=2 scope=internal_cv fold=4 phase=ssl epoch=6 path=/data/adodas/VarCoNet-V2-main/xiaolunwen/experiment1b/checkpoints/worker_r2_best.pt
[SSL] repeat=2 scope=internal_cv fold=4 epoch=6/50 ssl_loss=0.099762 lr=0.000094641 base_val_bce=0.621682 base_best=Y base_cls_epoch=17 epoch_seconds=4.1 task_elapsed_minutes=0.4 gpu_alloc_gb=0.317 gpu_reserved_gb=2.008
[SSL] repeat=2 scope=internal_cv fold=4 epoch=7/50 ssl_loss=0.075446 lr=0.000108748 base_val_bce=0.627543 base_best=N base_cls_epoch=18 epoch_seconds=3.6 task_elapsed_minutes=0.4 gpu_alloc_gb=0.318 gpu_reserved_gb=1.744
[SSL] repeat=2 scope=internal_cv fold=4 epoch=8/50 ssl_loss=0.076337 lr=0.000122855 base_val_bce=0.627091 base_best=N base_cls_epoch=17 epoch_seconds=3.7 task_elapsed_minutes=0.5 gpu_alloc_gb=0.317 gpu_reserved_gb=2.008
[SSL] repeat=2 scope=internal_cv fold=4 epoch=9/50 ssl_loss=0.073876 lr=0.000136962 base_val_bce=0.624396 base_best=N base_cls_epoch=20 epoch_seconds=3.7 task_elapsed_minutes=0.6 gpu_alloc_gb=0.318 gpu_reserved_gb=1.744
CHECKPOINT_LATEST repeat=2 scope=internal_cv fold=4 phase=ssl epoch=10 path=/data/adodas/VarCoNet-V2-main/xiaolunwen/experiment1b/checkpoints/worker_r2_latest.pt
[SSL] repeat=2 scope=internal_cv fold=4 epoch=10/50 ssl_loss=0.070714 lr=0.000136962 base_val_bce=0.626490 base_best=N base_cls_epoch=16 epoch_seconds=4.0 task_elapsed_minutes=0.6 gpu_alloc_gb=0.317 gpu_reserved_gb=2.008
[SSL] repeat=2 scope=internal_cv fold=4 epoch=11/50 ssl_loss=0.072517 lr=0.000136751 base_val_bce=0.623780 base_best=N base_cls_epoch=22 epoch_seconds=3.8 task_elapsed_minutes=0.7 gpu_alloc_gb=0.318 gpu_reserved_gb=1.744
CHECKPOINT_BEST repeat=2 scope=internal_cv fold=4 phase=ssl epoch=12 path=/data/adodas/VarCoNet-V2-main/xiaolunwen/experiment1b/checkpoints/worker_r2_best.pt
[SSL] repeat=2 scope=internal_cv fold=4 epoch=12/50 ssl_loss=0.073247 lr=0.000136119 base_val_bce=0.607736 base_best=Y base_cls_epoch=17 epoch_seconds=4.0 task_elapsed_minutes=0.7 gpu_alloc_gb=0.317 gpu_reserved_gb=2.008
[SSL] repeat=2 scope=internal_cv fold=4 epoch=13/50 ssl_loss=0.067720 lr=0.000135070 base_val_bce=0.612635 base_best=N base_cls_epoch=20 epoch_seconds=3.8 task_elapsed_minutes=0.8 gpu_alloc_gb=0.318 gpu_reserved_gb=1.744
[SSL] repeat=2 scope=internal_cv fold=4 epoch=14/50 ssl_loss=0.068812 lr=0.000133610 base_val_bce=0.626130 base_best=N base_cls_epoch=21 epoch_seconds=3.8 task_elapsed_minutes=0.9 gpu_alloc_gb=0.317 gpu_reserved_gb=2.008
[SSL] repeat=2 scope=internal_cv fold=4 epoch=15/50 ssl_loss=0.070614 lr=0.000131749 base_val_bce=0.616475 base_best=N base_cls_epoch=20 epoch_seconds=3.5 task_elapsed_minutes=0.9 gpu_alloc_gb=0.318 gpu_reserved_gb=1.744
[SSL] repeat=2 scope=internal_cv fold=4 epoch=16/50 ssl_loss=0.065127 lr=0.000129498 base_val_bce=0.628584 base_best=N base_cls_epoch=19 epoch_seconds=3.9 task_elapsed_minutes=1.0 gpu_alloc_gb=0.317 gpu_reserved_gb=2.008
[SSL] repeat=2 scope=internal_cv fold=4 epoch=17/50 ssl_loss=0.066244 lr=0.000126870 base_val_bce=0.626960 base_best=N base_cls_epoch=19 epoch_seconds=3.7 task_elapsed_minutes=1.1 gpu_alloc_gb=0.318 gpu_reserved_gb=1.744
[SSL] repeat=2 scope=internal_cv fold=4 epoch=18/50 ssl_loss=0.043831 lr=0.000123883 base_val_bce=0.626414 base_best=N base_cls_epoch=21 epoch_seconds=3.6 task_elapsed_minutes=1.1 gpu_alloc_gb=0.317 gpu_reserved_gb=2.008
[SSL] repeat=2 scope=internal_cv fold=4 epoch=19/50 ssl_loss=0.055355 lr=0.000120554 base_val_bce=0.627192 base_best=N base_cls_epoch=19 epoch_seconds=4.6 task_elapsed_minutes=1.2 gpu_alloc_gb=0.318 gpu_reserved_gb=1.744
CHECKPOINT_LATEST repeat=2 scope=internal_cv fold=4 phase=ssl epoch=20 path=/data/adodas/VarCoNet-V2-main/xiaolunwen/experiment1b/checkpoints/worker_r2_latest.pt
[SSL] repeat=2 scope=internal_cv fold=4 epoch=20/50 ssl_loss=0.060912 lr=0.000116904 base_val_bce=0.636124 base_best=N base_cls_epoch=21 epoch_seconds=20.3 task_elapsed_minutes=1.3 gpu_alloc_gb=0.317 gpu_reserved_gb=2.008
[SSL] repeat=2 scope=internal_cv fold=4 epoch=21/50 ssl_loss=0.061317 lr=0.000112956 base_val_bce=0.632215 base_best=N base_cls_epoch=22 epoch_seconds=4.4 task_elapsed_minutes=1.6 gpu_alloc_gb=0.318 gpu_reserved_gb=1.744
[SSL] repeat=2 scope=internal_cv fold=4 epoch=22/50 ssl_loss=0.045830 lr=0.000108733 base_val_bce=0.621929 base_best=N base_cls_epoch=24 epoch_seconds=3.8 task_elapsed_minutes=1.7 gpu_alloc_gb=0.317 gpu_reserved_gb=2.008
[SSL] repeat=2 scope=internal_cv fold=4 epoch=23/50 ssl_loss=0.053271 lr=0.000104262 base_val_bce=0.634002 base_best=N base_cls_epoch=19 epoch_seconds=3.7 task_elapsed_minutes=1.7 gpu_alloc_gb=0.318 gpu_reserved_gb=1.744
[SSL] repeat=2 scope=internal_cv fold=4 epoch=24/50 ssl_loss=0.054252 lr=0.000099570 base_val_bce=0.623818 base_best=N base_cls_epoch=19 epoch_seconds=3.8 task_elapsed_minutes=1.8 gpu_alloc_gb=0.317 gpu_reserved_gb=2.008
[SSL] repeat=2 scope=internal_cv fold=4 epoch=25/50 ssl_loss=0.043521 lr=0.000094687 base_val_bce=0.625661 base_best=N base_cls_epoch=18 epoch_seconds=3.5 task_elapsed_minutes=1.9 gpu_alloc_gb=0.318 gpu_reserved_gb=1.744
[SSL] repeat=2 scope=internal_cv fold=4 epoch=26/50 ssl_loss=0.041871 lr=0.000089643 base_val_bce=0.627227 base_best=N base_cls_epoch=23 epoch_seconds=3.8 task_elapsed_minutes=1.9 gpu_alloc_gb=0.317 gpu_reserved_gb=2.008
[SSL] repeat=2 scope=internal_cv fold=4 epoch=27/50 ssl_loss=0.072473 lr=0.000084467 base_val_bce=0.627149 base_best=N base_cls_epoch=23 epoch_seconds=3.8 task_elapsed_minutes=2.0 gpu_alloc_gb=0.318 gpu_reserved_gb=1.744
[SSL] repeat=2 scope=internal_cv fold=4 epoch=28/50 ssl_loss=0.049520 lr=0.000079194 base_val_bce=0.635055 base_best=N base_cls_epoch=22 epoch_seconds=3.8 task_elapsed_minutes=2.1 gpu_alloc_gb=0.317 gpu_reserved_gb=2.008
[SSL] repeat=2 scope=internal_cv fold=4 epoch=29/50 ssl_loss=0.043179 lr=0.000073854 base_val_bce=0.626849 base_best=N base_cls_epoch=21 epoch_seconds=3.9 task_elapsed_minutes=2.1 gpu_alloc_gb=0.318 gpu_reserved_gb=1.744
CHECKPOINT_LATEST repeat=2 scope=internal_cv fold=4 phase=ssl epoch=30 path=/data/adodas/VarCoNet-V2-main/xiaolunwen/experiment1b/checkpoints/worker_r2_latest.pt
[SSL] repeat=2 scope=internal_cv fold=4 epoch=30/50 ssl_loss=0.039906 lr=0.000068481 base_val_bce=0.625066 base_best=N base_cls_epoch=21 epoch_seconds=4.2 task_elapsed_minutes=2.2 gpu_alloc_gb=0.317 gpu_reserved_gb=2.008
[SSL] repeat=2 scope=internal_cv fold=4 epoch=31/50 ssl_loss=0.048670 lr=0.000063108 base_val_bce=0.637664 base_best=N base_cls_epoch=23 epoch_seconds=3.9 task_elapsed_minutes=2.3 gpu_alloc_gb=0.318 gpu_reserved_gb=1.744
[SSL] repeat=2 scope=internal_cv fold=4 epoch=32/50 ssl_loss=0.047653 lr=0.000057768 base_val_bce=0.632714 base_best=N base_cls_epoch=22 epoch_seconds=3.8 task_elapsed_minutes=2.3 gpu_alloc_gb=0.317 gpu_reserved_gb=2.008
[SSL] repeat=2 scope=internal_cv fold=4 epoch=33/50 ssl_loss=0.043584 lr=0.000052494 base_val_bce=0.631786 base_best=N base_cls_epoch=26 epoch_seconds=3.8 task_elapsed_minutes=2.4 gpu_alloc_gb=0.318 gpu_reserved_gb=1.744
[SSL] repeat=2 scope=internal_cv fold=4 epoch=34/50 ssl_loss=0.055226 lr=0.000047319 base_val_bce=0.634158 base_best=N base_cls_epoch=20 epoch_seconds=3.8 task_elapsed_minutes=2.4 gpu_alloc_gb=0.317 gpu_reserved_gb=2.008
[SSL] repeat=2 scope=internal_cv fold=4 epoch=35/50 ssl_loss=0.039421 lr=0.000042274 base_val_bce=0.630816 base_best=N base_cls_epoch=19 epoch_seconds=3.7 task_elapsed_minutes=2.5 gpu_alloc_gb=0.318 gpu_reserved_gb=1.744
[SSL] repeat=2 scope=internal_cv fold=4 epoch=36/50 ssl_loss=0.038023 lr=0.000037391 base_val_bce=0.631447 base_best=N base_cls_epoch=22 epoch_seconds=3.6 task_elapsed_minutes=2.6 gpu_alloc_gb=0.317 gpu_reserved_gb=2.008
[SSL] repeat=2 scope=internal_cv fold=4 epoch=37/50 ssl_loss=0.045052 lr=0.000032700 base_val_bce=0.638816 base_best=N base_cls_epoch=24 epoch_seconds=3.8 task_elapsed_minutes=2.6 gpu_alloc_gb=0.318 gpu_reserved_gb=1.744
[SSL] repeat=2 scope=internal_cv fold=4 epoch=38/50 ssl_loss=0.042792 lr=0.000028229 base_val_bce=0.636570 base_best=N base_cls_epoch=21 epoch_seconds=3.8 task_elapsed_minutes=2.7 gpu_alloc_gb=0.317 gpu_reserved_gb=2.008
[SSL] repeat=2 scope=internal_cv fold=4 epoch=39/50 ssl_loss=0.048778 lr=0.000024006 base_val_bce=0.633486 base_best=N base_cls_epoch=24 epoch_seconds=3.8 task_elapsed_minutes=2.8 gpu_alloc_gb=0.318 gpu_reserved_gb=1.744
CHECKPOINT_LATEST repeat=2 scope=internal_cv fold=4 phase=ssl epoch=40 path=/data/adodas/VarCoNet-V2-main/xiaolunwen/experiment1b/checkpoints/worker_r2_latest.pt
[SSL] repeat=2 scope=internal_cv fold=4 epoch=40/50 ssl_loss=0.040669 lr=0.000020058 base_val_bce=0.619137 base_best=N base_cls_epoch=20 epoch_seconds=4.1 task_elapsed_minutes=2.8 gpu_alloc_gb=0.317 gpu_reserved_gb=2.008
[SSL] repeat=2 scope=internal_cv fold=4 epoch=41/50 ssl_loss=0.052678 lr=0.000016408 base_val_bce=0.638524 base_best=N base_cls_epoch=20 epoch_seconds=3.8 task_elapsed_minutes=2.9 gpu_alloc_gb=0.318 gpu_reserved_gb=1.744
[SSL] repeat=2 scope=internal_cv fold=4 epoch=42/50 ssl_loss=0.053371 lr=0.000013079 base_val_bce=0.629506 base_best=N base_cls_epoch=22 epoch_seconds=3.6 task_elapsed_minutes=2.9 gpu_alloc_gb=0.317 gpu_reserved_gb=2.008
[SSL] repeat=2 scope=internal_cv fold=4 epoch=43/50 ssl_loss=0.054452 lr=0.000010091 base_val_bce=0.629991 base_best=N base_cls_epoch=23 epoch_seconds=3.8 task_elapsed_minutes=3.0 gpu_alloc_gb=0.318 gpu_reserved_gb=1.744
[SSL] repeat=2 scope=internal_cv fold=4 epoch=44/50 ssl_loss=0.042833 lr=0.000007464 base_val_bce=0.627654 base_best=N base_cls_epoch=25 epoch_seconds=5.2 task_elapsed_minutes=3.1 gpu_alloc_gb=0.317 gpu_reserved_gb=2.008
[SSL] repeat=2 scope=internal_cv fold=4 epoch=45/50 ssl_loss=0.050669 lr=0.000005213 base_val_bce=0.629556 base_best=N base_cls_epoch=24 epoch_seconds=3.9 task_elapsed_minutes=3.2 gpu_alloc_gb=0.318 gpu_reserved_gb=1.744
[SSL] repeat=2 scope=internal_cv fold=4 epoch=46/50 ssl_loss=0.052010 lr=0.000003352 base_val_bce=0.625645 base_best=N base_cls_epoch=24 epoch_seconds=6.7 task_elapsed_minutes=3.3 gpu_alloc_gb=0.317 gpu_reserved_gb=2.008
[SSL] repeat=2 scope=internal_cv fold=4 epoch=47/50 ssl_loss=0.050669 lr=0.000001892 base_val_bce=0.634252 base_best=N base_cls_epoch=22 epoch_seconds=2.2 task_elapsed_minutes=3.3 gpu_alloc_gb=0.318 gpu_reserved_gb=1.744
[SSL] repeat=2 scope=internal_cv fold=4 epoch=48/50 ssl_loss=0.054573 lr=0.000000843 base_val_bce=0.630582 base_best=N base_cls_epoch=21 epoch_seconds=3.1 task_elapsed_minutes=3.4 gpu_alloc_gb=0.317 gpu_reserved_gb=2.008
[SSL] repeat=2 scope=internal_cv fold=4 epoch=49/50 ssl_loss=0.037868 lr=0.000000211 base_val_bce=0.626935 base_best=N base_cls_epoch=22 epoch_seconds=2.4 task_elapsed_minutes=3.4 gpu_alloc_gb=0.318 gpu_reserved_gb=1.744
CHECKPOINT_LATEST repeat=2 scope=internal_cv fold=4 phase=ssl epoch=50 path=/data/adodas/VarCoNet-V2-main/xiaolunwen/experiment1b/checkpoints/worker_r2_latest.pt
[SSL] repeat=2 scope=internal_cv fold=4 epoch=50/50 ssl_loss=0.045920 lr=0.000000000 base_val_bce=0.620944 base_best=N base_cls_epoch=23 epoch_seconds=3.3 task_elapsed_minutes=3.4 gpu_alloc_gb=0.317 gpu_reserved_gb=2.008
CRSM_INIT repeat=2 scope=internal_cv fold=4 n_experts=2 tau=1.0 trainable_parameters=147074 hc_centroid_norm=27.491587 pca_unit_norm=1.00000000 pca_singular=150.294128 sigma_margin=1.005717 sigma_projection=7.092040 ratio=0.0100 scale=0.00141809287 epoch0_val_bce=0.607733
CHECKPOINT_LATEST repeat=2 scope=internal_cv fold=4 phase=crsm epoch=0 path=/data/adodas/VarCoNet-V2-main/xiaolunwen/experiment1b/checkpoints/worker_r2_latest.pt
CHECKPOINT_BEST repeat=2 scope=internal_cv fold=4 phase=crsm epoch=0 path=/data/adodas/VarCoNet-V2-main/xiaolunwen/experiment1b/checkpoints/worker_r2_best.pt
CHECKPOINT_BEST repeat=2 scope=internal_cv fold=4 phase=crsm epoch=1 path=/data/adodas/VarCoNet-V2-main/xiaolunwen/experiment1b/checkpoints/worker_r2_best.pt
[CRSM] repeat=2 scope=internal_cv fold=4 epoch=1/149 train_loss=0.404040 val_bce=0.607428 best=Y best_epoch=1 mass=(0.5014,0.4986) hard=(0.5282,0.4718) entropy=0.693100 delta_l2=(0.013859,0.013419) delta_cos=0.965041 epoch_seconds=0.42
CHECKPOINT_BEST repeat=2 scope=internal_cv fold=4 phase=crsm epoch=2 path=/data/adodas/VarCoNet-V2-main/xiaolunwen/experiment1b/checkpoints/worker_r2_best.pt
[CRSM] repeat=2 scope=internal_cv fold=4 epoch=2/149 train_loss=0.397603 val_bce=0.607244 best=Y best_epoch=2 mass=(0.5015,0.4985) hard=(0.5178,0.4822) entropy=0.693094 delta_l2=(0.027258,0.026820) delta_cos=0.985357 epoch_seconds=0.78
CHECKPOINT_BEST repeat=2 scope=internal_cv fold=4 phase=crsm epoch=3 path=/data/adodas/VarCoNet-V2-main/xiaolunwen/experiment1b/checkpoints/worker_r2_best.pt
[CRSM] repeat=2 scope=internal_cv fold=4 epoch=3/149 train_loss=0.391374 val_bce=0.607174 best=Y best_epoch=3 mass=(0.5016,0.4984) hard=(0.5208,0.4792) entropy=0.693087 delta_l2=(0.040601,0.040167) delta_cos=0.989920 epoch_seconds=0.60
CHECKPOINT_LATEST repeat=2 scope=internal_cv fold=4 phase=crsm epoch=10 path=/data/adodas/VarCoNet-V2-main/xiaolunwen/experiment1b/checkpoints/worker_r2_latest.pt
[CRSM] repeat=2 scope=internal_cv fold=4 epoch=10/149 train_loss=0.353080 val_bce=0.609277 best=N best_epoch=3 mass=(0.5022,0.4978) hard=(0.5104,0.4896) entropy=0.693009 delta_l2=(0.131416,0.131010) delta_cos=0.994433 epoch_seconds=0.67
CHECKPOINT_LATEST repeat=2 scope=internal_cv fold=4 phase=crsm epoch=20 path=/data/adodas/VarCoNet-V2-main/xiaolunwen/experiment1b/checkpoints/worker_r2_latest.pt
[CRSM] repeat=2 scope=internal_cv fold=4 epoch=20/149 train_loss=0.311604 val_bce=0.616823 best=N best_epoch=3 mass=(0.5036,0.4964) hard=(0.4941,0.5059) entropy=0.692692 delta_l2=(0.251943,0.251526) delta_cos=0.994181 epoch_seconds=0.66
CHECKPOINT_LATEST repeat=2 scope=internal_cv fold=4 phase=crsm epoch=30 path=/data/adodas/VarCoNet-V2-main/xiaolunwen/experiment1b/checkpoints/worker_r2_latest.pt
[CRSM] repeat=2 scope=internal_cv fold=4 epoch=30/149 train_loss=0.281513 val_bce=0.626868 best=N best_epoch=3 mass=(0.5061,0.4939) hard=(0.4777,0.5223) entropy=0.691704 delta_l2=(0.360997,0.360446) delta_cos=0.991999 epoch_seconds=0.64
CHECKPOINT_LATEST repeat=2 scope=internal_cv fold=4 phase=crsm epoch=40 path=/data/adodas/VarCoNet-V2-main/xiaolunwen/experiment1b/checkpoints/worker_r2_latest.pt
[CRSM] repeat=2 scope=internal_cv fold=4 epoch=40/149 train_loss=0.259389 val_bce=0.638250 best=N best_epoch=3 mass=(0.5100,0.4900) hard=(0.4748,0.5252) entropy=0.688915 delta_l2=(0.459234,0.458357) delta_cos=0.987032 epoch_seconds=0.59
CHECKPOINT_LATEST repeat=2 scope=internal_cv fold=4 phase=crsm epoch=50 path=/data/adodas/VarCoNet-V2-main/xiaolunwen/experiment1b/checkpoints/worker_r2_latest.pt
[CRSM] repeat=2 scope=internal_cv fold=4 epoch=50/149 train_loss=0.242819 val_bce=0.650682 best=N best_epoch=3 mass=(0.5152,0.4848) hard=(0.4777,0.5223) entropy=0.682430 delta_l2=(0.547883,0.546395) delta_cos=0.977544 epoch_seconds=0.41
CHECKPOINT_LATEST repeat=2 scope=internal_cv fold=4 phase=crsm epoch=60 path=/data/adodas/VarCoNet-V2-main/xiaolunwen/experiment1b/checkpoints/worker_r2_latest.pt
[CRSM] repeat=2 scope=internal_cv fold=4 epoch=60/149 train_loss=0.230111 val_bce=0.664376 best=N best_epoch=3 mass=(0.5205,0.4795) hard=(0.4748,0.5252) entropy=0.671016 delta_l2=(0.628156,0.625869) delta_cos=0.961914 epoch_seconds=0.23
CHECKPOINT_LATEST repeat=2 scope=internal_cv fold=4 phase=crsm epoch=70 path=/data/adodas/VarCoNet-V2-main/xiaolunwen/experiment1b/checkpoints/worker_r2_latest.pt
[CRSM] repeat=2 scope=internal_cv fold=4 epoch=70/149 train_loss=0.220127 val_bce=0.678925 best=N best_epoch=3 mass=(0.5248,0.4752) hard=(0.4807,0.5193) entropy=0.655516 delta_l2=(0.701055,0.698183) delta_cos=0.939554 epoch_seconds=0.31
CHECKPOINT_LATEST repeat=2 scope=internal_cv fold=4 phase=crsm epoch=80 path=/data/adodas/VarCoNet-V2-main/xiaolunwen/experiment1b/checkpoints/worker_r2_latest.pt
[CRSM] repeat=2 scope=internal_cv fold=4 epoch=80/149 train_loss=0.212144 val_bce=0.693893 best=N best_epoch=3 mass=(0.5276,0.4724) hard=(0.4792,0.5208) entropy=0.637669 delta_l2=(0.767384,0.764630) delta_cos=0.911306 epoch_seconds=0.39
CHECKPOINT_LATEST repeat=2 scope=internal_cv fold=4 phase=crsm epoch=90 path=/data/adodas/VarCoNet-V2-main/xiaolunwen/experiment1b/checkpoints/worker_r2_latest.pt
[CRSM] repeat=2 scope=internal_cv fold=4 epoch=90/149 train_loss=0.205707 val_bce=0.709089 best=N best_epoch=3 mass=(0.5293,0.4707) hard=(0.4852,0.5148) entropy=0.618873 delta_l2=(0.827846,0.826146) delta_cos=0.879157 epoch_seconds=0.56
CHECKPOINT_LATEST repeat=2 scope=internal_cv fold=4 phase=crsm epoch=100 path=/data/adodas/VarCoNet-V2-main/xiaolunwen/experiment1b/checkpoints/worker_r2_latest.pt
[CRSM] repeat=2 scope=internal_cv fold=4 epoch=100/149 train_loss=0.200501 val_bce=0.724291 best=N best_epoch=3 mass=(0.5303,0.4697) hard=(0.4941,0.5059) entropy=0.600261 delta_l2=(0.883069,0.883290) delta_cos=0.845427 epoch_seconds=0.26
CHECKPOINT_LATEST repeat=2 scope=internal_cv fold=4 phase=crsm epoch=110 path=/data/adodas/VarCoNet-V2-main/xiaolunwen/experiment1b/checkpoints/worker_r2_latest.pt
[CRSM] repeat=2 scope=internal_cv fold=4 epoch=110/149 train_loss=0.196281 val_bce=0.739283 best=N best_epoch=3 mass=(0.5308,0.4692) hard=(0.5000,0.5000) entropy=0.582618 delta_l2=(0.933610,0.936413) delta_cos=0.811987 epoch_seconds=0.25
CHECKPOINT_LATEST repeat=2 scope=internal_cv fold=4 phase=crsm epoch=120 path=/data/adodas/VarCoNet-V2-main/xiaolunwen/experiment1b/checkpoints/worker_r2_latest.pt
[CRSM] repeat=2 scope=internal_cv fold=4 epoch=120/149 train_loss=0.192846 val_bce=0.753856 best=N best_epoch=3 mass=(0.5309,0.4691) hard=(0.4985,0.5015) entropy=0.566261 delta_l2=(0.979971,0.985805) delta_cos=0.779986 epoch_seconds=0.77
CHECKPOINT_LATEST repeat=2 scope=internal_cv fold=4 phase=crsm epoch=130 path=/data/adodas/VarCoNet-V2-main/xiaolunwen/experiment1b/checkpoints/worker_r2_latest.pt
[CRSM] repeat=2 scope=internal_cv fold=4 epoch=130/149 train_loss=0.190034 val_bce=0.767921 best=N best_epoch=3 mass=(0.5308,0.4692) hard=(0.5045,0.4955) entropy=0.551233 delta_l2=(1.022616,1.031754) delta_cos=0.749968 epoch_seconds=0.82
CHECKPOINT_LATEST repeat=2 scope=internal_cv fold=4 phase=crsm epoch=140 path=/data/adodas/VarCoNet-V2-main/xiaolunwen/experiment1b/checkpoints/worker_r2_latest.pt
[CRSM] repeat=2 scope=internal_cv fold=4 epoch=140/149 train_loss=0.187714 val_bce=0.781456 best=N best_epoch=3 mass=(0.5305,0.4695) hard=(0.5059,0.4941) entropy=0.537510 delta_l2=(1.061969,1.074540) delta_cos=0.722105 epoch_seconds=0.53
TASK_TRAINING_DONE repeat=2 scope=internal_cv fold=4 base_encoder_epoch=12 base_classifier_epoch=17 base_val_bce=0.607736 selected_crsm_epoch=3 crsm_val_bce=0.607174 treatment_threshold=0.385329 elapsed_minutes=3.6
TASK_DONE repeat=2 scope=internal_fold fold=4 method=baseline selected_encoder_epoch=12 test_auc=0.715321 test_bce=0.605569 elapsed_minutes=3.6
TASK_DONE repeat=2 scope=internal_fold fold=4 method=control_referenced_soft_multiboundary selected_encoder_epoch=12 test_auc=0.722567 test_bce=0.602174 elapsed_minutes=3.6
TASK_START repeat=2 scope=internal_cv fold=5 seed=100205 device=cuda:0 shared_encoder=Y reference_unique_n=674 train_n=750 val_n=120
CHECKPOINT_BEST repeat=2 scope=internal_cv fold=5 phase=ssl epoch=1 path=/data/adodas/VarCoNet-V2-main/xiaolunwen/experiment1b/checkpoints/worker_r2_best.pt
[SSL] repeat=2 scope=internal_cv fold=5 epoch=1/50 ssl_loss=0.122450 lr=0.000024107 base_val_bce=0.655539 base_best=Y base_cls_epoch=16 epoch_seconds=3.9 task_elapsed_minutes=0.1 gpu_alloc_gb=0.318 gpu_reserved_gb=1.744
CHECKPOINT_BEST repeat=2 scope=internal_cv fold=5 phase=ssl epoch=2 path=/data/adodas/VarCoNet-V2-main/xiaolunwen/experiment1b/checkpoints/worker_r2_best.pt
[SSL] repeat=2 scope=internal_cv fold=5 epoch=2/50 ssl_loss=0.127803 lr=0.000038214 base_val_bce=0.637952 base_best=Y base_cls_epoch=20 epoch_seconds=3.8 task_elapsed_minutes=0.1 gpu_alloc_gb=0.317 gpu_reserved_gb=2.008
CHECKPOINT_BEST repeat=2 scope=internal_cv fold=5 phase=ssl epoch=3 path=/data/adodas/VarCoNet-V2-main/xiaolunwen/experiment1b/checkpoints/worker_r2_best.pt
[SSL] repeat=2 scope=internal_cv fold=5 epoch=3/50 ssl_loss=0.108941 lr=0.000052321 base_val_bce=0.637095 base_best=Y base_cls_epoch=21 epoch_seconds=3.8 task_elapsed_minutes=0.2 gpu_alloc_gb=0.318 gpu_reserved_gb=1.744
[SSL] repeat=2 scope=internal_cv fold=5 epoch=4/50 ssl_loss=0.116575 lr=0.000066427 base_val_bce=0.639805 base_best=N base_cls_epoch=16 epoch_seconds=3.8 task_elapsed_minutes=0.3 gpu_alloc_gb=0.317 gpu_reserved_gb=2.008
CHECKPOINT_BEST repeat=2 scope=internal_cv fold=5 phase=ssl epoch=5 path=/data/adodas/VarCoNet-V2-main/xiaolunwen/experiment1b/checkpoints/worker_r2_best.pt
[SSL] repeat=2 scope=internal_cv fold=5 epoch=5/50 ssl_loss=0.096532 lr=0.000080534 base_val_bce=0.636480 base_best=Y base_cls_epoch=14 epoch_seconds=4.2 task_elapsed_minutes=0.3 gpu_alloc_gb=0.318 gpu_reserved_gb=1.744
CHECKPOINT_BEST repeat=2 scope=internal_cv fold=5 phase=ssl epoch=6 path=/data/adodas/VarCoNet-V2-main/xiaolunwen/experiment1b/checkpoints/worker_r2_best.pt
[SSL] repeat=2 scope=internal_cv fold=5 epoch=6/50 ssl_loss=0.100976 lr=0.000094641 base_val_bce=0.629669 base_best=Y base_cls_epoch=16 epoch_seconds=4.2 task_elapsed_minutes=0.4 gpu_alloc_gb=0.317 gpu_reserved_gb=2.008
[SSL] repeat=2 scope=internal_cv fold=5 epoch=7/50 ssl_loss=0.107346 lr=0.000108748 base_val_bce=0.637432 base_best=N base_cls_epoch=15 epoch_seconds=3.8 task_elapsed_minutes=0.5 gpu_alloc_gb=0.318 gpu_reserved_gb=1.744
[SSL] repeat=2 scope=internal_cv fold=5 epoch=8/50 ssl_loss=0.080193 lr=0.000122855 base_val_bce=0.641969 base_best=N base_cls_epoch=16 epoch_seconds=3.7 task_elapsed_minutes=0.5 gpu_alloc_gb=0.317 gpu_reserved_gb=2.008
[SSL] repeat=2 scope=internal_cv fold=5 epoch=9/50 ssl_loss=0.083565 lr=0.000136962 base_val_bce=0.637774 base_best=N base_cls_epoch=18 epoch_seconds=3.7 task_elapsed_minutes=0.6 gpu_alloc_gb=0.318 gpu_reserved_gb=1.744
CHECKPOINT_LATEST repeat=2 scope=internal_cv fold=5 phase=ssl epoch=10 path=/data/adodas/VarCoNet-V2-main/xiaolunwen/experiment1b/checkpoints/worker_r2_latest.pt
[SSL] repeat=2 scope=internal_cv fold=5 epoch=10/50 ssl_loss=0.066565 lr=0.000136962 base_val_bce=0.641673 base_best=N base_cls_epoch=20 epoch_seconds=4.0 task_elapsed_minutes=0.6 gpu_alloc_gb=0.317 gpu_reserved_gb=2.008
[SSL] repeat=2 scope=internal_cv fold=5 epoch=11/50 ssl_loss=0.060463 lr=0.000136751 base_val_bce=0.635313 base_best=N base_cls_epoch=21 epoch_seconds=3.8 task_elapsed_minutes=0.7 gpu_alloc_gb=0.318 gpu_reserved_gb=1.744
[SSL] repeat=2 scope=internal_cv fold=5 epoch=12/50 ssl_loss=0.084501 lr=0.000136119 base_val_bce=0.638511 base_best=N base_cls_epoch=19 epoch_seconds=3.8 task_elapsed_minutes=0.8 gpu_alloc_gb=0.317 gpu_reserved_gb=2.008
[SSL] repeat=2 scope=internal_cv fold=5 epoch=13/50 ssl_loss=0.067901 lr=0.000135070 base_val_bce=0.632573 base_best=N base_cls_epoch=19 epoch_seconds=3.9 task_elapsed_minutes=0.8 gpu_alloc_gb=0.318 gpu_reserved_gb=1.744
CHECKPOINT_BEST repeat=2 scope=internal_cv fold=5 phase=ssl epoch=14 path=/data/adodas/VarCoNet-V2-main/xiaolunwen/experiment1b/checkpoints/worker_r2_best.pt
[SSL] repeat=2 scope=internal_cv fold=5 epoch=14/50 ssl_loss=0.064212 lr=0.000133610 base_val_bce=0.621117 base_best=Y base_cls_epoch=21 epoch_seconds=4.3 task_elapsed_minutes=0.9 gpu_alloc_gb=0.317 gpu_reserved_gb=2.008
[SSL] repeat=2 scope=internal_cv fold=5 epoch=15/50 ssl_loss=0.050604 lr=0.000131749 base_val_bce=0.629813 base_best=N base_cls_epoch=22 epoch_seconds=3.8 task_elapsed_minutes=1.0 gpu_alloc_gb=0.318 gpu_reserved_gb=1.744
[SSL] repeat=2 scope=internal_cv fold=5 epoch=16/50 ssl_loss=0.046539 lr=0.000129498 base_val_bce=0.634582 base_best=N base_cls_epoch=23 epoch_seconds=3.9 task_elapsed_minutes=1.0 gpu_alloc_gb=0.317 gpu_reserved_gb=2.008
[SSL] repeat=2 scope=internal_cv fold=5 epoch=17/50 ssl_loss=0.052975 lr=0.000126870 base_val_bce=0.646210 base_best=N base_cls_epoch=22 epoch_seconds=3.8 task_elapsed_minutes=1.1 gpu_alloc_gb=0.318 gpu_reserved_gb=1.744
[SSL] repeat=2 scope=internal_cv fold=5 epoch=18/50 ssl_loss=0.050420 lr=0.000123883 base_val_bce=0.642129 base_best=N base_cls_epoch=22 epoch_seconds=3.5 task_elapsed_minutes=1.2 gpu_alloc_gb=0.317 gpu_reserved_gb=2.008
[SSL] repeat=2 scope=internal_cv fold=5 epoch=19/50 ssl_loss=0.053800 lr=0.000120554 base_val_bce=0.638274 base_best=N base_cls_epoch=20 epoch_seconds=3.7 task_elapsed_minutes=1.2 gpu_alloc_gb=0.318 gpu_reserved_gb=1.744
CHECKPOINT_LATEST repeat=2 scope=internal_cv fold=5 phase=ssl epoch=20 path=/data/adodas/VarCoNet-V2-main/xiaolunwen/experiment1b/checkpoints/worker_r2_latest.pt
[SSL] repeat=2 scope=internal_cv fold=5 epoch=20/50 ssl_loss=0.046999 lr=0.000116904 base_val_bce=0.626900 base_best=N base_cls_epoch=22 epoch_seconds=15.6 task_elapsed_minutes=1.3 gpu_alloc_gb=0.317 gpu_reserved_gb=2.008
[SSL] repeat=2 scope=internal_cv fold=5 epoch=21/50 ssl_loss=0.046353 lr=0.000112956 base_val_bce=0.635993 base_best=N base_cls_epoch=24 epoch_seconds=3.8 task_elapsed_minutes=1.5 gpu_alloc_gb=0.318 gpu_reserved_gb=1.744
[SSL] repeat=2 scope=internal_cv fold=5 epoch=22/50 ssl_loss=0.057303 lr=0.000108733 base_val_bce=0.635224 base_best=N base_cls_epoch=23 epoch_seconds=3.8 task_elapsed_minutes=1.6 gpu_alloc_gb=0.317 gpu_reserved_gb=2.008
[SSL] repeat=2 scope=internal_cv fold=5 epoch=23/50 ssl_loss=0.050243 lr=0.000104262 base_val_bce=0.633271 base_best=N base_cls_epoch=24 epoch_seconds=3.8 task_elapsed_minutes=1.7 gpu_alloc_gb=0.318 gpu_reserved_gb=1.744
[SSL] repeat=2 scope=internal_cv fold=5 epoch=24/50 ssl_loss=0.048566 lr=0.000099570 base_val_bce=0.633096 base_best=N base_cls_epoch=22 epoch_seconds=3.7 task_elapsed_minutes=1.7 gpu_alloc_gb=0.317 gpu_reserved_gb=2.008
[SSL] repeat=2 scope=internal_cv fold=5 epoch=25/50 ssl_loss=0.045910 lr=0.000094687 base_val_bce=0.633879 base_best=N base_cls_epoch=22 epoch_seconds=3.7 task_elapsed_minutes=1.8 gpu_alloc_gb=0.318 gpu_reserved_gb=1.744
[SSL] repeat=2 scope=internal_cv fold=5 epoch=26/50 ssl_loss=0.044580 lr=0.000089643 base_val_bce=0.626037 base_best=N base_cls_epoch=25 epoch_seconds=3.9 task_elapsed_minutes=1.9 gpu_alloc_gb=0.317 gpu_reserved_gb=2.008
[SSL] repeat=2 scope=internal_cv fold=5 epoch=27/50 ssl_loss=0.043434 lr=0.000084467 base_val_bce=0.639816 base_best=N base_cls_epoch=24 epoch_seconds=3.8 task_elapsed_minutes=1.9 gpu_alloc_gb=0.318 gpu_reserved_gb=1.744
[SSL] repeat=2 scope=internal_cv fold=5 epoch=28/50 ssl_loss=0.045607 lr=0.000079194 base_val_bce=0.639681 base_best=N base_cls_epoch=24 epoch_seconds=3.8 task_elapsed_minutes=2.0 gpu_alloc_gb=0.317 gpu_reserved_gb=2.008
[SSL] repeat=2 scope=internal_cv fold=5 epoch=29/50 ssl_loss=0.045754 lr=0.000073854 base_val_bce=0.634440 base_best=N base_cls_epoch=24 epoch_seconds=3.9 task_elapsed_minutes=2.1 gpu_alloc_gb=0.318 gpu_reserved_gb=1.744
CHECKPOINT_LATEST repeat=2 scope=internal_cv fold=5 phase=ssl epoch=30 path=/data/adodas/VarCoNet-V2-main/xiaolunwen/experiment1b/checkpoints/worker_r2_latest.pt
[SSL] repeat=2 scope=internal_cv fold=5 epoch=30/50 ssl_loss=0.036955 lr=0.000068481 base_val_bce=0.641489 base_best=N base_cls_epoch=23 epoch_seconds=4.1 task_elapsed_minutes=2.1 gpu_alloc_gb=0.317 gpu_reserved_gb=2.008
[SSL] repeat=2 scope=internal_cv fold=5 epoch=31/50 ssl_loss=0.033892 lr=0.000063108 base_val_bce=0.623405 base_best=N base_cls_epoch=25 epoch_seconds=3.8 task_elapsed_minutes=2.2 gpu_alloc_gb=0.318 gpu_reserved_gb=1.744
[SSL] repeat=2 scope=internal_cv fold=5 epoch=32/50 ssl_loss=0.049261 lr=0.000057768 base_val_bce=0.638749 base_best=N base_cls_epoch=24 epoch_seconds=3.7 task_elapsed_minutes=2.3 gpu_alloc_gb=0.317 gpu_reserved_gb=2.008
[SSL] repeat=2 scope=internal_cv fold=5 epoch=33/50 ssl_loss=0.041609 lr=0.000052494 base_val_bce=0.630760 base_best=N base_cls_epoch=27 epoch_seconds=3.8 task_elapsed_minutes=2.3 gpu_alloc_gb=0.318 gpu_reserved_gb=1.744
[SSL] repeat=2 scope=internal_cv fold=5 epoch=34/50 ssl_loss=0.044494 lr=0.000047319 base_val_bce=0.648325 base_best=N base_cls_epoch=25 epoch_seconds=3.6 task_elapsed_minutes=2.4 gpu_alloc_gb=0.317 gpu_reserved_gb=2.008
[SSL] repeat=2 scope=internal_cv fold=5 epoch=35/50 ssl_loss=0.048766 lr=0.000042274 base_val_bce=0.640358 base_best=N base_cls_epoch=23 epoch_seconds=3.7 task_elapsed_minutes=2.4 gpu_alloc_gb=0.318 gpu_reserved_gb=1.744
[SSL] repeat=2 scope=internal_cv fold=5 epoch=36/50 ssl_loss=0.053054 lr=0.000037391 base_val_bce=0.629121 base_best=N base_cls_epoch=27 epoch_seconds=3.8 task_elapsed_minutes=2.5 gpu_alloc_gb=0.317 gpu_reserved_gb=2.008
[SSL] repeat=2 scope=internal_cv fold=5 epoch=37/50 ssl_loss=0.039829 lr=0.000032700 base_val_bce=0.629047 base_best=N base_cls_epoch=23 epoch_seconds=3.9 task_elapsed_minutes=2.6 gpu_alloc_gb=0.318 gpu_reserved_gb=1.744
[SSL] repeat=2 scope=internal_cv fold=5 epoch=38/50 ssl_loss=0.046622 lr=0.000028229 base_val_bce=0.643615 base_best=N base_cls_epoch=27 epoch_seconds=3.7 task_elapsed_minutes=2.6 gpu_alloc_gb=0.317 gpu_reserved_gb=2.008
[SSL] repeat=2 scope=internal_cv fold=5 epoch=39/50 ssl_loss=0.049528 lr=0.000024006 base_val_bce=0.650123 base_best=N base_cls_epoch=20 epoch_seconds=3.8 task_elapsed_minutes=2.7 gpu_alloc_gb=0.318 gpu_reserved_gb=1.744
CHECKPOINT_LATEST repeat=2 scope=internal_cv fold=5 phase=ssl epoch=40 path=/data/adodas/VarCoNet-V2-main/xiaolunwen/experiment1b/checkpoints/worker_r2_latest.pt
[SSL] repeat=2 scope=internal_cv fold=5 epoch=40/50 ssl_loss=0.045427 lr=0.000020058 base_val_bce=0.644757 base_best=N base_cls_epoch=26 epoch_seconds=9.8 task_elapsed_minutes=2.8 gpu_alloc_gb=0.317 gpu_reserved_gb=2.008
[SSL] repeat=2 scope=internal_cv fold=5 epoch=41/50 ssl_loss=0.044515 lr=0.000016408 base_val_bce=0.637350 base_best=N base_cls_epoch=25 epoch_seconds=3.8 task_elapsed_minutes=2.9 gpu_alloc_gb=0.318 gpu_reserved_gb=1.744
[SSL] repeat=2 scope=internal_cv fold=5 epoch=42/50 ssl_loss=0.040256 lr=0.000013079 base_val_bce=0.642308 base_best=N base_cls_epoch=25 epoch_seconds=3.3 task_elapsed_minutes=3.0 gpu_alloc_gb=0.317 gpu_reserved_gb=2.008
[SSL] repeat=2 scope=internal_cv fold=5 epoch=43/50 ssl_loss=0.041138 lr=0.000010091 base_val_bce=0.635844 base_best=N base_cls_epoch=24 epoch_seconds=2.9 task_elapsed_minutes=3.0 gpu_alloc_gb=0.318 gpu_reserved_gb=1.744
[SSL] repeat=2 scope=internal_cv fold=5 epoch=44/50 ssl_loss=0.051830 lr=0.000007464 base_val_bce=0.639445 base_best=N base_cls_epoch=23 epoch_seconds=3.0 task_elapsed_minutes=3.1 gpu_alloc_gb=0.317 gpu_reserved_gb=2.008
[SSL] repeat=2 scope=internal_cv fold=5 epoch=45/50 ssl_loss=0.041132 lr=0.000005213 base_val_bce=0.640690 base_best=N base_cls_epoch=24 epoch_seconds=3.2 task_elapsed_minutes=3.1 gpu_alloc_gb=0.318 gpu_reserved_gb=1.744
[SSL] repeat=2 scope=internal_cv fold=5 epoch=46/50 ssl_loss=0.043765 lr=0.000003352 base_val_bce=0.645307 base_best=N base_cls_epoch=24 epoch_seconds=3.7 task_elapsed_minutes=3.2 gpu_alloc_gb=0.317 gpu_reserved_gb=2.008
[SSL] repeat=2 scope=internal_cv fold=5 epoch=47/50 ssl_loss=0.046059 lr=0.000001892 base_val_bce=0.652207 base_best=N base_cls_epoch=22 epoch_seconds=3.8 task_elapsed_minutes=3.2 gpu_alloc_gb=0.318 gpu_reserved_gb=1.744
[SSL] repeat=2 scope=internal_cv fold=5 epoch=48/50 ssl_loss=0.045991 lr=0.000000843 base_val_bce=0.639113 base_best=N base_cls_epoch=26 epoch_seconds=3.8 task_elapsed_minutes=3.3 gpu_alloc_gb=0.317 gpu_reserved_gb=2.008
[SSL] repeat=2 scope=internal_cv fold=5 epoch=49/50 ssl_loss=0.036375 lr=0.000000211 base_val_bce=0.638096 base_best=N base_cls_epoch=24 epoch_seconds=3.8 task_elapsed_minutes=3.4 gpu_alloc_gb=0.318 gpu_reserved_gb=1.744
CHECKPOINT_LATEST repeat=2 scope=internal_cv fold=5 phase=ssl epoch=50 path=/data/adodas/VarCoNet-V2-main/xiaolunwen/experiment1b/checkpoints/worker_r2_latest.pt
[SSL] repeat=2 scope=internal_cv fold=5 epoch=50/50 ssl_loss=0.036383 lr=0.000000000 base_val_bce=0.636847 base_best=N base_cls_epoch=25 epoch_seconds=4.0 task_elapsed_minutes=3.4 gpu_alloc_gb=0.317 gpu_reserved_gb=2.008
CRSM_INIT repeat=2 scope=internal_cv fold=5 n_experts=2 tau=1.0 trainable_parameters=147074 hc_centroid_norm=26.142834 pca_unit_norm=1.00000000 pca_singular=146.485138 sigma_margin=1.164821 sigma_projection=7.536144 ratio=0.0100 scale=0.00154564611 epoch0_val_bce=0.621114
CHECKPOINT_LATEST repeat=2 scope=internal_cv fold=5 phase=crsm epoch=0 path=/data/adodas/VarCoNet-V2-main/xiaolunwen/experiment1b/checkpoints/worker_r2_latest.pt
CHECKPOINT_BEST repeat=2 scope=internal_cv fold=5 phase=crsm epoch=0 path=/data/adodas/VarCoNet-V2-main/xiaolunwen/experiment1b/checkpoints/worker_r2_best.pt
CHECKPOINT_LATEST repeat=2 scope=internal_cv fold=5 phase=crsm epoch=10 path=/data/adodas/VarCoNet-V2-main/xiaolunwen/experiment1b/checkpoints/worker_r2_latest.pt
[CRSM] repeat=2 scope=internal_cv fold=5 epoch=10/149 train_loss=0.286118 val_bce=0.628554 best=N best_epoch=0 mass=(0.5012,0.4988) hard=(0.4214,0.5786) entropy=0.693026 delta_l2=(0.131329,0.131193) delta_cos=0.995147 epoch_seconds=0.25
CHECKPOINT_LATEST repeat=2 scope=internal_cv fold=5 phase=crsm epoch=20 path=/data/adodas/VarCoNet-V2-main/xiaolunwen/experiment1b/checkpoints/worker_r2_latest.pt
[CRSM] repeat=2 scope=internal_cv fold=5 epoch=20/149 train_loss=0.247427 val_bce=0.643505 best=N best_epoch=0 mass=(0.5020,0.4980) hard=(0.4303,0.5697) entropy=0.692840 delta_l2=(0.250861,0.250754) delta_cos=0.995663 epoch_seconds=0.43
CHECKPOINT_LATEST repeat=2 scope=internal_cv fold=5 phase=crsm epoch=30 path=/data/adodas/VarCoNet-V2-main/xiaolunwen/experiment1b/checkpoints/worker_r2_latest.pt
[CRSM] repeat=2 scope=internal_cv fold=5 epoch=30/149 train_loss=0.221016 val_bce=0.660008 best=N best_epoch=0 mass=(0.5033,0.4967) hard=(0.4377,0.5623) entropy=0.692353 delta_l2=(0.357138,0.357011) delta_cos=0.994734 epoch_seconds=0.33
CHECKPOINT_LATEST repeat=2 scope=internal_cv fold=5 phase=crsm epoch=40 path=/data/adodas/VarCoNet-V2-main/xiaolunwen/experiment1b/checkpoints/worker_r2_latest.pt
[CRSM] repeat=2 scope=internal_cv fold=5 epoch=40/149 train_loss=0.202753 val_bce=0.677028 best=N best_epoch=0 mass=(0.5054,0.4946) hard=(0.4318,0.5682) entropy=0.691157 delta_l2=(0.450856,0.450589) delta_cos=0.992373 epoch_seconds=0.48
CHECKPOINT_LATEST repeat=2 scope=internal_cv fold=5 phase=crsm epoch=50 path=/data/adodas/VarCoNet-V2-main/xiaolunwen/experiment1b/checkpoints/worker_r2_latest.pt
[CRSM] repeat=2 scope=internal_cv fold=5 epoch=50/149 train_loss=0.189906 val_bce=0.694681 best=N best_epoch=0 mass=(0.5083,0.4917) hard=(0.4362,0.5638) entropy=0.688496 delta_l2=(0.533446,0.532854) delta_cos=0.987804 epoch_seconds=0.49
CHECKPOINT_LATEST repeat=2 scope=internal_cv fold=5 phase=crsm epoch=60 path=/data/adodas/VarCoNet-V2-main/xiaolunwen/experiment1b/checkpoints/worker_r2_latest.pt
[CRSM] repeat=2 scope=internal_cv fold=5 epoch=60/149 train_loss=0.180643 val_bce=0.712659 best=N best_epoch=0 mass=(0.5118,0.4882) hard=(0.4436,0.5564) entropy=0.683362 delta_l2=(0.606411,0.605318) delta_cos=0.979846 epoch_seconds=0.55
CHECKPOINT_LATEST repeat=2 scope=internal_cv fold=5 phase=crsm epoch=70 path=/data/adodas/VarCoNet-V2-main/xiaolunwen/experiment1b/checkpoints/worker_r2_latest.pt
[CRSM] repeat=2 scope=internal_cv fold=5 epoch=70/149 train_loss=0.173750 val_bce=0.730289 best=N best_epoch=0 mass=(0.5153,0.4847) hard=(0.4510,0.5490) entropy=0.675090 delta_l2=(0.671196,0.669609) delta_cos=0.967390 epoch_seconds=0.43
CHECKPOINT_LATEST repeat=2 scope=internal_cv fold=5 phase=crsm epoch=80 path=/data/adodas/VarCoNet-V2-main/xiaolunwen/experiment1b/checkpoints/worker_r2_latest.pt
[CRSM] repeat=2 scope=internal_cv fold=5 epoch=80/149 train_loss=0.168451 val_bce=0.747286 best=N best_epoch=0 mass=(0.5184,0.4816) hard=(0.4570,0.5430) entropy=0.663791 delta_l2=(0.729098,0.727361) delta_cos=0.949994 epoch_seconds=0.51
CHECKPOINT_LATEST repeat=2 scope=internal_cv fold=5 phase=crsm epoch=90 path=/data/adodas/VarCoNet-V2-main/xiaolunwen/experiment1b/checkpoints/worker_r2_latest.pt
[CRSM] repeat=2 scope=internal_cv fold=5 epoch=90/149 train_loss=0.164265 val_bce=0.763627 best=N best_epoch=0 mass=(0.5207,0.4793) hard=(0.4659,0.5341) entropy=0.650062 delta_l2=(0.781225,0.779994) delta_cos=0.928106 epoch_seconds=0.61
CHECKPOINT_LATEST repeat=2 scope=internal_cv fold=5 phase=crsm epoch=100 path=/data/adodas/VarCoNet-V2-main/xiaolunwen/experiment1b/checkpoints/worker_r2_latest.pt
[CRSM] repeat=2 scope=internal_cv fold=5 epoch=100/149 train_loss=0.160895 val_bce=0.779287 best=N best_epoch=0 mass=(0.5223,0.4777) hard=(0.4718,0.5282) entropy=0.634707 delta_l2=(0.828487,0.828554) delta_cos=0.902837 epoch_seconds=0.26
CHECKPOINT_LATEST repeat=2 scope=internal_cv fold=5 phase=crsm epoch=110 path=/data/adodas/VarCoNet-V2-main/xiaolunwen/experiment1b/checkpoints/worker_r2_latest.pt
[CRSM] repeat=2 scope=internal_cv fold=5 epoch=110/149 train_loss=0.158147 val_bce=0.794320 best=N best_epoch=0 mass=(0.5234,0.4766) hard=(0.4763,0.5237) entropy=0.618604 delta_l2=(0.871608,0.873716) delta_cos=0.875545 epoch_seconds=0.36
CHECKPOINT_LATEST repeat=2 scope=internal_cv fold=5 phase=crsm epoch=120 path=/data/adodas/VarCoNet-V2-main/xiaolunwen/experiment1b/checkpoints/worker_r2_latest.pt
[CRSM] repeat=2 scope=internal_cv fold=5 epoch=120/149 train_loss=0.155890 val_bce=0.808749 best=N best_epoch=0 mass=(0.5240,0.4760) hard=(0.4807,0.5193) entropy=0.602486 delta_l2=(0.911169,0.915881) delta_cos=0.847482 epoch_seconds=0.54
CHECKPOINT_LATEST repeat=2 scope=internal_cv fold=5 phase=crsm epoch=130 path=/data/adodas/VarCoNet-V2-main/xiaolunwen/experiment1b/checkpoints/worker_r2_latest.pt
[CRSM] repeat=2 scope=internal_cv fold=5 epoch=130/149 train_loss=0.154025 val_bce=0.822581 best=N best_epoch=0 mass=(0.5244,0.4756) hard=(0.4866,0.5134) entropy=0.586852 delta_l2=(0.947647,0.955287) delta_cos=0.819626 epoch_seconds=0.51
CHECKPOINT_LATEST repeat=2 scope=internal_cv fold=5 phase=crsm epoch=140 path=/data/adodas/VarCoNet-V2-main/xiaolunwen/experiment1b/checkpoints/worker_r2_latest.pt
[CRSM] repeat=2 scope=internal_cv fold=5 epoch=140/149 train_loss=0.152475 val_bce=0.835825 best=N best_epoch=0 mass=(0.5248,0.4752) hard=(0.4896,0.5104) entropy=0.572009 delta_l2=(0.981434,0.992112) delta_cos=0.792642 epoch_seconds=0.80
TASK_TRAINING_DONE repeat=2 scope=internal_cv fold=5 base_encoder_epoch=14 base_classifier_epoch=21 base_val_bce=0.621117 selected_crsm_epoch=0 crsm_val_bce=0.621114 treatment_threshold=0.498056 elapsed_minutes=3.6
TASK_DONE repeat=2 scope=internal_fold fold=5 method=baseline selected_encoder_epoch=14 test_auc=0.755060 test_bce=0.593962 elapsed_minutes=3.6
TASK_DONE repeat=2 scope=internal_fold fold=5 method=control_referenced_soft_multiboundary selected_encoder_epoch=14 test_auc=0.755060 test_bce=0.593957 elapsed_minutes=3.6
TASK_START repeat=2 scope=internal_cv fold=6 seed=100206 device=cuda:0 shared_encoder=Y reference_unique_n=674 train_n=750 val_n=120
CHECKPOINT_BEST repeat=2 scope=internal_cv fold=6 phase=ssl epoch=1 path=/data/adodas/VarCoNet-V2-main/xiaolunwen/experiment1b/checkpoints/worker_r2_best.pt
[SSL] repeat=2 scope=internal_cv fold=6 epoch=1/50 ssl_loss=0.630760 lr=0.000024107 base_val_bce=0.632665 base_best=Y base_cls_epoch=31 epoch_seconds=4.4 task_elapsed_minutes=0.1 gpu_alloc_gb=0.318 gpu_reserved_gb=1.744
[SSL] repeat=2 scope=internal_cv fold=6 epoch=2/50 ssl_loss=0.302437 lr=0.000038214 base_val_bce=0.639904 base_best=N base_cls_epoch=19 epoch_seconds=3.7 task_elapsed_minutes=0.1 gpu_alloc_gb=0.317 gpu_reserved_gb=2.008
[SSL] repeat=2 scope=internal_cv fold=6 epoch=3/50 ssl_loss=0.146815 lr=0.000052321 base_val_bce=0.637094 base_best=N base_cls_epoch=22 epoch_seconds=3.5 task_elapsed_minutes=0.2 gpu_alloc_gb=0.318 gpu_reserved_gb=1.744
CHECKPOINT_BEST repeat=2 scope=internal_cv fold=6 phase=ssl epoch=4 path=/data/adodas/VarCoNet-V2-main/xiaolunwen/experiment1b/checkpoints/worker_r2_best.pt
[SSL] repeat=2 scope=internal_cv fold=6 epoch=4/50 ssl_loss=0.127999 lr=0.000066427 base_val_bce=0.631411 base_best=Y base_cls_epoch=16 epoch_seconds=4.0 task_elapsed_minutes=0.3 gpu_alloc_gb=0.317 gpu_reserved_gb=2.008
[SSL] repeat=2 scope=internal_cv fold=6 epoch=5/50 ssl_loss=0.147913 lr=0.000080534 base_val_bce=0.633819 base_best=N base_cls_epoch=15 epoch_seconds=3.7 task_elapsed_minutes=0.3 gpu_alloc_gb=0.318 gpu_reserved_gb=1.744
[SSL] repeat=2 scope=internal_cv fold=6 epoch=6/50 ssl_loss=0.102736 lr=0.000094641 base_val_bce=0.634925 base_best=N base_cls_epoch=17 epoch_seconds=3.8 task_elapsed_minutes=0.4 gpu_alloc_gb=0.317 gpu_reserved_gb=2.008
CHECKPOINT_BEST repeat=2 scope=internal_cv fold=6 phase=ssl epoch=7 path=/data/adodas/VarCoNet-V2-main/xiaolunwen/experiment1b/checkpoints/worker_r2_best.pt
[SSL] repeat=2 scope=internal_cv fold=6 epoch=7/50 ssl_loss=0.108345 lr=0.000108748 base_val_bce=0.626828 base_best=Y base_cls_epoch=15 epoch_seconds=4.0 task_elapsed_minutes=0.5 gpu_alloc_gb=0.318 gpu_reserved_gb=1.744
CHECKPOINT_BEST repeat=2 scope=internal_cv fold=6 phase=ssl epoch=8 path=/data/adodas/VarCoNet-V2-main/xiaolunwen/experiment1b/checkpoints/worker_r2_best.pt
[SSL] repeat=2 scope=internal_cv fold=6 epoch=8/50 ssl_loss=0.091439 lr=0.000122855 base_val_bce=0.624351 base_best=Y base_cls_epoch=17 epoch_seconds=4.3 task_elapsed_minutes=0.5 gpu_alloc_gb=0.317 gpu_reserved_gb=2.008
CHECKPOINT_BEST repeat=2 scope=internal_cv fold=6 phase=ssl epoch=9 path=/data/adodas/VarCoNet-V2-main/xiaolunwen/experiment1b/checkpoints/worker_r2_best.pt
[SSL] repeat=2 scope=internal_cv fold=6 epoch=9/50 ssl_loss=0.119877 lr=0.000136962 base_val_bce=0.622983 base_best=Y base_cls_epoch=15 epoch_seconds=4.0 task_elapsed_minutes=0.6 gpu_alloc_gb=0.318 gpu_reserved_gb=1.744
CHECKPOINT_BEST repeat=2 scope=internal_cv fold=6 phase=ssl epoch=10 path=/data/adodas/VarCoNet-V2-main/xiaolunwen/experiment1b/checkpoints/worker_r2_best.pt
CHECKPOINT_LATEST repeat=2 scope=internal_cv fold=6 phase=ssl epoch=10 path=/data/adodas/VarCoNet-V2-main/xiaolunwen/experiment1b/checkpoints/worker_r2_latest.pt
[SSL] repeat=2 scope=internal_cv fold=6 epoch=10/50 ssl_loss=0.084843 lr=0.000136962 base_val_bce=0.622665 base_best=Y base_cls_epoch=20 epoch_seconds=4.7 task_elapsed_minutes=0.7 gpu_alloc_gb=0.317 gpu_reserved_gb=2.008
[SSL] repeat=2 scope=internal_cv fold=6 epoch=11/50 ssl_loss=0.097963 lr=0.000136751 base_val_bce=0.624831 base_best=N base_cls_epoch=18 epoch_seconds=3.5 task_elapsed_minutes=0.7 gpu_alloc_gb=0.318 gpu_reserved_gb=1.744
CHECKPOINT_BEST repeat=2 scope=internal_cv fold=6 phase=ssl epoch=12 path=/data/adodas/VarCoNet-V2-main/xiaolunwen/experiment1b/checkpoints/worker_r2_best.pt
[SSL] repeat=2 scope=internal_cv fold=6 epoch=12/50 ssl_loss=0.087013 lr=0.000136119 base_val_bce=0.620682 base_best=Y base_cls_epoch=18 epoch_seconds=4.3 task_elapsed_minutes=0.8 gpu_alloc_gb=0.317 gpu_reserved_gb=2.008
CHECKPOINT_BEST repeat=2 scope=internal_cv fold=6 phase=ssl epoch=13 path=/data/adodas/VarCoNet-V2-main/xiaolunwen/experiment1b/checkpoints/worker_r2_best.pt
[SSL] repeat=2 scope=internal_cv fold=6 epoch=13/50 ssl_loss=0.080916 lr=0.000135070 base_val_bce=0.616853 base_best=Y base_cls_epoch=19 epoch_seconds=15.2 task_elapsed_minutes=0.9 gpu_alloc_gb=0.318 gpu_reserved_gb=1.744
[SSL] repeat=2 scope=internal_cv fold=6 epoch=14/50 ssl_loss=0.067282 lr=0.000133610 base_val_bce=0.617250 base_best=N base_cls_epoch=20 epoch_seconds=3.9 task_elapsed_minutes=1.1 gpu_alloc_gb=0.317 gpu_reserved_gb=2.008
CHECKPOINT_BEST repeat=2 scope=internal_cv fold=6 phase=ssl epoch=15 path=/data/adodas/VarCoNet-V2-main/xiaolunwen/experiment1b/checkpoints/worker_r2_best.pt
[SSL] repeat=2 scope=internal_cv fold=6 epoch=15/50 ssl_loss=0.081099 lr=0.000131749 base_val_bce=0.615806 base_best=Y base_cls_epoch=18 epoch_seconds=4.0 task_elapsed_minutes=1.2 gpu_alloc_gb=0.318 gpu_reserved_gb=1.744
[SSL] repeat=2 scope=internal_cv fold=6 epoch=16/50 ssl_loss=0.081772 lr=0.000129498 base_val_bce=0.618287 base_best=N base_cls_epoch=19 epoch_seconds=3.8 task_elapsed_minutes=1.3 gpu_alloc_gb=0.317 gpu_reserved_gb=2.008
[SSL] repeat=2 scope=internal_cv fold=6 epoch=17/50 ssl_loss=0.067408 lr=0.000126870 base_val_bce=0.624066 base_best=N base_cls_epoch=22 epoch_seconds=3.8 task_elapsed_minutes=1.3 gpu_alloc_gb=0.318 gpu_reserved_gb=1.744
[SSL] repeat=2 scope=internal_cv fold=6 epoch=18/50 ssl_loss=0.064144 lr=0.000123883 base_val_bce=0.626149 base_best=N base_cls_epoch=19 epoch_seconds=3.9 task_elapsed_minutes=1.4 gpu_alloc_gb=0.317 gpu_reserved_gb=2.008
[SSL] repeat=2 scope=internal_cv fold=6 epoch=19/50 ssl_loss=0.055503 lr=0.000120554 base_val_bce=0.623085 base_best=N base_cls_epoch=20 epoch_seconds=3.9 task_elapsed_minutes=1.4 gpu_alloc_gb=0.318 gpu_reserved_gb=1.744
CHECKPOINT_LATEST repeat=2 scope=internal_cv fold=6 phase=ssl epoch=20 path=/data/adodas/VarCoNet-V2-main/xiaolunwen/experiment1b/checkpoints/worker_r2_latest.pt
[SSL] repeat=2 scope=internal_cv fold=6 epoch=20/50 ssl_loss=0.065645 lr=0.000116904 base_val_bce=0.624943 base_best=N base_cls_epoch=22 epoch_seconds=4.1 task_elapsed_minutes=1.5 gpu_alloc_gb=0.317 gpu_reserved_gb=2.008
CHECKPOINT_BEST repeat=2 scope=internal_cv fold=6 phase=ssl epoch=21 path=/data/adodas/VarCoNet-V2-main/xiaolunwen/experiment1b/checkpoints/worker_r2_best.pt
[SSL] repeat=2 scope=internal_cv fold=6 epoch=21/50 ssl_loss=0.069643 lr=0.000112956 base_val_bce=0.612021 base_best=Y base_cls_epoch=22 epoch_seconds=4.1 task_elapsed_minutes=1.6 gpu_alloc_gb=0.318 gpu_reserved_gb=1.744
CHECKPOINT_BEST repeat=2 scope=internal_cv fold=6 phase=ssl epoch=22 path=/data/adodas/VarCoNet-V2-main/xiaolunwen/experiment1b/checkpoints/worker_r2_best.pt
[SSL] repeat=2 scope=internal_cv fold=6 epoch=22/50 ssl_loss=0.068854 lr=0.000108733 base_val_bce=0.611305 base_best=Y base_cls_epoch=21 epoch_seconds=4.2 task_elapsed_minutes=1.6 gpu_alloc_gb=0.317 gpu_reserved_gb=2.008
[SSL] repeat=2 scope=internal_cv fold=6 epoch=23/50 ssl_loss=0.061376 lr=0.000104262 base_val_bce=0.611684 base_best=N base_cls_epoch=22 epoch_seconds=3.8 task_elapsed_minutes=1.7 gpu_alloc_gb=0.318 gpu_reserved_gb=1.744
[SSL] repeat=2 scope=internal_cv fold=6 epoch=24/50 ssl_loss=0.059324 lr=0.000099570 base_val_bce=0.612298 base_best=N base_cls_epoch=23 epoch_seconds=3.8 task_elapsed_minutes=1.8 gpu_alloc_gb=0.317 gpu_reserved_gb=2.008
[SSL] repeat=2 scope=internal_cv fold=6 epoch=25/50 ssl_loss=0.065858 lr=0.000094687 base_val_bce=0.616084 base_best=N base_cls_epoch=24 epoch_seconds=3.7 task_elapsed_minutes=1.8 gpu_alloc_gb=0.318 gpu_reserved_gb=1.744
CHECKPOINT_BEST repeat=2 scope=internal_cv fold=6 phase=ssl epoch=26 path=/data/adodas/VarCoNet-V2-main/xiaolunwen/experiment1b/checkpoints/worker_r2_best.pt
[SSL] repeat=2 scope=internal_cv fold=6 epoch=26/50 ssl_loss=0.047345 lr=0.000089643 base_val_bce=0.610912 base_best=Y base_cls_epoch=24 epoch_seconds=4.1 task_elapsed_minutes=1.9 gpu_alloc_gb=0.317 gpu_reserved_gb=2.008
[SSL] repeat=2 scope=internal_cv fold=6 epoch=27/50 ssl_loss=0.073967 lr=0.000084467 base_val_bce=0.611010 base_best=N base_cls_epoch=21 epoch_seconds=3.6 task_elapsed_minutes=2.0 gpu_alloc_gb=0.318 gpu_reserved_gb=1.744
[SSL] repeat=2 scope=internal_cv fold=6 epoch=28/50 ssl_loss=0.050558 lr=0.000079194 base_val_bce=0.612248 base_best=N base_cls_epoch=24 epoch_seconds=3.9 task_elapsed_minutes=2.0 gpu_alloc_gb=0.317 gpu_reserved_gb=2.008
CHECKPOINT_BEST repeat=2 scope=internal_cv fold=6 phase=ssl epoch=29 path=/data/adodas/VarCoNet-V2-main/xiaolunwen/experiment1b/checkpoints/worker_r2_best.pt
[SSL] repeat=2 scope=internal_cv fold=6 epoch=29/50 ssl_loss=0.053586 lr=0.000073854 base_val_bce=0.607807 base_best=Y base_cls_epoch=23 epoch_seconds=4.2 task_elapsed_minutes=2.1 gpu_alloc_gb=0.318 gpu_reserved_gb=1.744
CHECKPOINT_LATEST repeat=2 scope=internal_cv fold=6 phase=ssl epoch=30 path=/data/adodas/VarCoNet-V2-main/xiaolunwen/experiment1b/checkpoints/worker_r2_latest.pt
[SSL] repeat=2 scope=internal_cv fold=6 epoch=30/50 ssl_loss=0.051135 lr=0.000068481 base_val_bce=0.611979 base_best=N base_cls_epoch=24 epoch_seconds=4.2 task_elapsed_minutes=2.2 gpu_alloc_gb=0.317 gpu_reserved_gb=2.008
[SSL] repeat=2 scope=internal_cv fold=6 epoch=31/50 ssl_loss=0.048669 lr=0.000063108 base_val_bce=0.610120 base_best=N base_cls_epoch=22 epoch_seconds=4.0 task_elapsed_minutes=2.2 gpu_alloc_gb=0.318 gpu_reserved_gb=1.744
[SSL] repeat=2 scope=internal_cv fold=6 epoch=32/50 ssl_loss=0.045502 lr=0.000057768 base_val_bce=0.615617 base_best=N base_cls_epoch=25 epoch_seconds=4.0 task_elapsed_minutes=2.3 gpu_alloc_gb=0.317 gpu_reserved_gb=2.008
[SSL] repeat=2 scope=internal_cv fold=6 epoch=33/50 ssl_loss=0.061897 lr=0.000052494 base_val_bce=0.617093 base_best=N base_cls_epoch=24 epoch_seconds=3.9 task_elapsed_minutes=2.4 gpu_alloc_gb=0.318 gpu_reserved_gb=1.744
[SSL] repeat=2 scope=internal_cv fold=6 epoch=34/50 ssl_loss=0.043281 lr=0.000047319 base_val_bce=0.635479 base_best=N base_cls_epoch=24 epoch_seconds=3.7 task_elapsed_minutes=2.4 gpu_alloc_gb=0.317 gpu_reserved_gb=2.008
[SSL] repeat=2 scope=internal_cv fold=6 epoch=35/50 ssl_loss=0.054489 lr=0.000042274 base_val_bce=0.616183 base_best=N base_cls_epoch=24 epoch_seconds=3.4 task_elapsed_minutes=2.5 gpu_alloc_gb=0.318 gpu_reserved_gb=1.744
[SSL] repeat=2 scope=internal_cv fold=6 epoch=36/50 ssl_loss=0.054834 lr=0.000037391 base_val_bce=0.622967 base_best=N base_cls_epoch=25 epoch_seconds=3.4 task_elapsed_minutes=2.5 gpu_alloc_gb=0.317 gpu_reserved_gb=2.008
[SSL] repeat=2 scope=internal_cv fold=6 epoch=37/50 ssl_loss=0.052410 lr=0.000032700 base_val_bce=0.616082 base_best=N base_cls_epoch=23 epoch_seconds=3.7 task_elapsed_minutes=2.6 gpu_alloc_gb=0.318 gpu_reserved_gb=1.744
[SSL] repeat=2 scope=internal_cv fold=6 epoch=38/50 ssl_loss=0.049345 lr=0.000028229 base_val_bce=0.612592 base_best=N base_cls_epoch=24 epoch_seconds=4.0 task_elapsed_minutes=2.7 gpu_alloc_gb=0.317 gpu_reserved_gb=2.008
[SSL] repeat=2 scope=internal_cv fold=6 epoch=39/50 ssl_loss=0.053352 lr=0.000024006 base_val_bce=0.612754 base_best=N base_cls_epoch=23 epoch_seconds=3.9 task_elapsed_minutes=2.7 gpu_alloc_gb=0.318 gpu_reserved_gb=1.744
CHECKPOINT_BEST repeat=2 scope=internal_cv fold=6 phase=ssl epoch=40 path=/data/adodas/VarCoNet-V2-main/xiaolunwen/experiment1b/checkpoints/worker_r2_best.pt
CHECKPOINT_LATEST repeat=2 scope=internal_cv fold=6 phase=ssl epoch=40 path=/data/adodas/VarCoNet-V2-main/xiaolunwen/experiment1b/checkpoints/worker_r2_latest.pt
[SSL] repeat=2 scope=internal_cv fold=6 epoch=40/50 ssl_loss=0.053123 lr=0.000020058 base_val_bce=0.606670 base_best=Y base_cls_epoch=23 epoch_seconds=4.7 task_elapsed_minutes=2.8 gpu_alloc_gb=0.317 gpu_reserved_gb=2.008
[SSL] repeat=2 scope=internal_cv fold=6 epoch=41/50 ssl_loss=0.046226 lr=0.000016408 base_val_bce=0.613603 base_best=N base_cls_epoch=24 epoch_seconds=3.5 task_elapsed_minutes=2.9 gpu_alloc_gb=0.318 gpu_reserved_gb=1.744
[SSL] repeat=2 scope=internal_cv fold=6 epoch=42/50 ssl_loss=0.042119 lr=0.000013079 base_val_bce=0.611986 base_best=N base_cls_epoch=24 epoch_seconds=3.2 task_elapsed_minutes=2.9 gpu_alloc_gb=0.317 gpu_reserved_gb=2.008
[SSL] repeat=2 scope=internal_cv fold=6 epoch=43/50 ssl_loss=0.058041 lr=0.000010091 base_val_bce=0.615739 base_best=N base_cls_epoch=25 epoch_seconds=3.3 task_elapsed_minutes=3.0 gpu_alloc_gb=0.318 gpu_reserved_gb=1.744
[SSL] repeat=2 scope=internal_cv fold=6 epoch=44/50 ssl_loss=0.045636 lr=0.000007464 base_val_bce=0.616038 base_best=N base_cls_epoch=25 epoch_seconds=3.7 task_elapsed_minutes=3.0 gpu_alloc_gb=0.317 gpu_reserved_gb=2.008
[SSL] repeat=2 scope=internal_cv fold=6 epoch=45/50 ssl_loss=0.061938 lr=0.000005213 base_val_bce=0.610823 base_best=N base_cls_epoch=26 epoch_seconds=3.8 task_elapsed_minutes=3.1 gpu_alloc_gb=0.318 gpu_reserved_gb=1.744
[SSL] repeat=2 scope=internal_cv fold=6 epoch=46/50 ssl_loss=0.055401 lr=0.000003352 base_val_bce=0.620943 base_best=N base_cls_epoch=24 epoch_seconds=3.7 task_elapsed_minutes=3.2 gpu_alloc_gb=0.317 gpu_reserved_gb=2.008
[SSL] repeat=2 scope=internal_cv fold=6 epoch=47/50 ssl_loss=0.056842 lr=0.000001892 base_val_bce=0.619915 base_best=N base_cls_epoch=23 epoch_seconds=3.5 task_elapsed_minutes=3.2 gpu_alloc_gb=0.318 gpu_reserved_gb=1.744
[SSL] repeat=2 scope=internal_cv fold=6 epoch=48/50 ssl_loss=0.077320 lr=0.000000843 base_val_bce=0.616116 base_best=N base_cls_epoch=21 epoch_seconds=3.3 task_elapsed_minutes=3.3 gpu_alloc_gb=0.317 gpu_reserved_gb=2.008
[SSL] repeat=2 scope=internal_cv fold=6 epoch=49/50 ssl_loss=0.048836 lr=0.000000211 base_val_bce=0.611420 base_best=N base_cls_epoch=24 epoch_seconds=3.3 task_elapsed_minutes=3.3 gpu_alloc_gb=0.318 gpu_reserved_gb=1.744
CHECKPOINT_LATEST repeat=2 scope=internal_cv fold=6 phase=ssl epoch=50 path=/data/adodas/VarCoNet-V2-main/xiaolunwen/experiment1b/checkpoints/worker_r2_latest.pt
[SSL] repeat=2 scope=internal_cv fold=6 epoch=50/50 ssl_loss=0.050143 lr=0.000000000 base_val_bce=0.619892 base_best=N base_cls_epoch=23 epoch_seconds=3.6 task_elapsed_minutes=3.4 gpu_alloc_gb=0.317 gpu_reserved_gb=2.008
CRSM_INIT repeat=2 scope=internal_cv fold=6 n_experts=2 tau=1.0 trainable_parameters=147074 hc_centroid_norm=24.710941 pca_unit_norm=1.00000000 pca_singular=140.855927 sigma_margin=1.217972 sigma_projection=6.533795 ratio=0.0100 scale=0.00186411035 epoch0_val_bce=0.606666
CHECKPOINT_LATEST repeat=2 scope=internal_cv fold=6 phase=crsm epoch=0 path=/data/adodas/VarCoNet-V2-main/xiaolunwen/experiment1b/checkpoints/worker_r2_latest.pt
CHECKPOINT_BEST repeat=2 scope=internal_cv fold=6 phase=crsm epoch=0 path=/data/adodas/VarCoNet-V2-main/xiaolunwen/experiment1b/checkpoints/worker_r2_best.pt
CHECKPOINT_BEST repeat=2 scope=internal_cv fold=6 phase=crsm epoch=1 path=/data/adodas/VarCoNet-V2-main/xiaolunwen/experiment1b/checkpoints/worker_r2_best.pt
[CRSM] repeat=2 scope=internal_cv fold=6 epoch=1/149 train_loss=0.317080 val_bce=0.606527 best=Y best_epoch=1 mass=(0.5018,0.4982) hard=(0.5846,0.4154) entropy=0.693075 delta_l2=(0.014068,0.013317) delta_cos=0.948123 epoch_seconds=0.25
CHECKPOINT_LATEST repeat=2 scope=internal_cv fold=6 phase=crsm epoch=10 path=/data/adodas/VarCoNet-V2-main/xiaolunwen/experiment1b/checkpoints/worker_r2_latest.pt
[CRSM] repeat=2 scope=internal_cv fold=6 epoch=10/149 train_loss=0.272250 val_bce=0.611377 best=N best_epoch=1 mass=(0.5025,0.4975) hard=(0.5415,0.4585) entropy=0.692989 delta_l2=(0.131476,0.130767) delta_cos=0.994316 epoch_seconds=0.36
CHECKPOINT_LATEST repeat=2 scope=internal_cv fold=6 phase=crsm epoch=20 path=/data/adodas/VarCoNet-V2-main/xiaolunwen/experiment1b/checkpoints/worker_r2_latest.pt
[CRSM] repeat=2 scope=internal_cv fold=6 epoch=20/149 train_loss=0.237305 val_bce=0.625097 best=N best_epoch=1 mass=(0.5035,0.4965) hard=(0.5119,0.4881) entropy=0.692764 delta_l2=(0.250913,0.250170) delta_cos=0.994841 epoch_seconds=0.43
CHECKPOINT_LATEST repeat=2 scope=internal_cv fold=6 phase=crsm epoch=30 path=/data/adodas/VarCoNet-V2-main/xiaolunwen/experiment1b/checkpoints/worker_r2_latest.pt
[CRSM] repeat=2 scope=internal_cv fold=6 epoch=30/149 train_loss=0.212985 val_bce=0.641730 best=N best_epoch=1 mass=(0.5052,0.4948) hard=(0.4852,0.5148) entropy=0.692177 delta_l2=(0.357647,0.356771) delta_cos=0.993570 epoch_seconds=0.50
CHECKPOINT_LATEST repeat=2 scope=internal_cv fold=6 phase=crsm epoch=40 path=/data/adodas/VarCoNet-V2-main/xiaolunwen/experiment1b/checkpoints/worker_r2_latest.pt
[CRSM] repeat=2 scope=internal_cv fold=6 epoch=40/149 train_loss=0.195757 val_bce=0.658796 best=N best_epoch=1 mass=(0.5077,0.4923) hard=(0.4570,0.5430) entropy=0.690662 delta_l2=(0.452545,0.451334) delta_cos=0.990480 epoch_seconds=0.23
CHECKPOINT_LATEST repeat=2 scope=internal_cv fold=6 phase=crsm epoch=50 path=/data/adodas/VarCoNet-V2-main/xiaolunwen/experiment1b/checkpoints/worker_r2_latest.pt
[CRSM] repeat=2 scope=internal_cv fold=6 epoch=50/149 train_loss=0.183331 val_bce=0.675816 best=N best_epoch=1 mass=(0.5111,0.4889) hard=(0.4496,0.5504) entropy=0.687241 delta_l2=(0.537070,0.535206) delta_cos=0.984567 epoch_seconds=0.27
CHECKPOINT_LATEST repeat=2 scope=internal_cv fold=6 phase=crsm epoch=60 path=/data/adodas/VarCoNet-V2-main/xiaolunwen/experiment1b/checkpoints/worker_r2_latest.pt
[CRSM] repeat=2 scope=internal_cv fold=6 epoch=60/149 train_loss=0.174168 val_bce=0.692469 best=N best_epoch=1 mass=(0.5150,0.4850) hard=(0.4570,0.5430) entropy=0.680882 delta_l2=(0.612576,0.609744) delta_cos=0.974544 epoch_seconds=0.43
CHECKPOINT_LATEST repeat=2 scope=internal_cv fold=6 phase=crsm epoch=70 path=/data/adodas/VarCoNet-V2-main/xiaolunwen/experiment1b/checkpoints/worker_r2_latest.pt
[CRSM] repeat=2 scope=internal_cv fold=6 epoch=70/149 train_loss=0.167225 val_bce=0.708535 best=N best_epoch=1 mass=(0.5186,0.4814) hard=(0.4659,0.5341) entropy=0.671160 delta_l2=(0.680243,0.676394) delta_cos=0.959536 epoch_seconds=0.37
CHECKPOINT_LATEST repeat=2 scope=internal_cv fold=6 phase=crsm epoch=80 path=/data/adodas/VarCoNet-V2-main/xiaolunwen/experiment1b/checkpoints/worker_r2_latest.pt
[CRSM] repeat=2 scope=internal_cv fold=6 epoch=80/149 train_loss=0.161824 val_bce=0.724041 best=N best_epoch=1 mass=(0.5214,0.4786) hard=(0.4599,0.5401) entropy=0.658498 delta_l2=(0.741098,0.736666) delta_cos=0.939573 epoch_seconds=0.22
CHECKPOINT_LATEST repeat=2 scope=internal_cv fold=6 phase=crsm epoch=90 path=/data/adodas/VarCoNet-V2-main/xiaolunwen/experiment1b/checkpoints/worker_r2_latest.pt
[CRSM] repeat=2 scope=internal_cv fold=6 epoch=90/149 train_loss=0.157535 val_bce=0.739020 best=N best_epoch=1 mass=(0.5233,0.4767) hard=(0.4703,0.5297) entropy=0.643776 delta_l2=(0.796019,0.791879) delta_cos=0.915568 epoch_seconds=0.27
CHECKPOINT_LATEST repeat=2 scope=internal_cv fold=6 phase=crsm epoch=100 path=/data/adodas/VarCoNet-V2-main/xiaolunwen/experiment1b/checkpoints/worker_r2_latest.pt
[CRSM] repeat=2 scope=internal_cv fold=6 epoch=100/149 train_loss=0.154083 val_bce=0.753428 best=N best_epoch=1 mass=(0.5243,0.4757) hard=(0.4718,0.5282) entropy=0.627978 delta_l2=(0.845769,0.842971) delta_cos=0.888921 epoch_seconds=0.22
CHECKPOINT_LATEST repeat=2 scope=internal_cv fold=6 phase=crsm epoch=110 path=/data/adodas/VarCoNet-V2-main/xiaolunwen/experiment1b/checkpoints/worker_r2_latest.pt
[CRSM] repeat=2 scope=internal_cv fold=6 epoch=110/149 train_loss=0.151281 val_bce=0.767248 best=N best_epoch=1 mass=(0.5248,0.4752) hard=(0.4777,0.5223) entropy=0.612006 delta_l2=(0.891016,0.890529) delta_cos=0.861084 epoch_seconds=0.23
CHECKPOINT_LATEST repeat=2 scope=internal_cv fold=6 phase=crsm epoch=120 path=/data/adodas/VarCoNet-V2-main/xiaolunwen/experiment1b/checkpoints/worker_r2_latest.pt
[CRSM] repeat=2 scope=internal_cv fold=6 epoch=120/149 train_loss=0.148991 val_bce=0.780487 best=N best_epoch=1 mass=(0.5249,0.4751) hard=(0.4822,0.5178) entropy=0.596496 delta_l2=(0.932347,0.934902) delta_cos=0.833259 epoch_seconds=0.48
CHECKPOINT_LATEST repeat=2 scope=internal_cv fold=6 phase=crsm epoch=130 path=/data/adodas/VarCoNet-V2-main/xiaolunwen/experiment1b/checkpoints/worker_r2_latest.pt
[CRSM] repeat=2 scope=internal_cv fold=6 epoch=130/149 train_loss=0.147109 val_bce=0.793134 best=N best_epoch=1 mass=(0.5248,0.4752) hard=(0.4837,0.5163) entropy=0.581828 delta_l2=(0.970277,0.976332) delta_cos=0.806285 epoch_seconds=0.37
CHECKPOINT_LATEST repeat=2 scope=internal_cv fold=6 phase=crsm epoch=140 path=/data/adodas/VarCoNet-V2-main/xiaolunwen/experiment1b/checkpoints/worker_r2_latest.pt
[CRSM] repeat=2 scope=internal_cv fold=6 epoch=140/149 train_loss=0.145551 val_bce=0.805183 best=N best_epoch=1 mass=(0.5246,0.4754) hard=(0.4896,0.5104) entropy=0.568206 delta_l2=(1.005245,1.015025) delta_cos=0.780660 epoch_seconds=0.24
TASK_TRAINING_DONE repeat=2 scope=internal_cv fold=6 base_encoder_epoch=40 base_classifier_epoch=23 base_val_bce=0.606670 selected_crsm_epoch=1 crsm_val_bce=0.606527 treatment_threshold=0.498785 elapsed_minutes=3.5
TASK_DONE repeat=2 scope=internal_fold fold=6 method=baseline selected_encoder_epoch=40 test_auc=0.705241 test_bce=0.622172 elapsed_minutes=3.5
TASK_DONE repeat=2 scope=internal_fold fold=6 method=control_referenced_soft_multiboundary selected_encoder_epoch=40 test_auc=0.707836 test_bce=0.621578 elapsed_minutes=3.5
TASK_START repeat=2 scope=internal_cv fold=7 seed=100207 device=cuda:0 shared_encoder=Y reference_unique_n=674 train_n=750 val_n=120
CHECKPOINT_BEST repeat=2 scope=internal_cv fold=7 phase=ssl epoch=1 path=/data/adodas/VarCoNet-V2-main/xiaolunwen/experiment1b/checkpoints/worker_r2_best.pt
[SSL] repeat=2 scope=internal_cv fold=7 epoch=1/50 ssl_loss=1.791710 lr=0.000024107 base_val_bce=0.641731 base_best=Y base_cls_epoch=59 epoch_seconds=4.1 task_elapsed_minutes=0.1 gpu_alloc_gb=0.318 gpu_reserved_gb=1.744
[SSL] repeat=2 scope=internal_cv fold=7 epoch=2/50 ssl_loss=0.812704 lr=0.000038214 base_val_bce=0.649081 base_best=N base_cls_epoch=41 epoch_seconds=3.8 task_elapsed_minutes=0.1 gpu_alloc_gb=0.317 gpu_reserved_gb=2.008
CHECKPOINT_BEST repeat=2 scope=internal_cv fold=7 phase=ssl epoch=3 path=/data/adodas/VarCoNet-V2-main/xiaolunwen/experiment1b/checkpoints/worker_r2_best.pt
[SSL] repeat=2 scope=internal_cv fold=7 epoch=3/50 ssl_loss=0.242128 lr=0.000052321 base_val_bce=0.636845 base_best=Y base_cls_epoch=27 epoch_seconds=4.1 task_elapsed_minutes=0.2 gpu_alloc_gb=0.318 gpu_reserved_gb=1.744
[SSL] repeat=2 scope=internal_cv fold=7 epoch=4/50 ssl_loss=0.125797 lr=0.000066427 base_val_bce=0.647355 base_best=N base_cls_epoch=30 epoch_seconds=3.9 task_elapsed_minutes=0.3 gpu_alloc_gb=0.317 gpu_reserved_gb=2.008
[SSL] repeat=2 scope=internal_cv fold=7 epoch=5/50 ssl_loss=0.122410 lr=0.000080534 base_val_bce=0.647315 base_best=N base_cls_epoch=25 epoch_seconds=3.8 task_elapsed_minutes=0.3 gpu_alloc_gb=0.318 gpu_reserved_gb=1.744
[SSL] repeat=2 scope=internal_cv fold=7 epoch=6/50 ssl_loss=0.117580 lr=0.000094641 base_val_bce=0.649729 base_best=N base_cls_epoch=20 epoch_seconds=3.7 task_elapsed_minutes=0.4 gpu_alloc_gb=0.317 gpu_reserved_gb=2.008
[SSL] repeat=2 scope=internal_cv fold=7 epoch=7/50 ssl_loss=0.104349 lr=0.000108748 base_val_bce=0.640835 base_best=N base_cls_epoch=29 epoch_seconds=3.8 task_elapsed_minutes=0.5 gpu_alloc_gb=0.318 gpu_reserved_gb=1.744
[SSL] repeat=2 scope=internal_cv fold=7 epoch=8/50 ssl_loss=0.108716 lr=0.000122855 base_val_bce=0.641298 base_best=N base_cls_epoch=28 epoch_seconds=3.7 task_elapsed_minutes=0.5 gpu_alloc_gb=0.317 gpu_reserved_gb=2.008
[SSL] repeat=2 scope=internal_cv fold=7 epoch=9/50 ssl_loss=0.088594 lr=0.000136962 base_val_bce=0.643234 base_best=N base_cls_epoch=22 epoch_seconds=3.8 task_elapsed_minutes=0.6 gpu_alloc_gb=0.318 gpu_reserved_gb=1.744
CHECKPOINT_LATEST repeat=2 scope=internal_cv fold=7 phase=ssl epoch=10 path=/data/adodas/VarCoNet-V2-main/xiaolunwen/experiment1b/checkpoints/worker_r2_latest.pt
[SSL] repeat=2 scope=internal_cv fold=7 epoch=10/50 ssl_loss=0.074681 lr=0.000136962 base_val_bce=0.642834 base_best=N base_cls_epoch=24 epoch_seconds=4.0 task_elapsed_minutes=0.6 gpu_alloc_gb=0.317 gpu_reserved_gb=2.008
[SSL] repeat=2 scope=internal_cv fold=7 epoch=11/50 ssl_loss=0.085798 lr=0.000136751 base_val_bce=0.640587 base_best=N base_cls_epoch=26 epoch_seconds=3.6 task_elapsed_minutes=0.7 gpu_alloc_gb=0.318 gpu_reserved_gb=1.744
[SSL] repeat=2 scope=internal_cv fold=7 epoch=12/50 ssl_loss=0.080996 lr=0.000136119 base_val_bce=0.643524 base_best=N base_cls_epoch=27 epoch_seconds=3.7 task_elapsed_minutes=0.8 gpu_alloc_gb=0.317 gpu_reserved_gb=2.008
[SSL] repeat=2 scope=internal_cv fold=7 epoch=13/50 ssl_loss=0.089129 lr=0.000135070 base_val_bce=0.646829 base_best=N base_cls_epoch=24 epoch_seconds=3.7 task_elapsed_minutes=0.8 gpu_alloc_gb=0.318 gpu_reserved_gb=1.744
[SSL] repeat=2 scope=internal_cv fold=7 epoch=14/50 ssl_loss=0.073446 lr=0.000133610 base_val_bce=0.638944 base_best=N base_cls_epoch=23 epoch_seconds=3.9 task_elapsed_minutes=0.9 gpu_alloc_gb=0.317 gpu_reserved_gb=2.008
[SSL] repeat=2 scope=internal_cv fold=7 epoch=15/50 ssl_loss=0.071481 lr=0.000131749 base_val_bce=0.646742 base_best=N base_cls_epoch=24 epoch_seconds=3.8 task_elapsed_minutes=1.0 gpu_alloc_gb=0.318 gpu_reserved_gb=1.744
[SSL] repeat=2 scope=internal_cv fold=7 epoch=16/50 ssl_loss=0.068507 lr=0.000129498 base_val_bce=0.643741 base_best=N base_cls_epoch=23 epoch_seconds=3.8 task_elapsed_minutes=1.0 gpu_alloc_gb=0.317 gpu_reserved_gb=2.008
[SSL] repeat=2 scope=internal_cv fold=7 epoch=17/50 ssl_loss=0.080158 lr=0.000126870 base_val_bce=0.646256 base_best=N base_cls_epoch=24 epoch_seconds=3.8 task_elapsed_minutes=1.1 gpu_alloc_gb=0.318 gpu_reserved_gb=1.744
CHECKPOINT_BEST repeat=2 scope=internal_cv fold=7 phase=ssl epoch=18 path=/data/adodas/VarCoNet-V2-main/xiaolunwen/experiment1b/checkpoints/worker_r2_best.pt
[SSL] repeat=2 scope=internal_cv fold=7 epoch=18/50 ssl_loss=0.069558 lr=0.000123883 base_val_bce=0.635579 base_best=Y base_cls_epoch=26 epoch_seconds=4.5 task_elapsed_minutes=1.2 gpu_alloc_gb=0.317 gpu_reserved_gb=2.008
CHECKPOINT_BEST repeat=2 scope=internal_cv fold=7 phase=ssl epoch=19 path=/data/adodas/VarCoNet-V2-main/xiaolunwen/experiment1b/checkpoints/worker_r2_best.pt
[SSL] repeat=2 scope=internal_cv fold=7 epoch=19/50 ssl_loss=0.066255 lr=0.000120554 base_val_bce=0.630757 base_best=Y base_cls_epoch=25 epoch_seconds=4.8 task_elapsed_minutes=1.2 gpu_alloc_gb=0.318 gpu_reserved_gb=1.744
CHECKPOINT_LATEST repeat=2 scope=internal_cv fold=7 phase=ssl epoch=20 path=/data/adodas/VarCoNet-V2-main/xiaolunwen/experiment1b/checkpoints/worker_r2_latest.pt
[SSL] repeat=2 scope=internal_cv fold=7 epoch=20/50 ssl_loss=0.070687 lr=0.000116904 base_val_bce=0.642118 base_best=N base_cls_epoch=26 epoch_seconds=4.8 task_elapsed_minutes=1.3 gpu_alloc_gb=0.317 gpu_reserved_gb=2.008
[SSL] repeat=2 scope=internal_cv fold=7 epoch=21/50 ssl_loss=0.059288 lr=0.000112956 base_val_bce=0.643383 base_best=N base_cls_epoch=29 epoch_seconds=3.9 task_elapsed_minutes=1.4 gpu_alloc_gb=0.318 gpu_reserved_gb=1.744
[SSL] repeat=2 scope=internal_cv fold=7 epoch=22/50 ssl_loss=0.066737 lr=0.000108733 base_val_bce=0.635365 base_best=N base_cls_epoch=26 epoch_seconds=3.7 task_elapsed_minutes=1.4 gpu_alloc_gb=0.317 gpu_reserved_gb=2.008
[SSL] repeat=2 scope=internal_cv fold=7 epoch=23/50 ssl_loss=0.059827 lr=0.000104262 base_val_bce=0.651218 base_best=N base_cls_epoch=26 epoch_seconds=4.0 task_elapsed_minutes=1.5 gpu_alloc_gb=0.318 gpu_reserved_gb=1.744
[SSL] repeat=2 scope=internal_cv fold=7 epoch=24/50 ssl_loss=0.055313 lr=0.000099570 base_val_bce=0.631025 base_best=N base_cls_epoch=24 epoch_seconds=4.0 task_elapsed_minutes=1.6 gpu_alloc_gb=0.317 gpu_reserved_gb=2.008
[SSL] repeat=2 scope=internal_cv fold=7 epoch=25/50 ssl_loss=0.057049 lr=0.000094687 base_val_bce=0.633647 base_best=N base_cls_epoch=26 epoch_seconds=3.8 task_elapsed_minutes=1.6 gpu_alloc_gb=0.318 gpu_reserved_gb=1.744
[SSL] repeat=2 scope=internal_cv fold=7 epoch=26/50 ssl_loss=0.053957 lr=0.000089643 base_val_bce=0.636175 base_best=N base_cls_epoch=26 epoch_seconds=3.8 task_elapsed_minutes=1.7 gpu_alloc_gb=0.317 gpu_reserved_gb=2.008
[SSL] repeat=2 scope=internal_cv fold=7 epoch=27/50 ssl_loss=0.047696 lr=0.000084467 base_val_bce=0.631119 base_best=N base_cls_epoch=26 epoch_seconds=3.8 task_elapsed_minutes=1.8 gpu_alloc_gb=0.318 gpu_reserved_gb=1.744
[SSL] repeat=2 scope=internal_cv fold=7 epoch=28/50 ssl_loss=0.070844 lr=0.000079194 base_val_bce=0.634430 base_best=N base_cls_epoch=25 epoch_seconds=3.9 task_elapsed_minutes=1.8 gpu_alloc_gb=0.317 gpu_reserved_gb=2.008
[SSL] repeat=2 scope=internal_cv fold=7 epoch=29/50 ssl_loss=0.060148 lr=0.000073854 base_val_bce=0.635402 base_best=N base_cls_epoch=28 epoch_seconds=3.8 task_elapsed_minutes=1.9 gpu_alloc_gb=0.318 gpu_reserved_gb=1.744
CHECKPOINT_LATEST repeat=2 scope=internal_cv fold=7 phase=ssl epoch=30 path=/data/adodas/VarCoNet-V2-main/xiaolunwen/experiment1b/checkpoints/worker_r2_latest.pt
[SSL] repeat=2 scope=internal_cv fold=7 epoch=30/50 ssl_loss=0.055424 lr=0.000068481 base_val_bce=0.634910 base_best=N base_cls_epoch=27 epoch_seconds=4.1 task_elapsed_minutes=2.0 gpu_alloc_gb=0.317 gpu_reserved_gb=2.008
CHECKPOINT_BEST repeat=2 scope=internal_cv fold=7 phase=ssl epoch=31 path=/data/adodas/VarCoNet-V2-main/xiaolunwen/experiment1b/checkpoints/worker_r2_best.pt
[SSL] repeat=2 scope=internal_cv fold=7 epoch=31/50 ssl_loss=0.077571 lr=0.000063108 base_val_bce=0.629373 base_best=Y base_cls_epoch=26 epoch_seconds=4.3 task_elapsed_minutes=2.0 gpu_alloc_gb=0.318 gpu_reserved_gb=1.744
CHECKPOINT_BEST repeat=2 scope=internal_cv fold=7 phase=ssl epoch=32 path=/data/adodas/VarCoNet-V2-main/xiaolunwen/experiment1b/checkpoints/worker_r2_best.pt
[SSL] repeat=2 scope=internal_cv fold=7 epoch=32/50 ssl_loss=0.043402 lr=0.000057768 base_val_bce=0.623178 base_best=Y base_cls_epoch=26 epoch_seconds=4.1 task_elapsed_minutes=2.1 gpu_alloc_gb=0.317 gpu_reserved_gb=2.008
[SSL] repeat=2 scope=internal_cv fold=7 epoch=33/50 ssl_loss=0.057148 lr=0.000052494 base_val_bce=0.642083 base_best=N base_cls_epoch=26 epoch_seconds=3.2 task_elapsed_minutes=2.2 gpu_alloc_gb=0.318 gpu_reserved_gb=1.744
[SSL] repeat=2 scope=internal_cv fold=7 epoch=34/50 ssl_loss=0.046145 lr=0.000047319 base_val_bce=0.632934 base_best=N base_cls_epoch=26 epoch_seconds=3.6 task_elapsed_minutes=2.2 gpu_alloc_gb=0.317 gpu_reserved_gb=2.008
[SSL] repeat=2 scope=internal_cv fold=7 epoch=35/50 ssl_loss=0.045850 lr=0.000042274 base_val_bce=0.631626 base_best=N base_cls_epoch=29 epoch_seconds=3.7 task_elapsed_minutes=2.3 gpu_alloc_gb=0.318 gpu_reserved_gb=1.744
[SSL] repeat=2 scope=internal_cv fold=7 epoch=36/50 ssl_loss=0.065416 lr=0.000037391 base_val_bce=0.624302 base_best=N base_cls_epoch=27 epoch_seconds=3.8 task_elapsed_minutes=2.3 gpu_alloc_gb=0.317 gpu_reserved_gb=2.008
[SSL] repeat=2 scope=internal_cv fold=7 epoch=37/50 ssl_loss=0.042349 lr=0.000032700 base_val_bce=0.631423 base_best=N base_cls_epoch=28 epoch_seconds=3.8 task_elapsed_minutes=2.4 gpu_alloc_gb=0.318 gpu_reserved_gb=1.744
[SSL] repeat=2 scope=internal_cv fold=7 epoch=38/50 ssl_loss=0.053789 lr=0.000028229 base_val_bce=0.635639 base_best=N base_cls_epoch=27 epoch_seconds=3.9 task_elapsed_minutes=2.5 gpu_alloc_gb=0.317 gpu_reserved_gb=2.008
[SSL] repeat=2 scope=internal_cv fold=7 epoch=39/50 ssl_loss=0.050041 lr=0.000024006 base_val_bce=0.634574 base_best=N base_cls_epoch=27 epoch_seconds=3.9 task_elapsed_minutes=2.5 gpu_alloc_gb=0.318 gpu_reserved_gb=1.744
CHECKPOINT_LATEST repeat=2 scope=internal_cv fold=7 phase=ssl epoch=40 path=/data/adodas/VarCoNet-V2-main/xiaolunwen/experiment1b/checkpoints/worker_r2_latest.pt
[SSL] repeat=2 scope=internal_cv fold=7 epoch=40/50 ssl_loss=0.051586 lr=0.000020058 base_val_bce=0.632311 base_best=N base_cls_epoch=26 epoch_seconds=8.6 task_elapsed_minutes=2.6 gpu_alloc_gb=0.317 gpu_reserved_gb=2.008
[SSL] repeat=2 scope=internal_cv fold=7 epoch=41/50 ssl_loss=0.045309 lr=0.000016408 base_val_bce=0.641183 base_best=N base_cls_epoch=28 epoch_seconds=2.7 task_elapsed_minutes=2.7 gpu_alloc_gb=0.318 gpu_reserved_gb=1.744
[SSL] repeat=2 scope=internal_cv fold=7 epoch=42/50 ssl_loss=0.053186 lr=0.000013079 base_val_bce=0.631070 base_best=N base_cls_epoch=27 epoch_seconds=3.0 task_elapsed_minutes=2.8 gpu_alloc_gb=0.317 gpu_reserved_gb=2.008
[SSL] repeat=2 scope=internal_cv fold=7 epoch=43/50 ssl_loss=0.050207 lr=0.000010091 base_val_bce=0.624701 base_best=N base_cls_epoch=26 epoch_seconds=2.8 task_elapsed_minutes=2.8 gpu_alloc_gb=0.318 gpu_reserved_gb=1.744
[SSL] repeat=2 scope=internal_cv fold=7 epoch=44/50 ssl_loss=0.049279 lr=0.000007464 base_val_bce=0.627189 base_best=N base_cls_epoch=28 epoch_seconds=3.4 task_elapsed_minutes=2.9 gpu_alloc_gb=0.317 gpu_reserved_gb=2.008
[SSL] repeat=2 scope=internal_cv fold=7 epoch=45/50 ssl_loss=0.049340 lr=0.000005213 base_val_bce=0.629055 base_best=N base_cls_epoch=25 epoch_seconds=3.3 task_elapsed_minutes=2.9 gpu_alloc_gb=0.318 gpu_reserved_gb=1.744
[SSL] repeat=2 scope=internal_cv fold=7 epoch=46/50 ssl_loss=0.057035 lr=0.000003352 base_val_bce=0.635661 base_best=N base_cls_epoch=26 epoch_seconds=3.8 task_elapsed_minutes=3.0 gpu_alloc_gb=0.317 gpu_reserved_gb=2.008
[SSL] repeat=2 scope=internal_cv fold=7 epoch=47/50 ssl_loss=0.052501 lr=0.000001892 base_val_bce=0.644531 base_best=N base_cls_epoch=28 epoch_seconds=3.8 task_elapsed_minutes=3.1 gpu_alloc_gb=0.318 gpu_reserved_gb=1.744
[SSL] repeat=2 scope=internal_cv fold=7 epoch=48/50 ssl_loss=0.066104 lr=0.000000843 base_val_bce=0.628658 base_best=N base_cls_epoch=26 epoch_seconds=3.3 task_elapsed_minutes=3.1 gpu_alloc_gb=0.317 gpu_reserved_gb=2.008
[SSL] repeat=2 scope=internal_cv fold=7 epoch=49/50 ssl_loss=0.044015 lr=0.000000211 base_val_bce=0.630836 base_best=N base_cls_epoch=27 epoch_seconds=3.2 task_elapsed_minutes=3.2 gpu_alloc_gb=0.318 gpu_reserved_gb=1.744
CHECKPOINT_LATEST repeat=2 scope=internal_cv fold=7 phase=ssl epoch=50 path=/data/adodas/VarCoNet-V2-main/xiaolunwen/experiment1b/checkpoints/worker_r2_latest.pt
[SSL] repeat=2 scope=internal_cv fold=7 epoch=50/50 ssl_loss=0.035212 lr=0.000000000 base_val_bce=0.626587 base_best=N base_cls_epoch=26 epoch_seconds=3.7 task_elapsed_minutes=3.2 gpu_alloc_gb=0.317 gpu_reserved_gb=2.008
CRSM_INIT repeat=2 scope=internal_cv fold=7 n_experts=2 tau=1.0 trainable_parameters=147074 hc_centroid_norm=25.092262 pca_unit_norm=1.00000000 pca_singular=133.475449 sigma_margin=1.167354 sigma_projection=6.414335 ratio=0.0100 scale=0.00181991467 epoch0_val_bce=0.623178
CHECKPOINT_LATEST repeat=2 scope=internal_cv fold=7 phase=crsm epoch=0 path=/data/adodas/VarCoNet-V2-main/xiaolunwen/experiment1b/checkpoints/worker_r2_latest.pt
CHECKPOINT_BEST repeat=2 scope=internal_cv fold=7 phase=crsm epoch=0 path=/data/adodas/VarCoNet-V2-main/xiaolunwen/experiment1b/checkpoints/worker_r2_best.pt
CHECKPOINT_LATEST repeat=2 scope=internal_cv fold=7 phase=crsm epoch=10 path=/data/adodas/VarCoNet-V2-main/xiaolunwen/experiment1b/checkpoints/worker_r2_latest.pt
[CRSM] repeat=2 scope=internal_cv fold=7 epoch=10/149 train_loss=0.293522 val_bce=0.627252 best=N best_epoch=0 mass=(0.5019,0.4981) hard=(0.6499,0.3501) entropy=0.692987 delta_l2=(0.131376,0.130670) delta_cos=0.993645 epoch_seconds=0.47
CHECKPOINT_LATEST repeat=2 scope=internal_cv fold=7 phase=crsm epoch=20 path=/data/adodas/VarCoNet-V2-main/xiaolunwen/experiment1b/checkpoints/worker_r2_latest.pt
[CRSM] repeat=2 scope=internal_cv fold=7 epoch=20/149 train_loss=0.257820 val_bce=0.637042 best=N best_epoch=0 mass=(0.5025,0.4975) hard=(0.6424,0.3576) entropy=0.692791 delta_l2=(0.251834,0.251170) delta_cos=0.994340 epoch_seconds=0.24
CHECKPOINT_LATEST repeat=2 scope=internal_cv fold=7 phase=crsm epoch=30 path=/data/adodas/VarCoNet-V2-main/xiaolunwen/experiment1b/checkpoints/worker_r2_latest.pt
[CRSM] repeat=2 scope=internal_cv fold=7 epoch=30/149 train_loss=0.232033 val_bce=0.650112 best=N best_epoch=0 mass=(0.5032,0.4968) hard=(0.6335,0.3665) entropy=0.692399 delta_l2=(0.361051,0.360174) delta_cos=0.993465 epoch_seconds=0.28
CHECKPOINT_LATEST repeat=2 scope=internal_cv fold=7 phase=crsm epoch=40 path=/data/adodas/VarCoNet-V2-main/xiaolunwen/experiment1b/checkpoints/worker_r2_latest.pt
[CRSM] repeat=2 scope=internal_cv fold=7 epoch=40/149 train_loss=0.213217 val_bce=0.664730 best=N best_epoch=0 mass=(0.5041,0.4959) hard=(0.6128,0.3872) entropy=0.691643 delta_l2=(0.459458,0.457944) delta_cos=0.991544 epoch_seconds=0.24
CHECKPOINT_LATEST repeat=2 scope=internal_cv fold=7 phase=crsm epoch=50 path=/data/adodas/VarCoNet-V2-main/xiaolunwen/experiment1b/checkpoints/worker_r2_latest.pt
[CRSM] repeat=2 scope=internal_cv fold=7 epoch=50/149 train_loss=0.199314 val_bce=0.679800 best=N best_epoch=0 mass=(0.5051,0.4949) hard=(0.5964,0.4036) entropy=0.690179 delta_l2=(0.548148,0.545484) delta_cos=0.988152 epoch_seconds=0.24
CHECKPOINT_LATEST repeat=2 scope=internal_cv fold=7 phase=crsm epoch=60 path=/data/adodas/VarCoNet-V2-main/xiaolunwen/experiment1b/checkpoints/worker_r2_latest.pt
[CRSM] repeat=2 scope=internal_cv fold=7 epoch=60/149 train_loss=0.188861 val_bce=0.695342 best=N best_epoch=0 mass=(0.5066,0.4934) hard=(0.5905,0.4095) entropy=0.687411 delta_l2=(0.628315,0.623854) delta_cos=0.982454 epoch_seconds=0.23
CHECKPOINT_LATEST repeat=2 scope=internal_cv fold=7 phase=crsm epoch=70 path=/data/adodas/VarCoNet-V2-main/xiaolunwen/experiment1b/checkpoints/worker_r2_latest.pt
[CRSM] repeat=2 scope=internal_cv fold=7 epoch=70/149 train_loss=0.180825 val_bce=0.710979 best=N best_epoch=0 mass=(0.5085,0.4915) hard=(0.5786,0.4214) entropy=0.682584 delta_l2=(0.701190,0.694166) delta_cos=0.973408 epoch_seconds=0.23
CHECKPOINT_LATEST repeat=2 scope=internal_cv fold=7 phase=crsm epoch=80 path=/data/adodas/VarCoNet-V2-main/xiaolunwen/experiment1b/checkpoints/worker_r2_latest.pt
[CRSM] repeat=2 scope=internal_cv fold=7 epoch=80/149 train_loss=0.174489 val_bce=0.726637 best=N best_epoch=0 mass=(0.5110,0.4890) hard=(0.5668,0.4332) entropy=0.675064 delta_l2=(0.767946,0.757545) delta_cos=0.960093 epoch_seconds=0.24
CHECKPOINT_LATEST repeat=2 scope=internal_cv fold=7 phase=crsm epoch=90 path=/data/adodas/VarCoNet-V2-main/xiaolunwen/experiment1b/checkpoints/worker_r2_latest.pt
[CRSM] repeat=2 scope=internal_cv fold=7 epoch=90/149 train_loss=0.169374 val_bce=0.742554 best=N best_epoch=0 mass=(0.5137,0.4863) hard=(0.5653,0.4347) entropy=0.664725 delta_l2=(0.829596,0.815066) delta_cos=0.942206 epoch_seconds=0.23
CHECKPOINT_LATEST repeat=2 scope=internal_cv fold=7 phase=crsm epoch=100 path=/data/adodas/VarCoNet-V2-main/xiaolunwen/experiment1b/checkpoints/worker_r2_latest.pt
[CRSM] repeat=2 scope=internal_cv fold=7 epoch=100/149 train_loss=0.165175 val_bce=0.758697 best=N best_epoch=0 mass=(0.5165,0.4835) hard=(0.5638,0.4362) entropy=0.652021 delta_l2=(0.886920,0.867688) delta_cos=0.920297 epoch_seconds=0.22
CHECKPOINT_LATEST repeat=2 scope=internal_cv fold=7 phase=crsm epoch=110 path=/data/adodas/VarCoNet-V2-main/xiaolunwen/experiment1b/checkpoints/worker_r2_latest.pt
[CRSM] repeat=2 scope=internal_cv fold=7 epoch=110/149 train_loss=0.161693 val_bce=0.775003 best=N best_epoch=0 mass=(0.5193,0.4807) hard=(0.5653,0.4347) entropy=0.637756 delta_l2=(0.940462,0.916146) delta_cos=0.895534 epoch_seconds=0.46
CHECKPOINT_LATEST repeat=2 scope=internal_cv fold=7 phase=crsm epoch=120 path=/data/adodas/VarCoNet-V2-main/xiaolunwen/experiment1b/checkpoints/worker_r2_latest.pt
[CRSM] repeat=2 scope=internal_cv fold=7 epoch=120/149 train_loss=0.158792 val_bce=0.791292 best=N best_epoch=0 mass=(0.5219,0.4781) hard=(0.5623,0.4377) entropy=0.622802 delta_l2=(0.990581,0.960990) delta_cos=0.869242 epoch_seconds=0.23
CHECKPOINT_LATEST repeat=2 scope=internal_cv fold=7 phase=crsm epoch=130 path=/data/adodas/VarCoNet-V2-main/xiaolunwen/experiment1b/checkpoints/worker_r2_latest.pt
[CRSM] repeat=2 scope=internal_cv fold=7 epoch=130/149 train_loss=0.156368 val_bce=0.807375 best=N best_epoch=0 mass=(0.5242,0.4758) hard=(0.5579,0.4421) entropy=0.607862 delta_l2=(1.037520,1.002646) delta_cos=0.842567 epoch_seconds=0.25
CHECKPOINT_LATEST repeat=2 scope=internal_cv fold=7 phase=crsm epoch=140 path=/data/adodas/VarCoNet-V2-main/xiaolunwen/experiment1b/checkpoints/worker_r2_latest.pt
[CRSM] repeat=2 scope=internal_cv fold=7 epoch=140/149 train_loss=0.154337 val_bce=0.823104 best=N best_epoch=0 mass=(0.5262,0.4738) hard=(0.5564,0.4436) entropy=0.593425 delta_l2=(1.081470,1.041456) delta_cos=0.816349 epoch_seconds=0.26
TASK_TRAINING_DONE repeat=2 scope=internal_cv fold=7 base_encoder_epoch=32 base_classifier_epoch=26 base_val_bce=0.623178 selected_crsm_epoch=0 crsm_val_bce=0.623178 treatment_threshold=0.437728 elapsed_minutes=3.3
TASK_DONE repeat=2 scope=internal_fold fold=7 method=baseline selected_encoder_epoch=32 test_auc=0.697976 test_bce=0.621743 elapsed_minutes=3.3
TASK_DONE repeat=2 scope=internal_fold fold=7 method=control_referenced_soft_multiboundary selected_encoder_epoch=32 test_auc=0.697976 test_bce=0.621741 elapsed_minutes=3.3
TASK_START repeat=2 scope=internal_cv fold=8 seed=100208 device=cuda:0 shared_encoder=Y reference_unique_n=674 train_n=750 val_n=120
CHECKPOINT_BEST repeat=2 scope=internal_cv fold=8 phase=ssl epoch=1 path=/data/adodas/VarCoNet-V2-main/xiaolunwen/experiment1b/checkpoints/worker_r2_best.pt
[SSL] repeat=2 scope=internal_cv fold=8 epoch=1/50 ssl_loss=0.135275 lr=0.000024107 base_val_bce=0.656791 base_best=Y base_cls_epoch=11 epoch_seconds=3.8 task_elapsed_minutes=0.1 gpu_alloc_gb=0.318 gpu_reserved_gb=1.744
CHECKPOINT_BEST repeat=2 scope=internal_cv fold=8 phase=ssl epoch=2 path=/data/adodas/VarCoNet-V2-main/xiaolunwen/experiment1b/checkpoints/worker_r2_best.pt
[SSL] repeat=2 scope=internal_cv fold=8 epoch=2/50 ssl_loss=0.118458 lr=0.000038214 base_val_bce=0.651893 base_best=Y base_cls_epoch=16 epoch_seconds=4.1 task_elapsed_minutes=0.1 gpu_alloc_gb=0.317 gpu_reserved_gb=2.008
[SSL] repeat=2 scope=internal_cv fold=8 epoch=3/50 ssl_loss=0.131850 lr=0.000052321 base_val_bce=0.652683 base_best=N base_cls_epoch=14 epoch_seconds=3.7 task_elapsed_minutes=0.2 gpu_alloc_gb=0.318 gpu_reserved_gb=1.744
CHECKPOINT_BEST repeat=2 scope=internal_cv fold=8 phase=ssl epoch=4 path=/data/adodas/VarCoNet-V2-main/xiaolunwen/experiment1b/checkpoints/worker_r2_best.pt
[SSL] repeat=2 scope=internal_cv fold=8 epoch=4/50 ssl_loss=0.091816 lr=0.000066427 base_val_bce=0.640413 base_best=Y base_cls_epoch=13 epoch_seconds=4.0 task_elapsed_minutes=0.3 gpu_alloc_gb=0.317 gpu_reserved_gb=2.008
[SSL] repeat=2 scope=internal_cv fold=8 epoch=5/50 ssl_loss=0.110963 lr=0.000080534 base_val_bce=0.646083 base_best=N base_cls_epoch=15 epoch_seconds=3.7 task_elapsed_minutes=0.3 gpu_alloc_gb=0.318 gpu_reserved_gb=1.744
[SSL] repeat=2 scope=internal_cv fold=8 epoch=6/50 ssl_loss=0.117288 lr=0.000094641 base_val_bce=0.653069 base_best=N base_cls_epoch=13 epoch_seconds=3.9 task_elapsed_minutes=0.4 gpu_alloc_gb=0.317 gpu_reserved_gb=2.008
[SSL] repeat=2 scope=internal_cv fold=8 epoch=7/50 ssl_loss=0.084953 lr=0.000108748 base_val_bce=0.648015 base_best=N base_cls_epoch=14 epoch_seconds=3.8 task_elapsed_minutes=0.5 gpu_alloc_gb=0.318 gpu_reserved_gb=1.744
[SSL] repeat=2 scope=internal_cv fold=8 epoch=8/50 ssl_loss=0.083267 lr=0.000122855 base_val_bce=0.643802 base_best=N base_cls_epoch=12 epoch_seconds=3.1 task_elapsed_minutes=0.5 gpu_alloc_gb=0.317 gpu_reserved_gb=2.008
[SSL] repeat=2 scope=internal_cv fold=8 epoch=9/50 ssl_loss=0.088523 lr=0.000136962 base_val_bce=0.640434 base_best=N base_cls_epoch=18 epoch_seconds=3.8 task_elapsed_minutes=0.6 gpu_alloc_gb=0.318 gpu_reserved_gb=1.744
CHECKPOINT_BEST repeat=2 scope=internal_cv fold=8 phase=ssl epoch=10 path=/data/adodas/VarCoNet-V2-main/xiaolunwen/experiment1b/checkpoints/worker_r2_best.pt
CHECKPOINT_LATEST repeat=2 scope=internal_cv fold=8 phase=ssl epoch=10 path=/data/adodas/VarCoNet-V2-main/xiaolunwen/experiment1b/checkpoints/worker_r2_latest.pt
[SSL] repeat=2 scope=internal_cv fold=8 epoch=10/50 ssl_loss=0.073991 lr=0.000136962 base_val_bce=0.635370 base_best=Y base_cls_epoch=15 epoch_seconds=4.5 task_elapsed_minutes=0.6 gpu_alloc_gb=0.317 gpu_reserved_gb=2.008
[SSL] repeat=2 scope=internal_cv fold=8 epoch=11/50 ssl_loss=0.068896 lr=0.000136751 base_val_bce=0.645369 base_best=N base_cls_epoch=22 epoch_seconds=3.8 task_elapsed_minutes=0.7 gpu_alloc_gb=0.318 gpu_reserved_gb=1.744
CHECKPOINT_BEST repeat=2 scope=internal_cv fold=8 phase=ssl epoch=12 path=/data/adodas/VarCoNet-V2-main/xiaolunwen/experiment1b/checkpoints/worker_r2_best.pt
[SSL] repeat=2 scope=internal_cv fold=8 epoch=12/50 ssl_loss=0.065260 lr=0.000136119 base_val_bce=0.633485 base_best=Y base_cls_epoch=17 epoch_seconds=3.9 task_elapsed_minutes=0.8 gpu_alloc_gb=0.317 gpu_reserved_gb=2.008
[SSL] repeat=2 scope=internal_cv fold=8 epoch=13/50 ssl_loss=0.067860 lr=0.000135070 base_val_bce=0.634572 base_best=N base_cls_epoch=17 epoch_seconds=3.7 task_elapsed_minutes=0.8 gpu_alloc_gb=0.318 gpu_reserved_gb=1.744
CHECKPOINT_BEST repeat=2 scope=internal_cv fold=8 phase=ssl epoch=14 path=/data/adodas/VarCoNet-V2-main/xiaolunwen/experiment1b/checkpoints/worker_r2_best.pt
[SSL] repeat=2 scope=internal_cv fold=8 epoch=14/50 ssl_loss=0.047430 lr=0.000133610 base_val_bce=0.631218 base_best=Y base_cls_epoch=20 epoch_seconds=4.1 task_elapsed_minutes=0.9 gpu_alloc_gb=0.317 gpu_reserved_gb=2.008
[SSL] repeat=2 scope=internal_cv fold=8 epoch=15/50 ssl_loss=0.052707 lr=0.000131749 base_val_bce=0.634655 base_best=N base_cls_epoch=23 epoch_seconds=3.8 task_elapsed_minutes=1.0 gpu_alloc_gb=0.318 gpu_reserved_gb=1.744
[SSL] repeat=2 scope=internal_cv fold=8 epoch=16/50 ssl_loss=0.065196 lr=0.000129498 base_val_bce=0.641533 base_best=N base_cls_epoch=19 epoch_seconds=3.8 task_elapsed_minutes=1.0 gpu_alloc_gb=0.317 gpu_reserved_gb=2.008
[SSL] repeat=2 scope=internal_cv fold=8 epoch=17/50 ssl_loss=0.047293 lr=0.000126870 base_val_bce=0.638797 base_best=N base_cls_epoch=18 epoch_seconds=3.7 task_elapsed_minutes=1.1 gpu_alloc_gb=0.318 gpu_reserved_gb=1.744
[SSL] repeat=2 scope=internal_cv fold=8 epoch=18/50 ssl_loss=0.044188 lr=0.000123883 base_val_bce=0.645877 base_best=N base_cls_epoch=23 epoch_seconds=3.8 task_elapsed_minutes=1.2 gpu_alloc_gb=0.317 gpu_reserved_gb=2.008
[SSL] repeat=2 scope=internal_cv fold=8 epoch=19/50 ssl_loss=0.053798 lr=0.000120554 base_val_bce=0.637837 base_best=N base_cls_epoch=19 epoch_seconds=3.7 task_elapsed_minutes=1.2 gpu_alloc_gb=0.318 gpu_reserved_gb=1.744
CHECKPOINT_LATEST repeat=2 scope=internal_cv fold=8 phase=ssl epoch=20 path=/data/adodas/VarCoNet-V2-main/xiaolunwen/experiment1b/checkpoints/worker_r2_latest.pt
[SSL] repeat=2 scope=internal_cv fold=8 epoch=20/50 ssl_loss=0.059712 lr=0.000116904 base_val_bce=0.632119 base_best=N base_cls_epoch=19 epoch_seconds=4.1 task_elapsed_minutes=1.3 gpu_alloc_gb=0.317 gpu_reserved_gb=2.008
[SSL] repeat=2 scope=internal_cv fold=8 epoch=21/50 ssl_loss=0.040195 lr=0.000112956 base_val_bce=0.640403 base_best=N base_cls_epoch=23 epoch_seconds=3.6 task_elapsed_minutes=1.3 gpu_alloc_gb=0.318 gpu_reserved_gb=1.744
[SSL] repeat=2 scope=internal_cv fold=8 epoch=22/50 ssl_loss=0.065391 lr=0.000108733 base_val_bce=0.631526 base_best=N base_cls_epoch=21 epoch_seconds=3.7 task_elapsed_minutes=1.4 gpu_alloc_gb=0.317 gpu_reserved_gb=2.008
CHECKPOINT_BEST repeat=2 scope=internal_cv fold=8 phase=ssl epoch=23 path=/data/adodas/VarCoNet-V2-main/xiaolunwen/experiment1b/checkpoints/worker_r2_best.pt
[SSL] repeat=2 scope=internal_cv fold=8 epoch=23/50 ssl_loss=0.036481 lr=0.000104262 base_val_bce=0.627158 base_best=Y base_cls_epoch=21 epoch_seconds=4.2 task_elapsed_minutes=1.5 gpu_alloc_gb=0.318 gpu_reserved_gb=1.744
[SSL] repeat=2 scope=internal_cv fold=8 epoch=24/50 ssl_loss=0.052815 lr=0.000099570 base_val_bce=0.638291 base_best=N base_cls_epoch=26 epoch_seconds=3.8 task_elapsed_minutes=1.5 gpu_alloc_gb=0.317 gpu_reserved_gb=2.008
[SSL] repeat=2 scope=internal_cv fold=8 epoch=25/50 ssl_loss=0.037398 lr=0.000094687 base_val_bce=0.636648 base_best=N base_cls_epoch=21 epoch_seconds=4.7 task_elapsed_minutes=1.6 gpu_alloc_gb=0.318 gpu_reserved_gb=1.744
[SSL] repeat=2 scope=internal_cv fold=8 epoch=26/50 ssl_loss=0.052681 lr=0.000089643 base_val_bce=0.638732 base_best=N base_cls_epoch=22 epoch_seconds=3.7 task_elapsed_minutes=1.7 gpu_alloc_gb=0.317 gpu_reserved_gb=2.008
CHECKPOINT_BEST repeat=2 scope=internal_cv fold=8 phase=ssl epoch=27 path=/data/adodas/VarCoNet-V2-main/xiaolunwen/experiment1b/checkpoints/worker_r2_best.pt
[SSL] repeat=2 scope=internal_cv fold=8 epoch=27/50 ssl_loss=0.037319 lr=0.000084467 base_val_bce=0.624994 base_best=Y base_cls_epoch=21 epoch_seconds=4.0 task_elapsed_minutes=1.7 gpu_alloc_gb=0.318 gpu_reserved_gb=1.744
[SSL] repeat=2 scope=internal_cv fold=8 epoch=28/50 ssl_loss=0.051221 lr=0.000079194 base_val_bce=0.636653 base_best=N base_cls_epoch=23 epoch_seconds=3.8 task_elapsed_minutes=1.8 gpu_alloc_gb=0.317 gpu_reserved_gb=2.008
[SSL] repeat=2 scope=internal_cv fold=8 epoch=29/50 ssl_loss=0.042609 lr=0.000073854 base_val_bce=0.633536 base_best=N base_cls_epoch=28 epoch_seconds=3.9 task_elapsed_minutes=1.9 gpu_alloc_gb=0.318 gpu_reserved_gb=1.744
CHECKPOINT_LATEST repeat=2 scope=internal_cv fold=8 phase=ssl epoch=30 path=/data/adodas/VarCoNet-V2-main/xiaolunwen/experiment1b/checkpoints/worker_r2_latest.pt
[SSL] repeat=2 scope=internal_cv fold=8 epoch=30/50 ssl_loss=0.037973 lr=0.000068481 base_val_bce=0.640453 base_best=N base_cls_epoch=24 epoch_seconds=4.1 task_elapsed_minutes=1.9 gpu_alloc_gb=0.317 gpu_reserved_gb=2.008
[SSL] repeat=2 scope=internal_cv fold=8 epoch=31/50 ssl_loss=0.035921 lr=0.000063108 base_val_bce=0.634913 base_best=N base_cls_epoch=30 epoch_seconds=3.3 task_elapsed_minutes=2.0 gpu_alloc_gb=0.318 gpu_reserved_gb=1.744
[SSL] repeat=2 scope=internal_cv fold=8 epoch=32/50 ssl_loss=0.051538 lr=0.000057768 base_val_bce=0.631202 base_best=N base_cls_epoch=21 epoch_seconds=3.4 task_elapsed_minutes=2.1 gpu_alloc_gb=0.317 gpu_reserved_gb=2.008
[SSL] repeat=2 scope=internal_cv fold=8 epoch=33/50 ssl_loss=0.053773 lr=0.000052494 base_val_bce=0.638098 base_best=N base_cls_epoch=23 epoch_seconds=3.8 task_elapsed_minutes=2.1 gpu_alloc_gb=0.318 gpu_reserved_gb=1.744
[SSL] repeat=2 scope=internal_cv fold=8 epoch=34/50 ssl_loss=0.039828 lr=0.000047319 base_val_bce=0.638846 base_best=N base_cls_epoch=27 epoch_seconds=3.7 task_elapsed_minutes=2.2 gpu_alloc_gb=0.317 gpu_reserved_gb=2.008
[SSL] repeat=2 scope=internal_cv fold=8 epoch=35/50 ssl_loss=0.036766 lr=0.000042274 base_val_bce=0.630247 base_best=N base_cls_epoch=29 epoch_seconds=3.7 task_elapsed_minutes=2.2 gpu_alloc_gb=0.318 gpu_reserved_gb=1.744
[SSL] repeat=2 scope=internal_cv fold=8 epoch=36/50 ssl_loss=0.035612 lr=0.000037391 base_val_bce=0.630707 base_best=N base_cls_epoch=22 epoch_seconds=3.9 task_elapsed_minutes=2.3 gpu_alloc_gb=0.317 gpu_reserved_gb=2.008
[SSL] repeat=2 scope=internal_cv fold=8 epoch=37/50 ssl_loss=0.045081 lr=0.000032700 base_val_bce=0.642343 base_best=N base_cls_epoch=27 epoch_seconds=3.8 task_elapsed_minutes=2.4 gpu_alloc_gb=0.318 gpu_reserved_gb=1.744
[SSL] repeat=2 scope=internal_cv fold=8 epoch=38/50 ssl_loss=0.039591 lr=0.000028229 base_val_bce=0.628425 base_best=N base_cls_epoch=21 epoch_seconds=3.8 task_elapsed_minutes=2.4 gpu_alloc_gb=0.317 gpu_reserved_gb=2.008
[SSL] repeat=2 scope=internal_cv fold=8 epoch=39/50 ssl_loss=0.034668 lr=0.000024006 base_val_bce=0.640560 base_best=N base_cls_epoch=23 epoch_seconds=3.9 task_elapsed_minutes=2.5 gpu_alloc_gb=0.318 gpu_reserved_gb=1.744
CHECKPOINT_LATEST repeat=2 scope=internal_cv fold=8 phase=ssl epoch=40 path=/data/adodas/VarCoNet-V2-main/xiaolunwen/experiment1b/checkpoints/worker_r2_latest.pt
[SSL] repeat=2 scope=internal_cv fold=8 epoch=40/50 ssl_loss=0.040191 lr=0.000020058 base_val_bce=0.630790 base_best=N base_cls_epoch=24 epoch_seconds=4.1 task_elapsed_minutes=2.6 gpu_alloc_gb=0.317 gpu_reserved_gb=2.008
[SSL] repeat=2 scope=internal_cv fold=8 epoch=41/50 ssl_loss=0.037642 lr=0.000016408 base_val_bce=0.637419 base_best=N base_cls_epoch=26 epoch_seconds=3.8 task_elapsed_minutes=2.6 gpu_alloc_gb=0.318 gpu_reserved_gb=1.744
[SSL] repeat=2 scope=internal_cv fold=8 epoch=42/50 ssl_loss=0.034938 lr=0.000013079 base_val_bce=0.631509 base_best=N base_cls_epoch=27 epoch_seconds=3.4 task_elapsed_minutes=2.7 gpu_alloc_gb=0.317 gpu_reserved_gb=2.008
[SSL] repeat=2 scope=internal_cv fold=8 epoch=43/50 ssl_loss=0.040514 lr=0.000010091 base_val_bce=0.630285 base_best=N base_cls_epoch=28 epoch_seconds=3.1 task_elapsed_minutes=2.7 gpu_alloc_gb=0.318 gpu_reserved_gb=1.744
[SSL] repeat=2 scope=internal_cv fold=8 epoch=44/50 ssl_loss=0.037237 lr=0.000007464 base_val_bce=0.637357 base_best=N base_cls_epoch=30 epoch_seconds=2.8 task_elapsed_minutes=2.8 gpu_alloc_gb=0.317 gpu_reserved_gb=2.008
[SSL] repeat=2 scope=internal_cv fold=8 epoch=45/50 ssl_loss=0.032392 lr=0.000005213 base_val_bce=0.646749 base_best=N base_cls_epoch=25 epoch_seconds=2.9 task_elapsed_minutes=2.8 gpu_alloc_gb=0.318 gpu_reserved_gb=1.744
[SSL] repeat=2 scope=internal_cv fold=8 epoch=46/50 ssl_loss=0.048573 lr=0.000003352 base_val_bce=0.640833 base_best=N base_cls_epoch=26 epoch_seconds=3.1 task_elapsed_minutes=2.9 gpu_alloc_gb=0.317 gpu_reserved_gb=2.008
[SSL] repeat=2 scope=internal_cv fold=8 epoch=47/50 ssl_loss=0.037692 lr=0.000001892 base_val_bce=0.647939 base_best=N base_cls_epoch=25 epoch_seconds=3.2 task_elapsed_minutes=2.9 gpu_alloc_gb=0.318 gpu_reserved_gb=1.744
[SSL] repeat=2 scope=internal_cv fold=8 epoch=48/50 ssl_loss=0.043687 lr=0.000000843 base_val_bce=0.638171 base_best=N base_cls_epoch=28 epoch_seconds=2.9 task_elapsed_minutes=3.0 gpu_alloc_gb=0.317 gpu_reserved_gb=2.008
[SSL] repeat=2 scope=internal_cv fold=8 epoch=49/50 ssl_loss=0.041682 lr=0.000000211 base_val_bce=0.640556 base_best=N base_cls_epoch=26 epoch_seconds=3.0 task_elapsed_minutes=3.0 gpu_alloc_gb=0.318 gpu_reserved_gb=1.744
CHECKPOINT_LATEST repeat=2 scope=internal_cv fold=8 phase=ssl epoch=50 path=/data/adodas/VarCoNet-V2-main/xiaolunwen/experiment1b/checkpoints/worker_r2_latest.pt
[SSL] repeat=2 scope=internal_cv fold=8 epoch=50/50 ssl_loss=0.036856 lr=0.000000000 base_val_bce=0.634236 base_best=N base_cls_epoch=25 epoch_seconds=3.6 task_elapsed_minutes=3.1 gpu_alloc_gb=0.317 gpu_reserved_gb=2.008
CRSM_INIT repeat=2 scope=internal_cv fold=8 n_experts=2 tau=1.0 trainable_parameters=147074 hc_centroid_norm=23.432766 pca_unit_norm=1.00000000 pca_singular=149.847351 sigma_margin=1.070431 sigma_projection=7.879666 ratio=0.0100 scale=0.00135847193 epoch0_val_bce=0.624988
CHECKPOINT_LATEST repeat=2 scope=internal_cv fold=8 phase=crsm epoch=0 path=/data/adodas/VarCoNet-V2-main/xiaolunwen/experiment1b/checkpoints/worker_r2_latest.pt
CHECKPOINT_BEST repeat=2 scope=internal_cv fold=8 phase=crsm epoch=0 path=/data/adodas/VarCoNet-V2-main/xiaolunwen/experiment1b/checkpoints/worker_r2_best.pt
CHECKPOINT_LATEST repeat=2 scope=internal_cv fold=8 phase=crsm epoch=10 path=/data/adodas/VarCoNet-V2-main/xiaolunwen/experiment1b/checkpoints/worker_r2_latest.pt
[CRSM] repeat=2 scope=internal_cv fold=8 epoch=10/149 train_loss=0.315088 val_bce=0.632642 best=N best_epoch=0 mass=(0.5006,0.4994) hard=(0.3680,0.6320) entropy=0.692971 delta_l2=(0.131484,0.131337) delta_cos=0.992685 epoch_seconds=0.49
CHECKPOINT_LATEST repeat=2 scope=internal_cv fold=8 phase=crsm epoch=20 path=/data/adodas/VarCoNet-V2-main/xiaolunwen/experiment1b/checkpoints/worker_r2_latest.pt
[CRSM] repeat=2 scope=internal_cv fold=8 epoch=20/149 train_loss=0.277059 val_bce=0.644620 best=N best_epoch=0 mass=(0.5012,0.4988) hard=(0.3887,0.6113) entropy=0.692654 delta_l2=(0.252252,0.252104) delta_cos=0.992827 epoch_seconds=0.23
CHECKPOINT_LATEST repeat=2 scope=internal_cv fold=8 phase=crsm epoch=30 path=/data/adodas/VarCoNet-V2-main/xiaolunwen/experiment1b/checkpoints/worker_r2_latest.pt
[CRSM] repeat=2 scope=internal_cv fold=8 epoch=30/149 train_loss=0.249778 val_bce=0.658203 best=N best_epoch=0 mass=(0.5023,0.4977) hard=(0.4199,0.5801) entropy=0.692005 delta_l2=(0.361199,0.361031) delta_cos=0.991282 epoch_seconds=0.25
CHECKPOINT_LATEST repeat=2 scope=internal_cv fold=8 phase=crsm epoch=40 path=/data/adodas/VarCoNet-V2-main/xiaolunwen/experiment1b/checkpoints/worker_r2_latest.pt
[CRSM] repeat=2 scope=internal_cv fold=8 epoch=40/149 train_loss=0.229947 val_bce=0.672343 best=N best_epoch=0 mass=(0.5039,0.4961) hard=(0.4407,0.5593) entropy=0.690686 delta_l2=(0.458801,0.458629) delta_cos=0.988188 epoch_seconds=0.24
CHECKPOINT_LATEST repeat=2 scope=internal_cv fold=8 phase=crsm epoch=50 path=/data/adodas/VarCoNet-V2-main/xiaolunwen/experiment1b/checkpoints/worker_r2_latest.pt
[CRSM] repeat=2 scope=internal_cv fold=8 epoch=50/149 train_loss=0.215305 val_bce=0.686695 best=N best_epoch=0 mass=(0.5064,0.4936) hard=(0.4644,0.5356) entropy=0.687947 delta_l2=(0.546353,0.546221) delta_cos=0.982750 epoch_seconds=0.25
CHECKPOINT_LATEST repeat=2 scope=internal_cv fold=8 phase=crsm epoch=60 path=/data/adodas/VarCoNet-V2-main/xiaolunwen/experiment1b/checkpoints/worker_r2_latest.pt
[CRSM] repeat=2 scope=internal_cv fold=8 epoch=60/149 train_loss=0.204281 val_bce=0.701781 best=N best_epoch=0 mass=(0.5096,0.4904) hard=(0.4733,0.5267) entropy=0.682769 delta_l2=(0.625141,0.625080) delta_cos=0.973879 epoch_seconds=0.29
CHECKPOINT_LATEST repeat=2 scope=internal_cv fold=8 phase=crsm epoch=70 path=/data/adodas/VarCoNet-V2-main/xiaolunwen/experiment1b/checkpoints/worker_r2_latest.pt
[CRSM] repeat=2 scope=internal_cv fold=8 epoch=70/149 train_loss=0.195777 val_bce=0.717510 best=N best_epoch=0 mass=(0.5134,0.4866) hard=(0.4837,0.5163) entropy=0.674214 delta_l2=(0.696347,0.696426) delta_cos=0.960489 epoch_seconds=0.26
CHECKPOINT_LATEST repeat=2 scope=internal_cv fold=8 phase=crsm epoch=80 path=/data/adodas/VarCoNet-V2-main/xiaolunwen/experiment1b/checkpoints/worker_r2_latest.pt
[CRSM] repeat=2 scope=internal_cv fold=8 epoch=80/149 train_loss=0.189045 val_bce=0.733516 best=N best_epoch=0 mass=(0.5173,0.4827) hard=(0.4866,0.5134) entropy=0.661789 delta_l2=(0.761068,0.761451) delta_cos=0.941959 epoch_seconds=0.26
CHECKPOINT_LATEST repeat=2 scope=internal_cv fold=8 phase=crsm epoch=90 path=/data/adodas/VarCoNet-V2-main/xiaolunwen/experiment1b/checkpoints/worker_r2_latest.pt
[CRSM] repeat=2 scope=internal_cv fold=8 epoch=90/149 train_loss=0.183595 val_bce=0.749691 best=N best_epoch=0 mass=(0.5210,0.4790) hard=(0.4911,0.5089) entropy=0.645946 delta_l2=(0.820292,0.821195) delta_cos=0.918483 epoch_seconds=0.25
CHECKPOINT_LATEST repeat=2 scope=internal_cv fold=8 phase=crsm epoch=100 path=/data/adodas/VarCoNet-V2-main/xiaolunwen/experiment1b/checkpoints/worker_r2_latest.pt
[CRSM] repeat=2 scope=internal_cv fold=8 epoch=100/149 train_loss=0.179124 val_bce=0.765800 best=N best_epoch=0 mass=(0.5241,0.4759) hard=(0.4970,0.5030) entropy=0.627903 delta_l2=(0.874844,0.876460) delta_cos=0.891076 epoch_seconds=0.48
CHECKPOINT_LATEST repeat=2 scope=internal_cv fold=8 phase=crsm epoch=110 path=/data/adodas/VarCoNet-V2-main/xiaolunwen/experiment1b/checkpoints/worker_r2_latest.pt
[CRSM] repeat=2 scope=internal_cv fold=8 epoch=110/149 train_loss=0.175434 val_bce=0.781652 best=N best_epoch=0 mass=(0.5265,0.4735) hard=(0.5030,0.4970) entropy=0.609072 delta_l2=(0.925321,0.927817) delta_cos=0.861254 epoch_seconds=0.44
CHECKPOINT_LATEST repeat=2 scope=internal_cv fold=8 phase=crsm epoch=120 path=/data/adodas/VarCoNet-V2-main/xiaolunwen/experiment1b/checkpoints/worker_r2_latest.pt
[CRSM] repeat=2 scope=internal_cv fold=8 epoch=120/149 train_loss=0.172383 val_bce=0.797111 best=N best_epoch=0 mass=(0.5282,0.4718) hard=(0.5104,0.4896) entropy=0.590565 delta_l2=(0.972117,0.975676) delta_cos=0.830557 epoch_seconds=0.45
CHECKPOINT_LATEST repeat=2 scope=internal_cv fold=8 phase=crsm epoch=130 path=/data/adodas/VarCoNet-V2-main/xiaolunwen/experiment1b/checkpoints/worker_r2_latest.pt
[CRSM] repeat=2 scope=internal_cv fold=8 epoch=130/149 train_loss=0.169857 val_bce=0.812074 best=N best_epoch=0 mass=(0.5294,0.4706) hard=(0.5104,0.4896) entropy=0.573022 delta_l2=(1.015522,1.020360) delta_cos=0.800201 epoch_seconds=0.25
CHECKPOINT_LATEST repeat=2 scope=internal_cv fold=8 phase=crsm epoch=140 path=/data/adodas/VarCoNet-V2-main/xiaolunwen/experiment1b/checkpoints/worker_r2_latest.pt
[CRSM] repeat=2 scope=internal_cv fold=8 epoch=140/149 train_loss=0.167758 val_bce=0.826495 best=N best_epoch=0 mass=(0.5301,0.4699) hard=(0.5104,0.4896) entropy=0.556759 delta_l2=(1.055789,1.062141) delta_cos=0.770983 epoch_seconds=0.23
TASK_TRAINING_DONE repeat=2 scope=internal_cv fold=8 base_encoder_epoch=27 base_classifier_epoch=21 base_val_bce=0.624994 selected_crsm_epoch=0 crsm_val_bce=0.624988 treatment_threshold=0.442724 elapsed_minutes=3.2
TASK_DONE repeat=2 scope=internal_fold fold=8 method=baseline selected_encoder_epoch=27 test_auc=0.700052 test_bce=0.620247 elapsed_minutes=3.2
TASK_DONE repeat=2 scope=internal_fold fold=8 method=control_referenced_soft_multiboundary selected_encoder_epoch=27 test_auc=0.700052 test_bce=0.620246 elapsed_minutes=3.2
TASK_START repeat=2 scope=internal_cv fold=9 seed=100209 device=cuda:0 shared_encoder=Y reference_unique_n=674 train_n=750 val_n=120
CHECKPOINT_BEST repeat=2 scope=internal_cv fold=9 phase=ssl epoch=1 path=/data/adodas/VarCoNet-V2-main/xiaolunwen/experiment1b/checkpoints/worker_r2_best.pt
[SSL] repeat=2 scope=internal_cv fold=9 epoch=1/50 ssl_loss=0.111695 lr=0.000024107 base_val_bce=0.641999 base_best=Y base_cls_epoch=17 epoch_seconds=4.4 task_elapsed_minutes=0.1 gpu_alloc_gb=0.318 gpu_reserved_gb=1.744
CHECKPOINT_BEST repeat=2 scope=internal_cv fold=9 phase=ssl epoch=2 path=/data/adodas/VarCoNet-V2-main/xiaolunwen/experiment1b/checkpoints/worker_r2_best.pt
[SSL] repeat=2 scope=internal_cv fold=9 epoch=2/50 ssl_loss=0.097698 lr=0.000038214 base_val_bce=0.634808 base_best=Y base_cls_epoch=15 epoch_seconds=4.2 task_elapsed_minutes=0.1 gpu_alloc_gb=0.317 gpu_reserved_gb=2.008
[SSL] repeat=2 scope=internal_cv fold=9 epoch=3/50 ssl_loss=0.101447 lr=0.000052321 base_val_bce=0.640983 base_best=N base_cls_epoch=17 epoch_seconds=3.8 task_elapsed_minutes=0.2 gpu_alloc_gb=0.318 gpu_reserved_gb=1.744
[SSL] repeat=2 scope=internal_cv fold=9 epoch=4/50 ssl_loss=0.076158 lr=0.000066427 base_val_bce=0.641502 base_best=N base_cls_epoch=15 epoch_seconds=4.0 task_elapsed_minutes=0.3 gpu_alloc_gb=0.317 gpu_reserved_gb=2.008
[SSL] repeat=2 scope=internal_cv fold=9 epoch=5/50 ssl_loss=0.078883 lr=0.000080534 base_val_bce=0.660441 base_best=N base_cls_epoch=17 epoch_seconds=3.9 task_elapsed_minutes=0.3 gpu_alloc_gb=0.318 gpu_reserved_gb=1.744
[SSL] repeat=2 scope=internal_cv fold=9 epoch=6/50 ssl_loss=0.071850 lr=0.000094641 base_val_bce=0.648028 base_best=N base_cls_epoch=16 epoch_seconds=3.8 task_elapsed_minutes=0.4 gpu_alloc_gb=0.317 gpu_reserved_gb=2.008
[SSL] repeat=2 scope=internal_cv fold=9 epoch=7/50 ssl_loss=0.079545 lr=0.000108748 base_val_bce=0.646494 base_best=N base_cls_epoch=17 epoch_seconds=3.3 task_elapsed_minutes=0.5 gpu_alloc_gb=0.318 gpu_reserved_gb=1.744
[SSL] repeat=2 scope=internal_cv fold=9 epoch=8/50 ssl_loss=0.059418 lr=0.000122855 base_val_bce=0.650074 base_best=N base_cls_epoch=21 epoch_seconds=3.4 task_elapsed_minutes=0.5 gpu_alloc_gb=0.317 gpu_reserved_gb=2.008
[SSL] repeat=2 scope=internal_cv fold=9 epoch=9/50 ssl_loss=0.060896 lr=0.000136962 base_val_bce=0.653513 base_best=N base_cls_epoch=21 epoch_seconds=3.9 task_elapsed_minutes=0.6 gpu_alloc_gb=0.318 gpu_reserved_gb=1.744
CHECKPOINT_LATEST repeat=2 scope=internal_cv fold=9 phase=ssl epoch=10 path=/data/adodas/VarCoNet-V2-main/xiaolunwen/experiment1b/checkpoints/worker_r2_latest.pt
[SSL] repeat=2 scope=internal_cv fold=9 epoch=10/50 ssl_loss=0.059918 lr=0.000136962 base_val_bce=0.653710 base_best=N base_cls_epoch=18 epoch_seconds=4.5 task_elapsed_minutes=0.6 gpu_alloc_gb=0.317 gpu_reserved_gb=2.008
[SSL] repeat=2 scope=internal_cv fold=9 epoch=11/50 ssl_loss=0.056865 lr=0.000136751 base_val_bce=0.649259 base_best=N base_cls_epoch=20 epoch_seconds=4.0 task_elapsed_minutes=0.7 gpu_alloc_gb=0.318 gpu_reserved_gb=1.744
[SSL] repeat=2 scope=internal_cv fold=9 epoch=12/50 ssl_loss=0.041632 lr=0.000136119 base_val_bce=0.650457 base_best=N base_cls_epoch=22 epoch_seconds=3.9 task_elapsed_minutes=0.8 gpu_alloc_gb=0.317 gpu_reserved_gb=2.008
[SSL] repeat=2 scope=internal_cv fold=9 epoch=13/50 ssl_loss=0.046974 lr=0.000135070 base_val_bce=0.648009 base_best=N base_cls_epoch=20 epoch_seconds=3.8 task_elapsed_minutes=0.9 gpu_alloc_gb=0.318 gpu_reserved_gb=1.744
[SSL] repeat=2 scope=internal_cv fold=9 epoch=14/50 ssl_loss=0.047880 lr=0.000133610 base_val_bce=0.645557 base_best=N base_cls_epoch=22 epoch_seconds=3.7 task_elapsed_minutes=0.9 gpu_alloc_gb=0.317 gpu_reserved_gb=2.008
[SSL] repeat=2 scope=internal_cv fold=9 epoch=15/50 ssl_loss=0.038404 lr=0.000131749 base_val_bce=0.643760 base_best=N base_cls_epoch=20 epoch_seconds=3.8 task_elapsed_minutes=1.0 gpu_alloc_gb=0.318 gpu_reserved_gb=1.744
[SSL] repeat=2 scope=internal_cv fold=9 epoch=16/50 ssl_loss=0.056362 lr=0.000129498 base_val_bce=0.655285 base_best=N base_cls_epoch=21 epoch_seconds=3.9 task_elapsed_minutes=1.0 gpu_alloc_gb=0.317 gpu_reserved_gb=2.008
[SSL] repeat=2 scope=internal_cv fold=9 epoch=17/50 ssl_loss=0.048497 lr=0.000126870 base_val_bce=0.649646 base_best=N base_cls_epoch=19 epoch_seconds=4.0 task_elapsed_minutes=1.1 gpu_alloc_gb=0.318 gpu_reserved_gb=1.744
[SSL] repeat=2 scope=internal_cv fold=9 epoch=18/50 ssl_loss=0.055379 lr=0.000123883 base_val_bce=0.646422 base_best=N base_cls_epoch=21 epoch_seconds=3.8 task_elapsed_minutes=1.2 gpu_alloc_gb=0.317 gpu_reserved_gb=2.008
[SSL] repeat=2 scope=internal_cv fold=9 epoch=19/50 ssl_loss=0.055212 lr=0.000120554 base_val_bce=0.651332 base_best=N base_cls_epoch=25 epoch_seconds=3.8 task_elapsed_minutes=1.2 gpu_alloc_gb=0.318 gpu_reserved_gb=1.744
CHECKPOINT_LATEST repeat=2 scope=internal_cv fold=9 phase=ssl epoch=20 path=/data/adodas/VarCoNet-V2-main/xiaolunwen/experiment1b/checkpoints/worker_r2_latest.pt
[SSL] repeat=2 scope=internal_cv fold=9 epoch=20/50 ssl_loss=0.042033 lr=0.000116904 base_val_bce=0.653889 base_best=N base_cls_epoch=22 epoch_seconds=4.1 task_elapsed_minutes=1.3 gpu_alloc_gb=0.317 gpu_reserved_gb=2.008
[SSL] repeat=2 scope=internal_cv fold=9 epoch=21/50 ssl_loss=0.038167 lr=0.000112956 base_val_bce=0.644393 base_best=N base_cls_epoch=22 epoch_seconds=3.8 task_elapsed_minutes=1.4 gpu_alloc_gb=0.318 gpu_reserved_gb=1.744
[SSL] repeat=2 scope=internal_cv fold=9 epoch=22/50 ssl_loss=0.046800 lr=0.000108733 base_val_bce=0.654004 base_best=N base_cls_epoch=23 epoch_seconds=3.9 task_elapsed_minutes=1.4 gpu_alloc_gb=0.317 gpu_reserved_gb=2.008
[SSL] repeat=2 scope=internal_cv fold=9 epoch=23/50 ssl_loss=0.046592 lr=0.000104262 base_val_bce=0.645172 base_best=N base_cls_epoch=22 epoch_seconds=4.0 task_elapsed_minutes=1.5 gpu_alloc_gb=0.318 gpu_reserved_gb=1.744
[SSL] repeat=2 scope=internal_cv fold=9 epoch=24/50 ssl_loss=0.043510 lr=0.000099570 base_val_bce=0.652362 base_best=N base_cls_epoch=19 epoch_seconds=3.9 task_elapsed_minutes=1.6 gpu_alloc_gb=0.317 gpu_reserved_gb=2.008
[SSL] repeat=2 scope=internal_cv fold=9 epoch=25/50 ssl_loss=0.045562 lr=0.000094687 base_val_bce=0.659280 base_best=N base_cls_epoch=21 epoch_seconds=4.0 task_elapsed_minutes=1.6 gpu_alloc_gb=0.318 gpu_reserved_gb=1.744
[SSL] repeat=2 scope=internal_cv fold=9 epoch=26/50 ssl_loss=0.040440 lr=0.000089643 base_val_bce=0.658585 base_best=N base_cls_epoch=18 epoch_seconds=3.9 task_elapsed_minutes=1.7 gpu_alloc_gb=0.317 gpu_reserved_gb=2.008
[SSL] repeat=2 scope=internal_cv fold=9 epoch=27/50 ssl_loss=0.050944 lr=0.000084467 base_val_bce=0.649461 base_best=N base_cls_epoch=21 epoch_seconds=3.9 task_elapsed_minutes=1.8 gpu_alloc_gb=0.318 gpu_reserved_gb=1.744
[SSL] repeat=2 scope=internal_cv fold=9 epoch=28/50 ssl_loss=0.042861 lr=0.000079194 base_val_bce=0.653335 base_best=N base_cls_epoch=19 epoch_seconds=3.8 task_elapsed_minutes=1.8 gpu_alloc_gb=0.317 gpu_reserved_gb=2.008
[SSL] repeat=2 scope=internal_cv fold=9 epoch=29/50 ssl_loss=0.031328 lr=0.000073854 base_val_bce=0.647753 base_best=N base_cls_epoch=28 epoch_seconds=3.8 task_elapsed_minutes=1.9 gpu_alloc_gb=0.318 gpu_reserved_gb=1.744
CHECKPOINT_BEST repeat=2 scope=internal_cv fold=9 phase=ssl epoch=30 path=/data/adodas/VarCoNet-V2-main/xiaolunwen/experiment1b/checkpoints/worker_r2_best.pt
CHECKPOINT_LATEST repeat=2 scope=internal_cv fold=9 phase=ssl epoch=30 path=/data/adodas/VarCoNet-V2-main/xiaolunwen/experiment1b/checkpoints/worker_r2_latest.pt
[SSL] repeat=2 scope=internal_cv fold=9 epoch=30/50 ssl_loss=0.035514 lr=0.000068481 base_val_bce=0.632033 base_best=Y base_cls_epoch=19 epoch_seconds=4.1 task_elapsed_minutes=1.9 gpu_alloc_gb=0.317 gpu_reserved_gb=2.008
[SSL] repeat=2 scope=internal_cv fold=9 epoch=31/50 ssl_loss=0.056901 lr=0.000063108 base_val_bce=0.641052 base_best=N base_cls_epoch=20 epoch_seconds=3.5 task_elapsed_minutes=2.0 gpu_alloc_gb=0.318 gpu_reserved_gb=1.744
[SSL] repeat=2 scope=internal_cv fold=9 epoch=32/50 ssl_loss=0.031963 lr=0.000057768 base_val_bce=0.656195 base_best=N base_cls_epoch=17 epoch_seconds=3.9 task_elapsed_minutes=2.1 gpu_alloc_gb=0.317 gpu_reserved_gb=2.008
[SSL] repeat=2 scope=internal_cv fold=9 epoch=33/50 ssl_loss=0.041097 lr=0.000052494 base_val_bce=0.648491 base_best=N base_cls_epoch=17 epoch_seconds=3.8 task_elapsed_minutes=2.1 gpu_alloc_gb=0.318 gpu_reserved_gb=1.744
[SSL] repeat=2 scope=internal_cv fold=9 epoch=34/50 ssl_loss=0.037790 lr=0.000047319 base_val_bce=0.648614 base_best=N base_cls_epoch=22 epoch_seconds=3.9 task_elapsed_minutes=2.2 gpu_alloc_gb=0.317 gpu_reserved_gb=2.008
[SSL] repeat=2 scope=internal_cv fold=9 epoch=35/50 ssl_loss=0.030884 lr=0.000042274 base_val_bce=0.643264 base_best=N base_cls_epoch=17 epoch_seconds=4.0 task_elapsed_minutes=2.3 gpu_alloc_gb=0.318 gpu_reserved_gb=1.744
[SSL] repeat=2 scope=internal_cv fold=9 epoch=36/50 ssl_loss=0.040154 lr=0.000037391 base_val_bce=0.654480 base_best=N base_cls_epoch=19 epoch_seconds=3.9 task_elapsed_minutes=2.3 gpu_alloc_gb=0.317 gpu_reserved_gb=2.008
[SSL] repeat=2 scope=internal_cv fold=9 epoch=37/50 ssl_loss=0.043351 lr=0.000032700 base_val_bce=0.655413 base_best=N base_cls_epoch=18 epoch_seconds=3.9 task_elapsed_minutes=2.4 gpu_alloc_gb=0.318 gpu_reserved_gb=1.744
[SSL] repeat=2 scope=internal_cv fold=9 epoch=38/50 ssl_loss=0.043031 lr=0.000028229 base_val_bce=0.655039 base_best=N base_cls_epoch=19 epoch_seconds=4.0 task_elapsed_minutes=2.5 gpu_alloc_gb=0.317 gpu_reserved_gb=2.008
[SSL] repeat=2 scope=internal_cv fold=9 epoch=39/50 ssl_loss=0.038470 lr=0.000024006 base_val_bce=0.656962 base_best=N base_cls_epoch=20 epoch_seconds=3.9 task_elapsed_minutes=2.5 gpu_alloc_gb=0.318 gpu_reserved_gb=1.744
CHECKPOINT_LATEST repeat=2 scope=internal_cv fold=9 phase=ssl epoch=40 path=/data/adodas/VarCoNet-V2-main/xiaolunwen/experiment1b/checkpoints/worker_r2_latest.pt
[SSL] repeat=2 scope=internal_cv fold=9 epoch=40/50 ssl_loss=0.044104 lr=0.000020058 base_val_bce=0.651284 base_best=N base_cls_epoch=18 epoch_seconds=4.2 task_elapsed_minutes=2.6 gpu_alloc_gb=0.317 gpu_reserved_gb=2.008
[SSL] repeat=2 scope=internal_cv fold=9 epoch=41/50 ssl_loss=0.032819 lr=0.000016408 base_val_bce=0.646179 base_best=N base_cls_epoch=19 epoch_seconds=3.9 task_elapsed_minutes=2.7 gpu_alloc_gb=0.318 gpu_reserved_gb=1.744
[SSL] repeat=2 scope=internal_cv fold=9 epoch=42/50 ssl_loss=0.036928 lr=0.000013079 base_val_bce=0.651616 base_best=N base_cls_epoch=20 epoch_seconds=3.8 task_elapsed_minutes=2.7 gpu_alloc_gb=0.317 gpu_reserved_gb=2.008
[SSL] repeat=2 scope=internal_cv fold=9 epoch=43/50 ssl_loss=0.036385 lr=0.000010091 base_val_bce=0.645437 base_best=N base_cls_epoch=19 epoch_seconds=3.6 task_elapsed_minutes=2.8 gpu_alloc_gb=0.318 gpu_reserved_gb=1.744
[SSL] repeat=2 scope=internal_cv fold=9 epoch=44/50 ssl_loss=0.037015 lr=0.000007464 base_val_bce=0.657283 base_best=N base_cls_epoch=20 epoch_seconds=3.3 task_elapsed_minutes=2.8 gpu_alloc_gb=0.317 gpu_reserved_gb=2.008
[SSL] repeat=2 scope=internal_cv fold=9 epoch=45/50 ssl_loss=0.035551 lr=0.000005213 base_val_bce=0.654747 base_best=N base_cls_epoch=16 epoch_seconds=2.9 task_elapsed_minutes=2.9 gpu_alloc_gb=0.318 gpu_reserved_gb=1.744
[SSL] repeat=2 scope=internal_cv fold=9 epoch=46/50 ssl_loss=0.036159 lr=0.000003352 base_val_bce=0.649023 base_best=N base_cls_epoch=20 epoch_seconds=3.4 task_elapsed_minutes=3.0 gpu_alloc_gb=0.317 gpu_reserved_gb=2.008
[SSL] repeat=2 scope=internal_cv fold=9 epoch=47/50 ssl_loss=0.034506 lr=0.000001892 base_val_bce=0.658859 base_best=N base_cls_epoch=21 epoch_seconds=4.0 task_elapsed_minutes=3.0 gpu_alloc_gb=0.318 gpu_reserved_gb=1.744
[SSL] repeat=2 scope=internal_cv fold=9 epoch=48/50 ssl_loss=0.044910 lr=0.000000843 base_val_bce=0.655480 base_best=N base_cls_epoch=17 epoch_seconds=3.4 task_elapsed_minutes=3.1 gpu_alloc_gb=0.317 gpu_reserved_gb=2.008
[SSL] repeat=2 scope=internal_cv fold=9 epoch=49/50 ssl_loss=0.041033 lr=0.000000211 base_val_bce=0.647071 base_best=N base_cls_epoch=21 epoch_seconds=3.3 task_elapsed_minutes=3.1 gpu_alloc_gb=0.318 gpu_reserved_gb=1.744
CHECKPOINT_LATEST repeat=2 scope=internal_cv fold=9 phase=ssl epoch=50 path=/data/adodas/VarCoNet-V2-main/xiaolunwen/experiment1b/checkpoints/worker_r2_latest.pt
[SSL] repeat=2 scope=internal_cv fold=9 epoch=50/50 ssl_loss=0.037433 lr=0.000000000 base_val_bce=0.649227 base_best=N base_cls_epoch=19 epoch_seconds=3.9 task_elapsed_minutes=3.2 gpu_alloc_gb=0.317 gpu_reserved_gb=2.008
CRSM_INIT repeat=2 scope=internal_cv fold=9 n_experts=2 tau=1.0 trainable_parameters=147074 hc_centroid_norm=23.201675 pca_unit_norm=1.00000000 pca_singular=144.603516 sigma_margin=1.023229 sigma_projection=6.516993 ratio=0.0100 scale=0.00157009403 epoch0_val_bce=0.632032
CHECKPOINT_LATEST repeat=2 scope=internal_cv fold=9 phase=crsm epoch=0 path=/data/adodas/VarCoNet-V2-main/xiaolunwen/experiment1b/checkpoints/worker_r2_latest.pt
CHECKPOINT_BEST repeat=2 scope=internal_cv fold=9 phase=crsm epoch=0 path=/data/adodas/VarCoNet-V2-main/xiaolunwen/experiment1b/checkpoints/worker_r2_best.pt
CHECKPOINT_LATEST repeat=2 scope=internal_cv fold=9 phase=crsm epoch=10 path=/data/adodas/VarCoNet-V2-main/xiaolunwen/experiment1b/checkpoints/worker_r2_latest.pt
[CRSM] repeat=2 scope=internal_cv fold=9 epoch=10/149 train_loss=0.330455 val_bce=0.640888 best=N best_epoch=0 mass=(0.5024,0.4976) hard=(0.5386,0.4614) entropy=0.693019 delta_l2=(0.131773,0.131115) delta_cos=0.994875 epoch_seconds=0.33
CHECKPOINT_LATEST repeat=2 scope=internal_cv fold=9 phase=crsm epoch=20 path=/data/adodas/VarCoNet-V2-main/xiaolunwen/experiment1b/checkpoints/worker_r2_latest.pt
[CRSM] repeat=2 scope=internal_cv fold=9 epoch=20/149 train_loss=0.289089 val_bce=0.657056 best=N best_epoch=0 mass=(0.5036,0.4964) hard=(0.5178,0.4822) entropy=0.692786 delta_l2=(0.252177,0.251517) delta_cos=0.995024 epoch_seconds=0.41
CHECKPOINT_LATEST repeat=2 scope=internal_cv fold=9 phase=crsm epoch=30 path=/data/adodas/VarCoNet-V2-main/xiaolunwen/experiment1b/checkpoints/worker_r2_latest.pt
[CRSM] repeat=2 scope=internal_cv fold=9 epoch=30/149 train_loss=0.259847 val_bce=0.675236 best=N best_epoch=0 mass=(0.5055,0.4945) hard=(0.4837,0.5163) entropy=0.692134 delta_l2=(0.360275,0.359563) delta_cos=0.993663 epoch_seconds=0.55
CHECKPOINT_LATEST repeat=2 scope=internal_cv fold=9 phase=crsm epoch=40 path=/data/adodas/VarCoNet-V2-main/xiaolunwen/experiment1b/checkpoints/worker_r2_latest.pt
[CRSM] repeat=2 scope=internal_cv fold=9 epoch=40/149 train_loss=0.238884 val_bce=0.693886 best=N best_epoch=0 mass=(0.5085,0.4915) hard=(0.4688,0.5312) entropy=0.690420 delta_l2=(0.456725,0.455813) delta_cos=0.990483 epoch_seconds=0.67
CHECKPOINT_LATEST repeat=2 scope=internal_cv fold=9 phase=crsm epoch=50 path=/data/adodas/VarCoNet-V2-main/xiaolunwen/experiment1b/checkpoints/worker_r2_latest.pt
[CRSM] repeat=2 scope=internal_cv fold=9 epoch=50/149 train_loss=0.223572 val_bce=0.712883 best=N best_epoch=0 mass=(0.5126,0.4874) hard=(0.4688,0.5312) entropy=0.686464 delta_l2=(0.542931,0.541600) delta_cos=0.984362 epoch_seconds=0.23
CHECKPOINT_LATEST repeat=2 scope=internal_cv fold=9 phase=crsm epoch=60 path=/data/adodas/VarCoNet-V2-main/xiaolunwen/experiment1b/checkpoints/worker_r2_latest.pt
[CRSM] repeat=2 scope=internal_cv fold=9 epoch=60/149 train_loss=0.212123 val_bce=0.732279 best=N best_epoch=0 mass=(0.5174,0.4826) hard=(0.4644,0.5356) entropy=0.679031 delta_l2=(0.620311,0.618361) delta_cos=0.973948 epoch_seconds=0.40
CHECKPOINT_LATEST repeat=2 scope=internal_cv fold=9 phase=crsm epoch=70 path=/data/adodas/VarCoNet-V2-main/xiaolunwen/experiment1b/checkpoints/worker_r2_latest.pt
[CRSM] repeat=2 scope=internal_cv fold=9 epoch=70/149 train_loss=0.203333 val_bce=0.751799 best=N best_epoch=0 mass=(0.5218,0.4782) hard=(0.4688,0.5312) entropy=0.667851 delta_l2=(0.690058,0.687567) delta_cos=0.958215 epoch_seconds=0.28
CHECKPOINT_LATEST repeat=2 scope=internal_cv fold=9 phase=crsm epoch=80 path=/data/adodas/VarCoNet-V2-main/xiaolunwen/experiment1b/checkpoints/worker_r2_latest.pt
[CRSM] repeat=2 scope=internal_cv fold=9 epoch=80/149 train_loss=0.196415 val_bce=0.771162 best=N best_epoch=0 mass=(0.5251,0.4749) hard=(0.4733,0.5267) entropy=0.653866 delta_l2=(0.753132,0.750664) delta_cos=0.937099 epoch_seconds=0.54
CHECKPOINT_LATEST repeat=2 scope=internal_cv fold=9 phase=crsm epoch=90 path=/data/adodas/VarCoNet-V2-main/xiaolunwen/experiment1b/checkpoints/worker_r2_latest.pt
[CRSM] repeat=2 scope=internal_cv fold=9 epoch=90/149 train_loss=0.190874 val_bce=0.790306 best=N best_epoch=0 mass=(0.5270,0.4730) hard=(0.4718,0.5282) entropy=0.638417 delta_l2=(0.810321,0.808856) delta_cos=0.911637 epoch_seconds=0.31
CHECKPOINT_LATEST repeat=2 scope=internal_cv fold=9 phase=crsm epoch=100 path=/data/adodas/VarCoNet-V2-main/xiaolunwen/experiment1b/checkpoints/worker_r2_latest.pt
[CRSM] repeat=2 scope=internal_cv fold=9 epoch=100/149 train_loss=0.186391 val_bce=0.809109 best=N best_epoch=0 mass=(0.5278,0.4722) hard=(0.4748,0.5252) entropy=0.622560 delta_l2=(0.862303,0.862959) delta_cos=0.883544 epoch_seconds=0.26
CHECKPOINT_LATEST repeat=2 scope=internal_cv fold=9 phase=crsm epoch=110 path=/data/adodas/VarCoNet-V2-main/xiaolunwen/experiment1b/checkpoints/worker_r2_latest.pt
[CRSM] repeat=2 scope=internal_cv fold=9 epoch=110/149 train_loss=0.182744 val_bce=0.827384 best=N best_epoch=0 mass=(0.5279,0.4721) hard=(0.4733,0.5267) entropy=0.606984 delta_l2=(0.909687,0.913457) delta_cos=0.854551 epoch_seconds=0.65
CHECKPOINT_LATEST repeat=2 scope=internal_cv fold=9 phase=crsm epoch=120 path=/data/adodas/VarCoNet-V2-main/xiaolunwen/experiment1b/checkpoints/worker_r2_latest.pt
[CRSM] repeat=2 scope=internal_cv fold=9 epoch=120/149 train_loss=0.179760 val_bce=0.845022 best=N best_epoch=0 mass=(0.5276,0.4724) hard=(0.4703,0.5297) entropy=0.592099 delta_l2=(0.953024,0.960649) delta_cos=0.825947 epoch_seconds=0.63
CHECKPOINT_LATEST repeat=2 scope=internal_cv fold=9 phase=crsm epoch=130 path=/data/adodas/VarCoNet-V2-main/xiaolunwen/experiment1b/checkpoints/worker_r2_latest.pt
[CRSM] repeat=2 scope=internal_cv fold=9 epoch=130/149 train_loss=0.177303 val_bce=0.861975 best=N best_epoch=0 mass=(0.5270,0.4730) hard=(0.4733,0.5267) entropy=0.578107 delta_l2=(0.992808,1.004771) delta_cos=0.798502 epoch_seconds=0.25
CHECKPOINT_LATEST repeat=2 scope=internal_cv fold=9 phase=crsm epoch=140 path=/data/adodas/VarCoNet-V2-main/xiaolunwen/experiment1b/checkpoints/worker_r2_latest.pt
[CRSM] repeat=2 scope=internal_cv fold=9 epoch=140/149 train_loss=0.175265 val_bce=0.878217 best=N best_epoch=0 mass=(0.5262,0.4738) hard=(0.4852,0.5148) entropy=0.565090 delta_l2=(1.029478,1.046042) delta_cos=0.772597 epoch_seconds=0.23
TASK_TRAINING_DONE repeat=2 scope=internal_cv fold=9 base_encoder_epoch=30 base_classifier_epoch=19 base_val_bce=0.632033 selected_crsm_epoch=0 crsm_val_bce=0.632032 treatment_threshold=0.486094 elapsed_minutes=3.3
TASK_DONE repeat=2 scope=internal_fold fold=9 method=baseline selected_encoder_epoch=30 test_auc=0.648158 test_bce=0.652515 elapsed_minutes=3.3
TASK_DONE repeat=2 scope=internal_fold fold=9 method=control_referenced_soft_multiboundary selected_encoder_epoch=30 test_auc=0.648158 test_bce=0.652514 elapsed_minutes=3.3
TASK_START repeat=2 scope=external fold=external seed=200002 device=cuda:0 shared_encoder=Y reference_unique_n=793 train_n=869 val_n=89
CHECKPOINT_BEST repeat=2 scope=external fold=external phase=ssl epoch=1 path=/data/adodas/VarCoNet-V2-main/xiaolunwen/experiment1b/checkpoints/worker_r2_best.pt
[SSL] repeat=2 scope=external fold=external epoch=1/50 ssl_loss=0.133280 lr=0.000024107 base_val_bce=0.615912 base_best=Y base_cls_epoch=18 epoch_seconds=4.6 task_elapsed_minutes=0.1 gpu_alloc_gb=0.342 gpu_reserved_gb=1.744
[SSL] repeat=2 scope=external fold=external epoch=2/50 ssl_loss=0.101282 lr=0.000038214 base_val_bce=0.642809 base_best=N base_cls_epoch=17 epoch_seconds=4.3 task_elapsed_minutes=0.2 gpu_alloc_gb=0.342 gpu_reserved_gb=1.744
[SSL] repeat=2 scope=external fold=external epoch=3/50 ssl_loss=0.080598 lr=0.000052321 base_val_bce=0.629765 base_best=N base_cls_epoch=14 epoch_seconds=4.4 task_elapsed_minutes=0.2 gpu_alloc_gb=0.342 gpu_reserved_gb=1.744
[SSL] repeat=2 scope=external fold=external epoch=4/50 ssl_loss=0.087315 lr=0.000066427 base_val_bce=0.628811 base_best=N base_cls_epoch=15 epoch_seconds=4.3 task_elapsed_minutes=0.3 gpu_alloc_gb=0.342 gpu_reserved_gb=1.744
[SSL] repeat=2 scope=external fold=external epoch=5/50 ssl_loss=0.077653 lr=0.000080534 base_val_bce=0.616011 base_best=N base_cls_epoch=18 epoch_seconds=4.3 task_elapsed_minutes=0.4 gpu_alloc_gb=0.342 gpu_reserved_gb=1.744
[SSL] repeat=2 scope=external fold=external epoch=6/50 ssl_loss=0.076642 lr=0.000094641 base_val_bce=0.635302 base_best=N base_cls_epoch=20 epoch_seconds=4.5 task_elapsed_minutes=0.4 gpu_alloc_gb=0.342 gpu_reserved_gb=1.744
[SSL] repeat=2 scope=external fold=external epoch=7/50 ssl_loss=0.071304 lr=0.000108748 base_val_bce=0.628169 base_best=N base_cls_epoch=14 epoch_seconds=4.3 task_elapsed_minutes=0.5 gpu_alloc_gb=0.342 gpu_reserved_gb=1.744
[SSL] repeat=2 scope=external fold=external epoch=8/50 ssl_loss=0.063334 lr=0.000122855 base_val_bce=0.638887 base_best=N base_cls_epoch=16 epoch_seconds=4.6 task_elapsed_minutes=0.6 gpu_alloc_gb=0.342 gpu_reserved_gb=1.744
[SSL] repeat=2 scope=external fold=external epoch=9/50 ssl_loss=0.055424 lr=0.000136962 base_val_bce=0.631573 base_best=N base_cls_epoch=21 epoch_seconds=3.6 task_elapsed_minutes=0.6 gpu_alloc_gb=0.342 gpu_reserved_gb=1.744
CHECKPOINT_LATEST repeat=2 scope=external fold=external phase=ssl epoch=10 path=/data/adodas/VarCoNet-V2-main/xiaolunwen/experiment1b/checkpoints/worker_r2_latest.pt
[SSL] repeat=2 scope=external fold=external epoch=10/50 ssl_loss=0.064319 lr=0.000136962 base_val_bce=0.634876 base_best=N base_cls_epoch=29 epoch_seconds=5.2 task_elapsed_minutes=0.7 gpu_alloc_gb=0.342 gpu_reserved_gb=1.744
[SSL] repeat=2 scope=external fold=external epoch=11/50 ssl_loss=0.044992 lr=0.000136751 base_val_bce=0.640802 base_best=N base_cls_epoch=30 epoch_seconds=4.5 task_elapsed_minutes=0.8 gpu_alloc_gb=0.342 gpu_reserved_gb=1.744
[SSL] repeat=2 scope=external fold=external epoch=12/50 ssl_loss=0.057095 lr=0.000136119 base_val_bce=0.631292 base_best=N base_cls_epoch=29 epoch_seconds=4.4 task_elapsed_minutes=0.9 gpu_alloc_gb=0.342 gpu_reserved_gb=1.744
[SSL] repeat=2 scope=external fold=external epoch=13/50 ssl_loss=0.048899 lr=0.000135070 base_val_bce=0.635471 base_best=N base_cls_epoch=26 epoch_seconds=3.9 task_elapsed_minutes=0.9 gpu_alloc_gb=0.342 gpu_reserved_gb=1.744
[SSL] repeat=2 scope=external fold=external epoch=14/50 ssl_loss=0.046576 lr=0.000133610 base_val_bce=0.637452 base_best=N base_cls_epoch=30 epoch_seconds=4.1 task_elapsed_minutes=1.0 gpu_alloc_gb=0.342 gpu_reserved_gb=1.744
CHECKPOINT_BEST repeat=2 scope=external fold=external phase=ssl epoch=15 path=/data/adodas/VarCoNet-V2-main/xiaolunwen/experiment1b/checkpoints/worker_r2_best.pt
[SSL] repeat=2 scope=external fold=external epoch=15/50 ssl_loss=0.061867 lr=0.000131749 base_val_bce=0.615872 base_best=Y base_cls_epoch=27 epoch_seconds=4.7 task_elapsed_minutes=1.1 gpu_alloc_gb=0.342 gpu_reserved_gb=1.744
[SSL] repeat=2 scope=external fold=external epoch=16/50 ssl_loss=0.047176 lr=0.000129498 base_val_bce=0.628537 base_best=N base_cls_epoch=33 epoch_seconds=4.4 task_elapsed_minutes=1.2 gpu_alloc_gb=0.342 gpu_reserved_gb=1.744
[SSL] repeat=2 scope=external fold=external epoch=17/50 ssl_loss=0.053273 lr=0.000126870 base_val_bce=0.636958 base_best=N base_cls_epoch=29 epoch_seconds=4.6 task_elapsed_minutes=1.2 gpu_alloc_gb=0.342 gpu_reserved_gb=1.744
[SSL] repeat=2 scope=external fold=external epoch=18/50 ssl_loss=0.055096 lr=0.000123883 base_val_bce=0.628854 base_best=N base_cls_epoch=29 epoch_seconds=4.5 task_elapsed_minutes=1.3 gpu_alloc_gb=0.342 gpu_reserved_gb=1.744
[SSL] repeat=2 scope=external fold=external epoch=19/50 ssl_loss=0.046502 lr=0.000120554 base_val_bce=0.626183 base_best=N base_cls_epoch=34 epoch_seconds=4.4 task_elapsed_minutes=1.4 gpu_alloc_gb=0.342 gpu_reserved_gb=1.744
CHECKPOINT_LATEST repeat=2 scope=external fold=external phase=ssl epoch=20 path=/data/adodas/VarCoNet-V2-main/xiaolunwen/experiment1b/checkpoints/worker_r2_latest.pt
[SSL] repeat=2 scope=external fold=external epoch=20/50 ssl_loss=0.039390 lr=0.000116904 base_val_bce=0.633910 base_best=N base_cls_epoch=40 epoch_seconds=4.2 task_elapsed_minutes=1.5 gpu_alloc_gb=0.342 gpu_reserved_gb=1.744
[SSL] repeat=2 scope=external fold=external epoch=21/50 ssl_loss=0.053072 lr=0.000112956 base_val_bce=0.636090 base_best=N base_cls_epoch=34 epoch_seconds=4.3 task_elapsed_minutes=1.5 gpu_alloc_gb=0.342 gpu_reserved_gb=1.744
[SSL] repeat=2 scope=external fold=external epoch=22/50 ssl_loss=0.048230 lr=0.000108733 base_val_bce=0.641635 base_best=N base_cls_epoch=38 epoch_seconds=4.3 task_elapsed_minutes=1.6 gpu_alloc_gb=0.342 gpu_reserved_gb=1.744
[SSL] repeat=2 scope=external fold=external epoch=23/50 ssl_loss=0.036472 lr=0.000104262 base_val_bce=0.639269 base_best=N base_cls_epoch=39 epoch_seconds=4.5 task_elapsed_minutes=1.7 gpu_alloc_gb=0.342 gpu_reserved_gb=1.744
CHECKPOINT_BEST repeat=2 scope=external fold=external phase=ssl epoch=24 path=/data/adodas/VarCoNet-V2-main/xiaolunwen/experiment1b/checkpoints/worker_r2_best.pt
[SSL] repeat=2 scope=external fold=external epoch=24/50 ssl_loss=0.042907 lr=0.000099570 base_val_bce=0.614421 base_best=Y base_cls_epoch=41 epoch_seconds=7.2 task_elapsed_minutes=1.7 gpu_alloc_gb=0.342 gpu_reserved_gb=1.744
[SSL] repeat=2 scope=external fold=external epoch=25/50 ssl_loss=0.043907 lr=0.000094687 base_val_bce=0.629872 base_best=N base_cls_epoch=39 epoch_seconds=3.8 task_elapsed_minutes=1.9 gpu_alloc_gb=0.342 gpu_reserved_gb=1.744
[SSL] repeat=2 scope=external fold=external epoch=26/50 ssl_loss=0.048429 lr=0.000089643 base_val_bce=0.626199 base_best=N base_cls_epoch=37 epoch_seconds=4.1 task_elapsed_minutes=1.9 gpu_alloc_gb=0.342 gpu_reserved_gb=1.744
[SSL] repeat=2 scope=external fold=external epoch=27/50 ssl_loss=0.050134 lr=0.000084467 base_val_bce=0.637437 base_best=N base_cls_epoch=36 epoch_seconds=5.2 task_elapsed_minutes=2.0 gpu_alloc_gb=0.342 gpu_reserved_gb=1.744
[SSL] repeat=2 scope=external fold=external epoch=28/50 ssl_loss=0.046404 lr=0.000079194 base_val_bce=0.624108 base_best=N base_cls_epoch=37 epoch_seconds=3.2 task_elapsed_minutes=2.1 gpu_alloc_gb=0.342 gpu_reserved_gb=1.744
[SSL] repeat=2 scope=external fold=external epoch=29/50 ssl_loss=0.054148 lr=0.000073854 base_val_bce=0.626904 base_best=N base_cls_epoch=42 epoch_seconds=4.3 task_elapsed_minutes=2.1 gpu_alloc_gb=0.342 gpu_reserved_gb=1.744
CHECKPOINT_LATEST repeat=2 scope=external fold=external phase=ssl epoch=30 path=/data/adodas/VarCoNet-V2-main/xiaolunwen/experiment1b/checkpoints/worker_r2_latest.pt
[SSL] repeat=2 scope=external fold=external epoch=30/50 ssl_loss=0.040300 lr=0.000068481 base_val_bce=0.616429 base_best=N base_cls_epoch=37 epoch_seconds=16.6 task_elapsed_minutes=2.2 gpu_alloc_gb=0.342 gpu_reserved_gb=1.744
[SSL] repeat=2 scope=external fold=external epoch=31/50 ssl_loss=0.038310 lr=0.000063108 base_val_bce=0.630648 base_best=N base_cls_epoch=40 epoch_seconds=4.7 task_elapsed_minutes=2.5 gpu_alloc_gb=0.342 gpu_reserved_gb=1.744
[SSL] repeat=2 scope=external fold=external epoch=32/50 ssl_loss=0.049262 lr=0.000057768 base_val_bce=0.618103 base_best=N base_cls_epoch=41 epoch_seconds=3.1 task_elapsed_minutes=2.6 gpu_alloc_gb=0.342 gpu_reserved_gb=1.744
[SSL] repeat=2 scope=external fold=external epoch=33/50 ssl_loss=0.039128 lr=0.000052494 base_val_bce=0.617789 base_best=N base_cls_epoch=43 epoch_seconds=3.7 task_elapsed_minutes=2.6 gpu_alloc_gb=0.342 gpu_reserved_gb=1.744
[SSL] repeat=2 scope=external fold=external epoch=34/50 ssl_loss=0.039819 lr=0.000047319 base_val_bce=0.627971 base_best=N base_cls_epoch=38 epoch_seconds=4.0 task_elapsed_minutes=2.7 gpu_alloc_gb=0.342 gpu_reserved_gb=1.744
[SSL] repeat=2 scope=external fold=external epoch=35/50 ssl_loss=0.042406 lr=0.000042274 base_val_bce=0.619546 base_best=N base_cls_epoch=41 epoch_seconds=4.0 task_elapsed_minutes=2.8 gpu_alloc_gb=0.342 gpu_reserved_gb=1.744
[SSL] repeat=2 scope=external fold=external epoch=36/50 ssl_loss=0.044006 lr=0.000037391 base_val_bce=0.630745 base_best=N base_cls_epoch=41 epoch_seconds=4.1 task_elapsed_minutes=2.8 gpu_alloc_gb=0.342 gpu_reserved_gb=1.744
[SSL] repeat=2 scope=external fold=external epoch=37/50 ssl_loss=0.038816 lr=0.000032700 base_val_bce=0.640713 base_best=N base_cls_epoch=39 epoch_seconds=3.1 task_elapsed_minutes=2.9 gpu_alloc_gb=0.342 gpu_reserved_gb=1.744
[SSL] repeat=2 scope=external fold=external epoch=38/50 ssl_loss=0.051460 lr=0.000028229 base_val_bce=0.615298 base_best=N base_cls_epoch=39 epoch_seconds=3.0 task_elapsed_minutes=2.9 gpu_alloc_gb=0.342 gpu_reserved_gb=1.744
[SSL] repeat=2 scope=external fold=external epoch=39/50 ssl_loss=0.042745 lr=0.000024006 base_val_bce=0.624927 base_best=N base_cls_epoch=38 epoch_seconds=5.3 task_elapsed_minutes=3.0 gpu_alloc_gb=0.342 gpu_reserved_gb=1.744
CHECKPOINT_LATEST repeat=2 scope=external fold=external phase=ssl epoch=40 path=/data/adodas/VarCoNet-V2-main/xiaolunwen/experiment1b/checkpoints/worker_r2_latest.pt
[SSL] repeat=2 scope=external fold=external epoch=40/50 ssl_loss=0.046466 lr=0.000020058 base_val_bce=0.622633 base_best=N base_cls_epoch=41 epoch_seconds=11.3 task_elapsed_minutes=3.1 gpu_alloc_gb=0.342 gpu_reserved_gb=1.744
[SSL] repeat=2 scope=external fold=external epoch=41/50 ssl_loss=0.033324 lr=0.000016408 base_val_bce=0.630308 base_best=N base_cls_epoch=38 epoch_seconds=5.5 task_elapsed_minutes=3.3 gpu_alloc_gb=0.342 gpu_reserved_gb=1.744
[SSL] repeat=2 scope=external fold=external epoch=42/50 ssl_loss=0.038813 lr=0.000013079 base_val_bce=0.626786 base_best=N base_cls_epoch=40 epoch_seconds=3.1 task_elapsed_minutes=3.3 gpu_alloc_gb=0.342 gpu_reserved_gb=1.744
[SSL] repeat=2 scope=external fold=external epoch=43/50 ssl_loss=0.043192 lr=0.000010091 base_val_bce=0.623869 base_best=N base_cls_epoch=36 epoch_seconds=5.7 task_elapsed_minutes=3.4 gpu_alloc_gb=0.342 gpu_reserved_gb=1.744
[SSL] repeat=2 scope=external fold=external epoch=44/50 ssl_loss=0.036856 lr=0.000007464 base_val_bce=0.617342 base_best=N base_cls_epoch=44 epoch_seconds=8.5 task_elapsed_minutes=3.6 gpu_alloc_gb=0.342 gpu_reserved_gb=1.744
[SSL] repeat=2 scope=external fold=external epoch=45/50 ssl_loss=0.035113 lr=0.000005213 base_val_bce=0.626615 base_best=N base_cls_epoch=45 epoch_seconds=3.3 task_elapsed_minutes=3.6 gpu_alloc_gb=0.342 gpu_reserved_gb=1.744
[SSL] repeat=2 scope=external fold=external epoch=46/50 ssl_loss=0.036773 lr=0.000003352 base_val_bce=0.616963 base_best=N base_cls_epoch=40 epoch_seconds=4.1 task_elapsed_minutes=3.7 gpu_alloc_gb=0.342 gpu_reserved_gb=1.744
[SSL] repeat=2 scope=external fold=external epoch=47/50 ssl_loss=0.037768 lr=0.000001892 base_val_bce=0.623117 base_best=N base_cls_epoch=41 epoch_seconds=2.1 task_elapsed_minutes=3.7 gpu_alloc_gb=0.342 gpu_reserved_gb=1.744
[SSL] repeat=2 scope=external fold=external epoch=48/50 ssl_loss=0.040557 lr=0.000000843 base_val_bce=0.622487 base_best=N base_cls_epoch=38 epoch_seconds=2.0 task_elapsed_minutes=3.8 gpu_alloc_gb=0.342 gpu_reserved_gb=1.744
[SSL] repeat=2 scope=external fold=external epoch=49/50 ssl_loss=0.033827 lr=0.000000211 base_val_bce=0.634605 base_best=N base_cls_epoch=43 epoch_seconds=2.1 task_elapsed_minutes=3.8 gpu_alloc_gb=0.342 gpu_reserved_gb=1.744
CHECKPOINT_LATEST repeat=2 scope=external fold=external phase=ssl epoch=50 path=/data/adodas/VarCoNet-V2-main/xiaolunwen/experiment1b/checkpoints/worker_r2_latest.pt
[SSL] repeat=2 scope=external fold=external epoch=50/50 ssl_loss=0.036378 lr=0.000000000 base_val_bce=0.623000 base_best=N base_cls_epoch=41 epoch_seconds=6.2 task_elapsed_minutes=3.8 gpu_alloc_gb=0.342 gpu_reserved_gb=1.744
CRSM_INIT repeat=2 scope=external fold=external n_experts=2 tau=1.0 trainable_parameters=147074 hc_centroid_norm=23.289001 pca_unit_norm=1.00000000 pca_singular=154.328476 sigma_margin=1.505341 sigma_projection=6.482777 ratio=0.0100 scale=0.00232206215 epoch0_val_bce=0.614431
CHECKPOINT_LATEST repeat=2 scope=external fold=external phase=crsm epoch=0 path=/data/adodas/VarCoNet-V2-main/xiaolunwen/experiment1b/checkpoints/worker_r2_latest.pt
CHECKPOINT_BEST repeat=2 scope=external fold=external phase=crsm epoch=0 path=/data/adodas/VarCoNet-V2-main/xiaolunwen/experiment1b/checkpoints/worker_r2_best.pt
CHECKPOINT_LATEST repeat=2 scope=external fold=external phase=crsm epoch=10 path=/data/adodas/VarCoNet-V2-main/xiaolunwen/experiment1b/checkpoints/worker_r2_latest.pt
[CRSM] repeat=2 scope=external fold=external epoch=10/149 train_loss=0.211655 val_bce=0.621965 best=N best_epoch=0 mass=(0.5033,0.4967) hard=(0.5246,0.4754) entropy=0.692866 delta_l2=(0.130775,0.129570) delta_cos=0.991020 epoch_seconds=7.31
CHECKPOINT_LATEST repeat=2 scope=external fold=external phase=crsm epoch=20 path=/data/adodas/VarCoNet-V2-main/xiaolunwen/experiment1b/checkpoints/worker_r2_latest.pt
[CRSM] repeat=2 scope=external fold=external epoch=20/149 train_loss=0.186401 val_bce=0.634780 best=N best_epoch=0 mass=(0.5047,0.4953) hard=(0.4931,0.5069) entropy=0.692453 delta_l2=(0.249725,0.248657) delta_cos=0.991659 epoch_seconds=4.24
CHECKPOINT_LATEST repeat=2 scope=external fold=external phase=crsm epoch=30 path=/data/adodas/VarCoNet-V2-main/xiaolunwen/experiment1b/checkpoints/worker_r2_latest.pt
[CRSM] repeat=2 scope=external fold=external epoch=30/149 train_loss=0.168082 val_bce=0.648520 best=N best_epoch=0 mass=(0.5068,0.4932) hard=(0.4792,0.5208) entropy=0.691418 delta_l2=(0.357984,0.356888) delta_cos=0.989441 epoch_seconds=9.16
CHECKPOINT_LATEST repeat=2 scope=external fold=external phase=crsm epoch=40 path=/data/adodas/VarCoNet-V2-main/xiaolunwen/experiment1b/checkpoints/worker_r2_latest.pt
[CRSM] repeat=2 scope=external fold=external epoch=40/149 train_loss=0.154608 val_bce=0.663058 best=N best_epoch=0 mass=(0.5099,0.4901) hard=(0.4641,0.5359) entropy=0.688809 delta_l2=(0.455772,0.454447) delta_cos=0.984139 epoch_seconds=14.43
CHECKPOINT_LATEST repeat=2 scope=external fold=external phase=crsm epoch=50 path=/data/adodas/VarCoNet-V2-main/xiaolunwen/experiment1b/checkpoints/worker_r2_latest.pt
[CRSM] repeat=2 scope=external fold=external epoch=50/149 train_loss=0.144527 val_bce=0.678356 best=N best_epoch=0 mass=(0.5138,0.4862) hard=(0.4590,0.5410) entropy=0.683182 delta_l2=(0.544019,0.542247) delta_cos=0.974427 epoch_seconds=15.93
CHECKPOINT_LATEST repeat=2 scope=external fold=external phase=crsm epoch=60 path=/data/adodas/VarCoNet-V2-main/xiaolunwen/experiment1b/checkpoints/worker_r2_latest.pt
[CRSM] repeat=2 scope=external fold=external epoch=60/149 train_loss=0.136822 val_bce=0.693713 best=N best_epoch=0 mass=(0.5177,0.4823) hard=(0.4477,0.5523) entropy=0.673618 delta_l2=(0.623759,0.621540) delta_cos=0.959057 epoch_seconds=5.10
CHECKPOINT_LATEST repeat=2 scope=external fold=external phase=crsm epoch=70 path=/data/adodas/VarCoNet-V2-main/xiaolunwen/experiment1b/checkpoints/worker_r2_latest.pt
[CRSM] repeat=2 scope=external fold=external epoch=70/149 train_loss=0.130805 val_bce=0.709084 best=N best_epoch=0 mass=(0.5204,0.4796) hard=(0.4552,0.5448) entropy=0.660583 delta_l2=(0.695897,0.693720) delta_cos=0.937654 epoch_seconds=17.96
CHECKPOINT_LATEST repeat=2 scope=external fold=external phase=crsm epoch=80 path=/data/adodas/VarCoNet-V2-main/xiaolunwen/experiment1b/checkpoints/worker_r2_latest.pt
[CRSM] repeat=2 scope=external fold=external epoch=80/149 train_loss=0.126024 val_bce=0.724299 best=N best_epoch=0 mass=(0.5216,0.4784) hard=(0.4590,0.5410) entropy=0.645453 delta_l2=(0.761170,0.760136) delta_cos=0.911114 epoch_seconds=9.94
CHECKPOINT_LATEST repeat=2 scope=external fold=external phase=crsm epoch=90 path=/data/adodas/VarCoNet-V2-main/xiaolunwen/experiment1b/checkpoints/worker_r2_latest.pt
[CRSM] repeat=2 scope=external fold=external epoch=90/149 train_loss=0.122181 val_bce=0.739042 best=N best_epoch=0 mass=(0.5215,0.4785) hard=(0.4603,0.5397) entropy=0.629427 delta_l2=(0.820226,0.821862) delta_cos=0.881146 epoch_seconds=8.92
CHECKPOINT_LATEST repeat=2 scope=external fold=external phase=crsm epoch=100 path=/data/adodas/VarCoNet-V2-main/xiaolunwen/experiment1b/checkpoints/worker_r2_latest.pt
[CRSM] repeat=2 scope=external fold=external epoch=100/149 train_loss=0.119069 val_bce=0.753273 best=N best_epoch=0 mass=(0.5205,0.4795) hard=(0.4540,0.5460) entropy=0.613228 delta_l2=(0.873714,0.879597) delta_cos=0.849578 epoch_seconds=6.11
CHECKPOINT_LATEST repeat=2 scope=external fold=external phase=crsm epoch=110 path=/data/adodas/VarCoNet-V2-main/xiaolunwen/experiment1b/checkpoints/worker_r2_latest.pt
[CRSM] repeat=2 scope=external fold=external epoch=110/149 train_loss=0.116535 val_bce=0.766948 best=N best_epoch=0 mass=(0.5192,0.4808) hard=(0.4641,0.5359) entropy=0.597380 delta_l2=(0.922270,0.933741) delta_cos=0.817923 epoch_seconds=5.89
CHECKPOINT_LATEST repeat=2 scope=external fold=external phase=crsm epoch=120 path=/data/adodas/VarCoNet-V2-main/xiaolunwen/experiment1b/checkpoints/worker_r2_latest.pt
[CRSM] repeat=2 scope=external fold=external epoch=120/149 train_loss=0.114461 val_bce=0.780064 best=N best_epoch=0 mass=(0.5177,0.4823) hard=(0.4653,0.5347) entropy=0.582257 delta_l2=(0.966496,0.984532) delta_cos=0.787218 epoch_seconds=14.47
CHECKPOINT_LATEST repeat=2 scope=external fold=external phase=crsm epoch=130 path=/data/adodas/VarCoNet-V2-main/xiaolunwen/experiment1b/checkpoints/worker_r2_latest.pt
[CRSM] repeat=2 scope=external fold=external epoch=130/149 train_loss=0.112752 val_bce=0.792690 best=N best_epoch=0 mass=(0.5162,0.4838) hard=(0.4716,0.5284) entropy=0.568051 delta_l2=(1.006943,1.032156) delta_cos=0.758070 epoch_seconds=10.66
CHECKPOINT_LATEST repeat=2 scope=external fold=external phase=crsm epoch=140 path=/data/adodas/VarCoNet-V2-main/xiaolunwen/experiment1b/checkpoints/worker_r2_latest.pt
[CRSM] repeat=2 scope=external fold=external epoch=140/149 train_loss=0.111335 val_bce=0.804864 best=N best_epoch=0 mass=(0.5148,0.4852) hard=(0.4678,0.5322) entropy=0.554848 delta_l2=(1.044104,1.076796) delta_cos=0.730770 epoch_seconds=6.12
TASK_TRAINING_DONE repeat=2 scope=external fold=external base_encoder_epoch=24 base_classifier_epoch=41 base_val_bce=0.614421 selected_crsm_epoch=0 crsm_val_bce=0.614431 treatment_threshold=0.481105 elapsed_minutes=6.4
TASK_DONE repeat=2 scope=caltech fold=external method=baseline selected_encoder_epoch=24 test_auc=0.687135 test_bce=0.621776 elapsed_minutes=6.4
TASK_DONE repeat=2 scope=abide2 fold=external method=baseline selected_encoder_epoch=24 test_auc=0.727749 test_bce=0.608324 elapsed_minutes=6.4
TASK_DONE repeat=2 scope=caltech fold=external method=control_referenced_soft_multiboundary selected_encoder_epoch=24 test_auc=0.687135 test_bce=0.621768 elapsed_minutes=6.4
TASK_DONE repeat=2 scope=abide2 fold=external method=control_referenced_soft_multiboundary selected_encoder_epoch=24 test_auc=0.727749 test_bce=0.608325 elapsed_minutes=6.4
REPEAT_DONE repeat=2 status=PASS rows=26
