REPEAT_START repeat=3 device=cuda:0 tasks=11
TASK_START repeat=3 scope=internal_cv fold=0 seed=100300 device=cuda:0 shared_encoder=Y reference_unique_n=674 train_n=750 val_n=119
/usr/local/lib/python3.12/site-packages/torch/autograd/graph.py:841: UserWarning: Memory Efficient attention defaults to a non-deterministic algorithm. To explicitly enable determinism call torch.use_deterministic_algorithms(True, warn_only=False). (Triggered internally at /job_4065109/source/pytorch/aten/src/ATen/native/transformers/cuda/ppu/xformers/xformers/csrc/attention/cuda/fmha/attention_backward_generic.cu:487.)
  return Variable._execution_engine.run_backward(  # Calls into the C++ engine to run the backward pass
/usr/local/lib/python3.12/site-packages/torch/nn/modules/transformer.py:515: UserWarning: The PyTorch API of nested tensors is in prototype stage and will change in the near future. We recommend specifying layout=torch.jagged when constructing a nested tensor, as this layout receives active development, has better operator coverage, and works with torch.compile. (Triggered internally at ../aten/src/ATen/NestedTensorImpl.cpp:178.)
  output = torch._nested_tensor_from_mask(
CHECKPOINT_BEST repeat=3 scope=internal_cv fold=0 phase=ssl epoch=1 path=/data/adodas/VarCoNet-V2-main/xiaolunwen/experiment1b/checkpoints/worker_r3_best.pt
[SSL] repeat=3 scope=internal_cv fold=0 epoch=1/50 ssl_loss=0.105054 lr=0.000024107 base_val_bce=0.623647 base_best=Y base_cls_epoch=53 epoch_seconds=8.7 task_elapsed_minutes=0.2 gpu_alloc_gb=0.318 gpu_reserved_gb=1.939
CHECKPOINT_BEST repeat=3 scope=internal_cv fold=0 phase=ssl epoch=2 path=/data/adodas/VarCoNet-V2-main/xiaolunwen/experiment1b/checkpoints/worker_r3_best.pt
[SSL] repeat=3 scope=internal_cv fold=0 epoch=2/50 ssl_loss=0.108009 lr=0.000038214 base_val_bce=0.620501 base_best=Y base_cls_epoch=52 epoch_seconds=4.0 task_elapsed_minutes=0.2 gpu_alloc_gb=0.318 gpu_reserved_gb=1.793
[SSL] repeat=3 scope=internal_cv fold=0 epoch=3/50 ssl_loss=0.077307 lr=0.000052321 base_val_bce=0.621036 base_best=N base_cls_epoch=46 epoch_seconds=3.7 task_elapsed_minutes=0.3 gpu_alloc_gb=0.318 gpu_reserved_gb=1.793
CHECKPOINT_BEST repeat=3 scope=internal_cv fold=0 phase=ssl epoch=4 path=/data/adodas/VarCoNet-V2-main/xiaolunwen/experiment1b/checkpoints/worker_r3_best.pt
[SSL] repeat=3 scope=internal_cv fold=0 epoch=4/50 ssl_loss=0.089045 lr=0.000066427 base_val_bce=0.605807 base_best=Y base_cls_epoch=47 epoch_seconds=4.1 task_elapsed_minutes=0.4 gpu_alloc_gb=0.318 gpu_reserved_gb=1.793
[SSL] repeat=3 scope=internal_cv fold=0 epoch=5/50 ssl_loss=0.076299 lr=0.000080534 base_val_bce=0.612284 base_best=N base_cls_epoch=52 epoch_seconds=3.7 task_elapsed_minutes=0.4 gpu_alloc_gb=0.318 gpu_reserved_gb=1.793
CHECKPOINT_BEST repeat=3 scope=internal_cv fold=0 phase=ssl epoch=6 path=/data/adodas/VarCoNet-V2-main/xiaolunwen/experiment1b/checkpoints/worker_r3_best.pt
[SSL] repeat=3 scope=internal_cv fold=0 epoch=6/50 ssl_loss=0.061067 lr=0.000094641 base_val_bce=0.602203 base_best=Y base_cls_epoch=45 epoch_seconds=4.0 task_elapsed_minutes=0.5 gpu_alloc_gb=0.318 gpu_reserved_gb=1.793
CHECKPOINT_BEST repeat=3 scope=internal_cv fold=0 phase=ssl epoch=7 path=/data/adodas/VarCoNet-V2-main/xiaolunwen/experiment1b/checkpoints/worker_r3_best.pt
[SSL] repeat=3 scope=internal_cv fold=0 epoch=7/50 ssl_loss=0.077702 lr=0.000108748 base_val_bce=0.599777 base_best=Y base_cls_epoch=49 epoch_seconds=4.1 task_elapsed_minutes=0.6 gpu_alloc_gb=0.318 gpu_reserved_gb=1.793
[SSL] repeat=3 scope=internal_cv fold=0 epoch=8/50 ssl_loss=0.051182 lr=0.000122855 base_val_bce=0.601156 base_best=N base_cls_epoch=61 epoch_seconds=3.9 task_elapsed_minutes=0.6 gpu_alloc_gb=0.318 gpu_reserved_gb=1.793
CHECKPOINT_BEST repeat=3 scope=internal_cv fold=0 phase=ssl epoch=9 path=/data/adodas/VarCoNet-V2-main/xiaolunwen/experiment1b/checkpoints/worker_r3_best.pt
[SSL] repeat=3 scope=internal_cv fold=0 epoch=9/50 ssl_loss=0.057223 lr=0.000136962 base_val_bce=0.599066 base_best=Y base_cls_epoch=52 epoch_seconds=4.1 task_elapsed_minutes=0.7 gpu_alloc_gb=0.318 gpu_reserved_gb=1.793
CHECKPOINT_BEST repeat=3 scope=internal_cv fold=0 phase=ssl epoch=10 path=/data/adodas/VarCoNet-V2-main/xiaolunwen/experiment1b/checkpoints/worker_r3_best.pt
CHECKPOINT_LATEST repeat=3 scope=internal_cv fold=0 phase=ssl epoch=10 path=/data/adodas/VarCoNet-V2-main/xiaolunwen/experiment1b/checkpoints/worker_r3_latest.pt
[SSL] repeat=3 scope=internal_cv fold=0 epoch=10/50 ssl_loss=0.052649 lr=0.000136962 base_val_bce=0.597688 base_best=Y base_cls_epoch=52 epoch_seconds=4.4 task_elapsed_minutes=0.8 gpu_alloc_gb=0.318 gpu_reserved_gb=1.793
CHECKPOINT_BEST repeat=3 scope=internal_cv fold=0 phase=ssl epoch=11 path=/data/adodas/VarCoNet-V2-main/xiaolunwen/experiment1b/checkpoints/worker_r3_best.pt
[SSL] repeat=3 scope=internal_cv fold=0 epoch=11/50 ssl_loss=0.058980 lr=0.000136751 base_val_bce=0.593669 base_best=Y base_cls_epoch=55 epoch_seconds=4.0 task_elapsed_minutes=0.8 gpu_alloc_gb=0.318 gpu_reserved_gb=1.793
CHECKPOINT_BEST repeat=3 scope=internal_cv fold=0 phase=ssl epoch=12 path=/data/adodas/VarCoNet-V2-main/xiaolunwen/experiment1b/checkpoints/worker_r3_best.pt
[SSL] repeat=3 scope=internal_cv fold=0 epoch=12/50 ssl_loss=0.041211 lr=0.000136119 base_val_bce=0.588233 base_best=Y base_cls_epoch=52 epoch_seconds=4.0 task_elapsed_minutes=0.9 gpu_alloc_gb=0.318 gpu_reserved_gb=1.793
[SSL] repeat=3 scope=internal_cv fold=0 epoch=13/50 ssl_loss=0.039213 lr=0.000135070 base_val_bce=0.590360 base_best=N base_cls_epoch=58 epoch_seconds=3.7 task_elapsed_minutes=1.0 gpu_alloc_gb=0.318 gpu_reserved_gb=1.793
[SSL] repeat=3 scope=internal_cv fold=0 epoch=14/50 ssl_loss=0.044745 lr=0.000133610 base_val_bce=0.598621 base_best=N base_cls_epoch=56 epoch_seconds=4.7 task_elapsed_minutes=1.1 gpu_alloc_gb=0.318 gpu_reserved_gb=1.793
CHECKPOINT_BEST repeat=3 scope=internal_cv fold=0 phase=ssl epoch=15 path=/data/adodas/VarCoNet-V2-main/xiaolunwen/experiment1b/checkpoints/worker_r3_best.pt
[SSL] repeat=3 scope=internal_cv fold=0 epoch=15/50 ssl_loss=0.040809 lr=0.000131749 base_val_bce=0.585281 base_best=Y base_cls_epoch=53 epoch_seconds=4.3 task_elapsed_minutes=1.1 gpu_alloc_gb=0.318 gpu_reserved_gb=1.793
[SSL] repeat=3 scope=internal_cv fold=0 epoch=16/50 ssl_loss=0.053968 lr=0.000129498 base_val_bce=0.593380 base_best=N base_cls_epoch=55 epoch_seconds=5.6 task_elapsed_minutes=1.2 gpu_alloc_gb=0.318 gpu_reserved_gb=1.793
CHECKPOINT_BEST repeat=3 scope=internal_cv fold=0 phase=ssl epoch=17 path=/data/adodas/VarCoNet-V2-main/xiaolunwen/experiment1b/checkpoints/worker_r3_best.pt
[SSL] repeat=3 scope=internal_cv fold=0 epoch=17/50 ssl_loss=0.047249 lr=0.000126870 base_val_bce=0.583452 base_best=Y base_cls_epoch=57 epoch_seconds=8.0 task_elapsed_minutes=1.4 gpu_alloc_gb=0.318 gpu_reserved_gb=1.793
[SSL] repeat=3 scope=internal_cv fold=0 epoch=18/50 ssl_loss=0.045059 lr=0.000123883 base_val_bce=0.587462 base_best=N base_cls_epoch=63 epoch_seconds=4.9 task_elapsed_minutes=1.4 gpu_alloc_gb=0.318 gpu_reserved_gb=1.793
[SSL] repeat=3 scope=internal_cv fold=0 epoch=19/50 ssl_loss=0.047431 lr=0.000120554 base_val_bce=0.593465 base_best=N base_cls_epoch=63 epoch_seconds=7.3 task_elapsed_minutes=1.6 gpu_alloc_gb=0.318 gpu_reserved_gb=1.793
CHECKPOINT_LATEST repeat=3 scope=internal_cv fold=0 phase=ssl epoch=20 path=/data/adodas/VarCoNet-V2-main/xiaolunwen/experiment1b/checkpoints/worker_r3_latest.pt
[SSL] repeat=3 scope=internal_cv fold=0 epoch=20/50 ssl_loss=0.048168 lr=0.000116904 base_val_bce=0.587676 base_best=N base_cls_epoch=59 epoch_seconds=6.6 task_elapsed_minutes=1.7 gpu_alloc_gb=0.318 gpu_reserved_gb=1.793
[SSL] repeat=3 scope=internal_cv fold=0 epoch=21/50 ssl_loss=0.038803 lr=0.000112956 base_val_bce=0.595303 base_best=N base_cls_epoch=59 epoch_seconds=6.1 task_elapsed_minutes=1.8 gpu_alloc_gb=0.318 gpu_reserved_gb=1.793
[SSL] repeat=3 scope=internal_cv fold=0 epoch=22/50 ssl_loss=0.044495 lr=0.000108733 base_val_bce=0.587913 base_best=N base_cls_epoch=59 epoch_seconds=6.0 task_elapsed_minutes=1.9 gpu_alloc_gb=0.318 gpu_reserved_gb=1.793
CHECKPOINT_BEST repeat=3 scope=internal_cv fold=0 phase=ssl epoch=23 path=/data/adodas/VarCoNet-V2-main/xiaolunwen/experiment1b/checkpoints/worker_r3_best.pt
[SSL] repeat=3 scope=internal_cv fold=0 epoch=23/50 ssl_loss=0.037002 lr=0.000104262 base_val_bce=0.579646 base_best=Y base_cls_epoch=62 epoch_seconds=6.3 task_elapsed_minutes=2.0 gpu_alloc_gb=0.318 gpu_reserved_gb=1.793
[SSL] repeat=3 scope=internal_cv fold=0 epoch=24/50 ssl_loss=0.038955 lr=0.000099570 base_val_bce=0.580557 base_best=N base_cls_epoch=56 epoch_seconds=6.1 task_elapsed_minutes=2.1 gpu_alloc_gb=0.318 gpu_reserved_gb=1.793
CHECKPOINT_BEST repeat=3 scope=internal_cv fold=0 phase=ssl epoch=25 path=/data/adodas/VarCoNet-V2-main/xiaolunwen/experiment1b/checkpoints/worker_r3_best.pt
[SSL] repeat=3 scope=internal_cv fold=0 epoch=25/50 ssl_loss=0.042230 lr=0.000094687 base_val_bce=0.577996 base_best=Y base_cls_epoch=65 epoch_seconds=6.3 task_elapsed_minutes=2.2 gpu_alloc_gb=0.318 gpu_reserved_gb=1.793
[SSL] repeat=3 scope=internal_cv fold=0 epoch=26/50 ssl_loss=0.032971 lr=0.000089643 base_val_bce=0.591435 base_best=N base_cls_epoch=63 epoch_seconds=6.1 task_elapsed_minutes=2.3 gpu_alloc_gb=0.318 gpu_reserved_gb=1.793
CHECKPOINT_BEST repeat=3 scope=internal_cv fold=0 phase=ssl epoch=27 path=/data/adodas/VarCoNet-V2-main/xiaolunwen/experiment1b/checkpoints/worker_r3_best.pt
[SSL] repeat=3 scope=internal_cv fold=0 epoch=27/50 ssl_loss=0.042132 lr=0.000084467 base_val_bce=0.576191 base_best=Y base_cls_epoch=60 epoch_seconds=5.1 task_elapsed_minutes=2.4 gpu_alloc_gb=0.318 gpu_reserved_gb=1.793
CHECKPOINT_BEST repeat=3 scope=internal_cv fold=0 phase=ssl epoch=28 path=/data/adodas/VarCoNet-V2-main/xiaolunwen/experiment1b/checkpoints/worker_r3_best.pt
[SSL] repeat=3 scope=internal_cv fold=0 epoch=28/50 ssl_loss=0.042410 lr=0.000079194 base_val_bce=0.576144 base_best=Y base_cls_epoch=61 epoch_seconds=4.0 task_elapsed_minutes=2.4 gpu_alloc_gb=0.318 gpu_reserved_gb=1.793
[SSL] repeat=3 scope=internal_cv fold=0 epoch=29/50 ssl_loss=0.038181 lr=0.000073854 base_val_bce=0.582524 base_best=N base_cls_epoch=70 epoch_seconds=3.9 task_elapsed_minutes=2.5 gpu_alloc_gb=0.318 gpu_reserved_gb=1.793
CHECKPOINT_LATEST repeat=3 scope=internal_cv fold=0 phase=ssl epoch=30 path=/data/adodas/VarCoNet-V2-main/xiaolunwen/experiment1b/checkpoints/worker_r3_latest.pt
[SSL] repeat=3 scope=internal_cv fold=0 epoch=30/50 ssl_loss=0.035861 lr=0.000068481 base_val_bce=0.578245 base_best=N base_cls_epoch=66 epoch_seconds=4.0 task_elapsed_minutes=2.6 gpu_alloc_gb=0.318 gpu_reserved_gb=1.793
CHECKPOINT_BEST repeat=3 scope=internal_cv fold=0 phase=ssl epoch=31 path=/data/adodas/VarCoNet-V2-main/xiaolunwen/experiment1b/checkpoints/worker_r3_best.pt
[SSL] repeat=3 scope=internal_cv fold=0 epoch=31/50 ssl_loss=0.043410 lr=0.000063108 base_val_bce=0.573985 base_best=Y base_cls_epoch=69 epoch_seconds=4.3 task_elapsed_minutes=2.6 gpu_alloc_gb=0.318 gpu_reserved_gb=1.793
[SSL] repeat=3 scope=internal_cv fold=0 epoch=32/50 ssl_loss=0.031871 lr=0.000057768 base_val_bce=0.590316 base_best=N base_cls_epoch=78 epoch_seconds=3.9 task_elapsed_minutes=2.7 gpu_alloc_gb=0.318 gpu_reserved_gb=1.793
[SSL] repeat=3 scope=internal_cv fold=0 epoch=33/50 ssl_loss=0.034825 lr=0.000052494 base_val_bce=0.586255 base_best=N base_cls_epoch=73 epoch_seconds=3.8 task_elapsed_minutes=2.8 gpu_alloc_gb=0.318 gpu_reserved_gb=1.793
[SSL] repeat=3 scope=internal_cv fold=0 epoch=34/50 ssl_loss=0.040596 lr=0.000047319 base_val_bce=0.583113 base_best=N base_cls_epoch=71 epoch_seconds=3.8 task_elapsed_minutes=2.8 gpu_alloc_gb=0.318 gpu_reserved_gb=1.793
[SSL] repeat=3 scope=internal_cv fold=0 epoch=35/50 ssl_loss=0.045194 lr=0.000042274 base_val_bce=0.574111 base_best=N base_cls_epoch=73 epoch_seconds=3.8 task_elapsed_minutes=2.9 gpu_alloc_gb=0.318 gpu_reserved_gb=1.793
[SSL] repeat=3 scope=internal_cv fold=0 epoch=36/50 ssl_loss=0.040775 lr=0.000037391 base_val_bce=0.578396 base_best=N base_cls_epoch=68 epoch_seconds=3.8 task_elapsed_minutes=3.0 gpu_alloc_gb=0.318 gpu_reserved_gb=1.793
[SSL] repeat=3 scope=internal_cv fold=0 epoch=37/50 ssl_loss=0.040605 lr=0.000032700 base_val_bce=0.582040 base_best=N base_cls_epoch=70 epoch_seconds=3.8 task_elapsed_minutes=3.0 gpu_alloc_gb=0.318 gpu_reserved_gb=1.793
[SSL] repeat=3 scope=internal_cv fold=0 epoch=38/50 ssl_loss=0.028025 lr=0.000028229 base_val_bce=0.579500 base_best=N base_cls_epoch=68 epoch_seconds=3.8 task_elapsed_minutes=3.1 gpu_alloc_gb=0.318 gpu_reserved_gb=1.793
[SSL] repeat=3 scope=internal_cv fold=0 epoch=39/50 ssl_loss=0.044157 lr=0.000024006 base_val_bce=0.581127 base_best=N base_cls_epoch=71 epoch_seconds=3.6 task_elapsed_minutes=3.1 gpu_alloc_gb=0.318 gpu_reserved_gb=1.793
CHECKPOINT_LATEST repeat=3 scope=internal_cv fold=0 phase=ssl epoch=40 path=/data/adodas/VarCoNet-V2-main/xiaolunwen/experiment1b/checkpoints/worker_r3_latest.pt
[SSL] repeat=3 scope=internal_cv fold=0 epoch=40/50 ssl_loss=0.035037 lr=0.000020058 base_val_bce=0.575724 base_best=N base_cls_epoch=69 epoch_seconds=4.0 task_elapsed_minutes=3.2 gpu_alloc_gb=0.318 gpu_reserved_gb=1.793
[SSL] repeat=3 scope=internal_cv fold=0 epoch=41/50 ssl_loss=0.036633 lr=0.000016408 base_val_bce=0.577527 base_best=N base_cls_epoch=71 epoch_seconds=3.8 task_elapsed_minutes=3.3 gpu_alloc_gb=0.318 gpu_reserved_gb=1.793
[SSL] repeat=3 scope=internal_cv fold=0 epoch=42/50 ssl_loss=0.043925 lr=0.000013079 base_val_bce=0.580796 base_best=N base_cls_epoch=75 epoch_seconds=3.9 task_elapsed_minutes=3.3 gpu_alloc_gb=0.318 gpu_reserved_gb=1.793
[SSL] repeat=3 scope=internal_cv fold=0 epoch=43/50 ssl_loss=0.032646 lr=0.000010091 base_val_bce=0.589125 base_best=N base_cls_epoch=66 epoch_seconds=4.0 task_elapsed_minutes=3.4 gpu_alloc_gb=0.318 gpu_reserved_gb=1.793
CHECKPOINT_BEST repeat=3 scope=internal_cv fold=0 phase=ssl epoch=44 path=/data/adodas/VarCoNet-V2-main/xiaolunwen/experiment1b/checkpoints/worker_r3_best.pt
[SSL] repeat=3 scope=internal_cv fold=0 epoch=44/50 ssl_loss=0.042641 lr=0.000007464 base_val_bce=0.571678 base_best=Y base_cls_epoch=75 epoch_seconds=4.7 task_elapsed_minutes=3.5 gpu_alloc_gb=0.318 gpu_reserved_gb=1.793
[SSL] repeat=3 scope=internal_cv fold=0 epoch=45/50 ssl_loss=0.039418 lr=0.000005213 base_val_bce=0.592150 base_best=N base_cls_epoch=73 epoch_seconds=4.1 task_elapsed_minutes=3.6 gpu_alloc_gb=0.318 gpu_reserved_gb=1.793
[SSL] repeat=3 scope=internal_cv fold=0 epoch=46/50 ssl_loss=0.030982 lr=0.000003352 base_val_bce=0.583180 base_best=N base_cls_epoch=72 epoch_seconds=3.9 task_elapsed_minutes=3.6 gpu_alloc_gb=0.318 gpu_reserved_gb=1.793
[SSL] repeat=3 scope=internal_cv fold=0 epoch=47/50 ssl_loss=0.036192 lr=0.000001892 base_val_bce=0.581834 base_best=N base_cls_epoch=68 epoch_seconds=3.7 task_elapsed_minutes=3.7 gpu_alloc_gb=0.318 gpu_reserved_gb=1.793
[SSL] repeat=3 scope=internal_cv fold=0 epoch=48/50 ssl_loss=0.030623 lr=0.000000843 base_val_bce=0.578606 base_best=N base_cls_epoch=77 epoch_seconds=3.5 task_elapsed_minutes=3.7 gpu_alloc_gb=0.318 gpu_reserved_gb=1.793
[SSL] repeat=3 scope=internal_cv fold=0 epoch=49/50 ssl_loss=0.032023 lr=0.000000211 base_val_bce=0.581860 base_best=N base_cls_epoch=68 epoch_seconds=3.9 task_elapsed_minutes=3.8 gpu_alloc_gb=0.318 gpu_reserved_gb=1.793
CHECKPOINT_LATEST repeat=3 scope=internal_cv fold=0 phase=ssl epoch=50 path=/data/adodas/VarCoNet-V2-main/xiaolunwen/experiment1b/checkpoints/worker_r3_latest.pt
[SSL] repeat=3 scope=internal_cv fold=0 epoch=50/50 ssl_loss=0.038850 lr=0.000000000 base_val_bce=0.580845 base_best=N base_cls_epoch=73 epoch_seconds=11.5 task_elapsed_minutes=3.9 gpu_alloc_gb=0.318 gpu_reserved_gb=1.793
CRSM_INIT repeat=3 scope=internal_cv fold=0 n_experts=2 tau=1.0 trainable_parameters=147074 hc_centroid_norm=22.793177 pca_unit_norm=1.00000000 pca_singular=140.022583 sigma_margin=2.261200 sigma_projection=7.306115 ratio=0.0100 scale=0.00309494161 epoch0_val_bce=0.571702
CHECKPOINT_LATEST repeat=3 scope=internal_cv fold=0 phase=crsm epoch=0 path=/data/adodas/VarCoNet-V2-main/xiaolunwen/experiment1b/checkpoints/worker_r3_latest.pt
CHECKPOINT_BEST repeat=3 scope=internal_cv fold=0 phase=crsm epoch=0 path=/data/adodas/VarCoNet-V2-main/xiaolunwen/experiment1b/checkpoints/worker_r3_best.pt
CHECKPOINT_LATEST repeat=3 scope=internal_cv fold=0 phase=crsm epoch=10 path=/data/adodas/VarCoNet-V2-main/xiaolunwen/experiment1b/checkpoints/worker_r3_latest.pt
[CRSM] repeat=3 scope=internal_cv fold=0 epoch=10/149 train_loss=0.096579 val_bce=0.583022 best=N best_epoch=0 mass=(0.5008,0.4992) hard=(0.6484,0.3516) entropy=0.692751 delta_l2=(0.130683,0.129969) delta_cos=0.985335 epoch_seconds=0.97
CHECKPOINT_LATEST repeat=3 scope=internal_cv fold=0 phase=crsm epoch=20 path=/data/adodas/VarCoNet-V2-main/xiaolunwen/experiment1b/checkpoints/worker_r3_latest.pt
[CRSM] repeat=3 scope=internal_cv fold=0 epoch=20/149 train_loss=0.084126 val_bce=0.599811 best=N best_epoch=0 mass=(0.5007,0.4993) hard=(0.6276,0.3724) entropy=0.692439 delta_l2=(0.249133,0.248422) delta_cos=0.987468 epoch_seconds=0.91
CHECKPOINT_LATEST repeat=3 scope=internal_cv fold=0 phase=crsm epoch=30 path=/data/adodas/VarCoNet-V2-main/xiaolunwen/experiment1b/checkpoints/worker_r3_latest.pt
[CRSM] repeat=3 scope=internal_cv fold=0 epoch=30/149 train_loss=0.075461 val_bce=0.616989 best=N best_epoch=0 mass=(0.5005,0.4995) hard=(0.6172,0.3828) entropy=0.691853 delta_l2=(0.355440,0.354516) delta_cos=0.986472 epoch_seconds=1.04
CHECKPOINT_LATEST repeat=3 scope=internal_cv fold=0 phase=crsm epoch=40 path=/data/adodas/VarCoNet-V2-main/xiaolunwen/experiment1b/checkpoints/worker_r3_latest.pt
[CRSM] repeat=3 scope=internal_cv fold=0 epoch=40/149 train_loss=0.069329 val_bce=0.633917 best=N best_epoch=0 mass=(0.5003,0.4997) hard=(0.6068,0.3932) entropy=0.690647 delta_l2=(0.450194,0.448852) delta_cos=0.983320 epoch_seconds=0.33
CHECKPOINT_LATEST repeat=3 scope=internal_cv fold=0 phase=crsm epoch=50 path=/data/adodas/VarCoNet-V2-main/xiaolunwen/experiment1b/checkpoints/worker_r3_latest.pt
[CRSM] repeat=3 scope=internal_cv fold=0 epoch=50/149 train_loss=0.064915 val_bce=0.650673 best=N best_epoch=0 mass=(0.5001,0.4999) hard=(0.5920,0.4080) entropy=0.688273 delta_l2=(0.534536,0.532527) delta_cos=0.977468 epoch_seconds=0.77
CHECKPOINT_LATEST repeat=3 scope=internal_cv fold=0 phase=crsm epoch=60 path=/data/adodas/VarCoNet-V2-main/xiaolunwen/experiment1b/checkpoints/worker_r3_latest.pt
[CRSM] repeat=3 scope=internal_cv fold=0 epoch=60/149 train_loss=0.061666 val_bce=0.667237 best=N best_epoch=0 mass=(0.5001,0.4999) hard=(0.5816,0.4184) entropy=0.683931 delta_l2=(0.609806,0.606742) delta_cos=0.967832 epoch_seconds=0.81
CHECKPOINT_LATEST repeat=3 scope=internal_cv fold=0 phase=crsm epoch=70 path=/data/adodas/VarCoNet-V2-main/xiaolunwen/experiment1b/checkpoints/worker_r3_latest.pt
[CRSM] repeat=3 scope=internal_cv fold=0 epoch=70/149 train_loss=0.059204 val_bce=0.683552 best=N best_epoch=0 mass=(0.5002,0.4998) hard=(0.5682,0.4318) entropy=0.676695 delta_l2=(0.677474,0.672760) delta_cos=0.953224 epoch_seconds=0.56
CHECKPOINT_LATEST repeat=3 scope=internal_cv fold=0 phase=crsm epoch=80 path=/data/adodas/VarCoNet-V2-main/xiaolunwen/experiment1b/checkpoints/worker_r3_latest.pt
[CRSM] repeat=3 scope=internal_cv fold=0 epoch=80/149 train_loss=0.057276 val_bce=0.699572 best=N best_epoch=0 mass=(0.5007,0.4993) hard=(0.5638,0.4362) entropy=0.666056 delta_l2=(0.738981,0.731899) delta_cos=0.932956 epoch_seconds=0.32
CHECKPOINT_LATEST repeat=3 scope=internal_cv fold=0 phase=crsm epoch=90 path=/data/adodas/VarCoNet-V2-main/xiaolunwen/experiment1b/checkpoints/worker_r3_latest.pt
[CRSM] repeat=3 scope=internal_cv fold=0 epoch=90/149 train_loss=0.055724 val_bce=0.715193 best=N best_epoch=0 mass=(0.5014,0.4986) hard=(0.5534,0.4466) entropy=0.652274 delta_l2=(0.795591,0.785421) delta_cos=0.907339 epoch_seconds=0.89
CHECKPOINT_LATEST repeat=3 scope=internal_cv fold=0 phase=crsm epoch=100 path=/data/adodas/VarCoNet-V2-main/xiaolunwen/experiment1b/checkpoints/worker_r3_latest.pt
[CRSM] repeat=3 scope=internal_cv fold=0 epoch=100/149 train_loss=0.054454 val_bce=0.730331 best=N best_epoch=0 mass=(0.5023,0.4977) hard=(0.5445,0.4555) entropy=0.636294 delta_l2=(0.848219,0.834373) delta_cos=0.877688 epoch_seconds=0.57
CHECKPOINT_LATEST repeat=3 scope=internal_cv fold=0 phase=crsm epoch=110 path=/data/adodas/VarCoNet-V2-main/xiaolunwen/experiment1b/checkpoints/worker_r3_latest.pt
[CRSM] repeat=3 scope=internal_cv fold=0 epoch=110/149 train_loss=0.053405 val_bce=0.744905 best=N best_epoch=0 mass=(0.5034,0.4966) hard=(0.5460,0.4540) entropy=0.619228 delta_l2=(0.897428,0.879487) delta_cos=0.845787 epoch_seconds=0.63
CHECKPOINT_LATEST repeat=3 scope=internal_cv fold=0 phase=crsm epoch=120 path=/data/adodas/VarCoNet-V2-main/xiaolunwen/experiment1b/checkpoints/worker_r3_latest.pt
[CRSM] repeat=3 scope=internal_cv fold=0 epoch=120/149 train_loss=0.052535 val_bce=0.758881 best=N best_epoch=0 mass=(0.5046,0.4954) hard=(0.5415,0.4585) entropy=0.602026 delta_l2=(0.943552,0.921244) delta_cos=0.813284 epoch_seconds=0.71
CHECKPOINT_LATEST repeat=3 scope=internal_cv fold=0 phase=crsm epoch=130 path=/data/adodas/VarCoNet-V2-main/xiaolunwen/experiment1b/checkpoints/worker_r3_latest.pt
[CRSM] repeat=3 scope=internal_cv fold=0 epoch=130/149 train_loss=0.051813 val_bce=0.772246 best=N best_epoch=0 mass=(0.5058,0.4942) hard=(0.5386,0.4614) entropy=0.585383 delta_l2=(0.986804,0.959983) delta_cos=0.781396 epoch_seconds=0.58
CHECKPOINT_LATEST repeat=3 scope=internal_cv fold=0 phase=crsm epoch=140 path=/data/adodas/VarCoNet-V2-main/xiaolunwen/experiment1b/checkpoints/worker_r3_latest.pt
[CRSM] repeat=3 scope=internal_cv fold=0 epoch=140/149 train_loss=0.051210 val_bce=0.785007 best=N best_epoch=0 mass=(0.5069,0.4931) hard=(0.5386,0.4614) entropy=0.569713 delta_l2=(1.027358,0.995986) delta_cos=0.750880 epoch_seconds=0.43
TASK_TRAINING_DONE repeat=3 scope=internal_cv fold=0 base_encoder_epoch=44 base_classifier_epoch=75 base_val_bce=0.571678 selected_crsm_epoch=0 crsm_val_bce=0.571702 treatment_threshold=0.396414 elapsed_minutes=4.3
TASK_DONE repeat=3 scope=internal_fold fold=0 method=baseline selected_encoder_epoch=44 test_auc=0.805471 test_bce=0.522598 elapsed_minutes=4.3
TASK_DONE repeat=3 scope=internal_fold fold=0 method=control_referenced_soft_multiboundary selected_encoder_epoch=44 test_auc=0.805471 test_bce=0.522600 elapsed_minutes=4.3
TASK_START repeat=3 scope=internal_cv fold=1 seed=100301 device=cuda:0 shared_encoder=Y reference_unique_n=674 train_n=750 val_n=119
CHECKPOINT_BEST repeat=3 scope=internal_cv fold=1 phase=ssl epoch=1 path=/data/adodas/VarCoNet-V2-main/xiaolunwen/experiment1b/checkpoints/worker_r3_best.pt
[SSL] repeat=3 scope=internal_cv fold=1 epoch=1/50 ssl_loss=0.290073 lr=0.000024107 base_val_bce=0.644378 base_best=Y base_cls_epoch=28 epoch_seconds=8.3 task_elapsed_minutes=0.1 gpu_alloc_gb=0.318 gpu_reserved_gb=1.744
[SSL] repeat=3 scope=internal_cv fold=1 epoch=2/50 ssl_loss=0.139737 lr=0.000038214 base_val_bce=0.651170 base_best=N base_cls_epoch=28 epoch_seconds=8.1 task_elapsed_minutes=0.3 gpu_alloc_gb=0.317 gpu_reserved_gb=2.008
CHECKPOINT_BEST repeat=3 scope=internal_cv fold=1 phase=ssl epoch=3 path=/data/adodas/VarCoNet-V2-main/xiaolunwen/experiment1b/checkpoints/worker_r3_best.pt
[SSL] repeat=3 scope=internal_cv fold=1 epoch=3/50 ssl_loss=0.106774 lr=0.000052321 base_val_bce=0.638303 base_best=Y base_cls_epoch=44 epoch_seconds=8.8 task_elapsed_minutes=0.4 gpu_alloc_gb=0.318 gpu_reserved_gb=1.744
[SSL] repeat=3 scope=internal_cv fold=1 epoch=4/50 ssl_loss=0.084936 lr=0.000066427 base_val_bce=0.654898 base_best=N base_cls_epoch=41 epoch_seconds=4.5 task_elapsed_minutes=0.5 gpu_alloc_gb=0.317 gpu_reserved_gb=2.008
[SSL] repeat=3 scope=internal_cv fold=1 epoch=5/50 ssl_loss=0.086681 lr=0.000080534 base_val_bce=0.645789 base_best=N base_cls_epoch=44 epoch_seconds=3.7 task_elapsed_minutes=0.6 gpu_alloc_gb=0.318 gpu_reserved_gb=1.744
[SSL] repeat=3 scope=internal_cv fold=1 epoch=6/50 ssl_loss=0.088192 lr=0.000094641 base_val_bce=0.642597 base_best=N base_cls_epoch=45 epoch_seconds=3.9 task_elapsed_minutes=0.6 gpu_alloc_gb=0.317 gpu_reserved_gb=2.008
[SSL] repeat=3 scope=internal_cv fold=1 epoch=7/50 ssl_loss=0.078457 lr=0.000108748 base_val_bce=0.640520 base_best=N base_cls_epoch=42 epoch_seconds=3.3 task_elapsed_minutes=0.7 gpu_alloc_gb=0.318 gpu_reserved_gb=1.744
[SSL] repeat=3 scope=internal_cv fold=1 epoch=8/50 ssl_loss=0.067927 lr=0.000122855 base_val_bce=0.646083 base_best=N base_cls_epoch=39 epoch_seconds=8.3 task_elapsed_minutes=0.8 gpu_alloc_gb=0.317 gpu_reserved_gb=2.008
CHECKPOINT_BEST repeat=3 scope=internal_cv fold=1 phase=ssl epoch=9 path=/data/adodas/VarCoNet-V2-main/xiaolunwen/experiment1b/checkpoints/worker_r3_best.pt
[SSL] repeat=3 scope=internal_cv fold=1 epoch=9/50 ssl_loss=0.068119 lr=0.000136962 base_val_bce=0.636438 base_best=Y base_cls_epoch=35 epoch_seconds=7.7 task_elapsed_minutes=1.0 gpu_alloc_gb=0.318 gpu_reserved_gb=1.744
CHECKPOINT_LATEST repeat=3 scope=internal_cv fold=1 phase=ssl epoch=10 path=/data/adodas/VarCoNet-V2-main/xiaolunwen/experiment1b/checkpoints/worker_r3_latest.pt
[SSL] repeat=3 scope=internal_cv fold=1 epoch=10/50 ssl_loss=0.078941 lr=0.000136962 base_val_bce=0.639042 base_best=N base_cls_epoch=40 epoch_seconds=7.3 task_elapsed_minutes=1.1 gpu_alloc_gb=0.317 gpu_reserved_gb=2.008
[SSL] repeat=3 scope=internal_cv fold=1 epoch=11/50 ssl_loss=0.059144 lr=0.000136751 base_val_bce=0.644776 base_best=N base_cls_epoch=35 epoch_seconds=8.1 task_elapsed_minutes=1.2 gpu_alloc_gb=0.318 gpu_reserved_gb=1.744
[SSL] repeat=3 scope=internal_cv fold=1 epoch=12/50 ssl_loss=0.057504 lr=0.000136119 base_val_bce=0.639096 base_best=N base_cls_epoch=28 epoch_seconds=8.3 task_elapsed_minutes=1.4 gpu_alloc_gb=0.317 gpu_reserved_gb=2.008
CHECKPOINT_BEST repeat=3 scope=internal_cv fold=1 phase=ssl epoch=13 path=/data/adodas/VarCoNet-V2-main/xiaolunwen/experiment1b/checkpoints/worker_r3_best.pt
[SSL] repeat=3 scope=internal_cv fold=1 epoch=13/50 ssl_loss=0.062492 lr=0.000135070 base_val_bce=0.624200 base_best=Y base_cls_epoch=35 epoch_seconds=7.3 task_elapsed_minutes=1.5 gpu_alloc_gb=0.318 gpu_reserved_gb=1.744
[SSL] repeat=3 scope=internal_cv fold=1 epoch=14/50 ssl_loss=0.057225 lr=0.000133610 base_val_bce=0.638297 base_best=N base_cls_epoch=27 epoch_seconds=7.0 task_elapsed_minutes=1.6 gpu_alloc_gb=0.317 gpu_reserved_gb=2.008
CHECKPOINT_BEST repeat=3 scope=internal_cv fold=1 phase=ssl epoch=15 path=/data/adodas/VarCoNet-V2-main/xiaolunwen/experiment1b/checkpoints/worker_r3_best.pt
[SSL] repeat=3 scope=internal_cv fold=1 epoch=15/50 ssl_loss=0.063329 lr=0.000131749 base_val_bce=0.622039 base_best=Y base_cls_epoch=35 epoch_seconds=4.9 task_elapsed_minutes=1.7 gpu_alloc_gb=0.318 gpu_reserved_gb=1.744
[SSL] repeat=3 scope=internal_cv fold=1 epoch=16/50 ssl_loss=0.056330 lr=0.000129498 base_val_bce=0.637968 base_best=N base_cls_epoch=36 epoch_seconds=3.8 task_elapsed_minutes=1.7 gpu_alloc_gb=0.317 gpu_reserved_gb=2.008
[SSL] repeat=3 scope=internal_cv fold=1 epoch=17/50 ssl_loss=0.055880 lr=0.000126870 base_val_bce=0.623490 base_best=N base_cls_epoch=40 epoch_seconds=3.8 task_elapsed_minutes=1.8 gpu_alloc_gb=0.318 gpu_reserved_gb=1.744
[SSL] repeat=3 scope=internal_cv fold=1 epoch=18/50 ssl_loss=0.050876 lr=0.000123883 base_val_bce=0.637903 base_best=N base_cls_epoch=36 epoch_seconds=3.9 task_elapsed_minutes=1.9 gpu_alloc_gb=0.317 gpu_reserved_gb=2.008
[SSL] repeat=3 scope=internal_cv fold=1 epoch=19/50 ssl_loss=0.055473 lr=0.000120554 base_val_bce=0.632203 base_best=N base_cls_epoch=46 epoch_seconds=5.3 task_elapsed_minutes=2.0 gpu_alloc_gb=0.318 gpu_reserved_gb=1.744
CHECKPOINT_LATEST repeat=3 scope=internal_cv fold=1 phase=ssl epoch=20 path=/data/adodas/VarCoNet-V2-main/xiaolunwen/experiment1b/checkpoints/worker_r3_latest.pt
[SSL] repeat=3 scope=internal_cv fold=1 epoch=20/50 ssl_loss=0.045854 lr=0.000116904 base_val_bce=0.630755 base_best=N base_cls_epoch=37 epoch_seconds=6.8 task_elapsed_minutes=2.0 gpu_alloc_gb=0.317 gpu_reserved_gb=2.008
[SSL] repeat=3 scope=internal_cv fold=1 epoch=21/50 ssl_loss=0.044101 lr=0.000112956 base_val_bce=0.626616 base_best=N base_cls_epoch=33 epoch_seconds=7.7 task_elapsed_minutes=2.2 gpu_alloc_gb=0.318 gpu_reserved_gb=1.744
[SSL] repeat=3 scope=internal_cv fold=1 epoch=22/50 ssl_loss=0.043091 lr=0.000108733 base_val_bce=0.629116 base_best=N base_cls_epoch=30 epoch_seconds=6.0 task_elapsed_minutes=2.3 gpu_alloc_gb=0.317 gpu_reserved_gb=2.008
[SSL] repeat=3 scope=internal_cv fold=1 epoch=23/50 ssl_loss=0.042312 lr=0.000104262 base_val_bce=0.631785 base_best=N base_cls_epoch=40 epoch_seconds=8.3 task_elapsed_minutes=2.4 gpu_alloc_gb=0.318 gpu_reserved_gb=1.744
[SSL] repeat=3 scope=internal_cv fold=1 epoch=24/50 ssl_loss=0.061955 lr=0.000099570 base_val_bce=0.631649 base_best=N base_cls_epoch=37 epoch_seconds=8.6 task_elapsed_minutes=2.6 gpu_alloc_gb=0.317 gpu_reserved_gb=2.008
[SSL] repeat=3 scope=internal_cv fold=1 epoch=25/50 ssl_loss=0.047959 lr=0.000094687 base_val_bce=0.624703 base_best=N base_cls_epoch=35 epoch_seconds=6.3 task_elapsed_minutes=2.7 gpu_alloc_gb=0.318 gpu_reserved_gb=1.744
CHECKPOINT_BEST repeat=3 scope=internal_cv fold=1 phase=ssl epoch=26 path=/data/adodas/VarCoNet-V2-main/xiaolunwen/experiment1b/checkpoints/worker_r3_best.pt
[SSL] repeat=3 scope=internal_cv fold=1 epoch=26/50 ssl_loss=0.050193 lr=0.000089643 base_val_bce=0.619739 base_best=Y base_cls_epoch=37 epoch_seconds=9.1 task_elapsed_minutes=2.8 gpu_alloc_gb=0.317 gpu_reserved_gb=2.008
[SSL] repeat=3 scope=internal_cv fold=1 epoch=27/50 ssl_loss=0.049080 lr=0.000084467 base_val_bce=0.626344 base_best=N base_cls_epoch=39 epoch_seconds=8.0 task_elapsed_minutes=3.0 gpu_alloc_gb=0.318 gpu_reserved_gb=1.744
[SSL] repeat=3 scope=internal_cv fold=1 epoch=28/50 ssl_loss=0.050679 lr=0.000079194 base_val_bce=0.620518 base_best=N base_cls_epoch=37 epoch_seconds=4.6 task_elapsed_minutes=3.0 gpu_alloc_gb=0.317 gpu_reserved_gb=2.008
[SSL] repeat=3 scope=internal_cv fold=1 epoch=29/50 ssl_loss=0.041629 lr=0.000073854 base_val_bce=0.630148 base_best=N base_cls_epoch=42 epoch_seconds=4.0 task_elapsed_minutes=3.1 gpu_alloc_gb=0.318 gpu_reserved_gb=1.744
CHECKPOINT_LATEST repeat=3 scope=internal_cv fold=1 phase=ssl epoch=30 path=/data/adodas/VarCoNet-V2-main/xiaolunwen/experiment1b/checkpoints/worker_r3_latest.pt
[SSL] repeat=3 scope=internal_cv fold=1 epoch=30/50 ssl_loss=0.049666 lr=0.000068481 base_val_bce=0.641298 base_best=N base_cls_epoch=42 epoch_seconds=4.0 task_elapsed_minutes=3.2 gpu_alloc_gb=0.317 gpu_reserved_gb=2.008
[SSL] repeat=3 scope=internal_cv fold=1 epoch=31/50 ssl_loss=0.067289 lr=0.000063108 base_val_bce=0.621884 base_best=N base_cls_epoch=40 epoch_seconds=3.6 task_elapsed_minutes=3.2 gpu_alloc_gb=0.318 gpu_reserved_gb=1.744
[SSL] repeat=3 scope=internal_cv fold=1 epoch=32/50 ssl_loss=0.043211 lr=0.000057768 base_val_bce=0.620634 base_best=N base_cls_epoch=38 epoch_seconds=3.8 task_elapsed_minutes=3.3 gpu_alloc_gb=0.317 gpu_reserved_gb=2.008
[SSL] repeat=3 scope=internal_cv fold=1 epoch=33/50 ssl_loss=0.058078 lr=0.000052494 base_val_bce=0.636736 base_best=N base_cls_epoch=39 epoch_seconds=3.8 task_elapsed_minutes=3.4 gpu_alloc_gb=0.318 gpu_reserved_gb=1.744
[SSL] repeat=3 scope=internal_cv fold=1 epoch=34/50 ssl_loss=0.042884 lr=0.000047319 base_val_bce=0.625469 base_best=N base_cls_epoch=41 epoch_seconds=3.9 task_elapsed_minutes=3.4 gpu_alloc_gb=0.317 gpu_reserved_gb=2.008
[SSL] repeat=3 scope=internal_cv fold=1 epoch=35/50 ssl_loss=0.054706 lr=0.000042274 base_val_bce=0.641203 base_best=N base_cls_epoch=38 epoch_seconds=3.7 task_elapsed_minutes=3.5 gpu_alloc_gb=0.318 gpu_reserved_gb=1.744
[SSL] repeat=3 scope=internal_cv fold=1 epoch=36/50 ssl_loss=0.041422 lr=0.000037391 base_val_bce=0.641769 base_best=N base_cls_epoch=37 epoch_seconds=3.9 task_elapsed_minutes=3.6 gpu_alloc_gb=0.317 gpu_reserved_gb=2.008
[SSL] repeat=3 scope=internal_cv fold=1 epoch=37/50 ssl_loss=0.048988 lr=0.000032700 base_val_bce=0.645825 base_best=N base_cls_epoch=38 epoch_seconds=3.6 task_elapsed_minutes=3.6 gpu_alloc_gb=0.318 gpu_reserved_gb=1.744
[SSL] repeat=3 scope=internal_cv fold=1 epoch=38/50 ssl_loss=0.027324 lr=0.000028229 base_val_bce=0.632255 base_best=N base_cls_epoch=31 epoch_seconds=3.9 task_elapsed_minutes=3.7 gpu_alloc_gb=0.317 gpu_reserved_gb=2.008
[SSL] repeat=3 scope=internal_cv fold=1 epoch=39/50 ssl_loss=0.041205 lr=0.000024006 base_val_bce=0.628141 base_best=N base_cls_epoch=38 epoch_seconds=4.8 task_elapsed_minutes=3.8 gpu_alloc_gb=0.318 gpu_reserved_gb=1.744
CHECKPOINT_BEST repeat=3 scope=internal_cv fold=1 phase=ssl epoch=40 path=/data/adodas/VarCoNet-V2-main/xiaolunwen/experiment1b/checkpoints/worker_r3_best.pt
CHECKPOINT_LATEST repeat=3 scope=internal_cv fold=1 phase=ssl epoch=40 path=/data/adodas/VarCoNet-V2-main/xiaolunwen/experiment1b/checkpoints/worker_r3_latest.pt
[SSL] repeat=3 scope=internal_cv fold=1 epoch=40/50 ssl_loss=0.046106 lr=0.000020058 base_val_bce=0.618053 base_best=Y base_cls_epoch=33 epoch_seconds=13.1 task_elapsed_minutes=3.9 gpu_alloc_gb=0.317 gpu_reserved_gb=2.008
[SSL] repeat=3 scope=internal_cv fold=1 epoch=41/50 ssl_loss=0.050925 lr=0.000016408 base_val_bce=0.622500 base_best=N base_cls_epoch=39 epoch_seconds=6.2 task_elapsed_minutes=4.1 gpu_alloc_gb=0.318 gpu_reserved_gb=1.744
[SSL] repeat=3 scope=internal_cv fold=1 epoch=42/50 ssl_loss=0.047539 lr=0.000013079 base_val_bce=0.621643 base_best=N base_cls_epoch=40 epoch_seconds=8.3 task_elapsed_minutes=4.2 gpu_alloc_gb=0.317 gpu_reserved_gb=2.008
[SSL] repeat=3 scope=internal_cv fold=1 epoch=43/50 ssl_loss=0.056374 lr=0.000010091 base_val_bce=0.623402 base_best=N base_cls_epoch=37 epoch_seconds=6.2 task_elapsed_minutes=4.3 gpu_alloc_gb=0.318 gpu_reserved_gb=1.744
[SSL] repeat=3 scope=internal_cv fold=1 epoch=44/50 ssl_loss=0.055680 lr=0.000007464 base_val_bce=0.619855 base_best=N base_cls_epoch=40 epoch_seconds=8.3 task_elapsed_minutes=4.5 gpu_alloc_gb=0.317 gpu_reserved_gb=2.008
[SSL] repeat=3 scope=internal_cv fold=1 epoch=45/50 ssl_loss=0.043589 lr=0.000005213 base_val_bce=0.624747 base_best=N base_cls_epoch=39 epoch_seconds=7.7 task_elapsed_minutes=4.6 gpu_alloc_gb=0.318 gpu_reserved_gb=1.744
[SSL] repeat=3 scope=internal_cv fold=1 epoch=46/50 ssl_loss=0.056637 lr=0.000003352 base_val_bce=0.642687 base_best=N base_cls_epoch=41 epoch_seconds=6.7 task_elapsed_minutes=4.7 gpu_alloc_gb=0.317 gpu_reserved_gb=2.008
[SSL] repeat=3 scope=internal_cv fold=1 epoch=47/50 ssl_loss=0.046385 lr=0.000001892 base_val_bce=0.630849 base_best=N base_cls_epoch=37 epoch_seconds=4.5 task_elapsed_minutes=4.8 gpu_alloc_gb=0.318 gpu_reserved_gb=1.744
[SSL] repeat=3 scope=internal_cv fold=1 epoch=48/50 ssl_loss=0.045940 lr=0.000000843 base_val_bce=0.629526 base_best=N base_cls_epoch=37 epoch_seconds=3.6 task_elapsed_minutes=4.8 gpu_alloc_gb=0.317 gpu_reserved_gb=2.008
[SSL] repeat=3 scope=internal_cv fold=1 epoch=49/50 ssl_loss=0.046007 lr=0.000000211 base_val_bce=0.631214 base_best=N base_cls_epoch=41 epoch_seconds=3.6 task_elapsed_minutes=4.9 gpu_alloc_gb=0.318 gpu_reserved_gb=1.744
CHECKPOINT_LATEST repeat=3 scope=internal_cv fold=1 phase=ssl epoch=50 path=/data/adodas/VarCoNet-V2-main/xiaolunwen/experiment1b/checkpoints/worker_r3_latest.pt
[SSL] repeat=3 scope=internal_cv fold=1 epoch=50/50 ssl_loss=0.052097 lr=0.000000000 base_val_bce=0.624808 base_best=N base_cls_epoch=41 epoch_seconds=4.1 task_elapsed_minutes=5.0 gpu_alloc_gb=0.317 gpu_reserved_gb=2.008
CRSM_INIT repeat=3 scope=internal_cv fold=1 n_experts=2 tau=1.0 trainable_parameters=147074 hc_centroid_norm=23.408504 pca_unit_norm=1.00000000 pca_singular=148.739410 sigma_margin=1.407725 sigma_projection=7.849030 ratio=0.0100 scale=0.00179350225 epoch0_val_bce=0.618061
CHECKPOINT_LATEST repeat=3 scope=internal_cv fold=1 phase=crsm epoch=0 path=/data/adodas/VarCoNet-V2-main/xiaolunwen/experiment1b/checkpoints/worker_r3_latest.pt
CHECKPOINT_BEST repeat=3 scope=internal_cv fold=1 phase=crsm epoch=0 path=/data/adodas/VarCoNet-V2-main/xiaolunwen/experiment1b/checkpoints/worker_r3_best.pt
CHECKPOINT_LATEST repeat=3 scope=internal_cv fold=1 phase=crsm epoch=10 path=/data/adodas/VarCoNet-V2-main/xiaolunwen/experiment1b/checkpoints/worker_r3_latest.pt
[CRSM] repeat=3 scope=internal_cv fold=1 epoch=10/149 train_loss=0.225378 val_bce=0.629356 best=N best_epoch=0 mass=(0.5001,0.4999) hard=(0.6543,0.3457) entropy=0.692933 delta_l2=(0.130337,0.130118) delta_cos=0.992747 epoch_seconds=1.09
CHECKPOINT_LATEST repeat=3 scope=internal_cv fold=1 phase=crsm epoch=20 path=/data/adodas/VarCoNet-V2-main/xiaolunwen/experiment1b/checkpoints/worker_r3_latest.pt
[CRSM] repeat=3 scope=internal_cv fold=1 epoch=20/149 train_loss=0.197511 val_bce=0.641641 best=N best_epoch=0 mass=(0.4999,0.5001) hard=(0.6499,0.3501) entropy=0.692671 delta_l2=(0.249504,0.249292) delta_cos=0.993291 epoch_seconds=2.00
CHECKPOINT_LATEST repeat=3 scope=internal_cv fold=1 phase=crsm epoch=30 path=/data/adodas/VarCoNet-V2-main/xiaolunwen/experiment1b/checkpoints/worker_r3_latest.pt
[CRSM] repeat=3 scope=internal_cv fold=1 epoch=30/149 train_loss=0.177613 val_bce=0.655073 best=N best_epoch=0 mass=(0.4996,0.5004) hard=(0.6395,0.3605) entropy=0.692164 delta_l2=(0.357549,0.357258) delta_cos=0.992193 epoch_seconds=2.26
CHECKPOINT_LATEST repeat=3 scope=internal_cv fold=1 phase=crsm epoch=40 path=/data/adodas/VarCoNet-V2-main/xiaolunwen/experiment1b/checkpoints/worker_r3_latest.pt
[CRSM] repeat=3 scope=internal_cv fold=1 epoch=40/149 train_loss=0.163233 val_bce=0.670016 best=N best_epoch=0 mass=(0.4990,0.5010) hard=(0.6291,0.3709) entropy=0.691128 delta_l2=(0.454517,0.453950) delta_cos=0.989778 epoch_seconds=2.53
CHECKPOINT_LATEST repeat=3 scope=internal_cv fold=1 phase=crsm epoch=50 path=/data/adodas/VarCoNet-V2-main/xiaolunwen/experiment1b/checkpoints/worker_r3_latest.pt
[CRSM] repeat=3 scope=internal_cv fold=1 epoch=50/149 train_loss=0.152697 val_bce=0.685143 best=N best_epoch=0 mass=(0.4981,0.5019) hard=(0.6128,0.3872) entropy=0.689128 delta_l2=(0.541462,0.540335) delta_cos=0.985543 epoch_seconds=1.36
CHECKPOINT_LATEST repeat=3 scope=internal_cv fold=1 phase=crsm epoch=60 path=/data/adodas/VarCoNet-V2-main/xiaolunwen/experiment1b/checkpoints/worker_r3_latest.pt
[CRSM] repeat=3 scope=internal_cv fold=1 epoch=60/149 train_loss=0.144834 val_bce=0.700794 best=N best_epoch=0 mass=(0.4971,0.5029) hard=(0.6039,0.3961) entropy=0.685601 delta_l2=(0.619598,0.617549) delta_cos=0.978709 epoch_seconds=0.95
CHECKPOINT_LATEST repeat=3 scope=internal_cv fold=1 phase=crsm epoch=70 path=/data/adodas/VarCoNet-V2-main/xiaolunwen/experiment1b/checkpoints/worker_r3_latest.pt
[CRSM] repeat=3 scope=internal_cv fold=1 epoch=70/149 train_loss=0.138826 val_bce=0.716620 best=N best_epoch=0 mass=(0.4961,0.5039) hard=(0.5890,0.4110) entropy=0.679991 delta_l2=(0.690202,0.686732) delta_cos=0.968427 epoch_seconds=2.55
CHECKPOINT_LATEST repeat=3 scope=internal_cv fold=1 phase=crsm epoch=80 path=/data/adodas/VarCoNet-V2-main/xiaolunwen/experiment1b/checkpoints/worker_r3_latest.pt
[CRSM] repeat=3 scope=internal_cv fold=1 epoch=80/149 train_loss=0.134118 val_bce=0.732187 best=N best_epoch=0 mass=(0.4951,0.5049) hard=(0.5653,0.4347) entropy=0.672013 delta_l2=(0.754547,0.749009) delta_cos=0.954143 epoch_seconds=0.87
CHECKPOINT_LATEST repeat=3 scope=internal_cv fold=1 phase=crsm epoch=90 path=/data/adodas/VarCoNet-V2-main/xiaolunwen/experiment1b/checkpoints/worker_r3_latest.pt
[CRSM] repeat=3 scope=internal_cv fold=1 epoch=90/149 train_loss=0.130341 val_bce=0.747728 best=N best_epoch=0 mass=(0.4942,0.5058) hard=(0.5549,0.4451) entropy=0.661771 delta_l2=(0.813743,0.805446) delta_cos=0.935884 epoch_seconds=0.68
CHECKPOINT_LATEST repeat=3 scope=internal_cv fold=1 phase=crsm epoch=100 path=/data/adodas/VarCoNet-V2-main/xiaolunwen/experiment1b/checkpoints/worker_r3_latest.pt
[CRSM] repeat=3 scope=internal_cv fold=1 epoch=100/149 train_loss=0.127256 val_bce=0.763102 best=N best_epoch=0 mass=(0.4935,0.5065) hard=(0.5504,0.4496) entropy=0.649648 delta_l2=(0.868643,0.857001) delta_cos=0.914264 epoch_seconds=0.78
CHECKPOINT_LATEST repeat=3 scope=internal_cv fold=1 phase=crsm epoch=110 path=/data/adodas/VarCoNet-V2-main/xiaolunwen/experiment1b/checkpoints/worker_r3_latest.pt
[CRSM] repeat=3 scope=internal_cv fold=1 epoch=110/149 train_loss=0.124705 val_bce=0.778206 best=N best_epoch=0 mass=(0.4930,0.5070) hard=(0.5460,0.4540) entropy=0.636214 delta_l2=(0.919838,0.904446) delta_cos=0.890244 epoch_seconds=0.69
CHECKPOINT_LATEST repeat=3 scope=internal_cv fold=1 phase=crsm epoch=120 path=/data/adodas/VarCoNet-V2-main/xiaolunwen/experiment1b/checkpoints/worker_r3_latest.pt
[CRSM] repeat=3 scope=internal_cv fold=1 epoch=120/149 train_loss=0.122580 val_bce=0.793014 best=N best_epoch=0 mass=(0.4928,0.5072) hard=(0.5445,0.4555) entropy=0.622105 delta_l2=(0.967736,0.948367) delta_cos=0.864858 epoch_seconds=0.65
CHECKPOINT_LATEST repeat=3 scope=internal_cv fold=1 phase=crsm epoch=130 path=/data/adodas/VarCoNet-V2-main/xiaolunwen/experiment1b/checkpoints/worker_r3_latest.pt
[CRSM] repeat=3 scope=internal_cv fold=1 epoch=130/149 train_loss=0.120801 val_bce=0.807432 best=N best_epoch=0 mass=(0.4927,0.5073) hard=(0.5371,0.4629) entropy=0.607902 delta_l2=(1.012631,0.989186) delta_cos=0.839041 epoch_seconds=0.52
CHECKPOINT_LATEST repeat=3 scope=internal_cv fold=1 phase=crsm epoch=140 path=/data/adodas/VarCoNet-V2-main/xiaolunwen/experiment1b/checkpoints/worker_r3_latest.pt
[CRSM] repeat=3 scope=internal_cv fold=1 epoch=140/149 train_loss=0.119306 val_bce=0.821409 best=N best_epoch=0 mass=(0.4928,0.5072) hard=(0.5401,0.4599) entropy=0.594054 delta_l2=(1.054766,1.027212) delta_cos=0.813533 epoch_seconds=0.63
TASK_TRAINING_DONE repeat=3 scope=internal_cv fold=1 base_encoder_epoch=40 base_classifier_epoch=33 base_val_bce=0.618053 selected_crsm_epoch=0 crsm_val_bce=0.618061 treatment_threshold=0.475588 elapsed_minutes=5.3
TASK_DONE repeat=3 scope=internal_fold fold=1 method=baseline selected_encoder_epoch=40 test_auc=0.668186 test_bce=0.637079 elapsed_minutes=5.3
TASK_DONE repeat=3 scope=internal_fold fold=1 method=control_referenced_soft_multiboundary selected_encoder_epoch=40 test_auc=0.668186 test_bce=0.637089 elapsed_minutes=5.3
TASK_START repeat=3 scope=internal_cv fold=2 seed=100302 device=cuda:0 shared_encoder=Y reference_unique_n=674 train_n=750 val_n=120
CHECKPOINT_BEST repeat=3 scope=internal_cv fold=2 phase=ssl epoch=1 path=/data/adodas/VarCoNet-V2-main/xiaolunwen/experiment1b/checkpoints/worker_r3_best.pt
[SSL] repeat=3 scope=internal_cv fold=2 epoch=1/50 ssl_loss=0.116808 lr=0.000024107 base_val_bce=0.647080 base_best=Y base_cls_epoch=38 epoch_seconds=3.8 task_elapsed_minutes=0.1 gpu_alloc_gb=0.318 gpu_reserved_gb=1.744
[SSL] repeat=3 scope=internal_cv fold=2 epoch=2/50 ssl_loss=0.117926 lr=0.000038214 base_val_bce=0.655237 base_best=N base_cls_epoch=31 epoch_seconds=3.6 task_elapsed_minutes=0.1 gpu_alloc_gb=0.317 gpu_reserved_gb=2.008
CHECKPOINT_BEST repeat=3 scope=internal_cv fold=2 phase=ssl epoch=3 path=/data/adodas/VarCoNet-V2-main/xiaolunwen/experiment1b/checkpoints/worker_r3_best.pt
[SSL] repeat=3 scope=internal_cv fold=2 epoch=3/50 ssl_loss=0.103788 lr=0.000052321 base_val_bce=0.640234 base_best=Y base_cls_epoch=26 epoch_seconds=9.8 task_elapsed_minutes=0.2 gpu_alloc_gb=0.318 gpu_reserved_gb=1.744
[SSL] repeat=3 scope=internal_cv fold=2 epoch=4/50 ssl_loss=0.095902 lr=0.000066427 base_val_bce=0.654559 base_best=N base_cls_epoch=28 epoch_seconds=8.1 task_elapsed_minutes=0.4 gpu_alloc_gb=0.317 gpu_reserved_gb=2.008
CHECKPOINT_BEST repeat=3 scope=internal_cv fold=2 phase=ssl epoch=5 path=/data/adodas/VarCoNet-V2-main/xiaolunwen/experiment1b/checkpoints/worker_r3_best.pt
[SSL] repeat=3 scope=internal_cv fold=2 epoch=5/50 ssl_loss=0.098185 lr=0.000080534 base_val_bce=0.631734 base_best=Y base_cls_epoch=27 epoch_seconds=19.5 task_elapsed_minutes=0.6 gpu_alloc_gb=0.318 gpu_reserved_gb=1.744
[SSL] repeat=3 scope=internal_cv fold=2 epoch=6/50 ssl_loss=0.086142 lr=0.000094641 base_val_bce=0.638222 base_best=N base_cls_epoch=29 epoch_seconds=10.5 task_elapsed_minutes=0.9 gpu_alloc_gb=0.317 gpu_reserved_gb=2.008
CHECKPOINT_BEST repeat=3 scope=internal_cv fold=2 phase=ssl epoch=7 path=/data/adodas/VarCoNet-V2-main/xiaolunwen/experiment1b/checkpoints/worker_r3_best.pt
[SSL] repeat=3 scope=internal_cv fold=2 epoch=7/50 ssl_loss=0.082223 lr=0.000108748 base_val_bce=0.626404 base_best=Y base_cls_epoch=34 epoch_seconds=12.0 task_elapsed_minutes=1.1 gpu_alloc_gb=0.318 gpu_reserved_gb=1.744
[SSL] repeat=3 scope=internal_cv fold=2 epoch=8/50 ssl_loss=0.078051 lr=0.000122855 base_val_bce=0.630339 base_best=N base_cls_epoch=27 epoch_seconds=11.7 task_elapsed_minutes=1.3 gpu_alloc_gb=0.317 gpu_reserved_gb=2.008
[SSL] repeat=3 scope=internal_cv fold=2 epoch=9/50 ssl_loss=0.080172 lr=0.000136962 base_val_bce=0.629176 base_best=N base_cls_epoch=32 epoch_seconds=8.5 task_elapsed_minutes=1.5 gpu_alloc_gb=0.318 gpu_reserved_gb=1.744
[MONITOR] durable progress mirror created; worker stdout uses detailed [SSL]/[CRSM] fields and rolling checkpoints.
CHECKPOINT_BEST repeat=3 scope=internal_cv fold=2 phase=ssl epoch=10 path=/data/adodas/VarCoNet-V2-main/xiaolunwen/experiment1b/checkpoints/worker_r3_best.pt
CHECKPOINT_LATEST repeat=3 scope=internal_cv fold=2 phase=ssl epoch=10 path=/data/adodas/VarCoNet-V2-main/xiaolunwen/experiment1b/checkpoints/worker_r3_latest.pt
[SSL] repeat=3 scope=internal_cv fold=2 epoch=10/50 ssl_loss=0.062464 lr=0.000136962 base_val_bce=0.617726 base_best=Y base_cls_epoch=35 epoch_seconds=16.4 task_elapsed_minutes=1.6 gpu_alloc_gb=0.317 gpu_reserved_gb=2.008
CHECKPOINT_BEST repeat=3 scope=internal_cv fold=2 phase=ssl epoch=11 path=/data/adodas/VarCoNet-V2-main/xiaolunwen/experiment1b/checkpoints/worker_r3_best.pt
[SSL] repeat=3 scope=internal_cv fold=2 epoch=11/50 ssl_loss=0.056854 lr=0.000136751 base_val_bce=0.614699 base_best=Y base_cls_epoch=34 epoch_seconds=10.6 task_elapsed_minutes=1.9 gpu_alloc_gb=0.318 gpu_reserved_gb=1.744
CHECKPOINT_BEST repeat=3 scope=internal_cv fold=2 phase=ssl epoch=12 path=/data/adodas/VarCoNet-V2-main/xiaolunwen/experiment1b/checkpoints/worker_r3_best.pt
[SSL] repeat=3 scope=internal_cv fold=2 epoch=12/50 ssl_loss=0.062550 lr=0.000136119 base_val_bce=0.614505 base_best=Y base_cls_epoch=38 epoch_seconds=9.5 task_elapsed_minutes=2.1 gpu_alloc_gb=0.317 gpu_reserved_gb=2.008
[SSL] repeat=3 scope=internal_cv fold=2 epoch=13/50 ssl_loss=0.063943 lr=0.000135070 base_val_bce=0.622524 base_best=N base_cls_epoch=43 epoch_seconds=8.5 task_elapsed_minutes=2.2 gpu_alloc_gb=0.318 gpu_reserved_gb=1.744
CHECKPOINT_BEST repeat=3 scope=internal_cv fold=2 phase=ssl epoch=14 path=/data/adodas/VarCoNet-V2-main/xiaolunwen/experiment1b/checkpoints/worker_r3_best.pt
[SSL] repeat=3 scope=internal_cv fold=2 epoch=14/50 ssl_loss=0.065580 lr=0.000133610 base_val_bce=0.610052 base_best=Y base_cls_epoch=38 epoch_seconds=7.2 task_elapsed_minutes=2.3 gpu_alloc_gb=0.317 gpu_reserved_gb=2.008
CHECKPOINT_BEST repeat=3 scope=internal_cv fold=2 phase=ssl epoch=15 path=/data/adodas/VarCoNet-V2-main/xiaolunwen/experiment1b/checkpoints/worker_r3_best.pt
[SSL] repeat=3 scope=internal_cv fold=2 epoch=15/50 ssl_loss=0.057752 lr=0.000131749 base_val_bce=0.608388 base_best=Y base_cls_epoch=40 epoch_seconds=18.1 task_elapsed_minutes=2.5 gpu_alloc_gb=0.318 gpu_reserved_gb=1.744
[SSL] repeat=3 scope=internal_cv fold=2 epoch=16/50 ssl_loss=0.054890 lr=0.000129498 base_val_bce=0.611900 base_best=N base_cls_epoch=40 epoch_seconds=9.2 task_elapsed_minutes=2.8 gpu_alloc_gb=0.317 gpu_reserved_gb=2.008
[SSL] repeat=3 scope=internal_cv fold=2 epoch=17/50 ssl_loss=0.044628 lr=0.000126870 base_val_bce=0.614006 base_best=N base_cls_epoch=44 epoch_seconds=6.1 task_elapsed_minutes=2.9 gpu_alloc_gb=0.318 gpu_reserved_gb=1.744
[SSL] repeat=3 scope=internal_cv fold=2 epoch=18/50 ssl_loss=0.060538 lr=0.000123883 base_val_bce=0.623665 base_best=N base_cls_epoch=45 epoch_seconds=9.2 task_elapsed_minutes=3.0 gpu_alloc_gb=0.317 gpu_reserved_gb=2.008
[SSL] repeat=3 scope=internal_cv fold=2 epoch=19/50 ssl_loss=0.043019 lr=0.000120554 base_val_bce=0.609272 base_best=N base_cls_epoch=43 epoch_seconds=7.4 task_elapsed_minutes=3.2 gpu_alloc_gb=0.318 gpu_reserved_gb=1.744
CHECKPOINT_LATEST repeat=3 scope=internal_cv fold=2 phase=ssl epoch=20 path=/data/adodas/VarCoNet-V2-main/xiaolunwen/experiment1b/checkpoints/worker_r3_latest.pt
[SSL] repeat=3 scope=internal_cv fold=2 epoch=20/50 ssl_loss=0.051141 lr=0.000116904 base_val_bce=0.617517 base_best=N base_cls_epoch=41 epoch_seconds=8.2 task_elapsed_minutes=3.3 gpu_alloc_gb=0.317 gpu_reserved_gb=2.008
[SSL] repeat=3 scope=internal_cv fold=2 epoch=21/50 ssl_loss=0.050039 lr=0.000112956 base_val_bce=0.620170 base_best=N base_cls_epoch=39 epoch_seconds=12.6 task_elapsed_minutes=3.5 gpu_alloc_gb=0.318 gpu_reserved_gb=1.744
[SSL] repeat=3 scope=internal_cv fold=2 epoch=22/50 ssl_loss=0.051670 lr=0.000108733 base_val_bce=0.619168 base_best=N base_cls_epoch=44 epoch_seconds=12.7 task_elapsed_minutes=3.7 gpu_alloc_gb=0.317 gpu_reserved_gb=2.008
[SSL] repeat=3 scope=internal_cv fold=2 epoch=23/50 ssl_loss=0.045720 lr=0.000104262 base_val_bce=0.611842 base_best=N base_cls_epoch=44 epoch_seconds=7.7 task_elapsed_minutes=3.9 gpu_alloc_gb=0.318 gpu_reserved_gb=1.744
[SSL] repeat=3 scope=internal_cv fold=2 epoch=24/50 ssl_loss=0.048742 lr=0.000099570 base_val_bce=0.616399 base_best=N base_cls_epoch=48 epoch_seconds=7.4 task_elapsed_minutes=4.0 gpu_alloc_gb=0.317 gpu_reserved_gb=2.008
[SSL] repeat=3 scope=internal_cv fold=2 epoch=25/50 ssl_loss=0.049220 lr=0.000094687 base_val_bce=0.624168 base_best=N base_cls_epoch=43 epoch_seconds=8.4 task_elapsed_minutes=4.1 gpu_alloc_gb=0.318 gpu_reserved_gb=1.744
[SSL] repeat=3 scope=internal_cv fold=2 epoch=26/50 ssl_loss=0.053444 lr=0.000089643 base_val_bce=0.616242 base_best=N base_cls_epoch=45 epoch_seconds=6.6 task_elapsed_minutes=4.2 gpu_alloc_gb=0.317 gpu_reserved_gb=2.008
[SSL] repeat=3 scope=internal_cv fold=2 epoch=27/50 ssl_loss=0.047556 lr=0.000084467 base_val_bce=0.620970 base_best=N base_cls_epoch=44 epoch_seconds=6.6 task_elapsed_minutes=4.3 gpu_alloc_gb=0.318 gpu_reserved_gb=1.744
[SSL] repeat=3 scope=internal_cv fold=2 epoch=28/50 ssl_loss=0.044289 lr=0.000079194 base_val_bce=0.623747 base_best=N base_cls_epoch=48 epoch_seconds=3.8 task_elapsed_minutes=4.4 gpu_alloc_gb=0.317 gpu_reserved_gb=2.008
[SSL] repeat=3 scope=internal_cv fold=2 epoch=29/50 ssl_loss=0.054952 lr=0.000073854 base_val_bce=0.617132 base_best=N base_cls_epoch=43 epoch_seconds=3.8 task_elapsed_minutes=4.5 gpu_alloc_gb=0.318 gpu_reserved_gb=1.744
CHECKPOINT_LATEST repeat=3 scope=internal_cv fold=2 phase=ssl epoch=30 path=/data/adodas/VarCoNet-V2-main/xiaolunwen/experiment1b/checkpoints/worker_r3_latest.pt
[SSL] repeat=3 scope=internal_cv fold=2 epoch=30/50 ssl_loss=0.034219 lr=0.000068481 base_val_bce=0.620255 base_best=N base_cls_epoch=43 epoch_seconds=5.6 task_elapsed_minutes=4.5 gpu_alloc_gb=0.317 gpu_reserved_gb=2.008
[SSL] repeat=3 scope=internal_cv fold=2 epoch=31/50 ssl_loss=0.037419 lr=0.000063108 base_val_bce=0.622409 base_best=N base_cls_epoch=44 epoch_seconds=8.0 task_elapsed_minutes=4.7 gpu_alloc_gb=0.318 gpu_reserved_gb=1.744
[SSL] repeat=3 scope=internal_cv fold=2 epoch=32/50 ssl_loss=0.036604 lr=0.000057768 base_val_bce=0.617929 base_best=N base_cls_epoch=45 epoch_seconds=12.4 task_elapsed_minutes=4.9 gpu_alloc_gb=0.317 gpu_reserved_gb=2.008
[SSL] repeat=3 scope=internal_cv fold=2 epoch=33/50 ssl_loss=0.032502 lr=0.000052494 base_val_bce=0.619887 base_best=N base_cls_epoch=42 epoch_seconds=12.6 task_elapsed_minutes=5.1 gpu_alloc_gb=0.318 gpu_reserved_gb=1.744
[SSL] repeat=3 scope=internal_cv fold=2 epoch=34/50 ssl_loss=0.046661 lr=0.000047319 base_val_bce=0.615038 base_best=N base_cls_epoch=45 epoch_seconds=8.9 task_elapsed_minutes=5.3 gpu_alloc_gb=0.317 gpu_reserved_gb=2.008
[SSL] repeat=3 scope=internal_cv fold=2 epoch=35/50 ssl_loss=0.043017 lr=0.000042274 base_val_bce=0.617772 base_best=N base_cls_epoch=42 epoch_seconds=13.0 task_elapsed_minutes=5.5 gpu_alloc_gb=0.318 gpu_reserved_gb=1.744
[SSL] repeat=3 scope=internal_cv fold=2 epoch=36/50 ssl_loss=0.038355 lr=0.000037391 base_val_bce=0.620072 base_best=N base_cls_epoch=41 epoch_seconds=12.7 task_elapsed_minutes=5.7 gpu_alloc_gb=0.317 gpu_reserved_gb=2.008
[SSL] repeat=3 scope=internal_cv fold=2 epoch=37/50 ssl_loss=0.040043 lr=0.000032700 base_val_bce=0.621380 base_best=N base_cls_epoch=45 epoch_seconds=10.5 task_elapsed_minutes=5.9 gpu_alloc_gb=0.318 gpu_reserved_gb=1.744
[SSL] repeat=3 scope=internal_cv fold=2 epoch=38/50 ssl_loss=0.040292 lr=0.000028229 base_val_bce=0.625012 base_best=N base_cls_epoch=43 epoch_seconds=7.0 task_elapsed_minutes=6.0 gpu_alloc_gb=0.317 gpu_reserved_gb=2.008
[SSL] repeat=3 scope=internal_cv fold=2 epoch=39/50 ssl_loss=0.043527 lr=0.000024006 base_val_bce=0.627003 base_best=N base_cls_epoch=43 epoch_seconds=4.5 task_elapsed_minutes=6.1 gpu_alloc_gb=0.318 gpu_reserved_gb=1.744
CHECKPOINT_LATEST repeat=3 scope=internal_cv fold=2 phase=ssl epoch=40 path=/data/adodas/VarCoNet-V2-main/xiaolunwen/experiment1b/checkpoints/worker_r3_latest.pt
[SSL] repeat=3 scope=internal_cv fold=2 epoch=40/50 ssl_loss=0.036992 lr=0.000020058 base_val_bce=0.615518 base_best=N base_cls_epoch=41 epoch_seconds=4.1 task_elapsed_minutes=6.1 gpu_alloc_gb=0.317 gpu_reserved_gb=2.008
[SSL] repeat=3 scope=internal_cv fold=2 epoch=41/50 ssl_loss=0.041255 lr=0.000016408 base_val_bce=0.618136 base_best=N base_cls_epoch=46 epoch_seconds=6.0 task_elapsed_minutes=6.2 gpu_alloc_gb=0.318 gpu_reserved_gb=1.744
[SSL] repeat=3 scope=internal_cv fold=2 epoch=42/50 ssl_loss=0.036869 lr=0.000013079 base_val_bce=0.613893 base_best=N base_cls_epoch=45 epoch_seconds=5.6 task_elapsed_minutes=6.3 gpu_alloc_gb=0.317 gpu_reserved_gb=2.008
[SSL] repeat=3 scope=internal_cv fold=2 epoch=43/50 ssl_loss=0.052249 lr=0.000010091 base_val_bce=0.620510 base_best=N base_cls_epoch=46 epoch_seconds=7.5 task_elapsed_minutes=6.4 gpu_alloc_gb=0.318 gpu_reserved_gb=1.744
[SSL] repeat=3 scope=internal_cv fold=2 epoch=44/50 ssl_loss=0.042150 lr=0.000007464 base_val_bce=0.614695 base_best=N base_cls_epoch=44 epoch_seconds=3.7 task_elapsed_minutes=6.5 gpu_alloc_gb=0.317 gpu_reserved_gb=2.008
[SSL] repeat=3 scope=internal_cv fold=2 epoch=45/50 ssl_loss=0.038392 lr=0.000005213 base_val_bce=0.626103 base_best=N base_cls_epoch=45 epoch_seconds=3.3 task_elapsed_minutes=6.6 gpu_alloc_gb=0.318 gpu_reserved_gb=1.744
[SSL] repeat=3 scope=internal_cv fold=2 epoch=46/50 ssl_loss=0.035880 lr=0.000003352 base_val_bce=0.622067 base_best=N base_cls_epoch=45 epoch_seconds=2.4 task_elapsed_minutes=6.6 gpu_alloc_gb=0.317 gpu_reserved_gb=2.008
[SSL] repeat=3 scope=internal_cv fold=2 epoch=47/50 ssl_loss=0.044343 lr=0.000001892 base_val_bce=0.620519 base_best=N base_cls_epoch=49 epoch_seconds=13.0 task_elapsed_minutes=6.8 gpu_alloc_gb=0.318 gpu_reserved_gb=1.744
[SSL] repeat=3 scope=internal_cv fold=2 epoch=48/50 ssl_loss=0.034297 lr=0.000000843 base_val_bce=0.619932 base_best=N base_cls_epoch=43 epoch_seconds=14.8 task_elapsed_minutes=7.1 gpu_alloc_gb=0.317 gpu_reserved_gb=2.008
[SSL] repeat=3 scope=internal_cv fold=2 epoch=49/50 ssl_loss=0.040753 lr=0.000000211 base_val_bce=0.614071 base_best=N base_cls_epoch=47 epoch_seconds=11.0 task_elapsed_minutes=7.2 gpu_alloc_gb=0.318 gpu_reserved_gb=1.744
CHECKPOINT_BEST repeat=3 scope=internal_cv fold=2 phase=ssl epoch=50 path=/data/adodas/VarCoNet-V2-main/xiaolunwen/experiment1b/checkpoints/worker_r3_best.pt
CHECKPOINT_LATEST repeat=3 scope=internal_cv fold=2 phase=ssl epoch=50 path=/data/adodas/VarCoNet-V2-main/xiaolunwen/experiment1b/checkpoints/worker_r3_latest.pt
[SSL] repeat=3 scope=internal_cv fold=2 epoch=50/50 ssl_loss=0.050939 lr=0.000000000 base_val_bce=0.604994 base_best=Y base_cls_epoch=46 epoch_seconds=10.2 task_elapsed_minutes=7.4 gpu_alloc_gb=0.317 gpu_reserved_gb=2.008
CRSM_INIT repeat=3 scope=internal_cv fold=2 n_experts=2 tau=1.0 trainable_parameters=147074 hc_centroid_norm=22.921303 pca_unit_norm=1.00000000 pca_singular=139.951904 sigma_margin=1.766873 sigma_projection=7.406681 ratio=0.0100 scale=0.00238551316 epoch0_val_bce=0.605011
CHECKPOINT_LATEST repeat=3 scope=internal_cv fold=2 phase=crsm epoch=0 path=/data/adodas/VarCoNet-V2-main/xiaolunwen/experiment1b/checkpoints/worker_r3_latest.pt
CHECKPOINT_BEST repeat=3 scope=internal_cv fold=2 phase=crsm epoch=0 path=/data/adodas/VarCoNet-V2-main/xiaolunwen/experiment1b/checkpoints/worker_r3_best.pt
CHECKPOINT_LATEST repeat=3 scope=internal_cv fold=2 phase=crsm epoch=10 path=/data/adodas/VarCoNet-V2-main/xiaolunwen/experiment1b/checkpoints/worker_r3_latest.pt
[CRSM] repeat=3 scope=internal_cv fold=2 epoch=10/149 train_loss=0.158996 val_bce=0.609378 best=N best_epoch=0 mass=(0.5001,0.4999) hard=(0.3591,0.6409) entropy=0.692869 delta_l2=(0.130119,0.130247) delta_cos=0.989407 epoch_seconds=0.24
CHECKPOINT_LATEST repeat=3 scope=internal_cv fold=2 phase=crsm epoch=20 path=/data/adodas/VarCoNet-V2-main/xiaolunwen/experiment1b/checkpoints/worker_r3_latest.pt
[CRSM] repeat=3 scope=internal_cv fold=2 epoch=20/149 train_loss=0.139130 val_bce=0.616031 best=N best_epoch=0 mass=(0.5003,0.4997) hard=(0.3561,0.6439) entropy=0.692585 delta_l2=(0.248780,0.248939) delta_cos=0.990608 epoch_seconds=0.22
CHECKPOINT_LATEST repeat=3 scope=internal_cv fold=2 phase=crsm epoch=30 path=/data/adodas/VarCoNet-V2-main/xiaolunwen/experiment1b/checkpoints/worker_r3_latest.pt
[CRSM] repeat=3 scope=internal_cv fold=2 epoch=30/149 train_loss=0.125015 val_bce=0.625438 best=N best_epoch=0 mass=(0.5007,0.4993) hard=(0.3694,0.6306) entropy=0.692064 delta_l2=(0.355949,0.356205) delta_cos=0.989596 epoch_seconds=0.41
CHECKPOINT_LATEST repeat=3 scope=internal_cv fold=2 phase=crsm epoch=40 path=/data/adodas/VarCoNet-V2-main/xiaolunwen/experiment1b/checkpoints/worker_r3_latest.pt
[CRSM] repeat=3 scope=internal_cv fold=2 epoch=40/149 train_loss=0.114858 val_bce=0.637319 best=N best_epoch=0 mass=(0.5013,0.4987) hard=(0.3783,0.6217) entropy=0.691088 delta_l2=(0.451909,0.452459) delta_cos=0.986925 epoch_seconds=1.77
CHECKPOINT_LATEST repeat=3 scope=internal_cv fold=2 phase=crsm epoch=50 path=/data/adodas/VarCoNet-V2-main/xiaolunwen/experiment1b/checkpoints/worker_r3_latest.pt
[CRSM] repeat=3 scope=internal_cv fold=2 epoch=50/149 train_loss=0.107445 val_bce=0.650424 best=N best_epoch=0 mass=(0.5022,0.4978) hard=(0.3932,0.6068) entropy=0.689232 delta_l2=(0.537594,0.538694) delta_cos=0.982289 epoch_seconds=0.88
CHECKPOINT_LATEST repeat=3 scope=internal_cv fold=2 phase=crsm epoch=60 path=/data/adodas/VarCoNet-V2-main/xiaolunwen/experiment1b/checkpoints/worker_r3_latest.pt
[CRSM] repeat=3 scope=internal_cv fold=2 epoch=60/149 train_loss=0.101931 val_bce=0.664261 best=N best_epoch=0 mass=(0.5034,0.4966) hard=(0.4080,0.5920) entropy=0.685951 delta_l2=(0.614091,0.616080) delta_cos=0.974923 epoch_seconds=1.18
CHECKPOINT_LATEST repeat=3 scope=internal_cv fold=2 phase=crsm epoch=70 path=/data/adodas/VarCoNet-V2-main/xiaolunwen/experiment1b/checkpoints/worker_r3_latest.pt
[CRSM] repeat=3 scope=internal_cv fold=2 epoch=70/149 train_loss=0.097729 val_bce=0.678168 best=N best_epoch=0 mass=(0.5047,0.4953) hard=(0.4199,0.5801) entropy=0.680552 delta_l2=(0.682530,0.685856) delta_cos=0.963774 epoch_seconds=0.66
CHECKPOINT_LATEST repeat=3 scope=internal_cv fold=2 phase=crsm epoch=80 path=/data/adodas/VarCoNet-V2-main/xiaolunwen/experiment1b/checkpoints/worker_r3_latest.pt
[CRSM] repeat=3 scope=internal_cv fold=2 epoch=80/149 train_loss=0.094436 val_bce=0.691938 best=N best_epoch=0 mass=(0.5062,0.4938) hard=(0.4332,0.5668) entropy=0.672390 delta_l2=(0.744086,0.749269) delta_cos=0.947873 epoch_seconds=0.32
CHECKPOINT_LATEST repeat=3 scope=internal_cv fold=2 phase=crsm epoch=90 path=/data/adodas/VarCoNet-V2-main/xiaolunwen/experiment1b/checkpoints/worker_r3_latest.pt
[CRSM] repeat=3 scope=internal_cv fold=2 epoch=90/149 train_loss=0.091785 val_bce=0.705537 best=N best_epoch=0 mass=(0.5075,0.4925) hard=(0.4407,0.5593) entropy=0.661298 delta_l2=(0.799931,0.807467) delta_cos=0.926861 epoch_seconds=0.25
CHECKPOINT_LATEST repeat=3 scope=internal_cv fold=2 phase=crsm epoch=100 path=/data/adodas/VarCoNet-V2-main/xiaolunwen/experiment1b/checkpoints/worker_r3_latest.pt
[CRSM] repeat=3 scope=internal_cv fold=2 epoch=100/149 train_loss=0.089607 val_bce=0.718900 best=N best_epoch=0 mass=(0.5085,0.4915) hard=(0.4496,0.5504) entropy=0.647753 delta_l2=(0.851077,0.861385) delta_cos=0.901323 epoch_seconds=0.48
CHECKPOINT_LATEST repeat=3 scope=internal_cv fold=2 phase=crsm epoch=110 path=/data/adodas/VarCoNet-V2-main/xiaolunwen/experiment1b/checkpoints/worker_r3_latest.pt
[CRSM] repeat=3 scope=internal_cv fold=2 epoch=110/149 train_loss=0.087802 val_bce=0.732015 best=N best_epoch=0 mass=(0.5090,0.4910) hard=(0.4510,0.5490) entropy=0.632676 delta_l2=(0.898250,0.911692) delta_cos=0.872605 epoch_seconds=0.29
CHECKPOINT_LATEST repeat=3 scope=internal_cv fold=2 phase=crsm epoch=120 path=/data/adodas/VarCoNet-V2-main/xiaolunwen/experiment1b/checkpoints/worker_r3_latest.pt
[CRSM] repeat=3 scope=internal_cv fold=2 epoch=120/149 train_loss=0.086300 val_bce=0.744808 best=N best_epoch=0 mass=(0.5091,0.4909) hard=(0.4540,0.5460) entropy=0.617022 delta_l2=(0.941915,0.958834) delta_cos=0.842279 epoch_seconds=0.68
CHECKPOINT_LATEST repeat=3 scope=internal_cv fold=2 phase=crsm epoch=130 path=/data/adodas/VarCoNet-V2-main/xiaolunwen/experiment1b/checkpoints/worker_r3_latest.pt
[CRSM] repeat=3 scope=internal_cv fold=2 epoch=130/149 train_loss=0.085048 val_bce=0.757251 best=N best_epoch=0 mass=(0.5088,0.4912) hard=(0.4599,0.5401) entropy=0.601567 delta_l2=(0.982378,1.003102) delta_cos=0.811730 epoch_seconds=0.32
CHECKPOINT_LATEST repeat=3 scope=internal_cv fold=2 phase=crsm epoch=140 path=/data/adodas/VarCoNet-V2-main/xiaolunwen/experiment1b/checkpoints/worker_r3_latest.pt
[CRSM] repeat=3 scope=internal_cv fold=2 epoch=140/149 train_loss=0.084004 val_bce=0.769341 best=N best_epoch=0 mass=(0.5083,0.4917) hard=(0.4555,0.5445) entropy=0.586824 delta_l2=(1.019884,1.044703) delta_cos=0.781967 epoch_seconds=0.24
TASK_TRAINING_DONE repeat=3 scope=internal_cv fold=2 base_encoder_epoch=50 base_classifier_epoch=46 base_val_bce=0.604994 selected_crsm_epoch=0 crsm_val_bce=0.605011 treatment_threshold=0.408839 elapsed_minutes=7.8
TASK_DONE repeat=3 scope=internal_fold fold=2 method=baseline selected_encoder_epoch=50 test_auc=0.715839 test_bce=0.618826 elapsed_minutes=7.8
TASK_DONE repeat=3 scope=internal_fold fold=2 method=control_referenced_soft_multiboundary selected_encoder_epoch=50 test_auc=0.715839 test_bce=0.618815 elapsed_minutes=7.8
TASK_START repeat=3 scope=internal_cv fold=3 seed=100303 device=cuda:0 shared_encoder=Y reference_unique_n=674 train_n=750 val_n=120
CHECKPOINT_BEST repeat=3 scope=internal_cv fold=3 phase=ssl epoch=1 path=/data/adodas/VarCoNet-V2-main/xiaolunwen/experiment1b/checkpoints/worker_r3_best.pt
[SSL] repeat=3 scope=internal_cv fold=3 epoch=1/50 ssl_loss=0.123662 lr=0.000024107 base_val_bce=0.607160 base_best=Y base_cls_epoch=49 epoch_seconds=5.5 task_elapsed_minutes=0.1 gpu_alloc_gb=0.318 gpu_reserved_gb=1.744
CHECKPOINT_BEST repeat=3 scope=internal_cv fold=3 phase=ssl epoch=2 path=/data/adodas/VarCoNet-V2-main/xiaolunwen/experiment1b/checkpoints/worker_r3_best.pt
[SSL] repeat=3 scope=internal_cv fold=3 epoch=2/50 ssl_loss=0.103844 lr=0.000038214 base_val_bce=0.606372 base_best=Y base_cls_epoch=44 epoch_seconds=4.1 task_elapsed_minutes=0.2 gpu_alloc_gb=0.317 gpu_reserved_gb=2.008
CHECKPOINT_BEST repeat=3 scope=internal_cv fold=3 phase=ssl epoch=3 path=/data/adodas/VarCoNet-V2-main/xiaolunwen/experiment1b/checkpoints/worker_r3_best.pt
[SSL] repeat=3 scope=internal_cv fold=3 epoch=3/50 ssl_loss=0.129759 lr=0.000052321 base_val_bce=0.592105 base_best=Y base_cls_epoch=48 epoch_seconds=19.0 task_elapsed_minutes=0.2 gpu_alloc_gb=0.318 gpu_reserved_gb=1.744
CHECKPOINT_BEST repeat=3 scope=internal_cv fold=3 phase=ssl epoch=4 path=/data/adodas/VarCoNet-V2-main/xiaolunwen/experiment1b/checkpoints/worker_r3_best.pt
[SSL] repeat=3 scope=internal_cv fold=3 epoch=4/50 ssl_loss=0.104816 lr=0.000066427 base_val_bce=0.591140 base_best=Y base_cls_epoch=45 epoch_seconds=7.3 task_elapsed_minutes=0.6 gpu_alloc_gb=0.317 gpu_reserved_gb=2.008
[SSL] repeat=3 scope=internal_cv fold=3 epoch=5/50 ssl_loss=0.097380 lr=0.000080534 base_val_bce=0.592307 base_best=N base_cls_epoch=46 epoch_seconds=11.1 task_elapsed_minutes=0.8 gpu_alloc_gb=0.318 gpu_reserved_gb=1.744
CHECKPOINT_BEST repeat=3 scope=internal_cv fold=3 phase=ssl epoch=6 path=/data/adodas/VarCoNet-V2-main/xiaolunwen/experiment1b/checkpoints/worker_r3_best.pt
[SSL] repeat=3 scope=internal_cv fold=3 epoch=6/50 ssl_loss=0.089423 lr=0.000094641 base_val_bce=0.585164 base_best=Y base_cls_epoch=38 epoch_seconds=9.8 task_elapsed_minutes=0.9 gpu_alloc_gb=0.317 gpu_reserved_gb=2.008
[SSL] repeat=3 scope=internal_cv fold=3 epoch=7/50 ssl_loss=0.081278 lr=0.000108748 base_val_bce=0.590009 base_best=N base_cls_epoch=47 epoch_seconds=11.1 task_elapsed_minutes=1.1 gpu_alloc_gb=0.318 gpu_reserved_gb=1.744
CHECKPOINT_BEST repeat=3 scope=internal_cv fold=3 phase=ssl epoch=8 path=/data/adodas/VarCoNet-V2-main/xiaolunwen/experiment1b/checkpoints/worker_r3_best.pt
[SSL] repeat=3 scope=internal_cv fold=3 epoch=8/50 ssl_loss=0.070224 lr=0.000122855 base_val_bce=0.576412 base_best=Y base_cls_epoch=38 epoch_seconds=11.1 task_elapsed_minutes=1.3 gpu_alloc_gb=0.317 gpu_reserved_gb=2.008
CHECKPOINT_BEST repeat=3 scope=internal_cv fold=3 phase=ssl epoch=9 path=/data/adodas/VarCoNet-V2-main/xiaolunwen/experiment1b/checkpoints/worker_r3_best.pt
[SSL] repeat=3 scope=internal_cv fold=3 epoch=9/50 ssl_loss=0.065564 lr=0.000136962 base_val_bce=0.575652 base_best=Y base_cls_epoch=43 epoch_seconds=11.0 task_elapsed_minutes=1.5 gpu_alloc_gb=0.318 gpu_reserved_gb=1.744
CHECKPOINT_BEST repeat=3 scope=internal_cv fold=3 phase=ssl epoch=10 path=/data/adodas/VarCoNet-V2-main/xiaolunwen/experiment1b/checkpoints/worker_r3_best.pt
CHECKPOINT_LATEST repeat=3 scope=internal_cv fold=3 phase=ssl epoch=10 path=/data/adodas/VarCoNet-V2-main/xiaolunwen/experiment1b/checkpoints/worker_r3_latest.pt
[SSL] repeat=3 scope=internal_cv fold=3 epoch=10/50 ssl_loss=0.063380 lr=0.000136962 base_val_bce=0.573794 base_best=Y base_cls_epoch=45 epoch_seconds=11.4 task_elapsed_minutes=1.7 gpu_alloc_gb=0.317 gpu_reserved_gb=2.008
CHECKPOINT_BEST repeat=3 scope=internal_cv fold=3 phase=ssl epoch=11 path=/data/adodas/VarCoNet-V2-main/xiaolunwen/experiment1b/checkpoints/worker_r3_best.pt
[SSL] repeat=3 scope=internal_cv fold=3 epoch=11/50 ssl_loss=0.078472 lr=0.000136751 base_val_bce=0.569632 base_best=Y base_cls_epoch=53 epoch_seconds=8.7 task_elapsed_minutes=1.8 gpu_alloc_gb=0.318 gpu_reserved_gb=1.744
[SSL] repeat=3 scope=internal_cv fold=3 epoch=12/50 ssl_loss=0.074400 lr=0.000136119 base_val_bce=0.571352 base_best=N base_cls_epoch=49 epoch_seconds=6.0 task_elapsed_minutes=1.9 gpu_alloc_gb=0.317 gpu_reserved_gb=2.008
[SSL] repeat=3 scope=internal_cv fold=3 epoch=13/50 ssl_loss=0.062270 lr=0.000135070 base_val_bce=0.572015 base_best=N base_cls_epoch=50 epoch_seconds=6.8 task_elapsed_minutes=2.1 gpu_alloc_gb=0.318 gpu_reserved_gb=1.744
[SSL] repeat=3 scope=internal_cv fold=3 epoch=14/50 ssl_loss=0.076882 lr=0.000133610 base_val_bce=0.576347 base_best=N base_cls_epoch=46 epoch_seconds=4.0 task_elapsed_minutes=2.1 gpu_alloc_gb=0.317 gpu_reserved_gb=2.008
[SSL] repeat=3 scope=internal_cv fold=3 epoch=15/50 ssl_loss=0.059099 lr=0.000131749 base_val_bce=0.575507 base_best=N base_cls_epoch=52 epoch_seconds=4.4 task_elapsed_minutes=2.2 gpu_alloc_gb=0.318 gpu_reserved_gb=1.744
[SSL] repeat=3 scope=internal_cv fold=3 epoch=16/50 ssl_loss=0.064468 lr=0.000129498 base_val_bce=0.571608 base_best=N base_cls_epoch=53 epoch_seconds=3.7 task_elapsed_minutes=2.3 gpu_alloc_gb=0.317 gpu_reserved_gb=2.008
[SSL] repeat=3 scope=internal_cv fold=3 epoch=17/50 ssl_loss=0.058779 lr=0.000126870 base_val_bce=0.571933 base_best=N base_cls_epoch=50 epoch_seconds=3.3 task_elapsed_minutes=2.3 gpu_alloc_gb=0.318 gpu_reserved_gb=1.744
[SSL] repeat=3 scope=internal_cv fold=3 epoch=18/50 ssl_loss=0.051285 lr=0.000123883 base_val_bce=0.580888 base_best=N base_cls_epoch=53 epoch_seconds=5.0 task_elapsed_minutes=2.4 gpu_alloc_gb=0.317 gpu_reserved_gb=2.008
CHECKPOINT_BEST repeat=3 scope=internal_cv fold=3 phase=ssl epoch=19 path=/data/adodas/VarCoNet-V2-main/xiaolunwen/experiment1b/checkpoints/worker_r3_best.pt
[SSL] repeat=3 scope=internal_cv fold=3 epoch=19/50 ssl_loss=0.059193 lr=0.000120554 base_val_bce=0.569609 base_best=Y base_cls_epoch=49 epoch_seconds=8.5 task_elapsed_minutes=2.5 gpu_alloc_gb=0.318 gpu_reserved_gb=1.744
CHECKPOINT_LATEST repeat=3 scope=internal_cv fold=3 phase=ssl epoch=20 path=/data/adodas/VarCoNet-V2-main/xiaolunwen/experiment1b/checkpoints/worker_r3_latest.pt
[SSL] repeat=3 scope=internal_cv fold=3 epoch=20/50 ssl_loss=0.043546 lr=0.000116904 base_val_bce=0.571710 base_best=N base_cls_epoch=46 epoch_seconds=8.6 task_elapsed_minutes=2.7 gpu_alloc_gb=0.317 gpu_reserved_gb=2.008
[SSL] repeat=3 scope=internal_cv fold=3 epoch=21/50 ssl_loss=0.050745 lr=0.000112956 base_val_bce=0.569677 base_best=N base_cls_epoch=44 epoch_seconds=6.6 task_elapsed_minutes=2.8 gpu_alloc_gb=0.318 gpu_reserved_gb=1.744
[SSL] repeat=3 scope=internal_cv fold=3 epoch=22/50 ssl_loss=0.056493 lr=0.000108733 base_val_bce=0.570107 base_best=N base_cls_epoch=52 epoch_seconds=7.7 task_elapsed_minutes=2.9 gpu_alloc_gb=0.317 gpu_reserved_gb=2.008
[SSL] repeat=3 scope=internal_cv fold=3 epoch=23/50 ssl_loss=0.060416 lr=0.000104262 base_val_bce=0.579213 base_best=N base_cls_epoch=49 epoch_seconds=8.3 task_elapsed_minutes=3.1 gpu_alloc_gb=0.318 gpu_reserved_gb=1.744
CHECKPOINT_BEST repeat=3 scope=internal_cv fold=3 phase=ssl epoch=24 path=/data/adodas/VarCoNet-V2-main/xiaolunwen/experiment1b/checkpoints/worker_r3_best.pt
[SSL] repeat=3 scope=internal_cv fold=3 epoch=24/50 ssl_loss=0.045680 lr=0.000099570 base_val_bce=0.562860 base_best=Y base_cls_epoch=50 epoch_seconds=6.4 task_elapsed_minutes=3.2 gpu_alloc_gb=0.317 gpu_reserved_gb=2.008
[SSL] repeat=3 scope=internal_cv fold=3 epoch=25/50 ssl_loss=0.036257 lr=0.000094687 base_val_bce=0.575230 base_best=N base_cls_epoch=53 epoch_seconds=6.6 task_elapsed_minutes=3.3 gpu_alloc_gb=0.318 gpu_reserved_gb=1.744
[SSL] repeat=3 scope=internal_cv fold=3 epoch=26/50 ssl_loss=0.058858 lr=0.000089643 base_val_bce=0.567600 base_best=N base_cls_epoch=58 epoch_seconds=3.9 task_elapsed_minutes=3.3 gpu_alloc_gb=0.317 gpu_reserved_gb=2.008
[SSL] repeat=3 scope=internal_cv fold=3 epoch=27/50 ssl_loss=0.052404 lr=0.000084467 base_val_bce=0.566689 base_best=N base_cls_epoch=48 epoch_seconds=3.8 task_elapsed_minutes=3.4 gpu_alloc_gb=0.318 gpu_reserved_gb=1.744
[SSL] repeat=3 scope=internal_cv fold=3 epoch=28/50 ssl_loss=0.045051 lr=0.000079194 base_val_bce=0.569879 base_best=N base_cls_epoch=53 epoch_seconds=4.0 task_elapsed_minutes=3.5 gpu_alloc_gb=0.317 gpu_reserved_gb=2.008
[SSL] repeat=3 scope=internal_cv fold=3 epoch=29/50 ssl_loss=0.049571 lr=0.000073854 base_val_bce=0.579222 base_best=N base_cls_epoch=54 epoch_seconds=3.7 task_elapsed_minutes=3.5 gpu_alloc_gb=0.318 gpu_reserved_gb=1.744
CHECKPOINT_LATEST repeat=3 scope=internal_cv fold=3 phase=ssl epoch=30 path=/data/adodas/VarCoNet-V2-main/xiaolunwen/experiment1b/checkpoints/worker_r3_latest.pt
[SSL] repeat=3 scope=internal_cv fold=3 epoch=30/50 ssl_loss=0.050622 lr=0.000068481 base_val_bce=0.570907 base_best=N base_cls_epoch=49 epoch_seconds=10.5 task_elapsed_minutes=3.6 gpu_alloc_gb=0.317 gpu_reserved_gb=2.008
CHECKPOINT_BEST repeat=3 scope=internal_cv fold=3 phase=ssl epoch=31 path=/data/adodas/VarCoNet-V2-main/xiaolunwen/experiment1b/checkpoints/worker_r3_best.pt
[SSL] repeat=3 scope=internal_cv fold=3 epoch=31/50 ssl_loss=0.040822 lr=0.000063108 base_val_bce=0.556148 base_best=Y base_cls_epoch=55 epoch_seconds=8.7 task_elapsed_minutes=3.8 gpu_alloc_gb=0.318 gpu_reserved_gb=1.744
[SSL] repeat=3 scope=internal_cv fold=3 epoch=32/50 ssl_loss=0.044354 lr=0.000057768 base_val_bce=0.561623 base_best=N base_cls_epoch=52 epoch_seconds=8.7 task_elapsed_minutes=4.0 gpu_alloc_gb=0.317 gpu_reserved_gb=2.008
[SSL] repeat=3 scope=internal_cv fold=3 epoch=33/50 ssl_loss=0.045739 lr=0.000052494 base_val_bce=0.574755 base_best=N base_cls_epoch=53 epoch_seconds=8.3 task_elapsed_minutes=4.1 gpu_alloc_gb=0.318 gpu_reserved_gb=1.744
[SSL] repeat=3 scope=internal_cv fold=3 epoch=34/50 ssl_loss=0.050550 lr=0.000047319 base_val_bce=0.574384 base_best=N base_cls_epoch=56 epoch_seconds=8.2 task_elapsed_minutes=4.3 gpu_alloc_gb=0.317 gpu_reserved_gb=2.008
[SSL] repeat=3 scope=internal_cv fold=3 epoch=35/50 ssl_loss=0.042978 lr=0.000042274 base_val_bce=0.569388 base_best=N base_cls_epoch=52 epoch_seconds=6.3 task_elapsed_minutes=4.4 gpu_alloc_gb=0.318 gpu_reserved_gb=1.744
[SSL] repeat=3 scope=internal_cv fold=3 epoch=36/50 ssl_loss=0.048573 lr=0.000037391 base_val_bce=0.576090 base_best=N base_cls_epoch=50 epoch_seconds=8.3 task_elapsed_minutes=4.5 gpu_alloc_gb=0.317 gpu_reserved_gb=2.008
[SSL] repeat=3 scope=internal_cv fold=3 epoch=37/50 ssl_loss=0.045490 lr=0.000032700 base_val_bce=0.561908 base_best=N base_cls_epoch=52 epoch_seconds=6.1 task_elapsed_minutes=4.6 gpu_alloc_gb=0.318 gpu_reserved_gb=1.744
[SSL] repeat=3 scope=internal_cv fold=3 epoch=38/50 ssl_loss=0.038743 lr=0.000028229 base_val_bce=0.575313 base_best=N base_cls_epoch=52 epoch_seconds=4.7 task_elapsed_minutes=4.7 gpu_alloc_gb=0.317 gpu_reserved_gb=2.008
[SSL] repeat=3 scope=internal_cv fold=3 epoch=39/50 ssl_loss=0.046231 lr=0.000024006 base_val_bce=0.573421 base_best=N base_cls_epoch=48 epoch_seconds=3.8 task_elapsed_minutes=4.8 gpu_alloc_gb=0.318 gpu_reserved_gb=1.744
CHECKPOINT_LATEST repeat=3 scope=internal_cv fold=3 phase=ssl epoch=40 path=/data/adodas/VarCoNet-V2-main/xiaolunwen/experiment1b/checkpoints/worker_r3_latest.pt
[SSL] repeat=3 scope=internal_cv fold=3 epoch=40/50 ssl_loss=0.039357 lr=0.000020058 base_val_bce=0.571996 base_best=N base_cls_epoch=52 epoch_seconds=4.1 task_elapsed_minutes=4.8 gpu_alloc_gb=0.317 gpu_reserved_gb=2.008
[SSL] repeat=3 scope=internal_cv fold=3 epoch=41/50 ssl_loss=0.040634 lr=0.000016408 base_val_bce=0.558837 base_best=N base_cls_epoch=52 epoch_seconds=3.8 task_elapsed_minutes=4.9 gpu_alloc_gb=0.318 gpu_reserved_gb=1.744
[SSL] repeat=3 scope=internal_cv fold=3 epoch=42/50 ssl_loss=0.042810 lr=0.000013079 base_val_bce=0.571535 base_best=N base_cls_epoch=51 epoch_seconds=3.7 task_elapsed_minutes=4.9 gpu_alloc_gb=0.317 gpu_reserved_gb=2.008
[SSL] repeat=3 scope=internal_cv fold=3 epoch=43/50 ssl_loss=0.041165 lr=0.000010091 base_val_bce=0.569881 base_best=N base_cls_epoch=51 epoch_seconds=3.4 task_elapsed_minutes=5.0 gpu_alloc_gb=0.318 gpu_reserved_gb=1.744
[SSL] repeat=3 scope=internal_cv fold=3 epoch=44/50 ssl_loss=0.045266 lr=0.000007464 base_val_bce=0.557842 base_best=N base_cls_epoch=54 epoch_seconds=3.2 task_elapsed_minutes=5.1 gpu_alloc_gb=0.317 gpu_reserved_gb=2.008
[SSL] repeat=3 scope=internal_cv fold=3 epoch=45/50 ssl_loss=0.035742 lr=0.000005213 base_val_bce=0.569507 base_best=N base_cls_epoch=52 epoch_seconds=3.5 task_elapsed_minutes=5.1 gpu_alloc_gb=0.318 gpu_reserved_gb=1.744
[SSL] repeat=3 scope=internal_cv fold=3 epoch=46/50 ssl_loss=0.043053 lr=0.000003352 base_val_bce=0.566142 base_best=N base_cls_epoch=50 epoch_seconds=3.4 task_elapsed_minutes=5.2 gpu_alloc_gb=0.317 gpu_reserved_gb=2.008
[SSL] repeat=3 scope=internal_cv fold=3 epoch=47/50 ssl_loss=0.046903 lr=0.000001892 base_val_bce=0.578686 base_best=N base_cls_epoch=50 epoch_seconds=2.8 task_elapsed_minutes=5.2 gpu_alloc_gb=0.318 gpu_reserved_gb=1.744
[SSL] repeat=3 scope=internal_cv fold=3 epoch=48/50 ssl_loss=0.048223 lr=0.000000843 base_val_bce=0.560133 base_best=N base_cls_epoch=53 epoch_seconds=2.2 task_elapsed_minutes=5.3 gpu_alloc_gb=0.317 gpu_reserved_gb=2.008
[SSL] repeat=3 scope=internal_cv fold=3 epoch=49/50 ssl_loss=0.044052 lr=0.000000211 base_val_bce=0.575643 base_best=N base_cls_epoch=56 epoch_seconds=2.1 task_elapsed_minutes=5.3 gpu_alloc_gb=0.318 gpu_reserved_gb=1.744
CHECKPOINT_LATEST repeat=3 scope=internal_cv fold=3 phase=ssl epoch=50 path=/data/adodas/VarCoNet-V2-main/xiaolunwen/experiment1b/checkpoints/worker_r3_latest.pt
[SSL] repeat=3 scope=internal_cv fold=3 epoch=50/50 ssl_loss=0.043581 lr=0.000000000 base_val_bce=0.571591 base_best=N base_cls_epoch=55 epoch_seconds=15.7 task_elapsed_minutes=5.4 gpu_alloc_gb=0.317 gpu_reserved_gb=2.008
CRSM_INIT repeat=3 scope=internal_cv fold=3 n_experts=2 tau=1.0 trainable_parameters=147074 hc_centroid_norm=23.385813 pca_unit_norm=0.99999994 pca_singular=148.094574 sigma_margin=2.011904 sigma_projection=7.025628 ratio=0.0100 scale=0.00286366418 epoch0_val_bce=0.556152
CHECKPOINT_LATEST repeat=3 scope=internal_cv fold=3 phase=crsm epoch=0 path=/data/adodas/VarCoNet-V2-main/xiaolunwen/experiment1b/checkpoints/worker_r3_latest.pt
CHECKPOINT_BEST repeat=3 scope=internal_cv fold=3 phase=crsm epoch=0 path=/data/adodas/VarCoNet-V2-main/xiaolunwen/experiment1b/checkpoints/worker_r3_best.pt
CHECKPOINT_LATEST repeat=3 scope=internal_cv fold=3 phase=crsm epoch=10 path=/data/adodas/VarCoNet-V2-main/xiaolunwen/experiment1b/checkpoints/worker_r3_latest.pt
[CRSM] repeat=3 scope=internal_cv fold=3 epoch=10/149 train_loss=0.124459 val_bce=0.568294 best=N best_epoch=0 mass=(0.5036,0.4964) hard=(0.5045,0.4955) entropy=0.692735 delta_l2=(0.130614,0.129265) delta_cos=0.987349 epoch_seconds=0.42
CHECKPOINT_LATEST repeat=3 scope=internal_cv fold=3 phase=crsm epoch=20 path=/data/adodas/VarCoNet-V2-main/xiaolunwen/experiment1b/checkpoints/worker_r3_latest.pt
[CRSM] repeat=3 scope=internal_cv fold=3 epoch=20/149 train_loss=0.107928 val_bce=0.585698 best=N best_epoch=0 mass=(0.5049,0.4951) hard=(0.5030,0.4970) entropy=0.692257 delta_l2=(0.248157,0.246930) delta_cos=0.988243 epoch_seconds=0.64
CHECKPOINT_LATEST repeat=3 scope=internal_cv fold=3 phase=crsm epoch=30 path=/data/adodas/VarCoNet-V2-main/xiaolunwen/experiment1b/checkpoints/worker_r3_latest.pt
[CRSM] repeat=3 scope=internal_cv fold=3 epoch=30/149 train_loss=0.096477 val_bce=0.604356 best=N best_epoch=0 mass=(0.5069,0.4931) hard=(0.4911,0.5089) entropy=0.691192 delta_l2=(0.353620,0.352419) delta_cos=0.986160 epoch_seconds=0.30
CHECKPOINT_LATEST repeat=3 scope=internal_cv fold=3 phase=crsm epoch=40 path=/data/adodas/VarCoNet-V2-main/xiaolunwen/experiment1b/checkpoints/worker_r3_latest.pt
[CRSM] repeat=3 scope=internal_cv fold=3 epoch=40/149 train_loss=0.088433 val_bce=0.623288 best=N best_epoch=0 mass=(0.5097,0.4903) hard=(0.4896,0.5104) entropy=0.688766 delta_l2=(0.447473,0.446134) delta_cos=0.981072 epoch_seconds=0.44
CHECKPOINT_LATEST repeat=3 scope=internal_cv fold=3 phase=crsm epoch=50 path=/data/adodas/VarCoNet-V2-main/xiaolunwen/experiment1b/checkpoints/worker_r3_latest.pt
[CRSM] repeat=3 scope=internal_cv fold=3 epoch=50/149 train_loss=0.082689 val_bce=0.641919 best=N best_epoch=0 mass=(0.5133,0.4867) hard=(0.4955,0.5045) entropy=0.683869 delta_l2=(0.530670,0.529048) delta_cos=0.971816 epoch_seconds=0.39
CHECKPOINT_LATEST repeat=3 scope=internal_cv fold=3 phase=crsm epoch=60 path=/data/adodas/VarCoNet-V2-main/xiaolunwen/experiment1b/checkpoints/worker_r3_latest.pt
[CRSM] repeat=3 scope=internal_cv fold=3 epoch=60/149 train_loss=0.078482 val_bce=0.660053 best=N best_epoch=0 mass=(0.5173,0.4827) hard=(0.4926,0.5074) entropy=0.675362 delta_l2=(0.604410,0.602539) delta_cos=0.956973 epoch_seconds=0.49
CHECKPOINT_LATEST repeat=3 scope=internal_cv fold=3 phase=crsm epoch=70 path=/data/adodas/VarCoNet-V2-main/xiaolunwen/experiment1b/checkpoints/worker_r3_latest.pt
[CRSM] repeat=3 scope=internal_cv fold=3 epoch=70/149 train_loss=0.075300 val_bce=0.677660 best=N best_epoch=0 mass=(0.5209,0.4791) hard=(0.4955,0.5045) entropy=0.662991 delta_l2=(0.669994,0.668263) delta_cos=0.935835 epoch_seconds=0.55
CHECKPOINT_LATEST repeat=3 scope=internal_cv fold=3 phase=crsm epoch=80 path=/data/adodas/VarCoNet-V2-main/xiaolunwen/experiment1b/checkpoints/worker_r3_latest.pt
[CRSM] repeat=3 scope=internal_cv fold=3 epoch=80/149 train_loss=0.072819 val_bce=0.694724 best=N best_epoch=0 mass=(0.5237,0.4763) hard=(0.4955,0.5045) entropy=0.647660 delta_l2=(0.728714,0.727882) delta_cos=0.909008 epoch_seconds=0.29
CHECKPOINT_LATEST repeat=3 scope=internal_cv fold=3 phase=crsm epoch=90 path=/data/adodas/VarCoNet-V2-main/xiaolunwen/experiment1b/checkpoints/worker_r3_latest.pt
[CRSM] repeat=3 scope=internal_cv fold=3 epoch=90/149 train_loss=0.070847 val_bce=0.710992 best=N best_epoch=0 mass=(0.5257,0.4743) hard=(0.4926,0.5074) entropy=0.630629 delta_l2=(0.781723,0.782688) delta_cos=0.878125 epoch_seconds=0.40
CHECKPOINT_LATEST repeat=3 scope=internal_cv fold=3 phase=crsm epoch=100 path=/data/adodas/VarCoNet-V2-main/xiaolunwen/experiment1b/checkpoints/worker_r3_latest.pt
[CRSM] repeat=3 scope=internal_cv fold=3 epoch=100/149 train_loss=0.069261 val_bce=0.726284 best=N best_epoch=0 mass=(0.5272,0.4728) hard=(0.4911,0.5089) entropy=0.613081 delta_l2=(0.829917,0.833478) delta_cos=0.845184 epoch_seconds=0.24
CHECKPOINT_LATEST repeat=3 scope=internal_cv fold=3 phase=crsm epoch=110 path=/data/adodas/VarCoNet-V2-main/xiaolunwen/experiment1b/checkpoints/worker_r3_latest.pt
[CRSM] repeat=3 scope=internal_cv fold=3 epoch=110/149 train_loss=0.067977 val_bce=0.740659 best=N best_epoch=0 mass=(0.5283,0.4717) hard=(0.4955,0.5045) entropy=0.595898 delta_l2=(0.873969,0.880679) delta_cos=0.811931 epoch_seconds=0.23
CHECKPOINT_LATEST repeat=3 scope=internal_cv fold=3 phase=crsm epoch=120 path=/data/adodas/VarCoNet-V2-main/xiaolunwen/experiment1b/checkpoints/worker_r3_latest.pt
[CRSM] repeat=3 scope=internal_cv fold=3 epoch=120/149 train_loss=0.066931 val_bce=0.754230 best=N best_epoch=0 mass=(0.5291,0.4709) hard=(0.5015,0.4985) entropy=0.579586 delta_l2=(0.914414,0.924558) delta_cos=0.779601 epoch_seconds=1.12
CHECKPOINT_LATEST repeat=3 scope=internal_cv fold=3 phase=crsm epoch=130 path=/data/adodas/VarCoNet-V2-main/xiaolunwen/experiment1b/checkpoints/worker_r3_latest.pt
[CRSM] repeat=3 scope=internal_cv fold=3 epoch=130/149 train_loss=0.066073 val_bce=0.767063 best=N best_epoch=0 mass=(0.5298,0.4702) hard=(0.5030,0.4970) entropy=0.564413 delta_l2=(0.951701,0.965350) delta_cos=0.748938 epoch_seconds=0.37
CHECKPOINT_LATEST repeat=3 scope=internal_cv fold=3 phase=crsm epoch=140 path=/data/adodas/VarCoNet-V2-main/xiaolunwen/experiment1b/checkpoints/worker_r3_latest.pt
[CRSM] repeat=3 scope=internal_cv fold=3 epoch=140/149 train_loss=0.065363 val_bce=0.779200 best=N best_epoch=0 mass=(0.5304,0.4696) hard=(0.5030,0.4970) entropy=0.550476 delta_l2=(0.986215,1.003302) delta_cos=0.720299 epoch_seconds=0.35
TASK_TRAINING_DONE repeat=3 scope=internal_cv fold=3 base_encoder_epoch=31 base_classifier_epoch=55 base_val_bce=0.556148 selected_crsm_epoch=0 crsm_val_bce=0.556152 treatment_threshold=0.394706 elapsed_minutes=5.8
TASK_DONE repeat=3 scope=internal_fold fold=3 method=baseline selected_encoder_epoch=31 test_auc=0.681159 test_bce=0.665572 elapsed_minutes=5.8
TASK_DONE repeat=3 scope=internal_fold fold=3 method=control_referenced_soft_multiboundary selected_encoder_epoch=31 test_auc=0.681159 test_bce=0.665562 elapsed_minutes=5.8
TASK_START repeat=3 scope=internal_cv fold=4 seed=100304 device=cuda:0 shared_encoder=Y reference_unique_n=674 train_n=750 val_n=120
CHECKPOINT_BEST repeat=3 scope=internal_cv fold=4 phase=ssl epoch=1 path=/data/adodas/VarCoNet-V2-main/xiaolunwen/experiment1b/checkpoints/worker_r3_best.pt
[SSL] repeat=3 scope=internal_cv fold=4 epoch=1/50 ssl_loss=0.106532 lr=0.000024107 base_val_bce=0.668799 base_best=Y base_cls_epoch=8 epoch_seconds=6.4 task_elapsed_minutes=0.1 gpu_alloc_gb=0.318 gpu_reserved_gb=1.744
[SSL] repeat=3 scope=internal_cv fold=4 epoch=2/50 ssl_loss=0.088677 lr=0.000038214 base_val_bce=0.670179 base_best=N base_cls_epoch=7 epoch_seconds=8.3 task_elapsed_minutes=0.3 gpu_alloc_gb=0.317 gpu_reserved_gb=2.008
CHECKPOINT_BEST repeat=3 scope=internal_cv fold=4 phase=ssl epoch=3 path=/data/adodas/VarCoNet-V2-main/xiaolunwen/experiment1b/checkpoints/worker_r3_best.pt
[SSL] repeat=3 scope=internal_cv fold=4 epoch=3/50 ssl_loss=0.105046 lr=0.000052321 base_val_bce=0.666652 base_best=Y base_cls_epoch=6 epoch_seconds=6.3 task_elapsed_minutes=0.4 gpu_alloc_gb=0.318 gpu_reserved_gb=1.744
CHECKPOINT_BEST repeat=3 scope=internal_cv fold=4 phase=ssl epoch=4 path=/data/adodas/VarCoNet-V2-main/xiaolunwen/experiment1b/checkpoints/worker_r3_best.pt
[SSL] repeat=3 scope=internal_cv fold=4 epoch=4/50 ssl_loss=0.085928 lr=0.000066427 base_val_bce=0.661649 base_best=Y base_cls_epoch=9 epoch_seconds=6.6 task_elapsed_minutes=0.5 gpu_alloc_gb=0.317 gpu_reserved_gb=2.008
[SSL] repeat=3 scope=internal_cv fold=4 epoch=5/50 ssl_loss=0.074136 lr=0.000080534 base_val_bce=0.673466 base_best=N base_cls_epoch=6 epoch_seconds=6.3 task_elapsed_minutes=0.6 gpu_alloc_gb=0.318 gpu_reserved_gb=1.744
CHECKPOINT_BEST repeat=3 scope=internal_cv fold=4 phase=ssl epoch=6 path=/data/adodas/VarCoNet-V2-main/xiaolunwen/experiment1b/checkpoints/worker_r3_best.pt
[SSL] repeat=3 scope=internal_cv fold=4 epoch=6/50 ssl_loss=0.082816 lr=0.000094641 base_val_bce=0.660005 base_best=Y base_cls_epoch=50 epoch_seconds=8.1 task_elapsed_minutes=0.7 gpu_alloc_gb=0.317 gpu_reserved_gb=2.008
[SSL] repeat=3 scope=internal_cv fold=4 epoch=7/50 ssl_loss=0.072652 lr=0.000108748 base_val_bce=0.661013 base_best=N base_cls_epoch=11 epoch_seconds=4.9 task_elapsed_minutes=0.8 gpu_alloc_gb=0.318 gpu_reserved_gb=1.744
CHECKPOINT_BEST repeat=3 scope=internal_cv fold=4 phase=ssl epoch=8 path=/data/adodas/VarCoNet-V2-main/xiaolunwen/experiment1b/checkpoints/worker_r3_best.pt
[SSL] repeat=3 scope=internal_cv fold=4 epoch=8/50 ssl_loss=0.063721 lr=0.000122855 base_val_bce=0.658000 base_best=Y base_cls_epoch=32 epoch_seconds=4.4 task_elapsed_minutes=0.9 gpu_alloc_gb=0.317 gpu_reserved_gb=2.008
[SSL] repeat=3 scope=internal_cv fold=4 epoch=9/50 ssl_loss=0.065460 lr=0.000136962 base_val_bce=0.659570 base_best=N base_cls_epoch=34 epoch_seconds=3.4 task_elapsed_minutes=0.9 gpu_alloc_gb=0.318 gpu_reserved_gb=1.744
CHECKPOINT_BEST repeat=3 scope=internal_cv fold=4 phase=ssl epoch=10 path=/data/adodas/VarCoNet-V2-main/xiaolunwen/experiment1b/checkpoints/worker_r3_best.pt
CHECKPOINT_LATEST repeat=3 scope=internal_cv fold=4 phase=ssl epoch=10 path=/data/adodas/VarCoNet-V2-main/xiaolunwen/experiment1b/checkpoints/worker_r3_latest.pt
[SSL] repeat=3 scope=internal_cv fold=4 epoch=10/50 ssl_loss=0.053871 lr=0.000136962 base_val_bce=0.657658 base_best=Y base_cls_epoch=36 epoch_seconds=4.5 task_elapsed_minutes=1.0 gpu_alloc_gb=0.317 gpu_reserved_gb=2.008
[SSL] repeat=3 scope=internal_cv fold=4 epoch=11/50 ssl_loss=0.055626 lr=0.000136751 base_val_bce=0.663184 base_best=N base_cls_epoch=36 epoch_seconds=4.0 task_elapsed_minutes=1.1 gpu_alloc_gb=0.318 gpu_reserved_gb=1.744
[SSL] repeat=3 scope=internal_cv fold=4 epoch=12/50 ssl_loss=0.048831 lr=0.000136119 base_val_bce=0.658032 base_best=N base_cls_epoch=39 epoch_seconds=3.7 task_elapsed_minutes=1.1 gpu_alloc_gb=0.317 gpu_reserved_gb=2.008
CHECKPOINT_BEST repeat=3 scope=internal_cv fold=4 phase=ssl epoch=13 path=/data/adodas/VarCoNet-V2-main/xiaolunwen/experiment1b/checkpoints/worker_r3_best.pt
[SSL] repeat=3 scope=internal_cv fold=4 epoch=13/50 ssl_loss=0.051580 lr=0.000135070 base_val_bce=0.652776 base_best=Y base_cls_epoch=37 epoch_seconds=4.1 task_elapsed_minutes=1.2 gpu_alloc_gb=0.318 gpu_reserved_gb=1.744
[SSL] repeat=3 scope=internal_cv fold=4 epoch=14/50 ssl_loss=0.046101 lr=0.000133610 base_val_bce=0.658140 base_best=N base_cls_epoch=32 epoch_seconds=3.5 task_elapsed_minutes=1.2 gpu_alloc_gb=0.317 gpu_reserved_gb=2.008
CHECKPOINT_BEST repeat=3 scope=internal_cv fold=4 phase=ssl epoch=15 path=/data/adodas/VarCoNet-V2-main/xiaolunwen/experiment1b/checkpoints/worker_r3_best.pt
[SSL] repeat=3 scope=internal_cv fold=4 epoch=15/50 ssl_loss=0.048378 lr=0.000131749 base_val_bce=0.650685 base_best=Y base_cls_epoch=33 epoch_seconds=4.2 task_elapsed_minutes=1.3 gpu_alloc_gb=0.318 gpu_reserved_gb=1.744
[SSL] repeat=3 scope=internal_cv fold=4 epoch=16/50 ssl_loss=0.054478 lr=0.000129498 base_val_bce=0.656731 base_best=N base_cls_epoch=35 epoch_seconds=3.9 task_elapsed_minutes=1.4 gpu_alloc_gb=0.317 gpu_reserved_gb=2.008
CHECKPOINT_BEST repeat=3 scope=internal_cv fold=4 phase=ssl epoch=17 path=/data/adodas/VarCoNet-V2-main/xiaolunwen/experiment1b/checkpoints/worker_r3_best.pt
[SSL] repeat=3 scope=internal_cv fold=4 epoch=17/50 ssl_loss=0.042091 lr=0.000126870 base_val_bce=0.649725 base_best=Y base_cls_epoch=39 epoch_seconds=4.0 task_elapsed_minutes=1.4 gpu_alloc_gb=0.318 gpu_reserved_gb=1.744
[SSL] repeat=3 scope=internal_cv fold=4 epoch=18/50 ssl_loss=0.056955 lr=0.000123883 base_val_bce=0.669266 base_best=N base_cls_epoch=38 epoch_seconds=3.4 task_elapsed_minutes=1.5 gpu_alloc_gb=0.317 gpu_reserved_gb=2.008
[SSL] repeat=3 scope=internal_cv fold=4 epoch=19/50 ssl_loss=0.042898 lr=0.000120554 base_val_bce=0.660847 base_best=N base_cls_epoch=33 epoch_seconds=3.6 task_elapsed_minutes=1.6 gpu_alloc_gb=0.318 gpu_reserved_gb=1.744
CHECKPOINT_LATEST repeat=3 scope=internal_cv fold=4 phase=ssl epoch=20 path=/data/adodas/VarCoNet-V2-main/xiaolunwen/experiment1b/checkpoints/worker_r3_latest.pt
[SSL] repeat=3 scope=internal_cv fold=4 epoch=20/50 ssl_loss=0.048342 lr=0.000116904 base_val_bce=0.660531 base_best=N base_cls_epoch=35 epoch_seconds=4.0 task_elapsed_minutes=1.6 gpu_alloc_gb=0.317 gpu_reserved_gb=2.008
[SSL] repeat=3 scope=internal_cv fold=4 epoch=21/50 ssl_loss=0.044802 lr=0.000112956 base_val_bce=0.657770 base_best=N base_cls_epoch=37 epoch_seconds=3.6 task_elapsed_minutes=1.7 gpu_alloc_gb=0.318 gpu_reserved_gb=1.744
[SSL] repeat=3 scope=internal_cv fold=4 epoch=22/50 ssl_loss=0.036020 lr=0.000108733 base_val_bce=0.652132 base_best=N base_cls_epoch=36 epoch_seconds=3.8 task_elapsed_minutes=1.8 gpu_alloc_gb=0.317 gpu_reserved_gb=2.008
CHECKPOINT_BEST repeat=3 scope=internal_cv fold=4 phase=ssl epoch=23 path=/data/adodas/VarCoNet-V2-main/xiaolunwen/experiment1b/checkpoints/worker_r3_best.pt
[SSL] repeat=3 scope=internal_cv fold=4 epoch=23/50 ssl_loss=0.046957 lr=0.000104262 base_val_bce=0.648805 base_best=Y base_cls_epoch=37 epoch_seconds=3.9 task_elapsed_minutes=1.8 gpu_alloc_gb=0.318 gpu_reserved_gb=1.744
CHECKPOINT_BEST repeat=3 scope=internal_cv fold=4 phase=ssl epoch=24 path=/data/adodas/VarCoNet-V2-main/xiaolunwen/experiment1b/checkpoints/worker_r3_best.pt
[SSL] repeat=3 scope=internal_cv fold=4 epoch=24/50 ssl_loss=0.037528 lr=0.000099570 base_val_bce=0.648577 base_best=Y base_cls_epoch=38 epoch_seconds=4.3 task_elapsed_minutes=1.9 gpu_alloc_gb=0.317 gpu_reserved_gb=2.008
[SSL] repeat=3 scope=internal_cv fold=4 epoch=25/50 ssl_loss=0.044123 lr=0.000094687 base_val_bce=0.652383 base_best=N base_cls_epoch=32 epoch_seconds=3.9 task_elapsed_minutes=2.0 gpu_alloc_gb=0.318 gpu_reserved_gb=1.744
CHECKPOINT_BEST repeat=3 scope=internal_cv fold=4 phase=ssl epoch=26 path=/data/adodas/VarCoNet-V2-main/xiaolunwen/experiment1b/checkpoints/worker_r3_best.pt
[SSL] repeat=3 scope=internal_cv fold=4 epoch=26/50 ssl_loss=0.049098 lr=0.000089643 base_val_bce=0.642282 base_best=Y base_cls_epoch=35 epoch_seconds=4.1 task_elapsed_minutes=2.0 gpu_alloc_gb=0.317 gpu_reserved_gb=2.008
[SSL] repeat=3 scope=internal_cv fold=4 epoch=27/50 ssl_loss=0.040762 lr=0.000084467 base_val_bce=0.651529 base_best=N base_cls_epoch=38 epoch_seconds=3.9 task_elapsed_minutes=2.1 gpu_alloc_gb=0.318 gpu_reserved_gb=1.744
[SSL] repeat=3 scope=internal_cv fold=4 epoch=28/50 ssl_loss=0.032305 lr=0.000079194 base_val_bce=0.649476 base_best=N base_cls_epoch=31 epoch_seconds=3.6 task_elapsed_minutes=2.2 gpu_alloc_gb=0.317 gpu_reserved_gb=2.008
[SSL] repeat=3 scope=internal_cv fold=4 epoch=29/50 ssl_loss=0.039589 lr=0.000073854 base_val_bce=0.645443 base_best=N base_cls_epoch=36 epoch_seconds=3.8 task_elapsed_minutes=2.2 gpu_alloc_gb=0.318 gpu_reserved_gb=1.744
CHECKPOINT_BEST repeat=3 scope=internal_cv fold=4 phase=ssl epoch=30 path=/data/adodas/VarCoNet-V2-main/xiaolunwen/experiment1b/checkpoints/worker_r3_best.pt
CHECKPOINT_LATEST repeat=3 scope=internal_cv fold=4 phase=ssl epoch=30 path=/data/adodas/VarCoNet-V2-main/xiaolunwen/experiment1b/checkpoints/worker_r3_latest.pt
[SSL] repeat=3 scope=internal_cv fold=4 epoch=30/50 ssl_loss=0.037653 lr=0.000068481 base_val_bce=0.641562 base_best=Y base_cls_epoch=40 epoch_seconds=4.4 task_elapsed_minutes=2.3 gpu_alloc_gb=0.317 gpu_reserved_gb=2.008
[SSL] repeat=3 scope=internal_cv fold=4 epoch=31/50 ssl_loss=0.041067 lr=0.000063108 base_val_bce=0.649488 base_best=N base_cls_epoch=39 epoch_seconds=4.3 task_elapsed_minutes=2.4 gpu_alloc_gb=0.318 gpu_reserved_gb=1.744
[SSL] repeat=3 scope=internal_cv fold=4 epoch=32/50 ssl_loss=0.038558 lr=0.000057768 base_val_bce=0.661688 base_best=N base_cls_epoch=37 epoch_seconds=4.0 task_elapsed_minutes=2.4 gpu_alloc_gb=0.317 gpu_reserved_gb=2.008
[SSL] repeat=3 scope=internal_cv fold=4 epoch=33/50 ssl_loss=0.038990 lr=0.000052494 base_val_bce=0.651167 base_best=N base_cls_epoch=40 epoch_seconds=4.3 task_elapsed_minutes=2.5 gpu_alloc_gb=0.318 gpu_reserved_gb=1.744
[SSL] repeat=3 scope=internal_cv fold=4 epoch=34/50 ssl_loss=0.039876 lr=0.000047319 base_val_bce=0.656706 base_best=N base_cls_epoch=34 epoch_seconds=4.0 task_elapsed_minutes=2.6 gpu_alloc_gb=0.317 gpu_reserved_gb=2.008
[SSL] repeat=3 scope=internal_cv fold=4 epoch=35/50 ssl_loss=0.038214 lr=0.000042274 base_val_bce=0.643377 base_best=N base_cls_epoch=31 epoch_seconds=3.7 task_elapsed_minutes=2.6 gpu_alloc_gb=0.318 gpu_reserved_gb=1.744
[SSL] repeat=3 scope=internal_cv fold=4 epoch=36/50 ssl_loss=0.034602 lr=0.000037391 base_val_bce=0.648136 base_best=N base_cls_epoch=38 epoch_seconds=3.9 task_elapsed_minutes=2.7 gpu_alloc_gb=0.317 gpu_reserved_gb=2.008
[SSL] repeat=3 scope=internal_cv fold=4 epoch=37/50 ssl_loss=0.040605 lr=0.000032700 base_val_bce=0.657431 base_best=N base_cls_epoch=37 epoch_seconds=3.8 task_elapsed_minutes=2.8 gpu_alloc_gb=0.318 gpu_reserved_gb=1.744
[SSL] repeat=3 scope=internal_cv fold=4 epoch=38/50 ssl_loss=0.033078 lr=0.000028229 base_val_bce=0.652586 base_best=N base_cls_epoch=37 epoch_seconds=3.6 task_elapsed_minutes=2.8 gpu_alloc_gb=0.317 gpu_reserved_gb=2.008
[SSL] repeat=3 scope=internal_cv fold=4 epoch=39/50 ssl_loss=0.040442 lr=0.000024006 base_val_bce=0.647161 base_best=N base_cls_epoch=35 epoch_seconds=3.9 task_elapsed_minutes=2.9 gpu_alloc_gb=0.318 gpu_reserved_gb=1.744
CHECKPOINT_LATEST repeat=3 scope=internal_cv fold=4 phase=ssl epoch=40 path=/data/adodas/VarCoNet-V2-main/xiaolunwen/experiment1b/checkpoints/worker_r3_latest.pt
[SSL] repeat=3 scope=internal_cv fold=4 epoch=40/50 ssl_loss=0.054696 lr=0.000020058 base_val_bce=0.653473 base_best=N base_cls_epoch=40 epoch_seconds=4.1 task_elapsed_minutes=2.9 gpu_alloc_gb=0.317 gpu_reserved_gb=2.008
[SSL] repeat=3 scope=internal_cv fold=4 epoch=41/50 ssl_loss=0.034069 lr=0.000016408 base_val_bce=0.651487 base_best=N base_cls_epoch=36 epoch_seconds=3.7 task_elapsed_minutes=3.0 gpu_alloc_gb=0.318 gpu_reserved_gb=1.744
[SSL] repeat=3 scope=internal_cv fold=4 epoch=42/50 ssl_loss=0.032958 lr=0.000013079 base_val_bce=0.648695 base_best=N base_cls_epoch=40 epoch_seconds=3.5 task_elapsed_minutes=3.1 gpu_alloc_gb=0.317 gpu_reserved_gb=2.008
[SSL] repeat=3 scope=internal_cv fold=4 epoch=43/50 ssl_loss=0.038820 lr=0.000010091 base_val_bce=0.655818 base_best=N base_cls_epoch=38 epoch_seconds=3.4 task_elapsed_minutes=3.1 gpu_alloc_gb=0.318 gpu_reserved_gb=1.744
[SSL] repeat=3 scope=internal_cv fold=4 epoch=44/50 ssl_loss=0.034609 lr=0.000007464 base_val_bce=0.654582 base_best=N base_cls_epoch=39 epoch_seconds=3.4 task_elapsed_minutes=3.2 gpu_alloc_gb=0.317 gpu_reserved_gb=2.008
[SSL] repeat=3 scope=internal_cv fold=4 epoch=45/50 ssl_loss=0.036726 lr=0.000005213 base_val_bce=0.649373 base_best=N base_cls_epoch=40 epoch_seconds=3.8 task_elapsed_minutes=3.2 gpu_alloc_gb=0.318 gpu_reserved_gb=1.744
[SSL] repeat=3 scope=internal_cv fold=4 epoch=46/50 ssl_loss=0.040981 lr=0.000003352 base_val_bce=0.646708 base_best=N base_cls_epoch=40 epoch_seconds=3.8 task_elapsed_minutes=3.3 gpu_alloc_gb=0.317 gpu_reserved_gb=2.008
[SSL] repeat=3 scope=internal_cv fold=4 epoch=47/50 ssl_loss=0.032224 lr=0.000001892 base_val_bce=0.662420 base_best=N base_cls_epoch=35 epoch_seconds=3.6 task_elapsed_minutes=3.4 gpu_alloc_gb=0.318 gpu_reserved_gb=1.744
[SSL] repeat=3 scope=internal_cv fold=4 epoch=48/50 ssl_loss=0.036124 lr=0.000000843 base_val_bce=0.647041 base_best=N base_cls_epoch=42 epoch_seconds=3.1 task_elapsed_minutes=3.4 gpu_alloc_gb=0.317 gpu_reserved_gb=2.008
[SSL] repeat=3 scope=internal_cv fold=4 epoch=49/50 ssl_loss=0.038876 lr=0.000000211 base_val_bce=0.651242 base_best=N base_cls_epoch=35 epoch_seconds=2.3 task_elapsed_minutes=3.5 gpu_alloc_gb=0.318 gpu_reserved_gb=1.744
CHECKPOINT_LATEST repeat=3 scope=internal_cv fold=4 phase=ssl epoch=50 path=/data/adodas/VarCoNet-V2-main/xiaolunwen/experiment1b/checkpoints/worker_r3_latest.pt
[SSL] repeat=3 scope=internal_cv fold=4 epoch=50/50 ssl_loss=0.033739 lr=0.000000000 base_val_bce=0.648495 base_best=N base_cls_epoch=37 epoch_seconds=2.5 task_elapsed_minutes=3.5 gpu_alloc_gb=0.317 gpu_reserved_gb=2.008
CRSM_INIT repeat=3 scope=internal_cv fold=4 n_experts=2 tau=1.0 trainable_parameters=147074 hc_centroid_norm=23.093075 pca_unit_norm=1.00000000 pca_singular=152.436523 sigma_margin=1.565085 sigma_projection=7.515361 ratio=0.0100 scale=0.00208251458 epoch0_val_bce=0.641564
CHECKPOINT_LATEST repeat=3 scope=internal_cv fold=4 phase=crsm epoch=0 path=/data/adodas/VarCoNet-V2-main/xiaolunwen/experiment1b/checkpoints/worker_r3_latest.pt
CHECKPOINT_BEST repeat=3 scope=internal_cv fold=4 phase=crsm epoch=0 path=/data/adodas/VarCoNet-V2-main/xiaolunwen/experiment1b/checkpoints/worker_r3_best.pt
CHECKPOINT_LATEST repeat=3 scope=internal_cv fold=4 phase=crsm epoch=10 path=/data/adodas/VarCoNet-V2-main/xiaolunwen/experiment1b/checkpoints/worker_r3_latest.pt
[CRSM] repeat=3 scope=internal_cv fold=4 epoch=10/149 train_loss=0.197515 val_bce=0.648604 best=N best_epoch=0 mass=(0.5025,0.4975) hard=(0.4614,0.5386) entropy=0.692860 delta_l2=(0.130652,0.129922) delta_cos=0.990510 epoch_seconds=0.60
CHECKPOINT_LATEST repeat=3 scope=internal_cv fold=4 phase=crsm epoch=20 path=/data/adodas/VarCoNet-V2-main/xiaolunwen/experiment1b/checkpoints/worker_r3_latest.pt
[CRSM] repeat=3 scope=internal_cv fold=4 epoch=20/149 train_loss=0.172490 val_bce=0.657505 best=N best_epoch=0 mass=(0.5039,0.4961) hard=(0.4703,0.5297) entropy=0.692412 delta_l2=(0.249454,0.248751) delta_cos=0.990816 epoch_seconds=1.06
CHECKPOINT_LATEST repeat=3 scope=internal_cv fold=4 phase=crsm epoch=30 path=/data/adodas/VarCoNet-V2-main/xiaolunwen/experiment1b/checkpoints/worker_r3_latest.pt
[CRSM] repeat=3 scope=internal_cv fold=4 epoch=30/149 train_loss=0.154719 val_bce=0.668190 best=N best_epoch=0 mass=(0.5060,0.4940) hard=(0.4733,0.5267) entropy=0.691289 delta_l2=(0.356782,0.356092) delta_cos=0.988365 epoch_seconds=0.48
CHECKPOINT_LATEST repeat=3 scope=internal_cv fold=4 phase=crsm epoch=40 path=/data/adodas/VarCoNet-V2-main/xiaolunwen/experiment1b/checkpoints/worker_r3_latest.pt
[CRSM] repeat=3 scope=internal_cv fold=4 epoch=40/149 train_loss=0.141928 val_bce=0.680470 best=N best_epoch=0 mass=(0.5094,0.4906) hard=(0.4688,0.5312) entropy=0.688595 delta_l2=(0.452824,0.452120) delta_cos=0.982986 epoch_seconds=0.57
CHECKPOINT_LATEST repeat=3 scope=internal_cv fold=4 phase=crsm epoch=50 path=/data/adodas/VarCoNet-V2-main/xiaolunwen/experiment1b/checkpoints/worker_r3_latest.pt
[CRSM] repeat=3 scope=internal_cv fold=4 epoch=50/149 train_loss=0.132563 val_bce=0.693607 best=N best_epoch=0 mass=(0.5137,0.4863) hard=(0.4718,0.5282) entropy=0.683017 delta_l2=(0.538666,0.537900) delta_cos=0.973424 epoch_seconds=0.52
CHECKPOINT_LATEST repeat=3 scope=internal_cv fold=4 phase=crsm epoch=60 path=/data/adodas/VarCoNet-V2-main/xiaolunwen/experiment1b/checkpoints/worker_r3_latest.pt
[CRSM] repeat=3 scope=internal_cv fold=4 epoch=60/149 train_loss=0.125545 val_bce=0.707786 best=N best_epoch=0 mass=(0.5185,0.4815) hard=(0.4763,0.5237) entropy=0.673437 delta_l2=(0.615551,0.614785) delta_cos=0.958260 epoch_seconds=0.53
CHECKPOINT_LATEST repeat=3 scope=internal_cv fold=4 phase=crsm epoch=70 path=/data/adodas/VarCoNet-V2-main/xiaolunwen/experiment1b/checkpoints/worker_r3_latest.pt
[CRSM] repeat=3 scope=internal_cv fold=4 epoch=70/149 train_loss=0.120142 val_bce=0.722684 best=N best_epoch=0 mass=(0.5227,0.4773) hard=(0.4852,0.5148) entropy=0.659800 delta_l2=(0.684625,0.684187) delta_cos=0.936646 epoch_seconds=0.46
CHECKPOINT_LATEST repeat=3 scope=internal_cv fold=4 phase=crsm epoch=80 path=/data/adodas/VarCoNet-V2-main/xiaolunwen/experiment1b/checkpoints/worker_r3_latest.pt
[CRSM] repeat=3 scope=internal_cv fold=4 epoch=80/149 train_loss=0.115886 val_bce=0.738117 best=N best_epoch=0 mass=(0.5260,0.4740) hard=(0.4926,0.5074) entropy=0.643315 delta_l2=(0.746913,0.747493) delta_cos=0.909059 epoch_seconds=0.43
CHECKPOINT_LATEST repeat=3 scope=internal_cv fold=4 phase=crsm epoch=90 path=/data/adodas/VarCoNet-V2-main/xiaolunwen/experiment1b/checkpoints/worker_r3_latest.pt
[CRSM] repeat=3 scope=internal_cv fold=4 epoch=90/149 train_loss=0.112485 val_bce=0.753941 best=N best_epoch=0 mass=(0.5284,0.4716) hard=(0.4985,0.5015) entropy=0.625500 delta_l2=(0.803322,0.805787) delta_cos=0.877204 epoch_seconds=1.71
CHECKPOINT_LATEST repeat=3 scope=internal_cv fold=4 phase=crsm epoch=100 path=/data/adodas/VarCoNet-V2-main/xiaolunwen/experiment1b/checkpoints/worker_r3_latest.pt
[CRSM] repeat=3 scope=internal_cv fold=4 epoch=100/149 train_loss=0.109751 val_bce=0.769775 best=N best_epoch=0 mass=(0.5300,0.4700) hard=(0.5015,0.4985) entropy=0.607554 delta_l2=(0.854638,0.859724) delta_cos=0.843300 epoch_seconds=0.89
CHECKPOINT_LATEST repeat=3 scope=internal_cv fold=4 phase=crsm epoch=110 path=/data/adodas/VarCoNet-V2-main/xiaolunwen/experiment1b/checkpoints/worker_r3_latest.pt
[CRSM] repeat=3 scope=internal_cv fold=4 epoch=110/149 train_loss=0.107545 val_bce=0.785380 best=N best_epoch=0 mass=(0.5313,0.4687) hard=(0.5045,0.4955) entropy=0.590308 delta_l2=(0.901511,0.909680) delta_cos=0.809331 epoch_seconds=0.45
CHECKPOINT_LATEST repeat=3 scope=internal_cv fold=4 phase=crsm epoch=120 path=/data/adodas/VarCoNet-V2-main/xiaolunwen/experiment1b/checkpoints/worker_r3_latest.pt
[CRSM] repeat=3 scope=internal_cv fold=4 epoch=120/149 train_loss=0.105758 val_bce=0.800578 best=N best_epoch=0 mass=(0.5322,0.4678) hard=(0.5089,0.4911) entropy=0.574201 delta_l2=(0.944483,0.955944) delta_cos=0.776646 epoch_seconds=0.26
CHECKPOINT_LATEST repeat=3 scope=internal_cv fold=4 phase=crsm epoch=130 path=/data/adodas/VarCoNet-V2-main/xiaolunwen/experiment1b/checkpoints/worker_r3_latest.pt
[CRSM] repeat=3 scope=internal_cv fold=4 epoch=130/149 train_loss=0.104300 val_bce=0.815256 best=N best_epoch=0 mass=(0.5329,0.4671) hard=(0.5119,0.4881) entropy=0.559372 delta_l2=(0.984026,0.998797) delta_cos=0.745962 epoch_seconds=0.26
CHECKPOINT_LATEST repeat=3 scope=internal_cv fold=4 phase=crsm epoch=140 path=/data/adodas/VarCoNet-V2-main/xiaolunwen/experiment1b/checkpoints/worker_r3_latest.pt
[CRSM] repeat=3 scope=internal_cv fold=4 epoch=140/149 train_loss=0.103102 val_bce=0.829352 best=N best_epoch=0 mass=(0.5335,0.4665) hard=(0.5074,0.4926) entropy=0.545835 delta_l2=(1.020554,1.038532) delta_cos=0.717554 epoch_seconds=0.25
TASK_TRAINING_DONE repeat=3 scope=internal_cv fold=4 base_encoder_epoch=30 base_classifier_epoch=40 base_val_bce=0.641562 selected_crsm_epoch=0 crsm_val_bce=0.641564 treatment_threshold=0.527728 elapsed_minutes=3.7
TASK_DONE repeat=3 scope=internal_fold fold=4 method=baseline selected_encoder_epoch=30 test_auc=0.829193 test_bce=0.540773 elapsed_minutes=3.7
TASK_DONE repeat=3 scope=internal_fold fold=4 method=control_referenced_soft_multiboundary selected_encoder_epoch=30 test_auc=0.829193 test_bce=0.540779 elapsed_minutes=3.7
TASK_START repeat=3 scope=internal_cv fold=5 seed=100305 device=cuda:0 shared_encoder=Y reference_unique_n=674 train_n=750 val_n=120
CHECKPOINT_BEST repeat=3 scope=internal_cv fold=5 phase=ssl epoch=1 path=/data/adodas/VarCoNet-V2-main/xiaolunwen/experiment1b/checkpoints/worker_r3_best.pt
[SSL] repeat=3 scope=internal_cv fold=5 epoch=1/50 ssl_loss=2.369104 lr=0.000024107 base_val_bce=0.647726 base_best=Y base_cls_epoch=118 epoch_seconds=3.8 task_elapsed_minutes=0.1 gpu_alloc_gb=0.318 gpu_reserved_gb=1.744
CHECKPOINT_BEST repeat=3 scope=internal_cv fold=5 phase=ssl epoch=2 path=/data/adodas/VarCoNet-V2-main/xiaolunwen/experiment1b/checkpoints/worker_r3_best.pt
[SSL] repeat=3 scope=internal_cv fold=5 epoch=2/50 ssl_loss=1.120763 lr=0.000038214 base_val_bce=0.639054 base_best=Y base_cls_epoch=86 epoch_seconds=4.0 task_elapsed_minutes=0.1 gpu_alloc_gb=0.317 gpu_reserved_gb=2.008
[SSL] repeat=3 scope=internal_cv fold=5 epoch=3/50 ssl_loss=0.288127 lr=0.000052321 base_val_bce=0.646410 base_best=N base_cls_epoch=72 epoch_seconds=3.8 task_elapsed_minutes=0.2 gpu_alloc_gb=0.318 gpu_reserved_gb=1.744
CHECKPOINT_BEST repeat=3 scope=internal_cv fold=5 phase=ssl epoch=4 path=/data/adodas/VarCoNet-V2-main/xiaolunwen/experiment1b/checkpoints/worker_r3_best.pt
[SSL] repeat=3 scope=internal_cv fold=5 epoch=4/50 ssl_loss=0.149299 lr=0.000066427 base_val_bce=0.637135 base_best=Y base_cls_epoch=60 epoch_seconds=4.3 task_elapsed_minutes=0.3 gpu_alloc_gb=0.317 gpu_reserved_gb=2.008
CHECKPOINT_BEST repeat=3 scope=internal_cv fold=5 phase=ssl epoch=5 path=/data/adodas/VarCoNet-V2-main/xiaolunwen/experiment1b/checkpoints/worker_r3_best.pt
[SSL] repeat=3 scope=internal_cv fold=5 epoch=5/50 ssl_loss=0.117125 lr=0.000080534 base_val_bce=0.636956 base_best=Y base_cls_epoch=53 epoch_seconds=4.2 task_elapsed_minutes=0.3 gpu_alloc_gb=0.318 gpu_reserved_gb=1.744
[SSL] repeat=3 scope=internal_cv fold=5 epoch=6/50 ssl_loss=0.108526 lr=0.000094641 base_val_bce=0.645594 base_best=N base_cls_epoch=44 epoch_seconds=3.9 task_elapsed_minutes=0.4 gpu_alloc_gb=0.317 gpu_reserved_gb=2.008
[SSL] repeat=3 scope=internal_cv fold=5 epoch=7/50 ssl_loss=0.084641 lr=0.000108748 base_val_bce=0.640427 base_best=N base_cls_epoch=48 epoch_seconds=3.8 task_elapsed_minutes=0.5 gpu_alloc_gb=0.318 gpu_reserved_gb=1.744
[SSL] repeat=3 scope=internal_cv fold=5 epoch=8/50 ssl_loss=0.106596 lr=0.000122855 base_val_bce=0.646373 base_best=N base_cls_epoch=43 epoch_seconds=3.7 task_elapsed_minutes=0.5 gpu_alloc_gb=0.317 gpu_reserved_gb=2.008
[SSL] repeat=3 scope=internal_cv fold=5 epoch=9/50 ssl_loss=0.090115 lr=0.000136962 base_val_bce=0.637879 base_best=N base_cls_epoch=44 epoch_seconds=3.6 task_elapsed_minutes=0.6 gpu_alloc_gb=0.318 gpu_reserved_gb=1.744
CHECKPOINT_LATEST repeat=3 scope=internal_cv fold=5 phase=ssl epoch=10 path=/data/adodas/VarCoNet-V2-main/xiaolunwen/experiment1b/checkpoints/worker_r3_latest.pt
[SSL] repeat=3 scope=internal_cv fold=5 epoch=10/50 ssl_loss=0.078411 lr=0.000136962 base_val_bce=0.637666 base_best=N base_cls_epoch=46 epoch_seconds=4.1 task_elapsed_minutes=0.6 gpu_alloc_gb=0.317 gpu_reserved_gb=2.008
[SSL] repeat=3 scope=internal_cv fold=5 epoch=11/50 ssl_loss=0.085799 lr=0.000136751 base_val_bce=0.642961 base_best=N base_cls_epoch=48 epoch_seconds=3.9 task_elapsed_minutes=0.7 gpu_alloc_gb=0.318 gpu_reserved_gb=1.744
CHECKPOINT_BEST repeat=3 scope=internal_cv fold=5 phase=ssl epoch=12 path=/data/adodas/VarCoNet-V2-main/xiaolunwen/experiment1b/checkpoints/worker_r3_best.pt
[SSL] repeat=3 scope=internal_cv fold=5 epoch=12/50 ssl_loss=0.083360 lr=0.000136119 base_val_bce=0.632340 base_best=Y base_cls_epoch=46 epoch_seconds=4.3 task_elapsed_minutes=0.8 gpu_alloc_gb=0.317 gpu_reserved_gb=2.008
[SSL] repeat=3 scope=internal_cv fold=5 epoch=13/50 ssl_loss=0.071538 lr=0.000135070 base_val_bce=0.641576 base_best=N base_cls_epoch=43 epoch_seconds=4.0 task_elapsed_minutes=0.9 gpu_alloc_gb=0.318 gpu_reserved_gb=1.744
[SSL] repeat=3 scope=internal_cv fold=5 epoch=14/50 ssl_loss=0.074583 lr=0.000133610 base_val_bce=0.638142 base_best=N base_cls_epoch=44 epoch_seconds=3.8 task_elapsed_minutes=0.9 gpu_alloc_gb=0.317 gpu_reserved_gb=2.008
[SSL] repeat=3 scope=internal_cv fold=5 epoch=15/50 ssl_loss=0.076801 lr=0.000131749 base_val_bce=0.640234 base_best=N base_cls_epoch=50 epoch_seconds=4.0 task_elapsed_minutes=1.0 gpu_alloc_gb=0.318 gpu_reserved_gb=1.744
[SSL] repeat=3 scope=internal_cv fold=5 epoch=16/50 ssl_loss=0.063826 lr=0.000129498 base_val_bce=0.644900 base_best=N base_cls_epoch=44 epoch_seconds=3.8 task_elapsed_minutes=1.1 gpu_alloc_gb=0.317 gpu_reserved_gb=2.008
[SSL] repeat=3 scope=internal_cv fold=5 epoch=17/50 ssl_loss=0.082897 lr=0.000126870 base_val_bce=0.641662 base_best=N base_cls_epoch=47 epoch_seconds=3.8 task_elapsed_minutes=1.1 gpu_alloc_gb=0.318 gpu_reserved_gb=1.744
[SSL] repeat=3 scope=internal_cv fold=5 epoch=18/50 ssl_loss=0.063260 lr=0.000123883 base_val_bce=0.637179 base_best=N base_cls_epoch=44 epoch_seconds=3.7 task_elapsed_minutes=1.2 gpu_alloc_gb=0.317 gpu_reserved_gb=2.008
[SSL] repeat=3 scope=internal_cv fold=5 epoch=19/50 ssl_loss=0.073353 lr=0.000120554 base_val_bce=0.636302 base_best=N base_cls_epoch=43 epoch_seconds=2.8 task_elapsed_minutes=1.2 gpu_alloc_gb=0.318 gpu_reserved_gb=1.744
CHECKPOINT_LATEST repeat=3 scope=internal_cv fold=5 phase=ssl epoch=20 path=/data/adodas/VarCoNet-V2-main/xiaolunwen/experiment1b/checkpoints/worker_r3_latest.pt
[SSL] repeat=3 scope=internal_cv fold=5 epoch=20/50 ssl_loss=0.058294 lr=0.000116904 base_val_bce=0.639734 base_best=N base_cls_epoch=40 epoch_seconds=4.2 task_elapsed_minutes=1.3 gpu_alloc_gb=0.317 gpu_reserved_gb=2.008
[SSL] repeat=3 scope=internal_cv fold=5 epoch=21/50 ssl_loss=0.061051 lr=0.000112956 base_val_bce=0.642140 base_best=N base_cls_epoch=44 epoch_seconds=6.5 task_elapsed_minutes=1.4 gpu_alloc_gb=0.318 gpu_reserved_gb=1.744
CHECKPOINT_BEST repeat=3 scope=internal_cv fold=5 phase=ssl epoch=22 path=/data/adodas/VarCoNet-V2-main/xiaolunwen/experiment1b/checkpoints/worker_r3_best.pt
[SSL] repeat=3 scope=internal_cv fold=5 epoch=22/50 ssl_loss=0.054439 lr=0.000108733 base_val_bce=0.630135 base_best=Y base_cls_epoch=41 epoch_seconds=8.2 task_elapsed_minutes=1.5 gpu_alloc_gb=0.317 gpu_reserved_gb=2.008
CHECKPOINT_BEST repeat=3 scope=internal_cv fold=5 phase=ssl epoch=23 path=/data/adodas/VarCoNet-V2-main/xiaolunwen/experiment1b/checkpoints/worker_r3_best.pt
[SSL] repeat=3 scope=internal_cv fold=5 epoch=23/50 ssl_loss=0.061827 lr=0.000104262 base_val_bce=0.627374 base_best=Y base_cls_epoch=44 epoch_seconds=8.8 task_elapsed_minutes=1.7 gpu_alloc_gb=0.318 gpu_reserved_gb=1.744
[SSL] repeat=3 scope=internal_cv fold=5 epoch=24/50 ssl_loss=0.061696 lr=0.000099570 base_val_bce=0.633789 base_best=N base_cls_epoch=48 epoch_seconds=8.1 task_elapsed_minutes=1.8 gpu_alloc_gb=0.317 gpu_reserved_gb=2.008
[SSL] repeat=3 scope=internal_cv fold=5 epoch=25/50 ssl_loss=0.062306 lr=0.000094687 base_val_bce=0.640874 base_best=N base_cls_epoch=47 epoch_seconds=8.2 task_elapsed_minutes=2.0 gpu_alloc_gb=0.318 gpu_reserved_gb=1.744
CHECKPOINT_BEST repeat=3 scope=internal_cv fold=5 phase=ssl epoch=26 path=/data/adodas/VarCoNet-V2-main/xiaolunwen/experiment1b/checkpoints/worker_r3_best.pt
[SSL] repeat=3 scope=internal_cv fold=5 epoch=26/50 ssl_loss=0.059842 lr=0.000089643 base_val_bce=0.626257 base_best=Y base_cls_epoch=42 epoch_seconds=6.8 task_elapsed_minutes=2.1 gpu_alloc_gb=0.317 gpu_reserved_gb=2.008
[SSL] repeat=3 scope=internal_cv fold=5 epoch=27/50 ssl_loss=0.059060 lr=0.000084467 base_val_bce=0.633812 base_best=N base_cls_epoch=49 epoch_seconds=6.3 task_elapsed_minutes=2.2 gpu_alloc_gb=0.318 gpu_reserved_gb=1.744
[SSL] repeat=3 scope=internal_cv fold=5 epoch=28/50 ssl_loss=0.052092 lr=0.000079194 base_val_bce=0.637622 base_best=N base_cls_epoch=45 epoch_seconds=3.8 task_elapsed_minutes=2.2 gpu_alloc_gb=0.317 gpu_reserved_gb=2.008
[SSL] repeat=3 scope=internal_cv fold=5 epoch=29/50 ssl_loss=0.051831 lr=0.000073854 base_val_bce=0.637694 base_best=N base_cls_epoch=43 epoch_seconds=3.5 task_elapsed_minutes=2.3 gpu_alloc_gb=0.318 gpu_reserved_gb=1.744
CHECKPOINT_BEST repeat=3 scope=internal_cv fold=5 phase=ssl epoch=30 path=/data/adodas/VarCoNet-V2-main/xiaolunwen/experiment1b/checkpoints/worker_r3_best.pt
CHECKPOINT_LATEST repeat=3 scope=internal_cv fold=5 phase=ssl epoch=30 path=/data/adodas/VarCoNet-V2-main/xiaolunwen/experiment1b/checkpoints/worker_r3_latest.pt
[SSL] repeat=3 scope=internal_cv fold=5 epoch=30/50 ssl_loss=0.054249 lr=0.000068481 base_val_bce=0.623311 base_best=Y base_cls_epoch=45 epoch_seconds=5.3 task_elapsed_minutes=2.4 gpu_alloc_gb=0.317 gpu_reserved_gb=2.008
[SSL] repeat=3 scope=internal_cv fold=5 epoch=31/50 ssl_loss=0.059077 lr=0.000063108 base_val_bce=0.630520 base_best=N base_cls_epoch=46 epoch_seconds=7.1 task_elapsed_minutes=2.5 gpu_alloc_gb=0.318 gpu_reserved_gb=1.744
[SSL] repeat=3 scope=internal_cv fold=5 epoch=32/50 ssl_loss=0.044812 lr=0.000057768 base_val_bce=0.636167 base_best=N base_cls_epoch=49 epoch_seconds=8.3 task_elapsed_minutes=2.6 gpu_alloc_gb=0.317 gpu_reserved_gb=2.008
[SSL] repeat=3 scope=internal_cv fold=5 epoch=33/50 ssl_loss=0.062996 lr=0.000052494 base_val_bce=0.633864 base_best=N base_cls_epoch=45 epoch_seconds=8.3 task_elapsed_minutes=2.8 gpu_alloc_gb=0.318 gpu_reserved_gb=1.744
[SSL] repeat=3 scope=internal_cv fold=5 epoch=34/50 ssl_loss=0.056229 lr=0.000047319 base_val_bce=0.631740 base_best=N base_cls_epoch=48 epoch_seconds=7.8 task_elapsed_minutes=2.9 gpu_alloc_gb=0.317 gpu_reserved_gb=2.008
[SSL] repeat=3 scope=internal_cv fold=5 epoch=35/50 ssl_loss=0.053166 lr=0.000042274 base_val_bce=0.643578 base_best=N base_cls_epoch=46 epoch_seconds=6.7 task_elapsed_minutes=3.0 gpu_alloc_gb=0.318 gpu_reserved_gb=1.744
[SSL] repeat=3 scope=internal_cv fold=5 epoch=36/50 ssl_loss=0.065201 lr=0.000037391 base_val_bce=0.637540 base_best=N base_cls_epoch=50 epoch_seconds=8.4 task_elapsed_minutes=3.2 gpu_alloc_gb=0.317 gpu_reserved_gb=2.008
[SSL] repeat=3 scope=internal_cv fold=5 epoch=37/50 ssl_loss=0.052242 lr=0.000032700 base_val_bce=0.632620 base_best=N base_cls_epoch=47 epoch_seconds=7.0 task_elapsed_minutes=3.3 gpu_alloc_gb=0.318 gpu_reserved_gb=1.744
[SSL] repeat=3 scope=internal_cv fold=5 epoch=38/50 ssl_loss=0.053629 lr=0.000028229 base_val_bce=0.631270 base_best=N base_cls_epoch=41 epoch_seconds=4.2 task_elapsed_minutes=3.3 gpu_alloc_gb=0.317 gpu_reserved_gb=2.008
[SSL] repeat=3 scope=internal_cv fold=5 epoch=39/50 ssl_loss=0.064866 lr=0.000024006 base_val_bce=0.626569 base_best=N base_cls_epoch=45 epoch_seconds=3.9 task_elapsed_minutes=3.4 gpu_alloc_gb=0.318 gpu_reserved_gb=1.744
CHECKPOINT_LATEST repeat=3 scope=internal_cv fold=5 phase=ssl epoch=40 path=/data/adodas/VarCoNet-V2-main/xiaolunwen/experiment1b/checkpoints/worker_r3_latest.pt
[SSL] repeat=3 scope=internal_cv fold=5 epoch=40/50 ssl_loss=0.056980 lr=0.000020058 base_val_bce=0.630867 base_best=N base_cls_epoch=50 epoch_seconds=11.2 task_elapsed_minutes=3.5 gpu_alloc_gb=0.317 gpu_reserved_gb=2.008
[SSL] repeat=3 scope=internal_cv fold=5 epoch=41/50 ssl_loss=0.059043 lr=0.000016408 base_val_bce=0.633346 base_best=N base_cls_epoch=47 epoch_seconds=7.9 task_elapsed_minutes=3.7 gpu_alloc_gb=0.318 gpu_reserved_gb=1.744
[SSL] repeat=3 scope=internal_cv fold=5 epoch=42/50 ssl_loss=0.046015 lr=0.000013079 base_val_bce=0.636886 base_best=N base_cls_epoch=43 epoch_seconds=7.3 task_elapsed_minutes=3.9 gpu_alloc_gb=0.317 gpu_reserved_gb=2.008
[SSL] repeat=3 scope=internal_cv fold=5 epoch=43/50 ssl_loss=0.042832 lr=0.000010091 base_val_bce=0.625849 base_best=N base_cls_epoch=46 epoch_seconds=7.3 task_elapsed_minutes=4.0 gpu_alloc_gb=0.318 gpu_reserved_gb=1.744
[SSL] repeat=3 scope=internal_cv fold=5 epoch=44/50 ssl_loss=0.052620 lr=0.000007464 base_val_bce=0.634286 base_best=N base_cls_epoch=45 epoch_seconds=8.3 task_elapsed_minutes=4.1 gpu_alloc_gb=0.317 gpu_reserved_gb=2.008
[SSL] repeat=3 scope=internal_cv fold=5 epoch=45/50 ssl_loss=0.062319 lr=0.000005213 base_val_bce=0.634103 base_best=N base_cls_epoch=46 epoch_seconds=6.2 task_elapsed_minutes=4.2 gpu_alloc_gb=0.318 gpu_reserved_gb=1.744
[SSL] repeat=3 scope=internal_cv fold=5 epoch=46/50 ssl_loss=0.041331 lr=0.000003352 base_val_bce=0.630986 base_best=N base_cls_epoch=44 epoch_seconds=8.2 task_elapsed_minutes=4.4 gpu_alloc_gb=0.317 gpu_reserved_gb=2.008
[SSL] repeat=3 scope=internal_cv fold=5 epoch=47/50 ssl_loss=0.043998 lr=0.000001892 base_val_bce=0.636404 base_best=N base_cls_epoch=43 epoch_seconds=5.8 task_elapsed_minutes=4.5 gpu_alloc_gb=0.318 gpu_reserved_gb=1.744
[SSL] repeat=3 scope=internal_cv fold=5 epoch=48/50 ssl_loss=0.043264 lr=0.000000843 base_val_bce=0.636295 base_best=N base_cls_epoch=50 epoch_seconds=6.3 task_elapsed_minutes=4.6 gpu_alloc_gb=0.317 gpu_reserved_gb=2.008
[SSL] repeat=3 scope=internal_cv fold=5 epoch=49/50 ssl_loss=0.057619 lr=0.000000211 base_val_bce=0.643819 base_best=N base_cls_epoch=49 epoch_seconds=3.7 task_elapsed_minutes=4.6 gpu_alloc_gb=0.318 gpu_reserved_gb=1.744
CHECKPOINT_LATEST repeat=3 scope=internal_cv fold=5 phase=ssl epoch=50 path=/data/adodas/VarCoNet-V2-main/xiaolunwen/experiment1b/checkpoints/worker_r3_latest.pt
[SSL] repeat=3 scope=internal_cv fold=5 epoch=50/50 ssl_loss=0.064090 lr=0.000000000 base_val_bce=0.632041 base_best=N base_cls_epoch=43 epoch_seconds=3.9 task_elapsed_minutes=4.7 gpu_alloc_gb=0.317 gpu_reserved_gb=2.008
CRSM_INIT repeat=3 scope=internal_cv fold=5 n_experts=2 tau=1.0 trainable_parameters=147074 hc_centroid_norm=24.734644 pca_unit_norm=1.00000000 pca_singular=146.050766 sigma_margin=1.627776 sigma_projection=7.190243 ratio=0.0100 scale=0.0022638673 epoch0_val_bce=0.623313
CHECKPOINT_LATEST repeat=3 scope=internal_cv fold=5 phase=crsm epoch=0 path=/data/adodas/VarCoNet-V2-main/xiaolunwen/experiment1b/checkpoints/worker_r3_latest.pt
CHECKPOINT_BEST repeat=3 scope=internal_cv fold=5 phase=crsm epoch=0 path=/data/adodas/VarCoNet-V2-main/xiaolunwen/experiment1b/checkpoints/worker_r3_best.pt
CHECKPOINT_LATEST repeat=3 scope=internal_cv fold=5 phase=crsm epoch=10 path=/data/adodas/VarCoNet-V2-main/xiaolunwen/experiment1b/checkpoints/worker_r3_latest.pt
[CRSM] repeat=3 scope=internal_cv fold=5 epoch=10/149 train_loss=0.185833 val_bce=0.633300 best=N best_epoch=0 mass=(0.5025,0.4975) hard=(0.4733,0.5267) entropy=0.692851 delta_l2=(0.130568,0.129747) delta_cos=0.989973 epoch_seconds=0.63
CHECKPOINT_LATEST repeat=3 scope=internal_cv fold=5 phase=crsm epoch=20 path=/data/adodas/VarCoNet-V2-main/xiaolunwen/experiment1b/checkpoints/worker_r3_latest.pt
[CRSM] repeat=3 scope=internal_cv fold=5 epoch=20/149 train_loss=0.163168 val_bce=0.645882 best=N best_epoch=0 mass=(0.5039,0.4961) hard=(0.4896,0.5104) entropy=0.692420 delta_l2=(0.250011,0.249179) delta_cos=0.990406 epoch_seconds=0.61
CHECKPOINT_LATEST repeat=3 scope=internal_cv fold=5 phase=crsm epoch=30 path=/data/adodas/VarCoNet-V2-main/xiaolunwen/experiment1b/checkpoints/worker_r3_latest.pt
[CRSM] repeat=3 scope=internal_cv fold=5 epoch=30/149 train_loss=0.146730 val_bce=0.659668 best=N best_epoch=0 mass=(0.5059,0.4941) hard=(0.4792,0.5208) entropy=0.691330 delta_l2=(0.358727,0.357785) delta_cos=0.987671 epoch_seconds=1.00
CHECKPOINT_LATEST repeat=3 scope=internal_cv fold=5 phase=crsm epoch=40 path=/data/adodas/VarCoNet-V2-main/xiaolunwen/experiment1b/checkpoints/worker_r3_latest.pt
[CRSM] repeat=3 scope=internal_cv fold=5 epoch=40/149 train_loss=0.134655 val_bce=0.674647 best=N best_epoch=0 mass=(0.5090,0.4910) hard=(0.4866,0.5134) entropy=0.688638 delta_l2=(0.456858,0.455672) delta_cos=0.981450 epoch_seconds=0.43
CHECKPOINT_LATEST repeat=3 scope=internal_cv fold=5 phase=crsm epoch=50 path=/data/adodas/VarCoNet-V2-main/xiaolunwen/experiment1b/checkpoints/worker_r3_latest.pt
[CRSM] repeat=3 scope=internal_cv fold=5 epoch=50/149 train_loss=0.125634 val_bce=0.690564 best=N best_epoch=0 mass=(0.5131,0.4869) hard=(0.4955,0.5045) entropy=0.682858 delta_l2=(0.545288,0.543686) delta_cos=0.970191 epoch_seconds=0.44
CHECKPOINT_LATEST repeat=3 scope=internal_cv fold=5 phase=crsm epoch=60 path=/data/adodas/VarCoNet-V2-main/xiaolunwen/experiment1b/checkpoints/worker_r3_latest.pt
[CRSM] repeat=3 scope=internal_cv fold=5 epoch=60/149 train_loss=0.118738 val_bce=0.707328 best=N best_epoch=0 mass=(0.5176,0.4824) hard=(0.5015,0.4985) entropy=0.672778 delta_l2=(0.625069,0.623027) delta_cos=0.952303 epoch_seconds=0.63
CHECKPOINT_LATEST repeat=3 scope=internal_cv fold=5 phase=crsm epoch=70 path=/data/adodas/VarCoNet-V2-main/xiaolunwen/experiment1b/checkpoints/worker_r3_latest.pt
[CRSM] repeat=3 scope=internal_cv fold=5 epoch=70/149 train_loss=0.113338 val_bce=0.724562 best=N best_epoch=0 mass=(0.5218,0.4782) hard=(0.5119,0.4881) entropy=0.658425 delta_l2=(0.697265,0.695074) delta_cos=0.927300 epoch_seconds=0.73
CHECKPOINT_LATEST repeat=3 scope=internal_cv fold=5 phase=crsm epoch=80 path=/data/adodas/VarCoNet-V2-main/xiaolunwen/experiment1b/checkpoints/worker_r3_latest.pt
[CRSM] repeat=3 scope=internal_cv fold=5 epoch=80/149 train_loss=0.109035 val_bce=0.742180 best=N best_epoch=0 mass=(0.5253,0.4747) hard=(0.5148,0.4852) entropy=0.641132 delta_l2=(0.762854,0.761064) delta_cos=0.896388 epoch_seconds=0.66
CHECKPOINT_LATEST repeat=3 scope=internal_cv fold=5 phase=crsm epoch=90 path=/data/adodas/VarCoNet-V2-main/xiaolunwen/experiment1b/checkpoints/worker_r3_latest.pt
[CRSM] repeat=3 scope=internal_cv fold=5 epoch=90/149 train_loss=0.105576 val_bce=0.759901 best=N best_epoch=0 mass=(0.5281,0.4719) hard=(0.5119,0.4881) entropy=0.622604 delta_l2=(0.822681,0.821881) delta_cos=0.861908 epoch_seconds=1.64
CHECKPOINT_LATEST repeat=3 scope=internal_cv fold=5 phase=crsm epoch=100 path=/data/adodas/VarCoNet-V2-main/xiaolunwen/experiment1b/checkpoints/worker_r3_latest.pt
[CRSM] repeat=3 scope=internal_cv fold=5 epoch=100/149 train_loss=0.102788 val_bce=0.777338 best=N best_epoch=0 mass=(0.5302,0.4698) hard=(0.5134,0.4866) entropy=0.604127 delta_l2=(0.877436,0.878095) delta_cos=0.826290 epoch_seconds=0.59
CHECKPOINT_LATEST repeat=3 scope=internal_cv fold=5 phase=crsm epoch=110 path=/data/adodas/VarCoNet-V2-main/xiaolunwen/experiment1b/checkpoints/worker_r3_latest.pt
[CRSM] repeat=3 scope=internal_cv fold=5 epoch=110/149 train_loss=0.100534 val_bce=0.794291 best=N best_epoch=0 mass=(0.5318,0.4682) hard=(0.5119,0.4881) entropy=0.586481 delta_l2=(0.927663,0.930116) delta_cos=0.791363 epoch_seconds=0.59
CHECKPOINT_LATEST repeat=3 scope=internal_cv fold=5 phase=crsm epoch=120 path=/data/adodas/VarCoNet-V2-main/xiaolunwen/experiment1b/checkpoints/worker_r3_latest.pt
[CRSM] repeat=3 scope=internal_cv fold=5 epoch=120/149 train_loss=0.098704 val_bce=0.810632 best=N best_epoch=0 mass=(0.5329,0.4671) hard=(0.5045,0.4955) entropy=0.570017 delta_l2=(0.973827,0.978304) delta_cos=0.758207 epoch_seconds=0.31
CHECKPOINT_LATEST repeat=3 scope=internal_cv fold=5 phase=crsm epoch=130 path=/data/adodas/VarCoNet-V2-main/xiaolunwen/experiment1b/checkpoints/worker_r3_latest.pt
[CRSM] repeat=3 scope=internal_cv fold=5 epoch=130/149 train_loss=0.097209 val_bce=0.826284 best=N best_epoch=0 mass=(0.5337,0.4663) hard=(0.5059,0.4941) entropy=0.554862 delta_l2=(1.016349,1.022996) delta_cos=0.727319 epoch_seconds=0.47
CHECKPOINT_LATEST repeat=3 scope=internal_cv fold=5 phase=crsm epoch=140 path=/data/adodas/VarCoNet-V2-main/xiaolunwen/experiment1b/checkpoints/worker_r3_latest.pt
[CRSM] repeat=3 scope=internal_cv fold=5 epoch=140/149 train_loss=0.095977 val_bce=0.841197 best=N best_epoch=0 mass=(0.5344,0.4656) hard=(0.5045,0.4955) entropy=0.541023 delta_l2=(1.055625,1.064517) delta_cos=0.698829 epoch_seconds=0.50
TASK_TRAINING_DONE repeat=3 scope=internal_cv fold=5 base_encoder_epoch=30 base_classifier_epoch=45 base_val_bce=0.623311 selected_crsm_epoch=0 crsm_val_bce=0.623313 treatment_threshold=0.385194 elapsed_minutes=4.9
TASK_DONE repeat=3 scope=internal_fold fold=5 method=baseline selected_encoder_epoch=30 test_auc=0.782564 test_bce=0.567688 elapsed_minutes=4.9
TASK_DONE repeat=3 scope=internal_fold fold=5 method=control_referenced_soft_multiboundary selected_encoder_epoch=30 test_auc=0.782564 test_bce=0.567691 elapsed_minutes=4.9
TASK_START repeat=3 scope=internal_cv fold=6 seed=100306 device=cuda:0 shared_encoder=Y reference_unique_n=674 train_n=750 val_n=120
CHECKPOINT_BEST repeat=3 scope=internal_cv fold=6 phase=ssl epoch=1 path=/data/adodas/VarCoNet-V2-main/xiaolunwen/experiment1b/checkpoints/worker_r3_best.pt
[SSL] repeat=3 scope=internal_cv fold=6 epoch=1/50 ssl_loss=0.120141 lr=0.000024107 base_val_bce=0.643625 base_best=Y base_cls_epoch=11 epoch_seconds=5.1 task_elapsed_minutes=0.1 gpu_alloc_gb=0.318 gpu_reserved_gb=1.744
CHECKPOINT_BEST repeat=3 scope=internal_cv fold=6 phase=ssl epoch=2 path=/data/adodas/VarCoNet-V2-main/xiaolunwen/experiment1b/checkpoints/worker_r3_best.pt
[SSL] repeat=3 scope=internal_cv fold=6 epoch=2/50 ssl_loss=0.111070 lr=0.000038214 base_val_bce=0.637806 base_best=Y base_cls_epoch=14 epoch_seconds=4.3 task_elapsed_minutes=0.2 gpu_alloc_gb=0.317 gpu_reserved_gb=2.008
[SSL] repeat=3 scope=internal_cv fold=6 epoch=3/50 ssl_loss=0.129114 lr=0.000052321 base_val_bce=0.645576 base_best=N base_cls_epoch=13 epoch_seconds=3.6 task_elapsed_minutes=0.2 gpu_alloc_gb=0.318 gpu_reserved_gb=1.744
CHECKPOINT_BEST repeat=3 scope=internal_cv fold=6 phase=ssl epoch=4 path=/data/adodas/VarCoNet-V2-main/xiaolunwen/experiment1b/checkpoints/worker_r3_best.pt
[SSL] repeat=3 scope=internal_cv fold=6 epoch=4/50 ssl_loss=0.094684 lr=0.000066427 base_val_bce=0.632868 base_best=Y base_cls_epoch=12 epoch_seconds=4.3 task_elapsed_minutes=0.3 gpu_alloc_gb=0.317 gpu_reserved_gb=2.008
[SSL] repeat=3 scope=internal_cv fold=6 epoch=5/50 ssl_loss=0.085217 lr=0.000080534 base_val_bce=0.641789 base_best=N base_cls_epoch=16 epoch_seconds=3.7 task_elapsed_minutes=0.4 gpu_alloc_gb=0.318 gpu_reserved_gb=1.744
[SSL] repeat=3 scope=internal_cv fold=6 epoch=6/50 ssl_loss=0.099674 lr=0.000094641 base_val_bce=0.639135 base_best=N base_cls_epoch=11 epoch_seconds=3.6 task_elapsed_minutes=0.4 gpu_alloc_gb=0.317 gpu_reserved_gb=2.008
[SSL] repeat=3 scope=internal_cv fold=6 epoch=7/50 ssl_loss=0.080983 lr=0.000108748 base_val_bce=0.639779 base_best=N base_cls_epoch=13 epoch_seconds=3.7 task_elapsed_minutes=0.5 gpu_alloc_gb=0.318 gpu_reserved_gb=1.744
[SSL] repeat=3 scope=internal_cv fold=6 epoch=8/50 ssl_loss=0.089263 lr=0.000122855 base_val_bce=0.638198 base_best=N base_cls_epoch=14 epoch_seconds=4.2 task_elapsed_minutes=0.5 gpu_alloc_gb=0.317 gpu_reserved_gb=2.008
[SSL] repeat=3 scope=internal_cv fold=6 epoch=9/50 ssl_loss=0.080987 lr=0.000136962 base_val_bce=0.644435 base_best=N base_cls_epoch=17 epoch_seconds=3.6 task_elapsed_minutes=0.6 gpu_alloc_gb=0.318 gpu_reserved_gb=1.744
CHECKPOINT_LATEST repeat=3 scope=internal_cv fold=6 phase=ssl epoch=10 path=/data/adodas/VarCoNet-V2-main/xiaolunwen/experiment1b/checkpoints/worker_r3_latest.pt
[SSL] repeat=3 scope=internal_cv fold=6 epoch=10/50 ssl_loss=0.067608 lr=0.000136962 base_val_bce=0.637601 base_best=N base_cls_epoch=16 epoch_seconds=5.9 task_elapsed_minutes=0.7 gpu_alloc_gb=0.317 gpu_reserved_gb=2.008
[SSL] repeat=3 scope=internal_cv fold=6 epoch=11/50 ssl_loss=0.070739 lr=0.000136751 base_val_bce=0.633700 base_best=N base_cls_epoch=18 epoch_seconds=8.1 task_elapsed_minutes=0.8 gpu_alloc_gb=0.318 gpu_reserved_gb=1.744
CHECKPOINT_BEST repeat=3 scope=internal_cv fold=6 phase=ssl epoch=12 path=/data/adodas/VarCoNet-V2-main/xiaolunwen/experiment1b/checkpoints/worker_r3_best.pt
[SSL] repeat=3 scope=internal_cv fold=6 epoch=12/50 ssl_loss=0.079354 lr=0.000136119 base_val_bce=0.630846 base_best=Y base_cls_epoch=18 epoch_seconds=7.3 task_elapsed_minutes=1.0 gpu_alloc_gb=0.317 gpu_reserved_gb=2.008
[SSL] repeat=3 scope=internal_cv fold=6 epoch=13/50 ssl_loss=0.058465 lr=0.000135070 base_val_bce=0.633421 base_best=N base_cls_epoch=17 epoch_seconds=6.9 task_elapsed_minutes=1.1 gpu_alloc_gb=0.318 gpu_reserved_gb=1.744
CHECKPOINT_BEST repeat=3 scope=internal_cv fold=6 phase=ssl epoch=14 path=/data/adodas/VarCoNet-V2-main/xiaolunwen/experiment1b/checkpoints/worker_r3_best.pt
[SSL] repeat=3 scope=internal_cv fold=6 epoch=14/50 ssl_loss=0.070808 lr=0.000133610 base_val_bce=0.625517 base_best=Y base_cls_epoch=21 epoch_seconds=6.5 task_elapsed_minutes=1.2 gpu_alloc_gb=0.317 gpu_reserved_gb=2.008
CHECKPOINT_BEST repeat=3 scope=internal_cv fold=6 phase=ssl epoch=15 path=/data/adodas/VarCoNet-V2-main/xiaolunwen/experiment1b/checkpoints/worker_r3_best.pt
[SSL] repeat=3 scope=internal_cv fold=6 epoch=15/50 ssl_loss=0.051678 lr=0.000131749 base_val_bce=0.624468 base_best=Y base_cls_epoch=17 epoch_seconds=7.9 task_elapsed_minutes=1.3 gpu_alloc_gb=0.318 gpu_reserved_gb=1.744
[SSL] repeat=3 scope=internal_cv fold=6 epoch=16/50 ssl_loss=0.051642 lr=0.000129498 base_val_bce=0.627586 base_best=N base_cls_epoch=18 epoch_seconds=6.0 task_elapsed_minutes=1.4 gpu_alloc_gb=0.317 gpu_reserved_gb=2.008
[SSL] repeat=3 scope=internal_cv fold=6 epoch=17/50 ssl_loss=0.064732 lr=0.000126870 base_val_bce=0.627330 base_best=N base_cls_epoch=20 epoch_seconds=8.2 task_elapsed_minutes=1.6 gpu_alloc_gb=0.318 gpu_reserved_gb=1.744
CHECKPOINT_BEST repeat=3 scope=internal_cv fold=6 phase=ssl epoch=18 path=/data/adodas/VarCoNet-V2-main/xiaolunwen/experiment1b/checkpoints/worker_r3_best.pt
[SSL] repeat=3 scope=internal_cv fold=6 epoch=18/50 ssl_loss=0.057789 lr=0.000123883 base_val_bce=0.623498 base_best=Y base_cls_epoch=20 epoch_seconds=6.4 task_elapsed_minutes=1.7 gpu_alloc_gb=0.317 gpu_reserved_gb=2.008
CHECKPOINT_BEST repeat=3 scope=internal_cv fold=6 phase=ssl epoch=19 path=/data/adodas/VarCoNet-V2-main/xiaolunwen/experiment1b/checkpoints/worker_r3_best.pt
[SSL] repeat=3 scope=internal_cv fold=6 epoch=19/50 ssl_loss=0.046683 lr=0.000120554 base_val_bce=0.619496 base_best=Y base_cls_epoch=20 epoch_seconds=4.6 task_elapsed_minutes=1.7 gpu_alloc_gb=0.318 gpu_reserved_gb=1.744
CHECKPOINT_LATEST repeat=3 scope=internal_cv fold=6 phase=ssl epoch=20 path=/data/adodas/VarCoNet-V2-main/xiaolunwen/experiment1b/checkpoints/worker_r3_latest.pt
[SSL] repeat=3 scope=internal_cv fold=6 epoch=20/50 ssl_loss=0.041932 lr=0.000116904 base_val_bce=0.619718 base_best=N base_cls_epoch=19 epoch_seconds=4.1 task_elapsed_minutes=1.8 gpu_alloc_gb=0.317 gpu_reserved_gb=2.008
[SSL] repeat=3 scope=internal_cv fold=6 epoch=21/50 ssl_loss=0.054937 lr=0.000112956 base_val_bce=0.630328 base_best=N base_cls_epoch=20 epoch_seconds=3.6 task_elapsed_minutes=1.9 gpu_alloc_gb=0.318 gpu_reserved_gb=1.744
[SSL] repeat=3 scope=internal_cv fold=6 epoch=22/50 ssl_loss=0.068545 lr=0.000108733 base_val_bce=0.629764 base_best=N base_cls_epoch=20 epoch_seconds=3.5 task_elapsed_minutes=1.9 gpu_alloc_gb=0.317 gpu_reserved_gb=2.008
[SSL] repeat=3 scope=internal_cv fold=6 epoch=23/50 ssl_loss=0.048900 lr=0.000104262 base_val_bce=0.632296 base_best=N base_cls_epoch=24 epoch_seconds=3.7 task_elapsed_minutes=2.0 gpu_alloc_gb=0.318 gpu_reserved_gb=1.744
[SSL] repeat=3 scope=internal_cv fold=6 epoch=24/50 ssl_loss=0.051557 lr=0.000099570 base_val_bce=0.622657 base_best=N base_cls_epoch=20 epoch_seconds=3.7 task_elapsed_minutes=2.0 gpu_alloc_gb=0.317 gpu_reserved_gb=2.008
[SSL] repeat=3 scope=internal_cv fold=6 epoch=25/50 ssl_loss=0.052806 lr=0.000094687 base_val_bce=0.622911 base_best=N base_cls_epoch=23 epoch_seconds=3.5 task_elapsed_minutes=2.1 gpu_alloc_gb=0.318 gpu_reserved_gb=1.744
[SSL] repeat=3 scope=internal_cv fold=6 epoch=26/50 ssl_loss=0.035732 lr=0.000089643 base_val_bce=0.630523 base_best=N base_cls_epoch=20 epoch_seconds=3.7 task_elapsed_minutes=2.2 gpu_alloc_gb=0.317 gpu_reserved_gb=2.008
[SSL] repeat=3 scope=internal_cv fold=6 epoch=27/50 ssl_loss=0.045873 lr=0.000084467 base_val_bce=0.625438 base_best=N base_cls_epoch=20 epoch_seconds=3.8 task_elapsed_minutes=2.2 gpu_alloc_gb=0.318 gpu_reserved_gb=1.744
CHECKPOINT_BEST repeat=3 scope=internal_cv fold=6 phase=ssl epoch=28 path=/data/adodas/VarCoNet-V2-main/xiaolunwen/experiment1b/checkpoints/worker_r3_best.pt
[SSL] repeat=3 scope=internal_cv fold=6 epoch=28/50 ssl_loss=0.039810 lr=0.000079194 base_val_bce=0.611607 base_best=Y base_cls_epoch=22 epoch_seconds=4.4 task_elapsed_minutes=2.3 gpu_alloc_gb=0.317 gpu_reserved_gb=2.008
[SSL] repeat=3 scope=internal_cv fold=6 epoch=29/50 ssl_loss=0.046256 lr=0.000073854 base_val_bce=0.621083 base_best=N base_cls_epoch=20 epoch_seconds=3.6 task_elapsed_minutes=2.4 gpu_alloc_gb=0.318 gpu_reserved_gb=1.744
CHECKPOINT_LATEST repeat=3 scope=internal_cv fold=6 phase=ssl epoch=30 path=/data/adodas/VarCoNet-V2-main/xiaolunwen/experiment1b/checkpoints/worker_r3_latest.pt
[SSL] repeat=3 scope=internal_cv fold=6 epoch=30/50 ssl_loss=0.045879 lr=0.000068481 base_val_bce=0.626248 base_best=N base_cls_epoch=19 epoch_seconds=4.1 task_elapsed_minutes=2.4 gpu_alloc_gb=0.317 gpu_reserved_gb=2.008
[SSL] repeat=3 scope=internal_cv fold=6 epoch=31/50 ssl_loss=0.051148 lr=0.000063108 base_val_bce=0.625996 base_best=N base_cls_epoch=18 epoch_seconds=3.6 task_elapsed_minutes=2.5 gpu_alloc_gb=0.318 gpu_reserved_gb=1.744
[SSL] repeat=3 scope=internal_cv fold=6 epoch=32/50 ssl_loss=0.046344 lr=0.000057768 base_val_bce=0.626588 base_best=N base_cls_epoch=27 epoch_seconds=3.6 task_elapsed_minutes=2.5 gpu_alloc_gb=0.317 gpu_reserved_gb=2.008
[SSL] repeat=3 scope=internal_cv fold=6 epoch=33/50 ssl_loss=0.046795 lr=0.000052494 base_val_bce=0.626694 base_best=N base_cls_epoch=21 epoch_seconds=3.8 task_elapsed_minutes=2.6 gpu_alloc_gb=0.318 gpu_reserved_gb=1.744
[SSL] repeat=3 scope=internal_cv fold=6 epoch=34/50 ssl_loss=0.047349 lr=0.000047319 base_val_bce=0.622692 base_best=N base_cls_epoch=21 epoch_seconds=3.7 task_elapsed_minutes=2.7 gpu_alloc_gb=0.317 gpu_reserved_gb=2.008
[SSL] repeat=3 scope=internal_cv fold=6 epoch=35/50 ssl_loss=0.040296 lr=0.000042274 base_val_bce=0.628021 base_best=N base_cls_epoch=25 epoch_seconds=3.6 task_elapsed_minutes=2.7 gpu_alloc_gb=0.318 gpu_reserved_gb=1.744
[SSL] repeat=3 scope=internal_cv fold=6 epoch=36/50 ssl_loss=0.030295 lr=0.000037391 base_val_bce=0.626660 base_best=N base_cls_epoch=21 epoch_seconds=3.3 task_elapsed_minutes=2.8 gpu_alloc_gb=0.317 gpu_reserved_gb=2.008
[SSL] repeat=3 scope=internal_cv fold=6 epoch=37/50 ssl_loss=0.037879 lr=0.000032700 base_val_bce=0.622479 base_best=N base_cls_epoch=27 epoch_seconds=3.2 task_elapsed_minutes=2.8 gpu_alloc_gb=0.318 gpu_reserved_gb=1.744
[SSL] repeat=3 scope=internal_cv fold=6 epoch=38/50 ssl_loss=0.042129 lr=0.000028229 base_val_bce=0.634703 base_best=N base_cls_epoch=21 epoch_seconds=3.7 task_elapsed_minutes=2.9 gpu_alloc_gb=0.317 gpu_reserved_gb=2.008
[SSL] repeat=3 scope=internal_cv fold=6 epoch=39/50 ssl_loss=0.039060 lr=0.000024006 base_val_bce=0.623304 base_best=N base_cls_epoch=20 epoch_seconds=3.7 task_elapsed_minutes=3.0 gpu_alloc_gb=0.318 gpu_reserved_gb=1.744
CHECKPOINT_LATEST repeat=3 scope=internal_cv fold=6 phase=ssl epoch=40 path=/data/adodas/VarCoNet-V2-main/xiaolunwen/experiment1b/checkpoints/worker_r3_latest.pt
[SSL] repeat=3 scope=internal_cv fold=6 epoch=40/50 ssl_loss=0.038694 lr=0.000020058 base_val_bce=0.627974 base_best=N base_cls_epoch=23 epoch_seconds=4.1 task_elapsed_minutes=3.0 gpu_alloc_gb=0.317 gpu_reserved_gb=2.008
[SSL] repeat=3 scope=internal_cv fold=6 epoch=41/50 ssl_loss=0.042960 lr=0.000016408 base_val_bce=0.628572 base_best=N base_cls_epoch=24 epoch_seconds=4.0 task_elapsed_minutes=3.1 gpu_alloc_gb=0.318 gpu_reserved_gb=1.744
[SSL] repeat=3 scope=internal_cv fold=6 epoch=42/50 ssl_loss=0.042520 lr=0.000013079 base_val_bce=0.615351 base_best=N base_cls_epoch=22 epoch_seconds=2.8 task_elapsed_minutes=3.1 gpu_alloc_gb=0.317 gpu_reserved_gb=2.008
[SSL] repeat=3 scope=internal_cv fold=6 epoch=43/50 ssl_loss=0.039287 lr=0.000010091 base_val_bce=0.628931 base_best=N base_cls_epoch=26 epoch_seconds=3.9 task_elapsed_minutes=3.2 gpu_alloc_gb=0.318 gpu_reserved_gb=1.744
[SSL] repeat=3 scope=internal_cv fold=6 epoch=44/50 ssl_loss=0.043824 lr=0.000007464 base_val_bce=0.630447 base_best=N base_cls_epoch=27 epoch_seconds=6.0 task_elapsed_minutes=3.3 gpu_alloc_gb=0.317 gpu_reserved_gb=2.008
[SSL] repeat=3 scope=internal_cv fold=6 epoch=45/50 ssl_loss=0.042809 lr=0.000005213 base_val_bce=0.637136 base_best=N base_cls_epoch=23 epoch_seconds=7.2 task_elapsed_minutes=3.4 gpu_alloc_gb=0.318 gpu_reserved_gb=1.744
[SSL] repeat=3 scope=internal_cv fold=6 epoch=46/50 ssl_loss=0.033389 lr=0.000003352 base_val_bce=0.637022 base_best=N base_cls_epoch=23 epoch_seconds=7.8 task_elapsed_minutes=3.6 gpu_alloc_gb=0.317 gpu_reserved_gb=2.008
[SSL] repeat=3 scope=internal_cv fold=6 epoch=47/50 ssl_loss=0.040104 lr=0.000001892 base_val_bce=0.622851 base_best=N base_cls_epoch=20 epoch_seconds=5.9 task_elapsed_minutes=3.7 gpu_alloc_gb=0.318 gpu_reserved_gb=1.744
[SSL] repeat=3 scope=internal_cv fold=6 epoch=48/50 ssl_loss=0.037404 lr=0.000000843 base_val_bce=0.617946 base_best=N base_cls_epoch=19 epoch_seconds=8.0 task_elapsed_minutes=3.8 gpu_alloc_gb=0.317 gpu_reserved_gb=2.008
[SSL] repeat=3 scope=internal_cv fold=6 epoch=49/50 ssl_loss=0.044634 lr=0.000000211 base_val_bce=0.633037 base_best=N base_cls_epoch=25 epoch_seconds=8.2 task_elapsed_minutes=3.9 gpu_alloc_gb=0.318 gpu_reserved_gb=1.744
CHECKPOINT_LATEST repeat=3 scope=internal_cv fold=6 phase=ssl epoch=50 path=/data/adodas/VarCoNet-V2-main/xiaolunwen/experiment1b/checkpoints/worker_r3_latest.pt
[SSL] repeat=3 scope=internal_cv fold=6 epoch=50/50 ssl_loss=0.042836 lr=0.000000000 base_val_bce=0.634536 base_best=N base_cls_epoch=25 epoch_seconds=6.4 task_elapsed_minutes=4.0 gpu_alloc_gb=0.317 gpu_reserved_gb=2.008
CRSM_INIT repeat=3 scope=internal_cv fold=6 n_experts=2 tau=1.0 trainable_parameters=147074 hc_centroid_norm=23.820547 pca_unit_norm=1.00000000 pca_singular=166.414200 sigma_margin=1.070226 sigma_projection=8.757236 ratio=0.0100 scale=0.00122210488 epoch0_val_bce=0.611606
CHECKPOINT_LATEST repeat=3 scope=internal_cv fold=6 phase=crsm epoch=0 path=/data/adodas/VarCoNet-V2-main/xiaolunwen/experiment1b/checkpoints/worker_r3_latest.pt
CHECKPOINT_BEST repeat=3 scope=internal_cv fold=6 phase=crsm epoch=0 path=/data/adodas/VarCoNet-V2-main/xiaolunwen/experiment1b/checkpoints/worker_r3_best.pt
CHECKPOINT_LATEST repeat=3 scope=internal_cv fold=6 phase=crsm epoch=10 path=/data/adodas/VarCoNet-V2-main/xiaolunwen/experiment1b/checkpoints/worker_r3_latest.pt
[CRSM] repeat=3 scope=internal_cv fold=6 epoch=10/149 train_loss=0.310680 val_bce=0.621882 best=N best_epoch=0 mass=(0.5007,0.4993) hard=(0.4288,0.5712) entropy=0.692980 delta_l2=(0.131407,0.131271) delta_cos=0.993895 epoch_seconds=1.85
CHECKPOINT_LATEST repeat=3 scope=internal_cv fold=6 phase=crsm epoch=20 path=/data/adodas/VarCoNet-V2-main/xiaolunwen/experiment1b/checkpoints/worker_r3_latest.pt
[CRSM] repeat=3 scope=internal_cv fold=6 epoch=20/149 train_loss=0.273354 val_bce=0.639042 best=N best_epoch=0 mass=(0.5014,0.4986) hard=(0.4377,0.5623) entropy=0.692674 delta_l2=(0.251884,0.251786) delta_cos=0.993924 epoch_seconds=1.00
CHECKPOINT_LATEST repeat=3 scope=internal_cv fold=6 phase=crsm epoch=30 path=/data/adodas/VarCoNet-V2-main/xiaolunwen/experiment1b/checkpoints/worker_r3_latest.pt
[CRSM] repeat=3 scope=internal_cv fold=6 epoch=30/149 train_loss=0.246720 val_bce=0.657284 best=N best_epoch=0 mass=(0.5025,0.4975) hard=(0.4451,0.5549) entropy=0.691985 delta_l2=(0.360393,0.360436) delta_cos=0.992248 epoch_seconds=0.35
CHECKPOINT_LATEST repeat=3 scope=internal_cv fold=6 phase=crsm epoch=40 path=/data/adodas/VarCoNet-V2-main/xiaolunwen/experiment1b/checkpoints/worker_r3_latest.pt
[CRSM] repeat=3 scope=internal_cv fold=6 epoch=40/149 train_loss=0.227454 val_bce=0.675085 best=N best_epoch=0 mass=(0.5044,0.4956) hard=(0.4510,0.5490) entropy=0.690440 delta_l2=(0.457454,0.457755) delta_cos=0.988800 epoch_seconds=0.42
CHECKPOINT_LATEST repeat=3 scope=internal_cv fold=6 phase=crsm epoch=50 path=/data/adodas/VarCoNet-V2-main/xiaolunwen/experiment1b/checkpoints/worker_r3_latest.pt
[CRSM] repeat=3 scope=internal_cv fold=6 epoch=50/149 train_loss=0.213260 val_bce=0.692769 best=N best_epoch=0 mass=(0.5072,0.4928) hard=(0.4540,0.5460) entropy=0.687091 delta_l2=(0.544337,0.545020) delta_cos=0.982684 epoch_seconds=0.37
CHECKPOINT_LATEST repeat=3 scope=internal_cv fold=6 phase=crsm epoch=60 path=/data/adodas/VarCoNet-V2-main/xiaolunwen/experiment1b/checkpoints/worker_r3_latest.pt
[CRSM] repeat=3 scope=internal_cv fold=6 epoch=60/149 train_loss=0.202563 val_bce=0.710354 best=N best_epoch=0 mass=(0.5106,0.4894) hard=(0.4629,0.5371) entropy=0.680889 delta_l2=(0.622405,0.623588) delta_cos=0.972666 epoch_seconds=0.39
CHECKPOINT_LATEST repeat=3 scope=internal_cv fold=6 phase=crsm epoch=70 path=/data/adodas/VarCoNet-V2-main/xiaolunwen/experiment1b/checkpoints/worker_r3_latest.pt
[CRSM] repeat=3 scope=internal_cv fold=6 epoch=70/149 train_loss=0.194290 val_bce=0.727814 best=N best_epoch=0 mass=(0.5142,0.4858) hard=(0.4852,0.5148) entropy=0.671060 delta_l2=(0.692942,0.694758) delta_cos=0.957563 epoch_seconds=0.59
CHECKPOINT_LATEST repeat=3 scope=internal_cv fold=6 phase=crsm epoch=80 path=/data/adodas/VarCoNet-V2-main/xiaolunwen/experiment1b/checkpoints/worker_r3_latest.pt
[CRSM] repeat=3 scope=internal_cv fold=6 epoch=80/149 train_loss=0.187727 val_bce=0.745236 best=N best_epoch=0 mass=(0.5174,0.4826) hard=(0.4866,0.5134) entropy=0.657735 delta_l2=(0.757079,0.759736) delta_cos=0.936957 epoch_seconds=0.37
CHECKPOINT_LATEST repeat=3 scope=internal_cv fold=6 phase=crsm epoch=90 path=/data/adodas/VarCoNet-V2-main/xiaolunwen/experiment1b/checkpoints/worker_r3_latest.pt
[CRSM] repeat=3 scope=internal_cv fold=6 epoch=90/149 train_loss=0.182422 val_bce=0.762584 best=N best_epoch=0 mass=(0.5199,0.4801) hard=(0.4941,0.5059) entropy=0.642006 delta_l2=(0.815780,0.819516) delta_cos=0.911536 epoch_seconds=0.31
CHECKPOINT_LATEST repeat=3 scope=internal_cv fold=6 phase=crsm epoch=100 path=/data/adodas/VarCoNet-V2-main/xiaolunwen/experiment1b/checkpoints/worker_r3_latest.pt
[CRSM] repeat=3 scope=internal_cv fold=6 epoch=100/149 train_loss=0.178090 val_bce=0.779713 best=N best_epoch=0 mass=(0.5217,0.4783) hard=(0.5030,0.4970) entropy=0.625194 delta_l2=(0.869801,0.874829) delta_cos=0.882831 epoch_seconds=0.43
CHECKPOINT_LATEST repeat=3 scope=internal_cv fold=6 phase=crsm epoch=110 path=/data/adodas/VarCoNet-V2-main/xiaolunwen/experiment1b/checkpoints/worker_r3_latest.pt
[CRSM] repeat=3 scope=internal_cv fold=6 epoch=110/149 train_loss=0.174538 val_bce=0.796466 best=N best_epoch=0 mass=(0.5229,0.4771) hard=(0.4970,0.5030) entropy=0.608367 delta_l2=(0.919695,0.926188) delta_cos=0.852603 epoch_seconds=0.36
CHECKPOINT_LATEST repeat=3 scope=internal_cv fold=6 phase=crsm epoch=120 path=/data/adodas/VarCoNet-V2-main/xiaolunwen/experiment1b/checkpoints/worker_r3_latest.pt
[CRSM] repeat=3 scope=internal_cv fold=6 epoch=120/149 train_loss=0.171617 val_bce=0.812743 best=N best_epoch=0 mass=(0.5236,0.4764) hard=(0.5000,0.5000) entropy=0.592178 delta_l2=(0.965875,0.973963) delta_cos=0.822335 epoch_seconds=0.30
CHECKPOINT_LATEST repeat=3 scope=internal_cv fold=6 phase=crsm epoch=130 path=/data/adodas/VarCoNet-V2-main/xiaolunwen/experiment1b/checkpoints/worker_r3_latest.pt
[CRSM] repeat=3 scope=internal_cv fold=6 epoch=130/149 train_loss=0.169206 val_bce=0.828486 best=N best_epoch=0 mass=(0.5241,0.4759) hard=(0.5045,0.4955) entropy=0.576980 delta_l2=(1.008682,1.018453) delta_cos=0.793043 epoch_seconds=0.39
CHECKPOINT_LATEST repeat=3 scope=internal_cv fold=6 phase=crsm epoch=140 path=/data/adodas/VarCoNet-V2-main/xiaolunwen/experiment1b/checkpoints/worker_r3_latest.pt
[CRSM] repeat=3 scope=internal_cv fold=6 epoch=140/149 train_loss=0.167204 val_bce=0.843657 best=N best_epoch=0 mass=(0.5243,0.4757) hard=(0.5045,0.4955) entropy=0.562915 delta_l2=(1.048425,1.059933) delta_cos=0.765297 epoch_seconds=0.38
TASK_TRAINING_DONE repeat=3 scope=internal_cv fold=6 base_encoder_epoch=28 base_classifier_epoch=22 base_val_bce=0.611607 selected_crsm_epoch=0 crsm_val_bce=0.611606 treatment_threshold=0.472474 elapsed_minutes=4.4
TASK_DONE repeat=3 scope=internal_fold fold=6 method=baseline selected_encoder_epoch=28 test_auc=0.756617 test_bce=0.589887 elapsed_minutes=4.4
TASK_DONE repeat=3 scope=internal_fold fold=6 method=control_referenced_soft_multiboundary selected_encoder_epoch=28 test_auc=0.756617 test_bce=0.589886 elapsed_minutes=4.4
TASK_START repeat=3 scope=internal_cv fold=7 seed=100307 device=cuda:0 shared_encoder=Y reference_unique_n=674 train_n=750 val_n=120
CHECKPOINT_BEST repeat=3 scope=internal_cv fold=7 phase=ssl epoch=1 path=/data/adodas/VarCoNet-V2-main/xiaolunwen/experiment1b/checkpoints/worker_r3_best.pt
[SSL] repeat=3 scope=internal_cv fold=7 epoch=1/50 ssl_loss=0.166822 lr=0.000024107 base_val_bce=0.652826 base_best=Y base_cls_epoch=13 epoch_seconds=6.7 task_elapsed_minutes=0.1 gpu_alloc_gb=0.318 gpu_reserved_gb=1.744
[SSL] repeat=3 scope=internal_cv fold=7 epoch=2/50 ssl_loss=0.146257 lr=0.000038214 base_val_bce=0.654922 base_best=N base_cls_epoch=15 epoch_seconds=8.3 task_elapsed_minutes=0.3 gpu_alloc_gb=0.317 gpu_reserved_gb=2.008
[SSL] repeat=3 scope=internal_cv fold=7 epoch=3/50 ssl_loss=0.117584 lr=0.000052321 base_val_bce=0.654150 base_best=N base_cls_epoch=15 epoch_seconds=6.1 task_elapsed_minutes=0.4 gpu_alloc_gb=0.318 gpu_reserved_gb=1.744
CHECKPOINT_BEST repeat=3 scope=internal_cv fold=7 phase=ssl epoch=4 path=/data/adodas/VarCoNet-V2-main/xiaolunwen/experiment1b/checkpoints/worker_r3_best.pt
[SSL] repeat=3 scope=internal_cv fold=7 epoch=4/50 ssl_loss=0.103691 lr=0.000066427 base_val_bce=0.643760 base_best=Y base_cls_epoch=13 epoch_seconds=8.6 task_elapsed_minutes=0.5 gpu_alloc_gb=0.317 gpu_reserved_gb=2.008
[SSL] repeat=3 scope=internal_cv fold=7 epoch=5/50 ssl_loss=0.109201 lr=0.000080534 base_val_bce=0.652471 base_best=N base_cls_epoch=12 epoch_seconds=8.2 task_elapsed_minutes=0.6 gpu_alloc_gb=0.318 gpu_reserved_gb=1.744
[SSL] repeat=3 scope=internal_cv fold=7 epoch=6/50 ssl_loss=0.100819 lr=0.000094641 base_val_bce=0.644645 base_best=N base_cls_epoch=12 epoch_seconds=7.3 task_elapsed_minutes=0.8 gpu_alloc_gb=0.317 gpu_reserved_gb=2.008
[SSL] repeat=3 scope=internal_cv fold=7 epoch=7/50 ssl_loss=0.097721 lr=0.000108748 base_val_bce=0.651750 base_best=N base_cls_epoch=46 epoch_seconds=6.7 task_elapsed_minutes=0.9 gpu_alloc_gb=0.318 gpu_reserved_gb=1.744
[SSL] repeat=3 scope=internal_cv fold=7 epoch=8/50 ssl_loss=0.085127 lr=0.000122855 base_val_bce=0.657017 base_best=N base_cls_epoch=15 epoch_seconds=8.3 task_elapsed_minutes=1.0 gpu_alloc_gb=0.317 gpu_reserved_gb=2.008
CHECKPOINT_BEST repeat=3 scope=internal_cv fold=7 phase=ssl epoch=9 path=/data/adodas/VarCoNet-V2-main/xiaolunwen/experiment1b/checkpoints/worker_r3_best.pt
[SSL] repeat=3 scope=internal_cv fold=7 epoch=9/50 ssl_loss=0.072811 lr=0.000136962 base_val_bce=0.637422 base_best=Y base_cls_epoch=17 epoch_seconds=12.6 task_elapsed_minutes=1.1 gpu_alloc_gb=0.318 gpu_reserved_gb=1.744
CHECKPOINT_LATEST repeat=3 scope=internal_cv fold=7 phase=ssl epoch=10 path=/data/adodas/VarCoNet-V2-main/xiaolunwen/experiment1b/checkpoints/worker_r3_latest.pt
[SSL] repeat=3 scope=internal_cv fold=7 epoch=10/50 ssl_loss=0.065574 lr=0.000136962 base_val_bce=0.641883 base_best=N base_cls_epoch=17 epoch_seconds=5.5 task_elapsed_minutes=1.3 gpu_alloc_gb=0.317 gpu_reserved_gb=2.008
CHECKPOINT_BEST repeat=3 scope=internal_cv fold=7 phase=ssl epoch=11 path=/data/adodas/VarCoNet-V2-main/xiaolunwen/experiment1b/checkpoints/worker_r3_best.pt
[SSL] repeat=3 scope=internal_cv fold=7 epoch=11/50 ssl_loss=0.066034 lr=0.000136751 base_val_bce=0.625791 base_best=Y base_cls_epoch=17 epoch_seconds=20.4 task_elapsed_minutes=1.4 gpu_alloc_gb=0.318 gpu_reserved_gb=1.744
[SSL] repeat=3 scope=internal_cv fold=7 epoch=12/50 ssl_loss=0.061296 lr=0.000136119 base_val_bce=0.642484 base_best=N base_cls_epoch=16 epoch_seconds=3.3 task_elapsed_minutes=1.7 gpu_alloc_gb=0.317 gpu_reserved_gb=2.008
[SSL] repeat=3 scope=internal_cv fold=7 epoch=13/50 ssl_loss=0.052772 lr=0.000135070 base_val_bce=0.638400 base_best=N base_cls_epoch=16 epoch_seconds=3.4 task_elapsed_minutes=1.8 gpu_alloc_gb=0.318 gpu_reserved_gb=1.744
[SSL] repeat=3 scope=internal_cv fold=7 epoch=14/50 ssl_loss=0.070462 lr=0.000133610 base_val_bce=0.630396 base_best=N base_cls_epoch=50 epoch_seconds=4.5 task_elapsed_minutes=1.8 gpu_alloc_gb=0.317 gpu_reserved_gb=2.008
[SSL] repeat=3 scope=internal_cv fold=7 epoch=15/50 ssl_loss=0.054277 lr=0.000131749 base_val_bce=0.648279 base_best=N base_cls_epoch=46 epoch_seconds=4.0 task_elapsed_minutes=1.9 gpu_alloc_gb=0.318 gpu_reserved_gb=1.744
[SSL] repeat=3 scope=internal_cv fold=7 epoch=16/50 ssl_loss=0.058874 lr=0.000129498 base_val_bce=0.644211 base_best=N base_cls_epoch=49 epoch_seconds=2.9 task_elapsed_minutes=1.9 gpu_alloc_gb=0.317 gpu_reserved_gb=2.008
[SSL] repeat=3 scope=internal_cv fold=7 epoch=17/50 ssl_loss=0.050920 lr=0.000126870 base_val_bce=0.637429 base_best=N base_cls_epoch=48 epoch_seconds=3.3 task_elapsed_minutes=2.0 gpu_alloc_gb=0.318 gpu_reserved_gb=1.744
[SSL] repeat=3 scope=internal_cv fold=7 epoch=18/50 ssl_loss=0.055207 lr=0.000123883 base_val_bce=0.635165 base_best=N base_cls_epoch=44 epoch_seconds=3.7 task_elapsed_minutes=2.1 gpu_alloc_gb=0.317 gpu_reserved_gb=2.008
[SSL] repeat=3 scope=internal_cv fold=7 epoch=19/50 ssl_loss=0.054743 lr=0.000120554 base_val_bce=0.628517 base_best=N base_cls_epoch=43 epoch_seconds=3.8 task_elapsed_minutes=2.1 gpu_alloc_gb=0.318 gpu_reserved_gb=1.744
CHECKPOINT_LATEST repeat=3 scope=internal_cv fold=7 phase=ssl epoch=20 path=/data/adodas/VarCoNet-V2-main/xiaolunwen/experiment1b/checkpoints/worker_r3_latest.pt
[SSL] repeat=3 scope=internal_cv fold=7 epoch=20/50 ssl_loss=0.043925 lr=0.000116904 base_val_bce=0.641170 base_best=N base_cls_epoch=47 epoch_seconds=9.5 task_elapsed_minutes=2.2 gpu_alloc_gb=0.317 gpu_reserved_gb=2.008
[SSL] repeat=3 scope=internal_cv fold=7 epoch=21/50 ssl_loss=0.049499 lr=0.000112956 base_val_bce=0.639017 base_best=N base_cls_epoch=47 epoch_seconds=3.3 task_elapsed_minutes=2.3 gpu_alloc_gb=0.318 gpu_reserved_gb=1.744
[SSL] repeat=3 scope=internal_cv fold=7 epoch=22/50 ssl_loss=0.052396 lr=0.000108733 base_val_bce=0.632173 base_best=N base_cls_epoch=45 epoch_seconds=5.7 task_elapsed_minutes=2.4 gpu_alloc_gb=0.317 gpu_reserved_gb=2.008
[SSL] repeat=3 scope=internal_cv fold=7 epoch=23/50 ssl_loss=0.048453 lr=0.000104262 base_val_bce=0.642168 base_best=N base_cls_epoch=51 epoch_seconds=3.3 task_elapsed_minutes=2.5 gpu_alloc_gb=0.318 gpu_reserved_gb=1.744
[SSL] repeat=3 scope=internal_cv fold=7 epoch=24/50 ssl_loss=0.048729 lr=0.000099570 base_val_bce=0.640350 base_best=N base_cls_epoch=51 epoch_seconds=5.5 task_elapsed_minutes=2.6 gpu_alloc_gb=0.317 gpu_reserved_gb=2.008
CHECKPOINT_BEST repeat=3 scope=internal_cv fold=7 phase=ssl epoch=25 path=/data/adodas/VarCoNet-V2-main/xiaolunwen/experiment1b/checkpoints/worker_r3_best.pt
[SSL] repeat=3 scope=internal_cv fold=7 epoch=25/50 ssl_loss=0.053473 lr=0.000094687 base_val_bce=0.621565 base_best=Y base_cls_epoch=47 epoch_seconds=15.7 task_elapsed_minutes=2.7 gpu_alloc_gb=0.318 gpu_reserved_gb=1.744
[SSL] repeat=3 scope=internal_cv fold=7 epoch=26/50 ssl_loss=0.032844 lr=0.000089643 base_val_bce=0.641386 base_best=N base_cls_epoch=53 epoch_seconds=4.3 task_elapsed_minutes=2.9 gpu_alloc_gb=0.317 gpu_reserved_gb=2.008
[SSL] repeat=3 scope=internal_cv fold=7 epoch=27/50 ssl_loss=0.039870 lr=0.000084467 base_val_bce=0.636057 base_best=N base_cls_epoch=44 epoch_seconds=3.2 task_elapsed_minutes=3.0 gpu_alloc_gb=0.318 gpu_reserved_gb=1.744
[SSL] repeat=3 scope=internal_cv fold=7 epoch=28/50 ssl_loss=0.039980 lr=0.000079194 base_val_bce=0.635223 base_best=N base_cls_epoch=47 epoch_seconds=3.4 task_elapsed_minutes=3.0 gpu_alloc_gb=0.317 gpu_reserved_gb=2.008
[SSL] repeat=3 scope=internal_cv fold=7 epoch=29/50 ssl_loss=0.044703 lr=0.000073854 base_val_bce=0.627646 base_best=N base_cls_epoch=49 epoch_seconds=2.9 task_elapsed_minutes=3.1 gpu_alloc_gb=0.318 gpu_reserved_gb=1.744
CHECKPOINT_LATEST repeat=3 scope=internal_cv fold=7 phase=ssl epoch=30 path=/data/adodas/VarCoNet-V2-main/xiaolunwen/experiment1b/checkpoints/worker_r3_latest.pt
[SSL] repeat=3 scope=internal_cv fold=7 epoch=30/50 ssl_loss=0.046707 lr=0.000068481 base_val_bce=0.628160 base_best=N base_cls_epoch=49 epoch_seconds=16.3 task_elapsed_minutes=3.1 gpu_alloc_gb=0.317 gpu_reserved_gb=2.008
[SSL] repeat=3 scope=internal_cv fold=7 epoch=31/50 ssl_loss=0.052452 lr=0.000063108 base_val_bce=0.639724 base_best=N base_cls_epoch=53 epoch_seconds=3.3 task_elapsed_minutes=3.4 gpu_alloc_gb=0.318 gpu_reserved_gb=1.744
[SSL] repeat=3 scope=internal_cv fold=7 epoch=32/50 ssl_loss=0.048088 lr=0.000057768 base_val_bce=0.634290 base_best=N base_cls_epoch=50 epoch_seconds=3.8 task_elapsed_minutes=3.5 gpu_alloc_gb=0.317 gpu_reserved_gb=2.008
[SSL] repeat=3 scope=internal_cv fold=7 epoch=33/50 ssl_loss=0.043717 lr=0.000052494 base_val_bce=0.639650 base_best=N base_cls_epoch=49 epoch_seconds=3.7 task_elapsed_minutes=3.5 gpu_alloc_gb=0.318 gpu_reserved_gb=1.744
[SSL] repeat=3 scope=internal_cv fold=7 epoch=34/50 ssl_loss=0.034306 lr=0.000047319 base_val_bce=0.635787 base_best=N base_cls_epoch=49 epoch_seconds=6.1 task_elapsed_minutes=3.6 gpu_alloc_gb=0.317 gpu_reserved_gb=2.008
[SSL] repeat=3 scope=internal_cv fold=7 epoch=35/50 ssl_loss=0.044295 lr=0.000042274 base_val_bce=0.633019 base_best=N base_cls_epoch=51 epoch_seconds=4.1 task_elapsed_minutes=3.7 gpu_alloc_gb=0.318 gpu_reserved_gb=1.744
[SSL] repeat=3 scope=internal_cv fold=7 epoch=36/50 ssl_loss=0.044638 lr=0.000037391 base_val_bce=0.629099 base_best=N base_cls_epoch=46 epoch_seconds=10.4 task_elapsed_minutes=3.9 gpu_alloc_gb=0.317 gpu_reserved_gb=2.008
[SSL] repeat=3 scope=internal_cv fold=7 epoch=37/50 ssl_loss=0.040875 lr=0.000032700 base_val_bce=0.636002 base_best=N base_cls_epoch=45 epoch_seconds=5.9 task_elapsed_minutes=4.0 gpu_alloc_gb=0.318 gpu_reserved_gb=1.744
[SSL] repeat=3 scope=internal_cv fold=7 epoch=38/50 ssl_loss=0.039057 lr=0.000028229 base_val_bce=0.645186 base_best=N base_cls_epoch=48 epoch_seconds=1.9 task_elapsed_minutes=4.0 gpu_alloc_gb=0.317 gpu_reserved_gb=2.008
[SSL] repeat=3 scope=internal_cv fold=7 epoch=39/50 ssl_loss=0.050404 lr=0.000024006 base_val_bce=0.632516 base_best=N base_cls_epoch=52 epoch_seconds=4.7 task_elapsed_minutes=4.1 gpu_alloc_gb=0.318 gpu_reserved_gb=1.744
CHECKPOINT_LATEST repeat=3 scope=internal_cv fold=7 phase=ssl epoch=40 path=/data/adodas/VarCoNet-V2-main/xiaolunwen/experiment1b/checkpoints/worker_r3_latest.pt
[SSL] repeat=3 scope=internal_cv fold=7 epoch=40/50 ssl_loss=0.046672 lr=0.000020058 base_val_bce=0.633901 base_best=N base_cls_epoch=50 epoch_seconds=7.0 task_elapsed_minutes=4.1 gpu_alloc_gb=0.317 gpu_reserved_gb=2.008
[SSL] repeat=3 scope=internal_cv fold=7 epoch=41/50 ssl_loss=0.038748 lr=0.000016408 base_val_bce=0.635294 base_best=N base_cls_epoch=50 epoch_seconds=2.1 task_elapsed_minutes=4.2 gpu_alloc_gb=0.318 gpu_reserved_gb=1.744
[SSL] repeat=3 scope=internal_cv fold=7 epoch=42/50 ssl_loss=0.039504 lr=0.000013079 base_val_bce=0.624538 base_best=N base_cls_epoch=45 epoch_seconds=2.4 task_elapsed_minutes=4.3 gpu_alloc_gb=0.317 gpu_reserved_gb=2.008
[SSL] repeat=3 scope=internal_cv fold=7 epoch=43/50 ssl_loss=0.045621 lr=0.000010091 base_val_bce=0.639641 base_best=N base_cls_epoch=53 epoch_seconds=10.3 task_elapsed_minutes=4.4 gpu_alloc_gb=0.318 gpu_reserved_gb=1.744
[SSL] repeat=3 scope=internal_cv fold=7 epoch=44/50 ssl_loss=0.040995 lr=0.000007464 base_val_bce=0.632220 base_best=N base_cls_epoch=49 epoch_seconds=4.7 task_elapsed_minutes=4.5 gpu_alloc_gb=0.317 gpu_reserved_gb=2.008
[SSL] repeat=3 scope=internal_cv fold=7 epoch=45/50 ssl_loss=0.038877 lr=0.000005213 base_val_bce=0.644678 base_best=N base_cls_epoch=51 epoch_seconds=3.6 task_elapsed_minutes=4.6 gpu_alloc_gb=0.318 gpu_reserved_gb=1.744
[SSL] repeat=3 scope=internal_cv fold=7 epoch=46/50 ssl_loss=0.032646 lr=0.000003352 base_val_bce=0.644030 base_best=N base_cls_epoch=48 epoch_seconds=2.7 task_elapsed_minutes=4.6 gpu_alloc_gb=0.317 gpu_reserved_gb=2.008
[SSL] repeat=3 scope=internal_cv fold=7 epoch=47/50 ssl_loss=0.036218 lr=0.000001892 base_val_bce=0.635112 base_best=N base_cls_epoch=54 epoch_seconds=3.5 task_elapsed_minutes=4.7 gpu_alloc_gb=0.318 gpu_reserved_gb=1.744
[SSL] repeat=3 scope=internal_cv fold=7 epoch=48/50 ssl_loss=0.039795 lr=0.000000843 base_val_bce=0.647295 base_best=N base_cls_epoch=54 epoch_seconds=2.2 task_elapsed_minutes=4.7 gpu_alloc_gb=0.317 gpu_reserved_gb=2.008
[SSL] repeat=3 scope=internal_cv fold=7 epoch=49/50 ssl_loss=0.035158 lr=0.000000211 base_val_bce=0.636799 base_best=N base_cls_epoch=44 epoch_seconds=4.4 task_elapsed_minutes=4.8 gpu_alloc_gb=0.318 gpu_reserved_gb=1.744
CHECKPOINT_LATEST repeat=3 scope=internal_cv fold=7 phase=ssl epoch=50 path=/data/adodas/VarCoNet-V2-main/xiaolunwen/experiment1b/checkpoints/worker_r3_latest.pt
[SSL] repeat=3 scope=internal_cv fold=7 epoch=50/50 ssl_loss=0.043897 lr=0.000000000 base_val_bce=0.640431 base_best=N base_cls_epoch=48 epoch_seconds=9.4 task_elapsed_minutes=4.8 gpu_alloc_gb=0.317 gpu_reserved_gb=2.008
CRSM_INIT repeat=3 scope=internal_cv fold=7 n_experts=2 tau=1.0 trainable_parameters=147074 hc_centroid_norm=23.290161 pca_unit_norm=1.00000000 pca_singular=150.839096 sigma_margin=1.815652 sigma_projection=7.978086 ratio=0.0100 scale=0.00227579894 epoch0_val_bce=0.621572
CHECKPOINT_LATEST repeat=3 scope=internal_cv fold=7 phase=crsm epoch=0 path=/data/adodas/VarCoNet-V2-main/xiaolunwen/experiment1b/checkpoints/worker_r3_latest.pt
CHECKPOINT_BEST repeat=3 scope=internal_cv fold=7 phase=crsm epoch=0 path=/data/adodas/VarCoNet-V2-main/xiaolunwen/experiment1b/checkpoints/worker_r3_best.pt
CHECKPOINT_LATEST repeat=3 scope=internal_cv fold=7 phase=crsm epoch=10 path=/data/adodas/VarCoNet-V2-main/xiaolunwen/experiment1b/checkpoints/worker_r3_latest.pt
[CRSM] repeat=3 scope=internal_cv fold=7 epoch=10/149 train_loss=0.152471 val_bce=0.638917 best=N best_epoch=0 mass=(0.4994,0.5006) hard=(0.6217,0.3783) entropy=0.692869 delta_l2=(0.130155,0.130226) delta_cos=0.989826 epoch_seconds=6.58
CHECKPOINT_LATEST repeat=3 scope=internal_cv fold=7 phase=crsm epoch=20 path=/data/adodas/VarCoNet-V2-main/xiaolunwen/experiment1b/checkpoints/worker_r3_latest.pt
[CRSM] repeat=3 scope=internal_cv fold=7 epoch=20/149 train_loss=0.133179 val_bce=0.659653 best=N best_epoch=0 mass=(0.4989,0.5011) hard=(0.6009,0.3991) entropy=0.692610 delta_l2=(0.248539,0.248636) delta_cos=0.990994 epoch_seconds=9.98
CHECKPOINT_LATEST repeat=3 scope=internal_cv fold=7 phase=crsm epoch=30 path=/data/adodas/VarCoNet-V2-main/xiaolunwen/experiment1b/checkpoints/worker_r3_latest.pt
[CRSM] repeat=3 scope=internal_cv fold=7 epoch=30/149 train_loss=0.119491 val_bce=0.678860 best=N best_epoch=0 mass=(0.4980,0.5020) hard=(0.5757,0.4243) entropy=0.692092 delta_l2=(0.355546,0.355590) delta_cos=0.990295 epoch_seconds=7.49
CHECKPOINT_LATEST repeat=3 scope=internal_cv fold=7 phase=crsm epoch=40 path=/data/adodas/VarCoNet-V2-main/xiaolunwen/experiment1b/checkpoints/worker_r3_latest.pt
[CRSM] repeat=3 scope=internal_cv fold=7 epoch=40/149 train_loss=0.109658 val_bce=0.697712 best=N best_epoch=0 mass=(0.4966,0.5034) hard=(0.5534,0.4466) entropy=0.690940 delta_l2=(0.451611,0.451508) delta_cos=0.987889 epoch_seconds=2.94
CHECKPOINT_LATEST repeat=3 scope=internal_cv fold=7 phase=crsm epoch=50 path=/data/adodas/VarCoNet-V2-main/xiaolunwen/experiment1b/checkpoints/worker_r3_latest.pt
[CRSM] repeat=3 scope=internal_cv fold=7 epoch=50/149 train_loss=0.102497 val_bce=0.716813 best=N best_epoch=0 mass=(0.4945,0.5055) hard=(0.5475,0.4525) entropy=0.688484 delta_l2=(0.537521,0.537177) delta_cos=0.983015 epoch_seconds=5.74
CHECKPOINT_LATEST repeat=3 scope=internal_cv fold=7 phase=crsm epoch=60 path=/data/adodas/VarCoNet-V2-main/xiaolunwen/experiment1b/checkpoints/worker_r3_latest.pt
[CRSM] repeat=3 scope=internal_cv fold=7 epoch=60/149 train_loss=0.097176 val_bce=0.735704 best=N best_epoch=0 mass=(0.4917,0.5083) hard=(0.5356,0.4644) entropy=0.683682 delta_l2=(0.614357,0.613624) delta_cos=0.974492 epoch_seconds=9.34
CHECKPOINT_LATEST repeat=3 scope=internal_cv fold=7 phase=crsm epoch=70 path=/data/adodas/VarCoNet-V2-main/xiaolunwen/experiment1b/checkpoints/worker_r3_latest.pt
[CRSM] repeat=3 scope=internal_cv fold=7 epoch=70/149 train_loss=0.093114 val_bce=0.754511 best=N best_epoch=0 mass=(0.4883,0.5117) hard=(0.5267,0.4733) entropy=0.675361 delta_l2=(0.683411,0.682047) delta_cos=0.960961 epoch_seconds=5.45
CHECKPOINT_LATEST repeat=3 scope=internal_cv fold=7 phase=crsm epoch=80 path=/data/adodas/VarCoNet-V2-main/xiaolunwen/experiment1b/checkpoints/worker_r3_latest.pt
[CRSM] repeat=3 scope=internal_cv fold=7 epoch=80/149 train_loss=0.089912 val_bce=0.773437 best=N best_epoch=0 mass=(0.4847,0.5153) hard=(0.5148,0.4852) entropy=0.662965 delta_l2=(0.746029,0.743721) delta_cos=0.941541 epoch_seconds=4.93
CHECKPOINT_LATEST repeat=3 scope=internal_cv fold=7 phase=crsm epoch=90 path=/data/adodas/VarCoNet-V2-main/xiaolunwen/experiment1b/checkpoints/worker_r3_latest.pt
[CRSM] repeat=3 scope=internal_cv fold=7 epoch=90/149 train_loss=0.087324 val_bce=0.792349 best=N best_epoch=0 mass=(0.4813,0.5187) hard=(0.5134,0.4866) entropy=0.647027 delta_l2=(0.803421,0.799862) delta_cos=0.916450 epoch_seconds=4.27
CHECKPOINT_LATEST repeat=3 scope=internal_cv fold=7 phase=crsm epoch=100 path=/data/adodas/VarCoNet-V2-main/xiaolunwen/experiment1b/checkpoints/worker_r3_latest.pt
[CRSM] repeat=3 scope=internal_cv fold=7 epoch=100/149 train_loss=0.085203 val_bce=0.811065 best=N best_epoch=0 mass=(0.4783,0.5217) hard=(0.5059,0.4941) entropy=0.628899 delta_l2=(0.856482,0.851443) delta_cos=0.887018 epoch_seconds=5.82
CHECKPOINT_LATEST repeat=3 scope=internal_cv fold=7 phase=crsm epoch=110 path=/data/adodas/VarCoNet-V2-main/xiaolunwen/experiment1b/checkpoints/worker_r3_latest.pt
[CRSM] repeat=3 scope=internal_cv fold=7 epoch=110/149 train_loss=0.083456 val_bce=0.829452 best=N best_epoch=0 mass=(0.4758,0.5242) hard=(0.5015,0.4985) entropy=0.610068 delta_l2=(0.905774,0.899117) delta_cos=0.855126 epoch_seconds=4.82
CHECKPOINT_LATEST repeat=3 scope=internal_cv fold=7 phase=crsm epoch=120 path=/data/adodas/VarCoNet-V2-main/xiaolunwen/experiment1b/checkpoints/worker_r3_latest.pt
[CRSM] repeat=3 scope=internal_cv fold=7 epoch=120/149 train_loss=0.082016 val_bce=0.847375 best=N best_epoch=0 mass=(0.4737,0.5263) hard=(0.4970,0.5030) entropy=0.591635 delta_l2=(0.951642,0.943309) delta_cos=0.822548 epoch_seconds=7.93
CHECKPOINT_LATEST repeat=3 scope=internal_cv fold=7 phase=crsm epoch=130 path=/data/adodas/VarCoNet-V2-main/xiaolunwen/experiment1b/checkpoints/worker_r3_latest.pt
[CRSM] repeat=3 scope=internal_cv fold=7 epoch=130/149 train_loss=0.080826 val_bce=0.864697 best=N best_epoch=0 mass=(0.4720,0.5280) hard=(0.4911,0.5089) entropy=0.574261 delta_l2=(0.994336,0.984332) delta_cos=0.790604 epoch_seconds=5.07
CHECKPOINT_LATEST repeat=3 scope=internal_cv fold=7 phase=crsm epoch=140 path=/data/adodas/VarCoNet-V2-main/xiaolunwen/experiment1b/checkpoints/worker_r3_latest.pt
[CRSM] repeat=3 scope=internal_cv fold=7 epoch=140/149 train_loss=0.079841 val_bce=0.881352 best=N best_epoch=0 mass=(0.4707,0.5293) hard=(0.4926,0.5074) entropy=0.558262 delta_l2=(1.034083,1.022454) delta_cos=0.760115 epoch_seconds=5.23
TASK_TRAINING_DONE repeat=3 scope=internal_cv fold=7 base_encoder_epoch=25 base_classifier_epoch=47 base_val_bce=0.621565 selected_crsm_epoch=0 crsm_val_bce=0.621572 treatment_threshold=0.453572 elapsed_minutes=6.8
TASK_DONE repeat=3 scope=internal_fold fold=7 method=baseline selected_encoder_epoch=25 test_auc=0.746238 test_bce=0.582978 elapsed_minutes=6.8
TASK_DONE repeat=3 scope=internal_fold fold=7 method=control_referenced_soft_multiboundary selected_encoder_epoch=25 test_auc=0.746238 test_bce=0.582980 elapsed_minutes=6.8
TASK_START repeat=3 scope=internal_cv fold=8 seed=100308 device=cuda:0 shared_encoder=Y reference_unique_n=674 train_n=750 val_n=120
CHECKPOINT_BEST repeat=3 scope=internal_cv fold=8 phase=ssl epoch=1 path=/data/adodas/VarCoNet-V2-main/xiaolunwen/experiment1b/checkpoints/worker_r3_best.pt
[SSL] repeat=3 scope=internal_cv fold=8 epoch=1/50 ssl_loss=0.122440 lr=0.000024107 base_val_bce=0.642655 base_best=Y base_cls_epoch=23 epoch_seconds=4.3 task_elapsed_minutes=0.1 gpu_alloc_gb=0.318 gpu_reserved_gb=1.744
CHECKPOINT_BEST repeat=3 scope=internal_cv fold=8 phase=ssl epoch=2 path=/data/adodas/VarCoNet-V2-main/xiaolunwen/experiment1b/checkpoints/worker_r3_best.pt
[SSL] repeat=3 scope=internal_cv fold=8 epoch=2/50 ssl_loss=0.128146 lr=0.000038214 base_val_bce=0.631711 base_best=Y base_cls_epoch=13 epoch_seconds=7.0 task_elapsed_minutes=0.1 gpu_alloc_gb=0.317 gpu_reserved_gb=2.008
[SSL] repeat=3 scope=internal_cv fold=8 epoch=3/50 ssl_loss=0.094475 lr=0.000052321 base_val_bce=0.651036 base_best=N base_cls_epoch=13 epoch_seconds=3.8 task_elapsed_minutes=0.3 gpu_alloc_gb=0.318 gpu_reserved_gb=1.744
[SSL] repeat=3 scope=internal_cv fold=8 epoch=4/50 ssl_loss=0.100266 lr=0.000066427 base_val_bce=0.643108 base_best=N base_cls_epoch=17 epoch_seconds=3.8 task_elapsed_minutes=0.3 gpu_alloc_gb=0.317 gpu_reserved_gb=2.008
[SSL] repeat=3 scope=internal_cv fold=8 epoch=5/50 ssl_loss=0.078203 lr=0.000080534 base_val_bce=0.641679 base_best=N base_cls_epoch=19 epoch_seconds=3.7 task_elapsed_minutes=0.4 gpu_alloc_gb=0.318 gpu_reserved_gb=1.744
[SSL] repeat=3 scope=internal_cv fold=8 epoch=6/50 ssl_loss=0.082482 lr=0.000094641 base_val_bce=0.641816 base_best=N base_cls_epoch=13 epoch_seconds=3.7 task_elapsed_minutes=0.4 gpu_alloc_gb=0.317 gpu_reserved_gb=2.008
[SSL] repeat=3 scope=internal_cv fold=8 epoch=7/50 ssl_loss=0.069319 lr=0.000108748 base_val_bce=0.642961 base_best=N base_cls_epoch=18 epoch_seconds=3.6 task_elapsed_minutes=0.5 gpu_alloc_gb=0.318 gpu_reserved_gb=1.744
[SSL] repeat=3 scope=internal_cv fold=8 epoch=8/50 ssl_loss=0.065507 lr=0.000122855 base_val_bce=0.634365 base_best=N base_cls_epoch=17 epoch_seconds=3.6 task_elapsed_minutes=0.6 gpu_alloc_gb=0.317 gpu_reserved_gb=2.008
[SSL] repeat=3 scope=internal_cv fold=8 epoch=9/50 ssl_loss=0.072709 lr=0.000136962 base_val_bce=0.640837 base_best=N base_cls_epoch=17 epoch_seconds=3.7 task_elapsed_minutes=0.6 gpu_alloc_gb=0.318 gpu_reserved_gb=1.744
CHECKPOINT_LATEST repeat=3 scope=internal_cv fold=8 phase=ssl epoch=10 path=/data/adodas/VarCoNet-V2-main/xiaolunwen/experiment1b/checkpoints/worker_r3_latest.pt
[SSL] repeat=3 scope=internal_cv fold=8 epoch=10/50 ssl_loss=0.064058 lr=0.000136962 base_val_bce=0.637113 base_best=N base_cls_epoch=17 epoch_seconds=3.8 task_elapsed_minutes=0.7 gpu_alloc_gb=0.317 gpu_reserved_gb=2.008
[SSL] repeat=3 scope=internal_cv fold=8 epoch=11/50 ssl_loss=0.055739 lr=0.000136751 base_val_bce=0.647958 base_best=N base_cls_epoch=19 epoch_seconds=3.9 task_elapsed_minutes=0.8 gpu_alloc_gb=0.318 gpu_reserved_gb=1.744
[SSL] repeat=3 scope=internal_cv fold=8 epoch=12/50 ssl_loss=0.066624 lr=0.000136119 base_val_bce=0.646534 base_best=N base_cls_epoch=20 epoch_seconds=3.8 task_elapsed_minutes=0.8 gpu_alloc_gb=0.317 gpu_reserved_gb=2.008
[SSL] repeat=3 scope=internal_cv fold=8 epoch=13/50 ssl_loss=0.052449 lr=0.000135070 base_val_bce=0.641763 base_best=N base_cls_epoch=19 epoch_seconds=3.8 task_elapsed_minutes=0.9 gpu_alloc_gb=0.318 gpu_reserved_gb=1.744
[SSL] repeat=3 scope=internal_cv fold=8 epoch=14/50 ssl_loss=0.053445 lr=0.000133610 base_val_bce=0.647821 base_best=N base_cls_epoch=26 epoch_seconds=3.7 task_elapsed_minutes=0.9 gpu_alloc_gb=0.317 gpu_reserved_gb=2.008
[SSL] repeat=3 scope=internal_cv fold=8 epoch=15/50 ssl_loss=0.059284 lr=0.000131749 base_val_bce=0.634141 base_best=N base_cls_epoch=19 epoch_seconds=3.8 task_elapsed_minutes=1.0 gpu_alloc_gb=0.318 gpu_reserved_gb=1.744
[SSL] repeat=3 scope=internal_cv fold=8 epoch=16/50 ssl_loss=0.057195 lr=0.000129498 base_val_bce=0.637795 base_best=N base_cls_epoch=19 epoch_seconds=3.6 task_elapsed_minutes=1.1 gpu_alloc_gb=0.317 gpu_reserved_gb=2.008
[SSL] repeat=3 scope=internal_cv fold=8 epoch=17/50 ssl_loss=0.046593 lr=0.000126870 base_val_bce=0.645356 base_best=N base_cls_epoch=20 epoch_seconds=3.8 task_elapsed_minutes=1.1 gpu_alloc_gb=0.318 gpu_reserved_gb=1.744
CHECKPOINT_BEST repeat=3 scope=internal_cv fold=8 phase=ssl epoch=18 path=/data/adodas/VarCoNet-V2-main/xiaolunwen/experiment1b/checkpoints/worker_r3_best.pt
[SSL] repeat=3 scope=internal_cv fold=8 epoch=18/50 ssl_loss=0.064135 lr=0.000123883 base_val_bce=0.631535 base_best=Y base_cls_epoch=24 epoch_seconds=4.1 task_elapsed_minutes=1.2 gpu_alloc_gb=0.317 gpu_reserved_gb=2.008
[SSL] repeat=3 scope=internal_cv fold=8 epoch=19/50 ssl_loss=0.048574 lr=0.000120554 base_val_bce=0.641004 base_best=N base_cls_epoch=19 epoch_seconds=3.9 task_elapsed_minutes=1.3 gpu_alloc_gb=0.318 gpu_reserved_gb=1.744
CHECKPOINT_LATEST repeat=3 scope=internal_cv fold=8 phase=ssl epoch=20 path=/data/adodas/VarCoNet-V2-main/xiaolunwen/experiment1b/checkpoints/worker_r3_latest.pt
[SSL] repeat=3 scope=internal_cv fold=8 epoch=20/50 ssl_loss=0.048441 lr=0.000116904 base_val_bce=0.644586 base_best=N base_cls_epoch=20 epoch_seconds=4.0 task_elapsed_minutes=1.3 gpu_alloc_gb=0.317 gpu_reserved_gb=2.008
CHECKPOINT_BEST repeat=3 scope=internal_cv fold=8 phase=ssl epoch=21 path=/data/adodas/VarCoNet-V2-main/xiaolunwen/experiment1b/checkpoints/worker_r3_best.pt
[SSL] repeat=3 scope=internal_cv fold=8 epoch=21/50 ssl_loss=0.041462 lr=0.000112956 base_val_bce=0.631488 base_best=Y base_cls_epoch=19 epoch_seconds=4.0 task_elapsed_minutes=1.4 gpu_alloc_gb=0.318 gpu_reserved_gb=1.744
[SSL] repeat=3 scope=internal_cv fold=8 epoch=22/50 ssl_loss=0.041509 lr=0.000108733 base_val_bce=0.643560 base_best=N base_cls_epoch=20 epoch_seconds=3.7 task_elapsed_minutes=1.5 gpu_alloc_gb=0.317 gpu_reserved_gb=2.008
[SSL] repeat=3 scope=internal_cv fold=8 epoch=23/50 ssl_loss=0.050513 lr=0.000104262 base_val_bce=0.640336 base_best=N base_cls_epoch=22 epoch_seconds=3.8 task_elapsed_minutes=1.5 gpu_alloc_gb=0.318 gpu_reserved_gb=1.744
[SSL] repeat=3 scope=internal_cv fold=8 epoch=24/50 ssl_loss=0.042732 lr=0.000099570 base_val_bce=0.635648 base_best=N base_cls_epoch=25 epoch_seconds=3.7 task_elapsed_minutes=1.6 gpu_alloc_gb=0.317 gpu_reserved_gb=2.008
[SSL] repeat=3 scope=internal_cv fold=8 epoch=25/50 ssl_loss=0.039876 lr=0.000094687 base_val_bce=0.640916 base_best=N base_cls_epoch=21 epoch_seconds=3.7 task_elapsed_minutes=1.6 gpu_alloc_gb=0.318 gpu_reserved_gb=1.744
[SSL] repeat=3 scope=internal_cv fold=8 epoch=26/50 ssl_loss=0.033163 lr=0.000089643 base_val_bce=0.644805 base_best=N base_cls_epoch=22 epoch_seconds=3.9 task_elapsed_minutes=1.7 gpu_alloc_gb=0.317 gpu_reserved_gb=2.008
[SSL] repeat=3 scope=internal_cv fold=8 epoch=27/50 ssl_loss=0.033714 lr=0.000084467 base_val_bce=0.637289 base_best=N base_cls_epoch=23 epoch_seconds=3.7 task_elapsed_minutes=1.8 gpu_alloc_gb=0.318 gpu_reserved_gb=1.744
CHECKPOINT_BEST repeat=3 scope=internal_cv fold=8 phase=ssl epoch=28 path=/data/adodas/VarCoNet-V2-main/xiaolunwen/experiment1b/checkpoints/worker_r3_best.pt
[SSL] repeat=3 scope=internal_cv fold=8 epoch=28/50 ssl_loss=0.043731 lr=0.000079194 base_val_bce=0.631133 base_best=Y base_cls_epoch=20 epoch_seconds=4.1 task_elapsed_minutes=1.8 gpu_alloc_gb=0.317 gpu_reserved_gb=2.008
[SSL] repeat=3 scope=internal_cv fold=8 epoch=29/50 ssl_loss=0.038338 lr=0.000073854 base_val_bce=0.644656 base_best=N base_cls_epoch=20 epoch_seconds=3.6 task_elapsed_minutes=1.9 gpu_alloc_gb=0.318 gpu_reserved_gb=1.744
CHECKPOINT_LATEST repeat=3 scope=internal_cv fold=8 phase=ssl epoch=30 path=/data/adodas/VarCoNet-V2-main/xiaolunwen/experiment1b/checkpoints/worker_r3_latest.pt
[SSL] repeat=3 scope=internal_cv fold=8 epoch=30/50 ssl_loss=0.036187 lr=0.000068481 base_val_bce=0.642227 base_best=N base_cls_epoch=19 epoch_seconds=3.9 task_elapsed_minutes=2.0 gpu_alloc_gb=0.317 gpu_reserved_gb=2.008
[SSL] repeat=3 scope=internal_cv fold=8 epoch=31/50 ssl_loss=0.044620 lr=0.000063108 base_val_bce=0.639059 base_best=N base_cls_epoch=20 epoch_seconds=3.6 task_elapsed_minutes=2.0 gpu_alloc_gb=0.318 gpu_reserved_gb=1.744
[SSL] repeat=3 scope=internal_cv fold=8 epoch=32/50 ssl_loss=0.049751 lr=0.000057768 base_val_bce=0.640756 base_best=N base_cls_epoch=24 epoch_seconds=3.7 task_elapsed_minutes=2.1 gpu_alloc_gb=0.317 gpu_reserved_gb=2.008
CHECKPOINT_BEST repeat=3 scope=internal_cv fold=8 phase=ssl epoch=33 path=/data/adodas/VarCoNet-V2-main/xiaolunwen/experiment1b/checkpoints/worker_r3_best.pt
[SSL] repeat=3 scope=internal_cv fold=8 epoch=33/50 ssl_loss=0.034405 lr=0.000052494 base_val_bce=0.629818 base_best=Y base_cls_epoch=21 epoch_seconds=4.1 task_elapsed_minutes=2.1 gpu_alloc_gb=0.318 gpu_reserved_gb=1.744
CHECKPOINT_BEST repeat=3 scope=internal_cv fold=8 phase=ssl epoch=34 path=/data/adodas/VarCoNet-V2-main/xiaolunwen/experiment1b/checkpoints/worker_r3_best.pt
[SSL] repeat=3 scope=internal_cv fold=8 epoch=34/50 ssl_loss=0.037844 lr=0.000047319 base_val_bce=0.629333 base_best=Y base_cls_epoch=26 epoch_seconds=4.1 task_elapsed_minutes=2.2 gpu_alloc_gb=0.317 gpu_reserved_gb=2.008
[SSL] repeat=3 scope=internal_cv fold=8 epoch=35/50 ssl_loss=0.034608 lr=0.000042274 base_val_bce=0.646165 base_best=N base_cls_epoch=22 epoch_seconds=3.7 task_elapsed_minutes=2.3 gpu_alloc_gb=0.318 gpu_reserved_gb=1.744
[SSL] repeat=3 scope=internal_cv fold=8 epoch=36/50 ssl_loss=0.032938 lr=0.000037391 base_val_bce=0.646935 base_best=N base_cls_epoch=24 epoch_seconds=3.8 task_elapsed_minutes=2.3 gpu_alloc_gb=0.317 gpu_reserved_gb=2.008
[SSL] repeat=3 scope=internal_cv fold=8 epoch=37/50 ssl_loss=0.052219 lr=0.000032700 base_val_bce=0.633835 base_best=N base_cls_epoch=18 epoch_seconds=3.7 task_elapsed_minutes=2.4 gpu_alloc_gb=0.318 gpu_reserved_gb=1.744
[SSL] repeat=3 scope=internal_cv fold=8 epoch=38/50 ssl_loss=0.045377 lr=0.000028229 base_val_bce=0.648211 base_best=N base_cls_epoch=29 epoch_seconds=3.8 task_elapsed_minutes=2.5 gpu_alloc_gb=0.317 gpu_reserved_gb=2.008
[SSL] repeat=3 scope=internal_cv fold=8 epoch=39/50 ssl_loss=0.035132 lr=0.000024006 base_val_bce=0.642942 base_best=N base_cls_epoch=24 epoch_seconds=3.8 task_elapsed_minutes=2.5 gpu_alloc_gb=0.318 gpu_reserved_gb=1.744
CHECKPOINT_LATEST repeat=3 scope=internal_cv fold=8 phase=ssl epoch=40 path=/data/adodas/VarCoNet-V2-main/xiaolunwen/experiment1b/checkpoints/worker_r3_latest.pt
[SSL] repeat=3 scope=internal_cv fold=8 epoch=40/50 ssl_loss=0.044892 lr=0.000020058 base_val_bce=0.642605 base_best=N base_cls_epoch=26 epoch_seconds=3.5 task_elapsed_minutes=2.6 gpu_alloc_gb=0.317 gpu_reserved_gb=2.008
[SSL] repeat=3 scope=internal_cv fold=8 epoch=41/50 ssl_loss=0.037931 lr=0.000016408 base_val_bce=0.636082 base_best=N base_cls_epoch=19 epoch_seconds=3.3 task_elapsed_minutes=2.6 gpu_alloc_gb=0.318 gpu_reserved_gb=1.744
[SSL] repeat=3 scope=internal_cv fold=8 epoch=42/50 ssl_loss=0.039094 lr=0.000013079 base_val_bce=0.639981 base_best=N base_cls_epoch=19 epoch_seconds=3.6 task_elapsed_minutes=2.7 gpu_alloc_gb=0.317 gpu_reserved_gb=2.008
[SSL] repeat=3 scope=internal_cv fold=8 epoch=43/50 ssl_loss=0.031347 lr=0.000010091 base_val_bce=0.651717 base_best=N base_cls_epoch=18 epoch_seconds=3.7 task_elapsed_minutes=2.8 gpu_alloc_gb=0.318 gpu_reserved_gb=1.744
[SSL] repeat=3 scope=internal_cv fold=8 epoch=44/50 ssl_loss=0.038572 lr=0.000007464 base_val_bce=0.641952 base_best=N base_cls_epoch=22 epoch_seconds=3.8 task_elapsed_minutes=2.8 gpu_alloc_gb=0.317 gpu_reserved_gb=2.008
[SSL] repeat=3 scope=internal_cv fold=8 epoch=45/50 ssl_loss=0.028891 lr=0.000005213 base_val_bce=0.645317 base_best=N base_cls_epoch=20 epoch_seconds=3.4 task_elapsed_minutes=2.9 gpu_alloc_gb=0.318 gpu_reserved_gb=1.744
[SSL] repeat=3 scope=internal_cv fold=8 epoch=46/50 ssl_loss=0.044572 lr=0.000003352 base_val_bce=0.644722 base_best=N base_cls_epoch=20 epoch_seconds=3.3 task_elapsed_minutes=2.9 gpu_alloc_gb=0.317 gpu_reserved_gb=2.008
[SSL] repeat=3 scope=internal_cv fold=8 epoch=47/50 ssl_loss=0.042991 lr=0.000001892 base_val_bce=0.644837 base_best=N base_cls_epoch=21 epoch_seconds=3.3 task_elapsed_minutes=3.0 gpu_alloc_gb=0.318 gpu_reserved_gb=1.744
[SSL] repeat=3 scope=internal_cv fold=8 epoch=48/50 ssl_loss=0.041443 lr=0.000000843 base_val_bce=0.651326 base_best=N base_cls_epoch=19 epoch_seconds=3.7 task_elapsed_minutes=3.1 gpu_alloc_gb=0.317 gpu_reserved_gb=2.008
[SSL] repeat=3 scope=internal_cv fold=8 epoch=49/50 ssl_loss=0.031790 lr=0.000000211 base_val_bce=0.648653 base_best=N base_cls_epoch=18 epoch_seconds=4.0 task_elapsed_minutes=3.1 gpu_alloc_gb=0.318 gpu_reserved_gb=1.744
CHECKPOINT_LATEST repeat=3 scope=internal_cv fold=8 phase=ssl epoch=50 path=/data/adodas/VarCoNet-V2-main/xiaolunwen/experiment1b/checkpoints/worker_r3_latest.pt
[SSL] repeat=3 scope=internal_cv fold=8 epoch=50/50 ssl_loss=0.031784 lr=0.000000000 base_val_bce=0.643750 base_best=N base_cls_epoch=21 epoch_seconds=3.6 task_elapsed_minutes=3.2 gpu_alloc_gb=0.317 gpu_reserved_gb=2.008
CRSM_INIT repeat=3 scope=internal_cv fold=8 n_experts=2 tau=1.0 trainable_parameters=147074 hc_centroid_norm=22.736557 pca_unit_norm=1.00000000 pca_singular=150.130341 sigma_margin=1.222996 sigma_projection=7.302438 ratio=0.0100 scale=0.00167477806 epoch0_val_bce=0.629338
CHECKPOINT_LATEST repeat=3 scope=internal_cv fold=8 phase=crsm epoch=0 path=/data/adodas/VarCoNet-V2-main/xiaolunwen/experiment1b/checkpoints/worker_r3_latest.pt
CHECKPOINT_BEST repeat=3 scope=internal_cv fold=8 phase=crsm epoch=0 path=/data/adodas/VarCoNet-V2-main/xiaolunwen/experiment1b/checkpoints/worker_r3_best.pt
CHECKPOINT_LATEST repeat=3 scope=internal_cv fold=8 phase=crsm epoch=10 path=/data/adodas/VarCoNet-V2-main/xiaolunwen/experiment1b/checkpoints/worker_r3_latest.pt
[CRSM] repeat=3 scope=internal_cv fold=8 epoch=10/149 train_loss=0.271345 val_bce=0.637343 best=N best_epoch=0 mass=(0.5022,0.4978) hard=(0.4659,0.5341) entropy=0.692944 delta_l2=(0.131316,0.130722) delta_cos=0.992033 epoch_seconds=0.76
CHECKPOINT_LATEST repeat=3 scope=internal_cv fold=8 phase=crsm epoch=20 path=/data/adodas/VarCoNet-V2-main/xiaolunwen/experiment1b/checkpoints/worker_r3_latest.pt
[CRSM] repeat=3 scope=internal_cv fold=8 epoch=20/149 train_loss=0.237338 val_bce=0.653175 best=N best_epoch=0 mass=(0.5034,0.4966) hard=(0.4644,0.5356) entropy=0.692574 delta_l2=(0.251372,0.250775) delta_cos=0.992053 epoch_seconds=0.49
CHECKPOINT_LATEST repeat=3 scope=internal_cv fold=8 phase=crsm epoch=30 path=/data/adodas/VarCoNet-V2-main/xiaolunwen/experiment1b/checkpoints/worker_r3_latest.pt
[CRSM] repeat=3 scope=internal_cv fold=8 epoch=30/149 train_loss=0.213296 val_bce=0.670522 best=N best_epoch=0 mass=(0.5053,0.4947) hard=(0.4585,0.5415) entropy=0.691681 delta_l2=(0.359363,0.358717) delta_cos=0.989956 epoch_seconds=0.39
CHECKPOINT_LATEST repeat=3 scope=internal_cv fold=8 phase=crsm epoch=40 path=/data/adodas/VarCoNet-V2-main/xiaolunwen/experiment1b/checkpoints/worker_r3_latest.pt
[CRSM] repeat=3 scope=internal_cv fold=8 epoch=40/149 train_loss=0.196059 val_bce=0.688052 best=N best_epoch=0 mass=(0.5082,0.4918) hard=(0.4585,0.5415) entropy=0.689624 delta_l2=(0.455704,0.455007) delta_cos=0.985571 epoch_seconds=0.51
CHECKPOINT_LATEST repeat=3 scope=internal_cv fold=8 phase=crsm epoch=50 path=/data/adodas/VarCoNet-V2-main/xiaolunwen/experiment1b/checkpoints/worker_r3_latest.pt
[CRSM] repeat=3 scope=internal_cv fold=8 epoch=50/149 train_loss=0.183469 val_bce=0.706030 best=N best_epoch=0 mass=(0.5123,0.4877) hard=(0.4688,0.5312) entropy=0.685249 delta_l2=(0.541699,0.540956) delta_cos=0.977741 epoch_seconds=0.51
CHECKPOINT_LATEST repeat=3 scope=internal_cv fold=8 phase=crsm epoch=60 path=/data/adodas/VarCoNet-V2-main/xiaolunwen/experiment1b/checkpoints/worker_r3_latest.pt
[CRSM] repeat=3 scope=internal_cv fold=8 epoch=60/149 train_loss=0.174052 val_bce=0.724485 best=N best_epoch=0 mass=(0.5172,0.4828) hard=(0.4911,0.5089) entropy=0.677327 delta_l2=(0.618704,0.618021) delta_cos=0.965115 epoch_seconds=0.83
CHECKPOINT_LATEST repeat=3 scope=internal_cv fold=8 phase=crsm epoch=70 path=/data/adodas/VarCoNet-V2-main/xiaolunwen/experiment1b/checkpoints/worker_r3_latest.pt
[CRSM] repeat=3 scope=internal_cv fold=8 epoch=70/149 train_loss=0.166813 val_bce=0.743394 best=N best_epoch=0 mass=(0.5222,0.4778) hard=(0.4926,0.5074) entropy=0.665337 delta_l2=(0.687966,0.687665) delta_cos=0.946739 epoch_seconds=0.38
CHECKPOINT_LATEST repeat=3 scope=internal_cv fold=8 phase=crsm epoch=80 path=/data/adodas/VarCoNet-V2-main/xiaolunwen/experiment1b/checkpoints/worker_r3_latest.pt
[CRSM] repeat=3 scope=internal_cv fold=8 epoch=80/149 train_loss=0.161109 val_bce=0.762573 best=N best_epoch=0 mass=(0.5265,0.4735) hard=(0.5030,0.4970) entropy=0.649964 delta_l2=(0.750572,0.751243) delta_cos=0.922702 epoch_seconds=0.38
CHECKPOINT_LATEST repeat=3 scope=internal_cv fold=8 phase=crsm epoch=90 path=/data/adodas/VarCoNet-V2-main/xiaolunwen/experiment1b/checkpoints/worker_r3_latest.pt
[CRSM] repeat=3 scope=internal_cv fold=8 epoch=90/149 train_loss=0.156540 val_bce=0.781705 best=N best_epoch=0 mass=(0.5298,0.4702) hard=(0.5089,0.4911) entropy=0.632709 delta_l2=(0.807423,0.809826) delta_cos=0.894301 epoch_seconds=0.38
CHECKPOINT_LATEST repeat=3 scope=internal_cv fold=8 phase=crsm epoch=100 path=/data/adodas/VarCoNet-V2-main/xiaolunwen/experiment1b/checkpoints/worker_r3_latest.pt
[CRSM] repeat=3 scope=internal_cv fold=8 epoch=100/149 train_loss=0.152847 val_bce=0.800557 best=N best_epoch=0 mass=(0.5323,0.4677) hard=(0.5089,0.4911) entropy=0.614853 delta_l2=(0.859267,0.864131) delta_cos=0.863419 epoch_seconds=0.46
CHECKPOINT_LATEST repeat=3 scope=internal_cv fold=8 phase=crsm epoch=110 path=/data/adodas/VarCoNet-V2-main/xiaolunwen/experiment1b/checkpoints/worker_r3_latest.pt
[CRSM] repeat=3 scope=internal_cv fold=8 epoch=110/149 train_loss=0.149843 val_bce=0.818930 best=N best_epoch=0 mass=(0.5341,0.4659) hard=(0.5134,0.4866) entropy=0.597207 delta_l2=(0.906748,0.914605) delta_cos=0.831793 epoch_seconds=0.37
CHECKPOINT_LATEST repeat=3 scope=internal_cv fold=8 phase=crsm epoch=120 path=/data/adodas/VarCoNet-V2-main/xiaolunwen/experiment1b/checkpoints/worker_r3_latest.pt
[CRSM] repeat=3 scope=internal_cv fold=8 epoch=120/149 train_loss=0.147386 val_bce=0.836661 best=N best_epoch=0 mass=(0.5356,0.4644) hard=(0.5030,0.4970) entropy=0.580261 delta_l2=(0.950420,0.961555) delta_cos=0.800664 epoch_seconds=0.23
CHECKPOINT_LATEST repeat=3 scope=internal_cv fold=8 phase=crsm epoch=130 path=/data/adodas/VarCoNet-V2-main/xiaolunwen/experiment1b/checkpoints/worker_r3_latest.pt
[CRSM] repeat=3 scope=internal_cv fold=8 epoch=130/149 train_loss=0.145363 val_bce=0.853665 best=N best_epoch=0 mass=(0.5369,0.4631) hard=(0.5030,0.4970) entropy=0.564283 delta_l2=(0.990758,1.005241) delta_cos=0.770770 epoch_seconds=0.25
CHECKPOINT_LATEST repeat=3 scope=internal_cv fold=8 phase=crsm epoch=140 path=/data/adodas/VarCoNet-V2-main/xiaolunwen/experiment1b/checkpoints/worker_r3_latest.pt
[CRSM] repeat=3 scope=internal_cv fold=8 epoch=140/149 train_loss=0.143687 val_bce=0.869902 best=N best_epoch=0 mass=(0.5378,0.4622) hard=(0.5104,0.4896) entropy=0.549412 delta_l2=(1.028156,1.045913) delta_cos=0.742491 epoch_seconds=0.30
TASK_TRAINING_DONE repeat=3 scope=internal_cv fold=8 base_encoder_epoch=34 base_classifier_epoch=26 base_val_bce=0.629333 selected_crsm_epoch=0 crsm_val_bce=0.629338 treatment_threshold=0.449803 elapsed_minutes=3.3
TASK_DONE repeat=3 scope=internal_fold fold=8 method=baseline selected_encoder_epoch=34 test_auc=0.776336 test_bce=0.588649 elapsed_minutes=3.3
TASK_DONE repeat=3 scope=internal_fold fold=8 method=control_referenced_soft_multiboundary selected_encoder_epoch=34 test_auc=0.776336 test_bce=0.588647 elapsed_minutes=3.3
TASK_START repeat=3 scope=internal_cv fold=9 seed=100309 device=cuda:0 shared_encoder=Y reference_unique_n=674 train_n=750 val_n=120
CHECKPOINT_BEST repeat=3 scope=internal_cv fold=9 phase=ssl epoch=1 path=/data/adodas/VarCoNet-V2-main/xiaolunwen/experiment1b/checkpoints/worker_r3_best.pt
[SSL] repeat=3 scope=internal_cv fold=9 epoch=1/50 ssl_loss=0.124188 lr=0.000024107 base_val_bce=0.592663 base_best=Y base_cls_epoch=41 epoch_seconds=3.9 task_elapsed_minutes=0.1 gpu_alloc_gb=0.318 gpu_reserved_gb=1.744
[SSL] repeat=3 scope=internal_cv fold=9 epoch=2/50 ssl_loss=0.110037 lr=0.000038214 base_val_bce=0.593234 base_best=N base_cls_epoch=35 epoch_seconds=3.6 task_elapsed_minutes=0.1 gpu_alloc_gb=0.317 gpu_reserved_gb=2.008
CHECKPOINT_BEST repeat=3 scope=internal_cv fold=9 phase=ssl epoch=3 path=/data/adodas/VarCoNet-V2-main/xiaolunwen/experiment1b/checkpoints/worker_r3_best.pt
[SSL] repeat=3 scope=internal_cv fold=9 epoch=3/50 ssl_loss=0.109883 lr=0.000052321 base_val_bce=0.589417 base_best=Y base_cls_epoch=39 epoch_seconds=3.9 task_elapsed_minutes=0.2 gpu_alloc_gb=0.318 gpu_reserved_gb=1.744
[SSL] repeat=3 scope=internal_cv fold=9 epoch=4/50 ssl_loss=0.095078 lr=0.000066427 base_val_bce=0.604638 base_best=N base_cls_epoch=29 epoch_seconds=3.7 task_elapsed_minutes=0.3 gpu_alloc_gb=0.317 gpu_reserved_gb=2.008
[SSL] repeat=3 scope=internal_cv fold=9 epoch=5/50 ssl_loss=0.100962 lr=0.000080534 base_val_bce=0.589909 base_best=N base_cls_epoch=28 epoch_seconds=3.8 task_elapsed_minutes=0.3 gpu_alloc_gb=0.318 gpu_reserved_gb=1.744
[SSL] repeat=3 scope=internal_cv fold=9 epoch=6/50 ssl_loss=0.084649 lr=0.000094641 base_val_bce=0.590631 base_best=N base_cls_epoch=30 epoch_seconds=3.8 task_elapsed_minutes=0.4 gpu_alloc_gb=0.317 gpu_reserved_gb=2.008
[SSL] repeat=3 scope=internal_cv fold=9 epoch=7/50 ssl_loss=0.069112 lr=0.000108748 base_val_bce=0.603793 base_best=N base_cls_epoch=32 epoch_seconds=3.8 task_elapsed_minutes=0.4 gpu_alloc_gb=0.318 gpu_reserved_gb=1.744
[SSL] repeat=3 scope=internal_cv fold=9 epoch=8/50 ssl_loss=0.070949 lr=0.000122855 base_val_bce=0.597419 base_best=N base_cls_epoch=38 epoch_seconds=3.8 task_elapsed_minutes=0.5 gpu_alloc_gb=0.317 gpu_reserved_gb=2.008
[SSL] repeat=3 scope=internal_cv fold=9 epoch=9/50 ssl_loss=0.067950 lr=0.000136962 base_val_bce=0.595650 base_best=N base_cls_epoch=34 epoch_seconds=3.6 task_elapsed_minutes=0.6 gpu_alloc_gb=0.318 gpu_reserved_gb=1.744
CHECKPOINT_BEST repeat=3 scope=internal_cv fold=9 phase=ssl epoch=10 path=/data/adodas/VarCoNet-V2-main/xiaolunwen/experiment1b/checkpoints/worker_r3_best.pt
CHECKPOINT_LATEST repeat=3 scope=internal_cv fold=9 phase=ssl epoch=10 path=/data/adodas/VarCoNet-V2-main/xiaolunwen/experiment1b/checkpoints/worker_r3_latest.pt
[SSL] repeat=3 scope=internal_cv fold=9 epoch=10/50 ssl_loss=0.063040 lr=0.000136962 base_val_bce=0.589221 base_best=Y base_cls_epoch=29 epoch_seconds=4.6 task_elapsed_minutes=0.6 gpu_alloc_gb=0.317 gpu_reserved_gb=2.008
CHECKPOINT_BEST repeat=3 scope=internal_cv fold=9 phase=ssl epoch=11 path=/data/adodas/VarCoNet-V2-main/xiaolunwen/experiment1b/checkpoints/worker_r3_best.pt
[SSL] repeat=3 scope=internal_cv fold=9 epoch=11/50 ssl_loss=0.055298 lr=0.000136751 base_val_bce=0.581302 base_best=Y base_cls_epoch=32 epoch_seconds=4.1 task_elapsed_minutes=0.7 gpu_alloc_gb=0.318 gpu_reserved_gb=1.744
[SSL] repeat=3 scope=internal_cv fold=9 epoch=12/50 ssl_loss=0.058370 lr=0.000136119 base_val_bce=0.592963 base_best=N base_cls_epoch=34 epoch_seconds=3.8 task_elapsed_minutes=0.8 gpu_alloc_gb=0.317 gpu_reserved_gb=2.008
[SSL] repeat=3 scope=internal_cv fold=9 epoch=13/50 ssl_loss=0.049331 lr=0.000135070 base_val_bce=0.593086 base_best=N base_cls_epoch=28 epoch_seconds=3.7 task_elapsed_minutes=0.8 gpu_alloc_gb=0.318 gpu_reserved_gb=1.744
[SSL] repeat=3 scope=internal_cv fold=9 epoch=14/50 ssl_loss=0.047813 lr=0.000133610 base_val_bce=0.605555 base_best=N base_cls_epoch=30 epoch_seconds=3.7 task_elapsed_minutes=0.9 gpu_alloc_gb=0.317 gpu_reserved_gb=2.008
[SSL] repeat=3 scope=internal_cv fold=9 epoch=15/50 ssl_loss=0.046189 lr=0.000131749 base_val_bce=0.589598 base_best=N base_cls_epoch=30 epoch_seconds=3.9 task_elapsed_minutes=1.0 gpu_alloc_gb=0.318 gpu_reserved_gb=1.744
[SSL] repeat=3 scope=internal_cv fold=9 epoch=16/50 ssl_loss=0.044743 lr=0.000129498 base_val_bce=0.590227 base_best=N base_cls_epoch=29 epoch_seconds=3.9 task_elapsed_minutes=1.0 gpu_alloc_gb=0.317 gpu_reserved_gb=2.008
[SSL] repeat=3 scope=internal_cv fold=9 epoch=17/50 ssl_loss=0.050155 lr=0.000126870 base_val_bce=0.598776 base_best=N base_cls_epoch=31 epoch_seconds=3.8 task_elapsed_minutes=1.1 gpu_alloc_gb=0.318 gpu_reserved_gb=1.744
[SSL] repeat=3 scope=internal_cv fold=9 epoch=18/50 ssl_loss=0.033634 lr=0.000123883 base_val_bce=0.608144 base_best=N base_cls_epoch=28 epoch_seconds=3.8 task_elapsed_minutes=1.2 gpu_alloc_gb=0.317 gpu_reserved_gb=2.008
[SSL] repeat=3 scope=internal_cv fold=9 epoch=19/50 ssl_loss=0.050439 lr=0.000120554 base_val_bce=0.601416 base_best=N base_cls_epoch=28 epoch_seconds=3.6 task_elapsed_minutes=1.2 gpu_alloc_gb=0.318 gpu_reserved_gb=1.744
CHECKPOINT_LATEST repeat=3 scope=internal_cv fold=9 phase=ssl epoch=20 path=/data/adodas/VarCoNet-V2-main/xiaolunwen/experiment1b/checkpoints/worker_r3_latest.pt
[SSL] repeat=3 scope=internal_cv fold=9 epoch=20/50 ssl_loss=0.043410 lr=0.000116904 base_val_bce=0.591227 base_best=N base_cls_epoch=27 epoch_seconds=4.1 task_elapsed_minutes=1.3 gpu_alloc_gb=0.317 gpu_reserved_gb=2.008
[SSL] repeat=3 scope=internal_cv fold=9 epoch=21/50 ssl_loss=0.049130 lr=0.000112956 base_val_bce=0.593263 base_best=N base_cls_epoch=31 epoch_seconds=3.7 task_elapsed_minutes=1.3 gpu_alloc_gb=0.318 gpu_reserved_gb=1.744
[SSL] repeat=3 scope=internal_cv fold=9 epoch=22/50 ssl_loss=0.055865 lr=0.000108733 base_val_bce=0.595288 base_best=N base_cls_epoch=30 epoch_seconds=3.7 task_elapsed_minutes=1.4 gpu_alloc_gb=0.317 gpu_reserved_gb=2.008
[SSL] repeat=3 scope=internal_cv fold=9 epoch=23/50 ssl_loss=0.048702 lr=0.000104262 base_val_bce=0.609248 base_best=N base_cls_epoch=31 epoch_seconds=3.7 task_elapsed_minutes=1.5 gpu_alloc_gb=0.318 gpu_reserved_gb=1.744
[SSL] repeat=3 scope=internal_cv fold=9 epoch=24/50 ssl_loss=0.039514 lr=0.000099570 base_val_bce=0.595187 base_best=N base_cls_epoch=29 epoch_seconds=3.8 task_elapsed_minutes=1.5 gpu_alloc_gb=0.317 gpu_reserved_gb=2.008
[SSL] repeat=3 scope=internal_cv fold=9 epoch=25/50 ssl_loss=0.045748 lr=0.000094687 base_val_bce=0.593684 base_best=N base_cls_epoch=30 epoch_seconds=3.8 task_elapsed_minutes=1.6 gpu_alloc_gb=0.318 gpu_reserved_gb=1.744
[SSL] repeat=3 scope=internal_cv fold=9 epoch=26/50 ssl_loss=0.041818 lr=0.000089643 base_val_bce=0.598635 base_best=N base_cls_epoch=34 epoch_seconds=3.8 task_elapsed_minutes=1.7 gpu_alloc_gb=0.317 gpu_reserved_gb=2.008
[SSL] repeat=3 scope=internal_cv fold=9 epoch=27/50 ssl_loss=0.039339 lr=0.000084467 base_val_bce=0.596331 base_best=N base_cls_epoch=29 epoch_seconds=3.8 task_elapsed_minutes=1.7 gpu_alloc_gb=0.318 gpu_reserved_gb=1.744
[SSL] repeat=3 scope=internal_cv fold=9 epoch=28/50 ssl_loss=0.043137 lr=0.000079194 base_val_bce=0.584205 base_best=N base_cls_epoch=36 epoch_seconds=3.9 task_elapsed_minutes=1.8 gpu_alloc_gb=0.317 gpu_reserved_gb=2.008
[SSL] repeat=3 scope=internal_cv fold=9 epoch=29/50 ssl_loss=0.037169 lr=0.000073854 base_val_bce=0.599275 base_best=N base_cls_epoch=29 epoch_seconds=3.6 task_elapsed_minutes=1.8 gpu_alloc_gb=0.318 gpu_reserved_gb=1.744
CHECKPOINT_LATEST repeat=3 scope=internal_cv fold=9 phase=ssl epoch=30 path=/data/adodas/VarCoNet-V2-main/xiaolunwen/experiment1b/checkpoints/worker_r3_latest.pt
[SSL] repeat=3 scope=internal_cv fold=9 epoch=30/50 ssl_loss=0.035761 lr=0.000068481 base_val_bce=0.590301 base_best=N base_cls_epoch=30 epoch_seconds=4.2 task_elapsed_minutes=1.9 gpu_alloc_gb=0.317 gpu_reserved_gb=2.008
[SSL] repeat=3 scope=internal_cv fold=9 epoch=31/50 ssl_loss=0.043234 lr=0.000063108 base_val_bce=0.593401 base_best=N base_cls_epoch=30 epoch_seconds=4.2 task_elapsed_minutes=2.0 gpu_alloc_gb=0.318 gpu_reserved_gb=1.744
[SSL] repeat=3 scope=internal_cv fold=9 epoch=32/50 ssl_loss=0.039632 lr=0.000057768 base_val_bce=0.588150 base_best=N base_cls_epoch=30 epoch_seconds=3.7 task_elapsed_minutes=2.0 gpu_alloc_gb=0.317 gpu_reserved_gb=2.008
[SSL] repeat=3 scope=internal_cv fold=9 epoch=33/50 ssl_loss=0.033318 lr=0.000052494 base_val_bce=0.603499 base_best=N base_cls_epoch=30 epoch_seconds=3.5 task_elapsed_minutes=2.1 gpu_alloc_gb=0.318 gpu_reserved_gb=1.744
[SSL] repeat=3 scope=internal_cv fold=9 epoch=34/50 ssl_loss=0.034059 lr=0.000047319 base_val_bce=0.595760 base_best=N base_cls_epoch=27 epoch_seconds=3.7 task_elapsed_minutes=2.2 gpu_alloc_gb=0.317 gpu_reserved_gb=2.008
[SSL] repeat=3 scope=internal_cv fold=9 epoch=35/50 ssl_loss=0.037250 lr=0.000042274 base_val_bce=0.594907 base_best=N base_cls_epoch=34 epoch_seconds=3.7 task_elapsed_minutes=2.2 gpu_alloc_gb=0.318 gpu_reserved_gb=1.744
[SSL] repeat=3 scope=internal_cv fold=9 epoch=36/50 ssl_loss=0.033021 lr=0.000037391 base_val_bce=0.591403 base_best=N base_cls_epoch=32 epoch_seconds=3.8 task_elapsed_minutes=2.3 gpu_alloc_gb=0.317 gpu_reserved_gb=2.008
[SSL] repeat=3 scope=internal_cv fold=9 epoch=37/50 ssl_loss=0.033353 lr=0.000032700 base_val_bce=0.595981 base_best=N base_cls_epoch=30 epoch_seconds=3.8 task_elapsed_minutes=2.4 gpu_alloc_gb=0.318 gpu_reserved_gb=1.744
[SSL] repeat=3 scope=internal_cv fold=9 epoch=38/50 ssl_loss=0.036209 lr=0.000028229 base_val_bce=0.587663 base_best=N base_cls_epoch=29 epoch_seconds=3.8 task_elapsed_minutes=2.4 gpu_alloc_gb=0.317 gpu_reserved_gb=2.008
[SSL] repeat=3 scope=internal_cv fold=9 epoch=39/50 ssl_loss=0.032472 lr=0.000024006 base_val_bce=0.597207 base_best=N base_cls_epoch=34 epoch_seconds=3.6 task_elapsed_minutes=2.5 gpu_alloc_gb=0.318 gpu_reserved_gb=1.744
CHECKPOINT_LATEST repeat=3 scope=internal_cv fold=9 phase=ssl epoch=40 path=/data/adodas/VarCoNet-V2-main/xiaolunwen/experiment1b/checkpoints/worker_r3_latest.pt
[SSL] repeat=3 scope=internal_cv fold=9 epoch=40/50 ssl_loss=0.041473 lr=0.000020058 base_val_bce=0.587606 base_best=N base_cls_epoch=29 epoch_seconds=3.7 task_elapsed_minutes=2.5 gpu_alloc_gb=0.317 gpu_reserved_gb=2.008
[SSL] repeat=3 scope=internal_cv fold=9 epoch=41/50 ssl_loss=0.039602 lr=0.000016408 base_val_bce=0.588283 base_best=N base_cls_epoch=32 epoch_seconds=3.1 task_elapsed_minutes=2.6 gpu_alloc_gb=0.318 gpu_reserved_gb=1.744
[SSL] repeat=3 scope=internal_cv fold=9 epoch=42/50 ssl_loss=0.034305 lr=0.000013079 base_val_bce=0.592102 base_best=N base_cls_epoch=31 epoch_seconds=3.8 task_elapsed_minutes=2.7 gpu_alloc_gb=0.317 gpu_reserved_gb=2.008
[SSL] repeat=3 scope=internal_cv fold=9 epoch=43/50 ssl_loss=0.041190 lr=0.000010091 base_val_bce=0.595680 base_best=N base_cls_epoch=30 epoch_seconds=3.4 task_elapsed_minutes=2.7 gpu_alloc_gb=0.318 gpu_reserved_gb=1.744
[SSL] repeat=3 scope=internal_cv fold=9 epoch=44/50 ssl_loss=0.049836 lr=0.000007464 base_val_bce=0.592359 base_best=N base_cls_epoch=30 epoch_seconds=3.2 task_elapsed_minutes=2.8 gpu_alloc_gb=0.317 gpu_reserved_gb=2.008
[SSL] repeat=3 scope=internal_cv fold=9 epoch=45/50 ssl_loss=0.044072 lr=0.000005213 base_val_bce=0.604577 base_best=N base_cls_epoch=34 epoch_seconds=3.4 task_elapsed_minutes=2.8 gpu_alloc_gb=0.318 gpu_reserved_gb=1.744
[SSL] repeat=3 scope=internal_cv fold=9 epoch=46/50 ssl_loss=0.039197 lr=0.000003352 base_val_bce=0.589041 base_best=N base_cls_epoch=30 epoch_seconds=3.7 task_elapsed_minutes=2.9 gpu_alloc_gb=0.317 gpu_reserved_gb=2.008
[SSL] repeat=3 scope=internal_cv fold=9 epoch=47/50 ssl_loss=0.046935 lr=0.000001892 base_val_bce=0.588606 base_best=N base_cls_epoch=31 epoch_seconds=3.8 task_elapsed_minutes=2.9 gpu_alloc_gb=0.318 gpu_reserved_gb=1.744
[SSL] repeat=3 scope=internal_cv fold=9 epoch=48/50 ssl_loss=0.039638 lr=0.000000843 base_val_bce=0.590657 base_best=N base_cls_epoch=32 epoch_seconds=3.8 task_elapsed_minutes=3.0 gpu_alloc_gb=0.317 gpu_reserved_gb=2.008
[SSL] repeat=3 scope=internal_cv fold=9 epoch=49/50 ssl_loss=0.048081 lr=0.000000211 base_val_bce=0.596078 base_best=N base_cls_epoch=28 epoch_seconds=3.7 task_elapsed_minutes=3.1 gpu_alloc_gb=0.318 gpu_reserved_gb=1.744
CHECKPOINT_LATEST repeat=3 scope=internal_cv fold=9 phase=ssl epoch=50 path=/data/adodas/VarCoNet-V2-main/xiaolunwen/experiment1b/checkpoints/worker_r3_latest.pt
[SSL] repeat=3 scope=internal_cv fold=9 epoch=50/50 ssl_loss=0.038350 lr=0.000000000 base_val_bce=0.594019 base_best=N base_cls_epoch=28 epoch_seconds=3.4 task_elapsed_minutes=3.1 gpu_alloc_gb=0.317 gpu_reserved_gb=2.008
CRSM_INIT repeat=3 scope=internal_cv fold=9 n_experts=2 tau=1.0 trainable_parameters=147074 hc_centroid_norm=26.886566 pca_unit_norm=1.00000000 pca_singular=141.100555 sigma_margin=1.440778 sigma_projection=7.451636 ratio=0.0100 scale=0.00193350588 epoch0_val_bce=0.581312
CHECKPOINT_LATEST repeat=3 scope=internal_cv fold=9 phase=crsm epoch=0 path=/data/adodas/VarCoNet-V2-main/xiaolunwen/experiment1b/checkpoints/worker_r3_latest.pt
CHECKPOINT_BEST repeat=3 scope=internal_cv fold=9 phase=crsm epoch=0 path=/data/adodas/VarCoNet-V2-main/xiaolunwen/experiment1b/checkpoints/worker_r3_best.pt
CHECKPOINT_LATEST repeat=3 scope=internal_cv fold=9 phase=crsm epoch=10 path=/data/adodas/VarCoNet-V2-main/xiaolunwen/experiment1b/checkpoints/worker_r3_latest.pt
[CRSM] repeat=3 scope=internal_cv fold=9 epoch=10/149 train_loss=0.224568 val_bce=0.589209 best=N best_epoch=0 mass=(0.5000,0.5000) hard=(0.6039,0.3961) entropy=0.692962 delta_l2=(0.130317,0.130047) delta_cos=0.992900 epoch_seconds=0.35
CHECKPOINT_LATEST repeat=3 scope=internal_cv fold=9 phase=crsm epoch=20 path=/data/adodas/VarCoNet-V2-main/xiaolunwen/experiment1b/checkpoints/worker_r3_latest.pt
[CRSM] repeat=3 scope=internal_cv fold=9 epoch=20/149 train_loss=0.195376 val_bce=0.602743 best=N best_epoch=0 mass=(0.4995,0.5005) hard=(0.5875,0.4125) entropy=0.692737 delta_l2=(0.248812,0.248534) delta_cos=0.993624 epoch_seconds=0.49
CHECKPOINT_LATEST repeat=3 scope=internal_cv fold=9 phase=crsm epoch=30 path=/data/adodas/VarCoNet-V2-main/xiaolunwen/experiment1b/checkpoints/worker_r3_latest.pt
[CRSM] repeat=3 scope=internal_cv fold=9 epoch=30/149 train_loss=0.174816 val_bce=0.618433 best=N best_epoch=0 mass=(0.4987,0.5013) hard=(0.5712,0.4288) entropy=0.692197 delta_l2=(0.355451,0.355140) delta_cos=0.992447 epoch_seconds=0.39
CHECKPOINT_LATEST repeat=3 scope=internal_cv fold=9 phase=crsm epoch=40 path=/data/adodas/VarCoNet-V2-main/xiaolunwen/experiment1b/checkpoints/worker_r3_latest.pt
[CRSM] repeat=3 scope=internal_cv fold=9 epoch=40/149 train_loss=0.160139 val_bce=0.634771 best=N best_epoch=0 mass=(0.4973,0.5027) hard=(0.5593,0.4407) entropy=0.690895 delta_l2=(0.450667,0.450158) delta_cos=0.989538 epoch_seconds=0.61
CHECKPOINT_LATEST repeat=3 scope=internal_cv fold=9 phase=crsm epoch=50 path=/data/adodas/VarCoNet-V2-main/xiaolunwen/experiment1b/checkpoints/worker_r3_latest.pt
[CRSM] repeat=3 scope=internal_cv fold=9 epoch=50/149 train_loss=0.149505 val_bce=0.651177 best=N best_epoch=0 mass=(0.4951,0.5049) hard=(0.5445,0.4555) entropy=0.687939 delta_l2=(0.535566,0.534652) delta_cos=0.983997 epoch_seconds=0.50
CHECKPOINT_LATEST repeat=3 scope=internal_cv fold=9 phase=crsm epoch=60 path=/data/adodas/VarCoNet-V2-main/xiaolunwen/experiment1b/checkpoints/worker_r3_latest.pt
[CRSM] repeat=3 scope=internal_cv fold=9 epoch=60/149 train_loss=0.141623 val_bce=0.667991 best=N best_epoch=0 mass=(0.4924,0.5076) hard=(0.5312,0.4688) entropy=0.682088 delta_l2=(0.611429,0.609837) delta_cos=0.974423 epoch_seconds=0.30
CHECKPOINT_LATEST repeat=3 scope=internal_cv fold=9 phase=crsm epoch=70 path=/data/adodas/VarCoNet-V2-main/xiaolunwen/experiment1b/checkpoints/worker_r3_latest.pt
[CRSM] repeat=3 scope=internal_cv fold=9 epoch=70/149 train_loss=0.135611 val_bce=0.684763 best=N best_epoch=0 mass=(0.4893,0.5107) hard=(0.5237,0.4763) entropy=0.672398 delta_l2=(0.679676,0.677003) delta_cos=0.959538 epoch_seconds=0.50
CHECKPOINT_LATEST repeat=3 scope=internal_cv fold=9 phase=crsm epoch=80 path=/data/adodas/VarCoNet-V2-main/xiaolunwen/experiment1b/checkpoints/worker_r3_latest.pt
[CRSM] repeat=3 scope=internal_cv fold=9 epoch=80/149 train_loss=0.130896 val_bce=0.701256 best=N best_epoch=0 mass=(0.4864,0.5136) hard=(0.5134,0.4866) entropy=0.658822 delta_l2=(0.741685,0.737394) delta_cos=0.938929 epoch_seconds=0.70
CHECKPOINT_LATEST repeat=3 scope=internal_cv fold=9 phase=crsm epoch=90 path=/data/adodas/VarCoNet-V2-main/xiaolunwen/experiment1b/checkpoints/worker_r3_latest.pt
[CRSM] repeat=3 scope=internal_cv fold=9 epoch=90/149 train_loss=0.127119 val_bce=0.717483 best=N best_epoch=0 mass=(0.4841,0.5159) hard=(0.5148,0.4852) entropy=0.642311 delta_l2=(0.798587,0.792090) delta_cos=0.913299 epoch_seconds=2.20
CHECKPOINT_LATEST repeat=3 scope=internal_cv fold=9 phase=crsm epoch=100 path=/data/adodas/VarCoNet-V2-main/xiaolunwen/experiment1b/checkpoints/worker_r3_latest.pt
[CRSM] repeat=3 scope=internal_cv fold=9 epoch=100/149 train_loss=0.124060 val_bce=0.733321 best=N best_epoch=0 mass=(0.4823,0.5177) hard=(0.5119,0.4881) entropy=0.624376 delta_l2=(0.851168,0.841948) delta_cos=0.884192 epoch_seconds=0.98
CHECKPOINT_LATEST repeat=3 scope=internal_cv fold=9 phase=crsm epoch=110 path=/data/adodas/VarCoNet-V2-main/xiaolunwen/experiment1b/checkpoints/worker_r3_latest.pt
[CRSM] repeat=3 scope=internal_cv fold=9 epoch=110/149 train_loss=0.121571 val_bce=0.748782 best=N best_epoch=0 mass=(0.4810,0.5190) hard=(0.5059,0.4941) entropy=0.606364 delta_l2=(0.899919,0.887611) delta_cos=0.853419 epoch_seconds=0.70
CHECKPOINT_LATEST repeat=3 scope=internal_cv fold=9 phase=crsm epoch=120 path=/data/adodas/VarCoNet-V2-main/xiaolunwen/experiment1b/checkpoints/worker_r3_latest.pt
[CRSM] repeat=3 scope=internal_cv fold=9 epoch=120/149 train_loss=0.119541 val_bce=0.763764 best=N best_epoch=0 mass=(0.4799,0.5201) hard=(0.5074,0.4926) entropy=0.589152 delta_l2=(0.945157,0.929589) delta_cos=0.822550 epoch_seconds=0.48
CHECKPOINT_LATEST repeat=3 scope=internal_cv fold=9 phase=crsm epoch=130 path=/data/adodas/VarCoNet-V2-main/xiaolunwen/experiment1b/checkpoints/worker_r3_latest.pt
[CRSM] repeat=3 scope=internal_cv fold=9 epoch=130/149 train_loss=0.117880 val_bce=0.778193 best=N best_epoch=0 mass=(0.4791,0.5209) hard=(0.5000,0.5000) entropy=0.573187 delta_l2=(0.987126,0.968311) delta_cos=0.792680 epoch_seconds=0.35
CHECKPOINT_LATEST repeat=3 scope=internal_cv fold=9 phase=crsm epoch=140 path=/data/adodas/VarCoNet-V2-main/xiaolunwen/experiment1b/checkpoints/worker_r3_latest.pt
[CRSM] repeat=3 scope=internal_cv fold=9 epoch=140/149 train_loss=0.116513 val_bce=0.792036 best=N best_epoch=0 mass=(0.4785,0.5215) hard=(0.5030,0.4970) entropy=0.558640 delta_l2=(1.026071,1.004143) delta_cos=0.764436 epoch_seconds=0.47
TASK_TRAINING_DONE repeat=3 scope=internal_cv fold=9 base_encoder_epoch=11 base_classifier_epoch=32 base_val_bce=0.581302 selected_crsm_epoch=0 crsm_val_bce=0.581312 treatment_threshold=0.474984 elapsed_minutes=3.3
TASK_DONE repeat=3 scope=internal_fold fold=9 method=baseline selected_encoder_epoch=11 test_auc=0.641412 test_bce=0.672871 elapsed_minutes=3.3
TASK_DONE repeat=3 scope=internal_fold fold=9 method=control_referenced_soft_multiboundary selected_encoder_epoch=11 test_auc=0.641412 test_bce=0.672868 elapsed_minutes=3.3
TASK_START repeat=3 scope=external fold=external seed=200003 device=cuda:0 shared_encoder=Y reference_unique_n=793 train_n=869 val_n=89
CHECKPOINT_BEST repeat=3 scope=external fold=external phase=ssl epoch=1 path=/data/adodas/VarCoNet-V2-main/xiaolunwen/experiment1b/checkpoints/worker_r3_best.pt
[SSL] repeat=3 scope=external fold=external epoch=1/50 ssl_loss=0.137836 lr=0.000024107 base_val_bce=0.597278 base_best=Y base_cls_epoch=85 epoch_seconds=4.1 task_elapsed_minutes=0.1 gpu_alloc_gb=0.342 gpu_reserved_gb=1.744
CHECKPOINT_BEST repeat=3 scope=external fold=external phase=ssl epoch=2 path=/data/adodas/VarCoNet-V2-main/xiaolunwen/experiment1b/checkpoints/worker_r3_best.pt
[SSL] repeat=3 scope=external fold=external epoch=2/50 ssl_loss=0.122613 lr=0.000038214 base_val_bce=0.588554 base_best=Y base_cls_epoch=80 epoch_seconds=4.3 task_elapsed_minutes=0.1 gpu_alloc_gb=0.342 gpu_reserved_gb=1.744
CHECKPOINT_BEST repeat=3 scope=external fold=external phase=ssl epoch=3 path=/data/adodas/VarCoNet-V2-main/xiaolunwen/experiment1b/checkpoints/worker_r3_best.pt
[SSL] repeat=3 scope=external fold=external epoch=3/50 ssl_loss=0.102890 lr=0.000052321 base_val_bce=0.578357 base_best=Y base_cls_epoch=81 epoch_seconds=4.6 task_elapsed_minutes=0.2 gpu_alloc_gb=0.342 gpu_reserved_gb=1.744
CHECKPOINT_BEST repeat=3 scope=external fold=external phase=ssl epoch=4 path=/data/adodas/VarCoNet-V2-main/xiaolunwen/experiment1b/checkpoints/worker_r3_best.pt
[SSL] repeat=3 scope=external fold=external epoch=4/50 ssl_loss=0.095795 lr=0.000066427 base_val_bce=0.572033 base_best=Y base_cls_epoch=72 epoch_seconds=4.6 task_elapsed_minutes=0.3 gpu_alloc_gb=0.342 gpu_reserved_gb=1.744
[SSL] repeat=3 scope=external fold=external epoch=5/50 ssl_loss=0.083893 lr=0.000080534 base_val_bce=0.578448 base_best=N base_cls_epoch=77 epoch_seconds=4.3 task_elapsed_minutes=0.4 gpu_alloc_gb=0.342 gpu_reserved_gb=1.744
[SSL] repeat=3 scope=external fold=external epoch=6/50 ssl_loss=0.083000 lr=0.000094641 base_val_bce=0.576365 base_best=N base_cls_epoch=66 epoch_seconds=4.3 task_elapsed_minutes=0.4 gpu_alloc_gb=0.342 gpu_reserved_gb=1.744
[SSL] repeat=3 scope=external fold=external epoch=7/50 ssl_loss=0.058569 lr=0.000108748 base_val_bce=0.581476 base_best=N base_cls_epoch=67 epoch_seconds=4.2 task_elapsed_minutes=0.5 gpu_alloc_gb=0.342 gpu_reserved_gb=1.744
CHECKPOINT_BEST repeat=3 scope=external fold=external phase=ssl epoch=8 path=/data/adodas/VarCoNet-V2-main/xiaolunwen/experiment1b/checkpoints/worker_r3_best.pt
[SSL] repeat=3 scope=external fold=external epoch=8/50 ssl_loss=0.067158 lr=0.000122855 base_val_bce=0.552584 base_best=Y base_cls_epoch=61 epoch_seconds=4.6 task_elapsed_minutes=0.6 gpu_alloc_gb=0.342 gpu_reserved_gb=1.744
[SSL] repeat=3 scope=external fold=external epoch=9/50 ssl_loss=0.065117 lr=0.000136962 base_val_bce=0.553161 base_best=N base_cls_epoch=66 epoch_seconds=4.3 task_elapsed_minutes=0.7 gpu_alloc_gb=0.342 gpu_reserved_gb=1.744
CHECKPOINT_LATEST repeat=3 scope=external fold=external phase=ssl epoch=10 path=/data/adodas/VarCoNet-V2-main/xiaolunwen/experiment1b/checkpoints/worker_r3_latest.pt
[SSL] repeat=3 scope=external fold=external epoch=10/50 ssl_loss=0.062415 lr=0.000136962 base_val_bce=0.562619 base_best=N base_cls_epoch=63 epoch_seconds=4.2 task_elapsed_minutes=0.7 gpu_alloc_gb=0.342 gpu_reserved_gb=1.744
[SSL] repeat=3 scope=external fold=external epoch=11/50 ssl_loss=0.048316 lr=0.000136751 base_val_bce=0.558896 base_best=N base_cls_epoch=68 epoch_seconds=4.1 task_elapsed_minutes=0.8 gpu_alloc_gb=0.342 gpu_reserved_gb=1.744
[SSL] repeat=3 scope=external fold=external epoch=12/50 ssl_loss=0.053759 lr=0.000136119 base_val_bce=0.563399 base_best=N base_cls_epoch=62 epoch_seconds=4.0 task_elapsed_minutes=0.9 gpu_alloc_gb=0.342 gpu_reserved_gb=1.744
[SSL] repeat=3 scope=external fold=external epoch=13/50 ssl_loss=0.052430 lr=0.000135070 base_val_bce=0.568758 base_best=N base_cls_epoch=71 epoch_seconds=4.3 task_elapsed_minutes=0.9 gpu_alloc_gb=0.342 gpu_reserved_gb=1.744
[SSL] repeat=3 scope=external fold=external epoch=14/50 ssl_loss=0.059446 lr=0.000133610 base_val_bce=0.562743 base_best=N base_cls_epoch=66 epoch_seconds=4.2 task_elapsed_minutes=1.0 gpu_alloc_gb=0.342 gpu_reserved_gb=1.744
[SSL] repeat=3 scope=external fold=external epoch=15/50 ssl_loss=0.062169 lr=0.000131749 base_val_bce=0.558561 base_best=N base_cls_epoch=62 epoch_seconds=4.2 task_elapsed_minutes=1.1 gpu_alloc_gb=0.342 gpu_reserved_gb=1.744
[SSL] repeat=3 scope=external fold=external epoch=16/50 ssl_loss=0.052070 lr=0.000129498 base_val_bce=0.560763 base_best=N base_cls_epoch=68 epoch_seconds=4.3 task_elapsed_minutes=1.1 gpu_alloc_gb=0.342 gpu_reserved_gb=1.744
[SSL] repeat=3 scope=external fold=external epoch=17/50 ssl_loss=0.061935 lr=0.000126870 base_val_bce=0.560645 base_best=N base_cls_epoch=70 epoch_seconds=4.1 task_elapsed_minutes=1.2 gpu_alloc_gb=0.342 gpu_reserved_gb=1.744
[SSL] repeat=3 scope=external fold=external epoch=18/50 ssl_loss=0.064642 lr=0.000123883 base_val_bce=0.568902 base_best=N base_cls_epoch=66 epoch_seconds=4.4 task_elapsed_minutes=1.3 gpu_alloc_gb=0.342 gpu_reserved_gb=1.744
[SSL] repeat=3 scope=external fold=external epoch=19/50 ssl_loss=0.051160 lr=0.000120554 base_val_bce=0.562339 base_best=N base_cls_epoch=65 epoch_seconds=4.3 task_elapsed_minutes=1.4 gpu_alloc_gb=0.342 gpu_reserved_gb=1.744
CHECKPOINT_LATEST repeat=3 scope=external fold=external phase=ssl epoch=20 path=/data/adodas/VarCoNet-V2-main/xiaolunwen/experiment1b/checkpoints/worker_r3_latest.pt
[SSL] repeat=3 scope=external fold=external epoch=20/50 ssl_loss=0.048860 lr=0.000116904 base_val_bce=0.565723 base_best=N base_cls_epoch=74 epoch_seconds=4.4 task_elapsed_minutes=1.4 gpu_alloc_gb=0.342 gpu_reserved_gb=1.744
[SSL] repeat=3 scope=external fold=external epoch=21/50 ssl_loss=0.056559 lr=0.000112956 base_val_bce=0.570856 base_best=N base_cls_epoch=82 epoch_seconds=4.4 task_elapsed_minutes=1.5 gpu_alloc_gb=0.342 gpu_reserved_gb=1.744
[SSL] repeat=3 scope=external fold=external epoch=22/50 ssl_loss=0.048438 lr=0.000108733 base_val_bce=0.561422 base_best=N base_cls_epoch=86 epoch_seconds=4.3 task_elapsed_minutes=1.6 gpu_alloc_gb=0.342 gpu_reserved_gb=1.744
[SSL] repeat=3 scope=external fold=external epoch=23/50 ssl_loss=0.044057 lr=0.000104262 base_val_bce=0.563064 base_best=N base_cls_epoch=69 epoch_seconds=4.3 task_elapsed_minutes=1.7 gpu_alloc_gb=0.342 gpu_reserved_gb=1.744
[SSL] repeat=3 scope=external fold=external epoch=24/50 ssl_loss=0.045577 lr=0.000099570 base_val_bce=0.567397 base_best=N base_cls_epoch=68 epoch_seconds=4.4 task_elapsed_minutes=1.7 gpu_alloc_gb=0.342 gpu_reserved_gb=1.744
[SSL] repeat=3 scope=external fold=external epoch=25/50 ssl_loss=0.047051 lr=0.000094687 base_val_bce=0.552920 base_best=N base_cls_epoch=70 epoch_seconds=4.3 task_elapsed_minutes=1.8 gpu_alloc_gb=0.342 gpu_reserved_gb=1.744
[SSL] repeat=3 scope=external fold=external epoch=26/50 ssl_loss=0.037828 lr=0.000089643 base_val_bce=0.553096 base_best=N base_cls_epoch=76 epoch_seconds=4.3 task_elapsed_minutes=1.9 gpu_alloc_gb=0.342 gpu_reserved_gb=1.744
[SSL] repeat=3 scope=external fold=external epoch=27/50 ssl_loss=0.046265 lr=0.000084467 base_val_bce=0.569691 base_best=N base_cls_epoch=64 epoch_seconds=4.3 task_elapsed_minutes=1.9 gpu_alloc_gb=0.342 gpu_reserved_gb=1.744
[SSL] repeat=3 scope=external fold=external epoch=28/50 ssl_loss=0.045216 lr=0.000079194 base_val_bce=0.565248 base_best=N base_cls_epoch=77 epoch_seconds=4.4 task_elapsed_minutes=2.0 gpu_alloc_gb=0.342 gpu_reserved_gb=1.744
[SSL] repeat=3 scope=external fold=external epoch=29/50 ssl_loss=0.048165 lr=0.000073854 base_val_bce=0.568024 base_best=N base_cls_epoch=66 epoch_seconds=4.4 task_elapsed_minutes=2.1 gpu_alloc_gb=0.342 gpu_reserved_gb=1.744
CHECKPOINT_LATEST repeat=3 scope=external fold=external phase=ssl epoch=30 path=/data/adodas/VarCoNet-V2-main/xiaolunwen/experiment1b/checkpoints/worker_r3_latest.pt
[SSL] repeat=3 scope=external fold=external epoch=30/50 ssl_loss=0.052737 lr=0.000068481 base_val_bce=0.566345 base_best=N base_cls_epoch=74 epoch_seconds=4.5 task_elapsed_minutes=2.2 gpu_alloc_gb=0.342 gpu_reserved_gb=1.744
[SSL] repeat=3 scope=external fold=external epoch=31/50 ssl_loss=0.042991 lr=0.000063108 base_val_bce=0.562546 base_best=N base_cls_epoch=61 epoch_seconds=4.3 task_elapsed_minutes=2.2 gpu_alloc_gb=0.342 gpu_reserved_gb=1.744
[SSL] repeat=3 scope=external fold=external epoch=32/50 ssl_loss=0.041279 lr=0.000057768 base_val_bce=0.568086 base_best=N base_cls_epoch=67 epoch_seconds=4.3 task_elapsed_minutes=2.3 gpu_alloc_gb=0.342 gpu_reserved_gb=1.744
[SSL] repeat=3 scope=external fold=external epoch=33/50 ssl_loss=0.041692 lr=0.000052494 base_val_bce=0.567096 base_best=N base_cls_epoch=64 epoch_seconds=4.3 task_elapsed_minutes=2.4 gpu_alloc_gb=0.342 gpu_reserved_gb=1.744
[SSL] repeat=3 scope=external fold=external epoch=34/50 ssl_loss=0.035604 lr=0.000047319 base_val_bce=0.573964 base_best=N base_cls_epoch=59 epoch_seconds=4.2 task_elapsed_minutes=2.4 gpu_alloc_gb=0.342 gpu_reserved_gb=1.744
[SSL] repeat=3 scope=external fold=external epoch=35/50 ssl_loss=0.039515 lr=0.000042274 base_val_bce=0.569378 base_best=N base_cls_epoch=62 epoch_seconds=4.4 task_elapsed_minutes=2.5 gpu_alloc_gb=0.342 gpu_reserved_gb=1.744
[SSL] repeat=3 scope=external fold=external epoch=36/50 ssl_loss=0.044048 lr=0.000037391 base_val_bce=0.562465 base_best=N base_cls_epoch=66 epoch_seconds=4.2 task_elapsed_minutes=2.6 gpu_alloc_gb=0.342 gpu_reserved_gb=1.744
[SSL] repeat=3 scope=external fold=external epoch=37/50 ssl_loss=0.037863 lr=0.000032700 base_val_bce=0.566941 base_best=N base_cls_epoch=66 epoch_seconds=4.1 task_elapsed_minutes=2.7 gpu_alloc_gb=0.342 gpu_reserved_gb=1.744
[SSL] repeat=3 scope=external fold=external epoch=38/50 ssl_loss=0.047103 lr=0.000028229 base_val_bce=0.576293 base_best=N base_cls_epoch=63 epoch_seconds=4.3 task_elapsed_minutes=2.7 gpu_alloc_gb=0.342 gpu_reserved_gb=1.744
[SSL] repeat=3 scope=external fold=external epoch=39/50 ssl_loss=0.040587 lr=0.000024006 base_val_bce=0.572145 base_best=N base_cls_epoch=70 epoch_seconds=4.2 task_elapsed_minutes=2.8 gpu_alloc_gb=0.342 gpu_reserved_gb=1.744
CHECKPOINT_LATEST repeat=3 scope=external fold=external phase=ssl epoch=40 path=/data/adodas/VarCoNet-V2-main/xiaolunwen/experiment1b/checkpoints/worker_r3_latest.pt
[SSL] repeat=3 scope=external fold=external epoch=40/50 ssl_loss=0.037419 lr=0.000020058 base_val_bce=0.566950 base_best=N base_cls_epoch=64 epoch_seconds=4.5 task_elapsed_minutes=2.9 gpu_alloc_gb=0.342 gpu_reserved_gb=1.744
[SSL] repeat=3 scope=external fold=external epoch=41/50 ssl_loss=0.036014 lr=0.000016408 base_val_bce=0.569654 base_best=N base_cls_epoch=58 epoch_seconds=3.6 task_elapsed_minutes=2.9 gpu_alloc_gb=0.342 gpu_reserved_gb=1.744
[SSL] repeat=3 scope=external fold=external epoch=42/50 ssl_loss=0.045434 lr=0.000013079 base_val_bce=0.567842 base_best=N base_cls_epoch=72 epoch_seconds=3.3 task_elapsed_minutes=3.0 gpu_alloc_gb=0.342 gpu_reserved_gb=1.744
[SSL] repeat=3 scope=external fold=external epoch=43/50 ssl_loss=0.031191 lr=0.000010091 base_val_bce=0.577024 base_best=N base_cls_epoch=55 epoch_seconds=3.0 task_elapsed_minutes=3.0 gpu_alloc_gb=0.342 gpu_reserved_gb=1.744
[SSL] repeat=3 scope=external fold=external epoch=44/50 ssl_loss=0.041733 lr=0.000007464 base_val_bce=0.569648 base_best=N base_cls_epoch=62 epoch_seconds=3.2 task_elapsed_minutes=3.1 gpu_alloc_gb=0.342 gpu_reserved_gb=1.744
[SSL] repeat=3 scope=external fold=external epoch=45/50 ssl_loss=0.032492 lr=0.000005213 base_val_bce=0.581514 base_best=N base_cls_epoch=60 epoch_seconds=3.0 task_elapsed_minutes=3.1 gpu_alloc_gb=0.342 gpu_reserved_gb=1.744
[SSL] repeat=3 scope=external fold=external epoch=46/50 ssl_loss=0.047433 lr=0.000003352 base_val_bce=0.561342 base_best=N base_cls_epoch=62 epoch_seconds=3.1 task_elapsed_minutes=3.2 gpu_alloc_gb=0.342 gpu_reserved_gb=1.744
[SSL] repeat=3 scope=external fold=external epoch=47/50 ssl_loss=0.040099 lr=0.000001892 base_val_bce=0.555948 base_best=N base_cls_epoch=67 epoch_seconds=3.0 task_elapsed_minutes=3.2 gpu_alloc_gb=0.342 gpu_reserved_gb=1.744
[SSL] repeat=3 scope=external fold=external epoch=48/50 ssl_loss=0.044032 lr=0.000000843 base_val_bce=0.575934 base_best=N base_cls_epoch=58 epoch_seconds=3.0 task_elapsed_minutes=3.3 gpu_alloc_gb=0.342 gpu_reserved_gb=1.744
[SSL] repeat=3 scope=external fold=external epoch=49/50 ssl_loss=0.046560 lr=0.000000211 base_val_bce=0.573087 base_best=N base_cls_epoch=71 epoch_seconds=3.0 task_elapsed_minutes=3.3 gpu_alloc_gb=0.342 gpu_reserved_gb=1.744
CHECKPOINT_LATEST repeat=3 scope=external fold=external phase=ssl epoch=50 path=/data/adodas/VarCoNet-V2-main/xiaolunwen/experiment1b/checkpoints/worker_r3_latest.pt
[SSL] repeat=3 scope=external fold=external epoch=50/50 ssl_loss=0.042426 lr=0.000000000 base_val_bce=0.570495 base_best=N base_cls_epoch=70 epoch_seconds=3.3 task_elapsed_minutes=3.4 gpu_alloc_gb=0.342 gpu_reserved_gb=1.744
CRSM_INIT repeat=3 scope=external fold=external n_experts=2 tau=1.0 trainable_parameters=147074 hc_centroid_norm=27.874203 pca_unit_norm=1.00000000 pca_singular=147.967377 sigma_margin=1.871094 sigma_projection=6.784326 ratio=0.0100 scale=0.00275796629 epoch0_val_bce=0.552569
CHECKPOINT_LATEST repeat=3 scope=external fold=external phase=crsm epoch=0 path=/data/adodas/VarCoNet-V2-main/xiaolunwen/experiment1b/checkpoints/worker_r3_latest.pt
CHECKPOINT_BEST repeat=3 scope=external fold=external phase=crsm epoch=0 path=/data/adodas/VarCoNet-V2-main/xiaolunwen/experiment1b/checkpoints/worker_r3_best.pt
CHECKPOINT_BEST repeat=3 scope=external fold=external phase=crsm epoch=1 path=/data/adodas/VarCoNet-V2-main/xiaolunwen/experiment1b/checkpoints/worker_r3_best.pt
[CRSM] repeat=3 scope=external fold=external epoch=1/149 train_loss=0.175892 val_bce=0.552555 best=Y best_epoch=1 mass=(0.5019,0.4981) hard=(0.5006,0.4994) entropy=0.692987 delta_l2=(0.014241,0.013474) delta_cos=0.892139 epoch_seconds=0.37
CHECKPOINT_LATEST repeat=3 scope=external fold=external phase=crsm epoch=10 path=/data/adodas/VarCoNet-V2-main/xiaolunwen/experiment1b/checkpoints/worker_r3_latest.pt
[CRSM] repeat=3 scope=external fold=external epoch=10/149 train_loss=0.154514 val_bce=0.555410 best=N best_epoch=1 mass=(0.5027,0.4973) hard=(0.4943,0.5057) entropy=0.692785 delta_l2=(0.130659,0.129961) delta_cos=0.987449 epoch_seconds=0.22
CHECKPOINT_LATEST repeat=3 scope=external fold=external phase=crsm epoch=20 path=/data/adodas/VarCoNet-V2-main/xiaolunwen/experiment1b/checkpoints/worker_r3_latest.pt
[CRSM] repeat=3 scope=external fold=external epoch=20/149 train_loss=0.136895 val_bce=0.560614 best=N best_epoch=1 mass=(0.5042,0.4958) hard=(0.4893,0.5107) entropy=0.692236 delta_l2=(0.250746,0.250030) delta_cos=0.987720 epoch_seconds=0.34
CHECKPOINT_LATEST repeat=3 scope=external fold=external phase=crsm epoch=30 path=/data/adodas/VarCoNet-V2-main/xiaolunwen/experiment1b/checkpoints/worker_r3_latest.pt
[CRSM] repeat=3 scope=external fold=external epoch=30/149 train_loss=0.123806 val_bce=0.566823 best=N best_epoch=1 mass=(0.5066,0.4934) hard=(0.4893,0.5107) entropy=0.690725 delta_l2=(0.360753,0.359840) delta_cos=0.983933 epoch_seconds=0.33
CHECKPOINT_LATEST repeat=3 scope=external fold=external phase=crsm epoch=40 path=/data/adodas/VarCoNet-V2-main/xiaolunwen/experiment1b/checkpoints/worker_r3_latest.pt
[CRSM] repeat=3 scope=external fold=external epoch=40/149 train_loss=0.113948 val_bce=0.575054 best=N best_epoch=1 mass=(0.5102,0.4898) hard=(0.4918,0.5082) entropy=0.686867 delta_l2=(0.461007,0.459623) delta_cos=0.975700 epoch_seconds=0.42
CHECKPOINT_LATEST repeat=3 scope=external fold=external phase=crsm epoch=50 path=/data/adodas/VarCoNet-V2-main/xiaolunwen/experiment1b/checkpoints/worker_r3_latest.pt
[CRSM] repeat=3 scope=external fold=external epoch=50/149 train_loss=0.106379 val_bce=0.584345 best=N best_epoch=1 mass=(0.5145,0.4855) hard=(0.4842,0.5158) entropy=0.678827 delta_l2=(0.552328,0.550160) delta_cos=0.961097 epoch_seconds=0.29
CHECKPOINT_LATEST repeat=3 scope=external fold=external phase=crsm epoch=60 path=/data/adodas/VarCoNet-V2-main/xiaolunwen/experiment1b/checkpoints/worker_r3_latest.pt
[CRSM] repeat=3 scope=external fold=external epoch=60/149 train_loss=0.100429 val_bce=0.593979 best=N best_epoch=1 mass=(0.5183,0.4817) hard=(0.4792,0.5208) entropy=0.665902 delta_l2=(0.635638,0.632616) delta_cos=0.938602 epoch_seconds=0.58
CHECKPOINT_LATEST repeat=3 scope=external fold=external phase=crsm epoch=70 path=/data/adodas/VarCoNet-V2-main/xiaolunwen/experiment1b/checkpoints/worker_r3_latest.pt
[CRSM] repeat=3 scope=external fold=external epoch=70/149 train_loss=0.095658 val_bce=0.603753 best=N best_epoch=1 mass=(0.5205,0.4795) hard=(0.4817,0.5183) entropy=0.649401 delta_l2=(0.711735,0.708358) delta_cos=0.908513 epoch_seconds=0.36
CHECKPOINT_LATEST repeat=3 scope=external fold=external phase=crsm epoch=80 path=/data/adodas/VarCoNet-V2-main/xiaolunwen/experiment1b/checkpoints/worker_r3_latest.pt
[CRSM] repeat=3 scope=external fold=external epoch=80/149 train_loss=0.091791 val_bce=0.613484 best=N best_epoch=1 mass=(0.5213,0.4787) hard=(0.4830,0.5170) entropy=0.631120 delta_l2=(0.781258,0.778570) delta_cos=0.872845 epoch_seconds=0.51
CHECKPOINT_LATEST repeat=3 scope=external fold=external phase=crsm epoch=90 path=/data/adodas/VarCoNet-V2-main/xiaolunwen/experiment1b/checkpoints/worker_r3_latest.pt
[CRSM] repeat=3 scope=external fold=external epoch=90/149 train_loss=0.088650 val_bce=0.623202 best=N best_epoch=1 mass=(0.5212,0.4788) hard=(0.4842,0.5158) entropy=0.612493 delta_l2=(0.844757,0.844011) delta_cos=0.834392 epoch_seconds=0.39
CHECKPOINT_LATEST repeat=3 scope=external fold=external phase=crsm epoch=100 path=/data/adodas/VarCoNet-V2-main/xiaolunwen/experiment1b/checkpoints/worker_r3_latest.pt
[CRSM] repeat=3 scope=external fold=external epoch=100/149 train_loss=0.086103 val_bce=0.632837 best=N best_epoch=1 mass=(0.5206,0.4794) hard=(0.4893,0.5107) entropy=0.594564 delta_l2=(0.902736,0.905079) delta_cos=0.795732 epoch_seconds=0.48
CHECKPOINT_LATEST repeat=3 scope=external fold=external phase=crsm epoch=110 path=/data/adodas/VarCoNet-V2-main/xiaolunwen/experiment1b/checkpoints/worker_r3_latest.pt
[CRSM] repeat=3 scope=external fold=external epoch=110/149 train_loss=0.084039 val_bce=0.642456 best=N best_epoch=1 mass=(0.5197,0.4803) hard=(0.4893,0.5107) entropy=0.577858 delta_l2=(0.955703,0.962006) delta_cos=0.758639 epoch_seconds=0.49
CHECKPOINT_LATEST repeat=3 scope=external fold=external phase=crsm epoch=120 path=/data/adodas/VarCoNet-V2-main/xiaolunwen/experiment1b/checkpoints/worker_r3_latest.pt
[CRSM] repeat=3 scope=external fold=external epoch=120/149 train_loss=0.082362 val_bce=0.652067 best=N best_epoch=1 mass=(0.5188,0.4812) hard=(0.4817,0.5183) entropy=0.562533 delta_l2=(1.004184,1.014989) delta_cos=0.724064 epoch_seconds=0.42
CHECKPOINT_LATEST repeat=3 scope=external fold=external phase=crsm epoch=130 path=/data/adodas/VarCoNet-V2-main/xiaolunwen/experiment1b/checkpoints/worker_r3_latest.pt
[CRSM] repeat=3 scope=external fold=external epoch=130/149 train_loss=0.080990 val_bce=0.661596 best=N best_epoch=1 mass=(0.5180,0.4820) hard=(0.4805,0.5195) entropy=0.548589 delta_l2=(1.048702,1.064265) delta_cos=0.692361 epoch_seconds=0.50
CHECKPOINT_LATEST repeat=3 scope=external fold=external phase=crsm epoch=140 path=/data/adodas/VarCoNet-V2-main/xiaolunwen/experiment1b/checkpoints/worker_r3_latest.pt
[CRSM] repeat=3 scope=external fold=external epoch=140/149 train_loss=0.079859 val_bce=0.670978 best=N best_epoch=1 mass=(0.5172,0.4828) hard=(0.4792,0.5208) entropy=0.535954 delta_l2=(1.089745,1.110112) delta_cos=0.663514 epoch_seconds=0.49
TASK_TRAINING_DONE repeat=3 scope=external fold=external base_encoder_epoch=8 base_classifier_epoch=61 base_val_bce=0.552584 selected_crsm_epoch=1 crsm_val_bce=0.552555 treatment_threshold=0.553151 elapsed_minutes=3.5
TASK_DONE repeat=3 scope=caltech fold=external method=baseline selected_encoder_epoch=8 test_auc=0.622807 test_bce=0.674791 elapsed_minutes=3.5
TASK_DONE repeat=3 scope=abide2 fold=external method=baseline selected_encoder_epoch=8 test_auc=0.738813 test_bce=0.598367 elapsed_minutes=3.5
TASK_DONE repeat=3 scope=caltech fold=external method=control_referenced_soft_multiboundary selected_encoder_epoch=8 test_auc=0.628655 test_bce=0.674756 elapsed_minutes=3.5
TASK_DONE repeat=3 scope=abide2 fold=external method=control_referenced_soft_multiboundary selected_encoder_epoch=8 test_auc=0.738890 test_bce=0.598317 elapsed_minutes=3.5
REPEAT_DONE repeat=3 status=PASS rows=26
