REPEAT_START repeat=0 device=cuda:0 tasks=11
TASK_START repeat=0 scope=internal_cv fold=0 seed=100000 device=cuda:0 shared_encoder=Y reference_unique_n=674 train_n=750 val_n=119
/usr/local/lib/python3.12/site-packages/torch/autograd/graph.py:841: UserWarning: Memory Efficient attention defaults to a non-deterministic algorithm. To explicitly enable determinism call torch.use_deterministic_algorithms(True, warn_only=False). (Triggered internally at /job_4065109/source/pytorch/aten/src/ATen/native/transformers/cuda/ppu/xformers/xformers/csrc/attention/cuda/fmha/attention_backward_generic.cu:487.)
  return Variable._execution_engine.run_backward(  # Calls into the C++ engine to run the backward pass
/usr/local/lib/python3.12/site-packages/torch/nn/modules/transformer.py:515: UserWarning: The PyTorch API of nested tensors is in prototype stage and will change in the near future. We recommend specifying layout=torch.jagged when constructing a nested tensor, as this layout receives active development, has better operator coverage, and works with torch.compile. (Triggered internally at ../aten/src/ATen/NestedTensorImpl.cpp:178.)
  output = torch._nested_tensor_from_mask(
CHECKPOINT_BEST repeat=0 scope=internal_cv fold=0 phase=ssl epoch=1 path=/data/adodas/VarCoNet-V2-main/xiaolunwen/experiment1b/checkpoints/worker_r0_best.pt
[SSL] repeat=0 scope=internal_cv fold=0 epoch=1/50 ssl_loss=0.112829 lr=0.000024107 base_val_bce=0.652529 base_best=Y base_cls_epoch=12 epoch_seconds=8.9 task_elapsed_minutes=0.2 gpu_alloc_gb=0.318 gpu_reserved_gb=1.939
[SSL] repeat=0 scope=internal_cv fold=0 epoch=2/50 ssl_loss=0.110471 lr=0.000038214 base_val_bce=0.662850 base_best=N base_cls_epoch=13 epoch_seconds=3.9 task_elapsed_minutes=0.2 gpu_alloc_gb=0.318 gpu_reserved_gb=1.793
[SSL] repeat=0 scope=internal_cv fold=0 epoch=3/50 ssl_loss=0.085187 lr=0.000052321 base_val_bce=0.653130 base_best=N base_cls_epoch=13 epoch_seconds=3.9 task_elapsed_minutes=0.3 gpu_alloc_gb=0.318 gpu_reserved_gb=1.793
[SSL] repeat=0 scope=internal_cv fold=0 epoch=4/50 ssl_loss=0.096825 lr=0.000066427 base_val_bce=0.655359 base_best=N base_cls_epoch=13 epoch_seconds=4.0 task_elapsed_minutes=0.4 gpu_alloc_gb=0.318 gpu_reserved_gb=1.793
CHECKPOINT_BEST repeat=0 scope=internal_cv fold=0 phase=ssl epoch=5 path=/data/adodas/VarCoNet-V2-main/xiaolunwen/experiment1b/checkpoints/worker_r0_best.pt
[SSL] repeat=0 scope=internal_cv fold=0 epoch=5/50 ssl_loss=0.087128 lr=0.000080534 base_val_bce=0.642733 base_best=Y base_cls_epoch=11 epoch_seconds=4.2 task_elapsed_minutes=0.4 gpu_alloc_gb=0.318 gpu_reserved_gb=1.793
[SSL] repeat=0 scope=internal_cv fold=0 epoch=6/50 ssl_loss=0.087268 lr=0.000094641 base_val_bce=0.652522 base_best=N base_cls_epoch=13 epoch_seconds=3.8 task_elapsed_minutes=0.5 gpu_alloc_gb=0.318 gpu_reserved_gb=1.793
CHECKPOINT_BEST repeat=0 scope=internal_cv fold=0 phase=ssl epoch=7 path=/data/adodas/VarCoNet-V2-main/xiaolunwen/experiment1b/checkpoints/worker_r0_best.pt
[SSL] repeat=0 scope=internal_cv fold=0 epoch=7/50 ssl_loss=0.074532 lr=0.000108748 base_val_bce=0.641332 base_best=Y base_cls_epoch=14 epoch_seconds=4.1 task_elapsed_minutes=0.6 gpu_alloc_gb=0.318 gpu_reserved_gb=1.793
[SSL] repeat=0 scope=internal_cv fold=0 epoch=8/50 ssl_loss=0.058921 lr=0.000122855 base_val_bce=0.641353 base_best=N base_cls_epoch=13 epoch_seconds=3.7 task_elapsed_minutes=0.6 gpu_alloc_gb=0.318 gpu_reserved_gb=1.793
[SSL] repeat=0 scope=internal_cv fold=0 epoch=9/50 ssl_loss=0.050076 lr=0.000136962 base_val_bce=0.648439 base_best=N base_cls_epoch=16 epoch_seconds=3.7 task_elapsed_minutes=0.7 gpu_alloc_gb=0.318 gpu_reserved_gb=1.793
CHECKPOINT_LATEST repeat=0 scope=internal_cv fold=0 phase=ssl epoch=10 path=/data/adodas/VarCoNet-V2-main/xiaolunwen/experiment1b/checkpoints/worker_r0_latest.pt
[SSL] repeat=0 scope=internal_cv fold=0 epoch=10/50 ssl_loss=0.063205 lr=0.000136962 base_val_bce=0.645673 base_best=N base_cls_epoch=17 epoch_seconds=3.7 task_elapsed_minutes=0.8 gpu_alloc_gb=0.318 gpu_reserved_gb=1.793
[SSL] repeat=0 scope=internal_cv fold=0 epoch=11/50 ssl_loss=0.060758 lr=0.000136751 base_val_bce=0.641861 base_best=N base_cls_epoch=17 epoch_seconds=4.0 task_elapsed_minutes=0.8 gpu_alloc_gb=0.318 gpu_reserved_gb=1.793
CHECKPOINT_BEST repeat=0 scope=internal_cv fold=0 phase=ssl epoch=12 path=/data/adodas/VarCoNet-V2-main/xiaolunwen/experiment1b/checkpoints/worker_r0_best.pt
[SSL] repeat=0 scope=internal_cv fold=0 epoch=12/50 ssl_loss=0.069416 lr=0.000136119 base_val_bce=0.639793 base_best=Y base_cls_epoch=18 epoch_seconds=4.4 task_elapsed_minutes=0.9 gpu_alloc_gb=0.318 gpu_reserved_gb=1.793
[SSL] repeat=0 scope=internal_cv fold=0 epoch=13/50 ssl_loss=0.047646 lr=0.000135070 base_val_bce=0.648315 base_best=N base_cls_epoch=20 epoch_seconds=4.0 task_elapsed_minutes=1.0 gpu_alloc_gb=0.318 gpu_reserved_gb=1.793
[SSL] repeat=0 scope=internal_cv fold=0 epoch=14/50 ssl_loss=0.057358 lr=0.000133610 base_val_bce=0.641930 base_best=N base_cls_epoch=22 epoch_seconds=3.7 task_elapsed_minutes=1.0 gpu_alloc_gb=0.318 gpu_reserved_gb=1.793
CHECKPOINT_BEST repeat=0 scope=internal_cv fold=0 phase=ssl epoch=15 path=/data/adodas/VarCoNet-V2-main/xiaolunwen/experiment1b/checkpoints/worker_r0_best.pt
[SSL] repeat=0 scope=internal_cv fold=0 epoch=15/50 ssl_loss=0.064474 lr=0.000131749 base_val_bce=0.638132 base_best=Y base_cls_epoch=24 epoch_seconds=5.6 task_elapsed_minutes=1.1 gpu_alloc_gb=0.318 gpu_reserved_gb=1.793
CHECKPOINT_BEST repeat=0 scope=internal_cv fold=0 phase=ssl epoch=16 path=/data/adodas/VarCoNet-V2-main/xiaolunwen/experiment1b/checkpoints/worker_r0_best.pt
[SSL] repeat=0 scope=internal_cv fold=0 epoch=16/50 ssl_loss=0.047191 lr=0.000129498 base_val_bce=0.632861 base_best=Y base_cls_epoch=17 epoch_seconds=4.0 task_elapsed_minutes=1.2 gpu_alloc_gb=0.318 gpu_reserved_gb=1.793
[SSL] repeat=0 scope=internal_cv fold=0 epoch=17/50 ssl_loss=0.043628 lr=0.000126870 base_val_bce=0.647629 base_best=N base_cls_epoch=25 epoch_seconds=3.6 task_elapsed_minutes=1.3 gpu_alloc_gb=0.318 gpu_reserved_gb=1.793
[SSL] repeat=0 scope=internal_cv fold=0 epoch=18/50 ssl_loss=0.057263 lr=0.000123883 base_val_bce=0.644219 base_best=N base_cls_epoch=20 epoch_seconds=3.7 task_elapsed_minutes=1.3 gpu_alloc_gb=0.318 gpu_reserved_gb=1.793
[SSL] repeat=0 scope=internal_cv fold=0 epoch=19/50 ssl_loss=0.043787 lr=0.000120554 base_val_bce=0.640876 base_best=N base_cls_epoch=21 epoch_seconds=3.6 task_elapsed_minutes=1.4 gpu_alloc_gb=0.318 gpu_reserved_gb=1.793
CHECKPOINT_LATEST repeat=0 scope=internal_cv fold=0 phase=ssl epoch=20 path=/data/adodas/VarCoNet-V2-main/xiaolunwen/experiment1b/checkpoints/worker_r0_latest.pt
[SSL] repeat=0 scope=internal_cv fold=0 epoch=20/50 ssl_loss=0.045833 lr=0.000116904 base_val_bce=0.635161 base_best=N base_cls_epoch=19 epoch_seconds=4.1 task_elapsed_minutes=1.4 gpu_alloc_gb=0.318 gpu_reserved_gb=1.793
[SSL] repeat=0 scope=internal_cv fold=0 epoch=21/50 ssl_loss=0.046496 lr=0.000112956 base_val_bce=0.641024 base_best=N base_cls_epoch=19 epoch_seconds=3.8 task_elapsed_minutes=1.5 gpu_alloc_gb=0.318 gpu_reserved_gb=1.793
[SSL] repeat=0 scope=internal_cv fold=0 epoch=22/50 ssl_loss=0.043175 lr=0.000108733 base_val_bce=0.636087 base_best=N base_cls_epoch=22 epoch_seconds=3.8 task_elapsed_minutes=1.6 gpu_alloc_gb=0.318 gpu_reserved_gb=1.793
[SSL] repeat=0 scope=internal_cv fold=0 epoch=23/50 ssl_loss=0.041777 lr=0.000104262 base_val_bce=0.637030 base_best=N base_cls_epoch=22 epoch_seconds=3.8 task_elapsed_minutes=1.6 gpu_alloc_gb=0.318 gpu_reserved_gb=1.793
[SSL] repeat=0 scope=internal_cv fold=0 epoch=24/50 ssl_loss=0.047286 lr=0.000099570 base_val_bce=0.640419 base_best=N base_cls_epoch=25 epoch_seconds=3.8 task_elapsed_minutes=1.7 gpu_alloc_gb=0.318 gpu_reserved_gb=1.793
[SSL] repeat=0 scope=internal_cv fold=0 epoch=25/50 ssl_loss=0.051692 lr=0.000094687 base_val_bce=0.633484 base_best=N base_cls_epoch=21 epoch_seconds=3.9 task_elapsed_minutes=1.8 gpu_alloc_gb=0.318 gpu_reserved_gb=1.793
[SSL] repeat=0 scope=internal_cv fold=0 epoch=26/50 ssl_loss=0.046879 lr=0.000089643 base_val_bce=0.638299 base_best=N base_cls_epoch=24 epoch_seconds=3.8 task_elapsed_minutes=1.8 gpu_alloc_gb=0.318 gpu_reserved_gb=1.793
[SSL] repeat=0 scope=internal_cv fold=0 epoch=27/50 ssl_loss=0.038358 lr=0.000084467 base_val_bce=0.644910 base_best=N base_cls_epoch=20 epoch_seconds=3.9 task_elapsed_minutes=1.9 gpu_alloc_gb=0.318 gpu_reserved_gb=1.793
CHECKPOINT_BEST repeat=0 scope=internal_cv fold=0 phase=ssl epoch=28 path=/data/adodas/VarCoNet-V2-main/xiaolunwen/experiment1b/checkpoints/worker_r0_best.pt
[SSL] repeat=0 scope=internal_cv fold=0 epoch=28/50 ssl_loss=0.031711 lr=0.000079194 base_val_bce=0.631833 base_best=Y base_cls_epoch=25 epoch_seconds=4.1 task_elapsed_minutes=2.0 gpu_alloc_gb=0.318 gpu_reserved_gb=1.793
[SSL] repeat=0 scope=internal_cv fold=0 epoch=29/50 ssl_loss=0.046365 lr=0.000073854 base_val_bce=0.651213 base_best=N base_cls_epoch=22 epoch_seconds=3.6 task_elapsed_minutes=2.0 gpu_alloc_gb=0.318 gpu_reserved_gb=1.793
CHECKPOINT_BEST repeat=0 scope=internal_cv fold=0 phase=ssl epoch=30 path=/data/adodas/VarCoNet-V2-main/xiaolunwen/experiment1b/checkpoints/worker_r0_best.pt
CHECKPOINT_LATEST repeat=0 scope=internal_cv fold=0 phase=ssl epoch=30 path=/data/adodas/VarCoNet-V2-main/xiaolunwen/experiment1b/checkpoints/worker_r0_latest.pt
[SSL] repeat=0 scope=internal_cv fold=0 epoch=30/50 ssl_loss=0.035653 lr=0.000068481 base_val_bce=0.629766 base_best=Y base_cls_epoch=25 epoch_seconds=4.6 task_elapsed_minutes=2.1 gpu_alloc_gb=0.318 gpu_reserved_gb=1.793
CHECKPOINT_BEST repeat=0 scope=internal_cv fold=0 phase=ssl epoch=31 path=/data/adodas/VarCoNet-V2-main/xiaolunwen/experiment1b/checkpoints/worker_r0_best.pt
[SSL] repeat=0 scope=internal_cv fold=0 epoch=31/50 ssl_loss=0.046729 lr=0.000063108 base_val_bce=0.625554 base_best=Y base_cls_epoch=24 epoch_seconds=4.1 task_elapsed_minutes=2.2 gpu_alloc_gb=0.318 gpu_reserved_gb=1.793
[SSL] repeat=0 scope=internal_cv fold=0 epoch=32/50 ssl_loss=0.036310 lr=0.000057768 base_val_bce=0.637538 base_best=N base_cls_epoch=24 epoch_seconds=3.9 task_elapsed_minutes=2.2 gpu_alloc_gb=0.318 gpu_reserved_gb=1.793
[SSL] repeat=0 scope=internal_cv fold=0 epoch=33/50 ssl_loss=0.043076 lr=0.000052494 base_val_bce=0.645991 base_best=N base_cls_epoch=27 epoch_seconds=3.8 task_elapsed_minutes=2.3 gpu_alloc_gb=0.318 gpu_reserved_gb=1.793
[SSL] repeat=0 scope=internal_cv fold=0 epoch=34/50 ssl_loss=0.037625 lr=0.000047319 base_val_bce=0.646314 base_best=N base_cls_epoch=27 epoch_seconds=3.9 task_elapsed_minutes=2.4 gpu_alloc_gb=0.318 gpu_reserved_gb=1.793
[SSL] repeat=0 scope=internal_cv fold=0 epoch=35/50 ssl_loss=0.042933 lr=0.000042274 base_val_bce=0.630361 base_best=N base_cls_epoch=21 epoch_seconds=3.9 task_elapsed_minutes=2.4 gpu_alloc_gb=0.318 gpu_reserved_gb=1.793
[SSL] repeat=0 scope=internal_cv fold=0 epoch=36/50 ssl_loss=0.041904 lr=0.000037391 base_val_bce=0.639131 base_best=N base_cls_epoch=21 epoch_seconds=3.7 task_elapsed_minutes=2.5 gpu_alloc_gb=0.318 gpu_reserved_gb=1.793
[SSL] repeat=0 scope=internal_cv fold=0 epoch=37/50 ssl_loss=0.037202 lr=0.000032700 base_val_bce=0.631934 base_best=N base_cls_epoch=27 epoch_seconds=3.8 task_elapsed_minutes=2.5 gpu_alloc_gb=0.318 gpu_reserved_gb=1.793
[SSL] repeat=0 scope=internal_cv fold=0 epoch=38/50 ssl_loss=0.040708 lr=0.000028229 base_val_bce=0.635898 base_best=N base_cls_epoch=28 epoch_seconds=3.8 task_elapsed_minutes=2.6 gpu_alloc_gb=0.318 gpu_reserved_gb=1.793
[SSL] repeat=0 scope=internal_cv fold=0 epoch=39/50 ssl_loss=0.044913 lr=0.000024006 base_val_bce=0.638284 base_best=N base_cls_epoch=24 epoch_seconds=3.6 task_elapsed_minutes=2.7 gpu_alloc_gb=0.318 gpu_reserved_gb=1.793
CHECKPOINT_LATEST repeat=0 scope=internal_cv fold=0 phase=ssl epoch=40 path=/data/adodas/VarCoNet-V2-main/xiaolunwen/experiment1b/checkpoints/worker_r0_latest.pt
[SSL] repeat=0 scope=internal_cv fold=0 epoch=40/50 ssl_loss=0.040741 lr=0.000020058 base_val_bce=0.642825 base_best=N base_cls_epoch=19 epoch_seconds=4.3 task_elapsed_minutes=2.7 gpu_alloc_gb=0.318 gpu_reserved_gb=1.793
[SSL] repeat=0 scope=internal_cv fold=0 epoch=41/50 ssl_loss=0.038049 lr=0.000016408 base_val_bce=0.647439 base_best=N base_cls_epoch=29 epoch_seconds=3.8 task_elapsed_minutes=2.8 gpu_alloc_gb=0.318 gpu_reserved_gb=1.793
[SSL] repeat=0 scope=internal_cv fold=0 epoch=42/50 ssl_loss=0.038011 lr=0.000013079 base_val_bce=0.636079 base_best=N base_cls_epoch=25 epoch_seconds=3.9 task_elapsed_minutes=2.9 gpu_alloc_gb=0.318 gpu_reserved_gb=1.793
[SSL] repeat=0 scope=internal_cv fold=0 epoch=43/50 ssl_loss=0.031683 lr=0.000010091 base_val_bce=0.644876 base_best=N base_cls_epoch=26 epoch_seconds=3.9 task_elapsed_minutes=2.9 gpu_alloc_gb=0.318 gpu_reserved_gb=1.793
[SSL] repeat=0 scope=internal_cv fold=0 epoch=44/50 ssl_loss=0.038291 lr=0.000007464 base_val_bce=0.637822 base_best=N base_cls_epoch=26 epoch_seconds=3.9 task_elapsed_minutes=3.0 gpu_alloc_gb=0.318 gpu_reserved_gb=1.793
[SSL] repeat=0 scope=internal_cv fold=0 epoch=45/50 ssl_loss=0.044723 lr=0.000005213 base_val_bce=0.642977 base_best=N base_cls_epoch=27 epoch_seconds=3.7 task_elapsed_minutes=3.1 gpu_alloc_gb=0.318 gpu_reserved_gb=1.793
[SSL] repeat=0 scope=internal_cv fold=0 epoch=46/50 ssl_loss=0.040989 lr=0.000003352 base_val_bce=0.628886 base_best=N base_cls_epoch=23 epoch_seconds=3.8 task_elapsed_minutes=3.1 gpu_alloc_gb=0.318 gpu_reserved_gb=1.793
[SSL] repeat=0 scope=internal_cv fold=0 epoch=47/50 ssl_loss=0.044950 lr=0.000001892 base_val_bce=0.636895 base_best=N base_cls_epoch=23 epoch_seconds=3.8 task_elapsed_minutes=3.2 gpu_alloc_gb=0.318 gpu_reserved_gb=1.793
[SSL] repeat=0 scope=internal_cv fold=0 epoch=48/50 ssl_loss=0.033154 lr=0.000000843 base_val_bce=0.652217 base_best=N base_cls_epoch=21 epoch_seconds=3.8 task_elapsed_minutes=3.3 gpu_alloc_gb=0.318 gpu_reserved_gb=1.793
[SSL] repeat=0 scope=internal_cv fold=0 epoch=49/50 ssl_loss=0.042610 lr=0.000000211 base_val_bce=0.626354 base_best=N base_cls_epoch=22 epoch_seconds=3.2 task_elapsed_minutes=3.3 gpu_alloc_gb=0.318 gpu_reserved_gb=1.793
CHECKPOINT_LATEST repeat=0 scope=internal_cv fold=0 phase=ssl epoch=50 path=/data/adodas/VarCoNet-V2-main/xiaolunwen/experiment1b/checkpoints/worker_r0_latest.pt
[SSL] repeat=0 scope=internal_cv fold=0 epoch=50/50 ssl_loss=0.039304 lr=0.000000000 base_val_bce=0.637955 base_best=N base_cls_epoch=24 epoch_seconds=2.9 task_elapsed_minutes=3.3 gpu_alloc_gb=0.318 gpu_reserved_gb=1.793
CRSM_INIT repeat=0 scope=internal_cv fold=0 n_experts=2 tau=1.0 trainable_parameters=147074 hc_centroid_norm=23.180956 pca_unit_norm=1.00000000 pca_singular=149.906540 sigma_margin=1.184387 sigma_projection=7.743921 ratio=0.0100 scale=0.00152944145 epoch0_val_bce=0.625556
CHECKPOINT_LATEST repeat=0 scope=internal_cv fold=0 phase=crsm epoch=0 path=/data/adodas/VarCoNet-V2-main/xiaolunwen/experiment1b/checkpoints/worker_r0_latest.pt
CHECKPOINT_BEST repeat=0 scope=internal_cv fold=0 phase=crsm epoch=0 path=/data/adodas/VarCoNet-V2-main/xiaolunwen/experiment1b/checkpoints/worker_r0_best.pt
CHECKPOINT_LATEST repeat=0 scope=internal_cv fold=0 phase=crsm epoch=10 path=/data/adodas/VarCoNet-V2-main/xiaolunwen/experiment1b/checkpoints/worker_r0_latest.pt
[CRSM] repeat=0 scope=internal_cv fold=0 epoch=10/149 train_loss=0.279059 val_bce=0.637485 best=N best_epoch=0 mass=(0.5011,0.4989) hard=(0.3917,0.6083) entropy=0.692954 delta_l2=(0.131406,0.131073) delta_cos=0.992390 epoch_seconds=0.76
CHECKPOINT_LATEST repeat=0 scope=internal_cv fold=0 phase=crsm epoch=20 path=/data/adodas/VarCoNet-V2-main/xiaolunwen/experiment1b/checkpoints/worker_r0_latest.pt
[CRSM] repeat=0 scope=internal_cv fold=0 epoch=20/149 train_loss=0.243551 val_bce=0.655683 best=N best_epoch=0 mass=(0.5018,0.4982) hard=(0.3932,0.6068) entropy=0.692606 delta_l2=(0.251444,0.251157) delta_cos=0.992502 epoch_seconds=0.55
CHECKPOINT_LATEST repeat=0 scope=internal_cv fold=0 phase=crsm epoch=30 path=/data/adodas/VarCoNet-V2-main/xiaolunwen/experiment1b/checkpoints/worker_r0_latest.pt
[CRSM] repeat=0 scope=internal_cv fold=0 epoch=30/149 train_loss=0.218531 val_bce=0.674897 best=N best_epoch=0 mass=(0.5029,0.4971) hard=(0.4080,0.5920) entropy=0.691808 delta_l2=(0.359082,0.358909) delta_cos=0.990717 epoch_seconds=0.70
CHECKPOINT_LATEST repeat=0 scope=internal_cv fold=0 phase=crsm epoch=40 path=/data/adodas/VarCoNet-V2-main/xiaolunwen/experiment1b/checkpoints/worker_r0_latest.pt
[CRSM] repeat=0 scope=internal_cv fold=0 epoch=40/149 train_loss=0.200628 val_bce=0.693982 best=N best_epoch=0 mass=(0.5046,0.4954) hard=(0.4184,0.5816) entropy=0.689962 delta_l2=(0.454954,0.454952) delta_cos=0.986857 epoch_seconds=0.69
CHECKPOINT_LATEST repeat=0 scope=internal_cv fold=0 phase=crsm epoch=50 path=/data/adodas/VarCoNet-V2-main/xiaolunwen/experiment1b/checkpoints/worker_r0_latest.pt
[CRSM] repeat=0 scope=internal_cv fold=0 epoch=50/149 train_loss=0.187574 val_bce=0.713448 best=N best_epoch=0 mass=(0.5070,0.4930) hard=(0.4228,0.5772) entropy=0.686133 delta_l2=(0.540437,0.540668) delta_cos=0.979884 epoch_seconds=1.11
CHECKPOINT_LATEST repeat=0 scope=internal_cv fold=0 phase=crsm epoch=60 path=/data/adodas/VarCoNet-V2-main/xiaolunwen/experiment1b/checkpoints/worker_r0_latest.pt
[CRSM] repeat=0 scope=internal_cv fold=0 epoch=60/149 train_loss=0.177839 val_bce=0.733424 best=N best_epoch=0 mass=(0.5097,0.4903) hard=(0.4362,0.5638) entropy=0.679359 delta_l2=(0.616898,0.617496) delta_cos=0.968544 epoch_seconds=0.93
CHECKPOINT_LATEST repeat=0 scope=internal_cv fold=0 phase=crsm epoch=70 path=/data/adodas/VarCoNet-V2-main/xiaolunwen/experiment1b/checkpoints/worker_r0_latest.pt
[CRSM] repeat=0 scope=internal_cv fold=0 epoch=70/149 train_loss=0.170385 val_bce=0.753703 best=N best_epoch=0 mass=(0.5121,0.4879) hard=(0.4510,0.5490) entropy=0.669175 delta_l2=(0.685562,0.686844) delta_cos=0.951864 epoch_seconds=0.87
CHECKPOINT_LATEST repeat=0 scope=internal_cv fold=0 phase=crsm epoch=80 path=/data/adodas/VarCoNet-V2-main/xiaolunwen/experiment1b/checkpoints/worker_r0_latest.pt
[CRSM] repeat=0 scope=internal_cv fold=0 epoch=80/149 train_loss=0.164535 val_bce=0.774275 best=N best_epoch=0 mass=(0.5138,0.4862) hard=(0.4555,0.5445) entropy=0.656058 delta_l2=(0.747520,0.750041) delta_cos=0.929839 epoch_seconds=0.86
CHECKPOINT_LATEST repeat=0 scope=internal_cv fold=0 phase=crsm epoch=90 path=/data/adodas/VarCoNet-V2-main/xiaolunwen/experiment1b/checkpoints/worker_r0_latest.pt
[CRSM] repeat=0 scope=internal_cv fold=0 epoch=90/149 train_loss=0.159859 val_bce=0.795038 best=N best_epoch=0 mass=(0.5147,0.4853) hard=(0.4733,0.5267) entropy=0.641039 delta_l2=(0.803700,0.808191) delta_cos=0.903553 epoch_seconds=0.87
CHECKPOINT_LATEST repeat=0 scope=internal_cv fold=0 phase=crsm epoch=100 path=/data/adodas/VarCoNet-V2-main/xiaolunwen/experiment1b/checkpoints/worker_r0_latest.pt
[CRSM] repeat=0 scope=internal_cv fold=0 epoch=100/149 train_loss=0.156084 val_bce=0.815762 best=N best_epoch=0 mass=(0.5149,0.4851) hard=(0.4763,0.5237) entropy=0.625131 delta_l2=(0.854844,0.862079) delta_cos=0.874699 epoch_seconds=0.66
CHECKPOINT_LATEST repeat=0 scope=internal_cv fold=0 phase=crsm epoch=110 path=/data/adodas/VarCoNet-V2-main/xiaolunwen/experiment1b/checkpoints/worker_r0_latest.pt
[CRSM] repeat=0 scope=internal_cv fold=0 epoch=110/149 train_loss=0.153016 val_bce=0.836217 best=N best_epoch=0 mass=(0.5146,0.4854) hard=(0.4733,0.5267) entropy=0.609158 delta_l2=(0.901561,0.912215) delta_cos=0.844958 epoch_seconds=0.82
CHECKPOINT_LATEST repeat=0 scope=internal_cv fold=0 phase=crsm epoch=120 path=/data/adodas/VarCoNet-V2-main/xiaolunwen/experiment1b/checkpoints/worker_r0_latest.pt
[CRSM] repeat=0 scope=internal_cv fold=0 epoch=120/149 train_loss=0.150509 val_bce=0.856215 best=N best_epoch=0 mass=(0.5143,0.4857) hard=(0.4792,0.5208) entropy=0.593676 delta_l2=(0.944387,0.958924) delta_cos=0.815613 epoch_seconds=0.59
CHECKPOINT_LATEST repeat=0 scope=internal_cv fold=0 phase=crsm epoch=130 path=/data/adodas/VarCoNet-V2-main/xiaolunwen/experiment1b/checkpoints/worker_r0_latest.pt
[CRSM] repeat=0 scope=internal_cv fold=0 epoch=130/149 train_loss=0.148448 val_bce=0.875616 best=N best_epoch=0 mass=(0.5139,0.4861) hard=(0.4807,0.5193) entropy=0.579011 delta_l2=(0.983813,1.002450) delta_cos=0.787464 epoch_seconds=0.43
CHECKPOINT_LATEST repeat=0 scope=internal_cv fold=0 phase=crsm epoch=140 path=/data/adodas/VarCoNet-V2-main/xiaolunwen/experiment1b/checkpoints/worker_r0_latest.pt
[CRSM] repeat=0 scope=internal_cv fold=0 epoch=140/149 train_loss=0.146742 val_bce=0.894317 best=N best_epoch=0 mass=(0.5136,0.4864) hard=(0.4852,0.5148) entropy=0.565312 delta_l2=(1.020281,1.043014) delta_cos=0.760918 epoch_seconds=0.52
TASK_TRAINING_DONE repeat=0 scope=internal_cv fold=0 base_encoder_epoch=31 base_classifier_epoch=24 base_val_bce=0.625554 selected_crsm_epoch=0 crsm_val_bce=0.625556 treatment_threshold=0.449834 elapsed_minutes=3.6
TASK_DONE repeat=0 scope=internal_fold fold=0 method=baseline selected_encoder_epoch=31 test_auc=0.737082 test_bce=0.593838 elapsed_minutes=3.6
TASK_DONE repeat=0 scope=internal_fold fold=0 method=control_referenced_soft_multiboundary selected_encoder_epoch=31 test_auc=0.737082 test_bce=0.593827 elapsed_minutes=3.6
TASK_START repeat=0 scope=internal_cv fold=1 seed=100001 device=cuda:0 shared_encoder=Y reference_unique_n=674 train_n=750 val_n=119
CHECKPOINT_BEST repeat=0 scope=internal_cv fold=1 phase=ssl epoch=1 path=/data/adodas/VarCoNet-V2-main/xiaolunwen/experiment1b/checkpoints/worker_r0_best.pt
[SSL] repeat=0 scope=internal_cv fold=1 epoch=1/50 ssl_loss=0.352259 lr=0.000024107 base_val_bce=0.654173 base_best=Y base_cls_epoch=17 epoch_seconds=4.8 task_elapsed_minutes=0.1 gpu_alloc_gb=0.318 gpu_reserved_gb=1.744
CHECKPOINT_BEST repeat=0 scope=internal_cv fold=1 phase=ssl epoch=2 path=/data/adodas/VarCoNet-V2-main/xiaolunwen/experiment1b/checkpoints/worker_r0_best.pt
[SSL] repeat=0 scope=internal_cv fold=1 epoch=2/50 ssl_loss=0.195294 lr=0.000038214 base_val_bce=0.651271 base_best=Y base_cls_epoch=17 epoch_seconds=18.2 task_elapsed_minutes=0.1 gpu_alloc_gb=0.317 gpu_reserved_gb=2.008
[SSL] repeat=0 scope=internal_cv fold=1 epoch=3/50 ssl_loss=0.131386 lr=0.000052321 base_val_bce=0.656003 base_best=N base_cls_epoch=14 epoch_seconds=3.1 task_elapsed_minutes=0.4 gpu_alloc_gb=0.318 gpu_reserved_gb=1.744
CHECKPOINT_BEST repeat=0 scope=internal_cv fold=1 phase=ssl epoch=4 path=/data/adodas/VarCoNet-V2-main/xiaolunwen/experiment1b/checkpoints/worker_r0_best.pt
[SSL] repeat=0 scope=internal_cv fold=1 epoch=4/50 ssl_loss=0.127463 lr=0.000066427 base_val_bce=0.644919 base_best=Y base_cls_epoch=11 epoch_seconds=4.7 task_elapsed_minutes=0.5 gpu_alloc_gb=0.317 gpu_reserved_gb=2.008
[SSL] repeat=0 scope=internal_cv fold=1 epoch=5/50 ssl_loss=0.106173 lr=0.000080534 base_val_bce=0.650378 base_best=N base_cls_epoch=11 epoch_seconds=3.7 task_elapsed_minutes=0.6 gpu_alloc_gb=0.318 gpu_reserved_gb=1.744
CHECKPOINT_BEST repeat=0 scope=internal_cv fold=1 phase=ssl epoch=6 path=/data/adodas/VarCoNet-V2-main/xiaolunwen/experiment1b/checkpoints/worker_r0_best.pt
[SSL] repeat=0 scope=internal_cv fold=1 epoch=6/50 ssl_loss=0.077641 lr=0.000094641 base_val_bce=0.643630 base_best=Y base_cls_epoch=12 epoch_seconds=4.4 task_elapsed_minutes=0.6 gpu_alloc_gb=0.317 gpu_reserved_gb=2.008
[SSL] repeat=0 scope=internal_cv fold=1 epoch=7/50 ssl_loss=0.090499 lr=0.000108748 base_val_bce=0.646242 base_best=N base_cls_epoch=10 epoch_seconds=3.9 task_elapsed_minutes=0.7 gpu_alloc_gb=0.318 gpu_reserved_gb=1.744
[SSL] repeat=0 scope=internal_cv fold=1 epoch=8/50 ssl_loss=0.087337 lr=0.000122855 base_val_bce=0.653745 base_best=N base_cls_epoch=9 epoch_seconds=3.7 task_elapsed_minutes=0.8 gpu_alloc_gb=0.317 gpu_reserved_gb=2.008
[SSL] repeat=0 scope=internal_cv fold=1 epoch=9/50 ssl_loss=0.083449 lr=0.000136962 base_val_bce=0.648084 base_best=N base_cls_epoch=11 epoch_seconds=3.5 task_elapsed_minutes=0.8 gpu_alloc_gb=0.318 gpu_reserved_gb=1.744
CHECKPOINT_LATEST repeat=0 scope=internal_cv fold=1 phase=ssl epoch=10 path=/data/adodas/VarCoNet-V2-main/xiaolunwen/experiment1b/checkpoints/worker_r0_latest.pt
[SSL] repeat=0 scope=internal_cv fold=1 epoch=10/50 ssl_loss=0.078020 lr=0.000136962 base_val_bce=0.648149 base_best=N base_cls_epoch=10 epoch_seconds=3.7 task_elapsed_minutes=0.9 gpu_alloc_gb=0.317 gpu_reserved_gb=2.008
CHECKPOINT_BEST repeat=0 scope=internal_cv fold=1 phase=ssl epoch=11 path=/data/adodas/VarCoNet-V2-main/xiaolunwen/experiment1b/checkpoints/worker_r0_best.pt
[SSL] repeat=0 scope=internal_cv fold=1 epoch=11/50 ssl_loss=0.067585 lr=0.000136751 base_val_bce=0.634584 base_best=Y base_cls_epoch=11 epoch_seconds=4.1 task_elapsed_minutes=1.0 gpu_alloc_gb=0.318 gpu_reserved_gb=1.744
[SSL] repeat=0 scope=internal_cv fold=1 epoch=12/50 ssl_loss=0.076592 lr=0.000136119 base_val_bce=0.653264 base_best=N base_cls_epoch=10 epoch_seconds=3.8 task_elapsed_minutes=1.0 gpu_alloc_gb=0.317 gpu_reserved_gb=2.008
[SSL] repeat=0 scope=internal_cv fold=1 epoch=13/50 ssl_loss=0.070249 lr=0.000135070 base_val_bce=0.648012 base_best=N base_cls_epoch=16 epoch_seconds=3.7 task_elapsed_minutes=1.1 gpu_alloc_gb=0.318 gpu_reserved_gb=1.744
[SSL] repeat=0 scope=internal_cv fold=1 epoch=14/50 ssl_loss=0.053793 lr=0.000133610 base_val_bce=0.649869 base_best=N base_cls_epoch=11 epoch_seconds=3.7 task_elapsed_minutes=1.2 gpu_alloc_gb=0.317 gpu_reserved_gb=2.008
[SSL] repeat=0 scope=internal_cv fold=1 epoch=15/50 ssl_loss=0.067773 lr=0.000131749 base_val_bce=0.650755 base_best=N base_cls_epoch=11 epoch_seconds=3.8 task_elapsed_minutes=1.2 gpu_alloc_gb=0.318 gpu_reserved_gb=1.744
[SSL] repeat=0 scope=internal_cv fold=1 epoch=16/50 ssl_loss=0.071157 lr=0.000129498 base_val_bce=0.641223 base_best=N base_cls_epoch=16 epoch_seconds=3.7 task_elapsed_minutes=1.3 gpu_alloc_gb=0.317 gpu_reserved_gb=2.008
CHECKPOINT_BEST repeat=0 scope=internal_cv fold=1 phase=ssl epoch=17 path=/data/adodas/VarCoNet-V2-main/xiaolunwen/experiment1b/checkpoints/worker_r0_best.pt
[SSL] repeat=0 scope=internal_cv fold=1 epoch=17/50 ssl_loss=0.058657 lr=0.000126870 base_val_bce=0.630228 base_best=Y base_cls_epoch=11 epoch_seconds=7.6 task_elapsed_minutes=1.4 gpu_alloc_gb=0.318 gpu_reserved_gb=1.744
[SSL] repeat=0 scope=internal_cv fold=1 epoch=18/50 ssl_loss=0.051581 lr=0.000123883 base_val_bce=0.652200 base_best=N base_cls_epoch=17 epoch_seconds=3.8 task_elapsed_minutes=1.5 gpu_alloc_gb=0.317 gpu_reserved_gb=2.008
[SSL] repeat=0 scope=internal_cv fold=1 epoch=19/50 ssl_loss=0.053290 lr=0.000120554 base_val_bce=0.643533 base_best=N base_cls_epoch=13 epoch_seconds=3.5 task_elapsed_minutes=1.5 gpu_alloc_gb=0.318 gpu_reserved_gb=1.744
CHECKPOINT_LATEST repeat=0 scope=internal_cv fold=1 phase=ssl epoch=20 path=/data/adodas/VarCoNet-V2-main/xiaolunwen/experiment1b/checkpoints/worker_r0_latest.pt
[SSL] repeat=0 scope=internal_cv fold=1 epoch=20/50 ssl_loss=0.051009 lr=0.000116904 base_val_bce=0.649133 base_best=N base_cls_epoch=14 epoch_seconds=4.1 task_elapsed_minutes=1.6 gpu_alloc_gb=0.317 gpu_reserved_gb=2.008
[SSL] repeat=0 scope=internal_cv fold=1 epoch=21/50 ssl_loss=0.049185 lr=0.000112956 base_val_bce=0.648706 base_best=N base_cls_epoch=12 epoch_seconds=3.8 task_elapsed_minutes=1.7 gpu_alloc_gb=0.318 gpu_reserved_gb=1.744
[SSL] repeat=0 scope=internal_cv fold=1 epoch=22/50 ssl_loss=0.052487 lr=0.000108733 base_val_bce=0.637666 base_best=N base_cls_epoch=12 epoch_seconds=3.7 task_elapsed_minutes=1.7 gpu_alloc_gb=0.317 gpu_reserved_gb=2.008
[SSL] repeat=0 scope=internal_cv fold=1 epoch=23/50 ssl_loss=0.058290 lr=0.000104262 base_val_bce=0.650089 base_best=N base_cls_epoch=17 epoch_seconds=3.8 task_elapsed_minutes=1.8 gpu_alloc_gb=0.318 gpu_reserved_gb=1.744
[SSL] repeat=0 scope=internal_cv fold=1 epoch=24/50 ssl_loss=0.070076 lr=0.000099570 base_val_bce=0.643198 base_best=N base_cls_epoch=13 epoch_seconds=3.7 task_elapsed_minutes=1.8 gpu_alloc_gb=0.317 gpu_reserved_gb=2.008
[SSL] repeat=0 scope=internal_cv fold=1 epoch=25/50 ssl_loss=0.068035 lr=0.000094687 base_val_bce=0.632409 base_best=N base_cls_epoch=16 epoch_seconds=3.8 task_elapsed_minutes=1.9 gpu_alloc_gb=0.318 gpu_reserved_gb=1.744
[SSL] repeat=0 scope=internal_cv fold=1 epoch=26/50 ssl_loss=0.045448 lr=0.000089643 base_val_bce=0.630550 base_best=N base_cls_epoch=16 epoch_seconds=3.8 task_elapsed_minutes=2.0 gpu_alloc_gb=0.317 gpu_reserved_gb=2.008
[SSL] repeat=0 scope=internal_cv fold=1 epoch=27/50 ssl_loss=0.057602 lr=0.000084467 base_val_bce=0.643176 base_best=N base_cls_epoch=12 epoch_seconds=3.8 task_elapsed_minutes=2.0 gpu_alloc_gb=0.318 gpu_reserved_gb=1.744
[SSL] repeat=0 scope=internal_cv fold=1 epoch=28/50 ssl_loss=0.059711 lr=0.000079194 base_val_bce=0.640014 base_best=N base_cls_epoch=13 epoch_seconds=4.0 task_elapsed_minutes=2.1 gpu_alloc_gb=0.317 gpu_reserved_gb=2.008
[SSL] repeat=0 scope=internal_cv fold=1 epoch=29/50 ssl_loss=0.056542 lr=0.000073854 base_val_bce=0.633622 base_best=N base_cls_epoch=15 epoch_seconds=3.6 task_elapsed_minutes=2.2 gpu_alloc_gb=0.318 gpu_reserved_gb=1.744
CHECKPOINT_LATEST repeat=0 scope=internal_cv fold=1 phase=ssl epoch=30 path=/data/adodas/VarCoNet-V2-main/xiaolunwen/experiment1b/checkpoints/worker_r0_latest.pt
[SSL] repeat=0 scope=internal_cv fold=1 epoch=30/50 ssl_loss=0.052752 lr=0.000068481 base_val_bce=0.638603 base_best=N base_cls_epoch=14 epoch_seconds=3.9 task_elapsed_minutes=2.2 gpu_alloc_gb=0.317 gpu_reserved_gb=2.008
[SSL] repeat=0 scope=internal_cv fold=1 epoch=31/50 ssl_loss=0.045272 lr=0.000063108 base_val_bce=0.640857 base_best=N base_cls_epoch=13 epoch_seconds=3.8 task_elapsed_minutes=2.3 gpu_alloc_gb=0.318 gpu_reserved_gb=1.744
[SSL] repeat=0 scope=internal_cv fold=1 epoch=32/50 ssl_loss=0.053020 lr=0.000057768 base_val_bce=0.642548 base_best=N base_cls_epoch=13 epoch_seconds=3.7 task_elapsed_minutes=2.4 gpu_alloc_gb=0.317 gpu_reserved_gb=2.008
[SSL] repeat=0 scope=internal_cv fold=1 epoch=33/50 ssl_loss=0.048090 lr=0.000052494 base_val_bce=0.645524 base_best=N base_cls_epoch=17 epoch_seconds=3.8 task_elapsed_minutes=2.4 gpu_alloc_gb=0.318 gpu_reserved_gb=1.744
[SSL] repeat=0 scope=internal_cv fold=1 epoch=34/50 ssl_loss=0.045419 lr=0.000047319 base_val_bce=0.647377 base_best=N base_cls_epoch=18 epoch_seconds=3.8 task_elapsed_minutes=2.5 gpu_alloc_gb=0.317 gpu_reserved_gb=2.008
[SSL] repeat=0 scope=internal_cv fold=1 epoch=35/50 ssl_loss=0.053694 lr=0.000042274 base_val_bce=0.643532 base_best=N base_cls_epoch=14 epoch_seconds=3.8 task_elapsed_minutes=2.5 gpu_alloc_gb=0.318 gpu_reserved_gb=1.744
[SSL] repeat=0 scope=internal_cv fold=1 epoch=36/50 ssl_loss=0.058764 lr=0.000037391 base_val_bce=0.655326 base_best=N base_cls_epoch=15 epoch_seconds=6.9 task_elapsed_minutes=2.7 gpu_alloc_gb=0.317 gpu_reserved_gb=2.008
[SSL] repeat=0 scope=internal_cv fold=1 epoch=37/50 ssl_loss=0.057254 lr=0.000032700 base_val_bce=0.631668 base_best=N base_cls_epoch=17 epoch_seconds=3.9 task_elapsed_minutes=2.7 gpu_alloc_gb=0.318 gpu_reserved_gb=1.744
[SSL] repeat=0 scope=internal_cv fold=1 epoch=38/50 ssl_loss=0.045147 lr=0.000028229 base_val_bce=0.645655 base_best=N base_cls_epoch=13 epoch_seconds=2.5 task_elapsed_minutes=2.8 gpu_alloc_gb=0.317 gpu_reserved_gb=2.008
[SSL] repeat=0 scope=internal_cv fold=1 epoch=39/50 ssl_loss=0.048716 lr=0.000024006 base_val_bce=0.641692 base_best=N base_cls_epoch=17 epoch_seconds=3.1 task_elapsed_minutes=2.8 gpu_alloc_gb=0.318 gpu_reserved_gb=1.744
CHECKPOINT_LATEST repeat=0 scope=internal_cv fold=1 phase=ssl epoch=40 path=/data/adodas/VarCoNet-V2-main/xiaolunwen/experiment1b/checkpoints/worker_r0_latest.pt
[SSL] repeat=0 scope=internal_cv fold=1 epoch=40/50 ssl_loss=0.053085 lr=0.000020058 base_val_bce=0.638466 base_best=N base_cls_epoch=13 epoch_seconds=4.0 task_elapsed_minutes=2.9 gpu_alloc_gb=0.317 gpu_reserved_gb=2.008
[SSL] repeat=0 scope=internal_cv fold=1 epoch=41/50 ssl_loss=0.055562 lr=0.000016408 base_val_bce=0.642551 base_best=N base_cls_epoch=14 epoch_seconds=3.8 task_elapsed_minutes=2.9 gpu_alloc_gb=0.318 gpu_reserved_gb=1.744
[SSL] repeat=0 scope=internal_cv fold=1 epoch=42/50 ssl_loss=0.055553 lr=0.000013079 base_val_bce=0.645871 base_best=N base_cls_epoch=14 epoch_seconds=3.8 task_elapsed_minutes=3.0 gpu_alloc_gb=0.317 gpu_reserved_gb=2.008
[SSL] repeat=0 scope=internal_cv fold=1 epoch=43/50 ssl_loss=0.045510 lr=0.000010091 base_val_bce=0.635458 base_best=N base_cls_epoch=14 epoch_seconds=3.8 task_elapsed_minutes=3.1 gpu_alloc_gb=0.318 gpu_reserved_gb=1.744
[SSL] repeat=0 scope=internal_cv fold=1 epoch=44/50 ssl_loss=0.058462 lr=0.000007464 base_val_bce=0.653069 base_best=N base_cls_epoch=17 epoch_seconds=3.7 task_elapsed_minutes=3.1 gpu_alloc_gb=0.317 gpu_reserved_gb=2.008
[SSL] repeat=0 scope=internal_cv fold=1 epoch=45/50 ssl_loss=0.053330 lr=0.000005213 base_val_bce=0.647024 base_best=N base_cls_epoch=14 epoch_seconds=3.7 task_elapsed_minutes=3.2 gpu_alloc_gb=0.318 gpu_reserved_gb=1.744
[SSL] repeat=0 scope=internal_cv fold=1 epoch=46/50 ssl_loss=0.049272 lr=0.000003352 base_val_bce=0.639898 base_best=N base_cls_epoch=13 epoch_seconds=3.8 task_elapsed_minutes=3.3 gpu_alloc_gb=0.317 gpu_reserved_gb=2.008
[SSL] repeat=0 scope=internal_cv fold=1 epoch=47/50 ssl_loss=0.049119 lr=0.000001892 base_val_bce=0.642182 base_best=N base_cls_epoch=15 epoch_seconds=3.7 task_elapsed_minutes=3.3 gpu_alloc_gb=0.318 gpu_reserved_gb=1.744
[SSL] repeat=0 scope=internal_cv fold=1 epoch=48/50 ssl_loss=0.049843 lr=0.000000843 base_val_bce=0.639947 base_best=N base_cls_epoch=13 epoch_seconds=3.7 task_elapsed_minutes=3.4 gpu_alloc_gb=0.317 gpu_reserved_gb=2.008
[SSL] repeat=0 scope=internal_cv fold=1 epoch=49/50 ssl_loss=0.045964 lr=0.000000211 base_val_bce=0.640786 base_best=N base_cls_epoch=15 epoch_seconds=3.4 task_elapsed_minutes=3.4 gpu_alloc_gb=0.318 gpu_reserved_gb=1.744
CHECKPOINT_LATEST repeat=0 scope=internal_cv fold=1 phase=ssl epoch=50 path=/data/adodas/VarCoNet-V2-main/xiaolunwen/experiment1b/checkpoints/worker_r0_latest.pt
[SSL] repeat=0 scope=internal_cv fold=1 epoch=50/50 ssl_loss=0.060436 lr=0.000000000 base_val_bce=0.644714 base_best=N base_cls_epoch=17 epoch_seconds=3.0 task_elapsed_minutes=3.5 gpu_alloc_gb=0.317 gpu_reserved_gb=2.008
CRSM_INIT repeat=0 scope=internal_cv fold=1 n_experts=2 tau=1.0 trainable_parameters=147074 hc_centroid_norm=26.295912 pca_unit_norm=1.00000000 pca_singular=148.127228 sigma_margin=0.721847 sigma_projection=7.572860 ratio=0.0100 scale=0.00095320231 epoch0_val_bce=0.630228
CHECKPOINT_LATEST repeat=0 scope=internal_cv fold=1 phase=crsm epoch=0 path=/data/adodas/VarCoNet-V2-main/xiaolunwen/experiment1b/checkpoints/worker_r0_latest.pt
CHECKPOINT_BEST repeat=0 scope=internal_cv fold=1 phase=crsm epoch=0 path=/data/adodas/VarCoNet-V2-main/xiaolunwen/experiment1b/checkpoints/worker_r0_best.pt
CHECKPOINT_BEST repeat=0 scope=internal_cv fold=1 phase=crsm epoch=1 path=/data/adodas/VarCoNet-V2-main/xiaolunwen/experiment1b/checkpoints/worker_r0_best.pt
[CRSM] repeat=0 scope=internal_cv fold=1 epoch=1/149 train_loss=0.479983 val_bce=0.629819 best=Y best_epoch=1 mass=(0.5005,0.4995) hard=(0.4228,0.5772) entropy=0.693123 delta_l2=(0.013691,0.013500) delta_cos=0.980734 epoch_seconds=0.72
CHECKPOINT_BEST repeat=0 scope=internal_cv fold=1 phase=crsm epoch=2 path=/data/adodas/VarCoNet-V2-main/xiaolunwen/experiment1b/checkpoints/worker_r0_best.pt
[CRSM] repeat=0 scope=internal_cv fold=1 epoch=2/149 train_loss=0.471578 val_bce=0.629614 best=Y best_epoch=2 mass=(0.5006,0.4994) hard=(0.4199,0.5801) entropy=0.693120 delta_l2=(0.027121,0.026929) delta_cos=0.991519 epoch_seconds=1.01
CHECKPOINT_BEST repeat=0 scope=internal_cv fold=1 phase=crsm epoch=3 path=/data/adodas/VarCoNet-V2-main/xiaolunwen/experiment1b/checkpoints/worker_r0_best.pt
[CRSM] repeat=0 scope=internal_cv fold=1 epoch=3/149 train_loss=0.463470 val_bce=0.629607 best=Y best_epoch=3 mass=(0.5006,0.4994) hard=(0.4228,0.5772) entropy=0.693117 delta_l2=(0.040485,0.040293) delta_cos=0.994109 epoch_seconds=0.75
CHECKPOINT_LATEST repeat=0 scope=internal_cv fold=1 phase=crsm epoch=10 path=/data/adodas/VarCoNet-V2-main/xiaolunwen/experiment1b/checkpoints/worker_r0_latest.pt
[CRSM] repeat=0 scope=internal_cv fold=1 epoch=10/149 train_loss=0.414470 val_bce=0.634700 best=N best_epoch=3 mass=(0.5009,0.4991) hard=(0.4332,0.5668) entropy=0.693083 delta_l2=(0.131344,0.131169) delta_cos=0.997074 epoch_seconds=1.02
CHECKPOINT_LATEST repeat=0 scope=internal_cv fold=1 phase=crsm epoch=20 path=/data/adodas/VarCoNet-V2-main/xiaolunwen/experiment1b/checkpoints/worker_r0_latest.pt
[CRSM] repeat=0 scope=internal_cv fold=1 epoch=20/149 train_loss=0.363838 val_bce=0.652190 best=N best_epoch=3 mass=(0.5015,0.4985) hard=(0.4407,0.5593) entropy=0.692972 delta_l2=(0.250776,0.250580) delta_cos=0.997446 epoch_seconds=0.63
CHECKPOINT_LATEST repeat=0 scope=internal_cv fold=1 phase=crsm epoch=30 path=/data/adodas/VarCoNet-V2-main/xiaolunwen/experiment1b/checkpoints/worker_r0_latest.pt
[CRSM] repeat=0 scope=internal_cv fold=1 epoch=30/149 train_loss=0.329204 val_bce=0.672726 best=N best_epoch=3 mass=(0.5026,0.4974) hard=(0.4377,0.5623) entropy=0.692681 delta_l2=(0.356639,0.356443) delta_cos=0.996896 epoch_seconds=0.89
CHECKPOINT_LATEST repeat=0 scope=internal_cv fold=1 phase=crsm epoch=40 path=/data/adodas/VarCoNet-V2-main/xiaolunwen/experiment1b/checkpoints/worker_r0_latest.pt
[CRSM] repeat=0 scope=internal_cv fold=1 epoch=40/149 train_loss=0.305032 val_bce=0.692238 best=N best_epoch=3 mass=(0.5044,0.4956) hard=(0.4407,0.5593) entropy=0.691943 delta_l2=(0.449962,0.449792) delta_cos=0.995524 epoch_seconds=0.64
CHECKPOINT_LATEST repeat=0 scope=internal_cv fold=1 phase=crsm epoch=50 path=/data/adodas/VarCoNet-V2-main/xiaolunwen/experiment1b/checkpoints/worker_r0_latest.pt
[CRSM] repeat=0 scope=internal_cv fold=1 epoch=50/149 train_loss=0.287765 val_bce=0.710791 best=N best_epoch=3 mass=(0.5071,0.4929) hard=(0.4377,0.5623) entropy=0.690155 delta_l2=(0.532590,0.532404) delta_cos=0.992777 epoch_seconds=1.59
CHECKPOINT_LATEST repeat=0 scope=internal_cv fold=1 phase=crsm epoch=60 path=/data/adodas/VarCoNet-V2-main/xiaolunwen/experiment1b/checkpoints/worker_r0_latest.pt
[CRSM] repeat=0 scope=internal_cv fold=1 epoch=60/149 train_loss=0.275090 val_bce=0.728647 best=N best_epoch=3 mass=(0.5108,0.4892) hard=(0.4451,0.5549) entropy=0.686277 delta_l2=(0.606197,0.605925) delta_cos=0.987653 epoch_seconds=0.63
CHECKPOINT_LATEST repeat=0 scope=internal_cv fold=1 phase=crsm epoch=70 path=/data/adodas/VarCoNet-V2-main/xiaolunwen/experiment1b/checkpoints/worker_r0_latest.pt
[CRSM] repeat=0 scope=internal_cv fold=1 epoch=70/149 train_loss=0.265492 val_bce=0.745855 best=N best_epoch=3 mass=(0.5152,0.4848) hard=(0.4451,0.5549) entropy=0.679215 delta_l2=(0.672212,0.671857) delta_cos=0.978907 epoch_seconds=0.28
CHECKPOINT_LATEST repeat=0 scope=internal_cv fold=1 phase=crsm epoch=80 path=/data/adodas/VarCoNet-V2-main/xiaolunwen/experiment1b/checkpoints/worker_r0_latest.pt
[CRSM] repeat=0 scope=internal_cv fold=1 epoch=80/149 train_loss=0.257992 val_bce=0.762536 best=N best_epoch=3 mass=(0.5195,0.4805) hard=(0.4599,0.5401) entropy=0.668660 delta_l2=(0.731833,0.731598) delta_cos=0.965576 epoch_seconds=0.38
CHECKPOINT_LATEST repeat=0 scope=internal_cv fold=1 phase=crsm epoch=90 path=/data/adodas/VarCoNet-V2-main/xiaolunwen/experiment1b/checkpoints/worker_r0_latest.pt
[CRSM] repeat=0 scope=internal_cv fold=1 epoch=90/149 train_loss=0.251980 val_bce=0.778697 best=N best_epoch=3 mass=(0.5229,0.4771) hard=(0.4792,0.5208) entropy=0.655405 delta_l2=(0.786008,0.786374) delta_cos=0.947548 epoch_seconds=0.84
CHECKPOINT_LATEST repeat=0 scope=internal_cv fold=1 phase=crsm epoch=100 path=/data/adodas/VarCoNet-V2-main/xiaolunwen/experiment1b/checkpoints/worker_r0_latest.pt
[CRSM] repeat=0 scope=internal_cv fold=1 epoch=100/149 train_loss=0.247084 val_bce=0.794291 best=N best_epoch=3 mass=(0.5253,0.4747) hard=(0.4955,0.5045) entropy=0.640671 delta_l2=(0.835457,0.837121) delta_cos=0.925674 epoch_seconds=0.45
CHECKPOINT_LATEST repeat=0 scope=internal_cv fold=1 phase=crsm epoch=110 path=/data/adodas/VarCoNet-V2-main/xiaolunwen/experiment1b/checkpoints/worker_r0_latest.pt
[CRSM] repeat=0 scope=internal_cv fold=1 epoch=110/149 train_loss=0.243062 val_bce=0.809317 best=N best_epoch=3 mass=(0.5269,0.4731) hard=(0.5000,0.5000) entropy=0.625472 delta_l2=(0.880748,0.884449) delta_cos=0.901350 epoch_seconds=0.40
CHECKPOINT_LATEST repeat=0 scope=internal_cv fold=1 phase=crsm epoch=120 path=/data/adodas/VarCoNet-V2-main/xiaolunwen/experiment1b/checkpoints/worker_r0_latest.pt
[CRSM] repeat=0 scope=internal_cv fold=1 epoch=120/149 train_loss=0.239744 val_bce=0.823813 best=N best_epoch=3 mass=(0.5279,0.4721) hard=(0.5059,0.4941) entropy=0.610536 delta_l2=(0.922362,0.928719) delta_cos=0.875988 epoch_seconds=0.43
CHECKPOINT_LATEST repeat=0 scope=internal_cv fold=1 phase=crsm epoch=130 path=/data/adodas/VarCoNet-V2-main/xiaolunwen/experiment1b/checkpoints/worker_r0_latest.pt
[CRSM] repeat=0 scope=internal_cv fold=1 epoch=130/149 train_loss=0.236995 val_bce=0.837793 best=N best_epoch=3 mass=(0.5286,0.4714) hard=(0.5074,0.4926) entropy=0.596306 delta_l2=(0.960731,0.970156) delta_cos=0.850695 epoch_seconds=0.24
CHECKPOINT_LATEST repeat=0 scope=internal_cv fold=1 phase=crsm epoch=140 path=/data/adodas/VarCoNet-V2-main/xiaolunwen/experiment1b/checkpoints/worker_r0_latest.pt
[CRSM] repeat=0 scope=internal_cv fold=1 epoch=140/149 train_loss=0.234705 val_bce=0.851255 best=N best_epoch=3 mass=(0.5291,0.4709) hard=(0.5104,0.4896) entropy=0.582975 delta_l2=(0.996241,1.008935) delta_cos=0.826187 epoch_seconds=0.29
TASK_TRAINING_DONE repeat=0 scope=internal_cv fold=1 base_encoder_epoch=17 base_classifier_epoch=11 base_val_bce=0.630228 selected_crsm_epoch=3 crsm_val_bce=0.629607 treatment_threshold=0.413068 elapsed_minutes=3.7
TASK_DONE repeat=0 scope=internal_fold fold=1 method=baseline selected_encoder_epoch=17 test_auc=0.739615 test_bce=0.615978 elapsed_minutes=3.7
TASK_DONE repeat=0 scope=internal_fold fold=1 method=control_referenced_soft_multiboundary selected_encoder_epoch=17 test_auc=0.743161 test_bce=0.613771 elapsed_minutes=3.7
TASK_START repeat=0 scope=internal_cv fold=2 seed=100002 device=cuda:0 shared_encoder=Y reference_unique_n=674 train_n=750 val_n=120
CHECKPOINT_BEST repeat=0 scope=internal_cv fold=2 phase=ssl epoch=1 path=/data/adodas/VarCoNet-V2-main/xiaolunwen/experiment1b/checkpoints/worker_r0_best.pt
[SSL] repeat=0 scope=internal_cv fold=2 epoch=1/50 ssl_loss=0.439593 lr=0.000024107 base_val_bce=0.610628 base_best=Y base_cls_epoch=68 epoch_seconds=4.1 task_elapsed_minutes=0.1 gpu_alloc_gb=0.318 gpu_reserved_gb=1.744
CHECKPOINT_BEST repeat=0 scope=internal_cv fold=2 phase=ssl epoch=2 path=/data/adodas/VarCoNet-V2-main/xiaolunwen/experiment1b/checkpoints/worker_r0_best.pt
[SSL] repeat=0 scope=internal_cv fold=2 epoch=2/50 ssl_loss=0.221021 lr=0.000038214 base_val_bce=0.610253 base_best=Y base_cls_epoch=51 epoch_seconds=4.1 task_elapsed_minutes=0.1 gpu_alloc_gb=0.317 gpu_reserved_gb=2.008
CHECKPOINT_BEST repeat=0 scope=internal_cv fold=2 phase=ssl epoch=3 path=/data/adodas/VarCoNet-V2-main/xiaolunwen/experiment1b/checkpoints/worker_r0_best.pt
[SSL] repeat=0 scope=internal_cv fold=2 epoch=3/50 ssl_loss=0.134494 lr=0.000052321 base_val_bce=0.599364 base_best=Y base_cls_epoch=57 epoch_seconds=4.2 task_elapsed_minutes=0.2 gpu_alloc_gb=0.318 gpu_reserved_gb=1.744
CHECKPOINT_BEST repeat=0 scope=internal_cv fold=2 phase=ssl epoch=4 path=/data/adodas/VarCoNet-V2-main/xiaolunwen/experiment1b/checkpoints/worker_r0_best.pt
[SSL] repeat=0 scope=internal_cv fold=2 epoch=4/50 ssl_loss=0.088198 lr=0.000066427 base_val_bce=0.596312 base_best=Y base_cls_epoch=41 epoch_seconds=4.1 task_elapsed_minutes=0.3 gpu_alloc_gb=0.317 gpu_reserved_gb=2.008
[SSL] repeat=0 scope=internal_cv fold=2 epoch=5/50 ssl_loss=0.074002 lr=0.000080534 base_val_bce=0.602807 base_best=N base_cls_epoch=46 epoch_seconds=4.0 task_elapsed_minutes=0.3 gpu_alloc_gb=0.318 gpu_reserved_gb=1.744
[SSL] repeat=0 scope=internal_cv fold=2 epoch=6/50 ssl_loss=0.085537 lr=0.000094641 base_val_bce=0.604317 base_best=N base_cls_epoch=47 epoch_seconds=3.9 task_elapsed_minutes=0.4 gpu_alloc_gb=0.317 gpu_reserved_gb=2.008
[SSL] repeat=0 scope=internal_cv fold=2 epoch=7/50 ssl_loss=0.064399 lr=0.000108748 base_val_bce=0.598707 base_best=N base_cls_epoch=42 epoch_seconds=3.8 task_elapsed_minutes=0.5 gpu_alloc_gb=0.318 gpu_reserved_gb=1.744
[SSL] repeat=0 scope=internal_cv fold=2 epoch=8/50 ssl_loss=0.083441 lr=0.000122855 base_val_bce=0.606101 base_best=N base_cls_epoch=47 epoch_seconds=3.9 task_elapsed_minutes=0.5 gpu_alloc_gb=0.317 gpu_reserved_gb=2.008
CHECKPOINT_BEST repeat=0 scope=internal_cv fold=2 phase=ssl epoch=9 path=/data/adodas/VarCoNet-V2-main/xiaolunwen/experiment1b/checkpoints/worker_r0_best.pt
[SSL] repeat=0 scope=internal_cv fold=2 epoch=9/50 ssl_loss=0.070519 lr=0.000136962 base_val_bce=0.594497 base_best=Y base_cls_epoch=44 epoch_seconds=12.2 task_elapsed_minutes=0.6 gpu_alloc_gb=0.318 gpu_reserved_gb=1.744
CHECKPOINT_BEST repeat=0 scope=internal_cv fold=2 phase=ssl epoch=10 path=/data/adodas/VarCoNet-V2-main/xiaolunwen/experiment1b/checkpoints/worker_r0_best.pt
CHECKPOINT_LATEST repeat=0 scope=internal_cv fold=2 phase=ssl epoch=10 path=/data/adodas/VarCoNet-V2-main/xiaolunwen/experiment1b/checkpoints/worker_r0_latest.pt
[SSL] repeat=0 scope=internal_cv fold=2 epoch=10/50 ssl_loss=0.072106 lr=0.000136962 base_val_bce=0.590696 base_best=Y base_cls_epoch=50 epoch_seconds=6.3 task_elapsed_minutes=0.8 gpu_alloc_gb=0.317 gpu_reserved_gb=2.008
CHECKPOINT_BEST repeat=0 scope=internal_cv fold=2 phase=ssl epoch=11 path=/data/adodas/VarCoNet-V2-main/xiaolunwen/experiment1b/checkpoints/worker_r0_best.pt
[SSL] repeat=0 scope=internal_cv fold=2 epoch=11/50 ssl_loss=0.070885 lr=0.000136751 base_val_bce=0.584304 base_best=Y base_cls_epoch=44 epoch_seconds=6.1 task_elapsed_minutes=0.9 gpu_alloc_gb=0.318 gpu_reserved_gb=1.744
[SSL] repeat=0 scope=internal_cv fold=2 epoch=12/50 ssl_loss=0.051503 lr=0.000136119 base_val_bce=0.588537 base_best=N base_cls_epoch=41 epoch_seconds=3.8 task_elapsed_minutes=1.0 gpu_alloc_gb=0.317 gpu_reserved_gb=2.008
[SSL] repeat=0 scope=internal_cv fold=2 epoch=13/50 ssl_loss=0.056356 lr=0.000135070 base_val_bce=0.591852 base_best=N base_cls_epoch=47 epoch_seconds=3.8 task_elapsed_minutes=1.1 gpu_alloc_gb=0.318 gpu_reserved_gb=1.744
[SSL] repeat=0 scope=internal_cv fold=2 epoch=14/50 ssl_loss=0.055901 lr=0.000133610 base_val_bce=0.585403 base_best=N base_cls_epoch=48 epoch_seconds=3.7 task_elapsed_minutes=1.1 gpu_alloc_gb=0.317 gpu_reserved_gb=2.008
[SSL] repeat=0 scope=internal_cv fold=2 epoch=15/50 ssl_loss=0.068767 lr=0.000131749 base_val_bce=0.590813 base_best=N base_cls_epoch=51 epoch_seconds=3.7 task_elapsed_minutes=1.2 gpu_alloc_gb=0.318 gpu_reserved_gb=1.744
CHECKPOINT_BEST repeat=0 scope=internal_cv fold=2 phase=ssl epoch=16 path=/data/adodas/VarCoNet-V2-main/xiaolunwen/experiment1b/checkpoints/worker_r0_best.pt
[SSL] repeat=0 scope=internal_cv fold=2 epoch=16/50 ssl_loss=0.060500 lr=0.000129498 base_val_bce=0.573868 base_best=Y base_cls_epoch=55 epoch_seconds=4.0 task_elapsed_minutes=1.3 gpu_alloc_gb=0.317 gpu_reserved_gb=2.008
[SSL] repeat=0 scope=internal_cv fold=2 epoch=17/50 ssl_loss=0.050163 lr=0.000126870 base_val_bce=0.595492 base_best=N base_cls_epoch=51 epoch_seconds=3.8 task_elapsed_minutes=1.3 gpu_alloc_gb=0.318 gpu_reserved_gb=1.744
[SSL] repeat=0 scope=internal_cv fold=2 epoch=18/50 ssl_loss=0.051603 lr=0.000123883 base_val_bce=0.590161 base_best=N base_cls_epoch=43 epoch_seconds=3.8 task_elapsed_minutes=1.4 gpu_alloc_gb=0.317 gpu_reserved_gb=2.008
[SSL] repeat=0 scope=internal_cv fold=2 epoch=19/50 ssl_loss=0.048779 lr=0.000120554 base_val_bce=0.583160 base_best=N base_cls_epoch=55 epoch_seconds=3.6 task_elapsed_minutes=1.5 gpu_alloc_gb=0.318 gpu_reserved_gb=1.744
CHECKPOINT_LATEST repeat=0 scope=internal_cv fold=2 phase=ssl epoch=20 path=/data/adodas/VarCoNet-V2-main/xiaolunwen/experiment1b/checkpoints/worker_r0_latest.pt
[SSL] repeat=0 scope=internal_cv fold=2 epoch=20/50 ssl_loss=0.054941 lr=0.000116904 base_val_bce=0.575900 base_best=N base_cls_epoch=53 epoch_seconds=4.1 task_elapsed_minutes=1.5 gpu_alloc_gb=0.317 gpu_reserved_gb=2.008
CHECKPOINT_BEST repeat=0 scope=internal_cv fold=2 phase=ssl epoch=21 path=/data/adodas/VarCoNet-V2-main/xiaolunwen/experiment1b/checkpoints/worker_r0_best.pt
[SSL] repeat=0 scope=internal_cv fold=2 epoch=21/50 ssl_loss=0.063661 lr=0.000112956 base_val_bce=0.569133 base_best=Y base_cls_epoch=49 epoch_seconds=4.1 task_elapsed_minutes=1.6 gpu_alloc_gb=0.318 gpu_reserved_gb=1.744
[SSL] repeat=0 scope=internal_cv fold=2 epoch=22/50 ssl_loss=0.046283 lr=0.000108733 base_val_bce=0.587249 base_best=N base_cls_epoch=50 epoch_seconds=3.8 task_elapsed_minutes=1.7 gpu_alloc_gb=0.317 gpu_reserved_gb=2.008
[SSL] repeat=0 scope=internal_cv fold=2 epoch=23/50 ssl_loss=0.047499 lr=0.000104262 base_val_bce=0.579186 base_best=N base_cls_epoch=57 epoch_seconds=4.1 task_elapsed_minutes=1.7 gpu_alloc_gb=0.318 gpu_reserved_gb=1.744
[SSL] repeat=0 scope=internal_cv fold=2 epoch=24/50 ssl_loss=0.048406 lr=0.000099570 base_val_bce=0.576010 base_best=N base_cls_epoch=49 epoch_seconds=3.7 task_elapsed_minutes=1.8 gpu_alloc_gb=0.317 gpu_reserved_gb=2.008
[SSL] repeat=0 scope=internal_cv fold=2 epoch=25/50 ssl_loss=0.043835 lr=0.000094687 base_val_bce=0.584960 base_best=N base_cls_epoch=55 epoch_seconds=3.8 task_elapsed_minutes=1.8 gpu_alloc_gb=0.318 gpu_reserved_gb=1.744
[SSL] repeat=0 scope=internal_cv fold=2 epoch=26/50 ssl_loss=0.045207 lr=0.000089643 base_val_bce=0.582350 base_best=N base_cls_epoch=53 epoch_seconds=3.8 task_elapsed_minutes=1.9 gpu_alloc_gb=0.317 gpu_reserved_gb=2.008
[SSL] repeat=0 scope=internal_cv fold=2 epoch=27/50 ssl_loss=0.051749 lr=0.000084467 base_val_bce=0.578832 base_best=N base_cls_epoch=52 epoch_seconds=3.8 task_elapsed_minutes=2.0 gpu_alloc_gb=0.318 gpu_reserved_gb=1.744
[SSL] repeat=0 scope=internal_cv fold=2 epoch=28/50 ssl_loss=0.054534 lr=0.000079194 base_val_bce=0.585215 base_best=N base_cls_epoch=59 epoch_seconds=4.0 task_elapsed_minutes=2.0 gpu_alloc_gb=0.317 gpu_reserved_gb=2.008
[SSL] repeat=0 scope=internal_cv fold=2 epoch=29/50 ssl_loss=0.054090 lr=0.000073854 base_val_bce=0.581482 base_best=N base_cls_epoch=61 epoch_seconds=3.0 task_elapsed_minutes=2.1 gpu_alloc_gb=0.318 gpu_reserved_gb=1.744
CHECKPOINT_LATEST repeat=0 scope=internal_cv fold=2 phase=ssl epoch=30 path=/data/adodas/VarCoNet-V2-main/xiaolunwen/experiment1b/checkpoints/worker_r0_latest.pt
[SSL] repeat=0 scope=internal_cv fold=2 epoch=30/50 ssl_loss=0.047103 lr=0.000068481 base_val_bce=0.572164 base_best=N base_cls_epoch=51 epoch_seconds=6.3 task_elapsed_minutes=2.1 gpu_alloc_gb=0.317 gpu_reserved_gb=2.008
[SSL] repeat=0 scope=internal_cv fold=2 epoch=31/50 ssl_loss=0.049050 lr=0.000063108 base_val_bce=0.585863 base_best=N base_cls_epoch=54 epoch_seconds=3.7 task_elapsed_minutes=2.3 gpu_alloc_gb=0.318 gpu_reserved_gb=1.744
[SSL] repeat=0 scope=internal_cv fold=2 epoch=32/50 ssl_loss=0.046127 lr=0.000057768 base_val_bce=0.578135 base_best=N base_cls_epoch=55 epoch_seconds=3.8 task_elapsed_minutes=2.3 gpu_alloc_gb=0.317 gpu_reserved_gb=2.008
[SSL] repeat=0 scope=internal_cv fold=2 epoch=33/50 ssl_loss=0.054047 lr=0.000052494 base_val_bce=0.581387 base_best=N base_cls_epoch=59 epoch_seconds=3.9 task_elapsed_minutes=2.4 gpu_alloc_gb=0.318 gpu_reserved_gb=1.744
[SSL] repeat=0 scope=internal_cv fold=2 epoch=34/50 ssl_loss=0.036453 lr=0.000047319 base_val_bce=0.578643 base_best=N base_cls_epoch=60 epoch_seconds=6.9 task_elapsed_minutes=2.5 gpu_alloc_gb=0.317 gpu_reserved_gb=2.008
[SSL] repeat=0 scope=internal_cv fold=2 epoch=35/50 ssl_loss=0.043433 lr=0.000042274 base_val_bce=0.577472 base_best=N base_cls_epoch=60 epoch_seconds=4.5 task_elapsed_minutes=2.6 gpu_alloc_gb=0.318 gpu_reserved_gb=1.744
CHECKPOINT_BEST repeat=0 scope=internal_cv fold=2 phase=ssl epoch=36 path=/data/adodas/VarCoNet-V2-main/xiaolunwen/experiment1b/checkpoints/worker_r0_best.pt
[SSL] repeat=0 scope=internal_cv fold=2 epoch=36/50 ssl_loss=0.045374 lr=0.000037391 base_val_bce=0.568766 base_best=Y base_cls_epoch=59 epoch_seconds=6.5 task_elapsed_minutes=2.6 gpu_alloc_gb=0.317 gpu_reserved_gb=2.008
[SSL] repeat=0 scope=internal_cv fold=2 epoch=37/50 ssl_loss=0.031331 lr=0.000032700 base_val_bce=0.577783 base_best=N base_cls_epoch=58 epoch_seconds=3.3 task_elapsed_minutes=2.7 gpu_alloc_gb=0.318 gpu_reserved_gb=1.744
[SSL] repeat=0 scope=internal_cv fold=2 epoch=38/50 ssl_loss=0.052432 lr=0.000028229 base_val_bce=0.584950 base_best=N base_cls_epoch=57 epoch_seconds=3.8 task_elapsed_minutes=2.8 gpu_alloc_gb=0.317 gpu_reserved_gb=2.008
[SSL] repeat=0 scope=internal_cv fold=2 epoch=39/50 ssl_loss=0.047295 lr=0.000024006 base_val_bce=0.574553 base_best=N base_cls_epoch=57 epoch_seconds=3.3 task_elapsed_minutes=2.9 gpu_alloc_gb=0.318 gpu_reserved_gb=1.744
CHECKPOINT_BEST repeat=0 scope=internal_cv fold=2 phase=ssl epoch=40 path=/data/adodas/VarCoNet-V2-main/xiaolunwen/experiment1b/checkpoints/worker_r0_best.pt
CHECKPOINT_LATEST repeat=0 scope=internal_cv fold=2 phase=ssl epoch=40 path=/data/adodas/VarCoNet-V2-main/xiaolunwen/experiment1b/checkpoints/worker_r0_latest.pt
[SSL] repeat=0 scope=internal_cv fold=2 epoch=40/50 ssl_loss=0.039983 lr=0.000020058 base_val_bce=0.567823 base_best=Y base_cls_epoch=64 epoch_seconds=13.0 task_elapsed_minutes=2.9 gpu_alloc_gb=0.317 gpu_reserved_gb=2.008
[SSL] repeat=0 scope=internal_cv fold=2 epoch=41/50 ssl_loss=0.051061 lr=0.000016408 base_val_bce=0.570379 base_best=N base_cls_epoch=57 epoch_seconds=3.9 task_elapsed_minutes=3.1 gpu_alloc_gb=0.318 gpu_reserved_gb=1.744
[SSL] repeat=0 scope=internal_cv fold=2 epoch=42/50 ssl_loss=0.053354 lr=0.000013079 base_val_bce=0.583755 base_best=N base_cls_epoch=61 epoch_seconds=3.9 task_elapsed_minutes=3.2 gpu_alloc_gb=0.317 gpu_reserved_gb=2.008
[SSL] repeat=0 scope=internal_cv fold=2 epoch=43/50 ssl_loss=0.044536 lr=0.000010091 base_val_bce=0.575391 base_best=N base_cls_epoch=56 epoch_seconds=3.3 task_elapsed_minutes=3.3 gpu_alloc_gb=0.318 gpu_reserved_gb=1.744
[SSL] repeat=0 scope=internal_cv fold=2 epoch=44/50 ssl_loss=0.055229 lr=0.000007464 base_val_bce=0.575850 base_best=N base_cls_epoch=60 epoch_seconds=3.3 task_elapsed_minutes=3.3 gpu_alloc_gb=0.317 gpu_reserved_gb=2.008
[SSL] repeat=0 scope=internal_cv fold=2 epoch=45/50 ssl_loss=0.043529 lr=0.000005213 base_val_bce=0.579452 base_best=N base_cls_epoch=52 epoch_seconds=3.5 task_elapsed_minutes=3.4 gpu_alloc_gb=0.318 gpu_reserved_gb=1.744
[SSL] repeat=0 scope=internal_cv fold=2 epoch=46/50 ssl_loss=0.037741 lr=0.000003352 base_val_bce=0.572736 base_best=N base_cls_epoch=54 epoch_seconds=3.7 task_elapsed_minutes=3.4 gpu_alloc_gb=0.317 gpu_reserved_gb=2.008
[SSL] repeat=0 scope=internal_cv fold=2 epoch=47/50 ssl_loss=0.051631 lr=0.000001892 base_val_bce=0.583594 base_best=N base_cls_epoch=61 epoch_seconds=5.0 task_elapsed_minutes=3.5 gpu_alloc_gb=0.318 gpu_reserved_gb=1.744
[SSL] repeat=0 scope=internal_cv fold=2 epoch=48/50 ssl_loss=0.049988 lr=0.000000843 base_val_bce=0.580558 base_best=N base_cls_epoch=61 epoch_seconds=2.7 task_elapsed_minutes=3.6 gpu_alloc_gb=0.317 gpu_reserved_gb=2.008
[SSL] repeat=0 scope=internal_cv fold=2 epoch=49/50 ssl_loss=0.047111 lr=0.000000211 base_val_bce=0.581701 base_best=N base_cls_epoch=59 epoch_seconds=2.6 task_elapsed_minutes=3.6 gpu_alloc_gb=0.318 gpu_reserved_gb=1.744
CHECKPOINT_LATEST repeat=0 scope=internal_cv fold=2 phase=ssl epoch=50 path=/data/adodas/VarCoNet-V2-main/xiaolunwen/experiment1b/checkpoints/worker_r0_latest.pt
[SSL] repeat=0 scope=internal_cv fold=2 epoch=50/50 ssl_loss=0.041507 lr=0.000000000 base_val_bce=0.570214 base_best=N base_cls_epoch=56 epoch_seconds=3.2 task_elapsed_minutes=3.6 gpu_alloc_gb=0.317 gpu_reserved_gb=2.008
CRSM_INIT repeat=0 scope=internal_cv fold=2 n_experts=2 tau=1.0 trainable_parameters=147074 hc_centroid_norm=23.860329 pca_unit_norm=1.00000000 pca_singular=137.360718 sigma_margin=1.987516 sigma_projection=6.262929 ratio=0.0100 scale=0.00317346025 epoch0_val_bce=0.567819
CHECKPOINT_LATEST repeat=0 scope=internal_cv fold=2 phase=crsm epoch=0 path=/data/adodas/VarCoNet-V2-main/xiaolunwen/experiment1b/checkpoints/worker_r0_latest.pt
CHECKPOINT_BEST repeat=0 scope=internal_cv fold=2 phase=crsm epoch=0 path=/data/adodas/VarCoNet-V2-main/xiaolunwen/experiment1b/checkpoints/worker_r0_best.pt
CHECKPOINT_LATEST repeat=0 scope=internal_cv fold=2 phase=crsm epoch=10 path=/data/adodas/VarCoNet-V2-main/xiaolunwen/experiment1b/checkpoints/worker_r0_latest.pt
[CRSM] repeat=0 scope=internal_cv fold=2 epoch=10/149 train_loss=0.132749 val_bce=0.572386 best=N best_epoch=0 mass=(0.5041,0.4959) hard=(0.5371,0.4629) entropy=0.692757 delta_l2=(0.131067,0.129670) delta_cos=0.987007 epoch_seconds=0.58
CHECKPOINT_LATEST repeat=0 scope=internal_cv fold=2 phase=crsm epoch=20 path=/data/adodas/VarCoNet-V2-main/xiaolunwen/experiment1b/checkpoints/worker_r0_latest.pt
[CRSM] repeat=0 scope=internal_cv fold=2 epoch=20/149 train_loss=0.116145 val_bce=0.581446 best=N best_epoch=0 mass=(0.5055,0.4945) hard=(0.5119,0.4881) entropy=0.692261 delta_l2=(0.250184,0.248933) delta_cos=0.988077 epoch_seconds=0.43
CHECKPOINT_LATEST repeat=0 scope=internal_cv fold=2 phase=crsm epoch=30 path=/data/adodas/VarCoNet-V2-main/xiaolunwen/experiment1b/checkpoints/worker_r0_latest.pt
[CRSM] repeat=0 scope=internal_cv fold=2 epoch=30/149 train_loss=0.104285 val_bce=0.592481 best=N best_epoch=0 mass=(0.5076,0.4924) hard=(0.4896,0.5104) entropy=0.691036 delta_l2=(0.358046,0.356752) delta_cos=0.985375 epoch_seconds=0.39
CHECKPOINT_LATEST repeat=0 scope=internal_cv fold=2 phase=crsm epoch=40 path=/data/adodas/VarCoNet-V2-main/xiaolunwen/experiment1b/checkpoints/worker_r0_latest.pt
[CRSM] repeat=0 scope=internal_cv fold=2 epoch=40/149 train_loss=0.095690 val_bce=0.604567 best=N best_epoch=0 mass=(0.5107,0.4893) hard=(0.4703,0.5297) entropy=0.688132 delta_l2=(0.455032,0.453451) delta_cos=0.979070 epoch_seconds=0.32
CHECKPOINT_LATEST repeat=0 scope=internal_cv fold=2 phase=crsm epoch=50 path=/data/adodas/VarCoNet-V2-main/xiaolunwen/experiment1b/checkpoints/worker_r0_latest.pt
[CRSM] repeat=0 scope=internal_cv fold=2 epoch=50/149 train_loss=0.089359 val_bce=0.617328 best=N best_epoch=0 mass=(0.5144,0.4856) hard=(0.4629,0.5371) entropy=0.682255 delta_l2=(0.542049,0.539911) delta_cos=0.967908 epoch_seconds=0.31
CHECKPOINT_LATEST repeat=0 scope=internal_cv fold=2 phase=crsm epoch=60 path=/data/adodas/VarCoNet-V2-main/xiaolunwen/experiment1b/checkpoints/worker_r0_latest.pt
[CRSM] repeat=0 scope=internal_cv fold=2 epoch=60/149 train_loss=0.084594 val_bce=0.630577 best=N best_epoch=0 mass=(0.5179,0.4821) hard=(0.4629,0.5371) entropy=0.672557 delta_l2=(0.620127,0.617391) delta_cos=0.950588 epoch_seconds=0.32
CHECKPOINT_LATEST repeat=0 scope=internal_cv fold=2 phase=crsm epoch=70 path=/data/adodas/VarCoNet-V2-main/xiaolunwen/experiment1b/checkpoints/worker_r0_latest.pt
[CRSM] repeat=0 scope=internal_cv fold=2 epoch=70/149 train_loss=0.080923 val_bce=0.643973 best=N best_epoch=0 mass=(0.5204,0.4796) hard=(0.4599,0.5401) entropy=0.659312 delta_l2=(0.690255,0.687427) delta_cos=0.926785 epoch_seconds=0.31
CHECKPOINT_LATEST repeat=0 scope=internal_cv fold=2 phase=crsm epoch=80 path=/data/adodas/VarCoNet-V2-main/xiaolunwen/experiment1b/checkpoints/worker_r0_latest.pt
[CRSM] repeat=0 scope=internal_cv fold=2 epoch=80/149 train_loss=0.078034 val_bce=0.657413 best=N best_epoch=0 mass=(0.5216,0.4784) hard=(0.4659,0.5341) entropy=0.643617 delta_l2=(0.753315,0.751507) delta_cos=0.897584 epoch_seconds=0.30
CHECKPOINT_LATEST repeat=0 scope=internal_cv fold=2 phase=crsm epoch=90 path=/data/adodas/VarCoNet-V2-main/xiaolunwen/experiment1b/checkpoints/worker_r0_latest.pt
[CRSM] repeat=0 scope=internal_cv fold=2 epoch=90/149 train_loss=0.075727 val_bce=0.670738 best=N best_epoch=0 mass=(0.5218,0.4782) hard=(0.4718,0.5282) entropy=0.626664 delta_l2=(0.810167,0.810789) delta_cos=0.864961 epoch_seconds=0.50
CHECKPOINT_LATEST repeat=0 scope=internal_cv fold=2 phase=crsm epoch=100 path=/data/adodas/VarCoNet-V2-main/xiaolunwen/experiment1b/checkpoints/worker_r0_latest.pt
[CRSM] repeat=0 scope=internal_cv fold=2 epoch=100/149 train_loss=0.073868 val_bce=0.683789 best=N best_epoch=0 mass=(0.5214,0.4786) hard=(0.4688,0.5312) entropy=0.609435 delta_l2=(0.861647,0.865988) delta_cos=0.830992 epoch_seconds=0.52
CHECKPOINT_LATEST repeat=0 scope=internal_cv fold=2 phase=crsm epoch=110 path=/data/adodas/VarCoNet-V2-main/xiaolunwen/experiment1b/checkpoints/worker_r0_latest.pt
[CRSM] repeat=0 scope=internal_cv fold=2 epoch=110/149 train_loss=0.072361 val_bce=0.696490 best=N best_epoch=0 mass=(0.5207,0.4793) hard=(0.4733,0.5267) entropy=0.592641 delta_l2=(0.908499,0.917491) delta_cos=0.797315 epoch_seconds=0.57
CHECKPOINT_LATEST repeat=0 scope=internal_cv fold=2 phase=crsm epoch=120 path=/data/adodas/VarCoNet-V2-main/xiaolunwen/experiment1b/checkpoints/worker_r0_latest.pt
[CRSM] repeat=0 scope=internal_cv fold=2 epoch=120/149 train_loss=0.071130 val_bce=0.708756 best=N best_epoch=0 mass=(0.5200,0.4800) hard=(0.4733,0.5267) entropy=0.576720 delta_l2=(0.951366,0.965537) delta_cos=0.764975 epoch_seconds=0.30
CHECKPOINT_LATEST repeat=0 scope=internal_cv fold=2 phase=crsm epoch=130 path=/data/adodas/VarCoNet-V2-main/xiaolunwen/experiment1b/checkpoints/worker_r0_latest.pt
[CRSM] repeat=0 scope=internal_cv fold=2 epoch=130/149 train_loss=0.070120 val_bce=0.720528 best=N best_epoch=0 mass=(0.5193,0.4807) hard=(0.4822,0.5178) entropy=0.561919 delta_l2=(0.990794,1.010325) delta_cos=0.734527 epoch_seconds=0.23
CHECKPOINT_LATEST repeat=0 scope=internal_cv fold=2 phase=crsm epoch=140 path=/data/adodas/VarCoNet-V2-main/xiaolunwen/experiment1b/checkpoints/worker_r0_latest.pt
[CRSM] repeat=0 scope=internal_cv fold=2 epoch=140/149 train_loss=0.069283 val_bce=0.731766 best=N best_epoch=0 mass=(0.5186,0.4814) hard=(0.4881,0.5119) entropy=0.548336 delta_l2=(1.027237,1.052074) delta_cos=0.706197 epoch_seconds=0.44
TASK_TRAINING_DONE repeat=0 scope=internal_cv fold=2 base_encoder_epoch=40 base_classifier_epoch=64 base_val_bce=0.567823 selected_crsm_epoch=0 crsm_val_bce=0.567819 treatment_threshold=0.515791 elapsed_minutes=3.8
TASK_DONE repeat=0 scope=internal_fold fold=2 method=baseline selected_encoder_epoch=40 test_auc=0.770704 test_bce=0.592375 elapsed_minutes=3.8
TASK_DONE repeat=0 scope=internal_fold fold=2 method=control_referenced_soft_multiboundary selected_encoder_epoch=40 test_auc=0.770704 test_bce=0.592399 elapsed_minutes=3.8
[MONITOR] durable progress mirror created; worker stdout uses detailed [SSL]/[CRSM] fields and rolling checkpoints.
TASK_START repeat=0 scope=internal_cv fold=3 seed=100003 device=cuda:0 shared_encoder=Y reference_unique_n=674 train_n=750 val_n=120
CHECKPOINT_BEST repeat=0 scope=internal_cv fold=3 phase=ssl epoch=1 path=/data/adodas/VarCoNet-V2-main/xiaolunwen/experiment1b/checkpoints/worker_r0_best.pt
[SSL] repeat=0 scope=internal_cv fold=3 epoch=1/50 ssl_loss=0.132398 lr=0.000024107 base_val_bce=0.582709 base_best=Y base_cls_epoch=43 epoch_seconds=4.2 task_elapsed_minutes=0.1 gpu_alloc_gb=0.318 gpu_reserved_gb=1.744
[SSL] repeat=0 scope=internal_cv fold=3 epoch=2/50 ssl_loss=0.083180 lr=0.000038214 base_val_bce=0.586723 base_best=N base_cls_epoch=33 epoch_seconds=3.8 task_elapsed_minutes=0.1 gpu_alloc_gb=0.317 gpu_reserved_gb=2.008
CHECKPOINT_BEST repeat=0 scope=internal_cv fold=3 phase=ssl epoch=3 path=/data/adodas/VarCoNet-V2-main/xiaolunwen/experiment1b/checkpoints/worker_r0_best.pt
[SSL] repeat=0 scope=internal_cv fold=3 epoch=3/50 ssl_loss=0.102505 lr=0.000052321 base_val_bce=0.570477 base_best=Y base_cls_epoch=44 epoch_seconds=4.4 task_elapsed_minutes=0.2 gpu_alloc_gb=0.318 gpu_reserved_gb=1.744
CHECKPOINT_BEST repeat=0 scope=internal_cv fold=3 phase=ssl epoch=4 path=/data/adodas/VarCoNet-V2-main/xiaolunwen/experiment1b/checkpoints/worker_r0_best.pt
[SSL] repeat=0 scope=internal_cv fold=3 epoch=4/50 ssl_loss=0.103905 lr=0.000066427 base_val_bce=0.569836 base_best=Y base_cls_epoch=33 epoch_seconds=4.2 task_elapsed_minutes=0.3 gpu_alloc_gb=0.317 gpu_reserved_gb=2.008
[SSL] repeat=0 scope=internal_cv fold=3 epoch=5/50 ssl_loss=0.089772 lr=0.000080534 base_val_bce=0.576213 base_best=N base_cls_epoch=31 epoch_seconds=3.8 task_elapsed_minutes=0.3 gpu_alloc_gb=0.318 gpu_reserved_gb=1.744
[SSL] repeat=0 scope=internal_cv fold=3 epoch=6/50 ssl_loss=0.093219 lr=0.000094641 base_val_bce=0.575743 base_best=N base_cls_epoch=27 epoch_seconds=3.8 task_elapsed_minutes=0.4 gpu_alloc_gb=0.317 gpu_reserved_gb=2.008
[SSL] repeat=0 scope=internal_cv fold=3 epoch=7/50 ssl_loss=0.097040 lr=0.000108748 base_val_bce=0.572867 base_best=N base_cls_epoch=33 epoch_seconds=3.8 task_elapsed_minutes=0.5 gpu_alloc_gb=0.318 gpu_reserved_gb=1.744
CHECKPOINT_BEST repeat=0 scope=internal_cv fold=3 phase=ssl epoch=8 path=/data/adodas/VarCoNet-V2-main/xiaolunwen/experiment1b/checkpoints/worker_r0_best.pt
[SSL] repeat=0 scope=internal_cv fold=3 epoch=8/50 ssl_loss=0.072769 lr=0.000122855 base_val_bce=0.567787 base_best=Y base_cls_epoch=37 epoch_seconds=4.3 task_elapsed_minutes=0.5 gpu_alloc_gb=0.317 gpu_reserved_gb=2.008
[SSL] repeat=0 scope=internal_cv fold=3 epoch=9/50 ssl_loss=0.076909 lr=0.000136962 base_val_bce=0.571234 base_best=N base_cls_epoch=29 epoch_seconds=4.0 task_elapsed_minutes=0.6 gpu_alloc_gb=0.318 gpu_reserved_gb=1.744
CHECKPOINT_LATEST repeat=0 scope=internal_cv fold=3 phase=ssl epoch=10 path=/data/adodas/VarCoNet-V2-main/xiaolunwen/experiment1b/checkpoints/worker_r0_latest.pt
[SSL] repeat=0 scope=internal_cv fold=3 epoch=10/50 ssl_loss=0.068841 lr=0.000136962 base_val_bce=0.571706 base_best=N base_cls_epoch=35 epoch_seconds=4.0 task_elapsed_minutes=0.7 gpu_alloc_gb=0.317 gpu_reserved_gb=2.008
[SSL] repeat=0 scope=internal_cv fold=3 epoch=11/50 ssl_loss=0.045763 lr=0.000136751 base_val_bce=0.585316 base_best=N base_cls_epoch=35 epoch_seconds=7.1 task_elapsed_minutes=0.8 gpu_alloc_gb=0.318 gpu_reserved_gb=1.744
[SSL] repeat=0 scope=internal_cv fold=3 epoch=12/50 ssl_loss=0.055749 lr=0.000136119 base_val_bce=0.575713 base_best=N base_cls_epoch=33 epoch_seconds=2.3 task_elapsed_minutes=0.8 gpu_alloc_gb=0.317 gpu_reserved_gb=2.008
[SSL] repeat=0 scope=internal_cv fold=3 epoch=13/50 ssl_loss=0.056006 lr=0.000135070 base_val_bce=0.579961 base_best=N base_cls_epoch=37 epoch_seconds=2.9 task_elapsed_minutes=0.9 gpu_alloc_gb=0.318 gpu_reserved_gb=1.744
[SSL] repeat=0 scope=internal_cv fold=3 epoch=14/50 ssl_loss=0.039155 lr=0.000133610 base_val_bce=0.585826 base_best=N base_cls_epoch=37 epoch_seconds=3.5 task_elapsed_minutes=0.9 gpu_alloc_gb=0.317 gpu_reserved_gb=2.008
[SSL] repeat=0 scope=internal_cv fold=3 epoch=15/50 ssl_loss=0.055319 lr=0.000131749 base_val_bce=0.572920 base_best=N base_cls_epoch=34 epoch_seconds=3.6 task_elapsed_minutes=1.0 gpu_alloc_gb=0.318 gpu_reserved_gb=1.744
[SSL] repeat=0 scope=internal_cv fold=3 epoch=16/50 ssl_loss=0.058563 lr=0.000129498 base_val_bce=0.572340 base_best=N base_cls_epoch=37 epoch_seconds=3.6 task_elapsed_minutes=1.1 gpu_alloc_gb=0.317 gpu_reserved_gb=2.008
[SSL] repeat=0 scope=internal_cv fold=3 epoch=17/50 ssl_loss=0.052903 lr=0.000126870 base_val_bce=0.577162 base_best=N base_cls_epoch=35 epoch_seconds=3.8 task_elapsed_minutes=1.1 gpu_alloc_gb=0.318 gpu_reserved_gb=1.744
[SSL] repeat=0 scope=internal_cv fold=3 epoch=18/50 ssl_loss=0.038445 lr=0.000123883 base_val_bce=0.572754 base_best=N base_cls_epoch=36 epoch_seconds=3.6 task_elapsed_minutes=1.2 gpu_alloc_gb=0.317 gpu_reserved_gb=2.008
[SSL] repeat=0 scope=internal_cv fold=3 epoch=19/50 ssl_loss=0.044332 lr=0.000120554 base_val_bce=0.570161 base_best=N base_cls_epoch=43 epoch_seconds=6.8 task_elapsed_minutes=1.3 gpu_alloc_gb=0.318 gpu_reserved_gb=1.744
CHECKPOINT_LATEST repeat=0 scope=internal_cv fold=3 phase=ssl epoch=20 path=/data/adodas/VarCoNet-V2-main/xiaolunwen/experiment1b/checkpoints/worker_r0_latest.pt
[SSL] repeat=0 scope=internal_cv fold=3 epoch=20/50 ssl_loss=0.040500 lr=0.000116904 base_val_bce=0.581544 base_best=N base_cls_epoch=40 epoch_seconds=10.3 task_elapsed_minutes=1.4 gpu_alloc_gb=0.317 gpu_reserved_gb=2.008
[SSL] repeat=0 scope=internal_cv fold=3 epoch=21/50 ssl_loss=0.043280 lr=0.000112956 base_val_bce=0.580462 base_best=N base_cls_epoch=34 epoch_seconds=3.8 task_elapsed_minutes=1.5 gpu_alloc_gb=0.318 gpu_reserved_gb=1.744
[SSL] repeat=0 scope=internal_cv fold=3 epoch=22/50 ssl_loss=0.053074 lr=0.000108733 base_val_bce=0.572186 base_best=N base_cls_epoch=44 epoch_seconds=4.1 task_elapsed_minutes=1.6 gpu_alloc_gb=0.317 gpu_reserved_gb=2.008
[SSL] repeat=0 scope=internal_cv fold=3 epoch=23/50 ssl_loss=0.048171 lr=0.000104262 base_val_bce=0.572062 base_best=N base_cls_epoch=41 epoch_seconds=3.9 task_elapsed_minutes=1.7 gpu_alloc_gb=0.318 gpu_reserved_gb=1.744
[SSL] repeat=0 scope=internal_cv fold=3 epoch=24/50 ssl_loss=0.045980 lr=0.000099570 base_val_bce=0.569443 base_best=N base_cls_epoch=43 epoch_seconds=3.9 task_elapsed_minutes=1.7 gpu_alloc_gb=0.317 gpu_reserved_gb=2.008
[SSL] repeat=0 scope=internal_cv fold=3 epoch=25/50 ssl_loss=0.046457 lr=0.000094687 base_val_bce=0.581539 base_best=N base_cls_epoch=40 epoch_seconds=4.0 task_elapsed_minutes=1.8 gpu_alloc_gb=0.318 gpu_reserved_gb=1.744
[SSL] repeat=0 scope=internal_cv fold=3 epoch=26/50 ssl_loss=0.031321 lr=0.000089643 base_val_bce=0.581017 base_best=N base_cls_epoch=36 epoch_seconds=3.7 task_elapsed_minutes=1.9 gpu_alloc_gb=0.317 gpu_reserved_gb=2.008
[SSL] repeat=0 scope=internal_cv fold=3 epoch=27/50 ssl_loss=0.044009 lr=0.000084467 base_val_bce=0.571502 base_best=N base_cls_epoch=37 epoch_seconds=3.9 task_elapsed_minutes=1.9 gpu_alloc_gb=0.318 gpu_reserved_gb=1.744
[SSL] repeat=0 scope=internal_cv fold=3 epoch=28/50 ssl_loss=0.048398 lr=0.000079194 base_val_bce=0.578580 base_best=N base_cls_epoch=41 epoch_seconds=3.8 task_elapsed_minutes=2.0 gpu_alloc_gb=0.317 gpu_reserved_gb=2.008
[SSL] repeat=0 scope=internal_cv fold=3 epoch=29/50 ssl_loss=0.032820 lr=0.000073854 base_val_bce=0.570924 base_best=N base_cls_epoch=42 epoch_seconds=3.8 task_elapsed_minutes=2.1 gpu_alloc_gb=0.318 gpu_reserved_gb=1.744
CHECKPOINT_LATEST repeat=0 scope=internal_cv fold=3 phase=ssl epoch=30 path=/data/adodas/VarCoNet-V2-main/xiaolunwen/experiment1b/checkpoints/worker_r0_latest.pt
[SSL] repeat=0 scope=internal_cv fold=3 epoch=30/50 ssl_loss=0.039651 lr=0.000068481 base_val_bce=0.573312 base_best=N base_cls_epoch=40 epoch_seconds=4.0 task_elapsed_minutes=2.1 gpu_alloc_gb=0.317 gpu_reserved_gb=2.008
[SSL] repeat=0 scope=internal_cv fold=3 epoch=31/50 ssl_loss=0.034871 lr=0.000063108 base_val_bce=0.572997 base_best=N base_cls_epoch=41 epoch_seconds=3.9 task_elapsed_minutes=2.2 gpu_alloc_gb=0.318 gpu_reserved_gb=1.744
[SSL] repeat=0 scope=internal_cv fold=3 epoch=32/50 ssl_loss=0.036316 lr=0.000057768 base_val_bce=0.586536 base_best=N base_cls_epoch=39 epoch_seconds=3.8 task_elapsed_minutes=2.2 gpu_alloc_gb=0.317 gpu_reserved_gb=2.008
[SSL] repeat=0 scope=internal_cv fold=3 epoch=33/50 ssl_loss=0.030441 lr=0.000052494 base_val_bce=0.582872 base_best=N base_cls_epoch=37 epoch_seconds=3.7 task_elapsed_minutes=2.3 gpu_alloc_gb=0.318 gpu_reserved_gb=1.744
[SSL] repeat=0 scope=internal_cv fold=3 epoch=34/50 ssl_loss=0.030148 lr=0.000047319 base_val_bce=0.570851 base_best=N base_cls_epoch=41 epoch_seconds=3.7 task_elapsed_minutes=2.4 gpu_alloc_gb=0.317 gpu_reserved_gb=2.008
[SSL] repeat=0 scope=internal_cv fold=3 epoch=35/50 ssl_loss=0.041220 lr=0.000042274 base_val_bce=0.570105 base_best=N base_cls_epoch=43 epoch_seconds=3.7 task_elapsed_minutes=2.4 gpu_alloc_gb=0.318 gpu_reserved_gb=1.744
CHECKPOINT_BEST repeat=0 scope=internal_cv fold=3 phase=ssl epoch=36 path=/data/adodas/VarCoNet-V2-main/xiaolunwen/experiment1b/checkpoints/worker_r0_best.pt
[SSL] repeat=0 scope=internal_cv fold=3 epoch=36/50 ssl_loss=0.037097 lr=0.000037391 base_val_bce=0.562351 base_best=Y base_cls_epoch=48 epoch_seconds=4.3 task_elapsed_minutes=2.5 gpu_alloc_gb=0.317 gpu_reserved_gb=2.008
[SSL] repeat=0 scope=internal_cv fold=3 epoch=37/50 ssl_loss=0.048423 lr=0.000032700 base_val_bce=0.573125 base_best=N base_cls_epoch=47 epoch_seconds=3.9 task_elapsed_minutes=2.6 gpu_alloc_gb=0.318 gpu_reserved_gb=1.744
[SSL] repeat=0 scope=internal_cv fold=3 epoch=38/50 ssl_loss=0.035581 lr=0.000028229 base_val_bce=0.571097 base_best=N base_cls_epoch=43 epoch_seconds=3.8 task_elapsed_minutes=2.6 gpu_alloc_gb=0.317 gpu_reserved_gb=2.008
[SSL] repeat=0 scope=internal_cv fold=3 epoch=39/50 ssl_loss=0.037319 lr=0.000024006 base_val_bce=0.566457 base_best=N base_cls_epoch=50 epoch_seconds=3.8 task_elapsed_minutes=2.7 gpu_alloc_gb=0.318 gpu_reserved_gb=1.744
CHECKPOINT_LATEST repeat=0 scope=internal_cv fold=3 phase=ssl epoch=40 path=/data/adodas/VarCoNet-V2-main/xiaolunwen/experiment1b/checkpoints/worker_r0_latest.pt
[SSL] repeat=0 scope=internal_cv fold=3 epoch=40/50 ssl_loss=0.040497 lr=0.000020058 base_val_bce=0.589181 base_best=N base_cls_epoch=42 epoch_seconds=7.2 task_elapsed_minutes=2.8 gpu_alloc_gb=0.317 gpu_reserved_gb=2.008
[SSL] repeat=0 scope=internal_cv fold=3 epoch=41/50 ssl_loss=0.042279 lr=0.000016408 base_val_bce=0.576157 base_best=N base_cls_epoch=40 epoch_seconds=5.8 task_elapsed_minutes=2.9 gpu_alloc_gb=0.318 gpu_reserved_gb=1.744
[SSL] repeat=0 scope=internal_cv fold=3 epoch=42/50 ssl_loss=0.038300 lr=0.000013079 base_val_bce=0.585229 base_best=N base_cls_epoch=41 epoch_seconds=2.6 task_elapsed_minutes=3.0 gpu_alloc_gb=0.317 gpu_reserved_gb=2.008
[SSL] repeat=0 scope=internal_cv fold=3 epoch=43/50 ssl_loss=0.043403 lr=0.000010091 base_val_bce=0.569742 base_best=N base_cls_epoch=45 epoch_seconds=2.7 task_elapsed_minutes=3.0 gpu_alloc_gb=0.318 gpu_reserved_gb=1.744
[SSL] repeat=0 scope=internal_cv fold=3 epoch=44/50 ssl_loss=0.056090 lr=0.000007464 base_val_bce=0.577929 base_best=N base_cls_epoch=44 epoch_seconds=2.8 task_elapsed_minutes=3.0 gpu_alloc_gb=0.317 gpu_reserved_gb=2.008
[SSL] repeat=0 scope=internal_cv fold=3 epoch=45/50 ssl_loss=0.037443 lr=0.000005213 base_val_bce=0.565155 base_best=N base_cls_epoch=45 epoch_seconds=2.6 task_elapsed_minutes=3.1 gpu_alloc_gb=0.318 gpu_reserved_gb=1.744
[SSL] repeat=0 scope=internal_cv fold=3 epoch=46/50 ssl_loss=0.034780 lr=0.000003352 base_val_bce=0.574172 base_best=N base_cls_epoch=48 epoch_seconds=2.5 task_elapsed_minutes=3.1 gpu_alloc_gb=0.317 gpu_reserved_gb=2.008
[SSL] repeat=0 scope=internal_cv fold=3 epoch=47/50 ssl_loss=0.034672 lr=0.000001892 base_val_bce=0.570719 base_best=N base_cls_epoch=42 epoch_seconds=3.2 task_elapsed_minutes=3.2 gpu_alloc_gb=0.318 gpu_reserved_gb=1.744
[SSL] repeat=0 scope=internal_cv fold=3 epoch=48/50 ssl_loss=0.043465 lr=0.000000843 base_val_bce=0.587056 base_best=N base_cls_epoch=41 epoch_seconds=3.0 task_elapsed_minutes=3.2 gpu_alloc_gb=0.317 gpu_reserved_gb=2.008
[SSL] repeat=0 scope=internal_cv fold=3 epoch=49/50 ssl_loss=0.040772 lr=0.000000211 base_val_bce=0.573771 base_best=N base_cls_epoch=39 epoch_seconds=3.3 task_elapsed_minutes=3.3 gpu_alloc_gb=0.318 gpu_reserved_gb=1.744
CHECKPOINT_LATEST repeat=0 scope=internal_cv fold=3 phase=ssl epoch=50 path=/data/adodas/VarCoNet-V2-main/xiaolunwen/experiment1b/checkpoints/worker_r0_latest.pt
[SSL] repeat=0 scope=internal_cv fold=3 epoch=50/50 ssl_loss=0.040817 lr=0.000000000 base_val_bce=0.568009 base_best=N base_cls_epoch=45 epoch_seconds=3.5 task_elapsed_minutes=3.3 gpu_alloc_gb=0.317 gpu_reserved_gb=2.008
CRSM_INIT repeat=0 scope=internal_cv fold=3 n_experts=2 tau=1.0 trainable_parameters=147074 hc_centroid_norm=23.177982 pca_unit_norm=1.00000000 pca_singular=159.584579 sigma_margin=1.816084 sigma_projection=8.420548 ratio=0.0100 scale=0.00215672934 epoch0_val_bce=0.562356
CHECKPOINT_LATEST repeat=0 scope=internal_cv fold=3 phase=crsm epoch=0 path=/data/adodas/VarCoNet-V2-main/xiaolunwen/experiment1b/checkpoints/worker_r0_latest.pt
CHECKPOINT_BEST repeat=0 scope=internal_cv fold=3 phase=crsm epoch=0 path=/data/adodas/VarCoNet-V2-main/xiaolunwen/experiment1b/checkpoints/worker_r0_best.pt
CHECKPOINT_LATEST repeat=0 scope=internal_cv fold=3 phase=crsm epoch=10 path=/data/adodas/VarCoNet-V2-main/xiaolunwen/experiment1b/checkpoints/worker_r0_latest.pt
[CRSM] repeat=0 scope=internal_cv fold=3 epoch=10/149 train_loss=0.148522 val_bce=0.575655 best=N best_epoch=0 mass=(0.5008,0.4992) hard=(0.3650,0.6350) entropy=0.692854 delta_l2=(0.129860,0.129773) delta_cos=0.990367 epoch_seconds=0.37
CHECKPOINT_LATEST repeat=0 scope=internal_cv fold=3 phase=crsm epoch=20 path=/data/adodas/VarCoNet-V2-main/xiaolunwen/experiment1b/checkpoints/worker_r0_latest.pt
[CRSM] repeat=0 scope=internal_cv fold=3 epoch=20/149 train_loss=0.128992 val_bce=0.594506 best=N best_epoch=0 mass=(0.5013,0.4987) hard=(0.3843,0.6157) entropy=0.692541 delta_l2=(0.247375,0.247324) delta_cos=0.991090 epoch_seconds=0.24
CHECKPOINT_LATEST repeat=0 scope=internal_cv fold=3 phase=crsm epoch=30 path=/data/adodas/VarCoNet-V2-main/xiaolunwen/experiment1b/checkpoints/worker_r0_latest.pt
[CRSM] repeat=0 scope=internal_cv fold=3 epoch=30/149 train_loss=0.115406 val_bce=0.613909 best=N best_epoch=0 mass=(0.5022,0.4978) hard=(0.4065,0.5935) entropy=0.691873 delta_l2=(0.352873,0.352853) delta_cos=0.989734 epoch_seconds=0.23
CHECKPOINT_LATEST repeat=0 scope=internal_cv fold=3 phase=crsm epoch=40 path=/data/adodas/VarCoNet-V2-main/xiaolunwen/experiment1b/checkpoints/worker_r0_latest.pt
[CRSM] repeat=0 scope=internal_cv fold=3 epoch=40/149 train_loss=0.105816 val_bce=0.632999 best=N best_epoch=0 mass=(0.5035,0.4965) hard=(0.4139,0.5861) entropy=0.690444 delta_l2=(0.446768,0.446849) delta_cos=0.986662 epoch_seconds=0.26
CHECKPOINT_LATEST repeat=0 scope=internal_cv fold=3 phase=crsm epoch=50 path=/data/adodas/VarCoNet-V2-main/xiaolunwen/experiment1b/checkpoints/worker_r0_latest.pt
[CRSM] repeat=0 scope=internal_cv fold=3 epoch=50/149 train_loss=0.098944 val_bce=0.651754 best=N best_epoch=0 mass=(0.5055,0.4945) hard=(0.4184,0.5816) entropy=0.687515 delta_l2=(0.530033,0.530278) delta_cos=0.981030 epoch_seconds=0.23
CHECKPOINT_LATEST repeat=0 scope=internal_cv fold=3 phase=crsm epoch=60 path=/data/adodas/VarCoNet-V2-main/xiaolunwen/experiment1b/checkpoints/worker_r0_latest.pt
[CRSM] repeat=0 scope=internal_cv fold=3 epoch=60/149 train_loss=0.093906 val_bce=0.669934 best=N best_epoch=0 mass=(0.5077,0.4923) hard=(0.4243,0.5757) entropy=0.682119 delta_l2=(0.603861,0.604380) delta_cos=0.971763 epoch_seconds=0.25
CHECKPOINT_LATEST repeat=0 scope=internal_cv fold=3 phase=crsm epoch=70 path=/data/adodas/VarCoNet-V2-main/xiaolunwen/experiment1b/checkpoints/worker_r0_latest.pt
[CRSM] repeat=0 scope=internal_cv fold=3 epoch=70/149 train_loss=0.090102 val_bce=0.687413 best=N best_epoch=0 mass=(0.5100,0.4900) hard=(0.4318,0.5682) entropy=0.673421 delta_l2=(0.669560,0.670653) delta_cos=0.957825 epoch_seconds=0.26
CHECKPOINT_LATEST repeat=0 scope=internal_cv fold=3 phase=crsm epoch=80 path=/data/adodas/VarCoNet-V2-main/xiaolunwen/experiment1b/checkpoints/worker_r0_latest.pt
[CRSM] repeat=0 scope=internal_cv fold=3 epoch=80/149 train_loss=0.087138 val_bce=0.704511 best=N best_epoch=0 mass=(0.5118,0.4882) hard=(0.4407,0.5593) entropy=0.661190 delta_l2=(0.728401,0.730653) delta_cos=0.938748 epoch_seconds=0.24
CHECKPOINT_LATEST repeat=0 scope=internal_cv fold=3 phase=crsm epoch=90 path=/data/adodas/VarCoNet-V2-main/xiaolunwen/experiment1b/checkpoints/worker_r0_latest.pt
[CRSM] repeat=0 scope=internal_cv fold=3 epoch=90/149 train_loss=0.084771 val_bce=0.721174 best=N best_epoch=0 mass=(0.5128,0.4872) hard=(0.4466,0.5534) entropy=0.646080 delta_l2=(0.781509,0.785725) delta_cos=0.914947 epoch_seconds=0.23
CHECKPOINT_LATEST repeat=0 scope=internal_cv fold=3 phase=crsm epoch=100 path=/data/adodas/VarCoNet-V2-main/xiaolunwen/experiment1b/checkpoints/worker_r0_latest.pt
[CRSM] repeat=0 scope=internal_cv fold=3 epoch=100/149 train_loss=0.082852 val_bce=0.737224 best=N best_epoch=0 mass=(0.5129,0.4871) hard=(0.4510,0.5490) entropy=0.629356 delta_l2=(0.829763,0.836825) delta_cos=0.887656 epoch_seconds=0.23
CHECKPOINT_LATEST repeat=0 scope=internal_cv fold=3 phase=crsm epoch=110 path=/data/adodas/VarCoNet-V2-main/xiaolunwen/experiment1b/checkpoints/worker_r0_latest.pt
[CRSM] repeat=0 scope=internal_cv fold=3 epoch=110/149 train_loss=0.081284 val_bce=0.752632 best=N best_epoch=0 mass=(0.5125,0.4875) hard=(0.4570,0.5430) entropy=0.612284 delta_l2=(0.873801,0.884535) delta_cos=0.858499 epoch_seconds=0.40
CHECKPOINT_LATEST repeat=0 scope=internal_cv fold=3 phase=crsm epoch=120 path=/data/adodas/VarCoNet-V2-main/xiaolunwen/experiment1b/checkpoints/worker_r0_latest.pt
[CRSM] repeat=0 scope=internal_cv fold=3 epoch=120/149 train_loss=0.079999 val_bce=0.767393 best=N best_epoch=0 mass=(0.5116,0.4884) hard=(0.4585,0.5415) entropy=0.595724 delta_l2=(0.914118,0.929192) delta_cos=0.828994 epoch_seconds=0.26
CHECKPOINT_LATEST repeat=0 scope=internal_cv fold=3 phase=crsm epoch=130 path=/data/adodas/VarCoNet-V2-main/xiaolunwen/experiment1b/checkpoints/worker_r0_latest.pt
[CRSM] repeat=0 scope=internal_cv fold=3 epoch=130/149 train_loss=0.078940 val_bce=0.781479 best=N best_epoch=0 mass=(0.5106,0.4894) hard=(0.4599,0.5401) entropy=0.580177 delta_l2=(0.951147,0.971012) delta_cos=0.800265 epoch_seconds=0.23
CHECKPOINT_LATEST repeat=0 scope=internal_cv fold=3 phase=crsm epoch=140 path=/data/adodas/VarCoNet-V2-main/xiaolunwen/experiment1b/checkpoints/worker_r0_latest.pt
[CRSM] repeat=0 scope=internal_cv fold=3 epoch=140/149 train_loss=0.078063 val_bce=0.794866 best=N best_epoch=0 mass=(0.5096,0.4904) hard=(0.4674,0.5326) entropy=0.565862 delta_l2=(0.985280,1.010176) delta_cos=0.772994 epoch_seconds=0.23
TASK_TRAINING_DONE repeat=0 scope=internal_cv fold=3 base_encoder_epoch=36 base_classifier_epoch=48 base_val_bce=0.562351 selected_crsm_epoch=0 crsm_val_bce=0.562356 treatment_threshold=0.344508 elapsed_minutes=3.5
TASK_DONE repeat=0 scope=internal_fold fold=3 method=baseline selected_encoder_epoch=36 test_auc=0.753623 test_bce=0.590073 elapsed_minutes=3.5
TASK_DONE repeat=0 scope=internal_fold fold=3 method=control_referenced_soft_multiboundary selected_encoder_epoch=36 test_auc=0.753623 test_bce=0.590082 elapsed_minutes=3.5
TASK_START repeat=0 scope=internal_cv fold=4 seed=100004 device=cuda:0 shared_encoder=Y reference_unique_n=674 train_n=750 val_n=120
CHECKPOINT_BEST repeat=0 scope=internal_cv fold=4 phase=ssl epoch=1 path=/data/adodas/VarCoNet-V2-main/xiaolunwen/experiment1b/checkpoints/worker_r0_best.pt
[SSL] repeat=0 scope=internal_cv fold=4 epoch=1/50 ssl_loss=0.177892 lr=0.000024107 base_val_bce=0.608893 base_best=Y base_cls_epoch=62 epoch_seconds=3.9 task_elapsed_minutes=0.1 gpu_alloc_gb=0.318 gpu_reserved_gb=1.744
[SSL] repeat=0 scope=internal_cv fold=4 epoch=2/50 ssl_loss=0.115273 lr=0.000038214 base_val_bce=0.609731 base_best=N base_cls_epoch=57 epoch_seconds=3.9 task_elapsed_minutes=0.1 gpu_alloc_gb=0.317 gpu_reserved_gb=2.008
CHECKPOINT_BEST repeat=0 scope=internal_cv fold=4 phase=ssl epoch=3 path=/data/adodas/VarCoNet-V2-main/xiaolunwen/experiment1b/checkpoints/worker_r0_best.pt
[SSL] repeat=0 scope=internal_cv fold=4 epoch=3/50 ssl_loss=0.097922 lr=0.000052321 base_val_bce=0.604505 base_best=Y base_cls_epoch=45 epoch_seconds=4.3 task_elapsed_minutes=0.2 gpu_alloc_gb=0.318 gpu_reserved_gb=1.744
CHECKPOINT_BEST repeat=0 scope=internal_cv fold=4 phase=ssl epoch=4 path=/data/adodas/VarCoNet-V2-main/xiaolunwen/experiment1b/checkpoints/worker_r0_best.pt
[SSL] repeat=0 scope=internal_cv fold=4 epoch=4/50 ssl_loss=0.072537 lr=0.000066427 base_val_bce=0.602049 base_best=Y base_cls_epoch=54 epoch_seconds=4.0 task_elapsed_minutes=0.3 gpu_alloc_gb=0.317 gpu_reserved_gb=2.008
CHECKPOINT_BEST repeat=0 scope=internal_cv fold=4 phase=ssl epoch=5 path=/data/adodas/VarCoNet-V2-main/xiaolunwen/experiment1b/checkpoints/worker_r0_best.pt
[SSL] repeat=0 scope=internal_cv fold=4 epoch=5/50 ssl_loss=0.099947 lr=0.000080534 base_val_bce=0.596183 base_best=Y base_cls_epoch=51 epoch_seconds=4.2 task_elapsed_minutes=0.3 gpu_alloc_gb=0.318 gpu_reserved_gb=1.744
CHECKPOINT_BEST repeat=0 scope=internal_cv fold=4 phase=ssl epoch=6 path=/data/adodas/VarCoNet-V2-main/xiaolunwen/experiment1b/checkpoints/worker_r0_best.pt
[SSL] repeat=0 scope=internal_cv fold=4 epoch=6/50 ssl_loss=0.082002 lr=0.000094641 base_val_bce=0.595609 base_best=Y base_cls_epoch=46 epoch_seconds=3.9 task_elapsed_minutes=0.4 gpu_alloc_gb=0.317 gpu_reserved_gb=2.008
[SSL] repeat=0 scope=internal_cv fold=4 epoch=7/50 ssl_loss=0.075023 lr=0.000108748 base_val_bce=0.598843 base_best=N base_cls_epoch=49 epoch_seconds=3.8 task_elapsed_minutes=0.5 gpu_alloc_gb=0.318 gpu_reserved_gb=1.744
CHECKPOINT_BEST repeat=0 scope=internal_cv fold=4 phase=ssl epoch=8 path=/data/adodas/VarCoNet-V2-main/xiaolunwen/experiment1b/checkpoints/worker_r0_best.pt
[SSL] repeat=0 scope=internal_cv fold=4 epoch=8/50 ssl_loss=0.052272 lr=0.000122855 base_val_bce=0.583647 base_best=Y base_cls_epoch=49 epoch_seconds=4.2 task_elapsed_minutes=0.5 gpu_alloc_gb=0.317 gpu_reserved_gb=2.008
[SSL] repeat=0 scope=internal_cv fold=4 epoch=9/50 ssl_loss=0.063403 lr=0.000136962 base_val_bce=0.593240 base_best=N base_cls_epoch=53 epoch_seconds=3.7 task_elapsed_minutes=0.6 gpu_alloc_gb=0.318 gpu_reserved_gb=1.744
CHECKPOINT_BEST repeat=0 scope=internal_cv fold=4 phase=ssl epoch=10 path=/data/adodas/VarCoNet-V2-main/xiaolunwen/experiment1b/checkpoints/worker_r0_best.pt
CHECKPOINT_LATEST repeat=0 scope=internal_cv fold=4 phase=ssl epoch=10 path=/data/adodas/VarCoNet-V2-main/xiaolunwen/experiment1b/checkpoints/worker_r0_latest.pt
[SSL] repeat=0 scope=internal_cv fold=4 epoch=10/50 ssl_loss=0.062311 lr=0.000136962 base_val_bce=0.571140 base_best=Y base_cls_epoch=48 epoch_seconds=4.5 task_elapsed_minutes=0.7 gpu_alloc_gb=0.317 gpu_reserved_gb=2.008
[SSL] repeat=0 scope=internal_cv fold=4 epoch=11/50 ssl_loss=0.053536 lr=0.000136751 base_val_bce=0.579205 base_best=N base_cls_epoch=45 epoch_seconds=3.8 task_elapsed_minutes=0.7 gpu_alloc_gb=0.318 gpu_reserved_gb=1.744
[SSL] repeat=0 scope=internal_cv fold=4 epoch=12/50 ssl_loss=0.068496 lr=0.000136119 base_val_bce=0.585157 base_best=N base_cls_epoch=49 epoch_seconds=4.0 task_elapsed_minutes=0.8 gpu_alloc_gb=0.317 gpu_reserved_gb=2.008
[SSL] repeat=0 scope=internal_cv fold=4 epoch=13/50 ssl_loss=0.060302 lr=0.000135070 base_val_bce=0.586140 base_best=N base_cls_epoch=50 epoch_seconds=3.9 task_elapsed_minutes=0.9 gpu_alloc_gb=0.318 gpu_reserved_gb=1.744
[SSL] repeat=0 scope=internal_cv fold=4 epoch=14/50 ssl_loss=0.050484 lr=0.000133610 base_val_bce=0.581845 base_best=N base_cls_epoch=51 epoch_seconds=3.8 task_elapsed_minutes=0.9 gpu_alloc_gb=0.317 gpu_reserved_gb=2.008
[SSL] repeat=0 scope=internal_cv fold=4 epoch=15/50 ssl_loss=0.051014 lr=0.000131749 base_val_bce=0.584682 base_best=N base_cls_epoch=54 epoch_seconds=7.2 task_elapsed_minutes=1.1 gpu_alloc_gb=0.318 gpu_reserved_gb=1.744
[SSL] repeat=0 scope=internal_cv fold=4 epoch=16/50 ssl_loss=0.047523 lr=0.000129498 base_val_bce=0.582043 base_best=N base_cls_epoch=51 epoch_seconds=3.5 task_elapsed_minutes=1.1 gpu_alloc_gb=0.317 gpu_reserved_gb=2.008
[SSL] repeat=0 scope=internal_cv fold=4 epoch=17/50 ssl_loss=0.059253 lr=0.000126870 base_val_bce=0.576927 base_best=N base_cls_epoch=48 epoch_seconds=6.8 task_elapsed_minutes=1.2 gpu_alloc_gb=0.318 gpu_reserved_gb=1.744
[SSL] repeat=0 scope=internal_cv fold=4 epoch=18/50 ssl_loss=0.044502 lr=0.000123883 base_val_bce=0.572537 base_best=N base_cls_epoch=58 epoch_seconds=2.5 task_elapsed_minutes=1.3 gpu_alloc_gb=0.317 gpu_reserved_gb=2.008
[SSL] repeat=0 scope=internal_cv fold=4 epoch=19/50 ssl_loss=0.049930 lr=0.000120554 base_val_bce=0.580065 base_best=N base_cls_epoch=54 epoch_seconds=2.1 task_elapsed_minutes=1.3 gpu_alloc_gb=0.318 gpu_reserved_gb=1.744
CHECKPOINT_BEST repeat=0 scope=internal_cv fold=4 phase=ssl epoch=20 path=/data/adodas/VarCoNet-V2-main/xiaolunwen/experiment1b/checkpoints/worker_r0_best.pt
CHECKPOINT_LATEST repeat=0 scope=internal_cv fold=4 phase=ssl epoch=20 path=/data/adodas/VarCoNet-V2-main/xiaolunwen/experiment1b/checkpoints/worker_r0_latest.pt
[SSL] repeat=0 scope=internal_cv fold=4 epoch=20/50 ssl_loss=0.051432 lr=0.000116904 base_val_bce=0.566668 base_best=Y base_cls_epoch=48 epoch_seconds=6.2 task_elapsed_minutes=1.4 gpu_alloc_gb=0.317 gpu_reserved_gb=2.008
[SSL] repeat=0 scope=internal_cv fold=4 epoch=21/50 ssl_loss=0.053045 lr=0.000112956 base_val_bce=0.573177 base_best=N base_cls_epoch=53 epoch_seconds=4.0 task_elapsed_minutes=1.5 gpu_alloc_gb=0.318 gpu_reserved_gb=1.744
[SSL] repeat=0 scope=internal_cv fold=4 epoch=22/50 ssl_loss=0.045741 lr=0.000108733 base_val_bce=0.576946 base_best=N base_cls_epoch=55 epoch_seconds=3.8 task_elapsed_minutes=1.5 gpu_alloc_gb=0.317 gpu_reserved_gb=2.008
CHECKPOINT_BEST repeat=0 scope=internal_cv fold=4 phase=ssl epoch=23 path=/data/adodas/VarCoNet-V2-main/xiaolunwen/experiment1b/checkpoints/worker_r0_best.pt
[SSL] repeat=0 scope=internal_cv fold=4 epoch=23/50 ssl_loss=0.055339 lr=0.000104262 base_val_bce=0.561828 base_best=Y base_cls_epoch=49 epoch_seconds=4.1 task_elapsed_minutes=1.6 gpu_alloc_gb=0.318 gpu_reserved_gb=1.744
[SSL] repeat=0 scope=internal_cv fold=4 epoch=24/50 ssl_loss=0.045643 lr=0.000099570 base_val_bce=0.569265 base_best=N base_cls_epoch=57 epoch_seconds=3.8 task_elapsed_minutes=1.7 gpu_alloc_gb=0.317 gpu_reserved_gb=2.008
[SSL] repeat=0 scope=internal_cv fold=4 epoch=25/50 ssl_loss=0.051710 lr=0.000094687 base_val_bce=0.571102 base_best=N base_cls_epoch=57 epoch_seconds=3.9 task_elapsed_minutes=1.7 gpu_alloc_gb=0.318 gpu_reserved_gb=1.744
[SSL] repeat=0 scope=internal_cv fold=4 epoch=26/50 ssl_loss=0.049172 lr=0.000089643 base_val_bce=0.570471 base_best=N base_cls_epoch=54 epoch_seconds=3.8 task_elapsed_minutes=1.8 gpu_alloc_gb=0.317 gpu_reserved_gb=2.008
[SSL] repeat=0 scope=internal_cv fold=4 epoch=27/50 ssl_loss=0.051709 lr=0.000084467 base_val_bce=0.582544 base_best=N base_cls_epoch=55 epoch_seconds=3.8 task_elapsed_minutes=1.9 gpu_alloc_gb=0.318 gpu_reserved_gb=1.744
[SSL] repeat=0 scope=internal_cv fold=4 epoch=28/50 ssl_loss=0.048406 lr=0.000079194 base_val_bce=0.588647 base_best=N base_cls_epoch=57 epoch_seconds=4.0 task_elapsed_minutes=1.9 gpu_alloc_gb=0.317 gpu_reserved_gb=2.008
[SSL] repeat=0 scope=internal_cv fold=4 epoch=29/50 ssl_loss=0.044204 lr=0.000073854 base_val_bce=0.573294 base_best=N base_cls_epoch=54 epoch_seconds=3.7 task_elapsed_minutes=2.0 gpu_alloc_gb=0.318 gpu_reserved_gb=1.744
CHECKPOINT_LATEST repeat=0 scope=internal_cv fold=4 phase=ssl epoch=30 path=/data/adodas/VarCoNet-V2-main/xiaolunwen/experiment1b/checkpoints/worker_r0_latest.pt
[SSL] repeat=0 scope=internal_cv fold=4 epoch=30/50 ssl_loss=0.048795 lr=0.000068481 base_val_bce=0.580653 base_best=N base_cls_epoch=50 epoch_seconds=4.2 task_elapsed_minutes=2.0 gpu_alloc_gb=0.317 gpu_reserved_gb=2.008
[SSL] repeat=0 scope=internal_cv fold=4 epoch=31/50 ssl_loss=0.038933 lr=0.000063108 base_val_bce=0.574422 base_best=N base_cls_epoch=55 epoch_seconds=3.9 task_elapsed_minutes=2.1 gpu_alloc_gb=0.318 gpu_reserved_gb=1.744
[SSL] repeat=0 scope=internal_cv fold=4 epoch=32/50 ssl_loss=0.033613 lr=0.000057768 base_val_bce=0.587799 base_best=N base_cls_epoch=62 epoch_seconds=3.7 task_elapsed_minutes=2.2 gpu_alloc_gb=0.317 gpu_reserved_gb=2.008
[SSL] repeat=0 scope=internal_cv fold=4 epoch=33/50 ssl_loss=0.044809 lr=0.000052494 base_val_bce=0.564823 base_best=N base_cls_epoch=62 epoch_seconds=3.8 task_elapsed_minutes=2.2 gpu_alloc_gb=0.318 gpu_reserved_gb=1.744
[SSL] repeat=0 scope=internal_cv fold=4 epoch=34/50 ssl_loss=0.040926 lr=0.000047319 base_val_bce=0.578578 base_best=N base_cls_epoch=61 epoch_seconds=3.8 task_elapsed_minutes=2.3 gpu_alloc_gb=0.317 gpu_reserved_gb=2.008
[SSL] repeat=0 scope=internal_cv fold=4 epoch=35/50 ssl_loss=0.046997 lr=0.000042274 base_val_bce=0.572690 base_best=N base_cls_epoch=54 epoch_seconds=3.9 task_elapsed_minutes=2.4 gpu_alloc_gb=0.318 gpu_reserved_gb=1.744
[SSL] repeat=0 scope=internal_cv fold=4 epoch=36/50 ssl_loss=0.054564 lr=0.000037391 base_val_bce=0.574239 base_best=N base_cls_epoch=53 epoch_seconds=3.8 task_elapsed_minutes=2.4 gpu_alloc_gb=0.317 gpu_reserved_gb=2.008
[SSL] repeat=0 scope=internal_cv fold=4 epoch=37/50 ssl_loss=0.036561 lr=0.000032700 base_val_bce=0.583143 base_best=N base_cls_epoch=52 epoch_seconds=3.8 task_elapsed_minutes=2.5 gpu_alloc_gb=0.318 gpu_reserved_gb=1.744
[SSL] repeat=0 scope=internal_cv fold=4 epoch=38/50 ssl_loss=0.037689 lr=0.000028229 base_val_bce=0.581694 base_best=N base_cls_epoch=55 epoch_seconds=3.9 task_elapsed_minutes=2.6 gpu_alloc_gb=0.317 gpu_reserved_gb=2.008
[SSL] repeat=0 scope=internal_cv fold=4 epoch=39/50 ssl_loss=0.045155 lr=0.000024006 base_val_bce=0.579467 base_best=N base_cls_epoch=59 epoch_seconds=3.8 task_elapsed_minutes=2.6 gpu_alloc_gb=0.318 gpu_reserved_gb=1.744
CHECKPOINT_LATEST repeat=0 scope=internal_cv fold=4 phase=ssl epoch=40 path=/data/adodas/VarCoNet-V2-main/xiaolunwen/experiment1b/checkpoints/worker_r0_latest.pt
[SSL] repeat=0 scope=internal_cv fold=4 epoch=40/50 ssl_loss=0.048276 lr=0.000020058 base_val_bce=0.569868 base_best=N base_cls_epoch=53 epoch_seconds=4.3 task_elapsed_minutes=2.7 gpu_alloc_gb=0.317 gpu_reserved_gb=2.008
[SSL] repeat=0 scope=internal_cv fold=4 epoch=41/50 ssl_loss=0.041440 lr=0.000016408 base_val_bce=0.576117 base_best=N base_cls_epoch=55 epoch_seconds=3.7 task_elapsed_minutes=2.8 gpu_alloc_gb=0.318 gpu_reserved_gb=1.744
[SSL] repeat=0 scope=internal_cv fold=4 epoch=42/50 ssl_loss=0.043174 lr=0.000013079 base_val_bce=0.571034 base_best=N base_cls_epoch=53 epoch_seconds=4.3 task_elapsed_minutes=2.8 gpu_alloc_gb=0.317 gpu_reserved_gb=2.008
[SSL] repeat=0 scope=internal_cv fold=4 epoch=43/50 ssl_loss=0.045814 lr=0.000010091 base_val_bce=0.567292 base_best=N base_cls_epoch=56 epoch_seconds=2.3 task_elapsed_minutes=2.9 gpu_alloc_gb=0.318 gpu_reserved_gb=1.744
[SSL] repeat=0 scope=internal_cv fold=4 epoch=44/50 ssl_loss=0.040487 lr=0.000007464 base_val_bce=0.574593 base_best=N base_cls_epoch=53 epoch_seconds=6.0 task_elapsed_minutes=3.0 gpu_alloc_gb=0.317 gpu_reserved_gb=2.008
[SSL] repeat=0 scope=internal_cv fold=4 epoch=45/50 ssl_loss=0.040179 lr=0.000005213 base_val_bce=0.574226 base_best=N base_cls_epoch=52 epoch_seconds=4.6 task_elapsed_minutes=3.0 gpu_alloc_gb=0.318 gpu_reserved_gb=1.744
[SSL] repeat=0 scope=internal_cv fold=4 epoch=46/50 ssl_loss=0.045400 lr=0.000003352 base_val_bce=0.582267 base_best=N base_cls_epoch=58 epoch_seconds=2.3 task_elapsed_minutes=3.1 gpu_alloc_gb=0.317 gpu_reserved_gb=2.008
[SSL] repeat=0 scope=internal_cv fold=4 epoch=47/50 ssl_loss=0.039557 lr=0.000001892 base_val_bce=0.581880 base_best=N base_cls_epoch=58 epoch_seconds=3.1 task_elapsed_minutes=3.1 gpu_alloc_gb=0.318 gpu_reserved_gb=1.744
[SSL] repeat=0 scope=internal_cv fold=4 epoch=48/50 ssl_loss=0.040102 lr=0.000000843 base_val_bce=0.571872 base_best=N base_cls_epoch=61 epoch_seconds=2.4 task_elapsed_minutes=3.2 gpu_alloc_gb=0.317 gpu_reserved_gb=2.008
[SSL] repeat=0 scope=internal_cv fold=4 epoch=49/50 ssl_loss=0.034632 lr=0.000000211 base_val_bce=0.575354 base_best=N base_cls_epoch=58 epoch_seconds=2.8 task_elapsed_minutes=3.2 gpu_alloc_gb=0.318 gpu_reserved_gb=1.744
CHECKPOINT_LATEST repeat=0 scope=internal_cv fold=4 phase=ssl epoch=50 path=/data/adodas/VarCoNet-V2-main/xiaolunwen/experiment1b/checkpoints/worker_r0_latest.pt
[SSL] repeat=0 scope=internal_cv fold=4 epoch=50/50 ssl_loss=0.036333 lr=0.000000000 base_val_bce=0.571576 base_best=N base_cls_epoch=51 epoch_seconds=3.0 task_elapsed_minutes=3.3 gpu_alloc_gb=0.317 gpu_reserved_gb=2.008
CRSM_INIT repeat=0 scope=internal_cv fold=4 n_experts=2 tau=1.0 trainable_parameters=147074 hc_centroid_norm=24.118784 pca_unit_norm=1.00000000 pca_singular=132.828461 sigma_margin=1.863413 sigma_projection=7.010911 ratio=0.0100 scale=0.00265787542 epoch0_val_bce=0.561835
CHECKPOINT_LATEST repeat=0 scope=internal_cv fold=4 phase=crsm epoch=0 path=/data/adodas/VarCoNet-V2-main/xiaolunwen/experiment1b/checkpoints/worker_r0_latest.pt
CHECKPOINT_BEST repeat=0 scope=internal_cv fold=4 phase=crsm epoch=0 path=/data/adodas/VarCoNet-V2-main/xiaolunwen/experiment1b/checkpoints/worker_r0_best.pt
CHECKPOINT_LATEST repeat=0 scope=internal_cv fold=4 phase=crsm epoch=10 path=/data/adodas/VarCoNet-V2-main/xiaolunwen/experiment1b/checkpoints/worker_r0_latest.pt
[CRSM] repeat=0 scope=internal_cv fold=4 epoch=10/149 train_loss=0.143454 val_bce=0.568435 best=N best_epoch=0 mass=(0.5002,0.4998) hard=(0.6409,0.3591) entropy=0.692858 delta_l2=(0.130404,0.130252) delta_cos=0.988735 epoch_seconds=0.67
CHECKPOINT_LATEST repeat=0 scope=internal_cv fold=4 phase=crsm epoch=20 path=/data/adodas/VarCoNet-V2-main/xiaolunwen/experiment1b/checkpoints/worker_r0_latest.pt
[CRSM] repeat=0 scope=internal_cv fold=4 epoch=20/149 train_loss=0.124828 val_bce=0.581638 best=N best_epoch=0 mass=(0.5000,0.5000) hard=(0.6276,0.3724) entropy=0.692597 delta_l2=(0.248918,0.248790) delta_cos=0.990197 epoch_seconds=0.32
CHECKPOINT_LATEST repeat=0 scope=internal_cv fold=4 phase=crsm epoch=30 path=/data/adodas/VarCoNet-V2-main/xiaolunwen/experiment1b/checkpoints/worker_r0_latest.pt
[CRSM] repeat=0 scope=internal_cv fold=4 epoch=30/149 train_loss=0.111846 val_bce=0.596134 best=N best_epoch=0 mass=(0.4997,0.5003) hard=(0.6231,0.3769) entropy=0.692095 delta_l2=(0.355374,0.355145) delta_cos=0.988977 epoch_seconds=0.43
CHECKPOINT_LATEST repeat=0 scope=internal_cv fold=4 phase=crsm epoch=40 path=/data/adodas/VarCoNet-V2-main/xiaolunwen/experiment1b/checkpoints/worker_r0_latest.pt
[CRSM] repeat=0 scope=internal_cv fold=4 epoch=40/149 train_loss=0.102678 val_bce=0.611574 best=N best_epoch=0 mass=(0.4993,0.5007) hard=(0.6128,0.3872) entropy=0.690995 delta_l2=(0.450229,0.449738) delta_cos=0.985904 epoch_seconds=0.38
CHECKPOINT_LATEST repeat=0 scope=internal_cv fold=4 phase=crsm epoch=50 path=/data/adodas/VarCoNet-V2-main/xiaolunwen/experiment1b/checkpoints/worker_r0_latest.pt
[CRSM] repeat=0 scope=internal_cv fold=4 epoch=50/149 train_loss=0.096095 val_bce=0.627511 best=N best_epoch=0 mass=(0.4987,0.5013) hard=(0.6053,0.3947) entropy=0.688685 delta_l2=(0.534527,0.533553) delta_cos=0.980218 epoch_seconds=0.51
CHECKPOINT_LATEST repeat=0 scope=internal_cv fold=4 phase=crsm epoch=60 path=/data/adodas/VarCoNet-V2-main/xiaolunwen/experiment1b/checkpoints/worker_r0_latest.pt
[CRSM] repeat=0 scope=internal_cv fold=4 epoch=60/149 train_loss=0.091265 val_bce=0.643226 best=N best_epoch=0 mass=(0.4980,0.5020) hard=(0.5861,0.4139) entropy=0.684272 delta_l2=(0.609595,0.607851) delta_cos=0.970556 epoch_seconds=0.35
CHECKPOINT_LATEST repeat=0 scope=internal_cv fold=4 phase=crsm epoch=70 path=/data/adodas/VarCoNet-V2-main/xiaolunwen/experiment1b/checkpoints/worker_r0_latest.pt
[CRSM] repeat=0 scope=internal_cv fold=4 epoch=70/149 train_loss=0.087615 val_bce=0.658751 best=N best_epoch=0 mass=(0.4974,0.5026) hard=(0.5742,0.4258) entropy=0.676699 delta_l2=(0.676855,0.673952) delta_cos=0.955522 epoch_seconds=0.26
CHECKPOINT_LATEST repeat=0 scope=internal_cv fold=4 phase=crsm epoch=80 path=/data/adodas/VarCoNet-V2-main/xiaolunwen/experiment1b/checkpoints/worker_r0_latest.pt
[CRSM] repeat=0 scope=internal_cv fold=4 epoch=80/149 train_loss=0.084762 val_bce=0.674092 best=N best_epoch=0 mass=(0.4968,0.5032) hard=(0.5697,0.4303) entropy=0.665491 delta_l2=(0.737771,0.733202) delta_cos=0.934420 epoch_seconds=0.26
CHECKPOINT_LATEST repeat=0 scope=internal_cv fold=4 phase=crsm epoch=90 path=/data/adodas/VarCoNet-V2-main/xiaolunwen/experiment1b/checkpoints/worker_r0_latest.pt
[CRSM] repeat=0 scope=internal_cv fold=4 epoch=90/149 train_loss=0.082472 val_bce=0.689152 best=N best_epoch=0 mass=(0.4965,0.5035) hard=(0.5608,0.4392) entropy=0.651194 delta_l2=(0.793675,0.786872) delta_cos=0.907812 epoch_seconds=0.40
CHECKPOINT_LATEST repeat=0 scope=internal_cv fold=4 phase=crsm epoch=100 path=/data/adodas/VarCoNet-V2-main/xiaolunwen/experiment1b/checkpoints/worker_r0_latest.pt
[CRSM] repeat=0 scope=internal_cv fold=4 epoch=100/149 train_loss=0.080608 val_bce=0.703855 best=N best_epoch=0 mass=(0.4965,0.5035) hard=(0.5460,0.4540) entropy=0.634950 delta_l2=(0.845524,0.835946) delta_cos=0.877340 epoch_seconds=0.33
CHECKPOINT_LATEST repeat=0 scope=internal_cv fold=4 phase=crsm epoch=110 path=/data/adodas/VarCoNet-V2-main/xiaolunwen/experiment1b/checkpoints/worker_r0_latest.pt
[CRSM] repeat=0 scope=internal_cv fold=4 epoch=110/149 train_loss=0.079081 val_bce=0.718179 best=N best_epoch=0 mass=(0.4968,0.5032) hard=(0.5430,0.4570) entropy=0.617951 delta_l2=(0.893881,0.881079) delta_cos=0.844998 epoch_seconds=1.04
CHECKPOINT_LATEST repeat=0 scope=internal_cv fold=4 phase=crsm epoch=120 path=/data/adodas/VarCoNet-V2-main/xiaolunwen/experiment1b/checkpoints/worker_r0_latest.pt
[CRSM] repeat=0 scope=internal_cv fold=4 epoch=120/149 train_loss=0.077826 val_bce=0.732129 best=N best_epoch=0 mass=(0.4974,0.5026) hard=(0.5445,0.4555) entropy=0.601088 delta_l2=(0.939078,0.922701) delta_cos=0.812492 epoch_seconds=0.73
CHECKPOINT_LATEST repeat=0 scope=internal_cv fold=4 phase=crsm epoch=130 path=/data/adodas/VarCoNet-V2-main/xiaolunwen/experiment1b/checkpoints/worker_r0_latest.pt
[CRSM] repeat=0 scope=internal_cv fold=4 epoch=130/149 train_loss=0.076790 val_bce=0.745684 best=N best_epoch=0 mass=(0.4982,0.5018) hard=(0.5401,0.4599) entropy=0.584936 delta_l2=(0.981358,0.961141) delta_cos=0.780982 epoch_seconds=0.42
CHECKPOINT_LATEST repeat=0 scope=internal_cv fold=4 phase=crsm epoch=140 path=/data/adodas/VarCoNet-V2-main/xiaolunwen/experiment1b/checkpoints/worker_r0_latest.pt
[CRSM] repeat=0 scope=internal_cv fold=4 epoch=140/149 train_loss=0.075931 val_bce=0.758814 best=N best_epoch=0 mass=(0.4991,0.5009) hard=(0.5386,0.4614) entropy=0.569801 delta_l2=(1.020944,0.996695) delta_cos=0.751122 epoch_seconds=0.31
TASK_TRAINING_DONE repeat=0 scope=internal_cv fold=4 base_encoder_epoch=23 base_classifier_epoch=49 base_val_bce=0.561828 selected_crsm_epoch=0 crsm_val_bce=0.561835 treatment_threshold=0.548516 elapsed_minutes=3.4
TASK_DONE repeat=0 scope=internal_fold fold=4 method=baseline selected_encoder_epoch=23 test_auc=0.631470 test_bce=0.683777 elapsed_minutes=3.4
TASK_DONE repeat=0 scope=internal_fold fold=4 method=control_referenced_soft_multiboundary selected_encoder_epoch=23 test_auc=0.631470 test_bce=0.683773 elapsed_minutes=3.4
TASK_START repeat=0 scope=internal_cv fold=5 seed=100005 device=cuda:0 shared_encoder=Y reference_unique_n=674 train_n=750 val_n=120
CHECKPOINT_BEST repeat=0 scope=internal_cv fold=5 phase=ssl epoch=1 path=/data/adodas/VarCoNet-V2-main/xiaolunwen/experiment1b/checkpoints/worker_r0_best.pt
[SSL] repeat=0 scope=internal_cv fold=5 epoch=1/50 ssl_loss=0.135983 lr=0.000024107 base_val_bce=0.621237 base_best=Y base_cls_epoch=51 epoch_seconds=3.5 task_elapsed_minutes=0.1 gpu_alloc_gb=0.318 gpu_reserved_gb=1.744
CHECKPOINT_BEST repeat=0 scope=internal_cv fold=5 phase=ssl epoch=2 path=/data/adodas/VarCoNet-V2-main/xiaolunwen/experiment1b/checkpoints/worker_r0_best.pt
[SSL] repeat=0 scope=internal_cv fold=5 epoch=2/50 ssl_loss=0.150440 lr=0.000038214 base_val_bce=0.608019 base_best=Y base_cls_epoch=54 epoch_seconds=3.9 task_elapsed_minutes=0.1 gpu_alloc_gb=0.317 gpu_reserved_gb=2.008
[SSL] repeat=0 scope=internal_cv fold=5 epoch=3/50 ssl_loss=0.122140 lr=0.000052321 base_val_bce=0.613757 base_best=N base_cls_epoch=53 epoch_seconds=3.5 task_elapsed_minutes=0.2 gpu_alloc_gb=0.318 gpu_reserved_gb=1.744
[SSL] repeat=0 scope=internal_cv fold=5 epoch=4/50 ssl_loss=0.134271 lr=0.000066427 base_val_bce=0.609593 base_best=N base_cls_epoch=49 epoch_seconds=3.7 task_elapsed_minutes=0.2 gpu_alloc_gb=0.317 gpu_reserved_gb=2.008
[SSL] repeat=0 scope=internal_cv fold=5 epoch=5/50 ssl_loss=0.105747 lr=0.000080534 base_val_bce=0.613021 base_best=N base_cls_epoch=43 epoch_seconds=3.9 task_elapsed_minutes=0.3 gpu_alloc_gb=0.318 gpu_reserved_gb=1.744
CHECKPOINT_BEST repeat=0 scope=internal_cv fold=5 phase=ssl epoch=6 path=/data/adodas/VarCoNet-V2-main/xiaolunwen/experiment1b/checkpoints/worker_r0_best.pt
[SSL] repeat=0 scope=internal_cv fold=5 epoch=6/50 ssl_loss=0.101699 lr=0.000094641 base_val_bce=0.604414 base_best=Y base_cls_epoch=50 epoch_seconds=4.2 task_elapsed_minutes=0.4 gpu_alloc_gb=0.317 gpu_reserved_gb=2.008
CHECKPOINT_BEST repeat=0 scope=internal_cv fold=5 phase=ssl epoch=7 path=/data/adodas/VarCoNet-V2-main/xiaolunwen/experiment1b/checkpoints/worker_r0_best.pt
[SSL] repeat=0 scope=internal_cv fold=5 epoch=7/50 ssl_loss=0.102497 lr=0.000108748 base_val_bce=0.601992 base_best=Y base_cls_epoch=48 epoch_seconds=4.1 task_elapsed_minutes=0.4 gpu_alloc_gb=0.318 gpu_reserved_gb=1.744
CHECKPOINT_BEST repeat=0 scope=internal_cv fold=5 phase=ssl epoch=8 path=/data/adodas/VarCoNet-V2-main/xiaolunwen/experiment1b/checkpoints/worker_r0_best.pt
[SSL] repeat=0 scope=internal_cv fold=5 epoch=8/50 ssl_loss=0.093072 lr=0.000122855 base_val_bce=0.598783 base_best=Y base_cls_epoch=48 epoch_seconds=4.0 task_elapsed_minutes=0.5 gpu_alloc_gb=0.317 gpu_reserved_gb=2.008
CHECKPOINT_BEST repeat=0 scope=internal_cv fold=5 phase=ssl epoch=9 path=/data/adodas/VarCoNet-V2-main/xiaolunwen/experiment1b/checkpoints/worker_r0_best.pt
[SSL] repeat=0 scope=internal_cv fold=5 epoch=9/50 ssl_loss=0.108254 lr=0.000136962 base_val_bce=0.589079 base_best=Y base_cls_epoch=42 epoch_seconds=4.1 task_elapsed_minutes=0.6 gpu_alloc_gb=0.318 gpu_reserved_gb=1.744
CHECKPOINT_LATEST repeat=0 scope=internal_cv fold=5 phase=ssl epoch=10 path=/data/adodas/VarCoNet-V2-main/xiaolunwen/experiment1b/checkpoints/worker_r0_latest.pt
[SSL] repeat=0 scope=internal_cv fold=5 epoch=10/50 ssl_loss=0.057460 lr=0.000136962 base_val_bce=0.596051 base_best=N base_cls_epoch=43 epoch_seconds=4.1 task_elapsed_minutes=0.6 gpu_alloc_gb=0.317 gpu_reserved_gb=2.008
[SSL] repeat=0 scope=internal_cv fold=5 epoch=11/50 ssl_loss=0.070441 lr=0.000136751 base_val_bce=0.597896 base_best=N base_cls_epoch=48 epoch_seconds=3.8 task_elapsed_minutes=0.7 gpu_alloc_gb=0.318 gpu_reserved_gb=1.744
[SSL] repeat=0 scope=internal_cv fold=5 epoch=12/50 ssl_loss=0.060844 lr=0.000136119 base_val_bce=0.591288 base_best=N base_cls_epoch=45 epoch_seconds=3.8 task_elapsed_minutes=0.8 gpu_alloc_gb=0.317 gpu_reserved_gb=2.008
[SSL] repeat=0 scope=internal_cv fold=5 epoch=13/50 ssl_loss=0.052526 lr=0.000135070 base_val_bce=0.592435 base_best=N base_cls_epoch=46 epoch_seconds=3.8 task_elapsed_minutes=0.8 gpu_alloc_gb=0.318 gpu_reserved_gb=1.744
[SSL] repeat=0 scope=internal_cv fold=5 epoch=14/50 ssl_loss=0.053002 lr=0.000133610 base_val_bce=0.593441 base_best=N base_cls_epoch=47 epoch_seconds=4.0 task_elapsed_minutes=0.9 gpu_alloc_gb=0.317 gpu_reserved_gb=2.008
[SSL] repeat=0 scope=internal_cv fold=5 epoch=15/50 ssl_loss=0.059978 lr=0.000131749 base_val_bce=0.590639 base_best=N base_cls_epoch=48 epoch_seconds=3.9 task_elapsed_minutes=1.0 gpu_alloc_gb=0.318 gpu_reserved_gb=1.744
CHECKPOINT_BEST repeat=0 scope=internal_cv fold=5 phase=ssl epoch=16 path=/data/adodas/VarCoNet-V2-main/xiaolunwen/experiment1b/checkpoints/worker_r0_best.pt
[SSL] repeat=0 scope=internal_cv fold=5 epoch=16/50 ssl_loss=0.054285 lr=0.000129498 base_val_bce=0.587842 base_best=Y base_cls_epoch=48 epoch_seconds=4.1 task_elapsed_minutes=1.0 gpu_alloc_gb=0.317 gpu_reserved_gb=2.008
CHECKPOINT_BEST repeat=0 scope=internal_cv fold=5 phase=ssl epoch=17 path=/data/adodas/VarCoNet-V2-main/xiaolunwen/experiment1b/checkpoints/worker_r0_best.pt
[SSL] repeat=0 scope=internal_cv fold=5 epoch=17/50 ssl_loss=0.047418 lr=0.000126870 base_val_bce=0.586824 base_best=Y base_cls_epoch=47 epoch_seconds=4.4 task_elapsed_minutes=1.1 gpu_alloc_gb=0.318 gpu_reserved_gb=1.744
CHECKPOINT_BEST repeat=0 scope=internal_cv fold=5 phase=ssl epoch=18 path=/data/adodas/VarCoNet-V2-main/xiaolunwen/experiment1b/checkpoints/worker_r0_best.pt
[SSL] repeat=0 scope=internal_cv fold=5 epoch=18/50 ssl_loss=0.044779 lr=0.000123883 base_val_bce=0.584831 base_best=Y base_cls_epoch=48 epoch_seconds=4.1 task_elapsed_minutes=1.2 gpu_alloc_gb=0.317 gpu_reserved_gb=2.008
[SSL] repeat=0 scope=internal_cv fold=5 epoch=19/50 ssl_loss=0.044511 lr=0.000120554 base_val_bce=0.590430 base_best=N base_cls_epoch=47 epoch_seconds=3.9 task_elapsed_minutes=1.3 gpu_alloc_gb=0.318 gpu_reserved_gb=1.744
CHECKPOINT_LATEST repeat=0 scope=internal_cv fold=5 phase=ssl epoch=20 path=/data/adodas/VarCoNet-V2-main/xiaolunwen/experiment1b/checkpoints/worker_r0_latest.pt
[SSL] repeat=0 scope=internal_cv fold=5 epoch=20/50 ssl_loss=0.045845 lr=0.000116904 base_val_bce=0.595795 base_best=N base_cls_epoch=47 epoch_seconds=13.6 task_elapsed_minutes=1.3 gpu_alloc_gb=0.317 gpu_reserved_gb=2.008
CHECKPOINT_BEST repeat=0 scope=internal_cv fold=5 phase=ssl epoch=21 path=/data/adodas/VarCoNet-V2-main/xiaolunwen/experiment1b/checkpoints/worker_r0_best.pt
[SSL] repeat=0 scope=internal_cv fold=5 epoch=21/50 ssl_loss=0.045391 lr=0.000112956 base_val_bce=0.583634 base_best=Y base_cls_epoch=47 epoch_seconds=4.1 task_elapsed_minutes=1.5 gpu_alloc_gb=0.318 gpu_reserved_gb=1.744
[SSL] repeat=0 scope=internal_cv fold=5 epoch=22/50 ssl_loss=0.052076 lr=0.000108733 base_val_bce=0.586085 base_best=N base_cls_epoch=49 epoch_seconds=4.0 task_elapsed_minutes=1.6 gpu_alloc_gb=0.317 gpu_reserved_gb=2.008
[SSL] repeat=0 scope=internal_cv fold=5 epoch=23/50 ssl_loss=0.052823 lr=0.000104262 base_val_bce=0.587464 base_best=N base_cls_epoch=46 epoch_seconds=3.8 task_elapsed_minutes=1.7 gpu_alloc_gb=0.318 gpu_reserved_gb=1.744
[SSL] repeat=0 scope=internal_cv fold=5 epoch=24/50 ssl_loss=0.036106 lr=0.000099570 base_val_bce=0.584108 base_best=N base_cls_epoch=45 epoch_seconds=3.8 task_elapsed_minutes=1.7 gpu_alloc_gb=0.317 gpu_reserved_gb=2.008
[SSL] repeat=0 scope=internal_cv fold=5 epoch=25/50 ssl_loss=0.049354 lr=0.000094687 base_val_bce=0.585658 base_best=N base_cls_epoch=51 epoch_seconds=3.8 task_elapsed_minutes=1.8 gpu_alloc_gb=0.318 gpu_reserved_gb=1.744
[SSL] repeat=0 scope=internal_cv fold=5 epoch=26/50 ssl_loss=0.051281 lr=0.000089643 base_val_bce=0.584873 base_best=N base_cls_epoch=48 epoch_seconds=3.9 task_elapsed_minutes=1.9 gpu_alloc_gb=0.317 gpu_reserved_gb=2.008
[SSL] repeat=0 scope=internal_cv fold=5 epoch=27/50 ssl_loss=0.044911 lr=0.000084467 base_val_bce=0.593019 base_best=N base_cls_epoch=52 epoch_seconds=3.8 task_elapsed_minutes=1.9 gpu_alloc_gb=0.318 gpu_reserved_gb=1.744
[SSL] repeat=0 scope=internal_cv fold=5 epoch=28/50 ssl_loss=0.047143 lr=0.000079194 base_val_bce=0.591907 base_best=N base_cls_epoch=44 epoch_seconds=3.8 task_elapsed_minutes=2.0 gpu_alloc_gb=0.317 gpu_reserved_gb=2.008
[SSL] repeat=0 scope=internal_cv fold=5 epoch=29/50 ssl_loss=0.045250 lr=0.000073854 base_val_bce=0.587981 base_best=N base_cls_epoch=40 epoch_seconds=3.9 task_elapsed_minutes=2.1 gpu_alloc_gb=0.318 gpu_reserved_gb=1.744
CHECKPOINT_LATEST repeat=0 scope=internal_cv fold=5 phase=ssl epoch=30 path=/data/adodas/VarCoNet-V2-main/xiaolunwen/experiment1b/checkpoints/worker_r0_latest.pt
[SSL] repeat=0 scope=internal_cv fold=5 epoch=30/50 ssl_loss=0.039335 lr=0.000068481 base_val_bce=0.590844 base_best=N base_cls_epoch=43 epoch_seconds=4.1 task_elapsed_minutes=2.1 gpu_alloc_gb=0.317 gpu_reserved_gb=2.008
[SSL] repeat=0 scope=internal_cv fold=5 epoch=31/50 ssl_loss=0.037334 lr=0.000063108 base_val_bce=0.589170 base_best=N base_cls_epoch=49 epoch_seconds=3.8 task_elapsed_minutes=2.2 gpu_alloc_gb=0.318 gpu_reserved_gb=1.744
[SSL] repeat=0 scope=internal_cv fold=5 epoch=32/50 ssl_loss=0.040194 lr=0.000057768 base_val_bce=0.601178 base_best=N base_cls_epoch=45 epoch_seconds=3.8 task_elapsed_minutes=2.3 gpu_alloc_gb=0.317 gpu_reserved_gb=2.008
CHECKPOINT_BEST repeat=0 scope=internal_cv fold=5 phase=ssl epoch=33 path=/data/adodas/VarCoNet-V2-main/xiaolunwen/experiment1b/checkpoints/worker_r0_best.pt
[SSL] repeat=0 scope=internal_cv fold=5 epoch=33/50 ssl_loss=0.046551 lr=0.000052494 base_val_bce=0.581574 base_best=Y base_cls_epoch=42 epoch_seconds=4.3 task_elapsed_minutes=2.3 gpu_alloc_gb=0.318 gpu_reserved_gb=1.744
[SSL] repeat=0 scope=internal_cv fold=5 epoch=34/50 ssl_loss=0.032744 lr=0.000047319 base_val_bce=0.586140 base_best=N base_cls_epoch=42 epoch_seconds=3.9 task_elapsed_minutes=2.4 gpu_alloc_gb=0.317 gpu_reserved_gb=2.008
[SSL] repeat=0 scope=internal_cv fold=5 epoch=35/50 ssl_loss=0.042303 lr=0.000042274 base_val_bce=0.582590 base_best=N base_cls_epoch=44 epoch_seconds=3.9 task_elapsed_minutes=2.5 gpu_alloc_gb=0.318 gpu_reserved_gb=1.744
[SSL] repeat=0 scope=internal_cv fold=5 epoch=36/50 ssl_loss=0.044743 lr=0.000037391 base_val_bce=0.587097 base_best=N base_cls_epoch=39 epoch_seconds=3.9 task_elapsed_minutes=2.5 gpu_alloc_gb=0.317 gpu_reserved_gb=2.008
[SSL] repeat=0 scope=internal_cv fold=5 epoch=37/50 ssl_loss=0.048836 lr=0.000032700 base_val_bce=0.589237 base_best=N base_cls_epoch=46 epoch_seconds=3.9 task_elapsed_minutes=2.6 gpu_alloc_gb=0.318 gpu_reserved_gb=1.744
[SSL] repeat=0 scope=internal_cv fold=5 epoch=38/50 ssl_loss=0.035224 lr=0.000028229 base_val_bce=0.591520 base_best=N base_cls_epoch=51 epoch_seconds=3.8 task_elapsed_minutes=2.7 gpu_alloc_gb=0.317 gpu_reserved_gb=2.008
[SSL] repeat=0 scope=internal_cv fold=5 epoch=39/50 ssl_loss=0.046070 lr=0.000024006 base_val_bce=0.600222 base_best=N base_cls_epoch=44 epoch_seconds=3.9 task_elapsed_minutes=2.7 gpu_alloc_gb=0.318 gpu_reserved_gb=1.744
CHECKPOINT_LATEST repeat=0 scope=internal_cv fold=5 phase=ssl epoch=40 path=/data/adodas/VarCoNet-V2-main/xiaolunwen/experiment1b/checkpoints/worker_r0_latest.pt
[SSL] repeat=0 scope=internal_cv fold=5 epoch=40/50 ssl_loss=0.037866 lr=0.000020058 base_val_bce=0.586794 base_best=N base_cls_epoch=42 epoch_seconds=8.1 task_elapsed_minutes=2.8 gpu_alloc_gb=0.317 gpu_reserved_gb=2.008
[SSL] repeat=0 scope=internal_cv fold=5 epoch=41/50 ssl_loss=0.035928 lr=0.000016408 base_val_bce=0.583315 base_best=N base_cls_epoch=50 epoch_seconds=3.9 task_elapsed_minutes=2.9 gpu_alloc_gb=0.318 gpu_reserved_gb=1.744
CHECKPOINT_BEST repeat=0 scope=internal_cv fold=5 phase=ssl epoch=42 path=/data/adodas/VarCoNet-V2-main/xiaolunwen/experiment1b/checkpoints/worker_r0_best.pt
[SSL] repeat=0 scope=internal_cv fold=5 epoch=42/50 ssl_loss=0.032986 lr=0.000013079 base_val_bce=0.576962 base_best=Y base_cls_epoch=44 epoch_seconds=3.7 task_elapsed_minutes=3.0 gpu_alloc_gb=0.317 gpu_reserved_gb=2.008
[SSL] repeat=0 scope=internal_cv fold=5 epoch=43/50 ssl_loss=0.052305 lr=0.000010091 base_val_bce=0.593398 base_best=N base_cls_epoch=45 epoch_seconds=2.8 task_elapsed_minutes=3.0 gpu_alloc_gb=0.318 gpu_reserved_gb=1.744
[SSL] repeat=0 scope=internal_cv fold=5 epoch=44/50 ssl_loss=0.037037 lr=0.000007464 base_val_bce=0.582446 base_best=N base_cls_epoch=48 epoch_seconds=3.0 task_elapsed_minutes=3.1 gpu_alloc_gb=0.317 gpu_reserved_gb=2.008
[SSL] repeat=0 scope=internal_cv fold=5 epoch=45/50 ssl_loss=0.044265 lr=0.000005213 base_val_bce=0.594161 base_best=N base_cls_epoch=48 epoch_seconds=3.4 task_elapsed_minutes=3.1 gpu_alloc_gb=0.318 gpu_reserved_gb=1.744
[SSL] repeat=0 scope=internal_cv fold=5 epoch=46/50 ssl_loss=0.043539 lr=0.000003352 base_val_bce=0.585615 base_best=N base_cls_epoch=42 epoch_seconds=3.9 task_elapsed_minutes=3.2 gpu_alloc_gb=0.317 gpu_reserved_gb=2.008
[SSL] repeat=0 scope=internal_cv fold=5 epoch=47/50 ssl_loss=0.045791 lr=0.000001892 base_val_bce=0.587977 base_best=N base_cls_epoch=44 epoch_seconds=3.8 task_elapsed_minutes=3.3 gpu_alloc_gb=0.318 gpu_reserved_gb=1.744
[SSL] repeat=0 scope=internal_cv fold=5 epoch=48/50 ssl_loss=0.045029 lr=0.000000843 base_val_bce=0.593964 base_best=N base_cls_epoch=47 epoch_seconds=3.8 task_elapsed_minutes=3.3 gpu_alloc_gb=0.317 gpu_reserved_gb=2.008
[SSL] repeat=0 scope=internal_cv fold=5 epoch=49/50 ssl_loss=0.046315 lr=0.000000211 base_val_bce=0.581910 base_best=N base_cls_epoch=45 epoch_seconds=3.9 task_elapsed_minutes=3.4 gpu_alloc_gb=0.318 gpu_reserved_gb=1.744
CHECKPOINT_LATEST repeat=0 scope=internal_cv fold=5 phase=ssl epoch=50 path=/data/adodas/VarCoNet-V2-main/xiaolunwen/experiment1b/checkpoints/worker_r0_latest.pt
[SSL] repeat=0 scope=internal_cv fold=5 epoch=50/50 ssl_loss=0.032243 lr=0.000000000 base_val_bce=0.592353 base_best=N base_cls_epoch=43 epoch_seconds=4.5 task_elapsed_minutes=3.4 gpu_alloc_gb=0.317 gpu_reserved_gb=2.008
CRSM_INIT repeat=0 scope=internal_cv fold=5 n_experts=2 tau=1.0 trainable_parameters=147074 hc_centroid_norm=22.961996 pca_unit_norm=1.00000000 pca_singular=149.374985 sigma_margin=1.691008 sigma_projection=7.509489 ratio=0.0100 scale=0.00225182879 epoch0_val_bce=0.576970
CHECKPOINT_LATEST repeat=0 scope=internal_cv fold=5 phase=crsm epoch=0 path=/data/adodas/VarCoNet-V2-main/xiaolunwen/experiment1b/checkpoints/worker_r0_latest.pt
CHECKPOINT_BEST repeat=0 scope=internal_cv fold=5 phase=crsm epoch=0 path=/data/adodas/VarCoNet-V2-main/xiaolunwen/experiment1b/checkpoints/worker_r0_best.pt
CHECKPOINT_LATEST repeat=0 scope=internal_cv fold=5 phase=crsm epoch=10 path=/data/adodas/VarCoNet-V2-main/xiaolunwen/experiment1b/checkpoints/worker_r0_latest.pt
[CRSM] repeat=0 scope=internal_cv fold=5 epoch=10/149 train_loss=0.172003 val_bce=0.584488 best=N best_epoch=0 mass=(0.5021,0.4979) hard=(0.4466,0.5534) entropy=0.692837 delta_l2=(0.130670,0.129864) delta_cos=0.989306 epoch_seconds=0.50
CHECKPOINT_LATEST repeat=0 scope=internal_cv fold=5 phase=crsm epoch=20 path=/data/adodas/VarCoNet-V2-main/xiaolunwen/experiment1b/checkpoints/worker_r0_latest.pt
[CRSM] repeat=0 scope=internal_cv fold=5 epoch=20/149 train_loss=0.150285 val_bce=0.598736 best=N best_epoch=0 mass=(0.5030,0.4970) hard=(0.4570,0.5430) entropy=0.692476 delta_l2=(0.249200,0.248458) delta_cos=0.990067 epoch_seconds=0.47
CHECKPOINT_LATEST repeat=0 scope=internal_cv fold=5 phase=crsm epoch=30 path=/data/adodas/VarCoNet-V2-main/xiaolunwen/experiment1b/checkpoints/worker_r0_latest.pt
[CRSM] repeat=0 scope=internal_cv fold=5 epoch=30/149 train_loss=0.134785 val_bce=0.614892 best=N best_epoch=0 mass=(0.5045,0.4955) hard=(0.4792,0.5208) entropy=0.691724 delta_l2=(0.356278,0.355549) delta_cos=0.988326 epoch_seconds=0.52
CHECKPOINT_LATEST repeat=0 scope=internal_cv fold=5 phase=crsm epoch=40 path=/data/adodas/VarCoNet-V2-main/xiaolunwen/experiment1b/checkpoints/worker_r0_latest.pt
[CRSM] repeat=0 scope=internal_cv fold=5 epoch=40/149 train_loss=0.123575 val_bce=0.631510 best=N best_epoch=0 mass=(0.5067,0.4933) hard=(0.4896,0.5104) entropy=0.690041 delta_l2=(0.452476,0.451737) delta_cos=0.984403 epoch_seconds=0.54
CHECKPOINT_LATEST repeat=0 scope=internal_cv fold=5 phase=crsm epoch=50 path=/data/adodas/VarCoNet-V2-main/xiaolunwen/experiment1b/checkpoints/worker_r0_latest.pt
[CRSM] repeat=0 scope=internal_cv fold=5 epoch=50/149 train_loss=0.115357 val_bce=0.648054 best=N best_epoch=0 mass=(0.5098,0.4902) hard=(0.5015,0.4985) entropy=0.686470 delta_l2=(0.538693,0.537913) delta_cos=0.977238 epoch_seconds=0.51
CHECKPOINT_LATEST repeat=0 scope=internal_cv fold=5 phase=crsm epoch=60 path=/data/adodas/VarCoNet-V2-main/xiaolunwen/experiment1b/checkpoints/worker_r0_latest.pt
[CRSM] repeat=0 scope=internal_cv fold=5 epoch=60/149 train_loss=0.109200 val_bce=0.664541 best=N best_epoch=0 mass=(0.5138,0.4862) hard=(0.5134,0.4866) entropy=0.679673 delta_l2=(0.615982,0.615106) delta_cos=0.965202 epoch_seconds=0.71
CHECKPOINT_LATEST repeat=0 scope=internal_cv fold=5 phase=crsm epoch=70 path=/data/adodas/VarCoNet-V2-main/xiaolunwen/experiment1b/checkpoints/worker_r0_latest.pt
[CRSM] repeat=0 scope=internal_cv fold=5 epoch=70/149 train_loss=0.104453 val_bce=0.681054 best=N best_epoch=0 mass=(0.5184,0.4816) hard=(0.5282,0.4718) entropy=0.668370 delta_l2=(0.685566,0.684619) delta_cos=0.946740 epoch_seconds=0.36
CHECKPOINT_LATEST repeat=0 scope=internal_cv fold=5 phase=crsm epoch=80 path=/data/adodas/VarCoNet-V2-main/xiaolunwen/experiment1b/checkpoints/worker_r0_latest.pt
[CRSM] repeat=0 scope=internal_cv fold=5 epoch=80/149 train_loss=0.100687 val_bce=0.697610 best=N best_epoch=0 mass=(0.5230,0.4770) hard=(0.5341,0.4659) entropy=0.652534 delta_l2=(0.748691,0.747800) delta_cos=0.921405 epoch_seconds=0.32
CHECKPOINT_LATEST repeat=0 scope=internal_cv fold=5 phase=crsm epoch=90 path=/data/adodas/VarCoNet-V2-main/xiaolunwen/experiment1b/checkpoints/worker_r0_latest.pt
[CRSM] repeat=0 scope=internal_cv fold=5 epoch=90/149 train_loss=0.097646 val_bce=0.714027 best=N best_epoch=0 mass=(0.5272,0.4728) hard=(0.5386,0.4614) entropy=0.633652 delta_l2=(0.806413,0.805744) delta_cos=0.890341 epoch_seconds=0.49
CHECKPOINT_LATEST repeat=0 scope=internal_cv fold=5 phase=crsm epoch=100 path=/data/adodas/VarCoNet-V2-main/xiaolunwen/experiment1b/checkpoints/worker_r0_latest.pt
[CRSM] repeat=0 scope=internal_cv fold=5 epoch=100/149 train_loss=0.095177 val_bce=0.730040 best=N best_epoch=0 mass=(0.5306,0.4694) hard=(0.5386,0.4614) entropy=0.613658 delta_l2=(0.859485,0.859184) delta_cos=0.855830 epoch_seconds=0.59
CHECKPOINT_LATEST repeat=0 scope=internal_cv fold=5 phase=crsm epoch=110 path=/data/adodas/VarCoNet-V2-main/xiaolunwen/experiment1b/checkpoints/worker_r0_latest.pt
[CRSM] repeat=0 scope=internal_cv fold=5 epoch=110/149 train_loss=0.093171 val_bce=0.745476 best=N best_epoch=0 mass=(0.5334,0.4666) hard=(0.5430,0.4570) entropy=0.594004 delta_l2=(0.908406,0.908582) delta_cos=0.820293 epoch_seconds=0.69
CHECKPOINT_LATEST repeat=0 scope=internal_cv fold=5 phase=crsm epoch=120 path=/data/adodas/VarCoNet-V2-main/xiaolunwen/experiment1b/checkpoints/worker_r0_latest.pt
[CRSM] repeat=0 scope=internal_cv fold=5 epoch=120/149 train_loss=0.091541 val_bce=0.760246 best=N best_epoch=0 mass=(0.5357,0.4643) hard=(0.5371,0.4629) entropy=0.575489 delta_l2=(0.953546,0.954278) delta_cos=0.785547 epoch_seconds=0.32
CHECKPOINT_LATEST repeat=0 scope=internal_cv fold=5 phase=crsm epoch=130 path=/data/adodas/VarCoNet-V2-main/xiaolunwen/experiment1b/checkpoints/worker_r0_latest.pt
[CRSM] repeat=0 scope=internal_cv fold=5 epoch=130/149 train_loss=0.090210 val_bce=0.774317 best=N best_epoch=0 mass=(0.5375,0.4625) hard=(0.5415,0.4585) entropy=0.558492 delta_l2=(0.995243,0.996571) delta_cos=0.752656 epoch_seconds=1.21
CHECKPOINT_LATEST repeat=0 scope=internal_cv fold=5 phase=crsm epoch=140 path=/data/adodas/VarCoNet-V2-main/xiaolunwen/experiment1b/checkpoints/worker_r0_latest.pt
[CRSM] repeat=0 scope=internal_cv fold=5 epoch=140/149 train_loss=0.089119 val_bce=0.787679 best=N best_epoch=0 mass=(0.5390,0.4610) hard=(0.5401,0.4599) entropy=0.543124 delta_l2=(1.033824,1.035756) delta_cos=0.722104 epoch_seconds=0.67
TASK_TRAINING_DONE repeat=0 scope=internal_cv fold=5 base_encoder_epoch=42 base_classifier_epoch=44 base_val_bce=0.576962 selected_crsm_epoch=0 crsm_val_bce=0.576970 treatment_threshold=0.384213 elapsed_minutes=3.6
TASK_DONE repeat=0 scope=internal_fold fold=5 method=baseline selected_encoder_epoch=42 test_auc=0.717177 test_bce=0.624288 elapsed_minutes=3.6
TASK_DONE repeat=0 scope=internal_fold fold=5 method=control_referenced_soft_multiboundary selected_encoder_epoch=42 test_auc=0.717177 test_bce=0.624287 elapsed_minutes=3.6
TASK_START repeat=0 scope=internal_cv fold=6 seed=100006 device=cuda:0 shared_encoder=Y reference_unique_n=674 train_n=750 val_n=120
CHECKPOINT_BEST repeat=0 scope=internal_cv fold=6 phase=ssl epoch=1 path=/data/adodas/VarCoNet-V2-main/xiaolunwen/experiment1b/checkpoints/worker_r0_best.pt
[SSL] repeat=0 scope=internal_cv fold=6 epoch=1/50 ssl_loss=0.186662 lr=0.000024107 base_val_bce=0.679500 base_best=Y base_cls_epoch=3 epoch_seconds=4.3 task_elapsed_minutes=0.1 gpu_alloc_gb=0.318 gpu_reserved_gb=1.744
CHECKPOINT_BEST repeat=0 scope=internal_cv fold=6 phase=ssl epoch=2 path=/data/adodas/VarCoNet-V2-main/xiaolunwen/experiment1b/checkpoints/worker_r0_best.pt
[SSL] repeat=0 scope=internal_cv fold=6 epoch=2/50 ssl_loss=0.159520 lr=0.000038214 base_val_bce=0.677425 base_best=Y base_cls_epoch=5 epoch_seconds=4.3 task_elapsed_minutes=0.1 gpu_alloc_gb=0.317 gpu_reserved_gb=2.008
[SSL] repeat=0 scope=internal_cv fold=6 epoch=3/50 ssl_loss=0.155331 lr=0.000052321 base_val_bce=0.679879 base_best=N base_cls_epoch=3 epoch_seconds=3.9 task_elapsed_minutes=0.2 gpu_alloc_gb=0.318 gpu_reserved_gb=1.744
[SSL] repeat=0 scope=internal_cv fold=6 epoch=4/50 ssl_loss=0.148458 lr=0.000066427 base_val_bce=0.684180 base_best=N base_cls_epoch=6 epoch_seconds=3.8 task_elapsed_minutes=0.3 gpu_alloc_gb=0.317 gpu_reserved_gb=2.008
[SSL] repeat=0 scope=internal_cv fold=6 epoch=5/50 ssl_loss=0.144988 lr=0.000080534 base_val_bce=0.690957 base_best=N base_cls_epoch=5 epoch_seconds=3.8 task_elapsed_minutes=0.3 gpu_alloc_gb=0.318 gpu_reserved_gb=1.744
[SSL] repeat=0 scope=internal_cv fold=6 epoch=6/50 ssl_loss=0.125315 lr=0.000094641 base_val_bce=0.695808 base_best=N base_cls_epoch=7 epoch_seconds=3.8 task_elapsed_minutes=0.4 gpu_alloc_gb=0.317 gpu_reserved_gb=2.008
[SSL] repeat=0 scope=internal_cv fold=6 epoch=7/50 ssl_loss=0.140962 lr=0.000108748 base_val_bce=0.685206 base_best=N base_cls_epoch=6 epoch_seconds=3.8 task_elapsed_minutes=0.5 gpu_alloc_gb=0.318 gpu_reserved_gb=1.744
[SSL] repeat=0 scope=internal_cv fold=6 epoch=8/50 ssl_loss=0.113116 lr=0.000122855 base_val_bce=0.694397 base_best=N base_cls_epoch=7 epoch_seconds=3.7 task_elapsed_minutes=0.5 gpu_alloc_gb=0.317 gpu_reserved_gb=2.008
[SSL] repeat=0 scope=internal_cv fold=6 epoch=9/50 ssl_loss=0.082402 lr=0.000136962 base_val_bce=0.681744 base_best=N base_cls_epoch=7 epoch_seconds=3.7 task_elapsed_minutes=0.6 gpu_alloc_gb=0.318 gpu_reserved_gb=1.744
CHECKPOINT_BEST repeat=0 scope=internal_cv fold=6 phase=ssl epoch=10 path=/data/adodas/VarCoNet-V2-main/xiaolunwen/experiment1b/checkpoints/worker_r0_best.pt
CHECKPOINT_LATEST repeat=0 scope=internal_cv fold=6 phase=ssl epoch=10 path=/data/adodas/VarCoNet-V2-main/xiaolunwen/experiment1b/checkpoints/worker_r0_latest.pt
[SSL] repeat=0 scope=internal_cv fold=6 epoch=10/50 ssl_loss=0.097851 lr=0.000136962 base_val_bce=0.673336 base_best=Y base_cls_epoch=10 epoch_seconds=5.2 task_elapsed_minutes=0.7 gpu_alloc_gb=0.317 gpu_reserved_gb=2.008
[SSL] repeat=0 scope=internal_cv fold=6 epoch=11/50 ssl_loss=0.059538 lr=0.000136751 base_val_bce=0.677074 base_best=N base_cls_epoch=13 epoch_seconds=3.8 task_elapsed_minutes=0.7 gpu_alloc_gb=0.318 gpu_reserved_gb=1.744
[SSL] repeat=0 scope=internal_cv fold=6 epoch=12/50 ssl_loss=0.056353 lr=0.000136119 base_val_bce=0.685640 base_best=N base_cls_epoch=12 epoch_seconds=3.8 task_elapsed_minutes=0.8 gpu_alloc_gb=0.317 gpu_reserved_gb=2.008
[SSL] repeat=0 scope=internal_cv fold=6 epoch=13/50 ssl_loss=0.050249 lr=0.000135070 base_val_bce=0.676482 base_best=N base_cls_epoch=20 epoch_seconds=4.0 task_elapsed_minutes=0.9 gpu_alloc_gb=0.318 gpu_reserved_gb=1.744
CHECKPOINT_BEST repeat=0 scope=internal_cv fold=6 phase=ssl epoch=14 path=/data/adodas/VarCoNet-V2-main/xiaolunwen/experiment1b/checkpoints/worker_r0_best.pt
[SSL] repeat=0 scope=internal_cv fold=6 epoch=14/50 ssl_loss=0.056045 lr=0.000133610 base_val_bce=0.664630 base_best=Y base_cls_epoch=25 epoch_seconds=10.9 task_elapsed_minutes=0.9 gpu_alloc_gb=0.317 gpu_reserved_gb=2.008
[SSL] repeat=0 scope=internal_cv fold=6 epoch=15/50 ssl_loss=0.063988 lr=0.000131749 base_val_bce=0.669913 base_best=N base_cls_epoch=13 epoch_seconds=3.9 task_elapsed_minutes=1.1 gpu_alloc_gb=0.318 gpu_reserved_gb=1.744
[SSL] repeat=0 scope=internal_cv fold=6 epoch=16/50 ssl_loss=0.054160 lr=0.000129498 base_val_bce=0.669263 base_best=N base_cls_epoch=20 epoch_seconds=3.7 task_elapsed_minutes=1.2 gpu_alloc_gb=0.317 gpu_reserved_gb=2.008
CHECKPOINT_BEST repeat=0 scope=internal_cv fold=6 phase=ssl epoch=17 path=/data/adodas/VarCoNet-V2-main/xiaolunwen/experiment1b/checkpoints/worker_r0_best.pt
[SSL] repeat=0 scope=internal_cv fold=6 epoch=17/50 ssl_loss=0.051339 lr=0.000126870 base_val_bce=0.662814 base_best=Y base_cls_epoch=9 epoch_seconds=4.8 task_elapsed_minutes=1.2 gpu_alloc_gb=0.318 gpu_reserved_gb=1.744
[SSL] repeat=0 scope=internal_cv fold=6 epoch=18/50 ssl_loss=0.046664 lr=0.000123883 base_val_bce=0.665529 base_best=N base_cls_epoch=25 epoch_seconds=3.8 task_elapsed_minutes=1.3 gpu_alloc_gb=0.317 gpu_reserved_gb=2.008
[SSL] repeat=0 scope=internal_cv fold=6 epoch=19/50 ssl_loss=0.037876 lr=0.000120554 base_val_bce=0.679102 base_best=N base_cls_epoch=16 epoch_seconds=3.7 task_elapsed_minutes=1.4 gpu_alloc_gb=0.318 gpu_reserved_gb=1.744
CHECKPOINT_LATEST repeat=0 scope=internal_cv fold=6 phase=ssl epoch=20 path=/data/adodas/VarCoNet-V2-main/xiaolunwen/experiment1b/checkpoints/worker_r0_latest.pt
[SSL] repeat=0 scope=internal_cv fold=6 epoch=20/50 ssl_loss=0.057708 lr=0.000116904 base_val_bce=0.679759 base_best=N base_cls_epoch=16 epoch_seconds=4.2 task_elapsed_minutes=1.4 gpu_alloc_gb=0.317 gpu_reserved_gb=2.008
[SSL] repeat=0 scope=internal_cv fold=6 epoch=21/50 ssl_loss=0.052366 lr=0.000112956 base_val_bce=0.666612 base_best=N base_cls_epoch=26 epoch_seconds=3.7 task_elapsed_minutes=1.5 gpu_alloc_gb=0.318 gpu_reserved_gb=1.744
[SSL] repeat=0 scope=internal_cv fold=6 epoch=22/50 ssl_loss=0.042424 lr=0.000108733 base_val_bce=0.672716 base_best=N base_cls_epoch=19 epoch_seconds=3.6 task_elapsed_minutes=1.6 gpu_alloc_gb=0.317 gpu_reserved_gb=2.008
[SSL] repeat=0 scope=internal_cv fold=6 epoch=23/50 ssl_loss=0.054010 lr=0.000104262 base_val_bce=0.664086 base_best=N base_cls_epoch=26 epoch_seconds=3.8 task_elapsed_minutes=1.6 gpu_alloc_gb=0.318 gpu_reserved_gb=1.744
[SSL] repeat=0 scope=internal_cv fold=6 epoch=24/50 ssl_loss=0.037192 lr=0.000099570 base_val_bce=0.670585 base_best=N base_cls_epoch=21 epoch_seconds=3.8 task_elapsed_minutes=1.7 gpu_alloc_gb=0.317 gpu_reserved_gb=2.008
[SSL] repeat=0 scope=internal_cv fold=6 epoch=25/50 ssl_loss=0.049442 lr=0.000094687 base_val_bce=0.672499 base_best=N base_cls_epoch=23 epoch_seconds=3.8 task_elapsed_minutes=1.8 gpu_alloc_gb=0.318 gpu_reserved_gb=1.744
[SSL] repeat=0 scope=internal_cv fold=6 epoch=26/50 ssl_loss=0.039077 lr=0.000089643 base_val_bce=0.679903 base_best=N base_cls_epoch=21 epoch_seconds=3.7 task_elapsed_minutes=1.8 gpu_alloc_gb=0.317 gpu_reserved_gb=2.008
[SSL] repeat=0 scope=internal_cv fold=6 epoch=27/50 ssl_loss=0.042960 lr=0.000084467 base_val_bce=0.664438 base_best=N base_cls_epoch=17 epoch_seconds=3.8 task_elapsed_minutes=1.9 gpu_alloc_gb=0.318 gpu_reserved_gb=1.744
CHECKPOINT_BEST repeat=0 scope=internal_cv fold=6 phase=ssl epoch=28 path=/data/adodas/VarCoNet-V2-main/xiaolunwen/experiment1b/checkpoints/worker_r0_best.pt
[SSL] repeat=0 scope=internal_cv fold=6 epoch=28/50 ssl_loss=0.036187 lr=0.000079194 base_val_bce=0.658667 base_best=Y base_cls_epoch=25 epoch_seconds=4.0 task_elapsed_minutes=2.0 gpu_alloc_gb=0.317 gpu_reserved_gb=2.008
[SSL] repeat=0 scope=internal_cv fold=6 epoch=29/50 ssl_loss=0.042998 lr=0.000073854 base_val_bce=0.670229 base_best=N base_cls_epoch=23 epoch_seconds=3.8 task_elapsed_minutes=2.0 gpu_alloc_gb=0.318 gpu_reserved_gb=1.744
CHECKPOINT_LATEST repeat=0 scope=internal_cv fold=6 phase=ssl epoch=30 path=/data/adodas/VarCoNet-V2-main/xiaolunwen/experiment1b/checkpoints/worker_r0_latest.pt
[SSL] repeat=0 scope=internal_cv fold=6 epoch=30/50 ssl_loss=0.053193 lr=0.000068481 base_val_bce=0.671073 base_best=N base_cls_epoch=30 epoch_seconds=4.2 task_elapsed_minutes=2.1 gpu_alloc_gb=0.317 gpu_reserved_gb=2.008
[SSL] repeat=0 scope=internal_cv fold=6 epoch=31/50 ssl_loss=0.045824 lr=0.000063108 base_val_bce=0.681532 base_best=N base_cls_epoch=26 epoch_seconds=3.9 task_elapsed_minutes=2.2 gpu_alloc_gb=0.318 gpu_reserved_gb=1.744
[SSL] repeat=0 scope=internal_cv fold=6 epoch=32/50 ssl_loss=0.043358 lr=0.000057768 base_val_bce=0.674210 base_best=N base_cls_epoch=27 epoch_seconds=3.6 task_elapsed_minutes=2.2 gpu_alloc_gb=0.317 gpu_reserved_gb=2.008
[SSL] repeat=0 scope=internal_cv fold=6 epoch=33/50 ssl_loss=0.038162 lr=0.000052494 base_val_bce=0.675374 base_best=N base_cls_epoch=19 epoch_seconds=3.8 task_elapsed_minutes=2.3 gpu_alloc_gb=0.318 gpu_reserved_gb=1.744
CHECKPOINT_BEST repeat=0 scope=internal_cv fold=6 phase=ssl epoch=34 path=/data/adodas/VarCoNet-V2-main/xiaolunwen/experiment1b/checkpoints/worker_r0_best.pt
[SSL] repeat=0 scope=internal_cv fold=6 epoch=34/50 ssl_loss=0.044611 lr=0.000047319 base_val_bce=0.657958 base_best=Y base_cls_epoch=26 epoch_seconds=4.0 task_elapsed_minutes=2.3 gpu_alloc_gb=0.317 gpu_reserved_gb=2.008
[SSL] repeat=0 scope=internal_cv fold=6 epoch=35/50 ssl_loss=0.045158 lr=0.000042274 base_val_bce=0.675946 base_best=N base_cls_epoch=26 epoch_seconds=3.7 task_elapsed_minutes=2.4 gpu_alloc_gb=0.318 gpu_reserved_gb=1.744
[SSL] repeat=0 scope=internal_cv fold=6 epoch=36/50 ssl_loss=0.046448 lr=0.000037391 base_val_bce=0.666190 base_best=N base_cls_epoch=15 epoch_seconds=3.3 task_elapsed_minutes=2.5 gpu_alloc_gb=0.317 gpu_reserved_gb=2.008
[SSL] repeat=0 scope=internal_cv fold=6 epoch=37/50 ssl_loss=0.050488 lr=0.000032700 base_val_bce=0.664647 base_best=N base_cls_epoch=17 epoch_seconds=3.3 task_elapsed_minutes=2.5 gpu_alloc_gb=0.318 gpu_reserved_gb=1.744
[SSL] repeat=0 scope=internal_cv fold=6 epoch=38/50 ssl_loss=0.046689 lr=0.000028229 base_val_bce=0.667376 base_best=N base_cls_epoch=23 epoch_seconds=3.2 task_elapsed_minutes=2.6 gpu_alloc_gb=0.317 gpu_reserved_gb=2.008
[SSL] repeat=0 scope=internal_cv fold=6 epoch=39/50 ssl_loss=0.048491 lr=0.000024006 base_val_bce=0.669751 base_best=N base_cls_epoch=25 epoch_seconds=3.8 task_elapsed_minutes=2.6 gpu_alloc_gb=0.318 gpu_reserved_gb=1.744
CHECKPOINT_LATEST repeat=0 scope=internal_cv fold=6 phase=ssl epoch=40 path=/data/adodas/VarCoNet-V2-main/xiaolunwen/experiment1b/checkpoints/worker_r0_latest.pt
[SSL] repeat=0 scope=internal_cv fold=6 epoch=40/50 ssl_loss=0.045650 lr=0.000020058 base_val_bce=0.672717 base_best=N base_cls_epoch=27 epoch_seconds=4.1 task_elapsed_minutes=2.7 gpu_alloc_gb=0.317 gpu_reserved_gb=2.008
[SSL] repeat=0 scope=internal_cv fold=6 epoch=41/50 ssl_loss=0.042299 lr=0.000016408 base_val_bce=0.665985 base_best=N base_cls_epoch=27 epoch_seconds=3.8 task_elapsed_minutes=2.8 gpu_alloc_gb=0.318 gpu_reserved_gb=1.744
[SSL] repeat=0 scope=internal_cv fold=6 epoch=42/50 ssl_loss=0.040376 lr=0.000013079 base_val_bce=0.674285 base_best=N base_cls_epoch=26 epoch_seconds=3.5 task_elapsed_minutes=2.8 gpu_alloc_gb=0.317 gpu_reserved_gb=2.008
[SSL] repeat=0 scope=internal_cv fold=6 epoch=43/50 ssl_loss=0.038246 lr=0.000010091 base_val_bce=0.665541 base_best=N base_cls_epoch=25 epoch_seconds=3.5 task_elapsed_minutes=2.9 gpu_alloc_gb=0.318 gpu_reserved_gb=1.744
[SSL] repeat=0 scope=internal_cv fold=6 epoch=44/50 ssl_loss=0.041392 lr=0.000007464 base_val_bce=0.667248 base_best=N base_cls_epoch=25 epoch_seconds=3.5 task_elapsed_minutes=2.9 gpu_alloc_gb=0.317 gpu_reserved_gb=2.008
[SSL] repeat=0 scope=internal_cv fold=6 epoch=45/50 ssl_loss=0.039831 lr=0.000005213 base_val_bce=0.664773 base_best=N base_cls_epoch=21 epoch_seconds=3.6 task_elapsed_minutes=3.0 gpu_alloc_gb=0.318 gpu_reserved_gb=1.744
[SSL] repeat=0 scope=internal_cv fold=6 epoch=46/50 ssl_loss=0.041023 lr=0.000003352 base_val_bce=0.664923 base_best=N base_cls_epoch=25 epoch_seconds=3.6 task_elapsed_minutes=3.1 gpu_alloc_gb=0.317 gpu_reserved_gb=2.008
[SSL] repeat=0 scope=internal_cv fold=6 epoch=47/50 ssl_loss=0.035005 lr=0.000001892 base_val_bce=0.666727 base_best=N base_cls_epoch=27 epoch_seconds=3.7 task_elapsed_minutes=3.1 gpu_alloc_gb=0.318 gpu_reserved_gb=1.744
[SSL] repeat=0 scope=internal_cv fold=6 epoch=48/50 ssl_loss=0.040626 lr=0.000000843 base_val_bce=0.664868 base_best=N base_cls_epoch=26 epoch_seconds=3.8 task_elapsed_minutes=3.2 gpu_alloc_gb=0.317 gpu_reserved_gb=2.008
[SSL] repeat=0 scope=internal_cv fold=6 epoch=49/50 ssl_loss=0.037935 lr=0.000000211 base_val_bce=0.666680 base_best=N base_cls_epoch=24 epoch_seconds=3.1 task_elapsed_minutes=3.2 gpu_alloc_gb=0.318 gpu_reserved_gb=1.744
CHECKPOINT_LATEST repeat=0 scope=internal_cv fold=6 phase=ssl epoch=50 path=/data/adodas/VarCoNet-V2-main/xiaolunwen/experiment1b/checkpoints/worker_r0_latest.pt
[SSL] repeat=0 scope=internal_cv fold=6 epoch=50/50 ssl_loss=0.033588 lr=0.000000000 base_val_bce=0.673889 base_best=N base_cls_epoch=27 epoch_seconds=3.6 task_elapsed_minutes=3.3 gpu_alloc_gb=0.317 gpu_reserved_gb=2.008
CRSM_INIT repeat=0 scope=internal_cv fold=6 n_experts=2 tau=1.0 trainable_parameters=147074 hc_centroid_norm=23.120167 pca_unit_norm=1.00000000 pca_singular=152.336273 sigma_margin=1.246824 sigma_projection=8.058292 ratio=0.0100 scale=0.00154725532 epoch0_val_bce=0.657959
CHECKPOINT_LATEST repeat=0 scope=internal_cv fold=6 phase=crsm epoch=0 path=/data/adodas/VarCoNet-V2-main/xiaolunwen/experiment1b/checkpoints/worker_r0_latest.pt
CHECKPOINT_BEST repeat=0 scope=internal_cv fold=6 phase=crsm epoch=0 path=/data/adodas/VarCoNet-V2-main/xiaolunwen/experiment1b/checkpoints/worker_r0_best.pt
CHECKPOINT_LATEST repeat=0 scope=internal_cv fold=6 phase=crsm epoch=10 path=/data/adodas/VarCoNet-V2-main/xiaolunwen/experiment1b/checkpoints/worker_r0_latest.pt
[CRSM] repeat=0 scope=internal_cv fold=6 epoch=10/149 train_loss=0.270893 val_bce=0.664040 best=N best_epoch=0 mass=(0.5001,0.4999) hard=(0.3145,0.6855) entropy=0.692960 delta_l2=(0.131036,0.131056) delta_cos=0.992461 epoch_seconds=0.26
CHECKPOINT_LATEST repeat=0 scope=internal_cv fold=6 phase=crsm epoch=20 path=/data/adodas/VarCoNet-V2-main/xiaolunwen/experiment1b/checkpoints/worker_r0_latest.pt
[CRSM] repeat=0 scope=internal_cv fold=6 epoch=20/149 train_loss=0.236482 val_bce=0.670864 best=N best_epoch=0 mass=(0.5004,0.4996) hard=(0.3309,0.6691) entropy=0.692712 delta_l2=(0.251108,0.251076) delta_cos=0.993197 epoch_seconds=0.23
CHECKPOINT_LATEST repeat=0 scope=internal_cv fold=6 phase=crsm epoch=30 path=/data/adodas/VarCoNet-V2-main/xiaolunwen/experiment1b/checkpoints/worker_r0_latest.pt
[CRSM] repeat=0 scope=internal_cv fold=6 epoch=30/149 train_loss=0.212091 val_bce=0.681161 best=N best_epoch=0 mass=(0.5011,0.4989) hard=(0.3516,0.6484) entropy=0.692226 delta_l2=(0.359175,0.359210) delta_cos=0.992289 epoch_seconds=0.25
CHECKPOINT_LATEST repeat=0 scope=internal_cv fold=6 phase=crsm epoch=40 path=/data/adodas/VarCoNet-V2-main/xiaolunwen/experiment1b/checkpoints/worker_r0_latest.pt
[CRSM] repeat=0 scope=internal_cv fold=6 epoch=40/149 train_loss=0.194590 val_bce=0.694487 best=N best_epoch=0 mass=(0.5020,0.4980) hard=(0.3813,0.6187) entropy=0.691252 delta_l2=(0.455569,0.455841) delta_cos=0.990154 epoch_seconds=0.24
CHECKPOINT_LATEST repeat=0 scope=internal_cv fold=6 phase=crsm epoch=50 path=/data/adodas/VarCoNet-V2-main/xiaolunwen/experiment1b/checkpoints/worker_r0_latest.pt
[CRSM] repeat=0 scope=internal_cv fold=6 epoch=50/149 train_loss=0.181854 val_bce=0.708180 best=N best_epoch=0 mass=(0.5034,0.4966) hard=(0.4050,0.5950) entropy=0.689375 delta_l2=(0.541482,0.542154) delta_cos=0.986434 epoch_seconds=0.40
CHECKPOINT_LATEST repeat=0 scope=internal_cv fold=6 phase=crsm epoch=60 path=/data/adodas/VarCoNet-V2-main/xiaolunwen/experiment1b/checkpoints/worker_r0_latest.pt
[CRSM] repeat=0 scope=internal_cv fold=6 epoch=60/149 train_loss=0.172416 val_bce=0.722140 best=N best_epoch=0 mass=(0.5053,0.4947) hard=(0.4258,0.5742) entropy=0.686097 delta_l2=(0.618162,0.619462) delta_cos=0.980507 epoch_seconds=0.41
CHECKPOINT_LATEST repeat=0 scope=internal_cv fold=6 phase=crsm epoch=70 path=/data/adodas/VarCoNet-V2-main/xiaolunwen/experiment1b/checkpoints/worker_r0_latest.pt
[CRSM] repeat=0 scope=internal_cv fold=6 epoch=70/149 train_loss=0.165265 val_bce=0.736301 best=N best_epoch=0 mass=(0.5075,0.4925) hard=(0.4451,0.5549) entropy=0.680856 delta_l2=(0.686819,0.689056) delta_cos=0.971647 epoch_seconds=0.25
CHECKPOINT_LATEST repeat=0 scope=internal_cv fold=6 phase=crsm epoch=80 path=/data/adodas/VarCoNet-V2-main/xiaolunwen/experiment1b/checkpoints/worker_r0_latest.pt
[CRSM] repeat=0 scope=internal_cv fold=6 epoch=80/149 train_loss=0.159706 val_bce=0.750428 best=N best_epoch=0 mass=(0.5100,0.4900) hard=(0.4614,0.5386) entropy=0.673089 delta_l2=(0.748638,0.752141) delta_cos=0.959214 epoch_seconds=0.62
CHECKPOINT_LATEST repeat=0 scope=internal_cv fold=6 phase=crsm epoch=90 path=/data/adodas/VarCoNet-V2-main/xiaolunwen/experiment1b/checkpoints/worker_r0_latest.pt
[CRSM] repeat=0 scope=internal_cv fold=6 epoch=90/149 train_loss=0.155268 val_bce=0.764685 best=N best_epoch=0 mass=(0.5126,0.4874) hard=(0.4777,0.5223) entropy=0.662561 delta_l2=(0.804758,0.809792) delta_cos=0.942881 epoch_seconds=0.22
CHECKPOINT_LATEST repeat=0 scope=internal_cv fold=6 phase=crsm epoch=100 path=/data/adodas/VarCoNet-V2-main/xiaolunwen/experiment1b/checkpoints/worker_r0_latest.pt
[CRSM] repeat=0 scope=internal_cv fold=6 epoch=100/149 train_loss=0.151648 val_bce=0.778858 best=N best_epoch=0 mass=(0.5152,0.4848) hard=(0.4822,0.5178) entropy=0.649515 delta_l2=(0.856196,0.862905) delta_cos=0.922840 epoch_seconds=0.53
CHECKPOINT_LATEST repeat=0 scope=internal_cv fold=6 phase=crsm epoch=110 path=/data/adodas/VarCoNet-V2-main/xiaolunwen/experiment1b/checkpoints/worker_r0_latest.pt
[CRSM] repeat=0 scope=internal_cv fold=6 epoch=110/149 train_loss=0.148652 val_bce=0.792822 best=N best_epoch=0 mass=(0.5175,0.4825) hard=(0.4941,0.5059) entropy=0.634639 delta_l2=(0.903740,0.912166) delta_cos=0.899804 epoch_seconds=0.25
CHECKPOINT_LATEST repeat=0 scope=internal_cv fold=6 phase=crsm epoch=120 path=/data/adodas/VarCoNet-V2-main/xiaolunwen/experiment1b/checkpoints/worker_r0_latest.pt
[CRSM] repeat=0 scope=internal_cv fold=6 epoch=120/149 train_loss=0.146151 val_bce=0.806519 best=N best_epoch=0 mass=(0.5194,0.4806) hard=(0.5015,0.4985) entropy=0.618797 delta_l2=(0.947931,0.958081) delta_cos=0.874788 epoch_seconds=0.22
CHECKPOINT_LATEST repeat=0 scope=internal_cv fold=6 phase=crsm epoch=130 path=/data/adodas/VarCoNet-V2-main/xiaolunwen/experiment1b/checkpoints/worker_r0_latest.pt
[CRSM] repeat=0 scope=internal_cv fold=6 epoch=130/149 train_loss=0.144055 val_bce=0.819852 best=N best_epoch=0 mass=(0.5210,0.4790) hard=(0.5000,0.5000) entropy=0.602758 delta_l2=(0.989120,1.001019) delta_cos=0.848827 epoch_seconds=0.45
CHECKPOINT_LATEST repeat=0 scope=internal_cv fold=6 phase=crsm epoch=140 path=/data/adodas/VarCoNet-V2-main/xiaolunwen/experiment1b/checkpoints/worker_r0_latest.pt
[CRSM] repeat=0 scope=internal_cv fold=6 epoch=140/149 train_loss=0.142292 val_bce=0.832775 best=N best_epoch=0 mass=(0.5222,0.4778) hard=(0.5059,0.4941) entropy=0.587109 delta_l2=(1.027553,1.041262) delta_cos=0.822787 epoch_seconds=0.41
TASK_TRAINING_DONE repeat=0 scope=internal_cv fold=6 base_encoder_epoch=34 base_classifier_epoch=26 base_val_bce=0.657958 selected_crsm_epoch=0 crsm_val_bce=0.657959 treatment_threshold=0.407442 elapsed_minutes=3.4
TASK_DONE repeat=0 scope=internal_fold fold=6 method=baseline selected_encoder_epoch=34 test_auc=0.734821 test_bce=0.604572 elapsed_minutes=3.4
TASK_DONE repeat=0 scope=internal_fold fold=6 method=control_referenced_soft_multiboundary selected_encoder_epoch=34 test_auc=0.734302 test_bce=0.604578 elapsed_minutes=3.4
TASK_START repeat=0 scope=internal_cv fold=7 seed=100007 device=cuda:0 shared_encoder=Y reference_unique_n=674 train_n=750 val_n=120
CHECKPOINT_BEST repeat=0 scope=internal_cv fold=7 phase=ssl epoch=1 path=/data/adodas/VarCoNet-V2-main/xiaolunwen/experiment1b/checkpoints/worker_r0_best.pt
[SSL] repeat=0 scope=internal_cv fold=7 epoch=1/50 ssl_loss=0.143736 lr=0.000024107 base_val_bce=0.675033 base_best=Y base_cls_epoch=13 epoch_seconds=3.8 task_elapsed_minutes=0.1 gpu_alloc_gb=0.318 gpu_reserved_gb=1.744
CHECKPOINT_BEST repeat=0 scope=internal_cv fold=7 phase=ssl epoch=2 path=/data/adodas/VarCoNet-V2-main/xiaolunwen/experiment1b/checkpoints/worker_r0_best.pt
[SSL] repeat=0 scope=internal_cv fold=7 epoch=2/50 ssl_loss=0.147607 lr=0.000038214 base_val_bce=0.671199 base_best=Y base_cls_epoch=24 epoch_seconds=3.8 task_elapsed_minutes=0.1 gpu_alloc_gb=0.317 gpu_reserved_gb=2.008
[SSL] repeat=0 scope=internal_cv fold=7 epoch=3/50 ssl_loss=0.150027 lr=0.000052321 base_val_bce=0.672766 base_best=N base_cls_epoch=9 epoch_seconds=3.7 task_elapsed_minutes=0.2 gpu_alloc_gb=0.318 gpu_reserved_gb=1.744
[SSL] repeat=0 scope=internal_cv fold=7 epoch=4/50 ssl_loss=0.121602 lr=0.000066427 base_val_bce=0.677118 base_best=N base_cls_epoch=9 epoch_seconds=3.8 task_elapsed_minutes=0.3 gpu_alloc_gb=0.317 gpu_reserved_gb=2.008
CHECKPOINT_BEST repeat=0 scope=internal_cv fold=7 phase=ssl epoch=5 path=/data/adodas/VarCoNet-V2-main/xiaolunwen/experiment1b/checkpoints/worker_r0_best.pt
[SSL] repeat=0 scope=internal_cv fold=7 epoch=5/50 ssl_loss=0.111435 lr=0.000080534 base_val_bce=0.670596 base_best=Y base_cls_epoch=13 epoch_seconds=4.0 task_elapsed_minutes=0.3 gpu_alloc_gb=0.318 gpu_reserved_gb=1.744
[SSL] repeat=0 scope=internal_cv fold=7 epoch=6/50 ssl_loss=0.098782 lr=0.000094641 base_val_bce=0.676980 base_best=N base_cls_epoch=13 epoch_seconds=3.9 task_elapsed_minutes=0.4 gpu_alloc_gb=0.317 gpu_reserved_gb=2.008
CHECKPOINT_BEST repeat=0 scope=internal_cv fold=7 phase=ssl epoch=7 path=/data/adodas/VarCoNet-V2-main/xiaolunwen/experiment1b/checkpoints/worker_r0_best.pt
[SSL] repeat=0 scope=internal_cv fold=7 epoch=7/50 ssl_loss=0.091116 lr=0.000108748 base_val_bce=0.661181 base_best=Y base_cls_epoch=12 epoch_seconds=4.2 task_elapsed_minutes=0.5 gpu_alloc_gb=0.318 gpu_reserved_gb=1.744
[SSL] repeat=0 scope=internal_cv fold=7 epoch=8/50 ssl_loss=0.092354 lr=0.000122855 base_val_bce=0.662565 base_best=N base_cls_epoch=14 epoch_seconds=3.9 task_elapsed_minutes=0.5 gpu_alloc_gb=0.317 gpu_reserved_gb=2.008
CHECKPOINT_BEST repeat=0 scope=internal_cv fold=7 phase=ssl epoch=9 path=/data/adodas/VarCoNet-V2-main/xiaolunwen/experiment1b/checkpoints/worker_r0_best.pt
[SSL] repeat=0 scope=internal_cv fold=7 epoch=9/50 ssl_loss=0.091147 lr=0.000136962 base_val_bce=0.661127 base_best=Y base_cls_epoch=14 epoch_seconds=4.1 task_elapsed_minutes=0.6 gpu_alloc_gb=0.318 gpu_reserved_gb=1.744
CHECKPOINT_LATEST repeat=0 scope=internal_cv fold=7 phase=ssl epoch=10 path=/data/adodas/VarCoNet-V2-main/xiaolunwen/experiment1b/checkpoints/worker_r0_latest.pt
[SSL] repeat=0 scope=internal_cv fold=7 epoch=10/50 ssl_loss=0.089615 lr=0.000136962 base_val_bce=0.665577 base_best=N base_cls_epoch=30 epoch_seconds=4.1 task_elapsed_minutes=0.7 gpu_alloc_gb=0.317 gpu_reserved_gb=2.008
CHECKPOINT_BEST repeat=0 scope=internal_cv fold=7 phase=ssl epoch=11 path=/data/adodas/VarCoNet-V2-main/xiaolunwen/experiment1b/checkpoints/worker_r0_best.pt
[SSL] repeat=0 scope=internal_cv fold=7 epoch=11/50 ssl_loss=0.055044 lr=0.000136751 base_val_bce=0.647685 base_best=Y base_cls_epoch=34 epoch_seconds=4.0 task_elapsed_minutes=0.7 gpu_alloc_gb=0.318 gpu_reserved_gb=1.744
[SSL] repeat=0 scope=internal_cv fold=7 epoch=12/50 ssl_loss=0.072740 lr=0.000136119 base_val_bce=0.669218 base_best=N base_cls_epoch=34 epoch_seconds=3.7 task_elapsed_minutes=0.8 gpu_alloc_gb=0.317 gpu_reserved_gb=2.008
CHECKPOINT_BEST repeat=0 scope=internal_cv fold=7 phase=ssl epoch=13 path=/data/adodas/VarCoNet-V2-main/xiaolunwen/experiment1b/checkpoints/worker_r0_best.pt
[SSL] repeat=0 scope=internal_cv fold=7 epoch=13/50 ssl_loss=0.073265 lr=0.000135070 base_val_bce=0.646921 base_best=Y base_cls_epoch=30 epoch_seconds=4.1 task_elapsed_minutes=0.8 gpu_alloc_gb=0.318 gpu_reserved_gb=1.744
[SSL] repeat=0 scope=internal_cv fold=7 epoch=14/50 ssl_loss=0.068195 lr=0.000133610 base_val_bce=0.647748 base_best=N base_cls_epoch=35 epoch_seconds=3.8 task_elapsed_minutes=0.9 gpu_alloc_gb=0.317 gpu_reserved_gb=2.008
[SSL] repeat=0 scope=internal_cv fold=7 epoch=15/50 ssl_loss=0.063386 lr=0.000131749 base_val_bce=0.651743 base_best=N base_cls_epoch=33 epoch_seconds=3.7 task_elapsed_minutes=1.0 gpu_alloc_gb=0.318 gpu_reserved_gb=1.744
[SSL] repeat=0 scope=internal_cv fold=7 epoch=16/50 ssl_loss=0.054793 lr=0.000129498 base_val_bce=0.649870 base_best=N base_cls_epoch=33 epoch_seconds=3.9 task_elapsed_minutes=1.0 gpu_alloc_gb=0.317 gpu_reserved_gb=2.008
[SSL] repeat=0 scope=internal_cv fold=7 epoch=17/50 ssl_loss=0.048565 lr=0.000126870 base_val_bce=0.656543 base_best=N base_cls_epoch=32 epoch_seconds=3.8 task_elapsed_minutes=1.1 gpu_alloc_gb=0.318 gpu_reserved_gb=1.744
[SSL] repeat=0 scope=internal_cv fold=7 epoch=18/50 ssl_loss=0.062648 lr=0.000123883 base_val_bce=0.652364 base_best=N base_cls_epoch=37 epoch_seconds=3.7 task_elapsed_minutes=1.2 gpu_alloc_gb=0.317 gpu_reserved_gb=2.008
CHECKPOINT_BEST repeat=0 scope=internal_cv fold=7 phase=ssl epoch=19 path=/data/adodas/VarCoNet-V2-main/xiaolunwen/experiment1b/checkpoints/worker_r0_best.pt
[SSL] repeat=0 scope=internal_cv fold=7 epoch=19/50 ssl_loss=0.050324 lr=0.000120554 base_val_bce=0.638981 base_best=Y base_cls_epoch=37 epoch_seconds=4.1 task_elapsed_minutes=1.2 gpu_alloc_gb=0.318 gpu_reserved_gb=1.744
CHECKPOINT_LATEST repeat=0 scope=internal_cv fold=7 phase=ssl epoch=20 path=/data/adodas/VarCoNet-V2-main/xiaolunwen/experiment1b/checkpoints/worker_r0_latest.pt
[SSL] repeat=0 scope=internal_cv fold=7 epoch=20/50 ssl_loss=0.046178 lr=0.000116904 base_val_bce=0.654737 base_best=N base_cls_epoch=37 epoch_seconds=4.3 task_elapsed_minutes=1.3 gpu_alloc_gb=0.317 gpu_reserved_gb=2.008
[SSL] repeat=0 scope=internal_cv fold=7 epoch=21/50 ssl_loss=0.055214 lr=0.000112956 base_val_bce=0.649563 base_best=N base_cls_epoch=38 epoch_seconds=3.5 task_elapsed_minutes=1.4 gpu_alloc_gb=0.318 gpu_reserved_gb=1.744
CHECKPOINT_BEST repeat=0 scope=internal_cv fold=7 phase=ssl epoch=22 path=/data/adodas/VarCoNet-V2-main/xiaolunwen/experiment1b/checkpoints/worker_r0_best.pt
[SSL] repeat=0 scope=internal_cv fold=7 epoch=22/50 ssl_loss=0.041183 lr=0.000108733 base_val_bce=0.637561 base_best=Y base_cls_epoch=41 epoch_seconds=4.2 task_elapsed_minutes=1.4 gpu_alloc_gb=0.317 gpu_reserved_gb=2.008
[SSL] repeat=0 scope=internal_cv fold=7 epoch=23/50 ssl_loss=0.042290 lr=0.000104262 base_val_bce=0.642263 base_best=N base_cls_epoch=40 epoch_seconds=3.8 task_elapsed_minutes=1.5 gpu_alloc_gb=0.318 gpu_reserved_gb=1.744
[SSL] repeat=0 scope=internal_cv fold=7 epoch=24/50 ssl_loss=0.048438 lr=0.000099570 base_val_bce=0.641038 base_best=N base_cls_epoch=36 epoch_seconds=3.7 task_elapsed_minutes=1.6 gpu_alloc_gb=0.317 gpu_reserved_gb=2.008
[SSL] repeat=0 scope=internal_cv fold=7 epoch=25/50 ssl_loss=0.054851 lr=0.000094687 base_val_bce=0.641345 base_best=N base_cls_epoch=38 epoch_seconds=3.8 task_elapsed_minutes=1.6 gpu_alloc_gb=0.318 gpu_reserved_gb=1.744
CHECKPOINT_BEST repeat=0 scope=internal_cv fold=7 phase=ssl epoch=26 path=/data/adodas/VarCoNet-V2-main/xiaolunwen/experiment1b/checkpoints/worker_r0_best.pt
[SSL] repeat=0 scope=internal_cv fold=7 epoch=26/50 ssl_loss=0.039579 lr=0.000089643 base_val_bce=0.633751 base_best=Y base_cls_epoch=41 epoch_seconds=4.1 task_elapsed_minutes=1.7 gpu_alloc_gb=0.317 gpu_reserved_gb=2.008
[SSL] repeat=0 scope=internal_cv fold=7 epoch=27/50 ssl_loss=0.047349 lr=0.000084467 base_val_bce=0.634549 base_best=N base_cls_epoch=38 epoch_seconds=3.7 task_elapsed_minutes=1.8 gpu_alloc_gb=0.318 gpu_reserved_gb=1.744
[SSL] repeat=0 scope=internal_cv fold=7 epoch=28/50 ssl_loss=0.044444 lr=0.000079194 base_val_bce=0.643423 base_best=N base_cls_epoch=38 epoch_seconds=3.8 task_elapsed_minutes=1.8 gpu_alloc_gb=0.317 gpu_reserved_gb=2.008
CHECKPOINT_BEST repeat=0 scope=internal_cv fold=7 phase=ssl epoch=29 path=/data/adodas/VarCoNet-V2-main/xiaolunwen/experiment1b/checkpoints/worker_r0_best.pt
[SSL] repeat=0 scope=internal_cv fold=7 epoch=29/50 ssl_loss=0.046026 lr=0.000073854 base_val_bce=0.632363 base_best=Y base_cls_epoch=39 epoch_seconds=4.1 task_elapsed_minutes=1.9 gpu_alloc_gb=0.318 gpu_reserved_gb=1.744
CHECKPOINT_LATEST repeat=0 scope=internal_cv fold=7 phase=ssl epoch=30 path=/data/adodas/VarCoNet-V2-main/xiaolunwen/experiment1b/checkpoints/worker_r0_latest.pt
[SSL] repeat=0 scope=internal_cv fold=7 epoch=30/50 ssl_loss=0.037064 lr=0.000068481 base_val_bce=0.645008 base_best=N base_cls_epoch=40 epoch_seconds=4.1 task_elapsed_minutes=2.0 gpu_alloc_gb=0.317 gpu_reserved_gb=2.008
[SSL] repeat=0 scope=internal_cv fold=7 epoch=31/50 ssl_loss=0.044200 lr=0.000063108 base_val_bce=0.643114 base_best=N base_cls_epoch=37 epoch_seconds=3.8 task_elapsed_minutes=2.0 gpu_alloc_gb=0.318 gpu_reserved_gb=1.744
[SSL] repeat=0 scope=internal_cv fold=7 epoch=32/50 ssl_loss=0.036946 lr=0.000057768 base_val_bce=0.636585 base_best=N base_cls_epoch=41 epoch_seconds=3.6 task_elapsed_minutes=2.1 gpu_alloc_gb=0.317 gpu_reserved_gb=2.008
[SSL] repeat=0 scope=internal_cv fold=7 epoch=33/50 ssl_loss=0.047358 lr=0.000052494 base_val_bce=0.640780 base_best=N base_cls_epoch=42 epoch_seconds=3.6 task_elapsed_minutes=2.1 gpu_alloc_gb=0.318 gpu_reserved_gb=1.744
[SSL] repeat=0 scope=internal_cv fold=7 epoch=34/50 ssl_loss=0.048032 lr=0.000047319 base_val_bce=0.635227 base_best=N base_cls_epoch=38 epoch_seconds=3.5 task_elapsed_minutes=2.2 gpu_alloc_gb=0.317 gpu_reserved_gb=2.008
[SSL] repeat=0 scope=internal_cv fold=7 epoch=35/50 ssl_loss=0.043885 lr=0.000042274 base_val_bce=0.635942 base_best=N base_cls_epoch=41 epoch_seconds=3.2 task_elapsed_minutes=2.3 gpu_alloc_gb=0.318 gpu_reserved_gb=1.744
[SSL] repeat=0 scope=internal_cv fold=7 epoch=36/50 ssl_loss=0.046205 lr=0.000037391 base_val_bce=0.636425 base_best=N base_cls_epoch=39 epoch_seconds=3.4 task_elapsed_minutes=2.3 gpu_alloc_gb=0.317 gpu_reserved_gb=2.008
[SSL] repeat=0 scope=internal_cv fold=7 epoch=37/50 ssl_loss=0.045298 lr=0.000032700 base_val_bce=0.642341 base_best=N base_cls_epoch=40 epoch_seconds=3.7 task_elapsed_minutes=2.4 gpu_alloc_gb=0.318 gpu_reserved_gb=1.744
[SSL] repeat=0 scope=internal_cv fold=7 epoch=38/50 ssl_loss=0.034765 lr=0.000028229 base_val_bce=0.641520 base_best=N base_cls_epoch=41 epoch_seconds=3.8 task_elapsed_minutes=2.4 gpu_alloc_gb=0.317 gpu_reserved_gb=2.008
[SSL] repeat=0 scope=internal_cv fold=7 epoch=39/50 ssl_loss=0.041668 lr=0.000024006 base_val_bce=0.638261 base_best=N base_cls_epoch=39 epoch_seconds=3.9 task_elapsed_minutes=2.5 gpu_alloc_gb=0.318 gpu_reserved_gb=1.744
CHECKPOINT_LATEST repeat=0 scope=internal_cv fold=7 phase=ssl epoch=40 path=/data/adodas/VarCoNet-V2-main/xiaolunwen/experiment1b/checkpoints/worker_r0_latest.pt
[SSL] repeat=0 scope=internal_cv fold=7 epoch=40/50 ssl_loss=0.043093 lr=0.000020058 base_val_bce=0.636764 base_best=N base_cls_epoch=41 epoch_seconds=4.0 task_elapsed_minutes=2.6 gpu_alloc_gb=0.317 gpu_reserved_gb=2.008
[SSL] repeat=0 scope=internal_cv fold=7 epoch=41/50 ssl_loss=0.043862 lr=0.000016408 base_val_bce=0.635789 base_best=N base_cls_epoch=38 epoch_seconds=3.8 task_elapsed_minutes=2.6 gpu_alloc_gb=0.318 gpu_reserved_gb=1.744
[SSL] repeat=0 scope=internal_cv fold=7 epoch=42/50 ssl_loss=0.047901 lr=0.000013079 base_val_bce=0.645482 base_best=N base_cls_epoch=41 epoch_seconds=3.7 task_elapsed_minutes=2.7 gpu_alloc_gb=0.317 gpu_reserved_gb=2.008
[SSL] repeat=0 scope=internal_cv fold=7 epoch=43/50 ssl_loss=0.032440 lr=0.000010091 base_val_bce=0.638029 base_best=N base_cls_epoch=41 epoch_seconds=3.0 task_elapsed_minutes=2.7 gpu_alloc_gb=0.318 gpu_reserved_gb=1.744
CHECKPOINT_BEST repeat=0 scope=internal_cv fold=7 phase=ssl epoch=44 path=/data/adodas/VarCoNet-V2-main/xiaolunwen/experiment1b/checkpoints/worker_r0_best.pt
[SSL] repeat=0 scope=internal_cv fold=7 epoch=44/50 ssl_loss=0.045721 lr=0.000007464 base_val_bce=0.627780 base_best=Y base_cls_epoch=44 epoch_seconds=5.7 task_elapsed_minutes=2.8 gpu_alloc_gb=0.317 gpu_reserved_gb=2.008
[SSL] repeat=0 scope=internal_cv fold=7 epoch=45/50 ssl_loss=0.045421 lr=0.000005213 base_val_bce=0.642722 base_best=N base_cls_epoch=40 epoch_seconds=3.2 task_elapsed_minutes=2.9 gpu_alloc_gb=0.318 gpu_reserved_gb=1.744
[SSL] repeat=0 scope=internal_cv fold=7 epoch=46/50 ssl_loss=0.044277 lr=0.000003352 base_val_bce=0.638347 base_best=N base_cls_epoch=38 epoch_seconds=2.7 task_elapsed_minutes=2.9 gpu_alloc_gb=0.317 gpu_reserved_gb=2.008
[SSL] repeat=0 scope=internal_cv fold=7 epoch=47/50 ssl_loss=0.043018 lr=0.000001892 base_val_bce=0.644648 base_best=N base_cls_epoch=37 epoch_seconds=3.2 task_elapsed_minutes=3.0 gpu_alloc_gb=0.318 gpu_reserved_gb=1.744
[SSL] repeat=0 scope=internal_cv fold=7 epoch=48/50 ssl_loss=0.039081 lr=0.000000843 base_val_bce=0.640074 base_best=N base_cls_epoch=40 epoch_seconds=3.4 task_elapsed_minutes=3.0 gpu_alloc_gb=0.317 gpu_reserved_gb=2.008
[SSL] repeat=0 scope=internal_cv fold=7 epoch=49/50 ssl_loss=0.047129 lr=0.000000211 base_val_bce=0.635682 base_best=N base_cls_epoch=39 epoch_seconds=3.8 task_elapsed_minutes=3.1 gpu_alloc_gb=0.318 gpu_reserved_gb=1.744
CHECKPOINT_LATEST repeat=0 scope=internal_cv fold=7 phase=ssl epoch=50 path=/data/adodas/VarCoNet-V2-main/xiaolunwen/experiment1b/checkpoints/worker_r0_latest.pt
[SSL] repeat=0 scope=internal_cv fold=7 epoch=50/50 ssl_loss=0.054557 lr=0.000000000 base_val_bce=0.628581 base_best=N base_cls_epoch=38 epoch_seconds=4.1 task_elapsed_minutes=3.2 gpu_alloc_gb=0.317 gpu_reserved_gb=2.008
CRSM_INIT repeat=0 scope=internal_cv fold=7 n_experts=2 tau=1.0 trainable_parameters=147074 hc_centroid_norm=23.360882 pca_unit_norm=1.00000000 pca_singular=153.437897 sigma_margin=1.620358 sigma_projection=7.649213 ratio=0.0100 scale=0.00211833254 epoch0_val_bce=0.627791
CHECKPOINT_LATEST repeat=0 scope=internal_cv fold=7 phase=crsm epoch=0 path=/data/adodas/VarCoNet-V2-main/xiaolunwen/experiment1b/checkpoints/worker_r0_latest.pt
CHECKPOINT_BEST repeat=0 scope=internal_cv fold=7 phase=crsm epoch=0 path=/data/adodas/VarCoNet-V2-main/xiaolunwen/experiment1b/checkpoints/worker_r0_best.pt
CHECKPOINT_LATEST repeat=0 scope=internal_cv fold=7 phase=crsm epoch=10 path=/data/adodas/VarCoNet-V2-main/xiaolunwen/experiment1b/checkpoints/worker_r0_latest.pt
[CRSM] repeat=0 scope=internal_cv fold=7 epoch=10/149 train_loss=0.187853 val_bce=0.638205 best=N best_epoch=0 mass=(0.5022,0.4978) hard=(0.4674,0.5326) entropy=0.692862 delta_l2=(0.130478,0.129710) delta_cos=0.990800 epoch_seconds=0.24
CHECKPOINT_LATEST repeat=0 scope=internal_cv fold=7 phase=crsm epoch=20 path=/data/adodas/VarCoNet-V2-main/xiaolunwen/experiment1b/checkpoints/worker_r0_latest.pt
[CRSM] repeat=0 scope=internal_cv fold=7 epoch=20/149 train_loss=0.164022 val_bce=0.650162 best=N best_epoch=0 mass=(0.5033,0.4967) hard=(0.4777,0.5223) entropy=0.692521 delta_l2=(0.248949,0.248215) delta_cos=0.991612 epoch_seconds=0.24
CHECKPOINT_LATEST repeat=0 scope=internal_cv fold=7 phase=crsm epoch=30 path=/data/adodas/VarCoNet-V2-main/xiaolunwen/experiment1b/checkpoints/worker_r0_latest.pt
[CRSM] repeat=0 scope=internal_cv fold=7 epoch=30/149 train_loss=0.147023 val_bce=0.662587 best=N best_epoch=0 mass=(0.5048,0.4952) hard=(0.4896,0.5104) entropy=0.691819 delta_l2=(0.356088,0.355274) delta_cos=0.990237 epoch_seconds=0.25
CHECKPOINT_LATEST repeat=0 scope=internal_cv fold=7 phase=crsm epoch=40 path=/data/adodas/VarCoNet-V2-main/xiaolunwen/experiment1b/checkpoints/worker_r0_latest.pt
[CRSM] repeat=0 scope=internal_cv fold=7 epoch=40/149 train_loss=0.134716 val_bce=0.676437 best=N best_epoch=0 mass=(0.5071,0.4929) hard=(0.4926,0.5074) entropy=0.690259 delta_l2=(0.452338,0.451332) delta_cos=0.986893 epoch_seconds=0.23
CHECKPOINT_LATEST repeat=0 scope=internal_cv fold=7 phase=crsm epoch=50 path=/data/adodas/VarCoNet-V2-main/xiaolunwen/experiment1b/checkpoints/worker_r0_latest.pt
[CRSM] repeat=0 scope=internal_cv fold=7 epoch=50/149 train_loss=0.125672 val_bce=0.691376 best=N best_epoch=0 mass=(0.5102,0.4898) hard=(0.4970,0.5030) entropy=0.687004 delta_l2=(0.538666,0.537367) delta_cos=0.980830 epoch_seconds=0.27
CHECKPOINT_LATEST repeat=0 scope=internal_cv fold=7 phase=crsm epoch=60 path=/data/adodas/VarCoNet-V2-main/xiaolunwen/experiment1b/checkpoints/worker_r0_latest.pt
[CRSM] repeat=0 scope=internal_cv fold=7 epoch=60/149 train_loss=0.118887 val_bce=0.707122 best=N best_epoch=0 mass=(0.5142,0.4858) hard=(0.4926,0.5074) entropy=0.680928 delta_l2=(0.616207,0.614485) delta_cos=0.970772 epoch_seconds=0.23
CHECKPOINT_LATEST repeat=0 scope=internal_cv fold=7 phase=crsm epoch=70 path=/data/adodas/VarCoNet-V2-main/xiaolunwen/experiment1b/checkpoints/worker_r0_latest.pt
[CRSM] repeat=0 scope=internal_cv fold=7 epoch=70/149 train_loss=0.113666 val_bce=0.723448 best=N best_epoch=0 mass=(0.5185,0.4815) hard=(0.4941,0.5059) entropy=0.671062 delta_l2=(0.686142,0.683915) delta_cos=0.955431 epoch_seconds=0.25
CHECKPOINT_LATEST repeat=0 scope=internal_cv fold=7 phase=crsm epoch=80 path=/data/adodas/VarCoNet-V2-main/xiaolunwen/experiment1b/checkpoints/worker_r0_latest.pt
[CRSM] repeat=0 scope=internal_cv fold=7 epoch=80/149 train_loss=0.109543 val_bce=0.740328 best=N best_epoch=0 mass=(0.5224,0.4776) hard=(0.5059,0.4941) entropy=0.657432 delta_l2=(0.749580,0.746944) delta_cos=0.934226 epoch_seconds=0.40
CHECKPOINT_LATEST repeat=0 scope=internal_cv fold=7 phase=crsm epoch=90 path=/data/adodas/VarCoNet-V2-main/xiaolunwen/experiment1b/checkpoints/worker_r0_latest.pt
[CRSM] repeat=0 scope=internal_cv fold=7 epoch=90/149 train_loss=0.106226 val_bce=0.757539 best=N best_epoch=0 mass=(0.5256,0.4744) hard=(0.5074,0.4926) entropy=0.641134 delta_l2=(0.807456,0.804708) delta_cos=0.907721 epoch_seconds=0.50
CHECKPOINT_LATEST repeat=0 scope=internal_cv fold=7 phase=crsm epoch=100 path=/data/adodas/VarCoNet-V2-main/xiaolunwen/experiment1b/checkpoints/worker_r0_latest.pt
[CRSM] repeat=0 scope=internal_cv fold=7 epoch=100/149 train_loss=0.103532 val_bce=0.774705 best=N best_epoch=0 mass=(0.5281,0.4719) hard=(0.5089,0.4911) entropy=0.623572 delta_l2=(0.860504,0.858035) delta_cos=0.877497 epoch_seconds=0.22
CHECKPOINT_LATEST repeat=0 scope=internal_cv fold=7 phase=crsm epoch=110 path=/data/adodas/VarCoNet-V2-main/xiaolunwen/experiment1b/checkpoints/worker_r0_latest.pt
[CRSM] repeat=0 scope=internal_cv fold=7 epoch=110/149 train_loss=0.101334 val_bce=0.791584 best=N best_epoch=0 mass=(0.5299,0.4701) hard=(0.5089,0.4911) entropy=0.605935 delta_l2=(0.909283,0.907464) delta_cos=0.845520 epoch_seconds=0.24
CHECKPOINT_LATEST repeat=0 scope=internal_cv fold=7 phase=crsm epoch=120 path=/data/adodas/VarCoNet-V2-main/xiaolunwen/experiment1b/checkpoints/worker_r0_latest.pt
[CRSM] repeat=0 scope=internal_cv fold=7 epoch=120/149 train_loss=0.099536 val_bce=0.808013 best=N best_epoch=0 mass=(0.5311,0.4689) hard=(0.5119,0.4881) entropy=0.588996 delta_l2=(0.954240,0.953362) delta_cos=0.813492 epoch_seconds=0.22
CHECKPOINT_LATEST repeat=0 scope=internal_cv fold=7 phase=crsm epoch=130 path=/data/adodas/VarCoNet-V2-main/xiaolunwen/experiment1b/checkpoints/worker_r0_latest.pt
[CRSM] repeat=0 scope=internal_cv fold=7 epoch=130/149 train_loss=0.098060 val_bce=0.823899 best=N best_epoch=0 mass=(0.5320,0.4680) hard=(0.5089,0.4911) entropy=0.573150 delta_l2=(0.995755,0.996034) delta_cos=0.782564 epoch_seconds=0.23
CHECKPOINT_LATEST repeat=0 scope=internal_cv fold=7 phase=crsm epoch=140 path=/data/adodas/VarCoNet-V2-main/xiaolunwen/experiment1b/checkpoints/worker_r0_latest.pt
[CRSM] repeat=0 scope=internal_cv fold=7 epoch=140/149 train_loss=0.096842 val_bce=0.839174 best=N best_epoch=0 mass=(0.5325,0.4675) hard=(0.5119,0.4881) entropy=0.558560 delta_l2=(1.034167,1.035763) delta_cos=0.753374 epoch_seconds=0.24
TASK_TRAINING_DONE repeat=0 scope=internal_cv fold=7 base_encoder_epoch=44 base_classifier_epoch=44 base_val_bce=0.627780 selected_crsm_epoch=0 crsm_val_bce=0.627791 treatment_threshold=0.601516 elapsed_minutes=3.3
TASK_DONE repeat=0 scope=internal_fold fold=7 method=baseline selected_encoder_epoch=44 test_auc=0.727037 test_bce=0.616790 elapsed_minutes=3.3
TASK_DONE repeat=0 scope=internal_fold fold=7 method=control_referenced_soft_multiboundary selected_encoder_epoch=44 test_auc=0.727037 test_bce=0.616787 elapsed_minutes=3.3
TASK_START repeat=0 scope=internal_cv fold=8 seed=100008 device=cuda:0 shared_encoder=Y reference_unique_n=674 train_n=750 val_n=120
CHECKPOINT_BEST repeat=0 scope=internal_cv fold=8 phase=ssl epoch=1 path=/data/adodas/VarCoNet-V2-main/xiaolunwen/experiment1b/checkpoints/worker_r0_best.pt
[SSL] repeat=0 scope=internal_cv fold=8 epoch=1/50 ssl_loss=0.123104 lr=0.000024107 base_val_bce=0.620753 base_best=Y base_cls_epoch=42 epoch_seconds=3.9 task_elapsed_minutes=0.1 gpu_alloc_gb=0.318 gpu_reserved_gb=1.744
CHECKPOINT_BEST repeat=0 scope=internal_cv fold=8 phase=ssl epoch=2 path=/data/adodas/VarCoNet-V2-main/xiaolunwen/experiment1b/checkpoints/worker_r0_best.pt
[SSL] repeat=0 scope=internal_cv fold=8 epoch=2/50 ssl_loss=0.094752 lr=0.000038214 base_val_bce=0.619808 base_best=Y base_cls_epoch=42 epoch_seconds=3.8 task_elapsed_minutes=0.1 gpu_alloc_gb=0.317 gpu_reserved_gb=2.008
[SSL] repeat=0 scope=internal_cv fold=8 epoch=3/50 ssl_loss=0.087645 lr=0.000052321 base_val_bce=0.626403 base_best=N base_cls_epoch=41 epoch_seconds=3.3 task_elapsed_minutes=0.2 gpu_alloc_gb=0.318 gpu_reserved_gb=1.744
[SSL] repeat=0 scope=internal_cv fold=8 epoch=4/50 ssl_loss=0.103613 lr=0.000066427 base_val_bce=0.626222 base_best=N base_cls_epoch=34 epoch_seconds=3.7 task_elapsed_minutes=0.2 gpu_alloc_gb=0.317 gpu_reserved_gb=2.008
[SSL] repeat=0 scope=internal_cv fold=8 epoch=5/50 ssl_loss=0.098598 lr=0.000080534 base_val_bce=0.637359 base_best=N base_cls_epoch=39 epoch_seconds=3.8 task_elapsed_minutes=0.3 gpu_alloc_gb=0.318 gpu_reserved_gb=1.744
[SSL] repeat=0 scope=internal_cv fold=8 epoch=6/50 ssl_loss=0.078309 lr=0.000094641 base_val_bce=0.623437 base_best=N base_cls_epoch=33 epoch_seconds=3.8 task_elapsed_minutes=0.4 gpu_alloc_gb=0.317 gpu_reserved_gb=2.008
[SSL] repeat=0 scope=internal_cv fold=8 epoch=7/50 ssl_loss=0.080358 lr=0.000108748 base_val_bce=0.623762 base_best=N base_cls_epoch=33 epoch_seconds=3.8 task_elapsed_minutes=0.4 gpu_alloc_gb=0.318 gpu_reserved_gb=1.744
[SSL] repeat=0 scope=internal_cv fold=8 epoch=8/50 ssl_loss=0.070571 lr=0.000122855 base_val_bce=0.621474 base_best=N base_cls_epoch=28 epoch_seconds=3.9 task_elapsed_minutes=0.5 gpu_alloc_gb=0.317 gpu_reserved_gb=2.008
[SSL] repeat=0 scope=internal_cv fold=8 epoch=9/50 ssl_loss=0.077866 lr=0.000136962 base_val_bce=0.621404 base_best=N base_cls_epoch=27 epoch_seconds=3.9 task_elapsed_minutes=0.6 gpu_alloc_gb=0.318 gpu_reserved_gb=1.744
CHECKPOINT_LATEST repeat=0 scope=internal_cv fold=8 phase=ssl epoch=10 path=/data/adodas/VarCoNet-V2-main/xiaolunwen/experiment1b/checkpoints/worker_r0_latest.pt
[SSL] repeat=0 scope=internal_cv fold=8 epoch=10/50 ssl_loss=0.072295 lr=0.000136962 base_val_bce=0.620908 base_best=N base_cls_epoch=27 epoch_seconds=5.5 task_elapsed_minutes=0.6 gpu_alloc_gb=0.317 gpu_reserved_gb=2.008
[SSL] repeat=0 scope=internal_cv fold=8 epoch=11/50 ssl_loss=0.059048 lr=0.000136751 base_val_bce=0.631503 base_best=N base_cls_epoch=30 epoch_seconds=3.8 task_elapsed_minutes=0.7 gpu_alloc_gb=0.318 gpu_reserved_gb=1.744
[SSL] repeat=0 scope=internal_cv fold=8 epoch=12/50 ssl_loss=0.088311 lr=0.000136119 base_val_bce=0.622404 base_best=N base_cls_epoch=28 epoch_seconds=3.8 task_elapsed_minutes=0.8 gpu_alloc_gb=0.317 gpu_reserved_gb=2.008
CHECKPOINT_BEST repeat=0 scope=internal_cv fold=8 phase=ssl epoch=13 path=/data/adodas/VarCoNet-V2-main/xiaolunwen/experiment1b/checkpoints/worker_r0_best.pt
[SSL] repeat=0 scope=internal_cv fold=8 epoch=13/50 ssl_loss=0.057681 lr=0.000135070 base_val_bce=0.610280 base_best=Y base_cls_epoch=31 epoch_seconds=3.9 task_elapsed_minutes=0.8 gpu_alloc_gb=0.318 gpu_reserved_gb=1.744
[SSL] repeat=0 scope=internal_cv fold=8 epoch=14/50 ssl_loss=0.059601 lr=0.000133610 base_val_bce=0.632022 base_best=N base_cls_epoch=32 epoch_seconds=3.8 task_elapsed_minutes=0.9 gpu_alloc_gb=0.317 gpu_reserved_gb=2.008
[SSL] repeat=0 scope=internal_cv fold=8 epoch=15/50 ssl_loss=0.050206 lr=0.000131749 base_val_bce=0.624599 base_best=N base_cls_epoch=30 epoch_seconds=3.8 task_elapsed_minutes=1.0 gpu_alloc_gb=0.318 gpu_reserved_gb=1.744
[SSL] repeat=0 scope=internal_cv fold=8 epoch=16/50 ssl_loss=0.051619 lr=0.000129498 base_val_bce=0.612014 base_best=N base_cls_epoch=32 epoch_seconds=3.6 task_elapsed_minutes=1.0 gpu_alloc_gb=0.317 gpu_reserved_gb=2.008
[SSL] repeat=0 scope=internal_cv fold=8 epoch=17/50 ssl_loss=0.069351 lr=0.000126870 base_val_bce=0.615388 base_best=N base_cls_epoch=32 epoch_seconds=3.7 task_elapsed_minutes=1.1 gpu_alloc_gb=0.318 gpu_reserved_gb=1.744
[SSL] repeat=0 scope=internal_cv fold=8 epoch=18/50 ssl_loss=0.051740 lr=0.000123883 base_val_bce=0.628621 base_best=N base_cls_epoch=33 epoch_seconds=3.8 task_elapsed_minutes=1.2 gpu_alloc_gb=0.317 gpu_reserved_gb=2.008
[SSL] repeat=0 scope=internal_cv fold=8 epoch=19/50 ssl_loss=0.058455 lr=0.000120554 base_val_bce=0.628066 base_best=N base_cls_epoch=31 epoch_seconds=3.8 task_elapsed_minutes=1.2 gpu_alloc_gb=0.318 gpu_reserved_gb=1.744
CHECKPOINT_LATEST repeat=0 scope=internal_cv fold=8 phase=ssl epoch=20 path=/data/adodas/VarCoNet-V2-main/xiaolunwen/experiment1b/checkpoints/worker_r0_latest.pt
[SSL] repeat=0 scope=internal_cv fold=8 epoch=20/50 ssl_loss=0.053640 lr=0.000116904 base_val_bce=0.633192 base_best=N base_cls_epoch=35 epoch_seconds=4.1 task_elapsed_minutes=1.3 gpu_alloc_gb=0.317 gpu_reserved_gb=2.008
[SSL] repeat=0 scope=internal_cv fold=8 epoch=21/50 ssl_loss=0.044753 lr=0.000112956 base_val_bce=0.622548 base_best=N base_cls_epoch=32 epoch_seconds=3.8 task_elapsed_minutes=1.4 gpu_alloc_gb=0.318 gpu_reserved_gb=1.744
[SSL] repeat=0 scope=internal_cv fold=8 epoch=22/50 ssl_loss=0.047792 lr=0.000108733 base_val_bce=0.623420 base_best=N base_cls_epoch=34 epoch_seconds=3.8 task_elapsed_minutes=1.4 gpu_alloc_gb=0.317 gpu_reserved_gb=2.008
[SSL] repeat=0 scope=internal_cv fold=8 epoch=23/50 ssl_loss=0.057823 lr=0.000104262 base_val_bce=0.625869 base_best=N base_cls_epoch=33 epoch_seconds=3.7 task_elapsed_minutes=1.5 gpu_alloc_gb=0.318 gpu_reserved_gb=1.744
[SSL] repeat=0 scope=internal_cv fold=8 epoch=24/50 ssl_loss=0.045355 lr=0.000099570 base_val_bce=0.627738 base_best=N base_cls_epoch=30 epoch_seconds=3.8 task_elapsed_minutes=1.5 gpu_alloc_gb=0.317 gpu_reserved_gb=2.008
[SSL] repeat=0 scope=internal_cv fold=8 epoch=25/50 ssl_loss=0.037929 lr=0.000094687 base_val_bce=0.625617 base_best=N base_cls_epoch=31 epoch_seconds=3.9 task_elapsed_minutes=1.6 gpu_alloc_gb=0.318 gpu_reserved_gb=1.744
[SSL] repeat=0 scope=internal_cv fold=8 epoch=26/50 ssl_loss=0.041461 lr=0.000089643 base_val_bce=0.630316 base_best=N base_cls_epoch=34 epoch_seconds=3.5 task_elapsed_minutes=1.7 gpu_alloc_gb=0.317 gpu_reserved_gb=2.008
[SSL] repeat=0 scope=internal_cv fold=8 epoch=27/50 ssl_loss=0.042172 lr=0.000084467 base_val_bce=0.630153 base_best=N base_cls_epoch=34 epoch_seconds=3.9 task_elapsed_minutes=1.7 gpu_alloc_gb=0.318 gpu_reserved_gb=1.744
[SSL] repeat=0 scope=internal_cv fold=8 epoch=28/50 ssl_loss=0.045227 lr=0.000079194 base_val_bce=0.623557 base_best=N base_cls_epoch=37 epoch_seconds=4.1 task_elapsed_minutes=1.8 gpu_alloc_gb=0.317 gpu_reserved_gb=2.008
[SSL] repeat=0 scope=internal_cv fold=8 epoch=29/50 ssl_loss=0.041863 lr=0.000073854 base_val_bce=0.626798 base_best=N base_cls_epoch=35 epoch_seconds=4.6 task_elapsed_minutes=1.9 gpu_alloc_gb=0.318 gpu_reserved_gb=1.744
CHECKPOINT_LATEST repeat=0 scope=internal_cv fold=8 phase=ssl epoch=30 path=/data/adodas/VarCoNet-V2-main/xiaolunwen/experiment1b/checkpoints/worker_r0_latest.pt
[SSL] repeat=0 scope=internal_cv fold=8 epoch=30/50 ssl_loss=0.047830 lr=0.000068481 base_val_bce=0.634737 base_best=N base_cls_epoch=34 epoch_seconds=3.9 task_elapsed_minutes=1.9 gpu_alloc_gb=0.317 gpu_reserved_gb=2.008
[SSL] repeat=0 scope=internal_cv fold=8 epoch=31/50 ssl_loss=0.036763 lr=0.000063108 base_val_bce=0.613002 base_best=N base_cls_epoch=37 epoch_seconds=3.8 task_elapsed_minutes=2.0 gpu_alloc_gb=0.318 gpu_reserved_gb=1.744
[SSL] repeat=0 scope=internal_cv fold=8 epoch=32/50 ssl_loss=0.038813 lr=0.000057768 base_val_bce=0.620016 base_best=N base_cls_epoch=42 epoch_seconds=3.7 task_elapsed_minutes=2.1 gpu_alloc_gb=0.317 gpu_reserved_gb=2.008
[SSL] repeat=0 scope=internal_cv fold=8 epoch=33/50 ssl_loss=0.047121 lr=0.000052494 base_val_bce=0.614643 base_best=N base_cls_epoch=38 epoch_seconds=3.5 task_elapsed_minutes=2.1 gpu_alloc_gb=0.318 gpu_reserved_gb=1.744
[SSL] repeat=0 scope=internal_cv fold=8 epoch=34/50 ssl_loss=0.040509 lr=0.000047319 base_val_bce=0.621085 base_best=N base_cls_epoch=39 epoch_seconds=3.1 task_elapsed_minutes=2.2 gpu_alloc_gb=0.317 gpu_reserved_gb=2.008
[SSL] repeat=0 scope=internal_cv fold=8 epoch=35/50 ssl_loss=0.047354 lr=0.000042274 base_val_bce=0.616677 base_best=N base_cls_epoch=33 epoch_seconds=3.3 task_elapsed_minutes=2.2 gpu_alloc_gb=0.318 gpu_reserved_gb=1.744
[SSL] repeat=0 scope=internal_cv fold=8 epoch=36/50 ssl_loss=0.045825 lr=0.000037391 base_val_bce=0.621622 base_best=N base_cls_epoch=38 epoch_seconds=3.7 task_elapsed_minutes=2.3 gpu_alloc_gb=0.317 gpu_reserved_gb=2.008
[SSL] repeat=0 scope=internal_cv fold=8 epoch=37/50 ssl_loss=0.037668 lr=0.000032700 base_val_bce=0.615454 base_best=N base_cls_epoch=41 epoch_seconds=3.8 task_elapsed_minutes=2.4 gpu_alloc_gb=0.318 gpu_reserved_gb=1.744
[SSL] repeat=0 scope=internal_cv fold=8 epoch=38/50 ssl_loss=0.048377 lr=0.000028229 base_val_bce=0.613714 base_best=N base_cls_epoch=36 epoch_seconds=3.9 task_elapsed_minutes=2.4 gpu_alloc_gb=0.317 gpu_reserved_gb=2.008
[SSL] repeat=0 scope=internal_cv fold=8 epoch=39/50 ssl_loss=0.046640 lr=0.000024006 base_val_bce=0.616818 base_best=N base_cls_epoch=38 epoch_seconds=3.8 task_elapsed_minutes=2.5 gpu_alloc_gb=0.318 gpu_reserved_gb=1.744
CHECKPOINT_LATEST repeat=0 scope=internal_cv fold=8 phase=ssl epoch=40 path=/data/adodas/VarCoNet-V2-main/xiaolunwen/experiment1b/checkpoints/worker_r0_latest.pt
[SSL] repeat=0 scope=internal_cv fold=8 epoch=40/50 ssl_loss=0.035896 lr=0.000020058 base_val_bce=0.620787 base_best=N base_cls_epoch=36 epoch_seconds=4.2 task_elapsed_minutes=2.6 gpu_alloc_gb=0.317 gpu_reserved_gb=2.008
[SSL] repeat=0 scope=internal_cv fold=8 epoch=41/50 ssl_loss=0.044760 lr=0.000016408 base_val_bce=0.625278 base_best=N base_cls_epoch=41 epoch_seconds=3.8 task_elapsed_minutes=2.6 gpu_alloc_gb=0.318 gpu_reserved_gb=1.744
[SSL] repeat=0 scope=internal_cv fold=8 epoch=42/50 ssl_loss=0.035215 lr=0.000013079 base_val_bce=0.611055 base_best=N base_cls_epoch=35 epoch_seconds=3.8 task_elapsed_minutes=2.7 gpu_alloc_gb=0.317 gpu_reserved_gb=2.008
[SSL] repeat=0 scope=internal_cv fold=8 epoch=43/50 ssl_loss=0.040269 lr=0.000010091 base_val_bce=0.616600 base_best=N base_cls_epoch=38 epoch_seconds=3.8 task_elapsed_minutes=2.7 gpu_alloc_gb=0.318 gpu_reserved_gb=1.744
[SSL] repeat=0 scope=internal_cv fold=8 epoch=44/50 ssl_loss=0.046861 lr=0.000007464 base_val_bce=0.622707 base_best=N base_cls_epoch=40 epoch_seconds=3.7 task_elapsed_minutes=2.8 gpu_alloc_gb=0.317 gpu_reserved_gb=2.008
[SSL] repeat=0 scope=internal_cv fold=8 epoch=45/50 ssl_loss=0.043870 lr=0.000005213 base_val_bce=0.621713 base_best=N base_cls_epoch=34 epoch_seconds=3.2 task_elapsed_minutes=2.9 gpu_alloc_gb=0.318 gpu_reserved_gb=1.744
[SSL] repeat=0 scope=internal_cv fold=8 epoch=46/50 ssl_loss=0.034574 lr=0.000003352 base_val_bce=0.616324 base_best=N base_cls_epoch=39 epoch_seconds=3.1 task_elapsed_minutes=2.9 gpu_alloc_gb=0.317 gpu_reserved_gb=2.008
CHECKPOINT_BEST repeat=0 scope=internal_cv fold=8 phase=ssl epoch=47 path=/data/adodas/VarCoNet-V2-main/xiaolunwen/experiment1b/checkpoints/worker_r0_best.pt
[SSL] repeat=0 scope=internal_cv fold=8 epoch=47/50 ssl_loss=0.037108 lr=0.000001892 base_val_bce=0.607758 base_best=Y base_cls_epoch=35 epoch_seconds=3.3 task_elapsed_minutes=3.0 gpu_alloc_gb=0.318 gpu_reserved_gb=1.744
[SSL] repeat=0 scope=internal_cv fold=8 epoch=48/50 ssl_loss=0.046308 lr=0.000000843 base_val_bce=0.617791 base_best=N base_cls_epoch=38 epoch_seconds=3.2 task_elapsed_minutes=3.0 gpu_alloc_gb=0.317 gpu_reserved_gb=2.008
[SSL] repeat=0 scope=internal_cv fold=8 epoch=49/50 ssl_loss=0.033784 lr=0.000000211 base_val_bce=0.623869 base_best=N base_cls_epoch=40 epoch_seconds=3.4 task_elapsed_minutes=3.1 gpu_alloc_gb=0.318 gpu_reserved_gb=1.744
CHECKPOINT_LATEST repeat=0 scope=internal_cv fold=8 phase=ssl epoch=50 path=/data/adodas/VarCoNet-V2-main/xiaolunwen/experiment1b/checkpoints/worker_r0_latest.pt
[SSL] repeat=0 scope=internal_cv fold=8 epoch=50/50 ssl_loss=0.033990 lr=0.000000000 base_val_bce=0.610869 base_best=N base_cls_epoch=38 epoch_seconds=3.3 task_elapsed_minutes=3.1 gpu_alloc_gb=0.317 gpu_reserved_gb=2.008
CRSM_INIT repeat=0 scope=internal_cv fold=8 n_experts=2 tau=1.0 trainable_parameters=147074 hc_centroid_norm=23.079365 pca_unit_norm=1.00000000 pca_singular=147.806183 sigma_margin=1.527974 sigma_projection=6.457139 ratio=0.0100 scale=0.00236633257 epoch0_val_bce=0.607759
CHECKPOINT_LATEST repeat=0 scope=internal_cv fold=8 phase=crsm epoch=0 path=/data/adodas/VarCoNet-V2-main/xiaolunwen/experiment1b/checkpoints/worker_r0_latest.pt
CHECKPOINT_BEST repeat=0 scope=internal_cv fold=8 phase=crsm epoch=0 path=/data/adodas/VarCoNet-V2-main/xiaolunwen/experiment1b/checkpoints/worker_r0_best.pt
CHECKPOINT_LATEST repeat=0 scope=internal_cv fold=8 phase=crsm epoch=10 path=/data/adodas/VarCoNet-V2-main/xiaolunwen/experiment1b/checkpoints/worker_r0_latest.pt
[CRSM] repeat=0 scope=internal_cv fold=8 epoch=10/149 train_loss=0.199025 val_bce=0.612917 best=N best_epoch=0 mass=(0.5036,0.4964) hard=(0.5861,0.4139) entropy=0.692846 delta_l2=(0.130753,0.129346) delta_cos=0.991085 epoch_seconds=0.47
CHECKPOINT_LATEST repeat=0 scope=internal_cv fold=8 phase=crsm epoch=20 path=/data/adodas/VarCoNet-V2-main/xiaolunwen/experiment1b/checkpoints/worker_r0_latest.pt
[CRSM] repeat=0 scope=internal_cv fold=8 epoch=20/149 train_loss=0.172951 val_bce=0.623081 best=N best_epoch=0 mass=(0.5049,0.4951) hard=(0.5668,0.4332) entropy=0.692481 delta_l2=(0.248752,0.247426) delta_cos=0.991886 epoch_seconds=0.44
CHECKPOINT_LATEST repeat=0 scope=internal_cv fold=8 phase=crsm epoch=30 path=/data/adodas/VarCoNet-V2-main/xiaolunwen/experiment1b/checkpoints/worker_r0_latest.pt
[CRSM] repeat=0 scope=internal_cv fold=8 epoch=30/149 train_loss=0.154776 val_bce=0.635446 best=N best_epoch=0 mass=(0.5066,0.4934) hard=(0.5504,0.4496) entropy=0.691715 delta_l2=(0.354810,0.353411) delta_cos=0.990448 epoch_seconds=0.76
CHECKPOINT_LATEST repeat=0 scope=internal_cv fold=8 phase=crsm epoch=40 path=/data/adodas/VarCoNet-V2-main/xiaolunwen/experiment1b/checkpoints/worker_r0_latest.pt
[CRSM] repeat=0 scope=internal_cv fold=8 epoch=40/149 train_loss=0.141944 val_bce=0.649569 best=N best_epoch=0 mass=(0.5092,0.4908) hard=(0.5415,0.4585) entropy=0.689959 delta_l2=(0.449159,0.447517) delta_cos=0.986906 epoch_seconds=0.25
CHECKPOINT_LATEST repeat=0 scope=internal_cv fold=8 phase=crsm epoch=50 path=/data/adodas/VarCoNet-V2-main/xiaolunwen/experiment1b/checkpoints/worker_r0_latest.pt
[CRSM] repeat=0 scope=internal_cv fold=8 epoch=50/149 train_loss=0.132758 val_bce=0.665046 best=N best_epoch=0 mass=(0.5127,0.4873) hard=(0.5267,0.4733) entropy=0.686190 delta_l2=(0.532867,0.530805) delta_cos=0.980240 epoch_seconds=0.42
CHECKPOINT_LATEST repeat=0 scope=internal_cv fold=8 phase=crsm epoch=60 path=/data/adodas/VarCoNet-V2-main/xiaolunwen/experiment1b/checkpoints/worker_r0_latest.pt
[CRSM] repeat=0 scope=internal_cv fold=8 epoch=60/149 train_loss=0.126028 val_bce=0.681476 best=N best_epoch=0 mass=(0.5168,0.4832) hard=(0.5223,0.4777) entropy=0.679188 delta_l2=(0.607186,0.604582) delta_cos=0.969045 epoch_seconds=0.23
CHECKPOINT_LATEST repeat=0 scope=internal_cv fold=8 phase=crsm epoch=70 path=/data/adodas/VarCoNet-V2-main/xiaolunwen/experiment1b/checkpoints/worker_r0_latest.pt
[CRSM] repeat=0 scope=internal_cv fold=8 epoch=70/149 train_loss=0.120945 val_bce=0.697883 best=N best_epoch=0 mass=(0.5212,0.4788) hard=(0.5163,0.4837) entropy=0.668085 delta_l2=(0.673458,0.670389) delta_cos=0.952121 epoch_seconds=0.24
CHECKPOINT_LATEST repeat=0 scope=internal_cv fold=8 phase=crsm epoch=80 path=/data/adodas/VarCoNet-V2-main/xiaolunwen/experiment1b/checkpoints/worker_r0_latest.pt
[CRSM] repeat=0 scope=internal_cv fold=8 epoch=80/149 train_loss=0.116990 val_bce=0.714041 best=N best_epoch=0 mass=(0.5252,0.4748) hard=(0.5193,0.4807) entropy=0.653252 delta_l2=(0.733000,0.729803) delta_cos=0.929346 epoch_seconds=0.23
CHECKPOINT_LATEST repeat=0 scope=internal_cv fold=8 phase=crsm epoch=90 path=/data/adodas/VarCoNet-V2-main/xiaolunwen/experiment1b/checkpoints/worker_r0_latest.pt
[CRSM] repeat=0 scope=internal_cv fold=8 epoch=90/149 train_loss=0.113846 val_bce=0.729988 best=N best_epoch=0 mass=(0.5285,0.4715) hard=(0.5208,0.4792) entropy=0.636092 delta_l2=(0.786931,0.784081) delta_cos=0.901862 epoch_seconds=0.23
CHECKPOINT_LATEST repeat=0 scope=internal_cv fold=8 phase=crsm epoch=100 path=/data/adodas/VarCoNet-V2-main/xiaolunwen/experiment1b/checkpoints/worker_r0_latest.pt
[CRSM] repeat=0 scope=internal_cv fold=8 epoch=100/149 train_loss=0.111319 val_bce=0.745494 best=N best_epoch=0 mass=(0.5312,0.4688) hard=(0.5223,0.4777) entropy=0.618078 delta_l2=(0.836103,0.834066) delta_cos=0.871569 epoch_seconds=0.25
CHECKPOINT_LATEST repeat=0 scope=internal_cv fold=8 phase=crsm epoch=110 path=/data/adodas/VarCoNet-V2-main/xiaolunwen/experiment1b/checkpoints/worker_r0_latest.pt
[CRSM] repeat=0 scope=internal_cv fold=8 epoch=110/149 train_loss=0.109273 val_bce=0.760560 best=N best_epoch=0 mass=(0.5332,0.4668) hard=(0.5252,0.4748) entropy=0.600302 delta_l2=(0.881158,0.880290) delta_cos=0.840372 epoch_seconds=0.25
CHECKPOINT_LATEST repeat=0 scope=internal_cv fold=8 phase=crsm epoch=120 path=/data/adodas/VarCoNet-V2-main/xiaolunwen/experiment1b/checkpoints/worker_r0_latest.pt
[CRSM] repeat=0 scope=internal_cv fold=8 epoch=120/149 train_loss=0.107606 val_bce=0.775161 best=N best_epoch=0 mass=(0.5348,0.4652) hard=(0.5252,0.4748) entropy=0.583362 delta_l2=(0.922601,0.923133) delta_cos=0.809671 epoch_seconds=0.25
CHECKPOINT_LATEST repeat=0 scope=internal_cv fold=8 phase=crsm epoch=130 path=/data/adodas/VarCoNet-V2-main/xiaolunwen/experiment1b/checkpoints/worker_r0_latest.pt
[CRSM] repeat=0 scope=internal_cv fold=8 epoch=130/149 train_loss=0.106238 val_bce=0.789259 best=N best_epoch=0 mass=(0.5360,0.4640) hard=(0.5282,0.4718) entropy=0.567528 delta_l2=(0.960850,0.962910) delta_cos=0.780287 epoch_seconds=0.27
CHECKPOINT_LATEST repeat=0 scope=internal_cv fold=8 phase=crsm epoch=140 path=/data/adodas/VarCoNet-V2-main/xiaolunwen/experiment1b/checkpoints/worker_r0_latest.pt
[CRSM] repeat=0 scope=internal_cv fold=8 epoch=140/149 train_loss=0.105107 val_bce=0.802841 best=N best_epoch=0 mass=(0.5369,0.4631) hard=(0.5326,0.4674) entropy=0.552909 delta_l2=(0.996260,0.999911) delta_cos=0.752612 epoch_seconds=0.43
TASK_TRAINING_DONE repeat=0 scope=internal_cv fold=8 base_encoder_epoch=47 base_classifier_epoch=35 base_val_bce=0.607758 selected_crsm_epoch=0 crsm_val_bce=0.607759 treatment_threshold=0.479473 elapsed_minutes=3.3
TASK_DONE repeat=0 scope=internal_fold fold=8 method=baseline selected_encoder_epoch=47 test_auc=0.773742 test_bce=0.579423 elapsed_minutes=3.3
TASK_DONE repeat=0 scope=internal_fold fold=8 method=control_referenced_soft_multiboundary selected_encoder_epoch=47 test_auc=0.773742 test_bce=0.579416 elapsed_minutes=3.3
TASK_START repeat=0 scope=internal_cv fold=9 seed=100009 device=cuda:0 shared_encoder=Y reference_unique_n=674 train_n=750 val_n=120
CHECKPOINT_BEST repeat=0 scope=internal_cv fold=9 phase=ssl epoch=1 path=/data/adodas/VarCoNet-V2-main/xiaolunwen/experiment1b/checkpoints/worker_r0_best.pt
[SSL] repeat=0 scope=internal_cv fold=9 epoch=1/50 ssl_loss=0.093821 lr=0.000024107 base_val_bce=0.620263 base_best=Y base_cls_epoch=42 epoch_seconds=4.2 task_elapsed_minutes=0.1 gpu_alloc_gb=0.318 gpu_reserved_gb=1.744
[SSL] repeat=0 scope=internal_cv fold=9 epoch=2/50 ssl_loss=0.088922 lr=0.000038214 base_val_bce=0.626807 base_best=N base_cls_epoch=37 epoch_seconds=3.4 task_elapsed_minutes=0.1 gpu_alloc_gb=0.317 gpu_reserved_gb=2.008
CHECKPOINT_BEST repeat=0 scope=internal_cv fold=9 phase=ssl epoch=3 path=/data/adodas/VarCoNet-V2-main/xiaolunwen/experiment1b/checkpoints/worker_r0_best.pt
[SSL] repeat=0 scope=internal_cv fold=9 epoch=3/50 ssl_loss=0.086809 lr=0.000052321 base_val_bce=0.616046 base_best=Y base_cls_epoch=30 epoch_seconds=4.2 task_elapsed_minutes=0.2 gpu_alloc_gb=0.318 gpu_reserved_gb=1.744
[SSL] repeat=0 scope=internal_cv fold=9 epoch=4/50 ssl_loss=0.071621 lr=0.000066427 base_val_bce=0.623138 base_best=N base_cls_epoch=34 epoch_seconds=3.6 task_elapsed_minutes=0.3 gpu_alloc_gb=0.317 gpu_reserved_gb=2.008
CHECKPOINT_BEST repeat=0 scope=internal_cv fold=9 phase=ssl epoch=5 path=/data/adodas/VarCoNet-V2-main/xiaolunwen/experiment1b/checkpoints/worker_r0_best.pt
[SSL] repeat=0 scope=internal_cv fold=9 epoch=5/50 ssl_loss=0.075791 lr=0.000080534 base_val_bce=0.615117 base_best=Y base_cls_epoch=46 epoch_seconds=4.0 task_elapsed_minutes=0.3 gpu_alloc_gb=0.318 gpu_reserved_gb=1.744
CHECKPOINT_BEST repeat=0 scope=internal_cv fold=9 phase=ssl epoch=6 path=/data/adodas/VarCoNet-V2-main/xiaolunwen/experiment1b/checkpoints/worker_r0_best.pt
[SSL] repeat=0 scope=internal_cv fold=9 epoch=6/50 ssl_loss=0.060742 lr=0.000094641 base_val_bce=0.606273 base_best=Y base_cls_epoch=37 epoch_seconds=4.0 task_elapsed_minutes=0.4 gpu_alloc_gb=0.317 gpu_reserved_gb=2.008
[SSL] repeat=0 scope=internal_cv fold=9 epoch=7/50 ssl_loss=0.063175 lr=0.000108748 base_val_bce=0.609218 base_best=N base_cls_epoch=44 epoch_seconds=3.9 task_elapsed_minutes=0.5 gpu_alloc_gb=0.318 gpu_reserved_gb=1.744
CHECKPOINT_BEST repeat=0 scope=internal_cv fold=9 phase=ssl epoch=8 path=/data/adodas/VarCoNet-V2-main/xiaolunwen/experiment1b/checkpoints/worker_r0_best.pt
[SSL] repeat=0 scope=internal_cv fold=9 epoch=8/50 ssl_loss=0.062031 lr=0.000122855 base_val_bce=0.590780 base_best=Y base_cls_epoch=44 epoch_seconds=8.7 task_elapsed_minutes=0.5 gpu_alloc_gb=0.317 gpu_reserved_gb=2.008
[SSL] repeat=0 scope=internal_cv fold=9 epoch=9/50 ssl_loss=0.056233 lr=0.000136962 base_val_bce=0.602092 base_best=N base_cls_epoch=44 epoch_seconds=3.8 task_elapsed_minutes=0.7 gpu_alloc_gb=0.318 gpu_reserved_gb=1.744
CHECKPOINT_LATEST repeat=0 scope=internal_cv fold=9 phase=ssl epoch=10 path=/data/adodas/VarCoNet-V2-main/xiaolunwen/experiment1b/checkpoints/worker_r0_latest.pt
[SSL] repeat=0 scope=internal_cv fold=9 epoch=10/50 ssl_loss=0.065229 lr=0.000136962 base_val_bce=0.601952 base_best=N base_cls_epoch=43 epoch_seconds=4.0 task_elapsed_minutes=0.7 gpu_alloc_gb=0.317 gpu_reserved_gb=2.008
[SSL] repeat=0 scope=internal_cv fold=9 epoch=11/50 ssl_loss=0.063998 lr=0.000136751 base_val_bce=0.592211 base_best=N base_cls_epoch=44 epoch_seconds=3.3 task_elapsed_minutes=0.8 gpu_alloc_gb=0.318 gpu_reserved_gb=1.744
[SSL] repeat=0 scope=internal_cv fold=9 epoch=12/50 ssl_loss=0.049508 lr=0.000136119 base_val_bce=0.600759 base_best=N base_cls_epoch=46 epoch_seconds=3.7 task_elapsed_minutes=0.9 gpu_alloc_gb=0.317 gpu_reserved_gb=2.008
CHECKPOINT_BEST repeat=0 scope=internal_cv fold=9 phase=ssl epoch=13 path=/data/adodas/VarCoNet-V2-main/xiaolunwen/experiment1b/checkpoints/worker_r0_best.pt
[SSL] repeat=0 scope=internal_cv fold=9 epoch=13/50 ssl_loss=0.048692 lr=0.000135070 base_val_bce=0.584599 base_best=Y base_cls_epoch=46 epoch_seconds=4.1 task_elapsed_minutes=0.9 gpu_alloc_gb=0.318 gpu_reserved_gb=1.744
[SSL] repeat=0 scope=internal_cv fold=9 epoch=14/50 ssl_loss=0.044294 lr=0.000133610 base_val_bce=0.603055 base_best=N base_cls_epoch=55 epoch_seconds=3.7 task_elapsed_minutes=1.0 gpu_alloc_gb=0.317 gpu_reserved_gb=2.008
[SSL] repeat=0 scope=internal_cv fold=9 epoch=15/50 ssl_loss=0.062316 lr=0.000131749 base_val_bce=0.593724 base_best=N base_cls_epoch=51 epoch_seconds=3.7 task_elapsed_minutes=1.0 gpu_alloc_gb=0.318 gpu_reserved_gb=1.744
[SSL] repeat=0 scope=internal_cv fold=9 epoch=16/50 ssl_loss=0.043766 lr=0.000129498 base_val_bce=0.595880 base_best=N base_cls_epoch=54 epoch_seconds=3.6 task_elapsed_minutes=1.1 gpu_alloc_gb=0.317 gpu_reserved_gb=2.008
[SSL] repeat=0 scope=internal_cv fold=9 epoch=17/50 ssl_loss=0.041832 lr=0.000126870 base_val_bce=0.604991 base_best=N base_cls_epoch=51 epoch_seconds=3.7 task_elapsed_minutes=1.2 gpu_alloc_gb=0.318 gpu_reserved_gb=1.744
[SSL] repeat=0 scope=internal_cv fold=9 epoch=18/50 ssl_loss=0.057762 lr=0.000123883 base_val_bce=0.590016 base_best=N base_cls_epoch=53 epoch_seconds=3.8 task_elapsed_minutes=1.2 gpu_alloc_gb=0.317 gpu_reserved_gb=2.008
[SSL] repeat=0 scope=internal_cv fold=9 epoch=19/50 ssl_loss=0.044020 lr=0.000120554 base_val_bce=0.595408 base_best=N base_cls_epoch=56 epoch_seconds=3.7 task_elapsed_minutes=1.3 gpu_alloc_gb=0.318 gpu_reserved_gb=1.744
CHECKPOINT_LATEST repeat=0 scope=internal_cv fold=9 phase=ssl epoch=20 path=/data/adodas/VarCoNet-V2-main/xiaolunwen/experiment1b/checkpoints/worker_r0_latest.pt
[SSL] repeat=0 scope=internal_cv fold=9 epoch=20/50 ssl_loss=0.048359 lr=0.000116904 base_val_bce=0.588314 base_best=N base_cls_epoch=55 epoch_seconds=4.3 task_elapsed_minutes=1.4 gpu_alloc_gb=0.317 gpu_reserved_gb=2.008
CHECKPOINT_BEST repeat=0 scope=internal_cv fold=9 phase=ssl epoch=21 path=/data/adodas/VarCoNet-V2-main/xiaolunwen/experiment1b/checkpoints/worker_r0_best.pt
[SSL] repeat=0 scope=internal_cv fold=9 epoch=21/50 ssl_loss=0.049450 lr=0.000112956 base_val_bce=0.580084 base_best=Y base_cls_epoch=52 epoch_seconds=4.0 task_elapsed_minutes=1.4 gpu_alloc_gb=0.318 gpu_reserved_gb=1.744
[SSL] repeat=0 scope=internal_cv fold=9 epoch=22/50 ssl_loss=0.049328 lr=0.000108733 base_val_bce=0.592325 base_best=N base_cls_epoch=56 epoch_seconds=3.7 task_elapsed_minutes=1.5 gpu_alloc_gb=0.317 gpu_reserved_gb=2.008
[SSL] repeat=0 scope=internal_cv fold=9 epoch=23/50 ssl_loss=0.037281 lr=0.000104262 base_val_bce=0.607910 base_best=N base_cls_epoch=50 epoch_seconds=3.9 task_elapsed_minutes=1.6 gpu_alloc_gb=0.318 gpu_reserved_gb=1.744
[SSL] repeat=0 scope=internal_cv fold=9 epoch=24/50 ssl_loss=0.045293 lr=0.000099570 base_val_bce=0.597692 base_best=N base_cls_epoch=55 epoch_seconds=3.7 task_elapsed_minutes=1.6 gpu_alloc_gb=0.317 gpu_reserved_gb=2.008
[SSL] repeat=0 scope=internal_cv fold=9 epoch=25/50 ssl_loss=0.045887 lr=0.000094687 base_val_bce=0.598531 base_best=N base_cls_epoch=55 epoch_seconds=3.9 task_elapsed_minutes=1.7 gpu_alloc_gb=0.318 gpu_reserved_gb=1.744
[SSL] repeat=0 scope=internal_cv fold=9 epoch=26/50 ssl_loss=0.041558 lr=0.000089643 base_val_bce=0.584484 base_best=N base_cls_epoch=50 epoch_seconds=3.8 task_elapsed_minutes=1.7 gpu_alloc_gb=0.317 gpu_reserved_gb=2.008
[SSL] repeat=0 scope=internal_cv fold=9 epoch=27/50 ssl_loss=0.029295 lr=0.000084467 base_val_bce=0.597296 base_best=N base_cls_epoch=53 epoch_seconds=3.8 task_elapsed_minutes=1.8 gpu_alloc_gb=0.318 gpu_reserved_gb=1.744
[SSL] repeat=0 scope=internal_cv fold=9 epoch=28/50 ssl_loss=0.033806 lr=0.000079194 base_val_bce=0.590635 base_best=N base_cls_epoch=51 epoch_seconds=3.7 task_elapsed_minutes=1.9 gpu_alloc_gb=0.317 gpu_reserved_gb=2.008
[SSL] repeat=0 scope=internal_cv fold=9 epoch=29/50 ssl_loss=0.044386 lr=0.000073854 base_val_bce=0.591090 base_best=N base_cls_epoch=53 epoch_seconds=3.8 task_elapsed_minutes=1.9 gpu_alloc_gb=0.318 gpu_reserved_gb=1.744
CHECKPOINT_LATEST repeat=0 scope=internal_cv fold=9 phase=ssl epoch=30 path=/data/adodas/VarCoNet-V2-main/xiaolunwen/experiment1b/checkpoints/worker_r0_latest.pt
[SSL] repeat=0 scope=internal_cv fold=9 epoch=30/50 ssl_loss=0.046883 lr=0.000068481 base_val_bce=0.605821 base_best=N base_cls_epoch=54 epoch_seconds=3.9 task_elapsed_minutes=2.0 gpu_alloc_gb=0.317 gpu_reserved_gb=2.008
[SSL] repeat=0 scope=internal_cv fold=9 epoch=31/50 ssl_loss=0.037856 lr=0.000063108 base_val_bce=0.596260 base_best=N base_cls_epoch=55 epoch_seconds=3.2 task_elapsed_minutes=2.1 gpu_alloc_gb=0.318 gpu_reserved_gb=1.744
[SSL] repeat=0 scope=internal_cv fold=9 epoch=32/50 ssl_loss=0.043009 lr=0.000057768 base_val_bce=0.585968 base_best=N base_cls_epoch=54 epoch_seconds=3.3 task_elapsed_minutes=2.1 gpu_alloc_gb=0.317 gpu_reserved_gb=2.008
[SSL] repeat=0 scope=internal_cv fold=9 epoch=33/50 ssl_loss=0.047544 lr=0.000052494 base_val_bce=0.582352 base_best=N base_cls_epoch=52 epoch_seconds=3.8 task_elapsed_minutes=2.2 gpu_alloc_gb=0.318 gpu_reserved_gb=1.744
[SSL] repeat=0 scope=internal_cv fold=9 epoch=34/50 ssl_loss=0.031522 lr=0.000047319 base_val_bce=0.591863 base_best=N base_cls_epoch=56 epoch_seconds=3.7 task_elapsed_minutes=2.2 gpu_alloc_gb=0.317 gpu_reserved_gb=2.008
[SSL] repeat=0 scope=internal_cv fold=9 epoch=35/50 ssl_loss=0.037887 lr=0.000042274 base_val_bce=0.593436 base_best=N base_cls_epoch=53 epoch_seconds=3.7 task_elapsed_minutes=2.3 gpu_alloc_gb=0.318 gpu_reserved_gb=1.744
[SSL] repeat=0 scope=internal_cv fold=9 epoch=36/50 ssl_loss=0.036278 lr=0.000037391 base_val_bce=0.590985 base_best=N base_cls_epoch=51 epoch_seconds=3.7 task_elapsed_minutes=2.4 gpu_alloc_gb=0.317 gpu_reserved_gb=2.008
[SSL] repeat=0 scope=internal_cv fold=9 epoch=37/50 ssl_loss=0.031939 lr=0.000032700 base_val_bce=0.600403 base_best=N base_cls_epoch=53 epoch_seconds=3.7 task_elapsed_minutes=2.4 gpu_alloc_gb=0.318 gpu_reserved_gb=1.744
[SSL] repeat=0 scope=internal_cv fold=9 epoch=38/50 ssl_loss=0.026810 lr=0.000028229 base_val_bce=0.591862 base_best=N base_cls_epoch=55 epoch_seconds=3.8 task_elapsed_minutes=2.5 gpu_alloc_gb=0.317 gpu_reserved_gb=2.008
[SSL] repeat=0 scope=internal_cv fold=9 epoch=39/50 ssl_loss=0.042769 lr=0.000024006 base_val_bce=0.589815 base_best=N base_cls_epoch=63 epoch_seconds=3.7 task_elapsed_minutes=2.6 gpu_alloc_gb=0.318 gpu_reserved_gb=1.744
CHECKPOINT_LATEST repeat=0 scope=internal_cv fold=9 phase=ssl epoch=40 path=/data/adodas/VarCoNet-V2-main/xiaolunwen/experiment1b/checkpoints/worker_r0_latest.pt
[SSL] repeat=0 scope=internal_cv fold=9 epoch=40/50 ssl_loss=0.037230 lr=0.000020058 base_val_bce=0.602230 base_best=N base_cls_epoch=59 epoch_seconds=4.1 task_elapsed_minutes=2.6 gpu_alloc_gb=0.317 gpu_reserved_gb=2.008
[SSL] repeat=0 scope=internal_cv fold=9 epoch=41/50 ssl_loss=0.039440 lr=0.000016408 base_val_bce=0.605422 base_best=N base_cls_epoch=55 epoch_seconds=3.8 task_elapsed_minutes=2.7 gpu_alloc_gb=0.318 gpu_reserved_gb=1.744
[SSL] repeat=0 scope=internal_cv fold=9 epoch=42/50 ssl_loss=0.042041 lr=0.000013079 base_val_bce=0.598687 base_best=N base_cls_epoch=56 epoch_seconds=3.8 task_elapsed_minutes=2.7 gpu_alloc_gb=0.317 gpu_reserved_gb=2.008
[SSL] repeat=0 scope=internal_cv fold=9 epoch=43/50 ssl_loss=0.031147 lr=0.000010091 base_val_bce=0.593377 base_best=N base_cls_epoch=60 epoch_seconds=3.7 task_elapsed_minutes=2.8 gpu_alloc_gb=0.318 gpu_reserved_gb=1.744
[SSL] repeat=0 scope=internal_cv fold=9 epoch=44/50 ssl_loss=0.041854 lr=0.000007464 base_val_bce=0.598729 base_best=N base_cls_epoch=53 epoch_seconds=3.5 task_elapsed_minutes=2.9 gpu_alloc_gb=0.317 gpu_reserved_gb=2.008
[SSL] repeat=0 scope=internal_cv fold=9 epoch=45/50 ssl_loss=0.039690 lr=0.000005213 base_val_bce=0.599388 base_best=N base_cls_epoch=50 epoch_seconds=3.2 task_elapsed_minutes=2.9 gpu_alloc_gb=0.318 gpu_reserved_gb=1.744
[SSL] repeat=0 scope=internal_cv fold=9 epoch=46/50 ssl_loss=0.033827 lr=0.000003352 base_val_bce=0.594513 base_best=N base_cls_epoch=50 epoch_seconds=3.0 task_elapsed_minutes=3.0 gpu_alloc_gb=0.317 gpu_reserved_gb=2.008
[SSL] repeat=0 scope=internal_cv fold=9 epoch=47/50 ssl_loss=0.035962 lr=0.000001892 base_val_bce=0.604329 base_best=N base_cls_epoch=54 epoch_seconds=5.0 task_elapsed_minutes=3.1 gpu_alloc_gb=0.318 gpu_reserved_gb=1.744
[SSL] repeat=0 scope=internal_cv fold=9 epoch=48/50 ssl_loss=0.036480 lr=0.000000843 base_val_bce=0.593218 base_best=N base_cls_epoch=52 epoch_seconds=4.0 task_elapsed_minutes=3.1 gpu_alloc_gb=0.317 gpu_reserved_gb=2.008
[SSL] repeat=0 scope=internal_cv fold=9 epoch=49/50 ssl_loss=0.042939 lr=0.000000211 base_val_bce=0.593006 base_best=N base_cls_epoch=51 epoch_seconds=3.3 task_elapsed_minutes=3.2 gpu_alloc_gb=0.318 gpu_reserved_gb=1.744
CHECKPOINT_LATEST repeat=0 scope=internal_cv fold=9 phase=ssl epoch=50 path=/data/adodas/VarCoNet-V2-main/xiaolunwen/experiment1b/checkpoints/worker_r0_latest.pt
[SSL] repeat=0 scope=internal_cv fold=9 epoch=50/50 ssl_loss=0.041379 lr=0.000000000 base_val_bce=0.595475 base_best=N base_cls_epoch=57 epoch_seconds=3.7 task_elapsed_minutes=3.2 gpu_alloc_gb=0.317 gpu_reserved_gb=2.008
CRSM_INIT repeat=0 scope=internal_cv fold=9 n_experts=2 tau=1.0 trainable_parameters=147074 hc_centroid_norm=23.567329 pca_unit_norm=1.00000000 pca_singular=136.546402 sigma_margin=1.902586 sigma_projection=7.218645 ratio=0.0100 scale=0.00263565499 epoch0_val_bce=0.580086
CHECKPOINT_LATEST repeat=0 scope=internal_cv fold=9 phase=crsm epoch=0 path=/data/adodas/VarCoNet-V2-main/xiaolunwen/experiment1b/checkpoints/worker_r0_latest.pt
CHECKPOINT_BEST repeat=0 scope=internal_cv fold=9 phase=crsm epoch=0 path=/data/adodas/VarCoNet-V2-main/xiaolunwen/experiment1b/checkpoints/worker_r0_best.pt
CHECKPOINT_LATEST repeat=0 scope=internal_cv fold=9 phase=crsm epoch=10 path=/data/adodas/VarCoNet-V2-main/xiaolunwen/experiment1b/checkpoints/worker_r0_latest.pt
[CRSM] repeat=0 scope=internal_cv fold=9 epoch=10/149 train_loss=0.140874 val_bce=0.588012 best=N best_epoch=0 mass=(0.5000,0.5000) hard=(0.5890,0.4110) entropy=0.692826 delta_l2=(0.130086,0.129936) delta_cos=0.988177 epoch_seconds=0.51
CHECKPOINT_LATEST repeat=0 scope=internal_cv fold=9 phase=crsm epoch=20 path=/data/adodas/VarCoNet-V2-main/xiaolunwen/experiment1b/checkpoints/worker_r0_latest.pt
[CRSM] repeat=0 scope=internal_cv fold=9 epoch=20/149 train_loss=0.122721 val_bce=0.597869 best=N best_epoch=0 mass=(0.4997,0.5003) hard=(0.5890,0.4110) entropy=0.692487 delta_l2=(0.248367,0.248243) delta_cos=0.989571 epoch_seconds=0.28
CHECKPOINT_LATEST repeat=0 scope=internal_cv fold=9 phase=crsm epoch=30 path=/data/adodas/VarCoNet-V2-main/xiaolunwen/experiment1b/checkpoints/worker_r0_latest.pt
[CRSM] repeat=0 scope=internal_cv fold=9 epoch=30/149 train_loss=0.109868 val_bce=0.609960 best=N best_epoch=0 mass=(0.4991,0.5009) hard=(0.5890,0.4110) entropy=0.691777 delta_l2=(0.355338,0.355101) delta_cos=0.988056 epoch_seconds=0.37
CHECKPOINT_LATEST repeat=0 scope=internal_cv fold=9 phase=crsm epoch=40 path=/data/adodas/VarCoNet-V2-main/xiaolunwen/experiment1b/checkpoints/worker_r0_latest.pt
[CRSM] repeat=0 scope=internal_cv fold=9 epoch=40/149 train_loss=0.100673 val_bce=0.624624 best=N best_epoch=0 mass=(0.4982,0.5018) hard=(0.5846,0.4154) entropy=0.690262 delta_l2=(0.451245,0.450705) delta_cos=0.984275 epoch_seconds=0.42
CHECKPOINT_LATEST repeat=0 scope=internal_cv fold=9 phase=crsm epoch=50 path=/data/adodas/VarCoNet-V2-main/xiaolunwen/experiment1b/checkpoints/worker_r0_latest.pt
[CRSM] repeat=0 scope=internal_cv fold=9 epoch=50/149 train_loss=0.093998 val_bce=0.640120 best=N best_epoch=0 mass=(0.4970,0.5030) hard=(0.5668,0.4332) entropy=0.687273 delta_l2=(0.536877,0.535855) delta_cos=0.977572 epoch_seconds=0.59
CHECKPOINT_LATEST repeat=0 scope=internal_cv fold=9 phase=crsm epoch=60 path=/data/adodas/VarCoNet-V2-main/xiaolunwen/experiment1b/checkpoints/worker_r0_latest.pt
[CRSM] repeat=0 scope=internal_cv fold=9 epoch=60/149 train_loss=0.089046 val_bce=0.655710 best=N best_epoch=0 mass=(0.4957,0.5043) hard=(0.5623,0.4377) entropy=0.681941 delta_l2=(0.613411,0.611695) delta_cos=0.966854 epoch_seconds=0.23
CHECKPOINT_LATEST repeat=0 scope=internal_cv fold=9 phase=crsm epoch=70 path=/data/adodas/VarCoNet-V2-main/xiaolunwen/experiment1b/checkpoints/worker_r0_latest.pt
[CRSM] repeat=0 scope=internal_cv fold=9 epoch=70/149 train_loss=0.085273 val_bce=0.671387 best=N best_epoch=0 mass=(0.4944,0.5056) hard=(0.5549,0.4451) entropy=0.673618 delta_l2=(0.682235,0.679507) delta_cos=0.951130 epoch_seconds=0.30
CHECKPOINT_LATEST repeat=0 scope=internal_cv fold=9 phase=crsm epoch=80 path=/data/adodas/VarCoNet-V2-main/xiaolunwen/experiment1b/checkpoints/worker_r0_latest.pt
[CRSM] repeat=0 scope=internal_cv fold=9 epoch=80/149 train_loss=0.082317 val_bce=0.687011 best=N best_epoch=0 mass=(0.4937,0.5063) hard=(0.5490,0.4510) entropy=0.662384 delta_l2=(0.744773,0.740523) delta_cos=0.930226 epoch_seconds=0.31
CHECKPOINT_LATEST repeat=0 scope=internal_cv fold=9 phase=crsm epoch=90 path=/data/adodas/VarCoNet-V2-main/xiaolunwen/experiment1b/checkpoints/worker_r0_latest.pt
[CRSM] repeat=0 scope=internal_cv fold=9 epoch=90/149 train_loss=0.079952 val_bce=0.702594 best=N best_epoch=0 mass=(0.4935,0.5065) hard=(0.5460,0.4540) entropy=0.648873 delta_l2=(0.802235,0.795817) delta_cos=0.904925 epoch_seconds=0.60
CHECKPOINT_LATEST repeat=0 scope=internal_cv fold=9 phase=crsm epoch=100 path=/data/adodas/VarCoNet-V2-main/xiaolunwen/experiment1b/checkpoints/worker_r0_latest.pt
[CRSM] repeat=0 scope=internal_cv fold=9 epoch=100/149 train_loss=0.078034 val_bce=0.718054 best=N best_epoch=0 mass=(0.4939,0.5061) hard=(0.5267,0.4733) entropy=0.633976 delta_l2=(0.855497,0.846253) delta_cos=0.876634 epoch_seconds=0.56
CHECKPOINT_LATEST repeat=0 scope=internal_cv fold=9 phase=crsm epoch=110 path=/data/adodas/VarCoNet-V2-main/xiaolunwen/experiment1b/checkpoints/worker_r0_latest.pt
[CRSM] repeat=0 scope=internal_cv fold=9 epoch=110/149 train_loss=0.076464 val_bce=0.733230 best=N best_epoch=0 mass=(0.4947,0.5053) hard=(0.5208,0.4792) entropy=0.618553 delta_l2=(0.905132,0.892494) delta_cos=0.846888 epoch_seconds=0.77
CHECKPOINT_LATEST repeat=0 scope=internal_cv fold=9 phase=crsm epoch=120 path=/data/adodas/VarCoNet-V2-main/xiaolunwen/experiment1b/checkpoints/worker_r0_latest.pt
[CRSM] repeat=0 scope=internal_cv fold=9 epoch=120/149 train_loss=0.075170 val_bce=0.748027 best=N best_epoch=0 mass=(0.4957,0.5043) hard=(0.5163,0.4837) entropy=0.603253 delta_l2=(0.951516,0.935069) delta_cos=0.816976 epoch_seconds=0.45
CHECKPOINT_LATEST repeat=0 scope=internal_cv fold=9 phase=crsm epoch=130 path=/data/adodas/VarCoNet-V2-main/xiaolunwen/experiment1b/checkpoints/worker_r0_latest.pt
[CRSM] repeat=0 scope=internal_cv fold=9 epoch=130/149 train_loss=0.074098 val_bce=0.762348 best=N best_epoch=0 mass=(0.4968,0.5032) hard=(0.5178,0.4822) entropy=0.588524 delta_l2=(0.994926,0.974414) delta_cos=0.787823 epoch_seconds=0.36
CHECKPOINT_LATEST repeat=0 scope=internal_cv fold=9 phase=crsm epoch=140 path=/data/adodas/VarCoNet-V2-main/xiaolunwen/experiment1b/checkpoints/worker_r0_latest.pt
[CRSM] repeat=0 scope=internal_cv fold=9 epoch=140/149 train_loss=0.073206 val_bce=0.776127 best=N best_epoch=0 mass=(0.4980,0.5020) hard=(0.5178,0.4822) entropy=0.574623 delta_l2=(1.035592,1.010891) delta_cos=0.760000 epoch_seconds=0.35
TASK_TRAINING_DONE repeat=0 scope=internal_cv fold=9 base_encoder_epoch=21 base_classifier_epoch=52 base_val_bce=0.580084 selected_crsm_epoch=0 crsm_val_bce=0.580086 treatment_threshold=0.435305 elapsed_minutes=3.4
TASK_DONE repeat=0 scope=internal_fold fold=9 method=baseline selected_encoder_epoch=21 test_auc=0.661131 test_bce=0.666853 elapsed_minutes=3.4
TASK_DONE repeat=0 scope=internal_fold fold=9 method=control_referenced_soft_multiboundary selected_encoder_epoch=21 test_auc=0.661131 test_bce=0.666868 elapsed_minutes=3.4
TASK_START repeat=0 scope=external fold=external seed=200000 device=cuda:0 shared_encoder=Y reference_unique_n=793 train_n=869 val_n=89
CHECKPOINT_BEST repeat=0 scope=external fold=external phase=ssl epoch=1 path=/data/adodas/VarCoNet-V2-main/xiaolunwen/experiment1b/checkpoints/worker_r0_best.pt
[SSL] repeat=0 scope=external fold=external epoch=1/50 ssl_loss=0.105308 lr=0.000024107 base_val_bce=0.574225 base_best=Y base_cls_epoch=37 epoch_seconds=4.5 task_elapsed_minutes=0.1 gpu_alloc_gb=0.342 gpu_reserved_gb=1.744
[SSL] repeat=0 scope=external fold=external epoch=2/50 ssl_loss=0.096600 lr=0.000038214 base_val_bce=0.596393 base_best=N base_cls_epoch=53 epoch_seconds=4.1 task_elapsed_minutes=0.1 gpu_alloc_gb=0.342 gpu_reserved_gb=1.744
[SSL] repeat=0 scope=external fold=external epoch=3/50 ssl_loss=0.086573 lr=0.000052321 base_val_bce=0.582701 base_best=N base_cls_epoch=46 epoch_seconds=4.4 task_elapsed_minutes=0.2 gpu_alloc_gb=0.342 gpu_reserved_gb=1.744
[SSL] repeat=0 scope=external fold=external epoch=4/50 ssl_loss=0.080393 lr=0.000066427 base_val_bce=0.589006 base_best=N base_cls_epoch=41 epoch_seconds=4.3 task_elapsed_minutes=0.3 gpu_alloc_gb=0.342 gpu_reserved_gb=1.744
[SSL] repeat=0 scope=external fold=external epoch=5/50 ssl_loss=0.071595 lr=0.000080534 base_val_bce=0.590755 base_best=N base_cls_epoch=42 epoch_seconds=4.3 task_elapsed_minutes=0.4 gpu_alloc_gb=0.342 gpu_reserved_gb=1.744
[SSL] repeat=0 scope=external fold=external epoch=6/50 ssl_loss=0.076427 lr=0.000094641 base_val_bce=0.583594 base_best=N base_cls_epoch=42 epoch_seconds=4.4 task_elapsed_minutes=0.4 gpu_alloc_gb=0.342 gpu_reserved_gb=1.744
[SSL] repeat=0 scope=external fold=external epoch=7/50 ssl_loss=0.056158 lr=0.000108748 base_val_bce=0.584857 base_best=N base_cls_epoch=43 epoch_seconds=4.3 task_elapsed_minutes=0.5 gpu_alloc_gb=0.342 gpu_reserved_gb=1.744
[SSL] repeat=0 scope=external fold=external epoch=8/50 ssl_loss=0.074064 lr=0.000122855 base_val_bce=0.586261 base_best=N base_cls_epoch=36 epoch_seconds=4.3 task_elapsed_minutes=0.6 gpu_alloc_gb=0.342 gpu_reserved_gb=1.744
[SSL] repeat=0 scope=external fold=external epoch=9/50 ssl_loss=0.050948 lr=0.000136962 base_val_bce=0.596794 base_best=N base_cls_epoch=38 epoch_seconds=3.5 task_elapsed_minutes=0.6 gpu_alloc_gb=0.342 gpu_reserved_gb=1.744
CHECKPOINT_LATEST repeat=0 scope=external fold=external phase=ssl epoch=10 path=/data/adodas/VarCoNet-V2-main/xiaolunwen/experiment1b/checkpoints/worker_r0_latest.pt
[SSL] repeat=0 scope=external fold=external epoch=10/50 ssl_loss=0.053429 lr=0.000136962 base_val_bce=0.596131 base_best=N base_cls_epoch=36 epoch_seconds=7.3 task_elapsed_minutes=0.7 gpu_alloc_gb=0.342 gpu_reserved_gb=1.744
[SSL] repeat=0 scope=external fold=external epoch=11/50 ssl_loss=0.044453 lr=0.000136751 base_val_bce=0.593895 base_best=N base_cls_epoch=38 epoch_seconds=4.0 task_elapsed_minutes=0.8 gpu_alloc_gb=0.342 gpu_reserved_gb=1.744
[SSL] repeat=0 scope=external fold=external epoch=12/50 ssl_loss=0.048168 lr=0.000136119 base_val_bce=0.598704 base_best=N base_cls_epoch=35 epoch_seconds=4.2 task_elapsed_minutes=0.9 gpu_alloc_gb=0.342 gpu_reserved_gb=1.744
[SSL] repeat=0 scope=external fold=external epoch=13/50 ssl_loss=0.046694 lr=0.000135070 base_val_bce=0.606886 base_best=N base_cls_epoch=36 epoch_seconds=3.7 task_elapsed_minutes=1.0 gpu_alloc_gb=0.342 gpu_reserved_gb=1.744
[SSL] repeat=0 scope=external fold=external epoch=14/50 ssl_loss=0.046264 lr=0.000133610 base_val_bce=0.616621 base_best=N base_cls_epoch=31 epoch_seconds=3.7 task_elapsed_minutes=1.0 gpu_alloc_gb=0.342 gpu_reserved_gb=1.744
[SSL] repeat=0 scope=external fold=external epoch=15/50 ssl_loss=0.056144 lr=0.000131749 base_val_bce=0.606591 base_best=N base_cls_epoch=33 epoch_seconds=4.3 task_elapsed_minutes=1.1 gpu_alloc_gb=0.342 gpu_reserved_gb=1.744
[SSL] repeat=0 scope=external fold=external epoch=16/50 ssl_loss=0.043975 lr=0.000129498 base_val_bce=0.613740 base_best=N base_cls_epoch=33 epoch_seconds=4.4 task_elapsed_minutes=1.2 gpu_alloc_gb=0.342 gpu_reserved_gb=1.744
[SSL] repeat=0 scope=external fold=external epoch=17/50 ssl_loss=0.054765 lr=0.000126870 base_val_bce=0.598483 base_best=N base_cls_epoch=30 epoch_seconds=4.4 task_elapsed_minutes=1.2 gpu_alloc_gb=0.342 gpu_reserved_gb=1.744
[SSL] repeat=0 scope=external fold=external epoch=18/50 ssl_loss=0.050886 lr=0.000123883 base_val_bce=0.608488 base_best=N base_cls_epoch=33 epoch_seconds=4.4 task_elapsed_minutes=1.3 gpu_alloc_gb=0.342 gpu_reserved_gb=1.744
[SSL] repeat=0 scope=external fold=external epoch=19/50 ssl_loss=0.039043 lr=0.000120554 base_val_bce=0.601961 base_best=N base_cls_epoch=31 epoch_seconds=4.3 task_elapsed_minutes=1.4 gpu_alloc_gb=0.342 gpu_reserved_gb=1.744
CHECKPOINT_LATEST repeat=0 scope=external fold=external phase=ssl epoch=20 path=/data/adodas/VarCoNet-V2-main/xiaolunwen/experiment1b/checkpoints/worker_r0_latest.pt
[SSL] repeat=0 scope=external fold=external epoch=20/50 ssl_loss=0.048345 lr=0.000116904 base_val_bce=0.610137 base_best=N base_cls_epoch=30 epoch_seconds=4.9 task_elapsed_minutes=1.5 gpu_alloc_gb=0.342 gpu_reserved_gb=1.744
[SSL] repeat=0 scope=external fold=external epoch=21/50 ssl_loss=0.036798 lr=0.000112956 base_val_bce=0.615938 base_best=N base_cls_epoch=35 epoch_seconds=4.3 task_elapsed_minutes=1.5 gpu_alloc_gb=0.342 gpu_reserved_gb=1.744
[SSL] repeat=0 scope=external fold=external epoch=22/50 ssl_loss=0.043498 lr=0.000108733 base_val_bce=0.614406 base_best=N base_cls_epoch=34 epoch_seconds=4.6 task_elapsed_minutes=1.6 gpu_alloc_gb=0.342 gpu_reserved_gb=1.744
[SSL] repeat=0 scope=external fold=external epoch=23/50 ssl_loss=0.043232 lr=0.000104262 base_val_bce=0.618597 base_best=N base_cls_epoch=37 epoch_seconds=4.3 task_elapsed_minutes=1.7 gpu_alloc_gb=0.342 gpu_reserved_gb=1.744
[SSL] repeat=0 scope=external fold=external epoch=24/50 ssl_loss=0.037563 lr=0.000099570 base_val_bce=0.609484 base_best=N base_cls_epoch=36 epoch_seconds=4.1 task_elapsed_minutes=1.8 gpu_alloc_gb=0.342 gpu_reserved_gb=1.744
[SSL] repeat=0 scope=external fold=external epoch=25/50 ssl_loss=0.044873 lr=0.000094687 base_val_bce=0.605715 base_best=N base_cls_epoch=34 epoch_seconds=3.8 task_elapsed_minutes=1.8 gpu_alloc_gb=0.342 gpu_reserved_gb=1.744
[SSL] repeat=0 scope=external fold=external epoch=26/50 ssl_loss=0.041305 lr=0.000089643 base_val_bce=0.596222 base_best=N base_cls_epoch=32 epoch_seconds=3.6 task_elapsed_minutes=1.9 gpu_alloc_gb=0.342 gpu_reserved_gb=1.744
[SSL] repeat=0 scope=external fold=external epoch=27/50 ssl_loss=0.042841 lr=0.000084467 base_val_bce=0.605621 base_best=N base_cls_epoch=32 epoch_seconds=4.5 task_elapsed_minutes=2.0 gpu_alloc_gb=0.342 gpu_reserved_gb=1.744
[SSL] repeat=0 scope=external fold=external epoch=28/50 ssl_loss=0.030165 lr=0.000079194 base_val_bce=0.607696 base_best=N base_cls_epoch=31 epoch_seconds=4.4 task_elapsed_minutes=2.0 gpu_alloc_gb=0.342 gpu_reserved_gb=1.744
[SSL] repeat=0 scope=external fold=external epoch=29/50 ssl_loss=0.040728 lr=0.000073854 base_val_bce=0.602649 base_best=N base_cls_epoch=33 epoch_seconds=4.8 task_elapsed_minutes=2.1 gpu_alloc_gb=0.342 gpu_reserved_gb=1.744
CHECKPOINT_LATEST repeat=0 scope=external fold=external phase=ssl epoch=30 path=/data/adodas/VarCoNet-V2-main/xiaolunwen/experiment1b/checkpoints/worker_r0_latest.pt
[SSL] repeat=0 scope=external fold=external epoch=30/50 ssl_loss=0.041383 lr=0.000068481 base_val_bce=0.612428 base_best=N base_cls_epoch=32 epoch_seconds=9.2 task_elapsed_minutes=2.2 gpu_alloc_gb=0.342 gpu_reserved_gb=1.744
[SSL] repeat=0 scope=external fold=external epoch=31/50 ssl_loss=0.035869 lr=0.000063108 base_val_bce=0.609620 base_best=N base_cls_epoch=34 epoch_seconds=6.3 task_elapsed_minutes=2.4 gpu_alloc_gb=0.342 gpu_reserved_gb=1.744
[SSL] repeat=0 scope=external fold=external epoch=32/50 ssl_loss=0.040309 lr=0.000057768 base_val_bce=0.611715 base_best=N base_cls_epoch=33 epoch_seconds=3.1 task_elapsed_minutes=2.4 gpu_alloc_gb=0.342 gpu_reserved_gb=1.744
[SSL] repeat=0 scope=external fold=external epoch=33/50 ssl_loss=0.036125 lr=0.000052494 base_val_bce=0.609980 base_best=N base_cls_epoch=32 epoch_seconds=3.3 task_elapsed_minutes=2.5 gpu_alloc_gb=0.342 gpu_reserved_gb=1.744
[SSL] repeat=0 scope=external fold=external epoch=34/50 ssl_loss=0.037684 lr=0.000047319 base_val_bce=0.611243 base_best=N base_cls_epoch=36 epoch_seconds=3.9 task_elapsed_minutes=2.5 gpu_alloc_gb=0.342 gpu_reserved_gb=1.744
[SSL] repeat=0 scope=external fold=external epoch=35/50 ssl_loss=0.033777 lr=0.000042274 base_val_bce=0.601950 base_best=N base_cls_epoch=32 epoch_seconds=3.1 task_elapsed_minutes=2.6 gpu_alloc_gb=0.342 gpu_reserved_gb=1.744
[SSL] repeat=0 scope=external fold=external epoch=36/50 ssl_loss=0.036297 lr=0.000037391 base_val_bce=0.604060 base_best=N base_cls_epoch=31 epoch_seconds=3.6 task_elapsed_minutes=2.6 gpu_alloc_gb=0.342 gpu_reserved_gb=1.744
[SSL] repeat=0 scope=external fold=external epoch=37/50 ssl_loss=0.031567 lr=0.000032700 base_val_bce=0.592181 base_best=N base_cls_epoch=34 epoch_seconds=4.1 task_elapsed_minutes=2.7 gpu_alloc_gb=0.342 gpu_reserved_gb=1.744
[SSL] repeat=0 scope=external fold=external epoch=38/50 ssl_loss=0.044329 lr=0.000028229 base_val_bce=0.611965 base_best=N base_cls_epoch=31 epoch_seconds=4.1 task_elapsed_minutes=2.8 gpu_alloc_gb=0.342 gpu_reserved_gb=1.744
[SSL] repeat=0 scope=external fold=external epoch=39/50 ssl_loss=0.044709 lr=0.000024006 base_val_bce=0.615803 base_best=N base_cls_epoch=31 epoch_seconds=4.1 task_elapsed_minutes=2.9 gpu_alloc_gb=0.342 gpu_reserved_gb=1.744
CHECKPOINT_LATEST repeat=0 scope=external fold=external phase=ssl epoch=40 path=/data/adodas/VarCoNet-V2-main/xiaolunwen/experiment1b/checkpoints/worker_r0_latest.pt
[SSL] repeat=0 scope=external fold=external epoch=40/50 ssl_loss=0.034020 lr=0.000020058 base_val_bce=0.609484 base_best=N base_cls_epoch=33 epoch_seconds=6.7 task_elapsed_minutes=2.9 gpu_alloc_gb=0.342 gpu_reserved_gb=1.744
[SSL] repeat=0 scope=external fold=external epoch=41/50 ssl_loss=0.027528 lr=0.000016408 base_val_bce=0.613556 base_best=N base_cls_epoch=35 epoch_seconds=4.7 task_elapsed_minutes=3.0 gpu_alloc_gb=0.342 gpu_reserved_gb=1.744
[SSL] repeat=0 scope=external fold=external epoch=42/50 ssl_loss=0.031853 lr=0.000013079 base_val_bce=0.620607 base_best=N base_cls_epoch=32 epoch_seconds=4.0 task_elapsed_minutes=3.1 gpu_alloc_gb=0.342 gpu_reserved_gb=1.744
[SSL] repeat=0 scope=external fold=external epoch=43/50 ssl_loss=0.036463 lr=0.000010091 base_val_bce=0.611835 base_best=N base_cls_epoch=36 epoch_seconds=3.9 task_elapsed_minutes=3.2 gpu_alloc_gb=0.342 gpu_reserved_gb=1.744
[SSL] repeat=0 scope=external fold=external epoch=44/50 ssl_loss=0.032127 lr=0.000007464 base_val_bce=0.609721 base_best=N base_cls_epoch=32 epoch_seconds=3.2 task_elapsed_minutes=3.2 gpu_alloc_gb=0.342 gpu_reserved_gb=1.744
[SSL] repeat=0 scope=external fold=external epoch=45/50 ssl_loss=0.032473 lr=0.000005213 base_val_bce=0.598503 base_best=N base_cls_epoch=34 epoch_seconds=5.6 task_elapsed_minutes=3.3 gpu_alloc_gb=0.342 gpu_reserved_gb=1.744
[SSL] repeat=0 scope=external fold=external epoch=46/50 ssl_loss=0.037983 lr=0.000003352 base_val_bce=0.602431 base_best=N base_cls_epoch=38 epoch_seconds=3.1 task_elapsed_minutes=3.4 gpu_alloc_gb=0.342 gpu_reserved_gb=1.744
[SSL] repeat=0 scope=external fold=external epoch=47/50 ssl_loss=0.036281 lr=0.000001892 base_val_bce=0.610615 base_best=N base_cls_epoch=34 epoch_seconds=5.7 task_elapsed_minutes=3.5 gpu_alloc_gb=0.342 gpu_reserved_gb=1.744
[SSL] repeat=0 scope=external fold=external epoch=48/50 ssl_loss=0.038190 lr=0.000000843 base_val_bce=0.607340 base_best=N base_cls_epoch=37 epoch_seconds=8.5 task_elapsed_minutes=3.6 gpu_alloc_gb=0.342 gpu_reserved_gb=1.744
[SSL] repeat=0 scope=external fold=external epoch=49/50 ssl_loss=0.037046 lr=0.000000211 base_val_bce=0.603982 base_best=N base_cls_epoch=34 epoch_seconds=3.3 task_elapsed_minutes=3.7 gpu_alloc_gb=0.342 gpu_reserved_gb=1.744
CHECKPOINT_LATEST repeat=0 scope=external fold=external phase=ssl epoch=50 path=/data/adodas/VarCoNet-V2-main/xiaolunwen/experiment1b/checkpoints/worker_r0_latest.pt
[SSL] repeat=0 scope=external fold=external epoch=50/50 ssl_loss=0.036530 lr=0.000000000 base_val_bce=0.597009 base_best=N base_cls_epoch=35 epoch_seconds=8.3 task_elapsed_minutes=3.7 gpu_alloc_gb=0.342 gpu_reserved_gb=1.744
CRSM_INIT repeat=0 scope=external fold=external n_experts=2 tau=1.0 trainable_parameters=147074 hc_centroid_norm=35.545761 pca_unit_norm=1.00000000 pca_singular=186.354355 sigma_margin=1.487118 sigma_projection=8.548586 ratio=0.0100 scale=0.00173960708 epoch0_val_bce=0.574224
CHECKPOINT_LATEST repeat=0 scope=external fold=external phase=crsm epoch=0 path=/data/adodas/VarCoNet-V2-main/xiaolunwen/experiment1b/checkpoints/worker_r0_latest.pt
CHECKPOINT_BEST repeat=0 scope=external fold=external phase=crsm epoch=0 path=/data/adodas/VarCoNet-V2-main/xiaolunwen/experiment1b/checkpoints/worker_r0_best.pt
CHECKPOINT_BEST repeat=0 scope=external fold=external phase=crsm epoch=1 path=/data/adodas/VarCoNet-V2-main/xiaolunwen/experiment1b/checkpoints/worker_r0_best.pt
[CRSM] repeat=0 scope=external fold=external epoch=1/149 train_loss=0.265543 val_bce=0.573536 best=Y best_epoch=1 mass=(0.5015,0.4985) hard=(0.4603,0.5397) entropy=0.693043 delta_l2=(0.013922,0.013458) delta_cos=0.938415 epoch_seconds=5.24
CHECKPOINT_BEST repeat=0 scope=external fold=external phase=crsm epoch=2 path=/data/adodas/VarCoNet-V2-main/xiaolunwen/experiment1b/checkpoints/worker_r0_best.pt
[CRSM] repeat=0 scope=external fold=external epoch=2/149 train_loss=0.261595 val_bce=0.572989 best=Y best_epoch=2 mass=(0.5017,0.4983) hard=(0.4590,0.5410) entropy=0.693021 delta_l2=(0.027180,0.026724) delta_cos=0.971995 epoch_seconds=11.71
CHECKPOINT_BEST repeat=0 scope=external fold=external phase=crsm epoch=3 path=/data/adodas/VarCoNet-V2-main/xiaolunwen/experiment1b/checkpoints/worker_r0_best.pt
[CRSM] repeat=0 scope=external fold=external epoch=3/149 train_loss=0.257785 val_bce=0.572563 best=Y best_epoch=3 mass=(0.5018,0.4982) hard=(0.4603,0.5397) entropy=0.692996 delta_l2=(0.040351,0.039901) delta_cos=0.979888 epoch_seconds=3.70
CHECKPOINT_BEST repeat=0 scope=external fold=external phase=crsm epoch=4 path=/data/adodas/VarCoNet-V2-main/xiaolunwen/experiment1b/checkpoints/worker_r0_best.pt
[CRSM] repeat=0 scope=external fold=external epoch=4/149 train_loss=0.254102 val_bce=0.572244 best=Y best_epoch=4 mass=(0.5019,0.4981) hard=(0.4578,0.5422) entropy=0.692967 delta_l2=(0.053417,0.052973) delta_cos=0.983120 epoch_seconds=3.59
CHECKPOINT_BEST repeat=0 scope=external fold=external phase=crsm epoch=5 path=/data/adodas/VarCoNet-V2-main/xiaolunwen/experiment1b/checkpoints/worker_r0_best.pt
[CRSM] repeat=0 scope=external fold=external epoch=5/149 train_loss=0.250534 val_bce=0.572020 best=Y best_epoch=5 mass=(0.5021,0.4979) hard=(0.4540,0.5460) entropy=0.692932 delta_l2=(0.066383,0.065944) delta_cos=0.984763 epoch_seconds=8.66
CHECKPOINT_BEST repeat=0 scope=external fold=external phase=crsm epoch=6 path=/data/adodas/VarCoNet-V2-main/xiaolunwen/experiment1b/checkpoints/worker_r0_best.pt
[CRSM] repeat=0 scope=external fold=external epoch=6/149 train_loss=0.247075 val_bce=0.571879 best=Y best_epoch=6 mass=(0.5022,0.4978) hard=(0.4552,0.5448) entropy=0.692892 delta_l2=(0.079259,0.078821) delta_cos=0.985679 epoch_seconds=20.74
CHECKPOINT_BEST repeat=0 scope=external fold=external phase=crsm epoch=7 path=/data/adodas/VarCoNet-V2-main/xiaolunwen/experiment1b/checkpoints/worker_r0_best.pt
[CRSM] repeat=0 scope=external fold=external epoch=7/149 train_loss=0.243719 val_bce=0.571813 best=Y best_epoch=7 mass=(0.5024,0.4976) hard=(0.4502,0.5498) entropy=0.692845 delta_l2=(0.092049,0.091609) delta_cos=0.986199 epoch_seconds=10.02
CHECKPOINT_LATEST repeat=0 scope=external fold=external phase=crsm epoch=10 path=/data/adodas/VarCoNet-V2-main/xiaolunwen/experiment1b/checkpoints/worker_r0_latest.pt
[CRSM] repeat=0 scope=external fold=external epoch=10/149 train_loss=0.234230 val_bce=0.572012 best=N best_epoch=7 mass=(0.5030,0.4970) hard=(0.4502,0.5498) entropy=0.692648 delta_l2=(0.129937,0.129472) delta_cos=0.986530 epoch_seconds=18.00
CHECKPOINT_LATEST repeat=0 scope=external fold=external phase=crsm epoch=20 path=/data/adodas/VarCoNet-V2-main/xiaolunwen/experiment1b/checkpoints/worker_r0_latest.pt
[CRSM] repeat=0 scope=external fold=external epoch=20/149 train_loss=0.208014 val_bce=0.575984 best=N best_epoch=7 mass=(0.5062,0.4938) hard=(0.4414,0.5586) entropy=0.690636 delta_l2=(0.250443,0.249774) delta_cos=0.981450 epoch_seconds=9.84
CHECKPOINT_LATEST repeat=0 scope=external fold=external phase=crsm epoch=30 path=/data/adodas/VarCoNet-V2-main/xiaolunwen/experiment1b/checkpoints/worker_r0_latest.pt
[CRSM] repeat=0 scope=external fold=external epoch=30/149 train_loss=0.188215 val_bce=0.583180 best=N best_epoch=7 mass=(0.5115,0.4885) hard=(0.4351,0.5649) entropy=0.682863 delta_l2=(0.360931,0.359761) delta_cos=0.966488 epoch_seconds=5.48
CHECKPOINT_LATEST repeat=0 scope=external fold=external phase=crsm epoch=40 path=/data/adodas/VarCoNet-V2-main/xiaolunwen/experiment1b/checkpoints/worker_r0_latest.pt
[CRSM] repeat=0 scope=external fold=external epoch=40/149 train_loss=0.172899 val_bce=0.591964 best=N best_epoch=7 mass=(0.5162,0.4838) hard=(0.4376,0.5624) entropy=0.665791 delta_l2=(0.461590,0.459533) delta_cos=0.939261 epoch_seconds=9.12
CHECKPOINT_LATEST repeat=0 scope=external fold=external phase=crsm epoch=50 path=/data/adodas/VarCoNet-V2-main/xiaolunwen/experiment1b/checkpoints/worker_r0_latest.pt
[CRSM] repeat=0 scope=external fold=external epoch=50/149 train_loss=0.160783 val_bce=0.601595 best=N best_epoch=7 mass=(0.5175,0.4825) hard=(0.4401,0.5599) entropy=0.644315 delta_l2=(0.553008,0.550565) delta_cos=0.901036 epoch_seconds=5.93
CHECKPOINT_LATEST repeat=0 scope=external fold=external phase=crsm epoch=60 path=/data/adodas/VarCoNet-V2-main/xiaolunwen/experiment1b/checkpoints/worker_r0_latest.pt
[CRSM] repeat=0 scope=external fold=external epoch=60/149 train_loss=0.151096 val_bce=0.611754 best=N best_epoch=7 mass=(0.5160,0.4840) hard=(0.4388,0.5612) entropy=0.622622 delta_l2=(0.635884,0.634602) delta_cos=0.854923 epoch_seconds=11.87
CHECKPOINT_LATEST repeat=0 scope=external fold=external phase=crsm epoch=70 path=/data/adodas/VarCoNet-V2-main/xiaolunwen/experiment1b/checkpoints/worker_r0_latest.pt
[CRSM] repeat=0 scope=external fold=external epoch=70/149 train_loss=0.143377 val_bce=0.622175 best=N best_epoch=7 mass=(0.5134,0.4866) hard=(0.4477,0.5523) entropy=0.601318 delta_l2=(0.710789,0.712914) delta_cos=0.805667 epoch_seconds=15.17
CHECKPOINT_LATEST repeat=0 scope=external fold=external phase=crsm epoch=80 path=/data/adodas/VarCoNet-V2-main/xiaolunwen/experiment1b/checkpoints/worker_r0_latest.pt
[CRSM] repeat=0 scope=external fold=external epoch=80/149 train_loss=0.137261 val_bce=0.632702 best=N best_epoch=7 mass=(0.5105,0.4895) hard=(0.4439,0.5561) entropy=0.581315 delta_l2=(0.778282,0.785994) delta_cos=0.757801 epoch_seconds=6.70
CHECKPOINT_LATEST repeat=0 scope=external fold=external phase=crsm epoch=90 path=/data/adodas/VarCoNet-V2-main/xiaolunwen/experiment1b/checkpoints/worker_r0_latest.pt
[CRSM] repeat=0 scope=external fold=external epoch=90/149 train_loss=0.132426 val_bce=0.643358 best=N best_epoch=7 mass=(0.5078,0.4922) hard=(0.4515,0.5485) entropy=0.563226 delta_l2=(0.839084,0.853967) delta_cos=0.713633 epoch_seconds=9.58
CHECKPOINT_LATEST repeat=0 scope=external fold=external phase=crsm epoch=100 path=/data/adodas/VarCoNet-V2-main/xiaolunwen/experiment1b/checkpoints/worker_r0_latest.pt
[CRSM] repeat=0 scope=external fold=external epoch=100/149 train_loss=0.128596 val_bce=0.654002 best=N best_epoch=7 mass=(0.5056,0.4944) hard=(0.4552,0.5448) entropy=0.547006 delta_l2=(0.893984,0.916981) delta_cos=0.673786 epoch_seconds=7.54
CHECKPOINT_LATEST repeat=0 scope=external fold=external phase=crsm epoch=110 path=/data/adodas/VarCoNet-V2-main/xiaolunwen/experiment1b/checkpoints/worker_r0_latest.pt
[CRSM] repeat=0 scope=external fold=external epoch=110/149 train_loss=0.125546 val_bce=0.664530 best=N best_epoch=7 mass=(0.5038,0.4962) hard=(0.4615,0.5385) entropy=0.532475 delta_l2=(0.943752,0.975255) delta_cos=0.638145 epoch_seconds=3.16
CHECKPOINT_LATEST repeat=0 scope=external fold=external phase=crsm epoch=120 path=/data/adodas/VarCoNet-V2-main/xiaolunwen/experiment1b/checkpoints/worker_r0_latest.pt
[CRSM] repeat=0 scope=external fold=external epoch=120/149 train_loss=0.123100 val_bce=0.674857 best=N best_epoch=7 mass=(0.5023,0.4977) hard=(0.4678,0.5322) entropy=0.519506 delta_l2=(0.989078,1.029084) delta_cos=0.606364 epoch_seconds=3.71
CHECKPOINT_LATEST repeat=0 scope=external fold=external phase=crsm epoch=130 path=/data/adodas/VarCoNet-V2-main/xiaolunwen/experiment1b/checkpoints/worker_r0_latest.pt
[CRSM] repeat=0 scope=external fold=external epoch=130/149 train_loss=0.121120 val_bce=0.684925 best=N best_epoch=7 mass=(0.5011,0.4989) hard=(0.4666,0.5334) entropy=0.507931 delta_l2=(1.030546,1.078829) delta_cos=0.578023 epoch_seconds=7.69
CHECKPOINT_LATEST repeat=0 scope=external fold=external phase=crsm epoch=140 path=/data/adodas/VarCoNet-V2-main/xiaolunwen/experiment1b/checkpoints/worker_r0_latest.pt
[CRSM] repeat=0 scope=external fold=external epoch=140/149 train_loss=0.119500 val_bce=0.694713 best=N best_epoch=7 mass=(0.5001,0.4999) hard=(0.4691,0.5309) entropy=0.497604 delta_l2=(1.068655,1.124871) delta_cos=0.552707 epoch_seconds=5.66
TASK_TRAINING_DONE repeat=0 scope=external fold=external base_encoder_epoch=1 base_classifier_epoch=37 base_val_bce=0.574225 selected_crsm_epoch=7 crsm_val_bce=0.571813 treatment_threshold=0.332448 elapsed_minutes=7.0
TASK_DONE repeat=0 scope=caltech fold=external method=baseline selected_encoder_epoch=1 test_auc=0.748538 test_bce=0.586980 elapsed_minutes=7.0
TASK_DONE repeat=0 scope=abide2 fold=external method=baseline selected_encoder_epoch=1 test_auc=0.719810 test_bce=0.612938 elapsed_minutes=7.0
TASK_DONE repeat=0 scope=caltech fold=external method=control_referenced_soft_multiboundary selected_encoder_epoch=1 test_auc=0.748538 test_bce=0.586142 elapsed_minutes=7.0
TASK_DONE repeat=0 scope=abide2 fold=external method=control_referenced_soft_multiboundary selected_encoder_epoch=1 test_auc=0.720792 test_bce=0.611877 elapsed_minutes=7.0
REPEAT_DONE repeat=0 status=PASS rows=26
