REPEAT_START repeat=2 device=cuda:0 tasks=11 internal_folds=10 external_trajectory=Y
TASK_START repeat=2 scope=internal_fold fold=0 device=cuda:0 train=750 val=119
/usr/local/lib/python3.12/site-packages/torch/autograd/graph.py:841: UserWarning: Memory Efficient attention defaults to a non-deterministic algorithm. To explicitly enable determinism call torch.use_deterministic_algorithms(True, warn_only=False). (Triggered internally at /job_4065109/source/pytorch/aten/src/ATen/native/transformers/cuda/ppu/xformers/xformers/csrc/attention/cuda/fmha/attention_backward_generic.cu:487.)
  return Variable._execution_engine.run_backward(  # Calls into the C++ engine to run the backward pass
/usr/local/lib/python3.12/site-packages/torch/nn/modules/transformer.py:515: UserWarning: The PyTorch API of nested tensors is in prototype stage and will change in the near future. We recommend specifying layout=torch.jagged when constructing a nested tensor, as this layout receives active development, has better operator coverage, and works with torch.compile. (Triggered internally at ../aten/src/ATen/NestedTensorImpl.cpp:178.)
  output = torch._nested_tensor_from_mask(
[SSL] repeat=2 scope=internal_fold fold=0 epoch=1/50 ssl_loss=0.137497 lr=0.000024107 base_val_bce=0.630375 base_best=Y base_cls_epoch=29 epoch_seconds=7.1 elapsed_minutes=0.2 gpu_alloc_gb=0.080 gpu_reserved_gb=1.059
[SSL] repeat=2 scope=internal_fold fold=0 epoch=2/50 ssl_loss=0.134563 lr=0.000038214 base_val_bce=0.626568 base_best=Y base_cls_epoch=30 epoch_seconds=3.8 elapsed_minutes=0.2 gpu_alloc_gb=0.080 gpu_reserved_gb=1.059
[SSL] repeat=2 scope=internal_fold fold=0 epoch=3/50 ssl_loss=0.110872 lr=0.000052321 base_val_bce=0.624544 base_best=Y base_cls_epoch=30 epoch_seconds=3.7 elapsed_minutes=0.3 gpu_alloc_gb=0.080 gpu_reserved_gb=1.059
[SSL] repeat=2 scope=internal_fold fold=0 epoch=4/50 ssl_loss=0.087013 lr=0.000066427 base_val_bce=0.634050 base_best=N base_cls_epoch=26 epoch_seconds=3.7 elapsed_minutes=0.4 gpu_alloc_gb=0.080 gpu_reserved_gb=1.059
[SSL] repeat=2 scope=internal_fold fold=0 epoch=5/50 ssl_loss=0.099726 lr=0.000080534 base_val_bce=0.624227 base_best=Y base_cls_epoch=30 epoch_seconds=3.8 elapsed_minutes=0.4 gpu_alloc_gb=0.080 gpu_reserved_gb=1.059
[SSL] repeat=2 scope=internal_fold fold=0 epoch=6/50 ssl_loss=0.108242 lr=0.000094641 base_val_bce=0.616961 base_best=Y base_cls_epoch=30 epoch_seconds=3.7 elapsed_minutes=0.5 gpu_alloc_gb=0.080 gpu_reserved_gb=1.059
[SSL] repeat=2 scope=internal_fold fold=0 epoch=7/50 ssl_loss=0.074610 lr=0.000108748 base_val_bce=0.620545 base_best=N base_cls_epoch=27 epoch_seconds=3.8 elapsed_minutes=0.5 gpu_alloc_gb=0.080 gpu_reserved_gb=1.059
[SSL] repeat=2 scope=internal_fold fold=0 epoch=8/50 ssl_loss=0.101480 lr=0.000122855 base_val_bce=0.620135 base_best=N base_cls_epoch=28 epoch_seconds=3.8 elapsed_minutes=0.6 gpu_alloc_gb=0.080 gpu_reserved_gb=1.059
[SSL] repeat=2 scope=internal_fold fold=0 epoch=9/50 ssl_loss=0.066515 lr=0.000136962 base_val_bce=0.624609 base_best=N base_cls_epoch=26 epoch_seconds=3.8 elapsed_minutes=0.7 gpu_alloc_gb=0.080 gpu_reserved_gb=1.059
[SSL] repeat=2 scope=internal_fold fold=0 epoch=10/50 ssl_loss=0.069808 lr=0.000136962 base_val_bce=0.610841 base_best=Y base_cls_epoch=27 epoch_seconds=3.9 elapsed_minutes=0.7 gpu_alloc_gb=0.080 gpu_reserved_gb=1.059
[SSL] repeat=2 scope=internal_fold fold=0 epoch=11/50 ssl_loss=0.062147 lr=0.000136751 base_val_bce=0.605339 base_best=Y base_cls_epoch=23 epoch_seconds=3.5 elapsed_minutes=0.8 gpu_alloc_gb=0.080 gpu_reserved_gb=1.059
[SSL] repeat=2 scope=internal_fold fold=0 epoch=12/50 ssl_loss=0.068828 lr=0.000136119 base_val_bce=0.612573 base_best=N base_cls_epoch=28 epoch_seconds=3.9 elapsed_minutes=0.9 gpu_alloc_gb=0.080 gpu_reserved_gb=1.059
[SSL] repeat=2 scope=internal_fold fold=0 epoch=13/50 ssl_loss=0.054423 lr=0.000135070 base_val_bce=0.612641 base_best=N base_cls_epoch=26 epoch_seconds=3.9 elapsed_minutes=0.9 gpu_alloc_gb=0.080 gpu_reserved_gb=1.059
[SSL] repeat=2 scope=internal_fold fold=0 epoch=14/50 ssl_loss=0.059403 lr=0.000133610 base_val_bce=0.609717 base_best=N base_cls_epoch=28 epoch_seconds=3.8 elapsed_minutes=1.0 gpu_alloc_gb=0.080 gpu_reserved_gb=1.059
[SSL] repeat=2 scope=internal_fold fold=0 epoch=15/50 ssl_loss=0.063187 lr=0.000131749 base_val_bce=0.623457 base_best=N base_cls_epoch=26 epoch_seconds=3.8 elapsed_minutes=1.1 gpu_alloc_gb=0.080 gpu_reserved_gb=1.059
[SSL] repeat=2 scope=internal_fold fold=0 epoch=16/50 ssl_loss=0.062924 lr=0.000129498 base_val_bce=0.601605 base_best=Y base_cls_epoch=25 epoch_seconds=3.9 elapsed_minutes=1.1 gpu_alloc_gb=0.080 gpu_reserved_gb=1.059
[SSL] repeat=2 scope=internal_fold fold=0 epoch=17/50 ssl_loss=0.051642 lr=0.000126870 base_val_bce=0.612321 base_best=N base_cls_epoch=24 epoch_seconds=3.8 elapsed_minutes=1.2 gpu_alloc_gb=0.080 gpu_reserved_gb=1.059
[SSL] repeat=2 scope=internal_fold fold=0 epoch=18/50 ssl_loss=0.047469 lr=0.000123883 base_val_bce=0.606501 base_best=N base_cls_epoch=25 epoch_seconds=3.9 elapsed_minutes=1.2 gpu_alloc_gb=0.080 gpu_reserved_gb=1.059
[SSL] repeat=2 scope=internal_fold fold=0 epoch=19/50 ssl_loss=0.054515 lr=0.000120554 base_val_bce=0.614333 base_best=N base_cls_epoch=24 epoch_seconds=3.8 elapsed_minutes=1.3 gpu_alloc_gb=0.080 gpu_reserved_gb=1.059
[SSL] repeat=2 scope=internal_fold fold=0 epoch=20/50 ssl_loss=0.053632 lr=0.000116904 base_val_bce=0.607770 base_best=N base_cls_epoch=23 epoch_seconds=3.8 elapsed_minutes=1.4 gpu_alloc_gb=0.080 gpu_reserved_gb=1.059
[SSL] repeat=2 scope=internal_fold fold=0 epoch=21/50 ssl_loss=0.044181 lr=0.000112956 base_val_bce=0.601236 base_best=Y base_cls_epoch=24 epoch_seconds=3.5 elapsed_minutes=1.4 gpu_alloc_gb=0.080 gpu_reserved_gb=1.059
[SSL] repeat=2 scope=internal_fold fold=0 epoch=22/50 ssl_loss=0.054356 lr=0.000108733 base_val_bce=0.602943 base_best=N base_cls_epoch=23 epoch_seconds=3.8 elapsed_minutes=1.5 gpu_alloc_gb=0.080 gpu_reserved_gb=1.059
[SSL] repeat=2 scope=internal_fold fold=0 epoch=23/50 ssl_loss=0.045326 lr=0.000104262 base_val_bce=0.611380 base_best=N base_cls_epoch=23 epoch_seconds=3.9 elapsed_minutes=1.6 gpu_alloc_gb=0.080 gpu_reserved_gb=1.059
[SSL] repeat=2 scope=internal_fold fold=0 epoch=24/50 ssl_loss=0.044455 lr=0.000099570 base_val_bce=0.616155 base_best=N base_cls_epoch=22 epoch_seconds=3.9 elapsed_minutes=1.6 gpu_alloc_gb=0.080 gpu_reserved_gb=1.059
[SSL] repeat=2 scope=internal_fold fold=0 epoch=25/50 ssl_loss=0.059259 lr=0.000094687 base_val_bce=0.613914 base_best=N base_cls_epoch=26 epoch_seconds=3.8 elapsed_minutes=1.7 gpu_alloc_gb=0.080 gpu_reserved_gb=1.059
[SSL] repeat=2 scope=internal_fold fold=0 epoch=26/50 ssl_loss=0.080933 lr=0.000089643 base_val_bce=0.613896 base_best=N base_cls_epoch=26 epoch_seconds=4.0 elapsed_minutes=1.8 gpu_alloc_gb=0.080 gpu_reserved_gb=1.059
[SSL] repeat=2 scope=internal_fold fold=0 epoch=27/50 ssl_loss=0.049153 lr=0.000084467 base_val_bce=0.612201 base_best=N base_cls_epoch=28 epoch_seconds=3.9 elapsed_minutes=1.8 gpu_alloc_gb=0.080 gpu_reserved_gb=1.059
[SSL] repeat=2 scope=internal_fold fold=0 epoch=28/50 ssl_loss=0.054951 lr=0.000079194 base_val_bce=0.605567 base_best=N base_cls_epoch=21 epoch_seconds=3.9 elapsed_minutes=1.9 gpu_alloc_gb=0.080 gpu_reserved_gb=1.059
[SSL] repeat=2 scope=internal_fold fold=0 epoch=29/50 ssl_loss=0.046780 lr=0.000073854 base_val_bce=0.620693 base_best=N base_cls_epoch=22 epoch_seconds=3.9 elapsed_minutes=2.0 gpu_alloc_gb=0.080 gpu_reserved_gb=1.059
[SSL] repeat=2 scope=internal_fold fold=0 epoch=30/50 ssl_loss=0.041511 lr=0.000068481 base_val_bce=0.607159 base_best=N base_cls_epoch=23 epoch_seconds=3.9 elapsed_minutes=2.0 gpu_alloc_gb=0.080 gpu_reserved_gb=1.059
[SSL] repeat=2 scope=internal_fold fold=0 epoch=31/50 ssl_loss=0.043231 lr=0.000063108 base_val_bce=0.617777 base_best=N base_cls_epoch=25 epoch_seconds=3.6 elapsed_minutes=2.1 gpu_alloc_gb=0.080 gpu_reserved_gb=1.059
[SSL] repeat=2 scope=internal_fold fold=0 epoch=32/50 ssl_loss=0.049378 lr=0.000057768 base_val_bce=0.617824 base_best=N base_cls_epoch=23 epoch_seconds=3.7 elapsed_minutes=2.2 gpu_alloc_gb=0.080 gpu_reserved_gb=1.059
[SSL] repeat=2 scope=internal_fold fold=0 epoch=33/50 ssl_loss=0.059546 lr=0.000052494 base_val_bce=0.607533 base_best=N base_cls_epoch=23 epoch_seconds=3.8 elapsed_minutes=2.2 gpu_alloc_gb=0.080 gpu_reserved_gb=1.059
[SSL] repeat=2 scope=internal_fold fold=0 epoch=34/50 ssl_loss=0.040444 lr=0.000047319 base_val_bce=0.616153 base_best=N base_cls_epoch=23 epoch_seconds=3.9 elapsed_minutes=2.3 gpu_alloc_gb=0.080 gpu_reserved_gb=1.059
[SSL] repeat=2 scope=internal_fold fold=0 epoch=35/50 ssl_loss=0.044753 lr=0.000042274 base_val_bce=0.605677 base_best=N base_cls_epoch=21 epoch_seconds=3.8 elapsed_minutes=2.3 gpu_alloc_gb=0.080 gpu_reserved_gb=1.059
[SSL] repeat=2 scope=internal_fold fold=0 epoch=36/50 ssl_loss=0.044684 lr=0.000037391 base_val_bce=0.605065 base_best=N base_cls_epoch=26 epoch_seconds=3.8 elapsed_minutes=2.4 gpu_alloc_gb=0.080 gpu_reserved_gb=1.059
[SSL] repeat=2 scope=internal_fold fold=0 epoch=37/50 ssl_loss=0.046413 lr=0.000032700 base_val_bce=0.608574 base_best=N base_cls_epoch=25 epoch_seconds=3.8 elapsed_minutes=2.5 gpu_alloc_gb=0.080 gpu_reserved_gb=1.059
[SSL] repeat=2 scope=internal_fold fold=0 epoch=38/50 ssl_loss=0.047093 lr=0.000028229 base_val_bce=0.611347 base_best=N base_cls_epoch=22 epoch_seconds=3.9 elapsed_minutes=2.5 gpu_alloc_gb=0.080 gpu_reserved_gb=1.059
[SSL] repeat=2 scope=internal_fold fold=0 epoch=39/50 ssl_loss=0.043651 lr=0.000024006 base_val_bce=0.611422 base_best=N base_cls_epoch=21 epoch_seconds=3.8 elapsed_minutes=2.6 gpu_alloc_gb=0.080 gpu_reserved_gb=1.059
[SSL] repeat=2 scope=internal_fold fold=0 epoch=40/50 ssl_loss=0.049278 lr=0.000020058 base_val_bce=0.616764 base_best=N base_cls_epoch=23 epoch_seconds=3.9 elapsed_minutes=2.7 gpu_alloc_gb=0.080 gpu_reserved_gb=1.059
[SSL] repeat=2 scope=internal_fold fold=0 epoch=41/50 ssl_loss=0.043745 lr=0.000016408 base_val_bce=0.608683 base_best=N base_cls_epoch=21 epoch_seconds=3.7 elapsed_minutes=2.7 gpu_alloc_gb=0.080 gpu_reserved_gb=1.059
[SSL] repeat=2 scope=internal_fold fold=0 epoch=42/50 ssl_loss=0.035933 lr=0.000013079 base_val_bce=0.608634 base_best=N base_cls_epoch=21 epoch_seconds=3.8 elapsed_minutes=2.8 gpu_alloc_gb=0.080 gpu_reserved_gb=1.059
[SSL] repeat=2 scope=internal_fold fold=0 epoch=43/50 ssl_loss=0.045149 lr=0.000010091 base_val_bce=0.612677 base_best=N base_cls_epoch=22 epoch_seconds=3.9 elapsed_minutes=2.9 gpu_alloc_gb=0.080 gpu_reserved_gb=1.059
[SSL] repeat=2 scope=internal_fold fold=0 epoch=44/50 ssl_loss=0.049991 lr=0.000007464 base_val_bce=0.608636 base_best=N base_cls_epoch=24 epoch_seconds=3.9 elapsed_minutes=2.9 gpu_alloc_gb=0.080 gpu_reserved_gb=1.059
[SSL] repeat=2 scope=internal_fold fold=0 epoch=45/50 ssl_loss=0.040031 lr=0.000005213 base_val_bce=0.606376 base_best=N base_cls_epoch=22 epoch_seconds=3.9 elapsed_minutes=3.0 gpu_alloc_gb=0.080 gpu_reserved_gb=1.059
[SSL] repeat=2 scope=internal_fold fold=0 epoch=46/50 ssl_loss=0.042524 lr=0.000003352 base_val_bce=0.606420 base_best=N base_cls_epoch=24 epoch_seconds=3.9 elapsed_minutes=3.1 gpu_alloc_gb=0.080 gpu_reserved_gb=1.059
[SSL] repeat=2 scope=internal_fold fold=0 epoch=47/50 ssl_loss=0.036047 lr=0.000001892 base_val_bce=0.617124 base_best=N base_cls_epoch=22 epoch_seconds=3.9 elapsed_minutes=3.1 gpu_alloc_gb=0.080 gpu_reserved_gb=1.059
[SSL] repeat=2 scope=internal_fold fold=0 epoch=48/50 ssl_loss=0.035699 lr=0.000000843 base_val_bce=0.614629 base_best=N base_cls_epoch=21 epoch_seconds=3.9 elapsed_minutes=3.2 gpu_alloc_gb=0.080 gpu_reserved_gb=1.059
[SSL] repeat=2 scope=internal_fold fold=0 epoch=49/50 ssl_loss=0.043015 lr=0.000000211 base_val_bce=0.611216 base_best=N base_cls_epoch=24 epoch_seconds=4.0 elapsed_minutes=3.3 gpu_alloc_gb=0.080 gpu_reserved_gb=1.059
[SSL] repeat=2 scope=internal_fold fold=0 epoch=50/50 ssl_loss=0.045235 lr=0.000000000 base_val_bce=0.611847 base_best=N base_cls_epoch=23 epoch_seconds=3.9 elapsed_minutes=3.3 gpu_alloc_gb=0.080 gpu_reserved_gb=1.059
TASK_DONE repeat=2 scope=internal_fold fold=0 selected_encoder_epoch=21 selected_val_bce=0.601236 elapsed_minutes=3.3
/data/adodas/VarCoNet-V2-main/xiaolunwen/experiment1v/representations.py:119: UserWarning: The given NumPy array is not writable, and PyTorch does not support non-writable tensors. This means writing to this tensor will result in undefined behavior. You may want to copy the array to protect its data or make it writable before converting it to a tensor. This type of warning will be suppressed for the rest of this program. (Triggered internally at ../torch/csrc/utils/tensor_numpy.cpp:206.)
  tensor = torch.as_tensor(data, dtype=torch.float32)
TASK_START repeat=2 scope=internal_fold fold=1 device=cuda:0 train=750 val=119
[SSL] repeat=2 scope=internal_fold fold=1 epoch=1/50 ssl_loss=0.103865 lr=0.000024107 base_val_bce=0.604486 base_best=Y base_cls_epoch=37 epoch_seconds=2.7 elapsed_minutes=0.0 gpu_alloc_gb=0.079 gpu_reserved_gb=1.010
[SSL] repeat=2 scope=internal_fold fold=1 epoch=2/50 ssl_loss=0.113928 lr=0.000038214 base_val_bce=0.601762 base_best=Y base_cls_epoch=28 epoch_seconds=3.9 elapsed_minutes=0.1 gpu_alloc_gb=0.079 gpu_reserved_gb=1.010
[SSL] repeat=2 scope=internal_fold fold=1 epoch=3/50 ssl_loss=0.082304 lr=0.000052321 base_val_bce=0.609666 base_best=N base_cls_epoch=35 epoch_seconds=3.9 elapsed_minutes=0.2 gpu_alloc_gb=0.079 gpu_reserved_gb=1.010
[SSL] repeat=2 scope=internal_fold fold=1 epoch=4/50 ssl_loss=0.077897 lr=0.000066427 base_val_bce=0.599622 base_best=Y base_cls_epoch=27 epoch_seconds=3.9 elapsed_minutes=0.2 gpu_alloc_gb=0.079 gpu_reserved_gb=1.010
[SSL] repeat=2 scope=internal_fold fold=1 epoch=5/50 ssl_loss=0.060275 lr=0.000080534 base_val_bce=0.611641 base_best=N base_cls_epoch=29 epoch_seconds=3.9 elapsed_minutes=0.3 gpu_alloc_gb=0.079 gpu_reserved_gb=1.010
[SSL] repeat=2 scope=internal_fold fold=1 epoch=6/50 ssl_loss=0.080875 lr=0.000094641 base_val_bce=0.601767 base_best=N base_cls_epoch=29 epoch_seconds=3.8 elapsed_minutes=0.4 gpu_alloc_gb=0.079 gpu_reserved_gb=1.010
[SSL] repeat=2 scope=internal_fold fold=1 epoch=7/50 ssl_loss=0.069341 lr=0.000108748 base_val_bce=0.600175 base_best=N base_cls_epoch=29 epoch_seconds=4.0 elapsed_minutes=0.4 gpu_alloc_gb=0.079 gpu_reserved_gb=1.010
[SSL] repeat=2 scope=internal_fold fold=1 epoch=8/50 ssl_loss=0.064570 lr=0.000122855 base_val_bce=0.588690 base_best=Y base_cls_epoch=30 epoch_seconds=3.6 elapsed_minutes=0.5 gpu_alloc_gb=0.079 gpu_reserved_gb=1.010
[SSL] repeat=2 scope=internal_fold fold=1 epoch=9/50 ssl_loss=0.073812 lr=0.000136962 base_val_bce=0.609967 base_best=N base_cls_epoch=30 epoch_seconds=3.7 elapsed_minutes=0.6 gpu_alloc_gb=0.079 gpu_reserved_gb=1.010
[SSL] repeat=2 scope=internal_fold fold=1 epoch=10/50 ssl_loss=0.057722 lr=0.000136962 base_val_bce=0.596537 base_best=N base_cls_epoch=29 epoch_seconds=3.8 elapsed_minutes=0.6 gpu_alloc_gb=0.079 gpu_reserved_gb=1.010
[SSL] repeat=2 scope=internal_fold fold=1 epoch=11/50 ssl_loss=0.042568 lr=0.000136751 base_val_bce=0.599022 base_best=N base_cls_epoch=27 epoch_seconds=3.8 elapsed_minutes=0.7 gpu_alloc_gb=0.079 gpu_reserved_gb=1.010
[SSL] repeat=2 scope=internal_fold fold=1 epoch=12/50 ssl_loss=0.053705 lr=0.000136119 base_val_bce=0.590395 base_best=N base_cls_epoch=32 epoch_seconds=3.7 elapsed_minutes=0.8 gpu_alloc_gb=0.079 gpu_reserved_gb=1.010
[SSL] repeat=2 scope=internal_fold fold=1 epoch=13/50 ssl_loss=0.055693 lr=0.000135070 base_val_bce=0.609167 base_best=N base_cls_epoch=33 epoch_seconds=3.8 elapsed_minutes=0.8 gpu_alloc_gb=0.079 gpu_reserved_gb=1.010
[SSL] repeat=2 scope=internal_fold fold=1 epoch=14/50 ssl_loss=0.053048 lr=0.000133610 base_val_bce=0.592850 base_best=N base_cls_epoch=33 epoch_seconds=3.8 elapsed_minutes=0.9 gpu_alloc_gb=0.079 gpu_reserved_gb=1.010
[SSL] repeat=2 scope=internal_fold fold=1 epoch=15/50 ssl_loss=0.057785 lr=0.000131749 base_val_bce=0.596844 base_best=N base_cls_epoch=29 epoch_seconds=3.8 elapsed_minutes=0.9 gpu_alloc_gb=0.079 gpu_reserved_gb=1.010
[SSL] repeat=2 scope=internal_fold fold=1 epoch=16/50 ssl_loss=0.046668 lr=0.000129498 base_val_bce=0.602351 base_best=N base_cls_epoch=32 epoch_seconds=3.8 elapsed_minutes=1.0 gpu_alloc_gb=0.079 gpu_reserved_gb=1.010
[SSL] repeat=2 scope=internal_fold fold=1 epoch=17/50 ssl_loss=0.046167 lr=0.000126870 base_val_bce=0.591099 base_best=N base_cls_epoch=35 epoch_seconds=3.9 elapsed_minutes=1.1 gpu_alloc_gb=0.079 gpu_reserved_gb=1.010
[SSL] repeat=2 scope=internal_fold fold=1 epoch=18/50 ssl_loss=0.049634 lr=0.000123883 base_val_bce=0.604588 base_best=N base_cls_epoch=32 epoch_seconds=3.9 elapsed_minutes=1.1 gpu_alloc_gb=0.079 gpu_reserved_gb=1.010
[SSL] repeat=2 scope=internal_fold fold=1 epoch=19/50 ssl_loss=0.055060 lr=0.000120554 base_val_bce=0.604720 base_best=N base_cls_epoch=34 epoch_seconds=3.8 elapsed_minutes=1.2 gpu_alloc_gb=0.079 gpu_reserved_gb=1.010
[SSL] repeat=2 scope=internal_fold fold=1 epoch=20/50 ssl_loss=0.047285 lr=0.000116904 base_val_bce=0.597605 base_best=N base_cls_epoch=34 epoch_seconds=3.8 elapsed_minutes=1.3 gpu_alloc_gb=0.079 gpu_reserved_gb=1.010
[SSL] repeat=2 scope=internal_fold fold=1 epoch=21/50 ssl_loss=0.048191 lr=0.000112956 base_val_bce=0.603502 base_best=N base_cls_epoch=37 epoch_seconds=3.9 elapsed_minutes=1.3 gpu_alloc_gb=0.079 gpu_reserved_gb=1.010
[SSL] repeat=2 scope=internal_fold fold=1 epoch=22/50 ssl_loss=0.042766 lr=0.000108733 base_val_bce=0.608273 base_best=N base_cls_epoch=35 epoch_seconds=3.8 elapsed_minutes=1.4 gpu_alloc_gb=0.079 gpu_reserved_gb=1.010
[SSL] repeat=2 scope=internal_fold fold=1 epoch=23/50 ssl_loss=0.041979 lr=0.000104262 base_val_bce=0.610023 base_best=N base_cls_epoch=35 epoch_seconds=3.9 elapsed_minutes=1.5 gpu_alloc_gb=0.079 gpu_reserved_gb=1.010
[SSL] repeat=2 scope=internal_fold fold=1 epoch=24/50 ssl_loss=0.041093 lr=0.000099570 base_val_bce=0.605344 base_best=N base_cls_epoch=35 epoch_seconds=3.9 elapsed_minutes=1.5 gpu_alloc_gb=0.079 gpu_reserved_gb=1.010
[SSL] repeat=2 scope=internal_fold fold=1 epoch=25/50 ssl_loss=0.034033 lr=0.000094687 base_val_bce=0.597191 base_best=N base_cls_epoch=34 epoch_seconds=3.9 elapsed_minutes=1.6 gpu_alloc_gb=0.079 gpu_reserved_gb=1.010
[SSL] repeat=2 scope=internal_fold fold=1 epoch=26/50 ssl_loss=0.033222 lr=0.000089643 base_val_bce=0.599227 base_best=N base_cls_epoch=35 epoch_seconds=4.0 elapsed_minutes=1.7 gpu_alloc_gb=0.079 gpu_reserved_gb=1.010
[SSL] repeat=2 scope=internal_fold fold=1 epoch=27/50 ssl_loss=0.041015 lr=0.000084467 base_val_bce=0.607204 base_best=N base_cls_epoch=37 epoch_seconds=3.9 elapsed_minutes=1.7 gpu_alloc_gb=0.079 gpu_reserved_gb=1.010
[SSL] repeat=2 scope=internal_fold fold=1 epoch=28/50 ssl_loss=0.037933 lr=0.000079194 base_val_bce=0.608040 base_best=N base_cls_epoch=34 epoch_seconds=3.9 elapsed_minutes=1.8 gpu_alloc_gb=0.079 gpu_reserved_gb=1.010
[SSL] repeat=2 scope=internal_fold fold=1 epoch=29/50 ssl_loss=0.040642 lr=0.000073854 base_val_bce=0.605070 base_best=N base_cls_epoch=34 epoch_seconds=3.8 elapsed_minutes=1.9 gpu_alloc_gb=0.079 gpu_reserved_gb=1.010
[SSL] repeat=2 scope=internal_fold fold=1 epoch=30/50 ssl_loss=0.049686 lr=0.000068481 base_val_bce=0.600369 base_best=N base_cls_epoch=36 epoch_seconds=3.9 elapsed_minutes=1.9 gpu_alloc_gb=0.079 gpu_reserved_gb=1.010
[SSL] repeat=2 scope=internal_fold fold=1 epoch=31/50 ssl_loss=0.045472 lr=0.000063108 base_val_bce=0.601378 base_best=N base_cls_epoch=35 epoch_seconds=3.8 elapsed_minutes=2.0 gpu_alloc_gb=0.079 gpu_reserved_gb=1.010
[SSL] repeat=2 scope=internal_fold fold=1 epoch=32/50 ssl_loss=0.039406 lr=0.000057768 base_val_bce=0.595417 base_best=N base_cls_epoch=37 epoch_seconds=3.6 elapsed_minutes=2.0 gpu_alloc_gb=0.079 gpu_reserved_gb=1.010
[SSL] repeat=2 scope=internal_fold fold=1 epoch=33/50 ssl_loss=0.045702 lr=0.000052494 base_val_bce=0.600245 base_best=N base_cls_epoch=37 epoch_seconds=3.9 elapsed_minutes=2.1 gpu_alloc_gb=0.079 gpu_reserved_gb=1.010
[SSL] repeat=2 scope=internal_fold fold=1 epoch=34/50 ssl_loss=0.048687 lr=0.000047319 base_val_bce=0.605092 base_best=N base_cls_epoch=41 epoch_seconds=4.0 elapsed_minutes=2.2 gpu_alloc_gb=0.079 gpu_reserved_gb=1.010
[SSL] repeat=2 scope=internal_fold fold=1 epoch=35/50 ssl_loss=0.033414 lr=0.000042274 base_val_bce=0.603079 base_best=N base_cls_epoch=36 epoch_seconds=3.9 elapsed_minutes=2.2 gpu_alloc_gb=0.079 gpu_reserved_gb=1.010
[SSL] repeat=2 scope=internal_fold fold=1 epoch=36/50 ssl_loss=0.053687 lr=0.000037391 base_val_bce=0.590899 base_best=N base_cls_epoch=36 epoch_seconds=3.8 elapsed_minutes=2.3 gpu_alloc_gb=0.079 gpu_reserved_gb=1.010
[SSL] repeat=2 scope=internal_fold fold=1 epoch=37/50 ssl_loss=0.046055 lr=0.000032700 base_val_bce=0.611384 base_best=N base_cls_epoch=37 epoch_seconds=3.9 elapsed_minutes=2.4 gpu_alloc_gb=0.079 gpu_reserved_gb=1.010
[SSL] repeat=2 scope=internal_fold fold=1 epoch=38/50 ssl_loss=0.040217 lr=0.000028229 base_val_bce=0.608482 base_best=N base_cls_epoch=36 epoch_seconds=4.0 elapsed_minutes=2.4 gpu_alloc_gb=0.079 gpu_reserved_gb=1.010
[SSL] repeat=2 scope=internal_fold fold=1 epoch=39/50 ssl_loss=0.031741 lr=0.000024006 base_val_bce=0.607062 base_best=N base_cls_epoch=42 epoch_seconds=3.9 elapsed_minutes=2.5 gpu_alloc_gb=0.079 gpu_reserved_gb=1.010
[SSL] repeat=2 scope=internal_fold fold=1 epoch=40/50 ssl_loss=0.043074 lr=0.000020058 base_val_bce=0.605681 base_best=N base_cls_epoch=37 epoch_seconds=3.9 elapsed_minutes=2.6 gpu_alloc_gb=0.079 gpu_reserved_gb=1.010
[SSL] repeat=2 scope=internal_fold fold=1 epoch=41/50 ssl_loss=0.035481 lr=0.000016408 base_val_bce=0.598028 base_best=N base_cls_epoch=38 epoch_seconds=3.8 elapsed_minutes=2.6 gpu_alloc_gb=0.079 gpu_reserved_gb=1.010
[SSL] repeat=2 scope=internal_fold fold=1 epoch=42/50 ssl_loss=0.038749 lr=0.000013079 base_val_bce=0.599443 base_best=N base_cls_epoch=39 epoch_seconds=3.7 elapsed_minutes=2.7 gpu_alloc_gb=0.079 gpu_reserved_gb=1.010
[SSL] repeat=2 scope=internal_fold fold=1 epoch=43/50 ssl_loss=0.035479 lr=0.000010091 base_val_bce=0.605758 base_best=N base_cls_epoch=43 epoch_seconds=4.0 elapsed_minutes=2.8 gpu_alloc_gb=0.079 gpu_reserved_gb=1.010
[SSL] repeat=2 scope=internal_fold fold=1 epoch=44/50 ssl_loss=0.035636 lr=0.000007464 base_val_bce=0.605143 base_best=N base_cls_epoch=42 epoch_seconds=4.0 elapsed_minutes=2.8 gpu_alloc_gb=0.079 gpu_reserved_gb=1.010
[SSL] repeat=2 scope=internal_fold fold=1 epoch=45/50 ssl_loss=0.034191 lr=0.000005213 base_val_bce=0.600367 base_best=N base_cls_epoch=39 epoch_seconds=3.9 elapsed_minutes=2.9 gpu_alloc_gb=0.079 gpu_reserved_gb=1.010
[SSL] repeat=2 scope=internal_fold fold=1 epoch=46/50 ssl_loss=0.041611 lr=0.000003352 base_val_bce=0.609541 base_best=N base_cls_epoch=37 epoch_seconds=3.9 elapsed_minutes=3.0 gpu_alloc_gb=0.079 gpu_reserved_gb=1.010
[SSL] repeat=2 scope=internal_fold fold=1 epoch=47/50 ssl_loss=0.043742 lr=0.000001892 base_val_bce=0.593473 base_best=N base_cls_epoch=36 epoch_seconds=3.9 elapsed_minutes=3.0 gpu_alloc_gb=0.079 gpu_reserved_gb=1.010
[SSL] repeat=2 scope=internal_fold fold=1 epoch=48/50 ssl_loss=0.056556 lr=0.000000843 base_val_bce=0.607147 base_best=N base_cls_epoch=39 epoch_seconds=3.8 elapsed_minutes=3.1 gpu_alloc_gb=0.079 gpu_reserved_gb=1.010
[SSL] repeat=2 scope=internal_fold fold=1 epoch=49/50 ssl_loss=0.045917 lr=0.000000211 base_val_bce=0.592031 base_best=N base_cls_epoch=37 epoch_seconds=3.9 elapsed_minutes=3.2 gpu_alloc_gb=0.079 gpu_reserved_gb=1.010
[SSL] repeat=2 scope=internal_fold fold=1 epoch=50/50 ssl_loss=0.037247 lr=0.000000000 base_val_bce=0.600486 base_best=N base_cls_epoch=37 epoch_seconds=3.9 elapsed_minutes=3.2 gpu_alloc_gb=0.079 gpu_reserved_gb=1.010
TASK_DONE repeat=2 scope=internal_fold fold=1 selected_encoder_epoch=8 selected_val_bce=0.588690 elapsed_minutes=3.2
TASK_START repeat=2 scope=internal_fold fold=2 device=cuda:0 train=750 val=120
[SSL] repeat=2 scope=internal_fold fold=2 epoch=1/50 ssl_loss=2.407946 lr=0.000024107 base_val_bce=0.653558 base_best=Y base_cls_epoch=40 epoch_seconds=3.0 elapsed_minutes=0.1 gpu_alloc_gb=0.079 gpu_reserved_gb=1.010
[SSL] repeat=2 scope=internal_fold fold=2 epoch=2/50 ssl_loss=1.100277 lr=0.000038214 base_val_bce=0.638618 base_best=Y base_cls_epoch=20 epoch_seconds=3.7 elapsed_minutes=0.1 gpu_alloc_gb=0.079 gpu_reserved_gb=1.010
[SSL] repeat=2 scope=internal_fold fold=2 epoch=3/50 ssl_loss=0.345103 lr=0.000052321 base_val_bce=0.646388 base_best=N base_cls_epoch=13 epoch_seconds=3.9 elapsed_minutes=0.2 gpu_alloc_gb=0.079 gpu_reserved_gb=1.010
[SSL] repeat=2 scope=internal_fold fold=2 epoch=4/50 ssl_loss=0.194764 lr=0.000066427 base_val_bce=0.638579 base_best=Y base_cls_epoch=19 epoch_seconds=3.9 elapsed_minutes=0.2 gpu_alloc_gb=0.079 gpu_reserved_gb=1.010
[SSL] repeat=2 scope=internal_fold fold=2 epoch=5/50 ssl_loss=0.145865 lr=0.000080534 base_val_bce=0.621682 base_best=Y base_cls_epoch=14 epoch_seconds=3.8 elapsed_minutes=0.3 gpu_alloc_gb=0.079 gpu_reserved_gb=1.010
[SSL] repeat=2 scope=internal_fold fold=2 epoch=6/50 ssl_loss=0.152777 lr=0.000094641 base_val_bce=0.646609 base_best=N base_cls_epoch=17 epoch_seconds=3.8 elapsed_minutes=0.4 gpu_alloc_gb=0.079 gpu_reserved_gb=1.010
[SSL] repeat=2 scope=internal_fold fold=2 epoch=7/50 ssl_loss=0.116638 lr=0.000108748 base_val_bce=0.635786 base_best=N base_cls_epoch=15 epoch_seconds=3.9 elapsed_minutes=0.4 gpu_alloc_gb=0.079 gpu_reserved_gb=1.010
[SSL] repeat=2 scope=internal_fold fold=2 epoch=8/50 ssl_loss=0.125932 lr=0.000122855 base_val_bce=0.632996 base_best=N base_cls_epoch=14 epoch_seconds=3.9 elapsed_minutes=0.5 gpu_alloc_gb=0.079 gpu_reserved_gb=1.010
[SSL] repeat=2 scope=internal_fold fold=2 epoch=9/50 ssl_loss=0.130626 lr=0.000136962 base_val_bce=0.638940 base_best=N base_cls_epoch=17 epoch_seconds=3.9 elapsed_minutes=0.6 gpu_alloc_gb=0.079 gpu_reserved_gb=1.010
[SSL] repeat=2 scope=internal_fold fold=2 epoch=10/50 ssl_loss=0.102138 lr=0.000136962 base_val_bce=0.631924 base_best=N base_cls_epoch=14 epoch_seconds=3.8 elapsed_minutes=0.6 gpu_alloc_gb=0.079 gpu_reserved_gb=1.010
[SSL] repeat=2 scope=internal_fold fold=2 epoch=11/50 ssl_loss=0.106042 lr=0.000136751 base_val_bce=0.639110 base_best=N base_cls_epoch=18 epoch_seconds=3.8 elapsed_minutes=0.7 gpu_alloc_gb=0.079 gpu_reserved_gb=1.010
[SSL] repeat=2 scope=internal_fold fold=2 epoch=12/50 ssl_loss=0.115530 lr=0.000136119 base_val_bce=0.638137 base_best=N base_cls_epoch=13 epoch_seconds=3.8 elapsed_minutes=0.8 gpu_alloc_gb=0.079 gpu_reserved_gb=1.010
[SSL] repeat=2 scope=internal_fold fold=2 epoch=13/50 ssl_loss=0.087442 lr=0.000135070 base_val_bce=0.621605 base_best=Y base_cls_epoch=15 epoch_seconds=3.9 elapsed_minutes=0.8 gpu_alloc_gb=0.079 gpu_reserved_gb=1.010
[SSL] repeat=2 scope=internal_fold fold=2 epoch=14/50 ssl_loss=0.089639 lr=0.000133610 base_val_bce=0.640496 base_best=N base_cls_epoch=18 epoch_seconds=3.9 elapsed_minutes=0.9 gpu_alloc_gb=0.079 gpu_reserved_gb=1.010
[SSL] repeat=2 scope=internal_fold fold=2 epoch=15/50 ssl_loss=0.089698 lr=0.000131749 base_val_bce=0.644014 base_best=N base_cls_epoch=16 epoch_seconds=3.8 elapsed_minutes=1.0 gpu_alloc_gb=0.079 gpu_reserved_gb=1.010
[SSL] repeat=2 scope=internal_fold fold=2 epoch=16/50 ssl_loss=0.077906 lr=0.000129498 base_val_bce=0.643332 base_best=N base_cls_epoch=17 epoch_seconds=4.0 elapsed_minutes=1.0 gpu_alloc_gb=0.079 gpu_reserved_gb=1.010
[SSL] repeat=2 scope=internal_fold fold=2 epoch=17/50 ssl_loss=0.068947 lr=0.000126870 base_val_bce=0.633361 base_best=N base_cls_epoch=20 epoch_seconds=3.8 elapsed_minutes=1.1 gpu_alloc_gb=0.079 gpu_reserved_gb=1.010
[SSL] repeat=2 scope=internal_fold fold=2 epoch=18/50 ssl_loss=0.081107 lr=0.000123883 base_val_bce=0.637118 base_best=N base_cls_epoch=17 epoch_seconds=3.8 elapsed_minutes=1.1 gpu_alloc_gb=0.079 gpu_reserved_gb=1.010
[SSL] repeat=2 scope=internal_fold fold=2 epoch=19/50 ssl_loss=0.088643 lr=0.000120554 base_val_bce=0.627608 base_best=N base_cls_epoch=15 epoch_seconds=3.9 elapsed_minutes=1.2 gpu_alloc_gb=0.079 gpu_reserved_gb=1.010
[SSL] repeat=2 scope=internal_fold fold=2 epoch=20/50 ssl_loss=0.081983 lr=0.000116904 base_val_bce=0.637866 base_best=N base_cls_epoch=20 epoch_seconds=4.0 elapsed_minutes=1.3 gpu_alloc_gb=0.079 gpu_reserved_gb=1.010
[SSL] repeat=2 scope=internal_fold fold=2 epoch=21/50 ssl_loss=0.096737 lr=0.000112956 base_val_bce=0.628337 base_best=N base_cls_epoch=16 epoch_seconds=3.7 elapsed_minutes=1.3 gpu_alloc_gb=0.079 gpu_reserved_gb=1.010
[SSL] repeat=2 scope=internal_fold fold=2 epoch=22/50 ssl_loss=0.075531 lr=0.000108733 base_val_bce=0.632876 base_best=N base_cls_epoch=15 epoch_seconds=3.8 elapsed_minutes=1.4 gpu_alloc_gb=0.079 gpu_reserved_gb=1.010
[SSL] repeat=2 scope=internal_fold fold=2 epoch=23/50 ssl_loss=0.070184 lr=0.000104262 base_val_bce=0.638813 base_best=N base_cls_epoch=18 epoch_seconds=3.8 elapsed_minutes=1.5 gpu_alloc_gb=0.079 gpu_reserved_gb=1.010
[SSL] repeat=2 scope=internal_fold fold=2 epoch=24/50 ssl_loss=0.073930 lr=0.000099570 base_val_bce=0.632386 base_best=N base_cls_epoch=20 epoch_seconds=3.9 elapsed_minutes=1.5 gpu_alloc_gb=0.079 gpu_reserved_gb=1.010
[SSL] repeat=2 scope=internal_fold fold=2 epoch=25/50 ssl_loss=0.081394 lr=0.000094687 base_val_bce=0.626826 base_best=N base_cls_epoch=20 epoch_seconds=3.9 elapsed_minutes=1.6 gpu_alloc_gb=0.079 gpu_reserved_gb=1.010
[SSL] repeat=2 scope=internal_fold fold=2 epoch=26/50 ssl_loss=0.072171 lr=0.000089643 base_val_bce=0.641057 base_best=N base_cls_epoch=22 epoch_seconds=3.9 elapsed_minutes=1.7 gpu_alloc_gb=0.079 gpu_reserved_gb=1.010
[SSL] repeat=2 scope=internal_fold fold=2 epoch=27/50 ssl_loss=0.072450 lr=0.000084467 base_val_bce=0.632282 base_best=N base_cls_epoch=15 epoch_seconds=3.9 elapsed_minutes=1.7 gpu_alloc_gb=0.079 gpu_reserved_gb=1.010
[SSL] repeat=2 scope=internal_fold fold=2 epoch=28/50 ssl_loss=0.060940 lr=0.000079194 base_val_bce=0.638567 base_best=N base_cls_epoch=17 epoch_seconds=3.9 elapsed_minutes=1.8 gpu_alloc_gb=0.079 gpu_reserved_gb=1.010
[SSL] repeat=2 scope=internal_fold fold=2 epoch=29/50 ssl_loss=0.065080 lr=0.000073854 base_val_bce=0.626726 base_best=N base_cls_epoch=20 epoch_seconds=3.9 elapsed_minutes=1.9 gpu_alloc_gb=0.079 gpu_reserved_gb=1.010
[SSL] repeat=2 scope=internal_fold fold=2 epoch=30/50 ssl_loss=0.066428 lr=0.000068481 base_val_bce=0.641655 base_best=N base_cls_epoch=20 epoch_seconds=3.8 elapsed_minutes=1.9 gpu_alloc_gb=0.079 gpu_reserved_gb=1.010
[SSL] repeat=2 scope=internal_fold fold=2 epoch=31/50 ssl_loss=0.071274 lr=0.000063108 base_val_bce=0.631293 base_best=N base_cls_epoch=20 epoch_seconds=3.8 elapsed_minutes=2.0 gpu_alloc_gb=0.079 gpu_reserved_gb=1.010
[SSL] repeat=2 scope=internal_fold fold=2 epoch=32/50 ssl_loss=0.063843 lr=0.000057768 base_val_bce=0.635792 base_best=N base_cls_epoch=19 epoch_seconds=3.6 elapsed_minutes=2.1 gpu_alloc_gb=0.079 gpu_reserved_gb=1.010
[SSL] repeat=2 scope=internal_fold fold=2 epoch=33/50 ssl_loss=0.084433 lr=0.000052494 base_val_bce=0.624098 base_best=N base_cls_epoch=22 epoch_seconds=3.9 elapsed_minutes=2.1 gpu_alloc_gb=0.079 gpu_reserved_gb=1.010
[SSL] repeat=2 scope=internal_fold fold=2 epoch=34/50 ssl_loss=0.068994 lr=0.000047319 base_val_bce=0.628145 base_best=N base_cls_epoch=17 epoch_seconds=3.8 elapsed_minutes=2.2 gpu_alloc_gb=0.079 gpu_reserved_gb=1.010
[SSL] repeat=2 scope=internal_fold fold=2 epoch=35/50 ssl_loss=0.066360 lr=0.000042274 base_val_bce=0.625680 base_best=N base_cls_epoch=21 epoch_seconds=3.9 elapsed_minutes=2.2 gpu_alloc_gb=0.079 gpu_reserved_gb=1.010
[SSL] repeat=2 scope=internal_fold fold=2 epoch=36/50 ssl_loss=0.061158 lr=0.000037391 base_val_bce=0.627893 base_best=N base_cls_epoch=21 epoch_seconds=4.0 elapsed_minutes=2.3 gpu_alloc_gb=0.079 gpu_reserved_gb=1.010
[SSL] repeat=2 scope=internal_fold fold=2 epoch=37/50 ssl_loss=0.080759 lr=0.000032700 base_val_bce=0.626768 base_best=N base_cls_epoch=21 epoch_seconds=3.9 elapsed_minutes=2.4 gpu_alloc_gb=0.079 gpu_reserved_gb=1.010
[SSL] repeat=2 scope=internal_fold fold=2 epoch=38/50 ssl_loss=0.071174 lr=0.000028229 base_val_bce=0.620513 base_best=Y base_cls_epoch=18 epoch_seconds=3.8 elapsed_minutes=2.4 gpu_alloc_gb=0.079 gpu_reserved_gb=1.010
[SSL] repeat=2 scope=internal_fold fold=2 epoch=39/50 ssl_loss=0.073923 lr=0.000024006 base_val_bce=0.617848 base_best=Y base_cls_epoch=22 epoch_seconds=3.8 elapsed_minutes=2.5 gpu_alloc_gb=0.079 gpu_reserved_gb=1.010
[SSL] repeat=2 scope=internal_fold fold=2 epoch=40/50 ssl_loss=0.062381 lr=0.000020058 base_val_bce=0.632938 base_best=N base_cls_epoch=19 epoch_seconds=3.7 elapsed_minutes=2.6 gpu_alloc_gb=0.079 gpu_reserved_gb=1.010
[SSL] repeat=2 scope=internal_fold fold=2 epoch=41/50 ssl_loss=0.044509 lr=0.000016408 base_val_bce=0.633100 base_best=N base_cls_epoch=23 epoch_seconds=3.8 elapsed_minutes=2.6 gpu_alloc_gb=0.079 gpu_reserved_gb=1.010
[SSL] repeat=2 scope=internal_fold fold=2 epoch=42/50 ssl_loss=0.063552 lr=0.000013079 base_val_bce=0.638177 base_best=N base_cls_epoch=23 epoch_seconds=3.7 elapsed_minutes=2.7 gpu_alloc_gb=0.079 gpu_reserved_gb=1.010
[SSL] repeat=2 scope=internal_fold fold=2 epoch=43/50 ssl_loss=0.061937 lr=0.000010091 base_val_bce=0.627319 base_best=N base_cls_epoch=21 epoch_seconds=3.8 elapsed_minutes=2.8 gpu_alloc_gb=0.079 gpu_reserved_gb=1.010
[SSL] repeat=2 scope=internal_fold fold=2 epoch=44/50 ssl_loss=0.071226 lr=0.000007464 base_val_bce=0.631489 base_best=N base_cls_epoch=19 epoch_seconds=3.9 elapsed_minutes=2.8 gpu_alloc_gb=0.079 gpu_reserved_gb=1.010
[SSL] repeat=2 scope=internal_fold fold=2 epoch=45/50 ssl_loss=0.068681 lr=0.000005213 base_val_bce=0.627463 base_best=N base_cls_epoch=19 epoch_seconds=3.8 elapsed_minutes=2.9 gpu_alloc_gb=0.079 gpu_reserved_gb=1.010
[SSL] repeat=2 scope=internal_fold fold=2 epoch=46/50 ssl_loss=0.055991 lr=0.000003352 base_val_bce=0.629912 base_best=N base_cls_epoch=18 epoch_seconds=3.9 elapsed_minutes=3.0 gpu_alloc_gb=0.079 gpu_reserved_gb=1.010
[SSL] repeat=2 scope=internal_fold fold=2 epoch=47/50 ssl_loss=0.097967 lr=0.000001892 base_val_bce=0.635804 base_best=N base_cls_epoch=17 epoch_seconds=3.8 elapsed_minutes=3.0 gpu_alloc_gb=0.079 gpu_reserved_gb=1.010
[SSL] repeat=2 scope=internal_fold fold=2 epoch=48/50 ssl_loss=0.069006 lr=0.000000843 base_val_bce=0.634051 base_best=N base_cls_epoch=19 epoch_seconds=4.0 elapsed_minutes=3.1 gpu_alloc_gb=0.079 gpu_reserved_gb=1.010
[SSL] repeat=2 scope=internal_fold fold=2 epoch=49/50 ssl_loss=0.072824 lr=0.000000211 base_val_bce=0.614334 base_best=Y base_cls_epoch=19 epoch_seconds=3.9 elapsed_minutes=3.1 gpu_alloc_gb=0.079 gpu_reserved_gb=1.010
[SSL] repeat=2 scope=internal_fold fold=2 epoch=50/50 ssl_loss=0.067285 lr=0.000000000 base_val_bce=0.630246 base_best=N base_cls_epoch=20 epoch_seconds=3.9 elapsed_minutes=3.2 gpu_alloc_gb=0.079 gpu_reserved_gb=1.010
TASK_DONE repeat=2 scope=internal_fold fold=2 selected_encoder_epoch=49 selected_val_bce=0.614334 elapsed_minutes=3.2
TASK_START repeat=2 scope=internal_fold fold=3 device=cuda:0 train=750 val=120
[SSL] repeat=2 scope=internal_fold fold=3 epoch=1/50 ssl_loss=0.093192 lr=0.000024107 base_val_bce=0.622070 base_best=Y base_cls_epoch=49 epoch_seconds=3.0 elapsed_minutes=0.1 gpu_alloc_gb=0.079 gpu_reserved_gb=1.010
[SSL] repeat=2 scope=internal_fold fold=3 epoch=2/50 ssl_loss=0.091451 lr=0.000038214 base_val_bce=0.633053 base_best=N base_cls_epoch=46 epoch_seconds=3.6 elapsed_minutes=0.1 gpu_alloc_gb=0.079 gpu_reserved_gb=1.010
[SSL] repeat=2 scope=internal_fold fold=3 epoch=3/50 ssl_loss=0.092332 lr=0.000052321 base_val_bce=0.625004 base_best=N base_cls_epoch=41 epoch_seconds=3.8 elapsed_minutes=0.2 gpu_alloc_gb=0.079 gpu_reserved_gb=1.010
[SSL] repeat=2 scope=internal_fold fold=3 epoch=4/50 ssl_loss=0.064582 lr=0.000066427 base_val_bce=0.630503 base_best=N base_cls_epoch=37 epoch_seconds=3.8 elapsed_minutes=0.2 gpu_alloc_gb=0.079 gpu_reserved_gb=1.010
[SSL] repeat=2 scope=internal_fold fold=3 epoch=5/50 ssl_loss=0.077797 lr=0.000080534 base_val_bce=0.635300 base_best=N base_cls_epoch=46 epoch_seconds=3.8 elapsed_minutes=0.3 gpu_alloc_gb=0.079 gpu_reserved_gb=1.010
[SSL] repeat=2 scope=internal_fold fold=3 epoch=6/50 ssl_loss=0.068548 lr=0.000094641 base_val_bce=0.632577 base_best=N base_cls_epoch=45 epoch_seconds=3.8 elapsed_minutes=0.4 gpu_alloc_gb=0.079 gpu_reserved_gb=1.010
[SSL] repeat=2 scope=internal_fold fold=3 epoch=7/50 ssl_loss=0.055725 lr=0.000108748 base_val_bce=0.632207 base_best=N base_cls_epoch=42 epoch_seconds=3.8 elapsed_minutes=0.4 gpu_alloc_gb=0.079 gpu_reserved_gb=1.010
[SSL] repeat=2 scope=internal_fold fold=3 epoch=8/50 ssl_loss=0.080497 lr=0.000122855 base_val_bce=0.639033 base_best=N base_cls_epoch=40 epoch_seconds=3.8 elapsed_minutes=0.5 gpu_alloc_gb=0.079 gpu_reserved_gb=1.010
[SSL] repeat=2 scope=internal_fold fold=3 epoch=9/50 ssl_loss=0.052280 lr=0.000136962 base_val_bce=0.622642 base_best=N base_cls_epoch=34 epoch_seconds=3.9 elapsed_minutes=0.6 gpu_alloc_gb=0.079 gpu_reserved_gb=1.010
[SSL] repeat=2 scope=internal_fold fold=3 epoch=10/50 ssl_loss=0.047581 lr=0.000136962 base_val_bce=0.635892 base_best=N base_cls_epoch=39 epoch_seconds=3.9 elapsed_minutes=0.6 gpu_alloc_gb=0.079 gpu_reserved_gb=1.010
[SSL] repeat=2 scope=internal_fold fold=3 epoch=11/50 ssl_loss=0.051313 lr=0.000136751 base_val_bce=0.615589 base_best=Y base_cls_epoch=41 epoch_seconds=3.7 elapsed_minutes=0.7 gpu_alloc_gb=0.079 gpu_reserved_gb=1.010
[SSL] repeat=2 scope=internal_fold fold=3 epoch=12/50 ssl_loss=0.052588 lr=0.000136119 base_val_bce=0.625524 base_best=N base_cls_epoch=43 epoch_seconds=3.5 elapsed_minutes=0.8 gpu_alloc_gb=0.079 gpu_reserved_gb=1.010
[SSL] repeat=2 scope=internal_fold fold=3 epoch=13/50 ssl_loss=0.045270 lr=0.000135070 base_val_bce=0.624118 base_best=N base_cls_epoch=36 epoch_seconds=3.8 elapsed_minutes=0.8 gpu_alloc_gb=0.079 gpu_reserved_gb=1.010
[SSL] repeat=2 scope=internal_fold fold=3 epoch=14/50 ssl_loss=0.048256 lr=0.000133610 base_val_bce=0.616832 base_best=N base_cls_epoch=41 epoch_seconds=3.9 elapsed_minutes=0.9 gpu_alloc_gb=0.079 gpu_reserved_gb=1.010
[SSL] repeat=2 scope=internal_fold fold=3 epoch=15/50 ssl_loss=0.052111 lr=0.000131749 base_val_bce=0.621324 base_best=N base_cls_epoch=43 epoch_seconds=3.9 elapsed_minutes=0.9 gpu_alloc_gb=0.079 gpu_reserved_gb=1.010
[SSL] repeat=2 scope=internal_fold fold=3 epoch=16/50 ssl_loss=0.046146 lr=0.000129498 base_val_bce=0.624177 base_best=N base_cls_epoch=44 epoch_seconds=3.8 elapsed_minutes=1.0 gpu_alloc_gb=0.079 gpu_reserved_gb=1.010
[SSL] repeat=2 scope=internal_fold fold=3 epoch=17/50 ssl_loss=0.056947 lr=0.000126870 base_val_bce=0.616584 base_best=N base_cls_epoch=43 epoch_seconds=3.8 elapsed_minutes=1.1 gpu_alloc_gb=0.079 gpu_reserved_gb=1.010
[SSL] repeat=2 scope=internal_fold fold=3 epoch=18/50 ssl_loss=0.056361 lr=0.000123883 base_val_bce=0.618778 base_best=N base_cls_epoch=50 epoch_seconds=3.8 elapsed_minutes=1.1 gpu_alloc_gb=0.079 gpu_reserved_gb=1.010
[SSL] repeat=2 scope=internal_fold fold=3 epoch=19/50 ssl_loss=0.035231 lr=0.000120554 base_val_bce=0.621163 base_best=N base_cls_epoch=57 epoch_seconds=4.0 elapsed_minutes=1.2 gpu_alloc_gb=0.079 gpu_reserved_gb=1.010
[SSL] repeat=2 scope=internal_fold fold=3 epoch=20/50 ssl_loss=0.044652 lr=0.000116904 base_val_bce=0.619691 base_best=N base_cls_epoch=54 epoch_seconds=3.9 elapsed_minutes=1.3 gpu_alloc_gb=0.079 gpu_reserved_gb=1.010
[SSL] repeat=2 scope=internal_fold fold=3 epoch=21/50 ssl_loss=0.040298 lr=0.000112956 base_val_bce=0.608773 base_best=Y base_cls_epoch=56 epoch_seconds=3.8 elapsed_minutes=1.3 gpu_alloc_gb=0.079 gpu_reserved_gb=1.010
[SSL] repeat=2 scope=internal_fold fold=3 epoch=22/50 ssl_loss=0.037197 lr=0.000108733 base_val_bce=0.608815 base_best=N base_cls_epoch=55 epoch_seconds=3.8 elapsed_minutes=1.4 gpu_alloc_gb=0.079 gpu_reserved_gb=1.010
[SSL] repeat=2 scope=internal_fold fold=3 epoch=23/50 ssl_loss=0.042728 lr=0.000104262 base_val_bce=0.603763 base_best=Y base_cls_epoch=54 epoch_seconds=3.7 elapsed_minutes=1.5 gpu_alloc_gb=0.079 gpu_reserved_gb=1.010
[SSL] repeat=2 scope=internal_fold fold=3 epoch=24/50 ssl_loss=0.039471 lr=0.000099570 base_val_bce=0.605664 base_best=N base_cls_epoch=56 epoch_seconds=3.9 elapsed_minutes=1.5 gpu_alloc_gb=0.079 gpu_reserved_gb=1.010
[SSL] repeat=2 scope=internal_fold fold=3 epoch=25/50 ssl_loss=0.047910 lr=0.000094687 base_val_bce=0.605792 base_best=N base_cls_epoch=58 epoch_seconds=3.8 elapsed_minutes=1.6 gpu_alloc_gb=0.079 gpu_reserved_gb=1.010
[SSL] repeat=2 scope=internal_fold fold=3 epoch=26/50 ssl_loss=0.046542 lr=0.000089643 base_val_bce=0.604182 base_best=N base_cls_epoch=63 epoch_seconds=4.0 elapsed_minutes=1.7 gpu_alloc_gb=0.079 gpu_reserved_gb=1.010
[SSL] repeat=2 scope=internal_fold fold=3 epoch=27/50 ssl_loss=0.051195 lr=0.000084467 base_val_bce=0.607477 base_best=N base_cls_epoch=54 epoch_seconds=4.0 elapsed_minutes=1.7 gpu_alloc_gb=0.079 gpu_reserved_gb=1.010
[SSL] repeat=2 scope=internal_fold fold=3 epoch=28/50 ssl_loss=0.050131 lr=0.000079194 base_val_bce=0.614628 base_best=N base_cls_epoch=56 epoch_seconds=3.9 elapsed_minutes=1.8 gpu_alloc_gb=0.079 gpu_reserved_gb=1.010
[SSL] repeat=2 scope=internal_fold fold=3 epoch=29/50 ssl_loss=0.037910 lr=0.000073854 base_val_bce=0.597988 base_best=Y base_cls_epoch=61 epoch_seconds=3.9 elapsed_minutes=1.8 gpu_alloc_gb=0.079 gpu_reserved_gb=1.010
[SSL] repeat=2 scope=internal_fold fold=3 epoch=30/50 ssl_loss=0.033145 lr=0.000068481 base_val_bce=0.606407 base_best=N base_cls_epoch=56 epoch_seconds=4.0 elapsed_minutes=1.9 gpu_alloc_gb=0.079 gpu_reserved_gb=1.010
[SSL] repeat=2 scope=internal_fold fold=3 epoch=31/50 ssl_loss=0.032225 lr=0.000063108 base_val_bce=0.611382 base_best=N base_cls_epoch=52 epoch_seconds=3.7 elapsed_minutes=2.0 gpu_alloc_gb=0.079 gpu_reserved_gb=1.010
[SSL] repeat=2 scope=internal_fold fold=3 epoch=32/50 ssl_loss=0.045700 lr=0.000057768 base_val_bce=0.610537 base_best=N base_cls_epoch=51 epoch_seconds=3.9 elapsed_minutes=2.0 gpu_alloc_gb=0.079 gpu_reserved_gb=1.010
[SSL] repeat=2 scope=internal_fold fold=3 epoch=33/50 ssl_loss=0.045843 lr=0.000052494 base_val_bce=0.610600 base_best=N base_cls_epoch=56 epoch_seconds=3.8 elapsed_minutes=2.1 gpu_alloc_gb=0.079 gpu_reserved_gb=1.010
[SSL] repeat=2 scope=internal_fold fold=3 epoch=34/50 ssl_loss=0.034479 lr=0.000047319 base_val_bce=0.618561 base_best=N base_cls_epoch=50 epoch_seconds=3.9 elapsed_minutes=2.2 gpu_alloc_gb=0.079 gpu_reserved_gb=1.010
[SSL] repeat=2 scope=internal_fold fold=3 epoch=35/50 ssl_loss=0.039243 lr=0.000042274 base_val_bce=0.603293 base_best=N base_cls_epoch=57 epoch_seconds=3.8 elapsed_minutes=2.2 gpu_alloc_gb=0.079 gpu_reserved_gb=1.010
[SSL] repeat=2 scope=internal_fold fold=3 epoch=36/50 ssl_loss=0.038106 lr=0.000037391 base_val_bce=0.611329 base_best=N base_cls_epoch=58 epoch_seconds=3.9 elapsed_minutes=2.3 gpu_alloc_gb=0.079 gpu_reserved_gb=1.010
[SSL] repeat=2 scope=internal_fold fold=3 epoch=37/50 ssl_loss=0.033757 lr=0.000032700 base_val_bce=0.606443 base_best=N base_cls_epoch=50 epoch_seconds=3.8 elapsed_minutes=2.4 gpu_alloc_gb=0.079 gpu_reserved_gb=1.010
[SSL] repeat=2 scope=internal_fold fold=3 epoch=38/50 ssl_loss=0.040355 lr=0.000028229 base_val_bce=0.615539 base_best=N base_cls_epoch=59 epoch_seconds=3.8 elapsed_minutes=2.4 gpu_alloc_gb=0.079 gpu_reserved_gb=1.010
[SSL] repeat=2 scope=internal_fold fold=3 epoch=39/50 ssl_loss=0.040390 lr=0.000024006 base_val_bce=0.611569 base_best=N base_cls_epoch=51 epoch_seconds=3.9 elapsed_minutes=2.5 gpu_alloc_gb=0.079 gpu_reserved_gb=1.010
[SSL] repeat=2 scope=internal_fold fold=3 epoch=40/50 ssl_loss=0.043645 lr=0.000020058 base_val_bce=0.614049 base_best=N base_cls_epoch=57 epoch_seconds=3.9 elapsed_minutes=2.6 gpu_alloc_gb=0.079 gpu_reserved_gb=1.010
[SSL] repeat=2 scope=internal_fold fold=3 epoch=41/50 ssl_loss=0.038830 lr=0.000016408 base_val_bce=0.608854 base_best=N base_cls_epoch=54 epoch_seconds=3.6 elapsed_minutes=2.6 gpu_alloc_gb=0.079 gpu_reserved_gb=1.010
[SSL] repeat=2 scope=internal_fold fold=3 epoch=42/50 ssl_loss=0.043413 lr=0.000013079 base_val_bce=0.605070 base_best=N base_cls_epoch=61 epoch_seconds=4.0 elapsed_minutes=2.7 gpu_alloc_gb=0.079 gpu_reserved_gb=1.010
[SSL] repeat=2 scope=internal_fold fold=3 epoch=43/50 ssl_loss=0.029541 lr=0.000010091 base_val_bce=0.609571 base_best=N base_cls_epoch=68 epoch_seconds=3.8 elapsed_minutes=2.8 gpu_alloc_gb=0.079 gpu_reserved_gb=1.010
[SSL] repeat=2 scope=internal_fold fold=3 epoch=44/50 ssl_loss=0.036112 lr=0.000007464 base_val_bce=0.604824 base_best=N base_cls_epoch=55 epoch_seconds=3.9 elapsed_minutes=2.8 gpu_alloc_gb=0.079 gpu_reserved_gb=1.010
[SSL] repeat=2 scope=internal_fold fold=3 epoch=45/50 ssl_loss=0.031863 lr=0.000005213 base_val_bce=0.600486 base_best=N base_cls_epoch=64 epoch_seconds=3.9 elapsed_minutes=2.9 gpu_alloc_gb=0.079 gpu_reserved_gb=1.010
[SSL] repeat=2 scope=internal_fold fold=3 epoch=46/50 ssl_loss=0.036484 lr=0.000003352 base_val_bce=0.610317 base_best=N base_cls_epoch=55 epoch_seconds=3.9 elapsed_minutes=2.9 gpu_alloc_gb=0.079 gpu_reserved_gb=1.010
[SSL] repeat=2 scope=internal_fold fold=3 epoch=47/50 ssl_loss=0.038586 lr=0.000001892 base_val_bce=0.604271 base_best=N base_cls_epoch=61 epoch_seconds=3.9 elapsed_minutes=3.0 gpu_alloc_gb=0.079 gpu_reserved_gb=1.010
[SSL] repeat=2 scope=internal_fold fold=3 epoch=48/50 ssl_loss=0.034011 lr=0.000000843 base_val_bce=0.603743 base_best=N base_cls_epoch=57 epoch_seconds=3.8 elapsed_minutes=3.1 gpu_alloc_gb=0.079 gpu_reserved_gb=1.010
[SSL] repeat=2 scope=internal_fold fold=3 epoch=49/50 ssl_loss=0.032307 lr=0.000000211 base_val_bce=0.612125 base_best=N base_cls_epoch=56 epoch_seconds=3.8 elapsed_minutes=3.1 gpu_alloc_gb=0.079 gpu_reserved_gb=1.010
[SSL] repeat=2 scope=internal_fold fold=3 epoch=50/50 ssl_loss=0.036807 lr=0.000000000 base_val_bce=0.609109 base_best=N base_cls_epoch=61 epoch_seconds=3.8 elapsed_minutes=3.2 gpu_alloc_gb=0.079 gpu_reserved_gb=1.010
TASK_DONE repeat=2 scope=internal_fold fold=3 selected_encoder_epoch=29 selected_val_bce=0.597988 elapsed_minutes=3.2
TASK_START repeat=2 scope=internal_fold fold=4 device=cuda:0 train=750 val=120
[SSL] repeat=2 scope=internal_fold fold=4 epoch=1/50 ssl_loss=0.346866 lr=0.000024107 base_val_bce=0.667644 base_best=Y base_cls_epoch=56 epoch_seconds=3.2 elapsed_minutes=0.1 gpu_alloc_gb=0.079 gpu_reserved_gb=1.010
[SSL] repeat=2 scope=internal_fold fold=4 epoch=2/50 ssl_loss=0.177930 lr=0.000038214 base_val_bce=0.671443 base_best=N base_cls_epoch=36 epoch_seconds=3.2 elapsed_minutes=0.1 gpu_alloc_gb=0.079 gpu_reserved_gb=1.010
[SSL] repeat=2 scope=internal_fold fold=4 epoch=3/50 ssl_loss=0.136985 lr=0.000052321 base_val_bce=0.663069 base_best=Y base_cls_epoch=38 epoch_seconds=3.8 elapsed_minutes=0.2 gpu_alloc_gb=0.079 gpu_reserved_gb=1.010
[SSL] repeat=2 scope=internal_fold fold=4 epoch=4/50 ssl_loss=0.100229 lr=0.000066427 base_val_bce=0.661935 base_best=Y base_cls_epoch=32 epoch_seconds=3.9 elapsed_minutes=0.2 gpu_alloc_gb=0.079 gpu_reserved_gb=1.010
[SSL] repeat=2 scope=internal_fold fold=4 epoch=5/50 ssl_loss=0.095545 lr=0.000080534 base_val_bce=0.664803 base_best=N base_cls_epoch=35 epoch_seconds=3.8 elapsed_minutes=0.3 gpu_alloc_gb=0.079 gpu_reserved_gb=1.010
[SSL] repeat=2 scope=internal_fold fold=4 epoch=6/50 ssl_loss=0.093765 lr=0.000094641 base_val_bce=0.665782 base_best=N base_cls_epoch=37 epoch_seconds=3.8 elapsed_minutes=0.4 gpu_alloc_gb=0.079 gpu_reserved_gb=1.010
[SSL] repeat=2 scope=internal_fold fold=4 epoch=7/50 ssl_loss=0.094738 lr=0.000108748 base_val_bce=0.654937 base_best=Y base_cls_epoch=34 epoch_seconds=3.9 elapsed_minutes=0.4 gpu_alloc_gb=0.079 gpu_reserved_gb=1.010
[SSL] repeat=2 scope=internal_fold fold=4 epoch=8/50 ssl_loss=0.062397 lr=0.000122855 base_val_bce=0.654774 base_best=Y base_cls_epoch=36 epoch_seconds=3.9 elapsed_minutes=0.5 gpu_alloc_gb=0.079 gpu_reserved_gb=1.010
[SSL] repeat=2 scope=internal_fold fold=4 epoch=9/50 ssl_loss=0.077614 lr=0.000136962 base_val_bce=0.656439 base_best=N base_cls_epoch=36 epoch_seconds=3.9 elapsed_minutes=0.6 gpu_alloc_gb=0.079 gpu_reserved_gb=1.010
[SSL] repeat=2 scope=internal_fold fold=4 epoch=10/50 ssl_loss=0.068321 lr=0.000136962 base_val_bce=0.662296 base_best=N base_cls_epoch=39 epoch_seconds=3.8 elapsed_minutes=0.6 gpu_alloc_gb=0.079 gpu_reserved_gb=1.010
[SSL] repeat=2 scope=internal_fold fold=4 epoch=11/50 ssl_loss=0.081873 lr=0.000136751 base_val_bce=0.657319 base_best=N base_cls_epoch=34 epoch_seconds=3.8 elapsed_minutes=0.7 gpu_alloc_gb=0.079 gpu_reserved_gb=1.010
[SSL] repeat=2 scope=internal_fold fold=4 epoch=12/50 ssl_loss=0.083303 lr=0.000136119 base_val_bce=0.654961 base_best=N base_cls_epoch=45 epoch_seconds=3.9 elapsed_minutes=0.8 gpu_alloc_gb=0.079 gpu_reserved_gb=1.010
[SSL] repeat=2 scope=internal_fold fold=4 epoch=13/50 ssl_loss=0.049116 lr=0.000135070 base_val_bce=0.665061 base_best=N base_cls_epoch=38 epoch_seconds=3.8 elapsed_minutes=0.8 gpu_alloc_gb=0.079 gpu_reserved_gb=1.010
[SSL] repeat=2 scope=internal_fold fold=4 epoch=14/50 ssl_loss=0.072354 lr=0.000133610 base_val_bce=0.654162 base_best=Y base_cls_epoch=36 epoch_seconds=4.0 elapsed_minutes=0.9 gpu_alloc_gb=0.079 gpu_reserved_gb=1.010
[SSL] repeat=2 scope=internal_fold fold=4 epoch=15/50 ssl_loss=0.056629 lr=0.000131749 base_val_bce=0.659170 base_best=N base_cls_epoch=39 epoch_seconds=3.8 elapsed_minutes=1.0 gpu_alloc_gb=0.079 gpu_reserved_gb=1.010
[SSL] repeat=2 scope=internal_fold fold=4 epoch=16/50 ssl_loss=0.056830 lr=0.000129498 base_val_bce=0.645948 base_best=Y base_cls_epoch=40 epoch_seconds=3.8 elapsed_minutes=1.0 gpu_alloc_gb=0.079 gpu_reserved_gb=1.010
[SSL] repeat=2 scope=internal_fold fold=4 epoch=17/50 ssl_loss=0.046622 lr=0.000126870 base_val_bce=0.656847 base_best=N base_cls_epoch=39 epoch_seconds=3.9 elapsed_minutes=1.1 gpu_alloc_gb=0.079 gpu_reserved_gb=1.010
[SSL] repeat=2 scope=internal_fold fold=4 epoch=18/50 ssl_loss=0.058452 lr=0.000123883 base_val_bce=0.643401 base_best=Y base_cls_epoch=37 epoch_seconds=3.8 elapsed_minutes=1.1 gpu_alloc_gb=0.079 gpu_reserved_gb=1.010
[SSL] repeat=2 scope=internal_fold fold=4 epoch=19/50 ssl_loss=0.059752 lr=0.000120554 base_val_bce=0.655847 base_best=N base_cls_epoch=35 epoch_seconds=3.9 elapsed_minutes=1.2 gpu_alloc_gb=0.079 gpu_reserved_gb=1.010
[SSL] repeat=2 scope=internal_fold fold=4 epoch=20/50 ssl_loss=0.061669 lr=0.000116904 base_val_bce=0.645949 base_best=N base_cls_epoch=38 epoch_seconds=3.9 elapsed_minutes=1.3 gpu_alloc_gb=0.079 gpu_reserved_gb=1.010
[SSL] repeat=2 scope=internal_fold fold=4 epoch=21/50 ssl_loss=0.052619 lr=0.000112956 base_val_bce=0.653233 base_best=N base_cls_epoch=37 epoch_seconds=3.7 elapsed_minutes=1.3 gpu_alloc_gb=0.079 gpu_reserved_gb=1.010
[SSL] repeat=2 scope=internal_fold fold=4 epoch=22/50 ssl_loss=0.055128 lr=0.000108733 base_val_bce=0.652845 base_best=N base_cls_epoch=36 epoch_seconds=3.9 elapsed_minutes=1.4 gpu_alloc_gb=0.079 gpu_reserved_gb=1.010
[SSL] repeat=2 scope=internal_fold fold=4 epoch=23/50 ssl_loss=0.062450 lr=0.000104262 base_val_bce=0.650896 base_best=N base_cls_epoch=40 epoch_seconds=3.7 elapsed_minutes=1.5 gpu_alloc_gb=0.079 gpu_reserved_gb=1.010
[SSL] repeat=2 scope=internal_fold fold=4 epoch=24/50 ssl_loss=0.045191 lr=0.000099570 base_val_bce=0.644754 base_best=N base_cls_epoch=36 epoch_seconds=3.9 elapsed_minutes=1.5 gpu_alloc_gb=0.079 gpu_reserved_gb=1.010
[SSL] repeat=2 scope=internal_fold fold=4 epoch=25/50 ssl_loss=0.033726 lr=0.000094687 base_val_bce=0.645416 base_best=N base_cls_epoch=38 epoch_seconds=3.8 elapsed_minutes=1.6 gpu_alloc_gb=0.079 gpu_reserved_gb=1.010
[SSL] repeat=2 scope=internal_fold fold=4 epoch=26/50 ssl_loss=0.034579 lr=0.000089643 base_val_bce=0.650382 base_best=N base_cls_epoch=37 epoch_seconds=4.0 elapsed_minutes=1.7 gpu_alloc_gb=0.079 gpu_reserved_gb=1.010
[SSL] repeat=2 scope=internal_fold fold=4 epoch=27/50 ssl_loss=0.055927 lr=0.000084467 base_val_bce=0.640538 base_best=Y base_cls_epoch=38 epoch_seconds=3.9 elapsed_minutes=1.7 gpu_alloc_gb=0.079 gpu_reserved_gb=1.010
[SSL] repeat=2 scope=internal_fold fold=4 epoch=28/50 ssl_loss=0.052506 lr=0.000079194 base_val_bce=0.659825 base_best=N base_cls_epoch=39 epoch_seconds=3.9 elapsed_minutes=1.8 gpu_alloc_gb=0.079 gpu_reserved_gb=1.010
[SSL] repeat=2 scope=internal_fold fold=4 epoch=29/50 ssl_loss=0.053047 lr=0.000073854 base_val_bce=0.652570 base_best=N base_cls_epoch=40 epoch_seconds=3.8 elapsed_minutes=1.9 gpu_alloc_gb=0.079 gpu_reserved_gb=1.010
[SSL] repeat=2 scope=internal_fold fold=4 epoch=30/50 ssl_loss=0.046774 lr=0.000068481 base_val_bce=0.657025 base_best=N base_cls_epoch=40 epoch_seconds=3.9 elapsed_minutes=1.9 gpu_alloc_gb=0.079 gpu_reserved_gb=1.010
[SSL] repeat=2 scope=internal_fold fold=4 epoch=31/50 ssl_loss=0.042226 lr=0.000063108 base_val_bce=0.648825 base_best=N base_cls_epoch=39 epoch_seconds=3.8 elapsed_minutes=2.0 gpu_alloc_gb=0.079 gpu_reserved_gb=1.010
[SSL] repeat=2 scope=internal_fold fold=4 epoch=32/50 ssl_loss=0.048830 lr=0.000057768 base_val_bce=0.646055 base_best=N base_cls_epoch=39 epoch_seconds=3.7 elapsed_minutes=2.0 gpu_alloc_gb=0.079 gpu_reserved_gb=1.010
[SSL] repeat=2 scope=internal_fold fold=4 epoch=33/50 ssl_loss=0.043533 lr=0.000052494 base_val_bce=0.650775 base_best=N base_cls_epoch=37 epoch_seconds=3.8 elapsed_minutes=2.1 gpu_alloc_gb=0.079 gpu_reserved_gb=1.010
[SSL] repeat=2 scope=internal_fold fold=4 epoch=34/50 ssl_loss=0.055278 lr=0.000047319 base_val_bce=0.641252 base_best=N base_cls_epoch=37 epoch_seconds=3.9 elapsed_minutes=2.2 gpu_alloc_gb=0.079 gpu_reserved_gb=1.010
[SSL] repeat=2 scope=internal_fold fold=4 epoch=35/50 ssl_loss=0.049221 lr=0.000042274 base_val_bce=0.638654 base_best=Y base_cls_epoch=39 epoch_seconds=3.9 elapsed_minutes=2.2 gpu_alloc_gb=0.079 gpu_reserved_gb=1.010
[SSL] repeat=2 scope=internal_fold fold=4 epoch=36/50 ssl_loss=0.046902 lr=0.000037391 base_val_bce=0.649332 base_best=N base_cls_epoch=38 epoch_seconds=3.8 elapsed_minutes=2.3 gpu_alloc_gb=0.079 gpu_reserved_gb=1.010
[SSL] repeat=2 scope=internal_fold fold=4 epoch=37/50 ssl_loss=0.044488 lr=0.000032700 base_val_bce=0.649873 base_best=N base_cls_epoch=37 epoch_seconds=3.9 elapsed_minutes=2.4 gpu_alloc_gb=0.079 gpu_reserved_gb=1.010
[SSL] repeat=2 scope=internal_fold fold=4 epoch=38/50 ssl_loss=0.046966 lr=0.000028229 base_val_bce=0.648519 base_best=N base_cls_epoch=42 epoch_seconds=3.9 elapsed_minutes=2.4 gpu_alloc_gb=0.079 gpu_reserved_gb=1.010
[SSL] repeat=2 scope=internal_fold fold=4 epoch=39/50 ssl_loss=0.036682 lr=0.000024006 base_val_bce=0.639675 base_best=N base_cls_epoch=37 epoch_seconds=3.9 elapsed_minutes=2.5 gpu_alloc_gb=0.079 gpu_reserved_gb=1.010
[SSL] repeat=2 scope=internal_fold fold=4 epoch=40/50 ssl_loss=0.041681 lr=0.000020058 base_val_bce=0.645661 base_best=N base_cls_epoch=39 epoch_seconds=4.0 elapsed_minutes=2.6 gpu_alloc_gb=0.079 gpu_reserved_gb=1.010
[SSL] repeat=2 scope=internal_fold fold=4 epoch=41/50 ssl_loss=0.049673 lr=0.000016408 base_val_bce=0.650009 base_best=N base_cls_epoch=41 epoch_seconds=3.8 elapsed_minutes=2.6 gpu_alloc_gb=0.079 gpu_reserved_gb=1.010
[SSL] repeat=2 scope=internal_fold fold=4 epoch=42/50 ssl_loss=0.046182 lr=0.000013079 base_val_bce=0.651355 base_best=N base_cls_epoch=40 epoch_seconds=3.8 elapsed_minutes=2.7 gpu_alloc_gb=0.079 gpu_reserved_gb=1.010
[SSL] repeat=2 scope=internal_fold fold=4 epoch=43/50 ssl_loss=0.052061 lr=0.000010091 base_val_bce=0.637388 base_best=Y base_cls_epoch=39 epoch_seconds=3.8 elapsed_minutes=2.8 gpu_alloc_gb=0.079 gpu_reserved_gb=1.010
[SSL] repeat=2 scope=internal_fold fold=4 epoch=44/50 ssl_loss=0.040533 lr=0.000007464 base_val_bce=0.639576 base_best=N base_cls_epoch=38 epoch_seconds=3.9 elapsed_minutes=2.8 gpu_alloc_gb=0.079 gpu_reserved_gb=1.010
[SSL] repeat=2 scope=internal_fold fold=4 epoch=45/50 ssl_loss=0.051332 lr=0.000005213 base_val_bce=0.647604 base_best=N base_cls_epoch=36 epoch_seconds=3.9 elapsed_minutes=2.9 gpu_alloc_gb=0.079 gpu_reserved_gb=1.010
[SSL] repeat=2 scope=internal_fold fold=4 epoch=46/50 ssl_loss=0.051830 lr=0.000003352 base_val_bce=0.642450 base_best=N base_cls_epoch=37 epoch_seconds=3.9 elapsed_minutes=3.0 gpu_alloc_gb=0.079 gpu_reserved_gb=1.010
[SSL] repeat=2 scope=internal_fold fold=4 epoch=47/50 ssl_loss=0.053170 lr=0.000001892 base_val_bce=0.632529 base_best=Y base_cls_epoch=40 epoch_seconds=3.9 elapsed_minutes=3.0 gpu_alloc_gb=0.079 gpu_reserved_gb=1.010
[SSL] repeat=2 scope=internal_fold fold=4 epoch=48/50 ssl_loss=0.046352 lr=0.000000843 base_val_bce=0.652949 base_best=N base_cls_epoch=39 epoch_seconds=3.9 elapsed_minutes=3.1 gpu_alloc_gb=0.079 gpu_reserved_gb=1.010
[SSL] repeat=2 scope=internal_fold fold=4 epoch=49/50 ssl_loss=0.052253 lr=0.000000211 base_val_bce=0.650708 base_best=N base_cls_epoch=38 epoch_seconds=3.8 elapsed_minutes=3.2 gpu_alloc_gb=0.079 gpu_reserved_gb=1.010
[SSL] repeat=2 scope=internal_fold fold=4 epoch=50/50 ssl_loss=0.040581 lr=0.000000000 base_val_bce=0.644748 base_best=N base_cls_epoch=37 epoch_seconds=4.1 elapsed_minutes=3.2 gpu_alloc_gb=0.079 gpu_reserved_gb=1.010
TASK_DONE repeat=2 scope=internal_fold fold=4 selected_encoder_epoch=47 selected_val_bce=0.632529 elapsed_minutes=3.2
TASK_START repeat=2 scope=internal_fold fold=5 device=cuda:0 train=750 val=120
[SSL] repeat=2 scope=internal_fold fold=5 epoch=1/50 ssl_loss=0.127280 lr=0.000024107 base_val_bce=0.644422 base_best=Y base_cls_epoch=28 epoch_seconds=3.2 elapsed_minutes=0.1 gpu_alloc_gb=0.079 gpu_reserved_gb=1.010
[SSL] repeat=2 scope=internal_fold fold=5 epoch=2/50 ssl_loss=0.103230 lr=0.000038214 base_val_bce=0.643871 base_best=Y base_cls_epoch=26 epoch_seconds=3.2 elapsed_minutes=0.1 gpu_alloc_gb=0.079 gpu_reserved_gb=1.010
[SSL] repeat=2 scope=internal_fold fold=5 epoch=3/50 ssl_loss=0.129787 lr=0.000052321 base_val_bce=0.642698 base_best=Y base_cls_epoch=23 epoch_seconds=3.8 elapsed_minutes=0.2 gpu_alloc_gb=0.079 gpu_reserved_gb=1.010
[SSL] repeat=2 scope=internal_fold fold=5 epoch=4/50 ssl_loss=0.101704 lr=0.000066427 base_val_bce=0.631802 base_best=Y base_cls_epoch=19 epoch_seconds=3.8 elapsed_minutes=0.2 gpu_alloc_gb=0.079 gpu_reserved_gb=1.010
[SSL] repeat=2 scope=internal_fold fold=5 epoch=5/50 ssl_loss=0.093085 lr=0.000080534 base_val_bce=0.635652 base_best=N base_cls_epoch=20 epoch_seconds=3.8 elapsed_minutes=0.3 gpu_alloc_gb=0.079 gpu_reserved_gb=1.010
[SSL] repeat=2 scope=internal_fold fold=5 epoch=6/50 ssl_loss=0.087186 lr=0.000094641 base_val_bce=0.655444 base_best=N base_cls_epoch=28 epoch_seconds=3.8 elapsed_minutes=0.4 gpu_alloc_gb=0.079 gpu_reserved_gb=1.010
[SSL] repeat=2 scope=internal_fold fold=5 epoch=7/50 ssl_loss=0.082169 lr=0.000108748 base_val_bce=0.635809 base_best=N base_cls_epoch=27 epoch_seconds=3.9 elapsed_minutes=0.4 gpu_alloc_gb=0.079 gpu_reserved_gb=1.010
[SSL] repeat=2 scope=internal_fold fold=5 epoch=8/50 ssl_loss=0.085764 lr=0.000122855 base_val_bce=0.628292 base_best=Y base_cls_epoch=25 epoch_seconds=3.9 elapsed_minutes=0.5 gpu_alloc_gb=0.079 gpu_reserved_gb=1.010
[SSL] repeat=2 scope=internal_fold fold=5 epoch=9/50 ssl_loss=0.104288 lr=0.000136962 base_val_bce=0.621121 base_best=Y base_cls_epoch=20 epoch_seconds=3.8 elapsed_minutes=0.6 gpu_alloc_gb=0.079 gpu_reserved_gb=1.010
[SSL] repeat=2 scope=internal_fold fold=5 epoch=10/50 ssl_loss=0.065080 lr=0.000136962 base_val_bce=0.616594 base_best=Y base_cls_epoch=21 epoch_seconds=3.8 elapsed_minutes=0.6 gpu_alloc_gb=0.079 gpu_reserved_gb=1.010
[SSL] repeat=2 scope=internal_fold fold=5 epoch=11/50 ssl_loss=0.063546 lr=0.000136751 base_val_bce=0.625088 base_best=N base_cls_epoch=19 epoch_seconds=3.8 elapsed_minutes=0.7 gpu_alloc_gb=0.079 gpu_reserved_gb=1.010
[SSL] repeat=2 scope=internal_fold fold=5 epoch=12/50 ssl_loss=0.061152 lr=0.000136119 base_val_bce=0.628789 base_best=N base_cls_epoch=26 epoch_seconds=3.8 elapsed_minutes=0.8 gpu_alloc_gb=0.079 gpu_reserved_gb=1.010
[SSL] repeat=2 scope=internal_fold fold=5 epoch=13/50 ssl_loss=0.060679 lr=0.000135070 base_val_bce=0.632397 base_best=N base_cls_epoch=24 epoch_seconds=3.9 elapsed_minutes=0.8 gpu_alloc_gb=0.079 gpu_reserved_gb=1.010
[SSL] repeat=2 scope=internal_fold fold=5 epoch=14/50 ssl_loss=0.059919 lr=0.000133610 base_val_bce=0.624276 base_best=N base_cls_epoch=21 epoch_seconds=3.9 elapsed_minutes=0.9 gpu_alloc_gb=0.079 gpu_reserved_gb=1.010
[SSL] repeat=2 scope=internal_fold fold=5 epoch=15/50 ssl_loss=0.052151 lr=0.000131749 base_val_bce=0.622282 base_best=N base_cls_epoch=22 epoch_seconds=3.9 elapsed_minutes=0.9 gpu_alloc_gb=0.079 gpu_reserved_gb=1.010
[SSL] repeat=2 scope=internal_fold fold=5 epoch=16/50 ssl_loss=0.057677 lr=0.000129498 base_val_bce=0.627442 base_best=N base_cls_epoch=27 epoch_seconds=4.0 elapsed_minutes=1.0 gpu_alloc_gb=0.079 gpu_reserved_gb=1.010
[SSL] repeat=2 scope=internal_fold fold=5 epoch=17/50 ssl_loss=0.055255 lr=0.000126870 base_val_bce=0.626414 base_best=N base_cls_epoch=23 epoch_seconds=3.8 elapsed_minutes=1.1 gpu_alloc_gb=0.079 gpu_reserved_gb=1.010
[SSL] repeat=2 scope=internal_fold fold=5 epoch=18/50 ssl_loss=0.062987 lr=0.000123883 base_val_bce=0.636935 base_best=N base_cls_epoch=32 epoch_seconds=3.9 elapsed_minutes=1.1 gpu_alloc_gb=0.079 gpu_reserved_gb=1.010
[SSL] repeat=2 scope=internal_fold fold=5 epoch=19/50 ssl_loss=0.055547 lr=0.000120554 base_val_bce=0.629350 base_best=N base_cls_epoch=27 epoch_seconds=3.9 elapsed_minutes=1.2 gpu_alloc_gb=0.079 gpu_reserved_gb=1.010
[SSL] repeat=2 scope=internal_fold fold=5 epoch=20/50 ssl_loss=0.058524 lr=0.000116904 base_val_bce=0.635368 base_best=N base_cls_epoch=34 epoch_seconds=3.9 elapsed_minutes=1.3 gpu_alloc_gb=0.079 gpu_reserved_gb=1.010
[SSL] repeat=2 scope=internal_fold fold=5 epoch=21/50 ssl_loss=0.053157 lr=0.000112956 base_val_bce=0.629079 base_best=N base_cls_epoch=23 epoch_seconds=3.8 elapsed_minutes=1.3 gpu_alloc_gb=0.079 gpu_reserved_gb=1.010
[SSL] repeat=2 scope=internal_fold fold=5 epoch=22/50 ssl_loss=0.052790 lr=0.000108733 base_val_bce=0.621699 base_best=N base_cls_epoch=28 epoch_seconds=3.9 elapsed_minutes=1.4 gpu_alloc_gb=0.079 gpu_reserved_gb=1.010
[SSL] repeat=2 scope=internal_fold fold=5 epoch=23/50 ssl_loss=0.045208 lr=0.000104262 base_val_bce=0.632185 base_best=N base_cls_epoch=23 epoch_seconds=4.0 elapsed_minutes=1.5 gpu_alloc_gb=0.079 gpu_reserved_gb=1.010
[SSL] repeat=2 scope=internal_fold fold=5 epoch=24/50 ssl_loss=0.066525 lr=0.000099570 base_val_bce=0.614149 base_best=Y base_cls_epoch=25 epoch_seconds=4.0 elapsed_minutes=1.5 gpu_alloc_gb=0.079 gpu_reserved_gb=1.010
[SSL] repeat=2 scope=internal_fold fold=5 epoch=25/50 ssl_loss=0.042754 lr=0.000094687 base_val_bce=0.633285 base_best=N base_cls_epoch=35 epoch_seconds=3.9 elapsed_minutes=1.6 gpu_alloc_gb=0.079 gpu_reserved_gb=1.010
[SSL] repeat=2 scope=internal_fold fold=5 epoch=26/50 ssl_loss=0.036944 lr=0.000089643 base_val_bce=0.643398 base_best=N base_cls_epoch=33 epoch_seconds=3.9 elapsed_minutes=1.7 gpu_alloc_gb=0.079 gpu_reserved_gb=1.010
[SSL] repeat=2 scope=internal_fold fold=5 epoch=27/50 ssl_loss=0.043863 lr=0.000084467 base_val_bce=0.631893 base_best=N base_cls_epoch=33 epoch_seconds=3.9 elapsed_minutes=1.7 gpu_alloc_gb=0.079 gpu_reserved_gb=1.010
[SSL] repeat=2 scope=internal_fold fold=5 epoch=28/50 ssl_loss=0.044522 lr=0.000079194 base_val_bce=0.619970 base_best=N base_cls_epoch=32 epoch_seconds=3.9 elapsed_minutes=1.8 gpu_alloc_gb=0.079 gpu_reserved_gb=1.010
[SSL] repeat=2 scope=internal_fold fold=5 epoch=29/50 ssl_loss=0.044364 lr=0.000073854 base_val_bce=0.627977 base_best=N base_cls_epoch=32 epoch_seconds=3.9 elapsed_minutes=1.9 gpu_alloc_gb=0.079 gpu_reserved_gb=1.010
[SSL] repeat=2 scope=internal_fold fold=5 epoch=30/50 ssl_loss=0.050053 lr=0.000068481 base_val_bce=0.632839 base_best=N base_cls_epoch=34 epoch_seconds=3.9 elapsed_minutes=1.9 gpu_alloc_gb=0.079 gpu_reserved_gb=1.010
[SSL] repeat=2 scope=internal_fold fold=5 epoch=31/50 ssl_loss=0.043753 lr=0.000063108 base_val_bce=0.623908 base_best=N base_cls_epoch=32 epoch_seconds=3.7 elapsed_minutes=2.0 gpu_alloc_gb=0.079 gpu_reserved_gb=1.010
[SSL] repeat=2 scope=internal_fold fold=5 epoch=32/50 ssl_loss=0.045863 lr=0.000057768 base_val_bce=0.634878 base_best=N base_cls_epoch=32 epoch_seconds=3.7 elapsed_minutes=2.1 gpu_alloc_gb=0.079 gpu_reserved_gb=1.010
[SSL] repeat=2 scope=internal_fold fold=5 epoch=33/50 ssl_loss=0.039273 lr=0.000052494 base_val_bce=0.632585 base_best=N base_cls_epoch=30 epoch_seconds=3.8 elapsed_minutes=2.1 gpu_alloc_gb=0.079 gpu_reserved_gb=1.010
[SSL] repeat=2 scope=internal_fold fold=5 epoch=34/50 ssl_loss=0.050100 lr=0.000047319 base_val_bce=0.608244 base_best=Y base_cls_epoch=31 epoch_seconds=3.8 elapsed_minutes=2.2 gpu_alloc_gb=0.079 gpu_reserved_gb=1.010
[SSL] repeat=2 scope=internal_fold fold=5 epoch=35/50 ssl_loss=0.051684 lr=0.000042274 base_val_bce=0.631396 base_best=N base_cls_epoch=33 epoch_seconds=3.8 elapsed_minutes=2.2 gpu_alloc_gb=0.079 gpu_reserved_gb=1.010
[SSL] repeat=2 scope=internal_fold fold=5 epoch=36/50 ssl_loss=0.048510 lr=0.000037391 base_val_bce=0.628239 base_best=N base_cls_epoch=32 epoch_seconds=4.0 elapsed_minutes=2.3 gpu_alloc_gb=0.079 gpu_reserved_gb=1.010
[SSL] repeat=2 scope=internal_fold fold=5 epoch=37/50 ssl_loss=0.046924 lr=0.000032700 base_val_bce=0.626494 base_best=N base_cls_epoch=33 epoch_seconds=3.8 elapsed_minutes=2.4 gpu_alloc_gb=0.079 gpu_reserved_gb=1.010
[SSL] repeat=2 scope=internal_fold fold=5 epoch=38/50 ssl_loss=0.045820 lr=0.000028229 base_val_bce=0.628968 base_best=N base_cls_epoch=30 epoch_seconds=3.9 elapsed_minutes=2.4 gpu_alloc_gb=0.079 gpu_reserved_gb=1.010
[SSL] repeat=2 scope=internal_fold fold=5 epoch=39/50 ssl_loss=0.040454 lr=0.000024006 base_val_bce=0.638274 base_best=N base_cls_epoch=31 epoch_seconds=3.9 elapsed_minutes=2.5 gpu_alloc_gb=0.079 gpu_reserved_gb=1.010
[SSL] repeat=2 scope=internal_fold fold=5 epoch=40/50 ssl_loss=0.041621 lr=0.000020058 base_val_bce=0.625804 base_best=N base_cls_epoch=30 epoch_seconds=4.0 elapsed_minutes=2.6 gpu_alloc_gb=0.079 gpu_reserved_gb=1.010
[SSL] repeat=2 scope=internal_fold fold=5 epoch=41/50 ssl_loss=0.039690 lr=0.000016408 base_val_bce=0.622644 base_best=N base_cls_epoch=33 epoch_seconds=3.8 elapsed_minutes=2.6 gpu_alloc_gb=0.079 gpu_reserved_gb=1.010
[SSL] repeat=2 scope=internal_fold fold=5 epoch=42/50 ssl_loss=0.037771 lr=0.000013079 base_val_bce=0.624689 base_best=N base_cls_epoch=33 epoch_seconds=3.8 elapsed_minutes=2.7 gpu_alloc_gb=0.079 gpu_reserved_gb=1.010
[SSL] repeat=2 scope=internal_fold fold=5 epoch=43/50 ssl_loss=0.053336 lr=0.000010091 base_val_bce=0.628699 base_best=N base_cls_epoch=32 epoch_seconds=3.9 elapsed_minutes=2.8 gpu_alloc_gb=0.079 gpu_reserved_gb=1.010
[SSL] repeat=2 scope=internal_fold fold=5 epoch=44/50 ssl_loss=0.043771 lr=0.000007464 base_val_bce=0.623532 base_best=N base_cls_epoch=36 epoch_seconds=3.7 elapsed_minutes=2.8 gpu_alloc_gb=0.079 gpu_reserved_gb=1.010
[SSL] repeat=2 scope=internal_fold fold=5 epoch=45/50 ssl_loss=0.035937 lr=0.000005213 base_val_bce=0.636464 base_best=N base_cls_epoch=32 epoch_seconds=3.9 elapsed_minutes=2.9 gpu_alloc_gb=0.079 gpu_reserved_gb=1.010
[SSL] repeat=2 scope=internal_fold fold=5 epoch=46/50 ssl_loss=0.047465 lr=0.000003352 base_val_bce=0.625824 base_best=N base_cls_epoch=35 epoch_seconds=3.9 elapsed_minutes=3.0 gpu_alloc_gb=0.079 gpu_reserved_gb=1.010
[SSL] repeat=2 scope=internal_fold fold=5 epoch=47/50 ssl_loss=0.043820 lr=0.000001892 base_val_bce=0.622387 base_best=N base_cls_epoch=33 epoch_seconds=3.8 elapsed_minutes=3.0 gpu_alloc_gb=0.079 gpu_reserved_gb=1.010
[SSL] repeat=2 scope=internal_fold fold=5 epoch=48/50 ssl_loss=0.036146 lr=0.000000843 base_val_bce=0.618388 base_best=N base_cls_epoch=31 epoch_seconds=3.9 elapsed_minutes=3.1 gpu_alloc_gb=0.079 gpu_reserved_gb=1.010
[SSL] repeat=2 scope=internal_fold fold=5 epoch=49/50 ssl_loss=0.036693 lr=0.000000211 base_val_bce=0.629497 base_best=N base_cls_epoch=34 epoch_seconds=3.9 elapsed_minutes=3.2 gpu_alloc_gb=0.079 gpu_reserved_gb=1.010
[SSL] repeat=2 scope=internal_fold fold=5 epoch=50/50 ssl_loss=0.035506 lr=0.000000000 base_val_bce=0.624224 base_best=N base_cls_epoch=31 epoch_seconds=4.0 elapsed_minutes=3.2 gpu_alloc_gb=0.079 gpu_reserved_gb=1.010
TASK_DONE repeat=2 scope=internal_fold fold=5 selected_encoder_epoch=34 selected_val_bce=0.608244 elapsed_minutes=3.2
TASK_START repeat=2 scope=internal_fold fold=6 device=cuda:0 train=750 val=120
[SSL] repeat=2 scope=internal_fold fold=6 epoch=1/50 ssl_loss=0.621334 lr=0.000024107 base_val_bce=0.644205 base_best=Y base_cls_epoch=48 epoch_seconds=3.2 elapsed_minutes=0.1 gpu_alloc_gb=0.079 gpu_reserved_gb=1.010
[SSL] repeat=2 scope=internal_fold fold=6 epoch=2/50 ssl_loss=0.296360 lr=0.000038214 base_val_bce=0.625237 base_best=Y base_cls_epoch=34 epoch_seconds=3.2 elapsed_minutes=0.1 gpu_alloc_gb=0.079 gpu_reserved_gb=1.010
[SSL] repeat=2 scope=internal_fold fold=6 epoch=3/50 ssl_loss=0.142834 lr=0.000052321 base_val_bce=0.624691 base_best=Y base_cls_epoch=27 epoch_seconds=3.9 elapsed_minutes=0.2 gpu_alloc_gb=0.079 gpu_reserved_gb=1.010
[SSL] repeat=2 scope=internal_fold fold=6 epoch=4/50 ssl_loss=0.129238 lr=0.000066427 base_val_bce=0.635040 base_best=N base_cls_epoch=30 epoch_seconds=3.9 elapsed_minutes=0.2 gpu_alloc_gb=0.079 gpu_reserved_gb=1.010
[SSL] repeat=2 scope=internal_fold fold=6 epoch=5/50 ssl_loss=0.128606 lr=0.000080534 base_val_bce=0.629097 base_best=N base_cls_epoch=31 epoch_seconds=3.8 elapsed_minutes=0.3 gpu_alloc_gb=0.079 gpu_reserved_gb=1.010
[SSL] repeat=2 scope=internal_fold fold=6 epoch=6/50 ssl_loss=0.120680 lr=0.000094641 base_val_bce=0.632435 base_best=N base_cls_epoch=27 epoch_seconds=3.9 elapsed_minutes=0.4 gpu_alloc_gb=0.079 gpu_reserved_gb=1.010
[SSL] repeat=2 scope=internal_fold fold=6 epoch=7/50 ssl_loss=0.096447 lr=0.000108748 base_val_bce=0.638479 base_best=N base_cls_epoch=31 epoch_seconds=3.8 elapsed_minutes=0.4 gpu_alloc_gb=0.079 gpu_reserved_gb=1.010
[SSL] repeat=2 scope=internal_fold fold=6 epoch=8/50 ssl_loss=0.097326 lr=0.000122855 base_val_bce=0.635990 base_best=N base_cls_epoch=27 epoch_seconds=3.8 elapsed_minutes=0.5 gpu_alloc_gb=0.079 gpu_reserved_gb=1.010
[SSL] repeat=2 scope=internal_fold fold=6 epoch=9/50 ssl_loss=0.101314 lr=0.000136962 base_val_bce=0.641615 base_best=N base_cls_epoch=25 epoch_seconds=4.0 elapsed_minutes=0.6 gpu_alloc_gb=0.079 gpu_reserved_gb=1.010
[SSL] repeat=2 scope=internal_fold fold=6 epoch=10/50 ssl_loss=0.079806 lr=0.000136962 base_val_bce=0.645136 base_best=N base_cls_epoch=23 epoch_seconds=3.9 elapsed_minutes=0.6 gpu_alloc_gb=0.079 gpu_reserved_gb=1.010
[SSL] repeat=2 scope=internal_fold fold=6 epoch=11/50 ssl_loss=0.086722 lr=0.000136751 base_val_bce=0.624241 base_best=Y base_cls_epoch=28 epoch_seconds=3.8 elapsed_minutes=0.7 gpu_alloc_gb=0.079 gpu_reserved_gb=1.010
[SSL] repeat=2 scope=internal_fold fold=6 epoch=12/50 ssl_loss=0.090671 lr=0.000136119 base_val_bce=0.626011 base_best=N base_cls_epoch=25 epoch_seconds=3.8 elapsed_minutes=0.8 gpu_alloc_gb=0.079 gpu_reserved_gb=1.010
[SSL] repeat=2 scope=internal_fold fold=6 epoch=13/50 ssl_loss=0.090256 lr=0.000135070 base_val_bce=0.625625 base_best=N base_cls_epoch=28 epoch_seconds=3.8 elapsed_minutes=0.8 gpu_alloc_gb=0.079 gpu_reserved_gb=1.010
[SSL] repeat=2 scope=internal_fold fold=6 epoch=14/50 ssl_loss=0.073801 lr=0.000133610 base_val_bce=0.606463 base_best=Y base_cls_epoch=25 epoch_seconds=3.9 elapsed_minutes=0.9 gpu_alloc_gb=0.079 gpu_reserved_gb=1.010
[SSL] repeat=2 scope=internal_fold fold=6 epoch=15/50 ssl_loss=0.077190 lr=0.000131749 base_val_bce=0.616833 base_best=N base_cls_epoch=25 epoch_seconds=4.0 elapsed_minutes=1.0 gpu_alloc_gb=0.079 gpu_reserved_gb=1.010
[SSL] repeat=2 scope=internal_fold fold=6 epoch=16/50 ssl_loss=0.075159 lr=0.000129498 base_val_bce=0.609516 base_best=N base_cls_epoch=24 epoch_seconds=4.0 elapsed_minutes=1.0 gpu_alloc_gb=0.079 gpu_reserved_gb=1.010
[SSL] repeat=2 scope=internal_fold fold=6 epoch=17/50 ssl_loss=0.078108 lr=0.000126870 base_val_bce=0.614818 base_best=N base_cls_epoch=25 epoch_seconds=3.9 elapsed_minutes=1.1 gpu_alloc_gb=0.079 gpu_reserved_gb=1.010
[SSL] repeat=2 scope=internal_fold fold=6 epoch=18/50 ssl_loss=0.081467 lr=0.000123883 base_val_bce=0.612913 base_best=N base_cls_epoch=26 epoch_seconds=3.8 elapsed_minutes=1.1 gpu_alloc_gb=0.079 gpu_reserved_gb=1.010
[SSL] repeat=2 scope=internal_fold fold=6 epoch=19/50 ssl_loss=0.072412 lr=0.000120554 base_val_bce=0.618164 base_best=N base_cls_epoch=24 epoch_seconds=4.0 elapsed_minutes=1.2 gpu_alloc_gb=0.079 gpu_reserved_gb=1.010
[SSL] repeat=2 scope=internal_fold fold=6 epoch=20/50 ssl_loss=0.067388 lr=0.000116904 base_val_bce=0.612422 base_best=N base_cls_epoch=23 epoch_seconds=3.9 elapsed_minutes=1.3 gpu_alloc_gb=0.079 gpu_reserved_gb=1.010
[SSL] repeat=2 scope=internal_fold fold=6 epoch=21/50 ssl_loss=0.062825 lr=0.000112956 base_val_bce=0.603235 base_best=Y base_cls_epoch=28 epoch_seconds=3.8 elapsed_minutes=1.3 gpu_alloc_gb=0.079 gpu_reserved_gb=1.010
[SSL] repeat=2 scope=internal_fold fold=6 epoch=22/50 ssl_loss=0.070009 lr=0.000108733 base_val_bce=0.624847 base_best=N base_cls_epoch=26 epoch_seconds=3.8 elapsed_minutes=1.4 gpu_alloc_gb=0.079 gpu_reserved_gb=1.010
[SSL] repeat=2 scope=internal_fold fold=6 epoch=23/50 ssl_loss=0.059868 lr=0.000104262 base_val_bce=0.618604 base_best=N base_cls_epoch=29 epoch_seconds=3.7 elapsed_minutes=1.5 gpu_alloc_gb=0.079 gpu_reserved_gb=1.010
[SSL] repeat=2 scope=internal_fold fold=6 epoch=24/50 ssl_loss=0.076399 lr=0.000099570 base_val_bce=0.614281 base_best=N base_cls_epoch=29 epoch_seconds=3.8 elapsed_minutes=1.5 gpu_alloc_gb=0.079 gpu_reserved_gb=1.010
[SSL] repeat=2 scope=internal_fold fold=6 epoch=25/50 ssl_loss=0.063287 lr=0.000094687 base_val_bce=0.611504 base_best=N base_cls_epoch=28 epoch_seconds=3.8 elapsed_minutes=1.6 gpu_alloc_gb=0.079 gpu_reserved_gb=1.010
[SSL] repeat=2 scope=internal_fold fold=6 epoch=26/50 ssl_loss=0.056573 lr=0.000089643 base_val_bce=0.617181 base_best=N base_cls_epoch=27 epoch_seconds=3.9 elapsed_minutes=1.7 gpu_alloc_gb=0.079 gpu_reserved_gb=1.010
[SSL] repeat=2 scope=internal_fold fold=6 epoch=27/50 ssl_loss=0.064678 lr=0.000084467 base_val_bce=0.607038 base_best=N base_cls_epoch=27 epoch_seconds=3.9 elapsed_minutes=1.7 gpu_alloc_gb=0.079 gpu_reserved_gb=1.010
[SSL] repeat=2 scope=internal_fold fold=6 epoch=28/50 ssl_loss=0.047096 lr=0.000079194 base_val_bce=0.611520 base_best=N base_cls_epoch=29 epoch_seconds=3.9 elapsed_minutes=1.8 gpu_alloc_gb=0.079 gpu_reserved_gb=1.010
[SSL] repeat=2 scope=internal_fold fold=6 epoch=29/50 ssl_loss=0.057223 lr=0.000073854 base_val_bce=0.613027 base_best=N base_cls_epoch=27 epoch_seconds=3.9 elapsed_minutes=1.9 gpu_alloc_gb=0.079 gpu_reserved_gb=1.010
[SSL] repeat=2 scope=internal_fold fold=6 epoch=30/50 ssl_loss=0.051152 lr=0.000068481 base_val_bce=0.611879 base_best=N base_cls_epoch=31 epoch_seconds=3.9 elapsed_minutes=1.9 gpu_alloc_gb=0.079 gpu_reserved_gb=1.010
[SSL] repeat=2 scope=internal_fold fold=6 epoch=31/50 ssl_loss=0.061495 lr=0.000063108 base_val_bce=0.600317 base_best=Y base_cls_epoch=28 epoch_seconds=3.6 elapsed_minutes=2.0 gpu_alloc_gb=0.079 gpu_reserved_gb=1.010
[SSL] repeat=2 scope=internal_fold fold=6 epoch=32/50 ssl_loss=0.056257 lr=0.000057768 base_val_bce=0.603252 base_best=N base_cls_epoch=25 epoch_seconds=3.8 elapsed_minutes=2.1 gpu_alloc_gb=0.079 gpu_reserved_gb=1.010
[SSL] repeat=2 scope=internal_fold fold=6 epoch=33/50 ssl_loss=0.050075 lr=0.000052494 base_val_bce=0.603698 base_best=N base_cls_epoch=29 epoch_seconds=3.9 elapsed_minutes=2.1 gpu_alloc_gb=0.079 gpu_reserved_gb=1.010
[SSL] repeat=2 scope=internal_fold fold=6 epoch=34/50 ssl_loss=0.048566 lr=0.000047319 base_val_bce=0.604593 base_best=N base_cls_epoch=30 epoch_seconds=4.0 elapsed_minutes=2.2 gpu_alloc_gb=0.079 gpu_reserved_gb=1.010
[SSL] repeat=2 scope=internal_fold fold=6 epoch=35/50 ssl_loss=0.060786 lr=0.000042274 base_val_bce=0.611928 base_best=N base_cls_epoch=26 epoch_seconds=3.9 elapsed_minutes=2.3 gpu_alloc_gb=0.079 gpu_reserved_gb=1.010
[SSL] repeat=2 scope=internal_fold fold=6 epoch=36/50 ssl_loss=0.056341 lr=0.000037391 base_val_bce=0.621471 base_best=N base_cls_epoch=29 epoch_seconds=3.9 elapsed_minutes=2.3 gpu_alloc_gb=0.079 gpu_reserved_gb=1.010
[SSL] repeat=2 scope=internal_fold fold=6 epoch=37/50 ssl_loss=0.046409 lr=0.000032700 base_val_bce=0.603832 base_best=N base_cls_epoch=31 epoch_seconds=3.9 elapsed_minutes=2.4 gpu_alloc_gb=0.079 gpu_reserved_gb=1.010
[SSL] repeat=2 scope=internal_fold fold=6 epoch=38/50 ssl_loss=0.046858 lr=0.000028229 base_val_bce=0.606594 base_best=N base_cls_epoch=33 epoch_seconds=3.9 elapsed_minutes=2.4 gpu_alloc_gb=0.079 gpu_reserved_gb=1.010
[SSL] repeat=2 scope=internal_fold fold=6 epoch=39/50 ssl_loss=0.052574 lr=0.000024006 base_val_bce=0.594445 base_best=Y base_cls_epoch=31 epoch_seconds=3.8 elapsed_minutes=2.5 gpu_alloc_gb=0.079 gpu_reserved_gb=1.010
[SSL] repeat=2 scope=internal_fold fold=6 epoch=40/50 ssl_loss=0.049332 lr=0.000020058 base_val_bce=0.607978 base_best=N base_cls_epoch=31 epoch_seconds=3.9 elapsed_minutes=2.6 gpu_alloc_gb=0.079 gpu_reserved_gb=1.010
[SSL] repeat=2 scope=internal_fold fold=6 epoch=41/50 ssl_loss=0.047474 lr=0.000016408 base_val_bce=0.616094 base_best=N base_cls_epoch=29 epoch_seconds=3.9 elapsed_minutes=2.6 gpu_alloc_gb=0.079 gpu_reserved_gb=1.010
[SSL] repeat=2 scope=internal_fold fold=6 epoch=42/50 ssl_loss=0.047418 lr=0.000013079 base_val_bce=0.611126 base_best=N base_cls_epoch=28 epoch_seconds=3.9 elapsed_minutes=2.7 gpu_alloc_gb=0.079 gpu_reserved_gb=1.010
[SSL] repeat=2 scope=internal_fold fold=6 epoch=43/50 ssl_loss=0.058375 lr=0.000010091 base_val_bce=0.611648 base_best=N base_cls_epoch=32 epoch_seconds=3.8 elapsed_minutes=2.8 gpu_alloc_gb=0.079 gpu_reserved_gb=1.010
[SSL] repeat=2 scope=internal_fold fold=6 epoch=44/50 ssl_loss=0.051764 lr=0.000007464 base_val_bce=0.610312 base_best=N base_cls_epoch=29 epoch_seconds=3.9 elapsed_minutes=2.8 gpu_alloc_gb=0.079 gpu_reserved_gb=1.010
[SSL] repeat=2 scope=internal_fold fold=6 epoch=45/50 ssl_loss=0.054501 lr=0.000005213 base_val_bce=0.607330 base_best=N base_cls_epoch=29 epoch_seconds=3.9 elapsed_minutes=2.9 gpu_alloc_gb=0.079 gpu_reserved_gb=1.010
[SSL] repeat=2 scope=internal_fold fold=6 epoch=46/50 ssl_loss=0.041523 lr=0.000003352 base_val_bce=0.604602 base_best=N base_cls_epoch=32 epoch_seconds=3.9 elapsed_minutes=3.0 gpu_alloc_gb=0.079 gpu_reserved_gb=1.010
[SSL] repeat=2 scope=internal_fold fold=6 epoch=47/50 ssl_loss=0.056107 lr=0.000001892 base_val_bce=0.601576 base_best=N base_cls_epoch=27 epoch_seconds=3.9 elapsed_minutes=3.0 gpu_alloc_gb=0.079 gpu_reserved_gb=1.010
[SSL] repeat=2 scope=internal_fold fold=6 epoch=48/50 ssl_loss=0.044661 lr=0.000000843 base_val_bce=0.603676 base_best=N base_cls_epoch=29 epoch_seconds=3.8 elapsed_minutes=3.1 gpu_alloc_gb=0.079 gpu_reserved_gb=1.010
[SSL] repeat=2 scope=internal_fold fold=6 epoch=49/50 ssl_loss=0.062403 lr=0.000000211 base_val_bce=0.608254 base_best=N base_cls_epoch=33 epoch_seconds=4.0 elapsed_minutes=3.2 gpu_alloc_gb=0.079 gpu_reserved_gb=1.010
[SSL] repeat=2 scope=internal_fold fold=6 epoch=50/50 ssl_loss=0.054181 lr=0.000000000 base_val_bce=0.612992 base_best=N base_cls_epoch=37 epoch_seconds=3.8 elapsed_minutes=3.2 gpu_alloc_gb=0.079 gpu_reserved_gb=1.010
TASK_DONE repeat=2 scope=internal_fold fold=6 selected_encoder_epoch=39 selected_val_bce=0.594445 elapsed_minutes=3.2
TASK_START repeat=2 scope=internal_fold fold=7 device=cuda:0 train=750 val=120
[SSL] repeat=2 scope=internal_fold fold=7 epoch=1/50 ssl_loss=1.831258 lr=0.000024107 base_val_bce=0.654838 base_best=Y base_cls_epoch=68 epoch_seconds=3.3 elapsed_minutes=0.1 gpu_alloc_gb=0.079 gpu_reserved_gb=1.010
[SSL] repeat=2 scope=internal_fold fold=7 epoch=2/50 ssl_loss=0.801274 lr=0.000038214 base_val_bce=0.657006 base_best=N base_cls_epoch=47 epoch_seconds=3.1 elapsed_minutes=0.1 gpu_alloc_gb=0.079 gpu_reserved_gb=1.010
[SSL] repeat=2 scope=internal_fold fold=7 epoch=3/50 ssl_loss=0.255436 lr=0.000052321 base_val_bce=0.651321 base_best=Y base_cls_epoch=29 epoch_seconds=3.7 elapsed_minutes=0.2 gpu_alloc_gb=0.079 gpu_reserved_gb=1.010
[SSL] repeat=2 scope=internal_fold fold=7 epoch=4/50 ssl_loss=0.132746 lr=0.000066427 base_val_bce=0.642894 base_best=Y base_cls_epoch=28 epoch_seconds=3.8 elapsed_minutes=0.2 gpu_alloc_gb=0.079 gpu_reserved_gb=1.010
[SSL] repeat=2 scope=internal_fold fold=7 epoch=5/50 ssl_loss=0.138161 lr=0.000080534 base_val_bce=0.647400 base_best=N base_cls_epoch=29 epoch_seconds=3.9 elapsed_minutes=0.3 gpu_alloc_gb=0.079 gpu_reserved_gb=1.010
[SSL] repeat=2 scope=internal_fold fold=7 epoch=6/50 ssl_loss=0.127167 lr=0.000094641 base_val_bce=0.646728 base_best=N base_cls_epoch=27 epoch_seconds=3.9 elapsed_minutes=0.4 gpu_alloc_gb=0.079 gpu_reserved_gb=1.010
[SSL] repeat=2 scope=internal_fold fold=7 epoch=7/50 ssl_loss=0.120701 lr=0.000108748 base_val_bce=0.650091 base_best=N base_cls_epoch=27 epoch_seconds=3.8 elapsed_minutes=0.4 gpu_alloc_gb=0.079 gpu_reserved_gb=1.010
[SSL] repeat=2 scope=internal_fold fold=7 epoch=8/50 ssl_loss=0.114636 lr=0.000122855 base_val_bce=0.645070 base_best=N base_cls_epoch=22 epoch_seconds=3.8 elapsed_minutes=0.5 gpu_alloc_gb=0.079 gpu_reserved_gb=1.010
[SSL] repeat=2 scope=internal_fold fold=7 epoch=9/50 ssl_loss=0.082376 lr=0.000136962 base_val_bce=0.640825 base_best=Y base_cls_epoch=27 epoch_seconds=3.9 elapsed_minutes=0.6 gpu_alloc_gb=0.079 gpu_reserved_gb=1.010
[SSL] repeat=2 scope=internal_fold fold=7 epoch=10/50 ssl_loss=0.068719 lr=0.000136962 base_val_bce=0.654639 base_best=N base_cls_epoch=27 epoch_seconds=3.9 elapsed_minutes=0.6 gpu_alloc_gb=0.079 gpu_reserved_gb=1.010
[SSL] repeat=2 scope=internal_fold fold=7 epoch=11/50 ssl_loss=0.061854 lr=0.000136751 base_val_bce=0.642066 base_best=N base_cls_epoch=24 epoch_seconds=3.8 elapsed_minutes=0.7 gpu_alloc_gb=0.079 gpu_reserved_gb=1.010
[SSL] repeat=2 scope=internal_fold fold=7 epoch=12/50 ssl_loss=0.075299 lr=0.000136119 base_val_bce=0.644565 base_best=N base_cls_epoch=23 epoch_seconds=3.9 elapsed_minutes=0.8 gpu_alloc_gb=0.079 gpu_reserved_gb=1.010
[SSL] repeat=2 scope=internal_fold fold=7 epoch=13/50 ssl_loss=0.066698 lr=0.000135070 base_val_bce=0.631350 base_best=Y base_cls_epoch=27 epoch_seconds=3.8 elapsed_minutes=0.8 gpu_alloc_gb=0.079 gpu_reserved_gb=1.010
[SSL] repeat=2 scope=internal_fold fold=7 epoch=14/50 ssl_loss=0.077994 lr=0.000133610 base_val_bce=0.642563 base_best=N base_cls_epoch=32 epoch_seconds=3.8 elapsed_minutes=0.9 gpu_alloc_gb=0.079 gpu_reserved_gb=1.010
[SSL] repeat=2 scope=internal_fold fold=7 epoch=15/50 ssl_loss=0.087489 lr=0.000131749 base_val_bce=0.647721 base_best=N base_cls_epoch=25 epoch_seconds=3.8 elapsed_minutes=0.9 gpu_alloc_gb=0.079 gpu_reserved_gb=1.010
[SSL] repeat=2 scope=internal_fold fold=7 epoch=16/50 ssl_loss=0.063012 lr=0.000129498 base_val_bce=0.645266 base_best=N base_cls_epoch=30 epoch_seconds=3.8 elapsed_minutes=1.0 gpu_alloc_gb=0.079 gpu_reserved_gb=1.010
[SSL] repeat=2 scope=internal_fold fold=7 epoch=17/50 ssl_loss=0.060593 lr=0.000126870 base_val_bce=0.647514 base_best=N base_cls_epoch=29 epoch_seconds=3.8 elapsed_minutes=1.1 gpu_alloc_gb=0.079 gpu_reserved_gb=1.010
[SSL] repeat=2 scope=internal_fold fold=7 epoch=18/50 ssl_loss=0.063016 lr=0.000123883 base_val_bce=0.649278 base_best=N base_cls_epoch=27 epoch_seconds=3.9 elapsed_minutes=1.1 gpu_alloc_gb=0.079 gpu_reserved_gb=1.010
[SSL] repeat=2 scope=internal_fold fold=7 epoch=19/50 ssl_loss=0.056718 lr=0.000120554 base_val_bce=0.636458 base_best=N base_cls_epoch=33 epoch_seconds=3.8 elapsed_minutes=1.2 gpu_alloc_gb=0.079 gpu_reserved_gb=1.010
[SSL] repeat=2 scope=internal_fold fold=7 epoch=20/50 ssl_loss=0.062830 lr=0.000116904 base_val_bce=0.648071 base_best=N base_cls_epoch=30 epoch_seconds=3.9 elapsed_minutes=1.3 gpu_alloc_gb=0.079 gpu_reserved_gb=1.010
[SSL] repeat=2 scope=internal_fold fold=7 epoch=21/50 ssl_loss=0.062388 lr=0.000112956 base_val_bce=0.636172 base_best=N base_cls_epoch=30 epoch_seconds=3.8 elapsed_minutes=1.3 gpu_alloc_gb=0.079 gpu_reserved_gb=1.010
[SSL] repeat=2 scope=internal_fold fold=7 epoch=22/50 ssl_loss=0.048858 lr=0.000108733 base_val_bce=0.640087 base_best=N base_cls_epoch=32 epoch_seconds=3.8 elapsed_minutes=1.4 gpu_alloc_gb=0.079 gpu_reserved_gb=1.010
[SSL] repeat=2 scope=internal_fold fold=7 epoch=23/50 ssl_loss=0.052086 lr=0.000104262 base_val_bce=0.629721 base_best=Y base_cls_epoch=33 epoch_seconds=3.8 elapsed_minutes=1.5 gpu_alloc_gb=0.079 gpu_reserved_gb=1.010
[SSL] repeat=2 scope=internal_fold fold=7 epoch=24/50 ssl_loss=0.053746 lr=0.000099570 base_val_bce=0.641703 base_best=N base_cls_epoch=34 epoch_seconds=3.9 elapsed_minutes=1.5 gpu_alloc_gb=0.079 gpu_reserved_gb=1.010
[SSL] repeat=2 scope=internal_fold fold=7 epoch=25/50 ssl_loss=0.059992 lr=0.000094687 base_val_bce=0.643670 base_best=N base_cls_epoch=36 epoch_seconds=3.9 elapsed_minutes=1.6 gpu_alloc_gb=0.079 gpu_reserved_gb=1.010
[SSL] repeat=2 scope=internal_fold fold=7 epoch=26/50 ssl_loss=0.060770 lr=0.000089643 base_val_bce=0.642991 base_best=N base_cls_epoch=34 epoch_seconds=3.8 elapsed_minutes=1.7 gpu_alloc_gb=0.079 gpu_reserved_gb=1.010
[SSL] repeat=2 scope=internal_fold fold=7 epoch=27/50 ssl_loss=0.053075 lr=0.000084467 base_val_bce=0.627706 base_best=Y base_cls_epoch=32 epoch_seconds=3.9 elapsed_minutes=1.7 gpu_alloc_gb=0.079 gpu_reserved_gb=1.010
[SSL] repeat=2 scope=internal_fold fold=7 epoch=28/50 ssl_loss=0.048133 lr=0.000079194 base_val_bce=0.642545 base_best=N base_cls_epoch=33 epoch_seconds=3.9 elapsed_minutes=1.8 gpu_alloc_gb=0.079 gpu_reserved_gb=1.010
[SSL] repeat=2 scope=internal_fold fold=7 epoch=29/50 ssl_loss=0.050077 lr=0.000073854 base_val_bce=0.635081 base_best=N base_cls_epoch=35 epoch_seconds=3.9 elapsed_minutes=1.8 gpu_alloc_gb=0.079 gpu_reserved_gb=1.010
[SSL] repeat=2 scope=internal_fold fold=7 epoch=30/50 ssl_loss=0.053337 lr=0.000068481 base_val_bce=0.645108 base_best=N base_cls_epoch=35 epoch_seconds=4.0 elapsed_minutes=1.9 gpu_alloc_gb=0.079 gpu_reserved_gb=1.010
[SSL] repeat=2 scope=internal_fold fold=7 epoch=31/50 ssl_loss=0.058065 lr=0.000063108 base_val_bce=0.637927 base_best=N base_cls_epoch=34 epoch_seconds=3.9 elapsed_minutes=2.0 gpu_alloc_gb=0.079 gpu_reserved_gb=1.010
[SSL] repeat=2 scope=internal_fold fold=7 epoch=32/50 ssl_loss=0.063046 lr=0.000057768 base_val_bce=0.651070 base_best=N base_cls_epoch=27 epoch_seconds=3.9 elapsed_minutes=2.0 gpu_alloc_gb=0.079 gpu_reserved_gb=1.010
[SSL] repeat=2 scope=internal_fold fold=7 epoch=33/50 ssl_loss=0.043604 lr=0.000052494 base_val_bce=0.635098 base_best=N base_cls_epoch=31 epoch_seconds=3.9 elapsed_minutes=2.1 gpu_alloc_gb=0.079 gpu_reserved_gb=1.010
[SSL] repeat=2 scope=internal_fold fold=7 epoch=34/50 ssl_loss=0.050449 lr=0.000047319 base_val_bce=0.630729 base_best=N base_cls_epoch=33 epoch_seconds=3.9 elapsed_minutes=2.2 gpu_alloc_gb=0.079 gpu_reserved_gb=1.010
[SSL] repeat=2 scope=internal_fold fold=7 epoch=35/50 ssl_loss=0.060779 lr=0.000042274 base_val_bce=0.636199 base_best=N base_cls_epoch=31 epoch_seconds=3.8 elapsed_minutes=2.2 gpu_alloc_gb=0.079 gpu_reserved_gb=1.010
[SSL] repeat=2 scope=internal_fold fold=7 epoch=36/50 ssl_loss=0.045283 lr=0.000037391 base_val_bce=0.643597 base_best=N base_cls_epoch=34 epoch_seconds=3.8 elapsed_minutes=2.3 gpu_alloc_gb=0.079 gpu_reserved_gb=1.010
[SSL] repeat=2 scope=internal_fold fold=7 epoch=37/50 ssl_loss=0.053995 lr=0.000032700 base_val_bce=0.634846 base_best=N base_cls_epoch=30 epoch_seconds=3.8 elapsed_minutes=2.4 gpu_alloc_gb=0.079 gpu_reserved_gb=1.010
[SSL] repeat=2 scope=internal_fold fold=7 epoch=38/50 ssl_loss=0.058585 lr=0.000028229 base_val_bce=0.641471 base_best=N base_cls_epoch=34 epoch_seconds=3.7 elapsed_minutes=2.4 gpu_alloc_gb=0.079 gpu_reserved_gb=1.010
[SSL] repeat=2 scope=internal_fold fold=7 epoch=39/50 ssl_loss=0.057140 lr=0.000024006 base_val_bce=0.631069 base_best=N base_cls_epoch=37 epoch_seconds=3.8 elapsed_minutes=2.5 gpu_alloc_gb=0.079 gpu_reserved_gb=1.010
[SSL] repeat=2 scope=internal_fold fold=7 epoch=40/50 ssl_loss=0.047304 lr=0.000020058 base_val_bce=0.645182 base_best=N base_cls_epoch=34 epoch_seconds=3.8 elapsed_minutes=2.6 gpu_alloc_gb=0.079 gpu_reserved_gb=1.010
[SSL] repeat=2 scope=internal_fold fold=7 epoch=41/50 ssl_loss=0.055142 lr=0.000016408 base_val_bce=0.651500 base_best=N base_cls_epoch=32 epoch_seconds=4.0 elapsed_minutes=2.6 gpu_alloc_gb=0.079 gpu_reserved_gb=1.010
[SSL] repeat=2 scope=internal_fold fold=7 epoch=42/50 ssl_loss=0.053363 lr=0.000013079 base_val_bce=0.630116 base_best=N base_cls_epoch=35 epoch_seconds=3.8 elapsed_minutes=2.7 gpu_alloc_gb=0.079 gpu_reserved_gb=1.010
[SSL] repeat=2 scope=internal_fold fold=7 epoch=43/50 ssl_loss=0.046527 lr=0.000010091 base_val_bce=0.645778 base_best=N base_cls_epoch=37 epoch_seconds=3.7 elapsed_minutes=2.8 gpu_alloc_gb=0.079 gpu_reserved_gb=1.010
[SSL] repeat=2 scope=internal_fold fold=7 epoch=44/50 ssl_loss=0.050942 lr=0.000007464 base_val_bce=0.641995 base_best=N base_cls_epoch=37 epoch_seconds=3.9 elapsed_minutes=2.8 gpu_alloc_gb=0.079 gpu_reserved_gb=1.010
[SSL] repeat=2 scope=internal_fold fold=7 epoch=45/50 ssl_loss=0.043002 lr=0.000005213 base_val_bce=0.635954 base_best=N base_cls_epoch=35 epoch_seconds=3.8 elapsed_minutes=2.9 gpu_alloc_gb=0.079 gpu_reserved_gb=1.010
[SSL] repeat=2 scope=internal_fold fold=7 epoch=46/50 ssl_loss=0.052501 lr=0.000003352 base_val_bce=0.644391 base_best=N base_cls_epoch=33 epoch_seconds=3.9 elapsed_minutes=2.9 gpu_alloc_gb=0.079 gpu_reserved_gb=1.010
[SSL] repeat=2 scope=internal_fold fold=7 epoch=47/50 ssl_loss=0.041319 lr=0.000001892 base_val_bce=0.640251 base_best=N base_cls_epoch=37 epoch_seconds=3.9 elapsed_minutes=3.0 gpu_alloc_gb=0.079 gpu_reserved_gb=1.010
[SSL] repeat=2 scope=internal_fold fold=7 epoch=48/50 ssl_loss=0.053744 lr=0.000000843 base_val_bce=0.635687 base_best=N base_cls_epoch=33 epoch_seconds=3.9 elapsed_minutes=3.1 gpu_alloc_gb=0.079 gpu_reserved_gb=1.010
[SSL] repeat=2 scope=internal_fold fold=7 epoch=49/50 ssl_loss=0.045895 lr=0.000000211 base_val_bce=0.646544 base_best=N base_cls_epoch=33 epoch_seconds=3.8 elapsed_minutes=3.1 gpu_alloc_gb=0.079 gpu_reserved_gb=1.010
[SSL] repeat=2 scope=internal_fold fold=7 epoch=50/50 ssl_loss=0.056152 lr=0.000000000 base_val_bce=0.629850 base_best=N base_cls_epoch=35 epoch_seconds=4.0 elapsed_minutes=3.2 gpu_alloc_gb=0.079 gpu_reserved_gb=1.010
TASK_DONE repeat=2 scope=internal_fold fold=7 selected_encoder_epoch=27 selected_val_bce=0.627706 elapsed_minutes=3.2
TASK_START repeat=2 scope=internal_fold fold=8 device=cuda:0 train=750 val=120
[SSL] repeat=2 scope=internal_fold fold=8 epoch=1/50 ssl_loss=0.136386 lr=0.000024107 base_val_bce=0.615589 base_best=Y base_cls_epoch=46 epoch_seconds=3.5 elapsed_minutes=0.1 gpu_alloc_gb=0.079 gpu_reserved_gb=1.010
[SSL] repeat=2 scope=internal_fold fold=8 epoch=2/50 ssl_loss=0.126196 lr=0.000038214 base_val_bce=0.619643 base_best=N base_cls_epoch=48 epoch_seconds=3.2 elapsed_minutes=0.1 gpu_alloc_gb=0.079 gpu_reserved_gb=1.010
[SSL] repeat=2 scope=internal_fold fold=8 epoch=3/50 ssl_loss=0.115916 lr=0.000052321 base_val_bce=0.605059 base_best=Y base_cls_epoch=44 epoch_seconds=3.4 elapsed_minutes=0.2 gpu_alloc_gb=0.079 gpu_reserved_gb=1.010
[SSL] repeat=2 scope=internal_fold fold=8 epoch=4/50 ssl_loss=0.114280 lr=0.000066427 base_val_bce=0.618422 base_best=N base_cls_epoch=46 epoch_seconds=3.9 elapsed_minutes=0.2 gpu_alloc_gb=0.079 gpu_reserved_gb=1.010
[SSL] repeat=2 scope=internal_fold fold=8 epoch=5/50 ssl_loss=0.100818 lr=0.000080534 base_val_bce=0.613077 base_best=N base_cls_epoch=44 epoch_seconds=4.0 elapsed_minutes=0.3 gpu_alloc_gb=0.079 gpu_reserved_gb=1.010
[SSL] repeat=2 scope=internal_fold fold=8 epoch=6/50 ssl_loss=0.087829 lr=0.000094641 base_val_bce=0.613384 base_best=N base_cls_epoch=48 epoch_seconds=3.9 elapsed_minutes=0.4 gpu_alloc_gb=0.079 gpu_reserved_gb=1.010
[SSL] repeat=2 scope=internal_fold fold=8 epoch=7/50 ssl_loss=0.094824 lr=0.000108748 base_val_bce=0.602143 base_best=Y base_cls_epoch=48 epoch_seconds=3.9 elapsed_minutes=0.4 gpu_alloc_gb=0.079 gpu_reserved_gb=1.010
[SSL] repeat=2 scope=internal_fold fold=8 epoch=8/50 ssl_loss=0.092215 lr=0.000122855 base_val_bce=0.621918 base_best=N base_cls_epoch=47 epoch_seconds=3.9 elapsed_minutes=0.5 gpu_alloc_gb=0.079 gpu_reserved_gb=1.010
[SSL] repeat=2 scope=internal_fold fold=8 epoch=9/50 ssl_loss=0.077355 lr=0.000136962 base_val_bce=0.610831 base_best=N base_cls_epoch=45 epoch_seconds=3.9 elapsed_minutes=0.6 gpu_alloc_gb=0.079 gpu_reserved_gb=1.010
[SSL] repeat=2 scope=internal_fold fold=8 epoch=10/50 ssl_loss=0.085382 lr=0.000136962 base_val_bce=0.607079 base_best=N base_cls_epoch=48 epoch_seconds=3.9 elapsed_minutes=0.6 gpu_alloc_gb=0.079 gpu_reserved_gb=1.010
[SSL] repeat=2 scope=internal_fold fold=8 epoch=11/50 ssl_loss=0.065198 lr=0.000136751 base_val_bce=0.612209 base_best=N base_cls_epoch=44 epoch_seconds=3.8 elapsed_minutes=0.7 gpu_alloc_gb=0.079 gpu_reserved_gb=1.010
[SSL] repeat=2 scope=internal_fold fold=8 epoch=12/50 ssl_loss=0.070287 lr=0.000136119 base_val_bce=0.596889 base_best=Y base_cls_epoch=45 epoch_seconds=3.8 elapsed_minutes=0.8 gpu_alloc_gb=0.079 gpu_reserved_gb=1.010
[SSL] repeat=2 scope=internal_fold fold=8 epoch=13/50 ssl_loss=0.070435 lr=0.000135070 base_val_bce=0.602367 base_best=N base_cls_epoch=46 epoch_seconds=3.7 elapsed_minutes=0.8 gpu_alloc_gb=0.079 gpu_reserved_gb=1.010
[SSL] repeat=2 scope=internal_fold fold=8 epoch=14/50 ssl_loss=0.055775 lr=0.000133610 base_val_bce=0.602038 base_best=N base_cls_epoch=46 epoch_seconds=3.8 elapsed_minutes=0.9 gpu_alloc_gb=0.079 gpu_reserved_gb=1.010
[SSL] repeat=2 scope=internal_fold fold=8 epoch=15/50 ssl_loss=0.065930 lr=0.000131749 base_val_bce=0.593099 base_best=Y base_cls_epoch=45 epoch_seconds=3.7 elapsed_minutes=0.9 gpu_alloc_gb=0.079 gpu_reserved_gb=1.010
[SSL] repeat=2 scope=internal_fold fold=8 epoch=16/50 ssl_loss=0.056982 lr=0.000129498 base_val_bce=0.589126 base_best=Y base_cls_epoch=45 epoch_seconds=3.8 elapsed_minutes=1.0 gpu_alloc_gb=0.079 gpu_reserved_gb=1.010
[SSL] repeat=2 scope=internal_fold fold=8 epoch=17/50 ssl_loss=0.057572 lr=0.000126870 base_val_bce=0.595264 base_best=N base_cls_epoch=49 epoch_seconds=3.9 elapsed_minutes=1.1 gpu_alloc_gb=0.079 gpu_reserved_gb=1.010
[SSL] repeat=2 scope=internal_fold fold=8 epoch=18/50 ssl_loss=0.058685 lr=0.000123883 base_val_bce=0.589225 base_best=N base_cls_epoch=41 epoch_seconds=3.8 elapsed_minutes=1.1 gpu_alloc_gb=0.079 gpu_reserved_gb=1.010
[SSL] repeat=2 scope=internal_fold fold=8 epoch=19/50 ssl_loss=0.048294 lr=0.000120554 base_val_bce=0.588105 base_best=Y base_cls_epoch=45 epoch_seconds=4.0 elapsed_minutes=1.2 gpu_alloc_gb=0.079 gpu_reserved_gb=1.010
[SSL] repeat=2 scope=internal_fold fold=8 epoch=20/50 ssl_loss=0.066824 lr=0.000116904 base_val_bce=0.603702 base_best=N base_cls_epoch=45 epoch_seconds=3.8 elapsed_minutes=1.3 gpu_alloc_gb=0.079 gpu_reserved_gb=1.010
[SSL] repeat=2 scope=internal_fold fold=8 epoch=21/50 ssl_loss=0.038212 lr=0.000112956 base_val_bce=0.595515 base_best=N base_cls_epoch=48 epoch_seconds=3.7 elapsed_minutes=1.3 gpu_alloc_gb=0.079 gpu_reserved_gb=1.010
[SSL] repeat=2 scope=internal_fold fold=8 epoch=22/50 ssl_loss=0.061094 lr=0.000108733 base_val_bce=0.591646 base_best=N base_cls_epoch=50 epoch_seconds=4.0 elapsed_minutes=1.4 gpu_alloc_gb=0.079 gpu_reserved_gb=1.010
[SSL] repeat=2 scope=internal_fold fold=8 epoch=23/50 ssl_loss=0.042487 lr=0.000104262 base_val_bce=0.582973 base_best=Y base_cls_epoch=48 epoch_seconds=3.8 elapsed_minutes=1.5 gpu_alloc_gb=0.079 gpu_reserved_gb=1.010
[SSL] repeat=2 scope=internal_fold fold=8 epoch=24/50 ssl_loss=0.052062 lr=0.000099570 base_val_bce=0.584472 base_best=N base_cls_epoch=47 epoch_seconds=3.8 elapsed_minutes=1.5 gpu_alloc_gb=0.079 gpu_reserved_gb=1.010
[SSL] repeat=2 scope=internal_fold fold=8 epoch=25/50 ssl_loss=0.043663 lr=0.000094687 base_val_bce=0.582635 base_best=Y base_cls_epoch=47 epoch_seconds=3.8 elapsed_minutes=1.6 gpu_alloc_gb=0.079 gpu_reserved_gb=1.010
[SSL] repeat=2 scope=internal_fold fold=8 epoch=26/50 ssl_loss=0.046190 lr=0.000089643 base_val_bce=0.584683 base_best=N base_cls_epoch=51 epoch_seconds=3.8 elapsed_minutes=1.7 gpu_alloc_gb=0.079 gpu_reserved_gb=1.010
[SSL] repeat=2 scope=internal_fold fold=8 epoch=27/50 ssl_loss=0.054403 lr=0.000084467 base_val_bce=0.588661 base_best=N base_cls_epoch=54 epoch_seconds=3.8 elapsed_minutes=1.7 gpu_alloc_gb=0.079 gpu_reserved_gb=1.010
[SSL] repeat=2 scope=internal_fold fold=8 epoch=28/50 ssl_loss=0.047212 lr=0.000079194 base_val_bce=0.587141 base_best=N base_cls_epoch=55 epoch_seconds=3.8 elapsed_minutes=1.8 gpu_alloc_gb=0.079 gpu_reserved_gb=1.010
[SSL] repeat=2 scope=internal_fold fold=8 epoch=29/50 ssl_loss=0.052274 lr=0.000073854 base_val_bce=0.596403 base_best=N base_cls_epoch=51 epoch_seconds=3.9 elapsed_minutes=1.8 gpu_alloc_gb=0.079 gpu_reserved_gb=1.010
[SSL] repeat=2 scope=internal_fold fold=8 epoch=30/50 ssl_loss=0.047718 lr=0.000068481 base_val_bce=0.588062 base_best=N base_cls_epoch=58 epoch_seconds=3.8 elapsed_minutes=1.9 gpu_alloc_gb=0.079 gpu_reserved_gb=1.010
[SSL] repeat=2 scope=internal_fold fold=8 epoch=31/50 ssl_loss=0.040502 lr=0.000063108 base_val_bce=0.570822 base_best=Y base_cls_epoch=48 epoch_seconds=3.8 elapsed_minutes=2.0 gpu_alloc_gb=0.079 gpu_reserved_gb=1.010
[SSL] repeat=2 scope=internal_fold fold=8 epoch=32/50 ssl_loss=0.047130 lr=0.000057768 base_val_bce=0.580552 base_best=N base_cls_epoch=55 epoch_seconds=3.9 elapsed_minutes=2.0 gpu_alloc_gb=0.079 gpu_reserved_gb=1.010
[SSL] repeat=2 scope=internal_fold fold=8 epoch=33/50 ssl_loss=0.043299 lr=0.000052494 base_val_bce=0.579199 base_best=N base_cls_epoch=54 epoch_seconds=3.7 elapsed_minutes=2.1 gpu_alloc_gb=0.079 gpu_reserved_gb=1.010
[SSL] repeat=2 scope=internal_fold fold=8 epoch=34/50 ssl_loss=0.036929 lr=0.000047319 base_val_bce=0.577556 base_best=N base_cls_epoch=51 epoch_seconds=4.0 elapsed_minutes=2.2 gpu_alloc_gb=0.079 gpu_reserved_gb=1.010
[SSL] repeat=2 scope=internal_fold fold=8 epoch=35/50 ssl_loss=0.042909 lr=0.000042274 base_val_bce=0.581091 base_best=N base_cls_epoch=52 epoch_seconds=3.9 elapsed_minutes=2.2 gpu_alloc_gb=0.079 gpu_reserved_gb=1.010
[SSL] repeat=2 scope=internal_fold fold=8 epoch=36/50 ssl_loss=0.041170 lr=0.000037391 base_val_bce=0.588979 base_best=N base_cls_epoch=54 epoch_seconds=3.9 elapsed_minutes=2.3 gpu_alloc_gb=0.079 gpu_reserved_gb=1.010
[SSL] repeat=2 scope=internal_fold fold=8 epoch=37/50 ssl_loss=0.049629 lr=0.000032700 base_val_bce=0.566918 base_best=Y base_cls_epoch=52 epoch_seconds=3.9 elapsed_minutes=2.4 gpu_alloc_gb=0.079 gpu_reserved_gb=1.010
[SSL] repeat=2 scope=internal_fold fold=8 epoch=38/50 ssl_loss=0.053814 lr=0.000028229 base_val_bce=0.578293 base_best=N base_cls_epoch=58 epoch_seconds=3.9 elapsed_minutes=2.4 gpu_alloc_gb=0.079 gpu_reserved_gb=1.010
[SSL] repeat=2 scope=internal_fold fold=8 epoch=39/50 ssl_loss=0.040389 lr=0.000024006 base_val_bce=0.580974 base_best=N base_cls_epoch=53 epoch_seconds=3.7 elapsed_minutes=2.5 gpu_alloc_gb=0.079 gpu_reserved_gb=1.010
[SSL] repeat=2 scope=internal_fold fold=8 epoch=40/50 ssl_loss=0.041635 lr=0.000020058 base_val_bce=0.585221 base_best=N base_cls_epoch=55 epoch_seconds=3.9 elapsed_minutes=2.6 gpu_alloc_gb=0.079 gpu_reserved_gb=1.010
[SSL] repeat=2 scope=internal_fold fold=8 epoch=41/50 ssl_loss=0.047231 lr=0.000016408 base_val_bce=0.573760 base_best=N base_cls_epoch=51 epoch_seconds=3.7 elapsed_minutes=2.6 gpu_alloc_gb=0.079 gpu_reserved_gb=1.010
[SSL] repeat=2 scope=internal_fold fold=8 epoch=42/50 ssl_loss=0.043279 lr=0.000013079 base_val_bce=0.578783 base_best=N base_cls_epoch=51 epoch_seconds=3.9 elapsed_minutes=2.7 gpu_alloc_gb=0.079 gpu_reserved_gb=1.010
[SSL] repeat=2 scope=internal_fold fold=8 epoch=43/50 ssl_loss=0.037828 lr=0.000010091 base_val_bce=0.586798 base_best=N base_cls_epoch=49 epoch_seconds=3.8 elapsed_minutes=2.8 gpu_alloc_gb=0.079 gpu_reserved_gb=1.010
[SSL] repeat=2 scope=internal_fold fold=8 epoch=44/50 ssl_loss=0.051243 lr=0.000007464 base_val_bce=0.574366 base_best=N base_cls_epoch=46 epoch_seconds=3.8 elapsed_minutes=2.8 gpu_alloc_gb=0.079 gpu_reserved_gb=1.010
[SSL] repeat=2 scope=internal_fold fold=8 epoch=45/50 ssl_loss=0.036212 lr=0.000005213 base_val_bce=0.583103 base_best=N base_cls_epoch=50 epoch_seconds=3.9 elapsed_minutes=2.9 gpu_alloc_gb=0.079 gpu_reserved_gb=1.010
[SSL] repeat=2 scope=internal_fold fold=8 epoch=46/50 ssl_loss=0.040936 lr=0.000003352 base_val_bce=0.573346 base_best=N base_cls_epoch=50 epoch_seconds=3.9 elapsed_minutes=3.0 gpu_alloc_gb=0.079 gpu_reserved_gb=1.010
[SSL] repeat=2 scope=internal_fold fold=8 epoch=47/50 ssl_loss=0.043762 lr=0.000001892 base_val_bce=0.573021 base_best=N base_cls_epoch=52 epoch_seconds=3.9 elapsed_minutes=3.0 gpu_alloc_gb=0.079 gpu_reserved_gb=1.010
[SSL] repeat=2 scope=internal_fold fold=8 epoch=48/50 ssl_loss=0.046177 lr=0.000000843 base_val_bce=0.578902 base_best=N base_cls_epoch=53 epoch_seconds=3.9 elapsed_minutes=3.1 gpu_alloc_gb=0.079 gpu_reserved_gb=1.010
[SSL] repeat=2 scope=internal_fold fold=8 epoch=49/50 ssl_loss=0.047042 lr=0.000000211 base_val_bce=0.578256 base_best=N base_cls_epoch=54 epoch_seconds=4.0 elapsed_minutes=3.1 gpu_alloc_gb=0.079 gpu_reserved_gb=1.010
[SSL] repeat=2 scope=internal_fold fold=8 epoch=50/50 ssl_loss=0.050166 lr=0.000000000 base_val_bce=0.594693 base_best=N base_cls_epoch=53 epoch_seconds=4.0 elapsed_minutes=3.2 gpu_alloc_gb=0.079 gpu_reserved_gb=1.010
TASK_DONE repeat=2 scope=internal_fold fold=8 selected_encoder_epoch=37 selected_val_bce=0.566918 elapsed_minutes=3.2
TASK_START repeat=2 scope=internal_fold fold=9 device=cuda:0 train=750 val=120
[SSL] repeat=2 scope=internal_fold fold=9 epoch=1/50 ssl_loss=0.141537 lr=0.000024107 base_val_bce=0.644540 base_best=Y base_cls_epoch=26 epoch_seconds=3.7 elapsed_minutes=0.1 gpu_alloc_gb=0.079 gpu_reserved_gb=1.010
[SSL] repeat=2 scope=internal_fold fold=9 epoch=2/50 ssl_loss=0.093820 lr=0.000038214 base_val_bce=0.652561 base_best=N base_cls_epoch=33 epoch_seconds=3.4 elapsed_minutes=0.1 gpu_alloc_gb=0.079 gpu_reserved_gb=1.010
[SSL] repeat=2 scope=internal_fold fold=9 epoch=3/50 ssl_loss=0.099642 lr=0.000052321 base_val_bce=0.652352 base_best=N base_cls_epoch=34 epoch_seconds=3.4 elapsed_minutes=0.2 gpu_alloc_gb=0.079 gpu_reserved_gb=1.010
[SSL] repeat=2 scope=internal_fold fold=9 epoch=4/50 ssl_loss=0.086748 lr=0.000066427 base_val_bce=0.643446 base_best=Y base_cls_epoch=33 epoch_seconds=3.8 elapsed_minutes=0.2 gpu_alloc_gb=0.079 gpu_reserved_gb=1.010
[SSL] repeat=2 scope=internal_fold fold=9 epoch=5/50 ssl_loss=0.069335 lr=0.000080534 base_val_bce=0.647932 base_best=N base_cls_epoch=34 epoch_seconds=3.8 elapsed_minutes=0.3 gpu_alloc_gb=0.079 gpu_reserved_gb=1.010
[SSL] repeat=2 scope=internal_fold fold=9 epoch=6/50 ssl_loss=0.089482 lr=0.000094641 base_val_bce=0.641940 base_best=Y base_cls_epoch=32 epoch_seconds=3.8 elapsed_minutes=0.4 gpu_alloc_gb=0.079 gpu_reserved_gb=1.010
[SSL] repeat=2 scope=internal_fold fold=9 epoch=7/50 ssl_loss=0.076558 lr=0.000108748 base_val_bce=0.643909 base_best=N base_cls_epoch=30 epoch_seconds=3.8 elapsed_minutes=0.4 gpu_alloc_gb=0.079 gpu_reserved_gb=1.010
[SSL] repeat=2 scope=internal_fold fold=9 epoch=8/50 ssl_loss=0.057207 lr=0.000122855 base_val_bce=0.635509 base_best=Y base_cls_epoch=34 epoch_seconds=3.8 elapsed_minutes=0.5 gpu_alloc_gb=0.079 gpu_reserved_gb=1.010
[SSL] repeat=2 scope=internal_fold fold=9 epoch=9/50 ssl_loss=0.070393 lr=0.000136962 base_val_bce=0.641024 base_best=N base_cls_epoch=33 epoch_seconds=3.9 elapsed_minutes=0.6 gpu_alloc_gb=0.079 gpu_reserved_gb=1.010
[SSL] repeat=2 scope=internal_fold fold=9 epoch=10/50 ssl_loss=0.058042 lr=0.000136962 base_val_bce=0.633342 base_best=Y base_cls_epoch=30 epoch_seconds=3.9 elapsed_minutes=0.6 gpu_alloc_gb=0.079 gpu_reserved_gb=1.010
[SSL] repeat=2 scope=internal_fold fold=9 epoch=11/50 ssl_loss=0.054264 lr=0.000136751 base_val_bce=0.634580 base_best=N base_cls_epoch=30 epoch_seconds=3.7 elapsed_minutes=0.7 gpu_alloc_gb=0.079 gpu_reserved_gb=1.010
[SSL] repeat=2 scope=internal_fold fold=9 epoch=12/50 ssl_loss=0.064291 lr=0.000136119 base_val_bce=0.640728 base_best=N base_cls_epoch=31 epoch_seconds=3.8 elapsed_minutes=0.8 gpu_alloc_gb=0.079 gpu_reserved_gb=1.010
[SSL] repeat=2 scope=internal_fold fold=9 epoch=13/50 ssl_loss=0.049676 lr=0.000135070 base_val_bce=0.624780 base_best=Y base_cls_epoch=33 epoch_seconds=3.8 elapsed_minutes=0.8 gpu_alloc_gb=0.079 gpu_reserved_gb=1.010
[SSL] repeat=2 scope=internal_fold fold=9 epoch=14/50 ssl_loss=0.057117 lr=0.000133610 base_val_bce=0.647939 base_best=N base_cls_epoch=33 epoch_seconds=3.8 elapsed_minutes=0.9 gpu_alloc_gb=0.079 gpu_reserved_gb=1.010
[SSL] repeat=2 scope=internal_fold fold=9 epoch=15/50 ssl_loss=0.042941 lr=0.000131749 base_val_bce=0.639825 base_best=N base_cls_epoch=32 epoch_seconds=3.8 elapsed_minutes=0.9 gpu_alloc_gb=0.079 gpu_reserved_gb=1.010
[SSL] repeat=2 scope=internal_fold fold=9 epoch=16/50 ssl_loss=0.051720 lr=0.000129498 base_val_bce=0.641585 base_best=N base_cls_epoch=32 epoch_seconds=3.9 elapsed_minutes=1.0 gpu_alloc_gb=0.079 gpu_reserved_gb=1.010
[SSL] repeat=2 scope=internal_fold fold=9 epoch=17/50 ssl_loss=0.044704 lr=0.000126870 base_val_bce=0.652251 base_best=N base_cls_epoch=31 epoch_seconds=4.0 elapsed_minutes=1.1 gpu_alloc_gb=0.079 gpu_reserved_gb=1.010
[SSL] repeat=2 scope=internal_fold fold=9 epoch=18/50 ssl_loss=0.047639 lr=0.000123883 base_val_bce=0.639761 base_best=N base_cls_epoch=33 epoch_seconds=3.8 elapsed_minutes=1.1 gpu_alloc_gb=0.079 gpu_reserved_gb=1.010
[SSL] repeat=2 scope=internal_fold fold=9 epoch=19/50 ssl_loss=0.052762 lr=0.000120554 base_val_bce=0.645080 base_best=N base_cls_epoch=31 epoch_seconds=3.9 elapsed_minutes=1.2 gpu_alloc_gb=0.079 gpu_reserved_gb=1.010
[SSL] repeat=2 scope=internal_fold fold=9 epoch=20/50 ssl_loss=0.048778 lr=0.000116904 base_val_bce=0.631140 base_best=N base_cls_epoch=29 epoch_seconds=3.9 elapsed_minutes=1.3 gpu_alloc_gb=0.079 gpu_reserved_gb=1.010
[SSL] repeat=2 scope=internal_fold fold=9 epoch=21/50 ssl_loss=0.041866 lr=0.000112956 base_val_bce=0.644132 base_best=N base_cls_epoch=32 epoch_seconds=3.7 elapsed_minutes=1.3 gpu_alloc_gb=0.079 gpu_reserved_gb=1.010
[SSL] repeat=2 scope=internal_fold fold=9 epoch=22/50 ssl_loss=0.045484 lr=0.000108733 base_val_bce=0.640697 base_best=N base_cls_epoch=32 epoch_seconds=3.9 elapsed_minutes=1.4 gpu_alloc_gb=0.079 gpu_reserved_gb=1.010
[SSL] repeat=2 scope=internal_fold fold=9 epoch=23/50 ssl_loss=0.044362 lr=0.000104262 base_val_bce=0.646186 base_best=N base_cls_epoch=33 epoch_seconds=3.8 elapsed_minutes=1.5 gpu_alloc_gb=0.079 gpu_reserved_gb=1.010
[SSL] repeat=2 scope=internal_fold fold=9 epoch=24/50 ssl_loss=0.040418 lr=0.000099570 base_val_bce=0.636049 base_best=N base_cls_epoch=30 epoch_seconds=4.0 elapsed_minutes=1.5 gpu_alloc_gb=0.079 gpu_reserved_gb=1.010
[SSL] repeat=2 scope=internal_fold fold=9 epoch=25/50 ssl_loss=0.044054 lr=0.000094687 base_val_bce=0.631591 base_best=N base_cls_epoch=31 epoch_seconds=3.8 elapsed_minutes=1.6 gpu_alloc_gb=0.079 gpu_reserved_gb=1.010
[SSL] repeat=2 scope=internal_fold fold=9 epoch=26/50 ssl_loss=0.045993 lr=0.000089643 base_val_bce=0.641563 base_best=N base_cls_epoch=31 epoch_seconds=3.8 elapsed_minutes=1.7 gpu_alloc_gb=0.079 gpu_reserved_gb=1.010
[SSL] repeat=2 scope=internal_fold fold=9 epoch=27/50 ssl_loss=0.043809 lr=0.000084467 base_val_bce=0.637825 base_best=N base_cls_epoch=31 epoch_seconds=3.8 elapsed_minutes=1.7 gpu_alloc_gb=0.079 gpu_reserved_gb=1.010
[SSL] repeat=2 scope=internal_fold fold=9 epoch=28/50 ssl_loss=0.041983 lr=0.000079194 base_val_bce=0.639295 base_best=N base_cls_epoch=29 epoch_seconds=3.9 elapsed_minutes=1.8 gpu_alloc_gb=0.079 gpu_reserved_gb=1.010
[SSL] repeat=2 scope=internal_fold fold=9 epoch=29/50 ssl_loss=0.039501 lr=0.000073854 base_val_bce=0.647959 base_best=N base_cls_epoch=29 epoch_seconds=3.8 elapsed_minutes=1.9 gpu_alloc_gb=0.079 gpu_reserved_gb=1.010
[SSL] repeat=2 scope=internal_fold fold=9 epoch=30/50 ssl_loss=0.039254 lr=0.000068481 base_val_bce=0.646556 base_best=N base_cls_epoch=31 epoch_seconds=3.8 elapsed_minutes=1.9 gpu_alloc_gb=0.079 gpu_reserved_gb=1.010
[SSL] repeat=2 scope=internal_fold fold=9 epoch=31/50 ssl_loss=0.050368 lr=0.000063108 base_val_bce=0.645831 base_best=N base_cls_epoch=29 epoch_seconds=3.7 elapsed_minutes=2.0 gpu_alloc_gb=0.079 gpu_reserved_gb=1.010
[SSL] repeat=2 scope=internal_fold fold=9 epoch=32/50 ssl_loss=0.044626 lr=0.000057768 base_val_bce=0.634200 base_best=N base_cls_epoch=31 epoch_seconds=3.8 elapsed_minutes=2.0 gpu_alloc_gb=0.079 gpu_reserved_gb=1.010
[SSL] repeat=2 scope=internal_fold fold=9 epoch=33/50 ssl_loss=0.040514 lr=0.000052494 base_val_bce=0.649081 base_best=N base_cls_epoch=32 epoch_seconds=3.8 elapsed_minutes=2.1 gpu_alloc_gb=0.079 gpu_reserved_gb=1.010
[SSL] repeat=2 scope=internal_fold fold=9 epoch=34/50 ssl_loss=0.042536 lr=0.000047319 base_val_bce=0.639323 base_best=N base_cls_epoch=29 epoch_seconds=3.8 elapsed_minutes=2.2 gpu_alloc_gb=0.079 gpu_reserved_gb=1.010
[SSL] repeat=2 scope=internal_fold fold=9 epoch=35/50 ssl_loss=0.041917 lr=0.000042274 base_val_bce=0.648642 base_best=N base_cls_epoch=31 epoch_seconds=3.9 elapsed_minutes=2.2 gpu_alloc_gb=0.079 gpu_reserved_gb=1.010
[SSL] repeat=2 scope=internal_fold fold=9 epoch=36/50 ssl_loss=0.027758 lr=0.000037391 base_val_bce=0.643077 base_best=N base_cls_epoch=28 epoch_seconds=3.9 elapsed_minutes=2.3 gpu_alloc_gb=0.079 gpu_reserved_gb=1.010
[SSL] repeat=2 scope=internal_fold fold=9 epoch=37/50 ssl_loss=0.038371 lr=0.000032700 base_val_bce=0.650969 base_best=N base_cls_epoch=30 epoch_seconds=3.9 elapsed_minutes=2.4 gpu_alloc_gb=0.079 gpu_reserved_gb=1.010
[SSL] repeat=2 scope=internal_fold fold=9 epoch=38/50 ssl_loss=0.033888 lr=0.000028229 base_val_bce=0.636676 base_best=N base_cls_epoch=30 epoch_seconds=3.9 elapsed_minutes=2.4 gpu_alloc_gb=0.079 gpu_reserved_gb=1.010
[SSL] repeat=2 scope=internal_fold fold=9 epoch=39/50 ssl_loss=0.048099 lr=0.000024006 base_val_bce=0.640501 base_best=N base_cls_epoch=28 epoch_seconds=3.9 elapsed_minutes=2.5 gpu_alloc_gb=0.079 gpu_reserved_gb=1.010
[SSL] repeat=2 scope=internal_fold fold=9 epoch=40/50 ssl_loss=0.038392 lr=0.000020058 base_val_bce=0.643766 base_best=N base_cls_epoch=31 epoch_seconds=3.9 elapsed_minutes=2.6 gpu_alloc_gb=0.079 gpu_reserved_gb=1.010
[SSL] repeat=2 scope=internal_fold fold=9 epoch=41/50 ssl_loss=0.032485 lr=0.000016408 base_val_bce=0.637128 base_best=N base_cls_epoch=29 epoch_seconds=3.8 elapsed_minutes=2.6 gpu_alloc_gb=0.079 gpu_reserved_gb=1.010
[SSL] repeat=2 scope=internal_fold fold=9 epoch=42/50 ssl_loss=0.031772 lr=0.000013079 base_val_bce=0.646021 base_best=N base_cls_epoch=32 epoch_seconds=3.8 elapsed_minutes=2.7 gpu_alloc_gb=0.079 gpu_reserved_gb=1.010
[SSL] repeat=2 scope=internal_fold fold=9 epoch=43/50 ssl_loss=0.037453 lr=0.000010091 base_val_bce=0.647173 base_best=N base_cls_epoch=29 epoch_seconds=3.8 elapsed_minutes=2.8 gpu_alloc_gb=0.079 gpu_reserved_gb=1.010
[SSL] repeat=2 scope=internal_fold fold=9 epoch=44/50 ssl_loss=0.034672 lr=0.000007464 base_val_bce=0.647270 base_best=N base_cls_epoch=32 epoch_seconds=3.8 elapsed_minutes=2.8 gpu_alloc_gb=0.079 gpu_reserved_gb=1.010
[SSL] repeat=2 scope=internal_fold fold=9 epoch=45/50 ssl_loss=0.038606 lr=0.000005213 base_val_bce=0.641325 base_best=N base_cls_epoch=31 epoch_seconds=3.8 elapsed_minutes=2.9 gpu_alloc_gb=0.079 gpu_reserved_gb=1.010
[SSL] repeat=2 scope=internal_fold fold=9 epoch=46/50 ssl_loss=0.047940 lr=0.000003352 base_val_bce=0.641387 base_best=N base_cls_epoch=29 epoch_seconds=3.9 elapsed_minutes=3.0 gpu_alloc_gb=0.079 gpu_reserved_gb=1.010
[SSL] repeat=2 scope=internal_fold fold=9 epoch=47/50 ssl_loss=0.033279 lr=0.000001892 base_val_bce=0.641344 base_best=N base_cls_epoch=32 epoch_seconds=3.8 elapsed_minutes=3.0 gpu_alloc_gb=0.079 gpu_reserved_gb=1.010
[SSL] repeat=2 scope=internal_fold fold=9 epoch=48/50 ssl_loss=0.034980 lr=0.000000843 base_val_bce=0.641600 base_best=N base_cls_epoch=31 epoch_seconds=3.9 elapsed_minutes=3.1 gpu_alloc_gb=0.079 gpu_reserved_gb=1.010
[SSL] repeat=2 scope=internal_fold fold=9 epoch=49/50 ssl_loss=0.030925 lr=0.000000211 base_val_bce=0.643156 base_best=N base_cls_epoch=29 epoch_seconds=4.0 elapsed_minutes=3.1 gpu_alloc_gb=0.079 gpu_reserved_gb=1.010
[SSL] repeat=2 scope=internal_fold fold=9 epoch=50/50 ssl_loss=0.041715 lr=0.000000000 base_val_bce=0.644724 base_best=N base_cls_epoch=30 epoch_seconds=3.8 elapsed_minutes=3.2 gpu_alloc_gb=0.079 gpu_reserved_gb=1.010
TASK_DONE repeat=2 scope=internal_fold fold=9 selected_encoder_epoch=13 selected_val_bce=0.624780 elapsed_minutes=3.2
TASK_START repeat=2 scope=external fold=external device=cuda:0 train=869 val=89
[SSL] repeat=2 scope=external fold=external epoch=1/50 ssl_loss=0.125486 lr=0.000024107 base_val_bce=0.512925 base_best=Y base_cls_epoch=100 epoch_seconds=4.0 elapsed_minutes=0.1 gpu_alloc_gb=0.079 gpu_reserved_gb=1.244
[SSL] repeat=2 scope=external fold=external epoch=2/50 ssl_loss=0.107530 lr=0.000038214 base_val_bce=0.516009 base_best=N base_cls_epoch=73 epoch_seconds=3.9 elapsed_minutes=0.1 gpu_alloc_gb=0.079 gpu_reserved_gb=1.244
[SSL] repeat=2 scope=external fold=external epoch=3/50 ssl_loss=0.108700 lr=0.000052321 base_val_bce=0.521062 base_best=N base_cls_epoch=100 epoch_seconds=4.0 elapsed_minutes=0.2 gpu_alloc_gb=0.079 gpu_reserved_gb=1.244
[SSL] repeat=2 scope=external fold=external epoch=4/50 ssl_loss=0.078531 lr=0.000066427 base_val_bce=0.513444 base_best=N base_cls_epoch=92 epoch_seconds=4.4 elapsed_minutes=0.3 gpu_alloc_gb=0.079 gpu_reserved_gb=1.244
[SSL] repeat=2 scope=external fold=external epoch=5/50 ssl_loss=0.083569 lr=0.000080534 base_val_bce=0.506212 base_best=Y base_cls_epoch=82 epoch_seconds=4.3 elapsed_minutes=0.3 gpu_alloc_gb=0.079 gpu_reserved_gb=1.244
[SSL] repeat=2 scope=external fold=external epoch=6/50 ssl_loss=0.088356 lr=0.000094641 base_val_bce=0.522608 base_best=N base_cls_epoch=87 epoch_seconds=4.3 elapsed_minutes=0.4 gpu_alloc_gb=0.079 gpu_reserved_gb=1.244
[SSL] repeat=2 scope=external fold=external epoch=7/50 ssl_loss=0.073348 lr=0.000108748 base_val_bce=0.519952 base_best=N base_cls_epoch=109 epoch_seconds=4.4 elapsed_minutes=0.5 gpu_alloc_gb=0.079 gpu_reserved_gb=1.244
[SSL] repeat=2 scope=external fold=external epoch=8/50 ssl_loss=0.063342 lr=0.000122855 base_val_bce=0.523548 base_best=N base_cls_epoch=97 epoch_seconds=4.3 elapsed_minutes=0.6 gpu_alloc_gb=0.079 gpu_reserved_gb=1.244
[SSL] repeat=2 scope=external fold=external epoch=9/50 ssl_loss=0.060457 lr=0.000136962 base_val_bce=0.510988 base_best=N base_cls_epoch=111 epoch_seconds=4.3 elapsed_minutes=0.6 gpu_alloc_gb=0.079 gpu_reserved_gb=1.244
[SSL] repeat=2 scope=external fold=external epoch=10/50 ssl_loss=0.062134 lr=0.000136962 base_val_bce=0.503148 base_best=Y base_cls_epoch=105 epoch_seconds=4.3 elapsed_minutes=0.7 gpu_alloc_gb=0.079 gpu_reserved_gb=1.244
[SSL] repeat=2 scope=external fold=external epoch=11/50 ssl_loss=0.067407 lr=0.000136751 base_val_bce=0.500621 base_best=Y base_cls_epoch=121 epoch_seconds=4.0 elapsed_minutes=0.8 gpu_alloc_gb=0.079 gpu_reserved_gb=1.244
[SSL] repeat=2 scope=external fold=external epoch=12/50 ssl_loss=0.049032 lr=0.000136119 base_val_bce=0.487504 base_best=Y base_cls_epoch=116 epoch_seconds=4.4 elapsed_minutes=0.9 gpu_alloc_gb=0.079 gpu_reserved_gb=1.244
[SSL] repeat=2 scope=external fold=external epoch=13/50 ssl_loss=0.052525 lr=0.000135070 base_val_bce=0.494095 base_best=N base_cls_epoch=130 epoch_seconds=4.3 elapsed_minutes=0.9 gpu_alloc_gb=0.079 gpu_reserved_gb=1.244
[SSL] repeat=2 scope=external fold=external epoch=14/50 ssl_loss=0.050028 lr=0.000133610 base_val_bce=0.486322 base_best=Y base_cls_epoch=139 epoch_seconds=4.3 elapsed_minutes=1.0 gpu_alloc_gb=0.079 gpu_reserved_gb=1.244
[SSL] repeat=2 scope=external fold=external epoch=15/50 ssl_loss=0.056601 lr=0.000131749 base_val_bce=0.469989 base_best=Y base_cls_epoch=139 epoch_seconds=4.4 elapsed_minutes=1.1 gpu_alloc_gb=0.079 gpu_reserved_gb=1.244
[SSL] repeat=2 scope=external fold=external epoch=16/50 ssl_loss=0.053777 lr=0.000129498 base_val_bce=0.483189 base_best=N base_cls_epoch=141 epoch_seconds=4.6 elapsed_minutes=1.2 gpu_alloc_gb=0.079 gpu_reserved_gb=1.244
[SSL] repeat=2 scope=external fold=external epoch=17/50 ssl_loss=0.051552 lr=0.000126870 base_val_bce=0.469756 base_best=Y base_cls_epoch=140 epoch_seconds=4.4 elapsed_minutes=1.2 gpu_alloc_gb=0.079 gpu_reserved_gb=1.244
[SSL] repeat=2 scope=external fold=external epoch=18/50 ssl_loss=0.041051 lr=0.000123883 base_val_bce=0.477615 base_best=N base_cls_epoch=141 epoch_seconds=4.5 elapsed_minutes=1.3 gpu_alloc_gb=0.079 gpu_reserved_gb=1.244
[SSL] repeat=2 scope=external fold=external epoch=19/50 ssl_loss=0.043505 lr=0.000120554 base_val_bce=0.483573 base_best=N base_cls_epoch=146 epoch_seconds=4.4 elapsed_minutes=1.4 gpu_alloc_gb=0.079 gpu_reserved_gb=1.244
[SSL] repeat=2 scope=external fold=external epoch=20/50 ssl_loss=0.054480 lr=0.000116904 base_val_bce=0.476414 base_best=N base_cls_epoch=138 epoch_seconds=4.4 elapsed_minutes=1.4 gpu_alloc_gb=0.079 gpu_reserved_gb=1.244
[SSL] repeat=2 scope=external fold=external epoch=21/50 ssl_loss=0.053233 lr=0.000112956 base_val_bce=0.467503 base_best=Y base_cls_epoch=149 epoch_seconds=4.2 elapsed_minutes=1.5 gpu_alloc_gb=0.079 gpu_reserved_gb=1.244
[SSL] repeat=2 scope=external fold=external epoch=22/50 ssl_loss=0.042302 lr=0.000108733 base_val_bce=0.464784 base_best=Y base_cls_epoch=149 epoch_seconds=4.5 elapsed_minutes=1.6 gpu_alloc_gb=0.079 gpu_reserved_gb=1.244
[SSL] repeat=2 scope=external fold=external epoch=23/50 ssl_loss=0.041807 lr=0.000104262 base_val_bce=0.464264 base_best=Y base_cls_epoch=149 epoch_seconds=4.4 elapsed_minutes=1.7 gpu_alloc_gb=0.079 gpu_reserved_gb=1.244
[SSL] repeat=2 scope=external fold=external epoch=24/50 ssl_loss=0.044755 lr=0.000099570 base_val_bce=0.473899 base_best=N base_cls_epoch=144 epoch_seconds=4.4 elapsed_minutes=1.8 gpu_alloc_gb=0.079 gpu_reserved_gb=1.244
[SSL] repeat=2 scope=external fold=external epoch=25/50 ssl_loss=0.041270 lr=0.000094687 base_val_bce=0.464392 base_best=N base_cls_epoch=149 epoch_seconds=4.3 elapsed_minutes=1.8 gpu_alloc_gb=0.079 gpu_reserved_gb=1.244
[SSL] repeat=2 scope=external fold=external epoch=26/50 ssl_loss=0.036906 lr=0.000089643 base_val_bce=0.471591 base_best=N base_cls_epoch=149 epoch_seconds=4.4 elapsed_minutes=1.9 gpu_alloc_gb=0.079 gpu_reserved_gb=1.244
[SSL] repeat=2 scope=external fold=external epoch=27/50 ssl_loss=0.040942 lr=0.000084467 base_val_bce=0.482553 base_best=N base_cls_epoch=149 epoch_seconds=4.4 elapsed_minutes=2.0 gpu_alloc_gb=0.079 gpu_reserved_gb=1.244
[SSL] repeat=2 scope=external fold=external epoch=28/50 ssl_loss=0.044969 lr=0.000079194 base_val_bce=0.476221 base_best=N base_cls_epoch=149 epoch_seconds=4.4 elapsed_minutes=2.0 gpu_alloc_gb=0.079 gpu_reserved_gb=1.244
[SSL] repeat=2 scope=external fold=external epoch=29/50 ssl_loss=0.039395 lr=0.000073854 base_val_bce=0.480226 base_best=N base_cls_epoch=149 epoch_seconds=4.4 elapsed_minutes=2.1 gpu_alloc_gb=0.079 gpu_reserved_gb=1.244
[SSL] repeat=2 scope=external fold=external epoch=30/50 ssl_loss=0.041487 lr=0.000068481 base_val_bce=0.466918 base_best=N base_cls_epoch=149 epoch_seconds=4.4 elapsed_minutes=2.2 gpu_alloc_gb=0.079 gpu_reserved_gb=1.244
[SSL] repeat=2 scope=external fold=external epoch=31/50 ssl_loss=0.039509 lr=0.000063108 base_val_bce=0.466173 base_best=N base_cls_epoch=149 epoch_seconds=4.1 elapsed_minutes=2.3 gpu_alloc_gb=0.079 gpu_reserved_gb=1.244
[SSL] repeat=2 scope=external fold=external epoch=32/50 ssl_loss=0.039173 lr=0.000057768 base_val_bce=0.471193 base_best=N base_cls_epoch=144 epoch_seconds=4.5 elapsed_minutes=2.3 gpu_alloc_gb=0.079 gpu_reserved_gb=1.244
[SSL] repeat=2 scope=external fold=external epoch=33/50 ssl_loss=0.043339 lr=0.000052494 base_val_bce=0.466694 base_best=N base_cls_epoch=149 epoch_seconds=4.4 elapsed_minutes=2.4 gpu_alloc_gb=0.079 gpu_reserved_gb=1.244
[SSL] repeat=2 scope=external fold=external epoch=34/50 ssl_loss=0.041432 lr=0.000047319 base_val_bce=0.463490 base_best=Y base_cls_epoch=149 epoch_seconds=4.2 elapsed_minutes=2.5 gpu_alloc_gb=0.079 gpu_reserved_gb=1.244
[SSL] repeat=2 scope=external fold=external epoch=35/50 ssl_loss=0.041546 lr=0.000042274 base_val_bce=0.467357 base_best=N base_cls_epoch=149 epoch_seconds=4.5 elapsed_minutes=2.6 gpu_alloc_gb=0.079 gpu_reserved_gb=1.244
[SSL] repeat=2 scope=external fold=external epoch=36/50 ssl_loss=0.048337 lr=0.000037391 base_val_bce=0.474153 base_best=N base_cls_epoch=149 epoch_seconds=4.5 elapsed_minutes=2.7 gpu_alloc_gb=0.079 gpu_reserved_gb=1.244
[SSL] repeat=2 scope=external fold=external epoch=37/50 ssl_loss=0.034979 lr=0.000032700 base_val_bce=0.469996 base_best=N base_cls_epoch=149 epoch_seconds=4.4 elapsed_minutes=2.7 gpu_alloc_gb=0.079 gpu_reserved_gb=1.244
[SSL] repeat=2 scope=external fold=external epoch=38/50 ssl_loss=0.046256 lr=0.000028229 base_val_bce=0.461692 base_best=Y base_cls_epoch=149 epoch_seconds=4.4 elapsed_minutes=2.8 gpu_alloc_gb=0.079 gpu_reserved_gb=1.244
[SSL] repeat=2 scope=external fold=external epoch=39/50 ssl_loss=0.035187 lr=0.000024006 base_val_bce=0.466649 base_best=N base_cls_epoch=149 epoch_seconds=4.4 elapsed_minutes=2.9 gpu_alloc_gb=0.079 gpu_reserved_gb=1.244
[SSL] repeat=2 scope=external fold=external epoch=40/50 ssl_loss=0.041760 lr=0.000020058 base_val_bce=0.469030 base_best=N base_cls_epoch=148 epoch_seconds=4.5 elapsed_minutes=2.9 gpu_alloc_gb=0.079 gpu_reserved_gb=1.244
[SSL] repeat=2 scope=external fold=external epoch=41/50 ssl_loss=0.049162 lr=0.000016408 base_val_bce=0.470660 base_best=N base_cls_epoch=149 epoch_seconds=3.9 elapsed_minutes=3.0 gpu_alloc_gb=0.079 gpu_reserved_gb=1.244
[SSL] repeat=2 scope=external fold=external epoch=42/50 ssl_loss=0.040371 lr=0.000013079 base_val_bce=0.469320 base_best=N base_cls_epoch=149 epoch_seconds=4.6 elapsed_minutes=3.1 gpu_alloc_gb=0.079 gpu_reserved_gb=1.244
[SSL] repeat=2 scope=external fold=external epoch=43/50 ssl_loss=0.036099 lr=0.000010091 base_val_bce=0.481406 base_best=N base_cls_epoch=149 epoch_seconds=4.2 elapsed_minutes=3.2 gpu_alloc_gb=0.079 gpu_reserved_gb=1.244
[SSL] repeat=2 scope=external fold=external epoch=44/50 ssl_loss=0.039539 lr=0.000007464 base_val_bce=0.471795 base_best=N base_cls_epoch=149 epoch_seconds=4.3 elapsed_minutes=3.2 gpu_alloc_gb=0.079 gpu_reserved_gb=1.244
[SSL] repeat=2 scope=external fold=external epoch=45/50 ssl_loss=0.039441 lr=0.000005213 base_val_bce=0.471773 base_best=N base_cls_epoch=149 epoch_seconds=4.5 elapsed_minutes=3.3 gpu_alloc_gb=0.079 gpu_reserved_gb=1.244
[SSL] repeat=2 scope=external fold=external epoch=46/50 ssl_loss=0.040119 lr=0.000003352 base_val_bce=0.466552 base_best=N base_cls_epoch=149 epoch_seconds=4.6 elapsed_minutes=3.4 gpu_alloc_gb=0.079 gpu_reserved_gb=1.244
[SSL] repeat=2 scope=external fold=external epoch=47/50 ssl_loss=0.035660 lr=0.000001892 base_val_bce=0.466448 base_best=N base_cls_epoch=149 epoch_seconds=4.5 elapsed_minutes=3.5 gpu_alloc_gb=0.079 gpu_reserved_gb=1.244
[SSL] repeat=2 scope=external fold=external epoch=48/50 ssl_loss=0.045071 lr=0.000000843 base_val_bce=0.464863 base_best=N base_cls_epoch=149 epoch_seconds=4.5 elapsed_minutes=3.5 gpu_alloc_gb=0.079 gpu_reserved_gb=1.244
[SSL] repeat=2 scope=external fold=external epoch=49/50 ssl_loss=0.047000 lr=0.000000211 base_val_bce=0.470242 base_best=N base_cls_epoch=149 epoch_seconds=4.6 elapsed_minutes=3.6 gpu_alloc_gb=0.079 gpu_reserved_gb=1.244
[SSL] repeat=2 scope=external fold=external epoch=50/50 ssl_loss=0.038658 lr=0.000000000 base_val_bce=0.482801 base_best=N base_cls_epoch=146 epoch_seconds=4.6 elapsed_minutes=3.7 gpu_alloc_gb=0.079 gpu_reserved_gb=1.244
TASK_DONE repeat=2 scope=external fold=external selected_encoder_epoch=38 selected_val_bce=0.461692 elapsed_minutes=3.7
REPEAT_DONE repeat=2 status=PASS rows=48 trajectory_rows=27
