REPEAT_START repeat=7 device=cuda:1 tasks=11 internal_folds=10 external_trajectory=Y
TASK_START repeat=7 scope=internal_fold fold=0 device=cuda:1 train=750 val=119
/usr/local/lib/python3.12/site-packages/torch/autograd/graph.py:841: UserWarning: Memory Efficient attention defaults to a non-deterministic algorithm. To explicitly enable determinism call torch.use_deterministic_algorithms(True, warn_only=False). (Triggered internally at /job_4065109/source/pytorch/aten/src/ATen/native/transformers/cuda/ppu/xformers/xformers/csrc/attention/cuda/fmha/attention_backward_generic.cu:487.)
  return Variable._execution_engine.run_backward(  # Calls into the C++ engine to run the backward pass
/usr/local/lib/python3.12/site-packages/torch/nn/modules/transformer.py:515: UserWarning: The PyTorch API of nested tensors is in prototype stage and will change in the near future. We recommend specifying layout=torch.jagged when constructing a nested tensor, as this layout receives active development, has better operator coverage, and works with torch.compile. (Triggered internally at ../aten/src/ATen/NestedTensorImpl.cpp:178.)
  output = torch._nested_tensor_from_mask(
[SSL] repeat=7 scope=internal_fold fold=0 epoch=1/50 ssl_loss=0.486326 lr=0.000024107 base_val_bce=0.648748 base_best=Y base_cls_epoch=31 epoch_seconds=7.2 elapsed_minutes=0.2 gpu_alloc_gb=0.080 gpu_reserved_gb=1.059
[SSL] repeat=7 scope=internal_fold fold=0 epoch=2/50 ssl_loss=0.211648 lr=0.000038214 base_val_bce=0.657981 base_best=N base_cls_epoch=21 epoch_seconds=3.9 elapsed_minutes=0.2 gpu_alloc_gb=0.080 gpu_reserved_gb=1.059
[SSL] repeat=7 scope=internal_fold fold=0 epoch=3/50 ssl_loss=0.105394 lr=0.000052321 base_val_bce=0.654103 base_best=N base_cls_epoch=14 epoch_seconds=3.9 elapsed_minutes=0.3 gpu_alloc_gb=0.080 gpu_reserved_gb=1.059
[SSL] repeat=7 scope=internal_fold fold=0 epoch=4/50 ssl_loss=0.100306 lr=0.000066427 base_val_bce=0.659277 base_best=N base_cls_epoch=17 epoch_seconds=4.0 elapsed_minutes=0.4 gpu_alloc_gb=0.080 gpu_reserved_gb=1.059
[SSL] repeat=7 scope=internal_fold fold=0 epoch=5/50 ssl_loss=0.073015 lr=0.000080534 base_val_bce=0.644332 base_best=Y base_cls_epoch=14 epoch_seconds=3.9 elapsed_minutes=0.4 gpu_alloc_gb=0.080 gpu_reserved_gb=1.059
[SSL] repeat=7 scope=internal_fold fold=0 epoch=6/50 ssl_loss=0.075856 lr=0.000094641 base_val_bce=0.650686 base_best=N base_cls_epoch=23 epoch_seconds=3.8 elapsed_minutes=0.5 gpu_alloc_gb=0.080 gpu_reserved_gb=1.059
[SSL] repeat=7 scope=internal_fold fold=0 epoch=7/50 ssl_loss=0.068747 lr=0.000108748 base_val_bce=0.646288 base_best=N base_cls_epoch=19 epoch_seconds=3.9 elapsed_minutes=0.5 gpu_alloc_gb=0.080 gpu_reserved_gb=1.059
[SSL] repeat=7 scope=internal_fold fold=0 epoch=8/50 ssl_loss=0.078235 lr=0.000122855 base_val_bce=0.644253 base_best=Y base_cls_epoch=23 epoch_seconds=3.9 elapsed_minutes=0.6 gpu_alloc_gb=0.080 gpu_reserved_gb=1.059
[SSL] repeat=7 scope=internal_fold fold=0 epoch=9/50 ssl_loss=0.059082 lr=0.000136962 base_val_bce=0.643633 base_best=Y base_cls_epoch=19 epoch_seconds=3.9 elapsed_minutes=0.7 gpu_alloc_gb=0.080 gpu_reserved_gb=1.059
[SSL] repeat=7 scope=internal_fold fold=0 epoch=10/50 ssl_loss=0.066345 lr=0.000136962 base_val_bce=0.630489 base_best=Y base_cls_epoch=22 epoch_seconds=3.6 elapsed_minutes=0.7 gpu_alloc_gb=0.080 gpu_reserved_gb=1.059
[SSL] repeat=7 scope=internal_fold fold=0 epoch=11/50 ssl_loss=0.065282 lr=0.000136751 base_val_bce=0.635067 base_best=N base_cls_epoch=27 epoch_seconds=3.8 elapsed_minutes=0.8 gpu_alloc_gb=0.080 gpu_reserved_gb=1.059
[SSL] repeat=7 scope=internal_fold fold=0 epoch=12/50 ssl_loss=0.052160 lr=0.000136119 base_val_bce=0.624422 base_best=Y base_cls_epoch=24 epoch_seconds=3.8 elapsed_minutes=0.9 gpu_alloc_gb=0.080 gpu_reserved_gb=1.059
[SSL] repeat=7 scope=internal_fold fold=0 epoch=13/50 ssl_loss=0.066784 lr=0.000135070 base_val_bce=0.633224 base_best=N base_cls_epoch=25 epoch_seconds=3.8 elapsed_minutes=0.9 gpu_alloc_gb=0.080 gpu_reserved_gb=1.059
[SSL] repeat=7 scope=internal_fold fold=0 epoch=14/50 ssl_loss=0.056126 lr=0.000133610 base_val_bce=0.643495 base_best=N base_cls_epoch=32 epoch_seconds=3.9 elapsed_minutes=1.0 gpu_alloc_gb=0.080 gpu_reserved_gb=1.059
[SSL] repeat=7 scope=internal_fold fold=0 epoch=15/50 ssl_loss=0.047445 lr=0.000131749 base_val_bce=0.628087 base_best=N base_cls_epoch=34 epoch_seconds=3.9 elapsed_minutes=1.1 gpu_alloc_gb=0.080 gpu_reserved_gb=1.059
[SSL] repeat=7 scope=internal_fold fold=0 epoch=16/50 ssl_loss=0.059645 lr=0.000129498 base_val_bce=0.627025 base_best=N base_cls_epoch=34 epoch_seconds=3.9 elapsed_minutes=1.1 gpu_alloc_gb=0.080 gpu_reserved_gb=1.059
[SSL] repeat=7 scope=internal_fold fold=0 epoch=17/50 ssl_loss=0.051866 lr=0.000126870 base_val_bce=0.637463 base_best=N base_cls_epoch=29 epoch_seconds=3.9 elapsed_minutes=1.2 gpu_alloc_gb=0.080 gpu_reserved_gb=1.059
[SSL] repeat=7 scope=internal_fold fold=0 epoch=18/50 ssl_loss=0.042751 lr=0.000123883 base_val_bce=0.631028 base_best=N base_cls_epoch=31 epoch_seconds=3.8 elapsed_minutes=1.3 gpu_alloc_gb=0.080 gpu_reserved_gb=1.059
[SSL] repeat=7 scope=internal_fold fold=0 epoch=19/50 ssl_loss=0.055115 lr=0.000120554 base_val_bce=0.630431 base_best=N base_cls_epoch=35 epoch_seconds=3.9 elapsed_minutes=1.3 gpu_alloc_gb=0.080 gpu_reserved_gb=1.059
[SSL] repeat=7 scope=internal_fold fold=0 epoch=20/50 ssl_loss=0.055077 lr=0.000116904 base_val_bce=0.631146 base_best=N base_cls_epoch=32 epoch_seconds=3.6 elapsed_minutes=1.4 gpu_alloc_gb=0.080 gpu_reserved_gb=1.059
[SSL] repeat=7 scope=internal_fold fold=0 epoch=21/50 ssl_loss=0.044760 lr=0.000112956 base_val_bce=0.622647 base_best=Y base_cls_epoch=37 epoch_seconds=3.8 elapsed_minutes=1.5 gpu_alloc_gb=0.080 gpu_reserved_gb=1.059
[SSL] repeat=7 scope=internal_fold fold=0 epoch=22/50 ssl_loss=0.046312 lr=0.000108733 base_val_bce=0.627434 base_best=N base_cls_epoch=38 epoch_seconds=3.9 elapsed_minutes=1.5 gpu_alloc_gb=0.080 gpu_reserved_gb=1.059
[SSL] repeat=7 scope=internal_fold fold=0 epoch=23/50 ssl_loss=0.046056 lr=0.000104262 base_val_bce=0.628759 base_best=N base_cls_epoch=32 epoch_seconds=3.9 elapsed_minutes=1.6 gpu_alloc_gb=0.080 gpu_reserved_gb=1.059
[SSL] repeat=7 scope=internal_fold fold=0 epoch=24/50 ssl_loss=0.050012 lr=0.000099570 base_val_bce=0.638083 base_best=N base_cls_epoch=36 epoch_seconds=4.0 elapsed_minutes=1.7 gpu_alloc_gb=0.080 gpu_reserved_gb=1.059
[SSL] repeat=7 scope=internal_fold fold=0 epoch=25/50 ssl_loss=0.059503 lr=0.000094687 base_val_bce=0.622526 base_best=Y base_cls_epoch=36 epoch_seconds=3.9 elapsed_minutes=1.7 gpu_alloc_gb=0.080 gpu_reserved_gb=1.059
[SSL] repeat=7 scope=internal_fold fold=0 epoch=26/50 ssl_loss=0.046891 lr=0.000089643 base_val_bce=0.632501 base_best=N base_cls_epoch=40 epoch_seconds=3.8 elapsed_minutes=1.8 gpu_alloc_gb=0.080 gpu_reserved_gb=1.059
[SSL] repeat=7 scope=internal_fold fold=0 epoch=27/50 ssl_loss=0.056731 lr=0.000084467 base_val_bce=0.632064 base_best=N base_cls_epoch=39 epoch_seconds=3.8 elapsed_minutes=1.8 gpu_alloc_gb=0.080 gpu_reserved_gb=1.059
[SSL] repeat=7 scope=internal_fold fold=0 epoch=28/50 ssl_loss=0.040799 lr=0.000079194 base_val_bce=0.624315 base_best=N base_cls_epoch=36 epoch_seconds=3.9 elapsed_minutes=1.9 gpu_alloc_gb=0.080 gpu_reserved_gb=1.059
[SSL] repeat=7 scope=internal_fold fold=0 epoch=29/50 ssl_loss=0.057454 lr=0.000073854 base_val_bce=0.633544 base_best=N base_cls_epoch=37 epoch_seconds=3.9 elapsed_minutes=2.0 gpu_alloc_gb=0.080 gpu_reserved_gb=1.059
[SSL] repeat=7 scope=internal_fold fold=0 epoch=30/50 ssl_loss=0.044761 lr=0.000068481 base_val_bce=0.630432 base_best=N base_cls_epoch=39 epoch_seconds=3.8 elapsed_minutes=2.0 gpu_alloc_gb=0.080 gpu_reserved_gb=1.059
[SSL] repeat=7 scope=internal_fold fold=0 epoch=31/50 ssl_loss=0.050616 lr=0.000063108 base_val_bce=0.621396 base_best=Y base_cls_epoch=36 epoch_seconds=3.8 elapsed_minutes=2.1 gpu_alloc_gb=0.080 gpu_reserved_gb=1.059
[SSL] repeat=7 scope=internal_fold fold=0 epoch=32/50 ssl_loss=0.044264 lr=0.000057768 base_val_bce=0.634171 base_best=N base_cls_epoch=35 epoch_seconds=3.9 elapsed_minutes=2.2 gpu_alloc_gb=0.080 gpu_reserved_gb=1.059
[SSL] repeat=7 scope=internal_fold fold=0 epoch=33/50 ssl_loss=0.047644 lr=0.000052494 base_val_bce=0.645659 base_best=N base_cls_epoch=39 epoch_seconds=3.9 elapsed_minutes=2.2 gpu_alloc_gb=0.080 gpu_reserved_gb=1.059
[SSL] repeat=7 scope=internal_fold fold=0 epoch=34/50 ssl_loss=0.051522 lr=0.000047319 base_val_bce=0.622861 base_best=N base_cls_epoch=37 epoch_seconds=4.0 elapsed_minutes=2.3 gpu_alloc_gb=0.080 gpu_reserved_gb=1.059
[SSL] repeat=7 scope=internal_fold fold=0 epoch=35/50 ssl_loss=0.040965 lr=0.000042274 base_val_bce=0.632708 base_best=N base_cls_epoch=39 epoch_seconds=4.0 elapsed_minutes=2.4 gpu_alloc_gb=0.080 gpu_reserved_gb=1.059
[SSL] repeat=7 scope=internal_fold fold=0 epoch=36/50 ssl_loss=0.040587 lr=0.000037391 base_val_bce=0.626109 base_best=N base_cls_epoch=41 epoch_seconds=3.9 elapsed_minutes=2.4 gpu_alloc_gb=0.080 gpu_reserved_gb=1.059
[SSL] repeat=7 scope=internal_fold fold=0 epoch=37/50 ssl_loss=0.046459 lr=0.000032700 base_val_bce=0.626936 base_best=N base_cls_epoch=35 epoch_seconds=3.9 elapsed_minutes=2.5 gpu_alloc_gb=0.080 gpu_reserved_gb=1.059
[SSL] repeat=7 scope=internal_fold fold=0 epoch=38/50 ssl_loss=0.032573 lr=0.000028229 base_val_bce=0.629534 base_best=N base_cls_epoch=37 epoch_seconds=3.8 elapsed_minutes=2.6 gpu_alloc_gb=0.080 gpu_reserved_gb=1.059
[SSL] repeat=7 scope=internal_fold fold=0 epoch=39/50 ssl_loss=0.045580 lr=0.000024006 base_val_bce=0.628959 base_best=N base_cls_epoch=37 epoch_seconds=3.8 elapsed_minutes=2.6 gpu_alloc_gb=0.080 gpu_reserved_gb=1.059
[SSL] repeat=7 scope=internal_fold fold=0 epoch=40/50 ssl_loss=0.045206 lr=0.000020058 base_val_bce=0.625030 base_best=N base_cls_epoch=39 epoch_seconds=3.9 elapsed_minutes=2.7 gpu_alloc_gb=0.080 gpu_reserved_gb=1.059
[SSL] repeat=7 scope=internal_fold fold=0 epoch=41/50 ssl_loss=0.042528 lr=0.000016408 base_val_bce=0.627843 base_best=N base_cls_epoch=37 epoch_seconds=3.8 elapsed_minutes=2.8 gpu_alloc_gb=0.080 gpu_reserved_gb=1.059
[SSL] repeat=7 scope=internal_fold fold=0 epoch=42/50 ssl_loss=0.045312 lr=0.000013079 base_val_bce=0.634260 base_best=N base_cls_epoch=37 epoch_seconds=3.9 elapsed_minutes=2.8 gpu_alloc_gb=0.080 gpu_reserved_gb=1.059
[SSL] repeat=7 scope=internal_fold fold=0 epoch=43/50 ssl_loss=0.044813 lr=0.000010091 base_val_bce=0.635337 base_best=N base_cls_epoch=39 epoch_seconds=3.9 elapsed_minutes=2.9 gpu_alloc_gb=0.080 gpu_reserved_gb=1.059
[SSL] repeat=7 scope=internal_fold fold=0 epoch=44/50 ssl_loss=0.054323 lr=0.000007464 base_val_bce=0.627583 base_best=N base_cls_epoch=35 epoch_seconds=3.9 elapsed_minutes=3.0 gpu_alloc_gb=0.080 gpu_reserved_gb=1.059
[SSL] repeat=7 scope=internal_fold fold=0 epoch=45/50 ssl_loss=0.045786 lr=0.000005213 base_val_bce=0.631406 base_best=N base_cls_epoch=37 epoch_seconds=3.9 elapsed_minutes=3.0 gpu_alloc_gb=0.080 gpu_reserved_gb=1.059
[SSL] repeat=7 scope=internal_fold fold=0 epoch=46/50 ssl_loss=0.042229 lr=0.000003352 base_val_bce=0.634067 base_best=N base_cls_epoch=36 epoch_seconds=4.0 elapsed_minutes=3.1 gpu_alloc_gb=0.080 gpu_reserved_gb=1.059
[SSL] repeat=7 scope=internal_fold fold=0 epoch=47/50 ssl_loss=0.041276 lr=0.000001892 base_val_bce=0.629388 base_best=N base_cls_epoch=36 epoch_seconds=4.1 elapsed_minutes=3.2 gpu_alloc_gb=0.080 gpu_reserved_gb=1.059
[SSL] repeat=7 scope=internal_fold fold=0 epoch=48/50 ssl_loss=0.030703 lr=0.000000843 base_val_bce=0.624320 base_best=N base_cls_epoch=38 epoch_seconds=4.0 elapsed_minutes=3.2 gpu_alloc_gb=0.080 gpu_reserved_gb=1.059
[SSL] repeat=7 scope=internal_fold fold=0 epoch=49/50 ssl_loss=0.029655 lr=0.000000211 base_val_bce=0.633479 base_best=N base_cls_epoch=44 epoch_seconds=3.9 elapsed_minutes=3.3 gpu_alloc_gb=0.080 gpu_reserved_gb=1.059
[SSL] repeat=7 scope=internal_fold fold=0 epoch=50/50 ssl_loss=0.044533 lr=0.000000000 base_val_bce=0.628442 base_best=N base_cls_epoch=39 epoch_seconds=3.0 elapsed_minutes=3.3 gpu_alloc_gb=0.080 gpu_reserved_gb=1.059
TASK_DONE repeat=7 scope=internal_fold fold=0 selected_encoder_epoch=31 selected_val_bce=0.621396 elapsed_minutes=3.3
/data/adodas/VarCoNet-V2-main/xiaolunwen/experiment1v/representations.py:119: UserWarning: The given NumPy array is not writable, and PyTorch does not support non-writable tensors. This means writing to this tensor will result in undefined behavior. You may want to copy the array to protect its data or make it writable before converting it to a tensor. This type of warning will be suppressed for the rest of this program. (Triggered internally at ../torch/csrc/utils/tensor_numpy.cpp:206.)
  tensor = torch.as_tensor(data, dtype=torch.float32)
TASK_START repeat=7 scope=internal_fold fold=1 device=cuda:1 train=750 val=119
[SSL] repeat=7 scope=internal_fold fold=1 epoch=1/50 ssl_loss=0.208081 lr=0.000024107 base_val_bce=0.658256 base_best=Y base_cls_epoch=20 epoch_seconds=3.9 elapsed_minutes=0.1 gpu_alloc_gb=0.079 gpu_reserved_gb=1.010
[SSL] repeat=7 scope=internal_fold fold=1 epoch=2/50 ssl_loss=0.142468 lr=0.000038214 base_val_bce=0.652242 base_best=Y base_cls_epoch=13 epoch_seconds=3.9 elapsed_minutes=0.1 gpu_alloc_gb=0.079 gpu_reserved_gb=1.010
[SSL] repeat=7 scope=internal_fold fold=1 epoch=3/50 ssl_loss=0.130137 lr=0.000052321 base_val_bce=0.652765 base_best=N base_cls_epoch=19 epoch_seconds=3.9 elapsed_minutes=0.2 gpu_alloc_gb=0.079 gpu_reserved_gb=1.010
[SSL] repeat=7 scope=internal_fold fold=1 epoch=4/50 ssl_loss=0.104728 lr=0.000066427 base_val_bce=0.659833 base_best=N base_cls_epoch=21 epoch_seconds=4.0 elapsed_minutes=0.3 gpu_alloc_gb=0.079 gpu_reserved_gb=1.010
[SSL] repeat=7 scope=internal_fold fold=1 epoch=5/50 ssl_loss=0.108948 lr=0.000080534 base_val_bce=0.646748 base_best=Y base_cls_epoch=20 epoch_seconds=3.9 elapsed_minutes=0.3 gpu_alloc_gb=0.079 gpu_reserved_gb=1.010
[SSL] repeat=7 scope=internal_fold fold=1 epoch=6/50 ssl_loss=0.092740 lr=0.000094641 base_val_bce=0.650345 base_best=N base_cls_epoch=18 epoch_seconds=3.9 elapsed_minutes=0.4 gpu_alloc_gb=0.079 gpu_reserved_gb=1.010
[SSL] repeat=7 scope=internal_fold fold=1 epoch=7/50 ssl_loss=0.092320 lr=0.000108748 base_val_bce=0.644569 base_best=Y base_cls_epoch=19 epoch_seconds=4.0 elapsed_minutes=0.5 gpu_alloc_gb=0.079 gpu_reserved_gb=1.010
[SSL] repeat=7 scope=internal_fold fold=1 epoch=8/50 ssl_loss=0.074238 lr=0.000122855 base_val_bce=0.642452 base_best=Y base_cls_epoch=18 epoch_seconds=3.9 elapsed_minutes=0.5 gpu_alloc_gb=0.079 gpu_reserved_gb=1.010
[SSL] repeat=7 scope=internal_fold fold=1 epoch=9/50 ssl_loss=0.077761 lr=0.000136962 base_val_bce=0.647655 base_best=N base_cls_epoch=19 epoch_seconds=3.9 elapsed_minutes=0.6 gpu_alloc_gb=0.079 gpu_reserved_gb=1.010
[SSL] repeat=7 scope=internal_fold fold=1 epoch=10/50 ssl_loss=0.068154 lr=0.000136962 base_val_bce=0.646880 base_best=N base_cls_epoch=18 epoch_seconds=3.7 elapsed_minutes=0.7 gpu_alloc_gb=0.079 gpu_reserved_gb=1.010
[SSL] repeat=7 scope=internal_fold fold=1 epoch=11/50 ssl_loss=0.066511 lr=0.000136751 base_val_bce=0.649033 base_best=N base_cls_epoch=19 epoch_seconds=3.9 elapsed_minutes=0.7 gpu_alloc_gb=0.079 gpu_reserved_gb=1.010
[SSL] repeat=7 scope=internal_fold fold=1 epoch=12/50 ssl_loss=0.069818 lr=0.000136119 base_val_bce=0.641193 base_best=Y base_cls_epoch=19 epoch_seconds=3.9 elapsed_minutes=0.8 gpu_alloc_gb=0.079 gpu_reserved_gb=1.010
[SSL] repeat=7 scope=internal_fold fold=1 epoch=13/50 ssl_loss=0.073958 lr=0.000135070 base_val_bce=0.644059 base_best=N base_cls_epoch=19 epoch_seconds=3.9 elapsed_minutes=0.9 gpu_alloc_gb=0.079 gpu_reserved_gb=1.010
[SSL] repeat=7 scope=internal_fold fold=1 epoch=14/50 ssl_loss=0.060073 lr=0.000133610 base_val_bce=0.648483 base_best=N base_cls_epoch=23 epoch_seconds=3.8 elapsed_minutes=0.9 gpu_alloc_gb=0.079 gpu_reserved_gb=1.010
[SSL] repeat=7 scope=internal_fold fold=1 epoch=15/50 ssl_loss=0.045131 lr=0.000131749 base_val_bce=0.641099 base_best=Y base_cls_epoch=21 epoch_seconds=3.9 elapsed_minutes=1.0 gpu_alloc_gb=0.079 gpu_reserved_gb=1.010
[SSL] repeat=7 scope=internal_fold fold=1 epoch=16/50 ssl_loss=0.065292 lr=0.000129498 base_val_bce=0.636079 base_best=Y base_cls_epoch=23 epoch_seconds=3.9 elapsed_minutes=1.0 gpu_alloc_gb=0.079 gpu_reserved_gb=1.010
[SSL] repeat=7 scope=internal_fold fold=1 epoch=17/50 ssl_loss=0.056181 lr=0.000126870 base_val_bce=0.644911 base_best=N base_cls_epoch=23 epoch_seconds=3.9 elapsed_minutes=1.1 gpu_alloc_gb=0.079 gpu_reserved_gb=1.010
[SSL] repeat=7 scope=internal_fold fold=1 epoch=18/50 ssl_loss=0.061378 lr=0.000123883 base_val_bce=0.627032 base_best=Y base_cls_epoch=21 epoch_seconds=3.9 elapsed_minutes=1.2 gpu_alloc_gb=0.079 gpu_reserved_gb=1.010
[SSL] repeat=7 scope=internal_fold fold=1 epoch=19/50 ssl_loss=0.061138 lr=0.000120554 base_val_bce=0.648419 base_best=N base_cls_epoch=27 epoch_seconds=3.9 elapsed_minutes=1.2 gpu_alloc_gb=0.079 gpu_reserved_gb=1.010
[SSL] repeat=7 scope=internal_fold fold=1 epoch=20/50 ssl_loss=0.052168 lr=0.000116904 base_val_bce=0.644138 base_best=N base_cls_epoch=26 epoch_seconds=3.8 elapsed_minutes=1.3 gpu_alloc_gb=0.079 gpu_reserved_gb=1.010
[SSL] repeat=7 scope=internal_fold fold=1 epoch=21/50 ssl_loss=0.050604 lr=0.000112956 base_val_bce=0.633787 base_best=N base_cls_epoch=25 epoch_seconds=3.9 elapsed_minutes=1.4 gpu_alloc_gb=0.079 gpu_reserved_gb=1.010
[SSL] repeat=7 scope=internal_fold fold=1 epoch=22/50 ssl_loss=0.055515 lr=0.000108733 base_val_bce=0.630629 base_best=N base_cls_epoch=24 epoch_seconds=3.8 elapsed_minutes=1.4 gpu_alloc_gb=0.079 gpu_reserved_gb=1.010
[SSL] repeat=7 scope=internal_fold fold=1 epoch=23/50 ssl_loss=0.049807 lr=0.000104262 base_val_bce=0.628496 base_best=N base_cls_epoch=26 epoch_seconds=3.9 elapsed_minutes=1.5 gpu_alloc_gb=0.079 gpu_reserved_gb=1.010
[SSL] repeat=7 scope=internal_fold fold=1 epoch=24/50 ssl_loss=0.050882 lr=0.000099570 base_val_bce=0.629344 base_best=N base_cls_epoch=24 epoch_seconds=3.9 elapsed_minutes=1.6 gpu_alloc_gb=0.079 gpu_reserved_gb=1.010
[SSL] repeat=7 scope=internal_fold fold=1 epoch=25/50 ssl_loss=0.049298 lr=0.000094687 base_val_bce=0.640544 base_best=N base_cls_epoch=24 epoch_seconds=3.9 elapsed_minutes=1.6 gpu_alloc_gb=0.079 gpu_reserved_gb=1.010
[SSL] repeat=7 scope=internal_fold fold=1 epoch=26/50 ssl_loss=0.059068 lr=0.000089643 base_val_bce=0.637319 base_best=N base_cls_epoch=29 epoch_seconds=3.8 elapsed_minutes=1.7 gpu_alloc_gb=0.079 gpu_reserved_gb=1.010
[SSL] repeat=7 scope=internal_fold fold=1 epoch=27/50 ssl_loss=0.047902 lr=0.000084467 base_val_bce=0.626860 base_best=Y base_cls_epoch=33 epoch_seconds=4.0 elapsed_minutes=1.8 gpu_alloc_gb=0.079 gpu_reserved_gb=1.010
[SSL] repeat=7 scope=internal_fold fold=1 epoch=28/50 ssl_loss=0.047275 lr=0.000079194 base_val_bce=0.632574 base_best=N base_cls_epoch=34 epoch_seconds=4.0 elapsed_minutes=1.8 gpu_alloc_gb=0.079 gpu_reserved_gb=1.010
[SSL] repeat=7 scope=internal_fold fold=1 epoch=29/50 ssl_loss=0.045740 lr=0.000073854 base_val_bce=0.634815 base_best=N base_cls_epoch=30 epoch_seconds=3.9 elapsed_minutes=1.9 gpu_alloc_gb=0.079 gpu_reserved_gb=1.010
[SSL] repeat=7 scope=internal_fold fold=1 epoch=30/50 ssl_loss=0.046520 lr=0.000068481 base_val_bce=0.632700 base_best=N base_cls_epoch=30 epoch_seconds=3.7 elapsed_minutes=2.0 gpu_alloc_gb=0.079 gpu_reserved_gb=1.010
[SSL] repeat=7 scope=internal_fold fold=1 epoch=31/50 ssl_loss=0.051779 lr=0.000063108 base_val_bce=0.637603 base_best=N base_cls_epoch=31 epoch_seconds=3.9 elapsed_minutes=2.0 gpu_alloc_gb=0.079 gpu_reserved_gb=1.010
[SSL] repeat=7 scope=internal_fold fold=1 epoch=32/50 ssl_loss=0.058783 lr=0.000057768 base_val_bce=0.641251 base_best=N base_cls_epoch=31 epoch_seconds=3.8 elapsed_minutes=2.1 gpu_alloc_gb=0.079 gpu_reserved_gb=1.010
[SSL] repeat=7 scope=internal_fold fold=1 epoch=33/50 ssl_loss=0.048111 lr=0.000052494 base_val_bce=0.642882 base_best=N base_cls_epoch=32 epoch_seconds=3.9 elapsed_minutes=2.2 gpu_alloc_gb=0.079 gpu_reserved_gb=1.010
[SSL] repeat=7 scope=internal_fold fold=1 epoch=34/50 ssl_loss=0.041001 lr=0.000047319 base_val_bce=0.646282 base_best=N base_cls_epoch=31 epoch_seconds=3.9 elapsed_minutes=2.2 gpu_alloc_gb=0.079 gpu_reserved_gb=1.010
[SSL] repeat=7 scope=internal_fold fold=1 epoch=35/50 ssl_loss=0.038625 lr=0.000042274 base_val_bce=0.643678 base_best=N base_cls_epoch=28 epoch_seconds=4.0 elapsed_minutes=2.3 gpu_alloc_gb=0.079 gpu_reserved_gb=1.010
[SSL] repeat=7 scope=internal_fold fold=1 epoch=36/50 ssl_loss=0.045619 lr=0.000037391 base_val_bce=0.632363 base_best=N base_cls_epoch=33 epoch_seconds=3.9 elapsed_minutes=2.3 gpu_alloc_gb=0.079 gpu_reserved_gb=1.010
[SSL] repeat=7 scope=internal_fold fold=1 epoch=37/50 ssl_loss=0.039654 lr=0.000032700 base_val_bce=0.635806 base_best=N base_cls_epoch=34 epoch_seconds=3.9 elapsed_minutes=2.4 gpu_alloc_gb=0.079 gpu_reserved_gb=1.010
[SSL] repeat=7 scope=internal_fold fold=1 epoch=38/50 ssl_loss=0.036585 lr=0.000028229 base_val_bce=0.629997 base_best=N base_cls_epoch=25 epoch_seconds=4.0 elapsed_minutes=2.5 gpu_alloc_gb=0.079 gpu_reserved_gb=1.010
[SSL] repeat=7 scope=internal_fold fold=1 epoch=39/50 ssl_loss=0.040637 lr=0.000024006 base_val_bce=0.635705 base_best=N base_cls_epoch=31 epoch_seconds=3.8 elapsed_minutes=2.5 gpu_alloc_gb=0.079 gpu_reserved_gb=1.010
[SSL] repeat=7 scope=internal_fold fold=1 epoch=40/50 ssl_loss=0.046597 lr=0.000020058 base_val_bce=0.630113 base_best=N base_cls_epoch=29 epoch_seconds=3.7 elapsed_minutes=2.6 gpu_alloc_gb=0.079 gpu_reserved_gb=1.010
[SSL] repeat=7 scope=internal_fold fold=1 epoch=41/50 ssl_loss=0.038337 lr=0.000016408 base_val_bce=0.649775 base_best=N base_cls_epoch=23 epoch_seconds=4.0 elapsed_minutes=2.7 gpu_alloc_gb=0.079 gpu_reserved_gb=1.010
[SSL] repeat=7 scope=internal_fold fold=1 epoch=42/50 ssl_loss=0.041718 lr=0.000013079 base_val_bce=0.631885 base_best=N base_cls_epoch=31 epoch_seconds=4.0 elapsed_minutes=2.7 gpu_alloc_gb=0.079 gpu_reserved_gb=1.010
[SSL] repeat=7 scope=internal_fold fold=1 epoch=43/50 ssl_loss=0.039075 lr=0.000010091 base_val_bce=0.636684 base_best=N base_cls_epoch=32 epoch_seconds=3.9 elapsed_minutes=2.8 gpu_alloc_gb=0.079 gpu_reserved_gb=1.010
[SSL] repeat=7 scope=internal_fold fold=1 epoch=44/50 ssl_loss=0.038108 lr=0.000007464 base_val_bce=0.639216 base_best=N base_cls_epoch=26 epoch_seconds=3.9 elapsed_minutes=2.9 gpu_alloc_gb=0.079 gpu_reserved_gb=1.010
[SSL] repeat=7 scope=internal_fold fold=1 epoch=45/50 ssl_loss=0.039461 lr=0.000005213 base_val_bce=0.636355 base_best=N base_cls_epoch=29 epoch_seconds=3.9 elapsed_minutes=2.9 gpu_alloc_gb=0.079 gpu_reserved_gb=1.010
[SSL] repeat=7 scope=internal_fold fold=1 epoch=46/50 ssl_loss=0.045225 lr=0.000003352 base_val_bce=0.633420 base_best=N base_cls_epoch=27 epoch_seconds=3.8 elapsed_minutes=3.0 gpu_alloc_gb=0.079 gpu_reserved_gb=1.010
[SSL] repeat=7 scope=internal_fold fold=1 epoch=47/50 ssl_loss=0.031386 lr=0.000001892 base_val_bce=0.635233 base_best=N base_cls_epoch=28 epoch_seconds=3.9 elapsed_minutes=3.1 gpu_alloc_gb=0.079 gpu_reserved_gb=1.010
[SSL] repeat=7 scope=internal_fold fold=1 epoch=48/50 ssl_loss=0.048881 lr=0.000000843 base_val_bce=0.632032 base_best=N base_cls_epoch=31 epoch_seconds=3.9 elapsed_minutes=3.1 gpu_alloc_gb=0.079 gpu_reserved_gb=1.010
[SSL] repeat=7 scope=internal_fold fold=1 epoch=49/50 ssl_loss=0.039643 lr=0.000000211 base_val_bce=0.623400 base_best=Y base_cls_epoch=34 epoch_seconds=3.7 elapsed_minutes=3.2 gpu_alloc_gb=0.079 gpu_reserved_gb=1.010
[SSL] repeat=7 scope=internal_fold fold=1 epoch=50/50 ssl_loss=0.045030 lr=0.000000000 base_val_bce=0.627953 base_best=N base_cls_epoch=32 epoch_seconds=2.9 elapsed_minutes=3.2 gpu_alloc_gb=0.079 gpu_reserved_gb=1.010
TASK_DONE repeat=7 scope=internal_fold fold=1 selected_encoder_epoch=49 selected_val_bce=0.623400 elapsed_minutes=3.2
TASK_START repeat=7 scope=internal_fold fold=2 device=cuda:1 train=750 val=120
[SSL] repeat=7 scope=internal_fold fold=2 epoch=1/50 ssl_loss=1.059341 lr=0.000024107 base_val_bce=0.652799 base_best=Y base_cls_epoch=42 epoch_seconds=3.9 elapsed_minutes=0.1 gpu_alloc_gb=0.079 gpu_reserved_gb=1.010
[SSL] repeat=7 scope=internal_fold fold=2 epoch=2/50 ssl_loss=0.439527 lr=0.000038214 base_val_bce=0.665888 base_best=N base_cls_epoch=34 epoch_seconds=3.9 elapsed_minutes=0.1 gpu_alloc_gb=0.079 gpu_reserved_gb=1.010
[SSL] repeat=7 scope=internal_fold fold=2 epoch=3/50 ssl_loss=0.165202 lr=0.000052321 base_val_bce=0.658439 base_best=N base_cls_epoch=33 epoch_seconds=3.8 elapsed_minutes=0.2 gpu_alloc_gb=0.079 gpu_reserved_gb=1.010
[SSL] repeat=7 scope=internal_fold fold=2 epoch=4/50 ssl_loss=0.128620 lr=0.000066427 base_val_bce=0.660070 base_best=N base_cls_epoch=30 epoch_seconds=3.9 elapsed_minutes=0.3 gpu_alloc_gb=0.079 gpu_reserved_gb=1.010
[SSL] repeat=7 scope=internal_fold fold=2 epoch=5/50 ssl_loss=0.114315 lr=0.000080534 base_val_bce=0.664588 base_best=N base_cls_epoch=35 epoch_seconds=4.0 elapsed_minutes=0.3 gpu_alloc_gb=0.079 gpu_reserved_gb=1.010
[SSL] repeat=7 scope=internal_fold fold=2 epoch=6/50 ssl_loss=0.101682 lr=0.000094641 base_val_bce=0.660756 base_best=N base_cls_epoch=35 epoch_seconds=3.9 elapsed_minutes=0.4 gpu_alloc_gb=0.079 gpu_reserved_gb=1.010
[SSL] repeat=7 scope=internal_fold fold=2 epoch=7/50 ssl_loss=0.098649 lr=0.000108748 base_val_bce=0.669678 base_best=N base_cls_epoch=33 epoch_seconds=3.9 elapsed_minutes=0.5 gpu_alloc_gb=0.079 gpu_reserved_gb=1.010
[SSL] repeat=7 scope=internal_fold fold=2 epoch=8/50 ssl_loss=0.085664 lr=0.000122855 base_val_bce=0.652249 base_best=Y base_cls_epoch=22 epoch_seconds=3.9 elapsed_minutes=0.5 gpu_alloc_gb=0.079 gpu_reserved_gb=1.010
[SSL] repeat=7 scope=internal_fold fold=2 epoch=9/50 ssl_loss=0.078445 lr=0.000136962 base_val_bce=0.662062 base_best=N base_cls_epoch=30 epoch_seconds=3.8 elapsed_minutes=0.6 gpu_alloc_gb=0.079 gpu_reserved_gb=1.010
[SSL] repeat=7 scope=internal_fold fold=2 epoch=10/50 ssl_loss=0.092356 lr=0.000136962 base_val_bce=0.652155 base_best=Y base_cls_epoch=26 epoch_seconds=3.9 elapsed_minutes=0.6 gpu_alloc_gb=0.079 gpu_reserved_gb=1.010
[SSL] repeat=7 scope=internal_fold fold=2 epoch=11/50 ssl_loss=0.091150 lr=0.000136751 base_val_bce=0.648157 base_best=Y base_cls_epoch=22 epoch_seconds=3.7 elapsed_minutes=0.7 gpu_alloc_gb=0.079 gpu_reserved_gb=1.010
[SSL] repeat=7 scope=internal_fold fold=2 epoch=12/50 ssl_loss=0.090299 lr=0.000136119 base_val_bce=0.665496 base_best=N base_cls_epoch=24 epoch_seconds=3.8 elapsed_minutes=0.8 gpu_alloc_gb=0.079 gpu_reserved_gb=1.010
[SSL] repeat=7 scope=internal_fold fold=2 epoch=13/50 ssl_loss=0.068003 lr=0.000135070 base_val_bce=0.653445 base_best=N base_cls_epoch=21 epoch_seconds=3.9 elapsed_minutes=0.8 gpu_alloc_gb=0.079 gpu_reserved_gb=1.010
[SSL] repeat=7 scope=internal_fold fold=2 epoch=14/50 ssl_loss=0.073836 lr=0.000133610 base_val_bce=0.638143 base_best=Y base_cls_epoch=23 epoch_seconds=3.7 elapsed_minutes=0.9 gpu_alloc_gb=0.079 gpu_reserved_gb=1.010
[SSL] repeat=7 scope=internal_fold fold=2 epoch=15/50 ssl_loss=0.071568 lr=0.000131749 base_val_bce=0.658160 base_best=N base_cls_epoch=25 epoch_seconds=3.9 elapsed_minutes=1.0 gpu_alloc_gb=0.079 gpu_reserved_gb=1.010
[SSL] repeat=7 scope=internal_fold fold=2 epoch=16/50 ssl_loss=0.064924 lr=0.000129498 base_val_bce=0.651824 base_best=N base_cls_epoch=22 epoch_seconds=3.9 elapsed_minutes=1.0 gpu_alloc_gb=0.079 gpu_reserved_gb=1.010
[SSL] repeat=7 scope=internal_fold fold=2 epoch=17/50 ssl_loss=0.064138 lr=0.000126870 base_val_bce=0.647909 base_best=N base_cls_epoch=22 epoch_seconds=3.9 elapsed_minutes=1.1 gpu_alloc_gb=0.079 gpu_reserved_gb=1.010
[SSL] repeat=7 scope=internal_fold fold=2 epoch=18/50 ssl_loss=0.054361 lr=0.000123883 base_val_bce=0.653973 base_best=N base_cls_epoch=22 epoch_seconds=3.8 elapsed_minutes=1.2 gpu_alloc_gb=0.079 gpu_reserved_gb=1.010
[SSL] repeat=7 scope=internal_fold fold=2 epoch=19/50 ssl_loss=0.054359 lr=0.000120554 base_val_bce=0.651002 base_best=N base_cls_epoch=23 epoch_seconds=3.9 elapsed_minutes=1.2 gpu_alloc_gb=0.079 gpu_reserved_gb=1.010
[SSL] repeat=7 scope=internal_fold fold=2 epoch=20/50 ssl_loss=0.059250 lr=0.000116904 base_val_bce=0.648902 base_best=N base_cls_epoch=25 epoch_seconds=3.8 elapsed_minutes=1.3 gpu_alloc_gb=0.079 gpu_reserved_gb=1.010
[SSL] repeat=7 scope=internal_fold fold=2 epoch=21/50 ssl_loss=0.056142 lr=0.000112956 base_val_bce=0.646267 base_best=N base_cls_epoch=24 epoch_seconds=3.7 elapsed_minutes=1.4 gpu_alloc_gb=0.079 gpu_reserved_gb=1.010
[SSL] repeat=7 scope=internal_fold fold=2 epoch=22/50 ssl_loss=0.067019 lr=0.000108733 base_val_bce=0.656042 base_best=N base_cls_epoch=22 epoch_seconds=3.8 elapsed_minutes=1.4 gpu_alloc_gb=0.079 gpu_reserved_gb=1.010
[SSL] repeat=7 scope=internal_fold fold=2 epoch=23/50 ssl_loss=0.050925 lr=0.000104262 base_val_bce=0.649634 base_best=N base_cls_epoch=25 epoch_seconds=3.8 elapsed_minutes=1.5 gpu_alloc_gb=0.079 gpu_reserved_gb=1.010
[SSL] repeat=7 scope=internal_fold fold=2 epoch=24/50 ssl_loss=0.055151 lr=0.000099570 base_val_bce=0.650075 base_best=N base_cls_epoch=21 epoch_seconds=3.9 elapsed_minutes=1.6 gpu_alloc_gb=0.079 gpu_reserved_gb=1.010
[SSL] repeat=7 scope=internal_fold fold=2 epoch=25/50 ssl_loss=0.052646 lr=0.000094687 base_val_bce=0.652667 base_best=N base_cls_epoch=28 epoch_seconds=3.9 elapsed_minutes=1.6 gpu_alloc_gb=0.079 gpu_reserved_gb=1.010
[SSL] repeat=7 scope=internal_fold fold=2 epoch=26/50 ssl_loss=0.065672 lr=0.000089643 base_val_bce=0.642816 base_best=N base_cls_epoch=26 epoch_seconds=3.9 elapsed_minutes=1.7 gpu_alloc_gb=0.079 gpu_reserved_gb=1.010
[SSL] repeat=7 scope=internal_fold fold=2 epoch=27/50 ssl_loss=0.051303 lr=0.000084467 base_val_bce=0.649933 base_best=N base_cls_epoch=24 epoch_seconds=3.9 elapsed_minutes=1.8 gpu_alloc_gb=0.079 gpu_reserved_gb=1.010
[SSL] repeat=7 scope=internal_fold fold=2 epoch=28/50 ssl_loss=0.053305 lr=0.000079194 base_val_bce=0.652035 base_best=N base_cls_epoch=26 epoch_seconds=4.0 elapsed_minutes=1.8 gpu_alloc_gb=0.079 gpu_reserved_gb=1.010
[SSL] repeat=7 scope=internal_fold fold=2 epoch=29/50 ssl_loss=0.044949 lr=0.000073854 base_val_bce=0.652708 base_best=N base_cls_epoch=28 epoch_seconds=3.8 elapsed_minutes=1.9 gpu_alloc_gb=0.079 gpu_reserved_gb=1.010
[SSL] repeat=7 scope=internal_fold fold=2 epoch=30/50 ssl_loss=0.036035 lr=0.000068481 base_val_bce=0.647065 base_best=N base_cls_epoch=23 epoch_seconds=3.8 elapsed_minutes=1.9 gpu_alloc_gb=0.079 gpu_reserved_gb=1.010
[SSL] repeat=7 scope=internal_fold fold=2 epoch=31/50 ssl_loss=0.068069 lr=0.000063108 base_val_bce=0.646061 base_best=N base_cls_epoch=22 epoch_seconds=3.8 elapsed_minutes=2.0 gpu_alloc_gb=0.079 gpu_reserved_gb=1.010
[SSL] repeat=7 scope=internal_fold fold=2 epoch=32/50 ssl_loss=0.049724 lr=0.000057768 base_val_bce=0.660600 base_best=N base_cls_epoch=28 epoch_seconds=3.9 elapsed_minutes=2.1 gpu_alloc_gb=0.079 gpu_reserved_gb=1.010
[SSL] repeat=7 scope=internal_fold fold=2 epoch=33/50 ssl_loss=0.052166 lr=0.000052494 base_val_bce=0.659140 base_best=N base_cls_epoch=25 epoch_seconds=3.9 elapsed_minutes=2.1 gpu_alloc_gb=0.079 gpu_reserved_gb=1.010
[SSL] repeat=7 scope=internal_fold fold=2 epoch=34/50 ssl_loss=0.055480 lr=0.000047319 base_val_bce=0.652952 base_best=N base_cls_epoch=26 epoch_seconds=4.0 elapsed_minutes=2.2 gpu_alloc_gb=0.079 gpu_reserved_gb=1.010
[SSL] repeat=7 scope=internal_fold fold=2 epoch=35/50 ssl_loss=0.049585 lr=0.000042274 base_val_bce=0.648490 base_best=N base_cls_epoch=28 epoch_seconds=3.9 elapsed_minutes=2.3 gpu_alloc_gb=0.079 gpu_reserved_gb=1.010
[SSL] repeat=7 scope=internal_fold fold=2 epoch=36/50 ssl_loss=0.051260 lr=0.000037391 base_val_bce=0.649544 base_best=N base_cls_epoch=26 epoch_seconds=3.9 elapsed_minutes=2.3 gpu_alloc_gb=0.079 gpu_reserved_gb=1.010
[SSL] repeat=7 scope=internal_fold fold=2 epoch=37/50 ssl_loss=0.057595 lr=0.000032700 base_val_bce=0.642827 base_best=N base_cls_epoch=22 epoch_seconds=3.9 elapsed_minutes=2.4 gpu_alloc_gb=0.079 gpu_reserved_gb=1.010
[SSL] repeat=7 scope=internal_fold fold=2 epoch=38/50 ssl_loss=0.058516 lr=0.000028229 base_val_bce=0.639824 base_best=N base_cls_epoch=27 epoch_seconds=3.9 elapsed_minutes=2.5 gpu_alloc_gb=0.079 gpu_reserved_gb=1.010
[SSL] repeat=7 scope=internal_fold fold=2 epoch=39/50 ssl_loss=0.049632 lr=0.000024006 base_val_bce=0.653708 base_best=N base_cls_epoch=26 epoch_seconds=3.8 elapsed_minutes=2.5 gpu_alloc_gb=0.079 gpu_reserved_gb=1.010
[SSL] repeat=7 scope=internal_fold fold=2 epoch=40/50 ssl_loss=0.048085 lr=0.000020058 base_val_bce=0.651343 base_best=N base_cls_epoch=24 epoch_seconds=3.7 elapsed_minutes=2.6 gpu_alloc_gb=0.079 gpu_reserved_gb=1.010
[SSL] repeat=7 scope=internal_fold fold=2 epoch=41/50 ssl_loss=0.049475 lr=0.000016408 base_val_bce=0.644184 base_best=N base_cls_epoch=26 epoch_seconds=3.9 elapsed_minutes=2.7 gpu_alloc_gb=0.079 gpu_reserved_gb=1.010
[SSL] repeat=7 scope=internal_fold fold=2 epoch=42/50 ssl_loss=0.041476 lr=0.000013079 base_val_bce=0.647158 base_best=N base_cls_epoch=27 epoch_seconds=3.9 elapsed_minutes=2.7 gpu_alloc_gb=0.079 gpu_reserved_gb=1.010
[SSL] repeat=7 scope=internal_fold fold=2 epoch=43/50 ssl_loss=0.051014 lr=0.000010091 base_val_bce=0.642566 base_best=N base_cls_epoch=26 epoch_seconds=3.8 elapsed_minutes=2.8 gpu_alloc_gb=0.079 gpu_reserved_gb=1.010
[SSL] repeat=7 scope=internal_fold fold=2 epoch=44/50 ssl_loss=0.045950 lr=0.000007464 base_val_bce=0.652387 base_best=N base_cls_epoch=25 epoch_seconds=3.9 elapsed_minutes=2.9 gpu_alloc_gb=0.079 gpu_reserved_gb=1.010
[SSL] repeat=7 scope=internal_fold fold=2 epoch=45/50 ssl_loss=0.044656 lr=0.000005213 base_val_bce=0.646635 base_best=N base_cls_epoch=24 epoch_seconds=3.9 elapsed_minutes=2.9 gpu_alloc_gb=0.079 gpu_reserved_gb=1.010
[SSL] repeat=7 scope=internal_fold fold=2 epoch=46/50 ssl_loss=0.052075 lr=0.000003352 base_val_bce=0.651887 base_best=N base_cls_epoch=25 epoch_seconds=3.9 elapsed_minutes=3.0 gpu_alloc_gb=0.079 gpu_reserved_gb=1.010
[SSL] repeat=7 scope=internal_fold fold=2 epoch=47/50 ssl_loss=0.035753 lr=0.000001892 base_val_bce=0.646757 base_best=N base_cls_epoch=25 epoch_seconds=3.8 elapsed_minutes=3.1 gpu_alloc_gb=0.079 gpu_reserved_gb=1.010
[SSL] repeat=7 scope=internal_fold fold=2 epoch=48/50 ssl_loss=0.038988 lr=0.000000843 base_val_bce=0.654121 base_best=N base_cls_epoch=28 epoch_seconds=3.9 elapsed_minutes=3.1 gpu_alloc_gb=0.079 gpu_reserved_gb=1.010
[SSL] repeat=7 scope=internal_fold fold=2 epoch=49/50 ssl_loss=0.059625 lr=0.000000211 base_val_bce=0.649595 base_best=N base_cls_epoch=27 epoch_seconds=3.5 elapsed_minutes=3.2 gpu_alloc_gb=0.079 gpu_reserved_gb=1.010
[SSL] repeat=7 scope=internal_fold fold=2 epoch=50/50 ssl_loss=0.044154 lr=0.000000000 base_val_bce=0.655555 base_best=N base_cls_epoch=25 epoch_seconds=3.4 elapsed_minutes=3.2 gpu_alloc_gb=0.079 gpu_reserved_gb=1.010
TASK_DONE repeat=7 scope=internal_fold fold=2 selected_encoder_epoch=14 selected_val_bce=0.638143 elapsed_minutes=3.2
TASK_START repeat=7 scope=internal_fold fold=3 device=cuda:1 train=750 val=120
[SSL] repeat=7 scope=internal_fold fold=3 epoch=1/50 ssl_loss=0.090435 lr=0.000024107 base_val_bce=0.615661 base_best=Y base_cls_epoch=45 epoch_seconds=3.9 elapsed_minutes=0.1 gpu_alloc_gb=0.079 gpu_reserved_gb=1.010
[SSL] repeat=7 scope=internal_fold fold=3 epoch=2/50 ssl_loss=0.104585 lr=0.000038214 base_val_bce=0.607077 base_best=Y base_cls_epoch=45 epoch_seconds=3.9 elapsed_minutes=0.1 gpu_alloc_gb=0.079 gpu_reserved_gb=1.010
[SSL] repeat=7 scope=internal_fold fold=3 epoch=3/50 ssl_loss=0.081512 lr=0.000052321 base_val_bce=0.605930 base_best=Y base_cls_epoch=50 epoch_seconds=4.0 elapsed_minutes=0.2 gpu_alloc_gb=0.079 gpu_reserved_gb=1.010
[SSL] repeat=7 scope=internal_fold fold=3 epoch=4/50 ssl_loss=0.096811 lr=0.000066427 base_val_bce=0.605477 base_best=Y base_cls_epoch=42 epoch_seconds=3.9 elapsed_minutes=0.3 gpu_alloc_gb=0.079 gpu_reserved_gb=1.010
[SSL] repeat=7 scope=internal_fold fold=3 epoch=5/50 ssl_loss=0.086900 lr=0.000080534 base_val_bce=0.609669 base_best=N base_cls_epoch=39 epoch_seconds=3.9 elapsed_minutes=0.3 gpu_alloc_gb=0.079 gpu_reserved_gb=1.010
[SSL] repeat=7 scope=internal_fold fold=3 epoch=6/50 ssl_loss=0.085008 lr=0.000094641 base_val_bce=0.608383 base_best=N base_cls_epoch=39 epoch_seconds=3.9 elapsed_minutes=0.4 gpu_alloc_gb=0.079 gpu_reserved_gb=1.010
[SSL] repeat=7 scope=internal_fold fold=3 epoch=7/50 ssl_loss=0.073162 lr=0.000108748 base_val_bce=0.615701 base_best=N base_cls_epoch=38 epoch_seconds=3.9 elapsed_minutes=0.5 gpu_alloc_gb=0.079 gpu_reserved_gb=1.010
[SSL] repeat=7 scope=internal_fold fold=3 epoch=8/50 ssl_loss=0.065986 lr=0.000122855 base_val_bce=0.612478 base_best=N base_cls_epoch=37 epoch_seconds=3.9 elapsed_minutes=0.5 gpu_alloc_gb=0.079 gpu_reserved_gb=1.010
[SSL] repeat=7 scope=internal_fold fold=3 epoch=9/50 ssl_loss=0.066178 lr=0.000136962 base_val_bce=0.619361 base_best=N base_cls_epoch=34 epoch_seconds=3.9 elapsed_minutes=0.6 gpu_alloc_gb=0.079 gpu_reserved_gb=1.010
[SSL] repeat=7 scope=internal_fold fold=3 epoch=10/50 ssl_loss=0.053306 lr=0.000136962 base_val_bce=0.604844 base_best=Y base_cls_epoch=40 epoch_seconds=3.7 elapsed_minutes=0.7 gpu_alloc_gb=0.079 gpu_reserved_gb=1.010
[SSL] repeat=7 scope=internal_fold fold=3 epoch=11/50 ssl_loss=0.051508 lr=0.000136751 base_val_bce=0.614565 base_best=N base_cls_epoch=37 epoch_seconds=3.7 elapsed_minutes=0.7 gpu_alloc_gb=0.079 gpu_reserved_gb=1.010
[SSL] repeat=7 scope=internal_fold fold=3 epoch=12/50 ssl_loss=0.056889 lr=0.000136119 base_val_bce=0.610436 base_best=N base_cls_epoch=36 epoch_seconds=3.9 elapsed_minutes=0.8 gpu_alloc_gb=0.079 gpu_reserved_gb=1.010
[SSL] repeat=7 scope=internal_fold fold=3 epoch=13/50 ssl_loss=0.063621 lr=0.000135070 base_val_bce=0.613566 base_best=N base_cls_epoch=39 epoch_seconds=4.0 elapsed_minutes=0.8 gpu_alloc_gb=0.079 gpu_reserved_gb=1.010
[SSL] repeat=7 scope=internal_fold fold=3 epoch=14/50 ssl_loss=0.049294 lr=0.000133610 base_val_bce=0.613573 base_best=N base_cls_epoch=42 epoch_seconds=3.7 elapsed_minutes=0.9 gpu_alloc_gb=0.079 gpu_reserved_gb=1.010
[SSL] repeat=7 scope=internal_fold fold=3 epoch=15/50 ssl_loss=0.049812 lr=0.000131749 base_val_bce=0.613008 base_best=N base_cls_epoch=39 epoch_seconds=3.9 elapsed_minutes=1.0 gpu_alloc_gb=0.079 gpu_reserved_gb=1.010
[SSL] repeat=7 scope=internal_fold fold=3 epoch=16/50 ssl_loss=0.052843 lr=0.000129498 base_val_bce=0.617089 base_best=N base_cls_epoch=42 epoch_seconds=3.8 elapsed_minutes=1.0 gpu_alloc_gb=0.079 gpu_reserved_gb=1.010
[SSL] repeat=7 scope=internal_fold fold=3 epoch=17/50 ssl_loss=0.044423 lr=0.000126870 base_val_bce=0.600612 base_best=Y base_cls_epoch=38 epoch_seconds=3.8 elapsed_minutes=1.1 gpu_alloc_gb=0.079 gpu_reserved_gb=1.010
[SSL] repeat=7 scope=internal_fold fold=3 epoch=18/50 ssl_loss=0.046567 lr=0.000123883 base_val_bce=0.602637 base_best=N base_cls_epoch=40 epoch_seconds=3.7 elapsed_minutes=1.2 gpu_alloc_gb=0.079 gpu_reserved_gb=1.010
[SSL] repeat=7 scope=internal_fold fold=3 epoch=19/50 ssl_loss=0.054294 lr=0.000120554 base_val_bce=0.606862 base_best=N base_cls_epoch=43 epoch_seconds=4.0 elapsed_minutes=1.2 gpu_alloc_gb=0.079 gpu_reserved_gb=1.010
[SSL] repeat=7 scope=internal_fold fold=3 epoch=20/50 ssl_loss=0.044513 lr=0.000116904 base_val_bce=0.605995 base_best=N base_cls_epoch=43 epoch_seconds=3.8 elapsed_minutes=1.3 gpu_alloc_gb=0.079 gpu_reserved_gb=1.010
[SSL] repeat=7 scope=internal_fold fold=3 epoch=21/50 ssl_loss=0.057898 lr=0.000112956 base_val_bce=0.614848 base_best=N base_cls_epoch=42 epoch_seconds=3.9 elapsed_minutes=1.4 gpu_alloc_gb=0.079 gpu_reserved_gb=1.010
[SSL] repeat=7 scope=internal_fold fold=3 epoch=22/50 ssl_loss=0.043296 lr=0.000108733 base_val_bce=0.605950 base_best=N base_cls_epoch=43 epoch_seconds=3.9 elapsed_minutes=1.4 gpu_alloc_gb=0.079 gpu_reserved_gb=1.010
[SSL] repeat=7 scope=internal_fold fold=3 epoch=23/50 ssl_loss=0.041592 lr=0.000104262 base_val_bce=0.606081 base_best=N base_cls_epoch=37 epoch_seconds=4.0 elapsed_minutes=1.5 gpu_alloc_gb=0.079 gpu_reserved_gb=1.010
[SSL] repeat=7 scope=internal_fold fold=3 epoch=24/50 ssl_loss=0.038334 lr=0.000099570 base_val_bce=0.597637 base_best=Y base_cls_epoch=45 epoch_seconds=3.8 elapsed_minutes=1.6 gpu_alloc_gb=0.079 gpu_reserved_gb=1.010
[SSL] repeat=7 scope=internal_fold fold=3 epoch=25/50 ssl_loss=0.056892 lr=0.000094687 base_val_bce=0.604806 base_best=N base_cls_epoch=40 epoch_seconds=3.9 elapsed_minutes=1.6 gpu_alloc_gb=0.079 gpu_reserved_gb=1.010
[SSL] repeat=7 scope=internal_fold fold=3 epoch=26/50 ssl_loss=0.058298 lr=0.000089643 base_val_bce=0.600236 base_best=N base_cls_epoch=45 epoch_seconds=3.9 elapsed_minutes=1.7 gpu_alloc_gb=0.079 gpu_reserved_gb=1.010
[SSL] repeat=7 scope=internal_fold fold=3 epoch=27/50 ssl_loss=0.043593 lr=0.000084467 base_val_bce=0.607701 base_best=N base_cls_epoch=43 epoch_seconds=3.9 elapsed_minutes=1.8 gpu_alloc_gb=0.079 gpu_reserved_gb=1.010
[SSL] repeat=7 scope=internal_fold fold=3 epoch=28/50 ssl_loss=0.044780 lr=0.000079194 base_val_bce=0.608509 base_best=N base_cls_epoch=41 epoch_seconds=3.8 elapsed_minutes=1.8 gpu_alloc_gb=0.079 gpu_reserved_gb=1.010
[SSL] repeat=7 scope=internal_fold fold=3 epoch=29/50 ssl_loss=0.039817 lr=0.000073854 base_val_bce=0.611562 base_best=N base_cls_epoch=43 epoch_seconds=3.9 elapsed_minutes=1.9 gpu_alloc_gb=0.079 gpu_reserved_gb=1.010
[SSL] repeat=7 scope=internal_fold fold=3 epoch=30/50 ssl_loss=0.048508 lr=0.000068481 base_val_bce=0.613616 base_best=N base_cls_epoch=45 epoch_seconds=3.7 elapsed_minutes=2.0 gpu_alloc_gb=0.079 gpu_reserved_gb=1.010
[SSL] repeat=7 scope=internal_fold fold=3 epoch=31/50 ssl_loss=0.042638 lr=0.000063108 base_val_bce=0.611546 base_best=N base_cls_epoch=44 epoch_seconds=3.9 elapsed_minutes=2.0 gpu_alloc_gb=0.079 gpu_reserved_gb=1.010
[SSL] repeat=7 scope=internal_fold fold=3 epoch=32/50 ssl_loss=0.042784 lr=0.000057768 base_val_bce=0.601007 base_best=N base_cls_epoch=44 epoch_seconds=3.9 elapsed_minutes=2.1 gpu_alloc_gb=0.079 gpu_reserved_gb=1.010
[SSL] repeat=7 scope=internal_fold fold=3 epoch=33/50 ssl_loss=0.036291 lr=0.000052494 base_val_bce=0.617148 base_best=N base_cls_epoch=43 epoch_seconds=4.1 elapsed_minutes=2.2 gpu_alloc_gb=0.079 gpu_reserved_gb=1.010
[SSL] repeat=7 scope=internal_fold fold=3 epoch=34/50 ssl_loss=0.042599 lr=0.000047319 base_val_bce=0.604679 base_best=N base_cls_epoch=41 epoch_seconds=3.9 elapsed_minutes=2.2 gpu_alloc_gb=0.079 gpu_reserved_gb=1.010
[SSL] repeat=7 scope=internal_fold fold=3 epoch=35/50 ssl_loss=0.034928 lr=0.000042274 base_val_bce=0.604896 base_best=N base_cls_epoch=43 epoch_seconds=3.9 elapsed_minutes=2.3 gpu_alloc_gb=0.079 gpu_reserved_gb=1.010
[SSL] repeat=7 scope=internal_fold fold=3 epoch=36/50 ssl_loss=0.047669 lr=0.000037391 base_val_bce=0.605259 base_best=N base_cls_epoch=46 epoch_seconds=3.7 elapsed_minutes=2.3 gpu_alloc_gb=0.079 gpu_reserved_gb=1.010
[SSL] repeat=7 scope=internal_fold fold=3 epoch=37/50 ssl_loss=0.046500 lr=0.000032700 base_val_bce=0.609218 base_best=N base_cls_epoch=43 epoch_seconds=3.9 elapsed_minutes=2.4 gpu_alloc_gb=0.079 gpu_reserved_gb=1.010
[SSL] repeat=7 scope=internal_fold fold=3 epoch=38/50 ssl_loss=0.032130 lr=0.000028229 base_val_bce=0.601417 base_best=N base_cls_epoch=43 epoch_seconds=3.8 elapsed_minutes=2.5 gpu_alloc_gb=0.079 gpu_reserved_gb=1.010
[SSL] repeat=7 scope=internal_fold fold=3 epoch=39/50 ssl_loss=0.037347 lr=0.000024006 base_val_bce=0.595573 base_best=Y base_cls_epoch=43 epoch_seconds=3.8 elapsed_minutes=2.5 gpu_alloc_gb=0.079 gpu_reserved_gb=1.010
[SSL] repeat=7 scope=internal_fold fold=3 epoch=40/50 ssl_loss=0.041898 lr=0.000020058 base_val_bce=0.609279 base_best=N base_cls_epoch=43 epoch_seconds=3.8 elapsed_minutes=2.6 gpu_alloc_gb=0.079 gpu_reserved_gb=1.010
[SSL] repeat=7 scope=internal_fold fold=3 epoch=41/50 ssl_loss=0.048431 lr=0.000016408 base_val_bce=0.602651 base_best=N base_cls_epoch=41 epoch_seconds=3.8 elapsed_minutes=2.7 gpu_alloc_gb=0.079 gpu_reserved_gb=1.010
[SSL] repeat=7 scope=internal_fold fold=3 epoch=42/50 ssl_loss=0.038127 lr=0.000013079 base_val_bce=0.604042 base_best=N base_cls_epoch=47 epoch_seconds=3.9 elapsed_minutes=2.7 gpu_alloc_gb=0.079 gpu_reserved_gb=1.010
[SSL] repeat=7 scope=internal_fold fold=3 epoch=43/50 ssl_loss=0.034586 lr=0.000010091 base_val_bce=0.612808 base_best=N base_cls_epoch=46 epoch_seconds=3.8 elapsed_minutes=2.8 gpu_alloc_gb=0.079 gpu_reserved_gb=1.010
[SSL] repeat=7 scope=internal_fold fold=3 epoch=44/50 ssl_loss=0.039524 lr=0.000007464 base_val_bce=0.608931 base_best=N base_cls_epoch=41 epoch_seconds=3.9 elapsed_minutes=2.9 gpu_alloc_gb=0.079 gpu_reserved_gb=1.010
[SSL] repeat=7 scope=internal_fold fold=3 epoch=45/50 ssl_loss=0.041291 lr=0.000005213 base_val_bce=0.611534 base_best=N base_cls_epoch=47 epoch_seconds=3.9 elapsed_minutes=2.9 gpu_alloc_gb=0.079 gpu_reserved_gb=1.010
[SSL] repeat=7 scope=internal_fold fold=3 epoch=46/50 ssl_loss=0.038188 lr=0.000003352 base_val_bce=0.601952 base_best=N base_cls_epoch=41 epoch_seconds=4.0 elapsed_minutes=3.0 gpu_alloc_gb=0.079 gpu_reserved_gb=1.010
[SSL] repeat=7 scope=internal_fold fold=3 epoch=47/50 ssl_loss=0.031992 lr=0.000001892 base_val_bce=0.600165 base_best=N base_cls_epoch=44 epoch_seconds=4.0 elapsed_minutes=3.1 gpu_alloc_gb=0.079 gpu_reserved_gb=1.010
[SSL] repeat=7 scope=internal_fold fold=3 epoch=48/50 ssl_loss=0.041793 lr=0.000000843 base_val_bce=0.611309 base_best=N base_cls_epoch=44 epoch_seconds=3.6 elapsed_minutes=3.1 gpu_alloc_gb=0.079 gpu_reserved_gb=1.010
[SSL] repeat=7 scope=internal_fold fold=3 epoch=49/50 ssl_loss=0.038789 lr=0.000000211 base_val_bce=0.588262 base_best=Y base_cls_epoch=46 epoch_seconds=3.5 elapsed_minutes=3.2 gpu_alloc_gb=0.079 gpu_reserved_gb=1.010
[SSL] repeat=7 scope=internal_fold fold=3 epoch=50/50 ssl_loss=0.044193 lr=0.000000000 base_val_bce=0.601190 base_best=N base_cls_epoch=46 epoch_seconds=3.5 elapsed_minutes=3.2 gpu_alloc_gb=0.079 gpu_reserved_gb=1.010
TASK_DONE repeat=7 scope=internal_fold fold=3 selected_encoder_epoch=49 selected_val_bce=0.588262 elapsed_minutes=3.2
TASK_START repeat=7 scope=internal_fold fold=4 device=cuda:1 train=750 val=120
[SSL] repeat=7 scope=internal_fold fold=4 epoch=1/50 ssl_loss=0.665854 lr=0.000024107 base_val_bce=0.613586 base_best=Y base_cls_epoch=103 epoch_seconds=3.8 elapsed_minutes=0.1 gpu_alloc_gb=0.079 gpu_reserved_gb=1.010
[SSL] repeat=7 scope=internal_fold fold=4 epoch=2/50 ssl_loss=0.248098 lr=0.000038214 base_val_bce=0.620551 base_best=N base_cls_epoch=66 epoch_seconds=3.8 elapsed_minutes=0.1 gpu_alloc_gb=0.079 gpu_reserved_gb=1.010
[SSL] repeat=7 scope=internal_fold fold=4 epoch=3/50 ssl_loss=0.156057 lr=0.000052321 base_val_bce=0.617476 base_best=N base_cls_epoch=48 epoch_seconds=3.8 elapsed_minutes=0.2 gpu_alloc_gb=0.079 gpu_reserved_gb=1.010
[SSL] repeat=7 scope=internal_fold fold=4 epoch=4/50 ssl_loss=0.126660 lr=0.000066427 base_val_bce=0.607367 base_best=Y base_cls_epoch=57 epoch_seconds=3.9 elapsed_minutes=0.3 gpu_alloc_gb=0.079 gpu_reserved_gb=1.010
[SSL] repeat=7 scope=internal_fold fold=4 epoch=5/50 ssl_loss=0.104825 lr=0.000080534 base_val_bce=0.618606 base_best=N base_cls_epoch=59 epoch_seconds=3.8 elapsed_minutes=0.3 gpu_alloc_gb=0.079 gpu_reserved_gb=1.010
[SSL] repeat=7 scope=internal_fold fold=4 epoch=6/50 ssl_loss=0.103534 lr=0.000094641 base_val_bce=0.616713 base_best=N base_cls_epoch=55 epoch_seconds=3.8 elapsed_minutes=0.4 gpu_alloc_gb=0.079 gpu_reserved_gb=1.010
[SSL] repeat=7 scope=internal_fold fold=4 epoch=7/50 ssl_loss=0.075653 lr=0.000108748 base_val_bce=0.609783 base_best=N base_cls_epoch=49 epoch_seconds=3.9 elapsed_minutes=0.4 gpu_alloc_gb=0.079 gpu_reserved_gb=1.010
[SSL] repeat=7 scope=internal_fold fold=4 epoch=8/50 ssl_loss=0.090572 lr=0.000122855 base_val_bce=0.606824 base_best=Y base_cls_epoch=47 epoch_seconds=3.9 elapsed_minutes=0.5 gpu_alloc_gb=0.079 gpu_reserved_gb=1.010
[SSL] repeat=7 scope=internal_fold fold=4 epoch=9/50 ssl_loss=0.078791 lr=0.000136962 base_val_bce=0.613185 base_best=N base_cls_epoch=52 epoch_seconds=3.8 elapsed_minutes=0.6 gpu_alloc_gb=0.079 gpu_reserved_gb=1.010
[SSL] repeat=7 scope=internal_fold fold=4 epoch=10/50 ssl_loss=0.086029 lr=0.000136962 base_val_bce=0.592310 base_best=Y base_cls_epoch=51 epoch_seconds=3.7 elapsed_minutes=0.6 gpu_alloc_gb=0.079 gpu_reserved_gb=1.010
[SSL] repeat=7 scope=internal_fold fold=4 epoch=11/50 ssl_loss=0.062414 lr=0.000136751 base_val_bce=0.615590 base_best=N base_cls_epoch=55 epoch_seconds=3.9 elapsed_minutes=0.7 gpu_alloc_gb=0.079 gpu_reserved_gb=1.010
[SSL] repeat=7 scope=internal_fold fold=4 epoch=12/50 ssl_loss=0.078415 lr=0.000136119 base_val_bce=0.604786 base_best=N base_cls_epoch=50 epoch_seconds=3.9 elapsed_minutes=0.8 gpu_alloc_gb=0.079 gpu_reserved_gb=1.010
[SSL] repeat=7 scope=internal_fold fold=4 epoch=13/50 ssl_loss=0.082086 lr=0.000135070 base_val_bce=0.608925 base_best=N base_cls_epoch=57 epoch_seconds=3.8 elapsed_minutes=0.8 gpu_alloc_gb=0.079 gpu_reserved_gb=1.010
[SSL] repeat=7 scope=internal_fold fold=4 epoch=14/50 ssl_loss=0.076047 lr=0.000133610 base_val_bce=0.603513 base_best=N base_cls_epoch=46 epoch_seconds=3.9 elapsed_minutes=0.9 gpu_alloc_gb=0.079 gpu_reserved_gb=1.010
[SSL] repeat=7 scope=internal_fold fold=4 epoch=15/50 ssl_loss=0.072492 lr=0.000131749 base_val_bce=0.610984 base_best=N base_cls_epoch=48 epoch_seconds=3.9 elapsed_minutes=1.0 gpu_alloc_gb=0.079 gpu_reserved_gb=1.010
[SSL] repeat=7 scope=internal_fold fold=4 epoch=16/50 ssl_loss=0.075824 lr=0.000129498 base_val_bce=0.613650 base_best=N base_cls_epoch=47 epoch_seconds=3.9 elapsed_minutes=1.0 gpu_alloc_gb=0.079 gpu_reserved_gb=1.010
[SSL] repeat=7 scope=internal_fold fold=4 epoch=17/50 ssl_loss=0.058830 lr=0.000126870 base_val_bce=0.605566 base_best=N base_cls_epoch=47 epoch_seconds=3.9 elapsed_minutes=1.1 gpu_alloc_gb=0.079 gpu_reserved_gb=1.010
[SSL] repeat=7 scope=internal_fold fold=4 epoch=18/50 ssl_loss=0.053337 lr=0.000123883 base_val_bce=0.598481 base_best=N base_cls_epoch=50 epoch_seconds=3.7 elapsed_minutes=1.2 gpu_alloc_gb=0.079 gpu_reserved_gb=1.010
[SSL] repeat=7 scope=internal_fold fold=4 epoch=19/50 ssl_loss=0.062238 lr=0.000120554 base_val_bce=0.601385 base_best=N base_cls_epoch=53 epoch_seconds=3.8 elapsed_minutes=1.2 gpu_alloc_gb=0.079 gpu_reserved_gb=1.010
[SSL] repeat=7 scope=internal_fold fold=4 epoch=20/50 ssl_loss=0.058345 lr=0.000116904 base_val_bce=0.604180 base_best=N base_cls_epoch=47 epoch_seconds=3.7 elapsed_minutes=1.3 gpu_alloc_gb=0.079 gpu_reserved_gb=1.010
[SSL] repeat=7 scope=internal_fold fold=4 epoch=21/50 ssl_loss=0.052920 lr=0.000112956 base_val_bce=0.596688 base_best=N base_cls_epoch=50 epoch_seconds=3.8 elapsed_minutes=1.4 gpu_alloc_gb=0.079 gpu_reserved_gb=1.010
[SSL] repeat=7 scope=internal_fold fold=4 epoch=22/50 ssl_loss=0.040423 lr=0.000108733 base_val_bce=0.597634 base_best=N base_cls_epoch=46 epoch_seconds=3.9 elapsed_minutes=1.4 gpu_alloc_gb=0.079 gpu_reserved_gb=1.010
[SSL] repeat=7 scope=internal_fold fold=4 epoch=23/50 ssl_loss=0.064003 lr=0.000104262 base_val_bce=0.609876 base_best=N base_cls_epoch=46 epoch_seconds=3.9 elapsed_minutes=1.5 gpu_alloc_gb=0.079 gpu_reserved_gb=1.010
[SSL] repeat=7 scope=internal_fold fold=4 epoch=24/50 ssl_loss=0.050453 lr=0.000099570 base_val_bce=0.606827 base_best=N base_cls_epoch=55 epoch_seconds=3.9 elapsed_minutes=1.6 gpu_alloc_gb=0.079 gpu_reserved_gb=1.010
[SSL] repeat=7 scope=internal_fold fold=4 epoch=25/50 ssl_loss=0.063430 lr=0.000094687 base_val_bce=0.607855 base_best=N base_cls_epoch=46 epoch_seconds=3.9 elapsed_minutes=1.6 gpu_alloc_gb=0.079 gpu_reserved_gb=1.010
[SSL] repeat=7 scope=internal_fold fold=4 epoch=26/50 ssl_loss=0.061102 lr=0.000089643 base_val_bce=0.596017 base_best=N base_cls_epoch=45 epoch_seconds=3.9 elapsed_minutes=1.7 gpu_alloc_gb=0.079 gpu_reserved_gb=1.010
[SSL] repeat=7 scope=internal_fold fold=4 epoch=27/50 ssl_loss=0.049576 lr=0.000084467 base_val_bce=0.610211 base_best=N base_cls_epoch=48 epoch_seconds=3.9 elapsed_minutes=1.8 gpu_alloc_gb=0.079 gpu_reserved_gb=1.010
[SSL] repeat=7 scope=internal_fold fold=4 epoch=28/50 ssl_loss=0.048399 lr=0.000079194 base_val_bce=0.608112 base_best=N base_cls_epoch=52 epoch_seconds=3.9 elapsed_minutes=1.8 gpu_alloc_gb=0.079 gpu_reserved_gb=1.010
[SSL] repeat=7 scope=internal_fold fold=4 epoch=29/50 ssl_loss=0.065535 lr=0.000073854 base_val_bce=0.606641 base_best=N base_cls_epoch=49 epoch_seconds=3.8 elapsed_minutes=1.9 gpu_alloc_gb=0.079 gpu_reserved_gb=1.010
[SSL] repeat=7 scope=internal_fold fold=4 epoch=30/50 ssl_loss=0.058861 lr=0.000068481 base_val_bce=0.605161 base_best=N base_cls_epoch=50 epoch_seconds=3.8 elapsed_minutes=1.9 gpu_alloc_gb=0.079 gpu_reserved_gb=1.010
[SSL] repeat=7 scope=internal_fold fold=4 epoch=31/50 ssl_loss=0.058536 lr=0.000063108 base_val_bce=0.604704 base_best=N base_cls_epoch=53 epoch_seconds=3.8 elapsed_minutes=2.0 gpu_alloc_gb=0.079 gpu_reserved_gb=1.010
[SSL] repeat=7 scope=internal_fold fold=4 epoch=32/50 ssl_loss=0.042566 lr=0.000057768 base_val_bce=0.603857 base_best=N base_cls_epoch=47 epoch_seconds=3.9 elapsed_minutes=2.1 gpu_alloc_gb=0.079 gpu_reserved_gb=1.010
[SSL] repeat=7 scope=internal_fold fold=4 epoch=33/50 ssl_loss=0.049006 lr=0.000052494 base_val_bce=0.611876 base_best=N base_cls_epoch=49 epoch_seconds=3.9 elapsed_minutes=2.1 gpu_alloc_gb=0.079 gpu_reserved_gb=1.010
[SSL] repeat=7 scope=internal_fold fold=4 epoch=34/50 ssl_loss=0.047064 lr=0.000047319 base_val_bce=0.612016 base_best=N base_cls_epoch=56 epoch_seconds=4.0 elapsed_minutes=2.2 gpu_alloc_gb=0.079 gpu_reserved_gb=1.010
[SSL] repeat=7 scope=internal_fold fold=4 epoch=35/50 ssl_loss=0.059310 lr=0.000042274 base_val_bce=0.610856 base_best=N base_cls_epoch=47 epoch_seconds=3.9 elapsed_minutes=2.3 gpu_alloc_gb=0.079 gpu_reserved_gb=1.010
[SSL] repeat=7 scope=internal_fold fold=4 epoch=36/50 ssl_loss=0.046285 lr=0.000037391 base_val_bce=0.610299 base_best=N base_cls_epoch=47 epoch_seconds=3.9 elapsed_minutes=2.3 gpu_alloc_gb=0.079 gpu_reserved_gb=1.010
[SSL] repeat=7 scope=internal_fold fold=4 epoch=37/50 ssl_loss=0.041132 lr=0.000032700 base_val_bce=0.597763 base_best=N base_cls_epoch=52 epoch_seconds=3.9 elapsed_minutes=2.4 gpu_alloc_gb=0.079 gpu_reserved_gb=1.010
[SSL] repeat=7 scope=internal_fold fold=4 epoch=38/50 ssl_loss=0.039847 lr=0.000028229 base_val_bce=0.621713 base_best=N base_cls_epoch=53 epoch_seconds=3.8 elapsed_minutes=2.5 gpu_alloc_gb=0.079 gpu_reserved_gb=1.010
[SSL] repeat=7 scope=internal_fold fold=4 epoch=39/50 ssl_loss=0.049873 lr=0.000024006 base_val_bce=0.609519 base_best=N base_cls_epoch=46 epoch_seconds=3.8 elapsed_minutes=2.5 gpu_alloc_gb=0.079 gpu_reserved_gb=1.010
[SSL] repeat=7 scope=internal_fold fold=4 epoch=40/50 ssl_loss=0.045184 lr=0.000020058 base_val_bce=0.598080 base_best=N base_cls_epoch=52 epoch_seconds=3.9 elapsed_minutes=2.6 gpu_alloc_gb=0.079 gpu_reserved_gb=1.010
[SSL] repeat=7 scope=internal_fold fold=4 epoch=41/50 ssl_loss=0.042789 lr=0.000016408 base_val_bce=0.619208 base_best=N base_cls_epoch=54 epoch_seconds=3.8 elapsed_minutes=2.7 gpu_alloc_gb=0.079 gpu_reserved_gb=1.010
[SSL] repeat=7 scope=internal_fold fold=4 epoch=42/50 ssl_loss=0.061223 lr=0.000013079 base_val_bce=0.610056 base_best=N base_cls_epoch=49 epoch_seconds=4.0 elapsed_minutes=2.7 gpu_alloc_gb=0.079 gpu_reserved_gb=1.010
[SSL] repeat=7 scope=internal_fold fold=4 epoch=43/50 ssl_loss=0.040557 lr=0.000010091 base_val_bce=0.605459 base_best=N base_cls_epoch=48 epoch_seconds=4.1 elapsed_minutes=2.8 gpu_alloc_gb=0.079 gpu_reserved_gb=1.010
[SSL] repeat=7 scope=internal_fold fold=4 epoch=44/50 ssl_loss=0.047254 lr=0.000007464 base_val_bce=0.610969 base_best=N base_cls_epoch=47 epoch_seconds=3.9 elapsed_minutes=2.9 gpu_alloc_gb=0.079 gpu_reserved_gb=1.010
[SSL] repeat=7 scope=internal_fold fold=4 epoch=45/50 ssl_loss=0.051259 lr=0.000005213 base_val_bce=0.602241 base_best=N base_cls_epoch=51 epoch_seconds=3.9 elapsed_minutes=2.9 gpu_alloc_gb=0.079 gpu_reserved_gb=1.010
[SSL] repeat=7 scope=internal_fold fold=4 epoch=46/50 ssl_loss=0.055271 lr=0.000003352 base_val_bce=0.610654 base_best=N base_cls_epoch=51 epoch_seconds=3.9 elapsed_minutes=3.0 gpu_alloc_gb=0.079 gpu_reserved_gb=1.010
[SSL] repeat=7 scope=internal_fold fold=4 epoch=47/50 ssl_loss=0.046190 lr=0.000001892 base_val_bce=0.604992 base_best=N base_cls_epoch=50 epoch_seconds=4.0 elapsed_minutes=3.1 gpu_alloc_gb=0.079 gpu_reserved_gb=1.010
[SSL] repeat=7 scope=internal_fold fold=4 epoch=48/50 ssl_loss=0.047082 lr=0.000000843 base_val_bce=0.607480 base_best=N base_cls_epoch=51 epoch_seconds=3.4 elapsed_minutes=3.1 gpu_alloc_gb=0.079 gpu_reserved_gb=1.010
[SSL] repeat=7 scope=internal_fold fold=4 epoch=49/50 ssl_loss=0.048074 lr=0.000000211 base_val_bce=0.614696 base_best=N base_cls_epoch=46 epoch_seconds=3.8 elapsed_minutes=3.2 gpu_alloc_gb=0.079 gpu_reserved_gb=1.010
[SSL] repeat=7 scope=internal_fold fold=4 epoch=50/50 ssl_loss=0.048309 lr=0.000000000 base_val_bce=0.608873 base_best=N base_cls_epoch=53 epoch_seconds=3.3 elapsed_minutes=3.2 gpu_alloc_gb=0.079 gpu_reserved_gb=1.010
TASK_DONE repeat=7 scope=internal_fold fold=4 selected_encoder_epoch=10 selected_val_bce=0.592310 elapsed_minutes=3.2
TASK_START repeat=7 scope=internal_fold fold=5 device=cuda:1 train=750 val=120
[SSL] repeat=7 scope=internal_fold fold=5 epoch=1/50 ssl_loss=0.292805 lr=0.000024107 base_val_bce=0.630046 base_best=Y base_cls_epoch=26 epoch_seconds=4.0 elapsed_minutes=0.1 gpu_alloc_gb=0.079 gpu_reserved_gb=1.010
[SSL] repeat=7 scope=internal_fold fold=5 epoch=2/50 ssl_loss=0.185316 lr=0.000038214 base_val_bce=0.623775 base_best=Y base_cls_epoch=22 epoch_seconds=3.8 elapsed_minutes=0.1 gpu_alloc_gb=0.079 gpu_reserved_gb=1.010
[SSL] repeat=7 scope=internal_fold fold=5 epoch=3/50 ssl_loss=0.131539 lr=0.000052321 base_val_bce=0.631578 base_best=N base_cls_epoch=20 epoch_seconds=3.9 elapsed_minutes=0.2 gpu_alloc_gb=0.079 gpu_reserved_gb=1.010
[SSL] repeat=7 scope=internal_fold fold=5 epoch=4/50 ssl_loss=0.117301 lr=0.000066427 base_val_bce=0.624707 base_best=N base_cls_epoch=17 epoch_seconds=3.9 elapsed_minutes=0.3 gpu_alloc_gb=0.079 gpu_reserved_gb=1.010
[SSL] repeat=7 scope=internal_fold fold=5 epoch=5/50 ssl_loss=0.110037 lr=0.000080534 base_val_bce=0.622861 base_best=Y base_cls_epoch=14 epoch_seconds=3.9 elapsed_minutes=0.3 gpu_alloc_gb=0.079 gpu_reserved_gb=1.010
[SSL] repeat=7 scope=internal_fold fold=5 epoch=6/50 ssl_loss=0.095485 lr=0.000094641 base_val_bce=0.627387 base_best=N base_cls_epoch=18 epoch_seconds=3.8 elapsed_minutes=0.4 gpu_alloc_gb=0.079 gpu_reserved_gb=1.010
[SSL] repeat=7 scope=internal_fold fold=5 epoch=7/50 ssl_loss=0.105256 lr=0.000108748 base_val_bce=0.626157 base_best=N base_cls_epoch=17 epoch_seconds=3.9 elapsed_minutes=0.5 gpu_alloc_gb=0.079 gpu_reserved_gb=1.010
[SSL] repeat=7 scope=internal_fold fold=5 epoch=8/50 ssl_loss=0.088642 lr=0.000122855 base_val_bce=0.628304 base_best=N base_cls_epoch=16 epoch_seconds=3.8 elapsed_minutes=0.5 gpu_alloc_gb=0.079 gpu_reserved_gb=1.010
[SSL] repeat=7 scope=internal_fold fold=5 epoch=9/50 ssl_loss=0.080658 lr=0.000136962 base_val_bce=0.619318 base_best=Y base_cls_epoch=19 epoch_seconds=3.8 elapsed_minutes=0.6 gpu_alloc_gb=0.079 gpu_reserved_gb=1.010
[SSL] repeat=7 scope=internal_fold fold=5 epoch=10/50 ssl_loss=0.067741 lr=0.000136962 base_val_bce=0.634105 base_best=N base_cls_epoch=19 epoch_seconds=3.7 elapsed_minutes=0.6 gpu_alloc_gb=0.079 gpu_reserved_gb=1.010
[SSL] repeat=7 scope=internal_fold fold=5 epoch=11/50 ssl_loss=0.085008 lr=0.000136751 base_val_bce=0.622036 base_best=N base_cls_epoch=18 epoch_seconds=3.7 elapsed_minutes=0.7 gpu_alloc_gb=0.079 gpu_reserved_gb=1.010
[SSL] repeat=7 scope=internal_fold fold=5 epoch=12/50 ssl_loss=0.072903 lr=0.000136119 base_val_bce=0.629408 base_best=N base_cls_epoch=21 epoch_seconds=3.8 elapsed_minutes=0.8 gpu_alloc_gb=0.079 gpu_reserved_gb=1.010
[SSL] repeat=7 scope=internal_fold fold=5 epoch=13/50 ssl_loss=0.072445 lr=0.000135070 base_val_bce=0.616238 base_best=Y base_cls_epoch=20 epoch_seconds=3.8 elapsed_minutes=0.8 gpu_alloc_gb=0.079 gpu_reserved_gb=1.010
[SSL] repeat=7 scope=internal_fold fold=5 epoch=14/50 ssl_loss=0.069252 lr=0.000133610 base_val_bce=0.629561 base_best=N base_cls_epoch=21 epoch_seconds=3.8 elapsed_minutes=0.9 gpu_alloc_gb=0.079 gpu_reserved_gb=1.010
[SSL] repeat=7 scope=internal_fold fold=5 epoch=15/50 ssl_loss=0.060225 lr=0.000131749 base_val_bce=0.632222 base_best=N base_cls_epoch=20 epoch_seconds=3.9 elapsed_minutes=1.0 gpu_alloc_gb=0.079 gpu_reserved_gb=1.010
[SSL] repeat=7 scope=internal_fold fold=5 epoch=16/50 ssl_loss=0.062899 lr=0.000129498 base_val_bce=0.619213 base_best=N base_cls_epoch=19 epoch_seconds=4.0 elapsed_minutes=1.0 gpu_alloc_gb=0.079 gpu_reserved_gb=1.010
[SSL] repeat=7 scope=internal_fold fold=5 epoch=17/50 ssl_loss=0.067822 lr=0.000126870 base_val_bce=0.626532 base_best=N base_cls_epoch=18 epoch_seconds=3.9 elapsed_minutes=1.1 gpu_alloc_gb=0.079 gpu_reserved_gb=1.010
[SSL] repeat=7 scope=internal_fold fold=5 epoch=18/50 ssl_loss=0.064077 lr=0.000123883 base_val_bce=0.643205 base_best=N base_cls_epoch=21 epoch_seconds=3.8 elapsed_minutes=1.2 gpu_alloc_gb=0.079 gpu_reserved_gb=1.010
[SSL] repeat=7 scope=internal_fold fold=5 epoch=19/50 ssl_loss=0.061506 lr=0.000120554 base_val_bce=0.611636 base_best=Y base_cls_epoch=21 epoch_seconds=3.7 elapsed_minutes=1.2 gpu_alloc_gb=0.079 gpu_reserved_gb=1.010
[SSL] repeat=7 scope=internal_fold fold=5 epoch=20/50 ssl_loss=0.066226 lr=0.000116904 base_val_bce=0.622558 base_best=N base_cls_epoch=22 epoch_seconds=3.9 elapsed_minutes=1.3 gpu_alloc_gb=0.079 gpu_reserved_gb=1.010
[SSL] repeat=7 scope=internal_fold fold=5 epoch=21/50 ssl_loss=0.058823 lr=0.000112956 base_val_bce=0.626381 base_best=N base_cls_epoch=22 epoch_seconds=3.8 elapsed_minutes=1.4 gpu_alloc_gb=0.079 gpu_reserved_gb=1.010
[SSL] repeat=7 scope=internal_fold fold=5 epoch=22/50 ssl_loss=0.055278 lr=0.000108733 base_val_bce=0.629549 base_best=N base_cls_epoch=20 epoch_seconds=3.8 elapsed_minutes=1.4 gpu_alloc_gb=0.079 gpu_reserved_gb=1.010
[SSL] repeat=7 scope=internal_fold fold=5 epoch=23/50 ssl_loss=0.062209 lr=0.000104262 base_val_bce=0.616289 base_best=N base_cls_epoch=22 epoch_seconds=3.9 elapsed_minutes=1.5 gpu_alloc_gb=0.079 gpu_reserved_gb=1.010
[SSL] repeat=7 scope=internal_fold fold=5 epoch=24/50 ssl_loss=0.055943 lr=0.000099570 base_val_bce=0.631990 base_best=N base_cls_epoch=20 epoch_seconds=3.9 elapsed_minutes=1.6 gpu_alloc_gb=0.079 gpu_reserved_gb=1.010
[SSL] repeat=7 scope=internal_fold fold=5 epoch=25/50 ssl_loss=0.050536 lr=0.000094687 base_val_bce=0.615223 base_best=N base_cls_epoch=23 epoch_seconds=3.9 elapsed_minutes=1.6 gpu_alloc_gb=0.079 gpu_reserved_gb=1.010
[SSL] repeat=7 scope=internal_fold fold=5 epoch=26/50 ssl_loss=0.062296 lr=0.000089643 base_val_bce=0.618583 base_best=N base_cls_epoch=22 epoch_seconds=3.9 elapsed_minutes=1.7 gpu_alloc_gb=0.079 gpu_reserved_gb=1.010
[SSL] repeat=7 scope=internal_fold fold=5 epoch=27/50 ssl_loss=0.054371 lr=0.000084467 base_val_bce=0.621891 base_best=N base_cls_epoch=21 epoch_seconds=3.9 elapsed_minutes=1.7 gpu_alloc_gb=0.079 gpu_reserved_gb=1.010
[SSL] repeat=7 scope=internal_fold fold=5 epoch=28/50 ssl_loss=0.044432 lr=0.000079194 base_val_bce=0.612966 base_best=N base_cls_epoch=22 epoch_seconds=3.8 elapsed_minutes=1.8 gpu_alloc_gb=0.079 gpu_reserved_gb=1.010
[SSL] repeat=7 scope=internal_fold fold=5 epoch=29/50 ssl_loss=0.045845 lr=0.000073854 base_val_bce=0.621105 base_best=N base_cls_epoch=22 epoch_seconds=3.9 elapsed_minutes=1.9 gpu_alloc_gb=0.079 gpu_reserved_gb=1.010
[SSL] repeat=7 scope=internal_fold fold=5 epoch=30/50 ssl_loss=0.057180 lr=0.000068481 base_val_bce=0.626587 base_best=N base_cls_epoch=22 epoch_seconds=3.7 elapsed_minutes=1.9 gpu_alloc_gb=0.079 gpu_reserved_gb=1.010
[SSL] repeat=7 scope=internal_fold fold=5 epoch=31/50 ssl_loss=0.053045 lr=0.000063108 base_val_bce=0.613642 base_best=N base_cls_epoch=21 epoch_seconds=3.8 elapsed_minutes=2.0 gpu_alloc_gb=0.079 gpu_reserved_gb=1.010
[SSL] repeat=7 scope=internal_fold fold=5 epoch=32/50 ssl_loss=0.061114 lr=0.000057768 base_val_bce=0.620385 base_best=N base_cls_epoch=21 epoch_seconds=3.9 elapsed_minutes=2.1 gpu_alloc_gb=0.079 gpu_reserved_gb=1.010
[SSL] repeat=7 scope=internal_fold fold=5 epoch=33/50 ssl_loss=0.056986 lr=0.000052494 base_val_bce=0.625953 base_best=N base_cls_epoch=21 epoch_seconds=3.8 elapsed_minutes=2.1 gpu_alloc_gb=0.079 gpu_reserved_gb=1.010
[SSL] repeat=7 scope=internal_fold fold=5 epoch=34/50 ssl_loss=0.056755 lr=0.000047319 base_val_bce=0.623494 base_best=N base_cls_epoch=20 epoch_seconds=3.9 elapsed_minutes=2.2 gpu_alloc_gb=0.079 gpu_reserved_gb=1.010
[SSL] repeat=7 scope=internal_fold fold=5 epoch=35/50 ssl_loss=0.049860 lr=0.000042274 base_val_bce=0.620852 base_best=N base_cls_epoch=23 epoch_seconds=3.9 elapsed_minutes=2.3 gpu_alloc_gb=0.079 gpu_reserved_gb=1.010
[SSL] repeat=7 scope=internal_fold fold=5 epoch=36/50 ssl_loss=0.053821 lr=0.000037391 base_val_bce=0.631148 base_best=N base_cls_epoch=22 epoch_seconds=3.9 elapsed_minutes=2.3 gpu_alloc_gb=0.079 gpu_reserved_gb=1.010
[SSL] repeat=7 scope=internal_fold fold=5 epoch=37/50 ssl_loss=0.044671 lr=0.000032700 base_val_bce=0.624890 base_best=N base_cls_epoch=22 epoch_seconds=3.9 elapsed_minutes=2.4 gpu_alloc_gb=0.079 gpu_reserved_gb=1.010
[SSL] repeat=7 scope=internal_fold fold=5 epoch=38/50 ssl_loss=0.040939 lr=0.000028229 base_val_bce=0.612129 base_best=N base_cls_epoch=22 epoch_seconds=3.9 elapsed_minutes=2.5 gpu_alloc_gb=0.079 gpu_reserved_gb=1.010
[SSL] repeat=7 scope=internal_fold fold=5 epoch=39/50 ssl_loss=0.053014 lr=0.000024006 base_val_bce=0.623706 base_best=N base_cls_epoch=22 epoch_seconds=4.0 elapsed_minutes=2.5 gpu_alloc_gb=0.079 gpu_reserved_gb=1.010
[SSL] repeat=7 scope=internal_fold fold=5 epoch=40/50 ssl_loss=0.049782 lr=0.000020058 base_val_bce=0.628336 base_best=N base_cls_epoch=23 epoch_seconds=3.8 elapsed_minutes=2.6 gpu_alloc_gb=0.079 gpu_reserved_gb=1.010
[SSL] repeat=7 scope=internal_fold fold=5 epoch=41/50 ssl_loss=0.050551 lr=0.000016408 base_val_bce=0.622187 base_best=N base_cls_epoch=21 epoch_seconds=3.9 elapsed_minutes=2.7 gpu_alloc_gb=0.079 gpu_reserved_gb=1.010
[SSL] repeat=7 scope=internal_fold fold=5 epoch=42/50 ssl_loss=0.036839 lr=0.000013079 base_val_bce=0.631293 base_best=N base_cls_epoch=22 epoch_seconds=4.0 elapsed_minutes=2.7 gpu_alloc_gb=0.079 gpu_reserved_gb=1.010
[SSL] repeat=7 scope=internal_fold fold=5 epoch=43/50 ssl_loss=0.049852 lr=0.000010091 base_val_bce=0.619644 base_best=N base_cls_epoch=20 epoch_seconds=3.9 elapsed_minutes=2.8 gpu_alloc_gb=0.079 gpu_reserved_gb=1.010
[SSL] repeat=7 scope=internal_fold fold=5 epoch=44/50 ssl_loss=0.057350 lr=0.000007464 base_val_bce=0.623933 base_best=N base_cls_epoch=24 epoch_seconds=4.0 elapsed_minutes=2.9 gpu_alloc_gb=0.079 gpu_reserved_gb=1.010
[SSL] repeat=7 scope=internal_fold fold=5 epoch=45/50 ssl_loss=0.045054 lr=0.000005213 base_val_bce=0.626115 base_best=N base_cls_epoch=21 epoch_seconds=3.9 elapsed_minutes=2.9 gpu_alloc_gb=0.079 gpu_reserved_gb=1.010
[SSL] repeat=7 scope=internal_fold fold=5 epoch=46/50 ssl_loss=0.046590 lr=0.000003352 base_val_bce=0.613406 base_best=N base_cls_epoch=21 epoch_seconds=3.9 elapsed_minutes=3.0 gpu_alloc_gb=0.079 gpu_reserved_gb=1.010
[SSL] repeat=7 scope=internal_fold fold=5 epoch=47/50 ssl_loss=0.060504 lr=0.000001892 base_val_bce=0.629328 base_best=N base_cls_epoch=22 epoch_seconds=3.9 elapsed_minutes=3.0 gpu_alloc_gb=0.079 gpu_reserved_gb=1.010
[SSL] repeat=7 scope=internal_fold fold=5 epoch=48/50 ssl_loss=0.042208 lr=0.000000843 base_val_bce=0.612580 base_best=N base_cls_epoch=22 epoch_seconds=3.4 elapsed_minutes=3.1 gpu_alloc_gb=0.079 gpu_reserved_gb=1.010
[SSL] repeat=7 scope=internal_fold fold=5 epoch=49/50 ssl_loss=0.054424 lr=0.000000211 base_val_bce=0.624686 base_best=N base_cls_epoch=23 epoch_seconds=3.8 elapsed_minutes=3.2 gpu_alloc_gb=0.079 gpu_reserved_gb=1.010
[SSL] repeat=7 scope=internal_fold fold=5 epoch=50/50 ssl_loss=0.054999 lr=0.000000000 base_val_bce=0.623107 base_best=N base_cls_epoch=22 epoch_seconds=3.4 elapsed_minutes=3.2 gpu_alloc_gb=0.079 gpu_reserved_gb=1.010
TASK_DONE repeat=7 scope=internal_fold fold=5 selected_encoder_epoch=19 selected_val_bce=0.611636 elapsed_minutes=3.2
TASK_START repeat=7 scope=internal_fold fold=6 device=cuda:1 train=750 val=120
[SSL] repeat=7 scope=internal_fold fold=6 epoch=1/50 ssl_loss=0.158593 lr=0.000024107 base_val_bce=0.643027 base_best=Y base_cls_epoch=20 epoch_seconds=4.0 elapsed_minutes=0.1 gpu_alloc_gb=0.079 gpu_reserved_gb=1.010
[SSL] repeat=7 scope=internal_fold fold=6 epoch=2/50 ssl_loss=0.135070 lr=0.000038214 base_val_bce=0.641866 base_best=Y base_cls_epoch=10 epoch_seconds=3.9 elapsed_minutes=0.1 gpu_alloc_gb=0.079 gpu_reserved_gb=1.010
[SSL] repeat=7 scope=internal_fold fold=6 epoch=3/50 ssl_loss=0.116551 lr=0.000052321 base_val_bce=0.638502 base_best=Y base_cls_epoch=17 epoch_seconds=3.9 elapsed_minutes=0.2 gpu_alloc_gb=0.079 gpu_reserved_gb=1.010
[SSL] repeat=7 scope=internal_fold fold=6 epoch=4/50 ssl_loss=0.105941 lr=0.000066427 base_val_bce=0.643345 base_best=N base_cls_epoch=19 epoch_seconds=3.8 elapsed_minutes=0.3 gpu_alloc_gb=0.079 gpu_reserved_gb=1.010
[SSL] repeat=7 scope=internal_fold fold=6 epoch=5/50 ssl_loss=0.109980 lr=0.000080534 base_val_bce=0.654626 base_best=N base_cls_epoch=17 epoch_seconds=3.9 elapsed_minutes=0.3 gpu_alloc_gb=0.079 gpu_reserved_gb=1.010
[SSL] repeat=7 scope=internal_fold fold=6 epoch=6/50 ssl_loss=0.093417 lr=0.000094641 base_val_bce=0.648636 base_best=N base_cls_epoch=14 epoch_seconds=3.8 elapsed_minutes=0.4 gpu_alloc_gb=0.079 gpu_reserved_gb=1.010
[SSL] repeat=7 scope=internal_fold fold=6 epoch=7/50 ssl_loss=0.081524 lr=0.000108748 base_val_bce=0.647806 base_best=N base_cls_epoch=17 epoch_seconds=3.8 elapsed_minutes=0.5 gpu_alloc_gb=0.079 gpu_reserved_gb=1.010
[SSL] repeat=7 scope=internal_fold fold=6 epoch=8/50 ssl_loss=0.080688 lr=0.000122855 base_val_bce=0.655903 base_best=N base_cls_epoch=25 epoch_seconds=3.9 elapsed_minutes=0.5 gpu_alloc_gb=0.079 gpu_reserved_gb=1.010
[SSL] repeat=7 scope=internal_fold fold=6 epoch=9/50 ssl_loss=0.069326 lr=0.000136962 base_val_bce=0.630102 base_best=Y base_cls_epoch=18 epoch_seconds=3.9 elapsed_minutes=0.6 gpu_alloc_gb=0.079 gpu_reserved_gb=1.010
[SSL] repeat=7 scope=internal_fold fold=6 epoch=10/50 ssl_loss=0.073587 lr=0.000136962 base_val_bce=0.645136 base_best=N base_cls_epoch=20 epoch_seconds=3.9 elapsed_minutes=0.6 gpu_alloc_gb=0.079 gpu_reserved_gb=1.010
[SSL] repeat=7 scope=internal_fold fold=6 epoch=11/50 ssl_loss=0.063711 lr=0.000136751 base_val_bce=0.640263 base_best=N base_cls_epoch=20 epoch_seconds=3.9 elapsed_minutes=0.7 gpu_alloc_gb=0.079 gpu_reserved_gb=1.010
[SSL] repeat=7 scope=internal_fold fold=6 epoch=12/50 ssl_loss=0.085114 lr=0.000136119 base_val_bce=0.630284 base_best=N base_cls_epoch=25 epoch_seconds=3.9 elapsed_minutes=0.8 gpu_alloc_gb=0.079 gpu_reserved_gb=1.010
[SSL] repeat=7 scope=internal_fold fold=6 epoch=13/50 ssl_loss=0.066527 lr=0.000135070 base_val_bce=0.640164 base_best=N base_cls_epoch=21 epoch_seconds=4.0 elapsed_minutes=0.8 gpu_alloc_gb=0.079 gpu_reserved_gb=1.010
[SSL] repeat=7 scope=internal_fold fold=6 epoch=14/50 ssl_loss=0.060359 lr=0.000133610 base_val_bce=0.633821 base_best=N base_cls_epoch=26 epoch_seconds=3.9 elapsed_minutes=0.9 gpu_alloc_gb=0.079 gpu_reserved_gb=1.010
[SSL] repeat=7 scope=internal_fold fold=6 epoch=15/50 ssl_loss=0.059497 lr=0.000131749 base_val_bce=0.642524 base_best=N base_cls_epoch=19 epoch_seconds=3.9 elapsed_minutes=1.0 gpu_alloc_gb=0.079 gpu_reserved_gb=1.010
[SSL] repeat=7 scope=internal_fold fold=6 epoch=16/50 ssl_loss=0.078935 lr=0.000129498 base_val_bce=0.638653 base_best=N base_cls_epoch=28 epoch_seconds=3.9 elapsed_minutes=1.0 gpu_alloc_gb=0.079 gpu_reserved_gb=1.010
[SSL] repeat=7 scope=internal_fold fold=6 epoch=17/50 ssl_loss=0.043617 lr=0.000126870 base_val_bce=0.635888 base_best=N base_cls_epoch=26 epoch_seconds=3.9 elapsed_minutes=1.1 gpu_alloc_gb=0.079 gpu_reserved_gb=1.010
[SSL] repeat=7 scope=internal_fold fold=6 epoch=18/50 ssl_loss=0.065675 lr=0.000123883 base_val_bce=0.634032 base_best=N base_cls_epoch=25 epoch_seconds=3.8 elapsed_minutes=1.2 gpu_alloc_gb=0.079 gpu_reserved_gb=1.010
[SSL] repeat=7 scope=internal_fold fold=6 epoch=19/50 ssl_loss=0.042858 lr=0.000120554 base_val_bce=0.650064 base_best=N base_cls_epoch=27 epoch_seconds=3.9 elapsed_minutes=1.2 gpu_alloc_gb=0.079 gpu_reserved_gb=1.010
[SSL] repeat=7 scope=internal_fold fold=6 epoch=20/50 ssl_loss=0.064022 lr=0.000116904 base_val_bce=0.641095 base_best=N base_cls_epoch=26 epoch_seconds=3.9 elapsed_minutes=1.3 gpu_alloc_gb=0.079 gpu_reserved_gb=1.010
[SSL] repeat=7 scope=internal_fold fold=6 epoch=21/50 ssl_loss=0.053501 lr=0.000112956 base_val_bce=0.644339 base_best=N base_cls_epoch=25 epoch_seconds=4.0 elapsed_minutes=1.4 gpu_alloc_gb=0.079 gpu_reserved_gb=1.010
[SSL] repeat=7 scope=internal_fold fold=6 epoch=22/50 ssl_loss=0.042019 lr=0.000108733 base_val_bce=0.657883 base_best=N base_cls_epoch=27 epoch_seconds=3.9 elapsed_minutes=1.4 gpu_alloc_gb=0.079 gpu_reserved_gb=1.010
[SSL] repeat=7 scope=internal_fold fold=6 epoch=23/50 ssl_loss=0.052699 lr=0.000104262 base_val_bce=0.636663 base_best=N base_cls_epoch=26 epoch_seconds=3.9 elapsed_minutes=1.5 gpu_alloc_gb=0.079 gpu_reserved_gb=1.010
[SSL] repeat=7 scope=internal_fold fold=6 epoch=24/50 ssl_loss=0.069208 lr=0.000099570 base_val_bce=0.640841 base_best=N base_cls_epoch=25 epoch_seconds=3.9 elapsed_minutes=1.6 gpu_alloc_gb=0.079 gpu_reserved_gb=1.010
[SSL] repeat=7 scope=internal_fold fold=6 epoch=25/50 ssl_loss=0.045243 lr=0.000094687 base_val_bce=0.634434 base_best=N base_cls_epoch=26 epoch_seconds=3.8 elapsed_minutes=1.6 gpu_alloc_gb=0.079 gpu_reserved_gb=1.010
[SSL] repeat=7 scope=internal_fold fold=6 epoch=26/50 ssl_loss=0.043027 lr=0.000089643 base_val_bce=0.633866 base_best=N base_cls_epoch=31 epoch_seconds=3.9 elapsed_minutes=1.7 gpu_alloc_gb=0.079 gpu_reserved_gb=1.010
[SSL] repeat=7 scope=internal_fold fold=6 epoch=27/50 ssl_loss=0.049012 lr=0.000084467 base_val_bce=0.643703 base_best=N base_cls_epoch=34 epoch_seconds=3.9 elapsed_minutes=1.8 gpu_alloc_gb=0.079 gpu_reserved_gb=1.010
[SSL] repeat=7 scope=internal_fold fold=6 epoch=28/50 ssl_loss=0.044354 lr=0.000079194 base_val_bce=0.642835 base_best=N base_cls_epoch=29 epoch_seconds=3.9 elapsed_minutes=1.8 gpu_alloc_gb=0.079 gpu_reserved_gb=1.010
[SSL] repeat=7 scope=internal_fold fold=6 epoch=29/50 ssl_loss=0.050558 lr=0.000073854 base_val_bce=0.642281 base_best=N base_cls_epoch=32 epoch_seconds=3.9 elapsed_minutes=1.9 gpu_alloc_gb=0.079 gpu_reserved_gb=1.010
[SSL] repeat=7 scope=internal_fold fold=6 epoch=30/50 ssl_loss=0.047158 lr=0.000068481 base_val_bce=0.640400 base_best=N base_cls_epoch=28 epoch_seconds=3.8 elapsed_minutes=2.0 gpu_alloc_gb=0.079 gpu_reserved_gb=1.010
[SSL] repeat=7 scope=internal_fold fold=6 epoch=31/50 ssl_loss=0.040054 lr=0.000063108 base_val_bce=0.638324 base_best=N base_cls_epoch=31 epoch_seconds=4.0 elapsed_minutes=2.0 gpu_alloc_gb=0.079 gpu_reserved_gb=1.010
[SSL] repeat=7 scope=internal_fold fold=6 epoch=32/50 ssl_loss=0.049485 lr=0.000057768 base_val_bce=0.645831 base_best=N base_cls_epoch=33 epoch_seconds=4.0 elapsed_minutes=2.1 gpu_alloc_gb=0.079 gpu_reserved_gb=1.010
[SSL] repeat=7 scope=internal_fold fold=6 epoch=33/50 ssl_loss=0.057389 lr=0.000052494 base_val_bce=0.639402 base_best=N base_cls_epoch=36 epoch_seconds=4.0 elapsed_minutes=2.2 gpu_alloc_gb=0.079 gpu_reserved_gb=1.010
[SSL] repeat=7 scope=internal_fold fold=6 epoch=34/50 ssl_loss=0.052929 lr=0.000047319 base_val_bce=0.637851 base_best=N base_cls_epoch=28 epoch_seconds=3.9 elapsed_minutes=2.2 gpu_alloc_gb=0.079 gpu_reserved_gb=1.010
[SSL] repeat=7 scope=internal_fold fold=6 epoch=35/50 ssl_loss=0.042075 lr=0.000042274 base_val_bce=0.635414 base_best=N base_cls_epoch=29 epoch_seconds=3.9 elapsed_minutes=2.3 gpu_alloc_gb=0.079 gpu_reserved_gb=1.010
[SSL] repeat=7 scope=internal_fold fold=6 epoch=36/50 ssl_loss=0.055647 lr=0.000037391 base_val_bce=0.633720 base_best=N base_cls_epoch=30 epoch_seconds=3.8 elapsed_minutes=2.4 gpu_alloc_gb=0.079 gpu_reserved_gb=1.010
[SSL] repeat=7 scope=internal_fold fold=6 epoch=37/50 ssl_loss=0.041443 lr=0.000032700 base_val_bce=0.631568 base_best=N base_cls_epoch=31 epoch_seconds=4.0 elapsed_minutes=2.4 gpu_alloc_gb=0.079 gpu_reserved_gb=1.010
[SSL] repeat=7 scope=internal_fold fold=6 epoch=38/50 ssl_loss=0.036175 lr=0.000028229 base_val_bce=0.636486 base_best=N base_cls_epoch=28 epoch_seconds=3.9 elapsed_minutes=2.5 gpu_alloc_gb=0.079 gpu_reserved_gb=1.010
[SSL] repeat=7 scope=internal_fold fold=6 epoch=39/50 ssl_loss=0.054285 lr=0.000024006 base_val_bce=0.634982 base_best=N base_cls_epoch=31 epoch_seconds=3.8 elapsed_minutes=2.6 gpu_alloc_gb=0.079 gpu_reserved_gb=1.010
[SSL] repeat=7 scope=internal_fold fold=6 epoch=40/50 ssl_loss=0.047425 lr=0.000020058 base_val_bce=0.654104 base_best=N base_cls_epoch=33 epoch_seconds=3.8 elapsed_minutes=2.6 gpu_alloc_gb=0.079 gpu_reserved_gb=1.010
[SSL] repeat=7 scope=internal_fold fold=6 epoch=41/50 ssl_loss=0.042136 lr=0.000016408 base_val_bce=0.631083 base_best=N base_cls_epoch=30 epoch_seconds=3.7 elapsed_minutes=2.7 gpu_alloc_gb=0.079 gpu_reserved_gb=1.010
[SSL] repeat=7 scope=internal_fold fold=6 epoch=42/50 ssl_loss=0.053553 lr=0.000013079 base_val_bce=0.636930 base_best=N base_cls_epoch=31 epoch_seconds=3.8 elapsed_minutes=2.8 gpu_alloc_gb=0.079 gpu_reserved_gb=1.010
[SSL] repeat=7 scope=internal_fold fold=6 epoch=43/50 ssl_loss=0.061596 lr=0.000010091 base_val_bce=0.650078 base_best=N base_cls_epoch=30 epoch_seconds=3.8 elapsed_minutes=2.8 gpu_alloc_gb=0.079 gpu_reserved_gb=1.010
[SSL] repeat=7 scope=internal_fold fold=6 epoch=44/50 ssl_loss=0.050751 lr=0.000007464 base_val_bce=0.632620 base_best=N base_cls_epoch=30 epoch_seconds=3.9 elapsed_minutes=2.9 gpu_alloc_gb=0.079 gpu_reserved_gb=1.010
[SSL] repeat=7 scope=internal_fold fold=6 epoch=45/50 ssl_loss=0.056287 lr=0.000005213 base_val_bce=0.651975 base_best=N base_cls_epoch=30 epoch_seconds=3.8 elapsed_minutes=2.9 gpu_alloc_gb=0.079 gpu_reserved_gb=1.010
[SSL] repeat=7 scope=internal_fold fold=6 epoch=46/50 ssl_loss=0.047301 lr=0.000003352 base_val_bce=0.638565 base_best=N base_cls_epoch=36 epoch_seconds=3.6 elapsed_minutes=3.0 gpu_alloc_gb=0.079 gpu_reserved_gb=1.010
[SSL] repeat=7 scope=internal_fold fold=6 epoch=47/50 ssl_loss=0.055141 lr=0.000001892 base_val_bce=0.640314 base_best=N base_cls_epoch=29 epoch_seconds=3.6 elapsed_minutes=3.1 gpu_alloc_gb=0.079 gpu_reserved_gb=1.010
[SSL] repeat=7 scope=internal_fold fold=6 epoch=48/50 ssl_loss=0.055481 lr=0.000000843 base_val_bce=0.638967 base_best=N base_cls_epoch=32 epoch_seconds=3.8 elapsed_minutes=3.1 gpu_alloc_gb=0.079 gpu_reserved_gb=1.010
[SSL] repeat=7 scope=internal_fold fold=6 epoch=49/50 ssl_loss=0.045599 lr=0.000000211 base_val_bce=0.644857 base_best=N base_cls_epoch=32 epoch_seconds=3.9 elapsed_minutes=3.2 gpu_alloc_gb=0.079 gpu_reserved_gb=1.010
[SSL] repeat=7 scope=internal_fold fold=6 epoch=50/50 ssl_loss=0.042416 lr=0.000000000 base_val_bce=0.637631 base_best=N base_cls_epoch=29 epoch_seconds=3.6 elapsed_minutes=3.3 gpu_alloc_gb=0.079 gpu_reserved_gb=1.010
TASK_DONE repeat=7 scope=internal_fold fold=6 selected_encoder_epoch=9 selected_val_bce=0.630102 elapsed_minutes=3.3
TASK_START repeat=7 scope=internal_fold fold=7 device=cuda:1 train=750 val=120
[SSL] repeat=7 scope=internal_fold fold=7 epoch=1/50 ssl_loss=0.121078 lr=0.000024107 base_val_bce=0.636579 base_best=Y base_cls_epoch=39 epoch_seconds=3.9 elapsed_minutes=0.1 gpu_alloc_gb=0.079 gpu_reserved_gb=1.010
[SSL] repeat=7 scope=internal_fold fold=7 epoch=2/50 ssl_loss=0.091897 lr=0.000038214 base_val_bce=0.636236 base_best=Y base_cls_epoch=34 epoch_seconds=3.7 elapsed_minutes=0.1 gpu_alloc_gb=0.079 gpu_reserved_gb=1.010
[SSL] repeat=7 scope=internal_fold fold=7 epoch=3/50 ssl_loss=0.089109 lr=0.000052321 base_val_bce=0.636686 base_best=N base_cls_epoch=29 epoch_seconds=3.8 elapsed_minutes=0.2 gpu_alloc_gb=0.079 gpu_reserved_gb=1.010
[SSL] repeat=7 scope=internal_fold fold=7 epoch=4/50 ssl_loss=0.095426 lr=0.000066427 base_val_bce=0.623687 base_best=Y base_cls_epoch=31 epoch_seconds=3.7 elapsed_minutes=0.3 gpu_alloc_gb=0.079 gpu_reserved_gb=1.010
[SSL] repeat=7 scope=internal_fold fold=7 epoch=5/50 ssl_loss=0.090466 lr=0.000080534 base_val_bce=0.618563 base_best=Y base_cls_epoch=25 epoch_seconds=3.7 elapsed_minutes=0.3 gpu_alloc_gb=0.079 gpu_reserved_gb=1.010
[SSL] repeat=7 scope=internal_fold fold=7 epoch=6/50 ssl_loss=0.083164 lr=0.000094641 base_val_bce=0.633992 base_best=N base_cls_epoch=30 epoch_seconds=3.9 elapsed_minutes=0.4 gpu_alloc_gb=0.079 gpu_reserved_gb=1.010
[SSL] repeat=7 scope=internal_fold fold=7 epoch=7/50 ssl_loss=0.069192 lr=0.000108748 base_val_bce=0.628363 base_best=N base_cls_epoch=25 epoch_seconds=3.8 elapsed_minutes=0.4 gpu_alloc_gb=0.079 gpu_reserved_gb=1.010
[SSL] repeat=7 scope=internal_fold fold=7 epoch=8/50 ssl_loss=0.062774 lr=0.000122855 base_val_bce=0.617724 base_best=Y base_cls_epoch=26 epoch_seconds=3.8 elapsed_minutes=0.5 gpu_alloc_gb=0.079 gpu_reserved_gb=1.010
[SSL] repeat=7 scope=internal_fold fold=7 epoch=9/50 ssl_loss=0.063824 lr=0.000136962 base_val_bce=0.626123 base_best=N base_cls_epoch=30 epoch_seconds=3.9 elapsed_minutes=0.6 gpu_alloc_gb=0.079 gpu_reserved_gb=1.010
[SSL] repeat=7 scope=internal_fold fold=7 epoch=10/50 ssl_loss=0.047725 lr=0.000136962 base_val_bce=0.618493 base_best=N base_cls_epoch=27 epoch_seconds=3.7 elapsed_minutes=0.6 gpu_alloc_gb=0.079 gpu_reserved_gb=1.010
[SSL] repeat=7 scope=internal_fold fold=7 epoch=11/50 ssl_loss=0.057960 lr=0.000136751 base_val_bce=0.634689 base_best=N base_cls_epoch=34 epoch_seconds=3.9 elapsed_minutes=0.7 gpu_alloc_gb=0.079 gpu_reserved_gb=1.010
[SSL] repeat=7 scope=internal_fold fold=7 epoch=12/50 ssl_loss=0.057058 lr=0.000136119 base_val_bce=0.617442 base_best=Y base_cls_epoch=27 epoch_seconds=3.9 elapsed_minutes=0.8 gpu_alloc_gb=0.079 gpu_reserved_gb=1.010
[SSL] repeat=7 scope=internal_fold fold=7 epoch=13/50 ssl_loss=0.054113 lr=0.000135070 base_val_bce=0.617704 base_best=N base_cls_epoch=31 epoch_seconds=3.9 elapsed_minutes=0.8 gpu_alloc_gb=0.079 gpu_reserved_gb=1.010
[SSL] repeat=7 scope=internal_fold fold=7 epoch=14/50 ssl_loss=0.059074 lr=0.000133610 base_val_bce=0.619808 base_best=N base_cls_epoch=35 epoch_seconds=3.9 elapsed_minutes=0.9 gpu_alloc_gb=0.079 gpu_reserved_gb=1.010
[SSL] repeat=7 scope=internal_fold fold=7 epoch=15/50 ssl_loss=0.061020 lr=0.000131749 base_val_bce=0.620100 base_best=N base_cls_epoch=34 epoch_seconds=3.9 elapsed_minutes=1.0 gpu_alloc_gb=0.079 gpu_reserved_gb=1.010
[SSL] repeat=7 scope=internal_fold fold=7 epoch=16/50 ssl_loss=0.055716 lr=0.000129498 base_val_bce=0.623879 base_best=N base_cls_epoch=32 epoch_seconds=3.8 elapsed_minutes=1.0 gpu_alloc_gb=0.079 gpu_reserved_gb=1.010
[SSL] repeat=7 scope=internal_fold fold=7 epoch=17/50 ssl_loss=0.056836 lr=0.000126870 base_val_bce=0.625019 base_best=N base_cls_epoch=32 epoch_seconds=3.9 elapsed_minutes=1.1 gpu_alloc_gb=0.079 gpu_reserved_gb=1.010
[SSL] repeat=7 scope=internal_fold fold=7 epoch=18/50 ssl_loss=0.044212 lr=0.000123883 base_val_bce=0.622576 base_best=N base_cls_epoch=31 epoch_seconds=3.8 elapsed_minutes=1.2 gpu_alloc_gb=0.079 gpu_reserved_gb=1.010
[SSL] repeat=7 scope=internal_fold fold=7 epoch=19/50 ssl_loss=0.046987 lr=0.000120554 base_val_bce=0.619207 base_best=N base_cls_epoch=29 epoch_seconds=3.8 elapsed_minutes=1.2 gpu_alloc_gb=0.079 gpu_reserved_gb=1.010
[SSL] repeat=7 scope=internal_fold fold=7 epoch=20/50 ssl_loss=0.040498 lr=0.000116904 base_val_bce=0.626599 base_best=N base_cls_epoch=30 epoch_seconds=3.8 elapsed_minutes=1.3 gpu_alloc_gb=0.079 gpu_reserved_gb=1.010
[SSL] repeat=7 scope=internal_fold fold=7 epoch=21/50 ssl_loss=0.040182 lr=0.000112956 base_val_bce=0.626130 base_best=N base_cls_epoch=30 epoch_seconds=4.0 elapsed_minutes=1.4 gpu_alloc_gb=0.079 gpu_reserved_gb=1.010
[SSL] repeat=7 scope=internal_fold fold=7 epoch=22/50 ssl_loss=0.043012 lr=0.000108733 base_val_bce=0.618907 base_best=N base_cls_epoch=30 epoch_seconds=4.0 elapsed_minutes=1.4 gpu_alloc_gb=0.079 gpu_reserved_gb=1.010
[SSL] repeat=7 scope=internal_fold fold=7 epoch=23/50 ssl_loss=0.035543 lr=0.000104262 base_val_bce=0.614416 base_best=Y base_cls_epoch=26 epoch_seconds=4.0 elapsed_minutes=1.5 gpu_alloc_gb=0.079 gpu_reserved_gb=1.010
[SSL] repeat=7 scope=internal_fold fold=7 epoch=24/50 ssl_loss=0.049030 lr=0.000099570 base_val_bce=0.602693 base_best=Y base_cls_epoch=30 epoch_seconds=3.9 elapsed_minutes=1.6 gpu_alloc_gb=0.079 gpu_reserved_gb=1.010
[SSL] repeat=7 scope=internal_fold fold=7 epoch=25/50 ssl_loss=0.045006 lr=0.000094687 base_val_bce=0.626784 base_best=N base_cls_epoch=31 epoch_seconds=3.8 elapsed_minutes=1.6 gpu_alloc_gb=0.079 gpu_reserved_gb=1.010
[SSL] repeat=7 scope=internal_fold fold=7 epoch=26/50 ssl_loss=0.046997 lr=0.000089643 base_val_bce=0.620395 base_best=N base_cls_epoch=35 epoch_seconds=3.9 elapsed_minutes=1.7 gpu_alloc_gb=0.079 gpu_reserved_gb=1.010
[SSL] repeat=7 scope=internal_fold fold=7 epoch=27/50 ssl_loss=0.051456 lr=0.000084467 base_val_bce=0.623284 base_best=N base_cls_epoch=29 epoch_seconds=4.0 elapsed_minutes=1.7 gpu_alloc_gb=0.079 gpu_reserved_gb=1.010
[SSL] repeat=7 scope=internal_fold fold=7 epoch=28/50 ssl_loss=0.038133 lr=0.000079194 base_val_bce=0.632024 base_best=N base_cls_epoch=37 epoch_seconds=3.8 elapsed_minutes=1.8 gpu_alloc_gb=0.079 gpu_reserved_gb=1.010
[SSL] repeat=7 scope=internal_fold fold=7 epoch=29/50 ssl_loss=0.038004 lr=0.000073854 base_val_bce=0.630020 base_best=N base_cls_epoch=31 epoch_seconds=3.8 elapsed_minutes=1.9 gpu_alloc_gb=0.079 gpu_reserved_gb=1.010
[SSL] repeat=7 scope=internal_fold fold=7 epoch=30/50 ssl_loss=0.047307 lr=0.000068481 base_val_bce=0.622041 base_best=N base_cls_epoch=37 epoch_seconds=3.8 elapsed_minutes=1.9 gpu_alloc_gb=0.079 gpu_reserved_gb=1.010
[SSL] repeat=7 scope=internal_fold fold=7 epoch=31/50 ssl_loss=0.049448 lr=0.000063108 base_val_bce=0.623883 base_best=N base_cls_epoch=35 epoch_seconds=3.9 elapsed_minutes=2.0 gpu_alloc_gb=0.079 gpu_reserved_gb=1.010
[SSL] repeat=7 scope=internal_fold fold=7 epoch=32/50 ssl_loss=0.040588 lr=0.000057768 base_val_bce=0.625381 base_best=N base_cls_epoch=34 epoch_seconds=3.9 elapsed_minutes=2.1 gpu_alloc_gb=0.079 gpu_reserved_gb=1.010
[SSL] repeat=7 scope=internal_fold fold=7 epoch=33/50 ssl_loss=0.046273 lr=0.000052494 base_val_bce=0.619599 base_best=N base_cls_epoch=36 epoch_seconds=3.9 elapsed_minutes=2.1 gpu_alloc_gb=0.079 gpu_reserved_gb=1.010
[SSL] repeat=7 scope=internal_fold fold=7 epoch=34/50 ssl_loss=0.041475 lr=0.000047319 base_val_bce=0.629122 base_best=N base_cls_epoch=31 epoch_seconds=3.8 elapsed_minutes=2.2 gpu_alloc_gb=0.079 gpu_reserved_gb=1.010
[SSL] repeat=7 scope=internal_fold fold=7 epoch=35/50 ssl_loss=0.036802 lr=0.000042274 base_val_bce=0.635029 base_best=N base_cls_epoch=36 epoch_seconds=3.9 elapsed_minutes=2.3 gpu_alloc_gb=0.079 gpu_reserved_gb=1.010
[SSL] repeat=7 scope=internal_fold fold=7 epoch=36/50 ssl_loss=0.040340 lr=0.000037391 base_val_bce=0.616661 base_best=N base_cls_epoch=38 epoch_seconds=3.8 elapsed_minutes=2.3 gpu_alloc_gb=0.079 gpu_reserved_gb=1.010
[SSL] repeat=7 scope=internal_fold fold=7 epoch=37/50 ssl_loss=0.056604 lr=0.000032700 base_val_bce=0.606946 base_best=N base_cls_epoch=34 epoch_seconds=4.1 elapsed_minutes=2.4 gpu_alloc_gb=0.079 gpu_reserved_gb=1.010
[SSL] repeat=7 scope=internal_fold fold=7 epoch=38/50 ssl_loss=0.052966 lr=0.000028229 base_val_bce=0.620845 base_best=N base_cls_epoch=34 epoch_seconds=3.8 elapsed_minutes=2.5 gpu_alloc_gb=0.079 gpu_reserved_gb=1.010
[SSL] repeat=7 scope=internal_fold fold=7 epoch=39/50 ssl_loss=0.037905 lr=0.000024006 base_val_bce=0.618955 base_best=N base_cls_epoch=33 epoch_seconds=3.7 elapsed_minutes=2.5 gpu_alloc_gb=0.079 gpu_reserved_gb=1.010
[SSL] repeat=7 scope=internal_fold fold=7 epoch=40/50 ssl_loss=0.043327 lr=0.000020058 base_val_bce=0.634396 base_best=N base_cls_epoch=38 epoch_seconds=3.7 elapsed_minutes=2.6 gpu_alloc_gb=0.079 gpu_reserved_gb=1.010
[SSL] repeat=7 scope=internal_fold fold=7 epoch=41/50 ssl_loss=0.036232 lr=0.000016408 base_val_bce=0.626690 base_best=N base_cls_epoch=38 epoch_seconds=3.8 elapsed_minutes=2.7 gpu_alloc_gb=0.079 gpu_reserved_gb=1.010
[SSL] repeat=7 scope=internal_fold fold=7 epoch=42/50 ssl_loss=0.042981 lr=0.000013079 base_val_bce=0.618184 base_best=N base_cls_epoch=31 epoch_seconds=3.9 elapsed_minutes=2.7 gpu_alloc_gb=0.079 gpu_reserved_gb=1.010
[SSL] repeat=7 scope=internal_fold fold=7 epoch=43/50 ssl_loss=0.036230 lr=0.000010091 base_val_bce=0.618614 base_best=N base_cls_epoch=34 epoch_seconds=3.8 elapsed_minutes=2.8 gpu_alloc_gb=0.079 gpu_reserved_gb=1.010
[SSL] repeat=7 scope=internal_fold fold=7 epoch=44/50 ssl_loss=0.035414 lr=0.000007464 base_val_bce=0.618085 base_best=N base_cls_epoch=32 epoch_seconds=3.8 elapsed_minutes=2.8 gpu_alloc_gb=0.079 gpu_reserved_gb=1.010
[SSL] repeat=7 scope=internal_fold fold=7 epoch=45/50 ssl_loss=0.048987 lr=0.000005213 base_val_bce=0.609005 base_best=N base_cls_epoch=31 epoch_seconds=3.8 elapsed_minutes=2.9 gpu_alloc_gb=0.079 gpu_reserved_gb=1.010
[SSL] repeat=7 scope=internal_fold fold=7 epoch=46/50 ssl_loss=0.046480 lr=0.000003352 base_val_bce=0.611878 base_best=N base_cls_epoch=35 epoch_seconds=3.7 elapsed_minutes=3.0 gpu_alloc_gb=0.079 gpu_reserved_gb=1.010
[SSL] repeat=7 scope=internal_fold fold=7 epoch=47/50 ssl_loss=0.039155 lr=0.000001892 base_val_bce=0.615101 base_best=N base_cls_epoch=38 epoch_seconds=3.5 elapsed_minutes=3.0 gpu_alloc_gb=0.079 gpu_reserved_gb=1.010
[SSL] repeat=7 scope=internal_fold fold=7 epoch=48/50 ssl_loss=0.036747 lr=0.000000843 base_val_bce=0.617482 base_best=N base_cls_epoch=33 epoch_seconds=3.8 elapsed_minutes=3.1 gpu_alloc_gb=0.079 gpu_reserved_gb=1.010
[SSL] repeat=7 scope=internal_fold fold=7 epoch=49/50 ssl_loss=0.033062 lr=0.000000211 base_val_bce=0.616968 base_best=N base_cls_epoch=33 epoch_seconds=3.8 elapsed_minutes=3.2 gpu_alloc_gb=0.079 gpu_reserved_gb=1.010
[SSL] repeat=7 scope=internal_fold fold=7 epoch=50/50 ssl_loss=0.044258 lr=0.000000000 base_val_bce=0.618206 base_best=N base_cls_epoch=38 epoch_seconds=3.7 elapsed_minutes=3.2 gpu_alloc_gb=0.079 gpu_reserved_gb=1.010
TASK_DONE repeat=7 scope=internal_fold fold=7 selected_encoder_epoch=24 selected_val_bce=0.602693 elapsed_minutes=3.2
TASK_START repeat=7 scope=internal_fold fold=8 device=cuda:1 train=750 val=120
[SSL] repeat=7 scope=internal_fold fold=8 epoch=1/50 ssl_loss=0.176304 lr=0.000024107 base_val_bce=0.669601 base_best=Y base_cls_epoch=26 epoch_seconds=3.9 elapsed_minutes=0.1 gpu_alloc_gb=0.079 gpu_reserved_gb=1.010
[SSL] repeat=7 scope=internal_fold fold=8 epoch=2/50 ssl_loss=0.175964 lr=0.000038214 base_val_bce=0.658807 base_best=Y base_cls_epoch=32 epoch_seconds=3.9 elapsed_minutes=0.1 gpu_alloc_gb=0.079 gpu_reserved_gb=1.010
[SSL] repeat=7 scope=internal_fold fold=8 epoch=3/50 ssl_loss=0.161995 lr=0.000052321 base_val_bce=0.673081 base_best=N base_cls_epoch=34 epoch_seconds=3.8 elapsed_minutes=0.2 gpu_alloc_gb=0.079 gpu_reserved_gb=1.010
[SSL] repeat=7 scope=internal_fold fold=8 epoch=4/50 ssl_loss=0.123097 lr=0.000066427 base_val_bce=0.667198 base_best=N base_cls_epoch=30 epoch_seconds=3.8 elapsed_minutes=0.3 gpu_alloc_gb=0.079 gpu_reserved_gb=1.010
[SSL] repeat=7 scope=internal_fold fold=8 epoch=5/50 ssl_loss=0.165224 lr=0.000080534 base_val_bce=0.666914 base_best=N base_cls_epoch=32 epoch_seconds=3.8 elapsed_minutes=0.3 gpu_alloc_gb=0.079 gpu_reserved_gb=1.010
[SSL] repeat=7 scope=internal_fold fold=8 epoch=6/50 ssl_loss=0.131423 lr=0.000094641 base_val_bce=0.665187 base_best=N base_cls_epoch=32 epoch_seconds=3.8 elapsed_minutes=0.4 gpu_alloc_gb=0.079 gpu_reserved_gb=1.010
[SSL] repeat=7 scope=internal_fold fold=8 epoch=7/50 ssl_loss=0.108645 lr=0.000108748 base_val_bce=0.664181 base_best=N base_cls_epoch=33 epoch_seconds=3.9 elapsed_minutes=0.5 gpu_alloc_gb=0.079 gpu_reserved_gb=1.010
[SSL] repeat=7 scope=internal_fold fold=8 epoch=8/50 ssl_loss=0.092379 lr=0.000122855 base_val_bce=0.648353 base_best=Y base_cls_epoch=31 epoch_seconds=3.9 elapsed_minutes=0.5 gpu_alloc_gb=0.079 gpu_reserved_gb=1.010
[SSL] repeat=7 scope=internal_fold fold=8 epoch=9/50 ssl_loss=0.080676 lr=0.000136962 base_val_bce=0.663633 base_best=N base_cls_epoch=36 epoch_seconds=3.9 elapsed_minutes=0.6 gpu_alloc_gb=0.079 gpu_reserved_gb=1.010
[SSL] repeat=7 scope=internal_fold fold=8 epoch=10/50 ssl_loss=0.055107 lr=0.000136962 base_val_bce=0.659003 base_best=N base_cls_epoch=35 epoch_seconds=3.8 elapsed_minutes=0.6 gpu_alloc_gb=0.079 gpu_reserved_gb=1.010
[SSL] repeat=7 scope=internal_fold fold=8 epoch=11/50 ssl_loss=0.054030 lr=0.000136751 base_val_bce=0.664839 base_best=N base_cls_epoch=33 epoch_seconds=3.9 elapsed_minutes=0.7 gpu_alloc_gb=0.079 gpu_reserved_gb=1.010
[SSL] repeat=7 scope=internal_fold fold=8 epoch=12/50 ssl_loss=0.055835 lr=0.000136119 base_val_bce=0.640741 base_best=Y base_cls_epoch=32 epoch_seconds=3.9 elapsed_minutes=0.8 gpu_alloc_gb=0.079 gpu_reserved_gb=1.010
[SSL] repeat=7 scope=internal_fold fold=8 epoch=13/50 ssl_loss=0.055266 lr=0.000135070 base_val_bce=0.649737 base_best=N base_cls_epoch=31 epoch_seconds=3.9 elapsed_minutes=0.8 gpu_alloc_gb=0.079 gpu_reserved_gb=1.010
[SSL] repeat=7 scope=internal_fold fold=8 epoch=14/50 ssl_loss=0.055552 lr=0.000133610 base_val_bce=0.655399 base_best=N base_cls_epoch=31 epoch_seconds=4.0 elapsed_minutes=0.9 gpu_alloc_gb=0.079 gpu_reserved_gb=1.010
[SSL] repeat=7 scope=internal_fold fold=8 epoch=15/50 ssl_loss=0.050156 lr=0.000131749 base_val_bce=0.649911 base_best=N base_cls_epoch=31 epoch_seconds=4.0 elapsed_minutes=1.0 gpu_alloc_gb=0.079 gpu_reserved_gb=1.010
[SSL] repeat=7 scope=internal_fold fold=8 epoch=16/50 ssl_loss=0.055949 lr=0.000129498 base_val_bce=0.645913 base_best=N base_cls_epoch=28 epoch_seconds=3.9 elapsed_minutes=1.0 gpu_alloc_gb=0.079 gpu_reserved_gb=1.010
[SSL] repeat=7 scope=internal_fold fold=8 epoch=17/50 ssl_loss=0.052507 lr=0.000126870 base_val_bce=0.659125 base_best=N base_cls_epoch=32 epoch_seconds=3.9 elapsed_minutes=1.1 gpu_alloc_gb=0.079 gpu_reserved_gb=1.010
[SSL] repeat=7 scope=internal_fold fold=8 epoch=18/50 ssl_loss=0.059496 lr=0.000123883 base_val_bce=0.657547 base_best=N base_cls_epoch=30 epoch_seconds=3.9 elapsed_minutes=1.2 gpu_alloc_gb=0.079 gpu_reserved_gb=1.010
[SSL] repeat=7 scope=internal_fold fold=8 epoch=19/50 ssl_loss=0.051556 lr=0.000120554 base_val_bce=0.653970 base_best=N base_cls_epoch=31 epoch_seconds=3.8 elapsed_minutes=1.2 gpu_alloc_gb=0.079 gpu_reserved_gb=1.010
[SSL] repeat=7 scope=internal_fold fold=8 epoch=20/50 ssl_loss=0.042891 lr=0.000116904 base_val_bce=0.657625 base_best=N base_cls_epoch=31 epoch_seconds=3.7 elapsed_minutes=1.3 gpu_alloc_gb=0.079 gpu_reserved_gb=1.010
[SSL] repeat=7 scope=internal_fold fold=8 epoch=21/50 ssl_loss=0.049023 lr=0.000112956 base_val_bce=0.650243 base_best=N base_cls_epoch=32 epoch_seconds=3.9 elapsed_minutes=1.4 gpu_alloc_gb=0.079 gpu_reserved_gb=1.010
[SSL] repeat=7 scope=internal_fold fold=8 epoch=22/50 ssl_loss=0.045723 lr=0.000108733 base_val_bce=0.656493 base_best=N base_cls_epoch=34 epoch_seconds=3.8 elapsed_minutes=1.4 gpu_alloc_gb=0.079 gpu_reserved_gb=1.010
[SSL] repeat=7 scope=internal_fold fold=8 epoch=23/50 ssl_loss=0.048393 lr=0.000104262 base_val_bce=0.642210 base_best=N base_cls_epoch=33 epoch_seconds=3.9 elapsed_minutes=1.5 gpu_alloc_gb=0.079 gpu_reserved_gb=1.010
[SSL] repeat=7 scope=internal_fold fold=8 epoch=24/50 ssl_loss=0.048354 lr=0.000099570 base_val_bce=0.654275 base_best=N base_cls_epoch=31 epoch_seconds=3.8 elapsed_minutes=1.6 gpu_alloc_gb=0.079 gpu_reserved_gb=1.010
[SSL] repeat=7 scope=internal_fold fold=8 epoch=25/50 ssl_loss=0.048068 lr=0.000094687 base_val_bce=0.656042 base_best=N base_cls_epoch=30 epoch_seconds=3.9 elapsed_minutes=1.6 gpu_alloc_gb=0.079 gpu_reserved_gb=1.010
[SSL] repeat=7 scope=internal_fold fold=8 epoch=26/50 ssl_loss=0.042712 lr=0.000089643 base_val_bce=0.661359 base_best=N base_cls_epoch=33 epoch_seconds=3.8 elapsed_minutes=1.7 gpu_alloc_gb=0.079 gpu_reserved_gb=1.010
[SSL] repeat=7 scope=internal_fold fold=8 epoch=27/50 ssl_loss=0.054157 lr=0.000084467 base_val_bce=0.640467 base_best=Y base_cls_epoch=31 epoch_seconds=3.8 elapsed_minutes=1.8 gpu_alloc_gb=0.079 gpu_reserved_gb=1.010
[SSL] repeat=7 scope=internal_fold fold=8 epoch=28/50 ssl_loss=0.048976 lr=0.000079194 base_val_bce=0.664262 base_best=N base_cls_epoch=31 epoch_seconds=3.9 elapsed_minutes=1.8 gpu_alloc_gb=0.079 gpu_reserved_gb=1.010
[SSL] repeat=7 scope=internal_fold fold=8 epoch=29/50 ssl_loss=0.049574 lr=0.000073854 base_val_bce=0.654990 base_best=N base_cls_epoch=33 epoch_seconds=3.8 elapsed_minutes=1.9 gpu_alloc_gb=0.079 gpu_reserved_gb=1.010
[SSL] repeat=7 scope=internal_fold fold=8 epoch=30/50 ssl_loss=0.046151 lr=0.000068481 base_val_bce=0.654252 base_best=N base_cls_epoch=31 epoch_seconds=4.0 elapsed_minutes=1.9 gpu_alloc_gb=0.079 gpu_reserved_gb=1.010
[SSL] repeat=7 scope=internal_fold fold=8 epoch=31/50 ssl_loss=0.042956 lr=0.000063108 base_val_bce=0.658329 base_best=N base_cls_epoch=33 epoch_seconds=3.8 elapsed_minutes=2.0 gpu_alloc_gb=0.079 gpu_reserved_gb=1.010
[SSL] repeat=7 scope=internal_fold fold=8 epoch=32/50 ssl_loss=0.048917 lr=0.000057768 base_val_bce=0.661448 base_best=N base_cls_epoch=37 epoch_seconds=3.9 elapsed_minutes=2.1 gpu_alloc_gb=0.079 gpu_reserved_gb=1.010
[SSL] repeat=7 scope=internal_fold fold=8 epoch=33/50 ssl_loss=0.040326 lr=0.000052494 base_val_bce=0.655267 base_best=N base_cls_epoch=31 epoch_seconds=3.9 elapsed_minutes=2.1 gpu_alloc_gb=0.079 gpu_reserved_gb=1.010
[SSL] repeat=7 scope=internal_fold fold=8 epoch=34/50 ssl_loss=0.036771 lr=0.000047319 base_val_bce=0.645737 base_best=N base_cls_epoch=33 epoch_seconds=3.9 elapsed_minutes=2.2 gpu_alloc_gb=0.079 gpu_reserved_gb=1.010
[SSL] repeat=7 scope=internal_fold fold=8 epoch=35/50 ssl_loss=0.046454 lr=0.000042274 base_val_bce=0.637292 base_best=Y base_cls_epoch=32 epoch_seconds=4.0 elapsed_minutes=2.3 gpu_alloc_gb=0.079 gpu_reserved_gb=1.010
[SSL] repeat=7 scope=internal_fold fold=8 epoch=36/50 ssl_loss=0.043897 lr=0.000037391 base_val_bce=0.664169 base_best=N base_cls_epoch=34 epoch_seconds=3.8 elapsed_minutes=2.3 gpu_alloc_gb=0.079 gpu_reserved_gb=1.010
[SSL] repeat=7 scope=internal_fold fold=8 epoch=37/50 ssl_loss=0.049748 lr=0.000032700 base_val_bce=0.653424 base_best=N base_cls_epoch=29 epoch_seconds=3.9 elapsed_minutes=2.4 gpu_alloc_gb=0.079 gpu_reserved_gb=1.010
[SSL] repeat=7 scope=internal_fold fold=8 epoch=38/50 ssl_loss=0.046478 lr=0.000028229 base_val_bce=0.660208 base_best=N base_cls_epoch=32 epoch_seconds=3.9 elapsed_minutes=2.5 gpu_alloc_gb=0.079 gpu_reserved_gb=1.010
[SSL] repeat=7 scope=internal_fold fold=8 epoch=39/50 ssl_loss=0.037209 lr=0.000024006 base_val_bce=0.654505 base_best=N base_cls_epoch=34 epoch_seconds=3.8 elapsed_minutes=2.5 gpu_alloc_gb=0.079 gpu_reserved_gb=1.010
[SSL] repeat=7 scope=internal_fold fold=8 epoch=40/50 ssl_loss=0.043057 lr=0.000020058 base_val_bce=0.654621 base_best=N base_cls_epoch=31 epoch_seconds=3.9 elapsed_minutes=2.6 gpu_alloc_gb=0.079 gpu_reserved_gb=1.010
[SSL] repeat=7 scope=internal_fold fold=8 epoch=41/50 ssl_loss=0.045615 lr=0.000016408 base_val_bce=0.647811 base_best=N base_cls_epoch=32 epoch_seconds=3.9 elapsed_minutes=2.7 gpu_alloc_gb=0.079 gpu_reserved_gb=1.010
[SSL] repeat=7 scope=internal_fold fold=8 epoch=42/50 ssl_loss=0.031890 lr=0.000013079 base_val_bce=0.657855 base_best=N base_cls_epoch=31 epoch_seconds=3.9 elapsed_minutes=2.7 gpu_alloc_gb=0.079 gpu_reserved_gb=1.010
[SSL] repeat=7 scope=internal_fold fold=8 epoch=43/50 ssl_loss=0.035399 lr=0.000010091 base_val_bce=0.640194 base_best=N base_cls_epoch=32 epoch_seconds=3.9 elapsed_minutes=2.8 gpu_alloc_gb=0.079 gpu_reserved_gb=1.010
[SSL] repeat=7 scope=internal_fold fold=8 epoch=44/50 ssl_loss=0.043603 lr=0.000007464 base_val_bce=0.654567 base_best=N base_cls_epoch=32 epoch_seconds=3.9 elapsed_minutes=2.9 gpu_alloc_gb=0.079 gpu_reserved_gb=1.010
[SSL] repeat=7 scope=internal_fold fold=8 epoch=45/50 ssl_loss=0.042238 lr=0.000005213 base_val_bce=0.644811 base_best=N base_cls_epoch=34 epoch_seconds=3.8 elapsed_minutes=2.9 gpu_alloc_gb=0.079 gpu_reserved_gb=1.010
[SSL] repeat=7 scope=internal_fold fold=8 epoch=46/50 ssl_loss=0.037221 lr=0.000003352 base_val_bce=0.656554 base_best=N base_cls_epoch=31 epoch_seconds=3.4 elapsed_minutes=3.0 gpu_alloc_gb=0.079 gpu_reserved_gb=1.010
[SSL] repeat=7 scope=internal_fold fold=8 epoch=47/50 ssl_loss=0.039757 lr=0.000001892 base_val_bce=0.656194 base_best=N base_cls_epoch=31 epoch_seconds=3.8 elapsed_minutes=3.0 gpu_alloc_gb=0.079 gpu_reserved_gb=1.010
[SSL] repeat=7 scope=internal_fold fold=8 epoch=48/50 ssl_loss=0.034368 lr=0.000000843 base_val_bce=0.650621 base_best=N base_cls_epoch=33 epoch_seconds=3.9 elapsed_minutes=3.1 gpu_alloc_gb=0.079 gpu_reserved_gb=1.010
[SSL] repeat=7 scope=internal_fold fold=8 epoch=49/50 ssl_loss=0.045883 lr=0.000000211 base_val_bce=0.654367 base_best=N base_cls_epoch=30 epoch_seconds=3.7 elapsed_minutes=3.2 gpu_alloc_gb=0.079 gpu_reserved_gb=1.010
[SSL] repeat=7 scope=internal_fold fold=8 epoch=50/50 ssl_loss=0.036343 lr=0.000000000 base_val_bce=0.651467 base_best=N base_cls_epoch=35 epoch_seconds=3.6 elapsed_minutes=3.2 gpu_alloc_gb=0.079 gpu_reserved_gb=1.010
TASK_DONE repeat=7 scope=internal_fold fold=8 selected_encoder_epoch=35 selected_val_bce=0.637292 elapsed_minutes=3.2
TASK_START repeat=7 scope=internal_fold fold=9 device=cuda:1 train=750 val=120
[SSL] repeat=7 scope=internal_fold fold=9 epoch=1/50 ssl_loss=0.810147 lr=0.000024107 base_val_bce=0.686067 base_best=Y base_cls_epoch=15 epoch_seconds=3.9 elapsed_minutes=0.1 gpu_alloc_gb=0.079 gpu_reserved_gb=1.010
[SSL] repeat=7 scope=internal_fold fold=9 epoch=2/50 ssl_loss=0.367684 lr=0.000038214 base_val_bce=0.671099 base_best=Y base_cls_epoch=10 epoch_seconds=3.9 elapsed_minutes=0.1 gpu_alloc_gb=0.079 gpu_reserved_gb=1.010
[SSL] repeat=7 scope=internal_fold fold=9 epoch=3/50 ssl_loss=0.175168 lr=0.000052321 base_val_bce=0.669145 base_best=Y base_cls_epoch=10 epoch_seconds=3.9 elapsed_minutes=0.2 gpu_alloc_gb=0.079 gpu_reserved_gb=1.010
[SSL] repeat=7 scope=internal_fold fold=9 epoch=4/50 ssl_loss=0.163119 lr=0.000066427 base_val_bce=0.668312 base_best=Y base_cls_epoch=10 epoch_seconds=3.8 elapsed_minutes=0.3 gpu_alloc_gb=0.079 gpu_reserved_gb=1.010
[SSL] repeat=7 scope=internal_fold fold=9 epoch=5/50 ssl_loss=0.119261 lr=0.000080534 base_val_bce=0.664516 base_best=Y base_cls_epoch=10 epoch_seconds=3.8 elapsed_minutes=0.3 gpu_alloc_gb=0.079 gpu_reserved_gb=1.010
[SSL] repeat=7 scope=internal_fold fold=9 epoch=6/50 ssl_loss=0.094954 lr=0.000094641 base_val_bce=0.667450 base_best=N base_cls_epoch=7 epoch_seconds=3.9 elapsed_minutes=0.4 gpu_alloc_gb=0.079 gpu_reserved_gb=1.010
[SSL] repeat=7 scope=internal_fold fold=9 epoch=7/50 ssl_loss=0.107330 lr=0.000108748 base_val_bce=0.661706 base_best=Y base_cls_epoch=11 epoch_seconds=3.8 elapsed_minutes=0.5 gpu_alloc_gb=0.079 gpu_reserved_gb=1.010
[SSL] repeat=7 scope=internal_fold fold=9 epoch=8/50 ssl_loss=0.108727 lr=0.000122855 base_val_bce=0.662829 base_best=N base_cls_epoch=9 epoch_seconds=3.8 elapsed_minutes=0.5 gpu_alloc_gb=0.079 gpu_reserved_gb=1.010
[SSL] repeat=7 scope=internal_fold fold=9 epoch=9/50 ssl_loss=0.117938 lr=0.000136962 base_val_bce=0.668367 base_best=N base_cls_epoch=7 epoch_seconds=3.7 elapsed_minutes=0.6 gpu_alloc_gb=0.079 gpu_reserved_gb=1.010
[SSL] repeat=7 scope=internal_fold fold=9 epoch=10/50 ssl_loss=0.085881 lr=0.000136962 base_val_bce=0.676837 base_best=N base_cls_epoch=9 epoch_seconds=3.9 elapsed_minutes=0.6 gpu_alloc_gb=0.079 gpu_reserved_gb=1.010
[SSL] repeat=7 scope=internal_fold fold=9 epoch=11/50 ssl_loss=0.073560 lr=0.000136751 base_val_bce=0.667381 base_best=N base_cls_epoch=11 epoch_seconds=3.8 elapsed_minutes=0.7 gpu_alloc_gb=0.079 gpu_reserved_gb=1.010
[SSL] repeat=7 scope=internal_fold fold=9 epoch=12/50 ssl_loss=0.085418 lr=0.000136119 base_val_bce=0.660659 base_best=Y base_cls_epoch=12 epoch_seconds=3.7 elapsed_minutes=0.8 gpu_alloc_gb=0.079 gpu_reserved_gb=1.010
[SSL] repeat=7 scope=internal_fold fold=9 epoch=13/50 ssl_loss=0.084400 lr=0.000135070 base_val_bce=0.662105 base_best=N base_cls_epoch=12 epoch_seconds=4.1 elapsed_minutes=0.8 gpu_alloc_gb=0.079 gpu_reserved_gb=1.010
[SSL] repeat=7 scope=internal_fold fold=9 epoch=14/50 ssl_loss=0.077728 lr=0.000133610 base_val_bce=0.658999 base_best=Y base_cls_epoch=9 epoch_seconds=3.9 elapsed_minutes=0.9 gpu_alloc_gb=0.079 gpu_reserved_gb=1.010
[SSL] repeat=7 scope=internal_fold fold=9 epoch=15/50 ssl_loss=0.064298 lr=0.000131749 base_val_bce=0.657599 base_best=Y base_cls_epoch=10 epoch_seconds=3.9 elapsed_minutes=1.0 gpu_alloc_gb=0.079 gpu_reserved_gb=1.010
[SSL] repeat=7 scope=internal_fold fold=9 epoch=16/50 ssl_loss=0.059712 lr=0.000129498 base_val_bce=0.657731 base_best=N base_cls_epoch=12 epoch_seconds=4.0 elapsed_minutes=1.0 gpu_alloc_gb=0.079 gpu_reserved_gb=1.010
[SSL] repeat=7 scope=internal_fold fold=9 epoch=17/50 ssl_loss=0.076248 lr=0.000126870 base_val_bce=0.659509 base_best=N base_cls_epoch=13 epoch_seconds=3.9 elapsed_minutes=1.1 gpu_alloc_gb=0.079 gpu_reserved_gb=1.010
[SSL] repeat=7 scope=internal_fold fold=9 epoch=18/50 ssl_loss=0.055889 lr=0.000123883 base_val_bce=0.659254 base_best=N base_cls_epoch=11 epoch_seconds=3.9 elapsed_minutes=1.2 gpu_alloc_gb=0.079 gpu_reserved_gb=1.010
[SSL] repeat=7 scope=internal_fold fold=9 epoch=19/50 ssl_loss=0.068355 lr=0.000120554 base_val_bce=0.659936 base_best=N base_cls_epoch=11 epoch_seconds=3.7 elapsed_minutes=1.2 gpu_alloc_gb=0.079 gpu_reserved_gb=1.010
[SSL] repeat=7 scope=internal_fold fold=9 epoch=20/50 ssl_loss=0.057924 lr=0.000116904 base_val_bce=0.664269 base_best=N base_cls_epoch=11 epoch_seconds=3.9 elapsed_minutes=1.3 gpu_alloc_gb=0.079 gpu_reserved_gb=1.010
[SSL] repeat=7 scope=internal_fold fold=9 epoch=21/50 ssl_loss=0.044986 lr=0.000112956 base_val_bce=0.650913 base_best=Y base_cls_epoch=13 epoch_seconds=3.8 elapsed_minutes=1.4 gpu_alloc_gb=0.079 gpu_reserved_gb=1.010
[SSL] repeat=7 scope=internal_fold fold=9 epoch=22/50 ssl_loss=0.076248 lr=0.000108733 base_val_bce=0.655780 base_best=N base_cls_epoch=11 epoch_seconds=3.8 elapsed_minutes=1.4 gpu_alloc_gb=0.079 gpu_reserved_gb=1.010
[SSL] repeat=7 scope=internal_fold fold=9 epoch=23/50 ssl_loss=0.059121 lr=0.000104262 base_val_bce=0.650651 base_best=Y base_cls_epoch=11 epoch_seconds=4.0 elapsed_minutes=1.5 gpu_alloc_gb=0.079 gpu_reserved_gb=1.010
[SSL] repeat=7 scope=internal_fold fold=9 epoch=24/50 ssl_loss=0.049211 lr=0.000099570 base_val_bce=0.659714 base_best=N base_cls_epoch=11 epoch_seconds=3.8 elapsed_minutes=1.6 gpu_alloc_gb=0.079 gpu_reserved_gb=1.010
[SSL] repeat=7 scope=internal_fold fold=9 epoch=25/50 ssl_loss=0.063162 lr=0.000094687 base_val_bce=0.657792 base_best=N base_cls_epoch=11 epoch_seconds=3.8 elapsed_minutes=1.6 gpu_alloc_gb=0.079 gpu_reserved_gb=1.010
[SSL] repeat=7 scope=internal_fold fold=9 epoch=26/50 ssl_loss=0.063424 lr=0.000089643 base_val_bce=0.665060 base_best=N base_cls_epoch=11 epoch_seconds=3.8 elapsed_minutes=1.7 gpu_alloc_gb=0.079 gpu_reserved_gb=1.010
[SSL] repeat=7 scope=internal_fold fold=9 epoch=27/50 ssl_loss=0.049464 lr=0.000084467 base_val_bce=0.669969 base_best=N base_cls_epoch=11 epoch_seconds=3.9 elapsed_minutes=1.7 gpu_alloc_gb=0.079 gpu_reserved_gb=1.010
[SSL] repeat=7 scope=internal_fold fold=9 epoch=28/50 ssl_loss=0.056405 lr=0.000079194 base_val_bce=0.643105 base_best=Y base_cls_epoch=12 epoch_seconds=3.8 elapsed_minutes=1.8 gpu_alloc_gb=0.079 gpu_reserved_gb=1.010
[SSL] repeat=7 scope=internal_fold fold=9 epoch=29/50 ssl_loss=0.053739 lr=0.000073854 base_val_bce=0.651342 base_best=N base_cls_epoch=13 epoch_seconds=3.8 elapsed_minutes=1.9 gpu_alloc_gb=0.079 gpu_reserved_gb=1.010
[SSL] repeat=7 scope=internal_fold fold=9 epoch=30/50 ssl_loss=0.048108 lr=0.000068481 base_val_bce=0.663796 base_best=N base_cls_epoch=16 epoch_seconds=3.8 elapsed_minutes=1.9 gpu_alloc_gb=0.079 gpu_reserved_gb=1.010
[SSL] repeat=7 scope=internal_fold fold=9 epoch=31/50 ssl_loss=0.055997 lr=0.000063108 base_val_bce=0.667877 base_best=N base_cls_epoch=11 epoch_seconds=3.9 elapsed_minutes=2.0 gpu_alloc_gb=0.079 gpu_reserved_gb=1.010
[SSL] repeat=7 scope=internal_fold fold=9 epoch=32/50 ssl_loss=0.047239 lr=0.000057768 base_val_bce=0.655870 base_best=N base_cls_epoch=12 epoch_seconds=3.9 elapsed_minutes=2.1 gpu_alloc_gb=0.079 gpu_reserved_gb=1.010
[SSL] repeat=7 scope=internal_fold fold=9 epoch=33/50 ssl_loss=0.046697 lr=0.000052494 base_val_bce=0.651933 base_best=N base_cls_epoch=13 epoch_seconds=3.9 elapsed_minutes=2.1 gpu_alloc_gb=0.079 gpu_reserved_gb=1.010
[SSL] repeat=7 scope=internal_fold fold=9 epoch=34/50 ssl_loss=0.063381 lr=0.000047319 base_val_bce=0.662241 base_best=N base_cls_epoch=12 epoch_seconds=4.0 elapsed_minutes=2.2 gpu_alloc_gb=0.079 gpu_reserved_gb=1.010
[SSL] repeat=7 scope=internal_fold fold=9 epoch=35/50 ssl_loss=0.041141 lr=0.000042274 base_val_bce=0.668761 base_best=N base_cls_epoch=11 epoch_seconds=3.8 elapsed_minutes=2.3 gpu_alloc_gb=0.079 gpu_reserved_gb=1.010
[SSL] repeat=7 scope=internal_fold fold=9 epoch=36/50 ssl_loss=0.060217 lr=0.000037391 base_val_bce=0.660320 base_best=N base_cls_epoch=10 epoch_seconds=4.0 elapsed_minutes=2.3 gpu_alloc_gb=0.079 gpu_reserved_gb=1.010
[SSL] repeat=7 scope=internal_fold fold=9 epoch=37/50 ssl_loss=0.052142 lr=0.000032700 base_val_bce=0.651766 base_best=N base_cls_epoch=11 epoch_seconds=3.9 elapsed_minutes=2.4 gpu_alloc_gb=0.079 gpu_reserved_gb=1.010
[SSL] repeat=7 scope=internal_fold fold=9 epoch=38/50 ssl_loss=0.039473 lr=0.000028229 base_val_bce=0.651066 base_best=N base_cls_epoch=10 epoch_seconds=3.8 elapsed_minutes=2.5 gpu_alloc_gb=0.079 gpu_reserved_gb=1.010
[SSL] repeat=7 scope=internal_fold fold=9 epoch=39/50 ssl_loss=0.042391 lr=0.000024006 base_val_bce=0.662400 base_best=N base_cls_epoch=13 epoch_seconds=3.8 elapsed_minutes=2.5 gpu_alloc_gb=0.079 gpu_reserved_gb=1.010
[SSL] repeat=7 scope=internal_fold fold=9 epoch=40/50 ssl_loss=0.046785 lr=0.000020058 base_val_bce=0.663238 base_best=N base_cls_epoch=11 epoch_seconds=3.8 elapsed_minutes=2.6 gpu_alloc_gb=0.079 gpu_reserved_gb=1.010
[SSL] repeat=7 scope=internal_fold fold=9 epoch=41/50 ssl_loss=0.055321 lr=0.000016408 base_val_bce=0.657235 base_best=N base_cls_epoch=11 epoch_seconds=3.8 elapsed_minutes=2.7 gpu_alloc_gb=0.079 gpu_reserved_gb=1.010
[SSL] repeat=7 scope=internal_fold fold=9 epoch=42/50 ssl_loss=0.047315 lr=0.000013079 base_val_bce=0.658104 base_best=N base_cls_epoch=15 epoch_seconds=3.9 elapsed_minutes=2.7 gpu_alloc_gb=0.079 gpu_reserved_gb=1.010
[SSL] repeat=7 scope=internal_fold fold=9 epoch=43/50 ssl_loss=0.043884 lr=0.000010091 base_val_bce=0.659480 base_best=N base_cls_epoch=11 epoch_seconds=3.9 elapsed_minutes=2.8 gpu_alloc_gb=0.079 gpu_reserved_gb=1.010
[SSL] repeat=7 scope=internal_fold fold=9 epoch=44/50 ssl_loss=0.040738 lr=0.000007464 base_val_bce=0.654461 base_best=N base_cls_epoch=12 epoch_seconds=3.9 elapsed_minutes=2.9 gpu_alloc_gb=0.079 gpu_reserved_gb=1.010
[SSL] repeat=7 scope=internal_fold fold=9 epoch=45/50 ssl_loss=0.075556 lr=0.000005213 base_val_bce=0.657531 base_best=N base_cls_epoch=12 epoch_seconds=3.8 elapsed_minutes=2.9 gpu_alloc_gb=0.079 gpu_reserved_gb=1.010
[SSL] repeat=7 scope=internal_fold fold=9 epoch=46/50 ssl_loss=0.051061 lr=0.000003352 base_val_bce=0.650009 base_best=N base_cls_epoch=12 epoch_seconds=3.6 elapsed_minutes=3.0 gpu_alloc_gb=0.079 gpu_reserved_gb=1.010
[SSL] repeat=7 scope=internal_fold fold=9 epoch=47/50 ssl_loss=0.044739 lr=0.000001892 base_val_bce=0.655355 base_best=N base_cls_epoch=13 epoch_seconds=3.8 elapsed_minutes=3.0 gpu_alloc_gb=0.079 gpu_reserved_gb=1.010
[SSL] repeat=7 scope=internal_fold fold=9 epoch=48/50 ssl_loss=0.038133 lr=0.000000843 base_val_bce=0.670027 base_best=N base_cls_epoch=12 epoch_seconds=4.0 elapsed_minutes=3.1 gpu_alloc_gb=0.079 gpu_reserved_gb=1.010
[SSL] repeat=7 scope=internal_fold fold=9 epoch=49/50 ssl_loss=0.059102 lr=0.000000211 base_val_bce=0.660733 base_best=N base_cls_epoch=12 epoch_seconds=3.6 elapsed_minutes=3.2 gpu_alloc_gb=0.079 gpu_reserved_gb=1.010
[SSL] repeat=7 scope=internal_fold fold=9 epoch=50/50 ssl_loss=0.051008 lr=0.000000000 base_val_bce=0.665655 base_best=N base_cls_epoch=12 epoch_seconds=3.7 elapsed_minutes=3.2 gpu_alloc_gb=0.079 gpu_reserved_gb=1.010
TASK_DONE repeat=7 scope=internal_fold fold=9 selected_encoder_epoch=28 selected_val_bce=0.643105 elapsed_minutes=3.2
TASK_START repeat=7 scope=external fold=external device=cuda:1 train=869 val=89
[SSL] repeat=7 scope=external fold=external epoch=1/50 ssl_loss=0.155727 lr=0.000024107 base_val_bce=0.646105 base_best=Y base_cls_epoch=17 epoch_seconds=4.3 elapsed_minutes=0.1 gpu_alloc_gb=0.079 gpu_reserved_gb=1.244
[SSL] repeat=7 scope=external fold=external epoch=2/50 ssl_loss=0.100227 lr=0.000038214 base_val_bce=0.678640 base_best=N base_cls_epoch=20 epoch_seconds=4.4 elapsed_minutes=0.1 gpu_alloc_gb=0.079 gpu_reserved_gb=1.244
[SSL] repeat=7 scope=external fold=external epoch=3/50 ssl_loss=0.108582 lr=0.000052321 base_val_bce=0.659908 base_best=N base_cls_epoch=19 epoch_seconds=4.5 elapsed_minutes=0.2 gpu_alloc_gb=0.079 gpu_reserved_gb=1.244
[SSL] repeat=7 scope=external fold=external epoch=4/50 ssl_loss=0.088789 lr=0.000066427 base_val_bce=0.655787 base_best=N base_cls_epoch=18 epoch_seconds=4.4 elapsed_minutes=0.3 gpu_alloc_gb=0.079 gpu_reserved_gb=1.244
[SSL] repeat=7 scope=external fold=external epoch=5/50 ssl_loss=0.083284 lr=0.000080534 base_val_bce=0.664997 base_best=N base_cls_epoch=18 epoch_seconds=4.4 elapsed_minutes=0.4 gpu_alloc_gb=0.079 gpu_reserved_gb=1.244
[SSL] repeat=7 scope=external fold=external epoch=6/50 ssl_loss=0.074281 lr=0.000094641 base_val_bce=0.652260 base_best=N base_cls_epoch=20 epoch_seconds=4.3 elapsed_minutes=0.4 gpu_alloc_gb=0.079 gpu_reserved_gb=1.244
[SSL] repeat=7 scope=external fold=external epoch=7/50 ssl_loss=0.074504 lr=0.000108748 base_val_bce=0.655126 base_best=N base_cls_epoch=19 epoch_seconds=4.4 elapsed_minutes=0.5 gpu_alloc_gb=0.079 gpu_reserved_gb=1.244
[SSL] repeat=7 scope=external fold=external epoch=8/50 ssl_loss=0.072977 lr=0.000122855 base_val_bce=0.646382 base_best=N base_cls_epoch=19 epoch_seconds=4.4 elapsed_minutes=0.6 gpu_alloc_gb=0.079 gpu_reserved_gb=1.244
[SSL] repeat=7 scope=external fold=external epoch=9/50 ssl_loss=0.054236 lr=0.000136962 base_val_bce=0.655972 base_best=N base_cls_epoch=15 epoch_seconds=4.2 elapsed_minutes=0.7 gpu_alloc_gb=0.079 gpu_reserved_gb=1.244
[SSL] repeat=7 scope=external fold=external epoch=10/50 ssl_loss=0.068621 lr=0.000136962 base_val_bce=0.653492 base_best=N base_cls_epoch=24 epoch_seconds=4.1 elapsed_minutes=0.7 gpu_alloc_gb=0.079 gpu_reserved_gb=1.244
[SSL] repeat=7 scope=external fold=external epoch=11/50 ssl_loss=0.060575 lr=0.000136751 base_val_bce=0.638196 base_best=Y base_cls_epoch=29 epoch_seconds=4.2 elapsed_minutes=0.8 gpu_alloc_gb=0.079 gpu_reserved_gb=1.244
[SSL] repeat=7 scope=external fold=external epoch=12/50 ssl_loss=0.050744 lr=0.000136119 base_val_bce=0.645380 base_best=N base_cls_epoch=24 epoch_seconds=4.4 elapsed_minutes=0.9 gpu_alloc_gb=0.079 gpu_reserved_gb=1.244
[SSL] repeat=7 scope=external fold=external epoch=13/50 ssl_loss=0.055683 lr=0.000135070 base_val_bce=0.644806 base_best=N base_cls_epoch=37 epoch_seconds=4.3 elapsed_minutes=1.0 gpu_alloc_gb=0.079 gpu_reserved_gb=1.244
[SSL] repeat=7 scope=external fold=external epoch=14/50 ssl_loss=0.050929 lr=0.000133610 base_val_bce=0.640374 base_best=N base_cls_epoch=39 epoch_seconds=4.5 elapsed_minutes=1.0 gpu_alloc_gb=0.079 gpu_reserved_gb=1.244
[SSL] repeat=7 scope=external fold=external epoch=15/50 ssl_loss=0.052500 lr=0.000131749 base_val_bce=0.635846 base_best=Y base_cls_epoch=37 epoch_seconds=4.4 elapsed_minutes=1.1 gpu_alloc_gb=0.079 gpu_reserved_gb=1.244
[SSL] repeat=7 scope=external fold=external epoch=16/50 ssl_loss=0.049499 lr=0.000129498 base_val_bce=0.648498 base_best=N base_cls_epoch=42 epoch_seconds=4.4 elapsed_minutes=1.2 gpu_alloc_gb=0.079 gpu_reserved_gb=1.244
[SSL] repeat=7 scope=external fold=external epoch=17/50 ssl_loss=0.042795 lr=0.000126870 base_val_bce=0.652802 base_best=N base_cls_epoch=36 epoch_seconds=4.5 elapsed_minutes=1.3 gpu_alloc_gb=0.079 gpu_reserved_gb=1.244
[SSL] repeat=7 scope=external fold=external epoch=18/50 ssl_loss=0.052746 lr=0.000123883 base_val_bce=0.640387 base_best=N base_cls_epoch=42 epoch_seconds=4.5 elapsed_minutes=1.3 gpu_alloc_gb=0.079 gpu_reserved_gb=1.244
[SSL] repeat=7 scope=external fold=external epoch=19/50 ssl_loss=0.040672 lr=0.000120554 base_val_bce=0.628944 base_best=Y base_cls_epoch=37 epoch_seconds=4.2 elapsed_minutes=1.4 gpu_alloc_gb=0.079 gpu_reserved_gb=1.244
[SSL] repeat=7 scope=external fold=external epoch=20/50 ssl_loss=0.056197 lr=0.000116904 base_val_bce=0.636364 base_best=N base_cls_epoch=39 epoch_seconds=4.1 elapsed_minutes=1.5 gpu_alloc_gb=0.079 gpu_reserved_gb=1.244
[SSL] repeat=7 scope=external fold=external epoch=21/50 ssl_loss=0.048383 lr=0.000112956 base_val_bce=0.637919 base_best=N base_cls_epoch=37 epoch_seconds=4.5 elapsed_minutes=1.6 gpu_alloc_gb=0.079 gpu_reserved_gb=1.244
[SSL] repeat=7 scope=external fold=external epoch=22/50 ssl_loss=0.040875 lr=0.000108733 base_val_bce=0.630042 base_best=N base_cls_epoch=31 epoch_seconds=4.5 elapsed_minutes=1.6 gpu_alloc_gb=0.079 gpu_reserved_gb=1.244
[SSL] repeat=7 scope=external fold=external epoch=23/50 ssl_loss=0.036557 lr=0.000104262 base_val_bce=0.649850 base_best=N base_cls_epoch=33 epoch_seconds=4.6 elapsed_minutes=1.7 gpu_alloc_gb=0.079 gpu_reserved_gb=1.244
[SSL] repeat=7 scope=external fold=external epoch=24/50 ssl_loss=0.039236 lr=0.000099570 base_val_bce=0.642449 base_best=N base_cls_epoch=40 epoch_seconds=4.5 elapsed_minutes=1.8 gpu_alloc_gb=0.079 gpu_reserved_gb=1.244
[SSL] repeat=7 scope=external fold=external epoch=25/50 ssl_loss=0.044413 lr=0.000094687 base_val_bce=0.637450 base_best=N base_cls_epoch=38 epoch_seconds=4.5 elapsed_minutes=1.9 gpu_alloc_gb=0.079 gpu_reserved_gb=1.244
[SSL] repeat=7 scope=external fold=external epoch=26/50 ssl_loss=0.050581 lr=0.000089643 base_val_bce=0.645634 base_best=N base_cls_epoch=37 epoch_seconds=4.3 elapsed_minutes=1.9 gpu_alloc_gb=0.079 gpu_reserved_gb=1.244
[SSL] repeat=7 scope=external fold=external epoch=27/50 ssl_loss=0.049089 lr=0.000084467 base_val_bce=0.631297 base_best=N base_cls_epoch=41 epoch_seconds=4.7 elapsed_minutes=2.0 gpu_alloc_gb=0.079 gpu_reserved_gb=1.244
[SSL] repeat=7 scope=external fold=external epoch=28/50 ssl_loss=0.045136 lr=0.000079194 base_val_bce=0.638710 base_best=N base_cls_epoch=37 epoch_seconds=4.5 elapsed_minutes=2.1 gpu_alloc_gb=0.079 gpu_reserved_gb=1.244
[SSL] repeat=7 scope=external fold=external epoch=29/50 ssl_loss=0.053250 lr=0.000073854 base_val_bce=0.628084 base_best=Y base_cls_epoch=40 epoch_seconds=4.3 elapsed_minutes=2.2 gpu_alloc_gb=0.079 gpu_reserved_gb=1.244
[SSL] repeat=7 scope=external fold=external epoch=30/50 ssl_loss=0.052516 lr=0.000068481 base_val_bce=0.635756 base_best=N base_cls_epoch=32 epoch_seconds=4.3 elapsed_minutes=2.2 gpu_alloc_gb=0.079 gpu_reserved_gb=1.244
[SSL] repeat=7 scope=external fold=external epoch=31/50 ssl_loss=0.041393 lr=0.000063108 base_val_bce=0.638080 base_best=N base_cls_epoch=34 epoch_seconds=4.4 elapsed_minutes=2.3 gpu_alloc_gb=0.079 gpu_reserved_gb=1.244
[SSL] repeat=7 scope=external fold=external epoch=32/50 ssl_loss=0.048780 lr=0.000057768 base_val_bce=0.634271 base_best=N base_cls_epoch=35 epoch_seconds=4.5 elapsed_minutes=2.4 gpu_alloc_gb=0.079 gpu_reserved_gb=1.244
[SSL] repeat=7 scope=external fold=external epoch=33/50 ssl_loss=0.045110 lr=0.000052494 base_val_bce=0.643006 base_best=N base_cls_epoch=36 epoch_seconds=4.5 elapsed_minutes=2.5 gpu_alloc_gb=0.079 gpu_reserved_gb=1.244
[SSL] repeat=7 scope=external fold=external epoch=34/50 ssl_loss=0.042677 lr=0.000047319 base_val_bce=0.646671 base_best=N base_cls_epoch=34 epoch_seconds=4.4 elapsed_minutes=2.5 gpu_alloc_gb=0.079 gpu_reserved_gb=1.244
[SSL] repeat=7 scope=external fold=external epoch=35/50 ssl_loss=0.051026 lr=0.000042274 base_val_bce=0.635816 base_best=N base_cls_epoch=35 epoch_seconds=4.4 elapsed_minutes=2.6 gpu_alloc_gb=0.079 gpu_reserved_gb=1.244
[SSL] repeat=7 scope=external fold=external epoch=36/50 ssl_loss=0.039381 lr=0.000037391 base_val_bce=0.635937 base_best=N base_cls_epoch=32 epoch_seconds=4.4 elapsed_minutes=2.7 gpu_alloc_gb=0.079 gpu_reserved_gb=1.244
[SSL] repeat=7 scope=external fold=external epoch=37/50 ssl_loss=0.038889 lr=0.000032700 base_val_bce=0.638842 base_best=N base_cls_epoch=34 epoch_seconds=4.3 elapsed_minutes=2.8 gpu_alloc_gb=0.079 gpu_reserved_gb=1.244
[SSL] repeat=7 scope=external fold=external epoch=38/50 ssl_loss=0.050125 lr=0.000028229 base_val_bce=0.648665 base_best=N base_cls_epoch=37 epoch_seconds=4.4 elapsed_minutes=2.8 gpu_alloc_gb=0.079 gpu_reserved_gb=1.244
[SSL] repeat=7 scope=external fold=external epoch=39/50 ssl_loss=0.033282 lr=0.000024006 base_val_bce=0.623217 base_best=Y base_cls_epoch=38 epoch_seconds=4.2 elapsed_minutes=2.9 gpu_alloc_gb=0.079 gpu_reserved_gb=1.244
[SSL] repeat=7 scope=external fold=external epoch=40/50 ssl_loss=0.048759 lr=0.000020058 base_val_bce=0.649595 base_best=N base_cls_epoch=35 epoch_seconds=4.7 elapsed_minutes=3.0 gpu_alloc_gb=0.079 gpu_reserved_gb=1.244
[SSL] repeat=7 scope=external fold=external epoch=41/50 ssl_loss=0.038976 lr=0.000016408 base_val_bce=0.629047 base_best=N base_cls_epoch=39 epoch_seconds=4.3 elapsed_minutes=3.1 gpu_alloc_gb=0.079 gpu_reserved_gb=1.244
[SSL] repeat=7 scope=external fold=external epoch=42/50 ssl_loss=0.052643 lr=0.000013079 base_val_bce=0.624752 base_best=N base_cls_epoch=34 epoch_seconds=4.5 elapsed_minutes=3.1 gpu_alloc_gb=0.079 gpu_reserved_gb=1.244
[SSL] repeat=7 scope=external fold=external epoch=43/50 ssl_loss=0.038251 lr=0.000010091 base_val_bce=0.646447 base_best=N base_cls_epoch=35 epoch_seconds=4.5 elapsed_minutes=3.2 gpu_alloc_gb=0.079 gpu_reserved_gb=1.244
[SSL] repeat=7 scope=external fold=external epoch=44/50 ssl_loss=0.037042 lr=0.000007464 base_val_bce=0.640431 base_best=N base_cls_epoch=32 epoch_seconds=4.4 elapsed_minutes=3.3 gpu_alloc_gb=0.079 gpu_reserved_gb=1.244
[SSL] repeat=7 scope=external fold=external epoch=45/50 ssl_loss=0.047232 lr=0.000005213 base_val_bce=0.652674 base_best=N base_cls_epoch=32 epoch_seconds=4.4 elapsed_minutes=3.4 gpu_alloc_gb=0.079 gpu_reserved_gb=1.244
[SSL] repeat=7 scope=external fold=external epoch=46/50 ssl_loss=0.040783 lr=0.000003352 base_val_bce=0.634513 base_best=N base_cls_epoch=38 epoch_seconds=3.8 elapsed_minutes=3.4 gpu_alloc_gb=0.079 gpu_reserved_gb=1.244
[SSL] repeat=7 scope=external fold=external epoch=47/50 ssl_loss=0.036219 lr=0.000001892 base_val_bce=0.629666 base_best=N base_cls_epoch=33 epoch_seconds=3.8 elapsed_minutes=3.5 gpu_alloc_gb=0.079 gpu_reserved_gb=1.244
[SSL] repeat=7 scope=external fold=external epoch=48/50 ssl_loss=0.040652 lr=0.000000843 base_val_bce=0.636289 base_best=N base_cls_epoch=38 epoch_seconds=4.0 elapsed_minutes=3.6 gpu_alloc_gb=0.079 gpu_reserved_gb=1.244
[SSL] repeat=7 scope=external fold=external epoch=49/50 ssl_loss=0.033163 lr=0.000000211 base_val_bce=0.628676 base_best=N base_cls_epoch=40 epoch_seconds=3.2 elapsed_minutes=3.6 gpu_alloc_gb=0.079 gpu_reserved_gb=1.244
[SSL] repeat=7 scope=external fold=external epoch=50/50 ssl_loss=0.050158 lr=0.000000000 base_val_bce=0.641934 base_best=N base_cls_epoch=34 epoch_seconds=2.9 elapsed_minutes=3.7 gpu_alloc_gb=0.079 gpu_reserved_gb=1.244
TASK_DONE repeat=7 scope=external fold=external selected_encoder_epoch=39 selected_val_bce=0.623217 elapsed_minutes=3.7
REPEAT_DONE repeat=7 status=PASS rows=48 trajectory_rows=27
