method,scope,repeat,fold,auc,bce,f1,balanced_accuracy,selected_encoder_epoch,selected_classifier_epoch,selected_crsm_epoch,selected_snde_epoch,threshold_hc,crsm_n_experts,crsm_temperature,crsm_hc_centroid_norm,crsm_pca_unit_norm,crsm_pca_singular_value,crsm_sigma_margin,crsm_sigma_projection,crsm_symmetry_ratio,crsm_symmetry_scale,crsm_initial_delta_l2,crsm_asd_mass1,crsm_asd_mass2,crsm_asd_entropy,crsm_hc_mass1,crsm_hc_mass2,crsm_hc_entropy,crsm_delta1_l2,crsm_delta2_l2,crsm_delta_cosine,crsm_delta_bias1,crsm_delta_bias2,snde_asd_score_mean,snde_asd_score_std,snde_asd_positive_fraction,snde_asd_negative_fraction,snde_asd_generalist_fraction,snde_asd_mean_abs_correction,snde_hc_score_mean,snde_hc_score_std,snde_hc_positive_fraction,snde_hc_negative_fraction,snde_hc_generalist_fraction,snde_hc_mean_abs_correction,snde_w_pos_l2,snde_w_neg_l2,snde_b_pos,snde_b_neg,snde_positive_weight_l2,snde_negative_weight_l2,snde_parameter_l2,snde_mean_abs_correction,snde_mean_abs_positive_correction,snde_mean_abs_negative_correction,snde_pc1_explained_variance_fraction,snde_pc1_explained_fraction,snde_std_floor,snde_hc_reference_score_mean,snde_hc_reference_score_std,task_seconds,n_test,status
baseline,internal_fold,0,0,0.7360688956433639,0.593977971553032,0.5882352941176471,0.6111955420466059,31.0,24.0,nan,nan,0.4483349025249481,nan,nan,nan,nan,nan,nan,nan,nan,nan,nan,nan,nan,nan,nan,nan,nan,nan,nan,nan,nan,nan,nan,nan,nan,nan,nan,nan,nan,nan,nan,nan,nan,nan,nan,nan,nan,nan,nan,nan,nan,nan,nan,nan,nan,nan,nan,nan,nan,307.5497155189514,89,PASS
crsm_corrected,internal_fold,0,0,0.7360688956433639,0.5939779697058005,0.5882352941176471,0.6111955420466059,31.0,24.0,0.0,nan,0.4483349025249481,2.0,1.0,23.18123435974121,1.0,149.91976928710938,1.1849325895309448,7.743022918701172,0.01,0.0015303229447454214,0.0021642036736011505,0.5,0.5,0.6931472420692444,0.5,0.5,0.6931471824645996,0.0,0.0,0.0,0.0,0.0,nan,nan,nan,nan,nan,nan,nan,nan,nan,nan,nan,nan,nan,nan,nan,nan,nan,nan,nan,nan,nan,nan,nan,nan,nan,nan,nan,307.5497155189514,89,PASS
selective_normative_deviation_experts,internal_fold,0,0,0.7507598784194529,0.5845295024966768,0.6046511627906976,0.6218338399189463,31.0,24.0,nan,7.0,0.4483349025249481,nan,nan,nan,nan,nan,nan,nan,nan,nan,nan,nan,nan,nan,nan,nan,nan,nan,nan,nan,nan,nan,0.10266327112913132,1.1462938785552979,0.11484593898057938,0.002801120514050126,0.8823529481887817,0.11323776096105576,-4.512654694366347e-09,0.9999999403953552,0.09463722258806229,0.0031545741949230433,0.9022082090377808,0.0610644668340683,0.08068734407424927,0.13505235314369202,0.00279623968526721,-0.006923430133610964,0.08068734407424927,0.13505235314369202,0.1574971079826355,0.08869928121566772,0.08843699097633362,0.00026228674687445164,0.21178893744945526,0.21178893744945526,0.001301823416724801,-8.423621977726725e-08,8.094531059265137,307.5497155189514,89,PASS
baseline,internal_fold,0,1,0.7396149949341438,0.6161925510726048,0.651685393258427,0.6537487335359675,17.0,11.0,nan,nan,0.4325406551361084,nan,nan,nan,nan,nan,nan,nan,nan,nan,nan,nan,nan,nan,nan,nan,nan,nan,nan,nan,nan,nan,nan,nan,nan,nan,nan,nan,nan,nan,nan,nan,nan,nan,nan,nan,nan,nan,nan,nan,nan,nan,nan,nan,nan,nan,nan,nan,nan,262.3395733833313,89,PASS
crsm_corrected,internal_fold,0,1,0.740628166160081,0.6145247605261883,0.651685393258427,0.6537487335359675,17.0,11.0,2.0,nan,0.41917479038238525,2.0,1.0,26.297531127929688,0.9999999403953552,147.96424865722656,0.7216825485229492,7.5713701248168945,0.01,0.0009531729156151414,0.0013479901244863868,0.5010724663734436,0.49892759323120117,0.6931111216545105,0.5,0.5000001192092896,0.6931308507919312,0.02711702138185501,0.026931393891572952,0.9914039969444275,-9.951147512765601e-05,-9.954212873708457e-05,nan,nan,nan,nan,nan,nan,nan,nan,nan,nan,nan,nan,nan,nan,nan,nan,nan,nan,nan,nan,nan,nan,nan,nan,nan,nan,nan,262.3395733833313,89,PASS
selective_normative_deviation_experts,internal_fold,0,1,0.722391084093212,0.6370887806114292,0.6444444444444444,0.6418439716312057,17.0,11.0,nan,20.0,0.4325406551361084,nan,nan,nan,nan,nan,nan,nan,nan,nan,nan,nan,nan,nan,nan,nan,nan,nan,nan,nan,nan,nan,0.28404805064201355,1.3630948066711426,0.1428571492433548,0.042016807943582535,0.8151260614395142,0.3093699812889099,3.760545486120037e-10,1.0,0.06940063089132309,0.04416403919458389,0.886435329914093,0.1200006902217865,0.14431487023830414,0.21567633748054504,0.0031676343642175198,0.006467918865382671,0.14431487023830414,0.21567633748054504,0.259605348110199,0.22030457854270935,0.15430660545825958,0.06599799543619156,0.13678735494613647,0.13678735494613647,0.0013756684493273497,-6.919403716665329e-08,5.81997537612915,262.3395733833313,89,PASS
baseline,internal_fold,0,2,0.7696687370600415,0.5923387518774963,0.7450980392156864,0.6987577639751552,40.0,64.0,nan,nan,0.5147973299026489,nan,nan,nan,nan,nan,nan,nan,nan,nan,nan,nan,nan,nan,nan,nan,nan,nan,nan,nan,nan,nan,nan,nan,nan,nan,nan,nan,nan,nan,nan,nan,nan,nan,nan,nan,nan,nan,nan,nan,nan,nan,nan,nan,nan,nan,nan,nan,nan,263.5862720012665,88,PASS
crsm_corrected,internal_fold,0,2,0.7696687370600415,0.5923387559448007,0.7450980392156864,0.6987577639751552,40.0,64.0,0.0,nan,0.5147973299026489,2.0,1.0,23.887392044067383,1.0,137.34803771972656,1.9864709377288818,6.2629313468933105,0.01,0.0031717908568680286,0.0044855899177491665,0.5,0.5,0.6931472420692444,0.5,0.5,0.6931471824645996,0.0,0.0,0.0,0.0,0.0,nan,nan,nan,nan,nan,nan,nan,nan,nan,nan,nan,nan,nan,nan,nan,nan,nan,nan,nan,nan,nan,nan,nan,nan,nan,nan,nan,263.5862720012665,88,PASS
selective_normative_deviation_experts,internal_fold,0,2,0.7582815734989647,0.6124049594434925,0.7346938775510203,0.7008281573498965,40.0,64.0,nan,60.0,0.4565272629261017,nan,nan,nan,nan,nan,nan,nan,nan,nan,nan,nan,nan,nan,nan,nan,nan,nan,nan,nan,nan,nan,-0.2078120857477188,1.380764365196228,0.0,0.12044817954301834,0.8795518279075623,0.283812016248703,3.0084363888960297e-09,1.0000001192092896,0.0,0.08832807838916779,0.9116719365119934,0.2042737454175949,0.0,0.2639521062374115,0.0,-0.013703854754567146,0.0,0.2639521062374115,0.2643076181411743,0.2464030683040619,0.0,0.2464030683040619,0.2158764898777008,0.2158764898777008,0.0012465609470382333,7.220247510986155e-08,7.502139091491699,263.5862720012665,88,PASS
baseline,internal_fold,0,3,0.7546583850931675,0.5896100000230617,0.5507246376811594,0.6589026915113871,36.0,48.0,nan,nan,0.34189358353614807,nan,nan,nan,nan,nan,nan,nan,nan,nan,nan,nan,nan,nan,nan,nan,nan,nan,nan,nan,nan,nan,nan,nan,nan,nan,nan,nan,nan,nan,nan,nan,nan,nan,nan,nan,nan,nan,nan,nan,nan,nan,nan,nan,nan,nan,nan,nan,nan,266.71363496780396,88,PASS
crsm_corrected,internal_fold,0,3,0.7546583850931675,0.5896100000724855,0.5507246376811594,0.6589026915113871,36.0,48.0,0.0,nan,0.34189358353614807,2.0,1.0,23.171127319335938,1.0,159.3925018310547,1.8169788122177124,8.410171508789062,0.01,0.002160453936085105,0.0030553434044122696,0.5,0.5,0.6931472420692444,0.5,0.5,0.6931471824645996,0.0,0.0,0.0,0.0,0.0,nan,nan,nan,nan,nan,nan,nan,nan,nan,nan,nan,nan,nan,nan,nan,nan,nan,nan,nan,nan,nan,nan,nan,nan,nan,nan,nan,266.71363496780396,88,PASS
selective_normative_deviation_experts,internal_fold,0,3,0.7567287784679089,0.5898576108022705,0.5507246376811594,0.6589026915113871,36.0,48.0,nan,3.0,0.34189358353614807,nan,nan,nan,nan,nan,nan,nan,nan,nan,nan,nan,nan,nan,nan,nan,nan,nan,nan,nan,nan,nan,0.24691973626613617,1.3687841892242432,0.13725490868091583,0.002801120514050126,0.8599439859390259,0.03827960789203644,-6.0168727777920594e-09,1.0,0.08832807838916779,0.0031545741949230433,0.9085173606872559,0.048728570342063904,0.036302704364061356,0.0582885704934597,0.00032845992245711386,-0.0029876925982534885,0.036302704364061356,0.0582885704934597,0.06873483955860138,0.04319402948021889,0.04305266961455345,0.00014135947276372463,0.21477581560611725,0.21477581560611725,0.0012707544956356287,-9.626996444467295e-08,7.442072868347168,266.71363496780396,88,PASS
baseline,internal_fold,0,4,0.6309523809523809,0.6838613959769155,0.6538461538461539,0.5838509316770186,23.0,49.0,nan,nan,0.5474112629890442,nan,nan,nan,nan,nan,nan,nan,nan,nan,nan,nan,nan,nan,nan,nan,nan,nan,nan,nan,nan,nan,nan,nan,nan,nan,nan,nan,nan,nan,nan,nan,nan,nan,nan,nan,nan,nan,nan,nan,nan,nan,nan,nan,nan,nan,nan,nan,nan,238.6241397857666,88,PASS
crsm_corrected,internal_fold,0,4,0.6309523809523809,0.6838613957261186,0.6538461538461539,0.5838509316770186,23.0,49.0,0.0,nan,0.5474112629890442,2.0,1.0,24.156753540039062,1.0,132.8082275390625,1.8626954555511475,7.007535934448242,0.01,0.002658131765201688,0.003759165992960334,0.5,0.5,0.6931472420692444,0.5,0.5,0.6931471824645996,0.0,0.0,0.0,0.0,0.0,nan,nan,nan,nan,nan,nan,nan,nan,nan,nan,nan,nan,nan,nan,nan,nan,nan,nan,nan,nan,nan,nan,nan,nan,nan,nan,nan,238.6241397857666,88,PASS
selective_normative_deviation_experts,internal_fold,0,4,0.6387163561076605,0.726967770475528,0.6603773584905662,0.5828157349896481,23.0,49.0,nan,4.0,0.5474112629890442,nan,nan,nan,nan,nan,nan,nan,nan,nan,nan,nan,nan,nan,nan,nan,nan,nan,nan,nan,nan,nan,0.3063143789768219,1.382826328277588,0.16526611149311066,0.005602241028100252,0.8291316628456116,0.123646579682827,-6.0168727777920594e-09,1.0,0.09779179841279984,0.015772871673107147,0.886435329914093,0.04715243726968765,0.05230589210987091,0.06828759610652924,0.0016950134886428714,-0.003929737955331802,0.05230589210987091,0.06828759610652924,0.08612443506717682,0.08766936510801315,0.08328118920326233,0.004388174042105675,0.19416199624538422,0.19416199624538422,0.001333499443717301,-1.0830370911207865e-07,6.499325275421143,238.6241397857666,88,PASS
baseline,internal_fold,0,5,0.7192527244421381,0.6233150827861806,0.6818181818181819,0.6850025947067981,42.0,44.0,nan,nan,0.3857467770576477,nan,nan,nan,nan,nan,nan,nan,nan,nan,nan,nan,nan,nan,nan,nan,nan,nan,nan,nan,nan,nan,nan,nan,nan,nan,nan,nan,nan,nan,nan,nan,nan,nan,nan,nan,nan,nan,nan,nan,nan,nan,nan,nan,nan,nan,nan,nan,nan,415.6236925125122,88,PASS
crsm_corrected,internal_fold,0,5,0.7192527244421381,0.6233150863304021,0.6818181818181819,0.6850025947067981,42.0,44.0,0.0,nan,0.3857468068599701,2.0,1.0,22.981719970703125,1.0,149.83407592773438,1.690903902053833,7.529455661773682,0.01,0.002245718613266945,0.0031759256962686777,0.5,0.5,0.6931472420692444,0.5,0.5,0.6931471824645996,0.0,0.0,0.0,0.0,0.0,nan,nan,nan,nan,nan,nan,nan,nan,nan,nan,nan,nan,nan,nan,nan,nan,nan,nan,nan,nan,nan,nan,nan,nan,nan,nan,nan,415.6236925125122,88,PASS
selective_normative_deviation_experts,internal_fold,0,5,0.6995329527763363,0.8033434650273854,0.6888888888888888,0.683445770627919,42.0,44.0,nan,149.0,0.3857468068599701,nan,nan,nan,nan,nan,nan,nan,nan,nan,nan,nan,nan,nan,nan,nan,nan,nan,nan,nan,nan,nan,-0.0931665375828743,1.1641544103622437,0.0,0.10084033757448196,0.8991596698760986,0.2589733600616455,1.5042182610613963e-08,1.0,0.0031545741949230433,0.07886435836553574,0.9179810881614685,0.20351596176624298,1.8239827156066895,0.3947952687740326,-0.09379445016384125,-0.006998144555836916,1.8239827156066895,0.3947952687740326,1.8685883283615112,0.2328902781009674,0.002984256949275732,0.22990602254867554,0.22221612930297852,0.22221612930297852,0.0012973956763744354,2.4067491111168238e-08,8.035148620605469,415.6236925125122,88,PASS
baseline,internal_fold,0,6,0.7353399065905553,0.6049374909739131,0.6741573033707866,0.6728074727555786,34.0,26.0,nan,nan,0.39982306957244873,nan,nan,nan,nan,nan,nan,nan,nan,nan,nan,nan,nan,nan,nan,nan,nan,nan,nan,nan,nan,nan,nan,nan,nan,nan,nan,nan,nan,nan,nan,nan,nan,nan,nan,nan,nan,nan,nan,nan,nan,nan,nan,nan,nan,nan,nan,nan,nan,270.0524446964264,88,PASS
crsm_corrected,internal_fold,0,6,0.7353399065905553,0.6049374897071229,0.6741573033707866,0.6728074727555786,34.0,26.0,0.0,nan,0.39982306957244873,2.0,1.0,23.123371124267578,1.0,153.7782440185547,1.2462825775146484,8.136576652526855,0.01,0.0015317038632929325,0.0021661564242094755,0.5,0.5,0.6931472420692444,0.5,0.5,0.6931471824645996,0.0,0.0,0.0,0.0,0.0,nan,nan,nan,nan,nan,nan,nan,nan,nan,nan,nan,nan,nan,nan,nan,nan,nan,nan,nan,nan,nan,nan,nan,nan,nan,nan,nan,270.0524446964264,88,PASS
selective_normative_deviation_experts,internal_fold,0,6,0.7270368448365335,0.6073963253727307,0.6741573033707866,0.6728074727555786,34.0,26.0,nan,51.0,0.39982306957244873,nan,nan,nan,nan,nan,nan,nan,nan,nan,nan,nan,nan,nan,nan,nan,nan,nan,nan,nan,nan,nan,-0.14949144423007965,1.2360115051269531,0.002801120514050126,0.1260504275560379,0.8711484670639038,0.3069566488265991,1.5042182610613963e-08,1.0,0.0031545741949230433,0.09779179841279984,0.8990536332130432,0.22359296679496765,0.8326480388641357,0.3954477608203888,-0.03747083619236946,-0.022424902766942978,0.8326480388641357,0.3954477608203888,0.9228155612945557,0.26774850487709045,0.0007665766752324998,0.26698189973831177,0.22209076583385468,0.22209076583385468,0.0013366101775318384,4.8134982222336475e-08,7.926723003387451,270.0524446964264,88,PASS
baseline,internal_fold,0,7,0.7270368448365335,0.6162476540192601,0.7102803738317757,0.6359626362221069,44.0,44.0,nan,nan,0.6032403111457825,nan,nan,nan,nan,nan,nan,nan,nan,nan,nan,nan,nan,nan,nan,nan,nan,nan,nan,nan,nan,nan,nan,nan,nan,nan,nan,nan,nan,nan,nan,nan,nan,nan,nan,nan,nan,nan,nan,nan,nan,nan,nan,nan,nan,nan,nan,nan,nan,289.5934941768646,88,PASS
crsm_corrected,internal_fold,0,7,0.7270368448365335,0.6162476563949592,0.7102803738317757,0.6359626362221069,44.0,44.0,0.0,nan,0.6032403111457825,2.0,1.0,23.397836685180664,1.0,154.661865234375,1.6195814609527588,7.735994815826416,0.01,0.002093565883114934,0.002960749203339219,0.5,0.5,0.6931472420692444,0.5,0.5,0.6931471824645996,0.0,0.0,0.0,0.0,0.0,nan,nan,nan,nan,nan,nan,nan,nan,nan,nan,nan,nan,nan,nan,nan,nan,nan,nan,nan,nan,nan,nan,nan,nan,nan,nan,nan,289.5934941768646,88,PASS
selective_normative_deviation_experts,internal_fold,0,7,0.7021276595744681,0.6464465878075143,0.6428571428571429,0.6652828230409964,44.0,44.0,nan,43.0,0.4510364234447479,nan,nan,nan,nan,nan,nan,nan,nan,nan,nan,nan,nan,nan,nan,nan,nan,nan,nan,nan,nan,nan,0.20572690665721893,1.2457431554794312,0.13725490868091583,0.002801120514050126,0.8599439859390259,0.297750860452652,-6.768981819504916e-09,1.0,0.08517350256443024,0.0,0.914826512336731,0.17303119599819183,0.26370498538017273,0.7898786664009094,0.00153535814024508,0.0406966395676136,0.26370498538017273,0.7898786664009094,0.8337308764457703,0.2390918880701065,0.23816969990730286,0.0009221915388479829,0.20342253148555756,0.20342253148555756,0.001202193321660161,-3.6101237554930776e-08,7.653947353363037,289.5934941768646,88,PASS
baseline,internal_fold,0,8,0.7711468604047742,0.5786871453206653,0.7422680412371133,0.7122470160871821,47.0,36.0,nan,nan,0.47939541935920715,nan,nan,nan,nan,nan,nan,nan,nan,nan,nan,nan,nan,nan,nan,nan,nan,nan,nan,nan,nan,nan,nan,nan,nan,nan,nan,nan,nan,nan,nan,nan,nan,nan,nan,nan,nan,nan,nan,nan,nan,nan,nan,nan,nan,nan,nan,nan,nan,306.1934370994568,88,PASS
crsm_corrected,internal_fold,0,8,0.7711468604047742,0.5786871439457772,0.7422680412371133,0.7122470160871821,47.0,36.0,0.0,nan,0.47939538955688477,2.0,1.0,23.134763717651367,1.0,148.11817932128906,1.5552300214767456,6.472628116607666,0.01,0.0024027798790484667,0.00339804426766932,0.5,0.5,0.6931472420692444,0.5,0.5,0.6931471824645996,0.0,0.0,0.0,0.0,0.0,nan,nan,nan,nan,nan,nan,nan,nan,nan,nan,nan,nan,nan,nan,nan,nan,nan,nan,nan,nan,nan,nan,nan,nan,nan,nan,nan,306.1934370994568,88,PASS
selective_normative_deviation_experts,internal_fold,0,8,0.7825635703165542,0.5633355907951197,0.6904761904761905,0.7109496626881162,47.0,36.0,nan,41.0,0.3980847895145416,nan,nan,nan,nan,nan,nan,nan,nan,nan,nan,nan,nan,nan,nan,nan,nan,nan,nan,nan,nan,nan,0.21202808618545532,1.3337894678115845,0.1428571492433548,0.002801120514050126,0.8543417453765869,0.23494572937488556,-6.0168727777920594e-09,1.0,0.11041009426116943,0.0031545741949230433,0.886435329914093,0.13707202672958374,0.18670758605003357,0.7061544060707092,-0.00436116848140955,-0.03612130880355835,0.18670758605003357,0.7061544060707092,0.7313258647918701,0.18891313672065735,0.18723776936531067,0.0016753748059272766,0.21659724414348602,0.21659724414348602,0.0013305884785950184,-4.8134982222336475e-08,7.296573638916016,306.1934370994568,88,PASS
baseline,internal_fold,0,9,0.661650233523612,0.6658710098099823,0.5977011494252874,0.6058640373637779,21.0,52.0,nan,nan,0.43481284379959106,nan,nan,nan,nan,nan,nan,nan,nan,nan,nan,nan,nan,nan,nan,nan,nan,nan,nan,nan,nan,nan,nan,nan,nan,nan,nan,nan,nan,nan,nan,nan,nan,nan,nan,nan,nan,nan,nan,nan,nan,nan,nan,nan,nan,nan,nan,nan,nan,334.0791289806366,88,PASS
crsm_corrected,internal_fold,0,9,0.661650233523612,0.6658710049652149,0.5977011494252874,0.6058640373637779,21.0,52.0,0.0,nan,0.4348128139972687,2.0,1.0,23.531211853027344,1.0,137.1845703125,1.9021292924880981,7.252357006072998,0.01,0.0026227738708257675,0.003709162585437298,0.5,0.5,0.6931472420692444,0.5,0.5,0.6931471824645996,0.0,0.0,0.0,0.0,0.0,nan,nan,nan,nan,nan,nan,nan,nan,nan,nan,nan,nan,nan,nan,nan,nan,nan,nan,nan,nan,nan,nan,nan,nan,nan,nan,nan,334.0791289806366,88,PASS
selective_normative_deviation_experts,internal_fold,0,9,0.6517903476907109,0.6821834587723914,0.54320987654321,0.5877010897768552,21.0,52.0,nan,5.0,0.404801607131958,nan,nan,nan,nan,nan,nan,nan,nan,nan,nan,nan,nan,nan,nan,nan,nan,nan,nan,nan,nan,nan,-0.16395622491836548,1.2946075201034546,0.0,0.1260504275560379,0.8739495873451233,0.05502203106880188,3.0084363888960297e-09,1.0,0.0031545741949230433,0.11041009426116943,0.886435329914093,0.04592375457286835,0.09709202498197556,0.04920869693160057,-0.004986211657524109,0.00014580741117242724,0.09709202498197556,0.04920869693160057,0.10896440595388412,0.05074286460876465,0.00016039417823776603,0.05058247968554497,0.21851231157779694,0.21851231157779694,0.0012691246811300516,2.4067491111168238e-08,7.637835502624512,334.0791289806366,88,PASS
baseline,internal_oof,0,all,0.7212146229457445,0.6164780127244667,0.6652126499454744,0.6518536673460438,33.5,39.8,nan,nan,nan,nan,nan,nan,nan,nan,nan,nan,nan,nan,nan,nan,nan,nan,nan,nan,nan,nan,nan,nan,nan,nan,nan,nan,nan,nan,nan,nan,nan,nan,nan,nan,nan,nan,nan,nan,nan,nan,nan,nan,nan,nan,nan,nan,nan,nan,nan,nan,nan,295.43555331230164,882,PASS
crsm_corrected,internal_oof,0,all,0.7218028430639044,0.616309720977656,0.6652126499454744,0.6518536673460438,33.5,39.8,0.2,nan,nan,2.0,1.0,23.686294174194337,0.9999999940395355,147.1009719848633,1.558688759803772,7.41220440864563,0.009999999999999998,0.002137041452806443,0.0030222331290133296,0.5001072466373444,0.4998927593231201,0.693143630027771,0.5,0.5000000119209289,0.6931455492973327,0.002711702138185501,0.002693139389157295,0.09914039969444274,-9.951147512765602e-06,-9.954212873708457e-06,nan,nan,nan,nan,nan,nan,nan,nan,nan,nan,nan,nan,nan,nan,nan,nan,nan,nan,nan,nan,nan,nan,nan,nan,nan,nan,nan,295.43555331230164,882,PASS
selective_normative_deviation_experts,internal_oof,0,all,0.7147493614715822,0.6452770689617999,0.6476624857468644,0.6522612935682774,33.5,39.8,nan,38.3,nan,nan,nan,nan,nan,nan,nan,nan,nan,nan,nan,nan,nan,nan,nan,nan,nan,nan,nan,nan,nan,nan,0.07432741373777389,1.2916069626808167,0.08431372868362814,0.05322129032574594,0.8624649941921234,0.20219945758581162,7.145037700384549e-10,1.0000000059604646,0.05552050496917218,0.0444794962881133,0.9000000059604645,0.12643558159470558,0.35177461616694927,0.3076741762459278,-0.013108996089431457,-0.004577870572393295,0.35177461616694927,0.3076741762459278,0.5301694385707378,0.16656569950282574,0.07983961523277686,0.08672608523193048,0.20562295764684677,0.20562295764684677,0.0012964219087734819,-2.737677107234049e-08,7.390827178955078,295.43555331230164,882,PASS
baseline,caltech,0,external,0.7485380116959064,0.5869408602613673,0.6060606060606061,0.652046783625731,1.0,37.0,nan,nan,0.3713778853416443,nan,nan,nan,nan,nan,nan,nan,nan,nan,nan,nan,nan,nan,nan,nan,nan,nan,nan,nan,nan,nan,nan,nan,nan,nan,nan,nan,nan,nan,nan,nan,nan,nan,nan,nan,nan,nan,nan,nan,nan,nan,nan,nan,nan,nan,nan,nan,nan,312.59946870803833,37,PASS
crsm_corrected,caltech,0,external,0.7485380116959065,0.5861089185017273,0.5806451612903226,0.6535087719298246,1.0,37.0,7.0,nan,0.33245155215263367,2.0,1.0,35.544944763183594,1.0,186.3396453857422,1.487262487411499,8.547944068908691,0.01,0.0017399066127836704,0.0024605996441096067,0.5045559406280518,0.49544405937194824,0.6926871538162231,0.4999997615814209,0.5000002384185791,0.6930223107337952,0.09204836934804916,0.09160960465669632,0.9862061738967896,-0.00033061698195524514,-0.00033372160396538675,nan,nan,nan,nan,nan,nan,nan,nan,nan,nan,nan,nan,nan,nan,nan,nan,nan,nan,nan,nan,nan,nan,nan,nan,nan,nan,nan,312.59946870803833,37,PASS
selective_normative_deviation_experts,caltech,0,external,0.6842105263157895,0.70706274052323,0.6060606060606061,0.652046783625731,1.0,37.0,nan,96.0,0.3713778853416443,nan,nan,nan,nan,nan,nan,nan,nan,nan,nan,nan,nan,nan,nan,nan,nan,nan,nan,nan,nan,nan,-0.41882455348968506,1.404350996017456,0.011904762126505375,0.18571428954601288,0.8023809790611267,0.4514594078063965,8.948687124643584e-09,1.0,0.026809651404619217,0.09919571131467819,0.8739946484565735,0.17281608283519745,0.7082798480987549,0.4236161708831787,0.007907131686806679,0.008213911205530167,0.7082798480987549,0.4236161708831787,0.8253732323646545,0.32039517164230347,0.025587426498532295,0.29480770230293274,0.2010919600725174,0.2010919600725174,0.0013056898023933172,7.670303148188395e-08,7.173782825469971,312.59946870803833,37,PASS
baseline,abide2,0,external,0.7198172604422605,0.6129383992471554,0.5937031484257872,0.6463682432432433,1.0,37.0,nan,nan,0.3713778853416443,nan,nan,nan,nan,nan,nan,nan,nan,nan,nan,nan,nan,nan,nan,nan,nan,nan,nan,nan,nan,nan,nan,nan,nan,nan,nan,nan,nan,nan,nan,nan,nan,nan,nan,nan,nan,nan,nan,nan,nan,nan,nan,nan,nan,nan,nan,nan,nan,312.59946870803833,727,PASS
crsm_corrected,abide2,0,external,0.7208154176904177,0.6118782804013754,0.5830815709969789,0.6402257371007372,1.0,37.0,7.0,nan,0.33245155215263367,2.0,1.0,35.544944763183594,1.0,186.3396453857422,1.487262487411499,8.547944068908691,0.01,0.0017399066127836704,0.0024605996441096067,0.5045559406280518,0.49544405937194824,0.6926871538162231,0.4999997615814209,0.5000002384185791,0.6930223107337952,0.09204836934804916,0.09160960465669632,0.9862061738967896,-0.00033061698195524514,-0.00033372160396538675,nan,nan,nan,nan,nan,nan,nan,nan,nan,nan,nan,nan,nan,nan,nan,nan,nan,nan,nan,nan,nan,nan,nan,nan,nan,nan,nan,312.59946870803833,727,PASS
selective_normative_deviation_experts,abide2,0,external,0.7165617321867321,0.6202603173942909,0.6023738872403561,0.6493857493857494,1.0,37.0,nan,96.0,0.3713778853416443,nan,nan,nan,nan,nan,nan,nan,nan,nan,nan,nan,nan,nan,nan,nan,nan,nan,nan,nan,nan,nan,-0.41882455348968506,1.404350996017456,0.011904762126505375,0.18571428954601288,0.8023809790611267,0.4514594078063965,8.948687124643584e-09,1.0,0.026809651404619217,0.09919571131467819,0.8739946484565735,0.17281608283519745,0.7082798480987549,0.4236161708831787,0.007907131686806679,0.008213911205530167,0.7082798480987549,0.4236161708831787,0.8253732323646545,0.32039517164230347,0.025587426498532295,0.29480770230293274,0.2010919600725174,0.2010919600725174,0.0013056898023933172,7.670303148188395e-08,7.173782825469971,312.59946870803833,727,PASS
baseline,internal_fold,1,0,0.7684903748733537,0.5851380270125404,0.6444444444444444,0.6418439716312057,30.0,17.0,nan,nan,0.4792431592941284,nan,nan,nan,nan,nan,nan,nan,nan,nan,nan,nan,nan,nan,nan,nan,nan,nan,nan,nan,nan,nan,nan,nan,nan,nan,nan,nan,nan,nan,nan,nan,nan,nan,nan,nan,nan,nan,nan,nan,nan,nan,nan,nan,nan,nan,nan,nan,nan,319.03841066360474,89,PASS
crsm_corrected,internal_fold,1,0,0.7684903748733537,0.5851380207855732,0.6444444444444444,0.6418439716312057,30.0,17.0,0.0,nan,0.4792431592941284,2.0,1.0,23.116132736206055,1.0,132.74143981933594,0.9223269820213318,5.42781925201416,0.01,0.0016992586897686124,0.002403114689514041,0.5,0.5,0.6931472420692444,0.5,0.5,0.6931471824645996,0.0,0.0,0.0,0.0,0.0,nan,nan,nan,nan,nan,nan,nan,nan,nan,nan,nan,nan,nan,nan,nan,nan,nan,nan,nan,nan,nan,nan,nan,nan,nan,nan,nan,319.03841066360474,89,PASS
selective_normative_deviation_experts,internal_fold,1,0,0.7700101317122594,0.5883755481374463,0.6593406593406593,0.6524822695035462,30.0,17.0,nan,22.0,0.47924309968948364,nan,nan,nan,nan,nan,nan,nan,nan,nan,nan,nan,nan,nan,nan,nan,nan,nan,nan,nan,nan,nan,-0.1686498075723648,1.2912986278533936,0.0,0.11764705926179886,0.8823529481887817,0.22283658385276794,6.0168727777920594e-09,0.9999999403953552,0.0031545741949230433,0.08201892673969269,0.914826512336731,0.1433500349521637,0.415244996547699,0.1879427134990692,-0.021460173651576042,-0.00353610934689641,0.415244996547699,0.1879427134990692,0.4563155770301819,0.1854519546031952,0.0005477027152664959,0.18490424752235413,0.21958139538764954,0.21958139538764954,0.001283592777326703,3.6101237554930776e-08,7.887032508850098,319.03841066360474,89,PASS
baseline,internal_fold,1,1,0.8242147922998988,0.5548807373494375,0.6027397260273972,0.6864235055724417,49.0,22.0,nan,nan,0.3691919445991516,nan,nan,nan,nan,nan,nan,nan,nan,nan,nan,nan,nan,nan,nan,nan,nan,nan,nan,nan,nan,nan,nan,nan,nan,nan,nan,nan,nan,nan,nan,nan,nan,nan,nan,nan,nan,nan,nan,nan,nan,nan,nan,nan,nan,nan,nan,nan,nan,255.6484134197235,89,PASS
crsm_corrected,internal_fold,1,1,0.8242147922998988,0.5548807412008173,0.6027397260273972,0.6864235055724417,49.0,22.0,0.0,nan,0.3691919445991516,2.0,1.0,23.143131256103516,1.0,149.880615234375,1.1517568826675415,7.082809925079346,0.01,0.001626129844225943,0.002299694810062647,0.5,0.5,0.6931472420692444,0.5,0.5,0.6931471824645996,0.0,0.0,0.0,0.0,0.0,nan,nan,nan,nan,nan,nan,nan,nan,nan,nan,nan,nan,nan,nan,nan,nan,nan,nan,nan,nan,nan,nan,nan,nan,nan,nan,nan,255.6484134197235,89,PASS
selective_normative_deviation_experts,internal_fold,1,1,0.8242147922998988,0.5548807422284752,0.6027397260273972,0.6864235055724417,49.0,22.0,nan,0.0,0.3691919445991516,nan,nan,nan,nan,nan,nan,nan,nan,nan,nan,nan,nan,nan,nan,nan,nan,nan,nan,nan,nan,nan,-0.20945580303668976,1.3189117908477783,0.0,0.1260504275560379,0.8739495873451233,0.0,3.0084363888960297e-09,0.9999999403953552,0.0031545741949230433,0.08832807838916779,0.9085173606872559,0.0,0.0,0.0,0.0,0.0,0.0,0.0,0.0,0.0,0.0,0.0,0.2092195451259613,0.2092195451259613,0.0013556383782997727,4.8134982222336475e-08,7.434406280517578,255.6484134197235,89,PASS
baseline,internal_fold,1,2,0.7681159420289855,0.5824368680961881,0.6813186813186812,0.6702898550724637,10.0,93.0,nan,nan,0.4686814844608307,nan,nan,nan,nan,nan,nan,nan,nan,nan,nan,nan,nan,nan,nan,nan,nan,nan,nan,nan,nan,nan,nan,nan,nan,nan,nan,nan,nan,nan,nan,nan,nan,nan,nan,nan,nan,nan,nan,nan,nan,nan,nan,nan,nan,nan,nan,nan,nan,333.15231347084045,88,PASS
crsm_corrected,internal_fold,1,2,0.7681159420289855,0.5824368658838106,0.6813186813186812,0.6702898550724637,10.0,93.0,0.0,nan,0.4686815142631531,2.0,1.0,26.552274703979492,1.0,128.73675537109375,2.3536932468414307,6.180442810058594,0.01,0.003808292094618082,0.005385738331824541,0.5,0.5,0.6931472420692444,0.5,0.5,0.6931471824645996,0.0,0.0,0.0,0.0,0.0,nan,nan,nan,nan,nan,nan,nan,nan,nan,nan,nan,nan,nan,nan,nan,nan,nan,nan,nan,nan,nan,nan,nan,nan,nan,nan,nan,333.15231347084045,88,PASS
selective_normative_deviation_experts,internal_fold,1,2,0.7769151138716356,0.5739117383105241,0.6315789473684211,0.6894409937888198,10.0,93.0,nan,2.0,0.3247149884700775,nan,nan,nan,nan,nan,nan,nan,nan,nan,nan,nan,nan,nan,nan,nan,nan,nan,nan,nan,nan,nan,0.1473350077867508,1.1691410541534424,0.13725490868091583,0.005602241028100252,0.8571428656578064,0.058838438242673874,-6.0168727777920594e-09,1.0000001192092896,0.11356467008590698,0.0063091483898460865,0.8801261782646179,0.02474692277610302,0.033935077488422394,0.03859958425164223,0.0019674904178828,-0.0019774483516812325,0.033935077488422394,0.03859958425164223,0.05147134140133858,0.0428042933344841,0.04179050400853157,0.0010137927019968629,0.20574969053268433,0.20574969053268433,0.0012657876359298825,-9.626996444467295e-08,7.6644182205200195,333.15231347084045,88,PASS
baseline,internal_fold,1,3,0.7132505175983437,0.6181335382570364,0.7222222222222221,0.650103519668737,48.0,36.0,nan,nan,0.512637734413147,nan,nan,nan,nan,nan,nan,nan,nan,nan,nan,nan,nan,nan,nan,nan,nan,nan,nan,nan,nan,nan,nan,nan,nan,nan,nan,nan,nan,nan,nan,nan,nan,nan,nan,nan,nan,nan,nan,nan,nan,nan,nan,nan,nan,nan,nan,nan,nan,229.27827072143555,88,PASS
crsm_corrected,internal_fold,1,3,0.7132505175983437,0.618133539449559,0.7222222222222221,0.650103519668737,48.0,36.0,0.0,nan,0.512637734413147,2.0,1.0,22.7884464263916,1.0,140.47923278808594,1.5048562288284302,7.07902193069458,0.01,0.002125796629115939,0.003006330458447337,0.5,0.5,0.6931472420692444,0.5,0.5,0.6931471824645996,0.0,0.0,0.0,0.0,0.0,nan,nan,nan,nan,nan,nan,nan,nan,nan,nan,nan,nan,nan,nan,nan,nan,nan,nan,nan,nan,nan,nan,nan,nan,nan,nan,nan,229.27827072143555,88,PASS
selective_normative_deviation_experts,internal_fold,1,3,0.7101449275362318,0.6224541074909756,0.7222222222222221,0.650103519668737,48.0,36.0,nan,6.0,0.512637734413147,nan,nan,nan,nan,nan,nan,nan,nan,nan,nan,nan,nan,nan,nan,nan,nan,nan,nan,nan,nan,nan,-0.16572241485118866,1.3348487615585327,0.002801120514050126,0.12324929982423782,0.8739495873451233,0.06799554824829102,-3.0084363888960297e-09,0.9999998807907104,0.0031545741949230433,0.10094637423753738,0.8958990573883057,0.03630302473902702,0.11563357710838318,0.05097959563136101,-0.00594527879729867,0.00014466223365161568,0.11563357710838318,0.05097959563136101,0.12651248276233673,0.05308971926569939,0.0003351035702507943,0.052754614502191544,0.22849172353744507,0.22849172353744507,0.0012608848046511412,1.203374608849117e-07,7.573812484741211,229.27827072143555,88,PASS
baseline,internal_fold,1,4,0.6433747412008282,0.6821677689201368,0.6607142857142857,0.556935817805383,42.0,31.0,nan,nan,0.6299083828926086,nan,nan,nan,nan,nan,nan,nan,nan,nan,nan,nan,nan,nan,nan,nan,nan,nan,nan,nan,nan,nan,nan,nan,nan,nan,nan,nan,nan,nan,nan,nan,nan,nan,nan,nan,nan,nan,nan,nan,nan,nan,nan,nan,nan,nan,nan,nan,nan,269.9733648300171,88,PASS
crsm_corrected,internal_fold,1,4,0.6433747412008282,0.6821677662365914,0.6607142857142857,0.556935817805383,42.0,31.0,0.0,nan,0.6299083828926086,2.0,1.0,24.709091186523438,1.0,149.62034606933594,1.4075438976287842,7.693796634674072,0.01,0.0018294529290869832,0.002587237162515521,0.5,0.5,0.6931472420692444,0.5,0.5,0.6931471824645996,0.0,0.0,0.0,0.0,0.0,nan,nan,nan,nan,nan,nan,nan,nan,nan,nan,nan,nan,nan,nan,nan,nan,nan,nan,nan,nan,nan,nan,nan,nan,nan,nan,nan,269.9733648300171,88,PASS
selective_normative_deviation_experts,internal_fold,1,4,0.6423395445134575,0.6854908991063758,0.6607142857142857,0.556935817805383,42.0,31.0,nan,1.0,0.6299083828926086,nan,nan,nan,nan,nan,nan,nan,nan,nan,nan,nan,nan,nan,nan,nan,nan,nan,nan,nan,nan,nan,0.18625254929065704,1.3263198137283325,0.12044817954301834,0.0,0.8795518279075623,0.10218392312526703,-9.025309388732694e-09,1.0,0.09148265421390533,0.0,0.9085173606872559,0.033837974071502686,0.01959582418203354,0.019428635016083717,0.000999998301267624,0.0009960201568901539,0.01959582418203354,0.019428635016083717,0.02763078361749649,0.07003901898860931,0.07003901898860931,0.0,0.22092501819133759,0.22092501819133759,0.0013696982059627771,2.4067491111168238e-08,7.777507305145264,269.9733648300171,88,PASS
baseline,internal_fold,1,5,0.7000518941359626,0.6291732530181545,0.6938775510204082,0.6543850544888428,43.0,49.0,nan,nan,0.49175694584846497,nan,nan,nan,nan,nan,nan,nan,nan,nan,nan,nan,nan,nan,nan,nan,nan,nan,nan,nan,nan,nan,nan,nan,nan,nan,nan,nan,nan,nan,nan,nan,nan,nan,nan,nan,nan,nan,nan,nan,nan,nan,nan,nan,nan,nan,nan,nan,nan,273.24491000175476,88,PASS
crsm_corrected,internal_fold,1,5,0.7000518941359626,0.6291732474386913,0.6938775510204082,0.6543850544888428,43.0,49.0,0.0,nan,0.4917569160461426,2.0,1.0,23.28948402404785,1.0,134.32781982421875,1.8203564882278442,6.623955249786377,0.01,0.0027481410652399063,0.0038864584639668465,0.5,0.5,0.6931472420692444,0.5,0.5,0.6931471824645996,0.0,0.0,0.0,0.0,0.0,nan,nan,nan,nan,nan,nan,nan,nan,nan,nan,nan,nan,nan,nan,nan,nan,nan,nan,nan,nan,nan,nan,nan,nan,nan,nan,nan,273.24491000175476,88,PASS
selective_normative_deviation_experts,internal_fold,1,5,0.6995329527763363,0.653202571512089,0.6875000000000001,0.6559418785677218,43.0,49.0,nan,31.0,0.4917569160461426,nan,nan,nan,nan,nan,nan,nan,nan,nan,nan,nan,nan,nan,nan,nan,nan,nan,nan,nan,nan,nan,0.18715931475162506,1.2832857370376587,0.1260504275560379,0.002801120514050126,0.8711484670639038,0.23646046221256256,-4.512654694366347e-09,1.0,0.07570978254079819,0.0031545741949230433,0.921135663986206,0.14933717250823975,0.19018447399139404,0.5570603013038635,-0.0006054902914911509,0.027490369975566864,0.19018447399139404,0.5570603013038635,0.5892727375030518,0.19548405706882477,0.19421906769275665,0.0012649954296648502,0.19486680626869202,0.19486680626869202,0.001267730724066496,-8.423621977726725e-08,7.523987293243408,273.24491000175476,88,PASS
baseline,internal_fold,1,6,0.6953814218993254,0.6176715301363652,0.6666666666666666,0.6331084587441619,46.0,51.0,nan,nan,0.512958288192749,nan,nan,nan,nan,nan,nan,nan,nan,nan,nan,nan,nan,nan,nan,nan,nan,nan,nan,nan,nan,nan,nan,nan,nan,nan,nan,nan,nan,nan,nan,nan,nan,nan,nan,nan,nan,nan,nan,nan,nan,nan,nan,nan,nan,nan,nan,nan,nan,263.1795358657837,88,PASS
crsm_corrected,internal_fold,1,6,0.6953814218993254,0.6176715338809312,0.6666666666666666,0.6331084587441619,46.0,51.0,0.0,nan,0.512958288192749,2.0,1.0,22.86929702758789,1.0,150.22201538085938,1.857580304145813,7.948351860046387,0.01,0.002337063429877162,0.0033051068894565105,0.5,0.5,0.6931472420692444,0.5,0.5,0.6931471824645996,0.0,0.0,0.0,0.0,0.0,nan,nan,nan,nan,nan,nan,nan,nan,nan,nan,nan,nan,nan,nan,nan,nan,nan,nan,nan,nan,nan,nan,nan,nan,nan,nan,nan,263.1795358657837,88,PASS
selective_normative_deviation_experts,internal_fold,1,6,0.6606123508043591,0.6440944524105876,0.6526315789473683,0.6224701608718215,46.0,51.0,nan,3.0,0.524289608001709,nan,nan,nan,nan,nan,nan,nan,nan,nan,nan,nan,nan,nan,nan,nan,nan,nan,nan,nan,nan,nan,0.26770347356796265,1.3751657009124756,0.15126051008701324,0.002801120514050126,0.8459383845329285,0.04188091307878494,-6.0168727777920594e-09,1.0,0.10094637423753738,0.0,0.8990536332130432,0.049915194511413574,0.03704635426402092,0.05853469669818878,0.0004603574052453041,0.0029974584467709064,0.03704635426402092,0.05853469669818878,0.06933930516242981,0.04565964639186859,0.04559120163321495,6.844511517556384e-05,0.19912175834178925,0.19912175834178925,0.0012407649774104357,-7.220247510986155e-08,7.171679973602295,263.1795358657837,88,PASS
baseline,internal_fold,1,7,0.6782563570316554,0.6419422107543471,0.380952380952381,0.5788790866632071,13.0,8.0,nan,nan,0.36910420656204224,nan,nan,nan,nan,nan,nan,nan,nan,nan,nan,nan,nan,nan,nan,nan,nan,nan,nan,nan,nan,nan,nan,nan,nan,nan,nan,nan,nan,nan,nan,nan,nan,nan,nan,nan,nan,nan,nan,nan,nan,nan,nan,nan,nan,nan,nan,nan,nan,314.53991627693176,88,PASS
crsm_corrected,internal_fold,1,7,0.6782563570316554,0.641942217059676,0.380952380952381,0.5788790866632071,13.0,8.0,0.0,nan,0.36910417675971985,2.0,1.0,27.130599975585938,1.0,147.0683135986328,0.5806589126586914,6.421189308166504,0.01,0.0009042855817824602,0.0012788529274985194,0.5,0.5,0.6931472420692444,0.5,0.5,0.6931471824645996,0.0,0.0,0.0,0.0,0.0,nan,nan,nan,nan,nan,nan,nan,nan,nan,nan,nan,nan,nan,nan,nan,nan,nan,nan,nan,nan,nan,nan,nan,nan,nan,nan,nan,314.53991627693176,88,PASS
selective_normative_deviation_experts,internal_fold,1,7,0.6720290607161391,0.6436637009799919,0.5316455696202532,0.5892579138557343,13.0,8.0,nan,8.0,0.44538238644599915,nan,nan,nan,nan,nan,nan,nan,nan,nan,nan,nan,nan,nan,nan,nan,nan,nan,nan,nan,nan,nan,-0.22070056200027466,1.29818856716156,0.005602241028100252,0.13445378839969635,0.8599439859390259,0.1785028576850891,6.0168727777920594e-09,1.0,0.0,0.09463722258806229,0.9053627848625183,0.08752986788749695,0.15513209998607635,0.09287340939044952,0.00797529798001051,0.0038851313292980194,0.15513209998607635,0.09287340939044952,0.18102523684501648,0.13571584224700928,0.00038519006920978427,0.13533064723014832,0.20782054960727692,0.20782054960727692,0.0014536764938384295,9.626996444467295e-08,7.444252014160156,314.53991627693176,88,PASS
baseline,internal_fold,1,8,0.7213284898806435,0.6176824871568628,0.7254901960784313,0.6741048261546445,47.0,50.0,nan,nan,0.4995448887348175,nan,nan,nan,nan,nan,nan,nan,nan,nan,nan,nan,nan,nan,nan,nan,nan,nan,nan,nan,nan,nan,nan,nan,nan,nan,nan,nan,nan,nan,nan,nan,nan,nan,nan,nan,nan,nan,nan,nan,nan,nan,nan,nan,nan,nan,nan,nan,nan,340.18165922164917,88,PASS
crsm_corrected,internal_fold,1,8,0.7213284898806435,0.617682488307511,0.7254901960784313,0.6741048261546445,47.0,50.0,0.0,nan,0.4995449185371399,2.0,1.0,22.831884384155273,0.9999999403953552,153.25906372070312,1.8147940635681152,7.712613105773926,0.01,0.0023530209437012672,0.003327673999592662,0.5,0.5,0.6931472420692444,0.5,0.5,0.6931471824645996,0.0,0.0,0.0,0.0,0.0,nan,nan,nan,nan,nan,nan,nan,nan,nan,nan,nan,nan,nan,nan,nan,nan,nan,nan,nan,nan,nan,nan,nan,nan,nan,nan,nan,340.18165922164917,88,PASS
selective_normative_deviation_experts,internal_fold,1,8,0.7166580176440062,0.6761046439919103,0.7254901960784313,0.6741048261546445,47.0,50.0,nan,5.0,0.4995449185371399,nan,nan,nan,nan,nan,nan,nan,nan,nan,nan,nan,nan,nan,nan,nan,nan,nan,nan,nan,nan,nan,0.22090107202529907,1.3046551942825317,0.13725490868091583,0.0,0.8627451062202454,0.15719765424728394,-6.0168727777920594e-09,1.0,0.09463722258806229,0.0063091483898460865,0.8990536332130432,0.03884930908679962,0.061634793877601624,0.09616527706384659,0.0019172391621395946,-0.004982280544936657,0.061634793877601624,0.09616527706384659,0.114346444606781,0.10153529793024063,0.1013123169541359,0.00022299010015558451,0.1980910748243332,0.1980910748243332,0.0013167902361601591,-9.626996444467295e-08,7.332330226898193,340.18165922164917,88,PASS
baseline,internal_fold,1,9,0.7924234561494551,0.5714752195392904,0.7422680412371133,0.7122470160871821,34.0,17.0,nan,nan,0.5139981508255005,nan,nan,nan,nan,nan,nan,nan,nan,nan,nan,nan,nan,nan,nan,nan,nan,nan,nan,nan,nan,nan,nan,nan,nan,nan,nan,nan,nan,nan,nan,nan,nan,nan,nan,nan,nan,nan,nan,nan,nan,nan,nan,nan,nan,nan,nan,nan,nan,403.4746046066284,88,PASS
crsm_corrected,internal_fold,1,9,0.7924234561494551,0.5714752166207048,0.7422680412371133,0.7122470160871821,34.0,17.0,0.0,nan,0.5139981508255005,2.0,1.0,23.301549911499023,1.0,124.6676025390625,0.9461919665336609,6.510542392730713,0.01,0.0014533228240907192,0.0020553087815642357,0.5,0.5,0.6931472420692444,0.5,0.5,0.6931471824645996,0.0,0.0,0.0,0.0,0.0,nan,nan,nan,nan,nan,nan,nan,nan,nan,nan,nan,nan,nan,nan,nan,nan,nan,nan,nan,nan,nan,nan,nan,nan,nan,nan,nan,403.4746046066284,88,PASS
selective_normative_deviation_experts,internal_fold,1,9,0.7732226258432797,0.7022054688893475,0.7216494845360825,0.6894135962636222,34.0,17.0,nan,89.0,0.5139981508255005,nan,nan,nan,nan,nan,nan,nan,nan,nan,nan,nan,nan,nan,nan,nan,nan,nan,nan,nan,nan,nan,0.2632543742656708,1.3412883281707764,0.15406163036823273,0.002801120514050126,0.843137264251709,0.35720115900039673,-9.025309388732694e-09,1.0,0.10094637423753738,0.0031545741949230433,0.8958990573883057,0.2088974416255951,0.4453229606151581,1.521515965461731,-0.02572731114923954,0.0721476748585701,0.4453229606151581,1.521515965461731,1.5871957540512085,0.28744998574256897,0.28602930903434753,0.0014206652995198965,0.2292473316192627,0.2292473316192627,0.0012759657111018896,-9.626996444467295e-08,7.685143947601318,403.4746046066284,88,PASS
baseline,internal_oof,1,all,0.7253889218544413,0.6099793232488817,0.6645161290322581,0.6452929490983205,36.2,37.4,nan,nan,nan,nan,nan,nan,nan,nan,nan,nan,nan,nan,nan,nan,nan,nan,nan,nan,nan,nan,nan,nan,nan,nan,nan,nan,nan,nan,nan,nan,nan,nan,nan,nan,nan,nan,nan,nan,nan,nan,nan,nan,nan,nan,nan,nan,nan,nan,nan,nan,nan,300.1711399078369,882,PASS
crsm_corrected,internal_oof,1,all,0.7253889218544413,0.6099793229093046,0.6645161290322581,0.6452929490983205,36.2,37.4,0.0,nan,nan,2.0,1.0,23.97318916320801,0.9999999940395355,141.1003204345703,1.4359758973121644,6.8680542469024655,0.009999999999999998,0.0020884764031507074,0.002953551651444286,0.5,0.5,0.6931472420692444,0.5,0.5,0.6931471824645996,0.0,0.0,0.0,0.0,0.0,nan,nan,nan,nan,nan,nan,nan,nan,nan,nan,nan,nan,nan,nan,nan,nan,nan,nan,nan,nan,nan,nan,nan,nan,nan,nan,nan,300.1711399078369,882,PASS
selective_normative_deviation_experts,internal_oof,1,all,0.7205283661412245,0.6342959604528862,0.6652314316469322,0.6464977683754289,36.2,37.4,nan,16.7,nan,nan,nan,nan,nan,nan,nan,nan,nan,nan,nan,nan,nan,nan,nan,nan,nan,nan,nan,nan,nan,nan,0.05080772042274475,1.3043103575706483,0.08347339264582843,0.051540617761202154,0.864986002445221,0.14230975396931173,-2.8580146249623794e-09,0.9999999880790711,0.05867508004885167,0.03848580471239984,0.9028391242027283,0.07727669421583414,0.14737301580607892,0.26231001783162355,-0.004041787062305957,0.009716547875723337,0.14737301580607892,0.26231001783162355,0.3203109662979841,0.11172298155725002,0.0740249414666323,0.03769803979012067,0.2113114893436432,0.2113114893436432,0.0013090529944747686,-1.203374520031275e-08,7.549457025527954,300.1711399078369,882,PASS
baseline,caltech,1,external,0.5906432748538012,0.673968981234528,0.5,0.5146198830409356,29.0,22.0,nan,nan,0.5021507740020752,nan,nan,nan,nan,nan,nan,nan,nan,nan,nan,nan,nan,nan,nan,nan,nan,nan,nan,nan,nan,nan,nan,nan,nan,nan,nan,nan,nan,nan,nan,nan,nan,nan,nan,nan,nan,nan,nan,nan,nan,nan,nan,nan,nan,nan,nan,nan,nan,371.01996660232544,37,PASS
crsm_corrected,caltech,1,external,0.5906432748538012,0.6739689867997366,0.5,0.5146198830409356,29.0,22.0,0.0,nan,0.5021507740020752,2.0,1.0,23.10352897644043,1.0,174.73452758789062,1.1055859327316284,8.477660179138184,0.01,0.0013041167985647917,0.0018442997243255377,0.5,0.5,0.6931472420692444,0.5,0.5,0.6931471824645996,0.0,0.0,0.0,0.0,0.0,nan,nan,nan,nan,nan,nan,nan,nan,nan,nan,nan,nan,nan,nan,nan,nan,nan,nan,nan,nan,nan,nan,nan,nan,nan,nan,nan,371.01996660232544,37,PASS
selective_normative_deviation_experts,caltech,1,external,0.6842105263157895,0.617703653150961,0.5555555555555555,0.5687134502923976,29.0,22.0,nan,4.0,0.48621222376823425,nan,nan,nan,nan,nan,nan,nan,nan,nan,nan,nan,nan,nan,nan,nan,nan,nan,nan,nan,nan,nan,0.1867738515138626,1.2251604795455933,0.14761905372142792,0.0023809524718672037,0.8500000238418579,0.09642449021339417,-5.113535372913702e-09,1.0,0.10455764085054398,0.002680965233594179,0.8927614092826843,0.029591860249638557,0.05213054642081261,0.07790803909301758,0.0014500413089990616,0.003978244494646788,0.05213054642081261,0.07790803909301758,0.09383594244718552,0.06498870998620987,0.06488499045372009,0.00010371882672188804,0.20643678307533264,0.20643678307533264,0.0012340809917077422,-1.0227070390556037e-07,7.877610206604004,371.01996660232544,37,PASS
baseline,abide2,1,external,0.7413774570024569,0.6041728829865637,0.7362110311750598,0.6896498771498771,29.0,22.0,nan,nan,0.5021507740020752,nan,nan,nan,nan,nan,nan,nan,nan,nan,nan,nan,nan,nan,nan,nan,nan,nan,nan,nan,nan,nan,nan,nan,nan,nan,nan,nan,nan,nan,nan,nan,nan,nan,nan,nan,nan,nan,nan,nan,nan,nan,nan,nan,nan,nan,nan,nan,nan,371.01996660232544,727,PASS
crsm_corrected,abide2,1,external,0.7413774570024569,0.6041728818942753,0.7362110311750598,0.6896498771498771,29.0,22.0,0.0,nan,0.5021507740020752,2.0,1.0,23.10352897644043,1.0,174.73452758789062,1.1055859327316284,8.477660179138184,0.01,0.0013041167985647917,0.0018442997243255377,0.5,0.5,0.6931472420692444,0.5,0.5,0.6931471824645996,0.0,0.0,0.0,0.0,0.0,nan,nan,nan,nan,nan,nan,nan,nan,nan,nan,nan,nan,nan,nan,nan,nan,nan,nan,nan,nan,nan,nan,nan,nan,nan,nan,nan,371.01996660232544,727,PASS
selective_normative_deviation_experts,abide2,1,external,0.7397880835380835,0.6038229971980195,0.7326007326007326,0.6935503685503686,29.0,22.0,nan,4.0,0.48621222376823425,nan,nan,nan,nan,nan,nan,nan,nan,nan,nan,nan,nan,nan,nan,nan,nan,nan,nan,nan,nan,nan,0.1867738515138626,1.2251604795455933,0.14761905372142792,0.0023809524718672037,0.8500000238418579,0.09642449021339417,-5.113535372913702e-09,1.0,0.10455764085054398,0.002680965233594179,0.8927614092826843,0.029591860249638557,0.05213054642081261,0.07790803909301758,0.0014500413089990616,0.003978244494646788,0.05213054642081261,0.07790803909301758,0.09383594244718552,0.06498870998620987,0.06488499045372009,0.00010371882672188804,0.20643678307533264,0.20643678307533264,0.0012340809917077422,-1.0227070390556037e-07,7.877610206604004,371.01996660232544,727,PASS
baseline,internal_fold,2,0,0.7299898682877406,0.601331873922479,0.68,0.6355116514690984,33.0,34.0,nan,nan,0.5143913626670837,nan,nan,nan,nan,nan,nan,nan,nan,nan,nan,nan,nan,nan,nan,nan,nan,nan,nan,nan,nan,nan,nan,nan,nan,nan,nan,nan,nan,nan,nan,nan,nan,nan,nan,nan,nan,nan,nan,nan,nan,nan,nan,nan,nan,nan,nan,nan,nan,313.13832116127014,89,PASS
crsm_corrected,internal_fold,2,0,0.7310030395136778,0.6005612216581757,0.7169811320754716,0.6542553191489362,33.0,34.0,1.0,nan,0.5533019304275513,2.0,1.0,23.213058471679688,1.0,131.28921508789062,1.4002901315689087,5.459976673126221,0.01,0.0025646446738392115,0.0036269554402679205,0.5056532621383667,0.4943467676639557,0.6929739713668823,0.5000001192092896,0.49999991059303284,0.6930814385414124,0.014542639255523682,0.013054636307060719,0.9123706221580505,-4.999974771635607e-05,-4.9999802286038175e-05,nan,nan,nan,nan,nan,nan,nan,nan,nan,nan,nan,nan,nan,nan,nan,nan,nan,nan,nan,nan,nan,nan,nan,nan,nan,nan,nan,313.13832116127014,89,PASS
selective_normative_deviation_experts,internal_fold,2,0,0.707193515704154,0.6297563344641117,0.7047619047619048,0.6436170212765957,33.0,34.0,nan,3.0,0.5576039552688599,nan,nan,nan,nan,nan,nan,nan,nan,nan,nan,nan,nan,nan,nan,nan,nan,nan,nan,nan,nan,nan,-0.1520145833492279,1.3057161569595337,0.0,0.12324929982423782,0.8767507076263428,0.05102091282606125,8.273199902930628e-09,1.0,0.0031545741949230433,0.08517350256443024,0.9116719365119934,0.037814583629369736,0.058487799018621445,0.037202563136816025,-0.0029968516901135445,0.0006971200928092003,0.058487799018621445,0.037202563136816025,0.06938531249761581,0.044809628278017044,9.757910447660834e-05,0.04471204802393913,0.22885383665561676,0.22885383665561676,0.0012436271645128727,6.618559922344502e-08,7.790712356567383,313.13832116127014,89,PASS
baseline,internal_fold,2,1,0.8145896656534954,0.5386390900269544,0.7252747252747254,0.7201114488348531,21.0,53.0,nan,nan,0.4321211874485016,nan,nan,nan,nan,nan,nan,nan,nan,nan,nan,nan,nan,nan,nan,nan,nan,nan,nan,nan,nan,nan,nan,nan,nan,nan,nan,nan,nan,nan,nan,nan,nan,nan,nan,nan,nan,nan,nan,nan,nan,nan,nan,nan,nan,nan,nan,nan,nan,295.5044708251953,89,PASS
crsm_corrected,internal_fold,2,1,0.8145896656534954,0.5386390847381841,0.7252747252747254,0.7201114488348531,21.0,53.0,0.0,nan,0.4321211874485016,2.0,1.0,23.8501033782959,1.0,153.791748046875,1.829387903213501,8.01190185546875,0.01,0.0022833377588540316,0.003229127498343587,0.5,0.5,0.6931472420692444,0.5,0.5,0.6931471824645996,0.0,0.0,0.0,0.0,0.0,nan,nan,nan,nan,nan,nan,nan,nan,nan,nan,nan,nan,nan,nan,nan,nan,nan,nan,nan,nan,nan,nan,nan,nan,nan,nan,nan,295.5044708251953,89,PASS
selective_normative_deviation_experts,internal_fold,2,1,0.7897669706180344,0.5669115649801925,0.7173913043478262,0.7082066869300911,21.0,53.0,nan,22.0,0.44337645173072815,nan,nan,nan,nan,nan,nan,nan,nan,nan,nan,nan,nan,nan,nan,nan,nan,nan,nan,nan,nan,nan,0.265858918428421,1.3692394495010376,0.14845938980579376,0.0476190485060215,0.8039215803146362,0.31300342082977295,-6.0168727777920594e-09,1.0,0.08832807838916779,0.06309148669242859,0.8485804796218872,0.14601270854473114,0.22038516402244568,0.21325133740901947,0.0018977060681208968,0.001497350400313735,0.22038516402244568,0.21325133740901947,0.30667832493782043,0.23446327447891235,0.1708150953054428,0.06364818662405014,0.12187517434358597,0.12187517434358597,0.0012359719257801771,-3.6101237554930776e-08,5.616649627685547,295.5044708251953,89,PASS
baseline,internal_fold,2,2,0.6972049689440994,0.6531198666291821,0.6666666666666667,0.5817805383022774,36.0,34.0,nan,nan,0.5263093709945679,nan,nan,nan,nan,nan,nan,nan,nan,nan,nan,nan,nan,nan,nan,nan,nan,nan,nan,nan,nan,nan,nan,nan,nan,nan,nan,nan,nan,nan,nan,nan,nan,nan,nan,nan,nan,nan,nan,nan,nan,nan,nan,nan,nan,nan,nan,nan,nan,234.89756298065186,88,PASS
crsm_corrected,internal_fold,2,2,0.6972049689440994,0.653119862588899,0.6666666666666667,0.5817805383022774,36.0,34.0,0.0,nan,0.5263093709945679,2.0,1.0,25.252090454101562,1.0,158.4755401611328,1.5963839292526245,7.1956048011779785,0.01,0.002218554262071848,0.0031375098042190075,0.5,0.5,0.6931472420692444,0.5,0.5,0.6931471824645996,0.0,0.0,0.0,0.0,0.0,nan,nan,nan,nan,nan,nan,nan,nan,nan,nan,nan,nan,nan,nan,nan,nan,nan,nan,nan,nan,nan,nan,nan,nan,nan,nan,nan,234.89756298065186,88,PASS
selective_normative_deviation_experts,internal_fold,2,2,0.6811594202898551,0.7075007044157592,0.6603773584905662,0.5828157349896481,36.0,34.0,nan,1.0,0.5263093709945679,nan,nan,nan,nan,nan,nan,nan,nan,nan,nan,nan,nan,nan,nan,nan,nan,nan,nan,nan,nan,nan,-0.1594570279121399,1.2278238534927368,0.06162464991211891,0.11764705926179886,0.8207283020019531,0.055157143622636795,6.0168727777920594e-09,1.0,0.08201892673969269,0.04731861129403114,0.8706624507904053,0.032335057854652405,0.019595811143517494,0.019595636054873466,0.0009999896865338087,0.0009999967878684402,0.019595811143517494,0.019595636054873466,0.027748599648475647,0.044423315674066544,0.019616371020674706,0.02480694279074669,0.11707349866628647,0.11707349866628647,0.0014576923567801714,-3.6101237554930776e-08,5.918176174163818,234.89756298065186,88,PASS
baseline,internal_fold,2,3,0.7815734989648033,0.5870590440929886,0.6493506493506493,0.7003105590062111,37.0,21.0,nan,nan,0.4230688214302063,nan,nan,nan,nan,nan,nan,nan,nan,nan,nan,nan,nan,nan,nan,nan,nan,nan,nan,nan,nan,nan,nan,nan,nan,nan,nan,nan,nan,nan,nan,nan,nan,nan,nan,nan,nan,nan,nan,nan,nan,nan,nan,nan,nan,nan,nan,nan,nan,283.55551385879517,88,PASS
crsm_corrected,internal_fold,2,3,0.7815734989648033,0.5870590433036917,0.6493506493506493,0.7003105590062111,37.0,21.0,0.0,nan,0.4230688214302063,2.0,1.0,22.90064239501953,0.9999999403953552,139.3990936279297,1.0193713903427124,7.194660663604736,0.01,0.0014168443158268929,0.002003720263019204,0.5,0.5,0.6931472420692444,0.5,0.5,0.6931471824645996,0.0,0.0,0.0,0.0,0.0,nan,nan,nan,nan,nan,nan,nan,nan,nan,nan,nan,nan,nan,nan,nan,nan,nan,nan,nan,nan,nan,nan,nan,nan,nan,nan,nan,283.55551385879517,88,PASS
selective_normative_deviation_experts,internal_fold,2,3,0.7696687370600414,0.5930062213018875,0.6493506493506493,0.7003105590062111,37.0,21.0,nan,39.0,0.4230688214302063,nan,nan,nan,nan,nan,nan,nan,nan,nan,nan,nan,nan,nan,nan,nan,nan,nan,nan,nan,nan,nan,0.10341950505971909,1.2701441049575806,0.08963585644960403,0.0,0.9103641510009766,0.19744469225406647,-7.521090972240074e-10,1.0,0.07570978254079819,0.0031545741949230433,0.921135663986206,0.14215193688869476,0.1967957317829132,0.691720187664032,-0.003058461472392082,-0.035406693816185,0.1967957317829132,0.691720187664032,0.7200474143028259,0.1714390516281128,0.17006242275238037,0.001376618747599423,0.20233964920043945,0.20233964920043945,0.0013004456413909793,-1.0830370911207865e-07,7.484689235687256,283.55551385879517,88,PASS
baseline,internal_fold,2,4,0.7153209109730849,0.6054404960232155,0.6315789473684211,0.6894409937888198,12.0,17.0,nan,nan,0.3988843858242035,nan,nan,nan,nan,nan,nan,nan,nan,nan,nan,nan,nan,nan,nan,nan,nan,nan,nan,nan,nan,nan,nan,nan,nan,nan,nan,nan,nan,nan,nan,nan,nan,nan,nan,nan,nan,nan,nan,nan,nan,nan,nan,nan,nan,nan,nan,nan,nan,241.80554294586182,88,PASS
crsm_corrected,internal_fold,2,4,0.7225672877846792,0.6020302077372821,0.6315789473684211,0.6894409937888198,12.0,17.0,3.0,nan,0.38576287031173706,2.0,1.0,27.467546463012695,1.0,149.97116088867188,1.0057423114776611,7.069825172424316,0.01,0.0014225844061002135,0.00201183813624084,0.5029489994049072,0.4970510005950928,0.6930543184280396,0.5000002980232239,0.4999997317790985,0.6931232213973999,0.040602702647447586,0.04016463831067085,0.9896999597549438,-0.0001423574285581708,-0.00014402135275304317,nan,nan,nan,nan,nan,nan,nan,nan,nan,nan,nan,nan,nan,nan,nan,nan,nan,nan,nan,nan,nan,nan,nan,nan,nan,nan,nan,241.80554294586182,88,PASS
selective_normative_deviation_experts,internal_fold,2,4,0.708592132505176,0.6069858603921128,0.6315789473684211,0.6894409937888198,12.0,17.0,nan,8.0,0.3988843858242035,nan,nan,nan,nan,nan,nan,nan,nan,nan,nan,nan,nan,nan,nan,nan,nan,nan,nan,nan,nan,nan,-0.21609078347682953,1.2736009359359741,0.005602241028100252,0.14565826952457428,0.848739504814148,0.1023949384689331,1.2033745555584119e-08,1.0,0.0063091483898460865,0.10094637423753738,0.8927444815635681,0.06896034628152847,0.1549721509218216,0.06843301653862,0.00794808380305767,0.0018772943876683712,0.1549721509218216,0.06843301653862,0.16960583627223969,0.08666976541280746,0.0006062618922442198,0.08606351166963577,0.18935811519622803,0.18935811519622803,0.0012997754383832216,3.6101237554930776e-08,7.176149845123291,241.80554294586182,88,PASS
baseline,internal_fold,2,5,0.753502854177478,0.5944194414426519,0.6868686868686869,0.6421899325376232,14.0,21.0,nan,nan,0.4934822618961334,nan,nan,nan,nan,nan,nan,nan,nan,nan,nan,nan,nan,nan,nan,nan,nan,nan,nan,nan,nan,nan,nan,nan,nan,nan,nan,nan,nan,nan,nan,nan,nan,nan,nan,nan,nan,nan,nan,nan,nan,nan,nan,nan,nan,nan,nan,nan,nan,280.6007447242737,88,PASS
crsm_corrected,internal_fold,2,5,0.753502854177478,0.5944194422356485,0.6868686868686869,0.6421899325376232,14.0,21.0,0.0,nan,0.4934822618961334,2.0,1.0,26.131778717041016,1.0,146.54312133789062,1.1648002862930298,7.544589996337891,0.01,0.0015438881237059832,0.002183387754485011,0.5,0.5,0.6931472420692444,0.5,0.5,0.6931471824645996,0.0,0.0,0.0,0.0,0.0,nan,nan,nan,nan,nan,nan,nan,nan,nan,nan,nan,nan,nan,nan,nan,nan,nan,nan,nan,nan,nan,nan,nan,nan,nan,nan,nan,280.6007447242737,88,PASS
selective_normative_deviation_experts,internal_fold,2,5,0.7467566165023353,0.594935053523001,0.6868686868686869,0.6421899325376232,14.0,21.0,nan,8.0,0.4934822618961334,nan,nan,nan,nan,nan,nan,nan,nan,nan,nan,nan,nan,nan,nan,nan,nan,nan,nan,nan,nan,nan,-0.24301199615001678,1.3276655673980713,0.002801120514050126,0.14005602896213531,0.8571428656578064,0.11679090559482574,9.025309388732694e-09,1.0000001192092896,0.0031545741949230433,0.08832807838916779,0.9085173606872559,0.0805000364780426,0.15356436371803284,0.07158157229423523,0.007856857031583786,0.0023848270066082478,0.15356436371803284,0.07158157229423523,0.1696271002292633,0.09972235560417175,0.0007507501868531108,0.09897160530090332,0.19943270087242126,0.19943270087242126,0.001472015050239861,2.4067491111168238e-08,7.259160041809082,280.6007447242737,88,PASS
baseline,internal_fold,2,6,0.7057602490918526,0.6222738087483368,0.7,0.6528282304099637,40.0,23.0,nan,nan,0.5018052458763123,nan,nan,nan,nan,nan,nan,nan,nan,nan,nan,nan,nan,nan,nan,nan,nan,nan,nan,nan,nan,nan,nan,nan,nan,nan,nan,nan,nan,nan,nan,nan,nan,nan,nan,nan,nan,nan,nan,nan,nan,nan,nan,nan,nan,nan,nan,nan,nan,266.1639301776886,88,PASS
crsm_corrected,internal_fold,2,6,0.7067981318111053,0.6216859218465157,0.7,0.6528282304099637,40.0,23.0,1.0,nan,0.4985043704509735,2.0,1.0,24.71999740600586,0.9999999403953552,140.95932006835938,1.2186648845672607,6.536290168762207,0.01,0.0018644594820216298,0.0026367439422756433,0.503463625907898,0.49653640389442444,0.6930406093597412,0.49999991059303284,0.5000001788139343,0.6931145787239075,0.014069454744458199,0.013315380550920963,0.9487947225570679,-4.9999453040072694e-05,-4.9999627663055435e-05,nan,nan,nan,nan,nan,nan,nan,nan,nan,nan,nan,nan,nan,nan,nan,nan,nan,nan,nan,nan,nan,nan,nan,nan,nan,nan,nan,266.1639301776886,88,PASS
selective_normative_deviation_experts,internal_fold,2,6,0.7202906071613907,0.6123988449825782,0.4516129032258065,0.6367410482615464,40.0,23.0,nan,9.0,0.3263044059276581,nan,nan,nan,nan,nan,nan,nan,nan,nan,nan,nan,nan,nan,nan,nan,nan,nan,nan,nan,nan,nan,0.19097915291786194,1.2408217191696167,0.11764705926179886,0.0,0.8823529481887817,0.09366973489522934,-3.0084363888960297e-09,1.0,0.08517350256443024,0.0063091483898460865,0.9085173606872559,0.08745935559272766,0.07345381379127502,0.17054446041584015,0.0020425019320100546,-0.008933713659644127,0.07345381379127502,0.17054446041584015,0.1859162598848343,0.09074882417917252,0.08999573439359665,0.0007530865259468555,0.20796799659729004,0.20796799659729004,0.0013796943239867687,-4.8134982222336475e-08,7.853234767913818,266.1639301776886,88,PASS
baseline,internal_fold,2,7,0.6984950700570836,0.6220060388887115,0.6511627906976744,0.6637259989621173,32.0,26.0,nan,nan,0.4371493458747864,nan,nan,nan,nan,nan,nan,nan,nan,nan,nan,nan,nan,nan,nan,nan,nan,nan,nan,nan,nan,nan,nan,nan,nan,nan,nan,nan,nan,nan,nan,nan,nan,nan,nan,nan,nan,nan,nan,nan,nan,nan,nan,nan,nan,nan,nan,nan,nan,259.8599262237549,88,PASS
crsm_corrected,internal_fold,2,7,0.700570835495589,0.6213986566130374,0.6818181818181819,0.6850025947067981,32.0,26.0,1.0,nan,0.4388505816459656,2.0,1.0,25.086524963378906,1.0,133.4937286376953,1.1674619913101196,6.424305438995361,0.01,0.0018172578420490026,0.0025699909310787916,0.5027345418930054,0.497265487909317,0.693057119846344,0.5000001788139343,0.49999991059303284,0.6930901408195496,0.014052283018827438,0.013316956348717213,0.9499161243438721,4.9999340262729675e-05,4.999839802621864e-05,nan,nan,nan,nan,nan,nan,nan,nan,nan,nan,nan,nan,nan,nan,nan,nan,nan,nan,nan,nan,nan,nan,nan,nan,nan,nan,nan,259.8599262237549,88,PASS
selective_normative_deviation_experts,internal_fold,2,7,0.6984950700570836,0.6220060374913362,0.6511627906976744,0.6637259989621173,32.0,26.0,nan,0.0,0.43714937567710876,nan,nan,nan,nan,nan,nan,nan,nan,nan,nan,nan,nan,nan,nan,nan,nan,nan,nan,nan,nan,nan,-0.18114715814590454,1.2809975147247314,0.002801120514050126,0.1260504275560379,0.8711484670639038,0.0,-1.5042181944480149e-09,1.0,0.0031545741949230433,0.07570978254079819,0.921135663986206,0.0,0.0,0.0,0.0,0.0,0.0,0.0,0.0,0.0,0.0,0.0,0.21872766315937042,0.21872766315937042,0.001299444236792624,8.122778183405899e-08,7.755159378051758,259.8599262237549,88,PASS
baseline,internal_fold,2,8,0.7016087182148417,0.6199330439489578,0.6292134831460674,0.6271406331084588,27.0,22.0,nan,nan,0.44354844093322754,nan,nan,nan,nan,nan,nan,nan,nan,nan,nan,nan,nan,nan,nan,nan,nan,nan,nan,nan,nan,nan,nan,nan,nan,nan,nan,nan,nan,nan,nan,nan,nan,nan,nan,nan,nan,nan,nan,nan,nan,nan,nan,nan,nan,nan,nan,nan,nan,238.6817591190338,88,PASS
crsm_corrected,internal_fold,2,8,0.7016087182148417,0.6199330434614434,0.6292134831460674,0.6271406331084588,27.0,22.0,0.0,nan,0.44354844093322754,2.0,1.0,23.416568756103516,1.0,149.91725158691406,1.0986108779907227,7.881548881530762,0.01,0.001393902231939137,0.001971275545656681,0.5,0.5,0.6931472420692444,0.5,0.5,0.6931471824645996,0.0,0.0,0.0,0.0,0.0,nan,nan,nan,nan,nan,nan,nan,nan,nan,nan,nan,nan,nan,nan,nan,nan,nan,nan,nan,nan,nan,nan,nan,nan,nan,nan,nan,238.6817591190338,88,PASS
selective_normative_deviation_experts,internal_fold,2,8,0.6886351842241827,0.6249018600835332,0.6373626373626374,0.6255838090295797,27.0,22.0,nan,2.0,0.44676023721694946,nan,nan,nan,nan,nan,nan,nan,nan,nan,nan,nan,nan,nan,nan,nan,nan,nan,nan,nan,nan,nan,-0.1329914629459381,1.2045239210128784,0.0,0.11764705926179886,0.8823529481887817,0.07984050363302231,9.025309388732694e-09,0.9999998807907104,0.0,0.08517350256443024,0.914826512336731,0.02849077619612217,0.0,0.029477979987859726,0.0,0.0018741654930636287,0.0,0.029477979987859726,0.029537498950958252,0.05568936839699745,0.0,0.05568936839699745,0.22288921475410461,0.22288921475410461,0.00123708660248667,6.016873044245585e-08,7.983590126037598,238.6817591190338,88,PASS
baseline,internal_fold,2,9,0.6491956408925791,0.652440288820694,0.6153846153846154,0.6027503892060198,30.0,19.0,nan,nan,0.48694831132888794,nan,nan,nan,nan,nan,nan,nan,nan,nan,nan,nan,nan,nan,nan,nan,nan,nan,nan,nan,nan,nan,nan,nan,nan,nan,nan,nan,nan,nan,nan,nan,nan,nan,nan,nan,nan,nan,nan,nan,nan,nan,nan,nan,nan,nan,nan,nan,nan,370.07624793052673,88,PASS
crsm_corrected,internal_fold,2,9,0.6491956408925791,0.6524402967665671,0.6153846153846154,0.6027503892060198,30.0,19.0,0.0,nan,0.48694831132888794,2.0,1.0,23.193513870239258,1.0,143.78575134277344,1.0221022367477417,6.4517364501953125,0.01,0.001584228128194809,0.0022404370829463005,0.5,0.5,0.6931472420692444,0.5,0.5,0.6931471824645996,0.0,0.0,0.0,0.0,0.0,nan,nan,nan,nan,nan,nan,nan,nan,nan,nan,nan,nan,nan,nan,nan,nan,nan,nan,nan,nan,nan,nan,nan,nan,nan,nan,nan,370.07624793052673,88,PASS
selective_normative_deviation_experts,internal_fold,2,9,0.6196159833938766,0.6747223159010908,0.5842696629213483,0.5814737934613389,30.0,19.0,nan,1.0,0.48694831132888794,nan,nan,nan,nan,nan,nan,nan,nan,nan,nan,nan,nan,nan,nan,nan,nan,nan,nan,nan,nan,nan,0.30831846594810486,1.3825374841690063,0.17086835205554962,0.005602241028100252,0.8235294222831726,0.03869429603219032,-3.0084363888960297e-09,1.0,0.10410095006227493,0.009463722817599773,0.886435329914093,0.039011891931295395,0.019595883786678314,0.019594186916947365,0.000999986776150763,-0.0009994920110329986,0.019595883786678314,0.019594186916947365,0.027747606858611107,0.03884366899728775,0.03820892050862312,0.00063475122442469,0.19153039157390594,0.19153039157390594,0.0012548615923151374,-2.4067491111168238e-08,6.871826648712158,370.07624793052673,88,PASS
baseline,internal_oof,2,all,0.7262970511596709,0.6095763200769122,0.6652126499454744,0.6518536673460438,28.2,27.0,nan,nan,nan,nan,nan,nan,nan,nan,nan,nan,nan,nan,nan,nan,nan,nan,nan,nan,nan,nan,nan,nan,nan,nan,nan,nan,nan,nan,nan,nan,nan,nan,nan,nan,nan,nan,nan,nan,nan,nan,nan,nan,nan,nan,nan,nan,nan,nan,nan,nan,nan,278.4284019947052,882,PASS
crsm_corrected,internal_oof,2,all,0.7269626686617991,0.6090390442516411,0.6724324324324324,0.6558680116612059,28.2,27.0,0.6,nan,nan,2.0,1.0,24.523182487487794,0.9999999880790711,144.7625930786133,1.2522815942764283,6.977044010162354,0.009999999999999998,0.001810970122460276,0.0025610986398532988,0.5014800429344177,0.498519966006279,0.6931009471416474,0.500000050663948,0.49999997317790984,0.6931292474269867,0.00832670796662569,0.007985161151736975,0.3800781428813934,-1.923572890518699e-05,-1.9402238467591815e-05,nan,nan,nan,nan,nan,nan,nan,nan,nan,nan,nan,nan,nan,nan,nan,nan,nan,nan,nan,nan,nan,nan,nan,nan,nan,nan,nan,278.4284019947052,882,PASS
selective_normative_deviation_experts,internal_oof,2,all,0.7150537911818581,0.6232558390958927,0.6455266138165345,0.6473078609942984,28.2,27.0,nan,9.3,nan,nan,nan,nan,nan,nan,nan,nan,nan,nan,nan,nan,nan,nan,nan,nan,nan,nan,nan,nan,nan,nan,-0.021613696962594985,1.2883070707321167,0.059943978954106567,0.08235294339247048,0.8577030897140503,0.10480165481567383,3.0084364166516053e-09,1.0,0.045110411127097905,0.05646687836851925,0.8984227240085602,0.06627366933971643,0.08968507181853055,0.13214009404182434,0.0015689812134951353,-0.00360091453185305,0.08968507181853055,0.13214009404182434,0.17062939535826444,0.08668092526495456,0.04901531351642916,0.03766561193042435,0.1900048241019249,0.1900048241019249,0.0013180614332668483,1.5042182610613963e-09,7.170934820175171,278.4284019947052,882,PASS
baseline,caltech,2,external,0.6929824561403508,0.6210519132134787,0.6842105263157895,0.6754385964912281,24.0,41.0,nan,nan,0.47943568229675293,nan,nan,nan,nan,nan,nan,nan,nan,nan,nan,nan,nan,nan,nan,nan,nan,nan,nan,nan,nan,nan,nan,nan,nan,nan,nan,nan,nan,nan,nan,nan,nan,nan,nan,nan,nan,nan,nan,nan,nan,nan,nan,nan,nan,nan,nan,nan,nan,296.9234092235565,37,PASS
crsm_corrected,caltech,2,external,0.6929824561403508,0.6210519179111234,0.6842105263157895,0.6754385964912281,24.0,41.0,0.0,nan,0.4794357120990753,2.0,1.0,23.2793025970459,1.0,154.4580078125,1.5048117637634277,6.485273361206055,0.01,0.0023203520104289055,0.003281473647803068,0.5,0.5,0.6931472420692444,0.5,0.5,0.6931471824645996,0.0,0.0,0.0,0.0,0.0,nan,nan,nan,nan,nan,nan,nan,nan,nan,nan,nan,nan,nan,nan,nan,nan,nan,nan,nan,nan,nan,nan,nan,nan,nan,nan,nan,296.9234092235565,37,PASS
selective_normative_deviation_experts,caltech,2,external,0.6929824561403508,0.6210519179111234,0.6842105263157895,0.6754385964912281,24.0,41.0,nan,0.0,0.4794357120990753,nan,nan,nan,nan,nan,nan,nan,nan,nan,nan,nan,nan,nan,nan,nan,nan,nan,nan,nan,nan,nan,-0.28238600492477417,1.373967170715332,0.007142857648432255,0.15000000596046448,0.8428571820259094,0.0,-5.113535372913702e-09,0.9999998807907104,0.005361930467188358,0.09115281701087952,0.9034852981567383,0.0,0.0,0.0,0.0,0.0,0.0,0.0,0.0,0.0,0.0,0.0,0.19148674607276917,0.19148674607276917,0.0012625635135918856,1.227248560553562e-07,6.946683406829834,296.9234092235565,37,PASS
baseline,abide2,2,external,0.7279944717444717,0.6080729537233813,0.6877370417193427,0.6591523341523342,24.0,41.0,nan,nan,0.47943568229675293,nan,nan,nan,nan,nan,nan,nan,nan,nan,nan,nan,nan,nan,nan,nan,nan,nan,nan,nan,nan,nan,nan,nan,nan,nan,nan,nan,nan,nan,nan,nan,nan,nan,nan,nan,nan,nan,nan,nan,nan,nan,nan,nan,nan,nan,nan,nan,nan,296.9234092235565,727,PASS
crsm_corrected,abide2,2,external,0.7279944717444717,0.6080729543063057,0.6877370417193427,0.6591523341523342,24.0,41.0,0.0,nan,0.4794357120990753,2.0,1.0,23.2793025970459,1.0,154.4580078125,1.5048117637634277,6.485273361206055,0.01,0.0023203520104289055,0.003281473647803068,0.5,0.5,0.6931472420692444,0.5,0.5,0.6931471824645996,0.0,0.0,0.0,0.0,0.0,nan,nan,nan,nan,nan,nan,nan,nan,nan,nan,nan,nan,nan,nan,nan,nan,nan,nan,nan,nan,nan,nan,nan,nan,nan,nan,nan,296.9234092235565,727,PASS
selective_normative_deviation_experts,abide2,2,external,0.7279944717444717,0.6080729534287542,0.6877370417193427,0.6591523341523342,24.0,41.0,nan,0.0,0.4794357120990753,nan,nan,nan,nan,nan,nan,nan,nan,nan,nan,nan,nan,nan,nan,nan,nan,nan,nan,nan,nan,nan,-0.28238600492477417,1.373967170715332,0.007142857648432255,0.15000000596046448,0.8428571820259094,0.0,-5.113535372913702e-09,0.9999998807907104,0.005361930467188358,0.09115281701087952,0.9034852981567383,0.0,0.0,0.0,0.0,0.0,0.0,0.0,0.0,0.0,0.0,0.0,0.19148674607276917,0.19148674607276917,0.0012625635135918856,1.227248560553562e-07,6.946683406829834,296.9234092235565,727,PASS
baseline,internal_fold,3,0,0.8044579533941236,0.523008099162147,0.7252747252747254,0.7201114488348531,44.0,75.0,nan,nan,0.39597150683403015,nan,nan,nan,nan,nan,nan,nan,nan,nan,nan,nan,nan,nan,nan,nan,nan,nan,nan,nan,nan,nan,nan,nan,nan,nan,nan,nan,nan,nan,nan,nan,nan,nan,nan,nan,nan,nan,nan,nan,nan,nan,nan,nan,nan,nan,nan,nan,nan,336.40124106407166,89,PASS
crsm_corrected,internal_fold,3,0,0.8044579533941236,0.5230081016451008,0.7252747252747254,0.7201114488348531,44.0,75.0,0.0,nan,0.39597150683403015,2.0,1.0,22.801864624023438,1.0,140.50010681152344,2.2621655464172363,7.336646556854248,0.01,0.0030833780765533447,0.004360555671155453,0.5,0.5,0.6931472420692444,0.5,0.5,0.6931471824645996,0.0,0.0,0.0,0.0,0.0,nan,nan,nan,nan,nan,nan,nan,nan,nan,nan,nan,nan,nan,nan,nan,nan,nan,nan,nan,nan,nan,nan,nan,nan,nan,nan,nan,336.40124106407166,89,PASS
selective_normative_deviation_experts,internal_fold,3,0,0.8115501519756839,0.6568968639039761,0.7499999999999999,0.7282168186423505,44.0,75.0,nan,85.0,0.4437587559223175,nan,nan,nan,nan,nan,nan,nan,nan,nan,nan,nan,nan,nan,nan,nan,nan,nan,nan,nan,nan,nan,-0.17075301706790924,1.2625657320022583,0.0,0.11764705926179886,0.8823529481887817,0.35841208696365356,3.0084363888960297e-09,1.0,0.0031545741949230433,0.08517350256443024,0.9116719365119934,0.21360370516777039,1.2221426963806152,0.393695205450058,-0.059590328484773636,-0.024259809404611588,1.2221426963806152,0.393695205450058,1.2856004238128662,0.29030489921569824,0.0024896764662116766,0.2878152132034302,0.21650534868240356,0.21650534868240356,0.0012211406137794256,-2.4067491111168238e-08,7.661938667297363,336.40124106407166,89,PASS
baseline,internal_fold,3,1,0.6681864235055724,0.6370263550276677,0.6067415730337079,0.608662613981763,40.0,33.0,nan,nan,0.47536447644233704,nan,nan,nan,nan,nan,nan,nan,nan,nan,nan,nan,nan,nan,nan,nan,nan,nan,nan,nan,nan,nan,nan,nan,nan,nan,nan,nan,nan,nan,nan,nan,nan,nan,nan,nan,nan,nan,nan,nan,nan,nan,nan,nan,nan,nan,nan,nan,nan,282.28691506385803,89,PASS
crsm_corrected,internal_fold,3,1,0.6681864235055724,0.6370263534872767,0.6067415730337079,0.608662613981763,40.0,33.0,0.0,nan,0.47536444664001465,2.0,1.0,23.40941619873047,1.0,148.84429931640625,1.407738447189331,7.854697227478027,0.01,0.001792224938981235,0.0025345890317112207,0.5,0.5,0.6931472420692444,0.5,0.5,0.6931471824645996,0.0,0.0,0.0,0.0,0.0,nan,nan,nan,nan,nan,nan,nan,nan,nan,nan,nan,nan,nan,nan,nan,nan,nan,nan,nan,nan,nan,nan,nan,nan,nan,nan,nan,282.28691506385803,89,PASS
selective_normative_deviation_experts,internal_fold,3,1,0.6691995947315097,0.7514685814815225,0.6222222222222222,0.6193009118541033,40.0,33.0,nan,49.0,0.47536444664001465,nan,nan,nan,nan,nan,nan,nan,nan,nan,nan,nan,nan,nan,nan,nan,nan,nan,nan,nan,nan,nan,0.18398238718509674,1.3864214420318604,0.12324929982423782,0.002801120514050126,0.8739495873451233,0.28338301181793213,-6.0168727777920594e-09,1.0,0.08832807838916779,0.0031545741949230433,0.9085173606872559,0.18724820017814636,0.268586128950119,0.7180105447769165,-0.006715621333569288,0.02405952475965023,0.268586128950119,0.7180105447769165,0.7670082449913025,0.23816828429698944,0.23530548810958862,0.0028627789579331875,0.22542063891887665,0.22542063891887665,0.001227240078151226,0.0,7.568382263183594,282.28691506385803,89,PASS
baseline,internal_fold,3,2,0.7179089026915113,0.6180741127789169,0.6428571428571428,0.6625258799171843,50.0,47.0,nan,nan,0.41245800256729126,nan,nan,nan,nan,nan,nan,nan,nan,nan,nan,nan,nan,nan,nan,nan,nan,nan,nan,nan,nan,nan,nan,nan,nan,nan,nan,nan,nan,nan,nan,nan,nan,nan,nan,nan,nan,nan,nan,nan,nan,nan,nan,nan,nan,nan,nan,nan,nan,417.10008668899536,88,PASS
crsm_corrected,internal_fold,3,2,0.7179089026915113,0.6180741135070652,0.6428571428571428,0.6625258799171843,50.0,47.0,0.0,nan,0.41245797276496887,2.0,1.0,22.90822410583496,1.0,139.92611694335938,1.7907365560531616,7.405533313751221,0.01,0.0024181059561669827,0.003419718239456415,0.5,0.5,0.6931472420692444,0.5,0.5,0.6931471824645996,0.0,0.0,0.0,0.0,0.0,nan,nan,nan,nan,nan,nan,nan,nan,nan,nan,nan,nan,nan,nan,nan,nan,nan,nan,nan,nan,nan,nan,nan,nan,nan,nan,nan,417.10008668899536,88,PASS
selective_normative_deviation_experts,internal_fold,3,2,0.694616977225673,0.8722733224233589,0.6265060240963856,0.6516563146997929,50.0,47.0,nan,149.0,0.41411614418029785,nan,nan,nan,nan,nan,nan,nan,nan,nan,nan,nan,nan,nan,nan,nan,nan,nan,nan,nan,nan,nan,0.2010452151298523,1.3313325643539429,0.12885154783725739,0.002801120514050126,0.8683473467826843,0.494003564119339,-3.0084363888960297e-09,1.0,0.07570978254079819,0.0,0.9242902398109436,0.2418537586927414,0.5227411389350891,1.1741217374801636,-0.026944810524582863,0.060037337243556976,0.5227411389350891,1.1741217374801636,1.2869151830673218,0.375410795211792,0.3702617585659027,0.005149033851921558,0.21485307812690735,0.21485307812690735,0.0011806103866547346,2.4067491111168238e-08,7.608041286468506,417.10008668899536,88,PASS
baseline,internal_fold,3,3,0.6837474120082816,0.6647076677819442,0.5952380952380952,0.6169772256728778,31.0,55.0,nan,nan,0.3968046307563782,nan,nan,nan,nan,nan,nan,nan,nan,nan,nan,nan,nan,nan,nan,nan,nan,nan,nan,nan,nan,nan,nan,nan,nan,nan,nan,nan,nan,nan,nan,nan,nan,nan,nan,nan,nan,nan,nan,nan,nan,nan,nan,nan,nan,nan,nan,nan,nan,242.4644317626953,88,PASS
crsm_corrected,internal_fold,3,3,0.6837474120082816,0.6647076695501949,0.5952380952380952,0.6169772256728778,31.0,55.0,0.0,nan,0.3968046009540558,2.0,1.0,23.354785919189453,1.0,148.54026794433594,2.010624408721924,7.082664489746094,0.01,0.0028387964703142643,0.0040146647952497005,0.5,0.5,0.6931472420692444,0.5,0.5,0.6931471824645996,0.0,0.0,0.0,0.0,0.0,nan,nan,nan,nan,nan,nan,nan,nan,nan,nan,nan,nan,nan,nan,nan,nan,nan,nan,nan,nan,nan,nan,nan,nan,nan,nan,nan,242.4644317626953,88,PASS
selective_normative_deviation_experts,internal_fold,3,3,0.6837474120082816,0.664707671068157,0.5952380952380952,0.6169772256728778,31.0,55.0,nan,0.0,0.3968046009540558,nan,nan,nan,nan,nan,nan,nan,nan,nan,nan,nan,nan,nan,nan,nan,nan,nan,nan,nan,nan,nan,-0.19050081074237823,1.2326937913894653,0.002801120514050126,0.14005602896213531,0.8571428656578064,0.0,-3.0084363888960297e-09,0.9999999403953552,0.0063091483898460865,0.10094637423753738,0.8927444815635681,0.0,0.0,0.0,0.0,0.0,0.0,0.0,0.0,0.0,0.0,0.0,0.1847570240497589,0.1847570240497589,0.001334379194304347,7.220247510986155e-08,7.2497358322143555,242.4644317626953,88,PASS
baseline,internal_fold,3,4,0.8317805383022774,0.5395339626499331,0.7608695652173914,0.7494824016563147,30.0,40.0,nan,nan,0.4700690507888794,nan,nan,nan,nan,nan,nan,nan,nan,nan,nan,nan,nan,nan,nan,nan,nan,nan,nan,nan,nan,nan,nan,nan,nan,nan,nan,nan,nan,nan,nan,nan,nan,nan,nan,nan,nan,nan,nan,nan,nan,nan,nan,nan,nan,nan,nan,nan,nan,261.6287212371826,88,PASS
crsm_corrected,internal_fold,3,4,0.8317805383022774,0.5395339622857406,0.7608695652173914,0.7494824016563147,30.0,40.0,0.0,nan,0.4700690507888794,2.0,1.0,23.0644588470459,1.0,152.6800537109375,1.5654736757278442,7.523885250091553,0.01,0.0020806719549000263,0.002942514605820179,0.5,0.5,0.6931472420692444,0.5,0.5,0.6931471824645996,0.0,0.0,0.0,0.0,0.0,nan,nan,nan,nan,nan,nan,nan,nan,nan,nan,nan,nan,nan,nan,nan,nan,nan,nan,nan,nan,nan,nan,nan,nan,nan,nan,nan,261.6287212371826,88,PASS
selective_normative_deviation_experts,internal_fold,3,4,0.8410973084886127,0.5343137409942172,0.7692307692307693,0.7613871635610766,30.0,40.0,nan,2.0,0.46812671422958374,nan,nan,nan,nan,nan,nan,nan,nan,nan,nan,nan,nan,nan,nan,nan,nan,nan,nan,nan,nan,nan,-0.26310789585113525,1.4537153244018555,0.0,0.1428571492433548,0.8571428656578064,0.05045848339796066,0.0,1.0,0.0031545741949230433,0.09463722258806229,0.9022082090377808,0.028220586478710175,0.03891163319349289,0.03047690913081169,-0.001996462233364582,0.0009054208640009165,0.03891163319349289,0.03047690913081169,0.049474868923425674,0.03999941423535347,0.00015120247553568333,0.0398482084274292,0.21630118787288666,0.21630118787288666,0.0012277924688532948,6.016873044245585e-08,6.993143081665039,261.6287212371826,88,PASS
baseline,internal_fold,3,5,0.7830825116761806,0.5678871883842916,0.7,0.7368967306694343,30.0,45.0,nan,nan,0.3886081874370575,nan,nan,nan,nan,nan,nan,nan,nan,nan,nan,nan,nan,nan,nan,nan,nan,nan,nan,nan,nan,nan,nan,nan,nan,nan,nan,nan,nan,nan,nan,nan,nan,nan,nan,nan,nan,nan,nan,nan,nan,nan,nan,nan,nan,nan,nan,nan,nan,245.53052949905396,88,PASS
crsm_corrected,internal_fold,3,5,0.7830825116761806,0.567887190676845,0.7,0.7368967306694343,30.0,45.0,0.0,nan,0.3886081874370575,2.0,1.0,24.73590660095215,1.0,145.25320434570312,1.6314831972122192,7.134562969207764,0.01,0.0022867319639772177,0.003233927534893155,0.5,0.5,0.6931472420692444,0.5,0.5,0.6931471824645996,0.0,0.0,0.0,0.0,0.0,nan,nan,nan,nan,nan,nan,nan,nan,nan,nan,nan,nan,nan,nan,nan,nan,nan,nan,nan,nan,nan,nan,nan,nan,nan,nan,nan,245.53052949905396,88,PASS
selective_normative_deviation_experts,internal_fold,3,5,0.7830825116761806,0.5662836537075944,0.6835443037974684,0.726258432797094,30.0,45.0,nan,26.0,0.36560219526290894,nan,nan,nan,nan,nan,nan,nan,nan,nan,nan,nan,nan,nan,nan,nan,nan,nan,nan,nan,nan,nan,-0.19424083828926086,1.2708251476287842,0.005602241028100252,0.12885154783725739,0.8655462265014648,0.19583424925804138,9.77741798635634e-09,1.0,0.0063091483898460865,0.09463722258806229,0.8990536332130432,0.10282792150974274,0.4873221218585968,0.14751854538917542,0.02527463249862194,-5.459404201246798e-05,0.4873221218585968,0.14751854538917542,0.5097876191139221,0.152090921998024,0.0025300232227891684,0.14956088364124298,0.20949424803256989,0.20949424803256989,0.001248326851055026,3.6101237554930776e-08,7.28101110458374,245.53052949905396,88,PASS
baseline,internal_fold,3,6,0.7618059159314997,0.5884797139580755,0.6521739130434782,0.63622210690192,28.0,23.0,nan,nan,0.47286558151245117,nan,nan,nan,nan,nan,nan,nan,nan,nan,nan,nan,nan,nan,nan,nan,nan,nan,nan,nan,nan,nan,nan,nan,nan,nan,nan,nan,nan,nan,nan,nan,nan,nan,nan,nan,nan,nan,nan,nan,nan,nan,nan,nan,nan,nan,nan,nan,nan,283.7425374984741,88,PASS
crsm_corrected,internal_fold,3,6,0.7618059159314997,0.5884797186190931,0.6521739130434782,0.63622210690192,28.0,23.0,0.0,nan,0.4728655219078064,2.0,1.0,23.786823272705078,1.0,166.22296142578125,1.1000802516937256,8.745383262634277,0.01,0.0012578981695696712,0.0017789367120712996,0.5,0.5,0.6931472420692444,0.5,0.5,0.6931471824645996,0.0,0.0,0.0,0.0,0.0,nan,nan,nan,nan,nan,nan,nan,nan,nan,nan,nan,nan,nan,nan,nan,nan,nan,nan,nan,nan,nan,nan,nan,nan,nan,nan,nan,283.7425374984741,88,PASS
selective_normative_deviation_experts,internal_fold,3,6,0.7514270887389726,0.5923341649180172,0.6521739130434782,0.63622210690192,28.0,23.0,nan,15.0,0.4728655219078064,nan,nan,nan,nan,nan,nan,nan,nan,nan,nan,nan,nan,nan,nan,nan,nan,nan,nan,nan,nan,nan,0.14080612361431122,1.1534888744354248,0.1260504275560379,0.002801120514050126,0.8711484670639038,0.1516389399766922,-9.025309388732694e-09,0.9999999403953552,0.11041009426116943,0.0031545741949230433,0.886435329914093,0.06560183316469193,0.10779919475317001,0.2888934910297394,0.0021836741361767054,0.014488440938293934,0.10779919475317001,0.2888934910297394,0.3086985647678375,0.11117340624332428,0.11094871163368225,0.00022469577379524708,0.22714802622795105,0.22714802622795105,0.001243838225491345,-9.626996444467295e-08,8.576959609985352,283.7425374984741,88,PASS
baseline,internal_fold,3,7,0.7441619097042035,0.5834546760746409,0.7045454545454545,0.707836014530358,25.0,46.0,nan,nan,0.45537054538726807,nan,nan,nan,nan,nan,nan,nan,nan,nan,nan,nan,nan,nan,nan,nan,nan,nan,nan,nan,nan,nan,nan,nan,nan,nan,nan,nan,nan,nan,nan,nan,nan,nan,nan,nan,nan,nan,nan,nan,nan,nan,nan,nan,nan,nan,nan,nan,nan,289.5669045448303,88,PASS
crsm_corrected,internal_fold,3,7,0.7441619097042035,0.5834546799862096,0.7045454545454545,0.707836014530358,25.0,46.0,0.0,nan,0.4553705155849457,2.0,1.0,23.282508850097656,0.9999999403953552,150.84104919433594,1.7940549850463867,7.978664398193359,0.01,0.0022485654335469007,0.0031799518037587404,0.5,0.5,0.6931472420692444,0.5,0.5,0.6931471824645996,0.0,0.0,0.0,0.0,0.0,nan,nan,nan,nan,nan,nan,nan,nan,nan,nan,nan,nan,nan,nan,nan,nan,nan,nan,nan,nan,nan,nan,nan,nan,nan,nan,nan,289.5669045448303,88,PASS
selective_normative_deviation_experts,internal_fold,3,7,0.7509081473793462,0.5765120672617962,0.7045454545454545,0.707836014530358,25.0,46.0,nan,41.0,0.4553705155849457,nan,nan,nan,nan,nan,nan,nan,nan,nan,nan,nan,nan,nan,nan,nan,nan,nan,nan,nan,nan,nan,0.13948142528533936,1.2302924394607544,0.11484593898057938,0.002801120514050126,0.8823529481887817,0.2518395185470581,-6.0168727777920594e-09,0.9999999403953552,0.08832807838916779,0.0031545741949230433,0.9085173606872559,0.1717921644449234,0.2671557068824768,0.6871903538703918,-0.0051992470398545265,-0.03482207655906677,0.2671557068824768,0.6871903538703918,0.7381344437599182,0.21419112384319305,0.21308669447898865,0.0011044199345633388,0.21875683963298798,0.21875683963298798,0.001307323924265802,-6.016873044245585e-08,7.952449798583984,289.5669045448303,88,PASS
baseline,internal_fold,3,8,0.7758173326414116,0.5882416854300693,0.7216494845360825,0.6894135962636222,34.0,26.0,nan,nan,0.45064741373062134,nan,nan,nan,nan,nan,nan,nan,nan,nan,nan,nan,nan,nan,nan,nan,nan,nan,nan,nan,nan,nan,nan,nan,nan,nan,nan,nan,nan,nan,nan,nan,nan,nan,nan,nan,nan,nan,nan,nan,nan,nan,nan,nan,nan,nan,nan,nan,nan,322.59807991981506,88,PASS
crsm_corrected,internal_fold,3,8,0.7758173326414116,0.588241677907877,0.7216494845360825,0.6894135962636222,34.0,26.0,0.0,nan,0.45064738392829895,2.0,1.0,22.740270614624023,1.0,149.95205688476562,1.2219562530517578,7.29458475112915,0.01,0.001675155246630311,0.00236902735196054,0.5,0.5,0.6931472420692444,0.5,0.5,0.6931471824645996,0.0,0.0,0.0,0.0,0.0,nan,nan,nan,nan,nan,nan,nan,nan,nan,nan,nan,nan,nan,nan,nan,nan,nan,nan,nan,nan,nan,nan,nan,nan,nan,nan,nan,322.59807991981506,88,PASS
selective_normative_deviation_experts,internal_fold,3,8,0.7732226258432797,0.5888591851207697,0.7216494845360825,0.6894135962636222,34.0,26.0,nan,1.0,0.45064738392829895,nan,nan,nan,nan,nan,nan,nan,nan,nan,nan,nan,nan,nan,nan,nan,nan,nan,nan,nan,nan,nan,0.16672594845294952,1.272377371788025,0.11764705926179886,0.0,0.8823529481887817,0.02540910802781582,-1.2033745555584119e-08,1.0,0.08517350256443024,0.0031545741949230433,0.9116719365119934,0.01567385345697403,0.019595865160226822,0.01946946606040001,0.000999990152195096,-0.0009992149425670505,0.019595865160226822,0.01946946606040001,0.02765965461730957,0.020830361172556877,0.02081536501646042,1.499442441854626e-05,0.21004007756710052,0.21004007756710052,0.0013350264634937048,0.0,7.57767915725708,322.59807991981506,88,PASS
baseline,internal_fold,3,9,0.6419304618578101,0.6722589100674665,0.6021505376344086,0.5783601453035807,11.0,32.0,nan,nan,0.47389841079711914,nan,nan,nan,nan,nan,nan,nan,nan,nan,nan,nan,nan,nan,nan,nan,nan,nan,nan,nan,nan,nan,nan,nan,nan,nan,nan,nan,nan,nan,nan,nan,nan,nan,nan,nan,nan,nan,nan,nan,nan,nan,nan,nan,nan,nan,nan,nan,nan,279.1602928638458,88,PASS
crsm_corrected,internal_fold,3,9,0.6419304618578101,0.6722589104254816,0.6021505376344086,0.5783601453035807,11.0,32.0,0.0,nan,0.47389838099479675,2.0,1.0,26.86922264099121,1.0,140.57437133789062,1.4419095516204834,7.41981840133667,0.01,0.0019433218985795975,0.0027482721488922834,0.5,0.5,0.6931472420692444,0.5,0.5,0.6931471824645996,0.0,0.0,0.0,0.0,0.0,nan,nan,nan,nan,nan,nan,nan,nan,nan,nan,nan,nan,nan,nan,nan,nan,nan,nan,nan,nan,nan,nan,nan,nan,nan,nan,nan,279.1602928638458,88,PASS
selective_normative_deviation_experts,internal_fold,3,9,0.6372599896211728,0.676738462944818,0.6185567010309279,0.5752464971458225,11.0,32.0,nan,1.0,0.49722903966903687,nan,nan,nan,nan,nan,nan,nan,nan,nan,nan,nan,nan,nan,nan,nan,nan,nan,nan,nan,nan,nan,-0.2453070878982544,1.2976138591766357,0.005602241028100252,0.14565826952457428,0.848739504814148,0.023832278326153755,1.2033745555584119e-08,1.0,0.0,0.08832807838916779,0.9116719365119934,0.037005677819252014,0.01958450675010681,0.019595840945839882,0.0009998639579862356,0.0009999963222071528,0.01958450675010681,0.019595840945839882,0.027740757912397385,0.030028074979782104,0.00030285940738394856,0.029725216329097748,0.1966671198606491,0.1966671198606491,0.0013626946602016687,5.114342016554474e-08,7.281235218048096,279.1602928638458,88,PASS
baseline,internal_oof,3,all,0.7395887618998478,0.5982258538888018,0.6719101123595506,0.6707308892959418,32.3,42.2,nan,nan,nan,nan,nan,nan,nan,nan,nan,nan,nan,nan,nan,nan,nan,nan,nan,nan,nan,nan,nan,nan,nan,nan,nan,nan,nan,nan,nan,nan,nan,nan,nan,nan,nan,nan,nan,nan,nan,nan,nan,nan,nan,nan,nan,nan,nan,nan,nan,nan,nan,296.0479740142822,882,PASS
crsm_corrected,internal_oof,3,all,0.7395887618998478,0.5982258545659072,0.6719101123595506,0.6707308892959418,32.3,42.2,0.0,nan,nan,2.0,1.0,23.695348167419432,0.9999999940395355,148.3334487915039,1.622622287273407,7.5776440620422365,0.009999999999999998,0.002162485010921955,0.003058215789496899,0.5,0.5,0.6931472420692444,0.5,0.5,0.6931471824645996,0.0,0.0,0.0,0.0,0.0,nan,nan,nan,nan,nan,nan,nan,nan,nan,nan,nan,nan,nan,nan,nan,nan,nan,nan,nan,nan,nan,nan,nan,nan,nan,nan,nan,296.0479740142822,882,PASS
selective_normative_deviation_experts,internal_oof,3,all,0.7377467041613994,0.6481660819296118,0.6755852842809364,0.6713990867108692,32.3,42.2,nan,36.9,nan,nan,nan,nan,nan,nan,nan,nan,nan,nan,nan,nan,nan,nan,nan,nan,nan,nan,nan,nan,nan,nan,-0.023186855018138885,1.2891326546669006,0.0624649876030162,0.06862745368853211,0.8689075708389282,0.18348112404346467,-1.4290073346856503e-09,0.9999999821186065,0.04668769813142717,0.047634069714695214,0.9056782424449921,0.10638277009129524,0.29538389928638936,0.3478972094133496,-0.007098830887116492,0.004035502517945133,0.29538389928638936,0.3478972094133496,0.5001019760966301,0.14721972811967135,0.09558917793765431,0.0516305444543832,0.21199435889720916,0.21199435889720916,0.0012688372866250575,6.317716838566412e-09,7.575057601928711,296.0479740142822,882,PASS
baseline,caltech,3,external,0.6257309941520468,0.6752346147682441,0.5714285714285715,0.5102339181286549,8.0,61.0,nan,nan,0.5585113167762756,nan,nan,nan,nan,nan,nan,nan,nan,nan,nan,nan,nan,nan,nan,nan,nan,nan,nan,nan,nan,nan,nan,nan,nan,nan,nan,nan,nan,nan,nan,nan,nan,nan,nan,nan,nan,nan,nan,nan,nan,nan,nan,nan,nan,nan,nan,nan,nan,362.1257281303406,37,PASS
crsm_corrected,caltech,3,external,0.6257309941520468,0.6751918101375932,0.5714285714285715,0.5102339181286549,8.0,61.0,1.0,nan,0.5542958378791809,2.0,1.0,27.875741958618164,0.9999999403953552,147.7460174560547,1.8693501949310303,6.778748512268066,0.01,0.0027576626744121313,0.0038999237585812807,0.5035176277160645,0.4964824318885803,0.6929286122322083,0.4999997019767761,0.5000002980232239,0.6930533051490784,0.014236810617148876,0.013477127999067307,0.8923946619033813,-4.9999176553683355e-05,-4.999936209060252e-05,nan,nan,nan,nan,nan,nan,nan,nan,nan,nan,nan,nan,nan,nan,nan,nan,nan,nan,nan,nan,nan,nan,nan,nan,nan,nan,nan,362.1257281303406,37,PASS
selective_normative_deviation_experts,caltech,3,external,0.6695906432748538,0.6329767737070087,0.6046511627906976,0.5365497076023392,8.0,61.0,nan,9.0,0.5585553646087646,nan,nan,nan,nan,nan,nan,nan,nan,nan,nan,nan,nan,nan,nan,nan,nan,nan,nan,nan,nan,nan,-0.30436065793037415,1.3618626594543457,0.0023809524718672037,0.15714286267757416,0.8404762148857117,0.15144012868404388,6.391918994097523e-09,1.0,0.01876675710082054,0.10187667608261108,0.8793566226959229,0.08522558212280273,0.12422429025173187,0.09863479435443878,-0.007010174915194511,0.0010664064902812243,0.12422429025173187,0.09863479435443878,0.15877902507781982,0.12029507011175156,0.013430697843432426,0.10686436295509338,0.19604556262493134,0.19604556262493134,0.001225793152116239,1.0227070390556037e-07,6.8328447341918945,362.1257281303406,37,PASS
baseline,abide2,3,external,0.7388590294840295,0.5984089066475315,0.7393258426966292,0.6635519041769042,8.0,61.0,nan,nan,0.5585113167762756,nan,nan,nan,nan,nan,nan,nan,nan,nan,nan,nan,nan,nan,nan,nan,nan,nan,nan,nan,nan,nan,nan,nan,nan,nan,nan,nan,nan,nan,nan,nan,nan,nan,nan,nan,nan,nan,nan,nan,nan,nan,nan,nan,nan,nan,nan,nan,nan,362.1257281303406,727,PASS
crsm_corrected,abide2,3,external,0.7388974201474203,0.5983567002012348,0.7401574803149605,0.6651144041769042,8.0,61.0,1.0,nan,0.5542958378791809,2.0,1.0,27.875741958618164,0.9999999403953552,147.7460174560547,1.8693501949310303,6.778748512268066,0.01,0.0027576626744121313,0.0038999237585812807,0.5035176277160645,0.4964824318885803,0.6929286122322083,0.4999997019767761,0.5000002980232239,0.6930533051490784,0.014236810617148876,0.013477127999067307,0.8923946619033813,-4.9999176553683355e-05,-4.999936209060252e-05,nan,nan,nan,nan,nan,nan,nan,nan,nan,nan,nan,nan,nan,nan,nan,nan,nan,nan,nan,nan,nan,nan,nan,nan,nan,nan,nan,362.1257281303406,727,PASS
selective_normative_deviation_experts,abide2,3,external,0.73125,0.6073568416746854,0.7356580427446571,0.6595324017199018,8.0,61.0,nan,9.0,0.5585553646087646,nan,nan,nan,nan,nan,nan,nan,nan,nan,nan,nan,nan,nan,nan,nan,nan,nan,nan,nan,nan,nan,-0.30436065793037415,1.3618626594543457,0.0023809524718672037,0.15714286267757416,0.8404762148857117,0.15144012868404388,6.391918994097523e-09,1.0,0.01876675710082054,0.10187667608261108,0.8793566226959229,0.08522558212280273,0.12422429025173187,0.09863479435443878,-0.007010174915194511,0.0010664064902812243,0.12422429025173187,0.09863479435443878,0.15877902507781982,0.12029507011175156,0.013430697843432426,0.10686436295509338,0.19604556262493134,0.19604556262493134,0.001225793152116239,1.0227070390556037e-07,6.8328447341918945,362.1257281303406,727,PASS
baseline,internal_fold,4,0,0.6904761904761905,0.6416680244312818,0.5783132530120482,0.6124620060790273,41.0,49.0,nan,nan,0.3571419417858124,nan,nan,nan,nan,nan,nan,nan,nan,nan,nan,nan,nan,nan,nan,nan,nan,nan,nan,nan,nan,nan,nan,nan,nan,nan,nan,nan,nan,nan,nan,nan,nan,nan,nan,nan,nan,nan,nan,nan,nan,nan,nan,nan,nan,nan,nan,nan,nan,297.9732840061188,89,PASS
crsm_corrected,internal_fold,4,0,0.6904761904761905,0.6416680355447433,0.5783132530120482,0.6124620060790273,41.0,49.0,0.0,nan,0.3571419417858124,2.0,1.0,22.96946144104004,1.0,161.2156982421875,1.7730783224105835,8.239119529724121,0.01,0.002152024069800973,0.003043421544134617,0.5,0.5,0.6931472420692444,0.5,0.5,0.6931471824645996,0.0,0.0,0.0,0.0,0.0,nan,nan,nan,nan,nan,nan,nan,nan,nan,nan,nan,nan,nan,nan,nan,nan,nan,nan,nan,nan,nan,nan,nan,nan,nan,nan,nan,297.9732840061188,89,PASS
selective_normative_deviation_experts,internal_fold,4,0,0.6869300911854104,0.6469642765129238,0.5783132530120482,0.6124620060790273,41.0,49.0,nan,5.0,0.3571419417858124,nan,nan,nan,nan,nan,nan,nan,nan,nan,nan,nan,nan,nan,nan,nan,nan,nan,nan,nan,nan,nan,0.190050408244133,1.2213042974472046,0.13445378839969635,0.002801120514050126,0.8627451062202454,0.0559210330247879,-4.512654694366347e-09,0.9999998807907104,0.10410095006227493,0.0031545741949230433,0.8927444815635681,0.058945540338754654,0.05607644468545914,0.09690576791763306,0.0013652803609147668,0.0049568843096494675,0.05607644468545914,0.09690576791763306,0.11207912862300873,0.057343535125255585,0.05717765912413597,0.00016587763093411922,0.22255797684192657,0.22255797684192657,0.001218131510540843,-8.423621977726725e-08,8.184188842773438,297.9732840061188,89,PASS
baseline,internal_fold,4,1,0.7112462006079028,0.6188733246078517,0.575,0.6256332320162107,37.0,48.0,nan,nan,0.3422378897666931,nan,nan,nan,nan,nan,nan,nan,nan,nan,nan,nan,nan,nan,nan,nan,nan,nan,nan,nan,nan,nan,nan,nan,nan,nan,nan,nan,nan,nan,nan,nan,nan,nan,nan,nan,nan,nan,nan,nan,nan,nan,nan,nan,nan,nan,nan,nan,nan,250.6929817199707,89,PASS
crsm_corrected,internal_fold,4,1,0.7112462006079028,0.6188733287237479,0.575,0.6256332320162107,37.0,48.0,0.0,nan,0.3422378897666931,2.0,1.0,23.31273651123047,1.0,128.14808654785156,1.7148395776748657,6.082488059997559,0.01,0.002819306217133999,0.0039871009066700935,0.5,0.5,0.6931472420692444,0.5,0.5,0.6931471824645996,0.0,0.0,0.0,0.0,0.0,nan,nan,nan,nan,nan,nan,nan,nan,nan,nan,nan,nan,nan,nan,nan,nan,nan,nan,nan,nan,nan,nan,nan,nan,nan,nan,nan,250.6929817199707,89,PASS
selective_normative_deviation_experts,internal_fold,4,1,0.7112462006079028,0.618873330615502,0.575,0.6256332320162107,37.0,48.0,nan,0.0,0.3422378897666931,nan,nan,nan,nan,nan,nan,nan,nan,nan,nan,nan,nan,nan,nan,nan,nan,nan,nan,nan,nan,nan,0.12371185421943665,1.2145482301712036,0.1120448186993599,0.002801120514050126,0.8851540684700012,0.0,-9.025309388732694e-09,0.9999999403953552,0.07886435836553574,0.0,0.921135663986206,0.0,0.0,0.0,0.0,0.0,0.0,0.0,0.0,0.0,0.0,0.0,0.20906047523021698,0.20906047523021698,0.001246049301698804,-9.626996444467295e-08,7.906892776489258,250.6929817199707,89,PASS
baseline,internal_fold,4,2,0.7277432712215322,0.6006429420877651,0.7000000000000001,0.6542443064182195,46.0,47.0,nan,nan,0.49473342299461365,nan,nan,nan,nan,nan,nan,nan,nan,nan,nan,nan,nan,nan,nan,nan,nan,nan,nan,nan,nan,nan,nan,nan,nan,nan,nan,nan,nan,nan,nan,nan,nan,nan,nan,nan,nan,nan,nan,nan,nan,nan,nan,nan,nan,nan,nan,nan,nan,275.77629685401917,88,PASS
crsm_corrected,internal_fold,4,2,0.7277432712215322,0.6006429416378506,0.7000000000000001,0.6542443064182195,46.0,47.0,0.0,nan,0.49473342299461365,2.0,1.0,23.0042724609375,1.0,155.94346618652344,1.8039973974227905,7.858974933624268,0.01,0.002295461483299732,0.0032462729141116142,0.5,0.5,0.6931472420692444,0.5,0.5,0.6931471824645996,0.0,0.0,0.0,0.0,0.0,nan,nan,nan,nan,nan,nan,nan,nan,nan,nan,nan,nan,nan,nan,nan,nan,nan,nan,nan,nan,nan,nan,nan,nan,nan,nan,nan,275.77629685401917,88,PASS
selective_normative_deviation_experts,internal_fold,4,2,0.7277432712215322,0.6007241535474663,0.7000000000000001,0.6542443064182195,46.0,47.0,nan,2.0,0.49473342299461365,nan,nan,nan,nan,nan,nan,nan,nan,nan,nan,nan,nan,nan,nan,nan,nan,nan,nan,nan,nan,nan,-0.14448998868465424,1.2042158842086792,0.002801120514050126,0.11484593898057938,0.8823529481887817,0.01582556776702404,6.0168727777920594e-09,0.9999999403953552,0.0,0.08201892673969269,0.9179810881614685,0.03967307507991791,0.03903038799762726,0.031902290880680084,0.0019982680678367615,0.0007395396241918206,0.03903038799762726,0.031902290880680084,0.050454605370759964,0.027041681110858917,8.707551751285791e-05,0.02695460617542267,0.2007663995027542,0.2007663995027542,0.0013533129822462797,4.8134982222336475e-08,7.786345958709717,275.77629685401917,88,PASS
baseline,internal_fold,4,3,0.7375776397515528,0.6171153800913206,0.7272727272727273,0.6889233954451346,45.0,28.0,nan,nan,0.47388985753059387,nan,nan,nan,nan,nan,nan,nan,nan,nan,nan,nan,nan,nan,nan,nan,nan,nan,nan,nan,nan,nan,nan,nan,nan,nan,nan,nan,nan,nan,nan,nan,nan,nan,nan,nan,nan,nan,nan,nan,nan,nan,nan,nan,nan,nan,nan,nan,nan,295.91346764564514,88,PASS
crsm_corrected,internal_fold,4,3,0.7375776397515528,0.6171153846559807,0.7272727272727273,0.6889233954451346,45.0,28.0,0.0,nan,0.4738898277282715,2.0,1.0,23.621164321899414,1.0,155.19744873046875,1.3468685150146484,7.566767692565918,0.01,0.0017799786292016506,0.0025172699242830276,0.5,0.5,0.6931472420692444,0.5,0.5,0.6931471824645996,0.0,0.0,0.0,0.0,0.0,nan,nan,nan,nan,nan,nan,nan,nan,nan,nan,nan,nan,nan,nan,nan,nan,nan,nan,nan,nan,nan,nan,nan,nan,nan,nan,nan,295.91346764564514,88,PASS
selective_normative_deviation_experts,internal_fold,4,3,0.7391304347826088,0.6164906575534118,0.7272727272727273,0.6889233954451346,45.0,28.0,nan,25.0,0.4738898277282715,nan,nan,nan,nan,nan,nan,nan,nan,nan,nan,nan,nan,nan,nan,nan,nan,nan,nan,nan,nan,nan,0.19788353145122528,1.3152594566345215,0.11484593898057938,0.002801120514050126,0.8823529481887817,0.275391548871994,3.0084363888960297e-09,1.0,0.08201892673969269,0.0031545741949230433,0.914826512336731,0.1400059461593628,0.19689606130123138,0.41633912920951843,-0.0011065430007874966,0.014555545523762703,0.19689606130123138,0.41633912920951843,0.4607813358306885,0.21171613037586212,0.20955127477645874,0.002164842328056693,0.18548502027988434,0.18548502027988434,0.0014208615757524967,-2.4067491111168238e-08,7.0193963050842285,295.91346764564514,88,PASS
baseline,internal_fold,4,4,0.7494824016563146,0.6058812092733091,0.5945945945945946,0.6677018633540373,43.0,29.0,nan,nan,0.3880535066127777,nan,nan,nan,nan,nan,nan,nan,nan,nan,nan,nan,nan,nan,nan,nan,nan,nan,nan,nan,nan,nan,nan,nan,nan,nan,nan,nan,nan,nan,nan,nan,nan,nan,nan,nan,nan,nan,nan,nan,nan,nan,nan,nan,nan,nan,nan,nan,nan,239.27926397323608,88,PASS
crsm_corrected,internal_fold,4,4,0.7494824016563146,0.6058812066672226,0.5945945945945946,0.6677018633540373,43.0,29.0,0.0,nan,0.3880534768104553,2.0,1.0,23.008869171142578,1.0,151.5355682373047,1.340301275253296,7.600031852722168,0.01,0.0017635468393564224,0.0024940320290625095,0.5,0.5,0.6931472420692444,0.5,0.5,0.6931471824645996,0.0,0.0,0.0,0.0,0.0,nan,nan,nan,nan,nan,nan,nan,nan,nan,nan,nan,nan,nan,nan,nan,nan,nan,nan,nan,nan,nan,nan,nan,nan,nan,nan,nan,239.27926397323608,88,PASS
selective_normative_deviation_experts,internal_fold,4,4,0.7494824016563146,0.6058812076801564,0.5945945945945946,0.6677018633540373,43.0,29.0,nan,0.0,0.3880534768104553,nan,nan,nan,nan,nan,nan,nan,nan,nan,nan,nan,nan,nan,nan,nan,nan,nan,nan,nan,nan,nan,0.23431238532066345,1.303477168083191,0.14005602896213531,0.005602241028100252,0.8543417453765869,0.0,-3.0084363888960297e-09,1.0,0.10094637423753738,0.0031545741949230433,0.8958990573883057,0.0,0.0,0.0,0.0,0.0,0.0,0.0,0.0,0.0,0.0,0.0,0.21081452071666718,0.21081452071666718,0.0012100505409762263,0.0,7.518723964691162,239.27926397323608,88,PASS
baseline,internal_fold,4,5,0.6569797612869746,0.6544503518841002,0.608695652173913,0.5905552672548002,44.0,38.0,nan,nan,0.48469117283821106,nan,nan,nan,nan,nan,nan,nan,nan,nan,nan,nan,nan,nan,nan,nan,nan,nan,nan,nan,nan,nan,nan,nan,nan,nan,nan,nan,nan,nan,nan,nan,nan,nan,nan,nan,nan,nan,nan,nan,nan,nan,nan,nan,nan,nan,nan,nan,nan,278.5880889892578,88,PASS
crsm_corrected,internal_fold,4,5,0.6569797612869746,0.6544503556488196,0.608695652173913,0.5905552672548002,44.0,38.0,0.0,nan,0.48469114303588867,2.0,1.0,22.880109786987305,1.0,149.21893310546875,1.5351594686508179,7.4201555252075195,0.01,0.0020689046941697598,0.002925873501226306,0.5,0.5,0.6931472420692444,0.5,0.5,0.6931471824645996,0.0,0.0,0.0,0.0,0.0,nan,nan,nan,nan,nan,nan,nan,nan,nan,nan,nan,nan,nan,nan,nan,nan,nan,nan,nan,nan,nan,nan,nan,nan,nan,nan,nan,278.5880889892578,88,PASS
selective_normative_deviation_experts,internal_fold,4,5,0.6658017644006228,0.6477475249301544,0.6153846153846154,0.6027503892060198,44.0,38.0,nan,2.0,0.48469114303588867,nan,nan,nan,nan,nan,nan,nan,nan,nan,nan,nan,nan,nan,nan,nan,nan,nan,nan,nan,nan,nan,-0.15361489355564117,1.2337429523468018,0.002801120514050126,0.11764705926179886,0.8795518279075623,0.03447822481393814,0.0,1.0000001192092896,0.0,0.08517350256443024,0.914826512336731,0.0330856516957283,0.0389520637691021,0.0317610539495945,0.0019974024035036564,0.0010558342328295112,0.0389520637691021,0.0317610539495945,0.05031036213040352,0.03382325917482376,2.5115759854088537e-05,0.03379814326763153,0.2092859447002411,0.2092859447002411,0.0012911027297377586,0.0,7.728603363037109,278.5880889892578,88,PASS
baseline,internal_fold,4,6,0.7680332122470162,0.5765141343042118,0.7070707070707072,0.6650233523611832,47.0,23.0,nan,nan,0.4809013307094574,nan,nan,nan,nan,nan,nan,nan,nan,nan,nan,nan,nan,nan,nan,nan,nan,nan,nan,nan,nan,nan,nan,nan,nan,nan,nan,nan,nan,nan,nan,nan,nan,nan,nan,nan,nan,nan,nan,nan,nan,nan,nan,nan,nan,nan,nan,nan,nan,267.6156051158905,88,PASS
crsm_corrected,internal_fold,4,6,0.7680332122470162,0.5765141294227858,0.7070707070707072,0.6650233523611832,47.0,23.0,0.0,nan,0.4809013307094574,2.0,1.0,23.067827224731445,1.0,153.53082275390625,1.0944526195526123,7.569529056549072,0.01,0.0014458661898970604,0.0020447636488825083,0.5,0.5,0.6931472420692444,0.5,0.5,0.6931471824645996,0.0,0.0,0.0,0.0,0.0,nan,nan,nan,nan,nan,nan,nan,nan,nan,nan,nan,nan,nan,nan,nan,nan,nan,nan,nan,nan,nan,nan,nan,nan,nan,nan,nan,267.6156051158905,88,PASS
selective_normative_deviation_experts,internal_fold,4,6,0.7498702646600934,0.5854213727627585,0.7070707070707072,0.6650233523611832,47.0,23.0,nan,16.0,0.4809013307094574,nan,nan,nan,nan,nan,nan,nan,nan,nan,nan,nan,nan,nan,nan,nan,nan,nan,nan,nan,nan,nan,0.15991762280464172,1.3205888271331787,0.12885154783725739,0.0,0.8711484670639038,0.14108631014823914,1.5042181944480149e-09,0.9999999403953552,0.10094637423753738,0.0031545741949230433,0.8958990573883057,0.09383168816566467,0.10559741407632828,0.3027980625629425,-0.00047654160880483687,-0.015484086237847805,0.10559741407632828,0.3027980625629425,0.3210567831993103,0.11886121332645416,0.11789257079362869,0.0009686507401056588,0.2190478891134262,0.2190478891134262,0.0013275815872475505,-8.423621977726725e-08,7.532648086547852,267.6156051158905,88,PASS
baseline,internal_fold,4,7,0.7389724961079398,0.6038774131806408,0.6666666666666666,0.6331084587441619,50.0,16.0,nan,nan,0.5020966529846191,nan,nan,nan,nan,nan,nan,nan,nan,nan,nan,nan,nan,nan,nan,nan,nan,nan,nan,nan,nan,nan,nan,nan,nan,nan,nan,nan,nan,nan,nan,nan,nan,nan,nan,nan,nan,nan,nan,nan,nan,nan,nan,nan,nan,nan,nan,nan,nan,251.08671808242798,88,PASS
crsm_corrected,internal_fold,4,7,0.742086144265698,0.6021835785819564,0.6666666666666666,0.6331084587441619,50.0,16.0,1.0,nan,0.49669915437698364,2.0,1.0,22.956449508666992,1.0,142.3224639892578,0.8923521637916565,6.616022109985352,0.01,0.0013487744145095348,0.0019074551528319716,0.5025333762168884,0.4974666237831116,0.6930887699127197,0.4999999701976776,0.5000000596046448,0.6931315660476685,0.013919186778366566,0.013340202160179615,0.9692133665084839,4.999982047593221e-05,4.9999791372101754e-05,nan,nan,nan,nan,nan,nan,nan,nan,nan,nan,nan,nan,nan,nan,nan,nan,nan,nan,nan,nan,nan,nan,nan,nan,nan,nan,nan,251.08671808242798,88,PASS
selective_normative_deviation_experts,internal_fold,4,7,0.7311883757135444,0.6030710509710221,0.6868686868686869,0.6421899325376232,50.0,16.0,nan,3.0,0.5020966529846191,nan,nan,nan,nan,nan,nan,nan,nan,nan,nan,nan,nan,nan,nan,nan,nan,nan,nan,nan,nan,nan,0.19235390424728394,1.208944320678711,0.14845938980579376,0.002801120514050126,0.848739504814148,0.06248588487505913,-9.025309388732694e-09,1.0,0.09148265421390533,0.0063091483898460865,0.9022082090377808,0.011067986488342285,0.029745588079094887,0.05806315317749977,0.0003786174638662487,0.002976661780849099,0.029745588079094887,0.05806315317749977,0.06530798971652985,0.03830268606543541,0.03807521611452103,0.00022747066395822912,0.20080365240573883,0.20080365240573883,0.0012648822739720345,-4.8134982222336475e-08,7.452984809875488,251.08671808242798,88,PASS
baseline,internal_fold,4,8,0.7254800207576544,0.6170748283380291,0.7272727272727273,0.6450441100155683,16.0,15.0,nan,nan,0.5352827906608582,nan,nan,nan,nan,nan,nan,nan,nan,nan,nan,nan,nan,nan,nan,nan,nan,nan,nan,nan,nan,nan,nan,nan,nan,nan,nan,nan,nan,nan,nan,nan,nan,nan,nan,nan,nan,nan,nan,nan,nan,nan,nan,nan,nan,nan,nan,nan,nan,230.9141662120819,88,PASS
crsm_corrected,internal_fold,4,8,0.7254800207576544,0.6170748258383518,0.7272727272727273,0.6450441100155683,16.0,15.0,0.0,nan,0.5352827906608582,2.0,1.0,24.712892532348633,1.0,145.27410888671875,0.9285398721694946,7.224219799041748,0.01,0.0012853151420131326,0.0018177102319896221,0.5,0.5,0.6931472420692444,0.5,0.5,0.6931471824645996,0.0,0.0,0.0,0.0,0.0,nan,nan,nan,nan,nan,nan,nan,nan,nan,nan,nan,nan,nan,nan,nan,nan,nan,nan,nan,nan,nan,nan,nan,nan,nan,nan,nan,230.9141662120819,88,PASS
selective_normative_deviation_experts,internal_fold,4,8,0.6974571873378308,0.71208216245047,0.7155963302752293,0.6344058121432278,16.0,15.0,nan,3.0,0.5192185640335083,nan,nan,nan,nan,nan,nan,nan,nan,nan,nan,nan,nan,nan,nan,nan,nan,nan,nan,nan,nan,nan,-0.38152170181274414,1.499038577079773,0.011204482056200504,0.16246499121189117,0.8263305425643921,0.17056401073932648,-7.521090972240074e-10,0.9999999403953552,0.018927445635199547,0.10094637423753738,0.8801261782646179,0.034774281084537506,0.05406494811177254,0.035569556057453156,-0.0028721916023641825,0.0023010261356830597,0.05406494811177254,0.035569556057453156,0.06482095271348953,0.10669850558042526,0.006537535227835178,0.10016097873449326,0.18635858595371246,0.18635858595371246,0.0013043773360550404,8.122778183405899e-08,6.093139171600342,230.9141662120819,88,PASS
baseline,internal_fold,4,9,0.715101193565127,0.60673534652725,0.6972477064220183,0.6115723923196679,33.0,46.0,nan,nan,0.5599599480628967,nan,nan,nan,nan,nan,nan,nan,nan,nan,nan,nan,nan,nan,nan,nan,nan,nan,nan,nan,nan,nan,nan,nan,nan,nan,nan,nan,nan,nan,nan,nan,nan,nan,nan,nan,nan,nan,nan,nan,nan,nan,nan,nan,nan,nan,nan,nan,nan,349.3953354358673,88,PASS
crsm_corrected,internal_fold,4,9,0.7192527244421381,0.6062056432831588,0.6972477064220183,0.6115723923196679,33.0,46.0,2.0,nan,0.550381064414978,2.0,1.0,23.490947723388672,1.0,151.9014434814453,1.746388554573059,7.774824619293213,0.01,0.002246209653094411,0.003176620230078697,0.5024855136871338,0.497514545917511,0.6929473876953125,0.4999995827674866,0.5000004172325134,0.6930555701255798,0.027376020327210426,0.026762522757053375,0.9689356088638306,-9.749025048222393e-05,-9.785978909349069e-05,nan,nan,nan,nan,nan,nan,nan,nan,nan,nan,nan,nan,nan,nan,nan,nan,nan,nan,nan,nan,nan,nan,nan,nan,nan,nan,nan,349.3953354358673,88,PASS
selective_normative_deviation_experts,internal_fold,4,9,0.7218474312402698,0.6009805420500572,0.7037037037037038,0.6237675142708874,33.0,46.0,nan,10.0,0.5599599480628967,nan,nan,nan,nan,nan,nan,nan,nan,nan,nan,nan,nan,nan,nan,nan,nan,nan,nan,nan,nan,nan,0.1607387661933899,1.2422364950180054,0.12885154783725739,0.002801120514050126,0.8683473467826843,0.1801971197128296,-1.2033745555584119e-08,1.0,0.10094637423753738,0.0031545741949230433,0.8958990573883057,0.05237763002514839,0.08600423485040665,0.1889905333518982,0.0011554864468052983,0.009651479311287403,0.08600423485040665,0.1889905333518982,0.2078668773174286,0.12008022516965866,0.1195506751537323,0.0005295478040352464,0.1889977753162384,0.1889977753162384,0.0013285819441080093,0.0,7.35300874710083,349.3953354358673,88,PASS
baseline,internal_oof,4,all,0.7218957199246665,0.6143195480327733,0.6645435244161358,0.6399370501277057,40.2,33.9,nan,nan,nan,nan,nan,nan,nan,nan,nan,nan,nan,nan,nan,nan,nan,nan,nan,nan,nan,nan,nan,nan,nan,nan,nan,nan,nan,nan,nan,nan,nan,nan,nan,nan,nan,nan,nan,nan,nan,nan,nan,nan,nan,nan,nan,nan,nan,nan,nan,nan,nan,273.72352080345155,882,PASS
crsm_corrected,internal_oof,4,all,0.7221640308557571,0.614097699778543,0.6645435244161358,0.6399370501277057,40.2,33.9,0.3,nan,nan,2.0,1.0,23.302473068237305,1.0,149.42880401611328,1.4175977766513825,7.395213317871094,0.009999999999999998,0.0019205387332476675,0.002716052008327097,0.5005018889904023,0.49949811697006224,0.6931214094161987,0.4999999552965164,0.5000000476837159,0.6931364595890045,0.004129520710557699,0.004010272491723299,0.19381489753723144,-4.749043000629172e-06,-4.785999772138894e-06,nan,nan,nan,nan,nan,nan,nan,nan,nan,nan,nan,nan,nan,nan,nan,nan,nan,nan,nan,nan,nan,nan,nan,nan,nan,nan,nan,273.72352080345155,882,PASS
selective_normative_deviation_experts,internal_oof,4,all,0.7201207399189907,0.6238442518884734,0.6666666666666666,0.6422125332163773,40.2,33.9,nan,6.6,nan,nan,nan,nan,nan,nan,nan,nan,nan,nan,nan,nan,nan,nan,nan,nan,nan,nan,nan,nan,nan,nan,0.05793418884277344,1.2763356208801269,0.09243697836063802,0.04145658330526203,0.8661064505577087,0.09359496999531984,-2.782803715239979e-09,0.9999999761581421,0.06782334577292204,0.02902208229061216,0.903154581785202,0.04637617990374565,0.060636714287102225,0.11623295471072197,0.00024397785309702159,0.002075288468040526,0.060636714287102225,0.11623295471072197,0.1332678034901619,0.07138672359287739,0.054889712246767884,0.01649701173446374,0.20331782400608062,0.20331782400608062,0.0012964931782335043,-2.075821132763167e-08,7.457593202590942,273.72352080345155,882,PASS
baseline,caltech,4,external,0.6754385964912281,0.6408616024664994,0.5517241379310345,0.6549707602339181,17.0,34.0,nan,nan,0.3316170275211334,nan,nan,nan,nan,nan,nan,nan,nan,nan,nan,nan,nan,nan,nan,nan,nan,nan,nan,nan,nan,nan,nan,nan,nan,nan,nan,nan,nan,nan,nan,nan,nan,nan,nan,nan,nan,nan,nan,nan,nan,nan,nan,nan,nan,nan,nan,nan,nan,349.23008465766907,37,PASS
crsm_corrected,caltech,4,external,0.6754385964912281,0.6408616092088429,0.5517241379310345,0.6549707602339181,17.0,34.0,0.0,nan,0.33161699771881104,2.0,1.0,23.945659637451172,1.0,149.74388122558594,1.3664460182189941,6.254222393035889,0.01,0.0021848375909030437,0.0030898270197212696,0.5,0.5,0.6931472420692444,0.5,0.5,0.6931471824645996,0.0,0.0,0.0,0.0,0.0,nan,nan,nan,nan,nan,nan,nan,nan,nan,nan,nan,nan,nan,nan,nan,nan,nan,nan,nan,nan,nan,nan,nan,nan,nan,nan,nan,349.23008465766907,37,PASS
selective_normative_deviation_experts,caltech,4,external,0.6988304093567251,0.6412503653352477,0.6470588235294117,0.6783625730994152,17.0,34.0,nan,149.0,0.33161699771881104,nan,nan,nan,nan,nan,nan,nan,nan,nan,nan,nan,nan,nan,nan,nan,nan,nan,nan,nan,nan,nan,0.14641165733337402,1.192805528640747,0.11666667461395264,0.0023809524718672037,0.8809524178504944,0.32041841745376587,-5.113535372913702e-09,1.0,0.08579088747501373,0.002680965233594179,0.9115281701087952,0.23119381070137024,0.47112563252449036,1.6024166345596313,-0.02129608951508999,-0.007406693883240223,0.47112563252449036,1.6024166345596313,1.6703912019729614,0.27845022082328796,0.2737385630607605,0.004711667541414499,0.18369512259960175,0.18369512259960175,0.0012805971782654524,-1.0227070390556037e-07,7.4376606941223145,349.23008465766907,37,PASS
baseline,abide2,4,external,0.7478270884520885,0.5944509212434527,0.5008460236886633,0.6255681818181817,17.0,34.0,nan,nan,0.3316170275211334,nan,nan,nan,nan,nan,nan,nan,nan,nan,nan,nan,nan,nan,nan,nan,nan,nan,nan,nan,nan,nan,nan,nan,nan,nan,nan,nan,nan,nan,nan,nan,nan,nan,nan,nan,nan,nan,nan,nan,nan,nan,nan,nan,nan,nan,nan,nan,nan,349.23008465766907,727,PASS
crsm_corrected,abide2,4,external,0.7478270884520885,0.5944509211220433,0.5008460236886633,0.6255681818181817,17.0,34.0,0.0,nan,0.33161699771881104,2.0,1.0,23.945659637451172,1.0,149.74388122558594,1.3664460182189941,6.254222393035889,0.01,0.0021848375909030437,0.0030898270197212696,0.5,0.5,0.6931472420692444,0.5,0.5,0.6931471824645996,0.0,0.0,0.0,0.0,0.0,nan,nan,nan,nan,nan,nan,nan,nan,nan,nan,nan,nan,nan,nan,nan,nan,nan,nan,nan,nan,nan,nan,nan,nan,nan,nan,nan,349.23008465766907,727,PASS
selective_normative_deviation_experts,abide2,4,external,0.7404791154791156,0.6208651943482831,0.5182724252491694,0.6307086916461917,17.0,34.0,nan,149.0,0.33161699771881104,nan,nan,nan,nan,nan,nan,nan,nan,nan,nan,nan,nan,nan,nan,nan,nan,nan,nan,nan,nan,nan,0.14641165733337402,1.192805528640747,0.11666667461395264,0.0023809524718672037,0.8809524178504944,0.32041841745376587,-5.113535372913702e-09,1.0,0.08579088747501373,0.002680965233594179,0.9115281701087952,0.23119381070137024,0.47112563252449036,1.6024166345596313,-0.02129608951508999,-0.007406693883240223,0.47112563252449036,1.6024166345596313,1.6703912019729614,0.27845022082328796,0.2737385630607605,0.004711667541414499,0.18369512259960175,0.18369512259960175,0.0012805971782654524,-1.0227070390556037e-07,7.4376606941223145,349.23008465766907,727,PASS
baseline,internal_fold,5,0,0.7776089159067883,0.5741840033919878,0.6741573033707866,0.6762917933130699,44.0,31.0,nan,nan,0.47948360443115234,nan,nan,nan,nan,nan,nan,nan,nan,nan,nan,nan,nan,nan,nan,nan,nan,nan,nan,nan,nan,nan,nan,nan,nan,nan,nan,nan,nan,nan,nan,nan,nan,nan,nan,nan,nan,nan,nan,nan,nan,nan,nan,nan,nan,nan,nan,nan,nan,271.7719466686249,89,PASS
crsm_corrected,internal_fold,5,0,0.7776089159067883,0.5741839971341999,0.6741573033707866,0.6762917933130699,44.0,31.0,0.0,nan,0.47948360443115234,2.0,1.0,22.9281063079834,1.0,148.62985229492188,1.3519805669784546,7.770026206970215,0.01,0.0017399947391822934,0.0024607242085039616,0.5,0.5,0.6931472420692444,0.5,0.5,0.6931471824645996,0.0,0.0,0.0,0.0,0.0,nan,nan,nan,nan,nan,nan,nan,nan,nan,nan,nan,nan,nan,nan,nan,nan,nan,nan,nan,nan,nan,nan,nan,nan,nan,nan,nan,271.7719466686249,89,PASS
selective_normative_deviation_experts,internal_fold,5,0,0.7776089159067883,0.574183998337664,0.6741573033707866,0.6762917933130699,44.0,31.0,nan,0.0,0.47948360443115234,nan,nan,nan,nan,nan,nan,nan,nan,nan,nan,nan,nan,nan,nan,nan,nan,nan,nan,nan,nan,nan,0.15845239162445068,1.2375670671463013,0.12324929982423782,0.005602241028100252,0.8711484670639038,0.0,-4.512654694366347e-09,1.0000001192092896,0.09779179841279984,0.0,0.9022082090377808,0.0,0.0,0.0,0.0,0.0,0.0,0.0,0.0,0.0,0.0,0.0,0.21282346546649933,0.21282346546649933,0.001305965008214116,-1.0830370911207865e-07,7.4771809577941895,271.7719466686249,89,PASS
baseline,internal_fold,5,1,0.7310030395136777,0.6162300350912319,0.6206896551724138,0.6324721377912867,34.0,39.0,nan,nan,0.39492905139923096,nan,nan,nan,nan,nan,nan,nan,nan,nan,nan,nan,nan,nan,nan,nan,nan,nan,nan,nan,nan,nan,nan,nan,nan,nan,nan,nan,nan,nan,nan,nan,nan,nan,nan,nan,nan,nan,nan,nan,nan,nan,nan,nan,nan,nan,nan,nan,nan,366.87106800079346,89,PASS
crsm_corrected,internal_fold,5,1,0.7310030395136777,0.6162300417174564,0.6206896551724138,0.6324721377912867,34.0,39.0,0.0,nan,0.39492908120155334,2.0,1.0,23.48036003112793,1.0,140.46730041503906,1.4940752983093262,7.212174415588379,0.01,0.0020716015715152025,0.0029296872671693563,0.5,0.5,0.6931472420692444,0.5,0.5,0.6931471824645996,0.0,0.0,0.0,0.0,0.0,nan,nan,nan,nan,nan,nan,nan,nan,nan,nan,nan,nan,nan,nan,nan,nan,nan,nan,nan,nan,nan,nan,nan,nan,nan,nan,nan,366.87106800079346,89,PASS
selective_normative_deviation_experts,internal_fold,5,1,0.7406281661600811,0.6634227949999693,0.627906976744186,0.6443768996960486,34.0,39.0,nan,149.0,0.39492905139923096,nan,nan,nan,nan,nan,nan,nan,nan,nan,nan,nan,nan,nan,nan,nan,nan,nan,nan,nan,nan,nan,0.22890017926692963,1.4180560111999512,0.1260504275560379,0.002801120514050126,0.8711484670639038,0.48850515484809875,-5.264763736079203e-09,0.9999999403953552,0.08201892673969269,0.0031545741949230433,0.914826512336731,0.2563934922218323,0.5090788006782532,1.9388923645019531,-0.02981646917760372,-0.07216133177280426,0.5090788006782532,1.9388923645019531,2.0061309337615967,0.3793368935585022,0.3742392957210541,0.00509758573025465,0.22104492783546448,0.22104492783546448,0.001232437090948224,-6.618559922344502e-08,7.35424280166626,366.87106800079346,89,PASS
baseline,internal_fold,5,2,0.8131469979296067,0.5229216597689533,0.6913580246913581,0.7210144927536233,44.0,42.0,nan,nan,0.4057101905345917,nan,nan,nan,nan,nan,nan,nan,nan,nan,nan,nan,nan,nan,nan,nan,nan,nan,nan,nan,nan,nan,nan,nan,nan,nan,nan,nan,nan,nan,nan,nan,nan,nan,nan,nan,nan,nan,nan,nan,nan,nan,nan,nan,nan,nan,nan,nan,nan,308.32587361335754,88,PASS
crsm_corrected,internal_fold,5,2,0.8131469979296067,0.5229216646163185,0.6913580246913581,0.7210144927536233,44.0,42.0,0.0,nan,0.4057101607322693,2.0,1.0,24.54273796081543,1.0,133.51426696777344,1.5977150201797485,6.994354248046875,0.01,0.0022842923644930124,0.003230477450415492,0.5,0.5,0.6931472420692444,0.5,0.5,0.6931471824645996,0.0,0.0,0.0,0.0,0.0,nan,nan,nan,nan,nan,nan,nan,nan,nan,nan,nan,nan,nan,nan,nan,nan,nan,nan,nan,nan,nan,nan,nan,nan,nan,nan,nan,308.32587361335754,88,PASS
selective_normative_deviation_experts,internal_fold,5,2,0.822463768115942,0.5196667209719181,0.7142857142857143,0.7308488612836439,44.0,42.0,nan,3.0,0.4057101607322693,nan,nan,nan,nan,nan,nan,nan,nan,nan,nan,nan,nan,nan,nan,nan,nan,nan,nan,nan,nan,nan,0.2913206219673157,1.3176864385604858,0.16246499121189117,0.002801120514050126,0.8347339034080505,0.11608382314443588,-4.512654694366347e-09,1.0000001192092896,0.10094637423753738,0.009463722817599773,0.8895899057388306,0.028412124142050743,0.03857841715216637,0.05639475956559181,0.002284860936924815,-0.002904525026679039,0.03857841715216637,0.05639475956559181,0.06842748075723648,0.07484950125217438,0.07251405715942383,0.0023354478180408478,0.1896655112504959,0.1896655112504959,0.0012058616848662496,-1.2033745555584119e-08,6.999429225921631,308.32587361335754,88,PASS
baseline,internal_fold,5,3,0.7127329192546583,0.617015468615215,0.7706422018348623,0.7065217391304348,45.0,49.0,nan,nan,0.5989108681678772,nan,nan,nan,nan,nan,nan,nan,nan,nan,nan,nan,nan,nan,nan,nan,nan,nan,nan,nan,nan,nan,nan,nan,nan,nan,nan,nan,nan,nan,nan,nan,nan,nan,nan,nan,nan,nan,nan,nan,nan,nan,nan,nan,nan,nan,nan,nan,nan,241.95666527748108,88,PASS
crsm_corrected,internal_fold,5,3,0.7127329192546583,0.6170154730781172,0.7706422018348623,0.7065217391304348,45.0,49.0,0.0,nan,0.5989108681678772,2.0,1.0,22.917470932006836,1.0,156.0277557373047,1.8052763938903809,7.78661584854126,0.01,0.002318435115739703,0.003278762334957719,0.5,0.5,0.6931472420692444,0.5,0.5,0.6931471824645996,0.0,0.0,0.0,0.0,0.0,nan,nan,nan,nan,nan,nan,nan,nan,nan,nan,nan,nan,nan,nan,nan,nan,nan,nan,nan,nan,nan,nan,nan,nan,nan,nan,nan,241.95666527748108,88,PASS
selective_normative_deviation_experts,internal_fold,5,3,0.6930641821946171,0.661546913284197,0.6222222222222223,0.6138716356107661,45.0,49.0,nan,22.0,0.4710123836994171,nan,nan,nan,nan,nan,nan,nan,nan,nan,nan,nan,nan,nan,nan,nan,nan,nan,nan,nan,nan,nan,-0.27533555030822754,1.4927061796188354,0.002801120514050126,0.13725490868091583,0.8599439859390259,0.2294940948486328,1.5042181944480149e-09,0.9999999403953552,0.0031545741949230433,0.09148265421390533,0.9053627848625183,0.10690729320049286,0.4010569751262665,0.14081242680549622,-0.020590737462043762,-0.0035090867895632982,0.4010569751262665,0.14081242680549622,0.4255715310573578,0.17183828353881836,0.0009586322703398764,0.17087966203689575,0.2368348240852356,0.2368348240852356,0.0012303597759455442,0.0,7.2532219886779785,241.95666527748108,88,PASS
baseline,internal_fold,5,4,0.6951345755693582,0.6263029942996557,0.6206896551724138,0.6268115942028986,16.0,42.0,nan,nan,0.36140772700309753,nan,nan,nan,nan,nan,nan,nan,nan,nan,nan,nan,nan,nan,nan,nan,nan,nan,nan,nan,nan,nan,nan,nan,nan,nan,nan,nan,nan,nan,nan,nan,nan,nan,nan,nan,nan,nan,nan,nan,nan,nan,nan,nan,nan,nan,nan,nan,nan,262.8299539089203,88,PASS
crsm_corrected,internal_fold,5,4,0.6951345755693582,0.626302992569797,0.6206896551724138,0.6268115942028986,16.0,42.0,0.0,nan,0.36140772700309753,2.0,1.0,24.882402420043945,1.0,146.6374969482422,1.6597217321395874,7.751070499420166,0.01,0.0021412805654108524,0.00302822794765234,0.5,0.5,0.6931472420692444,0.5,0.5,0.6931471824645996,0.0,0.0,0.0,0.0,0.0,nan,nan,nan,nan,nan,nan,nan,nan,nan,nan,nan,nan,nan,nan,nan,nan,nan,nan,nan,nan,nan,nan,nan,nan,nan,nan,nan,262.8299539089203,88,PASS
selective_normative_deviation_experts,internal_fold,5,4,0.6946169772256728,0.6259648606419342,0.6046511627906976,0.6159420289855072,16.0,42.0,nan,6.0,0.36140772700309753,nan,nan,nan,nan,nan,nan,nan,nan,nan,nan,nan,nan,nan,nan,nan,nan,nan,nan,nan,nan,nan,0.11888426542282104,1.1476207971572876,0.11484593898057938,0.0,0.8851540684700012,0.0823558121919632,-6.768981819504916e-09,1.0,0.09463722258806229,0.0063091483898460865,0.8990536332130432,0.034682340919971466,0.05735383555293083,0.1165580153465271,0.000995222944766283,-0.005976617801934481,0.05735383555293083,0.1165580153465271,0.13004593551158905,0.059933703392744064,0.05956743285059929,0.00036627805093303323,0.19706577062606812,0.19706577062606812,0.0013916827738285065,-6.016873044245585e-08,7.7527031898498535,262.8299539089203,88,PASS
baseline,internal_fold,5,5,0.6652828230409964,0.6594218298676542,0.6190476190476191,0.6424494032174364,1.0,12.0,nan,nan,0.4492415189743042,nan,nan,nan,nan,nan,nan,nan,nan,nan,nan,nan,nan,nan,nan,nan,nan,nan,nan,nan,nan,nan,nan,nan,nan,nan,nan,nan,nan,nan,nan,nan,nan,nan,nan,nan,nan,nan,nan,nan,nan,nan,nan,nan,nan,nan,nan,nan,nan,245.95869731903076,88,PASS
crsm_corrected,internal_fold,5,5,0.6652828230409964,0.6594218247339394,0.6190476190476191,0.6424494032174364,1.0,12.0,0.0,nan,0.4492415189743042,2.0,1.0,36.94179916381836,1.0,189.5522003173828,0.7689335346221924,9.202241897583008,0.01,0.0008355937316082418,0.001181707950308919,0.5,0.5,0.6931472420692444,0.5,0.5,0.6931471824645996,0.0,0.0,0.0,0.0,0.0,nan,nan,nan,nan,nan,nan,nan,nan,nan,nan,nan,nan,nan,nan,nan,nan,nan,nan,nan,nan,nan,nan,nan,nan,nan,nan,nan,245.95869731903076,88,PASS
selective_normative_deviation_experts,internal_fold,5,5,0.6652828230409964,0.6594218252850043,0.6190476190476191,0.6424494032174364,1.0,12.0,nan,0.0,0.4492415189743042,nan,nan,nan,nan,nan,nan,nan,nan,nan,nan,nan,nan,nan,nan,nan,nan,nan,nan,nan,nan,nan,0.3179418742656708,1.2894011735916138,0.17927171289920807,0.05602240934967995,0.7647058963775635,0.0,0.0,1.0,0.08517350256443024,0.08832807838916779,0.8264984488487244,0.0,0.0,0.0,0.0,0.0,0.0,0.0,0.0,0.0,0.0,0.0,0.18949346244335175,0.18949346244335175,0.0015185230877250433,-1.2033745555584119e-08,7.141719341278076,245.95869731903076,88,PASS
baseline,internal_fold,5,6,0.6824078879086664,0.6323280616924399,0.6222222222222222,0.6149455111572393,15.0,37.0,nan,nan,0.41925370693206787,nan,nan,nan,nan,nan,nan,nan,nan,nan,nan,nan,nan,nan,nan,nan,nan,nan,nan,nan,nan,nan,nan,nan,nan,nan,nan,nan,nan,nan,nan,nan,nan,nan,nan,nan,nan,nan,nan,nan,nan,nan,nan,nan,nan,nan,nan,nan,nan,271.76783633232117,88,PASS
crsm_corrected,internal_fold,5,6,0.6824078879086664,0.6323280627861467,0.6222222222222222,0.6149455111572393,15.0,37.0,0.0,nan,0.41925373673439026,2.0,1.0,24.79427146911621,1.0,148.2128143310547,1.4822845458984375,7.118212699890137,0.01,0.0020823830273002386,0.00294493418186903,0.5,0.5,0.6931472420692444,0.5,0.5,0.6931471824645996,0.0,0.0,0.0,0.0,0.0,nan,nan,nan,nan,nan,nan,nan,nan,nan,nan,nan,nan,nan,nan,nan,nan,nan,nan,nan,nan,nan,nan,nan,nan,nan,nan,nan,271.76783633232117,88,PASS
selective_normative_deviation_experts,internal_fold,5,6,0.6735858847950181,0.7606033774592107,0.6464646464646464,0.5965230928905034,15.0,37.0,nan,17.0,0.49830904603004456,nan,nan,nan,nan,nan,nan,nan,nan,nan,nan,nan,nan,nan,nan,nan,nan,nan,nan,nan,nan,nan,0.2557438910007477,1.3567051887512207,0.15406163036823273,0.008403361774981022,0.83753502368927,0.19473953545093536,-4.512654694366347e-09,1.0,0.08832807838916779,0.0063091483898460865,0.9053627848625183,0.1115749403834343,0.1406739205121994,0.3194025158882141,-3.6906934838043526e-05,-0.01750679314136505,0.1406739205121994,0.3194025158882141,0.3494475781917572,0.15562501549720764,0.15452861785888672,0.0010964050889015198,0.2076224535703659,0.2076224535703659,0.0012044806499034166,-7.220247510986155e-08,7.280660629272461,271.76783633232117,88,PASS
baseline,internal_fold,5,7,0.6917488323819408,0.6284286257167013,0.673469387755102,0.6315516346652829,19.0,24.0,nan,nan,0.4765729308128357,nan,nan,nan,nan,nan,nan,nan,nan,nan,nan,nan,nan,nan,nan,nan,nan,nan,nan,nan,nan,nan,nan,nan,nan,nan,nan,nan,nan,nan,nan,nan,nan,nan,nan,nan,nan,nan,nan,nan,nan,nan,nan,nan,nan,nan,nan,nan,nan,337.60966897010803,88,PASS
crsm_corrected,internal_fold,5,7,0.6917488323819408,0.6284286288918808,0.673469387755102,0.6315516346652829,19.0,24.0,0.0,nan,0.4765729308128357,2.0,1.0,24.83059310913086,1.0,142.81301879882812,1.2408013343811035,6.166450023651123,0.01,0.002012181095778942,0.002845653798431158,0.5,0.5,0.6931472420692444,0.5,0.5,0.6931471824645996,0.0,0.0,0.0,0.0,0.0,nan,nan,nan,nan,nan,nan,nan,nan,nan,nan,nan,nan,nan,nan,nan,nan,nan,nan,nan,nan,nan,nan,nan,nan,nan,nan,nan,337.60966897010803,88,PASS
selective_normative_deviation_experts,internal_fold,5,7,0.67618059159315,0.6323010781159024,0.6666666666666666,0.6193565127140633,19.0,24.0,nan,59.0,0.4765729308128357,nan,nan,nan,nan,nan,nan,nan,nan,nan,nan,nan,nan,nan,nan,nan,nan,nan,nan,nan,nan,nan,-0.1684894561767578,1.2720426321029663,0.002801120514050126,0.1120448186993599,0.8851540684700012,0.3040943443775177,1.0529527472158406e-08,1.0000001192092896,0.0,0.08832807838916779,0.9116719365119934,0.20804420113563538,0.9035294651985168,0.3596065044403076,0.04628276824951172,-0.016355877742171288,0.9035294651985168,0.3596065044403076,0.9737001061439514,0.25891944766044617,0.002487639430910349,0.25643181800842285,0.19379468262195587,0.19379468262195587,0.001399993197992444,8.423621977726725e-08,7.419188499450684,337.60966897010803,88,PASS
baseline,internal_fold,5,8,0.5376232485729113,0.7194798598475834,0.5434782608695652,0.5220550077841204,10.0,12.0,nan,nan,0.4755372107028961,nan,nan,nan,nan,nan,nan,nan,nan,nan,nan,nan,nan,nan,nan,nan,nan,nan,nan,nan,nan,nan,nan,nan,nan,nan,nan,nan,nan,nan,nan,nan,nan,nan,nan,nan,nan,nan,nan,nan,nan,nan,nan,nan,nan,nan,nan,nan,nan,332.0899031162262,88,PASS
crsm_corrected,internal_fold,5,8,0.5376232485729113,0.7194798643906619,0.5434782608695652,0.5220550077841204,10.0,12.0,0.0,nan,0.4755372405052185,2.0,1.0,28.138280868530273,1.0,164.34263610839844,0.8839172720909119,7.654860496520996,0.01,0.0011547136818990111,0.0016330117359757423,0.5,0.5,0.6931472420692444,0.5,0.5,0.6931471824645996,0.0,0.0,0.0,0.0,0.0,nan,nan,nan,nan,nan,nan,nan,nan,nan,nan,nan,nan,nan,nan,nan,nan,nan,nan,nan,nan,nan,nan,nan,nan,nan,nan,nan,332.0899031162262,88,PASS
selective_normative_deviation_experts,internal_fold,5,8,0.538661131292164,0.7584738409138929,0.5319148936170213,0.49766476388168135,10.0,12.0,nan,56.0,0.48073574900627136,nan,nan,nan,nan,nan,nan,nan,nan,nan,nan,nan,nan,nan,nan,nan,nan,nan,nan,nan,nan,nan,-0.5029625296592712,1.7099483013153076,0.02521008439362049,0.15126051008701324,0.8235294222831726,0.4988693296909332,3.0084363888960297e-09,0.9999999403953552,0.05678233504295349,0.08201892673969269,0.8611987829208374,0.2183050960302353,0.460624635219574,0.3363298773765564,-0.04598195105791092,-0.009920632466673851,0.460624635219574,0.3363298773765564,0.572281002998352,0.36691251397132874,0.07532113790512085,0.2915914058685303,0.17521634697914124,0.17521634697914124,0.001364304800517857,6.016873044245585e-08,5.361067295074463,332.0899031162262,88,PASS
baseline,internal_fold,5,9,0.7415672029060717,0.6016445609959532,0.6875000000000001,0.6559418785677218,29.0,41.0,nan,nan,0.42662519216537476,nan,nan,nan,nan,nan,nan,nan,nan,nan,nan,nan,nan,nan,nan,nan,nan,nan,nan,nan,nan,nan,nan,nan,nan,nan,nan,nan,nan,nan,nan,nan,nan,nan,nan,nan,nan,nan,nan,nan,nan,nan,nan,nan,nan,nan,nan,nan,nan,303.2702615261078,88,PASS
crsm_corrected,internal_fold,5,9,0.7400103788271924,0.6041398796925196,0.6875000000000001,0.6559418785677218,29.0,41.0,3.0,nan,0.40578922629356384,2.0,1.0,23.314746856689453,1.0,160.9657440185547,1.7207032442092896,8.437602043151855,0.01,0.002039327286183834,0.00288404431194067,0.49853798747062683,0.5014620423316956,0.6929282546043396,0.5000007152557373,0.49999934434890747,0.6930426359176636,0.04019444063305855,0.04046403989195824,0.9790478944778442,-0.0001385434006806463,-0.0001379602908855304,nan,nan,nan,nan,nan,nan,nan,nan,nan,nan,nan,nan,nan,nan,nan,nan,nan,nan,nan,nan,nan,nan,nan,nan,nan,nan,nan,303.2702615261078,88,PASS
selective_normative_deviation_experts,internal_fold,5,9,0.7509081473793461,0.5958831649606232,0.6875000000000001,0.6559418785677218,29.0,41.0,nan,7.0,0.42662519216537476,nan,nan,nan,nan,nan,nan,nan,nan,nan,nan,nan,nan,nan,nan,nan,nan,nan,nan,nan,nan,nan,0.17145749926567078,1.2238696813583374,0.14845938980579376,0.005602241028100252,0.8459383845329285,0.12910060584545135,-3.0084363888960297e-09,1.0,0.10094637423753738,0.0063091483898460865,0.8927444815635681,0.07411351799964905,0.08237770199775696,0.1355123370885849,0.0020517196971923113,0.006928250193595886,0.08237770199775696,0.1355123370885849,0.15875104069709778,0.10323872417211533,0.10290443152189255,0.00033428490860387683,0.20559802651405334,0.20559802651405334,0.0012670096475630999,-4.8134982222336475e-08,7.652729511260986,303.2702615261078,88,PASS
baseline,internal_oof,5,all,0.7057557854544516,0.6197399532605128,0.6549835706462213,0.6430200459224478,25.7,32.9,nan,nan,nan,nan,nan,nan,nan,nan,nan,nan,nan,nan,nan,nan,nan,nan,nan,nan,nan,nan,nan,nan,nan,nan,nan,nan,nan,nan,nan,nan,nan,nan,nan,nan,nan,nan,nan,nan,nan,nan,nan,nan,nan,nan,nan,nan,nan,nan,nan,nan,nan,294.2451874732971,882,PASS
crsm_corrected,internal_oof,5,all,0.7052346430690642,0.6199889204587562,0.6549835706462213,0.6430200459224478,25.7,32.9,0.3,nan,nan,2.0,1.0,25.67707691192627,1.0,153.11630859375,1.4005408942699433,7.609360837936402,0.009999999999999998,0.0018679803179111332,0.002641723118722439,0.4998537987470627,0.5001462042331696,0.6931253433227539,0.5000000715255737,0.49999993443489077,0.693136727809906,0.004019444063305855,0.004046403989195824,0.09790478944778443,-1.385434006806463e-05,-1.3796029088553042e-05,nan,nan,nan,nan,nan,nan,nan,nan,nan,nan,nan,nan,nan,nan,nan,nan,nan,nan,nan,nan,nan,nan,nan,nan,nan,nan,nan,294.2451874732971,882,PASS
selective_normative_deviation_experts,internal_oof,5,all,0.7026186114909315,0.6450871217581922,0.6394707828004411,0.629769613787054,25.7,32.9,nan,31.9,nan,nan,nan,nan,nan,nan,nan,nan,nan,nan,nan,nan,nan,nan,nan,nan,nan,nan,nan,nan,nan,nan,0.05959131866693497,1.3465603470802308,0.10392157160677015,0.04817927316762507,0.8478991687297821,0.20432427003979683,-1.353796397207674e-09,1.0000000178813935,0.07097791864071042,0.03817034799139947,0.8908517479896545,0.10384330060333014,0.2593273751437664,0.34035088010132314,-0.004481149280400132,-0.012140661454759538,0.2593273751437664,0.34035088010132314,0.46843556091189387,0.1570654083043337,0.08425212447182276,0.07281328875105827,0.20291594713926314,0.20291594713926314,0.0013120617717504502,-2.3465803700162268e-08,7.169214344024658,294.2451874732971,882,PASS
baseline,caltech,5,external,0.6286549707602339,0.6977036998435725,0.6190476190476191,0.564327485380117,21.0,75.0,nan,nan,0.5531317591667175,nan,nan,nan,nan,nan,nan,nan,nan,nan,nan,nan,nan,nan,nan,nan,nan,nan,nan,nan,nan,nan,nan,nan,nan,nan,nan,nan,nan,nan,nan,nan,nan,nan,nan,nan,nan,nan,nan,nan,nan,nan,nan,nan,nan,nan,nan,nan,nan,467.0426621437073,37,PASS
crsm_corrected,caltech,5,external,0.6315789473684211,0.7012854465019863,0.6341463414634148,0.5921052631578947,21.0,75.0,3.0,nan,0.5401735305786133,2.0,1.0,23.43962287902832,1.0,161.25990295410156,2.1755385398864746,7.595975399017334,0.01,0.0028640672098845243,0.004050402902066708,0.5033043622970581,0.4966956675052643,0.6928181052207947,0.4999992251396179,0.5000007748603821,0.6930038928985596,0.040728889405727386,0.040026284754276276,0.9711053371429443,-0.00013680156553164124,-0.0001389954995829612,nan,nan,nan,nan,nan,nan,nan,nan,nan,nan,nan,nan,nan,nan,nan,nan,nan,nan,nan,nan,nan,nan,nan,nan,nan,nan,nan,467.0426621437073,37,PASS
selective_normative_deviation_experts,caltech,5,external,0.6491228070175439,0.7695255745590613,0.6666666666666666,0.618421052631579,21.0,75.0,nan,149.0,0.5531317591667175,nan,nan,nan,nan,nan,nan,nan,nan,nan,nan,nan,nan,nan,nan,nan,nan,nan,nan,nan,nan,nan,0.2531980872154236,1.2767887115478516,0.15238095819950104,0.0023809524718672037,0.8452381491661072,0.445475310087204,-9.587878935235494e-09,1.0,0.09919571131467819,0.002680965233594179,0.8981233239173889,0.2561136484146118,0.7385929226875305,1.9033796787261963,-0.07177984714508057,-0.10964128375053406,0.7385929226875305,1.9033796787261963,2.045861005783081,0.3564060628414154,0.35502371191978455,0.0013823629124090075,0.1974426507949829,0.1974426507949829,0.001262123347260058,-9.20436349360898e-08,7.387938499450684,467.0426621437073,37,PASS
baseline,abide2,5,external,0.7526182432432432,0.5885210209978039,0.7352941176470588,0.6617628992628992,21.0,75.0,nan,nan,0.5531317591667175,nan,nan,nan,nan,nan,nan,nan,nan,nan,nan,nan,nan,nan,nan,nan,nan,nan,nan,nan,nan,nan,nan,nan,nan,nan,nan,nan,nan,nan,nan,nan,nan,nan,nan,nan,nan,nan,nan,nan,nan,nan,nan,nan,nan,nan,nan,nan,nan,467.0426621437073,727,PASS
crsm_corrected,abide2,5,external,0.7522650491400492,0.5891638280768391,0.7367231638418079,0.6629914004914005,21.0,75.0,3.0,nan,0.5401735305786133,2.0,1.0,23.43962287902832,1.0,161.25990295410156,2.1755385398864746,7.595975399017334,0.01,0.0028640672098845243,0.004050402902066708,0.5033043622970581,0.4966956675052643,0.6928181052207947,0.4999992251396179,0.5000007748603821,0.6930038928985596,0.040728889405727386,0.040026284754276276,0.9711053371429443,-0.00013680156553164124,-0.0001389954995829612,nan,nan,nan,nan,nan,nan,nan,nan,nan,nan,nan,nan,nan,nan,nan,nan,nan,nan,nan,nan,nan,nan,nan,nan,nan,nan,nan,467.0426621437073,727,PASS
selective_normative_deviation_experts,abide2,5,external,0.7313651719901721,0.6662950008157633,0.7180667433831992,0.6489173832923834,21.0,75.0,nan,149.0,0.5531317591667175,nan,nan,nan,nan,nan,nan,nan,nan,nan,nan,nan,nan,nan,nan,nan,nan,nan,nan,nan,nan,nan,0.2531980872154236,1.2767887115478516,0.15238095819950104,0.0023809524718672037,0.8452381491661072,0.445475310087204,-9.587878935235494e-09,1.0,0.09919571131467819,0.002680965233594179,0.8981233239173889,0.2561136484146118,0.7385929226875305,1.9033796787261963,-0.07177984714508057,-0.10964128375053406,0.7385929226875305,1.9033796787261963,2.045861005783081,0.3564060628414154,0.35502371191978455,0.0013823629124090075,0.1974426507949829,0.1974426507949829,0.001262123347260058,-9.20436349360898e-08,7.387938499450684,467.0426621437073,727,PASS
baseline,internal_fold,6,0,0.6970618034447822,0.6123748045469573,0.48484848484848486,0.6344984802431611,46.0,31.0,nan,nan,0.34108519554138184,nan,nan,nan,nan,nan,nan,nan,nan,nan,nan,nan,nan,nan,nan,nan,nan,nan,nan,nan,nan,nan,nan,nan,nan,nan,nan,nan,nan,nan,nan,nan,nan,nan,nan,nan,nan,nan,nan,nan,nan,nan,nan,nan,nan,nan,nan,nan,nan,307.245099067688,89,PASS
crsm_corrected,internal_fold,6,0,0.6970618034447822,0.6123748094197099,0.48484848484848486,0.6344984802431611,46.0,31.0,0.0,nan,0.34108516573905945,2.0,1.0,22.808156967163086,1.0,153.54061889648438,1.3382102251052856,7.457845211029053,0.01,0.0017943658167496324,0.002537616528570652,0.5,0.5,0.6931472420692444,0.5,0.5,0.6931471824645996,0.0,0.0,0.0,0.0,0.0,nan,nan,nan,nan,nan,nan,nan,nan,nan,nan,nan,nan,nan,nan,nan,nan,nan,nan,nan,nan,nan,nan,nan,nan,nan,nan,nan,307.245099067688,89,PASS
selective_normative_deviation_experts,internal_fold,6,0,0.7122593718338399,0.6092765157968527,0.6597938144329897,0.6261398176291793,46.0,31.0,nan,2.0,0.48218896985054016,nan,nan,nan,nan,nan,nan,nan,nan,nan,nan,nan,nan,nan,nan,nan,nan,nan,nan,nan,nan,nan,-0.14833641052246094,1.1624557971954346,0.0,0.12324929982423782,0.8767507076263428,0.07071462273597717,9.025309388732694e-09,1.0000001192092896,0.0031545741949230433,0.09779179841279984,0.8990536332130432,0.013461796566843987,0.03895481303334236,0.028653061017394066,-0.001998486462980509,0.001865206053480506,0.03895481303334236,0.028653061017394066,0.048434991389513016,0.04378710314631462,5.681600305251777e-05,0.04373028501868248,0.20633578300476074,0.20633578300476074,0.0012817190727218986,8.423621977726725e-08,7.948663711547852,307.245099067688,89,PASS
baseline,internal_fold,6,1,0.7117527862208713,0.6579636113345928,0.6739130434782609,0.6631205673758864,10.0,80.0,nan,nan,0.4558795988559723,nan,nan,nan,nan,nan,nan,nan,nan,nan,nan,nan,nan,nan,nan,nan,nan,nan,nan,nan,nan,nan,nan,nan,nan,nan,nan,nan,nan,nan,nan,nan,nan,nan,nan,nan,nan,nan,nan,nan,nan,nan,nan,nan,nan,nan,nan,nan,nan,272.8774046897888,89,PASS
crsm_corrected,internal_fold,6,1,0.7147922998986829,0.6653533538694211,0.6739130434782609,0.6631205673758864,10.0,80.0,5.0,nan,0.4289112687110901,2.0,1.0,27.073017120361328,1.0,142.18104553222656,2.4634809494018555,7.513606548309326,0.01,0.00327869295142591,0.004636771976947784,0.5010696053504944,0.4989304542541504,0.6927047371864319,0.49999764561653137,0.5000024437904358,0.6929500102996826,0.06659922748804092,0.06651327759027481,0.9771219491958618,-0.00022649418679066002,-0.00022644961427431554,nan,nan,nan,nan,nan,nan,nan,nan,nan,nan,nan,nan,nan,nan,nan,nan,nan,nan,nan,nan,nan,nan,nan,nan,nan,nan,nan,272.8774046897888,89,PASS
selective_normative_deviation_experts,internal_fold,6,1,0.7087132725430597,0.6971348569145314,0.7238095238095238,0.6661600810536981,10.0,80.0,nan,6.0,0.577782392501831,nan,nan,nan,nan,nan,nan,nan,nan,nan,nan,nan,nan,nan,nan,nan,nan,nan,nan,nan,nan,nan,-0.31222596764564514,1.392892837524414,0.05882352963089943,0.15406163036823273,0.7871148586273193,0.17911893129348755,6.0168727777920594e-09,0.9999999403953552,0.05678233504295349,0.06940063089132309,0.8738170266151428,0.07376109063625336,0.0837612897157669,0.06302671134471893,-0.0007271927315741777,0.002432461827993393,0.0837612897157669,0.06302671134471893,0.10485593229532242,0.12956635653972626,0.034951116889715195,0.09461523592472076,0.13822874426841736,0.13822874426841736,0.0013274874072521925,6.016873044245585e-08,6.019576549530029,272.8774046897888,89,PASS
baseline,internal_fold,6,2,0.7256728778467909,0.5931208698414705,0.5897435897435898,0.6428571428571428,32.0,42.0,nan,nan,0.36581748723983765,nan,nan,nan,nan,nan,nan,nan,nan,nan,nan,nan,nan,nan,nan,nan,nan,nan,nan,nan,nan,nan,nan,nan,nan,nan,nan,nan,nan,nan,nan,nan,nan,nan,nan,nan,nan,nan,nan,nan,nan,nan,nan,nan,nan,nan,nan,nan,nan,262.80469131469727,88,PASS
crsm_corrected,internal_fold,6,2,0.7256728778467909,0.5931208719209065,0.5897435897435898,0.6428571428571428,32.0,42.0,0.0,nan,0.36581751704216003,2.0,1.0,24.64919662475586,1.0,132.0825653076172,1.6279624700546265,6.480623722076416,0.01,0.0025120459031313658,0.003552569542080164,0.5,0.5,0.6931472420692444,0.5,0.5,0.6931471824645996,0.0,0.0,0.0,0.0,0.0,nan,nan,nan,nan,nan,nan,nan,nan,nan,nan,nan,nan,nan,nan,nan,nan,nan,nan,nan,nan,nan,nan,nan,nan,nan,nan,nan,262.80469131469727,88,PASS
selective_normative_deviation_experts,internal_fold,6,2,0.7587991718426501,0.5707658353063836,0.6329113924050633,0.6765010351966874,32.0,42.0,nan,32.0,0.36581751704216003,nan,nan,nan,nan,nan,nan,nan,nan,nan,nan,nan,nan,nan,nan,nan,nan,nan,nan,nan,nan,nan,0.21731732785701752,1.2765737771987915,0.12044817954301834,0.002801120514050126,0.8767507076263428,0.1664608269929886,-7.521090972240074e-10,1.0,0.07886435836553574,0.0,0.921135663986206,0.12057948112487793,0.14548605680465698,0.6069789528846741,0.00012922502355650067,0.03168989345431328,0.14548605680465698,0.6069789528846741,0.6249751448631287,0.14488160610198975,0.14482609927654266,5.5500175221823156e-05,0.2208937108516693,0.2208937108516693,0.0012536313151940703,-6.618559922344502e-08,7.629380226135254,262.80469131469727,88,PASS
baseline,internal_fold,6,3,0.6873706004140787,0.6296687871066132,0.6265060240963856,0.6516563146997929,36.0,17.0,nan,nan,0.44836628437042236,nan,nan,nan,nan,nan,nan,nan,nan,nan,nan,nan,nan,nan,nan,nan,nan,nan,nan,nan,nan,nan,nan,nan,nan,nan,nan,nan,nan,nan,nan,nan,nan,nan,nan,nan,nan,nan,nan,nan,nan,nan,nan,nan,nan,nan,nan,nan,nan,251.73422646522522,88,PASS
crsm_corrected,internal_fold,6,3,0.6873706004140787,0.6296687885865403,0.6265060240963856,0.6516563146997929,36.0,17.0,0.0,nan,0.4483662545681,2.0,1.0,22.866008758544922,1.0,149.5306396484375,0.9756072163581848,7.529877185821533,0.01,0.0012956481659784913,0.0018323231488466263,0.5,0.5,0.6931472420692444,0.5,0.5,0.6931471824645996,0.0,0.0,0.0,0.0,0.0,nan,nan,nan,nan,nan,nan,nan,nan,nan,nan,nan,nan,nan,nan,nan,nan,nan,nan,nan,nan,nan,nan,nan,nan,nan,nan,nan,251.73422646522522,88,PASS
selective_normative_deviation_experts,internal_fold,6,3,0.6873706004140787,0.6296687904874557,0.6265060240963856,0.6516563146997929,36.0,17.0,nan,0.0,0.4483662545681,nan,nan,nan,nan,nan,nan,nan,nan,nan,nan,nan,nan,nan,nan,nan,nan,nan,nan,nan,nan,nan,-0.31182679533958435,1.4111618995666504,0.002801120514050126,0.16526611149311066,0.831932783126831,0.0,-7.521091305306982e-09,1.0,0.0031545741949230433,0.08517350256443024,0.9116719365119934,0.0,0.0,0.0,0.0,0.0,0.0,0.0,0.0,0.0,0.0,0.0,0.19006317853927612,0.19006317853927612,0.0012587648816406727,1.203374608849117e-07,6.960306644439697,251.73422646522522,88,PASS
baseline,internal_fold,6,4,0.7981366459627329,0.569227003030138,0.6829268292682927,0.7091097308488613,6.0,14.0,nan,nan,0.44319233298301697,nan,nan,nan,nan,nan,nan,nan,nan,nan,nan,nan,nan,nan,nan,nan,nan,nan,nan,nan,nan,nan,nan,nan,nan,nan,nan,nan,nan,nan,nan,nan,nan,nan,nan,nan,nan,nan,nan,nan,nan,nan,nan,nan,nan,nan,nan,nan,nan,306.068767786026,88,PASS
crsm_corrected,internal_fold,6,4,0.7986542443064182,0.5674965267063766,0.641025641025641,0.6884057971014492,6.0,14.0,1.0,nan,0.41675281524658203,2.0,1.0,35.097129821777344,1.0,156.9132080078125,0.8364507555961609,7.015561580657959,0.01,0.0011922790436074138,0.001686137169599533,0.4972158968448639,0.5027841329574585,0.6930906772613525,0.5,0.5,0.6931067705154419,0.013331392779946327,0.013898245058953762,0.970727801322937,4.999992233933881e-05,4.9999929615296423e-05,nan,nan,nan,nan,nan,nan,nan,nan,nan,nan,nan,nan,nan,nan,nan,nan,nan,nan,nan,nan,nan,nan,nan,nan,nan,nan,nan,306.068767786026,88,PASS
selective_normative_deviation_experts,internal_fold,6,4,0.7784679089026916,0.6024126378608677,0.65,0.6873706004140787,6.0,14.0,nan,114.0,0.4247290790081024,nan,nan,nan,nan,nan,nan,nan,nan,nan,nan,nan,nan,nan,nan,nan,nan,nan,nan,nan,nan,nan,-0.3714391589164734,1.3842271566390991,0.016806723549962044,0.1736694723367691,0.8095238208770752,0.5303307771682739,6.0168727777920594e-09,0.9999999403953552,0.04416403919458389,0.10410095006227493,0.8517350554466248,0.21367619931697845,0.9843791723251343,0.5615850687026978,-0.07837831974029541,-0.004395752213895321,0.9843791723251343,0.5615850687026978,1.136020541191101,0.3813997209072113,0.055323999375104904,0.3260757327079773,0.21201856434345245,0.21201856434345245,0.0014738189056515694,0.0,6.955792427062988,306.068767786026,88,PASS
baseline,internal_fold,6,5,0.7929423975090815,0.5733137679084515,0.7843137254901961,0.7426050856253243,28.0,15.0,nan,nan,0.5244224667549133,nan,nan,nan,nan,nan,nan,nan,nan,nan,nan,nan,nan,nan,nan,nan,nan,nan,nan,nan,nan,nan,nan,nan,nan,nan,nan,nan,nan,nan,nan,nan,nan,nan,nan,nan,nan,nan,nan,nan,nan,nan,nan,nan,nan,nan,nan,nan,nan,320.30116081237793,88,PASS
crsm_corrected,internal_fold,6,5,0.7924234561494551,0.5698406221190817,0.7722772277227723,0.7319667877529838,28.0,15.0,2.0,nan,0.5148940086364746,2.0,1.0,23.53385353088379,1.0,149.81649780273438,0.9196417331695557,7.427596569061279,0.01,0.0012381417909637094,0.0017509969184175134,0.5018772482872009,0.4981227219104767,0.6930856108665466,0.5000000596046448,0.49999991059303284,0.6931268572807312,0.027217350900173187,0.026867782697081566,0.9877890348434448,-9.68163221841678e-05,-9.734824561746791e-05,nan,nan,nan,nan,nan,nan,nan,nan,nan,nan,nan,nan,nan,nan,nan,nan,nan,nan,nan,nan,nan,nan,nan,nan,nan,nan,nan,320.30116081237793,88,PASS
selective_normative_deviation_experts,internal_fold,6,5,0.7929423975090815,0.5733137709176261,0.7843137254901961,0.7426050856253243,28.0,15.0,nan,0.0,0.5244224667549133,nan,nan,nan,nan,nan,nan,nan,nan,nan,nan,nan,nan,nan,nan,nan,nan,nan,nan,nan,nan,nan,0.31322795152664185,1.3678631782531738,0.16806723177433014,0.005602241028100252,0.8263305425643921,0.0,-6.0168727777920594e-09,1.0,0.10725552588701248,0.012618296779692173,0.8801261782646179,0.0,0.0,0.0,0.0,0.0,0.0,0.0,0.0,0.0,0.0,0.0,0.18323667347431183,0.18323667347431183,0.0013144516851752996,-2.4067491111168238e-08,6.366038799285889,320.30116081237793,88,PASS
baseline,internal_fold,6,6,0.6637259989621173,0.693262738094382,0.6739130434782609,0.6590555267254801,25.0,51.0,nan,nan,0.46763795614242554,nan,nan,nan,nan,nan,nan,nan,nan,nan,nan,nan,nan,nan,nan,nan,nan,nan,nan,nan,nan,nan,nan,nan,nan,nan,nan,nan,nan,nan,nan,nan,nan,nan,nan,nan,nan,nan,nan,nan,nan,nan,nan,nan,nan,nan,nan,nan,nan,251.81920671463013,88,PASS
crsm_corrected,internal_fold,6,6,0.6637259989621173,0.6932627352387818,0.6739130434782609,0.6590555267254801,25.0,51.0,0.0,nan,0.4676379859447479,2.0,1.0,24.212913513183594,1.0,152.10989379882812,1.9078913927078247,7.261117935180664,0.01,0.0026275450363755226,0.0037159102503210306,0.5,0.5,0.6931472420692444,0.5,0.5,0.6931471824645996,0.0,0.0,0.0,0.0,0.0,nan,nan,nan,nan,nan,nan,nan,nan,nan,nan,nan,nan,nan,nan,nan,nan,nan,nan,nan,nan,nan,nan,nan,nan,nan,nan,nan,251.81920671463013,88,PASS
selective_normative_deviation_experts,internal_fold,6,6,0.6637259989621173,0.6932627380399885,0.6739130434782609,0.6590555267254801,25.0,51.0,nan,0.0,0.4676379859447479,nan,nan,nan,nan,nan,nan,nan,nan,nan,nan,nan,nan,nan,nan,nan,nan,nan,nan,nan,nan,nan,0.16259637475013733,1.3152703046798706,0.1120448186993599,0.0,0.8879551887512207,0.0,3.0084363888960297e-09,1.0,0.08517350256443024,0.0063091483898460865,0.9085173606872559,0.0,0.0,0.0,0.0,0.0,0.0,0.0,0.0,0.0,0.0,0.0,0.20713147521018982,0.20713147521018982,0.0013609800953418016,-1.203374608849117e-07,7.49398946762085,251.81920671463013,88,PASS
baseline,internal_fold,6,7,0.6268811624286456,0.6653597697018815,0.7027027027027027,0.6100155682407888,41.0,27.0,nan,nan,0.5696607828140259,nan,nan,nan,nan,nan,nan,nan,nan,nan,nan,nan,nan,nan,nan,nan,nan,nan,nan,nan,nan,nan,nan,nan,nan,nan,nan,nan,nan,nan,nan,nan,nan,nan,nan,nan,nan,nan,nan,nan,nan,nan,nan,nan,nan,nan,nan,nan,nan,280.07896280288696,88,PASS
crsm_corrected,internal_fold,6,7,0.6268811624286456,0.6653597681689019,0.7027027027027027,0.6100155682407888,41.0,27.0,0.0,nan,0.5696607828140259,2.0,1.0,23.025691986083984,1.0,140.26963806152344,1.3027273416519165,7.418213367462158,0.01,0.0017561200074851513,0.00248352880589664,0.5,0.5,0.6931472420692444,0.5,0.5,0.6931471824645996,0.0,0.0,0.0,0.0,0.0,nan,nan,nan,nan,nan,nan,nan,nan,nan,nan,nan,nan,nan,nan,nan,nan,nan,nan,nan,nan,nan,nan,nan,nan,nan,nan,nan,280.07896280288696,88,PASS
selective_normative_deviation_experts,internal_fold,6,7,0.6294758692267775,0.6640196656897359,0.6909090909090909,0.5993772703684483,41.0,27.0,nan,3.0,0.5696607828140259,nan,nan,nan,nan,nan,nan,nan,nan,nan,nan,nan,nan,nan,nan,nan,nan,nan,nan,nan,nan,nan,0.15623526275157928,1.3130890130996704,0.12044817954301834,0.0,0.8795518279075623,0.03327689319849014,-5.264763736079203e-09,0.9999999403953552,0.09148265421390533,0.0,0.9085173606872559,0.033358070999383926,0.03546169400215149,0.05848032981157303,0.00041358559974469244,0.002986823907122016,0.03546169400215149,0.05848032981157303,0.06845854967832565,0.03331507369875908,0.03331507369875908,0.0,0.21570594608783722,0.21570594608783722,0.0012445535976439714,-1.203374608849117e-07,7.456378936767578,280.07896280288696,88,PASS
baseline,internal_fold,6,8,0.6990140114167099,0.6369666139932355,0.7272727272727273,0.6878567721847431,9.0,15.0,nan,nan,0.49492213129997253,nan,nan,nan,nan,nan,nan,nan,nan,nan,nan,nan,nan,nan,nan,nan,nan,nan,nan,nan,nan,nan,nan,nan,nan,nan,nan,nan,nan,nan,nan,nan,nan,nan,nan,nan,nan,nan,nan,nan,nan,nan,nan,nan,nan,nan,nan,nan,nan,279.6705060005188,88,PASS
crsm_corrected,internal_fold,6,8,0.6990140114167099,0.6369666093827049,0.7272727272727273,0.6878567721847431,9.0,15.0,0.0,nan,0.4949221611022949,2.0,1.0,27.811363220214844,1.0,133.03526306152344,0.88999342918396,6.906655311584473,0.01,0.0012886025942862034,0.0018223592778667808,0.5,0.5,0.6931472420692444,0.5,0.5,0.6931471824645996,0.0,0.0,0.0,0.0,0.0,nan,nan,nan,nan,nan,nan,nan,nan,nan,nan,nan,nan,nan,nan,nan,nan,nan,nan,nan,nan,nan,nan,nan,nan,nan,nan,nan,279.6705060005188,88,PASS
selective_normative_deviation_experts,internal_fold,6,8,0.6689154125583809,0.7963934905919484,0.72,0.6756616502335235,9.0,15.0,nan,21.0,0.4949221611022949,nan,nan,nan,nan,nan,nan,nan,nan,nan,nan,nan,nan,nan,nan,nan,nan,nan,nan,nan,nan,nan,0.24493597447872162,1.3808221817016602,0.12885154783725739,0.005602241028100252,0.8655462265014648,0.24478384852409363,0.0,1.0,0.09148265421390533,0.0,0.9085173606872559,0.13775208592414856,0.1565299928188324,0.3982418477535248,-0.0010591527679935098,0.020457498729228973,0.1565299928188324,0.3982418477535248,0.4283898174762726,0.1944439709186554,0.19259625673294067,0.001847735489718616,0.1938718557357788,0.1938718557357788,0.0012370485346764326,1.8050618777465388e-08,7.272111415863037,279.6705060005188,88,PASS
baseline,internal_fold,6,9,0.6959003632589517,0.6378184638554544,0.6666666666666666,0.6331084587441619,40.0,56.0,nan,nan,0.47801488637924194,nan,nan,nan,nan,nan,nan,nan,nan,nan,nan,nan,nan,nan,nan,nan,nan,nan,nan,nan,nan,nan,nan,nan,nan,nan,nan,nan,nan,nan,nan,nan,nan,nan,nan,nan,nan,nan,nan,nan,nan,nan,nan,nan,nan,nan,nan,nan,nan,486.4467658996582,88,PASS
crsm_corrected,internal_fold,6,9,0.6959003632589517,0.6378184677678763,0.6666666666666666,0.6331084587441619,40.0,56.0,0.0,nan,0.47801485657691956,2.0,1.0,22.92283821105957,1.0,146.21441650390625,2.0176427364349365,7.734481334686279,0.01,0.0026086336001753807,0.0036891649942845106,0.5,0.5,0.6931472420692444,0.5,0.5,0.6931471824645996,0.0,0.0,0.0,0.0,0.0,nan,nan,nan,nan,nan,nan,nan,nan,nan,nan,nan,nan,nan,nan,nan,nan,nan,nan,nan,nan,nan,nan,nan,nan,nan,nan,nan,486.4467658996582,88,PASS
selective_normative_deviation_experts,internal_fold,6,9,0.7114686040477426,0.6276936892259567,0.6804123711340208,0.6437467566165023,40.0,56.0,nan,149.0,0.47801485657691956,nan,nan,nan,nan,nan,nan,nan,nan,nan,nan,nan,nan,nan,nan,nan,nan,nan,nan,nan,nan,nan,0.16835090517997742,1.261101245880127,0.13165266811847687,0.0,0.8683473467826843,0.39907729625701904,0.0,0.9999999403953552,0.09148265421390533,0.0,0.9085173606872559,0.2904122471809387,0.6151366233825684,0.0,-0.05101659521460533,0.0,0.6151366233825684,0.0,0.61724853515625,0.34796929359436035,0.34796929359436035,0.0,0.2160320281982422,0.2160320281982422,0.0013334773248061538,-7.220247510986155e-08,7.742800712585449,486.4467658996582,88,PASS
baseline,internal_oof,6,all,0.7094502205825444,0.6269263766487994,0.6703662597114317,0.6643043265137638,27.3,34.8,nan,nan,nan,nan,nan,nan,nan,nan,nan,nan,nan,nan,nan,nan,nan,nan,nan,nan,nan,nan,nan,nan,nan,nan,nan,nan,nan,nan,nan,nan,nan,nan,nan,nan,nan,nan,nan,nan,nan,nan,nan,nan,nan,nan,nan,nan,nan,nan,nan,nan,nan,301.90467915534975,882,PASS
crsm_corrected,internal_oof,6,all,0.7100848791310853,0.627152871704258,0.6651785714285714,0.6612264905446197,27.3,34.8,0.8,nan,nan,2.0,1.0,25.40001697540283,1.0,145.5693786621094,1.4279608249664306,7.274557876586914,0.009999999999999998,0.001959207491017878,0.0027707378612831235,0.500016275048256,0.49998373091220855,0.6930911719799042,0.49999977052211764,0.5000002354383468,0.6931213915348053,0.010714797116816045,0.010727930534631013,0.29356387853622434,-2.7331058663548902e-05,-2.7379793027648703e-05,nan,nan,nan,nan,nan,nan,nan,nan,nan,nan,nan,nan,nan,nan,nan,nan,nan,nan,nan,nan,nan,nan,nan,nan,nan,nan,nan,301.90467915534975,882,PASS
selective_normative_deviation_experts,internal_oof,6,all,0.7104770258765254,0.6464096446325056,0.6878306878306879,0.6636283893604396,27.3,34.8,nan,32.7,nan,nan,nan,nan,nan,nan,nan,nan,nan,nan,nan,nan,nan,nan,nan,nan,nan,nan,nan,nan,nan,nan,0.01188354641199112,1.326545739173889,0.08599439992103726,0.06302521165926009,0.8509804010391235,0.162376319617033,4.512654416810591e-10,0.9999999880790711,0.06529968720860779,0.03753943271003664,0.8971608936786651,0.0883000971749425,0.2059709642082453,0.17169659715145827,-0.013263693629414774,0.005503613175824285,0.2059709642082453,0.17169659715145827,0.30283835120499136,0.1275363124907017,0.08090386555704754,0.0466324489316321,0.19835179597139357,0.19835179597139357,0.0013085932820104062,-1.2033745733219802e-08,7.184503889083862,301.90467915534975,882,PASS
baseline,caltech,6,external,0.6871345029239767,0.6361808210422771,0.6829268292682926,0.6461988304093567,31.0,28.0,nan,nan,0.5158495903015137,nan,nan,nan,nan,nan,nan,nan,nan,nan,nan,nan,nan,nan,nan,nan,nan,nan,nan,nan,nan,nan,nan,nan,nan,nan,nan,nan,nan,nan,nan,nan,nan,nan,nan,nan,nan,nan,nan,nan,nan,nan,nan,nan,nan,nan,nan,nan,nan,278.0373213291168,37,PASS
crsm_corrected,caltech,6,external,0.6871345029239767,0.6361808198801437,0.6829268292682926,0.6461988304093567,31.0,28.0,0.0,nan,0.5158495903015137,2.0,1.0,23.633590698242188,1.0,145.2029266357422,1.1442368030548096,6.125028133392334,0.01,0.0018681330839172006,0.002641939325258136,0.5,0.5,0.6931472420692444,0.5,0.5,0.6931471824645996,0.0,0.0,0.0,0.0,0.0,nan,nan,nan,nan,nan,nan,nan,nan,nan,nan,nan,nan,nan,nan,nan,nan,nan,nan,nan,nan,nan,nan,nan,nan,nan,nan,nan,278.0373213291168,37,PASS
selective_normative_deviation_experts,caltech,6,external,0.7485380116959064,0.5916001375700725,0.6976744186046512,0.6447368421052632,31.0,28.0,nan,3.0,0.5085207223892212,nan,nan,nan,nan,nan,nan,nan,nan,nan,nan,nan,nan,nan,nan,nan,nan,nan,nan,nan,nan,nan,-0.17558500170707703,1.2270145416259766,0.0,0.130952388048172,0.8690476417541504,0.10227394849061966,-2.556767686456851e-09,1.0,0.005361930467188358,0.09115281701087952,0.9034852981567383,0.023398032411932945,0.058227263391017914,0.03434605151414871,-0.0029960204847157,0.0023322911001741886,0.058227263391017914,0.03434605151414871,0.06770879775285721,0.06517341732978821,0.00027361823595128953,0.06489979475736618,0.19785338640213013,0.19785338640213013,0.0012997068697586656,1.6363313193323847e-07,7.531374454498291,278.0373213291168,37,PASS
baseline,abide2,6,external,0.7332309582309582,0.6090381385162802,0.7342657342657344,0.6744778869778869,31.0,28.0,nan,nan,0.5158495903015137,nan,nan,nan,nan,nan,nan,nan,nan,nan,nan,nan,nan,nan,nan,nan,nan,nan,nan,nan,nan,nan,nan,nan,nan,nan,nan,nan,nan,nan,nan,nan,nan,nan,nan,nan,nan,nan,nan,nan,nan,nan,nan,nan,nan,nan,nan,nan,nan,278.0373213291168,727,PASS
crsm_corrected,abide2,6,external,0.7332309582309582,0.609038138634496,0.7342657342657344,0.6744778869778869,31.0,28.0,0.0,nan,0.5158495903015137,2.0,1.0,23.633590698242188,1.0,145.2029266357422,1.1442368030548096,6.125028133392334,0.01,0.0018681330839172006,0.002641939325258136,0.5,0.5,0.6931472420692444,0.5,0.5,0.6931471824645996,0.0,0.0,0.0,0.0,0.0,nan,nan,nan,nan,nan,nan,nan,nan,nan,nan,nan,nan,nan,nan,nan,nan,nan,nan,nan,nan,nan,nan,nan,nan,nan,nan,nan,278.0373213291168,727,PASS
selective_normative_deviation_experts,abide2,6,external,0.727487714987715,0.6112101553733942,0.7302709069493521,0.6745853808353808,31.0,28.0,nan,3.0,0.5085207223892212,nan,nan,nan,nan,nan,nan,nan,nan,nan,nan,nan,nan,nan,nan,nan,nan,nan,nan,nan,nan,nan,-0.17558500170707703,1.2270145416259766,0.0,0.130952388048172,0.8690476417541504,0.10227394849061966,-2.556767686456851e-09,1.0,0.005361930467188358,0.09115281701087952,0.9034852981567383,0.023398032411932945,0.058227263391017914,0.03434605151414871,-0.0029960204847157,0.0023322911001741886,0.058227263391017914,0.03434605151414871,0.06770879775285721,0.06517341732978821,0.00027361823595128953,0.06489979475736618,0.19785338640213013,0.19785338640213013,0.0012997068697586656,1.6363313193323847e-07,7.531374454498291,278.0373213291168,727,PASS
baseline,internal_fold,7,0,0.7152988855116515,0.6282324830951835,0.6436781609195402,0.6550151975683891,40.0,38.0,nan,nan,0.4129696190357208,nan,nan,nan,nan,nan,nan,nan,nan,nan,nan,nan,nan,nan,nan,nan,nan,nan,nan,nan,nan,nan,nan,nan,nan,nan,nan,nan,nan,nan,nan,nan,nan,nan,nan,nan,nan,nan,nan,nan,nan,nan,nan,nan,nan,nan,nan,nan,nan,263.8741776943207,89,PASS
crsm_corrected,internal_fold,7,0,0.7152988855116515,0.628232478970842,0.6436781609195402,0.6550151975683891,40.0,38.0,0.0,nan,0.41296955943107605,2.0,1.0,24.243562698364258,1.0000001192092896,132.44078063964844,1.5316776037216187,5.809380531311035,0.01,0.002636559307575226,0.0037286581937223673,0.5,0.5,0.6931472420692444,0.5,0.5,0.6931471824645996,0.0,0.0,0.0,0.0,0.0,nan,nan,nan,nan,nan,nan,nan,nan,nan,nan,nan,nan,nan,nan,nan,nan,nan,nan,nan,nan,nan,nan,nan,nan,nan,nan,nan,263.8741776943207,89,PASS
selective_normative_deviation_experts,internal_fold,7,0,0.7056737588652482,0.6352465310638786,0.651685393258427,0.6537487335359675,40.0,38.0,nan,3.0,0.41296955943107605,nan,nan,nan,nan,nan,nan,nan,nan,nan,nan,nan,nan,nan,nan,nan,nan,nan,nan,nan,nan,nan,-0.1720380336046219,1.2600204944610596,0.002801120514050126,0.12044817954301834,0.8767507076263428,0.09501238167285919,7.521091305306982e-09,1.0,0.0031545741949230433,0.08832807838916779,0.9085173606872559,0.023840725421905518,0.058167628943920135,0.03829500079154968,0.0029565354343503714,0.001918333931826055,0.058167628943920135,0.03829500079154968,0.06973092257976532,0.061538469046354294,0.00011665689089568332,0.06142181158065796,0.20523867011070251,0.20523867011070251,0.0013275652891024947,4.8134982222336475e-08,7.479664325714111,263.8741776943207,89,PASS
baseline,internal_fold,7,1,0.8196555217831815,0.5256677334998655,0.6818181818181819,0.6881965552178319,35.0,42.0,nan,nan,0.42870137095451355,nan,nan,nan,nan,nan,nan,nan,nan,nan,nan,nan,nan,nan,nan,nan,nan,nan,nan,nan,nan,nan,nan,nan,nan,nan,nan,nan,nan,nan,nan,nan,nan,nan,nan,nan,nan,nan,nan,nan,nan,nan,nan,nan,nan,nan,nan,nan,nan,223.41416883468628,89,PASS
crsm_corrected,internal_fold,7,1,0.8196555217831815,0.5256677328384224,0.6818181818181819,0.6881965552178319,35.0,42.0,0.0,nan,0.42870140075683594,2.0,1.0,23.440439224243164,1.0,155.8312225341797,1.601765513420105,7.846391677856445,0.01,0.002041403902694583,0.00288698123767972,0.5,0.5,0.6931472420692444,0.5,0.5,0.6931471824645996,0.0,0.0,0.0,0.0,0.0,nan,nan,nan,nan,nan,nan,nan,nan,nan,nan,nan,nan,nan,nan,nan,nan,nan,nan,nan,nan,nan,nan,nan,nan,nan,nan,nan,223.41416883468628,89,PASS
selective_normative_deviation_experts,internal_fold,7,1,0.8196555217831815,0.5252094908419487,0.6741573033707866,0.6762917933130699,35.0,42.0,nan,5.0,0.42870140075683594,nan,nan,nan,nan,nan,nan,nan,nan,nan,nan,nan,nan,nan,nan,nan,nan,nan,nan,nan,nan,nan,0.1443234384059906,1.2316200733184814,0.11764705926179886,0.005602241028100252,0.8767507076263428,0.05977392569184303,-7.521091305306982e-09,0.9999999403953552,0.09148265421390533,0.0063091483898460865,0.9022082090377808,0.034354694187641144,0.048347026109695435,0.09464239329099655,0.0009419106645509601,0.004742136690765619,0.048347026109695435,0.09464239329099655,0.10638605803251266,0.047818589955568314,0.04631821811199188,0.0015003707958385348,0.21445880830287933,0.21445880830287933,0.0014283440541476011,-3.6101237554930776e-08,7.688236713409424,223.41416883468628,89,PASS
baseline,internal_fold,7,2,0.7116977225672878,0.6220294259189978,0.702127659574468,0.6801242236024845,42.0,36.0,nan,nan,0.47970515489578247,nan,nan,nan,nan,nan,nan,nan,nan,nan,nan,nan,nan,nan,nan,nan,nan,nan,nan,nan,nan,nan,nan,nan,nan,nan,nan,nan,nan,nan,nan,nan,nan,nan,nan,nan,nan,nan,nan,nan,nan,nan,nan,nan,nan,nan,nan,nan,nan,256.40479612350464,88,PASS
crsm_corrected,internal_fold,7,2,0.7116977225672878,0.6220294243121122,0.702127659574468,0.6801242236024845,42.0,36.0,0.0,nan,0.47970515489578247,2.0,1.0,24.9141902923584,1.0,151.0315704345703,1.5241761207580566,7.448791980743408,0.01,0.0020462058018893003,0.0028937719762325287,0.5,0.5,0.6931472420692444,0.5,0.5,0.6931471824645996,0.0,0.0,0.0,0.0,0.0,nan,nan,nan,nan,nan,nan,nan,nan,nan,nan,nan,nan,nan,nan,nan,nan,nan,nan,nan,nan,nan,nan,nan,nan,nan,nan,nan,256.40479612350464,88,PASS
selective_normative_deviation_experts,internal_fold,7,2,0.7220496894409938,0.6637458527052256,0.7157894736842104,0.6909937888198758,42.0,36.0,nan,2.0,0.47970515489578247,nan,nan,nan,nan,nan,nan,nan,nan,nan,nan,nan,nan,nan,nan,nan,nan,nan,nan,nan,nan,nan,0.26829472184181213,1.3096755743026733,0.1568627506494522,0.005602241028100252,0.83753502368927,0.11235779523849487,-6.0168727777920594e-09,1.0,0.10094637423753738,0.012618296779692173,0.886435329914093,0.016921810805797577,0.029075928032398224,0.038439925760030746,0.001959436107426882,0.0019955758471041918,0.029075928032398224,0.038439925760030746,0.04827897623181343,0.06747172772884369,0.06653010845184326,0.0009416264947503805,0.19667619466781616,0.19667619466781616,0.0013186628930270672,-8.423621977726725e-08,7.0659918785095215,256.40479612350464,88,PASS
baseline,internal_fold,7,3,0.7339544513457557,0.6278703256034016,0.693069306930693,0.6423395445134576,48.0,86.0,nan,nan,0.5468637943267822,nan,nan,nan,nan,nan,nan,nan,nan,nan,nan,nan,nan,nan,nan,nan,nan,nan,nan,nan,nan,nan,nan,nan,nan,nan,nan,nan,nan,nan,nan,nan,nan,nan,nan,nan,nan,nan,nan,nan,nan,nan,nan,nan,nan,nan,nan,nan,nan,271.2493724822998,88,PASS
crsm_corrected,internal_fold,7,3,0.7339544513457557,0.627870320870936,0.693069306930693,0.6423395445134576,48.0,86.0,0.0,nan,0.5468637943267822,2.0,1.0,22.871788024902344,1.0,155.89651489257812,2.4799764156341553,8.11059856414795,0.01,0.0030576984863728285,0.0043242392130196095,0.5,0.5,0.6931472420692444,0.5,0.5,0.6931471824645996,0.0,0.0,0.0,0.0,0.0,nan,nan,nan,nan,nan,nan,nan,nan,nan,nan,nan,nan,nan,nan,nan,nan,nan,nan,nan,nan,nan,nan,nan,nan,nan,nan,nan,271.2493724822998,88,PASS
selective_normative_deviation_experts,internal_fold,7,3,0.7220496894409939,0.6429022189036107,0.7184466019417476,0.6640786749482401,48.0,86.0,nan,30.0,0.603247880935669,nan,nan,nan,nan,nan,nan,nan,nan,nan,nan,nan,nan,nan,nan,nan,nan,nan,nan,nan,nan,nan,0.11531223356723785,1.2135571241378784,0.10924369841814041,0.002801120514050126,0.8879551887512207,0.20701345801353455,-3.0084363888960297e-09,0.9999999403953552,0.08832807838916779,0.0031545741949230433,0.9085173606872559,0.14395998418331146,0.19198524951934814,0.5289180278778076,-0.0011445641284808517,0.02518877573311329,0.19198524951934814,0.5289180278778076,0.5632480978965759,0.1773577481508255,0.17631934583187103,0.0010384019697085023,0.2073228508234024,0.2073228508234024,0.001284920726902783,-7.220247510986155e-08,7.9072160720825195,271.2493724822998,88,PASS
baseline,internal_fold,7,4,0.6904761904761905,0.6328279138780157,0.5476190476190477,0.5714285714285714,28.0,41.0,nan,nan,0.3926524817943573,nan,nan,nan,nan,nan,nan,nan,nan,nan,nan,nan,nan,nan,nan,nan,nan,nan,nan,nan,nan,nan,nan,nan,nan,nan,nan,nan,nan,nan,nan,nan,nan,nan,nan,nan,nan,nan,nan,nan,nan,nan,nan,nan,nan,nan,nan,nan,nan,261.87663984298706,88,PASS
crsm_corrected,internal_fold,7,4,0.6904761904761905,0.6328279179075158,0.5476190476190477,0.5714285714285714,28.0,41.0,0.0,nan,0.3926524519920349,2.0,1.0,24.91938591003418,1.0,146.4254913330078,1.5825111865997314,7.386900901794434,0.01,0.002142320852726698,0.0030296994373202324,0.5,0.5,0.6931472420692444,0.5,0.5,0.6931471824645996,0.0,0.0,0.0,0.0,0.0,nan,nan,nan,nan,nan,nan,nan,nan,nan,nan,nan,nan,nan,nan,nan,nan,nan,nan,nan,nan,nan,nan,nan,nan,nan,nan,nan,261.87663984298706,88,PASS
selective_normative_deviation_experts,internal_fold,7,4,0.6511387163561076,0.6837403132684751,0.7000000000000001,0.6542443064182195,28.0,41.0,nan,24.0,0.45836618542671204,nan,nan,nan,nan,nan,nan,nan,nan,nan,nan,nan,nan,nan,nan,nan,nan,nan,nan,nan,nan,nan,-0.20948883891105652,1.2864830493927002,0.005602241028100252,0.13165266811847687,0.8627451062202454,0.23171016573905945,1.5042182610613963e-08,1.0,0.0,0.09148265421390533,0.9085173606872559,0.14389590919017792,0.4315160810947418,0.1876203417778015,0.023420948535203934,-0.0011804522946476936,0.4315160810947418,0.1876203417778015,0.471123605966568,0.19040879607200623,0.001643839292228222,0.18876495957374573,0.21831214427947998,0.21831214427947998,0.001319037051871419,4.8134982222336475e-08,7.496487140655518,261.87663984298706,88,PASS
baseline,internal_fold,7,5,0.6683964711987546,0.6598877763672761,0.6444444444444444,0.6377789309807992,40.0,31.0,nan,nan,0.44400832056999207,nan,nan,nan,nan,nan,nan,nan,nan,nan,nan,nan,nan,nan,nan,nan,nan,nan,nan,nan,nan,nan,nan,nan,nan,nan,nan,nan,nan,nan,nan,nan,nan,nan,nan,nan,nan,nan,nan,nan,nan,nan,nan,nan,nan,nan,nan,nan,nan,260.44059443473816,88,PASS
crsm_corrected,internal_fold,7,5,0.6683964711987546,0.6598877792452754,0.6444444444444444,0.6377789309807992,40.0,31.0,0.0,nan,0.4440082907676697,2.0,1.0,23.622953414916992,1.0,148.38356018066406,1.2727299928665161,7.85026741027832,0.01,0.0016212568152695894,0.002292803255841136,0.5,0.5,0.6931472420692444,0.5,0.5,0.6931471824645996,0.0,0.0,0.0,0.0,0.0,nan,nan,nan,nan,nan,nan,nan,nan,nan,nan,nan,nan,nan,nan,nan,nan,nan,nan,nan,nan,nan,nan,nan,nan,nan,nan,nan,260.44059443473816,88,PASS
selective_normative_deviation_experts,internal_fold,7,5,0.6683964711987546,0.6598877745815943,0.6444444444444444,0.6377789309807992,40.0,31.0,nan,0.0,0.4440082907676697,nan,nan,nan,nan,nan,nan,nan,nan,nan,nan,nan,nan,nan,nan,nan,nan,nan,nan,nan,nan,nan,0.27063068747520447,1.5258737802505493,0.12885154783725739,0.002801120514050126,0.8683473467826843,0.0,-3.0084363888960297e-09,1.0,0.08517350256443024,0.0,0.914826512336731,0.0,0.0,0.0,0.0,0.0,0.0,0.0,0.0,0.0,0.0,0.0,0.23607663810253143,0.23607663810253143,0.0011966344900429249,-6.0168727777920594e-09,7.438126564025879,260.44059443473816,88,PASS
baseline,internal_fold,7,6,0.8297872340425532,0.5361766156818462,0.6666666666666666,0.701868188894655,27.0,25.0,nan,nan,0.4079180657863617,nan,nan,nan,nan,nan,nan,nan,nan,nan,nan,nan,nan,nan,nan,nan,nan,nan,nan,nan,nan,nan,nan,nan,nan,nan,nan,nan,nan,nan,nan,nan,nan,nan,nan,nan,nan,nan,nan,nan,nan,nan,nan,nan,nan,nan,nan,nan,nan,305.2047860622406,88,PASS
crsm_corrected,internal_fold,7,6,0.8297872340425532,0.5361766180912393,0.6666666666666666,0.701868188894655,27.0,25.0,0.0,nan,0.4079180955886841,2.0,1.0,23.95409393310547,1.0,158.03076171875,1.277326226234436,7.275270462036133,0.01,0.0017557096434757113,0.0024829485919326544,0.5,0.5,0.6931472420692444,0.5,0.5,0.6931471824645996,0.0,0.0,0.0,0.0,0.0,nan,nan,nan,nan,nan,nan,nan,nan,nan,nan,nan,nan,nan,nan,nan,nan,nan,nan,nan,nan,nan,nan,nan,nan,nan,nan,nan,305.2047860622406,88,PASS
selective_normative_deviation_experts,internal_fold,7,6,0.8235599377270368,0.5643788542452259,0.6666666666666666,0.701868188894655,27.0,25.0,nan,149.0,0.4079180955886841,nan,nan,nan,nan,nan,nan,nan,nan,nan,nan,nan,nan,nan,nan,nan,nan,nan,nan,nan,nan,nan,-0.30147475004196167,1.410419225692749,0.002801120514050126,0.15406163036823273,0.843137264251709,0.4972952604293823,9.025309388732694e-09,1.0,0.0,0.09148265421390533,0.9085173606872559,0.23045147955417633,1.411004900932312,0.5857940316200256,0.07192899286746979,-0.052779898047447205,1.411004900932312,0.5857940316200256,1.530375361442566,0.3717915713787079,0.004573402460664511,0.36721816658973694,0.1914042830467224,0.1914042830467224,0.0014160199789330363,2.4067491111168238e-08,6.879186153411865,305.2047860622406,88,PASS
baseline,internal_fold,7,7,0.7311883757135443,0.5879401674389887,0.5925925925925926,0.6333679294239751,32.0,53.0,nan,nan,0.35958775877952576,nan,nan,nan,nan,nan,nan,nan,nan,nan,nan,nan,nan,nan,nan,nan,nan,nan,nan,nan,nan,nan,nan,nan,nan,nan,nan,nan,nan,nan,nan,nan,nan,nan,nan,nan,nan,nan,nan,nan,nan,nan,nan,nan,nan,nan,nan,nan,nan,295.90483951568604,88,PASS
crsm_corrected,internal_fold,7,7,0.7311883757135443,0.5879401672250851,0.5925925925925926,0.6333679294239751,32.0,53.0,0.0,nan,0.35958772897720337,2.0,1.0,23.474515914916992,1.0,141.14927673339844,1.92876398563385,6.391452312469482,0.01,0.003017724258825183,0.004267706535756588,0.5,0.5,0.6931472420692444,0.5,0.5,0.6931471824645996,0.0,0.0,0.0,0.0,0.0,nan,nan,nan,nan,nan,nan,nan,nan,nan,nan,nan,nan,nan,nan,nan,nan,nan,nan,nan,nan,nan,nan,nan,nan,nan,nan,nan,295.90483951568604,88,PASS
selective_normative_deviation_experts,internal_fold,7,7,0.7093928386092372,0.6256514365333893,0.5609756097560975,0.5983393876491956,32.0,53.0,nan,10.0,0.35958772897720337,nan,nan,nan,nan,nan,nan,nan,nan,nan,nan,nan,nan,nan,nan,nan,nan,nan,nan,nan,nan,nan,0.22573313117027283,1.2585194110870361,0.16526611149311066,0.008403361774981022,0.8263305425643921,0.14983385801315308,-9.025309388732694e-09,1.0,0.09779179841279984,0.0031545741949230433,0.8990536332130432,0.09316325932741165,0.10966432839632034,0.19028240442276,0.0014959370018914342,0.009773544035851955,0.10966432839632034,0.19028240442276,0.21984408795833588,0.12318017333745956,0.1221260279417038,0.0010541530791670084,0.17484816908836365,0.17484816908836365,0.0012518370058387518,-4.8134982222336475e-08,7.165230751037598,295.90483951568604,88,PASS
baseline,internal_fold,7,8,0.7145822522055008,0.6220766865917169,0.6097560975609756,0.6440062272963155,26.0,45.0,nan,nan,0.4191003441810608,nan,nan,nan,nan,nan,nan,nan,nan,nan,nan,nan,nan,nan,nan,nan,nan,nan,nan,nan,nan,nan,nan,nan,nan,nan,nan,nan,nan,nan,nan,nan,nan,nan,nan,nan,nan,nan,nan,nan,nan,nan,nan,nan,nan,nan,nan,nan,nan,378.64947485923767,88,PASS
crsm_corrected,internal_fold,7,8,0.7145822522055008,0.6220766859543193,0.6097560975609756,0.6440062272963155,26.0,45.0,0.0,nan,0.4191003441810608,2.0,1.0,23.413127899169922,1.0,134.40562438964844,1.733588695526123,5.802703380584717,0.01,0.0029875533655285835,0.0042250389233231544,0.5,0.5,0.6931472420692444,0.5,0.5,0.6931471824645996,0.0,0.0,0.0,0.0,0.0,nan,nan,nan,nan,nan,nan,nan,nan,nan,nan,nan,nan,nan,nan,nan,nan,nan,nan,nan,nan,nan,nan,nan,nan,nan,nan,nan,378.64947485923767,88,PASS
selective_normative_deviation_experts,internal_fold,7,8,0.7145822522055008,0.6205536560774338,0.6024096385542169,0.631811105345096,26.0,45.0,nan,117.0,0.4191003441810608,nan,nan,nan,nan,nan,nan,nan,nan,nan,nan,nan,nan,nan,nan,nan,nan,nan,nan,nan,nan,nan,-0.18501432240009308,1.3608280420303345,0.002801120514050126,0.11764705926179886,0.8795518279075623,0.4097079932689667,9.025309388732694e-09,0.9999999403953552,0.0,0.08201892673969269,0.9179810881614685,0.22433318197727203,1.160512924194336,0.4533269703388214,0.05931679904460907,-0.01644151657819748,1.160512924194336,0.4533269703388214,1.2474311590194702,0.32252129912376404,0.004321930464357138,0.31819939613342285,0.2238459587097168,0.2238459587097168,0.0013306998880580068,3.6101237554930776e-08,7.609360694885254,378.64947485923767,88,PASS
baseline,internal_fold,7,9,0.7171769590036325,0.6127628145929337,0.7090909090909091,0.6222106901920083,30.0,49.0,nan,nan,0.5306620001792908,nan,nan,nan,nan,nan,nan,nan,nan,nan,nan,nan,nan,nan,nan,nan,nan,nan,nan,nan,nan,nan,nan,nan,nan,nan,nan,nan,nan,nan,nan,nan,nan,nan,nan,nan,nan,nan,nan,nan,nan,nan,nan,nan,nan,nan,nan,nan,nan,327.7857768535614,88,PASS
crsm_corrected,internal_fold,7,9,0.7171769590036325,0.6127628096236042,0.7090909090909091,0.6222106901920083,30.0,49.0,0.0,nan,0.5306620001792908,2.0,1.0,24.787057876586914,1.0,142.1041717529297,1.6922649145126343,6.861645221710205,0.01,0.0024662669748067856,0.0034878284204751253,0.5,0.5,0.6931472420692444,0.5,0.5,0.6931471824645996,0.0,0.0,0.0,0.0,0.0,nan,nan,nan,nan,nan,nan,nan,nan,nan,nan,nan,nan,nan,nan,nan,nan,nan,nan,nan,nan,nan,nan,nan,nan,nan,nan,nan,327.7857768535614,88,PASS
selective_normative_deviation_experts,internal_fold,7,9,0.7197716658017643,0.6150908830301937,0.7207207207207208,0.6328489880643487,30.0,49.0,nan,4.0,0.5306620001792908,nan,nan,nan,nan,nan,nan,nan,nan,nan,nan,nan,nan,nan,nan,nan,nan,nan,nan,nan,nan,nan,0.2481153905391693,1.259856104850769,0.15406163036823273,0.002801120514050126,0.843137264251709,0.12315123528242111,-6.0168727777920594e-09,1.0,0.09463722258806229,0.009463722817599773,0.8958990573883057,0.03178813308477402,0.04422815516591072,0.074823759496212,0.0023501557298004627,-0.003956818487495184,0.04422815516591072,0.074823759496212,0.08703967183828354,0.08018075674772263,0.0785757526755333,0.0016049935948103666,0.19919370114803314,0.19919370114803314,0.0012677928898483515,0.0,7.199153423309326,327.7857768535614,88,PASS
baseline,internal_oof,7,all,0.7322463300740435,0.6054823482668923,0.6525612472160357,0.6474394365470446,34.8,44.6,nan,nan,nan,nan,nan,nan,nan,nan,nan,nan,nan,nan,nan,nan,nan,nan,nan,nan,nan,nan,nan,nan,nan,nan,nan,nan,nan,nan,nan,nan,nan,nan,nan,nan,nan,nan,nan,nan,nan,nan,nan,nan,nan,nan,nan,nan,nan,nan,nan,nan,nan,284.48046267032623,882,PASS
crsm_corrected,internal_oof,7,all,0.7322463300740435,0.6054823475003086,0.6525612472160357,0.6474394365470446,34.8,44.6,0.0,nan,nan,2.0,1.0,23.964111518859863,1.000000011920929,146.5698974609375,1.6624780654907227,7.078340244293213,0.009999999999999998,0.002377269940916449,0.0033619675785303118,0.5,0.5,0.6931472420692444,0.5,0.5,0.6931471824645996,0.0,0.0,0.0,0.0,0.0,nan,nan,nan,nan,nan,nan,nan,nan,nan,nan,nan,nan,nan,nan,nan,nan,nan,nan,nan,nan,nan,nan,nan,nan,nan,nan,nan,284.48046267032623,882,PASS
selective_normative_deviation_experts,internal_oof,7,all,0.7236242614999613,0.6235422596507841,0.6695557963163598,0.6537266840380795,34.8,44.6,nan,34.4,nan,nan,nan,nan,nan,nan,nan,nan,nan,nan,nan,nan,nan,nan,nan,nan,nan,nan,nan,nan,nan,nan,0.0404393658041954,1.311685287952423,0.08459384005982429,0.05518207426648587,0.8602240979671478,0.18858560733497143,6.016873665970479e-10,0.9999999821186065,0.05615142046008259,0.038801262993365525,0.9050473272800446,0.09427091777324677,0.34845022223889827,0.21921428553760053,0.016322615125682206,-0.0030740319169126453,0.34845022223889827,0.21921428553760053,0.4343457940965891,0.14422691315412522,0.050052528212108885,0.09417438798118383,0.20673774182796478,0.20673774182796478,0.0013141514267772437,-9.025309433141616e-09,7.392865371704102,284.48046267032623,882,PASS
baseline,caltech,7,external,0.628654970760234,0.7198453885672846,0.6190476190476191,0.564327485380117,30.0,80.0,nan,nan,0.5375006198883057,nan,nan,nan,nan,nan,nan,nan,nan,nan,nan,nan,nan,nan,nan,nan,nan,nan,nan,nan,nan,nan,nan,nan,nan,nan,nan,nan,nan,nan,nan,nan,nan,nan,nan,nan,nan,nan,nan,nan,nan,nan,nan,nan,nan,nan,nan,nan,nan,395.9092288017273,37,PASS
crsm_corrected,caltech,7,external,0.628654970760234,0.719845386537462,0.6190476190476191,0.564327485380117,30.0,80.0,0.0,nan,0.5375006198883057,2.0,1.0,22.832122802734375,1.0,158.4967041015625,2.2852659225463867,7.51790714263916,0.01,0.003039763541892171,0.004298874642699957,0.5,0.5,0.6931472420692444,0.5,0.5,0.6931471824645996,0.0,0.0,0.0,0.0,0.0,nan,nan,nan,nan,nan,nan,nan,nan,nan,nan,nan,nan,nan,nan,nan,nan,nan,nan,nan,nan,nan,nan,nan,nan,nan,nan,nan,395.9092288017273,37,PASS
selective_normative_deviation_experts,caltech,7,external,0.7309941520467835,0.6215003733003833,0.7234042553191489,0.6418128654970761,30.0,80.0,nan,38.0,0.6398365497589111,nan,nan,nan,nan,nan,nan,nan,nan,nan,nan,nan,nan,nan,nan,nan,nan,nan,nan,nan,nan,nan,0.17859752476215363,1.2574175596237183,0.12380953133106232,0.0,0.8761904835700989,0.21562349796295166,-1.0227070745827405e-08,1.0,0.09115281701087952,0.002680965233594179,0.9061662554740906,0.13719302415847778,0.2104303538799286,0.6861476302146912,-0.00526496022939682,-0.03537369892001152,0.2104303538799286,0.6861476302146912,0.7185809016227722,0.1787324845790863,0.1779126077890396,0.000819873996078968,0.20292624831199646,0.20292624831199646,0.0012886394979432225,-8.181656596661924e-08,7.577146530151367,395.9092288017273,37,PASS
baseline,abide2,7,external,0.7402410933660935,0.6026519686349137,0.7363636363636364,0.665221898034398,30.0,80.0,nan,nan,0.5375006198883057,nan,nan,nan,nan,nan,nan,nan,nan,nan,nan,nan,nan,nan,nan,nan,nan,nan,nan,nan,nan,nan,nan,nan,nan,nan,nan,nan,nan,nan,nan,nan,nan,nan,nan,nan,nan,nan,nan,nan,nan,nan,nan,nan,nan,nan,nan,nan,nan,395.9092288017273,727,PASS
crsm_corrected,abide2,7,external,0.7402410933660935,0.6026519694931758,0.7363636363636364,0.665221898034398,30.0,80.0,0.0,nan,0.5375006198883057,2.0,1.0,22.832122802734375,1.0,158.4967041015625,2.2852659225463867,7.51790714263916,0.01,0.003039763541892171,0.004298874642699957,0.5,0.5,0.6931472420692444,0.5,0.5,0.6931471824645996,0.0,0.0,0.0,0.0,0.0,nan,nan,nan,nan,nan,nan,nan,nan,nan,nan,nan,nan,nan,nan,nan,nan,nan,nan,nan,nan,nan,nan,nan,nan,nan,nan,nan,395.9092288017273,727,PASS
selective_normative_deviation_experts,abide2,7,external,0.7337684275184275,0.6178767351107651,0.7445255474452555,0.6338874385749386,30.0,80.0,nan,38.0,0.6398365497589111,nan,nan,nan,nan,nan,nan,nan,nan,nan,nan,nan,nan,nan,nan,nan,nan,nan,nan,nan,nan,nan,0.17859752476215363,1.2574175596237183,0.12380953133106232,0.0,0.8761904835700989,0.21562349796295166,-1.0227070745827405e-08,1.0,0.09115281701087952,0.002680965233594179,0.9061662554740906,0.13719302415847778,0.2104303538799286,0.6861476302146912,-0.00526496022939682,-0.03537369892001152,0.2104303538799286,0.6861476302146912,0.7185809016227722,0.1787324845790863,0.1779126077890396,0.000819873996078968,0.20292624831199646,0.20292624831199646,0.0012886394979432225,-8.181656596661924e-08,7.577146530151367,395.9092288017273,727,PASS
baseline,internal_fold,8,0,0.790273556231003,0.5917660464569635,0.7422680412371133,0.7163120567375887,46.0,23.0,nan,nan,0.4728417992591858,nan,nan,nan,nan,nan,nan,nan,nan,nan,nan,nan,nan,nan,nan,nan,nan,nan,nan,nan,nan,nan,nan,nan,nan,nan,nan,nan,nan,nan,nan,nan,nan,nan,nan,nan,nan,nan,nan,nan,nan,nan,nan,nan,nan,nan,nan,nan,nan,414.4444844722748,89,PASS
crsm_corrected,internal_fold,8,0,0.790273556231003,0.5917660460314553,0.7422680412371133,0.7163120567375887,46.0,23.0,0.0,nan,0.472841739654541,2.0,1.0,22.845205307006836,1.0,147.66049194335938,1.157914161682129,7.808670520782471,0.01,0.0014828569255769253,0.002097076503559947,0.5,0.5,0.6931472420692444,0.5,0.5,0.6931471824645996,0.0,0.0,0.0,0.0,0.0,nan,nan,nan,nan,nan,nan,nan,nan,nan,nan,nan,nan,nan,nan,nan,nan,nan,nan,nan,nan,nan,nan,nan,nan,nan,nan,nan,414.4444844722748,89,PASS
selective_normative_deviation_experts,internal_fold,8,0,0.8100303951367781,0.5688171769724618,0.7499999999999999,0.7282168186423505,46.0,23.0,nan,149.0,0.472841739654541,nan,nan,nan,nan,nan,nan,nan,nan,nan,nan,nan,nan,nan,nan,nan,nan,nan,nan,nan,nan,nan,0.16983458399772644,1.2321854829788208,0.11484593898057938,0.002801120514050126,0.8823529481887817,0.32935574650764465,-5.264763736079203e-09,1.0,0.08201892673969269,0.0031545741949230433,0.914826512336731,0.2718575596809387,0.5786579847335815,2.2766571044921875,-0.03819011151790619,-0.08510386198759079,0.5786579847335815,2.2766571044921875,2.3508965969085693,0.30231282114982605,0.29867789149284363,0.00363492825999856,0.2131326049566269,0.2131326049566269,0.0012441256549209356,-6.618559922344502e-08,7.918189525604248,414.4444844722748,89,PASS
baseline,internal_fold,8,1,0.6747720364741642,0.6637707164919294,0.625,0.5929584599797366,20.0,59.0,nan,nan,0.5000855326652527,nan,nan,nan,nan,nan,nan,nan,nan,nan,nan,nan,nan,nan,nan,nan,nan,nan,nan,nan,nan,nan,nan,nan,nan,nan,nan,nan,nan,nan,nan,nan,nan,nan,nan,nan,nan,nan,nan,nan,nan,nan,nan,nan,nan,nan,nan,nan,nan,253.6037700176239,89,PASS
crsm_corrected,internal_fold,8,1,0.6747720364741642,0.6637707092676786,0.625,0.5929584599797366,20.0,59.0,0.0,nan,0.5000855326652527,2.0,1.0,23.683666229248047,1.0,133.00303649902344,1.9915658235549927,6.242362976074219,0.01,0.0031904035713523626,0.004511911887675524,0.5,0.5,0.6931472420692444,0.5,0.5,0.6931471824645996,0.0,0.0,0.0,0.0,0.0,nan,nan,nan,nan,nan,nan,nan,nan,nan,nan,nan,nan,nan,nan,nan,nan,nan,nan,nan,nan,nan,nan,nan,nan,nan,nan,nan,253.6037700176239,89,PASS
selective_normative_deviation_experts,internal_fold,8,1,0.6757852077001012,0.7305442675036049,0.6391752577319586,0.603596757852077,20.0,59.0,nan,13.0,0.5000855326652527,nan,nan,nan,nan,nan,nan,nan,nan,nan,nan,nan,nan,nan,nan,nan,nan,nan,nan,nan,nan,nan,0.10792683809995651,1.2503349781036377,0.10084033757448196,0.002801120514050126,0.8963585495948792,0.13053928315639496,-6.0168727777920594e-09,0.9999999403953552,0.07570978254079819,0.0,0.9242902398109436,0.11127141118049622,0.1067332774400711,0.25056537985801697,-0.000280639884294942,0.012857907451689243,0.1067332774400711,0.25056537985801697,0.27265435457229614,0.12147709727287292,0.12108245491981506,0.00039463621214963496,0.19275151193141937,0.19275151193141937,0.0012773046037182212,1.2033745555584119e-08,7.572866916656494,253.6037700176239,89,PASS
baseline,internal_fold,8,2,0.7417184265010351,0.6054785843115096,0.723404255319149,0.7028985507246377,48.0,46.0,nan,nan,0.41331979632377625,nan,nan,nan,nan,nan,nan,nan,nan,nan,nan,nan,nan,nan,nan,nan,nan,nan,nan,nan,nan,nan,nan,nan,nan,nan,nan,nan,nan,nan,nan,nan,nan,nan,nan,nan,nan,nan,nan,nan,nan,nan,nan,nan,nan,nan,nan,nan,nan,250.05321764945984,88,PASS
crsm_corrected,internal_fold,8,2,0.7417184265010351,0.6054785834398442,0.723404255319149,0.7028985507246377,48.0,46.0,0.0,nan,0.41331979632377625,2.0,1.0,23.704418182373047,1.0,139.9220428466797,1.7178994417190552,6.779568195343018,0.01,0.0025339361745864153,0.0035835271701216698,0.5,0.5,0.6931472420692444,0.5,0.5,0.6931471824645996,0.0,0.0,0.0,0.0,0.0,nan,nan,nan,nan,nan,nan,nan,nan,nan,nan,nan,nan,nan,nan,nan,nan,nan,nan,nan,nan,nan,nan,nan,nan,nan,nan,nan,250.05321764945984,88,PASS
selective_normative_deviation_experts,internal_fold,8,2,0.7355072463768115,0.6117925588751113,0.7291666666666667,0.7018633540372672,48.0,46.0,nan,15.0,0.41331979632377625,nan,nan,nan,nan,nan,nan,nan,nan,nan,nan,nan,nan,nan,nan,nan,nan,nan,nan,nan,nan,nan,0.23050466179847717,1.342729091644287,0.13445378839969635,0.0,0.8655462265014648,0.2204001545906067,-1.0529527472158406e-08,1.0,0.09148265421390533,0.0,0.9085173606872559,0.11174970865249634,0.14208093285560608,0.0,0.00011516578524606302,0.0,0.14208093285560608,0.0,0.14208097755908966,0.16929897665977478,0.16929897665977478,0.0,0.22105690836906433,0.22105690836906433,0.001257890136912465,-4.8134982222336475e-08,7.779477596282959,250.05321764945984,88,PASS
baseline,internal_fold,8,3,0.662008281573499,0.6898503513098809,0.6097560975609756,0.6407867494824017,43.0,60.0,nan,nan,0.4117891490459442,nan,nan,nan,nan,nan,nan,nan,nan,nan,nan,nan,nan,nan,nan,nan,nan,nan,nan,nan,nan,nan,nan,nan,nan,nan,nan,nan,nan,nan,nan,nan,nan,nan,nan,nan,nan,nan,nan,nan,nan,nan,nan,nan,nan,nan,nan,nan,nan,276.83297538757324,88,PASS
crsm_corrected,internal_fold,8,3,0.662008281573499,0.6898503537480294,0.6097560975609756,0.6407867494824017,43.0,60.0,0.0,nan,0.4117891490459442,2.0,1.0,23.372222900390625,1.0,142.5506134033203,2.15895414352417,7.175284385681152,0.01,0.0030088762287050486,0.004255193751305342,0.5,0.5,0.6931472420692444,0.5,0.5,0.6931471824645996,0.0,0.0,0.0,0.0,0.0,nan,nan,nan,nan,nan,nan,nan,nan,nan,nan,nan,nan,nan,nan,nan,nan,nan,nan,nan,nan,nan,nan,nan,nan,nan,nan,nan,276.83297538757324,88,PASS
selective_normative_deviation_experts,internal_fold,8,3,0.6552795031055901,0.7673118826126057,0.6024096385542168,0.6288819875776397,43.0,60.0,nan,31.0,0.4117891192436218,nan,nan,nan,nan,nan,nan,nan,nan,nan,nan,nan,nan,nan,nan,nan,nan,nan,nan,nan,nan,nan,-0.23383758962154388,1.436177372932434,0.002801120514050126,0.14005602896213531,0.8571428656578064,0.22885440289974213,7.521091305306982e-09,1.0,0.0031545741949230433,0.10410095006227493,0.8927444815635681,0.10005928575992584,0.5581599473953247,0.1640842854976654,-0.004886961076408625,-0.00333168706856668,0.5581599473953247,0.1640842854976654,0.5818085074424744,0.16827866435050964,0.0019619299564510584,0.16631673276424408,0.2040359228849411,0.2040359228849411,0.0012848417973145843,2.4067491111168238e-08,6.939181327819824,276.83297538757324,88,PASS
baseline,internal_fold,8,4,0.7686335403726708,0.5877157220107101,0.5833333333333333,0.6687370600414079,15.0,23.0,nan,nan,0.3738792836666107,nan,nan,nan,nan,nan,nan,nan,nan,nan,nan,nan,nan,nan,nan,nan,nan,nan,nan,nan,nan,nan,nan,nan,nan,nan,nan,nan,nan,nan,nan,nan,nan,nan,nan,nan,nan,nan,nan,nan,nan,nan,nan,nan,nan,nan,nan,nan,nan,230.2312982082367,88,PASS
crsm_corrected,internal_fold,8,4,0.7686335403726708,0.5877157126204768,0.5833333333333333,0.6687370600414079,15.0,23.0,0.0,nan,0.37387925386428833,2.0,1.0,27.015594482421875,1.0,135.5754852294922,1.0814732313156128,7.147707462310791,0.01,0.001513035036623478,0.002139754593372345,0.5,0.5,0.6931472420692444,0.5,0.5,0.6931471824645996,0.0,0.0,0.0,0.0,0.0,nan,nan,nan,nan,nan,nan,nan,nan,nan,nan,nan,nan,nan,nan,nan,nan,nan,nan,nan,nan,nan,nan,nan,nan,nan,nan,nan,230.2312982082367,88,PASS
selective_normative_deviation_experts,internal_fold,8,4,0.7650103519668737,0.5880570050648481,0.6813186813186812,0.6702898550724637,15.0,23.0,nan,6.0,0.4559635818004608,nan,nan,nan,nan,nan,nan,nan,nan,nan,nan,nan,nan,nan,nan,nan,nan,nan,nan,nan,nan,nan,-0.19469065964221954,1.246158242225647,0.002801120514050126,0.12044817954301834,0.8767507076263428,0.11321438103914261,1.2033745555584119e-08,1.0,0.0031545741949230433,0.07570978254079819,0.921135663986206,0.03630795702338219,0.11548113077878952,0.052063778042793274,0.00600225618109107,0.0025059902109205723,0.11548113077878952,0.052063778042793274,0.12684176862239838,0.07704326510429382,0.00031805585604161024,0.07672520726919174,0.19230413436889648,0.19230413436889648,0.001314871129579842,6.016873044245585e-08,7.479647159576416,230.2312982082367,88,PASS
baseline,internal_fold,8,5,0.7431240269849506,0.5916546316580621,0.5333333333333333,0.6152049818370524,12.0,24.0,nan,nan,0.397739052772522,nan,nan,nan,nan,nan,nan,nan,nan,nan,nan,nan,nan,nan,nan,nan,nan,nan,nan,nan,nan,nan,nan,nan,nan,nan,nan,nan,nan,nan,nan,nan,nan,nan,nan,nan,nan,nan,nan,nan,nan,nan,nan,nan,nan,nan,nan,nan,nan,309.07889437675476,88,PASS
crsm_corrected,internal_fold,8,5,0.7431240269849506,0.5916546284426185,0.5333333333333333,0.6152049818370524,12.0,24.0,0.0,nan,0.397739052772522,2.0,1.0,28.579248428344727,1.0,159.43458557128906,1.2401014566421509,7.9474196434021,0.01,0.0015603825449943542,0.0022067141253501177,0.5,0.5,0.6931472420692444,0.5,0.5,0.6931471824645996,0.0,0.0,0.0,0.0,0.0,nan,nan,nan,nan,nan,nan,nan,nan,nan,nan,nan,nan,nan,nan,nan,nan,nan,nan,nan,nan,nan,nan,nan,nan,nan,nan,nan,309.07889437675476,88,PASS
selective_normative_deviation_experts,internal_fold,8,5,0.7317073170731707,0.598772568044939,0.5333333333333333,0.6152049818370524,12.0,24.0,nan,1.0,0.397739052772522,nan,nan,nan,nan,nan,nan,nan,nan,nan,nan,nan,nan,nan,nan,nan,nan,nan,nan,nan,nan,nan,-0.3226793706417084,1.3061463832855225,0.0,0.16806723177433014,0.831932783126831,0.03993085399270058,1.2033745555584119e-08,0.9999999403953552,0.015772871673107147,0.09463722258806229,0.8895899057388306,0.04816105216741562,0.019595075398683548,0.019595874473452568,-0.0009999832836911082,0.0009999944595620036,0.019595075398683548,0.019595874473452568,0.027748245745897293,0.04380173236131668,0.0018173654098063707,0.04198436811566353,0.173592671751976,0.173592671751976,0.0014938208041712642,4.8134982222336475e-08,6.716958045959473,309.07889437675476,88,PASS
baseline,internal_fold,8,6,0.7026466009340944,0.6157159170696841,0.608695652173913,0.5905552672548002,13.0,38.0,nan,nan,0.44755950570106506,nan,nan,nan,nan,nan,nan,nan,nan,nan,nan,nan,nan,nan,nan,nan,nan,nan,nan,nan,nan,nan,nan,nan,nan,nan,nan,nan,nan,nan,nan,nan,nan,nan,nan,nan,nan,nan,nan,nan,nan,nan,nan,nan,nan,nan,nan,nan,nan,252.67559361457825,88,PASS
crsm_corrected,internal_fold,8,6,0.7016087182148417,0.6170510618380067,0.608695652173913,0.5905552672548002,13.0,38.0,2.0,nan,0.434545636177063,2.0,1.0,25.190067291259766,1.0,141.3080291748047,1.5874625444412231,6.240190029144287,0.01,0.002543932758271694,0.003597664413973689,0.5055153369903564,0.49448469281196594,0.6929284930229187,0.5000007152557373,0.4999992847442627,0.693071722984314,0.027835849672555923,0.026324769482016563,0.9665886163711548,-9.310738823842257e-05,-9.628405678085983e-05,nan,nan,nan,nan,nan,nan,nan,nan,nan,nan,nan,nan,nan,nan,nan,nan,nan,nan,nan,nan,nan,nan,nan,nan,nan,nan,nan,252.67559361457825,88,PASS
selective_normative_deviation_experts,internal_fold,8,6,0.6943435391800727,0.6149996367749712,0.6326530612244897,0.5858847950181629,13.0,38.0,nan,23.0,0.47661444544792175,nan,nan,nan,nan,nan,nan,nan,nan,nan,nan,nan,nan,nan,nan,nan,nan,nan,nan,nan,nan,nan,0.22703483700752258,1.272050142288208,0.1596638709306717,0.002801120514050126,0.83753502368927,0.23400892317295074,-6.0168727777920594e-09,1.0,0.10094637423753738,0.0,0.8990536332130432,0.1241551861166954,0.19164548814296722,0.4405609667301178,-0.0004939108621329069,0.02261221967637539,0.19164548814296722,0.4405609667301178,0.48097142577171326,0.1823417991399765,0.1819542646408081,0.0003875396214425564,0.21268987655639648,0.21268987655639648,0.0013112996239215136,-8.423621977726725e-08,7.7596964836120605,252.67559361457825,88,PASS
baseline,internal_fold,8,7,0.7571354436948625,0.5854160938188453,0.6428571428571429,0.6652828230409964,13.0,26.0,nan,nan,0.42734086513519287,nan,nan,nan,nan,nan,nan,nan,nan,nan,nan,nan,nan,nan,nan,nan,nan,nan,nan,nan,nan,nan,nan,nan,nan,nan,nan,nan,nan,nan,nan,nan,nan,nan,nan,nan,nan,nan,nan,nan,nan,nan,nan,nan,nan,nan,nan,nan,nan,269.8978798389435,88,PASS
crsm_corrected,internal_fold,8,7,0.7571354436948625,0.585416086193013,0.6428571428571429,0.6652828230409964,13.0,26.0,0.0,nan,0.42734086513519287,2.0,1.0,24.97092056274414,1.0,153.29534912109375,1.2766309976577759,7.8799285888671875,0.01,0.00162010476924479,0.002291173906996846,0.5,0.5,0.6931472420692444,0.5,0.5,0.6931471824645996,0.0,0.0,0.0,0.0,0.0,nan,nan,nan,nan,nan,nan,nan,nan,nan,nan,nan,nan,nan,nan,nan,nan,nan,nan,nan,nan,nan,nan,nan,nan,nan,nan,nan,269.8978798389435,88,PASS
selective_normative_deviation_experts,internal_fold,8,7,0.7540217955371042,0.5873884484812852,0.617283950617284,0.656201349247535,13.0,26.0,nan,1.0,0.3918372094631195,nan,nan,nan,nan,nan,nan,nan,nan,nan,nan,nan,nan,nan,nan,nan,nan,nan,nan,nan,nan,nan,-0.14839600026607513,1.2680145502090454,0.0,0.1120448186993599,0.8879551887512207,0.03015536442399025,1.5042181944480149e-09,1.0,0.0031545741949230433,0.07255520671606064,0.9242902398109436,0.03607124090194702,0.019533950835466385,0.01959587074816227,-0.0009994662832468748,0.0009999900357797742,0.019533950835466385,0.01959587074816227,0.02770509570837021,0.032937753945589066,2.4839462639647536e-05,0.03291291370987892,0.24855206906795502,0.24855206906795502,0.0012143951607868075,1.3237119844689005e-07,7.909121036529541,269.8978798389435,88,PASS
baseline,internal_fold,8,8,0.7462376751427089,0.6009190338134366,0.6206896551724138,0.6286974571873378,17.0,31.0,nan,nan,0.5011376738548279,nan,nan,nan,nan,nan,nan,nan,nan,nan,nan,nan,nan,nan,nan,nan,nan,nan,nan,nan,nan,nan,nan,nan,nan,nan,nan,nan,nan,nan,nan,nan,nan,nan,nan,nan,nan,nan,nan,nan,nan,nan,nan,nan,nan,nan,nan,nan,nan,278.16925859451294,88,PASS
crsm_corrected,internal_fold,8,8,0.7462376751427089,0.600919033750846,0.6206896551724138,0.6286974571873378,17.0,31.0,0.0,nan,0.5011376738548279,2.0,1.0,24.92177963256836,1.0,156.24374389648438,1.4516111612319946,7.55169677734375,0.01,0.0019222317496314645,0.002718446310609579,0.5,0.5,0.6931472420692444,0.5,0.5,0.6931471824645996,0.0,0.0,0.0,0.0,0.0,nan,nan,nan,nan,nan,nan,nan,nan,nan,nan,nan,nan,nan,nan,nan,nan,nan,nan,nan,nan,nan,nan,nan,nan,nan,nan,nan,278.16925859451294,88,PASS
selective_normative_deviation_experts,internal_fold,8,8,0.7462376751427089,0.6009190351868601,0.6206896551724138,0.6286974571873378,17.0,31.0,nan,0.0,0.5011376738548279,nan,nan,nan,nan,nan,nan,nan,nan,nan,nan,nan,nan,nan,nan,nan,nan,nan,nan,nan,nan,nan,0.1693800389766693,1.212260127067566,0.12044817954301834,0.011204482056200504,0.8683473467826843,0.0,-9.025309388732694e-09,1.0,0.08517350256443024,0.0031545741949230433,0.9116719365119934,0.0,0.0,0.0,0.0,0.0,0.0,0.0,0.0,0.0,0.0,0.0,0.1813104748725891,0.1813104748725891,0.0013555370969697833,-6.016873044245585e-08,7.30892276763916,278.16925859451294,88,PASS
baseline,internal_fold,8,9,0.7472755578619615,0.5910539907671996,0.6436781609195402,0.6515308770108977,36.0,30.0,nan,nan,0.41686752438545227,nan,nan,nan,nan,nan,nan,nan,nan,nan,nan,nan,nan,nan,nan,nan,nan,nan,nan,nan,nan,nan,nan,nan,nan,nan,nan,nan,nan,nan,nan,nan,nan,nan,nan,nan,nan,nan,nan,nan,nan,nan,nan,nan,nan,nan,nan,nan,nan,367.90459990501404,88,PASS
crsm_corrected,internal_fold,8,9,0.7472755578619615,0.5910539878410711,0.6436781609195402,0.6515308770108977,36.0,30.0,0.0,nan,0.4168674945831299,2.0,1.0,22.895936965942383,1.0,146.32737731933594,1.3166322708129883,7.0347466468811035,0.01,0.0018716128543019295,0.0026468602009117603,0.5,0.5,0.6931472420692444,0.5,0.5,0.6931471824645996,0.0,0.0,0.0,0.0,0.0,nan,nan,nan,nan,nan,nan,nan,nan,nan,nan,nan,nan,nan,nan,nan,nan,nan,nan,nan,nan,nan,nan,nan,nan,nan,nan,nan,367.90459990501404,88,PASS
selective_normative_deviation_experts,internal_fold,8,9,0.7228853139595226,0.6124377397647035,0.6292134831460674,0.6271406331084588,36.0,30.0,nan,16.0,0.4168674945831299,nan,nan,nan,nan,nan,nan,nan,nan,nan,nan,nan,nan,nan,nan,nan,nan,nan,nan,nan,nan,nan,0.2068144977092743,1.3488051891326904,0.14005602896213531,0.002801120514050126,0.8571428656578064,0.2585412561893463,-9.025309388732694e-09,0.9999998807907104,0.10410095006227493,0.0063091483898460865,0.8895899057388306,0.10862244665622711,0.16620738804340363,0.29487866163253784,0.0013923558872193098,0.003833415685221553,0.16620738804340363,0.29487866163253784,0.33851873874664307,0.18803046643733978,0.1872709095478058,0.0007595582283101976,0.21392464637756348,0.21392464637756348,0.001210677670314908,-4.8134982222336475e-08,7.485862731933594,367.90459990501404,88,PASS
baseline,internal_oof,8,all,0.7238616134774645,0.612369107121624,0.6374133949191686,0.6473104409070973,26.3,36.0,nan,nan,nan,nan,nan,nan,nan,nan,nan,nan,nan,nan,nan,nan,nan,nan,nan,nan,nan,nan,nan,nan,nan,nan,nan,nan,nan,nan,nan,nan,nan,nan,nan,nan,nan,nan,nan,nan,nan,nan,nan,nan,nan,nan,nan,nan,nan,nan,nan,nan,nan,290.2891972064972,882,PASS
crsm_corrected,internal_oof,8,all,0.7236706999303424,0.6125023159121618,0.6374133949191686,0.6473104409070973,26.3,36.0,0.2,nan,nan,2.0,1.0,24.71790599822998,1.0,145.53207550048828,1.4980245232582092,7.180757522583008,0.009999999999999998,0.0021247372613288464,0.003004832286387682,0.5005515336990356,0.49944846928119657,0.6931253671646118,0.5000000715255737,0.49999992847442626,0.6931396365165711,0.0027835849672555924,0.0026324769482016564,0.09665886163711548,-9.310738823842257e-06,-9.628405678085983e-06,nan,nan,nan,nan,nan,nan,nan,nan,nan,nan,nan,nan,nan,nan,nan,nan,nan,nan,nan,nan,nan,nan,nan,nan,nan,nan,nan,290.2891972064972,882,PASS
selective_normative_deviation_experts,internal_oof,8,all,0.7200691416630117,0.6281529586635356,0.6472564389697648,0.6443616005779005,26.3,36.0,nan,25.5,nan,nan,nan,nan,nan,nan,nan,nan,nan,nan,nan,nan,nan,nan,nan,nan,nan,nan,nan,nan,nan,nan,0.02118918374180794,1.2914861559867858,0.07759103854186833,0.05630252230912447,0.8661064505577087,0.1585000365972519,-1.2785854930363883e-09,0.9999999761581421,0.05646687846165151,0.03596214586868882,0.9075709879398346,0.09482558481395245,0.18980951756238937,0.35180019214749336,-0.00383412950541242,-0.004462603153660894,0.18980951756238937,0.35180019214749336,0.4349225711077452,0.12855225764214992,0.09624066879459861,0.03231158841808792,0.20533508211374282,0.20533508211374282,0.0012964763678610324,-3.0084366109406346e-09,7.486992359161377,290.2891972064972,882,PASS
baseline,caltech,8,external,0.6403508771929824,0.6689899327875769,0.6857142857142857,0.7046783625730995,25.0,46.0,nan,nan,0.4422127902507782,nan,nan,nan,nan,nan,nan,nan,nan,nan,nan,nan,nan,nan,nan,nan,nan,nan,nan,nan,nan,nan,nan,nan,nan,nan,nan,nan,nan,nan,nan,nan,nan,nan,nan,nan,nan,nan,nan,nan,nan,nan,nan,nan,nan,nan,nan,nan,nan,301.2196762561798,37,PASS
crsm_corrected,caltech,8,external,0.6403508771929824,0.6689899331329359,0.6857142857142857,0.7046783625730995,25.0,46.0,0.0,nan,0.4422128200531006,2.0,1.0,23.091768264770508,1.0,152.8848114013672,1.6928941011428833,7.333362579345703,0.01,0.0023084827698767185,0.0032646877225488424,0.5,0.5,0.6931472420692444,0.5,0.5,0.6931471824645996,0.0,0.0,0.0,0.0,0.0,nan,nan,nan,nan,nan,nan,nan,nan,nan,nan,nan,nan,nan,nan,nan,nan,nan,nan,nan,nan,nan,nan,nan,nan,nan,nan,nan,301.2196762561798,37,PASS
selective_normative_deviation_experts,caltech,8,external,0.6403508771929824,0.6689899313555088,0.6857142857142857,0.7046783625730995,25.0,46.0,nan,0.0,0.4422128200531006,nan,nan,nan,nan,nan,nan,nan,nan,nan,nan,nan,nan,nan,nan,nan,nan,nan,nan,nan,nan,nan,0.23739832639694214,1.3372597694396973,0.14523810148239136,0.0023809524718672037,0.8523809909820557,0.0,-1.2783837988195046e-08,0.9999998807907104,0.09383378177881241,0.0,0.9061662554740906,0.0,0.0,0.0,0.0,0.0,0.0,0.0,0.0,0.0,0.0,0.0,0.20105083286762238,0.20105083286762238,0.0012272633612155914,-1.0227070390556037e-07,7.164865970611572,301.2196762561798,37,PASS
baseline,abide2,8,external,0.7332309582309582,0.6054935332595268,0.6992084432717678,0.6911778255528256,25.0,46.0,nan,nan,0.4422127902507782,nan,nan,nan,nan,nan,nan,nan,nan,nan,nan,nan,nan,nan,nan,nan,nan,nan,nan,nan,nan,nan,nan,nan,nan,nan,nan,nan,nan,nan,nan,nan,nan,nan,nan,nan,nan,nan,nan,nan,nan,nan,nan,nan,nan,nan,nan,nan,nan,301.2196762561798,727,PASS
crsm_corrected,abide2,8,external,0.7332309582309582,0.6054935323918319,0.6992084432717678,0.6911778255528256,25.0,46.0,0.0,nan,0.4422128200531006,2.0,1.0,23.091768264770508,1.0,152.8848114013672,1.6928941011428833,7.333362579345703,0.01,0.0023084827698767185,0.0032646877225488424,0.5,0.5,0.6931472420692444,0.5,0.5,0.6931471824645996,0.0,0.0,0.0,0.0,0.0,nan,nan,nan,nan,nan,nan,nan,nan,nan,nan,nan,nan,nan,nan,nan,nan,nan,nan,nan,nan,nan,nan,nan,nan,nan,nan,nan,301.2196762561798,727,PASS
selective_normative_deviation_experts,abide2,8,external,0.7332271191646191,0.6054935333552689,0.6992084432717678,0.6911778255528256,25.0,46.0,nan,0.0,0.4422128200531006,nan,nan,nan,nan,nan,nan,nan,nan,nan,nan,nan,nan,nan,nan,nan,nan,nan,nan,nan,nan,nan,0.23739832639694214,1.3372597694396973,0.14523810148239136,0.0023809524718672037,0.8523809909820557,0.0,-1.2783837988195046e-08,0.9999998807907104,0.09383378177881241,0.0,0.9061662554740906,0.0,0.0,0.0,0.0,0.0,0.0,0.0,0.0,0.0,0.0,0.0,0.20105083286762238,0.20105083286762238,0.0012272633612155914,-1.0227070390556037e-07,7.164865970611572,301.2196762561798,727,PASS
baseline,internal_fold,9,0,0.6747720364741641,0.6439526831492643,0.55,0.6030901722391084,29.0,52.0,nan,nan,0.39267826080322266,nan,nan,nan,nan,nan,nan,nan,nan,nan,nan,nan,nan,nan,nan,nan,nan,nan,nan,nan,nan,nan,nan,nan,nan,nan,nan,nan,nan,nan,nan,nan,nan,nan,nan,nan,nan,nan,nan,nan,nan,nan,nan,nan,nan,nan,nan,nan,nan,296.3033797740936,89,PASS
crsm_corrected,internal_fold,9,0,0.6747720364741641,0.6439526830171827,0.55,0.6030901722391084,29.0,52.0,0.0,nan,0.39267826080322266,2.0,1.0,23.596773147583008,1.0,163.6947784423828,1.7748119831085205,8.584221839904785,0.01,0.0020675279665738344,0.002923926105722785,0.5,0.5,0.6931472420692444,0.5,0.5,0.6931471824645996,0.0,0.0,0.0,0.0,0.0,nan,nan,nan,nan,nan,nan,nan,nan,nan,nan,nan,nan,nan,nan,nan,nan,nan,nan,nan,nan,nan,nan,nan,nan,nan,nan,nan,296.3033797740936,89,PASS
selective_normative_deviation_experts,internal_fold,9,0,0.6641337386018237,0.6596724947647403,0.55,0.6030901722391084,29.0,52.0,nan,9.0,0.39267826080322266,nan,nan,nan,nan,nan,nan,nan,nan,nan,nan,nan,nan,nan,nan,nan,nan,nan,nan,nan,nan,nan,-0.2953195571899414,1.4048914909362793,0.0,0.1568627506494522,0.843137264251709,0.13133645057678223,1.5042181944480149e-09,1.0,0.0,0.09463722258806229,0.9053627848625183,0.07761920243501663,0.17302650213241577,0.0868324339389801,0.008861726149916649,0.0010386784560978413,0.17302650213241577,0.0868324339389801,0.1937979757785797,0.10607180744409561,0.0,0.10607180744409561,0.24611352384090424,0.24611352384090424,0.0011732492130249739,2.4067491111168238e-08,7.98054838180542,296.3033797740936,89,PASS
baseline,internal_fold,9,1,0.7669706180344478,0.5723243948699077,0.7428571428571429,0.6887031408308004,45.0,59.0,nan,nan,0.5272468328475952,nan,nan,nan,nan,nan,nan,nan,nan,nan,nan,nan,nan,nan,nan,nan,nan,nan,nan,nan,nan,nan,nan,nan,nan,nan,nan,nan,nan,nan,nan,nan,nan,nan,nan,nan,nan,nan,nan,nan,nan,nan,nan,nan,nan,nan,nan,nan,nan,278.0097472667694,89,PASS
crsm_corrected,internal_fold,9,1,0.7669706180344478,0.5723243929635584,0.7428571428571429,0.6887031408308004,45.0,59.0,0.0,nan,0.5272468328475952,2.0,1.0,24.2071475982666,1.0,143.35018920898438,2.009044647216797,6.2542266845703125,0.01,0.0032122989650815725,0.0045428769662976265,0.5,0.5,0.6931472420692444,0.5,0.5,0.6931471824645996,0.0,0.0,0.0,0.0,0.0,nan,nan,nan,nan,nan,nan,nan,nan,nan,nan,nan,nan,nan,nan,nan,nan,nan,nan,nan,nan,nan,nan,nan,nan,nan,nan,nan,278.0097472667694,89,PASS
selective_normative_deviation_experts,internal_fold,9,1,0.7689969604863223,0.5920893247036607,0.7032967032967034,0.6975683890577508,45.0,59.0,nan,8.0,0.4122281074523926,nan,nan,nan,nan,nan,nan,nan,nan,nan,nan,nan,nan,nan,nan,nan,nan,nan,nan,nan,nan,nan,0.2789316475391388,1.4385124444961548,0.14565826952457428,0.002801120514050126,0.8515406250953674,0.1506614238023758,-4.512654694366347e-09,0.9999998807907104,0.10094637423753738,0.0063091483898460865,0.8927444815635681,0.060022179037332535,0.08057684451341629,0.1429482251405716,-4.79829941468779e-05,-0.005791221745312214,0.08057684451341629,0.1429482251405716,0.16419611871242523,0.10803138464689255,0.10607185959815979,0.001959538785740733,0.19921983778476715,0.19921983778476715,0.001275448128581047,-4.8134982222336475e-08,6.8846049308776855,278.0097472667694,89,PASS
baseline,internal_fold,9,2,0.7065217391304347,0.6096765247140593,0.5194805194805194,0.5864389233954451,22.0,36.0,nan,nan,0.376976877450943,nan,nan,nan,nan,nan,nan,nan,nan,nan,nan,nan,nan,nan,nan,nan,nan,nan,nan,nan,nan,nan,nan,nan,nan,nan,nan,nan,nan,nan,nan,nan,nan,nan,nan,nan,nan,nan,nan,nan,nan,nan,nan,nan,nan,nan,nan,nan,nan,320.8907332420349,88,PASS
crsm_corrected,internal_fold,9,2,0.7065217391304347,0.609676524430712,0.5194805194805194,0.5864389233954451,22.0,36.0,0.0,nan,0.3769768476486206,2.0,1.0,23.939495086669922,1.0,149.44839477539062,1.4438369274139404,7.1925177574157715,0.01,0.002007415285333991,0.0028389140497893095,0.5,0.5,0.6931472420692444,0.5,0.5,0.6931471824645996,0.0,0.0,0.0,0.0,0.0,nan,nan,nan,nan,nan,nan,nan,nan,nan,nan,nan,nan,nan,nan,nan,nan,nan,nan,nan,nan,nan,nan,nan,nan,nan,nan,nan,320.8907332420349,88,PASS
selective_normative_deviation_experts,internal_fold,9,2,0.6873706004140787,0.6317424833001944,0.5128205128205128,0.5745341614906833,22.0,36.0,nan,9.0,0.3769768476486206,nan,nan,nan,nan,nan,nan,nan,nan,nan,nan,nan,nan,nan,nan,nan,nan,nan,nan,nan,nan,nan,0.16494746506214142,1.308383584022522,0.10084033757448196,0.0,0.8991596698760986,0.09745970368385315,6.0168727777920594e-09,1.0,0.06309148669242859,0.0031545741949230433,0.9337539672851562,0.09161406010389328,0.06930427253246307,0.1745675951242447,0.0016145691042765975,-0.008939478546380997,0.06930427253246307,0.1745675951242447,0.188041090965271,0.0947103351354599,0.09437526017427444,0.00033507728949189186,0.20943069458007812,0.20943069458007812,0.0011808269191533327,-3.0084365221227927e-08,7.684609413146973,320.8907332420349,88,PASS
baseline,internal_fold,9,3,0.7142857142857143,0.6350078958418994,0.702127659574468,0.6801242236024845,19.0,45.0,nan,nan,0.45906126499176025,nan,nan,nan,nan,nan,nan,nan,nan,nan,nan,nan,nan,nan,nan,nan,nan,nan,nan,nan,nan,nan,nan,nan,nan,nan,nan,nan,nan,nan,nan,nan,nan,nan,nan,nan,nan,nan,nan,nan,nan,nan,nan,nan,nan,nan,nan,nan,nan,253.4429795742035,88,PASS
crsm_corrected,internal_fold,9,3,0.7142857142857143,0.635007890491492,0.702127659574468,0.6801242236024845,19.0,45.0,0.0,nan,0.45906123518943787,2.0,1.0,24.255496978759766,1.0,148.50814819335938,1.790573000907898,6.744725227355957,0.01,0.00265477504581213,0.0037544190417975187,0.5,0.5,0.6931472420692444,0.5,0.5,0.6931471824645996,0.0,0.0,0.0,0.0,0.0,nan,nan,nan,nan,nan,nan,nan,nan,nan,nan,nan,nan,nan,nan,nan,nan,nan,nan,nan,nan,nan,nan,nan,nan,nan,nan,nan,253.4429795742035,88,PASS
selective_normative_deviation_experts,internal_fold,9,3,0.7210144927536232,0.6324080262852277,0.723404255319149,0.7028985507246377,19.0,45.0,nan,72.0,0.45906123518943787,nan,nan,nan,nan,nan,nan,nan,nan,nan,nan,nan,nan,nan,nan,nan,nan,nan,nan,nan,nan,nan,-0.18061217665672302,1.2771073579788208,0.005602241028100252,0.12324929982423782,0.8711484670639038,0.3121674060821533,-4.512654694366347e-09,1.0,0.0,0.07255520671606064,0.9274448156356812,0.19234001636505127,0.9815489649772644,0.32553163170814514,0.05220647528767586,-0.005560510326176882,0.9815489649772644,0.32553163170814514,1.035454273223877,0.25580939650535583,0.0057956441305577755,0.2500137686729431,0.21273845434188843,0.21273845434188843,0.001232030102983117,4.8134982222336475e-08,7.6558380126953125,253.4429795742035,88,PASS
baseline,internal_fold,9,4,0.7070393374741201,0.6163213182696419,0.6,0.6418219461697723,21.0,41.0,nan,nan,0.3930024802684784,nan,nan,nan,nan,nan,nan,nan,nan,nan,nan,nan,nan,nan,nan,nan,nan,nan,nan,nan,nan,nan,nan,nan,nan,nan,nan,nan,nan,nan,nan,nan,nan,nan,nan,nan,nan,nan,nan,nan,nan,nan,nan,nan,nan,nan,nan,nan,nan,271.418580532074,88,PASS
crsm_corrected,internal_fold,9,4,0.7065217391304348,0.6163185290057162,0.6666666666666666,0.6594202898550725,21.0,41.0,1.0,nan,0.4610201418399811,2.0,1.0,23.600038528442383,1.0,149.8186798095703,1.5936172008514404,7.342638969421387,0.01,0.002170360181480646,0.003069352824240923,0.5033705234527588,0.496629536151886,0.6929789781570435,0.49999961256980896,0.5000004172325134,0.6930795311927795,0.014210307970643044,0.013278008438646793,0.9256671071052551,-4.999953307560645e-05,-4.9999627663055435e-05,nan,nan,nan,nan,nan,nan,nan,nan,nan,nan,nan,nan,nan,nan,nan,nan,nan,nan,nan,nan,nan,nan,nan,nan,nan,nan,nan,271.418580532074,88,PASS
selective_normative_deviation_experts,internal_fold,9,4,0.7075569358178053,0.6207447374243982,0.6590909090909092,0.660455486542443,21.0,41.0,nan,12.0,0.4646245241165161,nan,nan,nan,nan,nan,nan,nan,nan,nan,nan,nan,nan,nan,nan,nan,nan,nan,nan,nan,nan,nan,0.23747016489505768,1.356024146080017,0.13725490868091583,0.0,0.8627451062202454,0.14525702595710754,-6.0168727777920594e-09,1.0,0.09463722258806229,0.0031545741949230433,0.9022082090377808,0.09762342274188995,0.1057795062661171,0.23208190500736237,-0.000807928096037358,-0.011900153942406178,0.1057795062661171,0.23208190500736237,0.255330353975296,0.12285369634628296,0.12254152446985245,0.0003121707122772932,0.22369971871376038,0.22369971871376038,0.001238329685293138,2.4067491111168238e-08,7.520554065704346,271.418580532074,88,PASS
baseline,internal_fold,9,5,0.68188894654904,0.6234475534084862,0.7068965517241379,0.5947067981318112,2.0,41.0,nan,nan,0.6058780550956726,nan,nan,nan,nan,nan,nan,nan,nan,nan,nan,nan,nan,nan,nan,nan,nan,nan,nan,nan,nan,nan,nan,nan,nan,nan,nan,nan,nan,nan,nan,nan,nan,nan,nan,nan,nan,nan,nan,nan,nan,nan,nan,nan,nan,nan,nan,nan,nan,244.97665405273438,88,PASS
crsm_corrected,internal_fold,9,5,0.6855215360664245,0.6221328616800423,0.6956521739130435,0.5840685002594707,2.0,41.0,2.0,nan,0.5963472723960876,2.0,1.0,34.29697799682617,1.0,147.67196655273438,1.338815689086914,6.7524261474609375,0.01,0.0019827180076390505,0.002803986892104149,0.5042491555213928,0.4957508146762848,0.6929891109466553,0.5000001192092896,0.49999991059303284,0.6930777430534363,0.02745904214680195,0.026565490290522575,0.972546398639679,-9.759772365214303e-05,-9.838962432695553e-05,nan,nan,nan,nan,nan,nan,nan,nan,nan,nan,nan,nan,nan,nan,nan,nan,nan,nan,nan,nan,nan,nan,nan,nan,nan,nan,nan,244.97665405273438,88,PASS
selective_normative_deviation_experts,internal_fold,9,5,0.68188894654904,0.6234475573999164,0.7068965517241379,0.5947067981318112,2.0,41.0,nan,0.0,0.6058780550956726,nan,nan,nan,nan,nan,nan,nan,nan,nan,nan,nan,nan,nan,nan,nan,nan,nan,nan,nan,nan,nan,-0.38576579093933105,1.3392196893692017,0.014005602337419987,0.19327731430530548,0.7927170991897583,0.0,1.5042181944480149e-09,1.0,0.041009463369846344,0.10725552588701248,0.8517350554466248,0.0,0.0,0.0,0.0,0.0,0.0,0.0,0.0,0.0,0.0,0.0,0.19312593340873718,0.19312593340873718,0.0011393656022846699,4.8134982222336475e-08,7.133670806884766,244.97665405273438,88,PASS
baseline,internal_fold,9,6,0.7524649714582252,0.5823573185315295,0.7010309278350516,0.6665801764400623,32.0,30.0,nan,nan,0.4677788019180298,nan,nan,nan,nan,nan,nan,nan,nan,nan,nan,nan,nan,nan,nan,nan,nan,nan,nan,nan,nan,nan,nan,nan,nan,nan,nan,nan,nan,nan,nan,nan,nan,nan,nan,nan,nan,nan,nan,nan,nan,nan,nan,nan,nan,nan,nan,nan,nan,251.7166097164154,88,PASS
crsm_corrected,internal_fold,9,6,0.7524649714582252,0.5823573235488614,0.7010309278350516,0.6665801764400623,32.0,30.0,0.0,nan,0.4677788019180298,2.0,1.0,25.75360679626465,1.0,142.07826232910156,1.3732234239578247,6.043203353881836,0.01,0.002272343495860696,0.003213579300791025,0.5,0.5,0.6931472420692444,0.5,0.5,0.6931471824645996,0.0,0.0,0.0,0.0,0.0,nan,nan,nan,nan,nan,nan,nan,nan,nan,nan,nan,nan,nan,nan,nan,nan,nan,nan,nan,nan,nan,nan,nan,nan,nan,nan,nan,251.7166097164154,88,PASS
selective_normative_deviation_experts,internal_fold,9,6,0.7462376751427089,0.5894403891414385,0.7083333333333333,0.6787752983912818,32.0,30.0,nan,1.0,0.4677788019180298,nan,nan,nan,nan,nan,nan,nan,nan,nan,nan,nan,nan,nan,nan,nan,nan,nan,nan,nan,nan,nan,-0.15586747229099274,1.2149354219436646,0.005602241028100252,0.13725490868091583,0.8571428656578064,0.020601734519004822,4.512654694366347e-09,1.0000001192092896,0.0063091483898460865,0.10410095006227493,0.8895899057388306,0.021447675302624702,0.019593793898820877,0.019595833495259285,0.0009998343884944916,0.0009999971371144056,0.019593793898820877,0.019595833495259285,0.02774730883538723,0.02099960297346115,0.0005005219718441367,0.020499078556895256,0.18804457783699036,0.18804457783699036,0.0014741283375769854,1.2033745555584119e-08,7.036438941955566,251.7166097164154,88,PASS
baseline,internal_fold,9,7,0.7057602490918525,0.6249235932721359,0.6804123711340208,0.6437467566165023,41.0,23.0,nan,nan,0.42491939663887024,nan,nan,nan,nan,nan,nan,nan,nan,nan,nan,nan,nan,nan,nan,nan,nan,nan,nan,nan,nan,nan,nan,nan,nan,nan,nan,nan,nan,nan,nan,nan,nan,nan,nan,nan,nan,nan,nan,nan,nan,nan,nan,nan,nan,nan,nan,nan,nan,295.40656876564026,88,PASS
crsm_corrected,internal_fold,9,7,0.7057602490918525,0.6249235942558568,0.6804123711340208,0.6437467566165023,41.0,23.0,0.0,nan,0.4249194264411926,2.0,1.0,22.962907791137695,1.0,154.11236572265625,1.1985187530517578,7.966660499572754,0.01,0.0015044179745018482,0.002127568470314145,0.5,0.5,0.6931472420692444,0.5,0.5,0.6931471824645996,0.0,0.0,0.0,0.0,0.0,nan,nan,nan,nan,nan,nan,nan,nan,nan,nan,nan,nan,nan,nan,nan,nan,nan,nan,nan,nan,nan,nan,nan,nan,nan,nan,nan,295.40656876564026,88,PASS
selective_normative_deviation_experts,internal_fold,9,7,0.7228853139595225,0.6148807787587203,0.6875000000000001,0.6559418785677218,41.0,23.0,nan,20.0,0.4249194264411926,nan,nan,nan,nan,nan,nan,nan,nan,nan,nan,nan,nan,nan,nan,nan,nan,nan,nan,nan,nan,nan,0.12340512871742249,1.1467766761779785,0.1120448186993599,0.0,0.8879551887512207,0.1682642549276352,0.0,1.0,0.07570978254079819,0.0031545741949230433,0.921135663986206,0.09460719674825668,0.1230938658118248,0.381132572889328,0.00042440000106580555,-0.01950255036354065,0.1230938658118248,0.381132572889328,0.40099212527275085,0.13362139463424683,0.1329672932624817,0.0006541021284647286,0.21160459518432617,0.21160459518432617,0.0013328779023140669,-2.4067491111168238e-08,8.032363891601562,295.40656876564026,88,PASS
baseline,internal_fold,9,8,0.7436429683445771,0.5835109431963593,0.6904761904761905,0.7109496626881162,18.0,31.0,nan,nan,0.4403724670410156,nan,nan,nan,nan,nan,nan,nan,nan,nan,nan,nan,nan,nan,nan,nan,nan,nan,nan,nan,nan,nan,nan,nan,nan,nan,nan,nan,nan,nan,nan,nan,nan,nan,nan,nan,nan,nan,nan,nan,nan,nan,nan,nan,nan,nan,nan,nan,nan,320.25184082984924,88,PASS
crsm_corrected,internal_fold,9,8,0.7436429683445771,0.5835109457415466,0.6904761904761905,0.7109496626881162,18.0,31.0,0.0,nan,0.440372496843338,2.0,1.0,24.52249526977539,1.0,145.50997924804688,1.3252315521240234,6.529782295227051,0.01,0.002029518596827984,0.0028701727278530598,0.5,0.5,0.6931472420692444,0.5,0.5,0.6931471824645996,0.0,0.0,0.0,0.0,0.0,nan,nan,nan,nan,nan,nan,nan,nan,nan,nan,nan,nan,nan,nan,nan,nan,nan,nan,nan,nan,nan,nan,nan,nan,nan,nan,nan,320.25184082984924,88,PASS
selective_normative_deviation_experts,internal_fold,9,8,0.7436429683445771,0.5835109403512253,0.6904761904761905,0.7109496626881162,18.0,31.0,nan,0.0,0.440372496843338,nan,nan,nan,nan,nan,nan,nan,nan,nan,nan,nan,nan,nan,nan,nan,nan,nan,nan,nan,nan,nan,0.2540166676044464,1.2997981309890747,0.15126051008701324,0.002801120514050126,0.8459383845329285,0.0,-1.2033745555584119e-08,1.0,0.09779179841279984,0.009463722817599773,0.8927444815635681,0.0,0.0,0.0,0.0,0.0,0.0,0.0,0.0,0.0,0.0,0.0,0.18919657170772552,0.18919657170772552,0.0013038880424574018,-2.4067491111168238e-08,7.142141342163086,320.25184082984924,88,PASS
baseline,internal_fold,9,9,0.7130254281266216,0.6205402116359369,0.6990291262135921,0.6390762843798651,46.0,44.0,nan,nan,0.5458702445030212,nan,nan,nan,nan,nan,nan,nan,nan,nan,nan,nan,nan,nan,nan,nan,nan,nan,nan,nan,nan,nan,nan,nan,nan,nan,nan,nan,nan,nan,nan,nan,nan,nan,nan,nan,nan,nan,nan,nan,nan,nan,nan,nan,nan,nan,nan,nan,nan,296.53865098953247,88,PASS
crsm_corrected,internal_fold,9,9,0.7130254281266216,0.6205402076299346,0.6990291262135921,0.6390762843798651,46.0,44.0,0.0,nan,0.5458702445030212,2.0,1.0,23.189905166625977,1.0,146.92327880859375,1.6655267477035522,7.772132873535156,0.01,0.0021429467014968395,0.0030305844265967607,0.5,0.5,0.6931472420692444,0.5,0.5,0.6931471824645996,0.0,0.0,0.0,0.0,0.0,nan,nan,nan,nan,nan,nan,nan,nan,nan,nan,nan,nan,nan,nan,nan,nan,nan,nan,nan,nan,nan,nan,nan,nan,nan,nan,nan,296.53865098953247,88,PASS
selective_normative_deviation_experts,internal_fold,9,9,0.717695900363259,0.6172201740072086,0.7115384615384615,0.6497145822522055,46.0,44.0,nan,1.0,0.5458702445030212,nan,nan,nan,nan,nan,nan,nan,nan,nan,nan,nan,nan,nan,nan,nan,nan,nan,nan,nan,nan,nan,-0.13618464767932892,1.1770261526107788,0.005602241028100252,0.12324929982423782,0.8711484670639038,0.05625694617629051,3.0084363888960297e-09,1.0,0.0,0.10094637423753738,0.8990536332130432,0.017705872654914856,0.019551647827029228,0.019595829769968987,0.0009995370637625456,0.0009999965550377965,0.019551647827029228,0.019595829769968987,0.027717551216483116,0.038125358521938324,2.564556780271232e-05,0.03809971362352371,0.197393536567688,0.197393536567688,0.001353729865513742,4.8134982222336475e-08,7.607542037963867,296.53865098953247,88,PASS
baseline,internal_oof,9,all,0.7197027940455611,0.6111992874424836,0.6666666666666666,0.6462294574443384,27.5,40.2,nan,nan,nan,nan,nan,nan,nan,nan,nan,nan,nan,nan,nan,nan,nan,nan,nan,nan,nan,nan,nan,nan,nan,nan,nan,nan,nan,nan,nan,nan,nan,nan,nan,nan,nan,nan,nan,nan,nan,nan,nan,nan,nan,nan,nan,nan,nan,nan,nan,nan,nan,282.8955744743347,882,PASS
crsm_corrected,internal_oof,9,all,0.7198575888134982,0.6110678377769753,0.6709129511677282,0.6467634993937206,27.5,40.2,0.3,nan,nan,2.0,1.0,25.032484436035155,1.0,149.11160430908203,1.551319992542267,7.118253564834594,0.009999999999999998,0.0022044322220608594,0.00311753808055073,0.5007619678974151,0.49923803508281706,0.6931146025657654,0.49999997317790984,0.5000000327825547,0.6931334733963013,0.0041669350117444996,0.0039843498729169365,0.1898213505744934,-1.4759725672774948e-05,-1.4838925199001097e-05,nan,nan,nan,nan,nan,nan,nan,nan,nan,nan,nan,nan,nan,nan,nan,nan,nan,nan,nan,nan,nan,nan,nan,nan,nan,nan,nan,282.8955744743347,882,PASS
selective_normative_deviation_experts,internal_oof,9,all,0.719124893578597,0.6165369269382094,0.6709816612729235,0.653458373106989,27.5,40.2,nan,13.2,nan,nan,nan,nan,nan,nan,nan,nan,nan,nan,nan,nan,nan,nan,nan,nan,nan,nan,nan,nan,nan,nan,-0.009497857093811036,1.2962675094604492,0.0677871169988066,0.07394958143122494,0.8582633137702942,0.10820049457252026,-1.0529527472158406e-09,1.0,0.04794952762313187,0.05047318732831627,0.9015772998332977,0.065297962538898,0.15724753979593514,0.13822860270738602,0.006425063090500771,-0.004865524277556687,0.15724753979593514,0.13822860270738602,0.229327679798007,0.08802229762077332,0.0462277749174973,0.041794525721343234,0.20705674439668656,0.20705674439668656,0.0012703873799182475,7.821934477902915e-09,7.467831182479858,282.8955744743347,882,PASS
baseline,caltech,9,external,0.6608187134502924,0.6496571476926205,0.631578947368421,0.6213450292397661,25.0,33.0,nan,nan,0.4872669279575348,nan,nan,nan,nan,nan,nan,nan,nan,nan,nan,nan,nan,nan,nan,nan,nan,nan,nan,nan,nan,nan,nan,nan,nan,nan,nan,nan,nan,nan,nan,nan,nan,nan,nan,nan,nan,nan,nan,nan,nan,nan,nan,nan,nan,nan,nan,nan,nan,320.3232088088989,37,PASS
crsm_corrected,caltech,9,external,0.6666666666666667,0.6491599656483845,0.631578947368421,0.6213450292397661,25.0,33.0,2.0,nan,0.4761199951171875,2.0,1.0,23.10778045654297,1.0,154.69248962402344,1.3824070692062378,7.548106670379639,0.01,0.0018314620247110724,0.0025900783948600292,0.5001201629638672,0.4998798668384552,0.6930252909660339,0.49999943375587463,0.5000006556510925,0.693069577217102,0.027030739933252335,0.027050089091062546,0.9757174253463745,-9.660013165557757e-05,-9.63799175224267e-05,nan,nan,nan,nan,nan,nan,nan,nan,nan,nan,nan,nan,nan,nan,nan,nan,nan,nan,nan,nan,nan,nan,nan,nan,nan,nan,nan,320.3232088088989,37,PASS
selective_normative_deviation_experts,caltech,9,external,0.6929824561403509,0.6324984484043339,0.631578947368421,0.6213450292397661,25.0,33.0,nan,2.0,0.4872669279575348,nan,nan,nan,nan,nan,nan,nan,nan,nan,nan,nan,nan,nan,nan,nan,nan,nan,nan,nan,nan,nan,-0.18364278972148895,1.2240862846374512,0.0,0.12619048357009888,0.8738095760345459,0.062011174857616425,1.0227070745827405e-08,0.9999998807907104,0.002680965233594179,0.0965147465467453,0.900804340839386,0.01949542947113514,0.03905990347266197,0.03426854684948921,-0.0019980520009994507,0.001975197345018387,0.03905990347266197,0.03426854684948921,0.05203751474618912,0.042013224214315414,6.265572301344946e-05,0.041950568556785583,0.2004619836807251,0.2004619836807251,0.0013195137726143003,1.0227070390556037e-07,7.666320323944092,320.3232088088989,37,PASS
baseline,abide2,9,external,0.7370777027027027,0.6000212299469876,0.7261462205700123,0.69276335995086,25.0,33.0,nan,nan,0.4872669279575348,nan,nan,nan,nan,nan,nan,nan,nan,nan,nan,nan,nan,nan,nan,nan,nan,nan,nan,nan,nan,nan,nan,nan,nan,nan,nan,nan,nan,nan,nan,nan,nan,nan,nan,nan,nan,nan,nan,nan,nan,nan,nan,nan,nan,nan,nan,nan,nan,320.3232088088989,727,PASS
crsm_corrected,abide2,9,external,0.7369548525798526,0.5990858912627363,0.7245657568238213,0.6915348587223588,25.0,33.0,2.0,nan,0.4761199951171875,2.0,1.0,23.10778045654297,1.0,154.69248962402344,1.3824070692062378,7.548106670379639,0.01,0.0018314620247110724,0.0025900783948600292,0.5001201629638672,0.4998798668384552,0.6930252909660339,0.49999943375587463,0.5000006556510925,0.693069577217102,0.027030739933252335,0.027050089091062546,0.9757174253463745,-9.660013165557757e-05,-9.63799175224267e-05,nan,nan,nan,nan,nan,nan,nan,nan,nan,nan,nan,nan,nan,nan,nan,nan,nan,nan,nan,nan,nan,nan,nan,nan,nan,nan,nan,320.3232088088989,727,PASS
selective_normative_deviation_experts,abide2,9,external,0.7352810196560196,0.6005785618935655,0.7243510506798517,0.68963835995086,25.0,33.0,nan,2.0,0.4872669279575348,nan,nan,nan,nan,nan,nan,nan,nan,nan,nan,nan,nan,nan,nan,nan,nan,nan,nan,nan,nan,nan,-0.18364278972148895,1.2240862846374512,0.0,0.12619048357009888,0.8738095760345459,0.062011174857616425,1.0227070745827405e-08,0.9999998807907104,0.002680965233594179,0.0965147465467453,0.900804340839386,0.01949542947113514,0.03905990347266197,0.03426854684948921,-0.0019980520009994507,0.001975197345018387,0.03905990347266197,0.03426854684948921,0.05203751474618912,0.042013224214315414,6.265572301344946e-05,0.041950568556785583,0.2004619836807251,0.2004619836807251,0.0013195137726143003,1.0227070390556037e-07,7.666320323944092,320.3232088088989,727,PASS
