==================================================
INVOCATION_START 2026-09-14T04:55:48Z repeat=4 gpu=0
REPEAT_START repeat=4 device=cuda:0 tasks=11
TASK_START repeat=4 scope=internal_cv fold=0 seed=100400 device=cuda:0 shared_encoder=Y
CHECKPOINT_BEST repeat=4 scope=internal_cv fold=0 phase=ssl epoch=1 path=/data/adodas/VarCoNet-V2-main/xiaolunwen/experiment3/checkpoints/worker_r4_best.pt
[repeat=4 fold=0] [epoch=1/50] ssl_loss=0.142411 lr=0.00002411 base_val_bce=0.612485 base_best=Y base_cls_epoch=46 epoch_sec=25.5 task_elapsed_min=0.4 gpu_alloc_gb=0.271 gpu_reserved_gb=1.676
[ssl_epoch=1/50] ssl_loss=0.142411 lr=0.00002411 base_val_bce=0.612485 base_best=Y base_cls_epoch=46 epoch_sec=25.5 elapsed_min=0.4 gpu_alloc_gb=0.271 gpu_reserved_gb=1.676
[repeat=4 fold=0] [epoch=2/50] ssl_loss=0.127241 lr=0.00003821 base_val_bce=0.627680 base_best=N base_cls_epoch=53 epoch_sec=4.1 task_elapsed_min=0.6 gpu_alloc_gb=0.271 gpu_reserved_gb=1.588
[ssl_epoch=2/50] ssl_loss=0.127241 lr=0.00003821 base_val_bce=0.627680 base_best=N base_cls_epoch=53 epoch_sec=4.1 elapsed_min=0.6 gpu_alloc_gb=0.271 gpu_reserved_gb=1.588
[repeat=4 fold=0] [epoch=3/50] ssl_loss=0.099842 lr=0.00005232 base_val_bce=0.625401 base_best=N base_cls_epoch=48 epoch_sec=3.5 task_elapsed_min=0.6 gpu_alloc_gb=0.271 gpu_reserved_gb=1.588
[ssl_epoch=3/50] ssl_loss=0.099842 lr=0.00005232 base_val_bce=0.625401 base_best=N base_cls_epoch=48 epoch_sec=3.8 elapsed_min=0.6 gpu_alloc_gb=0.271 gpu_reserved_gb=1.588
[repeat=4 fold=0] [epoch=4/50] ssl_loss=0.138153 lr=0.00006643 base_val_bce=0.619454 base_best=N base_cls_epoch=42 epoch_sec=3.6 task_elapsed_min=0.7 gpu_alloc_gb=0.271 gpu_reserved_gb=1.588
[ssl_epoch=4/50] ssl_loss=0.138153 lr=0.00006643 base_val_bce=0.619454 base_best=N base_cls_epoch=42 epoch_sec=4.7 elapsed_min=0.7 gpu_alloc_gb=0.271 gpu_reserved_gb=1.588
[repeat=4 fold=0] [epoch=5/50] ssl_loss=0.120385 lr=0.00008053 base_val_bce=0.620519 base_best=N base_cls_epoch=52 epoch_sec=3.2 task_elapsed_min=0.8 gpu_alloc_gb=0.271 gpu_reserved_gb=1.588
[ssl_epoch=5/50] ssl_loss=0.120385 lr=0.00008053 base_val_bce=0.620519 base_best=N base_cls_epoch=52 epoch_sec=3.2 elapsed_min=0.8 gpu_alloc_gb=0.271 gpu_reserved_gb=1.588
[repeat=4 fold=0] [epoch=6/50] ssl_loss=0.093410 lr=0.00009464 base_val_bce=0.617900 base_best=N base_cls_epoch=50 epoch_sec=3.4 task_elapsed_min=0.8 gpu_alloc_gb=0.271 gpu_reserved_gb=1.588
[ssl_epoch=6/50] ssl_loss=0.093410 lr=0.00009464 base_val_bce=0.617900 base_best=N base_cls_epoch=50 epoch_sec=3.5 elapsed_min=0.8 gpu_alloc_gb=0.271 gpu_reserved_gb=1.588
[repeat=4 fold=0] [epoch=7/50] ssl_loss=0.102988 lr=0.00010875 base_val_bce=0.615837 base_best=N base_cls_epoch=46 epoch_sec=3.9 task_elapsed_min=0.9 gpu_alloc_gb=0.271 gpu_reserved_gb=1.588
[ssl_epoch=7/50] ssl_loss=0.102988 lr=0.00010875 base_val_bce=0.615837 base_best=N base_cls_epoch=46 epoch_sec=4.1 elapsed_min=0.9 gpu_alloc_gb=0.271 gpu_reserved_gb=1.588
[repeat=4 fold=0] [epoch=8/50] ssl_loss=0.074106 lr=0.00012285 base_val_bce=0.620467 base_best=N base_cls_epoch=47 epoch_sec=3.8 task_elapsed_min=0.9 gpu_alloc_gb=0.271 gpu_reserved_gb=1.588
[ssl_epoch=8/50] ssl_loss=0.074106 lr=0.00012285 base_val_bce=0.620467 base_best=N base_cls_epoch=47 epoch_sec=5.1 elapsed_min=0.9 gpu_alloc_gb=0.271 gpu_reserved_gb=1.588
CHECKPOINT_BEST repeat=4 scope=internal_cv fold=0 phase=ssl epoch=9 path=/data/adodas/VarCoNet-V2-main/xiaolunwen/experiment3/checkpoints/worker_r4_best.pt
[repeat=4 fold=0] [epoch=9/50] ssl_loss=0.079644 lr=0.00013696 base_val_bce=0.606331 base_best=Y base_cls_epoch=48 epoch_sec=4.5 task_elapsed_min=1.0 gpu_alloc_gb=0.271 gpu_reserved_gb=1.588
[ssl_epoch=9/50] ssl_loss=0.079644 lr=0.00013696 base_val_bce=0.606331 base_best=Y base_cls_epoch=48 epoch_sec=4.5 elapsed_min=1.0 gpu_alloc_gb=0.271 gpu_reserved_gb=1.588
CHECKPOINT_BEST repeat=4 scope=internal_cv fold=0 phase=ssl epoch=10 path=/data/adodas/VarCoNet-V2-main/xiaolunwen/experiment3/checkpoints/worker_r4_best.pt
CHECKPOINT_LATEST repeat=4 scope=internal_cv fold=0 phase=ssl epoch=10 path=/data/adodas/VarCoNet-V2-main/xiaolunwen/experiment3/checkpoints/worker_r4_latest.pt
[repeat=4 fold=0] [epoch=10/50] ssl_loss=0.074524 lr=0.00013696 base_val_bce=0.606012 base_best=Y base_cls_epoch=49 epoch_sec=10.2 task_elapsed_min=1.1 gpu_alloc_gb=0.271 gpu_reserved_gb=1.588
[ssl_epoch=10/50] ssl_loss=0.074524 lr=0.00013696 base_val_bce=0.606012 base_best=Y base_cls_epoch=49 epoch_sec=10.2 elapsed_min=1.1 gpu_alloc_gb=0.271 gpu_reserved_gb=1.588
[repeat=4 fold=0] [epoch=11/50] ssl_loss=0.066781 lr=0.00013675 base_val_bce=0.618785 base_best=N base_cls_epoch=50 epoch_sec=3.0 task_elapsed_min=1.3 gpu_alloc_gb=0.271 gpu_reserved_gb=1.588
[ssl_epoch=11/50] ssl_loss=0.066781 lr=0.00013675 base_val_bce=0.618785 base_best=N base_cls_epoch=50 epoch_sec=3.3 elapsed_min=1.3 gpu_alloc_gb=0.271 gpu_reserved_gb=1.588
[repeat=4 fold=0] [epoch=12/50] ssl_loss=0.074245 lr=0.00013612 base_val_bce=0.614263 base_best=N base_cls_epoch=50 epoch_sec=4.1 task_elapsed_min=1.3 gpu_alloc_gb=0.271 gpu_reserved_gb=1.588
[ssl_epoch=12/50] ssl_loss=0.074245 lr=0.00013612 base_val_bce=0.614263 base_best=N base_cls_epoch=50 epoch_sec=4.1 elapsed_min=1.3 gpu_alloc_gb=0.271 gpu_reserved_gb=1.588
[repeat=4 fold=0] [epoch=13/50] ssl_loss=0.059855 lr=0.00013507 base_val_bce=0.614579 base_best=N base_cls_epoch=45 epoch_sec=3.5 task_elapsed_min=1.4 gpu_alloc_gb=0.271 gpu_reserved_gb=1.588
[ssl_epoch=13/50] ssl_loss=0.059855 lr=0.00013507 base_val_bce=0.614579 base_best=N base_cls_epoch=45 epoch_sec=3.7 elapsed_min=1.4 gpu_alloc_gb=0.271 gpu_reserved_gb=1.588
[repeat=4 fold=0] [epoch=14/50] ssl_loss=0.060861 lr=0.00013361 base_val_bce=0.622458 base_best=N base_cls_epoch=42 epoch_sec=3.5 task_elapsed_min=1.5 gpu_alloc_gb=0.271 gpu_reserved_gb=1.588
[ssl_epoch=14/50] ssl_loss=0.060861 lr=0.00013361 base_val_bce=0.622458 base_best=N base_cls_epoch=42 epoch_sec=3.5 elapsed_min=1.5 gpu_alloc_gb=0.271 gpu_reserved_gb=1.588
[repeat=4 fold=0] [epoch=15/50] ssl_loss=0.063214 lr=0.00013175 base_val_bce=0.619141 base_best=N base_cls_epoch=49 epoch_sec=4.0 task_elapsed_min=1.5 gpu_alloc_gb=0.271 gpu_reserved_gb=1.588
[ssl_epoch=15/50] ssl_loss=0.063214 lr=0.00013175 base_val_bce=0.619141 base_best=N base_cls_epoch=49 epoch_sec=4.0 elapsed_min=1.5 gpu_alloc_gb=0.271 gpu_reserved_gb=1.588
[repeat=4 fold=0] [epoch=16/50] ssl_loss=0.064983 lr=0.00012950 base_val_bce=0.617605 base_best=N base_cls_epoch=45 epoch_sec=3.9 task_elapsed_min=1.6 gpu_alloc_gb=0.271 gpu_reserved_gb=1.588
[ssl_epoch=16/50] ssl_loss=0.064983 lr=0.00012950 base_val_bce=0.617605 base_best=N base_cls_epoch=45 epoch_sec=3.9 elapsed_min=1.6 gpu_alloc_gb=0.271 gpu_reserved_gb=1.588
[repeat=4 fold=0] [epoch=17/50] ssl_loss=0.049970 lr=0.00012687 base_val_bce=0.619678 base_best=N base_cls_epoch=40 epoch_sec=3.9 task_elapsed_min=1.7 gpu_alloc_gb=0.271 gpu_reserved_gb=1.588
[ssl_epoch=17/50] ssl_loss=0.049970 lr=0.00012687 base_val_bce=0.619678 base_best=N base_cls_epoch=40 epoch_sec=4.1 elapsed_min=1.7 gpu_alloc_gb=0.271 gpu_reserved_gb=1.588
[repeat=4 fold=0] [epoch=18/50] ssl_loss=0.048920 lr=0.00012388 base_val_bce=0.612069 base_best=N base_cls_epoch=43 epoch_sec=3.3 task_elapsed_min=1.7 gpu_alloc_gb=0.271 gpu_reserved_gb=1.588
[ssl_epoch=18/50] ssl_loss=0.048920 lr=0.00012388 base_val_bce=0.612069 base_best=N base_cls_epoch=43 epoch_sec=3.3 elapsed_min=1.7 gpu_alloc_gb=0.271 gpu_reserved_gb=1.588
[repeat=4 fold=0] [epoch=19/50] ssl_loss=0.047544 lr=0.00012055 base_val_bce=0.622126 base_best=N base_cls_epoch=43 epoch_sec=4.6 task_elapsed_min=1.8 gpu_alloc_gb=0.271 gpu_reserved_gb=1.588
[ssl_epoch=19/50] ssl_loss=0.047544 lr=0.00012055 base_val_bce=0.622126 base_best=N base_cls_epoch=43 epoch_sec=5.1 elapsed_min=1.8 gpu_alloc_gb=0.271 gpu_reserved_gb=1.588
CHECKPOINT_LATEST repeat=4 scope=internal_cv fold=0 phase=ssl epoch=20 path=/data/adodas/VarCoNet-V2-main/xiaolunwen/experiment3/checkpoints/worker_r4_latest.pt
[repeat=4 fold=0] [epoch=20/50] ssl_loss=0.051691 lr=0.00011690 base_val_bce=0.615528 base_best=N base_cls_epoch=42 epoch_sec=5.8 task_elapsed_min=1.9 gpu_alloc_gb=0.271 gpu_reserved_gb=1.588
[ssl_epoch=20/50] ssl_loss=0.051691 lr=0.00011690 base_val_bce=0.615528 base_best=N base_cls_epoch=42 epoch_sec=5.8 elapsed_min=1.9 gpu_alloc_gb=0.271 gpu_reserved_gb=1.588
[repeat=4 fold=0] [epoch=21/50] ssl_loss=0.050484 lr=0.00011296 base_val_bce=0.615399 base_best=N base_cls_epoch=43 epoch_sec=4.1 task_elapsed_min=2.0 gpu_alloc_gb=0.271 gpu_reserved_gb=1.588
[ssl_epoch=21/50] ssl_loss=0.050484 lr=0.00011296 base_val_bce=0.615399 base_best=N base_cls_epoch=43 epoch_sec=4.1 elapsed_min=2.0 gpu_alloc_gb=0.271 gpu_reserved_gb=1.588
[repeat=4 fold=0] [epoch=22/50] ssl_loss=0.039968 lr=0.00010873 base_val_bce=0.617856 base_best=N base_cls_epoch=43 epoch_sec=5.3 task_elapsed_min=2.1 gpu_alloc_gb=0.271 gpu_reserved_gb=1.588
[ssl_epoch=22/50] ssl_loss=0.039968 lr=0.00010873 base_val_bce=0.617856 base_best=N base_cls_epoch=43 epoch_sec=5.8 elapsed_min=2.1 gpu_alloc_gb=0.271 gpu_reserved_gb=1.588
[repeat=4 fold=0] [epoch=23/50] ssl_loss=0.038911 lr=0.00010426 base_val_bce=0.623315 base_best=N base_cls_epoch=44 epoch_sec=4.9 task_elapsed_min=2.1 gpu_alloc_gb=0.271 gpu_reserved_gb=1.588
[ssl_epoch=23/50] ssl_loss=0.038911 lr=0.00010426 base_val_bce=0.623315 base_best=N base_cls_epoch=44 epoch_sec=4.9 elapsed_min=2.1 gpu_alloc_gb=0.271 gpu_reserved_gb=1.588
[repeat=4 fold=0] [epoch=24/50] ssl_loss=0.049688 lr=0.00009957 base_val_bce=0.619063 base_best=N base_cls_epoch=45 epoch_sec=5.5 task_elapsed_min=2.2 gpu_alloc_gb=0.271 gpu_reserved_gb=1.588
[ssl_epoch=24/50] ssl_loss=0.049688 lr=0.00009957 base_val_bce=0.619063 base_best=N base_cls_epoch=45 epoch_sec=5.7 elapsed_min=2.2 gpu_alloc_gb=0.271 gpu_reserved_gb=1.588
[repeat=4 fold=0] [epoch=25/50] ssl_loss=0.044634 lr=0.00009469 base_val_bce=0.610423 base_best=N base_cls_epoch=46 epoch_sec=5.7 task_elapsed_min=2.3 gpu_alloc_gb=0.271 gpu_reserved_gb=1.588
[ssl_epoch=25/50] ssl_loss=0.044634 lr=0.00009469 base_val_bce=0.610423 base_best=N base_cls_epoch=46 epoch_sec=5.8 elapsed_min=2.3 gpu_alloc_gb=0.271 gpu_reserved_gb=1.588
[repeat=4 fold=0] [epoch=26/50] ssl_loss=0.041855 lr=0.00008964 base_val_bce=0.616354 base_best=N base_cls_epoch=46 epoch_sec=5.9 task_elapsed_min=2.4 gpu_alloc_gb=0.271 gpu_reserved_gb=1.588
[ssl_epoch=26/50] ssl_loss=0.041855 lr=0.00008964 base_val_bce=0.616354 base_best=N base_cls_epoch=46 epoch_sec=5.9 elapsed_min=2.4 gpu_alloc_gb=0.271 gpu_reserved_gb=1.588
[repeat=4 fold=0] [epoch=27/50] ssl_loss=0.052862 lr=0.00008447 base_val_bce=0.618879 base_best=N base_cls_epoch=44 epoch_sec=5.6 task_elapsed_min=2.5 gpu_alloc_gb=0.271 gpu_reserved_gb=1.588
[ssl_epoch=27/50] ssl_loss=0.052862 lr=0.00008447 base_val_bce=0.618879 base_best=N base_cls_epoch=44 epoch_sec=5.6 elapsed_min=2.5 gpu_alloc_gb=0.271 gpu_reserved_gb=1.588
[repeat=4 fold=0] [epoch=28/50] ssl_loss=0.043445 lr=0.00007919 base_val_bce=0.622738 base_best=N base_cls_epoch=44 epoch_sec=5.3 task_elapsed_min=2.6 gpu_alloc_gb=0.271 gpu_reserved_gb=1.588
[ssl_epoch=28/50] ssl_loss=0.043445 lr=0.00007919 base_val_bce=0.622738 base_best=N base_cls_epoch=44 epoch_sec=5.3 elapsed_min=2.6 gpu_alloc_gb=0.271 gpu_reserved_gb=1.588
[repeat=4 fold=0] [epoch=29/50] ssl_loss=0.044418 lr=0.00007385 base_val_bce=0.609094 base_best=N base_cls_epoch=46 epoch_sec=5.6 task_elapsed_min=2.7 gpu_alloc_gb=0.271 gpu_reserved_gb=1.588
[ssl_epoch=29/50] ssl_loss=0.044418 lr=0.00007385 base_val_bce=0.609094 base_best=N base_cls_epoch=46 epoch_sec=5.6 elapsed_min=2.7 gpu_alloc_gb=0.271 gpu_reserved_gb=1.588
CHECKPOINT_LATEST repeat=4 scope=internal_cv fold=0 phase=ssl epoch=30 path=/data/adodas/VarCoNet-V2-main/xiaolunwen/experiment3/checkpoints/worker_r4_latest.pt
[repeat=4 fold=0] [epoch=30/50] ssl_loss=0.036587 lr=0.00006848 base_val_bce=0.607295 base_best=N base_cls_epoch=45 epoch_sec=6.1 task_elapsed_min=2.8 gpu_alloc_gb=0.271 gpu_reserved_gb=1.588
[ssl_epoch=30/50] ssl_loss=0.036587 lr=0.00006848 base_val_bce=0.607295 base_best=N base_cls_epoch=45 epoch_sec=6.1 elapsed_min=2.8 gpu_alloc_gb=0.271 gpu_reserved_gb=1.588
[repeat=4 fold=0] [epoch=31/50] ssl_loss=0.053838 lr=0.00006311 base_val_bce=0.621384 base_best=N base_cls_epoch=48 epoch_sec=5.7 task_elapsed_min=2.9 gpu_alloc_gb=0.271 gpu_reserved_gb=1.588
[ssl_epoch=31/50] ssl_loss=0.053838 lr=0.00006311 base_val_bce=0.621384 base_best=N base_cls_epoch=48 epoch_sec=5.7 elapsed_min=2.9 gpu_alloc_gb=0.271 gpu_reserved_gb=1.588
[repeat=4 fold=0] [epoch=32/50] ssl_loss=0.050117 lr=0.00005777 base_val_bce=0.610385 base_best=N base_cls_epoch=42 epoch_sec=6.0 task_elapsed_min=3.0 gpu_alloc_gb=0.271 gpu_reserved_gb=1.588
[ssl_epoch=32/50] ssl_loss=0.050117 lr=0.00005777 base_val_bce=0.610385 base_best=N base_cls_epoch=42 epoch_sec=6.1 elapsed_min=3.0 gpu_alloc_gb=0.271 gpu_reserved_gb=1.588
[repeat=4 fold=0] [epoch=33/50] ssl_loss=0.049069 lr=0.00005249 base_val_bce=0.614541 base_best=N base_cls_epoch=43 epoch_sec=5.4 task_elapsed_min=3.1 gpu_alloc_gb=0.271 gpu_reserved_gb=1.588
[ssl_epoch=33/50] ssl_loss=0.049069 lr=0.00005249 base_val_bce=0.614541 base_best=N base_cls_epoch=43 epoch_sec=6.1 elapsed_min=3.1 gpu_alloc_gb=0.271 gpu_reserved_gb=1.588
[repeat=4 fold=0] [epoch=34/50] ssl_loss=0.038568 lr=0.00004732 base_val_bce=0.612263 base_best=N base_cls_epoch=45 epoch_sec=5.8 task_elapsed_min=3.2 gpu_alloc_gb=0.271 gpu_reserved_gb=1.588
[ssl_epoch=34/50] ssl_loss=0.038568 lr=0.00004732 base_val_bce=0.612263 base_best=N base_cls_epoch=45 epoch_sec=5.8 elapsed_min=3.2 gpu_alloc_gb=0.271 gpu_reserved_gb=1.588
[repeat=4 fold=0] [epoch=35/50] ssl_loss=0.046389 lr=0.00004227 base_val_bce=0.618377 base_best=N base_cls_epoch=48 epoch_sec=5.4 task_elapsed_min=3.3 gpu_alloc_gb=0.271 gpu_reserved_gb=1.588
[ssl_epoch=35/50] ssl_loss=0.046389 lr=0.00004227 base_val_bce=0.618377 base_best=N base_cls_epoch=48 epoch_sec=5.5 elapsed_min=3.3 gpu_alloc_gb=0.271 gpu_reserved_gb=1.588
[repeat=4 fold=0] [epoch=36/50] ssl_loss=0.041893 lr=0.00003739 base_val_bce=0.619680 base_best=N base_cls_epoch=43 epoch_sec=5.8 task_elapsed_min=3.4 gpu_alloc_gb=0.271 gpu_reserved_gb=1.588
[ssl_epoch=36/50] ssl_loss=0.041893 lr=0.00003739 base_val_bce=0.619680 base_best=N base_cls_epoch=43 epoch_sec=5.8 elapsed_min=3.4 gpu_alloc_gb=0.271 gpu_reserved_gb=1.588
[repeat=4 fold=0] [epoch=37/50] ssl_loss=0.042702 lr=0.00003270 base_val_bce=0.621510 base_best=N base_cls_epoch=46 epoch_sec=5.8 task_elapsed_min=3.5 gpu_alloc_gb=0.271 gpu_reserved_gb=1.588
[ssl_epoch=37/50] ssl_loss=0.042702 lr=0.00003270 base_val_bce=0.621510 base_best=N base_cls_epoch=46 epoch_sec=5.8 elapsed_min=3.5 gpu_alloc_gb=0.271 gpu_reserved_gb=1.588
[repeat=4 fold=0] [epoch=38/50] ssl_loss=0.045573 lr=0.00002823 base_val_bce=0.620084 base_best=N base_cls_epoch=48 epoch_sec=5.5 task_elapsed_min=3.6 gpu_alloc_gb=0.271 gpu_reserved_gb=1.588
[ssl_epoch=38/50] ssl_loss=0.045573 lr=0.00002823 base_val_bce=0.620084 base_best=N base_cls_epoch=48 epoch_sec=5.5 elapsed_min=3.6 gpu_alloc_gb=0.271 gpu_reserved_gb=1.588
[repeat=4 fold=0] [epoch=39/50] ssl_loss=0.028263 lr=0.00002401 base_val_bce=0.614668 base_best=N base_cls_epoch=42 epoch_sec=5.8 task_elapsed_min=3.7 gpu_alloc_gb=0.271 gpu_reserved_gb=1.588
[ssl_epoch=39/50] ssl_loss=0.028263 lr=0.00002401 base_val_bce=0.614668 base_best=N base_cls_epoch=42 epoch_sec=5.9 elapsed_min=3.7 gpu_alloc_gb=0.271 gpu_reserved_gb=1.588
CHECKPOINT_LATEST repeat=4 scope=internal_cv fold=0 phase=ssl epoch=40 path=/data/adodas/VarCoNet-V2-main/xiaolunwen/experiment3/checkpoints/worker_r4_latest.pt
[repeat=4 fold=0] [epoch=40/50] ssl_loss=0.042599 lr=0.00002006 base_val_bce=0.626963 base_best=N base_cls_epoch=41 epoch_sec=6.0 task_elapsed_min=3.8 gpu_alloc_gb=0.271 gpu_reserved_gb=1.588
[ssl_epoch=40/50] ssl_loss=0.042599 lr=0.00002006 base_val_bce=0.626963 base_best=N base_cls_epoch=41 epoch_sec=6.0 elapsed_min=3.8 gpu_alloc_gb=0.271 gpu_reserved_gb=1.588
CHECKPOINT_BEST repeat=4 scope=internal_cv fold=0 phase=ssl epoch=41 path=/data/adodas/VarCoNet-V2-main/xiaolunwen/experiment3/checkpoints/worker_r4_best.pt
[repeat=4 fold=0] [epoch=41/50] ssl_loss=0.042810 lr=0.00001641 base_val_bce=0.602599 base_best=Y base_cls_epoch=49 epoch_sec=6.1 task_elapsed_min=3.9 gpu_alloc_gb=0.271 gpu_reserved_gb=1.588
[ssl_epoch=41/50] ssl_loss=0.042810 lr=0.00001641 base_val_bce=0.602599 base_best=Y base_cls_epoch=49 epoch_sec=6.1 elapsed_min=3.9 gpu_alloc_gb=0.271 gpu_reserved_gb=1.588
[repeat=4 fold=0] [epoch=42/50] ssl_loss=0.050389 lr=0.00001308 base_val_bce=0.607998 base_best=N base_cls_epoch=43 epoch_sec=5.6 task_elapsed_min=4.0 gpu_alloc_gb=0.271 gpu_reserved_gb=1.588
[ssl_epoch=42/50] ssl_loss=0.050389 lr=0.00001308 base_val_bce=0.607998 base_best=N base_cls_epoch=43 epoch_sec=5.6 elapsed_min=4.0 gpu_alloc_gb=0.271 gpu_reserved_gb=1.588
[repeat=4 fold=0] [epoch=43/50] ssl_loss=0.044615 lr=0.00001009 base_val_bce=0.603064 base_best=N base_cls_epoch=45 epoch_sec=5.8 task_elapsed_min=4.1 gpu_alloc_gb=0.271 gpu_reserved_gb=1.588
[ssl_epoch=43/50] ssl_loss=0.044615 lr=0.00001009 base_val_bce=0.603064 base_best=N base_cls_epoch=45 epoch_sec=5.8 elapsed_min=4.1 gpu_alloc_gb=0.271 gpu_reserved_gb=1.588
[repeat=4 fold=0] [epoch=44/50] ssl_loss=0.041783 lr=0.00000746 base_val_bce=0.610139 base_best=N base_cls_epoch=45 epoch_sec=5.8 task_elapsed_min=4.2 gpu_alloc_gb=0.271 gpu_reserved_gb=1.588
[ssl_epoch=44/50] ssl_loss=0.041783 lr=0.00000746 base_val_bce=0.610139 base_best=N base_cls_epoch=45 epoch_sec=5.8 elapsed_min=4.2 gpu_alloc_gb=0.271 gpu_reserved_gb=1.588
[repeat=4 fold=0] [epoch=45/50] ssl_loss=0.045355 lr=0.00000521 base_val_bce=0.606588 base_best=N base_cls_epoch=45 epoch_sec=5.8 task_elapsed_min=4.3 gpu_alloc_gb=0.271 gpu_reserved_gb=1.588
[ssl_epoch=45/50] ssl_loss=0.045355 lr=0.00000521 base_val_bce=0.606588 base_best=N base_cls_epoch=45 epoch_sec=5.8 elapsed_min=4.3 gpu_alloc_gb=0.271 gpu_reserved_gb=1.588
[repeat=4 fold=0] [epoch=46/50] ssl_loss=0.041344 lr=0.00000335 base_val_bce=0.609376 base_best=N base_cls_epoch=41 epoch_sec=5.7 task_elapsed_min=4.4 gpu_alloc_gb=0.271 gpu_reserved_gb=1.588
[ssl_epoch=46/50] ssl_loss=0.041344 lr=0.00000335 base_val_bce=0.609376 base_best=N base_cls_epoch=41 epoch_sec=5.9 elapsed_min=4.4 gpu_alloc_gb=0.271 gpu_reserved_gb=1.588
[repeat=4 fold=0] [epoch=47/50] ssl_loss=0.045576 lr=0.00000189 base_val_bce=0.615045 base_best=N base_cls_epoch=45 epoch_sec=5.8 task_elapsed_min=4.5 gpu_alloc_gb=0.271 gpu_reserved_gb=1.588
[ssl_epoch=47/50] ssl_loss=0.045576 lr=0.00000189 base_val_bce=0.615045 base_best=N base_cls_epoch=45 epoch_sec=5.8 elapsed_min=4.5 gpu_alloc_gb=0.271 gpu_reserved_gb=1.588
[repeat=4 fold=0] [epoch=48/50] ssl_loss=0.027488 lr=0.00000084 base_val_bce=0.609064 base_best=N base_cls_epoch=46 epoch_sec=4.9 task_elapsed_min=4.5 gpu_alloc_gb=0.271 gpu_reserved_gb=1.588
[ssl_epoch=48/50] ssl_loss=0.027488 lr=0.00000084 base_val_bce=0.609064 base_best=N base_cls_epoch=46 epoch_sec=4.9 elapsed_min=4.5 gpu_alloc_gb=0.271 gpu_reserved_gb=1.588
[repeat=4 fold=0] [epoch=49/50] ssl_loss=0.039885 lr=0.00000021 base_val_bce=0.614722 base_best=N base_cls_epoch=43 epoch_sec=5.3 task_elapsed_min=4.6 gpu_alloc_gb=0.271 gpu_reserved_gb=1.588
[ssl_epoch=49/50] ssl_loss=0.039885 lr=0.00000021 base_val_bce=0.614722 base_best=N base_cls_epoch=43 epoch_sec=5.3 elapsed_min=4.6 gpu_alloc_gb=0.271 gpu_reserved_gb=1.588
CHECKPOINT_LATEST repeat=4 scope=internal_cv fold=0 phase=ssl epoch=50 path=/data/adodas/VarCoNet-V2-main/xiaolunwen/experiment3/checkpoints/worker_r4_latest.pt
[repeat=4 fold=0] [epoch=50/50] ssl_loss=0.040481 lr=0.00000000 base_val_bce=0.619109 base_best=N base_cls_epoch=43 epoch_sec=5.7 task_elapsed_min=4.7 gpu_alloc_gb=0.271 gpu_reserved_gb=1.588
[ssl_epoch=50/50] ssl_loss=0.040481 lr=0.00000000 base_val_bce=0.619109 base_best=N base_cls_epoch=43 epoch_sec=5.7 elapsed_min=4.7 gpu_alloc_gb=0.271 gpu_reserved_gb=1.588
[MODULE_DISCOVERY] repeat=4 fold=0 n_unique_subjects=674 n_modules=32 module_size_min=5 module_size_mean=12.000 module_size_max=26 singleton_modules=0 meta_dim=528 empty_meta_bins=0 affinity_mean=0.16490988 affinity_std=0.04153722 affinity_max=0.79379016 elapsed_sec=0.06
[HIGH_ORDER_RESIDUAL] repeat=4 fold=0 epoch=0 train_bce=NA val_bce=0.602599 best=Y best_epoch=0 head_l2=0.000000 elapsed_sec=284.92
CHECKPOINT_BEST repeat=4 scope=internal_cv fold=0 phase=high_order_residual epoch=0 path=/data/adodas/VarCoNet-V2-main/xiaolunwen/experiment3/checkpoints/worker_r4_best.pt
CHECKPOINT_BEST repeat=4 scope=internal_cv fold=0 phase=high_order_residual epoch=1 path=/data/adodas/VarCoNet-V2-main/xiaolunwen/experiment3/checkpoints/worker_r4_best.pt
[HIGH_ORDER_RESIDUAL] repeat=4 fold=0 epoch=1/149 train_bce=0.185779 val_bce=0.602565 best=Y best_epoch=1 head_l2=0.001149 elapsed_sec=0.44
CHECKPOINT_BEST repeat=4 scope=internal_cv fold=0 phase=high_order_residual epoch=2 path=/data/adodas/VarCoNet-V2-main/xiaolunwen/experiment3/checkpoints/worker_r4_best.pt
[HIGH_ORDER_RESIDUAL] repeat=4 fold=0 epoch=2/149 train_bce=0.185664 val_bce=0.602531 best=Y best_epoch=2 head_l2=0.002297 elapsed_sec=0.38
CHECKPOINT_BEST repeat=4 scope=internal_cv fold=0 phase=high_order_residual epoch=3 path=/data/adodas/VarCoNet-V2-main/xiaolunwen/experiment3/checkpoints/worker_r4_best.pt
[HIGH_ORDER_RESIDUAL] repeat=4 fold=0 epoch=3/149 train_bce=0.185549 val_bce=0.602496 best=Y best_epoch=3 head_l2=0.003444 elapsed_sec=0.26
CHECKPOINT_BEST repeat=4 scope=internal_cv fold=0 phase=high_order_residual epoch=4 path=/data/adodas/VarCoNet-V2-main/xiaolunwen/experiment3/checkpoints/worker_r4_best.pt
[HIGH_ORDER_RESIDUAL] repeat=4 fold=0 epoch=4/149 train_bce=0.185434 val_bce=0.602460 best=Y best_epoch=4 head_l2=0.004589 elapsed_sec=0.40
CHECKPOINT_BEST repeat=4 scope=internal_cv fold=0 phase=high_order_residual epoch=5 path=/data/adodas/VarCoNet-V2-main/xiaolunwen/experiment3/checkpoints/worker_r4_best.pt
[HIGH_ORDER_RESIDUAL] repeat=4 fold=0 epoch=5/149 train_bce=0.185320 val_bce=0.602422 best=Y best_epoch=5 head_l2=0.005733 elapsed_sec=0.42
CHECKPOINT_BEST repeat=4 scope=internal_cv fold=0 phase=high_order_residual epoch=6 path=/data/adodas/VarCoNet-V2-main/xiaolunwen/experiment3/checkpoints/worker_r4_best.pt
[HIGH_ORDER_RESIDUAL] repeat=4 fold=0 epoch=6/149 train_bce=0.185206 val_bce=0.602383 best=Y best_epoch=6 head_l2=0.006875 elapsed_sec=2.49
CHECKPOINT_BEST repeat=4 scope=internal_cv fold=0 phase=high_order_residual epoch=7 path=/data/adodas/VarCoNet-V2-main/xiaolunwen/experiment3/checkpoints/worker_r4_best.pt
[HIGH_ORDER_RESIDUAL] repeat=4 fold=0 epoch=7/149 train_bce=0.185092 val_bce=0.602342 best=Y best_epoch=7 head_l2=0.008016 elapsed_sec=0.62
CHECKPOINT_BEST repeat=4 scope=internal_cv fold=0 phase=high_order_residual epoch=8 path=/data/adodas/VarCoNet-V2-main/xiaolunwen/experiment3/checkpoints/worker_r4_best.pt
[HIGH_ORDER_RESIDUAL] repeat=4 fold=0 epoch=8/149 train_bce=0.184978 val_bce=0.602300 best=Y best_epoch=8 head_l2=0.009155 elapsed_sec=0.96
CHECKPOINT_BEST repeat=4 scope=internal_cv fold=0 phase=high_order_residual epoch=9 path=/data/adodas/VarCoNet-V2-main/xiaolunwen/experiment3/checkpoints/worker_r4_best.pt
[HIGH_ORDER_RESIDUAL] repeat=4 fold=0 epoch=9/149 train_bce=0.184865 val_bce=0.602258 best=Y best_epoch=9 head_l2=0.010292 elapsed_sec=0.48
CHECKPOINT_BEST repeat=4 scope=internal_cv fold=0 phase=high_order_residual epoch=10 path=/data/adodas/VarCoNet-V2-main/xiaolunwen/experiment3/checkpoints/worker_r4_best.pt
[HIGH_ORDER_RESIDUAL] repeat=4 fold=0 epoch=10/149 train_bce=0.184753 val_bce=0.602216 best=Y best_epoch=10 head_l2=0.011428 elapsed_sec=0.61
CHECKPOINT_BEST repeat=4 scope=internal_cv fold=0 phase=high_order_residual epoch=11 path=/data/adodas/VarCoNet-V2-main/xiaolunwen/experiment3/checkpoints/worker_r4_best.pt
[HIGH_ORDER_RESIDUAL] repeat=4 fold=0 epoch=11/149 train_bce=0.184640 val_bce=0.602173 best=Y best_epoch=11 head_l2=0.012562 elapsed_sec=0.49
CHECKPOINT_BEST repeat=4 scope=internal_cv fold=0 phase=high_order_residual epoch=12 path=/data/adodas/VarCoNet-V2-main/xiaolunwen/experiment3/checkpoints/worker_r4_best.pt
[HIGH_ORDER_RESIDUAL] repeat=4 fold=0 epoch=12/149 train_bce=0.184528 val_bce=0.602130 best=Y best_epoch=12 head_l2=0.013693 elapsed_sec=0.39
CHECKPOINT_BEST repeat=4 scope=internal_cv fold=0 phase=high_order_residual epoch=13 path=/data/adodas/VarCoNet-V2-main/xiaolunwen/experiment3/checkpoints/worker_r4_best.pt
[HIGH_ORDER_RESIDUAL] repeat=4 fold=0 epoch=13/149 train_bce=0.184417 val_bce=0.602087 best=Y best_epoch=13 head_l2=0.014823 elapsed_sec=0.55
CHECKPOINT_BEST repeat=4 scope=internal_cv fold=0 phase=high_order_residual epoch=14 path=/data/adodas/VarCoNet-V2-main/xiaolunwen/experiment3/checkpoints/worker_r4_best.pt
[HIGH_ORDER_RESIDUAL] repeat=4 fold=0 epoch=14/149 train_bce=0.184306 val_bce=0.602044 best=Y best_epoch=14 head_l2=0.015951 elapsed_sec=1.05
CHECKPOINT_BEST repeat=4 scope=internal_cv fold=0 phase=high_order_residual epoch=15 path=/data/adodas/VarCoNet-V2-main/xiaolunwen/experiment3/checkpoints/worker_r4_best.pt
[HIGH_ORDER_RESIDUAL] repeat=4 fold=0 epoch=15/149 train_bce=0.184195 val_bce=0.602001 best=Y best_epoch=15 head_l2=0.017077 elapsed_sec=0.64
CHECKPOINT_BEST repeat=4 scope=internal_cv fold=0 phase=high_order_residual epoch=16 path=/data/adodas/VarCoNet-V2-main/xiaolunwen/experiment3/checkpoints/worker_r4_best.pt
[HIGH_ORDER_RESIDUAL] repeat=4 fold=0 epoch=16/149 train_bce=0.184084 val_bce=0.601957 best=Y best_epoch=16 head_l2=0.018200 elapsed_sec=1.00
CHECKPOINT_BEST repeat=4 scope=internal_cv fold=0 phase=high_order_residual epoch=17 path=/data/adodas/VarCoNet-V2-main/xiaolunwen/experiment3/checkpoints/worker_r4_best.pt
[HIGH_ORDER_RESIDUAL] repeat=4 fold=0 epoch=17/149 train_bce=0.183974 val_bce=0.601914 best=Y best_epoch=17 head_l2=0.019322 elapsed_sec=1.66
CHECKPOINT_BEST repeat=4 scope=internal_cv fold=0 phase=high_order_residual epoch=18 path=/data/adodas/VarCoNet-V2-main/xiaolunwen/experiment3/checkpoints/worker_r4_best.pt
[HIGH_ORDER_RESIDUAL] repeat=4 fold=0 epoch=18/149 train_bce=0.183864 val_bce=0.601870 best=Y best_epoch=18 head_l2=0.020442 elapsed_sec=2.67
CHECKPOINT_BEST repeat=4 scope=internal_cv fold=0 phase=high_order_residual epoch=19 path=/data/adodas/VarCoNet-V2-main/xiaolunwen/experiment3/checkpoints/worker_r4_best.pt
[HIGH_ORDER_RESIDUAL] repeat=4 fold=0 epoch=19/149 train_bce=0.183755 val_bce=0.601827 best=Y best_epoch=19 head_l2=0.021561 elapsed_sec=2.06
CHECKPOINT_BEST repeat=4 scope=internal_cv fold=0 phase=high_order_residual epoch=20 path=/data/adodas/VarCoNet-V2-main/xiaolunwen/experiment3/checkpoints/worker_r4_best.pt
[HIGH_ORDER_RESIDUAL] repeat=4 fold=0 epoch=20/149 train_bce=0.183646 val_bce=0.601783 best=Y best_epoch=20 head_l2=0.022677 elapsed_sec=2.05
CHECKPOINT_BEST repeat=4 scope=internal_cv fold=0 phase=high_order_residual epoch=21 path=/data/adodas/VarCoNet-V2-main/xiaolunwen/experiment3/checkpoints/worker_r4_best.pt
[HIGH_ORDER_RESIDUAL] repeat=4 fold=0 epoch=21/149 train_bce=0.183537 val_bce=0.601739 best=Y best_epoch=21 head_l2=0.023791 elapsed_sec=2.38
CHECKPOINT_BEST repeat=4 scope=internal_cv fold=0 phase=high_order_residual epoch=22 path=/data/adodas/VarCoNet-V2-main/xiaolunwen/experiment3/checkpoints/worker_r4_best.pt
[HIGH_ORDER_RESIDUAL] repeat=4 fold=0 epoch=22/149 train_bce=0.183429 val_bce=0.601696 best=Y best_epoch=22 head_l2=0.024903 elapsed_sec=1.86
CHECKPOINT_BEST repeat=4 scope=internal_cv fold=0 phase=high_order_residual epoch=23 path=/data/adodas/VarCoNet-V2-main/xiaolunwen/experiment3/checkpoints/worker_r4_best.pt
[HIGH_ORDER_RESIDUAL] repeat=4 fold=0 epoch=23/149 train_bce=0.183320 val_bce=0.601652 best=Y best_epoch=23 head_l2=0.026013 elapsed_sec=2.67
CHECKPOINT_BEST repeat=4 scope=internal_cv fold=0 phase=high_order_residual epoch=24 path=/data/adodas/VarCoNet-V2-main/xiaolunwen/experiment3/checkpoints/worker_r4_best.pt
[HIGH_ORDER_RESIDUAL] repeat=4 fold=0 epoch=24/149 train_bce=0.183213 val_bce=0.601608 best=Y best_epoch=24 head_l2=0.027122 elapsed_sec=4.05
CHECKPOINT_BEST repeat=4 scope=internal_cv fold=0 phase=high_order_residual epoch=25 path=/data/adodas/VarCoNet-V2-main/xiaolunwen/experiment3/checkpoints/worker_r4_best.pt
[HIGH_ORDER_RESIDUAL] repeat=4 fold=0 epoch=25/149 train_bce=0.183105 val_bce=0.601565 best=Y best_epoch=25 head_l2=0.028228 elapsed_sec=3.44
CHECKPOINT_BEST repeat=4 scope=internal_cv fold=0 phase=high_order_residual epoch=26 path=/data/adodas/VarCoNet-V2-main/xiaolunwen/experiment3/checkpoints/worker_r4_best.pt
[HIGH_ORDER_RESIDUAL] repeat=4 fold=0 epoch=26/149 train_bce=0.182998 val_bce=0.601521 best=Y best_epoch=26 head_l2=0.029332 elapsed_sec=5.09
CHECKPOINT_BEST repeat=4 scope=internal_cv fold=0 phase=high_order_residual epoch=27 path=/data/adodas/VarCoNet-V2-main/xiaolunwen/experiment3/checkpoints/worker_r4_best.pt
[HIGH_ORDER_RESIDUAL] repeat=4 fold=0 epoch=27/149 train_bce=0.182892 val_bce=0.601478 best=Y best_epoch=27 head_l2=0.030434 elapsed_sec=4.18
CHECKPOINT_BEST repeat=4 scope=internal_cv fold=0 phase=high_order_residual epoch=28 path=/data/adodas/VarCoNet-V2-main/xiaolunwen/experiment3/checkpoints/worker_r4_best.pt
[HIGH_ORDER_RESIDUAL] repeat=4 fold=0 epoch=28/149 train_bce=0.182786 val_bce=0.601435 best=Y best_epoch=28 head_l2=0.031533 elapsed_sec=5.66
CHECKPOINT_BEST repeat=4 scope=internal_cv fold=0 phase=high_order_residual epoch=29 path=/data/adodas/VarCoNet-V2-main/xiaolunwen/experiment3/checkpoints/worker_r4_best.pt
[HIGH_ORDER_RESIDUAL] repeat=4 fold=0 epoch=29/149 train_bce=0.182680 val_bce=0.601391 best=Y best_epoch=29 head_l2=0.032631 elapsed_sec=3.96
CHECKPOINT_BEST repeat=4 scope=internal_cv fold=0 phase=high_order_residual epoch=30 path=/data/adodas/VarCoNet-V2-main/xiaolunwen/experiment3/checkpoints/worker_r4_best.pt
[HIGH_ORDER_RESIDUAL] repeat=4 fold=0 epoch=30/149 train_bce=0.182574 val_bce=0.601349 best=Y best_epoch=30 head_l2=0.033726 elapsed_sec=4.07
CHECKPOINT_BEST repeat=4 scope=internal_cv fold=0 phase=high_order_residual epoch=31 path=/data/adodas/VarCoNet-V2-main/xiaolunwen/experiment3/checkpoints/worker_r4_best.pt
[HIGH_ORDER_RESIDUAL] repeat=4 fold=0 epoch=31/149 train_bce=0.182469 val_bce=0.601306 best=Y best_epoch=31 head_l2=0.034820 elapsed_sec=4.35
CHECKPOINT_BEST repeat=4 scope=internal_cv fold=0 phase=high_order_residual epoch=32 path=/data/adodas/VarCoNet-V2-main/xiaolunwen/experiment3/checkpoints/worker_r4_best.pt
[HIGH_ORDER_RESIDUAL] repeat=4 fold=0 epoch=32/149 train_bce=0.182364 val_bce=0.601264 best=Y best_epoch=32 head_l2=0.035911 elapsed_sec=6.03
CHECKPOINT_BEST repeat=4 scope=internal_cv fold=0 phase=high_order_residual epoch=33 path=/data/adodas/VarCoNet-V2-main/xiaolunwen/experiment3/checkpoints/worker_r4_best.pt
[HIGH_ORDER_RESIDUAL] repeat=4 fold=0 epoch=33/149 train_bce=0.182259 val_bce=0.601221 best=Y best_epoch=33 head_l2=0.036999 elapsed_sec=3.38
CHECKPOINT_BEST repeat=4 scope=internal_cv fold=0 phase=high_order_residual epoch=34 path=/data/adodas/VarCoNet-V2-main/xiaolunwen/experiment3/checkpoints/worker_r4_best.pt
[HIGH_ORDER_RESIDUAL] repeat=4 fold=0 epoch=34/149 train_bce=0.182155 val_bce=0.601180 best=Y best_epoch=34 head_l2=0.038086 elapsed_sec=5.42
CHECKPOINT_BEST repeat=4 scope=internal_cv fold=0 phase=high_order_residual epoch=35 path=/data/adodas/VarCoNet-V2-main/xiaolunwen/experiment3/checkpoints/worker_r4_best.pt
[HIGH_ORDER_RESIDUAL] repeat=4 fold=0 epoch=35/149 train_bce=0.182051 val_bce=0.601138 best=Y best_epoch=35 head_l2=0.039171 elapsed_sec=4.64
CHECKPOINT_BEST repeat=4 scope=internal_cv fold=0 phase=high_order_residual epoch=36 path=/data/adodas/VarCoNet-V2-main/xiaolunwen/experiment3/checkpoints/worker_r4_best.pt
[HIGH_ORDER_RESIDUAL] repeat=4 fold=0 epoch=36/149 train_bce=0.181948 val_bce=0.601097 best=Y best_epoch=36 head_l2=0.040253 elapsed_sec=4.18
CHECKPOINT_BEST repeat=4 scope=internal_cv fold=0 phase=high_order_residual epoch=37 path=/data/adodas/VarCoNet-V2-main/xiaolunwen/experiment3/checkpoints/worker_r4_best.pt
[HIGH_ORDER_RESIDUAL] repeat=4 fold=0 epoch=37/149 train_bce=0.181844 val_bce=0.601056 best=Y best_epoch=37 head_l2=0.041333 elapsed_sec=4.45
CHECKPOINT_BEST repeat=4 scope=internal_cv fold=0 phase=high_order_residual epoch=38 path=/data/adodas/VarCoNet-V2-main/xiaolunwen/experiment3/checkpoints/worker_r4_best.pt
[HIGH_ORDER_RESIDUAL] repeat=4 fold=0 epoch=38/149 train_bce=0.181742 val_bce=0.601016 best=Y best_epoch=38 head_l2=0.042411 elapsed_sec=3.40
CHECKPOINT_BEST repeat=4 scope=internal_cv fold=0 phase=high_order_residual epoch=39 path=/data/adodas/VarCoNet-V2-main/xiaolunwen/experiment3/checkpoints/worker_r4_best.pt
[HIGH_ORDER_RESIDUAL] repeat=4 fold=0 epoch=39/149 train_bce=0.181639 val_bce=0.600976 best=Y best_epoch=39 head_l2=0.043487 elapsed_sec=4.81
CHECKPOINT_BEST repeat=4 scope=internal_cv fold=0 phase=high_order_residual epoch=40 path=/data/adodas/VarCoNet-V2-main/xiaolunwen/experiment3/checkpoints/worker_r4_best.pt
[HIGH_ORDER_RESIDUAL] repeat=4 fold=0 epoch=40/149 train_bce=0.181537 val_bce=0.600936 best=Y best_epoch=40 head_l2=0.044561 elapsed_sec=2.15
CHECKPOINT_BEST repeat=4 scope=internal_cv fold=0 phase=high_order_residual epoch=41 path=/data/adodas/VarCoNet-V2-main/xiaolunwen/experiment3/checkpoints/worker_r4_best.pt
[HIGH_ORDER_RESIDUAL] repeat=4 fold=0 epoch=41/149 train_bce=0.181435 val_bce=0.600897 best=Y best_epoch=41 head_l2=0.045633 elapsed_sec=1.99
CHECKPOINT_BEST repeat=4 scope=internal_cv fold=0 phase=high_order_residual epoch=42 path=/data/adodas/VarCoNet-V2-main/xiaolunwen/experiment3/checkpoints/worker_r4_best.pt
[HIGH_ORDER_RESIDUAL] repeat=4 fold=0 epoch=42/149 train_bce=0.181333 val_bce=0.600859 best=Y best_epoch=42 head_l2=0.046703 elapsed_sec=0.71
CHECKPOINT_BEST repeat=4 scope=internal_cv fold=0 phase=high_order_residual epoch=43 path=/data/adodas/VarCoNet-V2-main/xiaolunwen/experiment3/checkpoints/worker_r4_best.pt
[HIGH_ORDER_RESIDUAL] repeat=4 fold=0 epoch=43/149 train_bce=0.181232 val_bce=0.600821 best=Y best_epoch=43 head_l2=0.047770 elapsed_sec=0.81
CHECKPOINT_BEST repeat=4 scope=internal_cv fold=0 phase=high_order_residual epoch=44 path=/data/adodas/VarCoNet-V2-main/xiaolunwen/experiment3/checkpoints/worker_r4_best.pt
[HIGH_ORDER_RESIDUAL] repeat=4 fold=0 epoch=44/149 train_bce=0.181131 val_bce=0.600783 best=Y best_epoch=44 head_l2=0.048836 elapsed_sec=1.27
CHECKPOINT_BEST repeat=4 scope=internal_cv fold=0 phase=high_order_residual epoch=45 path=/data/adodas/VarCoNet-V2-main/xiaolunwen/experiment3/checkpoints/worker_r4_best.pt
[HIGH_ORDER_RESIDUAL] repeat=4 fold=0 epoch=45/149 train_bce=0.181030 val_bce=0.600746 best=Y best_epoch=45 head_l2=0.049900 elapsed_sec=0.68
CHECKPOINT_BEST repeat=4 scope=internal_cv fold=0 phase=high_order_residual epoch=46 path=/data/adodas/VarCoNet-V2-main/xiaolunwen/experiment3/checkpoints/worker_r4_best.pt
[HIGH_ORDER_RESIDUAL] repeat=4 fold=0 epoch=46/149 train_bce=0.180930 val_bce=0.600709 best=Y best_epoch=46 head_l2=0.050962 elapsed_sec=1.47
CHECKPOINT_BEST repeat=4 scope=internal_cv fold=0 phase=high_order_residual epoch=47 path=/data/adodas/VarCoNet-V2-main/xiaolunwen/experiment3/checkpoints/worker_r4_best.pt
[HIGH_ORDER_RESIDUAL] repeat=4 fold=0 epoch=47/149 train_bce=0.180830 val_bce=0.600673 best=Y best_epoch=47 head_l2=0.052022 elapsed_sec=1.32
CHECKPOINT_BEST repeat=4 scope=internal_cv fold=0 phase=high_order_residual epoch=48 path=/data/adodas/VarCoNet-V2-main/xiaolunwen/experiment3/checkpoints/worker_r4_best.pt
[HIGH_ORDER_RESIDUAL] repeat=4 fold=0 epoch=48/149 train_bce=0.180730 val_bce=0.600638 best=Y best_epoch=48 head_l2=0.053080 elapsed_sec=0.67
CHECKPOINT_BEST repeat=4 scope=internal_cv fold=0 phase=high_order_residual epoch=49 path=/data/adodas/VarCoNet-V2-main/xiaolunwen/experiment3/checkpoints/worker_r4_best.pt
[HIGH_ORDER_RESIDUAL] repeat=4 fold=0 epoch=49/149 train_bce=0.180631 val_bce=0.600603 best=Y best_epoch=49 head_l2=0.054136 elapsed_sec=0.88
CHECKPOINT_BEST repeat=4 scope=internal_cv fold=0 phase=high_order_residual epoch=50 path=/data/adodas/VarCoNet-V2-main/xiaolunwen/experiment3/checkpoints/worker_r4_best.pt
[HIGH_ORDER_RESIDUAL] repeat=4 fold=0 epoch=50/149 train_bce=0.180532 val_bce=0.600569 best=Y best_epoch=50 head_l2=0.055191 elapsed_sec=0.55
CHECKPOINT_BEST repeat=4 scope=internal_cv fold=0 phase=high_order_residual epoch=51 path=/data/adodas/VarCoNet-V2-main/xiaolunwen/experiment3/checkpoints/worker_r4_best.pt
[HIGH_ORDER_RESIDUAL] repeat=4 fold=0 epoch=51/149 train_bce=0.180433 val_bce=0.600535 best=Y best_epoch=51 head_l2=0.056244 elapsed_sec=2.17
CHECKPOINT_BEST repeat=4 scope=internal_cv fold=0 phase=high_order_residual epoch=52 path=/data/adodas/VarCoNet-V2-main/xiaolunwen/experiment3/checkpoints/worker_r4_best.pt
[HIGH_ORDER_RESIDUAL] repeat=4 fold=0 epoch=52/149 train_bce=0.180334 val_bce=0.600502 best=Y best_epoch=52 head_l2=0.057295 elapsed_sec=3.59
CHECKPOINT_BEST repeat=4 scope=internal_cv fold=0 phase=high_order_residual epoch=53 path=/data/adodas/VarCoNet-V2-main/xiaolunwen/experiment3/checkpoints/worker_r4_best.pt
[HIGH_ORDER_RESIDUAL] repeat=4 fold=0 epoch=53/149 train_bce=0.180236 val_bce=0.600470 best=Y best_epoch=53 head_l2=0.058344 elapsed_sec=1.35
CHECKPOINT_BEST repeat=4 scope=internal_cv fold=0 phase=high_order_residual epoch=54 path=/data/adodas/VarCoNet-V2-main/xiaolunwen/experiment3/checkpoints/worker_r4_best.pt
[HIGH_ORDER_RESIDUAL] repeat=4 fold=0 epoch=54/149 train_bce=0.180138 val_bce=0.600438 best=Y best_epoch=54 head_l2=0.059391 elapsed_sec=0.47
CHECKPOINT_BEST repeat=4 scope=internal_cv fold=0 phase=high_order_residual epoch=55 path=/data/adodas/VarCoNet-V2-main/xiaolunwen/experiment3/checkpoints/worker_r4_best.pt
[HIGH_ORDER_RESIDUAL] repeat=4 fold=0 epoch=55/149 train_bce=0.180041 val_bce=0.600407 best=Y best_epoch=55 head_l2=0.060437 elapsed_sec=0.31
CHECKPOINT_BEST repeat=4 scope=internal_cv fold=0 phase=high_order_residual epoch=56 path=/data/adodas/VarCoNet-V2-main/xiaolunwen/experiment3/checkpoints/worker_r4_best.pt
[HIGH_ORDER_RESIDUAL] repeat=4 fold=0 epoch=56/149 train_bce=0.179943 val_bce=0.600377 best=Y best_epoch=56 head_l2=0.061481 elapsed_sec=0.62
CHECKPOINT_BEST repeat=4 scope=internal_cv fold=0 phase=high_order_residual epoch=57 path=/data/adodas/VarCoNet-V2-main/xiaolunwen/experiment3/checkpoints/worker_r4_best.pt
[HIGH_ORDER_RESIDUAL] repeat=4 fold=0 epoch=57/149 train_bce=0.179846 val_bce=0.600347 best=Y best_epoch=57 head_l2=0.062524 elapsed_sec=0.55
CHECKPOINT_BEST repeat=4 scope=internal_cv fold=0 phase=high_order_residual epoch=58 path=/data/adodas/VarCoNet-V2-main/xiaolunwen/experiment3/checkpoints/worker_r4_best.pt
[HIGH_ORDER_RESIDUAL] repeat=4 fold=0 epoch=58/149 train_bce=0.179750 val_bce=0.600319 best=Y best_epoch=58 head_l2=0.063565 elapsed_sec=0.55
CHECKPOINT_BEST repeat=4 scope=internal_cv fold=0 phase=high_order_residual epoch=59 path=/data/adodas/VarCoNet-V2-main/xiaolunwen/experiment3/checkpoints/worker_r4_best.pt
[HIGH_ORDER_RESIDUAL] repeat=4 fold=0 epoch=59/149 train_bce=0.179653 val_bce=0.600290 best=Y best_epoch=59 head_l2=0.064604 elapsed_sec=1.48
CHECKPOINT_BEST repeat=4 scope=internal_cv fold=0 phase=high_order_residual epoch=60 path=/data/adodas/VarCoNet-V2-main/xiaolunwen/experiment3/checkpoints/worker_r4_best.pt
[HIGH_ORDER_RESIDUAL] repeat=4 fold=0 epoch=60/149 train_bce=0.179557 val_bce=0.600263 best=Y best_epoch=60 head_l2=0.065641 elapsed_sec=0.67
CHECKPOINT_BEST repeat=4 scope=internal_cv fold=0 phase=high_order_residual epoch=61 path=/data/adodas/VarCoNet-V2-main/xiaolunwen/experiment3/checkpoints/worker_r4_best.pt
[HIGH_ORDER_RESIDUAL] repeat=4 fold=0 epoch=61/149 train_bce=0.179461 val_bce=0.600236 best=Y best_epoch=61 head_l2=0.066677 elapsed_sec=1.74
CHECKPOINT_BEST repeat=4 scope=internal_cv fold=0 phase=high_order_residual epoch=62 path=/data/adodas/VarCoNet-V2-main/xiaolunwen/experiment3/checkpoints/worker_r4_best.pt
[HIGH_ORDER_RESIDUAL] repeat=4 fold=0 epoch=62/149 train_bce=0.179365 val_bce=0.600210 best=Y best_epoch=62 head_l2=0.067712 elapsed_sec=0.76
CHECKPOINT_BEST repeat=4 scope=internal_cv fold=0 phase=high_order_residual epoch=63 path=/data/adodas/VarCoNet-V2-main/xiaolunwen/experiment3/checkpoints/worker_r4_best.pt
[HIGH_ORDER_RESIDUAL] repeat=4 fold=0 epoch=63/149 train_bce=0.179270 val_bce=0.600185 best=Y best_epoch=63 head_l2=0.068745 elapsed_sec=1.64
CHECKPOINT_BEST repeat=4 scope=internal_cv fold=0 phase=high_order_residual epoch=64 path=/data/adodas/VarCoNet-V2-main/xiaolunwen/experiment3/checkpoints/worker_r4_best.pt
[HIGH_ORDER_RESIDUAL] repeat=4 fold=0 epoch=64/149 train_bce=0.179175 val_bce=0.600160 best=Y best_epoch=64 head_l2=0.069776 elapsed_sec=1.42
CHECKPOINT_BEST repeat=4 scope=internal_cv fold=0 phase=high_order_residual epoch=65 path=/data/adodas/VarCoNet-V2-main/xiaolunwen/experiment3/checkpoints/worker_r4_best.pt
[HIGH_ORDER_RESIDUAL] repeat=4 fold=0 epoch=65/149 train_bce=0.179080 val_bce=0.600136 best=Y best_epoch=65 head_l2=0.070806 elapsed_sec=0.37
CHECKPOINT_BEST repeat=4 scope=internal_cv fold=0 phase=high_order_residual epoch=66 path=/data/adodas/VarCoNet-V2-main/xiaolunwen/experiment3/checkpoints/worker_r4_best.pt
[HIGH_ORDER_RESIDUAL] repeat=4 fold=0 epoch=66/149 train_bce=0.178986 val_bce=0.600113 best=Y best_epoch=66 head_l2=0.071834 elapsed_sec=0.31
CHECKPOINT_BEST repeat=4 scope=internal_cv fold=0 phase=high_order_residual epoch=67 path=/data/adodas/VarCoNet-V2-main/xiaolunwen/experiment3/checkpoints/worker_r4_best.pt
[HIGH_ORDER_RESIDUAL] repeat=4 fold=0 epoch=67/149 train_bce=0.178891 val_bce=0.600090 best=Y best_epoch=67 head_l2=0.072861 elapsed_sec=0.55
CHECKPOINT_BEST repeat=4 scope=internal_cv fold=0 phase=high_order_residual epoch=68 path=/data/adodas/VarCoNet-V2-main/xiaolunwen/experiment3/checkpoints/worker_r4_best.pt
[HIGH_ORDER_RESIDUAL] repeat=4 fold=0 epoch=68/149 train_bce=0.178797 val_bce=0.600068 best=Y best_epoch=68 head_l2=0.073886 elapsed_sec=0.60
CHECKPOINT_BEST repeat=4 scope=internal_cv fold=0 phase=high_order_residual epoch=69 path=/data/adodas/VarCoNet-V2-main/xiaolunwen/experiment3/checkpoints/worker_r4_best.pt
[HIGH_ORDER_RESIDUAL] repeat=4 fold=0 epoch=69/149 train_bce=0.178704 val_bce=0.600047 best=Y best_epoch=69 head_l2=0.074910 elapsed_sec=0.49
CHECKPOINT_BEST repeat=4 scope=internal_cv fold=0 phase=high_order_residual epoch=70 path=/data/adodas/VarCoNet-V2-main/xiaolunwen/experiment3/checkpoints/worker_r4_best.pt
[HIGH_ORDER_RESIDUAL] repeat=4 fold=0 epoch=70/149 train_bce=0.178610 val_bce=0.600026 best=Y best_epoch=70 head_l2=0.075932 elapsed_sec=0.60
CHECKPOINT_BEST repeat=4 scope=internal_cv fold=0 phase=high_order_residual epoch=71 path=/data/adodas/VarCoNet-V2-main/xiaolunwen/experiment3/checkpoints/worker_r4_best.pt
[HIGH_ORDER_RESIDUAL] repeat=4 fold=0 epoch=71/149 train_bce=0.178517 val_bce=0.600006 best=Y best_epoch=71 head_l2=0.076953 elapsed_sec=1.08
CHECKPOINT_BEST repeat=4 scope=internal_cv fold=0 phase=high_order_residual epoch=72 path=/data/adodas/VarCoNet-V2-main/xiaolunwen/experiment3/checkpoints/worker_r4_best.pt
[HIGH_ORDER_RESIDUAL] repeat=4 fold=0 epoch=72/149 train_bce=0.178424 val_bce=0.599987 best=Y best_epoch=72 head_l2=0.077973 elapsed_sec=0.99
CHECKPOINT_BEST repeat=4 scope=internal_cv fold=0 phase=high_order_residual epoch=73 path=/data/adodas/VarCoNet-V2-main/xiaolunwen/experiment3/checkpoints/worker_r4_best.pt
[HIGH_ORDER_RESIDUAL] repeat=4 fold=0 epoch=73/149 train_bce=0.178331 val_bce=0.599968 best=Y best_epoch=73 head_l2=0.078991 elapsed_sec=2.92
CHECKPOINT_BEST repeat=4 scope=internal_cv fold=0 phase=high_order_residual epoch=74 path=/data/adodas/VarCoNet-V2-main/xiaolunwen/experiment3/checkpoints/worker_r4_best.pt
[HIGH_ORDER_RESIDUAL] repeat=4 fold=0 epoch=74/149 train_bce=0.178239 val_bce=0.599950 best=Y best_epoch=74 head_l2=0.080008 elapsed_sec=0.92
CHECKPOINT_BEST repeat=4 scope=internal_cv fold=0 phase=high_order_residual epoch=75 path=/data/adodas/VarCoNet-V2-main/xiaolunwen/experiment3/checkpoints/worker_r4_best.pt
[HIGH_ORDER_RESIDUAL] repeat=4 fold=0 epoch=75/149 train_bce=0.178147 val_bce=0.599932 best=Y best_epoch=75 head_l2=0.081023 elapsed_sec=2.26
CHECKPOINT_BEST repeat=4 scope=internal_cv fold=0 phase=high_order_residual epoch=76 path=/data/adodas/VarCoNet-V2-main/xiaolunwen/experiment3/checkpoints/worker_r4_best.pt
[HIGH_ORDER_RESIDUAL] repeat=4 fold=0 epoch=76/149 train_bce=0.178055 val_bce=0.599915 best=Y best_epoch=76 head_l2=0.082037 elapsed_sec=1.26
CHECKPOINT_BEST repeat=4 scope=internal_cv fold=0 phase=high_order_residual epoch=77 path=/data/adodas/VarCoNet-V2-main/xiaolunwen/experiment3/checkpoints/worker_r4_best.pt
[HIGH_ORDER_RESIDUAL] repeat=4 fold=0 epoch=77/149 train_bce=0.177963 val_bce=0.599899 best=Y best_epoch=77 head_l2=0.083050 elapsed_sec=0.45
CHECKPOINT_BEST repeat=4 scope=internal_cv fold=0 phase=high_order_residual epoch=78 path=/data/adodas/VarCoNet-V2-main/xiaolunwen/experiment3/checkpoints/worker_r4_best.pt
[HIGH_ORDER_RESIDUAL] repeat=4 fold=0 epoch=78/149 train_bce=0.177872 val_bce=0.599883 best=Y best_epoch=78 head_l2=0.084061 elapsed_sec=0.42
CHECKPOINT_BEST repeat=4 scope=internal_cv fold=0 phase=high_order_residual epoch=79 path=/data/adodas/VarCoNet-V2-main/xiaolunwen/experiment3/checkpoints/worker_r4_best.pt
[HIGH_ORDER_RESIDUAL] repeat=4 fold=0 epoch=79/149 train_bce=0.177781 val_bce=0.599868 best=Y best_epoch=79 head_l2=0.085071 elapsed_sec=0.59
CHECKPOINT_BEST repeat=4 scope=internal_cv fold=0 phase=high_order_residual epoch=80 path=/data/adodas/VarCoNet-V2-main/xiaolunwen/experiment3/checkpoints/worker_r4_best.pt
[HIGH_ORDER_RESIDUAL] repeat=4 fold=0 epoch=80/149 train_bce=0.177690 val_bce=0.599853 best=Y best_epoch=80 head_l2=0.086080 elapsed_sec=0.30
CHECKPOINT_BEST repeat=4 scope=internal_cv fold=0 phase=high_order_residual epoch=81 path=/data/adodas/VarCoNet-V2-main/xiaolunwen/experiment3/checkpoints/worker_r4_best.pt
[HIGH_ORDER_RESIDUAL] repeat=4 fold=0 epoch=81/149 train_bce=0.177599 val_bce=0.599839 best=Y best_epoch=81 head_l2=0.087087 elapsed_sec=0.61
CHECKPOINT_BEST repeat=4 scope=internal_cv fold=0 phase=high_order_residual epoch=82 path=/data/adodas/VarCoNet-V2-main/xiaolunwen/experiment3/checkpoints/worker_r4_best.pt
[HIGH_ORDER_RESIDUAL] repeat=4 fold=0 epoch=82/149 train_bce=0.177509 val_bce=0.599825 best=Y best_epoch=82 head_l2=0.088093 elapsed_sec=0.68
CHECKPOINT_BEST repeat=4 scope=internal_cv fold=0 phase=high_order_residual epoch=83 path=/data/adodas/VarCoNet-V2-main/xiaolunwen/experiment3/checkpoints/worker_r4_best.pt
[HIGH_ORDER_RESIDUAL] repeat=4 fold=0 epoch=83/149 train_bce=0.177418 val_bce=0.599812 best=Y best_epoch=83 head_l2=0.089098 elapsed_sec=0.59
CHECKPOINT_BEST repeat=4 scope=internal_cv fold=0 phase=high_order_residual epoch=84 path=/data/adodas/VarCoNet-V2-main/xiaolunwen/experiment3/checkpoints/worker_r4_best.pt
[HIGH_ORDER_RESIDUAL] repeat=4 fold=0 epoch=84/149 train_bce=0.177328 val_bce=0.599800 best=Y best_epoch=84 head_l2=0.090101 elapsed_sec=0.32
CHECKPOINT_BEST repeat=4 scope=internal_cv fold=0 phase=high_order_residual epoch=85 path=/data/adodas/VarCoNet-V2-main/xiaolunwen/experiment3/checkpoints/worker_r4_best.pt
[HIGH_ORDER_RESIDUAL] repeat=4 fold=0 epoch=85/149 train_bce=0.177239 val_bce=0.599787 best=Y best_epoch=85 head_l2=0.091103 elapsed_sec=0.43
CHECKPOINT_BEST repeat=4 scope=internal_cv fold=0 phase=high_order_residual epoch=86 path=/data/adodas/VarCoNet-V2-main/xiaolunwen/experiment3/checkpoints/worker_r4_best.pt
[HIGH_ORDER_RESIDUAL] repeat=4 fold=0 epoch=86/149 train_bce=0.177149 val_bce=0.599776 best=Y best_epoch=86 head_l2=0.092104 elapsed_sec=0.81
CHECKPOINT_BEST repeat=4 scope=internal_cv fold=0 phase=high_order_residual epoch=87 path=/data/adodas/VarCoNet-V2-main/xiaolunwen/experiment3/checkpoints/worker_r4_best.pt
[HIGH_ORDER_RESIDUAL] repeat=4 fold=0 epoch=87/149 train_bce=0.177060 val_bce=0.599764 best=Y best_epoch=87 head_l2=0.093103 elapsed_sec=0.54
CHECKPOINT_BEST repeat=4 scope=internal_cv fold=0 phase=high_order_residual epoch=88 path=/data/adodas/VarCoNet-V2-main/xiaolunwen/experiment3/checkpoints/worker_r4_best.pt
[HIGH_ORDER_RESIDUAL] repeat=4 fold=0 epoch=88/149 train_bce=0.176971 val_bce=0.599754 best=Y best_epoch=88 head_l2=0.094102 elapsed_sec=0.53
CHECKPOINT_BEST repeat=4 scope=internal_cv fold=0 phase=high_order_residual epoch=89 path=/data/adodas/VarCoNet-V2-main/xiaolunwen/experiment3/checkpoints/worker_r4_best.pt
[HIGH_ORDER_RESIDUAL] repeat=4 fold=0 epoch=89/149 train_bce=0.176882 val_bce=0.599743 best=Y best_epoch=89 head_l2=0.095099 elapsed_sec=1.88
CHECKPOINT_BEST repeat=4 scope=internal_cv fold=0 phase=high_order_residual epoch=90 path=/data/adodas/VarCoNet-V2-main/xiaolunwen/experiment3/checkpoints/worker_r4_best.pt
[HIGH_ORDER_RESIDUAL] repeat=4 fold=0 epoch=90/149 train_bce=0.176794 val_bce=0.599734 best=Y best_epoch=90 head_l2=0.096095 elapsed_sec=0.48
CHECKPOINT_BEST repeat=4 scope=internal_cv fold=0 phase=high_order_residual epoch=91 path=/data/adodas/VarCoNet-V2-main/xiaolunwen/experiment3/checkpoints/worker_r4_best.pt
[HIGH_ORDER_RESIDUAL] repeat=4 fold=0 epoch=91/149 train_bce=0.176705 val_bce=0.599724 best=Y best_epoch=91 head_l2=0.097089 elapsed_sec=0.62
CHECKPOINT_BEST repeat=4 scope=internal_cv fold=0 phase=high_order_residual epoch=92 path=/data/adodas/VarCoNet-V2-main/xiaolunwen/experiment3/checkpoints/worker_r4_best.pt
[HIGH_ORDER_RESIDUAL] repeat=4 fold=0 epoch=92/149 train_bce=0.176617 val_bce=0.599715 best=Y best_epoch=92 head_l2=0.098083 elapsed_sec=0.45
CHECKPOINT_BEST repeat=4 scope=internal_cv fold=0 phase=high_order_residual epoch=93 path=/data/adodas/VarCoNet-V2-main/xiaolunwen/experiment3/checkpoints/worker_r4_best.pt
[HIGH_ORDER_RESIDUAL] repeat=4 fold=0 epoch=93/149 train_bce=0.176529 val_bce=0.599707 best=Y best_epoch=93 head_l2=0.099075 elapsed_sec=0.63
CHECKPOINT_BEST repeat=4 scope=internal_cv fold=0 phase=high_order_residual epoch=94 path=/data/adodas/VarCoNet-V2-main/xiaolunwen/experiment3/checkpoints/worker_r4_best.pt
[HIGH_ORDER_RESIDUAL] repeat=4 fold=0 epoch=94/149 train_bce=0.176442 val_bce=0.599699 best=Y best_epoch=94 head_l2=0.100066 elapsed_sec=0.68
CHECKPOINT_BEST repeat=4 scope=internal_cv fold=0 phase=high_order_residual epoch=95 path=/data/adodas/VarCoNet-V2-main/xiaolunwen/experiment3/checkpoints/worker_r4_best.pt
[HIGH_ORDER_RESIDUAL] repeat=4 fold=0 epoch=95/149 train_bce=0.176354 val_bce=0.599691 best=Y best_epoch=95 head_l2=0.101055 elapsed_sec=0.74
CHECKPOINT_BEST repeat=4 scope=internal_cv fold=0 phase=high_order_residual epoch=96 path=/data/adodas/VarCoNet-V2-main/xiaolunwen/experiment3/checkpoints/worker_r4_best.pt
[HIGH_ORDER_RESIDUAL] repeat=4 fold=0 epoch=96/149 train_bce=0.176267 val_bce=0.599684 best=Y best_epoch=96 head_l2=0.102044 elapsed_sec=0.49
CHECKPOINT_BEST repeat=4 scope=internal_cv fold=0 phase=high_order_residual epoch=97 path=/data/adodas/VarCoNet-V2-main/xiaolunwen/experiment3/checkpoints/worker_r4_best.pt
[HIGH_ORDER_RESIDUAL] repeat=4 fold=0 epoch=97/149 train_bce=0.176180 val_bce=0.599678 best=Y best_epoch=97 head_l2=0.103031 elapsed_sec=0.70
CHECKPOINT_BEST repeat=4 scope=internal_cv fold=0 phase=high_order_residual epoch=98 path=/data/adodas/VarCoNet-V2-main/xiaolunwen/experiment3/checkpoints/worker_r4_best.pt
[HIGH_ORDER_RESIDUAL] repeat=4 fold=0 epoch=98/149 train_bce=0.176093 val_bce=0.599671 best=Y best_epoch=98 head_l2=0.104017 elapsed_sec=0.38
CHECKPOINT_BEST repeat=4 scope=internal_cv fold=0 phase=high_order_residual epoch=99 path=/data/adodas/VarCoNet-V2-main/xiaolunwen/experiment3/checkpoints/worker_r4_best.pt
[HIGH_ORDER_RESIDUAL] repeat=4 fold=0 epoch=99/149 train_bce=0.176007 val_bce=0.599665 best=Y best_epoch=99 head_l2=0.105002 elapsed_sec=0.77
CHECKPOINT_BEST repeat=4 scope=internal_cv fold=0 phase=high_order_residual epoch=100 path=/data/adodas/VarCoNet-V2-main/xiaolunwen/experiment3/checkpoints/worker_r4_best.pt
[HIGH_ORDER_RESIDUAL] repeat=4 fold=0 epoch=100/149 train_bce=0.175921 val_bce=0.599660 best=Y best_epoch=100 head_l2=0.105986 elapsed_sec=0.50
CHECKPOINT_BEST repeat=4 scope=internal_cv fold=0 phase=high_order_residual epoch=101 path=/data/adodas/VarCoNet-V2-main/xiaolunwen/experiment3/checkpoints/worker_r4_best.pt
[HIGH_ORDER_RESIDUAL] repeat=4 fold=0 epoch=101/149 train_bce=0.175834 val_bce=0.599655 best=Y best_epoch=101 head_l2=0.106969 elapsed_sec=1.15
CHECKPOINT_BEST repeat=4 scope=internal_cv fold=0 phase=high_order_residual epoch=102 path=/data/adodas/VarCoNet-V2-main/xiaolunwen/experiment3/checkpoints/worker_r4_best.pt
[HIGH_ORDER_RESIDUAL] repeat=4 fold=0 epoch=102/149 train_bce=0.175749 val_bce=0.599650 best=Y best_epoch=102 head_l2=0.107950 elapsed_sec=1.13
CHECKPOINT_BEST repeat=4 scope=internal_cv fold=0 phase=high_order_residual epoch=103 path=/data/adodas/VarCoNet-V2-main/xiaolunwen/experiment3/checkpoints/worker_r4_best.pt
[HIGH_ORDER_RESIDUAL] repeat=4 fold=0 epoch=103/149 train_bce=0.175663 val_bce=0.599646 best=Y best_epoch=103 head_l2=0.108931 elapsed_sec=0.46
CHECKPOINT_BEST repeat=4 scope=internal_cv fold=0 phase=high_order_residual epoch=104 path=/data/adodas/VarCoNet-V2-main/xiaolunwen/experiment3/checkpoints/worker_r4_best.pt
[HIGH_ORDER_RESIDUAL] repeat=4 fold=0 epoch=104/149 train_bce=0.175577 val_bce=0.599642 best=Y best_epoch=104 head_l2=0.109910 elapsed_sec=0.74
CHECKPOINT_BEST repeat=4 scope=internal_cv fold=0 phase=high_order_residual epoch=105 path=/data/adodas/VarCoNet-V2-main/xiaolunwen/experiment3/checkpoints/worker_r4_best.pt
[HIGH_ORDER_RESIDUAL] repeat=4 fold=0 epoch=105/149 train_bce=0.175492 val_bce=0.599639 best=Y best_epoch=105 head_l2=0.110888 elapsed_sec=0.72
CHECKPOINT_BEST repeat=4 scope=internal_cv fold=0 phase=high_order_residual epoch=106 path=/data/adodas/VarCoNet-V2-main/xiaolunwen/experiment3/checkpoints/worker_r4_best.pt
[HIGH_ORDER_RESIDUAL] repeat=4 fold=0 epoch=106/149 train_bce=0.175407 val_bce=0.599636 best=Y best_epoch=106 head_l2=0.111865 elapsed_sec=0.64
CHECKPOINT_BEST repeat=4 scope=internal_cv fold=0 phase=high_order_residual epoch=107 path=/data/adodas/VarCoNet-V2-main/xiaolunwen/experiment3/checkpoints/worker_r4_best.pt
[HIGH_ORDER_RESIDUAL] repeat=4 fold=0 epoch=107/149 train_bce=0.175322 val_bce=0.599633 best=Y best_epoch=107 head_l2=0.112841 elapsed_sec=0.53
CHECKPOINT_BEST repeat=4 scope=internal_cv fold=0 phase=high_order_residual epoch=108 path=/data/adodas/VarCoNet-V2-main/xiaolunwen/experiment3/checkpoints/worker_r4_best.pt
[HIGH_ORDER_RESIDUAL] repeat=4 fold=0 epoch=108/149 train_bce=0.175238 val_bce=0.599631 best=Y best_epoch=108 head_l2=0.113815 elapsed_sec=0.58
CHECKPOINT_BEST repeat=4 scope=internal_cv fold=0 phase=high_order_residual epoch=109 path=/data/adodas/VarCoNet-V2-main/xiaolunwen/experiment3/checkpoints/worker_r4_best.pt
[HIGH_ORDER_RESIDUAL] repeat=4 fold=0 epoch=109/149 train_bce=0.175153 val_bce=0.599629 best=Y best_epoch=109 head_l2=0.114789 elapsed_sec=0.72
CHECKPOINT_BEST repeat=4 scope=internal_cv fold=0 phase=high_order_residual epoch=110 path=/data/adodas/VarCoNet-V2-main/xiaolunwen/experiment3/checkpoints/worker_r4_best.pt
[HIGH_ORDER_RESIDUAL] repeat=4 fold=0 epoch=110/149 train_bce=0.175069 val_bce=0.599627 best=Y best_epoch=110 head_l2=0.115761 elapsed_sec=0.79
CHECKPOINT_BEST repeat=4 scope=internal_cv fold=0 phase=high_order_residual epoch=111 path=/data/adodas/VarCoNet-V2-main/xiaolunwen/experiment3/checkpoints/worker_r4_best.pt
[HIGH_ORDER_RESIDUAL] repeat=4 fold=0 epoch=111/149 train_bce=0.174985 val_bce=0.599626 best=Y best_epoch=111 head_l2=0.116733 elapsed_sec=0.88
CHECKPOINT_BEST repeat=4 scope=internal_cv fold=0 phase=high_order_residual epoch=112 path=/data/adodas/VarCoNet-V2-main/xiaolunwen/experiment3/checkpoints/worker_r4_best.pt
[HIGH_ORDER_RESIDUAL] repeat=4 fold=0 epoch=112/149 train_bce=0.174901 val_bce=0.599625 best=Y best_epoch=112 head_l2=0.117703 elapsed_sec=0.43
CHECKPOINT_BEST repeat=4 scope=internal_cv fold=0 phase=high_order_residual epoch=113 path=/data/adodas/VarCoNet-V2-main/xiaolunwen/experiment3/checkpoints/worker_r4_best.pt
[HIGH_ORDER_RESIDUAL] repeat=4 fold=0 epoch=113/149 train_bce=0.174818 val_bce=0.599625 best=Y best_epoch=113 head_l2=0.118672 elapsed_sec=0.31
CHECKPOINT_BEST repeat=4 scope=internal_cv fold=0 phase=high_order_residual epoch=114 path=/data/adodas/VarCoNet-V2-main/xiaolunwen/experiment3/checkpoints/worker_r4_best.pt
[HIGH_ORDER_RESIDUAL] repeat=4 fold=0 epoch=114/149 train_bce=0.174734 val_bce=0.599625 best=Y best_epoch=114 head_l2=0.119640 elapsed_sec=0.64
CHECKPOINT_LATEST repeat=4 scope=internal_cv fold=0 phase=high_order_residual epoch=120 path=/data/adodas/VarCoNet-V2-main/xiaolunwen/experiment3/checkpoints/worker_r4_latest.pt
[HIGH_ORDER_RESIDUAL] repeat=4 fold=0 epoch=120/149 train_bce=0.174238 val_bce=0.599632 best=N best_epoch=114 head_l2=0.125427 elapsed_sec=0.37
CHECKPOINT_LATEST repeat=4 scope=internal_cv fold=0 phase=high_order_residual epoch=130 path=/data/adodas/VarCoNet-V2-main/xiaolunwen/experiment3/checkpoints/worker_r4_latest.pt
[HIGH_ORDER_RESIDUAL] repeat=4 fold=0 epoch=130/149 train_bce=0.173426 val_bce=0.599672 best=N best_epoch=114 head_l2=0.134989 elapsed_sec=0.47
CHECKPOINT_LATEST repeat=4 scope=internal_cv fold=0 phase=high_order_residual epoch=140 path=/data/adodas/VarCoNet-V2-main/xiaolunwen/experiment3/checkpoints/worker_r4_latest.pt
[HIGH_ORDER_RESIDUAL] repeat=4 fold=0 epoch=140/149 train_bce=0.172632 val_bce=0.599744 best=N best_epoch=114 head_l2=0.144452 elapsed_sec=0.52
RESIDUAL_DONE repeat=4 scope=internal_cv fold=0 selected_encoder_epoch=41 selected_classifier_epoch=49 selected_residual_epoch=114 val_bce=0.599625
TASK_TRAINING_DONE repeat=4 scope=internal_cv fold=0 base_epoch=41 dyn_epoch=41 base_val_bce=0.602599 high_order_val_bce=0.599625
TASK_DONE repeat=4 scope=internal_fold fold=0 method=baseline selected_encoder_epoch=41 test_auc=0.688956 test_bce=0.642008 elapsed_min=7.5
TASK_DONE repeat=4 scope=internal_fold fold=0 method=consensus_highorder_residual selected_encoder_epoch=41 test_auc=0.698075 test_bce=0.643040 elapsed_min=7.5
TASK_START repeat=4 scope=internal_cv fold=1 seed=100401 device=cuda:0 shared_encoder=Y
CHECKPOINT_BEST repeat=4 scope=internal_cv fold=1 phase=ssl epoch=1 path=/data/adodas/VarCoNet-V2-main/xiaolunwen/experiment3/checkpoints/worker_r4_best.pt
[repeat=4 fold=1] [epoch=1/50] ssl_loss=0.203765 lr=0.00002411 base_val_bce=0.659367 base_best=Y base_cls_epoch=43 epoch_sec=5.6 task_elapsed_min=0.1 gpu_alloc_gb=0.271 gpu_reserved_gb=1.539
[ssl_epoch=1/50] ssl_loss=0.203765 lr=0.00002411 base_val_bce=0.659367 base_best=Y base_cls_epoch=43 epoch_sec=5.6 elapsed_min=0.1 gpu_alloc_gb=0.271 gpu_reserved_gb=1.539
CHECKPOINT_BEST repeat=4 scope=internal_cv fold=1 phase=ssl epoch=2 path=/data/adodas/VarCoNet-V2-main/xiaolunwen/experiment3/checkpoints/worker_r4_best.pt
[repeat=4 fold=1] [epoch=2/50] ssl_loss=0.164643 lr=0.00003821 base_val_bce=0.655542 base_best=Y base_cls_epoch=39 epoch_sec=5.8 task_elapsed_min=0.2 gpu_alloc_gb=0.271 gpu_reserved_gb=1.539
[ssl_epoch=2/50] ssl_loss=0.164643 lr=0.00003821 base_val_bce=0.655542 base_best=Y base_cls_epoch=39 epoch_sec=5.8 elapsed_min=0.2 gpu_alloc_gb=0.271 gpu_reserved_gb=1.539
[repeat=4 fold=1] [epoch=3/50] ssl_loss=0.157022 lr=0.00005232 base_val_bce=0.658727 base_best=N base_cls_epoch=45 epoch_sec=5.3 task_elapsed_min=0.3 gpu_alloc_gb=0.271 gpu_reserved_gb=1.539
[ssl_epoch=3/50] ssl_loss=0.157022 lr=0.00005232 base_val_bce=0.658727 base_best=N base_cls_epoch=45 epoch_sec=5.3 elapsed_min=0.3 gpu_alloc_gb=0.271 gpu_reserved_gb=1.539
CHECKPOINT_BEST repeat=4 scope=internal_cv fold=1 phase=ssl epoch=4 path=/data/adodas/VarCoNet-V2-main/xiaolunwen/experiment3/checkpoints/worker_r4_best.pt
[repeat=4 fold=1] [epoch=4/50] ssl_loss=0.166094 lr=0.00006643 base_val_bce=0.654392 base_best=Y base_cls_epoch=47 epoch_sec=5.9 task_elapsed_min=0.4 gpu_alloc_gb=0.271 gpu_reserved_gb=1.539
[ssl_epoch=4/50] ssl_loss=0.166094 lr=0.00006643 base_val_bce=0.654392 base_best=Y base_cls_epoch=47 epoch_sec=5.9 elapsed_min=0.4 gpu_alloc_gb=0.271 gpu_reserved_gb=1.539
CHECKPOINT_BEST repeat=4 scope=internal_cv fold=1 phase=ssl epoch=5 path=/data/adodas/VarCoNet-V2-main/xiaolunwen/experiment3/checkpoints/worker_r4_best.pt
[repeat=4 fold=1] [epoch=5/50] ssl_loss=0.150749 lr=0.00008053 base_val_bce=0.650819 base_best=Y base_cls_epoch=44 epoch_sec=5.7 task_elapsed_min=0.5 gpu_alloc_gb=0.271 gpu_reserved_gb=1.539
[ssl_epoch=5/50] ssl_loss=0.150749 lr=0.00008053 base_val_bce=0.650819 base_best=Y base_cls_epoch=44 epoch_sec=5.7 elapsed_min=0.5 gpu_alloc_gb=0.271 gpu_reserved_gb=1.539
[repeat=4 fold=1] [epoch=6/50] ssl_loss=0.144838 lr=0.00009464 base_val_bce=0.663047 base_best=N base_cls_epoch=44 epoch_sec=5.1 task_elapsed_min=0.6 gpu_alloc_gb=0.271 gpu_reserved_gb=1.539
[ssl_epoch=6/50] ssl_loss=0.144838 lr=0.00009464 base_val_bce=0.663047 base_best=N base_cls_epoch=44 epoch_sec=5.2 elapsed_min=0.6 gpu_alloc_gb=0.271 gpu_reserved_gb=1.539
[repeat=4 fold=1] [epoch=7/50] ssl_loss=0.125504 lr=0.00010875 base_val_bce=0.652146 base_best=N base_cls_epoch=50 epoch_sec=5.7 task_elapsed_min=0.7 gpu_alloc_gb=0.271 gpu_reserved_gb=1.539
[ssl_epoch=7/50] ssl_loss=0.125504 lr=0.00010875 base_val_bce=0.652146 base_best=N base_cls_epoch=50 epoch_sec=5.7 elapsed_min=0.7 gpu_alloc_gb=0.271 gpu_reserved_gb=1.539
CHECKPOINT_BEST repeat=4 scope=internal_cv fold=1 phase=ssl epoch=8 path=/data/adodas/VarCoNet-V2-main/xiaolunwen/experiment3/checkpoints/worker_r4_best.pt
[repeat=4 fold=1] [epoch=8/50] ssl_loss=0.100406 lr=0.00012285 base_val_bce=0.641980 base_best=Y base_cls_epoch=47 epoch_sec=6.9 task_elapsed_min=0.8 gpu_alloc_gb=0.271 gpu_reserved_gb=1.539
[ssl_epoch=8/50] ssl_loss=0.100406 lr=0.00012285 base_val_bce=0.641980 base_best=Y base_cls_epoch=47 epoch_sec=6.9 elapsed_min=0.8 gpu_alloc_gb=0.271 gpu_reserved_gb=1.539
[repeat=4 fold=1] [epoch=9/50] ssl_loss=0.112580 lr=0.00013696 base_val_bce=0.644232 base_best=N base_cls_epoch=47 epoch_sec=5.7 task_elapsed_min=0.9 gpu_alloc_gb=0.271 gpu_reserved_gb=1.539
[ssl_epoch=9/50] ssl_loss=0.112580 lr=0.00013696 base_val_bce=0.644232 base_best=N base_cls_epoch=47 epoch_sec=5.7 elapsed_min=0.9 gpu_alloc_gb=0.271 gpu_reserved_gb=1.539
CHECKPOINT_BEST repeat=4 scope=internal_cv fold=1 phase=ssl epoch=10 path=/data/adodas/VarCoNet-V2-main/xiaolunwen/experiment3/checkpoints/worker_r4_best.pt
CHECKPOINT_LATEST repeat=4 scope=internal_cv fold=1 phase=ssl epoch=10 path=/data/adodas/VarCoNet-V2-main/xiaolunwen/experiment3/checkpoints/worker_r4_latest.pt
[repeat=4 fold=1] [epoch=10/50] ssl_loss=0.089451 lr=0.00013696 base_val_bce=0.626241 base_best=Y base_cls_epoch=40 epoch_sec=6.4 task_elapsed_min=1.0 gpu_alloc_gb=0.271 gpu_reserved_gb=1.539
[ssl_epoch=10/50] ssl_loss=0.089451 lr=0.00013696 base_val_bce=0.626241 base_best=Y base_cls_epoch=40 epoch_sec=6.4 elapsed_min=1.0 gpu_alloc_gb=0.271 gpu_reserved_gb=1.539
[repeat=4 fold=1] [epoch=11/50] ssl_loss=0.085075 lr=0.00013675 base_val_bce=0.640211 base_best=N base_cls_epoch=41 epoch_sec=5.5 task_elapsed_min=1.1 gpu_alloc_gb=0.271 gpu_reserved_gb=1.539
[ssl_epoch=11/50] ssl_loss=0.085075 lr=0.00013675 base_val_bce=0.640211 base_best=N base_cls_epoch=41 epoch_sec=5.7 elapsed_min=1.1 gpu_alloc_gb=0.271 gpu_reserved_gb=1.539
[repeat=4 fold=1] [epoch=12/50] ssl_loss=0.083547 lr=0.00013612 base_val_bce=0.648702 base_best=N base_cls_epoch=44 epoch_sec=5.3 task_elapsed_min=1.2 gpu_alloc_gb=0.271 gpu_reserved_gb=1.539
[ssl_epoch=12/50] ssl_loss=0.083547 lr=0.00013612 base_val_bce=0.648702 base_best=N base_cls_epoch=44 epoch_sec=5.3 elapsed_min=1.2 gpu_alloc_gb=0.271 gpu_reserved_gb=1.539
[repeat=4 fold=1] [epoch=13/50] ssl_loss=0.067699 lr=0.00013507 base_val_bce=0.634474 base_best=N base_cls_epoch=42 epoch_sec=5.4 task_elapsed_min=1.2 gpu_alloc_gb=0.271 gpu_reserved_gb=1.539
[ssl_epoch=13/50] ssl_loss=0.067699 lr=0.00013507 base_val_bce=0.634474 base_best=N base_cls_epoch=42 epoch_sec=5.4 elapsed_min=1.2 gpu_alloc_gb=0.271 gpu_reserved_gb=1.539
[repeat=4 fold=1] [epoch=14/50] ssl_loss=0.071064 lr=0.00013361 base_val_bce=0.639722 base_best=N base_cls_epoch=42 epoch_sec=5.5 task_elapsed_min=1.3 gpu_alloc_gb=0.271 gpu_reserved_gb=1.539
[ssl_epoch=14/50] ssl_loss=0.071064 lr=0.00013361 base_val_bce=0.639722 base_best=N base_cls_epoch=42 epoch_sec=5.5 elapsed_min=1.3 gpu_alloc_gb=0.271 gpu_reserved_gb=1.539
CHECKPOINT_BEST repeat=4 scope=internal_cv fold=1 phase=ssl epoch=15 path=/data/adodas/VarCoNet-V2-main/xiaolunwen/experiment3/checkpoints/worker_r4_best.pt
[repeat=4 fold=1] [epoch=15/50] ssl_loss=0.078900 lr=0.00013175 base_val_bce=0.625528 base_best=Y base_cls_epoch=44 epoch_sec=5.9 task_elapsed_min=1.4 gpu_alloc_gb=0.271 gpu_reserved_gb=1.539
[ssl_epoch=15/50] ssl_loss=0.078900 lr=0.00013175 base_val_bce=0.625528 base_best=Y base_cls_epoch=44 epoch_sec=5.9 elapsed_min=1.4 gpu_alloc_gb=0.271 gpu_reserved_gb=1.539
[repeat=4 fold=1] [epoch=16/50] ssl_loss=0.050359 lr=0.00012950 base_val_bce=0.625588 base_best=N base_cls_epoch=45 epoch_sec=5.4 task_elapsed_min=1.5 gpu_alloc_gb=0.271 gpu_reserved_gb=1.539
[ssl_epoch=16/50] ssl_loss=0.050359 lr=0.00012950 base_val_bce=0.625588 base_best=N base_cls_epoch=45 epoch_sec=5.5 elapsed_min=1.5 gpu_alloc_gb=0.271 gpu_reserved_gb=1.539
[repeat=4 fold=1] [epoch=17/50] ssl_loss=0.047503 lr=0.00012687 base_val_bce=0.635561 base_best=N base_cls_epoch=48 epoch_sec=5.7 task_elapsed_min=1.6 gpu_alloc_gb=0.271 gpu_reserved_gb=1.539
[ssl_epoch=17/50] ssl_loss=0.047503 lr=0.00012687 base_val_bce=0.635561 base_best=N base_cls_epoch=48 epoch_sec=5.7 elapsed_min=1.6 gpu_alloc_gb=0.271 gpu_reserved_gb=1.539
[repeat=4 fold=1] [epoch=18/50] ssl_loss=0.075661 lr=0.00012388 base_val_bce=0.636951 base_best=N base_cls_epoch=47 epoch_sec=5.5 task_elapsed_min=1.7 gpu_alloc_gb=0.271 gpu_reserved_gb=1.539
[ssl_epoch=18/50] ssl_loss=0.075661 lr=0.00012388 base_val_bce=0.636951 base_best=N base_cls_epoch=47 epoch_sec=5.5 elapsed_min=1.7 gpu_alloc_gb=0.271 gpu_reserved_gb=1.539
[repeat=4 fold=1] [epoch=19/50] ssl_loss=0.060927 lr=0.00012055 base_val_bce=0.627810 base_best=N base_cls_epoch=47 epoch_sec=5.5 task_elapsed_min=1.8 gpu_alloc_gb=0.271 gpu_reserved_gb=1.539
[ssl_epoch=19/50] ssl_loss=0.060927 lr=0.00012055 base_val_bce=0.627810 base_best=N base_cls_epoch=47 epoch_sec=5.5 elapsed_min=1.8 gpu_alloc_gb=0.271 gpu_reserved_gb=1.539
CHECKPOINT_LATEST repeat=4 scope=internal_cv fold=1 phase=ssl epoch=20 path=/data/adodas/VarCoNet-V2-main/xiaolunwen/experiment3/checkpoints/worker_r4_latest.pt
[repeat=4 fold=1] [epoch=20/50] ssl_loss=0.060032 lr=0.00011690 base_val_bce=0.636971 base_best=N base_cls_epoch=44 epoch_sec=5.9 task_elapsed_min=1.9 gpu_alloc_gb=0.271 gpu_reserved_gb=1.539
[ssl_epoch=20/50] ssl_loss=0.060032 lr=0.00011690 base_val_bce=0.636971 base_best=N base_cls_epoch=44 epoch_sec=5.9 elapsed_min=1.9 gpu_alloc_gb=0.271 gpu_reserved_gb=1.539
[repeat=4 fold=1] [epoch=21/50] ssl_loss=0.058362 lr=0.00011296 base_val_bce=0.626653 base_best=N base_cls_epoch=48 epoch_sec=5.5 task_elapsed_min=2.0 gpu_alloc_gb=0.271 gpu_reserved_gb=1.539
[ssl_epoch=21/50] ssl_loss=0.058362 lr=0.00011296 base_val_bce=0.626653 base_best=N base_cls_epoch=48 epoch_sec=6.0 elapsed_min=2.0 gpu_alloc_gb=0.271 gpu_reserved_gb=1.539
[repeat=4 fold=1] [epoch=22/50] ssl_loss=0.069430 lr=0.00010873 base_val_bce=0.638409 base_best=N base_cls_epoch=46 epoch_sec=4.9 task_elapsed_min=2.1 gpu_alloc_gb=0.271 gpu_reserved_gb=1.539
[ssl_epoch=22/50] ssl_loss=0.069430 lr=0.00010873 base_val_bce=0.638409 base_best=N base_cls_epoch=46 epoch_sec=5.7 elapsed_min=2.1 gpu_alloc_gb=0.271 gpu_reserved_gb=1.539
[repeat=4 fold=1] [epoch=23/50] ssl_loss=0.051114 lr=0.00010426 base_val_bce=0.635736 base_best=N base_cls_epoch=44 epoch_sec=5.2 task_elapsed_min=2.2 gpu_alloc_gb=0.271 gpu_reserved_gb=1.539
[ssl_epoch=23/50] ssl_loss=0.051114 lr=0.00010426 base_val_bce=0.635736 base_best=N base_cls_epoch=44 epoch_sec=5.7 elapsed_min=2.2 gpu_alloc_gb=0.271 gpu_reserved_gb=1.539
[repeat=4 fold=1] [epoch=24/50] ssl_loss=0.044180 lr=0.00009957 base_val_bce=0.630450 base_best=N base_cls_epoch=46 epoch_sec=5.6 task_elapsed_min=2.3 gpu_alloc_gb=0.271 gpu_reserved_gb=1.539
[ssl_epoch=24/50] ssl_loss=0.044180 lr=0.00009957 base_val_bce=0.630450 base_best=N base_cls_epoch=46 epoch_sec=5.6 elapsed_min=2.3 gpu_alloc_gb=0.271 gpu_reserved_gb=1.539
[repeat=4 fold=1] [epoch=25/50] ssl_loss=0.059139 lr=0.00009469 base_val_bce=0.631172 base_best=N base_cls_epoch=53 epoch_sec=6.0 task_elapsed_min=2.4 gpu_alloc_gb=0.271 gpu_reserved_gb=1.539
[ssl_epoch=25/50] ssl_loss=0.059139 lr=0.00009469 base_val_bce=0.631172 base_best=N base_cls_epoch=53 epoch_sec=6.2 elapsed_min=2.4 gpu_alloc_gb=0.271 gpu_reserved_gb=1.539
[repeat=4 fold=1] [epoch=26/50] ssl_loss=0.043844 lr=0.00008964 base_val_bce=0.626369 base_best=N base_cls_epoch=48 epoch_sec=5.5 task_elapsed_min=2.5 gpu_alloc_gb=0.271 gpu_reserved_gb=1.539
[ssl_epoch=26/50] ssl_loss=0.043844 lr=0.00008964 base_val_bce=0.626369 base_best=N base_cls_epoch=48 epoch_sec=5.5 elapsed_min=2.5 gpu_alloc_gb=0.271 gpu_reserved_gb=1.539
[repeat=4 fold=1] [epoch=27/50] ssl_loss=0.043687 lr=0.00008447 base_val_bce=0.629754 base_best=N base_cls_epoch=47 epoch_sec=5.5 task_elapsed_min=2.6 gpu_alloc_gb=0.271 gpu_reserved_gb=1.539
[ssl_epoch=27/50] ssl_loss=0.043687 lr=0.00008447 base_val_bce=0.629754 base_best=N base_cls_epoch=47 epoch_sec=5.7 elapsed_min=2.6 gpu_alloc_gb=0.271 gpu_reserved_gb=1.539
[repeat=4 fold=1] [epoch=28/50] ssl_loss=0.041867 lr=0.00007919 base_val_bce=0.630743 base_best=N base_cls_epoch=55 epoch_sec=6.2 task_elapsed_min=2.7 gpu_alloc_gb=0.271 gpu_reserved_gb=1.539
[ssl_epoch=28/50] ssl_loss=0.041867 lr=0.00007919 base_val_bce=0.630743 base_best=N base_cls_epoch=55 epoch_sec=6.3 elapsed_min=2.7 gpu_alloc_gb=0.271 gpu_reserved_gb=1.539
[repeat=4 fold=1] [epoch=29/50] ssl_loss=0.042353 lr=0.00007385 base_val_bce=0.634593 base_best=N base_cls_epoch=48 epoch_sec=5.3 task_elapsed_min=2.8 gpu_alloc_gb=0.271 gpu_reserved_gb=1.539
[ssl_epoch=29/50] ssl_loss=0.042353 lr=0.00007385 base_val_bce=0.634593 base_best=N base_cls_epoch=48 epoch_sec=5.3 elapsed_min=2.8 gpu_alloc_gb=0.271 gpu_reserved_gb=1.539
CHECKPOINT_LATEST repeat=4 scope=internal_cv fold=1 phase=ssl epoch=30 path=/data/adodas/VarCoNet-V2-main/xiaolunwen/experiment3/checkpoints/worker_r4_latest.pt
[repeat=4 fold=1] [epoch=30/50] ssl_loss=0.058476 lr=0.00006848 base_val_bce=0.630958 base_best=N base_cls_epoch=56 epoch_sec=6.4 task_elapsed_min=2.9 gpu_alloc_gb=0.271 gpu_reserved_gb=1.539
[ssl_epoch=30/50] ssl_loss=0.058476 lr=0.00006848 base_val_bce=0.630958 base_best=N base_cls_epoch=56 epoch_sec=6.4 elapsed_min=2.9 gpu_alloc_gb=0.271 gpu_reserved_gb=1.539
[repeat=4 fold=1] [epoch=31/50] ssl_loss=0.045196 lr=0.00006311 base_val_bce=0.627021 base_best=N base_cls_epoch=48 epoch_sec=5.5 task_elapsed_min=3.0 gpu_alloc_gb=0.271 gpu_reserved_gb=1.539
[ssl_epoch=31/50] ssl_loss=0.045196 lr=0.00006311 base_val_bce=0.627021 base_best=N base_cls_epoch=48 epoch_sec=5.7 elapsed_min=3.0 gpu_alloc_gb=0.271 gpu_reserved_gb=1.539
[repeat=4 fold=1] [epoch=32/50] ssl_loss=0.046240 lr=0.00005777 base_val_bce=0.638442 base_best=N base_cls_epoch=53 epoch_sec=5.6 task_elapsed_min=3.1 gpu_alloc_gb=0.271 gpu_reserved_gb=1.539
[ssl_epoch=32/50] ssl_loss=0.046240 lr=0.00005777 base_val_bce=0.638442 base_best=N base_cls_epoch=53 epoch_sec=5.8 elapsed_min=3.1 gpu_alloc_gb=0.271 gpu_reserved_gb=1.539
[repeat=4 fold=1] [epoch=33/50] ssl_loss=0.054615 lr=0.00005249 base_val_bce=0.631813 base_best=N base_cls_epoch=49 epoch_sec=4.6 task_elapsed_min=3.1 gpu_alloc_gb=0.271 gpu_reserved_gb=1.539
[ssl_epoch=33/50] ssl_loss=0.054615 lr=0.00005249 base_val_bce=0.631813 base_best=N base_cls_epoch=49 epoch_sec=4.6 elapsed_min=3.1 gpu_alloc_gb=0.271 gpu_reserved_gb=1.539
CHECKPOINT_BEST repeat=4 scope=internal_cv fold=1 phase=ssl epoch=34 path=/data/adodas/VarCoNet-V2-main/xiaolunwen/experiment3/checkpoints/worker_r4_best.pt
[repeat=4 fold=1] [epoch=34/50] ssl_loss=0.046059 lr=0.00004732 base_val_bce=0.618140 base_best=Y base_cls_epoch=52 epoch_sec=5.0 task_elapsed_min=3.2 gpu_alloc_gb=0.271 gpu_reserved_gb=1.539
[ssl_epoch=34/50] ssl_loss=0.046059 lr=0.00004732 base_val_bce=0.618140 base_best=Y base_cls_epoch=52 epoch_sec=5.0 elapsed_min=3.2 gpu_alloc_gb=0.271 gpu_reserved_gb=1.539
[repeat=4 fold=1] [epoch=35/50] ssl_loss=0.043639 lr=0.00004227 base_val_bce=0.635058 base_best=N base_cls_epoch=50 epoch_sec=4.2 task_elapsed_min=3.3 gpu_alloc_gb=0.271 gpu_reserved_gb=1.539
[ssl_epoch=35/50] ssl_loss=0.043639 lr=0.00004227 base_val_bce=0.635058 base_best=N base_cls_epoch=50 epoch_sec=4.2 elapsed_min=3.3 gpu_alloc_gb=0.271 gpu_reserved_gb=1.539
CHECKPOINT_BEST repeat=4 scope=internal_cv fold=1 phase=ssl epoch=36 path=/data/adodas/VarCoNet-V2-main/xiaolunwen/experiment3/checkpoints/worker_r4_best.pt
[repeat=4 fold=1] [epoch=36/50] ssl_loss=0.037870 lr=0.00003739 base_val_bce=0.617635 base_best=Y base_cls_epoch=44 epoch_sec=5.4 task_elapsed_min=3.4 gpu_alloc_gb=0.271 gpu_reserved_gb=1.539
[ssl_epoch=36/50] ssl_loss=0.037870 lr=0.00003739 base_val_bce=0.617635 base_best=Y base_cls_epoch=44 epoch_sec=5.4 elapsed_min=3.4 gpu_alloc_gb=0.271 gpu_reserved_gb=1.539
CHECKPOINT_BEST repeat=4 scope=internal_cv fold=1 phase=ssl epoch=37 path=/data/adodas/VarCoNet-V2-main/xiaolunwen/experiment3/checkpoints/worker_r4_best.pt
[repeat=4 fold=1] [epoch=37/50] ssl_loss=0.049026 lr=0.00003270 base_val_bce=0.613375 base_best=Y base_cls_epoch=48 epoch_sec=8.1 task_elapsed_min=3.5 gpu_alloc_gb=0.271 gpu_reserved_gb=1.539
[ssl_epoch=37/50] ssl_loss=0.049026 lr=0.00003270 base_val_bce=0.613375 base_best=Y base_cls_epoch=48 epoch_sec=8.1 elapsed_min=3.5 gpu_alloc_gb=0.271 gpu_reserved_gb=1.539
[repeat=4 fold=1] [epoch=38/50] ssl_loss=0.046304 lr=0.00002823 base_val_bce=0.632092 base_best=N base_cls_epoch=46 epoch_sec=4.7 task_elapsed_min=3.6 gpu_alloc_gb=0.271 gpu_reserved_gb=1.539
[ssl_epoch=38/50] ssl_loss=0.046304 lr=0.00002823 base_val_bce=0.632092 base_best=N base_cls_epoch=46 epoch_sec=4.7 elapsed_min=3.6 gpu_alloc_gb=0.271 gpu_reserved_gb=1.539
[repeat=4 fold=1] [epoch=39/50] ssl_loss=0.051786 lr=0.00002401 base_val_bce=0.634817 base_best=N base_cls_epoch=49 epoch_sec=4.9 task_elapsed_min=3.7 gpu_alloc_gb=0.271 gpu_reserved_gb=1.539
[ssl_epoch=39/50] ssl_loss=0.051786 lr=0.00002401 base_val_bce=0.634817 base_best=N base_cls_epoch=49 epoch_sec=4.9 elapsed_min=3.7 gpu_alloc_gb=0.271 gpu_reserved_gb=1.539
CHECKPOINT_LATEST repeat=4 scope=internal_cv fold=1 phase=ssl epoch=40 path=/data/adodas/VarCoNet-V2-main/xiaolunwen/experiment3/checkpoints/worker_r4_latest.pt
[repeat=4 fold=1] [epoch=40/50] ssl_loss=0.038330 lr=0.00002006 base_val_bce=0.627137 base_best=N base_cls_epoch=46 epoch_sec=9.0 task_elapsed_min=3.8 gpu_alloc_gb=0.271 gpu_reserved_gb=1.539
[ssl_epoch=40/50] ssl_loss=0.038330 lr=0.00002006 base_val_bce=0.627137 base_best=N base_cls_epoch=46 epoch_sec=9.0 elapsed_min=3.8 gpu_alloc_gb=0.271 gpu_reserved_gb=1.539
[repeat=4 fold=1] [epoch=41/50] ssl_loss=0.043447 lr=0.00001641 base_val_bce=0.629165 base_best=N base_cls_epoch=53 epoch_sec=4.6 task_elapsed_min=3.9 gpu_alloc_gb=0.271 gpu_reserved_gb=1.539
[ssl_epoch=41/50] ssl_loss=0.043447 lr=0.00001641 base_val_bce=0.629165 base_best=N base_cls_epoch=53 epoch_sec=4.7 elapsed_min=3.9 gpu_alloc_gb=0.271 gpu_reserved_gb=1.539
[repeat=4 fold=1] [epoch=42/50] ssl_loss=0.045578 lr=0.00001308 base_val_bce=0.622099 base_best=N base_cls_epoch=49 epoch_sec=4.8 task_elapsed_min=4.0 gpu_alloc_gb=0.271 gpu_reserved_gb=1.539
[ssl_epoch=42/50] ssl_loss=0.045578 lr=0.00001308 base_val_bce=0.622099 base_best=N base_cls_epoch=49 epoch_sec=4.8 elapsed_min=4.0 gpu_alloc_gb=0.271 gpu_reserved_gb=1.539
[repeat=4 fold=1] [epoch=43/50] ssl_loss=0.056218 lr=0.00001009 base_val_bce=0.629616 base_best=N base_cls_epoch=53 epoch_sec=5.0 task_elapsed_min=4.1 gpu_alloc_gb=0.271 gpu_reserved_gb=1.539
[ssl_epoch=43/50] ssl_loss=0.056218 lr=0.00001009 base_val_bce=0.629616 base_best=N base_cls_epoch=53 epoch_sec=5.0 elapsed_min=4.1 gpu_alloc_gb=0.271 gpu_reserved_gb=1.539
[repeat=4 fold=1] [epoch=44/50] ssl_loss=0.048246 lr=0.00000746 base_val_bce=0.619131 base_best=N base_cls_epoch=45 epoch_sec=4.9 task_elapsed_min=4.2 gpu_alloc_gb=0.271 gpu_reserved_gb=1.539
[ssl_epoch=44/50] ssl_loss=0.048246 lr=0.00000746 base_val_bce=0.619131 base_best=N base_cls_epoch=45 epoch_sec=4.9 elapsed_min=4.2 gpu_alloc_gb=0.271 gpu_reserved_gb=1.539
[repeat=4 fold=1] [epoch=45/50] ssl_loss=0.044458 lr=0.00000521 base_val_bce=0.626318 base_best=N base_cls_epoch=48 epoch_sec=4.5 task_elapsed_min=4.2 gpu_alloc_gb=0.271 gpu_reserved_gb=1.539
[ssl_epoch=45/50] ssl_loss=0.044458 lr=0.00000521 base_val_bce=0.626318 base_best=N base_cls_epoch=48 epoch_sec=4.5 elapsed_min=4.2 gpu_alloc_gb=0.271 gpu_reserved_gb=1.539
[repeat=4 fold=1] [epoch=46/50] ssl_loss=0.043666 lr=0.00000335 base_val_bce=0.620750 base_best=N base_cls_epoch=47 epoch_sec=5.0 task_elapsed_min=4.3 gpu_alloc_gb=0.271 gpu_reserved_gb=1.539
[ssl_epoch=46/50] ssl_loss=0.043666 lr=0.00000335 base_val_bce=0.620750 base_best=N base_cls_epoch=47 epoch_sec=5.0 elapsed_min=4.3 gpu_alloc_gb=0.271 gpu_reserved_gb=1.539
[repeat=4 fold=1] [epoch=47/50] ssl_loss=0.040672 lr=0.00000189 base_val_bce=0.617180 base_best=N base_cls_epoch=54 epoch_sec=5.3 task_elapsed_min=4.4 gpu_alloc_gb=0.271 gpu_reserved_gb=1.539
[ssl_epoch=47/50] ssl_loss=0.040672 lr=0.00000189 base_val_bce=0.617180 base_best=N base_cls_epoch=54 epoch_sec=5.3 elapsed_min=4.4 gpu_alloc_gb=0.271 gpu_reserved_gb=1.539
[repeat=4 fold=1] [epoch=48/50] ssl_loss=0.048294 lr=0.00000084 base_val_bce=0.622839 base_best=N base_cls_epoch=46 epoch_sec=5.0 task_elapsed_min=4.5 gpu_alloc_gb=0.271 gpu_reserved_gb=1.539
[ssl_epoch=48/50] ssl_loss=0.048294 lr=0.00000084 base_val_bce=0.622839 base_best=N base_cls_epoch=46 epoch_sec=5.1 elapsed_min=4.5 gpu_alloc_gb=0.271 gpu_reserved_gb=1.539
[repeat=4 fold=1] [epoch=49/50] ssl_loss=0.041534 lr=0.00000021 base_val_bce=0.620644 base_best=N base_cls_epoch=52 epoch_sec=5.1 task_elapsed_min=4.6 gpu_alloc_gb=0.271 gpu_reserved_gb=1.539
[ssl_epoch=49/50] ssl_loss=0.041534 lr=0.00000021 base_val_bce=0.620644 base_best=N base_cls_epoch=52 epoch_sec=5.1 elapsed_min=4.6 gpu_alloc_gb=0.271 gpu_reserved_gb=1.539
CHECKPOINT_LATEST repeat=4 scope=internal_cv fold=1 phase=ssl epoch=50 path=/data/adodas/VarCoNet-V2-main/xiaolunwen/experiment3/checkpoints/worker_r4_latest.pt
[repeat=4 fold=1] [epoch=50/50] ssl_loss=0.052205 lr=0.00000000 base_val_bce=0.620259 base_best=N base_cls_epoch=48 epoch_sec=5.8 task_elapsed_min=4.7 gpu_alloc_gb=0.271 gpu_reserved_gb=1.539
[ssl_epoch=50/50] ssl_loss=0.052205 lr=0.00000000 base_val_bce=0.620259 base_best=N base_cls_epoch=48 epoch_sec=5.8 elapsed_min=4.7 gpu_alloc_gb=0.271 gpu_reserved_gb=1.539
[MODULE_DISCOVERY] repeat=4 fold=1 n_unique_subjects=674 n_modules=32 module_size_min=3 module_size_mean=12.000 module_size_max=20 singleton_modules=0 meta_dim=528 empty_meta_bins=0 affinity_mean=0.16060858 affinity_std=0.04385532 affinity_max=0.79148579 elapsed_sec=0.04
[HIGH_ORDER_RESIDUAL] repeat=4 fold=1 epoch=0 train_bce=NA val_bce=0.613375 best=Y best_epoch=0 head_l2=0.000000 elapsed_sec=281.49
CHECKPOINT_BEST repeat=4 scope=internal_cv fold=1 phase=high_order_residual epoch=0 path=/data/adodas/VarCoNet-V2-main/xiaolunwen/experiment3/checkpoints/worker_r4_best.pt
CHECKPOINT_LATEST repeat=4 scope=internal_cv fold=1 phase=high_order_residual epoch=10 path=/data/adodas/VarCoNet-V2-main/xiaolunwen/experiment3/checkpoints/worker_r4_latest.pt
[HIGH_ORDER_RESIDUAL] repeat=4 fold=1 epoch=10/149 train_bce=0.194753 val_bce=0.613386 best=N best_epoch=0 head_l2=0.011403 elapsed_sec=0.28
CHECKPOINT_BEST repeat=4 scope=internal_cv fold=1 phase=high_order_residual epoch=18 path=/data/adodas/VarCoNet-V2-main/xiaolunwen/experiment3/checkpoints/worker_r4_best.pt
[HIGH_ORDER_RESIDUAL] repeat=4 fold=1 epoch=18/149 train_bce=0.193872 val_bce=0.613373 best=Y best_epoch=18 head_l2=0.020440 elapsed_sec=0.26
CHECKPOINT_BEST repeat=4 scope=internal_cv fold=1 phase=high_order_residual epoch=19 path=/data/adodas/VarCoNet-V2-main/xiaolunwen/experiment3/checkpoints/worker_r4_best.pt
[HIGH_ORDER_RESIDUAL] repeat=4 fold=1 epoch=19/149 train_bce=0.193763 val_bce=0.613368 best=Y best_epoch=19 head_l2=0.021562 elapsed_sec=0.23
CHECKPOINT_BEST repeat=4 scope=internal_cv fold=1 phase=high_order_residual epoch=20 path=/data/adodas/VarCoNet-V2-main/xiaolunwen/experiment3/checkpoints/worker_r4_best.pt
[HIGH_ORDER_RESIDUAL] repeat=4 fold=1 epoch=20/149 train_bce=0.193655 val_bce=0.613362 best=Y best_epoch=20 head_l2=0.022683 elapsed_sec=0.24
CHECKPOINT_BEST repeat=4 scope=internal_cv fold=1 phase=high_order_residual epoch=21 path=/data/adodas/VarCoNet-V2-main/xiaolunwen/experiment3/checkpoints/worker_r4_best.pt
[HIGH_ORDER_RESIDUAL] repeat=4 fold=1 epoch=21/149 train_bce=0.193546 val_bce=0.613356 best=Y best_epoch=21 head_l2=0.023803 elapsed_sec=0.57
CHECKPOINT_BEST repeat=4 scope=internal_cv fold=1 phase=high_order_residual epoch=22 path=/data/adodas/VarCoNet-V2-main/xiaolunwen/experiment3/checkpoints/worker_r4_best.pt
[HIGH_ORDER_RESIDUAL] repeat=4 fold=1 epoch=22/149 train_bce=0.193439 val_bce=0.613349 best=Y best_epoch=22 head_l2=0.024920 elapsed_sec=0.50
CHECKPOINT_BEST repeat=4 scope=internal_cv fold=1 phase=high_order_residual epoch=23 path=/data/adodas/VarCoNet-V2-main/xiaolunwen/experiment3/checkpoints/worker_r4_best.pt
[HIGH_ORDER_RESIDUAL] repeat=4 fold=1 epoch=23/149 train_bce=0.193331 val_bce=0.613341 best=Y best_epoch=23 head_l2=0.026037 elapsed_sec=0.27
CHECKPOINT_BEST repeat=4 scope=internal_cv fold=1 phase=high_order_residual epoch=24 path=/data/adodas/VarCoNet-V2-main/xiaolunwen/experiment3/checkpoints/worker_r4_best.pt
[HIGH_ORDER_RESIDUAL] repeat=4 fold=1 epoch=24/149 train_bce=0.193224 val_bce=0.613334 best=Y best_epoch=24 head_l2=0.027151 elapsed_sec=0.19
CHECKPOINT_BEST repeat=4 scope=internal_cv fold=1 phase=high_order_residual epoch=25 path=/data/adodas/VarCoNet-V2-main/xiaolunwen/experiment3/checkpoints/worker_r4_best.pt
[HIGH_ORDER_RESIDUAL] repeat=4 fold=1 epoch=25/149 train_bce=0.193117 val_bce=0.613325 best=Y best_epoch=25 head_l2=0.028264 elapsed_sec=0.78
CHECKPOINT_BEST repeat=4 scope=internal_cv fold=1 phase=high_order_residual epoch=26 path=/data/adodas/VarCoNet-V2-main/xiaolunwen/experiment3/checkpoints/worker_r4_best.pt
[HIGH_ORDER_RESIDUAL] repeat=4 fold=1 epoch=26/149 train_bce=0.193011 val_bce=0.613316 best=Y best_epoch=26 head_l2=0.029376 elapsed_sec=0.57
CHECKPOINT_BEST repeat=4 scope=internal_cv fold=1 phase=high_order_residual epoch=27 path=/data/adodas/VarCoNet-V2-main/xiaolunwen/experiment3/checkpoints/worker_r4_best.pt
[HIGH_ORDER_RESIDUAL] repeat=4 fold=1 epoch=27/149 train_bce=0.192904 val_bce=0.613307 best=Y best_epoch=27 head_l2=0.030485 elapsed_sec=0.60
CHECKPOINT_BEST repeat=4 scope=internal_cv fold=1 phase=high_order_residual epoch=28 path=/data/adodas/VarCoNet-V2-main/xiaolunwen/experiment3/checkpoints/worker_r4_best.pt
[HIGH_ORDER_RESIDUAL] repeat=4 fold=1 epoch=28/149 train_bce=0.192798 val_bce=0.613297 best=Y best_epoch=28 head_l2=0.031593 elapsed_sec=0.29
CHECKPOINT_BEST repeat=4 scope=internal_cv fold=1 phase=high_order_residual epoch=29 path=/data/adodas/VarCoNet-V2-main/xiaolunwen/experiment3/checkpoints/worker_r4_best.pt
[HIGH_ORDER_RESIDUAL] repeat=4 fold=1 epoch=29/149 train_bce=0.192693 val_bce=0.613287 best=Y best_epoch=29 head_l2=0.032700 elapsed_sec=0.36
CHECKPOINT_BEST repeat=4 scope=internal_cv fold=1 phase=high_order_residual epoch=30 path=/data/adodas/VarCoNet-V2-main/xiaolunwen/experiment3/checkpoints/worker_r4_best.pt
[HIGH_ORDER_RESIDUAL] repeat=4 fold=1 epoch=30/149 train_bce=0.192587 val_bce=0.613277 best=Y best_epoch=30 head_l2=0.033804 elapsed_sec=0.21
CHECKPOINT_BEST repeat=4 scope=internal_cv fold=1 phase=high_order_residual epoch=31 path=/data/adodas/VarCoNet-V2-main/xiaolunwen/experiment3/checkpoints/worker_r4_best.pt
[HIGH_ORDER_RESIDUAL] repeat=4 fold=1 epoch=31/149 train_bce=0.192482 val_bce=0.613267 best=Y best_epoch=31 head_l2=0.034907 elapsed_sec=0.20
CHECKPOINT_BEST repeat=4 scope=internal_cv fold=1 phase=high_order_residual epoch=32 path=/data/adodas/VarCoNet-V2-main/xiaolunwen/experiment3/checkpoints/worker_r4_best.pt
[HIGH_ORDER_RESIDUAL] repeat=4 fold=1 epoch=32/149 train_bce=0.192377 val_bce=0.613256 best=Y best_epoch=32 head_l2=0.036009 elapsed_sec=1.17
CHECKPOINT_BEST repeat=4 scope=internal_cv fold=1 phase=high_order_residual epoch=33 path=/data/adodas/VarCoNet-V2-main/xiaolunwen/experiment3/checkpoints/worker_r4_best.pt
[HIGH_ORDER_RESIDUAL] repeat=4 fold=1 epoch=33/149 train_bce=0.192273 val_bce=0.613245 best=Y best_epoch=33 head_l2=0.037108 elapsed_sec=0.64
CHECKPOINT_BEST repeat=4 scope=internal_cv fold=1 phase=high_order_residual epoch=34 path=/data/adodas/VarCoNet-V2-main/xiaolunwen/experiment3/checkpoints/worker_r4_best.pt
[HIGH_ORDER_RESIDUAL] repeat=4 fold=1 epoch=34/149 train_bce=0.192169 val_bce=0.613235 best=Y best_epoch=34 head_l2=0.038206 elapsed_sec=0.24
CHECKPOINT_BEST repeat=4 scope=internal_cv fold=1 phase=high_order_residual epoch=35 path=/data/adodas/VarCoNet-V2-main/xiaolunwen/experiment3/checkpoints/worker_r4_best.pt
[HIGH_ORDER_RESIDUAL] repeat=4 fold=1 epoch=35/149 train_bce=0.192065 val_bce=0.613224 best=Y best_epoch=35 head_l2=0.039302 elapsed_sec=0.24
CHECKPOINT_BEST repeat=4 scope=internal_cv fold=1 phase=high_order_residual epoch=36 path=/data/adodas/VarCoNet-V2-main/xiaolunwen/experiment3/checkpoints/worker_r4_best.pt
[HIGH_ORDER_RESIDUAL] repeat=4 fold=1 epoch=36/149 train_bce=0.191961 val_bce=0.613214 best=Y best_epoch=36 head_l2=0.040396 elapsed_sec=0.94
CHECKPOINT_BEST repeat=4 scope=internal_cv fold=1 phase=high_order_residual epoch=37 path=/data/adodas/VarCoNet-V2-main/xiaolunwen/experiment3/checkpoints/worker_r4_best.pt
[HIGH_ORDER_RESIDUAL] repeat=4 fold=1 epoch=37/149 train_bce=0.191858 val_bce=0.613203 best=Y best_epoch=37 head_l2=0.041489 elapsed_sec=1.56
CHECKPOINT_BEST repeat=4 scope=internal_cv fold=1 phase=high_order_residual epoch=38 path=/data/adodas/VarCoNet-V2-main/xiaolunwen/experiment3/checkpoints/worker_r4_best.pt
[HIGH_ORDER_RESIDUAL] repeat=4 fold=1 epoch=38/149 train_bce=0.191755 val_bce=0.613193 best=Y best_epoch=38 head_l2=0.042580 elapsed_sec=0.50
CHECKPOINT_BEST repeat=4 scope=internal_cv fold=1 phase=high_order_residual epoch=39 path=/data/adodas/VarCoNet-V2-main/xiaolunwen/experiment3/checkpoints/worker_r4_best.pt
[HIGH_ORDER_RESIDUAL] repeat=4 fold=1 epoch=39/149 train_bce=0.191652 val_bce=0.613182 best=Y best_epoch=39 head_l2=0.043668 elapsed_sec=1.58
CHECKPOINT_BEST repeat=4 scope=internal_cv fold=1 phase=high_order_residual epoch=40 path=/data/adodas/VarCoNet-V2-main/xiaolunwen/experiment3/checkpoints/worker_r4_best.pt
[HIGH_ORDER_RESIDUAL] repeat=4 fold=1 epoch=40/149 train_bce=0.191550 val_bce=0.613172 best=Y best_epoch=40 head_l2=0.044756 elapsed_sec=0.66
CHECKPOINT_BEST repeat=4 scope=internal_cv fold=1 phase=high_order_residual epoch=41 path=/data/adodas/VarCoNet-V2-main/xiaolunwen/experiment3/checkpoints/worker_r4_best.pt
[HIGH_ORDER_RESIDUAL] repeat=4 fold=1 epoch=41/149 train_bce=0.191447 val_bce=0.613162 best=Y best_epoch=41 head_l2=0.045841 elapsed_sec=0.73
CHECKPOINT_BEST repeat=4 scope=internal_cv fold=1 phase=high_order_residual epoch=42 path=/data/adodas/VarCoNet-V2-main/xiaolunwen/experiment3/checkpoints/worker_r4_best.pt
[HIGH_ORDER_RESIDUAL] repeat=4 fold=1 epoch=42/149 train_bce=0.191345 val_bce=0.613152 best=Y best_epoch=42 head_l2=0.046925 elapsed_sec=0.79
CHECKPOINT_BEST repeat=4 scope=internal_cv fold=1 phase=high_order_residual epoch=43 path=/data/adodas/VarCoNet-V2-main/xiaolunwen/experiment3/checkpoints/worker_r4_best.pt
[HIGH_ORDER_RESIDUAL] repeat=4 fold=1 epoch=43/149 train_bce=0.191244 val_bce=0.613142 best=Y best_epoch=43 head_l2=0.048007 elapsed_sec=0.58
CHECKPOINT_BEST repeat=4 scope=internal_cv fold=1 phase=high_order_residual epoch=44 path=/data/adodas/VarCoNet-V2-main/xiaolunwen/experiment3/checkpoints/worker_r4_best.pt
[HIGH_ORDER_RESIDUAL] repeat=4 fold=1 epoch=44/149 train_bce=0.191142 val_bce=0.613132 best=Y best_epoch=44 head_l2=0.049087 elapsed_sec=0.41
CHECKPOINT_BEST repeat=4 scope=internal_cv fold=1 phase=high_order_residual epoch=45 path=/data/adodas/VarCoNet-V2-main/xiaolunwen/experiment3/checkpoints/worker_r4_best.pt
[HIGH_ORDER_RESIDUAL] repeat=4 fold=1 epoch=45/149 train_bce=0.191041 val_bce=0.613123 best=Y best_epoch=45 head_l2=0.050166 elapsed_sec=0.58
CHECKPOINT_BEST repeat=4 scope=internal_cv fold=1 phase=high_order_residual epoch=46 path=/data/adodas/VarCoNet-V2-main/xiaolunwen/experiment3/checkpoints/worker_r4_best.pt
[HIGH_ORDER_RESIDUAL] repeat=4 fold=1 epoch=46/149 train_bce=0.190941 val_bce=0.613113 best=Y best_epoch=46 head_l2=0.051242 elapsed_sec=0.40
CHECKPOINT_BEST repeat=4 scope=internal_cv fold=1 phase=high_order_residual epoch=47 path=/data/adodas/VarCoNet-V2-main/xiaolunwen/experiment3/checkpoints/worker_r4_best.pt
[HIGH_ORDER_RESIDUAL] repeat=4 fold=1 epoch=47/149 train_bce=0.190840 val_bce=0.613104 best=Y best_epoch=47 head_l2=0.052318 elapsed_sec=0.56
CHECKPOINT_BEST repeat=4 scope=internal_cv fold=1 phase=high_order_residual epoch=48 path=/data/adodas/VarCoNet-V2-main/xiaolunwen/experiment3/checkpoints/worker_r4_best.pt
[HIGH_ORDER_RESIDUAL] repeat=4 fold=1 epoch=48/149 train_bce=0.190740 val_bce=0.613095 best=Y best_epoch=48 head_l2=0.053391 elapsed_sec=0.49
CHECKPOINT_BEST repeat=4 scope=internal_cv fold=1 phase=high_order_residual epoch=49 path=/data/adodas/VarCoNet-V2-main/xiaolunwen/experiment3/checkpoints/worker_r4_best.pt
[HIGH_ORDER_RESIDUAL] repeat=4 fold=1 epoch=49/149 train_bce=0.190640 val_bce=0.613087 best=Y best_epoch=49 head_l2=0.054463 elapsed_sec=0.35
CHECKPOINT_BEST repeat=4 scope=internal_cv fold=1 phase=high_order_residual epoch=50 path=/data/adodas/VarCoNet-V2-main/xiaolunwen/experiment3/checkpoints/worker_r4_best.pt
[HIGH_ORDER_RESIDUAL] repeat=4 fold=1 epoch=50/149 train_bce=0.190540 val_bce=0.613078 best=Y best_epoch=50 head_l2=0.055533 elapsed_sec=0.45
CHECKPOINT_BEST repeat=4 scope=internal_cv fold=1 phase=high_order_residual epoch=51 path=/data/adodas/VarCoNet-V2-main/xiaolunwen/experiment3/checkpoints/worker_r4_best.pt
[HIGH_ORDER_RESIDUAL] repeat=4 fold=1 epoch=51/149 train_bce=0.190440 val_bce=0.613070 best=Y best_epoch=51 head_l2=0.056602 elapsed_sec=0.50
CHECKPOINT_BEST repeat=4 scope=internal_cv fold=1 phase=high_order_residual epoch=52 path=/data/adodas/VarCoNet-V2-main/xiaolunwen/experiment3/checkpoints/worker_r4_best.pt
[HIGH_ORDER_RESIDUAL] repeat=4 fold=1 epoch=52/149 train_bce=0.190341 val_bce=0.613063 best=Y best_epoch=52 head_l2=0.057669 elapsed_sec=0.75
CHECKPOINT_BEST repeat=4 scope=internal_cv fold=1 phase=high_order_residual epoch=53 path=/data/adodas/VarCoNet-V2-main/xiaolunwen/experiment3/checkpoints/worker_r4_best.pt
[HIGH_ORDER_RESIDUAL] repeat=4 fold=1 epoch=53/149 train_bce=0.190242 val_bce=0.613055 best=Y best_epoch=53 head_l2=0.058735 elapsed_sec=0.76
CHECKPOINT_BEST repeat=4 scope=internal_cv fold=1 phase=high_order_residual epoch=54 path=/data/adodas/VarCoNet-V2-main/xiaolunwen/experiment3/checkpoints/worker_r4_best.pt
[HIGH_ORDER_RESIDUAL] repeat=4 fold=1 epoch=54/149 train_bce=0.190144 val_bce=0.613047 best=Y best_epoch=54 head_l2=0.059798 elapsed_sec=0.74
CHECKPOINT_BEST repeat=4 scope=internal_cv fold=1 phase=high_order_residual epoch=55 path=/data/adodas/VarCoNet-V2-main/xiaolunwen/experiment3/checkpoints/worker_r4_best.pt
[HIGH_ORDER_RESIDUAL] repeat=4 fold=1 epoch=55/149 train_bce=0.190045 val_bce=0.613040 best=Y best_epoch=55 head_l2=0.060861 elapsed_sec=0.55
CHECKPOINT_BEST repeat=4 scope=internal_cv fold=1 phase=high_order_residual epoch=56 path=/data/adodas/VarCoNet-V2-main/xiaolunwen/experiment3/checkpoints/worker_r4_best.pt
[HIGH_ORDER_RESIDUAL] repeat=4 fold=1 epoch=56/149 train_bce=0.189947 val_bce=0.613034 best=Y best_epoch=56 head_l2=0.061921 elapsed_sec=0.44
CHECKPOINT_BEST repeat=4 scope=internal_cv fold=1 phase=high_order_residual epoch=57 path=/data/adodas/VarCoNet-V2-main/xiaolunwen/experiment3/checkpoints/worker_r4_best.pt
[HIGH_ORDER_RESIDUAL] repeat=4 fold=1 epoch=57/149 train_bce=0.189849 val_bce=0.613027 best=Y best_epoch=57 head_l2=0.062981 elapsed_sec=0.36
CHECKPOINT_BEST repeat=4 scope=internal_cv fold=1 phase=high_order_residual epoch=58 path=/data/adodas/VarCoNet-V2-main/xiaolunwen/experiment3/checkpoints/worker_r4_best.pt
[HIGH_ORDER_RESIDUAL] repeat=4 fold=1 epoch=58/149 train_bce=0.189751 val_bce=0.613021 best=Y best_epoch=58 head_l2=0.064038 elapsed_sec=0.44
CHECKPOINT_BEST repeat=4 scope=internal_cv fold=1 phase=high_order_residual epoch=59 path=/data/adodas/VarCoNet-V2-main/xiaolunwen/experiment3/checkpoints/worker_r4_best.pt
[HIGH_ORDER_RESIDUAL] repeat=4 fold=1 epoch=59/149 train_bce=0.189654 val_bce=0.613015 best=Y best_epoch=59 head_l2=0.065095 elapsed_sec=0.22
CHECKPOINT_BEST repeat=4 scope=internal_cv fold=1 phase=high_order_residual epoch=60 path=/data/adodas/VarCoNet-V2-main/xiaolunwen/experiment3/checkpoints/worker_r4_best.pt
[HIGH_ORDER_RESIDUAL] repeat=4 fold=1 epoch=60/149 train_bce=0.189556 val_bce=0.613009 best=Y best_epoch=60 head_l2=0.066149 elapsed_sec=0.61
CHECKPOINT_BEST repeat=4 scope=internal_cv fold=1 phase=high_order_residual epoch=61 path=/data/adodas/VarCoNet-V2-main/xiaolunwen/experiment3/checkpoints/worker_r4_best.pt
[HIGH_ORDER_RESIDUAL] repeat=4 fold=1 epoch=61/149 train_bce=0.189460 val_bce=0.613004 best=Y best_epoch=61 head_l2=0.067203 elapsed_sec=0.30
CHECKPOINT_BEST repeat=4 scope=internal_cv fold=1 phase=high_order_residual epoch=62 path=/data/adodas/VarCoNet-V2-main/xiaolunwen/experiment3/checkpoints/worker_r4_best.pt
[HIGH_ORDER_RESIDUAL] repeat=4 fold=1 epoch=62/149 train_bce=0.189363 val_bce=0.612999 best=Y best_epoch=62 head_l2=0.068254 elapsed_sec=0.22
CHECKPOINT_BEST repeat=4 scope=internal_cv fold=1 phase=high_order_residual epoch=63 path=/data/adodas/VarCoNet-V2-main/xiaolunwen/experiment3/checkpoints/worker_r4_best.pt
[HIGH_ORDER_RESIDUAL] repeat=4 fold=1 epoch=63/149 train_bce=0.189266 val_bce=0.612994 best=Y best_epoch=63 head_l2=0.069305 elapsed_sec=0.41
CHECKPOINT_BEST repeat=4 scope=internal_cv fold=1 phase=high_order_residual epoch=64 path=/data/adodas/VarCoNet-V2-main/xiaolunwen/experiment3/checkpoints/worker_r4_best.pt
[HIGH_ORDER_RESIDUAL] repeat=4 fold=1 epoch=64/149 train_bce=0.189170 val_bce=0.612990 best=Y best_epoch=64 head_l2=0.070354 elapsed_sec=0.46
CHECKPOINT_BEST repeat=4 scope=internal_cv fold=1 phase=high_order_residual epoch=65 path=/data/adodas/VarCoNet-V2-main/xiaolunwen/experiment3/checkpoints/worker_r4_best.pt
[HIGH_ORDER_RESIDUAL] repeat=4 fold=1 epoch=65/149 train_bce=0.189074 val_bce=0.612986 best=Y best_epoch=65 head_l2=0.071401 elapsed_sec=0.55
CHECKPOINT_BEST repeat=4 scope=internal_cv fold=1 phase=high_order_residual epoch=66 path=/data/adodas/VarCoNet-V2-main/xiaolunwen/experiment3/checkpoints/worker_r4_best.pt
[HIGH_ORDER_RESIDUAL] repeat=4 fold=1 epoch=66/149 train_bce=0.188978 val_bce=0.612982 best=Y best_epoch=66 head_l2=0.072447 elapsed_sec=0.39
CHECKPOINT_BEST repeat=4 scope=internal_cv fold=1 phase=high_order_residual epoch=67 path=/data/adodas/VarCoNet-V2-main/xiaolunwen/experiment3/checkpoints/worker_r4_best.pt
[HIGH_ORDER_RESIDUAL] repeat=4 fold=1 epoch=67/149 train_bce=0.188883 val_bce=0.612979 best=Y best_epoch=67 head_l2=0.073492 elapsed_sec=0.25
CHECKPOINT_BEST repeat=4 scope=internal_cv fold=1 phase=high_order_residual epoch=68 path=/data/adodas/VarCoNet-V2-main/xiaolunwen/experiment3/checkpoints/worker_r4_best.pt
[HIGH_ORDER_RESIDUAL] repeat=4 fold=1 epoch=68/149 train_bce=0.188787 val_bce=0.612975 best=Y best_epoch=68 head_l2=0.074535 elapsed_sec=0.22
CHECKPOINT_BEST repeat=4 scope=internal_cv fold=1 phase=high_order_residual epoch=69 path=/data/adodas/VarCoNet-V2-main/xiaolunwen/experiment3/checkpoints/worker_r4_best.pt
[HIGH_ORDER_RESIDUAL] repeat=4 fold=1 epoch=69/149 train_bce=0.188692 val_bce=0.612972 best=Y best_epoch=69 head_l2=0.075577 elapsed_sec=0.20
CHECKPOINT_BEST repeat=4 scope=internal_cv fold=1 phase=high_order_residual epoch=70 path=/data/adodas/VarCoNet-V2-main/xiaolunwen/experiment3/checkpoints/worker_r4_best.pt
[HIGH_ORDER_RESIDUAL] repeat=4 fold=1 epoch=70/149 train_bce=0.188597 val_bce=0.612970 best=Y best_epoch=70 head_l2=0.076618 elapsed_sec=0.74
CHECKPOINT_BEST repeat=4 scope=internal_cv fold=1 phase=high_order_residual epoch=71 path=/data/adodas/VarCoNet-V2-main/xiaolunwen/experiment3/checkpoints/worker_r4_best.pt
[HIGH_ORDER_RESIDUAL] repeat=4 fold=1 epoch=71/149 train_bce=0.188503 val_bce=0.612967 best=Y best_epoch=71 head_l2=0.077657 elapsed_sec=0.44
CHECKPOINT_BEST repeat=4 scope=internal_cv fold=1 phase=high_order_residual epoch=72 path=/data/adodas/VarCoNet-V2-main/xiaolunwen/experiment3/checkpoints/worker_r4_best.pt
[HIGH_ORDER_RESIDUAL] repeat=4 fold=1 epoch=72/149 train_bce=0.188408 val_bce=0.612965 best=Y best_epoch=72 head_l2=0.078695 elapsed_sec=0.27
CHECKPOINT_BEST repeat=4 scope=internal_cv fold=1 phase=high_order_residual epoch=73 path=/data/adodas/VarCoNet-V2-main/xiaolunwen/experiment3/checkpoints/worker_r4_best.pt
[HIGH_ORDER_RESIDUAL] repeat=4 fold=1 epoch=73/149 train_bce=0.188314 val_bce=0.612964 best=Y best_epoch=73 head_l2=0.079732 elapsed_sec=0.27
CHECKPOINT_BEST repeat=4 scope=internal_cv fold=1 phase=high_order_residual epoch=74 path=/data/adodas/VarCoNet-V2-main/xiaolunwen/experiment3/checkpoints/worker_r4_best.pt
[HIGH_ORDER_RESIDUAL] repeat=4 fold=1 epoch=74/149 train_bce=0.188220 val_bce=0.612962 best=Y best_epoch=74 head_l2=0.080767 elapsed_sec=0.41
CHECKPOINT_BEST repeat=4 scope=internal_cv fold=1 phase=high_order_residual epoch=75 path=/data/adodas/VarCoNet-V2-main/xiaolunwen/experiment3/checkpoints/worker_r4_best.pt
[HIGH_ORDER_RESIDUAL] repeat=4 fold=1 epoch=75/149 train_bce=0.188126 val_bce=0.612961 best=Y best_epoch=75 head_l2=0.081801 elapsed_sec=0.33
CHECKPOINT_BEST repeat=4 scope=internal_cv fold=1 phase=high_order_residual epoch=76 path=/data/adodas/VarCoNet-V2-main/xiaolunwen/experiment3/checkpoints/worker_r4_best.pt
[HIGH_ORDER_RESIDUAL] repeat=4 fold=1 epoch=76/149 train_bce=0.188033 val_bce=0.612960 best=Y best_epoch=76 head_l2=0.082834 elapsed_sec=0.22
CHECKPOINT_BEST repeat=4 scope=internal_cv fold=1 phase=high_order_residual epoch=77 path=/data/adodas/VarCoNet-V2-main/xiaolunwen/experiment3/checkpoints/worker_r4_best.pt
[HIGH_ORDER_RESIDUAL] repeat=4 fold=1 epoch=77/149 train_bce=0.187939 val_bce=0.612959 best=Y best_epoch=77 head_l2=0.083866 elapsed_sec=0.26
CHECKPOINT_BEST repeat=4 scope=internal_cv fold=1 phase=high_order_residual epoch=78 path=/data/adodas/VarCoNet-V2-main/xiaolunwen/experiment3/checkpoints/worker_r4_best.pt
[HIGH_ORDER_RESIDUAL] repeat=4 fold=1 epoch=78/149 train_bce=0.187846 val_bce=0.612958 best=Y best_epoch=78 head_l2=0.084896 elapsed_sec=0.25
CHECKPOINT_BEST repeat=4 scope=internal_cv fold=1 phase=high_order_residual epoch=79 path=/data/adodas/VarCoNet-V2-main/xiaolunwen/experiment3/checkpoints/worker_r4_best.pt
[HIGH_ORDER_RESIDUAL] repeat=4 fold=1 epoch=79/149 train_bce=0.187753 val_bce=0.612958 best=Y best_epoch=79 head_l2=0.085926 elapsed_sec=0.88
CHECKPOINT_BEST repeat=4 scope=internal_cv fold=1 phase=high_order_residual epoch=80 path=/data/adodas/VarCoNet-V2-main/xiaolunwen/experiment3/checkpoints/worker_r4_best.pt
[HIGH_ORDER_RESIDUAL] repeat=4 fold=1 epoch=80/149 train_bce=0.187660 val_bce=0.612958 best=Y best_epoch=80 head_l2=0.086954 elapsed_sec=0.46
CHECKPOINT_LATEST repeat=4 scope=internal_cv fold=1 phase=high_order_residual epoch=90 path=/data/adodas/VarCoNet-V2-main/xiaolunwen/experiment3/checkpoints/worker_r4_latest.pt
[HIGH_ORDER_RESIDUAL] repeat=4 fold=1 epoch=90/149 train_bce=0.186745 val_bce=0.612967 best=N best_epoch=80 head_l2=0.097173 elapsed_sec=0.62
CHECKPOINT_LATEST repeat=4 scope=internal_cv fold=1 phase=high_order_residual epoch=100 path=/data/adodas/VarCoNet-V2-main/xiaolunwen/experiment3/checkpoints/worker_r4_latest.pt
[HIGH_ORDER_RESIDUAL] repeat=4 fold=1 epoch=100/149 train_bce=0.185849 val_bce=0.612992 best=N best_epoch=80 head_l2=0.107288 elapsed_sec=0.25
CHECKPOINT_LATEST repeat=4 scope=internal_cv fold=1 phase=high_order_residual epoch=110 path=/data/adodas/VarCoNet-V2-main/xiaolunwen/experiment3/checkpoints/worker_r4_latest.pt
[HIGH_ORDER_RESIDUAL] repeat=4 fold=1 epoch=110/149 train_bce=0.184971 val_bce=0.613032 best=N best_epoch=80 head_l2=0.117309 elapsed_sec=0.35
CHECKPOINT_LATEST repeat=4 scope=internal_cv fold=1 phase=high_order_residual epoch=120 path=/data/adodas/VarCoNet-V2-main/xiaolunwen/experiment3/checkpoints/worker_r4_latest.pt
[HIGH_ORDER_RESIDUAL] repeat=4 fold=1 epoch=120/149 train_bce=0.184112 val_bce=0.613086 best=N best_epoch=80 head_l2=0.127243 elapsed_sec=0.27
CHECKPOINT_LATEST repeat=4 scope=internal_cv fold=1 phase=high_order_residual epoch=130 path=/data/adodas/VarCoNet-V2-main/xiaolunwen/experiment3/checkpoints/worker_r4_latest.pt
[HIGH_ORDER_RESIDUAL] repeat=4 fold=1 epoch=130/149 train_bce=0.183269 val_bce=0.613153 best=N best_epoch=80 head_l2=0.137098 elapsed_sec=0.24
CHECKPOINT_LATEST repeat=4 scope=internal_cv fold=1 phase=high_order_residual epoch=140 path=/data/adodas/VarCoNet-V2-main/xiaolunwen/experiment3/checkpoints/worker_r4_latest.pt
[HIGH_ORDER_RESIDUAL] repeat=4 fold=1 epoch=140/149 train_bce=0.182442 val_bce=0.613231 best=N best_epoch=80 head_l2=0.146879 elapsed_sec=0.34
RESIDUAL_DONE repeat=4 scope=internal_cv fold=1 selected_encoder_epoch=37 selected_classifier_epoch=48 selected_residual_epoch=80 val_bce=0.612958
TASK_TRAINING_DONE repeat=4 scope=internal_cv fold=1 base_epoch=37 dyn_epoch=37 base_val_bce=0.613375 high_order_val_bce=0.612958
TASK_DONE repeat=4 scope=internal_fold fold=1 method=baseline selected_encoder_epoch=37 test_auc=0.710740 test_bce=0.619137 elapsed_min=5.3
TASK_DONE repeat=4 scope=internal_fold fold=1 method=consensus_highorder_residual selected_encoder_epoch=37 test_auc=0.715805 test_bce=0.626502 elapsed_min=5.3
TASK_START repeat=4 scope=internal_cv fold=2 seed=100402 device=cuda:0 shared_encoder=Y
CHECKPOINT_BEST repeat=4 scope=internal_cv fold=2 phase=ssl epoch=1 path=/data/adodas/VarCoNet-V2-main/xiaolunwen/experiment3/checkpoints/worker_r4_best.pt
[repeat=4 fold=2] [epoch=1/50] ssl_loss=0.124654 lr=0.00002411 base_val_bce=0.625505 base_best=Y base_cls_epoch=18 epoch_sec=5.8 task_elapsed_min=0.1 gpu_alloc_gb=0.272 gpu_reserved_gb=1.539
[ssl_epoch=1/50] ssl_loss=0.124654 lr=0.00002411 base_val_bce=0.625505 base_best=Y base_cls_epoch=18 epoch_sec=5.8 elapsed_min=0.1 gpu_alloc_gb=0.272 gpu_reserved_gb=1.539
[repeat=4 fold=2] [epoch=2/50] ssl_loss=0.116691 lr=0.00003821 base_val_bce=0.628942 base_best=N base_cls_epoch=20 epoch_sec=5.3 task_elapsed_min=0.2 gpu_alloc_gb=0.272 gpu_reserved_gb=1.539
[ssl_epoch=2/50] ssl_loss=0.116691 lr=0.00003821 base_val_bce=0.628942 base_best=N base_cls_epoch=20 epoch_sec=5.3 elapsed_min=0.2 gpu_alloc_gb=0.272 gpu_reserved_gb=1.539
CHECKPOINT_BEST repeat=4 scope=internal_cv fold=2 phase=ssl epoch=3 path=/data/adodas/VarCoNet-V2-main/xiaolunwen/experiment3/checkpoints/worker_r4_best.pt
[repeat=4 fold=2] [epoch=3/50] ssl_loss=0.121935 lr=0.00005232 base_val_bce=0.623149 base_best=Y base_cls_epoch=15 epoch_sec=6.4 task_elapsed_min=0.3 gpu_alloc_gb=0.272 gpu_reserved_gb=1.539
[ssl_epoch=3/50] ssl_loss=0.121935 lr=0.00005232 base_val_bce=0.623149 base_best=Y base_cls_epoch=15 epoch_sec=6.4 elapsed_min=0.3 gpu_alloc_gb=0.272 gpu_reserved_gb=1.539
CHECKPOINT_BEST repeat=4 scope=internal_cv fold=2 phase=ssl epoch=4 path=/data/adodas/VarCoNet-V2-main/xiaolunwen/experiment3/checkpoints/worker_r4_best.pt
[repeat=4 fold=2] [epoch=4/50] ssl_loss=0.123557 lr=0.00006643 base_val_bce=0.621703 base_best=Y base_cls_epoch=20 epoch_sec=6.1 task_elapsed_min=0.4 gpu_alloc_gb=0.272 gpu_reserved_gb=1.539
[ssl_epoch=4/50] ssl_loss=0.123557 lr=0.00006643 base_val_bce=0.621703 base_best=Y base_cls_epoch=20 epoch_sec=6.1 elapsed_min=0.4 gpu_alloc_gb=0.272 gpu_reserved_gb=1.539
[repeat=4 fold=2] [epoch=5/50] ssl_loss=0.107557 lr=0.00008053 base_val_bce=0.624341 base_best=N base_cls_epoch=18 epoch_sec=5.5 task_elapsed_min=0.5 gpu_alloc_gb=0.272 gpu_reserved_gb=1.539
[ssl_epoch=5/50] ssl_loss=0.107557 lr=0.00008053 base_val_bce=0.624341 base_best=N base_cls_epoch=18 epoch_sec=5.5 elapsed_min=0.5 gpu_alloc_gb=0.272 gpu_reserved_gb=1.539
CHECKPOINT_BEST repeat=4 scope=internal_cv fold=2 phase=ssl epoch=6 path=/data/adodas/VarCoNet-V2-main/xiaolunwen/experiment3/checkpoints/worker_r4_best.pt
[repeat=4 fold=2] [epoch=6/50] ssl_loss=0.087352 lr=0.00009464 base_val_bce=0.616575 base_best=Y base_cls_epoch=19 epoch_sec=6.1 task_elapsed_min=0.6 gpu_alloc_gb=0.272 gpu_reserved_gb=1.539
[ssl_epoch=6/50] ssl_loss=0.087352 lr=0.00009464 base_val_bce=0.616575 base_best=Y base_cls_epoch=19 epoch_sec=6.1 elapsed_min=0.6 gpu_alloc_gb=0.272 gpu_reserved_gb=1.539
[repeat=4 fold=2] [epoch=7/50] ssl_loss=0.093987 lr=0.00010875 base_val_bce=0.617056 base_best=N base_cls_epoch=18 epoch_sec=5.7 task_elapsed_min=0.7 gpu_alloc_gb=0.272 gpu_reserved_gb=1.539
[ssl_epoch=7/50] ssl_loss=0.093987 lr=0.00010875 base_val_bce=0.617056 base_best=N base_cls_epoch=18 epoch_sec=5.7 elapsed_min=0.7 gpu_alloc_gb=0.272 gpu_reserved_gb=1.539
[repeat=4 fold=2] [epoch=8/50] ssl_loss=0.070679 lr=0.00012285 base_val_bce=0.619044 base_best=N base_cls_epoch=20 epoch_sec=5.5 task_elapsed_min=0.8 gpu_alloc_gb=0.272 gpu_reserved_gb=1.539
[ssl_epoch=8/50] ssl_loss=0.070679 lr=0.00012285 base_val_bce=0.619044 base_best=N base_cls_epoch=20 epoch_sec=5.5 elapsed_min=0.8 gpu_alloc_gb=0.272 gpu_reserved_gb=1.539
[repeat=4 fold=2] [epoch=9/50] ssl_loss=0.087668 lr=0.00013696 base_val_bce=0.625545 base_best=N base_cls_epoch=20 epoch_sec=5.5 task_elapsed_min=0.9 gpu_alloc_gb=0.272 gpu_reserved_gb=1.539
[ssl_epoch=9/50] ssl_loss=0.087668 lr=0.00013696 base_val_bce=0.625545 base_best=N base_cls_epoch=20 epoch_sec=5.5 elapsed_min=0.9 gpu_alloc_gb=0.272 gpu_reserved_gb=1.539
CHECKPOINT_LATEST repeat=4 scope=internal_cv fold=2 phase=ssl epoch=10 path=/data/adodas/VarCoNet-V2-main/xiaolunwen/experiment3/checkpoints/worker_r4_latest.pt
[repeat=4 fold=2] [epoch=10/50] ssl_loss=0.071847 lr=0.00013696 base_val_bce=0.618683 base_best=N base_cls_epoch=23 epoch_sec=5.8 task_elapsed_min=1.0 gpu_alloc_gb=0.272 gpu_reserved_gb=1.539
[ssl_epoch=10/50] ssl_loss=0.071847 lr=0.00013696 base_val_bce=0.618683 base_best=N base_cls_epoch=23 epoch_sec=5.8 elapsed_min=1.0 gpu_alloc_gb=0.272 gpu_reserved_gb=1.539
CHECKPOINT_BEST repeat=4 scope=internal_cv fold=2 phase=ssl epoch=11 path=/data/adodas/VarCoNet-V2-main/xiaolunwen/experiment3/checkpoints/worker_r4_best.pt
[repeat=4 fold=2] [epoch=11/50] ssl_loss=0.067841 lr=0.00013675 base_val_bce=0.610114 base_best=Y base_cls_epoch=22 epoch_sec=6.1 task_elapsed_min=1.1 gpu_alloc_gb=0.272 gpu_reserved_gb=1.539
[ssl_epoch=11/50] ssl_loss=0.067841 lr=0.00013675 base_val_bce=0.610114 base_best=Y base_cls_epoch=22 epoch_sec=6.1 elapsed_min=1.1 gpu_alloc_gb=0.272 gpu_reserved_gb=1.539
[repeat=4 fold=2] [epoch=12/50] ssl_loss=0.064545 lr=0.00013612 base_val_bce=0.611389 base_best=N base_cls_epoch=23 epoch_sec=5.5 task_elapsed_min=1.2 gpu_alloc_gb=0.272 gpu_reserved_gb=1.539
[ssl_epoch=12/50] ssl_loss=0.064545 lr=0.00013612 base_val_bce=0.611389 base_best=N base_cls_epoch=23 epoch_sec=5.5 elapsed_min=1.2 gpu_alloc_gb=0.272 gpu_reserved_gb=1.539
CHECKPOINT_BEST repeat=4 scope=internal_cv fold=2 phase=ssl epoch=13 path=/data/adodas/VarCoNet-V2-main/xiaolunwen/experiment3/checkpoints/worker_r4_best.pt
[repeat=4 fold=2] [epoch=13/50] ssl_loss=0.062635 lr=0.00013507 base_val_bce=0.605796 base_best=Y base_cls_epoch=27 epoch_sec=5.7 task_elapsed_min=1.2 gpu_alloc_gb=0.272 gpu_reserved_gb=1.539
[ssl_epoch=13/50] ssl_loss=0.062635 lr=0.00013507 base_val_bce=0.605796 base_best=Y base_cls_epoch=27 epoch_sec=5.7 elapsed_min=1.2 gpu_alloc_gb=0.272 gpu_reserved_gb=1.539
[repeat=4 fold=2] [epoch=14/50] ssl_loss=0.061293 lr=0.00013361 base_val_bce=0.607777 base_best=N base_cls_epoch=24 epoch_sec=5.4 task_elapsed_min=1.3 gpu_alloc_gb=0.272 gpu_reserved_gb=1.539
[ssl_epoch=14/50] ssl_loss=0.061293 lr=0.00013361 base_val_bce=0.607777 base_best=N base_cls_epoch=24 epoch_sec=5.4 elapsed_min=1.3 gpu_alloc_gb=0.272 gpu_reserved_gb=1.539
CHECKPOINT_BEST repeat=4 scope=internal_cv fold=2 phase=ssl epoch=15 path=/data/adodas/VarCoNet-V2-main/xiaolunwen/experiment3/checkpoints/worker_r4_best.pt
[repeat=4 fold=2] [epoch=15/50] ssl_loss=0.059763 lr=0.00013175 base_val_bce=0.604835 base_best=Y base_cls_epoch=25 epoch_sec=5.9 task_elapsed_min=1.4 gpu_alloc_gb=0.272 gpu_reserved_gb=1.539
[ssl_epoch=15/50] ssl_loss=0.059763 lr=0.00013175 base_val_bce=0.604835 base_best=Y base_cls_epoch=25 epoch_sec=5.9 elapsed_min=1.4 gpu_alloc_gb=0.272 gpu_reserved_gb=1.539
CHECKPOINT_BEST repeat=4 scope=internal_cv fold=2 phase=ssl epoch=16 path=/data/adodas/VarCoNet-V2-main/xiaolunwen/experiment3/checkpoints/worker_r4_best.pt
[repeat=4 fold=2] [epoch=16/50] ssl_loss=0.074276 lr=0.00012950 base_val_bce=0.604262 base_best=Y base_cls_epoch=28 epoch_sec=5.9 task_elapsed_min=1.5 gpu_alloc_gb=0.272 gpu_reserved_gb=1.539
[ssl_epoch=16/50] ssl_loss=0.074276 lr=0.00012950 base_val_bce=0.604262 base_best=Y base_cls_epoch=28 epoch_sec=5.9 elapsed_min=1.5 gpu_alloc_gb=0.272 gpu_reserved_gb=1.539
CHECKPOINT_BEST repeat=4 scope=internal_cv fold=2 phase=ssl epoch=17 path=/data/adodas/VarCoNet-V2-main/xiaolunwen/experiment3/checkpoints/worker_r4_best.pt
[repeat=4 fold=2] [epoch=17/50] ssl_loss=0.050551 lr=0.00012687 base_val_bce=0.598621 base_best=Y base_cls_epoch=29 epoch_sec=6.4 task_elapsed_min=1.6 gpu_alloc_gb=0.272 gpu_reserved_gb=1.539
[ssl_epoch=17/50] ssl_loss=0.050551 lr=0.00012687 base_val_bce=0.598621 base_best=Y base_cls_epoch=29 epoch_sec=6.4 elapsed_min=1.6 gpu_alloc_gb=0.272 gpu_reserved_gb=1.539
[repeat=4 fold=2] [epoch=18/50] ssl_loss=0.048383 lr=0.00012388 base_val_bce=0.600459 base_best=N base_cls_epoch=31 epoch_sec=5.3 task_elapsed_min=1.7 gpu_alloc_gb=0.272 gpu_reserved_gb=1.539
[ssl_epoch=18/50] ssl_loss=0.048383 lr=0.00012388 base_val_bce=0.600459 base_best=N base_cls_epoch=31 epoch_sec=5.3 elapsed_min=1.7 gpu_alloc_gb=0.272 gpu_reserved_gb=1.539
[repeat=4 fold=2] [epoch=19/50] ssl_loss=0.053903 lr=0.00012055 base_val_bce=0.601358 base_best=N base_cls_epoch=27 epoch_sec=5.0 task_elapsed_min=1.8 gpu_alloc_gb=0.272 gpu_reserved_gb=1.539
[ssl_epoch=19/50] ssl_loss=0.053903 lr=0.00012055 base_val_bce=0.601358 base_best=N base_cls_epoch=27 epoch_sec=5.0 elapsed_min=1.8 gpu_alloc_gb=0.272 gpu_reserved_gb=1.539
CHECKPOINT_BEST repeat=4 scope=internal_cv fold=2 phase=ssl epoch=20 path=/data/adodas/VarCoNet-V2-main/xiaolunwen/experiment3/checkpoints/worker_r4_best.pt
CHECKPOINT_LATEST repeat=4 scope=internal_cv fold=2 phase=ssl epoch=20 path=/data/adodas/VarCoNet-V2-main/xiaolunwen/experiment3/checkpoints/worker_r4_latest.pt
[repeat=4 fold=2] [epoch=20/50] ssl_loss=0.057221 lr=0.00011690 base_val_bce=0.594212 base_best=Y base_cls_epoch=32 epoch_sec=6.5 task_elapsed_min=1.9 gpu_alloc_gb=0.272 gpu_reserved_gb=1.539
[ssl_epoch=20/50] ssl_loss=0.057221 lr=0.00011690 base_val_bce=0.594212 base_best=Y base_cls_epoch=32 epoch_sec=6.5 elapsed_min=1.9 gpu_alloc_gb=0.272 gpu_reserved_gb=1.539
CHECKPOINT_BEST repeat=4 scope=internal_cv fold=2 phase=ssl epoch=21 path=/data/adodas/VarCoNet-V2-main/xiaolunwen/experiment3/checkpoints/worker_r4_best.pt
[repeat=4 fold=2] [epoch=21/50] ssl_loss=0.053258 lr=0.00011296 base_val_bce=0.591197 base_best=Y base_cls_epoch=32 epoch_sec=6.3 task_elapsed_min=2.0 gpu_alloc_gb=0.272 gpu_reserved_gb=1.539
[ssl_epoch=21/50] ssl_loss=0.053258 lr=0.00011296 base_val_bce=0.591197 base_best=Y base_cls_epoch=32 epoch_sec=6.3 elapsed_min=2.0 gpu_alloc_gb=0.272 gpu_reserved_gb=1.539
[repeat=4 fold=2] [epoch=22/50] ssl_loss=0.042334 lr=0.00010873 base_val_bce=0.613041 base_best=N base_cls_epoch=37 epoch_sec=5.8 task_elapsed_min=2.1 gpu_alloc_gb=0.272 gpu_reserved_gb=1.539
[ssl_epoch=22/50] ssl_loss=0.042334 lr=0.00010873 base_val_bce=0.613041 base_best=N base_cls_epoch=37 epoch_sec=5.8 elapsed_min=2.1 gpu_alloc_gb=0.272 gpu_reserved_gb=1.539
[repeat=4 fold=2] [epoch=23/50] ssl_loss=0.044587 lr=0.00010426 base_val_bce=0.596366 base_best=N base_cls_epoch=32 epoch_sec=5.7 task_elapsed_min=2.2 gpu_alloc_gb=0.272 gpu_reserved_gb=1.539
[ssl_epoch=23/50] ssl_loss=0.044587 lr=0.00010426 base_val_bce=0.596366 base_best=N base_cls_epoch=32 epoch_sec=5.7 elapsed_min=2.2 gpu_alloc_gb=0.272 gpu_reserved_gb=1.539
[repeat=4 fold=2] [epoch=24/50] ssl_loss=0.041055 lr=0.00009957 base_val_bce=0.607691 base_best=N base_cls_epoch=33 epoch_sec=5.2 task_elapsed_min=2.3 gpu_alloc_gb=0.272 gpu_reserved_gb=1.539
[ssl_epoch=24/50] ssl_loss=0.041055 lr=0.00009957 base_val_bce=0.607691 base_best=N base_cls_epoch=33 epoch_sec=5.4 elapsed_min=2.3 gpu_alloc_gb=0.272 gpu_reserved_gb=1.539
[repeat=4 fold=2] [epoch=25/50] ssl_loss=0.044460 lr=0.00009469 base_val_bce=0.596495 base_best=N base_cls_epoch=36 epoch_sec=5.7 task_elapsed_min=2.4 gpu_alloc_gb=0.272 gpu_reserved_gb=1.539
[ssl_epoch=25/50] ssl_loss=0.044460 lr=0.00009469 base_val_bce=0.596495 base_best=N base_cls_epoch=36 epoch_sec=5.9 elapsed_min=2.4 gpu_alloc_gb=0.272 gpu_reserved_gb=1.539
[repeat=4 fold=2] [epoch=26/50] ssl_loss=0.045641 lr=0.00008964 base_val_bce=0.606571 base_best=N base_cls_epoch=45 epoch_sec=5.6 task_elapsed_min=2.5 gpu_alloc_gb=0.272 gpu_reserved_gb=1.539
[ssl_epoch=26/50] ssl_loss=0.045641 lr=0.00008964 base_val_bce=0.606571 base_best=N base_cls_epoch=45 epoch_sec=5.6 elapsed_min=2.5 gpu_alloc_gb=0.272 gpu_reserved_gb=1.539
[repeat=4 fold=2] [epoch=27/50] ssl_loss=0.045390 lr=0.00008447 base_val_bce=0.604219 base_best=N base_cls_epoch=44 epoch_sec=5.1 task_elapsed_min=2.6 gpu_alloc_gb=0.272 gpu_reserved_gb=1.539
[ssl_epoch=27/50] ssl_loss=0.045390 lr=0.00008447 base_val_bce=0.604219 base_best=N base_cls_epoch=44 epoch_sec=5.2 elapsed_min=2.6 gpu_alloc_gb=0.272 gpu_reserved_gb=1.539
[repeat=4 fold=2] [epoch=28/50] ssl_loss=0.036791 lr=0.00007919 base_val_bce=0.597608 base_best=N base_cls_epoch=43 epoch_sec=5.0 task_elapsed_min=2.7 gpu_alloc_gb=0.272 gpu_reserved_gb=1.539
[ssl_epoch=28/50] ssl_loss=0.036791 lr=0.00007919 base_val_bce=0.597608 base_best=N base_cls_epoch=43 epoch_sec=5.0 elapsed_min=2.7 gpu_alloc_gb=0.272 gpu_reserved_gb=1.539
[repeat=4 fold=2] [epoch=29/50] ssl_loss=0.047280 lr=0.00007385 base_val_bce=0.596029 base_best=N base_cls_epoch=41 epoch_sec=5.4 task_elapsed_min=2.8 gpu_alloc_gb=0.272 gpu_reserved_gb=1.539
[ssl_epoch=29/50] ssl_loss=0.047280 lr=0.00007385 base_val_bce=0.596029 base_best=N base_cls_epoch=41 epoch_sec=5.4 elapsed_min=2.8 gpu_alloc_gb=0.272 gpu_reserved_gb=1.539
CHECKPOINT_LATEST repeat=4 scope=internal_cv fold=2 phase=ssl epoch=30 path=/data/adodas/VarCoNet-V2-main/xiaolunwen/experiment3/checkpoints/worker_r4_latest.pt
[repeat=4 fold=2] [epoch=30/50] ssl_loss=0.040560 lr=0.00006848 base_val_bce=0.610164 base_best=N base_cls_epoch=50 epoch_sec=6.0 task_elapsed_min=2.9 gpu_alloc_gb=0.272 gpu_reserved_gb=1.539
[ssl_epoch=30/50] ssl_loss=0.040560 lr=0.00006848 base_val_bce=0.610164 base_best=N base_cls_epoch=50 epoch_sec=6.0 elapsed_min=2.9 gpu_alloc_gb=0.272 gpu_reserved_gb=1.539
CHECKPOINT_BEST repeat=4 scope=internal_cv fold=2 phase=ssl epoch=31 path=/data/adodas/VarCoNet-V2-main/xiaolunwen/experiment3/checkpoints/worker_r4_best.pt
[repeat=4 fold=2] [epoch=31/50] ssl_loss=0.045616 lr=0.00006311 base_val_bce=0.591123 base_best=Y base_cls_epoch=44 epoch_sec=6.2 task_elapsed_min=3.0 gpu_alloc_gb=0.272 gpu_reserved_gb=1.539
[ssl_epoch=31/50] ssl_loss=0.045616 lr=0.00006311 base_val_bce=0.591123 base_best=Y base_cls_epoch=44 epoch_sec=6.2 elapsed_min=3.0 gpu_alloc_gb=0.272 gpu_reserved_gb=1.539
[repeat=4 fold=2] [epoch=32/50] ssl_loss=0.039229 lr=0.00005777 base_val_bce=0.601826 base_best=N base_cls_epoch=52 epoch_sec=5.6 task_elapsed_min=3.1 gpu_alloc_gb=0.272 gpu_reserved_gb=1.539
[ssl_epoch=32/50] ssl_loss=0.039229 lr=0.00005777 base_val_bce=0.601826 base_best=N base_cls_epoch=52 epoch_sec=5.6 elapsed_min=3.1 gpu_alloc_gb=0.272 gpu_reserved_gb=1.539
[repeat=4 fold=2] [epoch=33/50] ssl_loss=0.040210 lr=0.00005249 base_val_bce=0.604016 base_best=N base_cls_epoch=45 epoch_sec=5.2 task_elapsed_min=3.2 gpu_alloc_gb=0.272 gpu_reserved_gb=1.539
[ssl_epoch=33/50] ssl_loss=0.040210 lr=0.00005249 base_val_bce=0.604016 base_best=N base_cls_epoch=45 epoch_sec=5.3 elapsed_min=3.2 gpu_alloc_gb=0.272 gpu_reserved_gb=1.539
CHECKPOINT_BEST repeat=4 scope=internal_cv fold=2 phase=ssl epoch=34 path=/data/adodas/VarCoNet-V2-main/xiaolunwen/experiment3/checkpoints/worker_r4_best.pt
[repeat=4 fold=2] [epoch=34/50] ssl_loss=0.041579 lr=0.00004732 base_val_bce=0.590455 base_best=Y base_cls_epoch=47 epoch_sec=5.8 task_elapsed_min=3.2 gpu_alloc_gb=0.272 gpu_reserved_gb=1.539
[ssl_epoch=34/50] ssl_loss=0.041579 lr=0.00004732 base_val_bce=0.590455 base_best=Y base_cls_epoch=47 epoch_sec=5.8 elapsed_min=3.2 gpu_alloc_gb=0.272 gpu_reserved_gb=1.539
[repeat=4 fold=2] [epoch=35/50] ssl_loss=0.040052 lr=0.00004227 base_val_bce=0.602354 base_best=N base_cls_epoch=42 epoch_sec=5.8 task_elapsed_min=3.3 gpu_alloc_gb=0.272 gpu_reserved_gb=1.539
[ssl_epoch=35/50] ssl_loss=0.040052 lr=0.00004227 base_val_bce=0.602354 base_best=N base_cls_epoch=42 epoch_sec=5.8 elapsed_min=3.3 gpu_alloc_gb=0.272 gpu_reserved_gb=1.539
[repeat=4 fold=2] [epoch=36/50] ssl_loss=0.053529 lr=0.00003739 base_val_bce=0.592457 base_best=N base_cls_epoch=49 epoch_sec=5.5 task_elapsed_min=3.4 gpu_alloc_gb=0.272 gpu_reserved_gb=1.539
[ssl_epoch=36/50] ssl_loss=0.053529 lr=0.00003739 base_val_bce=0.592457 base_best=N base_cls_epoch=49 epoch_sec=5.6 elapsed_min=3.4 gpu_alloc_gb=0.272 gpu_reserved_gb=1.539
[repeat=4 fold=2] [epoch=37/50] ssl_loss=0.045299 lr=0.00003270 base_val_bce=0.597265 base_best=N base_cls_epoch=46 epoch_sec=5.1 task_elapsed_min=3.5 gpu_alloc_gb=0.272 gpu_reserved_gb=1.539
[ssl_epoch=37/50] ssl_loss=0.045299 lr=0.00003270 base_val_bce=0.597265 base_best=N base_cls_epoch=46 epoch_sec=5.2 elapsed_min=3.5 gpu_alloc_gb=0.272 gpu_reserved_gb=1.539
CHECKPOINT_BEST repeat=4 scope=internal_cv fold=2 phase=ssl epoch=38 path=/data/adodas/VarCoNet-V2-main/xiaolunwen/experiment3/checkpoints/worker_r4_best.pt
[repeat=4 fold=2] [epoch=38/50] ssl_loss=0.042991 lr=0.00002823 base_val_bce=0.585274 base_best=Y base_cls_epoch=44 epoch_sec=10.7 task_elapsed_min=3.6 gpu_alloc_gb=0.272 gpu_reserved_gb=1.539
[ssl_epoch=38/50] ssl_loss=0.042991 lr=0.00002823 base_val_bce=0.585274 base_best=Y base_cls_epoch=44 epoch_sec=10.7 elapsed_min=3.6 gpu_alloc_gb=0.272 gpu_reserved_gb=1.539
[repeat=4 fold=2] [epoch=39/50] ssl_loss=0.048515 lr=0.00002401 base_val_bce=0.595301 base_best=N base_cls_epoch=49 epoch_sec=5.6 task_elapsed_min=3.8 gpu_alloc_gb=0.272 gpu_reserved_gb=1.539
[ssl_epoch=39/50] ssl_loss=0.048515 lr=0.00002401 base_val_bce=0.595301 base_best=N base_cls_epoch=49 epoch_sec=5.7 elapsed_min=3.8 gpu_alloc_gb=0.272 gpu_reserved_gb=1.539
CHECKPOINT_LATEST repeat=4 scope=internal_cv fold=2 phase=ssl epoch=40 path=/data/adodas/VarCoNet-V2-main/xiaolunwen/experiment3/checkpoints/worker_r4_latest.pt
[repeat=4 fold=2] [epoch=40/50] ssl_loss=0.041801 lr=0.00002006 base_val_bce=0.590133 base_best=N base_cls_epoch=53 epoch_sec=6.9 task_elapsed_min=3.9 gpu_alloc_gb=0.272 gpu_reserved_gb=1.539
[ssl_epoch=40/50] ssl_loss=0.041801 lr=0.00002006 base_val_bce=0.590133 base_best=N base_cls_epoch=53 epoch_sec=6.9 elapsed_min=3.9 gpu_alloc_gb=0.272 gpu_reserved_gb=1.539
CHECKPOINT_BEST repeat=4 scope=internal_cv fold=2 phase=ssl epoch=41 path=/data/adodas/VarCoNet-V2-main/xiaolunwen/experiment3/checkpoints/worker_r4_best.pt
[repeat=4 fold=2] [epoch=41/50] ssl_loss=0.030776 lr=0.00001641 base_val_bce=0.584488 base_best=Y base_cls_epoch=47 epoch_sec=6.6 task_elapsed_min=4.0 gpu_alloc_gb=0.272 gpu_reserved_gb=1.539
[ssl_epoch=41/50] ssl_loss=0.030776 lr=0.00001641 base_val_bce=0.584488 base_best=Y base_cls_epoch=47 epoch_sec=6.6 elapsed_min=4.0 gpu_alloc_gb=0.272 gpu_reserved_gb=1.539
[repeat=4 fold=2] [epoch=42/50] ssl_loss=0.038861 lr=0.00001308 base_val_bce=0.595705 base_best=N base_cls_epoch=49 epoch_sec=5.0 task_elapsed_min=4.1 gpu_alloc_gb=0.272 gpu_reserved_gb=1.539
[ssl_epoch=42/50] ssl_loss=0.038861 lr=0.00001308 base_val_bce=0.595705 base_best=N base_cls_epoch=49 epoch_sec=5.0 elapsed_min=4.1 gpu_alloc_gb=0.272 gpu_reserved_gb=1.539
[repeat=4 fold=2] [epoch=43/50] ssl_loss=0.048022 lr=0.00001009 base_val_bce=0.597532 base_best=N base_cls_epoch=50 epoch_sec=4.9 task_elapsed_min=4.2 gpu_alloc_gb=0.272 gpu_reserved_gb=1.539
[ssl_epoch=43/50] ssl_loss=0.048022 lr=0.00001009 base_val_bce=0.597532 base_best=N base_cls_epoch=50 epoch_sec=4.9 elapsed_min=4.2 gpu_alloc_gb=0.272 gpu_reserved_gb=1.539
[repeat=4 fold=2] [epoch=44/50] ssl_loss=0.041706 lr=0.00000746 base_val_bce=0.585585 base_best=N base_cls_epoch=53 epoch_sec=4.9 task_elapsed_min=4.3 gpu_alloc_gb=0.272 gpu_reserved_gb=1.539
[ssl_epoch=44/50] ssl_loss=0.041706 lr=0.00000746 base_val_bce=0.585585 base_best=N base_cls_epoch=53 epoch_sec=5.1 elapsed_min=4.3 gpu_alloc_gb=0.272 gpu_reserved_gb=1.539
[repeat=4 fold=2] [epoch=45/50] ssl_loss=0.038125 lr=0.00000521 base_val_bce=0.593838 base_best=N base_cls_epoch=49 epoch_sec=5.2 task_elapsed_min=4.4 gpu_alloc_gb=0.272 gpu_reserved_gb=1.539
[ssl_epoch=45/50] ssl_loss=0.038125 lr=0.00000521 base_val_bce=0.593838 base_best=N base_cls_epoch=49 epoch_sec=5.3 elapsed_min=4.4 gpu_alloc_gb=0.272 gpu_reserved_gb=1.539
CHECKPOINT_BEST repeat=4 scope=internal_cv fold=2 phase=ssl epoch=46 path=/data/adodas/VarCoNet-V2-main/xiaolunwen/experiment3/checkpoints/worker_r4_best.pt
[repeat=4 fold=2] [epoch=46/50] ssl_loss=0.036502 lr=0.00000335 base_val_bce=0.581303 base_best=Y base_cls_epoch=47 epoch_sec=6.1 task_elapsed_min=4.5 gpu_alloc_gb=0.272 gpu_reserved_gb=1.539
[ssl_epoch=46/50] ssl_loss=0.036502 lr=0.00000335 base_val_bce=0.581303 base_best=Y base_cls_epoch=47 epoch_sec=6.1 elapsed_min=4.5 gpu_alloc_gb=0.272 gpu_reserved_gb=1.539
[repeat=4 fold=2] [epoch=47/50] ssl_loss=0.035684 lr=0.00000189 base_val_bce=0.585595 base_best=N base_cls_epoch=51 epoch_sec=4.8 task_elapsed_min=4.6 gpu_alloc_gb=0.272 gpu_reserved_gb=1.539
[ssl_epoch=47/50] ssl_loss=0.035684 lr=0.00000189 base_val_bce=0.585595 base_best=N base_cls_epoch=51 epoch_sec=4.9 elapsed_min=4.6 gpu_alloc_gb=0.272 gpu_reserved_gb=1.539
[repeat=4 fold=2] [epoch=48/50] ssl_loss=0.042668 lr=0.00000084 base_val_bce=0.590722 base_best=N base_cls_epoch=54 epoch_sec=4.1 task_elapsed_min=4.6 gpu_alloc_gb=0.272 gpu_reserved_gb=1.539
[ssl_epoch=48/50] ssl_loss=0.042668 lr=0.00000084 base_val_bce=0.590722 base_best=N base_cls_epoch=54 epoch_sec=4.2 elapsed_min=4.6 gpu_alloc_gb=0.272 gpu_reserved_gb=1.539
[repeat=4 fold=2] [epoch=49/50] ssl_loss=0.036159 lr=0.00000021 base_val_bce=0.592187 base_best=N base_cls_epoch=48 epoch_sec=4.2 task_elapsed_min=4.7 gpu_alloc_gb=0.272 gpu_reserved_gb=1.539
[ssl_epoch=49/50] ssl_loss=0.036159 lr=0.00000021 base_val_bce=0.592187 base_best=N base_cls_epoch=48 epoch_sec=4.3 elapsed_min=4.7 gpu_alloc_gb=0.272 gpu_reserved_gb=1.539
CHECKPOINT_LATEST repeat=4 scope=internal_cv fold=2 phase=ssl epoch=50 path=/data/adodas/VarCoNet-V2-main/xiaolunwen/experiment3/checkpoints/worker_r4_latest.pt
[repeat=4 fold=2] [epoch=50/50] ssl_loss=0.037782 lr=0.00000000 base_val_bce=0.592138 base_best=N base_cls_epoch=48 epoch_sec=7.6 task_elapsed_min=4.8 gpu_alloc_gb=0.272 gpu_reserved_gb=1.539
[ssl_epoch=50/50] ssl_loss=0.037782 lr=0.00000000 base_val_bce=0.592138 base_best=N base_cls_epoch=48 epoch_sec=7.6 elapsed_min=4.8 gpu_alloc_gb=0.272 gpu_reserved_gb=1.539
[MODULE_DISCOVERY] repeat=4 fold=2 n_unique_subjects=674 n_modules=32 module_size_min=5 module_size_mean=12.000 module_size_max=29 singleton_modules=0 meta_dim=528 empty_meta_bins=0 affinity_mean=0.17343541 affinity_std=0.04101376 affinity_max=0.78862381 elapsed_sec=0.05
[HIGH_ORDER_RESIDUAL] repeat=4 fold=2 epoch=0 train_bce=NA val_bce=0.581303 best=Y best_epoch=0 head_l2=0.000000 elapsed_sec=290.55
CHECKPOINT_BEST repeat=4 scope=internal_cv fold=2 phase=high_order_residual epoch=0 path=/data/adodas/VarCoNet-V2-main/xiaolunwen/experiment3/checkpoints/worker_r4_best.pt
CHECKPOINT_LATEST repeat=4 scope=internal_cv fold=2 phase=high_order_residual epoch=10 path=/data/adodas/VarCoNet-V2-main/xiaolunwen/experiment3/checkpoints/worker_r4_latest.pt
[HIGH_ORDER_RESIDUAL] repeat=4 fold=2 epoch=10/149 train_bce=0.178703 val_bce=0.582320 best=N best_epoch=0 head_l2=0.011407 elapsed_sec=0.92
CHECKPOINT_LATEST repeat=4 scope=internal_cv fold=2 phase=high_order_residual epoch=20 path=/data/adodas/VarCoNet-V2-main/xiaolunwen/experiment3/checkpoints/worker_r4_latest.pt
[HIGH_ORDER_RESIDUAL] repeat=4 fold=2 epoch=20/149 train_bce=0.177654 val_bce=0.583319 best=N best_epoch=0 head_l2=0.022612 elapsed_sec=1.21
CHECKPOINT_LATEST repeat=4 scope=internal_cv fold=2 phase=high_order_residual epoch=30 path=/data/adodas/VarCoNet-V2-main/xiaolunwen/experiment3/checkpoints/worker_r4_latest.pt
[HIGH_ORDER_RESIDUAL] repeat=4 fold=2 epoch=30/149 train_bce=0.176646 val_bce=0.584343 best=N best_epoch=0 head_l2=0.033571 elapsed_sec=1.09
CHECKPOINT_LATEST repeat=4 scope=internal_cv fold=2 phase=high_order_residual epoch=40 path=/data/adodas/VarCoNet-V2-main/xiaolunwen/experiment3/checkpoints/worker_r4_latest.pt
[HIGH_ORDER_RESIDUAL] repeat=4 fold=2 epoch=40/149 train_bce=0.175676 val_bce=0.585420 best=N best_epoch=0 head_l2=0.044238 elapsed_sec=0.83
CHECKPOINT_LATEST repeat=4 scope=internal_cv fold=2 phase=high_order_residual epoch=50 path=/data/adodas/VarCoNet-V2-main/xiaolunwen/experiment3/checkpoints/worker_r4_latest.pt
[HIGH_ORDER_RESIDUAL] repeat=4 fold=2 epoch=50/149 train_bce=0.174738 val_bce=0.586533 best=N best_epoch=0 head_l2=0.054640 elapsed_sec=0.98
CHECKPOINT_LATEST repeat=4 scope=internal_cv fold=2 phase=high_order_residual epoch=60 path=/data/adodas/VarCoNet-V2-main/xiaolunwen/experiment3/checkpoints/worker_r4_latest.pt
[HIGH_ORDER_RESIDUAL] repeat=4 fold=2 epoch=60/149 train_bce=0.173827 val_bce=0.587664 best=N best_epoch=0 head_l2=0.064841 elapsed_sec=1.75
CHECKPOINT_LATEST repeat=4 scope=internal_cv fold=2 phase=high_order_residual epoch=70 path=/data/adodas/VarCoNet-V2-main/xiaolunwen/experiment3/checkpoints/worker_r4_latest.pt
[HIGH_ORDER_RESIDUAL] repeat=4 fold=2 epoch=70/149 train_bce=0.172942 val_bce=0.588807 best=N best_epoch=0 head_l2=0.074895 elapsed_sec=2.90
CHECKPOINT_LATEST repeat=4 scope=internal_cv fold=2 phase=high_order_residual epoch=80 path=/data/adodas/VarCoNet-V2-main/xiaolunwen/experiment3/checkpoints/worker_r4_latest.pt
[HIGH_ORDER_RESIDUAL] repeat=4 fold=2 epoch=80/149 train_bce=0.172080 val_bce=0.589958 best=N best_epoch=0 head_l2=0.084833 elapsed_sec=1.53
CHECKPOINT_LATEST repeat=4 scope=internal_cv fold=2 phase=high_order_residual epoch=90 path=/data/adodas/VarCoNet-V2-main/xiaolunwen/experiment3/checkpoints/worker_r4_latest.pt
[HIGH_ORDER_RESIDUAL] repeat=4 fold=2 epoch=90/149 train_bce=0.171238 val_bce=0.591114 best=N best_epoch=0 head_l2=0.094673 elapsed_sec=0.47
CHECKPOINT_LATEST repeat=4 scope=internal_cv fold=2 phase=high_order_residual epoch=100 path=/data/adodas/VarCoNet-V2-main/xiaolunwen/experiment3/checkpoints/worker_r4_latest.pt
[HIGH_ORDER_RESIDUAL] repeat=4 fold=2 epoch=100/149 train_bce=0.170416 val_bce=0.592276 best=N best_epoch=0 head_l2=0.104426 elapsed_sec=0.61
CHECKPOINT_LATEST repeat=4 scope=internal_cv fold=2 phase=high_order_residual epoch=110 path=/data/adodas/VarCoNet-V2-main/xiaolunwen/experiment3/checkpoints/worker_r4_latest.pt
[HIGH_ORDER_RESIDUAL] repeat=4 fold=2 epoch=110/149 train_bce=0.169611 val_bce=0.593441 best=N best_epoch=0 head_l2=0.114098 elapsed_sec=0.65
CHECKPOINT_LATEST repeat=4 scope=internal_cv fold=2 phase=high_order_residual epoch=120 path=/data/adodas/VarCoNet-V2-main/xiaolunwen/experiment3/checkpoints/worker_r4_latest.pt
[HIGH_ORDER_RESIDUAL] repeat=4 fold=2 epoch=120/149 train_bce=0.168823 val_bce=0.594611 best=N best_epoch=0 head_l2=0.123697 elapsed_sec=0.81
CHECKPOINT_LATEST repeat=4 scope=internal_cv fold=2 phase=high_order_residual epoch=130 path=/data/adodas/VarCoNet-V2-main/xiaolunwen/experiment3/checkpoints/worker_r4_latest.pt
[HIGH_ORDER_RESIDUAL] repeat=4 fold=2 epoch=130/149 train_bce=0.168051 val_bce=0.595783 best=N best_epoch=0 head_l2=0.133225 elapsed_sec=2.30
CHECKPOINT_LATEST repeat=4 scope=internal_cv fold=2 phase=high_order_residual epoch=140 path=/data/adodas/VarCoNet-V2-main/xiaolunwen/experiment3/checkpoints/worker_r4_latest.pt
[HIGH_ORDER_RESIDUAL] repeat=4 fold=2 epoch=140/149 train_bce=0.167294 val_bce=0.596960 best=N best_epoch=0 head_l2=0.142688 elapsed_sec=1.43
RESIDUAL_DONE repeat=4 scope=internal_cv fold=2 selected_encoder_epoch=46 selected_classifier_epoch=47 selected_residual_epoch=0 val_bce=0.581303
TASK_TRAINING_DONE repeat=4 scope=internal_cv fold=2 base_epoch=46 dyn_epoch=46 base_val_bce=0.581303 high_order_val_bce=0.581303
TASK_DONE repeat=4 scope=internal_fold fold=2 method=baseline selected_encoder_epoch=46 test_auc=0.727226 test_bce=0.600814 elapsed_min=5.2
TASK_DONE repeat=4 scope=internal_fold fold=2 method=consensus_highorder_residual selected_encoder_epoch=46 test_auc=0.727226 test_bce=0.600814 elapsed_min=5.2
TASK_START repeat=4 scope=internal_cv fold=3 seed=100403 device=cuda:0 shared_encoder=Y
CHECKPOINT_BEST repeat=4 scope=internal_cv fold=3 phase=ssl epoch=1 path=/data/adodas/VarCoNet-V2-main/xiaolunwen/experiment3/checkpoints/worker_r4_best.pt
[repeat=4 fold=3] [epoch=1/50] ssl_loss=0.182289 lr=0.00002411 base_val_bce=0.655960 base_best=Y base_cls_epoch=16 epoch_sec=6.8 task_elapsed_min=0.1 gpu_alloc_gb=0.272 gpu_reserved_gb=1.539
[ssl_epoch=1/50] ssl_loss=0.182289 lr=0.00002411 base_val_bce=0.655960 base_best=Y base_cls_epoch=16 epoch_sec=6.8 elapsed_min=0.1 gpu_alloc_gb=0.272 gpu_reserved_gb=1.539
[repeat=4 fold=3] [epoch=2/50] ssl_loss=0.128726 lr=0.00003821 base_val_bce=0.659382 base_best=N base_cls_epoch=12 epoch_sec=5.0 task_elapsed_min=0.2 gpu_alloc_gb=0.272 gpu_reserved_gb=1.539
[ssl_epoch=2/50] ssl_loss=0.128726 lr=0.00003821 base_val_bce=0.659382 base_best=N base_cls_epoch=12 epoch_sec=5.0 elapsed_min=0.2 gpu_alloc_gb=0.272 gpu_reserved_gb=1.539
CHECKPOINT_BEST repeat=4 scope=internal_cv fold=3 phase=ssl epoch=3 path=/data/adodas/VarCoNet-V2-main/xiaolunwen/experiment3/checkpoints/worker_r4_best.pt
[repeat=4 fold=3] [epoch=3/50] ssl_loss=0.128366 lr=0.00005232 base_val_bce=0.652661 base_best=Y base_cls_epoch=13 epoch_sec=6.2 task_elapsed_min=0.3 gpu_alloc_gb=0.272 gpu_reserved_gb=1.539
[ssl_epoch=3/50] ssl_loss=0.128366 lr=0.00005232 base_val_bce=0.652661 base_best=Y base_cls_epoch=13 epoch_sec=6.2 elapsed_min=0.3 gpu_alloc_gb=0.272 gpu_reserved_gb=1.539
CHECKPOINT_BEST repeat=4 scope=internal_cv fold=3 phase=ssl epoch=4 path=/data/adodas/VarCoNet-V2-main/xiaolunwen/experiment3/checkpoints/worker_r4_best.pt
[repeat=4 fold=3] [epoch=4/50] ssl_loss=0.104909 lr=0.00006643 base_val_bce=0.640245 base_best=Y base_cls_epoch=12 epoch_sec=6.2 task_elapsed_min=0.4 gpu_alloc_gb=0.272 gpu_reserved_gb=1.539
[ssl_epoch=4/50] ssl_loss=0.104909 lr=0.00006643 base_val_bce=0.640245 base_best=Y base_cls_epoch=12 epoch_sec=6.2 elapsed_min=0.4 gpu_alloc_gb=0.272 gpu_reserved_gb=1.539
[repeat=4 fold=3] [epoch=5/50] ssl_loss=0.106981 lr=0.00008053 base_val_bce=0.660139 base_best=N base_cls_epoch=12 epoch_sec=5.5 task_elapsed_min=0.5 gpu_alloc_gb=0.272 gpu_reserved_gb=1.539
[ssl_epoch=5/50] ssl_loss=0.106981 lr=0.00008053 base_val_bce=0.660139 base_best=N base_cls_epoch=12 epoch_sec=5.6 elapsed_min=0.5 gpu_alloc_gb=0.272 gpu_reserved_gb=1.539
[repeat=4 fold=3] [epoch=6/50] ssl_loss=0.097605 lr=0.00009464 base_val_bce=0.660503 base_best=N base_cls_epoch=13 epoch_sec=5.8 task_elapsed_min=0.6 gpu_alloc_gb=0.272 gpu_reserved_gb=1.539
[ssl_epoch=6/50] ssl_loss=0.097605 lr=0.00009464 base_val_bce=0.660503 base_best=N base_cls_epoch=13 epoch_sec=5.8 elapsed_min=0.6 gpu_alloc_gb=0.272 gpu_reserved_gb=1.539
[repeat=4 fold=3] [epoch=7/50] ssl_loss=0.077966 lr=0.00010875 base_val_bce=0.674938 base_best=N base_cls_epoch=14 epoch_sec=5.2 task_elapsed_min=0.7 gpu_alloc_gb=0.272 gpu_reserved_gb=1.539
[ssl_epoch=7/50] ssl_loss=0.077966 lr=0.00010875 base_val_bce=0.674938 base_best=N base_cls_epoch=14 epoch_sec=5.5 elapsed_min=0.7 gpu_alloc_gb=0.272 gpu_reserved_gb=1.539
[repeat=4 fold=3] [epoch=8/50] ssl_loss=0.077815 lr=0.00012285 base_val_bce=0.651785 base_best=N base_cls_epoch=18 epoch_sec=5.3 task_elapsed_min=0.8 gpu_alloc_gb=0.272 gpu_reserved_gb=1.539
[ssl_epoch=8/50] ssl_loss=0.077815 lr=0.00012285 base_val_bce=0.651785 base_best=N base_cls_epoch=18 epoch_sec=5.4 elapsed_min=0.8 gpu_alloc_gb=0.272 gpu_reserved_gb=1.539
CHECKPOINT_BEST repeat=4 scope=internal_cv fold=3 phase=ssl epoch=9 path=/data/adodas/VarCoNet-V2-main/xiaolunwen/experiment3/checkpoints/worker_r4_best.pt
[repeat=4 fold=3] [epoch=9/50] ssl_loss=0.077531 lr=0.00013696 base_val_bce=0.639757 base_best=Y base_cls_epoch=17 epoch_sec=5.6 task_elapsed_min=0.9 gpu_alloc_gb=0.272 gpu_reserved_gb=1.539
[ssl_epoch=9/50] ssl_loss=0.077531 lr=0.00013696 base_val_bce=0.639757 base_best=Y base_cls_epoch=17 epoch_sec=5.6 elapsed_min=0.9 gpu_alloc_gb=0.272 gpu_reserved_gb=1.539
CHECKPOINT_LATEST repeat=4 scope=internal_cv fold=3 phase=ssl epoch=10 path=/data/adodas/VarCoNet-V2-main/xiaolunwen/experiment3/checkpoints/worker_r4_latest.pt
[repeat=4 fold=3] [epoch=10/50] ssl_loss=0.058095 lr=0.00013696 base_val_bce=0.642031 base_best=N base_cls_epoch=20 epoch_sec=6.2 task_elapsed_min=1.0 gpu_alloc_gb=0.272 gpu_reserved_gb=1.539
[ssl_epoch=10/50] ssl_loss=0.058095 lr=0.00013696 base_val_bce=0.642031 base_best=N base_cls_epoch=20 epoch_sec=6.2 elapsed_min=1.0 gpu_alloc_gb=0.272 gpu_reserved_gb=1.539
[repeat=4 fold=3] [epoch=11/50] ssl_loss=0.076515 lr=0.00013675 base_val_bce=0.644942 base_best=N base_cls_epoch=24 epoch_sec=5.1 task_elapsed_min=1.1 gpu_alloc_gb=0.272 gpu_reserved_gb=1.539
[ssl_epoch=11/50] ssl_loss=0.076515 lr=0.00013675 base_val_bce=0.644942 base_best=N base_cls_epoch=24 epoch_sec=5.7 elapsed_min=1.1 gpu_alloc_gb=0.272 gpu_reserved_gb=1.539
CHECKPOINT_BEST repeat=4 scope=internal_cv fold=3 phase=ssl epoch=12 path=/data/adodas/VarCoNet-V2-main/xiaolunwen/experiment3/checkpoints/worker_r4_best.pt
[repeat=4 fold=3] [epoch=12/50] ssl_loss=0.082295 lr=0.00013612 base_val_bce=0.632028 base_best=Y base_cls_epoch=21 epoch_sec=6.2 task_elapsed_min=1.2 gpu_alloc_gb=0.272 gpu_reserved_gb=1.539
[ssl_epoch=12/50] ssl_loss=0.082295 lr=0.00013612 base_val_bce=0.632028 base_best=Y base_cls_epoch=21 epoch_sec=6.2 elapsed_min=1.2 gpu_alloc_gb=0.272 gpu_reserved_gb=1.539
CHECKPOINT_BEST repeat=4 scope=internal_cv fold=3 phase=ssl epoch=13 path=/data/adodas/VarCoNet-V2-main/xiaolunwen/experiment3/checkpoints/worker_r4_best.pt
[repeat=4 fold=3] [epoch=13/50] ssl_loss=0.057025 lr=0.00013507 base_val_bce=0.627243 base_best=Y base_cls_epoch=23 epoch_sec=5.3 task_elapsed_min=1.3 gpu_alloc_gb=0.272 gpu_reserved_gb=1.539
[ssl_epoch=13/50] ssl_loss=0.057025 lr=0.00013507 base_val_bce=0.627243 base_best=Y base_cls_epoch=23 epoch_sec=5.3 elapsed_min=1.3 gpu_alloc_gb=0.272 gpu_reserved_gb=1.539
[repeat=4 fold=3] [epoch=14/50] ssl_loss=0.078020 lr=0.00013361 base_val_bce=0.646037 base_best=N base_cls_epoch=24 epoch_sec=5.3 task_elapsed_min=1.4 gpu_alloc_gb=0.272 gpu_reserved_gb=1.539
[ssl_epoch=14/50] ssl_loss=0.078020 lr=0.00013361 base_val_bce=0.646037 base_best=N base_cls_epoch=24 epoch_sec=5.3 elapsed_min=1.4 gpu_alloc_gb=0.272 gpu_reserved_gb=1.539
[repeat=4 fold=3] [epoch=15/50] ssl_loss=0.066131 lr=0.00013175 base_val_bce=0.633789 base_best=N base_cls_epoch=26 epoch_sec=5.5 task_elapsed_min=1.5 gpu_alloc_gb=0.272 gpu_reserved_gb=1.539
[ssl_epoch=15/50] ssl_loss=0.066131 lr=0.00013175 base_val_bce=0.633789 base_best=N base_cls_epoch=26 epoch_sec=5.6 elapsed_min=1.5 gpu_alloc_gb=0.272 gpu_reserved_gb=1.539
[repeat=4 fold=3] [epoch=16/50] ssl_loss=0.043850 lr=0.00012950 base_val_bce=0.629204 base_best=N base_cls_epoch=29 epoch_sec=6.0 task_elapsed_min=1.6 gpu_alloc_gb=0.272 gpu_reserved_gb=1.539
[ssl_epoch=16/50] ssl_loss=0.043850 lr=0.00012950 base_val_bce=0.629204 base_best=N base_cls_epoch=29 epoch_sec=6.0 elapsed_min=1.6 gpu_alloc_gb=0.272 gpu_reserved_gb=1.539
CHECKPOINT_BEST repeat=4 scope=internal_cv fold=3 phase=ssl epoch=17 path=/data/adodas/VarCoNet-V2-main/xiaolunwen/experiment3/checkpoints/worker_r4_best.pt
[repeat=4 fold=3] [epoch=17/50] ssl_loss=0.054230 lr=0.00012687 base_val_bce=0.624622 base_best=Y base_cls_epoch=24 epoch_sec=6.4 task_elapsed_min=1.7 gpu_alloc_gb=0.272 gpu_reserved_gb=1.539
[ssl_epoch=17/50] ssl_loss=0.054230 lr=0.00012687 base_val_bce=0.624622 base_best=Y base_cls_epoch=24 epoch_sec=6.4 elapsed_min=1.7 gpu_alloc_gb=0.272 gpu_reserved_gb=1.539
[repeat=4 fold=3] [epoch=18/50] ssl_loss=0.059336 lr=0.00012388 base_val_bce=0.629054 base_best=N base_cls_epoch=33 epoch_sec=5.5 task_elapsed_min=1.8 gpu_alloc_gb=0.272 gpu_reserved_gb=1.539
[ssl_epoch=18/50] ssl_loss=0.059336 lr=0.00012388 base_val_bce=0.629054 base_best=N base_cls_epoch=33 epoch_sec=5.5 elapsed_min=1.8 gpu_alloc_gb=0.272 gpu_reserved_gb=1.539
[repeat=4 fold=3] [epoch=19/50] ssl_loss=0.057446 lr=0.00012055 base_val_bce=0.627610 base_best=N base_cls_epoch=25 epoch_sec=5.3 task_elapsed_min=1.8 gpu_alloc_gb=0.272 gpu_reserved_gb=1.539
[ssl_epoch=19/50] ssl_loss=0.057446 lr=0.00012055 base_val_bce=0.627610 base_best=N base_cls_epoch=25 epoch_sec=5.3 elapsed_min=1.8 gpu_alloc_gb=0.272 gpu_reserved_gb=1.539
CHECKPOINT_LATEST repeat=4 scope=internal_cv fold=3 phase=ssl epoch=20 path=/data/adodas/VarCoNet-V2-main/xiaolunwen/experiment3/checkpoints/worker_r4_latest.pt
[repeat=4 fold=3] [epoch=20/50] ssl_loss=0.071637 lr=0.00011690 base_val_bce=0.630424 base_best=N base_cls_epoch=29 epoch_sec=5.9 task_elapsed_min=1.9 gpu_alloc_gb=0.272 gpu_reserved_gb=1.539
[ssl_epoch=20/50] ssl_loss=0.071637 lr=0.00011690 base_val_bce=0.630424 base_best=N base_cls_epoch=29 epoch_sec=5.9 elapsed_min=1.9 gpu_alloc_gb=0.272 gpu_reserved_gb=1.539
CHECKPOINT_BEST repeat=4 scope=internal_cv fold=3 phase=ssl epoch=21 path=/data/adodas/VarCoNet-V2-main/xiaolunwen/experiment3/checkpoints/worker_r4_best.pt
[repeat=4 fold=3] [epoch=21/50] ssl_loss=0.066906 lr=0.00011296 base_val_bce=0.622687 base_best=Y base_cls_epoch=31 epoch_sec=6.4 task_elapsed_min=2.0 gpu_alloc_gb=0.272 gpu_reserved_gb=1.539
[ssl_epoch=21/50] ssl_loss=0.066906 lr=0.00011296 base_val_bce=0.622687 base_best=Y base_cls_epoch=31 epoch_sec=6.4 elapsed_min=2.0 gpu_alloc_gb=0.272 gpu_reserved_gb=1.539
[repeat=4 fold=3] [epoch=22/50] ssl_loss=0.050368 lr=0.00010873 base_val_bce=0.626494 base_best=N base_cls_epoch=30 epoch_sec=4.7 task_elapsed_min=2.1 gpu_alloc_gb=0.272 gpu_reserved_gb=1.539
[ssl_epoch=22/50] ssl_loss=0.050368 lr=0.00010873 base_val_bce=0.626494 base_best=N base_cls_epoch=30 epoch_sec=4.7 elapsed_min=2.1 gpu_alloc_gb=0.272 gpu_reserved_gb=1.539
[repeat=4 fold=3] [epoch=23/50] ssl_loss=0.058706 lr=0.00010426 base_val_bce=0.626643 base_best=N base_cls_epoch=28 epoch_sec=5.2 task_elapsed_min=2.2 gpu_alloc_gb=0.272 gpu_reserved_gb=1.539
[ssl_epoch=23/50] ssl_loss=0.058706 lr=0.00010426 base_val_bce=0.626643 base_best=N base_cls_epoch=28 epoch_sec=5.3 elapsed_min=2.2 gpu_alloc_gb=0.272 gpu_reserved_gb=1.539
[repeat=4 fold=3] [epoch=24/50] ssl_loss=0.056272 lr=0.00009957 base_val_bce=0.641357 base_best=N base_cls_epoch=30 epoch_sec=5.1 task_elapsed_min=2.3 gpu_alloc_gb=0.272 gpu_reserved_gb=1.539
[ssl_epoch=24/50] ssl_loss=0.056272 lr=0.00009957 base_val_bce=0.641357 base_best=N base_cls_epoch=30 epoch_sec=5.1 elapsed_min=2.3 gpu_alloc_gb=0.272 gpu_reserved_gb=1.539
[repeat=4 fold=3] [epoch=25/50] ssl_loss=0.056480 lr=0.00009469 base_val_bce=0.645870 base_best=N base_cls_epoch=26 epoch_sec=5.9 task_elapsed_min=2.4 gpu_alloc_gb=0.272 gpu_reserved_gb=1.539
[ssl_epoch=25/50] ssl_loss=0.056480 lr=0.00009469 base_val_bce=0.645870 base_best=N base_cls_epoch=26 epoch_sec=5.9 elapsed_min=2.4 gpu_alloc_gb=0.272 gpu_reserved_gb=1.539
[repeat=4 fold=3] [epoch=26/50] ssl_loss=0.056498 lr=0.00008964 base_val_bce=0.627318 base_best=N base_cls_epoch=26 epoch_sec=5.4 task_elapsed_min=2.5 gpu_alloc_gb=0.272 gpu_reserved_gb=1.539
[ssl_epoch=26/50] ssl_loss=0.056498 lr=0.00008964 base_val_bce=0.627318 base_best=N base_cls_epoch=26 epoch_sec=5.4 elapsed_min=2.5 gpu_alloc_gb=0.272 gpu_reserved_gb=1.539
[repeat=4 fold=3] [epoch=27/50] ssl_loss=0.058941 lr=0.00008447 base_val_bce=0.629935 base_best=N base_cls_epoch=32 epoch_sec=5.2 task_elapsed_min=2.6 gpu_alloc_gb=0.272 gpu_reserved_gb=1.539
[ssl_epoch=27/50] ssl_loss=0.058941 lr=0.00008447 base_val_bce=0.629935 base_best=N base_cls_epoch=32 epoch_sec=5.2 elapsed_min=2.6 gpu_alloc_gb=0.272 gpu_reserved_gb=1.539
[repeat=4 fold=3] [epoch=28/50] ssl_loss=0.046493 lr=0.00007919 base_val_bce=0.628150 base_best=N base_cls_epoch=28 epoch_sec=5.5 task_elapsed_min=2.7 gpu_alloc_gb=0.272 gpu_reserved_gb=1.539
[ssl_epoch=28/50] ssl_loss=0.046493 lr=0.00007919 base_val_bce=0.628150 base_best=N base_cls_epoch=28 epoch_sec=5.5 elapsed_min=2.7 gpu_alloc_gb=0.272 gpu_reserved_gb=1.539
[repeat=4 fold=3] [epoch=29/50] ssl_loss=0.046962 lr=0.00007385 base_val_bce=0.626581 base_best=N base_cls_epoch=33 epoch_sec=5.5 task_elapsed_min=2.8 gpu_alloc_gb=0.272 gpu_reserved_gb=1.539
[ssl_epoch=29/50] ssl_loss=0.046962 lr=0.00007385 base_val_bce=0.626581 base_best=N base_cls_epoch=33 epoch_sec=5.5 elapsed_min=2.8 gpu_alloc_gb=0.272 gpu_reserved_gb=1.539
CHECKPOINT_LATEST repeat=4 scope=internal_cv fold=3 phase=ssl epoch=30 path=/data/adodas/VarCoNet-V2-main/xiaolunwen/experiment3/checkpoints/worker_r4_latest.pt
[repeat=4 fold=3] [epoch=30/50] ssl_loss=0.044484 lr=0.00006848 base_val_bce=0.632644 base_best=N base_cls_epoch=28 epoch_sec=5.9 task_elapsed_min=2.9 gpu_alloc_gb=0.272 gpu_reserved_gb=1.539
[ssl_epoch=30/50] ssl_loss=0.044484 lr=0.00006848 base_val_bce=0.632644 base_best=N base_cls_epoch=28 epoch_sec=5.9 elapsed_min=2.9 gpu_alloc_gb=0.272 gpu_reserved_gb=1.539
[repeat=4 fold=3] [epoch=31/50] ssl_loss=0.052958 lr=0.00006311 base_val_bce=0.639754 base_best=N base_cls_epoch=30 epoch_sec=5.5 task_elapsed_min=3.0 gpu_alloc_gb=0.272 gpu_reserved_gb=1.539
[ssl_epoch=31/50] ssl_loss=0.052958 lr=0.00006311 base_val_bce=0.639754 base_best=N base_cls_epoch=30 epoch_sec=5.5 elapsed_min=3.0 gpu_alloc_gb=0.272 gpu_reserved_gb=1.539
[repeat=4 fold=3] [epoch=32/50] ssl_loss=0.057288 lr=0.00005777 base_val_bce=0.626089 base_best=N base_cls_epoch=28 epoch_sec=5.3 task_elapsed_min=3.0 gpu_alloc_gb=0.272 gpu_reserved_gb=1.539
[ssl_epoch=32/50] ssl_loss=0.057288 lr=0.00005777 base_val_bce=0.626089 base_best=N base_cls_epoch=28 epoch_sec=5.3 elapsed_min=3.0 gpu_alloc_gb=0.272 gpu_reserved_gb=1.539
[repeat=4 fold=3] [epoch=33/50] ssl_loss=0.054421 lr=0.00005249 base_val_bce=0.631685 base_best=N base_cls_epoch=32 epoch_sec=5.5 task_elapsed_min=3.1 gpu_alloc_gb=0.272 gpu_reserved_gb=1.539
[ssl_epoch=33/50] ssl_loss=0.054421 lr=0.00005249 base_val_bce=0.631685 base_best=N base_cls_epoch=32 epoch_sec=5.5 elapsed_min=3.1 gpu_alloc_gb=0.272 gpu_reserved_gb=1.539
CHECKPOINT_BEST repeat=4 scope=internal_cv fold=3 phase=ssl epoch=34 path=/data/adodas/VarCoNet-V2-main/xiaolunwen/experiment3/checkpoints/worker_r4_best.pt
[repeat=4 fold=3] [epoch=34/50] ssl_loss=0.044797 lr=0.00004732 base_val_bce=0.621554 base_best=Y base_cls_epoch=30 epoch_sec=8.1 task_elapsed_min=3.2 gpu_alloc_gb=0.272 gpu_reserved_gb=1.539
[ssl_epoch=34/50] ssl_loss=0.044797 lr=0.00004732 base_val_bce=0.621554 base_best=Y base_cls_epoch=30 epoch_sec=8.2 elapsed_min=3.2 gpu_alloc_gb=0.272 gpu_reserved_gb=1.539
CHECKPOINT_BEST repeat=4 scope=internal_cv fold=3 phase=ssl epoch=35 path=/data/adodas/VarCoNet-V2-main/xiaolunwen/experiment3/checkpoints/worker_r4_best.pt
[repeat=4 fold=3] [epoch=35/50] ssl_loss=0.049309 lr=0.00004227 base_val_bce=0.620609 base_best=Y base_cls_epoch=33 epoch_sec=8.1 task_elapsed_min=3.4 gpu_alloc_gb=0.272 gpu_reserved_gb=1.539
[ssl_epoch=35/50] ssl_loss=0.049309 lr=0.00004227 base_val_bce=0.620609 base_best=Y base_cls_epoch=33 epoch_sec=8.1 elapsed_min=3.4 gpu_alloc_gb=0.272 gpu_reserved_gb=1.539
[repeat=4 fold=3] [epoch=36/50] ssl_loss=0.051887 lr=0.00003739 base_val_bce=0.630856 base_best=N base_cls_epoch=30 epoch_sec=5.7 task_elapsed_min=3.5 gpu_alloc_gb=0.272 gpu_reserved_gb=1.539
[ssl_epoch=36/50] ssl_loss=0.051887 lr=0.00003739 base_val_bce=0.630856 base_best=N base_cls_epoch=30 epoch_sec=6.0 elapsed_min=3.5 gpu_alloc_gb=0.272 gpu_reserved_gb=1.539
[repeat=4 fold=3] [epoch=37/50] ssl_loss=0.045085 lr=0.00003270 base_val_bce=0.629281 base_best=N base_cls_epoch=29 epoch_sec=4.8 task_elapsed_min=3.6 gpu_alloc_gb=0.272 gpu_reserved_gb=1.539
[ssl_epoch=37/50] ssl_loss=0.045085 lr=0.00003270 base_val_bce=0.629281 base_best=N base_cls_epoch=29 epoch_sec=4.9 elapsed_min=3.6 gpu_alloc_gb=0.272 gpu_reserved_gb=1.539
CHECKPOINT_BEST repeat=4 scope=internal_cv fold=3 phase=ssl epoch=38 path=/data/adodas/VarCoNet-V2-main/xiaolunwen/experiment3/checkpoints/worker_r4_best.pt
[repeat=4 fold=3] [epoch=38/50] ssl_loss=0.048798 lr=0.00002823 base_val_bce=0.619641 base_best=Y base_cls_epoch=33 epoch_sec=7.2 task_elapsed_min=3.7 gpu_alloc_gb=0.272 gpu_reserved_gb=1.539
[ssl_epoch=38/50] ssl_loss=0.048798 lr=0.00002823 base_val_bce=0.619641 base_best=Y base_cls_epoch=33 epoch_sec=7.2 elapsed_min=3.7 gpu_alloc_gb=0.272 gpu_reserved_gb=1.539
[repeat=4 fold=3] [epoch=39/50] ssl_loss=0.043317 lr=0.00002401 base_val_bce=0.629794 base_best=N base_cls_epoch=28 epoch_sec=5.5 task_elapsed_min=3.8 gpu_alloc_gb=0.272 gpu_reserved_gb=1.539
[ssl_epoch=39/50] ssl_loss=0.043317 lr=0.00002401 base_val_bce=0.629794 base_best=N base_cls_epoch=28 epoch_sec=5.5 elapsed_min=3.8 gpu_alloc_gb=0.272 gpu_reserved_gb=1.539
CHECKPOINT_LATEST repeat=4 scope=internal_cv fold=3 phase=ssl epoch=40 path=/data/adodas/VarCoNet-V2-main/xiaolunwen/experiment3/checkpoints/worker_r4_latest.pt
[repeat=4 fold=3] [epoch=40/50] ssl_loss=0.039145 lr=0.00002006 base_val_bce=0.627145 base_best=N base_cls_epoch=31 epoch_sec=9.7 task_elapsed_min=3.9 gpu_alloc_gb=0.272 gpu_reserved_gb=1.539
[ssl_epoch=40/50] ssl_loss=0.039145 lr=0.00002006 base_val_bce=0.627145 base_best=N base_cls_epoch=31 epoch_sec=9.7 elapsed_min=3.9 gpu_alloc_gb=0.272 gpu_reserved_gb=1.539
[repeat=4 fold=3] [epoch=41/50] ssl_loss=0.043339 lr=0.00001641 base_val_bce=0.637680 base_best=N base_cls_epoch=29 epoch_sec=5.5 task_elapsed_min=4.0 gpu_alloc_gb=0.272 gpu_reserved_gb=1.539
[ssl_epoch=41/50] ssl_loss=0.043339 lr=0.00001641 base_val_bce=0.637680 base_best=N base_cls_epoch=29 epoch_sec=5.5 elapsed_min=4.0 gpu_alloc_gb=0.272 gpu_reserved_gb=1.539
[repeat=4 fold=3] [epoch=42/50] ssl_loss=0.045667 lr=0.00001308 base_val_bce=0.627742 base_best=N base_cls_epoch=32 epoch_sec=4.7 task_elapsed_min=4.1 gpu_alloc_gb=0.272 gpu_reserved_gb=1.539
[ssl_epoch=42/50] ssl_loss=0.045667 lr=0.00001308 base_val_bce=0.627742 base_best=N base_cls_epoch=32 epoch_sec=4.8 elapsed_min=4.1 gpu_alloc_gb=0.272 gpu_reserved_gb=1.539
[repeat=4 fold=3] [epoch=43/50] ssl_loss=0.045665 lr=0.00001009 base_val_bce=0.624420 base_best=N base_cls_epoch=28 epoch_sec=2.8 task_elapsed_min=4.2 gpu_alloc_gb=0.272 gpu_reserved_gb=1.539
[ssl_epoch=43/50] ssl_loss=0.045665 lr=0.00001009 base_val_bce=0.624420 base_best=N base_cls_epoch=28 epoch_sec=2.8 elapsed_min=4.2 gpu_alloc_gb=0.272 gpu_reserved_gb=1.539
[repeat=4 fold=3] [epoch=44/50] ssl_loss=0.057964 lr=0.00000746 base_val_bce=0.631030 base_best=N base_cls_epoch=35 epoch_sec=3.0 task_elapsed_min=4.2 gpu_alloc_gb=0.272 gpu_reserved_gb=1.539
[ssl_epoch=44/50] ssl_loss=0.057964 lr=0.00000746 base_val_bce=0.631030 base_best=N base_cls_epoch=35 epoch_sec=3.1 elapsed_min=4.2 gpu_alloc_gb=0.272 gpu_reserved_gb=1.539
CHECKPOINT_BEST repeat=4 scope=internal_cv fold=3 phase=ssl epoch=45 path=/data/adodas/VarCoNet-V2-main/xiaolunwen/experiment3/checkpoints/worker_r4_best.pt
[repeat=4 fold=3] [epoch=45/50] ssl_loss=0.064940 lr=0.00000521 base_val_bce=0.617551 base_best=Y base_cls_epoch=28 epoch_sec=8.7 task_elapsed_min=4.3 gpu_alloc_gb=0.272 gpu_reserved_gb=1.539
[ssl_epoch=45/50] ssl_loss=0.064940 lr=0.00000521 base_val_bce=0.617551 base_best=Y base_cls_epoch=28 epoch_sec=9.3 elapsed_min=4.3 gpu_alloc_gb=0.272 gpu_reserved_gb=1.539
[repeat=4 fold=3] [epoch=46/50] ssl_loss=0.063428 lr=0.00000335 base_val_bce=0.618167 base_best=N base_cls_epoch=31 epoch_sec=4.0 task_elapsed_min=4.5 gpu_alloc_gb=0.272 gpu_reserved_gb=1.539
[ssl_epoch=46/50] ssl_loss=0.063428 lr=0.00000335 base_val_bce=0.618167 base_best=N base_cls_epoch=31 epoch_sec=4.5 elapsed_min=4.5 gpu_alloc_gb=0.272 gpu_reserved_gb=1.539
[repeat=4 fold=3] [epoch=47/50] ssl_loss=0.055155 lr=0.00000189 base_val_bce=0.618229 base_best=N base_cls_epoch=28 epoch_sec=3.7 task_elapsed_min=4.5 gpu_alloc_gb=0.272 gpu_reserved_gb=1.539
[ssl_epoch=47/50] ssl_loss=0.055155 lr=0.00000189 base_val_bce=0.618229 base_best=N base_cls_epoch=28 epoch_sec=4.0 elapsed_min=4.5 gpu_alloc_gb=0.272 gpu_reserved_gb=1.539
[repeat=4 fold=3] [epoch=48/50] ssl_loss=0.043420 lr=0.00000084 base_val_bce=0.628779 base_best=N base_cls_epoch=31 epoch_sec=4.0 task_elapsed_min=4.6 gpu_alloc_gb=0.272 gpu_reserved_gb=1.539
[ssl_epoch=48/50] ssl_loss=0.043420 lr=0.00000084 base_val_bce=0.628779 base_best=N base_cls_epoch=31 epoch_sec=4.0 elapsed_min=4.6 gpu_alloc_gb=0.272 gpu_reserved_gb=1.539
[repeat=4 fold=3] [epoch=49/50] ssl_loss=0.044440 lr=0.00000021 base_val_bce=0.625651 base_best=N base_cls_epoch=28 epoch_sec=4.1 task_elapsed_min=4.7 gpu_alloc_gb=0.272 gpu_reserved_gb=1.539
[ssl_epoch=49/50] ssl_loss=0.044440 lr=0.00000021 base_val_bce=0.625651 base_best=N base_cls_epoch=28 epoch_sec=4.7 elapsed_min=4.7 gpu_alloc_gb=0.272 gpu_reserved_gb=1.539
CHECKPOINT_LATEST repeat=4 scope=internal_cv fold=3 phase=ssl epoch=50 path=/data/adodas/VarCoNet-V2-main/xiaolunwen/experiment3/checkpoints/worker_r4_latest.pt
[repeat=4 fold=3] [epoch=50/50] ssl_loss=0.056843 lr=0.00000000 base_val_bce=0.647605 base_best=N base_cls_epoch=28 epoch_sec=10.8 task_elapsed_min=4.7 gpu_alloc_gb=0.272 gpu_reserved_gb=1.539
[ssl_epoch=50/50] ssl_loss=0.056843 lr=0.00000000 base_val_bce=0.647605 base_best=N base_cls_epoch=28 epoch_sec=10.8 elapsed_min=4.7 gpu_alloc_gb=0.272 gpu_reserved_gb=1.539
[MODULE_DISCOVERY] repeat=4 fold=3 n_unique_subjects=674 n_modules=32 module_size_min=3 module_size_mean=12.000 module_size_max=22 singleton_modules=0 meta_dim=528 empty_meta_bins=0 affinity_mean=0.18547427 affinity_std=0.04165877 affinity_max=0.81589752 elapsed_sec=0.38
[HIGH_ORDER_RESIDUAL] repeat=4 fold=3 epoch=0 train_bce=NA val_bce=0.617551 best=Y best_epoch=0 head_l2=0.000000 elapsed_sec=292.77
CHECKPOINT_BEST repeat=4 scope=internal_cv fold=3 phase=high_order_residual epoch=0 path=/data/adodas/VarCoNet-V2-main/xiaolunwen/experiment3/checkpoints/worker_r4_best.pt
CHECKPOINT_LATEST repeat=4 scope=internal_cv fold=3 phase=high_order_residual epoch=10 path=/data/adodas/VarCoNet-V2-main/xiaolunwen/experiment3/checkpoints/worker_r4_latest.pt
[HIGH_ORDER_RESIDUAL] repeat=4 fold=3 epoch=10/149 train_bce=0.272628 val_bce=0.617933 best=N best_epoch=0 head_l2=0.011428 elapsed_sec=5.66
CHECKPOINT_LATEST repeat=4 scope=internal_cv fold=3 phase=high_order_residual epoch=20 path=/data/adodas/VarCoNet-V2-main/xiaolunwen/experiment3/checkpoints/worker_r4_latest.pt
[HIGH_ORDER_RESIDUAL] repeat=4 fold=3 epoch=20/149 train_bce=0.271118 val_bce=0.618365 best=N best_epoch=0 head_l2=0.022656 elapsed_sec=4.44
CHECKPOINT_LATEST repeat=4 scope=internal_cv fold=3 phase=high_order_residual epoch=30 path=/data/adodas/VarCoNet-V2-main/xiaolunwen/experiment3/checkpoints/worker_r4_latest.pt
[HIGH_ORDER_RESIDUAL] repeat=4 fold=3 epoch=30/149 train_bce=0.269654 val_bce=0.618866 best=N best_epoch=0 head_l2=0.033656 elapsed_sec=7.13
CHECKPOINT_LATEST repeat=4 scope=internal_cv fold=3 phase=high_order_residual epoch=40 path=/data/adodas/VarCoNet-V2-main/xiaolunwen/experiment3/checkpoints/worker_r4_latest.pt
[HIGH_ORDER_RESIDUAL] repeat=4 fold=3 epoch=40/149 train_bce=0.268233 val_bce=0.619432 best=N best_epoch=0 head_l2=0.044458 elapsed_sec=5.24
CHECKPOINT_LATEST repeat=4 scope=internal_cv fold=3 phase=high_order_residual epoch=50 path=/data/adodas/VarCoNet-V2-main/xiaolunwen/experiment3/checkpoints/worker_r4_latest.pt
[HIGH_ORDER_RESIDUAL] repeat=4 fold=3 epoch=50/149 train_bce=0.266852 val_bce=0.620021 best=N best_epoch=0 head_l2=0.055087 elapsed_sec=4.82
CHECKPOINT_LATEST repeat=4 scope=internal_cv fold=3 phase=high_order_residual epoch=60 path=/data/adodas/VarCoNet-V2-main/xiaolunwen/experiment3/checkpoints/worker_r4_latest.pt
[HIGH_ORDER_RESIDUAL] repeat=4 fold=3 epoch=60/149 train_bce=0.265508 val_bce=0.620607 best=N best_epoch=0 head_l2=0.065565 elapsed_sec=3.40
CHECKPOINT_LATEST repeat=4 scope=internal_cv fold=3 phase=high_order_residual epoch=70 path=/data/adodas/VarCoNet-V2-main/xiaolunwen/experiment3/checkpoints/worker_r4_latest.pt
[HIGH_ORDER_RESIDUAL] repeat=4 fold=3 epoch=70/149 train_bce=0.264198 val_bce=0.621181 best=N best_epoch=0 head_l2=0.075913 elapsed_sec=4.42
CHECKPOINT_LATEST repeat=4 scope=internal_cv fold=3 phase=high_order_residual epoch=80 path=/data/adodas/VarCoNet-V2-main/xiaolunwen/experiment3/checkpoints/worker_r4_latest.pt
[HIGH_ORDER_RESIDUAL] repeat=4 fold=3 epoch=80/149 train_bce=0.262920 val_bce=0.621749 best=N best_epoch=0 head_l2=0.086141 elapsed_sec=3.91
CHECKPOINT_LATEST repeat=4 scope=internal_cv fold=3 phase=high_order_residual epoch=90 path=/data/adodas/VarCoNet-V2-main/xiaolunwen/experiment3/checkpoints/worker_r4_latest.pt
[HIGH_ORDER_RESIDUAL] repeat=4 fold=3 epoch=90/149 train_bce=0.261671 val_bce=0.622318 best=N best_epoch=0 head_l2=0.096261 elapsed_sec=4.00
CHECKPOINT_LATEST repeat=4 scope=internal_cv fold=3 phase=high_order_residual epoch=100 path=/data/adodas/VarCoNet-V2-main/xiaolunwen/experiment3/checkpoints/worker_r4_latest.pt
[HIGH_ORDER_RESIDUAL] repeat=4 fold=3 epoch=100/149 train_bce=0.260450 val_bce=0.622891 best=N best_epoch=0 head_l2=0.106282 elapsed_sec=5.89
CHECKPOINT_LATEST repeat=4 scope=internal_cv fold=3 phase=high_order_residual epoch=110 path=/data/adodas/VarCoNet-V2-main/xiaolunwen/experiment3/checkpoints/worker_r4_latest.pt
[HIGH_ORDER_RESIDUAL] repeat=4 fold=3 epoch=110/149 train_bce=0.259254 val_bce=0.623470 best=N best_epoch=0 head_l2=0.116211 elapsed_sec=1.79
CHECKPOINT_LATEST repeat=4 scope=internal_cv fold=3 phase=high_order_residual epoch=120 path=/data/adodas/VarCoNet-V2-main/xiaolunwen/experiment3/checkpoints/worker_r4_latest.pt
[HIGH_ORDER_RESIDUAL] repeat=4 fold=3 epoch=120/149 train_bce=0.258083 val_bce=0.624056 best=N best_epoch=0 head_l2=0.126051 elapsed_sec=2.66
CHECKPOINT_LATEST repeat=4 scope=internal_cv fold=3 phase=high_order_residual epoch=130 path=/data/adodas/VarCoNet-V2-main/xiaolunwen/experiment3/checkpoints/worker_r4_latest.pt
[HIGH_ORDER_RESIDUAL] repeat=4 fold=3 epoch=130/149 train_bce=0.256936 val_bce=0.624646 best=N best_epoch=0 head_l2=0.135806 elapsed_sec=2.03
CHECKPOINT_LATEST repeat=4 scope=internal_cv fold=3 phase=high_order_residual epoch=140 path=/data/adodas/VarCoNet-V2-main/xiaolunwen/experiment3/checkpoints/worker_r4_latest.pt
[HIGH_ORDER_RESIDUAL] repeat=4 fold=3 epoch=140/149 train_bce=0.255811 val_bce=0.625239 best=N best_epoch=0 head_l2=0.145479 elapsed_sec=6.32
RESIDUAL_DONE repeat=4 scope=internal_cv fold=3 selected_encoder_epoch=45 selected_classifier_epoch=28 selected_residual_epoch=0 val_bce=0.617551
TASK_TRAINING_DONE repeat=4 scope=internal_cv fold=3 base_epoch=45 dyn_epoch=45 base_val_bce=0.617551 high_order_val_bce=0.617551
TASK_DONE repeat=4 scope=internal_fold fold=3 method=baseline selected_encoder_epoch=45 test_auc=0.737578 test_bce=0.617210 elapsed_min=6.0
TASK_DONE repeat=4 scope=internal_fold fold=3 method=consensus_highorder_residual selected_encoder_epoch=45 test_auc=0.737578 test_bce=0.617210 elapsed_min=6.0
TASK_START repeat=4 scope=internal_cv fold=4 seed=100404 device=cuda:0 shared_encoder=Y
CHECKPOINT_BEST repeat=4 scope=internal_cv fold=4 phase=ssl epoch=1 path=/data/adodas/VarCoNet-V2-main/xiaolunwen/experiment3/checkpoints/worker_r4_best.pt
[repeat=4 fold=4] [epoch=1/50] ssl_loss=0.091739 lr=0.00002411 base_val_bce=0.658043 base_best=Y base_cls_epoch=32 epoch_sec=7.0 task_elapsed_min=0.1 gpu_alloc_gb=0.272 gpu_reserved_gb=1.539
[ssl_epoch=1/50] ssl_loss=0.091739 lr=0.00002411 base_val_bce=0.658043 base_best=Y base_cls_epoch=32 epoch_sec=7.0 elapsed_min=0.1 gpu_alloc_gb=0.272 gpu_reserved_gb=1.539
CHECKPOINT_BEST repeat=4 scope=internal_cv fold=4 phase=ssl epoch=2 path=/data/adodas/VarCoNet-V2-main/xiaolunwen/experiment3/checkpoints/worker_r4_best.pt
[repeat=4 fold=4] [epoch=2/50] ssl_loss=0.092596 lr=0.00003821 base_val_bce=0.655806 base_best=Y base_cls_epoch=19 epoch_sec=8.6 task_elapsed_min=0.2 gpu_alloc_gb=0.272 gpu_reserved_gb=1.539
[ssl_epoch=2/50] ssl_loss=0.092596 lr=0.00003821 base_val_bce=0.655806 base_best=Y base_cls_epoch=19 epoch_sec=8.6 elapsed_min=0.2 gpu_alloc_gb=0.272 gpu_reserved_gb=1.539
[repeat=4 fold=4] [epoch=3/50] ssl_loss=0.114082 lr=0.00005232 base_val_bce=0.657397 base_best=N base_cls_epoch=27 epoch_sec=4.5 task_elapsed_min=0.4 gpu_alloc_gb=0.272 gpu_reserved_gb=1.539
[ssl_epoch=3/50] ssl_loss=0.114082 lr=0.00005232 base_val_bce=0.657397 base_best=N base_cls_epoch=27 epoch_sec=4.8 elapsed_min=0.4 gpu_alloc_gb=0.272 gpu_reserved_gb=1.539
[repeat=4 fold=4] [epoch=4/50] ssl_loss=0.099473 lr=0.00006643 base_val_bce=0.660588 base_best=N base_cls_epoch=22 epoch_sec=3.6 task_elapsed_min=0.4 gpu_alloc_gb=0.272 gpu_reserved_gb=1.539
[ssl_epoch=4/50] ssl_loss=0.099473 lr=0.00006643 base_val_bce=0.660588 base_best=N base_cls_epoch=22 epoch_sec=3.6 elapsed_min=0.4 gpu_alloc_gb=0.272 gpu_reserved_gb=1.539
[repeat=4 fold=4] [epoch=5/50] ssl_loss=0.074649 lr=0.00008053 base_val_bce=0.657072 base_best=N base_cls_epoch=23 epoch_sec=4.4 task_elapsed_min=0.5 gpu_alloc_gb=0.272 gpu_reserved_gb=1.539
[ssl_epoch=5/50] ssl_loss=0.074649 lr=0.00008053 base_val_bce=0.657072 base_best=N base_cls_epoch=23 epoch_sec=4.5 elapsed_min=0.5 gpu_alloc_gb=0.272 gpu_reserved_gb=1.539
[repeat=4 fold=4] [epoch=6/50] ssl_loss=0.074399 lr=0.00009464 base_val_bce=0.665291 base_best=N base_cls_epoch=25 epoch_sec=4.8 task_elapsed_min=0.6 gpu_alloc_gb=0.272 gpu_reserved_gb=1.539
[ssl_epoch=6/50] ssl_loss=0.074399 lr=0.00009464 base_val_bce=0.665291 base_best=N base_cls_epoch=25 epoch_sec=4.9 elapsed_min=0.6 gpu_alloc_gb=0.272 gpu_reserved_gb=1.539
[repeat=4 fold=4] [epoch=7/50] ssl_loss=0.058384 lr=0.00010875 base_val_bce=0.656827 base_best=N base_cls_epoch=13 epoch_sec=4.7 task_elapsed_min=0.7 gpu_alloc_gb=0.272 gpu_reserved_gb=1.539
[ssl_epoch=7/50] ssl_loss=0.058384 lr=0.00010875 base_val_bce=0.656827 base_best=N base_cls_epoch=13 epoch_sec=4.9 elapsed_min=0.7 gpu_alloc_gb=0.272 gpu_reserved_gb=1.539
[repeat=4 fold=4] [epoch=8/50] ssl_loss=0.051040 lr=0.00012285 base_val_bce=0.660003 base_best=N base_cls_epoch=33 epoch_sec=4.1 task_elapsed_min=0.8 gpu_alloc_gb=0.272 gpu_reserved_gb=1.539
[ssl_epoch=8/50] ssl_loss=0.051040 lr=0.00012285 base_val_bce=0.660003 base_best=N base_cls_epoch=33 epoch_sec=4.3 elapsed_min=0.8 gpu_alloc_gb=0.272 gpu_reserved_gb=1.539
[repeat=4 fold=4] [epoch=9/50] ssl_loss=0.067576 lr=0.00013696 base_val_bce=0.658724 base_best=N base_cls_epoch=26 epoch_sec=3.7 task_elapsed_min=0.8 gpu_alloc_gb=0.272 gpu_reserved_gb=1.539
[ssl_epoch=9/50] ssl_loss=0.067576 lr=0.00013696 base_val_bce=0.658724 base_best=N base_cls_epoch=26 epoch_sec=3.9 elapsed_min=0.8 gpu_alloc_gb=0.272 gpu_reserved_gb=1.539
CHECKPOINT_LATEST repeat=4 scope=internal_cv fold=4 phase=ssl epoch=10 path=/data/adodas/VarCoNet-V2-main/xiaolunwen/experiment3/checkpoints/worker_r4_latest.pt
[repeat=4 fold=4] [epoch=10/50] ssl_loss=0.057876 lr=0.00013696 base_val_bce=0.657620 base_best=N base_cls_epoch=27 epoch_sec=8.9 task_elapsed_min=0.9 gpu_alloc_gb=0.272 gpu_reserved_gb=1.539
[ssl_epoch=10/50] ssl_loss=0.057876 lr=0.00013696 base_val_bce=0.657620 base_best=N base_cls_epoch=27 epoch_sec=8.9 elapsed_min=0.9 gpu_alloc_gb=0.272 gpu_reserved_gb=1.539
CHECKPOINT_BEST repeat=4 scope=internal_cv fold=4 phase=ssl epoch=11 path=/data/adodas/VarCoNet-V2-main/xiaolunwen/experiment3/checkpoints/worker_r4_best.pt
[repeat=4 fold=4] [epoch=11/50] ssl_loss=0.058207 lr=0.00013675 base_val_bce=0.647934 base_best=Y base_cls_epoch=34 epoch_sec=10.3 task_elapsed_min=1.0 gpu_alloc_gb=0.272 gpu_reserved_gb=1.539
[ssl_epoch=11/50] ssl_loss=0.058207 lr=0.00013675 base_val_bce=0.647934 base_best=Y base_cls_epoch=34 epoch_sec=10.3 elapsed_min=1.0 gpu_alloc_gb=0.272 gpu_reserved_gb=1.539
[repeat=4 fold=4] [epoch=12/50] ssl_loss=0.050850 lr=0.00013612 base_val_bce=0.658543 base_best=N base_cls_epoch=35 epoch_sec=3.4 task_elapsed_min=1.2 gpu_alloc_gb=0.272 gpu_reserved_gb=1.539
[ssl_epoch=12/50] ssl_loss=0.050850 lr=0.00013612 base_val_bce=0.658543 base_best=N base_cls_epoch=35 epoch_sec=3.5 elapsed_min=1.2 gpu_alloc_gb=0.272 gpu_reserved_gb=1.539
[repeat=4 fold=4] [epoch=13/50] ssl_loss=0.058140 lr=0.00013507 base_val_bce=0.660689 base_best=N base_cls_epoch=38 epoch_sec=4.2 task_elapsed_min=1.3 gpu_alloc_gb=0.272 gpu_reserved_gb=1.539
[ssl_epoch=13/50] ssl_loss=0.058140 lr=0.00013507 base_val_bce=0.660689 base_best=N base_cls_epoch=38 epoch_sec=4.4 elapsed_min=1.3 gpu_alloc_gb=0.272 gpu_reserved_gb=1.539
[repeat=4 fold=4] [epoch=14/50] ssl_loss=0.054017 lr=0.00013361 base_val_bce=0.652992 base_best=N base_cls_epoch=35 epoch_sec=4.0 task_elapsed_min=1.3 gpu_alloc_gb=0.272 gpu_reserved_gb=1.539
[ssl_epoch=14/50] ssl_loss=0.054017 lr=0.00013361 base_val_bce=0.652992 base_best=N base_cls_epoch=35 epoch_sec=4.0 elapsed_min=1.3 gpu_alloc_gb=0.272 gpu_reserved_gb=1.539
[repeat=4 fold=4] [epoch=15/50] ssl_loss=0.052742 lr=0.00013175 base_val_bce=0.656412 base_best=N base_cls_epoch=32 epoch_sec=4.0 task_elapsed_min=1.4 gpu_alloc_gb=0.272 gpu_reserved_gb=1.539
[ssl_epoch=15/50] ssl_loss=0.052742 lr=0.00013175 base_val_bce=0.656412 base_best=N base_cls_epoch=32 epoch_sec=4.0 elapsed_min=1.4 gpu_alloc_gb=0.272 gpu_reserved_gb=1.539
[repeat=4 fold=4] [epoch=16/50] ssl_loss=0.046495 lr=0.00012950 base_val_bce=0.657101 base_best=N base_cls_epoch=36 epoch_sec=3.4 task_elapsed_min=1.5 gpu_alloc_gb=0.272 gpu_reserved_gb=1.539
[ssl_epoch=16/50] ssl_loss=0.046495 lr=0.00012950 base_val_bce=0.657101 base_best=N base_cls_epoch=36 epoch_sec=3.6 elapsed_min=1.5 gpu_alloc_gb=0.272 gpu_reserved_gb=1.539
CHECKPOINT_BEST repeat=4 scope=internal_cv fold=4 phase=ssl epoch=17 path=/data/adodas/VarCoNet-V2-main/xiaolunwen/experiment3/checkpoints/worker_r4_best.pt
[repeat=4 fold=4] [epoch=17/50] ssl_loss=0.052049 lr=0.00012687 base_val_bce=0.638319 base_best=Y base_cls_epoch=28 epoch_sec=12.4 task_elapsed_min=1.5 gpu_alloc_gb=0.272 gpu_reserved_gb=1.539
[ssl_epoch=17/50] ssl_loss=0.052049 lr=0.00012687 base_val_bce=0.638319 base_best=Y base_cls_epoch=28 epoch_sec=12.4 elapsed_min=1.5 gpu_alloc_gb=0.272 gpu_reserved_gb=1.539
[repeat=4 fold=4] [epoch=18/50] ssl_loss=0.059359 lr=0.00012388 base_val_bce=0.640233 base_best=N base_cls_epoch=32 epoch_sec=4.5 task_elapsed_min=1.8 gpu_alloc_gb=0.272 gpu_reserved_gb=1.539
[ssl_epoch=18/50] ssl_loss=0.059359 lr=0.00012388 base_val_bce=0.640233 base_best=N base_cls_epoch=32 epoch_sec=4.5 elapsed_min=1.8 gpu_alloc_gb=0.272 gpu_reserved_gb=1.539
[repeat=4 fold=4] [epoch=19/50] ssl_loss=0.047462 lr=0.00012055 base_val_bce=0.645966 base_best=N base_cls_epoch=36 epoch_sec=2.7 task_elapsed_min=1.8 gpu_alloc_gb=0.272 gpu_reserved_gb=1.539
[ssl_epoch=19/50] ssl_loss=0.047462 lr=0.00012055 base_val_bce=0.645966 base_best=N base_cls_epoch=36 epoch_sec=2.7 elapsed_min=1.8 gpu_alloc_gb=0.272 gpu_reserved_gb=1.539
CHECKPOINT_LATEST repeat=4 scope=internal_cv fold=4 phase=ssl epoch=20 path=/data/adodas/VarCoNet-V2-main/xiaolunwen/experiment3/checkpoints/worker_r4_latest.pt
[repeat=4 fold=4] [epoch=20/50] ssl_loss=0.044430 lr=0.00011690 base_val_bce=0.652095 base_best=N base_cls_epoch=37 epoch_sec=8.6 task_elapsed_min=1.9 gpu_alloc_gb=0.272 gpu_reserved_gb=1.539
[ssl_epoch=20/50] ssl_loss=0.044430 lr=0.00011690 base_val_bce=0.652095 base_best=N base_cls_epoch=37 epoch_sec=8.6 elapsed_min=1.9 gpu_alloc_gb=0.272 gpu_reserved_gb=1.539
[repeat=4 fold=4] [epoch=21/50] ssl_loss=0.041116 lr=0.00011296 base_val_bce=0.651584 base_best=N base_cls_epoch=38 epoch_sec=3.3 task_elapsed_min=2.0 gpu_alloc_gb=0.272 gpu_reserved_gb=1.539
[ssl_epoch=21/50] ssl_loss=0.041116 lr=0.00011296 base_val_bce=0.651584 base_best=N base_cls_epoch=38 epoch_sec=3.9 elapsed_min=2.0 gpu_alloc_gb=0.272 gpu_reserved_gb=1.539
[repeat=4 fold=4] [epoch=22/50] ssl_loss=0.046415 lr=0.00010873 base_val_bce=0.640513 base_best=N base_cls_epoch=28 epoch_sec=2.9 task_elapsed_min=2.1 gpu_alloc_gb=0.272 gpu_reserved_gb=1.539
[ssl_epoch=22/50] ssl_loss=0.046415 lr=0.00010873 base_val_bce=0.640513 base_best=N base_cls_epoch=28 epoch_sec=2.9 elapsed_min=2.1 gpu_alloc_gb=0.272 gpu_reserved_gb=1.539
[repeat=4 fold=4] [epoch=23/50] ssl_loss=0.054946 lr=0.00010426 base_val_bce=0.651943 base_best=N base_cls_epoch=38 epoch_sec=3.9 task_elapsed_min=2.1 gpu_alloc_gb=0.272 gpu_reserved_gb=1.539
[ssl_epoch=23/50] ssl_loss=0.054946 lr=0.00010426 base_val_bce=0.651943 base_best=N base_cls_epoch=38 epoch_sec=4.0 elapsed_min=2.1 gpu_alloc_gb=0.272 gpu_reserved_gb=1.539
[repeat=4 fold=4] [epoch=24/50] ssl_loss=0.047679 lr=0.00009957 base_val_bce=0.644871 base_best=N base_cls_epoch=37 epoch_sec=4.4 task_elapsed_min=2.2 gpu_alloc_gb=0.272 gpu_reserved_gb=1.539
[ssl_epoch=24/50] ssl_loss=0.047679 lr=0.00009957 base_val_bce=0.644871 base_best=N base_cls_epoch=37 epoch_sec=4.4 elapsed_min=2.2 gpu_alloc_gb=0.272 gpu_reserved_gb=1.539
[repeat=4 fold=4] [epoch=25/50] ssl_loss=0.036974 lr=0.00009469 base_val_bce=0.650592 base_best=N base_cls_epoch=34 epoch_sec=4.2 task_elapsed_min=2.3 gpu_alloc_gb=0.272 gpu_reserved_gb=1.539
[ssl_epoch=25/50] ssl_loss=0.036974 lr=0.00009469 base_val_bce=0.650592 base_best=N base_cls_epoch=34 epoch_sec=4.3 elapsed_min=2.3 gpu_alloc_gb=0.272 gpu_reserved_gb=1.539
[repeat=4 fold=4] [epoch=26/50] ssl_loss=0.046654 lr=0.00008964 base_val_bce=0.656835 base_best=N base_cls_epoch=29 epoch_sec=4.1 task_elapsed_min=2.4 gpu_alloc_gb=0.272 gpu_reserved_gb=1.539
[ssl_epoch=26/50] ssl_loss=0.046654 lr=0.00008964 base_val_bce=0.656835 base_best=N base_cls_epoch=29 epoch_sec=4.1 elapsed_min=2.4 gpu_alloc_gb=0.272 gpu_reserved_gb=1.539
[repeat=4 fold=4] [epoch=27/50] ssl_loss=0.036801 lr=0.00008447 base_val_bce=0.656499 base_best=N base_cls_epoch=31 epoch_sec=3.6 task_elapsed_min=2.4 gpu_alloc_gb=0.272 gpu_reserved_gb=1.539
[ssl_epoch=27/50] ssl_loss=0.036801 lr=0.00008447 base_val_bce=0.656499 base_best=N base_cls_epoch=31 epoch_sec=3.6 elapsed_min=2.4 gpu_alloc_gb=0.272 gpu_reserved_gb=1.539
[repeat=4 fold=4] [epoch=28/50] ssl_loss=0.038587 lr=0.00007919 base_val_bce=0.644707 base_best=N base_cls_epoch=36 epoch_sec=4.1 task_elapsed_min=2.5 gpu_alloc_gb=0.272 gpu_reserved_gb=1.539
[ssl_epoch=28/50] ssl_loss=0.038587 lr=0.00007919 base_val_bce=0.644707 base_best=N base_cls_epoch=36 epoch_sec=4.1 elapsed_min=2.5 gpu_alloc_gb=0.272 gpu_reserved_gb=1.539
[repeat=4 fold=4] [epoch=29/50] ssl_loss=0.040021 lr=0.00007385 base_val_bce=0.654630 base_best=N base_cls_epoch=42 epoch_sec=3.9 task_elapsed_min=2.6 gpu_alloc_gb=0.272 gpu_reserved_gb=1.539
[ssl_epoch=29/50] ssl_loss=0.040021 lr=0.00007385 base_val_bce=0.654630 base_best=N base_cls_epoch=42 epoch_sec=4.0 elapsed_min=2.6 gpu_alloc_gb=0.272 gpu_reserved_gb=1.539
CHECKPOINT_LATEST repeat=4 scope=internal_cv fold=4 phase=ssl epoch=30 path=/data/adodas/VarCoNet-V2-main/xiaolunwen/experiment3/checkpoints/worker_r4_latest.pt
[repeat=4 fold=4] [epoch=30/50] ssl_loss=0.045334 lr=0.00006848 base_val_bce=0.649720 base_best=N base_cls_epoch=31 epoch_sec=11.3 task_elapsed_min=2.6 gpu_alloc_gb=0.272 gpu_reserved_gb=1.539
[ssl_epoch=30/50] ssl_loss=0.045334 lr=0.00006848 base_val_bce=0.649720 base_best=N base_cls_epoch=31 epoch_sec=11.3 elapsed_min=2.6 gpu_alloc_gb=0.272 gpu_reserved_gb=1.539
[repeat=4 fold=4] [epoch=31/50] ssl_loss=0.050281 lr=0.00006311 base_val_bce=0.656511 base_best=N base_cls_epoch=32 epoch_sec=2.8 task_elapsed_min=2.8 gpu_alloc_gb=0.272 gpu_reserved_gb=1.539
[ssl_epoch=31/50] ssl_loss=0.050281 lr=0.00006311 base_val_bce=0.656511 base_best=N base_cls_epoch=32 epoch_sec=3.0 elapsed_min=2.8 gpu_alloc_gb=0.272 gpu_reserved_gb=1.539
[repeat=4 fold=4] [epoch=32/50] ssl_loss=0.034841 lr=0.00005777 base_val_bce=0.655043 base_best=N base_cls_epoch=31 epoch_sec=3.5 task_elapsed_min=2.9 gpu_alloc_gb=0.272 gpu_reserved_gb=1.539
[ssl_epoch=32/50] ssl_loss=0.034841 lr=0.00005777 base_val_bce=0.655043 base_best=N base_cls_epoch=31 epoch_sec=3.5 elapsed_min=2.9 gpu_alloc_gb=0.272 gpu_reserved_gb=1.539
[repeat=4 fold=4] [epoch=33/50] ssl_loss=0.034570 lr=0.00005249 base_val_bce=0.646044 base_best=N base_cls_epoch=30 epoch_sec=4.1 task_elapsed_min=2.9 gpu_alloc_gb=0.272 gpu_reserved_gb=1.539
[ssl_epoch=33/50] ssl_loss=0.034570 lr=0.00005249 base_val_bce=0.646044 base_best=N base_cls_epoch=30 epoch_sec=4.1 elapsed_min=2.9 gpu_alloc_gb=0.272 gpu_reserved_gb=1.539
[repeat=4 fold=4] [epoch=34/50] ssl_loss=0.055649 lr=0.00004732 base_val_bce=0.646519 base_best=N base_cls_epoch=26 epoch_sec=4.3 task_elapsed_min=3.0 gpu_alloc_gb=0.272 gpu_reserved_gb=1.539
[ssl_epoch=34/50] ssl_loss=0.055649 lr=0.00004732 base_val_bce=0.646519 base_best=N base_cls_epoch=26 epoch_sec=4.3 elapsed_min=3.0 gpu_alloc_gb=0.272 gpu_reserved_gb=1.539
[repeat=4 fold=4] [epoch=35/50] ssl_loss=0.053486 lr=0.00004227 base_val_bce=0.651992 base_best=N base_cls_epoch=30 epoch_sec=5.0 task_elapsed_min=3.1 gpu_alloc_gb=0.272 gpu_reserved_gb=1.539
[ssl_epoch=35/50] ssl_loss=0.053486 lr=0.00004227 base_val_bce=0.651992 base_best=N base_cls_epoch=30 epoch_sec=5.1 elapsed_min=3.1 gpu_alloc_gb=0.272 gpu_reserved_gb=1.539
[repeat=4 fold=4] [epoch=36/50] ssl_loss=0.044908 lr=0.00003739 base_val_bce=0.644291 base_best=N base_cls_epoch=29 epoch_sec=3.9 task_elapsed_min=3.1 gpu_alloc_gb=0.272 gpu_reserved_gb=1.539
[ssl_epoch=36/50] ssl_loss=0.044908 lr=0.00003739 base_val_bce=0.644291 base_best=N base_cls_epoch=29 epoch_sec=3.9 elapsed_min=3.1 gpu_alloc_gb=0.272 gpu_reserved_gb=1.539
[repeat=4 fold=4] [epoch=37/50] ssl_loss=0.031127 lr=0.00003270 base_val_bce=0.661307 base_best=N base_cls_epoch=30 epoch_sec=4.4 task_elapsed_min=3.2 gpu_alloc_gb=0.272 gpu_reserved_gb=1.539
[ssl_epoch=37/50] ssl_loss=0.031127 lr=0.00003270 base_val_bce=0.661307 base_best=N base_cls_epoch=30 epoch_sec=4.6 elapsed_min=3.2 gpu_alloc_gb=0.272 gpu_reserved_gb=1.539
CHECKPOINT_BEST repeat=4 scope=internal_cv fold=4 phase=ssl epoch=38 path=/data/adodas/VarCoNet-V2-main/xiaolunwen/experiment3/checkpoints/worker_r4_best.pt
[repeat=4 fold=4] [epoch=38/50] ssl_loss=0.038965 lr=0.00002823 base_val_bce=0.636113 base_best=Y base_cls_epoch=28 epoch_sec=12.9 task_elapsed_min=3.3 gpu_alloc_gb=0.272 gpu_reserved_gb=1.539
[ssl_epoch=38/50] ssl_loss=0.038965 lr=0.00002823 base_val_bce=0.636113 base_best=Y base_cls_epoch=28 epoch_sec=13.0 elapsed_min=3.3 gpu_alloc_gb=0.272 gpu_reserved_gb=1.539
CHECKPOINT_BEST repeat=4 scope=internal_cv fold=4 phase=ssl epoch=39 path=/data/adodas/VarCoNet-V2-main/xiaolunwen/experiment3/checkpoints/worker_r4_best.pt
[repeat=4 fold=4] [epoch=39/50] ssl_loss=0.036268 lr=0.00002401 base_val_bce=0.633556 base_best=Y base_cls_epoch=31 epoch_sec=11.6 task_elapsed_min=3.5 gpu_alloc_gb=0.272 gpu_reserved_gb=1.539
[ssl_epoch=39/50] ssl_loss=0.036268 lr=0.00002401 base_val_bce=0.633556 base_best=Y base_cls_epoch=31 epoch_sec=11.7 elapsed_min=3.5 gpu_alloc_gb=0.272 gpu_reserved_gb=1.539
CHECKPOINT_LATEST repeat=4 scope=internal_cv fold=4 phase=ssl epoch=40 path=/data/adodas/VarCoNet-V2-main/xiaolunwen/experiment3/checkpoints/worker_r4_latest.pt
[repeat=4 fold=4] [epoch=40/50] ssl_loss=0.036592 lr=0.00002006 base_val_bce=0.636298 base_best=N base_cls_epoch=27 epoch_sec=13.3 task_elapsed_min=3.7 gpu_alloc_gb=0.272 gpu_reserved_gb=1.539
[ssl_epoch=40/50] ssl_loss=0.036592 lr=0.00002006 base_val_bce=0.636298 base_best=N base_cls_epoch=27 epoch_sec=13.3 elapsed_min=3.7 gpu_alloc_gb=0.272 gpu_reserved_gb=1.539
[repeat=4 fold=4] [epoch=41/50] ssl_loss=0.036683 lr=0.00001641 base_val_bce=0.643712 base_best=N base_cls_epoch=28 epoch_sec=3.6 task_elapsed_min=3.9 gpu_alloc_gb=0.272 gpu_reserved_gb=1.539
[ssl_epoch=41/50] ssl_loss=0.036683 lr=0.00001641 base_val_bce=0.643712 base_best=N base_cls_epoch=28 epoch_sec=3.8 elapsed_min=3.9 gpu_alloc_gb=0.272 gpu_reserved_gb=1.539
[repeat=4 fold=4] [epoch=42/50] ssl_loss=0.037299 lr=0.00001308 base_val_bce=0.641276 base_best=N base_cls_epoch=29 epoch_sec=4.1 task_elapsed_min=4.0 gpu_alloc_gb=0.272 gpu_reserved_gb=1.539
[ssl_epoch=42/50] ssl_loss=0.037299 lr=0.00001308 base_val_bce=0.641276 base_best=N base_cls_epoch=29 epoch_sec=5.2 elapsed_min=4.0 gpu_alloc_gb=0.272 gpu_reserved_gb=1.539
CHECKPOINT_BEST repeat=4 scope=internal_cv fold=4 phase=ssl epoch=43 path=/data/adodas/VarCoNet-V2-main/xiaolunwen/experiment3/checkpoints/worker_r4_best.pt
[repeat=4 fold=4] [epoch=43/50] ssl_loss=0.040501 lr=0.00001009 base_val_bce=0.627093 base_best=Y base_cls_epoch=29 epoch_sec=7.4 task_elapsed_min=4.1 gpu_alloc_gb=0.272 gpu_reserved_gb=1.539
[ssl_epoch=43/50] ssl_loss=0.040501 lr=0.00001009 base_val_bce=0.627093 base_best=Y base_cls_epoch=29 epoch_sec=7.4 elapsed_min=4.1 gpu_alloc_gb=0.272 gpu_reserved_gb=1.539
[repeat=4 fold=4] [epoch=44/50] ssl_loss=0.039672 lr=0.00000746 base_val_bce=0.656316 base_best=N base_cls_epoch=30 epoch_sec=4.8 task_elapsed_min=4.2 gpu_alloc_gb=0.272 gpu_reserved_gb=1.539
[ssl_epoch=44/50] ssl_loss=0.039672 lr=0.00000746 base_val_bce=0.656316 base_best=N base_cls_epoch=30 epoch_sec=5.1 elapsed_min=4.2 gpu_alloc_gb=0.272 gpu_reserved_gb=1.539
[repeat=4 fold=4] [epoch=45/50] ssl_loss=0.049320 lr=0.00000521 base_val_bce=0.647336 base_best=N base_cls_epoch=35 epoch_sec=4.3 task_elapsed_min=4.3 gpu_alloc_gb=0.272 gpu_reserved_gb=1.539
[ssl_epoch=45/50] ssl_loss=0.049320 lr=0.00000521 base_val_bce=0.647336 base_best=N base_cls_epoch=35 epoch_sec=4.3 elapsed_min=4.3 gpu_alloc_gb=0.272 gpu_reserved_gb=1.539
[repeat=4 fold=4] [epoch=46/50] ssl_loss=0.045304 lr=0.00000335 base_val_bce=0.658424 base_best=N base_cls_epoch=29 epoch_sec=4.0 task_elapsed_min=4.4 gpu_alloc_gb=0.272 gpu_reserved_gb=1.539
[ssl_epoch=46/50] ssl_loss=0.045304 lr=0.00000335 base_val_bce=0.658424 base_best=N base_cls_epoch=29 epoch_sec=4.1 elapsed_min=4.4 gpu_alloc_gb=0.272 gpu_reserved_gb=1.539
[repeat=4 fold=4] [epoch=47/50] ssl_loss=0.029353 lr=0.00000189 base_val_bce=0.640847 base_best=N base_cls_epoch=30 epoch_sec=3.5 task_elapsed_min=4.4 gpu_alloc_gb=0.272 gpu_reserved_gb=1.539
[ssl_epoch=47/50] ssl_loss=0.029353 lr=0.00000189 base_val_bce=0.640847 base_best=N base_cls_epoch=30 epoch_sec=3.5 elapsed_min=4.4 gpu_alloc_gb=0.272 gpu_reserved_gb=1.539
[repeat=4 fold=4] [epoch=48/50] ssl_loss=0.057844 lr=0.00000084 base_val_bce=0.655797 base_best=N base_cls_epoch=31 epoch_sec=3.5 task_elapsed_min=4.5 gpu_alloc_gb=0.272 gpu_reserved_gb=1.539
[ssl_epoch=48/50] ssl_loss=0.057844 lr=0.00000084 base_val_bce=0.655797 base_best=N base_cls_epoch=31 epoch_sec=3.5 elapsed_min=4.5 gpu_alloc_gb=0.272 gpu_reserved_gb=1.539
[repeat=4 fold=4] [epoch=49/50] ssl_loss=0.032277 lr=0.00000021 base_val_bce=0.653651 base_best=N base_cls_epoch=32 epoch_sec=4.1 task_elapsed_min=4.5 gpu_alloc_gb=0.272 gpu_reserved_gb=1.539
[ssl_epoch=49/50] ssl_loss=0.032277 lr=0.00000021 base_val_bce=0.653651 base_best=N base_cls_epoch=32 epoch_sec=4.1 elapsed_min=4.5 gpu_alloc_gb=0.272 gpu_reserved_gb=1.539
CHECKPOINT_LATEST repeat=4 scope=internal_cv fold=4 phase=ssl epoch=50 path=/data/adodas/VarCoNet-V2-main/xiaolunwen/experiment3/checkpoints/worker_r4_latest.pt
[repeat=4 fold=4] [epoch=50/50] ssl_loss=0.037107 lr=0.00000000 base_val_bce=0.637663 base_best=N base_cls_epoch=30 epoch_sec=9.1 task_elapsed_min=4.6 gpu_alloc_gb=0.272 gpu_reserved_gb=1.539
[ssl_epoch=50/50] ssl_loss=0.037107 lr=0.00000000 base_val_bce=0.637663 base_best=N base_cls_epoch=30 epoch_sec=9.2 elapsed_min=4.6 gpu_alloc_gb=0.272 gpu_reserved_gb=1.539
[MODULE_DISCOVERY] repeat=4 fold=4 n_unique_subjects=674 n_modules=32 module_size_min=6 module_size_mean=12.000 module_size_max=24 singleton_modules=0 meta_dim=528 empty_meta_bins=0 affinity_mean=0.17253292 affinity_std=0.04003893 affinity_max=0.79141968 elapsed_sec=0.16
[HIGH_ORDER_RESIDUAL] repeat=4 fold=4 epoch=0 train_bce=NA val_bce=0.627093 best=Y best_epoch=0 head_l2=0.000000 elapsed_sec=282.97
CHECKPOINT_BEST repeat=4 scope=internal_cv fold=4 phase=high_order_residual epoch=0 path=/data/adodas/VarCoNet-V2-main/xiaolunwen/experiment3/checkpoints/worker_r4_best.pt
CHECKPOINT_LATEST repeat=4 scope=internal_cv fold=4 phase=high_order_residual epoch=10 path=/data/adodas/VarCoNet-V2-main/xiaolunwen/experiment3/checkpoints/worker_r4_latest.pt
[HIGH_ORDER_RESIDUAL] repeat=4 fold=4 epoch=10/149 train_bce=0.279975 val_bce=0.627542 best=N best_epoch=0 head_l2=0.011422 elapsed_sec=5.90
CHECKPOINT_LATEST repeat=4 scope=internal_cv fold=4 phase=high_order_residual epoch=20 path=/data/adodas/VarCoNet-V2-main/xiaolunwen/experiment3/checkpoints/worker_r4_latest.pt
[HIGH_ORDER_RESIDUAL] repeat=4 fold=4 epoch=20/149 train_bce=0.278329 val_bce=0.627974 best=N best_epoch=0 head_l2=0.022698 elapsed_sec=6.36
CHECKPOINT_LATEST repeat=4 scope=internal_cv fold=4 phase=high_order_residual epoch=30 path=/data/adodas/VarCoNet-V2-main/xiaolunwen/experiment3/checkpoints/worker_r4_latest.pt
[HIGH_ORDER_RESIDUAL] repeat=4 fold=4 epoch=30/149 train_bce=0.276723 val_bce=0.628426 best=N best_epoch=0 head_l2=0.033874 elapsed_sec=5.33
CHECKPOINT_LATEST repeat=4 scope=internal_cv fold=4 phase=high_order_residual epoch=40 path=/data/adodas/VarCoNet-V2-main/xiaolunwen/experiment3/checkpoints/worker_r4_latest.pt
[HIGH_ORDER_RESIDUAL] repeat=4 fold=4 epoch=40/149 train_bce=0.275157 val_bce=0.628889 best=N best_epoch=0 head_l2=0.044908 elapsed_sec=6.16
CHECKPOINT_LATEST repeat=4 scope=internal_cv fold=4 phase=high_order_residual epoch=50 path=/data/adodas/VarCoNet-V2-main/xiaolunwen/experiment3/checkpoints/worker_r4_latest.pt
[HIGH_ORDER_RESIDUAL] repeat=4 fold=4 epoch=50/149 train_bce=0.273631 val_bce=0.629349 best=N best_epoch=0 head_l2=0.055796 elapsed_sec=7.60
CHECKPOINT_LATEST repeat=4 scope=internal_cv fold=4 phase=high_order_residual epoch=60 path=/data/adodas/VarCoNet-V2-main/xiaolunwen/experiment3/checkpoints/worker_r4_latest.pt
[HIGH_ORDER_RESIDUAL] repeat=4 fold=4 epoch=60/149 train_bce=0.272142 val_bce=0.629799 best=N best_epoch=0 head_l2=0.066537 elapsed_sec=6.51
CHECKPOINT_LATEST repeat=4 scope=internal_cv fold=4 phase=high_order_residual epoch=70 path=/data/adodas/VarCoNet-V2-main/xiaolunwen/experiment3/checkpoints/worker_r4_latest.pt
[HIGH_ORDER_RESIDUAL] repeat=4 fold=4 epoch=70/149 train_bce=0.270689 val_bce=0.630238 best=N best_epoch=0 head_l2=0.077131 elapsed_sec=3.52
CHECKPOINT_LATEST repeat=4 scope=internal_cv fold=4 phase=high_order_residual epoch=80 path=/data/adodas/VarCoNet-V2-main/xiaolunwen/experiment3/checkpoints/worker_r4_latest.pt
[HIGH_ORDER_RESIDUAL] repeat=4 fold=4 epoch=80/149 train_bce=0.269268 val_bce=0.630665 best=N best_epoch=0 head_l2=0.087583 elapsed_sec=1.37
CHECKPOINT_LATEST repeat=4 scope=internal_cv fold=4 phase=high_order_residual epoch=90 path=/data/adodas/VarCoNet-V2-main/xiaolunwen/experiment3/checkpoints/worker_r4_latest.pt
[HIGH_ORDER_RESIDUAL] repeat=4 fold=4 epoch=90/149 train_bce=0.267879 val_bce=0.631083 best=N best_epoch=0 head_l2=0.097897 elapsed_sec=1.06
CHECKPOINT_LATEST repeat=4 scope=internal_cv fold=4 phase=high_order_residual epoch=100 path=/data/adodas/VarCoNet-V2-main/xiaolunwen/experiment3/checkpoints/worker_r4_latest.pt
[HIGH_ORDER_RESIDUAL] repeat=4 fold=4 epoch=100/149 train_bce=0.266520 val_bce=0.631491 best=N best_epoch=0 head_l2=0.108080 elapsed_sec=1.57
CHECKPOINT_LATEST repeat=4 scope=internal_cv fold=4 phase=high_order_residual epoch=110 path=/data/adodas/VarCoNet-V2-main/xiaolunwen/experiment3/checkpoints/worker_r4_latest.pt
[HIGH_ORDER_RESIDUAL] repeat=4 fold=4 epoch=110/149 train_bce=0.265188 val_bce=0.631891 best=N best_epoch=0 head_l2=0.118141 elapsed_sec=4.35
CHECKPOINT_LATEST repeat=4 scope=internal_cv fold=4 phase=high_order_residual epoch=120 path=/data/adodas/VarCoNet-V2-main/xiaolunwen/experiment3/checkpoints/worker_r4_latest.pt
[HIGH_ORDER_RESIDUAL] repeat=4 fold=4 epoch=120/149 train_bce=0.263883 val_bce=0.632283 best=N best_epoch=0 head_l2=0.128086 elapsed_sec=4.27
CHECKPOINT_LATEST repeat=4 scope=internal_cv fold=4 phase=high_order_residual epoch=130 path=/data/adodas/VarCoNet-V2-main/xiaolunwen/experiment3/checkpoints/worker_r4_latest.pt
[HIGH_ORDER_RESIDUAL] repeat=4 fold=4 epoch=130/149 train_bce=0.262603 val_bce=0.632669 best=N best_epoch=0 head_l2=0.137923 elapsed_sec=6.08
CHECKPOINT_LATEST repeat=4 scope=internal_cv fold=4 phase=high_order_residual epoch=140 path=/data/adodas/VarCoNet-V2-main/xiaolunwen/experiment3/checkpoints/worker_r4_latest.pt
[HIGH_ORDER_RESIDUAL] repeat=4 fold=4 epoch=140/149 train_bce=0.261347 val_bce=0.633050 best=N best_epoch=0 head_l2=0.147660 elapsed_sec=4.67
RESIDUAL_DONE repeat=4 scope=internal_cv fold=4 selected_encoder_epoch=43 selected_classifier_epoch=29 selected_residual_epoch=0 val_bce=0.627093
TASK_TRAINING_DONE repeat=4 scope=internal_cv fold=4 base_epoch=43 dyn_epoch=43 base_val_bce=0.627093 high_order_val_bce=0.627093
TASK_DONE repeat=4 scope=internal_fold fold=4 method=baseline selected_encoder_epoch=43 test_auc=0.748965 test_bce=0.605269 elapsed_min=5.9
TASK_DONE repeat=4 scope=internal_fold fold=4 method=consensus_highorder_residual selected_encoder_epoch=43 test_auc=0.748965 test_bce=0.605269 elapsed_min=5.9
TASK_START repeat=4 scope=internal_cv fold=5 seed=100405 device=cuda:0 shared_encoder=Y
CHECKPOINT_BEST repeat=4 scope=internal_cv fold=5 phase=ssl epoch=1 path=/data/adodas/VarCoNet-V2-main/xiaolunwen/experiment3/checkpoints/worker_r4_best.pt
[repeat=4 fold=5] [epoch=1/50] ssl_loss=0.104724 lr=0.00002411 base_val_bce=0.581729 base_best=Y base_cls_epoch=36 epoch_sec=8.5 task_elapsed_min=0.1 gpu_alloc_gb=0.272 gpu_reserved_gb=1.539
[ssl_epoch=1/50] ssl_loss=0.104724 lr=0.00002411 base_val_bce=0.581729 base_best=Y base_cls_epoch=36 epoch_sec=8.5 elapsed_min=0.1 gpu_alloc_gb=0.272 gpu_reserved_gb=1.539
CHECKPOINT_BEST repeat=4 scope=internal_cv fold=5 phase=ssl epoch=2 path=/data/adodas/VarCoNet-V2-main/xiaolunwen/experiment3/checkpoints/worker_r4_best.pt
[repeat=4 fold=5] [epoch=2/50] ssl_loss=0.092226 lr=0.00003821 base_val_bce=0.578248 base_best=Y base_cls_epoch=46 epoch_sec=10.8 task_elapsed_min=0.3 gpu_alloc_gb=0.272 gpu_reserved_gb=1.539
[ssl_epoch=2/50] ssl_loss=0.092226 lr=0.00003821 base_val_bce=0.578248 base_best=Y base_cls_epoch=46 epoch_sec=10.8 elapsed_min=0.3 gpu_alloc_gb=0.272 gpu_reserved_gb=1.539
[repeat=4 fold=5] [epoch=3/50] ssl_loss=0.093627 lr=0.00005232 base_val_bce=0.583017 base_best=N base_cls_epoch=33 epoch_sec=4.0 task_elapsed_min=0.5 gpu_alloc_gb=0.272 gpu_reserved_gb=1.539
[ssl_epoch=3/50] ssl_loss=0.093627 lr=0.00005232 base_val_bce=0.583017 base_best=N base_cls_epoch=33 epoch_sec=4.0 elapsed_min=0.5 gpu_alloc_gb=0.272 gpu_reserved_gb=1.539
[repeat=4 fold=5] [epoch=4/50] ssl_loss=0.075342 lr=0.00006643 base_val_bce=0.586961 base_best=N base_cls_epoch=32 epoch_sec=4.1 task_elapsed_min=0.5 gpu_alloc_gb=0.272 gpu_reserved_gb=1.539
[ssl_epoch=4/50] ssl_loss=0.075342 lr=0.00006643 base_val_bce=0.586961 base_best=N base_cls_epoch=32 epoch_sec=4.1 elapsed_min=0.5 gpu_alloc_gb=0.272 gpu_reserved_gb=1.539
[repeat=4 fold=5] [epoch=5/50] ssl_loss=0.083168 lr=0.00008053 base_val_bce=0.578794 base_best=N base_cls_epoch=26 epoch_sec=3.5 task_elapsed_min=0.6 gpu_alloc_gb=0.272 gpu_reserved_gb=1.539
[ssl_epoch=5/50] ssl_loss=0.083168 lr=0.00008053 base_val_bce=0.578794 base_best=N base_cls_epoch=26 epoch_sec=3.5 elapsed_min=0.6 gpu_alloc_gb=0.272 gpu_reserved_gb=1.539
[repeat=4 fold=5] [epoch=6/50] ssl_loss=0.082742 lr=0.00009464 base_val_bce=0.585500 base_best=N base_cls_epoch=25 epoch_sec=3.6 task_elapsed_min=0.7 gpu_alloc_gb=0.272 gpu_reserved_gb=1.539
[ssl_epoch=6/50] ssl_loss=0.082742 lr=0.00009464 base_val_bce=0.585500 base_best=N base_cls_epoch=25 epoch_sec=3.9 elapsed_min=0.7 gpu_alloc_gb=0.272 gpu_reserved_gb=1.539
CHECKPOINT_BEST repeat=4 scope=internal_cv fold=5 phase=ssl epoch=7 path=/data/adodas/VarCoNet-V2-main/xiaolunwen/experiment3/checkpoints/worker_r4_best.pt
[repeat=4 fold=5] [epoch=7/50] ssl_loss=0.077945 lr=0.00010875 base_val_bce=0.574936 base_best=Y base_cls_epoch=28 epoch_sec=13.0 task_elapsed_min=0.7 gpu_alloc_gb=0.272 gpu_reserved_gb=1.539
[ssl_epoch=7/50] ssl_loss=0.077945 lr=0.00010875 base_val_bce=0.574936 base_best=Y base_cls_epoch=28 epoch_sec=13.1 elapsed_min=0.7 gpu_alloc_gb=0.272 gpu_reserved_gb=1.539
[repeat=4 fold=5] [epoch=8/50] ssl_loss=0.077898 lr=0.00012285 base_val_bce=0.591365 base_best=N base_cls_epoch=29 epoch_sec=2.7 task_elapsed_min=0.9 gpu_alloc_gb=0.272 gpu_reserved_gb=1.539
[ssl_epoch=8/50] ssl_loss=0.077898 lr=0.00012285 base_val_bce=0.591365 base_best=N base_cls_epoch=29 epoch_sec=2.7 elapsed_min=0.9 gpu_alloc_gb=0.272 gpu_reserved_gb=1.539
[repeat=4 fold=5] [epoch=9/50] ssl_loss=0.066635 lr=0.00013696 base_val_bce=0.579888 base_best=N base_cls_epoch=34 epoch_sec=4.0 task_elapsed_min=1.0 gpu_alloc_gb=0.272 gpu_reserved_gb=1.539
[ssl_epoch=9/50] ssl_loss=0.066635 lr=0.00013696 base_val_bce=0.579888 base_best=N base_cls_epoch=34 epoch_sec=4.2 elapsed_min=1.0 gpu_alloc_gb=0.272 gpu_reserved_gb=1.539
CHECKPOINT_LATEST repeat=4 scope=internal_cv fold=5 phase=ssl epoch=10 path=/data/adodas/VarCoNet-V2-main/xiaolunwen/experiment3/checkpoints/worker_r4_latest.pt
[repeat=4 fold=5] [epoch=10/50] ssl_loss=0.049460 lr=0.00013696 base_val_bce=0.577472 base_best=N base_cls_epoch=29 epoch_sec=12.1 task_elapsed_min=1.1 gpu_alloc_gb=0.272 gpu_reserved_gb=1.539
[ssl_epoch=10/50] ssl_loss=0.049460 lr=0.00013696 base_val_bce=0.577472 base_best=N base_cls_epoch=29 epoch_sec=12.1 elapsed_min=1.1 gpu_alloc_gb=0.272 gpu_reserved_gb=1.539
[repeat=4 fold=5] [epoch=11/50] ssl_loss=0.049238 lr=0.00013675 base_val_bce=0.583812 base_best=N base_cls_epoch=33 epoch_sec=3.6 task_elapsed_min=1.3 gpu_alloc_gb=0.272 gpu_reserved_gb=1.539
[ssl_epoch=11/50] ssl_loss=0.049238 lr=0.00013675 base_val_bce=0.583812 base_best=N base_cls_epoch=33 epoch_sec=3.6 elapsed_min=1.3 gpu_alloc_gb=0.272 gpu_reserved_gb=1.539
[repeat=4 fold=5] [epoch=12/50] ssl_loss=0.060949 lr=0.00013612 base_val_bce=0.576306 base_best=N base_cls_epoch=32 epoch_sec=3.4 task_elapsed_min=1.3 gpu_alloc_gb=0.272 gpu_reserved_gb=1.539
[ssl_epoch=12/50] ssl_loss=0.060949 lr=0.00013612 base_val_bce=0.576306 base_best=N base_cls_epoch=32 epoch_sec=3.4 elapsed_min=1.3 gpu_alloc_gb=0.272 gpu_reserved_gb=1.539
CHECKPOINT_BEST repeat=4 scope=internal_cv fold=5 phase=ssl epoch=13 path=/data/adodas/VarCoNet-V2-main/xiaolunwen/experiment3/checkpoints/worker_r4_best.pt
[repeat=4 fold=5] [epoch=13/50] ssl_loss=0.054796 lr=0.00013507 base_val_bce=0.573078 base_best=Y base_cls_epoch=37 epoch_sec=10.6 task_elapsed_min=1.4 gpu_alloc_gb=0.272 gpu_reserved_gb=1.539
[ssl_epoch=13/50] ssl_loss=0.054796 lr=0.00013507 base_val_bce=0.573078 base_best=Y base_cls_epoch=37 epoch_sec=10.7 elapsed_min=1.4 gpu_alloc_gb=0.272 gpu_reserved_gb=1.539
[repeat=4 fold=5] [epoch=14/50] ssl_loss=0.059085 lr=0.00013361 base_val_bce=0.580485 base_best=N base_cls_epoch=33 epoch_sec=3.2 task_elapsed_min=1.6 gpu_alloc_gb=0.272 gpu_reserved_gb=1.539
[ssl_epoch=14/50] ssl_loss=0.059085 lr=0.00013361 base_val_bce=0.580485 base_best=N base_cls_epoch=33 epoch_sec=3.2 elapsed_min=1.6 gpu_alloc_gb=0.272 gpu_reserved_gb=1.539
[repeat=4 fold=5] [epoch=15/50] ssl_loss=0.031683 lr=0.00013175 base_val_bce=0.581495 base_best=N base_cls_epoch=41 epoch_sec=3.8 task_elapsed_min=1.6 gpu_alloc_gb=0.272 gpu_reserved_gb=1.539
[ssl_epoch=15/50] ssl_loss=0.031683 lr=0.00013175 base_val_bce=0.581495 base_best=N base_cls_epoch=41 epoch_sec=4.0 elapsed_min=1.6 gpu_alloc_gb=0.272 gpu_reserved_gb=1.539
[repeat=4 fold=5] [epoch=16/50] ssl_loss=0.059207 lr=0.00012950 base_val_bce=0.586628 base_best=N base_cls_epoch=35 epoch_sec=4.0 task_elapsed_min=1.7 gpu_alloc_gb=0.272 gpu_reserved_gb=1.539
[ssl_epoch=16/50] ssl_loss=0.059207 lr=0.00012950 base_val_bce=0.586628 base_best=N base_cls_epoch=35 epoch_sec=4.0 elapsed_min=1.7 gpu_alloc_gb=0.272 gpu_reserved_gb=1.539
[repeat=4 fold=5] [epoch=17/50] ssl_loss=0.051010 lr=0.00012687 base_val_bce=0.574424 base_best=N base_cls_epoch=38 epoch_sec=4.2 task_elapsed_min=1.8 gpu_alloc_gb=0.272 gpu_reserved_gb=1.539
[ssl_epoch=17/50] ssl_loss=0.051010 lr=0.00012687 base_val_bce=0.574424 base_best=N base_cls_epoch=38 epoch_sec=4.2 elapsed_min=1.8 gpu_alloc_gb=0.272 gpu_reserved_gb=1.539
[repeat=4 fold=5] [epoch=18/50] ssl_loss=0.047612 lr=0.00012388 base_val_bce=0.583632 base_best=N base_cls_epoch=36 epoch_sec=2.1 task_elapsed_min=1.8 gpu_alloc_gb=0.272 gpu_reserved_gb=1.539
[ssl_epoch=18/50] ssl_loss=0.047612 lr=0.00012388 base_val_bce=0.583632 base_best=N base_cls_epoch=36 epoch_sec=2.2 elapsed_min=1.8 gpu_alloc_gb=0.272 gpu_reserved_gb=1.539
[repeat=4 fold=5] [epoch=19/50] ssl_loss=0.056763 lr=0.00012055 base_val_bce=0.589783 base_best=N base_cls_epoch=41 epoch_sec=3.2 task_elapsed_min=1.8 gpu_alloc_gb=0.272 gpu_reserved_gb=1.539
[ssl_epoch=19/50] ssl_loss=0.056763 lr=0.00012055 base_val_bce=0.589783 base_best=N base_cls_epoch=41 epoch_sec=3.4 elapsed_min=1.8 gpu_alloc_gb=0.272 gpu_reserved_gb=1.539
CHECKPOINT_LATEST repeat=4 scope=internal_cv fold=5 phase=ssl epoch=20 path=/data/adodas/VarCoNet-V2-main/xiaolunwen/experiment3/checkpoints/worker_r4_latest.pt
[repeat=4 fold=5] [epoch=20/50] ssl_loss=0.065077 lr=0.00011690 base_val_bce=0.587936 base_best=N base_cls_epoch=33 epoch_sec=15.6 task_elapsed_min=1.9 gpu_alloc_gb=0.272 gpu_reserved_gb=1.539
[ssl_epoch=20/50] ssl_loss=0.065077 lr=0.00011690 base_val_bce=0.587936 base_best=N base_cls_epoch=33 epoch_sec=15.6 elapsed_min=1.9 gpu_alloc_gb=0.272 gpu_reserved_gb=1.539
[repeat=4 fold=5] [epoch=21/50] ssl_loss=0.043395 lr=0.00011296 base_val_bce=0.585400 base_best=N base_cls_epoch=38 epoch_sec=9.4 task_elapsed_min=2.3 gpu_alloc_gb=0.272 gpu_reserved_gb=1.539
[ssl_epoch=21/50] ssl_loss=0.043395 lr=0.00011296 base_val_bce=0.585400 base_best=N base_cls_epoch=38 epoch_sec=9.4 elapsed_min=2.3 gpu_alloc_gb=0.272 gpu_reserved_gb=1.539
[repeat=4 fold=5] [epoch=22/50] ssl_loss=0.050977 lr=0.00010873 base_val_bce=0.583819 base_best=N base_cls_epoch=39 epoch_sec=8.5 task_elapsed_min=2.4 gpu_alloc_gb=0.272 gpu_reserved_gb=1.539
[ssl_epoch=22/50] ssl_loss=0.050977 lr=0.00010873 base_val_bce=0.583819 base_best=N base_cls_epoch=39 epoch_sec=8.5 elapsed_min=2.4 gpu_alloc_gb=0.272 gpu_reserved_gb=1.539
[repeat=4 fold=5] [epoch=23/50] ssl_loss=0.047685 lr=0.00010426 base_val_bce=0.582727 base_best=N base_cls_epoch=45 epoch_sec=8.3 task_elapsed_min=2.5 gpu_alloc_gb=0.272 gpu_reserved_gb=1.539
[ssl_epoch=23/50] ssl_loss=0.047685 lr=0.00010426 base_val_bce=0.582727 base_best=N base_cls_epoch=45 epoch_sec=8.3 elapsed_min=2.5 gpu_alloc_gb=0.272 gpu_reserved_gb=1.539
[repeat=4 fold=5] [epoch=24/50] ssl_loss=0.045022 lr=0.00009957 base_val_bce=0.580451 base_best=N base_cls_epoch=38 epoch_sec=8.1 task_elapsed_min=2.7 gpu_alloc_gb=0.272 gpu_reserved_gb=1.539
[ssl_epoch=24/50] ssl_loss=0.045022 lr=0.00009957 base_val_bce=0.580451 base_best=N base_cls_epoch=38 epoch_sec=8.1 elapsed_min=2.7 gpu_alloc_gb=0.272 gpu_reserved_gb=1.539
[repeat=4 fold=5] [epoch=25/50] ssl_loss=0.035498 lr=0.00009469 base_val_bce=0.582042 base_best=N base_cls_epoch=38 epoch_sec=8.8 task_elapsed_min=2.8 gpu_alloc_gb=0.272 gpu_reserved_gb=1.539
[ssl_epoch=25/50] ssl_loss=0.035498 lr=0.00009469 base_val_bce=0.582042 base_best=N base_cls_epoch=38 epoch_sec=9.1 elapsed_min=2.8 gpu_alloc_gb=0.272 gpu_reserved_gb=1.539
[repeat=4 fold=5] [epoch=26/50] ssl_loss=0.038103 lr=0.00008964 base_val_bce=0.583770 base_best=N base_cls_epoch=43 epoch_sec=8.4 task_elapsed_min=3.0 gpu_alloc_gb=0.272 gpu_reserved_gb=1.539
[ssl_epoch=26/50] ssl_loss=0.038103 lr=0.00008964 base_val_bce=0.583770 base_best=N base_cls_epoch=43 epoch_sec=8.6 elapsed_min=3.0 gpu_alloc_gb=0.272 gpu_reserved_gb=1.539
[repeat=4 fold=5] [epoch=27/50] ssl_loss=0.044071 lr=0.00008447 base_val_bce=0.575882 base_best=N base_cls_epoch=41 epoch_sec=8.0 task_elapsed_min=3.1 gpu_alloc_gb=0.272 gpu_reserved_gb=1.539
[ssl_epoch=27/50] ssl_loss=0.044071 lr=0.00008447 base_val_bce=0.575882 base_best=N base_cls_epoch=41 epoch_sec=8.0 elapsed_min=3.1 gpu_alloc_gb=0.272 gpu_reserved_gb=1.539
[repeat=4 fold=5] [epoch=28/50] ssl_loss=0.057889 lr=0.00007919 base_val_bce=0.586001 base_best=N base_cls_epoch=44 epoch_sec=7.9 task_elapsed_min=3.2 gpu_alloc_gb=0.272 gpu_reserved_gb=1.539
[ssl_epoch=28/50] ssl_loss=0.057889 lr=0.00007919 base_val_bce=0.586001 base_best=N base_cls_epoch=44 epoch_sec=7.9 elapsed_min=3.2 gpu_alloc_gb=0.272 gpu_reserved_gb=1.539
[repeat=4 fold=5] [epoch=29/50] ssl_loss=0.041870 lr=0.00007385 base_val_bce=0.584770 base_best=N base_cls_epoch=38 epoch_sec=4.6 task_elapsed_min=3.3 gpu_alloc_gb=0.272 gpu_reserved_gb=1.539
[ssl_epoch=29/50] ssl_loss=0.041870 lr=0.00007385 base_val_bce=0.584770 base_best=N base_cls_epoch=38 epoch_sec=4.7 elapsed_min=3.3 gpu_alloc_gb=0.272 gpu_reserved_gb=1.539
CHECKPOINT_LATEST repeat=4 scope=internal_cv fold=5 phase=ssl epoch=30 path=/data/adodas/VarCoNet-V2-main/xiaolunwen/experiment3/checkpoints/worker_r4_latest.pt
[repeat=4 fold=5] [epoch=30/50] ssl_loss=0.035620 lr=0.00006848 base_val_bce=0.585812 base_best=N base_cls_epoch=43 epoch_sec=14.2 task_elapsed_min=3.4 gpu_alloc_gb=0.272 gpu_reserved_gb=1.539
[ssl_epoch=30/50] ssl_loss=0.035620 lr=0.00006848 base_val_bce=0.585812 base_best=N base_cls_epoch=43 epoch_sec=14.2 elapsed_min=3.4 gpu_alloc_gb=0.272 gpu_reserved_gb=1.539
[repeat=4 fold=5] [epoch=31/50] ssl_loss=0.040057 lr=0.00006311 base_val_bce=0.590964 base_best=N base_cls_epoch=39 epoch_sec=4.6 task_elapsed_min=3.6 gpu_alloc_gb=0.272 gpu_reserved_gb=1.539
[ssl_epoch=31/50] ssl_loss=0.040057 lr=0.00006311 base_val_bce=0.590964 base_best=N base_cls_epoch=39 epoch_sec=4.7 elapsed_min=3.6 gpu_alloc_gb=0.272 gpu_reserved_gb=1.539
[repeat=4 fold=5] [epoch=32/50] ssl_loss=0.040003 lr=0.00005777 base_val_bce=0.577953 base_best=N base_cls_epoch=41 epoch_sec=4.3 task_elapsed_min=3.7 gpu_alloc_gb=0.272 gpu_reserved_gb=1.539
[ssl_epoch=32/50] ssl_loss=0.040003 lr=0.00005777 base_val_bce=0.577953 base_best=N base_cls_epoch=41 epoch_sec=4.4 elapsed_min=3.7 gpu_alloc_gb=0.272 gpu_reserved_gb=1.539
[repeat=4 fold=5] [epoch=33/50] ssl_loss=0.036593 lr=0.00005249 base_val_bce=0.581605 base_best=N base_cls_epoch=38 epoch_sec=4.4 task_elapsed_min=3.8 gpu_alloc_gb=0.272 gpu_reserved_gb=1.539
[ssl_epoch=33/50] ssl_loss=0.036593 lr=0.00005249 base_val_bce=0.581605 base_best=N base_cls_epoch=38 epoch_sec=4.6 elapsed_min=3.8 gpu_alloc_gb=0.272 gpu_reserved_gb=1.539
[repeat=4 fold=5] [epoch=34/50] ssl_loss=0.036783 lr=0.00004732 base_val_bce=0.575292 base_best=N base_cls_epoch=35 epoch_sec=4.4 task_elapsed_min=3.9 gpu_alloc_gb=0.272 gpu_reserved_gb=1.539
[ssl_epoch=34/50] ssl_loss=0.036783 lr=0.00004732 base_val_bce=0.575292 base_best=N base_cls_epoch=35 epoch_sec=4.4 elapsed_min=3.9 gpu_alloc_gb=0.272 gpu_reserved_gb=1.539
[repeat=4 fold=5] [epoch=35/50] ssl_loss=0.052095 lr=0.00004227 base_val_bce=0.579782 base_best=N base_cls_epoch=40 epoch_sec=4.4 task_elapsed_min=3.9 gpu_alloc_gb=0.272 gpu_reserved_gb=1.539
[ssl_epoch=35/50] ssl_loss=0.052095 lr=0.00004227 base_val_bce=0.579782 base_best=N base_cls_epoch=40 epoch_sec=4.5 elapsed_min=3.9 gpu_alloc_gb=0.272 gpu_reserved_gb=1.539
[repeat=4 fold=5] [epoch=36/50] ssl_loss=0.034122 lr=0.00003739 base_val_bce=0.577332 base_best=N base_cls_epoch=38 epoch_sec=3.8 task_elapsed_min=4.0 gpu_alloc_gb=0.272 gpu_reserved_gb=1.539
[ssl_epoch=36/50] ssl_loss=0.034122 lr=0.00003739 base_val_bce=0.577332 base_best=N base_cls_epoch=38 epoch_sec=3.9 elapsed_min=4.0 gpu_alloc_gb=0.272 gpu_reserved_gb=1.539
[repeat=4 fold=5] [epoch=37/50] ssl_loss=0.035901 lr=0.00003270 base_val_bce=0.589524 base_best=N base_cls_epoch=35 epoch_sec=4.0 task_elapsed_min=4.1 gpu_alloc_gb=0.272 gpu_reserved_gb=1.539
[ssl_epoch=37/50] ssl_loss=0.035901 lr=0.00003270 base_val_bce=0.589524 base_best=N base_cls_epoch=35 epoch_sec=4.0 elapsed_min=4.1 gpu_alloc_gb=0.272 gpu_reserved_gb=1.539
[repeat=4 fold=5] [epoch=38/50] ssl_loss=0.036776 lr=0.00002823 base_val_bce=0.593333 base_best=N base_cls_epoch=36 epoch_sec=4.1 task_elapsed_min=4.1 gpu_alloc_gb=0.272 gpu_reserved_gb=1.539
[ssl_epoch=38/50] ssl_loss=0.036776 lr=0.00002823 base_val_bce=0.593333 base_best=N base_cls_epoch=36 epoch_sec=4.7 elapsed_min=4.1 gpu_alloc_gb=0.272 gpu_reserved_gb=1.539
[repeat=4 fold=5] [epoch=39/50] ssl_loss=0.037773 lr=0.00002401 base_val_bce=0.579886 base_best=N base_cls_epoch=46 epoch_sec=4.5 task_elapsed_min=4.2 gpu_alloc_gb=0.272 gpu_reserved_gb=1.539
[ssl_epoch=39/50] ssl_loss=0.037773 lr=0.00002401 base_val_bce=0.579886 base_best=N base_cls_epoch=46 epoch_sec=4.5 elapsed_min=4.2 gpu_alloc_gb=0.272 gpu_reserved_gb=1.539
CHECKPOINT_LATEST repeat=4 scope=internal_cv fold=5 phase=ssl epoch=40 path=/data/adodas/VarCoNet-V2-main/xiaolunwen/experiment3/checkpoints/worker_r4_latest.pt
[repeat=4 fold=5] [epoch=40/50] ssl_loss=0.040208 lr=0.00002006 base_val_bce=0.584004 base_best=N base_cls_epoch=42 epoch_sec=5.5 task_elapsed_min=4.3 gpu_alloc_gb=0.272 gpu_reserved_gb=1.539
[ssl_epoch=40/50] ssl_loss=0.040208 lr=0.00002006 base_val_bce=0.584004 base_best=N base_cls_epoch=42 epoch_sec=5.5 elapsed_min=4.3 gpu_alloc_gb=0.272 gpu_reserved_gb=1.539
[repeat=4 fold=5] [epoch=41/50] ssl_loss=0.033155 lr=0.00001641 base_val_bce=0.592471 base_best=N base_cls_epoch=42 epoch_sec=5.3 task_elapsed_min=4.4 gpu_alloc_gb=0.272 gpu_reserved_gb=1.539
[ssl_epoch=41/50] ssl_loss=0.033155 lr=0.00001641 base_val_bce=0.592471 base_best=N base_cls_epoch=42 epoch_sec=5.3 elapsed_min=4.4 gpu_alloc_gb=0.272 gpu_reserved_gb=1.539
[repeat=4 fold=5] [epoch=42/50] ssl_loss=0.037449 lr=0.00001308 base_val_bce=0.583049 base_best=N base_cls_epoch=36 epoch_sec=5.4 task_elapsed_min=4.5 gpu_alloc_gb=0.272 gpu_reserved_gb=1.539
[ssl_epoch=42/50] ssl_loss=0.037449 lr=0.00001308 base_val_bce=0.583049 base_best=N base_cls_epoch=36 epoch_sec=5.4 elapsed_min=4.5 gpu_alloc_gb=0.272 gpu_reserved_gb=1.539
[repeat=4 fold=5] [epoch=43/50] ssl_loss=0.036063 lr=0.00001009 base_val_bce=0.586910 base_best=N base_cls_epoch=36 epoch_sec=5.4 task_elapsed_min=4.6 gpu_alloc_gb=0.272 gpu_reserved_gb=1.539
[ssl_epoch=43/50] ssl_loss=0.036063 lr=0.00001009 base_val_bce=0.586910 base_best=N base_cls_epoch=36 epoch_sec=5.4 elapsed_min=4.6 gpu_alloc_gb=0.272 gpu_reserved_gb=1.539
CHECKPOINT_BEST repeat=4 scope=internal_cv fold=5 phase=ssl epoch=44 path=/data/adodas/VarCoNet-V2-main/xiaolunwen/experiment3/checkpoints/worker_r4_best.pt
[repeat=4 fold=5] [epoch=44/50] ssl_loss=0.036357 lr=0.00000746 base_val_bce=0.572317 base_best=Y base_cls_epoch=38 epoch_sec=6.0 task_elapsed_min=4.7 gpu_alloc_gb=0.272 gpu_reserved_gb=1.539
[ssl_epoch=44/50] ssl_loss=0.036357 lr=0.00000746 base_val_bce=0.572317 base_best=Y base_cls_epoch=38 epoch_sec=6.0 elapsed_min=4.7 gpu_alloc_gb=0.272 gpu_reserved_gb=1.539
[repeat=4 fold=5] [epoch=45/50] ssl_loss=0.031770 lr=0.00000521 base_val_bce=0.588481 base_best=N base_cls_epoch=39 epoch_sec=5.5 task_elapsed_min=4.8 gpu_alloc_gb=0.272 gpu_reserved_gb=1.539
[ssl_epoch=45/50] ssl_loss=0.031770 lr=0.00000521 base_val_bce=0.588481 base_best=N base_cls_epoch=39 epoch_sec=5.5 elapsed_min=4.8 gpu_alloc_gb=0.272 gpu_reserved_gb=1.539
[repeat=4 fold=5] [epoch=46/50] ssl_loss=0.047048 lr=0.00000335 base_val_bce=0.587026 base_best=N base_cls_epoch=36 epoch_sec=5.5 task_elapsed_min=4.9 gpu_alloc_gb=0.272 gpu_reserved_gb=1.539
[ssl_epoch=46/50] ssl_loss=0.047048 lr=0.00000335 base_val_bce=0.587026 base_best=N base_cls_epoch=36 epoch_sec=5.5 elapsed_min=4.9 gpu_alloc_gb=0.272 gpu_reserved_gb=1.539
[repeat=4 fold=5] [epoch=47/50] ssl_loss=0.036676 lr=0.00000189 base_val_bce=0.580048 base_best=N base_cls_epoch=40 epoch_sec=5.3 task_elapsed_min=5.0 gpu_alloc_gb=0.272 gpu_reserved_gb=1.539
[ssl_epoch=47/50] ssl_loss=0.036676 lr=0.00000189 base_val_bce=0.580048 base_best=N base_cls_epoch=40 epoch_sec=5.6 elapsed_min=5.0 gpu_alloc_gb=0.272 gpu_reserved_gb=1.539
[repeat=4 fold=5] [epoch=48/50] ssl_loss=0.044094 lr=0.00000084 base_val_bce=0.576491 base_best=N base_cls_epoch=39 epoch_sec=5.1 task_elapsed_min=5.0 gpu_alloc_gb=0.272 gpu_reserved_gb=1.539
[ssl_epoch=48/50] ssl_loss=0.044094 lr=0.00000084 base_val_bce=0.576491 base_best=N base_cls_epoch=39 epoch_sec=5.2 elapsed_min=5.0 gpu_alloc_gb=0.272 gpu_reserved_gb=1.539
[repeat=4 fold=5] [epoch=49/50] ssl_loss=0.031547 lr=0.00000021 base_val_bce=0.592570 base_best=N base_cls_epoch=34 epoch_sec=5.0 task_elapsed_min=5.1 gpu_alloc_gb=0.272 gpu_reserved_gb=1.539
[ssl_epoch=49/50] ssl_loss=0.031547 lr=0.00000021 base_val_bce=0.592570 base_best=N base_cls_epoch=34 epoch_sec=5.1 elapsed_min=5.1 gpu_alloc_gb=0.272 gpu_reserved_gb=1.539
CHECKPOINT_LATEST repeat=4 scope=internal_cv fold=5 phase=ssl epoch=50 path=/data/adodas/VarCoNet-V2-main/xiaolunwen/experiment3/checkpoints/worker_r4_latest.pt
[repeat=4 fold=5] [epoch=50/50] ssl_loss=0.039372 lr=0.00000000 base_val_bce=0.578577 base_best=N base_cls_epoch=39 epoch_sec=4.9 task_elapsed_min=5.2 gpu_alloc_gb=0.272 gpu_reserved_gb=1.539
[ssl_epoch=50/50] ssl_loss=0.039372 lr=0.00000000 base_val_bce=0.578577 base_best=N base_cls_epoch=39 epoch_sec=4.9 elapsed_min=5.2 gpu_alloc_gb=0.272 gpu_reserved_gb=1.539
[MODULE_DISCOVERY] repeat=4 fold=5 n_unique_subjects=674 n_modules=32 module_size_min=5 module_size_mean=12.000 module_size_max=21 singleton_modules=0 meta_dim=528 empty_meta_bins=0 affinity_mean=0.16882834 affinity_std=0.04118568 affinity_max=0.85560596 elapsed_sec=0.03
[HIGH_ORDER_RESIDUAL] repeat=4 fold=5 epoch=0 train_bce=NA val_bce=0.572317 best=Y best_epoch=0 head_l2=0.000000 elapsed_sec=313.45
CHECKPOINT_BEST repeat=4 scope=internal_cv fold=5 phase=high_order_residual epoch=0 path=/data/adodas/VarCoNet-V2-main/xiaolunwen/experiment3/checkpoints/worker_r4_best.pt
CHECKPOINT_LATEST repeat=4 scope=internal_cv fold=5 phase=high_order_residual epoch=10 path=/data/adodas/VarCoNet-V2-main/xiaolunwen/experiment3/checkpoints/worker_r4_latest.pt
[HIGH_ORDER_RESIDUAL] repeat=4 fold=5 epoch=10/149 train_bce=0.228148 val_bce=0.572720 best=N best_epoch=0 head_l2=0.011412 elapsed_sec=0.39
CHECKPOINT_LATEST repeat=4 scope=internal_cv fold=5 phase=high_order_residual epoch=20 path=/data/adodas/VarCoNet-V2-main/xiaolunwen/experiment3/checkpoints/worker_r4_latest.pt
[HIGH_ORDER_RESIDUAL] repeat=4 fold=5 epoch=20/149 train_bce=0.226871 val_bce=0.573156 best=N best_epoch=0 head_l2=0.022603 elapsed_sec=0.35
CHECKPOINT_LATEST repeat=4 scope=internal_cv fold=5 phase=high_order_residual epoch=30 path=/data/adodas/VarCoNet-V2-main/xiaolunwen/experiment3/checkpoints/worker_r4_latest.pt
[HIGH_ORDER_RESIDUAL] repeat=4 fold=5 epoch=30/149 train_bce=0.225633 val_bce=0.573608 best=N best_epoch=0 head_l2=0.033596 elapsed_sec=0.39
CHECKPOINT_LATEST repeat=4 scope=internal_cv fold=5 phase=high_order_residual epoch=40 path=/data/adodas/VarCoNet-V2-main/xiaolunwen/experiment3/checkpoints/worker_r4_latest.pt
[HIGH_ORDER_RESIDUAL] repeat=4 fold=5 epoch=40/149 train_bce=0.224433 val_bce=0.574067 best=N best_epoch=0 head_l2=0.044401 elapsed_sec=0.29
CHECKPOINT_LATEST repeat=4 scope=internal_cv fold=5 phase=high_order_residual epoch=50 path=/data/adodas/VarCoNet-V2-main/xiaolunwen/experiment3/checkpoints/worker_r4_latest.pt
[HIGH_ORDER_RESIDUAL] repeat=4 fold=5 epoch=50/149 train_bce=0.223266 val_bce=0.574529 best=N best_epoch=0 head_l2=0.055062 elapsed_sec=0.26
CHECKPOINT_LATEST repeat=4 scope=internal_cv fold=5 phase=high_order_residual epoch=60 path=/data/adodas/VarCoNet-V2-main/xiaolunwen/experiment3/checkpoints/worker_r4_latest.pt
[HIGH_ORDER_RESIDUAL] repeat=4 fold=5 epoch=60/149 train_bce=0.222131 val_bce=0.575002 best=N best_epoch=0 head_l2=0.065615 elapsed_sec=0.37
CHECKPOINT_LATEST repeat=4 scope=internal_cv fold=5 phase=high_order_residual epoch=70 path=/data/adodas/VarCoNet-V2-main/xiaolunwen/experiment3/checkpoints/worker_r4_latest.pt
[HIGH_ORDER_RESIDUAL] repeat=4 fold=5 epoch=70/149 train_bce=0.221026 val_bce=0.575491 best=N best_epoch=0 head_l2=0.076071 elapsed_sec=0.22
CHECKPOINT_LATEST repeat=4 scope=internal_cv fold=5 phase=high_order_residual epoch=80 path=/data/adodas/VarCoNet-V2-main/xiaolunwen/experiment3/checkpoints/worker_r4_latest.pt
[HIGH_ORDER_RESIDUAL] repeat=4 fold=5 epoch=80/149 train_bce=0.219948 val_bce=0.575998 best=N best_epoch=0 head_l2=0.086425 elapsed_sec=0.89
CHECKPOINT_LATEST repeat=4 scope=internal_cv fold=5 phase=high_order_residual epoch=90 path=/data/adodas/VarCoNet-V2-main/xiaolunwen/experiment3/checkpoints/worker_r4_latest.pt
[HIGH_ORDER_RESIDUAL] repeat=4 fold=5 epoch=90/149 train_bce=0.218896 val_bce=0.576520 best=N best_epoch=0 head_l2=0.096673 elapsed_sec=0.55
CHECKPOINT_LATEST repeat=4 scope=internal_cv fold=5 phase=high_order_residual epoch=100 path=/data/adodas/VarCoNet-V2-main/xiaolunwen/experiment3/checkpoints/worker_r4_latest.pt
[HIGH_ORDER_RESIDUAL] repeat=4 fold=5 epoch=100/149 train_bce=0.217868 val_bce=0.577058 best=N best_epoch=0 head_l2=0.106815 elapsed_sec=0.28
CHECKPOINT_LATEST repeat=4 scope=internal_cv fold=5 phase=high_order_residual epoch=110 path=/data/adodas/VarCoNet-V2-main/xiaolunwen/experiment3/checkpoints/worker_r4_latest.pt
[HIGH_ORDER_RESIDUAL] repeat=4 fold=5 epoch=110/149 train_bce=0.216863 val_bce=0.577609 best=N best_epoch=0 head_l2=0.116855 elapsed_sec=0.37
CHECKPOINT_LATEST repeat=4 scope=internal_cv fold=5 phase=high_order_residual epoch=120 path=/data/adodas/VarCoNet-V2-main/xiaolunwen/experiment3/checkpoints/worker_r4_latest.pt
[HIGH_ORDER_RESIDUAL] repeat=4 fold=5 epoch=120/149 train_bce=0.215879 val_bce=0.578171 best=N best_epoch=0 head_l2=0.126799 elapsed_sec=0.47
CHECKPOINT_LATEST repeat=4 scope=internal_cv fold=5 phase=high_order_residual epoch=130 path=/data/adodas/VarCoNet-V2-main/xiaolunwen/experiment3/checkpoints/worker_r4_latest.pt
[HIGH_ORDER_RESIDUAL] repeat=4 fold=5 epoch=130/149 train_bce=0.214916 val_bce=0.578742 best=N best_epoch=0 head_l2=0.136650 elapsed_sec=0.54
CHECKPOINT_LATEST repeat=4 scope=internal_cv fold=5 phase=high_order_residual epoch=140 path=/data/adodas/VarCoNet-V2-main/xiaolunwen/experiment3/checkpoints/worker_r4_latest.pt
[HIGH_ORDER_RESIDUAL] repeat=4 fold=5 epoch=140/149 train_bce=0.213972 val_bce=0.579323 best=N best_epoch=0 head_l2=0.146415 elapsed_sec=0.36
RESIDUAL_DONE repeat=4 scope=internal_cv fold=5 selected_encoder_epoch=44 selected_classifier_epoch=38 selected_residual_epoch=0 val_bce=0.572317
TASK_TRAINING_DONE repeat=4 scope=internal_cv fold=5 base_epoch=44 dyn_epoch=44 base_val_bce=0.572317 high_order_val_bce=0.572317
TASK_DONE repeat=4 scope=internal_fold fold=5 method=baseline selected_encoder_epoch=44 test_auc=0.656461 test_bce=0.655060 elapsed_min=5.4
TASK_DONE repeat=4 scope=internal_fold fold=5 method=consensus_highorder_residual selected_encoder_epoch=44 test_auc=0.656461 test_bce=0.655060 elapsed_min=5.4
TASK_START repeat=4 scope=internal_cv fold=6 seed=100406 device=cuda:0 shared_encoder=Y
CHECKPOINT_BEST repeat=4 scope=internal_cv fold=6 phase=ssl epoch=1 path=/data/adodas/VarCoNet-V2-main/xiaolunwen/experiment3/checkpoints/worker_r4_best.pt
[repeat=4 fold=6] [epoch=1/50] ssl_loss=0.096691 lr=0.00002411 base_val_bce=0.652614 base_best=Y base_cls_epoch=13 epoch_sec=6.4 task_elapsed_min=0.1 gpu_alloc_gb=0.272 gpu_reserved_gb=1.539
[ssl_epoch=1/50] ssl_loss=0.096691 lr=0.00002411 base_val_bce=0.652614 base_best=Y base_cls_epoch=13 epoch_sec=6.4 elapsed_min=0.1 gpu_alloc_gb=0.272 gpu_reserved_gb=1.539
CHECKPOINT_BEST repeat=4 scope=internal_cv fold=6 phase=ssl epoch=2 path=/data/adodas/VarCoNet-V2-main/xiaolunwen/experiment3/checkpoints/worker_r4_best.pt
[repeat=4 fold=6] [epoch=2/50] ssl_loss=0.122163 lr=0.00003821 base_val_bce=0.652310 base_best=Y base_cls_epoch=14 epoch_sec=5.7 task_elapsed_min=0.2 gpu_alloc_gb=0.272 gpu_reserved_gb=1.539
[ssl_epoch=2/50] ssl_loss=0.122163 lr=0.00003821 base_val_bce=0.652310 base_best=Y base_cls_epoch=14 epoch_sec=5.7 elapsed_min=0.2 gpu_alloc_gb=0.272 gpu_reserved_gb=1.539
CHECKPOINT_BEST repeat=4 scope=internal_cv fold=6 phase=ssl epoch=3 path=/data/adodas/VarCoNet-V2-main/xiaolunwen/experiment3/checkpoints/worker_r4_best.pt
[repeat=4 fold=6] [epoch=3/50] ssl_loss=0.094247 lr=0.00005232 base_val_bce=0.651752 base_best=Y base_cls_epoch=11 epoch_sec=7.6 task_elapsed_min=0.3 gpu_alloc_gb=0.272 gpu_reserved_gb=1.539
[ssl_epoch=3/50] ssl_loss=0.094247 lr=0.00005232 base_val_bce=0.651752 base_best=Y base_cls_epoch=11 epoch_sec=7.6 elapsed_min=0.3 gpu_alloc_gb=0.272 gpu_reserved_gb=1.539
CHECKPOINT_BEST repeat=4 scope=internal_cv fold=6 phase=ssl epoch=4 path=/data/adodas/VarCoNet-V2-main/xiaolunwen/experiment3/checkpoints/worker_r4_best.pt
[repeat=4 fold=6] [epoch=4/50] ssl_loss=0.092281 lr=0.00006643 base_val_bce=0.648005 base_best=Y base_cls_epoch=11 epoch_sec=11.5 task_elapsed_min=0.5 gpu_alloc_gb=0.272 gpu_reserved_gb=1.539
[ssl_epoch=4/50] ssl_loss=0.092281 lr=0.00006643 base_val_bce=0.648005 base_best=Y base_cls_epoch=11 epoch_sec=11.5 elapsed_min=0.5 gpu_alloc_gb=0.272 gpu_reserved_gb=1.539
[repeat=4 fold=6] [epoch=5/50] ssl_loss=0.070066 lr=0.00008053 base_val_bce=0.659305 base_best=N base_cls_epoch=11 epoch_sec=11.1 task_elapsed_min=0.7 gpu_alloc_gb=0.272 gpu_reserved_gb=1.539
[ssl_epoch=5/50] ssl_loss=0.070066 lr=0.00008053 base_val_bce=0.659305 base_best=N base_cls_epoch=11 epoch_sec=11.1 elapsed_min=0.7 gpu_alloc_gb=0.272 gpu_reserved_gb=1.539
CHECKPOINT_BEST repeat=4 scope=internal_cv fold=6 phase=ssl epoch=6 path=/data/adodas/VarCoNet-V2-main/xiaolunwen/experiment3/checkpoints/worker_r4_best.pt
[repeat=4 fold=6] [epoch=6/50] ssl_loss=0.066115 lr=0.00009464 base_val_bce=0.644166 base_best=Y base_cls_epoch=12 epoch_sec=11.6 task_elapsed_min=0.9 gpu_alloc_gb=0.272 gpu_reserved_gb=1.539
[ssl_epoch=6/50] ssl_loss=0.066115 lr=0.00009464 base_val_bce=0.644166 base_best=Y base_cls_epoch=12 epoch_sec=11.6 elapsed_min=0.9 gpu_alloc_gb=0.272 gpu_reserved_gb=1.539
[repeat=4 fold=6] [epoch=7/50] ssl_loss=0.060593 lr=0.00010875 base_val_bce=0.648481 base_best=N base_cls_epoch=14 epoch_sec=10.7 task_elapsed_min=1.1 gpu_alloc_gb=0.272 gpu_reserved_gb=1.539
[ssl_epoch=7/50] ssl_loss=0.060593 lr=0.00010875 base_val_bce=0.648481 base_best=N base_cls_epoch=14 epoch_sec=10.7 elapsed_min=1.1 gpu_alloc_gb=0.272 gpu_reserved_gb=1.539
[repeat=4 fold=6] [epoch=8/50] ssl_loss=0.066359 lr=0.00012285 base_val_bce=0.651159 base_best=N base_cls_epoch=15 epoch_sec=10.5 task_elapsed_min=1.3 gpu_alloc_gb=0.272 gpu_reserved_gb=1.539
[ssl_epoch=8/50] ssl_loss=0.066359 lr=0.00012285 base_val_bce=0.651159 base_best=N base_cls_epoch=15 epoch_sec=10.5 elapsed_min=1.3 gpu_alloc_gb=0.272 gpu_reserved_gb=1.539
[repeat=4 fold=6] [epoch=9/50] ssl_loss=0.058561 lr=0.00013696 base_val_bce=0.649812 base_best=N base_cls_epoch=17 epoch_sec=11.4 task_elapsed_min=1.4 gpu_alloc_gb=0.272 gpu_reserved_gb=1.539
[ssl_epoch=9/50] ssl_loss=0.058561 lr=0.00013696 base_val_bce=0.649812 base_best=N base_cls_epoch=17 epoch_sec=11.4 elapsed_min=1.4 gpu_alloc_gb=0.272 gpu_reserved_gb=1.539
CHECKPOINT_LATEST repeat=4 scope=internal_cv fold=6 phase=ssl epoch=10 path=/data/adodas/VarCoNet-V2-main/xiaolunwen/experiment3/checkpoints/worker_r4_latest.pt
[repeat=4 fold=6] [epoch=10/50] ssl_loss=0.066500 lr=0.00013696 base_val_bce=0.650475 base_best=N base_cls_epoch=15 epoch_sec=11.7 task_elapsed_min=1.6 gpu_alloc_gb=0.272 gpu_reserved_gb=1.539
[ssl_epoch=10/50] ssl_loss=0.066500 lr=0.00013696 base_val_bce=0.650475 base_best=N base_cls_epoch=15 epoch_sec=11.7 elapsed_min=1.6 gpu_alloc_gb=0.272 gpu_reserved_gb=1.539
[repeat=4 fold=6] [epoch=11/50] ssl_loss=0.064254 lr=0.00013675 base_val_bce=0.652004 base_best=N base_cls_epoch=17 epoch_sec=7.3 task_elapsed_min=1.8 gpu_alloc_gb=0.272 gpu_reserved_gb=1.539
[ssl_epoch=11/50] ssl_loss=0.064254 lr=0.00013675 base_val_bce=0.652004 base_best=N base_cls_epoch=17 epoch_sec=7.3 elapsed_min=1.8 gpu_alloc_gb=0.272 gpu_reserved_gb=1.539
[repeat=4 fold=6] [epoch=12/50] ssl_loss=0.049361 lr=0.00013612 base_val_bce=0.656240 base_best=N base_cls_epoch=18 epoch_sec=5.5 task_elapsed_min=1.9 gpu_alloc_gb=0.272 gpu_reserved_gb=1.539
[ssl_epoch=12/50] ssl_loss=0.049361 lr=0.00013612 base_val_bce=0.656240 base_best=N base_cls_epoch=18 epoch_sec=5.5 elapsed_min=1.9 gpu_alloc_gb=0.272 gpu_reserved_gb=1.539
[repeat=4 fold=6] [epoch=13/50] ssl_loss=0.054018 lr=0.00013507 base_val_bce=0.654284 base_best=N base_cls_epoch=18 epoch_sec=5.5 task_elapsed_min=1.9 gpu_alloc_gb=0.272 gpu_reserved_gb=1.539
[ssl_epoch=13/50] ssl_loss=0.054018 lr=0.00013507 base_val_bce=0.654284 base_best=N base_cls_epoch=18 epoch_sec=5.5 elapsed_min=1.9 gpu_alloc_gb=0.272 gpu_reserved_gb=1.539
[repeat=4 fold=6] [epoch=14/50] ssl_loss=0.055628 lr=0.00013361 base_val_bce=0.658394 base_best=N base_cls_epoch=15 epoch_sec=5.6 task_elapsed_min=2.0 gpu_alloc_gb=0.272 gpu_reserved_gb=1.539
[ssl_epoch=14/50] ssl_loss=0.055628 lr=0.00013361 base_val_bce=0.658394 base_best=N base_cls_epoch=15 epoch_sec=5.8 elapsed_min=2.0 gpu_alloc_gb=0.272 gpu_reserved_gb=1.539
[repeat=4 fold=6] [epoch=15/50] ssl_loss=0.056537 lr=0.00013175 base_val_bce=0.646827 base_best=N base_cls_epoch=18 epoch_sec=5.2 task_elapsed_min=2.1 gpu_alloc_gb=0.272 gpu_reserved_gb=1.539
[ssl_epoch=15/50] ssl_loss=0.056537 lr=0.00013175 base_val_bce=0.646827 base_best=N base_cls_epoch=18 epoch_sec=5.2 elapsed_min=2.1 gpu_alloc_gb=0.272 gpu_reserved_gb=1.539
[repeat=4 fold=6] [epoch=16/50] ssl_loss=0.053542 lr=0.00012950 base_val_bce=0.659402 base_best=N base_cls_epoch=15 epoch_sec=5.3 task_elapsed_min=2.2 gpu_alloc_gb=0.272 gpu_reserved_gb=1.539
[ssl_epoch=16/50] ssl_loss=0.053542 lr=0.00012950 base_val_bce=0.659402 base_best=N base_cls_epoch=15 epoch_sec=5.3 elapsed_min=2.2 gpu_alloc_gb=0.272 gpu_reserved_gb=1.539
[repeat=4 fold=6] [epoch=17/50] ssl_loss=0.047252 lr=0.00012687 base_val_bce=0.657051 base_best=N base_cls_epoch=15 epoch_sec=5.4 task_elapsed_min=2.3 gpu_alloc_gb=0.272 gpu_reserved_gb=1.539
[ssl_epoch=17/50] ssl_loss=0.047252 lr=0.00012687 base_val_bce=0.657051 base_best=N base_cls_epoch=15 epoch_sec=5.4 elapsed_min=2.3 gpu_alloc_gb=0.272 gpu_reserved_gb=1.539
[repeat=4 fold=6] [epoch=18/50] ssl_loss=0.044082 lr=0.00012388 base_val_bce=0.659158 base_best=N base_cls_epoch=16 epoch_sec=5.4 task_elapsed_min=2.4 gpu_alloc_gb=0.272 gpu_reserved_gb=1.539
[ssl_epoch=18/50] ssl_loss=0.044082 lr=0.00012388 base_val_bce=0.659158 base_best=N base_cls_epoch=16 epoch_sec=5.4 elapsed_min=2.4 gpu_alloc_gb=0.272 gpu_reserved_gb=1.539
[repeat=4 fold=6] [epoch=19/50] ssl_loss=0.049865 lr=0.00012055 base_val_bce=0.648652 base_best=N base_cls_epoch=18 epoch_sec=5.2 task_elapsed_min=2.5 gpu_alloc_gb=0.272 gpu_reserved_gb=1.539
[ssl_epoch=19/50] ssl_loss=0.049865 lr=0.00012055 base_val_bce=0.648652 base_best=N base_cls_epoch=18 epoch_sec=5.2 elapsed_min=2.5 gpu_alloc_gb=0.272 gpu_reserved_gb=1.539
CHECKPOINT_LATEST repeat=4 scope=internal_cv fold=6 phase=ssl epoch=20 path=/data/adodas/VarCoNet-V2-main/xiaolunwen/experiment3/checkpoints/worker_r4_latest.pt
[repeat=4 fold=6] [epoch=20/50] ssl_loss=0.047095 lr=0.00011690 base_val_bce=0.649900 base_best=N base_cls_epoch=19 epoch_sec=5.9 task_elapsed_min=2.6 gpu_alloc_gb=0.272 gpu_reserved_gb=1.539
[ssl_epoch=20/50] ssl_loss=0.047095 lr=0.00011690 base_val_bce=0.649900 base_best=N base_cls_epoch=19 epoch_sec=5.9 elapsed_min=2.6 gpu_alloc_gb=0.272 gpu_reserved_gb=1.539
[repeat=4 fold=6] [epoch=21/50] ssl_loss=0.044330 lr=0.00011296 base_val_bce=0.650838 base_best=N base_cls_epoch=19 epoch_sec=5.3 task_elapsed_min=2.7 gpu_alloc_gb=0.272 gpu_reserved_gb=1.539
[ssl_epoch=21/50] ssl_loss=0.044330 lr=0.00011296 base_val_bce=0.650838 base_best=N base_cls_epoch=19 epoch_sec=5.4 elapsed_min=2.7 gpu_alloc_gb=0.272 gpu_reserved_gb=1.539
[repeat=4 fold=6] [epoch=22/50] ssl_loss=0.042468 lr=0.00010873 base_val_bce=0.658206 base_best=N base_cls_epoch=18 epoch_sec=5.8 task_elapsed_min=2.8 gpu_alloc_gb=0.272 gpu_reserved_gb=1.539
[ssl_epoch=22/50] ssl_loss=0.042468 lr=0.00010873 base_val_bce=0.658206 base_best=N base_cls_epoch=18 epoch_sec=5.8 elapsed_min=2.8 gpu_alloc_gb=0.272 gpu_reserved_gb=1.539
[repeat=4 fold=6] [epoch=23/50] ssl_loss=0.055262 lr=0.00010426 base_val_bce=0.648401 base_best=N base_cls_epoch=20 epoch_sec=5.9 task_elapsed_min=2.9 gpu_alloc_gb=0.272 gpu_reserved_gb=1.539
[ssl_epoch=23/50] ssl_loss=0.055262 lr=0.00010426 base_val_bce=0.648401 base_best=N base_cls_epoch=20 epoch_sec=6.0 elapsed_min=2.9 gpu_alloc_gb=0.272 gpu_reserved_gb=1.539
[repeat=4 fold=6] [epoch=24/50] ssl_loss=0.033609 lr=0.00009957 base_val_bce=0.653369 base_best=N base_cls_epoch=18 epoch_sec=5.6 task_elapsed_min=3.0 gpu_alloc_gb=0.272 gpu_reserved_gb=1.539
[ssl_epoch=24/50] ssl_loss=0.033609 lr=0.00009957 base_val_bce=0.653369 base_best=N base_cls_epoch=18 epoch_sec=5.6 elapsed_min=3.0 gpu_alloc_gb=0.272 gpu_reserved_gb=1.539
[repeat=4 fold=6] [epoch=25/50] ssl_loss=0.051205 lr=0.00009469 base_val_bce=0.657727 base_best=N base_cls_epoch=19 epoch_sec=5.6 task_elapsed_min=3.1 gpu_alloc_gb=0.272 gpu_reserved_gb=1.539
[ssl_epoch=25/50] ssl_loss=0.051205 lr=0.00009469 base_val_bce=0.657727 base_best=N base_cls_epoch=19 epoch_sec=5.6 elapsed_min=3.1 gpu_alloc_gb=0.272 gpu_reserved_gb=1.539
[repeat=4 fold=6] [epoch=26/50] ssl_loss=0.042377 lr=0.00008964 base_val_bce=0.653195 base_best=N base_cls_epoch=21 epoch_sec=5.5 task_elapsed_min=3.2 gpu_alloc_gb=0.272 gpu_reserved_gb=1.539
[ssl_epoch=26/50] ssl_loss=0.042377 lr=0.00008964 base_val_bce=0.653195 base_best=N base_cls_epoch=21 epoch_sec=5.5 elapsed_min=3.2 gpu_alloc_gb=0.272 gpu_reserved_gb=1.539
[repeat=4 fold=6] [epoch=27/50] ssl_loss=0.045821 lr=0.00008447 base_val_bce=0.655981 base_best=N base_cls_epoch=24 epoch_sec=5.9 task_elapsed_min=3.2 gpu_alloc_gb=0.272 gpu_reserved_gb=1.539
[ssl_epoch=27/50] ssl_loss=0.045821 lr=0.00008447 base_val_bce=0.655981 base_best=N base_cls_epoch=24 epoch_sec=5.9 elapsed_min=3.2 gpu_alloc_gb=0.272 gpu_reserved_gb=1.539
[repeat=4 fold=6] [epoch=28/50] ssl_loss=0.047989 lr=0.00007919 base_val_bce=0.660893 base_best=N base_cls_epoch=22 epoch_sec=5.1 task_elapsed_min=3.3 gpu_alloc_gb=0.272 gpu_reserved_gb=1.539
[ssl_epoch=28/50] ssl_loss=0.047989 lr=0.00007919 base_val_bce=0.660893 base_best=N base_cls_epoch=22 epoch_sec=5.3 elapsed_min=3.3 gpu_alloc_gb=0.272 gpu_reserved_gb=1.539
[repeat=4 fold=6] [epoch=29/50] ssl_loss=0.049257 lr=0.00007385 base_val_bce=0.656157 base_best=N base_cls_epoch=22 epoch_sec=6.3 task_elapsed_min=3.4 gpu_alloc_gb=0.272 gpu_reserved_gb=1.539
[ssl_epoch=29/50] ssl_loss=0.049257 lr=0.00007385 base_val_bce=0.656157 base_best=N base_cls_epoch=22 epoch_sec=6.5 elapsed_min=3.4 gpu_alloc_gb=0.272 gpu_reserved_gb=1.539
CHECKPOINT_LATEST repeat=4 scope=internal_cv fold=6 phase=ssl epoch=30 path=/data/adodas/VarCoNet-V2-main/xiaolunwen/experiment3/checkpoints/worker_r4_latest.pt
[repeat=4 fold=6] [epoch=30/50] ssl_loss=0.051368 lr=0.00006848 base_val_bce=0.646140 base_best=N base_cls_epoch=20 epoch_sec=12.5 task_elapsed_min=3.5 gpu_alloc_gb=0.272 gpu_reserved_gb=1.539
[ssl_epoch=30/50] ssl_loss=0.051368 lr=0.00006848 base_val_bce=0.646140 base_best=N base_cls_epoch=20 epoch_sec=12.5 elapsed_min=3.5 gpu_alloc_gb=0.272 gpu_reserved_gb=1.539
[repeat=4 fold=6] [epoch=31/50] ssl_loss=0.046046 lr=0.00006311 base_val_bce=0.664358 base_best=N base_cls_epoch=21 epoch_sec=5.4 task_elapsed_min=3.7 gpu_alloc_gb=0.272 gpu_reserved_gb=1.539
[ssl_epoch=31/50] ssl_loss=0.046046 lr=0.00006311 base_val_bce=0.664358 base_best=N base_cls_epoch=21 epoch_sec=5.4 elapsed_min=3.7 gpu_alloc_gb=0.272 gpu_reserved_gb=1.539
[repeat=4 fold=6] [epoch=32/50] ssl_loss=0.043177 lr=0.00005777 base_val_bce=0.648010 base_best=N base_cls_epoch=19 epoch_sec=5.1 task_elapsed_min=3.8 gpu_alloc_gb=0.272 gpu_reserved_gb=1.539
[ssl_epoch=32/50] ssl_loss=0.043177 lr=0.00005777 base_val_bce=0.648010 base_best=N base_cls_epoch=19 epoch_sec=5.1 elapsed_min=3.8 gpu_alloc_gb=0.272 gpu_reserved_gb=1.539
[repeat=4 fold=6] [epoch=33/50] ssl_loss=0.034198 lr=0.00005249 base_val_bce=0.664367 base_best=N base_cls_epoch=18 epoch_sec=5.4 task_elapsed_min=3.9 gpu_alloc_gb=0.272 gpu_reserved_gb=1.539
[ssl_epoch=33/50] ssl_loss=0.034198 lr=0.00005249 base_val_bce=0.664367 base_best=N base_cls_epoch=18 epoch_sec=5.5 elapsed_min=3.9 gpu_alloc_gb=0.272 gpu_reserved_gb=1.539
[repeat=4 fold=6] [epoch=34/50] ssl_loss=0.053548 lr=0.00004732 base_val_bce=0.652683 base_best=N base_cls_epoch=27 epoch_sec=4.7 task_elapsed_min=4.0 gpu_alloc_gb=0.272 gpu_reserved_gb=1.539
[ssl_epoch=34/50] ssl_loss=0.053548 lr=0.00004732 base_val_bce=0.652683 base_best=N base_cls_epoch=27 epoch_sec=4.8 elapsed_min=4.0 gpu_alloc_gb=0.272 gpu_reserved_gb=1.539
[repeat=4 fold=6] [epoch=35/50] ssl_loss=0.044016 lr=0.00004227 base_val_bce=0.656172 base_best=N base_cls_epoch=20 epoch_sec=4.7 task_elapsed_min=4.1 gpu_alloc_gb=0.272 gpu_reserved_gb=1.539
[ssl_epoch=35/50] ssl_loss=0.044016 lr=0.00004227 base_val_bce=0.656172 base_best=N base_cls_epoch=20 epoch_sec=4.9 elapsed_min=4.1 gpu_alloc_gb=0.272 gpu_reserved_gb=1.539
[repeat=4 fold=6] [epoch=36/50] ssl_loss=0.038250 lr=0.00003739 base_val_bce=0.654525 base_best=N base_cls_epoch=20 epoch_sec=4.2 task_elapsed_min=4.2 gpu_alloc_gb=0.272 gpu_reserved_gb=1.539
[ssl_epoch=36/50] ssl_loss=0.038250 lr=0.00003739 base_val_bce=0.654525 base_best=N base_cls_epoch=20 epoch_sec=4.3 elapsed_min=4.2 gpu_alloc_gb=0.272 gpu_reserved_gb=1.539
[repeat=4 fold=6] [epoch=37/50] ssl_loss=0.028740 lr=0.00003270 base_val_bce=0.648708 base_best=N base_cls_epoch=20 epoch_sec=3.9 task_elapsed_min=4.2 gpu_alloc_gb=0.272 gpu_reserved_gb=1.539
[ssl_epoch=37/50] ssl_loss=0.028740 lr=0.00003270 base_val_bce=0.648708 base_best=N base_cls_epoch=20 epoch_sec=4.2 elapsed_min=4.2 gpu_alloc_gb=0.272 gpu_reserved_gb=1.539
[repeat=4 fold=6] [epoch=38/50] ssl_loss=0.039654 lr=0.00002823 base_val_bce=0.654578 base_best=N base_cls_epoch=20 epoch_sec=4.1 task_elapsed_min=4.3 gpu_alloc_gb=0.272 gpu_reserved_gb=1.539
[ssl_epoch=38/50] ssl_loss=0.039654 lr=0.00002823 base_val_bce=0.654578 base_best=N base_cls_epoch=20 epoch_sec=4.2 elapsed_min=4.3 gpu_alloc_gb=0.272 gpu_reserved_gb=1.539
[repeat=4 fold=6] [epoch=39/50] ssl_loss=0.046773 lr=0.00002401 base_val_bce=0.650742 base_best=N base_cls_epoch=23 epoch_sec=4.4 task_elapsed_min=4.4 gpu_alloc_gb=0.272 gpu_reserved_gb=1.539
[ssl_epoch=39/50] ssl_loss=0.046773 lr=0.00002401 base_val_bce=0.650742 base_best=N base_cls_epoch=23 epoch_sec=4.5 elapsed_min=4.4 gpu_alloc_gb=0.272 gpu_reserved_gb=1.539
CHECKPOINT_LATEST repeat=4 scope=internal_cv fold=6 phase=ssl epoch=40 path=/data/adodas/VarCoNet-V2-main/xiaolunwen/experiment3/checkpoints/worker_r4_latest.pt
[repeat=4 fold=6] [epoch=40/50] ssl_loss=0.034996 lr=0.00002006 base_val_bce=0.653501 base_best=N base_cls_epoch=24 epoch_sec=4.7 task_elapsed_min=4.4 gpu_alloc_gb=0.272 gpu_reserved_gb=1.539
[ssl_epoch=40/50] ssl_loss=0.034996 lr=0.00002006 base_val_bce=0.653501 base_best=N base_cls_epoch=24 epoch_sec=4.7 elapsed_min=4.4 gpu_alloc_gb=0.272 gpu_reserved_gb=1.539
[repeat=4 fold=6] [epoch=41/50] ssl_loss=0.037279 lr=0.00001641 base_val_bce=0.653079 base_best=N base_cls_epoch=21 epoch_sec=5.5 task_elapsed_min=4.5 gpu_alloc_gb=0.272 gpu_reserved_gb=1.539
[ssl_epoch=41/50] ssl_loss=0.037279 lr=0.00001641 base_val_bce=0.653079 base_best=N base_cls_epoch=21 epoch_sec=5.5 elapsed_min=4.5 gpu_alloc_gb=0.272 gpu_reserved_gb=1.539
[repeat=4 fold=6] [epoch=42/50] ssl_loss=0.039597 lr=0.00001308 base_val_bce=0.645536 base_best=N base_cls_epoch=26 epoch_sec=4.6 task_elapsed_min=4.6 gpu_alloc_gb=0.272 gpu_reserved_gb=1.539
[ssl_epoch=42/50] ssl_loss=0.039597 lr=0.00001308 base_val_bce=0.645536 base_best=N base_cls_epoch=26 epoch_sec=4.7 elapsed_min=4.6 gpu_alloc_gb=0.272 gpu_reserved_gb=1.539
[repeat=4 fold=6] [epoch=43/50] ssl_loss=0.042220 lr=0.00001009 base_val_bce=0.660734 base_best=N base_cls_epoch=19 epoch_sec=5.4 task_elapsed_min=4.7 gpu_alloc_gb=0.272 gpu_reserved_gb=1.539
[ssl_epoch=43/50] ssl_loss=0.042220 lr=0.00001009 base_val_bce=0.660734 base_best=N base_cls_epoch=19 epoch_sec=5.4 elapsed_min=4.7 gpu_alloc_gb=0.272 gpu_reserved_gb=1.539
[repeat=4 fold=6] [epoch=44/50] ssl_loss=0.026554 lr=0.00000746 base_val_bce=0.657241 base_best=N base_cls_epoch=23 epoch_sec=6.0 task_elapsed_min=4.8 gpu_alloc_gb=0.272 gpu_reserved_gb=1.539
[ssl_epoch=44/50] ssl_loss=0.026554 lr=0.00000746 base_val_bce=0.657241 base_best=N base_cls_epoch=23 epoch_sec=6.0 elapsed_min=4.8 gpu_alloc_gb=0.272 gpu_reserved_gb=1.539
[repeat=4 fold=6] [epoch=45/50] ssl_loss=0.038620 lr=0.00000521 base_val_bce=0.664194 base_best=N base_cls_epoch=26 epoch_sec=5.6 task_elapsed_min=4.9 gpu_alloc_gb=0.272 gpu_reserved_gb=1.539
[ssl_epoch=45/50] ssl_loss=0.038620 lr=0.00000521 base_val_bce=0.664194 base_best=N base_cls_epoch=26 epoch_sec=5.6 elapsed_min=4.9 gpu_alloc_gb=0.272 gpu_reserved_gb=1.539
[repeat=4 fold=6] [epoch=46/50] ssl_loss=0.037406 lr=0.00000335 base_val_bce=0.658977 base_best=N base_cls_epoch=26 epoch_sec=5.7 task_elapsed_min=5.0 gpu_alloc_gb=0.272 gpu_reserved_gb=1.539
[ssl_epoch=46/50] ssl_loss=0.037406 lr=0.00000335 base_val_bce=0.658977 base_best=N base_cls_epoch=26 epoch_sec=5.7 elapsed_min=5.0 gpu_alloc_gb=0.272 gpu_reserved_gb=1.539
CHECKPOINT_BEST repeat=4 scope=internal_cv fold=6 phase=ssl epoch=47 path=/data/adodas/VarCoNet-V2-main/xiaolunwen/experiment3/checkpoints/worker_r4_best.pt
[repeat=4 fold=6] [epoch=47/50] ssl_loss=0.038678 lr=0.00000189 base_val_bce=0.641142 base_best=Y base_cls_epoch=23 epoch_sec=5.9 task_elapsed_min=5.1 gpu_alloc_gb=0.272 gpu_reserved_gb=1.539
[ssl_epoch=47/50] ssl_loss=0.038678 lr=0.00000189 base_val_bce=0.641142 base_best=Y base_cls_epoch=23 epoch_sec=5.9 elapsed_min=5.1 gpu_alloc_gb=0.272 gpu_reserved_gb=1.539
[repeat=4 fold=6] [epoch=48/50] ssl_loss=0.038931 lr=0.00000084 base_val_bce=0.645615 base_best=N base_cls_epoch=26 epoch_sec=5.4 task_elapsed_min=5.2 gpu_alloc_gb=0.272 gpu_reserved_gb=1.539
[ssl_epoch=48/50] ssl_loss=0.038931 lr=0.00000084 base_val_bce=0.645615 base_best=N base_cls_epoch=26 epoch_sec=5.6 elapsed_min=5.2 gpu_alloc_gb=0.272 gpu_reserved_gb=1.539
[repeat=4 fold=6] [epoch=49/50] ssl_loss=0.032890 lr=0.00000021 base_val_bce=0.642334 base_best=N base_cls_epoch=27 epoch_sec=5.5 task_elapsed_min=5.3 gpu_alloc_gb=0.272 gpu_reserved_gb=1.539
[ssl_epoch=49/50] ssl_loss=0.032890 lr=0.00000021 base_val_bce=0.642334 base_best=N base_cls_epoch=27 epoch_sec=5.5 elapsed_min=5.3 gpu_alloc_gb=0.272 gpu_reserved_gb=1.539
CHECKPOINT_LATEST repeat=4 scope=internal_cv fold=6 phase=ssl epoch=50 path=/data/adodas/VarCoNet-V2-main/xiaolunwen/experiment3/checkpoints/worker_r4_latest.pt
[repeat=4 fold=6] [epoch=50/50] ssl_loss=0.043173 lr=0.00000000 base_val_bce=0.653455 base_best=N base_cls_epoch=21 epoch_sec=6.7 task_elapsed_min=5.4 gpu_alloc_gb=0.272 gpu_reserved_gb=1.539
[ssl_epoch=50/50] ssl_loss=0.043173 lr=0.00000000 base_val_bce=0.653455 base_best=N base_cls_epoch=21 epoch_sec=6.7 elapsed_min=5.4 gpu_alloc_gb=0.272 gpu_reserved_gb=1.539
[MODULE_DISCOVERY] repeat=4 fold=6 n_unique_subjects=674 n_modules=32 module_size_min=3 module_size_mean=12.000 module_size_max=25 singleton_modules=0 meta_dim=528 empty_meta_bins=0 affinity_mean=0.16881442 affinity_std=0.04253620 affinity_max=0.93841952 elapsed_sec=0.06
[HIGH_ORDER_RESIDUAL] repeat=4 fold=6 epoch=0 train_bce=NA val_bce=0.641142 best=Y best_epoch=0 head_l2=0.000000 elapsed_sec=324.76
CHECKPOINT_BEST repeat=4 scope=internal_cv fold=6 phase=high_order_residual epoch=0 path=/data/adodas/VarCoNet-V2-main/xiaolunwen/experiment3/checkpoints/worker_r4_best.pt
CHECKPOINT_LATEST repeat=4 scope=internal_cv fold=6 phase=high_order_residual epoch=10 path=/data/adodas/VarCoNet-V2-main/xiaolunwen/experiment3/checkpoints/worker_r4_latest.pt
[HIGH_ORDER_RESIDUAL] repeat=4 fold=6 epoch=10/149 train_bce=0.353631 val_bce=0.641493 best=N best_epoch=0 head_l2=0.011425 elapsed_sec=0.39
CHECKPOINT_LATEST repeat=4 scope=internal_cv fold=6 phase=high_order_residual epoch=20 path=/data/adodas/VarCoNet-V2-main/xiaolunwen/experiment3/checkpoints/worker_r4_latest.pt
[HIGH_ORDER_RESIDUAL] repeat=4 fold=6 epoch=20/149 train_bce=0.351642 val_bce=0.641833 best=N best_epoch=0 head_l2=0.022667 elapsed_sec=0.67
CHECKPOINT_LATEST repeat=4 scope=internal_cv fold=6 phase=high_order_residual epoch=30 path=/data/adodas/VarCoNet-V2-main/xiaolunwen/experiment3/checkpoints/worker_r4_latest.pt
[HIGH_ORDER_RESIDUAL] repeat=4 fold=6 epoch=30/149 train_bce=0.349707 val_bce=0.642203 best=N best_epoch=0 head_l2=0.033680 elapsed_sec=0.48
CHECKPOINT_LATEST repeat=4 scope=internal_cv fold=6 phase=high_order_residual epoch=40 path=/data/adodas/VarCoNet-V2-main/xiaolunwen/experiment3/checkpoints/worker_r4_latest.pt
[HIGH_ORDER_RESIDUAL] repeat=4 fold=6 epoch=40/149 train_bce=0.347824 val_bce=0.642592 best=N best_epoch=0 head_l2=0.044521 elapsed_sec=0.21
CHECKPOINT_LATEST repeat=4 scope=internal_cv fold=6 phase=high_order_residual epoch=50 path=/data/adodas/VarCoNet-V2-main/xiaolunwen/experiment3/checkpoints/worker_r4_latest.pt
[HIGH_ORDER_RESIDUAL] repeat=4 fold=6 epoch=50/149 train_bce=0.345989 val_bce=0.642992 best=N best_epoch=0 head_l2=0.055220 elapsed_sec=0.43
CHECKPOINT_LATEST repeat=4 scope=internal_cv fold=6 phase=high_order_residual epoch=60 path=/data/adodas/VarCoNet-V2-main/xiaolunwen/experiment3/checkpoints/worker_r4_latest.pt
[HIGH_ORDER_RESIDUAL] repeat=4 fold=6 epoch=60/149 train_bce=0.344202 val_bce=0.643401 best=N best_epoch=0 head_l2=0.065786 elapsed_sec=0.78
CHECKPOINT_LATEST repeat=4 scope=internal_cv fold=6 phase=high_order_residual epoch=70 path=/data/adodas/VarCoNet-V2-main/xiaolunwen/experiment3/checkpoints/worker_r4_latest.pt
[HIGH_ORDER_RESIDUAL] repeat=4 fold=6 epoch=70/149 train_bce=0.342457 val_bce=0.643820 best=N best_epoch=0 head_l2=0.076226 elapsed_sec=0.32
CHECKPOINT_LATEST repeat=4 scope=internal_cv fold=6 phase=high_order_residual epoch=80 path=/data/adodas/VarCoNet-V2-main/xiaolunwen/experiment3/checkpoints/worker_r4_latest.pt
[HIGH_ORDER_RESIDUAL] repeat=4 fold=6 epoch=80/149 train_bce=0.340753 val_bce=0.644250 best=N best_epoch=0 head_l2=0.086554 elapsed_sec=0.19
CHECKPOINT_LATEST repeat=4 scope=internal_cv fold=6 phase=high_order_residual epoch=90 path=/data/adodas/VarCoNet-V2-main/xiaolunwen/experiment3/checkpoints/worker_r4_latest.pt
[HIGH_ORDER_RESIDUAL] repeat=4 fold=6 epoch=90/149 train_bce=0.339088 val_bce=0.644690 best=N best_epoch=0 head_l2=0.096782 elapsed_sec=0.54
CHECKPOINT_LATEST repeat=4 scope=internal_cv fold=6 phase=high_order_residual epoch=100 path=/data/adodas/VarCoNet-V2-main/xiaolunwen/experiment3/checkpoints/worker_r4_latest.pt
[HIGH_ORDER_RESIDUAL] repeat=4 fold=6 epoch=100/149 train_bce=0.337460 val_bce=0.645138 best=N best_epoch=0 head_l2=0.106916 elapsed_sec=0.19
CHECKPOINT_LATEST repeat=4 scope=internal_cv fold=6 phase=high_order_residual epoch=110 path=/data/adodas/VarCoNet-V2-main/xiaolunwen/experiment3/checkpoints/worker_r4_latest.pt
[HIGH_ORDER_RESIDUAL] repeat=4 fold=6 epoch=110/149 train_bce=0.335866 val_bce=0.645595 best=N best_epoch=0 head_l2=0.116962 elapsed_sec=0.19
CHECKPOINT_LATEST repeat=4 scope=internal_cv fold=6 phase=high_order_residual epoch=120 path=/data/adodas/VarCoNet-V2-main/xiaolunwen/experiment3/checkpoints/worker_r4_latest.pt
[HIGH_ORDER_RESIDUAL] repeat=4 fold=6 epoch=120/149 train_bce=0.334305 val_bce=0.646060 best=N best_epoch=0 head_l2=0.126923 elapsed_sec=0.29
CHECKPOINT_LATEST repeat=4 scope=internal_cv fold=6 phase=high_order_residual epoch=130 path=/data/adodas/VarCoNet-V2-main/xiaolunwen/experiment3/checkpoints/worker_r4_latest.pt
[HIGH_ORDER_RESIDUAL] repeat=4 fold=6 epoch=130/149 train_bce=0.332776 val_bce=0.646533 best=N best_epoch=0 head_l2=0.136802 elapsed_sec=0.21
CHECKPOINT_LATEST repeat=4 scope=internal_cv fold=6 phase=high_order_residual epoch=140 path=/data/adodas/VarCoNet-V2-main/xiaolunwen/experiment3/checkpoints/worker_r4_latest.pt
[HIGH_ORDER_RESIDUAL] repeat=4 fold=6 epoch=140/149 train_bce=0.331278 val_bce=0.647015 best=N best_epoch=0 head_l2=0.146600 elapsed_sec=0.17
RESIDUAL_DONE repeat=4 scope=internal_cv fold=6 selected_encoder_epoch=47 selected_classifier_epoch=23 selected_residual_epoch=0 val_bce=0.641142
TASK_TRAINING_DONE repeat=4 scope=internal_cv fold=6 base_epoch=47 dyn_epoch=47 base_val_bce=0.641142 high_order_val_bce=0.641142
TASK_DONE repeat=4 scope=internal_fold fold=6 method=baseline selected_encoder_epoch=47 test_auc=0.766995 test_bce=0.576813 elapsed_min=5.5
TASK_DONE repeat=4 scope=internal_fold fold=6 method=consensus_highorder_residual selected_encoder_epoch=47 test_auc=0.766995 test_bce=0.576813 elapsed_min=5.5
TASK_START repeat=4 scope=internal_cv fold=7 seed=100407 device=cuda:0 shared_encoder=Y
CHECKPOINT_BEST repeat=4 scope=internal_cv fold=7 phase=ssl epoch=1 path=/data/adodas/VarCoNet-V2-main/xiaolunwen/experiment3/checkpoints/worker_r4_best.pt
[repeat=4 fold=7] [epoch=1/50] ssl_loss=0.077161 lr=0.00002411 base_val_bce=0.644176 base_best=Y base_cls_epoch=22 epoch_sec=5.5 task_elapsed_min=0.1 gpu_alloc_gb=0.272 gpu_reserved_gb=1.539
[ssl_epoch=1/50] ssl_loss=0.077161 lr=0.00002411 base_val_bce=0.644176 base_best=Y base_cls_epoch=22 epoch_sec=5.5 elapsed_min=0.1 gpu_alloc_gb=0.272 gpu_reserved_gb=1.539
CHECKPOINT_BEST repeat=4 scope=internal_cv fold=7 phase=ssl epoch=2 path=/data/adodas/VarCoNet-V2-main/xiaolunwen/experiment3/checkpoints/worker_r4_best.pt
[repeat=4 fold=7] [epoch=2/50] ssl_loss=0.096550 lr=0.00003821 base_val_bce=0.642379 base_best=Y base_cls_epoch=20 epoch_sec=5.7 task_elapsed_min=0.2 gpu_alloc_gb=0.272 gpu_reserved_gb=1.539
[ssl_epoch=2/50] ssl_loss=0.096550 lr=0.00003821 base_val_bce=0.642379 base_best=Y base_cls_epoch=20 epoch_sec=5.7 elapsed_min=0.2 gpu_alloc_gb=0.272 gpu_reserved_gb=1.539
[repeat=4 fold=7] [epoch=3/50] ssl_loss=0.095811 lr=0.00005232 base_val_bce=0.650590 base_best=N base_cls_epoch=20 epoch_sec=4.9 task_elapsed_min=0.3 gpu_alloc_gb=0.272 gpu_reserved_gb=1.539
[ssl_epoch=3/50] ssl_loss=0.095811 lr=0.00005232 base_val_bce=0.650590 base_best=N base_cls_epoch=20 epoch_sec=4.9 elapsed_min=0.3 gpu_alloc_gb=0.272 gpu_reserved_gb=1.539
[repeat=4 fold=7] [epoch=4/50] ssl_loss=0.090723 lr=0.00006643 base_val_bce=0.652632 base_best=N base_cls_epoch=18 epoch_sec=5.0 task_elapsed_min=0.4 gpu_alloc_gb=0.272 gpu_reserved_gb=1.539
[ssl_epoch=4/50] ssl_loss=0.090723 lr=0.00006643 base_val_bce=0.652632 base_best=N base_cls_epoch=18 epoch_sec=5.0 elapsed_min=0.4 gpu_alloc_gb=0.272 gpu_reserved_gb=1.539
[repeat=4 fold=7] [epoch=5/50] ssl_loss=0.079528 lr=0.00008053 base_val_bce=0.651279 base_best=N base_cls_epoch=15 epoch_sec=4.6 task_elapsed_min=0.4 gpu_alloc_gb=0.272 gpu_reserved_gb=1.539
[ssl_epoch=5/50] ssl_loss=0.079528 lr=0.00008053 base_val_bce=0.651279 base_best=N base_cls_epoch=15 epoch_sec=4.6 elapsed_min=0.4 gpu_alloc_gb=0.272 gpu_reserved_gb=1.539
[repeat=4 fold=7] [epoch=6/50] ssl_loss=0.082623 lr=0.00009464 base_val_bce=0.650581 base_best=N base_cls_epoch=18 epoch_sec=4.9 task_elapsed_min=0.5 gpu_alloc_gb=0.272 gpu_reserved_gb=1.539
[ssl_epoch=6/50] ssl_loss=0.082623 lr=0.00009464 base_val_bce=0.650581 base_best=N base_cls_epoch=18 epoch_sec=5.0 elapsed_min=0.5 gpu_alloc_gb=0.272 gpu_reserved_gb=1.539
[repeat=4 fold=7] [epoch=7/50] ssl_loss=0.072933 lr=0.00010875 base_val_bce=0.649656 base_best=N base_cls_epoch=15 epoch_sec=5.3 task_elapsed_min=0.6 gpu_alloc_gb=0.272 gpu_reserved_gb=1.539
[ssl_epoch=7/50] ssl_loss=0.072933 lr=0.00010875 base_val_bce=0.649656 base_best=N base_cls_epoch=15 epoch_sec=5.3 elapsed_min=0.6 gpu_alloc_gb=0.272 gpu_reserved_gb=1.539
[repeat=4 fold=7] [epoch=8/50] ssl_loss=0.057820 lr=0.00012285 base_val_bce=0.658218 base_best=N base_cls_epoch=19 epoch_sec=5.3 task_elapsed_min=0.7 gpu_alloc_gb=0.272 gpu_reserved_gb=1.539
[ssl_epoch=8/50] ssl_loss=0.057820 lr=0.00012285 base_val_bce=0.658218 base_best=N base_cls_epoch=19 epoch_sec=5.3 elapsed_min=0.7 gpu_alloc_gb=0.272 gpu_reserved_gb=1.539
[repeat=4 fold=7] [epoch=9/50] ssl_loss=0.060884 lr=0.00013696 base_val_bce=0.664237 base_best=N base_cls_epoch=15 epoch_sec=5.3 task_elapsed_min=0.8 gpu_alloc_gb=0.272 gpu_reserved_gb=1.539
[ssl_epoch=9/50] ssl_loss=0.060884 lr=0.00013696 base_val_bce=0.664237 base_best=N base_cls_epoch=15 epoch_sec=5.3 elapsed_min=0.8 gpu_alloc_gb=0.272 gpu_reserved_gb=1.539
CHECKPOINT_LATEST repeat=4 scope=internal_cv fold=7 phase=ssl epoch=10 path=/data/adodas/VarCoNet-V2-main/xiaolunwen/experiment3/checkpoints/worker_r4_latest.pt
[repeat=4 fold=7] [epoch=10/50] ssl_loss=0.049456 lr=0.00013696 base_val_bce=0.666480 base_best=N base_cls_epoch=16 epoch_sec=6.0 task_elapsed_min=0.9 gpu_alloc_gb=0.272 gpu_reserved_gb=1.539
[ssl_epoch=10/50] ssl_loss=0.049456 lr=0.00013696 base_val_bce=0.666480 base_best=N base_cls_epoch=16 epoch_sec=6.0 elapsed_min=0.9 gpu_alloc_gb=0.272 gpu_reserved_gb=1.539
[repeat=4 fold=7] [epoch=11/50] ssl_loss=0.067479 lr=0.00013675 base_val_bce=0.661661 base_best=N base_cls_epoch=14 epoch_sec=5.6 task_elapsed_min=1.0 gpu_alloc_gb=0.272 gpu_reserved_gb=1.539
[ssl_epoch=11/50] ssl_loss=0.067479 lr=0.00013675 base_val_bce=0.661661 base_best=N base_cls_epoch=14 epoch_sec=5.6 elapsed_min=1.0 gpu_alloc_gb=0.272 gpu_reserved_gb=1.539
[repeat=4 fold=7] [epoch=12/50] ssl_loss=0.055454 lr=0.00013612 base_val_bce=0.671086 base_best=N base_cls_epoch=14 epoch_sec=5.4 task_elapsed_min=1.1 gpu_alloc_gb=0.272 gpu_reserved_gb=1.539
[ssl_epoch=12/50] ssl_loss=0.055454 lr=0.00013612 base_val_bce=0.671086 base_best=N base_cls_epoch=14 epoch_sec=5.4 elapsed_min=1.1 gpu_alloc_gb=0.272 gpu_reserved_gb=1.539
[repeat=4 fold=7] [epoch=13/50] ssl_loss=0.051099 lr=0.00013507 base_val_bce=0.660157 base_best=N base_cls_epoch=13 epoch_sec=5.3 task_elapsed_min=1.2 gpu_alloc_gb=0.272 gpu_reserved_gb=1.539
[ssl_epoch=13/50] ssl_loss=0.051099 lr=0.00013507 base_val_bce=0.660157 base_best=N base_cls_epoch=13 epoch_sec=5.3 elapsed_min=1.2 gpu_alloc_gb=0.272 gpu_reserved_gb=1.539
[repeat=4 fold=7] [epoch=14/50] ssl_loss=0.048665 lr=0.00013361 base_val_bce=0.658233 base_best=N base_cls_epoch=16 epoch_sec=5.6 task_elapsed_min=1.2 gpu_alloc_gb=0.272 gpu_reserved_gb=1.539
[ssl_epoch=14/50] ssl_loss=0.048665 lr=0.00013361 base_val_bce=0.658233 base_best=N base_cls_epoch=16 epoch_sec=5.6 elapsed_min=1.2 gpu_alloc_gb=0.272 gpu_reserved_gb=1.539
[repeat=4 fold=7] [epoch=15/50] ssl_loss=0.036186 lr=0.00013175 base_val_bce=0.656537 base_best=N base_cls_epoch=15 epoch_sec=5.7 task_elapsed_min=1.3 gpu_alloc_gb=0.272 gpu_reserved_gb=1.539
[ssl_epoch=15/50] ssl_loss=0.036186 lr=0.00013175 base_val_bce=0.656537 base_best=N base_cls_epoch=15 epoch_sec=5.7 elapsed_min=1.3 gpu_alloc_gb=0.272 gpu_reserved_gb=1.539
[repeat=4 fold=7] [epoch=16/50] ssl_loss=0.034519 lr=0.00012950 base_val_bce=0.662618 base_best=N base_cls_epoch=15 epoch_sec=5.7 task_elapsed_min=1.4 gpu_alloc_gb=0.272 gpu_reserved_gb=1.539
[ssl_epoch=16/50] ssl_loss=0.034519 lr=0.00012950 base_val_bce=0.662618 base_best=N base_cls_epoch=15 epoch_sec=5.9 elapsed_min=1.4 gpu_alloc_gb=0.272 gpu_reserved_gb=1.539
[repeat=4 fold=7] [epoch=17/50] ssl_loss=0.037096 lr=0.00012687 base_val_bce=0.658469 base_best=N base_cls_epoch=15 epoch_sec=5.6 task_elapsed_min=1.5 gpu_alloc_gb=0.272 gpu_reserved_gb=1.539
[ssl_epoch=17/50] ssl_loss=0.037096 lr=0.00012687 base_val_bce=0.658469 base_best=N base_cls_epoch=15 epoch_sec=5.6 elapsed_min=1.5 gpu_alloc_gb=0.272 gpu_reserved_gb=1.539
[repeat=4 fold=7] [epoch=18/50] ssl_loss=0.040969 lr=0.00012388 base_val_bce=0.646863 base_best=N base_cls_epoch=15 epoch_sec=5.6 task_elapsed_min=1.6 gpu_alloc_gb=0.272 gpu_reserved_gb=1.539
[ssl_epoch=18/50] ssl_loss=0.040969 lr=0.00012388 base_val_bce=0.646863 base_best=N base_cls_epoch=15 epoch_sec=5.6 elapsed_min=1.6 gpu_alloc_gb=0.272 gpu_reserved_gb=1.539
[repeat=4 fold=7] [epoch=19/50] ssl_loss=0.040466 lr=0.00012055 base_val_bce=0.666423 base_best=N base_cls_epoch=15 epoch_sec=5.3 task_elapsed_min=1.7 gpu_alloc_gb=0.272 gpu_reserved_gb=1.539
[ssl_epoch=19/50] ssl_loss=0.040466 lr=0.00012055 base_val_bce=0.666423 base_best=N base_cls_epoch=15 epoch_sec=5.3 elapsed_min=1.7 gpu_alloc_gb=0.272 gpu_reserved_gb=1.539
CHECKPOINT_LATEST repeat=4 scope=internal_cv fold=7 phase=ssl epoch=20 path=/data/adodas/VarCoNet-V2-main/xiaolunwen/experiment3/checkpoints/worker_r4_latest.pt
[repeat=4 fold=7] [epoch=20/50] ssl_loss=0.041673 lr=0.00011690 base_val_bce=0.661805 base_best=N base_cls_epoch=15 epoch_sec=6.3 task_elapsed_min=1.8 gpu_alloc_gb=0.272 gpu_reserved_gb=1.539
[ssl_epoch=20/50] ssl_loss=0.041673 lr=0.00011690 base_val_bce=0.661805 base_best=N base_cls_epoch=15 epoch_sec=6.3 elapsed_min=1.8 gpu_alloc_gb=0.272 gpu_reserved_gb=1.539
[repeat=4 fold=7] [epoch=21/50] ssl_loss=0.049807 lr=0.00011296 base_val_bce=0.654048 base_best=N base_cls_epoch=17 epoch_sec=5.6 task_elapsed_min=1.9 gpu_alloc_gb=0.272 gpu_reserved_gb=1.539
[ssl_epoch=21/50] ssl_loss=0.049807 lr=0.00011296 base_val_bce=0.654048 base_best=N base_cls_epoch=17 epoch_sec=5.7 elapsed_min=1.9 gpu_alloc_gb=0.272 gpu_reserved_gb=1.539
[repeat=4 fold=7] [epoch=22/50] ssl_loss=0.040447 lr=0.00010873 base_val_bce=0.647549 base_best=N base_cls_epoch=16 epoch_sec=5.6 task_elapsed_min=2.0 gpu_alloc_gb=0.272 gpu_reserved_gb=1.539
[ssl_epoch=22/50] ssl_loss=0.040447 lr=0.00010873 base_val_bce=0.647549 base_best=N base_cls_epoch=16 epoch_sec=5.8 elapsed_min=2.0 gpu_alloc_gb=0.272 gpu_reserved_gb=1.539
[repeat=4 fold=7] [epoch=23/50] ssl_loss=0.042079 lr=0.00010426 base_val_bce=0.648867 base_best=N base_cls_epoch=18 epoch_sec=5.5 task_elapsed_min=2.1 gpu_alloc_gb=0.272 gpu_reserved_gb=1.539
[ssl_epoch=23/50] ssl_loss=0.042079 lr=0.00010426 base_val_bce=0.648867 base_best=N base_cls_epoch=18 epoch_sec=5.8 elapsed_min=2.1 gpu_alloc_gb=0.272 gpu_reserved_gb=1.539
[repeat=4 fold=7] [epoch=24/50] ssl_loss=0.033674 lr=0.00009957 base_val_bce=0.668646 base_best=N base_cls_epoch=16 epoch_sec=5.5 task_elapsed_min=2.2 gpu_alloc_gb=0.272 gpu_reserved_gb=1.539
[ssl_epoch=24/50] ssl_loss=0.033674 lr=0.00009957 base_val_bce=0.668646 base_best=N base_cls_epoch=16 epoch_sec=5.5 elapsed_min=2.2 gpu_alloc_gb=0.272 gpu_reserved_gb=1.539
[repeat=4 fold=7] [epoch=25/50] ssl_loss=0.038326 lr=0.00009469 base_val_bce=0.659902 base_best=N base_cls_epoch=20 epoch_sec=5.6 task_elapsed_min=2.3 gpu_alloc_gb=0.272 gpu_reserved_gb=1.539
[ssl_epoch=25/50] ssl_loss=0.038326 lr=0.00009469 base_val_bce=0.659902 base_best=N base_cls_epoch=20 epoch_sec=5.6 elapsed_min=2.3 gpu_alloc_gb=0.272 gpu_reserved_gb=1.539
[repeat=4 fold=7] [epoch=26/50] ssl_loss=0.039169 lr=0.00008964 base_val_bce=0.655899 base_best=N base_cls_epoch=18 epoch_sec=5.5 task_elapsed_min=2.4 gpu_alloc_gb=0.272 gpu_reserved_gb=1.539
[ssl_epoch=26/50] ssl_loss=0.039169 lr=0.00008964 base_val_bce=0.655899 base_best=N base_cls_epoch=18 epoch_sec=5.5 elapsed_min=2.4 gpu_alloc_gb=0.272 gpu_reserved_gb=1.539
[repeat=4 fold=7] [epoch=27/50] ssl_loss=0.039529 lr=0.00008447 base_val_bce=0.656212 base_best=N base_cls_epoch=17 epoch_sec=5.5 task_elapsed_min=2.5 gpu_alloc_gb=0.272 gpu_reserved_gb=1.539
[ssl_epoch=27/50] ssl_loss=0.039529 lr=0.00008447 base_val_bce=0.656212 base_best=N base_cls_epoch=17 epoch_sec=5.5 elapsed_min=2.5 gpu_alloc_gb=0.272 gpu_reserved_gb=1.539
[repeat=4 fold=7] [epoch=28/50] ssl_loss=0.041930 lr=0.00007919 base_val_bce=0.668942 base_best=N base_cls_epoch=18 epoch_sec=5.3 task_elapsed_min=2.6 gpu_alloc_gb=0.272 gpu_reserved_gb=1.539
[ssl_epoch=28/50] ssl_loss=0.041930 lr=0.00007919 base_val_bce=0.668942 base_best=N base_cls_epoch=18 epoch_sec=5.3 elapsed_min=2.6 gpu_alloc_gb=0.272 gpu_reserved_gb=1.539
[repeat=4 fold=7] [epoch=29/50] ssl_loss=0.039001 lr=0.00007385 base_val_bce=0.661259 base_best=N base_cls_epoch=18 epoch_sec=5.5 task_elapsed_min=2.7 gpu_alloc_gb=0.272 gpu_reserved_gb=1.539
[ssl_epoch=29/50] ssl_loss=0.039001 lr=0.00007385 base_val_bce=0.661259 base_best=N base_cls_epoch=18 epoch_sec=5.5 elapsed_min=2.7 gpu_alloc_gb=0.272 gpu_reserved_gb=1.539
CHECKPOINT_LATEST repeat=4 scope=internal_cv fold=7 phase=ssl epoch=30 path=/data/adodas/VarCoNet-V2-main/xiaolunwen/experiment3/checkpoints/worker_r4_latest.pt
[repeat=4 fold=7] [epoch=30/50] ssl_loss=0.032899 lr=0.00006848 base_val_bce=0.655004 base_best=N base_cls_epoch=16 epoch_sec=6.0 task_elapsed_min=2.7 gpu_alloc_gb=0.272 gpu_reserved_gb=1.539
[ssl_epoch=30/50] ssl_loss=0.032899 lr=0.00006848 base_val_bce=0.655004 base_best=N base_cls_epoch=16 epoch_sec=6.0 elapsed_min=2.7 gpu_alloc_gb=0.272 gpu_reserved_gb=1.539
[repeat=4 fold=7] [epoch=31/50] ssl_loss=0.034226 lr=0.00006311 base_val_bce=0.658786 base_best=N base_cls_epoch=17 epoch_sec=5.6 task_elapsed_min=2.9 gpu_alloc_gb=0.272 gpu_reserved_gb=1.539
[ssl_epoch=31/50] ssl_loss=0.034226 lr=0.00006311 base_val_bce=0.658786 base_best=N base_cls_epoch=17 epoch_sec=5.6 elapsed_min=2.9 gpu_alloc_gb=0.272 gpu_reserved_gb=1.539
[repeat=4 fold=7] [epoch=32/50] ssl_loss=0.032824 lr=0.00005777 base_val_bce=0.659392 base_best=N base_cls_epoch=18 epoch_sec=5.6 task_elapsed_min=2.9 gpu_alloc_gb=0.272 gpu_reserved_gb=1.539
[ssl_epoch=32/50] ssl_loss=0.032824 lr=0.00005777 base_val_bce=0.659392 base_best=N base_cls_epoch=18 epoch_sec=5.6 elapsed_min=2.9 gpu_alloc_gb=0.272 gpu_reserved_gb=1.539
[repeat=4 fold=7] [epoch=33/50] ssl_loss=0.039601 lr=0.00005249 base_val_bce=0.645442 base_best=N base_cls_epoch=18 epoch_sec=5.2 task_elapsed_min=3.0 gpu_alloc_gb=0.272 gpu_reserved_gb=1.539
[ssl_epoch=33/50] ssl_loss=0.039601 lr=0.00005249 base_val_bce=0.645442 base_best=N base_cls_epoch=18 epoch_sec=5.4 elapsed_min=3.0 gpu_alloc_gb=0.272 gpu_reserved_gb=1.539
[repeat=4 fold=7] [epoch=34/50] ssl_loss=0.036998 lr=0.00004732 base_val_bce=0.661775 base_best=N base_cls_epoch=17 epoch_sec=5.5 task_elapsed_min=3.1 gpu_alloc_gb=0.272 gpu_reserved_gb=1.539
[ssl_epoch=34/50] ssl_loss=0.036998 lr=0.00004732 base_val_bce=0.661775 base_best=N base_cls_epoch=17 epoch_sec=5.5 elapsed_min=3.1 gpu_alloc_gb=0.272 gpu_reserved_gb=1.539
[repeat=4 fold=7] [epoch=35/50] ssl_loss=0.032717 lr=0.00004227 base_val_bce=0.657923 base_best=N base_cls_epoch=18 epoch_sec=5.6 task_elapsed_min=3.2 gpu_alloc_gb=0.272 gpu_reserved_gb=1.539
[ssl_epoch=35/50] ssl_loss=0.032717 lr=0.00004227 base_val_bce=0.657923 base_best=N base_cls_epoch=18 epoch_sec=5.7 elapsed_min=3.2 gpu_alloc_gb=0.272 gpu_reserved_gb=1.539
[repeat=4 fold=7] [epoch=36/50] ssl_loss=0.036530 lr=0.00003739 base_val_bce=0.657405 base_best=N base_cls_epoch=19 epoch_sec=5.7 task_elapsed_min=3.3 gpu_alloc_gb=0.272 gpu_reserved_gb=1.539
[ssl_epoch=36/50] ssl_loss=0.036530 lr=0.00003739 base_val_bce=0.657405 base_best=N base_cls_epoch=19 epoch_sec=5.7 elapsed_min=3.3 gpu_alloc_gb=0.272 gpu_reserved_gb=1.539
[repeat=4 fold=7] [epoch=37/50] ssl_loss=0.038398 lr=0.00003270 base_val_bce=0.654540 base_best=N base_cls_epoch=16 epoch_sec=5.4 task_elapsed_min=3.4 gpu_alloc_gb=0.272 gpu_reserved_gb=1.539
[ssl_epoch=37/50] ssl_loss=0.038398 lr=0.00003270 base_val_bce=0.654540 base_best=N base_cls_epoch=16 epoch_sec=5.4 elapsed_min=3.4 gpu_alloc_gb=0.272 gpu_reserved_gb=1.539
[repeat=4 fold=7] [epoch=38/50] ssl_loss=0.030721 lr=0.00002823 base_val_bce=0.654458 base_best=N base_cls_epoch=17 epoch_sec=5.0 task_elapsed_min=3.5 gpu_alloc_gb=0.272 gpu_reserved_gb=1.539
[ssl_epoch=38/50] ssl_loss=0.030721 lr=0.00002823 base_val_bce=0.654458 base_best=N base_cls_epoch=17 epoch_sec=5.0 elapsed_min=3.5 gpu_alloc_gb=0.272 gpu_reserved_gb=1.539
[repeat=4 fold=7] [epoch=39/50] ssl_loss=0.048253 lr=0.00002401 base_val_bce=0.662443 base_best=N base_cls_epoch=17 epoch_sec=4.8 task_elapsed_min=3.6 gpu_alloc_gb=0.272 gpu_reserved_gb=1.539
[ssl_epoch=39/50] ssl_loss=0.048253 lr=0.00002401 base_val_bce=0.662443 base_best=N base_cls_epoch=17 epoch_sec=4.9 elapsed_min=3.6 gpu_alloc_gb=0.272 gpu_reserved_gb=1.539
CHECKPOINT_LATEST repeat=4 scope=internal_cv fold=7 phase=ssl epoch=40 path=/data/adodas/VarCoNet-V2-main/xiaolunwen/experiment3/checkpoints/worker_r4_latest.pt
[repeat=4 fold=7] [epoch=40/50] ssl_loss=0.033488 lr=0.00002006 base_val_bce=0.668397 base_best=N base_cls_epoch=19 epoch_sec=4.6 task_elapsed_min=3.6 gpu_alloc_gb=0.272 gpu_reserved_gb=1.539
[ssl_epoch=40/50] ssl_loss=0.033488 lr=0.00002006 base_val_bce=0.668397 base_best=N base_cls_epoch=19 epoch_sec=4.6 elapsed_min=3.6 gpu_alloc_gb=0.272 gpu_reserved_gb=1.539
[repeat=4 fold=7] [epoch=41/50] ssl_loss=0.043215 lr=0.00001641 base_val_bce=0.653870 base_best=N base_cls_epoch=15 epoch_sec=4.5 task_elapsed_min=3.7 gpu_alloc_gb=0.272 gpu_reserved_gb=1.539
[ssl_epoch=41/50] ssl_loss=0.043215 lr=0.00001641 base_val_bce=0.653870 base_best=N base_cls_epoch=15 epoch_sec=4.5 elapsed_min=3.7 gpu_alloc_gb=0.272 gpu_reserved_gb=1.539
[repeat=4 fold=7] [epoch=42/50] ssl_loss=0.041416 lr=0.00001308 base_val_bce=0.655738 base_best=N base_cls_epoch=17 epoch_sec=4.4 task_elapsed_min=3.8 gpu_alloc_gb=0.272 gpu_reserved_gb=1.539
[ssl_epoch=42/50] ssl_loss=0.041416 lr=0.00001308 base_val_bce=0.655738 base_best=N base_cls_epoch=17 epoch_sec=4.5 elapsed_min=3.8 gpu_alloc_gb=0.272 gpu_reserved_gb=1.539
[repeat=4 fold=7] [epoch=43/50] ssl_loss=0.036768 lr=0.00001009 base_val_bce=0.655648 base_best=N base_cls_epoch=18 epoch_sec=4.8 task_elapsed_min=3.9 gpu_alloc_gb=0.272 gpu_reserved_gb=1.539
[ssl_epoch=43/50] ssl_loss=0.036768 lr=0.00001009 base_val_bce=0.655648 base_best=N base_cls_epoch=18 epoch_sec=5.0 elapsed_min=3.9 gpu_alloc_gb=0.272 gpu_reserved_gb=1.539
[repeat=4 fold=7] [epoch=44/50] ssl_loss=0.046888 lr=0.00000746 base_val_bce=0.649782 base_best=N base_cls_epoch=18 epoch_sec=5.3 task_elapsed_min=4.0 gpu_alloc_gb=0.272 gpu_reserved_gb=1.539
[ssl_epoch=44/50] ssl_loss=0.046888 lr=0.00000746 base_val_bce=0.649782 base_best=N base_cls_epoch=18 epoch_sec=5.3 elapsed_min=4.0 gpu_alloc_gb=0.272 gpu_reserved_gb=1.539
[repeat=4 fold=7] [epoch=45/50] ssl_loss=0.056274 lr=0.00000521 base_val_bce=0.661350 base_best=N base_cls_epoch=17 epoch_sec=5.3 task_elapsed_min=4.1 gpu_alloc_gb=0.272 gpu_reserved_gb=1.539
[ssl_epoch=45/50] ssl_loss=0.056274 lr=0.00000521 base_val_bce=0.661350 base_best=N base_cls_epoch=17 epoch_sec=5.3 elapsed_min=4.1 gpu_alloc_gb=0.272 gpu_reserved_gb=1.539
[repeat=4 fold=7] [epoch=46/50] ssl_loss=0.036524 lr=0.00000335 base_val_bce=0.648362 base_best=N base_cls_epoch=16 epoch_sec=5.4 task_elapsed_min=4.2 gpu_alloc_gb=0.272 gpu_reserved_gb=1.539
[ssl_epoch=46/50] ssl_loss=0.036524 lr=0.00000335 base_val_bce=0.648362 base_best=N base_cls_epoch=16 epoch_sec=6.4 elapsed_min=4.2 gpu_alloc_gb=0.272 gpu_reserved_gb=1.539
[repeat=4 fold=7] [epoch=47/50] ssl_loss=0.037662 lr=0.00000189 base_val_bce=0.643322 base_best=N base_cls_epoch=16 epoch_sec=5.4 task_elapsed_min=4.3 gpu_alloc_gb=0.272 gpu_reserved_gb=1.539
[ssl_epoch=47/50] ssl_loss=0.037662 lr=0.00000189 base_val_bce=0.643322 base_best=N base_cls_epoch=16 epoch_sec=5.4 elapsed_min=4.3 gpu_alloc_gb=0.272 gpu_reserved_gb=1.539
[repeat=4 fold=7] [epoch=48/50] ssl_loss=0.032836 lr=0.00000084 base_val_bce=0.668036 base_best=N base_cls_epoch=16 epoch_sec=5.3 task_elapsed_min=4.3 gpu_alloc_gb=0.272 gpu_reserved_gb=1.539
[ssl_epoch=48/50] ssl_loss=0.032836 lr=0.00000084 base_val_bce=0.668036 base_best=N base_cls_epoch=16 epoch_sec=5.3 elapsed_min=4.3 gpu_alloc_gb=0.272 gpu_reserved_gb=1.539
[repeat=4 fold=7] [epoch=49/50] ssl_loss=0.042191 lr=0.00000021 base_val_bce=0.655261 base_best=N base_cls_epoch=17 epoch_sec=5.2 task_elapsed_min=4.4 gpu_alloc_gb=0.272 gpu_reserved_gb=1.539
[ssl_epoch=49/50] ssl_loss=0.042191 lr=0.00000021 base_val_bce=0.655261 base_best=N base_cls_epoch=17 epoch_sec=5.2 elapsed_min=4.4 gpu_alloc_gb=0.272 gpu_reserved_gb=1.539
CHECKPOINT_BEST repeat=4 scope=internal_cv fold=7 phase=ssl epoch=50 path=/data/adodas/VarCoNet-V2-main/xiaolunwen/experiment3/checkpoints/worker_r4_best.pt
CHECKPOINT_LATEST repeat=4 scope=internal_cv fold=7 phase=ssl epoch=50 path=/data/adodas/VarCoNet-V2-main/xiaolunwen/experiment3/checkpoints/worker_r4_latest.pt
[repeat=4 fold=7] [epoch=50/50] ssl_loss=0.046908 lr=0.00000000 base_val_bce=0.641838 base_best=Y base_cls_epoch=16 epoch_sec=6.2 task_elapsed_min=4.5 gpu_alloc_gb=0.272 gpu_reserved_gb=1.539
[ssl_epoch=50/50] ssl_loss=0.046908 lr=0.00000000 base_val_bce=0.641838 base_best=Y base_cls_epoch=16 epoch_sec=6.2 elapsed_min=4.5 gpu_alloc_gb=0.272 gpu_reserved_gb=1.539
[MODULE_DISCOVERY] repeat=4 fold=7 n_unique_subjects=674 n_modules=32 module_size_min=5 module_size_mean=12.000 module_size_max=26 singleton_modules=0 meta_dim=528 empty_meta_bins=0 affinity_mean=0.16811571 affinity_std=0.04146280 affinity_max=0.78838748 elapsed_sec=0.03
[HIGH_ORDER_RESIDUAL] repeat=4 fold=7 epoch=0 train_bce=NA val_bce=0.641838 best=Y best_epoch=0 head_l2=0.000000 elapsed_sec=273.33
CHECKPOINT_BEST repeat=4 scope=internal_cv fold=7 phase=high_order_residual epoch=0 path=/data/adodas/VarCoNet-V2-main/xiaolunwen/experiment3/checkpoints/worker_r4_best.pt
CHECKPOINT_LATEST repeat=4 scope=internal_cv fold=7 phase=high_order_residual epoch=10 path=/data/adodas/VarCoNet-V2-main/xiaolunwen/experiment3/checkpoints/worker_r4_latest.pt
[HIGH_ORDER_RESIDUAL] repeat=4 fold=7 epoch=10/149 train_bce=0.416049 val_bce=0.642047 best=N best_epoch=0 head_l2=0.011449 elapsed_sec=0.30
CHECKPOINT_LATEST repeat=4 scope=internal_cv fold=7 phase=high_order_residual epoch=20 path=/data/adodas/VarCoNet-V2-main/xiaolunwen/experiment3/checkpoints/worker_r4_latest.pt
[HIGH_ORDER_RESIDUAL] repeat=4 fold=7 epoch=20/149 train_bce=0.413674 val_bce=0.642283 best=N best_epoch=0 head_l2=0.022717 elapsed_sec=0.18
CHECKPOINT_LATEST repeat=4 scope=internal_cv fold=7 phase=high_order_residual epoch=30 path=/data/adodas/VarCoNet-V2-main/xiaolunwen/experiment3/checkpoints/worker_r4_latest.pt
[HIGH_ORDER_RESIDUAL] repeat=4 fold=7 epoch=30/149 train_bce=0.411364 val_bce=0.642540 best=N best_epoch=0 head_l2=0.033757 elapsed_sec=0.27
CHECKPOINT_LATEST repeat=4 scope=internal_cv fold=7 phase=high_order_residual epoch=40 path=/data/adodas/VarCoNet-V2-main/xiaolunwen/experiment3/checkpoints/worker_r4_latest.pt
[HIGH_ORDER_RESIDUAL] repeat=4 fold=7 epoch=40/149 train_bce=0.409114 val_bce=0.642822 best=N best_epoch=0 head_l2=0.044615 elapsed_sec=0.19
CHECKPOINT_LATEST repeat=4 scope=internal_cv fold=7 phase=high_order_residual epoch=50 path=/data/adodas/VarCoNet-V2-main/xiaolunwen/experiment3/checkpoints/worker_r4_latest.pt
[HIGH_ORDER_RESIDUAL] repeat=4 fold=7 epoch=50/149 train_bce=0.406922 val_bce=0.643122 best=N best_epoch=0 head_l2=0.055326 elapsed_sec=0.36
CHECKPOINT_LATEST repeat=4 scope=internal_cv fold=7 phase=high_order_residual epoch=60 path=/data/adodas/VarCoNet-V2-main/xiaolunwen/experiment3/checkpoints/worker_r4_latest.pt
[HIGH_ORDER_RESIDUAL] repeat=4 fold=7 epoch=60/149 train_bce=0.404784 val_bce=0.643441 best=N best_epoch=0 head_l2=0.065910 elapsed_sec=0.19
CHECKPOINT_LATEST repeat=4 scope=internal_cv fold=7 phase=high_order_residual epoch=70 path=/data/adodas/VarCoNet-V2-main/xiaolunwen/experiment3/checkpoints/worker_r4_latest.pt
[HIGH_ORDER_RESIDUAL] repeat=4 fold=7 epoch=70/149 train_bce=0.402697 val_bce=0.643782 best=N best_epoch=0 head_l2=0.076378 elapsed_sec=0.24
CHECKPOINT_LATEST repeat=4 scope=internal_cv fold=7 phase=high_order_residual epoch=80 path=/data/adodas/VarCoNet-V2-main/xiaolunwen/experiment3/checkpoints/worker_r4_latest.pt
[HIGH_ORDER_RESIDUAL] repeat=4 fold=7 epoch=80/149 train_bce=0.400659 val_bce=0.644149 best=N best_epoch=0 head_l2=0.086732 elapsed_sec=0.19
CHECKPOINT_LATEST repeat=4 scope=internal_cv fold=7 phase=high_order_residual epoch=90 path=/data/adodas/VarCoNet-V2-main/xiaolunwen/experiment3/checkpoints/worker_r4_latest.pt
[HIGH_ORDER_RESIDUAL] repeat=4 fold=7 epoch=90/149 train_bce=0.398665 val_bce=0.644541 best=N best_epoch=0 head_l2=0.096972 elapsed_sec=0.20
CHECKPOINT_LATEST repeat=4 scope=internal_cv fold=7 phase=high_order_residual epoch=100 path=/data/adodas/VarCoNet-V2-main/xiaolunwen/experiment3/checkpoints/worker_r4_latest.pt
[HIGH_ORDER_RESIDUAL] repeat=4 fold=7 epoch=100/149 train_bce=0.396715 val_bce=0.644957 best=N best_epoch=0 head_l2=0.107104 elapsed_sec=0.20
CHECKPOINT_LATEST repeat=4 scope=internal_cv fold=7 phase=high_order_residual epoch=110 path=/data/adodas/VarCoNet-V2-main/xiaolunwen/experiment3/checkpoints/worker_r4_latest.pt
[HIGH_ORDER_RESIDUAL] repeat=4 fold=7 epoch=110/149 train_bce=0.394804 val_bce=0.645394 best=N best_epoch=0 head_l2=0.117132 elapsed_sec=0.40
CHECKPOINT_LATEST repeat=4 scope=internal_cv fold=7 phase=high_order_residual epoch=120 path=/data/adodas/VarCoNet-V2-main/xiaolunwen/experiment3/checkpoints/worker_r4_latest.pt
[HIGH_ORDER_RESIDUAL] repeat=4 fold=7 epoch=120/149 train_bce=0.392932 val_bce=0.645850 best=N best_epoch=0 head_l2=0.127063 elapsed_sec=0.19
CHECKPOINT_LATEST repeat=4 scope=internal_cv fold=7 phase=high_order_residual epoch=130 path=/data/adodas/VarCoNet-V2-main/xiaolunwen/experiment3/checkpoints/worker_r4_latest.pt
[HIGH_ORDER_RESIDUAL] repeat=4 fold=7 epoch=130/149 train_bce=0.391096 val_bce=0.646324 best=N best_epoch=0 head_l2=0.136903 elapsed_sec=0.33
CHECKPOINT_LATEST repeat=4 scope=internal_cv fold=7 phase=high_order_residual epoch=140 path=/data/adodas/VarCoNet-V2-main/xiaolunwen/experiment3/checkpoints/worker_r4_latest.pt
[HIGH_ORDER_RESIDUAL] repeat=4 fold=7 epoch=140/149 train_bce=0.389295 val_bce=0.646813 best=N best_epoch=0 head_l2=0.146656 elapsed_sec=0.30
RESIDUAL_DONE repeat=4 scope=internal_cv fold=7 selected_encoder_epoch=50 selected_classifier_epoch=16 selected_residual_epoch=0 val_bce=0.641838
TASK_TRAINING_DONE repeat=4 scope=internal_cv fold=7 base_epoch=50 dyn_epoch=50 base_val_bce=0.641838 high_order_val_bce=0.641838
TASK_DONE repeat=4 scope=internal_fold fold=7 method=baseline selected_encoder_epoch=50 test_auc=0.739491 test_bce=0.603962 elapsed_min=4.7
TASK_DONE repeat=4 scope=internal_fold fold=7 method=consensus_highorder_residual selected_encoder_epoch=50 test_auc=0.739491 test_bce=0.603962 elapsed_min=4.7
TASK_START repeat=4 scope=internal_cv fold=8 seed=100408 device=cuda:0 shared_encoder=Y
CHECKPOINT_BEST repeat=4 scope=internal_cv fold=8 phase=ssl epoch=1 path=/data/adodas/VarCoNet-V2-main/xiaolunwen/experiment3/checkpoints/worker_r4_best.pt
[repeat=4 fold=8] [epoch=1/50] ssl_loss=0.134072 lr=0.00002411 base_val_bce=0.659985 base_best=Y base_cls_epoch=24 epoch_sec=7.2 task_elapsed_min=0.1 gpu_alloc_gb=0.272 gpu_reserved_gb=1.539
[ssl_epoch=1/50] ssl_loss=0.134072 lr=0.00002411 base_val_bce=0.659985 base_best=Y base_cls_epoch=24 epoch_sec=7.2 elapsed_min=0.1 gpu_alloc_gb=0.272 gpu_reserved_gb=1.539
[repeat=4 fold=8] [epoch=2/50] ssl_loss=0.099684 lr=0.00003821 base_val_bce=0.661225 base_best=N base_cls_epoch=13 epoch_sec=5.3 task_elapsed_min=0.2 gpu_alloc_gb=0.272 gpu_reserved_gb=1.539
[ssl_epoch=2/50] ssl_loss=0.099684 lr=0.00003821 base_val_bce=0.661225 base_best=N base_cls_epoch=13 epoch_sec=5.3 elapsed_min=0.2 gpu_alloc_gb=0.272 gpu_reserved_gb=1.539
[repeat=4 fold=8] [epoch=3/50] ssl_loss=0.100743 lr=0.00005232 base_val_bce=0.665126 base_best=N base_cls_epoch=13 epoch_sec=5.5 task_elapsed_min=0.3 gpu_alloc_gb=0.272 gpu_reserved_gb=1.539
[ssl_epoch=3/50] ssl_loss=0.100743 lr=0.00005232 base_val_bce=0.665126 base_best=N base_cls_epoch=13 epoch_sec=5.5 elapsed_min=0.3 gpu_alloc_gb=0.272 gpu_reserved_gb=1.539
[repeat=4 fold=8] [epoch=4/50] ssl_loss=0.080590 lr=0.00006643 base_val_bce=0.661532 base_best=N base_cls_epoch=10 epoch_sec=5.5 task_elapsed_min=0.4 gpu_alloc_gb=0.272 gpu_reserved_gb=1.539
[ssl_epoch=4/50] ssl_loss=0.080590 lr=0.00006643 base_val_bce=0.661532 base_best=N base_cls_epoch=10 epoch_sec=5.5 elapsed_min=0.4 gpu_alloc_gb=0.272 gpu_reserved_gb=1.539
CHECKPOINT_BEST repeat=4 scope=internal_cv fold=8 phase=ssl epoch=5 path=/data/adodas/VarCoNet-V2-main/xiaolunwen/experiment3/checkpoints/worker_r4_best.pt
[repeat=4 fold=8] [epoch=5/50] ssl_loss=0.068346 lr=0.00008053 base_val_bce=0.653454 base_best=Y base_cls_epoch=11 epoch_sec=5.7 task_elapsed_min=0.5 gpu_alloc_gb=0.272 gpu_reserved_gb=1.539
[ssl_epoch=5/50] ssl_loss=0.068346 lr=0.00008053 base_val_bce=0.653454 base_best=Y base_cls_epoch=11 epoch_sec=5.7 elapsed_min=0.5 gpu_alloc_gb=0.272 gpu_reserved_gb=1.539
[repeat=4 fold=8] [epoch=6/50] ssl_loss=0.075766 lr=0.00009464 base_val_bce=0.654786 base_best=N base_cls_epoch=13 epoch_sec=5.0 task_elapsed_min=0.6 gpu_alloc_gb=0.272 gpu_reserved_gb=1.539
[ssl_epoch=6/50] ssl_loss=0.075766 lr=0.00009464 base_val_bce=0.654786 base_best=N base_cls_epoch=13 epoch_sec=5.0 elapsed_min=0.6 gpu_alloc_gb=0.272 gpu_reserved_gb=1.539
[repeat=4 fold=8] [epoch=7/50] ssl_loss=0.070783 lr=0.00010875 base_val_bce=0.673342 base_best=N base_cls_epoch=14 epoch_sec=4.8 task_elapsed_min=0.7 gpu_alloc_gb=0.272 gpu_reserved_gb=1.539
[ssl_epoch=7/50] ssl_loss=0.070783 lr=0.00010875 base_val_bce=0.673342 base_best=N base_cls_epoch=14 epoch_sec=4.8 elapsed_min=0.7 gpu_alloc_gb=0.272 gpu_reserved_gb=1.539
[repeat=4 fold=8] [epoch=8/50] ssl_loss=0.076276 lr=0.00012285 base_val_bce=0.658792 base_best=N base_cls_epoch=15 epoch_sec=4.8 task_elapsed_min=0.7 gpu_alloc_gb=0.272 gpu_reserved_gb=1.539
[ssl_epoch=8/50] ssl_loss=0.076276 lr=0.00012285 base_val_bce=0.658792 base_best=N base_cls_epoch=15 epoch_sec=4.8 elapsed_min=0.7 gpu_alloc_gb=0.272 gpu_reserved_gb=1.539
[repeat=4 fold=8] [epoch=9/50] ssl_loss=0.060492 lr=0.00013696 base_val_bce=0.654933 base_best=N base_cls_epoch=13 epoch_sec=5.0 task_elapsed_min=0.8 gpu_alloc_gb=0.272 gpu_reserved_gb=1.539
[ssl_epoch=9/50] ssl_loss=0.060492 lr=0.00013696 base_val_bce=0.654933 base_best=N base_cls_epoch=13 epoch_sec=5.0 elapsed_min=0.8 gpu_alloc_gb=0.272 gpu_reserved_gb=1.539
CHECKPOINT_BEST repeat=4 scope=internal_cv fold=8 phase=ssl epoch=10 path=/data/adodas/VarCoNet-V2-main/xiaolunwen/experiment3/checkpoints/worker_r4_best.pt
CHECKPOINT_LATEST repeat=4 scope=internal_cv fold=8 phase=ssl epoch=10 path=/data/adodas/VarCoNet-V2-main/xiaolunwen/experiment3/checkpoints/worker_r4_latest.pt
[repeat=4 fold=8] [epoch=10/50] ssl_loss=0.060943 lr=0.00013696 base_val_bce=0.651981 base_best=Y base_cls_epoch=8 epoch_sec=5.8 task_elapsed_min=0.9 gpu_alloc_gb=0.272 gpu_reserved_gb=1.539
[ssl_epoch=10/50] ssl_loss=0.060943 lr=0.00013696 base_val_bce=0.651981 base_best=Y base_cls_epoch=8 epoch_sec=5.8 elapsed_min=0.9 gpu_alloc_gb=0.272 gpu_reserved_gb=1.539
[repeat=4 fold=8] [epoch=11/50] ssl_loss=0.061748 lr=0.00013675 base_val_bce=0.659391 base_best=N base_cls_epoch=15 epoch_sec=4.8 task_elapsed_min=1.0 gpu_alloc_gb=0.272 gpu_reserved_gb=1.539
[ssl_epoch=11/50] ssl_loss=0.061748 lr=0.00013675 base_val_bce=0.659391 base_best=N base_cls_epoch=15 epoch_sec=4.9 elapsed_min=1.0 gpu_alloc_gb=0.272 gpu_reserved_gb=1.539
[repeat=4 fold=8] [epoch=12/50] ssl_loss=0.045766 lr=0.00013612 base_val_bce=0.653866 base_best=N base_cls_epoch=14 epoch_sec=4.6 task_elapsed_min=1.1 gpu_alloc_gb=0.272 gpu_reserved_gb=1.539
[ssl_epoch=12/50] ssl_loss=0.045766 lr=0.00013612 base_val_bce=0.653866 base_best=N base_cls_epoch=14 epoch_sec=4.6 elapsed_min=1.1 gpu_alloc_gb=0.272 gpu_reserved_gb=1.539
[repeat=4 fold=8] [epoch=13/50] ssl_loss=0.056655 lr=0.00013507 base_val_bce=0.663375 base_best=N base_cls_epoch=13 epoch_sec=4.7 task_elapsed_min=1.2 gpu_alloc_gb=0.272 gpu_reserved_gb=1.539
[ssl_epoch=13/50] ssl_loss=0.056655 lr=0.00013507 base_val_bce=0.663375 base_best=N base_cls_epoch=13 epoch_sec=4.8 elapsed_min=1.2 gpu_alloc_gb=0.272 gpu_reserved_gb=1.539
[repeat=4 fold=8] [epoch=14/50] ssl_loss=0.055380 lr=0.00013361 base_val_bce=0.655516 base_best=N base_cls_epoch=14 epoch_sec=5.0 task_elapsed_min=1.2 gpu_alloc_gb=0.272 gpu_reserved_gb=1.539
[ssl_epoch=14/50] ssl_loss=0.055380 lr=0.00013361 base_val_bce=0.655516 base_best=N base_cls_epoch=14 epoch_sec=5.0 elapsed_min=1.2 gpu_alloc_gb=0.272 gpu_reserved_gb=1.539
CHECKPOINT_BEST repeat=4 scope=internal_cv fold=8 phase=ssl epoch=15 path=/data/adodas/VarCoNet-V2-main/xiaolunwen/experiment3/checkpoints/worker_r4_best.pt
[repeat=4 fold=8] [epoch=15/50] ssl_loss=0.049563 lr=0.00013175 base_val_bce=0.650304 base_best=Y base_cls_epoch=13 epoch_sec=4.0 task_elapsed_min=1.3 gpu_alloc_gb=0.272 gpu_reserved_gb=1.539
[ssl_epoch=15/50] ssl_loss=0.049563 lr=0.00013175 base_val_bce=0.650304 base_best=Y base_cls_epoch=13 epoch_sec=4.0 elapsed_min=1.3 gpu_alloc_gb=0.272 gpu_reserved_gb=1.539
CHECKPOINT_BEST repeat=4 scope=internal_cv fold=8 phase=ssl epoch=16 path=/data/adodas/VarCoNet-V2-main/xiaolunwen/experiment3/checkpoints/worker_r4_best.pt
[repeat=4 fold=8] [epoch=16/50] ssl_loss=0.036412 lr=0.00012950 base_val_bce=0.639528 base_best=Y base_cls_epoch=15 epoch_sec=4.0 task_elapsed_min=1.4 gpu_alloc_gb=0.272 gpu_reserved_gb=1.539
[ssl_epoch=16/50] ssl_loss=0.036412 lr=0.00012950 base_val_bce=0.639528 base_best=Y base_cls_epoch=15 epoch_sec=4.0 elapsed_min=1.4 gpu_alloc_gb=0.272 gpu_reserved_gb=1.539
[repeat=4 fold=8] [epoch=17/50] ssl_loss=0.044504 lr=0.00012687 base_val_bce=0.655869 base_best=N base_cls_epoch=16 epoch_sec=3.7 task_elapsed_min=1.4 gpu_alloc_gb=0.272 gpu_reserved_gb=1.539
[ssl_epoch=17/50] ssl_loss=0.044504 lr=0.00012687 base_val_bce=0.655869 base_best=N base_cls_epoch=16 epoch_sec=3.7 elapsed_min=1.4 gpu_alloc_gb=0.272 gpu_reserved_gb=1.539
[repeat=4 fold=8] [epoch=18/50] ssl_loss=0.050613 lr=0.00012388 base_val_bce=0.651036 base_best=N base_cls_epoch=17 epoch_sec=3.6 task_elapsed_min=1.5 gpu_alloc_gb=0.272 gpu_reserved_gb=1.539
[ssl_epoch=18/50] ssl_loss=0.050613 lr=0.00012388 base_val_bce=0.651036 base_best=N base_cls_epoch=17 epoch_sec=3.6 elapsed_min=1.5 gpu_alloc_gb=0.272 gpu_reserved_gb=1.539
[repeat=4 fold=8] [epoch=19/50] ssl_loss=0.048655 lr=0.00012055 base_val_bce=0.663898 base_best=N base_cls_epoch=19 epoch_sec=3.7 task_elapsed_min=1.6 gpu_alloc_gb=0.272 gpu_reserved_gb=1.539
[ssl_epoch=19/50] ssl_loss=0.048655 lr=0.00012055 base_val_bce=0.663898 base_best=N base_cls_epoch=19 epoch_sec=3.7 elapsed_min=1.6 gpu_alloc_gb=0.272 gpu_reserved_gb=1.539
CHECKPOINT_LATEST repeat=4 scope=internal_cv fold=8 phase=ssl epoch=20 path=/data/adodas/VarCoNet-V2-main/xiaolunwen/experiment3/checkpoints/worker_r4_latest.pt
[repeat=4 fold=8] [epoch=20/50] ssl_loss=0.050757 lr=0.00011690 base_val_bce=0.646113 base_best=N base_cls_epoch=15 epoch_sec=3.5 task_elapsed_min=1.6 gpu_alloc_gb=0.272 gpu_reserved_gb=1.539
[ssl_epoch=20/50] ssl_loss=0.050757 lr=0.00011690 base_val_bce=0.646113 base_best=N base_cls_epoch=15 epoch_sec=3.5 elapsed_min=1.6 gpu_alloc_gb=0.272 gpu_reserved_gb=1.539
[repeat=4 fold=8] [epoch=21/50] ssl_loss=0.038034 lr=0.00011296 base_val_bce=0.661887 base_best=N base_cls_epoch=17 epoch_sec=3.8 task_elapsed_min=1.7 gpu_alloc_gb=0.272 gpu_reserved_gb=1.539
[ssl_epoch=21/50] ssl_loss=0.038034 lr=0.00011296 base_val_bce=0.661887 base_best=N base_cls_epoch=17 epoch_sec=3.8 elapsed_min=1.7 gpu_alloc_gb=0.272 gpu_reserved_gb=1.539
[repeat=4 fold=8] [epoch=22/50] ssl_loss=0.050783 lr=0.00010873 base_val_bce=0.655203 base_best=N base_cls_epoch=17 epoch_sec=3.8 task_elapsed_min=1.7 gpu_alloc_gb=0.272 gpu_reserved_gb=1.539
[ssl_epoch=22/50] ssl_loss=0.050783 lr=0.00010873 base_val_bce=0.655203 base_best=N base_cls_epoch=17 epoch_sec=3.8 elapsed_min=1.7 gpu_alloc_gb=0.272 gpu_reserved_gb=1.539
[repeat=4 fold=8] [epoch=23/50] ssl_loss=0.043502 lr=0.00010426 base_val_bce=0.649294 base_best=N base_cls_epoch=17 epoch_sec=3.7 task_elapsed_min=1.8 gpu_alloc_gb=0.272 gpu_reserved_gb=1.539
[ssl_epoch=23/50] ssl_loss=0.043502 lr=0.00010426 base_val_bce=0.649294 base_best=N base_cls_epoch=17 epoch_sec=3.7 elapsed_min=1.8 gpu_alloc_gb=0.272 gpu_reserved_gb=1.539
[repeat=4 fold=8] [epoch=24/50] ssl_loss=0.051085 lr=0.00009957 base_val_bce=0.664312 base_best=N base_cls_epoch=19 epoch_sec=3.6 task_elapsed_min=1.9 gpu_alloc_gb=0.272 gpu_reserved_gb=1.539
[ssl_epoch=24/50] ssl_loss=0.051085 lr=0.00009957 base_val_bce=0.664312 base_best=N base_cls_epoch=19 epoch_sec=3.6 elapsed_min=1.9 gpu_alloc_gb=0.272 gpu_reserved_gb=1.539
[repeat=4 fold=8] [epoch=25/50] ssl_loss=0.038093 lr=0.00009469 base_val_bce=0.648596 base_best=N base_cls_epoch=22 epoch_sec=3.9 task_elapsed_min=1.9 gpu_alloc_gb=0.272 gpu_reserved_gb=1.539
[ssl_epoch=25/50] ssl_loss=0.038093 lr=0.00009469 base_val_bce=0.648596 base_best=N base_cls_epoch=22 epoch_sec=3.9 elapsed_min=1.9 gpu_alloc_gb=0.272 gpu_reserved_gb=1.539
[repeat=4 fold=8] [epoch=26/50] ssl_loss=0.042099 lr=0.00008964 base_val_bce=0.656492 base_best=N base_cls_epoch=25 epoch_sec=3.9 task_elapsed_min=2.0 gpu_alloc_gb=0.272 gpu_reserved_gb=1.539
[ssl_epoch=26/50] ssl_loss=0.042099 lr=0.00008964 base_val_bce=0.656492 base_best=N base_cls_epoch=25 epoch_sec=3.9 elapsed_min=2.0 gpu_alloc_gb=0.272 gpu_reserved_gb=1.539
[repeat=4 fold=8] [epoch=27/50] ssl_loss=0.045284 lr=0.00008447 base_val_bce=0.656409 base_best=N base_cls_epoch=17 epoch_sec=3.8 task_elapsed_min=2.1 gpu_alloc_gb=0.272 gpu_reserved_gb=1.539
[ssl_epoch=27/50] ssl_loss=0.045284 lr=0.00008447 base_val_bce=0.656409 base_best=N base_cls_epoch=17 epoch_sec=3.8 elapsed_min=2.1 gpu_alloc_gb=0.272 gpu_reserved_gb=1.539
[repeat=4 fold=8] [epoch=28/50] ssl_loss=0.034625 lr=0.00007919 base_val_bce=0.641573 base_best=N base_cls_epoch=15 epoch_sec=3.8 task_elapsed_min=2.1 gpu_alloc_gb=0.272 gpu_reserved_gb=1.539
[ssl_epoch=28/50] ssl_loss=0.034625 lr=0.00007919 base_val_bce=0.641573 base_best=N base_cls_epoch=15 epoch_sec=3.8 elapsed_min=2.1 gpu_alloc_gb=0.272 gpu_reserved_gb=1.539
[repeat=4 fold=8] [epoch=29/50] ssl_loss=0.046085 lr=0.00007385 base_val_bce=0.659769 base_best=N base_cls_epoch=19 epoch_sec=3.9 task_elapsed_min=2.2 gpu_alloc_gb=0.272 gpu_reserved_gb=1.539
[ssl_epoch=29/50] ssl_loss=0.046085 lr=0.00007385 base_val_bce=0.659769 base_best=N base_cls_epoch=19 epoch_sec=3.9 elapsed_min=2.2 gpu_alloc_gb=0.272 gpu_reserved_gb=1.539
CHECKPOINT_LATEST repeat=4 scope=internal_cv fold=8 phase=ssl epoch=30 path=/data/adodas/VarCoNet-V2-main/xiaolunwen/experiment3/checkpoints/worker_r4_latest.pt
[repeat=4 fold=8] [epoch=30/50] ssl_loss=0.035024 lr=0.00006848 base_val_bce=0.653076 base_best=N base_cls_epoch=15 epoch_sec=4.1 task_elapsed_min=2.2 gpu_alloc_gb=0.272 gpu_reserved_gb=1.539
[ssl_epoch=30/50] ssl_loss=0.035024 lr=0.00006848 base_val_bce=0.653076 base_best=N base_cls_epoch=15 epoch_sec=4.1 elapsed_min=2.2 gpu_alloc_gb=0.272 gpu_reserved_gb=1.539
[repeat=4 fold=8] [epoch=31/50] ssl_loss=0.043137 lr=0.00006311 base_val_bce=0.644404 base_best=N base_cls_epoch=17 epoch_sec=3.7 task_elapsed_min=2.3 gpu_alloc_gb=0.272 gpu_reserved_gb=1.539
[ssl_epoch=31/50] ssl_loss=0.043137 lr=0.00006311 base_val_bce=0.644404 base_best=N base_cls_epoch=17 epoch_sec=3.8 elapsed_min=2.3 gpu_alloc_gb=0.272 gpu_reserved_gb=1.539
[repeat=4 fold=8] [epoch=32/50] ssl_loss=0.042067 lr=0.00005777 base_val_bce=0.654651 base_best=N base_cls_epoch=14 epoch_sec=3.8 task_elapsed_min=2.4 gpu_alloc_gb=0.272 gpu_reserved_gb=1.539
[ssl_epoch=32/50] ssl_loss=0.042067 lr=0.00005777 base_val_bce=0.654651 base_best=N base_cls_epoch=14 epoch_sec=3.8 elapsed_min=2.4 gpu_alloc_gb=0.272 gpu_reserved_gb=1.539
[repeat=4 fold=8] [epoch=33/50] ssl_loss=0.035782 lr=0.00005249 base_val_bce=0.658620 base_best=N base_cls_epoch=19 epoch_sec=3.8 task_elapsed_min=2.4 gpu_alloc_gb=0.272 gpu_reserved_gb=1.539
[ssl_epoch=33/50] ssl_loss=0.035782 lr=0.00005249 base_val_bce=0.658620 base_best=N base_cls_epoch=19 epoch_sec=3.8 elapsed_min=2.4 gpu_alloc_gb=0.272 gpu_reserved_gb=1.539
[repeat=4 fold=8] [epoch=34/50] ssl_loss=0.042698 lr=0.00004732 base_val_bce=0.652158 base_best=N base_cls_epoch=16 epoch_sec=3.8 task_elapsed_min=2.5 gpu_alloc_gb=0.272 gpu_reserved_gb=1.539
[ssl_epoch=34/50] ssl_loss=0.042698 lr=0.00004732 base_val_bce=0.652158 base_best=N base_cls_epoch=16 epoch_sec=3.9 elapsed_min=2.5 gpu_alloc_gb=0.272 gpu_reserved_gb=1.539
[repeat=4 fold=8] [epoch=35/50] ssl_loss=0.032572 lr=0.00004227 base_val_bce=0.647460 base_best=N base_cls_epoch=22 epoch_sec=3.8 task_elapsed_min=2.6 gpu_alloc_gb=0.272 gpu_reserved_gb=1.539
[ssl_epoch=35/50] ssl_loss=0.032572 lr=0.00004227 base_val_bce=0.647460 base_best=N base_cls_epoch=22 epoch_sec=3.8 elapsed_min=2.6 gpu_alloc_gb=0.272 gpu_reserved_gb=1.539
[repeat=4 fold=8] [epoch=36/50] ssl_loss=0.037943 lr=0.00003739 base_val_bce=0.648049 base_best=N base_cls_epoch=16 epoch_sec=3.8 task_elapsed_min=2.6 gpu_alloc_gb=0.272 gpu_reserved_gb=1.539
[ssl_epoch=36/50] ssl_loss=0.037943 lr=0.00003739 base_val_bce=0.648049 base_best=N base_cls_epoch=16 epoch_sec=3.8 elapsed_min=2.6 gpu_alloc_gb=0.272 gpu_reserved_gb=1.539
[repeat=4 fold=8] [epoch=37/50] ssl_loss=0.038736 lr=0.00003270 base_val_bce=0.651874 base_best=N base_cls_epoch=27 epoch_sec=3.5 task_elapsed_min=2.7 gpu_alloc_gb=0.272 gpu_reserved_gb=1.539
[ssl_epoch=37/50] ssl_loss=0.038736 lr=0.00003270 base_val_bce=0.651874 base_best=N base_cls_epoch=27 epoch_sec=3.6 elapsed_min=2.7 gpu_alloc_gb=0.272 gpu_reserved_gb=1.539
[repeat=4 fold=8] [epoch=38/50] ssl_loss=0.036214 lr=0.00002823 base_val_bce=0.649690 base_best=N base_cls_epoch=22 epoch_sec=3.6 task_elapsed_min=2.8 gpu_alloc_gb=0.272 gpu_reserved_gb=1.539
[ssl_epoch=38/50] ssl_loss=0.036214 lr=0.00002823 base_val_bce=0.649690 base_best=N base_cls_epoch=22 epoch_sec=3.7 elapsed_min=2.8 gpu_alloc_gb=0.272 gpu_reserved_gb=1.539
[repeat=4 fold=8] [epoch=39/50] ssl_loss=0.039789 lr=0.00002401 base_val_bce=0.660971 base_best=N base_cls_epoch=24 epoch_sec=3.7 task_elapsed_min=2.8 gpu_alloc_gb=0.272 gpu_reserved_gb=1.539
[ssl_epoch=39/50] ssl_loss=0.039789 lr=0.00002401 base_val_bce=0.660971 base_best=N base_cls_epoch=24 epoch_sec=3.7 elapsed_min=2.8 gpu_alloc_gb=0.272 gpu_reserved_gb=1.539
CHECKPOINT_LATEST repeat=4 scope=internal_cv fold=8 phase=ssl epoch=40 path=/data/adodas/VarCoNet-V2-main/xiaolunwen/experiment3/checkpoints/worker_r4_latest.pt
[repeat=4 fold=8] [epoch=40/50] ssl_loss=0.036001 lr=0.00002006 base_val_bce=0.660102 base_best=N base_cls_epoch=18 epoch_sec=3.9 task_elapsed_min=2.9 gpu_alloc_gb=0.272 gpu_reserved_gb=1.539
[ssl_epoch=40/50] ssl_loss=0.036001 lr=0.00002006 base_val_bce=0.660102 base_best=N base_cls_epoch=18 epoch_sec=3.9 elapsed_min=2.9 gpu_alloc_gb=0.272 gpu_reserved_gb=1.539
[repeat=4 fold=8] [epoch=41/50] ssl_loss=0.033634 lr=0.00001641 base_val_bce=0.651757 base_best=N base_cls_epoch=28 epoch_sec=2.9 task_elapsed_min=2.9 gpu_alloc_gb=0.272 gpu_reserved_gb=1.539
[ssl_epoch=41/50] ssl_loss=0.033634 lr=0.00001641 base_val_bce=0.651757 base_best=N base_cls_epoch=28 epoch_sec=2.9 elapsed_min=2.9 gpu_alloc_gb=0.272 gpu_reserved_gb=1.539
[repeat=4 fold=8] [epoch=42/50] ssl_loss=0.031156 lr=0.00001308 base_val_bce=0.649176 base_best=N base_cls_epoch=19 epoch_sec=2.1 task_elapsed_min=3.0 gpu_alloc_gb=0.272 gpu_reserved_gb=1.539
[ssl_epoch=42/50] ssl_loss=0.031156 lr=0.00001308 base_val_bce=0.649176 base_best=N base_cls_epoch=19 epoch_sec=2.1 elapsed_min=3.0 gpu_alloc_gb=0.272 gpu_reserved_gb=1.539
[repeat=4 fold=8] [epoch=43/50] ssl_loss=0.041478 lr=0.00001009 base_val_bce=0.650752 base_best=N base_cls_epoch=16 epoch_sec=2.6 task_elapsed_min=3.0 gpu_alloc_gb=0.272 gpu_reserved_gb=1.539
[ssl_epoch=43/50] ssl_loss=0.041478 lr=0.00001009 base_val_bce=0.650752 base_best=N base_cls_epoch=16 epoch_sec=2.6 elapsed_min=3.0 gpu_alloc_gb=0.272 gpu_reserved_gb=1.539
[repeat=4 fold=8] [epoch=44/50] ssl_loss=0.033309 lr=0.00000746 base_val_bce=0.645808 base_best=N base_cls_epoch=19 epoch_sec=2.5 task_elapsed_min=3.1 gpu_alloc_gb=0.272 gpu_reserved_gb=1.539
[ssl_epoch=44/50] ssl_loss=0.033309 lr=0.00000746 base_val_bce=0.645808 base_best=N base_cls_epoch=19 epoch_sec=2.6 elapsed_min=3.1 gpu_alloc_gb=0.272 gpu_reserved_gb=1.539
[repeat=4 fold=8] [epoch=45/50] ssl_loss=0.032438 lr=0.00000521 base_val_bce=0.642583 base_best=N base_cls_epoch=19 epoch_sec=2.4 task_elapsed_min=3.1 gpu_alloc_gb=0.272 gpu_reserved_gb=1.539
[ssl_epoch=45/50] ssl_loss=0.032438 lr=0.00000521 base_val_bce=0.642583 base_best=N base_cls_epoch=19 epoch_sec=2.6 elapsed_min=3.1 gpu_alloc_gb=0.272 gpu_reserved_gb=1.539
[repeat=4 fold=8] [epoch=46/50] ssl_loss=0.037913 lr=0.00000335 base_val_bce=0.646750 base_best=N base_cls_epoch=20 epoch_sec=3.2 task_elapsed_min=3.2 gpu_alloc_gb=0.272 gpu_reserved_gb=1.539
[ssl_epoch=46/50] ssl_loss=0.037913 lr=0.00000335 base_val_bce=0.646750 base_best=N base_cls_epoch=20 epoch_sec=3.3 elapsed_min=3.2 gpu_alloc_gb=0.272 gpu_reserved_gb=1.539
[repeat=4 fold=8] [epoch=47/50] ssl_loss=0.036494 lr=0.00000189 base_val_bce=0.644682 base_best=N base_cls_epoch=29 epoch_sec=3.1 task_elapsed_min=3.2 gpu_alloc_gb=0.272 gpu_reserved_gb=1.539
[ssl_epoch=47/50] ssl_loss=0.036494 lr=0.00000189 base_val_bce=0.644682 base_best=N base_cls_epoch=29 epoch_sec=3.1 elapsed_min=3.2 gpu_alloc_gb=0.272 gpu_reserved_gb=1.539
[repeat=4 fold=8] [epoch=48/50] ssl_loss=0.029980 lr=0.00000084 base_val_bce=0.650824 base_best=N base_cls_epoch=28 epoch_sec=3.2 task_elapsed_min=3.3 gpu_alloc_gb=0.272 gpu_reserved_gb=1.539
[ssl_epoch=48/50] ssl_loss=0.029980 lr=0.00000084 base_val_bce=0.650824 base_best=N base_cls_epoch=28 epoch_sec=3.2 elapsed_min=3.3 gpu_alloc_gb=0.272 gpu_reserved_gb=1.539
[repeat=4 fold=8] [epoch=49/50] ssl_loss=0.038300 lr=0.00000021 base_val_bce=0.644738 base_best=N base_cls_epoch=26 epoch_sec=3.2 task_elapsed_min=3.3 gpu_alloc_gb=0.272 gpu_reserved_gb=1.539
[ssl_epoch=49/50] ssl_loss=0.038300 lr=0.00000021 base_val_bce=0.644738 base_best=N base_cls_epoch=26 epoch_sec=3.2 elapsed_min=3.3 gpu_alloc_gb=0.272 gpu_reserved_gb=1.539
CHECKPOINT_LATEST repeat=4 scope=internal_cv fold=8 phase=ssl epoch=50 path=/data/adodas/VarCoNet-V2-main/xiaolunwen/experiment3/checkpoints/worker_r4_latest.pt
[repeat=4 fold=8] [epoch=50/50] ssl_loss=0.034238 lr=0.00000000 base_val_bce=0.660285 base_best=N base_cls_epoch=18 epoch_sec=3.8 task_elapsed_min=3.4 gpu_alloc_gb=0.272 gpu_reserved_gb=1.539
[ssl_epoch=50/50] ssl_loss=0.034238 lr=0.00000000 base_val_bce=0.660285 base_best=N base_cls_epoch=18 epoch_sec=3.8 elapsed_min=3.4 gpu_alloc_gb=0.272 gpu_reserved_gb=1.539
[MODULE_DISCOVERY] repeat=4 fold=8 n_unique_subjects=674 n_modules=32 module_size_min=5 module_size_mean=12.000 module_size_max=23 singleton_modules=0 meta_dim=528 empty_meta_bins=0 affinity_mean=0.16707137 affinity_std=0.04659673 affinity_max=0.86335278 elapsed_sec=0.11
[HIGH_ORDER_RESIDUAL] repeat=4 fold=8 epoch=0 train_bce=NA val_bce=0.639528 best=Y best_epoch=0 head_l2=0.000000 elapsed_sec=203.15
CHECKPOINT_BEST repeat=4 scope=internal_cv fold=8 phase=high_order_residual epoch=0 path=/data/adodas/VarCoNet-V2-main/xiaolunwen/experiment3/checkpoints/worker_r4_best.pt
CHECKPOINT_BEST repeat=4 scope=internal_cv fold=8 phase=high_order_residual epoch=1 path=/data/adodas/VarCoNet-V2-main/xiaolunwen/experiment3/checkpoints/worker_r4_best.pt
[HIGH_ORDER_RESIDUAL] repeat=4 fold=8 epoch=1/149 train_bce=0.417474 val_bce=0.639504 best=Y best_epoch=1 head_l2=0.001149 elapsed_sec=0.33
CHECKPOINT_BEST repeat=4 scope=internal_cv fold=8 phase=high_order_residual epoch=2 path=/data/adodas/VarCoNet-V2-main/xiaolunwen/experiment3/checkpoints/worker_r4_best.pt
[HIGH_ORDER_RESIDUAL] repeat=4 fold=8 epoch=2/149 train_bce=0.417217 val_bce=0.639479 best=Y best_epoch=2 head_l2=0.002295 elapsed_sec=0.32
CHECKPOINT_BEST repeat=4 scope=internal_cv fold=8 phase=high_order_residual epoch=3 path=/data/adodas/VarCoNet-V2-main/xiaolunwen/experiment3/checkpoints/worker_r4_best.pt
[HIGH_ORDER_RESIDUAL] repeat=4 fold=8 epoch=3/149 train_bce=0.416961 val_bce=0.639451 best=Y best_epoch=3 head_l2=0.003440 elapsed_sec=0.33
CHECKPOINT_BEST repeat=4 scope=internal_cv fold=8 phase=high_order_residual epoch=4 path=/data/adodas/VarCoNet-V2-main/xiaolunwen/experiment3/checkpoints/worker_r4_best.pt
[HIGH_ORDER_RESIDUAL] repeat=4 fold=8 epoch=4/149 train_bce=0.416706 val_bce=0.639421 best=Y best_epoch=4 head_l2=0.004584 elapsed_sec=0.23
CHECKPOINT_BEST repeat=4 scope=internal_cv fold=8 phase=high_order_residual epoch=5 path=/data/adodas/VarCoNet-V2-main/xiaolunwen/experiment3/checkpoints/worker_r4_best.pt
[HIGH_ORDER_RESIDUAL] repeat=4 fold=8 epoch=5/149 train_bce=0.416451 val_bce=0.639389 best=Y best_epoch=5 head_l2=0.005726 elapsed_sec=0.43
CHECKPOINT_BEST repeat=4 scope=internal_cv fold=8 phase=high_order_residual epoch=6 path=/data/adodas/VarCoNet-V2-main/xiaolunwen/experiment3/checkpoints/worker_r4_best.pt
[HIGH_ORDER_RESIDUAL] repeat=4 fold=8 epoch=6/149 train_bce=0.416197 val_bce=0.639356 best=Y best_epoch=6 head_l2=0.006867 elapsed_sec=0.22
CHECKPOINT_BEST repeat=4 scope=internal_cv fold=8 phase=high_order_residual epoch=7 path=/data/adodas/VarCoNet-V2-main/xiaolunwen/experiment3/checkpoints/worker_r4_best.pt
[HIGH_ORDER_RESIDUAL] repeat=4 fold=8 epoch=7/149 train_bce=0.415944 val_bce=0.639322 best=Y best_epoch=7 head_l2=0.008006 elapsed_sec=0.42
CHECKPOINT_BEST repeat=4 scope=internal_cv fold=8 phase=high_order_residual epoch=8 path=/data/adodas/VarCoNet-V2-main/xiaolunwen/experiment3/checkpoints/worker_r4_best.pt
[HIGH_ORDER_RESIDUAL] repeat=4 fold=8 epoch=8/149 train_bce=0.415691 val_bce=0.639286 best=Y best_epoch=8 head_l2=0.009143 elapsed_sec=0.31
CHECKPOINT_BEST repeat=4 scope=internal_cv fold=8 phase=high_order_residual epoch=9 path=/data/adodas/VarCoNet-V2-main/xiaolunwen/experiment3/checkpoints/worker_r4_best.pt
[HIGH_ORDER_RESIDUAL] repeat=4 fold=8 epoch=9/149 train_bce=0.415439 val_bce=0.639248 best=Y best_epoch=9 head_l2=0.010278 elapsed_sec=0.58
CHECKPOINT_BEST repeat=4 scope=internal_cv fold=8 phase=high_order_residual epoch=10 path=/data/adodas/VarCoNet-V2-main/xiaolunwen/experiment3/checkpoints/worker_r4_best.pt
[HIGH_ORDER_RESIDUAL] repeat=4 fold=8 epoch=10/149 train_bce=0.415188 val_bce=0.639210 best=Y best_epoch=10 head_l2=0.011412 elapsed_sec=0.46
CHECKPOINT_BEST repeat=4 scope=internal_cv fold=8 phase=high_order_residual epoch=11 path=/data/adodas/VarCoNet-V2-main/xiaolunwen/experiment3/checkpoints/worker_r4_best.pt
[HIGH_ORDER_RESIDUAL] repeat=4 fold=8 epoch=11/149 train_bce=0.414937 val_bce=0.639170 best=Y best_epoch=11 head_l2=0.012545 elapsed_sec=0.65
CHECKPOINT_BEST repeat=4 scope=internal_cv fold=8 phase=high_order_residual epoch=12 path=/data/adodas/VarCoNet-V2-main/xiaolunwen/experiment3/checkpoints/worker_r4_best.pt
[HIGH_ORDER_RESIDUAL] repeat=4 fold=8 epoch=12/149 train_bce=0.414687 val_bce=0.639130 best=Y best_epoch=12 head_l2=0.013677 elapsed_sec=0.32
CHECKPOINT_BEST repeat=4 scope=internal_cv fold=8 phase=high_order_residual epoch=13 path=/data/adodas/VarCoNet-V2-main/xiaolunwen/experiment3/checkpoints/worker_r4_best.pt
[HIGH_ORDER_RESIDUAL] repeat=4 fold=8 epoch=13/149 train_bce=0.414437 val_bce=0.639089 best=Y best_epoch=13 head_l2=0.014807 elapsed_sec=0.32
CHECKPOINT_BEST repeat=4 scope=internal_cv fold=8 phase=high_order_residual epoch=14 path=/data/adodas/VarCoNet-V2-main/xiaolunwen/experiment3/checkpoints/worker_r4_best.pt
[HIGH_ORDER_RESIDUAL] repeat=4 fold=8 epoch=14/149 train_bce=0.414188 val_bce=0.639046 best=Y best_epoch=14 head_l2=0.015935 elapsed_sec=0.24
CHECKPOINT_BEST repeat=4 scope=internal_cv fold=8 phase=high_order_residual epoch=15 path=/data/adodas/VarCoNet-V2-main/xiaolunwen/experiment3/checkpoints/worker_r4_best.pt
[HIGH_ORDER_RESIDUAL] repeat=4 fold=8 epoch=15/149 train_bce=0.413940 val_bce=0.639004 best=Y best_epoch=15 head_l2=0.017063 elapsed_sec=0.43
CHECKPOINT_BEST repeat=4 scope=internal_cv fold=8 phase=high_order_residual epoch=16 path=/data/adodas/VarCoNet-V2-main/xiaolunwen/experiment3/checkpoints/worker_r4_best.pt
[HIGH_ORDER_RESIDUAL] repeat=4 fold=8 epoch=16/149 train_bce=0.413692 val_bce=0.638960 best=Y best_epoch=16 head_l2=0.018190 elapsed_sec=0.33
CHECKPOINT_BEST repeat=4 scope=internal_cv fold=8 phase=high_order_residual epoch=17 path=/data/adodas/VarCoNet-V2-main/xiaolunwen/experiment3/checkpoints/worker_r4_best.pt
[HIGH_ORDER_RESIDUAL] repeat=4 fold=8 epoch=17/149 train_bce=0.413446 val_bce=0.638916 best=Y best_epoch=17 head_l2=0.019315 elapsed_sec=0.49
CHECKPOINT_BEST repeat=4 scope=internal_cv fold=8 phase=high_order_residual epoch=18 path=/data/adodas/VarCoNet-V2-main/xiaolunwen/experiment3/checkpoints/worker_r4_best.pt
[HIGH_ORDER_RESIDUAL] repeat=4 fold=8 epoch=18/149 train_bce=0.413199 val_bce=0.638871 best=Y best_epoch=18 head_l2=0.020439 elapsed_sec=0.68
CHECKPOINT_BEST repeat=4 scope=internal_cv fold=8 phase=high_order_residual epoch=19 path=/data/adodas/VarCoNet-V2-main/xiaolunwen/experiment3/checkpoints/worker_r4_best.pt
[HIGH_ORDER_RESIDUAL] repeat=4 fold=8 epoch=19/149 train_bce=0.412954 val_bce=0.638825 best=Y best_epoch=19 head_l2=0.021562 elapsed_sec=0.56
CHECKPOINT_BEST repeat=4 scope=internal_cv fold=8 phase=high_order_residual epoch=20 path=/data/adodas/VarCoNet-V2-main/xiaolunwen/experiment3/checkpoints/worker_r4_best.pt
[HIGH_ORDER_RESIDUAL] repeat=4 fold=8 epoch=20/149 train_bce=0.412709 val_bce=0.638778 best=Y best_epoch=20 head_l2=0.022683 elapsed_sec=0.36
CHECKPOINT_BEST repeat=4 scope=internal_cv fold=8 phase=high_order_residual epoch=21 path=/data/adodas/VarCoNet-V2-main/xiaolunwen/experiment3/checkpoints/worker_r4_best.pt
[HIGH_ORDER_RESIDUAL] repeat=4 fold=8 epoch=21/149 train_bce=0.412465 val_bce=0.638731 best=Y best_epoch=21 head_l2=0.023804 elapsed_sec=0.47
CHECKPOINT_BEST repeat=4 scope=internal_cv fold=8 phase=high_order_residual epoch=22 path=/data/adodas/VarCoNet-V2-main/xiaolunwen/experiment3/checkpoints/worker_r4_best.pt
[HIGH_ORDER_RESIDUAL] repeat=4 fold=8 epoch=22/149 train_bce=0.412221 val_bce=0.638684 best=Y best_epoch=22 head_l2=0.024923 elapsed_sec=0.38
CHECKPOINT_BEST repeat=4 scope=internal_cv fold=8 phase=high_order_residual epoch=23 path=/data/adodas/VarCoNet-V2-main/xiaolunwen/experiment3/checkpoints/worker_r4_best.pt
[HIGH_ORDER_RESIDUAL] repeat=4 fold=8 epoch=23/149 train_bce=0.411978 val_bce=0.638635 best=Y best_epoch=23 head_l2=0.026041 elapsed_sec=0.34
CHECKPOINT_BEST repeat=4 scope=internal_cv fold=8 phase=high_order_residual epoch=24 path=/data/adodas/VarCoNet-V2-main/xiaolunwen/experiment3/checkpoints/worker_r4_best.pt
[HIGH_ORDER_RESIDUAL] repeat=4 fold=8 epoch=24/149 train_bce=0.411736 val_bce=0.638586 best=Y best_epoch=24 head_l2=0.027158 elapsed_sec=0.32
CHECKPOINT_BEST repeat=4 scope=internal_cv fold=8 phase=high_order_residual epoch=25 path=/data/adodas/VarCoNet-V2-main/xiaolunwen/experiment3/checkpoints/worker_r4_best.pt
[HIGH_ORDER_RESIDUAL] repeat=4 fold=8 epoch=25/149 train_bce=0.411494 val_bce=0.638536 best=Y best_epoch=25 head_l2=0.028273 elapsed_sec=0.21
CHECKPOINT_BEST repeat=4 scope=internal_cv fold=8 phase=high_order_residual epoch=26 path=/data/adodas/VarCoNet-V2-main/xiaolunwen/experiment3/checkpoints/worker_r4_best.pt
[HIGH_ORDER_RESIDUAL] repeat=4 fold=8 epoch=26/149 train_bce=0.411253 val_bce=0.638486 best=Y best_epoch=26 head_l2=0.029388 elapsed_sec=0.56
CHECKPOINT_BEST repeat=4 scope=internal_cv fold=8 phase=high_order_residual epoch=27 path=/data/adodas/VarCoNet-V2-main/xiaolunwen/experiment3/checkpoints/worker_r4_best.pt
[HIGH_ORDER_RESIDUAL] repeat=4 fold=8 epoch=27/149 train_bce=0.411013 val_bce=0.638435 best=Y best_epoch=27 head_l2=0.030500 elapsed_sec=0.68
CHECKPOINT_BEST repeat=4 scope=internal_cv fold=8 phase=high_order_residual epoch=28 path=/data/adodas/VarCoNet-V2-main/xiaolunwen/experiment3/checkpoints/worker_r4_best.pt
[HIGH_ORDER_RESIDUAL] repeat=4 fold=8 epoch=28/149 train_bce=0.410774 val_bce=0.638384 best=Y best_epoch=28 head_l2=0.031612 elapsed_sec=0.35
CHECKPOINT_BEST repeat=4 scope=internal_cv fold=8 phase=high_order_residual epoch=29 path=/data/adodas/VarCoNet-V2-main/xiaolunwen/experiment3/checkpoints/worker_r4_best.pt
[HIGH_ORDER_RESIDUAL] repeat=4 fold=8 epoch=29/149 train_bce=0.410535 val_bce=0.638332 best=Y best_epoch=29 head_l2=0.032722 elapsed_sec=0.44
CHECKPOINT_BEST repeat=4 scope=internal_cv fold=8 phase=high_order_residual epoch=30 path=/data/adodas/VarCoNet-V2-main/xiaolunwen/experiment3/checkpoints/worker_r4_best.pt
[HIGH_ORDER_RESIDUAL] repeat=4 fold=8 epoch=30/149 train_bce=0.410297 val_bce=0.638279 best=Y best_epoch=30 head_l2=0.033830 elapsed_sec=0.38
CHECKPOINT_BEST repeat=4 scope=internal_cv fold=8 phase=high_order_residual epoch=31 path=/data/adodas/VarCoNet-V2-main/xiaolunwen/experiment3/checkpoints/worker_r4_best.pt
[HIGH_ORDER_RESIDUAL] repeat=4 fold=8 epoch=31/149 train_bce=0.410059 val_bce=0.638226 best=Y best_epoch=31 head_l2=0.034937 elapsed_sec=0.47
CHECKPOINT_BEST repeat=4 scope=internal_cv fold=8 phase=high_order_residual epoch=32 path=/data/adodas/VarCoNet-V2-main/xiaolunwen/experiment3/checkpoints/worker_r4_best.pt
[HIGH_ORDER_RESIDUAL] repeat=4 fold=8 epoch=32/149 train_bce=0.409822 val_bce=0.638173 best=Y best_epoch=32 head_l2=0.036043 elapsed_sec=0.34
CHECKPOINT_BEST repeat=4 scope=internal_cv fold=8 phase=high_order_residual epoch=33 path=/data/adodas/VarCoNet-V2-main/xiaolunwen/experiment3/checkpoints/worker_r4_best.pt
[HIGH_ORDER_RESIDUAL] repeat=4 fold=8 epoch=33/149 train_bce=0.409586 val_bce=0.638119 best=Y best_epoch=33 head_l2=0.037147 elapsed_sec=0.32
CHECKPOINT_BEST repeat=4 scope=internal_cv fold=8 phase=high_order_residual epoch=34 path=/data/adodas/VarCoNet-V2-main/xiaolunwen/experiment3/checkpoints/worker_r4_best.pt
[HIGH_ORDER_RESIDUAL] repeat=4 fold=8 epoch=34/149 train_bce=0.409351 val_bce=0.638064 best=Y best_epoch=34 head_l2=0.038249 elapsed_sec=0.31
CHECKPOINT_BEST repeat=4 scope=internal_cv fold=8 phase=high_order_residual epoch=35 path=/data/adodas/VarCoNet-V2-main/xiaolunwen/experiment3/checkpoints/worker_r4_best.pt
[HIGH_ORDER_RESIDUAL] repeat=4 fold=8 epoch=35/149 train_bce=0.409116 val_bce=0.638009 best=Y best_epoch=35 head_l2=0.039350 elapsed_sec=0.19
CHECKPOINT_BEST repeat=4 scope=internal_cv fold=8 phase=high_order_residual epoch=36 path=/data/adodas/VarCoNet-V2-main/xiaolunwen/experiment3/checkpoints/worker_r4_best.pt
[HIGH_ORDER_RESIDUAL] repeat=4 fold=8 epoch=36/149 train_bce=0.408882 val_bce=0.637954 best=Y best_epoch=36 head_l2=0.040450 elapsed_sec=0.46
CHECKPOINT_BEST repeat=4 scope=internal_cv fold=8 phase=high_order_residual epoch=37 path=/data/adodas/VarCoNet-V2-main/xiaolunwen/experiment3/checkpoints/worker_r4_best.pt
[HIGH_ORDER_RESIDUAL] repeat=4 fold=8 epoch=37/149 train_bce=0.408648 val_bce=0.637898 best=Y best_epoch=37 head_l2=0.041548 elapsed_sec=0.54
CHECKPOINT_BEST repeat=4 scope=internal_cv fold=8 phase=high_order_residual epoch=38 path=/data/adodas/VarCoNet-V2-main/xiaolunwen/experiment3/checkpoints/worker_r4_best.pt
[HIGH_ORDER_RESIDUAL] repeat=4 fold=8 epoch=38/149 train_bce=0.408416 val_bce=0.637842 best=Y best_epoch=38 head_l2=0.042644 elapsed_sec=0.36
CHECKPOINT_BEST repeat=4 scope=internal_cv fold=8 phase=high_order_residual epoch=39 path=/data/adodas/VarCoNet-V2-main/xiaolunwen/experiment3/checkpoints/worker_r4_best.pt
[HIGH_ORDER_RESIDUAL] repeat=4 fold=8 epoch=39/149 train_bce=0.408184 val_bce=0.637785 best=Y best_epoch=39 head_l2=0.043739 elapsed_sec=0.21
CHECKPOINT_BEST repeat=4 scope=internal_cv fold=8 phase=high_order_residual epoch=40 path=/data/adodas/VarCoNet-V2-main/xiaolunwen/experiment3/checkpoints/worker_r4_best.pt
[HIGH_ORDER_RESIDUAL] repeat=4 fold=8 epoch=40/149 train_bce=0.407952 val_bce=0.637729 best=Y best_epoch=40 head_l2=0.044832 elapsed_sec=0.44
CHECKPOINT_BEST repeat=4 scope=internal_cv fold=8 phase=high_order_residual epoch=41 path=/data/adodas/VarCoNet-V2-main/xiaolunwen/experiment3/checkpoints/worker_r4_best.pt
[HIGH_ORDER_RESIDUAL] repeat=4 fold=8 epoch=41/149 train_bce=0.407721 val_bce=0.637672 best=Y best_epoch=41 head_l2=0.045923 elapsed_sec=0.33
CHECKPOINT_BEST repeat=4 scope=internal_cv fold=8 phase=high_order_residual epoch=42 path=/data/adodas/VarCoNet-V2-main/xiaolunwen/experiment3/checkpoints/worker_r4_best.pt
[HIGH_ORDER_RESIDUAL] repeat=4 fold=8 epoch=42/149 train_bce=0.407491 val_bce=0.637614 best=Y best_epoch=42 head_l2=0.047013 elapsed_sec=0.22
CHECKPOINT_BEST repeat=4 scope=internal_cv fold=8 phase=high_order_residual epoch=43 path=/data/adodas/VarCoNet-V2-main/xiaolunwen/experiment3/checkpoints/worker_r4_best.pt
[HIGH_ORDER_RESIDUAL] repeat=4 fold=8 epoch=43/149 train_bce=0.407262 val_bce=0.637557 best=Y best_epoch=43 head_l2=0.048102 elapsed_sec=0.45
CHECKPOINT_BEST repeat=4 scope=internal_cv fold=8 phase=high_order_residual epoch=44 path=/data/adodas/VarCoNet-V2-main/xiaolunwen/experiment3/checkpoints/worker_r4_best.pt
[HIGH_ORDER_RESIDUAL] repeat=4 fold=8 epoch=44/149 train_bce=0.407033 val_bce=0.637499 best=Y best_epoch=44 head_l2=0.049189 elapsed_sec=0.31
CHECKPOINT_BEST repeat=4 scope=internal_cv fold=8 phase=high_order_residual epoch=45 path=/data/adodas/VarCoNet-V2-main/xiaolunwen/experiment3/checkpoints/worker_r4_best.pt
[HIGH_ORDER_RESIDUAL] repeat=4 fold=8 epoch=45/149 train_bce=0.406804 val_bce=0.637441 best=Y best_epoch=45 head_l2=0.050274 elapsed_sec=0.33
CHECKPOINT_BEST repeat=4 scope=internal_cv fold=8 phase=high_order_residual epoch=46 path=/data/adodas/VarCoNet-V2-main/xiaolunwen/experiment3/checkpoints/worker_r4_best.pt
[HIGH_ORDER_RESIDUAL] repeat=4 fold=8 epoch=46/149 train_bce=0.406577 val_bce=0.637383 best=Y best_epoch=46 head_l2=0.051358 elapsed_sec=0.21
CHECKPOINT_BEST repeat=4 scope=internal_cv fold=8 phase=high_order_residual epoch=47 path=/data/adodas/VarCoNet-V2-main/xiaolunwen/experiment3/checkpoints/worker_r4_best.pt
[HIGH_ORDER_RESIDUAL] repeat=4 fold=8 epoch=47/149 train_bce=0.406350 val_bce=0.637325 best=Y best_epoch=47 head_l2=0.052440 elapsed_sec=0.20
CHECKPOINT_BEST repeat=4 scope=internal_cv fold=8 phase=high_order_residual epoch=48 path=/data/adodas/VarCoNet-V2-main/xiaolunwen/experiment3/checkpoints/worker_r4_best.pt
[HIGH_ORDER_RESIDUAL] repeat=4 fold=8 epoch=48/149 train_bce=0.406124 val_bce=0.637267 best=Y best_epoch=48 head_l2=0.053520 elapsed_sec=0.22
CHECKPOINT_BEST repeat=4 scope=internal_cv fold=8 phase=high_order_residual epoch=49 path=/data/adodas/VarCoNet-V2-main/xiaolunwen/experiment3/checkpoints/worker_r4_best.pt
[HIGH_ORDER_RESIDUAL] repeat=4 fold=8 epoch=49/149 train_bce=0.405898 val_bce=0.637208 best=Y best_epoch=49 head_l2=0.054599 elapsed_sec=0.30
CHECKPOINT_BEST repeat=4 scope=internal_cv fold=8 phase=high_order_residual epoch=50 path=/data/adodas/VarCoNet-V2-main/xiaolunwen/experiment3/checkpoints/worker_r4_best.pt
[HIGH_ORDER_RESIDUAL] repeat=4 fold=8 epoch=50/149 train_bce=0.405673 val_bce=0.637150 best=Y best_epoch=50 head_l2=0.055676 elapsed_sec=0.45
CHECKPOINT_BEST repeat=4 scope=internal_cv fold=8 phase=high_order_residual epoch=51 path=/data/adodas/VarCoNet-V2-main/xiaolunwen/experiment3/checkpoints/worker_r4_best.pt
[HIGH_ORDER_RESIDUAL] repeat=4 fold=8 epoch=51/149 train_bce=0.405449 val_bce=0.637091 best=Y best_epoch=51 head_l2=0.056752 elapsed_sec=0.21
CHECKPOINT_BEST repeat=4 scope=internal_cv fold=8 phase=high_order_residual epoch=52 path=/data/adodas/VarCoNet-V2-main/xiaolunwen/experiment3/checkpoints/worker_r4_best.pt
[HIGH_ORDER_RESIDUAL] repeat=4 fold=8 epoch=52/149 train_bce=0.405225 val_bce=0.637033 best=Y best_epoch=52 head_l2=0.057826 elapsed_sec=0.19
CHECKPOINT_BEST repeat=4 scope=internal_cv fold=8 phase=high_order_residual epoch=53 path=/data/adodas/VarCoNet-V2-main/xiaolunwen/experiment3/checkpoints/worker_r4_best.pt
[HIGH_ORDER_RESIDUAL] repeat=4 fold=8 epoch=53/149 train_bce=0.405002 val_bce=0.636974 best=Y best_epoch=53 head_l2=0.058899 elapsed_sec=0.19
CHECKPOINT_BEST repeat=4 scope=internal_cv fold=8 phase=high_order_residual epoch=54 path=/data/adodas/VarCoNet-V2-main/xiaolunwen/experiment3/checkpoints/worker_r4_best.pt
[HIGH_ORDER_RESIDUAL] repeat=4 fold=8 epoch=54/149 train_bce=0.404779 val_bce=0.636916 best=Y best_epoch=54 head_l2=0.059970 elapsed_sec=0.21
CHECKPOINT_BEST repeat=4 scope=internal_cv fold=8 phase=high_order_residual epoch=55 path=/data/adodas/VarCoNet-V2-main/xiaolunwen/experiment3/checkpoints/worker_r4_best.pt
[HIGH_ORDER_RESIDUAL] repeat=4 fold=8 epoch=55/149 train_bce=0.404557 val_bce=0.636857 best=Y best_epoch=55 head_l2=0.061039 elapsed_sec=0.21
CHECKPOINT_BEST repeat=4 scope=internal_cv fold=8 phase=high_order_residual epoch=56 path=/data/adodas/VarCoNet-V2-main/xiaolunwen/experiment3/checkpoints/worker_r4_best.pt
[HIGH_ORDER_RESIDUAL] repeat=4 fold=8 epoch=56/149 train_bce=0.404336 val_bce=0.636799 best=Y best_epoch=56 head_l2=0.062107 elapsed_sec=0.20
CHECKPOINT_BEST repeat=4 scope=internal_cv fold=8 phase=high_order_residual epoch=57 path=/data/adodas/VarCoNet-V2-main/xiaolunwen/experiment3/checkpoints/worker_r4_best.pt
[HIGH_ORDER_RESIDUAL] repeat=4 fold=8 epoch=57/149 train_bce=0.404115 val_bce=0.636741 best=Y best_epoch=57 head_l2=0.063174 elapsed_sec=0.18
CHECKPOINT_BEST repeat=4 scope=internal_cv fold=8 phase=high_order_residual epoch=58 path=/data/adodas/VarCoNet-V2-main/xiaolunwen/experiment3/checkpoints/worker_r4_best.pt
[HIGH_ORDER_RESIDUAL] repeat=4 fold=8 epoch=58/149 train_bce=0.403895 val_bce=0.636683 best=Y best_epoch=58 head_l2=0.064238 elapsed_sec=0.20
CHECKPOINT_BEST repeat=4 scope=internal_cv fold=8 phase=high_order_residual epoch=59 path=/data/adodas/VarCoNet-V2-main/xiaolunwen/experiment3/checkpoints/worker_r4_best.pt
[HIGH_ORDER_RESIDUAL] repeat=4 fold=8 epoch=59/149 train_bce=0.403676 val_bce=0.636625 best=Y best_epoch=59 head_l2=0.065302 elapsed_sec=0.18
CHECKPOINT_BEST repeat=4 scope=internal_cv fold=8 phase=high_order_residual epoch=60 path=/data/adodas/VarCoNet-V2-main/xiaolunwen/experiment3/checkpoints/worker_r4_best.pt
[HIGH_ORDER_RESIDUAL] repeat=4 fold=8 epoch=60/149 train_bce=0.403457 val_bce=0.636567 best=Y best_epoch=60 head_l2=0.066364 elapsed_sec=0.22
CHECKPOINT_BEST repeat=4 scope=internal_cv fold=8 phase=high_order_residual epoch=61 path=/data/adodas/VarCoNet-V2-main/xiaolunwen/experiment3/checkpoints/worker_r4_best.pt
[HIGH_ORDER_RESIDUAL] repeat=4 fold=8 epoch=61/149 train_bce=0.403238 val_bce=0.636509 best=Y best_epoch=61 head_l2=0.067424 elapsed_sec=0.20
CHECKPOINT_BEST repeat=4 scope=internal_cv fold=8 phase=high_order_residual epoch=62 path=/data/adodas/VarCoNet-V2-main/xiaolunwen/experiment3/checkpoints/worker_r4_best.pt
[HIGH_ORDER_RESIDUAL] repeat=4 fold=8 epoch=62/149 train_bce=0.403021 val_bce=0.636451 best=Y best_epoch=62 head_l2=0.068483 elapsed_sec=0.21
CHECKPOINT_BEST repeat=4 scope=internal_cv fold=8 phase=high_order_residual epoch=63 path=/data/adodas/VarCoNet-V2-main/xiaolunwen/experiment3/checkpoints/worker_r4_best.pt
[HIGH_ORDER_RESIDUAL] repeat=4 fold=8 epoch=63/149 train_bce=0.402804 val_bce=0.636394 best=Y best_epoch=63 head_l2=0.069540 elapsed_sec=0.21
CHECKPOINT_BEST repeat=4 scope=internal_cv fold=8 phase=high_order_residual epoch=64 path=/data/adodas/VarCoNet-V2-main/xiaolunwen/experiment3/checkpoints/worker_r4_best.pt
[HIGH_ORDER_RESIDUAL] repeat=4 fold=8 epoch=64/149 train_bce=0.402587 val_bce=0.636336 best=Y best_epoch=64 head_l2=0.070596 elapsed_sec=0.21
CHECKPOINT_BEST repeat=4 scope=internal_cv fold=8 phase=high_order_residual epoch=65 path=/data/adodas/VarCoNet-V2-main/xiaolunwen/experiment3/checkpoints/worker_r4_best.pt
[HIGH_ORDER_RESIDUAL] repeat=4 fold=8 epoch=65/149 train_bce=0.402371 val_bce=0.636279 best=Y best_epoch=65 head_l2=0.071650 elapsed_sec=0.19
CHECKPOINT_BEST repeat=4 scope=internal_cv fold=8 phase=high_order_residual epoch=66 path=/data/adodas/VarCoNet-V2-main/xiaolunwen/experiment3/checkpoints/worker_r4_best.pt
[HIGH_ORDER_RESIDUAL] repeat=4 fold=8 epoch=66/149 train_bce=0.402156 val_bce=0.636222 best=Y best_epoch=66 head_l2=0.072703 elapsed_sec=0.19
CHECKPOINT_BEST repeat=4 scope=internal_cv fold=8 phase=high_order_residual epoch=67 path=/data/adodas/VarCoNet-V2-main/xiaolunwen/experiment3/checkpoints/worker_r4_best.pt
[HIGH_ORDER_RESIDUAL] repeat=4 fold=8 epoch=67/149 train_bce=0.401941 val_bce=0.636165 best=Y best_epoch=67 head_l2=0.073755 elapsed_sec=0.21
CHECKPOINT_BEST repeat=4 scope=internal_cv fold=8 phase=high_order_residual epoch=68 path=/data/adodas/VarCoNet-V2-main/xiaolunwen/experiment3/checkpoints/worker_r4_best.pt
[HIGH_ORDER_RESIDUAL] repeat=4 fold=8 epoch=68/149 train_bce=0.401727 val_bce=0.636109 best=Y best_epoch=68 head_l2=0.074805 elapsed_sec=0.20
CHECKPOINT_BEST repeat=4 scope=internal_cv fold=8 phase=high_order_residual epoch=69 path=/data/adodas/VarCoNet-V2-main/xiaolunwen/experiment3/checkpoints/worker_r4_best.pt
[HIGH_ORDER_RESIDUAL] repeat=4 fold=8 epoch=69/149 train_bce=0.401513 val_bce=0.636052 best=Y best_epoch=69 head_l2=0.075853 elapsed_sec=0.42
CHECKPOINT_BEST repeat=4 scope=internal_cv fold=8 phase=high_order_residual epoch=70 path=/data/adodas/VarCoNet-V2-main/xiaolunwen/experiment3/checkpoints/worker_r4_best.pt
[HIGH_ORDER_RESIDUAL] repeat=4 fold=8 epoch=70/149 train_bce=0.401300 val_bce=0.635996 best=Y best_epoch=70 head_l2=0.076900 elapsed_sec=0.48
CHECKPOINT_BEST repeat=4 scope=internal_cv fold=8 phase=high_order_residual epoch=71 path=/data/adodas/VarCoNet-V2-main/xiaolunwen/experiment3/checkpoints/worker_r4_best.pt
[HIGH_ORDER_RESIDUAL] repeat=4 fold=8 epoch=71/149 train_bce=0.401087 val_bce=0.635940 best=Y best_epoch=71 head_l2=0.077946 elapsed_sec=0.21
CHECKPOINT_BEST repeat=4 scope=internal_cv fold=8 phase=high_order_residual epoch=72 path=/data/adodas/VarCoNet-V2-main/xiaolunwen/experiment3/checkpoints/worker_r4_best.pt
[HIGH_ORDER_RESIDUAL] repeat=4 fold=8 epoch=72/149 train_bce=0.400875 val_bce=0.635884 best=Y best_epoch=72 head_l2=0.078990 elapsed_sec=0.19
CHECKPOINT_BEST repeat=4 scope=internal_cv fold=8 phase=high_order_residual epoch=73 path=/data/adodas/VarCoNet-V2-main/xiaolunwen/experiment3/checkpoints/worker_r4_best.pt
[HIGH_ORDER_RESIDUAL] repeat=4 fold=8 epoch=73/149 train_bce=0.400664 val_bce=0.635828 best=Y best_epoch=73 head_l2=0.080033 elapsed_sec=0.42
CHECKPOINT_BEST repeat=4 scope=internal_cv fold=8 phase=high_order_residual epoch=74 path=/data/adodas/VarCoNet-V2-main/xiaolunwen/experiment3/checkpoints/worker_r4_best.pt
[HIGH_ORDER_RESIDUAL] repeat=4 fold=8 epoch=74/149 train_bce=0.400453 val_bce=0.635772 best=Y best_epoch=74 head_l2=0.081075 elapsed_sec=0.23
CHECKPOINT_BEST repeat=4 scope=internal_cv fold=8 phase=high_order_residual epoch=75 path=/data/adodas/VarCoNet-V2-main/xiaolunwen/experiment3/checkpoints/worker_r4_best.pt
[HIGH_ORDER_RESIDUAL] repeat=4 fold=8 epoch=75/149 train_bce=0.400243 val_bce=0.635717 best=Y best_epoch=75 head_l2=0.082115 elapsed_sec=0.22
CHECKPOINT_BEST repeat=4 scope=internal_cv fold=8 phase=high_order_residual epoch=76 path=/data/adodas/VarCoNet-V2-main/xiaolunwen/experiment3/checkpoints/worker_r4_best.pt
[HIGH_ORDER_RESIDUAL] repeat=4 fold=8 epoch=76/149 train_bce=0.400033 val_bce=0.635662 best=Y best_epoch=76 head_l2=0.083154 elapsed_sec=0.21
CHECKPOINT_BEST repeat=4 scope=internal_cv fold=8 phase=high_order_residual epoch=77 path=/data/adodas/VarCoNet-V2-main/xiaolunwen/experiment3/checkpoints/worker_r4_best.pt
[HIGH_ORDER_RESIDUAL] repeat=4 fold=8 epoch=77/149 train_bce=0.399824 val_bce=0.635607 best=Y best_epoch=77 head_l2=0.084191 elapsed_sec=0.19
CHECKPOINT_BEST repeat=4 scope=internal_cv fold=8 phase=high_order_residual epoch=78 path=/data/adodas/VarCoNet-V2-main/xiaolunwen/experiment3/checkpoints/worker_r4_best.pt
[HIGH_ORDER_RESIDUAL] repeat=4 fold=8 epoch=78/149 train_bce=0.399615 val_bce=0.635552 best=Y best_epoch=78 head_l2=0.085227 elapsed_sec=0.19
CHECKPOINT_BEST repeat=4 scope=internal_cv fold=8 phase=high_order_residual epoch=79 path=/data/adodas/VarCoNet-V2-main/xiaolunwen/experiment3/checkpoints/worker_r4_best.pt
[HIGH_ORDER_RESIDUAL] repeat=4 fold=8 epoch=79/149 train_bce=0.399407 val_bce=0.635498 best=Y best_epoch=79 head_l2=0.086261 elapsed_sec=0.23
CHECKPOINT_BEST repeat=4 scope=internal_cv fold=8 phase=high_order_residual epoch=80 path=/data/adodas/VarCoNet-V2-main/xiaolunwen/experiment3/checkpoints/worker_r4_best.pt
[HIGH_ORDER_RESIDUAL] repeat=4 fold=8 epoch=80/149 train_bce=0.399199 val_bce=0.635443 best=Y best_epoch=80 head_l2=0.087295 elapsed_sec=0.21
CHECKPOINT_BEST repeat=4 scope=internal_cv fold=8 phase=high_order_residual epoch=81 path=/data/adodas/VarCoNet-V2-main/xiaolunwen/experiment3/checkpoints/worker_r4_best.pt
[HIGH_ORDER_RESIDUAL] repeat=4 fold=8 epoch=81/149 train_bce=0.398992 val_bce=0.635389 best=Y best_epoch=81 head_l2=0.088327 elapsed_sec=0.23
CHECKPOINT_BEST repeat=4 scope=internal_cv fold=8 phase=high_order_residual epoch=82 path=/data/adodas/VarCoNet-V2-main/xiaolunwen/experiment3/checkpoints/worker_r4_best.pt
[HIGH_ORDER_RESIDUAL] repeat=4 fold=8 epoch=82/149 train_bce=0.398786 val_bce=0.635335 best=Y best_epoch=82 head_l2=0.089357 elapsed_sec=0.20
CHECKPOINT_BEST repeat=4 scope=internal_cv fold=8 phase=high_order_residual epoch=83 path=/data/adodas/VarCoNet-V2-main/xiaolunwen/experiment3/checkpoints/worker_r4_best.pt
[HIGH_ORDER_RESIDUAL] repeat=4 fold=8 epoch=83/149 train_bce=0.398580 val_bce=0.635281 best=Y best_epoch=83 head_l2=0.090386 elapsed_sec=0.23
CHECKPOINT_BEST repeat=4 scope=internal_cv fold=8 phase=high_order_residual epoch=84 path=/data/adodas/VarCoNet-V2-main/xiaolunwen/experiment3/checkpoints/worker_r4_best.pt
[HIGH_ORDER_RESIDUAL] repeat=4 fold=8 epoch=84/149 train_bce=0.398374 val_bce=0.635227 best=Y best_epoch=84 head_l2=0.091414 elapsed_sec=0.20
CHECKPOINT_BEST repeat=4 scope=internal_cv fold=8 phase=high_order_residual epoch=85 path=/data/adodas/VarCoNet-V2-main/xiaolunwen/experiment3/checkpoints/worker_r4_best.pt
[HIGH_ORDER_RESIDUAL] repeat=4 fold=8 epoch=85/149 train_bce=0.398169 val_bce=0.635174 best=Y best_epoch=85 head_l2=0.092441 elapsed_sec=0.20
CHECKPOINT_BEST repeat=4 scope=internal_cv fold=8 phase=high_order_residual epoch=86 path=/data/adodas/VarCoNet-V2-main/xiaolunwen/experiment3/checkpoints/worker_r4_best.pt
[HIGH_ORDER_RESIDUAL] repeat=4 fold=8 epoch=86/149 train_bce=0.397964 val_bce=0.635121 best=Y best_epoch=86 head_l2=0.093466 elapsed_sec=0.20
CHECKPOINT_BEST repeat=4 scope=internal_cv fold=8 phase=high_order_residual epoch=87 path=/data/adodas/VarCoNet-V2-main/xiaolunwen/experiment3/checkpoints/worker_r4_best.pt
[HIGH_ORDER_RESIDUAL] repeat=4 fold=8 epoch=87/149 train_bce=0.397760 val_bce=0.635068 best=Y best_epoch=87 head_l2=0.094490 elapsed_sec=0.22
CHECKPOINT_BEST repeat=4 scope=internal_cv fold=8 phase=high_order_residual epoch=88 path=/data/adodas/VarCoNet-V2-main/xiaolunwen/experiment3/checkpoints/worker_r4_best.pt
[HIGH_ORDER_RESIDUAL] repeat=4 fold=8 epoch=88/149 train_bce=0.397557 val_bce=0.635015 best=Y best_epoch=88 head_l2=0.095512 elapsed_sec=0.20
CHECKPOINT_BEST repeat=4 scope=internal_cv fold=8 phase=high_order_residual epoch=89 path=/data/adodas/VarCoNet-V2-main/xiaolunwen/experiment3/checkpoints/worker_r4_best.pt
[HIGH_ORDER_RESIDUAL] repeat=4 fold=8 epoch=89/149 train_bce=0.397354 val_bce=0.634962 best=Y best_epoch=89 head_l2=0.096534 elapsed_sec=0.23
CHECKPOINT_BEST repeat=4 scope=internal_cv fold=8 phase=high_order_residual epoch=90 path=/data/adodas/VarCoNet-V2-main/xiaolunwen/experiment3/checkpoints/worker_r4_best.pt
[HIGH_ORDER_RESIDUAL] repeat=4 fold=8 epoch=90/149 train_bce=0.397151 val_bce=0.634910 best=Y best_epoch=90 head_l2=0.097554 elapsed_sec=0.21
CHECKPOINT_BEST repeat=4 scope=internal_cv fold=8 phase=high_order_residual epoch=91 path=/data/adodas/VarCoNet-V2-main/xiaolunwen/experiment3/checkpoints/worker_r4_best.pt
[HIGH_ORDER_RESIDUAL] repeat=4 fold=8 epoch=91/149 train_bce=0.396949 val_bce=0.634857 best=Y best_epoch=91 head_l2=0.098573 elapsed_sec=0.22
CHECKPOINT_BEST repeat=4 scope=internal_cv fold=8 phase=high_order_residual epoch=92 path=/data/adodas/VarCoNet-V2-main/xiaolunwen/experiment3/checkpoints/worker_r4_best.pt
[HIGH_ORDER_RESIDUAL] repeat=4 fold=8 epoch=92/149 train_bce=0.396748 val_bce=0.634805 best=Y best_epoch=92 head_l2=0.099590 elapsed_sec=0.19
CHECKPOINT_BEST repeat=4 scope=internal_cv fold=8 phase=high_order_residual epoch=93 path=/data/adodas/VarCoNet-V2-main/xiaolunwen/experiment3/checkpoints/worker_r4_best.pt
[HIGH_ORDER_RESIDUAL] repeat=4 fold=8 epoch=93/149 train_bce=0.396547 val_bce=0.634753 best=Y best_epoch=93 head_l2=0.100606 elapsed_sec=0.21
CHECKPOINT_BEST repeat=4 scope=internal_cv fold=8 phase=high_order_residual epoch=94 path=/data/adodas/VarCoNet-V2-main/xiaolunwen/experiment3/checkpoints/worker_r4_best.pt
[HIGH_ORDER_RESIDUAL] repeat=4 fold=8 epoch=94/149 train_bce=0.396346 val_bce=0.634702 best=Y best_epoch=94 head_l2=0.101621 elapsed_sec=0.20
CHECKPOINT_BEST repeat=4 scope=internal_cv fold=8 phase=high_order_residual epoch=95 path=/data/adodas/VarCoNet-V2-main/xiaolunwen/experiment3/checkpoints/worker_r4_best.pt
[HIGH_ORDER_RESIDUAL] repeat=4 fold=8 epoch=95/149 train_bce=0.396146 val_bce=0.634650 best=Y best_epoch=95 head_l2=0.102635 elapsed_sec=0.21
CHECKPOINT_BEST repeat=4 scope=internal_cv fold=8 phase=high_order_residual epoch=96 path=/data/adodas/VarCoNet-V2-main/xiaolunwen/experiment3/checkpoints/worker_r4_best.pt
[HIGH_ORDER_RESIDUAL] repeat=4 fold=8 epoch=96/149 train_bce=0.395947 val_bce=0.634599 best=Y best_epoch=96 head_l2=0.103647 elapsed_sec=0.21
CHECKPOINT_BEST repeat=4 scope=internal_cv fold=8 phase=high_order_residual epoch=97 path=/data/adodas/VarCoNet-V2-main/xiaolunwen/experiment3/checkpoints/worker_r4_best.pt
[HIGH_ORDER_RESIDUAL] repeat=4 fold=8 epoch=97/149 train_bce=0.395748 val_bce=0.634548 best=Y best_epoch=97 head_l2=0.104658 elapsed_sec=0.19
CHECKPOINT_BEST repeat=4 scope=internal_cv fold=8 phase=high_order_residual epoch=98 path=/data/adodas/VarCoNet-V2-main/xiaolunwen/experiment3/checkpoints/worker_r4_best.pt
[HIGH_ORDER_RESIDUAL] repeat=4 fold=8 epoch=98/149 train_bce=0.395549 val_bce=0.634497 best=Y best_epoch=98 head_l2=0.105668 elapsed_sec=0.21
CHECKPOINT_BEST repeat=4 scope=internal_cv fold=8 phase=high_order_residual epoch=99 path=/data/adodas/VarCoNet-V2-main/xiaolunwen/experiment3/checkpoints/worker_r4_best.pt
[HIGH_ORDER_RESIDUAL] repeat=4 fold=8 epoch=99/149 train_bce=0.395351 val_bce=0.634446 best=Y best_epoch=99 head_l2=0.106677 elapsed_sec=0.21
CHECKPOINT_BEST repeat=4 scope=internal_cv fold=8 phase=high_order_residual epoch=100 path=/data/adodas/VarCoNet-V2-main/xiaolunwen/experiment3/checkpoints/worker_r4_best.pt
[HIGH_ORDER_RESIDUAL] repeat=4 fold=8 epoch=100/149 train_bce=0.395153 val_bce=0.634396 best=Y best_epoch=100 head_l2=0.107684 elapsed_sec=0.21
CHECKPOINT_BEST repeat=4 scope=internal_cv fold=8 phase=high_order_residual epoch=101 path=/data/adodas/VarCoNet-V2-main/xiaolunwen/experiment3/checkpoints/worker_r4_best.pt
[HIGH_ORDER_RESIDUAL] repeat=4 fold=8 epoch=101/149 train_bce=0.394956 val_bce=0.634345 best=Y best_epoch=101 head_l2=0.108691 elapsed_sec=0.21
CHECKPOINT_BEST repeat=4 scope=internal_cv fold=8 phase=high_order_residual epoch=102 path=/data/adodas/VarCoNet-V2-main/xiaolunwen/experiment3/checkpoints/worker_r4_best.pt
[HIGH_ORDER_RESIDUAL] repeat=4 fold=8 epoch=102/149 train_bce=0.394759 val_bce=0.634295 best=Y best_epoch=102 head_l2=0.109696 elapsed_sec=0.23
CHECKPOINT_BEST repeat=4 scope=internal_cv fold=8 phase=high_order_residual epoch=103 path=/data/adodas/VarCoNet-V2-main/xiaolunwen/experiment3/checkpoints/worker_r4_best.pt
[HIGH_ORDER_RESIDUAL] repeat=4 fold=8 epoch=103/149 train_bce=0.394563 val_bce=0.634245 best=Y best_epoch=103 head_l2=0.110700 elapsed_sec=0.45
CHECKPOINT_BEST repeat=4 scope=internal_cv fold=8 phase=high_order_residual epoch=104 path=/data/adodas/VarCoNet-V2-main/xiaolunwen/experiment3/checkpoints/worker_r4_best.pt
[HIGH_ORDER_RESIDUAL] repeat=4 fold=8 epoch=104/149 train_bce=0.394367 val_bce=0.634196 best=Y best_epoch=104 head_l2=0.111702 elapsed_sec=0.22
CHECKPOINT_BEST repeat=4 scope=internal_cv fold=8 phase=high_order_residual epoch=105 path=/data/adodas/VarCoNet-V2-main/xiaolunwen/experiment3/checkpoints/worker_r4_best.pt
[HIGH_ORDER_RESIDUAL] repeat=4 fold=8 epoch=105/149 train_bce=0.394172 val_bce=0.634146 best=Y best_epoch=105 head_l2=0.112704 elapsed_sec=0.22
CHECKPOINT_BEST repeat=4 scope=internal_cv fold=8 phase=high_order_residual epoch=106 path=/data/adodas/VarCoNet-V2-main/xiaolunwen/experiment3/checkpoints/worker_r4_best.pt
[HIGH_ORDER_RESIDUAL] repeat=4 fold=8 epoch=106/149 train_bce=0.393977 val_bce=0.634097 best=Y best_epoch=106 head_l2=0.113704 elapsed_sec=0.20
CHECKPOINT_BEST repeat=4 scope=internal_cv fold=8 phase=high_order_residual epoch=107 path=/data/adodas/VarCoNet-V2-main/xiaolunwen/experiment3/checkpoints/worker_r4_best.pt
[HIGH_ORDER_RESIDUAL] repeat=4 fold=8 epoch=107/149 train_bce=0.393783 val_bce=0.634048 best=Y best_epoch=107 head_l2=0.114703 elapsed_sec=0.21
CHECKPOINT_BEST repeat=4 scope=internal_cv fold=8 phase=high_order_residual epoch=108 path=/data/adodas/VarCoNet-V2-main/xiaolunwen/experiment3/checkpoints/worker_r4_best.pt
[HIGH_ORDER_RESIDUAL] repeat=4 fold=8 epoch=108/149 train_bce=0.393589 val_bce=0.633999 best=Y best_epoch=108 head_l2=0.115701 elapsed_sec=0.20
CHECKPOINT_BEST repeat=4 scope=internal_cv fold=8 phase=high_order_residual epoch=109 path=/data/adodas/VarCoNet-V2-main/xiaolunwen/experiment3/checkpoints/worker_r4_best.pt
[HIGH_ORDER_RESIDUAL] repeat=4 fold=8 epoch=109/149 train_bce=0.393395 val_bce=0.633950 best=Y best_epoch=109 head_l2=0.116698 elapsed_sec=0.21
CHECKPOINT_BEST repeat=4 scope=internal_cv fold=8 phase=high_order_residual epoch=110 path=/data/adodas/VarCoNet-V2-main/xiaolunwen/experiment3/checkpoints/worker_r4_best.pt
[HIGH_ORDER_RESIDUAL] repeat=4 fold=8 epoch=110/149 train_bce=0.393202 val_bce=0.633902 best=Y best_epoch=110 head_l2=0.117693 elapsed_sec=0.19
CHECKPOINT_BEST repeat=4 scope=internal_cv fold=8 phase=high_order_residual epoch=111 path=/data/adodas/VarCoNet-V2-main/xiaolunwen/experiment3/checkpoints/worker_r4_best.pt
[HIGH_ORDER_RESIDUAL] repeat=4 fold=8 epoch=111/149 train_bce=0.393010 val_bce=0.633854 best=Y best_epoch=111 head_l2=0.118687 elapsed_sec=0.21
CHECKPOINT_BEST repeat=4 scope=internal_cv fold=8 phase=high_order_residual epoch=112 path=/data/adodas/VarCoNet-V2-main/xiaolunwen/experiment3/checkpoints/worker_r4_best.pt
[HIGH_ORDER_RESIDUAL] repeat=4 fold=8 epoch=112/149 train_bce=0.392817 val_bce=0.633806 best=Y best_epoch=112 head_l2=0.119681 elapsed_sec=0.21
CHECKPOINT_BEST repeat=4 scope=internal_cv fold=8 phase=high_order_residual epoch=113 path=/data/adodas/VarCoNet-V2-main/xiaolunwen/experiment3/checkpoints/worker_r4_best.pt
[HIGH_ORDER_RESIDUAL] repeat=4 fold=8 epoch=113/149 train_bce=0.392626 val_bce=0.633758 best=Y best_epoch=113 head_l2=0.120673 elapsed_sec=0.22
CHECKPOINT_BEST repeat=4 scope=internal_cv fold=8 phase=high_order_residual epoch=114 path=/data/adodas/VarCoNet-V2-main/xiaolunwen/experiment3/checkpoints/worker_r4_best.pt
[HIGH_ORDER_RESIDUAL] repeat=4 fold=8 epoch=114/149 train_bce=0.392434 val_bce=0.633710 best=Y best_epoch=114 head_l2=0.121664 elapsed_sec=0.20
CHECKPOINT_BEST repeat=4 scope=internal_cv fold=8 phase=high_order_residual epoch=115 path=/data/adodas/VarCoNet-V2-main/xiaolunwen/experiment3/checkpoints/worker_r4_best.pt
[HIGH_ORDER_RESIDUAL] repeat=4 fold=8 epoch=115/149 train_bce=0.392243 val_bce=0.633663 best=Y best_epoch=115 head_l2=0.122654 elapsed_sec=0.40
CHECKPOINT_BEST repeat=4 scope=internal_cv fold=8 phase=high_order_residual epoch=116 path=/data/adodas/VarCoNet-V2-main/xiaolunwen/experiment3/checkpoints/worker_r4_best.pt
[HIGH_ORDER_RESIDUAL] repeat=4 fold=8 epoch=116/149 train_bce=0.392053 val_bce=0.633616 best=Y best_epoch=116 head_l2=0.123642 elapsed_sec=0.22
CHECKPOINT_BEST repeat=4 scope=internal_cv fold=8 phase=high_order_residual epoch=117 path=/data/adodas/VarCoNet-V2-main/xiaolunwen/experiment3/checkpoints/worker_r4_best.pt
[HIGH_ORDER_RESIDUAL] repeat=4 fold=8 epoch=117/149 train_bce=0.391863 val_bce=0.633569 best=Y best_epoch=117 head_l2=0.124630 elapsed_sec=0.19
CHECKPOINT_BEST repeat=4 scope=internal_cv fold=8 phase=high_order_residual epoch=118 path=/data/adodas/VarCoNet-V2-main/xiaolunwen/experiment3/checkpoints/worker_r4_best.pt
[HIGH_ORDER_RESIDUAL] repeat=4 fold=8 epoch=118/149 train_bce=0.391674 val_bce=0.633522 best=Y best_epoch=118 head_l2=0.125616 elapsed_sec=0.20
CHECKPOINT_BEST repeat=4 scope=internal_cv fold=8 phase=high_order_residual epoch=119 path=/data/adodas/VarCoNet-V2-main/xiaolunwen/experiment3/checkpoints/worker_r4_best.pt
[HIGH_ORDER_RESIDUAL] repeat=4 fold=8 epoch=119/149 train_bce=0.391484 val_bce=0.633475 best=Y best_epoch=119 head_l2=0.126602 elapsed_sec=0.20
CHECKPOINT_BEST repeat=4 scope=internal_cv fold=8 phase=high_order_residual epoch=120 path=/data/adodas/VarCoNet-V2-main/xiaolunwen/experiment3/checkpoints/worker_r4_best.pt
[HIGH_ORDER_RESIDUAL] repeat=4 fold=8 epoch=120/149 train_bce=0.391296 val_bce=0.633429 best=Y best_epoch=120 head_l2=0.127586 elapsed_sec=0.21
CHECKPOINT_BEST repeat=4 scope=internal_cv fold=8 phase=high_order_residual epoch=121 path=/data/adodas/VarCoNet-V2-main/xiaolunwen/experiment3/checkpoints/worker_r4_best.pt
[HIGH_ORDER_RESIDUAL] repeat=4 fold=8 epoch=121/149 train_bce=0.391107 val_bce=0.633383 best=Y best_epoch=121 head_l2=0.128569 elapsed_sec=0.19
CHECKPOINT_BEST repeat=4 scope=internal_cv fold=8 phase=high_order_residual epoch=122 path=/data/adodas/VarCoNet-V2-main/xiaolunwen/experiment3/checkpoints/worker_r4_best.pt
[HIGH_ORDER_RESIDUAL] repeat=4 fold=8 epoch=122/149 train_bce=0.390919 val_bce=0.633337 best=Y best_epoch=122 head_l2=0.129551 elapsed_sec=0.20
CHECKPOINT_BEST repeat=4 scope=internal_cv fold=8 phase=high_order_residual epoch=123 path=/data/adodas/VarCoNet-V2-main/xiaolunwen/experiment3/checkpoints/worker_r4_best.pt
[HIGH_ORDER_RESIDUAL] repeat=4 fold=8 epoch=123/149 train_bce=0.390732 val_bce=0.633291 best=Y best_epoch=123 head_l2=0.130533 elapsed_sec=0.20
CHECKPOINT_BEST repeat=4 scope=internal_cv fold=8 phase=high_order_residual epoch=124 path=/data/adodas/VarCoNet-V2-main/xiaolunwen/experiment3/checkpoints/worker_r4_best.pt
[HIGH_ORDER_RESIDUAL] repeat=4 fold=8 epoch=124/149 train_bce=0.390545 val_bce=0.633246 best=Y best_epoch=124 head_l2=0.131512 elapsed_sec=0.20
CHECKPOINT_BEST repeat=4 scope=internal_cv fold=8 phase=high_order_residual epoch=125 path=/data/adodas/VarCoNet-V2-main/xiaolunwen/experiment3/checkpoints/worker_r4_best.pt
[HIGH_ORDER_RESIDUAL] repeat=4 fold=8 epoch=125/149 train_bce=0.390358 val_bce=0.633200 best=Y best_epoch=125 head_l2=0.132491 elapsed_sec=0.20
CHECKPOINT_BEST repeat=4 scope=internal_cv fold=8 phase=high_order_residual epoch=126 path=/data/adodas/VarCoNet-V2-main/xiaolunwen/experiment3/checkpoints/worker_r4_best.pt
[HIGH_ORDER_RESIDUAL] repeat=4 fold=8 epoch=126/149 train_bce=0.390172 val_bce=0.633155 best=Y best_epoch=126 head_l2=0.133469 elapsed_sec=0.20
CHECKPOINT_BEST repeat=4 scope=internal_cv fold=8 phase=high_order_residual epoch=127 path=/data/adodas/VarCoNet-V2-main/xiaolunwen/experiment3/checkpoints/worker_r4_best.pt
[HIGH_ORDER_RESIDUAL] repeat=4 fold=8 epoch=127/149 train_bce=0.389986 val_bce=0.633110 best=Y best_epoch=127 head_l2=0.134446 elapsed_sec=0.20
CHECKPOINT_BEST repeat=4 scope=internal_cv fold=8 phase=high_order_residual epoch=128 path=/data/adodas/VarCoNet-V2-main/xiaolunwen/experiment3/checkpoints/worker_r4_best.pt
[HIGH_ORDER_RESIDUAL] repeat=4 fold=8 epoch=128/149 train_bce=0.389801 val_bce=0.633066 best=Y best_epoch=128 head_l2=0.135422 elapsed_sec=0.41
CHECKPOINT_BEST repeat=4 scope=internal_cv fold=8 phase=high_order_residual epoch=129 path=/data/adodas/VarCoNet-V2-main/xiaolunwen/experiment3/checkpoints/worker_r4_best.pt
[HIGH_ORDER_RESIDUAL] repeat=4 fold=8 epoch=129/149 train_bce=0.389616 val_bce=0.633021 best=Y best_epoch=129 head_l2=0.136397 elapsed_sec=0.21
CHECKPOINT_BEST repeat=4 scope=internal_cv fold=8 phase=high_order_residual epoch=130 path=/data/adodas/VarCoNet-V2-main/xiaolunwen/experiment3/checkpoints/worker_r4_best.pt
[HIGH_ORDER_RESIDUAL] repeat=4 fold=8 epoch=130/149 train_bce=0.389431 val_bce=0.632977 best=Y best_epoch=130 head_l2=0.137370 elapsed_sec=0.20
CHECKPOINT_BEST repeat=4 scope=internal_cv fold=8 phase=high_order_residual epoch=131 path=/data/adodas/VarCoNet-V2-main/xiaolunwen/experiment3/checkpoints/worker_r4_best.pt
[HIGH_ORDER_RESIDUAL] repeat=4 fold=8 epoch=131/149 train_bce=0.389247 val_bce=0.632933 best=Y best_epoch=131 head_l2=0.138343 elapsed_sec=0.21
CHECKPOINT_BEST repeat=4 scope=internal_cv fold=8 phase=high_order_residual epoch=132 path=/data/adodas/VarCoNet-V2-main/xiaolunwen/experiment3/checkpoints/worker_r4_best.pt
[HIGH_ORDER_RESIDUAL] repeat=4 fold=8 epoch=132/149 train_bce=0.389063 val_bce=0.632889 best=Y best_epoch=132 head_l2=0.139315 elapsed_sec=0.41
CHECKPOINT_BEST repeat=4 scope=internal_cv fold=8 phase=high_order_residual epoch=133 path=/data/adodas/VarCoNet-V2-main/xiaolunwen/experiment3/checkpoints/worker_r4_best.pt
[HIGH_ORDER_RESIDUAL] repeat=4 fold=8 epoch=133/149 train_bce=0.388880 val_bce=0.632845 best=Y best_epoch=133 head_l2=0.140285 elapsed_sec=0.46
CHECKPOINT_BEST repeat=4 scope=internal_cv fold=8 phase=high_order_residual epoch=134 path=/data/adodas/VarCoNet-V2-main/xiaolunwen/experiment3/checkpoints/worker_r4_best.pt
[HIGH_ORDER_RESIDUAL] repeat=4 fold=8 epoch=134/149 train_bce=0.388697 val_bce=0.632802 best=Y best_epoch=134 head_l2=0.141255 elapsed_sec=0.20
CHECKPOINT_BEST repeat=4 scope=internal_cv fold=8 phase=high_order_residual epoch=135 path=/data/adodas/VarCoNet-V2-main/xiaolunwen/experiment3/checkpoints/worker_r4_best.pt
[HIGH_ORDER_RESIDUAL] repeat=4 fold=8 epoch=135/149 train_bce=0.388514 val_bce=0.632758 best=Y best_epoch=135 head_l2=0.142224 elapsed_sec=0.21
CHECKPOINT_BEST repeat=4 scope=internal_cv fold=8 phase=high_order_residual epoch=136 path=/data/adodas/VarCoNet-V2-main/xiaolunwen/experiment3/checkpoints/worker_r4_best.pt
[HIGH_ORDER_RESIDUAL] repeat=4 fold=8 epoch=136/149 train_bce=0.388332 val_bce=0.632715 best=Y best_epoch=136 head_l2=0.143191 elapsed_sec=0.22
CHECKPOINT_BEST repeat=4 scope=internal_cv fold=8 phase=high_order_residual epoch=137 path=/data/adodas/VarCoNet-V2-main/xiaolunwen/experiment3/checkpoints/worker_r4_best.pt
[HIGH_ORDER_RESIDUAL] repeat=4 fold=8 epoch=137/149 train_bce=0.388150 val_bce=0.632672 best=Y best_epoch=137 head_l2=0.144158 elapsed_sec=0.42
CHECKPOINT_BEST repeat=4 scope=internal_cv fold=8 phase=high_order_residual epoch=138 path=/data/adodas/VarCoNet-V2-main/xiaolunwen/experiment3/checkpoints/worker_r4_best.pt
[HIGH_ORDER_RESIDUAL] repeat=4 fold=8 epoch=138/149 train_bce=0.387969 val_bce=0.632630 best=Y best_epoch=138 head_l2=0.145124 elapsed_sec=0.22
CHECKPOINT_BEST repeat=4 scope=internal_cv fold=8 phase=high_order_residual epoch=139 path=/data/adodas/VarCoNet-V2-main/xiaolunwen/experiment3/checkpoints/worker_r4_best.pt
[HIGH_ORDER_RESIDUAL] repeat=4 fold=8 epoch=139/149 train_bce=0.387787 val_bce=0.632587 best=Y best_epoch=139 head_l2=0.146088 elapsed_sec=0.20
CHECKPOINT_BEST repeat=4 scope=internal_cv fold=8 phase=high_order_residual epoch=140 path=/data/adodas/VarCoNet-V2-main/xiaolunwen/experiment3/checkpoints/worker_r4_best.pt
[HIGH_ORDER_RESIDUAL] repeat=4 fold=8 epoch=140/149 train_bce=0.387607 val_bce=0.632545 best=Y best_epoch=140 head_l2=0.147052 elapsed_sec=0.19
CHECKPOINT_BEST repeat=4 scope=internal_cv fold=8 phase=high_order_residual epoch=141 path=/data/adodas/VarCoNet-V2-main/xiaolunwen/experiment3/checkpoints/worker_r4_best.pt
[HIGH_ORDER_RESIDUAL] repeat=4 fold=8 epoch=141/149 train_bce=0.387426 val_bce=0.632503 best=Y best_epoch=141 head_l2=0.148015 elapsed_sec=0.20
CHECKPOINT_BEST repeat=4 scope=internal_cv fold=8 phase=high_order_residual epoch=142 path=/data/adodas/VarCoNet-V2-main/xiaolunwen/experiment3/checkpoints/worker_r4_best.pt
[HIGH_ORDER_RESIDUAL] repeat=4 fold=8 epoch=142/149 train_bce=0.387246 val_bce=0.632461 best=Y best_epoch=142 head_l2=0.148977 elapsed_sec=0.20
CHECKPOINT_BEST repeat=4 scope=internal_cv fold=8 phase=high_order_residual epoch=143 path=/data/adodas/VarCoNet-V2-main/xiaolunwen/experiment3/checkpoints/worker_r4_best.pt
[HIGH_ORDER_RESIDUAL] repeat=4 fold=8 epoch=143/149 train_bce=0.387067 val_bce=0.632419 best=Y best_epoch=143 head_l2=0.149938 elapsed_sec=0.22
CHECKPOINT_BEST repeat=4 scope=internal_cv fold=8 phase=high_order_residual epoch=144 path=/data/adodas/VarCoNet-V2-main/xiaolunwen/experiment3/checkpoints/worker_r4_best.pt
[HIGH_ORDER_RESIDUAL] repeat=4 fold=8 epoch=144/149 train_bce=0.386888 val_bce=0.632378 best=Y best_epoch=144 head_l2=0.150898 elapsed_sec=0.20
CHECKPOINT_BEST repeat=4 scope=internal_cv fold=8 phase=high_order_residual epoch=145 path=/data/adodas/VarCoNet-V2-main/xiaolunwen/experiment3/checkpoints/worker_r4_best.pt
[HIGH_ORDER_RESIDUAL] repeat=4 fold=8 epoch=145/149 train_bce=0.386709 val_bce=0.632337 best=Y best_epoch=145 head_l2=0.151857 elapsed_sec=0.20
CHECKPOINT_BEST repeat=4 scope=internal_cv fold=8 phase=high_order_residual epoch=146 path=/data/adodas/VarCoNet-V2-main/xiaolunwen/experiment3/checkpoints/worker_r4_best.pt
[HIGH_ORDER_RESIDUAL] repeat=4 fold=8 epoch=146/149 train_bce=0.386530 val_bce=0.632295 best=Y best_epoch=146 head_l2=0.152815 elapsed_sec=0.20
CHECKPOINT_BEST repeat=4 scope=internal_cv fold=8 phase=high_order_residual epoch=147 path=/data/adodas/VarCoNet-V2-main/xiaolunwen/experiment3/checkpoints/worker_r4_best.pt
[HIGH_ORDER_RESIDUAL] repeat=4 fold=8 epoch=147/149 train_bce=0.386352 val_bce=0.632255 best=Y best_epoch=147 head_l2=0.153772 elapsed_sec=0.22
CHECKPOINT_BEST repeat=4 scope=internal_cv fold=8 phase=high_order_residual epoch=148 path=/data/adodas/VarCoNet-V2-main/xiaolunwen/experiment3/checkpoints/worker_r4_best.pt
[HIGH_ORDER_RESIDUAL] repeat=4 fold=8 epoch=148/149 train_bce=0.386175 val_bce=0.632214 best=Y best_epoch=148 head_l2=0.154728 elapsed_sec=0.36
CHECKPOINT_BEST repeat=4 scope=internal_cv fold=8 phase=high_order_residual epoch=149 path=/data/adodas/VarCoNet-V2-main/xiaolunwen/experiment3/checkpoints/worker_r4_best.pt
[HIGH_ORDER_RESIDUAL] repeat=4 fold=8 epoch=149/149 train_bce=0.385997 val_bce=0.632173 best=Y best_epoch=149 head_l2=0.155684 elapsed_sec=0.19
RESIDUAL_DONE repeat=4 scope=internal_cv fold=8 selected_encoder_epoch=16 selected_classifier_epoch=15 selected_residual_epoch=149 val_bce=0.632173
TASK_TRAINING_DONE repeat=4 scope=internal_cv fold=8 base_epoch=16 dyn_epoch=16 base_val_bce=0.639528 high_order_val_bce=0.632173
TASK_DONE repeat=4 scope=internal_fold fold=8 method=baseline selected_encoder_epoch=16 test_auc=0.725480 test_bce=0.617112 elapsed_min=4.1
TASK_DONE repeat=4 scope=internal_fold fold=8 method=consensus_highorder_residual selected_encoder_epoch=16 test_auc=0.726518 test_bce=0.610262 elapsed_min=4.1
TASK_START repeat=4 scope=internal_cv fold=9 seed=100409 device=cuda:0 shared_encoder=Y
CHECKPOINT_BEST repeat=4 scope=internal_cv fold=9 phase=ssl epoch=1 path=/data/adodas/VarCoNet-V2-main/xiaolunwen/experiment3/checkpoints/worker_r4_best.pt
[repeat=4 fold=9] [epoch=1/50] ssl_loss=0.113551 lr=0.00002411 base_val_bce=0.609397 base_best=Y base_cls_epoch=43 epoch_sec=3.7 task_elapsed_min=0.1 gpu_alloc_gb=0.272 gpu_reserved_gb=1.539
[ssl_epoch=1/50] ssl_loss=0.113551 lr=0.00002411 base_val_bce=0.609397 base_best=Y base_cls_epoch=43 epoch_sec=3.7 elapsed_min=0.1 gpu_alloc_gb=0.272 gpu_reserved_gb=1.539
[repeat=4 fold=9] [epoch=2/50] ssl_loss=0.103501 lr=0.00003821 base_val_bce=0.616080 base_best=N base_cls_epoch=45 epoch_sec=3.3 task_elapsed_min=0.1 gpu_alloc_gb=0.272 gpu_reserved_gb=1.539
[ssl_epoch=2/50] ssl_loss=0.103501 lr=0.00003821 base_val_bce=0.616080 base_best=N base_cls_epoch=45 epoch_sec=3.3 elapsed_min=0.1 gpu_alloc_gb=0.272 gpu_reserved_gb=1.539
[repeat=4 fold=9] [epoch=3/50] ssl_loss=0.104934 lr=0.00005232 base_val_bce=0.614604 base_best=N base_cls_epoch=40 epoch_sec=3.4 task_elapsed_min=0.2 gpu_alloc_gb=0.272 gpu_reserved_gb=1.539
[ssl_epoch=3/50] ssl_loss=0.104934 lr=0.00005232 base_val_bce=0.614604 base_best=N base_cls_epoch=40 epoch_sec=3.4 elapsed_min=0.2 gpu_alloc_gb=0.272 gpu_reserved_gb=1.539
[repeat=4 fold=9] [epoch=4/50] ssl_loss=0.093721 lr=0.00006643 base_val_bce=0.616584 base_best=N base_cls_epoch=37 epoch_sec=3.7 task_elapsed_min=0.2 gpu_alloc_gb=0.272 gpu_reserved_gb=1.539
[ssl_epoch=4/50] ssl_loss=0.093721 lr=0.00006643 base_val_bce=0.616584 base_best=N base_cls_epoch=37 epoch_sec=3.7 elapsed_min=0.2 gpu_alloc_gb=0.272 gpu_reserved_gb=1.539
[repeat=4 fold=9] [epoch=5/50] ssl_loss=0.115880 lr=0.00008053 base_val_bce=0.612558 base_best=N base_cls_epoch=41 epoch_sec=3.7 task_elapsed_min=0.3 gpu_alloc_gb=0.272 gpu_reserved_gb=1.539
[ssl_epoch=5/50] ssl_loss=0.115880 lr=0.00008053 base_val_bce=0.612558 base_best=N base_cls_epoch=41 epoch_sec=3.7 elapsed_min=0.3 gpu_alloc_gb=0.272 gpu_reserved_gb=1.539
CHECKPOINT_BEST repeat=4 scope=internal_cv fold=9 phase=ssl epoch=6 path=/data/adodas/VarCoNet-V2-main/xiaolunwen/experiment3/checkpoints/worker_r4_best.pt
[repeat=4 fold=9] [epoch=6/50] ssl_loss=0.082320 lr=0.00009464 base_val_bce=0.597392 base_best=Y base_cls_epoch=38 epoch_sec=4.3 task_elapsed_min=0.4 gpu_alloc_gb=0.272 gpu_reserved_gb=1.539
[ssl_epoch=6/50] ssl_loss=0.082320 lr=0.00009464 base_val_bce=0.597392 base_best=Y base_cls_epoch=38 epoch_sec=4.3 elapsed_min=0.4 gpu_alloc_gb=0.272 gpu_reserved_gb=1.539
[repeat=4 fold=9] [epoch=7/50] ssl_loss=0.063794 lr=0.00010875 base_val_bce=0.602416 base_best=N base_cls_epoch=39 epoch_sec=3.8 task_elapsed_min=0.4 gpu_alloc_gb=0.272 gpu_reserved_gb=1.539
[ssl_epoch=7/50] ssl_loss=0.063794 lr=0.00010875 base_val_bce=0.602416 base_best=N base_cls_epoch=39 epoch_sec=4.4 elapsed_min=0.4 gpu_alloc_gb=0.272 gpu_reserved_gb=1.539
[repeat=4 fold=9] [epoch=8/50] ssl_loss=0.070680 lr=0.00012285 base_val_bce=0.604470 base_best=N base_cls_epoch=34 epoch_sec=3.8 task_elapsed_min=0.5 gpu_alloc_gb=0.272 gpu_reserved_gb=1.539
[ssl_epoch=8/50] ssl_loss=0.070680 lr=0.00012285 base_val_bce=0.604470 base_best=N base_cls_epoch=34 epoch_sec=3.9 elapsed_min=0.5 gpu_alloc_gb=0.272 gpu_reserved_gb=1.539
[repeat=4 fold=9] [epoch=9/50] ssl_loss=0.065710 lr=0.00013696 base_val_bce=0.605088 base_best=N base_cls_epoch=38 epoch_sec=3.8 task_elapsed_min=0.6 gpu_alloc_gb=0.272 gpu_reserved_gb=1.539
[ssl_epoch=9/50] ssl_loss=0.065710 lr=0.00013696 base_val_bce=0.605088 base_best=N base_cls_epoch=38 epoch_sec=3.8 elapsed_min=0.6 gpu_alloc_gb=0.272 gpu_reserved_gb=1.539
CHECKPOINT_LATEST repeat=4 scope=internal_cv fold=9 phase=ssl epoch=10 path=/data/adodas/VarCoNet-V2-main/xiaolunwen/experiment3/checkpoints/worker_r4_latest.pt
[repeat=4 fold=9] [epoch=10/50] ssl_loss=0.062834 lr=0.00013696 base_val_bce=0.597937 base_best=N base_cls_epoch=32 epoch_sec=4.2 task_elapsed_min=0.6 gpu_alloc_gb=0.272 gpu_reserved_gb=1.539
[ssl_epoch=10/50] ssl_loss=0.062834 lr=0.00013696 base_val_bce=0.597937 base_best=N base_cls_epoch=32 epoch_sec=4.2 elapsed_min=0.6 gpu_alloc_gb=0.272 gpu_reserved_gb=1.539
[repeat=4 fold=9] [epoch=11/50] ssl_loss=0.044270 lr=0.00013675 base_val_bce=0.611116 base_best=N base_cls_epoch=35 epoch_sec=3.7 task_elapsed_min=0.7 gpu_alloc_gb=0.272 gpu_reserved_gb=1.539
[ssl_epoch=11/50] ssl_loss=0.044270 lr=0.00013675 base_val_bce=0.611116 base_best=N base_cls_epoch=35 epoch_sec=3.7 elapsed_min=0.7 gpu_alloc_gb=0.272 gpu_reserved_gb=1.539
[repeat=4 fold=9] [epoch=12/50] ssl_loss=0.063998 lr=0.00013612 base_val_bce=0.599928 base_best=N base_cls_epoch=33 epoch_sec=3.7 task_elapsed_min=0.8 gpu_alloc_gb=0.272 gpu_reserved_gb=1.539
[ssl_epoch=12/50] ssl_loss=0.063998 lr=0.00013612 base_val_bce=0.599928 base_best=N base_cls_epoch=33 epoch_sec=3.7 elapsed_min=0.8 gpu_alloc_gb=0.272 gpu_reserved_gb=1.539
[repeat=4 fold=9] [epoch=13/50] ssl_loss=0.074366 lr=0.00013507 base_val_bce=0.606999 base_best=N base_cls_epoch=44 epoch_sec=3.7 task_elapsed_min=0.8 gpu_alloc_gb=0.272 gpu_reserved_gb=1.539
[ssl_epoch=13/50] ssl_loss=0.074366 lr=0.00013507 base_val_bce=0.606999 base_best=N base_cls_epoch=44 epoch_sec=3.7 elapsed_min=0.8 gpu_alloc_gb=0.272 gpu_reserved_gb=1.539
[repeat=4 fold=9] [epoch=14/50] ssl_loss=0.048612 lr=0.00013361 base_val_bce=0.609807 base_best=N base_cls_epoch=42 epoch_sec=3.6 task_elapsed_min=0.9 gpu_alloc_gb=0.272 gpu_reserved_gb=1.539
[ssl_epoch=14/50] ssl_loss=0.048612 lr=0.00013361 base_val_bce=0.609807 base_best=N base_cls_epoch=42 epoch_sec=3.6 elapsed_min=0.9 gpu_alloc_gb=0.272 gpu_reserved_gb=1.539
[repeat=4 fold=9] [epoch=15/50] ssl_loss=0.055035 lr=0.00013175 base_val_bce=0.611550 base_best=N base_cls_epoch=41 epoch_sec=3.8 task_elapsed_min=1.0 gpu_alloc_gb=0.272 gpu_reserved_gb=1.539
[ssl_epoch=15/50] ssl_loss=0.055035 lr=0.00013175 base_val_bce=0.611550 base_best=N base_cls_epoch=41 epoch_sec=3.8 elapsed_min=1.0 gpu_alloc_gb=0.272 gpu_reserved_gb=1.539
[repeat=4 fold=9] [epoch=16/50] ssl_loss=0.045538 lr=0.00012950 base_val_bce=0.606391 base_best=N base_cls_epoch=34 epoch_sec=3.8 task_elapsed_min=1.0 gpu_alloc_gb=0.272 gpu_reserved_gb=1.539
[ssl_epoch=16/50] ssl_loss=0.045538 lr=0.00012950 base_val_bce=0.606391 base_best=N base_cls_epoch=34 epoch_sec=3.8 elapsed_min=1.0 gpu_alloc_gb=0.272 gpu_reserved_gb=1.539
[repeat=4 fold=9] [epoch=17/50] ssl_loss=0.044321 lr=0.00012687 base_val_bce=0.603320 base_best=N base_cls_epoch=37 epoch_sec=3.8 task_elapsed_min=1.1 gpu_alloc_gb=0.272 gpu_reserved_gb=1.539
[ssl_epoch=17/50] ssl_loss=0.044321 lr=0.00012687 base_val_bce=0.603320 base_best=N base_cls_epoch=37 epoch_sec=3.9 elapsed_min=1.1 gpu_alloc_gb=0.272 gpu_reserved_gb=1.539
[repeat=4 fold=9] [epoch=18/50] ssl_loss=0.050331 lr=0.00012388 base_val_bce=0.607383 base_best=N base_cls_epoch=43 epoch_sec=3.8 task_elapsed_min=1.1 gpu_alloc_gb=0.272 gpu_reserved_gb=1.539
[ssl_epoch=18/50] ssl_loss=0.050331 lr=0.00012388 base_val_bce=0.607383 base_best=N base_cls_epoch=43 epoch_sec=3.8 elapsed_min=1.1 gpu_alloc_gb=0.272 gpu_reserved_gb=1.539
[repeat=4 fold=9] [epoch=19/50] ssl_loss=0.043956 lr=0.00012055 base_val_bce=0.604332 base_best=N base_cls_epoch=37 epoch_sec=3.7 task_elapsed_min=1.2 gpu_alloc_gb=0.272 gpu_reserved_gb=1.539
[ssl_epoch=19/50] ssl_loss=0.043956 lr=0.00012055 base_val_bce=0.604332 base_best=N base_cls_epoch=37 epoch_sec=3.9 elapsed_min=1.2 gpu_alloc_gb=0.272 gpu_reserved_gb=1.539
CHECKPOINT_LATEST repeat=4 scope=internal_cv fold=9 phase=ssl epoch=20 path=/data/adodas/VarCoNet-V2-main/xiaolunwen/experiment3/checkpoints/worker_r4_latest.pt
[repeat=4 fold=9] [epoch=20/50] ssl_loss=0.044898 lr=0.00011690 base_val_bce=0.606301 base_best=N base_cls_epoch=38 epoch_sec=5.1 task_elapsed_min=1.3 gpu_alloc_gb=0.272 gpu_reserved_gb=1.539
[ssl_epoch=20/50] ssl_loss=0.044898 lr=0.00011690 base_val_bce=0.606301 base_best=N base_cls_epoch=38 epoch_sec=5.1 elapsed_min=1.3 gpu_alloc_gb=0.272 gpu_reserved_gb=1.539
[repeat=4 fold=9] [epoch=21/50] ssl_loss=0.050584 lr=0.00011296 base_val_bce=0.613005 base_best=N base_cls_epoch=47 epoch_sec=3.8 task_elapsed_min=1.4 gpu_alloc_gb=0.272 gpu_reserved_gb=1.539
[ssl_epoch=21/50] ssl_loss=0.050584 lr=0.00011296 base_val_bce=0.613005 base_best=N base_cls_epoch=47 epoch_sec=3.8 elapsed_min=1.4 gpu_alloc_gb=0.272 gpu_reserved_gb=1.539
[repeat=4 fold=9] [epoch=22/50] ssl_loss=0.051100 lr=0.00010873 base_val_bce=0.610716 base_best=N base_cls_epoch=43 epoch_sec=3.4 task_elapsed_min=1.4 gpu_alloc_gb=0.272 gpu_reserved_gb=1.539
[ssl_epoch=22/50] ssl_loss=0.051100 lr=0.00010873 base_val_bce=0.610716 base_best=N base_cls_epoch=43 epoch_sec=3.4 elapsed_min=1.4 gpu_alloc_gb=0.272 gpu_reserved_gb=1.539
[repeat=4 fold=9] [epoch=23/50] ssl_loss=0.047821 lr=0.00010426 base_val_bce=0.612193 base_best=N base_cls_epoch=38 epoch_sec=3.8 task_elapsed_min=1.5 gpu_alloc_gb=0.272 gpu_reserved_gb=1.539
[ssl_epoch=23/50] ssl_loss=0.047821 lr=0.00010426 base_val_bce=0.612193 base_best=N base_cls_epoch=38 epoch_sec=3.8 elapsed_min=1.5 gpu_alloc_gb=0.272 gpu_reserved_gb=1.539
[repeat=4 fold=9] [epoch=24/50] ssl_loss=0.042644 lr=0.00009957 base_val_bce=0.605218 base_best=N base_cls_epoch=48 epoch_sec=3.7 task_elapsed_min=1.5 gpu_alloc_gb=0.272 gpu_reserved_gb=1.539
[ssl_epoch=24/50] ssl_loss=0.042644 lr=0.00009957 base_val_bce=0.605218 base_best=N base_cls_epoch=48 epoch_sec=3.7 elapsed_min=1.5 gpu_alloc_gb=0.272 gpu_reserved_gb=1.539
[repeat=4 fold=9] [epoch=25/50] ssl_loss=0.045964 lr=0.00009469 base_val_bce=0.602752 base_best=N base_cls_epoch=46 epoch_sec=3.7 task_elapsed_min=1.6 gpu_alloc_gb=0.272 gpu_reserved_gb=1.539
[ssl_epoch=25/50] ssl_loss=0.045964 lr=0.00009469 base_val_bce=0.602752 base_best=N base_cls_epoch=46 epoch_sec=3.7 elapsed_min=1.6 gpu_alloc_gb=0.272 gpu_reserved_gb=1.539
[repeat=4 fold=9] [epoch=26/50] ssl_loss=0.034991 lr=0.00008964 base_val_bce=0.608456 base_best=N base_cls_epoch=48 epoch_sec=3.9 task_elapsed_min=1.7 gpu_alloc_gb=0.272 gpu_reserved_gb=1.539
[ssl_epoch=26/50] ssl_loss=0.034991 lr=0.00008964 base_val_bce=0.608456 base_best=N base_cls_epoch=48 epoch_sec=3.9 elapsed_min=1.7 gpu_alloc_gb=0.272 gpu_reserved_gb=1.539
[repeat=4 fold=9] [epoch=27/50] ssl_loss=0.041507 lr=0.00008447 base_val_bce=0.602486 base_best=N base_cls_epoch=42 epoch_sec=3.8 task_elapsed_min=1.7 gpu_alloc_gb=0.272 gpu_reserved_gb=1.539
[ssl_epoch=27/50] ssl_loss=0.041507 lr=0.00008447 base_val_bce=0.602486 base_best=N base_cls_epoch=42 epoch_sec=3.8 elapsed_min=1.7 gpu_alloc_gb=0.272 gpu_reserved_gb=1.539
[repeat=4 fold=9] [epoch=28/50] ssl_loss=0.039672 lr=0.00007919 base_val_bce=0.607600 base_best=N base_cls_epoch=48 epoch_sec=4.0 task_elapsed_min=1.8 gpu_alloc_gb=0.272 gpu_reserved_gb=1.539
[ssl_epoch=28/50] ssl_loss=0.039672 lr=0.00007919 base_val_bce=0.607600 base_best=N base_cls_epoch=48 epoch_sec=4.0 elapsed_min=1.8 gpu_alloc_gb=0.272 gpu_reserved_gb=1.539
[repeat=4 fold=9] [epoch=29/50] ssl_loss=0.032424 lr=0.00007385 base_val_bce=0.617494 base_best=N base_cls_epoch=46 epoch_sec=3.1 task_elapsed_min=1.9 gpu_alloc_gb=0.272 gpu_reserved_gb=1.539
[ssl_epoch=29/50] ssl_loss=0.032424 lr=0.00007385 base_val_bce=0.617494 base_best=N base_cls_epoch=46 epoch_sec=3.4 elapsed_min=1.9 gpu_alloc_gb=0.272 gpu_reserved_gb=1.539
CHECKPOINT_LATEST repeat=4 scope=internal_cv fold=9 phase=ssl epoch=30 path=/data/adodas/VarCoNet-V2-main/xiaolunwen/experiment3/checkpoints/worker_r4_latest.pt
[repeat=4 fold=9] [epoch=30/50] ssl_loss=0.042565 lr=0.00006848 base_val_bce=0.611380 base_best=N base_cls_epoch=47 epoch_sec=6.5 task_elapsed_min=1.9 gpu_alloc_gb=0.272 gpu_reserved_gb=1.539
[ssl_epoch=30/50] ssl_loss=0.042565 lr=0.00006848 base_val_bce=0.611380 base_best=N base_cls_epoch=47 epoch_sec=6.6 elapsed_min=1.9 gpu_alloc_gb=0.272 gpu_reserved_gb=1.539
[repeat=4 fold=9] [epoch=31/50] ssl_loss=0.040175 lr=0.00006311 base_val_bce=0.602725 base_best=N base_cls_epoch=46 epoch_sec=3.0 task_elapsed_min=2.0 gpu_alloc_gb=0.272 gpu_reserved_gb=1.539
[ssl_epoch=31/50] ssl_loss=0.040175 lr=0.00006311 base_val_bce=0.602725 base_best=N base_cls_epoch=46 epoch_sec=3.0 elapsed_min=2.0 gpu_alloc_gb=0.272 gpu_reserved_gb=1.539
[repeat=4 fold=9] [epoch=32/50] ssl_loss=0.049157 lr=0.00005777 base_val_bce=0.602533 base_best=N base_cls_epoch=42 epoch_sec=2.9 task_elapsed_min=2.1 gpu_alloc_gb=0.272 gpu_reserved_gb=1.539
[ssl_epoch=32/50] ssl_loss=0.049157 lr=0.00005777 base_val_bce=0.602533 base_best=N base_cls_epoch=42 epoch_sec=3.0 elapsed_min=2.1 gpu_alloc_gb=0.272 gpu_reserved_gb=1.539
CHECKPOINT_BEST repeat=4 scope=internal_cv fold=9 phase=ssl epoch=33 path=/data/adodas/VarCoNet-V2-main/xiaolunwen/experiment3/checkpoints/worker_r4_best.pt
[repeat=4 fold=9] [epoch=33/50] ssl_loss=0.036894 lr=0.00005249 base_val_bce=0.592476 base_best=Y base_cls_epoch=46 epoch_sec=6.2 task_elapsed_min=2.1 gpu_alloc_gb=0.272 gpu_reserved_gb=1.539
[ssl_epoch=33/50] ssl_loss=0.036894 lr=0.00005249 base_val_bce=0.592476 base_best=Y base_cls_epoch=46 epoch_sec=6.2 elapsed_min=2.1 gpu_alloc_gb=0.272 gpu_reserved_gb=1.539
[repeat=4 fold=9] [epoch=34/50] ssl_loss=0.049638 lr=0.00004732 base_val_bce=0.614923 base_best=N base_cls_epoch=45 epoch_sec=1.8 task_elapsed_min=2.2 gpu_alloc_gb=0.272 gpu_reserved_gb=1.539
[ssl_epoch=34/50] ssl_loss=0.049638 lr=0.00004732 base_val_bce=0.614923 base_best=N base_cls_epoch=45 epoch_sec=1.9 elapsed_min=2.2 gpu_alloc_gb=0.272 gpu_reserved_gb=1.539
[repeat=4 fold=9] [epoch=35/50] ssl_loss=0.047271 lr=0.00004227 base_val_bce=0.612940 base_best=N base_cls_epoch=52 epoch_sec=2.5 task_elapsed_min=2.2 gpu_alloc_gb=0.272 gpu_reserved_gb=1.539
[ssl_epoch=35/50] ssl_loss=0.047271 lr=0.00004227 base_val_bce=0.612940 base_best=N base_cls_epoch=52 epoch_sec=2.5 elapsed_min=2.2 gpu_alloc_gb=0.272 gpu_reserved_gb=1.539
[repeat=4 fold=9] [epoch=36/50] ssl_loss=0.049219 lr=0.00003739 base_val_bce=0.596544 base_best=N base_cls_epoch=42 epoch_sec=2.9 task_elapsed_min=2.3 gpu_alloc_gb=0.272 gpu_reserved_gb=1.539
[ssl_epoch=36/50] ssl_loss=0.049219 lr=0.00003739 base_val_bce=0.596544 base_best=N base_cls_epoch=42 epoch_sec=3.0 elapsed_min=2.3 gpu_alloc_gb=0.272 gpu_reserved_gb=1.539
[repeat=4 fold=9] [epoch=37/50] ssl_loss=0.041831 lr=0.00003270 base_val_bce=0.610537 base_best=N base_cls_epoch=46 epoch_sec=2.9 task_elapsed_min=2.3 gpu_alloc_gb=0.272 gpu_reserved_gb=1.539
[ssl_epoch=37/50] ssl_loss=0.041831 lr=0.00003270 base_val_bce=0.610537 base_best=N base_cls_epoch=46 epoch_sec=3.1 elapsed_min=2.3 gpu_alloc_gb=0.272 gpu_reserved_gb=1.539
[repeat=4 fold=9] [epoch=38/50] ssl_loss=0.050386 lr=0.00002823 base_val_bce=0.607277 base_best=N base_cls_epoch=46 epoch_sec=2.8 task_elapsed_min=2.4 gpu_alloc_gb=0.272 gpu_reserved_gb=1.539
[ssl_epoch=38/50] ssl_loss=0.050386 lr=0.00002823 base_val_bce=0.607277 base_best=N base_cls_epoch=46 epoch_sec=2.9 elapsed_min=2.4 gpu_alloc_gb=0.272 gpu_reserved_gb=1.539
[repeat=4 fold=9] [epoch=39/50] ssl_loss=0.034979 lr=0.00002401 base_val_bce=0.615909 base_best=N base_cls_epoch=46 epoch_sec=2.8 task_elapsed_min=2.5 gpu_alloc_gb=0.272 gpu_reserved_gb=1.539
[ssl_epoch=39/50] ssl_loss=0.034979 lr=0.00002401 base_val_bce=0.615909 base_best=N base_cls_epoch=46 epoch_sec=2.9 elapsed_min=2.5 gpu_alloc_gb=0.272 gpu_reserved_gb=1.539
CHECKPOINT_LATEST repeat=4 scope=internal_cv fold=9 phase=ssl epoch=40 path=/data/adodas/VarCoNet-V2-main/xiaolunwen/experiment3/checkpoints/worker_r4_latest.pt
[repeat=4 fold=9] [epoch=40/50] ssl_loss=0.039890 lr=0.00002006 base_val_bce=0.598530 base_best=N base_cls_epoch=43 epoch_sec=6.0 task_elapsed_min=2.5 gpu_alloc_gb=0.272 gpu_reserved_gb=1.539
[ssl_epoch=40/50] ssl_loss=0.039890 lr=0.00002006 base_val_bce=0.598530 base_best=N base_cls_epoch=43 epoch_sec=6.1 elapsed_min=2.5 gpu_alloc_gb=0.272 gpu_reserved_gb=1.539
[repeat=4 fold=9] [epoch=41/50] ssl_loss=0.041096 lr=0.00001641 base_val_bce=0.617286 base_best=N base_cls_epoch=42 epoch_sec=3.6 task_elapsed_min=2.6 gpu_alloc_gb=0.272 gpu_reserved_gb=1.539
[ssl_epoch=41/50] ssl_loss=0.041096 lr=0.00001641 base_val_bce=0.617286 base_best=N base_cls_epoch=42 epoch_sec=3.6 elapsed_min=2.6 gpu_alloc_gb=0.272 gpu_reserved_gb=1.539
[repeat=4 fold=9] [epoch=42/50] ssl_loss=0.038399 lr=0.00001308 base_val_bce=0.595844 base_best=N base_cls_epoch=46 epoch_sec=2.8 task_elapsed_min=2.7 gpu_alloc_gb=0.272 gpu_reserved_gb=1.539
[ssl_epoch=42/50] ssl_loss=0.038399 lr=0.00001308 base_val_bce=0.595844 base_best=N base_cls_epoch=46 epoch_sec=3.1 elapsed_min=2.7 gpu_alloc_gb=0.272 gpu_reserved_gb=1.539
[repeat=4 fold=9] [epoch=43/50] ssl_loss=0.028264 lr=0.00001009 base_val_bce=0.602394 base_best=N base_cls_epoch=45 epoch_sec=3.2 task_elapsed_min=2.7 gpu_alloc_gb=0.272 gpu_reserved_gb=1.539
[ssl_epoch=43/50] ssl_loss=0.028264 lr=0.00001009 base_val_bce=0.602394 base_best=N base_cls_epoch=45 epoch_sec=3.4 elapsed_min=2.7 gpu_alloc_gb=0.272 gpu_reserved_gb=1.539
[repeat=4 fold=9] [epoch=44/50] ssl_loss=0.039970 lr=0.00000746 base_val_bce=0.600782 base_best=N base_cls_epoch=41 epoch_sec=2.3 task_elapsed_min=2.8 gpu_alloc_gb=0.272 gpu_reserved_gb=1.539
[ssl_epoch=44/50] ssl_loss=0.039970 lr=0.00000746 base_val_bce=0.600782 base_best=N base_cls_epoch=41 epoch_sec=2.5 elapsed_min=2.8 gpu_alloc_gb=0.272 gpu_reserved_gb=1.539
[repeat=4 fold=9] [epoch=45/50] ssl_loss=0.041864 lr=0.00000521 base_val_bce=0.598570 base_best=N base_cls_epoch=39 epoch_sec=2.2 task_elapsed_min=2.8 gpu_alloc_gb=0.272 gpu_reserved_gb=1.539
[ssl_epoch=45/50] ssl_loss=0.041864 lr=0.00000521 base_val_bce=0.598570 base_best=N base_cls_epoch=39 epoch_sec=2.3 elapsed_min=2.8 gpu_alloc_gb=0.272 gpu_reserved_gb=1.539
[repeat=4 fold=9] [epoch=46/50] ssl_loss=0.056467 lr=0.00000335 base_val_bce=0.601974 base_best=N base_cls_epoch=44 epoch_sec=2.2 task_elapsed_min=2.9 gpu_alloc_gb=0.272 gpu_reserved_gb=1.539
[ssl_epoch=46/50] ssl_loss=0.056467 lr=0.00000335 base_val_bce=0.601974 base_best=N base_cls_epoch=44 epoch_sec=2.3 elapsed_min=2.9 gpu_alloc_gb=0.272 gpu_reserved_gb=1.539
[repeat=4 fold=9] [epoch=47/50] ssl_loss=0.041137 lr=0.00000189 base_val_bce=0.620313 base_best=N base_cls_epoch=42 epoch_sec=2.1 task_elapsed_min=2.9 gpu_alloc_gb=0.272 gpu_reserved_gb=1.539
[ssl_epoch=47/50] ssl_loss=0.041137 lr=0.00000189 base_val_bce=0.620313 base_best=N base_cls_epoch=42 epoch_sec=3.8 elapsed_min=2.9 gpu_alloc_gb=0.272 gpu_reserved_gb=1.539
[repeat=4 fold=9] [epoch=48/50] ssl_loss=0.038612 lr=0.00000084 base_val_bce=0.601047 base_best=N base_cls_epoch=45 epoch_sec=2.7 task_elapsed_min=3.0 gpu_alloc_gb=0.272 gpu_reserved_gb=1.539
[ssl_epoch=48/50] ssl_loss=0.038612 lr=0.00000084 base_val_bce=0.601047 base_best=N base_cls_epoch=45 epoch_sec=3.8 elapsed_min=3.0 gpu_alloc_gb=0.272 gpu_reserved_gb=1.539
[repeat=4 fold=9] [epoch=49/50] ssl_loss=0.034103 lr=0.00000021 base_val_bce=0.602936 base_best=N base_cls_epoch=47 epoch_sec=2.8 task_elapsed_min=3.0 gpu_alloc_gb=0.272 gpu_reserved_gb=1.539
[ssl_epoch=49/50] ssl_loss=0.034103 lr=0.00000021 base_val_bce=0.602936 base_best=N base_cls_epoch=47 epoch_sec=2.9 elapsed_min=3.0 gpu_alloc_gb=0.272 gpu_reserved_gb=1.539
CHECKPOINT_LATEST repeat=4 scope=internal_cv fold=9 phase=ssl epoch=50 path=/data/adodas/VarCoNet-V2-main/xiaolunwen/experiment3/checkpoints/worker_r4_latest.pt
[repeat=4 fold=9] [epoch=50/50] ssl_loss=0.046575 lr=0.00000000 base_val_bce=0.612037 base_best=N base_cls_epoch=43 epoch_sec=6.6 task_elapsed_min=3.1 gpu_alloc_gb=0.272 gpu_reserved_gb=1.539
[ssl_epoch=50/50] ssl_loss=0.046575 lr=0.00000000 base_val_bce=0.612037 base_best=N base_cls_epoch=43 epoch_sec=6.6 elapsed_min=3.1 gpu_alloc_gb=0.272 gpu_reserved_gb=1.539
[MODULE_DISCOVERY] repeat=4 fold=9 n_unique_subjects=674 n_modules=32 module_size_min=4 module_size_mean=12.000 module_size_max=22 singleton_modules=0 meta_dim=528 empty_meta_bins=0 affinity_mean=0.17409012 affinity_std=0.04340759 affinity_max=0.96724069 elapsed_sec=0.12
[HIGH_ORDER_RESIDUAL] repeat=4 fold=9 epoch=0 train_bce=NA val_bce=0.592476 best=Y best_epoch=0 head_l2=0.000000 elapsed_sec=189.93
CHECKPOINT_BEST repeat=4 scope=internal_cv fold=9 phase=high_order_residual epoch=0 path=/data/adodas/VarCoNet-V2-main/xiaolunwen/experiment3/checkpoints/worker_r4_best.pt
CHECKPOINT_BEST repeat=4 scope=internal_cv fold=9 phase=high_order_residual epoch=1 path=/data/adodas/VarCoNet-V2-main/xiaolunwen/experiment3/checkpoints/worker_r4_best.pt
[HIGH_ORDER_RESIDUAL] repeat=4 fold=9 epoch=1/149 train_bce=0.189135 val_bce=0.592462 best=Y best_epoch=1 head_l2=0.001149 elapsed_sec=2.14
CHECKPOINT_BEST repeat=4 scope=internal_cv fold=9 phase=high_order_residual epoch=2 path=/data/adodas/VarCoNet-V2-main/xiaolunwen/experiment3/checkpoints/worker_r4_best.pt
[HIGH_ORDER_RESIDUAL] repeat=4 fold=9 epoch=2/149 train_bce=0.189025 val_bce=0.592450 best=Y best_epoch=2 head_l2=0.002296 elapsed_sec=1.86
CHECKPOINT_BEST repeat=4 scope=internal_cv fold=9 phase=high_order_residual epoch=3 path=/data/adodas/VarCoNet-V2-main/xiaolunwen/experiment3/checkpoints/worker_r4_best.pt
[HIGH_ORDER_RESIDUAL] repeat=4 fold=9 epoch=3/149 train_bce=0.188915 val_bce=0.592440 best=Y best_epoch=3 head_l2=0.003440 elapsed_sec=3.11
CHECKPOINT_BEST repeat=4 scope=internal_cv fold=9 phase=high_order_residual epoch=4 path=/data/adodas/VarCoNet-V2-main/xiaolunwen/experiment3/checkpoints/worker_r4_best.pt
[HIGH_ORDER_RESIDUAL] repeat=4 fold=9 epoch=4/149 train_bce=0.188806 val_bce=0.592432 best=Y best_epoch=4 head_l2=0.004582 elapsed_sec=1.26
CHECKPOINT_BEST repeat=4 scope=internal_cv fold=9 phase=high_order_residual epoch=5 path=/data/adodas/VarCoNet-V2-main/xiaolunwen/experiment3/checkpoints/worker_r4_best.pt
[HIGH_ORDER_RESIDUAL] repeat=4 fold=9 epoch=5/149 train_bce=0.188696 val_bce=0.592427 best=Y best_epoch=5 head_l2=0.005722 elapsed_sec=1.86
CHECKPOINT_BEST repeat=4 scope=internal_cv fold=9 phase=high_order_residual epoch=6 path=/data/adodas/VarCoNet-V2-main/xiaolunwen/experiment3/checkpoints/worker_r4_best.pt
[HIGH_ORDER_RESIDUAL] repeat=4 fold=9 epoch=6/149 train_bce=0.188588 val_bce=0.592424 best=Y best_epoch=6 head_l2=0.006861 elapsed_sec=3.02
CHECKPOINT_BEST repeat=4 scope=internal_cv fold=9 phase=high_order_residual epoch=7 path=/data/adodas/VarCoNet-V2-main/xiaolunwen/experiment3/checkpoints/worker_r4_best.pt
[HIGH_ORDER_RESIDUAL] repeat=4 fold=9 epoch=7/149 train_bce=0.188479 val_bce=0.592422 best=Y best_epoch=7 head_l2=0.007999 elapsed_sec=3.55
CHECKPOINT_BEST repeat=4 scope=internal_cv fold=9 phase=high_order_residual epoch=8 path=/data/adodas/VarCoNet-V2-main/xiaolunwen/experiment3/checkpoints/worker_r4_best.pt
[HIGH_ORDER_RESIDUAL] repeat=4 fold=9 epoch=8/149 train_bce=0.188371 val_bce=0.592422 best=Y best_epoch=8 head_l2=0.009135 elapsed_sec=1.73
CHECKPOINT_LATEST repeat=4 scope=internal_cv fold=9 phase=high_order_residual epoch=10 path=/data/adodas/VarCoNet-V2-main/xiaolunwen/experiment3/checkpoints/worker_r4_latest.pt
[HIGH_ORDER_RESIDUAL] repeat=4 fold=9 epoch=10/149 train_bce=0.188156 val_bce=0.592425 best=N best_epoch=8 head_l2=0.011403 elapsed_sec=2.69
CHECKPOINT_LATEST repeat=4 scope=internal_cv fold=9 phase=high_order_residual epoch=20 path=/data/adodas/VarCoNet-V2-main/xiaolunwen/experiment3/checkpoints/worker_r4_latest.pt
[HIGH_ORDER_RESIDUAL] repeat=4 fold=9 epoch=20/149 train_bce=0.187102 val_bce=0.592495 best=N best_epoch=8 head_l2=0.022603 elapsed_sec=2.82
CHECKPOINT_LATEST repeat=4 scope=internal_cv fold=9 phase=high_order_residual epoch=30 path=/data/adodas/VarCoNet-V2-main/xiaolunwen/experiment3/checkpoints/worker_r4_latest.pt
[HIGH_ORDER_RESIDUAL] repeat=4 fold=9 epoch=30/149 train_bce=0.186081 val_bce=0.592654 best=N best_epoch=8 head_l2=0.033568 elapsed_sec=2.84
CHECKPOINT_LATEST repeat=4 scope=internal_cv fold=9 phase=high_order_residual epoch=40 path=/data/adodas/VarCoNet-V2-main/xiaolunwen/experiment3/checkpoints/worker_r4_latest.pt
[HIGH_ORDER_RESIDUAL] repeat=4 fold=9 epoch=40/149 train_bce=0.185090 val_bce=0.592886 best=N best_epoch=8 head_l2=0.044349 elapsed_sec=1.27
CHECKPOINT_LATEST repeat=4 scope=internal_cv fold=9 phase=high_order_residual epoch=50 path=/data/adodas/VarCoNet-V2-main/xiaolunwen/experiment3/checkpoints/worker_r4_latest.pt
[HIGH_ORDER_RESIDUAL] repeat=4 fold=9 epoch=50/149 train_bce=0.184128 val_bce=0.593162 best=N best_epoch=8 head_l2=0.054992 elapsed_sec=2.45
CHECKPOINT_LATEST repeat=4 scope=internal_cv fold=9 phase=high_order_residual epoch=60 path=/data/adodas/VarCoNet-V2-main/xiaolunwen/experiment3/checkpoints/worker_r4_latest.pt
[HIGH_ORDER_RESIDUAL] repeat=4 fold=9 epoch=60/149 train_bce=0.183193 val_bce=0.593448 best=N best_epoch=8 head_l2=0.065515 elapsed_sec=3.06
CHECKPOINT_LATEST repeat=4 scope=internal_cv fold=9 phase=high_order_residual epoch=70 path=/data/adodas/VarCoNet-V2-main/xiaolunwen/experiment3/checkpoints/worker_r4_latest.pt
[HIGH_ORDER_RESIDUAL] repeat=4 fold=9 epoch=70/149 train_bce=0.182281 val_bce=0.593733 best=N best_epoch=8 head_l2=0.075925 elapsed_sec=2.02
CHECKPOINT_LATEST repeat=4 scope=internal_cv fold=9 phase=high_order_residual epoch=80 path=/data/adodas/VarCoNet-V2-main/xiaolunwen/experiment3/checkpoints/worker_r4_latest.pt
[HIGH_ORDER_RESIDUAL] repeat=4 fold=9 epoch=80/149 train_bce=0.181392 val_bce=0.594023 best=N best_epoch=8 head_l2=0.086230 elapsed_sec=1.81
CHECKPOINT_LATEST repeat=4 scope=internal_cv fold=9 phase=high_order_residual epoch=90 path=/data/adodas/VarCoNet-V2-main/xiaolunwen/experiment3/checkpoints/worker_r4_latest.pt
[HIGH_ORDER_RESIDUAL] repeat=4 fold=9 epoch=90/149 train_bce=0.180524 val_bce=0.594321 best=N best_epoch=8 head_l2=0.096437 elapsed_sec=1.70
CHECKPOINT_LATEST repeat=4 scope=internal_cv fold=9 phase=high_order_residual epoch=100 path=/data/adodas/VarCoNet-V2-main/xiaolunwen/experiment3/checkpoints/worker_r4_latest.pt
[HIGH_ORDER_RESIDUAL] repeat=4 fold=9 epoch=100/149 train_bce=0.179676 val_bce=0.594630 best=N best_epoch=8 head_l2=0.106548 elapsed_sec=1.36
CHECKPOINT_LATEST repeat=4 scope=internal_cv fold=9 phase=high_order_residual epoch=110 path=/data/adodas/VarCoNet-V2-main/xiaolunwen/experiment3/checkpoints/worker_r4_latest.pt
[HIGH_ORDER_RESIDUAL] repeat=4 fold=9 epoch=110/149 train_bce=0.178846 val_bce=0.594947 best=N best_epoch=8 head_l2=0.116564 elapsed_sec=3.53
CHECKPOINT_LATEST repeat=4 scope=internal_cv fold=9 phase=high_order_residual epoch=120 path=/data/adodas/VarCoNet-V2-main/xiaolunwen/experiment3/checkpoints/worker_r4_latest.pt
[HIGH_ORDER_RESIDUAL] repeat=4 fold=9 epoch=120/149 train_bce=0.178034 val_bce=0.595270 best=N best_epoch=8 head_l2=0.126487 elapsed_sec=2.69
CHECKPOINT_LATEST repeat=4 scope=internal_cv fold=9 phase=high_order_residual epoch=130 path=/data/adodas/VarCoNet-V2-main/xiaolunwen/experiment3/checkpoints/worker_r4_latest.pt
[HIGH_ORDER_RESIDUAL] repeat=4 fold=9 epoch=130/149 train_bce=0.177239 val_bce=0.595599 best=N best_epoch=8 head_l2=0.136317 elapsed_sec=1.90
CHECKPOINT_LATEST repeat=4 scope=internal_cv fold=9 phase=high_order_residual epoch=140 path=/data/adodas/VarCoNet-V2-main/xiaolunwen/experiment3/checkpoints/worker_r4_latest.pt
[HIGH_ORDER_RESIDUAL] repeat=4 fold=9 epoch=140/149 train_bce=0.176459 val_bce=0.595932 best=N best_epoch=8 head_l2=0.146056 elapsed_sec=2.97
RESIDUAL_DONE repeat=4 scope=internal_cv fold=9 selected_encoder_epoch=33 selected_classifier_epoch=46 selected_residual_epoch=8 val_bce=0.592422
TASK_TRAINING_DONE repeat=4 scope=internal_cv fold=9 base_epoch=33 dyn_epoch=33 base_val_bce=0.592476 high_order_val_bce=0.592422
TASK_DONE repeat=4 scope=internal_fold fold=9 method=baseline selected_encoder_epoch=33 test_auc=0.716658 test_bce=0.605732 elapsed_min=4.1
TASK_DONE repeat=4 scope=internal_fold fold=9 method=consensus_highorder_residual selected_encoder_epoch=33 test_auc=0.718215 test_bce=0.605655 elapsed_min=4.1
TASK_START repeat=4 scope=caltech_external fold=external seed=200004 device=cuda:0 shared_encoder=Y
CHECKPOINT_BEST repeat=4 scope=caltech_external fold=external phase=ssl epoch=1 path=/data/adodas/VarCoNet-V2-main/xiaolunwen/experiment3/checkpoints/worker_r4_best.pt
[repeat=4 fold=external] [epoch=1/50] ssl_loss=0.091849 lr=0.00002411 base_val_bce=0.685893 base_best=Y base_cls_epoch=46 epoch_sec=7.5 task_elapsed_min=0.1 gpu_alloc_gb=0.296 gpu_reserved_gb=1.539
[ssl_epoch=1/50] ssl_loss=0.091849 lr=0.00002411 base_val_bce=0.685893 base_best=Y base_cls_epoch=46 epoch_sec=7.5 elapsed_min=0.1 gpu_alloc_gb=0.296 gpu_reserved_gb=1.539
CHECKPOINT_BEST repeat=4 scope=caltech_external fold=external phase=ssl epoch=2 path=/data/adodas/VarCoNet-V2-main/xiaolunwen/experiment3/checkpoints/worker_r4_best.pt
[repeat=4 fold=external] [epoch=2/50] ssl_loss=0.092110 lr=0.00003821 base_val_bce=0.676196 base_best=Y base_cls_epoch=45 epoch_sec=6.9 task_elapsed_min=0.2 gpu_alloc_gb=0.296 gpu_reserved_gb=1.539
[ssl_epoch=2/50] ssl_loss=0.092110 lr=0.00003821 base_val_bce=0.676196 base_best=Y base_cls_epoch=45 epoch_sec=7.1 elapsed_min=0.2 gpu_alloc_gb=0.296 gpu_reserved_gb=1.539
CHECKPOINT_BEST repeat=4 scope=caltech_external fold=external phase=ssl epoch=3 path=/data/adodas/VarCoNet-V2-main/xiaolunwen/experiment3/checkpoints/worker_r4_best.pt
[repeat=4 fold=external] [epoch=3/50] ssl_loss=0.093397 lr=0.00005232 base_val_bce=0.670079 base_best=Y base_cls_epoch=43 epoch_sec=8.0 task_elapsed_min=0.3 gpu_alloc_gb=0.296 gpu_reserved_gb=1.539
[ssl_epoch=3/50] ssl_loss=0.093397 lr=0.00005232 base_val_bce=0.670079 base_best=Y base_cls_epoch=43 epoch_sec=8.0 elapsed_min=0.3 gpu_alloc_gb=0.296 gpu_reserved_gb=1.539
CHECKPOINT_BEST repeat=4 scope=caltech_external fold=external phase=ssl epoch=4 path=/data/adodas/VarCoNet-V2-main/xiaolunwen/experiment3/checkpoints/worker_r4_best.pt
[repeat=4 fold=external] [epoch=4/50] ssl_loss=0.092355 lr=0.00006643 base_val_bce=0.666040 base_best=Y base_cls_epoch=41 epoch_sec=6.6 task_elapsed_min=0.5 gpu_alloc_gb=0.296 gpu_reserved_gb=1.539
[ssl_epoch=4/50] ssl_loss=0.092355 lr=0.00006643 base_val_bce=0.666040 base_best=Y base_cls_epoch=41 epoch_sec=6.6 elapsed_min=0.5 gpu_alloc_gb=0.296 gpu_reserved_gb=1.539
[repeat=4 fold=external] [epoch=5/50] ssl_loss=0.088109 lr=0.00008053 base_val_bce=0.684179 base_best=N base_cls_epoch=42 epoch_sec=4.4 task_elapsed_min=0.6 gpu_alloc_gb=0.296 gpu_reserved_gb=1.539
[ssl_epoch=5/50] ssl_loss=0.088109 lr=0.00008053 base_val_bce=0.684179 base_best=N base_cls_epoch=42 epoch_sec=5.0 elapsed_min=0.6 gpu_alloc_gb=0.296 gpu_reserved_gb=1.539
[repeat=4 fold=external] [epoch=6/50] ssl_loss=0.070017 lr=0.00009464 base_val_bce=0.674446 base_best=N base_cls_epoch=32 epoch_sec=3.6 task_elapsed_min=0.6 gpu_alloc_gb=0.296 gpu_reserved_gb=1.539
[ssl_epoch=6/50] ssl_loss=0.070017 lr=0.00009464 base_val_bce=0.674446 base_best=N base_cls_epoch=32 epoch_sec=3.7 elapsed_min=0.6 gpu_alloc_gb=0.296 gpu_reserved_gb=1.539
CHECKPOINT_BEST repeat=4 scope=caltech_external fold=external phase=ssl epoch=7 path=/data/adodas/VarCoNet-V2-main/xiaolunwen/experiment3/checkpoints/worker_r4_best.pt
[repeat=4 fold=external] [epoch=7/50] ssl_loss=0.066288 lr=0.00010875 base_val_bce=0.659076 base_best=Y base_cls_epoch=37 epoch_sec=9.1 task_elapsed_min=0.7 gpu_alloc_gb=0.296 gpu_reserved_gb=1.539
[ssl_epoch=7/50] ssl_loss=0.066288 lr=0.00010875 base_val_bce=0.659076 base_best=Y base_cls_epoch=37 epoch_sec=9.1 elapsed_min=0.7 gpu_alloc_gb=0.296 gpu_reserved_gb=1.539
[repeat=4 fold=external] [epoch=8/50] ssl_loss=0.057744 lr=0.00012285 base_val_bce=0.659890 base_best=N base_cls_epoch=32 epoch_sec=3.9 task_elapsed_min=0.9 gpu_alloc_gb=0.296 gpu_reserved_gb=1.539
[ssl_epoch=8/50] ssl_loss=0.057744 lr=0.00012285 base_val_bce=0.659890 base_best=N base_cls_epoch=32 epoch_sec=4.0 elapsed_min=0.9 gpu_alloc_gb=0.296 gpu_reserved_gb=1.539
[repeat=4 fold=external] [epoch=9/50] ssl_loss=0.049676 lr=0.00013696 base_val_bce=0.666348 base_best=N base_cls_epoch=36 epoch_sec=4.4 task_elapsed_min=0.9 gpu_alloc_gb=0.296 gpu_reserved_gb=1.539
[ssl_epoch=9/50] ssl_loss=0.049676 lr=0.00013696 base_val_bce=0.666348 base_best=N base_cls_epoch=36 epoch_sec=4.9 elapsed_min=0.9 gpu_alloc_gb=0.296 gpu_reserved_gb=1.539
CHECKPOINT_LATEST repeat=4 scope=caltech_external fold=external phase=ssl epoch=10 path=/data/adodas/VarCoNet-V2-main/xiaolunwen/experiment3/checkpoints/worker_r4_latest.pt
[repeat=4 fold=external] [epoch=10/50] ssl_loss=0.063515 lr=0.00013696 base_val_bce=0.663062 base_best=N base_cls_epoch=36 epoch_sec=9.1 task_elapsed_min=1.0 gpu_alloc_gb=0.296 gpu_reserved_gb=1.539
[ssl_epoch=10/50] ssl_loss=0.063515 lr=0.00013696 base_val_bce=0.663062 base_best=N base_cls_epoch=36 epoch_sec=9.1 elapsed_min=1.0 gpu_alloc_gb=0.296 gpu_reserved_gb=1.539
CHECKPOINT_BEST repeat=4 scope=caltech_external fold=external phase=ssl epoch=11 path=/data/adodas/VarCoNet-V2-main/xiaolunwen/experiment3/checkpoints/worker_r4_best.pt
[repeat=4 fold=external] [epoch=11/50] ssl_loss=0.047957 lr=0.00013675 base_val_bce=0.658529 base_best=Y base_cls_epoch=34 epoch_sec=6.3 task_elapsed_min=1.1 gpu_alloc_gb=0.296 gpu_reserved_gb=1.539
[ssl_epoch=11/50] ssl_loss=0.047957 lr=0.00013675 base_val_bce=0.658529 base_best=Y base_cls_epoch=34 epoch_sec=6.6 elapsed_min=1.1 gpu_alloc_gb=0.296 gpu_reserved_gb=1.539
CHECKPOINT_BEST repeat=4 scope=caltech_external fold=external phase=ssl epoch=12 path=/data/adodas/VarCoNet-V2-main/xiaolunwen/experiment3/checkpoints/worker_r4_best.pt
[repeat=4 fold=external] [epoch=12/50] ssl_loss=0.046351 lr=0.00013612 base_val_bce=0.656595 base_best=Y base_cls_epoch=30 epoch_sec=7.4 task_elapsed_min=1.3 gpu_alloc_gb=0.296 gpu_reserved_gb=1.539
[ssl_epoch=12/50] ssl_loss=0.046351 lr=0.00013612 base_val_bce=0.656595 base_best=Y base_cls_epoch=30 epoch_sec=7.4 elapsed_min=1.3 gpu_alloc_gb=0.296 gpu_reserved_gb=1.539
[repeat=4 fold=external] [epoch=13/50] ssl_loss=0.057460 lr=0.00013507 base_val_bce=0.669303 base_best=N base_cls_epoch=33 epoch_sec=3.7 task_elapsed_min=1.4 gpu_alloc_gb=0.296 gpu_reserved_gb=1.539
[ssl_epoch=13/50] ssl_loss=0.057460 lr=0.00013507 base_val_bce=0.669303 base_best=N base_cls_epoch=33 epoch_sec=4.0 elapsed_min=1.4 gpu_alloc_gb=0.296 gpu_reserved_gb=1.539
CHECKPOINT_BEST repeat=4 scope=caltech_external fold=external phase=ssl epoch=14 path=/data/adodas/VarCoNet-V2-main/xiaolunwen/experiment3/checkpoints/worker_r4_best.pt
[repeat=4 fold=external] [epoch=14/50] ssl_loss=0.047274 lr=0.00013361 base_val_bce=0.646555 base_best=Y base_cls_epoch=31 epoch_sec=8.4 task_elapsed_min=1.5 gpu_alloc_gb=0.296 gpu_reserved_gb=1.539
[ssl_epoch=14/50] ssl_loss=0.047274 lr=0.00013361 base_val_bce=0.646555 base_best=Y base_cls_epoch=31 epoch_sec=8.4 elapsed_min=1.5 gpu_alloc_gb=0.296 gpu_reserved_gb=1.539
[repeat=4 fold=external] [epoch=15/50] ssl_loss=0.064605 lr=0.00013175 base_val_bce=0.648314 base_best=N base_cls_epoch=35 epoch_sec=3.8 task_elapsed_min=1.6 gpu_alloc_gb=0.296 gpu_reserved_gb=1.539
[ssl_epoch=15/50] ssl_loss=0.064605 lr=0.00013175 base_val_bce=0.648314 base_best=N base_cls_epoch=35 epoch_sec=4.1 elapsed_min=1.6 gpu_alloc_gb=0.296 gpu_reserved_gb=1.539
[repeat=4 fold=external] [epoch=16/50] ssl_loss=0.045705 lr=0.00012950 base_val_bce=0.657750 base_best=N base_cls_epoch=35 epoch_sec=3.8 task_elapsed_min=1.7 gpu_alloc_gb=0.296 gpu_reserved_gb=1.539
[ssl_epoch=16/50] ssl_loss=0.045705 lr=0.00012950 base_val_bce=0.657750 base_best=N base_cls_epoch=35 epoch_sec=3.8 elapsed_min=1.7 gpu_alloc_gb=0.296 gpu_reserved_gb=1.539
CHECKPOINT_BEST repeat=4 scope=caltech_external fold=external phase=ssl epoch=17 path=/data/adodas/VarCoNet-V2-main/xiaolunwen/experiment3/checkpoints/worker_r4_best.pt
[repeat=4 fold=external] [epoch=17/50] ssl_loss=0.038485 lr=0.00012687 base_val_bce=0.635312 base_best=Y base_cls_epoch=34 epoch_sec=6.4 task_elapsed_min=1.7 gpu_alloc_gb=0.296 gpu_reserved_gb=1.539
[ssl_epoch=17/50] ssl_loss=0.038485 lr=0.00012687 base_val_bce=0.635312 base_best=Y base_cls_epoch=34 epoch_sec=6.4 elapsed_min=1.7 gpu_alloc_gb=0.296 gpu_reserved_gb=1.539
[repeat=4 fold=external] [epoch=18/50] ssl_loss=0.045633 lr=0.00012388 base_val_bce=0.646276 base_best=N base_cls_epoch=35 epoch_sec=4.6 task_elapsed_min=1.9 gpu_alloc_gb=0.296 gpu_reserved_gb=1.539
[ssl_epoch=18/50] ssl_loss=0.045633 lr=0.00012388 base_val_bce=0.646276 base_best=N base_cls_epoch=35 epoch_sec=4.7 elapsed_min=1.9 gpu_alloc_gb=0.296 gpu_reserved_gb=1.539
[repeat=4 fold=external] [epoch=19/50] ssl_loss=0.045887 lr=0.00012055 base_val_bce=0.661437 base_best=N base_cls_epoch=37 epoch_sec=4.9 task_elapsed_min=1.9 gpu_alloc_gb=0.296 gpu_reserved_gb=1.539
[ssl_epoch=19/50] ssl_loss=0.045887 lr=0.00012055 base_val_bce=0.661437 base_best=N base_cls_epoch=37 epoch_sec=5.0 elapsed_min=1.9 gpu_alloc_gb=0.296 gpu_reserved_gb=1.539
CHECKPOINT_LATEST repeat=4 scope=caltech_external fold=external phase=ssl epoch=20 path=/data/adodas/VarCoNet-V2-main/xiaolunwen/experiment3/checkpoints/worker_r4_latest.pt
[repeat=4 fold=external] [epoch=20/50] ssl_loss=0.053732 lr=0.00011690 base_val_bce=0.663947 base_best=N base_cls_epoch=40 epoch_sec=6.2 task_elapsed_min=2.0 gpu_alloc_gb=0.296 gpu_reserved_gb=1.539
[ssl_epoch=20/50] ssl_loss=0.053732 lr=0.00011690 base_val_bce=0.663947 base_best=N base_cls_epoch=40 epoch_sec=6.2 elapsed_min=2.0 gpu_alloc_gb=0.296 gpu_reserved_gb=1.539
[repeat=4 fold=external] [epoch=21/50] ssl_loss=0.046617 lr=0.00011296 base_val_bce=0.642082 base_best=N base_cls_epoch=40 epoch_sec=4.1 task_elapsed_min=2.1 gpu_alloc_gb=0.296 gpu_reserved_gb=1.539
[ssl_epoch=21/50] ssl_loss=0.046617 lr=0.00011296 base_val_bce=0.642082 base_best=N base_cls_epoch=40 epoch_sec=4.1 elapsed_min=2.1 gpu_alloc_gb=0.296 gpu_reserved_gb=1.539
[repeat=4 fold=external] [epoch=22/50] ssl_loss=0.042569 lr=0.00010873 base_val_bce=0.662574 base_best=N base_cls_epoch=45 epoch_sec=4.0 task_elapsed_min=2.2 gpu_alloc_gb=0.296 gpu_reserved_gb=1.539
[ssl_epoch=22/50] ssl_loss=0.042569 lr=0.00010873 base_val_bce=0.662574 base_best=N base_cls_epoch=45 epoch_sec=4.0 elapsed_min=2.2 gpu_alloc_gb=0.296 gpu_reserved_gb=1.539
[repeat=4 fold=external] [epoch=23/50] ssl_loss=0.039158 lr=0.00010426 base_val_bce=0.659232 base_best=N base_cls_epoch=36 epoch_sec=3.8 task_elapsed_min=2.2 gpu_alloc_gb=0.296 gpu_reserved_gb=1.539
[ssl_epoch=23/50] ssl_loss=0.039158 lr=0.00010426 base_val_bce=0.659232 base_best=N base_cls_epoch=36 epoch_sec=3.9 elapsed_min=2.2 gpu_alloc_gb=0.296 gpu_reserved_gb=1.539
[repeat=4 fold=external] [epoch=24/50] ssl_loss=0.050179 lr=0.00009957 base_val_bce=0.642895 base_best=N base_cls_epoch=43 epoch_sec=3.8 task_elapsed_min=2.3 gpu_alloc_gb=0.296 gpu_reserved_gb=1.539
[ssl_epoch=24/50] ssl_loss=0.050179 lr=0.00009957 base_val_bce=0.642895 base_best=N base_cls_epoch=43 epoch_sec=4.7 elapsed_min=2.3 gpu_alloc_gb=0.296 gpu_reserved_gb=1.539
[repeat=4 fold=external] [epoch=25/50] ssl_loss=0.030382 lr=0.00009469 base_val_bce=0.646076 base_best=N base_cls_epoch=35 epoch_sec=4.1 task_elapsed_min=2.4 gpu_alloc_gb=0.296 gpu_reserved_gb=1.539
[ssl_epoch=25/50] ssl_loss=0.030382 lr=0.00009469 base_val_bce=0.646076 base_best=N base_cls_epoch=35 epoch_sec=4.7 elapsed_min=2.4 gpu_alloc_gb=0.296 gpu_reserved_gb=1.539
[repeat=4 fold=external] [epoch=26/50] ssl_loss=0.040715 lr=0.00008964 base_val_bce=0.660485 base_best=N base_cls_epoch=37 epoch_sec=2.7 task_elapsed_min=2.4 gpu_alloc_gb=0.296 gpu_reserved_gb=1.539
[ssl_epoch=26/50] ssl_loss=0.040715 lr=0.00008964 base_val_bce=0.660485 base_best=N base_cls_epoch=37 epoch_sec=2.7 elapsed_min=2.4 gpu_alloc_gb=0.296 gpu_reserved_gb=1.539
[repeat=4 fold=external] [epoch=27/50] ssl_loss=0.043163 lr=0.00008447 base_val_bce=0.659621 base_best=N base_cls_epoch=35 epoch_sec=2.8 task_elapsed_min=2.5 gpu_alloc_gb=0.296 gpu_reserved_gb=1.539
[ssl_epoch=27/50] ssl_loss=0.043163 lr=0.00008447 base_val_bce=0.659621 base_best=N base_cls_epoch=35 epoch_sec=2.9 elapsed_min=2.5 gpu_alloc_gb=0.296 gpu_reserved_gb=1.539
[repeat=4 fold=external] [epoch=28/50] ssl_loss=0.044005 lr=0.00007919 base_val_bce=0.654589 base_best=N base_cls_epoch=40 epoch_sec=3.1 task_elapsed_min=2.6 gpu_alloc_gb=0.296 gpu_reserved_gb=1.539
[ssl_epoch=28/50] ssl_loss=0.044005 lr=0.00007919 base_val_bce=0.654589 base_best=N base_cls_epoch=40 epoch_sec=3.3 elapsed_min=2.6 gpu_alloc_gb=0.296 gpu_reserved_gb=1.539
[repeat=4 fold=external] [epoch=29/50] ssl_loss=0.050715 lr=0.00007385 base_val_bce=0.648353 base_best=N base_cls_epoch=45 epoch_sec=3.1 task_elapsed_min=2.6 gpu_alloc_gb=0.296 gpu_reserved_gb=1.539
[ssl_epoch=29/50] ssl_loss=0.050715 lr=0.00007385 base_val_bce=0.648353 base_best=N base_cls_epoch=45 epoch_sec=3.3 elapsed_min=2.6 gpu_alloc_gb=0.296 gpu_reserved_gb=1.539
CHECKPOINT_LATEST repeat=4 scope=caltech_external fold=external phase=ssl epoch=30 path=/data/adodas/VarCoNet-V2-main/xiaolunwen/experiment3/checkpoints/worker_r4_latest.pt
[repeat=4 fold=external] [epoch=30/50] ssl_loss=0.032802 lr=0.00006848 base_val_bce=0.657606 base_best=N base_cls_epoch=44 epoch_sec=7.2 task_elapsed_min=2.7 gpu_alloc_gb=0.296 gpu_reserved_gb=1.539
[ssl_epoch=30/50] ssl_loss=0.032802 lr=0.00006848 base_val_bce=0.657606 base_best=N base_cls_epoch=44 epoch_sec=7.2 elapsed_min=2.7 gpu_alloc_gb=0.296 gpu_reserved_gb=1.539
[repeat=4 fold=external] [epoch=31/50] ssl_loss=0.042385 lr=0.00006311 base_val_bce=0.649697 base_best=N base_cls_epoch=43 epoch_sec=2.6 task_elapsed_min=2.8 gpu_alloc_gb=0.296 gpu_reserved_gb=1.539
[ssl_epoch=31/50] ssl_loss=0.042385 lr=0.00006311 base_val_bce=0.649697 base_best=N base_cls_epoch=43 epoch_sec=2.7 elapsed_min=2.8 gpu_alloc_gb=0.296 gpu_reserved_gb=1.539
[repeat=4 fold=external] [epoch=32/50] ssl_loss=0.041162 lr=0.00005777 base_val_bce=0.650744 base_best=N base_cls_epoch=40 epoch_sec=3.1 task_elapsed_min=2.8 gpu_alloc_gb=0.296 gpu_reserved_gb=1.539
[ssl_epoch=32/50] ssl_loss=0.041162 lr=0.00005777 base_val_bce=0.650744 base_best=N base_cls_epoch=40 epoch_sec=3.1 elapsed_min=2.8 gpu_alloc_gb=0.296 gpu_reserved_gb=1.539
[repeat=4 fold=external] [epoch=33/50] ssl_loss=0.039623 lr=0.00005249 base_val_bce=0.642406 base_best=N base_cls_epoch=41 epoch_sec=3.6 task_elapsed_min=2.9 gpu_alloc_gb=0.296 gpu_reserved_gb=1.539
[ssl_epoch=33/50] ssl_loss=0.039623 lr=0.00005249 base_val_bce=0.642406 base_best=N base_cls_epoch=41 epoch_sec=3.8 elapsed_min=2.9 gpu_alloc_gb=0.296 gpu_reserved_gb=1.539
[repeat=4 fold=external] [epoch=34/50] ssl_loss=0.032958 lr=0.00004732 base_val_bce=0.644123 base_best=N base_cls_epoch=43 epoch_sec=3.3 task_elapsed_min=2.9 gpu_alloc_gb=0.296 gpu_reserved_gb=1.539
[ssl_epoch=34/50] ssl_loss=0.032958 lr=0.00004732 base_val_bce=0.644123 base_best=N base_cls_epoch=43 epoch_sec=3.3 elapsed_min=2.9 gpu_alloc_gb=0.296 gpu_reserved_gb=1.539
[repeat=4 fold=external] [epoch=35/50] ssl_loss=0.036772 lr=0.00004227 base_val_bce=0.649109 base_best=N base_cls_epoch=44 epoch_sec=3.1 task_elapsed_min=3.0 gpu_alloc_gb=0.296 gpu_reserved_gb=1.539
[ssl_epoch=35/50] ssl_loss=0.036772 lr=0.00004227 base_val_bce=0.649109 base_best=N base_cls_epoch=44 epoch_sec=3.3 elapsed_min=3.0 gpu_alloc_gb=0.296 gpu_reserved_gb=1.539
[repeat=4 fold=external] [epoch=36/50] ssl_loss=0.041673 lr=0.00003739 base_val_bce=0.647358 base_best=N base_cls_epoch=45 epoch_sec=2.8 task_elapsed_min=3.1 gpu_alloc_gb=0.296 gpu_reserved_gb=1.539
[ssl_epoch=36/50] ssl_loss=0.041673 lr=0.00003739 base_val_bce=0.647358 base_best=N base_cls_epoch=45 epoch_sec=3.3 elapsed_min=3.1 gpu_alloc_gb=0.296 gpu_reserved_gb=1.539
[repeat=4 fold=external] [epoch=37/50] ssl_loss=0.049077 lr=0.00003270 base_val_bce=0.649602 base_best=N base_cls_epoch=39 epoch_sec=3.4 task_elapsed_min=3.1 gpu_alloc_gb=0.296 gpu_reserved_gb=1.539
[ssl_epoch=37/50] ssl_loss=0.049077 lr=0.00003270 base_val_bce=0.649602 base_best=N base_cls_epoch=39 epoch_sec=3.4 elapsed_min=3.1 gpu_alloc_gb=0.296 gpu_reserved_gb=1.539
[repeat=4 fold=external] [epoch=38/50] ssl_loss=0.036690 lr=0.00002823 base_val_bce=0.643066 base_best=N base_cls_epoch=39 epoch_sec=3.1 task_elapsed_min=3.2 gpu_alloc_gb=0.296 gpu_reserved_gb=1.539
[ssl_epoch=38/50] ssl_loss=0.036690 lr=0.00002823 base_val_bce=0.643066 base_best=N base_cls_epoch=39 epoch_sec=3.2 elapsed_min=3.2 gpu_alloc_gb=0.296 gpu_reserved_gb=1.539
[repeat=4 fold=external] [epoch=39/50] ssl_loss=0.043499 lr=0.00002401 base_val_bce=0.651689 base_best=N base_cls_epoch=38 epoch_sec=2.9 task_elapsed_min=3.2 gpu_alloc_gb=0.296 gpu_reserved_gb=1.539
[ssl_epoch=39/50] ssl_loss=0.043499 lr=0.00002401 base_val_bce=0.651689 base_best=N base_cls_epoch=38 epoch_sec=3.1 elapsed_min=3.2 gpu_alloc_gb=0.296 gpu_reserved_gb=1.539
CHECKPOINT_LATEST repeat=4 scope=caltech_external fold=external phase=ssl epoch=40 path=/data/adodas/VarCoNet-V2-main/xiaolunwen/experiment3/checkpoints/worker_r4_latest.pt
[repeat=4 fold=external] [epoch=40/50] ssl_loss=0.038793 lr=0.00002006 base_val_bce=0.640579 base_best=N base_cls_epoch=40 epoch_sec=4.7 task_elapsed_min=3.3 gpu_alloc_gb=0.296 gpu_reserved_gb=1.539
[ssl_epoch=40/50] ssl_loss=0.038793 lr=0.00002006 base_val_bce=0.640579 base_best=N base_cls_epoch=40 epoch_sec=4.7 elapsed_min=3.3 gpu_alloc_gb=0.296 gpu_reserved_gb=1.539
[repeat=4 fold=external] [epoch=41/50] ssl_loss=0.032559 lr=0.00001641 base_val_bce=0.650420 base_best=N base_cls_epoch=45 epoch_sec=3.4 task_elapsed_min=3.4 gpu_alloc_gb=0.296 gpu_reserved_gb=1.539
[ssl_epoch=41/50] ssl_loss=0.032559 lr=0.00001641 base_val_bce=0.650420 base_best=N base_cls_epoch=45 epoch_sec=3.8 elapsed_min=3.4 gpu_alloc_gb=0.296 gpu_reserved_gb=1.539
[repeat=4 fold=external] [epoch=42/50] ssl_loss=0.031798 lr=0.00001308 base_val_bce=0.657601 base_best=N base_cls_epoch=38 epoch_sec=2.8 task_elapsed_min=3.4 gpu_alloc_gb=0.296 gpu_reserved_gb=1.539
[ssl_epoch=42/50] ssl_loss=0.031798 lr=0.00001308 base_val_bce=0.657601 base_best=N base_cls_epoch=38 epoch_sec=3.1 elapsed_min=3.4 gpu_alloc_gb=0.296 gpu_reserved_gb=1.539
[repeat=4 fold=external] [epoch=43/50] ssl_loss=0.031488 lr=0.00001009 base_val_bce=0.659101 base_best=N base_cls_epoch=46 epoch_sec=3.3 task_elapsed_min=3.5 gpu_alloc_gb=0.296 gpu_reserved_gb=1.539
[ssl_epoch=43/50] ssl_loss=0.031488 lr=0.00001009 base_val_bce=0.659101 base_best=N base_cls_epoch=46 epoch_sec=3.4 elapsed_min=3.5 gpu_alloc_gb=0.296 gpu_reserved_gb=1.539
[repeat=4 fold=external] [epoch=44/50] ssl_loss=0.033503 lr=0.00000746 base_val_bce=0.654165 base_best=N base_cls_epoch=41 epoch_sec=2.9 task_elapsed_min=3.5 gpu_alloc_gb=0.296 gpu_reserved_gb=1.539
[ssl_epoch=44/50] ssl_loss=0.033503 lr=0.00000746 base_val_bce=0.654165 base_best=N base_cls_epoch=41 epoch_sec=3.1 elapsed_min=3.5 gpu_alloc_gb=0.296 gpu_reserved_gb=1.539
[repeat=4 fold=external] [epoch=45/50] ssl_loss=0.039037 lr=0.00000521 base_val_bce=0.651020 base_best=N base_cls_epoch=44 epoch_sec=3.3 task_elapsed_min=3.6 gpu_alloc_gb=0.296 gpu_reserved_gb=1.539
[ssl_epoch=45/50] ssl_loss=0.039037 lr=0.00000521 base_val_bce=0.651020 base_best=N base_cls_epoch=44 epoch_sec=3.3 elapsed_min=3.6 gpu_alloc_gb=0.296 gpu_reserved_gb=1.539
[repeat=4 fold=external] [epoch=46/50] ssl_loss=0.041290 lr=0.00000335 base_val_bce=0.652526 base_best=N base_cls_epoch=41 epoch_sec=2.9 task_elapsed_min=3.6 gpu_alloc_gb=0.296 gpu_reserved_gb=1.539
[ssl_epoch=46/50] ssl_loss=0.041290 lr=0.00000335 base_val_bce=0.652526 base_best=N base_cls_epoch=41 epoch_sec=3.0 elapsed_min=3.6 gpu_alloc_gb=0.296 gpu_reserved_gb=1.539
[repeat=4 fold=external] [epoch=47/50] ssl_loss=0.049887 lr=0.00000189 base_val_bce=0.653262 base_best=N base_cls_epoch=40 epoch_sec=2.8 task_elapsed_min=3.7 gpu_alloc_gb=0.296 gpu_reserved_gb=1.539
[ssl_epoch=47/50] ssl_loss=0.049887 lr=0.00000189 base_val_bce=0.653262 base_best=N base_cls_epoch=40 epoch_sec=2.8 elapsed_min=3.7 gpu_alloc_gb=0.296 gpu_reserved_gb=1.539
[repeat=4 fold=external] [epoch=48/50] ssl_loss=0.041370 lr=0.00000084 base_val_bce=0.649163 base_best=N base_cls_epoch=47 epoch_sec=2.6 task_elapsed_min=3.7 gpu_alloc_gb=0.296 gpu_reserved_gb=1.539
[ssl_epoch=48/50] ssl_loss=0.041370 lr=0.00000084 base_val_bce=0.649163 base_best=N base_cls_epoch=47 epoch_sec=2.6 elapsed_min=3.7 gpu_alloc_gb=0.296 gpu_reserved_gb=1.539
[repeat=4 fold=external] [epoch=49/50] ssl_loss=0.039310 lr=0.00000021 base_val_bce=0.642613 base_best=N base_cls_epoch=45 epoch_sec=3.0 task_elapsed_min=3.8 gpu_alloc_gb=0.296 gpu_reserved_gb=1.539
[ssl_epoch=49/50] ssl_loss=0.039310 lr=0.00000021 base_val_bce=0.642613 base_best=N base_cls_epoch=45 epoch_sec=3.2 elapsed_min=3.8 gpu_alloc_gb=0.296 gpu_reserved_gb=1.539
CHECKPOINT_LATEST repeat=4 scope=caltech_external fold=external phase=ssl epoch=50 path=/data/adodas/VarCoNet-V2-main/xiaolunwen/experiment3/checkpoints/worker_r4_latest.pt
[repeat=4 fold=external] [epoch=50/50] ssl_loss=0.033631 lr=0.00000000 base_val_bce=0.640487 base_best=N base_cls_epoch=42 epoch_sec=5.0 task_elapsed_min=3.8 gpu_alloc_gb=0.296 gpu_reserved_gb=1.539
[ssl_epoch=50/50] ssl_loss=0.033631 lr=0.00000000 base_val_bce=0.640487 base_best=N base_cls_epoch=42 epoch_sec=5.0 elapsed_min=3.8 gpu_alloc_gb=0.296 gpu_reserved_gb=1.539
[MODULE_DISCOVERY] repeat=4 fold=external n_unique_subjects=793 n_modules=32 module_size_min=7 module_size_mean=12.000 module_size_max=21 singleton_modules=0 meta_dim=528 empty_meta_bins=0 affinity_mean=0.16659944 affinity_std=0.04450169 affinity_max=0.79477501 elapsed_sec=0.23
[HIGH_ORDER_RESIDUAL] repeat=4 fold=external epoch=0 train_bce=NA val_bce=0.635312 best=Y best_epoch=0 head_l2=0.000000 elapsed_sec=232.39
CHECKPOINT_BEST repeat=4 scope=caltech_external fold=external phase=high_order_residual epoch=0 path=/data/adodas/VarCoNet-V2-main/xiaolunwen/experiment3/checkpoints/worker_r4_best.pt
CHECKPOINT_LATEST repeat=4 scope=caltech_external fold=external phase=high_order_residual epoch=10 path=/data/adodas/VarCoNet-V2-main/xiaolunwen/experiment3/checkpoints/worker_r4_latest.pt
[HIGH_ORDER_RESIDUAL] repeat=4 fold=external epoch=10/149 train_bce=0.281548 val_bce=0.635707 best=N best_epoch=0 head_l2=0.011439 elapsed_sec=1.98
CHECKPOINT_LATEST repeat=4 scope=caltech_external fold=external phase=high_order_residual epoch=20 path=/data/adodas/VarCoNet-V2-main/xiaolunwen/experiment3/checkpoints/worker_r4_latest.pt
[HIGH_ORDER_RESIDUAL] repeat=4 fold=external epoch=20/149 train_bce=0.280223 val_bce=0.636071 best=N best_epoch=0 head_l2=0.022652 elapsed_sec=3.10
CHECKPOINT_LATEST repeat=4 scope=caltech_external fold=external phase=high_order_residual epoch=30 path=/data/adodas/VarCoNet-V2-main/xiaolunwen/experiment3/checkpoints/worker_r4_latest.pt
[HIGH_ORDER_RESIDUAL] repeat=4 fold=external epoch=30/149 train_bce=0.278941 val_bce=0.636369 best=N best_epoch=0 head_l2=0.033587 elapsed_sec=2.41
CHECKPOINT_LATEST repeat=4 scope=caltech_external fold=external phase=high_order_residual epoch=40 path=/data/adodas/VarCoNet-V2-main/xiaolunwen/experiment3/checkpoints/worker_r4_latest.pt
[HIGH_ORDER_RESIDUAL] repeat=4 fold=external epoch=40/149 train_bce=0.277695 val_bce=0.636598 best=N best_epoch=0 head_l2=0.044318 elapsed_sec=1.81
CHECKPOINT_LATEST repeat=4 scope=caltech_external fold=external phase=high_order_residual epoch=50 path=/data/adodas/VarCoNet-V2-main/xiaolunwen/experiment3/checkpoints/worker_r4_latest.pt
[HIGH_ORDER_RESIDUAL] repeat=4 fold=external epoch=50/149 train_bce=0.276484 val_bce=0.636777 best=N best_epoch=0 head_l2=0.054909 elapsed_sec=2.72
CHECKPOINT_LATEST repeat=4 scope=caltech_external fold=external phase=high_order_residual epoch=60 path=/data/adodas/VarCoNet-V2-main/xiaolunwen/experiment3/checkpoints/worker_r4_latest.pt
[HIGH_ORDER_RESIDUAL] repeat=4 fold=external epoch=60/149 train_bce=0.275304 val_bce=0.636925 best=N best_epoch=0 head_l2=0.065388 elapsed_sec=2.66
CHECKPOINT_LATEST repeat=4 scope=caltech_external fold=external phase=high_order_residual epoch=70 path=/data/adodas/VarCoNet-V2-main/xiaolunwen/experiment3/checkpoints/worker_r4_latest.pt
[HIGH_ORDER_RESIDUAL] repeat=4 fold=external epoch=70/149 train_bce=0.274154 val_bce=0.637059 best=N best_epoch=0 head_l2=0.075762 elapsed_sec=2.23
CHECKPOINT_LATEST repeat=4 scope=caltech_external fold=external phase=high_order_residual epoch=80 path=/data/adodas/VarCoNet-V2-main/xiaolunwen/experiment3/checkpoints/worker_r4_latest.pt
[HIGH_ORDER_RESIDUAL] repeat=4 fold=external epoch=80/149 train_bce=0.273032 val_bce=0.637187 best=N best_epoch=0 head_l2=0.086028 elapsed_sec=2.47
CHECKPOINT_LATEST repeat=4 scope=caltech_external fold=external phase=high_order_residual epoch=90 path=/data/adodas/VarCoNet-V2-main/xiaolunwen/experiment3/checkpoints/worker_r4_latest.pt
[HIGH_ORDER_RESIDUAL] repeat=4 fold=external epoch=90/149 train_bce=0.271935 val_bce=0.637312 best=N best_epoch=0 head_l2=0.096184 elapsed_sec=1.63
CHECKPOINT_LATEST repeat=4 scope=caltech_external fold=external phase=high_order_residual epoch=100 path=/data/adodas/VarCoNet-V2-main/xiaolunwen/experiment3/checkpoints/worker_r4_latest.pt
[HIGH_ORDER_RESIDUAL] repeat=4 fold=external epoch=100/149 train_bce=0.270862 val_bce=0.637436 best=N best_epoch=0 head_l2=0.106230 elapsed_sec=0.95
CHECKPOINT_LATEST repeat=4 scope=caltech_external fold=external phase=high_order_residual epoch=110 path=/data/adodas/VarCoNet-V2-main/xiaolunwen/experiment3/checkpoints/worker_r4_latest.pt
[HIGH_ORDER_RESIDUAL] repeat=4 fold=external epoch=110/149 train_bce=0.269812 val_bce=0.637559 best=N best_epoch=0 head_l2=0.116169 elapsed_sec=1.03
CHECKPOINT_LATEST repeat=4 scope=caltech_external fold=external phase=high_order_residual epoch=120 path=/data/adodas/VarCoNet-V2-main/xiaolunwen/experiment3/checkpoints/worker_r4_latest.pt
[HIGH_ORDER_RESIDUAL] repeat=4 fold=external epoch=120/149 train_bce=0.268784 val_bce=0.637680 best=N best_epoch=0 head_l2=0.126007 elapsed_sec=1.36
CHECKPOINT_LATEST repeat=4 scope=caltech_external fold=external phase=high_order_residual epoch=130 path=/data/adodas/VarCoNet-V2-main/xiaolunwen/experiment3/checkpoints/worker_r4_latest.pt
[HIGH_ORDER_RESIDUAL] repeat=4 fold=external epoch=130/149 train_bce=0.267776 val_bce=0.637800 best=N best_epoch=0 head_l2=0.135747 elapsed_sec=2.62
CHECKPOINT_LATEST repeat=4 scope=caltech_external fold=external phase=high_order_residual epoch=140 path=/data/adodas/VarCoNet-V2-main/xiaolunwen/experiment3/checkpoints/worker_r4_latest.pt
[HIGH_ORDER_RESIDUAL] repeat=4 fold=external epoch=140/149 train_bce=0.266788 val_bce=0.637921 best=N best_epoch=0 head_l2=0.145392 elapsed_sec=2.82
RESIDUAL_DONE repeat=4 scope=caltech_external fold=external selected_encoder_epoch=17 selected_classifier_epoch=34 selected_residual_epoch=0 val_bce=0.635312
TASK_TRAINING_DONE repeat=4 scope=caltech_external fold=external base_epoch=17 dyn_epoch=17 base_val_bce=0.635312 high_order_val_bce=0.635312
TASK_DONE repeat=4 scope=caltech fold=external method=baseline selected_encoder_epoch=17 test_auc=0.672515 test_bce=0.641265 elapsed_min=4.4
TASK_DONE repeat=4 scope=abide2 fold=external method=baseline selected_encoder_epoch=17 test_auc=0.747996 test_bce=0.594311 elapsed_min=4.4
TASK_DONE repeat=4 scope=caltech fold=external method=consensus_highorder_residual selected_encoder_epoch=17 test_auc=0.672515 test_bce=0.641265 elapsed_min=4.4
TASK_DONE repeat=4 scope=abide2 fold=external method=consensus_highorder_residual selected_encoder_epoch=17 test_auc=0.747996 test_bce=0.594311 elapsed_min=4.4
REPEAT_DONE repeat=4 status=PASS rows=26
