==================================================
INVOCATION_START 2026-09-14T04:55:48Z repeat=2 gpu=0
REPEAT_START repeat=2 device=cuda:0 tasks=11
TASK_START repeat=2 scope=internal_cv fold=0 seed=100200 device=cuda:0 shared_encoder=Y
CHECKPOINT_BEST repeat=2 scope=internal_cv fold=0 phase=ssl epoch=1 path=/data/adodas/VarCoNet-V2-main/xiaolunwen/experiment3/checkpoints/worker_r2_best.pt
[repeat=2 fold=0] [epoch=1/50] ssl_loss=0.122030 lr=0.00002411 base_val_bce=0.671983 base_best=Y base_cls_epoch=31 epoch_sec=26.8 task_elapsed_min=0.4 gpu_alloc_gb=0.271 gpu_reserved_gb=1.676
[ssl_epoch=1/50] ssl_loss=0.122030 lr=0.00002411 base_val_bce=0.671983 base_best=Y base_cls_epoch=31 epoch_sec=26.9 elapsed_min=0.4 gpu_alloc_gb=0.271 gpu_reserved_gb=1.676
CHECKPOINT_BEST repeat=2 scope=internal_cv fold=0 phase=ssl epoch=2 path=/data/adodas/VarCoNet-V2-main/xiaolunwen/experiment3/checkpoints/worker_r2_best.pt
[repeat=2 fold=0] [epoch=2/50] ssl_loss=0.127756 lr=0.00003821 base_val_bce=0.654754 base_best=Y base_cls_epoch=24 epoch_sec=9.3 task_elapsed_min=0.6 gpu_alloc_gb=0.271 gpu_reserved_gb=1.588
[ssl_epoch=2/50] ssl_loss=0.127756 lr=0.00003821 base_val_bce=0.654754 base_best=Y base_cls_epoch=24 epoch_sec=9.3 elapsed_min=0.6 gpu_alloc_gb=0.271 gpu_reserved_gb=1.588
[repeat=2 fold=0] [epoch=3/50] ssl_loss=0.105783 lr=0.00005232 base_val_bce=0.663770 base_best=N base_cls_epoch=23 epoch_sec=3.1 task_elapsed_min=0.7 gpu_alloc_gb=0.271 gpu_reserved_gb=1.588
[ssl_epoch=3/50] ssl_loss=0.105783 lr=0.00005232 base_val_bce=0.663770 base_best=N base_cls_epoch=23 epoch_sec=3.2 elapsed_min=0.7 gpu_alloc_gb=0.271 gpu_reserved_gb=1.588
[repeat=2 fold=0] [epoch=4/50] ssl_loss=0.093792 lr=0.00006643 base_val_bce=0.660438 base_best=N base_cls_epoch=26 epoch_sec=3.8 task_elapsed_min=0.8 gpu_alloc_gb=0.271 gpu_reserved_gb=1.588
[ssl_epoch=4/50] ssl_loss=0.093792 lr=0.00006643 base_val_bce=0.660438 base_best=N base_cls_epoch=26 epoch_sec=3.9 elapsed_min=0.8 gpu_alloc_gb=0.271 gpu_reserved_gb=1.588
[repeat=2 fold=0] [epoch=5/50] ssl_loss=0.087106 lr=0.00008053 base_val_bce=0.664472 base_best=N base_cls_epoch=24 epoch_sec=4.1 task_elapsed_min=0.8 gpu_alloc_gb=0.271 gpu_reserved_gb=1.588
[ssl_epoch=5/50] ssl_loss=0.087106 lr=0.00008053 base_val_bce=0.664472 base_best=N base_cls_epoch=24 epoch_sec=4.1 elapsed_min=0.8 gpu_alloc_gb=0.271 gpu_reserved_gb=1.588
CHECKPOINT_BEST repeat=2 scope=internal_cv fold=0 phase=ssl epoch=6 path=/data/adodas/VarCoNet-V2-main/xiaolunwen/experiment3/checkpoints/worker_r2_best.pt
[repeat=2 fold=0] [epoch=6/50] ssl_loss=0.099892 lr=0.00009464 base_val_bce=0.647732 base_best=Y base_cls_epoch=27 epoch_sec=4.8 task_elapsed_min=0.9 gpu_alloc_gb=0.271 gpu_reserved_gb=1.588
[ssl_epoch=6/50] ssl_loss=0.099892 lr=0.00009464 base_val_bce=0.647732 base_best=Y base_cls_epoch=27 epoch_sec=4.9 elapsed_min=0.9 gpu_alloc_gb=0.271 gpu_reserved_gb=1.588
[repeat=2 fold=0] [epoch=7/50] ssl_loss=0.089772 lr=0.00010875 base_val_bce=0.652246 base_best=N base_cls_epoch=27 epoch_sec=3.6 task_elapsed_min=1.0 gpu_alloc_gb=0.271 gpu_reserved_gb=1.588
[ssl_epoch=7/50] ssl_loss=0.089772 lr=0.00010875 base_val_bce=0.652246 base_best=N base_cls_epoch=27 epoch_sec=3.9 elapsed_min=1.0 gpu_alloc_gb=0.271 gpu_reserved_gb=1.588
CHECKPOINT_BEST repeat=2 scope=internal_cv fold=0 phase=ssl epoch=8 path=/data/adodas/VarCoNet-V2-main/xiaolunwen/experiment3/checkpoints/worker_r2_best.pt
[repeat=2 fold=0] [epoch=8/50] ssl_loss=0.083251 lr=0.00012285 base_val_bce=0.643569 base_best=Y base_cls_epoch=27 epoch_sec=5.4 task_elapsed_min=1.1 gpu_alloc_gb=0.271 gpu_reserved_gb=1.588
[ssl_epoch=8/50] ssl_loss=0.083251 lr=0.00012285 base_val_bce=0.643569 base_best=Y base_cls_epoch=27 epoch_sec=5.4 elapsed_min=1.1 gpu_alloc_gb=0.271 gpu_reserved_gb=1.588
[repeat=2 fold=0] [epoch=9/50] ssl_loss=0.062458 lr=0.00013696 base_val_bce=0.649020 base_best=N base_cls_epoch=29 epoch_sec=3.0 task_elapsed_min=1.1 gpu_alloc_gb=0.271 gpu_reserved_gb=1.588
[ssl_epoch=9/50] ssl_loss=0.062458 lr=0.00013696 base_val_bce=0.649020 base_best=N base_cls_epoch=29 epoch_sec=3.4 elapsed_min=1.1 gpu_alloc_gb=0.271 gpu_reserved_gb=1.588
CHECKPOINT_LATEST repeat=2 scope=internal_cv fold=0 phase=ssl epoch=10 path=/data/adodas/VarCoNet-V2-main/xiaolunwen/experiment3/checkpoints/worker_r2_latest.pt
[repeat=2 fold=0] [epoch=10/50] ssl_loss=0.061988 lr=0.00013696 base_val_bce=0.649762 base_best=N base_cls_epoch=29 epoch_sec=8.2 task_elapsed_min=1.2 gpu_alloc_gb=0.271 gpu_reserved_gb=1.588
[ssl_epoch=10/50] ssl_loss=0.061988 lr=0.00013696 base_val_bce=0.649762 base_best=N base_cls_epoch=29 epoch_sec=8.2 elapsed_min=1.2 gpu_alloc_gb=0.271 gpu_reserved_gb=1.588
[repeat=2 fold=0] [epoch=11/50] ssl_loss=0.073196 lr=0.00013675 base_val_bce=0.643963 base_best=N base_cls_epoch=31 epoch_sec=3.6 task_elapsed_min=1.3 gpu_alloc_gb=0.271 gpu_reserved_gb=1.588
[ssl_epoch=11/50] ssl_loss=0.073196 lr=0.00013675 base_val_bce=0.643963 base_best=N base_cls_epoch=31 epoch_sec=3.7 elapsed_min=1.3 gpu_alloc_gb=0.271 gpu_reserved_gb=1.588
CHECKPOINT_BEST repeat=2 scope=internal_cv fold=0 phase=ssl epoch=12 path=/data/adodas/VarCoNet-V2-main/xiaolunwen/experiment3/checkpoints/worker_r2_best.pt
[repeat=2 fold=0] [epoch=12/50] ssl_loss=0.069462 lr=0.00013612 base_val_bce=0.637009 base_best=Y base_cls_epoch=30 epoch_sec=6.5 task_elapsed_min=1.4 gpu_alloc_gb=0.271 gpu_reserved_gb=1.588
[ssl_epoch=12/50] ssl_loss=0.069462 lr=0.00013612 base_val_bce=0.637009 base_best=Y base_cls_epoch=30 epoch_sec=6.7 elapsed_min=1.4 gpu_alloc_gb=0.271 gpu_reserved_gb=1.588
[repeat=2 fold=0] [epoch=13/50] ssl_loss=0.068150 lr=0.00013507 base_val_bce=0.637289 base_best=N base_cls_epoch=28 epoch_sec=3.8 task_elapsed_min=1.5 gpu_alloc_gb=0.271 gpu_reserved_gb=1.588
[ssl_epoch=13/50] ssl_loss=0.068150 lr=0.00013507 base_val_bce=0.637289 base_best=N base_cls_epoch=28 epoch_sec=3.8 elapsed_min=1.5 gpu_alloc_gb=0.271 gpu_reserved_gb=1.588
[repeat=2 fold=0] [epoch=14/50] ssl_loss=0.067892 lr=0.00013361 base_val_bce=0.637952 base_best=N base_cls_epoch=27 epoch_sec=4.1 task_elapsed_min=1.6 gpu_alloc_gb=0.271 gpu_reserved_gb=1.588
[ssl_epoch=14/50] ssl_loss=0.067892 lr=0.00013361 base_val_bce=0.637952 base_best=N base_cls_epoch=27 epoch_sec=4.1 elapsed_min=1.6 gpu_alloc_gb=0.271 gpu_reserved_gb=1.588
CHECKPOINT_BEST repeat=2 scope=internal_cv fold=0 phase=ssl epoch=15 path=/data/adodas/VarCoNet-V2-main/xiaolunwen/experiment3/checkpoints/worker_r2_best.pt
[repeat=2 fold=0] [epoch=15/50] ssl_loss=0.075321 lr=0.00013175 base_val_bce=0.636983 base_best=Y base_cls_epoch=29 epoch_sec=5.8 task_elapsed_min=1.7 gpu_alloc_gb=0.271 gpu_reserved_gb=1.588
[ssl_epoch=15/50] ssl_loss=0.075321 lr=0.00013175 base_val_bce=0.636983 base_best=Y base_cls_epoch=29 epoch_sec=5.8 elapsed_min=1.7 gpu_alloc_gb=0.271 gpu_reserved_gb=1.588
[repeat=2 fold=0] [epoch=16/50] ssl_loss=0.062368 lr=0.00012950 base_val_bce=0.639467 base_best=N base_cls_epoch=31 epoch_sec=3.3 task_elapsed_min=1.7 gpu_alloc_gb=0.271 gpu_reserved_gb=1.588
[ssl_epoch=16/50] ssl_loss=0.062368 lr=0.00012950 base_val_bce=0.639467 base_best=N base_cls_epoch=31 epoch_sec=3.5 elapsed_min=1.7 gpu_alloc_gb=0.271 gpu_reserved_gb=1.588
CHECKPOINT_BEST repeat=2 scope=internal_cv fold=0 phase=ssl epoch=17 path=/data/adodas/VarCoNet-V2-main/xiaolunwen/experiment3/checkpoints/worker_r2_best.pt
[repeat=2 fold=0] [epoch=17/50] ssl_loss=0.048532 lr=0.00012687 base_val_bce=0.626602 base_best=Y base_cls_epoch=30 epoch_sec=7.6 task_elapsed_min=1.8 gpu_alloc_gb=0.271 gpu_reserved_gb=1.588
[ssl_epoch=17/50] ssl_loss=0.048532 lr=0.00012687 base_val_bce=0.626602 base_best=Y base_cls_epoch=30 epoch_sec=7.6 elapsed_min=1.8 gpu_alloc_gb=0.271 gpu_reserved_gb=1.588
[repeat=2 fold=0] [epoch=18/50] ssl_loss=0.060217 lr=0.00012388 base_val_bce=0.642243 base_best=N base_cls_epoch=29 epoch_sec=3.6 task_elapsed_min=1.9 gpu_alloc_gb=0.271 gpu_reserved_gb=1.588
[ssl_epoch=18/50] ssl_loss=0.060217 lr=0.00012388 base_val_bce=0.642243 base_best=N base_cls_epoch=29 epoch_sec=3.6 elapsed_min=1.9 gpu_alloc_gb=0.271 gpu_reserved_gb=1.588
[repeat=2 fold=0] [epoch=19/50] ssl_loss=0.055915 lr=0.00012055 base_val_bce=0.643159 base_best=N base_cls_epoch=31 epoch_sec=4.8 task_elapsed_min=2.0 gpu_alloc_gb=0.271 gpu_reserved_gb=1.588
[ssl_epoch=19/50] ssl_loss=0.055915 lr=0.00012055 base_val_bce=0.643159 base_best=N base_cls_epoch=31 epoch_sec=4.9 elapsed_min=2.0 gpu_alloc_gb=0.271 gpu_reserved_gb=1.588
CHECKPOINT_LATEST repeat=2 scope=internal_cv fold=0 phase=ssl epoch=20 path=/data/adodas/VarCoNet-V2-main/xiaolunwen/experiment3/checkpoints/worker_r2_latest.pt
[repeat=2 fold=0] [epoch=20/50] ssl_loss=0.051642 lr=0.00011690 base_val_bce=0.635855 base_best=N base_cls_epoch=33 epoch_sec=5.4 task_elapsed_min=2.1 gpu_alloc_gb=0.271 gpu_reserved_gb=1.588
[ssl_epoch=20/50] ssl_loss=0.051642 lr=0.00011690 base_val_bce=0.635855 base_best=N base_cls_epoch=33 epoch_sec=5.4 elapsed_min=2.1 gpu_alloc_gb=0.271 gpu_reserved_gb=1.588
[repeat=2 fold=0] [epoch=21/50] ssl_loss=0.052402 lr=0.00011296 base_val_bce=0.651581 base_best=N base_cls_epoch=28 epoch_sec=5.1 task_elapsed_min=2.2 gpu_alloc_gb=0.271 gpu_reserved_gb=1.588
[ssl_epoch=21/50] ssl_loss=0.052402 lr=0.00011296 base_val_bce=0.651581 base_best=N base_cls_epoch=28 epoch_sec=5.1 elapsed_min=2.2 gpu_alloc_gb=0.271 gpu_reserved_gb=1.588
[repeat=2 fold=0] [epoch=22/50] ssl_loss=0.056966 lr=0.00010873 base_val_bce=0.648227 base_best=N base_cls_epoch=32 epoch_sec=5.2 task_elapsed_min=2.3 gpu_alloc_gb=0.271 gpu_reserved_gb=1.588
[ssl_epoch=22/50] ssl_loss=0.056966 lr=0.00010873 base_val_bce=0.648227 base_best=N base_cls_epoch=32 epoch_sec=5.2 elapsed_min=2.3 gpu_alloc_gb=0.271 gpu_reserved_gb=1.588
[repeat=2 fold=0] [epoch=23/50] ssl_loss=0.045858 lr=0.00010426 base_val_bce=0.639953 base_best=N base_cls_epoch=33 epoch_sec=5.5 task_elapsed_min=2.4 gpu_alloc_gb=0.271 gpu_reserved_gb=1.588
[ssl_epoch=23/50] ssl_loss=0.045858 lr=0.00010426 base_val_bce=0.639953 base_best=N base_cls_epoch=33 epoch_sec=5.5 elapsed_min=2.4 gpu_alloc_gb=0.271 gpu_reserved_gb=1.588
[repeat=2 fold=0] [epoch=24/50] ssl_loss=0.039481 lr=0.00009957 base_val_bce=0.628673 base_best=N base_cls_epoch=29 epoch_sec=5.5 task_elapsed_min=2.4 gpu_alloc_gb=0.271 gpu_reserved_gb=1.588
[ssl_epoch=24/50] ssl_loss=0.039481 lr=0.00009957 base_val_bce=0.628673 base_best=N base_cls_epoch=29 epoch_sec=5.5 elapsed_min=2.4 gpu_alloc_gb=0.271 gpu_reserved_gb=1.588
[repeat=2 fold=0] [epoch=25/50] ssl_loss=0.057541 lr=0.00009469 base_val_bce=0.627099 base_best=N base_cls_epoch=30 epoch_sec=5.6 task_elapsed_min=2.5 gpu_alloc_gb=0.271 gpu_reserved_gb=1.588
[ssl_epoch=25/50] ssl_loss=0.057541 lr=0.00009469 base_val_bce=0.627099 base_best=N base_cls_epoch=30 epoch_sec=5.6 elapsed_min=2.5 gpu_alloc_gb=0.271 gpu_reserved_gb=1.588
[repeat=2 fold=0] [epoch=26/50] ssl_loss=0.075195 lr=0.00008964 base_val_bce=0.634629 base_best=N base_cls_epoch=28 epoch_sec=5.6 task_elapsed_min=2.6 gpu_alloc_gb=0.271 gpu_reserved_gb=1.588
[ssl_epoch=26/50] ssl_loss=0.075195 lr=0.00008964 base_val_bce=0.634629 base_best=N base_cls_epoch=28 epoch_sec=5.6 elapsed_min=2.6 gpu_alloc_gb=0.271 gpu_reserved_gb=1.588
[repeat=2 fold=0] [epoch=27/50] ssl_loss=0.046106 lr=0.00008447 base_val_bce=0.631665 base_best=N base_cls_epoch=29 epoch_sec=5.6 task_elapsed_min=2.7 gpu_alloc_gb=0.271 gpu_reserved_gb=1.588
[ssl_epoch=27/50] ssl_loss=0.046106 lr=0.00008447 base_val_bce=0.631665 base_best=N base_cls_epoch=29 epoch_sec=5.6 elapsed_min=2.7 gpu_alloc_gb=0.271 gpu_reserved_gb=1.588
[repeat=2 fold=0] [epoch=28/50] ssl_loss=0.051782 lr=0.00007919 base_val_bce=0.635544 base_best=N base_cls_epoch=33 epoch_sec=5.4 task_elapsed_min=2.8 gpu_alloc_gb=0.271 gpu_reserved_gb=1.588
[ssl_epoch=28/50] ssl_loss=0.051782 lr=0.00007919 base_val_bce=0.635544 base_best=N base_cls_epoch=33 epoch_sec=5.4 elapsed_min=2.8 gpu_alloc_gb=0.271 gpu_reserved_gb=1.588
CHECKPOINT_BEST repeat=2 scope=internal_cv fold=0 phase=ssl epoch=29 path=/data/adodas/VarCoNet-V2-main/xiaolunwen/experiment3/checkpoints/worker_r2_best.pt
[repeat=2 fold=0] [epoch=29/50] ssl_loss=0.042748 lr=0.00007385 base_val_bce=0.626014 base_best=Y base_cls_epoch=33 epoch_sec=6.3 task_elapsed_min=2.9 gpu_alloc_gb=0.271 gpu_reserved_gb=1.588
[ssl_epoch=29/50] ssl_loss=0.042748 lr=0.00007385 base_val_bce=0.626014 base_best=Y base_cls_epoch=33 epoch_sec=6.3 elapsed_min=2.9 gpu_alloc_gb=0.271 gpu_reserved_gb=1.588
CHECKPOINT_LATEST repeat=2 scope=internal_cv fold=0 phase=ssl epoch=30 path=/data/adodas/VarCoNet-V2-main/xiaolunwen/experiment3/checkpoints/worker_r2_latest.pt
[repeat=2 fold=0] [epoch=30/50] ssl_loss=0.052931 lr=0.00006848 base_val_bce=0.641040 base_best=N base_cls_epoch=32 epoch_sec=7.6 task_elapsed_min=3.0 gpu_alloc_gb=0.271 gpu_reserved_gb=1.588
[ssl_epoch=30/50] ssl_loss=0.052931 lr=0.00006848 base_val_bce=0.641040 base_best=N base_cls_epoch=32 epoch_sec=7.7 elapsed_min=3.0 gpu_alloc_gb=0.271 gpu_reserved_gb=1.588
[repeat=2 fold=0] [epoch=31/50] ssl_loss=0.046248 lr=0.00006311 base_val_bce=0.632491 base_best=N base_cls_epoch=30 epoch_sec=5.4 task_elapsed_min=3.1 gpu_alloc_gb=0.271 gpu_reserved_gb=1.588
[ssl_epoch=31/50] ssl_loss=0.046248 lr=0.00006311 base_val_bce=0.632491 base_best=N base_cls_epoch=30 epoch_sec=5.4 elapsed_min=3.1 gpu_alloc_gb=0.271 gpu_reserved_gb=1.588
[repeat=2 fold=0] [epoch=32/50] ssl_loss=0.048721 lr=0.00005777 base_val_bce=0.627714 base_best=N base_cls_epoch=31 epoch_sec=5.6 task_elapsed_min=3.2 gpu_alloc_gb=0.271 gpu_reserved_gb=1.588
[ssl_epoch=32/50] ssl_loss=0.048721 lr=0.00005777 base_val_bce=0.627714 base_best=N base_cls_epoch=31 epoch_sec=5.7 elapsed_min=3.2 gpu_alloc_gb=0.271 gpu_reserved_gb=1.588
CHECKPOINT_BEST repeat=2 scope=internal_cv fold=0 phase=ssl epoch=33 path=/data/adodas/VarCoNet-V2-main/xiaolunwen/experiment3/checkpoints/worker_r2_best.pt
[repeat=2 fold=0] [epoch=33/50] ssl_loss=0.038415 lr=0.00005249 base_val_bce=0.624837 base_best=Y base_cls_epoch=34 epoch_sec=6.2 task_elapsed_min=3.3 gpu_alloc_gb=0.271 gpu_reserved_gb=1.588
[ssl_epoch=33/50] ssl_loss=0.038415 lr=0.00005249 base_val_bce=0.624837 base_best=Y base_cls_epoch=34 epoch_sec=6.2 elapsed_min=3.3 gpu_alloc_gb=0.271 gpu_reserved_gb=1.588
[repeat=2 fold=0] [epoch=34/50] ssl_loss=0.055738 lr=0.00004732 base_val_bce=0.629440 base_best=N base_cls_epoch=32 epoch_sec=5.6 task_elapsed_min=3.4 gpu_alloc_gb=0.271 gpu_reserved_gb=1.588
[ssl_epoch=34/50] ssl_loss=0.055738 lr=0.00004732 base_val_bce=0.629440 base_best=N base_cls_epoch=32 epoch_sec=5.6 elapsed_min=3.4 gpu_alloc_gb=0.271 gpu_reserved_gb=1.588
[repeat=2 fold=0] [epoch=35/50] ssl_loss=0.051266 lr=0.00004227 base_val_bce=0.648349 base_best=N base_cls_epoch=37 epoch_sec=5.7 task_elapsed_min=3.5 gpu_alloc_gb=0.271 gpu_reserved_gb=1.588
[ssl_epoch=35/50] ssl_loss=0.051266 lr=0.00004227 base_val_bce=0.648349 base_best=N base_cls_epoch=37 epoch_sec=5.9 elapsed_min=3.5 gpu_alloc_gb=0.271 gpu_reserved_gb=1.588
[repeat=2 fold=0] [epoch=36/50] ssl_loss=0.049416 lr=0.00003739 base_val_bce=0.632967 base_best=N base_cls_epoch=28 epoch_sec=5.9 task_elapsed_min=3.6 gpu_alloc_gb=0.271 gpu_reserved_gb=1.588
[ssl_epoch=36/50] ssl_loss=0.049416 lr=0.00003739 base_val_bce=0.632967 base_best=N base_cls_epoch=28 epoch_sec=5.9 elapsed_min=3.6 gpu_alloc_gb=0.271 gpu_reserved_gb=1.588
[repeat=2 fold=0] [epoch=37/50] ssl_loss=0.043178 lr=0.00003270 base_val_bce=0.635016 base_best=N base_cls_epoch=30 epoch_sec=5.9 task_elapsed_min=3.7 gpu_alloc_gb=0.271 gpu_reserved_gb=1.588
[ssl_epoch=37/50] ssl_loss=0.043178 lr=0.00003270 base_val_bce=0.635016 base_best=N base_cls_epoch=30 epoch_sec=5.9 elapsed_min=3.7 gpu_alloc_gb=0.271 gpu_reserved_gb=1.588
[repeat=2 fold=0] [epoch=38/50] ssl_loss=0.040090 lr=0.00002823 base_val_bce=0.640805 base_best=N base_cls_epoch=33 epoch_sec=5.7 task_elapsed_min=3.8 gpu_alloc_gb=0.271 gpu_reserved_gb=1.588
[ssl_epoch=38/50] ssl_loss=0.040090 lr=0.00002823 base_val_bce=0.640805 base_best=N base_cls_epoch=33 epoch_sec=5.7 elapsed_min=3.8 gpu_alloc_gb=0.271 gpu_reserved_gb=1.588
[repeat=2 fold=0] [epoch=39/50] ssl_loss=0.042379 lr=0.00002401 base_val_bce=0.631013 base_best=N base_cls_epoch=36 epoch_sec=5.8 task_elapsed_min=3.9 gpu_alloc_gb=0.271 gpu_reserved_gb=1.588
[ssl_epoch=39/50] ssl_loss=0.042379 lr=0.00002401 base_val_bce=0.631013 base_best=N base_cls_epoch=36 epoch_sec=6.0 elapsed_min=3.9 gpu_alloc_gb=0.271 gpu_reserved_gb=1.588
CHECKPOINT_LATEST repeat=2 scope=internal_cv fold=0 phase=ssl epoch=40 path=/data/adodas/VarCoNet-V2-main/xiaolunwen/experiment3/checkpoints/worker_r2_latest.pt
[repeat=2 fold=0] [epoch=40/50] ssl_loss=0.047975 lr=0.00002006 base_val_bce=0.629638 base_best=N base_cls_epoch=30 epoch_sec=6.1 task_elapsed_min=4.0 gpu_alloc_gb=0.271 gpu_reserved_gb=1.588
[ssl_epoch=40/50] ssl_loss=0.047975 lr=0.00002006 base_val_bce=0.629638 base_best=N base_cls_epoch=30 epoch_sec=6.1 elapsed_min=4.0 gpu_alloc_gb=0.271 gpu_reserved_gb=1.588
[repeat=2 fold=0] [epoch=41/50] ssl_loss=0.042627 lr=0.00001641 base_val_bce=0.638334 base_best=N base_cls_epoch=33 epoch_sec=5.7 task_elapsed_min=4.1 gpu_alloc_gb=0.271 gpu_reserved_gb=1.588
[ssl_epoch=41/50] ssl_loss=0.042627 lr=0.00001641 base_val_bce=0.638334 base_best=N base_cls_epoch=33 epoch_sec=5.7 elapsed_min=4.1 gpu_alloc_gb=0.271 gpu_reserved_gb=1.588
[repeat=2 fold=0] [epoch=42/50] ssl_loss=0.039177 lr=0.00001308 base_val_bce=0.632504 base_best=N base_cls_epoch=30 epoch_sec=6.0 task_elapsed_min=4.2 gpu_alloc_gb=0.271 gpu_reserved_gb=1.588
[ssl_epoch=42/50] ssl_loss=0.039177 lr=0.00001308 base_val_bce=0.632504 base_best=N base_cls_epoch=30 epoch_sec=6.1 elapsed_min=4.2 gpu_alloc_gb=0.271 gpu_reserved_gb=1.588
[repeat=2 fold=0] [epoch=43/50] ssl_loss=0.047946 lr=0.00001009 base_val_bce=0.628185 base_best=N base_cls_epoch=29 epoch_sec=5.5 task_elapsed_min=4.3 gpu_alloc_gb=0.271 gpu_reserved_gb=1.588
[ssl_epoch=43/50] ssl_loss=0.047946 lr=0.00001009 base_val_bce=0.628185 base_best=N base_cls_epoch=29 epoch_sec=5.6 elapsed_min=4.3 gpu_alloc_gb=0.271 gpu_reserved_gb=1.588
[repeat=2 fold=0] [epoch=44/50] ssl_loss=0.056907 lr=0.00000746 base_val_bce=0.641476 base_best=N base_cls_epoch=32 epoch_sec=5.7 task_elapsed_min=4.4 gpu_alloc_gb=0.271 gpu_reserved_gb=1.588
[ssl_epoch=44/50] ssl_loss=0.056907 lr=0.00000746 base_val_bce=0.641476 base_best=N base_cls_epoch=32 epoch_sec=5.8 elapsed_min=4.4 gpu_alloc_gb=0.271 gpu_reserved_gb=1.588
[repeat=2 fold=0] [epoch=45/50] ssl_loss=0.044390 lr=0.00000521 base_val_bce=0.637816 base_best=N base_cls_epoch=33 epoch_sec=5.9 task_elapsed_min=4.5 gpu_alloc_gb=0.271 gpu_reserved_gb=1.588
[ssl_epoch=45/50] ssl_loss=0.044390 lr=0.00000521 base_val_bce=0.637816 base_best=N base_cls_epoch=33 epoch_sec=5.9 elapsed_min=4.5 gpu_alloc_gb=0.271 gpu_reserved_gb=1.588
[repeat=2 fold=0] [epoch=46/50] ssl_loss=0.053771 lr=0.00000335 base_val_bce=0.629611 base_best=N base_cls_epoch=32 epoch_sec=5.4 task_elapsed_min=4.6 gpu_alloc_gb=0.271 gpu_reserved_gb=1.588
[ssl_epoch=46/50] ssl_loss=0.053771 lr=0.00000335 base_val_bce=0.629611 base_best=N base_cls_epoch=32 epoch_sec=5.5 elapsed_min=4.6 gpu_alloc_gb=0.271 gpu_reserved_gb=1.588
[repeat=2 fold=0] [epoch=47/50] ssl_loss=0.046289 lr=0.00000189 base_val_bce=0.629537 base_best=N base_cls_epoch=35 epoch_sec=5.1 task_elapsed_min=4.7 gpu_alloc_gb=0.271 gpu_reserved_gb=1.588
[ssl_epoch=47/50] ssl_loss=0.046289 lr=0.00000189 base_val_bce=0.629537 base_best=N base_cls_epoch=35 epoch_sec=5.2 elapsed_min=4.7 gpu_alloc_gb=0.271 gpu_reserved_gb=1.588
[repeat=2 fold=0] [epoch=48/50] ssl_loss=0.041232 lr=0.00000084 base_val_bce=0.636247 base_best=N base_cls_epoch=35 epoch_sec=4.7 task_elapsed_min=4.8 gpu_alloc_gb=0.271 gpu_reserved_gb=1.588
[ssl_epoch=48/50] ssl_loss=0.041232 lr=0.00000084 base_val_bce=0.636247 base_best=N base_cls_epoch=35 epoch_sec=4.7 elapsed_min=4.8 gpu_alloc_gb=0.271 gpu_reserved_gb=1.588
[repeat=2 fold=0] [epoch=49/50] ssl_loss=0.043102 lr=0.00000021 base_val_bce=0.637911 base_best=N base_cls_epoch=32 epoch_sec=5.2 task_elapsed_min=4.9 gpu_alloc_gb=0.271 gpu_reserved_gb=1.588
[ssl_epoch=49/50] ssl_loss=0.043102 lr=0.00000021 base_val_bce=0.637911 base_best=N base_cls_epoch=32 epoch_sec=5.2 elapsed_min=4.9 gpu_alloc_gb=0.271 gpu_reserved_gb=1.588
CHECKPOINT_LATEST repeat=2 scope=internal_cv fold=0 phase=ssl epoch=50 path=/data/adodas/VarCoNet-V2-main/xiaolunwen/experiment3/checkpoints/worker_r2_latest.pt
[repeat=2 fold=0] [epoch=50/50] ssl_loss=0.052719 lr=0.00000000 base_val_bce=0.635209 base_best=N base_cls_epoch=33 epoch_sec=5.8 task_elapsed_min=4.9 gpu_alloc_gb=0.271 gpu_reserved_gb=1.588
[ssl_epoch=50/50] ssl_loss=0.052719 lr=0.00000000 base_val_bce=0.635209 base_best=N base_cls_epoch=33 epoch_sec=5.8 elapsed_min=4.9 gpu_alloc_gb=0.271 gpu_reserved_gb=1.588
[MODULE_DISCOVERY] repeat=2 fold=0 n_unique_subjects=674 n_modules=32 module_size_min=6 module_size_mean=12.000 module_size_max=22 singleton_modules=0 meta_dim=528 empty_meta_bins=0 affinity_mean=0.16488178 affinity_std=0.04249419 affinity_max=0.80103225 elapsed_sec=0.49
[HIGH_ORDER_RESIDUAL] repeat=2 fold=0 epoch=0 train_bce=NA val_bce=0.624837 best=Y best_epoch=0 head_l2=0.000000 elapsed_sec=299.04
CHECKPOINT_BEST repeat=2 scope=internal_cv fold=0 phase=high_order_residual epoch=0 path=/data/adodas/VarCoNet-V2-main/xiaolunwen/experiment3/checkpoints/worker_r2_best.pt
CHECKPOINT_LATEST repeat=2 scope=internal_cv fold=0 phase=high_order_residual epoch=10 path=/data/adodas/VarCoNet-V2-main/xiaolunwen/experiment3/checkpoints/worker_r2_latest.pt
[HIGH_ORDER_RESIDUAL] repeat=2 fold=0 epoch=10/149 train_bce=0.266898 val_bce=0.625026 best=N best_epoch=0 head_l2=0.011403 elapsed_sec=1.84
CHECKPOINT_LATEST repeat=2 scope=internal_cv fold=0 phase=high_order_residual epoch=20 path=/data/adodas/VarCoNet-V2-main/xiaolunwen/experiment3/checkpoints/worker_r2_latest.pt
[HIGH_ORDER_RESIDUAL] repeat=2 fold=0 epoch=20/149 train_bce=0.265442 val_bce=0.625171 best=N best_epoch=0 head_l2=0.022593 elapsed_sec=2.17
CHECKPOINT_LATEST repeat=2 scope=internal_cv fold=0 phase=high_order_residual epoch=30 path=/data/adodas/VarCoNet-V2-main/xiaolunwen/experiment3/checkpoints/worker_r2_latest.pt
[HIGH_ORDER_RESIDUAL] repeat=2 fold=0 epoch=30/149 train_bce=0.264026 val_bce=0.625186 best=N best_epoch=0 head_l2=0.033582 elapsed_sec=2.70
CHECKPOINT_LATEST repeat=2 scope=internal_cv fold=0 phase=high_order_residual epoch=40 path=/data/adodas/VarCoNet-V2-main/xiaolunwen/experiment3/checkpoints/worker_r2_latest.pt
[HIGH_ORDER_RESIDUAL] repeat=2 fold=0 epoch=40/149 train_bce=0.262647 val_bce=0.625084 best=N best_epoch=0 head_l2=0.044406 elapsed_sec=2.04
CHECKPOINT_LATEST repeat=2 scope=internal_cv fold=0 phase=high_order_residual epoch=50 path=/data/adodas/VarCoNet-V2-main/xiaolunwen/experiment3/checkpoints/worker_r2_latest.pt
[HIGH_ORDER_RESIDUAL] repeat=2 fold=0 epoch=50/149 train_bce=0.261301 val_bce=0.624905 best=N best_epoch=0 head_l2=0.055108 elapsed_sec=5.07
CHECKPOINT_BEST repeat=2 scope=internal_cv fold=0 phase=high_order_residual epoch=54 path=/data/adodas/VarCoNet-V2-main/xiaolunwen/experiment3/checkpoints/worker_r2_best.pt
[HIGH_ORDER_RESIDUAL] repeat=2 fold=0 epoch=54/149 train_bce=0.260771 val_bce=0.624821 best=Y best_epoch=54 head_l2=0.059361 elapsed_sec=3.53
CHECKPOINT_BEST repeat=2 scope=internal_cv fold=0 phase=high_order_residual epoch=55 path=/data/adodas/VarCoNet-V2-main/xiaolunwen/experiment3/checkpoints/worker_r2_best.pt
[HIGH_ORDER_RESIDUAL] repeat=2 fold=0 epoch=55/149 train_bce=0.260640 val_bce=0.624800 best=Y best_epoch=55 head_l2=0.060421 elapsed_sec=5.29
CHECKPOINT_BEST repeat=2 scope=internal_cv fold=0 phase=high_order_residual epoch=56 path=/data/adodas/VarCoNet-V2-main/xiaolunwen/experiment3/checkpoints/worker_r2_best.pt
[HIGH_ORDER_RESIDUAL] repeat=2 fold=0 epoch=56/149 train_bce=0.260509 val_bce=0.624778 best=Y best_epoch=56 head_l2=0.061481 elapsed_sec=3.25
CHECKPOINT_BEST repeat=2 scope=internal_cv fold=0 phase=high_order_residual epoch=57 path=/data/adodas/VarCoNet-V2-main/xiaolunwen/experiment3/checkpoints/worker_r2_best.pt
[HIGH_ORDER_RESIDUAL] repeat=2 fold=0 epoch=57/149 train_bce=0.260378 val_bce=0.624756 best=Y best_epoch=57 head_l2=0.062540 elapsed_sec=5.83
CHECKPOINT_BEST repeat=2 scope=internal_cv fold=0 phase=high_order_residual epoch=58 path=/data/adodas/VarCoNet-V2-main/xiaolunwen/experiment3/checkpoints/worker_r2_best.pt
[HIGH_ORDER_RESIDUAL] repeat=2 fold=0 epoch=58/149 train_bce=0.260247 val_bce=0.624734 best=Y best_epoch=58 head_l2=0.063598 elapsed_sec=4.27
CHECKPOINT_BEST repeat=2 scope=internal_cv fold=0 phase=high_order_residual epoch=59 path=/data/adodas/VarCoNet-V2-main/xiaolunwen/experiment3/checkpoints/worker_r2_best.pt
[HIGH_ORDER_RESIDUAL] repeat=2 fold=0 epoch=59/149 train_bce=0.260117 val_bce=0.624712 best=Y best_epoch=59 head_l2=0.064656 elapsed_sec=3.45
CHECKPOINT_BEST repeat=2 scope=internal_cv fold=0 phase=high_order_residual epoch=60 path=/data/adodas/VarCoNet-V2-main/xiaolunwen/experiment3/checkpoints/worker_r2_best.pt
[HIGH_ORDER_RESIDUAL] repeat=2 fold=0 epoch=60/149 train_bce=0.259987 val_bce=0.624690 best=Y best_epoch=60 head_l2=0.065712 elapsed_sec=4.93
CHECKPOINT_BEST repeat=2 scope=internal_cv fold=0 phase=high_order_residual epoch=61 path=/data/adodas/VarCoNet-V2-main/xiaolunwen/experiment3/checkpoints/worker_r2_best.pt
[HIGH_ORDER_RESIDUAL] repeat=2 fold=0 epoch=61/149 train_bce=0.259857 val_bce=0.624668 best=Y best_epoch=61 head_l2=0.066767 elapsed_sec=5.41
CHECKPOINT_BEST repeat=2 scope=internal_cv fold=0 phase=high_order_residual epoch=62 path=/data/adodas/VarCoNet-V2-main/xiaolunwen/experiment3/checkpoints/worker_r2_best.pt
[HIGH_ORDER_RESIDUAL] repeat=2 fold=0 epoch=62/149 train_bce=0.259727 val_bce=0.624646 best=Y best_epoch=62 head_l2=0.067822 elapsed_sec=3.46
CHECKPOINT_BEST repeat=2 scope=internal_cv fold=0 phase=high_order_residual epoch=63 path=/data/adodas/VarCoNet-V2-main/xiaolunwen/experiment3/checkpoints/worker_r2_best.pt
[HIGH_ORDER_RESIDUAL] repeat=2 fold=0 epoch=63/149 train_bce=0.259598 val_bce=0.624623 best=Y best_epoch=63 head_l2=0.068876 elapsed_sec=5.70
CHECKPOINT_BEST repeat=2 scope=internal_cv fold=0 phase=high_order_residual epoch=64 path=/data/adodas/VarCoNet-V2-main/xiaolunwen/experiment3/checkpoints/worker_r2_best.pt
[HIGH_ORDER_RESIDUAL] repeat=2 fold=0 epoch=64/149 train_bce=0.259469 val_bce=0.624601 best=Y best_epoch=64 head_l2=0.069928 elapsed_sec=5.15
CHECKPOINT_BEST repeat=2 scope=internal_cv fold=0 phase=high_order_residual epoch=65 path=/data/adodas/VarCoNet-V2-main/xiaolunwen/experiment3/checkpoints/worker_r2_best.pt
[HIGH_ORDER_RESIDUAL] repeat=2 fold=0 epoch=65/149 train_bce=0.259341 val_bce=0.624579 best=Y best_epoch=65 head_l2=0.070980 elapsed_sec=4.55
CHECKPOINT_BEST repeat=2 scope=internal_cv fold=0 phase=high_order_residual epoch=66 path=/data/adodas/VarCoNet-V2-main/xiaolunwen/experiment3/checkpoints/worker_r2_best.pt
[HIGH_ORDER_RESIDUAL] repeat=2 fold=0 epoch=66/149 train_bce=0.259213 val_bce=0.624556 best=Y best_epoch=66 head_l2=0.072032 elapsed_sec=3.85
CHECKPOINT_BEST repeat=2 scope=internal_cv fold=0 phase=high_order_residual epoch=67 path=/data/adodas/VarCoNet-V2-main/xiaolunwen/experiment3/checkpoints/worker_r2_best.pt
[HIGH_ORDER_RESIDUAL] repeat=2 fold=0 epoch=67/149 train_bce=0.259085 val_bce=0.624534 best=Y best_epoch=67 head_l2=0.073082 elapsed_sec=4.12
CHECKPOINT_BEST repeat=2 scope=internal_cv fold=0 phase=high_order_residual epoch=68 path=/data/adodas/VarCoNet-V2-main/xiaolunwen/experiment3/checkpoints/worker_r2_best.pt
[HIGH_ORDER_RESIDUAL] repeat=2 fold=0 epoch=68/149 train_bce=0.258957 val_bce=0.624512 best=Y best_epoch=68 head_l2=0.074131 elapsed_sec=3.83
CHECKPOINT_BEST repeat=2 scope=internal_cv fold=0 phase=high_order_residual epoch=69 path=/data/adodas/VarCoNet-V2-main/xiaolunwen/experiment3/checkpoints/worker_r2_best.pt
[HIGH_ORDER_RESIDUAL] repeat=2 fold=0 epoch=69/149 train_bce=0.258829 val_bce=0.624490 best=Y best_epoch=69 head_l2=0.075180 elapsed_sec=2.90
CHECKPOINT_BEST repeat=2 scope=internal_cv fold=0 phase=high_order_residual epoch=70 path=/data/adodas/VarCoNet-V2-main/xiaolunwen/experiment3/checkpoints/worker_r2_best.pt
[HIGH_ORDER_RESIDUAL] repeat=2 fold=0 epoch=70/149 train_bce=0.258702 val_bce=0.624467 best=Y best_epoch=70 head_l2=0.076228 elapsed_sec=1.11
CHECKPOINT_BEST repeat=2 scope=internal_cv fold=0 phase=high_order_residual epoch=71 path=/data/adodas/VarCoNet-V2-main/xiaolunwen/experiment3/checkpoints/worker_r2_best.pt
[HIGH_ORDER_RESIDUAL] repeat=2 fold=0 epoch=71/149 train_bce=0.258575 val_bce=0.624445 best=Y best_epoch=71 head_l2=0.077275 elapsed_sec=1.52
CHECKPOINT_BEST repeat=2 scope=internal_cv fold=0 phase=high_order_residual epoch=72 path=/data/adodas/VarCoNet-V2-main/xiaolunwen/experiment3/checkpoints/worker_r2_best.pt
[HIGH_ORDER_RESIDUAL] repeat=2 fold=0 epoch=72/149 train_bce=0.258449 val_bce=0.624423 best=Y best_epoch=72 head_l2=0.078321 elapsed_sec=0.51
CHECKPOINT_BEST repeat=2 scope=internal_cv fold=0 phase=high_order_residual epoch=73 path=/data/adodas/VarCoNet-V2-main/xiaolunwen/experiment3/checkpoints/worker_r2_best.pt
[HIGH_ORDER_RESIDUAL] repeat=2 fold=0 epoch=73/149 train_bce=0.258322 val_bce=0.624401 best=Y best_epoch=73 head_l2=0.079366 elapsed_sec=1.01
CHECKPOINT_BEST repeat=2 scope=internal_cv fold=0 phase=high_order_residual epoch=74 path=/data/adodas/VarCoNet-V2-main/xiaolunwen/experiment3/checkpoints/worker_r2_best.pt
[HIGH_ORDER_RESIDUAL] repeat=2 fold=0 epoch=74/149 train_bce=0.258196 val_bce=0.624379 best=Y best_epoch=74 head_l2=0.080411 elapsed_sec=1.24
CHECKPOINT_BEST repeat=2 scope=internal_cv fold=0 phase=high_order_residual epoch=75 path=/data/adodas/VarCoNet-V2-main/xiaolunwen/experiment3/checkpoints/worker_r2_best.pt
[HIGH_ORDER_RESIDUAL] repeat=2 fold=0 epoch=75/149 train_bce=0.258070 val_bce=0.624357 best=Y best_epoch=75 head_l2=0.081455 elapsed_sec=0.91
CHECKPOINT_BEST repeat=2 scope=internal_cv fold=0 phase=high_order_residual epoch=76 path=/data/adodas/VarCoNet-V2-main/xiaolunwen/experiment3/checkpoints/worker_r2_best.pt
[HIGH_ORDER_RESIDUAL] repeat=2 fold=0 epoch=76/149 train_bce=0.257945 val_bce=0.624336 best=Y best_epoch=76 head_l2=0.082498 elapsed_sec=1.79
CHECKPOINT_BEST repeat=2 scope=internal_cv fold=0 phase=high_order_residual epoch=77 path=/data/adodas/VarCoNet-V2-main/xiaolunwen/experiment3/checkpoints/worker_r2_best.pt
[HIGH_ORDER_RESIDUAL] repeat=2 fold=0 epoch=77/149 train_bce=0.257820 val_bce=0.624314 best=Y best_epoch=77 head_l2=0.083540 elapsed_sec=0.98
CHECKPOINT_BEST repeat=2 scope=internal_cv fold=0 phase=high_order_residual epoch=78 path=/data/adodas/VarCoNet-V2-main/xiaolunwen/experiment3/checkpoints/worker_r2_best.pt
[HIGH_ORDER_RESIDUAL] repeat=2 fold=0 epoch=78/149 train_bce=0.257695 val_bce=0.624292 best=Y best_epoch=78 head_l2=0.084581 elapsed_sec=0.87
CHECKPOINT_BEST repeat=2 scope=internal_cv fold=0 phase=high_order_residual epoch=79 path=/data/adodas/VarCoNet-V2-main/xiaolunwen/experiment3/checkpoints/worker_r2_best.pt
[HIGH_ORDER_RESIDUAL] repeat=2 fold=0 epoch=79/149 train_bce=0.257570 val_bce=0.624271 best=Y best_epoch=79 head_l2=0.085622 elapsed_sec=0.85
CHECKPOINT_BEST repeat=2 scope=internal_cv fold=0 phase=high_order_residual epoch=80 path=/data/adodas/VarCoNet-V2-main/xiaolunwen/experiment3/checkpoints/worker_r2_best.pt
[HIGH_ORDER_RESIDUAL] repeat=2 fold=0 epoch=80/149 train_bce=0.257446 val_bce=0.624250 best=Y best_epoch=80 head_l2=0.086662 elapsed_sec=4.52
CHECKPOINT_BEST repeat=2 scope=internal_cv fold=0 phase=high_order_residual epoch=81 path=/data/adodas/VarCoNet-V2-main/xiaolunwen/experiment3/checkpoints/worker_r2_best.pt
[HIGH_ORDER_RESIDUAL] repeat=2 fold=0 epoch=81/149 train_bce=0.257321 val_bce=0.624228 best=Y best_epoch=81 head_l2=0.087701 elapsed_sec=1.70
CHECKPOINT_BEST repeat=2 scope=internal_cv fold=0 phase=high_order_residual epoch=82 path=/data/adodas/VarCoNet-V2-main/xiaolunwen/experiment3/checkpoints/worker_r2_best.pt
[HIGH_ORDER_RESIDUAL] repeat=2 fold=0 epoch=82/149 train_bce=0.257197 val_bce=0.624207 best=Y best_epoch=82 head_l2=0.088739 elapsed_sec=1.10
CHECKPOINT_BEST repeat=2 scope=internal_cv fold=0 phase=high_order_residual epoch=83 path=/data/adodas/VarCoNet-V2-main/xiaolunwen/experiment3/checkpoints/worker_r2_best.pt
[HIGH_ORDER_RESIDUAL] repeat=2 fold=0 epoch=83/149 train_bce=0.257074 val_bce=0.624187 best=Y best_epoch=83 head_l2=0.089777 elapsed_sec=0.41
CHECKPOINT_BEST repeat=2 scope=internal_cv fold=0 phase=high_order_residual epoch=84 path=/data/adodas/VarCoNet-V2-main/xiaolunwen/experiment3/checkpoints/worker_r2_best.pt
[HIGH_ORDER_RESIDUAL] repeat=2 fold=0 epoch=84/149 train_bce=0.256950 val_bce=0.624166 best=Y best_epoch=84 head_l2=0.090814 elapsed_sec=0.65
CHECKPOINT_BEST repeat=2 scope=internal_cv fold=0 phase=high_order_residual epoch=85 path=/data/adodas/VarCoNet-V2-main/xiaolunwen/experiment3/checkpoints/worker_r2_best.pt
[HIGH_ORDER_RESIDUAL] repeat=2 fold=0 epoch=85/149 train_bce=0.256827 val_bce=0.624145 best=Y best_epoch=85 head_l2=0.091850 elapsed_sec=0.59
CHECKPOINT_BEST repeat=2 scope=internal_cv fold=0 phase=high_order_residual epoch=86 path=/data/adodas/VarCoNet-V2-main/xiaolunwen/experiment3/checkpoints/worker_r2_best.pt
[HIGH_ORDER_RESIDUAL] repeat=2 fold=0 epoch=86/149 train_bce=0.256704 val_bce=0.624125 best=Y best_epoch=86 head_l2=0.092885 elapsed_sec=0.74
CHECKPOINT_BEST repeat=2 scope=internal_cv fold=0 phase=high_order_residual epoch=87 path=/data/adodas/VarCoNet-V2-main/xiaolunwen/experiment3/checkpoints/worker_r2_best.pt
[HIGH_ORDER_RESIDUAL] repeat=2 fold=0 epoch=87/149 train_bce=0.256582 val_bce=0.624104 best=Y best_epoch=87 head_l2=0.093920 elapsed_sec=1.06
CHECKPOINT_BEST repeat=2 scope=internal_cv fold=0 phase=high_order_residual epoch=88 path=/data/adodas/VarCoNet-V2-main/xiaolunwen/experiment3/checkpoints/worker_r2_best.pt
[HIGH_ORDER_RESIDUAL] repeat=2 fold=0 epoch=88/149 train_bce=0.256459 val_bce=0.624084 best=Y best_epoch=88 head_l2=0.094954 elapsed_sec=0.77
CHECKPOINT_BEST repeat=2 scope=internal_cv fold=0 phase=high_order_residual epoch=89 path=/data/adodas/VarCoNet-V2-main/xiaolunwen/experiment3/checkpoints/worker_r2_best.pt
[HIGH_ORDER_RESIDUAL] repeat=2 fold=0 epoch=89/149 train_bce=0.256337 val_bce=0.624064 best=Y best_epoch=89 head_l2=0.095987 elapsed_sec=1.00
CHECKPOINT_BEST repeat=2 scope=internal_cv fold=0 phase=high_order_residual epoch=90 path=/data/adodas/VarCoNet-V2-main/xiaolunwen/experiment3/checkpoints/worker_r2_best.pt
[HIGH_ORDER_RESIDUAL] repeat=2 fold=0 epoch=90/149 train_bce=0.256215 val_bce=0.624044 best=Y best_epoch=90 head_l2=0.097020 elapsed_sec=1.36
CHECKPOINT_BEST repeat=2 scope=internal_cv fold=0 phase=high_order_residual epoch=91 path=/data/adodas/VarCoNet-V2-main/xiaolunwen/experiment3/checkpoints/worker_r2_best.pt
[HIGH_ORDER_RESIDUAL] repeat=2 fold=0 epoch=91/149 train_bce=0.256094 val_bce=0.624024 best=Y best_epoch=91 head_l2=0.098051 elapsed_sec=1.08
CHECKPOINT_BEST repeat=2 scope=internal_cv fold=0 phase=high_order_residual epoch=92 path=/data/adodas/VarCoNet-V2-main/xiaolunwen/experiment3/checkpoints/worker_r2_best.pt
[HIGH_ORDER_RESIDUAL] repeat=2 fold=0 epoch=92/149 train_bce=0.255972 val_bce=0.624004 best=Y best_epoch=92 head_l2=0.099082 elapsed_sec=1.01
CHECKPOINT_BEST repeat=2 scope=internal_cv fold=0 phase=high_order_residual epoch=93 path=/data/adodas/VarCoNet-V2-main/xiaolunwen/experiment3/checkpoints/worker_r2_best.pt
[HIGH_ORDER_RESIDUAL] repeat=2 fold=0 epoch=93/149 train_bce=0.255851 val_bce=0.623985 best=Y best_epoch=93 head_l2=0.100113 elapsed_sec=1.25
CHECKPOINT_BEST repeat=2 scope=internal_cv fold=0 phase=high_order_residual epoch=94 path=/data/adodas/VarCoNet-V2-main/xiaolunwen/experiment3/checkpoints/worker_r2_best.pt
[HIGH_ORDER_RESIDUAL] repeat=2 fold=0 epoch=94/149 train_bce=0.255730 val_bce=0.623965 best=Y best_epoch=94 head_l2=0.101142 elapsed_sec=0.38
CHECKPOINT_BEST repeat=2 scope=internal_cv fold=0 phase=high_order_residual epoch=95 path=/data/adodas/VarCoNet-V2-main/xiaolunwen/experiment3/checkpoints/worker_r2_best.pt
[HIGH_ORDER_RESIDUAL] repeat=2 fold=0 epoch=95/149 train_bce=0.255609 val_bce=0.623946 best=Y best_epoch=95 head_l2=0.102171 elapsed_sec=0.51
CHECKPOINT_BEST repeat=2 scope=internal_cv fold=0 phase=high_order_residual epoch=96 path=/data/adodas/VarCoNet-V2-main/xiaolunwen/experiment3/checkpoints/worker_r2_best.pt
[HIGH_ORDER_RESIDUAL] repeat=2 fold=0 epoch=96/149 train_bce=0.255489 val_bce=0.623927 best=Y best_epoch=96 head_l2=0.103199 elapsed_sec=0.40
CHECKPOINT_BEST repeat=2 scope=internal_cv fold=0 phase=high_order_residual epoch=97 path=/data/adodas/VarCoNet-V2-main/xiaolunwen/experiment3/checkpoints/worker_r2_best.pt
[HIGH_ORDER_RESIDUAL] repeat=2 fold=0 epoch=97/149 train_bce=0.255369 val_bce=0.623908 best=Y best_epoch=97 head_l2=0.104227 elapsed_sec=0.61
CHECKPOINT_BEST repeat=2 scope=internal_cv fold=0 phase=high_order_residual epoch=98 path=/data/adodas/VarCoNet-V2-main/xiaolunwen/experiment3/checkpoints/worker_r2_best.pt
[HIGH_ORDER_RESIDUAL] repeat=2 fold=0 epoch=98/149 train_bce=0.255249 val_bce=0.623889 best=Y best_epoch=98 head_l2=0.105253 elapsed_sec=0.73
CHECKPOINT_BEST repeat=2 scope=internal_cv fold=0 phase=high_order_residual epoch=99 path=/data/adodas/VarCoNet-V2-main/xiaolunwen/experiment3/checkpoints/worker_r2_best.pt
[HIGH_ORDER_RESIDUAL] repeat=2 fold=0 epoch=99/149 train_bce=0.255129 val_bce=0.623870 best=Y best_epoch=99 head_l2=0.106279 elapsed_sec=1.04
CHECKPOINT_BEST repeat=2 scope=internal_cv fold=0 phase=high_order_residual epoch=100 path=/data/adodas/VarCoNet-V2-main/xiaolunwen/experiment3/checkpoints/worker_r2_best.pt
[HIGH_ORDER_RESIDUAL] repeat=2 fold=0 epoch=100/149 train_bce=0.255010 val_bce=0.623851 best=Y best_epoch=100 head_l2=0.107305 elapsed_sec=0.93
CHECKPOINT_BEST repeat=2 scope=internal_cv fold=0 phase=high_order_residual epoch=101 path=/data/adodas/VarCoNet-V2-main/xiaolunwen/experiment3/checkpoints/worker_r2_best.pt
[HIGH_ORDER_RESIDUAL] repeat=2 fold=0 epoch=101/149 train_bce=0.254890 val_bce=0.623832 best=Y best_epoch=101 head_l2=0.108329 elapsed_sec=1.69
CHECKPOINT_BEST repeat=2 scope=internal_cv fold=0 phase=high_order_residual epoch=102 path=/data/adodas/VarCoNet-V2-main/xiaolunwen/experiment3/checkpoints/worker_r2_best.pt
[HIGH_ORDER_RESIDUAL] repeat=2 fold=0 epoch=102/149 train_bce=0.254771 val_bce=0.623814 best=Y best_epoch=102 head_l2=0.109353 elapsed_sec=1.94
CHECKPOINT_BEST repeat=2 scope=internal_cv fold=0 phase=high_order_residual epoch=103 path=/data/adodas/VarCoNet-V2-main/xiaolunwen/experiment3/checkpoints/worker_r2_best.pt
[HIGH_ORDER_RESIDUAL] repeat=2 fold=0 epoch=103/149 train_bce=0.254653 val_bce=0.623795 best=Y best_epoch=103 head_l2=0.110376 elapsed_sec=2.45
CHECKPOINT_BEST repeat=2 scope=internal_cv fold=0 phase=high_order_residual epoch=104 path=/data/adodas/VarCoNet-V2-main/xiaolunwen/experiment3/checkpoints/worker_r2_best.pt
[HIGH_ORDER_RESIDUAL] repeat=2 fold=0 epoch=104/149 train_bce=0.254534 val_bce=0.623777 best=Y best_epoch=104 head_l2=0.111399 elapsed_sec=1.25
CHECKPOINT_BEST repeat=2 scope=internal_cv fold=0 phase=high_order_residual epoch=105 path=/data/adodas/VarCoNet-V2-main/xiaolunwen/experiment3/checkpoints/worker_r2_best.pt
[HIGH_ORDER_RESIDUAL] repeat=2 fold=0 epoch=105/149 train_bce=0.254416 val_bce=0.623759 best=Y best_epoch=105 head_l2=0.112421 elapsed_sec=0.62
CHECKPOINT_BEST repeat=2 scope=internal_cv fold=0 phase=high_order_residual epoch=106 path=/data/adodas/VarCoNet-V2-main/xiaolunwen/experiment3/checkpoints/worker_r2_best.pt
[HIGH_ORDER_RESIDUAL] repeat=2 fold=0 epoch=106/149 train_bce=0.254298 val_bce=0.623741 best=Y best_epoch=106 head_l2=0.113442 elapsed_sec=0.43
CHECKPOINT_BEST repeat=2 scope=internal_cv fold=0 phase=high_order_residual epoch=107 path=/data/adodas/VarCoNet-V2-main/xiaolunwen/experiment3/checkpoints/worker_r2_best.pt
[HIGH_ORDER_RESIDUAL] repeat=2 fold=0 epoch=107/149 train_bce=0.254180 val_bce=0.623723 best=Y best_epoch=107 head_l2=0.114462 elapsed_sec=0.28
CHECKPOINT_BEST repeat=2 scope=internal_cv fold=0 phase=high_order_residual epoch=108 path=/data/adodas/VarCoNet-V2-main/xiaolunwen/experiment3/checkpoints/worker_r2_best.pt
[HIGH_ORDER_RESIDUAL] repeat=2 fold=0 epoch=108/149 train_bce=0.254062 val_bce=0.623705 best=Y best_epoch=108 head_l2=0.115482 elapsed_sec=0.73
CHECKPOINT_BEST repeat=2 scope=internal_cv fold=0 phase=high_order_residual epoch=109 path=/data/adodas/VarCoNet-V2-main/xiaolunwen/experiment3/checkpoints/worker_r2_best.pt
[HIGH_ORDER_RESIDUAL] repeat=2 fold=0 epoch=109/149 train_bce=0.253945 val_bce=0.623687 best=Y best_epoch=109 head_l2=0.116501 elapsed_sec=0.80
CHECKPOINT_BEST repeat=2 scope=internal_cv fold=0 phase=high_order_residual epoch=110 path=/data/adodas/VarCoNet-V2-main/xiaolunwen/experiment3/checkpoints/worker_r2_best.pt
[HIGH_ORDER_RESIDUAL] repeat=2 fold=0 epoch=110/149 train_bce=0.253828 val_bce=0.623669 best=Y best_epoch=110 head_l2=0.117519 elapsed_sec=0.97
CHECKPOINT_BEST repeat=2 scope=internal_cv fold=0 phase=high_order_residual epoch=111 path=/data/adodas/VarCoNet-V2-main/xiaolunwen/experiment3/checkpoints/worker_r2_best.pt
[HIGH_ORDER_RESIDUAL] repeat=2 fold=0 epoch=111/149 train_bce=0.253711 val_bce=0.623652 best=Y best_epoch=111 head_l2=0.118537 elapsed_sec=0.43
CHECKPOINT_BEST repeat=2 scope=internal_cv fold=0 phase=high_order_residual epoch=112 path=/data/adodas/VarCoNet-V2-main/xiaolunwen/experiment3/checkpoints/worker_r2_best.pt
[HIGH_ORDER_RESIDUAL] repeat=2 fold=0 epoch=112/149 train_bce=0.253594 val_bce=0.623634 best=Y best_epoch=112 head_l2=0.119554 elapsed_sec=0.45
CHECKPOINT_BEST repeat=2 scope=internal_cv fold=0 phase=high_order_residual epoch=113 path=/data/adodas/VarCoNet-V2-main/xiaolunwen/experiment3/checkpoints/worker_r2_best.pt
[HIGH_ORDER_RESIDUAL] repeat=2 fold=0 epoch=113/149 train_bce=0.253478 val_bce=0.623617 best=Y best_epoch=113 head_l2=0.120570 elapsed_sec=0.36
CHECKPOINT_BEST repeat=2 scope=internal_cv fold=0 phase=high_order_residual epoch=114 path=/data/adodas/VarCoNet-V2-main/xiaolunwen/experiment3/checkpoints/worker_r2_best.pt
[HIGH_ORDER_RESIDUAL] repeat=2 fold=0 epoch=114/149 train_bce=0.253362 val_bce=0.623599 best=Y best_epoch=114 head_l2=0.121586 elapsed_sec=0.62
CHECKPOINT_BEST repeat=2 scope=internal_cv fold=0 phase=high_order_residual epoch=115 path=/data/adodas/VarCoNet-V2-main/xiaolunwen/experiment3/checkpoints/worker_r2_best.pt
[HIGH_ORDER_RESIDUAL] repeat=2 fold=0 epoch=115/149 train_bce=0.253246 val_bce=0.623582 best=Y best_epoch=115 head_l2=0.122600 elapsed_sec=0.55
CHECKPOINT_BEST repeat=2 scope=internal_cv fold=0 phase=high_order_residual epoch=116 path=/data/adodas/VarCoNet-V2-main/xiaolunwen/experiment3/checkpoints/worker_r2_best.pt
[HIGH_ORDER_RESIDUAL] repeat=2 fold=0 epoch=116/149 train_bce=0.253130 val_bce=0.623565 best=Y best_epoch=116 head_l2=0.123615 elapsed_sec=0.65
CHECKPOINT_BEST repeat=2 scope=internal_cv fold=0 phase=high_order_residual epoch=117 path=/data/adodas/VarCoNet-V2-main/xiaolunwen/experiment3/checkpoints/worker_r2_best.pt
[HIGH_ORDER_RESIDUAL] repeat=2 fold=0 epoch=117/149 train_bce=0.253014 val_bce=0.623548 best=Y best_epoch=117 head_l2=0.124628 elapsed_sec=1.54
CHECKPOINT_BEST repeat=2 scope=internal_cv fold=0 phase=high_order_residual epoch=118 path=/data/adodas/VarCoNet-V2-main/xiaolunwen/experiment3/checkpoints/worker_r2_best.pt
[HIGH_ORDER_RESIDUAL] repeat=2 fold=0 epoch=118/149 train_bce=0.252899 val_bce=0.623531 best=Y best_epoch=118 head_l2=0.125641 elapsed_sec=0.41
CHECKPOINT_BEST repeat=2 scope=internal_cv fold=0 phase=high_order_residual epoch=119 path=/data/adodas/VarCoNet-V2-main/xiaolunwen/experiment3/checkpoints/worker_r2_best.pt
[HIGH_ORDER_RESIDUAL] repeat=2 fold=0 epoch=119/149 train_bce=0.252784 val_bce=0.623515 best=Y best_epoch=119 head_l2=0.126653 elapsed_sec=0.69
CHECKPOINT_BEST repeat=2 scope=internal_cv fold=0 phase=high_order_residual epoch=120 path=/data/adodas/VarCoNet-V2-main/xiaolunwen/experiment3/checkpoints/worker_r2_best.pt
[HIGH_ORDER_RESIDUAL] repeat=2 fold=0 epoch=120/149 train_bce=0.252669 val_bce=0.623498 best=Y best_epoch=120 head_l2=0.127665 elapsed_sec=0.50
CHECKPOINT_BEST repeat=2 scope=internal_cv fold=0 phase=high_order_residual epoch=121 path=/data/adodas/VarCoNet-V2-main/xiaolunwen/experiment3/checkpoints/worker_r2_best.pt
[HIGH_ORDER_RESIDUAL] repeat=2 fold=0 epoch=121/149 train_bce=0.252554 val_bce=0.623481 best=Y best_epoch=121 head_l2=0.128676 elapsed_sec=0.31
CHECKPOINT_BEST repeat=2 scope=internal_cv fold=0 phase=high_order_residual epoch=122 path=/data/adodas/VarCoNet-V2-main/xiaolunwen/experiment3/checkpoints/worker_r2_best.pt
[HIGH_ORDER_RESIDUAL] repeat=2 fold=0 epoch=122/149 train_bce=0.252440 val_bce=0.623465 best=Y best_epoch=122 head_l2=0.129686 elapsed_sec=0.55
CHECKPOINT_BEST repeat=2 scope=internal_cv fold=0 phase=high_order_residual epoch=123 path=/data/adodas/VarCoNet-V2-main/xiaolunwen/experiment3/checkpoints/worker_r2_best.pt
[HIGH_ORDER_RESIDUAL] repeat=2 fold=0 epoch=123/149 train_bce=0.252325 val_bce=0.623448 best=Y best_epoch=123 head_l2=0.130695 elapsed_sec=0.77
CHECKPOINT_BEST repeat=2 scope=internal_cv fold=0 phase=high_order_residual epoch=124 path=/data/adodas/VarCoNet-V2-main/xiaolunwen/experiment3/checkpoints/worker_r2_best.pt
[HIGH_ORDER_RESIDUAL] repeat=2 fold=0 epoch=124/149 train_bce=0.252211 val_bce=0.623432 best=Y best_epoch=124 head_l2=0.131704 elapsed_sec=0.77
CHECKPOINT_BEST repeat=2 scope=internal_cv fold=0 phase=high_order_residual epoch=125 path=/data/adodas/VarCoNet-V2-main/xiaolunwen/experiment3/checkpoints/worker_r2_best.pt
[HIGH_ORDER_RESIDUAL] repeat=2 fold=0 epoch=125/149 train_bce=0.252097 val_bce=0.623416 best=Y best_epoch=125 head_l2=0.132712 elapsed_sec=0.85
CHECKPOINT_BEST repeat=2 scope=internal_cv fold=0 phase=high_order_residual epoch=126 path=/data/adodas/VarCoNet-V2-main/xiaolunwen/experiment3/checkpoints/worker_r2_best.pt
[HIGH_ORDER_RESIDUAL] repeat=2 fold=0 epoch=126/149 train_bce=0.251984 val_bce=0.623400 best=Y best_epoch=126 head_l2=0.133719 elapsed_sec=0.44
CHECKPOINT_BEST repeat=2 scope=internal_cv fold=0 phase=high_order_residual epoch=127 path=/data/adodas/VarCoNet-V2-main/xiaolunwen/experiment3/checkpoints/worker_r2_best.pt
[HIGH_ORDER_RESIDUAL] repeat=2 fold=0 epoch=127/149 train_bce=0.251870 val_bce=0.623384 best=Y best_epoch=127 head_l2=0.134726 elapsed_sec=0.58
CHECKPOINT_BEST repeat=2 scope=internal_cv fold=0 phase=high_order_residual epoch=128 path=/data/adodas/VarCoNet-V2-main/xiaolunwen/experiment3/checkpoints/worker_r2_best.pt
[HIGH_ORDER_RESIDUAL] repeat=2 fold=0 epoch=128/149 train_bce=0.251757 val_bce=0.623368 best=Y best_epoch=128 head_l2=0.135732 elapsed_sec=0.69
CHECKPOINT_BEST repeat=2 scope=internal_cv fold=0 phase=high_order_residual epoch=129 path=/data/adodas/VarCoNet-V2-main/xiaolunwen/experiment3/checkpoints/worker_r2_best.pt
[HIGH_ORDER_RESIDUAL] repeat=2 fold=0 epoch=129/149 train_bce=0.251644 val_bce=0.623352 best=Y best_epoch=129 head_l2=0.136738 elapsed_sec=1.15
CHECKPOINT_BEST repeat=2 scope=internal_cv fold=0 phase=high_order_residual epoch=130 path=/data/adodas/VarCoNet-V2-main/xiaolunwen/experiment3/checkpoints/worker_r2_best.pt
[HIGH_ORDER_RESIDUAL] repeat=2 fold=0 epoch=130/149 train_bce=0.251531 val_bce=0.623336 best=Y best_epoch=130 head_l2=0.137743 elapsed_sec=1.03
CHECKPOINT_BEST repeat=2 scope=internal_cv fold=0 phase=high_order_residual epoch=131 path=/data/adodas/VarCoNet-V2-main/xiaolunwen/experiment3/checkpoints/worker_r2_best.pt
[HIGH_ORDER_RESIDUAL] repeat=2 fold=0 epoch=131/149 train_bce=0.251419 val_bce=0.623321 best=Y best_epoch=131 head_l2=0.138747 elapsed_sec=0.58
CHECKPOINT_BEST repeat=2 scope=internal_cv fold=0 phase=high_order_residual epoch=132 path=/data/adodas/VarCoNet-V2-main/xiaolunwen/experiment3/checkpoints/worker_r2_best.pt
[HIGH_ORDER_RESIDUAL] repeat=2 fold=0 epoch=132/149 train_bce=0.251306 val_bce=0.623305 best=Y best_epoch=132 head_l2=0.139750 elapsed_sec=1.13
CHECKPOINT_BEST repeat=2 scope=internal_cv fold=0 phase=high_order_residual epoch=133 path=/data/adodas/VarCoNet-V2-main/xiaolunwen/experiment3/checkpoints/worker_r2_best.pt
[HIGH_ORDER_RESIDUAL] repeat=2 fold=0 epoch=133/149 train_bce=0.251194 val_bce=0.623290 best=Y best_epoch=133 head_l2=0.140753 elapsed_sec=0.66
CHECKPOINT_BEST repeat=2 scope=internal_cv fold=0 phase=high_order_residual epoch=134 path=/data/adodas/VarCoNet-V2-main/xiaolunwen/experiment3/checkpoints/worker_r2_best.pt
[HIGH_ORDER_RESIDUAL] repeat=2 fold=0 epoch=134/149 train_bce=0.251082 val_bce=0.623275 best=Y best_epoch=134 head_l2=0.141755 elapsed_sec=0.45
CHECKPOINT_BEST repeat=2 scope=internal_cv fold=0 phase=high_order_residual epoch=135 path=/data/adodas/VarCoNet-V2-main/xiaolunwen/experiment3/checkpoints/worker_r2_best.pt
[HIGH_ORDER_RESIDUAL] repeat=2 fold=0 epoch=135/149 train_bce=0.250970 val_bce=0.623259 best=Y best_epoch=135 head_l2=0.142756 elapsed_sec=0.46
CHECKPOINT_BEST repeat=2 scope=internal_cv fold=0 phase=high_order_residual epoch=136 path=/data/adodas/VarCoNet-V2-main/xiaolunwen/experiment3/checkpoints/worker_r2_best.pt
[HIGH_ORDER_RESIDUAL] repeat=2 fold=0 epoch=136/149 train_bce=0.250859 val_bce=0.623244 best=Y best_epoch=136 head_l2=0.143757 elapsed_sec=0.46
CHECKPOINT_BEST repeat=2 scope=internal_cv fold=0 phase=high_order_residual epoch=137 path=/data/adodas/VarCoNet-V2-main/xiaolunwen/experiment3/checkpoints/worker_r2_best.pt
[HIGH_ORDER_RESIDUAL] repeat=2 fold=0 epoch=137/149 train_bce=0.250748 val_bce=0.623230 best=Y best_epoch=137 head_l2=0.144757 elapsed_sec=1.03
CHECKPOINT_BEST repeat=2 scope=internal_cv fold=0 phase=high_order_residual epoch=138 path=/data/adodas/VarCoNet-V2-main/xiaolunwen/experiment3/checkpoints/worker_r2_best.pt
[HIGH_ORDER_RESIDUAL] repeat=2 fold=0 epoch=138/149 train_bce=0.250636 val_bce=0.623215 best=Y best_epoch=138 head_l2=0.145756 elapsed_sec=0.53
CHECKPOINT_BEST repeat=2 scope=internal_cv fold=0 phase=high_order_residual epoch=139 path=/data/adodas/VarCoNet-V2-main/xiaolunwen/experiment3/checkpoints/worker_r2_best.pt
[HIGH_ORDER_RESIDUAL] repeat=2 fold=0 epoch=139/149 train_bce=0.250525 val_bce=0.623200 best=Y best_epoch=139 head_l2=0.146755 elapsed_sec=0.76
CHECKPOINT_BEST repeat=2 scope=internal_cv fold=0 phase=high_order_residual epoch=140 path=/data/adodas/VarCoNet-V2-main/xiaolunwen/experiment3/checkpoints/worker_r2_best.pt
[HIGH_ORDER_RESIDUAL] repeat=2 fold=0 epoch=140/149 train_bce=0.250415 val_bce=0.623185 best=Y best_epoch=140 head_l2=0.147753 elapsed_sec=0.51
CHECKPOINT_BEST repeat=2 scope=internal_cv fold=0 phase=high_order_residual epoch=141 path=/data/adodas/VarCoNet-V2-main/xiaolunwen/experiment3/checkpoints/worker_r2_best.pt
[HIGH_ORDER_RESIDUAL] repeat=2 fold=0 epoch=141/149 train_bce=0.250304 val_bce=0.623170 best=Y best_epoch=141 head_l2=0.148751 elapsed_sec=0.69
CHECKPOINT_BEST repeat=2 scope=internal_cv fold=0 phase=high_order_residual epoch=142 path=/data/adodas/VarCoNet-V2-main/xiaolunwen/experiment3/checkpoints/worker_r2_best.pt
[HIGH_ORDER_RESIDUAL] repeat=2 fold=0 epoch=142/149 train_bce=0.250194 val_bce=0.623156 best=Y best_epoch=142 head_l2=0.149747 elapsed_sec=0.52
CHECKPOINT_BEST repeat=2 scope=internal_cv fold=0 phase=high_order_residual epoch=143 path=/data/adodas/VarCoNet-V2-main/xiaolunwen/experiment3/checkpoints/worker_r2_best.pt
[HIGH_ORDER_RESIDUAL] repeat=2 fold=0 epoch=143/149 train_bce=0.250084 val_bce=0.623142 best=Y best_epoch=143 head_l2=0.150743 elapsed_sec=0.47
CHECKPOINT_BEST repeat=2 scope=internal_cv fold=0 phase=high_order_residual epoch=144 path=/data/adodas/VarCoNet-V2-main/xiaolunwen/experiment3/checkpoints/worker_r2_best.pt
[HIGH_ORDER_RESIDUAL] repeat=2 fold=0 epoch=144/149 train_bce=0.249974 val_bce=0.623127 best=Y best_epoch=144 head_l2=0.151739 elapsed_sec=0.27
CHECKPOINT_BEST repeat=2 scope=internal_cv fold=0 phase=high_order_residual epoch=145 path=/data/adodas/VarCoNet-V2-main/xiaolunwen/experiment3/checkpoints/worker_r2_best.pt
[HIGH_ORDER_RESIDUAL] repeat=2 fold=0 epoch=145/149 train_bce=0.249864 val_bce=0.623113 best=Y best_epoch=145 head_l2=0.152733 elapsed_sec=0.45
CHECKPOINT_BEST repeat=2 scope=internal_cv fold=0 phase=high_order_residual epoch=146 path=/data/adodas/VarCoNet-V2-main/xiaolunwen/experiment3/checkpoints/worker_r2_best.pt
[HIGH_ORDER_RESIDUAL] repeat=2 fold=0 epoch=146/149 train_bce=0.249754 val_bce=0.623099 best=Y best_epoch=146 head_l2=0.153728 elapsed_sec=0.53
CHECKPOINT_BEST repeat=2 scope=internal_cv fold=0 phase=high_order_residual epoch=147 path=/data/adodas/VarCoNet-V2-main/xiaolunwen/experiment3/checkpoints/worker_r2_best.pt
[HIGH_ORDER_RESIDUAL] repeat=2 fold=0 epoch=147/149 train_bce=0.249645 val_bce=0.623085 best=Y best_epoch=147 head_l2=0.154721 elapsed_sec=0.38
CHECKPOINT_BEST repeat=2 scope=internal_cv fold=0 phase=high_order_residual epoch=148 path=/data/adodas/VarCoNet-V2-main/xiaolunwen/experiment3/checkpoints/worker_r2_best.pt
[HIGH_ORDER_RESIDUAL] repeat=2 fold=0 epoch=148/149 train_bce=0.249536 val_bce=0.623071 best=Y best_epoch=148 head_l2=0.155714 elapsed_sec=0.27
CHECKPOINT_BEST repeat=2 scope=internal_cv fold=0 phase=high_order_residual epoch=149 path=/data/adodas/VarCoNet-V2-main/xiaolunwen/experiment3/checkpoints/worker_r2_best.pt
[HIGH_ORDER_RESIDUAL] repeat=2 fold=0 epoch=149/149 train_bce=0.249427 val_bce=0.623057 best=Y best_epoch=149 head_l2=0.156706 elapsed_sec=0.56
RESIDUAL_DONE repeat=2 scope=internal_cv fold=0 selected_encoder_epoch=33 selected_classifier_epoch=34 selected_residual_epoch=149 val_bce=0.623057
TASK_TRAINING_DONE repeat=2 scope=internal_cv fold=0 base_epoch=33 dyn_epoch=33 base_val_bce=0.624837 high_order_val_bce=0.623057
TASK_DONE repeat=2 scope=internal_fold fold=0 method=baseline selected_encoder_epoch=33 test_auc=0.729483 test_bce=0.601101 elapsed_min=7.6
TASK_DONE repeat=2 scope=internal_fold fold=0 method=consensus_highorder_residual selected_encoder_epoch=33 test_auc=0.734043 test_bce=0.594854 elapsed_min=7.6
TASK_START repeat=2 scope=internal_cv fold=1 seed=100201 device=cuda:0 shared_encoder=Y
CHECKPOINT_BEST repeat=2 scope=internal_cv fold=1 phase=ssl epoch=1 path=/data/adodas/VarCoNet-V2-main/xiaolunwen/experiment3/checkpoints/worker_r2_best.pt
[repeat=2 fold=1] [epoch=1/50] ssl_loss=0.093731 lr=0.00002411 base_val_bce=0.625060 base_best=Y base_cls_epoch=44 epoch_sec=6.2 task_elapsed_min=0.1 gpu_alloc_gb=0.271 gpu_reserved_gb=1.539
[ssl_epoch=1/50] ssl_loss=0.093731 lr=0.00002411 base_val_bce=0.625060 base_best=Y base_cls_epoch=44 epoch_sec=6.2 elapsed_min=0.1 gpu_alloc_gb=0.271 gpu_reserved_gb=1.539
CHECKPOINT_BEST repeat=2 scope=internal_cv fold=1 phase=ssl epoch=2 path=/data/adodas/VarCoNet-V2-main/xiaolunwen/experiment3/checkpoints/worker_r2_best.pt
[repeat=2 fold=1] [epoch=2/50] ssl_loss=0.086829 lr=0.00003821 base_val_bce=0.622737 base_best=Y base_cls_epoch=24 epoch_sec=6.1 task_elapsed_min=0.2 gpu_alloc_gb=0.271 gpu_reserved_gb=1.539
[ssl_epoch=2/50] ssl_loss=0.086829 lr=0.00003821 base_val_bce=0.622737 base_best=Y base_cls_epoch=24 epoch_sec=6.1 elapsed_min=0.2 gpu_alloc_gb=0.271 gpu_reserved_gb=1.539
CHECKPOINT_BEST repeat=2 scope=internal_cv fold=1 phase=ssl epoch=3 path=/data/adodas/VarCoNet-V2-main/xiaolunwen/experiment3/checkpoints/worker_r2_best.pt
[repeat=2 fold=1] [epoch=3/50] ssl_loss=0.080346 lr=0.00005232 base_val_bce=0.621288 base_best=Y base_cls_epoch=19 epoch_sec=5.9 task_elapsed_min=0.3 gpu_alloc_gb=0.271 gpu_reserved_gb=1.539
[ssl_epoch=3/50] ssl_loss=0.080346 lr=0.00005232 base_val_bce=0.621288 base_best=Y base_cls_epoch=19 epoch_sec=5.9 elapsed_min=0.3 gpu_alloc_gb=0.271 gpu_reserved_gb=1.539
[repeat=2 fold=1] [epoch=4/50] ssl_loss=0.088798 lr=0.00006643 base_val_bce=0.626802 base_best=N base_cls_epoch=20 epoch_sec=5.7 task_elapsed_min=0.4 gpu_alloc_gb=0.271 gpu_reserved_gb=1.539
[ssl_epoch=4/50] ssl_loss=0.088798 lr=0.00006643 base_val_bce=0.626802 base_best=N base_cls_epoch=20 epoch_sec=5.7 elapsed_min=0.4 gpu_alloc_gb=0.271 gpu_reserved_gb=1.539
CHECKPOINT_BEST repeat=2 scope=internal_cv fold=1 phase=ssl epoch=5 path=/data/adodas/VarCoNet-V2-main/xiaolunwen/experiment3/checkpoints/worker_r2_best.pt
[repeat=2 fold=1] [epoch=5/50] ssl_loss=0.074723 lr=0.00008053 base_val_bce=0.610228 base_best=Y base_cls_epoch=28 epoch_sec=7.7 task_elapsed_min=0.5 gpu_alloc_gb=0.271 gpu_reserved_gb=1.539
[ssl_epoch=5/50] ssl_loss=0.074723 lr=0.00008053 base_val_bce=0.610228 base_best=Y base_cls_epoch=28 epoch_sec=7.7 elapsed_min=0.5 gpu_alloc_gb=0.271 gpu_reserved_gb=1.539
[repeat=2 fold=1] [epoch=6/50] ssl_loss=0.068137 lr=0.00009464 base_val_bce=0.615534 base_best=N base_cls_epoch=24 epoch_sec=5.8 task_elapsed_min=0.6 gpu_alloc_gb=0.271 gpu_reserved_gb=1.539
[ssl_epoch=6/50] ssl_loss=0.068137 lr=0.00009464 base_val_bce=0.615534 base_best=N base_cls_epoch=24 epoch_sec=5.9 elapsed_min=0.6 gpu_alloc_gb=0.271 gpu_reserved_gb=1.539
[repeat=2 fold=1] [epoch=7/50] ssl_loss=0.067579 lr=0.00010875 base_val_bce=0.617128 base_best=N base_cls_epoch=25 epoch_sec=5.8 task_elapsed_min=0.7 gpu_alloc_gb=0.271 gpu_reserved_gb=1.539
[ssl_epoch=7/50] ssl_loss=0.067579 lr=0.00010875 base_val_bce=0.617128 base_best=N base_cls_epoch=25 epoch_sec=5.9 elapsed_min=0.7 gpu_alloc_gb=0.271 gpu_reserved_gb=1.539
[repeat=2 fold=1] [epoch=8/50] ssl_loss=0.072516 lr=0.00012285 base_val_bce=0.615014 base_best=N base_cls_epoch=26 epoch_sec=5.5 task_elapsed_min=0.8 gpu_alloc_gb=0.271 gpu_reserved_gb=1.539
[ssl_epoch=8/50] ssl_loss=0.072516 lr=0.00012285 base_val_bce=0.615014 base_best=N base_cls_epoch=26 epoch_sec=5.5 elapsed_min=0.8 gpu_alloc_gb=0.271 gpu_reserved_gb=1.539
[repeat=2 fold=1] [epoch=9/50] ssl_loss=0.059858 lr=0.00013696 base_val_bce=0.613307 base_best=N base_cls_epoch=26 epoch_sec=5.8 task_elapsed_min=0.9 gpu_alloc_gb=0.271 gpu_reserved_gb=1.539
[ssl_epoch=9/50] ssl_loss=0.059858 lr=0.00013696 base_val_bce=0.613307 base_best=N base_cls_epoch=26 epoch_sec=5.8 elapsed_min=0.9 gpu_alloc_gb=0.271 gpu_reserved_gb=1.539
CHECKPOINT_LATEST repeat=2 scope=internal_cv fold=1 phase=ssl epoch=10 path=/data/adodas/VarCoNet-V2-main/xiaolunwen/experiment3/checkpoints/worker_r2_latest.pt
[repeat=2 fold=1] [epoch=10/50] ssl_loss=0.054450 lr=0.00013696 base_val_bce=0.617097 base_best=N base_cls_epoch=31 epoch_sec=6.6 task_elapsed_min=1.0 gpu_alloc_gb=0.271 gpu_reserved_gb=1.539
[ssl_epoch=10/50] ssl_loss=0.054450 lr=0.00013696 base_val_bce=0.617097 base_best=N base_cls_epoch=31 epoch_sec=6.6 elapsed_min=1.0 gpu_alloc_gb=0.271 gpu_reserved_gb=1.539
[repeat=2 fold=1] [epoch=11/50] ssl_loss=0.049720 lr=0.00013675 base_val_bce=0.610832 base_best=N base_cls_epoch=31 epoch_sec=5.3 task_elapsed_min=1.1 gpu_alloc_gb=0.271 gpu_reserved_gb=1.539
[ssl_epoch=11/50] ssl_loss=0.049720 lr=0.00013675 base_val_bce=0.610832 base_best=N base_cls_epoch=31 epoch_sec=5.3 elapsed_min=1.1 gpu_alloc_gb=0.271 gpu_reserved_gb=1.539
[repeat=2 fold=1] [epoch=12/50] ssl_loss=0.050765 lr=0.00013612 base_val_bce=0.617800 base_best=N base_cls_epoch=46 epoch_sec=5.5 task_elapsed_min=1.2 gpu_alloc_gb=0.271 gpu_reserved_gb=1.539
[ssl_epoch=12/50] ssl_loss=0.050765 lr=0.00013612 base_val_bce=0.617800 base_best=N base_cls_epoch=46 epoch_sec=5.5 elapsed_min=1.2 gpu_alloc_gb=0.271 gpu_reserved_gb=1.539
CHECKPOINT_BEST repeat=2 scope=internal_cv fold=1 phase=ssl epoch=13 path=/data/adodas/VarCoNet-V2-main/xiaolunwen/experiment3/checkpoints/worker_r2_best.pt
[repeat=2 fold=1] [epoch=13/50] ssl_loss=0.057781 lr=0.00013507 base_val_bce=0.608401 base_best=Y base_cls_epoch=49 epoch_sec=5.8 task_elapsed_min=1.3 gpu_alloc_gb=0.271 gpu_reserved_gb=1.539
[ssl_epoch=13/50] ssl_loss=0.057781 lr=0.00013507 base_val_bce=0.608401 base_best=Y base_cls_epoch=49 epoch_sec=5.8 elapsed_min=1.3 gpu_alloc_gb=0.271 gpu_reserved_gb=1.539
CHECKPOINT_BEST repeat=2 scope=internal_cv fold=1 phase=ssl epoch=14 path=/data/adodas/VarCoNet-V2-main/xiaolunwen/experiment3/checkpoints/worker_r2_best.pt
[repeat=2 fold=1] [epoch=14/50] ssl_loss=0.050902 lr=0.00013361 base_val_bce=0.605144 base_best=Y base_cls_epoch=45 epoch_sec=6.0 task_elapsed_min=1.4 gpu_alloc_gb=0.271 gpu_reserved_gb=1.539
[ssl_epoch=14/50] ssl_loss=0.050902 lr=0.00013361 base_val_bce=0.605144 base_best=Y base_cls_epoch=45 epoch_sec=6.0 elapsed_min=1.4 gpu_alloc_gb=0.271 gpu_reserved_gb=1.539
CHECKPOINT_BEST repeat=2 scope=internal_cv fold=1 phase=ssl epoch=15 path=/data/adodas/VarCoNet-V2-main/xiaolunwen/experiment3/checkpoints/worker_r2_best.pt
[repeat=2 fold=1] [epoch=15/50] ssl_loss=0.052755 lr=0.00013175 base_val_bce=0.603207 base_best=Y base_cls_epoch=51 epoch_sec=6.7 task_elapsed_min=1.5 gpu_alloc_gb=0.271 gpu_reserved_gb=1.539
[ssl_epoch=15/50] ssl_loss=0.052755 lr=0.00013175 base_val_bce=0.603207 base_best=Y base_cls_epoch=51 epoch_sec=6.7 elapsed_min=1.5 gpu_alloc_gb=0.271 gpu_reserved_gb=1.539
CHECKPOINT_BEST repeat=2 scope=internal_cv fold=1 phase=ssl epoch=16 path=/data/adodas/VarCoNet-V2-main/xiaolunwen/experiment3/checkpoints/worker_r2_best.pt
[repeat=2 fold=1] [epoch=16/50] ssl_loss=0.042973 lr=0.00012950 base_val_bce=0.602802 base_best=Y base_cls_epoch=49 epoch_sec=6.7 task_elapsed_min=1.6 gpu_alloc_gb=0.271 gpu_reserved_gb=1.539
[ssl_epoch=16/50] ssl_loss=0.042973 lr=0.00012950 base_val_bce=0.602802 base_best=Y base_cls_epoch=49 epoch_sec=6.7 elapsed_min=1.6 gpu_alloc_gb=0.271 gpu_reserved_gb=1.539
[repeat=2 fold=1] [epoch=17/50] ssl_loss=0.046997 lr=0.00012687 base_val_bce=0.610720 base_best=N base_cls_epoch=43 epoch_sec=5.6 task_elapsed_min=1.7 gpu_alloc_gb=0.271 gpu_reserved_gb=1.539
[ssl_epoch=17/50] ssl_loss=0.046997 lr=0.00012687 base_val_bce=0.610720 base_best=N base_cls_epoch=43 epoch_sec=5.6 elapsed_min=1.7 gpu_alloc_gb=0.271 gpu_reserved_gb=1.539
[repeat=2 fold=1] [epoch=18/50] ssl_loss=0.048801 lr=0.00012388 base_val_bce=0.604450 base_best=N base_cls_epoch=50 epoch_sec=5.9 task_elapsed_min=1.8 gpu_alloc_gb=0.271 gpu_reserved_gb=1.539
[ssl_epoch=18/50] ssl_loss=0.048801 lr=0.00012388 base_val_bce=0.604450 base_best=N base_cls_epoch=50 epoch_sec=6.1 elapsed_min=1.8 gpu_alloc_gb=0.271 gpu_reserved_gb=1.539
[repeat=2 fold=1] [epoch=19/50] ssl_loss=0.041646 lr=0.00012055 base_val_bce=0.606321 base_best=N base_cls_epoch=47 epoch_sec=6.2 task_elapsed_min=1.9 gpu_alloc_gb=0.271 gpu_reserved_gb=1.539
[ssl_epoch=19/50] ssl_loss=0.041646 lr=0.00012055 base_val_bce=0.606321 base_best=N base_cls_epoch=47 epoch_sec=6.8 elapsed_min=1.9 gpu_alloc_gb=0.271 gpu_reserved_gb=1.539
CHECKPOINT_LATEST repeat=2 scope=internal_cv fold=1 phase=ssl epoch=20 path=/data/adodas/VarCoNet-V2-main/xiaolunwen/experiment3/checkpoints/worker_r2_latest.pt
[repeat=2 fold=1] [epoch=20/50] ssl_loss=0.041927 lr=0.00011690 base_val_bce=0.617733 base_best=N base_cls_epoch=49 epoch_sec=9.9 task_elapsed_min=2.0 gpu_alloc_gb=0.271 gpu_reserved_gb=1.539
[ssl_epoch=20/50] ssl_loss=0.041927 lr=0.00011690 base_val_bce=0.617733 base_best=N base_cls_epoch=49 epoch_sec=9.9 elapsed_min=2.0 gpu_alloc_gb=0.271 gpu_reserved_gb=1.539
CHECKPOINT_BEST repeat=2 scope=internal_cv fold=1 phase=ssl epoch=21 path=/data/adodas/VarCoNet-V2-main/xiaolunwen/experiment3/checkpoints/worker_r2_best.pt
[repeat=2 fold=1] [epoch=21/50] ssl_loss=0.043103 lr=0.00011296 base_val_bce=0.590535 base_best=Y base_cls_epoch=53 epoch_sec=6.1 task_elapsed_min=2.2 gpu_alloc_gb=0.271 gpu_reserved_gb=1.539
[ssl_epoch=21/50] ssl_loss=0.043103 lr=0.00011296 base_val_bce=0.590535 base_best=Y base_cls_epoch=53 epoch_sec=6.1 elapsed_min=2.2 gpu_alloc_gb=0.271 gpu_reserved_gb=1.539
[repeat=2 fold=1] [epoch=22/50] ssl_loss=0.046988 lr=0.00010873 base_val_bce=0.598024 base_best=N base_cls_epoch=48 epoch_sec=5.2 task_elapsed_min=2.3 gpu_alloc_gb=0.271 gpu_reserved_gb=1.539
[ssl_epoch=22/50] ssl_loss=0.046988 lr=0.00010873 base_val_bce=0.598024 base_best=N base_cls_epoch=48 epoch_sec=5.2 elapsed_min=2.3 gpu_alloc_gb=0.271 gpu_reserved_gb=1.539
[repeat=2 fold=1] [epoch=23/50] ssl_loss=0.054063 lr=0.00010426 base_val_bce=0.622375 base_best=N base_cls_epoch=46 epoch_sec=4.8 task_elapsed_min=2.4 gpu_alloc_gb=0.271 gpu_reserved_gb=1.539
[ssl_epoch=23/50] ssl_loss=0.054063 lr=0.00010426 base_val_bce=0.622375 base_best=N base_cls_epoch=46 epoch_sec=5.3 elapsed_min=2.4 gpu_alloc_gb=0.271 gpu_reserved_gb=1.539
[repeat=2 fold=1] [epoch=24/50] ssl_loss=0.041869 lr=0.00009957 base_val_bce=0.605589 base_best=N base_cls_epoch=54 epoch_sec=5.6 task_elapsed_min=2.5 gpu_alloc_gb=0.271 gpu_reserved_gb=1.539
[ssl_epoch=24/50] ssl_loss=0.041869 lr=0.00009957 base_val_bce=0.605589 base_best=N base_cls_epoch=54 epoch_sec=5.6 elapsed_min=2.5 gpu_alloc_gb=0.271 gpu_reserved_gb=1.539
[repeat=2 fold=1] [epoch=25/50] ssl_loss=0.038658 lr=0.00009469 base_val_bce=0.607113 base_best=N base_cls_epoch=51 epoch_sec=5.7 task_elapsed_min=2.6 gpu_alloc_gb=0.271 gpu_reserved_gb=1.539
[ssl_epoch=25/50] ssl_loss=0.038658 lr=0.00009469 base_val_bce=0.607113 base_best=N base_cls_epoch=51 epoch_sec=5.8 elapsed_min=2.6 gpu_alloc_gb=0.271 gpu_reserved_gb=1.539
[repeat=2 fold=1] [epoch=26/50] ssl_loss=0.034513 lr=0.00008964 base_val_bce=0.603332 base_best=N base_cls_epoch=49 epoch_sec=5.7 task_elapsed_min=2.7 gpu_alloc_gb=0.271 gpu_reserved_gb=1.539
[ssl_epoch=26/50] ssl_loss=0.034513 lr=0.00008964 base_val_bce=0.603332 base_best=N base_cls_epoch=49 epoch_sec=6.5 elapsed_min=2.7 gpu_alloc_gb=0.271 gpu_reserved_gb=1.539
[repeat=2 fold=1] [epoch=27/50] ssl_loss=0.029973 lr=0.00008447 base_val_bce=0.605313 base_best=N base_cls_epoch=48 epoch_sec=5.5 task_elapsed_min=2.8 gpu_alloc_gb=0.271 gpu_reserved_gb=1.539
[ssl_epoch=27/50] ssl_loss=0.029973 lr=0.00008447 base_val_bce=0.605313 base_best=N base_cls_epoch=48 epoch_sec=5.7 elapsed_min=2.8 gpu_alloc_gb=0.271 gpu_reserved_gb=1.539
[repeat=2 fold=1] [epoch=28/50] ssl_loss=0.042078 lr=0.00007919 base_val_bce=0.606027 base_best=N base_cls_epoch=49 epoch_sec=5.9 task_elapsed_min=2.9 gpu_alloc_gb=0.271 gpu_reserved_gb=1.539
[ssl_epoch=28/50] ssl_loss=0.042078 lr=0.00007919 base_val_bce=0.606027 base_best=N base_cls_epoch=49 epoch_sec=6.2 elapsed_min=2.9 gpu_alloc_gb=0.271 gpu_reserved_gb=1.539
[repeat=2 fold=1] [epoch=29/50] ssl_loss=0.049023 lr=0.00007385 base_val_bce=0.605660 base_best=N base_cls_epoch=52 epoch_sec=5.5 task_elapsed_min=3.0 gpu_alloc_gb=0.271 gpu_reserved_gb=1.539
[ssl_epoch=29/50] ssl_loss=0.049023 lr=0.00007385 base_val_bce=0.605660 base_best=N base_cls_epoch=52 epoch_sec=5.5 elapsed_min=3.0 gpu_alloc_gb=0.271 gpu_reserved_gb=1.539
CHECKPOINT_LATEST repeat=2 scope=internal_cv fold=1 phase=ssl epoch=30 path=/data/adodas/VarCoNet-V2-main/xiaolunwen/experiment3/checkpoints/worker_r2_latest.pt
[repeat=2 fold=1] [epoch=30/50] ssl_loss=0.042135 lr=0.00006848 base_val_bce=0.623126 base_best=N base_cls_epoch=49 epoch_sec=6.2 task_elapsed_min=3.1 gpu_alloc_gb=0.271 gpu_reserved_gb=1.539
[ssl_epoch=30/50] ssl_loss=0.042135 lr=0.00006848 base_val_bce=0.623126 base_best=N base_cls_epoch=49 epoch_sec=6.2 elapsed_min=3.1 gpu_alloc_gb=0.271 gpu_reserved_gb=1.539
[repeat=2 fold=1] [epoch=31/50] ssl_loss=0.035250 lr=0.00006311 base_val_bce=0.595108 base_best=N base_cls_epoch=50 epoch_sec=4.6 task_elapsed_min=3.1 gpu_alloc_gb=0.271 gpu_reserved_gb=1.539
[ssl_epoch=31/50] ssl_loss=0.035250 lr=0.00006311 base_val_bce=0.595108 base_best=N base_cls_epoch=50 epoch_sec=4.6 elapsed_min=3.1 gpu_alloc_gb=0.271 gpu_reserved_gb=1.539
[repeat=2 fold=1] [epoch=32/50] ssl_loss=0.045255 lr=0.00005777 base_val_bce=0.608144 base_best=N base_cls_epoch=50 epoch_sec=4.9 task_elapsed_min=3.2 gpu_alloc_gb=0.271 gpu_reserved_gb=1.539
[ssl_epoch=32/50] ssl_loss=0.045255 lr=0.00005777 base_val_bce=0.608144 base_best=N base_cls_epoch=50 epoch_sec=5.0 elapsed_min=3.2 gpu_alloc_gb=0.271 gpu_reserved_gb=1.539
[repeat=2 fold=1] [epoch=33/50] ssl_loss=0.036115 lr=0.00005249 base_val_bce=0.601699 base_best=N base_cls_epoch=50 epoch_sec=4.2 task_elapsed_min=3.3 gpu_alloc_gb=0.271 gpu_reserved_gb=1.539
[ssl_epoch=33/50] ssl_loss=0.036115 lr=0.00005249 base_val_bce=0.601699 base_best=N base_cls_epoch=50 epoch_sec=5.3 elapsed_min=3.3 gpu_alloc_gb=0.271 gpu_reserved_gb=1.539
[repeat=2 fold=1] [epoch=34/50] ssl_loss=0.037809 lr=0.00004732 base_val_bce=0.603511 base_best=N base_cls_epoch=47 epoch_sec=4.6 task_elapsed_min=3.4 gpu_alloc_gb=0.271 gpu_reserved_gb=1.539
[ssl_epoch=34/50] ssl_loss=0.037809 lr=0.00004732 base_val_bce=0.603511 base_best=N base_cls_epoch=47 epoch_sec=4.8 elapsed_min=3.4 gpu_alloc_gb=0.271 gpu_reserved_gb=1.539
[repeat=2 fold=1] [epoch=35/50] ssl_loss=0.045977 lr=0.00004227 base_val_bce=0.605736 base_best=N base_cls_epoch=50 epoch_sec=4.2 task_elapsed_min=3.5 gpu_alloc_gb=0.271 gpu_reserved_gb=1.539
[ssl_epoch=35/50] ssl_loss=0.045977 lr=0.00004227 base_val_bce=0.605736 base_best=N base_cls_epoch=50 epoch_sec=4.3 elapsed_min=3.5 gpu_alloc_gb=0.271 gpu_reserved_gb=1.539
[repeat=2 fold=1] [epoch=36/50] ssl_loss=0.048984 lr=0.00003739 base_val_bce=0.615888 base_best=N base_cls_epoch=47 epoch_sec=5.3 task_elapsed_min=3.6 gpu_alloc_gb=0.271 gpu_reserved_gb=1.539
[ssl_epoch=36/50] ssl_loss=0.048984 lr=0.00003739 base_val_bce=0.615888 base_best=N base_cls_epoch=47 epoch_sec=5.3 elapsed_min=3.6 gpu_alloc_gb=0.271 gpu_reserved_gb=1.539
[repeat=2 fold=1] [epoch=37/50] ssl_loss=0.038104 lr=0.00003270 base_val_bce=0.619282 base_best=N base_cls_epoch=48 epoch_sec=5.0 task_elapsed_min=3.6 gpu_alloc_gb=0.271 gpu_reserved_gb=1.539
[ssl_epoch=37/50] ssl_loss=0.038104 lr=0.00003270 base_val_bce=0.619282 base_best=N base_cls_epoch=48 epoch_sec=5.0 elapsed_min=3.6 gpu_alloc_gb=0.271 gpu_reserved_gb=1.539
[repeat=2 fold=1] [epoch=38/50] ssl_loss=0.030775 lr=0.00002823 base_val_bce=0.601280 base_best=N base_cls_epoch=50 epoch_sec=5.0 task_elapsed_min=3.7 gpu_alloc_gb=0.271 gpu_reserved_gb=1.539
[ssl_epoch=38/50] ssl_loss=0.030775 lr=0.00002823 base_val_bce=0.601280 base_best=N base_cls_epoch=50 epoch_sec=5.1 elapsed_min=3.7 gpu_alloc_gb=0.271 gpu_reserved_gb=1.539
[repeat=2 fold=1] [epoch=39/50] ssl_loss=0.038546 lr=0.00002401 base_val_bce=0.617707 base_best=N base_cls_epoch=45 epoch_sec=4.3 task_elapsed_min=3.8 gpu_alloc_gb=0.271 gpu_reserved_gb=1.539
[ssl_epoch=39/50] ssl_loss=0.038546 lr=0.00002401 base_val_bce=0.617707 base_best=N base_cls_epoch=45 epoch_sec=4.4 elapsed_min=3.8 gpu_alloc_gb=0.271 gpu_reserved_gb=1.539
CHECKPOINT_LATEST repeat=2 scope=internal_cv fold=1 phase=ssl epoch=40 path=/data/adodas/VarCoNet-V2-main/xiaolunwen/experiment3/checkpoints/worker_r2_latest.pt
[repeat=2 fold=1] [epoch=40/50] ssl_loss=0.043409 lr=0.00002006 base_val_bce=0.611398 base_best=N base_cls_epoch=52 epoch_sec=5.6 task_elapsed_min=3.9 gpu_alloc_gb=0.271 gpu_reserved_gb=1.539
[ssl_epoch=40/50] ssl_loss=0.043409 lr=0.00002006 base_val_bce=0.611398 base_best=N base_cls_epoch=52 epoch_sec=5.6 elapsed_min=3.9 gpu_alloc_gb=0.271 gpu_reserved_gb=1.539
[repeat=2 fold=1] [epoch=41/50] ssl_loss=0.031528 lr=0.00001641 base_val_bce=0.601004 base_best=N base_cls_epoch=50 epoch_sec=4.9 task_elapsed_min=4.0 gpu_alloc_gb=0.271 gpu_reserved_gb=1.539
[ssl_epoch=41/50] ssl_loss=0.031528 lr=0.00001641 base_val_bce=0.601004 base_best=N base_cls_epoch=50 epoch_sec=4.9 elapsed_min=4.0 gpu_alloc_gb=0.271 gpu_reserved_gb=1.539
[repeat=2 fold=1] [epoch=42/50] ssl_loss=0.030865 lr=0.00001308 base_val_bce=0.617286 base_best=N base_cls_epoch=52 epoch_sec=5.1 task_elapsed_min=4.1 gpu_alloc_gb=0.271 gpu_reserved_gb=1.539
[ssl_epoch=42/50] ssl_loss=0.030865 lr=0.00001308 base_val_bce=0.617286 base_best=N base_cls_epoch=52 epoch_sec=5.1 elapsed_min=4.1 gpu_alloc_gb=0.271 gpu_reserved_gb=1.539
[repeat=2 fold=1] [epoch=43/50] ssl_loss=0.033863 lr=0.00001009 base_val_bce=0.614064 base_best=N base_cls_epoch=47 epoch_sec=4.3 task_elapsed_min=4.1 gpu_alloc_gb=0.271 gpu_reserved_gb=1.539
[ssl_epoch=43/50] ssl_loss=0.033863 lr=0.00001009 base_val_bce=0.614064 base_best=N base_cls_epoch=47 epoch_sec=4.8 elapsed_min=4.1 gpu_alloc_gb=0.271 gpu_reserved_gb=1.539
[repeat=2 fold=1] [epoch=44/50] ssl_loss=0.045970 lr=0.00000746 base_val_bce=0.614992 base_best=N base_cls_epoch=47 epoch_sec=5.1 task_elapsed_min=4.2 gpu_alloc_gb=0.271 gpu_reserved_gb=1.539
[ssl_epoch=44/50] ssl_loss=0.045970 lr=0.00000746 base_val_bce=0.614992 base_best=N base_cls_epoch=47 epoch_sec=5.1 elapsed_min=4.2 gpu_alloc_gb=0.271 gpu_reserved_gb=1.539
[repeat=2 fold=1] [epoch=45/50] ssl_loss=0.033989 lr=0.00000521 base_val_bce=0.616660 base_best=N base_cls_epoch=48 epoch_sec=5.3 task_elapsed_min=4.3 gpu_alloc_gb=0.271 gpu_reserved_gb=1.539
[ssl_epoch=45/50] ssl_loss=0.033989 lr=0.00000521 base_val_bce=0.616660 base_best=N base_cls_epoch=48 epoch_sec=5.3 elapsed_min=4.3 gpu_alloc_gb=0.271 gpu_reserved_gb=1.539
[repeat=2 fold=1] [epoch=46/50] ssl_loss=0.035683 lr=0.00000335 base_val_bce=0.610241 base_best=N base_cls_epoch=47 epoch_sec=5.0 task_elapsed_min=4.4 gpu_alloc_gb=0.271 gpu_reserved_gb=1.539
[ssl_epoch=46/50] ssl_loss=0.035683 lr=0.00000335 base_val_bce=0.610241 base_best=N base_cls_epoch=47 epoch_sec=5.4 elapsed_min=4.4 gpu_alloc_gb=0.271 gpu_reserved_gb=1.539
[repeat=2 fold=1] [epoch=47/50] ssl_loss=0.031987 lr=0.00000189 base_val_bce=0.613171 base_best=N base_cls_epoch=49 epoch_sec=5.0 task_elapsed_min=4.5 gpu_alloc_gb=0.271 gpu_reserved_gb=1.539
[ssl_epoch=47/50] ssl_loss=0.031987 lr=0.00000189 base_val_bce=0.613171 base_best=N base_cls_epoch=49 epoch_sec=5.0 elapsed_min=4.5 gpu_alloc_gb=0.271 gpu_reserved_gb=1.539
[repeat=2 fold=1] [epoch=48/50] ssl_loss=0.040051 lr=0.00000084 base_val_bce=0.623352 base_best=N base_cls_epoch=46 epoch_sec=5.2 task_elapsed_min=4.6 gpu_alloc_gb=0.271 gpu_reserved_gb=1.539
[ssl_epoch=48/50] ssl_loss=0.040051 lr=0.00000084 base_val_bce=0.623352 base_best=N base_cls_epoch=46 epoch_sec=5.2 elapsed_min=4.6 gpu_alloc_gb=0.271 gpu_reserved_gb=1.539
[repeat=2 fold=1] [epoch=49/50] ssl_loss=0.039989 lr=0.00000021 base_val_bce=0.615889 base_best=N base_cls_epoch=46 epoch_sec=5.0 task_elapsed_min=4.7 gpu_alloc_gb=0.271 gpu_reserved_gb=1.539
[ssl_epoch=49/50] ssl_loss=0.039989 lr=0.00000021 base_val_bce=0.615889 base_best=N base_cls_epoch=46 epoch_sec=5.1 elapsed_min=4.7 gpu_alloc_gb=0.271 gpu_reserved_gb=1.539
CHECKPOINT_LATEST repeat=2 scope=internal_cv fold=1 phase=ssl epoch=50 path=/data/adodas/VarCoNet-V2-main/xiaolunwen/experiment3/checkpoints/worker_r2_latest.pt
[repeat=2 fold=1] [epoch=50/50] ssl_loss=0.039686 lr=0.00000000 base_val_bce=0.609979 base_best=N base_cls_epoch=50 epoch_sec=6.4 task_elapsed_min=4.8 gpu_alloc_gb=0.271 gpu_reserved_gb=1.539
[ssl_epoch=50/50] ssl_loss=0.039686 lr=0.00000000 base_val_bce=0.609979 base_best=N base_cls_epoch=50 epoch_sec=6.4 elapsed_min=4.8 gpu_alloc_gb=0.271 gpu_reserved_gb=1.539
[MODULE_DISCOVERY] repeat=2 fold=1 n_unique_subjects=674 n_modules=32 module_size_min=5 module_size_mean=12.000 module_size_max=25 singleton_modules=0 meta_dim=528 empty_meta_bins=0 affinity_mean=0.16897656 affinity_std=0.04294261 affinity_max=0.79867971 elapsed_sec=0.04
[HIGH_ORDER_RESIDUAL] repeat=2 fold=1 epoch=0 train_bce=NA val_bce=0.590535 best=Y best_epoch=0 head_l2=0.000000 elapsed_sec=288.00
CHECKPOINT_BEST repeat=2 scope=internal_cv fold=1 phase=high_order_residual epoch=0 path=/data/adodas/VarCoNet-V2-main/xiaolunwen/experiment3/checkpoints/worker_r2_best.pt
CHECKPOINT_LATEST repeat=2 scope=internal_cv fold=1 phase=high_order_residual epoch=10 path=/data/adodas/VarCoNet-V2-main/xiaolunwen/experiment3/checkpoints/worker_r2_latest.pt
[HIGH_ORDER_RESIDUAL] repeat=2 fold=1 epoch=10/149 train_bce=0.174324 val_bce=0.590736 best=N best_epoch=0 head_l2=0.011446 elapsed_sec=1.44
CHECKPOINT_LATEST repeat=2 scope=internal_cv fold=1 phase=high_order_residual epoch=20 path=/data/adodas/VarCoNet-V2-main/xiaolunwen/experiment3/checkpoints/worker_r2_latest.pt
[HIGH_ORDER_RESIDUAL] repeat=2 fold=1 epoch=20/149 train_bce=0.173358 val_bce=0.590952 best=N best_epoch=0 head_l2=0.022722 elapsed_sec=0.51
CHECKPOINT_LATEST repeat=2 scope=internal_cv fold=1 phase=high_order_residual epoch=30 path=/data/adodas/VarCoNet-V2-main/xiaolunwen/experiment3/checkpoints/worker_r2_latest.pt
[HIGH_ORDER_RESIDUAL] repeat=2 fold=1 epoch=30/149 train_bce=0.172420 val_bce=0.591201 best=N best_epoch=0 head_l2=0.033778 elapsed_sec=1.34
CHECKPOINT_LATEST repeat=2 scope=internal_cv fold=1 phase=high_order_residual epoch=40 path=/data/adodas/VarCoNet-V2-main/xiaolunwen/experiment3/checkpoints/worker_r2_latest.pt
[HIGH_ORDER_RESIDUAL] repeat=2 fold=1 epoch=40/149 train_bce=0.171508 val_bce=0.591500 best=N best_epoch=0 head_l2=0.044630 elapsed_sec=0.72
CHECKPOINT_LATEST repeat=2 scope=internal_cv fold=1 phase=high_order_residual epoch=50 path=/data/adodas/VarCoNet-V2-main/xiaolunwen/experiment3/checkpoints/worker_r2_latest.pt
[HIGH_ORDER_RESIDUAL] repeat=2 fold=1 epoch=50/149 train_bce=0.170620 val_bce=0.591832 best=N best_epoch=0 head_l2=0.055312 elapsed_sec=0.81
CHECKPOINT_LATEST repeat=2 scope=internal_cv fold=1 phase=high_order_residual epoch=60 path=/data/adodas/VarCoNet-V2-main/xiaolunwen/experiment3/checkpoints/worker_r2_latest.pt
[HIGH_ORDER_RESIDUAL] repeat=2 fold=1 epoch=60/149 train_bce=0.169754 val_bce=0.592167 best=N best_epoch=0 head_l2=0.065841 elapsed_sec=0.46
CHECKPOINT_LATEST repeat=2 scope=internal_cv fold=1 phase=high_order_residual epoch=70 path=/data/adodas/VarCoNet-V2-main/xiaolunwen/experiment3/checkpoints/worker_r2_latest.pt
[HIGH_ORDER_RESIDUAL] repeat=2 fold=1 epoch=70/149 train_bce=0.168910 val_bce=0.592478 best=N best_epoch=0 head_l2=0.076229 elapsed_sec=0.34
CHECKPOINT_LATEST repeat=2 scope=internal_cv fold=1 phase=high_order_residual epoch=80 path=/data/adodas/VarCoNet-V2-main/xiaolunwen/experiment3/checkpoints/worker_r2_latest.pt
[HIGH_ORDER_RESIDUAL] repeat=2 fold=1 epoch=80/149 train_bce=0.168085 val_bce=0.592756 best=N best_epoch=0 head_l2=0.086490 elapsed_sec=0.38
CHECKPOINT_LATEST repeat=2 scope=internal_cv fold=1 phase=high_order_residual epoch=90 path=/data/adodas/VarCoNet-V2-main/xiaolunwen/experiment3/checkpoints/worker_r2_latest.pt
[HIGH_ORDER_RESIDUAL] repeat=2 fold=1 epoch=90/149 train_bce=0.167279 val_bce=0.593004 best=N best_epoch=0 head_l2=0.096640 elapsed_sec=0.57
CHECKPOINT_LATEST repeat=2 scope=internal_cv fold=1 phase=high_order_residual epoch=100 path=/data/adodas/VarCoNet-V2-main/xiaolunwen/experiment3/checkpoints/worker_r2_latest.pt
[HIGH_ORDER_RESIDUAL] repeat=2 fold=1 epoch=100/149 train_bce=0.166489 val_bce=0.593232 best=N best_epoch=0 head_l2=0.106688 elapsed_sec=0.74
CHECKPOINT_LATEST repeat=2 scope=internal_cv fold=1 phase=high_order_residual epoch=110 path=/data/adodas/VarCoNet-V2-main/xiaolunwen/experiment3/checkpoints/worker_r2_latest.pt
[HIGH_ORDER_RESIDUAL] repeat=2 fold=1 epoch=110/149 train_bce=0.165716 val_bce=0.593446 best=N best_epoch=0 head_l2=0.116640 elapsed_sec=0.45
CHECKPOINT_LATEST repeat=2 scope=internal_cv fold=1 phase=high_order_residual epoch=120 path=/data/adodas/VarCoNet-V2-main/xiaolunwen/experiment3/checkpoints/worker_r2_latest.pt
[HIGH_ORDER_RESIDUAL] repeat=2 fold=1 epoch=120/149 train_bce=0.164957 val_bce=0.593649 best=N best_epoch=0 head_l2=0.126502 elapsed_sec=0.49
CHECKPOINT_LATEST repeat=2 scope=internal_cv fold=1 phase=high_order_residual epoch=130 path=/data/adodas/VarCoNet-V2-main/xiaolunwen/experiment3/checkpoints/worker_r2_latest.pt
[HIGH_ORDER_RESIDUAL] repeat=2 fold=1 epoch=130/149 train_bce=0.164213 val_bce=0.593844 best=N best_epoch=0 head_l2=0.136279 elapsed_sec=0.66
CHECKPOINT_LATEST repeat=2 scope=internal_cv fold=1 phase=high_order_residual epoch=140 path=/data/adodas/VarCoNet-V2-main/xiaolunwen/experiment3/checkpoints/worker_r2_latest.pt
[HIGH_ORDER_RESIDUAL] repeat=2 fold=1 epoch=140/149 train_bce=0.163483 val_bce=0.594032 best=N best_epoch=0 head_l2=0.145973 elapsed_sec=0.82
RESIDUAL_DONE repeat=2 scope=internal_cv fold=1 selected_encoder_epoch=21 selected_classifier_epoch=53 selected_residual_epoch=0 val_bce=0.590535
TASK_TRAINING_DONE repeat=2 scope=internal_cv fold=1 base_epoch=21 dyn_epoch=21 base_val_bce=0.590535 high_order_val_bce=0.590535
TASK_DONE repeat=2 scope=internal_fold fold=1 method=baseline selected_encoder_epoch=21 test_auc=0.815603 test_bce=0.538501 elapsed_min=5.0
TASK_DONE repeat=2 scope=internal_fold fold=1 method=consensus_highorder_residual selected_encoder_epoch=21 test_auc=0.815603 test_bce=0.538501 elapsed_min=5.0
TASK_START repeat=2 scope=internal_cv fold=2 seed=100202 device=cuda:0 shared_encoder=Y
CHECKPOINT_BEST repeat=2 scope=internal_cv fold=2 phase=ssl epoch=1 path=/data/adodas/VarCoNet-V2-main/xiaolunwen/experiment3/checkpoints/worker_r2_best.pt
[repeat=2 fold=2] [epoch=1/50] ssl_loss=2.406057 lr=0.00002411 base_val_bce=0.663427 base_best=Y base_cls_epoch=50 epoch_sec=5.0 task_elapsed_min=0.1 gpu_alloc_gb=0.272 gpu_reserved_gb=1.539
[ssl_epoch=1/50] ssl_loss=2.406057 lr=0.00002411 base_val_bce=0.663427 base_best=Y base_cls_epoch=50 epoch_sec=5.0 elapsed_min=0.1 gpu_alloc_gb=0.272 gpu_reserved_gb=1.539
[repeat=2 fold=2] [epoch=2/50] ssl_loss=1.094134 lr=0.00003821 base_val_bce=0.666029 base_best=N base_cls_epoch=16 epoch_sec=5.0 task_elapsed_min=0.2 gpu_alloc_gb=0.272 gpu_reserved_gb=1.539
[ssl_epoch=2/50] ssl_loss=1.094134 lr=0.00003821 base_val_bce=0.666029 base_best=N base_cls_epoch=16 epoch_sec=5.0 elapsed_min=0.2 gpu_alloc_gb=0.272 gpu_reserved_gb=1.539
[repeat=2 fold=2] [epoch=3/50] ssl_loss=0.343516 lr=0.00005232 base_val_bce=0.667364 base_best=N base_cls_epoch=11 epoch_sec=5.2 task_elapsed_min=0.3 gpu_alloc_gb=0.272 gpu_reserved_gb=1.539
[ssl_epoch=3/50] ssl_loss=0.343516 lr=0.00005232 base_val_bce=0.667364 base_best=N base_cls_epoch=11 epoch_sec=5.2 elapsed_min=0.3 gpu_alloc_gb=0.272 gpu_reserved_gb=1.539
[repeat=2 fold=2] [epoch=4/50] ssl_loss=0.174879 lr=0.00006643 base_val_bce=0.675307 base_best=N base_cls_epoch=10 epoch_sec=5.4 task_elapsed_min=0.3 gpu_alloc_gb=0.272 gpu_reserved_gb=1.539
[ssl_epoch=4/50] ssl_loss=0.174879 lr=0.00006643 base_val_bce=0.675307 base_best=N base_cls_epoch=10 epoch_sec=6.0 elapsed_min=0.3 gpu_alloc_gb=0.272 gpu_reserved_gb=1.539
[repeat=2 fold=2] [epoch=5/50] ssl_loss=0.163254 lr=0.00008053 base_val_bce=0.675767 base_best=N base_cls_epoch=9 epoch_sec=5.3 task_elapsed_min=0.4 gpu_alloc_gb=0.272 gpu_reserved_gb=1.539
[ssl_epoch=5/50] ssl_loss=0.163254 lr=0.00008053 base_val_bce=0.675767 base_best=N base_cls_epoch=9 epoch_sec=5.3 elapsed_min=0.4 gpu_alloc_gb=0.272 gpu_reserved_gb=1.539
[repeat=2 fold=2] [epoch=6/50] ssl_loss=0.134402 lr=0.00009464 base_val_bce=0.676478 base_best=N base_cls_epoch=8 epoch_sec=5.3 task_elapsed_min=0.5 gpu_alloc_gb=0.272 gpu_reserved_gb=1.539
[ssl_epoch=6/50] ssl_loss=0.134402 lr=0.00009464 base_val_bce=0.676478 base_best=N base_cls_epoch=8 epoch_sec=5.3 elapsed_min=0.5 gpu_alloc_gb=0.272 gpu_reserved_gb=1.539
CHECKPOINT_BEST repeat=2 scope=internal_cv fold=2 phase=ssl epoch=7 path=/data/adodas/VarCoNet-V2-main/xiaolunwen/experiment3/checkpoints/worker_r2_best.pt
[repeat=2 fold=2] [epoch=7/50] ssl_loss=0.113106 lr=0.00010875 base_val_bce=0.657254 base_best=Y base_cls_epoch=10 epoch_sec=6.1 task_elapsed_min=0.6 gpu_alloc_gb=0.272 gpu_reserved_gb=1.539
[ssl_epoch=7/50] ssl_loss=0.113106 lr=0.00010875 base_val_bce=0.657254 base_best=Y base_cls_epoch=10 epoch_sec=6.1 elapsed_min=0.6 gpu_alloc_gb=0.272 gpu_reserved_gb=1.539
[repeat=2 fold=2] [epoch=8/50] ssl_loss=0.119281 lr=0.00012285 base_val_bce=0.661513 base_best=N base_cls_epoch=11 epoch_sec=5.7 task_elapsed_min=0.7 gpu_alloc_gb=0.272 gpu_reserved_gb=1.539
[ssl_epoch=8/50] ssl_loss=0.119281 lr=0.00012285 base_val_bce=0.661513 base_best=N base_cls_epoch=11 epoch_sec=5.9 elapsed_min=0.7 gpu_alloc_gb=0.272 gpu_reserved_gb=1.539
CHECKPOINT_BEST repeat=2 scope=internal_cv fold=2 phase=ssl epoch=9 path=/data/adodas/VarCoNet-V2-main/xiaolunwen/experiment3/checkpoints/worker_r2_best.pt
[repeat=2 fold=2] [epoch=9/50] ssl_loss=0.090113 lr=0.00013696 base_val_bce=0.654894 base_best=Y base_cls_epoch=9 epoch_sec=6.0 task_elapsed_min=0.8 gpu_alloc_gb=0.272 gpu_reserved_gb=1.539
[ssl_epoch=9/50] ssl_loss=0.090113 lr=0.00013696 base_val_bce=0.654894 base_best=Y base_cls_epoch=9 epoch_sec=6.0 elapsed_min=0.8 gpu_alloc_gb=0.272 gpu_reserved_gb=1.539
CHECKPOINT_LATEST repeat=2 scope=internal_cv fold=2 phase=ssl epoch=10 path=/data/adodas/VarCoNet-V2-main/xiaolunwen/experiment3/checkpoints/worker_r2_latest.pt
[repeat=2 fold=2] [epoch=10/50] ssl_loss=0.090678 lr=0.00013696 base_val_bce=0.661075 base_best=N base_cls_epoch=8 epoch_sec=5.8 task_elapsed_min=0.9 gpu_alloc_gb=0.272 gpu_reserved_gb=1.539
[ssl_epoch=10/50] ssl_loss=0.090678 lr=0.00013696 base_val_bce=0.661075 base_best=N base_cls_epoch=8 epoch_sec=5.8 elapsed_min=0.9 gpu_alloc_gb=0.272 gpu_reserved_gb=1.539
CHECKPOINT_BEST repeat=2 scope=internal_cv fold=2 phase=ssl epoch=11 path=/data/adodas/VarCoNet-V2-main/xiaolunwen/experiment3/checkpoints/worker_r2_best.pt
[repeat=2 fold=2] [epoch=11/50] ssl_loss=0.087014 lr=0.00013675 base_val_bce=0.653980 base_best=Y base_cls_epoch=7 epoch_sec=5.9 task_elapsed_min=1.0 gpu_alloc_gb=0.272 gpu_reserved_gb=1.539
[ssl_epoch=11/50] ssl_loss=0.087014 lr=0.00013675 base_val_bce=0.653980 base_best=Y base_cls_epoch=7 epoch_sec=5.9 elapsed_min=1.0 gpu_alloc_gb=0.272 gpu_reserved_gb=1.539
[repeat=2 fold=2] [epoch=12/50] ssl_loss=0.097899 lr=0.00013612 base_val_bce=0.661586 base_best=N base_cls_epoch=12 epoch_sec=6.2 task_elapsed_min=1.1 gpu_alloc_gb=0.272 gpu_reserved_gb=1.539
[ssl_epoch=12/50] ssl_loss=0.097899 lr=0.00013612 base_val_bce=0.661586 base_best=N base_cls_epoch=12 epoch_sec=6.2 elapsed_min=1.1 gpu_alloc_gb=0.272 gpu_reserved_gb=1.539
[repeat=2 fold=2] [epoch=13/50] ssl_loss=0.090288 lr=0.00013507 base_val_bce=0.665972 base_best=N base_cls_epoch=11 epoch_sec=5.6 task_elapsed_min=1.2 gpu_alloc_gb=0.272 gpu_reserved_gb=1.539
[ssl_epoch=13/50] ssl_loss=0.090288 lr=0.00013507 base_val_bce=0.665972 base_best=N base_cls_epoch=11 epoch_sec=5.6 elapsed_min=1.2 gpu_alloc_gb=0.272 gpu_reserved_gb=1.539
[repeat=2 fold=2] [epoch=14/50] ssl_loss=0.094127 lr=0.00013361 base_val_bce=0.658311 base_best=N base_cls_epoch=11 epoch_sec=5.1 task_elapsed_min=1.3 gpu_alloc_gb=0.272 gpu_reserved_gb=1.539
[ssl_epoch=14/50] ssl_loss=0.094127 lr=0.00013361 base_val_bce=0.658311 base_best=N base_cls_epoch=11 epoch_sec=5.4 elapsed_min=1.3 gpu_alloc_gb=0.272 gpu_reserved_gb=1.539
CHECKPOINT_BEST repeat=2 scope=internal_cv fold=2 phase=ssl epoch=15 path=/data/adodas/VarCoNet-V2-main/xiaolunwen/experiment3/checkpoints/worker_r2_best.pt
[repeat=2 fold=2] [epoch=15/50] ssl_loss=0.092046 lr=0.00013175 base_val_bce=0.653662 base_best=Y base_cls_epoch=9 epoch_sec=6.3 task_elapsed_min=1.4 gpu_alloc_gb=0.272 gpu_reserved_gb=1.539
[ssl_epoch=15/50] ssl_loss=0.092046 lr=0.00013175 base_val_bce=0.653662 base_best=Y base_cls_epoch=9 epoch_sec=6.3 elapsed_min=1.4 gpu_alloc_gb=0.272 gpu_reserved_gb=1.539
CHECKPOINT_BEST repeat=2 scope=internal_cv fold=2 phase=ssl epoch=16 path=/data/adodas/VarCoNet-V2-main/xiaolunwen/experiment3/checkpoints/worker_r2_best.pt
[repeat=2 fold=2] [epoch=16/50] ssl_loss=0.074442 lr=0.00012950 base_val_bce=0.650477 base_best=Y base_cls_epoch=13 epoch_sec=5.7 task_elapsed_min=1.5 gpu_alloc_gb=0.272 gpu_reserved_gb=1.539
[ssl_epoch=16/50] ssl_loss=0.074442 lr=0.00012950 base_val_bce=0.650477 base_best=Y base_cls_epoch=13 epoch_sec=5.7 elapsed_min=1.5 gpu_alloc_gb=0.272 gpu_reserved_gb=1.539
[repeat=2 fold=2] [epoch=17/50] ssl_loss=0.068122 lr=0.00012687 base_val_bce=0.660328 base_best=N base_cls_epoch=11 epoch_sec=5.5 task_elapsed_min=1.6 gpu_alloc_gb=0.272 gpu_reserved_gb=1.539
[ssl_epoch=17/50] ssl_loss=0.068122 lr=0.00012687 base_val_bce=0.660328 base_best=N base_cls_epoch=11 epoch_sec=5.5 elapsed_min=1.6 gpu_alloc_gb=0.272 gpu_reserved_gb=1.539
[repeat=2 fold=2] [epoch=18/50] ssl_loss=0.091086 lr=0.00012388 base_val_bce=0.666277 base_best=N base_cls_epoch=12 epoch_sec=5.4 task_elapsed_min=1.7 gpu_alloc_gb=0.272 gpu_reserved_gb=1.539
[ssl_epoch=18/50] ssl_loss=0.091086 lr=0.00012388 base_val_bce=0.666277 base_best=N base_cls_epoch=12 epoch_sec=5.4 elapsed_min=1.7 gpu_alloc_gb=0.272 gpu_reserved_gb=1.539
[repeat=2 fold=2] [epoch=19/50] ssl_loss=0.085399 lr=0.00012055 base_val_bce=0.664590 base_best=N base_cls_epoch=25 epoch_sec=5.5 task_elapsed_min=1.8 gpu_alloc_gb=0.272 gpu_reserved_gb=1.539
[ssl_epoch=19/50] ssl_loss=0.085399 lr=0.00012055 base_val_bce=0.664590 base_best=N base_cls_epoch=25 epoch_sec=5.5 elapsed_min=1.8 gpu_alloc_gb=0.272 gpu_reserved_gb=1.539
CHECKPOINT_LATEST repeat=2 scope=internal_cv fold=2 phase=ssl epoch=20 path=/data/adodas/VarCoNet-V2-main/xiaolunwen/experiment3/checkpoints/worker_r2_latest.pt
[repeat=2 fold=2] [epoch=20/50] ssl_loss=0.083057 lr=0.00011690 base_val_bce=0.663238 base_best=N base_cls_epoch=28 epoch_sec=5.7 task_elapsed_min=1.9 gpu_alloc_gb=0.272 gpu_reserved_gb=1.539
[ssl_epoch=20/50] ssl_loss=0.083057 lr=0.00011690 base_val_bce=0.663238 base_best=N base_cls_epoch=28 epoch_sec=5.7 elapsed_min=1.9 gpu_alloc_gb=0.272 gpu_reserved_gb=1.539
[repeat=2 fold=2] [epoch=21/50] ssl_loss=0.088203 lr=0.00011296 base_val_bce=0.659918 base_best=N base_cls_epoch=13 epoch_sec=5.3 task_elapsed_min=2.0 gpu_alloc_gb=0.272 gpu_reserved_gb=1.539
[ssl_epoch=21/50] ssl_loss=0.088203 lr=0.00011296 base_val_bce=0.659918 base_best=N base_cls_epoch=13 epoch_sec=5.4 elapsed_min=2.0 gpu_alloc_gb=0.272 gpu_reserved_gb=1.539
[repeat=2 fold=2] [epoch=22/50] ssl_loss=0.083954 lr=0.00010873 base_val_bce=0.661098 base_best=N base_cls_epoch=29 epoch_sec=5.3 task_elapsed_min=2.1 gpu_alloc_gb=0.272 gpu_reserved_gb=1.539
[ssl_epoch=22/50] ssl_loss=0.083954 lr=0.00010873 base_val_bce=0.661098 base_best=N base_cls_epoch=29 epoch_sec=5.4 elapsed_min=2.1 gpu_alloc_gb=0.272 gpu_reserved_gb=1.539
[repeat=2 fold=2] [epoch=23/50] ssl_loss=0.084692 lr=0.00010426 base_val_bce=0.650681 base_best=N base_cls_epoch=28 epoch_sec=5.4 task_elapsed_min=2.2 gpu_alloc_gb=0.272 gpu_reserved_gb=1.539
[ssl_epoch=23/50] ssl_loss=0.084692 lr=0.00010426 base_val_bce=0.650681 base_best=N base_cls_epoch=28 epoch_sec=5.4 elapsed_min=2.2 gpu_alloc_gb=0.272 gpu_reserved_gb=1.539
[repeat=2 fold=2] [epoch=24/50] ssl_loss=0.074409 lr=0.00009957 base_val_bce=0.659982 base_best=N base_cls_epoch=28 epoch_sec=5.7 task_elapsed_min=2.3 gpu_alloc_gb=0.272 gpu_reserved_gb=1.539
[ssl_epoch=24/50] ssl_loss=0.074409 lr=0.00009957 base_val_bce=0.659982 base_best=N base_cls_epoch=28 epoch_sec=5.7 elapsed_min=2.3 gpu_alloc_gb=0.272 gpu_reserved_gb=1.539
[repeat=2 fold=2] [epoch=25/50] ssl_loss=0.067352 lr=0.00009469 base_val_bce=0.655228 base_best=N base_cls_epoch=33 epoch_sec=5.4 task_elapsed_min=2.3 gpu_alloc_gb=0.272 gpu_reserved_gb=1.539
[ssl_epoch=25/50] ssl_loss=0.067352 lr=0.00009469 base_val_bce=0.655228 base_best=N base_cls_epoch=33 epoch_sec=5.4 elapsed_min=2.3 gpu_alloc_gb=0.272 gpu_reserved_gb=1.539
[repeat=2 fold=2] [epoch=26/50] ssl_loss=0.073252 lr=0.00008964 base_val_bce=0.666209 base_best=N base_cls_epoch=28 epoch_sec=5.4 task_elapsed_min=2.4 gpu_alloc_gb=0.272 gpu_reserved_gb=1.539
[ssl_epoch=26/50] ssl_loss=0.073252 lr=0.00008964 base_val_bce=0.666209 base_best=N base_cls_epoch=28 epoch_sec=5.4 elapsed_min=2.4 gpu_alloc_gb=0.272 gpu_reserved_gb=1.539
CHECKPOINT_BEST repeat=2 scope=internal_cv fold=2 phase=ssl epoch=27 path=/data/adodas/VarCoNet-V2-main/xiaolunwen/experiment3/checkpoints/worker_r2_best.pt
[repeat=2 fold=2] [epoch=27/50] ssl_loss=0.083010 lr=0.00008447 base_val_bce=0.650061 base_best=Y base_cls_epoch=31 epoch_sec=5.8 task_elapsed_min=2.5 gpu_alloc_gb=0.272 gpu_reserved_gb=1.539
[ssl_epoch=27/50] ssl_loss=0.083010 lr=0.00008447 base_val_bce=0.650061 base_best=Y base_cls_epoch=31 epoch_sec=5.8 elapsed_min=2.5 gpu_alloc_gb=0.272 gpu_reserved_gb=1.539
[repeat=2 fold=2] [epoch=28/50] ssl_loss=0.081393 lr=0.00007919 base_val_bce=0.657856 base_best=N base_cls_epoch=32 epoch_sec=5.7 task_elapsed_min=2.6 gpu_alloc_gb=0.272 gpu_reserved_gb=1.539
[ssl_epoch=28/50] ssl_loss=0.081393 lr=0.00007919 base_val_bce=0.657856 base_best=N base_cls_epoch=32 epoch_sec=5.9 elapsed_min=2.6 gpu_alloc_gb=0.272 gpu_reserved_gb=1.539
[repeat=2 fold=2] [epoch=29/50] ssl_loss=0.054939 lr=0.00007385 base_val_bce=0.660002 base_best=N base_cls_epoch=28 epoch_sec=5.6 task_elapsed_min=2.7 gpu_alloc_gb=0.272 gpu_reserved_gb=1.539
[ssl_epoch=29/50] ssl_loss=0.054939 lr=0.00007385 base_val_bce=0.660002 base_best=N base_cls_epoch=28 epoch_sec=5.6 elapsed_min=2.7 gpu_alloc_gb=0.272 gpu_reserved_gb=1.539
CHECKPOINT_LATEST repeat=2 scope=internal_cv fold=2 phase=ssl epoch=30 path=/data/adodas/VarCoNet-V2-main/xiaolunwen/experiment3/checkpoints/worker_r2_latest.pt
[repeat=2 fold=2] [epoch=30/50] ssl_loss=0.069128 lr=0.00006848 base_val_bce=0.652705 base_best=N base_cls_epoch=28 epoch_sec=6.3 task_elapsed_min=2.8 gpu_alloc_gb=0.272 gpu_reserved_gb=1.539
[ssl_epoch=30/50] ssl_loss=0.069128 lr=0.00006848 base_val_bce=0.652705 base_best=N base_cls_epoch=28 epoch_sec=6.3 elapsed_min=2.8 gpu_alloc_gb=0.272 gpu_reserved_gb=1.539
CHECKPOINT_BEST repeat=2 scope=internal_cv fold=2 phase=ssl epoch=31 path=/data/adodas/VarCoNet-V2-main/xiaolunwen/experiment3/checkpoints/worker_r2_best.pt
[repeat=2 fold=2] [epoch=31/50] ssl_loss=0.077978 lr=0.00006311 base_val_bce=0.647688 base_best=Y base_cls_epoch=35 epoch_sec=5.2 task_elapsed_min=2.9 gpu_alloc_gb=0.272 gpu_reserved_gb=1.539
[ssl_epoch=31/50] ssl_loss=0.077978 lr=0.00006311 base_val_bce=0.647688 base_best=Y base_cls_epoch=35 epoch_sec=5.2 elapsed_min=2.9 gpu_alloc_gb=0.272 gpu_reserved_gb=1.539
[repeat=2 fold=2] [epoch=32/50] ssl_loss=0.066091 lr=0.00005777 base_val_bce=0.653244 base_best=N base_cls_epoch=30 epoch_sec=5.7 task_elapsed_min=3.0 gpu_alloc_gb=0.272 gpu_reserved_gb=1.539
[ssl_epoch=32/50] ssl_loss=0.066091 lr=0.00005777 base_val_bce=0.653244 base_best=N base_cls_epoch=30 epoch_sec=5.7 elapsed_min=3.0 gpu_alloc_gb=0.272 gpu_reserved_gb=1.539
CHECKPOINT_BEST repeat=2 scope=internal_cv fold=2 phase=ssl epoch=33 path=/data/adodas/VarCoNet-V2-main/xiaolunwen/experiment3/checkpoints/worker_r2_best.pt
[repeat=2 fold=2] [epoch=33/50] ssl_loss=0.068511 lr=0.00005249 base_val_bce=0.647013 base_best=Y base_cls_epoch=30 epoch_sec=6.1 task_elapsed_min=3.1 gpu_alloc_gb=0.272 gpu_reserved_gb=1.539
[ssl_epoch=33/50] ssl_loss=0.068511 lr=0.00005249 base_val_bce=0.647013 base_best=Y base_cls_epoch=30 epoch_sec=6.1 elapsed_min=3.1 gpu_alloc_gb=0.272 gpu_reserved_gb=1.539
[repeat=2 fold=2] [epoch=34/50] ssl_loss=0.062477 lr=0.00004732 base_val_bce=0.655013 base_best=N base_cls_epoch=34 epoch_sec=5.6 task_elapsed_min=3.2 gpu_alloc_gb=0.272 gpu_reserved_gb=1.539
[ssl_epoch=34/50] ssl_loss=0.062477 lr=0.00004732 base_val_bce=0.655013 base_best=N base_cls_epoch=34 epoch_sec=5.6 elapsed_min=3.2 gpu_alloc_gb=0.272 gpu_reserved_gb=1.539
[repeat=2 fold=2] [epoch=35/50] ssl_loss=0.059669 lr=0.00004227 base_val_bce=0.659296 base_best=N base_cls_epoch=33 epoch_sec=5.7 task_elapsed_min=3.3 gpu_alloc_gb=0.272 gpu_reserved_gb=1.539
[ssl_epoch=35/50] ssl_loss=0.059669 lr=0.00004227 base_val_bce=0.659296 base_best=N base_cls_epoch=33 epoch_sec=5.9 elapsed_min=3.3 gpu_alloc_gb=0.272 gpu_reserved_gb=1.539
CHECKPOINT_BEST repeat=2 scope=internal_cv fold=2 phase=ssl epoch=36 path=/data/adodas/VarCoNet-V2-main/xiaolunwen/experiment3/checkpoints/worker_r2_best.pt
[repeat=2 fold=2] [epoch=36/50] ssl_loss=0.050874 lr=0.00003739 base_val_bce=0.641649 base_best=Y base_cls_epoch=33 epoch_sec=5.8 task_elapsed_min=3.4 gpu_alloc_gb=0.272 gpu_reserved_gb=1.539
[ssl_epoch=36/50] ssl_loss=0.050874 lr=0.00003739 base_val_bce=0.641649 base_best=Y base_cls_epoch=33 epoch_sec=5.8 elapsed_min=3.4 gpu_alloc_gb=0.272 gpu_reserved_gb=1.539
[repeat=2 fold=2] [epoch=37/50] ssl_loss=0.061988 lr=0.00003270 base_val_bce=0.652216 base_best=N base_cls_epoch=35 epoch_sec=5.5 task_elapsed_min=3.5 gpu_alloc_gb=0.272 gpu_reserved_gb=1.539
[ssl_epoch=37/50] ssl_loss=0.061988 lr=0.00003270 base_val_bce=0.652216 base_best=N base_cls_epoch=35 epoch_sec=5.5 elapsed_min=3.5 gpu_alloc_gb=0.272 gpu_reserved_gb=1.539
[repeat=2 fold=2] [epoch=38/50] ssl_loss=0.053763 lr=0.00002823 base_val_bce=0.674463 base_best=N base_cls_epoch=37 epoch_sec=5.5 task_elapsed_min=3.6 gpu_alloc_gb=0.272 gpu_reserved_gb=1.539
[ssl_epoch=38/50] ssl_loss=0.053763 lr=0.00002823 base_val_bce=0.674463 base_best=N base_cls_epoch=37 epoch_sec=5.6 elapsed_min=3.6 gpu_alloc_gb=0.272 gpu_reserved_gb=1.539
[repeat=2 fold=2] [epoch=39/50] ssl_loss=0.069641 lr=0.00002401 base_val_bce=0.657299 base_best=N base_cls_epoch=31 epoch_sec=5.1 task_elapsed_min=3.7 gpu_alloc_gb=0.272 gpu_reserved_gb=1.539
[ssl_epoch=39/50] ssl_loss=0.069641 lr=0.00002401 base_val_bce=0.657299 base_best=N base_cls_epoch=31 epoch_sec=5.2 elapsed_min=3.7 gpu_alloc_gb=0.272 gpu_reserved_gb=1.539
CHECKPOINT_LATEST repeat=2 scope=internal_cv fold=2 phase=ssl epoch=40 path=/data/adodas/VarCoNet-V2-main/xiaolunwen/experiment3/checkpoints/worker_r2_latest.pt
[repeat=2 fold=2] [epoch=40/50] ssl_loss=0.065859 lr=0.00002006 base_val_bce=0.654376 base_best=N base_cls_epoch=29 epoch_sec=11.5 task_elapsed_min=3.8 gpu_alloc_gb=0.272 gpu_reserved_gb=1.539
[ssl_epoch=40/50] ssl_loss=0.065859 lr=0.00002006 base_val_bce=0.654376 base_best=N base_cls_epoch=29 epoch_sec=11.5 elapsed_min=3.8 gpu_alloc_gb=0.272 gpu_reserved_gb=1.539
[repeat=2 fold=2] [epoch=41/50] ssl_loss=0.051576 lr=0.00001641 base_val_bce=0.662510 base_best=N base_cls_epoch=31 epoch_sec=4.2 task_elapsed_min=3.9 gpu_alloc_gb=0.272 gpu_reserved_gb=1.539
[ssl_epoch=41/50] ssl_loss=0.051576 lr=0.00001641 base_val_bce=0.662510 base_best=N base_cls_epoch=31 epoch_sec=4.5 elapsed_min=3.9 gpu_alloc_gb=0.272 gpu_reserved_gb=1.539
[repeat=2 fold=2] [epoch=42/50] ssl_loss=0.075732 lr=0.00001308 base_val_bce=0.660901 base_best=N base_cls_epoch=35 epoch_sec=5.8 task_elapsed_min=4.0 gpu_alloc_gb=0.272 gpu_reserved_gb=1.539
[ssl_epoch=42/50] ssl_loss=0.075732 lr=0.00001308 base_val_bce=0.660901 base_best=N base_cls_epoch=35 epoch_sec=5.9 elapsed_min=4.0 gpu_alloc_gb=0.272 gpu_reserved_gb=1.539
[repeat=2 fold=2] [epoch=43/50] ssl_loss=0.057381 lr=0.00001009 base_val_bce=0.655547 base_best=N base_cls_epoch=35 epoch_sec=5.4 task_elapsed_min=4.1 gpu_alloc_gb=0.272 gpu_reserved_gb=1.539
[ssl_epoch=43/50] ssl_loss=0.057381 lr=0.00001009 base_val_bce=0.655547 base_best=N base_cls_epoch=35 epoch_sec=5.5 elapsed_min=4.1 gpu_alloc_gb=0.272 gpu_reserved_gb=1.539
[repeat=2 fold=2] [epoch=44/50] ssl_loss=0.074483 lr=0.00000746 base_val_bce=0.668438 base_best=N base_cls_epoch=31 epoch_sec=5.3 task_elapsed_min=4.2 gpu_alloc_gb=0.272 gpu_reserved_gb=1.539
[ssl_epoch=44/50] ssl_loss=0.074483 lr=0.00000746 base_val_bce=0.668438 base_best=N base_cls_epoch=31 epoch_sec=5.3 elapsed_min=4.2 gpu_alloc_gb=0.272 gpu_reserved_gb=1.539
[repeat=2 fold=2] [epoch=45/50] ssl_loss=0.070979 lr=0.00000521 base_val_bce=0.667501 base_best=N base_cls_epoch=37 epoch_sec=4.9 task_elapsed_min=4.3 gpu_alloc_gb=0.272 gpu_reserved_gb=1.539
[ssl_epoch=45/50] ssl_loss=0.070979 lr=0.00000521 base_val_bce=0.667501 base_best=N base_cls_epoch=37 epoch_sec=5.0 elapsed_min=4.3 gpu_alloc_gb=0.272 gpu_reserved_gb=1.539
[repeat=2 fold=2] [epoch=46/50] ssl_loss=0.065756 lr=0.00000335 base_val_bce=0.657146 base_best=N base_cls_epoch=34 epoch_sec=5.0 task_elapsed_min=4.4 gpu_alloc_gb=0.272 gpu_reserved_gb=1.539
[ssl_epoch=46/50] ssl_loss=0.065756 lr=0.00000335 base_val_bce=0.657146 base_best=N base_cls_epoch=34 epoch_sec=5.1 elapsed_min=4.4 gpu_alloc_gb=0.272 gpu_reserved_gb=1.539
[repeat=2 fold=2] [epoch=47/50] ssl_loss=0.080003 lr=0.00000189 base_val_bce=0.675972 base_best=N base_cls_epoch=41 epoch_sec=4.7 task_elapsed_min=4.5 gpu_alloc_gb=0.272 gpu_reserved_gb=1.539
[ssl_epoch=47/50] ssl_loss=0.080003 lr=0.00000189 base_val_bce=0.675972 base_best=N base_cls_epoch=41 epoch_sec=4.8 elapsed_min=4.5 gpu_alloc_gb=0.272 gpu_reserved_gb=1.539
[repeat=2 fold=2] [epoch=48/50] ssl_loss=0.061179 lr=0.00000084 base_val_bce=0.661617 base_best=N base_cls_epoch=39 epoch_sec=4.8 task_elapsed_min=4.6 gpu_alloc_gb=0.272 gpu_reserved_gb=1.539
[ssl_epoch=48/50] ssl_loss=0.061179 lr=0.00000084 base_val_bce=0.661617 base_best=N base_cls_epoch=39 epoch_sec=4.9 elapsed_min=4.6 gpu_alloc_gb=0.272 gpu_reserved_gb=1.539
[repeat=2 fold=2] [epoch=49/50] ssl_loss=0.071106 lr=0.00000021 base_val_bce=0.662291 base_best=N base_cls_epoch=36 epoch_sec=4.7 task_elapsed_min=4.6 gpu_alloc_gb=0.272 gpu_reserved_gb=1.539
[ssl_epoch=49/50] ssl_loss=0.071106 lr=0.00000021 base_val_bce=0.662291 base_best=N base_cls_epoch=36 epoch_sec=4.8 elapsed_min=4.6 gpu_alloc_gb=0.272 gpu_reserved_gb=1.539
CHECKPOINT_LATEST repeat=2 scope=internal_cv fold=2 phase=ssl epoch=50 path=/data/adodas/VarCoNet-V2-main/xiaolunwen/experiment3/checkpoints/worker_r2_latest.pt
[repeat=2 fold=2] [epoch=50/50] ssl_loss=0.075590 lr=0.00000000 base_val_bce=0.654927 base_best=N base_cls_epoch=36 epoch_sec=5.6 task_elapsed_min=4.7 gpu_alloc_gb=0.272 gpu_reserved_gb=1.539
[ssl_epoch=50/50] ssl_loss=0.075590 lr=0.00000000 base_val_bce=0.654927 base_best=N base_cls_epoch=36 epoch_sec=5.6 elapsed_min=4.7 gpu_alloc_gb=0.272 gpu_reserved_gb=1.539
[MODULE_DISCOVERY] repeat=2 fold=2 n_unique_subjects=674 n_modules=32 module_size_min=5 module_size_mean=12.000 module_size_max=25 singleton_modules=0 meta_dim=528 empty_meta_bins=0 affinity_mean=0.18783387 affinity_std=0.04610737 affinity_max=0.93587434 elapsed_sec=0.07
[HIGH_ORDER_RESIDUAL] repeat=2 fold=2 epoch=0 train_bce=NA val_bce=0.641649 best=Y best_epoch=0 head_l2=0.000000 elapsed_sec=284.91
CHECKPOINT_BEST repeat=2 scope=internal_cv fold=2 phase=high_order_residual epoch=0 path=/data/adodas/VarCoNet-V2-main/xiaolunwen/experiment3/checkpoints/worker_r2_best.pt
CHECKPOINT_LATEST repeat=2 scope=internal_cv fold=2 phase=high_order_residual epoch=10 path=/data/adodas/VarCoNet-V2-main/xiaolunwen/experiment3/checkpoints/worker_r2_latest.pt
[HIGH_ORDER_RESIDUAL] repeat=2 fold=2 epoch=10/149 train_bce=0.232619 val_bce=0.642685 best=N best_epoch=0 head_l2=0.011359 elapsed_sec=1.41
CHECKPOINT_LATEST repeat=2 scope=internal_cv fold=2 phase=high_order_residual epoch=20 path=/data/adodas/VarCoNet-V2-main/xiaolunwen/experiment3/checkpoints/worker_r2_latest.pt
[HIGH_ORDER_RESIDUAL] repeat=2 fold=2 epoch=20/149 train_bce=0.231421 val_bce=0.643694 best=N best_epoch=0 head_l2=0.022512 elapsed_sec=0.64
CHECKPOINT_LATEST repeat=2 scope=internal_cv fold=2 phase=high_order_residual epoch=30 path=/data/adodas/VarCoNet-V2-main/xiaolunwen/experiment3/checkpoints/worker_r2_latest.pt
[HIGH_ORDER_RESIDUAL] repeat=2 fold=2 epoch=30/149 train_bce=0.230267 val_bce=0.644656 best=N best_epoch=0 head_l2=0.033370 elapsed_sec=1.32
CHECKPOINT_LATEST repeat=2 scope=internal_cv fold=2 phase=high_order_residual epoch=40 path=/data/adodas/VarCoNet-V2-main/xiaolunwen/experiment3/checkpoints/worker_r2_latest.pt
[HIGH_ORDER_RESIDUAL] repeat=2 fold=2 epoch=40/149 train_bce=0.229152 val_bce=0.645551 best=N best_epoch=0 head_l2=0.043994 elapsed_sec=0.59
CHECKPOINT_LATEST repeat=2 scope=internal_cv fold=2 phase=high_order_residual epoch=50 path=/data/adodas/VarCoNet-V2-main/xiaolunwen/experiment3/checkpoints/worker_r2_latest.pt
[HIGH_ORDER_RESIDUAL] repeat=2 fold=2 epoch=50/149 train_bce=0.228073 val_bce=0.646390 best=N best_epoch=0 head_l2=0.054435 elapsed_sec=0.67
CHECKPOINT_LATEST repeat=2 scope=internal_cv fold=2 phase=high_order_residual epoch=60 path=/data/adodas/VarCoNet-V2-main/xiaolunwen/experiment3/checkpoints/worker_r2_latest.pt
[HIGH_ORDER_RESIDUAL] repeat=2 fold=2 epoch=60/149 train_bce=0.227027 val_bce=0.647165 best=N best_epoch=0 head_l2=0.064726 elapsed_sec=1.62
CHECKPOINT_LATEST repeat=2 scope=internal_cv fold=2 phase=high_order_residual epoch=70 path=/data/adodas/VarCoNet-V2-main/xiaolunwen/experiment3/checkpoints/worker_r2_latest.pt
[HIGH_ORDER_RESIDUAL] repeat=2 fold=2 epoch=70/149 train_bce=0.226010 val_bce=0.647875 best=N best_epoch=0 head_l2=0.074885 elapsed_sec=0.86
CHECKPOINT_LATEST repeat=2 scope=internal_cv fold=2 phase=high_order_residual epoch=80 path=/data/adodas/VarCoNet-V2-main/xiaolunwen/experiment3/checkpoints/worker_r2_latest.pt
[HIGH_ORDER_RESIDUAL] repeat=2 fold=2 epoch=80/149 train_bce=0.225020 val_bce=0.648524 best=N best_epoch=0 head_l2=0.084923 elapsed_sec=0.69
CHECKPOINT_LATEST repeat=2 scope=internal_cv fold=2 phase=high_order_residual epoch=90 path=/data/adodas/VarCoNet-V2-main/xiaolunwen/experiment3/checkpoints/worker_r2_latest.pt
[HIGH_ORDER_RESIDUAL] repeat=2 fold=2 epoch=90/149 train_bce=0.224055 val_bce=0.649120 best=N best_epoch=0 head_l2=0.094849 elapsed_sec=0.69
CHECKPOINT_LATEST repeat=2 scope=internal_cv fold=2 phase=high_order_residual epoch=100 path=/data/adodas/VarCoNet-V2-main/xiaolunwen/experiment3/checkpoints/worker_r2_latest.pt
[HIGH_ORDER_RESIDUAL] repeat=2 fold=2 epoch=100/149 train_bce=0.223113 val_bce=0.649671 best=N best_epoch=0 head_l2=0.104669 elapsed_sec=0.53
CHECKPOINT_LATEST repeat=2 scope=internal_cv fold=2 phase=high_order_residual epoch=110 path=/data/adodas/VarCoNet-V2-main/xiaolunwen/experiment3/checkpoints/worker_r2_latest.pt
[HIGH_ORDER_RESIDUAL] repeat=2 fold=2 epoch=110/149 train_bce=0.222192 val_bce=0.650187 best=N best_epoch=0 head_l2=0.114387 elapsed_sec=0.62
CHECKPOINT_LATEST repeat=2 scope=internal_cv fold=2 phase=high_order_residual epoch=120 path=/data/adodas/VarCoNet-V2-main/xiaolunwen/experiment3/checkpoints/worker_r2_latest.pt
[HIGH_ORDER_RESIDUAL] repeat=2 fold=2 epoch=120/149 train_bce=0.221292 val_bce=0.650673 best=N best_epoch=0 head_l2=0.124009 elapsed_sec=2.78
CHECKPOINT_LATEST repeat=2 scope=internal_cv fold=2 phase=high_order_residual epoch=130 path=/data/adodas/VarCoNet-V2-main/xiaolunwen/experiment3/checkpoints/worker_r2_latest.pt
[HIGH_ORDER_RESIDUAL] repeat=2 fold=2 epoch=130/149 train_bce=0.220410 val_bce=0.651136 best=N best_epoch=0 head_l2=0.133538 elapsed_sec=1.58
CHECKPOINT_LATEST repeat=2 scope=internal_cv fold=2 phase=high_order_residual epoch=140 path=/data/adodas/VarCoNet-V2-main/xiaolunwen/experiment3/checkpoints/worker_r2_latest.pt
[HIGH_ORDER_RESIDUAL] repeat=2 fold=2 epoch=140/149 train_bce=0.219547 val_bce=0.651581 best=N best_epoch=0 head_l2=0.142977 elapsed_sec=0.91
RESIDUAL_DONE repeat=2 scope=internal_cv fold=2 selected_encoder_epoch=36 selected_classifier_epoch=33 selected_residual_epoch=0 val_bce=0.641649
TASK_TRAINING_DONE repeat=2 scope=internal_cv fold=2 base_epoch=36 dyn_epoch=36 base_val_bce=0.641649 high_order_val_bce=0.641649
TASK_DONE repeat=2 scope=internal_fold fold=2 method=baseline selected_encoder_epoch=36 test_auc=0.697205 test_bce=0.652150 elapsed_min=5.1
TASK_DONE repeat=2 scope=internal_fold fold=2 method=consensus_highorder_residual selected_encoder_epoch=36 test_auc=0.697205 test_bce=0.652150 elapsed_min=5.1
TASK_START repeat=2 scope=internal_cv fold=3 seed=100203 device=cuda:0 shared_encoder=Y
CHECKPOINT_BEST repeat=2 scope=internal_cv fold=3 phase=ssl epoch=1 path=/data/adodas/VarCoNet-V2-main/xiaolunwen/experiment3/checkpoints/worker_r2_best.pt
[repeat=2 fold=3] [epoch=1/50] ssl_loss=0.113733 lr=0.00002411 base_val_bce=0.653940 base_best=Y base_cls_epoch=13 epoch_sec=7.7 task_elapsed_min=0.1 gpu_alloc_gb=0.272 gpu_reserved_gb=1.539
[ssl_epoch=1/50] ssl_loss=0.113733 lr=0.00002411 base_val_bce=0.653940 base_best=Y base_cls_epoch=13 epoch_sec=7.7 elapsed_min=0.1 gpu_alloc_gb=0.272 gpu_reserved_gb=1.539
CHECKPOINT_BEST repeat=2 scope=internal_cv fold=3 phase=ssl epoch=2 path=/data/adodas/VarCoNet-V2-main/xiaolunwen/experiment3/checkpoints/worker_r2_best.pt
[repeat=2 fold=3] [epoch=2/50] ssl_loss=0.098616 lr=0.00003821 base_val_bce=0.648199 base_best=Y base_cls_epoch=13 epoch_sec=7.3 task_elapsed_min=0.2 gpu_alloc_gb=0.272 gpu_reserved_gb=1.539
[ssl_epoch=2/50] ssl_loss=0.098616 lr=0.00003821 base_val_bce=0.648199 base_best=Y base_cls_epoch=13 epoch_sec=7.3 elapsed_min=0.2 gpu_alloc_gb=0.272 gpu_reserved_gb=1.539
[repeat=2 fold=3] [epoch=3/50] ssl_loss=0.084675 lr=0.00005232 base_val_bce=0.653331 base_best=N base_cls_epoch=15 epoch_sec=4.4 task_elapsed_min=0.3 gpu_alloc_gb=0.272 gpu_reserved_gb=1.539
[ssl_epoch=3/50] ssl_loss=0.084675 lr=0.00005232 base_val_bce=0.653331 base_best=N base_cls_epoch=15 epoch_sec=4.8 elapsed_min=0.3 gpu_alloc_gb=0.272 gpu_reserved_gb=1.539
CHECKPOINT_BEST repeat=2 scope=internal_cv fold=3 phase=ssl epoch=4 path=/data/adodas/VarCoNet-V2-main/xiaolunwen/experiment3/checkpoints/worker_r2_best.pt
[repeat=2 fold=3] [epoch=4/50] ssl_loss=0.091733 lr=0.00006643 base_val_bce=0.640094 base_best=Y base_cls_epoch=15 epoch_sec=5.6 task_elapsed_min=0.4 gpu_alloc_gb=0.272 gpu_reserved_gb=1.539
[ssl_epoch=4/50] ssl_loss=0.091733 lr=0.00006643 base_val_bce=0.640094 base_best=Y base_cls_epoch=15 epoch_sec=5.6 elapsed_min=0.4 gpu_alloc_gb=0.272 gpu_reserved_gb=1.539
CHECKPOINT_BEST repeat=2 scope=internal_cv fold=3 phase=ssl epoch=5 path=/data/adodas/VarCoNet-V2-main/xiaolunwen/experiment3/checkpoints/worker_r2_best.pt
[repeat=2 fold=3] [epoch=5/50] ssl_loss=0.071375 lr=0.00008053 base_val_bce=0.630835 base_best=Y base_cls_epoch=14 epoch_sec=5.5 task_elapsed_min=0.5 gpu_alloc_gb=0.272 gpu_reserved_gb=1.539
[ssl_epoch=5/50] ssl_loss=0.071375 lr=0.00008053 base_val_bce=0.630835 base_best=Y base_cls_epoch=14 epoch_sec=5.5 elapsed_min=0.5 gpu_alloc_gb=0.272 gpu_reserved_gb=1.539
[repeat=2 fold=3] [epoch=6/50] ssl_loss=0.064134 lr=0.00009464 base_val_bce=0.644657 base_best=N base_cls_epoch=16 epoch_sec=5.4 task_elapsed_min=0.6 gpu_alloc_gb=0.272 gpu_reserved_gb=1.539
[ssl_epoch=6/50] ssl_loss=0.064134 lr=0.00009464 base_val_bce=0.644657 base_best=N base_cls_epoch=16 epoch_sec=5.4 elapsed_min=0.6 gpu_alloc_gb=0.272 gpu_reserved_gb=1.539
[repeat=2 fold=3] [epoch=7/50] ssl_loss=0.059809 lr=0.00010875 base_val_bce=0.640932 base_best=N base_cls_epoch=14 epoch_sec=5.2 task_elapsed_min=0.7 gpu_alloc_gb=0.272 gpu_reserved_gb=1.539
[ssl_epoch=7/50] ssl_loss=0.059809 lr=0.00010875 base_val_bce=0.640932 base_best=N base_cls_epoch=14 epoch_sec=5.3 elapsed_min=0.7 gpu_alloc_gb=0.272 gpu_reserved_gb=1.539
[repeat=2 fold=3] [epoch=8/50] ssl_loss=0.072600 lr=0.00012285 base_val_bce=0.649679 base_best=N base_cls_epoch=20 epoch_sec=5.3 task_elapsed_min=0.8 gpu_alloc_gb=0.272 gpu_reserved_gb=1.539
[ssl_epoch=8/50] ssl_loss=0.072600 lr=0.00012285 base_val_bce=0.649679 base_best=N base_cls_epoch=20 epoch_sec=5.4 elapsed_min=0.8 gpu_alloc_gb=0.272 gpu_reserved_gb=1.539
[repeat=2 fold=3] [epoch=9/50] ssl_loss=0.063231 lr=0.00013696 base_val_bce=0.634303 base_best=N base_cls_epoch=18 epoch_sec=5.4 task_elapsed_min=0.9 gpu_alloc_gb=0.272 gpu_reserved_gb=1.539
[ssl_epoch=9/50] ssl_loss=0.063231 lr=0.00013696 base_val_bce=0.634303 base_best=N base_cls_epoch=18 epoch_sec=5.4 elapsed_min=0.9 gpu_alloc_gb=0.272 gpu_reserved_gb=1.539
CHECKPOINT_LATEST repeat=2 scope=internal_cv fold=3 phase=ssl epoch=10 path=/data/adodas/VarCoNet-V2-main/xiaolunwen/experiment3/checkpoints/worker_r2_latest.pt
[repeat=2 fold=3] [epoch=10/50] ssl_loss=0.053388 lr=0.00013696 base_val_bce=0.635924 base_best=N base_cls_epoch=19 epoch_sec=6.1 task_elapsed_min=1.0 gpu_alloc_gb=0.272 gpu_reserved_gb=1.539
[ssl_epoch=10/50] ssl_loss=0.053388 lr=0.00013696 base_val_bce=0.635924 base_best=N base_cls_epoch=19 epoch_sec=6.1 elapsed_min=1.0 gpu_alloc_gb=0.272 gpu_reserved_gb=1.539
[repeat=2 fold=3] [epoch=11/50] ssl_loss=0.062173 lr=0.00013675 base_val_bce=0.639597 base_best=N base_cls_epoch=22 epoch_sec=5.6 task_elapsed_min=1.1 gpu_alloc_gb=0.272 gpu_reserved_gb=1.539
[ssl_epoch=11/50] ssl_loss=0.062173 lr=0.00013675 base_val_bce=0.639597 base_best=N base_cls_epoch=22 epoch_sec=5.7 elapsed_min=1.1 gpu_alloc_gb=0.272 gpu_reserved_gb=1.539
[repeat=2 fold=3] [epoch=12/50] ssl_loss=0.055018 lr=0.00013612 base_val_bce=0.631618 base_best=N base_cls_epoch=21 epoch_sec=5.7 task_elapsed_min=1.2 gpu_alloc_gb=0.272 gpu_reserved_gb=1.539
[ssl_epoch=12/50] ssl_loss=0.055018 lr=0.00013612 base_val_bce=0.631618 base_best=N base_cls_epoch=21 epoch_sec=5.7 elapsed_min=1.2 gpu_alloc_gb=0.272 gpu_reserved_gb=1.539
[repeat=2 fold=3] [epoch=13/50] ssl_loss=0.050131 lr=0.00013507 base_val_bce=0.643147 base_best=N base_cls_epoch=19 epoch_sec=5.5 task_elapsed_min=1.3 gpu_alloc_gb=0.272 gpu_reserved_gb=1.539
[ssl_epoch=13/50] ssl_loss=0.050131 lr=0.00013507 base_val_bce=0.643147 base_best=N base_cls_epoch=19 epoch_sec=5.5 elapsed_min=1.3 gpu_alloc_gb=0.272 gpu_reserved_gb=1.539
CHECKPOINT_BEST repeat=2 scope=internal_cv fold=3 phase=ssl epoch=14 path=/data/adodas/VarCoNet-V2-main/xiaolunwen/experiment3/checkpoints/worker_r2_best.pt
[repeat=2 fold=3] [epoch=14/50] ssl_loss=0.056289 lr=0.00013361 base_val_bce=0.628346 base_best=Y base_cls_epoch=27 epoch_sec=7.1 task_elapsed_min=1.4 gpu_alloc_gb=0.272 gpu_reserved_gb=1.539
[ssl_epoch=14/50] ssl_loss=0.056289 lr=0.00013361 base_val_bce=0.628346 base_best=Y base_cls_epoch=27 epoch_sec=7.1 elapsed_min=1.4 gpu_alloc_gb=0.272 gpu_reserved_gb=1.539
[repeat=2 fold=3] [epoch=15/50] ssl_loss=0.047248 lr=0.00013175 base_val_bce=0.640696 base_best=N base_cls_epoch=24 epoch_sec=5.5 task_elapsed_min=1.5 gpu_alloc_gb=0.272 gpu_reserved_gb=1.539
[ssl_epoch=15/50] ssl_loss=0.047248 lr=0.00013175 base_val_bce=0.640696 base_best=N base_cls_epoch=24 epoch_sec=5.7 elapsed_min=1.5 gpu_alloc_gb=0.272 gpu_reserved_gb=1.539
[repeat=2 fold=3] [epoch=16/50] ssl_loss=0.040574 lr=0.00012950 base_val_bce=0.628958 base_best=N base_cls_epoch=24 epoch_sec=5.0 task_elapsed_min=1.6 gpu_alloc_gb=0.272 gpu_reserved_gb=1.539
[ssl_epoch=16/50] ssl_loss=0.040574 lr=0.00012950 base_val_bce=0.628958 base_best=N base_cls_epoch=24 epoch_sec=5.1 elapsed_min=1.6 gpu_alloc_gb=0.272 gpu_reserved_gb=1.539
[repeat=2 fold=3] [epoch=17/50] ssl_loss=0.044046 lr=0.00012687 base_val_bce=0.639890 base_best=N base_cls_epoch=24 epoch_sec=5.0 task_elapsed_min=1.7 gpu_alloc_gb=0.272 gpu_reserved_gb=1.539
[ssl_epoch=17/50] ssl_loss=0.044046 lr=0.00012687 base_val_bce=0.639890 base_best=N base_cls_epoch=24 epoch_sec=5.0 elapsed_min=1.7 gpu_alloc_gb=0.272 gpu_reserved_gb=1.539
[repeat=2 fold=3] [epoch=18/50] ssl_loss=0.046700 lr=0.00012388 base_val_bce=0.636180 base_best=N base_cls_epoch=21 epoch_sec=5.9 task_elapsed_min=1.8 gpu_alloc_gb=0.272 gpu_reserved_gb=1.539
[ssl_epoch=18/50] ssl_loss=0.046700 lr=0.00012388 base_val_bce=0.636180 base_best=N base_cls_epoch=21 epoch_sec=6.0 elapsed_min=1.8 gpu_alloc_gb=0.272 gpu_reserved_gb=1.539
[repeat=2 fold=3] [epoch=19/50] ssl_loss=0.039314 lr=0.00012055 base_val_bce=0.636373 base_best=N base_cls_epoch=22 epoch_sec=5.6 task_elapsed_min=1.8 gpu_alloc_gb=0.272 gpu_reserved_gb=1.539
[ssl_epoch=19/50] ssl_loss=0.039314 lr=0.00012055 base_val_bce=0.636373 base_best=N base_cls_epoch=22 epoch_sec=5.6 elapsed_min=1.8 gpu_alloc_gb=0.272 gpu_reserved_gb=1.539
CHECKPOINT_BEST repeat=2 scope=internal_cv fold=3 phase=ssl epoch=20 path=/data/adodas/VarCoNet-V2-main/xiaolunwen/experiment3/checkpoints/worker_r2_best.pt
CHECKPOINT_LATEST repeat=2 scope=internal_cv fold=3 phase=ssl epoch=20 path=/data/adodas/VarCoNet-V2-main/xiaolunwen/experiment3/checkpoints/worker_r2_latest.pt
[repeat=2 fold=3] [epoch=20/50] ssl_loss=0.043091 lr=0.00011690 base_val_bce=0.627909 base_best=Y base_cls_epoch=26 epoch_sec=7.1 task_elapsed_min=2.0 gpu_alloc_gb=0.272 gpu_reserved_gb=1.539
[ssl_epoch=20/50] ssl_loss=0.043091 lr=0.00011690 base_val_bce=0.627909 base_best=Y base_cls_epoch=26 epoch_sec=7.1 elapsed_min=2.0 gpu_alloc_gb=0.272 gpu_reserved_gb=1.539
[repeat=2 fold=3] [epoch=21/50] ssl_loss=0.041867 lr=0.00011296 base_val_bce=0.628676 base_best=N base_cls_epoch=23 epoch_sec=5.6 task_elapsed_min=2.1 gpu_alloc_gb=0.272 gpu_reserved_gb=1.539
[ssl_epoch=21/50] ssl_loss=0.041867 lr=0.00011296 base_val_bce=0.628676 base_best=N base_cls_epoch=23 epoch_sec=5.6 elapsed_min=2.1 gpu_alloc_gb=0.272 gpu_reserved_gb=1.539
[repeat=2 fold=3] [epoch=22/50] ssl_loss=0.051268 lr=0.00010873 base_val_bce=0.635324 base_best=N base_cls_epoch=24 epoch_sec=4.9 task_elapsed_min=2.1 gpu_alloc_gb=0.272 gpu_reserved_gb=1.539
[ssl_epoch=22/50] ssl_loss=0.051268 lr=0.00010873 base_val_bce=0.635324 base_best=N base_cls_epoch=24 epoch_sec=4.9 elapsed_min=2.1 gpu_alloc_gb=0.272 gpu_reserved_gb=1.539
[repeat=2 fold=3] [epoch=23/50] ssl_loss=0.052110 lr=0.00010426 base_val_bce=0.634318 base_best=N base_cls_epoch=21 epoch_sec=5.5 task_elapsed_min=2.2 gpu_alloc_gb=0.272 gpu_reserved_gb=1.539
[ssl_epoch=23/50] ssl_loss=0.052110 lr=0.00010426 base_val_bce=0.634318 base_best=N base_cls_epoch=21 epoch_sec=5.5 elapsed_min=2.2 gpu_alloc_gb=0.272 gpu_reserved_gb=1.539
CHECKPOINT_BEST repeat=2 scope=internal_cv fold=3 phase=ssl epoch=24 path=/data/adodas/VarCoNet-V2-main/xiaolunwen/experiment3/checkpoints/worker_r2_best.pt
[repeat=2 fold=3] [epoch=24/50] ssl_loss=0.041391 lr=0.00009957 base_val_bce=0.626181 base_best=Y base_cls_epoch=23 epoch_sec=5.8 task_elapsed_min=2.3 gpu_alloc_gb=0.272 gpu_reserved_gb=1.539
[ssl_epoch=24/50] ssl_loss=0.041391 lr=0.00009957 base_val_bce=0.626181 base_best=Y base_cls_epoch=23 epoch_sec=5.8 elapsed_min=2.3 gpu_alloc_gb=0.272 gpu_reserved_gb=1.539
[repeat=2 fold=3] [epoch=25/50] ssl_loss=0.033465 lr=0.00009469 base_val_bce=0.632258 base_best=N base_cls_epoch=24 epoch_sec=4.9 task_elapsed_min=2.4 gpu_alloc_gb=0.272 gpu_reserved_gb=1.539
[ssl_epoch=25/50] ssl_loss=0.033465 lr=0.00009469 base_val_bce=0.632258 base_best=N base_cls_epoch=24 epoch_sec=5.0 elapsed_min=2.4 gpu_alloc_gb=0.272 gpu_reserved_gb=1.539
[repeat=2 fold=3] [epoch=26/50] ssl_loss=0.036072 lr=0.00008964 base_val_bce=0.632127 base_best=N base_cls_epoch=22 epoch_sec=5.0 task_elapsed_min=2.5 gpu_alloc_gb=0.272 gpu_reserved_gb=1.539
[ssl_epoch=26/50] ssl_loss=0.036072 lr=0.00008964 base_val_bce=0.632127 base_best=N base_cls_epoch=22 epoch_sec=5.1 elapsed_min=2.5 gpu_alloc_gb=0.272 gpu_reserved_gb=1.539
[repeat=2 fold=3] [epoch=27/50] ssl_loss=0.033569 lr=0.00008447 base_val_bce=0.629570 base_best=N base_cls_epoch=26 epoch_sec=5.5 task_elapsed_min=2.6 gpu_alloc_gb=0.272 gpu_reserved_gb=1.539
[ssl_epoch=27/50] ssl_loss=0.033569 lr=0.00008447 base_val_bce=0.629570 base_best=N base_cls_epoch=26 epoch_sec=5.7 elapsed_min=2.6 gpu_alloc_gb=0.272 gpu_reserved_gb=1.539
[repeat=2 fold=3] [epoch=28/50] ssl_loss=0.055564 lr=0.00007919 base_val_bce=0.640181 base_best=N base_cls_epoch=26 epoch_sec=5.8 task_elapsed_min=2.7 gpu_alloc_gb=0.272 gpu_reserved_gb=1.539
[ssl_epoch=28/50] ssl_loss=0.055564 lr=0.00007919 base_val_bce=0.640181 base_best=N base_cls_epoch=26 epoch_sec=5.8 elapsed_min=2.7 gpu_alloc_gb=0.272 gpu_reserved_gb=1.539
[repeat=2 fold=3] [epoch=29/50] ssl_loss=0.038088 lr=0.00007385 base_val_bce=0.631867 base_best=N base_cls_epoch=24 epoch_sec=5.7 task_elapsed_min=2.8 gpu_alloc_gb=0.272 gpu_reserved_gb=1.539
[ssl_epoch=29/50] ssl_loss=0.038088 lr=0.00007385 base_val_bce=0.631867 base_best=N base_cls_epoch=24 epoch_sec=5.7 elapsed_min=2.8 gpu_alloc_gb=0.272 gpu_reserved_gb=1.539
CHECKPOINT_LATEST repeat=2 scope=internal_cv fold=3 phase=ssl epoch=30 path=/data/adodas/VarCoNet-V2-main/xiaolunwen/experiment3/checkpoints/worker_r2_latest.pt
[repeat=2 fold=3] [epoch=30/50] ssl_loss=0.036861 lr=0.00006848 base_val_bce=0.628674 base_best=N base_cls_epoch=26 epoch_sec=6.1 task_elapsed_min=2.9 gpu_alloc_gb=0.272 gpu_reserved_gb=1.539
[ssl_epoch=30/50] ssl_loss=0.036861 lr=0.00006848 base_val_bce=0.628674 base_best=N base_cls_epoch=26 epoch_sec=6.1 elapsed_min=2.9 gpu_alloc_gb=0.272 gpu_reserved_gb=1.539
[repeat=2 fold=3] [epoch=31/50] ssl_loss=0.029203 lr=0.00006311 base_val_bce=0.633007 base_best=N base_cls_epoch=28 epoch_sec=5.4 task_elapsed_min=3.0 gpu_alloc_gb=0.272 gpu_reserved_gb=1.539
[ssl_epoch=31/50] ssl_loss=0.029203 lr=0.00006311 base_val_bce=0.633007 base_best=N base_cls_epoch=28 epoch_sec=5.5 elapsed_min=3.0 gpu_alloc_gb=0.272 gpu_reserved_gb=1.539
[repeat=2 fold=3] [epoch=32/50] ssl_loss=0.047865 lr=0.00005777 base_val_bce=0.626390 base_best=N base_cls_epoch=20 epoch_sec=5.5 task_elapsed_min=3.1 gpu_alloc_gb=0.272 gpu_reserved_gb=1.539
[ssl_epoch=32/50] ssl_loss=0.047865 lr=0.00005777 base_val_bce=0.626390 base_best=N base_cls_epoch=20 epoch_sec=5.5 elapsed_min=3.1 gpu_alloc_gb=0.272 gpu_reserved_gb=1.539
CHECKPOINT_BEST repeat=2 scope=internal_cv fold=3 phase=ssl epoch=33 path=/data/adodas/VarCoNet-V2-main/xiaolunwen/experiment3/checkpoints/worker_r2_best.pt
[repeat=2 fold=3] [epoch=33/50] ssl_loss=0.033002 lr=0.00005249 base_val_bce=0.625211 base_best=Y base_cls_epoch=26 epoch_sec=5.6 task_elapsed_min=3.2 gpu_alloc_gb=0.272 gpu_reserved_gb=1.539
[ssl_epoch=33/50] ssl_loss=0.033002 lr=0.00005249 base_val_bce=0.625211 base_best=Y base_cls_epoch=26 epoch_sec=5.6 elapsed_min=3.2 gpu_alloc_gb=0.272 gpu_reserved_gb=1.539
CHECKPOINT_BEST repeat=2 scope=internal_cv fold=3 phase=ssl epoch=34 path=/data/adodas/VarCoNet-V2-main/xiaolunwen/experiment3/checkpoints/worker_r2_best.pt
[repeat=2 fold=3] [epoch=34/50] ssl_loss=0.037244 lr=0.00004732 base_val_bce=0.624198 base_best=Y base_cls_epoch=20 epoch_sec=5.5 task_elapsed_min=3.2 gpu_alloc_gb=0.272 gpu_reserved_gb=1.539
[ssl_epoch=34/50] ssl_loss=0.037244 lr=0.00004732 base_val_bce=0.624198 base_best=Y base_cls_epoch=20 epoch_sec=5.5 elapsed_min=3.2 gpu_alloc_gb=0.272 gpu_reserved_gb=1.539
[repeat=2 fold=3] [epoch=35/50] ssl_loss=0.046304 lr=0.00004227 base_val_bce=0.644297 base_best=N base_cls_epoch=26 epoch_sec=5.4 task_elapsed_min=3.3 gpu_alloc_gb=0.272 gpu_reserved_gb=1.539
[ssl_epoch=35/50] ssl_loss=0.046304 lr=0.00004227 base_val_bce=0.644297 base_best=N base_cls_epoch=26 epoch_sec=5.4 elapsed_min=3.3 gpu_alloc_gb=0.272 gpu_reserved_gb=1.539
[repeat=2 fold=3] [epoch=36/50] ssl_loss=0.033551 lr=0.00003739 base_val_bce=0.630511 base_best=N base_cls_epoch=26 epoch_sec=5.6 task_elapsed_min=3.4 gpu_alloc_gb=0.272 gpu_reserved_gb=1.539
[ssl_epoch=36/50] ssl_loss=0.033551 lr=0.00003739 base_val_bce=0.630511 base_best=N base_cls_epoch=26 epoch_sec=5.6 elapsed_min=3.4 gpu_alloc_gb=0.272 gpu_reserved_gb=1.539
CHECKPOINT_BEST repeat=2 scope=internal_cv fold=3 phase=ssl epoch=37 path=/data/adodas/VarCoNet-V2-main/xiaolunwen/experiment3/checkpoints/worker_r2_best.pt
[repeat=2 fold=3] [epoch=37/50] ssl_loss=0.040924 lr=0.00003270 base_val_bce=0.618241 base_best=Y base_cls_epoch=21 epoch_sec=9.4 task_elapsed_min=3.5 gpu_alloc_gb=0.272 gpu_reserved_gb=1.539
[ssl_epoch=37/50] ssl_loss=0.040924 lr=0.00003270 base_val_bce=0.618241 base_best=Y base_cls_epoch=21 epoch_sec=9.5 elapsed_min=3.5 gpu_alloc_gb=0.272 gpu_reserved_gb=1.539
[repeat=2 fold=3] [epoch=38/50] ssl_loss=0.043890 lr=0.00002823 base_val_bce=0.627120 base_best=N base_cls_epoch=25 epoch_sec=5.9 task_elapsed_min=3.7 gpu_alloc_gb=0.272 gpu_reserved_gb=1.539
[ssl_epoch=38/50] ssl_loss=0.043890 lr=0.00002823 base_val_bce=0.627120 base_best=N base_cls_epoch=25 epoch_sec=6.6 elapsed_min=3.7 gpu_alloc_gb=0.272 gpu_reserved_gb=1.539
[repeat=2 fold=3] [epoch=39/50] ssl_loss=0.037834 lr=0.00002401 base_val_bce=0.635739 base_best=N base_cls_epoch=29 epoch_sec=5.5 task_elapsed_min=3.8 gpu_alloc_gb=0.272 gpu_reserved_gb=1.539
[ssl_epoch=39/50] ssl_loss=0.037834 lr=0.00002401 base_val_bce=0.635739 base_best=N base_cls_epoch=29 epoch_sec=5.6 elapsed_min=3.8 gpu_alloc_gb=0.272 gpu_reserved_gb=1.539
CHECKPOINT_LATEST repeat=2 scope=internal_cv fold=3 phase=ssl epoch=40 path=/data/adodas/VarCoNet-V2-main/xiaolunwen/experiment3/checkpoints/worker_r2_latest.pt
[repeat=2 fold=3] [epoch=40/50] ssl_loss=0.038661 lr=0.00002006 base_val_bce=0.635555 base_best=N base_cls_epoch=20 epoch_sec=7.5 task_elapsed_min=3.9 gpu_alloc_gb=0.272 gpu_reserved_gb=1.539
[ssl_epoch=40/50] ssl_loss=0.038661 lr=0.00002006 base_val_bce=0.635555 base_best=N base_cls_epoch=20 epoch_sec=7.5 elapsed_min=3.9 gpu_alloc_gb=0.272 gpu_reserved_gb=1.539
[repeat=2 fold=3] [epoch=41/50] ssl_loss=0.033372 lr=0.00001641 base_val_bce=0.637445 base_best=N base_cls_epoch=28 epoch_sec=5.7 task_elapsed_min=4.0 gpu_alloc_gb=0.272 gpu_reserved_gb=1.539
[ssl_epoch=41/50] ssl_loss=0.033372 lr=0.00001641 base_val_bce=0.637445 base_best=N base_cls_epoch=28 epoch_sec=5.8 elapsed_min=4.0 gpu_alloc_gb=0.272 gpu_reserved_gb=1.539
[repeat=2 fold=3] [epoch=42/50] ssl_loss=0.039543 lr=0.00001308 base_val_bce=0.628384 base_best=N base_cls_epoch=20 epoch_sec=5.8 task_elapsed_min=4.1 gpu_alloc_gb=0.272 gpu_reserved_gb=1.539
[ssl_epoch=42/50] ssl_loss=0.039543 lr=0.00001308 base_val_bce=0.628384 base_best=N base_cls_epoch=20 epoch_sec=5.9 elapsed_min=4.1 gpu_alloc_gb=0.272 gpu_reserved_gb=1.539
[repeat=2 fold=3] [epoch=43/50] ssl_loss=0.042409 lr=0.00001009 base_val_bce=0.631805 base_best=N base_cls_epoch=26 epoch_sec=6.0 task_elapsed_min=4.2 gpu_alloc_gb=0.272 gpu_reserved_gb=1.539
[ssl_epoch=43/50] ssl_loss=0.042409 lr=0.00001009 base_val_bce=0.631805 base_best=N base_cls_epoch=26 epoch_sec=6.5 elapsed_min=4.2 gpu_alloc_gb=0.272 gpu_reserved_gb=1.539
[repeat=2 fold=3] [epoch=44/50] ssl_loss=0.033817 lr=0.00000746 base_val_bce=0.620068 base_best=N base_cls_epoch=27 epoch_sec=5.2 task_elapsed_min=4.3 gpu_alloc_gb=0.272 gpu_reserved_gb=1.539
[ssl_epoch=44/50] ssl_loss=0.033817 lr=0.00000746 base_val_bce=0.620068 base_best=N base_cls_epoch=27 epoch_sec=5.8 elapsed_min=4.3 gpu_alloc_gb=0.272 gpu_reserved_gb=1.539
[repeat=2 fold=3] [epoch=45/50] ssl_loss=0.035466 lr=0.00000521 base_val_bce=0.635285 base_best=N base_cls_epoch=23 epoch_sec=5.0 task_elapsed_min=4.4 gpu_alloc_gb=0.272 gpu_reserved_gb=1.539
[ssl_epoch=45/50] ssl_loss=0.035466 lr=0.00000521 base_val_bce=0.635285 base_best=N base_cls_epoch=23 epoch_sec=5.3 elapsed_min=4.4 gpu_alloc_gb=0.272 gpu_reserved_gb=1.539
[repeat=2 fold=3] [epoch=46/50] ssl_loss=0.037463 lr=0.00000335 base_val_bce=0.634158 base_best=N base_cls_epoch=26 epoch_sec=4.5 task_elapsed_min=4.5 gpu_alloc_gb=0.272 gpu_reserved_gb=1.539
[ssl_epoch=46/50] ssl_loss=0.037463 lr=0.00000335 base_val_bce=0.634158 base_best=N base_cls_epoch=26 epoch_sec=5.0 elapsed_min=4.5 gpu_alloc_gb=0.272 gpu_reserved_gb=1.539
[repeat=2 fold=3] [epoch=47/50] ssl_loss=0.036665 lr=0.00000189 base_val_bce=0.640888 base_best=N base_cls_epoch=22 epoch_sec=3.0 task_elapsed_min=4.6 gpu_alloc_gb=0.272 gpu_reserved_gb=1.539
[ssl_epoch=47/50] ssl_loss=0.036665 lr=0.00000189 base_val_bce=0.640888 base_best=N base_cls_epoch=22 epoch_sec=3.2 elapsed_min=4.6 gpu_alloc_gb=0.272 gpu_reserved_gb=1.539
[repeat=2 fold=3] [epoch=48/50] ssl_loss=0.034785 lr=0.00000084 base_val_bce=0.639128 base_best=N base_cls_epoch=25 epoch_sec=3.1 task_elapsed_min=4.6 gpu_alloc_gb=0.272 gpu_reserved_gb=1.539
[ssl_epoch=48/50] ssl_loss=0.034785 lr=0.00000084 base_val_bce=0.639128 base_best=N base_cls_epoch=25 epoch_sec=3.3 elapsed_min=4.6 gpu_alloc_gb=0.272 gpu_reserved_gb=1.539
[repeat=2 fold=3] [epoch=49/50] ssl_loss=0.031683 lr=0.00000021 base_val_bce=0.640354 base_best=N base_cls_epoch=28 epoch_sec=2.7 task_elapsed_min=4.7 gpu_alloc_gb=0.272 gpu_reserved_gb=1.539
[ssl_epoch=49/50] ssl_loss=0.031683 lr=0.00000021 base_val_bce=0.640354 base_best=N base_cls_epoch=28 epoch_sec=2.8 elapsed_min=4.7 gpu_alloc_gb=0.272 gpu_reserved_gb=1.539
CHECKPOINT_LATEST repeat=2 scope=internal_cv fold=3 phase=ssl epoch=50 path=/data/adodas/VarCoNet-V2-main/xiaolunwen/experiment3/checkpoints/worker_r2_latest.pt
[repeat=2 fold=3] [epoch=50/50] ssl_loss=0.037995 lr=0.00000000 base_val_bce=0.630497 base_best=N base_cls_epoch=25 epoch_sec=11.8 task_elapsed_min=4.7 gpu_alloc_gb=0.272 gpu_reserved_gb=1.539
[ssl_epoch=50/50] ssl_loss=0.037995 lr=0.00000000 base_val_bce=0.630497 base_best=N base_cls_epoch=25 epoch_sec=11.9 elapsed_min=4.7 gpu_alloc_gb=0.272 gpu_reserved_gb=1.539
[MODULE_DISCOVERY] repeat=2 fold=3 n_unique_subjects=674 n_modules=32 module_size_min=6 module_size_mean=12.000 module_size_max=20 singleton_modules=0 meta_dim=528 empty_meta_bins=0 affinity_mean=0.16954692 affinity_std=0.04102359 affinity_max=0.77976775 elapsed_sec=0.78
[HIGH_ORDER_RESIDUAL] repeat=2 fold=3 epoch=0 train_bce=NA val_bce=0.618241 best=Y best_epoch=0 head_l2=0.000000 elapsed_sec=294.10
CHECKPOINT_BEST repeat=2 scope=internal_cv fold=3 phase=high_order_residual epoch=0 path=/data/adodas/VarCoNet-V2-main/xiaolunwen/experiment3/checkpoints/worker_r2_best.pt
CHECKPOINT_BEST repeat=2 scope=internal_cv fold=3 phase=high_order_residual epoch=1 path=/data/adodas/VarCoNet-V2-main/xiaolunwen/experiment3/checkpoints/worker_r2_best.pt
[HIGH_ORDER_RESIDUAL] repeat=2 fold=3 epoch=1/149 train_bce=0.377146 val_bce=0.618237 best=Y best_epoch=1 head_l2=0.001149 elapsed_sec=7.18
CHECKPOINT_BEST repeat=2 scope=internal_cv fold=3 phase=high_order_residual epoch=2 path=/data/adodas/VarCoNet-V2-main/xiaolunwen/experiment3/checkpoints/worker_r2_best.pt
[HIGH_ORDER_RESIDUAL] repeat=2 fold=3 epoch=2/149 train_bce=0.376922 val_bce=0.618236 best=Y best_epoch=2 head_l2=0.002296 elapsed_sec=6.04
CHECKPOINT_LATEST repeat=2 scope=internal_cv fold=3 phase=high_order_residual epoch=10 path=/data/adodas/VarCoNet-V2-main/xiaolunwen/experiment3/checkpoints/worker_r2_latest.pt
[HIGH_ORDER_RESIDUAL] repeat=2 fold=3 epoch=10/149 train_bce=0.375149 val_bce=0.618295 best=N best_epoch=2 head_l2=0.011424 elapsed_sec=6.28
CHECKPOINT_LATEST repeat=2 scope=internal_cv fold=3 phase=high_order_residual epoch=20 path=/data/adodas/VarCoNet-V2-main/xiaolunwen/experiment3/checkpoints/worker_r2_latest.pt
[HIGH_ORDER_RESIDUAL] repeat=2 fold=3 epoch=20/149 train_bce=0.372986 val_bce=0.618446 best=N best_epoch=2 head_l2=0.022684 elapsed_sec=6.53
CHECKPOINT_LATEST repeat=2 scope=internal_cv fold=3 phase=high_order_residual epoch=30 path=/data/adodas/VarCoNet-V2-main/xiaolunwen/experiment3/checkpoints/worker_r2_latest.pt
[HIGH_ORDER_RESIDUAL] repeat=2 fold=3 epoch=30/149 train_bce=0.370883 val_bce=0.618602 best=N best_epoch=2 head_l2=0.033791 elapsed_sec=5.94
CHECKPOINT_LATEST repeat=2 scope=internal_cv fold=3 phase=high_order_residual epoch=40 path=/data/adodas/VarCoNet-V2-main/xiaolunwen/experiment3/checkpoints/worker_r2_latest.pt
[HIGH_ORDER_RESIDUAL] repeat=2 fold=3 epoch=40/149 train_bce=0.368839 val_bce=0.618755 best=N best_epoch=2 head_l2=0.044725 elapsed_sec=5.34
CHECKPOINT_LATEST repeat=2 scope=internal_cv fold=3 phase=high_order_residual epoch=50 path=/data/adodas/VarCoNet-V2-main/xiaolunwen/experiment3/checkpoints/worker_r2_latest.pt
[HIGH_ORDER_RESIDUAL] repeat=2 fold=3 epoch=50/149 train_bce=0.366851 val_bce=0.618910 best=N best_epoch=2 head_l2=0.055481 elapsed_sec=6.26
CHECKPOINT_LATEST repeat=2 scope=internal_cv fold=3 phase=high_order_residual epoch=60 path=/data/adodas/VarCoNet-V2-main/xiaolunwen/experiment3/checkpoints/worker_r2_latest.pt
[HIGH_ORDER_RESIDUAL] repeat=2 fold=3 epoch=60/149 train_bce=0.364916 val_bce=0.619075 best=N best_epoch=2 head_l2=0.066078 elapsed_sec=4.01
CHECKPOINT_LATEST repeat=2 scope=internal_cv fold=3 phase=high_order_residual epoch=70 path=/data/adodas/VarCoNet-V2-main/xiaolunwen/experiment3/checkpoints/worker_r2_latest.pt
[HIGH_ORDER_RESIDUAL] repeat=2 fold=3 epoch=70/149 train_bce=0.363030 val_bce=0.619255 best=N best_epoch=2 head_l2=0.076533 elapsed_sec=4.38
CHECKPOINT_LATEST repeat=2 scope=internal_cv fold=3 phase=high_order_residual epoch=80 path=/data/adodas/VarCoNet-V2-main/xiaolunwen/experiment3/checkpoints/worker_r2_latest.pt
[HIGH_ORDER_RESIDUAL] repeat=2 fold=3 epoch=80/149 train_bce=0.361191 val_bce=0.619451 best=N best_epoch=2 head_l2=0.086856 elapsed_sec=5.34
CHECKPOINT_LATEST repeat=2 scope=internal_cv fold=3 phase=high_order_residual epoch=90 path=/data/adodas/VarCoNet-V2-main/xiaolunwen/experiment3/checkpoints/worker_r2_latest.pt
[HIGH_ORDER_RESIDUAL] repeat=2 fold=3 epoch=90/149 train_bce=0.359395 val_bce=0.619660 best=N best_epoch=2 head_l2=0.097056 elapsed_sec=5.73
CHECKPOINT_LATEST repeat=2 scope=internal_cv fold=3 phase=high_order_residual epoch=100 path=/data/adodas/VarCoNet-V2-main/xiaolunwen/experiment3/checkpoints/worker_r2_latest.pt
[HIGH_ORDER_RESIDUAL] repeat=2 fold=3 epoch=100/149 train_bce=0.357640 val_bce=0.619882 best=N best_epoch=2 head_l2=0.107136 elapsed_sec=4.15
CHECKPOINT_LATEST repeat=2 scope=internal_cv fold=3 phase=high_order_residual epoch=110 path=/data/adodas/VarCoNet-V2-main/xiaolunwen/experiment3/checkpoints/worker_r2_latest.pt
[HIGH_ORDER_RESIDUAL] repeat=2 fold=3 epoch=110/149 train_bce=0.355923 val_bce=0.620113 best=N best_epoch=2 head_l2=0.117101 elapsed_sec=2.19
CHECKPOINT_LATEST repeat=2 scope=internal_cv fold=3 phase=high_order_residual epoch=120 path=/data/adodas/VarCoNet-V2-main/xiaolunwen/experiment3/checkpoints/worker_r2_latest.pt
[HIGH_ORDER_RESIDUAL] repeat=2 fold=3 epoch=120/149 train_bce=0.354243 val_bce=0.620354 best=N best_epoch=2 head_l2=0.126957 elapsed_sec=2.81
CHECKPOINT_LATEST repeat=2 scope=internal_cv fold=3 phase=high_order_residual epoch=130 path=/data/adodas/VarCoNet-V2-main/xiaolunwen/experiment3/checkpoints/worker_r2_latest.pt
[HIGH_ORDER_RESIDUAL] repeat=2 fold=3 epoch=130/149 train_bce=0.352598 val_bce=0.620602 best=N best_epoch=2 head_l2=0.136707 elapsed_sec=1.93
CHECKPOINT_LATEST repeat=2 scope=internal_cv fold=3 phase=high_order_residual epoch=140 path=/data/adodas/VarCoNet-V2-main/xiaolunwen/experiment3/checkpoints/worker_r2_latest.pt
[HIGH_ORDER_RESIDUAL] repeat=2 fold=3 epoch=140/149 train_bce=0.350985 val_bce=0.620857 best=N best_epoch=2 head_l2=0.146357 elapsed_sec=5.74
RESIDUAL_DONE repeat=2 scope=internal_cv fold=3 selected_encoder_epoch=37 selected_classifier_epoch=21 selected_residual_epoch=2 val_bce=0.618236
TASK_TRAINING_DONE repeat=2 scope=internal_cv fold=3 base_epoch=37 dyn_epoch=37 base_val_bce=0.618241 high_order_val_bce=0.618236
TASK_DONE repeat=2 scope=internal_fold fold=3 method=baseline selected_encoder_epoch=37 test_auc=0.777950 test_bce=0.587915 elapsed_min=6.4
TASK_DONE repeat=2 scope=internal_fold fold=3 method=consensus_highorder_residual selected_encoder_epoch=37 test_auc=0.777950 test_bce=0.587863 elapsed_min=6.4
TASK_START repeat=2 scope=internal_cv fold=4 seed=100204 device=cuda:0 shared_encoder=Y
CHECKPOINT_BEST repeat=2 scope=internal_cv fold=4 phase=ssl epoch=1 path=/data/adodas/VarCoNet-V2-main/xiaolunwen/experiment3/checkpoints/worker_r2_best.pt
[repeat=2 fold=4] [epoch=1/50] ssl_loss=0.323531 lr=0.00002411 base_val_bce=0.629300 base_best=Y base_cls_epoch=32 epoch_sec=10.2 task_elapsed_min=0.1 gpu_alloc_gb=0.272 gpu_reserved_gb=1.539
[ssl_epoch=1/50] ssl_loss=0.323531 lr=0.00002411 base_val_bce=0.629300 base_best=Y base_cls_epoch=32 epoch_sec=10.2 elapsed_min=0.1 gpu_alloc_gb=0.272 gpu_reserved_gb=1.539
CHECKPOINT_BEST repeat=2 scope=internal_cv fold=4 phase=ssl epoch=2 path=/data/adodas/VarCoNet-V2-main/xiaolunwen/experiment3/checkpoints/worker_r2_best.pt
[repeat=2 fold=4] [epoch=2/50] ssl_loss=0.180972 lr=0.00003821 base_val_bce=0.628961 base_best=Y base_cls_epoch=20 epoch_sec=10.3 task_elapsed_min=0.3 gpu_alloc_gb=0.272 gpu_reserved_gb=1.539
[ssl_epoch=2/50] ssl_loss=0.180972 lr=0.00003821 base_val_bce=0.628961 base_best=Y base_cls_epoch=20 epoch_sec=10.3 elapsed_min=0.3 gpu_alloc_gb=0.272 gpu_reserved_gb=1.539
[repeat=2 fold=4] [epoch=3/50] ssl_loss=0.133891 lr=0.00005232 base_val_bce=0.631600 base_best=N base_cls_epoch=18 epoch_sec=4.3 task_elapsed_min=0.4 gpu_alloc_gb=0.272 gpu_reserved_gb=1.539
[ssl_epoch=3/50] ssl_loss=0.133891 lr=0.00005232 base_val_bce=0.631600 base_best=N base_cls_epoch=18 epoch_sec=4.3 elapsed_min=0.4 gpu_alloc_gb=0.272 gpu_reserved_gb=1.539
[repeat=2 fold=4] [epoch=4/50] ssl_loss=0.111194 lr=0.00006643 base_val_bce=0.635761 base_best=N base_cls_epoch=21 epoch_sec=5.3 task_elapsed_min=0.5 gpu_alloc_gb=0.272 gpu_reserved_gb=1.539
[ssl_epoch=4/50] ssl_loss=0.111194 lr=0.00006643 base_val_bce=0.635761 base_best=N base_cls_epoch=21 epoch_sec=5.4 elapsed_min=0.5 gpu_alloc_gb=0.272 gpu_reserved_gb=1.539
CHECKPOINT_BEST repeat=2 scope=internal_cv fold=4 phase=ssl epoch=5 path=/data/adodas/VarCoNet-V2-main/xiaolunwen/experiment3/checkpoints/worker_r2_best.pt
[repeat=2 fold=4] [epoch=5/50] ssl_loss=0.096816 lr=0.00008053 base_val_bce=0.624986 base_best=Y base_cls_epoch=17 epoch_sec=9.2 task_elapsed_min=0.6 gpu_alloc_gb=0.272 gpu_reserved_gb=1.539
[ssl_epoch=5/50] ssl_loss=0.096816 lr=0.00008053 base_val_bce=0.624986 base_best=Y base_cls_epoch=17 epoch_sec=9.3 elapsed_min=0.6 gpu_alloc_gb=0.272 gpu_reserved_gb=1.539
CHECKPOINT_BEST repeat=2 scope=internal_cv fold=4 phase=ssl epoch=6 path=/data/adodas/VarCoNet-V2-main/xiaolunwen/experiment3/checkpoints/worker_r2_best.pt
[repeat=2 fold=4] [epoch=6/50] ssl_loss=0.100414 lr=0.00009464 base_val_bce=0.621730 base_best=Y base_cls_epoch=17 epoch_sec=7.2 task_elapsed_min=0.8 gpu_alloc_gb=0.272 gpu_reserved_gb=1.539
[ssl_epoch=6/50] ssl_loss=0.100414 lr=0.00009464 base_val_bce=0.621730 base_best=Y base_cls_epoch=17 epoch_sec=7.3 elapsed_min=0.8 gpu_alloc_gb=0.272 gpu_reserved_gb=1.539
[repeat=2 fold=4] [epoch=7/50] ssl_loss=0.075884 lr=0.00010875 base_val_bce=0.627543 base_best=N base_cls_epoch=18 epoch_sec=4.1 task_elapsed_min=0.9 gpu_alloc_gb=0.272 gpu_reserved_gb=1.539
[ssl_epoch=7/50] ssl_loss=0.075884 lr=0.00010875 base_val_bce=0.627543 base_best=N base_cls_epoch=18 epoch_sec=4.4 elapsed_min=0.9 gpu_alloc_gb=0.272 gpu_reserved_gb=1.539
[repeat=2 fold=4] [epoch=8/50] ssl_loss=0.076419 lr=0.00012285 base_val_bce=0.627052 base_best=N base_cls_epoch=17 epoch_sec=3.7 task_elapsed_min=0.9 gpu_alloc_gb=0.272 gpu_reserved_gb=1.539
[ssl_epoch=8/50] ssl_loss=0.076419 lr=0.00012285 base_val_bce=0.627052 base_best=N base_cls_epoch=17 epoch_sec=4.2 elapsed_min=0.9 gpu_alloc_gb=0.272 gpu_reserved_gb=1.539
[repeat=2 fold=4] [epoch=9/50] ssl_loss=0.072783 lr=0.00013696 base_val_bce=0.624354 base_best=N base_cls_epoch=20 epoch_sec=3.8 task_elapsed_min=1.0 gpu_alloc_gb=0.272 gpu_reserved_gb=1.539
[ssl_epoch=9/50] ssl_loss=0.072783 lr=0.00013696 base_val_bce=0.624354 base_best=N base_cls_epoch=20 epoch_sec=3.8 elapsed_min=1.0 gpu_alloc_gb=0.272 gpu_reserved_gb=1.539
CHECKPOINT_LATEST repeat=2 scope=internal_cv fold=4 phase=ssl epoch=10 path=/data/adodas/VarCoNet-V2-main/xiaolunwen/experiment3/checkpoints/worker_r2_latest.pt
[repeat=2 fold=4] [epoch=10/50] ssl_loss=0.070862 lr=0.00013696 base_val_bce=0.626486 base_best=N base_cls_epoch=16 epoch_sec=8.8 task_elapsed_min=1.1 gpu_alloc_gb=0.272 gpu_reserved_gb=1.539
[ssl_epoch=10/50] ssl_loss=0.070862 lr=0.00013696 base_val_bce=0.626486 base_best=N base_cls_epoch=16 epoch_sec=8.8 elapsed_min=1.1 gpu_alloc_gb=0.272 gpu_reserved_gb=1.539
[repeat=2 fold=4] [epoch=11/50] ssl_loss=0.072396 lr=0.00013675 base_val_bce=0.623815 base_best=N base_cls_epoch=22 epoch_sec=4.5 task_elapsed_min=1.2 gpu_alloc_gb=0.272 gpu_reserved_gb=1.539
[ssl_epoch=11/50] ssl_loss=0.072396 lr=0.00013675 base_val_bce=0.623815 base_best=N base_cls_epoch=22 epoch_sec=4.9 elapsed_min=1.2 gpu_alloc_gb=0.272 gpu_reserved_gb=1.539
CHECKPOINT_BEST repeat=2 scope=internal_cv fold=4 phase=ssl epoch=12 path=/data/adodas/VarCoNet-V2-main/xiaolunwen/experiment3/checkpoints/worker_r2_best.pt
[repeat=2 fold=4] [epoch=12/50] ssl_loss=0.074517 lr=0.00013612 base_val_bce=0.607801 base_best=Y base_cls_epoch=17 epoch_sec=10.6 task_elapsed_min=1.3 gpu_alloc_gb=0.272 gpu_reserved_gb=1.539
[ssl_epoch=12/50] ssl_loss=0.074517 lr=0.00013612 base_val_bce=0.607801 base_best=Y base_cls_epoch=17 epoch_sec=10.6 elapsed_min=1.3 gpu_alloc_gb=0.272 gpu_reserved_gb=1.539
[repeat=2 fold=4] [epoch=13/50] ssl_loss=0.069608 lr=0.00013507 base_val_bce=0.612537 base_best=N base_cls_epoch=20 epoch_sec=4.2 task_elapsed_min=1.5 gpu_alloc_gb=0.272 gpu_reserved_gb=1.539
[ssl_epoch=13/50] ssl_loss=0.069608 lr=0.00013507 base_val_bce=0.612537 base_best=N base_cls_epoch=20 epoch_sec=4.2 elapsed_min=1.5 gpu_alloc_gb=0.272 gpu_reserved_gb=1.539
[repeat=2 fold=4] [epoch=14/50] ssl_loss=0.067553 lr=0.00013361 base_val_bce=0.626152 base_best=N base_cls_epoch=21 epoch_sec=2.6 task_elapsed_min=1.5 gpu_alloc_gb=0.272 gpu_reserved_gb=1.539
[ssl_epoch=14/50] ssl_loss=0.067553 lr=0.00013361 base_val_bce=0.626152 base_best=N base_cls_epoch=21 epoch_sec=3.1 elapsed_min=1.5 gpu_alloc_gb=0.272 gpu_reserved_gb=1.539
[repeat=2 fold=4] [epoch=15/50] ssl_loss=0.068916 lr=0.00013175 base_val_bce=0.616591 base_best=N base_cls_epoch=20 epoch_sec=3.5 task_elapsed_min=1.6 gpu_alloc_gb=0.272 gpu_reserved_gb=1.539
[ssl_epoch=15/50] ssl_loss=0.068916 lr=0.00013175 base_val_bce=0.616591 base_best=N base_cls_epoch=20 epoch_sec=3.5 elapsed_min=1.6 gpu_alloc_gb=0.272 gpu_reserved_gb=1.539
[repeat=2 fold=4] [epoch=16/50] ssl_loss=0.064894 lr=0.00012950 base_val_bce=0.628454 base_best=N base_cls_epoch=19 epoch_sec=4.2 task_elapsed_min=1.7 gpu_alloc_gb=0.272 gpu_reserved_gb=1.539
[ssl_epoch=16/50] ssl_loss=0.064894 lr=0.00012950 base_val_bce=0.628454 base_best=N base_cls_epoch=19 epoch_sec=4.2 elapsed_min=1.7 gpu_alloc_gb=0.272 gpu_reserved_gb=1.539
[repeat=2 fold=4] [epoch=17/50] ssl_loss=0.065861 lr=0.00012687 base_val_bce=0.627023 base_best=N base_cls_epoch=19 epoch_sec=3.2 task_elapsed_min=1.7 gpu_alloc_gb=0.272 gpu_reserved_gb=1.539
[ssl_epoch=17/50] ssl_loss=0.065861 lr=0.00012687 base_val_bce=0.627023 base_best=N base_cls_epoch=19 epoch_sec=3.2 elapsed_min=1.7 gpu_alloc_gb=0.272 gpu_reserved_gb=1.539
[repeat=2 fold=4] [epoch=18/50] ssl_loss=0.044197 lr=0.00012388 base_val_bce=0.626603 base_best=N base_cls_epoch=21 epoch_sec=4.3 task_elapsed_min=1.8 gpu_alloc_gb=0.272 gpu_reserved_gb=1.539
[ssl_epoch=18/50] ssl_loss=0.044197 lr=0.00012388 base_val_bce=0.626603 base_best=N base_cls_epoch=21 epoch_sec=4.3 elapsed_min=1.8 gpu_alloc_gb=0.272 gpu_reserved_gb=1.539
[repeat=2 fold=4] [epoch=19/50] ssl_loss=0.055282 lr=0.00012055 base_val_bce=0.627245 base_best=N base_cls_epoch=19 epoch_sec=3.2 task_elapsed_min=1.9 gpu_alloc_gb=0.272 gpu_reserved_gb=1.539
[ssl_epoch=19/50] ssl_loss=0.055282 lr=0.00012055 base_val_bce=0.627245 base_best=N base_cls_epoch=19 epoch_sec=3.2 elapsed_min=1.9 gpu_alloc_gb=0.272 gpu_reserved_gb=1.539
CHECKPOINT_LATEST repeat=2 scope=internal_cv fold=4 phase=ssl epoch=20 path=/data/adodas/VarCoNet-V2-main/xiaolunwen/experiment3/checkpoints/worker_r2_latest.pt
[repeat=2 fold=4] [epoch=20/50] ssl_loss=0.064119 lr=0.00011690 base_val_bce=0.636198 base_best=N base_cls_epoch=21 epoch_sec=8.7 task_elapsed_min=1.9 gpu_alloc_gb=0.272 gpu_reserved_gb=1.539
[ssl_epoch=20/50] ssl_loss=0.064119 lr=0.00011690 base_val_bce=0.636198 base_best=N base_cls_epoch=21 epoch_sec=8.8 elapsed_min=1.9 gpu_alloc_gb=0.272 gpu_reserved_gb=1.539
[repeat=2 fold=4] [epoch=21/50] ssl_loss=0.060596 lr=0.00011296 base_val_bce=0.632414 base_best=N base_cls_epoch=22 epoch_sec=4.0 task_elapsed_min=2.1 gpu_alloc_gb=0.272 gpu_reserved_gb=1.539
[ssl_epoch=21/50] ssl_loss=0.060596 lr=0.00011296 base_val_bce=0.632414 base_best=N base_cls_epoch=22 epoch_sec=4.1 elapsed_min=2.1 gpu_alloc_gb=0.272 gpu_reserved_gb=1.539
[repeat=2 fold=4] [epoch=22/50] ssl_loss=0.045833 lr=0.00010873 base_val_bce=0.622027 base_best=N base_cls_epoch=24 epoch_sec=4.2 task_elapsed_min=2.1 gpu_alloc_gb=0.272 gpu_reserved_gb=1.539
[ssl_epoch=22/50] ssl_loss=0.045833 lr=0.00010873 base_val_bce=0.622027 base_best=N base_cls_epoch=24 epoch_sec=4.2 elapsed_min=2.1 gpu_alloc_gb=0.272 gpu_reserved_gb=1.539
[repeat=2 fold=4] [epoch=23/50] ssl_loss=0.056049 lr=0.00010426 base_val_bce=0.634125 base_best=N base_cls_epoch=19 epoch_sec=4.2 task_elapsed_min=2.2 gpu_alloc_gb=0.272 gpu_reserved_gb=1.539
[ssl_epoch=23/50] ssl_loss=0.056049 lr=0.00010426 base_val_bce=0.634125 base_best=N base_cls_epoch=19 epoch_sec=4.2 elapsed_min=2.2 gpu_alloc_gb=0.272 gpu_reserved_gb=1.539
[repeat=2 fold=4] [epoch=24/50] ssl_loss=0.054014 lr=0.00009957 base_val_bce=0.623924 base_best=N base_cls_epoch=19 epoch_sec=4.1 task_elapsed_min=2.3 gpu_alloc_gb=0.272 gpu_reserved_gb=1.539
[ssl_epoch=24/50] ssl_loss=0.054014 lr=0.00009957 base_val_bce=0.623924 base_best=N base_cls_epoch=19 epoch_sec=4.2 elapsed_min=2.3 gpu_alloc_gb=0.272 gpu_reserved_gb=1.539
[repeat=2 fold=4] [epoch=25/50] ssl_loss=0.043422 lr=0.00009469 base_val_bce=0.625683 base_best=N base_cls_epoch=18 epoch_sec=3.4 task_elapsed_min=2.3 gpu_alloc_gb=0.272 gpu_reserved_gb=1.539
[ssl_epoch=25/50] ssl_loss=0.043422 lr=0.00009469 base_val_bce=0.625683 base_best=N base_cls_epoch=18 epoch_sec=3.6 elapsed_min=2.3 gpu_alloc_gb=0.272 gpu_reserved_gb=1.539
[repeat=2 fold=4] [epoch=26/50] ssl_loss=0.041664 lr=0.00008964 base_val_bce=0.627222 base_best=N base_cls_epoch=23 epoch_sec=4.1 task_elapsed_min=2.4 gpu_alloc_gb=0.272 gpu_reserved_gb=1.539
[ssl_epoch=26/50] ssl_loss=0.041664 lr=0.00008964 base_val_bce=0.627222 base_best=N base_cls_epoch=23 epoch_sec=4.1 elapsed_min=2.4 gpu_alloc_gb=0.272 gpu_reserved_gb=1.539
[repeat=2 fold=4] [epoch=27/50] ssl_loss=0.063724 lr=0.00008447 base_val_bce=0.627107 base_best=N base_cls_epoch=23 epoch_sec=4.2 task_elapsed_min=2.5 gpu_alloc_gb=0.272 gpu_reserved_gb=1.539
[ssl_epoch=27/50] ssl_loss=0.063724 lr=0.00008447 base_val_bce=0.627107 base_best=N base_cls_epoch=23 epoch_sec=4.6 elapsed_min=2.5 gpu_alloc_gb=0.272 gpu_reserved_gb=1.539
[repeat=2 fold=4] [epoch=28/50] ssl_loss=0.049428 lr=0.00007919 base_val_bce=0.635030 base_best=N base_cls_epoch=22 epoch_sec=3.7 task_elapsed_min=2.5 gpu_alloc_gb=0.272 gpu_reserved_gb=1.539
[ssl_epoch=28/50] ssl_loss=0.049428 lr=0.00007919 base_val_bce=0.635030 base_best=N base_cls_epoch=22 epoch_sec=3.7 elapsed_min=2.5 gpu_alloc_gb=0.272 gpu_reserved_gb=1.539
[repeat=2 fold=4] [epoch=29/50] ssl_loss=0.042576 lr=0.00007385 base_val_bce=0.626887 base_best=N base_cls_epoch=21 epoch_sec=1.9 task_elapsed_min=2.6 gpu_alloc_gb=0.272 gpu_reserved_gb=1.539
[ssl_epoch=29/50] ssl_loss=0.042576 lr=0.00007385 base_val_bce=0.626887 base_best=N base_cls_epoch=21 epoch_sec=2.0 elapsed_min=2.6 gpu_alloc_gb=0.272 gpu_reserved_gb=1.539
CHECKPOINT_LATEST repeat=2 scope=internal_cv fold=4 phase=ssl epoch=30 path=/data/adodas/VarCoNet-V2-main/xiaolunwen/experiment3/checkpoints/worker_r2_latest.pt
[repeat=2 fold=4] [epoch=30/50] ssl_loss=0.039928 lr=0.00006848 base_val_bce=0.625236 base_best=N base_cls_epoch=21 epoch_sec=9.4 task_elapsed_min=2.6 gpu_alloc_gb=0.272 gpu_reserved_gb=1.539
[ssl_epoch=30/50] ssl_loss=0.039928 lr=0.00006848 base_val_bce=0.625236 base_best=N base_cls_epoch=21 epoch_sec=9.4 elapsed_min=2.6 gpu_alloc_gb=0.272 gpu_reserved_gb=1.539
[repeat=2 fold=4] [epoch=31/50] ssl_loss=0.053358 lr=0.00006311 base_val_bce=0.637707 base_best=N base_cls_epoch=23 epoch_sec=3.9 task_elapsed_min=2.8 gpu_alloc_gb=0.272 gpu_reserved_gb=1.539
[ssl_epoch=31/50] ssl_loss=0.053358 lr=0.00006311 base_val_bce=0.637707 base_best=N base_cls_epoch=23 epoch_sec=4.2 elapsed_min=2.8 gpu_alloc_gb=0.272 gpu_reserved_gb=1.539
[repeat=2 fold=4] [epoch=32/50] ssl_loss=0.048765 lr=0.00005777 base_val_bce=0.632652 base_best=N base_cls_epoch=22 epoch_sec=4.1 task_elapsed_min=2.9 gpu_alloc_gb=0.272 gpu_reserved_gb=1.539
[ssl_epoch=32/50] ssl_loss=0.048765 lr=0.00005777 base_val_bce=0.632652 base_best=N base_cls_epoch=22 epoch_sec=4.1 elapsed_min=2.9 gpu_alloc_gb=0.272 gpu_reserved_gb=1.539
[repeat=2 fold=4] [epoch=33/50] ssl_loss=0.043354 lr=0.00005249 base_val_bce=0.631704 base_best=N base_cls_epoch=26 epoch_sec=3.8 task_elapsed_min=2.9 gpu_alloc_gb=0.272 gpu_reserved_gb=1.539
[ssl_epoch=33/50] ssl_loss=0.043354 lr=0.00005249 base_val_bce=0.631704 base_best=N base_cls_epoch=26 epoch_sec=4.1 elapsed_min=2.9 gpu_alloc_gb=0.272 gpu_reserved_gb=1.539
[repeat=2 fold=4] [epoch=34/50] ssl_loss=0.055203 lr=0.00004732 base_val_bce=0.634032 base_best=N base_cls_epoch=20 epoch_sec=3.5 task_elapsed_min=3.0 gpu_alloc_gb=0.272 gpu_reserved_gb=1.539
[ssl_epoch=34/50] ssl_loss=0.055203 lr=0.00004732 base_val_bce=0.634032 base_best=N base_cls_epoch=20 epoch_sec=3.5 elapsed_min=3.0 gpu_alloc_gb=0.272 gpu_reserved_gb=1.539
[repeat=2 fold=4] [epoch=35/50] ssl_loss=0.039416 lr=0.00004227 base_val_bce=0.630631 base_best=N base_cls_epoch=19 epoch_sec=3.9 task_elapsed_min=3.1 gpu_alloc_gb=0.272 gpu_reserved_gb=1.539
[ssl_epoch=35/50] ssl_loss=0.039416 lr=0.00004227 base_val_bce=0.630631 base_best=N base_cls_epoch=19 epoch_sec=3.9 elapsed_min=3.1 gpu_alloc_gb=0.272 gpu_reserved_gb=1.539
[repeat=2 fold=4] [epoch=36/50] ssl_loss=0.039287 lr=0.00003739 base_val_bce=0.631333 base_best=N base_cls_epoch=22 epoch_sec=4.4 task_elapsed_min=3.1 gpu_alloc_gb=0.272 gpu_reserved_gb=1.539
[ssl_epoch=36/50] ssl_loss=0.039287 lr=0.00003739 base_val_bce=0.631333 base_best=N base_cls_epoch=22 epoch_sec=4.6 elapsed_min=3.1 gpu_alloc_gb=0.272 gpu_reserved_gb=1.539
[repeat=2 fold=4] [epoch=37/50] ssl_loss=0.045031 lr=0.00003270 base_val_bce=0.638722 base_best=N base_cls_epoch=24 epoch_sec=3.7 task_elapsed_min=3.2 gpu_alloc_gb=0.272 gpu_reserved_gb=1.539
[ssl_epoch=37/50] ssl_loss=0.045031 lr=0.00003270 base_val_bce=0.638722 base_best=N base_cls_epoch=24 epoch_sec=3.8 elapsed_min=3.2 gpu_alloc_gb=0.272 gpu_reserved_gb=1.539
[repeat=2 fold=4] [epoch=38/50] ssl_loss=0.042678 lr=0.00002823 base_val_bce=0.636490 base_best=N base_cls_epoch=21 epoch_sec=3.3 task_elapsed_min=3.3 gpu_alloc_gb=0.272 gpu_reserved_gb=1.539
[ssl_epoch=38/50] ssl_loss=0.042678 lr=0.00002823 base_val_bce=0.636490 base_best=N base_cls_epoch=21 epoch_sec=3.4 elapsed_min=3.3 gpu_alloc_gb=0.272 gpu_reserved_gb=1.539
[repeat=2 fold=4] [epoch=39/50] ssl_loss=0.047223 lr=0.00002401 base_val_bce=0.633355 base_best=N base_cls_epoch=24 epoch_sec=3.5 task_elapsed_min=3.3 gpu_alloc_gb=0.272 gpu_reserved_gb=1.539
[ssl_epoch=39/50] ssl_loss=0.047223 lr=0.00002401 base_val_bce=0.633355 base_best=N base_cls_epoch=24 epoch_sec=3.5 elapsed_min=3.3 gpu_alloc_gb=0.272 gpu_reserved_gb=1.539
CHECKPOINT_LATEST repeat=2 scope=internal_cv fold=4 phase=ssl epoch=40 path=/data/adodas/VarCoNet-V2-main/xiaolunwen/experiment3/checkpoints/worker_r2_latest.pt
[repeat=2 fold=4] [epoch=40/50] ssl_loss=0.040430 lr=0.00002006 base_val_bce=0.618983 base_best=N base_cls_epoch=20 epoch_sec=9.5 task_elapsed_min=3.4 gpu_alloc_gb=0.272 gpu_reserved_gb=1.539
[ssl_epoch=40/50] ssl_loss=0.040430 lr=0.00002006 base_val_bce=0.618983 base_best=N base_cls_epoch=20 epoch_sec=9.5 elapsed_min=3.4 gpu_alloc_gb=0.272 gpu_reserved_gb=1.539
[repeat=2 fold=4] [epoch=41/50] ssl_loss=0.052447 lr=0.00001641 base_val_bce=0.638436 base_best=N base_cls_epoch=20 epoch_sec=3.3 task_elapsed_min=3.6 gpu_alloc_gb=0.272 gpu_reserved_gb=1.539
[ssl_epoch=41/50] ssl_loss=0.052447 lr=0.00001641 base_val_bce=0.638436 base_best=N base_cls_epoch=20 epoch_sec=3.4 elapsed_min=3.6 gpu_alloc_gb=0.272 gpu_reserved_gb=1.539
[repeat=2 fold=4] [epoch=42/50] ssl_loss=0.063699 lr=0.00001308 base_val_bce=0.629366 base_best=N base_cls_epoch=22 epoch_sec=4.7 task_elapsed_min=3.6 gpu_alloc_gb=0.272 gpu_reserved_gb=1.539
[ssl_epoch=42/50] ssl_loss=0.063699 lr=0.00001308 base_val_bce=0.629366 base_best=N base_cls_epoch=22 epoch_sec=6.4 elapsed_min=3.6 gpu_alloc_gb=0.272 gpu_reserved_gb=1.539
[repeat=2 fold=4] [epoch=43/50] ssl_loss=0.054322 lr=0.00001009 base_val_bce=0.629738 base_best=N base_cls_epoch=23 epoch_sec=3.4 task_elapsed_min=3.7 gpu_alloc_gb=0.272 gpu_reserved_gb=1.539
[ssl_epoch=43/50] ssl_loss=0.054322 lr=0.00001009 base_val_bce=0.629738 base_best=N base_cls_epoch=23 epoch_sec=3.8 elapsed_min=3.7 gpu_alloc_gb=0.272 gpu_reserved_gb=1.539
[repeat=2 fold=4] [epoch=44/50] ssl_loss=0.043471 lr=0.00000746 base_val_bce=0.627604 base_best=N base_cls_epoch=25 epoch_sec=4.0 task_elapsed_min=3.8 gpu_alloc_gb=0.272 gpu_reserved_gb=1.539
[ssl_epoch=44/50] ssl_loss=0.043471 lr=0.00000746 base_val_bce=0.627604 base_best=N base_cls_epoch=25 epoch_sec=4.2 elapsed_min=3.8 gpu_alloc_gb=0.272 gpu_reserved_gb=1.539
[repeat=2 fold=4] [epoch=45/50] ssl_loss=0.045983 lr=0.00000521 base_val_bce=0.629495 base_best=N base_cls_epoch=24 epoch_sec=3.6 task_elapsed_min=3.9 gpu_alloc_gb=0.272 gpu_reserved_gb=1.539
[ssl_epoch=45/50] ssl_loss=0.045983 lr=0.00000521 base_val_bce=0.629495 base_best=N base_cls_epoch=24 epoch_sec=3.7 elapsed_min=3.9 gpu_alloc_gb=0.272 gpu_reserved_gb=1.539
[repeat=2 fold=4] [epoch=46/50] ssl_loss=0.051985 lr=0.00000335 base_val_bce=0.625505 base_best=N base_cls_epoch=24 epoch_sec=5.3 task_elapsed_min=4.0 gpu_alloc_gb=0.272 gpu_reserved_gb=1.539
[ssl_epoch=46/50] ssl_loss=0.051985 lr=0.00000335 base_val_bce=0.625505 base_best=N base_cls_epoch=24 epoch_sec=5.7 elapsed_min=4.0 gpu_alloc_gb=0.272 gpu_reserved_gb=1.539
[repeat=2 fold=4] [epoch=47/50] ssl_loss=0.050618 lr=0.00000189 base_val_bce=0.634173 base_best=N base_cls_epoch=22 epoch_sec=4.0 task_elapsed_min=4.0 gpu_alloc_gb=0.272 gpu_reserved_gb=1.539
[ssl_epoch=47/50] ssl_loss=0.050618 lr=0.00000189 base_val_bce=0.634173 base_best=N base_cls_epoch=22 epoch_sec=4.5 elapsed_min=4.0 gpu_alloc_gb=0.272 gpu_reserved_gb=1.539
[repeat=2 fold=4] [epoch=48/50] ssl_loss=0.055082 lr=0.00000084 base_val_bce=0.630540 base_best=N base_cls_epoch=21 epoch_sec=4.5 task_elapsed_min=4.1 gpu_alloc_gb=0.272 gpu_reserved_gb=1.539
[ssl_epoch=48/50] ssl_loss=0.055082 lr=0.00000084 base_val_bce=0.630540 base_best=N base_cls_epoch=21 epoch_sec=5.2 elapsed_min=4.1 gpu_alloc_gb=0.272 gpu_reserved_gb=1.539
[repeat=2 fold=4] [epoch=49/50] ssl_loss=0.037659 lr=0.00000021 base_val_bce=0.626823 base_best=N base_cls_epoch=22 epoch_sec=4.4 task_elapsed_min=4.2 gpu_alloc_gb=0.272 gpu_reserved_gb=1.539
[ssl_epoch=49/50] ssl_loss=0.037659 lr=0.00000021 base_val_bce=0.626823 base_best=N base_cls_epoch=22 epoch_sec=4.8 elapsed_min=4.2 gpu_alloc_gb=0.272 gpu_reserved_gb=1.539
CHECKPOINT_LATEST repeat=2 scope=internal_cv fold=4 phase=ssl epoch=50 path=/data/adodas/VarCoNet-V2-main/xiaolunwen/experiment3/checkpoints/worker_r2_latest.pt
[repeat=2 fold=4] [epoch=50/50] ssl_loss=0.041110 lr=0.00000000 base_val_bce=0.620742 base_best=N base_cls_epoch=23 epoch_sec=7.4 task_elapsed_min=4.3 gpu_alloc_gb=0.272 gpu_reserved_gb=1.539
[ssl_epoch=50/50] ssl_loss=0.041110 lr=0.00000000 base_val_bce=0.620742 base_best=N base_cls_epoch=23 epoch_sec=7.4 elapsed_min=4.3 gpu_alloc_gb=0.272 gpu_reserved_gb=1.539
[MODULE_DISCOVERY] repeat=2 fold=4 n_unique_subjects=674 n_modules=32 module_size_min=4 module_size_mean=12.000 module_size_max=20 singleton_modules=0 meta_dim=528 empty_meta_bins=0 affinity_mean=0.16936052 affinity_std=0.05162954 affinity_max=0.81083775 elapsed_sec=0.23
[HIGH_ORDER_RESIDUAL] repeat=2 fold=4 epoch=0 train_bce=NA val_bce=0.607801 best=Y best_epoch=0 head_l2=0.000000 elapsed_sec=260.72
CHECKPOINT_BEST repeat=2 scope=internal_cv fold=4 phase=high_order_residual epoch=0 path=/data/adodas/VarCoNet-V2-main/xiaolunwen/experiment3/checkpoints/worker_r2_best.pt
CHECKPOINT_LATEST repeat=2 scope=internal_cv fold=4 phase=high_order_residual epoch=10 path=/data/adodas/VarCoNet-V2-main/xiaolunwen/experiment3/checkpoints/worker_r2_latest.pt
[HIGH_ORDER_RESIDUAL] repeat=2 fold=4 epoch=10/149 train_bce=0.402137 val_bce=0.608125 best=N best_epoch=0 head_l2=0.011436 elapsed_sec=4.26
CHECKPOINT_LATEST repeat=2 scope=internal_cv fold=4 phase=high_order_residual epoch=20 path=/data/adodas/VarCoNet-V2-main/xiaolunwen/experiment3/checkpoints/worker_r2_latest.pt
[HIGH_ORDER_RESIDUAL] repeat=2 fold=4 epoch=20/149 train_bce=0.400176 val_bce=0.608570 best=N best_epoch=0 head_l2=0.022684 elapsed_sec=2.39
CHECKPOINT_LATEST repeat=2 scope=internal_cv fold=4 phase=high_order_residual epoch=30 path=/data/adodas/VarCoNet-V2-main/xiaolunwen/experiment3/checkpoints/worker_r2_latest.pt
[HIGH_ORDER_RESIDUAL] repeat=2 fold=4 epoch=30/149 train_bce=0.398279 val_bce=0.609191 best=N best_epoch=0 head_l2=0.033747 elapsed_sec=6.21
CHECKPOINT_LATEST repeat=2 scope=internal_cv fold=4 phase=high_order_residual epoch=40 path=/data/adodas/VarCoNet-V2-main/xiaolunwen/experiment3/checkpoints/worker_r2_latest.pt
[HIGH_ORDER_RESIDUAL] repeat=2 fold=4 epoch=40/149 train_bce=0.396444 val_bce=0.609929 best=N best_epoch=0 head_l2=0.044623 elapsed_sec=5.79
CHECKPOINT_LATEST repeat=2 scope=internal_cv fold=4 phase=high_order_residual epoch=50 path=/data/adodas/VarCoNet-V2-main/xiaolunwen/experiment3/checkpoints/worker_r2_latest.pt
[HIGH_ORDER_RESIDUAL] repeat=2 fold=4 epoch=50/149 train_bce=0.394665 val_bce=0.610722 best=N best_epoch=0 head_l2=0.055307 elapsed_sec=5.84
CHECKPOINT_LATEST repeat=2 scope=internal_cv fold=4 phase=high_order_residual epoch=60 path=/data/adodas/VarCoNet-V2-main/xiaolunwen/experiment3/checkpoints/worker_r2_latest.pt
[HIGH_ORDER_RESIDUAL] repeat=2 fold=4 epoch=60/149 train_bce=0.392939 val_bce=0.611529 best=N best_epoch=0 head_l2=0.065811 elapsed_sec=6.00
CHECKPOINT_LATEST repeat=2 scope=internal_cv fold=4 phase=high_order_residual epoch=70 path=/data/adodas/VarCoNet-V2-main/xiaolunwen/experiment3/checkpoints/worker_r2_latest.pt
[HIGH_ORDER_RESIDUAL] repeat=2 fold=4 epoch=70/149 train_bce=0.391260 val_bce=0.612319 best=N best_epoch=0 head_l2=0.076153 elapsed_sec=4.36
CHECKPOINT_LATEST repeat=2 scope=internal_cv fold=4 phase=high_order_residual epoch=80 path=/data/adodas/VarCoNet-V2-main/xiaolunwen/experiment3/checkpoints/worker_r2_latest.pt
[HIGH_ORDER_RESIDUAL] repeat=2 fold=4 epoch=80/149 train_bce=0.389625 val_bce=0.613075 best=N best_epoch=0 head_l2=0.086354 elapsed_sec=6.01
CHECKPOINT_LATEST repeat=2 scope=internal_cv fold=4 phase=high_order_residual epoch=90 path=/data/adodas/VarCoNet-V2-main/xiaolunwen/experiment3/checkpoints/worker_r2_latest.pt
[HIGH_ORDER_RESIDUAL] repeat=2 fold=4 epoch=90/149 train_bce=0.388030 val_bce=0.613792 best=N best_epoch=0 head_l2=0.096430 elapsed_sec=5.06
CHECKPOINT_LATEST repeat=2 scope=internal_cv fold=4 phase=high_order_residual epoch=100 path=/data/adodas/VarCoNet-V2-main/xiaolunwen/experiment3/checkpoints/worker_r2_latest.pt
[HIGH_ORDER_RESIDUAL] repeat=2 fold=4 epoch=100/149 train_bce=0.386473 val_bce=0.614469 best=N best_epoch=0 head_l2=0.106400 elapsed_sec=7.40
CHECKPOINT_LATEST repeat=2 scope=internal_cv fold=4 phase=high_order_residual epoch=110 path=/data/adodas/VarCoNet-V2-main/xiaolunwen/experiment3/checkpoints/worker_r2_latest.pt
[HIGH_ORDER_RESIDUAL] repeat=2 fold=4 epoch=110/149 train_bce=0.384950 val_bce=0.615110 best=N best_epoch=0 head_l2=0.116278 elapsed_sec=4.45
CHECKPOINT_LATEST repeat=2 scope=internal_cv fold=4 phase=high_order_residual epoch=120 path=/data/adodas/VarCoNet-V2-main/xiaolunwen/experiment3/checkpoints/worker_r2_latest.pt
[HIGH_ORDER_RESIDUAL] repeat=2 fold=4 epoch=120/149 train_bce=0.383459 val_bce=0.615722 best=N best_epoch=0 head_l2=0.126074 elapsed_sec=3.14
CHECKPOINT_LATEST repeat=2 scope=internal_cv fold=4 phase=high_order_residual epoch=130 path=/data/adodas/VarCoNet-V2-main/xiaolunwen/experiment3/checkpoints/worker_r2_latest.pt
[HIGH_ORDER_RESIDUAL] repeat=2 fold=4 epoch=130/149 train_bce=0.381999 val_bce=0.616311 best=N best_epoch=0 head_l2=0.135799 elapsed_sec=1.63
CHECKPOINT_LATEST repeat=2 scope=internal_cv fold=4 phase=high_order_residual epoch=140 path=/data/adodas/VarCoNet-V2-main/xiaolunwen/experiment3/checkpoints/worker_r2_latest.pt
[HIGH_ORDER_RESIDUAL] repeat=2 fold=4 epoch=140/149 train_bce=0.380568 val_bce=0.616883 best=N best_epoch=0 head_l2=0.145458 elapsed_sec=1.39
RESIDUAL_DONE repeat=2 scope=internal_cv fold=4 selected_encoder_epoch=12 selected_classifier_epoch=17 selected_residual_epoch=0 val_bce=0.607801
TASK_TRAINING_DONE repeat=2 scope=internal_cv fold=4 base_epoch=12 dyn_epoch=12 base_val_bce=0.607801 high_order_val_bce=0.607801
TASK_DONE repeat=2 scope=internal_fold fold=4 method=baseline selected_encoder_epoch=12 test_auc=0.714803 test_bce=0.605595 elapsed_min=5.5
TASK_DONE repeat=2 scope=internal_fold fold=4 method=consensus_highorder_residual selected_encoder_epoch=12 test_auc=0.714803 test_bce=0.605595 elapsed_min=5.5
TASK_START repeat=2 scope=internal_cv fold=5 seed=100205 device=cuda:0 shared_encoder=Y
CHECKPOINT_BEST repeat=2 scope=internal_cv fold=5 phase=ssl epoch=1 path=/data/adodas/VarCoNet-V2-main/xiaolunwen/experiment3/checkpoints/worker_r2_best.pt
[repeat=2 fold=5] [epoch=1/50] ssl_loss=0.122977 lr=0.00002411 base_val_bce=0.655543 base_best=Y base_cls_epoch=16 epoch_sec=9.3 task_elapsed_min=0.1 gpu_alloc_gb=0.272 gpu_reserved_gb=1.539
[ssl_epoch=1/50] ssl_loss=0.122977 lr=0.00002411 base_val_bce=0.655543 base_best=Y base_cls_epoch=16 epoch_sec=9.4 elapsed_min=0.1 gpu_alloc_gb=0.272 gpu_reserved_gb=1.539
CHECKPOINT_BEST repeat=2 scope=internal_cv fold=5 phase=ssl epoch=2 path=/data/adodas/VarCoNet-V2-main/xiaolunwen/experiment3/checkpoints/worker_r2_best.pt
[repeat=2 fold=5] [epoch=2/50] ssl_loss=0.127019 lr=0.00003821 base_val_bce=0.637958 base_best=Y base_cls_epoch=20 epoch_sec=9.7 task_elapsed_min=0.3 gpu_alloc_gb=0.272 gpu_reserved_gb=1.539
[ssl_epoch=2/50] ssl_loss=0.127019 lr=0.00003821 base_val_bce=0.637958 base_best=Y base_cls_epoch=20 epoch_sec=9.7 elapsed_min=0.3 gpu_alloc_gb=0.272 gpu_reserved_gb=1.539
CHECKPOINT_BEST repeat=2 scope=internal_cv fold=5 phase=ssl epoch=3 path=/data/adodas/VarCoNet-V2-main/xiaolunwen/experiment3/checkpoints/worker_r2_best.pt
[repeat=2 fold=5] [epoch=3/50] ssl_loss=0.110995 lr=0.00005232 base_val_bce=0.637116 base_best=Y base_cls_epoch=21 epoch_sec=7.7 task_elapsed_min=0.4 gpu_alloc_gb=0.272 gpu_reserved_gb=1.539
[ssl_epoch=3/50] ssl_loss=0.110995 lr=0.00005232 base_val_bce=0.637116 base_best=Y base_cls_epoch=21 epoch_sec=7.7 elapsed_min=0.4 gpu_alloc_gb=0.272 gpu_reserved_gb=1.539
[repeat=2 fold=5] [epoch=4/50] ssl_loss=0.119328 lr=0.00006643 base_val_bce=0.639815 base_best=N base_cls_epoch=16 epoch_sec=3.6 task_elapsed_min=0.6 gpu_alloc_gb=0.272 gpu_reserved_gb=1.539
[ssl_epoch=4/50] ssl_loss=0.119328 lr=0.00006643 base_val_bce=0.639815 base_best=N base_cls_epoch=16 epoch_sec=3.6 elapsed_min=0.6 gpu_alloc_gb=0.272 gpu_reserved_gb=1.539
CHECKPOINT_BEST repeat=2 scope=internal_cv fold=5 phase=ssl epoch=5 path=/data/adodas/VarCoNet-V2-main/xiaolunwen/experiment3/checkpoints/worker_r2_best.pt
[repeat=2 fold=5] [epoch=5/50] ssl_loss=0.097606 lr=0.00008053 base_val_bce=0.636433 base_best=Y base_cls_epoch=14 epoch_sec=11.5 task_elapsed_min=0.6 gpu_alloc_gb=0.272 gpu_reserved_gb=1.539
[ssl_epoch=5/50] ssl_loss=0.097606 lr=0.00008053 base_val_bce=0.636433 base_best=Y base_cls_epoch=14 epoch_sec=11.5 elapsed_min=0.6 gpu_alloc_gb=0.272 gpu_reserved_gb=1.539
CHECKPOINT_BEST repeat=2 scope=internal_cv fold=5 phase=ssl epoch=6 path=/data/adodas/VarCoNet-V2-main/xiaolunwen/experiment3/checkpoints/worker_r2_best.pt
[repeat=2 fold=5] [epoch=6/50] ssl_loss=0.103286 lr=0.00009464 base_val_bce=0.629574 base_best=Y base_cls_epoch=17 epoch_sec=6.5 task_elapsed_min=0.8 gpu_alloc_gb=0.272 gpu_reserved_gb=1.539
[ssl_epoch=6/50] ssl_loss=0.103286 lr=0.00009464 base_val_bce=0.629574 base_best=Y base_cls_epoch=17 epoch_sec=6.5 elapsed_min=0.8 gpu_alloc_gb=0.272 gpu_reserved_gb=1.539
[repeat=2 fold=5] [epoch=7/50] ssl_loss=0.103560 lr=0.00010875 base_val_bce=0.637379 base_best=N base_cls_epoch=15 epoch_sec=3.8 task_elapsed_min=0.9 gpu_alloc_gb=0.272 gpu_reserved_gb=1.539
[ssl_epoch=7/50] ssl_loss=0.103560 lr=0.00010875 base_val_bce=0.637379 base_best=N base_cls_epoch=15 epoch_sec=3.9 elapsed_min=0.9 gpu_alloc_gb=0.272 gpu_reserved_gb=1.539
[repeat=2 fold=5] [epoch=8/50] ssl_loss=0.079291 lr=0.00012285 base_val_bce=0.641893 base_best=N base_cls_epoch=16 epoch_sec=3.7 task_elapsed_min=1.0 gpu_alloc_gb=0.272 gpu_reserved_gb=1.539
[ssl_epoch=8/50] ssl_loss=0.079291 lr=0.00012285 base_val_bce=0.641893 base_best=N base_cls_epoch=16 epoch_sec=4.0 elapsed_min=1.0 gpu_alloc_gb=0.272 gpu_reserved_gb=1.539
[repeat=2 fold=5] [epoch=9/50] ssl_loss=0.083755 lr=0.00013696 base_val_bce=0.637663 base_best=N base_cls_epoch=18 epoch_sec=4.2 task_elapsed_min=1.1 gpu_alloc_gb=0.272 gpu_reserved_gb=1.539
[ssl_epoch=9/50] ssl_loss=0.083755 lr=0.00013696 base_val_bce=0.637663 base_best=N base_cls_epoch=18 epoch_sec=4.3 elapsed_min=1.1 gpu_alloc_gb=0.272 gpu_reserved_gb=1.539
CHECKPOINT_LATEST repeat=2 scope=internal_cv fold=5 phase=ssl epoch=10 path=/data/adodas/VarCoNet-V2-main/xiaolunwen/experiment3/checkpoints/worker_r2_latest.pt
[repeat=2 fold=5] [epoch=10/50] ssl_loss=0.066612 lr=0.00013696 base_val_bce=0.641617 base_best=N base_cls_epoch=20 epoch_sec=12.8 task_elapsed_min=1.1 gpu_alloc_gb=0.272 gpu_reserved_gb=1.539
[ssl_epoch=10/50] ssl_loss=0.066612 lr=0.00013696 base_val_bce=0.641617 base_best=N base_cls_epoch=20 epoch_sec=12.8 elapsed_min=1.1 gpu_alloc_gb=0.272 gpu_reserved_gb=1.539
[repeat=2 fold=5] [epoch=11/50] ssl_loss=0.060425 lr=0.00013675 base_val_bce=0.635211 base_best=N base_cls_epoch=21 epoch_sec=3.6 task_elapsed_min=1.3 gpu_alloc_gb=0.272 gpu_reserved_gb=1.539
[ssl_epoch=11/50] ssl_loss=0.060425 lr=0.00013675 base_val_bce=0.635211 base_best=N base_cls_epoch=21 epoch_sec=3.8 elapsed_min=1.3 gpu_alloc_gb=0.272 gpu_reserved_gb=1.539
[repeat=2 fold=5] [epoch=12/50] ssl_loss=0.084659 lr=0.00013612 base_val_bce=0.638364 base_best=N base_cls_epoch=19 epoch_sec=4.3 task_elapsed_min=1.4 gpu_alloc_gb=0.272 gpu_reserved_gb=1.539
[ssl_epoch=12/50] ssl_loss=0.084659 lr=0.00013612 base_val_bce=0.638364 base_best=N base_cls_epoch=19 epoch_sec=4.3 elapsed_min=1.4 gpu_alloc_gb=0.272 gpu_reserved_gb=1.539
[repeat=2 fold=5] [epoch=13/50] ssl_loss=0.067107 lr=0.00013507 base_val_bce=0.632331 base_best=N base_cls_epoch=19 epoch_sec=3.5 task_elapsed_min=1.5 gpu_alloc_gb=0.272 gpu_reserved_gb=1.539
[ssl_epoch=13/50] ssl_loss=0.067107 lr=0.00013507 base_val_bce=0.632331 base_best=N base_cls_epoch=19 epoch_sec=3.5 elapsed_min=1.5 gpu_alloc_gb=0.272 gpu_reserved_gb=1.539
CHECKPOINT_BEST repeat=2 scope=internal_cv fold=5 phase=ssl epoch=14 path=/data/adodas/VarCoNet-V2-main/xiaolunwen/experiment3/checkpoints/worker_r2_best.pt
[repeat=2 fold=5] [epoch=14/50] ssl_loss=0.064904 lr=0.00013361 base_val_bce=0.620979 base_best=Y base_cls_epoch=21 epoch_sec=12.5 task_elapsed_min=1.5 gpu_alloc_gb=0.272 gpu_reserved_gb=1.539
[ssl_epoch=14/50] ssl_loss=0.064904 lr=0.00013361 base_val_bce=0.620979 base_best=Y base_cls_epoch=21 epoch_sec=12.5 elapsed_min=1.5 gpu_alloc_gb=0.272 gpu_reserved_gb=1.539
[repeat=2 fold=5] [epoch=15/50] ssl_loss=0.049563 lr=0.00013175 base_val_bce=0.629456 base_best=N base_cls_epoch=22 epoch_sec=4.0 task_elapsed_min=1.7 gpu_alloc_gb=0.272 gpu_reserved_gb=1.539
[ssl_epoch=15/50] ssl_loss=0.049563 lr=0.00013175 base_val_bce=0.629456 base_best=N base_cls_epoch=22 epoch_sec=4.2 elapsed_min=1.7 gpu_alloc_gb=0.272 gpu_reserved_gb=1.539
[repeat=2 fold=5] [epoch=16/50] ssl_loss=0.046833 lr=0.00012950 base_val_bce=0.634196 base_best=N base_cls_epoch=23 epoch_sec=2.4 task_elapsed_min=1.8 gpu_alloc_gb=0.272 gpu_reserved_gb=1.539
[ssl_epoch=16/50] ssl_loss=0.046833 lr=0.00012950 base_val_bce=0.634196 base_best=N base_cls_epoch=23 epoch_sec=2.5 elapsed_min=1.8 gpu_alloc_gb=0.272 gpu_reserved_gb=1.539
[repeat=2 fold=5] [epoch=17/50] ssl_loss=0.053937 lr=0.00012687 base_val_bce=0.645687 base_best=N base_cls_epoch=22 epoch_sec=3.5 task_elapsed_min=1.8 gpu_alloc_gb=0.272 gpu_reserved_gb=1.539
[ssl_epoch=17/50] ssl_loss=0.053937 lr=0.00012687 base_val_bce=0.645687 base_best=N base_cls_epoch=22 epoch_sec=3.5 elapsed_min=1.8 gpu_alloc_gb=0.272 gpu_reserved_gb=1.539
[repeat=2 fold=5] [epoch=18/50] ssl_loss=0.055458 lr=0.00012388 base_val_bce=0.641720 base_best=N base_cls_epoch=22 epoch_sec=4.2 task_elapsed_min=1.9 gpu_alloc_gb=0.272 gpu_reserved_gb=1.539
[ssl_epoch=18/50] ssl_loss=0.055458 lr=0.00012388 base_val_bce=0.641720 base_best=N base_cls_epoch=22 epoch_sec=4.3 elapsed_min=1.9 gpu_alloc_gb=0.272 gpu_reserved_gb=1.539
[repeat=2 fold=5] [epoch=19/50] ssl_loss=0.053606 lr=0.00012055 base_val_bce=0.637847 base_best=N base_cls_epoch=20 epoch_sec=3.4 task_elapsed_min=2.0 gpu_alloc_gb=0.272 gpu_reserved_gb=1.539
[ssl_epoch=19/50] ssl_loss=0.053606 lr=0.00012055 base_val_bce=0.637847 base_best=N base_cls_epoch=20 epoch_sec=3.4 elapsed_min=2.0 gpu_alloc_gb=0.272 gpu_reserved_gb=1.539
CHECKPOINT_LATEST repeat=2 scope=internal_cv fold=5 phase=ssl epoch=20 path=/data/adodas/VarCoNet-V2-main/xiaolunwen/experiment3/checkpoints/worker_r2_latest.pt
[repeat=2 fold=5] [epoch=20/50] ssl_loss=0.046749 lr=0.00011690 base_val_bce=0.626750 base_best=N base_cls_epoch=22 epoch_sec=13.3 task_elapsed_min=2.1 gpu_alloc_gb=0.272 gpu_reserved_gb=1.539
[ssl_epoch=20/50] ssl_loss=0.046749 lr=0.00011690 base_val_bce=0.626750 base_best=N base_cls_epoch=22 epoch_sec=13.3 elapsed_min=2.1 gpu_alloc_gb=0.272 gpu_reserved_gb=1.539
[repeat=2 fold=5] [epoch=21/50] ssl_loss=0.046153 lr=0.00011296 base_val_bce=0.635904 base_best=N base_cls_epoch=24 epoch_sec=8.0 task_elapsed_min=2.3 gpu_alloc_gb=0.272 gpu_reserved_gb=1.539
[ssl_epoch=21/50] ssl_loss=0.046153 lr=0.00011296 base_val_bce=0.635904 base_best=N base_cls_epoch=24 epoch_sec=8.0 elapsed_min=2.3 gpu_alloc_gb=0.272 gpu_reserved_gb=1.539
[repeat=2 fold=5] [epoch=22/50] ssl_loss=0.059267 lr=0.00010873 base_val_bce=0.635016 base_best=N base_cls_epoch=23 epoch_sec=5.0 task_elapsed_min=2.4 gpu_alloc_gb=0.272 gpu_reserved_gb=1.539
[ssl_epoch=22/50] ssl_loss=0.059267 lr=0.00010873 base_val_bce=0.635016 base_best=N base_cls_epoch=23 epoch_sec=5.1 elapsed_min=2.4 gpu_alloc_gb=0.272 gpu_reserved_gb=1.539
[repeat=2 fold=5] [epoch=23/50] ssl_loss=0.050215 lr=0.00010426 base_val_bce=0.633138 base_best=N base_cls_epoch=24 epoch_sec=8.0 task_elapsed_min=2.6 gpu_alloc_gb=0.272 gpu_reserved_gb=1.539
[ssl_epoch=23/50] ssl_loss=0.050215 lr=0.00010426 base_val_bce=0.633138 base_best=N base_cls_epoch=24 epoch_sec=8.0 elapsed_min=2.6 gpu_alloc_gb=0.272 gpu_reserved_gb=1.539
[repeat=2 fold=5] [epoch=24/50] ssl_loss=0.047487 lr=0.00009957 base_val_bce=0.632789 base_best=N base_cls_epoch=22 epoch_sec=7.9 task_elapsed_min=2.7 gpu_alloc_gb=0.272 gpu_reserved_gb=1.539
[ssl_epoch=24/50] ssl_loss=0.047487 lr=0.00009957 base_val_bce=0.632789 base_best=N base_cls_epoch=22 epoch_sec=7.9 elapsed_min=2.7 gpu_alloc_gb=0.272 gpu_reserved_gb=1.539
[repeat=2 fold=5] [epoch=25/50] ssl_loss=0.046429 lr=0.00009469 base_val_bce=0.633783 base_best=N base_cls_epoch=22 epoch_sec=7.9 task_elapsed_min=2.8 gpu_alloc_gb=0.272 gpu_reserved_gb=1.539
[ssl_epoch=25/50] ssl_loss=0.046429 lr=0.00009469 base_val_bce=0.633783 base_best=N base_cls_epoch=22 epoch_sec=7.9 elapsed_min=2.8 gpu_alloc_gb=0.272 gpu_reserved_gb=1.539
[repeat=2 fold=5] [epoch=26/50] ssl_loss=0.045528 lr=0.00008964 base_val_bce=0.626024 base_best=N base_cls_epoch=25 epoch_sec=9.5 task_elapsed_min=3.0 gpu_alloc_gb=0.272 gpu_reserved_gb=1.539
[ssl_epoch=26/50] ssl_loss=0.045528 lr=0.00008964 base_val_bce=0.626024 base_best=N base_cls_epoch=25 epoch_sec=9.5 elapsed_min=3.0 gpu_alloc_gb=0.272 gpu_reserved_gb=1.539
[repeat=2 fold=5] [epoch=27/50] ssl_loss=0.043550 lr=0.00008447 base_val_bce=0.640000 base_best=N base_cls_epoch=24 epoch_sec=8.6 task_elapsed_min=3.1 gpu_alloc_gb=0.272 gpu_reserved_gb=1.539
[ssl_epoch=27/50] ssl_loss=0.043550 lr=0.00008447 base_val_bce=0.640000 base_best=N base_cls_epoch=24 epoch_sec=9.0 elapsed_min=3.1 gpu_alloc_gb=0.272 gpu_reserved_gb=1.539
[repeat=2 fold=5] [epoch=28/50] ssl_loss=0.045588 lr=0.00007919 base_val_bce=0.639441 base_best=N base_cls_epoch=24 epoch_sec=7.2 task_elapsed_min=3.2 gpu_alloc_gb=0.272 gpu_reserved_gb=1.539
[ssl_epoch=28/50] ssl_loss=0.045588 lr=0.00007919 base_val_bce=0.639441 base_best=N base_cls_epoch=24 epoch_sec=7.3 elapsed_min=3.2 gpu_alloc_gb=0.272 gpu_reserved_gb=1.539
[repeat=2 fold=5] [epoch=29/50] ssl_loss=0.045733 lr=0.00007385 base_val_bce=0.634537 base_best=N base_cls_epoch=25 epoch_sec=7.6 task_elapsed_min=3.4 gpu_alloc_gb=0.272 gpu_reserved_gb=1.539
[ssl_epoch=29/50] ssl_loss=0.045733 lr=0.00007385 base_val_bce=0.634537 base_best=N base_cls_epoch=25 epoch_sec=7.6 elapsed_min=3.4 gpu_alloc_gb=0.272 gpu_reserved_gb=1.539
CHECKPOINT_LATEST repeat=2 scope=internal_cv fold=5 phase=ssl epoch=30 path=/data/adodas/VarCoNet-V2-main/xiaolunwen/experiment3/checkpoints/worker_r2_latest.pt
[repeat=2 fold=5] [epoch=30/50] ssl_loss=0.037165 lr=0.00006848 base_val_bce=0.641738 base_best=N base_cls_epoch=23 epoch_sec=17.0 task_elapsed_min=3.5 gpu_alloc_gb=0.272 gpu_reserved_gb=1.539
[ssl_epoch=30/50] ssl_loss=0.037165 lr=0.00006848 base_val_bce=0.641738 base_best=N base_cls_epoch=23 epoch_sec=17.3 elapsed_min=3.5 gpu_alloc_gb=0.272 gpu_reserved_gb=1.539
[repeat=2 fold=5] [epoch=31/50] ssl_loss=0.033927 lr=0.00006311 base_val_bce=0.623353 base_best=N base_cls_epoch=25 epoch_sec=4.2 task_elapsed_min=3.7 gpu_alloc_gb=0.272 gpu_reserved_gb=1.539
[ssl_epoch=31/50] ssl_loss=0.033927 lr=0.00006311 base_val_bce=0.623353 base_best=N base_cls_epoch=25 epoch_sec=4.7 elapsed_min=3.7 gpu_alloc_gb=0.272 gpu_reserved_gb=1.539
[repeat=2 fold=5] [epoch=32/50] ssl_loss=0.047119 lr=0.00005777 base_val_bce=0.639019 base_best=N base_cls_epoch=24 epoch_sec=2.8 task_elapsed_min=3.8 gpu_alloc_gb=0.272 gpu_reserved_gb=1.539
[ssl_epoch=32/50] ssl_loss=0.047119 lr=0.00005777 base_val_bce=0.639019 base_best=N base_cls_epoch=24 epoch_sec=2.9 elapsed_min=3.8 gpu_alloc_gb=0.272 gpu_reserved_gb=1.539
[repeat=2 fold=5] [epoch=33/50] ssl_loss=0.040224 lr=0.00005249 base_val_bce=0.631297 base_best=N base_cls_epoch=27 epoch_sec=3.9 task_elapsed_min=3.9 gpu_alloc_gb=0.272 gpu_reserved_gb=1.539
[ssl_epoch=33/50] ssl_loss=0.040224 lr=0.00005249 base_val_bce=0.631297 base_best=N base_cls_epoch=27 epoch_sec=3.9 elapsed_min=3.9 gpu_alloc_gb=0.272 gpu_reserved_gb=1.539
[repeat=2 fold=5] [epoch=34/50] ssl_loss=0.044369 lr=0.00004732 base_val_bce=0.648736 base_best=N base_cls_epoch=25 epoch_sec=4.1 task_elapsed_min=3.9 gpu_alloc_gb=0.272 gpu_reserved_gb=1.539
[ssl_epoch=34/50] ssl_loss=0.044369 lr=0.00004732 base_val_bce=0.648736 base_best=N base_cls_epoch=25 epoch_sec=4.2 elapsed_min=3.9 gpu_alloc_gb=0.272 gpu_reserved_gb=1.539
[repeat=2 fold=5] [epoch=35/50] ssl_loss=0.049566 lr=0.00004227 base_val_bce=0.640586 base_best=N base_cls_epoch=23 epoch_sec=4.4 task_elapsed_min=4.0 gpu_alloc_gb=0.272 gpu_reserved_gb=1.539
[ssl_epoch=35/50] ssl_loss=0.049566 lr=0.00004227 base_val_bce=0.640586 base_best=N base_cls_epoch=23 epoch_sec=4.4 elapsed_min=4.0 gpu_alloc_gb=0.272 gpu_reserved_gb=1.539
[repeat=2 fold=5] [epoch=36/50] ssl_loss=0.069568 lr=0.00003739 base_val_bce=0.629270 base_best=N base_cls_epoch=27 epoch_sec=4.4 task_elapsed_min=4.1 gpu_alloc_gb=0.272 gpu_reserved_gb=1.539
[ssl_epoch=36/50] ssl_loss=0.069568 lr=0.00003739 base_val_bce=0.629270 base_best=N base_cls_epoch=27 epoch_sec=4.4 elapsed_min=4.1 gpu_alloc_gb=0.272 gpu_reserved_gb=1.539
[repeat=2 fold=5] [epoch=37/50] ssl_loss=0.039820 lr=0.00003270 base_val_bce=0.629227 base_best=N base_cls_epoch=23 epoch_sec=4.5 task_elapsed_min=4.2 gpu_alloc_gb=0.272 gpu_reserved_gb=1.539
[ssl_epoch=37/50] ssl_loss=0.039820 lr=0.00003270 base_val_bce=0.629227 base_best=N base_cls_epoch=23 epoch_sec=4.5 elapsed_min=4.2 gpu_alloc_gb=0.272 gpu_reserved_gb=1.539
[repeat=2 fold=5] [epoch=38/50] ssl_loss=0.046611 lr=0.00002823 base_val_bce=0.643424 base_best=N base_cls_epoch=27 epoch_sec=4.6 task_elapsed_min=4.2 gpu_alloc_gb=0.272 gpu_reserved_gb=1.539
[ssl_epoch=38/50] ssl_loss=0.046611 lr=0.00002823 base_val_bce=0.643424 base_best=N base_cls_epoch=27 epoch_sec=4.6 elapsed_min=4.2 gpu_alloc_gb=0.272 gpu_reserved_gb=1.539
[repeat=2 fold=5] [epoch=39/50] ssl_loss=0.049280 lr=0.00002401 base_val_bce=0.650362 base_best=N base_cls_epoch=20 epoch_sec=4.1 task_elapsed_min=4.3 gpu_alloc_gb=0.272 gpu_reserved_gb=1.539
[ssl_epoch=39/50] ssl_loss=0.049280 lr=0.00002401 base_val_bce=0.650362 base_best=N base_cls_epoch=20 epoch_sec=4.1 elapsed_min=4.3 gpu_alloc_gb=0.272 gpu_reserved_gb=1.539
CHECKPOINT_LATEST repeat=2 scope=internal_cv fold=5 phase=ssl epoch=40 path=/data/adodas/VarCoNet-V2-main/xiaolunwen/experiment3/checkpoints/worker_r2_latest.pt
[repeat=2 fold=5] [epoch=40/50] ssl_loss=0.044206 lr=0.00002006 base_val_bce=0.644892 base_best=N base_cls_epoch=26 epoch_sec=4.9 task_elapsed_min=4.4 gpu_alloc_gb=0.272 gpu_reserved_gb=1.539
[ssl_epoch=40/50] ssl_loss=0.044206 lr=0.00002006 base_val_bce=0.644892 base_best=N base_cls_epoch=26 epoch_sec=4.9 elapsed_min=4.4 gpu_alloc_gb=0.272 gpu_reserved_gb=1.539
[repeat=2 fold=5] [epoch=41/50] ssl_loss=0.040099 lr=0.00001641 base_val_bce=0.637300 base_best=N base_cls_epoch=25 epoch_sec=4.4 task_elapsed_min=4.5 gpu_alloc_gb=0.272 gpu_reserved_gb=1.539
[ssl_epoch=41/50] ssl_loss=0.040099 lr=0.00001641 base_val_bce=0.637300 base_best=N base_cls_epoch=25 epoch_sec=4.7 elapsed_min=4.5 gpu_alloc_gb=0.272 gpu_reserved_gb=1.539
[repeat=2 fold=5] [epoch=42/50] ssl_loss=0.040520 lr=0.00001308 base_val_bce=0.642338 base_best=N base_cls_epoch=25 epoch_sec=4.5 task_elapsed_min=4.5 gpu_alloc_gb=0.272 gpu_reserved_gb=1.539
[ssl_epoch=42/50] ssl_loss=0.040520 lr=0.00001308 base_val_bce=0.642338 base_best=N base_cls_epoch=25 epoch_sec=4.5 elapsed_min=4.5 gpu_alloc_gb=0.272 gpu_reserved_gb=1.539
[repeat=2 fold=5] [epoch=43/50] ssl_loss=0.040684 lr=0.00001009 base_val_bce=0.635884 base_best=N base_cls_epoch=24 epoch_sec=5.5 task_elapsed_min=4.6 gpu_alloc_gb=0.272 gpu_reserved_gb=1.539
[ssl_epoch=43/50] ssl_loss=0.040684 lr=0.00001009 base_val_bce=0.635884 base_best=N base_cls_epoch=24 epoch_sec=5.5 elapsed_min=4.6 gpu_alloc_gb=0.272 gpu_reserved_gb=1.539
[repeat=2 fold=5] [epoch=44/50] ssl_loss=0.051615 lr=0.00000746 base_val_bce=0.639767 base_best=N base_cls_epoch=23 epoch_sec=5.3 task_elapsed_min=4.7 gpu_alloc_gb=0.272 gpu_reserved_gb=1.539
[ssl_epoch=44/50] ssl_loss=0.051615 lr=0.00000746 base_val_bce=0.639767 base_best=N base_cls_epoch=23 epoch_sec=5.4 elapsed_min=4.7 gpu_alloc_gb=0.272 gpu_reserved_gb=1.539
[repeat=2 fold=5] [epoch=45/50] ssl_loss=0.040068 lr=0.00000521 base_val_bce=0.640744 base_best=N base_cls_epoch=25 epoch_sec=5.4 task_elapsed_min=4.8 gpu_alloc_gb=0.272 gpu_reserved_gb=1.539
[ssl_epoch=45/50] ssl_loss=0.040068 lr=0.00000521 base_val_bce=0.640744 base_best=N base_cls_epoch=25 epoch_sec=5.4 elapsed_min=4.8 gpu_alloc_gb=0.272 gpu_reserved_gb=1.539
[repeat=2 fold=5] [epoch=46/50] ssl_loss=0.043591 lr=0.00000335 base_val_bce=0.645366 base_best=N base_cls_epoch=24 epoch_sec=5.4 task_elapsed_min=4.9 gpu_alloc_gb=0.272 gpu_reserved_gb=1.539
[ssl_epoch=46/50] ssl_loss=0.043591 lr=0.00000335 base_val_bce=0.645366 base_best=N base_cls_epoch=24 epoch_sec=5.4 elapsed_min=4.9 gpu_alloc_gb=0.272 gpu_reserved_gb=1.539
[repeat=2 fold=5] [epoch=47/50] ssl_loss=0.046139 lr=0.00000189 base_val_bce=0.652261 base_best=N base_cls_epoch=23 epoch_sec=5.5 task_elapsed_min=5.0 gpu_alloc_gb=0.272 gpu_reserved_gb=1.539
[ssl_epoch=47/50] ssl_loss=0.046139 lr=0.00000189 base_val_bce=0.652261 base_best=N base_cls_epoch=23 epoch_sec=5.7 elapsed_min=5.0 gpu_alloc_gb=0.272 gpu_reserved_gb=1.539
[repeat=2 fold=5] [epoch=48/50] ssl_loss=0.045902 lr=0.00000084 base_val_bce=0.639513 base_best=N base_cls_epoch=26 epoch_sec=5.6 task_elapsed_min=5.1 gpu_alloc_gb=0.272 gpu_reserved_gb=1.539
[ssl_epoch=48/50] ssl_loss=0.045902 lr=0.00000084 base_val_bce=0.639513 base_best=N base_cls_epoch=26 epoch_sec=5.6 elapsed_min=5.1 gpu_alloc_gb=0.272 gpu_reserved_gb=1.539
[repeat=2 fold=5] [epoch=49/50] ssl_loss=0.036199 lr=0.00000021 base_val_bce=0.638494 base_best=N base_cls_epoch=24 epoch_sec=5.5 task_elapsed_min=5.2 gpu_alloc_gb=0.272 gpu_reserved_gb=1.539
[ssl_epoch=49/50] ssl_loss=0.036199 lr=0.00000021 base_val_bce=0.638494 base_best=N base_cls_epoch=24 epoch_sec=5.5 elapsed_min=5.2 gpu_alloc_gb=0.272 gpu_reserved_gb=1.539
CHECKPOINT_LATEST repeat=2 scope=internal_cv fold=5 phase=ssl epoch=50 path=/data/adodas/VarCoNet-V2-main/xiaolunwen/experiment3/checkpoints/worker_r2_latest.pt
[repeat=2 fold=5] [epoch=50/50] ssl_loss=0.036420 lr=0.00000000 base_val_bce=0.637226 base_best=N base_cls_epoch=25 epoch_sec=6.7 task_elapsed_min=5.3 gpu_alloc_gb=0.272 gpu_reserved_gb=1.539
[ssl_epoch=50/50] ssl_loss=0.036420 lr=0.00000000 base_val_bce=0.637226 base_best=N base_cls_epoch=25 epoch_sec=6.7 elapsed_min=5.3 gpu_alloc_gb=0.272 gpu_reserved_gb=1.539
[MODULE_DISCOVERY] repeat=2 fold=5 n_unique_subjects=674 n_modules=32 module_size_min=7 module_size_mean=12.000 module_size_max=20 singleton_modules=0 meta_dim=528 empty_meta_bins=0 affinity_mean=0.18910177 affinity_std=0.04552494 affinity_max=0.80601269 elapsed_sec=0.03
[HIGH_ORDER_RESIDUAL] repeat=2 fold=5 epoch=0 train_bce=NA val_bce=0.620979 best=Y best_epoch=0 head_l2=0.000000 elapsed_sec=318.77
CHECKPOINT_BEST repeat=2 scope=internal_cv fold=5 phase=high_order_residual epoch=0 path=/data/adodas/VarCoNet-V2-main/xiaolunwen/experiment3/checkpoints/worker_r2_best.pt
CHECKPOINT_BEST repeat=2 scope=internal_cv fold=5 phase=high_order_residual epoch=1 path=/data/adodas/VarCoNet-V2-main/xiaolunwen/experiment3/checkpoints/worker_r2_best.pt
[HIGH_ORDER_RESIDUAL] repeat=2 fold=5 epoch=1/149 train_bce=0.336384 val_bce=0.620942 best=Y best_epoch=1 head_l2=0.001149 elapsed_sec=0.61
CHECKPOINT_BEST repeat=2 scope=internal_cv fold=5 phase=high_order_residual epoch=2 path=/data/adodas/VarCoNet-V2-main/xiaolunwen/experiment3/checkpoints/worker_r2_best.pt
[HIGH_ORDER_RESIDUAL] repeat=2 fold=5 epoch=2/149 train_bce=0.336193 val_bce=0.620906 best=Y best_epoch=2 head_l2=0.002297 elapsed_sec=0.19
CHECKPOINT_BEST repeat=2 scope=internal_cv fold=5 phase=high_order_residual epoch=3 path=/data/adodas/VarCoNet-V2-main/xiaolunwen/experiment3/checkpoints/worker_r2_best.pt
[HIGH_ORDER_RESIDUAL] repeat=2 fold=5 epoch=3/149 train_bce=0.336003 val_bce=0.620870 best=Y best_epoch=3 head_l2=0.003445 elapsed_sec=0.23
CHECKPOINT_BEST repeat=2 scope=internal_cv fold=5 phase=high_order_residual epoch=4 path=/data/adodas/VarCoNet-V2-main/xiaolunwen/experiment3/checkpoints/worker_r2_best.pt
[HIGH_ORDER_RESIDUAL] repeat=2 fold=5 epoch=4/149 train_bce=0.335813 val_bce=0.620834 best=Y best_epoch=4 head_l2=0.004591 elapsed_sec=0.39
CHECKPOINT_BEST repeat=2 scope=internal_cv fold=5 phase=high_order_residual epoch=5 path=/data/adodas/VarCoNet-V2-main/xiaolunwen/experiment3/checkpoints/worker_r2_best.pt
[HIGH_ORDER_RESIDUAL] repeat=2 fold=5 epoch=5/149 train_bce=0.335623 val_bce=0.620800 best=Y best_epoch=5 head_l2=0.005736 elapsed_sec=0.19
CHECKPOINT_BEST repeat=2 scope=internal_cv fold=5 phase=high_order_residual epoch=6 path=/data/adodas/VarCoNet-V2-main/xiaolunwen/experiment3/checkpoints/worker_r2_best.pt
[HIGH_ORDER_RESIDUAL] repeat=2 fold=5 epoch=6/149 train_bce=0.335434 val_bce=0.620765 best=Y best_epoch=6 head_l2=0.006879 elapsed_sec=0.44
CHECKPOINT_BEST repeat=2 scope=internal_cv fold=5 phase=high_order_residual epoch=7 path=/data/adodas/VarCoNet-V2-main/xiaolunwen/experiment3/checkpoints/worker_r2_best.pt
[HIGH_ORDER_RESIDUAL] repeat=2 fold=5 epoch=7/149 train_bce=0.335245 val_bce=0.620731 best=Y best_epoch=7 head_l2=0.008020 elapsed_sec=1.14
CHECKPOINT_BEST repeat=2 scope=internal_cv fold=5 phase=high_order_residual epoch=8 path=/data/adodas/VarCoNet-V2-main/xiaolunwen/experiment3/checkpoints/worker_r2_best.pt
[HIGH_ORDER_RESIDUAL] repeat=2 fold=5 epoch=8/149 train_bce=0.335057 val_bce=0.620697 best=Y best_epoch=8 head_l2=0.009161 elapsed_sec=0.59
CHECKPOINT_BEST repeat=2 scope=internal_cv fold=5 phase=high_order_residual epoch=9 path=/data/adodas/VarCoNet-V2-main/xiaolunwen/experiment3/checkpoints/worker_r2_best.pt
[HIGH_ORDER_RESIDUAL] repeat=2 fold=5 epoch=9/149 train_bce=0.334869 val_bce=0.620662 best=Y best_epoch=9 head_l2=0.010300 elapsed_sec=0.26
CHECKPOINT_BEST repeat=2 scope=internal_cv fold=5 phase=high_order_residual epoch=10 path=/data/adodas/VarCoNet-V2-main/xiaolunwen/experiment3/checkpoints/worker_r2_best.pt
[HIGH_ORDER_RESIDUAL] repeat=2 fold=5 epoch=10/149 train_bce=0.334681 val_bce=0.620628 best=Y best_epoch=10 head_l2=0.011439 elapsed_sec=0.24
CHECKPOINT_BEST repeat=2 scope=internal_cv fold=5 phase=high_order_residual epoch=11 path=/data/adodas/VarCoNet-V2-main/xiaolunwen/experiment3/checkpoints/worker_r2_best.pt
[HIGH_ORDER_RESIDUAL] repeat=2 fold=5 epoch=11/149 train_bce=0.334494 val_bce=0.620593 best=Y best_epoch=11 head_l2=0.012576 elapsed_sec=0.28
CHECKPOINT_BEST repeat=2 scope=internal_cv fold=5 phase=high_order_residual epoch=12 path=/data/adodas/VarCoNet-V2-main/xiaolunwen/experiment3/checkpoints/worker_r2_best.pt
[HIGH_ORDER_RESIDUAL] repeat=2 fold=5 epoch=12/149 train_bce=0.334307 val_bce=0.620558 best=Y best_epoch=12 head_l2=0.013713 elapsed_sec=0.19
CHECKPOINT_BEST repeat=2 scope=internal_cv fold=5 phase=high_order_residual epoch=13 path=/data/adodas/VarCoNet-V2-main/xiaolunwen/experiment3/checkpoints/worker_r2_best.pt
[HIGH_ORDER_RESIDUAL] repeat=2 fold=5 epoch=13/149 train_bce=0.334121 val_bce=0.620523 best=Y best_epoch=13 head_l2=0.014849 elapsed_sec=0.23
CHECKPOINT_BEST repeat=2 scope=internal_cv fold=5 phase=high_order_residual epoch=14 path=/data/adodas/VarCoNet-V2-main/xiaolunwen/experiment3/checkpoints/worker_r2_best.pt
[HIGH_ORDER_RESIDUAL] repeat=2 fold=5 epoch=14/149 train_bce=0.333935 val_bce=0.620488 best=Y best_epoch=14 head_l2=0.015983 elapsed_sec=0.34
CHECKPOINT_BEST repeat=2 scope=internal_cv fold=5 phase=high_order_residual epoch=15 path=/data/adodas/VarCoNet-V2-main/xiaolunwen/experiment3/checkpoints/worker_r2_best.pt
[HIGH_ORDER_RESIDUAL] repeat=2 fold=5 epoch=15/149 train_bce=0.333750 val_bce=0.620453 best=Y best_epoch=15 head_l2=0.017117 elapsed_sec=0.46
CHECKPOINT_BEST repeat=2 scope=internal_cv fold=5 phase=high_order_residual epoch=16 path=/data/adodas/VarCoNet-V2-main/xiaolunwen/experiment3/checkpoints/worker_r2_best.pt
[HIGH_ORDER_RESIDUAL] repeat=2 fold=5 epoch=16/149 train_bce=0.333565 val_bce=0.620417 best=Y best_epoch=16 head_l2=0.018250 elapsed_sec=0.23
CHECKPOINT_BEST repeat=2 scope=internal_cv fold=5 phase=high_order_residual epoch=17 path=/data/adodas/VarCoNet-V2-main/xiaolunwen/experiment3/checkpoints/worker_r2_best.pt
[HIGH_ORDER_RESIDUAL] repeat=2 fold=5 epoch=17/149 train_bce=0.333380 val_bce=0.620382 best=Y best_epoch=17 head_l2=0.019382 elapsed_sec=0.24
CHECKPOINT_BEST repeat=2 scope=internal_cv fold=5 phase=high_order_residual epoch=18 path=/data/adodas/VarCoNet-V2-main/xiaolunwen/experiment3/checkpoints/worker_r2_best.pt
[HIGH_ORDER_RESIDUAL] repeat=2 fold=5 epoch=18/149 train_bce=0.333196 val_bce=0.620347 best=Y best_epoch=18 head_l2=0.020512 elapsed_sec=0.20
CHECKPOINT_BEST repeat=2 scope=internal_cv fold=5 phase=high_order_residual epoch=19 path=/data/adodas/VarCoNet-V2-main/xiaolunwen/experiment3/checkpoints/worker_r2_best.pt
[HIGH_ORDER_RESIDUAL] repeat=2 fold=5 epoch=19/149 train_bce=0.333012 val_bce=0.620313 best=Y best_epoch=19 head_l2=0.021642 elapsed_sec=0.20
CHECKPOINT_BEST repeat=2 scope=internal_cv fold=5 phase=high_order_residual epoch=20 path=/data/adodas/VarCoNet-V2-main/xiaolunwen/experiment3/checkpoints/worker_r2_best.pt
[HIGH_ORDER_RESIDUAL] repeat=2 fold=5 epoch=20/149 train_bce=0.332829 val_bce=0.620278 best=Y best_epoch=20 head_l2=0.022770 elapsed_sec=0.29
CHECKPOINT_BEST repeat=2 scope=internal_cv fold=5 phase=high_order_residual epoch=21 path=/data/adodas/VarCoNet-V2-main/xiaolunwen/experiment3/checkpoints/worker_r2_best.pt
[HIGH_ORDER_RESIDUAL] repeat=2 fold=5 epoch=21/149 train_bce=0.332646 val_bce=0.620244 best=Y best_epoch=21 head_l2=0.023897 elapsed_sec=0.41
CHECKPOINT_BEST repeat=2 scope=internal_cv fold=5 phase=high_order_residual epoch=22 path=/data/adodas/VarCoNet-V2-main/xiaolunwen/experiment3/checkpoints/worker_r2_best.pt
[HIGH_ORDER_RESIDUAL] repeat=2 fold=5 epoch=22/149 train_bce=0.332464 val_bce=0.620210 best=Y best_epoch=22 head_l2=0.025023 elapsed_sec=0.29
CHECKPOINT_BEST repeat=2 scope=internal_cv fold=5 phase=high_order_residual epoch=23 path=/data/adodas/VarCoNet-V2-main/xiaolunwen/experiment3/checkpoints/worker_r2_best.pt
[HIGH_ORDER_RESIDUAL] repeat=2 fold=5 epoch=23/149 train_bce=0.332282 val_bce=0.620176 best=Y best_epoch=23 head_l2=0.026148 elapsed_sec=0.33
CHECKPOINT_BEST repeat=2 scope=internal_cv fold=5 phase=high_order_residual epoch=24 path=/data/adodas/VarCoNet-V2-main/xiaolunwen/experiment3/checkpoints/worker_r2_best.pt
[HIGH_ORDER_RESIDUAL] repeat=2 fold=5 epoch=24/149 train_bce=0.332100 val_bce=0.620142 best=Y best_epoch=24 head_l2=0.027271 elapsed_sec=0.20
CHECKPOINT_BEST repeat=2 scope=internal_cv fold=5 phase=high_order_residual epoch=25 path=/data/adodas/VarCoNet-V2-main/xiaolunwen/experiment3/checkpoints/worker_r2_best.pt
[HIGH_ORDER_RESIDUAL] repeat=2 fold=5 epoch=25/149 train_bce=0.331919 val_bce=0.620108 best=Y best_epoch=25 head_l2=0.028393 elapsed_sec=0.33
CHECKPOINT_BEST repeat=2 scope=internal_cv fold=5 phase=high_order_residual epoch=26 path=/data/adodas/VarCoNet-V2-main/xiaolunwen/experiment3/checkpoints/worker_r2_best.pt
[HIGH_ORDER_RESIDUAL] repeat=2 fold=5 epoch=26/149 train_bce=0.331739 val_bce=0.620074 best=Y best_epoch=26 head_l2=0.029513 elapsed_sec=0.18
CHECKPOINT_BEST repeat=2 scope=internal_cv fold=5 phase=high_order_residual epoch=27 path=/data/adodas/VarCoNet-V2-main/xiaolunwen/experiment3/checkpoints/worker_r2_best.pt
[HIGH_ORDER_RESIDUAL] repeat=2 fold=5 epoch=27/149 train_bce=0.331559 val_bce=0.620041 best=Y best_epoch=27 head_l2=0.030632 elapsed_sec=0.30
CHECKPOINT_BEST repeat=2 scope=internal_cv fold=5 phase=high_order_residual epoch=28 path=/data/adodas/VarCoNet-V2-main/xiaolunwen/experiment3/checkpoints/worker_r2_best.pt
[HIGH_ORDER_RESIDUAL] repeat=2 fold=5 epoch=28/149 train_bce=0.331379 val_bce=0.620007 best=Y best_epoch=28 head_l2=0.031749 elapsed_sec=0.49
CHECKPOINT_BEST repeat=2 scope=internal_cv fold=5 phase=high_order_residual epoch=29 path=/data/adodas/VarCoNet-V2-main/xiaolunwen/experiment3/checkpoints/worker_r2_best.pt
[HIGH_ORDER_RESIDUAL] repeat=2 fold=5 epoch=29/149 train_bce=0.331200 val_bce=0.619974 best=Y best_epoch=29 head_l2=0.032864 elapsed_sec=0.62
CHECKPOINT_BEST repeat=2 scope=internal_cv fold=5 phase=high_order_residual epoch=30 path=/data/adodas/VarCoNet-V2-main/xiaolunwen/experiment3/checkpoints/worker_r2_best.pt
[HIGH_ORDER_RESIDUAL] repeat=2 fold=5 epoch=30/149 train_bce=0.331021 val_bce=0.619942 best=Y best_epoch=30 head_l2=0.033977 elapsed_sec=0.44
CHECKPOINT_BEST repeat=2 scope=internal_cv fold=5 phase=high_order_residual epoch=31 path=/data/adodas/VarCoNet-V2-main/xiaolunwen/experiment3/checkpoints/worker_r2_best.pt
[HIGH_ORDER_RESIDUAL] repeat=2 fold=5 epoch=31/149 train_bce=0.330842 val_bce=0.619909 best=Y best_epoch=31 head_l2=0.035089 elapsed_sec=0.31
CHECKPOINT_BEST repeat=2 scope=internal_cv fold=5 phase=high_order_residual epoch=32 path=/data/adodas/VarCoNet-V2-main/xiaolunwen/experiment3/checkpoints/worker_r2_best.pt
[HIGH_ORDER_RESIDUAL] repeat=2 fold=5 epoch=32/149 train_bce=0.330664 val_bce=0.619877 best=Y best_epoch=32 head_l2=0.036199 elapsed_sec=0.20
CHECKPOINT_BEST repeat=2 scope=internal_cv fold=5 phase=high_order_residual epoch=33 path=/data/adodas/VarCoNet-V2-main/xiaolunwen/experiment3/checkpoints/worker_r2_best.pt
[HIGH_ORDER_RESIDUAL] repeat=2 fold=5 epoch=33/149 train_bce=0.330487 val_bce=0.619844 best=Y best_epoch=33 head_l2=0.037307 elapsed_sec=0.18
CHECKPOINT_BEST repeat=2 scope=internal_cv fold=5 phase=high_order_residual epoch=34 path=/data/adodas/VarCoNet-V2-main/xiaolunwen/experiment3/checkpoints/worker_r2_best.pt
[HIGH_ORDER_RESIDUAL] repeat=2 fold=5 epoch=34/149 train_bce=0.330310 val_bce=0.619812 best=Y best_epoch=34 head_l2=0.038413 elapsed_sec=0.52
CHECKPOINT_BEST repeat=2 scope=internal_cv fold=5 phase=high_order_residual epoch=35 path=/data/adodas/VarCoNet-V2-main/xiaolunwen/experiment3/checkpoints/worker_r2_best.pt
[HIGH_ORDER_RESIDUAL] repeat=2 fold=5 epoch=35/149 train_bce=0.330133 val_bce=0.619780 best=Y best_epoch=35 head_l2=0.039517 elapsed_sec=0.21
CHECKPOINT_BEST repeat=2 scope=internal_cv fold=5 phase=high_order_residual epoch=36 path=/data/adodas/VarCoNet-V2-main/xiaolunwen/experiment3/checkpoints/worker_r2_best.pt
[HIGH_ORDER_RESIDUAL] repeat=2 fold=5 epoch=36/149 train_bce=0.329957 val_bce=0.619748 best=Y best_epoch=36 head_l2=0.040620 elapsed_sec=0.48
CHECKPOINT_BEST repeat=2 scope=internal_cv fold=5 phase=high_order_residual epoch=37 path=/data/adodas/VarCoNet-V2-main/xiaolunwen/experiment3/checkpoints/worker_r2_best.pt
[HIGH_ORDER_RESIDUAL] repeat=2 fold=5 epoch=37/149 train_bce=0.329781 val_bce=0.619717 best=Y best_epoch=37 head_l2=0.041720 elapsed_sec=0.34
CHECKPOINT_BEST repeat=2 scope=internal_cv fold=5 phase=high_order_residual epoch=38 path=/data/adodas/VarCoNet-V2-main/xiaolunwen/experiment3/checkpoints/worker_r2_best.pt
[HIGH_ORDER_RESIDUAL] repeat=2 fold=5 epoch=38/149 train_bce=0.329606 val_bce=0.619685 best=Y best_epoch=38 head_l2=0.042819 elapsed_sec=0.28
CHECKPOINT_BEST repeat=2 scope=internal_cv fold=5 phase=high_order_residual epoch=39 path=/data/adodas/VarCoNet-V2-main/xiaolunwen/experiment3/checkpoints/worker_r2_best.pt
[HIGH_ORDER_RESIDUAL] repeat=2 fold=5 epoch=39/149 train_bce=0.329431 val_bce=0.619654 best=Y best_epoch=39 head_l2=0.043916 elapsed_sec=0.32
CHECKPOINT_BEST repeat=2 scope=internal_cv fold=5 phase=high_order_residual epoch=40 path=/data/adodas/VarCoNet-V2-main/xiaolunwen/experiment3/checkpoints/worker_r2_best.pt
[HIGH_ORDER_RESIDUAL] repeat=2 fold=5 epoch=40/149 train_bce=0.329256 val_bce=0.619623 best=Y best_epoch=40 head_l2=0.045012 elapsed_sec=0.26
CHECKPOINT_BEST repeat=2 scope=internal_cv fold=5 phase=high_order_residual epoch=41 path=/data/adodas/VarCoNet-V2-main/xiaolunwen/experiment3/checkpoints/worker_r2_best.pt
[HIGH_ORDER_RESIDUAL] repeat=2 fold=5 epoch=41/149 train_bce=0.329082 val_bce=0.619592 best=Y best_epoch=41 head_l2=0.046105 elapsed_sec=0.37
CHECKPOINT_BEST repeat=2 scope=internal_cv fold=5 phase=high_order_residual epoch=42 path=/data/adodas/VarCoNet-V2-main/xiaolunwen/experiment3/checkpoints/worker_r2_best.pt
[HIGH_ORDER_RESIDUAL] repeat=2 fold=5 epoch=42/149 train_bce=0.328909 val_bce=0.619561 best=Y best_epoch=42 head_l2=0.047197 elapsed_sec=0.31
CHECKPOINT_BEST repeat=2 scope=internal_cv fold=5 phase=high_order_residual epoch=43 path=/data/adodas/VarCoNet-V2-main/xiaolunwen/experiment3/checkpoints/worker_r2_best.pt
[HIGH_ORDER_RESIDUAL] repeat=2 fold=5 epoch=43/149 train_bce=0.328735 val_bce=0.619530 best=Y best_epoch=43 head_l2=0.048287 elapsed_sec=0.35
CHECKPOINT_BEST repeat=2 scope=internal_cv fold=5 phase=high_order_residual epoch=44 path=/data/adodas/VarCoNet-V2-main/xiaolunwen/experiment3/checkpoints/worker_r2_best.pt
[HIGH_ORDER_RESIDUAL] repeat=2 fold=5 epoch=44/149 train_bce=0.328563 val_bce=0.619500 best=Y best_epoch=44 head_l2=0.049375 elapsed_sec=0.52
CHECKPOINT_BEST repeat=2 scope=internal_cv fold=5 phase=high_order_residual epoch=45 path=/data/adodas/VarCoNet-V2-main/xiaolunwen/experiment3/checkpoints/worker_r2_best.pt
[HIGH_ORDER_RESIDUAL] repeat=2 fold=5 epoch=45/149 train_bce=0.328390 val_bce=0.619470 best=Y best_epoch=45 head_l2=0.050462 elapsed_sec=0.44
CHECKPOINT_BEST repeat=2 scope=internal_cv fold=5 phase=high_order_residual epoch=46 path=/data/adodas/VarCoNet-V2-main/xiaolunwen/experiment3/checkpoints/worker_r2_best.pt
[HIGH_ORDER_RESIDUAL] repeat=2 fold=5 epoch=46/149 train_bce=0.328218 val_bce=0.619440 best=Y best_epoch=46 head_l2=0.051547 elapsed_sec=0.31
CHECKPOINT_BEST repeat=2 scope=internal_cv fold=5 phase=high_order_residual epoch=47 path=/data/adodas/VarCoNet-V2-main/xiaolunwen/experiment3/checkpoints/worker_r2_best.pt
[HIGH_ORDER_RESIDUAL] repeat=2 fold=5 epoch=47/149 train_bce=0.328047 val_bce=0.619410 best=Y best_epoch=47 head_l2=0.052630 elapsed_sec=0.24
CHECKPOINT_BEST repeat=2 scope=internal_cv fold=5 phase=high_order_residual epoch=48 path=/data/adodas/VarCoNet-V2-main/xiaolunwen/experiment3/checkpoints/worker_r2_best.pt
[HIGH_ORDER_RESIDUAL] repeat=2 fold=5 epoch=48/149 train_bce=0.327876 val_bce=0.619380 best=Y best_epoch=48 head_l2=0.053712 elapsed_sec=0.40
CHECKPOINT_BEST repeat=2 scope=internal_cv fold=5 phase=high_order_residual epoch=49 path=/data/adodas/VarCoNet-V2-main/xiaolunwen/experiment3/checkpoints/worker_r2_best.pt
[HIGH_ORDER_RESIDUAL] repeat=2 fold=5 epoch=49/149 train_bce=0.327705 val_bce=0.619351 best=Y best_epoch=49 head_l2=0.054791 elapsed_sec=0.36
CHECKPOINT_BEST repeat=2 scope=internal_cv fold=5 phase=high_order_residual epoch=50 path=/data/adodas/VarCoNet-V2-main/xiaolunwen/experiment3/checkpoints/worker_r2_best.pt
[HIGH_ORDER_RESIDUAL] repeat=2 fold=5 epoch=50/149 train_bce=0.327534 val_bce=0.619322 best=Y best_epoch=50 head_l2=0.055870 elapsed_sec=0.40
CHECKPOINT_BEST repeat=2 scope=internal_cv fold=5 phase=high_order_residual epoch=51 path=/data/adodas/VarCoNet-V2-main/xiaolunwen/experiment3/checkpoints/worker_r2_best.pt
[HIGH_ORDER_RESIDUAL] repeat=2 fold=5 epoch=51/149 train_bce=0.327365 val_bce=0.619293 best=Y best_epoch=51 head_l2=0.056947 elapsed_sec=0.96
CHECKPOINT_BEST repeat=2 scope=internal_cv fold=5 phase=high_order_residual epoch=52 path=/data/adodas/VarCoNet-V2-main/xiaolunwen/experiment3/checkpoints/worker_r2_best.pt
[HIGH_ORDER_RESIDUAL] repeat=2 fold=5 epoch=52/149 train_bce=0.327195 val_bce=0.619264 best=Y best_epoch=52 head_l2=0.058022 elapsed_sec=0.52
CHECKPOINT_BEST repeat=2 scope=internal_cv fold=5 phase=high_order_residual epoch=53 path=/data/adodas/VarCoNet-V2-main/xiaolunwen/experiment3/checkpoints/worker_r2_best.pt
[HIGH_ORDER_RESIDUAL] repeat=2 fold=5 epoch=53/149 train_bce=0.327026 val_bce=0.619236 best=Y best_epoch=53 head_l2=0.059096 elapsed_sec=0.39
CHECKPOINT_BEST repeat=2 scope=internal_cv fold=5 phase=high_order_residual epoch=54 path=/data/adodas/VarCoNet-V2-main/xiaolunwen/experiment3/checkpoints/worker_r2_best.pt
[HIGH_ORDER_RESIDUAL] repeat=2 fold=5 epoch=54/149 train_bce=0.326857 val_bce=0.619208 best=Y best_epoch=54 head_l2=0.060168 elapsed_sec=0.48
CHECKPOINT_BEST repeat=2 scope=internal_cv fold=5 phase=high_order_residual epoch=55 path=/data/adodas/VarCoNet-V2-main/xiaolunwen/experiment3/checkpoints/worker_r2_best.pt
[HIGH_ORDER_RESIDUAL] repeat=2 fold=5 epoch=55/149 train_bce=0.326689 val_bce=0.619180 best=Y best_epoch=55 head_l2=0.061239 elapsed_sec=0.32
CHECKPOINT_BEST repeat=2 scope=internal_cv fold=5 phase=high_order_residual epoch=56 path=/data/adodas/VarCoNet-V2-main/xiaolunwen/experiment3/checkpoints/worker_r2_best.pt
[HIGH_ORDER_RESIDUAL] repeat=2 fold=5 epoch=56/149 train_bce=0.326521 val_bce=0.619152 best=Y best_epoch=56 head_l2=0.062308 elapsed_sec=0.58
CHECKPOINT_BEST repeat=2 scope=internal_cv fold=5 phase=high_order_residual epoch=57 path=/data/adodas/VarCoNet-V2-main/xiaolunwen/experiment3/checkpoints/worker_r2_best.pt
[HIGH_ORDER_RESIDUAL] repeat=2 fold=5 epoch=57/149 train_bce=0.326353 val_bce=0.619125 best=Y best_epoch=57 head_l2=0.063376 elapsed_sec=0.47
CHECKPOINT_BEST repeat=2 scope=internal_cv fold=5 phase=high_order_residual epoch=58 path=/data/adodas/VarCoNet-V2-main/xiaolunwen/experiment3/checkpoints/worker_r2_best.pt
[HIGH_ORDER_RESIDUAL] repeat=2 fold=5 epoch=58/149 train_bce=0.326186 val_bce=0.619098 best=Y best_epoch=58 head_l2=0.064442 elapsed_sec=0.34
CHECKPOINT_BEST repeat=2 scope=internal_cv fold=5 phase=high_order_residual epoch=59 path=/data/adodas/VarCoNet-V2-main/xiaolunwen/experiment3/checkpoints/worker_r2_best.pt
[HIGH_ORDER_RESIDUAL] repeat=2 fold=5 epoch=59/149 train_bce=0.326019 val_bce=0.619072 best=Y best_epoch=59 head_l2=0.065507 elapsed_sec=0.29
CHECKPOINT_BEST repeat=2 scope=internal_cv fold=5 phase=high_order_residual epoch=60 path=/data/adodas/VarCoNet-V2-main/xiaolunwen/experiment3/checkpoints/worker_r2_best.pt
[HIGH_ORDER_RESIDUAL] repeat=2 fold=5 epoch=60/149 train_bce=0.325853 val_bce=0.619045 best=Y best_epoch=60 head_l2=0.066571 elapsed_sec=0.27
CHECKPOINT_BEST repeat=2 scope=internal_cv fold=5 phase=high_order_residual epoch=61 path=/data/adodas/VarCoNet-V2-main/xiaolunwen/experiment3/checkpoints/worker_r2_best.pt
[HIGH_ORDER_RESIDUAL] repeat=2 fold=5 epoch=61/149 train_bce=0.325687 val_bce=0.619019 best=Y best_epoch=61 head_l2=0.067633 elapsed_sec=0.20
CHECKPOINT_BEST repeat=2 scope=internal_cv fold=5 phase=high_order_residual epoch=62 path=/data/adodas/VarCoNet-V2-main/xiaolunwen/experiment3/checkpoints/worker_r2_best.pt
[HIGH_ORDER_RESIDUAL] repeat=2 fold=5 epoch=62/149 train_bce=0.325521 val_bce=0.618994 best=Y best_epoch=62 head_l2=0.068694 elapsed_sec=0.75
CHECKPOINT_BEST repeat=2 scope=internal_cv fold=5 phase=high_order_residual epoch=63 path=/data/adodas/VarCoNet-V2-main/xiaolunwen/experiment3/checkpoints/worker_r2_best.pt
[HIGH_ORDER_RESIDUAL] repeat=2 fold=5 epoch=63/149 train_bce=0.325356 val_bce=0.618968 best=Y best_epoch=63 head_l2=0.069754 elapsed_sec=0.19
CHECKPOINT_BEST repeat=2 scope=internal_cv fold=5 phase=high_order_residual epoch=64 path=/data/adodas/VarCoNet-V2-main/xiaolunwen/experiment3/checkpoints/worker_r2_best.pt
[HIGH_ORDER_RESIDUAL] repeat=2 fold=5 epoch=64/149 train_bce=0.325191 val_bce=0.618943 best=Y best_epoch=64 head_l2=0.070812 elapsed_sec=0.21
CHECKPOINT_BEST repeat=2 scope=internal_cv fold=5 phase=high_order_residual epoch=65 path=/data/adodas/VarCoNet-V2-main/xiaolunwen/experiment3/checkpoints/worker_r2_best.pt
[HIGH_ORDER_RESIDUAL] repeat=2 fold=5 epoch=65/149 train_bce=0.325027 val_bce=0.618919 best=Y best_epoch=65 head_l2=0.071869 elapsed_sec=0.35
CHECKPOINT_BEST repeat=2 scope=internal_cv fold=5 phase=high_order_residual epoch=66 path=/data/adodas/VarCoNet-V2-main/xiaolunwen/experiment3/checkpoints/worker_r2_best.pt
[HIGH_ORDER_RESIDUAL] repeat=2 fold=5 epoch=66/149 train_bce=0.324863 val_bce=0.618895 best=Y best_epoch=66 head_l2=0.072925 elapsed_sec=0.25
CHECKPOINT_BEST repeat=2 scope=internal_cv fold=5 phase=high_order_residual epoch=67 path=/data/adodas/VarCoNet-V2-main/xiaolunwen/experiment3/checkpoints/worker_r2_best.pt
[HIGH_ORDER_RESIDUAL] repeat=2 fold=5 epoch=67/149 train_bce=0.324699 val_bce=0.618871 best=Y best_epoch=67 head_l2=0.073979 elapsed_sec=0.19
CHECKPOINT_BEST repeat=2 scope=internal_cv fold=5 phase=high_order_residual epoch=68 path=/data/adodas/VarCoNet-V2-main/xiaolunwen/experiment3/checkpoints/worker_r2_best.pt
[HIGH_ORDER_RESIDUAL] repeat=2 fold=5 epoch=68/149 train_bce=0.324536 val_bce=0.618847 best=Y best_epoch=68 head_l2=0.075032 elapsed_sec=0.24
CHECKPOINT_BEST repeat=2 scope=internal_cv fold=5 phase=high_order_residual epoch=69 path=/data/adodas/VarCoNet-V2-main/xiaolunwen/experiment3/checkpoints/worker_r2_best.pt
[HIGH_ORDER_RESIDUAL] repeat=2 fold=5 epoch=69/149 train_bce=0.324373 val_bce=0.618824 best=Y best_epoch=69 head_l2=0.076084 elapsed_sec=0.85
CHECKPOINT_BEST repeat=2 scope=internal_cv fold=5 phase=high_order_residual epoch=70 path=/data/adodas/VarCoNet-V2-main/xiaolunwen/experiment3/checkpoints/worker_r2_best.pt
[HIGH_ORDER_RESIDUAL] repeat=2 fold=5 epoch=70/149 train_bce=0.324210 val_bce=0.618801 best=Y best_epoch=70 head_l2=0.077135 elapsed_sec=0.53
CHECKPOINT_BEST repeat=2 scope=internal_cv fold=5 phase=high_order_residual epoch=71 path=/data/adodas/VarCoNet-V2-main/xiaolunwen/experiment3/checkpoints/worker_r2_best.pt
[HIGH_ORDER_RESIDUAL] repeat=2 fold=5 epoch=71/149 train_bce=0.324048 val_bce=0.618779 best=Y best_epoch=71 head_l2=0.078185 elapsed_sec=0.24
CHECKPOINT_BEST repeat=2 scope=internal_cv fold=5 phase=high_order_residual epoch=72 path=/data/adodas/VarCoNet-V2-main/xiaolunwen/experiment3/checkpoints/worker_r2_best.pt
[HIGH_ORDER_RESIDUAL] repeat=2 fold=5 epoch=72/149 train_bce=0.323886 val_bce=0.618757 best=Y best_epoch=72 head_l2=0.079233 elapsed_sec=0.50
CHECKPOINT_BEST repeat=2 scope=internal_cv fold=5 phase=high_order_residual epoch=73 path=/data/adodas/VarCoNet-V2-main/xiaolunwen/experiment3/checkpoints/worker_r2_best.pt
[HIGH_ORDER_RESIDUAL] repeat=2 fold=5 epoch=73/149 train_bce=0.323724 val_bce=0.618735 best=Y best_epoch=73 head_l2=0.080281 elapsed_sec=0.31
CHECKPOINT_BEST repeat=2 scope=internal_cv fold=5 phase=high_order_residual epoch=74 path=/data/adodas/VarCoNet-V2-main/xiaolunwen/experiment3/checkpoints/worker_r2_best.pt
[HIGH_ORDER_RESIDUAL] repeat=2 fold=5 epoch=74/149 train_bce=0.323563 val_bce=0.618713 best=Y best_epoch=74 head_l2=0.081327 elapsed_sec=0.18
CHECKPOINT_BEST repeat=2 scope=internal_cv fold=5 phase=high_order_residual epoch=75 path=/data/adodas/VarCoNet-V2-main/xiaolunwen/experiment3/checkpoints/worker_r2_best.pt
[HIGH_ORDER_RESIDUAL] repeat=2 fold=5 epoch=75/149 train_bce=0.323402 val_bce=0.618693 best=Y best_epoch=75 head_l2=0.082372 elapsed_sec=0.20
CHECKPOINT_BEST repeat=2 scope=internal_cv fold=5 phase=high_order_residual epoch=76 path=/data/adodas/VarCoNet-V2-main/xiaolunwen/experiment3/checkpoints/worker_r2_best.pt
[HIGH_ORDER_RESIDUAL] repeat=2 fold=5 epoch=76/149 train_bce=0.323242 val_bce=0.618672 best=Y best_epoch=76 head_l2=0.083416 elapsed_sec=0.36
CHECKPOINT_BEST repeat=2 scope=internal_cv fold=5 phase=high_order_residual epoch=77 path=/data/adodas/VarCoNet-V2-main/xiaolunwen/experiment3/checkpoints/worker_r2_best.pt
[HIGH_ORDER_RESIDUAL] repeat=2 fold=5 epoch=77/149 train_bce=0.323081 val_bce=0.618652 best=Y best_epoch=77 head_l2=0.084459 elapsed_sec=1.67
CHECKPOINT_BEST repeat=2 scope=internal_cv fold=5 phase=high_order_residual epoch=78 path=/data/adodas/VarCoNet-V2-main/xiaolunwen/experiment3/checkpoints/worker_r2_best.pt
[HIGH_ORDER_RESIDUAL] repeat=2 fold=5 epoch=78/149 train_bce=0.322922 val_bce=0.618632 best=Y best_epoch=78 head_l2=0.085501 elapsed_sec=0.67
CHECKPOINT_BEST repeat=2 scope=internal_cv fold=5 phase=high_order_residual epoch=79 path=/data/adodas/VarCoNet-V2-main/xiaolunwen/experiment3/checkpoints/worker_r2_best.pt
[HIGH_ORDER_RESIDUAL] repeat=2 fold=5 epoch=79/149 train_bce=0.322762 val_bce=0.618612 best=Y best_epoch=79 head_l2=0.086541 elapsed_sec=0.22
CHECKPOINT_BEST repeat=2 scope=internal_cv fold=5 phase=high_order_residual epoch=80 path=/data/adodas/VarCoNet-V2-main/xiaolunwen/experiment3/checkpoints/worker_r2_best.pt
[HIGH_ORDER_RESIDUAL] repeat=2 fold=5 epoch=80/149 train_bce=0.322603 val_bce=0.618593 best=Y best_epoch=80 head_l2=0.087581 elapsed_sec=0.69
CHECKPOINT_BEST repeat=2 scope=internal_cv fold=5 phase=high_order_residual epoch=81 path=/data/adodas/VarCoNet-V2-main/xiaolunwen/experiment3/checkpoints/worker_r2_best.pt
[HIGH_ORDER_RESIDUAL] repeat=2 fold=5 epoch=81/149 train_bce=0.322444 val_bce=0.618574 best=Y best_epoch=81 head_l2=0.088620 elapsed_sec=1.31
CHECKPOINT_BEST repeat=2 scope=internal_cv fold=5 phase=high_order_residual epoch=82 path=/data/adodas/VarCoNet-V2-main/xiaolunwen/experiment3/checkpoints/worker_r2_best.pt
[HIGH_ORDER_RESIDUAL] repeat=2 fold=5 epoch=82/149 train_bce=0.322286 val_bce=0.618556 best=Y best_epoch=82 head_l2=0.089658 elapsed_sec=0.52
CHECKPOINT_BEST repeat=2 scope=internal_cv fold=5 phase=high_order_residual epoch=83 path=/data/adodas/VarCoNet-V2-main/xiaolunwen/experiment3/checkpoints/worker_r2_best.pt
[HIGH_ORDER_RESIDUAL] repeat=2 fold=5 epoch=83/149 train_bce=0.322128 val_bce=0.618537 best=Y best_epoch=83 head_l2=0.090694 elapsed_sec=0.53
CHECKPOINT_BEST repeat=2 scope=internal_cv fold=5 phase=high_order_residual epoch=84 path=/data/adodas/VarCoNet-V2-main/xiaolunwen/experiment3/checkpoints/worker_r2_best.pt
[HIGH_ORDER_RESIDUAL] repeat=2 fold=5 epoch=84/149 train_bce=0.321970 val_bce=0.618520 best=Y best_epoch=84 head_l2=0.091730 elapsed_sec=0.21
CHECKPOINT_BEST repeat=2 scope=internal_cv fold=5 phase=high_order_residual epoch=85 path=/data/adodas/VarCoNet-V2-main/xiaolunwen/experiment3/checkpoints/worker_r2_best.pt
[HIGH_ORDER_RESIDUAL] repeat=2 fold=5 epoch=85/149 train_bce=0.321813 val_bce=0.618502 best=Y best_epoch=85 head_l2=0.092764 elapsed_sec=0.31
CHECKPOINT_BEST repeat=2 scope=internal_cv fold=5 phase=high_order_residual epoch=86 path=/data/adodas/VarCoNet-V2-main/xiaolunwen/experiment3/checkpoints/worker_r2_best.pt
[HIGH_ORDER_RESIDUAL] repeat=2 fold=5 epoch=86/149 train_bce=0.321656 val_bce=0.618485 best=Y best_epoch=86 head_l2=0.093798 elapsed_sec=0.34
CHECKPOINT_BEST repeat=2 scope=internal_cv fold=5 phase=high_order_residual epoch=87 path=/data/adodas/VarCoNet-V2-main/xiaolunwen/experiment3/checkpoints/worker_r2_best.pt
[HIGH_ORDER_RESIDUAL] repeat=2 fold=5 epoch=87/149 train_bce=0.321499 val_bce=0.618469 best=Y best_epoch=87 head_l2=0.094831 elapsed_sec=0.23
CHECKPOINT_BEST repeat=2 scope=internal_cv fold=5 phase=high_order_residual epoch=88 path=/data/adodas/VarCoNet-V2-main/xiaolunwen/experiment3/checkpoints/worker_r2_best.pt
[HIGH_ORDER_RESIDUAL] repeat=2 fold=5 epoch=88/149 train_bce=0.321342 val_bce=0.618452 best=Y best_epoch=88 head_l2=0.095863 elapsed_sec=0.19
CHECKPOINT_BEST repeat=2 scope=internal_cv fold=5 phase=high_order_residual epoch=89 path=/data/adodas/VarCoNet-V2-main/xiaolunwen/experiment3/checkpoints/worker_r2_best.pt
[HIGH_ORDER_RESIDUAL] repeat=2 fold=5 epoch=89/149 train_bce=0.321186 val_bce=0.618436 best=Y best_epoch=89 head_l2=0.096893 elapsed_sec=0.21
CHECKPOINT_BEST repeat=2 scope=internal_cv fold=5 phase=high_order_residual epoch=90 path=/data/adodas/VarCoNet-V2-main/xiaolunwen/experiment3/checkpoints/worker_r2_best.pt
[HIGH_ORDER_RESIDUAL] repeat=2 fold=5 epoch=90/149 train_bce=0.321031 val_bce=0.618420 best=Y best_epoch=90 head_l2=0.097923 elapsed_sec=0.98
CHECKPOINT_BEST repeat=2 scope=internal_cv fold=5 phase=high_order_residual epoch=91 path=/data/adodas/VarCoNet-V2-main/xiaolunwen/experiment3/checkpoints/worker_r2_best.pt
[HIGH_ORDER_RESIDUAL] repeat=2 fold=5 epoch=91/149 train_bce=0.320875 val_bce=0.618405 best=Y best_epoch=91 head_l2=0.098952 elapsed_sec=0.20
CHECKPOINT_BEST repeat=2 scope=internal_cv fold=5 phase=high_order_residual epoch=92 path=/data/adodas/VarCoNet-V2-main/xiaolunwen/experiment3/checkpoints/worker_r2_best.pt
[HIGH_ORDER_RESIDUAL] repeat=2 fold=5 epoch=92/149 train_bce=0.320720 val_bce=0.618390 best=Y best_epoch=92 head_l2=0.099980 elapsed_sec=0.25
CHECKPOINT_BEST repeat=2 scope=internal_cv fold=5 phase=high_order_residual epoch=93 path=/data/adodas/VarCoNet-V2-main/xiaolunwen/experiment3/checkpoints/worker_r2_best.pt
[HIGH_ORDER_RESIDUAL] repeat=2 fold=5 epoch=93/149 train_bce=0.320566 val_bce=0.618376 best=Y best_epoch=93 head_l2=0.101007 elapsed_sec=0.27
CHECKPOINT_BEST repeat=2 scope=internal_cv fold=5 phase=high_order_residual epoch=94 path=/data/adodas/VarCoNet-V2-main/xiaolunwen/experiment3/checkpoints/worker_r2_best.pt
[HIGH_ORDER_RESIDUAL] repeat=2 fold=5 epoch=94/149 train_bce=0.320411 val_bce=0.618361 best=Y best_epoch=94 head_l2=0.102033 elapsed_sec=0.26
CHECKPOINT_BEST repeat=2 scope=internal_cv fold=5 phase=high_order_residual epoch=95 path=/data/adodas/VarCoNet-V2-main/xiaolunwen/experiment3/checkpoints/worker_r2_best.pt
[HIGH_ORDER_RESIDUAL] repeat=2 fold=5 epoch=95/149 train_bce=0.320257 val_bce=0.618347 best=Y best_epoch=95 head_l2=0.103058 elapsed_sec=0.41
CHECKPOINT_BEST repeat=2 scope=internal_cv fold=5 phase=high_order_residual epoch=96 path=/data/adodas/VarCoNet-V2-main/xiaolunwen/experiment3/checkpoints/worker_r2_best.pt
[HIGH_ORDER_RESIDUAL] repeat=2 fold=5 epoch=96/149 train_bce=0.320103 val_bce=0.618334 best=Y best_epoch=96 head_l2=0.104082 elapsed_sec=0.68
CHECKPOINT_BEST repeat=2 scope=internal_cv fold=5 phase=high_order_residual epoch=97 path=/data/adodas/VarCoNet-V2-main/xiaolunwen/experiment3/checkpoints/worker_r2_best.pt
[HIGH_ORDER_RESIDUAL] repeat=2 fold=5 epoch=97/149 train_bce=0.319950 val_bce=0.618320 best=Y best_epoch=97 head_l2=0.105106 elapsed_sec=0.60
CHECKPOINT_BEST repeat=2 scope=internal_cv fold=5 phase=high_order_residual epoch=98 path=/data/adodas/VarCoNet-V2-main/xiaolunwen/experiment3/checkpoints/worker_r2_best.pt
[HIGH_ORDER_RESIDUAL] repeat=2 fold=5 epoch=98/149 train_bce=0.319797 val_bce=0.618307 best=Y best_epoch=98 head_l2=0.106128 elapsed_sec=0.25
CHECKPOINT_BEST repeat=2 scope=internal_cv fold=5 phase=high_order_residual epoch=99 path=/data/adodas/VarCoNet-V2-main/xiaolunwen/experiment3/checkpoints/worker_r2_best.pt
[HIGH_ORDER_RESIDUAL] repeat=2 fold=5 epoch=99/149 train_bce=0.319644 val_bce=0.618295 best=Y best_epoch=99 head_l2=0.107150 elapsed_sec=0.21
CHECKPOINT_BEST repeat=2 scope=internal_cv fold=5 phase=high_order_residual epoch=100 path=/data/adodas/VarCoNet-V2-main/xiaolunwen/experiment3/checkpoints/worker_r2_best.pt
[HIGH_ORDER_RESIDUAL] repeat=2 fold=5 epoch=100/149 train_bce=0.319491 val_bce=0.618282 best=Y best_epoch=100 head_l2=0.108170 elapsed_sec=0.29
CHECKPOINT_BEST repeat=2 scope=internal_cv fold=5 phase=high_order_residual epoch=101 path=/data/adodas/VarCoNet-V2-main/xiaolunwen/experiment3/checkpoints/worker_r2_best.pt
[HIGH_ORDER_RESIDUAL] repeat=2 fold=5 epoch=101/149 train_bce=0.319339 val_bce=0.618270 best=Y best_epoch=101 head_l2=0.109190 elapsed_sec=0.19
CHECKPOINT_BEST repeat=2 scope=internal_cv fold=5 phase=high_order_residual epoch=102 path=/data/adodas/VarCoNet-V2-main/xiaolunwen/experiment3/checkpoints/worker_r2_best.pt
[HIGH_ORDER_RESIDUAL] repeat=2 fold=5 epoch=102/149 train_bce=0.319187 val_bce=0.618258 best=Y best_epoch=102 head_l2=0.110209 elapsed_sec=0.20
CHECKPOINT_BEST repeat=2 scope=internal_cv fold=5 phase=high_order_residual epoch=103 path=/data/adodas/VarCoNet-V2-main/xiaolunwen/experiment3/checkpoints/worker_r2_best.pt
[HIGH_ORDER_RESIDUAL] repeat=2 fold=5 epoch=103/149 train_bce=0.319036 val_bce=0.618247 best=Y best_epoch=103 head_l2=0.111227 elapsed_sec=1.10
CHECKPOINT_BEST repeat=2 scope=internal_cv fold=5 phase=high_order_residual epoch=104 path=/data/adodas/VarCoNet-V2-main/xiaolunwen/experiment3/checkpoints/worker_r2_best.pt
[HIGH_ORDER_RESIDUAL] repeat=2 fold=5 epoch=104/149 train_bce=0.318885 val_bce=0.618236 best=Y best_epoch=104 head_l2=0.112244 elapsed_sec=0.25
CHECKPOINT_BEST repeat=2 scope=internal_cv fold=5 phase=high_order_residual epoch=105 path=/data/adodas/VarCoNet-V2-main/xiaolunwen/experiment3/checkpoints/worker_r2_best.pt
[HIGH_ORDER_RESIDUAL] repeat=2 fold=5 epoch=105/149 train_bce=0.318734 val_bce=0.618225 best=Y best_epoch=105 head_l2=0.113260 elapsed_sec=0.19
CHECKPOINT_BEST repeat=2 scope=internal_cv fold=5 phase=high_order_residual epoch=106 path=/data/adodas/VarCoNet-V2-main/xiaolunwen/experiment3/checkpoints/worker_r2_best.pt
[HIGH_ORDER_RESIDUAL] repeat=2 fold=5 epoch=106/149 train_bce=0.318583 val_bce=0.618214 best=Y best_epoch=106 head_l2=0.114276 elapsed_sec=0.19
CHECKPOINT_BEST repeat=2 scope=internal_cv fold=5 phase=high_order_residual epoch=107 path=/data/adodas/VarCoNet-V2-main/xiaolunwen/experiment3/checkpoints/worker_r2_best.pt
[HIGH_ORDER_RESIDUAL] repeat=2 fold=5 epoch=107/149 train_bce=0.318433 val_bce=0.618204 best=Y best_epoch=107 head_l2=0.115290 elapsed_sec=0.34
CHECKPOINT_BEST repeat=2 scope=internal_cv fold=5 phase=high_order_residual epoch=108 path=/data/adodas/VarCoNet-V2-main/xiaolunwen/experiment3/checkpoints/worker_r2_best.pt
[HIGH_ORDER_RESIDUAL] repeat=2 fold=5 epoch=108/149 train_bce=0.318283 val_bce=0.618194 best=Y best_epoch=108 head_l2=0.116304 elapsed_sec=0.34
CHECKPOINT_BEST repeat=2 scope=internal_cv fold=5 phase=high_order_residual epoch=109 path=/data/adodas/VarCoNet-V2-main/xiaolunwen/experiment3/checkpoints/worker_r2_best.pt
[HIGH_ORDER_RESIDUAL] repeat=2 fold=5 epoch=109/149 train_bce=0.318133 val_bce=0.618185 best=Y best_epoch=109 head_l2=0.117317 elapsed_sec=0.17
CHECKPOINT_BEST repeat=2 scope=internal_cv fold=5 phase=high_order_residual epoch=110 path=/data/adodas/VarCoNet-V2-main/xiaolunwen/experiment3/checkpoints/worker_r2_best.pt
[HIGH_ORDER_RESIDUAL] repeat=2 fold=5 epoch=110/149 train_bce=0.317984 val_bce=0.618175 best=Y best_epoch=110 head_l2=0.118329 elapsed_sec=0.42
CHECKPOINT_BEST repeat=2 scope=internal_cv fold=5 phase=high_order_residual epoch=111 path=/data/adodas/VarCoNet-V2-main/xiaolunwen/experiment3/checkpoints/worker_r2_best.pt
[HIGH_ORDER_RESIDUAL] repeat=2 fold=5 epoch=111/149 train_bce=0.317834 val_bce=0.618166 best=Y best_epoch=111 head_l2=0.119340 elapsed_sec=0.29
CHECKPOINT_BEST repeat=2 scope=internal_cv fold=5 phase=high_order_residual epoch=112 path=/data/adodas/VarCoNet-V2-main/xiaolunwen/experiment3/checkpoints/worker_r2_best.pt
[HIGH_ORDER_RESIDUAL] repeat=2 fold=5 epoch=112/149 train_bce=0.317686 val_bce=0.618157 best=Y best_epoch=112 head_l2=0.120350 elapsed_sec=0.45
CHECKPOINT_BEST repeat=2 scope=internal_cv fold=5 phase=high_order_residual epoch=113 path=/data/adodas/VarCoNet-V2-main/xiaolunwen/experiment3/checkpoints/worker_r2_best.pt
[HIGH_ORDER_RESIDUAL] repeat=2 fold=5 epoch=113/149 train_bce=0.317537 val_bce=0.618149 best=Y best_epoch=113 head_l2=0.121360 elapsed_sec=0.23
CHECKPOINT_BEST repeat=2 scope=internal_cv fold=5 phase=high_order_residual epoch=114 path=/data/adodas/VarCoNet-V2-main/xiaolunwen/experiment3/checkpoints/worker_r2_best.pt
[HIGH_ORDER_RESIDUAL] repeat=2 fold=5 epoch=114/149 train_bce=0.317389 val_bce=0.618141 best=Y best_epoch=114 head_l2=0.122368 elapsed_sec=0.27
CHECKPOINT_BEST repeat=2 scope=internal_cv fold=5 phase=high_order_residual epoch=115 path=/data/adodas/VarCoNet-V2-main/xiaolunwen/experiment3/checkpoints/worker_r2_best.pt
[HIGH_ORDER_RESIDUAL] repeat=2 fold=5 epoch=115/149 train_bce=0.317241 val_bce=0.618133 best=Y best_epoch=115 head_l2=0.123376 elapsed_sec=0.22
CHECKPOINT_BEST repeat=2 scope=internal_cv fold=5 phase=high_order_residual epoch=116 path=/data/adodas/VarCoNet-V2-main/xiaolunwen/experiment3/checkpoints/worker_r2_best.pt
[HIGH_ORDER_RESIDUAL] repeat=2 fold=5 epoch=116/149 train_bce=0.317093 val_bce=0.618125 best=Y best_epoch=116 head_l2=0.124383 elapsed_sec=0.44
CHECKPOINT_BEST repeat=2 scope=internal_cv fold=5 phase=high_order_residual epoch=117 path=/data/adodas/VarCoNet-V2-main/xiaolunwen/experiment3/checkpoints/worker_r2_best.pt
[HIGH_ORDER_RESIDUAL] repeat=2 fold=5 epoch=117/149 train_bce=0.316946 val_bce=0.618118 best=Y best_epoch=117 head_l2=0.125389 elapsed_sec=0.24
CHECKPOINT_BEST repeat=2 scope=internal_cv fold=5 phase=high_order_residual epoch=118 path=/data/adodas/VarCoNet-V2-main/xiaolunwen/experiment3/checkpoints/worker_r2_best.pt
[HIGH_ORDER_RESIDUAL] repeat=2 fold=5 epoch=118/149 train_bce=0.316799 val_bce=0.618110 best=Y best_epoch=118 head_l2=0.126395 elapsed_sec=0.29
CHECKPOINT_BEST repeat=2 scope=internal_cv fold=5 phase=high_order_residual epoch=119 path=/data/adodas/VarCoNet-V2-main/xiaolunwen/experiment3/checkpoints/worker_r2_best.pt
[HIGH_ORDER_RESIDUAL] repeat=2 fold=5 epoch=119/149 train_bce=0.316652 val_bce=0.618104 best=Y best_epoch=119 head_l2=0.127399 elapsed_sec=0.23
CHECKPOINT_BEST repeat=2 scope=internal_cv fold=5 phase=high_order_residual epoch=120 path=/data/adodas/VarCoNet-V2-main/xiaolunwen/experiment3/checkpoints/worker_r2_best.pt
[HIGH_ORDER_RESIDUAL] repeat=2 fold=5 epoch=120/149 train_bce=0.316506 val_bce=0.618097 best=Y best_epoch=120 head_l2=0.128403 elapsed_sec=0.53
CHECKPOINT_BEST repeat=2 scope=internal_cv fold=5 phase=high_order_residual epoch=121 path=/data/adodas/VarCoNet-V2-main/xiaolunwen/experiment3/checkpoints/worker_r2_best.pt
[HIGH_ORDER_RESIDUAL] repeat=2 fold=5 epoch=121/149 train_bce=0.316360 val_bce=0.618091 best=Y best_epoch=121 head_l2=0.129406 elapsed_sec=0.22
CHECKPOINT_BEST repeat=2 scope=internal_cv fold=5 phase=high_order_residual epoch=122 path=/data/adodas/VarCoNet-V2-main/xiaolunwen/experiment3/checkpoints/worker_r2_best.pt
[HIGH_ORDER_RESIDUAL] repeat=2 fold=5 epoch=122/149 train_bce=0.316214 val_bce=0.618084 best=Y best_epoch=122 head_l2=0.130408 elapsed_sec=0.21
CHECKPOINT_BEST repeat=2 scope=internal_cv fold=5 phase=high_order_residual epoch=123 path=/data/adodas/VarCoNet-V2-main/xiaolunwen/experiment3/checkpoints/worker_r2_best.pt
[HIGH_ORDER_RESIDUAL] repeat=2 fold=5 epoch=123/149 train_bce=0.316068 val_bce=0.618079 best=Y best_epoch=123 head_l2=0.131409 elapsed_sec=0.28
CHECKPOINT_BEST repeat=2 scope=internal_cv fold=5 phase=high_order_residual epoch=124 path=/data/adodas/VarCoNet-V2-main/xiaolunwen/experiment3/checkpoints/worker_r2_best.pt
[HIGH_ORDER_RESIDUAL] repeat=2 fold=5 epoch=124/149 train_bce=0.315923 val_bce=0.618073 best=Y best_epoch=124 head_l2=0.132410 elapsed_sec=0.25
CHECKPOINT_BEST repeat=2 scope=internal_cv fold=5 phase=high_order_residual epoch=125 path=/data/adodas/VarCoNet-V2-main/xiaolunwen/experiment3/checkpoints/worker_r2_best.pt
[HIGH_ORDER_RESIDUAL] repeat=2 fold=5 epoch=125/149 train_bce=0.315778 val_bce=0.618068 best=Y best_epoch=125 head_l2=0.133409 elapsed_sec=0.21
CHECKPOINT_BEST repeat=2 scope=internal_cv fold=5 phase=high_order_residual epoch=126 path=/data/adodas/VarCoNet-V2-main/xiaolunwen/experiment3/checkpoints/worker_r2_best.pt
[HIGH_ORDER_RESIDUAL] repeat=2 fold=5 epoch=126/149 train_bce=0.315633 val_bce=0.618063 best=Y best_epoch=126 head_l2=0.134408 elapsed_sec=0.54
CHECKPOINT_BEST repeat=2 scope=internal_cv fold=5 phase=high_order_residual epoch=127 path=/data/adodas/VarCoNet-V2-main/xiaolunwen/experiment3/checkpoints/worker_r2_best.pt
[HIGH_ORDER_RESIDUAL] repeat=2 fold=5 epoch=127/149 train_bce=0.315489 val_bce=0.618058 best=Y best_epoch=127 head_l2=0.135406 elapsed_sec=0.27
CHECKPOINT_BEST repeat=2 scope=internal_cv fold=5 phase=high_order_residual epoch=128 path=/data/adodas/VarCoNet-V2-main/xiaolunwen/experiment3/checkpoints/worker_r2_best.pt
[HIGH_ORDER_RESIDUAL] repeat=2 fold=5 epoch=128/149 train_bce=0.315345 val_bce=0.618053 best=Y best_epoch=128 head_l2=0.136404 elapsed_sec=0.21
CHECKPOINT_BEST repeat=2 scope=internal_cv fold=5 phase=high_order_residual epoch=129 path=/data/adodas/VarCoNet-V2-main/xiaolunwen/experiment3/checkpoints/worker_r2_best.pt
[HIGH_ORDER_RESIDUAL] repeat=2 fold=5 epoch=129/149 train_bce=0.315201 val_bce=0.618049 best=Y best_epoch=129 head_l2=0.137400 elapsed_sec=0.26
CHECKPOINT_BEST repeat=2 scope=internal_cv fold=5 phase=high_order_residual epoch=130 path=/data/adodas/VarCoNet-V2-main/xiaolunwen/experiment3/checkpoints/worker_r2_best.pt
[HIGH_ORDER_RESIDUAL] repeat=2 fold=5 epoch=130/149 train_bce=0.315057 val_bce=0.618045 best=Y best_epoch=130 head_l2=0.138396 elapsed_sec=0.23
CHECKPOINT_BEST repeat=2 scope=internal_cv fold=5 phase=high_order_residual epoch=131 path=/data/adodas/VarCoNet-V2-main/xiaolunwen/experiment3/checkpoints/worker_r2_best.pt
[HIGH_ORDER_RESIDUAL] repeat=2 fold=5 epoch=131/149 train_bce=0.314914 val_bce=0.618041 best=Y best_epoch=131 head_l2=0.139391 elapsed_sec=0.33
CHECKPOINT_BEST repeat=2 scope=internal_cv fold=5 phase=high_order_residual epoch=132 path=/data/adodas/VarCoNet-V2-main/xiaolunwen/experiment3/checkpoints/worker_r2_best.pt
[HIGH_ORDER_RESIDUAL] repeat=2 fold=5 epoch=132/149 train_bce=0.314771 val_bce=0.618037 best=Y best_epoch=132 head_l2=0.140385 elapsed_sec=0.37
CHECKPOINT_BEST repeat=2 scope=internal_cv fold=5 phase=high_order_residual epoch=133 path=/data/adodas/VarCoNet-V2-main/xiaolunwen/experiment3/checkpoints/worker_r2_best.pt
[HIGH_ORDER_RESIDUAL] repeat=2 fold=5 epoch=133/149 train_bce=0.314628 val_bce=0.618034 best=Y best_epoch=133 head_l2=0.141378 elapsed_sec=0.21
CHECKPOINT_BEST repeat=2 scope=internal_cv fold=5 phase=high_order_residual epoch=134 path=/data/adodas/VarCoNet-V2-main/xiaolunwen/experiment3/checkpoints/worker_r2_best.pt
[HIGH_ORDER_RESIDUAL] repeat=2 fold=5 epoch=134/149 train_bce=0.314485 val_bce=0.618031 best=Y best_epoch=134 head_l2=0.142371 elapsed_sec=0.19
CHECKPOINT_BEST repeat=2 scope=internal_cv fold=5 phase=high_order_residual epoch=135 path=/data/adodas/VarCoNet-V2-main/xiaolunwen/experiment3/checkpoints/worker_r2_best.pt
[HIGH_ORDER_RESIDUAL] repeat=2 fold=5 epoch=135/149 train_bce=0.314343 val_bce=0.618028 best=Y best_epoch=135 head_l2=0.143363 elapsed_sec=0.26
CHECKPOINT_BEST repeat=2 scope=internal_cv fold=5 phase=high_order_residual epoch=136 path=/data/adodas/VarCoNet-V2-main/xiaolunwen/experiment3/checkpoints/worker_r2_best.pt
[HIGH_ORDER_RESIDUAL] repeat=2 fold=5 epoch=136/149 train_bce=0.314201 val_bce=0.618025 best=Y best_epoch=136 head_l2=0.144354 elapsed_sec=0.30
CHECKPOINT_BEST repeat=2 scope=internal_cv fold=5 phase=high_order_residual epoch=137 path=/data/adodas/VarCoNet-V2-main/xiaolunwen/experiment3/checkpoints/worker_r2_best.pt
[HIGH_ORDER_RESIDUAL] repeat=2 fold=5 epoch=137/149 train_bce=0.314059 val_bce=0.618022 best=Y best_epoch=137 head_l2=0.145344 elapsed_sec=0.31
CHECKPOINT_BEST repeat=2 scope=internal_cv fold=5 phase=high_order_residual epoch=138 path=/data/adodas/VarCoNet-V2-main/xiaolunwen/experiment3/checkpoints/worker_r2_best.pt
[HIGH_ORDER_RESIDUAL] repeat=2 fold=5 epoch=138/149 train_bce=0.313918 val_bce=0.618020 best=Y best_epoch=138 head_l2=0.146333 elapsed_sec=0.19
CHECKPOINT_BEST repeat=2 scope=internal_cv fold=5 phase=high_order_residual epoch=139 path=/data/adodas/VarCoNet-V2-main/xiaolunwen/experiment3/checkpoints/worker_r2_best.pt
[HIGH_ORDER_RESIDUAL] repeat=2 fold=5 epoch=139/149 train_bce=0.313777 val_bce=0.618018 best=Y best_epoch=139 head_l2=0.147322 elapsed_sec=0.46
CHECKPOINT_BEST repeat=2 scope=internal_cv fold=5 phase=high_order_residual epoch=140 path=/data/adodas/VarCoNet-V2-main/xiaolunwen/experiment3/checkpoints/worker_r2_best.pt
[HIGH_ORDER_RESIDUAL] repeat=2 fold=5 epoch=140/149 train_bce=0.313636 val_bce=0.618016 best=Y best_epoch=140 head_l2=0.148310 elapsed_sec=0.19
CHECKPOINT_BEST repeat=2 scope=internal_cv fold=5 phase=high_order_residual epoch=141 path=/data/adodas/VarCoNet-V2-main/xiaolunwen/experiment3/checkpoints/worker_r2_best.pt
[HIGH_ORDER_RESIDUAL] repeat=2 fold=5 epoch=141/149 train_bce=0.313495 val_bce=0.618015 best=Y best_epoch=141 head_l2=0.149297 elapsed_sec=0.21
CHECKPOINT_BEST repeat=2 scope=internal_cv fold=5 phase=high_order_residual epoch=142 path=/data/adodas/VarCoNet-V2-main/xiaolunwen/experiment3/checkpoints/worker_r2_best.pt
[HIGH_ORDER_RESIDUAL] repeat=2 fold=5 epoch=142/149 train_bce=0.313355 val_bce=0.618013 best=Y best_epoch=142 head_l2=0.150284 elapsed_sec=0.20
CHECKPOINT_BEST repeat=2 scope=internal_cv fold=5 phase=high_order_residual epoch=143 path=/data/adodas/VarCoNet-V2-main/xiaolunwen/experiment3/checkpoints/worker_r2_best.pt
[HIGH_ORDER_RESIDUAL] repeat=2 fold=5 epoch=143/149 train_bce=0.313215 val_bce=0.618012 best=Y best_epoch=143 head_l2=0.151269 elapsed_sec=0.25
CHECKPOINT_BEST repeat=2 scope=internal_cv fold=5 phase=high_order_residual epoch=144 path=/data/adodas/VarCoNet-V2-main/xiaolunwen/experiment3/checkpoints/worker_r2_best.pt
[HIGH_ORDER_RESIDUAL] repeat=2 fold=5 epoch=144/149 train_bce=0.313075 val_bce=0.618011 best=Y best_epoch=144 head_l2=0.152254 elapsed_sec=0.19
CHECKPOINT_BEST repeat=2 scope=internal_cv fold=5 phase=high_order_residual epoch=145 path=/data/adodas/VarCoNet-V2-main/xiaolunwen/experiment3/checkpoints/worker_r2_best.pt
[HIGH_ORDER_RESIDUAL] repeat=2 fold=5 epoch=145/149 train_bce=0.312936 val_bce=0.618010 best=Y best_epoch=145 head_l2=0.153238 elapsed_sec=0.19
CHECKPOINT_BEST repeat=2 scope=internal_cv fold=5 phase=high_order_residual epoch=146 path=/data/adodas/VarCoNet-V2-main/xiaolunwen/experiment3/checkpoints/worker_r2_best.pt
[HIGH_ORDER_RESIDUAL] repeat=2 fold=5 epoch=146/149 train_bce=0.312796 val_bce=0.618010 best=Y best_epoch=146 head_l2=0.154222 elapsed_sec=0.21
CHECKPOINT_BEST repeat=2 scope=internal_cv fold=5 phase=high_order_residual epoch=147 path=/data/adodas/VarCoNet-V2-main/xiaolunwen/experiment3/checkpoints/worker_r2_best.pt
[HIGH_ORDER_RESIDUAL] repeat=2 fold=5 epoch=147/149 train_bce=0.312657 val_bce=0.618009 best=Y best_epoch=147 head_l2=0.155204 elapsed_sec=0.30
CHECKPOINT_BEST repeat=2 scope=internal_cv fold=5 phase=high_order_residual epoch=148 path=/data/adodas/VarCoNet-V2-main/xiaolunwen/experiment3/checkpoints/worker_r2_best.pt
[HIGH_ORDER_RESIDUAL] repeat=2 fold=5 epoch=148/149 train_bce=0.312518 val_bce=0.618009 best=Y best_epoch=148 head_l2=0.156186 elapsed_sec=0.19
RESIDUAL_DONE repeat=2 scope=internal_cv fold=5 selected_encoder_epoch=14 selected_classifier_epoch=21 selected_residual_epoch=148 val_bce=0.618009
TASK_TRAINING_DONE repeat=2 scope=internal_cv fold=5 base_epoch=14 dyn_epoch=14 base_val_bce=0.620979 high_order_val_bce=0.618009
TASK_DONE repeat=2 scope=internal_fold fold=5 method=baseline selected_encoder_epoch=14 test_auc=0.754022 test_bce=0.594433 elapsed_min=6.2
TASK_DONE repeat=2 scope=internal_fold fold=5 method=consensus_highorder_residual selected_encoder_epoch=14 test_auc=0.744681 test_bce=0.593329 elapsed_min=6.2
TASK_START repeat=2 scope=internal_cv fold=6 seed=100206 device=cuda:0 shared_encoder=Y
CHECKPOINT_BEST repeat=2 scope=internal_cv fold=6 phase=ssl epoch=1 path=/data/adodas/VarCoNet-V2-main/xiaolunwen/experiment3/checkpoints/worker_r2_best.pt
[repeat=2 fold=6] [epoch=1/50] ssl_loss=0.630744 lr=0.00002411 base_val_bce=0.632677 base_best=Y base_cls_epoch=31 epoch_sec=10.9 task_elapsed_min=0.2 gpu_alloc_gb=0.272 gpu_reserved_gb=1.539
[ssl_epoch=1/50] ssl_loss=0.630744 lr=0.00002411 base_val_bce=0.632677 base_best=Y base_cls_epoch=31 epoch_sec=10.9 elapsed_min=0.2 gpu_alloc_gb=0.272 gpu_reserved_gb=1.539
[repeat=2 fold=6] [epoch=2/50] ssl_loss=0.304190 lr=0.00003821 base_val_bce=0.639898 base_best=N base_cls_epoch=19 epoch_sec=11.6 task_elapsed_min=0.4 gpu_alloc_gb=0.272 gpu_reserved_gb=1.539
[ssl_epoch=2/50] ssl_loss=0.304190 lr=0.00003821 base_val_bce=0.639898 base_best=N base_cls_epoch=19 epoch_sec=11.6 elapsed_min=0.4 gpu_alloc_gb=0.272 gpu_reserved_gb=1.539
[repeat=2 fold=6] [epoch=3/50] ssl_loss=0.146347 lr=0.00005232 base_val_bce=0.637068 base_best=N base_cls_epoch=22 epoch_sec=11.1 task_elapsed_min=0.6 gpu_alloc_gb=0.272 gpu_reserved_gb=1.539
[ssl_epoch=3/50] ssl_loss=0.146347 lr=0.00005232 base_val_bce=0.637068 base_best=N base_cls_epoch=22 epoch_sec=11.1 elapsed_min=0.6 gpu_alloc_gb=0.272 gpu_reserved_gb=1.539
CHECKPOINT_BEST repeat=2 scope=internal_cv fold=6 phase=ssl epoch=4 path=/data/adodas/VarCoNet-V2-main/xiaolunwen/experiment3/checkpoints/worker_r2_best.pt
[repeat=2 fold=6] [epoch=4/50] ssl_loss=0.127368 lr=0.00006643 base_val_bce=0.631413 base_best=Y base_cls_epoch=16 epoch_sec=11.2 task_elapsed_min=0.7 gpu_alloc_gb=0.272 gpu_reserved_gb=1.539
[ssl_epoch=4/50] ssl_loss=0.127368 lr=0.00006643 base_val_bce=0.631413 base_best=Y base_cls_epoch=16 epoch_sec=11.2 elapsed_min=0.7 gpu_alloc_gb=0.272 gpu_reserved_gb=1.539
[repeat=2 fold=6] [epoch=5/50] ssl_loss=0.144221 lr=0.00008053 base_val_bce=0.633861 base_best=N base_cls_epoch=15 epoch_sec=10.0 task_elapsed_min=0.9 gpu_alloc_gb=0.272 gpu_reserved_gb=1.539
[ssl_epoch=5/50] ssl_loss=0.144221 lr=0.00008053 base_val_bce=0.633861 base_best=N base_cls_epoch=15 epoch_sec=10.0 elapsed_min=0.9 gpu_alloc_gb=0.272 gpu_reserved_gb=1.539
[repeat=2 fold=6] [epoch=6/50] ssl_loss=0.120166 lr=0.00009464 base_val_bce=0.635122 base_best=N base_cls_epoch=17 epoch_sec=11.4 task_elapsed_min=1.1 gpu_alloc_gb=0.272 gpu_reserved_gb=1.539
[ssl_epoch=6/50] ssl_loss=0.120166 lr=0.00009464 base_val_bce=0.635122 base_best=N base_cls_epoch=17 epoch_sec=11.4 elapsed_min=1.1 gpu_alloc_gb=0.272 gpu_reserved_gb=1.539
CHECKPOINT_BEST repeat=2 scope=internal_cv fold=6 phase=ssl epoch=7 path=/data/adodas/VarCoNet-V2-main/xiaolunwen/experiment3/checkpoints/worker_r2_best.pt
[repeat=2 fold=6] [epoch=7/50] ssl_loss=0.108714 lr=0.00010875 base_val_bce=0.626977 base_best=Y base_cls_epoch=15 epoch_sec=7.5 task_elapsed_min=1.2 gpu_alloc_gb=0.272 gpu_reserved_gb=1.539
[ssl_epoch=7/50] ssl_loss=0.108714 lr=0.00010875 base_val_bce=0.626977 base_best=Y base_cls_epoch=15 epoch_sec=7.5 elapsed_min=1.2 gpu_alloc_gb=0.272 gpu_reserved_gb=1.539
CHECKPOINT_BEST repeat=2 scope=internal_cv fold=6 phase=ssl epoch=8 path=/data/adodas/VarCoNet-V2-main/xiaolunwen/experiment3/checkpoints/worker_r2_best.pt
[repeat=2 fold=6] [epoch=8/50] ssl_loss=0.091454 lr=0.00012285 base_val_bce=0.624371 base_best=Y base_cls_epoch=17 epoch_sec=6.1 task_elapsed_min=1.3 gpu_alloc_gb=0.272 gpu_reserved_gb=1.539
[ssl_epoch=8/50] ssl_loss=0.091454 lr=0.00012285 base_val_bce=0.624371 base_best=Y base_cls_epoch=17 epoch_sec=6.1 elapsed_min=1.3 gpu_alloc_gb=0.272 gpu_reserved_gb=1.539
CHECKPOINT_BEST repeat=2 scope=internal_cv fold=6 phase=ssl epoch=9 path=/data/adodas/VarCoNet-V2-main/xiaolunwen/experiment3/checkpoints/worker_r2_best.pt
[repeat=2 fold=6] [epoch=9/50] ssl_loss=0.114810 lr=0.00013696 base_val_bce=0.623174 base_best=Y base_cls_epoch=15 epoch_sec=6.2 task_elapsed_min=1.4 gpu_alloc_gb=0.272 gpu_reserved_gb=1.539
[ssl_epoch=9/50] ssl_loss=0.114810 lr=0.00013696 base_val_bce=0.623174 base_best=Y base_cls_epoch=15 epoch_sec=6.2 elapsed_min=1.4 gpu_alloc_gb=0.272 gpu_reserved_gb=1.539
CHECKPOINT_BEST repeat=2 scope=internal_cv fold=6 phase=ssl epoch=10 path=/data/adodas/VarCoNet-V2-main/xiaolunwen/experiment3/checkpoints/worker_r2_best.pt
CHECKPOINT_LATEST repeat=2 scope=internal_cv fold=6 phase=ssl epoch=10 path=/data/adodas/VarCoNet-V2-main/xiaolunwen/experiment3/checkpoints/worker_r2_latest.pt
[repeat=2 fold=6] [epoch=10/50] ssl_loss=0.085595 lr=0.00013696 base_val_bce=0.623028 base_best=Y base_cls_epoch=20 epoch_sec=6.0 task_elapsed_min=1.5 gpu_alloc_gb=0.272 gpu_reserved_gb=1.539
[ssl_epoch=10/50] ssl_loss=0.085595 lr=0.00013696 base_val_bce=0.623028 base_best=Y base_cls_epoch=20 epoch_sec=6.1 elapsed_min=1.5 gpu_alloc_gb=0.272 gpu_reserved_gb=1.539
[repeat=2 fold=6] [epoch=11/50] ssl_loss=0.096853 lr=0.00013675 base_val_bce=0.625074 base_best=N base_cls_epoch=18 epoch_sec=5.1 task_elapsed_min=1.6 gpu_alloc_gb=0.272 gpu_reserved_gb=1.539
[ssl_epoch=11/50] ssl_loss=0.096853 lr=0.00013675 base_val_bce=0.625074 base_best=N base_cls_epoch=18 epoch_sec=5.1 elapsed_min=1.6 gpu_alloc_gb=0.272 gpu_reserved_gb=1.539
CHECKPOINT_BEST repeat=2 scope=internal_cv fold=6 phase=ssl epoch=12 path=/data/adodas/VarCoNet-V2-main/xiaolunwen/experiment3/checkpoints/worker_r2_best.pt
[repeat=2 fold=6] [epoch=12/50] ssl_loss=0.089627 lr=0.00013612 base_val_bce=0.620721 base_best=Y base_cls_epoch=18 epoch_sec=5.9 task_elapsed_min=1.7 gpu_alloc_gb=0.272 gpu_reserved_gb=1.539
[ssl_epoch=12/50] ssl_loss=0.089627 lr=0.00013612 base_val_bce=0.620721 base_best=Y base_cls_epoch=18 epoch_sec=5.9 elapsed_min=1.7 gpu_alloc_gb=0.272 gpu_reserved_gb=1.539
CHECKPOINT_BEST repeat=2 scope=internal_cv fold=6 phase=ssl epoch=13 path=/data/adodas/VarCoNet-V2-main/xiaolunwen/experiment3/checkpoints/worker_r2_best.pt
[repeat=2 fold=6] [epoch=13/50] ssl_loss=0.080806 lr=0.00013507 base_val_bce=0.616813 base_best=Y base_cls_epoch=19 epoch_sec=6.3 task_elapsed_min=1.8 gpu_alloc_gb=0.272 gpu_reserved_gb=1.539
[ssl_epoch=13/50] ssl_loss=0.080806 lr=0.00013507 base_val_bce=0.616813 base_best=Y base_cls_epoch=19 epoch_sec=6.3 elapsed_min=1.8 gpu_alloc_gb=0.272 gpu_reserved_gb=1.539
[repeat=2 fold=6] [epoch=14/50] ssl_loss=0.066709 lr=0.00013361 base_val_bce=0.617235 base_best=N base_cls_epoch=20 epoch_sec=5.3 task_elapsed_min=1.9 gpu_alloc_gb=0.272 gpu_reserved_gb=1.539
[ssl_epoch=14/50] ssl_loss=0.066709 lr=0.00013361 base_val_bce=0.617235 base_best=N base_cls_epoch=20 epoch_sec=5.4 elapsed_min=1.9 gpu_alloc_gb=0.272 gpu_reserved_gb=1.539
CHECKPOINT_BEST repeat=2 scope=internal_cv fold=6 phase=ssl epoch=15 path=/data/adodas/VarCoNet-V2-main/xiaolunwen/experiment3/checkpoints/worker_r2_best.pt
[repeat=2 fold=6] [epoch=15/50] ssl_loss=0.080669 lr=0.00013175 base_val_bce=0.615823 base_best=Y base_cls_epoch=18 epoch_sec=6.1 task_elapsed_min=2.0 gpu_alloc_gb=0.272 gpu_reserved_gb=1.539
[ssl_epoch=15/50] ssl_loss=0.080669 lr=0.00013175 base_val_bce=0.615823 base_best=Y base_cls_epoch=18 epoch_sec=6.1 elapsed_min=2.0 gpu_alloc_gb=0.272 gpu_reserved_gb=1.539
[repeat=2 fold=6] [epoch=16/50] ssl_loss=0.096637 lr=0.00012950 base_val_bce=0.618661 base_best=N base_cls_epoch=19 epoch_sec=5.5 task_elapsed_min=2.1 gpu_alloc_gb=0.272 gpu_reserved_gb=1.539
[ssl_epoch=16/50] ssl_loss=0.096637 lr=0.00012950 base_val_bce=0.618661 base_best=N base_cls_epoch=19 epoch_sec=5.5 elapsed_min=2.1 gpu_alloc_gb=0.272 gpu_reserved_gb=1.539
[repeat=2 fold=6] [epoch=17/50] ssl_loss=0.068779 lr=0.00012687 base_val_bce=0.624489 base_best=N base_cls_epoch=21 epoch_sec=5.6 task_elapsed_min=2.2 gpu_alloc_gb=0.272 gpu_reserved_gb=1.539
[ssl_epoch=17/50] ssl_loss=0.068779 lr=0.00012687 base_val_bce=0.624489 base_best=N base_cls_epoch=21 epoch_sec=5.6 elapsed_min=2.2 gpu_alloc_gb=0.272 gpu_reserved_gb=1.539
[repeat=2 fold=6] [epoch=18/50] ssl_loss=0.064011 lr=0.00012388 base_val_bce=0.626439 base_best=N base_cls_epoch=19 epoch_sec=5.7 task_elapsed_min=2.3 gpu_alloc_gb=0.272 gpu_reserved_gb=1.539
[ssl_epoch=18/50] ssl_loss=0.064011 lr=0.00012388 base_val_bce=0.626439 base_best=N base_cls_epoch=19 epoch_sec=5.7 elapsed_min=2.3 gpu_alloc_gb=0.272 gpu_reserved_gb=1.539
[repeat=2 fold=6] [epoch=19/50] ssl_loss=0.056887 lr=0.00012055 base_val_bce=0.623401 base_best=N base_cls_epoch=20 epoch_sec=5.5 task_elapsed_min=2.4 gpu_alloc_gb=0.272 gpu_reserved_gb=1.539
[ssl_epoch=19/50] ssl_loss=0.056887 lr=0.00012055 base_val_bce=0.623401 base_best=N base_cls_epoch=20 epoch_sec=5.5 elapsed_min=2.4 gpu_alloc_gb=0.272 gpu_reserved_gb=1.539
CHECKPOINT_LATEST repeat=2 scope=internal_cv fold=6 phase=ssl epoch=20 path=/data/adodas/VarCoNet-V2-main/xiaolunwen/experiment3/checkpoints/worker_r2_latest.pt
[repeat=2 fold=6] [epoch=20/50] ssl_loss=0.065736 lr=0.00011690 base_val_bce=0.625346 base_best=N base_cls_epoch=22 epoch_sec=5.9 task_elapsed_min=2.5 gpu_alloc_gb=0.272 gpu_reserved_gb=1.539
[ssl_epoch=20/50] ssl_loss=0.065736 lr=0.00011690 base_val_bce=0.625346 base_best=N base_cls_epoch=22 epoch_sec=5.9 elapsed_min=2.5 gpu_alloc_gb=0.272 gpu_reserved_gb=1.539
CHECKPOINT_BEST repeat=2 scope=internal_cv fold=6 phase=ssl epoch=21 path=/data/adodas/VarCoNet-V2-main/xiaolunwen/experiment3/checkpoints/worker_r2_best.pt
[repeat=2 fold=6] [epoch=21/50] ssl_loss=0.069284 lr=0.00011296 base_val_bce=0.612201 base_best=Y base_cls_epoch=21 epoch_sec=6.2 task_elapsed_min=2.6 gpu_alloc_gb=0.272 gpu_reserved_gb=1.539
[ssl_epoch=21/50] ssl_loss=0.069284 lr=0.00011296 base_val_bce=0.612201 base_best=Y base_cls_epoch=21 epoch_sec=6.2 elapsed_min=2.6 gpu_alloc_gb=0.272 gpu_reserved_gb=1.539
CHECKPOINT_BEST repeat=2 scope=internal_cv fold=6 phase=ssl epoch=22 path=/data/adodas/VarCoNet-V2-main/xiaolunwen/experiment3/checkpoints/worker_r2_best.pt
[repeat=2 fold=6] [epoch=22/50] ssl_loss=0.069576 lr=0.00010873 base_val_bce=0.611252 base_best=Y base_cls_epoch=21 epoch_sec=6.2 task_elapsed_min=2.7 gpu_alloc_gb=0.272 gpu_reserved_gb=1.539
[ssl_epoch=22/50] ssl_loss=0.069576 lr=0.00010873 base_val_bce=0.611252 base_best=Y base_cls_epoch=21 epoch_sec=6.2 elapsed_min=2.7 gpu_alloc_gb=0.272 gpu_reserved_gb=1.539
[repeat=2 fold=6] [epoch=23/50] ssl_loss=0.061460 lr=0.00010426 base_val_bce=0.611735 base_best=N base_cls_epoch=22 epoch_sec=5.2 task_elapsed_min=2.8 gpu_alloc_gb=0.272 gpu_reserved_gb=1.539
[ssl_epoch=23/50] ssl_loss=0.061460 lr=0.00010426 base_val_bce=0.611735 base_best=N base_cls_epoch=22 epoch_sec=5.3 elapsed_min=2.8 gpu_alloc_gb=0.272 gpu_reserved_gb=1.539
[repeat=2 fold=6] [epoch=24/50] ssl_loss=0.059708 lr=0.00009957 base_val_bce=0.612364 base_best=N base_cls_epoch=23 epoch_sec=4.7 task_elapsed_min=2.9 gpu_alloc_gb=0.272 gpu_reserved_gb=1.539
[ssl_epoch=24/50] ssl_loss=0.059708 lr=0.00009957 base_val_bce=0.612364 base_best=N base_cls_epoch=23 epoch_sec=6.3 elapsed_min=2.9 gpu_alloc_gb=0.272 gpu_reserved_gb=1.539
[repeat=2 fold=6] [epoch=25/50] ssl_loss=0.067176 lr=0.00009469 base_val_bce=0.616451 base_best=N base_cls_epoch=24 epoch_sec=5.4 task_elapsed_min=3.0 gpu_alloc_gb=0.272 gpu_reserved_gb=1.539
[ssl_epoch=25/50] ssl_loss=0.067176 lr=0.00009469 base_val_bce=0.616451 base_best=N base_cls_epoch=24 epoch_sec=6.2 elapsed_min=3.0 gpu_alloc_gb=0.272 gpu_reserved_gb=1.539
[repeat=2 fold=6] [epoch=26/50] ssl_loss=0.047921 lr=0.00008964 base_val_bce=0.611376 base_best=N base_cls_epoch=24 epoch_sec=4.9 task_elapsed_min=3.1 gpu_alloc_gb=0.272 gpu_reserved_gb=1.539
[ssl_epoch=26/50] ssl_loss=0.047921 lr=0.00008964 base_val_bce=0.611376 base_best=N base_cls_epoch=24 epoch_sec=5.2 elapsed_min=3.1 gpu_alloc_gb=0.272 gpu_reserved_gb=1.539
[repeat=2 fold=6] [epoch=27/50] ssl_loss=0.074178 lr=0.00008447 base_val_bce=0.611359 base_best=N base_cls_epoch=21 epoch_sec=5.1 task_elapsed_min=3.2 gpu_alloc_gb=0.272 gpu_reserved_gb=1.539
[ssl_epoch=27/50] ssl_loss=0.074178 lr=0.00008447 base_val_bce=0.611359 base_best=N base_cls_epoch=21 epoch_sec=5.4 elapsed_min=3.2 gpu_alloc_gb=0.272 gpu_reserved_gb=1.539
[repeat=2 fold=6] [epoch=28/50] ssl_loss=0.049218 lr=0.00007919 base_val_bce=0.612363 base_best=N base_cls_epoch=24 epoch_sec=5.6 task_elapsed_min=3.3 gpu_alloc_gb=0.272 gpu_reserved_gb=1.539
[ssl_epoch=28/50] ssl_loss=0.049218 lr=0.00007919 base_val_bce=0.612363 base_best=N base_cls_epoch=24 epoch_sec=5.6 elapsed_min=3.3 gpu_alloc_gb=0.272 gpu_reserved_gb=1.539
CHECKPOINT_BEST repeat=2 scope=internal_cv fold=6 phase=ssl epoch=29 path=/data/adodas/VarCoNet-V2-main/xiaolunwen/experiment3/checkpoints/worker_r2_best.pt
[repeat=2 fold=6] [epoch=29/50] ssl_loss=0.052820 lr=0.00007385 base_val_bce=0.608256 base_best=Y base_cls_epoch=23 epoch_sec=5.9 task_elapsed_min=3.3 gpu_alloc_gb=0.272 gpu_reserved_gb=1.539
[ssl_epoch=29/50] ssl_loss=0.052820 lr=0.00007385 base_val_bce=0.608256 base_best=Y base_cls_epoch=23 epoch_sec=5.9 elapsed_min=3.3 gpu_alloc_gb=0.272 gpu_reserved_gb=1.539
CHECKPOINT_LATEST repeat=2 scope=internal_cv fold=6 phase=ssl epoch=30 path=/data/adodas/VarCoNet-V2-main/xiaolunwen/experiment3/checkpoints/worker_r2_latest.pt
[repeat=2 fold=6] [epoch=30/50] ssl_loss=0.050784 lr=0.00006848 base_val_bce=0.612230 base_best=N base_cls_epoch=24 epoch_sec=6.8 task_elapsed_min=3.4 gpu_alloc_gb=0.272 gpu_reserved_gb=1.539
[ssl_epoch=30/50] ssl_loss=0.050784 lr=0.00006848 base_val_bce=0.612230 base_best=N base_cls_epoch=24 epoch_sec=6.8 elapsed_min=3.4 gpu_alloc_gb=0.272 gpu_reserved_gb=1.539
[repeat=2 fold=6] [epoch=31/50] ssl_loss=0.050418 lr=0.00006311 base_val_bce=0.610246 base_best=N base_cls_epoch=21 epoch_sec=4.8 task_elapsed_min=3.6 gpu_alloc_gb=0.272 gpu_reserved_gb=1.539
[ssl_epoch=31/50] ssl_loss=0.050418 lr=0.00006311 base_val_bce=0.610246 base_best=N base_cls_epoch=21 epoch_sec=4.8 elapsed_min=3.6 gpu_alloc_gb=0.272 gpu_reserved_gb=1.539
[repeat=2 fold=6] [epoch=32/50] ssl_loss=0.045067 lr=0.00005777 base_val_bce=0.615930 base_best=N base_cls_epoch=25 epoch_sec=4.3 task_elapsed_min=3.6 gpu_alloc_gb=0.272 gpu_reserved_gb=1.539
[ssl_epoch=32/50] ssl_loss=0.045067 lr=0.00005777 base_val_bce=0.615930 base_best=N base_cls_epoch=25 epoch_sec=4.4 elapsed_min=3.6 gpu_alloc_gb=0.272 gpu_reserved_gb=1.539
[repeat=2 fold=6] [epoch=33/50] ssl_loss=0.061814 lr=0.00005249 base_val_bce=0.616963 base_best=N base_cls_epoch=24 epoch_sec=3.8 task_elapsed_min=3.7 gpu_alloc_gb=0.272 gpu_reserved_gb=1.539
[ssl_epoch=33/50] ssl_loss=0.061814 lr=0.00005249 base_val_bce=0.616963 base_best=N base_cls_epoch=24 epoch_sec=4.0 elapsed_min=3.7 gpu_alloc_gb=0.272 gpu_reserved_gb=1.539
[repeat=2 fold=6] [epoch=34/50] ssl_loss=0.044050 lr=0.00004732 base_val_bce=0.635712 base_best=N base_cls_epoch=24 epoch_sec=4.3 task_elapsed_min=3.8 gpu_alloc_gb=0.272 gpu_reserved_gb=1.539
[ssl_epoch=34/50] ssl_loss=0.044050 lr=0.00004732 base_val_bce=0.635712 base_best=N base_cls_epoch=24 epoch_sec=4.3 elapsed_min=3.8 gpu_alloc_gb=0.272 gpu_reserved_gb=1.539
[repeat=2 fold=6] [epoch=35/50] ssl_loss=0.054560 lr=0.00004227 base_val_bce=0.616661 base_best=N base_cls_epoch=24 epoch_sec=4.4 task_elapsed_min=3.8 gpu_alloc_gb=0.272 gpu_reserved_gb=1.539
[ssl_epoch=35/50] ssl_loss=0.054560 lr=0.00004227 base_val_bce=0.616661 base_best=N base_cls_epoch=24 epoch_sec=4.5 elapsed_min=3.8 gpu_alloc_gb=0.272 gpu_reserved_gb=1.539
[repeat=2 fold=6] [epoch=36/50] ssl_loss=0.055933 lr=0.00003739 base_val_bce=0.623435 base_best=N base_cls_epoch=25 epoch_sec=4.7 task_elapsed_min=3.9 gpu_alloc_gb=0.272 gpu_reserved_gb=1.539
[ssl_epoch=36/50] ssl_loss=0.055933 lr=0.00003739 base_val_bce=0.623435 base_best=N base_cls_epoch=25 epoch_sec=4.8 elapsed_min=3.9 gpu_alloc_gb=0.272 gpu_reserved_gb=1.539
[repeat=2 fold=6] [epoch=37/50] ssl_loss=0.052475 lr=0.00003270 base_val_bce=0.615823 base_best=N base_cls_epoch=23 epoch_sec=5.4 task_elapsed_min=4.0 gpu_alloc_gb=0.272 gpu_reserved_gb=1.539
[ssl_epoch=37/50] ssl_loss=0.052475 lr=0.00003270 base_val_bce=0.615823 base_best=N base_cls_epoch=23 epoch_sec=5.4 elapsed_min=4.0 gpu_alloc_gb=0.272 gpu_reserved_gb=1.539
[repeat=2 fold=6] [epoch=38/50] ssl_loss=0.049204 lr=0.00002823 base_val_bce=0.612876 base_best=N base_cls_epoch=24 epoch_sec=4.8 task_elapsed_min=4.1 gpu_alloc_gb=0.272 gpu_reserved_gb=1.539
[ssl_epoch=38/50] ssl_loss=0.049204 lr=0.00002823 base_val_bce=0.612876 base_best=N base_cls_epoch=24 epoch_sec=4.8 elapsed_min=4.1 gpu_alloc_gb=0.272 gpu_reserved_gb=1.539
[repeat=2 fold=6] [epoch=39/50] ssl_loss=0.053476 lr=0.00002401 base_val_bce=0.612750 base_best=N base_cls_epoch=23 epoch_sec=5.1 task_elapsed_min=4.2 gpu_alloc_gb=0.272 gpu_reserved_gb=1.539
[ssl_epoch=39/50] ssl_loss=0.053476 lr=0.00002401 base_val_bce=0.612750 base_best=N base_cls_epoch=23 epoch_sec=5.2 elapsed_min=4.2 gpu_alloc_gb=0.272 gpu_reserved_gb=1.539
CHECKPOINT_BEST repeat=2 scope=internal_cv fold=6 phase=ssl epoch=40 path=/data/adodas/VarCoNet-V2-main/xiaolunwen/experiment3/checkpoints/worker_r2_best.pt
CHECKPOINT_LATEST repeat=2 scope=internal_cv fold=6 phase=ssl epoch=40 path=/data/adodas/VarCoNet-V2-main/xiaolunwen/experiment3/checkpoints/worker_r2_latest.pt
[repeat=2 fold=6] [epoch=40/50] ssl_loss=0.052121 lr=0.00002006 base_val_bce=0.607060 base_best=Y base_cls_epoch=23 epoch_sec=6.5 task_elapsed_min=4.3 gpu_alloc_gb=0.272 gpu_reserved_gb=1.539
[ssl_epoch=40/50] ssl_loss=0.052121 lr=0.00002006 base_val_bce=0.607060 base_best=Y base_cls_epoch=23 epoch_sec=6.5 elapsed_min=4.3 gpu_alloc_gb=0.272 gpu_reserved_gb=1.539
[repeat=2 fold=6] [epoch=41/50] ssl_loss=0.049390 lr=0.00001641 base_val_bce=0.613716 base_best=N base_cls_epoch=24 epoch_sec=5.6 task_elapsed_min=4.4 gpu_alloc_gb=0.272 gpu_reserved_gb=1.539
[ssl_epoch=41/50] ssl_loss=0.049390 lr=0.00001641 base_val_bce=0.613716 base_best=N base_cls_epoch=24 epoch_sec=5.8 elapsed_min=4.4 gpu_alloc_gb=0.272 gpu_reserved_gb=1.539
[repeat=2 fold=6] [epoch=42/50] ssl_loss=0.042172 lr=0.00001308 base_val_bce=0.612062 base_best=N base_cls_epoch=24 epoch_sec=5.4 task_elapsed_min=4.5 gpu_alloc_gb=0.272 gpu_reserved_gb=1.539
[ssl_epoch=42/50] ssl_loss=0.042172 lr=0.00001308 base_val_bce=0.612062 base_best=N base_cls_epoch=24 epoch_sec=5.4 elapsed_min=4.5 gpu_alloc_gb=0.272 gpu_reserved_gb=1.539
[repeat=2 fold=6] [epoch=43/50] ssl_loss=0.058055 lr=0.00001009 base_val_bce=0.615668 base_best=N base_cls_epoch=25 epoch_sec=5.3 task_elapsed_min=4.6 gpu_alloc_gb=0.272 gpu_reserved_gb=1.539
[ssl_epoch=43/50] ssl_loss=0.058055 lr=0.00001009 base_val_bce=0.615668 base_best=N base_cls_epoch=25 epoch_sec=5.4 elapsed_min=4.6 gpu_alloc_gb=0.272 gpu_reserved_gb=1.539
[repeat=2 fold=6] [epoch=44/50] ssl_loss=0.045965 lr=0.00000746 base_val_bce=0.616151 base_best=N base_cls_epoch=25 epoch_sec=5.4 task_elapsed_min=4.6 gpu_alloc_gb=0.272 gpu_reserved_gb=1.539
[ssl_epoch=44/50] ssl_loss=0.045965 lr=0.00000746 base_val_bce=0.616151 base_best=N base_cls_epoch=25 epoch_sec=5.5 elapsed_min=4.6 gpu_alloc_gb=0.272 gpu_reserved_gb=1.539
[repeat=2 fold=6] [epoch=45/50] ssl_loss=0.060641 lr=0.00000521 base_val_bce=0.611328 base_best=N base_cls_epoch=26 epoch_sec=5.5 task_elapsed_min=4.7 gpu_alloc_gb=0.272 gpu_reserved_gb=1.539
[ssl_epoch=45/50] ssl_loss=0.060641 lr=0.00000521 base_val_bce=0.611328 base_best=N base_cls_epoch=26 epoch_sec=5.5 elapsed_min=4.7 gpu_alloc_gb=0.272 gpu_reserved_gb=1.539
[repeat=2 fold=6] [epoch=46/50] ssl_loss=0.051821 lr=0.00000335 base_val_bce=0.621063 base_best=N base_cls_epoch=24 epoch_sec=5.8 task_elapsed_min=4.8 gpu_alloc_gb=0.272 gpu_reserved_gb=1.539
[ssl_epoch=46/50] ssl_loss=0.051821 lr=0.00000335 base_val_bce=0.621063 base_best=N base_cls_epoch=24 epoch_sec=6.0 elapsed_min=4.8 gpu_alloc_gb=0.272 gpu_reserved_gb=1.539
[repeat=2 fold=6] [epoch=47/50] ssl_loss=0.056682 lr=0.00000189 base_val_bce=0.620004 base_best=N base_cls_epoch=23 epoch_sec=5.0 task_elapsed_min=4.9 gpu_alloc_gb=0.272 gpu_reserved_gb=1.539
[ssl_epoch=47/50] ssl_loss=0.056682 lr=0.00000189 base_val_bce=0.620004 base_best=N base_cls_epoch=23 epoch_sec=5.3 elapsed_min=4.9 gpu_alloc_gb=0.272 gpu_reserved_gb=1.539
[repeat=2 fold=6] [epoch=48/50] ssl_loss=0.074448 lr=0.00000084 base_val_bce=0.616412 base_best=N base_cls_epoch=21 epoch_sec=4.8 task_elapsed_min=5.0 gpu_alloc_gb=0.272 gpu_reserved_gb=1.539
[ssl_epoch=48/50] ssl_loss=0.074448 lr=0.00000084 base_val_bce=0.616412 base_best=N base_cls_epoch=21 epoch_sec=4.8 elapsed_min=5.0 gpu_alloc_gb=0.272 gpu_reserved_gb=1.539
[repeat=2 fold=6] [epoch=49/50] ssl_loss=0.048925 lr=0.00000021 base_val_bce=0.612022 base_best=N base_cls_epoch=24 epoch_sec=5.4 task_elapsed_min=5.1 gpu_alloc_gb=0.272 gpu_reserved_gb=1.539
[ssl_epoch=49/50] ssl_loss=0.048925 lr=0.00000021 base_val_bce=0.612022 base_best=N base_cls_epoch=24 epoch_sec=5.4 elapsed_min=5.1 gpu_alloc_gb=0.272 gpu_reserved_gb=1.539
CHECKPOINT_LATEST repeat=2 scope=internal_cv fold=6 phase=ssl epoch=50 path=/data/adodas/VarCoNet-V2-main/xiaolunwen/experiment3/checkpoints/worker_r2_latest.pt
[repeat=2 fold=6] [epoch=50/50] ssl_loss=0.050493 lr=0.00000000 base_val_bce=0.620246 base_best=N base_cls_epoch=23 epoch_sec=5.9 task_elapsed_min=5.2 gpu_alloc_gb=0.272 gpu_reserved_gb=1.539
[ssl_epoch=50/50] ssl_loss=0.050493 lr=0.00000000 base_val_bce=0.620246 base_best=N base_cls_epoch=23 epoch_sec=5.9 elapsed_min=5.2 gpu_alloc_gb=0.272 gpu_reserved_gb=1.539
[MODULE_DISCOVERY] repeat=2 fold=6 n_unique_subjects=674 n_modules=32 module_size_min=6 module_size_mean=12.000 module_size_max=29 singleton_modules=0 meta_dim=528 empty_meta_bins=0 affinity_mean=0.17826501 affinity_std=0.04569056 affinity_max=0.90647840 elapsed_sec=0.03
[HIGH_ORDER_RESIDUAL] repeat=2 fold=6 epoch=0 train_bce=NA val_bce=0.607060 best=Y best_epoch=0 head_l2=0.000000 elapsed_sec=313.16
CHECKPOINT_BEST repeat=2 scope=internal_cv fold=6 phase=high_order_residual epoch=0 path=/data/adodas/VarCoNet-V2-main/xiaolunwen/experiment3/checkpoints/worker_r2_best.pt
CHECKPOINT_BEST repeat=2 scope=internal_cv fold=6 phase=high_order_residual epoch=1 path=/data/adodas/VarCoNet-V2-main/xiaolunwen/experiment3/checkpoints/worker_r2_best.pt
[HIGH_ORDER_RESIDUAL] repeat=2 fold=6 epoch=1/149 train_bce=0.316905 val_bce=0.607041 best=Y best_epoch=1 head_l2=0.001149 elapsed_sec=0.22
CHECKPOINT_BEST repeat=2 scope=internal_cv fold=6 phase=high_order_residual epoch=2 path=/data/adodas/VarCoNet-V2-main/xiaolunwen/experiment3/checkpoints/worker_r2_best.pt
[HIGH_ORDER_RESIDUAL] repeat=2 fold=6 epoch=2/149 train_bce=0.316714 val_bce=0.607023 best=Y best_epoch=2 head_l2=0.002297 elapsed_sec=0.74
CHECKPOINT_BEST repeat=2 scope=internal_cv fold=6 phase=high_order_residual epoch=3 path=/data/adodas/VarCoNet-V2-main/xiaolunwen/experiment3/checkpoints/worker_r2_best.pt
[HIGH_ORDER_RESIDUAL] repeat=2 fold=6 epoch=3/149 train_bce=0.316524 val_bce=0.607004 best=Y best_epoch=3 head_l2=0.003444 elapsed_sec=0.58
CHECKPOINT_BEST repeat=2 scope=internal_cv fold=6 phase=high_order_residual epoch=4 path=/data/adodas/VarCoNet-V2-main/xiaolunwen/experiment3/checkpoints/worker_r2_best.pt
[HIGH_ORDER_RESIDUAL] repeat=2 fold=6 epoch=4/149 train_bce=0.316335 val_bce=0.606984 best=Y best_epoch=4 head_l2=0.004590 elapsed_sec=0.21
CHECKPOINT_BEST repeat=2 scope=internal_cv fold=6 phase=high_order_residual epoch=5 path=/data/adodas/VarCoNet-V2-main/xiaolunwen/experiment3/checkpoints/worker_r2_best.pt
[HIGH_ORDER_RESIDUAL] repeat=2 fold=6 epoch=5/149 train_bce=0.316146 val_bce=0.606964 best=Y best_epoch=5 head_l2=0.005735 elapsed_sec=0.20
CHECKPOINT_BEST repeat=2 scope=internal_cv fold=6 phase=high_order_residual epoch=6 path=/data/adodas/VarCoNet-V2-main/xiaolunwen/experiment3/checkpoints/worker_r2_best.pt
[HIGH_ORDER_RESIDUAL] repeat=2 fold=6 epoch=6/149 train_bce=0.315957 val_bce=0.606945 best=Y best_epoch=6 head_l2=0.006880 elapsed_sec=0.21
CHECKPOINT_BEST repeat=2 scope=internal_cv fold=6 phase=high_order_residual epoch=7 path=/data/adodas/VarCoNet-V2-main/xiaolunwen/experiment3/checkpoints/worker_r2_best.pt
[HIGH_ORDER_RESIDUAL] repeat=2 fold=6 epoch=7/149 train_bce=0.315768 val_bce=0.606925 best=Y best_epoch=7 head_l2=0.008023 elapsed_sec=0.58
CHECKPOINT_BEST repeat=2 scope=internal_cv fold=6 phase=high_order_residual epoch=8 path=/data/adodas/VarCoNet-V2-main/xiaolunwen/experiment3/checkpoints/worker_r2_best.pt
[HIGH_ORDER_RESIDUAL] repeat=2 fold=6 epoch=8/149 train_bce=0.315581 val_bce=0.606906 best=Y best_epoch=8 head_l2=0.009165 elapsed_sec=0.30
CHECKPOINT_BEST repeat=2 scope=internal_cv fold=6 phase=high_order_residual epoch=9 path=/data/adodas/VarCoNet-V2-main/xiaolunwen/experiment3/checkpoints/worker_r2_best.pt
[HIGH_ORDER_RESIDUAL] repeat=2 fold=6 epoch=9/149 train_bce=0.315393 val_bce=0.606888 best=Y best_epoch=9 head_l2=0.010306 elapsed_sec=0.21
CHECKPOINT_BEST repeat=2 scope=internal_cv fold=6 phase=high_order_residual epoch=10 path=/data/adodas/VarCoNet-V2-main/xiaolunwen/experiment3/checkpoints/worker_r2_best.pt
[HIGH_ORDER_RESIDUAL] repeat=2 fold=6 epoch=10/149 train_bce=0.315206 val_bce=0.606870 best=Y best_epoch=10 head_l2=0.011446 elapsed_sec=0.29
CHECKPOINT_BEST repeat=2 scope=internal_cv fold=6 phase=high_order_residual epoch=11 path=/data/adodas/VarCoNet-V2-main/xiaolunwen/experiment3/checkpoints/worker_r2_best.pt
[HIGH_ORDER_RESIDUAL] repeat=2 fold=6 epoch=11/149 train_bce=0.315020 val_bce=0.606852 best=Y best_epoch=11 head_l2=0.012584 elapsed_sec=0.26
CHECKPOINT_BEST repeat=2 scope=internal_cv fold=6 phase=high_order_residual epoch=12 path=/data/adodas/VarCoNet-V2-main/xiaolunwen/experiment3/checkpoints/worker_r2_best.pt
[HIGH_ORDER_RESIDUAL] repeat=2 fold=6 epoch=12/149 train_bce=0.314834 val_bce=0.606835 best=Y best_epoch=12 head_l2=0.013721 elapsed_sec=0.35
CHECKPOINT_BEST repeat=2 scope=internal_cv fold=6 phase=high_order_residual epoch=13 path=/data/adodas/VarCoNet-V2-main/xiaolunwen/experiment3/checkpoints/worker_r2_best.pt
[HIGH_ORDER_RESIDUAL] repeat=2 fold=6 epoch=13/149 train_bce=0.314648 val_bce=0.606818 best=Y best_epoch=13 head_l2=0.014856 elapsed_sec=0.39
CHECKPOINT_BEST repeat=2 scope=internal_cv fold=6 phase=high_order_residual epoch=14 path=/data/adodas/VarCoNet-V2-main/xiaolunwen/experiment3/checkpoints/worker_r2_best.pt
[HIGH_ORDER_RESIDUAL] repeat=2 fold=6 epoch=14/149 train_bce=0.314463 val_bce=0.606802 best=Y best_epoch=14 head_l2=0.015990 elapsed_sec=0.61
CHECKPOINT_BEST repeat=2 scope=internal_cv fold=6 phase=high_order_residual epoch=15 path=/data/adodas/VarCoNet-V2-main/xiaolunwen/experiment3/checkpoints/worker_r2_best.pt
[HIGH_ORDER_RESIDUAL] repeat=2 fold=6 epoch=15/149 train_bce=0.314279 val_bce=0.606786 best=Y best_epoch=15 head_l2=0.017122 elapsed_sec=0.25
CHECKPOINT_BEST repeat=2 scope=internal_cv fold=6 phase=high_order_residual epoch=16 path=/data/adodas/VarCoNet-V2-main/xiaolunwen/experiment3/checkpoints/worker_r2_best.pt
[HIGH_ORDER_RESIDUAL] repeat=2 fold=6 epoch=16/149 train_bce=0.314095 val_bce=0.606771 best=Y best_epoch=16 head_l2=0.018252 elapsed_sec=0.38
CHECKPOINT_BEST repeat=2 scope=internal_cv fold=6 phase=high_order_residual epoch=17 path=/data/adodas/VarCoNet-V2-main/xiaolunwen/experiment3/checkpoints/worker_r2_best.pt
[HIGH_ORDER_RESIDUAL] repeat=2 fold=6 epoch=17/149 train_bce=0.313911 val_bce=0.606757 best=Y best_epoch=17 head_l2=0.019381 elapsed_sec=0.22
CHECKPOINT_BEST repeat=2 scope=internal_cv fold=6 phase=high_order_residual epoch=18 path=/data/adodas/VarCoNet-V2-main/xiaolunwen/experiment3/checkpoints/worker_r2_best.pt
[HIGH_ORDER_RESIDUAL] repeat=2 fold=6 epoch=18/149 train_bce=0.313728 val_bce=0.606743 best=Y best_epoch=18 head_l2=0.020508 elapsed_sec=0.19
CHECKPOINT_BEST repeat=2 scope=internal_cv fold=6 phase=high_order_residual epoch=19 path=/data/adodas/VarCoNet-V2-main/xiaolunwen/experiment3/checkpoints/worker_r2_best.pt
[HIGH_ORDER_RESIDUAL] repeat=2 fold=6 epoch=19/149 train_bce=0.313545 val_bce=0.606730 best=Y best_epoch=19 head_l2=0.021633 elapsed_sec=0.34
CHECKPOINT_BEST repeat=2 scope=internal_cv fold=6 phase=high_order_residual epoch=20 path=/data/adodas/VarCoNet-V2-main/xiaolunwen/experiment3/checkpoints/worker_r2_best.pt
[HIGH_ORDER_RESIDUAL] repeat=2 fold=6 epoch=20/149 train_bce=0.313363 val_bce=0.606718 best=Y best_epoch=20 head_l2=0.022757 elapsed_sec=0.25
CHECKPOINT_BEST repeat=2 scope=internal_cv fold=6 phase=high_order_residual epoch=21 path=/data/adodas/VarCoNet-V2-main/xiaolunwen/experiment3/checkpoints/worker_r2_best.pt
[HIGH_ORDER_RESIDUAL] repeat=2 fold=6 epoch=21/149 train_bce=0.313182 val_bce=0.606706 best=Y best_epoch=21 head_l2=0.023879 elapsed_sec=0.19
CHECKPOINT_BEST repeat=2 scope=internal_cv fold=6 phase=high_order_residual epoch=22 path=/data/adodas/VarCoNet-V2-main/xiaolunwen/experiment3/checkpoints/worker_r2_best.pt
[HIGH_ORDER_RESIDUAL] repeat=2 fold=6 epoch=22/149 train_bce=0.313000 val_bce=0.606695 best=Y best_epoch=22 head_l2=0.025000 elapsed_sec=0.31
CHECKPOINT_BEST repeat=2 scope=internal_cv fold=6 phase=high_order_residual epoch=23 path=/data/adodas/VarCoNet-V2-main/xiaolunwen/experiment3/checkpoints/worker_r2_best.pt
[HIGH_ORDER_RESIDUAL] repeat=2 fold=6 epoch=23/149 train_bce=0.312820 val_bce=0.606684 best=Y best_epoch=23 head_l2=0.026119 elapsed_sec=0.38
CHECKPOINT_BEST repeat=2 scope=internal_cv fold=6 phase=high_order_residual epoch=24 path=/data/adodas/VarCoNet-V2-main/xiaolunwen/experiment3/checkpoints/worker_r2_best.pt
[HIGH_ORDER_RESIDUAL] repeat=2 fold=6 epoch=24/149 train_bce=0.312639 val_bce=0.606674 best=Y best_epoch=24 head_l2=0.027236 elapsed_sec=0.42
CHECKPOINT_BEST repeat=2 scope=internal_cv fold=6 phase=high_order_residual epoch=25 path=/data/adodas/VarCoNet-V2-main/xiaolunwen/experiment3/checkpoints/worker_r2_best.pt
[HIGH_ORDER_RESIDUAL] repeat=2 fold=6 epoch=25/149 train_bce=0.312460 val_bce=0.606665 best=Y best_epoch=25 head_l2=0.028352 elapsed_sec=0.17
CHECKPOINT_BEST repeat=2 scope=internal_cv fold=6 phase=high_order_residual epoch=26 path=/data/adodas/VarCoNet-V2-main/xiaolunwen/experiment3/checkpoints/worker_r2_best.pt
[HIGH_ORDER_RESIDUAL] repeat=2 fold=6 epoch=26/149 train_bce=0.312280 val_bce=0.606656 best=Y best_epoch=26 head_l2=0.029466 elapsed_sec=0.21
CHECKPOINT_BEST repeat=2 scope=internal_cv fold=6 phase=high_order_residual epoch=27 path=/data/adodas/VarCoNet-V2-main/xiaolunwen/experiment3/checkpoints/worker_r2_best.pt
[HIGH_ORDER_RESIDUAL] repeat=2 fold=6 epoch=27/149 train_bce=0.312102 val_bce=0.606648 best=Y best_epoch=27 head_l2=0.030578 elapsed_sec=0.21
CHECKPOINT_BEST repeat=2 scope=internal_cv fold=6 phase=high_order_residual epoch=28 path=/data/adodas/VarCoNet-V2-main/xiaolunwen/experiment3/checkpoints/worker_r2_best.pt
[HIGH_ORDER_RESIDUAL] repeat=2 fold=6 epoch=28/149 train_bce=0.311923 val_bce=0.606640 best=Y best_epoch=28 head_l2=0.031689 elapsed_sec=0.19
CHECKPOINT_BEST repeat=2 scope=internal_cv fold=6 phase=high_order_residual epoch=29 path=/data/adodas/VarCoNet-V2-main/xiaolunwen/experiment3/checkpoints/worker_r2_best.pt
[HIGH_ORDER_RESIDUAL] repeat=2 fold=6 epoch=29/149 train_bce=0.311746 val_bce=0.606633 best=Y best_epoch=29 head_l2=0.032799 elapsed_sec=0.20
CHECKPOINT_BEST repeat=2 scope=internal_cv fold=6 phase=high_order_residual epoch=30 path=/data/adodas/VarCoNet-V2-main/xiaolunwen/experiment3/checkpoints/worker_r2_best.pt
[HIGH_ORDER_RESIDUAL] repeat=2 fold=6 epoch=30/149 train_bce=0.311568 val_bce=0.606627 best=Y best_epoch=30 head_l2=0.033907 elapsed_sec=0.32
CHECKPOINT_BEST repeat=2 scope=internal_cv fold=6 phase=high_order_residual epoch=31 path=/data/adodas/VarCoNet-V2-main/xiaolunwen/experiment3/checkpoints/worker_r2_best.pt
[HIGH_ORDER_RESIDUAL] repeat=2 fold=6 epoch=31/149 train_bce=0.311391 val_bce=0.606621 best=Y best_epoch=31 head_l2=0.035013 elapsed_sec=0.64
CHECKPOINT_BEST repeat=2 scope=internal_cv fold=6 phase=high_order_residual epoch=32 path=/data/adodas/VarCoNet-V2-main/xiaolunwen/experiment3/checkpoints/worker_r2_best.pt
[HIGH_ORDER_RESIDUAL] repeat=2 fold=6 epoch=32/149 train_bce=0.311215 val_bce=0.606616 best=Y best_epoch=32 head_l2=0.036118 elapsed_sec=0.67
CHECKPOINT_BEST repeat=2 scope=internal_cv fold=6 phase=high_order_residual epoch=33 path=/data/adodas/VarCoNet-V2-main/xiaolunwen/experiment3/checkpoints/worker_r2_best.pt
[HIGH_ORDER_RESIDUAL] repeat=2 fold=6 epoch=33/149 train_bce=0.311039 val_bce=0.606612 best=Y best_epoch=33 head_l2=0.037222 elapsed_sec=0.35
CHECKPOINT_BEST repeat=2 scope=internal_cv fold=6 phase=high_order_residual epoch=34 path=/data/adodas/VarCoNet-V2-main/xiaolunwen/experiment3/checkpoints/worker_r2_best.pt
[HIGH_ORDER_RESIDUAL] repeat=2 fold=6 epoch=34/149 train_bce=0.310864 val_bce=0.606608 best=Y best_epoch=34 head_l2=0.038324 elapsed_sec=0.22
CHECKPOINT_BEST repeat=2 scope=internal_cv fold=6 phase=high_order_residual epoch=35 path=/data/adodas/VarCoNet-V2-main/xiaolunwen/experiment3/checkpoints/worker_r2_best.pt
[HIGH_ORDER_RESIDUAL] repeat=2 fold=6 epoch=35/149 train_bce=0.310689 val_bce=0.606605 best=Y best_epoch=35 head_l2=0.039425 elapsed_sec=0.20
CHECKPOINT_BEST repeat=2 scope=internal_cv fold=6 phase=high_order_residual epoch=36 path=/data/adodas/VarCoNet-V2-main/xiaolunwen/experiment3/checkpoints/worker_r2_best.pt
[HIGH_ORDER_RESIDUAL] repeat=2 fold=6 epoch=36/149 train_bce=0.310514 val_bce=0.606602 best=Y best_epoch=36 head_l2=0.040524 elapsed_sec=0.25
CHECKPOINT_BEST repeat=2 scope=internal_cv fold=6 phase=high_order_residual epoch=37 path=/data/adodas/VarCoNet-V2-main/xiaolunwen/experiment3/checkpoints/worker_r2_best.pt
[HIGH_ORDER_RESIDUAL] repeat=2 fold=6 epoch=37/149 train_bce=0.310340 val_bce=0.606600 best=Y best_epoch=37 head_l2=0.041622 elapsed_sec=0.25
CHECKPOINT_BEST repeat=2 scope=internal_cv fold=6 phase=high_order_residual epoch=38 path=/data/adodas/VarCoNet-V2-main/xiaolunwen/experiment3/checkpoints/worker_r2_best.pt
[HIGH_ORDER_RESIDUAL] repeat=2 fold=6 epoch=38/149 train_bce=0.310166 val_bce=0.606598 best=Y best_epoch=38 head_l2=0.042718 elapsed_sec=0.20
CHECKPOINT_BEST repeat=2 scope=internal_cv fold=6 phase=high_order_residual epoch=39 path=/data/adodas/VarCoNet-V2-main/xiaolunwen/experiment3/checkpoints/worker_r2_best.pt
[HIGH_ORDER_RESIDUAL] repeat=2 fold=6 epoch=39/149 train_bce=0.309993 val_bce=0.606597 best=Y best_epoch=39 head_l2=0.043813 elapsed_sec=0.32
CHECKPOINT_BEST repeat=2 scope=internal_cv fold=6 phase=high_order_residual epoch=40 path=/data/adodas/VarCoNet-V2-main/xiaolunwen/experiment3/checkpoints/worker_r2_best.pt
[HIGH_ORDER_RESIDUAL] repeat=2 fold=6 epoch=40/149 train_bce=0.309821 val_bce=0.606597 best=Y best_epoch=40 head_l2=0.044907 elapsed_sec=0.20
CHECKPOINT_LATEST repeat=2 scope=internal_cv fold=6 phase=high_order_residual epoch=50 path=/data/adodas/VarCoNet-V2-main/xiaolunwen/experiment3/checkpoints/worker_r2_latest.pt
[HIGH_ORDER_RESIDUAL] repeat=2 fold=6 epoch=50/149 train_bce=0.308118 val_bce=0.606618 best=N best_epoch=40 head_l2=0.055774 elapsed_sec=0.20
CHECKPOINT_LATEST repeat=2 scope=internal_cv fold=6 phase=high_order_residual epoch=60 path=/data/adodas/VarCoNet-V2-main/xiaolunwen/experiment3/checkpoints/worker_r2_latest.pt
[HIGH_ORDER_RESIDUAL] repeat=2 fold=6 epoch=60/149 train_bce=0.306460 val_bce=0.606682 best=N best_epoch=40 head_l2=0.066517 elapsed_sec=0.26
CHECKPOINT_LATEST repeat=2 scope=internal_cv fold=6 phase=high_order_residual epoch=70 path=/data/adodas/VarCoNet-V2-main/xiaolunwen/experiment3/checkpoints/worker_r2_latest.pt
[HIGH_ORDER_RESIDUAL] repeat=2 fold=6 epoch=70/149 train_bce=0.304842 val_bce=0.606779 best=N best_epoch=40 head_l2=0.077147 elapsed_sec=0.18
CHECKPOINT_LATEST repeat=2 scope=internal_cv fold=6 phase=high_order_residual epoch=80 path=/data/adodas/VarCoNet-V2-main/xiaolunwen/experiment3/checkpoints/worker_r2_latest.pt
[HIGH_ORDER_RESIDUAL] repeat=2 fold=6 epoch=80/149 train_bce=0.303263 val_bce=0.606899 best=N best_epoch=40 head_l2=0.087668 elapsed_sec=0.24
CHECKPOINT_LATEST repeat=2 scope=internal_cv fold=6 phase=high_order_residual epoch=90 path=/data/adodas/VarCoNet-V2-main/xiaolunwen/experiment3/checkpoints/worker_r2_latest.pt
[HIGH_ORDER_RESIDUAL] repeat=2 fold=6 epoch=90/149 train_bce=0.301721 val_bce=0.607040 best=N best_epoch=40 head_l2=0.098085 elapsed_sec=0.18
CHECKPOINT_LATEST repeat=2 scope=internal_cv fold=6 phase=high_order_residual epoch=100 path=/data/adodas/VarCoNet-V2-main/xiaolunwen/experiment3/checkpoints/worker_r2_latest.pt
[HIGH_ORDER_RESIDUAL] repeat=2 fold=6 epoch=100/149 train_bce=0.300214 val_bce=0.607202 best=N best_epoch=40 head_l2=0.108398 elapsed_sec=0.32
CHECKPOINT_LATEST repeat=2 scope=internal_cv fold=6 phase=high_order_residual epoch=110 path=/data/adodas/VarCoNet-V2-main/xiaolunwen/experiment3/checkpoints/worker_r2_latest.pt
[HIGH_ORDER_RESIDUAL] repeat=2 fold=6 epoch=110/149 train_bce=0.298740 val_bce=0.607384 best=N best_epoch=40 head_l2=0.118610 elapsed_sec=0.24
CHECKPOINT_LATEST repeat=2 scope=internal_cv fold=6 phase=high_order_residual epoch=120 path=/data/adodas/VarCoNet-V2-main/xiaolunwen/experiment3/checkpoints/worker_r2_latest.pt
[HIGH_ORDER_RESIDUAL] repeat=2 fold=6 epoch=120/149 train_bce=0.297298 val_bce=0.607586 best=N best_epoch=40 head_l2=0.128723 elapsed_sec=0.20
CHECKPOINT_LATEST repeat=2 scope=internal_cv fold=6 phase=high_order_residual epoch=130 path=/data/adodas/VarCoNet-V2-main/xiaolunwen/experiment3/checkpoints/worker_r2_latest.pt
[HIGH_ORDER_RESIDUAL] repeat=2 fold=6 epoch=130/149 train_bce=0.295885 val_bce=0.607808 best=N best_epoch=40 head_l2=0.138740 elapsed_sec=0.27
CHECKPOINT_LATEST repeat=2 scope=internal_cv fold=6 phase=high_order_residual epoch=140 path=/data/adodas/VarCoNet-V2-main/xiaolunwen/experiment3/checkpoints/worker_r2_latest.pt
[HIGH_ORDER_RESIDUAL] repeat=2 fold=6 epoch=140/149 train_bce=0.294502 val_bce=0.608047 best=N best_epoch=40 head_l2=0.148664 elapsed_sec=0.20
RESIDUAL_DONE repeat=2 scope=internal_cv fold=6 selected_encoder_epoch=40 selected_classifier_epoch=23 selected_residual_epoch=40 val_bce=0.606597
TASK_TRAINING_DONE repeat=2 scope=internal_cv fold=6 base_epoch=40 dyn_epoch=40 base_val_bce=0.607060 high_order_val_bce=0.606597
TASK_DONE repeat=2 scope=internal_fold fold=6 method=baseline selected_encoder_epoch=40 test_auc=0.705760 test_bce=0.622837 elapsed_min=5.5
TASK_DONE repeat=2 scope=internal_fold fold=6 method=consensus_highorder_residual selected_encoder_epoch=40 test_auc=0.702647 test_bce=0.625187 elapsed_min=5.5
TASK_START repeat=2 scope=internal_cv fold=7 seed=100207 device=cuda:0 shared_encoder=Y
CHECKPOINT_BEST repeat=2 scope=internal_cv fold=7 phase=ssl epoch=1 path=/data/adodas/VarCoNet-V2-main/xiaolunwen/experiment3/checkpoints/worker_r2_best.pt
[repeat=2 fold=7] [epoch=1/50] ssl_loss=1.790672 lr=0.00002411 base_val_bce=0.641708 base_best=Y base_cls_epoch=59 epoch_sec=5.9 task_elapsed_min=0.1 gpu_alloc_gb=0.272 gpu_reserved_gb=1.539
[ssl_epoch=1/50] ssl_loss=1.790672 lr=0.00002411 base_val_bce=0.641708 base_best=Y base_cls_epoch=59 epoch_sec=5.9 elapsed_min=0.1 gpu_alloc_gb=0.272 gpu_reserved_gb=1.539
[repeat=2 fold=7] [epoch=2/50] ssl_loss=0.814689 lr=0.00003821 base_val_bce=0.649084 base_best=N base_cls_epoch=41 epoch_sec=5.6 task_elapsed_min=0.2 gpu_alloc_gb=0.272 gpu_reserved_gb=1.539
[ssl_epoch=2/50] ssl_loss=0.814689 lr=0.00003821 base_val_bce=0.649084 base_best=N base_cls_epoch=41 epoch_sec=5.6 elapsed_min=0.2 gpu_alloc_gb=0.272 gpu_reserved_gb=1.539
CHECKPOINT_BEST repeat=2 scope=internal_cv fold=7 phase=ssl epoch=3 path=/data/adodas/VarCoNet-V2-main/xiaolunwen/experiment3/checkpoints/worker_r2_best.pt
[repeat=2 fold=7] [epoch=3/50] ssl_loss=0.240705 lr=0.00005232 base_val_bce=0.636850 base_best=Y base_cls_epoch=27 epoch_sec=5.8 task_elapsed_min=0.3 gpu_alloc_gb=0.272 gpu_reserved_gb=1.539
[ssl_epoch=3/50] ssl_loss=0.240705 lr=0.00005232 base_val_bce=0.636850 base_best=Y base_cls_epoch=27 epoch_sec=5.8 elapsed_min=0.3 gpu_alloc_gb=0.272 gpu_reserved_gb=1.539
[repeat=2 fold=7] [epoch=4/50] ssl_loss=0.125796 lr=0.00006643 base_val_bce=0.647364 base_best=N base_cls_epoch=30 epoch_sec=5.7 task_elapsed_min=0.4 gpu_alloc_gb=0.272 gpu_reserved_gb=1.539
[ssl_epoch=4/50] ssl_loss=0.125796 lr=0.00006643 base_val_bce=0.647364 base_best=N base_cls_epoch=30 epoch_sec=5.8 elapsed_min=0.4 gpu_alloc_gb=0.272 gpu_reserved_gb=1.539
[repeat=2 fold=7] [epoch=5/50] ssl_loss=0.121952 lr=0.00008053 base_val_bce=0.647304 base_best=N base_cls_epoch=25 epoch_sec=5.4 task_elapsed_min=0.5 gpu_alloc_gb=0.272 gpu_reserved_gb=1.539
[ssl_epoch=5/50] ssl_loss=0.121952 lr=0.00008053 base_val_bce=0.647304 base_best=N base_cls_epoch=25 epoch_sec=5.4 elapsed_min=0.5 gpu_alloc_gb=0.272 gpu_reserved_gb=1.539
[repeat=2 fold=7] [epoch=6/50] ssl_loss=0.117181 lr=0.00009464 base_val_bce=0.649737 base_best=N base_cls_epoch=20 epoch_sec=5.3 task_elapsed_min=0.6 gpu_alloc_gb=0.272 gpu_reserved_gb=1.539
[ssl_epoch=6/50] ssl_loss=0.117181 lr=0.00009464 base_val_bce=0.649737 base_best=N base_cls_epoch=20 epoch_sec=5.3 elapsed_min=0.6 gpu_alloc_gb=0.272 gpu_reserved_gb=1.539
[repeat=2 fold=7] [epoch=7/50] ssl_loss=0.104200 lr=0.00010875 base_val_bce=0.640829 base_best=N base_cls_epoch=29 epoch_sec=5.7 task_elapsed_min=0.7 gpu_alloc_gb=0.272 gpu_reserved_gb=1.539
[ssl_epoch=7/50] ssl_loss=0.104200 lr=0.00010875 base_val_bce=0.640829 base_best=N base_cls_epoch=29 epoch_sec=5.7 elapsed_min=0.7 gpu_alloc_gb=0.272 gpu_reserved_gb=1.539
[repeat=2 fold=7] [epoch=8/50] ssl_loss=0.108709 lr=0.00012285 base_val_bce=0.641316 base_best=N base_cls_epoch=28 epoch_sec=5.7 task_elapsed_min=0.8 gpu_alloc_gb=0.272 gpu_reserved_gb=1.539
[ssl_epoch=8/50] ssl_loss=0.108709 lr=0.00012285 base_val_bce=0.641316 base_best=N base_cls_epoch=28 epoch_sec=5.7 elapsed_min=0.8 gpu_alloc_gb=0.272 gpu_reserved_gb=1.539
[repeat=2 fold=7] [epoch=9/50] ssl_loss=0.090696 lr=0.00013696 base_val_bce=0.643205 base_best=N base_cls_epoch=22 epoch_sec=5.5 task_elapsed_min=0.9 gpu_alloc_gb=0.272 gpu_reserved_gb=1.539
[ssl_epoch=9/50] ssl_loss=0.090696 lr=0.00013696 base_val_bce=0.643205 base_best=N base_cls_epoch=22 epoch_sec=5.5 elapsed_min=0.9 gpu_alloc_gb=0.272 gpu_reserved_gb=1.539
CHECKPOINT_LATEST repeat=2 scope=internal_cv fold=7 phase=ssl epoch=10 path=/data/adodas/VarCoNet-V2-main/xiaolunwen/experiment3/checkpoints/worker_r2_latest.pt
[repeat=2 fold=7] [epoch=10/50] ssl_loss=0.075580 lr=0.00013696 base_val_bce=0.642713 base_best=N base_cls_epoch=24 epoch_sec=5.8 task_elapsed_min=0.9 gpu_alloc_gb=0.272 gpu_reserved_gb=1.539
[ssl_epoch=10/50] ssl_loss=0.075580 lr=0.00013696 base_val_bce=0.642713 base_best=N base_cls_epoch=24 epoch_sec=5.8 elapsed_min=0.9 gpu_alloc_gb=0.272 gpu_reserved_gb=1.539
[repeat=2 fold=7] [epoch=11/50] ssl_loss=0.086611 lr=0.00013675 base_val_bce=0.640467 base_best=N base_cls_epoch=26 epoch_sec=5.5 task_elapsed_min=1.0 gpu_alloc_gb=0.272 gpu_reserved_gb=1.539
[ssl_epoch=11/50] ssl_loss=0.086611 lr=0.00013675 base_val_bce=0.640467 base_best=N base_cls_epoch=26 epoch_sec=5.5 elapsed_min=1.0 gpu_alloc_gb=0.272 gpu_reserved_gb=1.539
[repeat=2 fold=7] [epoch=12/50] ssl_loss=0.079332 lr=0.00013612 base_val_bce=0.643469 base_best=N base_cls_epoch=27 epoch_sec=5.7 task_elapsed_min=1.1 gpu_alloc_gb=0.272 gpu_reserved_gb=1.539
[ssl_epoch=12/50] ssl_loss=0.079332 lr=0.00013612 base_val_bce=0.643469 base_best=N base_cls_epoch=27 epoch_sec=5.7 elapsed_min=1.1 gpu_alloc_gb=0.272 gpu_reserved_gb=1.539
[repeat=2 fold=7] [epoch=13/50] ssl_loss=0.081133 lr=0.00013507 base_val_bce=0.646773 base_best=N base_cls_epoch=24 epoch_sec=5.5 task_elapsed_min=1.2 gpu_alloc_gb=0.272 gpu_reserved_gb=1.539
[ssl_epoch=13/50] ssl_loss=0.081133 lr=0.00013507 base_val_bce=0.646773 base_best=N base_cls_epoch=24 epoch_sec=5.5 elapsed_min=1.2 gpu_alloc_gb=0.272 gpu_reserved_gb=1.539
[repeat=2 fold=7] [epoch=14/50] ssl_loss=0.072987 lr=0.00013361 base_val_bce=0.638829 base_best=N base_cls_epoch=23 epoch_sec=5.6 task_elapsed_min=1.3 gpu_alloc_gb=0.272 gpu_reserved_gb=1.539
[ssl_epoch=14/50] ssl_loss=0.072987 lr=0.00013361 base_val_bce=0.638829 base_best=N base_cls_epoch=23 epoch_sec=5.7 elapsed_min=1.3 gpu_alloc_gb=0.272 gpu_reserved_gb=1.539
[repeat=2 fold=7] [epoch=15/50] ssl_loss=0.072126 lr=0.00013175 base_val_bce=0.646699 base_best=N base_cls_epoch=24 epoch_sec=5.5 task_elapsed_min=1.4 gpu_alloc_gb=0.272 gpu_reserved_gb=1.539
[ssl_epoch=15/50] ssl_loss=0.072126 lr=0.00013175 base_val_bce=0.646699 base_best=N base_cls_epoch=24 epoch_sec=5.7 elapsed_min=1.4 gpu_alloc_gb=0.272 gpu_reserved_gb=1.539
[repeat=2 fold=7] [epoch=16/50] ssl_loss=0.068175 lr=0.00012950 base_val_bce=0.643789 base_best=N base_cls_epoch=23 epoch_sec=5.6 task_elapsed_min=1.5 gpu_alloc_gb=0.272 gpu_reserved_gb=1.539
[ssl_epoch=16/50] ssl_loss=0.068175 lr=0.00012950 base_val_bce=0.643789 base_best=N base_cls_epoch=23 epoch_sec=5.6 elapsed_min=1.5 gpu_alloc_gb=0.272 gpu_reserved_gb=1.539
[repeat=2 fold=7] [epoch=17/50] ssl_loss=0.080932 lr=0.00012687 base_val_bce=0.646225 base_best=N base_cls_epoch=24 epoch_sec=5.2 task_elapsed_min=1.6 gpu_alloc_gb=0.272 gpu_reserved_gb=1.539
[ssl_epoch=17/50] ssl_loss=0.080932 lr=0.00012687 base_val_bce=0.646225 base_best=N base_cls_epoch=24 epoch_sec=5.2 elapsed_min=1.6 gpu_alloc_gb=0.272 gpu_reserved_gb=1.539
CHECKPOINT_BEST repeat=2 scope=internal_cv fold=7 phase=ssl epoch=18 path=/data/adodas/VarCoNet-V2-main/xiaolunwen/experiment3/checkpoints/worker_r2_best.pt
[repeat=2 fold=7] [epoch=18/50] ssl_loss=0.065670 lr=0.00012388 base_val_bce=0.635467 base_best=Y base_cls_epoch=26 epoch_sec=6.0 task_elapsed_min=1.7 gpu_alloc_gb=0.272 gpu_reserved_gb=1.539
[ssl_epoch=18/50] ssl_loss=0.065670 lr=0.00012388 base_val_bce=0.635467 base_best=Y base_cls_epoch=26 epoch_sec=6.0 elapsed_min=1.7 gpu_alloc_gb=0.272 gpu_reserved_gb=1.539
CHECKPOINT_BEST repeat=2 scope=internal_cv fold=7 phase=ssl epoch=19 path=/data/adodas/VarCoNet-V2-main/xiaolunwen/experiment3/checkpoints/worker_r2_best.pt
[repeat=2 fold=7] [epoch=19/50] ssl_loss=0.065354 lr=0.00012055 base_val_bce=0.630649 base_best=Y base_cls_epoch=24 epoch_sec=6.0 task_elapsed_min=1.8 gpu_alloc_gb=0.272 gpu_reserved_gb=1.539
[ssl_epoch=19/50] ssl_loss=0.065354 lr=0.00012055 base_val_bce=0.630649 base_best=Y base_cls_epoch=24 epoch_sec=6.0 elapsed_min=1.8 gpu_alloc_gb=0.272 gpu_reserved_gb=1.539
CHECKPOINT_LATEST repeat=2 scope=internal_cv fold=7 phase=ssl epoch=20 path=/data/adodas/VarCoNet-V2-main/xiaolunwen/experiment3/checkpoints/worker_r2_latest.pt
[repeat=2 fold=7] [epoch=20/50] ssl_loss=0.070445 lr=0.00011690 base_val_bce=0.641849 base_best=N base_cls_epoch=26 epoch_sec=5.9 task_elapsed_min=1.9 gpu_alloc_gb=0.272 gpu_reserved_gb=1.539
[ssl_epoch=20/50] ssl_loss=0.070445 lr=0.00011690 base_val_bce=0.641849 base_best=N base_cls_epoch=26 epoch_sec=5.9 elapsed_min=1.9 gpu_alloc_gb=0.272 gpu_reserved_gb=1.539
[repeat=2 fold=7] [epoch=21/50] ssl_loss=0.059720 lr=0.00011296 base_val_bce=0.643104 base_best=N base_cls_epoch=29 epoch_sec=5.5 task_elapsed_min=2.0 gpu_alloc_gb=0.272 gpu_reserved_gb=1.539
[ssl_epoch=21/50] ssl_loss=0.059720 lr=0.00011296 base_val_bce=0.643104 base_best=N base_cls_epoch=29 epoch_sec=5.5 elapsed_min=2.0 gpu_alloc_gb=0.272 gpu_reserved_gb=1.539
[repeat=2 fold=7] [epoch=22/50] ssl_loss=0.066440 lr=0.00010873 base_val_bce=0.635020 base_best=N base_cls_epoch=26 epoch_sec=5.6 task_elapsed_min=2.1 gpu_alloc_gb=0.272 gpu_reserved_gb=1.539
[ssl_epoch=22/50] ssl_loss=0.066440 lr=0.00010873 base_val_bce=0.635020 base_best=N base_cls_epoch=26 epoch_sec=5.7 elapsed_min=2.1 gpu_alloc_gb=0.272 gpu_reserved_gb=1.539
[repeat=2 fold=7] [epoch=23/50] ssl_loss=0.059588 lr=0.00010426 base_val_bce=0.651101 base_best=N base_cls_epoch=26 epoch_sec=5.3 task_elapsed_min=2.2 gpu_alloc_gb=0.272 gpu_reserved_gb=1.539
[ssl_epoch=23/50] ssl_loss=0.059588 lr=0.00010426 base_val_bce=0.651101 base_best=N base_cls_epoch=26 epoch_sec=5.3 elapsed_min=2.2 gpu_alloc_gb=0.272 gpu_reserved_gb=1.539
[repeat=2 fold=7] [epoch=24/50] ssl_loss=0.054918 lr=0.00009957 base_val_bce=0.630828 base_best=N base_cls_epoch=24 epoch_sec=5.3 task_elapsed_min=2.3 gpu_alloc_gb=0.272 gpu_reserved_gb=1.539
[ssl_epoch=24/50] ssl_loss=0.054918 lr=0.00009957 base_val_bce=0.630828 base_best=N base_cls_epoch=24 epoch_sec=5.3 elapsed_min=2.3 gpu_alloc_gb=0.272 gpu_reserved_gb=1.539
[repeat=2 fold=7] [epoch=25/50] ssl_loss=0.058435 lr=0.00009469 base_val_bce=0.633412 base_best=N base_cls_epoch=26 epoch_sec=5.6 task_elapsed_min=2.4 gpu_alloc_gb=0.272 gpu_reserved_gb=1.539
[ssl_epoch=25/50] ssl_loss=0.058435 lr=0.00009469 base_val_bce=0.633412 base_best=N base_cls_epoch=26 epoch_sec=5.7 elapsed_min=2.4 gpu_alloc_gb=0.272 gpu_reserved_gb=1.539
[repeat=2 fold=7] [epoch=26/50] ssl_loss=0.054001 lr=0.00008964 base_val_bce=0.635909 base_best=N base_cls_epoch=26 epoch_sec=5.5 task_elapsed_min=2.4 gpu_alloc_gb=0.272 gpu_reserved_gb=1.539
[ssl_epoch=26/50] ssl_loss=0.054001 lr=0.00008964 base_val_bce=0.635909 base_best=N base_cls_epoch=26 epoch_sec=5.7 elapsed_min=2.4 gpu_alloc_gb=0.272 gpu_reserved_gb=1.539
[repeat=2 fold=7] [epoch=27/50] ssl_loss=0.047667 lr=0.00008447 base_val_bce=0.630911 base_best=N base_cls_epoch=26 epoch_sec=5.7 task_elapsed_min=2.5 gpu_alloc_gb=0.272 gpu_reserved_gb=1.539
[ssl_epoch=27/50] ssl_loss=0.047667 lr=0.00008447 base_val_bce=0.630911 base_best=N base_cls_epoch=26 epoch_sec=5.7 elapsed_min=2.5 gpu_alloc_gb=0.272 gpu_reserved_gb=1.539
[repeat=2 fold=7] [epoch=28/50] ssl_loss=0.071469 lr=0.00007919 base_val_bce=0.634198 base_best=N base_cls_epoch=25 epoch_sec=5.6 task_elapsed_min=2.6 gpu_alloc_gb=0.272 gpu_reserved_gb=1.539
[ssl_epoch=28/50] ssl_loss=0.071469 lr=0.00007919 base_val_bce=0.634198 base_best=N base_cls_epoch=25 epoch_sec=5.7 elapsed_min=2.6 gpu_alloc_gb=0.272 gpu_reserved_gb=1.539
[repeat=2 fold=7] [epoch=29/50] ssl_loss=0.061310 lr=0.00007385 base_val_bce=0.635297 base_best=N base_cls_epoch=28 epoch_sec=5.2 task_elapsed_min=2.7 gpu_alloc_gb=0.272 gpu_reserved_gb=1.539
[ssl_epoch=29/50] ssl_loss=0.061310 lr=0.00007385 base_val_bce=0.635297 base_best=N base_cls_epoch=28 epoch_sec=5.5 elapsed_min=2.7 gpu_alloc_gb=0.272 gpu_reserved_gb=1.539
CHECKPOINT_LATEST repeat=2 scope=internal_cv fold=7 phase=ssl epoch=30 path=/data/adodas/VarCoNet-V2-main/xiaolunwen/experiment3/checkpoints/worker_r2_latest.pt
[repeat=2 fold=7] [epoch=30/50] ssl_loss=0.055225 lr=0.00006848 base_val_bce=0.634716 base_best=N base_cls_epoch=27 epoch_sec=6.1 task_elapsed_min=2.8 gpu_alloc_gb=0.272 gpu_reserved_gb=1.539
[ssl_epoch=30/50] ssl_loss=0.055225 lr=0.00006848 base_val_bce=0.634716 base_best=N base_cls_epoch=27 epoch_sec=6.1 elapsed_min=2.8 gpu_alloc_gb=0.272 gpu_reserved_gb=1.539
CHECKPOINT_BEST repeat=2 scope=internal_cv fold=7 phase=ssl epoch=31 path=/data/adodas/VarCoNet-V2-main/xiaolunwen/experiment3/checkpoints/worker_r2_best.pt
[repeat=2 fold=7] [epoch=31/50] ssl_loss=0.063390 lr=0.00006311 base_val_bce=0.629107 base_best=Y base_cls_epoch=26 epoch_sec=6.6 task_elapsed_min=2.9 gpu_alloc_gb=0.272 gpu_reserved_gb=1.539
[ssl_epoch=31/50] ssl_loss=0.063390 lr=0.00006311 base_val_bce=0.629107 base_best=Y base_cls_epoch=26 epoch_sec=6.6 elapsed_min=2.9 gpu_alloc_gb=0.272 gpu_reserved_gb=1.539
CHECKPOINT_BEST repeat=2 scope=internal_cv fold=7 phase=ssl epoch=32 path=/data/adodas/VarCoNet-V2-main/xiaolunwen/experiment3/checkpoints/worker_r2_best.pt
[repeat=2 fold=7] [epoch=32/50] ssl_loss=0.043708 lr=0.00005777 base_val_bce=0.623051 base_best=Y base_cls_epoch=26 epoch_sec=6.2 task_elapsed_min=3.0 gpu_alloc_gb=0.272 gpu_reserved_gb=1.539
[ssl_epoch=32/50] ssl_loss=0.043708 lr=0.00005777 base_val_bce=0.623051 base_best=Y base_cls_epoch=26 epoch_sec=6.2 elapsed_min=3.0 gpu_alloc_gb=0.272 gpu_reserved_gb=1.539
[repeat=2 fold=7] [epoch=33/50] ssl_loss=0.057493 lr=0.00005249 base_val_bce=0.641948 base_best=N base_cls_epoch=26 epoch_sec=4.5 task_elapsed_min=3.1 gpu_alloc_gb=0.272 gpu_reserved_gb=1.539
[ssl_epoch=33/50] ssl_loss=0.057493 lr=0.00005249 base_val_bce=0.641948 base_best=N base_cls_epoch=26 epoch_sec=4.5 elapsed_min=3.1 gpu_alloc_gb=0.272 gpu_reserved_gb=1.539
[repeat=2 fold=7] [epoch=34/50] ssl_loss=0.046801 lr=0.00004732 base_val_bce=0.632800 base_best=N base_cls_epoch=26 epoch_sec=4.5 task_elapsed_min=3.2 gpu_alloc_gb=0.272 gpu_reserved_gb=1.539
[ssl_epoch=34/50] ssl_loss=0.046801 lr=0.00004732 base_val_bce=0.632800 base_best=N base_cls_epoch=26 epoch_sec=4.5 elapsed_min=3.2 gpu_alloc_gb=0.272 gpu_reserved_gb=1.539
[repeat=2 fold=7] [epoch=35/50] ssl_loss=0.045992 lr=0.00004227 base_val_bce=0.631409 base_best=N base_cls_epoch=29 epoch_sec=4.4 task_elapsed_min=3.3 gpu_alloc_gb=0.272 gpu_reserved_gb=1.539
[ssl_epoch=35/50] ssl_loss=0.045992 lr=0.00004227 base_val_bce=0.631409 base_best=N base_cls_epoch=29 epoch_sec=4.4 elapsed_min=3.3 gpu_alloc_gb=0.272 gpu_reserved_gb=1.539
[repeat=2 fold=7] [epoch=36/50] ssl_loss=0.058924 lr=0.00003739 base_val_bce=0.624216 base_best=N base_cls_epoch=27 epoch_sec=5.0 task_elapsed_min=3.4 gpu_alloc_gb=0.272 gpu_reserved_gb=1.539
[ssl_epoch=36/50] ssl_loss=0.058924 lr=0.00003739 base_val_bce=0.624216 base_best=N base_cls_epoch=27 epoch_sec=5.2 elapsed_min=3.4 gpu_alloc_gb=0.272 gpu_reserved_gb=1.539
[repeat=2 fold=7] [epoch=37/50] ssl_loss=0.042532 lr=0.00003270 base_val_bce=0.631307 base_best=N base_cls_epoch=28 epoch_sec=5.3 task_elapsed_min=3.4 gpu_alloc_gb=0.272 gpu_reserved_gb=1.539
[ssl_epoch=37/50] ssl_loss=0.042532 lr=0.00003270 base_val_bce=0.631307 base_best=N base_cls_epoch=28 epoch_sec=5.3 elapsed_min=3.4 gpu_alloc_gb=0.272 gpu_reserved_gb=1.539
[repeat=2 fold=7] [epoch=38/50] ssl_loss=0.053817 lr=0.00002823 base_val_bce=0.635482 base_best=N base_cls_epoch=27 epoch_sec=5.4 task_elapsed_min=3.5 gpu_alloc_gb=0.272 gpu_reserved_gb=1.539
[ssl_epoch=38/50] ssl_loss=0.053817 lr=0.00002823 base_val_bce=0.635482 base_best=N base_cls_epoch=27 epoch_sec=5.5 elapsed_min=3.5 gpu_alloc_gb=0.272 gpu_reserved_gb=1.539
[repeat=2 fold=7] [epoch=39/50] ssl_loss=0.049154 lr=0.00002401 base_val_bce=0.634523 base_best=N base_cls_epoch=27 epoch_sec=5.5 task_elapsed_min=3.6 gpu_alloc_gb=0.272 gpu_reserved_gb=1.539
[ssl_epoch=39/50] ssl_loss=0.049154 lr=0.00002401 base_val_bce=0.634523 base_best=N base_cls_epoch=27 epoch_sec=5.5 elapsed_min=3.6 gpu_alloc_gb=0.272 gpu_reserved_gb=1.539
CHECKPOINT_LATEST repeat=2 scope=internal_cv fold=7 phase=ssl epoch=40 path=/data/adodas/VarCoNet-V2-main/xiaolunwen/experiment3/checkpoints/worker_r2_latest.pt
[repeat=2 fold=7] [epoch=40/50] ssl_loss=0.051502 lr=0.00002006 base_val_bce=0.632279 base_best=N base_cls_epoch=26 epoch_sec=5.3 task_elapsed_min=3.7 gpu_alloc_gb=0.272 gpu_reserved_gb=1.539
[ssl_epoch=40/50] ssl_loss=0.051502 lr=0.00002006 base_val_bce=0.632279 base_best=N base_cls_epoch=26 epoch_sec=5.4 elapsed_min=3.7 gpu_alloc_gb=0.272 gpu_reserved_gb=1.539
[repeat=2 fold=7] [epoch=41/50] ssl_loss=0.048806 lr=0.00001641 base_val_bce=0.641054 base_best=N base_cls_epoch=28 epoch_sec=5.3 task_elapsed_min=3.8 gpu_alloc_gb=0.272 gpu_reserved_gb=1.539
[ssl_epoch=41/50] ssl_loss=0.048806 lr=0.00001641 base_val_bce=0.641054 base_best=N base_cls_epoch=28 epoch_sec=5.4 elapsed_min=3.8 gpu_alloc_gb=0.272 gpu_reserved_gb=1.539
[repeat=2 fold=7] [epoch=42/50] ssl_loss=0.052523 lr=0.00001308 base_val_bce=0.630953 base_best=N base_cls_epoch=27 epoch_sec=5.5 task_elapsed_min=3.9 gpu_alloc_gb=0.272 gpu_reserved_gb=1.539
[ssl_epoch=42/50] ssl_loss=0.052523 lr=0.00001308 base_val_bce=0.630953 base_best=N base_cls_epoch=27 epoch_sec=5.5 elapsed_min=3.9 gpu_alloc_gb=0.272 gpu_reserved_gb=1.539
[repeat=2 fold=7] [epoch=43/50] ssl_loss=0.050278 lr=0.00001009 base_val_bce=0.624472 base_best=N base_cls_epoch=26 epoch_sec=5.2 task_elapsed_min=4.0 gpu_alloc_gb=0.272 gpu_reserved_gb=1.539
[ssl_epoch=43/50] ssl_loss=0.050278 lr=0.00001009 base_val_bce=0.624472 base_best=N base_cls_epoch=26 epoch_sec=5.2 elapsed_min=4.0 gpu_alloc_gb=0.272 gpu_reserved_gb=1.539
[repeat=2 fold=7] [epoch=44/50] ssl_loss=0.049277 lr=0.00000746 base_val_bce=0.627108 base_best=N base_cls_epoch=28 epoch_sec=5.3 task_elapsed_min=4.1 gpu_alloc_gb=0.272 gpu_reserved_gb=1.539
[ssl_epoch=44/50] ssl_loss=0.049277 lr=0.00000746 base_val_bce=0.627108 base_best=N base_cls_epoch=28 epoch_sec=5.3 elapsed_min=4.1 gpu_alloc_gb=0.272 gpu_reserved_gb=1.539
[repeat=2 fold=7] [epoch=45/50] ssl_loss=0.049909 lr=0.00000521 base_val_bce=0.629033 base_best=N base_cls_epoch=25 epoch_sec=4.9 task_elapsed_min=4.2 gpu_alloc_gb=0.272 gpu_reserved_gb=1.539
[ssl_epoch=45/50] ssl_loss=0.049909 lr=0.00000521 base_val_bce=0.629033 base_best=N base_cls_epoch=25 epoch_sec=5.0 elapsed_min=4.2 gpu_alloc_gb=0.272 gpu_reserved_gb=1.539
[repeat=2 fold=7] [epoch=46/50] ssl_loss=0.056835 lr=0.00000335 base_val_bce=0.635604 base_best=N base_cls_epoch=25 epoch_sec=5.8 task_elapsed_min=4.3 gpu_alloc_gb=0.272 gpu_reserved_gb=1.539
[ssl_epoch=46/50] ssl_loss=0.056835 lr=0.00000335 base_val_bce=0.635604 base_best=N base_cls_epoch=25 epoch_sec=5.8 elapsed_min=4.3 gpu_alloc_gb=0.272 gpu_reserved_gb=1.539
[repeat=2 fold=7] [epoch=47/50] ssl_loss=0.053329 lr=0.00000189 base_val_bce=0.644532 base_best=N base_cls_epoch=28 epoch_sec=4.8 task_elapsed_min=4.3 gpu_alloc_gb=0.272 gpu_reserved_gb=1.539
[ssl_epoch=47/50] ssl_loss=0.053329 lr=0.00000189 base_val_bce=0.644532 base_best=N base_cls_epoch=28 epoch_sec=5.0 elapsed_min=4.3 gpu_alloc_gb=0.272 gpu_reserved_gb=1.539
[repeat=2 fold=7] [epoch=48/50] ssl_loss=0.065832 lr=0.00000084 base_val_bce=0.628590 base_best=N base_cls_epoch=26 epoch_sec=6.0 task_elapsed_min=4.4 gpu_alloc_gb=0.272 gpu_reserved_gb=1.539
[ssl_epoch=48/50] ssl_loss=0.065832 lr=0.00000084 base_val_bce=0.628590 base_best=N base_cls_epoch=26 epoch_sec=6.1 elapsed_min=4.4 gpu_alloc_gb=0.272 gpu_reserved_gb=1.539
[repeat=2 fold=7] [epoch=49/50] ssl_loss=0.057146 lr=0.00000021 base_val_bce=0.630883 base_best=N base_cls_epoch=27 epoch_sec=5.6 task_elapsed_min=4.5 gpu_alloc_gb=0.272 gpu_reserved_gb=1.539
[ssl_epoch=49/50] ssl_loss=0.057146 lr=0.00000021 base_val_bce=0.630883 base_best=N base_cls_epoch=27 epoch_sec=5.8 elapsed_min=4.5 gpu_alloc_gb=0.272 gpu_reserved_gb=1.539
CHECKPOINT_LATEST repeat=2 scope=internal_cv fold=7 phase=ssl epoch=50 path=/data/adodas/VarCoNet-V2-main/xiaolunwen/experiment3/checkpoints/worker_r2_latest.pt
[repeat=2 fold=7] [epoch=50/50] ssl_loss=0.035684 lr=0.00000000 base_val_bce=0.626513 base_best=N base_cls_epoch=26 epoch_sec=6.1 task_elapsed_min=4.6 gpu_alloc_gb=0.272 gpu_reserved_gb=1.539
[ssl_epoch=50/50] ssl_loss=0.035684 lr=0.00000000 base_val_bce=0.626513 base_best=N base_cls_epoch=26 epoch_sec=6.1 elapsed_min=4.6 gpu_alloc_gb=0.272 gpu_reserved_gb=1.539
[MODULE_DISCOVERY] repeat=2 fold=7 n_unique_subjects=674 n_modules=32 module_size_min=5 module_size_mean=12.000 module_size_max=23 singleton_modules=0 meta_dim=528 empty_meta_bins=0 affinity_mean=0.16430705 affinity_std=0.04810705 affinity_max=0.96310037 elapsed_sec=0.04
[HIGH_ORDER_RESIDUAL] repeat=2 fold=7 epoch=0 train_bce=NA val_bce=0.623051 best=Y best_epoch=0 head_l2=0.000000 elapsed_sec=279.40
CHECKPOINT_BEST repeat=2 scope=internal_cv fold=7 phase=high_order_residual epoch=0 path=/data/adodas/VarCoNet-V2-main/xiaolunwen/experiment3/checkpoints/worker_r2_best.pt
CHECKPOINT_BEST repeat=2 scope=internal_cv fold=7 phase=high_order_residual epoch=1 path=/data/adodas/VarCoNet-V2-main/xiaolunwen/experiment3/checkpoints/worker_r2_best.pt
[HIGH_ORDER_RESIDUAL] repeat=2 fold=7 epoch=1/149 train_bce=0.337183 val_bce=0.623007 best=Y best_epoch=1 head_l2=0.001149 elapsed_sec=0.28
CHECKPOINT_BEST repeat=2 scope=internal_cv fold=7 phase=high_order_residual epoch=2 path=/data/adodas/VarCoNet-V2-main/xiaolunwen/experiment3/checkpoints/worker_r2_best.pt
[HIGH_ORDER_RESIDUAL] repeat=2 fold=7 epoch=2/149 train_bce=0.337001 val_bce=0.622964 best=Y best_epoch=2 head_l2=0.002296 elapsed_sec=0.19
CHECKPOINT_BEST repeat=2 scope=internal_cv fold=7 phase=high_order_residual epoch=3 path=/data/adodas/VarCoNet-V2-main/xiaolunwen/experiment3/checkpoints/worker_r2_best.pt
[HIGH_ORDER_RESIDUAL] repeat=2 fold=7 epoch=3/149 train_bce=0.336821 val_bce=0.622922 best=Y best_epoch=3 head_l2=0.003441 elapsed_sec=0.40
CHECKPOINT_BEST repeat=2 scope=internal_cv fold=7 phase=high_order_residual epoch=4 path=/data/adodas/VarCoNet-V2-main/xiaolunwen/experiment3/checkpoints/worker_r2_best.pt
[HIGH_ORDER_RESIDUAL] repeat=2 fold=7 epoch=4/149 train_bce=0.336640 val_bce=0.622881 best=Y best_epoch=4 head_l2=0.004585 elapsed_sec=0.23
CHECKPOINT_BEST repeat=2 scope=internal_cv fold=7 phase=high_order_residual epoch=5 path=/data/adodas/VarCoNet-V2-main/xiaolunwen/experiment3/checkpoints/worker_r2_best.pt
[HIGH_ORDER_RESIDUAL] repeat=2 fold=7 epoch=5/149 train_bce=0.336461 val_bce=0.622842 best=Y best_epoch=5 head_l2=0.005727 elapsed_sec=0.21
CHECKPOINT_BEST repeat=2 scope=internal_cv fold=7 phase=high_order_residual epoch=6 path=/data/adodas/VarCoNet-V2-main/xiaolunwen/experiment3/checkpoints/worker_r2_best.pt
[HIGH_ORDER_RESIDUAL] repeat=2 fold=7 epoch=6/149 train_bce=0.336281 val_bce=0.622803 best=Y best_epoch=6 head_l2=0.006866 elapsed_sec=0.24
CHECKPOINT_BEST repeat=2 scope=internal_cv fold=7 phase=high_order_residual epoch=7 path=/data/adodas/VarCoNet-V2-main/xiaolunwen/experiment3/checkpoints/worker_r2_best.pt
[HIGH_ORDER_RESIDUAL] repeat=2 fold=7 epoch=7/149 train_bce=0.336102 val_bce=0.622766 best=Y best_epoch=7 head_l2=0.008005 elapsed_sec=0.47
CHECKPOINT_BEST repeat=2 scope=internal_cv fold=7 phase=high_order_residual epoch=8 path=/data/adodas/VarCoNet-V2-main/xiaolunwen/experiment3/checkpoints/worker_r2_best.pt
[HIGH_ORDER_RESIDUAL] repeat=2 fold=7 epoch=8/149 train_bce=0.335924 val_bce=0.622729 best=Y best_epoch=8 head_l2=0.009141 elapsed_sec=0.20
CHECKPOINT_BEST repeat=2 scope=internal_cv fold=7 phase=high_order_residual epoch=9 path=/data/adodas/VarCoNet-V2-main/xiaolunwen/experiment3/checkpoints/worker_r2_best.pt
[HIGH_ORDER_RESIDUAL] repeat=2 fold=7 epoch=9/149 train_bce=0.335746 val_bce=0.622693 best=Y best_epoch=9 head_l2=0.010276 elapsed_sec=0.21
CHECKPOINT_BEST repeat=2 scope=internal_cv fold=7 phase=high_order_residual epoch=10 path=/data/adodas/VarCoNet-V2-main/xiaolunwen/experiment3/checkpoints/worker_r2_best.pt
[HIGH_ORDER_RESIDUAL] repeat=2 fold=7 epoch=10/149 train_bce=0.335568 val_bce=0.622657 best=Y best_epoch=10 head_l2=0.011410 elapsed_sec=0.25
CHECKPOINT_BEST repeat=2 scope=internal_cv fold=7 phase=high_order_residual epoch=11 path=/data/adodas/VarCoNet-V2-main/xiaolunwen/experiment3/checkpoints/worker_r2_best.pt
[HIGH_ORDER_RESIDUAL] repeat=2 fold=7 epoch=11/149 train_bce=0.335391 val_bce=0.622622 best=Y best_epoch=11 head_l2=0.012541 elapsed_sec=0.21
CHECKPOINT_BEST repeat=2 scope=internal_cv fold=7 phase=high_order_residual epoch=12 path=/data/adodas/VarCoNet-V2-main/xiaolunwen/experiment3/checkpoints/worker_r2_best.pt
[HIGH_ORDER_RESIDUAL] repeat=2 fold=7 epoch=12/149 train_bce=0.335214 val_bce=0.622587 best=Y best_epoch=12 head_l2=0.013671 elapsed_sec=0.32
CHECKPOINT_BEST repeat=2 scope=internal_cv fold=7 phase=high_order_residual epoch=13 path=/data/adodas/VarCoNet-V2-main/xiaolunwen/experiment3/checkpoints/worker_r2_best.pt
[HIGH_ORDER_RESIDUAL] repeat=2 fold=7 epoch=13/149 train_bce=0.335038 val_bce=0.622552 best=Y best_epoch=13 head_l2=0.014799 elapsed_sec=0.24
CHECKPOINT_BEST repeat=2 scope=internal_cv fold=7 phase=high_order_residual epoch=14 path=/data/adodas/VarCoNet-V2-main/xiaolunwen/experiment3/checkpoints/worker_r2_best.pt
[HIGH_ORDER_RESIDUAL] repeat=2 fold=7 epoch=14/149 train_bce=0.334862 val_bce=0.622517 best=Y best_epoch=14 head_l2=0.015925 elapsed_sec=0.35
CHECKPOINT_BEST repeat=2 scope=internal_cv fold=7 phase=high_order_residual epoch=15 path=/data/adodas/VarCoNet-V2-main/xiaolunwen/experiment3/checkpoints/worker_r2_best.pt
[HIGH_ORDER_RESIDUAL] repeat=2 fold=7 epoch=15/149 train_bce=0.334687 val_bce=0.622483 best=Y best_epoch=15 head_l2=0.017049 elapsed_sec=0.25
CHECKPOINT_BEST repeat=2 scope=internal_cv fold=7 phase=high_order_residual epoch=16 path=/data/adodas/VarCoNet-V2-main/xiaolunwen/experiment3/checkpoints/worker_r2_best.pt
[HIGH_ORDER_RESIDUAL] repeat=2 fold=7 epoch=16/149 train_bce=0.334512 val_bce=0.622449 best=Y best_epoch=16 head_l2=0.018171 elapsed_sec=0.21
CHECKPOINT_BEST repeat=2 scope=internal_cv fold=7 phase=high_order_residual epoch=17 path=/data/adodas/VarCoNet-V2-main/xiaolunwen/experiment3/checkpoints/worker_r2_best.pt
[HIGH_ORDER_RESIDUAL] repeat=2 fold=7 epoch=17/149 train_bce=0.334338 val_bce=0.622414 best=Y best_epoch=17 head_l2=0.019291 elapsed_sec=0.28
CHECKPOINT_BEST repeat=2 scope=internal_cv fold=7 phase=high_order_residual epoch=18 path=/data/adodas/VarCoNet-V2-main/xiaolunwen/experiment3/checkpoints/worker_r2_best.pt
[HIGH_ORDER_RESIDUAL] repeat=2 fold=7 epoch=18/149 train_bce=0.334164 val_bce=0.622381 best=Y best_epoch=18 head_l2=0.020409 elapsed_sec=0.21
CHECKPOINT_BEST repeat=2 scope=internal_cv fold=7 phase=high_order_residual epoch=19 path=/data/adodas/VarCoNet-V2-main/xiaolunwen/experiment3/checkpoints/worker_r2_best.pt
[HIGH_ORDER_RESIDUAL] repeat=2 fold=7 epoch=19/149 train_bce=0.333991 val_bce=0.622347 best=Y best_epoch=19 head_l2=0.021526 elapsed_sec=0.30
CHECKPOINT_BEST repeat=2 scope=internal_cv fold=7 phase=high_order_residual epoch=20 path=/data/adodas/VarCoNet-V2-main/xiaolunwen/experiment3/checkpoints/worker_r2_best.pt
[HIGH_ORDER_RESIDUAL] repeat=2 fold=7 epoch=20/149 train_bce=0.333818 val_bce=0.622315 best=Y best_epoch=20 head_l2=0.022641 elapsed_sec=0.47
CHECKPOINT_BEST repeat=2 scope=internal_cv fold=7 phase=high_order_residual epoch=21 path=/data/adodas/VarCoNet-V2-main/xiaolunwen/experiment3/checkpoints/worker_r2_best.pt
[HIGH_ORDER_RESIDUAL] repeat=2 fold=7 epoch=21/149 train_bce=0.333645 val_bce=0.622282 best=Y best_epoch=21 head_l2=0.023755 elapsed_sec=0.27
CHECKPOINT_BEST repeat=2 scope=internal_cv fold=7 phase=high_order_residual epoch=22 path=/data/adodas/VarCoNet-V2-main/xiaolunwen/experiment3/checkpoints/worker_r2_best.pt
[HIGH_ORDER_RESIDUAL] repeat=2 fold=7 epoch=22/149 train_bce=0.333473 val_bce=0.622250 best=Y best_epoch=22 head_l2=0.024867 elapsed_sec=0.31
CHECKPOINT_BEST repeat=2 scope=internal_cv fold=7 phase=high_order_residual epoch=23 path=/data/adodas/VarCoNet-V2-main/xiaolunwen/experiment3/checkpoints/worker_r2_best.pt
[HIGH_ORDER_RESIDUAL] repeat=2 fold=7 epoch=23/149 train_bce=0.333301 val_bce=0.622218 best=Y best_epoch=23 head_l2=0.025977 elapsed_sec=0.20
CHECKPOINT_BEST repeat=2 scope=internal_cv fold=7 phase=high_order_residual epoch=24 path=/data/adodas/VarCoNet-V2-main/xiaolunwen/experiment3/checkpoints/worker_r2_best.pt
[HIGH_ORDER_RESIDUAL] repeat=2 fold=7 epoch=24/149 train_bce=0.333130 val_bce=0.622187 best=Y best_epoch=24 head_l2=0.027086 elapsed_sec=0.21
CHECKPOINT_BEST repeat=2 scope=internal_cv fold=7 phase=high_order_residual epoch=25 path=/data/adodas/VarCoNet-V2-main/xiaolunwen/experiment3/checkpoints/worker_r2_best.pt
[HIGH_ORDER_RESIDUAL] repeat=2 fold=7 epoch=25/149 train_bce=0.332959 val_bce=0.622156 best=Y best_epoch=25 head_l2=0.028194 elapsed_sec=0.26
CHECKPOINT_BEST repeat=2 scope=internal_cv fold=7 phase=high_order_residual epoch=26 path=/data/adodas/VarCoNet-V2-main/xiaolunwen/experiment3/checkpoints/worker_r2_best.pt
[HIGH_ORDER_RESIDUAL] repeat=2 fold=7 epoch=26/149 train_bce=0.332789 val_bce=0.622126 best=Y best_epoch=26 head_l2=0.029300 elapsed_sec=0.20
CHECKPOINT_BEST repeat=2 scope=internal_cv fold=7 phase=high_order_residual epoch=27 path=/data/adodas/VarCoNet-V2-main/xiaolunwen/experiment3/checkpoints/worker_r2_best.pt
[HIGH_ORDER_RESIDUAL] repeat=2 fold=7 epoch=27/149 train_bce=0.332619 val_bce=0.622096 best=Y best_epoch=27 head_l2=0.030405 elapsed_sec=0.20
CHECKPOINT_BEST repeat=2 scope=internal_cv fold=7 phase=high_order_residual epoch=28 path=/data/adodas/VarCoNet-V2-main/xiaolunwen/experiment3/checkpoints/worker_r2_best.pt
[HIGH_ORDER_RESIDUAL] repeat=2 fold=7 epoch=28/149 train_bce=0.332449 val_bce=0.622066 best=Y best_epoch=28 head_l2=0.031509 elapsed_sec=0.22
CHECKPOINT_BEST repeat=2 scope=internal_cv fold=7 phase=high_order_residual epoch=29 path=/data/adodas/VarCoNet-V2-main/xiaolunwen/experiment3/checkpoints/worker_r2_best.pt
[HIGH_ORDER_RESIDUAL] repeat=2 fold=7 epoch=29/149 train_bce=0.332280 val_bce=0.622037 best=Y best_epoch=29 head_l2=0.032611 elapsed_sec=0.92
CHECKPOINT_BEST repeat=2 scope=internal_cv fold=7 phase=high_order_residual epoch=30 path=/data/adodas/VarCoNet-V2-main/xiaolunwen/experiment3/checkpoints/worker_r2_best.pt
[HIGH_ORDER_RESIDUAL] repeat=2 fold=7 epoch=30/149 train_bce=0.332112 val_bce=0.622009 best=Y best_epoch=30 head_l2=0.033712 elapsed_sec=0.25
CHECKPOINT_BEST repeat=2 scope=internal_cv fold=7 phase=high_order_residual epoch=31 path=/data/adodas/VarCoNet-V2-main/xiaolunwen/experiment3/checkpoints/worker_r2_best.pt
[HIGH_ORDER_RESIDUAL] repeat=2 fold=7 epoch=31/149 train_bce=0.331944 val_bce=0.621980 best=Y best_epoch=31 head_l2=0.034812 elapsed_sec=0.22
CHECKPOINT_BEST repeat=2 scope=internal_cv fold=7 phase=high_order_residual epoch=32 path=/data/adodas/VarCoNet-V2-main/xiaolunwen/experiment3/checkpoints/worker_r2_best.pt
[HIGH_ORDER_RESIDUAL] repeat=2 fold=7 epoch=32/149 train_bce=0.331776 val_bce=0.621952 best=Y best_epoch=32 head_l2=0.035911 elapsed_sec=0.67
CHECKPOINT_BEST repeat=2 scope=internal_cv fold=7 phase=high_order_residual epoch=33 path=/data/adodas/VarCoNet-V2-main/xiaolunwen/experiment3/checkpoints/worker_r2_best.pt
[HIGH_ORDER_RESIDUAL] repeat=2 fold=7 epoch=33/149 train_bce=0.331609 val_bce=0.621925 best=Y best_epoch=33 head_l2=0.037008 elapsed_sec=0.28
CHECKPOINT_BEST repeat=2 scope=internal_cv fold=7 phase=high_order_residual epoch=34 path=/data/adodas/VarCoNet-V2-main/xiaolunwen/experiment3/checkpoints/worker_r2_best.pt
[HIGH_ORDER_RESIDUAL] repeat=2 fold=7 epoch=34/149 train_bce=0.331442 val_bce=0.621898 best=Y best_epoch=34 head_l2=0.038105 elapsed_sec=0.21
CHECKPOINT_BEST repeat=2 scope=internal_cv fold=7 phase=high_order_residual epoch=35 path=/data/adodas/VarCoNet-V2-main/xiaolunwen/experiment3/checkpoints/worker_r2_best.pt
[HIGH_ORDER_RESIDUAL] repeat=2 fold=7 epoch=35/149 train_bce=0.331276 val_bce=0.621871 best=Y best_epoch=35 head_l2=0.039200 elapsed_sec=0.36
CHECKPOINT_BEST repeat=2 scope=internal_cv fold=7 phase=high_order_residual epoch=36 path=/data/adodas/VarCoNet-V2-main/xiaolunwen/experiment3/checkpoints/worker_r2_best.pt
[HIGH_ORDER_RESIDUAL] repeat=2 fold=7 epoch=36/149 train_bce=0.331110 val_bce=0.621844 best=Y best_epoch=36 head_l2=0.040294 elapsed_sec=0.19
CHECKPOINT_BEST repeat=2 scope=internal_cv fold=7 phase=high_order_residual epoch=37 path=/data/adodas/VarCoNet-V2-main/xiaolunwen/experiment3/checkpoints/worker_r2_best.pt
[HIGH_ORDER_RESIDUAL] repeat=2 fold=7 epoch=37/149 train_bce=0.330944 val_bce=0.621818 best=Y best_epoch=37 head_l2=0.041387 elapsed_sec=0.19
CHECKPOINT_BEST repeat=2 scope=internal_cv fold=7 phase=high_order_residual epoch=38 path=/data/adodas/VarCoNet-V2-main/xiaolunwen/experiment3/checkpoints/worker_r2_best.pt
[HIGH_ORDER_RESIDUAL] repeat=2 fold=7 epoch=38/149 train_bce=0.330779 val_bce=0.621791 best=Y best_epoch=38 head_l2=0.042478 elapsed_sec=0.32
CHECKPOINT_BEST repeat=2 scope=internal_cv fold=7 phase=high_order_residual epoch=39 path=/data/adodas/VarCoNet-V2-main/xiaolunwen/experiment3/checkpoints/worker_r2_best.pt
[HIGH_ORDER_RESIDUAL] repeat=2 fold=7 epoch=39/149 train_bce=0.330614 val_bce=0.621766 best=Y best_epoch=39 head_l2=0.043569 elapsed_sec=0.19
CHECKPOINT_BEST repeat=2 scope=internal_cv fold=7 phase=high_order_residual epoch=40 path=/data/adodas/VarCoNet-V2-main/xiaolunwen/experiment3/checkpoints/worker_r2_best.pt
[HIGH_ORDER_RESIDUAL] repeat=2 fold=7 epoch=40/149 train_bce=0.330450 val_bce=0.621740 best=Y best_epoch=40 head_l2=0.044658 elapsed_sec=0.19
CHECKPOINT_BEST repeat=2 scope=internal_cv fold=7 phase=high_order_residual epoch=41 path=/data/adodas/VarCoNet-V2-main/xiaolunwen/experiment3/checkpoints/worker_r2_best.pt
[HIGH_ORDER_RESIDUAL] repeat=2 fold=7 epoch=41/149 train_bce=0.330286 val_bce=0.621715 best=Y best_epoch=41 head_l2=0.045746 elapsed_sec=0.20
CHECKPOINT_BEST repeat=2 scope=internal_cv fold=7 phase=high_order_residual epoch=42 path=/data/adodas/VarCoNet-V2-main/xiaolunwen/experiment3/checkpoints/worker_r2_best.pt
[HIGH_ORDER_RESIDUAL] repeat=2 fold=7 epoch=42/149 train_bce=0.330123 val_bce=0.621690 best=Y best_epoch=42 head_l2=0.046833 elapsed_sec=0.21
CHECKPOINT_BEST repeat=2 scope=internal_cv fold=7 phase=high_order_residual epoch=43 path=/data/adodas/VarCoNet-V2-main/xiaolunwen/experiment3/checkpoints/worker_r2_best.pt
[HIGH_ORDER_RESIDUAL] repeat=2 fold=7 epoch=43/149 train_bce=0.329960 val_bce=0.621665 best=Y best_epoch=43 head_l2=0.047919 elapsed_sec=0.33
CHECKPOINT_BEST repeat=2 scope=internal_cv fold=7 phase=high_order_residual epoch=44 path=/data/adodas/VarCoNet-V2-main/xiaolunwen/experiment3/checkpoints/worker_r2_best.pt
[HIGH_ORDER_RESIDUAL] repeat=2 fold=7 epoch=44/149 train_bce=0.329797 val_bce=0.621640 best=Y best_epoch=44 head_l2=0.049004 elapsed_sec=0.21
CHECKPOINT_BEST repeat=2 scope=internal_cv fold=7 phase=high_order_residual epoch=45 path=/data/adodas/VarCoNet-V2-main/xiaolunwen/experiment3/checkpoints/worker_r2_best.pt
[HIGH_ORDER_RESIDUAL] repeat=2 fold=7 epoch=45/149 train_bce=0.329635 val_bce=0.621616 best=Y best_epoch=45 head_l2=0.050087 elapsed_sec=0.38
CHECKPOINT_BEST repeat=2 scope=internal_cv fold=7 phase=high_order_residual epoch=46 path=/data/adodas/VarCoNet-V2-main/xiaolunwen/experiment3/checkpoints/worker_r2_best.pt
[HIGH_ORDER_RESIDUAL] repeat=2 fold=7 epoch=46/149 train_bce=0.329473 val_bce=0.621591 best=Y best_epoch=46 head_l2=0.051170 elapsed_sec=0.25
CHECKPOINT_BEST repeat=2 scope=internal_cv fold=7 phase=high_order_residual epoch=47 path=/data/adodas/VarCoNet-V2-main/xiaolunwen/experiment3/checkpoints/worker_r2_best.pt
[HIGH_ORDER_RESIDUAL] repeat=2 fold=7 epoch=47/149 train_bce=0.329312 val_bce=0.621567 best=Y best_epoch=47 head_l2=0.052251 elapsed_sec=0.23
CHECKPOINT_BEST repeat=2 scope=internal_cv fold=7 phase=high_order_residual epoch=48 path=/data/adodas/VarCoNet-V2-main/xiaolunwen/experiment3/checkpoints/worker_r2_best.pt
[HIGH_ORDER_RESIDUAL] repeat=2 fold=7 epoch=48/149 train_bce=0.329151 val_bce=0.621543 best=Y best_epoch=48 head_l2=0.053331 elapsed_sec=0.24
CHECKPOINT_BEST repeat=2 scope=internal_cv fold=7 phase=high_order_residual epoch=49 path=/data/adodas/VarCoNet-V2-main/xiaolunwen/experiment3/checkpoints/worker_r2_best.pt
[HIGH_ORDER_RESIDUAL] repeat=2 fold=7 epoch=49/149 train_bce=0.328990 val_bce=0.621520 best=Y best_epoch=49 head_l2=0.054410 elapsed_sec=0.26
CHECKPOINT_BEST repeat=2 scope=internal_cv fold=7 phase=high_order_residual epoch=50 path=/data/adodas/VarCoNet-V2-main/xiaolunwen/experiment3/checkpoints/worker_r2_best.pt
[HIGH_ORDER_RESIDUAL] repeat=2 fold=7 epoch=50/149 train_bce=0.328830 val_bce=0.621496 best=Y best_epoch=50 head_l2=0.055488 elapsed_sec=0.20
CHECKPOINT_BEST repeat=2 scope=internal_cv fold=7 phase=high_order_residual epoch=51 path=/data/adodas/VarCoNet-V2-main/xiaolunwen/experiment3/checkpoints/worker_r2_best.pt
[HIGH_ORDER_RESIDUAL] repeat=2 fold=7 epoch=51/149 train_bce=0.328670 val_bce=0.621472 best=Y best_epoch=51 head_l2=0.056564 elapsed_sec=0.75
CHECKPOINT_BEST repeat=2 scope=internal_cv fold=7 phase=high_order_residual epoch=52 path=/data/adodas/VarCoNet-V2-main/xiaolunwen/experiment3/checkpoints/worker_r2_best.pt
[HIGH_ORDER_RESIDUAL] repeat=2 fold=7 epoch=52/149 train_bce=0.328511 val_bce=0.621449 best=Y best_epoch=52 head_l2=0.057639 elapsed_sec=0.30
CHECKPOINT_BEST repeat=2 scope=internal_cv fold=7 phase=high_order_residual epoch=53 path=/data/adodas/VarCoNet-V2-main/xiaolunwen/experiment3/checkpoints/worker_r2_best.pt
[HIGH_ORDER_RESIDUAL] repeat=2 fold=7 epoch=53/149 train_bce=0.328352 val_bce=0.621426 best=Y best_epoch=53 head_l2=0.058713 elapsed_sec=0.23
CHECKPOINT_BEST repeat=2 scope=internal_cv fold=7 phase=high_order_residual epoch=54 path=/data/adodas/VarCoNet-V2-main/xiaolunwen/experiment3/checkpoints/worker_r2_best.pt
[HIGH_ORDER_RESIDUAL] repeat=2 fold=7 epoch=54/149 train_bce=0.328193 val_bce=0.621403 best=Y best_epoch=54 head_l2=0.059786 elapsed_sec=0.18
CHECKPOINT_BEST repeat=2 scope=internal_cv fold=7 phase=high_order_residual epoch=55 path=/data/adodas/VarCoNet-V2-main/xiaolunwen/experiment3/checkpoints/worker_r2_best.pt
[HIGH_ORDER_RESIDUAL] repeat=2 fold=7 epoch=55/149 train_bce=0.328035 val_bce=0.621380 best=Y best_epoch=55 head_l2=0.060858 elapsed_sec=0.20
CHECKPOINT_BEST repeat=2 scope=internal_cv fold=7 phase=high_order_residual epoch=56 path=/data/adodas/VarCoNet-V2-main/xiaolunwen/experiment3/checkpoints/worker_r2_best.pt
[HIGH_ORDER_RESIDUAL] repeat=2 fold=7 epoch=56/149 train_bce=0.327877 val_bce=0.621357 best=Y best_epoch=56 head_l2=0.061928 elapsed_sec=0.20
CHECKPOINT_BEST repeat=2 scope=internal_cv fold=7 phase=high_order_residual epoch=57 path=/data/adodas/VarCoNet-V2-main/xiaolunwen/experiment3/checkpoints/worker_r2_best.pt
[HIGH_ORDER_RESIDUAL] repeat=2 fold=7 epoch=57/149 train_bce=0.327720 val_bce=0.621335 best=Y best_epoch=57 head_l2=0.062997 elapsed_sec=0.20
CHECKPOINT_BEST repeat=2 scope=internal_cv fold=7 phase=high_order_residual epoch=58 path=/data/adodas/VarCoNet-V2-main/xiaolunwen/experiment3/checkpoints/worker_r2_best.pt
[HIGH_ORDER_RESIDUAL] repeat=2 fold=7 epoch=58/149 train_bce=0.327563 val_bce=0.621312 best=Y best_epoch=58 head_l2=0.064065 elapsed_sec=0.21
CHECKPOINT_BEST repeat=2 scope=internal_cv fold=7 phase=high_order_residual epoch=59 path=/data/adodas/VarCoNet-V2-main/xiaolunwen/experiment3/checkpoints/worker_r2_best.pt
[HIGH_ORDER_RESIDUAL] repeat=2 fold=7 epoch=59/149 train_bce=0.327406 val_bce=0.621290 best=Y best_epoch=59 head_l2=0.065132 elapsed_sec=0.21
CHECKPOINT_BEST repeat=2 scope=internal_cv fold=7 phase=high_order_residual epoch=60 path=/data/adodas/VarCoNet-V2-main/xiaolunwen/experiment3/checkpoints/worker_r2_best.pt
[HIGH_ORDER_RESIDUAL] repeat=2 fold=7 epoch=60/149 train_bce=0.327250 val_bce=0.621268 best=Y best_epoch=60 head_l2=0.066197 elapsed_sec=0.77
CHECKPOINT_BEST repeat=2 scope=internal_cv fold=7 phase=high_order_residual epoch=61 path=/data/adodas/VarCoNet-V2-main/xiaolunwen/experiment3/checkpoints/worker_r2_best.pt
[HIGH_ORDER_RESIDUAL] repeat=2 fold=7 epoch=61/149 train_bce=0.327094 val_bce=0.621246 best=Y best_epoch=61 head_l2=0.067261 elapsed_sec=0.59
CHECKPOINT_BEST repeat=2 scope=internal_cv fold=7 phase=high_order_residual epoch=62 path=/data/adodas/VarCoNet-V2-main/xiaolunwen/experiment3/checkpoints/worker_r2_best.pt
[HIGH_ORDER_RESIDUAL] repeat=2 fold=7 epoch=62/149 train_bce=0.326938 val_bce=0.621224 best=Y best_epoch=62 head_l2=0.068324 elapsed_sec=0.28
CHECKPOINT_BEST repeat=2 scope=internal_cv fold=7 phase=high_order_residual epoch=63 path=/data/adodas/VarCoNet-V2-main/xiaolunwen/experiment3/checkpoints/worker_r2_best.pt
[HIGH_ORDER_RESIDUAL] repeat=2 fold=7 epoch=63/149 train_bce=0.326783 val_bce=0.621202 best=Y best_epoch=63 head_l2=0.069386 elapsed_sec=0.22
CHECKPOINT_BEST repeat=2 scope=internal_cv fold=7 phase=high_order_residual epoch=64 path=/data/adodas/VarCoNet-V2-main/xiaolunwen/experiment3/checkpoints/worker_r2_best.pt
[HIGH_ORDER_RESIDUAL] repeat=2 fold=7 epoch=64/149 train_bce=0.326628 val_bce=0.621180 best=Y best_epoch=64 head_l2=0.070447 elapsed_sec=0.18
CHECKPOINT_BEST repeat=2 scope=internal_cv fold=7 phase=high_order_residual epoch=65 path=/data/adodas/VarCoNet-V2-main/xiaolunwen/experiment3/checkpoints/worker_r2_best.pt
[HIGH_ORDER_RESIDUAL] repeat=2 fold=7 epoch=65/149 train_bce=0.326474 val_bce=0.621159 best=Y best_epoch=65 head_l2=0.071506 elapsed_sec=0.30
CHECKPOINT_BEST repeat=2 scope=internal_cv fold=7 phase=high_order_residual epoch=66 path=/data/adodas/VarCoNet-V2-main/xiaolunwen/experiment3/checkpoints/worker_r2_best.pt
[HIGH_ORDER_RESIDUAL] repeat=2 fold=7 epoch=66/149 train_bce=0.326320 val_bce=0.621138 best=Y best_epoch=66 head_l2=0.072564 elapsed_sec=0.27
CHECKPOINT_BEST repeat=2 scope=internal_cv fold=7 phase=high_order_residual epoch=67 path=/data/adodas/VarCoNet-V2-main/xiaolunwen/experiment3/checkpoints/worker_r2_best.pt
[HIGH_ORDER_RESIDUAL] repeat=2 fold=7 epoch=67/149 train_bce=0.326166 val_bce=0.621117 best=Y best_epoch=67 head_l2=0.073621 elapsed_sec=0.20
CHECKPOINT_BEST repeat=2 scope=internal_cv fold=7 phase=high_order_residual epoch=68 path=/data/adodas/VarCoNet-V2-main/xiaolunwen/experiment3/checkpoints/worker_r2_best.pt
[HIGH_ORDER_RESIDUAL] repeat=2 fold=7 epoch=68/149 train_bce=0.326013 val_bce=0.621096 best=Y best_epoch=68 head_l2=0.074676 elapsed_sec=0.30
CHECKPOINT_BEST repeat=2 scope=internal_cv fold=7 phase=high_order_residual epoch=69 path=/data/adodas/VarCoNet-V2-main/xiaolunwen/experiment3/checkpoints/worker_r2_best.pt
[HIGH_ORDER_RESIDUAL] repeat=2 fold=7 epoch=69/149 train_bce=0.325860 val_bce=0.621075 best=Y best_epoch=69 head_l2=0.075731 elapsed_sec=0.20
CHECKPOINT_BEST repeat=2 scope=internal_cv fold=7 phase=high_order_residual epoch=70 path=/data/adodas/VarCoNet-V2-main/xiaolunwen/experiment3/checkpoints/worker_r2_best.pt
[HIGH_ORDER_RESIDUAL] repeat=2 fold=7 epoch=70/149 train_bce=0.325707 val_bce=0.621054 best=Y best_epoch=70 head_l2=0.076784 elapsed_sec=0.35
CHECKPOINT_BEST repeat=2 scope=internal_cv fold=7 phase=high_order_residual epoch=71 path=/data/adodas/VarCoNet-V2-main/xiaolunwen/experiment3/checkpoints/worker_r2_best.pt
[HIGH_ORDER_RESIDUAL] repeat=2 fold=7 epoch=71/149 train_bce=0.325555 val_bce=0.621034 best=Y best_epoch=71 head_l2=0.077836 elapsed_sec=0.22
CHECKPOINT_BEST repeat=2 scope=internal_cv fold=7 phase=high_order_residual epoch=72 path=/data/adodas/VarCoNet-V2-main/xiaolunwen/experiment3/checkpoints/worker_r2_best.pt
[HIGH_ORDER_RESIDUAL] repeat=2 fold=7 epoch=72/149 train_bce=0.325403 val_bce=0.621014 best=Y best_epoch=72 head_l2=0.078887 elapsed_sec=0.21
CHECKPOINT_BEST repeat=2 scope=internal_cv fold=7 phase=high_order_residual epoch=73 path=/data/adodas/VarCoNet-V2-main/xiaolunwen/experiment3/checkpoints/worker_r2_best.pt
[HIGH_ORDER_RESIDUAL] repeat=2 fold=7 epoch=73/149 train_bce=0.325251 val_bce=0.620994 best=Y best_epoch=73 head_l2=0.079936 elapsed_sec=0.33
CHECKPOINT_BEST repeat=2 scope=internal_cv fold=7 phase=high_order_residual epoch=74 path=/data/adodas/VarCoNet-V2-main/xiaolunwen/experiment3/checkpoints/worker_r2_best.pt
[HIGH_ORDER_RESIDUAL] repeat=2 fold=7 epoch=74/149 train_bce=0.325100 val_bce=0.620974 best=Y best_epoch=74 head_l2=0.080985 elapsed_sec=0.31
CHECKPOINT_BEST repeat=2 scope=internal_cv fold=7 phase=high_order_residual epoch=75 path=/data/adodas/VarCoNet-V2-main/xiaolunwen/experiment3/checkpoints/worker_r2_best.pt
[HIGH_ORDER_RESIDUAL] repeat=2 fold=7 epoch=75/149 train_bce=0.324949 val_bce=0.620954 best=Y best_epoch=75 head_l2=0.082032 elapsed_sec=0.44
CHECKPOINT_BEST repeat=2 scope=internal_cv fold=7 phase=high_order_residual epoch=76 path=/data/adodas/VarCoNet-V2-main/xiaolunwen/experiment3/checkpoints/worker_r2_best.pt
[HIGH_ORDER_RESIDUAL] repeat=2 fold=7 epoch=76/149 train_bce=0.324798 val_bce=0.620935 best=Y best_epoch=76 head_l2=0.083078 elapsed_sec=0.25
CHECKPOINT_BEST repeat=2 scope=internal_cv fold=7 phase=high_order_residual epoch=77 path=/data/adodas/VarCoNet-V2-main/xiaolunwen/experiment3/checkpoints/worker_r2_best.pt
[HIGH_ORDER_RESIDUAL] repeat=2 fold=7 epoch=77/149 train_bce=0.324648 val_bce=0.620916 best=Y best_epoch=77 head_l2=0.084123 elapsed_sec=0.18
CHECKPOINT_BEST repeat=2 scope=internal_cv fold=7 phase=high_order_residual epoch=78 path=/data/adodas/VarCoNet-V2-main/xiaolunwen/experiment3/checkpoints/worker_r2_best.pt
[HIGH_ORDER_RESIDUAL] repeat=2 fold=7 epoch=78/149 train_bce=0.324498 val_bce=0.620897 best=Y best_epoch=78 head_l2=0.085166 elapsed_sec=0.39
CHECKPOINT_BEST repeat=2 scope=internal_cv fold=7 phase=high_order_residual epoch=79 path=/data/adodas/VarCoNet-V2-main/xiaolunwen/experiment3/checkpoints/worker_r2_best.pt
[HIGH_ORDER_RESIDUAL] repeat=2 fold=7 epoch=79/149 train_bce=0.324349 val_bce=0.620878 best=Y best_epoch=79 head_l2=0.086209 elapsed_sec=0.28
CHECKPOINT_BEST repeat=2 scope=internal_cv fold=7 phase=high_order_residual epoch=80 path=/data/adodas/VarCoNet-V2-main/xiaolunwen/experiment3/checkpoints/worker_r2_best.pt
[HIGH_ORDER_RESIDUAL] repeat=2 fold=7 epoch=80/149 train_bce=0.324199 val_bce=0.620859 best=Y best_epoch=80 head_l2=0.087250 elapsed_sec=0.70
CHECKPOINT_BEST repeat=2 scope=internal_cv fold=7 phase=high_order_residual epoch=81 path=/data/adodas/VarCoNet-V2-main/xiaolunwen/experiment3/checkpoints/worker_r2_best.pt
[HIGH_ORDER_RESIDUAL] repeat=2 fold=7 epoch=81/149 train_bce=0.324050 val_bce=0.620840 best=Y best_epoch=81 head_l2=0.088290 elapsed_sec=0.36
CHECKPOINT_BEST repeat=2 scope=internal_cv fold=7 phase=high_order_residual epoch=82 path=/data/adodas/VarCoNet-V2-main/xiaolunwen/experiment3/checkpoints/worker_r2_best.pt
[HIGH_ORDER_RESIDUAL] repeat=2 fold=7 epoch=82/149 train_bce=0.323902 val_bce=0.620822 best=Y best_epoch=82 head_l2=0.089329 elapsed_sec=0.20
CHECKPOINT_BEST repeat=2 scope=internal_cv fold=7 phase=high_order_residual epoch=83 path=/data/adodas/VarCoNet-V2-main/xiaolunwen/experiment3/checkpoints/worker_r2_best.pt
[HIGH_ORDER_RESIDUAL] repeat=2 fold=7 epoch=83/149 train_bce=0.323754 val_bce=0.620804 best=Y best_epoch=83 head_l2=0.090367 elapsed_sec=0.22
CHECKPOINT_BEST repeat=2 scope=internal_cv fold=7 phase=high_order_residual epoch=84 path=/data/adodas/VarCoNet-V2-main/xiaolunwen/experiment3/checkpoints/worker_r2_best.pt
[HIGH_ORDER_RESIDUAL] repeat=2 fold=7 epoch=84/149 train_bce=0.323606 val_bce=0.620786 best=Y best_epoch=84 head_l2=0.091404 elapsed_sec=0.29
CHECKPOINT_BEST repeat=2 scope=internal_cv fold=7 phase=high_order_residual epoch=85 path=/data/adodas/VarCoNet-V2-main/xiaolunwen/experiment3/checkpoints/worker_r2_best.pt
[HIGH_ORDER_RESIDUAL] repeat=2 fold=7 epoch=85/149 train_bce=0.323458 val_bce=0.620768 best=Y best_epoch=85 head_l2=0.092439 elapsed_sec=0.39
CHECKPOINT_BEST repeat=2 scope=internal_cv fold=7 phase=high_order_residual epoch=86 path=/data/adodas/VarCoNet-V2-main/xiaolunwen/experiment3/checkpoints/worker_r2_best.pt
[HIGH_ORDER_RESIDUAL] repeat=2 fold=7 epoch=86/149 train_bce=0.323311 val_bce=0.620751 best=Y best_epoch=86 head_l2=0.093474 elapsed_sec=0.56
CHECKPOINT_BEST repeat=2 scope=internal_cv fold=7 phase=high_order_residual epoch=87 path=/data/adodas/VarCoNet-V2-main/xiaolunwen/experiment3/checkpoints/worker_r2_best.pt
[HIGH_ORDER_RESIDUAL] repeat=2 fold=7 epoch=87/149 train_bce=0.323164 val_bce=0.620734 best=Y best_epoch=87 head_l2=0.094507 elapsed_sec=0.20
CHECKPOINT_BEST repeat=2 scope=internal_cv fold=7 phase=high_order_residual epoch=88 path=/data/adodas/VarCoNet-V2-main/xiaolunwen/experiment3/checkpoints/worker_r2_best.pt
[HIGH_ORDER_RESIDUAL] repeat=2 fold=7 epoch=88/149 train_bce=0.323017 val_bce=0.620717 best=Y best_epoch=88 head_l2=0.095540 elapsed_sec=0.28
CHECKPOINT_BEST repeat=2 scope=internal_cv fold=7 phase=high_order_residual epoch=89 path=/data/adodas/VarCoNet-V2-main/xiaolunwen/experiment3/checkpoints/worker_r2_best.pt
[HIGH_ORDER_RESIDUAL] repeat=2 fold=7 epoch=89/149 train_bce=0.322871 val_bce=0.620700 best=Y best_epoch=89 head_l2=0.096571 elapsed_sec=0.33
CHECKPOINT_BEST repeat=2 scope=internal_cv fold=7 phase=high_order_residual epoch=90 path=/data/adodas/VarCoNet-V2-main/xiaolunwen/experiment3/checkpoints/worker_r2_best.pt
[HIGH_ORDER_RESIDUAL] repeat=2 fold=7 epoch=90/149 train_bce=0.322725 val_bce=0.620683 best=Y best_epoch=90 head_l2=0.097601 elapsed_sec=0.20
CHECKPOINT_BEST repeat=2 scope=internal_cv fold=7 phase=high_order_residual epoch=91 path=/data/adodas/VarCoNet-V2-main/xiaolunwen/experiment3/checkpoints/worker_r2_best.pt
[HIGH_ORDER_RESIDUAL] repeat=2 fold=7 epoch=91/149 train_bce=0.322579 val_bce=0.620666 best=Y best_epoch=91 head_l2=0.098630 elapsed_sec=0.29
CHECKPOINT_BEST repeat=2 scope=internal_cv fold=7 phase=high_order_residual epoch=92 path=/data/adodas/VarCoNet-V2-main/xiaolunwen/experiment3/checkpoints/worker_r2_best.pt
[HIGH_ORDER_RESIDUAL] repeat=2 fold=7 epoch=92/149 train_bce=0.322434 val_bce=0.620650 best=Y best_epoch=92 head_l2=0.099658 elapsed_sec=0.25
CHECKPOINT_BEST repeat=2 scope=internal_cv fold=7 phase=high_order_residual epoch=93 path=/data/adodas/VarCoNet-V2-main/xiaolunwen/experiment3/checkpoints/worker_r2_best.pt
[HIGH_ORDER_RESIDUAL] repeat=2 fold=7 epoch=93/149 train_bce=0.322289 val_bce=0.620634 best=Y best_epoch=93 head_l2=0.100685 elapsed_sec=0.21
CHECKPOINT_BEST repeat=2 scope=internal_cv fold=7 phase=high_order_residual epoch=94 path=/data/adodas/VarCoNet-V2-main/xiaolunwen/experiment3/checkpoints/worker_r2_best.pt
[HIGH_ORDER_RESIDUAL] repeat=2 fold=7 epoch=94/149 train_bce=0.322144 val_bce=0.620618 best=Y best_epoch=94 head_l2=0.101711 elapsed_sec=0.21
CHECKPOINT_BEST repeat=2 scope=internal_cv fold=7 phase=high_order_residual epoch=95 path=/data/adodas/VarCoNet-V2-main/xiaolunwen/experiment3/checkpoints/worker_r2_best.pt
[HIGH_ORDER_RESIDUAL] repeat=2 fold=7 epoch=95/149 train_bce=0.321999 val_bce=0.620602 best=Y best_epoch=95 head_l2=0.102735 elapsed_sec=0.28
CHECKPOINT_BEST repeat=2 scope=internal_cv fold=7 phase=high_order_residual epoch=96 path=/data/adodas/VarCoNet-V2-main/xiaolunwen/experiment3/checkpoints/worker_r2_best.pt
[HIGH_ORDER_RESIDUAL] repeat=2 fold=7 epoch=96/149 train_bce=0.321855 val_bce=0.620587 best=Y best_epoch=96 head_l2=0.103759 elapsed_sec=0.21
CHECKPOINT_BEST repeat=2 scope=internal_cv fold=7 phase=high_order_residual epoch=97 path=/data/adodas/VarCoNet-V2-main/xiaolunwen/experiment3/checkpoints/worker_r2_best.pt
[HIGH_ORDER_RESIDUAL] repeat=2 fold=7 epoch=97/149 train_bce=0.321711 val_bce=0.620571 best=Y best_epoch=97 head_l2=0.104782 elapsed_sec=0.28
CHECKPOINT_BEST repeat=2 scope=internal_cv fold=7 phase=high_order_residual epoch=98 path=/data/adodas/VarCoNet-V2-main/xiaolunwen/experiment3/checkpoints/worker_r2_best.pt
[HIGH_ORDER_RESIDUAL] repeat=2 fold=7 epoch=98/149 train_bce=0.321568 val_bce=0.620556 best=Y best_epoch=98 head_l2=0.105803 elapsed_sec=0.20
CHECKPOINT_BEST repeat=2 scope=internal_cv fold=7 phase=high_order_residual epoch=99 path=/data/adodas/VarCoNet-V2-main/xiaolunwen/experiment3/checkpoints/worker_r2_best.pt
[HIGH_ORDER_RESIDUAL] repeat=2 fold=7 epoch=99/149 train_bce=0.321425 val_bce=0.620541 best=Y best_epoch=99 head_l2=0.106824 elapsed_sec=0.41
CHECKPOINT_BEST repeat=2 scope=internal_cv fold=7 phase=high_order_residual epoch=100 path=/data/adodas/VarCoNet-V2-main/xiaolunwen/experiment3/checkpoints/worker_r2_best.pt
[HIGH_ORDER_RESIDUAL] repeat=2 fold=7 epoch=100/149 train_bce=0.321282 val_bce=0.620526 best=Y best_epoch=100 head_l2=0.107843 elapsed_sec=0.18
CHECKPOINT_BEST repeat=2 scope=internal_cv fold=7 phase=high_order_residual epoch=101 path=/data/adodas/VarCoNet-V2-main/xiaolunwen/experiment3/checkpoints/worker_r2_best.pt
[HIGH_ORDER_RESIDUAL] repeat=2 fold=7 epoch=101/149 train_bce=0.321139 val_bce=0.620511 best=Y best_epoch=101 head_l2=0.108862 elapsed_sec=0.19
CHECKPOINT_BEST repeat=2 scope=internal_cv fold=7 phase=high_order_residual epoch=102 path=/data/adodas/VarCoNet-V2-main/xiaolunwen/experiment3/checkpoints/worker_r2_best.pt
[HIGH_ORDER_RESIDUAL] repeat=2 fold=7 epoch=102/149 train_bce=0.320996 val_bce=0.620497 best=Y best_epoch=102 head_l2=0.109879 elapsed_sec=0.26
CHECKPOINT_BEST repeat=2 scope=internal_cv fold=7 phase=high_order_residual epoch=103 path=/data/adodas/VarCoNet-V2-main/xiaolunwen/experiment3/checkpoints/worker_r2_best.pt
[HIGH_ORDER_RESIDUAL] repeat=2 fold=7 epoch=103/149 train_bce=0.320854 val_bce=0.620482 best=Y best_epoch=103 head_l2=0.110896 elapsed_sec=0.44
CHECKPOINT_BEST repeat=2 scope=internal_cv fold=7 phase=high_order_residual epoch=104 path=/data/adodas/VarCoNet-V2-main/xiaolunwen/experiment3/checkpoints/worker_r2_best.pt
[HIGH_ORDER_RESIDUAL] repeat=2 fold=7 epoch=104/149 train_bce=0.320713 val_bce=0.620468 best=Y best_epoch=104 head_l2=0.111911 elapsed_sec=0.52
CHECKPOINT_BEST repeat=2 scope=internal_cv fold=7 phase=high_order_residual epoch=105 path=/data/adodas/VarCoNet-V2-main/xiaolunwen/experiment3/checkpoints/worker_r2_best.pt
[HIGH_ORDER_RESIDUAL] repeat=2 fold=7 epoch=105/149 train_bce=0.320571 val_bce=0.620454 best=Y best_epoch=105 head_l2=0.112926 elapsed_sec=0.21
CHECKPOINT_BEST repeat=2 scope=internal_cv fold=7 phase=high_order_residual epoch=106 path=/data/adodas/VarCoNet-V2-main/xiaolunwen/experiment3/checkpoints/worker_r2_best.pt
[HIGH_ORDER_RESIDUAL] repeat=2 fold=7 epoch=106/149 train_bce=0.320430 val_bce=0.620440 best=Y best_epoch=106 head_l2=0.113939 elapsed_sec=0.23
CHECKPOINT_BEST repeat=2 scope=internal_cv fold=7 phase=high_order_residual epoch=107 path=/data/adodas/VarCoNet-V2-main/xiaolunwen/experiment3/checkpoints/worker_r2_best.pt
[HIGH_ORDER_RESIDUAL] repeat=2 fold=7 epoch=107/149 train_bce=0.320289 val_bce=0.620426 best=Y best_epoch=107 head_l2=0.114952 elapsed_sec=0.24
CHECKPOINT_BEST repeat=2 scope=internal_cv fold=7 phase=high_order_residual epoch=108 path=/data/adodas/VarCoNet-V2-main/xiaolunwen/experiment3/checkpoints/worker_r2_best.pt
[HIGH_ORDER_RESIDUAL] repeat=2 fold=7 epoch=108/149 train_bce=0.320148 val_bce=0.620413 best=Y best_epoch=108 head_l2=0.115963 elapsed_sec=0.46
CHECKPOINT_BEST repeat=2 scope=internal_cv fold=7 phase=high_order_residual epoch=109 path=/data/adodas/VarCoNet-V2-main/xiaolunwen/experiment3/checkpoints/worker_r2_best.pt
[HIGH_ORDER_RESIDUAL] repeat=2 fold=7 epoch=109/149 train_bce=0.320008 val_bce=0.620400 best=Y best_epoch=109 head_l2=0.116973 elapsed_sec=0.20
CHECKPOINT_BEST repeat=2 scope=internal_cv fold=7 phase=high_order_residual epoch=110 path=/data/adodas/VarCoNet-V2-main/xiaolunwen/experiment3/checkpoints/worker_r2_best.pt
[HIGH_ORDER_RESIDUAL] repeat=2 fold=7 epoch=110/149 train_bce=0.319868 val_bce=0.620386 best=Y best_epoch=110 head_l2=0.117983 elapsed_sec=0.27
CHECKPOINT_BEST repeat=2 scope=internal_cv fold=7 phase=high_order_residual epoch=111 path=/data/adodas/VarCoNet-V2-main/xiaolunwen/experiment3/checkpoints/worker_r2_best.pt
[HIGH_ORDER_RESIDUAL] repeat=2 fold=7 epoch=111/149 train_bce=0.319728 val_bce=0.620373 best=Y best_epoch=111 head_l2=0.118991 elapsed_sec=0.20
CHECKPOINT_BEST repeat=2 scope=internal_cv fold=7 phase=high_order_residual epoch=112 path=/data/adodas/VarCoNet-V2-main/xiaolunwen/experiment3/checkpoints/worker_r2_best.pt
[HIGH_ORDER_RESIDUAL] repeat=2 fold=7 epoch=112/149 train_bce=0.319589 val_bce=0.620360 best=Y best_epoch=112 head_l2=0.119999 elapsed_sec=0.21
CHECKPOINT_BEST repeat=2 scope=internal_cv fold=7 phase=high_order_residual epoch=113 path=/data/adodas/VarCoNet-V2-main/xiaolunwen/experiment3/checkpoints/worker_r2_best.pt
[HIGH_ORDER_RESIDUAL] repeat=2 fold=7 epoch=113/149 train_bce=0.319449 val_bce=0.620347 best=Y best_epoch=113 head_l2=0.121006 elapsed_sec=0.26
CHECKPOINT_BEST repeat=2 scope=internal_cv fold=7 phase=high_order_residual epoch=114 path=/data/adodas/VarCoNet-V2-main/xiaolunwen/experiment3/checkpoints/worker_r2_best.pt
[HIGH_ORDER_RESIDUAL] repeat=2 fold=7 epoch=114/149 train_bce=0.319310 val_bce=0.620335 best=Y best_epoch=114 head_l2=0.122011 elapsed_sec=0.20
CHECKPOINT_BEST repeat=2 scope=internal_cv fold=7 phase=high_order_residual epoch=115 path=/data/adodas/VarCoNet-V2-main/xiaolunwen/experiment3/checkpoints/worker_r2_best.pt
[HIGH_ORDER_RESIDUAL] repeat=2 fold=7 epoch=115/149 train_bce=0.319172 val_bce=0.620322 best=Y best_epoch=115 head_l2=0.123016 elapsed_sec=0.17
CHECKPOINT_BEST repeat=2 scope=internal_cv fold=7 phase=high_order_residual epoch=116 path=/data/adodas/VarCoNet-V2-main/xiaolunwen/experiment3/checkpoints/worker_r2_best.pt
[HIGH_ORDER_RESIDUAL] repeat=2 fold=7 epoch=116/149 train_bce=0.319033 val_bce=0.620310 best=Y best_epoch=116 head_l2=0.124020 elapsed_sec=0.19
CHECKPOINT_BEST repeat=2 scope=internal_cv fold=7 phase=high_order_residual epoch=117 path=/data/adodas/VarCoNet-V2-main/xiaolunwen/experiment3/checkpoints/worker_r2_best.pt
[HIGH_ORDER_RESIDUAL] repeat=2 fold=7 epoch=117/149 train_bce=0.318895 val_bce=0.620298 best=Y best_epoch=117 head_l2=0.125022 elapsed_sec=0.19
CHECKPOINT_BEST repeat=2 scope=internal_cv fold=7 phase=high_order_residual epoch=118 path=/data/adodas/VarCoNet-V2-main/xiaolunwen/experiment3/checkpoints/worker_r2_best.pt
[HIGH_ORDER_RESIDUAL] repeat=2 fold=7 epoch=118/149 train_bce=0.318757 val_bce=0.620286 best=Y best_epoch=118 head_l2=0.126024 elapsed_sec=0.22
CHECKPOINT_BEST repeat=2 scope=internal_cv fold=7 phase=high_order_residual epoch=119 path=/data/adodas/VarCoNet-V2-main/xiaolunwen/experiment3/checkpoints/worker_r2_best.pt
[HIGH_ORDER_RESIDUAL] repeat=2 fold=7 epoch=119/149 train_bce=0.318620 val_bce=0.620274 best=Y best_epoch=119 head_l2=0.127025 elapsed_sec=0.19
CHECKPOINT_BEST repeat=2 scope=internal_cv fold=7 phase=high_order_residual epoch=120 path=/data/adodas/VarCoNet-V2-main/xiaolunwen/experiment3/checkpoints/worker_r2_best.pt
[HIGH_ORDER_RESIDUAL] repeat=2 fold=7 epoch=120/149 train_bce=0.318482 val_bce=0.620262 best=Y best_epoch=120 head_l2=0.128025 elapsed_sec=0.33
CHECKPOINT_BEST repeat=2 scope=internal_cv fold=7 phase=high_order_residual epoch=121 path=/data/adodas/VarCoNet-V2-main/xiaolunwen/experiment3/checkpoints/worker_r2_best.pt
[HIGH_ORDER_RESIDUAL] repeat=2 fold=7 epoch=121/149 train_bce=0.318345 val_bce=0.620250 best=Y best_epoch=121 head_l2=0.129024 elapsed_sec=0.22
CHECKPOINT_BEST repeat=2 scope=internal_cv fold=7 phase=high_order_residual epoch=122 path=/data/adodas/VarCoNet-V2-main/xiaolunwen/experiment3/checkpoints/worker_r2_best.pt
[HIGH_ORDER_RESIDUAL] repeat=2 fold=7 epoch=122/149 train_bce=0.318208 val_bce=0.620239 best=Y best_epoch=122 head_l2=0.130022 elapsed_sec=0.20
CHECKPOINT_BEST repeat=2 scope=internal_cv fold=7 phase=high_order_residual epoch=123 path=/data/adodas/VarCoNet-V2-main/xiaolunwen/experiment3/checkpoints/worker_r2_best.pt
[HIGH_ORDER_RESIDUAL] repeat=2 fold=7 epoch=123/149 train_bce=0.318072 val_bce=0.620228 best=Y best_epoch=123 head_l2=0.131019 elapsed_sec=0.18
CHECKPOINT_BEST repeat=2 scope=internal_cv fold=7 phase=high_order_residual epoch=124 path=/data/adodas/VarCoNet-V2-main/xiaolunwen/experiment3/checkpoints/worker_r2_best.pt
[HIGH_ORDER_RESIDUAL] repeat=2 fold=7 epoch=124/149 train_bce=0.317936 val_bce=0.620216 best=Y best_epoch=124 head_l2=0.132015 elapsed_sec=0.26
CHECKPOINT_BEST repeat=2 scope=internal_cv fold=7 phase=high_order_residual epoch=125 path=/data/adodas/VarCoNet-V2-main/xiaolunwen/experiment3/checkpoints/worker_r2_best.pt
[HIGH_ORDER_RESIDUAL] repeat=2 fold=7 epoch=125/149 train_bce=0.317800 val_bce=0.620205 best=Y best_epoch=125 head_l2=0.133011 elapsed_sec=0.21
CHECKPOINT_BEST repeat=2 scope=internal_cv fold=7 phase=high_order_residual epoch=126 path=/data/adodas/VarCoNet-V2-main/xiaolunwen/experiment3/checkpoints/worker_r2_best.pt
[HIGH_ORDER_RESIDUAL] repeat=2 fold=7 epoch=126/149 train_bce=0.317664 val_bce=0.620194 best=Y best_epoch=126 head_l2=0.134005 elapsed_sec=0.19
CHECKPOINT_BEST repeat=2 scope=internal_cv fold=7 phase=high_order_residual epoch=127 path=/data/adodas/VarCoNet-V2-main/xiaolunwen/experiment3/checkpoints/worker_r2_best.pt
[HIGH_ORDER_RESIDUAL] repeat=2 fold=7 epoch=127/149 train_bce=0.317528 val_bce=0.620184 best=Y best_epoch=127 head_l2=0.134999 elapsed_sec=0.30
CHECKPOINT_BEST repeat=2 scope=internal_cv fold=7 phase=high_order_residual epoch=128 path=/data/adodas/VarCoNet-V2-main/xiaolunwen/experiment3/checkpoints/worker_r2_best.pt
[HIGH_ORDER_RESIDUAL] repeat=2 fold=7 epoch=128/149 train_bce=0.317393 val_bce=0.620173 best=Y best_epoch=128 head_l2=0.135991 elapsed_sec=0.24
CHECKPOINT_BEST repeat=2 scope=internal_cv fold=7 phase=high_order_residual epoch=129 path=/data/adodas/VarCoNet-V2-main/xiaolunwen/experiment3/checkpoints/worker_r2_best.pt
[HIGH_ORDER_RESIDUAL] repeat=2 fold=7 epoch=129/149 train_bce=0.317258 val_bce=0.620162 best=Y best_epoch=129 head_l2=0.136983 elapsed_sec=0.20
CHECKPOINT_BEST repeat=2 scope=internal_cv fold=7 phase=high_order_residual epoch=130 path=/data/adodas/VarCoNet-V2-main/xiaolunwen/experiment3/checkpoints/worker_r2_best.pt
[HIGH_ORDER_RESIDUAL] repeat=2 fold=7 epoch=130/149 train_bce=0.317124 val_bce=0.620152 best=Y best_epoch=130 head_l2=0.137974 elapsed_sec=0.23
CHECKPOINT_BEST repeat=2 scope=internal_cv fold=7 phase=high_order_residual epoch=131 path=/data/adodas/VarCoNet-V2-main/xiaolunwen/experiment3/checkpoints/worker_r2_best.pt
[HIGH_ORDER_RESIDUAL] repeat=2 fold=7 epoch=131/149 train_bce=0.316989 val_bce=0.620142 best=Y best_epoch=131 head_l2=0.138964 elapsed_sec=0.30
CHECKPOINT_BEST repeat=2 scope=internal_cv fold=7 phase=high_order_residual epoch=132 path=/data/adodas/VarCoNet-V2-main/xiaolunwen/experiment3/checkpoints/worker_r2_best.pt
[HIGH_ORDER_RESIDUAL] repeat=2 fold=7 epoch=132/149 train_bce=0.316855 val_bce=0.620132 best=Y best_epoch=132 head_l2=0.139953 elapsed_sec=0.20
CHECKPOINT_BEST repeat=2 scope=internal_cv fold=7 phase=high_order_residual epoch=133 path=/data/adodas/VarCoNet-V2-main/xiaolunwen/experiment3/checkpoints/worker_r2_best.pt
[HIGH_ORDER_RESIDUAL] repeat=2 fold=7 epoch=133/149 train_bce=0.316721 val_bce=0.620122 best=Y best_epoch=133 head_l2=0.140941 elapsed_sec=0.20
CHECKPOINT_BEST repeat=2 scope=internal_cv fold=7 phase=high_order_residual epoch=134 path=/data/adodas/VarCoNet-V2-main/xiaolunwen/experiment3/checkpoints/worker_r2_best.pt
[HIGH_ORDER_RESIDUAL] repeat=2 fold=7 epoch=134/149 train_bce=0.316587 val_bce=0.620112 best=Y best_epoch=134 head_l2=0.141928 elapsed_sec=0.31
CHECKPOINT_BEST repeat=2 scope=internal_cv fold=7 phase=high_order_residual epoch=135 path=/data/adodas/VarCoNet-V2-main/xiaolunwen/experiment3/checkpoints/worker_r2_best.pt
[HIGH_ORDER_RESIDUAL] repeat=2 fold=7 epoch=135/149 train_bce=0.316454 val_bce=0.620102 best=Y best_epoch=135 head_l2=0.142915 elapsed_sec=0.43
CHECKPOINT_BEST repeat=2 scope=internal_cv fold=7 phase=high_order_residual epoch=136 path=/data/adodas/VarCoNet-V2-main/xiaolunwen/experiment3/checkpoints/worker_r2_best.pt
[HIGH_ORDER_RESIDUAL] repeat=2 fold=7 epoch=136/149 train_bce=0.316321 val_bce=0.620092 best=Y best_epoch=136 head_l2=0.143900 elapsed_sec=0.21
CHECKPOINT_BEST repeat=2 scope=internal_cv fold=7 phase=high_order_residual epoch=137 path=/data/adodas/VarCoNet-V2-main/xiaolunwen/experiment3/checkpoints/worker_r2_best.pt
[HIGH_ORDER_RESIDUAL] repeat=2 fold=7 epoch=137/149 train_bce=0.316188 val_bce=0.620083 best=Y best_epoch=137 head_l2=0.144885 elapsed_sec=0.19
CHECKPOINT_BEST repeat=2 scope=internal_cv fold=7 phase=high_order_residual epoch=138 path=/data/adodas/VarCoNet-V2-main/xiaolunwen/experiment3/checkpoints/worker_r2_best.pt
[HIGH_ORDER_RESIDUAL] repeat=2 fold=7 epoch=138/149 train_bce=0.316055 val_bce=0.620073 best=Y best_epoch=138 head_l2=0.145869 elapsed_sec=0.23
CHECKPOINT_BEST repeat=2 scope=internal_cv fold=7 phase=high_order_residual epoch=139 path=/data/adodas/VarCoNet-V2-main/xiaolunwen/experiment3/checkpoints/worker_r2_best.pt
[HIGH_ORDER_RESIDUAL] repeat=2 fold=7 epoch=139/149 train_bce=0.315923 val_bce=0.620064 best=Y best_epoch=139 head_l2=0.146852 elapsed_sec=0.23
CHECKPOINT_BEST repeat=2 scope=internal_cv fold=7 phase=high_order_residual epoch=140 path=/data/adodas/VarCoNet-V2-main/xiaolunwen/experiment3/checkpoints/worker_r2_best.pt
[HIGH_ORDER_RESIDUAL] repeat=2 fold=7 epoch=140/149 train_bce=0.315790 val_bce=0.620055 best=Y best_epoch=140 head_l2=0.147834 elapsed_sec=0.20
CHECKPOINT_BEST repeat=2 scope=internal_cv fold=7 phase=high_order_residual epoch=141 path=/data/adodas/VarCoNet-V2-main/xiaolunwen/experiment3/checkpoints/worker_r2_best.pt
[HIGH_ORDER_RESIDUAL] repeat=2 fold=7 epoch=141/149 train_bce=0.315658 val_bce=0.620046 best=Y best_epoch=141 head_l2=0.148816 elapsed_sec=0.21
CHECKPOINT_BEST repeat=2 scope=internal_cv fold=7 phase=high_order_residual epoch=142 path=/data/adodas/VarCoNet-V2-main/xiaolunwen/experiment3/checkpoints/worker_r2_best.pt
[HIGH_ORDER_RESIDUAL] repeat=2 fold=7 epoch=142/149 train_bce=0.315527 val_bce=0.620037 best=Y best_epoch=142 head_l2=0.149796 elapsed_sec=0.29
CHECKPOINT_BEST repeat=2 scope=internal_cv fold=7 phase=high_order_residual epoch=143 path=/data/adodas/VarCoNet-V2-main/xiaolunwen/experiment3/checkpoints/worker_r2_best.pt
[HIGH_ORDER_RESIDUAL] repeat=2 fold=7 epoch=143/149 train_bce=0.315395 val_bce=0.620028 best=Y best_epoch=143 head_l2=0.150776 elapsed_sec=0.20
CHECKPOINT_BEST repeat=2 scope=internal_cv fold=7 phase=high_order_residual epoch=144 path=/data/adodas/VarCoNet-V2-main/xiaolunwen/experiment3/checkpoints/worker_r2_best.pt
[HIGH_ORDER_RESIDUAL] repeat=2 fold=7 epoch=144/149 train_bce=0.315264 val_bce=0.620020 best=Y best_epoch=144 head_l2=0.151754 elapsed_sec=0.21
CHECKPOINT_BEST repeat=2 scope=internal_cv fold=7 phase=high_order_residual epoch=145 path=/data/adodas/VarCoNet-V2-main/xiaolunwen/experiment3/checkpoints/worker_r2_best.pt
[HIGH_ORDER_RESIDUAL] repeat=2 fold=7 epoch=145/149 train_bce=0.315133 val_bce=0.620011 best=Y best_epoch=145 head_l2=0.152732 elapsed_sec=0.20
CHECKPOINT_BEST repeat=2 scope=internal_cv fold=7 phase=high_order_residual epoch=146 path=/data/adodas/VarCoNet-V2-main/xiaolunwen/experiment3/checkpoints/worker_r2_best.pt
[HIGH_ORDER_RESIDUAL] repeat=2 fold=7 epoch=146/149 train_bce=0.315002 val_bce=0.620003 best=Y best_epoch=146 head_l2=0.153710 elapsed_sec=0.20
CHECKPOINT_BEST repeat=2 scope=internal_cv fold=7 phase=high_order_residual epoch=147 path=/data/adodas/VarCoNet-V2-main/xiaolunwen/experiment3/checkpoints/worker_r2_best.pt
[HIGH_ORDER_RESIDUAL] repeat=2 fold=7 epoch=147/149 train_bce=0.314872 val_bce=0.619994 best=Y best_epoch=147 head_l2=0.154686 elapsed_sec=0.20
CHECKPOINT_BEST repeat=2 scope=internal_cv fold=7 phase=high_order_residual epoch=148 path=/data/adodas/VarCoNet-V2-main/xiaolunwen/experiment3/checkpoints/worker_r2_best.pt
[HIGH_ORDER_RESIDUAL] repeat=2 fold=7 epoch=148/149 train_bce=0.314742 val_bce=0.619986 best=Y best_epoch=148 head_l2=0.155661 elapsed_sec=0.20
CHECKPOINT_BEST repeat=2 scope=internal_cv fold=7 phase=high_order_residual epoch=149 path=/data/adodas/VarCoNet-V2-main/xiaolunwen/experiment3/checkpoints/worker_r2_best.pt
[HIGH_ORDER_RESIDUAL] repeat=2 fold=7 epoch=149/149 train_bce=0.314611 val_bce=0.619978 best=Y best_epoch=149 head_l2=0.156636 elapsed_sec=0.20
RESIDUAL_DONE repeat=2 scope=internal_cv fold=7 selected_encoder_epoch=32 selected_classifier_epoch=26 selected_residual_epoch=149 val_bce=0.619978
TASK_TRAINING_DONE repeat=2 scope=internal_cv fold=7 base_epoch=32 dyn_epoch=32 base_val_bce=0.623051 high_order_val_bce=0.619978
TASK_DONE repeat=2 scope=internal_fold fold=7 method=baseline selected_encoder_epoch=32 test_auc=0.697976 test_bce=0.621688 elapsed_min=5.3
TASK_DONE repeat=2 scope=internal_fold fold=7 method=consensus_highorder_residual selected_encoder_epoch=32 test_auc=0.697976 test_bce=0.624588 elapsed_min=5.3
TASK_START repeat=2 scope=internal_cv fold=8 seed=100208 device=cuda:0 shared_encoder=Y
CHECKPOINT_BEST repeat=2 scope=internal_cv fold=8 phase=ssl epoch=1 path=/data/adodas/VarCoNet-V2-main/xiaolunwen/experiment3/checkpoints/worker_r2_best.pt
[repeat=2 fold=8] [epoch=1/50] ssl_loss=0.133563 lr=0.00002411 base_val_bce=0.656779 base_best=Y base_cls_epoch=11 epoch_sec=5.0 task_elapsed_min=0.1 gpu_alloc_gb=0.272 gpu_reserved_gb=1.539
[ssl_epoch=1/50] ssl_loss=0.133563 lr=0.00002411 base_val_bce=0.656779 base_best=Y base_cls_epoch=11 epoch_sec=5.0 elapsed_min=0.1 gpu_alloc_gb=0.272 gpu_reserved_gb=1.539
CHECKPOINT_BEST repeat=2 scope=internal_cv fold=8 phase=ssl epoch=2 path=/data/adodas/VarCoNet-V2-main/xiaolunwen/experiment3/checkpoints/worker_r2_best.pt
[repeat=2 fold=8] [epoch=2/50] ssl_loss=0.118847 lr=0.00003821 base_val_bce=0.651878 base_best=Y base_cls_epoch=16 epoch_sec=4.0 task_elapsed_min=0.1 gpu_alloc_gb=0.272 gpu_reserved_gb=1.539
[ssl_epoch=2/50] ssl_loss=0.118847 lr=0.00003821 base_val_bce=0.651878 base_best=Y base_cls_epoch=16 epoch_sec=4.0 elapsed_min=0.1 gpu_alloc_gb=0.272 gpu_reserved_gb=1.539
[repeat=2 fold=8] [epoch=3/50] ssl_loss=0.131917 lr=0.00005232 base_val_bce=0.652672 base_best=N base_cls_epoch=14 epoch_sec=3.7 task_elapsed_min=0.2 gpu_alloc_gb=0.272 gpu_reserved_gb=1.539
[ssl_epoch=3/50] ssl_loss=0.131917 lr=0.00005232 base_val_bce=0.652672 base_best=N base_cls_epoch=14 epoch_sec=3.7 elapsed_min=0.2 gpu_alloc_gb=0.272 gpu_reserved_gb=1.539
CHECKPOINT_BEST repeat=2 scope=internal_cv fold=8 phase=ssl epoch=4 path=/data/adodas/VarCoNet-V2-main/xiaolunwen/experiment3/checkpoints/worker_r2_best.pt
[repeat=2 fold=8] [epoch=4/50] ssl_loss=0.091657 lr=0.00006643 base_val_bce=0.640413 base_best=Y base_cls_epoch=13 epoch_sec=4.3 task_elapsed_min=0.3 gpu_alloc_gb=0.272 gpu_reserved_gb=1.539
[ssl_epoch=4/50] ssl_loss=0.091657 lr=0.00006643 base_val_bce=0.640413 base_best=Y base_cls_epoch=13 epoch_sec=4.3 elapsed_min=0.3 gpu_alloc_gb=0.272 gpu_reserved_gb=1.539
[repeat=2 fold=8] [epoch=5/50] ssl_loss=0.115139 lr=0.00008053 base_val_bce=0.646085 base_best=N base_cls_epoch=15 epoch_sec=3.7 task_elapsed_min=0.3 gpu_alloc_gb=0.272 gpu_reserved_gb=1.539
[ssl_epoch=5/50] ssl_loss=0.115139 lr=0.00008053 base_val_bce=0.646085 base_best=N base_cls_epoch=15 epoch_sec=3.7 elapsed_min=0.3 gpu_alloc_gb=0.272 gpu_reserved_gb=1.539
[repeat=2 fold=8] [epoch=6/50] ssl_loss=0.116621 lr=0.00009464 base_val_bce=0.653115 base_best=N base_cls_epoch=13 epoch_sec=3.9 task_elapsed_min=0.4 gpu_alloc_gb=0.272 gpu_reserved_gb=1.539
[ssl_epoch=6/50] ssl_loss=0.116621 lr=0.00009464 base_val_bce=0.653115 base_best=N base_cls_epoch=13 epoch_sec=3.9 elapsed_min=0.4 gpu_alloc_gb=0.272 gpu_reserved_gb=1.539
[repeat=2 fold=8] [epoch=7/50] ssl_loss=0.090487 lr=0.00010875 base_val_bce=0.648094 base_best=N base_cls_epoch=14 epoch_sec=3.6 task_elapsed_min=0.5 gpu_alloc_gb=0.272 gpu_reserved_gb=1.539
[ssl_epoch=7/50] ssl_loss=0.090487 lr=0.00010875 base_val_bce=0.648094 base_best=N base_cls_epoch=14 epoch_sec=3.7 elapsed_min=0.5 gpu_alloc_gb=0.272 gpu_reserved_gb=1.539
[repeat=2 fold=8] [epoch=8/50] ssl_loss=0.094551 lr=0.00012285 base_val_bce=0.643901 base_best=N base_cls_epoch=12 epoch_sec=3.6 task_elapsed_min=0.5 gpu_alloc_gb=0.272 gpu_reserved_gb=1.539
[ssl_epoch=8/50] ssl_loss=0.094551 lr=0.00012285 base_val_bce=0.643901 base_best=N base_cls_epoch=12 epoch_sec=3.6 elapsed_min=0.5 gpu_alloc_gb=0.272 gpu_reserved_gb=1.539
CHECKPOINT_BEST repeat=2 scope=internal_cv fold=8 phase=ssl epoch=9 path=/data/adodas/VarCoNet-V2-main/xiaolunwen/experiment3/checkpoints/worker_r2_best.pt
[repeat=2 fold=8] [epoch=9/50] ssl_loss=0.092377 lr=0.00013696 base_val_bce=0.640258 base_best=Y base_cls_epoch=18 epoch_sec=4.1 task_elapsed_min=0.6 gpu_alloc_gb=0.272 gpu_reserved_gb=1.539
[ssl_epoch=9/50] ssl_loss=0.092377 lr=0.00013696 base_val_bce=0.640258 base_best=Y base_cls_epoch=18 epoch_sec=4.1 elapsed_min=0.6 gpu_alloc_gb=0.272 gpu_reserved_gb=1.539
CHECKPOINT_BEST repeat=2 scope=internal_cv fold=8 phase=ssl epoch=10 path=/data/adodas/VarCoNet-V2-main/xiaolunwen/experiment3/checkpoints/worker_r2_best.pt
CHECKPOINT_LATEST repeat=2 scope=internal_cv fold=8 phase=ssl epoch=10 path=/data/adodas/VarCoNet-V2-main/xiaolunwen/experiment3/checkpoints/worker_r2_latest.pt
[repeat=2 fold=8] [epoch=10/50] ssl_loss=0.073495 lr=0.00013696 base_val_bce=0.635739 base_best=Y base_cls_epoch=15 epoch_sec=4.4 task_elapsed_min=0.7 gpu_alloc_gb=0.272 gpu_reserved_gb=1.539
[ssl_epoch=10/50] ssl_loss=0.073495 lr=0.00013696 base_val_bce=0.635739 base_best=Y base_cls_epoch=15 epoch_sec=4.4 elapsed_min=0.7 gpu_alloc_gb=0.272 gpu_reserved_gb=1.539
[repeat=2 fold=8] [epoch=11/50] ssl_loss=0.046195 lr=0.00013675 base_val_bce=0.646044 base_best=N base_cls_epoch=22 epoch_sec=3.8 task_elapsed_min=0.7 gpu_alloc_gb=0.272 gpu_reserved_gb=1.539
[ssl_epoch=11/50] ssl_loss=0.046195 lr=0.00013675 base_val_bce=0.646044 base_best=N base_cls_epoch=22 epoch_sec=3.8 elapsed_min=0.7 gpu_alloc_gb=0.272 gpu_reserved_gb=1.539
CHECKPOINT_BEST repeat=2 scope=internal_cv fold=8 phase=ssl epoch=12 path=/data/adodas/VarCoNet-V2-main/xiaolunwen/experiment3/checkpoints/worker_r2_best.pt
[repeat=2 fold=8] [epoch=12/50] ssl_loss=0.065147 lr=0.00013612 base_val_bce=0.632212 base_best=Y base_cls_epoch=18 epoch_sec=4.1 task_elapsed_min=0.8 gpu_alloc_gb=0.272 gpu_reserved_gb=1.539
[ssl_epoch=12/50] ssl_loss=0.065147 lr=0.00013612 base_val_bce=0.632212 base_best=Y base_cls_epoch=18 epoch_sec=4.1 elapsed_min=0.8 gpu_alloc_gb=0.272 gpu_reserved_gb=1.539
[repeat=2 fold=8] [epoch=13/50] ssl_loss=0.068736 lr=0.00013507 base_val_bce=0.633915 base_best=N base_cls_epoch=17 epoch_sec=3.9 task_elapsed_min=0.9 gpu_alloc_gb=0.272 gpu_reserved_gb=1.539
[ssl_epoch=13/50] ssl_loss=0.068736 lr=0.00013507 base_val_bce=0.633915 base_best=N base_cls_epoch=17 epoch_sec=3.9 elapsed_min=0.9 gpu_alloc_gb=0.272 gpu_reserved_gb=1.539
[repeat=2 fold=8] [epoch=14/50] ssl_loss=0.047395 lr=0.00013361 base_val_bce=0.632472 base_best=N base_cls_epoch=20 epoch_sec=3.9 task_elapsed_min=0.9 gpu_alloc_gb=0.272 gpu_reserved_gb=1.539
[ssl_epoch=14/50] ssl_loss=0.047395 lr=0.00013361 base_val_bce=0.632472 base_best=N base_cls_epoch=20 epoch_sec=3.9 elapsed_min=0.9 gpu_alloc_gb=0.272 gpu_reserved_gb=1.539
[repeat=2 fold=8] [epoch=15/50] ssl_loss=0.052563 lr=0.00013175 base_val_bce=0.634427 base_best=N base_cls_epoch=23 epoch_sec=3.9 task_elapsed_min=1.0 gpu_alloc_gb=0.272 gpu_reserved_gb=1.539
[ssl_epoch=15/50] ssl_loss=0.052563 lr=0.00013175 base_val_bce=0.634427 base_best=N base_cls_epoch=23 epoch_sec=3.9 elapsed_min=1.0 gpu_alloc_gb=0.272 gpu_reserved_gb=1.539
[repeat=2 fold=8] [epoch=16/50] ssl_loss=0.065491 lr=0.00012950 base_val_bce=0.641919 base_best=N base_cls_epoch=19 epoch_sec=3.8 task_elapsed_min=1.1 gpu_alloc_gb=0.272 gpu_reserved_gb=1.539
[ssl_epoch=16/50] ssl_loss=0.065491 lr=0.00012950 base_val_bce=0.641919 base_best=N base_cls_epoch=19 epoch_sec=3.9 elapsed_min=1.1 gpu_alloc_gb=0.272 gpu_reserved_gb=1.539
[repeat=2 fold=8] [epoch=17/50] ssl_loss=0.047211 lr=0.00012687 base_val_bce=0.638720 base_best=N base_cls_epoch=18 epoch_sec=3.8 task_elapsed_min=1.1 gpu_alloc_gb=0.272 gpu_reserved_gb=1.539
[ssl_epoch=17/50] ssl_loss=0.047211 lr=0.00012687 base_val_bce=0.638720 base_best=N base_cls_epoch=18 epoch_sec=3.8 elapsed_min=1.1 gpu_alloc_gb=0.272 gpu_reserved_gb=1.539
[repeat=2 fold=8] [epoch=18/50] ssl_loss=0.043921 lr=0.00012388 base_val_bce=0.645400 base_best=N base_cls_epoch=23 epoch_sec=3.8 task_elapsed_min=1.2 gpu_alloc_gb=0.272 gpu_reserved_gb=1.539
[ssl_epoch=18/50] ssl_loss=0.043921 lr=0.00012388 base_val_bce=0.645400 base_best=N base_cls_epoch=23 epoch_sec=3.8 elapsed_min=1.2 gpu_alloc_gb=0.272 gpu_reserved_gb=1.539
[repeat=2 fold=8] [epoch=19/50] ssl_loss=0.053931 lr=0.00012055 base_val_bce=0.637918 base_best=N base_cls_epoch=19 epoch_sec=3.7 task_elapsed_min=1.3 gpu_alloc_gb=0.272 gpu_reserved_gb=1.539
[ssl_epoch=19/50] ssl_loss=0.053931 lr=0.00012055 base_val_bce=0.637918 base_best=N base_cls_epoch=19 epoch_sec=3.7 elapsed_min=1.3 gpu_alloc_gb=0.272 gpu_reserved_gb=1.539
CHECKPOINT_BEST repeat=2 scope=internal_cv fold=8 phase=ssl epoch=20 path=/data/adodas/VarCoNet-V2-main/xiaolunwen/experiment3/checkpoints/worker_r2_best.pt
CHECKPOINT_LATEST repeat=2 scope=internal_cv fold=8 phase=ssl epoch=20 path=/data/adodas/VarCoNet-V2-main/xiaolunwen/experiment3/checkpoints/worker_r2_latest.pt
[repeat=2 fold=8] [epoch=20/50] ssl_loss=0.068767 lr=0.00011690 base_val_bce=0.632061 base_best=Y base_cls_epoch=19 epoch_sec=4.4 task_elapsed_min=1.3 gpu_alloc_gb=0.272 gpu_reserved_gb=1.539
[ssl_epoch=20/50] ssl_loss=0.068767 lr=0.00011690 base_val_bce=0.632061 base_best=Y base_cls_epoch=19 epoch_sec=4.4 elapsed_min=1.3 gpu_alloc_gb=0.272 gpu_reserved_gb=1.539
[repeat=2 fold=8] [epoch=21/50] ssl_loss=0.039759 lr=0.00011296 base_val_bce=0.641230 base_best=N base_cls_epoch=23 epoch_sec=3.8 task_elapsed_min=1.4 gpu_alloc_gb=0.272 gpu_reserved_gb=1.539
[ssl_epoch=21/50] ssl_loss=0.039759 lr=0.00011296 base_val_bce=0.641230 base_best=N base_cls_epoch=23 epoch_sec=3.8 elapsed_min=1.4 gpu_alloc_gb=0.272 gpu_reserved_gb=1.539
CHECKPOINT_BEST repeat=2 scope=internal_cv fold=8 phase=ssl epoch=22 path=/data/adodas/VarCoNet-V2-main/xiaolunwen/experiment3/checkpoints/worker_r2_best.pt
[repeat=2 fold=8] [epoch=22/50] ssl_loss=0.063147 lr=0.00010873 base_val_bce=0.631632 base_best=Y base_cls_epoch=21 epoch_sec=4.4 task_elapsed_min=1.5 gpu_alloc_gb=0.272 gpu_reserved_gb=1.539
[ssl_epoch=22/50] ssl_loss=0.063147 lr=0.00010873 base_val_bce=0.631632 base_best=Y base_cls_epoch=21 epoch_sec=4.4 elapsed_min=1.5 gpu_alloc_gb=0.272 gpu_reserved_gb=1.539
CHECKPOINT_BEST repeat=2 scope=internal_cv fold=8 phase=ssl epoch=23 path=/data/adodas/VarCoNet-V2-main/xiaolunwen/experiment3/checkpoints/worker_r2_best.pt
[repeat=2 fold=8] [epoch=23/50] ssl_loss=0.042224 lr=0.00010426 base_val_bce=0.627147 base_best=Y base_cls_epoch=21 epoch_sec=4.3 task_elapsed_min=1.5 gpu_alloc_gb=0.272 gpu_reserved_gb=1.539
[ssl_epoch=23/50] ssl_loss=0.042224 lr=0.00010426 base_val_bce=0.627147 base_best=Y base_cls_epoch=21 epoch_sec=4.3 elapsed_min=1.5 gpu_alloc_gb=0.272 gpu_reserved_gb=1.539
[repeat=2 fold=8] [epoch=24/50] ssl_loss=0.052044 lr=0.00009957 base_val_bce=0.638329 base_best=N base_cls_epoch=26 epoch_sec=3.7 task_elapsed_min=1.6 gpu_alloc_gb=0.272 gpu_reserved_gb=1.539
[ssl_epoch=24/50] ssl_loss=0.052044 lr=0.00009957 base_val_bce=0.638329 base_best=N base_cls_epoch=26 epoch_sec=3.8 elapsed_min=1.6 gpu_alloc_gb=0.272 gpu_reserved_gb=1.539
[repeat=2 fold=8] [epoch=25/50] ssl_loss=0.048849 lr=0.00009469 base_val_bce=0.636145 base_best=N base_cls_epoch=21 epoch_sec=3.7 task_elapsed_min=1.7 gpu_alloc_gb=0.272 gpu_reserved_gb=1.539
[ssl_epoch=25/50] ssl_loss=0.048849 lr=0.00009469 base_val_bce=0.636145 base_best=N base_cls_epoch=21 epoch_sec=3.7 elapsed_min=1.7 gpu_alloc_gb=0.272 gpu_reserved_gb=1.539
[repeat=2 fold=8] [epoch=26/50] ssl_loss=0.052901 lr=0.00008964 base_val_bce=0.638621 base_best=N base_cls_epoch=22 epoch_sec=3.3 task_elapsed_min=1.7 gpu_alloc_gb=0.272 gpu_reserved_gb=1.539
[ssl_epoch=26/50] ssl_loss=0.052901 lr=0.00008964 base_val_bce=0.638621 base_best=N base_cls_epoch=22 epoch_sec=3.3 elapsed_min=1.7 gpu_alloc_gb=0.272 gpu_reserved_gb=1.539
CHECKPOINT_BEST repeat=2 scope=internal_cv fold=8 phase=ssl epoch=27 path=/data/adodas/VarCoNet-V2-main/xiaolunwen/experiment3/checkpoints/worker_r2_best.pt
[repeat=2 fold=8] [epoch=27/50] ssl_loss=0.037270 lr=0.00008447 base_val_bce=0.625140 base_best=Y base_cls_epoch=21 epoch_sec=3.2 task_elapsed_min=1.8 gpu_alloc_gb=0.272 gpu_reserved_gb=1.539
[ssl_epoch=27/50] ssl_loss=0.037270 lr=0.00008447 base_val_bce=0.625140 base_best=Y base_cls_epoch=21 epoch_sec=3.2 elapsed_min=1.8 gpu_alloc_gb=0.272 gpu_reserved_gb=1.539
[repeat=2 fold=8] [epoch=28/50] ssl_loss=0.051193 lr=0.00007919 base_val_bce=0.636728 base_best=N base_cls_epoch=23 epoch_sec=2.6 task_elapsed_min=1.8 gpu_alloc_gb=0.272 gpu_reserved_gb=1.539
[ssl_epoch=28/50] ssl_loss=0.051193 lr=0.00007919 base_val_bce=0.636728 base_best=N base_cls_epoch=23 epoch_sec=2.6 elapsed_min=1.8 gpu_alloc_gb=0.272 gpu_reserved_gb=1.539
[repeat=2 fold=8] [epoch=29/50] ssl_loss=0.042627 lr=0.00007385 base_val_bce=0.632956 base_best=N base_cls_epoch=27 epoch_sec=2.5 task_elapsed_min=1.9 gpu_alloc_gb=0.272 gpu_reserved_gb=1.539
[ssl_epoch=29/50] ssl_loss=0.042627 lr=0.00007385 base_val_bce=0.632956 base_best=N base_cls_epoch=27 epoch_sec=2.5 elapsed_min=1.9 gpu_alloc_gb=0.272 gpu_reserved_gb=1.539
CHECKPOINT_LATEST repeat=2 scope=internal_cv fold=8 phase=ssl epoch=30 path=/data/adodas/VarCoNet-V2-main/xiaolunwen/experiment3/checkpoints/worker_r2_latest.pt
[repeat=2 fold=8] [epoch=30/50] ssl_loss=0.037167 lr=0.00006848 base_val_bce=0.640849 base_best=N base_cls_epoch=24 epoch_sec=3.4 task_elapsed_min=1.9 gpu_alloc_gb=0.272 gpu_reserved_gb=1.539
[ssl_epoch=30/50] ssl_loss=0.037167 lr=0.00006848 base_val_bce=0.640849 base_best=N base_cls_epoch=24 epoch_sec=3.4 elapsed_min=1.9 gpu_alloc_gb=0.272 gpu_reserved_gb=1.539
[repeat=2 fold=8] [epoch=31/50] ssl_loss=0.035600 lr=0.00006311 base_val_bce=0.634968 base_best=N base_cls_epoch=30 epoch_sec=3.3 task_elapsed_min=2.0 gpu_alloc_gb=0.272 gpu_reserved_gb=1.539
[ssl_epoch=31/50] ssl_loss=0.035600 lr=0.00006311 base_val_bce=0.634968 base_best=N base_cls_epoch=30 epoch_sec=3.3 elapsed_min=2.0 gpu_alloc_gb=0.272 gpu_reserved_gb=1.539
[repeat=2 fold=8] [epoch=32/50] ssl_loss=0.050489 lr=0.00005777 base_val_bce=0.631303 base_best=N base_cls_epoch=21 epoch_sec=3.1 task_elapsed_min=2.0 gpu_alloc_gb=0.272 gpu_reserved_gb=1.539
[ssl_epoch=32/50] ssl_loss=0.050489 lr=0.00005777 base_val_bce=0.631303 base_best=N base_cls_epoch=21 epoch_sec=3.2 elapsed_min=2.0 gpu_alloc_gb=0.272 gpu_reserved_gb=1.539
[repeat=2 fold=8] [epoch=33/50] ssl_loss=0.054905 lr=0.00005249 base_val_bce=0.637899 base_best=N base_cls_epoch=23 epoch_sec=3.2 task_elapsed_min=2.1 gpu_alloc_gb=0.272 gpu_reserved_gb=1.539
[ssl_epoch=33/50] ssl_loss=0.054905 lr=0.00005249 base_val_bce=0.637899 base_best=N base_cls_epoch=23 epoch_sec=3.3 elapsed_min=2.1 gpu_alloc_gb=0.272 gpu_reserved_gb=1.539
[repeat=2 fold=8] [epoch=34/50] ssl_loss=0.040129 lr=0.00004732 base_val_bce=0.638578 base_best=N base_cls_epoch=27 epoch_sec=3.3 task_elapsed_min=2.1 gpu_alloc_gb=0.272 gpu_reserved_gb=1.539
[ssl_epoch=34/50] ssl_loss=0.040129 lr=0.00004732 base_val_bce=0.638578 base_best=N base_cls_epoch=27 epoch_sec=3.4 elapsed_min=2.1 gpu_alloc_gb=0.272 gpu_reserved_gb=1.539
[repeat=2 fold=8] [epoch=35/50] ssl_loss=0.037487 lr=0.00004227 base_val_bce=0.629515 base_best=N base_cls_epoch=29 epoch_sec=3.2 task_elapsed_min=2.2 gpu_alloc_gb=0.272 gpu_reserved_gb=1.539
[ssl_epoch=35/50] ssl_loss=0.037487 lr=0.00004227 base_val_bce=0.629515 base_best=N base_cls_epoch=29 epoch_sec=3.3 elapsed_min=2.2 gpu_alloc_gb=0.272 gpu_reserved_gb=1.539
[repeat=2 fold=8] [epoch=36/50] ssl_loss=0.035165 lr=0.00003739 base_val_bce=0.630292 base_best=N base_cls_epoch=22 epoch_sec=2.7 task_elapsed_min=2.2 gpu_alloc_gb=0.272 gpu_reserved_gb=1.539
[ssl_epoch=36/50] ssl_loss=0.035165 lr=0.00003739 base_val_bce=0.630292 base_best=N base_cls_epoch=22 epoch_sec=2.7 elapsed_min=2.2 gpu_alloc_gb=0.272 gpu_reserved_gb=1.539
[repeat=2 fold=8] [epoch=37/50] ssl_loss=0.044549 lr=0.00003270 base_val_bce=0.642400 base_best=N base_cls_epoch=27 epoch_sec=2.4 task_elapsed_min=2.3 gpu_alloc_gb=0.272 gpu_reserved_gb=1.539
[ssl_epoch=37/50] ssl_loss=0.044549 lr=0.00003270 base_val_bce=0.642400 base_best=N base_cls_epoch=27 epoch_sec=2.4 elapsed_min=2.3 gpu_alloc_gb=0.272 gpu_reserved_gb=1.539
[repeat=2 fold=8] [epoch=38/50] ssl_loss=0.039609 lr=0.00002823 base_val_bce=0.628547 base_best=N base_cls_epoch=21 epoch_sec=2.7 task_elapsed_min=2.3 gpu_alloc_gb=0.272 gpu_reserved_gb=1.539
[ssl_epoch=38/50] ssl_loss=0.039609 lr=0.00002823 base_val_bce=0.628547 base_best=N base_cls_epoch=21 epoch_sec=2.8 elapsed_min=2.3 gpu_alloc_gb=0.272 gpu_reserved_gb=1.539
[repeat=2 fold=8] [epoch=39/50] ssl_loss=0.034852 lr=0.00002401 base_val_bce=0.640677 base_best=N base_cls_epoch=23 epoch_sec=2.2 task_elapsed_min=2.4 gpu_alloc_gb=0.272 gpu_reserved_gb=1.539
[ssl_epoch=39/50] ssl_loss=0.034852 lr=0.00002401 base_val_bce=0.640677 base_best=N base_cls_epoch=23 epoch_sec=2.2 elapsed_min=2.4 gpu_alloc_gb=0.272 gpu_reserved_gb=1.539
CHECKPOINT_LATEST repeat=2 scope=internal_cv fold=8 phase=ssl epoch=40 path=/data/adodas/VarCoNet-V2-main/xiaolunwen/experiment3/checkpoints/worker_r2_latest.pt
[repeat=2 fold=8] [epoch=40/50] ssl_loss=0.040278 lr=0.00002006 base_val_bce=0.630842 base_best=N base_cls_epoch=24 epoch_sec=3.3 task_elapsed_min=2.4 gpu_alloc_gb=0.272 gpu_reserved_gb=1.539
[ssl_epoch=40/50] ssl_loss=0.040278 lr=0.00002006 base_val_bce=0.630842 base_best=N base_cls_epoch=24 epoch_sec=3.3 elapsed_min=2.4 gpu_alloc_gb=0.272 gpu_reserved_gb=1.539
[repeat=2 fold=8] [epoch=41/50] ssl_loss=0.037444 lr=0.00001641 base_val_bce=0.637581 base_best=N base_cls_epoch=27 epoch_sec=2.5 task_elapsed_min=2.5 gpu_alloc_gb=0.272 gpu_reserved_gb=1.539
[ssl_epoch=41/50] ssl_loss=0.037444 lr=0.00001641 base_val_bce=0.637581 base_best=N base_cls_epoch=27 epoch_sec=2.5 elapsed_min=2.5 gpu_alloc_gb=0.272 gpu_reserved_gb=1.539
[repeat=2 fold=8] [epoch=42/50] ssl_loss=0.034999 lr=0.00001308 base_val_bce=0.631754 base_best=N base_cls_epoch=27 epoch_sec=2.7 task_elapsed_min=2.5 gpu_alloc_gb=0.272 gpu_reserved_gb=1.539
[ssl_epoch=42/50] ssl_loss=0.034999 lr=0.00001308 base_val_bce=0.631754 base_best=N base_cls_epoch=27 epoch_sec=2.7 elapsed_min=2.5 gpu_alloc_gb=0.272 gpu_reserved_gb=1.539
[repeat=2 fold=8] [epoch=43/50] ssl_loss=0.047807 lr=0.00001009 base_val_bce=0.630388 base_best=N base_cls_epoch=28 epoch_sec=2.7 task_elapsed_min=2.5 gpu_alloc_gb=0.272 gpu_reserved_gb=1.539
[ssl_epoch=43/50] ssl_loss=0.047807 lr=0.00001009 base_val_bce=0.630388 base_best=N base_cls_epoch=28 epoch_sec=2.7 elapsed_min=2.5 gpu_alloc_gb=0.272 gpu_reserved_gb=1.539
[repeat=2 fold=8] [epoch=44/50] ssl_loss=0.037076 lr=0.00000746 base_val_bce=0.637463 base_best=N base_cls_epoch=30 epoch_sec=3.2 task_elapsed_min=2.6 gpu_alloc_gb=0.272 gpu_reserved_gb=1.539
[ssl_epoch=44/50] ssl_loss=0.037076 lr=0.00000746 base_val_bce=0.637463 base_best=N base_cls_epoch=30 epoch_sec=3.3 elapsed_min=2.6 gpu_alloc_gb=0.272 gpu_reserved_gb=1.539
[repeat=2 fold=8] [epoch=45/50] ssl_loss=0.032443 lr=0.00000521 base_val_bce=0.647136 base_best=N base_cls_epoch=25 epoch_sec=3.0 task_elapsed_min=2.7 gpu_alloc_gb=0.272 gpu_reserved_gb=1.539
[ssl_epoch=45/50] ssl_loss=0.032443 lr=0.00000521 base_val_bce=0.647136 base_best=N base_cls_epoch=25 epoch_sec=3.2 elapsed_min=2.7 gpu_alloc_gb=0.272 gpu_reserved_gb=1.539
[repeat=2 fold=8] [epoch=46/50] ssl_loss=0.048426 lr=0.00000335 base_val_bce=0.641073 base_best=N base_cls_epoch=26 epoch_sec=3.2 task_elapsed_min=2.7 gpu_alloc_gb=0.272 gpu_reserved_gb=1.539
[ssl_epoch=46/50] ssl_loss=0.048426 lr=0.00000335 base_val_bce=0.641073 base_best=N base_cls_epoch=26 epoch_sec=3.2 elapsed_min=2.7 gpu_alloc_gb=0.272 gpu_reserved_gb=1.539
[repeat=2 fold=8] [epoch=47/50] ssl_loss=0.038050 lr=0.00000189 base_val_bce=0.647919 base_best=N base_cls_epoch=25 epoch_sec=3.2 task_elapsed_min=2.8 gpu_alloc_gb=0.272 gpu_reserved_gb=1.539
[ssl_epoch=47/50] ssl_loss=0.038050 lr=0.00000189 base_val_bce=0.647919 base_best=N base_cls_epoch=25 epoch_sec=3.2 elapsed_min=2.8 gpu_alloc_gb=0.272 gpu_reserved_gb=1.539
[repeat=2 fold=8] [epoch=48/50] ssl_loss=0.044339 lr=0.00000084 base_val_bce=0.638458 base_best=N base_cls_epoch=28 epoch_sec=3.2 task_elapsed_min=2.8 gpu_alloc_gb=0.272 gpu_reserved_gb=1.539
[ssl_epoch=48/50] ssl_loss=0.044339 lr=0.00000084 base_val_bce=0.638458 base_best=N base_cls_epoch=28 epoch_sec=3.2 elapsed_min=2.8 gpu_alloc_gb=0.272 gpu_reserved_gb=1.539
[repeat=2 fold=8] [epoch=49/50] ssl_loss=0.042249 lr=0.00000021 base_val_bce=0.640227 base_best=N base_cls_epoch=26 epoch_sec=2.8 task_elapsed_min=2.9 gpu_alloc_gb=0.272 gpu_reserved_gb=1.539
[ssl_epoch=49/50] ssl_loss=0.042249 lr=0.00000021 base_val_bce=0.640227 base_best=N base_cls_epoch=26 epoch_sec=3.0 elapsed_min=2.9 gpu_alloc_gb=0.272 gpu_reserved_gb=1.539
CHECKPOINT_LATEST repeat=2 scope=internal_cv fold=8 phase=ssl epoch=50 path=/data/adodas/VarCoNet-V2-main/xiaolunwen/experiment3/checkpoints/worker_r2_latest.pt
[repeat=2 fold=8] [epoch=50/50] ssl_loss=0.036740 lr=0.00000000 base_val_bce=0.634238 base_best=N base_cls_epoch=26 epoch_sec=3.5 task_elapsed_min=2.9 gpu_alloc_gb=0.272 gpu_reserved_gb=1.539
[ssl_epoch=50/50] ssl_loss=0.036740 lr=0.00000000 base_val_bce=0.634238 base_best=N base_cls_epoch=26 epoch_sec=3.5 elapsed_min=2.9 gpu_alloc_gb=0.272 gpu_reserved_gb=1.539
[MODULE_DISCOVERY] repeat=2 fold=8 n_unique_subjects=674 n_modules=32 module_size_min=8 module_size_mean=12.000 module_size_max=20 singleton_modules=0 meta_dim=528 empty_meta_bins=0 affinity_mean=0.16248721 affinity_std=0.04318012 affinity_max=0.83208722 elapsed_sec=0.05
[HIGH_ORDER_RESIDUAL] repeat=2 fold=8 epoch=0 train_bce=NA val_bce=0.625140 best=Y best_epoch=0 head_l2=0.000000 elapsed_sec=175.96
CHECKPOINT_BEST repeat=2 scope=internal_cv fold=8 phase=high_order_residual epoch=0 path=/data/adodas/VarCoNet-V2-main/xiaolunwen/experiment3/checkpoints/worker_r2_best.pt
CHECKPOINT_LATEST repeat=2 scope=internal_cv fold=8 phase=high_order_residual epoch=10 path=/data/adodas/VarCoNet-V2-main/xiaolunwen/experiment3/checkpoints/worker_r2_latest.pt
[HIGH_ORDER_RESIDUAL] repeat=2 fold=8 epoch=10/149 train_bce=0.360941 val_bce=0.625922 best=N best_epoch=0 head_l2=0.011462 elapsed_sec=0.22
CHECKPOINT_LATEST repeat=2 scope=internal_cv fold=8 phase=high_order_residual epoch=20 path=/data/adodas/VarCoNet-V2-main/xiaolunwen/experiment3/checkpoints/worker_r2_latest.pt
[HIGH_ORDER_RESIDUAL] repeat=2 fold=8 epoch=20/149 train_bce=0.358912 val_bce=0.626706 best=N best_epoch=0 head_l2=0.022782 elapsed_sec=0.21
CHECKPOINT_LATEST repeat=2 scope=internal_cv fold=8 phase=high_order_residual epoch=30 path=/data/adodas/VarCoNet-V2-main/xiaolunwen/experiment3/checkpoints/worker_r2_latest.pt
[HIGH_ORDER_RESIDUAL] repeat=2 fold=8 epoch=30/149 train_bce=0.356934 val_bce=0.627445 best=N best_epoch=0 head_l2=0.033961 elapsed_sec=0.21
CHECKPOINT_LATEST repeat=2 scope=internal_cv fold=8 phase=high_order_residual epoch=40 path=/data/adodas/VarCoNet-V2-main/xiaolunwen/experiment3/checkpoints/worker_r2_latest.pt
[HIGH_ORDER_RESIDUAL] repeat=2 fold=8 epoch=40/149 train_bce=0.355006 val_bce=0.628152 best=N best_epoch=0 head_l2=0.044985 elapsed_sec=0.19
CHECKPOINT_LATEST repeat=2 scope=internal_cv fold=8 phase=high_order_residual epoch=50 path=/data/adodas/VarCoNet-V2-main/xiaolunwen/experiment3/checkpoints/worker_r2_latest.pt
[HIGH_ORDER_RESIDUAL] repeat=2 fold=8 epoch=50/149 train_bce=0.353127 val_bce=0.628836 best=N best_epoch=0 head_l2=0.055839 elapsed_sec=0.19
CHECKPOINT_LATEST repeat=2 scope=internal_cv fold=8 phase=high_order_residual epoch=60 path=/data/adodas/VarCoNet-V2-main/xiaolunwen/experiment3/checkpoints/worker_r2_latest.pt
[HIGH_ORDER_RESIDUAL] repeat=2 fold=8 epoch=60/149 train_bce=0.351294 val_bce=0.629501 best=N best_epoch=0 head_l2=0.066536 elapsed_sec=0.25
CHECKPOINT_LATEST repeat=2 scope=internal_cv fold=8 phase=high_order_residual epoch=70 path=/data/adodas/VarCoNet-V2-main/xiaolunwen/experiment3/checkpoints/worker_r2_latest.pt
[HIGH_ORDER_RESIDUAL] repeat=2 fold=8 epoch=70/149 train_bce=0.349505 val_bce=0.630153 best=N best_epoch=0 head_l2=0.077097 elapsed_sec=0.18
CHECKPOINT_LATEST repeat=2 scope=internal_cv fold=8 phase=high_order_residual epoch=80 path=/data/adodas/VarCoNet-V2-main/xiaolunwen/experiment3/checkpoints/worker_r2_latest.pt
[HIGH_ORDER_RESIDUAL] repeat=2 fold=8 epoch=80/149 train_bce=0.347757 val_bce=0.630795 best=N best_epoch=0 head_l2=0.087537 elapsed_sec=0.21
CHECKPOINT_LATEST repeat=2 scope=internal_cv fold=8 phase=high_order_residual epoch=90 path=/data/adodas/VarCoNet-V2-main/xiaolunwen/experiment3/checkpoints/worker_r2_latest.pt
[HIGH_ORDER_RESIDUAL] repeat=2 fold=8 epoch=90/149 train_bce=0.346049 val_bce=0.631426 best=N best_epoch=0 head_l2=0.097866 elapsed_sec=0.20
CHECKPOINT_LATEST repeat=2 scope=internal_cv fold=8 phase=high_order_residual epoch=100 path=/data/adodas/VarCoNet-V2-main/xiaolunwen/experiment3/checkpoints/worker_r2_latest.pt
[HIGH_ORDER_RESIDUAL] repeat=2 fold=8 epoch=100/149 train_bce=0.344377 val_bce=0.632043 best=N best_epoch=0 head_l2=0.108091 elapsed_sec=0.21
CHECKPOINT_LATEST repeat=2 scope=internal_cv fold=8 phase=high_order_residual epoch=110 path=/data/adodas/VarCoNet-V2-main/xiaolunwen/experiment3/checkpoints/worker_r2_latest.pt
[HIGH_ORDER_RESIDUAL] repeat=2 fold=8 epoch=110/149 train_bce=0.342740 val_bce=0.632648 best=N best_epoch=0 head_l2=0.118215 elapsed_sec=0.45
CHECKPOINT_LATEST repeat=2 scope=internal_cv fold=8 phase=high_order_residual epoch=120 path=/data/adodas/VarCoNet-V2-main/xiaolunwen/experiment3/checkpoints/worker_r2_latest.pt
[HIGH_ORDER_RESIDUAL] repeat=2 fold=8 epoch=120/149 train_bce=0.341137 val_bce=0.633243 best=N best_epoch=0 head_l2=0.128245 elapsed_sec=0.61
CHECKPOINT_LATEST repeat=2 scope=internal_cv fold=8 phase=high_order_residual epoch=130 path=/data/adodas/VarCoNet-V2-main/xiaolunwen/experiment3/checkpoints/worker_r2_latest.pt
[HIGH_ORDER_RESIDUAL] repeat=2 fold=8 epoch=130/149 train_bce=0.339566 val_bce=0.633831 best=N best_epoch=0 head_l2=0.138182 elapsed_sec=0.18
CHECKPOINT_LATEST repeat=2 scope=internal_cv fold=8 phase=high_order_residual epoch=140 path=/data/adodas/VarCoNet-V2-main/xiaolunwen/experiment3/checkpoints/worker_r2_latest.pt
[HIGH_ORDER_RESIDUAL] repeat=2 fold=8 epoch=140/149 train_bce=0.338026 val_bce=0.634412 best=N best_epoch=0 head_l2=0.148030 elapsed_sec=0.19
RESIDUAL_DONE repeat=2 scope=internal_cv fold=8 selected_encoder_epoch=27 selected_classifier_epoch=21 selected_residual_epoch=0 val_bce=0.625140
TASK_TRAINING_DONE repeat=2 scope=internal_cv fold=8 base_epoch=27 dyn_epoch=27 base_val_bce=0.625140 high_order_val_bce=0.625140
TASK_DONE repeat=2 scope=internal_fold fold=8 method=baseline selected_encoder_epoch=27 test_auc=0.701090 test_bce=0.620670 elapsed_min=3.0
TASK_DONE repeat=2 scope=internal_fold fold=8 method=consensus_highorder_residual selected_encoder_epoch=27 test_auc=0.701090 test_bce=0.620670 elapsed_min=3.0
TASK_START repeat=2 scope=internal_cv fold=9 seed=100209 device=cuda:0 shared_encoder=Y
CHECKPOINT_BEST repeat=2 scope=internal_cv fold=9 phase=ssl epoch=1 path=/data/adodas/VarCoNet-V2-main/xiaolunwen/experiment3/checkpoints/worker_r2_best.pt
[repeat=2 fold=9] [epoch=1/50] ssl_loss=0.112322 lr=0.00002411 base_val_bce=0.642015 base_best=Y base_cls_epoch=17 epoch_sec=4.2 task_elapsed_min=0.1 gpu_alloc_gb=0.272 gpu_reserved_gb=1.539
[ssl_epoch=1/50] ssl_loss=0.112322 lr=0.00002411 base_val_bce=0.642015 base_best=Y base_cls_epoch=17 epoch_sec=4.2 elapsed_min=0.1 gpu_alloc_gb=0.272 gpu_reserved_gb=1.539
CHECKPOINT_BEST repeat=2 scope=internal_cv fold=9 phase=ssl epoch=2 path=/data/adodas/VarCoNet-V2-main/xiaolunwen/experiment3/checkpoints/worker_r2_best.pt
[repeat=2 fold=9] [epoch=2/50] ssl_loss=0.096091 lr=0.00003821 base_val_bce=0.634796 base_best=Y base_cls_epoch=15 epoch_sec=4.2 task_elapsed_min=0.1 gpu_alloc_gb=0.272 gpu_reserved_gb=1.539
[ssl_epoch=2/50] ssl_loss=0.096091 lr=0.00003821 base_val_bce=0.634796 base_best=Y base_cls_epoch=15 epoch_sec=4.2 elapsed_min=0.1 gpu_alloc_gb=0.272 gpu_reserved_gb=1.539
[repeat=2 fold=9] [epoch=3/50] ssl_loss=0.102598 lr=0.00005232 base_val_bce=0.640999 base_best=N base_cls_epoch=17 epoch_sec=3.8 task_elapsed_min=0.2 gpu_alloc_gb=0.272 gpu_reserved_gb=1.539
[ssl_epoch=3/50] ssl_loss=0.102598 lr=0.00005232 base_val_bce=0.640999 base_best=N base_cls_epoch=17 epoch_sec=3.8 elapsed_min=0.2 gpu_alloc_gb=0.272 gpu_reserved_gb=1.539
[repeat=2 fold=9] [epoch=4/50] ssl_loss=0.077052 lr=0.00006643 base_val_bce=0.641554 base_best=N base_cls_epoch=15 epoch_sec=3.8 task_elapsed_min=0.3 gpu_alloc_gb=0.272 gpu_reserved_gb=1.539
[ssl_epoch=4/50] ssl_loss=0.077052 lr=0.00006643 base_val_bce=0.641554 base_best=N base_cls_epoch=15 epoch_sec=3.8 elapsed_min=0.3 gpu_alloc_gb=0.272 gpu_reserved_gb=1.539
[repeat=2 fold=9] [epoch=5/50] ssl_loss=0.078943 lr=0.00008053 base_val_bce=0.660558 base_best=N base_cls_epoch=17 epoch_sec=3.8 task_elapsed_min=0.3 gpu_alloc_gb=0.272 gpu_reserved_gb=1.539
[ssl_epoch=5/50] ssl_loss=0.078943 lr=0.00008053 base_val_bce=0.660558 base_best=N base_cls_epoch=17 epoch_sec=3.8 elapsed_min=0.3 gpu_alloc_gb=0.272 gpu_reserved_gb=1.539
[repeat=2 fold=9] [epoch=6/50] ssl_loss=0.071209 lr=0.00009464 base_val_bce=0.648197 base_best=N base_cls_epoch=16 epoch_sec=3.8 task_elapsed_min=0.4 gpu_alloc_gb=0.272 gpu_reserved_gb=1.539
[ssl_epoch=6/50] ssl_loss=0.071209 lr=0.00009464 base_val_bce=0.648197 base_best=N base_cls_epoch=16 epoch_sec=3.9 elapsed_min=0.4 gpu_alloc_gb=0.272 gpu_reserved_gb=1.539
[repeat=2 fold=9] [epoch=7/50] ssl_loss=0.079716 lr=0.00010875 base_val_bce=0.646722 base_best=N base_cls_epoch=17 epoch_sec=3.8 task_elapsed_min=0.5 gpu_alloc_gb=0.272 gpu_reserved_gb=1.539
[ssl_epoch=7/50] ssl_loss=0.079716 lr=0.00010875 base_val_bce=0.646722 base_best=N base_cls_epoch=17 epoch_sec=3.8 elapsed_min=0.5 gpu_alloc_gb=0.272 gpu_reserved_gb=1.539
[repeat=2 fold=9] [epoch=8/50] ssl_loss=0.059450 lr=0.00012285 base_val_bce=0.650246 base_best=N base_cls_epoch=20 epoch_sec=3.7 task_elapsed_min=0.5 gpu_alloc_gb=0.272 gpu_reserved_gb=1.539
[ssl_epoch=8/50] ssl_loss=0.059450 lr=0.00012285 base_val_bce=0.650246 base_best=N base_cls_epoch=20 epoch_sec=3.8 elapsed_min=0.5 gpu_alloc_gb=0.272 gpu_reserved_gb=1.539
[repeat=2 fold=9] [epoch=9/50] ssl_loss=0.061118 lr=0.00013696 base_val_bce=0.653510 base_best=N base_cls_epoch=20 epoch_sec=3.6 task_elapsed_min=0.6 gpu_alloc_gb=0.272 gpu_reserved_gb=1.539
[ssl_epoch=9/50] ssl_loss=0.061118 lr=0.00013696 base_val_bce=0.653510 base_best=N base_cls_epoch=20 epoch_sec=3.6 elapsed_min=0.6 gpu_alloc_gb=0.272 gpu_reserved_gb=1.539
CHECKPOINT_LATEST repeat=2 scope=internal_cv fold=9 phase=ssl epoch=10 path=/data/adodas/VarCoNet-V2-main/xiaolunwen/experiment3/checkpoints/worker_r2_latest.pt
[repeat=2 fold=9] [epoch=10/50] ssl_loss=0.058915 lr=0.00013696 base_val_bce=0.653898 base_best=N base_cls_epoch=18 epoch_sec=4.1 task_elapsed_min=0.6 gpu_alloc_gb=0.272 gpu_reserved_gb=1.539
[ssl_epoch=10/50] ssl_loss=0.058915 lr=0.00013696 base_val_bce=0.653898 base_best=N base_cls_epoch=18 epoch_sec=4.1 elapsed_min=0.6 gpu_alloc_gb=0.272 gpu_reserved_gb=1.539
[repeat=2 fold=9] [epoch=11/50] ssl_loss=0.057569 lr=0.00013675 base_val_bce=0.649354 base_best=N base_cls_epoch=20 epoch_sec=3.7 task_elapsed_min=0.7 gpu_alloc_gb=0.272 gpu_reserved_gb=1.539
[ssl_epoch=11/50] ssl_loss=0.057569 lr=0.00013675 base_val_bce=0.649354 base_best=N base_cls_epoch=20 epoch_sec=3.9 elapsed_min=0.7 gpu_alloc_gb=0.272 gpu_reserved_gb=1.539
[repeat=2 fold=9] [epoch=12/50] ssl_loss=0.043582 lr=0.00013612 base_val_bce=0.650464 base_best=N base_cls_epoch=22 epoch_sec=3.6 task_elapsed_min=0.8 gpu_alloc_gb=0.272 gpu_reserved_gb=1.539
[ssl_epoch=12/50] ssl_loss=0.043582 lr=0.00013612 base_val_bce=0.650464 base_best=N base_cls_epoch=22 epoch_sec=3.7 elapsed_min=0.8 gpu_alloc_gb=0.272 gpu_reserved_gb=1.539
[repeat=2 fold=9] [epoch=13/50] ssl_loss=0.046284 lr=0.00013507 base_val_bce=0.648166 base_best=N base_cls_epoch=20 epoch_sec=3.9 task_elapsed_min=0.8 gpu_alloc_gb=0.272 gpu_reserved_gb=1.539
[ssl_epoch=13/50] ssl_loss=0.046284 lr=0.00013507 base_val_bce=0.648166 base_best=N base_cls_epoch=20 epoch_sec=3.9 elapsed_min=0.8 gpu_alloc_gb=0.272 gpu_reserved_gb=1.539
[repeat=2 fold=9] [epoch=14/50] ssl_loss=0.047991 lr=0.00013361 base_val_bce=0.645689 base_best=N base_cls_epoch=22 epoch_sec=3.7 task_elapsed_min=0.9 gpu_alloc_gb=0.272 gpu_reserved_gb=1.539
[ssl_epoch=14/50] ssl_loss=0.047991 lr=0.00013361 base_val_bce=0.645689 base_best=N base_cls_epoch=22 epoch_sec=3.7 elapsed_min=0.9 gpu_alloc_gb=0.272 gpu_reserved_gb=1.539
[repeat=2 fold=9] [epoch=15/50] ssl_loss=0.038674 lr=0.00013175 base_val_bce=0.643824 base_best=N base_cls_epoch=20 epoch_sec=3.8 task_elapsed_min=1.0 gpu_alloc_gb=0.272 gpu_reserved_gb=1.539
[ssl_epoch=15/50] ssl_loss=0.038674 lr=0.00013175 base_val_bce=0.643824 base_best=N base_cls_epoch=20 epoch_sec=3.8 elapsed_min=1.0 gpu_alloc_gb=0.272 gpu_reserved_gb=1.539
[repeat=2 fold=9] [epoch=16/50] ssl_loss=0.056591 lr=0.00012950 base_val_bce=0.655485 base_best=N base_cls_epoch=21 epoch_sec=3.8 task_elapsed_min=1.0 gpu_alloc_gb=0.272 gpu_reserved_gb=1.539
[ssl_epoch=16/50] ssl_loss=0.056591 lr=0.00012950 base_val_bce=0.655485 base_best=N base_cls_epoch=21 epoch_sec=3.8 elapsed_min=1.0 gpu_alloc_gb=0.272 gpu_reserved_gb=1.539
[repeat=2 fold=9] [epoch=17/50] ssl_loss=0.050081 lr=0.00012687 base_val_bce=0.650043 base_best=N base_cls_epoch=19 epoch_sec=3.7 task_elapsed_min=1.1 gpu_alloc_gb=0.272 gpu_reserved_gb=1.539
[ssl_epoch=17/50] ssl_loss=0.050081 lr=0.00012687 base_val_bce=0.650043 base_best=N base_cls_epoch=19 epoch_sec=3.7 elapsed_min=1.1 gpu_alloc_gb=0.272 gpu_reserved_gb=1.539
[repeat=2 fold=9] [epoch=18/50] ssl_loss=0.053777 lr=0.00012388 base_val_bce=0.646960 base_best=N base_cls_epoch=21 epoch_sec=3.6 task_elapsed_min=1.2 gpu_alloc_gb=0.272 gpu_reserved_gb=1.539
[ssl_epoch=18/50] ssl_loss=0.053777 lr=0.00012388 base_val_bce=0.646960 base_best=N base_cls_epoch=21 epoch_sec=3.6 elapsed_min=1.2 gpu_alloc_gb=0.272 gpu_reserved_gb=1.539
[repeat=2 fold=9] [epoch=19/50] ssl_loss=0.054956 lr=0.00012055 base_val_bce=0.651649 base_best=N base_cls_epoch=25 epoch_sec=3.3 task_elapsed_min=1.2 gpu_alloc_gb=0.272 gpu_reserved_gb=1.539
[ssl_epoch=19/50] ssl_loss=0.054956 lr=0.00012055 base_val_bce=0.651649 base_best=N base_cls_epoch=25 epoch_sec=3.5 elapsed_min=1.2 gpu_alloc_gb=0.272 gpu_reserved_gb=1.539
CHECKPOINT_LATEST repeat=2 scope=internal_cv fold=9 phase=ssl epoch=20 path=/data/adodas/VarCoNet-V2-main/xiaolunwen/experiment3/checkpoints/worker_r2_latest.pt
[repeat=2 fold=9] [epoch=20/50] ssl_loss=0.041979 lr=0.00011690 base_val_bce=0.654108 base_best=N base_cls_epoch=22 epoch_sec=4.3 task_elapsed_min=1.3 gpu_alloc_gb=0.272 gpu_reserved_gb=1.539
[ssl_epoch=20/50] ssl_loss=0.041979 lr=0.00011690 base_val_bce=0.654108 base_best=N base_cls_epoch=22 epoch_sec=4.3 elapsed_min=1.3 gpu_alloc_gb=0.272 gpu_reserved_gb=1.539
[repeat=2 fold=9] [epoch=21/50] ssl_loss=0.038177 lr=0.00011296 base_val_bce=0.644672 base_best=N base_cls_epoch=22 epoch_sec=3.9 task_elapsed_min=1.3 gpu_alloc_gb=0.272 gpu_reserved_gb=1.539
[ssl_epoch=21/50] ssl_loss=0.038177 lr=0.00011296 base_val_bce=0.644672 base_best=N base_cls_epoch=22 epoch_sec=3.9 elapsed_min=1.3 gpu_alloc_gb=0.272 gpu_reserved_gb=1.539
[repeat=2 fold=9] [epoch=22/50] ssl_loss=0.047365 lr=0.00010873 base_val_bce=0.654089 base_best=N base_cls_epoch=23 epoch_sec=3.6 task_elapsed_min=1.4 gpu_alloc_gb=0.272 gpu_reserved_gb=1.539
[ssl_epoch=22/50] ssl_loss=0.047365 lr=0.00010873 base_val_bce=0.654089 base_best=N base_cls_epoch=23 epoch_sec=3.6 elapsed_min=1.4 gpu_alloc_gb=0.272 gpu_reserved_gb=1.539
[repeat=2 fold=9] [epoch=23/50] ssl_loss=0.047674 lr=0.00010426 base_val_bce=0.645014 base_best=N base_cls_epoch=22 epoch_sec=3.8 task_elapsed_min=1.5 gpu_alloc_gb=0.272 gpu_reserved_gb=1.539
[ssl_epoch=23/50] ssl_loss=0.047674 lr=0.00010426 base_val_bce=0.645014 base_best=N base_cls_epoch=22 epoch_sec=3.8 elapsed_min=1.5 gpu_alloc_gb=0.272 gpu_reserved_gb=1.539
[repeat=2 fold=9] [epoch=24/50] ssl_loss=0.040534 lr=0.00009957 base_val_bce=0.652294 base_best=N base_cls_epoch=19 epoch_sec=3.8 task_elapsed_min=1.5 gpu_alloc_gb=0.272 gpu_reserved_gb=1.539
[ssl_epoch=24/50] ssl_loss=0.040534 lr=0.00009957 base_val_bce=0.652294 base_best=N base_cls_epoch=19 epoch_sec=3.8 elapsed_min=1.5 gpu_alloc_gb=0.272 gpu_reserved_gb=1.539
[repeat=2 fold=9] [epoch=25/50] ssl_loss=0.045353 lr=0.00009469 base_val_bce=0.659285 base_best=N base_cls_epoch=21 epoch_sec=3.8 task_elapsed_min=1.6 gpu_alloc_gb=0.272 gpu_reserved_gb=1.539
[ssl_epoch=25/50] ssl_loss=0.045353 lr=0.00009469 base_val_bce=0.659285 base_best=N base_cls_epoch=21 epoch_sec=3.8 elapsed_min=1.6 gpu_alloc_gb=0.272 gpu_reserved_gb=1.539
[repeat=2 fold=9] [epoch=26/50] ssl_loss=0.037573 lr=0.00008964 base_val_bce=0.658698 base_best=N base_cls_epoch=18 epoch_sec=3.8 task_elapsed_min=1.7 gpu_alloc_gb=0.272 gpu_reserved_gb=1.539
[ssl_epoch=26/50] ssl_loss=0.037573 lr=0.00008964 base_val_bce=0.658698 base_best=N base_cls_epoch=18 epoch_sec=3.8 elapsed_min=1.7 gpu_alloc_gb=0.272 gpu_reserved_gb=1.539
[repeat=2 fold=9] [epoch=27/50] ssl_loss=0.048052 lr=0.00008447 base_val_bce=0.649771 base_best=N base_cls_epoch=21 epoch_sec=5.6 task_elapsed_min=1.8 gpu_alloc_gb=0.272 gpu_reserved_gb=1.539
[ssl_epoch=27/50] ssl_loss=0.048052 lr=0.00008447 base_val_bce=0.649771 base_best=N base_cls_epoch=21 epoch_sec=5.9 elapsed_min=1.8 gpu_alloc_gb=0.272 gpu_reserved_gb=1.539
[repeat=2 fold=9] [epoch=28/50] ssl_loss=0.042422 lr=0.00007919 base_val_bce=0.653252 base_best=N base_cls_epoch=19 epoch_sec=3.6 task_elapsed_min=1.8 gpu_alloc_gb=0.272 gpu_reserved_gb=1.539
[ssl_epoch=28/50] ssl_loss=0.042422 lr=0.00007919 base_val_bce=0.653252 base_best=N base_cls_epoch=19 epoch_sec=3.7 elapsed_min=1.8 gpu_alloc_gb=0.272 gpu_reserved_gb=1.539
[repeat=2 fold=9] [epoch=29/50] ssl_loss=0.031106 lr=0.00007385 base_val_bce=0.647631 base_best=N base_cls_epoch=28 epoch_sec=3.7 task_elapsed_min=1.9 gpu_alloc_gb=0.272 gpu_reserved_gb=1.539
[ssl_epoch=29/50] ssl_loss=0.031106 lr=0.00007385 base_val_bce=0.647631 base_best=N base_cls_epoch=28 epoch_sec=3.7 elapsed_min=1.9 gpu_alloc_gb=0.272 gpu_reserved_gb=1.539
CHECKPOINT_BEST repeat=2 scope=internal_cv fold=9 phase=ssl epoch=30 path=/data/adodas/VarCoNet-V2-main/xiaolunwen/experiment3/checkpoints/worker_r2_best.pt
CHECKPOINT_LATEST repeat=2 scope=internal_cv fold=9 phase=ssl epoch=30 path=/data/adodas/VarCoNet-V2-main/xiaolunwen/experiment3/checkpoints/worker_r2_latest.pt
[repeat=2 fold=9] [epoch=30/50] ssl_loss=0.035438 lr=0.00006848 base_val_bce=0.632092 base_best=Y base_cls_epoch=19 epoch_sec=13.7 task_elapsed_min=1.9 gpu_alloc_gb=0.272 gpu_reserved_gb=1.539
[ssl_epoch=30/50] ssl_loss=0.035438 lr=0.00006848 base_val_bce=0.632092 base_best=Y base_cls_epoch=19 epoch_sec=14.2 elapsed_min=1.9 gpu_alloc_gb=0.272 gpu_reserved_gb=1.539
[repeat=2 fold=9] [epoch=31/50] ssl_loss=0.046313 lr=0.00006311 base_val_bce=0.640940 base_best=N base_cls_epoch=21 epoch_sec=3.0 task_elapsed_min=2.2 gpu_alloc_gb=0.272 gpu_reserved_gb=1.539
[ssl_epoch=31/50] ssl_loss=0.046313 lr=0.00006311 base_val_bce=0.640940 base_best=N base_cls_epoch=21 epoch_sec=3.0 elapsed_min=2.2 gpu_alloc_gb=0.272 gpu_reserved_gb=1.539
[repeat=2 fold=9] [epoch=32/50] ssl_loss=0.032414 lr=0.00005777 base_val_bce=0.656130 base_best=N base_cls_epoch=17 epoch_sec=2.7 task_elapsed_min=2.2 gpu_alloc_gb=0.272 gpu_reserved_gb=1.539
[ssl_epoch=32/50] ssl_loss=0.032414 lr=0.00005777 base_val_bce=0.656130 base_best=N base_cls_epoch=17 epoch_sec=2.7 elapsed_min=2.2 gpu_alloc_gb=0.272 gpu_reserved_gb=1.539
[repeat=2 fold=9] [epoch=33/50] ssl_loss=0.041127 lr=0.00005249 base_val_bce=0.648438 base_best=N base_cls_epoch=17 epoch_sec=2.7 task_elapsed_min=2.3 gpu_alloc_gb=0.272 gpu_reserved_gb=1.539
[ssl_epoch=33/50] ssl_loss=0.041127 lr=0.00005249 base_val_bce=0.648438 base_best=N base_cls_epoch=17 epoch_sec=2.8 elapsed_min=2.3 gpu_alloc_gb=0.272 gpu_reserved_gb=1.539
[repeat=2 fold=9] [epoch=34/50] ssl_loss=0.037669 lr=0.00004732 base_val_bce=0.648682 base_best=N base_cls_epoch=22 epoch_sec=2.8 task_elapsed_min=2.3 gpu_alloc_gb=0.272 gpu_reserved_gb=1.539
[ssl_epoch=34/50] ssl_loss=0.037669 lr=0.00004732 base_val_bce=0.648682 base_best=N base_cls_epoch=22 epoch_sec=2.8 elapsed_min=2.3 gpu_alloc_gb=0.272 gpu_reserved_gb=1.539
[repeat=2 fold=9] [epoch=35/50] ssl_loss=0.030930 lr=0.00004227 base_val_bce=0.643305 base_best=N base_cls_epoch=17 epoch_sec=2.7 task_elapsed_min=2.4 gpu_alloc_gb=0.272 gpu_reserved_gb=1.539
[ssl_epoch=35/50] ssl_loss=0.030930 lr=0.00004227 base_val_bce=0.643305 base_best=N base_cls_epoch=17 epoch_sec=3.9 elapsed_min=2.4 gpu_alloc_gb=0.272 gpu_reserved_gb=1.539
[repeat=2 fold=9] [epoch=36/50] ssl_loss=0.038242 lr=0.00003739 base_val_bce=0.654482 base_best=N base_cls_epoch=19 epoch_sec=2.6 task_elapsed_min=2.4 gpu_alloc_gb=0.272 gpu_reserved_gb=1.539
[ssl_epoch=36/50] ssl_loss=0.038242 lr=0.00003739 base_val_bce=0.654482 base_best=N base_cls_epoch=19 epoch_sec=2.7 elapsed_min=2.4 gpu_alloc_gb=0.272 gpu_reserved_gb=1.539
[repeat=2 fold=9] [epoch=37/50] ssl_loss=0.043255 lr=0.00003270 base_val_bce=0.655389 base_best=N base_cls_epoch=18 epoch_sec=2.8 task_elapsed_min=2.5 gpu_alloc_gb=0.272 gpu_reserved_gb=1.539
[ssl_epoch=37/50] ssl_loss=0.043255 lr=0.00003270 base_val_bce=0.655389 base_best=N base_cls_epoch=18 epoch_sec=4.1 elapsed_min=2.5 gpu_alloc_gb=0.272 gpu_reserved_gb=1.539
[repeat=2 fold=9] [epoch=38/50] ssl_loss=0.042915 lr=0.00002823 base_val_bce=0.654968 base_best=N base_cls_epoch=19 epoch_sec=3.0 task_elapsed_min=2.6 gpu_alloc_gb=0.272 gpu_reserved_gb=1.539
[ssl_epoch=38/50] ssl_loss=0.042915 lr=0.00002823 base_val_bce=0.654968 base_best=N base_cls_epoch=19 epoch_sec=3.4 elapsed_min=2.6 gpu_alloc_gb=0.272 gpu_reserved_gb=1.539
[repeat=2 fold=9] [epoch=39/50] ssl_loss=0.039213 lr=0.00002401 base_val_bce=0.656889 base_best=N base_cls_epoch=20 epoch_sec=3.3 task_elapsed_min=2.6 gpu_alloc_gb=0.272 gpu_reserved_gb=1.539
[ssl_epoch=39/50] ssl_loss=0.039213 lr=0.00002401 base_val_bce=0.656889 base_best=N base_cls_epoch=20 epoch_sec=3.5 elapsed_min=2.6 gpu_alloc_gb=0.272 gpu_reserved_gb=1.539
CHECKPOINT_LATEST repeat=2 scope=internal_cv fold=9 phase=ssl epoch=40 path=/data/adodas/VarCoNet-V2-main/xiaolunwen/experiment3/checkpoints/worker_r2_latest.pt
[repeat=2 fold=9] [epoch=40/50] ssl_loss=0.044234 lr=0.00002006 base_val_bce=0.651429 base_best=N base_cls_epoch=18 epoch_sec=7.3 task_elapsed_min=2.7 gpu_alloc_gb=0.272 gpu_reserved_gb=1.539
[ssl_epoch=40/50] ssl_loss=0.044234 lr=0.00002006 base_val_bce=0.651429 base_best=N base_cls_epoch=18 epoch_sec=7.3 elapsed_min=2.7 gpu_alloc_gb=0.272 gpu_reserved_gb=1.539
[repeat=2 fold=9] [epoch=41/50] ssl_loss=0.031549 lr=0.00001641 base_val_bce=0.646050 base_best=N base_cls_epoch=19 epoch_sec=2.6 task_elapsed_min=2.8 gpu_alloc_gb=0.272 gpu_reserved_gb=1.539
[ssl_epoch=41/50] ssl_loss=0.031549 lr=0.00001641 base_val_bce=0.646050 base_best=N base_cls_epoch=19 epoch_sec=4.5 elapsed_min=2.8 gpu_alloc_gb=0.272 gpu_reserved_gb=1.539
[repeat=2 fold=9] [epoch=42/50] ssl_loss=0.036980 lr=0.00001308 base_val_bce=0.651637 base_best=N base_cls_epoch=20 epoch_sec=2.6 task_elapsed_min=2.9 gpu_alloc_gb=0.272 gpu_reserved_gb=1.539
[ssl_epoch=42/50] ssl_loss=0.036980 lr=0.00001308 base_val_bce=0.651637 base_best=N base_cls_epoch=20 epoch_sec=3.9 elapsed_min=2.9 gpu_alloc_gb=0.272 gpu_reserved_gb=1.539
[repeat=2 fold=9] [epoch=43/50] ssl_loss=0.038591 lr=0.00001009 base_val_bce=0.645477 base_best=N base_cls_epoch=19 epoch_sec=2.6 task_elapsed_min=2.9 gpu_alloc_gb=0.272 gpu_reserved_gb=1.539
[ssl_epoch=43/50] ssl_loss=0.038591 lr=0.00001009 base_val_bce=0.645477 base_best=N base_cls_epoch=19 epoch_sec=2.8 elapsed_min=2.9 gpu_alloc_gb=0.272 gpu_reserved_gb=1.539
[repeat=2 fold=9] [epoch=44/50] ssl_loss=0.037046 lr=0.00000746 base_val_bce=0.657303 base_best=N base_cls_epoch=20 epoch_sec=3.2 task_elapsed_min=3.0 gpu_alloc_gb=0.272 gpu_reserved_gb=1.539
[ssl_epoch=44/50] ssl_loss=0.037046 lr=0.00000746 base_val_bce=0.657303 base_best=N base_cls_epoch=20 epoch_sec=3.3 elapsed_min=3.0 gpu_alloc_gb=0.272 gpu_reserved_gb=1.539
[repeat=2 fold=9] [epoch=45/50] ssl_loss=0.035498 lr=0.00000521 base_val_bce=0.654922 base_best=N base_cls_epoch=16 epoch_sec=2.3 task_elapsed_min=3.0 gpu_alloc_gb=0.272 gpu_reserved_gb=1.539
[ssl_epoch=45/50] ssl_loss=0.035498 lr=0.00000521 base_val_bce=0.654922 base_best=N base_cls_epoch=16 epoch_sec=2.3 elapsed_min=3.0 gpu_alloc_gb=0.272 gpu_reserved_gb=1.539
[repeat=2 fold=9] [epoch=46/50] ssl_loss=0.033442 lr=0.00000335 base_val_bce=0.648933 base_best=N base_cls_epoch=20 epoch_sec=2.6 task_elapsed_min=3.1 gpu_alloc_gb=0.272 gpu_reserved_gb=1.539
[ssl_epoch=46/50] ssl_loss=0.033442 lr=0.00000335 base_val_bce=0.648933 base_best=N base_cls_epoch=20 epoch_sec=2.8 elapsed_min=3.1 gpu_alloc_gb=0.272 gpu_reserved_gb=1.539
[repeat=2 fold=9] [epoch=47/50] ssl_loss=0.032103 lr=0.00000189 base_val_bce=0.658968 base_best=N base_cls_epoch=21 epoch_sec=3.0 task_elapsed_min=3.1 gpu_alloc_gb=0.272 gpu_reserved_gb=1.539
[ssl_epoch=47/50] ssl_loss=0.032103 lr=0.00000189 base_val_bce=0.658968 base_best=N base_cls_epoch=21 epoch_sec=3.1 elapsed_min=3.1 gpu_alloc_gb=0.272 gpu_reserved_gb=1.539
[repeat=2 fold=9] [epoch=48/50] ssl_loss=0.048127 lr=0.00000084 base_val_bce=0.655609 base_best=N base_cls_epoch=17 epoch_sec=2.9 task_elapsed_min=3.2 gpu_alloc_gb=0.272 gpu_reserved_gb=1.539
[ssl_epoch=48/50] ssl_loss=0.048127 lr=0.00000084 base_val_bce=0.655609 base_best=N base_cls_epoch=17 epoch_sec=3.0 elapsed_min=3.2 gpu_alloc_gb=0.272 gpu_reserved_gb=1.539
[repeat=2 fold=9] [epoch=49/50] ssl_loss=0.041172 lr=0.00000021 base_val_bce=0.646792 base_best=N base_cls_epoch=21 epoch_sec=2.9 task_elapsed_min=3.2 gpu_alloc_gb=0.272 gpu_reserved_gb=1.539
[ssl_epoch=49/50] ssl_loss=0.041172 lr=0.00000021 base_val_bce=0.646792 base_best=N base_cls_epoch=21 epoch_sec=2.9 elapsed_min=3.2 gpu_alloc_gb=0.272 gpu_reserved_gb=1.539
CHECKPOINT_LATEST repeat=2 scope=internal_cv fold=9 phase=ssl epoch=50 path=/data/adodas/VarCoNet-V2-main/xiaolunwen/experiment3/checkpoints/worker_r2_latest.pt
[repeat=2 fold=9] [epoch=50/50] ssl_loss=0.037912 lr=0.00000000 base_val_bce=0.649341 base_best=N base_cls_epoch=19 epoch_sec=7.1 task_elapsed_min=3.3 gpu_alloc_gb=0.272 gpu_reserved_gb=1.539
[ssl_epoch=50/50] ssl_loss=0.037912 lr=0.00000000 base_val_bce=0.649341 base_best=N base_cls_epoch=19 epoch_sec=7.1 elapsed_min=3.3 gpu_alloc_gb=0.272 gpu_reserved_gb=1.539
[MODULE_DISCOVERY] repeat=2 fold=9 n_unique_subjects=674 n_modules=32 module_size_min=4 module_size_mean=12.000 module_size_max=22 singleton_modules=0 meta_dim=528 empty_meta_bins=0 affinity_mean=0.16497245 affinity_std=0.04300019 affinity_max=0.83375084 elapsed_sec=0.82
[HIGH_ORDER_RESIDUAL] repeat=2 fold=9 epoch=0 train_bce=NA val_bce=0.632092 best=Y best_epoch=0 head_l2=0.000000 elapsed_sec=202.48
CHECKPOINT_BEST repeat=2 scope=internal_cv fold=9 phase=high_order_residual epoch=0 path=/data/adodas/VarCoNet-V2-main/xiaolunwen/experiment3/checkpoints/worker_r2_best.pt
CHECKPOINT_LATEST repeat=2 scope=internal_cv fold=9 phase=high_order_residual epoch=10 path=/data/adodas/VarCoNet-V2-main/xiaolunwen/experiment3/checkpoints/worker_r2_latest.pt
[HIGH_ORDER_RESIDUAL] repeat=2 fold=9 epoch=10/149 train_bce=0.380167 val_bce=0.632188 best=N best_epoch=0 head_l2=0.011443 elapsed_sec=2.05
CHECKPOINT_LATEST repeat=2 scope=internal_cv fold=9 phase=high_order_residual epoch=20 path=/data/adodas/VarCoNet-V2-main/xiaolunwen/experiment3/checkpoints/worker_r2_latest.pt
[HIGH_ORDER_RESIDUAL] repeat=2 fold=9 epoch=20/149 train_bce=0.377941 val_bce=0.632334 best=N best_epoch=0 head_l2=0.022690 elapsed_sec=2.31
CHECKPOINT_LATEST repeat=2 scope=internal_cv fold=9 phase=high_order_residual epoch=30 path=/data/adodas/VarCoNet-V2-main/xiaolunwen/experiment3/checkpoints/worker_r2_latest.pt
[HIGH_ORDER_RESIDUAL] repeat=2 fold=9 epoch=30/149 train_bce=0.375777 val_bce=0.632535 best=N best_epoch=0 head_l2=0.033723 elapsed_sec=1.93
CHECKPOINT_LATEST repeat=2 scope=internal_cv fold=9 phase=high_order_residual epoch=40 path=/data/adodas/VarCoNet-V2-main/xiaolunwen/experiment3/checkpoints/worker_r2_latest.pt
[HIGH_ORDER_RESIDUAL] repeat=2 fold=9 epoch=40/149 train_bce=0.373673 val_bce=0.632751 best=N best_epoch=0 head_l2=0.044572 elapsed_sec=2.08
CHECKPOINT_LATEST repeat=2 scope=internal_cv fold=9 phase=high_order_residual epoch=50 path=/data/adodas/VarCoNet-V2-main/xiaolunwen/experiment3/checkpoints/worker_r2_latest.pt
[HIGH_ORDER_RESIDUAL] repeat=2 fold=9 epoch=50/149 train_bce=0.371625 val_bce=0.632944 best=N best_epoch=0 head_l2=0.055256 elapsed_sec=1.28
CHECKPOINT_LATEST repeat=2 scope=internal_cv fold=9 phase=high_order_residual epoch=60 path=/data/adodas/VarCoNet-V2-main/xiaolunwen/experiment3/checkpoints/worker_r2_latest.pt
[HIGH_ORDER_RESIDUAL] repeat=2 fold=9 epoch=60/149 train_bce=0.369629 val_bce=0.633093 best=N best_epoch=0 head_l2=0.065793 elapsed_sec=2.94
CHECKPOINT_LATEST repeat=2 scope=internal_cv fold=9 phase=high_order_residual epoch=70 path=/data/adodas/VarCoNet-V2-main/xiaolunwen/experiment3/checkpoints/worker_r2_latest.pt
[HIGH_ORDER_RESIDUAL] repeat=2 fold=9 epoch=70/149 train_bce=0.367684 val_bce=0.633200 best=N best_epoch=0 head_l2=0.076195 elapsed_sec=1.88
CHECKPOINT_LATEST repeat=2 scope=internal_cv fold=9 phase=high_order_residual epoch=80 path=/data/adodas/VarCoNet-V2-main/xiaolunwen/experiment3/checkpoints/worker_r2_latest.pt
[HIGH_ORDER_RESIDUAL] repeat=2 fold=9 epoch=80/149 train_bce=0.365784 val_bce=0.633272 best=N best_epoch=0 head_l2=0.086474 elapsed_sec=2.72
CHECKPOINT_LATEST repeat=2 scope=internal_cv fold=9 phase=high_order_residual epoch=90 path=/data/adodas/VarCoNet-V2-main/xiaolunwen/experiment3/checkpoints/worker_r2_latest.pt
[HIGH_ORDER_RESIDUAL] repeat=2 fold=9 epoch=90/149 train_bce=0.363929 val_bce=0.633318 best=N best_epoch=0 head_l2=0.096635 elapsed_sec=2.02
CHECKPOINT_LATEST repeat=2 scope=internal_cv fold=9 phase=high_order_residual epoch=100 path=/data/adodas/VarCoNet-V2-main/xiaolunwen/experiment3/checkpoints/worker_r2_latest.pt
[HIGH_ORDER_RESIDUAL] repeat=2 fold=9 epoch=100/149 train_bce=0.362115 val_bce=0.633346 best=N best_epoch=0 head_l2=0.106687 elapsed_sec=1.30
CHECKPOINT_LATEST repeat=2 scope=internal_cv fold=9 phase=high_order_residual epoch=110 path=/data/adodas/VarCoNet-V2-main/xiaolunwen/experiment3/checkpoints/worker_r2_latest.pt
[HIGH_ORDER_RESIDUAL] repeat=2 fold=9 epoch=110/149 train_bce=0.360341 val_bce=0.633360 best=N best_epoch=0 head_l2=0.116636 elapsed_sec=1.00
CHECKPOINT_LATEST repeat=2 scope=internal_cv fold=9 phase=high_order_residual epoch=120 path=/data/adodas/VarCoNet-V2-main/xiaolunwen/experiment3/checkpoints/worker_r2_latest.pt
[HIGH_ORDER_RESIDUAL] repeat=2 fold=9 epoch=120/149 train_bce=0.358604 val_bce=0.633365 best=N best_epoch=0 head_l2=0.126489 elapsed_sec=2.61
CHECKPOINT_LATEST repeat=2 scope=internal_cv fold=9 phase=high_order_residual epoch=130 path=/data/adodas/VarCoNet-V2-main/xiaolunwen/experiment3/checkpoints/worker_r2_latest.pt
[HIGH_ORDER_RESIDUAL] repeat=2 fold=9 epoch=130/149 train_bce=0.356902 val_bce=0.633362 best=N best_epoch=0 head_l2=0.136252 elapsed_sec=1.98
CHECKPOINT_LATEST repeat=2 scope=internal_cv fold=9 phase=high_order_residual epoch=140 path=/data/adodas/VarCoNet-V2-main/xiaolunwen/experiment3/checkpoints/worker_r2_latest.pt
[HIGH_ORDER_RESIDUAL] repeat=2 fold=9 epoch=140/149 train_bce=0.355233 val_bce=0.633355 best=N best_epoch=0 head_l2=0.145931 elapsed_sec=2.59
RESIDUAL_DONE repeat=2 scope=internal_cv fold=9 selected_encoder_epoch=30 selected_classifier_epoch=19 selected_residual_epoch=0 val_bce=0.632092
TASK_TRAINING_DONE repeat=2 scope=internal_cv fold=9 base_epoch=30 dyn_epoch=30 base_val_bce=0.632092 high_order_val_bce=0.632092
TASK_DONE repeat=2 scope=internal_fold fold=9 method=baseline selected_encoder_epoch=30 test_auc=0.649196 test_bce=0.652494 elapsed_min=3.9
TASK_DONE repeat=2 scope=internal_fold fold=9 method=consensus_highorder_residual selected_encoder_epoch=30 test_auc=0.649196 test_bce=0.652494 elapsed_min=3.9
TASK_START repeat=2 scope=caltech_external fold=external seed=200002 device=cuda:0 shared_encoder=Y
CHECKPOINT_BEST repeat=2 scope=caltech_external fold=external phase=ssl epoch=1 path=/data/adodas/VarCoNet-V2-main/xiaolunwen/experiment3/checkpoints/worker_r2_best.pt
[repeat=2 fold=external] [epoch=1/50] ssl_loss=0.133309 lr=0.00002411 base_val_bce=0.615912 base_best=Y base_cls_epoch=18 epoch_sec=6.1 task_elapsed_min=0.1 gpu_alloc_gb=0.296 gpu_reserved_gb=1.539
[ssl_epoch=1/50] ssl_loss=0.133309 lr=0.00002411 base_val_bce=0.615912 base_best=Y base_cls_epoch=18 epoch_sec=6.2 elapsed_min=0.1 gpu_alloc_gb=0.296 gpu_reserved_gb=1.539
[repeat=2 fold=external] [epoch=2/50] ssl_loss=0.100265 lr=0.00003821 base_val_bce=0.642807 base_best=N base_cls_epoch=17 epoch_sec=3.8 task_elapsed_min=0.2 gpu_alloc_gb=0.296 gpu_reserved_gb=1.539
[ssl_epoch=2/50] ssl_loss=0.100265 lr=0.00003821 base_val_bce=0.642807 base_best=N base_cls_epoch=17 epoch_sec=4.0 elapsed_min=0.2 gpu_alloc_gb=0.296 gpu_reserved_gb=1.539
[repeat=2 fold=external] [epoch=3/50] ssl_loss=0.080344 lr=0.00005232 base_val_bce=0.629755 base_best=N base_cls_epoch=14 epoch_sec=3.9 task_elapsed_min=0.3 gpu_alloc_gb=0.296 gpu_reserved_gb=1.539
[ssl_epoch=3/50] ssl_loss=0.080344 lr=0.00005232 base_val_bce=0.629755 base_best=N base_cls_epoch=14 epoch_sec=4.6 elapsed_min=0.3 gpu_alloc_gb=0.296 gpu_reserved_gb=1.539
[repeat=2 fold=external] [epoch=4/50] ssl_loss=0.086716 lr=0.00006643 base_val_bce=0.628796 base_best=N base_cls_epoch=15 epoch_sec=4.0 task_elapsed_min=0.3 gpu_alloc_gb=0.296 gpu_reserved_gb=1.539
[ssl_epoch=4/50] ssl_loss=0.086716 lr=0.00006643 base_val_bce=0.628796 base_best=N base_cls_epoch=15 epoch_sec=4.4 elapsed_min=0.3 gpu_alloc_gb=0.296 gpu_reserved_gb=1.539
[repeat=2 fold=external] [epoch=5/50] ssl_loss=0.077857 lr=0.00008053 base_val_bce=0.615995 base_best=N base_cls_epoch=18 epoch_sec=3.8 task_elapsed_min=0.4 gpu_alloc_gb=0.296 gpu_reserved_gb=1.539
[ssl_epoch=5/50] ssl_loss=0.077857 lr=0.00008053 base_val_bce=0.615995 base_best=N base_cls_epoch=18 epoch_sec=3.9 elapsed_min=0.4 gpu_alloc_gb=0.296 gpu_reserved_gb=1.539
[repeat=2 fold=external] [epoch=6/50] ssl_loss=0.076683 lr=0.00009464 base_val_bce=0.635382 base_best=N base_cls_epoch=20 epoch_sec=3.6 task_elapsed_min=0.5 gpu_alloc_gb=0.296 gpu_reserved_gb=1.539
[ssl_epoch=6/50] ssl_loss=0.076683 lr=0.00009464 base_val_bce=0.635382 base_best=N base_cls_epoch=20 epoch_sec=3.7 elapsed_min=0.5 gpu_alloc_gb=0.296 gpu_reserved_gb=1.539
[repeat=2 fold=external] [epoch=7/50] ssl_loss=0.070719 lr=0.00010875 base_val_bce=0.628202 base_best=N base_cls_epoch=14 epoch_sec=4.0 task_elapsed_min=0.5 gpu_alloc_gb=0.296 gpu_reserved_gb=1.539
[ssl_epoch=7/50] ssl_loss=0.070719 lr=0.00010875 base_val_bce=0.628202 base_best=N base_cls_epoch=14 epoch_sec=4.0 elapsed_min=0.5 gpu_alloc_gb=0.296 gpu_reserved_gb=1.539
[repeat=2 fold=external] [epoch=8/50] ssl_loss=0.063357 lr=0.00012285 base_val_bce=0.638911 base_best=N base_cls_epoch=16 epoch_sec=4.5 task_elapsed_min=0.6 gpu_alloc_gb=0.296 gpu_reserved_gb=1.539
[ssl_epoch=8/50] ssl_loss=0.063357 lr=0.00012285 base_val_bce=0.638911 base_best=N base_cls_epoch=16 epoch_sec=4.6 elapsed_min=0.6 gpu_alloc_gb=0.296 gpu_reserved_gb=1.539
[repeat=2 fold=external] [epoch=9/50] ssl_loss=0.054596 lr=0.00013696 base_val_bce=0.631604 base_best=N base_cls_epoch=21 epoch_sec=4.1 task_elapsed_min=0.7 gpu_alloc_gb=0.296 gpu_reserved_gb=1.539
[ssl_epoch=9/50] ssl_loss=0.054596 lr=0.00013696 base_val_bce=0.631604 base_best=N base_cls_epoch=21 epoch_sec=4.1 elapsed_min=0.7 gpu_alloc_gb=0.296 gpu_reserved_gb=1.539
CHECKPOINT_LATEST repeat=2 scope=caltech_external fold=external phase=ssl epoch=10 path=/data/adodas/VarCoNet-V2-main/xiaolunwen/experiment3/checkpoints/worker_r2_latest.pt
[repeat=2 fold=external] [epoch=10/50] ssl_loss=0.065069 lr=0.00013696 base_val_bce=0.634819 base_best=N base_cls_epoch=29 epoch_sec=8.7 task_elapsed_min=0.7 gpu_alloc_gb=0.296 gpu_reserved_gb=1.539
[ssl_epoch=10/50] ssl_loss=0.065069 lr=0.00013696 base_val_bce=0.634819 base_best=N base_cls_epoch=29 epoch_sec=8.8 elapsed_min=0.7 gpu_alloc_gb=0.296 gpu_reserved_gb=1.539
[repeat=2 fold=external] [epoch=11/50] ssl_loss=0.045003 lr=0.00013675 base_val_bce=0.640675 base_best=N base_cls_epoch=30 epoch_sec=3.6 task_elapsed_min=0.9 gpu_alloc_gb=0.296 gpu_reserved_gb=1.539
[ssl_epoch=11/50] ssl_loss=0.045003 lr=0.00013675 base_val_bce=0.640675 base_best=N base_cls_epoch=30 epoch_sec=3.7 elapsed_min=0.9 gpu_alloc_gb=0.296 gpu_reserved_gb=1.539
[repeat=2 fold=external] [epoch=12/50] ssl_loss=0.056971 lr=0.00013612 base_val_bce=0.631113 base_best=N base_cls_epoch=29 epoch_sec=4.9 task_elapsed_min=1.0 gpu_alloc_gb=0.296 gpu_reserved_gb=1.539
[ssl_epoch=12/50] ssl_loss=0.056971 lr=0.00013612 base_val_bce=0.631113 base_best=N base_cls_epoch=29 epoch_sec=6.2 elapsed_min=1.0 gpu_alloc_gb=0.296 gpu_reserved_gb=1.539
[repeat=2 fold=external] [epoch=13/50] ssl_loss=0.049118 lr=0.00013507 base_val_bce=0.635290 base_best=N base_cls_epoch=26 epoch_sec=3.8 task_elapsed_min=1.1 gpu_alloc_gb=0.296 gpu_reserved_gb=1.539
[ssl_epoch=13/50] ssl_loss=0.049118 lr=0.00013507 base_val_bce=0.635290 base_best=N base_cls_epoch=26 epoch_sec=3.8 elapsed_min=1.1 gpu_alloc_gb=0.296 gpu_reserved_gb=1.539
[repeat=2 fold=external] [epoch=14/50] ssl_loss=0.047126 lr=0.00013361 base_val_bce=0.636969 base_best=N base_cls_epoch=30 epoch_sec=4.1 task_elapsed_min=1.1 gpu_alloc_gb=0.296 gpu_reserved_gb=1.539
[ssl_epoch=14/50] ssl_loss=0.047126 lr=0.00013361 base_val_bce=0.636969 base_best=N base_cls_epoch=30 epoch_sec=4.2 elapsed_min=1.1 gpu_alloc_gb=0.296 gpu_reserved_gb=1.539
CHECKPOINT_BEST repeat=2 scope=caltech_external fold=external phase=ssl epoch=15 path=/data/adodas/VarCoNet-V2-main/xiaolunwen/experiment3/checkpoints/worker_r2_best.pt
[repeat=2 fold=external] [epoch=15/50] ssl_loss=0.060776 lr=0.00013175 base_val_bce=0.615833 base_best=Y base_cls_epoch=27 epoch_sec=9.5 task_elapsed_min=1.2 gpu_alloc_gb=0.296 gpu_reserved_gb=1.539
[ssl_epoch=15/50] ssl_loss=0.060776 lr=0.00013175 base_val_bce=0.615833 base_best=Y base_cls_epoch=27 epoch_sec=9.6 elapsed_min=1.2 gpu_alloc_gb=0.296 gpu_reserved_gb=1.539
[repeat=2 fold=external] [epoch=16/50] ssl_loss=0.047218 lr=0.00012950 base_val_bce=0.628627 base_best=N base_cls_epoch=33 epoch_sec=3.2 task_elapsed_min=1.3 gpu_alloc_gb=0.296 gpu_reserved_gb=1.539
[ssl_epoch=16/50] ssl_loss=0.047218 lr=0.00012950 base_val_bce=0.628627 base_best=N base_cls_epoch=33 epoch_sec=3.2 elapsed_min=1.3 gpu_alloc_gb=0.296 gpu_reserved_gb=1.539
[repeat=2 fold=external] [epoch=17/50] ssl_loss=0.053303 lr=0.00012687 base_val_bce=0.636909 base_best=N base_cls_epoch=29 epoch_sec=2.8 task_elapsed_min=1.4 gpu_alloc_gb=0.296 gpu_reserved_gb=1.539
[ssl_epoch=17/50] ssl_loss=0.053303 lr=0.00012687 base_val_bce=0.636909 base_best=N base_cls_epoch=29 epoch_sec=2.9 elapsed_min=1.4 gpu_alloc_gb=0.296 gpu_reserved_gb=1.539
[repeat=2 fold=external] [epoch=18/50] ssl_loss=0.046177 lr=0.00012388 base_val_bce=0.629047 base_best=N base_cls_epoch=28 epoch_sec=3.9 task_elapsed_min=1.5 gpu_alloc_gb=0.296 gpu_reserved_gb=1.539
[ssl_epoch=18/50] ssl_loss=0.046177 lr=0.00012388 base_val_bce=0.629047 base_best=N base_cls_epoch=28 epoch_sec=4.0 elapsed_min=1.5 gpu_alloc_gb=0.296 gpu_reserved_gb=1.539
[repeat=2 fold=external] [epoch=19/50] ssl_loss=0.046244 lr=0.00012055 base_val_bce=0.626256 base_best=N base_cls_epoch=34 epoch_sec=4.4 task_elapsed_min=1.5 gpu_alloc_gb=0.296 gpu_reserved_gb=1.539
[ssl_epoch=19/50] ssl_loss=0.046244 lr=0.00012055 base_val_bce=0.626256 base_best=N base_cls_epoch=34 epoch_sec=4.6 elapsed_min=1.5 gpu_alloc_gb=0.296 gpu_reserved_gb=1.539
CHECKPOINT_LATEST repeat=2 scope=caltech_external fold=external phase=ssl epoch=20 path=/data/adodas/VarCoNet-V2-main/xiaolunwen/experiment3/checkpoints/worker_r2_latest.pt
[repeat=2 fold=external] [epoch=20/50] ssl_loss=0.039116 lr=0.00011690 base_val_bce=0.634257 base_best=N base_cls_epoch=40 epoch_sec=8.0 task_elapsed_min=1.6 gpu_alloc_gb=0.296 gpu_reserved_gb=1.539
[ssl_epoch=20/50] ssl_loss=0.039116 lr=0.00011690 base_val_bce=0.634257 base_best=N base_cls_epoch=40 epoch_sec=8.1 elapsed_min=1.6 gpu_alloc_gb=0.296 gpu_reserved_gb=1.539
[repeat=2 fold=external] [epoch=21/50] ssl_loss=0.054033 lr=0.00011296 base_val_bce=0.636480 base_best=N base_cls_epoch=34 epoch_sec=3.8 task_elapsed_min=1.7 gpu_alloc_gb=0.296 gpu_reserved_gb=1.539
[ssl_epoch=21/50] ssl_loss=0.054033 lr=0.00011296 base_val_bce=0.636480 base_best=N base_cls_epoch=34 epoch_sec=4.1 elapsed_min=1.7 gpu_alloc_gb=0.296 gpu_reserved_gb=1.539
[repeat=2 fold=external] [epoch=22/50] ssl_loss=0.049727 lr=0.00010873 base_val_bce=0.642194 base_best=N base_cls_epoch=38 epoch_sec=4.6 task_elapsed_min=1.8 gpu_alloc_gb=0.296 gpu_reserved_gb=1.539
[ssl_epoch=22/50] ssl_loss=0.049727 lr=0.00010873 base_val_bce=0.642194 base_best=N base_cls_epoch=38 epoch_sec=4.8 elapsed_min=1.8 gpu_alloc_gb=0.296 gpu_reserved_gb=1.539
[repeat=2 fold=external] [epoch=23/50] ssl_loss=0.035299 lr=0.00010426 base_val_bce=0.639057 base_best=N base_cls_epoch=39 epoch_sec=4.7 task_elapsed_min=1.9 gpu_alloc_gb=0.296 gpu_reserved_gb=1.539
[ssl_epoch=23/50] ssl_loss=0.035299 lr=0.00010426 base_val_bce=0.639057 base_best=N base_cls_epoch=39 epoch_sec=4.9 elapsed_min=1.9 gpu_alloc_gb=0.296 gpu_reserved_gb=1.539
CHECKPOINT_BEST repeat=2 scope=caltech_external fold=external phase=ssl epoch=24 path=/data/adodas/VarCoNet-V2-main/xiaolunwen/experiment3/checkpoints/worker_r2_best.pt
[repeat=2 fold=external] [epoch=24/50] ssl_loss=0.042833 lr=0.00009957 base_val_bce=0.614489 base_best=Y base_cls_epoch=41 epoch_sec=7.6 task_elapsed_min=2.0 gpu_alloc_gb=0.296 gpu_reserved_gb=1.539
[ssl_epoch=24/50] ssl_loss=0.042833 lr=0.00009957 base_val_bce=0.614489 base_best=Y base_cls_epoch=41 epoch_sec=7.6 elapsed_min=2.0 gpu_alloc_gb=0.296 gpu_reserved_gb=1.539
[repeat=2 fold=external] [epoch=25/50] ssl_loss=0.043884 lr=0.00009469 base_val_bce=0.629877 base_best=N base_cls_epoch=39 epoch_sec=3.4 task_elapsed_min=2.1 gpu_alloc_gb=0.296 gpu_reserved_gb=1.539
[ssl_epoch=25/50] ssl_loss=0.043884 lr=0.00009469 base_val_bce=0.629877 base_best=N base_cls_epoch=39 epoch_sec=3.6 elapsed_min=2.1 gpu_alloc_gb=0.296 gpu_reserved_gb=1.539
[repeat=2 fold=external] [epoch=26/50] ssl_loss=0.048556 lr=0.00008964 base_val_bce=0.625721 base_best=N base_cls_epoch=37 epoch_sec=4.5 task_elapsed_min=2.2 gpu_alloc_gb=0.296 gpu_reserved_gb=1.539
[ssl_epoch=26/50] ssl_loss=0.048556 lr=0.00008964 base_val_bce=0.625721 base_best=N base_cls_epoch=37 epoch_sec=4.6 elapsed_min=2.2 gpu_alloc_gb=0.296 gpu_reserved_gb=1.539
[repeat=2 fold=external] [epoch=27/50] ssl_loss=0.050192 lr=0.00008447 base_val_bce=0.637174 base_best=N base_cls_epoch=36 epoch_sec=4.1 task_elapsed_min=2.2 gpu_alloc_gb=0.296 gpu_reserved_gb=1.539
[ssl_epoch=27/50] ssl_loss=0.050192 lr=0.00008447 base_val_bce=0.637174 base_best=N base_cls_epoch=36 epoch_sec=4.1 elapsed_min=2.2 gpu_alloc_gb=0.296 gpu_reserved_gb=1.539
[repeat=2 fold=external] [epoch=28/50] ssl_loss=0.041068 lr=0.00007919 base_val_bce=0.624130 base_best=N base_cls_epoch=37 epoch_sec=3.9 task_elapsed_min=2.3 gpu_alloc_gb=0.296 gpu_reserved_gb=1.539
[ssl_epoch=28/50] ssl_loss=0.041068 lr=0.00007919 base_val_bce=0.624130 base_best=N base_cls_epoch=37 epoch_sec=3.9 elapsed_min=2.3 gpu_alloc_gb=0.296 gpu_reserved_gb=1.539
[repeat=2 fold=external] [epoch=29/50] ssl_loss=0.054254 lr=0.00007385 base_val_bce=0.627175 base_best=N base_cls_epoch=42 epoch_sec=3.9 task_elapsed_min=2.4 gpu_alloc_gb=0.296 gpu_reserved_gb=1.539
[ssl_epoch=29/50] ssl_loss=0.054254 lr=0.00007385 base_val_bce=0.627175 base_best=N base_cls_epoch=42 epoch_sec=4.7 elapsed_min=2.4 gpu_alloc_gb=0.296 gpu_reserved_gb=1.539
CHECKPOINT_LATEST repeat=2 scope=caltech_external fold=external phase=ssl epoch=30 path=/data/adodas/VarCoNet-V2-main/xiaolunwen/experiment3/checkpoints/worker_r2_latest.pt
[repeat=2 fold=external] [epoch=30/50] ssl_loss=0.044627 lr=0.00006848 base_val_bce=0.616490 base_best=N base_cls_epoch=36 epoch_sec=9.7 task_elapsed_min=2.5 gpu_alloc_gb=0.296 gpu_reserved_gb=1.539
[ssl_epoch=30/50] ssl_loss=0.044627 lr=0.00006848 base_val_bce=0.616490 base_best=N base_cls_epoch=36 epoch_sec=9.7 elapsed_min=2.5 gpu_alloc_gb=0.296 gpu_reserved_gb=1.539
[repeat=2 fold=external] [epoch=31/50] ssl_loss=0.039434 lr=0.00006311 base_val_bce=0.630614 base_best=N base_cls_epoch=40 epoch_sec=3.4 task_elapsed_min=2.6 gpu_alloc_gb=0.296 gpu_reserved_gb=1.539
[ssl_epoch=31/50] ssl_loss=0.039434 lr=0.00006311 base_val_bce=0.630614 base_best=N base_cls_epoch=40 epoch_sec=3.4 elapsed_min=2.6 gpu_alloc_gb=0.296 gpu_reserved_gb=1.539
[repeat=2 fold=external] [epoch=32/50] ssl_loss=0.049766 lr=0.00005777 base_val_bce=0.618218 base_best=N base_cls_epoch=41 epoch_sec=2.9 task_elapsed_min=2.7 gpu_alloc_gb=0.296 gpu_reserved_gb=1.539
[ssl_epoch=32/50] ssl_loss=0.049766 lr=0.00005777 base_val_bce=0.618218 base_best=N base_cls_epoch=41 epoch_sec=3.0 elapsed_min=2.7 gpu_alloc_gb=0.296 gpu_reserved_gb=1.539
[repeat=2 fold=external] [epoch=33/50] ssl_loss=0.039196 lr=0.00005249 base_val_bce=0.617671 base_best=N base_cls_epoch=43 epoch_sec=2.9 task_elapsed_min=2.7 gpu_alloc_gb=0.296 gpu_reserved_gb=1.539
[ssl_epoch=33/50] ssl_loss=0.039196 lr=0.00005249 base_val_bce=0.617671 base_best=N base_cls_epoch=43 epoch_sec=3.1 elapsed_min=2.7 gpu_alloc_gb=0.296 gpu_reserved_gb=1.539
[repeat=2 fold=external] [epoch=34/50] ssl_loss=0.039568 lr=0.00004732 base_val_bce=0.627923 base_best=N base_cls_epoch=38 epoch_sec=2.1 task_elapsed_min=2.7 gpu_alloc_gb=0.296 gpu_reserved_gb=1.539
[ssl_epoch=34/50] ssl_loss=0.039568 lr=0.00004732 base_val_bce=0.627923 base_best=N base_cls_epoch=38 epoch_sec=2.3 elapsed_min=2.7 gpu_alloc_gb=0.296 gpu_reserved_gb=1.539
[repeat=2 fold=external] [epoch=35/50] ssl_loss=0.043042 lr=0.00004227 base_val_bce=0.619417 base_best=N base_cls_epoch=41 epoch_sec=2.0 task_elapsed_min=2.8 gpu_alloc_gb=0.296 gpu_reserved_gb=1.539
[ssl_epoch=35/50] ssl_loss=0.043042 lr=0.00004227 base_val_bce=0.619417 base_best=N base_cls_epoch=41 epoch_sec=2.2 elapsed_min=2.8 gpu_alloc_gb=0.296 gpu_reserved_gb=1.539
[repeat=2 fold=external] [epoch=36/50] ssl_loss=0.043895 lr=0.00003739 base_val_bce=0.631099 base_best=N base_cls_epoch=41 epoch_sec=2.6 task_elapsed_min=2.8 gpu_alloc_gb=0.296 gpu_reserved_gb=1.539
[ssl_epoch=36/50] ssl_loss=0.043895 lr=0.00003739 base_val_bce=0.631099 base_best=N base_cls_epoch=41 epoch_sec=2.7 elapsed_min=2.8 gpu_alloc_gb=0.296 gpu_reserved_gb=1.539
[repeat=2 fold=external] [epoch=37/50] ssl_loss=0.038716 lr=0.00003270 base_val_bce=0.640919 base_best=N base_cls_epoch=39 epoch_sec=3.3 task_elapsed_min=2.9 gpu_alloc_gb=0.296 gpu_reserved_gb=1.539
[ssl_epoch=37/50] ssl_loss=0.038716 lr=0.00003270 base_val_bce=0.640919 base_best=N base_cls_epoch=39 epoch_sec=3.4 elapsed_min=2.9 gpu_alloc_gb=0.296 gpu_reserved_gb=1.539
[repeat=2 fold=external] [epoch=38/50] ssl_loss=0.051409 lr=0.00002823 base_val_bce=0.615315 base_best=N base_cls_epoch=39 epoch_sec=3.5 task_elapsed_min=2.9 gpu_alloc_gb=0.296 gpu_reserved_gb=1.539
[ssl_epoch=38/50] ssl_loss=0.051409 lr=0.00002823 base_val_bce=0.615315 base_best=N base_cls_epoch=39 epoch_sec=3.6 elapsed_min=2.9 gpu_alloc_gb=0.296 gpu_reserved_gb=1.539
[repeat=2 fold=external] [epoch=39/50] ssl_loss=0.042652 lr=0.00002401 base_val_bce=0.624877 base_best=N base_cls_epoch=38 epoch_sec=3.3 task_elapsed_min=3.0 gpu_alloc_gb=0.296 gpu_reserved_gb=1.539
[ssl_epoch=39/50] ssl_loss=0.042652 lr=0.00002401 base_val_bce=0.624877 base_best=N base_cls_epoch=38 epoch_sec=3.3 elapsed_min=3.0 gpu_alloc_gb=0.296 gpu_reserved_gb=1.539
CHECKPOINT_LATEST repeat=2 scope=caltech_external fold=external phase=ssl epoch=40 path=/data/adodas/VarCoNet-V2-main/xiaolunwen/experiment3/checkpoints/worker_r2_latest.pt
[repeat=2 fold=external] [epoch=40/50] ssl_loss=0.046514 lr=0.00002006 base_val_bce=0.622599 base_best=N base_cls_epoch=41 epoch_sec=6.0 task_elapsed_min=3.1 gpu_alloc_gb=0.296 gpu_reserved_gb=1.539
[ssl_epoch=40/50] ssl_loss=0.046514 lr=0.00002006 base_val_bce=0.622599 base_best=N base_cls_epoch=41 epoch_sec=6.0 elapsed_min=3.1 gpu_alloc_gb=0.296 gpu_reserved_gb=1.539
[repeat=2 fold=external] [epoch=41/50] ssl_loss=0.033426 lr=0.00001641 base_val_bce=0.630297 base_best=N base_cls_epoch=38 epoch_sec=3.0 task_elapsed_min=3.2 gpu_alloc_gb=0.296 gpu_reserved_gb=1.539
[ssl_epoch=41/50] ssl_loss=0.033426 lr=0.00001641 base_val_bce=0.630297 base_best=N base_cls_epoch=38 epoch_sec=3.2 elapsed_min=3.2 gpu_alloc_gb=0.296 gpu_reserved_gb=1.539
[repeat=2 fold=external] [epoch=42/50] ssl_loss=0.038759 lr=0.00001308 base_val_bce=0.626857 base_best=N base_cls_epoch=40 epoch_sec=3.5 task_elapsed_min=3.2 gpu_alloc_gb=0.296 gpu_reserved_gb=1.539
[ssl_epoch=42/50] ssl_loss=0.038759 lr=0.00001308 base_val_bce=0.626857 base_best=N base_cls_epoch=40 epoch_sec=3.6 elapsed_min=3.2 gpu_alloc_gb=0.296 gpu_reserved_gb=1.539
[repeat=2 fold=external] [epoch=43/50] ssl_loss=0.042208 lr=0.00001009 base_val_bce=0.623945 base_best=N base_cls_epoch=36 epoch_sec=3.2 task_elapsed_min=3.3 gpu_alloc_gb=0.296 gpu_reserved_gb=1.539
[ssl_epoch=43/50] ssl_loss=0.042208 lr=0.00001009 base_val_bce=0.623945 base_best=N base_cls_epoch=36 epoch_sec=3.5 elapsed_min=3.3 gpu_alloc_gb=0.296 gpu_reserved_gb=1.539
[repeat=2 fold=external] [epoch=44/50] ssl_loss=0.035957 lr=0.00000746 base_val_bce=0.617154 base_best=N base_cls_epoch=44 epoch_sec=3.2 task_elapsed_min=3.3 gpu_alloc_gb=0.296 gpu_reserved_gb=1.539
[ssl_epoch=44/50] ssl_loss=0.035957 lr=0.00000746 base_val_bce=0.617154 base_best=N base_cls_epoch=44 epoch_sec=3.4 elapsed_min=3.3 gpu_alloc_gb=0.296 gpu_reserved_gb=1.539
[repeat=2 fold=external] [epoch=45/50] ssl_loss=0.035277 lr=0.00000521 base_val_bce=0.626518 base_best=N base_cls_epoch=44 epoch_sec=2.8 task_elapsed_min=3.4 gpu_alloc_gb=0.296 gpu_reserved_gb=1.539
[ssl_epoch=45/50] ssl_loss=0.035277 lr=0.00000521 base_val_bce=0.626518 base_best=N base_cls_epoch=44 epoch_sec=2.9 elapsed_min=3.4 gpu_alloc_gb=0.296 gpu_reserved_gb=1.539
[repeat=2 fold=external] [epoch=46/50] ssl_loss=0.036792 lr=0.00000335 base_val_bce=0.617013 base_best=N base_cls_epoch=40 epoch_sec=3.2 task_elapsed_min=3.4 gpu_alloc_gb=0.296 gpu_reserved_gb=1.539
[ssl_epoch=46/50] ssl_loss=0.036792 lr=0.00000335 base_val_bce=0.617013 base_best=N base_cls_epoch=40 epoch_sec=3.2 elapsed_min=3.4 gpu_alloc_gb=0.296 gpu_reserved_gb=1.539
[repeat=2 fold=external] [epoch=47/50] ssl_loss=0.038131 lr=0.00000189 base_val_bce=0.622935 base_best=N base_cls_epoch=41 epoch_sec=2.5 task_elapsed_min=3.5 gpu_alloc_gb=0.296 gpu_reserved_gb=1.539
[ssl_epoch=47/50] ssl_loss=0.038131 lr=0.00000189 base_val_bce=0.622935 base_best=N base_cls_epoch=41 epoch_sec=2.5 elapsed_min=3.5 gpu_alloc_gb=0.296 gpu_reserved_gb=1.539
[repeat=2 fold=external] [epoch=48/50] ssl_loss=0.036821 lr=0.00000084 base_val_bce=0.622549 base_best=N base_cls_epoch=38 epoch_sec=3.3 task_elapsed_min=3.5 gpu_alloc_gb=0.296 gpu_reserved_gb=1.539
[ssl_epoch=48/50] ssl_loss=0.036821 lr=0.00000084 base_val_bce=0.622549 base_best=N base_cls_epoch=38 epoch_sec=3.5 elapsed_min=3.5 gpu_alloc_gb=0.296 gpu_reserved_gb=1.539
[repeat=2 fold=external] [epoch=49/50] ssl_loss=0.033784 lr=0.00000021 base_val_bce=0.634483 base_best=N base_cls_epoch=43 epoch_sec=2.9 task_elapsed_min=3.6 gpu_alloc_gb=0.296 gpu_reserved_gb=1.539
[ssl_epoch=49/50] ssl_loss=0.033784 lr=0.00000021 base_val_bce=0.634483 base_best=N base_cls_epoch=43 epoch_sec=3.1 elapsed_min=3.6 gpu_alloc_gb=0.296 gpu_reserved_gb=1.539
CHECKPOINT_LATEST repeat=2 scope=caltech_external fold=external phase=ssl epoch=50 path=/data/adodas/VarCoNet-V2-main/xiaolunwen/experiment3/checkpoints/worker_r2_latest.pt
[repeat=2 fold=external] [epoch=50/50] ssl_loss=0.036681 lr=0.00000000 base_val_bce=0.622880 base_best=N base_cls_epoch=41 epoch_sec=4.3 task_elapsed_min=3.6 gpu_alloc_gb=0.296 gpu_reserved_gb=1.539
[ssl_epoch=50/50] ssl_loss=0.036681 lr=0.00000000 base_val_bce=0.622880 base_best=N base_cls_epoch=41 epoch_sec=4.4 elapsed_min=3.6 gpu_alloc_gb=0.296 gpu_reserved_gb=1.539
[MODULE_DISCOVERY] repeat=2 fold=external n_unique_subjects=793 n_modules=32 module_size_min=3 module_size_mean=12.000 module_size_max=27 singleton_modules=0 meta_dim=528 empty_meta_bins=0 affinity_mean=0.16772490 affinity_std=0.04374115 affinity_max=0.85459232 elapsed_sec=0.16
[HIGH_ORDER_RESIDUAL] repeat=2 fold=external epoch=0 train_bce=NA val_bce=0.614489 best=Y best_epoch=0 head_l2=0.000000 elapsed_sec=220.95
CHECKPOINT_BEST repeat=2 scope=caltech_external fold=external phase=high_order_residual epoch=0 path=/data/adodas/VarCoNet-V2-main/xiaolunwen/experiment3/checkpoints/worker_r2_best.pt
CHECKPOINT_LATEST repeat=2 scope=caltech_external fold=external phase=high_order_residual epoch=10 path=/data/adodas/VarCoNet-V2-main/xiaolunwen/experiment3/checkpoints/worker_r2_latest.pt
[HIGH_ORDER_RESIDUAL] repeat=2 fold=external epoch=10/149 train_bce=0.241490 val_bce=0.615331 best=N best_epoch=0 head_l2=0.011408 elapsed_sec=1.68
CHECKPOINT_LATEST repeat=2 scope=caltech_external fold=external phase=high_order_residual epoch=20 path=/data/adodas/VarCoNet-V2-main/xiaolunwen/experiment3/checkpoints/worker_r2_latest.pt
[HIGH_ORDER_RESIDUAL] repeat=2 fold=external epoch=20/149 train_bce=0.240194 val_bce=0.616362 best=N best_epoch=0 head_l2=0.022629 elapsed_sec=1.82
CHECKPOINT_LATEST repeat=2 scope=caltech_external fold=external phase=high_order_residual epoch=30 path=/data/adodas/VarCoNet-V2-main/xiaolunwen/experiment3/checkpoints/worker_r2_latest.pt
[HIGH_ORDER_RESIDUAL] repeat=2 fold=external epoch=30/149 train_bce=0.238941 val_bce=0.617483 best=N best_epoch=0 head_l2=0.033667 elapsed_sec=2.21
CHECKPOINT_LATEST repeat=2 scope=caltech_external fold=external phase=high_order_residual epoch=40 path=/data/adodas/VarCoNet-V2-main/xiaolunwen/experiment3/checkpoints/worker_r2_latest.pt
[HIGH_ORDER_RESIDUAL] repeat=2 fold=external epoch=40/149 train_bce=0.237730 val_bce=0.618614 best=N best_epoch=0 head_l2=0.044510 elapsed_sec=2.88
CHECKPOINT_LATEST repeat=2 scope=caltech_external fold=external phase=high_order_residual epoch=50 path=/data/adodas/VarCoNet-V2-main/xiaolunwen/experiment3/checkpoints/worker_r2_latest.pt
[HIGH_ORDER_RESIDUAL] repeat=2 fold=external epoch=50/149 train_bce=0.236555 val_bce=0.619738 best=N best_epoch=0 head_l2=0.055171 elapsed_sec=1.32
CHECKPOINT_LATEST repeat=2 scope=caltech_external fold=external phase=high_order_residual epoch=60 path=/data/adodas/VarCoNet-V2-main/xiaolunwen/experiment3/checkpoints/worker_r2_latest.pt
[HIGH_ORDER_RESIDUAL] repeat=2 fold=external epoch=60/149 train_bce=0.235415 val_bce=0.620849 best=N best_epoch=0 head_l2=0.065668 elapsed_sec=1.02
CHECKPOINT_LATEST repeat=2 scope=caltech_external fold=external phase=high_order_residual epoch=70 path=/data/adodas/VarCoNet-V2-main/xiaolunwen/experiment3/checkpoints/worker_r2_latest.pt
[HIGH_ORDER_RESIDUAL] repeat=2 fold=external epoch=70/149 train_bce=0.234306 val_bce=0.621941 best=N best_epoch=0 head_l2=0.076014 elapsed_sec=2.22
CHECKPOINT_LATEST repeat=2 scope=caltech_external fold=external phase=high_order_residual epoch=80 path=/data/adodas/VarCoNet-V2-main/xiaolunwen/experiment3/checkpoints/worker_r2_latest.pt
[HIGH_ORDER_RESIDUAL] repeat=2 fold=external epoch=80/149 train_bce=0.233226 val_bce=0.623005 best=N best_epoch=0 head_l2=0.086213 elapsed_sec=2.80
CHECKPOINT_LATEST repeat=2 scope=caltech_external fold=external phase=high_order_residual epoch=90 path=/data/adodas/VarCoNet-V2-main/xiaolunwen/experiment3/checkpoints/worker_r2_latest.pt
[HIGH_ORDER_RESIDUAL] repeat=2 fold=external epoch=90/149 train_bce=0.232173 val_bce=0.624036 best=N best_epoch=0 head_l2=0.096272 elapsed_sec=3.14
CHECKPOINT_LATEST repeat=2 scope=caltech_external fold=external phase=high_order_residual epoch=100 path=/data/adodas/VarCoNet-V2-main/xiaolunwen/experiment3/checkpoints/worker_r2_latest.pt
[HIGH_ORDER_RESIDUAL] repeat=2 fold=external epoch=100/149 train_bce=0.231145 val_bce=0.625033 best=N best_epoch=0 head_l2=0.106200 elapsed_sec=2.76
CHECKPOINT_LATEST repeat=2 scope=caltech_external fold=external phase=high_order_residual epoch=110 path=/data/adodas/VarCoNet-V2-main/xiaolunwen/experiment3/checkpoints/worker_r2_latest.pt
[HIGH_ORDER_RESIDUAL] repeat=2 fold=external epoch=110/149 train_bce=0.230140 val_bce=0.626000 best=N best_epoch=0 head_l2=0.116008 elapsed_sec=2.05
CHECKPOINT_LATEST repeat=2 scope=caltech_external fold=external phase=high_order_residual epoch=120 path=/data/adodas/VarCoNet-V2-main/xiaolunwen/experiment3/checkpoints/worker_r2_latest.pt
[HIGH_ORDER_RESIDUAL] repeat=2 fold=external epoch=120/149 train_bce=0.229156 val_bce=0.626939 best=N best_epoch=0 head_l2=0.125708 elapsed_sec=3.57
CHECKPOINT_LATEST repeat=2 scope=caltech_external fold=external phase=high_order_residual epoch=130 path=/data/adodas/VarCoNet-V2-main/xiaolunwen/experiment3/checkpoints/worker_r2_latest.pt
[HIGH_ORDER_RESIDUAL] repeat=2 fold=external epoch=130/149 train_bce=0.228194 val_bce=0.627856 best=N best_epoch=0 head_l2=0.135312 elapsed_sec=2.87
CHECKPOINT_LATEST repeat=2 scope=caltech_external fold=external phase=high_order_residual epoch=140 path=/data/adodas/VarCoNet-V2-main/xiaolunwen/experiment3/checkpoints/worker_r2_latest.pt
[HIGH_ORDER_RESIDUAL] repeat=2 fold=external epoch=140/149 train_bce=0.227250 val_bce=0.628755 best=N best_epoch=0 head_l2=0.144831 elapsed_sec=3.05
RESIDUAL_DONE repeat=2 scope=caltech_external fold=external selected_encoder_epoch=24 selected_classifier_epoch=41 selected_residual_epoch=0 val_bce=0.614489
TASK_TRAINING_DONE repeat=2 scope=caltech_external fold=external base_epoch=24 dyn_epoch=24 base_val_bce=0.614489 high_order_val_bce=0.614489
TASK_DONE repeat=2 scope=caltech fold=external method=baseline selected_encoder_epoch=24 test_auc=0.690058 test_bce=0.621299 elapsed_min=4.3
TASK_DONE repeat=2 scope=abide2 fold=external method=baseline selected_encoder_epoch=24 test_auc=0.728217 test_bce=0.607938 elapsed_min=4.3
TASK_DONE repeat=2 scope=caltech fold=external method=consensus_highorder_residual selected_encoder_epoch=24 test_auc=0.690058 test_bce=0.621299 elapsed_min=4.3
TASK_DONE repeat=2 scope=abide2 fold=external method=consensus_highorder_residual selected_encoder_epoch=24 test_auc=0.728217 test_bce=0.607938 elapsed_min=4.3
REPEAT_DONE repeat=2 status=PASS rows=26
